# sample_id=2907/rev_003_33ba011a exec_index=4 ok=False perf_lines=30 vm_events=30 battery_pct=85 soc_temp_millic=41400 battery_temp_c=32.0 charging=False preflight_started=2026-09-15T00:57:46.905179+00:00 started=2026-09-15T00:57:49.873869+00:00 ts=2026-09-15T01:00:33.936963+00:00
[spm]: Running flutter analyze...
Resolving dependencies...
Downloading packages...
  _fe_analyzer_shared 100.0.0 (108.0.0 available)
  analyzer 13.0.0 (14.4.0 available)
  async 2.13.0 (2.13.1 available)
  clock 1.1.2 (1.1.3 available)
  cupertino_icons 1.0.8 (1.0.9 available)
  glob 2.1.3 (2.2.0 available)
  lints 6.0.0 (6.1.0 available)
  matcher 0.12.19 (0.12.20 available)
  material_color_utilities 0.13.0 (0.13.1 available)
  meta 1.18.0 (1.19.0 available)
  package_config 2.2.0 (3.0.0 available)
  platform 3.1.6 (3.2.0 available)
  process 5.0.5 (5.0.6 available)
  pub_semver 2.2.0 (2.2.1 available)
  source_span 1.10.1 (1.10.2 available)
  stack_trace 1.12.1 (1.12.2 available)
  test_api 0.7.11 (0.7.14 available)
  vector_math 2.2.0 (2.4.2 available)
  vm_service 15.0.2 (15.3.0 available)
  webdriver 3.1.0 (3.2.0 available)
  yaml 3.1.3 (3.1.4 available)
Got dependencies!
21 packages have newer versions incompatible with dependency constraints.
Try `flutter pub outdated` for more information.
Analyzing lib...                                                

   info • The part-of directive uses a library name. Try converting the directive to use the URI of the library • lib/dependencies.dart:46:1 • use_string_in_part_of_directives
   info • Unnecessary 'late' modifier. Try removing the 'late' • lib/dependencies.dart:56:1 • unnecessary_late
   info • Unnecessary 'late' modifier. Try removing the 'late' • lib/dependencies.dart:61:1 • unnecessary_late
   info • Unnecessary 'late' modifier. Try removing the 'late' • lib/dependencies.dart:65:1 • unnecessary_late
   info • Unnecessary 'late' modifier. Try removing the 'late' • lib/dependencies.dart:70:1 • unnecessary_late
   info • Unnecessary 'late' modifier. Try removing the 'late' • lib/dependencies.dart:124:1 • unnecessary_late
   info • Redundant initialization to 'null'. Try removing the initializer • lib/dependencies.dart:124:14 • avoid_init_to_null
   info • Unnecessary 'late' modifier. Try removing the 'late' • lib/dependencies.dart:128:1 • unnecessary_late
   info • Redundant initialization to 'null'. Try removing the initializer • lib/dependencies.dart:146:11 • avoid_init_to_null
   info • Library names are not necessary. Remove the library name • lib/generated_widget.dart:2:9 • unnecessary_library_name
   info • 'withOpacity' is deprecated and shouldn't be used. Use .withValues() to avoid precision loss. Try replacing the use of the deprecated member with the replacement • lib/generated_widget.dart:52:35 • deprecated_member_use
   info • Use a 'SizedBox' to add whitespace to a layout. Try using a 'SizedBox' rather than a 'Container' • lib/generated_widget.dart:67:14 • sized_box_for_whitespace
   info • 'withOpacity' is deprecated and shouldn't be used. Use .withValues() to avoid precision loss. Try replacing the use of the deprecated member with the replacement • lib/generated_widget.dart:113:33 • deprecated_member_use
   info • 'withOpacity' is deprecated and shouldn't be used. Use .withValues() to avoid precision loss. Try replacing the use of the deprecated member with the replacement • lib/generated_widget.dart:115:52 • deprecated_member_use
   info • 'withOpacity' is deprecated and shouldn't be used. Use .withValues() to avoid precision loss. Try replacing the use of the deprecated member with the replacement • lib/generated_widget.dart:121:35 • deprecated_member_use
   info • 'withOpacity' is deprecated and shouldn't be used. Use .withValues() to avoid precision loss. Try replacing the use of the deprecated member with the replacement • lib/generated_widget.dart:137:52 • deprecated_member_use
   info • 'withOpacity' is deprecated and shouldn't be used. Use .withValues() to avoid precision loss. Try replacing the use of the deprecated member with the replacement • lib/generated_widget.dart:162:32 • deprecated_member_use
   info • Empty catch block. Try adding statements to the block, adding a comment to the block, or removing the 'catch' clause • lib/generated_widget.dart:367:21 • empty_catches
warning • This case is covered by the previous cases. Try removing the case clause, or restructuring the preceding patterns • lib/generated_widget.dart:391:7 • unreachable_switch_case
   info • The constant name 'VIEW_TYPE_LAYOUT_ROW' isn't a lowerCamelCase identifier. Try changing the name to follow the lowerCamelCase style • lib/generated_widget.dart:411:20 • constant_identifier_names
   info • The constant name 'VIEW_TYPE_LAYOUT_COLUMN' isn't a lowerCamelCase identifier. Try changing the name to follow the lowerCamelCase style • lib/generated_widget.dart:412:20 • constant_identifier_names
   info • The constant name 'VIEW_TYPE_LAYOUT_CONTAINER' isn't a lowerCamelCase identifier. Try changing the name to follow the lowerCamelCase style • lib/generated_widget.dart:413:20 • constant_identifier_names
   info • The constant name 'VIEW_TYPE_LAYOUT_CENTER' isn't a lowerCamelCase identifier. Try changing the name to follow the lowerCamelCase style • lib/generated_widget.dart:414:20 • constant_identifier_names
   info • The constant name 'VIEW_TYPE_WIDGET_TEXT' isn't a lowerCamelCase identifier. Try changing the name to follow the lowerCamelCase style • lib/generated_widget.dart:416:20 • constant_identifier_names
   info • The constant name 'VIEW_TYPE_WIDGET_TEXTFIELD' isn't a lowerCamelCase identifier. Try changing the name to follow the lowerCamelCase style • lib/generated_widget.dart:417:20 • constant_identifier_names
   info • The constant name 'VIEW_TYPE_WIDGET_ICON' isn't a lowerCamelCase identifier. Try changing the name to follow the lowerCamelCase style • lib/generated_widget.dart:418:20 • constant_identifier_names
   info • The constant name 'VIEW_TYPE_WIDGET_ELEVATEDBUTTON' isn't a lowerCamelCase identifier. Try changing the name to follow the lowerCamelCase style • lib/generated_widget.dart:420:20 • constant_identifier_names
   info • The constant name 'VIEW_TYPE_WIDGET_ICONBUTTON' isn't a lowerCamelCase identifier. Try changing the name to follow the lowerCamelCase style • lib/generated_widget.dart:421:20 • constant_identifier_names
   info • The constant name 'VIEW_TYPE_WIDGET_CHECKBOX' isn't a lowerCamelCase identifier. Try changing the name to follow the lowerCamelCase style • lib/generated_widget.dart:422:20 • constant_identifier_names
   info • The constant name 'VIEW_TYPE_WIDGET_CARD' isn't a lowerCamelCase identifier. Try changing the name to follow the lowerCamelCase style • lib/generated_widget.dart:424:20 • constant_identifier_names
   info • The constant name 'VIEW_TYPE_WIDGET_CHIP' isn't a lowerCamelCase identifier. Try changing the name to follow the lowerCamelCase style • lib/generated_widget.dart:425:20 • constant_identifier_names
   info • The constant name 'VIEW_TYPE_WIDGET_DIVIDER' isn't a lowerCamelCase identifier. Try changing the name to follow the lowerCamelCase style • lib/generated_widget.dart:426:20 • constant_identifier_names
   info • The constant name 'VIEW_TYPE_WIDGET_APPBAR' isn't a lowerCamelCase identifier. Try changing the name to follow the lowerCamelCase style • lib/generated_widget.dart:428:20 • constant_identifier_names
   info • The constant name 'VIEW_TYPE_WIDGET_BOTTOMNAVIGATIONBAR' isn't a lowerCamelCase identifier. Try changing the name to follow the lowerCamelCase style • lib/generated_widget.dart:429:20 • constant_identifier_names
   info • The constant name 'VIEW_TYPE_WIDGET_FLOATINGACTIONBUTTON' isn't a lowerCamelCase identifier. Try changing the name to follow the lowerCamelCase style • lib/generated_widget.dart:430:20 • constant_identifier_names
   info • The constant name 'MATCH_PARENT' isn't a lowerCamelCase identifier. Try changing the name to follow the lowerCamelCase style • lib/generated_widget.dart:590:20 • constant_identifier_names
   info • The constant name 'WRAP_CONTENT' isn't a lowerCamelCase identifier. Try changing the name to follow the lowerCamelCase style • lib/generated_widget.dart:591:20 • constant_identifier_names
   info • The constant name 'GRAVITY_NONE' isn't a lowerCamelCase identifier. Try changing the name to follow the lowerCamelCase style • lib/generated_widget.dart:592:20 • constant_identifier_names
   info • The constant name 'GRAVITY_LEFT' isn't a lowerCamelCase identifier. Try changing the name to follow the lowerCamelCase style • lib/generated_widget.dart:593:20 • constant_identifier_names
   info • The constant name 'GRAVITY_TOP' isn't a lowerCamelCase identifier. Try changing the name to follow the lowerCamelCase style • lib/generated_widget.dart:594:20 • constant_identifier_names
   info • The constant name 'GRAVITY_RIGHT' isn't a lowerCamelCase identifier. Try changing the name to follow the lowerCamelCase style • lib/generated_widget.dart:595:20 • constant_identifier_names
   info • The constant name 'GRAVITY_BOTTOM' isn't a lowerCamelCase identifier. Try changing the name to follow the lowerCamelCase style • lib/generated_widget.dart:596:20 • constant_identifier_names
   info • The constant name 'GRAVITY_CENTER_HORIZONTAL' isn't a lowerCamelCase identifier. Try changing the name to follow the lowerCamelCase style • lib/generated_widget.dart:597:20 • constant_identifier_names
   info • The constant name 'GRAVITY_CENTER_VERTICAL' isn't a lowerCamelCase identifier. Try changing the name to follow the lowerCamelCase style • lib/generated_widget.dart:598:20 • constant_identifier_names
   info • The constant name 'GRAVITY_CENTER' isn't a lowerCamelCase identifier. Try changing the name to follow the lowerCamelCase style • lib/generated_widget.dart:599:20 • constant_identifier_names
   info • The constant name 'ORIENTATION_VERTICAL' isn't a lowerCamelCase identifier. Try changing the name to follow the lowerCamelCase style • lib/generated_widget.dart:600:20 • constant_identifier_names
   info • The constant name 'ORIENTATION_HORIZONTAL' isn't a lowerCamelCase identifier. Try changing the name to follow the lowerCamelCase style • lib/generated_widget.dart:601:20 • constant_identifier_names

[spm]: Injecting profiler code...
[spm]: Starting app...
Running Gradle task 'assembleProfile'...                        
Running Gradle task 'assembleProfile'...                           24.8s
✓ Built build/app/outputs/flutter-apk/app-profile.apk (26.8MB)
Installing build/app/outputs/flutter-apk/app-profile.apk...        25.8s
D/DecorView[](15591): getWindowModeFromSystem  windowmode is 1
D/DecorView[](15591): updateDecorCaptionStatus displayWindowDecor is false
W/Looper  (15591): PerfMonitor looperActivity : package=com.example.benchmark_container/.MainActivity time=398ms latency=396ms running=0ms  procState=-1  historyMsgCount=3 (msgIndex=3 wall=373ms seq=3 h=android.app.ActivityThread$H w=110)
W/Looper  (15591): PerfMonitor looperActivity : package=com.example.benchmark_container/.MainActivity time=0ms latency=796ms running=0ms  procState=-1  historyMsgCount=4 (msgIndex=3 wall=373ms seq=3 h=android.app.ActivityThread$H w=110) (msgIndex=4 wall=398ms seq=4 late=396ms h=android.app.ActivityThread$H w=159)
D/SurfaceView(15591): UPDATE null, mIsCastMode = false
D/hw-ProcessState(15591): Binder ioctl to enable oneway spam detection failed: Invalid argument
W/Looper  (15591): PerfMonitor longMsg : seq=8 plan=03:58:59.783 late=429ms wall=1735ms running=0ms h=android.view.Choreographer$FrameHandler c=android.view.Choreographer$FrameDisplayEventReceiver procState=-1
W/Looper  (15591): PerfMonitor doFrame : time=1735ms vsyncFrame=0 latency=429ms procState=-1 historyMsgCount=6 (msgIndex=2 wall=1735ms seq=8 late=429ms h=android.view.Choreographer$FrameHandler c=android.view.Choreographer$FrameDisplayEventReceiver) (msgIndex=3 wall=398ms seq=4 h=android.app.ActivityThread$H w=159)
I/Choreographer(15591): Skipped 98 frames!  The application may be doing too much work on its main thread.
D/SurfaceView(15591): UPDATE Surface(name=SurfaceView[com.example.benchmark_container/com.example.benchmark_container.MainActivity])/@0x9ac515, mIsProjectionMode = false
W/Looper  (15591): PerfMonitor doFrame : time=3ms vsyncFrame=0 latency=1637ms procState=-1 historyMsgCount=4
[spm]: Connected to Dart VM service.
I/flutter (15591): 00:00 +0: Performance Benchmark
E/hmark_containe(15591): open libmigui.so failed! dlopen - dlopen failed: library "libmigui.so" not found
D/hmark_containe(15591): MiuiProcessManagerServiceStub setSchedFifo
I/MiuiProcessManagerImpl(15591): setSchedFifo pid:15591, mode:3
D/DecorView[](15591): onWindowFocusChanged hasWindowFocus true
I/flutter (15591): type 'MultiChildLayoutParentData' is not a subtype of type 'StackParentData' in type cast
I/flutter (15591): #0      Positioned.applyParentData (package:flutter/src/widgets/basic.dart:5171)
I/flutter (15591): #1      RenderObjectElement._updateParentData (package:flutter/src/widgets/framework.dart:6901)
I/flutter (15591): #2      RenderObjectElement.attachRenderObject (package:flutter/src/widgets/framework.dart:6945)
I/flutter (15591): #3      RenderObjectElement.mount (package:flutter/src/widgets/framework.dart:6801)
I/flutter (15591): #4      SingleChildRenderObjectElement.mount (package:flutter/src/widgets/framework.dart:7114)
I/flutter (15591): #5      Element.inflateWidget (package:flutter/src/widgets/framework.dart:4587)
I/flutter (15591): #6      Element.updateChild (package:flutter/src/widgets/framework.dart:4059)
I/flutter (15591): #7      ComponentElement.performRebuild (package:flutter/src/widgets/framework.dart:5841)
I/flutter (15591): #8      Element.rebuild (package:flutter/src/widgets/framework.dart:5529)
I/flutter (15591): #9      ComponentElement._firstBuild (package:flutter/src/widgets/framework.dart:5799)
I/flutter (15591): #10     ComponentElement.mount (package:flutter/src/widgets/framework.dart:5793)
I/flutter (15591): #11     Element.inflateWidget (package:flutter/src/widgets/framework.dart:4587)
I/flutter (15591): #12     Element.updateChild (package:flutter/src/widgets/framework.dart:4059)
I/flutter (15591): #13     ComponentElement.performRebuild (package:flutter/src/widgets/framework.dart:5841)
I/flutter (15591): #14     StatefulElement.performRebuild (package:flutter/src/widgets/framework.dart:5982)
I/flutter (15591): #15     Element.rebuild (package:flutter/src/widgets/framework.dart:5529)
I/flutter (15591): #16     ComponentElement._firstBuild (package:flutter/src/widgets/framework.dart:5799)
I/flutter (15591): #17     StatefulElement._firstBuild (package:flutter/src/widgets/framework.dart:5973)
I/flutter (15591): #18     ComponentElement.mount (package:flutter/src/widgets/framework.dart:5793)
I/flutter (15591): #19     Element.inflateWidget (package:flutter/src/widgets/framework.dart:4587)
I/flutter (15591): #20     Element.updateChild (package:flutter/src/widgets/framework.dart:4059)
I/flutter (15591): #21     ComponentElement.performRebuild (package:flutter/src/widgets/framework.dart:5841)
I/flutter (15591): #22     Element.rebuild (package:flutter/src/widgets/framework.dart:5529)
I/flutter (15591): #23     ComponentElement._firstBuild (package:flutter/src/widgets/framework.dart:5799)
I/flutter (15591): #24     ComponentElement.mount (package:flutter/src/widgets/framework.dart:5793)
I/flutter (15591): #25     Element.inflateWidget (package:flutter/src/widgets/framework.dart:4587)
I/flutter (15591): #26     Element.updateChild (package:flutter/src/widgets/framework.dart:4059)
I/flutter (15591): #27     ComponentElement.performRebuild (package:flutter/src/widgets/framework.dart:5841)
I/flutter (15591): #28     Element.rebuild (package:flutter/src/widgets/framework.dart:5529)
I/flutter (15591): #29     ComponentElement._firstBuild (package:flutter/src/widgets/framework.dart:5799)
I/flutter (15591): #30     ComponentElement.mount (package:flutter/src/widgets/framework.dart:5793)
I/flutter (15591): #31     Element.inflateWidget (package:flutter/src/widgets/framework.dart:4587)
I/flutter (15591): #32     Element.updateChild (package:flutter/src/widgets/framework.dart:4059)
I/flutter (15591): #33     ComponentElement.performRebuild (package:flutter/src/widgets/framework.dart:5841)
I/flutter (15591): #34     Element.rebuild (package:flutter/src/widgets/framework.dart:5529)
I/flutter (15591): #35     ComponentElement._firstBuild (package:flutter/src/widgets/framework.dart:5799)
I/flutter (15591): #36     ComponentElement.mount (package:flutter/src/widgets/framework.dart:5793)
I/flutter (15591): #37     Element.inflateWidget (package:flutter/src/widgets/framework.dart:4587)
I/flutter (15591): #38     Element.updateChild (package:flutter/src/widgets/framework.dart:4059)
I/flutter (15591): #39     ComponentElement.performRebuild (package:flutter/src/widgets/framework.dart:5841)
I/flutter (15591): #40     Element.rebuild (package:flutter/src/widgets/framework.dart:5529)
I/flutter (15591): #41     ComponentElement._firstBuild (package:flutter/src/widgets/framework.dart:5799)
I/flutter (15591): #42     ComponentElement.mount (package:flutter/src/widgets/framework.dart:5793)
I/flutter (15591): #43     Element.inflateWidget (package:flutter/src/widgets/framework.dart:4587)
I/flutter (15591): #44     MultiChildRenderObjectElement.inflateWidget (package:flutter/src/widgets/framework.dart:7264)
I/flutter (15591): #45     MultiChildRenderObjectElement.mount (package:flutter/src/widgets/framework.dart:7279)
I/flutter (15591): #46     Element.inflateWidget (package:flutter/src/widgets/framework.dart:4587)
I/flutter (15591): #47     Element.updateChild (package:flutter/src/widgets/framework.dart:4059)
I/flutter (15591): #48     ComponentElement.performRebuild (package:flutter/src/widgets/framework.dart:5841)
I/flutter (15591): #49     Element.rebuild (package:flutter/src/widgets/framework.dart:5529)
I/flutter (15591): #50     ComponentElement._firstBuild (package:flutter/src/widgets/framework.dart:5799)
I/flutter (15591): #51     ComponentElement.mount (package:flutter/src/widgets/framework.dart:5793)
I/flutter (15591): #52     Element.inflateWidget (package:flutter/src/widgets/framework.dart:4587)
I/flutter (15591): #53     Element.updateChild (package:flutter/src/widgets/framework.dart:4059)
I/flutter (15591): #54     ComponentElement.performRebuild (package:flutter/src/widgets/framework.dart:5841)
I/flutter (15591): #55     StatefulElement.performRebuild (package:flutter/src/widgets/framework.dart:5982)
I/flutter (15591): #56     Element.rebuild (package:flutter/src/widgets/framework.dart:5529)
I/flutter (15591): #57     ComponentElement._firstBuild (package:flutter/src/widgets/framework.dart:5799)
I/flutter (15591): #58     StatefulElement._firstBuild (package:flutter/src/widgets/framework.dart:5973)
I/flutter (15591): #59     ComponentElement.mount (package:flutter/src/widgets/framework.dart:5793)
I/flutter (15591): #60     Element.inflateWidget (package:flutter/src/widgets/framework.dart:4587)
I/flutter (15591): #61     Element.updateChild (package:flutter/src/widgets/framework.dart:4059)
I/flutter (15591): #62     ComponentElement.performRebuild (package:flutter/src/widgets/framework.dart:5841)
I/flutter (15591): #63     Element.rebuild (package:flutter/src/widgets/framework.dart:5529)
I/flutter (15591): #64     ComponentElement._firstBuild (package:flutter/src/widgets/framework.dart:5799)
I/flutter (15591): #65     ComponentElement.mount (package:flutter/src/widgets/framework.dart:5793)
I/flutter (15591): #66     Element.inflateWidget (package:flutter/src/widgets/framework.dart:4587)
I/flutter (15591): #67     Element.updateChild (package:flutter/src/widgets/framework.dart:4059)
I/flutter (15591): #68     ComponentElement.performRebuild (package:flutter/src/widgets/framework.dart:5841)
I/flutter (15591): #69     Element.rebuild (package:flutter/src/widgets/framework.dart:5529)
I/flutter (15591): #70     ComponentElement._firstBuild (package:flutter/src/widgets/framework.dart:5799)
I/flutter (15591): #71     ComponentElement.mount (package:flutter/src/widgets/framework.dart:5793)
I/flutter (15591): #72     Element.inflateWidget (package:flutter/src/widgets/framework.dart:4587)
I/flutter (15591): #73     Element.updateChild (package:flutter/src/widgets/framework.dart:4059)
I/flutter (15591): #74     ComponentElement.performRebuild (package:flutter/src/widgets/framework.dart:5841)
I/flutter (15591): #75     StatefulElement.performRebuild (package:flutter/src/widgets/framework.dart:5982)
I/flutter (15591): #76     Element.rebuild (package:flutter/src/widgets/framework.dart:5529)
I/flutter (15591): #77     ComponentElement._firstBuild (package:flutter/src/widgets/framework.dart:5799)
I/flutter (15591): #78     StatefulElement._firstBuild (package:flutter/src/widgets/framework.dart:5973)
I/flutter (15591): #79     ComponentElement.mount (package:flutter/src/widgets/framework.dart:5793)
I/flutter (15591): #80     Element.inflateWidget (package:flutter/src/widgets/framework.dart:4587)
I/flutter (15591): #81     Element.updateChild (package:flutter/src/widgets/framework.dart:4059)
I/flutter (15591): #82     SingleChildRenderObjectElement.mount (package:flutter/src/widgets/framework.dart:7115)
I/flutter (15591): #83     Element.inflateWidget (package:flutter/src/widgets/framework.dart:4587)
I/flutter (15591): #84     Element.updateChild (package:flutter/src/widgets/framework.dart:4059)
I/flutter (15591): #85     ComponentElement.performRebuild (package:flutter/src/widgets/framework.dart:5841)
I/flutter (15591): #86     Element.rebuild (package:flutter/src/widgets/framework.dart:5529)
I/flutter (15591): #87     ComponentElement._firstBuild (package:flutter/src/widgets/framework.dart:5799)
I/flutter (15591): #88     ComponentElement.mount (package:flutter/src/widgets/framework.dart:5793)
I/flutter (15591): #89     Element.inflateWidget (package:flutter/src/widgets/framework.dart:4587)
I/flutter (15591): #90     Element.updateChild (package:flutter/src/widgets/framework.dart:4059)
I/flutter (15591): #91     SingleChildRenderObjectElement.mount (package:flutter/src/widgets/framework.dart:7115)
I/flutter (15591): #92     Element.inflateWidget (package:flutter/src/widgets/framework.dart:4587)
I/flutter (15591): #93     Element.updateChild (package:flutter/src/widgets/framework.dart:4059)
I/flutter (15591): #94     ComponentElement.performRebuild (package:flutter/src/widgets/framework.dart:5841)
I/flutter (15591): #95     StatefulElement.performRebuild (package:flutter/src/widgets/framework.dart:5982)
I/flutter (15591): #96     Element.rebuild (package:flutter/src/widgets/framework.dart:5529)
I/flutter (15591): #97     ComponentElement._firstBuild (package:flutter/src/widgets/framework.dart:5799)
I/flutter (15591): #98     StatefulElement._firstBuild (package:flutter/src/widgets/framework.dart:5973)
I/flutter (15591): #99     ComponentElement.mount (package:flutter/src/widgets/framework.dart:5793)
I/flutter (15591): type 'MultiChildLayoutParentData' is not a subtype of type 'StackParentData' in type cast
I/flutter (15591): #0      Positioned.applyParentData (package:flutter/src/widgets/basic.dart:5171)
I/flutter (15591): #1      RenderObjectElement._updateParentData (package:flutter/src/widgets/framework.dart:6901)
I/flutter (15591): #2      RenderObjectElement.attachRenderObject (package:flutter/src/widgets/framework.dart:6945)
I/flutter (15591): #3      RenderObjectElement.mount (package:flutter/src/widgets/framework.dart:6801)
I/flutter (15591): #4      Element.inflateWidget (package:flutter/src/widgets/framework.dart:4587)
I/flutter (15591): #5      Element.updateChild (package:flutter/src/widgets/framework.dart:4059)
I/flutter (15591): #6      ComponentElement.performRebuild (package:flutter/src/widgets/framework.dart:5858)
I/flutter (15591): #7      Element.rebuild (package:flutter/src/widgets/framework.dart:5529)
I/flutter (15591): #8      ComponentElement._firstBuild (package:flutter/src/widgets/framework.dart:5799)
I/flutter (15591): #9      ComponentElement.mount (package:flutter/src/widgets/framework.dart:5793)
I/flutter (15591): #10     Element.inflateWidget (package:flutter/src/widgets/framework.dart:4587)
I/flutter (15591): #11     Element.updateChild (package:flutter/src/widgets/framework.dart:4059)
I/flutter (15591): #12     ComponentElement.performRebuild (package:flutter/src/widgets/framework.dart:5841)
I/flutter (15591): #13     StatefulElement.performRebuild (package:flutter/src/widgets/framework.dart:5982)
I/flutter (15591): #14     Element.rebuild (package:flutter/src/widgets/framework.dart:5529)
I/flutter (15591): #15     ComponentElement._firstBuild (package:flutter/src/widgets/framework.dart:5799)
I/flutter (15591): #16     StatefulElement._firstBuild (package:flutter/src/widgets/framework.dart:5973)
I/flutter (15591): #17     ComponentElement.mount (package:flutter/src/widgets/framework.dart:5793)
I/flutter (15591): #18     Element.inflateWidget (package:flutter/src/widgets/framework.dart:4587)
I/flutter (15591): #19     Element.updateChild (package:flutter/src/widgets/framework.dart:4059)
I/flutter (15591): #20     ComponentElement.performRebuild (package:flutter/src/widgets/framework.dart:5841)
I/flutter (15591): #21     Element.rebuild (package:flutter/src/widgets/framework.dart:5529)
I/flutter (15591): #22     ComponentElement._firstBuild (package:flutter/src/widgets/framework.dart:5799)
I/flutter (15591): #23     ComponentElement.mount (package:flutter/src/widgets/framework.dart:5793)
I/flutter (15591): #24     Element.inflateWidget (package:flutter/src/widgets/framework.dart:4587)
I/flutter (15591): #25     Element.updateChild (package:flutter/src/widgets/framework.dart:4059)
I/flutter (15591): #26     ComponentElement.performRebuild (package:flutter/src/widgets/framework.dart:5841)
I/flutter (15591): #27     Element.rebuild (package:flutter/src/widgets/framework.dart:5529)
I/flutter (15591): #28     ComponentElement._firstBuild (package:flutter/src/widgets/framework.dart:5799)
I/flutter (15591): #29     ComponentElement.mount (package:flutter/src/widgets/framework.dart:5793)
I/flutter (15591): #30     Element.inflateWidget (package:flutter/src/widgets/framework.dart:4587)
I/flutter (15591): #31     Element.updateChild (package:flutter/src/widgets/framework.dart:4059)
I/flutter (15591): #32     ComponentElement.performRebuild (package:flutter/src/widgets/framework.dart:5841)
I/flutter (15591): #33     Element.rebuild (package:flutter/src/widgets/framework.dart:5529)
I/flutter (15591): #34     ComponentElement._firstBuild (package:flutter/src/widgets/framework.dart:5799)
I/flutter (15591): #35     ComponentElement.mount (package:flutter/src/widgets/framework.dart:5793)
I/flutter (15591): #36     Element.inflateWidget (package:flutter/src/widgets/framework.dart:4587)
I/flutter (15591): #37     Element.updateChild (package:flutter/src/widgets/framework.dart:4059)
I/flutter (15591): #38     ComponentElement.performRebuild (package:flutter/src/widgets/framework.dart:5841)
I/flutter (15591): #39     Element.rebuild (package:flutter/src/widgets/framework.dart:5529)
I/flutter (15591): #40     ComponentElement._firstBuild (package:flutter/src/widgets/framework.dart:5799)
I/flutter (15591): #41     ComponentElement.mount (package:flutter/src/widgets/framework.dart:5793)
I/flutter (15591): #42     Element.inflateWidget (package:flutter/src/widgets/framework.dart:4587)
I/flutter (15591): #43     MultiChildRenderObjectElement.inflateWidget (package:flutter/src/widgets/framework.dart:7264)
I/flutter (15591): #44     MultiChildRenderObjectElement.mount (package:flutter/src/widgets/framework.dart:7279)
I/flutter (15591): #45     Element.inflateWidget (package:flutter/src/widgets/framework.dart:4587)
I/flutter (15591): #46     Element.updateChild (package:flutter/src/widgets/framework.dart:4059)
I/flutter (15591): #47     ComponentElement.performRebuild (package:flutter/src/widgets/framework.dart:5841)
D/DecorView[](15591): getWindowModeFromSystem  windowmode is 1
D/DecorView[](15591): updateDecorCaptionStatus displayWindowDecor is false
D/ProfileInstaller(15591): Installing profile for com.example.benchmark_container
I/flutter (15591): #48     Element.rebuild (package:flutter/src/widgets/framework.dart:5529)
I/flutter (15591): #49     ComponentElement._firstBuild (package:flutter/src/widgets/framework.dart:5799)
I/flutter (15591): #50     ComponentElement.mount (package:flutter/src/widgets/framework.dart:5793)
I/flutter (15591): #51     Element.inflateWidget (package:flutter/src/widgets/framework.dart:4587)
I/flutter (15591): #52     Element.updateChild (package:flutter/src/widgets/framework.dart:4059)
I/flutter (15591): #53     ComponentElement.performRebuild (package:flutter/src/widgets/framework.dart:5841)
I/flutter (15591): #54     StatefulElement.performRebuild (package:flutter/src/widgets/framework.dart:5982)
I/flutter (15591): #55     Element.rebuild (package:flutter/src/widgets/framework.dart:5529)
I/flutter (15591): #56     ComponentElement._firstBuild (package:flutter/src/widgets/framework.dart:5799)
I/flutter (15591): #57     StatefulElement._firstBuild (package:flutter/src/widgets/framework.dart:5973)
I/flutter (15591): #58     ComponentElement.mount (package:flutter/src/widgets/framework.dart:5793)
I/flutter (15591): #59     Element.inflateWidget (package:flutter/src/widgets/framework.dart:4587)
I/flutter (15591): #60     Element.updateChild (package:flutter/src/widgets/framework.dart:4059)
I/flutter (15591): #61     ComponentElement.performRebuild (package:flutter/src/widgets/framework.dart:5841)
I/flutter (15591): #62     Element.rebuild (package:flutter/src/widgets/framework.dart:5529)
I/flutter (15591): #63     ComponentElement._firstBuild (package:flutter/src/widgets/framework.dart:5799)
I/flutter (15591): #64     ComponentElement.mount (package:flutter/src/widgets/framework.dart:5793)
I/flutter (15591): #65     Element.inflateWidget (package:flutter/src/widgets/framework.dart:4587)
I/flutter (15591): #66     Element.updateChild (package:flutter/src/widgets/framework.dart:4059)
I/flutter (15591): #67     ComponentElement.performRebuild (package:flutter/src/widgets/framework.dart:5841)
I/flutter (15591): #68     Element.rebuild (package:flutter/src/widgets/framework.dart:5529)
I/flutter (15591): #69     ComponentElement._firstBuild (package:flutter/src/widgets/framework.dart:5799)
I/flutter (15591): #70     ComponentElement.mount (package:flutter/src/widgets/framework.dart:5793)
I/flutter (15591): #71     Element.inflateWidget (package:flutter/src/widgets/framework.dart:4587)
I/flutter (15591): #72     Element.updateChild (package:flutter/src/widgets/framework.dart:4059)
I/flutter (15591): #73     ComponentElement.performRebuild (package:flutter/src/widgets/framework.dart:5841)
I/flutter (15591): #74     StatefulElement.performRebuild (package:flutter/src/widgets/framework.dart:5982)
I/flutter (15591): #75     Element.rebuild (package:flutter/src/widgets/framework.dart:5529)
I/flutter (15591): #76     ComponentElement._firstBuild (package:flutter/src/widgets/framework.dart:5799)
I/flutter (15591): #77     StatefulElement._firstBuild (package:flutter/src/widgets/framework.dart:5973)
I/flutter (15591): #78     ComponentElement.mount (package:flutter/src/widgets/framework.dart:5793)
I/flutter (15591): #79     Element.inflateWidget (package:flutter/src/widgets/framework.dart:4587)
I/flutter (15591): #80     Element.updateChild (package:flutter/src/widgets/framework.dart:4059)
I/flutter (15591): #81     SingleChildRenderObjectElement.mount (package:flutter/src/widgets/framework.dart:7115)
I/flutter (15591): #82     Element.inflateWidget (package:flutter/src/widgets/framework.dart:4587)
I/flutter (15591): #83     Element.updateChild (package:flutter/src/widgets/framework.dart:4059)
I/flutter (15591): #84     ComponentElement.performRebuild (package:flutter/src/widgets/framework.dart:5841)
I/flutter (15591): #85     Element.rebuild (package:flutter/src/widgets/framework.dart:5529)
I/flutter (15591): #86     ComponentElement._firstBuild (package:flutter/src/widgets/framework.dart:5799)
I/flutter (15591): #87     ComponentElement.mount (package:flutter/src/widgets/framework.dart:5793)
I/flutter (15591): #88     Element.inflateWidget (package:flutter/src/widgets/framework.dart:4587)
I/flutter (15591): #89     Element.updateChild (package:flutter/src/widgets/framework.dart:4059)
I/flutter (15591): #90     SingleChildRenderObjectElement.mount (package:flutter/src/widgets/framework.dart:7115)
I/flutter (15591): #91     Element.inflateWidget (package:flutter/src/widgets/framework.dart:4587)
I/flutter (15591): #92     Element.updateChild (package:flutter/src/widgets/framework.dart:4059)
I/flutter (15591): #93     ComponentElement.performRebuild (package:flutter/src/widgets/framework.dart:5841)
I/flutter (15591): #94     StatefulElement.performRebuild (package:flutter/src/widgets/framework.dart:5982)
I/flutter (15591): #95     Element.rebuild (package:flutter/src/widgets/framework.dart:5529)
I/flutter (15591): #96     ComponentElement._firstBuild (package:flutter/src/widgets/framework.dart:5799)
I/flutter (15591): #97     StatefulElement._firstBuild (package:flutter/src/widgets/framework.dart:5973)
I/flutter (15591): #98     ComponentElement.mount (package:flutter/src/widgets/framework.dart:5793)
I/flutter (15591): #99     Element.inflateWidget (package:flutter/src/widgets/framework.dart:4587)
I/flutter (15591): type 'MultiChildLayoutParentData' is not a subtype of type 'StackParentData' in type cast
I/flutter (15591): #0      Positioned.applyParentData (package:flutter/src/widgets/basic.dart:5171)
I/flutter (15591): #1      RenderObjectElement._updateParentData (package:flutter/src/widgets/framework.dart:6901)
I/flutter (15591): #2      RenderObjectElement.attachRenderObject (package:flutter/src/widgets/framework.dart:6945)
I/flutter (15591): #3      RenderObjectElement.mount (package:flutter/src/widgets/framework.dart:6801)
I/flutter (15591): #4      SingleChildRenderObjectElement.mount (package:flutter/src/widgets/framework.dart:7114)
I/flutter (15591): #5      Element.inflateWidget (package:flutter/src/widgets/framework.dart:4587)
I/flutter (15591): #6      Element.updateChild (package:flutter/src/widgets/framework.dart:4059)
I/flutter (15591): #7      ComponentElement.performRebuild (package:flutter/src/widgets/framework.dart:5841)
I/flutter (15591): #8      Element.rebuild (package:flutter/src/widgets/framework.dart:5529)
I/flutter (15591): #9      ComponentElement._firstBuild (package:flutter/src/widgets/framework.dart:5799)
I/flutter (15591): #10     ComponentElement.mount (package:flutter/src/widgets/framework.dart:5793)
I/flutter (15591): #11     Element.inflateWidget (package:flutter/src/widgets/framework.dart:4587)
I/flutter (15591): #12     Element.updateChild (package:flutter/src/widgets/framework.dart:4053)
I/flutter (15591): #13     ComponentElement.performRebuild (package:flutter/src/widgets/framework.dart:5841)
I/flutter (15591): #14     StatefulElement.performRebuild (package:flutter/src/widgets/framework.dart:5982)
I/flutter (15591): #15     Element.rebuild (package:flutter/src/widgets/framework.dart:5529)
I/flutter (15591): #16     BuildScope._tryRebuild (package:flutter/src/widgets/framework.dart:2750)
I/flutter (15591): #17     BuildScope._flushDirtyElements (package:flutter/src/widgets/framework.dart:2807)
I/flutter (15591): #18     BuildOwner.buildScope (package:flutter/src/widgets/framework.dart:3111)
I/flutter (15591): #19     WidgetsBinding.drawFrame (package:flutter/src/widgets/binding.dart:1571)
I/flutter (15591): #20     RendererBinding._handlePersistentFrameCallback (package:flutter/src/rendering/binding.dart:509)
I/flutter (15591): #21     SchedulerBinding._invokeFrameCallback (package:flutter/src/scheduler/binding.dart:1430)
I/flutter (15591): #22     SchedulerBinding.handleDrawFrame (package:flutter/src/scheduler/binding.dart:1345)
I/flutter (15591): #23     LiveTestWidgetsFlutterBinding.handleDrawFrame (package:flutter_test/src/binding.dart:2811)
I/flutter (15591): #24     SchedulerBinding._handleDrawFrame (package:flutter/src/scheduler/binding.dart:1198)
I/flutter (15591): #28     _invoke (dart:ui/hooks.dart:425)
I/flutter (15591): #29     PlatformDispatcher._drawFrame (dart:ui/platform_dispatcher.dart:447)
I/flutter (15591): #30     _drawFrame (dart:ui/hooks.dart:395)
I/flutter (15591): (elided 3 frames from dart:async)
I/flutter (15591): type 'MultiChildLayoutParentData' is not a subtype of type 'StackParentData' in type cast
I/flutter (15591): #0      Positioned.applyParentData (package:flutter/src/widgets/basic.dart:5171)
I/flutter (15591): #1      RenderObjectElement._updateParentData (package:flutter/src/widgets/framework.dart:6901)
I/flutter (15591): #2      RenderObjectElement.attachRenderObject (package:flutter/src/widgets/framework.dart:6945)
I/flutter (15591): #3      RenderObjectElement.mount (package:flutter/src/widgets/framework.dart:6801)
I/flutter (15591): #4      Element.inflateWidget (package:flutter/src/widgets/framework.dart:4587)
I/flutter (15591): #5      Element.updateChild (package:flutter/src/widgets/framework.dart:4059)
I/flutter (15591): #6      ComponentElement.performRebuild (package:flutter/src/widgets/framework.dart:5858)
I/flutter (15591): #7      Element.rebuild (package:flutter/src/widgets/framework.dart:5529)
I/flutter (15591): #8      ComponentElement._firstBuild (package:flutter/src/widgets/framework.dart:5799)
I/flutter (15591): #9      ComponentElement.mount (package:flutter/src/widgets/framework.dart:5793)
I/flutter (15591): #10     Element.inflateWidget (package:flutter/src/widgets/framework.dart:4587)
I/flutter (15591): #11     Element.updateChild (package:flutter/src/widgets/framework.dart:4053)
I/flutter (15591): #12     ComponentElement.performRebuild (package:flutter/src/widgets/framework.dart:5841)
I/flutter (15591): #13     StatefulElement.performRebuild (package:flutter/src/widgets/framework.dart:5982)
I/flutter (15591): #14     Element.rebuild (package:flutter/src/widgets/framework.dart:5529)
I/flutter (15591): #15     BuildScope._tryRebuild (package:flutter/src/widgets/framework.dart:2750)
I/flutter (15591): #16     BuildScope._flushDirtyElements (package:flutter/src/widgets/framework.dart:2807)
I/flutter (15591): #17     BuildOwner.buildScope (package:flutter/src/widgets/framework.dart:3111)
I/flutter (15591): #18     WidgetsBinding.drawFrame (package:flutter/src/widgets/binding.dart:1571)
I/flutter (15591): #19     RendererBinding._handlePersistentFrameCallback (package:flutter/src/rendering/binding.dart:509)
I/flutter (15591): #20     SchedulerBinding._invokeFrameCallback (package:flutter/src/scheduler/binding.dart:1430)
I/flutter (15591): #21     SchedulerBinding.handleDrawFrame (package:flutter/src/scheduler/binding.dart:1345)
I/flutter (15591): #22     LiveTestWidgetsFlutterBinding.handleDrawFrame (package:flutter_test/src/binding.dart:2811)
I/flutter (15591): #23     SchedulerBinding._handleDrawFrame (package:flutter/src/scheduler/binding.dart:1198)
I/flutter (15591): #27     _invoke (dart:ui/hooks.dart:425)
I/flutter (15591): #28     PlatformDispatcher._drawFrame (dart:ui/platform_dispatcher.dart:447)
I/flutter (15591): #29     _drawFrame (dart:ui/hooks.dart:395)
I/flutter (15591): (elided 3 frames from dart:async)
[spm]: ProfilerData event received.
I/flutter (15591): [SPM:perf] 698a51a  buildSpan: 5547µs
I/flutter (15591): [spm] Performance monitoring completed for 698a51a
I/flutter (15591): type 'MultiChildLayoutParentData' is not a subtype of type 'StackParentData' in type cast
I/flutter (15591): #0      Positioned.applyParentData (package:flutter/src/widgets/basic.dart:5171)
I/flutter (15591): #1      RenderObjectElement._updateParentData (package:flutter/src/widgets/framework.dart:6901)
I/flutter (15591): #2      RenderObjectElement.attachRenderObject (package:flutter/src/widgets/framework.dart:6945)
I/flutter (15591): #3      RenderObjectElement.mount (package:flutter/src/widgets/framework.dart:6801)
I/flutter (15591): #4      SingleChildRenderObjectElement.mount (package:flutter/src/widgets/framework.dart:7114)
I/flutter (15591): #5      Element.inflateWidget (package:flutter/src/widgets/framework.dart:4587)
I/flutter (15591): #6      Element.updateChild (package:flutter/src/widgets/framework.dart:4059)
I/flutter (15591): #7      ComponentElement.performRebuild (package:flutter/src/widgets/framework.dart:5841)
I/flutter (15591): #8      Element.rebuild (package:flutter/src/widgets/framework.dart:5529)
I/flutter (15591): #9      ComponentElement._firstBuild (package:flutter/src/widgets/framework.dart:5799)
I/flutter (15591): #10     ComponentElement.mount (package:flutter/src/widgets/framework.dart:5793)
I/flutter (15591): #11     Element.inflateWidget (package:flutter/src/widgets/framework.dart:4587)
I/flutter (15591): #12     Element.updateChild (package:flutter/src/widgets/framework.dart:4053)
I/flutter (15591): #13     ComponentElement.performRebuild (package:flutter/src/widgets/framework.dart:5841)
I/flutter (15591): #14     StatefulElement.performRebuild (package:flutter/src/widgets/framework.dart:5982)
I/flutter (15591): #15     Element.rebuild (package:flutter/src/widgets/framework.dart:5529)
I/flutter (15591): #16     BuildScope._tryRebuild (package:flutter/src/widgets/framework.dart:2750)
I/flutter (15591): #17     BuildScope._flushDirtyElements (package:flutter/src/widgets/framework.dart:2807)
I/flutter (15591): #18     BuildOwner.buildScope (package:flutter/src/widgets/framework.dart:3111)
I/flutter (15591): #19     WidgetsBinding.drawFrame (package:flutter/src/widgets/binding.dart:1571)
I/flutter (15591): #20     RendererBinding._handlePersistentFrameCallback (package:flutter/src/rendering/binding.dart:509)
I/flutter (15591): #21     SchedulerBinding._invokeFrameCallback (package:flutter/src/scheduler/binding.dart:1430)
I/flutter (15591): #22     SchedulerBinding.handleDrawFrame (package:flutter/src/scheduler/binding.dart:1345)
I/flutter (15591): #23     LiveTestWidgetsFlutterBinding.handleDrawFrame (package:flutter_test/src/binding.dart:2811)
I/flutter (15591): #24     SchedulerBinding._handleDrawFrame (package:flutter/src/scheduler/binding.dart:1198)
I/flutter (15591): #28     _invoke (dart:ui/hooks.dart:425)
I/flutter (15591): #29     PlatformDispatcher._drawFrame (dart:ui/platform_dispatcher.dart:447)
I/flutter (15591): #30     _drawFrame (dart:ui/hooks.dart:395)
I/flutter (15591): (elided 3 frames from dart:async)
I/flutter (15591): type 'MultiChildLayoutParentData' is not a subtype of type 'StackParentData' in type cast
I/flutter (15591): #0      Positioned.applyParentData (package:flutter/src/widgets/basic.dart:5171)
I/flutter (15591): #1      RenderObjectElement._updateParentData (package:flutter/src/widgets/framework.dart:6901)
I/flutter (15591): #2      RenderObjectElement.attachRenderObject (package:flutter/src/widgets/framework.dart:6945)
I/flutter (15591): #3      RenderObjectElement.mount (package:flutter/src/widgets/framework.dart:6801)
I/flutter (15591): #4      Element.inflateWidget (package:flutter/src/widgets/framework.dart:4587)
I/flutter (15591): #5      Element.updateChild (package:flutter/src/widgets/framework.dart:4059)
I/flutter (15591): #6      ComponentElement.performRebuild (package:flutter/src/widgets/framework.dart:5858)
I/flutter (15591): #7      Element.rebuild (package:flutter/src/widgets/framework.dart:5529)
I/flutter (15591): #8      ComponentElement._firstBuild (package:flutter/src/widgets/framework.dart:5799)
I/flutter (15591): #9      ComponentElement.mount (package:flutter/src/widgets/framework.dart:5793)
I/flutter (15591): #10     Element.inflateWidget (package:flutter/src/widgets/framework.dart:4587)
I/flutter (15591): #11     Element.updateChild (package:flutter/src/widgets/framework.dart:4053)
I/flutter (15591): #12     ComponentElement.performRebuild (package:flutter/src/widgets/framework.dart:5841)
I/flutter (15591): #13     StatefulElement.performRebuild (package:flutter/src/widgets/framework.dart:5982)
I/flutter (15591): #14     Element.rebuild (package:flutter/src/widgets/framework.dart:5529)
I/flutter (15591): #15     BuildScope._tryRebuild (package:flutter/src/widgets/framework.dart:2750)
I/flutter (15591): #16     BuildScope._flushDirtyElements (package:flutter/src/widgets/framework.dart:2807)
I/flutter (15591): #17     BuildOwner.buildScope (package:flutter/src/widgets/framework.dart:3111)
I/flutter (15591): #18     WidgetsBinding.drawFrame (package:flutter/src/widgets/binding.dart:1571)
I/flutter (15591): #19     RendererBinding._handlePersistentFrameCallback (package:flutter/src/rendering/binding.dart:509)
I/flutter (15591): #20     SchedulerBinding._invokeFrameCallback (package:flutter/src/scheduler/binding.dart:1430)
I/flutter (15591): #21     SchedulerBinding.handleDrawFrame (package:flutter/src/scheduler/binding.dart:1345)
I/flutter (15591): #22     LiveTestWidgetsFlutterBinding.handleDrawFrame (package:flutter_test/src/binding.dart:2811)
I/flutter (15591): #23     SchedulerBinding._handleDrawFrame (package:flutter/src/scheduler/binding.dart:1198)
I/flutter (15591): #27     _invoke (dart:ui/hooks.dart:425)
I/flutter (15591): #28     PlatformDispatcher._drawFrame (dart:ui/platform_dispatcher.dart:447)
I/flutter (15591): #29     _drawFrame (dart:ui/hooks.dart:395)
I/flutter (15591): (elided 3 frames from dart:async)
I/flutter (15591): [SPM:perf] 698a51a  buildSpan: 7895µs
I/flutter (15591): [spm] Performance monitoring completed for 698a51a
[spm]: ProfilerData event received.
I/flutter (15591): type 'MultiChildLayoutParentData' is not a subtype of type 'StackParentData' in type cast
I/flutter (15591): #0      Positioned.applyParentData (package:flutter/src/widgets/basic.dart:5171)
I/flutter (15591): #1      RenderObjectElement._updateParentData (package:flutter/src/widgets/framework.dart:6901)
I/flutter (15591): #2      RenderObjectElement.attachRenderObject (package:flutter/src/widgets/framework.dart:6945)
I/flutter (15591): #3      RenderObjectElement.mount (package:flutter/src/widgets/framework.dart:6801)
I/flutter (15591): #4      SingleChildRenderObjectElement.mount (package:flutter/src/widgets/framework.dart:7114)
I/flutter (15591): #5      Element.inflateWidget (package:flutter/src/widgets/framework.dart:4587)
I/flutter (15591): #6      Element.updateChild (package:flutter/src/widgets/framework.dart:4059)
I/flutter (15591): #7      ComponentElement.performRebuild (package:flutter/src/widgets/framework.dart:5841)
I/flutter (15591): #8      Element.rebuild (package:flutter/src/widgets/framework.dart:5529)
I/flutter (15591): #9      ComponentElement._firstBuild (package:flutter/src/widgets/framework.dart:5799)
I/flutter (15591): #10     ComponentElement.mount (package:flutter/src/widgets/framework.dart:5793)
I/flutter (15591): #11     Element.inflateWidget (package:flutter/src/widgets/framework.dart:4587)
I/flutter (15591): #12     Element.updateChild (package:flutter/src/widgets/framework.dart:4053)
I/flutter (15591): #13     ComponentElement.performRebuild (package:flutter/src/widgets/framework.dart:5841)
I/flutter (15591): #14     StatefulElement.performRebuild (package:flutter/src/widgets/framework.dart:5982)
I/flutter (15591): #15     Element.rebuild (package:flutter/src/widgets/framework.dart:5529)
I/flutter (15591): #16     BuildScope._tryRebuild (package:flutter/src/widgets/framework.dart:2750)
I/flutter (15591): #17     BuildScope._flushDirtyElements (package:flutter/src/widgets/framework.dart:2807)
I/flutter (15591): #18     BuildOwner.buildScope (package:flutter/src/widgets/framework.dart:3111)
I/flutter (15591): #19     WidgetsBinding.drawFrame (package:flutter/src/widgets/binding.dart:1571)
I/flutter (15591): #20     RendererBinding._handlePersistentFrameCallback (package:flutter/src/rendering/binding.dart:509)
I/flutter (15591): #21     SchedulerBinding._invokeFrameCallback (package:flutter/src/scheduler/binding.dart:1430)
I/flutter (15591): #22     SchedulerBinding.handleDrawFrame (package:flutter/src/scheduler/binding.dart:1345)
I/flutter (15591): #23     LiveTestWidgetsFlutterBinding.handleDrawFrame (package:flutter_test/src/binding.dart:2811)
I/flutter (15591): #24     SchedulerBinding._handleDrawFrame (package:flutter/src/scheduler/binding.dart:1198)
I/flutter (15591): #28     _invoke (dart:ui/hooks.dart:425)
I/flutter (15591): #29     PlatformDispatcher._drawFrame (dart:ui/platform_dispatcher.dart:447)
I/flutter (15591): #30     _drawFrame (dart:ui/hooks.dart:395)
I/flutter (15591): (elided 3 frames from dart:async)
I/flutter (15591): type 'MultiChildLayoutParentData' is not a subtype of type 'StackParentData' in type cast
I/flutter (15591): #0      Positioned.applyParentData (package:flutter/src/widgets/basic.dart:5171)
I/flutter (15591): #1      RenderObjectElement._updateParentData (package:flutter/src/widgets/framework.dart:6901)
I/flutter (15591): #2      RenderObjectElement.attachRenderObject (package:flutter/src/widgets/framework.dart:6945)
I/flutter (15591): #3      RenderObjectElement.mount (package:flutter/src/widgets/framework.dart:6801)
I/flutter (15591): #4      Element.inflateWidget (package:flutter/src/widgets/framework.dart:4587)
I/flutter (15591): #5      Element.updateChild (package:flutter/src/widgets/framework.dart:4059)
I/flutter (15591): #6      ComponentElement.performRebuild (package:flutter/src/widgets/framework.dart:5858)
I/flutter (15591): #7      Element.rebuild (package:flutter/src/widgets/framework.dart:5529)
I/flutter (15591): #8      ComponentElement._firstBuild (package:flutter/src/widgets/framework.dart:5799)
I/flutter (15591): #9      ComponentElement.mount (package:flutter/src/widgets/framework.dart:5793)
I/flutter (15591): #10     Element.inflateWidget (package:flutter/src/widgets/framework.dart:4587)
I/flutter (15591): #11     Element.updateChild (package:flutter/src/widgets/framework.dart:4053)
I/flutter (15591): #12     ComponentElement.performRebuild (package:flutter/src/widgets/framework.dart:5841)
I/flutter (15591): #13     StatefulElement.performRebuild (package:flutter/src/widgets/framework.dart:5982)
I/flutter (15591): #14     Element.rebuild (package:flutter/src/widgets/framework.dart:5529)
I/flutter (15591): #15     BuildScope._tryRebuild (package:flutter/src/widgets/framework.dart:2750)
I/flutter (15591): #16     BuildScope._flushDirtyElements (package:flutter/src/widgets/framework.dart:2807)
I/flutter (15591): #17     BuildOwner.buildScope (package:flutter/src/widgets/framework.dart:3111)
I/flutter (15591): #18     WidgetsBinding.drawFrame (package:flutter/src/widgets/binding.dart:1571)
I/flutter (15591): #19     RendererBinding._handlePersistentFrameCallback (package:flutter/src/rendering/binding.dart:509)
I/flutter (15591): #20     SchedulerBinding._invokeFrameCallback (package:flutter/src/scheduler/binding.dart:1430)
I/flutter (15591): #21     SchedulerBinding.handleDrawFrame (package:flutter/src/scheduler/binding.dart:1345)
I/flutter (15591): #22     LiveTestWidgetsFlutterBinding.handleDrawFrame (package:flutter_test/src/binding.dart:2811)
I/flutter (15591): #23     SchedulerBinding._handleDrawFrame (package:flutter/src/scheduler/binding.dart:1198)
I/flutter (15591): #27     _invoke (dart:ui/hooks.dart:425)
I/flutter (15591): #28     PlatformDispatcher._drawFrame (dart:ui/platform_dispatcher.dart:447)
I/flutter (15591): #29     _drawFrame (dart:ui/hooks.dart:395)
I/flutter (15591): (elided 3 frames from dart:async)
I/flutter (15591): [SPM:perf] 698a51a  buildSpan: 5521µs
I/flutter (15591): [spm] Performance monitoring completed for 698a51a
[spm]: ProfilerData event received.
I/flutter (15591): type 'MultiChildLayoutParentData' is not a subtype of type 'StackParentData' in type cast
I/flutter (15591): #0      Positioned.applyParentData (package:flutter/src/widgets/basic.dart:5171)
I/flutter (15591): #1      RenderObjectElement._updateParentData (package:flutter/src/widgets/framework.dart:6901)
I/flutter (15591): #2      RenderObjectElement.attachRenderObject (package:flutter/src/widgets/framework.dart:6945)
I/flutter (15591): #3      RenderObjectElement.mount (package:flutter/src/widgets/framework.dart:6801)
I/flutter (15591): #4      SingleChildRenderObjectElement.mount (package:flutter/src/widgets/framework.dart:7114)
I/flutter (15591): #5      Element.inflateWidget (package:flutter/src/widgets/framework.dart:4587)
I/flutter (15591): #6      Element.updateChild (package:flutter/src/widgets/framework.dart:4059)
I/flutter (15591): #7      ComponentElement.performRebuild (package:flutter/src/widgets/framework.dart:5841)
I/flutter (15591): #8      Element.rebuild (package:flutter/src/widgets/framework.dart:5529)
I/flutter (15591): #9      ComponentElement._firstBuild (package:flutter/src/widgets/framework.dart:5799)
I/flutter (15591): #10     ComponentElement.mount (package:flutter/src/widgets/framework.dart:5793)
I/flutter (15591): #11     Element.inflateWidget (package:flutter/src/widgets/framework.dart:4587)
I/flutter (15591): #12     Element.updateChild (package:flutter/src/widgets/framework.dart:4053)
I/flutter (15591): #13     ComponentElement.performRebuild (package:flutter/src/widgets/framework.dart:5841)
I/flutter (15591): #14     StatefulElement.performRebuild (package:flutter/src/widgets/framework.dart:5982)
I/flutter (15591): #15     Element.rebuild (package:flutter/src/widgets/framework.dart:5529)
I/flutter (15591): #16     BuildScope._tryRebuild (package:flutter/src/widgets/framework.dart:2750)
I/flutter (15591): #17     BuildScope._flushDirtyElements (package:flutter/src/widgets/framework.dart:2807)
I/flutter (15591): #18     BuildOwner.buildScope (package:flutter/src/widgets/framework.dart:3111)
I/flutter (15591): #19     WidgetsBinding.drawFrame (package:flutter/src/widgets/binding.dart:1571)
I/flutter (15591): #20     RendererBinding._handlePersistentFrameCallback (package:flutter/src/rendering/binding.dart:509)
I/flutter (15591): #21     SchedulerBinding._invokeFrameCallback (package:flutter/src/scheduler/binding.dart:1430)
I/flutter (15591): #22     SchedulerBinding.handleDrawFrame (package:flutter/src/scheduler/binding.dart:1345)
I/flutter (15591): #23     LiveTestWidgetsFlutterBinding.handleDrawFrame (package:flutter_test/src/binding.dart:2811)
I/flutter (15591): #24     SchedulerBinding._handleDrawFrame (package:flutter/src/scheduler/binding.dart:1198)
I/flutter (15591): #28     _invoke (dart:ui/hooks.dart:425)
I/flutter (15591): #29     PlatformDispatcher._drawFrame (dart:ui/platform_dispatcher.dart:447)
I/flutter (15591): #30     _drawFrame (dart:ui/hooks.dart:395)
I/flutter (15591): (elided 3 frames from dart:async)
I/flutter (15591): type 'MultiChildLayoutParentData' is not a subtype of type 'StackParentData' in type cast
I/flutter (15591): #0      Positioned.applyParentData (package:flutter/src/widgets/basic.dart:5171)
I/flutter (15591): #1      RenderObjectElement._updateParentData (package:flutter/src/widgets/framework.dart:6901)
I/flutter (15591): #2      RenderObjectElement.attachRenderObject (package:flutter/src/widgets/framework.dart:6945)
I/flutter (15591): #3      RenderObjectElement.mount (package:flutter/src/widgets/framework.dart:6801)
I/flutter (15591): #4      Element.inflateWidget (package:flutter/src/widgets/framework.dart:4587)
I/flutter (15591): #5      Element.updateChild (package:flutter/src/widgets/framework.dart:4059)
I/flutter (15591): #6      ComponentElement.performRebuild (package:flutter/src/widgets/framework.dart:5858)
I/flutter (15591): #7      Element.rebuild (package:flutter/src/widgets/framework.dart:5529)
I/flutter (15591): #8      ComponentElement._firstBuild (package:flutter/src/widgets/framework.dart:5799)
I/flutter (15591): #9      ComponentElement.mount (package:flutter/src/widgets/framework.dart:5793)
I/flutter (15591): #10     Element.inflateWidget (package:flutter/src/widgets/framework.dart:4587)
I/flutter (15591): #11     Element.updateChild (package:flutter/src/widgets/framework.dart:4053)
I/flutter (15591): #12     ComponentElement.performRebuild (package:flutter/src/widgets/framework.dart:5841)
I/flutter (15591): #13     StatefulElement.performRebuild (package:flutter/src/widgets/framework.dart:5982)
I/flutter (15591): #14     Element.rebuild (package:flutter/src/widgets/framework.dart:5529)
I/flutter (15591): #15     BuildScope._tryRebuild (package:flutter/src/widgets/framework.dart:2750)
I/flutter (15591): #16     BuildScope._flushDirtyElements (package:flutter/src/widgets/framework.dart:2807)
I/flutter (15591): #17     BuildOwner.buildScope (package:flutter/src/widgets/framework.dart:3111)
I/flutter (15591): #18     WidgetsBinding.drawFrame (package:flutter/src/widgets/binding.dart:1571)
I/flutter (15591): #19     RendererBinding._handlePersistentFrameCallback (package:flutter/src/rendering/binding.dart:509)
I/flutter (15591): #20     SchedulerBinding._invokeFrameCallback (package:flutter/src/scheduler/binding.dart:1430)
I/flutter (15591): #21     SchedulerBinding.handleDrawFrame (package:flutter/src/scheduler/binding.dart:1345)
I/flutter (15591): #22     LiveTestWidgetsFlutterBinding.handleDrawFrame (package:flutter_test/src/binding.dart:2811)
I/flutter (15591): #23     SchedulerBinding._handleDrawFrame (package:flutter/src/scheduler/binding.dart:1198)
I/flutter (15591): #27     _invoke (dart:ui/hooks.dart:425)
I/flutter (15591): #28     PlatformDispatcher._drawFrame (dart:ui/platform_dispatcher.dart:447)
I/flutter (15591): #29     _drawFrame (dart:ui/hooks.dart:395)
I/flutter (15591): (elided 3 frames from dart:async)
I/flutter (15591): [SPM:perf] 698a51a  buildSpan: 5483µs
I/flutter (15591): [spm] Performance monitoring completed for 698a51a
[spm]: ProfilerData event received.
I/flutter (15591): type 'MultiChildLayoutParentData' is not a subtype of type 'StackParentData' in type cast
I/flutter (15591): #0      Positioned.applyParentData (package:flutter/src/widgets/basic.dart:5171)
I/flutter (15591): #1      RenderObjectElement._updateParentData (package:flutter/src/widgets/framework.dart:6901)
I/flutter (15591): #2      RenderObjectElement.attachRenderObject (package:flutter/src/widgets/framework.dart:6945)
I/flutter (15591): #3      RenderObjectElement.mount (package:flutter/src/widgets/framework.dart:6801)
I/flutter (15591): #4      SingleChildRenderObjectElement.mount (package:flutter/src/widgets/framework.dart:7114)
I/flutter (15591): #5      Element.inflateWidget (package:flutter/src/widgets/framework.dart:4587)
I/flutter (15591): #6      Element.updateChild (package:flutter/src/widgets/framework.dart:4059)
I/flutter (15591): #7      ComponentElement.performRebuild (package:flutter/src/widgets/framework.dart:5841)
I/flutter (15591): #8      Element.rebuild (package:flutter/src/widgets/framework.dart:5529)
I/flutter (15591): #9      ComponentElement._firstBuild (package:flutter/src/widgets/framework.dart:5799)
I/flutter (15591): #10     ComponentElement.mount (package:flutter/src/widgets/framework.dart:5793)
I/flutter (15591): #11     Element.inflateWidget (package:flutter/src/widgets/framework.dart:4587)
I/flutter (15591): #12     Element.updateChild (package:flutter/src/widgets/framework.dart:4053)
I/flutter (15591): #13     ComponentElement.performRebuild (package:flutter/src/widgets/framework.dart:5841)
I/flutter (15591): #14     StatefulElement.performRebuild (package:flutter/src/widgets/framework.dart:5982)
I/flutter (15591): #15     Element.rebuild (package:flutter/src/widgets/framework.dart:5529)
I/flutter (15591): #16     BuildScope._tryRebuild (package:flutter/src/widgets/framework.dart:2750)
I/flutter (15591): #17     BuildScope._flushDirtyElements (package:flutter/src/widgets/framework.dart:2807)
I/flutter (15591): #18     BuildOwner.buildScope (package:flutter/src/widgets/framework.dart:3111)
I/flutter (15591): #19     WidgetsBinding.drawFrame (package:flutter/src/widgets/binding.dart:1571)
I/flutter (15591): #20     RendererBinding._handlePersistentFrameCallback (package:flutter/src/rendering/binding.dart:509)
I/flutter (15591): #21     SchedulerBinding._invokeFrameCallback (package:flutter/src/scheduler/binding.dart:1430)
I/flutter (15591): #22     SchedulerBinding.handleDrawFrame (package:flutter/src/scheduler/binding.dart:1345)
I/flutter (15591): #23     LiveTestWidgetsFlutterBinding.handleDrawFrame (package:flutter_test/src/binding.dart:2811)
I/flutter (15591): #24     SchedulerBinding._handleDrawFrame (package:flutter/src/scheduler/binding.dart:1198)
I/flutter (15591): #28     _invoke (dart:ui/hooks.dart:425)
I/flutter (15591): #29     PlatformDispatcher._drawFrame (dart:ui/platform_dispatcher.dart:447)
I/flutter (15591): #30     _drawFrame (dart:ui/hooks.dart:395)
I/flutter (15591): (elided 3 frames from dart:async)
I/flutter (15591): type 'MultiChildLayoutParentData' is not a subtype of type 'StackParentData' in type cast
I/flutter (15591): #0      Positioned.applyParentData (package:flutter/src/widgets/basic.dart:5171)
I/flutter (15591): #1      RenderObjectElement._updateParentData (package:flutter/src/widgets/framework.dart:6901)
I/flutter (15591): #2      RenderObjectElement.attachRenderObject (package:flutter/src/widgets/framework.dart:6945)
I/flutter (15591): #3      RenderObjectElement.mount (package:flutter/src/widgets/framework.dart:6801)
I/flutter (15591): #4      Element.inflateWidget (package:flutter/src/widgets/framework.dart:4587)
I/flutter (15591): #5      Element.updateChild (package:flutter/src/widgets/framework.dart:4059)
I/flutter (15591): #6      ComponentElement.performRebuild (package:flutter/src/widgets/framework.dart:5858)
I/flutter (15591): #7      Element.rebuild (package:flutter/src/widgets/framework.dart:5529)
I/flutter (15591): #8      ComponentElement._firstBuild (package:flutter/src/widgets/framework.dart:5799)
I/flutter (15591): #9      ComponentElement.mount (package:flutter/src/widgets/framework.dart:5793)
I/flutter (15591): #10     Element.inflateWidget (package:flutter/src/widgets/framework.dart:4587)
I/flutter (15591): #11     Element.updateChild (package:flutter/src/widgets/framework.dart:4053)
I/flutter (15591): #12     ComponentElement.performRebuild (package:flutter/src/widgets/framework.dart:5841)
I/flutter (15591): #13     StatefulElement.performRebuild (package:flutter/src/widgets/framework.dart:5982)
I/flutter (15591): #14     Element.rebuild (package:flutter/src/widgets/framework.dart:5529)
I/flutter (15591): #15     BuildScope._tryRebuild (package:flutter/src/widgets/framework.dart:2750)
I/flutter (15591): #16     BuildScope._flushDirtyElements (package:flutter/src/widgets/framework.dart:2807)
I/flutter (15591): #17     BuildOwner.buildScope (package:flutter/src/widgets/framework.dart:3111)
I/flutter (15591): #18     WidgetsBinding.drawFrame (package:flutter/src/widgets/binding.dart:1571)
I/flutter (15591): #19     RendererBinding._handlePersistentFrameCallback (package:flutter/src/rendering/binding.dart:509)
I/flutter (15591): #20     SchedulerBinding._invokeFrameCallback (package:flutter/src/scheduler/binding.dart:1430)
I/flutter (15591): #21     SchedulerBinding.handleDrawFrame (package:flutter/src/scheduler/binding.dart:1345)
I/flutter (15591): #22     LiveTestWidgetsFlutterBinding.handleDrawFrame (package:flutter_test/src/binding.dart:2811)
I/flutter (15591): #23     SchedulerBinding._handleDrawFrame (package:flutter/src/scheduler/binding.dart:1198)
I/flutter (15591): #27     _invoke (dart:ui/hooks.dart:425)
I/flutter (15591): #28     PlatformDispatcher._drawFrame (dart:ui/platform_dispatcher.dart:447)
I/flutter (15591): #29     _drawFrame (dart:ui/hooks.dart:395)
I/flutter (15591): (elided 3 frames from dart:async)
I/flutter (15591): [SPM:perf] 698a51a  buildSpan: 5445µs
I/flutter (15591): [spm] Performance monitoring completed for 698a51a
[spm]: ProfilerData event received.
I/flutter (15591): type 'MultiChildLayoutParentData' is not a subtype of type 'StackParentData' in type cast
I/flutter (15591): #0      Positioned.applyParentData (package:flutter/src/widgets/basic.dart:5171)
I/flutter (15591): #1      RenderObjectElement._updateParentData (package:flutter/src/widgets/framework.dart:6901)
I/flutter (15591): #2      RenderObjectElement.attachRenderObject (package:flutter/src/widgets/framework.dart:6945)
I/flutter (15591): #3      RenderObjectElement.mount (package:flutter/src/widgets/framework.dart:6801)
I/flutter (15591): #4      SingleChildRenderObjectElement.mount (package:flutter/src/widgets/framework.dart:7114)
I/flutter (15591): #5      Element.inflateWidget (package:flutter/src/widgets/framework.dart:4587)
I/flutter (15591): #6      Element.updateChild (package:flutter/src/widgets/framework.dart:4059)
I/flutter (15591): #7      ComponentElement.performRebuild (package:flutter/src/widgets/framework.dart:5841)
I/flutter (15591): #8      Element.rebuild (package:flutter/src/widgets/framework.dart:5529)
I/flutter (15591): #9      ComponentElement._firstBuild (package:flutter/src/widgets/framework.dart:5799)
I/flutter (15591): #10     ComponentElement.mount (package:flutter/src/widgets/framework.dart:5793)
I/flutter (15591): #11     Element.inflateWidget (package:flutter/src/widgets/framework.dart:4587)
I/flutter (15591): #12     Element.updateChild (package:flutter/src/widgets/framework.dart:4053)
I/flutter (15591): #13     ComponentElement.performRebuild (package:flutter/src/widgets/framework.dart:5841)
I/flutter (15591): #14     StatefulElement.performRebuild (package:flutter/src/widgets/framework.dart:5982)
I/flutter (15591): #15     Element.rebuild (package:flutter/src/widgets/framework.dart:5529)
I/flutter (15591): #16     BuildScope._tryRebuild (package:flutter/src/widgets/framework.dart:2750)
I/flutter (15591): #17     BuildScope._flushDirtyElements (package:flutter/src/widgets/framework.dart:2807)
I/flutter (15591): #18     BuildOwner.buildScope (package:flutter/src/widgets/framework.dart:3111)
I/flutter (15591): #19     WidgetsBinding.drawFrame (package:flutter/src/widgets/binding.dart:1571)
I/flutter (15591): #20     RendererBinding._handlePersistentFrameCallback (package:flutter/src/rendering/binding.dart:509)
I/flutter (15591): #21     SchedulerBinding._invokeFrameCallback (package:flutter/src/scheduler/binding.dart:1430)
I/flutter (15591): #22     SchedulerBinding.handleDrawFrame (package:flutter/src/scheduler/binding.dart:1345)
I/flutter (15591): #23     LiveTestWidgetsFlutterBinding.handleDrawFrame (package:flutter_test/src/binding.dart:2811)
I/flutter (15591): #24     SchedulerBinding._handleDrawFrame (package:flutter/src/scheduler/binding.dart:1198)
I/flutter (15591): #28     _invoke (dart:ui/hooks.dart:425)
I/flutter (15591): #29     PlatformDispatcher._drawFrame (dart:ui/platform_dispatcher.dart:447)
I/flutter (15591): #30     _drawFrame (dart:ui/hooks.dart:395)
I/flutter (15591): (elided 3 frames from dart:async)
I/flutter (15591): type 'MultiChildLayoutParentData' is not a subtype of type 'StackParentData' in type cast
I/flutter (15591): #0      Positioned.applyParentData (package:flutter/src/widgets/basic.dart:5171)
I/flutter (15591): #1      RenderObjectElement._updateParentData (package:flutter/src/widgets/framework.dart:6901)
I/flutter (15591): #2      RenderObjectElement.attachRenderObject (package:flutter/src/widgets/framework.dart:6945)
I/flutter (15591): #3      RenderObjectElement.mount (package:flutter/src/widgets/framework.dart:6801)
I/flutter (15591): #4      Element.inflateWidget (package:flutter/src/widgets/framework.dart:4587)
I/flutter (15591): #5      Element.updateChild (package:flutter/src/widgets/framework.dart:4059)
I/flutter (15591): #6      ComponentElement.performRebuild (package:flutter/src/widgets/framework.dart:5858)
I/flutter (15591): #7      Element.rebuild (package:flutter/src/widgets/framework.dart:5529)
I/flutter (15591): #8      ComponentElement._firstBuild (package:flutter/src/widgets/framework.dart:5799)
I/flutter (15591): #9      ComponentElement.mount (package:flutter/src/widgets/framework.dart:5793)
I/flutter (15591): #10     Element.inflateWidget (package:flutter/src/widgets/framework.dart:4587)
I/flutter (15591): #11     Element.updateChild (package:flutter/src/widgets/framework.dart:4053)
I/flutter (15591): #12     ComponentElement.performRebuild (package:flutter/src/widgets/framework.dart:5841)
I/flutter (15591): #13     StatefulElement.performRebuild (package:flutter/src/widgets/framework.dart:5982)
I/flutter (15591): #14     Element.rebuild (package:flutter/src/widgets/framework.dart:5529)
I/flutter (15591): #15     BuildScope._tryRebuild (package:flutter/src/widgets/framework.dart:2750)
I/flutter (15591): #16     BuildScope._flushDirtyElements (package:flutter/src/widgets/framework.dart:2807)
I/flutter (15591): #17     BuildOwner.buildScope (package:flutter/src/widgets/framework.dart:3111)
I/flutter (15591): #18     WidgetsBinding.drawFrame (package:flutter/src/widgets/binding.dart:1571)
I/flutter (15591): #19     RendererBinding._handlePersistentFrameCallback (package:flutter/src/rendering/binding.dart:509)
I/flutter (15591): #20     SchedulerBinding._invokeFrameCallback (package:flutter/src/scheduler/binding.dart:1430)
I/flutter (15591): #21     SchedulerBinding.handleDrawFrame (package:flutter/src/scheduler/binding.dart:1345)
I/flutter (15591): #22     LiveTestWidgetsFlutterBinding.handleDrawFrame (package:flutter_test/src/binding.dart:2811)
I/flutter (15591): #23     SchedulerBinding._handleDrawFrame (package:flutter/src/scheduler/binding.dart:1198)
I/flutter (15591): #27     _invoke (dart:ui/hooks.dart:425)
I/flutter (15591): #28     PlatformDispatcher._drawFrame (dart:ui/platform_dispatcher.dart:447)
I/flutter (15591): #29     _drawFrame (dart:ui/hooks.dart:395)
I/flutter (15591): (elided 3 frames from dart:async)
[spm]: ProfilerData event received.
I/flutter (15591): [SPM:perf] 698a51a  buildSpan: 5465µs
I/flutter (15591): [spm] Performance monitoring completed for 698a51a
I/flutter (15591): type 'MultiChildLayoutParentData' is not a subtype of type 'StackParentData' in type cast
I/flutter (15591): #0      Positioned.applyParentData (package:flutter/src/widgets/basic.dart:5171)
I/flutter (15591): #1      RenderObjectElement._updateParentData (package:flutter/src/widgets/framework.dart:6901)
I/flutter (15591): #2      RenderObjectElement.attachRenderObject (package:flutter/src/widgets/framework.dart:6945)
I/flutter (15591): #3      RenderObjectElement.mount (package:flutter/src/widgets/framework.dart:6801)
I/flutter (15591): #4      SingleChildRenderObjectElement.mount (package:flutter/src/widgets/framework.dart:7114)
I/flutter (15591): #5      Element.inflateWidget (package:flutter/src/widgets/framework.dart:4587)
I/flutter (15591): #6      Element.updateChild (package:flutter/src/widgets/framework.dart:4059)
I/flutter (15591): #7      ComponentElement.performRebuild (package:flutter/src/widgets/framework.dart:5841)
I/flutter (15591): #8      Element.rebuild (package:flutter/src/widgets/framework.dart:5529)
I/flutter (15591): #9      ComponentElement._firstBuild (package:flutter/src/widgets/framework.dart:5799)
I/flutter (15591): #10     ComponentElement.mount (package:flutter/src/widgets/framework.dart:5793)
I/flutter (15591): #11     Element.inflateWidget (package:flutter/src/widgets/framework.dart:4587)
I/flutter (15591): #12     Element.updateChild (package:flutter/src/widgets/framework.dart:4053)
I/flutter (15591): #13     ComponentElement.performRebuild (package:flutter/src/widgets/framework.dart:5841)
I/flutter (15591): #14     StatefulElement.performRebuild (package:flutter/src/widgets/framework.dart:5982)
I/flutter (15591): #15     Element.rebuild (package:flutter/src/widgets/framework.dart:5529)
I/flutter (15591): #16     BuildScope._tryRebuild (package:flutter/src/widgets/framework.dart:2750)
I/flutter (15591): #17     BuildScope._flushDirtyElements (package:flutter/src/widgets/framework.dart:2807)
I/flutter (15591): #18     BuildOwner.buildScope (package:flutter/src/widgets/framework.dart:3111)
I/flutter (15591): #19     WidgetsBinding.drawFrame (package:flutter/src/widgets/binding.dart:1571)
I/flutter (15591): #20     RendererBinding._handlePersistentFrameCallback (package:flutter/src/rendering/binding.dart:509)
I/flutter (15591): #21     SchedulerBinding._invokeFrameCallback (package:flutter/src/scheduler/binding.dart:1430)
I/flutter (15591): #22     SchedulerBinding.handleDrawFrame (package:flutter/src/scheduler/binding.dart:1345)
I/flutter (15591): #23     LiveTestWidgetsFlutterBinding.handleDrawFrame (package:flutter_test/src/binding.dart:2811)
I/flutter (15591): #24     SchedulerBinding._handleDrawFrame (package:flutter/src/scheduler/binding.dart:1198)
I/flutter (15591): #28     _invoke (dart:ui/hooks.dart:425)
I/flutter (15591): #29     PlatformDispatcher._drawFrame (dart:ui/platform_dispatcher.dart:447)
I/flutter (15591): #30     _drawFrame (dart:ui/hooks.dart:395)
I/flutter (15591): (elided 3 frames from dart:async)
I/flutter (15591): type 'MultiChildLayoutParentData' is not a subtype of type 'StackParentData' in type cast
I/flutter (15591): #0      Positioned.applyParentData (package:flutter/src/widgets/basic.dart:5171)
I/flutter (15591): #1      RenderObjectElement._updateParentData (package:flutter/src/widgets/framework.dart:6901)
I/flutter (15591): #2      RenderObjectElement.attachRenderObject (package:flutter/src/widgets/framework.dart:6945)
I/flutter (15591): #3      RenderObjectElement.mount (package:flutter/src/widgets/framework.dart:6801)
I/flutter (15591): #4      Element.inflateWidget (package:flutter/src/widgets/framework.dart:4587)
I/flutter (15591): #5      Element.updateChild (package:flutter/src/widgets/framework.dart:4059)
I/flutter (15591): #6      ComponentElement.performRebuild (package:flutter/src/widgets/framework.dart:5858)
I/flutter (15591): #7      Element.rebuild (package:flutter/src/widgets/framework.dart:5529)
I/flutter (15591): #8      ComponentElement._firstBuild (package:flutter/src/widgets/framework.dart:5799)
I/flutter (15591): #9      ComponentElement.mount (package:flutter/src/widgets/framework.dart:5793)
I/flutter (15591): #10     Element.inflateWidget (package:flutter/src/widgets/framework.dart:4587)
I/flutter (15591): #11     Element.updateChild (package:flutter/src/widgets/framework.dart:4053)
I/flutter (15591): #12     ComponentElement.performRebuild (package:flutter/src/widgets/framework.dart:5841)
I/flutter (15591): #13     StatefulElement.performRebuild (package:flutter/src/widgets/framework.dart:5982)
I/flutter (15591): #14     Element.rebuild (package:flutter/src/widgets/framework.dart:5529)
I/flutter (15591): #15     BuildScope._tryRebuild (package:flutter/src/widgets/framework.dart:2750)
I/flutter (15591): #16     BuildScope._flushDirtyElements (package:flutter/src/widgets/framework.dart:2807)
I/flutter (15591): #17     BuildOwner.buildScope (package:flutter/src/widgets/framework.dart:3111)
I/flutter (15591): #18     WidgetsBinding.drawFrame (package:flutter/src/widgets/binding.dart:1571)
I/flutter (15591): #19     RendererBinding._handlePersistentFrameCallback (package:flutter/src/rendering/binding.dart:509)
I/flutter (15591): #20     SchedulerBinding._invokeFrameCallback (package:flutter/src/scheduler/binding.dart:1430)
I/flutter (15591): #21     SchedulerBinding.handleDrawFrame (package:flutter/src/scheduler/binding.dart:1345)
I/flutter (15591): #22     LiveTestWidgetsFlutterBinding.handleDrawFrame (package:flutter_test/src/binding.dart:2811)
I/flutter (15591): #23     SchedulerBinding._handleDrawFrame (package:flutter/src/scheduler/binding.dart:1198)
I/flutter (15591): #27     _invoke (dart:ui/hooks.dart:425)
I/flutter (15591): #28     PlatformDispatcher._drawFrame (dart:ui/platform_dispatcher.dart:447)
I/flutter (15591): #29     _drawFrame (dart:ui/hooks.dart:395)
I/flutter (15591): (elided 3 frames from dart:async)
[spm]: ProfilerData event received.
I/flutter (15591): [SPM:perf] 698a51a  buildSpan: 5436µs
I/flutter (15591): [spm] Performance monitoring completed for 698a51a
I/flutter (15591): type 'MultiChildLayoutParentData' is not a subtype of type 'StackParentData' in type cast
I/flutter (15591): #0      Positioned.applyParentData (package:flutter/src/widgets/basic.dart:5171)
I/flutter (15591): #1      RenderObjectElement._updateParentData (package:flutter/src/widgets/framework.dart:6901)
I/flutter (15591): #2      RenderObjectElement.attachRenderObject (package:flutter/src/widgets/framework.dart:6945)
I/flutter (15591): #3      RenderObjectElement.mount (package:flutter/src/widgets/framework.dart:6801)
I/flutter (15591): #4      SingleChildRenderObjectElement.mount (package:flutter/src/widgets/framework.dart:7114)
I/flutter (15591): #5      Element.inflateWidget (package:flutter/src/widgets/framework.dart:4587)
I/flutter (15591): #6      Element.updateChild (package:flutter/src/widgets/framework.dart:4059)
I/flutter (15591): #7      ComponentElement.performRebuild (package:flutter/src/widgets/framework.dart:5841)
I/flutter (15591): #8      Element.rebuild (package:flutter/src/widgets/framework.dart:5529)
I/flutter (15591): #9      ComponentElement._firstBuild (package:flutter/src/widgets/framework.dart:5799)
I/flutter (15591): #10     ComponentElement.mount (package:flutter/src/widgets/framework.dart:5793)
I/flutter (15591): #11     Element.inflateWidget (package:flutter/src/widgets/framework.dart:4587)
I/flutter (15591): #12     Element.updateChild (package:flutter/src/widgets/framework.dart:4053)
I/flutter (15591): #13     ComponentElement.performRebuild (package:flutter/src/widgets/framework.dart:5841)
I/flutter (15591): #14     StatefulElement.performRebuild (package:flutter/src/widgets/framework.dart:5982)
I/flutter (15591): #15     Element.rebuild (package:flutter/src/widgets/framework.dart:5529)
I/flutter (15591): #16     BuildScope._tryRebuild (package:flutter/src/widgets/framework.dart:2750)
I/flutter (15591): #17     BuildScope._flushDirtyElements (package:flutter/src/widgets/framework.dart:2807)
I/flutter (15591): #18     BuildOwner.buildScope (package:flutter/src/widgets/framework.dart:3111)
I/flutter (15591): #19     WidgetsBinding.drawFrame (package:flutter/src/widgets/binding.dart:1571)
I/flutter (15591): #20     RendererBinding._handlePersistentFrameCallback (package:flutter/src/rendering/binding.dart:509)
I/flutter (15591): #21     SchedulerBinding._invokeFrameCallback (package:flutter/src/scheduler/binding.dart:1430)
I/flutter (15591): #22     SchedulerBinding.handleDrawFrame (package:flutter/src/scheduler/binding.dart:1345)
I/flutter (15591): #23     LiveTestWidgetsFlutterBinding.handleDrawFrame (package:flutter_test/src/binding.dart:2811)
I/flutter (15591): #24     SchedulerBinding._handleDrawFrame (package:flutter/src/scheduler/binding.dart:1198)
I/flutter (15591): #28     _invoke (dart:ui/hooks.dart:425)
I/flutter (15591): #29     PlatformDispatcher._drawFrame (dart:ui/platform_dispatcher.dart:447)
I/flutter (15591): #30     _drawFrame (dart:ui/hooks.dart:395)
I/flutter (15591): (elided 3 frames from dart:async)
I/flutter (15591): type 'MultiChildLayoutParentData' is not a subtype of type 'StackParentData' in type cast
I/flutter (15591): #0      Positioned.applyParentData (package:flutter/src/widgets/basic.dart:5171)
I/flutter (15591): #1      RenderObjectElement._updateParentData (package:flutter/src/widgets/framework.dart:6901)
I/flutter (15591): #2      RenderObjectElement.attachRenderObject (package:flutter/src/widgets/framework.dart:6945)
I/flutter (15591): #3      RenderObjectElement.mount (package:flutter/src/widgets/framework.dart:6801)
I/flutter (15591): #4      Element.inflateWidget (package:flutter/src/widgets/framework.dart:4587)
I/flutter (15591): #5      Element.updateChild (package:flutter/src/widgets/framework.dart:4059)
I/flutter (15591): #6      ComponentElement.performRebuild (package:flutter/src/widgets/framework.dart:5858)
I/flutter (15591): #7      Element.rebuild (package:flutter/src/widgets/framework.dart:5529)
I/flutter (15591): #8      ComponentElement._firstBuild (package:flutter/src/widgets/framework.dart:5799)
I/flutter (15591): #9      ComponentElement.mount (package:flutter/src/widgets/framework.dart:5793)
I/flutter (15591): #10     Element.inflateWidget (package:flutter/src/widgets/framework.dart:4587)
I/flutter (15591): #11     Element.updateChild (package:flutter/src/widgets/framework.dart:4053)
I/flutter (15591): #12     ComponentElement.performRebuild (package:flutter/src/widgets/framework.dart:5841)
I/flutter (15591): #13     StatefulElement.performRebuild (package:flutter/src/widgets/framework.dart:5982)
I/flutter (15591): #14     Element.rebuild (package:flutter/src/widgets/framework.dart:5529)
I/flutter (15591): #15     BuildScope._tryRebuild (package:flutter/src/widgets/framework.dart:2750)
I/flutter (15591): #16     BuildScope._flushDirtyElements (package:flutter/src/widgets/framework.dart:2807)
I/flutter (15591): #17     BuildOwner.buildScope (package:flutter/src/widgets/framework.dart:3111)
I/flutter (15591): #18     WidgetsBinding.drawFrame (package:flutter/src/widgets/binding.dart:1571)
I/flutter (15591): #19     RendererBinding._handlePersistentFrameCallback (package:flutter/src/rendering/binding.dart:509)
I/flutter (15591): #20     SchedulerBinding._invokeFrameCallback (package:flutter/src/scheduler/binding.dart:1430)
I/flutter (15591): #21     SchedulerBinding.handleDrawFrame (package:flutter/src/scheduler/binding.dart:1345)
I/flutter (15591): #22     LiveTestWidgetsFlutterBinding.handleDrawFrame (package:flutter_test/src/binding.dart:2811)
I/flutter (15591): #23     SchedulerBinding._handleDrawFrame (package:flutter/src/scheduler/binding.dart:1198)
I/flutter (15591): #27     _invoke (dart:ui/hooks.dart:425)
I/flutter (15591): #28     PlatformDispatcher._drawFrame (dart:ui/platform_dispatcher.dart:447)
I/flutter (15591): #29     _drawFrame (dart:ui/hooks.dart:395)
I/flutter (15591): (elided 3 frames from dart:async)
[spm]: ProfilerData event received.
I/flutter (15591): [SPM:perf] 698a51a  buildSpan: 5420µs
I/flutter (15591): [spm] Performance monitoring completed for 698a51a
I/flutter (15591): type 'MultiChildLayoutParentData' is not a subtype of type 'StackParentData' in type cast
I/flutter (15591): #0      Positioned.applyParentData (package:flutter/src/widgets/basic.dart:5171)
I/flutter (15591): #1      RenderObjectElement._updateParentData (package:flutter/src/widgets/framework.dart:6901)
I/flutter (15591): #2      RenderObjectElement.attachRenderObject (package:flutter/src/widgets/framework.dart:6945)
I/flutter (15591): #3      RenderObjectElement.mount (package:flutter/src/widgets/framework.dart:6801)
I/flutter (15591): #4      SingleChildRenderObjectElement.mount (package:flutter/src/widgets/framework.dart:7114)
I/flutter (15591): #5      Element.inflateWidget (package:flutter/src/widgets/framework.dart:4587)
I/flutter (15591): #6      Element.updateChild (package:flutter/src/widgets/framework.dart:4059)
I/flutter (15591): #7      ComponentElement.performRebuild (package:flutter/src/widgets/framework.dart:5841)
I/flutter (15591): #8      Element.rebuild (package:flutter/src/widgets/framework.dart:5529)
I/flutter (15591): #9      ComponentElement._firstBuild (package:flutter/src/widgets/framework.dart:5799)
I/flutter (15591): #10     ComponentElement.mount (package:flutter/src/widgets/framework.dart:5793)
I/flutter (15591): #11     Element.inflateWidget (package:flutter/src/widgets/framework.dart:4587)
I/flutter (15591): #12     Element.updateChild (package:flutter/src/widgets/framework.dart:4053)
I/flutter (15591): #13     ComponentElement.performRebuild (package:flutter/src/widgets/framework.dart:5841)
I/flutter (15591): #14     StatefulElement.performRebuild (package:flutter/src/widgets/framework.dart:5982)
I/flutter (15591): #15     Element.rebuild (package:flutter/src/widgets/framework.dart:5529)
I/flutter (15591): #16     BuildScope._tryRebuild (package:flutter/src/widgets/framework.dart:2750)
I/flutter (15591): #17     BuildScope._flushDirtyElements (package:flutter/src/widgets/framework.dart:2807)
I/flutter (15591): #18     BuildOwner.buildScope (package:flutter/src/widgets/framework.dart:3111)
I/flutter (15591): #19     WidgetsBinding.drawFrame (package:flutter/src/widgets/binding.dart:1571)
I/flutter (15591): #20     RendererBinding._handlePersistentFrameCallback (package:flutter/src/rendering/binding.dart:509)
I/flutter (15591): #21     SchedulerBinding._invokeFrameCallback (package:flutter/src/scheduler/binding.dart:1430)
I/flutter (15591): #22     SchedulerBinding.handleDrawFrame (package:flutter/src/scheduler/binding.dart:1345)
I/flutter (15591): #23     LiveTestWidgetsFlutterBinding.handleDrawFrame (package:flutter_test/src/binding.dart:2811)
I/flutter (15591): #24     SchedulerBinding._handleDrawFrame (package:flutter/src/scheduler/binding.dart:1198)
I/flutter (15591): #28     _invoke (dart:ui/hooks.dart:425)
I/flutter (15591): #29     PlatformDispatcher._drawFrame (dart:ui/platform_dispatcher.dart:447)
I/flutter (15591): #30     _drawFrame (dart:ui/hooks.dart:395)
I/flutter (15591): (elided 3 frames from dart:async)
I/flutter (15591): type 'MultiChildLayoutParentData' is not a subtype of type 'StackParentData' in type cast
I/flutter (15591): #0      Positioned.applyParentData (package:flutter/src/widgets/basic.dart:5171)
I/flutter (15591): #1      RenderObjectElement._updateParentData (package:flutter/src/widgets/framework.dart:6901)
I/flutter (15591): #2      RenderObjectElement.attachRenderObject (package:flutter/src/widgets/framework.dart:6945)
I/flutter (15591): #3      RenderObjectElement.mount (package:flutter/src/widgets/framework.dart:6801)
I/flutter (15591): #4      Element.inflateWidget (package:flutter/src/widgets/framework.dart:4587)
I/flutter (15591): #5      Element.updateChild (package:flutter/src/widgets/framework.dart:4059)
I/flutter (15591): #6      ComponentElement.performRebuild (package:flutter/src/widgets/framework.dart:5858)
I/flutter (15591): #7      Element.rebuild (package:flutter/src/widgets/framework.dart:5529)
I/flutter (15591): #8      ComponentElement._firstBuild (package:flutter/src/widgets/framework.dart:5799)
I/flutter (15591): #9      ComponentElement.mount (package:flutter/src/widgets/framework.dart:5793)
I/flutter (15591): #10     Element.inflateWidget (package:flutter/src/widgets/framework.dart:4587)
I/flutter (15591): #11     Element.updateChild (package:flutter/src/widgets/framework.dart:4053)
I/flutter (15591): #12     ComponentElement.performRebuild (package:flutter/src/widgets/framework.dart:5841)
I/flutter (15591): #13     StatefulElement.performRebuild (package:flutter/src/widgets/framework.dart:5982)
I/flutter (15591): #14     Element.rebuild (package:flutter/src/widgets/framework.dart:5529)
I/flutter (15591): #15     BuildScope._tryRebuild (package:flutter/src/widgets/framework.dart:2750)
I/flutter (15591): #16     BuildScope._flushDirtyElements (package:flutter/src/widgets/framework.dart:2807)
I/flutter (15591): #17     BuildOwner.buildScope (package:flutter/src/widgets/framework.dart:3111)
I/flutter (15591): #18     WidgetsBinding.drawFrame (package:flutter/src/widgets/binding.dart:1571)
I/flutter (15591): #19     RendererBinding._handlePersistentFrameCallback (package:flutter/src/rendering/binding.dart:509)
I/flutter (15591): #20     SchedulerBinding._invokeFrameCallback (package:flutter/src/scheduler/binding.dart:1430)
I/flutter (15591): #21     SchedulerBinding.handleDrawFrame (package:flutter/src/scheduler/binding.dart:1345)
I/flutter (15591): #22     LiveTestWidgetsFlutterBinding.handleDrawFrame (package:flutter_test/src/binding.dart:2811)
I/flutter (15591): #23     SchedulerBinding._handleDrawFrame (package:flutter/src/scheduler/binding.dart:1198)
I/flutter (15591): #27     _invoke (dart:ui/hooks.dart:425)
I/flutter (15591): #28     PlatformDispatcher._drawFrame (dart:ui/platform_dispatcher.dart:447)
I/flutter (15591): #29     _drawFrame (dart:ui/hooks.dart:395)
I/flutter (15591): (elided 3 frames from dart:async)
I/flutter (15591): [SPM:perf] 698a51a  buildSpan: 5380µs
I/flutter (15591): [spm] Performance monitoring completed for 698a51a
[spm]: ProfilerData event received.
I/flutter (15591): type 'MultiChildLayoutParentData' is not a subtype of type 'StackParentData' in type cast
I/flutter (15591): #0      Positioned.applyParentData (package:flutter/src/widgets/basic.dart:5171)
I/flutter (15591): #1      RenderObjectElement._updateParentData (package:flutter/src/widgets/framework.dart:6901)
I/flutter (15591): #2      RenderObjectElement.attachRenderObject (package:flutter/src/widgets/framework.dart:6945)
I/flutter (15591): #3      RenderObjectElement.mount (package:flutter/src/widgets/framework.dart:6801)
I/flutter (15591): #4      SingleChildRenderObjectElement.mount (package:flutter/src/widgets/framework.dart:7114)
I/flutter (15591): #5      Element.inflateWidget (package:flutter/src/widgets/framework.dart:4587)
I/flutter (15591): #6      Element.updateChild (package:flutter/src/widgets/framework.dart:4059)
I/flutter (15591): #7      ComponentElement.performRebuild (package:flutter/src/widgets/framework.dart:5841)
I/flutter (15591): #8      Element.rebuild (package:flutter/src/widgets/framework.dart:5529)
I/flutter (15591): #9      ComponentElement._firstBuild (package:flutter/src/widgets/framework.dart:5799)
I/flutter (15591): #10     ComponentElement.mount (package:flutter/src/widgets/framework.dart:5793)
I/flutter (15591): #11     Element.inflateWidget (package:flutter/src/widgets/framework.dart:4587)
I/flutter (15591): #12     Element.updateChild (package:flutter/src/widgets/framework.dart:4053)
I/flutter (15591): #13     ComponentElement.performRebuild (package:flutter/src/widgets/framework.dart:5841)
I/flutter (15591): #14     StatefulElement.performRebuild (package:flutter/src/widgets/framework.dart:5982)
I/flutter (15591): #15     Element.rebuild (package:flutter/src/widgets/framework.dart:5529)
I/flutter (15591): #16     BuildScope._tryRebuild (package:flutter/src/widgets/framework.dart:2750)
I/flutter (15591): #17     BuildScope._flushDirtyElements (package:flutter/src/widgets/framework.dart:2807)
I/flutter (15591): #18     BuildOwner.buildScope (package:flutter/src/widgets/framework.dart:3111)
I/flutter (15591): #19     WidgetsBinding.drawFrame (package:flutter/src/widgets/binding.dart:1571)
I/flutter (15591): #20     RendererBinding._handlePersistentFrameCallback (package:flutter/src/rendering/binding.dart:509)
I/flutter (15591): #21     SchedulerBinding._invokeFrameCallback (package:flutter/src/scheduler/binding.dart:1430)
I/flutter (15591): #22     SchedulerBinding.handleDrawFrame (package:flutter/src/scheduler/binding.dart:1345)
I/flutter (15591): #23     LiveTestWidgetsFlutterBinding.handleDrawFrame (package:flutter_test/src/binding.dart:2811)
I/flutter (15591): #24     SchedulerBinding._handleDrawFrame (package:flutter/src/scheduler/binding.dart:1198)
I/flutter (15591): #28     _invoke (dart:ui/hooks.dart:425)
I/flutter (15591): #29     PlatformDispatcher._drawFrame (dart:ui/platform_dispatcher.dart:447)
I/flutter (15591): #30     _drawFrame (dart:ui/hooks.dart:395)
I/flutter (15591): (elided 3 frames from dart:async)
I/flutter (15591): type 'MultiChildLayoutParentData' is not a subtype of type 'StackParentData' in type cast
I/flutter (15591): #0      Positioned.applyParentData (package:flutter/src/widgets/basic.dart:5171)
I/flutter (15591): #1      RenderObjectElement._updateParentData (package:flutter/src/widgets/framework.dart:6901)
I/flutter (15591): #2      RenderObjectElement.attachRenderObject (package:flutter/src/widgets/framework.dart:6945)
I/flutter (15591): #3      RenderObjectElement.mount (package:flutter/src/widgets/framework.dart:6801)
I/flutter (15591): #4      Element.inflateWidget (package:flutter/src/widgets/framework.dart:4587)
I/flutter (15591): #5      Element.updateChild (package:flutter/src/widgets/framework.dart:4059)
I/flutter (15591): #6      ComponentElement.performRebuild (package:flutter/src/widgets/framework.dart:5858)
I/flutter (15591): #7      Element.rebuild (package:flutter/src/widgets/framework.dart:5529)
I/flutter (15591): #8      ComponentElement._firstBuild (package:flutter/src/widgets/framework.dart:5799)
I/flutter (15591): #9      ComponentElement.mount (package:flutter/src/widgets/framework.dart:5793)
I/flutter (15591): #10     Element.inflateWidget (package:flutter/src/widgets/framework.dart:4587)
I/flutter (15591): #11     Element.updateChild (package:flutter/src/widgets/framework.dart:4053)
I/flutter (15591): #12     ComponentElement.performRebuild (package:flutter/src/widgets/framework.dart:5841)
I/flutter (15591): #13     StatefulElement.performRebuild (package:flutter/src/widgets/framework.dart:5982)
I/flutter (15591): #14     Element.rebuild (package:flutter/src/widgets/framework.dart:5529)
I/flutter (15591): #15     BuildScope._tryRebuild (package:flutter/src/widgets/framework.dart:2750)
I/flutter (15591): #16     BuildScope._flushDirtyElements (package:flutter/src/widgets/framework.dart:2807)
I/flutter (15591): #17     BuildOwner.buildScope (package:flutter/src/widgets/framework.dart:3111)
I/flutter (15591): #18     WidgetsBinding.drawFrame (package:flutter/src/widgets/binding.dart:1571)
I/flutter (15591): #19     RendererBinding._handlePersistentFrameCallback (package:flutter/src/rendering/binding.dart:509)
I/flutter (15591): #20     SchedulerBinding._invokeFrameCallback (package:flutter/src/scheduler/binding.dart:1430)
I/flutter (15591): #21     SchedulerBinding.handleDrawFrame (package:flutter/src/scheduler/binding.dart:1345)
I/flutter (15591): #22     LiveTestWidgetsFlutterBinding.handleDrawFrame (package:flutter_test/src/binding.dart:2811)
I/flutter (15591): #23     SchedulerBinding._handleDrawFrame (package:flutter/src/scheduler/binding.dart:1198)
I/flutter (15591): #27     _invoke (dart:ui/hooks.dart:425)
I/flutter (15591): #28     PlatformDispatcher._drawFrame (dart:ui/platform_dispatcher.dart:447)
I/flutter (15591): #29     _drawFrame (dart:ui/hooks.dart:395)
I/flutter (15591): (elided 3 frames from dart:async)
[spm]: ProfilerData event received.
I/flutter (15591): [SPM:perf] 698a51a  buildSpan: 5573µs
I/flutter (15591): [spm] Performance monitoring completed for 698a51a
I/flutter (15591): type 'MultiChildLayoutParentData' is not a subtype of type 'StackParentData' in type cast
I/flutter (15591): #0      Positioned.applyParentData (package:flutter/src/widgets/basic.dart:5171)
I/flutter (15591): #1      RenderObjectElement._updateParentData (package:flutter/src/widgets/framework.dart:6901)
I/flutter (15591): #2      RenderObjectElement.attachRenderObject (package:flutter/src/widgets/framework.dart:6945)
I/flutter (15591): #3      RenderObjectElement.mount (package:flutter/src/widgets/framework.dart:6801)
I/flutter (15591): #4      SingleChildRenderObjectElement.mount (package:flutter/src/widgets/framework.dart:7114)
I/flutter (15591): #5      Element.inflateWidget (package:flutter/src/widgets/framework.dart:4587)
I/flutter (15591): #6      Element.updateChild (package:flutter/src/widgets/framework.dart:4059)
I/flutter (15591): #7      ComponentElement.performRebuild (package:flutter/src/widgets/framework.dart:5841)
I/flutter (15591): #8      Element.rebuild (package:flutter/src/widgets/framework.dart:5529)
I/flutter (15591): #9      ComponentElement._firstBuild (package:flutter/src/widgets/framework.dart:5799)
I/flutter (15591): #10     ComponentElement.mount (package:flutter/src/widgets/framework.dart:5793)
I/flutter (15591): #11     Element.inflateWidget (package:flutter/src/widgets/framework.dart:4587)
I/flutter (15591): #12     Element.updateChild (package:flutter/src/widgets/framework.dart:4053)
I/flutter (15591): #13     ComponentElement.performRebuild (package:flutter/src/widgets/framework.dart:5841)
I/flutter (15591): #14     StatefulElement.performRebuild (package:flutter/src/widgets/framework.dart:5982)
I/flutter (15591): #15     Element.rebuild (package:flutter/src/widgets/framework.dart:5529)
I/flutter (15591): #16     BuildScope._tryRebuild (package:flutter/src/widgets/framework.dart:2750)
I/flutter (15591): #17     BuildScope._flushDirtyElements (package:flutter/src/widgets/framework.dart:2807)
I/flutter (15591): #18     BuildOwner.buildScope (package:flutter/src/widgets/framework.dart:3111)
I/flutter (15591): #19     WidgetsBinding.drawFrame (package:flutter/src/widgets/binding.dart:1571)
I/flutter (15591): #20     RendererBinding._handlePersistentFrameCallback (package:flutter/src/rendering/binding.dart:509)
I/flutter (15591): #21     SchedulerBinding._invokeFrameCallback (package:flutter/src/scheduler/binding.dart:1430)
I/flutter (15591): #22     SchedulerBinding.handleDrawFrame (package:flutter/src/scheduler/binding.dart:1345)
I/flutter (15591): #23     LiveTestWidgetsFlutterBinding.handleDrawFrame (package:flutter_test/src/binding.dart:2811)
I/flutter (15591): #24     SchedulerBinding._handleDrawFrame (package:flutter/src/scheduler/binding.dart:1198)
I/flutter (15591): #28     _invoke (dart:ui/hooks.dart:425)
I/flutter (15591): #29     PlatformDispatcher._drawFrame (dart:ui/platform_dispatcher.dart:447)
I/flutter (15591): #30     _drawFrame (dart:ui/hooks.dart:395)
I/flutter (15591): (elided 3 frames from dart:async)
I/flutter (15591): type 'MultiChildLayoutParentData' is not a subtype of type 'StackParentData' in type cast
I/flutter (15591): #0      Positioned.applyParentData (package:flutter/src/widgets/basic.dart:5171)
I/flutter (15591): #1      RenderObjectElement._updateParentData (package:flutter/src/widgets/framework.dart:6901)
I/flutter (15591): #2      RenderObjectElement.attachRenderObject (package:flutter/src/widgets/framework.dart:6945)
I/flutter (15591): #3      RenderObjectElement.mount (package:flutter/src/widgets/framework.dart:6801)
I/flutter (15591): #4      Element.inflateWidget (package:flutter/src/widgets/framework.dart:4587)
I/flutter (15591): #5      Element.updateChild (package:flutter/src/widgets/framework.dart:4059)
I/flutter (15591): #6      ComponentElement.performRebuild (package:flutter/src/widgets/framework.dart:5858)
I/flutter (15591): #7      Element.rebuild (package:flutter/src/widgets/framework.dart:5529)
I/flutter (15591): #8      ComponentElement._firstBuild (package:flutter/src/widgets/framework.dart:5799)
I/flutter (15591): #9      ComponentElement.mount (package:flutter/src/widgets/framework.dart:5793)
I/flutter (15591): #10     Element.inflateWidget (package:flutter/src/widgets/framework.dart:4587)
I/flutter (15591): #11     Element.updateChild (package:flutter/src/widgets/framework.dart:4053)
I/flutter (15591): #12     ComponentElement.performRebuild (package:flutter/src/widgets/framework.dart:5841)
I/flutter (15591): #13     StatefulElement.performRebuild (package:flutter/src/widgets/framework.dart:5982)
I/flutter (15591): #14     Element.rebuild (package:flutter/src/widgets/framework.dart:5529)
I/flutter (15591): #15     BuildScope._tryRebuild (package:flutter/src/widgets/framework.dart:2750)
I/flutter (15591): #16     BuildScope._flushDirtyElements (package:flutter/src/widgets/framework.dart:2807)
I/flutter (15591): #17     BuildOwner.buildScope (package:flutter/src/widgets/framework.dart:3111)
I/flutter (15591): #18     WidgetsBinding.drawFrame (package:flutter/src/widgets/binding.dart:1571)
I/flutter (15591): #19     RendererBinding._handlePersistentFrameCallback (package:flutter/src/rendering/binding.dart:509)
I/flutter (15591): #20     SchedulerBinding._invokeFrameCallback (package:flutter/src/scheduler/binding.dart:1430)
I/flutter (15591): #21     SchedulerBinding.handleDrawFrame (package:flutter/src/scheduler/binding.dart:1345)
I/flutter (15591): #22     LiveTestWidgetsFlutterBinding.handleDrawFrame (package:flutter_test/src/binding.dart:2811)
I/flutter (15591): #23     SchedulerBinding._handleDrawFrame (package:flutter/src/scheduler/binding.dart:1198)
I/flutter (15591): #27     _invoke (dart:ui/hooks.dart:425)
I/flutter (15591): #28     PlatformDispatcher._drawFrame (dart:ui/platform_dispatcher.dart:447)
I/flutter (15591): #29     _drawFrame (dart:ui/hooks.dart:395)
I/flutter (15591): (elided 3 frames from dart:async)
[spm]: ProfilerData event received.
I/flutter (15591): [SPM:perf] 698a51a  buildSpan: 5391µs
I/flutter (15591): [spm] Performance monitoring completed for 698a51a
I/flutter (15591): type 'MultiChildLayoutParentData' is not a subtype of type 'StackParentData' in type cast
I/flutter (15591): #0      Positioned.applyParentData (package:flutter/src/widgets/basic.dart:5171)
I/flutter (15591): #1      RenderObjectElement._updateParentData (package:flutter/src/widgets/framework.dart:6901)
I/flutter (15591): #2      RenderObjectElement.attachRenderObject (package:flutter/src/widgets/framework.dart:6945)
I/flutter (15591): #3      RenderObjectElement.mount (package:flutter/src/widgets/framework.dart:6801)
I/flutter (15591): #4      SingleChildRenderObjectElement.mount (package:flutter/src/widgets/framework.dart:7114)
I/flutter (15591): #5      Element.inflateWidget (package:flutter/src/widgets/framework.dart:4587)
I/flutter (15591): #6      Element.updateChild (package:flutter/src/widgets/framework.dart:4059)
I/flutter (15591): #7      ComponentElement.performRebuild (package:flutter/src/widgets/framework.dart:5841)
I/flutter (15591): #8      Element.rebuild (package:flutter/src/widgets/framework.dart:5529)
I/flutter (15591): #9      ComponentElement._firstBuild (package:flutter/src/widgets/framework.dart:5799)
I/flutter (15591): #10     ComponentElement.mount (package:flutter/src/widgets/framework.dart:5793)
I/flutter (15591): #11     Element.inflateWidget (package:flutter/src/widgets/framework.dart:4587)
I/flutter (15591): #12     Element.updateChild (package:flutter/src/widgets/framework.dart:4053)
I/flutter (15591): #13     ComponentElement.performRebuild (package:flutter/src/widgets/framework.dart:5841)
I/flutter (15591): #14     StatefulElement.performRebuild (package:flutter/src/widgets/framework.dart:5982)
I/flutter (15591): #15     Element.rebuild (package:flutter/src/widgets/framework.dart:5529)
I/flutter (15591): #16     BuildScope._tryRebuild (package:flutter/src/widgets/framework.dart:2750)
I/flutter (15591): #17     BuildScope._flushDirtyElements (package:flutter/src/widgets/framework.dart:2807)
I/flutter (15591): #18     BuildOwner.buildScope (package:flutter/src/widgets/framework.dart:3111)
I/flutter (15591): #19     WidgetsBinding.drawFrame (package:flutter/src/widgets/binding.dart:1571)
I/flutter (15591): #20     RendererBinding._handlePersistentFrameCallback (package:flutter/src/rendering/binding.dart:509)
I/flutter (15591): #21     SchedulerBinding._invokeFrameCallback (package:flutter/src/scheduler/binding.dart:1430)
I/flutter (15591): #22     SchedulerBinding.handleDrawFrame (package:flutter/src/scheduler/binding.dart:1345)
I/flutter (15591): #23     LiveTestWidgetsFlutterBinding.handleDrawFrame (package:flutter_test/src/binding.dart:2811)
I/flutter (15591): #24     SchedulerBinding._handleDrawFrame (package:flutter/src/scheduler/binding.dart:1198)
I/flutter (15591): #28     _invoke (dart:ui/hooks.dart:425)
I/flutter (15591): #29     PlatformDispatcher._drawFrame (dart:ui/platform_dispatcher.dart:447)
I/flutter (15591): #30     _drawFrame (dart:ui/hooks.dart:395)
I/flutter (15591): (elided 3 frames from dart:async)
I/flutter (15591): type 'MultiChildLayoutParentData' is not a subtype of type 'StackParentData' in type cast
I/flutter (15591): #0      Positioned.applyParentData (package:flutter/src/widgets/basic.dart:5171)
I/flutter (15591): #1      RenderObjectElement._updateParentData (package:flutter/src/widgets/framework.dart:6901)
I/flutter (15591): #2      RenderObjectElement.attachRenderObject (package:flutter/src/widgets/framework.dart:6945)
I/flutter (15591): #3      RenderObjectElement.mount (package:flutter/src/widgets/framework.dart:6801)
I/flutter (15591): #4      Element.inflateWidget (package:flutter/src/widgets/framework.dart:4587)
I/flutter (15591): #5      Element.updateChild (package:flutter/src/widgets/framework.dart:4059)
I/flutter (15591): #6      ComponentElement.performRebuild (package:flutter/src/widgets/framework.dart:5858)
I/flutter (15591): #7      Element.rebuild (package:flutter/src/widgets/framework.dart:5529)
I/flutter (15591): #8      ComponentElement._firstBuild (package:flutter/src/widgets/framework.dart:5799)
I/flutter (15591): #9      ComponentElement.mount (package:flutter/src/widgets/framework.dart:5793)
I/flutter (15591): #10     Element.inflateWidget (package:flutter/src/widgets/framework.dart:4587)
I/flutter (15591): #11     Element.updateChild (package:flutter/src/widgets/framework.dart:4053)
I/flutter (15591): #12     ComponentElement.performRebuild (package:flutter/src/widgets/framework.dart:5841)
I/flutter (15591): #13     StatefulElement.performRebuild (package:flutter/src/widgets/framework.dart:5982)
I/flutter (15591): #14     Element.rebuild (package:flutter/src/widgets/framework.dart:5529)
I/flutter (15591): #15     BuildScope._tryRebuild (package:flutter/src/widgets/framework.dart:2750)
I/flutter (15591): #16     BuildScope._flushDirtyElements (package:flutter/src/widgets/framework.dart:2807)
I/flutter (15591): #17     BuildOwner.buildScope (package:flutter/src/widgets/framework.dart:3111)
I/flutter (15591): #18     WidgetsBinding.drawFrame (package:flutter/src/widgets/binding.dart:1571)
I/flutter (15591): #19     RendererBinding._handlePersistentFrameCallback (package:flutter/src/rendering/binding.dart:509)
I/flutter (15591): #20     SchedulerBinding._invokeFrameCallback (package:flutter/src/scheduler/binding.dart:1430)
I/flutter (15591): #21     SchedulerBinding.handleDrawFrame (package:flutter/src/scheduler/binding.dart:1345)
I/flutter (15591): #22     LiveTestWidgetsFlutterBinding.handleDrawFrame (package:flutter_test/src/binding.dart:2811)
I/flutter (15591): #23     SchedulerBinding._handleDrawFrame (package:flutter/src/scheduler/binding.dart:1198)
I/flutter (15591): #27     _invoke (dart:ui/hooks.dart:425)
I/flutter (15591): #28     PlatformDispatcher._drawFrame (dart:ui/platform_dispatcher.dart:447)
I/flutter (15591): #29     _drawFrame (dart:ui/hooks.dart:395)
I/flutter (15591): (elided 3 frames from dart:async)
[spm]: ProfilerData event received.
I/flutter (15591): [SPM:perf] 698a51a  buildSpan: 5440µs
I/flutter (15591): [spm] Performance monitoring completed for 698a51a
I/flutter (15591): type 'MultiChildLayoutParentData' is not a subtype of type 'StackParentData' in type cast
I/flutter (15591): #0      Positioned.applyParentData (package:flutter/src/widgets/basic.dart:5171)
I/flutter (15591): #1      RenderObjectElement._updateParentData (package:flutter/src/widgets/framework.dart:6901)
I/flutter (15591): #2      RenderObjectElement.attachRenderObject (package:flutter/src/widgets/framework.dart:6945)
I/flutter (15591): #3      RenderObjectElement.mount (package:flutter/src/widgets/framework.dart:6801)
I/flutter (15591): #4      SingleChildRenderObjectElement.mount (package:flutter/src/widgets/framework.dart:7114)
I/flutter (15591): #5      Element.inflateWidget (package:flutter/src/widgets/framework.dart:4587)
I/flutter (15591): #6      Element.updateChild (package:flutter/src/widgets/framework.dart:4059)
I/flutter (15591): #7      ComponentElement.performRebuild (package:flutter/src/widgets/framework.dart:5841)
I/flutter (15591): #8      Element.rebuild (package:flutter/src/widgets/framework.dart:5529)
I/flutter (15591): #9      ComponentElement._firstBuild (package:flutter/src/widgets/framework.dart:5799)
I/flutter (15591): #10     ComponentElement.mount (package:flutter/src/widgets/framework.dart:5793)
I/flutter (15591): #11     Element.inflateWidget (package:flutter/src/widgets/framework.dart:4587)
I/flutter (15591): #12     Element.updateChild (package:flutter/src/widgets/framework.dart:4053)
I/flutter (15591): #13     ComponentElement.performRebuild (package:flutter/src/widgets/framework.dart:5841)
I/flutter (15591): #14     StatefulElement.performRebuild (package:flutter/src/widgets/framework.dart:5982)
I/flutter (15591): #15     Element.rebuild (package:flutter/src/widgets/framework.dart:5529)
I/flutter (15591): #16     BuildScope._tryRebuild (package:flutter/src/widgets/framework.dart:2750)
I/flutter (15591): #17     BuildScope._flushDirtyElements (package:flutter/src/widgets/framework.dart:2807)
I/flutter (15591): #18     BuildOwner.buildScope (package:flutter/src/widgets/framework.dart:3111)
I/flutter (15591): #19     WidgetsBinding.drawFrame (package:flutter/src/widgets/binding.dart:1571)
I/flutter (15591): #20     RendererBinding._handlePersistentFrameCallback (package:flutter/src/rendering/binding.dart:509)
I/flutter (15591): #21     SchedulerBinding._invokeFrameCallback (package:flutter/src/scheduler/binding.dart:1430)
I/flutter (15591): #22     SchedulerBinding.handleDrawFrame (package:flutter/src/scheduler/binding.dart:1345)
I/flutter (15591): #23     LiveTestWidgetsFlutterBinding.handleDrawFrame (package:flutter_test/src/binding.dart:2811)
I/flutter (15591): #24     SchedulerBinding._handleDrawFrame (package:flutter/src/scheduler/binding.dart:1198)
I/flutter (15591): #28     _invoke (dart:ui/hooks.dart:425)
I/flutter (15591): #29     PlatformDispatcher._drawFrame (dart:ui/platform_dispatcher.dart:447)
I/flutter (15591): #30     _drawFrame (dart:ui/hooks.dart:395)
I/flutter (15591): (elided 3 frames from dart:async)
I/flutter (15591): type 'MultiChildLayoutParentData' is not a subtype of type 'StackParentData' in type cast
I/flutter (15591): #0      Positioned.applyParentData (package:flutter/src/widgets/basic.dart:5171)
I/flutter (15591): #1      RenderObjectElement._updateParentData (package:flutter/src/widgets/framework.dart:6901)
I/flutter (15591): #2      RenderObjectElement.attachRenderObject (package:flutter/src/widgets/framework.dart:6945)
I/flutter (15591): #3      RenderObjectElement.mount (package:flutter/src/widgets/framework.dart:6801)
I/flutter (15591): #4      Element.inflateWidget (package:flutter/src/widgets/framework.dart:4587)
I/flutter (15591): #5      Element.updateChild (package:flutter/src/widgets/framework.dart:4059)
I/flutter (15591): #6      ComponentElement.performRebuild (package:flutter/src/widgets/framework.dart:5858)
I/flutter (15591): #7      Element.rebuild (package:flutter/src/widgets/framework.dart:5529)
I/flutter (15591): #8      ComponentElement._firstBuild (package:flutter/src/widgets/framework.dart:5799)
I/flutter (15591): #9      ComponentElement.mount (package:flutter/src/widgets/framework.dart:5793)
I/flutter (15591): #10     Element.inflateWidget (package:flutter/src/widgets/framework.dart:4587)
I/flutter (15591): #11     Element.updateChild (package:flutter/src/widgets/framework.dart:4053)
I/flutter (15591): #12     ComponentElement.performRebuild (package:flutter/src/widgets/framework.dart:5841)
I/flutter (15591): #13     StatefulElement.performRebuild (package:flutter/src/widgets/framework.dart:5982)
I/flutter (15591): #14     Element.rebuild (package:flutter/src/widgets/framework.dart:5529)
I/flutter (15591): #15     BuildScope._tryRebuild (package:flutter/src/widgets/framework.dart:2750)
I/flutter (15591): #16     BuildScope._flushDirtyElements (package:flutter/src/widgets/framework.dart:2807)
I/flutter (15591): #17     BuildOwner.buildScope (package:flutter/src/widgets/framework.dart:3111)
I/flutter (15591): #18     WidgetsBinding.drawFrame (package:flutter/src/widgets/binding.dart:1571)
I/flutter (15591): #19     RendererBinding._handlePersistentFrameCallback (package:flutter/src/rendering/binding.dart:509)
I/flutter (15591): #20     SchedulerBinding._invokeFrameCallback (package:flutter/src/scheduler/binding.dart:1430)
I/flutter (15591): #21     SchedulerBinding.handleDrawFrame (package:flutter/src/scheduler/binding.dart:1345)
I/flutter (15591): #22     LiveTestWidgetsFlutterBinding.handleDrawFrame (package:flutter_test/src/binding.dart:2811)
I/flutter (15591): #23     SchedulerBinding._handleDrawFrame (package:flutter/src/scheduler/binding.dart:1198)
I/flutter (15591): #27     _invoke (dart:ui/hooks.dart:425)
I/flutter (15591): #28     PlatformDispatcher._drawFrame (dart:ui/platform_dispatcher.dart:447)
I/flutter (15591): #29     _drawFrame (dart:ui/hooks.dart:395)
I/flutter (15591): (elided 3 frames from dart:async)
[spm]: ProfilerData event received.
I/flutter (15591): [SPM:perf] 698a51a  buildSpan: 5368µs
I/flutter (15591): [spm] Performance monitoring completed for 698a51a
I/flutter (15591): type 'MultiChildLayoutParentData' is not a subtype of type 'StackParentData' in type cast
I/flutter (15591): #0      Positioned.applyParentData (package:flutter/src/widgets/basic.dart:5171)
I/flutter (15591): #1      RenderObjectElement._updateParentData (package:flutter/src/widgets/framework.dart:6901)
I/flutter (15591): #2      RenderObjectElement.attachRenderObject (package:flutter/src/widgets/framework.dart:6945)
I/flutter (15591): #3      RenderObjectElement.mount (package:flutter/src/widgets/framework.dart:6801)
I/flutter (15591): #4      SingleChildRenderObjectElement.mount (package:flutter/src/widgets/framework.dart:7114)
I/flutter (15591): #5      Element.inflateWidget (package:flutter/src/widgets/framework.dart:4587)
I/flutter (15591): #6      Element.updateChild (package:flutter/src/widgets/framework.dart:4059)
I/flutter (15591): #7      ComponentElement.performRebuild (package:flutter/src/widgets/framework.dart:5841)
I/flutter (15591): #8      Element.rebuild (package:flutter/src/widgets/framework.dart:5529)
I/flutter (15591): #9      ComponentElement._firstBuild (package:flutter/src/widgets/framework.dart:5799)
I/flutter (15591): #10     ComponentElement.mount (package:flutter/src/widgets/framework.dart:5793)
I/flutter (15591): #11     Element.inflateWidget (package:flutter/src/widgets/framework.dart:4587)
I/flutter (15591): #12     Element.updateChild (package:flutter/src/widgets/framework.dart:4053)
I/flutter (15591): #13     ComponentElement.performRebuild (package:flutter/src/widgets/framework.dart:5841)
I/flutter (15591): #14     StatefulElement.performRebuild (package:flutter/src/widgets/framework.dart:5982)
I/flutter (15591): #15     Element.rebuild (package:flutter/src/widgets/framework.dart:5529)
I/flutter (15591): #16     BuildScope._tryRebuild (package:flutter/src/widgets/framework.dart:2750)
I/flutter (15591): #17     BuildScope._flushDirtyElements (package:flutter/src/widgets/framework.dart:2807)
I/flutter (15591): #18     BuildOwner.buildScope (package:flutter/src/widgets/framework.dart:3111)
I/flutter (15591): #19     WidgetsBinding.drawFrame (package:flutter/src/widgets/binding.dart:1571)
I/flutter (15591): #20     RendererBinding._handlePersistentFrameCallback (package:flutter/src/rendering/binding.dart:509)
I/flutter (15591): #21     SchedulerBinding._invokeFrameCallback (package:flutter/src/scheduler/binding.dart:1430)
I/flutter (15591): #22     SchedulerBinding.handleDrawFrame (package:flutter/src/scheduler/binding.dart:1345)
I/flutter (15591): #23     LiveTestWidgetsFlutterBinding.handleDrawFrame (package:flutter_test/src/binding.dart:2811)
I/flutter (15591): #24     SchedulerBinding._handleDrawFrame (package:flutter/src/scheduler/binding.dart:1198)
I/flutter (15591): #28     _invoke (dart:ui/hooks.dart:425)
I/flutter (15591): #29     PlatformDispatcher._drawFrame (dart:ui/platform_dispatcher.dart:447)
I/flutter (15591): #30     _drawFrame (dart:ui/hooks.dart:395)
I/flutter (15591): (elided 3 frames from dart:async)
I/flutter (15591): type 'MultiChildLayoutParentData' is not a subtype of type 'StackParentData' in type cast
I/flutter (15591): #0      Positioned.applyParentData (package:flutter/src/widgets/basic.dart:5171)
I/flutter (15591): #1      RenderObjectElement._updateParentData (package:flutter/src/widgets/framework.dart:6901)
I/flutter (15591): #2      RenderObjectElement.attachRenderObject (package:flutter/src/widgets/framework.dart:6945)
I/flutter (15591): #3      RenderObjectElement.mount (package:flutter/src/widgets/framework.dart:6801)
I/flutter (15591): #4      Element.inflateWidget (package:flutter/src/widgets/framework.dart:4587)
I/flutter (15591): #5      Element.updateChild (package:flutter/src/widgets/framework.dart:4059)
I/flutter (15591): #6      ComponentElement.performRebuild (package:flutter/src/widgets/framework.dart:5858)
I/flutter (15591): #7      Element.rebuild (package:flutter/src/widgets/framework.dart:5529)
I/flutter (15591): #8      ComponentElement._firstBuild (package:flutter/src/widgets/framework.dart:5799)
I/flutter (15591): #9      ComponentElement.mount (package:flutter/src/widgets/framework.dart:5793)
I/flutter (15591): #10     Element.inflateWidget (package:flutter/src/widgets/framework.dart:4587)
I/flutter (15591): #11     Element.updateChild (package:flutter/src/widgets/framework.dart:4053)
I/flutter (15591): #12     ComponentElement.performRebuild (package:flutter/src/widgets/framework.dart:5841)
I/flutter (15591): #13     StatefulElement.performRebuild (package:flutter/src/widgets/framework.dart:5982)
I/flutter (15591): #14     Element.rebuild (package:flutter/src/widgets/framework.dart:5529)
I/flutter (15591): #15     BuildScope._tryRebuild (package:flutter/src/widgets/framework.dart:2750)
I/flutter (15591): #16     BuildScope._flushDirtyElements (package:flutter/src/widgets/framework.dart:2807)
I/flutter (15591): #17     BuildOwner.buildScope (package:flutter/src/widgets/framework.dart:3111)
I/flutter (15591): #18     WidgetsBinding.drawFrame (package:flutter/src/widgets/binding.dart:1571)
I/flutter (15591): #19     RendererBinding._handlePersistentFrameCallback (package:flutter/src/rendering/binding.dart:509)
I/flutter (15591): #20     SchedulerBinding._invokeFrameCallback (package:flutter/src/scheduler/binding.dart:1430)
I/flutter (15591): #21     SchedulerBinding.handleDrawFrame (package:flutter/src/scheduler/binding.dart:1345)
I/flutter (15591): #22     LiveTestWidgetsFlutterBinding.handleDrawFrame (package:flutter_test/src/binding.dart:2811)
I/flutter (15591): #23     SchedulerBinding._handleDrawFrame (package:flutter/src/scheduler/binding.dart:1198)
I/flutter (15591): #27     _invoke (dart:ui/hooks.dart:425)
I/flutter (15591): #28     PlatformDispatcher._drawFrame (dart:ui/platform_dispatcher.dart:447)
I/flutter (15591): #29     _drawFrame (dart:ui/hooks.dart:395)
I/flutter (15591): (elided 3 frames from dart:async)
[spm]: ProfilerData event received.
I/flutter (15591): [SPM:perf] 698a51a  buildSpan: 5416µs
I/flutter (15591): [spm] Performance monitoring completed for 698a51a
I/flutter (15591): type 'MultiChildLayoutParentData' is not a subtype of type 'StackParentData' in type cast
I/flutter (15591): #0      Positioned.applyParentData (package:flutter/src/widgets/basic.dart:5171)
I/flutter (15591): #1      RenderObjectElement._updateParentData (package:flutter/src/widgets/framework.dart:6901)
I/flutter (15591): #2      RenderObjectElement.attachRenderObject (package:flutter/src/widgets/framework.dart:6945)
I/flutter (15591): #3      RenderObjectElement.mount (package:flutter/src/widgets/framework.dart:6801)
I/flutter (15591): #4      SingleChildRenderObjectElement.mount (package:flutter/src/widgets/framework.dart:7114)
I/flutter (15591): #5      Element.inflateWidget (package:flutter/src/widgets/framework.dart:4587)
I/flutter (15591): #6      Element.updateChild (package:flutter/src/widgets/framework.dart:4059)
I/flutter (15591): #7      ComponentElement.performRebuild (package:flutter/src/widgets/framework.dart:5841)
I/flutter (15591): #8      Element.rebuild (package:flutter/src/widgets/framework.dart:5529)
I/flutter (15591): #9      ComponentElement._firstBuild (package:flutter/src/widgets/framework.dart:5799)
I/flutter (15591): #10     ComponentElement.mount (package:flutter/src/widgets/framework.dart:5793)
I/flutter (15591): #11     Element.inflateWidget (package:flutter/src/widgets/framework.dart:4587)
I/flutter (15591): #12     Element.updateChild (package:flutter/src/widgets/framework.dart:4053)
I/flutter (15591): #13     ComponentElement.performRebuild (package:flutter/src/widgets/framework.dart:5841)
I/flutter (15591): #14     StatefulElement.performRebuild (package:flutter/src/widgets/framework.dart:5982)
I/flutter (15591): #15     Element.rebuild (package:flutter/src/widgets/framework.dart:5529)
I/flutter (15591): #16     BuildScope._tryRebuild (package:flutter/src/widgets/framework.dart:2750)
I/flutter (15591): #17     BuildScope._flushDirtyElements (package:flutter/src/widgets/framework.dart:2807)
I/flutter (15591): #18     BuildOwner.buildScope (package:flutter/src/widgets/framework.dart:3111)
I/flutter (15591): #19     WidgetsBinding.drawFrame (package:flutter/src/widgets/binding.dart:1571)
I/flutter (15591): #20     RendererBinding._handlePersistentFrameCallback (package:flutter/src/rendering/binding.dart:509)
I/flutter (15591): #21     SchedulerBinding._invokeFrameCallback (package:flutter/src/scheduler/binding.dart:1430)
I/flutter (15591): #22     SchedulerBinding.handleDrawFrame (package:flutter/src/scheduler/binding.dart:1345)
I/flutter (15591): #23     LiveTestWidgetsFlutterBinding.handleDrawFrame (package:flutter_test/src/binding.dart:2811)
I/flutter (15591): #24     SchedulerBinding._handleDrawFrame (package:flutter/src/scheduler/binding.dart:1198)
I/flutter (15591): #28     _invoke (dart:ui/hooks.dart:425)
I/flutter (15591): #29     PlatformDispatcher._drawFrame (dart:ui/platform_dispatcher.dart:447)
I/flutter (15591): #30     _drawFrame (dart:ui/hooks.dart:395)
I/flutter (15591): (elided 3 frames from dart:async)
I/flutter (15591): type 'MultiChildLayoutParentData' is not a subtype of type 'StackParentData' in type cast
I/flutter (15591): #0      Positioned.applyParentData (package:flutter/src/widgets/basic.dart:5171)
I/flutter (15591): #1      RenderObjectElement._updateParentData (package:flutter/src/widgets/framework.dart:6901)
I/flutter (15591): #2      RenderObjectElement.attachRenderObject (package:flutter/src/widgets/framework.dart:6945)
I/flutter (15591): #3      RenderObjectElement.mount (package:flutter/src/widgets/framework.dart:6801)
I/flutter (15591): #4      Element.inflateWidget (package:flutter/src/widgets/framework.dart:4587)
I/flutter (15591): #5      Element.updateChild (package:flutter/src/widgets/framework.dart:4059)
I/flutter (15591): #6      ComponentElement.performRebuild (package:flutter/src/widgets/framework.dart:5858)
I/flutter (15591): #7      Element.rebuild (package:flutter/src/widgets/framework.dart:5529)
I/flutter (15591): #8      ComponentElement._firstBuild (package:flutter/src/widgets/framework.dart:5799)
I/flutter (15591): #9      ComponentElement.mount (package:flutter/src/widgets/framework.dart:5793)
I/flutter (15591): #10     Element.inflateWidget (package:flutter/src/widgets/framework.dart:4587)
I/flutter (15591): #11     Element.updateChild (package:flutter/src/widgets/framework.dart:4053)
I/flutter (15591): #12     ComponentElement.performRebuild (package:flutter/src/widgets/framework.dart:5841)
I/flutter (15591): #13     StatefulElement.performRebuild (package:flutter/src/widgets/framework.dart:5982)
I/flutter (15591): #14     Element.rebuild (package:flutter/src/widgets/framework.dart:5529)
I/flutter (15591): #15     BuildScope._tryRebuild (package:flutter/src/widgets/framework.dart:2750)
I/flutter (15591): #16     BuildScope._flushDirtyElements (package:flutter/src/widgets/framework.dart:2807)
I/flutter (15591): #17     BuildOwner.buildScope (package:flutter/src/widgets/framework.dart:3111)
I/flutter (15591): #18     WidgetsBinding.drawFrame (package:flutter/src/widgets/binding.dart:1571)
I/flutter (15591): #19     RendererBinding._handlePersistentFrameCallback (package:flutter/src/rendering/binding.dart:509)
I/flutter (15591): #20     SchedulerBinding._invokeFrameCallback (package:flutter/src/scheduler/binding.dart:1430)
I/flutter (15591): #21     SchedulerBinding.handleDrawFrame (package:flutter/src/scheduler/binding.dart:1345)
I/flutter (15591): #22     LiveTestWidgetsFlutterBinding.handleDrawFrame (package:flutter_test/src/binding.dart:2811)
I/flutter (15591): #23     SchedulerBinding._handleDrawFrame (package:flutter/src/scheduler/binding.dart:1198)
I/flutter (15591): #27     _invoke (dart:ui/hooks.dart:425)
I/flutter (15591): #28     PlatformDispatcher._drawFrame (dart:ui/platform_dispatcher.dart:447)
I/flutter (15591): #29     _drawFrame (dart:ui/hooks.dart:395)
I/flutter (15591): (elided 3 frames from dart:async)
I/flutter (15591): [SPM:perf] 698a51a  buildSpan: 5502µs
I/flutter (15591): [spm] Performance monitoring completed for 698a51a
[spm]: ProfilerData event received.
I/flutter (15591): type 'MultiChildLayoutParentData' is not a subtype of type 'StackParentData' in type cast
I/flutter (15591): #0      Positioned.applyParentData (package:flutter/src/widgets/basic.dart:5171)
I/flutter (15591): #1      RenderObjectElement._updateParentData (package:flutter/src/widgets/framework.dart:6901)
I/flutter (15591): #2      RenderObjectElement.attachRenderObject (package:flutter/src/widgets/framework.dart:6945)
I/flutter (15591): #3      RenderObjectElement.mount (package:flutter/src/widgets/framework.dart:6801)
I/flutter (15591): #4      SingleChildRenderObjectElement.mount (package:flutter/src/widgets/framework.dart:7114)
I/flutter (15591): #5      Element.inflateWidget (package:flutter/src/widgets/framework.dart:4587)
I/flutter (15591): #6      Element.updateChild (package:flutter/src/widgets/framework.dart:4059)
I/flutter (15591): #7      ComponentElement.performRebuild (package:flutter/src/widgets/framework.dart:5841)
I/flutter (15591): #8      Element.rebuild (package:flutter/src/widgets/framework.dart:5529)
I/flutter (15591): #9      ComponentElement._firstBuild (package:flutter/src/widgets/framework.dart:5799)
I/flutter (15591): #10     ComponentElement.mount (package:flutter/src/widgets/framework.dart:5793)
I/flutter (15591): #11     Element.inflateWidget (package:flutter/src/widgets/framework.dart:4587)
I/flutter (15591): #12     Element.updateChild (package:flutter/src/widgets/framework.dart:4053)
I/flutter (15591): #13     ComponentElement.performRebuild (package:flutter/src/widgets/framework.dart:5841)
I/flutter (15591): #14     StatefulElement.performRebuild (package:flutter/src/widgets/framework.dart:5982)
I/flutter (15591): #15     Element.rebuild (package:flutter/src/widgets/framework.dart:5529)
I/flutter (15591): #16     BuildScope._tryRebuild (package:flutter/src/widgets/framework.dart:2750)
I/flutter (15591): #17     BuildScope._flushDirtyElements (package:flutter/src/widgets/framework.dart:2807)
I/flutter (15591): #18     BuildOwner.buildScope (package:flutter/src/widgets/framework.dart:3111)
I/flutter (15591): #19     WidgetsBinding.drawFrame (package:flutter/src/widgets/binding.dart:1571)
I/flutter (15591): #20     RendererBinding._handlePersistentFrameCallback (package:flutter/src/rendering/binding.dart:509)
I/flutter (15591): #21     SchedulerBinding._invokeFrameCallback (package:flutter/src/scheduler/binding.dart:1430)
I/flutter (15591): #22     SchedulerBinding.handleDrawFrame (package:flutter/src/scheduler/binding.dart:1345)
I/flutter (15591): #23     LiveTestWidgetsFlutterBinding.handleDrawFrame (package:flutter_test/src/binding.dart:2811)
I/flutter (15591): #24     SchedulerBinding._handleDrawFrame (package:flutter/src/scheduler/binding.dart:1198)
I/flutter (15591): #28     _invoke (dart:ui/hooks.dart:425)
I/flutter (15591): #29     PlatformDispatcher._drawFrame (dart:ui/platform_dispatcher.dart:447)
I/flutter (15591): #30     _drawFrame (dart:ui/hooks.dart:395)
I/flutter (15591): (elided 3 frames from dart:async)
I/flutter (15591): type 'MultiChildLayoutParentData' is not a subtype of type 'StackParentData' in type cast
I/flutter (15591): #0      Positioned.applyParentData (package:flutter/src/widgets/basic.dart:5171)
I/flutter (15591): #1      RenderObjectElement._updateParentData (package:flutter/src/widgets/framework.dart:6901)
I/flutter (15591): #2      RenderObjectElement.attachRenderObject (package:flutter/src/widgets/framework.dart:6945)
I/flutter (15591): #3      RenderObjectElement.mount (package:flutter/src/widgets/framework.dart:6801)
I/flutter (15591): #4      Element.inflateWidget (package:flutter/src/widgets/framework.dart:4587)
I/flutter (15591): #5      Element.updateChild (package:flutter/src/widgets/framework.dart:4059)
I/flutter (15591): #6      ComponentElement.performRebuild (package:flutter/src/widgets/framework.dart:5858)
I/flutter (15591): #7      Element.rebuild (package:flutter/src/widgets/framework.dart:5529)
I/flutter (15591): #8      ComponentElement._firstBuild (package:flutter/src/widgets/framework.dart:5799)
I/flutter (15591): #9      ComponentElement.mount (package:flutter/src/widgets/framework.dart:5793)
I/flutter (15591): #10     Element.inflateWidget (package:flutter/src/widgets/framework.dart:4587)
I/flutter (15591): #11     Element.updateChild (package:flutter/src/widgets/framework.dart:4053)
I/flutter (15591): #12     ComponentElement.performRebuild (package:flutter/src/widgets/framework.dart:5841)
I/flutter (15591): #13     StatefulElement.performRebuild (package:flutter/src/widgets/framework.dart:5982)
I/flutter (15591): #14     Element.rebuild (package:flutter/src/widgets/framework.dart:5529)
I/flutter (15591): #15     BuildScope._tryRebuild (package:flutter/src/widgets/framework.dart:2750)
I/flutter (15591): #16     BuildScope._flushDirtyElements (package:flutter/src/widgets/framework.dart:2807)
I/flutter (15591): #17     BuildOwner.buildScope (package:flutter/src/widgets/framework.dart:3111)
I/flutter (15591): #18     WidgetsBinding.drawFrame (package:flutter/src/widgets/binding.dart:1571)
I/flutter (15591): #19     RendererBinding._handlePersistentFrameCallback (package:flutter/src/rendering/binding.dart:509)
I/flutter (15591): #20     SchedulerBinding._invokeFrameCallback (package:flutter/src/scheduler/binding.dart:1430)
I/flutter (15591): #21     SchedulerBinding.handleDrawFrame (package:flutter/src/scheduler/binding.dart:1345)
I/flutter (15591): #22     LiveTestWidgetsFlutterBinding.handleDrawFrame (package:flutter_test/src/binding.dart:2811)
I/flutter (15591): #23     SchedulerBinding._handleDrawFrame (package:flutter/src/scheduler/binding.dart:1198)
I/flutter (15591): #27     _invoke (dart:ui/hooks.dart:425)
I/flutter (15591): #28     PlatformDispatcher._drawFrame (dart:ui/platform_dispatcher.dart:447)
I/flutter (15591): #29     _drawFrame (dart:ui/hooks.dart:395)
I/flutter (15591): (elided 3 frames from dart:async)
[spm]: ProfilerData event received.
I/flutter (15591): [SPM:perf] 698a51a  buildSpan: 5428µs
I/flutter (15591): [spm] Performance monitoring completed for 698a51a
I/flutter (15591): type 'MultiChildLayoutParentData' is not a subtype of type 'StackParentData' in type cast
I/flutter (15591): #0      Positioned.applyParentData (package:flutter/src/widgets/basic.dart:5171)
I/flutter (15591): #1      RenderObjectElement._updateParentData (package:flutter/src/widgets/framework.dart:6901)
I/flutter (15591): #2      RenderObjectElement.attachRenderObject (package:flutter/src/widgets/framework.dart:6945)
I/flutter (15591): #3      RenderObjectElement.mount (package:flutter/src/widgets/framework.dart:6801)
I/flutter (15591): #4      SingleChildRenderObjectElement.mount (package:flutter/src/widgets/framework.dart:7114)
I/flutter (15591): #5      Element.inflateWidget (package:flutter/src/widgets/framework.dart:4587)
I/flutter (15591): #6      Element.updateChild (package:flutter/src/widgets/framework.dart:4059)
I/flutter (15591): #7      ComponentElement.performRebuild (package:flutter/src/widgets/framework.dart:5841)
I/flutter (15591): #8      Element.rebuild (package:flutter/src/widgets/framework.dart:5529)
I/flutter (15591): #9      ComponentElement._firstBuild (package:flutter/src/widgets/framework.dart:5799)
I/flutter (15591): #10     ComponentElement.mount (package:flutter/src/widgets/framework.dart:5793)
I/flutter (15591): #11     Element.inflateWidget (package:flutter/src/widgets/framework.dart:4587)
I/flutter (15591): #12     Element.updateChild (package:flutter/src/widgets/framework.dart:4053)
I/flutter (15591): #13     ComponentElement.performRebuild (package:flutter/src/widgets/framework.dart:5841)
I/flutter (15591): #14     StatefulElement.performRebuild (package:flutter/src/widgets/framework.dart:5982)
I/flutter (15591): #15     Element.rebuild (package:flutter/src/widgets/framework.dart:5529)
I/flutter (15591): #16     BuildScope._tryRebuild (package:flutter/src/widgets/framework.dart:2750)
I/flutter (15591): #17     BuildScope._flushDirtyElements (package:flutter/src/widgets/framework.dart:2807)
I/flutter (15591): #18     BuildOwner.buildScope (package:flutter/src/widgets/framework.dart:3111)
I/flutter (15591): #19     WidgetsBinding.drawFrame (package:flutter/src/widgets/binding.dart:1571)
I/flutter (15591): #20     RendererBinding._handlePersistentFrameCallback (package:flutter/src/rendering/binding.dart:509)
I/flutter (15591): #21     SchedulerBinding._invokeFrameCallback (package:flutter/src/scheduler/binding.dart:1430)
I/flutter (15591): #22     SchedulerBinding.handleDrawFrame (package:flutter/src/scheduler/binding.dart:1345)
I/flutter (15591): #23     LiveTestWidgetsFlutterBinding.handleDrawFrame (package:flutter_test/src/binding.dart:2811)
I/flutter (15591): #24     SchedulerBinding._handleDrawFrame (package:flutter/src/scheduler/binding.dart:1198)
I/flutter (15591): #28     _invoke (dart:ui/hooks.dart:425)
I/flutter (15591): #29     PlatformDispatcher._drawFrame (dart:ui/platform_dispatcher.dart:447)
I/flutter (15591): #30     _drawFrame (dart:ui/hooks.dart:395)
I/flutter (15591): (elided 3 frames from dart:async)
I/flutter (15591): type 'MultiChildLayoutParentData' is not a subtype of type 'StackParentData' in type cast
I/flutter (15591): #0      Positioned.applyParentData (package:flutter/src/widgets/basic.dart:5171)
I/flutter (15591): #1      RenderObjectElement._updateParentData (package:flutter/src/widgets/framework.dart:6901)
I/flutter (15591): #2      RenderObjectElement.attachRenderObject (package:flutter/src/widgets/framework.dart:6945)
I/flutter (15591): #3      RenderObjectElement.mount (package:flutter/src/widgets/framework.dart:6801)
I/flutter (15591): #4      Element.inflateWidget (package:flutter/src/widgets/framework.dart:4587)
I/flutter (15591): #5      Element.updateChild (package:flutter/src/widgets/framework.dart:4059)
I/flutter (15591): #6      ComponentElement.performRebuild (package:flutter/src/widgets/framework.dart:5858)
I/flutter (15591): #7      Element.rebuild (package:flutter/src/widgets/framework.dart:5529)
I/flutter (15591): #8      ComponentElement._firstBuild (package:flutter/src/widgets/framework.dart:5799)
I/flutter (15591): #9      ComponentElement.mount (package:flutter/src/widgets/framework.dart:5793)
I/flutter (15591): #10     Element.inflateWidget (package:flutter/src/widgets/framework.dart:4587)
I/flutter (15591): #11     Element.updateChild (package:flutter/src/widgets/framework.dart:4053)
I/flutter (15591): #12     ComponentElement.performRebuild (package:flutter/src/widgets/framework.dart:5841)
I/flutter (15591): #13     StatefulElement.performRebuild (package:flutter/src/widgets/framework.dart:5982)
I/flutter (15591): #14     Element.rebuild (package:flutter/src/widgets/framework.dart:5529)
I/flutter (15591): #15     BuildScope._tryRebuild (package:flutter/src/widgets/framework.dart:2750)
I/flutter (15591): #16     BuildScope._flushDirtyElements (package:flutter/src/widgets/framework.dart:2807)
I/flutter (15591): #17     BuildOwner.buildScope (package:flutter/src/widgets/framework.dart:3111)
I/flutter (15591): #18     WidgetsBinding.drawFrame (package:flutter/src/widgets/binding.dart:1571)
I/flutter (15591): #19     RendererBinding._handlePersistentFrameCallback (package:flutter/src/rendering/binding.dart:509)
I/flutter (15591): #20     SchedulerBinding._invokeFrameCallback (package:flutter/src/scheduler/binding.dart:1430)
I/flutter (15591): #21     SchedulerBinding.handleDrawFrame (package:flutter/src/scheduler/binding.dart:1345)
I/flutter (15591): #22     LiveTestWidgetsFlutterBinding.handleDrawFrame (package:flutter_test/src/binding.dart:2811)
I/flutter (15591): #23     SchedulerBinding._handleDrawFrame (package:flutter/src/scheduler/binding.dart:1198)
I/flutter (15591): #27     _invoke (dart:ui/hooks.dart:425)
I/flutter (15591): #28     PlatformDispatcher._drawFrame (dart:ui/platform_dispatcher.dart:447)
I/flutter (15591): #29     _drawFrame (dart:ui/hooks.dart:395)
I/flutter (15591): (elided 3 frames from dart:async)
[spm]: ProfilerData event received.
I/flutter (15591): [SPM:perf] 698a51a  buildSpan: 5501µs
I/flutter (15591): [spm] Performance monitoring completed for 698a51a
I/flutter (15591): type 'MultiChildLayoutParentData' is not a subtype of type 'StackParentData' in type cast
I/flutter (15591): #0      Positioned.applyParentData (package:flutter/src/widgets/basic.dart:5171)
I/flutter (15591): #1      RenderObjectElement._updateParentData (package:flutter/src/widgets/framework.dart:6901)
I/flutter (15591): #2      RenderObjectElement.attachRenderObject (package:flutter/src/widgets/framework.dart:6945)
I/flutter (15591): #3      RenderObjectElement.mount (package:flutter/src/widgets/framework.dart:6801)
I/flutter (15591): #4      SingleChildRenderObjectElement.mount (package:flutter/src/widgets/framework.dart:7114)
I/flutter (15591): #5      Element.inflateWidget (package:flutter/src/widgets/framework.dart:4587)
I/flutter (15591): #6      Element.updateChild (package:flutter/src/widgets/framework.dart:4059)
I/flutter (15591): #7      ComponentElement.performRebuild (package:flutter/src/widgets/framework.dart:5841)
I/flutter (15591): #8      Element.rebuild (package:flutter/src/widgets/framework.dart:5529)
I/flutter (15591): #9      ComponentElement._firstBuild (package:flutter/src/widgets/framework.dart:5799)
I/flutter (15591): #10     ComponentElement.mount (package:flutter/src/widgets/framework.dart:5793)
I/flutter (15591): #11     Element.inflateWidget (package:flutter/src/widgets/framework.dart:4587)
I/flutter (15591): #12     Element.updateChild (package:flutter/src/widgets/framework.dart:4053)
I/flutter (15591): #13     ComponentElement.performRebuild (package:flutter/src/widgets/framework.dart:5841)
I/flutter (15591): #14     StatefulElement.performRebuild (package:flutter/src/widgets/framework.dart:5982)
I/flutter (15591): #15     Element.rebuild (package:flutter/src/widgets/framework.dart:5529)
I/flutter (15591): #16     BuildScope._tryRebuild (package:flutter/src/widgets/framework.dart:2750)
I/flutter (15591): #17     BuildScope._flushDirtyElements (package:flutter/src/widgets/framework.dart:2807)
I/flutter (15591): #18     BuildOwner.buildScope (package:flutter/src/widgets/framework.dart:3111)
I/flutter (15591): #19     WidgetsBinding.drawFrame (package:flutter/src/widgets/binding.dart:1571)
I/flutter (15591): #20     RendererBinding._handlePersistentFrameCallback (package:flutter/src/rendering/binding.dart:509)
I/flutter (15591): #21     SchedulerBinding._invokeFrameCallback (package:flutter/src/scheduler/binding.dart:1430)
I/flutter (15591): #22     SchedulerBinding.handleDrawFrame (package:flutter/src/scheduler/binding.dart:1345)
I/flutter (15591): #23     LiveTestWidgetsFlutterBinding.handleDrawFrame (package:flutter_test/src/binding.dart:2811)
I/flutter (15591): #24     SchedulerBinding._handleDrawFrame (package:flutter/src/scheduler/binding.dart:1198)
I/flutter (15591): #28     _invoke (dart:ui/hooks.dart:425)
I/flutter (15591): #29     PlatformDispatcher._drawFrame (dart:ui/platform_dispatcher.dart:447)
I/flutter (15591): #30     _drawFrame (dart:ui/hooks.dart:395)
I/flutter (15591): (elided 3 frames from dart:async)
I/flutter (15591): type 'MultiChildLayoutParentData' is not a subtype of type 'StackParentData' in type cast
I/flutter (15591): #0      Positioned.applyParentData (package:flutter/src/widgets/basic.dart:5171)
I/flutter (15591): #1      RenderObjectElement._updateParentData (package:flutter/src/widgets/framework.dart:6901)
I/flutter (15591): #2      RenderObjectElement.attachRenderObject (package:flutter/src/widgets/framework.dart:6945)
I/flutter (15591): #3      RenderObjectElement.mount (package:flutter/src/widgets/framework.dart:6801)
I/flutter (15591): #4      Element.inflateWidget (package:flutter/src/widgets/framework.dart:4587)
I/flutter (15591): #5      Element.updateChild (package:flutter/src/widgets/framework.dart:4059)
I/flutter (15591): #6      ComponentElement.performRebuild (package:flutter/src/widgets/framework.dart:5858)
I/flutter (15591): #7      Element.rebuild (package:flutter/src/widgets/framework.dart:5529)
I/flutter (15591): #8      ComponentElement._firstBuild (package:flutter/src/widgets/framework.dart:5799)
I/flutter (15591): #9      ComponentElement.mount (package:flutter/src/widgets/framework.dart:5793)
I/flutter (15591): #10     Element.inflateWidget (package:flutter/src/widgets/framework.dart:4587)
I/flutter (15591): #11     Element.updateChild (package:flutter/src/widgets/framework.dart:4053)
I/flutter (15591): #12     ComponentElement.performRebuild (package:flutter/src/widgets/framework.dart:5841)
I/flutter (15591): #13     StatefulElement.performRebuild (package:flutter/src/widgets/framework.dart:5982)
I/flutter (15591): #14     Element.rebuild (package:flutter/src/widgets/framework.dart:5529)
I/flutter (15591): #15     BuildScope._tryRebuild (package:flutter/src/widgets/framework.dart:2750)
I/flutter (15591): #16     BuildScope._flushDirtyElements (package:flutter/src/widgets/framework.dart:2807)
I/flutter (15591): #17     BuildOwner.buildScope (package:flutter/src/widgets/framework.dart:3111)
I/flutter (15591): #18     WidgetsBinding.drawFrame (package:flutter/src/widgets/binding.dart:1571)
I/flutter (15591): #19     RendererBinding._handlePersistentFrameCallback (package:flutter/src/rendering/binding.dart:509)
I/flutter (15591): #20     SchedulerBinding._invokeFrameCallback (package:flutter/src/scheduler/binding.dart:1430)
I/flutter (15591): #21     SchedulerBinding.handleDrawFrame (package:flutter/src/scheduler/binding.dart:1345)
I/flutter (15591): #22     LiveTestWidgetsFlutterBinding.handleDrawFrame (package:flutter_test/src/binding.dart:2811)
I/flutter (15591): #23     SchedulerBinding._handleDrawFrame (package:flutter/src/scheduler/binding.dart:1198)
I/flutter (15591): #27     _invoke (dart:ui/hooks.dart:425)
I/flutter (15591): #28     PlatformDispatcher._drawFrame (dart:ui/platform_dispatcher.dart:447)
I/flutter (15591): #29     _drawFrame (dart:ui/hooks.dart:395)
I/flutter (15591): (elided 3 frames from dart:async)
[spm]: ProfilerData event received.
I/flutter (15591): [SPM:perf] 698a51a  buildSpan: 5631µs
I/flutter (15591): [spm] Performance monitoring completed for 698a51a
I/flutter (15591): type 'MultiChildLayoutParentData' is not a subtype of type 'StackParentData' in type cast
I/flutter (15591): #0      Positioned.applyParentData (package:flutter/src/widgets/basic.dart:5171)
I/flutter (15591): #1      RenderObjectElement._updateParentData (package:flutter/src/widgets/framework.dart:6901)
I/flutter (15591): #2      RenderObjectElement.attachRenderObject (package:flutter/src/widgets/framework.dart:6945)
I/flutter (15591): #3      RenderObjectElement.mount (package:flutter/src/widgets/framework.dart:6801)
I/flutter (15591): #4      SingleChildRenderObjectElement.mount (package:flutter/src/widgets/framework.dart:7114)
I/flutter (15591): #5      Element.inflateWidget (package:flutter/src/widgets/framework.dart:4587)
I/flutter (15591): #6      Element.updateChild (package:flutter/src/widgets/framework.dart:4059)
I/flutter (15591): #7      ComponentElement.performRebuild (package:flutter/src/widgets/framework.dart:5841)
I/flutter (15591): #8      Element.rebuild (package:flutter/src/widgets/framework.dart:5529)
I/flutter (15591): #9      ComponentElement._firstBuild (package:flutter/src/widgets/framework.dart:5799)
I/flutter (15591): #10     ComponentElement.mount (package:flutter/src/widgets/framework.dart:5793)
I/flutter (15591): #11     Element.inflateWidget (package:flutter/src/widgets/framework.dart:4587)
I/flutter (15591): #12     Element.updateChild (package:flutter/src/widgets/framework.dart:4053)
I/flutter (15591): #13     ComponentElement.performRebuild (package:flutter/src/widgets/framework.dart:5841)
I/flutter (15591): #14     StatefulElement.performRebuild (package:flutter/src/widgets/framework.dart:5982)
I/flutter (15591): #15     Element.rebuild (package:flutter/src/widgets/framework.dart:5529)
I/flutter (15591): #16     BuildScope._tryRebuild (package:flutter/src/widgets/framework.dart:2750)
I/flutter (15591): #17     BuildScope._flushDirtyElements (package:flutter/src/widgets/framework.dart:2807)
I/flutter (15591): #18     BuildOwner.buildScope (package:flutter/src/widgets/framework.dart:3111)
I/flutter (15591): #19     WidgetsBinding.drawFrame (package:flutter/src/widgets/binding.dart:1571)
I/flutter (15591): #20     RendererBinding._handlePersistentFrameCallback (package:flutter/src/rendering/binding.dart:509)
I/flutter (15591): #21     SchedulerBinding._invokeFrameCallback (package:flutter/src/scheduler/binding.dart:1430)
I/flutter (15591): #22     SchedulerBinding.handleDrawFrame (package:flutter/src/scheduler/binding.dart:1345)
I/flutter (15591): #23     LiveTestWidgetsFlutterBinding.handleDrawFrame (package:flutter_test/src/binding.dart:2811)
I/flutter (15591): #24     SchedulerBinding._handleDrawFrame (package:flutter/src/scheduler/binding.dart:1198)
I/flutter (15591): #28     _invoke (dart:ui/hooks.dart:425)
I/flutter (15591): #29     PlatformDispatcher._drawFrame (dart:ui/platform_dispatcher.dart:447)
I/flutter (15591): #30     _drawFrame (dart:ui/hooks.dart:395)
I/flutter (15591): (elided 3 frames from dart:async)
I/flutter (15591): type 'MultiChildLayoutParentData' is not a subtype of type 'StackParentData' in type cast
I/flutter (15591): #0      Positioned.applyParentData (package:flutter/src/widgets/basic.dart:5171)
I/flutter (15591): #1      RenderObjectElement._updateParentData (package:flutter/src/widgets/framework.dart:6901)
I/flutter (15591): #2      RenderObjectElement.attachRenderObject (package:flutter/src/widgets/framework.dart:6945)
I/flutter (15591): #3      RenderObjectElement.mount (package:flutter/src/widgets/framework.dart:6801)
I/flutter (15591): #4      Element.inflateWidget (package:flutter/src/widgets/framework.dart:4587)
I/flutter (15591): #5      Element.updateChild (package:flutter/src/widgets/framework.dart:4059)
I/flutter (15591): #6      ComponentElement.performRebuild (package:flutter/src/widgets/framework.dart:5858)
I/flutter (15591): #7      Element.rebuild (package:flutter/src/widgets/framework.dart:5529)
I/flutter (15591): #8      ComponentElement._firstBuild (package:flutter/src/widgets/framework.dart:5799)
I/flutter (15591): #9      ComponentElement.mount (package:flutter/src/widgets/framework.dart:5793)
I/flutter (15591): #10     Element.inflateWidget (package:flutter/src/widgets/framework.dart:4587)
I/flutter (15591): #11     Element.updateChild (package:flutter/src/widgets/framework.dart:4053)
I/flutter (15591): #12     ComponentElement.performRebuild (package:flutter/src/widgets/framework.dart:5841)
I/flutter (15591): #13     StatefulElement.performRebuild (package:flutter/src/widgets/framework.dart:5982)
I/flutter (15591): #14     Element.rebuild (package:flutter/src/widgets/framework.dart:5529)
I/flutter (15591): #15     BuildScope._tryRebuild (package:flutter/src/widgets/framework.dart:2750)
I/flutter (15591): #16     BuildScope._flushDirtyElements (package:flutter/src/widgets/framework.dart:2807)
I/flutter (15591): #17     BuildOwner.buildScope (package:flutter/src/widgets/framework.dart:3111)
I/flutter (15591): #18     WidgetsBinding.drawFrame (package:flutter/src/widgets/binding.dart:1571)
I/flutter (15591): #19     RendererBinding._handlePersistentFrameCallback (package:flutter/src/rendering/binding.dart:509)
I/flutter (15591): #20     SchedulerBinding._invokeFrameCallback (package:flutter/src/scheduler/binding.dart:1430)
I/flutter (15591): #21     SchedulerBinding.handleDrawFrame (package:flutter/src/scheduler/binding.dart:1345)
I/flutter (15591): #22     LiveTestWidgetsFlutterBinding.handleDrawFrame (package:flutter_test/src/binding.dart:2811)
I/flutter (15591): #23     SchedulerBinding._handleDrawFrame (package:flutter/src/scheduler/binding.dart:1198)
I/flutter (15591): #27     _invoke (dart:ui/hooks.dart:425)
I/flutter (15591): #28     PlatformDispatcher._drawFrame (dart:ui/platform_dispatcher.dart:447)
I/flutter (15591): #29     _drawFrame (dart:ui/hooks.dart:395)
I/flutter (15591): (elided 3 frames from dart:async)
I/flutter (15591): [SPM:perf] 698a51a  buildSpan: 5328µs
I/flutter (15591): [spm] Performance monitoring completed for 698a51a
[spm]: ProfilerData event received.
I/flutter (15591): type 'MultiChildLayoutParentData' is not a subtype of type 'StackParentData' in type cast
I/flutter (15591): #0      Positioned.applyParentData (package:flutter/src/widgets/basic.dart:5171)
I/flutter (15591): #1      RenderObjectElement._updateParentData (package:flutter/src/widgets/framework.dart:6901)
I/flutter (15591): #2      RenderObjectElement.attachRenderObject (package:flutter/src/widgets/framework.dart:6945)
I/flutter (15591): #3      RenderObjectElement.mount (package:flutter/src/widgets/framework.dart:6801)
I/flutter (15591): #4      SingleChildRenderObjectElement.mount (package:flutter/src/widgets/framework.dart:7114)
I/flutter (15591): #5      Element.inflateWidget (package:flutter/src/widgets/framework.dart:4587)
I/flutter (15591): #6      Element.updateChild (package:flutter/src/widgets/framework.dart:4059)
I/flutter (15591): #7      ComponentElement.performRebuild (package:flutter/src/widgets/framework.dart:5841)
I/flutter (15591): #8      Element.rebuild (package:flutter/src/widgets/framework.dart:5529)
I/flutter (15591): #9      ComponentElement._firstBuild (package:flutter/src/widgets/framework.dart:5799)
I/flutter (15591): #10     ComponentElement.mount (package:flutter/src/widgets/framework.dart:5793)
I/flutter (15591): #11     Element.inflateWidget (package:flutter/src/widgets/framework.dart:4587)
I/flutter (15591): #12     Element.updateChild (package:flutter/src/widgets/framework.dart:4053)
I/flutter (15591): #13     ComponentElement.performRebuild (package:flutter/src/widgets/framework.dart:5841)
I/flutter (15591): #14     StatefulElement.performRebuild (package:flutter/src/widgets/framework.dart:5982)
I/flutter (15591): #15     Element.rebuild (package:flutter/src/widgets/framework.dart:5529)
I/flutter (15591): #16     BuildScope._tryRebuild (package:flutter/src/widgets/framework.dart:2750)
I/flutter (15591): #17     BuildScope._flushDirtyElements (package:flutter/src/widgets/framework.dart:2807)
I/flutter (15591): #18     BuildOwner.buildScope (package:flutter/src/widgets/framework.dart:3111)
I/flutter (15591): #19     WidgetsBinding.drawFrame (package:flutter/src/widgets/binding.dart:1571)
I/flutter (15591): #20     RendererBinding._handlePersistentFrameCallback (package:flutter/src/rendering/binding.dart:509)
I/flutter (15591): #21     SchedulerBinding._invokeFrameCallback (package:flutter/src/scheduler/binding.dart:1430)
I/flutter (15591): #22     SchedulerBinding.handleDrawFrame (package:flutter/src/scheduler/binding.dart:1345)
I/flutter (15591): #23     LiveTestWidgetsFlutterBinding.handleDrawFrame (package:flutter_test/src/binding.dart:2811)
I/flutter (15591): #24     SchedulerBinding._handleDrawFrame (package:flutter/src/scheduler/binding.dart:1198)
I/flutter (15591): #28     _invoke (dart:ui/hooks.dart:425)
I/flutter (15591): #29     PlatformDispatcher._drawFrame (dart:ui/platform_dispatcher.dart:447)
I/flutter (15591): #30     _drawFrame (dart:ui/hooks.dart:395)
I/flutter (15591): (elided 3 frames from dart:async)
I/flutter (15591): type 'MultiChildLayoutParentData' is not a subtype of type 'StackParentData' in type cast
I/flutter (15591): #0      Positioned.applyParentData (package:flutter/src/widgets/basic.dart:5171)
I/flutter (15591): #1      RenderObjectElement._updateParentData (package:flutter/src/widgets/framework.dart:6901)
I/flutter (15591): #2      RenderObjectElement.attachRenderObject (package:flutter/src/widgets/framework.dart:6945)
I/flutter (15591): #3      RenderObjectElement.mount (package:flutter/src/widgets/framework.dart:6801)
I/flutter (15591): #4      Element.inflateWidget (package:flutter/src/widgets/framework.dart:4587)
I/flutter (15591): #5      Element.updateChild (package:flutter/src/widgets/framework.dart:4059)
I/flutter (15591): #6      ComponentElement.performRebuild (package:flutter/src/widgets/framework.dart:5858)
I/flutter (15591): #7      Element.rebuild (package:flutter/src/widgets/framework.dart:5529)
I/flutter (15591): #8      ComponentElement._firstBuild (package:flutter/src/widgets/framework.dart:5799)
I/flutter (15591): #9      ComponentElement.mount (package:flutter/src/widgets/framework.dart:5793)
I/flutter (15591): #10     Element.inflateWidget (package:flutter/src/widgets/framework.dart:4587)
I/flutter (15591): #11     Element.updateChild (package:flutter/src/widgets/framework.dart:4053)
I/flutter (15591): #12     ComponentElement.performRebuild (package:flutter/src/widgets/framework.dart:5841)
I/flutter (15591): #13     StatefulElement.performRebuild (package:flutter/src/widgets/framework.dart:5982)
I/flutter (15591): #14     Element.rebuild (package:flutter/src/widgets/framework.dart:5529)
I/flutter (15591): #15     BuildScope._tryRebuild (package:flutter/src/widgets/framework.dart:2750)
I/flutter (15591): #16     BuildScope._flushDirtyElements (package:flutter/src/widgets/framework.dart:2807)
I/flutter (15591): #17     BuildOwner.buildScope (package:flutter/src/widgets/framework.dart:3111)
I/flutter (15591): #18     WidgetsBinding.drawFrame (package:flutter/src/widgets/binding.dart:1571)
I/flutter (15591): #19     RendererBinding._handlePersistentFrameCallback (package:flutter/src/rendering/binding.dart:509)
I/flutter (15591): #20     SchedulerBinding._invokeFrameCallback (package:flutter/src/scheduler/binding.dart:1430)
I/flutter (15591): #21     SchedulerBinding.handleDrawFrame (package:flutter/src/scheduler/binding.dart:1345)
I/flutter (15591): #22     LiveTestWidgetsFlutterBinding.handleDrawFrame (package:flutter_test/src/binding.dart:2811)
I/flutter (15591): #23     SchedulerBinding._handleDrawFrame (package:flutter/src/scheduler/binding.dart:1198)
I/flutter (15591): #27     _invoke (dart:ui/hooks.dart:425)
I/flutter (15591): #28     PlatformDispatcher._drawFrame (dart:ui/platform_dispatcher.dart:447)
I/flutter (15591): #29     _drawFrame (dart:ui/hooks.dart:395)
I/flutter (15591): (elided 3 frames from dart:async)
[spm]: ProfilerData event received.
I/flutter (15591): [SPM:perf] 698a51a  buildSpan: 5423µs
I/flutter (15591): [spm] Performance monitoring completed for 698a51a
I/flutter (15591): type 'MultiChildLayoutParentData' is not a subtype of type 'StackParentData' in type cast
I/flutter (15591): #0      Positioned.applyParentData (package:flutter/src/widgets/basic.dart:5171)
I/flutter (15591): #1      RenderObjectElement._updateParentData (package:flutter/src/widgets/framework.dart:6901)
I/flutter (15591): #2      RenderObjectElement.attachRenderObject (package:flutter/src/widgets/framework.dart:6945)
I/flutter (15591): #3      RenderObjectElement.mount (package:flutter/src/widgets/framework.dart:6801)
I/flutter (15591): #4      SingleChildRenderObjectElement.mount (package:flutter/src/widgets/framework.dart:7114)
I/flutter (15591): #5      Element.inflateWidget (package:flutter/src/widgets/framework.dart:4587)
I/flutter (15591): #6      Element.updateChild (package:flutter/src/widgets/framework.dart:4059)
I/flutter (15591): #7      ComponentElement.performRebuild (package:flutter/src/widgets/framework.dart:5841)
I/flutter (15591): #8      Element.rebuild (package:flutter/src/widgets/framework.dart:5529)
I/flutter (15591): #9      ComponentElement._firstBuild (package:flutter/src/widgets/framework.dart:5799)
I/flutter (15591): #10     ComponentElement.mount (package:flutter/src/widgets/framework.dart:5793)
I/flutter (15591): #11     Element.inflateWidget (package:flutter/src/widgets/framework.dart:4587)
I/flutter (15591): #12     Element.updateChild (package:flutter/src/widgets/framework.dart:4053)
I/flutter (15591): #13     ComponentElement.performRebuild (package:flutter/src/widgets/framework.dart:5841)
I/flutter (15591): #14     StatefulElement.performRebuild (package:flutter/src/widgets/framework.dart:5982)
I/flutter (15591): #15     Element.rebuild (package:flutter/src/widgets/framework.dart:5529)
I/flutter (15591): #16     BuildScope._tryRebuild (package:flutter/src/widgets/framework.dart:2750)
I/flutter (15591): #17     BuildScope._flushDirtyElements (package:flutter/src/widgets/framework.dart:2807)
I/flutter (15591): #18     BuildOwner.buildScope (package:flutter/src/widgets/framework.dart:3111)
I/flutter (15591): #19     WidgetsBinding.drawFrame (package:flutter/src/widgets/binding.dart:1571)
I/flutter (15591): #20     RendererBinding._handlePersistentFrameCallback (package:flutter/src/rendering/binding.dart:509)
I/flutter (15591): #21     SchedulerBinding._invokeFrameCallback (package:flutter/src/scheduler/binding.dart:1430)
I/flutter (15591): #22     SchedulerBinding.handleDrawFrame (package:flutter/src/scheduler/binding.dart:1345)
I/flutter (15591): #23     LiveTestWidgetsFlutterBinding.handleDrawFrame (package:flutter_test/src/binding.dart:2811)
I/flutter (15591): #24     SchedulerBinding._handleDrawFrame (package:flutter/src/scheduler/binding.dart:1198)
I/flutter (15591): #28     _invoke (dart:ui/hooks.dart:425)
I/flutter (15591): #29     PlatformDispatcher._drawFrame (dart:ui/platform_dispatcher.dart:447)
I/flutter (15591): #30     _drawFrame (dart:ui/hooks.dart:395)
I/flutter (15591): (elided 3 frames from dart:async)
I/flutter (15591): type 'MultiChildLayoutParentData' is not a subtype of type 'StackParentData' in type cast
I/flutter (15591): #0      Positioned.applyParentData (package:flutter/src/widgets/basic.dart:5171)
I/flutter (15591): #1      RenderObjectElement._updateParentData (package:flutter/src/widgets/framework.dart:6901)
I/flutter (15591): #2      RenderObjectElement.attachRenderObject (package:flutter/src/widgets/framework.dart:6945)
I/flutter (15591): #3      RenderObjectElement.mount (package:flutter/src/widgets/framework.dart:6801)
I/flutter (15591): #4      Element.inflateWidget (package:flutter/src/widgets/framework.dart:4587)
I/flutter (15591): #5      Element.updateChild (package:flutter/src/widgets/framework.dart:4059)
I/flutter (15591): #6      ComponentElement.performRebuild (package:flutter/src/widgets/framework.dart:5858)
I/flutter (15591): #7      Element.rebuild (package:flutter/src/widgets/framework.dart:5529)
I/flutter (15591): #8      ComponentElement._firstBuild (package:flutter/src/widgets/framework.dart:5799)
I/flutter (15591): #9      ComponentElement.mount (package:flutter/src/widgets/framework.dart:5793)
I/flutter (15591): #10     Element.inflateWidget (package:flutter/src/widgets/framework.dart:4587)
I/flutter (15591): #11     Element.updateChild (package:flutter/src/widgets/framework.dart:4053)
I/flutter (15591): #12     ComponentElement.performRebuild (package:flutter/src/widgets/framework.dart:5841)
I/flutter (15591): #13     StatefulElement.performRebuild (package:flutter/src/widgets/framework.dart:5982)
I/flutter (15591): #14     Element.rebuild (package:flutter/src/widgets/framework.dart:5529)
I/flutter (15591): #15     BuildScope._tryRebuild (package:flutter/src/widgets/framework.dart:2750)
I/flutter (15591): #16     BuildScope._flushDirtyElements (package:flutter/src/widgets/framework.dart:2807)
I/flutter (15591): #17     BuildOwner.buildScope (package:flutter/src/widgets/framework.dart:3111)
I/flutter (15591): #18     WidgetsBinding.drawFrame (package:flutter/src/widgets/binding.dart:1571)
I/flutter (15591): #19     RendererBinding._handlePersistentFrameCallback (package:flutter/src/rendering/binding.dart:509)
I/flutter (15591): #20     SchedulerBinding._invokeFrameCallback (package:flutter/src/scheduler/binding.dart:1430)
I/flutter (15591): #21     SchedulerBinding.handleDrawFrame (package:flutter/src/scheduler/binding.dart:1345)
I/flutter (15591): #22     LiveTestWidgetsFlutterBinding.handleDrawFrame (package:flutter_test/src/binding.dart:2811)
I/flutter (15591): #23     SchedulerBinding._handleDrawFrame (package:flutter/src/scheduler/binding.dart:1198)
I/flutter (15591): #27     _invoke (dart:ui/hooks.dart:425)
I/flutter (15591): #28     PlatformDispatcher._drawFrame (dart:ui/platform_dispatcher.dart:447)
I/flutter (15591): #29     _drawFrame (dart:ui/hooks.dart:395)
I/flutter (15591): (elided 3 frames from dart:async)
[spm]: ProfilerData event received.
I/flutter (15591): [SPM:perf] 698a51a  buildSpan: 5467µs
I/flutter (15591): [spm] Performance monitoring completed for 698a51a
I/flutter (15591): type 'MultiChildLayoutParentData' is not a subtype of type 'StackParentData' in type cast
I/flutter (15591): #0      Positioned.applyParentData (package:flutter/src/widgets/basic.dart:5171)
I/flutter (15591): #1      RenderObjectElement._updateParentData (package:flutter/src/widgets/framework.dart:6901)
I/flutter (15591): #2      RenderObjectElement.attachRenderObject (package:flutter/src/widgets/framework.dart:6945)
I/flutter (15591): #3      RenderObjectElement.mount (package:flutter/src/widgets/framework.dart:6801)
I/flutter (15591): #4      SingleChildRenderObjectElement.mount (package:flutter/src/widgets/framework.dart:7114)
I/flutter (15591): #5      Element.inflateWidget (package:flutter/src/widgets/framework.dart:4587)
I/flutter (15591): #6      Element.updateChild (package:flutter/src/widgets/framework.dart:4059)
I/flutter (15591): #7      ComponentElement.performRebuild (package:flutter/src/widgets/framework.dart:5841)
I/flutter (15591): #8      Element.rebuild (package:flutter/src/widgets/framework.dart:5529)
I/flutter (15591): #9      ComponentElement._firstBuild (package:flutter/src/widgets/framework.dart:5799)
I/flutter (15591): #10     ComponentElement.mount (package:flutter/src/widgets/framework.dart:5793)
I/flutter (15591): #11     Element.inflateWidget (package:flutter/src/widgets/framework.dart:4587)
I/flutter (15591): #12     Element.updateChild (package:flutter/src/widgets/framework.dart:4053)
I/flutter (15591): #13     ComponentElement.performRebuild (package:flutter/src/widgets/framework.dart:5841)
I/flutter (15591): #14     StatefulElement.performRebuild (package:flutter/src/widgets/framework.dart:5982)
I/flutter (15591): #15     Element.rebuild (package:flutter/src/widgets/framework.dart:5529)
I/flutter (15591): #16     BuildScope._tryRebuild (package:flutter/src/widgets/framework.dart:2750)
I/flutter (15591): #17     BuildScope._flushDirtyElements (package:flutter/src/widgets/framework.dart:2807)
I/flutter (15591): #18     BuildOwner.buildScope (package:flutter/src/widgets/framework.dart:3111)
I/flutter (15591): #19     WidgetsBinding.drawFrame (package:flutter/src/widgets/binding.dart:1571)
I/flutter (15591): #20     RendererBinding._handlePersistentFrameCallback (package:flutter/src/rendering/binding.dart:509)
I/flutter (15591): #21     SchedulerBinding._invokeFrameCallback (package:flutter/src/scheduler/binding.dart:1430)
I/flutter (15591): #22     SchedulerBinding.handleDrawFrame (package:flutter/src/scheduler/binding.dart:1345)
I/flutter (15591): #23     LiveTestWidgetsFlutterBinding.handleDrawFrame (package:flutter_test/src/binding.dart:2811)
I/flutter (15591): #24     SchedulerBinding._handleDrawFrame (package:flutter/src/scheduler/binding.dart:1198)
I/flutter (15591): #28     _invoke (dart:ui/hooks.dart:425)
I/flutter (15591): #29     PlatformDispatcher._drawFrame (dart:ui/platform_dispatcher.dart:447)
I/flutter (15591): #30     _drawFrame (dart:ui/hooks.dart:395)
I/flutter (15591): (elided 3 frames from dart:async)
I/flutter (15591): type 'MultiChildLayoutParentData' is not a subtype of type 'StackParentData' in type cast
I/flutter (15591): #0      Positioned.applyParentData (package:flutter/src/widgets/basic.dart:5171)
I/flutter (15591): #1      RenderObjectElement._updateParentData (package:flutter/src/widgets/framework.dart:6901)
I/flutter (15591): #2      RenderObjectElement.attachRenderObject (package:flutter/src/widgets/framework.dart:6945)
I/flutter (15591): #3      RenderObjectElement.mount (package:flutter/src/widgets/framework.dart:6801)
I/flutter (15591): #4      Element.inflateWidget (package:flutter/src/widgets/framework.dart:4587)
I/flutter (15591): #5      Element.updateChild (package:flutter/src/widgets/framework.dart:4059)
I/flutter (15591): #6      ComponentElement.performRebuild (package:flutter/src/widgets/framework.dart:5858)
I/flutter (15591): #7      Element.rebuild (package:flutter/src/widgets/framework.dart:5529)
I/flutter (15591): #8      ComponentElement._firstBuild (package:flutter/src/widgets/framework.dart:5799)
I/flutter (15591): #9      ComponentElement.mount (package:flutter/src/widgets/framework.dart:5793)
I/flutter (15591): #10     Element.inflateWidget (package:flutter/src/widgets/framework.dart:4587)
I/flutter (15591): #11     Element.updateChild (package:flutter/src/widgets/framework.dart:4053)
I/flutter (15591): #12     ComponentElement.performRebuild (package:flutter/src/widgets/framework.dart:5841)
I/flutter (15591): #13     StatefulElement.performRebuild (package:flutter/src/widgets/framework.dart:5982)
I/flutter (15591): #14     Element.rebuild (package:flutter/src/widgets/framework.dart:5529)
I/flutter (15591): #15     BuildScope._tryRebuild (package:flutter/src/widgets/framework.dart:2750)
I/flutter (15591): #16     BuildScope._flushDirtyElements (package:flutter/src/widgets/framework.dart:2807)
I/flutter (15591): #17     BuildOwner.buildScope (package:flutter/src/widgets/framework.dart:3111)
I/flutter (15591): #18     WidgetsBinding.drawFrame (package:flutter/src/widgets/binding.dart:1571)
I/flutter (15591): #19     RendererBinding._handlePersistentFrameCallback (package:flutter/src/rendering/binding.dart:509)
I/flutter (15591): #20     SchedulerBinding._invokeFrameCallback (package:flutter/src/scheduler/binding.dart:1430)
I/flutter (15591): #21     SchedulerBinding.handleDrawFrame (package:flutter/src/scheduler/binding.dart:1345)
I/flutter (15591): #22     LiveTestWidgetsFlutterBinding.handleDrawFrame (package:flutter_test/src/binding.dart:2811)
I/flutter (15591): #23     SchedulerBinding._handleDrawFrame (package:flutter/src/scheduler/binding.dart:1198)
I/flutter (15591): #27     _invoke (dart:ui/hooks.dart:425)
I/flutter (15591): #28     PlatformDispatcher._drawFrame (dart:ui/platform_dispatcher.dart:447)
I/flutter (15591): #29     _drawFrame (dart:ui/hooks.dart:395)
I/flutter (15591): (elided 3 frames from dart:async)
[spm]: ProfilerData event received.
I/flutter (15591): [SPM:perf] 698a51a  buildSpan: 5663µs
I/flutter (15591): [spm] Performance monitoring completed for 698a51a
I/flutter (15591): type 'MultiChildLayoutParentData' is not a subtype of type 'StackParentData' in type cast
I/flutter (15591): #0      Positioned.applyParentData (package:flutter/src/widgets/basic.dart:5171)
I/flutter (15591): #1      RenderObjectElement._updateParentData (package:flutter/src/widgets/framework.dart:6901)
I/flutter (15591): #2      RenderObjectElement.attachRenderObject (package:flutter/src/widgets/framework.dart:6945)
I/flutter (15591): #3      RenderObjectElement.mount (package:flutter/src/widgets/framework.dart:6801)
I/flutter (15591): #4      SingleChildRenderObjectElement.mount (package:flutter/src/widgets/framework.dart:7114)
I/flutter (15591): #5      Element.inflateWidget (package:flutter/src/widgets/framework.dart:4587)
I/flutter (15591): #6      Element.updateChild (package:flutter/src/widgets/framework.dart:4059)
I/flutter (15591): #7      ComponentElement.performRebuild (package:flutter/src/widgets/framework.dart:5841)
I/flutter (15591): #8      Element.rebuild (package:flutter/src/widgets/framework.dart:5529)
I/flutter (15591): #9      ComponentElement._firstBuild (package:flutter/src/widgets/framework.dart:5799)
I/flutter (15591): #10     ComponentElement.mount (package:flutter/src/widgets/framework.dart:5793)
I/flutter (15591): #11     Element.inflateWidget (package:flutter/src/widgets/framework.dart:4587)
I/flutter (15591): #12     Element.updateChild (package:flutter/src/widgets/framework.dart:4053)
I/flutter (15591): #13     ComponentElement.performRebuild (package:flutter/src/widgets/framework.dart:5841)
I/flutter (15591): #14     StatefulElement.performRebuild (package:flutter/src/widgets/framework.dart:5982)
I/flutter (15591): #15     Element.rebuild (package:flutter/src/widgets/framework.dart:5529)
I/flutter (15591): #16     BuildScope._tryRebuild (package:flutter/src/widgets/framework.dart:2750)
I/flutter (15591): #17     BuildScope._flushDirtyElements (package:flutter/src/widgets/framework.dart:2807)
I/flutter (15591): #18     BuildOwner.buildScope (package:flutter/src/widgets/framework.dart:3111)
I/flutter (15591): #19     WidgetsBinding.drawFrame (package:flutter/src/widgets/binding.dart:1571)
I/flutter (15591): #20     RendererBinding._handlePersistentFrameCallback (package:flutter/src/rendering/binding.dart:509)
I/flutter (15591): #21     SchedulerBinding._invokeFrameCallback (package:flutter/src/scheduler/binding.dart:1430)
I/flutter (15591): #22     SchedulerBinding.handleDrawFrame (package:flutter/src/scheduler/binding.dart:1345)
I/flutter (15591): #23     LiveTestWidgetsFlutterBinding.handleDrawFrame (package:flutter_test/src/binding.dart:2811)
I/flutter (15591): #24     SchedulerBinding._handleDrawFrame (package:flutter/src/scheduler/binding.dart:1198)
I/flutter (15591): #28     _invoke (dart:ui/hooks.dart:425)
I/flutter (15591): #29     PlatformDispatcher._drawFrame (dart:ui/platform_dispatcher.dart:447)
I/flutter (15591): #30     _drawFrame (dart:ui/hooks.dart:395)
I/flutter (15591): (elided 3 frames from dart:async)
I/flutter (15591): type 'MultiChildLayoutParentData' is not a subtype of type 'StackParentData' in type cast
I/flutter (15591): #0      Positioned.applyParentData (package:flutter/src/widgets/basic.dart:5171)
I/flutter (15591): #1      RenderObjectElement._updateParentData (package:flutter/src/widgets/framework.dart:6901)
I/flutter (15591): #2      RenderObjectElement.attachRenderObject (package:flutter/src/widgets/framework.dart:6945)
I/flutter (15591): #3      RenderObjectElement.mount (package:flutter/src/widgets/framework.dart:6801)
I/flutter (15591): #4      Element.inflateWidget (package:flutter/src/widgets/framework.dart:4587)
I/flutter (15591): #5      Element.updateChild (package:flutter/src/widgets/framework.dart:4059)
I/flutter (15591): #6      ComponentElement.performRebuild (package:flutter/src/widgets/framework.dart:5858)
I/flutter (15591): #7      Element.rebuild (package:flutter/src/widgets/framework.dart:5529)
I/flutter (15591): #8      ComponentElement._firstBuild (package:flutter/src/widgets/framework.dart:5799)
I/flutter (15591): #9      ComponentElement.mount (package:flutter/src/widgets/framework.dart:5793)
I/flutter (15591): #10     Element.inflateWidget (package:flutter/src/widgets/framework.dart:4587)
I/flutter (15591): #11     Element.updateChild (package:flutter/src/widgets/framework.dart:4053)
I/flutter (15591): #12     ComponentElement.performRebuild (package:flutter/src/widgets/framework.dart:5841)
I/flutter (15591): #13     StatefulElement.performRebuild (package:flutter/src/widgets/framework.dart:5982)
I/flutter (15591): #14     Element.rebuild (package:flutter/src/widgets/framework.dart:5529)
I/flutter (15591): #15     BuildScope._tryRebuild (package:flutter/src/widgets/framework.dart:2750)
I/flutter (15591): #16     BuildScope._flushDirtyElements (package:flutter/src/widgets/framework.dart:2807)
I/flutter (15591): #17     BuildOwner.buildScope (package:flutter/src/widgets/framework.dart:3111)
I/flutter (15591): #18     WidgetsBinding.drawFrame (package:flutter/src/widgets/binding.dart:1571)
I/flutter (15591): #19     RendererBinding._handlePersistentFrameCallback (package:flutter/src/rendering/binding.dart:509)
I/flutter (15591): #20     SchedulerBinding._invokeFrameCallback (package:flutter/src/scheduler/binding.dart:1430)
I/flutter (15591): #21     SchedulerBinding.handleDrawFrame (package:flutter/src/scheduler/binding.dart:1345)
I/flutter (15591): #22     LiveTestWidgetsFlutterBinding.handleDrawFrame (package:flutter_test/src/binding.dart:2811)
I/flutter (15591): #23     SchedulerBinding._handleDrawFrame (package:flutter/src/scheduler/binding.dart:1198)
I/flutter (15591): #27     _invoke (dart:ui/hooks.dart:425)
I/flutter (15591): #28     PlatformDispatcher._drawFrame (dart:ui/platform_dispatcher.dart:447)
I/flutter (15591): #29     _drawFrame (dart:ui/hooks.dart:395)
I/flutter (15591): (elided 3 frames from dart:async)
I/flutter (15591): [SPM:perf] 698a51a  buildSpan: 5405µs
I/flutter (15591): [spm] Performance monitoring completed for 698a51a
[spm]: ProfilerData event received.
I/flutter (15591): type 'MultiChildLayoutParentData' is not a subtype of type 'StackParentData' in type cast
I/flutter (15591): #0      Positioned.applyParentData (package:flutter/src/widgets/basic.dart:5171)
I/flutter (15591): #1      RenderObjectElement._updateParentData (package:flutter/src/widgets/framework.dart:6901)
I/flutter (15591): #2      RenderObjectElement.attachRenderObject (package:flutter/src/widgets/framework.dart:6945)
I/flutter (15591): #3      RenderObjectElement.mount (package:flutter/src/widgets/framework.dart:6801)
I/flutter (15591): #4      SingleChildRenderObjectElement.mount (package:flutter/src/widgets/framework.dart:7114)
I/flutter (15591): #5      Element.inflateWidget (package:flutter/src/widgets/framework.dart:4587)
I/flutter (15591): #6      Element.updateChild (package:flutter/src/widgets/framework.dart:4059)
I/flutter (15591): #7      ComponentElement.performRebuild (package:flutter/src/widgets/framework.dart:5841)
I/flutter (15591): #8      Element.rebuild (package:flutter/src/widgets/framework.dart:5529)
I/flutter (15591): #9      ComponentElement._firstBuild (package:flutter/src/widgets/framework.dart:5799)
I/flutter (15591): #10     ComponentElement.mount (package:flutter/src/widgets/framework.dart:5793)
I/flutter (15591): #11     Element.inflateWidget (package:flutter/src/widgets/framework.dart:4587)
I/flutter (15591): #12     Element.updateChild (package:flutter/src/widgets/framework.dart:4053)
I/flutter (15591): #13     ComponentElement.performRebuild (package:flutter/src/widgets/framework.dart:5841)
I/flutter (15591): #14     StatefulElement.performRebuild (package:flutter/src/widgets/framework.dart:5982)
I/flutter (15591): #15     Element.rebuild (package:flutter/src/widgets/framework.dart:5529)
I/flutter (15591): #16     BuildScope._tryRebuild (package:flutter/src/widgets/framework.dart:2750)
I/flutter (15591): #17     BuildScope._flushDirtyElements (package:flutter/src/widgets/framework.dart:2807)
I/flutter (15591): #18     BuildOwner.buildScope (package:flutter/src/widgets/framework.dart:3111)
I/flutter (15591): #19     WidgetsBinding.drawFrame (package:flutter/src/widgets/binding.dart:1571)
I/flutter (15591): #20     RendererBinding._handlePersistentFrameCallback (package:flutter/src/rendering/binding.dart:509)
I/flutter (15591): #21     SchedulerBinding._invokeFrameCallback (package:flutter/src/scheduler/binding.dart:1430)
I/flutter (15591): #22     SchedulerBinding.handleDrawFrame (package:flutter/src/scheduler/binding.dart:1345)
I/flutter (15591): #23     LiveTestWidgetsFlutterBinding.handleDrawFrame (package:flutter_test/src/binding.dart:2811)
I/flutter (15591): #24     SchedulerBinding._handleDrawFrame (package:flutter/src/scheduler/binding.dart:1198)
I/flutter (15591): #28     _invoke (dart:ui/hooks.dart:425)
I/flutter (15591): #29     PlatformDispatcher._drawFrame (dart:ui/platform_dispatcher.dart:447)
I/flutter (15591): #30     _drawFrame (dart:ui/hooks.dart:395)
I/flutter (15591): (elided 3 frames from dart:async)
I/flutter (15591): type 'MultiChildLayoutParentData' is not a subtype of type 'StackParentData' in type cast
I/flutter (15591): #0      Positioned.applyParentData (package:flutter/src/widgets/basic.dart:5171)
I/flutter (15591): #1      RenderObjectElement._updateParentData (package:flutter/src/widgets/framework.dart:6901)
I/flutter (15591): #2      RenderObjectElement.attachRenderObject (package:flutter/src/widgets/framework.dart:6945)
I/flutter (15591): #3      RenderObjectElement.mount (package:flutter/src/widgets/framework.dart:6801)
I/flutter (15591): #4      Element.inflateWidget (package:flutter/src/widgets/framework.dart:4587)
I/flutter (15591): #5      Element.updateChild (package:flutter/src/widgets/framework.dart:4059)
I/flutter (15591): #6      ComponentElement.performRebuild (package:flutter/src/widgets/framework.dart:5858)
I/flutter (15591): #7      Element.rebuild (package:flutter/src/widgets/framework.dart:5529)
I/flutter (15591): #8      ComponentElement._firstBuild (package:flutter/src/widgets/framework.dart:5799)
I/flutter (15591): #9      ComponentElement.mount (package:flutter/src/widgets/framework.dart:5793)
I/flutter (15591): #10     Element.inflateWidget (package:flutter/src/widgets/framework.dart:4587)
I/flutter (15591): #11     Element.updateChild (package:flutter/src/widgets/framework.dart:4053)
I/flutter (15591): #12     ComponentElement.performRebuild (package:flutter/src/widgets/framework.dart:5841)
I/flutter (15591): #13     StatefulElement.performRebuild (package:flutter/src/widgets/framework.dart:5982)
I/flutter (15591): #14     Element.rebuild (package:flutter/src/widgets/framework.dart:5529)
I/flutter (15591): #15     BuildScope._tryRebuild (package:flutter/src/widgets/framework.dart:2750)
I/flutter (15591): #16     BuildScope._flushDirtyElements (package:flutter/src/widgets/framework.dart:2807)
I/flutter (15591): #17     BuildOwner.buildScope (package:flutter/src/widgets/framework.dart:3111)
I/flutter (15591): #18     WidgetsBinding.drawFrame (package:flutter/src/widgets/binding.dart:1571)
I/flutter (15591): #19     RendererBinding._handlePersistentFrameCallback (package:flutter/src/rendering/binding.dart:509)
I/flutter (15591): #20     SchedulerBinding._invokeFrameCallback (package:flutter/src/scheduler/binding.dart:1430)
I/flutter (15591): #21     SchedulerBinding.handleDrawFrame (package:flutter/src/scheduler/binding.dart:1345)
I/flutter (15591): #22     LiveTestWidgetsFlutterBinding.handleDrawFrame (package:flutter_test/src/binding.dart:2811)
I/flutter (15591): #23     SchedulerBinding._handleDrawFrame (package:flutter/src/scheduler/binding.dart:1198)
I/flutter (15591): #27     _invoke (dart:ui/hooks.dart:425)
I/flutter (15591): #28     PlatformDispatcher._drawFrame (dart:ui/platform_dispatcher.dart:447)
I/flutter (15591): #29     _drawFrame (dart:ui/hooks.dart:395)
I/flutter (15591): (elided 3 frames from dart:async)
I/flutter (15591): [SPM:perf] 698a51a  buildSpan: 5513µs
I/flutter (15591): [spm] Performance monitoring completed for 698a51a
[spm]: ProfilerData event received.
I/flutter (15591): type 'MultiChildLayoutParentData' is not a subtype of type 'StackParentData' in type cast
I/flutter (15591): #0      Positioned.applyParentData (package:flutter/src/widgets/basic.dart:5171)
I/flutter (15591): #1      RenderObjectElement._updateParentData (package:flutter/src/widgets/framework.dart:6901)
I/flutter (15591): #2      RenderObjectElement.attachRenderObject (package:flutter/src/widgets/framework.dart:6945)
I/flutter (15591): #3      RenderObjectElement.mount (package:flutter/src/widgets/framework.dart:6801)
I/flutter (15591): #4      SingleChildRenderObjectElement.mount (package:flutter/src/widgets/framework.dart:7114)
I/flutter (15591): #5      Element.inflateWidget (package:flutter/src/widgets/framework.dart:4587)
I/flutter (15591): #6      Element.updateChild (package:flutter/src/widgets/framework.dart:4059)
I/flutter (15591): #7      ComponentElement.performRebuild (package:flutter/src/widgets/framework.dart:5841)
I/flutter (15591): #8      Element.rebuild (package:flutter/src/widgets/framework.dart:5529)
I/flutter (15591): #9      ComponentElement._firstBuild (package:flutter/src/widgets/framework.dart:5799)
I/flutter (15591): #10     ComponentElement.mount (package:flutter/src/widgets/framework.dart:5793)
I/flutter (15591): #11     Element.inflateWidget (package:flutter/src/widgets/framework.dart:4587)
I/flutter (15591): #12     Element.updateChild (package:flutter/src/widgets/framework.dart:4053)
I/flutter (15591): #13     ComponentElement.performRebuild (package:flutter/src/widgets/framework.dart:5841)
I/flutter (15591): #14     StatefulElement.performRebuild (package:flutter/src/widgets/framework.dart:5982)
I/flutter (15591): #15     Element.rebuild (package:flutter/src/widgets/framework.dart:5529)
I/flutter (15591): #16     BuildScope._tryRebuild (package:flutter/src/widgets/framework.dart:2750)
I/flutter (15591): #17     BuildScope._flushDirtyElements (package:flutter/src/widgets/framework.dart:2807)
I/flutter (15591): #18     BuildOwner.buildScope (package:flutter/src/widgets/framework.dart:3111)
I/flutter (15591): #19     WidgetsBinding.drawFrame (package:flutter/src/widgets/binding.dart:1571)
I/flutter (15591): #20     RendererBinding._handlePersistentFrameCallback (package:flutter/src/rendering/binding.dart:509)
I/flutter (15591): #21     SchedulerBinding._invokeFrameCallback (package:flutter/src/scheduler/binding.dart:1430)
I/flutter (15591): #22     SchedulerBinding.handleDrawFrame (package:flutter/src/scheduler/binding.dart:1345)
I/flutter (15591): #23     LiveTestWidgetsFlutterBinding.handleDrawFrame (package:flutter_test/src/binding.dart:2811)
I/flutter (15591): #24     SchedulerBinding._handleDrawFrame (package:flutter/src/scheduler/binding.dart:1198)
I/flutter (15591): #28     _invoke (dart:ui/hooks.dart:425)
I/flutter (15591): #29     PlatformDispatcher._drawFrame (dart:ui/platform_dispatcher.dart:447)
I/flutter (15591): #30     _drawFrame (dart:ui/hooks.dart:395)
I/flutter (15591): (elided 3 frames from dart:async)
I/flutter (15591): type 'MultiChildLayoutParentData' is not a subtype of type 'StackParentData' in type cast
I/flutter (15591): #0      Positioned.applyParentData (package:flutter/src/widgets/basic.dart:5171)
I/flutter (15591): #1      RenderObjectElement._updateParentData (package:flutter/src/widgets/framework.dart:6901)
I/flutter (15591): #2      RenderObjectElement.attachRenderObject (package:flutter/src/widgets/framework.dart:6945)
I/flutter (15591): #3      RenderObjectElement.mount (package:flutter/src/widgets/framework.dart:6801)
I/flutter (15591): #4      Element.inflateWidget (package:flutter/src/widgets/framework.dart:4587)
I/flutter (15591): #5      Element.updateChild (package:flutter/src/widgets/framework.dart:4059)
I/flutter (15591): #6      ComponentElement.performRebuild (package:flutter/src/widgets/framework.dart:5858)
I/flutter (15591): #7      Element.rebuild (package:flutter/src/widgets/framework.dart:5529)
I/flutter (15591): #8      ComponentElement._firstBuild (package:flutter/src/widgets/framework.dart:5799)
I/flutter (15591): #9      ComponentElement.mount (package:flutter/src/widgets/framework.dart:5793)
I/flutter (15591): #10     Element.inflateWidget (package:flutter/src/widgets/framework.dart:4587)
I/flutter (15591): #11     Element.updateChild (package:flutter/src/widgets/framework.dart:4053)
I/flutter (15591): #12     ComponentElement.performRebuild (package:flutter/src/widgets/framework.dart:5841)
I/flutter (15591): #13     StatefulElement.performRebuild (package:flutter/src/widgets/framework.dart:5982)
I/flutter (15591): #14     Element.rebuild (package:flutter/src/widgets/framework.dart:5529)
I/flutter (15591): #15     BuildScope._tryRebuild (package:flutter/src/widgets/framework.dart:2750)
I/flutter (15591): #16     BuildScope._flushDirtyElements (package:flutter/src/widgets/framework.dart:2807)
I/flutter (15591): #17     BuildOwner.buildScope (package:flutter/src/widgets/framework.dart:3111)
I/flutter (15591): #18     WidgetsBinding.drawFrame (package:flutter/src/widgets/binding.dart:1571)
I/flutter (15591): #19     RendererBinding._handlePersistentFrameCallback (package:flutter/src/rendering/binding.dart:509)
I/flutter (15591): #20     SchedulerBinding._invokeFrameCallback (package:flutter/src/scheduler/binding.dart:1430)
I/flutter (15591): #21     SchedulerBinding.handleDrawFrame (package:flutter/src/scheduler/binding.dart:1345)
I/flutter (15591): #22     LiveTestWidgetsFlutterBinding.handleDrawFrame (package:flutter_test/src/binding.dart:2811)
I/flutter (15591): #23     SchedulerBinding._handleDrawFrame (package:flutter/src/scheduler/binding.dart:1198)
I/flutter (15591): #27     _invoke (dart:ui/hooks.dart:425)
I/flutter (15591): #28     PlatformDispatcher._drawFrame (dart:ui/platform_dispatcher.dart:447)
I/flutter (15591): #29     _drawFrame (dart:ui/hooks.dart:395)
I/flutter (15591): (elided 3 frames from dart:async)
[spm]: ProfilerData event received.
I/flutter (15591): [SPM:perf] 698a51a  buildSpan: 5433µs
I/flutter (15591): [spm] Performance monitoring completed for 698a51a
I/flutter (15591): type 'MultiChildLayoutParentData' is not a subtype of type 'StackParentData' in type cast
I/flutter (15591): #0      Positioned.applyParentData (package:flutter/src/widgets/basic.dart:5171)
I/flutter (15591): #1      RenderObjectElement._updateParentData (package:flutter/src/widgets/framework.dart:6901)
I/flutter (15591): #2      RenderObjectElement.attachRenderObject (package:flutter/src/widgets/framework.dart:6945)
I/flutter (15591): #3      RenderObjectElement.mount (package:flutter/src/widgets/framework.dart:6801)
I/flutter (15591): #4      SingleChildRenderObjectElement.mount (package:flutter/src/widgets/framework.dart:7114)
I/flutter (15591): #5      Element.inflateWidget (package:flutter/src/widgets/framework.dart:4587)
I/flutter (15591): #6      Element.updateChild (package:flutter/src/widgets/framework.dart:4059)
I/flutter (15591): #7      ComponentElement.performRebuild (package:flutter/src/widgets/framework.dart:5841)
I/flutter (15591): #8      Element.rebuild (package:flutter/src/widgets/framework.dart:5529)
I/flutter (15591): #9      ComponentElement._firstBuild (package:flutter/src/widgets/framework.dart:5799)
I/flutter (15591): #10     ComponentElement.mount (package:flutter/src/widgets/framework.dart:5793)
I/flutter (15591): #11     Element.inflateWidget (package:flutter/src/widgets/framework.dart:4587)
I/flutter (15591): #12     Element.updateChild (package:flutter/src/widgets/framework.dart:4053)
I/flutter (15591): #13     ComponentElement.performRebuild (package:flutter/src/widgets/framework.dart:5841)
I/flutter (15591): #14     StatefulElement.performRebuild (package:flutter/src/widgets/framework.dart:5982)
I/flutter (15591): #15     Element.rebuild (package:flutter/src/widgets/framework.dart:5529)
I/flutter (15591): #16     BuildScope._tryRebuild (package:flutter/src/widgets/framework.dart:2750)
I/flutter (15591): #17     BuildScope._flushDirtyElements (package:flutter/src/widgets/framework.dart:2807)
I/flutter (15591): #18     BuildOwner.buildScope (package:flutter/src/widgets/framework.dart:3111)
I/flutter (15591): #19     WidgetsBinding.drawFrame (package:flutter/src/widgets/binding.dart:1571)
I/flutter (15591): #20     RendererBinding._handlePersistentFrameCallback (package:flutter/src/rendering/binding.dart:509)
I/flutter (15591): #21     SchedulerBinding._invokeFrameCallback (package:flutter/src/scheduler/binding.dart:1430)
I/flutter (15591): #22     SchedulerBinding.handleDrawFrame (package:flutter/src/scheduler/binding.dart:1345)
I/flutter (15591): #23     LiveTestWidgetsFlutterBinding.handleDrawFrame (package:flutter_test/src/binding.dart:2811)
I/flutter (15591): #24     SchedulerBinding._handleDrawFrame (package:flutter/src/scheduler/binding.dart:1198)
I/flutter (15591): #28     _invoke (dart:ui/hooks.dart:425)
I/flutter (15591): #29     PlatformDispatcher._drawFrame (dart:ui/platform_dispatcher.dart:447)
I/flutter (15591): #30     _drawFrame (dart:ui/hooks.dart:395)
I/flutter (15591): (elided 3 frames from dart:async)
I/flutter (15591): type 'MultiChildLayoutParentData' is not a subtype of type 'StackParentData' in type cast
I/flutter (15591): #0      Positioned.applyParentData (package:flutter/src/widgets/basic.dart:5171)
I/flutter (15591): #1      RenderObjectElement._updateParentData (package:flutter/src/widgets/framework.dart:6901)
I/flutter (15591): #2      RenderObjectElement.attachRenderObject (package:flutter/src/widgets/framework.dart:6945)
I/flutter (15591): #3      RenderObjectElement.mount (package:flutter/src/widgets/framework.dart:6801)
I/flutter (15591): #4      Element.inflateWidget (package:flutter/src/widgets/framework.dart:4587)
I/flutter (15591): #5      Element.updateChild (package:flutter/src/widgets/framework.dart:4059)
I/flutter (15591): #6      ComponentElement.performRebuild (package:flutter/src/widgets/framework.dart:5858)
I/flutter (15591): #7      Element.rebuild (package:flutter/src/widgets/framework.dart:5529)
I/flutter (15591): #8      ComponentElement._firstBuild (package:flutter/src/widgets/framework.dart:5799)
I/flutter (15591): #9      ComponentElement.mount (package:flutter/src/widgets/framework.dart:5793)
I/flutter (15591): #10     Element.inflateWidget (package:flutter/src/widgets/framework.dart:4587)
I/flutter (15591): #11     Element.updateChild (package:flutter/src/widgets/framework.dart:4053)
I/flutter (15591): #12     ComponentElement.performRebuild (package:flutter/src/widgets/framework.dart:5841)
I/flutter (15591): #13     StatefulElement.performRebuild (package:flutter/src/widgets/framework.dart:5982)
I/flutter (15591): #14     Element.rebuild (package:flutter/src/widgets/framework.dart:5529)
I/flutter (15591): #15     BuildScope._tryRebuild (package:flutter/src/widgets/framework.dart:2750)
I/flutter (15591): #16     BuildScope._flushDirtyElements (package:flutter/src/widgets/framework.dart:2807)
I/flutter (15591): #17     BuildOwner.buildScope (package:flutter/src/widgets/framework.dart:3111)
I/flutter (15591): #18     WidgetsBinding.drawFrame (package:flutter/src/widgets/binding.dart:1571)
I/flutter (15591): #19     RendererBinding._handlePersistentFrameCallback (package:flutter/src/rendering/binding.dart:509)
I/flutter (15591): #20     SchedulerBinding._invokeFrameCallback (package:flutter/src/scheduler/binding.dart:1430)
I/flutter (15591): #21     SchedulerBinding.handleDrawFrame (package:flutter/src/scheduler/binding.dart:1345)
I/flutter (15591): #22     LiveTestWidgetsFlutterBinding.handleDrawFrame (package:flutter_test/src/binding.dart:2811)
I/flutter (15591): #23     SchedulerBinding._handleDrawFrame (package:flutter/src/scheduler/binding.dart:1198)
I/flutter (15591): #27     _invoke (dart:ui/hooks.dart:425)
I/flutter (15591): #28     PlatformDispatcher._drawFrame (dart:ui/platform_dispatcher.dart:447)
I/flutter (15591): #29     _drawFrame (dart:ui/hooks.dart:395)
I/flutter (15591): (elided 3 frames from dart:async)
I/flutter (15591): [SPM:perf] 698a51a  buildSpan: 5322µs
I/flutter (15591): [spm] Performance monitoring completed for 698a51a
[spm]: ProfilerData event received.
I/flutter (15591): type 'MultiChildLayoutParentData' is not a subtype of type 'StackParentData' in type cast
I/flutter (15591): #0      Positioned.applyParentData (package:flutter/src/widgets/basic.dart:5171)
I/flutter (15591): #1      RenderObjectElement._updateParentData (package:flutter/src/widgets/framework.dart:6901)
I/flutter (15591): #2      RenderObjectElement.attachRenderObject (package:flutter/src/widgets/framework.dart:6945)
I/flutter (15591): #3      RenderObjectElement.mount (package:flutter/src/widgets/framework.dart:6801)
I/flutter (15591): #4      SingleChildRenderObjectElement.mount (package:flutter/src/widgets/framework.dart:7114)
I/flutter (15591): #5      Element.inflateWidget (package:flutter/src/widgets/framework.dart:4587)
I/flutter (15591): #6      Element.updateChild (package:flutter/src/widgets/framework.dart:4059)
I/flutter (15591): #7      ComponentElement.performRebuild (package:flutter/src/widgets/framework.dart:5841)
I/flutter (15591): #8      Element.rebuild (package:flutter/src/widgets/framework.dart:5529)
I/flutter (15591): #9      ComponentElement._firstBuild (package:flutter/src/widgets/framework.dart:5799)
I/flutter (15591): #10     ComponentElement.mount (package:flutter/src/widgets/framework.dart:5793)
I/flutter (15591): #11     Element.inflateWidget (package:flutter/src/widgets/framework.dart:4587)
I/flutter (15591): #12     Element.updateChild (package:flutter/src/widgets/framework.dart:4053)
I/flutter (15591): #13     ComponentElement.performRebuild (package:flutter/src/widgets/framework.dart:5841)
I/flutter (15591): #14     StatefulElement.performRebuild (package:flutter/src/widgets/framework.dart:5982)
I/flutter (15591): #15     Element.rebuild (package:flutter/src/widgets/framework.dart:5529)
I/flutter (15591): #16     BuildScope._tryRebuild (package:flutter/src/widgets/framework.dart:2750)
I/flutter (15591): #17     BuildScope._flushDirtyElements (package:flutter/src/widgets/framework.dart:2807)
I/flutter (15591): #18     BuildOwner.buildScope (package:flutter/src/widgets/framework.dart:3111)
I/flutter (15591): #19     WidgetsBinding.drawFrame (package:flutter/src/widgets/binding.dart:1571)
I/flutter (15591): #20     RendererBinding._handlePersistentFrameCallback (package:flutter/src/rendering/binding.dart:509)
I/flutter (15591): #21     SchedulerBinding._invokeFrameCallback (package:flutter/src/scheduler/binding.dart:1430)
I/flutter (15591): #22     SchedulerBinding.handleDrawFrame (package:flutter/src/scheduler/binding.dart:1345)
I/flutter (15591): #23     LiveTestWidgetsFlutterBinding.handleDrawFrame (package:flutter_test/src/binding.dart:2811)
I/flutter (15591): #24     SchedulerBinding._handleDrawFrame (package:flutter/src/scheduler/binding.dart:1198)
I/flutter (15591): #28     _invoke (dart:ui/hooks.dart:425)
I/flutter (15591): #29     PlatformDispatcher._drawFrame (dart:ui/platform_dispatcher.dart:447)
I/flutter (15591): #30     _drawFrame (dart:ui/hooks.dart:395)
I/flutter (15591): (elided 3 frames from dart:async)
I/flutter (15591): type 'MultiChildLayoutParentData' is not a subtype of type 'StackParentData' in type cast
I/flutter (15591): #0      Positioned.applyParentData (package:flutter/src/widgets/basic.dart:5171)
I/flutter (15591): #1      RenderObjectElement._updateParentData (package:flutter/src/widgets/framework.dart:6901)
I/flutter (15591): #2      RenderObjectElement.attachRenderObject (package:flutter/src/widgets/framework.dart:6945)
I/flutter (15591): #3      RenderObjectElement.mount (package:flutter/src/widgets/framework.dart:6801)
I/flutter (15591): #4      Element.inflateWidget (package:flutter/src/widgets/framework.dart:4587)
I/flutter (15591): #5      Element.updateChild (package:flutter/src/widgets/framework.dart:4059)
I/flutter (15591): #6      ComponentElement.performRebuild (package:flutter/src/widgets/framework.dart:5858)
I/flutter (15591): #7      Element.rebuild (package:flutter/src/widgets/framework.dart:5529)
I/flutter (15591): #8      ComponentElement._firstBuild (package:flutter/src/widgets/framework.dart:5799)
I/flutter (15591): #9      ComponentElement.mount (package:flutter/src/widgets/framework.dart:5793)
I/flutter (15591): #10     Element.inflateWidget (package:flutter/src/widgets/framework.dart:4587)
I/flutter (15591): #11     Element.updateChild (package:flutter/src/widgets/framework.dart:4053)
I/flutter (15591): #12     ComponentElement.performRebuild (package:flutter/src/widgets/framework.dart:5841)
I/flutter (15591): #13     StatefulElement.performRebuild (package:flutter/src/widgets/framework.dart:5982)
I/flutter (15591): #14     Element.rebuild (package:flutter/src/widgets/framework.dart:5529)
I/flutter (15591): #15     BuildScope._tryRebuild (package:flutter/src/widgets/framework.dart:2750)
I/flutter (15591): #16     BuildScope._flushDirtyElements (package:flutter/src/widgets/framework.dart:2807)
I/flutter (15591): #17     BuildOwner.buildScope (package:flutter/src/widgets/framework.dart:3111)
I/flutter (15591): #18     WidgetsBinding.drawFrame (package:flutter/src/widgets/binding.dart:1571)
I/flutter (15591): #19     RendererBinding._handlePersistentFrameCallback (package:flutter/src/rendering/binding.dart:509)
I/flutter (15591): #20     SchedulerBinding._invokeFrameCallback (package:flutter/src/scheduler/binding.dart:1430)
I/flutter (15591): #21     SchedulerBinding.handleDrawFrame (package:flutter/src/scheduler/binding.dart:1345)
I/flutter (15591): #22     LiveTestWidgetsFlutterBinding.handleDrawFrame (package:flutter_test/src/binding.dart:2811)
I/flutter (15591): #23     SchedulerBinding._handleDrawFrame (package:flutter/src/scheduler/binding.dart:1198)
I/flutter (15591): #27     _invoke (dart:ui/hooks.dart:425)
I/flutter (15591): #28     PlatformDispatcher._drawFrame (dart:ui/platform_dispatcher.dart:447)
I/flutter (15591): #29     _drawFrame (dart:ui/hooks.dart:395)
I/flutter (15591): (elided 3 frames from dart:async)
[spm]: ProfilerData event received.
I/flutter (15591): [SPM:perf] 698a51a  buildSpan: 6122µs
I/flutter (15591): [spm] Performance monitoring completed for 698a51a
I/flutter (15591): type 'MultiChildLayoutParentData' is not a subtype of type 'StackParentData' in type cast
I/flutter (15591): #0      Positioned.applyParentData (package:flutter/src/widgets/basic.dart:5171)
I/flutter (15591): #1      RenderObjectElement._updateParentData (package:flutter/src/widgets/framework.dart:6901)
I/flutter (15591): #2      RenderObjectElement.attachRenderObject (package:flutter/src/widgets/framework.dart:6945)
I/flutter (15591): #3      RenderObjectElement.mount (package:flutter/src/widgets/framework.dart:6801)
I/flutter (15591): #4      SingleChildRenderObjectElement.mount (package:flutter/src/widgets/framework.dart:7114)
I/flutter (15591): #5      Element.inflateWidget (package:flutter/src/widgets/framework.dart:4587)
I/flutter (15591): #6      Element.updateChild (package:flutter/src/widgets/framework.dart:4059)
I/flutter (15591): #7      ComponentElement.performRebuild (package:flutter/src/widgets/framework.dart:5841)
I/flutter (15591): #8      Element.rebuild (package:flutter/src/widgets/framework.dart:5529)
I/flutter (15591): #9      ComponentElement._firstBuild (package:flutter/src/widgets/framework.dart:5799)
I/flutter (15591): #10     ComponentElement.mount (package:flutter/src/widgets/framework.dart:5793)
I/flutter (15591): #11     Element.inflateWidget (package:flutter/src/widgets/framework.dart:4587)
I/flutter (15591): #12     Element.updateChild (package:flutter/src/widgets/framework.dart:4053)
I/flutter (15591): #13     ComponentElement.performRebuild (package:flutter/src/widgets/framework.dart:5841)
I/flutter (15591): #14     StatefulElement.performRebuild (package:flutter/src/widgets/framework.dart:5982)
I/flutter (15591): #15     Element.rebuild (package:flutter/src/widgets/framework.dart:5529)
I/flutter (15591): #16     BuildScope._tryRebuild (package:flutter/src/widgets/framework.dart:2750)
I/flutter (15591): #17     BuildScope._flushDirtyElements (package:flutter/src/widgets/framework.dart:2807)
I/flutter (15591): #18     BuildOwner.buildScope (package:flutter/src/widgets/framework.dart:3111)
I/flutter (15591): #19     WidgetsBinding.drawFrame (package:flutter/src/widgets/binding.dart:1571)
I/flutter (15591): #20     RendererBinding._handlePersistentFrameCallback (package:flutter/src/rendering/binding.dart:509)
I/flutter (15591): #21     SchedulerBinding._invokeFrameCallback (package:flutter/src/scheduler/binding.dart:1430)
I/flutter (15591): #22     SchedulerBinding.handleDrawFrame (package:flutter/src/scheduler/binding.dart:1345)
I/flutter (15591): #23     LiveTestWidgetsFlutterBinding.handleDrawFrame (package:flutter_test/src/binding.dart:2811)
I/flutter (15591): #24     SchedulerBinding._handleDrawFrame (package:flutter/src/scheduler/binding.dart:1198)
I/flutter (15591): #28     _invoke (dart:ui/hooks.dart:425)
I/flutter (15591): #29     PlatformDispatcher._drawFrame (dart:ui/platform_dispatcher.dart:447)
I/flutter (15591): #30     _drawFrame (dart:ui/hooks.dart:395)
I/flutter (15591): (elided 3 frames from dart:async)
I/flutter (15591): type 'MultiChildLayoutParentData' is not a subtype of type 'StackParentData' in type cast
I/flutter (15591): #0      Positioned.applyParentData (package:flutter/src/widgets/basic.dart:5171)
I/flutter (15591): #1      RenderObjectElement._updateParentData (package:flutter/src/widgets/framework.dart:6901)
I/flutter (15591): #2      RenderObjectElement.attachRenderObject (package:flutter/src/widgets/framework.dart:6945)
I/flutter (15591): #3      RenderObjectElement.mount (package:flutter/src/widgets/framework.dart:6801)
I/flutter (15591): #4      Element.inflateWidget (package:flutter/src/widgets/framework.dart:4587)
I/flutter (15591): #5      Element.updateChild (package:flutter/src/widgets/framework.dart:4059)
I/flutter (15591): #6      ComponentElement.performRebuild (package:flutter/src/widgets/framework.dart:5858)
I/flutter (15591): #7      Element.rebuild (package:flutter/src/widgets/framework.dart:5529)
I/flutter (15591): #8      ComponentElement._firstBuild (package:flutter/src/widgets/framework.dart:5799)
I/flutter (15591): #9      ComponentElement.mount (package:flutter/src/widgets/framework.dart:5793)
I/flutter (15591): #10     Element.inflateWidget (package:flutter/src/widgets/framework.dart:4587)
I/flutter (15591): #11     Element.updateChild (package:flutter/src/widgets/framework.dart:4053)
I/flutter (15591): #12     ComponentElement.performRebuild (package:flutter/src/widgets/framework.dart:5841)
I/flutter (15591): #13     StatefulElement.performRebuild (package:flutter/src/widgets/framework.dart:5982)
I/flutter (15591): #14     Element.rebuild (package:flutter/src/widgets/framework.dart:5529)
I/flutter (15591): #15     BuildScope._tryRebuild (package:flutter/src/widgets/framework.dart:2750)
I/flutter (15591): #16     BuildScope._flushDirtyElements (package:flutter/src/widgets/framework.dart:2807)
I/flutter (15591): #17     BuildOwner.buildScope (package:flutter/src/widgets/framework.dart:3111)
I/flutter (15591): #18     WidgetsBinding.drawFrame (package:flutter/src/widgets/binding.dart:1571)
I/flutter (15591): #19     RendererBinding._handlePersistentFrameCallback (package:flutter/src/rendering/binding.dart:509)
I/flutter (15591): #20     SchedulerBinding._invokeFrameCallback (package:flutter/src/scheduler/binding.dart:1430)
I/flutter (15591): #21     SchedulerBinding.handleDrawFrame (package:flutter/src/scheduler/binding.dart:1345)
I/flutter (15591): #22     LiveTestWidgetsFlutterBinding.handleDrawFrame (package:flutter_test/src/binding.dart:2811)
I/flutter (15591): #23     SchedulerBinding._handleDrawFrame (package:flutter/src/scheduler/binding.dart:1198)
I/flutter (15591): #27     _invoke (dart:ui/hooks.dart:425)
I/flutter (15591): #28     PlatformDispatcher._drawFrame (dart:ui/platform_dispatcher.dart:447)
I/flutter (15591): #29     _drawFrame (dart:ui/hooks.dart:395)
I/flutter (15591): (elided 3 frames from dart:async)
[spm]: ProfilerData event received.
I/flutter (15591): [SPM:perf] 698a51a  buildSpan: 5549µs
I/flutter (15591): [spm] Performance monitoring completed for 698a51a
I/flutter (15591): type 'MultiChildLayoutParentData' is not a subtype of type 'StackParentData' in type cast
I/flutter (15591): #0      Positioned.applyParentData (package:flutter/src/widgets/basic.dart:5171)
I/flutter (15591): #1      RenderObjectElement._updateParentData (package:flutter/src/widgets/framework.dart:6901)
I/flutter (15591): #2      RenderObjectElement.attachRenderObject (package:flutter/src/widgets/framework.dart:6945)
I/flutter (15591): #3      RenderObjectElement.mount (package:flutter/src/widgets/framework.dart:6801)
I/flutter (15591): #4      SingleChildRenderObjectElement.mount (package:flutter/src/widgets/framework.dart:7114)
I/flutter (15591): #5      Element.inflateWidget (package:flutter/src/widgets/framework.dart:4587)
I/flutter (15591): #6      Element.updateChild (package:flutter/src/widgets/framework.dart:4059)
I/flutter (15591): #7      ComponentElement.performRebuild (package:flutter/src/widgets/framework.dart:5841)
I/flutter (15591): #8      Element.rebuild (package:flutter/src/widgets/framework.dart:5529)
I/flutter (15591): #9      ComponentElement._firstBuild (package:flutter/src/widgets/framework.dart:5799)
I/flutter (15591): #10     ComponentElement.mount (package:flutter/src/widgets/framework.dart:5793)
I/flutter (15591): #11     Element.inflateWidget (package:flutter/src/widgets/framework.dart:4587)
I/flutter (15591): #12     Element.updateChild (package:flutter/src/widgets/framework.dart:4053)
I/flutter (15591): #13     ComponentElement.performRebuild (package:flutter/src/widgets/framework.dart:5841)
I/flutter (15591): #14     StatefulElement.performRebuild (package:flutter/src/widgets/framework.dart:5982)
I/flutter (15591): #15     Element.rebuild (package:flutter/src/widgets/framework.dart:5529)
I/flutter (15591): #16     BuildScope._tryRebuild (package:flutter/src/widgets/framework.dart:2750)
I/flutter (15591): #17     BuildScope._flushDirtyElements (package:flutter/src/widgets/framework.dart:2807)
I/flutter (15591): #18     BuildOwner.buildScope (package:flutter/src/widgets/framework.dart:3111)
I/flutter (15591): #19     WidgetsBinding.drawFrame (package:flutter/src/widgets/binding.dart:1571)
I/flutter (15591): #20     RendererBinding._handlePersistentFrameCallback (package:flutter/src/rendering/binding.dart:509)
I/flutter (15591): #21     SchedulerBinding._invokeFrameCallback (package:flutter/src/scheduler/binding.dart:1430)
I/flutter (15591): #22     SchedulerBinding.handleDrawFrame (package:flutter/src/scheduler/binding.dart:1345)
I/flutter (15591): #23     LiveTestWidgetsFlutterBinding.handleDrawFrame (package:flutter_test/src/binding.dart:2811)
I/flutter (15591): #24     SchedulerBinding._handleDrawFrame (package:flutter/src/scheduler/binding.dart:1198)
I/flutter (15591): #28     _invoke (dart:ui/hooks.dart:425)
I/flutter (15591): #29     PlatformDispatcher._drawFrame (dart:ui/platform_dispatcher.dart:447)
I/flutter (15591): #30     _drawFrame (dart:ui/hooks.dart:395)
I/flutter (15591): (elided 3 frames from dart:async)
I/flutter (15591): type 'MultiChildLayoutParentData' is not a subtype of type 'StackParentData' in type cast
I/flutter (15591): #0      Positioned.applyParentData (package:flutter/src/widgets/basic.dart:5171)
I/flutter (15591): #1      RenderObjectElement._updateParentData (package:flutter/src/widgets/framework.dart:6901)
I/flutter (15591): #2      RenderObjectElement.attachRenderObject (package:flutter/src/widgets/framework.dart:6945)
I/flutter (15591): #3      RenderObjectElement.mount (package:flutter/src/widgets/framework.dart:6801)
I/flutter (15591): #4      Element.inflateWidget (package:flutter/src/widgets/framework.dart:4587)
I/flutter (15591): #5      Element.updateChild (package:flutter/src/widgets/framework.dart:4059)
I/flutter (15591): #6      ComponentElement.performRebuild (package:flutter/src/widgets/framework.dart:5858)
I/flutter (15591): #7      Element.rebuild (package:flutter/src/widgets/framework.dart:5529)
I/flutter (15591): #8      ComponentElement._firstBuild (package:flutter/src/widgets/framework.dart:5799)
I/flutter (15591): #9      ComponentElement.mount (package:flutter/src/widgets/framework.dart:5793)
I/flutter (15591): #10     Element.inflateWidget (package:flutter/src/widgets/framework.dart:4587)
I/flutter (15591): #11     Element.updateChild (package:flutter/src/widgets/framework.dart:4053)
I/flutter (15591): #12     ComponentElement.performRebuild (package:flutter/src/widgets/framework.dart:5841)
I/flutter (15591): #13     StatefulElement.performRebuild (package:flutter/src/widgets/framework.dart:5982)
I/flutter (15591): #14     Element.rebuild (package:flutter/src/widgets/framework.dart:5529)
I/flutter (15591): #15     BuildScope._tryRebuild (package:flutter/src/widgets/framework.dart:2750)
I/flutter (15591): #16     BuildScope._flushDirtyElements (package:flutter/src/widgets/framework.dart:2807)
I/flutter (15591): #17     BuildOwner.buildScope (package:flutter/src/widgets/framework.dart:3111)
I/flutter (15591): #18     WidgetsBinding.drawFrame (package:flutter/src/widgets/binding.dart:1571)
I/flutter (15591): #19     RendererBinding._handlePersistentFrameCallback (package:flutter/src/rendering/binding.dart:509)
I/flutter (15591): #20     SchedulerBinding._invokeFrameCallback (package:flutter/src/scheduler/binding.dart:1430)
I/flutter (15591): #21     SchedulerBinding.handleDrawFrame (package:flutter/src/scheduler/binding.dart:1345)
I/flutter (15591): #22     LiveTestWidgetsFlutterBinding.handleDrawFrame (package:flutter_test/src/binding.dart:2811)
I/flutter (15591): #23     SchedulerBinding._handleDrawFrame (package:flutter/src/scheduler/binding.dart:1198)
I/flutter (15591): #27     _invoke (dart:ui/hooks.dart:425)
I/flutter (15591): #28     PlatformDispatcher._drawFrame (dart:ui/platform_dispatcher.dart:447)
I/flutter (15591): #29     _drawFrame (dart:ui/hooks.dart:395)
I/flutter (15591): (elided 3 frames from dart:async)
[spm]: ProfilerData event received.
I/flutter (15591): [SPM:perf] 698a51a  buildSpan: 5442µs
I/flutter (15591): [spm] Performance monitoring completed for 698a51a
I/flutter (15591): type 'MultiChildLayoutParentData' is not a subtype of type 'StackParentData' in type cast
I/flutter (15591): #0      Positioned.applyParentData (package:flutter/src/widgets/basic.dart:5171)
I/flutter (15591): #1      RenderObjectElement._updateParentData (package:flutter/src/widgets/framework.dart:6901)
I/flutter (15591): #2      RenderObjectElement.attachRenderObject (package:flutter/src/widgets/framework.dart:6945)
I/flutter (15591): #3      RenderObjectElement.mount (package:flutter/src/widgets/framework.dart:6801)
I/flutter (15591): #4      SingleChildRenderObjectElement.mount (package:flutter/src/widgets/framework.dart:7114)
I/flutter (15591): #5      Element.inflateWidget (package:flutter/src/widgets/framework.dart:4587)
I/flutter (15591): #6      Element.updateChild (package:flutter/src/widgets/framework.dart:4059)
I/flutter (15591): #7      ComponentElement.performRebuild (package:flutter/src/widgets/framework.dart:5841)
I/flutter (15591): #8      Element.rebuild (package:flutter/src/widgets/framework.dart:5529)
I/flutter (15591): #9      ComponentElement._firstBuild (package:flutter/src/widgets/framework.dart:5799)
I/flutter (15591): #10     ComponentElement.mount (package:flutter/src/widgets/framework.dart:5793)
I/flutter (15591): #11     Element.inflateWidget (package:flutter/src/widgets/framework.dart:4587)
I/flutter (15591): #12     Element.updateChild (package:flutter/src/widgets/framework.dart:4053)
I/flutter (15591): #13     ComponentElement.performRebuild (package:flutter/src/widgets/framework.dart:5841)
I/flutter (15591): #14     StatefulElement.performRebuild (package:flutter/src/widgets/framework.dart:5982)
I/flutter (15591): #15     Element.rebuild (package:flutter/src/widgets/framework.dart:5529)
I/flutter (15591): #16     BuildScope._tryRebuild (package:flutter/src/widgets/framework.dart:2750)
I/flutter (15591): #17     BuildScope._flushDirtyElements (package:flutter/src/widgets/framework.dart:2807)
I/flutter (15591): #18     BuildOwner.buildScope (package:flutter/src/widgets/framework.dart:3111)
I/flutter (15591): #19     WidgetsBinding.drawFrame (package:flutter/src/widgets/binding.dart:1571)
I/flutter (15591): #20     RendererBinding._handlePersistentFrameCallback (package:flutter/src/rendering/binding.dart:509)
I/flutter (15591): #21     SchedulerBinding._invokeFrameCallback (package:flutter/src/scheduler/binding.dart:1430)
I/flutter (15591): #22     SchedulerBinding.handleDrawFrame (package:flutter/src/scheduler/binding.dart:1345)
I/flutter (15591): #23     LiveTestWidgetsFlutterBinding.handleDrawFrame (package:flutter_test/src/binding.dart:2811)
I/flutter (15591): #24     SchedulerBinding._handleDrawFrame (package:flutter/src/scheduler/binding.dart:1198)
I/flutter (15591): #28     _invoke (dart:ui/hooks.dart:425)
I/flutter (15591): #29     PlatformDispatcher._drawFrame (dart:ui/platform_dispatcher.dart:447)
I/flutter (15591): #30     _drawFrame (dart:ui/hooks.dart:395)
I/flutter (15591): (elided 3 frames from dart:async)
I/flutter (15591): type 'MultiChildLayoutParentData' is not a subtype of type 'StackParentData' in type cast
I/flutter (15591): #0      Positioned.applyParentData (package:flutter/src/widgets/basic.dart:5171)
I/flutter (15591): #1      RenderObjectElement._updateParentData (package:flutter/src/widgets/framework.dart:6901)
I/flutter (15591): #2      RenderObjectElement.attachRenderObject (package:flutter/src/widgets/framework.dart:6945)
I/flutter (15591): #3      RenderObjectElement.mount (package:flutter/src/widgets/framework.dart:6801)
I/flutter (15591): #4      Element.inflateWidget (package:flutter/src/widgets/framework.dart:4587)
I/flutter (15591): #5      Element.updateChild (package:flutter/src/widgets/framework.dart:4059)
I/flutter (15591): #6      ComponentElement.performRebuild (package:flutter/src/widgets/framework.dart:5858)
I/flutter (15591): #7      Element.rebuild (package:flutter/src/widgets/framework.dart:5529)
I/flutter (15591): #8      ComponentElement._firstBuild (package:flutter/src/widgets/framework.dart:5799)
I/flutter (15591): #9      ComponentElement.mount (package:flutter/src/widgets/framework.dart:5793)
I/flutter (15591): #10     Element.inflateWidget (package:flutter/src/widgets/framework.dart:4587)
I/flutter (15591): #11     Element.updateChild (package:flutter/src/widgets/framework.dart:4053)
I/flutter (15591): #12     ComponentElement.performRebuild (package:flutter/src/widgets/framework.dart:5841)
I/flutter (15591): #13     StatefulElement.performRebuild (package:flutter/src/widgets/framework.dart:5982)
I/flutter (15591): #14     Element.rebuild (package:flutter/src/widgets/framework.dart:5529)
I/flutter (15591): #15     BuildScope._tryRebuild (package:flutter/src/widgets/framework.dart:2750)
I/flutter (15591): #16     BuildScope._flushDirtyElements (package:flutter/src/widgets/framework.dart:2807)
I/flutter (15591): #17     BuildOwner.buildScope (package:flutter/src/widgets/framework.dart:3111)
I/flutter (15591): #18     WidgetsBinding.drawFrame (package:flutter/src/widgets/binding.dart:1571)
I/flutter (15591): #19     RendererBinding._handlePersistentFrameCallback (package:flutter/src/rendering/binding.dart:509)
I/flutter (15591): #20     SchedulerBinding._invokeFrameCallback (package:flutter/src/scheduler/binding.dart:1430)
I/flutter (15591): #21     SchedulerBinding.handleDrawFrame (package:flutter/src/scheduler/binding.dart:1345)
I/flutter (15591): #22     LiveTestWidgetsFlutterBinding.handleDrawFrame (package:flutter_test/src/binding.dart:2811)
I/flutter (15591): #23     SchedulerBinding._handleDrawFrame (package:flutter/src/scheduler/binding.dart:1198)
I/flutter (15591): #27     _invoke (dart:ui/hooks.dart:425)
I/flutter (15591): #28     PlatformDispatcher._drawFrame (dart:ui/platform_dispatcher.dart:447)
I/flutter (15591): #29     _drawFrame (dart:ui/hooks.dart:395)
I/flutter (15591): (elided 3 frames from dart:async)
I/flutter (15591): [SPM:perf] 698a51a  buildSpan: 5522µs
I/flutter (15591): [spm] Performance monitoring completed for 698a51a
[spm]: ProfilerData event received.
I/flutter (15591): Multiple exceptions (62) were detected during the running of the current test, and at least one was unexpected.
I/flutter (15591): #0      debugPrintStack (package:flutter/src/foundation/assertions.dart:1213)
I/flutter (15591): #1      FlutterError.dumpErrorToConsole (package:flutter/src/foundation/assertions.dart:1033)
I/flutter (15591): #2      _defaultTestExceptionReporter (package:flutter_test/src/test_exception_reporter.dart:29)
I/flutter (15591): #3      new IntegrationTestWidgetsFlutterBinding.<anonymous closure> (package:integration_test/integration_test.dart:91)
I/flutter (15591): #4      TestWidgetsFlutterBinding._createTestCompletionHandler.<anonymous closure> (package:flutter_test/src/binding.dart:1713)
I/flutter (15591): <asynchronous suspension>
I/flutter (15591): (elided 6 frames from dart:async)
I/flutter (15591): 01:10 +0: Performance Benchmark [E]
I/flutter (15591):   Test failed. See exception logs above.
I/flutter (15591):   The test description was: Performance Benchmark
I/flutter (15591):   
I/flutter (15591): 01:10 +0 -1: (tearDownAll)
I/flutter (15591): 01:11 +1 -1: Some tests failed.
Failure Details:
Failure in method: Performance Benchmark
Instance of 'FlutterErrorDetails'
end of failure 1



[spm]: Saved 30 profiler events to <ROOT>/dataset-new_samples/2907/redmi9t/raw/20260913-233913/rev_003_33ba011a/e4.jsonl
[spm]: Reverting injection...
47 issues found. (ran in 1.5s)
WARNING: Your Android app project: app located at: <ROOT>/android/app/build.gradle.kts
applies the Kotlin Gradle Plugin, which will cause build failures in future versions of Flutter. 
Please migrate your app to Built-in Kotlin using this guide: https://docs.flutter.dev/release/breaking-changes/migrate-to-built-in-kotlin/for-app-developers

VMServiceFlutterDriver: Connecting to Flutter application at http://127.0.0.1:34965/MwpBR4TX4DA=/
[spm]: Detected VM service URI: ws://127.0.0.1:34965/MwpBR4TX4DA=/ws
VMServiceFlutterDriver: Isolate found with number: 1318876477699763
VMServiceFlutterDriver: Isolate 1318876477699763 is runnable.
VMServiceFlutterDriver: Isolate is paused at start.
VMServiceFlutterDriver: Attempting to resume isolate
VMServiceFlutterDriver: Connected to Flutter application.
VMServiceFlutterDriver: request_data message is taking a long time to complete...