iso_ts,epoch,elapsed_s,batt_level,batt_status,batt_temp_c,soc_temp_c,current_ma,event
2026-07-28T16:51:44+03:00,1785246704,0,54,3,32.4,44.2,,run
2026-07-28T16:51:49+03:00,1785246709,5,54,3,32.4,42.3,,run
2026-07-28T16:51:54+03:00,1785246714,10,54,3,32.4,42.6,,run
2026-07-28T16:51:59+03:00,1785246719,15,54,3,32.4,41.4,,run
2026-07-28T16:52:04+03:00,1785246724,20,54,3,32.4,42.0,,run
2026-07-28T16:52:10+03:00,1785246730,26,54,3,32.4,43.2,,run
2026-07-28T16:52:15+03:00,1785246735,31,54,3,32.4,42.9,,run
2026-07-28T16:52:20+03:00,1785246740,36,54,3,32.4,46.0,,run
2026-07-28T16:52:25+03:00,1785246745,41,54,3,32.4,49.7,,run
2026-07-28T16:52:31+03:00,1785246751,47,54,3,32.4,45.7,,run
2026-07-28T16:52:36+03:00,1785246756,52,54,3,32.4,44.8,,run
2026-07-28T16:52:41+03:00,1785246761,57,54,3,32.4,52.5,,run
2026-07-28T16:52:47+03:00,1785246767,63,54,3,32.4,47.3,,run
2026-07-28T16:52:52+03:00,1785246772,68,54,3,32.4,45.7,,run
2026-07-28T16:52:57+03:00,1785246777,73,54,3,32.4,43.2,,run
2026-07-28T16:53:02+03:00,1785246782,78,54,3,32.4,49.4,,run
2026-07-28T16:53:08+03:00,1785246788,84,54,3,32.4,48.5,,run
2026-07-28T16:53:13+03:00,1785246793,89,54,3,32.4,44.8,,run
2026-07-28T16:53:18+03:00,1785246798,94,54,3,32.4,44.5,,run
2026-07-28T16:53:23+03:00,1785246803,99,54,3,32.4,43.9,,run
2026-07-28T16:53:28+03:00,1785246808,104,54,3,32.4,42.0,,run
2026-07-28T16:53:34+03:00,1785246814,110,54,3,32.4,41.7,,run
2026-07-28T16:53:39+03:00,1785246819,115,54,3,32.4,42.3,,run
2026-07-28T16:53:44+03:00,1785246824,120,54,3,32.4,43.6,,run
2026-07-28T16:53:49+03:00,1785246829,125,54,3,32.4,43.2,,run
2026-07-28T16:53:55+03:00,1785246835,131,54,3,32.4,50.7,,run
2026-07-28T16:54:00+03:00,1785246840,136,54,3,32.4,53.1,,run
2026-07-28T16:54:05+03:00,1785246845,141,54,3,32.4,47.0,,run
2026-07-28T16:54:10+03:00,1785246850,146,54,3,32.4,43.2,,run
2026-07-28T16:54:16+03:00,1785246856,152,54,3,32.4,42.3,,run
2026-07-28T16:54:21+03:00,1785246861,157,54,3,32.4,47.9,,run
2026-07-28T16:54:26+03:00,1785246866,162,54,3,32.4,44.5,,run
2026-07-28T16:54:31+03:00,1785246871,167,54,3,32.4,42.9,,run
2026-07-28T16:54:36+03:00,1785246876,172,54,3,32.4,42.0,,run
2026-07-28T16:54:42+03:00,1785246882,178,54,3,32.4,45.7,,run
2026-07-28T16:54:47+03:00,1785246887,183,54,3,32.4,49.4,,run
2026-07-28T16:54:52+03:00,1785246892,188,54,3,32.4,56.2,,run
2026-07-28T16:54:58+03:00,1785246898,194,54,3,32.4,47.0,,run
2026-07-28T16:55:03+03:00,1785246903,199,54,3,32.4,45.4,,run
2026-07-28T16:55:08+03:00,1785246908,204,54,3,32.4,43.2,,run
2026-07-28T16:55:13+03:00,1785246913,209,54,3,32.4,46.0,,run
2026-07-28T16:55:19+03:00,1785246919,215,54,3,32.4,43.9,,run
2026-07-28T16:55:24+03:00,1785246924,220,54,3,32.4,43.6,,run
2026-07-28T16:55:29+03:00,1785246929,225,54,3,32.4,43.6,,run
2026-07-28T16:55:34+03:00,1785246934,230,54,3,32.4,44.8,,run
2026-07-28T16:55:40+03:00,1785246940,236,54,3,32.4,42.9,,run
2026-07-28T16:55:45+03:00,1785246945,241,54,3,32.4,43.2,,run
2026-07-28T16:55:50+03:00,1785246950,246,54,3,32.4,43.2,,run
2026-07-28T16:55:55+03:00,1785246955,251,54,3,32.4,42.0,,run
2026-07-28T16:56:00+03:00,1785246960,256,54,3,32.4,48.5,,run
2026-07-28T16:56:06+03:00,1785246966,262,54,3,32.4,54.4,,run
2026-07-28T16:56:11+03:00,1785246971,267,54,3,32.4,53.8,,run
2026-07-28T16:56:16+03:00,1785246976,272,54,3,32.4,43.2,,run
2026-07-28T16:56:21+03:00,1785246981,277,54,3,32.3,42.9,,run
2026-07-28T16:56:27+03:00,1785246987,283,54,3,32.3,41.7,,run
2026-07-28T16:56:32+03:00,1785246992,288,54,3,32.3,45.4,,run
2026-07-28T16:56:37+03:00,1785246997,293,54,3,32.3,43.6,,run
2026-07-28T16:56:42+03:00,1785247002,298,54,3,32.3,47.9,,run
2026-07-28T16:56:48+03:00,1785247008,304,54,3,32.3,54.7,,run
2026-07-28T16:56:53+03:00,1785247013,309,54,3,32.3,47.9,,run
2026-07-28T16:56:59+03:00,1785247019,315,54,3,32.3,45.7,,run
2026-07-28T16:57:04+03:00,1785247024,320,54,3,32.3,45.4,,run
2026-07-28T16:57:09+03:00,1785247029,325,54,3,32.3,44.5,,run
2026-07-28T16:57:14+03:00,1785247034,330,54,3,32.3,46.3,,run
2026-07-28T16:57:19+03:00,1785247039,335,54,3,32.3,43.9,,run
2026-07-28T16:57:25+03:00,1785247045,341,54,3,32.3,46.0,,run
2026-07-28T16:57:30+03:00,1785247050,346,54,3,32.3,45.7,,run
2026-07-28T16:57:35+03:00,1785247055,351,54,3,32.3,44.2,,run
2026-07-28T16:57:40+03:00,1785247060,356,54,3,32.3,43.2,,run
2026-07-28T16:57:46+03:00,1785247066,362,54,3,32.3,46.0,,run
2026-07-28T16:57:51+03:00,1785247071,367,54,3,32.3,43.6,,run
2026-07-28T16:57:56+03:00,1785247076,372,54,3,32.3,47.3,,run
2026-07-28T16:58:01+03:00,1785247081,377,54,3,32.3,50.7,,run
2026-07-28T16:58:06+03:00,1785247086,382,54,3,32.3,56.5,,run
2026-07-28T16:58:12+03:00,1785247092,388,54,3,32.3,46.7,,run
2026-07-28T16:58:17+03:00,1785247097,393,54,3,32.3,42.9,,run
2026-07-28T16:58:22+03:00,1785247102,398,54,3,32.3,42.3,,run
2026-07-28T16:58:27+03:00,1785247107,403,54,3,32.3,46.3,,run
2026-07-28T16:58:33+03:00,1785247113,409,54,3,32.3,42.0,,run
2026-07-28T16:58:38+03:00,1785247118,414,54,3,32.3,43.2,,run
2026-07-28T16:58:43+03:00,1785247123,419,54,3,32.3,50.4,,run
2026-07-28T16:58:48+03:00,1785247128,424,54,3,32.3,53.5,,run
2026-07-28T16:58:54+03:00,1785247134,430,54,3,32.3,51.0,,run
2026-07-28T16:58:59+03:00,1785247139,435,54,3,32.3,47.0,,run
2026-07-28T16:59:04+03:00,1785247144,440,54,3,32.3,44.8,,run
2026-07-28T16:59:09+03:00,1785247149,445,54,3,32.3,44.5,,run
2026-07-28T16:59:15+03:00,1785247155,451,54,3,32.3,46.7,,run
2026-07-28T16:59:20+03:00,1785247160,456,53,3,32.5,50.4,,run
2026-07-28T16:59:25+03:00,1785247165,461,53,3,32.5,45.4,,run
2026-07-28T16:59:30+03:00,1785247170,466,53,3,32.5,46.0,,run
2026-07-28T16:59:35+03:00,1785247175,471,53,3,32.5,45.1,,run
2026-07-28T16:59:41+03:00,1785247181,477,53,3,32.5,42.9,,run
2026-07-28T16:59:46+03:00,1785247186,482,53,3,32.5,42.6,,run
2026-07-28T16:59:51+03:00,1785247191,487,53,3,32.5,43.9,,run
2026-07-28T16:59:56+03:00,1785247196,492,53,3,32.5,42.0,,run
2026-07-28T17:00:02+03:00,1785247202,498,53,3,32.5,50.4,,run
2026-07-28T17:00:07+03:00,1785247207,503,53,3,32.5,50.1,,run
2026-07-28T17:00:12+03:00,1785247212,508,53,3,32.5,49.7,,run
2026-07-28T17:00:18+03:00,1785247218,514,53,3,32.5,44.2,,run
2026-07-28T17:00:23+03:00,1785247223,519,53,3,32.5,43.2,,run
2026-07-28T17:00:28+03:00,1785247228,524,53,3,32.5,42.9,,run
2026-07-28T17:00:33+03:00,1785247233,529,53,3,32.5,42.3,,run
2026-07-28T17:00:39+03:00,1785247239,535,53,3,32.5,46.0,,run
2026-07-28T17:00:44+03:00,1785247244,540,53,3,32.5,57.2,,run
2026-07-28T17:00:49+03:00,1785247249,545,53,3,32.5,52.2,,run
2026-07-28T17:00:54+03:00,1785247254,550,53,3,32.5,52.2,,run
2026-07-28T17:01:00+03:00,1785247260,556,53,3,32.5,48.2,,run
2026-07-28T17:01:05+03:00,1785247265,561,53,3,32.5,44.2,,run
2026-07-28T17:01:10+03:00,1785247270,566,53,3,32.5,47.0,,run
2026-07-28T17:01:15+03:00,1785247275,571,53,3,32.5,44.8,,run
2026-07-28T17:01:21+03:00,1785247281,577,53,3,32.5,44.8,,run
2026-07-28T17:01:26+03:00,1785247286,582,53,3,32.5,44.2,,run
2026-07-28T17:01:31+03:00,1785247291,587,53,3,32.5,43.6,,run
2026-07-28T17:01:36+03:00,1785247296,592,53,3,32.5,43.6,,run
2026-07-28T17:01:41+03:00,1785247301,597,53,3,32.5,43.6,,run
2026-07-28T17:01:47+03:00,1785247307,603,53,3,32.5,43.2,,run
2026-07-28T17:01:52+03:00,1785247312,608,53,3,32.5,43.9,,run
2026-07-28T17:01:57+03:00,1785247317,613,53,3,32.3,48.8,,run
2026-07-28T17:02:02+03:00,1785247322,618,53,3,32.3,51.3,,run
2026-07-28T17:02:08+03:00,1785247328,624,53,3,32.3,47.6,,run
2026-07-28T17:02:13+03:00,1785247333,629,53,3,32.3,45.7,,run
2026-07-28T17:02:18+03:00,1785247338,634,53,3,32.3,43.2,,run
2026-07-28T17:02:23+03:00,1785247343,639,53,3,32.3,42.0,,run
2026-07-28T17:02:28+03:00,1785247348,644,53,3,32.3,41.7,,run
2026-07-28T17:02:34+03:00,1785247354,650,53,3,32.3,47.9,,run
2026-07-28T17:02:39+03:00,1785247359,655,53,3,32.3,45.7,,run
2026-07-28T17:02:44+03:00,1785247364,660,53,3,32.3,47.9,,run
2026-07-28T17:02:49+03:00,1785247369,665,53,3,32.3,42.9,,run
2026-07-28T17:02:55+03:00,1785247375,671,53,3,32.3,45.4,,run
2026-07-28T17:03:00+03:00,1785247380,676,53,3,32.3,53.5,,run
2026-07-28T17:03:05+03:00,1785247385,681,53,3,32.3,46.3,,run
2026-07-28T17:03:10+03:00,1785247390,686,53,3,32.3,44.8,,run
2026-07-28T17:03:16+03:00,1785247396,692,53,3,32.3,44.8,,run
2026-07-28T17:03:21+03:00,1785247401,697,53,3,32.3,43.9,,run
2026-07-28T17:03:26+03:00,1785247406,702,53,3,32.3,42.9,,run
2026-07-28T17:03:31+03:00,1785247411,707,53,3,32.3,43.9,,run
2026-07-28T17:03:36+03:00,1785247416,712,53,3,32.3,44.5,,run
2026-07-28T17:03:42+03:00,1785247422,718,53,3,32.3,42.6,,run
2026-07-28T17:03:47+03:00,1785247427,723,53,3,32.3,42.6,,run
2026-07-28T17:03:52+03:00,1785247432,728,53,3,32.3,47.3,,run
2026-07-28T17:03:57+03:00,1785247437,733,53,3,32.3,45.4,,run
2026-07-28T17:04:02+03:00,1785247442,738,53,3,32.3,43.9,,run
2026-07-28T17:04:08+03:00,1785247448,744,53,3,32.3,42.3,,run
2026-07-28T17:04:13+03:00,1785247453,749,53,3,32.3,50.1,,run
2026-07-28T17:04:18+03:00,1785247458,754,53,3,32.3,49.4,,run
2026-07-28T17:04:23+03:00,1785247463,759,53,3,32.3,42.6,,run
2026-07-28T17:04:29+03:00,1785247469,765,53,3,32.3,44.8,,run
2026-07-28T17:04:34+03:00,1785247474,770,53,3,32.3,47.9,,run
2026-07-28T17:04:39+03:00,1785247479,775,53,3,32.3,44.5,,run
2026-07-28T17:04:44+03:00,1785247484,780,53,3,32.3,42.9,,run
2026-07-28T17:04:50+03:00,1785247490,786,53,3,32.3,43.2,,run
2026-07-28T17:04:55+03:00,1785247495,791,53,3,32.3,53.8,,run
2026-07-28T17:05:00+03:00,1785247500,796,53,3,32.3,46.7,,run
2026-07-28T17:05:06+03:00,1785247506,802,53,3,32.3,44.2,,run
2026-07-28T17:05:11+03:00,1785247511,807,53,3,32.3,49.1,,run
2026-07-28T17:05:16+03:00,1785247516,812,53,3,32.3,45.4,,run
2026-07-28T17:05:21+03:00,1785247521,817,53,3,32.3,42.6,,run
2026-07-28T17:05:27+03:00,1785247527,823,53,3,32.3,42.3,,run
2026-07-28T17:05:32+03:00,1785247532,828,53,3,32.3,45.1,,run
2026-07-28T17:05:37+03:00,1785247537,833,53,3,32.3,44.2,,run
2026-07-28T17:05:42+03:00,1785247542,838,53,3,32.3,42.9,,run
2026-07-28T17:05:47+03:00,1785247547,843,53,3,32.3,42.3,,run
2026-07-28T17:05:53+03:00,1785247553,849,53,3,32.3,45.1,,run
2026-07-28T17:05:58+03:00,1785247558,854,53,3,32.3,46.3,,run
2026-07-28T17:06:03+03:00,1785247563,859,53,3,32.3,43.9,,run
2026-07-28T17:06:08+03:00,1785247568,864,53,3,32.3,48.8,,run
2026-07-28T17:06:14+03:00,1785247574,870,53,3,32.3,52.8,,run
2026-07-28T17:06:19+03:00,1785247579,875,53,3,32.3,44.2,,run
2026-07-28T17:06:24+03:00,1785247584,880,53,3,32.3,42.9,,run
2026-07-28T17:06:29+03:00,1785247589,885,53,3,32.3,42.3,,run
2026-07-28T17:06:35+03:00,1785247595,891,53,3,32.3,48.5,,run
2026-07-28T17:06:40+03:00,1785247600,896,53,3,32.3,44.2,,run
2026-07-28T17:06:45+03:00,1785247605,901,53,3,32.3,42.6,,run
2026-07-28T17:06:50+03:00,1785247610,906,53,3,32.3,50.4,,run
2026-07-28T17:06:56+03:00,1785247616,912,53,3,32.3,46.3,,run
2026-07-28T17:07:01+03:00,1785247621,917,53,3,32.3,46.7,,run
2026-07-28T17:07:06+03:00,1785247626,922,53,3,32.3,43.2,,run
2026-07-28T17:07:12+03:00,1785247632,928,53,3,32.3,43.6,,run
2026-07-28T17:07:17+03:00,1785247637,933,53,3,32.3,48.2,,run
2026-07-28T17:07:22+03:00,1785247642,938,53,3,32.3,48.5,,run
2026-07-28T17:07:27+03:00,1785247647,943,53,3,32.3,44.2,,run
2026-07-28T17:07:32+03:00,1785247652,948,53,3,32.3,43.6,,run
2026-07-28T17:07:38+03:00,1785247658,954,53,3,32.3,43.9,,run
2026-07-28T17:07:43+03:00,1785247663,959,53,3,32.3,42.0,,run
2026-07-28T17:07:48+03:00,1785247668,964,53,3,32.3,46.3,,run
2026-07-28T17:07:53+03:00,1785247673,969,53,3,32.3,49.1,,run
2026-07-28T17:07:59+03:00,1785247679,975,53,3,32.3,48.2,,run
2026-07-28T17:08:04+03:00,1785247684,980,53,3,32.3,44.2,,run
2026-07-28T17:08:09+03:00,1785247689,985,53,3,32.3,53.5,,run
2026-07-28T17:08:14+03:00,1785247694,990,53,3,32.3,44.8,,run
2026-07-28T17:08:20+03:00,1785247700,996,53,3,32.3,42.6,,run
2026-07-28T17:08:25+03:00,1785247705,1001,53,3,32.3,42.3,,run
2026-07-28T17:08:30+03:00,1785247710,1006,53,3,32.3,42.3,,run
2026-07-28T17:08:35+03:00,1785247715,1011,53,3,32.3,42.0,,run
2026-07-28T17:08:41+03:00,1785247721,1017,53,3,32.3,45.4,,run
2026-07-28T17:08:46+03:00,1785247726,1022,53,3,32.3,45.7,,run
2026-07-28T17:08:51+03:00,1785247731,1027,53,3,32.3,52.2,,run
2026-07-28T17:08:56+03:00,1785247736,1032,52,3,32.5,46.3,,run
2026-07-28T17:09:02+03:00,1785247742,1038,52,3,32.5,50.4,,run
2026-07-28T17:09:07+03:00,1785247747,1043,52,3,32.5,46.0,,run
2026-07-28T17:09:12+03:00,1785247752,1048,52,3,32.5,45.7,,run
2026-07-28T17:09:17+03:00,1785247757,1053,52,3,32.5,44.5,,run
2026-07-28T17:09:22+03:00,1785247762,1058,52,3,32.5,49.4,,run
2026-07-28T17:09:28+03:00,1785247768,1064,52,3,32.5,46.0,,run
2026-07-28T17:09:33+03:00,1785247773,1069,52,3,32.5,43.6,,run
2026-07-28T17:09:38+03:00,1785247778,1074,52,3,32.5,43.2,,run
2026-07-28T17:09:43+03:00,1785247783,1079,52,3,32.5,43.2,,run
2026-07-28T17:09:49+03:00,1785247789,1085,52,3,32.5,44.5,,run
2026-07-28T17:09:54+03:00,1785247794,1090,52,3,32.5,43.2,,run
2026-07-28T17:09:59+03:00,1785247799,1095,52,3,32.5,43.2,,run
2026-07-28T17:10:04+03:00,1785247804,1100,52,3,32.5,52.2,,run
2026-07-28T17:10:10+03:00,1785247810,1106,52,3,32.5,44.8,,run
2026-07-28T17:10:15+03:00,1785247815,1111,52,3,32.5,46.0,,run
2026-07-28T17:10:20+03:00,1785247820,1116,52,3,32.5,48.2,,run
2026-07-28T17:10:25+03:00,1785247825,1121,52,3,32.5,45.1,,run
2026-07-28T17:10:31+03:00,1785247831,1127,52,3,32.5,43.2,,run
2026-07-28T17:10:36+03:00,1785247836,1132,52,3,32.5,43.9,,run
2026-07-28T17:10:41+03:00,1785247841,1137,52,3,32.5,43.2,,run
2026-07-28T17:10:46+03:00,1785247846,1142,52,3,32.5,55.0,,run
2026-07-28T17:10:52+03:00,1785247852,1148,52,3,32.5,49.1,,run
2026-07-28T17:10:57+03:00,1785247857,1153,52,3,32.5,44.5,,run
2026-07-28T17:11:02+03:00,1785247862,1158,52,3,32.5,42.3,,run
2026-07-28T17:11:07+03:00,1785247867,1163,52,3,32.5,49.7,,run
2026-07-28T17:11:13+03:00,1785247873,1169,52,3,32.5,48.2,,run
2026-07-28T17:11:18+03:00,1785247878,1174,52,3,32.5,50.4,,run
2026-07-28T17:11:23+03:00,1785247883,1179,52,3,32.5,51.3,,run
2026-07-28T17:11:28+03:00,1785247888,1184,52,3,32.5,46.7,,run
2026-07-28T17:11:34+03:00,1785247894,1190,52,3,32.5,44.2,,run
2026-07-28T17:11:39+03:00,1785247899,1195,52,3,32.5,43.2,,run
2026-07-28T17:11:44+03:00,1785247904,1200,52,3,32.5,42.9,,run
2026-07-28T17:11:49+03:00,1785247909,1205,52,3,32.5,42.6,,run
2026-07-28T17:11:54+03:00,1785247914,1210,52,3,32.5,45.7,,run
2026-07-28T17:12:00+03:00,1785247920,1216,52,3,32.5,47.0,,run
2026-07-28T17:12:05+03:00,1785247925,1221,52,3,32.5,47.6,,run
2026-07-28T17:12:10+03:00,1785247930,1226,52,3,32.5,43.6,,run
2026-07-28T17:12:15+03:00,1785247935,1231,52,3,32.5,42.0,,run
2026-07-28T17:12:21+03:00,1785247941,1237,52,3,32.5,42.9,,run
2026-07-28T17:12:26+03:00,1785247946,1242,52,3,32.5,42.0,,run
2026-07-28T17:12:31+03:00,1785247951,1247,52,3,32.5,44.5,,run
2026-07-28T17:12:36+03:00,1785247956,1252,52,3,32.5,48.8,,run
2026-07-28T17:12:42+03:00,1785247962,1258,52,3,32.5,50.4,,run
2026-07-28T17:12:47+03:00,1785247967,1263,52,3,32.5,57.5,,run
2026-07-28T17:12:52+03:00,1785247972,1268,52,3,32.5,46.7,,run
2026-07-28T17:12:58+03:00,1785247978,1274,52,3,32.5,44.2,,run
2026-07-28T17:13:03+03:00,1785247983,1279,52,3,32.5,43.9,,run
2026-07-28T17:13:08+03:00,1785247988,1284,52,3,32.5,43.9,,run
2026-07-28T17:13:13+03:00,1785247993,1289,52,3,32.5,48.2,,run
2026-07-28T17:13:18+03:00,1785247998,1294,52,3,32.5,48.8,,run
2026-07-28T17:13:24+03:00,1785248004,1300,52,3,32.5,49.1,,run
2026-07-28T17:13:29+03:00,1785248009,1305,52,3,32.5,47.6,,run
2026-07-28T17:13:34+03:00,1785248014,1310,52,3,32.5,46.0,,run
2026-07-28T17:13:39+03:00,1785248019,1315,52,3,32.5,44.5,,run
2026-07-28T17:13:45+03:00,1785248025,1321,52,3,32.5,44.2,,run
2026-07-28T17:13:50+03:00,1785248030,1326,52,3,32.5,43.9,,run
2026-07-28T17:13:55+03:00,1785248035,1331,52,3,32.5,42.9,,run
2026-07-28T17:14:00+03:00,1785248040,1336,52,3,32.5,50.7,,run
2026-07-28T17:14:05+03:00,1785248045,1341,52,3,32.5,52.8,,run
2026-07-28T17:14:11+03:00,1785248051,1347,52,3,32.5,44.5,,run
2026-07-28T17:14:16+03:00,1785248056,1352,52,3,32.5,47.0,,run
2026-07-28T17:14:21+03:00,1785248061,1357,52,3,32.5,44.2,,run
2026-07-28T17:14:26+03:00,1785248066,1362,52,3,32.5,42.6,,run
2026-07-28T17:14:32+03:00,1785248072,1368,52,3,32.5,41.7,,run
2026-07-28T17:14:37+03:00,1785248077,1373,52,3,32.5,46.0,,run
2026-07-28T17:14:42+03:00,1785248082,1378,52,3,32.5,55.9,,run
2026-07-28T17:14:48+03:00,1785248088,1384,52,3,32.5,52.2,,run
2026-07-28T17:14:53+03:00,1785248093,1389,52,3,32.5,47.9,,run
2026-07-28T17:14:58+03:00,1785248098,1394,52,3,32.5,43.9,,run
2026-07-28T17:15:04+03:00,1785248104,1400,52,3,32.5,44.8,,run
2026-07-28T17:15:09+03:00,1785248109,1405,52,3,32.5,44.5,,run
2026-07-28T17:15:14+03:00,1785248114,1410,52,3,32.5,43.6,,run
2026-07-28T17:15:19+03:00,1785248119,1415,52,3,32.5,43.6,,run
2026-07-28T17:15:24+03:00,1785248124,1420,52,3,32.5,46.3,,run
2026-07-28T17:15:30+03:00,1785248130,1426,52,3,32.5,46.0,,run
2026-07-28T17:15:35+03:00,1785248135,1431,52,3,32.5,44.2,,run
2026-07-28T17:15:40+03:00,1785248140,1436,52,3,32.5,43.9,,run
2026-07-28T17:15:45+03:00,1785248145,1441,52,3,32.5,44.2,,run
2026-07-28T17:15:51+03:00,1785248151,1447,52,3,32.5,43.9,,run
2026-07-28T17:15:56+03:00,1785248156,1452,52,3,32.5,43.6,,run
2026-07-28T17:16:01+03:00,1785248161,1457,52,3,32.5,54.7,,run
2026-07-28T17:16:07+03:00,1785248167,1463,52,3,32.5,44.2,,run
2026-07-28T17:16:12+03:00,1785248172,1468,52,3,32.5,43.6,,run
2026-07-28T17:16:17+03:00,1785248177,1473,52,3,32.5,42.3,,run
2026-07-28T17:16:22+03:00,1785248182,1478,52,3,32.6,42.3,,run
2026-07-28T17:16:28+03:00,1785248188,1484,52,3,32.6,42.0,,run
2026-07-28T17:16:33+03:00,1785248193,1489,52,3,32.6,43.6,,run
2026-07-28T17:16:38+03:00,1785248198,1494,52,3,32.6,43.2,,run
2026-07-28T17:16:43+03:00,1785248203,1499,52,3,32.6,53.8,,run
2026-07-28T17:16:49+03:00,1785248209,1505,52,3,32.6,53.8,,run
2026-07-28T17:16:54+03:00,1785248214,1510,52,3,32.6,49.7,,run
2026-07-28T17:16:59+03:00,1785248219,1515,52,3,32.6,48.2,,run
2026-07-28T17:17:05+03:00,1785248225,1521,52,3,32.6,43.6,,run
2026-07-28T17:17:10+03:00,1785248230,1526,52,3,32.6,43.2,,run
2026-07-28T17:17:15+03:00,1785248235,1531,52,3,32.6,45.7,,run
2026-07-28T17:17:20+03:00,1785248240,1536,52,3,32.6,44.2,,run
2026-07-28T17:17:25+03:00,1785248245,1541,52,3,32.6,43.2,,run
2026-07-28T17:17:31+03:00,1785248251,1547,51,3,32.7,48.8,,run
2026-07-28T17:17:36+03:00,1785248256,1552,51,3,32.7,50.1,,run
2026-07-28T17:17:41+03:00,1785248261,1557,51,3,32.7,46.7,,run
2026-07-28T17:17:46+03:00,1785248266,1562,51,3,32.7,44.2,,run
2026-07-28T17:17:52+03:00,1785248272,1568,51,3,32.7,45.4,,run
2026-07-28T17:17:57+03:00,1785248277,1573,51,3,32.7,44.5,,run
2026-07-28T17:18:02+03:00,1785248282,1578,51,3,32.7,53.5,,run
2026-07-28T17:18:08+03:00,1785248288,1584,51,3,32.7,43.9,,run
2026-07-28T17:18:13+03:00,1785248293,1589,51,3,32.7,42.9,,run
2026-07-28T17:18:18+03:00,1785248298,1594,51,3,32.7,41.4,,run
2026-07-28T17:18:23+03:00,1785248303,1599,51,3,32.7,42.6,,run
2026-07-28T17:18:29+03:00,1785248309,1605,51,3,32.7,42.3,,run
2026-07-28T17:18:34+03:00,1785248314,1610,51,3,32.7,44.2,,run
2026-07-28T17:18:39+03:00,1785248319,1615,51,3,32.7,45.1,,run
2026-07-28T17:18:44+03:00,1785248324,1620,51,3,32.7,52.5,,run
2026-07-28T17:18:50+03:00,1785248330,1626,51,3,32.7,50.4,,run
2026-07-28T17:18:55+03:00,1785248335,1631,51,3,32.7,48.8,,run
2026-07-28T17:19:00+03:00,1785248340,1636,51,3,32.7,47.3,,run
2026-07-28T17:19:05+03:00,1785248345,1641,51,3,32.7,46.3,,run
2026-07-28T17:19:11+03:00,1785248351,1647,51,3,32.7,44.8,,run
2026-07-28T17:19:16+03:00,1785248356,1652,51,3,32.7,43.9,,run
2026-07-28T17:19:21+03:00,1785248361,1657,51,3,32.7,44.2,,run
2026-07-28T17:19:26+03:00,1785248366,1662,51,3,32.7,45.4,,run
2026-07-28T17:19:31+03:00,1785248371,1667,51,3,32.7,46.7,,run
2026-07-28T17:19:37+03:00,1785248377,1673,51,3,32.7,44.5,,run
2026-07-28T17:19:42+03:00,1785248382,1678,51,3,32.7,43.6,,run
2026-07-28T17:19:47+03:00,1785248387,1683,51,3,32.7,43.6,,run
2026-07-28T17:19:52+03:00,1785248392,1688,51,3,32.7,49.4,,run
2026-07-28T17:19:58+03:00,1785248398,1694,51,3,32.7,54.4,,run
2026-07-28T17:20:03+03:00,1785248403,1699,51,3,32.7,47.0,,run
2026-07-28T17:20:08+03:00,1785248408,1704,51,3,32.7,45.4,,run
2026-07-28T17:20:14+03:00,1785248414,1710,51,3,32.7,42.6,,run
2026-07-28T17:20:19+03:00,1785248419,1715,51,3,32.7,42.0,,run
2026-07-28T17:20:24+03:00,1785248424,1720,51,3,32.7,42.0,,run
2026-07-28T17:20:29+03:00,1785248429,1725,51,3,32.7,42.6,,run
2026-07-28T17:20:34+03:00,1785248434,1730,51,3,32.7,42.3,,run
2026-07-28T17:20:40+03:00,1785248440,1736,51,3,32.7,43.6,,run
2026-07-28T17:20:45+03:00,1785248445,1741,51,3,32.7,49.7,,run
2026-07-28T17:20:50+03:00,1785248450,1746,51,3,32.7,47.0,,run
2026-07-28T17:20:55+03:00,1785248455,1751,51,3,32.7,43.9,,run
2026-07-28T17:21:01+03:00,1785248461,1757,51,3,32.7,44.2,,run
2026-07-28T17:21:06+03:00,1785248466,1762,51,3,32.7,44.2,,run
2026-07-28T17:21:11+03:00,1785248471,1767,51,3,32.7,49.1,,run
2026-07-28T17:21:16+03:00,1785248476,1772,51,3,32.7,51.0,,run
2026-07-28T17:21:22+03:00,1785248482,1778,51,3,32.7,46.3,,run
2026-07-28T17:21:27+03:00,1785248487,1783,51,3,32.7,43.6,,run
2026-07-28T17:21:32+03:00,1785248492,1788,51,3,32.7,42.6,,run
2026-07-28T17:21:37+03:00,1785248497,1793,51,3,32.7,45.1,,run
2026-07-28T17:21:43+03:00,1785248503,1799,51,3,32.7,43.6,,run
2026-07-28T17:21:48+03:00,1785248508,1804,51,3,32.7,44.2,,run
2026-07-28T17:21:53+03:00,1785248513,1809,51,3,32.7,48.5,,run
2026-07-28T17:21:58+03:00,1785248518,1814,51,3,32.7,55.3,,run
2026-07-28T17:22:04+03:00,1785248524,1820,51,3,32.7,48.2,,run
2026-07-28T17:22:09+03:00,1785248529,1825,51,3,32.7,47.0,,run
2026-07-28T17:22:15+03:00,1785248535,1831,51,3,32.7,42.6,,run
2026-07-28T17:22:20+03:00,1785248540,1836,51,3,32.7,42.3,,run
2026-07-28T17:22:25+03:00,1785248545,1841,51,3,32.7,42.0,,run
2026-07-28T17:22:30+03:00,1785248550,1846,51,3,32.7,42.3,,run
2026-07-28T17:22:35+03:00,1785248555,1851,51,3,32.7,41.7,,run
2026-07-28T17:22:41+03:00,1785248561,1857,51,3,32.7,44.2,,run
2026-07-28T17:22:46+03:00,1785248566,1862,51,3,32.7,47.3,,run
2026-07-28T17:22:51+03:00,1785248571,1867,51,3,32.7,43.2,,run
2026-07-28T17:22:56+03:00,1785248576,1872,51,3,32.7,49.7,,run
2026-07-28T17:23:02+03:00,1785248582,1878,51,3,32.7,47.0,,run
2026-07-28T17:23:07+03:00,1785248587,1883,51,3,32.7,43.2,,run
2026-07-28T17:23:12+03:00,1785248592,1888,51,3,32.7,44.8,,run
2026-07-28T17:23:17+03:00,1785248597,1893,51,3,32.7,48.2,,run
2026-07-28T17:23:23+03:00,1785248603,1899,51,3,32.7,48.2,,run
2026-07-28T17:23:28+03:00,1785248608,1904,51,3,32.7,43.6,,run
2026-07-28T17:23:33+03:00,1785248613,1909,51,3,32.7,43.9,,run
2026-07-28T17:23:38+03:00,1785248618,1914,51,3,32.7,43.6,,run
2026-07-28T17:23:43+03:00,1785248623,1919,51,3,32.7,48.8,,run
2026-07-28T17:23:49+03:00,1785248629,1925,51,3,32.7,43.9,,run
2026-07-28T17:23:54+03:00,1785248634,1930,51,3,32.7,42.6,,run
2026-07-28T17:23:59+03:00,1785248639,1935,51,3,32.7,53.8,,run
2026-07-28T17:24:05+03:00,1785248645,1941,51,3,32.7,51.6,,run
2026-07-28T17:24:10+03:00,1785248650,1946,51,3,32.7,48.5,,run
2026-07-28T17:24:16+03:00,1785248656,1952,51,3,32.7,43.2,,run
2026-07-28T17:24:21+03:00,1785248661,1957,51,3,32.7,43.2,,run
2026-07-28T17:24:26+03:00,1785248666,1962,51,3,32.7,41.7,,run
2026-07-28T17:24:31+03:00,1785248671,1967,51,3,32.7,42.3,,run
2026-07-28T17:24:37+03:00,1785248677,1973,51,3,32.7,42.9,,run
2026-07-28T17:24:42+03:00,1785248682,1978,51,3,32.7,44.2,,run
2026-07-28T17:24:47+03:00,1785248687,1983,51,3,32.7,48.5,,run
2026-07-28T17:24:52+03:00,1785248692,1988,51,3,32.7,45.7,,run
2026-07-28T17:24:58+03:00,1785248698,1994,51,3,32.7,45.1,,run
2026-07-28T17:25:03+03:00,1785248703,1999,51,3,32.7,48.5,,run
2026-07-28T17:25:08+03:00,1785248708,2004,51,3,32.7,46.3,,run
2026-07-28T17:25:13+03:00,1785248713,2009,51,3,32.7,43.9,,run
2026-07-28T17:25:18+03:00,1785248718,2014,51,3,32.7,44.5,,run
2026-07-28T17:25:24+03:00,1785248724,2020,51,3,32.7,50.4,,run
2026-07-28T17:25:29+03:00,1785248729,2025,51,3,32.7,49.7,,run
2026-07-28T17:25:34+03:00,1785248734,2030,51,3,32.7,46.3,,run
2026-07-28T17:25:39+03:00,1785248739,2035,51,3,32.7,45.7,,run
2026-07-28T17:25:45+03:00,1785248745,2041,51,3,32.7,46.3,,run
2026-07-28T17:25:50+03:00,1785248750,2046,51,3,32.7,44.2,,run
2026-07-28T17:25:55+03:00,1785248755,2051,51,3,32.7,42.9,,run
2026-07-28T17:26:00+03:00,1785248760,2056,51,3,32.7,55.0,,run
2026-07-28T17:26:06+03:00,1785248766,2062,50,3,32.7,49.7,,run
2026-07-28T17:26:11+03:00,1785248771,2067,50,3,32.7,50.1,,run
2026-07-28T17:26:16+03:00,1785248776,2072,50,3,32.7,44.2,,run
2026-07-28T17:26:22+03:00,1785248782,2078,50,3,32.6,46.0,,run
2026-07-28T17:26:27+03:00,1785248787,2083,50,3,32.6,46.0,,run
2026-07-28T17:26:32+03:00,1785248792,2088,50,3,32.6,43.9,,run
2026-07-28T17:26:37+03:00,1785248797,2093,50,3,32.6,43.6,,run
2026-07-28T17:26:43+03:00,1785248803,2099,50,3,32.6,45.4,,run
2026-07-28T17:26:48+03:00,1785248808,2104,50,3,32.6,52.5,,run
2026-07-28T17:26:53+03:00,1785248813,2109,50,3,32.6,50.7,,run
2026-07-28T17:26:58+03:00,1785248818,2114,50,3,32.6,45.4,,run
2026-07-28T17:27:04+03:00,1785248824,2120,50,3,32.6,43.9,,run
2026-07-28T17:27:09+03:00,1785248829,2125,50,3,32.6,44.5,,run
2026-07-28T17:27:14+03:00,1785248834,2130,50,3,32.6,42.9,,run
2026-07-28T17:27:19+03:00,1785248839,2135,50,3,32.6,43.9,,run
2026-07-28T17:27:25+03:00,1785248845,2141,50,3,32.6,44.8,,run
2026-07-28T17:27:30+03:00,1785248850,2146,50,3,32.6,47.9,,run
2026-07-28T17:27:35+03:00,1785248855,2151,50,3,32.6,49.4,,run
2026-07-28T17:27:40+03:00,1785248860,2156,50,3,32.6,47.0,,run
2026-07-28T17:27:46+03:00,1785248866,2162,50,3,32.6,42.9,,run
2026-07-28T17:27:51+03:00,1785248871,2167,50,3,32.6,49.4,,run
2026-07-28T17:27:56+03:00,1785248876,2172,50,3,32.6,45.7,,run
2026-07-28T17:28:01+03:00,1785248881,2177,50,3,32.6,54.1,,run
2026-07-28T17:28:07+03:00,1785248887,2183,50,3,32.6,43.9,,run
2026-07-28T17:28:12+03:00,1785248892,2188,50,3,32.6,44.5,,run
2026-07-28T17:28:17+03:00,1785248897,2193,50,3,32.6,47.6,,run
2026-07-28T17:28:23+03:00,1785248903,2199,50,3,32.6,47.3,,run
2026-07-28T17:28:28+03:00,1785248908,2204,50,3,32.6,42.3,,run
2026-07-28T17:28:33+03:00,1785248913,2209,50,3,32.6,42.3,,run
2026-07-28T17:28:38+03:00,1785248918,2214,50,3,32.6,42.9,,run
2026-07-28T17:28:43+03:00,1785248923,2219,50,3,32.6,44.8,,run
2026-07-28T17:28:49+03:00,1785248929,2225,50,3,32.6,53.8,,run
2026-07-28T17:28:54+03:00,1785248934,2230,50,3,32.6,46.0,,run
2026-07-28T17:28:59+03:00,1785248939,2235,50,3,32.6,43.2,,run
2026-07-28T17:29:04+03:00,1785248944,2240,50,3,32.6,43.9,,run
2026-07-28T17:29:10+03:00,1785248950,2246,50,3,32.6,43.6,,run
2026-07-28T17:29:15+03:00,1785248955,2251,50,3,32.6,43.6,,run
2026-07-28T17:29:20+03:00,1785248960,2256,50,3,32.6,44.5,,run
2026-07-28T17:29:25+03:00,1785248965,2261,50,3,32.6,43.9,,run
2026-07-28T17:29:31+03:00,1785248971,2267,50,3,32.6,46.7,,run
2026-07-28T17:29:36+03:00,1785248976,2272,50,3,32.6,48.2,,run
2026-07-28T17:29:41+03:00,1785248981,2277,50,3,32.6,44.5,,run
2026-07-28T17:29:46+03:00,1785248986,2282,50,3,32.6,44.8,,run
2026-07-28T17:29:51+03:00,1785248991,2287,50,3,32.6,43.6,,run
2026-07-28T17:29:57+03:00,1785248997,2293,50,3,32.6,44.8,,run
2026-07-28T17:30:02+03:00,1785249002,2298,50,3,32.6,55.0,,run
2026-07-28T17:30:07+03:00,1785249007,2303,50,3,32.6,44.2,,run
2026-07-28T17:30:13+03:00,1785249013,2309,50,3,32.6,47.9,,run
2026-07-28T17:30:18+03:00,1785249018,2314,50,3,32.6,46.0,,run
2026-07-28T17:30:23+03:00,1785249023,2319,50,3,32.6,50.1,,run
2026-07-28T17:30:28+03:00,1785249028,2324,50,3,32.6,46.7,,run
2026-07-28T17:30:34+03:00,1785249034,2330,50,3,32.6,44.2,,run
2026-07-28T17:30:39+03:00,1785249039,2335,50,3,32.6,45.1,,run
2026-07-28T17:30:44+03:00,1785249044,2340,50,3,32.6,54.1,,run
2026-07-28T17:30:49+03:00,1785249049,2345,50,3,32.6,46.0,,run
2026-07-28T17:30:55+03:00,1785249055,2351,50,3,32.6,46.0,,run
2026-07-28T17:31:00+03:00,1785249060,2356,50,3,32.6,49.4,,run
2026-07-28T17:31:05+03:00,1785249065,2361,50,3,32.6,46.3,,run
2026-07-28T17:31:10+03:00,1785249070,2366,50,3,32.6,44.5,,run
2026-07-28T17:31:15+03:00,1785249075,2371,50,3,32.6,43.9,,run
2026-07-28T17:31:21+03:00,1785249081,2377,50,3,32.6,42.6,,run
2026-07-28T17:31:26+03:00,1785249086,2382,50,3,32.6,44.5,,run
2026-07-28T17:31:31+03:00,1785249091,2387,50,3,32.6,45.7,,run
2026-07-28T17:31:36+03:00,1785249096,2392,50,3,32.6,43.9,,run
2026-07-28T17:31:42+03:00,1785249102,2398,50,3,32.6,49.7,,run
2026-07-28T17:31:47+03:00,1785249107,2403,50,3,32.6,51.3,,run
2026-07-28T17:31:52+03:00,1785249112,2408,50,3,32.6,46.0,,run
2026-07-28T17:31:57+03:00,1785249117,2413,50,3,32.6,46.7,,run
2026-07-28T17:32:02+03:00,1785249122,2418,50,3,32.6,48.2,,run
2026-07-28T17:32:08+03:00,1785249128,2424,50,3,32.6,42.9,,run
2026-07-28T17:32:13+03:00,1785249133,2429,50,3,32.6,42.9,,run
2026-07-28T17:32:18+03:00,1785249138,2434,50,3,32.6,41.7,,run
2026-07-28T17:32:23+03:00,1785249143,2439,50,3,32.6,46.7,,run
2026-07-28T17:32:29+03:00,1785249149,2445,50,3,32.6,46.3,,run
2026-07-28T17:32:34+03:00,1785249154,2450,50,3,32.6,44.5,,run
2026-07-28T17:32:39+03:00,1785249159,2455,50,3,32.6,55.9,,run
2026-07-28T17:32:44+03:00,1785249164,2460,50,3,32.6,45.7,,run
2026-07-28T17:32:50+03:00,1785249170,2466,50,3,32.6,43.9,,run
2026-07-28T17:32:55+03:00,1785249175,2471,50,3,32.6,42.6,,run
2026-07-28T17:33:00+03:00,1785249180,2476,50,3,32.6,42.6,,run
2026-07-28T17:33:05+03:00,1785249185,2481,50,3,32.6,49.1,,run
2026-07-28T17:33:10+03:00,1785249190,2486,50,3,32.6,45.7,,run
2026-07-28T17:33:16+03:00,1785249196,2492,50,3,32.6,45.1,,run
2026-07-28T17:33:21+03:00,1785249201,2497,50,3,32.6,43.6,,run
2026-07-28T17:33:26+03:00,1785249206,2502,50,3,32.6,43.2,,run
2026-07-28T17:33:31+03:00,1785249211,2507,50,3,32.6,43.6,,run
2026-07-28T17:33:37+03:00,1785249217,2513,50,3,32.6,43.6,,run
2026-07-28T17:33:42+03:00,1785249222,2518,50,3,32.6,50.1,,run
2026-07-28T17:33:47+03:00,1785249227,2523,50,3,32.6,47.9,,run
2026-07-28T17:33:52+03:00,1785249232,2528,50,3,32.6,52.8,,run
2026-07-28T17:33:57+03:00,1785249237,2533,50,3,32.6,52.2,,run
2026-07-28T17:34:03+03:00,1785249243,2539,50,3,32.6,42.9,,run
2026-07-28T17:34:08+03:00,1785249248,2544,50,3,32.6,43.2,,run
2026-07-28T17:34:13+03:00,1785249253,2549,50,3,32.6,42.6,,run
2026-07-28T17:34:18+03:00,1785249258,2554,50,3,32.6,42.0,,run
2026-07-28T17:34:24+03:00,1785249264,2560,50,3,32.6,41.1,,run
2026-07-28T17:34:29+03:00,1785249269,2565,50,3,32.6,49.1,,run
2026-07-28T17:34:34+03:00,1785249274,2570,50,3,32.6,51.9,,run
2026-07-28T17:34:40+03:00,1785249280,2576,50,3,32.6,52.5,,run
2026-07-28T17:34:45+03:00,1785249285,2581,50,3,32.6,46.3,,run
2026-07-28T17:34:50+03:00,1785249290,2586,50,3,32.6,43.9,,run
2026-07-28T17:34:55+03:00,1785249295,2591,50,3,32.6,44.5,,run
2026-07-28T17:35:00+03:00,1785249300,2596,50,3,32.6,44.2,,run
2026-07-28T17:35:06+03:00,1785249306,2602,50,3,32.6,42.9,,run
2026-07-28T17:35:11+03:00,1785249311,2607,50,3,32.6,47.9,,run
2026-07-28T17:35:16+03:00,1785249316,2612,50,3,32.6,49.7,,run
2026-07-28T17:35:21+03:00,1785249321,2617,50,3,32.6,46.0,,run
2026-07-28T17:35:27+03:00,1785249327,2623,50,3,32.6,44.8,,run
2026-07-28T17:35:32+03:00,1785249332,2628,50,3,32.6,43.9,,run
2026-07-28T17:35:37+03:00,1785249337,2633,50,3,32.6,42.6,,run
2026-07-28T17:35:42+03:00,1785249342,2638,49,3,32.7,43.2,,run
2026-07-28T17:35:47+03:00,1785249347,2643,49,3,32.7,48.5,,run
2026-07-28T17:35:53+03:00,1785249353,2649,49,3,32.7,53.1,,run
2026-07-28T17:35:58+03:00,1785249358,2654,49,3,32.7,46.3,,run
2026-07-28T17:36:03+03:00,1785249363,2659,49,3,32.7,46.3,,run
2026-07-28T17:36:09+03:00,1785249369,2665,49,3,32.7,43.6,,run
2026-07-28T17:36:14+03:00,1785249374,2670,49,3,32.7,42.3,,run
2026-07-28T17:36:19+03:00,1785249379,2675,49,3,32.7,41.4,,run
2026-07-28T17:36:24+03:00,1785249384,2680,49,3,32.6,42.6,,run
2026-07-28T17:36:30+03:00,1785249390,2686,49,3,32.6,42.0,,run
2026-07-28T17:36:35+03:00,1785249395,2691,49,3,32.6,57.8,,run
2026-07-28T17:36:40+03:00,1785249400,2696,49,3,32.6,47.9,,run
2026-07-28T17:36:46+03:00,1785249406,2702,49,3,32.6,44.5,,run
2026-07-28T17:36:51+03:00,1785249411,2707,49,3,32.6,48.2,,run
2026-07-28T17:36:56+03:00,1785249416,2712,49,3,32.6,47.3,,run
2026-07-28T17:37:01+03:00,1785249421,2717,49,3,32.6,44.8,,run
2026-07-28T17:37:06+03:00,1785249426,2722,49,3,32.6,43.2,,run
2026-07-28T17:37:12+03:00,1785249432,2728,49,3,32.6,44.5,,run
2026-07-28T17:37:17+03:00,1785249437,2733,49,3,32.6,43.2,,run
2026-07-28T17:37:22+03:00,1785249442,2738,49,3,32.6,43.2,,run
2026-07-28T17:37:27+03:00,1785249447,2743,49,3,32.6,44.5,,run
2026-07-28T17:37:33+03:00,1785249453,2749,49,3,32.6,43.2,,run
2026-07-28T17:37:38+03:00,1785249458,2754,49,3,32.6,45.1,,run
2026-07-28T17:37:43+03:00,1785249463,2759,49,3,32.6,42.3,,run
2026-07-28T17:37:48+03:00,1785249468,2764,49,3,32.6,50.7,,run
2026-07-28T17:37:53+03:00,1785249473,2769,49,3,32.6,55.0,,run
2026-07-28T17:37:59+03:00,1785249479,2775,49,3,32.6,51.3,,run
2026-07-28T17:38:04+03:00,1785249484,2780,49,3,32.6,46.3,,run
2026-07-28T17:38:09+03:00,1785249489,2785,49,3,32.6,43.2,,run
2026-07-28T17:38:15+03:00,1785249495,2791,49,3,32.6,42.3,,run
2026-07-28T17:38:20+03:00,1785249500,2796,49,3,32.6,42.3,,run
2026-07-28T17:38:25+03:00,1785249505,2801,49,3,32.6,46.0,,run
2026-07-28T17:38:30+03:00,1785249510,2806,49,3,32.6,45.7,,run
2026-07-28T17:38:35+03:00,1785249515,2811,49,3,32.6,49.4,,run
2026-07-28T17:38:41+03:00,1785249521,2817,49,3,32.6,48.8,,run
2026-07-28T17:38:46+03:00,1785249526,2822,49,3,32.6,51.3,,run
2026-07-28T17:38:51+03:00,1785249531,2827,49,3,32.6,47.0,,run
2026-07-28T17:38:56+03:00,1785249536,2832,49,3,32.6,43.9,,run
2026-07-28T17:39:02+03:00,1785249542,2838,49,3,32.6,46.7,,run
2026-07-28T17:39:07+03:00,1785249547,2843,49,3,32.6,45.4,,run
2026-07-28T17:39:12+03:00,1785249552,2848,49,3,32.6,43.9,,run
2026-07-28T17:39:17+03:00,1785249557,2853,49,3,32.6,45.7,,run
2026-07-28T17:39:23+03:00,1785249563,2859,49,3,32.6,44.8,,run
2026-07-28T17:39:28+03:00,1785249568,2864,49,3,32.6,43.9,,run
2026-07-28T17:39:33+03:00,1785249573,2869,49,3,32.6,44.2,,run
2026-07-28T17:39:38+03:00,1785249578,2874,49,3,32.6,45.4,,run
2026-07-28T17:39:43+03:00,1785249583,2879,49,3,32.6,44.2,,run
2026-07-28T17:39:49+03:00,1785249589,2885,49,3,32.6,54.1,,run
2026-07-28T17:39:54+03:00,1785249594,2890,49,3,32.6,44.5,,run
2026-07-28T17:40:00+03:00,1785249600,2896,49,3,32.6,50.1,,run
2026-07-28T17:40:05+03:00,1785249605,2901,49,3,32.6,50.4,,run
2026-07-28T17:40:10+03:00,1785249610,2906,49,3,32.6,46.0,,run
2026-07-28T17:40:15+03:00,1785249615,2911,49,3,32.6,42.3,,run
2026-07-28T17:40:20+03:00,1785249620,2916,49,3,32.6,42.3,,run
2026-07-28T17:40:26+03:00,1785249626,2922,49,3,32.6,44.2,,run
2026-07-28T17:40:31+03:00,1785249631,2927,49,3,32.6,52.2,,run
2026-07-28T17:40:36+03:00,1785249636,2932,49,3,32.6,44.5,,run
2026-07-28T17:40:41+03:00,1785249641,2937,49,3,32.6,44.5,,run
2026-07-28T17:40:47+03:00,1785249647,2943,49,3,32.6,45.1,,run
2026-07-28T17:40:52+03:00,1785249652,2948,49,3,32.6,49.7,,run
2026-07-28T17:40:57+03:00,1785249657,2953,49,3,32.6,45.1,,run
2026-07-28T17:41:02+03:00,1785249662,2958,49,3,32.6,43.6,,run
2026-07-28T17:41:08+03:00,1785249668,2964,49,3,32.6,43.9,,run
2026-07-28T17:41:13+03:00,1785249673,2969,49,3,32.6,45.4,,run
2026-07-28T17:41:18+03:00,1785249678,2974,49,3,32.6,43.2,,run
2026-07-28T17:41:23+03:00,1785249683,2979,49,3,32.6,43.2,,run
2026-07-28T17:41:28+03:00,1785249688,2984,49,3,32.6,46.0,,run
2026-07-28T17:41:34+03:00,1785249694,2990,49,3,32.6,43.9,,run
2026-07-28T17:41:39+03:00,1785249699,2995,49,3,32.6,42.3,,run
2026-07-28T17:41:44+03:00,1785249704,3000,49,3,32.6,52.8,,run
2026-07-28T17:41:50+03:00,1785249710,3006,49,3,32.6,45.7,,run
2026-07-28T17:41:55+03:00,1785249715,3011,49,3,32.6,47.0,,run
2026-07-28T17:42:00+03:00,1785249720,3016,49,3,32.6,43.2,,run
2026-07-28T17:42:05+03:00,1785249725,3021,49,3,32.6,45.4,,run
2026-07-28T17:42:10+03:00,1785249730,3026,49,3,32.6,47.3,,run
2026-07-28T17:42:16+03:00,1785249736,3032,49,3,32.6,49.4,,run
2026-07-28T17:42:21+03:00,1785249741,3037,49,3,32.6,44.8,,run
2026-07-28T17:42:26+03:00,1785249746,3042,49,3,32.6,53.8,,run
2026-07-28T17:42:32+03:00,1785249751,3047,49,3,32.6,45.1,,run
2026-07-28T17:42:37+03:00,1785249757,3053,49,3,32.6,43.9,,run
2026-07-28T17:42:42+03:00,1785249762,3058,49,3,32.6,46.7,,run
2026-07-28T17:42:47+03:00,1785249767,3063,49,3,32.6,43.9,,run
2026-07-28T17:42:52+03:00,1785249772,3068,49,3,32.6,48.8,,run
2026-07-28T17:42:58+03:00,1785249778,3074,49,3,32.6,49.4,,run
2026-07-28T17:43:03+03:00,1785249783,3079,49,3,32.6,49.1,,run
2026-07-28T17:43:08+03:00,1785249788,3084,49,3,32.6,44.2,,run
2026-07-28T17:43:13+03:00,1785249793,3089,49,3,32.6,42.6,,run
2026-07-28T17:43:19+03:00,1785249799,3095,49,3,32.6,45.4,,run
2026-07-28T17:43:24+03:00,1785249804,3100,49,3,32.6,43.9,,run
2026-07-28T17:43:29+03:00,1785249809,3105,49,3,32.6,42.9,,run
2026-07-28T17:43:34+03:00,1785249814,3110,49,3,32.6,48.5,,run
2026-07-28T17:43:39+03:00,1785249819,3115,49,3,32.6,51.9,,run
2026-07-28T17:43:45+03:00,1785249825,3121,49,3,32.6,45.4,,run
2026-07-28T17:43:50+03:00,1785249830,3126,49,3,32.6,43.2,,run
2026-07-28T17:43:55+03:00,1785249835,3131,49,3,32.6,41.7,,run
2026-07-28T17:44:00+03:00,1785249840,3136,49,3,32.6,42.3,,run
2026-07-28T17:44:06+03:00,1785249846,3142,49,3,32.6,42.6,,run
2026-07-28T17:44:11+03:00,1785249851,3147,49,3,32.6,47.3,,run
2026-07-28T17:44:16+03:00,1785249856,3152,49,3,32.6,49.1,,run
2026-07-28T17:44:21+03:00,1785249861,3157,49,3,32.6,55.3,,run
2026-07-28T17:44:27+03:00,1785249867,3163,49,3,32.6,51.0,,run
2026-07-28T17:44:32+03:00,1785249872,3168,49,3,32.6,46.3,,run
2026-07-28T17:44:37+03:00,1785249877,3173,49,3,32.6,43.9,,run
2026-07-28T17:44:42+03:00,1785249882,3178,49,3,32.6,45.1,,run
2026-07-28T17:44:48+03:00,1785249888,3184,49,3,32.6,46.0,,run
2026-07-28T17:44:53+03:00,1785249893,3189,49,3,32.6,44.2,,run
2026-07-28T17:44:58+03:00,1785249898,3194,49,3,32.6,49.4,,run
2026-07-28T17:45:03+03:00,1785249903,3199,49,3,32.6,49.7,,run
2026-07-28T17:45:08+03:00,1785249908,3204,49,3,32.6,47.0,,run
2026-07-28T17:45:14+03:00,1785249914,3210,49,3,32.6,43.9,,run
2026-07-28T17:45:19+03:00,1785249919,3215,48,3,32.7,44.2,,run
2026-07-28T17:45:24+03:00,1785249924,3220,48,3,32.7,42.9,,run
2026-07-28T17:45:29+03:00,1785249929,3225,48,3,32.7,43.9,,run
2026-07-28T17:45:35+03:00,1785249935,3231,48,3,32.7,50.1,,run
2026-07-28T17:45:40+03:00,1785249940,3236,48,3,32.7,53.8,,run
2026-07-28T17:45:45+03:00,1785249945,3241,48,3,32.7,43.6,,run
2026-07-28T17:45:50+03:00,1785249950,3246,48,3,32.7,43.9,,run
2026-07-28T17:45:55+03:00,1785249955,3251,48,3,32.7,44.5,,run
2026-07-28T17:46:01+03:00,1785249961,3257,48,3,32.7,54.4,,run
2026-07-28T17:46:06+03:00,1785249966,3262,48,3,32.7,43.9,,run
2026-07-28T17:46:11+03:00,1785249971,3267,48,3,32.7,43.9,,run
2026-07-28T17:46:16+03:00,1785249976,3272,48,3,32.7,44.8,,run
2026-07-28T17:46:22+03:00,1785249982,3278,48,3,32.8,50.7,,run
2026-07-28T17:46:27+03:00,1785249987,3283,48,3,32.8,48.8,,run
2026-07-28T17:46:32+03:00,1785249992,3288,48,3,32.8,44.5,,run
2026-07-28T17:46:37+03:00,1785249997,3293,48,3,32.8,47.0,,run
2026-07-28T17:46:42+03:00,1785250002,3298,48,3,32.8,48.8,,run
2026-07-28T17:46:48+03:00,1785250008,3304,48,3,32.8,44.2,,run
2026-07-28T17:46:53+03:00,1785250013,3309,48,3,32.8,43.2,,run
2026-07-28T17:46:58+03:00,1785250018,3314,48,3,32.8,45.4,,run
2026-07-28T17:47:03+03:00,1785250023,3319,48,3,32.8,43.6,,run
2026-07-28T17:47:09+03:00,1785250029,3325,48,3,32.8,49.4,,run
2026-07-28T17:47:14+03:00,1785250034,3330,48,3,32.8,50.4,,run
2026-07-28T17:47:19+03:00,1785250039,3335,48,3,32.8,50.4,,run
2026-07-28T17:47:24+03:00,1785250044,3340,48,3,32.8,44.5,,run
2026-07-28T17:47:30+03:00,1785250050,3346,48,3,32.8,43.9,,run
2026-07-28T17:47:35+03:00,1785250055,3351,48,3,32.8,43.2,,run
2026-07-28T17:47:40+03:00,1785250060,3356,48,3,32.8,42.3,,run
2026-07-28T17:47:45+03:00,1785250065,3361,48,3,32.8,41.7,,run
2026-07-28T17:47:50+03:00,1785250070,3366,48,3,32.8,42.9,,run
2026-07-28T17:47:56+03:00,1785250076,3372,48,3,32.8,53.1,,run
2026-07-28T17:48:01+03:00,1785250081,3377,48,3,32.8,51.0,,run
2026-07-28T17:48:06+03:00,1785250086,3382,48,3,32.8,46.3,,run
2026-07-28T17:48:11+03:00,1785250091,3387,48,3,32.8,43.6,,run
2026-07-28T17:48:17+03:00,1785250097,3393,48,3,32.8,43.6,,run
2026-07-28T17:48:22+03:00,1785250102,3398,48,3,32.8,42.6,,run
2026-07-28T17:48:27+03:00,1785250107,3403,48,3,32.8,49.7,,run
2026-07-28T17:48:32+03:00,1785250112,3408,48,3,32.8,50.1,,run
2026-07-28T17:48:38+03:00,1785250117,3413,48,3,32.8,47.3,,run
2026-07-28T17:48:43+03:00,1785250123,3419,48,3,32.8,45.1,,run
2026-07-28T17:48:48+03:00,1785250128,3424,48,3,32.8,42.9,,run
2026-07-28T17:48:53+03:00,1785250133,3429,48,3,32.8,46.3,,run
2026-07-28T17:48:58+03:00,1785250138,3434,48,3,32.8,44.8,,run
2026-07-28T17:49:04+03:00,1785250144,3440,48,3,32.8,43.9,,run
2026-07-28T17:49:09+03:00,1785250149,3445,48,3,32.8,50.1,,run
2026-07-28T17:49:14+03:00,1785250154,3450,48,3,32.8,54.1,,run
2026-07-28T17:49:19+03:00,1785250159,3455,48,3,32.8,49.7,,run
2026-07-28T17:49:25+03:00,1785250165,3461,48,3,32.8,45.4,,run
2026-07-28T17:49:30+03:00,1785250170,3466,48,3,32.8,44.2,,run
2026-07-28T17:49:35+03:00,1785250175,3471,48,3,32.8,46.7,,run
2026-07-28T17:49:40+03:00,1785250180,3476,48,3,32.8,46.3,,run
2026-07-28T17:49:46+03:00,1785250186,3482,48,3,32.8,46.3,,run
2026-07-28T17:49:51+03:00,1785250191,3487,48,3,32.8,54.7,,run
2026-07-28T17:49:57+03:00,1785250197,3493,48,3,32.8,47.9,,run
2026-07-28T17:50:02+03:00,1785250202,3498,48,3,32.8,47.6,,run
2026-07-28T17:50:07+03:00,1785250207,3503,48,3,32.8,45.1,,run
2026-07-28T17:50:12+03:00,1785250212,3508,48,3,32.8,44.5,,run
2026-07-28T17:50:17+03:00,1785250217,3513,48,3,32.8,43.9,,run
2026-07-28T17:50:23+03:00,1785250223,3519,48,3,32.8,46.3,,run
2026-07-28T17:50:28+03:00,1785250228,3524,48,3,32.8,44.5,,run
2026-07-28T17:50:33+03:00,1785250233,3529,48,3,32.8,43.2,,run
2026-07-28T17:50:38+03:00,1785250238,3534,48,3,32.8,49.1,,run
2026-07-28T17:50:44+03:00,1785250244,3540,48,3,32.8,49.4,,run
2026-07-28T17:50:49+03:00,1785250249,3545,48,3,32.8,45.1,,run
2026-07-28T17:50:54+03:00,1785250254,3550,48,3,32.8,44.2,,run
2026-07-28T17:50:59+03:00,1785250259,3555,48,3,32.8,43.9,,run
2026-07-28T17:51:04+03:00,1785250264,3560,48,3,32.8,47.6,,run
2026-07-28T17:51:10+03:00,1785250270,3566,48,3,32.8,54.4,,run
2026-07-28T17:51:15+03:00,1785250275,3571,48,3,32.8,45.7,,run
2026-07-28T17:51:20+03:00,1785250280,3576,48,3,32.8,47.9,,run
2026-07-28T17:51:25+03:00,1785250285,3581,48,3,32.8,45.4,,run
2026-07-28T17:51:31+03:00,1785250291,3587,48,3,32.8,44.8,,run
2026-07-28T17:51:36+03:00,1785250296,3592,48,3,32.8,42.3,,run
2026-07-28T17:51:41+03:00,1785250301,3597,48,3,32.8,44.8,,run
2026-07-28T17:51:46+03:00,1785250306,3602,48,3,32.8,49.7,,run
2026-07-28T17:51:52+03:00,1785250312,3608,48,3,32.8,46.0,,run
2026-07-28T17:51:57+03:00,1785250317,3613,48,3,32.8,43.6,,run
2026-07-28T17:52:02+03:00,1785250322,3618,48,3,32.8,42.9,,run
2026-07-28T17:52:08+03:00,1785250328,3624,48,3,32.8,43.6,,run
2026-07-28T17:52:13+03:00,1785250333,3629,48,3,32.8,45.7,,run
2026-07-28T17:52:18+03:00,1785250338,3634,48,3,32.8,43.9,,run
2026-07-28T17:52:23+03:00,1785250343,3639,48,3,32.8,47.3,,run
2026-07-28T17:52:28+03:00,1785250348,3644,48,3,32.8,46.0,,run
2026-07-28T17:52:34+03:00,1785250354,3650,48,3,32.8,44.2,,run
2026-07-28T17:52:39+03:00,1785250359,3655,48,3,32.8,45.1,,run
2026-07-28T17:52:44+03:00,1785250364,3660,48,3,32.8,47.9,,run
2026-07-28T17:52:49+03:00,1785250369,3665,47,3,32.8,46.7,,run
2026-07-28T17:52:55+03:00,1785250375,3671,47,3,32.8,44.8,,run
2026-07-28T17:53:00+03:00,1785250380,3676,47,3,32.8,46.3,,run
2026-07-28T17:53:05+03:00,1785250385,3681,47,3,32.8,53.8,,run
2026-07-28T17:53:11+03:00,1785250391,3687,47,3,32.8,44.5,,run
2026-07-28T17:53:16+03:00,1785250396,3692,47,3,32.8,48.8,,run
2026-07-28T17:53:21+03:00,1785250401,3697,47,3,32.8,45.4,,run
2026-07-28T17:53:26+03:00,1785250406,3702,47,3,32.8,47.3,,run
2026-07-28T17:53:31+03:00,1785250411,3707,47,3,32.8,49.7,,run
2026-07-28T17:53:37+03:00,1785250417,3713,47,3,32.8,48.8,,run
2026-07-28T17:53:42+03:00,1785250422,3718,47,3,32.8,48.2,,run
2026-07-28T17:53:47+03:00,1785250427,3723,47,3,32.8,47.3,,run
2026-07-28T17:53:53+03:00,1785250433,3729,47,3,32.8,44.8,,run
2026-07-28T17:53:58+03:00,1785250438,3734,47,3,32.8,44.2,,run
2026-07-28T17:54:03+03:00,1785250443,3739,47,3,32.8,43.2,,run
2026-07-28T17:54:08+03:00,1785250448,3744,47,3,32.8,44.5,,run
2026-07-28T17:54:13+03:00,1785250453,3749,47,3,32.8,43.6,,run
2026-07-28T17:54:19+03:00,1785250459,3755,47,3,32.8,44.2,,run
2026-07-28T17:54:24+03:00,1785250464,3760,47,3,32.8,43.9,,run
2026-07-28T17:54:29+03:00,1785250469,3765,47,3,32.8,43.6,,run
2026-07-28T17:54:34+03:00,1785250474,3770,47,3,32.8,44.8,,run
2026-07-28T17:54:40+03:00,1785250480,3776,47,3,32.8,45.1,,run
2026-07-28T17:54:45+03:00,1785250485,3781,47,3,32.8,47.9,,run
2026-07-28T17:54:50+03:00,1785250490,3786,47,3,32.8,49.4,,run
2026-07-28T17:54:55+03:00,1785250495,3791,47,3,32.8,48.8,,run
2026-07-28T17:55:00+03:00,1785250500,3796,47,3,32.8,57.2,,run
2026-07-28T17:55:06+03:00,1785250506,3802,47,3,32.8,44.8,,run
2026-07-28T17:55:11+03:00,1785250511,3807,47,3,32.8,43.6,,run
2026-07-28T17:55:16+03:00,1785250516,3812,47,3,32.8,42.3,,run
2026-07-28T17:55:22+03:00,1785250522,3818,47,3,32.8,42.3,,run
2026-07-28T17:55:27+03:00,1785250527,3823,47,3,32.8,42.0,,run
2026-07-28T17:55:32+03:00,1785250532,3828,47,3,32.8,47.9,,run
2026-07-28T17:55:37+03:00,1785250537,3833,47,3,32.8,55.3,,run
2026-07-28T17:55:43+03:00,1785250543,3839,47,3,32.8,49.4,,run
2026-07-28T17:55:48+03:00,1785250548,3844,47,3,32.8,44.5,,run
2026-07-28T17:55:53+03:00,1785250553,3849,47,3,32.8,43.9,,run
2026-07-28T17:55:59+03:00,1785250559,3855,47,3,32.8,43.2,,run
2026-07-28T17:56:04+03:00,1785250564,3860,47,3,32.8,42.6,,run
2026-07-28T17:56:09+03:00,1785250569,3865,47,3,32.8,45.7,,run
2026-07-28T17:56:14+03:00,1785250574,3870,47,3,32.8,43.2,,run
2026-07-28T17:56:20+03:00,1785250580,3876,47,3,32.8,43.6,,run
2026-07-28T17:56:25+03:00,1785250585,3881,47,3,32.7,42.9,,run
2026-07-28T17:56:30+03:00,1785250590,3886,47,3,32.7,42.6,,run
2026-07-28T17:56:35+03:00,1785250595,3891,47,3,32.7,42.6,,run
2026-07-28T17:56:40+03:00,1785250600,3896,47,3,32.7,45.4,,run
2026-07-28T17:56:46+03:00,1785250606,3902,47,3,32.7,45.1,,run
2026-07-28T17:56:51+03:00,1785250611,3907,47,3,32.7,50.7,,run
2026-07-28T17:56:56+03:00,1785250616,3912,47,3,32.7,55.6,,run
2026-07-28T17:57:02+03:00,1785250622,3918,47,3,32.7,45.4,,run
2026-07-28T17:57:07+03:00,1785250627,3923,47,3,32.7,43.9,,run
2026-07-28T17:57:12+03:00,1785250632,3928,47,3,32.7,42.3,,run
2026-07-28T17:57:18+03:00,1785250638,3934,47,3,32.7,52.5,,run
2026-07-28T17:57:23+03:00,1785250643,3939,47,3,32.7,47.6,,run
2026-07-28T17:57:28+03:00,1785250648,3944,47,3,32.7,49.4,,run
2026-07-28T17:57:34+03:00,1785250654,3950,47,3,32.7,51.3,,run
2026-07-28T17:57:39+03:00,1785250659,3955,47,3,32.7,49.7,,run
2026-07-28T17:57:44+03:00,1785250664,3960,47,3,32.7,46.0,,run
2026-07-28T17:57:49+03:00,1785250669,3965,47,3,32.7,47.9,,run
2026-07-28T17:57:54+03:00,1785250674,3970,47,3,32.7,45.4,,run
2026-07-28T17:58:00+03:00,1785250680,3976,47,3,32.7,44.5,,run
2026-07-28T17:58:05+03:00,1785250685,3981,47,3,32.7,42.9,,run
2026-07-28T17:58:10+03:00,1785250690,3986,47,3,32.7,44.8,,run
2026-07-28T17:58:15+03:00,1785250695,3991,47,3,32.7,45.1,,run
2026-07-28T17:58:21+03:00,1785250701,3997,47,3,32.7,44.2,,run
2026-07-28T17:58:26+03:00,1785250706,4002,47,3,32.7,43.2,,run
2026-07-28T17:58:31+03:00,1785250711,4007,47,3,32.7,47.0,,run
2026-07-28T17:58:36+03:00,1785250716,4012,47,3,32.7,53.1,,run
2026-07-28T17:58:42+03:00,1785250722,4018,47,3,32.7,44.2,,run
2026-07-28T17:58:47+03:00,1785250727,4023,47,3,32.7,43.2,,run
2026-07-28T17:58:52+03:00,1785250732,4028,47,3,32.7,47.9,,run
2026-07-28T17:58:57+03:00,1785250737,4033,47,3,32.7,44.8,,run
2026-07-28T17:59:02+03:00,1785250742,4038,47,3,32.7,42.9,,run
2026-07-28T17:59:08+03:00,1785250748,4044,47,3,32.7,46.7,,run
2026-07-28T17:59:13+03:00,1785250753,4049,47,3,32.7,55.3,,run
2026-07-28T17:59:18+03:00,1785250758,4054,47,3,32.7,46.3,,run
2026-07-28T17:59:24+03:00,1785250764,4060,47,3,32.7,44.8,,run
2026-07-28T17:59:29+03:00,1785250769,4065,47,3,32.7,43.6,,run
2026-07-28T17:59:34+03:00,1785250774,4070,47,3,32.7,48.8,,run
2026-07-28T17:59:39+03:00,1785250779,4075,47,3,32.7,48.8,,run
2026-07-28T17:59:45+03:00,1785250785,4081,47,3,32.7,50.4,,run
2026-07-28T17:59:50+03:00,1785250790,4086,47,3,32.7,48.8,,run
2026-07-28T17:59:55+03:00,1785250795,4091,47,3,32.7,47.3,,run
2026-07-28T18:00:00+03:00,1785250800,4096,47,3,32.7,43.6,,run
2026-07-28T18:00:06+03:00,1785250805,4101,47,3,32.7,46.3,,run
2026-07-28T18:00:11+03:00,1785250811,4107,47,3,32.7,44.8,,run
2026-07-28T18:00:16+03:00,1785250816,4112,47,3,32.7,42.9,,run
2026-07-28T18:00:21+03:00,1785250821,4117,47,3,32.7,43.9,,run
2026-07-28T18:00:26+03:00,1785250826,4122,47,3,32.7,46.7,,run
2026-07-28T18:00:32+03:00,1785250832,4128,47,3,32.7,52.5,,run
2026-07-28T18:00:37+03:00,1785250837,4133,47,3,32.7,44.8,,run
2026-07-28T18:00:42+03:00,1785250842,4138,47,3,32.7,43.6,,run
2026-07-28T18:00:47+03:00,1785250847,4143,47,3,32.7,43.2,,run
2026-07-28T18:00:53+03:00,1785250853,4149,47,3,32.7,41.4,,run
2026-07-28T18:00:58+03:00,1785250858,4154,47,3,32.7,48.2,,run
2026-07-28T18:01:03+03:00,1785250863,4159,47,3,32.7,49.4,,run
2026-07-28T18:01:08+03:00,1785250868,4164,47,3,32.7,54.1,,run
2026-07-28T18:01:14+03:00,1785250874,4170,47,3,32.7,46.3,,run
2026-07-28T18:01:19+03:00,1785250879,4175,46,3,32.7,45.7,,run
2026-07-28T18:01:25+03:00,1785250885,4181,46,3,32.7,47.3,,run
2026-07-28T18:01:30+03:00,1785250890,4186,46,3,32.7,46.7,,run
2026-07-28T18:01:35+03:00,1785250895,4191,46,3,32.7,44.8,,run
2026-07-28T18:01:40+03:00,1785250900,4196,46,3,32.7,47.9,,run
2026-07-28T18:01:45+03:00,1785250905,4201,46,3,32.7,49.7,,run
2026-07-28T18:01:51+03:00,1785250911,4207,46,3,32.7,47.6,,run
2026-07-28T18:01:56+03:00,1785250916,4212,46,3,32.7,43.6,,run
2026-07-28T18:02:01+03:00,1785250921,4217,46,3,32.7,45.7,,run
2026-07-28T18:02:06+03:00,1785250926,4222,46,3,32.7,45.4,,run
2026-07-28T18:02:12+03:00,1785250932,4228,46,3,32.7,44.8,,run
2026-07-28T18:02:17+03:00,1785250937,4233,46,3,32.7,45.4,,run
2026-07-28T18:02:22+03:00,1785250942,4238,46,3,32.7,48.5,,run
2026-07-28T18:02:27+03:00,1785250947,4243,46,3,32.7,52.5,,run
2026-07-28T18:02:33+03:00,1785250953,4249,46,3,32.7,44.5,,run
2026-07-28T18:02:38+03:00,1785250958,4254,46,3,32.7,42.6,,run
2026-07-28T18:02:43+03:00,1785250963,4259,46,3,32.7,42.3,,run
2026-07-28T18:02:48+03:00,1785250968,4264,46,3,32.7,42.3,,run
2026-07-28T18:02:53+03:00,1785250973,4269,46,3,32.7,42.9,,run
2026-07-28T18:02:59+03:00,1785250979,4275,46,3,32.7,42.0,,run
2026-07-28T18:03:04+03:00,1785250984,4280,46,3,32.7,53.1,,run
2026-07-28T18:03:10+03:00,1785250990,4286,46,3,32.7,47.9,,run
2026-07-28T18:03:15+03:00,1785250995,4291,46,3,32.7,44.5,,run
2026-07-28T18:03:20+03:00,1785251000,4296,46,3,32.7,43.2,,run
2026-07-28T18:03:25+03:00,1785251005,4301,46,3,32.7,44.5,,run
2026-07-28T18:03:30+03:00,1785251010,4306,46,3,32.7,43.2,,run
2026-07-28T18:03:36+03:00,1785251016,4312,46,3,32.7,46.3,,run
2026-07-28T18:03:41+03:00,1785251021,4317,46,3,32.7,45.1,,run
2026-07-28T18:03:46+03:00,1785251026,4322,46,3,32.7,50.4,,run
2026-07-28T18:03:51+03:00,1785251031,4327,46,3,32.7,46.7,,run
2026-07-28T18:03:56+03:00,1785251036,4332,46,3,32.7,44.5,,run
2026-07-28T18:04:02+03:00,1785251042,4338,46,3,32.7,44.8,,run
2026-07-28T18:04:07+03:00,1785251047,4343,46,3,32.7,42.9,,run
2026-07-28T18:04:12+03:00,1785251052,4348,46,3,32.7,43.2,,run
2026-07-28T18:04:17+03:00,1785251057,4353,46,3,32.7,46.3,,run
2026-07-28T18:04:23+03:00,1785251063,4359,46,3,32.7,54.1,,run
2026-07-28T18:04:28+03:00,1785251068,4364,46,3,32.7,48.5,,run
2026-07-28T18:04:33+03:00,1785251073,4369,46,3,32.7,47.0,,run
2026-07-28T18:04:39+03:00,1785251079,4375,46,3,32.7,43.2,,run
2026-07-28T18:04:44+03:00,1785251084,4380,46,3,32.7,43.6,,run
2026-07-28T18:04:49+03:00,1785251089,4385,46,3,32.7,45.4,,run
2026-07-28T18:04:54+03:00,1785251094,4390,46,3,32.7,43.2,,run
2026-07-28T18:05:00+03:00,1785251100,4396,46,3,32.7,45.4,,run
2026-07-28T18:05:05+03:00,1785251105,4401,46,3,32.7,50.1,,run
2026-07-28T18:05:10+03:00,1785251110,4406,46,3,32.7,51.3,,run
2026-07-28T18:05:15+03:00,1785251115,4411,46,3,32.7,46.7,,run
2026-07-28T18:05:21+03:00,1785251121,4417,46,3,32.7,43.9,,run
2026-07-28T18:05:26+03:00,1785251126,4422,46,3,32.7,42.9,,run
2026-07-28T18:05:31+03:00,1785251131,4427,46,3,32.7,42.9,,run
2026-07-28T18:05:36+03:00,1785251136,4432,46,3,32.7,48.2,,run
2026-07-28T18:05:42+03:00,1785251142,4438,46,3,32.7,46.3,,run
2026-07-28T18:05:47+03:00,1785251147,4443,46,3,32.7,45.7,,run
2026-07-28T18:05:52+03:00,1785251152,4448,46,3,32.7,43.9,,run
2026-07-28T18:05:57+03:00,1785251157,4453,46,3,32.7,44.2,,run
2026-07-28T18:06:02+03:00,1785251162,4458,46,3,32.7,45.7,,run
2026-07-28T18:06:08+03:00,1785251168,4464,46,3,32.7,43.6,,run
2026-07-28T18:06:13+03:00,1785251173,4469,46,3,32.7,44.2,,run
2026-07-28T18:06:18+03:00,1785251178,4474,46,3,32.7,52.8,,run
2026-07-28T18:06:24+03:00,1785251184,4480,46,3,32.6,44.8,,run
2026-07-28T18:06:29+03:00,1785251189,4485,46,3,32.6,43.6,,run
2026-07-28T18:06:34+03:00,1785251194,4490,46,3,32.6,42.0,,run
2026-07-28T18:06:39+03:00,1785251199,4495,46,3,32.6,42.6,,run
2026-07-28T18:06:45+03:00,1785251205,4501,46,3,32.6,47.3,,run
2026-07-28T18:06:50+03:00,1785251210,4506,46,3,32.6,44.8,,run
2026-07-28T18:06:55+03:00,1785251215,4511,46,3,32.6,50.7,,run
2026-07-28T18:07:01+03:00,1785251221,4517,46,3,32.6,48.2,,run
2026-07-28T18:07:06+03:00,1785251226,4522,46,3,32.6,45.7,,run
2026-07-28T18:07:11+03:00,1785251231,4527,46,3,32.6,44.8,,run
2026-07-28T18:07:16+03:00,1785251236,4532,46,3,32.6,43.9,,run
2026-07-28T18:07:21+03:00,1785251241,4537,46,3,32.6,43.2,,run
2026-07-28T18:07:27+03:00,1785251247,4543,46,3,32.6,42.9,,run
2026-07-28T18:07:32+03:00,1785251252,4548,46,3,32.6,42.9,,run
2026-07-28T18:07:37+03:00,1785251257,4553,46,3,32.6,46.3,,run
2026-07-28T18:07:42+03:00,1785251262,4558,46,3,32.6,46.3,,run
2026-07-28T18:07:47+03:00,1785251267,4563,46,3,32.6,43.6,,run
2026-07-28T18:07:53+03:00,1785251273,4569,46,3,32.6,43.2,,run
2026-07-28T18:07:58+03:00,1785251278,4574,46,3,32.6,42.3,,run
2026-07-28T18:08:03+03:00,1785251283,4579,46,3,32.6,42.6,,run
2026-07-28T18:08:08+03:00,1785251288,4584,46,3,32.6,42.9,,run
2026-07-28T18:08:14+03:00,1785251294,4590,46,3,32.6,48.8,,run
2026-07-28T18:08:19+03:00,1785251299,4595,46,3,32.6,44.8,,run
2026-07-28T18:08:24+03:00,1785251304,4600,46,3,32.6,43.6,,run
2026-07-28T18:08:29+03:00,1785251309,4605,46,3,32.6,42.0,,run
2026-07-28T18:08:34+03:00,1785251314,4610,46,3,32.6,41.7,,run
2026-07-28T18:08:40+03:00,1785251320,4616,46,3,32.6,42.3,,run
2026-07-28T18:08:45+03:00,1785251325,4621,46,3,32.6,44.2,,run
2026-07-28T18:08:50+03:00,1785251330,4626,46,3,32.6,44.2,,run
2026-07-28T18:08:55+03:00,1785251335,4631,46,3,32.6,48.2,,run
2026-07-28T18:09:01+03:00,1785251341,4637,46,3,32.6,49.1,,run
2026-07-28T18:09:06+03:00,1785251346,4642,46,3,32.6,48.2,,run
2026-07-28T18:09:11+03:00,1785251351,4647,46,3,32.6,43.6,,run
2026-07-28T18:09:16+03:00,1785251356,4652,46,3,32.6,43.2,,run
2026-07-28T18:09:21+03:00,1785251361,4657,46,3,32.6,44.8,,run
2026-07-28T18:09:27+03:00,1785251367,4663,46,3,32.6,49.1,,run
2026-07-28T18:09:32+03:00,1785251372,4668,46,3,32.6,50.1,,run
2026-07-28T18:09:37+03:00,1785251377,4673,46,3,32.6,46.3,,run
2026-07-28T18:09:42+03:00,1785251382,4678,46,3,32.6,49.4,,run
2026-07-28T18:09:48+03:00,1785251388,4684,46,3,32.6,46.0,,run
2026-07-28T18:09:53+03:00,1785251393,4689,46,3,32.6,47.0,,run
2026-07-28T18:09:58+03:00,1785251398,4694,46,3,32.6,50.4,,run
2026-07-28T18:10:03+03:00,1785251403,4699,46,3,32.6,49.7,,run
2026-07-28T18:10:08+03:00,1785251408,4704,46,3,32.6,44.8,,run
2026-07-28T18:10:14+03:00,1785251414,4710,46,3,32.6,46.7,,run
2026-07-28T18:10:19+03:00,1785251419,4715,46,3,32.6,43.9,,run
2026-07-28T18:10:24+03:00,1785251424,4720,46,3,32.6,42.3,,run
2026-07-28T18:10:29+03:00,1785251429,4725,46,3,32.6,43.9,,run
2026-07-28T18:10:35+03:00,1785251435,4731,46,3,32.6,43.6,,run
2026-07-28T18:10:40+03:00,1785251440,4736,46,3,32.6,45.1,,run
2026-07-28T18:10:45+03:00,1785251445,4741,46,3,32.6,43.2,,run
2026-07-28T18:10:50+03:00,1785251450,4746,46,3,32.6,42.3,,run
2026-07-28T18:10:55+03:00,1785251455,4751,46,3,32.6,42.9,,run
2026-07-28T18:11:01+03:00,1785251461,4757,45,3,32.5,42.6,,run
2026-07-28T18:11:06+03:00,1785251466,4762,45,3,32.5,47.3,,run
2026-07-28T18:11:11+03:00,1785251471,4767,45,3,32.5,49.1,,run
2026-07-28T18:11:16+03:00,1785251476,4772,45,3,32.5,46.3,,run
2026-07-28T18:11:22+03:00,1785251482,4778,45,3,32.5,43.6,,run
2026-07-28T18:11:27+03:00,1785251487,4783,45,3,32.5,45.1,,run
2026-07-28T18:11:32+03:00,1785251492,4788,45,3,32.5,43.2,,run
2026-07-28T18:11:37+03:00,1785251497,4793,45,3,32.5,42.3,,run
2026-07-28T18:11:42+03:00,1785251502,4798,45,3,32.5,42.6,,run
2026-07-28T18:11:48+03:00,1785251508,4804,45,3,32.5,43.6,,run
2026-07-28T18:11:53+03:00,1785251513,4809,45,3,32.5,48.5,,run
2026-07-28T18:11:58+03:00,1785251518,4814,45,3,32.5,45.4,,run
2026-07-28T18:12:03+03:00,1785251523,4819,45,3,32.5,44.2,,run
2026-07-28T18:12:08+03:00,1785251528,4824,45,3,32.5,43.9,,run
2026-07-28T18:12:14+03:00,1785251534,4830,45,3,32.5,43.6,,run
2026-07-28T18:12:19+03:00,1785251539,4835,45,3,32.5,42.6,,run
2026-07-28T18:12:24+03:00,1785251544,4840,45,3,32.5,41.7,,run
2026-07-28T18:12:29+03:00,1785251549,4845,45,3,32.5,42.0,,run
2026-07-28T18:12:35+03:00,1785251555,4851,45,3,32.5,42.9,,run
2026-07-28T18:12:40+03:00,1785251560,4856,45,3,32.5,44.8,,run
2026-07-28T18:12:45+03:00,1785251565,4861,45,3,32.5,43.2,,run
2026-07-28T18:12:50+03:00,1785251570,4866,45,3,32.5,45.1,,run
2026-07-28T18:12:55+03:00,1785251575,4871,45,3,32.5,44.8,,run
2026-07-28T18:13:01+03:00,1785251581,4877,45,3,32.5,42.9,,run
2026-07-28T18:13:06+03:00,1785251586,4882,45,3,32.5,42.0,,run
2026-07-28T18:13:11+03:00,1785251591,4887,45,3,32.5,43.2,,run
2026-07-28T18:13:16+03:00,1785251596,4892,45,3,32.5,49.7,,run
2026-07-28T18:13:22+03:00,1785251602,4898,45,3,32.5,47.6,,run
2026-07-28T18:13:27+03:00,1785251607,4903,45,3,32.5,43.2,,run
2026-07-28T18:13:32+03:00,1785251612,4908,45,3,32.5,42.6,,run
2026-07-28T18:13:37+03:00,1785251617,4913,45,3,32.5,45.1,,run
2026-07-28T18:13:42+03:00,1785251622,4918,45,3,32.5,44.5,,run
2026-07-28T18:13:48+03:00,1785251628,4924,45,3,32.5,42.9,,run
2026-07-28T18:13:53+03:00,1785251633,4929,45,3,32.5,46.3,,run
2026-07-28T18:13:58+03:00,1785251638,4934,45,3,32.5,49.1,,run
2026-07-28T18:14:03+03:00,1785251643,4939,45,3,32.5,46.7,,run
2026-07-28T18:14:09+03:00,1785251649,4945,45,3,32.5,44.2,,run
2026-07-28T18:14:14+03:00,1785251654,4950,45,3,32.5,42.9,,run
2026-07-28T18:14:19+03:00,1785251659,4955,45,3,32.5,41.7,,run
2026-07-28T18:14:24+03:00,1785251664,4960,45,3,32.5,41.7,,run
2026-07-28T18:14:29+03:00,1785251669,4965,45,3,32.5,43.2,,run
2026-07-28T18:14:35+03:00,1785251675,4971,45,3,32.5,42.3,,run
2026-07-28T18:14:40+03:00,1785251680,4976,45,3,32.5,42.6,,run
2026-07-28T18:14:45+03:00,1785251685,4981,45,3,32.5,41.7,,run
2026-07-28T18:14:50+03:00,1785251690,4986,45,3,32.5,42.3,,run
2026-07-28T18:14:55+03:00,1785251695,4991,45,3,32.5,41.4,,run
2026-07-28T18:15:01+03:00,1785251701,4997,45,3,32.5,43.9,,run
2026-07-28T18:15:06+03:00,1785251706,5002,45,3,32.5,44.8,,run
2026-07-28T18:15:11+03:00,1785251711,5007,45,3,32.5,45.7,,run
2026-07-28T18:15:16+03:00,1785251716,5012,45,3,32.5,49.1,,run
2026-07-28T18:15:22+03:00,1785251722,5018,45,3,32.5,44.5,,run
2026-07-28T18:15:27+03:00,1785251727,5023,45,3,32.5,43.2,,run
2026-07-28T18:15:32+03:00,1785251732,5028,45,3,32.5,41.7,,run
2026-07-28T18:15:37+03:00,1785251737,5033,45,3,32.5,41.7,,run
2026-07-28T18:15:43+03:00,1785251743,5039,45,3,32.5,42.0,,run
2026-07-28T18:15:48+03:00,1785251748,5044,45,3,32.5,43.9,,run
2026-07-28T18:15:53+03:00,1785251753,5049,45,3,32.5,45.7,,run
2026-07-28T18:15:58+03:00,1785251758,5054,45,3,32.5,49.1,,run
2026-07-28T18:16:03+03:00,1785251763,5059,45,3,32.5,50.4,,run
2026-07-28T18:16:09+03:00,1785251769,5065,45,3,32.5,44.2,,run
2026-07-28T18:16:14+03:00,1785251774,5070,45,3,32.5,45.1,,run
2026-07-28T18:16:19+03:00,1785251779,5075,45,3,32.5,43.2,,run
2026-07-28T18:16:24+03:00,1785251784,5080,45,3,32.1,42.3,,run
2026-07-28T18:16:30+03:00,1785251790,5086,45,3,32.1,41.7,,run
2026-07-28T18:16:35+03:00,1785251795,5091,45,3,32.1,44.5,,run
2026-07-28T18:16:40+03:00,1785251800,5096,45,3,32.1,42.3,,run
2026-07-28T18:16:45+03:00,1785251805,5101,45,3,32.1,42.9,,run
2026-07-28T18:16:50+03:00,1785251810,5106,45,3,32.1,41.7,,run
2026-07-28T18:16:56+03:00,1785251816,5112,45,3,32.1,42.0,,run
2026-07-28T18:17:01+03:00,1785251821,5117,45,3,32.1,41.7,,run
2026-07-28T18:17:06+03:00,1785251826,5122,45,3,32.1,42.6,,run
2026-07-28T18:17:11+03:00,1785251831,5127,45,3,32.1,42.9,,run
2026-07-28T18:17:16+03:00,1785251836,5132,45,3,32.1,44.2,,run
2026-07-28T18:17:22+03:00,1785251842,5138,45,3,32.1,48.2,,run
2026-07-28T18:17:27+03:00,1785251847,5143,45,3,32.1,48.2,,run
2026-07-28T18:17:32+03:00,1785251852,5148,45,3,32.1,44.5,,run
2026-07-28T18:17:37+03:00,1785251857,5153,45,3,32.1,43.2,,run
2026-07-28T18:17:43+03:00,1785251863,5159,45,3,32.1,42.6,,run
2026-07-28T18:17:48+03:00,1785251868,5164,45,3,32.1,45.7,,run
2026-07-28T18:17:53+03:00,1785251873,5169,45,3,32.1,49.4,,run
2026-07-28T18:17:58+03:00,1785251878,5174,45,3,32.2,47.6,,run
2026-07-28T18:18:03+03:00,1785251883,5179,45,3,32.2,46.7,,run
2026-07-28T18:18:09+03:00,1785251889,5185,45,3,32.2,45.1,,run
2026-07-28T18:18:14+03:00,1785251894,5190,45,3,32.2,43.2,,run
2026-07-28T18:18:19+03:00,1785251899,5195,45,3,32.2,42.3,,run
2026-07-28T18:18:24+03:00,1785251904,5200,45,3,32.2,41.4,,run
2026-07-28T18:18:30+03:00,1785251910,5206,45,3,32.2,43.2,,run
2026-07-28T18:18:35+03:00,1785251915,5211,45,3,32.2,41.7,,run
2026-07-28T18:18:40+03:00,1785251920,5216,45,3,32.2,42.3,,run
2026-07-28T18:18:45+03:00,1785251925,5221,45,3,32.2,41.1,,run
2026-07-28T18:18:50+03:00,1785251930,5226,45,3,32.2,42.3,,run
2026-07-28T18:18:56+03:00,1785251936,5232,45,3,32.2,42.0,,run
2026-07-28T18:19:01+03:00,1785251941,5237,45,3,32.2,44.8,,run
2026-07-28T18:19:06+03:00,1785251946,5242,45,3,32.2,46.0,,run
2026-07-28T18:19:11+03:00,1785251951,5247,45,3,32.2,49.1,,run
2026-07-28T18:19:17+03:00,1785251957,5253,45,3,32.2,44.2,,run
2026-07-28T18:19:22+03:00,1785251962,5258,45,3,32.2,42.0,,run
2026-07-28T18:19:27+03:00,1785251967,5263,45,3,32.2,41.7,,run
2026-07-28T18:19:32+03:00,1785251972,5268,45,3,32.2,44.2,,run
2026-07-28T18:19:37+03:00,1785251977,5273,45,3,32.2,43.6,,run
2026-07-28T18:19:43+03:00,1785251983,5279,45,3,32.2,43.9,,run
2026-07-28T18:19:48+03:00,1785251988,5284,45,3,32.2,46.0,,run
2026-07-28T18:19:53+03:00,1785251993,5289,45,3,32.2,49.1,,run
2026-07-28T18:19:58+03:00,1785251998,5294,45,3,32.2,46.7,,run
2026-07-28T18:20:04+03:00,1785252004,5300,45,3,32.2,44.2,,run
2026-07-28T18:20:09+03:00,1785252009,5305,45,3,32.2,43.2,,run
2026-07-28T18:20:14+03:00,1785252014,5310,45,3,32.2,42.0,,run
2026-07-28T18:20:19+03:00,1785252019,5315,45,3,32.2,45.4,,run
2026-07-28T18:20:24+03:00,1785252024,5320,45,3,32.2,43.9,,run
2026-07-28T18:20:30+03:00,1785252030,5326,45,3,32.2,44.2,,run
2026-07-28T18:20:35+03:00,1785252035,5331,45,3,32.2,43.2,,run
2026-07-28T18:20:40+03:00,1785252040,5336,45,3,32.2,42.0,,run
2026-07-28T18:20:45+03:00,1785252045,5341,45,3,32.2,42.3,,run
2026-07-28T18:20:50+03:00,1785252050,5346,45,3,32.2,41.1,,run
2026-07-28T18:20:56+03:00,1785252056,5352,45,3,32.2,41.4,,run
2026-07-28T18:21:01+03:00,1785252061,5357,45,3,32.2,42.6,,run
2026-07-28T18:21:06+03:00,1785252066,5362,45,3,32.2,42.3,,run
2026-07-28T18:21:11+03:00,1785252071,5367,45,3,32.2,47.9,,run
2026-07-28T18:21:17+03:00,1785252077,5373,45,3,32.2,44.2,,run
2026-07-28T18:21:22+03:00,1785252082,5378,45,3,32.2,42.6,,run
2026-07-28T18:21:27+03:00,1785252087,5383,45,3,32.2,41.7,,run
2026-07-28T18:21:32+03:00,1785252092,5388,45,3,32.2,42.9,,run
2026-07-28T18:21:37+03:00,1785252097,5393,45,3,32.2,44.5,,run
2026-07-28T18:21:43+03:00,1785252103,5399,44,3,32.1,48.2,,run
2026-07-28T18:21:48+03:00,1785252108,5404,44,3,32.1,43.9,,run
2026-07-28T18:21:53+03:00,1785252113,5409,44,3,32.1,47.9,,run
2026-07-28T18:21:58+03:00,1785252118,5414,44,3,32.1,45.4,,run
2026-07-28T18:22:04+03:00,1785252124,5420,44,3,32.1,43.9,,run
2026-07-28T18:22:09+03:00,1785252129,5425,44,3,32.1,47.6,,run
2026-07-28T18:22:14+03:00,1785252134,5430,44,3,32.1,44.2,,run
2026-07-28T18:22:19+03:00,1785252139,5435,44,3,32.1,43.9,,run
2026-07-28T18:22:24+03:00,1785252144,5440,44,3,32.1,44.5,,run
2026-07-28T18:22:30+03:00,1785252150,5446,44,3,32.1,48.8,,run
2026-07-28T18:22:35+03:00,1785252155,5451,44,3,32.1,43.9,,run
2026-07-28T18:22:40+03:00,1785252160,5456,44,3,32.1,43.2,,run
2026-07-28T18:22:45+03:00,1785252165,5461,44,3,32.1,42.6,,run
2026-07-28T18:22:51+03:00,1785252171,5467,44,3,32.1,42.3,,run
2026-07-28T18:22:56+03:00,1785252176,5472,44,3,32.1,42.3,,run
2026-07-28T18:23:01+03:00,1785252181,5477,44,3,32.1,42.6,,run
2026-07-28T18:23:06+03:00,1785252186,5482,44,3,32.1,41.7,,run
2026-07-28T18:23:11+03:00,1785252191,5487,44,3,32.1,47.6,,run
2026-07-28T18:23:17+03:00,1785252197,5493,44,3,32.1,49.1,,run
2026-07-28T18:23:22+03:00,1785252202,5498,44,3,32.1,44.2,,run
2026-07-28T18:23:27+03:00,1785252207,5503,44,3,32.1,43.6,,run
2026-07-28T18:23:32+03:00,1785252212,5508,44,3,32.1,43.9,,run
2026-07-28T18:23:38+03:00,1785252218,5514,44,3,32.1,42.3,,run
2026-07-28T18:23:43+03:00,1785252223,5519,44,3,32.1,41.4,,run
2026-07-28T18:23:48+03:00,1785252228,5524,44,3,32.1,41.7,,run
2026-07-28T18:23:53+03:00,1785252233,5529,44,3,32.1,45.7,,run
2026-07-28T18:23:58+03:00,1785252238,5534,44,3,32.1,49.4,,run
2026-07-28T18:24:04+03:00,1785252244,5540,44,3,32.1,49.1,,run
2026-07-28T18:24:09+03:00,1785252249,5545,44,3,32.1,46.7,,run
2026-07-28T18:24:14+03:00,1785252254,5550,44,3,32.1,44.5,,run
2026-07-28T18:24:19+03:00,1785252259,5555,44,3,32.1,42.6,,run
2026-07-28T18:24:25+03:00,1785252265,5561,44,3,32.1,43.2,,run
2026-07-28T18:24:30+03:00,1785252270,5566,44,3,32.1,42.0,,run
2026-07-28T18:24:35+03:00,1785252275,5571,44,3,32.1,42.3,,run
2026-07-28T18:24:40+03:00,1785252280,5576,44,3,32.1,46.7,,run
2026-07-28T18:24:45+03:00,1785252285,5581,44,3,32.1,45.1,,run
2026-07-28T18:24:51+03:00,1785252291,5587,44,3,32.1,43.2,,run
2026-07-28T18:24:56+03:00,1785252296,5592,44,3,32.1,43.2,,run
2026-07-28T18:25:01+03:00,1785252301,5597,44,3,32.1,42.9,,run
2026-07-28T18:25:06+03:00,1785252306,5602,44,3,32.1,41.4,,run
2026-07-28T18:25:11+03:00,1785252311,5607,44,3,32.1,41.7,,run
2026-07-28T18:25:17+03:00,1785252317,5613,44,3,32.1,47.6,,run
2026-07-28T18:25:22+03:00,1785252322,5618,44,3,32.1,49.1,,run
2026-07-28T18:25:27+03:00,1785252327,5623,44,3,32.1,45.7,,run
2026-07-28T18:25:32+03:00,1785252332,5628,44,3,32.1,44.2,,run
2026-07-28T18:25:38+03:00,1785252338,5634,44,3,32.1,43.6,,run
2026-07-28T18:25:43+03:00,1785252343,5639,44,3,32.1,42.6,,run
2026-07-28T18:25:48+03:00,1785252348,5644,44,3,32.1,42.0,,run
2026-07-28T18:25:53+03:00,1785252353,5649,44,3,32.1,41.4,,run
2026-07-28T18:25:58+03:00,1785252358,5654,44,3,32.1,42.3,,run
2026-07-28T18:26:04+03:00,1785252364,5660,44,3,32.1,49.4,,run
2026-07-28T18:26:09+03:00,1785252369,5665,44,3,32.1,48.2,,run
2026-07-28T18:26:14+03:00,1785252374,5670,44,3,32.1,44.8,,run
2026-07-28T18:26:19+03:00,1785252379,5675,44,3,32.1,46.7,,run
2026-07-28T18:26:25+03:00,1785252385,5681,44,3,32.0,44.5,,run
2026-07-28T18:26:30+03:00,1785252390,5686,44,3,32.0,43.6,,run
2026-07-28T18:26:35+03:00,1785252395,5691,44,3,32.0,42.6,,run
2026-07-28T18:26:40+03:00,1785252400,5696,44,3,32.0,47.0,,run
2026-07-28T18:26:45+03:00,1785252405,5701,44,3,32.0,45.1,,run
2026-07-28T18:26:51+03:00,1785252411,5707,44,3,32.0,43.6,,run
2026-07-28T18:26:56+03:00,1785252416,5712,44,3,32.0,45.4,,run
2026-07-28T18:27:01+03:00,1785252421,5717,44,3,32.0,43.6,,run
2026-07-28T18:27:06+03:00,1785252426,5722,44,3,32.0,42.3,,run
2026-07-28T18:27:12+03:00,1785252432,5728,44,3,32.0,43.9,,run
2026-07-28T18:27:17+03:00,1785252437,5733,44,3,32.0,46.3,,run
2026-07-28T18:27:22+03:00,1785252442,5738,44,3,32.0,48.2,,run
2026-07-28T18:27:27+03:00,1785252447,5743,44,3,32.0,46.3,,run
2026-07-28T18:27:33+03:00,1785252453,5749,44,3,32.0,46.3,,run
2026-07-28T18:27:38+03:00,1785252458,5754,44,3,32.0,43.6,,run
2026-07-28T18:27:43+03:00,1785252463,5759,44,3,32.0,44.2,,run
2026-07-28T18:27:48+03:00,1785252468,5764,44,3,32.0,43.2,,run
2026-07-28T18:27:53+03:00,1785252473,5769,44,3,32.0,44.2,,run
2026-07-28T18:27:59+03:00,1785252479,5775,44,3,32.0,44.5,,run
2026-07-28T18:28:04+03:00,1785252484,5780,44,3,32.0,47.6,,run
2026-07-28T18:28:09+03:00,1785252489,5785,44,3,32.0,45.7,,run
2026-07-28T18:28:14+03:00,1785252494,5790,44,3,32.0,45.4,,run
2026-07-28T18:28:20+03:00,1785252500,5796,44,3,32.0,43.2,,run
2026-07-28T18:28:25+03:00,1785252505,5801,44,3,32.0,43.2,,run
2026-07-28T18:28:30+03:00,1785252510,5806,44,3,32.0,44.8,,run
2026-07-28T18:28:35+03:00,1785252515,5811,44,3,32.0,42.6,,run
2026-07-28T18:28:40+03:00,1785252520,5816,44,3,32.0,44.5,,run
2026-07-28T18:28:46+03:00,1785252526,5822,44,3,32.0,47.9,,run
2026-07-28T18:28:51+03:00,1785252531,5827,44,3,32.0,44.2,,run
2026-07-28T18:28:56+03:00,1785252536,5832,44,3,32.0,44.2,,run
2026-07-28T18:29:01+03:00,1785252541,5837,44,3,32.0,44.2,,run
2026-07-28T18:29:06+03:00,1785252546,5842,44,3,32.0,44.5,,run
2026-07-28T18:29:12+03:00,1785252552,5848,44,3,32.0,42.6,,run
2026-07-28T18:29:17+03:00,1785252557,5853,44,3,32.0,44.2,,run
2026-07-28T18:29:22+03:00,1785252562,5858,44,3,32.0,43.2,,run
2026-07-28T18:29:27+03:00,1785252567,5863,44,3,32.0,42.9,,run
2026-07-28T18:29:33+03:00,1785252573,5869,44,3,32.0,46.3,,run
2026-07-28T18:29:38+03:00,1785252578,5874,44,3,32.0,45.1,,run
2026-07-28T18:29:43+03:00,1785252583,5879,44,3,32.0,43.9,,run
2026-07-28T18:29:48+03:00,1785252588,5884,44,3,32.0,43.2,,run
2026-07-28T18:29:53+03:00,1785252593,5889,44,3,32.0,43.2,,run
2026-07-28T18:29:59+03:00,1785252599,5895,44,3,32.0,46.7,,run
2026-07-28T18:30:04+03:00,1785252604,5900,44,3,32.0,45.4,,run
2026-07-28T18:30:09+03:00,1785252609,5905,44,3,32.0,46.3,,run
2026-07-28T18:30:14+03:00,1785252614,5910,44,3,32.0,44.2,,run
2026-07-28T18:30:20+03:00,1785252620,5916,44,3,32.0,42.6,,run
2026-07-28T18:30:25+03:00,1785252625,5921,44,3,32.0,42.6,,run
2026-07-28T18:30:30+03:00,1785252630,5926,44,3,32.0,44.5,,run
2026-07-28T18:30:35+03:00,1785252635,5931,44,3,32.0,43.9,,run
2026-07-28T18:30:40+03:00,1785252640,5936,44,3,32.0,44.8,,run
2026-07-28T18:30:46+03:00,1785252646,5942,44,3,32.0,46.3,,run
2026-07-28T18:30:51+03:00,1785252651,5947,44,3,32.0,43.6,,run
2026-07-28T18:30:56+03:00,1785252656,5952,44,3,32.0,43.9,,run
2026-07-28T18:31:01+03:00,1785252661,5957,44,3,32.0,43.6,,run
2026-07-28T18:31:07+03:00,1785252667,5963,44,3,32.0,44.8,,run
2026-07-28T18:31:12+03:00,1785252672,5968,44,3,32.0,42.9,,run
2026-07-28T18:31:17+03:00,1785252677,5973,43,3,32.2,43.6,,run
2026-07-28T18:31:22+03:00,1785252682,5978,43,3,32.2,42.6,,run
2026-07-28T18:31:27+03:00,1785252687,5983,43,3,32.2,42.9,,run
2026-07-28T18:31:33+03:00,1785252693,5989,43,3,32.2,44.2,,run
2026-07-28T18:31:38+03:00,1785252698,5994,43,3,32.2,42.9,,run
2026-07-28T18:31:43+03:00,1785252703,5999,43,3,32.2,43.9,,run
2026-07-28T18:31:48+03:00,1785252708,6004,43,3,32.2,44.5,,run
2026-07-28T18:31:54+03:00,1785252714,6010,43,3,32.2,48.5,,run
2026-07-28T18:31:59+03:00,1785252719,6015,43,3,32.2,44.8,,run
2026-07-28T18:32:04+03:00,1785252724,6020,43,3,32.2,49.1,,run
2026-07-28T18:32:09+03:00,1785252729,6025,43,3,32.2,47.0,,run
2026-07-28T18:32:14+03:00,1785252734,6030,43,3,32.2,44.8,,run
2026-07-28T18:32:20+03:00,1785252740,6036,43,3,32.2,43.9,,run
2026-07-28T18:32:25+03:00,1785252745,6041,43,3,32.2,43.6,,run
2026-07-28T18:32:30+03:00,1785252750,6046,43,3,32.2,43.2,,run
2026-07-28T18:32:35+03:00,1785252755,6051,43,3,32.2,42.6,,run
2026-07-28T18:32:41+03:00,1785252761,6057,43,3,32.2,46.0,,run
2026-07-28T18:32:46+03:00,1785252766,6062,43,3,32.2,47.3,,run
2026-07-28T18:32:51+03:00,1785252771,6067,43,3,32.2,46.7,,run
2026-07-28T18:32:56+03:00,1785252776,6072,43,3,32.2,44.2,,run
2026-07-28T18:33:01+03:00,1785252781,6077,43,3,32.2,43.6,,run
2026-07-28T18:33:07+03:00,1785252787,6083,43,3,32.2,42.6,,run
2026-07-28T18:33:12+03:00,1785252792,6088,43,3,32.2,43.9,,run
2026-07-28T18:33:17+03:00,1785252797,6093,43,3,32.2,45.1,,run
2026-07-28T18:33:22+03:00,1785252802,6098,43,3,32.2,42.6,,run
2026-07-28T18:33:28+03:00,1785252808,6104,43,3,32.2,44.8,,run
2026-07-28T18:33:33+03:00,1785252813,6109,43,3,32.2,42.6,,run
2026-07-28T18:33:38+03:00,1785252818,6114,43,3,32.2,42.3,,run
2026-07-28T18:33:43+03:00,1785252823,6119,43,3,32.2,43.9,,run
2026-07-28T18:33:48+03:00,1785252828,6124,43,3,32.2,45.1,,run
2026-07-28T18:33:54+03:00,1785252834,6130,43,3,32.2,43.9,,run
2026-07-28T18:33:59+03:00,1785252839,6135,43,3,32.2,43.9,,run
2026-07-28T18:34:04+03:00,1785252844,6140,43,3,32.2,48.5,,run
2026-07-28T18:34:09+03:00,1785252849,6145,43,3,32.2,46.0,,run
2026-07-28T18:34:14+03:00,1785252854,6150,43,3,32.2,42.9,,run
2026-07-28T18:34:20+03:00,1785252860,6156,43,3,32.2,44.2,,run
2026-07-28T18:34:25+03:00,1785252865,6161,43,3,32.2,43.6,,run
2026-07-28T18:34:30+03:00,1785252870,6166,43,3,32.2,42.9,,run
2026-07-28T18:34:35+03:00,1785252875,6171,43,3,32.2,43.6,,run
2026-07-28T18:34:41+03:00,1785252881,6177,43,3,32.2,44.2,,run
2026-07-28T18:34:46+03:00,1785252886,6182,43,3,32.2,45.1,,run
2026-07-28T18:34:51+03:00,1785252891,6187,43,3,32.2,44.2,,run
2026-07-28T18:34:56+03:00,1785252896,6192,43,3,32.2,44.2,,run
2026-07-28T18:35:01+03:00,1785252901,6197,43,3,32.2,43.6,,run
2026-07-28T18:35:07+03:00,1785252907,6203,43,3,32.2,44.2,,run
2026-07-28T18:35:12+03:00,1785252912,6208,43,3,32.2,44.8,,run
2026-07-28T18:35:17+03:00,1785252917,6213,43,3,32.2,44.2,,run
2026-07-28T18:35:22+03:00,1785252922,6218,43,3,32.2,42.3,,run
2026-07-28T18:35:28+03:00,1785252928,6224,43,3,32.2,43.2,,run
2026-07-28T18:35:33+03:00,1785252933,6229,43,3,32.2,43.6,,run
2026-07-28T18:35:38+03:00,1785252938,6234,43,3,32.2,42.9,,run
2026-07-28T18:35:43+03:00,1785252943,6239,43,3,32.2,45.1,,run
2026-07-28T18:35:48+03:00,1785252948,6244,43,3,32.2,43.2,,run
2026-07-28T18:35:54+03:00,1785252954,6250,43,3,32.2,42.9,,run
2026-07-28T18:35:59+03:00,1785252959,6255,43,3,32.2,46.0,,run
2026-07-28T18:36:04+03:00,1785252964,6260,43,3,32.2,46.0,,run
2026-07-28T18:36:09+03:00,1785252969,6265,43,3,32.2,44.5,,run
2026-07-28T18:36:14+03:00,1785252974,6270,43,3,32.2,42.6,,run
2026-07-28T18:36:20+03:00,1785252980,6276,43,3,32.2,44.5,,run
2026-07-28T18:36:25+03:00,1785252985,6281,43,3,32.0,43.2,,run
2026-07-28T18:36:30+03:00,1785252990,6286,43,3,32.0,43.9,,run
2026-07-28T18:36:35+03:00,1785252995,6291,43,3,32.0,44.8,,run
2026-07-28T18:36:41+03:00,1785253001,6297,43,3,32.0,49.1,,run
2026-07-28T18:36:46+03:00,1785253006,6302,43,3,32.0,45.4,,run
2026-07-28T18:36:51+03:00,1785253011,6307,43,3,32.0,44.5,,run
2026-07-28T18:36:56+03:00,1785253016,6312,43,3,32.0,43.2,,run
2026-07-28T18:37:01+03:00,1785253021,6317,43,3,32.0,43.2,,run
2026-07-28T18:37:07+03:00,1785253027,6323,43,3,32.0,42.0,,run
2026-07-28T18:37:12+03:00,1785253032,6328,43,3,32.0,45.1,,run
2026-07-28T18:37:17+03:00,1785253037,6333,43,3,32.0,43.2,,run
2026-07-28T18:37:22+03:00,1785253042,6338,43,3,32.0,43.9,,run
2026-07-28T18:37:28+03:00,1785253048,6344,43,3,32.0,44.2,,run
2026-07-28T18:37:33+03:00,1785253053,6349,43,3,32.0,43.2,,run
2026-07-28T18:37:38+03:00,1785253058,6354,43,3,32.0,42.3,,run
2026-07-28T18:37:43+03:00,1785253063,6359,43,3,32.0,43.9,,run
2026-07-28T18:37:48+03:00,1785253068,6364,43,3,32.0,43.6,,run
2026-07-28T18:37:54+03:00,1785253074,6370,43,3,32.0,45.4,,run
2026-07-28T18:37:59+03:00,1785253079,6375,43,3,32.0,47.0,,run
2026-07-28T18:38:04+03:00,1785253084,6380,43,3,32.0,47.3,,run
2026-07-28T18:38:09+03:00,1785253089,6385,43,3,32.0,43.9,,run
2026-07-28T18:38:15+03:00,1785253095,6391,43,3,32.0,42.9,,run
2026-07-28T18:38:20+03:00,1785253100,6396,43,3,32.0,44.8,,run
2026-07-28T18:38:25+03:00,1785253105,6401,43,3,32.0,50.4,,run
2026-07-28T18:38:30+03:00,1785253110,6406,43,3,32.0,48.2,,run
2026-07-28T18:38:36+03:00,1785253116,6412,43,3,32.0,44.8,,run
2026-07-28T18:38:41+03:00,1785253121,6417,43,3,32.0,43.6,,run
2026-07-28T18:38:46+03:00,1785253126,6422,43,3,32.0,43.2,,run
2026-07-28T18:38:51+03:00,1785253131,6427,43,3,32.0,44.5,,run
2026-07-28T18:38:56+03:00,1785253136,6432,43,3,32.0,43.9,,run
2026-07-28T18:39:02+03:00,1785253142,6438,43,3,32.0,43.9,,run
2026-07-28T18:39:07+03:00,1785253147,6443,43,3,32.0,44.2,,run
2026-07-28T18:39:12+03:00,1785253152,6448,43,3,32.0,43.9,,run
2026-07-28T18:39:17+03:00,1785253157,6453,43,3,32.0,43.6,,run
2026-07-28T18:39:22+03:00,1785253162,6458,43,3,32.0,43.2,,run
2026-07-28T18:39:28+03:00,1785253168,6464,43,3,32.0,44.2,,run
2026-07-28T18:39:33+03:00,1785253173,6469,43,3,32.0,42.9,,run
2026-07-28T18:39:38+03:00,1785253178,6474,43,3,32.0,44.2,,run
2026-07-28T18:39:43+03:00,1785253183,6479,43,3,32.0,48.2,,run
2026-07-28T18:39:48+03:00,1785253188,6484,43,3,32.0,45.4,,run
2026-07-28T18:39:54+03:00,1785253194,6490,43,3,32.0,43.6,,run
2026-07-28T18:39:59+03:00,1785253199,6495,43,3,32.0,44.8,,run
2026-07-28T18:40:04+03:00,1785253204,6500,43,3,32.0,44.5,,run
2026-07-28T18:40:09+03:00,1785253209,6505,43,3,32.0,42.0,,run
2026-07-28T18:40:15+03:00,1785253215,6511,43,3,32.0,43.9,,run
2026-07-28T18:40:20+03:00,1785253220,6516,43,3,32.0,47.3,,run
2026-07-28T18:40:25+03:00,1785253225,6521,43,3,32.0,47.9,,run
2026-07-28T18:40:30+03:00,1785253230,6526,43,3,32.0,43.6,,run
2026-07-28T18:40:35+03:00,1785253235,6531,43,3,32.0,43.6,,run
2026-07-28T18:40:41+03:00,1785253241,6537,43,3,32.0,45.1,,run
2026-07-28T18:40:46+03:00,1785253246,6542,43,3,32.0,44.8,,run
2026-07-28T18:40:51+03:00,1785253251,6547,43,3,32.0,44.5,,run
2026-07-28T18:40:56+03:00,1785253256,6552,43,3,32.0,42.9,,run
2026-07-28T18:41:02+03:00,1785253262,6558,43,3,32.0,42.0,,run
2026-07-28T18:41:07+03:00,1785253267,6563,43,3,32.0,43.9,,run
2026-07-28T18:41:12+03:00,1785253272,6568,43,3,32.0,42.6,,run
2026-07-28T18:41:17+03:00,1785253277,6573,43,3,32.0,43.9,,run
2026-07-28T18:41:22+03:00,1785253282,6578,43,3,32.0,43.9,,run
2026-07-28T18:41:28+03:00,1785253288,6584,43,3,32.0,43.6,,run
2026-07-28T18:41:33+03:00,1785253293,6589,43,3,32.0,42.3,,run
2026-07-28T18:41:38+03:00,1785253298,6594,43,3,32.0,46.0,,run
2026-07-28T18:41:43+03:00,1785253303,6599,43,3,32.0,47.6,,run
2026-07-28T18:41:49+03:00,1785253309,6605,43,3,32.0,44.2,,run
2026-07-28T18:41:54+03:00,1785253314,6610,43,3,32.0,45.7,,run
2026-07-28T18:41:59+03:00,1785253319,6615,42,3,32.1,43.6,,run
2026-07-28T18:42:04+03:00,1785253324,6620,42,3,32.1,44.5,,run
2026-07-28T18:42:09+03:00,1785253329,6625,42,3,32.1,44.5,,run
2026-07-28T18:42:15+03:00,1785253335,6631,42,3,32.1,42.6,,run
2026-07-28T18:42:20+03:00,1785253340,6636,42,3,32.1,43.9,,run
2026-07-28T18:42:25+03:00,1785253345,6641,42,3,32.1,46.7,,run
2026-07-28T18:42:30+03:00,1785253350,6646,42,3,32.1,43.2,,run
2026-07-28T18:42:36+03:00,1785253356,6652,42,3,32.1,41.7,,run
2026-07-28T18:42:41+03:00,1785253361,6657,42,3,32.1,42.0,,run
2026-07-28T18:42:46+03:00,1785253366,6662,42,3,32.1,42.0,,run
2026-07-28T18:42:51+03:00,1785253371,6667,42,3,32.1,40.8,,run
2026-07-28T18:42:56+03:00,1785253376,6672,42,3,32.1,43.2,,run
2026-07-28T18:43:02+03:00,1785253382,6678,42,3,32.1,42.0,,run
2026-07-28T18:43:07+03:00,1785253387,6683,42,3,32.1,42.3,,run
2026-07-28T18:43:12+03:00,1785253392,6688,42,3,32.1,41.7,,run
2026-07-28T18:43:17+03:00,1785253397,6693,42,3,32.1,42.0,,run
2026-07-28T18:43:23+03:00,1785253403,6699,42,3,32.1,42.3,,run
2026-07-28T18:43:28+03:00,1785253408,6704,42,3,32.1,43.9,,run
2026-07-28T18:43:33+03:00,1785253413,6709,42,3,32.1,44.2,,run
2026-07-28T18:43:38+03:00,1785253418,6714,42,3,32.1,46.7,,run
2026-07-28T18:43:43+03:00,1785253423,6719,42,3,32.1,43.2,,run
2026-07-28T18:43:49+03:00,1785253429,6725,42,3,32.1,41.7,,run
2026-07-28T18:43:54+03:00,1785253434,6730,42,3,32.1,41.4,,run
2026-07-28T18:43:59+03:00,1785253439,6735,42,3,32.1,41.7,,run
2026-07-28T18:44:04+03:00,1785253444,6740,42,3,32.1,42.0,,run
2026-07-28T18:44:10+03:00,1785253450,6746,42,3,32.1,44.2,,run
2026-07-28T18:44:15+03:00,1785253455,6751,42,3,32.1,47.3,,run
2026-07-28T18:44:20+03:00,1785253460,6756,42,3,32.1,45.7,,run
2026-07-28T18:44:25+03:00,1785253465,6761,42,3,32.1,41.7,,run
2026-07-28T18:44:30+03:00,1785253470,6766,42,3,32.1,42.3,,run
2026-07-28T18:44:36+03:00,1785253476,6772,42,3,32.1,42.0,,run
2026-07-28T18:44:41+03:00,1785253481,6777,42,3,32.1,43.9,,run
2026-07-28T18:44:46+03:00,1785253486,6782,42,3,32.1,41.7,,run
2026-07-28T18:44:51+03:00,1785253491,6787,42,3,32.1,41.7,,run
2026-07-28T18:44:56+03:00,1785253496,6792,42,3,32.1,41.1,,end
2026-07-28T19:51:30+03:00,1785257490,10786,81,3,34.6,57.2,,run
2026-07-28T19:51:35+03:00,1785257495,10791,81,3,34.6,47.3,,run
2026-07-28T19:51:40+03:00,1785257500,10796,81,3,34.6,50.1,,run
2026-07-28T19:51:46+03:00,1785257506,10802,81,3,34.6,44.8,,run
2026-07-28T19:51:51+03:00,1785257511,10807,81,3,34.6,58.1,,run
2026-07-28T19:51:56+03:00,1785257516,10812,81,3,34.6,47.0,,run
2026-07-28T19:52:01+03:00,1785257521,10817,81,3,34.6,48.2,,run
2026-07-28T19:52:07+03:00,1785257527,10823,81,3,34.6,51.3,,run
2026-07-28T19:52:12+03:00,1785257532,10828,81,3,34.6,51.9,,run
2026-07-28T19:52:17+03:00,1785257537,10833,81,3,34.6,47.9,,run
2026-07-28T19:52:22+03:00,1785257542,10838,81,3,34.6,47.9,,run
2026-07-28T19:52:28+03:00,1785257548,10844,81,3,34.6,45.4,,run
2026-07-28T19:52:33+03:00,1785257553,10849,81,3,34.6,45.4,,run
2026-07-28T19:52:38+03:00,1785257558,10854,81,3,34.6,44.2,,run
2026-07-28T19:52:43+03:00,1785257563,10859,81,3,34.6,43.6,,run
2026-07-28T19:52:48+03:00,1785257568,10864,81,3,34.6,45.7,,run
2026-07-28T19:52:54+03:00,1785257574,10870,81,3,34.6,50.4,,run
2026-07-28T19:52:59+03:00,1785257579,10875,81,3,34.2,49.7,,run
2026-07-28T19:53:04+03:00,1785257584,10880,81,3,34.2,54.4,,run
2026-07-28T19:53:10+03:00,1785257590,10886,81,3,34.2,49.1,,run
2026-07-28T19:53:15+03:00,1785257595,10891,81,3,34.2,47.0,,run
2026-07-28T19:53:20+03:00,1785257600,10896,81,3,34.2,44.5,,run
2026-07-28T19:53:25+03:00,1785257605,10901,81,3,34.2,43.9,,run
2026-07-28T19:53:30+03:00,1785257610,10906,81,3,34.2,42.9,,run
2026-07-28T19:53:36+03:00,1785257616,10912,81,3,34.2,42.3,,run
2026-07-28T19:53:41+03:00,1785257621,10917,81,3,34.2,45.7,,run
2026-07-28T19:53:46+03:00,1785257626,10922,81,3,34.2,43.9,,run
2026-07-28T19:53:51+03:00,1785257631,10927,81,3,34.2,54.4,,run
2026-07-28T19:53:57+03:00,1785257637,10933,81,3,34.2,45.1,,run
2026-07-28T19:54:02+03:00,1785257642,10938,81,3,34.2,50.7,,run
2026-07-28T19:54:07+03:00,1785257647,10943,81,3,34.2,50.4,,run
2026-07-28T19:54:12+03:00,1785257652,10948,81,3,34.2,48.2,,run
2026-07-28T19:54:18+03:00,1785257658,10954,81,3,34.2,43.9,,run
2026-07-28T19:54:23+03:00,1785257663,10959,81,3,34.2,44.5,,run
2026-07-28T19:54:28+03:00,1785257668,10964,81,3,34.2,44.5,,run
2026-07-28T19:54:33+03:00,1785257673,10969,81,3,34.2,43.6,,run
2026-07-28T19:54:38+03:00,1785257678,10974,81,3,34.2,43.2,,run
2026-07-28T19:54:44+03:00,1785257684,10980,81,3,34.2,43.6,,run
2026-07-28T19:54:49+03:00,1785257689,10985,81,3,34.2,43.2,,run
2026-07-28T19:54:54+03:00,1785257694,10990,81,3,34.2,44.2,,run
2026-07-28T19:54:59+03:00,1785257699,10995,81,3,34.2,43.2,,run
2026-07-28T19:55:05+03:00,1785257705,11001,81,3,34.2,52.5,,run
2026-07-28T19:55:10+03:00,1785257710,11006,81,3,34.2,48.5,,run
2026-07-28T19:55:15+03:00,1785257715,11011,81,3,34.2,44.8,,run
2026-07-28T19:55:20+03:00,1785257720,11016,81,3,34.2,43.2,,run
2026-07-28T19:55:25+03:00,1785257725,11021,81,3,34.2,42.3,,run
2026-07-28T19:55:31+03:00,1785257731,11027,81,3,34.2,42.3,,run
2026-07-28T19:55:36+03:00,1785257736,11032,81,3,34.2,44.5,,run
2026-07-28T19:55:41+03:00,1785257741,11037,81,3,34.2,42.0,,run
2026-07-28T19:55:46+03:00,1785257746,11042,81,3,34.2,42.3,,run
2026-07-28T19:55:52+03:00,1785257752,11048,81,3,34.2,53.5,,run
2026-07-28T19:55:57+03:00,1785257757,11053,81,3,34.2,44.5,,run
2026-07-28T19:56:02+03:00,1785257762,11058,81,3,34.2,49.1,,run
2026-07-28T19:56:08+03:00,1785257768,11064,81,3,34.2,45.4,,run
2026-07-28T19:56:13+03:00,1785257773,11069,81,3,34.2,49.4,,run
2026-07-28T19:56:18+03:00,1785257778,11074,81,3,34.2,45.1,,run
2026-07-28T19:56:23+03:00,1785257783,11079,81,3,34.2,46.7,,run
2026-07-28T19:56:28+03:00,1785257788,11084,81,3,34.2,45.4,,run
2026-07-28T19:56:34+03:00,1785257794,11090,81,3,34.2,43.9,,run
2026-07-28T19:56:39+03:00,1785257799,11095,81,3,34.2,43.9,,run
2026-07-28T19:56:44+03:00,1785257804,11100,81,3,34.2,45.1,,run
2026-07-28T19:56:49+03:00,1785257809,11105,81,3,34.2,44.5,,run
2026-07-28T19:56:55+03:00,1785257815,11111,81,3,34.2,43.2,,run
2026-07-28T19:57:00+03:00,1785257820,11116,81,3,34.2,43.2,,run
2026-07-28T19:57:05+03:00,1785257825,11121,81,3,34.2,48.5,,run
2026-07-28T19:57:10+03:00,1785257830,11126,81,3,34.2,49.4,,run
2026-07-28T19:57:16+03:00,1785257836,11132,81,3,34.2,45.7,,run
2026-07-28T19:57:21+03:00,1785257841,11137,81,3,34.2,43.9,,run
2026-07-28T19:57:26+03:00,1785257846,11142,81,3,34.2,43.9,,run
2026-07-28T19:57:31+03:00,1785257851,11147,81,3,34.2,44.5,,run
2026-07-28T19:57:37+03:00,1785257857,11153,81,3,34.2,47.6,,run
2026-07-28T19:57:42+03:00,1785257862,11158,81,3,34.2,42.6,,run
2026-07-28T19:57:47+03:00,1785257867,11163,81,3,34.2,42.9,,run
2026-07-28T19:57:52+03:00,1785257872,11168,81,3,34.2,42.6,,run
2026-07-28T19:57:57+03:00,1785257877,11173,81,3,34.2,44.8,,run
2026-07-28T19:58:03+03:00,1785257883,11179,81,3,34.2,42.9,,run
2026-07-28T19:58:08+03:00,1785257888,11184,81,3,34.2,42.6,,run
2026-07-28T19:58:13+03:00,1785257893,11189,81,3,34.2,44.8,,run
2026-07-28T19:58:18+03:00,1785257898,11194,81,3,34.2,48.5,,run
2026-07-28T19:58:24+03:00,1785257904,11200,81,3,34.2,46.3,,run
2026-07-28T19:58:29+03:00,1785257909,11205,81,3,34.2,45.1,,run
2026-07-28T19:58:34+03:00,1785257914,11210,81,3,34.2,44.8,,run
2026-07-28T19:58:39+03:00,1785257919,11215,81,3,34.2,43.6,,run
2026-07-28T19:58:44+03:00,1785257924,11220,81,3,34.2,45.4,,run
2026-07-28T19:58:50+03:00,1785257930,11226,81,3,34.2,53.5,,run
2026-07-28T19:58:55+03:00,1785257935,11231,81,3,34.2,44.5,,run
2026-07-28T19:59:01+03:00,1785257941,11237,81,3,34.2,44.5,,run
2026-07-28T19:59:06+03:00,1785257946,11242,81,3,34.2,42.3,,run
2026-07-28T19:59:11+03:00,1785257951,11247,81,3,34.2,42.6,,run
2026-07-28T19:59:16+03:00,1785257956,11252,81,3,34.2,42.3,,run
2026-07-28T19:59:22+03:00,1785257962,11258,81,3,34.2,43.6,,run
2026-07-28T19:59:27+03:00,1785257967,11263,81,3,34.2,49.7,,run
2026-07-28T19:59:32+03:00,1785257972,11268,81,3,34.2,54.7,,run
2026-07-28T19:59:38+03:00,1785257978,11274,81,3,34.2,45.7,,run
2026-07-28T19:59:43+03:00,1785257983,11279,81,3,34.2,44.2,,run
2026-07-28T19:59:48+03:00,1785257988,11284,81,3,34.2,43.6,,run
2026-07-28T19:59:53+03:00,1785257993,11289,81,3,34.2,43.9,,run
2026-07-28T19:59:59+03:00,1785257999,11295,81,3,34.2,43.6,,run
2026-07-28T20:00:04+03:00,1785258004,11300,81,3,34.2,42.3,,run
2026-07-28T20:00:09+03:00,1785258009,11305,81,3,34.2,42.3,,run
2026-07-28T20:00:14+03:00,1785258014,11310,81,3,34.2,44.2,,run
2026-07-28T20:00:19+03:00,1785258019,11315,81,3,34.2,43.2,,run
2026-07-28T20:00:25+03:00,1785258025,11321,81,3,34.2,43.9,,run
2026-07-28T20:00:30+03:00,1785258030,11326,81,3,34.2,42.0,,run
2026-07-28T20:00:35+03:00,1785258035,11331,81,3,34.2,42.6,,run
2026-07-28T20:00:40+03:00,1785258040,11336,81,3,34.2,42.0,,run
2026-07-28T20:00:46+03:00,1785258046,11342,81,3,34.2,42.0,,run
2026-07-28T20:00:51+03:00,1785258051,11347,81,3,34.2,52.8,,run
2026-07-28T20:00:56+03:00,1785258056,11352,81,3,34.2,46.0,,run
2026-07-28T20:01:01+03:00,1785258061,11357,81,3,34.2,42.6,,run
2026-07-28T20:01:07+03:00,1785258067,11363,81,3,34.2,42.0,,run
2026-07-28T20:01:12+03:00,1785258072,11368,81,3,34.2,41.4,,run
2026-07-28T20:01:17+03:00,1785258077,11373,81,3,34.2,42.3,,run
2026-07-28T20:01:22+03:00,1785258082,11378,81,3,34.2,46.0,,run
2026-07-28T20:01:28+03:00,1785258088,11384,81,3,34.2,43.6,,run
2026-07-28T20:01:33+03:00,1785258093,11389,81,3,32.6,48.5,,run
2026-07-28T20:01:38+03:00,1785258098,11394,81,3,32.6,50.4,,run
2026-07-28T20:01:43+03:00,1785258103,11399,81,3,32.6,43.6,,run
2026-07-28T20:01:49+03:00,1785258109,11405,81,3,32.6,44.2,,run
2026-07-28T20:01:54+03:00,1785258114,11410,81,3,32.6,42.9,,run
2026-07-28T20:01:59+03:00,1785258119,11415,81,3,32.6,42.0,,run
2026-07-28T20:02:04+03:00,1785258124,11420,81,3,32.6,44.8,,run
2026-07-28T20:02:10+03:00,1785258130,11426,81,3,32.6,42.3,,run
2026-07-28T20:02:15+03:00,1785258135,11431,81,3,32.6,42.0,,run
2026-07-28T20:02:20+03:00,1785258140,11436,81,3,32.6,42.6,,run
2026-07-28T20:02:25+03:00,1785258145,11441,81,3,32.6,42.0,,run
2026-07-28T20:02:31+03:00,1785258151,11447,81,3,32.6,46.0,,run
2026-07-28T20:02:36+03:00,1785258156,11452,81,3,32.6,44.8,,run
2026-07-28T20:02:41+03:00,1785258161,11457,81,3,32.6,42.0,,run
2026-07-28T20:02:46+03:00,1785258166,11462,81,3,32.6,42.3,,run
2026-07-28T20:02:51+03:00,1785258171,11467,81,3,32.6,54.4,,run
2026-07-28T20:02:57+03:00,1785258177,11473,81,3,32.6,44.8,,run
2026-07-28T20:03:03+03:00,1785258183,11479,81,3,32.6,45.1,,run
2026-07-28T20:03:08+03:00,1785258188,11484,81,3,32.6,44.2,,run
2026-07-28T20:03:13+03:00,1785258193,11489,81,3,32.6,42.9,,run
2026-07-28T20:03:18+03:00,1785258198,11494,81,3,32.6,43.2,,run
2026-07-28T20:03:23+03:00,1785258203,11499,81,3,32.6,43.2,,run
2026-07-28T20:03:29+03:00,1785258209,11505,81,3,32.6,47.0,,run
2026-07-28T20:03:34+03:00,1785258214,11510,81,3,32.6,44.8,,run
2026-07-28T20:03:39+03:00,1785258219,11515,81,3,32.6,54.1,,run
2026-07-28T20:03:44+03:00,1785258224,11520,81,3,32.6,44.5,,run
2026-07-28T20:03:50+03:00,1785258230,11526,81,3,32.6,42.9,,run
2026-07-28T20:03:55+03:00,1785258235,11531,81,3,32.6,42.3,,run
2026-07-28T20:04:00+03:00,1785258240,11536,81,3,32.6,42.9,,run
2026-07-28T20:04:05+03:00,1785258245,11541,81,3,32.6,43.2,,run
2026-07-28T20:04:11+03:00,1785258251,11547,81,3,32.6,42.9,,run
2026-07-28T20:04:16+03:00,1785258256,11552,81,3,32.6,43.2,,run
2026-07-28T20:04:21+03:00,1785258261,11557,81,3,32.6,41.4,,run
2026-07-28T20:04:26+03:00,1785258266,11562,81,3,32.6,41.7,,run
2026-07-28T20:04:31+03:00,1785258271,11567,81,3,32.6,47.3,,run
2026-07-28T20:04:37+03:00,1785258277,11573,81,3,32.6,45.1,,run
2026-07-28T20:04:42+03:00,1785258282,11578,81,3,32.6,49.4,,run
2026-07-28T20:04:47+03:00,1785258287,11583,81,3,32.6,49.1,,run
2026-07-28T20:04:52+03:00,1785258292,11588,81,3,32.6,54.7,,run
2026-07-28T20:04:58+03:00,1785258298,11594,81,3,32.6,52.5,,run
2026-07-28T20:05:03+03:00,1785258303,11599,81,3,32.6,48.8,,run
2026-07-28T20:05:08+03:00,1785258308,11604,81,3,32.6,44.2,,run
2026-07-28T20:05:13+03:00,1785258313,11609,81,3,32.6,46.7,,run
2026-07-28T20:05:19+03:00,1785258319,11615,81,3,32.6,44.5,,run
2026-07-28T20:05:24+03:00,1785258324,11620,81,3,32.6,45.1,,run
2026-07-28T20:05:29+03:00,1785258329,11625,81,3,32.6,46.0,,run
2026-07-28T20:05:34+03:00,1785258334,11630,81,3,32.6,45.7,,run
2026-07-28T20:05:40+03:00,1785258340,11636,81,3,32.6,53.8,,run
2026-07-28T20:05:45+03:00,1785258345,11641,81,3,32.6,51.9,,run
2026-07-28T20:05:50+03:00,1785258350,11646,81,3,32.6,47.0,,run
2026-07-28T20:05:56+03:00,1785258356,11652,81,3,32.6,49.7,,run
2026-07-28T20:06:01+03:00,1785258361,11657,81,3,32.6,48.2,,run
2026-07-28T20:06:06+03:00,1785258366,11662,81,3,32.6,43.9,,run
2026-07-28T20:06:12+03:00,1785258372,11668,81,3,32.6,44.5,,run
2026-07-28T20:06:17+03:00,1785258377,11673,81,3,32.6,43.2,,run
2026-07-28T20:06:22+03:00,1785258382,11678,81,3,32.6,43.6,,run
2026-07-28T20:06:27+03:00,1785258387,11683,81,3,32.6,44.2,,run
2026-07-28T20:06:32+03:00,1785258392,11688,81,3,32.6,43.6,,run
2026-07-28T20:06:38+03:00,1785258398,11694,81,3,32.6,42.3,,run
2026-07-28T20:06:43+03:00,1785258403,11699,81,3,32.6,42.9,,run
2026-07-28T20:06:48+03:00,1785258408,11704,81,3,32.6,42.3,,run
2026-07-28T20:06:53+03:00,1785258413,11709,81,3,32.6,43.6,,run
2026-07-28T20:06:59+03:00,1785258419,11715,81,3,32.6,53.5,,run
2026-07-28T20:07:04+03:00,1785258424,11720,81,3,32.6,42.6,,run
2026-07-28T20:07:09+03:00,1785258429,11725,81,3,32.6,42.6,,run
2026-07-28T20:07:14+03:00,1785258434,11730,81,3,32.6,42.0,,run
2026-07-28T20:07:20+03:00,1785258440,11736,81,3,32.6,42.9,,run
2026-07-28T20:07:25+03:00,1785258445,11741,81,3,32.6,47.3,,run
2026-07-28T20:07:30+03:00,1785258450,11746,81,3,32.6,43.2,,run
2026-07-28T20:07:36+03:00,1785258456,11752,81,3,32.6,41.7,,run
2026-07-28T20:07:41+03:00,1785258461,11757,81,3,32.6,41.1,,run
2026-07-28T20:07:46+03:00,1785258466,11762,81,3,32.6,51.9,,run
2026-07-28T20:07:51+03:00,1785258471,11767,81,3,32.6,42.9,,run
2026-07-28T20:07:57+03:00,1785258477,11773,81,3,32.6,42.6,,run
2026-07-28T20:08:02+03:00,1785258482,11778,81,3,32.6,42.3,,run
2026-07-28T20:08:07+03:00,1785258487,11783,81,3,32.6,44.5,,run
2026-07-28T20:08:12+03:00,1785258492,11788,81,3,32.6,43.2,,run
2026-07-28T20:08:18+03:00,1785258498,11794,81,3,32.6,42.0,,run
2026-07-28T20:08:23+03:00,1785258503,11799,81,3,32.6,41.4,,run
2026-07-28T20:08:28+03:00,1785258508,11804,81,3,32.6,46.0,,run
2026-07-28T20:08:33+03:00,1785258513,11809,81,3,32.6,45.7,,run
2026-07-28T20:08:38+03:00,1785258518,11814,81,3,32.6,47.6,,run
2026-07-28T20:08:44+03:00,1785258524,11820,81,3,32.6,47.9,,run
2026-07-28T20:08:49+03:00,1785258529,11825,81,3,32.6,43.6,,run
2026-07-28T20:08:54+03:00,1785258534,11830,81,3,32.6,42.6,,run
2026-07-28T20:08:59+03:00,1785258539,11835,81,3,32.6,48.5,,run
2026-07-28T20:09:05+03:00,1785258545,11841,81,3,32.6,45.7,,run
2026-07-28T20:09:10+03:00,1785258550,11846,81,3,32.6,44.2,,run
2026-07-28T20:09:15+03:00,1785258555,11851,81,3,32.6,43.6,,run
2026-07-28T20:09:20+03:00,1785258560,11856,81,3,32.6,42.3,,run
2026-07-28T20:09:26+03:00,1785258566,11862,81,3,32.6,40.5,,run
2026-07-28T20:09:31+03:00,1785258571,11867,81,3,32.6,41.7,,run
2026-07-28T20:09:37+03:00,1785258577,11873,81,3,32.6,45.4,,run
2026-07-28T20:09:42+03:00,1785258582,11878,81,3,32.6,55.0,,run
2026-07-28T20:09:48+03:00,1785258588,11884,81,3,32.6,51.3,,run
2026-07-28T20:09:53+03:00,1785258593,11889,81,3,32.6,43.9,,run
2026-07-28T20:09:59+03:00,1785258599,11895,81,3,32.6,42.3,,run
2026-07-28T20:10:04+03:00,1785258604,11900,81,3,32.6,42.6,,run
2026-07-28T20:10:09+03:00,1785258609,11905,81,3,32.6,46.0,,run
2026-07-28T20:10:14+03:00,1785258614,11910,81,3,32.6,47.3,,run
2026-07-28T20:10:19+03:00,1785258619,11915,81,3,32.6,45.4,,run
2026-07-28T20:10:25+03:00,1785258625,11921,81,3,32.6,47.9,,run
2026-07-28T20:10:30+03:00,1785258630,11926,81,3,32.6,44.8,,run
2026-07-28T20:10:35+03:00,1785258635,11931,81,3,32.6,42.3,,run
2026-07-28T20:10:40+03:00,1785258640,11936,81,3,32.6,45.1,,run
2026-07-28T20:10:46+03:00,1785258646,11942,81,3,32.6,47.6,,run
2026-07-28T20:10:51+03:00,1785258651,11947,81,3,32.6,50.1,,run
2026-07-28T20:10:56+03:00,1785258656,11952,81,3,32.6,49.1,,run
2026-07-28T20:11:01+03:00,1785258661,11957,81,3,32.6,56.9,,run
2026-07-28T20:11:07+03:00,1785258667,11963,81,3,32.6,47.6,,run
2026-07-28T20:11:12+03:00,1785258672,11968,81,3,32.6,49.4,,run
2026-07-28T20:11:18+03:00,1785258678,11974,81,3,32.6,43.9,,run
2026-07-28T20:11:23+03:00,1785258683,11979,81,3,32.6,44.8,,run
2026-07-28T20:11:28+03:00,1785258688,11984,81,3,32.6,43.2,,run
2026-07-28T20:11:33+03:00,1785258693,11989,81,3,32.7,49.7,,run
2026-07-28T20:11:38+03:00,1785258698,11994,81,3,32.7,46.3,,run
2026-07-28T20:11:44+03:00,1785258704,12000,81,3,32.7,56.5,,run
2026-07-28T20:11:49+03:00,1785258709,12005,81,3,32.7,45.7,,run
2026-07-28T20:11:54+03:00,1785258714,12010,81,3,32.7,44.2,,run
2026-07-28T20:12:00+03:00,1785258720,12016,81,3,32.7,44.5,,run
2026-07-28T20:12:05+03:00,1785258725,12021,81,3,32.7,47.6,,run
2026-07-28T20:12:10+03:00,1785258730,12026,81,3,32.7,44.2,,run
2026-07-28T20:12:15+03:00,1785258735,12031,81,3,32.7,43.6,,run
2026-07-28T20:12:21+03:00,1785258741,12037,81,3,32.7,42.6,,run
2026-07-28T20:12:26+03:00,1785258746,12042,81,3,32.7,42.9,,run
2026-07-28T20:12:31+03:00,1785258751,12047,81,3,32.7,44.2,,run
2026-07-28T20:12:36+03:00,1785258756,12052,81,3,32.7,43.2,,run
2026-07-28T20:12:41+03:00,1785258761,12057,81,3,32.7,45.7,,run
2026-07-28T20:12:47+03:00,1785258767,12063,81,3,32.7,44.5,,run
2026-07-28T20:12:52+03:00,1785258772,12068,81,3,32.7,42.9,,run
2026-07-28T20:12:57+03:00,1785258777,12073,81,3,32.7,50.1,,run
2026-07-28T20:13:02+03:00,1785258782,12078,81,3,32.7,56.5,,run
2026-07-28T20:13:08+03:00,1785258788,12084,81,3,32.7,50.4,,run
2026-07-28T20:13:13+03:00,1785258793,12089,81,3,32.7,43.6,,run
2026-07-28T20:13:18+03:00,1785258798,12094,81,3,32.7,42.6,,run
2026-07-28T20:13:23+03:00,1785258803,12099,81,3,32.7,43.2,,run
2026-07-28T20:13:29+03:00,1785258809,12105,81,3,32.7,42.6,,run
2026-07-28T20:13:34+03:00,1785258814,12110,81,3,32.7,42.3,,run
2026-07-28T20:13:39+03:00,1785258819,12115,81,3,32.7,40.5,,run
2026-07-28T20:13:44+03:00,1785258824,12120,81,3,32.7,54.7,,run
2026-07-28T20:13:50+03:00,1785258830,12126,80,3,32.6,50.4,,run
2026-07-28T20:13:55+03:00,1785258835,12131,80,3,32.6,46.3,,run
2026-07-28T20:14:00+03:00,1785258840,12136,80,3,32.6,44.5,,run
2026-07-28T20:14:05+03:00,1785258845,12141,80,3,32.6,43.2,,run
2026-07-28T20:14:11+03:00,1785258851,12147,80,3,32.6,45.1,,run
2026-07-28T20:14:16+03:00,1785258856,12152,80,3,32.6,42.9,,run
2026-07-28T20:14:21+03:00,1785258861,12157,80,3,32.6,43.6,,run
2026-07-28T20:14:26+03:00,1785258866,12162,80,3,32.6,42.3,,run
2026-07-28T20:14:31+03:00,1785258871,12167,80,3,32.6,42.6,,run
2026-07-28T20:14:37+03:00,1785258877,12173,80,3,32.6,43.2,,run
2026-07-28T20:14:42+03:00,1785258882,12178,80,3,32.6,43.2,,run
2026-07-28T20:14:47+03:00,1785258887,12183,80,3,32.6,42.6,,run
2026-07-28T20:14:52+03:00,1785258892,12188,80,3,32.6,42.0,,run
2026-07-28T20:14:58+03:00,1785258898,12194,80,3,32.6,49.7,,run
2026-07-28T20:15:03+03:00,1785258903,12199,80,3,32.6,50.1,,run
2026-07-28T20:15:08+03:00,1785258908,12204,80,3,32.6,46.7,,run
2026-07-28T20:15:13+03:00,1785258913,12209,80,3,32.6,49.4,,run
2026-07-28T20:15:19+03:00,1785258919,12215,80,3,32.6,45.4,,run
2026-07-28T20:15:24+03:00,1785258924,12220,80,3,32.6,42.3,,run
2026-07-28T20:15:29+03:00,1785258929,12225,80,3,32.6,41.4,,run
2026-07-28T20:15:34+03:00,1785258934,12230,80,3,32.6,42.0,,run
2026-07-28T20:15:39+03:00,1785258939,12235,80,3,32.6,41.4,,run
2026-07-28T20:15:45+03:00,1785258945,12241,80,3,32.6,53.1,,run
2026-07-28T20:15:50+03:00,1785258950,12246,80,3,32.6,43.6,,run
2026-07-28T20:15:55+03:00,1785258955,12251,80,3,32.6,45.4,,run
2026-07-28T20:16:00+03:00,1785258960,12256,80,3,32.6,49.7,,run
2026-07-28T20:16:06+03:00,1785258966,12262,80,3,32.6,49.1,,run
2026-07-28T20:16:11+03:00,1785258971,12267,80,3,32.6,47.3,,run
2026-07-28T20:16:16+03:00,1785258976,12272,80,3,32.6,44.5,,run
2026-07-28T20:16:21+03:00,1785258981,12277,80,3,32.6,42.3,,run
2026-07-28T20:16:26+03:00,1785258986,12282,80,3,32.6,43.2,,run
2026-07-28T20:16:32+03:00,1785258992,12288,80,3,32.6,42.6,,run
2026-07-28T20:16:37+03:00,1785258997,12293,80,3,32.6,45.1,,run
2026-07-28T20:16:42+03:00,1785259002,12298,80,3,32.6,42.3,,run
2026-07-28T20:16:47+03:00,1785259007,12303,80,3,32.6,42.0,,run
2026-07-28T20:16:53+03:00,1785259013,12309,80,3,32.6,42.0,,run
2026-07-28T20:16:58+03:00,1785259018,12314,80,3,32.6,45.4,,run
2026-07-28T20:17:03+03:00,1785259023,12319,80,3,32.6,46.7,,run
2026-07-28T20:17:08+03:00,1785259028,12324,80,3,32.6,45.1,,run
2026-07-28T20:17:14+03:00,1785259034,12330,80,3,32.6,42.3,,run
2026-07-28T20:17:19+03:00,1785259039,12335,80,3,32.6,42.3,,run
2026-07-28T20:17:24+03:00,1785259044,12340,80,3,32.6,47.3,,run
2026-07-28T20:17:29+03:00,1785259049,12345,80,3,32.6,43.6,,run
2026-07-28T20:17:34+03:00,1785259054,12350,80,3,32.6,41.7,,run
2026-07-28T20:17:40+03:00,1785259060,12356,80,3,32.6,44.8,,run
2026-07-28T20:17:45+03:00,1785259065,12361,80,3,32.6,49.7,,run
2026-07-28T20:17:50+03:00,1785259070,12366,80,3,32.6,45.1,,run
2026-07-28T20:17:55+03:00,1785259075,12371,80,3,32.6,47.9,,run
2026-07-28T20:18:01+03:00,1785259081,12377,80,3,32.6,47.6,,run
2026-07-28T20:18:06+03:00,1785259086,12382,80,3,32.6,44.5,,run
2026-07-28T20:18:11+03:00,1785259091,12387,80,3,32.6,43.6,,run
2026-07-28T20:18:16+03:00,1785259096,12392,80,3,32.6,42.9,,run
2026-07-28T20:18:21+03:00,1785259101,12397,80,3,32.6,42.6,,run
2026-07-28T20:18:27+03:00,1785259107,12403,80,3,32.6,43.2,,run
2026-07-28T20:18:32+03:00,1785259112,12408,80,3,32.6,42.9,,run
2026-07-28T20:18:37+03:00,1785259117,12413,80,3,32.6,42.0,,run
2026-07-28T20:18:42+03:00,1785259122,12418,80,3,32.6,45.1,,run
2026-07-28T20:18:48+03:00,1785259128,12424,80,3,32.6,42.3,,run
2026-07-28T20:18:53+03:00,1785259133,12429,80,3,32.6,41.7,,run
2026-07-28T20:18:58+03:00,1785259138,12434,80,3,32.6,50.7,,run
2026-07-28T20:19:04+03:00,1785259144,12440,80,3,32.6,44.2,,run
2026-07-28T20:19:09+03:00,1785259149,12445,80,3,32.6,43.9,,run
2026-07-28T20:19:14+03:00,1785259154,12450,80,3,32.6,46.7,,run
2026-07-28T20:19:19+03:00,1785259159,12455,80,3,32.6,45.7,,run
2026-07-28T20:19:24+03:00,1785259164,12460,80,3,32.6,42.6,,run
2026-07-28T20:19:30+03:00,1785259170,12466,80,3,32.6,42.6,,run
2026-07-28T20:19:35+03:00,1785259175,12471,80,3,32.6,41.1,,run
2026-07-28T20:19:40+03:00,1785259180,12476,80,3,32.6,46.0,,run
2026-07-28T20:19:46+03:00,1785259186,12482,80,3,32.6,47.6,,run
2026-07-28T20:19:51+03:00,1785259191,12487,80,3,32.6,42.9,,run
2026-07-28T20:19:56+03:00,1785259196,12492,80,3,32.6,46.7,,run
2026-07-28T20:20:01+03:00,1785259201,12497,80,3,32.6,46.7,,run
2026-07-28T20:20:06+03:00,1785259206,12502,80,3,32.6,47.0,,run
2026-07-28T20:20:12+03:00,1785259212,12508,80,3,32.6,48.5,,run
2026-07-28T20:20:17+03:00,1785259217,12513,80,3,32.6,43.2,,run
2026-07-28T20:20:22+03:00,1785259222,12518,80,3,32.6,43.2,,run
2026-07-28T20:20:27+03:00,1785259227,12523,80,3,32.6,43.6,,run
2026-07-28T20:20:33+03:00,1785259233,12529,80,3,32.6,42.0,,run
2026-07-28T20:20:38+03:00,1785259238,12534,80,3,32.6,42.6,,run
2026-07-28T20:20:43+03:00,1785259243,12539,80,3,32.6,42.0,,run
2026-07-28T20:20:48+03:00,1785259248,12544,80,3,32.6,42.3,,run
2026-07-28T20:20:53+03:00,1785259253,12549,80,3,32.6,42.9,,run
2026-07-28T20:20:59+03:00,1785259259,12555,80,3,32.6,53.5,,run
2026-07-28T20:21:04+03:00,1785259264,12560,80,3,32.6,46.3,,run
2026-07-28T20:21:09+03:00,1785259269,12565,80,3,32.6,42.6,,run
2026-07-28T20:21:15+03:00,1785259275,12571,80,3,32.6,41.4,,run
2026-07-28T20:21:20+03:00,1785259280,12576,80,3,32.6,42.0,,run
2026-07-28T20:21:25+03:00,1785259285,12581,80,3,32.6,46.7,,run
2026-07-28T20:21:30+03:00,1785259290,12586,80,3,32.4,48.2,,run
2026-07-28T20:21:36+03:00,1785259296,12592,80,3,32.4,44.2,,run
2026-07-28T20:21:41+03:00,1785259301,12597,80,3,32.4,53.5,,run
2026-07-28T20:21:46+03:00,1785259306,12602,80,3,32.4,44.5,,run
2026-07-28T20:21:51+03:00,1785259311,12607,80,3,32.4,42.6,,run
2026-07-28T20:21:57+03:00,1785259317,12613,80,3,32.4,42.0,,run
2026-07-28T20:22:02+03:00,1785259322,12618,80,3,32.4,42.3,,run
2026-07-28T20:22:07+03:00,1785259327,12623,80,3,32.4,43.9,,run
2026-07-28T20:22:12+03:00,1785259332,12628,80,3,32.4,44.8,,run
2026-07-28T20:22:18+03:00,1785259338,12634,80,3,32.4,50.1,,run
2026-07-28T20:22:23+03:00,1785259343,12639,80,3,32.4,46.0,,run
2026-07-28T20:22:28+03:00,1785259348,12644,80,3,32.4,43.6,,run
2026-07-28T20:22:33+03:00,1785259353,12649,80,3,32.4,42.0,,run
2026-07-28T20:22:38+03:00,1785259358,12654,80,3,32.4,42.6,,run
2026-07-28T20:22:44+03:00,1785259364,12660,80,3,32.4,42.3,,run
2026-07-28T20:22:49+03:00,1785259369,12665,80,3,32.4,43.2,,run
2026-07-28T20:22:54+03:00,1785259374,12670,80,3,32.4,47.6,,run
2026-07-28T20:22:59+03:00,1785259379,12675,80,3,32.4,51.3,,run
2026-07-28T20:23:05+03:00,1785259385,12681,80,3,32.4,45.7,,run
2026-07-28T20:23:10+03:00,1785259390,12686,80,3,32.4,42.3,,run
2026-07-28T20:23:15+03:00,1785259395,12691,80,3,32.4,41.1,,run
2026-07-28T20:23:20+03:00,1785259400,12696,80,3,32.4,44.2,,run
2026-07-28T20:23:26+03:00,1785259406,12702,80,3,32.4,45.7,,run
2026-07-28T20:23:31+03:00,1785259411,12707,80,3,32.4,44.5,,run
2026-07-28T20:23:36+03:00,1785259416,12712,80,3,32.4,48.5,,run
2026-07-28T20:23:41+03:00,1785259421,12717,80,3,32.4,50.7,,run
2026-07-28T20:23:46+03:00,1785259426,12722,80,3,32.4,44.8,,run
2026-07-28T20:23:52+03:00,1785259432,12728,80,3,32.4,42.9,,run
2026-07-28T20:23:57+03:00,1785259437,12733,80,3,32.4,42.0,,run
2026-07-28T20:24:02+03:00,1785259442,12738,80,3,32.4,42.9,,run
2026-07-28T20:24:07+03:00,1785259447,12743,80,3,32.4,42.6,,run
2026-07-28T20:24:13+03:00,1785259453,12749,80,3,32.4,43.6,,run
2026-07-28T20:24:18+03:00,1785259458,12754,80,3,32.4,42.9,,run
2026-07-28T20:24:23+03:00,1785259463,12759,80,3,32.4,41.4,,run
2026-07-28T20:24:28+03:00,1785259468,12764,80,3,32.4,46.0,,run
2026-07-28T20:24:33+03:00,1785259473,12769,80,3,32.4,45.7,,run
2026-07-28T20:24:39+03:00,1785259479,12775,80,3,32.4,54.1,,run
2026-07-28T20:24:44+03:00,1785259484,12780,80,3,32.4,45.4,,run
2026-07-28T20:24:49+03:00,1785259489,12785,80,3,32.4,42.3,,run
2026-07-28T20:24:55+03:00,1785259495,12791,80,3,32.4,42.9,,run
2026-07-28T20:25:00+03:00,1785259500,12796,80,3,32.4,42.0,,run
2026-07-28T20:25:05+03:00,1785259505,12801,80,3,32.4,42.0,,run
2026-07-28T20:25:10+03:00,1785259510,12806,80,3,32.4,41.1,,run
2026-07-28T20:25:16+03:00,1785259516,12812,80,3,32.4,41.4,,run
2026-07-28T20:25:21+03:00,1785259521,12817,80,3,32.4,53.1,,run
2026-07-28T20:25:26+03:00,1785259526,12822,80,3,32.4,45.7,,run
2026-07-28T20:25:32+03:00,1785259532,12828,80,3,32.4,43.2,,run
2026-07-28T20:25:37+03:00,1785259537,12833,80,3,32.4,43.2,,run
2026-07-28T20:25:42+03:00,1785259542,12838,80,3,32.4,44.5,,run
2026-07-28T20:25:47+03:00,1785259547,12843,80,3,32.4,47.3,,run
2026-07-28T20:25:52+03:00,1785259552,12848,80,3,32.4,48.2,,run
2026-07-28T20:25:58+03:00,1785259558,12854,80,3,32.4,42.9,,run
2026-07-28T20:26:03+03:00,1785259563,12859,80,3,32.4,42.9,,run
2026-07-28T20:26:08+03:00,1785259568,12864,80,3,32.4,42.9,,run
2026-07-28T20:26:13+03:00,1785259573,12869,80,3,32.4,42.9,,run
2026-07-28T20:26:19+03:00,1785259579,12875,80,3,32.4,42.6,,run
2026-07-28T20:26:24+03:00,1785259584,12880,80,3,32.4,41.4,,run
2026-07-28T20:26:29+03:00,1785259589,12885,80,3,32.4,41.1,,run
2026-07-28T20:26:34+03:00,1785259594,12890,80,3,32.4,53.5,,run
2026-07-28T20:26:39+03:00,1785259599,12895,80,3,32.4,53.8,,run
2026-07-28T20:26:45+03:00,1785259605,12901,80,3,32.4,43.9,,run
2026-07-28T20:26:50+03:00,1785259610,12906,80,3,32.4,42.0,,run
2026-07-28T20:26:55+03:00,1785259615,12911,80,3,32.4,42.3,,run
2026-07-28T20:27:00+03:00,1785259620,12916,80,3,32.4,40.8,,run
2026-07-28T20:27:06+03:00,1785259626,12922,80,3,32.4,40.2,,run
2026-07-28T20:27:11+03:00,1785259631,12927,80,3,32.4,40.5,,run
2026-07-28T20:27:16+03:00,1785259636,12932,80,3,32.4,42.3,,run
2026-07-28T20:27:22+03:00,1785259642,12938,80,3,32.4,50.4,,run
2026-07-28T20:27:27+03:00,1785259647,12943,80,3,32.4,45.1,,run
2026-07-28T20:27:32+03:00,1785259652,12948,80,3,32.4,42.9,,run
2026-07-28T20:27:37+03:00,1785259657,12953,80,3,32.4,42.6,,run
2026-07-28T20:27:42+03:00,1785259662,12958,79,3,32.4,42.3,,run
2026-07-28T20:27:48+03:00,1785259668,12964,79,3,32.4,41.7,,run
2026-07-28T20:27:53+03:00,1785259673,12969,79,3,32.4,46.7,,run
2026-07-28T20:27:58+03:00,1785259678,12974,79,3,32.4,44.5,,run
2026-07-28T20:28:03+03:00,1785259683,12979,79,3,32.4,44.5,,run
2026-07-28T20:28:09+03:00,1785259689,12985,79,3,32.4,44.5,,run
2026-07-28T20:28:14+03:00,1785259694,12990,79,3,32.4,42.3,,run
2026-07-28T20:28:19+03:00,1785259699,12995,79,3,32.4,41.4,,run
2026-07-28T20:28:24+03:00,1785259704,13000,79,3,32.4,42.0,,run
2026-07-28T20:28:29+03:00,1785259709,13005,79,3,32.4,41.7,,run
2026-07-28T20:28:35+03:00,1785259715,13011,79,3,32.4,50.1,,run
2026-07-28T20:28:40+03:00,1785259720,13016,79,3,32.4,44.2,,run
2026-07-28T20:28:45+03:00,1785259725,13021,79,3,32.4,50.1,,run
2026-07-28T20:28:51+03:00,1785259731,13027,79,3,32.4,44.2,,run
2026-07-28T20:28:56+03:00,1785259736,13032,79,3,32.4,42.3,,run
2026-07-28T20:29:01+03:00,1785259741,13037,79,3,32.4,41.1,,run
2026-07-28T20:29:06+03:00,1785259746,13042,79,3,32.4,41.4,,run
2026-07-28T20:29:12+03:00,1785259752,13048,79,3,32.4,41.7,,run
2026-07-28T20:29:17+03:00,1785259757,13053,79,3,32.4,51.0,,run
2026-07-28T20:29:22+03:00,1785259762,13058,79,3,32.4,44.2,,run
2026-07-28T20:29:28+03:00,1785259768,13064,79,3,32.4,46.0,,run
2026-07-28T20:29:33+03:00,1785259773,13069,79,3,32.4,47.6,,run
2026-07-28T20:29:38+03:00,1785259778,13074,79,3,32.4,46.0,,run
2026-07-28T20:29:43+03:00,1785259783,13079,79,3,32.4,43.2,,run
2026-07-28T20:29:48+03:00,1785259788,13084,79,3,32.4,42.0,,run
2026-07-28T20:29:54+03:00,1785259794,13090,79,3,32.4,42.6,,run
2026-07-28T20:29:59+03:00,1785259799,13095,79,3,32.4,42.3,,run
2026-07-28T20:30:04+03:00,1785259804,13100,79,3,32.4,47.3,,run
2026-07-28T20:30:09+03:00,1785259809,13105,79,3,32.4,49.1,,run
2026-07-28T20:30:15+03:00,1785259815,13111,79,3,32.4,45.4,,run
2026-07-28T20:30:20+03:00,1785259820,13116,79,3,32.4,43.2,,run
2026-07-28T20:30:25+03:00,1785259825,13121,79,3,32.4,43.6,,run
2026-07-28T20:30:30+03:00,1785259830,13126,79,3,32.4,42.6,,run
2026-07-28T20:30:35+03:00,1785259835,13131,79,3,32.4,51.6,,run
2026-07-28T20:30:41+03:00,1785259841,13137,79,3,32.4,48.2,,run
2026-07-28T20:30:46+03:00,1785259846,13142,79,3,32.4,42.3,,run
2026-07-28T20:30:51+03:00,1785259851,13147,79,3,32.4,45.4,,run
2026-07-28T20:30:56+03:00,1785259856,13152,79,3,32.4,50.1,,run
2026-07-28T20:31:02+03:00,1785259862,13158,79,3,32.4,51.3,,run
2026-07-28T20:31:07+03:00,1785259867,13163,79,3,32.4,45.7,,run
2026-07-28T20:31:12+03:00,1785259872,13168,79,3,32.4,42.6,,run
2026-07-28T20:31:17+03:00,1785259877,13173,79,3,32.4,42.9,,run
2026-07-28T20:31:23+03:00,1785259883,13179,79,3,32.4,42.6,,run
2026-07-28T20:31:28+03:00,1785259888,13184,79,3,32.4,41.7,,run
2026-07-28T20:31:33+03:00,1785259893,13189,79,3,32.4,42.0,,run
2026-07-28T20:31:38+03:00,1785259898,13194,79,3,32.4,43.9,,run
2026-07-28T20:31:44+03:00,1785259904,13200,79,3,32.4,42.6,,run
2026-07-28T20:31:49+03:00,1785259909,13205,79,3,32.4,42.3,,run
2026-07-28T20:31:54+03:00,1785259914,13210,79,3,32.4,43.9,,run
2026-07-28T20:31:59+03:00,1785259919,13215,79,3,32.4,45.4,,run
2026-07-28T20:32:04+03:00,1785259924,13220,79,3,32.4,50.7,,run
2026-07-28T20:32:10+03:00,1785259930,13226,79,3,32.4,45.7,,run
2026-07-28T20:32:15+03:00,1785259935,13231,79,3,32.4,55.6,,run
2026-07-28T20:32:20+03:00,1785259940,13236,79,3,32.4,44.2,,run
2026-07-28T20:32:26+03:00,1785259946,13242,79,3,32.4,43.6,,run
2026-07-28T20:32:31+03:00,1785259951,13247,79,3,32.4,42.0,,run
2026-07-28T20:32:36+03:00,1785259956,13252,79,3,32.4,44.2,,run
2026-07-28T20:32:41+03:00,1785259961,13257,79,3,32.4,46.3,,run
2026-07-28T20:32:47+03:00,1785259967,13263,79,3,32.4,45.7,,run
2026-07-28T20:32:52+03:00,1785259972,13268,79,3,32.4,49.1,,run
2026-07-28T20:32:57+03:00,1785259977,13273,79,3,32.4,54.7,,run
2026-07-28T20:33:03+03:00,1785259983,13279,79,3,32.4,46.3,,run
2026-07-28T20:33:08+03:00,1785259988,13284,79,3,32.4,45.1,,run
2026-07-28T20:33:13+03:00,1785259993,13289,79,3,32.4,44.5,,run
2026-07-28T20:33:18+03:00,1785259998,13294,79,3,32.4,42.6,,run
2026-07-28T20:33:24+03:00,1785260004,13300,79,3,32.4,43.2,,run
2026-07-28T20:33:29+03:00,1785260009,13305,79,3,32.4,42.0,,run
2026-07-28T20:33:34+03:00,1785260014,13310,79,3,32.4,43.6,,run
2026-07-28T20:33:39+03:00,1785260019,13315,79,3,32.4,43.6,,run
2026-07-28T20:33:45+03:00,1785260025,13321,79,3,32.4,43.2,,run
2026-07-28T20:33:50+03:00,1785260030,13326,79,3,32.4,42.6,,run
2026-07-28T20:33:55+03:00,1785260035,13331,79,3,32.4,42.6,,run
2026-07-28T20:34:00+03:00,1785260040,13336,79,3,32.4,42.3,,run
2026-07-28T20:34:05+03:00,1785260045,13341,79,3,32.4,46.0,,run
2026-07-28T20:34:11+03:00,1785260051,13347,79,3,32.4,52.2,,run
2026-07-28T20:34:16+03:00,1785260056,13352,79,3,32.4,53.1,,run
2026-07-28T20:34:21+03:00,1785260061,13357,79,3,32.4,48.5,,run
2026-07-28T20:34:26+03:00,1785260066,13362,79,3,32.4,43.6,,run
2026-07-28T20:34:32+03:00,1785260072,13368,79,3,32.4,43.2,,run
2026-07-28T20:34:37+03:00,1785260077,13373,79,3,32.4,42.3,,run
2026-07-28T20:34:42+03:00,1785260082,13378,79,3,32.4,41.7,,run
2026-07-28T20:34:47+03:00,1785260087,13383,79,3,32.4,41.1,,run
2026-07-28T20:34:53+03:00,1785260093,13389,79,3,32.4,41.1,,run
2026-07-28T20:34:58+03:00,1785260098,13394,79,3,32.4,56.9,,run
2026-07-28T20:35:03+03:00,1785260103,13399,79,3,32.4,49.4,,run
2026-07-28T20:35:08+03:00,1785260108,13404,79,3,32.4,44.8,,run
2026-07-28T20:35:14+03:00,1785260114,13410,79,3,32.4,42.6,,run
2026-07-28T20:35:19+03:00,1785260119,13415,79,3,32.4,43.2,,run
2026-07-28T20:35:24+03:00,1785260124,13420,79,3,32.4,41.4,,run
2026-07-28T20:35:29+03:00,1785260129,13425,79,3,32.4,43.9,,run
2026-07-28T20:35:35+03:00,1785260135,13431,79,3,32.4,41.7,,run
2026-07-28T20:35:40+03:00,1785260140,13436,79,3,32.4,42.6,,run
2026-07-28T20:35:45+03:00,1785260145,13441,79,3,32.4,42.0,,run
2026-07-28T20:35:50+03:00,1785260150,13446,79,3,32.4,42.0,,run
2026-07-28T20:35:55+03:00,1785260155,13451,79,3,32.4,42.0,,run
2026-07-28T20:36:01+03:00,1785260161,13457,79,3,32.4,42.6,,run
2026-07-28T20:36:06+03:00,1785260166,13462,79,3,32.4,42.3,,run
2026-07-28T20:36:11+03:00,1785260171,13467,79,3,32.4,41.7,,run
2026-07-28T20:36:16+03:00,1785260176,13472,79,3,32.4,44.8,,run
2026-07-28T20:36:21+03:00,1785260181,13477,79,3,32.4,47.3,,run
2026-07-28T20:36:27+03:00,1785260187,13483,79,3,32.4,44.2,,run
2026-07-28T20:36:32+03:00,1785260192,13488,79,3,32.4,43.9,,run
2026-07-28T20:36:37+03:00,1785260197,13493,79,3,32.4,43.2,,run
2026-07-28T20:36:42+03:00,1785260202,13498,79,3,32.4,44.2,,run
2026-07-28T20:36:48+03:00,1785260208,13504,79,3,32.4,42.0,,run
2026-07-28T20:36:53+03:00,1785260213,13509,79,3,32.4,41.1,,run
2026-07-28T20:36:58+03:00,1785260218,13514,79,3,32.4,41.1,,run
2026-07-28T20:37:03+03:00,1785260223,13519,79,3,32.4,47.3,,run
2026-07-28T20:37:08+03:00,1785260228,13524,79,3,32.4,46.7,,run
2026-07-28T20:37:14+03:00,1785260234,13530,79,3,32.4,45.7,,run
2026-07-28T20:37:19+03:00,1785260239,13535,79,3,32.4,44.2,,run
2026-07-28T20:37:24+03:00,1785260244,13540,79,3,32.4,43.2,,run
2026-07-28T20:37:29+03:00,1785260249,13545,79,3,32.4,44.5,,run
2026-07-28T20:37:35+03:00,1785260255,13551,79,3,32.4,42.3,,run
2026-07-28T20:37:40+03:00,1785260260,13556,79,3,32.4,42.0,,run
2026-07-28T20:37:45+03:00,1785260265,13561,79,3,32.4,42.0,,run
2026-07-28T20:37:50+03:00,1785260270,13566,79,3,32.4,42.0,,run
2026-07-28T20:37:55+03:00,1785260275,13571,79,3,32.1,42.0,,run
2026-07-28T20:38:01+03:00,1785260281,13577,79,3,32.1,41.1,,run
2026-07-28T20:38:06+03:00,1785260286,13582,79,3,32.1,41.1,,run
2026-07-28T20:38:11+03:00,1785260291,13587,79,3,32.1,40.5,,run
2026-07-28T20:38:16+03:00,1785260296,13592,79,3,32.1,41.4,,run
2026-07-28T20:38:22+03:00,1785260302,13598,79,3,32.1,43.9,,run
2026-07-28T20:38:27+03:00,1785260307,13603,79,3,32.1,46.0,,run
2026-07-28T20:38:32+03:00,1785260312,13608,79,3,32.1,44.5,,run
2026-07-28T20:38:37+03:00,1785260317,13613,79,3,32.1,43.6,,run
2026-07-28T20:38:42+03:00,1785260322,13618,79,3,32.1,41.4,,run
2026-07-28T20:38:48+03:00,1785260328,13624,79,3,32.1,40.8,,run
2026-07-28T20:38:53+03:00,1785260333,13629,79,3,32.1,48.2,,run
2026-07-28T20:38:58+03:00,1785260338,13634,79,3,32.1,44.5,,run
2026-07-28T20:39:03+03:00,1785260343,13639,79,3,32.1,42.0,,run
2026-07-28T20:39:09+03:00,1785260349,13645,79,3,32.1,42.3,,run
2026-07-28T20:39:14+03:00,1785260354,13650,79,3,32.1,46.0,,run
2026-07-28T20:39:19+03:00,1785260359,13655,79,3,32.1,44.8,,run
2026-07-28T20:39:24+03:00,1785260364,13660,79,3,32.1,42.6,,end
2026-07-28T21:04:49+03:00,1785261889,15185,82,3,33.1,49.7,,run
2026-07-28T21:04:55+03:00,1785261895,15191,82,3,33.1,41.7,,run
2026-07-28T21:05:00+03:00,1785261900,15196,82,3,33.1,46.0,,run
2026-07-28T21:05:05+03:00,1785261905,15201,82,3,33.1,42.3,,run
2026-07-28T21:05:11+03:00,1785261911,15207,82,3,33.1,46.0,,run
2026-07-28T21:05:17+03:00,1785261917,15213,82,3,33.1,52.2,,run
2026-07-28T21:05:22+03:00,1785261922,15218,82,3,33.1,41.4,,run
2026-07-28T21:05:27+03:00,1785261927,15223,82,3,33.1,41.4,,run
2026-07-28T21:05:33+03:00,1785261933,15229,82,3,33.1,39.2,,run
2026-07-28T21:05:38+03:00,1785261938,15234,82,3,33.1,39.5,,run
2026-07-28T21:05:44+03:00,1785261944,15240,82,3,33.1,40.8,,run
2026-07-28T21:05:49+03:00,1785261949,15245,82,3,33.1,42.3,,run
2026-07-28T21:05:55+03:00,1785261955,15251,82,3,33.1,43.6,,run
2026-07-28T21:06:00+03:00,1785261960,15256,82,3,33.1,45.7,,run
2026-07-28T21:06:05+03:00,1785261965,15261,82,3,33.1,47.3,,run
2026-07-28T21:06:11+03:00,1785261971,15267,82,3,33.1,47.0,,run
2026-07-28T21:06:16+03:00,1785261976,15272,82,3,33.1,43.6,,run
2026-07-28T21:06:21+03:00,1785261981,15277,82,3,33.1,45.4,,run
2026-07-28T21:06:26+03:00,1785261986,15282,82,3,33.1,43.6,,run
2026-07-28T21:06:32+03:00,1785261992,15288,82,3,33.1,53.1,,run
2026-07-28T21:06:37+03:00,1785261997,15293,82,3,33.1,47.3,,run
2026-07-28T21:06:43+03:00,1785262003,15299,82,3,33.1,41.7,,run
2026-07-28T21:06:48+03:00,1785262008,15304,82,3,33.1,38.9,,run
2026-07-28T21:06:54+03:00,1785262014,15310,82,3,33.1,38.6,,run
2026-07-28T21:06:59+03:00,1785262019,15315,82,3,33.1,39.5,,run
2026-07-28T21:07:05+03:00,1785262025,15321,82,3,33.1,38.0,,run
2026-07-28T21:07:10+03:00,1785262030,15326,82,3,33.1,38.6,,run
2026-07-28T21:07:16+03:00,1785262036,15332,82,3,33.1,51.3,,run
2026-07-28T21:07:21+03:00,1785262041,15337,82,3,33.1,43.6,,run
2026-07-28T21:07:27+03:00,1785262047,15343,82,3,33.1,40.5,,run
2026-07-28T21:07:32+03:00,1785262052,15348,82,3,33.1,48.8,,run
2026-07-28T21:07:37+03:00,1785262057,15353,82,3,33.1,44.8,,run
2026-07-28T21:07:43+03:00,1785262063,15359,82,3,33.1,44.2,,run
2026-07-28T21:07:48+03:00,1785262068,15364,82,3,33.1,42.0,,run
2026-07-28T21:07:54+03:00,1785262074,15370,82,3,33.1,42.6,,run
2026-07-28T21:07:59+03:00,1785262079,15375,82,3,33.1,42.6,,run
2026-07-28T21:08:04+03:00,1785262084,15380,82,3,33.1,42.9,,run
2026-07-28T21:08:10+03:00,1785262090,15386,82,3,33.1,43.9,,run
2026-07-28T21:08:15+03:00,1785262095,15391,82,3,33.1,44.2,,run
2026-07-28T21:08:20+03:00,1785262100,15396,81,3,32.9,42.3,,run
2026-07-28T21:08:26+03:00,1785262106,15402,81,3,32.9,42.3,,run
2026-07-28T21:08:31+03:00,1785262111,15407,81,3,32.9,50.1,,run
2026-07-28T21:08:37+03:00,1785262117,15413,81,3,32.9,44.5,,run
2026-07-28T21:08:42+03:00,1785262122,15418,81,3,32.9,40.2,,run
2026-07-28T21:08:47+03:00,1785262127,15423,81,3,32.9,39.8,,run
2026-07-28T21:08:53+03:00,1785262133,15429,81,3,32.9,38.6,,run
2026-07-28T21:08:59+03:00,1785262139,15435,81,3,32.9,38.6,,run
2026-07-28T21:09:04+03:00,1785262144,15440,81,3,32.9,38.3,,run
2026-07-28T21:09:10+03:00,1785262150,15446,81,3,32.9,37.7,,run
2026-07-28T21:09:15+03:00,1785262155,15451,81,3,32.9,52.2,,run
2026-07-28T21:09:21+03:00,1785262161,15457,81,3,32.9,42.3,,run
2026-07-28T21:09:26+03:00,1785262166,15462,81,3,32.9,41.7,,run
2026-07-28T21:09:32+03:00,1785262172,15468,81,3,32.9,45.7,,run
2026-07-28T21:09:37+03:00,1785262177,15473,81,3,32.9,44.5,,run
2026-07-28T21:09:42+03:00,1785262182,15478,81,3,32.9,42.6,,run
2026-07-28T21:09:48+03:00,1785262188,15484,81,3,32.9,40.8,,run
2026-07-28T21:09:53+03:00,1785262193,15489,81,3,32.9,38.9,,run
2026-07-28T21:09:59+03:00,1785262199,15495,81,3,32.9,45.7,,run
2026-07-28T21:10:04+03:00,1785262204,15500,81,3,32.9,41.7,,run
2026-07-28T21:10:09+03:00,1785262209,15505,81,3,32.9,39.8,,run
2026-07-28T21:10:15+03:00,1785262215,15511,81,3,32.9,38.6,,run
2026-07-28T21:10:20+03:00,1785262220,15516,81,3,32.9,38.6,,run
2026-07-28T21:10:26+03:00,1785262226,15522,81,3,32.9,39.5,,run
2026-07-28T21:10:31+03:00,1785262231,15527,81,3,32.9,42.6,,run
2026-07-28T21:10:37+03:00,1785262237,15533,81,3,32.9,43.6,,run
2026-07-28T21:10:42+03:00,1785262242,15538,81,3,32.9,43.9,,run
2026-07-28T21:10:48+03:00,1785262248,15544,81,3,32.9,42.3,,run
2026-07-28T21:10:53+03:00,1785262253,15549,81,3,32.9,39.2,,run
2026-07-28T21:10:59+03:00,1785262259,15555,81,3,32.9,41.1,,run
2026-07-28T21:11:04+03:00,1785262264,15560,81,3,32.9,44.5,,run
2026-07-28T21:11:09+03:00,1785262269,15565,81,3,32.9,41.7,,run
2026-07-28T21:11:15+03:00,1785262275,15571,81,3,32.9,46.0,,run
2026-07-28T21:11:20+03:00,1785262280,15576,81,3,32.9,52.5,,run
2026-07-28T21:11:25+03:00,1785262285,15581,81,3,32.9,42.9,,run
2026-07-28T21:11:31+03:00,1785262291,15587,81,3,32.9,42.6,,run
2026-07-28T21:11:36+03:00,1785262296,15592,81,3,32.9,41.4,,run
2026-07-28T21:11:42+03:00,1785262302,15598,81,3,32.9,42.6,,run
2026-07-28T21:11:47+03:00,1785262307,15603,81,3,32.9,44.2,,run
2026-07-28T21:11:52+03:00,1785262312,15608,81,3,32.9,47.3,,run
2026-07-28T21:11:58+03:00,1785262318,15614,81,3,32.9,45.4,,run
2026-07-28T21:12:03+03:00,1785262323,15619,81,3,32.9,39.8,,run
2026-07-28T21:12:09+03:00,1785262329,15625,81,3,32.9,40.8,,run
2026-07-28T21:12:14+03:00,1785262334,15630,81,3,32.9,44.2,,run
2026-07-28T21:12:19+03:00,1785262339,15635,81,3,32.9,46.0,,run
2026-07-28T21:12:24+03:00,1785262344,15640,81,3,32.9,42.6,,run
2026-07-28T21:12:30+03:00,1785262350,15646,81,3,32.9,42.6,,run
2026-07-28T21:12:35+03:00,1785262355,15651,81,3,32.9,53.5,,run
2026-07-28T21:12:41+03:00,1785262361,15657,81,3,32.9,49.7,,run
2026-07-28T21:12:46+03:00,1785262366,15662,81,3,32.9,45.7,,run
2026-07-28T21:12:51+03:00,1785262371,15667,81,3,32.9,44.5,,run
2026-07-28T21:12:57+03:00,1785262377,15673,81,3,32.9,42.9,,run
2026-07-28T21:13:02+03:00,1785262382,15678,81,3,32.9,42.0,,run
2026-07-28T21:13:08+03:00,1785262388,15684,81,3,32.9,39.8,,run
2026-07-28T21:13:13+03:00,1785262393,15689,81,3,32.9,39.2,,run
2026-07-28T21:13:18+03:00,1785262398,15694,81,3,32.9,40.5,,run
2026-07-28T21:13:24+03:00,1785262404,15700,81,3,32.9,45.4,,run
2026-07-28T21:13:30+03:00,1785262410,15706,81,3,32.9,39.2,,run
2026-07-28T21:13:35+03:00,1785262415,15711,81,3,32.9,42.9,,run
2026-07-28T21:13:40+03:00,1785262420,15716,81,3,32.9,44.2,,run
2026-07-28T21:13:46+03:00,1785262426,15722,81,3,32.9,47.0,,run
2026-07-28T21:13:51+03:00,1785262431,15727,81,3,32.9,42.6,,run
2026-07-28T21:13:56+03:00,1785262436,15732,81,3,32.9,39.8,,run
2026-07-28T21:14:02+03:00,1785262442,15738,81,3,32.9,38.9,,run
2026-07-28T21:14:08+03:00,1785262448,15744,81,3,32.9,38.6,,run
2026-07-28T21:14:13+03:00,1785262453,15749,81,3,32.9,39.2,,run
2026-07-28T21:14:19+03:00,1785262459,15755,81,3,32.9,39.8,,run
2026-07-28T21:14:24+03:00,1785262464,15760,81,3,32.9,44.2,,run
2026-07-28T21:14:29+03:00,1785262469,15765,81,3,32.9,44.5,,run
2026-07-28T21:14:35+03:00,1785262475,15771,81,3,32.9,54.4,,run
2026-07-28T21:14:40+03:00,1785262480,15776,81,3,32.9,45.1,,run
2026-07-28T21:14:46+03:00,1785262486,15782,81,3,32.9,41.7,,run
2026-07-28T21:14:51+03:00,1785262491,15787,81,3,32.6,41.7,,run
2026-07-28T21:14:56+03:00,1785262496,15792,81,3,32.6,42.0,,run
2026-07-28T21:15:02+03:00,1785262502,15798,81,3,32.6,42.3,,run
2026-07-28T21:15:07+03:00,1785262507,15803,81,3,32.6,41.7,,run
2026-07-28T21:15:13+03:00,1785262513,15809,81,3,32.6,41.4,,run
2026-07-28T21:15:18+03:00,1785262518,15814,81,3,32.6,38.6,,run
2026-07-28T21:15:23+03:00,1785262523,15819,81,3,32.6,39.2,,run
2026-07-28T21:15:29+03:00,1785262529,15825,81,3,32.6,40.2,,run
2026-07-28T21:15:34+03:00,1785262534,15830,81,3,32.6,47.3,,run
2026-07-28T21:15:40+03:00,1785262540,15836,81,3,32.6,39.2,,run
2026-07-28T21:15:45+03:00,1785262545,15841,81,3,32.6,42.0,,run
2026-07-28T21:15:51+03:00,1785262551,15847,81,3,32.6,43.2,,run
2026-07-28T21:15:56+03:00,1785262556,15852,81,3,32.6,40.8,,run
2026-07-28T21:16:02+03:00,1785262562,15858,81,3,32.6,40.2,,run
2026-07-28T21:16:07+03:00,1785262567,15863,81,3,32.6,40.5,,run
2026-07-28T21:16:13+03:00,1785262573,15869,81,3,32.6,41.1,,run
2026-07-28T21:16:18+03:00,1785262578,15874,81,3,32.6,42.9,,run
2026-07-28T21:16:23+03:00,1785262583,15879,81,3,32.6,41.7,,run
2026-07-28T21:16:29+03:00,1785262589,15885,81,3,32.6,41.4,,run
2026-07-28T21:16:34+03:00,1785262594,15890,81,3,32.6,46.3,,run
2026-07-28T21:16:39+03:00,1785262599,15895,81,3,32.6,44.8,,run
2026-07-28T21:16:45+03:00,1785262605,15901,81,3,32.6,41.7,,run
2026-07-28T21:16:50+03:00,1785262610,15906,81,3,32.6,53.5,,run
2026-07-28T21:16:55+03:00,1785262615,15911,81,3,32.6,45.7,,run
2026-07-28T21:17:01+03:00,1785262621,15917,81,3,32.6,43.2,,run
2026-07-28T21:17:06+03:00,1785262626,15922,81,3,32.6,42.6,,run
2026-07-28T21:17:11+03:00,1785262631,15927,81,3,32.6,42.6,,run
2026-07-28T21:17:17+03:00,1785262637,15933,81,3,32.6,43.6,,run
2026-07-28T21:17:22+03:00,1785262642,15938,81,3,32.6,47.0,,run
2026-07-28T21:17:28+03:00,1785262648,15944,81,3,32.6,42.6,,run
2026-07-28T21:17:33+03:00,1785262653,15949,81,3,32.6,42.0,,run
2026-07-28T21:17:38+03:00,1785262658,15954,81,3,32.6,38.9,,run
2026-07-28T21:17:44+03:00,1785262664,15960,81,3,32.6,40.2,,run
2026-07-28T21:17:49+03:00,1785262669,15965,81,3,32.6,38.9,,run
2026-07-28T21:17:55+03:00,1785262675,15971,81,3,32.6,45.1,,run
2026-07-28T21:18:00+03:00,1785262680,15976,81,3,32.6,40.8,,run
2026-07-28T21:18:06+03:00,1785262686,15982,81,3,32.6,45.4,,run
2026-07-28T21:18:11+03:00,1785262691,15987,81,3,32.6,43.9,,run
2026-07-28T21:18:16+03:00,1785262696,15992,81,3,32.6,47.0,,run
2026-07-28T21:18:22+03:00,1785262702,15998,81,3,32.6,41.7,,run
2026-07-28T21:18:27+03:00,1785262707,16003,81,3,32.6,47.6,,run
2026-07-28T21:18:32+03:00,1785262712,16008,81,3,32.6,53.5,,run
2026-07-28T21:18:38+03:00,1785262718,16014,81,3,32.6,54.1,,run
2026-07-28T21:18:43+03:00,1785262723,16019,81,3,32.6,49.7,,run
2026-07-28T21:18:49+03:00,1785262729,16025,81,3,32.6,46.3,,run
2026-07-28T21:18:54+03:00,1785262734,16030,81,3,32.6,41.7,,run
2026-07-28T21:18:59+03:00,1785262739,16035,81,3,32.6,39.8,,run
2026-07-28T21:19:05+03:00,1785262745,16041,81,3,32.6,42.3,,run
2026-07-28T21:19:10+03:00,1785262750,16046,81,3,32.6,39.8,,run
2026-07-28T21:19:16+03:00,1785262756,16052,81,3,32.6,38.3,,run
2026-07-28T21:19:21+03:00,1785262761,16057,81,3,32.6,47.3,,run
2026-07-28T21:19:27+03:00,1785262767,16063,81,3,32.6,47.9,,run
2026-07-28T21:19:32+03:00,1785262772,16068,81,3,32.6,44.2,,run
2026-07-28T21:19:38+03:00,1785262778,16074,81,3,32.6,43.9,,run
2026-07-28T21:19:43+03:00,1785262783,16079,81,3,32.6,44.2,,run
2026-07-28T21:19:48+03:00,1785262788,16084,81,3,32.6,45.1,,run
2026-07-28T21:19:54+03:00,1785262794,16090,81,3,32.6,43.2,,run
2026-07-28T21:19:59+03:00,1785262799,16095,81,3,32.6,43.2,,run
2026-07-28T21:20:04+03:00,1785262804,16100,81,3,32.6,44.2,,run
2026-07-28T21:20:10+03:00,1785262810,16106,81,3,32.6,43.2,,run
2026-07-28T21:20:15+03:00,1785262815,16111,81,3,32.6,42.9,,run
2026-07-28T21:20:20+03:00,1785262820,16116,81,3,32.6,42.9,,run
2026-07-28T21:20:26+03:00,1785262826,16122,81,3,32.6,43.2,,run
2026-07-28T21:20:31+03:00,1785262831,16127,81,3,32.6,42.6,,run
2026-07-28T21:20:36+03:00,1785262836,16132,81,3,32.6,42.0,,run
2026-07-28T21:20:42+03:00,1785262842,16138,81,3,32.6,39.2,,run
2026-07-28T21:20:47+03:00,1785262847,16143,81,3,32.6,44.8,,run
2026-07-28T21:20:52+03:00,1785262852,16148,81,3,32.6,42.3,,run
2026-07-28T21:20:58+03:00,1785262858,16154,81,3,32.6,42.0,,run
2026-07-28T21:21:03+03:00,1785262863,16159,81,3,32.6,41.7,,run
2026-07-28T21:21:08+03:00,1785262868,16164,81,3,32.6,41.1,,run
2026-07-28T21:21:14+03:00,1785262874,16170,81,3,32.6,39.2,,run
2026-07-28T21:21:19+03:00,1785262879,16175,81,3,32.6,39.8,,run
2026-07-28T21:21:25+03:00,1785262885,16181,81,3,32.6,38.3,,run
2026-07-28T21:21:30+03:00,1785262890,16186,81,3,32.6,38.3,,run
2026-07-28T21:21:36+03:00,1785262896,16192,81,3,32.6,38.0,,run
2026-07-28T21:21:41+03:00,1785262901,16197,81,3,32.6,37.7,,run
2026-07-28T21:21:47+03:00,1785262907,16203,81,3,32.6,38.3,,run
2026-07-28T21:21:52+03:00,1785262912,16208,81,3,32.6,40.2,,run
2026-07-28T21:21:58+03:00,1785262918,16214,81,3,32.6,40.5,,run
2026-07-28T21:22:03+03:00,1785262923,16219,81,3,32.6,41.1,,run
2026-07-28T21:22:09+03:00,1785262929,16225,81,3,32.6,42.3,,run
2026-07-28T21:22:14+03:00,1785262934,16230,80,3,32.5,42.0,,run
2026-07-28T21:22:19+03:00,1785262939,16235,80,3,32.5,42.3,,run
2026-07-28T21:22:25+03:00,1785262945,16241,80,3,32.5,41.4,,run
2026-07-28T21:22:30+03:00,1785262950,16246,80,3,32.5,38.6,,run
2026-07-28T21:22:35+03:00,1785262955,16251,80,3,32.5,39.5,,run
2026-07-28T21:22:41+03:00,1785262961,16257,80,3,32.5,38.3,,run
2026-07-28T21:22:46+03:00,1785262966,16262,80,3,32.5,37.4,,run
2026-07-28T21:22:52+03:00,1785262972,16268,80,3,32.5,41.1,,run
2026-07-28T21:22:57+03:00,1785262977,16273,80,3,32.5,39.5,,run
2026-07-28T21:23:03+03:00,1785262983,16279,80,3,32.5,38.3,,run
2026-07-28T21:23:09+03:00,1785262989,16285,80,3,32.5,38.0,,run
2026-07-28T21:23:14+03:00,1785262994,16290,80,3,32.5,40.2,,run
2026-07-28T21:23:19+03:00,1785262999,16295,80,3,32.5,40.8,,run
2026-07-28T21:23:25+03:00,1785263005,16301,80,3,32.5,43.6,,run
2026-07-28T21:23:30+03:00,1785263010,16306,80,3,32.5,41.4,,run
2026-07-28T21:23:35+03:00,1785263015,16311,80,3,32.5,41.4,,run
2026-07-28T21:23:41+03:00,1785263021,16317,80,3,32.5,39.5,,run
2026-07-28T21:23:46+03:00,1785263026,16322,80,3,32.5,47.6,,run
2026-07-28T21:23:52+03:00,1785263032,16328,80,3,32.5,38.9,,run
2026-07-28T21:23:57+03:00,1785263037,16333,80,3,32.5,38.6,,run
2026-07-28T21:24:03+03:00,1785263043,16339,80,3,32.5,38.0,,run
2026-07-28T21:24:09+03:00,1785263049,16345,80,3,32.5,37.1,,run
2026-07-28T21:24:14+03:00,1785263054,16350,80,3,32.5,39.2,,run
2026-07-28T21:24:20+03:00,1785263060,16356,80,3,32.5,44.2,,run
2026-07-28T21:24:25+03:00,1785263065,16361,80,3,32.5,41.7,,run
2026-07-28T21:24:30+03:00,1785263070,16366,80,3,32.5,43.9,,run
2026-07-28T21:24:36+03:00,1785263076,16372,80,3,32.5,40.5,,run
2026-07-28T21:24:41+03:00,1785263081,16377,80,3,32.5,38.6,,run
2026-07-28T21:24:47+03:00,1785263087,16383,80,3,32.5,38.9,,run
2026-07-28T21:24:52+03:00,1785263092,16388,80,3,32.4,38.3,,run
2026-07-28T21:24:58+03:00,1785263098,16394,80,3,32.4,37.7,,run
2026-07-28T21:25:03+03:00,1785263103,16399,80,3,32.4,38.3,,run
2026-07-28T21:25:09+03:00,1785263109,16405,80,3,32.4,37.4,,run
2026-07-28T21:25:14+03:00,1785263114,16410,80,3,32.4,40.2,,run
2026-07-28T21:25:20+03:00,1785263120,16416,80,3,32.4,39.8,,run
2026-07-28T21:25:25+03:00,1785263125,16421,80,3,32.4,41.4,,run
2026-07-28T21:25:31+03:00,1785263131,16427,80,3,32.4,47.3,,run
2026-07-28T21:25:36+03:00,1785263136,16432,80,3,32.4,44.2,,run
2026-07-28T21:25:41+03:00,1785263141,16437,80,3,32.4,46.7,,run
2026-07-28T21:25:47+03:00,1785263147,16443,80,3,32.4,41.1,,run
2026-07-28T21:25:52+03:00,1785263152,16448,80,3,32.4,45.1,,run
2026-07-28T21:25:57+03:00,1785263157,16453,80,3,32.4,44.5,,run
2026-07-28T21:26:03+03:00,1785263163,16459,80,3,32.4,40.8,,run
2026-07-28T21:26:09+03:00,1785263169,16465,80,3,32.4,38.3,,run
2026-07-28T21:26:14+03:00,1785263174,16470,80,3,32.4,37.7,,run
2026-07-28T21:26:20+03:00,1785263180,16476,80,3,32.4,50.1,,run
2026-07-28T21:26:25+03:00,1785263185,16481,80,3,32.4,41.4,,run
2026-07-28T21:26:31+03:00,1785263191,16487,80,3,32.4,39.8,,run
2026-07-28T21:26:36+03:00,1785263196,16492,80,3,32.4,38.3,,run
2026-07-28T21:26:42+03:00,1785263202,16498,80,3,32.4,38.0,,run
2026-07-28T21:26:47+03:00,1785263207,16503,80,3,32.4,46.7,,run
2026-07-28T21:26:53+03:00,1785263213,16509,80,3,32.4,42.9,,run
2026-07-28T21:26:58+03:00,1785263218,16514,80,3,32.4,41.4,,run
2026-07-28T21:27:03+03:00,1785263223,16519,80,3,32.4,42.0,,run
2026-07-28T21:27:09+03:00,1785263229,16525,80,3,32.4,42.6,,run
2026-07-28T21:27:14+03:00,1785263234,16530,80,3,32.4,41.7,,run
2026-07-28T21:27:19+03:00,1785263239,16535,80,3,32.4,43.6,,run
2026-07-28T21:27:25+03:00,1785263245,16541,80,3,32.4,46.7,,run
2026-07-28T21:27:30+03:00,1785263250,16546,80,3,32.4,45.7,,run
2026-07-28T21:27:35+03:00,1785263255,16551,80,3,32.4,50.4,,run
2026-07-28T21:27:40+03:00,1785263260,16556,80,3,32.4,50.7,,run
2026-07-28T21:27:46+03:00,1785263266,16562,80,3,32.4,46.7,,run
2026-07-28T21:27:51+03:00,1785263271,16567,80,3,32.4,39.8,,run
2026-07-28T21:27:57+03:00,1785263277,16573,80,3,32.4,40.5,,run
2026-07-28T21:28:02+03:00,1785263282,16578,80,3,32.4,45.1,,run
2026-07-28T21:28:07+03:00,1785263287,16583,80,3,32.4,47.9,,run
2026-07-28T21:28:13+03:00,1785263293,16589,80,3,32.4,43.2,,run
2026-07-28T21:28:18+03:00,1785263298,16594,80,3,32.4,46.7,,run
2026-07-28T21:28:23+03:00,1785263303,16599,80,3,32.4,53.5,,run
2026-07-28T21:28:29+03:00,1785263309,16605,80,3,32.4,51.6,,run
2026-07-28T21:28:34+03:00,1785263314,16610,80,3,32.4,47.3,,run
2026-07-28T21:28:40+03:00,1785263320,16616,80,3,32.4,44.5,,run
2026-07-28T21:28:45+03:00,1785263325,16621,80,3,32.4,45.4,,run
2026-07-28T21:28:50+03:00,1785263330,16626,80,3,32.4,48.5,,run
2026-07-28T21:28:56+03:00,1785263336,16632,80,3,32.4,42.0,,run
2026-07-28T21:29:01+03:00,1785263341,16637,80,3,32.4,39.5,,run
2026-07-28T21:29:07+03:00,1785263347,16643,80,3,32.4,42.0,,run
2026-07-28T21:29:12+03:00,1785263352,16648,80,3,32.4,47.6,,run
2026-07-28T21:29:17+03:00,1785263357,16653,80,3,32.4,49.4,,run
2026-07-28T21:29:23+03:00,1785263363,16659,80,3,32.4,44.2,,run
2026-07-28T21:29:28+03:00,1785263368,16664,80,3,32.4,43.6,,run
2026-07-28T21:29:33+03:00,1785263373,16669,80,3,32.4,43.9,,run
2026-07-28T21:29:39+03:00,1785263379,16675,80,3,32.4,47.3,,run
2026-07-28T21:29:44+03:00,1785263384,16680,80,3,32.4,50.4,,run
2026-07-28T21:29:49+03:00,1785263389,16685,80,3,32.4,47.0,,run
2026-07-28T21:29:55+03:00,1785263395,16691,80,3,32.4,42.0,,run
2026-07-28T21:30:00+03:00,1785263400,16696,80,3,32.4,39.2,,run
2026-07-28T21:30:06+03:00,1785263406,16702,80,3,32.4,46.7,,run
2026-07-28T21:30:11+03:00,1785263411,16707,80,3,32.4,42.6,,run
2026-07-28T21:30:16+03:00,1785263416,16712,80,3,32.4,38.3,,run
2026-07-28T21:30:22+03:00,1785263422,16718,80,3,32.4,39.2,,run
2026-07-28T21:30:27+03:00,1785263427,16723,80,3,32.4,46.3,,run
2026-07-28T21:30:33+03:00,1785263433,16729,80,3,32.4,47.3,,run
2026-07-28T21:30:38+03:00,1785263438,16734,80,3,32.4,48.2,,run
2026-07-28T21:30:44+03:00,1785263444,16740,80,3,32.4,42.6,,run
2026-07-28T21:30:49+03:00,1785263449,16745,80,3,32.4,39.5,,run
2026-07-28T21:30:55+03:00,1785263455,16751,80,3,32.4,38.9,,run
2026-07-28T21:31:00+03:00,1785263460,16756,80,3,32.4,39.2,,run
2026-07-28T21:31:06+03:00,1785263466,16762,80,3,32.4,41.1,,run
2026-07-28T21:31:11+03:00,1785263471,16767,80,3,32.4,41.4,,run
2026-07-28T21:31:17+03:00,1785263477,16773,80,3,32.4,42.9,,run
2026-07-28T21:31:22+03:00,1785263482,16778,80,3,32.4,44.5,,run
2026-07-28T21:31:27+03:00,1785263487,16783,80,3,32.4,47.0,,run
2026-07-28T21:31:32+03:00,1785263492,16788,80,3,32.4,46.0,,run
2026-07-28T21:31:38+03:00,1785263498,16794,80,3,32.4,43.9,,run
2026-07-28T21:31:43+03:00,1785263503,16799,80,3,32.4,50.4,,run
2026-07-28T21:31:48+03:00,1785263508,16804,80,3,32.4,45.1,,run
2026-07-28T21:31:54+03:00,1785263514,16810,80,3,32.4,42.3,,run
2026-07-28T21:31:59+03:00,1785263519,16815,80,3,32.4,41.4,,run
2026-07-28T21:32:05+03:00,1785263525,16821,80,3,32.4,42.0,,run
2026-07-28T21:32:10+03:00,1785263530,16826,80,3,32.4,43.9,,run
2026-07-28T21:32:15+03:00,1785263535,16831,80,3,32.4,52.5,,run
2026-07-28T21:32:21+03:00,1785263541,16837,80,3,32.4,43.9,,run
2026-07-28T21:32:26+03:00,1785263546,16842,80,3,32.4,42.6,,run
2026-07-28T21:32:31+03:00,1785263551,16847,80,3,32.4,44.2,,run
2026-07-28T21:32:37+03:00,1785263557,16853,80,3,32.4,42.6,,run
2026-07-28T21:32:42+03:00,1785263562,16858,80,3,32.4,44.5,,run
2026-07-28T21:32:47+03:00,1785263567,16863,80,3,32.4,47.9,,run
2026-07-28T21:32:53+03:00,1785263573,16869,80,3,32.4,45.7,,run
2026-07-28T21:32:58+03:00,1785263578,16874,80,3,32.4,42.9,,run
2026-07-28T21:33:03+03:00,1785263583,16879,80,3,32.4,43.2,,run
2026-07-28T21:33:09+03:00,1785263589,16885,80,3,32.4,42.6,,run
2026-07-28T21:33:14+03:00,1785263594,16890,80,3,32.4,41.1,,run
2026-07-28T21:33:19+03:00,1785263599,16895,80,3,32.4,41.4,,run
2026-07-28T21:33:25+03:00,1785263605,16901,80,3,32.4,38.6,,run
2026-07-28T21:33:30+03:00,1785263610,16906,80,3,32.4,49.7,,run
2026-07-28T21:33:36+03:00,1785263616,16912,80,3,32.4,49.7,,run
2026-07-28T21:33:41+03:00,1785263621,16917,80,3,32.4,48.2,,run
2026-07-28T21:33:46+03:00,1785263626,16922,80,3,32.4,45.1,,run
2026-07-28T21:33:52+03:00,1785263632,16928,80,3,32.4,40.8,,run
2026-07-28T21:33:57+03:00,1785263637,16933,80,3,32.4,47.6,,run
2026-07-28T21:34:03+03:00,1785263643,16939,79,3,32.8,42.9,,run
2026-07-28T21:34:08+03:00,1785263648,16944,79,3,32.8,40.2,,run
2026-07-28T21:34:14+03:00,1785263654,16950,79,3,32.8,38.9,,run
2026-07-28T21:34:20+03:00,1785263660,16956,79,3,32.8,38.9,,run
2026-07-28T21:34:25+03:00,1785263665,16961,79,3,32.8,39.5,,run
2026-07-28T21:34:31+03:00,1785263671,16967,79,3,32.8,40.5,,run
2026-07-28T21:34:36+03:00,1785263676,16972,79,3,32.8,40.5,,run
2026-07-28T21:34:41+03:00,1785263681,16977,79,3,32.8,42.0,,run
2026-07-28T21:34:47+03:00,1785263687,16983,79,3,32.8,42.3,,run
2026-07-28T21:34:52+03:00,1785263692,16988,79,3,32.5,42.3,,run
2026-07-28T21:34:57+03:00,1785263697,16993,79,3,32.5,44.5,,run
2026-07-28T21:35:03+03:00,1785263703,16999,79,3,32.5,47.3,,run
2026-07-28T21:35:08+03:00,1785263708,17004,79,3,32.5,45.4,,run
2026-07-28T21:35:13+03:00,1785263713,17009,79,3,32.5,52.8,,run
2026-07-28T21:35:19+03:00,1785263719,17015,79,3,32.5,43.9,,run
2026-07-28T21:35:24+03:00,1785263724,17020,79,3,32.5,46.3,,run
2026-07-28T21:35:30+03:00,1785263730,17026,79,3,32.5,42.0,,run
2026-07-28T21:35:35+03:00,1785263735,17031,79,3,32.5,41.7,,run
2026-07-28T21:35:40+03:00,1785263740,17036,79,3,32.5,42.0,,run
2026-07-28T21:35:46+03:00,1785263746,17042,79,3,32.5,43.9,,run
2026-07-28T21:35:51+03:00,1785263751,17047,79,3,32.5,44.5,,run
2026-07-28T21:35:57+03:00,1785263757,17053,79,3,32.5,45.4,,run
2026-07-28T21:36:03+03:00,1785263763,17059,79,3,32.5,51.6,,run
2026-07-28T21:36:09+03:00,1785263769,17065,79,3,32.5,41.7,,run
2026-07-28T21:36:14+03:00,1785263774,17070,79,3,32.5,39.2,,run
2026-07-28T21:36:20+03:00,1785263780,17076,79,3,32.5,41.4,,end
2026-07-29T00:19:15+03:00,1785273555,26851,83,3,32.5,54.4,,run
2026-07-29T00:19:21+03:00,1785273561,26857,83,3,32.5,50.4,,run
2026-07-29T00:19:26+03:00,1785273566,26862,83,3,32.5,50.1,,run
2026-07-29T00:19:31+03:00,1785273571,26867,83,3,32.5,45.4,,run
2026-07-29T00:19:37+03:00,1785273577,26873,83,3,32.5,43.9,,run
2026-07-29T00:19:42+03:00,1785273582,26878,83,3,32.5,41.7,,run
2026-07-29T00:19:47+03:00,1785273587,26883,83,3,32.5,38.9,,run
2026-07-29T00:19:53+03:00,1785273593,26889,83,3,32.5,51.3,,run
2026-07-29T00:19:59+03:00,1785273599,26895,83,3,32.5,49.1,,run
2026-07-29T00:20:04+03:00,1785273604,26900,83,3,32.5,50.7,,run
2026-07-29T00:20:09+03:00,1785273609,26905,83,3,32.5,43.9,,run
2026-07-29T00:20:15+03:00,1785273615,26911,83,3,32.5,42.6,,run
2026-07-29T00:20:20+03:00,1785273620,26916,83,3,32.5,40.5,,run
2026-07-29T00:20:26+03:00,1785273626,26922,83,3,32.5,39.8,,run
2026-07-29T00:20:31+03:00,1785273631,26927,83,3,32.5,46.7,,run
2026-07-29T00:20:37+03:00,1785273637,26933,83,3,32.5,48.2,,run
2026-07-29T00:20:42+03:00,1785273642,26938,83,3,32.5,44.5,,run
2026-07-29T00:20:47+03:00,1785273647,26943,83,3,32.5,40.8,,run
2026-07-29T00:20:53+03:00,1785273653,26949,83,3,32.5,41.7,,run
2026-07-29T00:20:58+03:00,1785273658,26954,83,3,32.5,41.1,,run
2026-07-29T00:21:04+03:00,1785273664,26960,83,3,32.5,42.0,,run
2026-07-29T00:21:09+03:00,1785273669,26965,83,3,32.5,50.1,,run
2026-07-29T00:21:15+03:00,1785273675,26971,83,3,32.5,47.6,,run
2026-07-29T00:21:21+03:00,1785273681,26977,83,3,32.5,47.9,,run
2026-07-29T00:21:26+03:00,1785273686,26982,83,3,32.5,43.9,,run
2026-07-29T00:21:31+03:00,1785273691,26987,83,3,32.5,42.3,,run
2026-07-29T00:21:37+03:00,1785273697,26993,83,3,32.5,46.3,,run
2026-07-29T00:21:42+03:00,1785273702,26998,83,3,32.5,49.4,,run
2026-07-29T00:21:47+03:00,1785273707,27003,83,3,32.5,45.4,,run
2026-07-29T00:21:53+03:00,1785273713,27009,83,3,32.5,52.2,,run
2026-07-29T00:21:58+03:00,1785273718,27014,83,3,32.5,49.7,,run
2026-07-29T00:22:04+03:00,1785273724,27020,83,3,32.5,46.0,,run
2026-07-29T00:22:09+03:00,1785273729,27025,83,3,32.5,45.1,,run
2026-07-29T00:22:14+03:00,1785273734,27030,83,3,32.5,48.2,,run
2026-07-29T00:22:19+03:00,1785273739,27035,83,3,32.5,44.8,,run
2026-07-29T00:22:25+03:00,1785273745,27041,83,3,32.5,43.2,,run
2026-07-29T00:22:30+03:00,1785273750,27046,83,3,32.5,43.2,,run
2026-07-29T00:22:35+03:00,1785273755,27051,83,3,32.5,44.2,,run
2026-07-29T00:22:41+03:00,1785273761,27057,83,3,32.5,47.3,,run
2026-07-29T00:22:46+03:00,1785273766,27062,83,3,32.5,48.2,,run
2026-07-29T00:22:51+03:00,1785273771,27067,83,3,32.5,46.0,,run
2026-07-29T00:22:57+03:00,1785273777,27073,83,3,32.5,41.4,,run
2026-07-29T00:23:02+03:00,1785273782,27078,83,3,32.5,41.4,,run
2026-07-29T00:23:08+03:00,1785273788,27084,83,3,32.5,48.8,,run
2026-07-29T00:23:13+03:00,1785273793,27089,83,3,32.5,42.6,,run
2026-07-29T00:23:18+03:00,1785273798,27094,83,3,32.5,44.2,,run
2026-07-29T00:23:24+03:00,1785273804,27100,83,3,32.5,42.3,,run
2026-07-29T00:23:29+03:00,1785273809,27105,83,3,32.5,45.1,,run
2026-07-29T00:23:34+03:00,1785273814,27110,83,3,32.5,47.3,,run
2026-07-29T00:23:40+03:00,1785273820,27116,83,3,32.5,43.2,,run
2026-07-29T00:23:45+03:00,1785273825,27121,83,3,32.5,38.9,,run
2026-07-29T00:23:51+03:00,1785273831,27127,83,3,32.5,41.7,,run
2026-07-29T00:23:56+03:00,1785273836,27132,83,3,32.5,52.8,,run
2026-07-29T00:24:01+03:00,1785273841,27137,83,3,32.5,49.1,,run
2026-07-29T00:24:07+03:00,1785273847,27143,83,3,32.5,42.6,,run
2026-07-29T00:24:12+03:00,1785273852,27148,83,3,32.5,41.7,,run
2026-07-29T00:24:18+03:00,1785273858,27154,83,3,32.5,43.6,,run
2026-07-29T00:24:23+03:00,1785273863,27159,83,3,32.5,42.6,,run
2026-07-29T00:24:28+03:00,1785273868,27164,83,3,32.5,42.9,,run
2026-07-29T00:24:34+03:00,1785273874,27170,83,3,32.5,43.6,,run
2026-07-29T00:24:39+03:00,1785273879,27175,83,3,32.5,44.2,,run
2026-07-29T00:24:44+03:00,1785273884,27180,83,3,32.5,43.2,,run
2026-07-29T00:24:49+03:00,1785273889,27185,83,3,32.5,49.1,,run
2026-07-29T00:24:55+03:00,1785273895,27191,83,3,32.5,47.6,,run
2026-07-29T00:25:00+03:00,1785273900,27196,83,3,32.5,46.0,,run
2026-07-29T00:25:05+03:00,1785273905,27201,83,3,32.5,47.0,,run
2026-07-29T00:25:10+03:00,1785273910,27206,83,3,32.5,48.2,,run
2026-07-29T00:25:16+03:00,1785273916,27212,83,3,32.5,51.0,,run
2026-07-29T00:25:21+03:00,1785273921,27217,83,3,32.5,52.2,,run
2026-07-29T00:25:26+03:00,1785273926,27222,83,3,32.5,48.2,,run
2026-07-29T00:25:32+03:00,1785273932,27228,83,3,32.5,45.1,,run
2026-07-29T00:25:37+03:00,1785273937,27233,83,3,32.5,44.5,,run
2026-07-29T00:25:42+03:00,1785273942,27238,83,3,32.5,41.1,,run
2026-07-29T00:25:48+03:00,1785273948,27244,83,3,32.5,50.1,,run
2026-07-29T00:25:53+03:00,1785273953,27249,83,3,32.5,44.8,,run
2026-07-29T00:25:58+03:00,1785273958,27254,83,3,32.5,55.3,,run
2026-07-29T00:26:04+03:00,1785273964,27260,83,3,32.5,47.3,,run
2026-07-29T00:26:09+03:00,1785273969,27265,83,3,32.5,50.4,,run
2026-07-29T00:26:15+03:00,1785273975,27271,83,3,32.5,49.4,,run
2026-07-29T00:26:20+03:00,1785273980,27276,83,3,32.5,47.9,,run
2026-07-29T00:26:25+03:00,1785273985,27281,83,3,32.5,50.7,,run
2026-07-29T00:26:30+03:00,1785273990,27286,83,3,32.5,50.7,,run
2026-07-29T00:26:36+03:00,1785273996,27292,83,3,32.5,48.5,,run
2026-07-29T00:26:41+03:00,1785274001,27297,83,3,32.5,47.3,,run
2026-07-29T00:26:46+03:00,1785274006,27302,83,3,32.5,42.9,,run
2026-07-29T00:26:52+03:00,1785274012,27308,83,3,32.5,44.2,,run
2026-07-29T00:26:57+03:00,1785274017,27313,83,3,32.5,45.1,,run
2026-07-29T00:27:02+03:00,1785274022,27318,83,3,32.5,47.9,,run
2026-07-29T00:27:07+03:00,1785274027,27323,83,3,32.5,47.3,,run
2026-07-29T00:27:13+03:00,1785274033,27329,83,3,32.5,48.5,,run
2026-07-29T00:27:18+03:00,1785274038,27334,83,3,32.5,52.2,,run
2026-07-29T00:27:24+03:00,1785274044,27340,83,3,32.5,47.3,,run
2026-07-29T00:27:29+03:00,1785274049,27345,83,3,32.5,44.2,,run
2026-07-29T00:27:34+03:00,1785274054,27350,83,3,32.5,40.8,,run
2026-07-29T00:27:40+03:00,1785274060,27356,83,3,32.5,38.6,,run
2026-07-29T00:27:45+03:00,1785274065,27361,83,3,32.5,38.0,,run
2026-07-29T00:27:51+03:00,1785274071,27367,83,3,32.5,38.3,,run
2026-07-29T00:27:56+03:00,1785274076,27372,83,3,32.5,37.4,,run
2026-07-29T00:28:02+03:00,1785274082,27378,83,3,32.5,51.3,,run
2026-07-29T00:28:08+03:00,1785274088,27384,83,3,32.5,47.3,,run
2026-07-29T00:28:13+03:00,1785274093,27389,83,3,32.5,40.2,,run
2026-07-29T00:28:18+03:00,1785274098,27394,83,3,32.5,39.8,,run
2026-07-29T00:28:24+03:00,1785274104,27400,83,3,32.5,41.4,,run
2026-07-29T00:28:29+03:00,1785274109,27405,83,3,32.5,40.8,,run
2026-07-29T00:28:35+03:00,1785274115,27411,83,3,32.5,42.9,,run
2026-07-29T00:28:40+03:00,1785274120,27416,83,3,32.5,44.5,,run
2026-07-29T00:28:45+03:00,1785274125,27421,83,3,32.5,44.8,,run
2026-07-29T00:28:51+03:00,1785274131,27427,83,3,32.5,41.1,,run
2026-07-29T00:28:56+03:00,1785274136,27432,83,3,32.5,41.4,,run
2026-07-29T00:29:01+03:00,1785274141,27437,83,3,32.5,42.9,,run
2026-07-29T00:29:07+03:00,1785274147,27443,83,3,32.5,42.9,,run
2026-07-29T00:29:12+03:00,1785274152,27448,83,3,32.5,45.1,,run
2026-07-29T00:29:17+03:00,1785274157,27453,83,3,32.4,57.5,,run
2026-07-29T00:29:22+03:00,1785274162,27458,83,3,32.4,51.9,,run
2026-07-29T00:29:28+03:00,1785274168,27464,82,3,32.5,44.5,,run
2026-07-29T00:29:33+03:00,1785274173,27469,82,3,32.5,41.1,,run
2026-07-29T00:29:39+03:00,1785274179,27475,82,3,32.5,41.4,,run
2026-07-29T00:29:44+03:00,1785274184,27480,82,3,32.5,42.3,,run
2026-07-29T00:29:50+03:00,1785274190,27486,82,3,32.5,45.4,,run
2026-07-29T00:29:55+03:00,1785274195,27491,82,3,32.5,44.2,,run
2026-07-29T00:30:00+03:00,1785274200,27496,82,3,32.5,43.9,,run
2026-07-29T00:30:06+03:00,1785274206,27502,82,3,32.5,43.6,,run
2026-07-29T00:30:11+03:00,1785274211,27507,82,3,32.5,49.1,,run
2026-07-29T00:30:16+03:00,1785274216,27512,82,3,32.5,45.4,,run
2026-07-29T00:30:22+03:00,1785274222,27518,82,3,32.5,44.5,,run
2026-07-29T00:30:27+03:00,1785274227,27523,82,3,32.5,46.3,,run
2026-07-29T00:30:32+03:00,1785274232,27528,82,3,32.5,46.3,,run
2026-07-29T00:30:38+03:00,1785274238,27534,82,3,32.5,43.6,,run
2026-07-29T00:30:43+03:00,1785274243,27539,82,3,32.5,39.5,,run
2026-07-29T00:30:48+03:00,1785274248,27544,82,3,32.5,39.5,,run
2026-07-29T00:30:54+03:00,1785274254,27550,82,3,32.5,38.6,,run
2026-07-29T00:30:59+03:00,1785274259,27555,82,3,32.5,38.6,,run
2026-07-29T00:31:05+03:00,1785274265,27561,82,3,32.5,46.3,,run
2026-07-29T00:31:10+03:00,1785274270,27566,82,3,32.5,45.7,,run
2026-07-29T00:31:15+03:00,1785274275,27571,82,3,32.5,45.7,,run
2026-07-29T00:31:21+03:00,1785274281,27577,82,3,32.5,47.3,,run
2026-07-29T00:31:26+03:00,1785274286,27582,82,3,32.5,54.7,,run
2026-07-29T00:31:32+03:00,1785274292,27588,82,3,32.5,48.8,,run
2026-07-29T00:31:37+03:00,1785274297,27593,82,3,32.5,46.3,,run
2026-07-29T00:31:43+03:00,1785274303,27599,82,3,32.5,42.9,,run
2026-07-29T00:31:48+03:00,1785274308,27604,82,3,32.5,43.6,,run
2026-07-29T00:31:54+03:00,1785274314,27610,82,3,32.5,45.4,,run
2026-07-29T00:31:59+03:00,1785274319,27615,82,3,32.5,47.0,,run
2026-07-29T00:32:04+03:00,1785274324,27620,82,3,32.5,49.1,,run
2026-07-29T00:32:10+03:00,1785274330,27626,82,3,32.5,53.8,,run
2026-07-29T00:32:15+03:00,1785274335,27631,82,3,32.5,50.7,,run
2026-07-29T00:32:21+03:00,1785274341,27637,82,3,32.5,46.3,,run
2026-07-29T00:32:26+03:00,1785274346,27642,82,3,32.5,49.7,,run
2026-07-29T00:32:31+03:00,1785274351,27647,82,3,32.5,42.3,,run
2026-07-29T00:32:37+03:00,1785274357,27653,82,3,32.5,40.2,,run
2026-07-29T00:32:42+03:00,1785274362,27658,82,3,32.5,40.2,,run
2026-07-29T00:32:48+03:00,1785274368,27664,82,3,32.5,39.5,,run
2026-07-29T00:32:53+03:00,1785274373,27669,82,3,32.5,40.8,,run
2026-07-29T00:32:59+03:00,1785274379,27675,82,3,32.5,41.7,,run
2026-07-29T00:33:04+03:00,1785274384,27680,82,3,32.5,42.6,,run
2026-07-29T00:33:10+03:00,1785274390,27686,82,3,32.5,43.6,,run
2026-07-29T00:33:15+03:00,1785274395,27691,82,3,32.5,47.6,,run
2026-07-29T00:33:20+03:00,1785274400,27696,82,3,32.5,42.6,,run
2026-07-29T00:33:25+03:00,1785274405,27701,82,3,32.5,48.2,,run
2026-07-29T00:33:31+03:00,1785274411,27707,82,3,32.5,45.1,,run
2026-07-29T00:33:36+03:00,1785274416,27712,82,3,32.5,43.2,,run
2026-07-29T00:33:42+03:00,1785274422,27718,82,3,32.5,42.6,,run
2026-07-29T00:33:47+03:00,1785274427,27723,82,3,32.5,48.8,,run
2026-07-29T00:33:52+03:00,1785274432,27728,82,3,32.5,43.6,,run
2026-07-29T00:33:58+03:00,1785274438,27734,82,3,32.5,45.4,,run
2026-07-29T00:34:03+03:00,1785274443,27739,82,3,32.5,40.5,,run
2026-07-29T00:34:08+03:00,1785274448,27744,82,3,32.5,38.6,,run
2026-07-29T00:34:14+03:00,1785274454,27750,82,3,32.5,53.1,,run
2026-07-29T00:34:20+03:00,1785274460,27756,82,3,32.5,40.8,,run
2026-07-29T00:34:25+03:00,1785274465,27761,82,3,32.5,38.9,,run
2026-07-29T00:34:31+03:00,1785274471,27767,82,3,32.5,38.6,,run
2026-07-29T00:34:36+03:00,1785274476,27772,82,3,32.5,38.9,,run
2026-07-29T00:34:42+03:00,1785274482,27778,82,3,32.5,38.6,,run
2026-07-29T00:34:47+03:00,1785274487,27783,82,3,32.5,40.8,,run
2026-07-29T00:34:53+03:00,1785274493,27789,82,3,32.5,41.4,,run
2026-07-29T00:34:58+03:00,1785274498,27794,82,3,32.5,46.0,,run
2026-07-29T00:35:03+03:00,1785274503,27799,82,3,32.5,46.3,,run
2026-07-29T00:35:09+03:00,1785274509,27805,82,3,32.5,43.6,,run
2026-07-29T00:35:14+03:00,1785274514,27810,82,3,32.5,42.0,,run
2026-07-29T00:35:19+03:00,1785274519,27815,82,3,32.5,39.5,,run
2026-07-29T00:35:25+03:00,1785274525,27821,82,3,32.5,40.8,,run
2026-07-29T00:35:30+03:00,1785274530,27826,82,3,32.5,52.8,,run
2026-07-29T00:35:36+03:00,1785274536,27832,82,3,32.5,42.6,,run
2026-07-29T00:35:41+03:00,1785274541,27837,82,3,32.5,40.2,,run
2026-07-29T00:35:47+03:00,1785274547,27843,82,3,32.5,39.2,,run
2026-07-29T00:35:52+03:00,1785274552,27848,82,3,32.5,38.0,,run
2026-07-29T00:35:58+03:00,1785274558,27854,82,3,32.5,42.3,,run
2026-07-29T00:36:03+03:00,1785274563,27859,82,3,32.5,39.2,,run
2026-07-29T00:36:09+03:00,1785274569,27865,82,3,32.5,40.5,,run
2026-07-29T00:36:14+03:00,1785274574,27870,82,3,32.5,45.1,,run
2026-07-29T00:36:20+03:00,1785274580,27876,82,3,32.5,52.2,,run
2026-07-29T00:36:25+03:00,1785274585,27881,82,3,32.5,45.7,,run
2026-07-29T00:36:31+03:00,1785274591,27887,82,3,32.5,40.5,,run
2026-07-29T00:36:36+03:00,1785274596,27892,82,3,32.5,39.2,,run
2026-07-29T00:36:42+03:00,1785274602,27898,82,3,32.5,42.6,,run
2026-07-29T00:36:47+03:00,1785274607,27903,82,3,32.5,40.5,,run
2026-07-29T00:36:53+03:00,1785274613,27909,82,3,32.5,41.7,,run
2026-07-29T00:36:58+03:00,1785274618,27914,82,3,32.5,41.7,,run
2026-07-29T00:37:03+03:00,1785274623,27919,82,3,32.5,42.6,,run
2026-07-29T00:37:09+03:00,1785274629,27925,82,3,32.5,42.6,,run
2026-07-29T00:37:14+03:00,1785274634,27930,82,3,32.5,43.6,,run
2026-07-29T00:37:19+03:00,1785274639,27935,82,3,32.5,42.3,,run
2026-07-29T00:37:24+03:00,1785274644,27940,82,3,32.5,42.6,,run
2026-07-29T00:37:30+03:00,1785274650,27946,82,3,32.5,41.7,,run
2026-07-29T00:37:35+03:00,1785274655,27951,82,3,32.5,52.5,,run
2026-07-29T00:37:41+03:00,1785274661,27957,82,3,32.5,44.2,,run
2026-07-29T00:37:46+03:00,1785274666,27962,82,3,32.5,45.4,,run
2026-07-29T00:37:52+03:00,1785274672,27968,82,3,32.5,44.8,,run
2026-07-29T00:37:57+03:00,1785274677,27973,82,3,32.5,41.7,,run
2026-07-29T00:38:02+03:00,1785274682,27978,82,3,32.5,41.7,,run
2026-07-29T00:38:08+03:00,1785274688,27984,82,3,32.5,42.9,,run
2026-07-29T00:38:13+03:00,1785274693,27989,82,3,32.5,42.9,,run
2026-07-29T00:38:18+03:00,1785274698,27994,82,3,32.5,42.3,,run
2026-07-29T00:38:23+03:00,1785274703,27999,82,3,32.5,52.2,,run
2026-07-29T00:38:29+03:00,1785274709,28005,82,3,32.5,45.1,,run
2026-07-29T00:38:34+03:00,1785274714,28010,82,3,32.5,42.9,,run
2026-07-29T00:38:40+03:00,1785274720,28016,82,3,32.5,40.2,,run
2026-07-29T00:38:45+03:00,1785274725,28021,82,3,32.5,43.2,,run
2026-07-29T00:38:51+03:00,1785274731,28027,82,3,32.5,45.7,,run
2026-07-29T00:38:56+03:00,1785274736,28032,82,3,32.5,41.7,,run
2026-07-29T00:39:01+03:00,1785274741,28037,82,3,32.5,46.0,,run
2026-07-29T00:39:07+03:00,1785274747,28043,82,3,32.5,48.5,,run
2026-07-29T00:39:12+03:00,1785274752,28048,82,3,32.5,49.1,,run
2026-07-29T00:39:17+03:00,1785274757,28053,82,3,32.4,46.3,,run
2026-07-29T00:39:22+03:00,1785274762,28058,82,3,32.4,43.2,,run
2026-07-29T00:39:28+03:00,1785274768,28064,82,3,32.4,43.2,,run
2026-07-29T00:39:33+03:00,1785274773,28069,82,3,32.4,43.2,,run
2026-07-29T00:39:38+03:00,1785274778,28074,82,3,32.4,45.1,,run
2026-07-29T00:39:44+03:00,1785274784,28080,82,3,32.4,45.7,,run
2026-07-29T00:39:49+03:00,1785274789,28085,82,3,32.4,45.4,,run
2026-07-29T00:39:54+03:00,1785274794,28090,82,3,32.4,43.2,,run
2026-07-29T00:40:00+03:00,1785274800,28096,82,3,32.4,42.9,,run
2026-07-29T00:40:05+03:00,1785274805,28101,81,3,32.4,41.7,,run
2026-07-29T00:40:10+03:00,1785274810,28106,81,3,32.4,40.8,,run
2026-07-29T00:40:16+03:00,1785274816,28112,81,3,32.4,38.0,,run
2026-07-29T00:40:21+03:00,1785274821,28117,81,3,32.4,47.3,,run
2026-07-29T00:40:27+03:00,1785274827,28123,81,3,32.4,54.4,,run
2026-07-29T00:40:32+03:00,1785274832,28128,81,3,32.4,47.9,,run
2026-07-29T00:40:37+03:00,1785274837,28133,81,3,32.4,50.1,,run
2026-07-29T00:40:43+03:00,1785274843,28139,81,3,32.4,48.8,,run
2026-07-29T00:40:48+03:00,1785274848,28144,81,3,32.4,48.2,,run
2026-07-29T00:40:53+03:00,1785274853,28149,81,3,32.4,51.0,,run
2026-07-29T00:40:58+03:00,1785274858,28154,81,3,32.4,41.7,,run
2026-07-29T00:41:04+03:00,1785274864,28160,81,3,32.4,39.8,,run
2026-07-29T00:41:10+03:00,1785274870,28166,81,3,32.4,41.4,,run
2026-07-29T00:41:15+03:00,1785274875,28171,81,3,32.4,42.6,,run
2026-07-29T00:41:20+03:00,1785274880,28176,81,3,32.4,42.6,,run
2026-07-29T00:41:26+03:00,1785274886,28182,81,3,32.4,43.6,,run
2026-07-29T00:41:31+03:00,1785274891,28187,81,3,32.4,48.5,,run
2026-07-29T00:41:36+03:00,1785274896,28192,81,3,32.4,44.5,,run
2026-07-29T00:41:41+03:00,1785274901,28197,81,3,32.4,47.0,,run
2026-07-29T00:41:47+03:00,1785274907,28203,81,3,32.4,47.0,,run
2026-07-29T00:41:52+03:00,1785274912,28208,81,3,32.4,45.4,,run
2026-07-29T00:41:58+03:00,1785274918,28214,81,3,32.4,49.1,,run
2026-07-29T00:42:03+03:00,1785274923,28219,81,3,32.4,48.5,,run
2026-07-29T00:42:08+03:00,1785274928,28224,81,3,32.4,45.7,,run
2026-07-29T00:42:13+03:00,1785274933,28229,81,3,32.4,43.2,,run
2026-07-29T00:42:19+03:00,1785274939,28235,81,3,32.4,42.9,,run
2026-07-29T00:42:24+03:00,1785274944,28240,81,3,32.4,42.9,,run
2026-07-29T00:42:29+03:00,1785274949,28245,81,3,32.4,42.0,,run
2026-07-29T00:42:35+03:00,1785274955,28251,81,3,32.4,47.6,,run
2026-07-29T00:42:40+03:00,1785274960,28256,81,3,32.4,43.6,,run
2026-07-29T00:42:46+03:00,1785274966,28262,81,3,32.4,46.0,,run
2026-07-29T00:42:51+03:00,1785274971,28267,81,3,32.4,44.8,,run
2026-07-29T00:42:56+03:00,1785274976,28272,81,3,32.4,39.5,,run
2026-07-29T00:43:02+03:00,1785274982,28278,81,3,32.4,38.9,,run
2026-07-29T00:43:08+03:00,1785274988,28284,81,3,32.4,39.5,,run
2026-07-29T00:43:13+03:00,1785274993,28289,81,3,32.4,39.2,,run
2026-07-29T00:43:19+03:00,1785274999,28295,81,3,32.4,47.3,,run
2026-07-29T00:43:24+03:00,1785275004,28300,81,3,32.4,45.1,,run
2026-07-29T00:43:29+03:00,1785275009,28305,81,3,32.4,42.0,,run
2026-07-29T00:43:34+03:00,1785275014,28310,81,3,32.4,42.0,,run
2026-07-29T00:43:40+03:00,1785275020,28316,81,3,32.4,42.3,,run
2026-07-29T00:43:45+03:00,1785275025,28321,81,3,32.4,41.7,,run
2026-07-29T00:43:50+03:00,1785275030,28326,81,3,32.4,47.3,,run
2026-07-29T00:43:56+03:00,1785275036,28332,81,3,32.4,47.3,,run
2026-07-29T00:44:01+03:00,1785275041,28337,81,3,32.4,48.5,,run
2026-07-29T00:44:06+03:00,1785275046,28342,81,3,32.4,43.2,,run
2026-07-29T00:44:12+03:00,1785275052,28348,81,3,32.4,43.9,,run
2026-07-29T00:44:17+03:00,1785275057,28353,81,3,32.4,42.6,,run
2026-07-29T00:44:22+03:00,1785275062,28358,81,3,32.4,42.6,,run
2026-07-29T00:44:28+03:00,1785275068,28364,81,3,32.4,43.2,,run
2026-07-29T00:44:33+03:00,1785275073,28369,81,3,32.4,41.7,,run
2026-07-29T00:44:38+03:00,1785275078,28374,81,3,32.4,44.5,,run
2026-07-29T00:44:44+03:00,1785275084,28380,81,3,32.4,51.9,,run
2026-07-29T00:44:49+03:00,1785275089,28385,81,3,32.4,45.7,,run
2026-07-29T00:44:54+03:00,1785275094,28390,81,3,32.4,43.9,,run
2026-07-29T00:45:00+03:00,1785275100,28396,81,3,32.4,45.1,,run
2026-07-29T00:45:05+03:00,1785275105,28401,81,3,32.4,44.8,,run
2026-07-29T00:45:10+03:00,1785275110,28406,81,3,32.4,44.5,,run
2026-07-29T00:45:16+03:00,1785275116,28412,81,3,32.4,42.9,,run
2026-07-29T00:45:21+03:00,1785275121,28417,81,3,32.4,39.8,,run
2026-07-29T00:45:26+03:00,1785275126,28422,81,3,32.4,39.2,,run
2026-07-29T00:45:32+03:00,1785275132,28428,81,3,32.4,46.7,,run
2026-07-29T00:45:37+03:00,1785275137,28433,81,3,32.4,46.7,,run
2026-07-29T00:45:42+03:00,1785275142,28438,81,3,32.4,39.8,,run
2026-07-29T00:45:48+03:00,1785275148,28444,81,3,32.4,38.9,,run
2026-07-29T00:45:54+03:00,1785275154,28450,81,3,32.4,38.9,,run
2026-07-29T00:45:59+03:00,1785275159,28455,81,3,32.4,53.1,,run
2026-07-29T00:46:05+03:00,1785275165,28461,81,3,32.4,45.4,,run
2026-07-29T00:46:10+03:00,1785275170,28466,81,3,32.4,42.3,,run
2026-07-29T00:46:16+03:00,1785275176,28472,81,3,32.4,39.8,,run
2026-07-29T00:46:21+03:00,1785275181,28477,81,3,32.4,39.2,,run
2026-07-29T00:46:27+03:00,1785275187,28483,81,3,32.4,41.1,,run
2026-07-29T00:46:32+03:00,1785275192,28488,81,3,32.4,41.7,,run
2026-07-29T00:46:37+03:00,1785275197,28493,81,3,32.4,41.4,,run
2026-07-29T00:46:43+03:00,1785275203,28499,81,3,32.4,43.9,,run
2026-07-29T00:46:48+03:00,1785275208,28504,81,3,32.4,52.2,,run
2026-07-29T00:46:53+03:00,1785275213,28509,81,3,32.4,43.6,,run
2026-07-29T00:46:59+03:00,1785275219,28515,81,3,32.4,47.9,,run
2026-07-29T00:47:04+03:00,1785275224,28520,81,3,32.4,44.2,,run
2026-07-29T00:47:09+03:00,1785275229,28525,81,3,32.4,40.2,,run
2026-07-29T00:47:15+03:00,1785275235,28531,81,3,32.4,40.2,,run
2026-07-29T00:47:20+03:00,1785275240,28536,81,3,32.4,46.0,,run
2026-07-29T00:47:26+03:00,1785275246,28542,81,3,32.4,46.3,,run
2026-07-29T00:47:31+03:00,1785275251,28547,81,3,32.4,45.7,,run
2026-07-29T00:47:36+03:00,1785275256,28552,81,3,32.4,47.9,,run
2026-07-29T00:47:42+03:00,1785275262,28558,81,3,32.4,47.9,,run
2026-07-29T00:47:47+03:00,1785275267,28563,81,3,32.4,45.4,,run
2026-07-29T00:47:52+03:00,1785275272,28568,81,3,32.4,39.8,,run
2026-07-29T00:47:58+03:00,1785275278,28574,81,3,32.4,41.7,,run
2026-07-29T00:48:03+03:00,1785275283,28579,81,3,32.4,53.5,,run
2026-07-29T00:48:09+03:00,1785275289,28585,81,3,32.4,44.2,,run
2026-07-29T00:48:14+03:00,1785275294,28590,81,3,32.4,42.6,,run
2026-07-29T00:48:19+03:00,1785275299,28595,81,3,32.4,46.0,,run
2026-07-29T00:48:24+03:00,1785275304,28600,81,3,32.4,47.0,,run
2026-07-29T00:48:30+03:00,1785275310,28606,81,3,32.4,46.7,,run
2026-07-29T00:48:35+03:00,1785275315,28611,81,3,32.4,42.0,,run
2026-07-29T00:48:40+03:00,1785275320,28616,81,3,32.4,42.6,,run
2026-07-29T00:48:46+03:00,1785275326,28622,81,3,32.4,51.6,,run
2026-07-29T00:48:51+03:00,1785275331,28627,81,3,32.4,46.3,,run
2026-07-29T00:48:57+03:00,1785275337,28633,81,3,32.4,47.9,,run
2026-07-29T00:49:02+03:00,1785275342,28638,81,3,32.4,45.1,,run
2026-07-29T00:49:07+03:00,1785275347,28643,81,3,32.4,40.5,,run
2026-07-29T00:49:13+03:00,1785275353,28649,81,3,32.4,41.7,,run
2026-07-29T00:49:18+03:00,1785275358,28654,81,3,32.5,38.9,,run
2026-07-29T00:49:24+03:00,1785275364,28660,81,3,32.5,39.5,,run
2026-07-29T00:49:29+03:00,1785275369,28665,81,3,32.5,42.9,,run
2026-07-29T00:49:35+03:00,1785275375,28671,81,3,32.5,47.6,,run
2026-07-29T00:49:40+03:00,1785275380,28676,81,3,32.5,46.0,,run
2026-07-29T00:49:45+03:00,1785275385,28681,80,3,32.5,44.5,,run
2026-07-29T00:49:51+03:00,1785275391,28687,80,3,32.5,41.4,,run
2026-07-29T00:49:56+03:00,1785275396,28692,80,3,32.5,40.5,,run
2026-07-29T00:50:02+03:00,1785275402,28698,80,3,32.5,48.8,,run
2026-07-29T00:50:07+03:00,1785275407,28703,80,3,32.5,47.9,,run
2026-07-29T00:50:12+03:00,1785275412,28708,80,3,32.5,43.6,,run
2026-07-29T00:50:18+03:00,1785275418,28714,80,3,32.5,47.3,,run
2026-07-29T00:50:23+03:00,1785275423,28719,80,3,32.5,47.9,,run
2026-07-29T00:50:28+03:00,1785275428,28724,80,3,32.5,42.6,,run
2026-07-29T00:50:34+03:00,1785275434,28730,80,3,32.5,42.6,,run
2026-07-29T00:50:39+03:00,1785275439,28735,80,3,32.5,42.9,,run
2026-07-29T00:50:45+03:00,1785275445,28741,80,3,32.5,45.1,,run
2026-07-29T00:50:50+03:00,1785275450,28746,80,3,32.5,52.5,,run
2026-07-29T00:50:55+03:00,1785275455,28751,80,3,32.5,41.1,,run
2026-07-29T00:51:01+03:00,1785275461,28757,80,3,32.5,42.3,,run
2026-07-29T00:51:06+03:00,1785275466,28762,80,3,32.5,43.6,,run
2026-07-29T00:51:11+03:00,1785275471,28767,80,3,32.5,43.6,,run
2026-07-29T00:51:17+03:00,1785275477,28773,80,3,32.5,45.4,,run
2026-07-29T00:51:22+03:00,1785275482,28778,80,3,32.5,41.7,,run
2026-07-29T00:51:28+03:00,1785275488,28784,80,3,32.5,42.0,,run
2026-07-29T00:51:33+03:00,1785275493,28789,80,3,32.5,45.4,,run
2026-07-29T00:51:38+03:00,1785275498,28794,80,3,32.5,47.6,,run
2026-07-29T00:51:43+03:00,1785275503,28799,80,3,32.5,45.1,,run
2026-07-29T00:51:49+03:00,1785275509,28805,80,3,32.5,43.2,,run
2026-07-29T00:51:54+03:00,1785275514,28810,80,3,32.5,43.2,,run
2026-07-29T00:51:59+03:00,1785275519,28815,80,3,32.5,47.6,,run
2026-07-29T00:52:05+03:00,1785275525,28821,80,3,32.5,48.2,,run
2026-07-29T00:52:10+03:00,1785275530,28826,80,3,32.5,42.3,,run
2026-07-29T00:52:15+03:00,1785275535,28831,80,3,32.5,40.5,,run
2026-07-29T00:52:21+03:00,1785275541,28837,80,3,32.5,41.1,,run
2026-07-29T00:52:26+03:00,1785275546,28842,80,3,32.5,45.4,,run
2026-07-29T00:52:32+03:00,1785275552,28848,80,3,32.5,47.9,,run
2026-07-29T00:52:37+03:00,1785275557,28853,80,3,32.5,50.1,,run
2026-07-29T00:52:42+03:00,1785275562,28858,80,3,32.5,41.4,,run
2026-07-29T00:52:48+03:00,1785275568,28864,80,3,32.5,42.6,,run
2026-07-29T00:52:53+03:00,1785275573,28869,80,3,32.5,53.5,,run
2026-07-29T00:52:59+03:00,1785275579,28875,80,3,32.5,41.4,,run
2026-07-29T00:53:04+03:00,1785275584,28880,80,3,32.5,41.4,,run
2026-07-29T00:53:10+03:00,1785275590,28886,80,3,32.5,42.0,,run
2026-07-29T00:53:15+03:00,1785275595,28891,80,3,32.5,42.6,,run
2026-07-29T00:53:20+03:00,1785275600,28896,80,3,32.5,42.3,,run
2026-07-29T00:53:26+03:00,1785275606,28902,80,3,32.5,46.7,,run
2026-07-29T00:53:31+03:00,1785275611,28907,80,3,32.5,46.3,,run
2026-07-29T00:53:36+03:00,1785275616,28912,80,3,32.5,41.4,,run
2026-07-29T00:53:42+03:00,1785275622,28918,80,3,32.5,46.7,,run
2026-07-29T00:53:47+03:00,1785275627,28923,80,3,32.5,46.7,,run
2026-07-29T00:53:52+03:00,1785275632,28928,80,3,32.5,45.1,,run
2026-07-29T00:53:57+03:00,1785275637,28933,80,3,32.5,47.6,,run
2026-07-29T00:54:03+03:00,1785275643,28939,80,3,32.5,46.0,,run
2026-07-29T00:54:08+03:00,1785275648,28944,80,3,32.5,52.2,,run
2026-07-29T00:54:14+03:00,1785275654,28950,80,3,32.5,45.4,,run
2026-07-29T00:54:19+03:00,1785275659,28955,80,3,32.5,47.0,,run
2026-07-29T00:54:24+03:00,1785275664,28960,80,3,32.5,49.1,,run
2026-07-29T00:54:30+03:00,1785275670,28966,80,3,32.5,42.6,,run
2026-07-29T00:54:35+03:00,1785275675,28971,80,3,32.5,39.8,,run
2026-07-29T00:54:41+03:00,1785275681,28977,80,3,32.5,42.3,,run
2026-07-29T00:54:46+03:00,1785275686,28982,80,3,32.5,42.0,,run
2026-07-29T00:54:51+03:00,1785275691,28987,80,3,32.5,44.5,,run
2026-07-29T00:54:57+03:00,1785275697,28993,80,3,32.5,47.0,,run
2026-07-29T00:55:03+03:00,1785275703,28999,80,3,32.5,41.4,,run
2026-07-29T00:55:08+03:00,1785275708,29004,80,3,32.5,40.2,,run
2026-07-29T00:55:13+03:00,1785275713,29009,80,3,32.5,40.2,,run
2026-07-29T00:55:19+03:00,1785275719,29015,80,3,32.5,38.9,,run
2026-07-29T00:55:25+03:00,1785275725,29021,80,3,32.5,38.6,,run
2026-07-29T00:55:30+03:00,1785275730,29026,80,3,32.5,40.5,,run
2026-07-29T00:55:36+03:00,1785275736,29032,80,3,32.5,46.7,,run
2026-07-29T00:55:41+03:00,1785275741,29037,80,3,32.5,49.1,,run
2026-07-29T00:55:46+03:00,1785275746,29042,80,3,32.5,42.6,,run
2026-07-29T00:55:51+03:00,1785275751,29047,80,3,32.5,39.8,,run
2026-07-29T00:55:57+03:00,1785275757,29053,80,3,32.5,39.2,,run
2026-07-29T00:56:02+03:00,1785275762,29058,80,3,32.5,38.6,,run
2026-07-29T00:56:08+03:00,1785275768,29064,80,3,32.5,41.4,,run
2026-07-29T00:56:14+03:00,1785275774,29070,80,3,32.5,41.7,,run
2026-07-29T00:56:19+03:00,1785275779,29075,80,3,32.5,41.7,,run
2026-07-29T00:56:24+03:00,1785275784,29080,80,3,32.5,45.1,,run
2026-07-29T00:56:30+03:00,1785275790,29086,80,3,32.5,48.5,,run
2026-07-29T00:56:35+03:00,1785275795,29091,80,3,32.5,42.3,,run
2026-07-29T00:56:41+03:00,1785275801,29097,80,3,32.5,42.3,,run
2026-07-29T00:56:46+03:00,1785275806,29102,80,3,32.5,42.3,,run
2026-07-29T00:56:51+03:00,1785275811,29107,80,3,32.5,42.9,,run
2026-07-29T00:56:56+03:00,1785275816,29112,80,3,32.5,51.0,,run
2026-07-29T00:57:02+03:00,1785275822,29118,80,3,32.5,42.9,,run
2026-07-29T00:57:07+03:00,1785275827,29123,80,3,32.5,43.2,,run
2026-07-29T00:57:13+03:00,1785275833,29129,80,3,32.5,43.6,,run
2026-07-29T00:57:18+03:00,1785275838,29134,80,3,32.5,42.9,,run
2026-07-29T00:57:23+03:00,1785275843,29139,80,3,32.5,39.8,,run
2026-07-29T00:57:29+03:00,1785275849,29145,80,3,32.5,39.5,,run
2026-07-29T00:57:34+03:00,1785275854,29150,80,3,32.5,38.9,,run
2026-07-29T00:57:40+03:00,1785275860,29156,80,3,32.5,42.3,,run
2026-07-29T00:57:45+03:00,1785275865,29161,80,3,32.5,49.4,,run
2026-07-29T00:57:50+03:00,1785275870,29166,80,3,32.5,44.2,,run
2026-07-29T00:57:56+03:00,1785275876,29172,80,3,32.5,40.8,,run
2026-07-29T00:58:01+03:00,1785275881,29177,80,3,32.5,38.9,,run
2026-07-29T00:58:07+03:00,1785275887,29183,80,3,32.5,38.6,,run
2026-07-29T00:58:12+03:00,1785275892,29188,80,3,32.5,52.2,,run
2026-07-29T00:58:18+03:00,1785275898,29194,80,3,32.5,40.8,,run
2026-07-29T00:58:23+03:00,1785275903,29199,80,3,32.5,41.1,,run
2026-07-29T00:58:29+03:00,1785275909,29205,80,3,32.5,41.7,,run
2026-07-29T00:58:34+03:00,1785275914,29210,80,3,32.5,42.9,,run
2026-07-29T00:58:40+03:00,1785275920,29216,80,3,32.5,46.3,,run
2026-07-29T00:58:45+03:00,1785275925,29221,80,3,32.5,47.6,,run
2026-07-29T00:58:50+03:00,1785275930,29226,80,3,32.5,45.1,,run
2026-07-29T00:58:55+03:00,1785275935,29231,80,3,32.5,51.6,,run
2026-07-29T00:59:01+03:00,1785275941,29237,80,3,32.5,41.4,,run
2026-07-29T00:59:07+03:00,1785275947,29243,80,3,32.5,41.7,,run
2026-07-29T00:59:12+03:00,1785275952,29248,80,3,32.5,41.7,,run
2026-07-29T00:59:18+03:00,1785275958,29254,80,3,32.4,42.9,,run
2026-07-29T00:59:23+03:00,1785275963,29259,79,3,32.4,42.3,,run
2026-07-29T00:59:28+03:00,1785275968,29264,79,3,32.4,43.6,,run
2026-07-29T00:59:33+03:00,1785275973,29269,79,3,32.4,42.9,,run
2026-07-29T00:59:39+03:00,1785275979,29275,79,3,32.4,42.9,,run
2026-07-29T00:59:44+03:00,1785275984,29280,79,3,32.4,45.4,,run
2026-07-29T00:59:49+03:00,1785275989,29285,79,3,32.4,46.7,,run
2026-07-29T00:59:55+03:00,1785275995,29291,79,3,32.4,47.3,,run
2026-07-29T01:00:00+03:00,1785276000,29296,79,3,32.4,47.0,,run
2026-07-29T01:00:05+03:00,1785276005,29301,79,3,32.4,47.9,,run
2026-07-29T01:00:11+03:00,1785276011,29307,79,3,32.4,47.9,,run
2026-07-29T01:00:16+03:00,1785276016,29312,79,3,32.4,50.7,,run
2026-07-29T01:00:21+03:00,1785276021,29317,79,3,32.4,51.3,,run
2026-07-29T01:00:27+03:00,1785276027,29323,79,3,32.4,47.0,,run
2026-07-29T01:00:32+03:00,1785276032,29328,79,3,32.4,47.3,,run
2026-07-29T01:00:37+03:00,1785276037,29333,79,3,32.4,43.6,,run
2026-07-29T01:00:43+03:00,1785276043,29339,79,3,32.4,42.9,,run
2026-07-29T01:00:48+03:00,1785276048,29344,79,3,32.4,40.5,,run
2026-07-29T01:00:53+03:00,1785276053,29349,79,3,32.4,39.2,,run
2026-07-29T01:00:59+03:00,1785276059,29355,79,3,32.4,52.5,,run
2026-07-29T01:01:05+03:00,1785276065,29361,79,3,32.4,40.8,,run
2026-07-29T01:01:10+03:00,1785276070,29366,79,3,32.4,39.8,,run
2026-07-29T01:01:16+03:00,1785276076,29372,79,3,32.4,39.5,,run
2026-07-29T01:01:21+03:00,1785276081,29377,79,3,32.4,38.9,,run
2026-07-29T01:01:27+03:00,1785276087,29383,79,3,32.4,39.2,,run
2026-07-29T01:01:32+03:00,1785276092,29388,79,3,32.4,40.8,,run
2026-07-29T01:01:38+03:00,1785276098,29394,79,3,32.4,47.6,,run
2026-07-29T01:01:43+03:00,1785276103,29399,79,3,32.4,47.3,,run
2026-07-29T01:01:48+03:00,1785276108,29404,79,3,32.4,45.1,,run
2026-07-29T01:01:54+03:00,1785276114,29410,79,3,32.4,40.5,,run
2026-07-29T01:01:59+03:00,1785276119,29415,79,3,32.4,41.7,,run
2026-07-29T01:02:04+03:00,1785276124,29420,79,3,32.4,43.6,,run
2026-07-29T01:02:10+03:00,1785276130,29426,79,3,32.4,42.9,,run
2026-07-29T01:02:15+03:00,1785276135,29431,79,3,32.4,51.6,,run
2026-07-29T01:02:21+03:00,1785276141,29437,79,3,32.4,43.9,,run
2026-07-29T01:02:26+03:00,1785276146,29442,79,3,32.4,44.5,,run
2026-07-29T01:02:32+03:00,1785276152,29448,79,3,32.4,45.4,,run
2026-07-29T01:02:37+03:00,1785276157,29453,79,3,32.4,47.3,,run
2026-07-29T01:02:42+03:00,1785276162,29458,79,3,32.4,43.2,,run
2026-07-29T01:02:48+03:00,1785276168,29464,79,3,32.4,39.2,,run
2026-07-29T01:02:53+03:00,1785276173,29469,79,3,32.4,40.8,,run
2026-07-29T01:02:59+03:00,1785276179,29475,79,3,32.4,44.8,,run
2026-07-29T01:03:04+03:00,1785276184,29480,79,3,32.4,46.3,,run
2026-07-29T01:03:09+03:00,1785276189,29485,79,3,32.4,42.0,,run
2026-07-29T01:03:15+03:00,1785276195,29491,79,3,32.4,42.3,,run
2026-07-29T01:03:20+03:00,1785276200,29496,79,3,32.4,43.9,,run
2026-07-29T01:03:25+03:00,1785276205,29501,79,3,32.4,43.2,,run
2026-07-29T01:03:31+03:00,1785276211,29507,79,3,32.4,42.6,,run
2026-07-29T01:03:36+03:00,1785276216,29512,79,3,32.4,39.5,,run
2026-07-29T01:03:41+03:00,1785276221,29517,79,3,32.4,39.8,,run
2026-07-29T01:03:47+03:00,1785276227,29523,79,3,32.4,39.8,,run
2026-07-29T01:03:52+03:00,1785276232,29528,79,3,32.4,46.0,,run
2026-07-29T01:03:58+03:00,1785276238,29534,79,3,32.4,44.5,,run
2026-07-29T01:04:03+03:00,1785276243,29539,79,3,32.4,42.6,,run
2026-07-29T01:04:08+03:00,1785276248,29544,79,3,32.4,39.5,,run
2026-07-29T01:04:14+03:00,1785276254,29550,79,3,32.4,48.2,,run
2026-07-29T01:04:20+03:00,1785276260,29556,79,3,32.4,47.6,,run
2026-07-29T01:04:25+03:00,1785276265,29561,79,3,32.4,41.4,,run
2026-07-29T01:04:31+03:00,1785276271,29567,79,3,32.4,38.3,,run
2026-07-29T01:04:36+03:00,1785276276,29572,79,3,32.4,38.9,,run
2026-07-29T01:04:42+03:00,1785276282,29578,79,3,32.4,43.6,,run
2026-07-29T01:04:47+03:00,1785276287,29583,79,3,32.4,46.7,,run
2026-07-29T01:04:52+03:00,1785276292,29588,79,3,32.4,42.9,,run
2026-07-29T01:04:58+03:00,1785276298,29594,79,3,32.4,41.1,,run
2026-07-29T01:05:03+03:00,1785276303,29599,79,3,32.4,54.7,,run
2026-07-29T01:05:08+03:00,1785276308,29604,79,3,32.4,40.2,,run
2026-07-29T01:05:14+03:00,1785276314,29610,79,3,32.4,41.4,,run
2026-07-29T01:05:19+03:00,1785276319,29615,79,3,32.4,42.0,,run
2026-07-29T01:05:25+03:00,1785276325,29621,79,3,32.4,42.6,,run
2026-07-29T01:05:30+03:00,1785276330,29626,79,3,32.4,43.6,,run
2026-07-29T01:05:35+03:00,1785276335,29631,79,3,32.4,42.6,,run
2026-07-29T01:05:41+03:00,1785276341,29637,79,3,32.4,43.2,,run
2026-07-29T01:05:46+03:00,1785276346,29642,79,3,32.4,42.9,,run
2026-07-29T01:05:51+03:00,1785276351,29647,79,3,32.4,41.7,,run
2026-07-29T01:05:57+03:00,1785276357,29653,79,3,32.4,39.2,,run
2026-07-29T01:06:02+03:00,1785276362,29658,79,3,32.4,42.3,,run
2026-07-29T01:06:08+03:00,1785276368,29664,79,3,32.4,46.7,,run
2026-07-29T01:06:13+03:00,1785276373,29669,79,3,32.4,42.9,,run
2026-07-29T01:06:18+03:00,1785276378,29674,79,3,32.4,52.2,,run
2026-07-29T01:06:24+03:00,1785276384,29680,79,3,32.4,40.8,,run
2026-07-29T01:06:29+03:00,1785276389,29685,79,3,32.4,40.5,,run
2026-07-29T01:06:35+03:00,1785276395,29691,79,3,32.4,38.6,,run
2026-07-29T01:06:41+03:00,1785276401,29697,79,3,32.4,38.0,,run
2026-07-29T01:06:46+03:00,1785276406,29702,79,3,32.4,40.2,,run
2026-07-29T01:06:51+03:00,1785276411,29707,79,3,32.4,41.7,,run
2026-07-29T01:06:57+03:00,1785276417,29713,79,3,32.4,46.0,,run
2026-07-29T01:07:02+03:00,1785276422,29718,79,3,32.4,52.5,,run
2026-07-29T01:07:08+03:00,1785276428,29724,79,3,32.4,50.1,,run
2026-07-29T01:07:13+03:00,1785276433,29729,79,3,32.4,45.1,,run
2026-07-29T01:07:18+03:00,1785276438,29734,79,3,32.4,40.2,,run
2026-07-29T01:07:24+03:00,1785276444,29740,79,3,32.4,39.2,,run
2026-07-29T01:07:30+03:00,1785276450,29746,79,3,32.4,40.2,,run
2026-07-29T01:07:35+03:00,1785276455,29751,79,3,32.4,38.9,,run
2026-07-29T01:07:41+03:00,1785276461,29757,79,3,32.4,39.8,,run
2026-07-29T01:07:46+03:00,1785276466,29762,79,3,32.4,40.8,,run
2026-07-29T01:07:52+03:00,1785276472,29768,79,3,32.4,42.3,,run
2026-07-29T01:07:57+03:00,1785276477,29773,79,3,32.4,42.3,,run
2026-07-29T01:08:02+03:00,1785276482,29778,79,3,32.4,42.9,,run
2026-07-29T01:08:07+03:00,1785276487,29783,79,3,32.4,42.3,,run
2026-07-29T01:08:13+03:00,1785276493,29789,79,3,32.4,41.4,,run
2026-07-29T01:08:18+03:00,1785276498,29794,79,3,32.4,43.9,,run
2026-07-29T01:08:23+03:00,1785276503,29799,79,3,32.4,54.4,,run
2026-07-29T01:08:29+03:00,1785276509,29805,79,3,32.4,51.0,,run
2026-07-29T01:08:34+03:00,1785276514,29810,79,3,32.4,44.2,,run
2026-07-29T01:08:40+03:00,1785276520,29816,79,3,32.4,43.6,,run
2026-07-29T01:08:45+03:00,1785276525,29821,79,3,32.4,42.9,,run
2026-07-29T01:08:50+03:00,1785276530,29826,79,3,32.4,42.3,,run
2026-07-29T01:08:56+03:00,1785276536,29832,79,3,32.4,43.2,,run
2026-07-29T01:09:01+03:00,1785276541,29837,78,3,32.4,41.4,,run
2026-07-29T01:09:07+03:00,1785276547,29843,78,3,32.4,52.8,,run
2026-07-29T01:09:12+03:00,1785276552,29848,78,3,32.4,43.9,,run
2026-07-29T01:09:18+03:00,1785276558,29854,78,3,32.4,49.1,,run
2026-07-29T01:09:23+03:00,1785276563,29859,78,3,32.4,49.1,,run
2026-07-29T01:09:28+03:00,1785276568,29864,78,3,32.4,47.6,,run
2026-07-29T01:09:34+03:00,1785276574,29870,78,3,32.4,46.0,,run
2026-07-29T01:09:39+03:00,1785276579,29875,78,3,32.4,48.2,,run
2026-07-29T01:09:44+03:00,1785276584,29880,78,3,32.4,49.1,,run
2026-07-29T01:09:49+03:00,1785276589,29885,78,3,32.4,50.4,,run
2026-07-29T01:09:55+03:00,1785276595,29891,78,3,32.4,49.4,,run
2026-07-29T01:10:00+03:00,1785276600,29896,78,3,32.4,47.0,,run
2026-07-29T01:10:05+03:00,1785276605,29901,78,3,32.4,46.7,,run
2026-07-29T01:10:11+03:00,1785276611,29907,78,3,32.4,40.8,,run
2026-07-29T01:10:16+03:00,1785276616,29912,78,3,32.4,39.5,,run
2026-07-29T01:10:22+03:00,1785276622,29918,78,3,32.4,53.1,,run
2026-07-29T01:10:27+03:00,1785276627,29923,78,3,32.4,43.9,,run
2026-07-29T01:10:32+03:00,1785276632,29928,78,3,32.4,42.0,,run
2026-07-29T01:10:38+03:00,1785276638,29934,78,3,32.4,40.5,,run
2026-07-29T01:10:44+03:00,1785276644,29940,78,3,32.4,41.1,,run
2026-07-29T01:10:49+03:00,1785276649,29945,78,3,32.4,48.2,,run
2026-07-29T01:10:54+03:00,1785276654,29950,78,3,32.4,49.1,,run
2026-07-29T01:10:59+03:00,1785276659,29955,78,3,32.4,44.2,,run
2026-07-29T01:11:05+03:00,1785276665,29961,78,3,32.4,41.7,,run
2026-07-29T01:11:10+03:00,1785276670,29966,78,3,32.4,51.9,,run
2026-07-29T01:11:16+03:00,1785276676,29972,78,3,32.4,46.0,,run
2026-07-29T01:11:21+03:00,1785276681,29977,78,3,32.4,42.9,,run
2026-07-29T01:11:26+03:00,1785276686,29982,78,3,32.4,44.2,,run
2026-07-29T01:11:32+03:00,1785276692,29988,78,3,32.4,47.0,,run
2026-07-29T01:11:37+03:00,1785276697,29993,78,3,32.4,45.4,,run
2026-07-29T01:11:42+03:00,1785276702,29998,78,3,32.4,42.0,,run
2026-07-29T01:11:48+03:00,1785276708,30004,78,3,32.4,42.6,,run
2026-07-29T01:11:53+03:00,1785276713,30009,78,3,32.4,46.7,,run
2026-07-29T01:11:58+03:00,1785276718,30014,78,3,32.4,47.9,,run
2026-07-29T01:12:04+03:00,1785276724,30020,78,3,32.4,42.9,,run
2026-07-29T01:12:09+03:00,1785276729,30025,78,3,32.4,40.2,,run
2026-07-29T01:12:15+03:00,1785276735,30031,78,3,32.4,42.3,,run
2026-07-29T01:12:20+03:00,1785276740,30036,78,3,32.4,42.3,,run
2026-07-29T01:12:25+03:00,1785276745,30041,78,3,32.4,44.5,,run
2026-07-29T01:12:31+03:00,1785276751,30047,78,3,32.4,44.2,,run
2026-07-29T01:12:36+03:00,1785276756,30052,78,3,32.4,44.2,,run
2026-07-29T01:12:41+03:00,1785276761,30057,78,3,32.4,42.6,,run
2026-07-29T01:12:47+03:00,1785276767,30063,78,3,32.4,42.6,,run
2026-07-29T01:12:52+03:00,1785276772,30068,78,3,32.4,42.9,,run
2026-07-29T01:12:57+03:00,1785276777,30073,78,3,32.4,43.6,,run
2026-07-29T01:13:03+03:00,1785276783,30079,78,3,32.4,42.3,,run
2026-07-29T01:13:08+03:00,1785276788,30084,78,3,32.4,39.5,,run
2026-07-29T01:13:14+03:00,1785276794,30090,78,3,32.4,49.4,,run
2026-07-29T01:13:19+03:00,1785276799,30095,78,3,32.4,50.7,,run
2026-07-29T01:13:25+03:00,1785276805,30101,78,3,32.4,47.0,,run
2026-07-29T01:13:30+03:00,1785276810,30106,78,3,32.4,41.4,,run
2026-07-29T01:13:35+03:00,1785276815,30111,78,3,32.4,40.8,,run
2026-07-29T01:13:41+03:00,1785276821,30117,78,3,32.4,40.2,,run
2026-07-29T01:13:46+03:00,1785276826,30122,78,3,32.4,39.8,,run
2026-07-29T01:13:52+03:00,1785276832,30128,78,3,32.4,43.2,,run
2026-07-29T01:13:57+03:00,1785276837,30133,78,3,32.4,43.6,,run
2026-07-29T01:14:02+03:00,1785276842,30138,78,3,32.4,39.8,,run
2026-07-29T01:14:08+03:00,1785276848,30144,78,3,32.4,44.8,,run
2026-07-29T01:14:13+03:00,1785276853,30149,78,3,32.4,46.7,,run
2026-07-29T01:14:19+03:00,1785276859,30155,78,3,32.4,45.4,,run
2026-07-29T01:14:24+03:00,1785276864,30160,78,3,32.4,39.8,,run
2026-07-29T01:14:29+03:00,1785276869,30165,78,3,32.4,46.3,,run
2026-07-29T01:14:35+03:00,1785276875,30171,78,3,32.4,48.8,,run
2026-07-29T01:14:40+03:00,1785276880,30176,78,3,32.4,45.4,,run
2026-07-29T01:14:46+03:00,1785276886,30182,78,3,32.4,39.5,,run
2026-07-29T01:14:51+03:00,1785276891,30187,78,3,32.4,38.3,,run
2026-07-29T01:14:57+03:00,1785276897,30193,78,3,32.4,38.3,,run
2026-07-29T01:15:02+03:00,1785276902,30198,78,3,32.4,42.3,,run
2026-07-29T01:15:08+03:00,1785276908,30204,78,3,32.4,40.8,,run
2026-07-29T01:15:13+03:00,1785276913,30209,78,3,32.4,41.1,,run
2026-07-29T01:15:19+03:00,1785276919,30215,78,3,32.4,52.5,,run
2026-07-29T01:15:24+03:00,1785276924,30220,78,3,32.4,43.9,,run
2026-07-29T01:15:29+03:00,1785276929,30225,78,3,32.4,47.6,,run
2026-07-29T01:15:35+03:00,1785276935,30231,78,3,32.4,43.9,,run
2026-07-29T01:15:40+03:00,1785276940,30236,78,3,32.4,42.9,,run
2026-07-29T01:15:45+03:00,1785276945,30241,78,3,32.4,43.2,,run
2026-07-29T01:15:51+03:00,1785276951,30247,78,3,32.4,43.9,,run
2026-07-29T01:15:56+03:00,1785276956,30252,78,3,32.4,44.2,,run
2026-07-29T01:16:01+03:00,1785276961,30257,78,3,32.4,42.9,,run
2026-07-29T01:16:07+03:00,1785276967,30263,78,3,32.4,40.2,,run
2026-07-29T01:16:12+03:00,1785276972,30268,78,3,32.4,45.7,,run
2026-07-29T01:16:17+03:00,1785276977,30273,78,3,32.4,43.9,,run
2026-07-29T01:16:23+03:00,1785276983,30279,78,3,32.4,46.3,,run
2026-07-29T01:16:28+03:00,1785276988,30284,78,3,32.4,47.9,,run
2026-07-29T01:16:33+03:00,1785276993,30289,78,3,32.4,51.3,,run
2026-07-29T01:16:39+03:00,1785276999,30295,78,3,32.4,42.9,,run
2026-07-29T01:16:45+03:00,1785277005,30301,78,3,32.4,41.7,,run
2026-07-29T01:16:50+03:00,1785277010,30306,78,3,32.4,42.0,,run
2026-07-29T01:16:56+03:00,1785277016,30312,78,3,32.4,42.3,,run
2026-07-29T01:17:01+03:00,1785277021,30317,78,3,32.4,47.3,,run
2026-07-29T01:17:06+03:00,1785277026,30322,78,3,32.4,47.0,,run
2026-07-29T01:17:12+03:00,1785277032,30328,78,3,32.4,44.2,,run
2026-07-29T01:17:17+03:00,1785277037,30333,78,3,32.4,50.4,,run
2026-07-29T01:17:23+03:00,1785277043,30339,78,3,32.4,42.9,,run
2026-07-29T01:17:28+03:00,1785277048,30344,78,3,32.4,45.1,,run
2026-07-29T01:17:33+03:00,1785277053,30349,78,3,32.4,50.1,,run
2026-07-29T01:17:39+03:00,1785277059,30355,78,3,32.4,45.4,,run
2026-07-29T01:17:44+03:00,1785277064,30360,78,3,32.4,43.2,,run
2026-07-29T01:17:50+03:00,1785277070,30366,78,3,32.4,42.3,,run
2026-07-29T01:17:55+03:00,1785277075,30371,78,3,32.4,47.6,,run
2026-07-29T01:18:00+03:00,1785277080,30376,78,3,32.4,44.2,,run
2026-07-29T01:18:05+03:00,1785277085,30381,78,3,32.4,44.2,,run
2026-07-29T01:18:11+03:00,1785277091,30387,78,3,32.4,43.6,,run
2026-07-29T01:18:16+03:00,1785277096,30392,78,3,32.4,40.2,,run
2026-07-29T01:18:22+03:00,1785277102,30398,78,3,32.4,46.0,,run
2026-07-29T01:18:27+03:00,1785277107,30403,78,3,32.4,49.1,,run
2026-07-29T01:18:32+03:00,1785277112,30408,78,3,32.4,50.7,,run
2026-07-29T01:18:37+03:00,1785277117,30413,77,3,32.5,49.1,,run
2026-07-29T01:18:43+03:00,1785277123,30419,77,3,32.5,48.2,,run
2026-07-29T01:18:48+03:00,1785277128,30424,77,3,32.5,43.9,,run
2026-07-29T01:18:53+03:00,1785277133,30429,77,3,32.5,43.6,,run
2026-07-29T01:18:59+03:00,1785277139,30435,77,3,32.5,42.9,,run
2026-07-29T01:19:04+03:00,1785277144,30440,77,3,32.5,42.0,,run
2026-07-29T01:19:09+03:00,1785277149,30445,77,3,32.5,42.0,,run
2026-07-29T01:19:15+03:00,1785277155,30451,77,3,32.4,48.5,,run
2026-07-29T01:19:20+03:00,1785277160,30456,77,3,32.4,53.5,,run
2026-07-29T01:19:26+03:00,1785277166,30462,77,3,32.4,44.5,,run
2026-07-29T01:19:31+03:00,1785277171,30467,77,3,32.4,42.0,,run
2026-07-29T01:19:36+03:00,1785277176,30472,77,3,32.4,43.6,,run
2026-07-29T01:19:42+03:00,1785277182,30478,77,3,32.4,46.7,,run
2026-07-29T01:19:47+03:00,1785277187,30483,77,3,32.4,42.0,,run
2026-07-29T01:19:53+03:00,1785277193,30489,77,3,32.4,42.0,,run
2026-07-29T01:19:58+03:00,1785277198,30494,77,3,32.4,42.3,,run
2026-07-29T01:20:03+03:00,1785277203,30499,77,3,32.4,42.0,,run
2026-07-29T01:20:09+03:00,1785277209,30505,77,3,32.4,42.9,,run
2026-07-29T01:20:14+03:00,1785277214,30510,77,3,32.4,41.1,,run
2026-07-29T01:20:20+03:00,1785277220,30516,77,3,32.4,42.0,,run
2026-07-29T01:20:25+03:00,1785277225,30521,77,3,32.4,43.9,,run
2026-07-29T01:20:30+03:00,1785277230,30526,77,3,32.4,47.0,,run
2026-07-29T01:20:36+03:00,1785277236,30532,77,3,32.4,54.4,,run
2026-07-29T01:20:42+03:00,1785277242,30538,77,3,32.4,46.7,,run
2026-07-29T01:20:47+03:00,1785277247,30543,77,3,32.4,41.4,,run
2026-07-29T01:20:52+03:00,1785277252,30548,77,3,32.4,38.9,,run
2026-07-29T01:20:58+03:00,1785277258,30554,77,3,32.4,38.3,,run
2026-07-29T01:21:04+03:00,1785277264,30560,77,3,32.4,38.0,,run
2026-07-29T01:21:09+03:00,1785277269,30565,77,3,32.4,39.8,,run
2026-07-29T01:21:15+03:00,1785277275,30571,77,3,32.4,40.8,,run
2026-07-29T01:21:20+03:00,1785277280,30576,77,3,32.4,53.1,,run
2026-07-29T01:21:25+03:00,1785277285,30581,77,3,32.4,43.9,,run
2026-07-29T01:21:31+03:00,1785277291,30587,77,3,32.4,42.3,,run
2026-07-29T01:21:36+03:00,1785277296,30592,77,3,32.4,41.7,,run
2026-07-29T01:21:42+03:00,1785277302,30598,77,3,32.4,41.7,,run
2026-07-29T01:21:47+03:00,1785277307,30603,77,3,32.4,42.9,,run
2026-07-29T01:21:52+03:00,1785277312,30608,77,3,32.4,46.7,,run
2026-07-29T01:21:57+03:00,1785277317,30613,77,3,32.4,47.0,,run
2026-07-29T01:22:03+03:00,1785277323,30619,77,3,32.4,43.9,,run
2026-07-29T01:22:08+03:00,1785277328,30624,77,3,32.4,42.3,,run
2026-07-29T01:22:13+03:00,1785277333,30629,77,3,32.4,45.7,,run
2026-07-29T01:22:18+03:00,1785277338,30634,77,3,32.4,42.0,,run
2026-07-29T01:22:24+03:00,1785277344,30640,77,3,32.4,39.5,,run
2026-07-29T01:22:29+03:00,1785277349,30645,77,3,32.4,38.9,,run
2026-07-29T01:22:35+03:00,1785277355,30651,77,3,32.4,43.9,,run
2026-07-29T01:22:40+03:00,1785277360,30656,77,3,32.4,50.7,,run
2026-07-29T01:22:46+03:00,1785277366,30662,77,3,32.4,49.7,,run
2026-07-29T01:22:51+03:00,1785277371,30667,77,3,32.4,48.5,,run
2026-07-29T01:22:56+03:00,1785277376,30672,77,3,32.4,39.8,,run
2026-07-29T01:23:02+03:00,1785277382,30678,77,3,32.4,38.3,,run
2026-07-29T01:23:07+03:00,1785277387,30683,77,3,32.4,38.6,,run
2026-07-29T01:23:13+03:00,1785277393,30689,77,3,32.4,40.2,,run
2026-07-29T01:23:18+03:00,1785277398,30694,77,3,32.4,41.7,,run
2026-07-29T01:23:24+03:00,1785277404,30700,77,3,32.4,46.3,,run
2026-07-29T01:23:29+03:00,1785277409,30705,77,3,32.4,41.7,,run
2026-07-29T01:23:34+03:00,1785277414,30710,77,3,32.4,44.5,,run
2026-07-29T01:23:40+03:00,1785277420,30716,77,3,32.4,46.0,,run
2026-07-29T01:23:45+03:00,1785277425,30721,77,3,32.4,43.6,,run
2026-07-29T01:23:50+03:00,1785277430,30726,77,3,32.4,43.6,,run
2026-07-29T01:23:55+03:00,1785277435,30731,77,3,32.4,41.7,,run
2026-07-29T01:24:01+03:00,1785277441,30737,77,3,32.4,47.3,,run
2026-07-29T01:24:06+03:00,1785277446,30742,77,3,32.4,47.9,,run
2026-07-29T01:24:11+03:00,1785277451,30747,77,3,32.4,45.4,,run
2026-07-29T01:24:17+03:00,1785277457,30753,77,3,32.4,48.8,,run
2026-07-29T01:24:22+03:00,1785277462,30758,77,3,32.4,43.6,,run
2026-07-29T01:24:27+03:00,1785277467,30763,77,3,32.4,42.0,,run
2026-07-29T01:24:33+03:00,1785277473,30769,77,3,32.4,41.7,,run
2026-07-29T01:24:38+03:00,1785277478,30774,77,3,32.4,51.9,,run
2026-07-29T01:24:44+03:00,1785277484,30780,77,3,32.4,41.4,,run
2026-07-29T01:24:49+03:00,1785277489,30785,77,3,32.4,44.5,,run
2026-07-29T01:24:55+03:00,1785277495,30791,77,3,32.4,48.5,,run
2026-07-29T01:25:00+03:00,1785277500,30796,77,3,32.4,42.6,,run
2026-07-29T01:25:06+03:00,1785277506,30802,77,3,32.4,40.2,,run
2026-07-29T01:25:11+03:00,1785277511,30807,77,3,32.4,38.6,,run
2026-07-29T01:25:17+03:00,1785277517,30813,77,3,32.4,38.3,,run
2026-07-29T01:25:23+03:00,1785277523,30819,77,3,32.4,50.7,,run
2026-07-29T01:25:28+03:00,1785277528,30824,77,3,32.4,41.7,,run
2026-07-29T01:25:33+03:00,1785277533,30829,77,3,32.4,38.9,,run
2026-07-29T01:25:39+03:00,1785277539,30835,77,3,32.4,46.3,,run
2026-07-29T01:25:44+03:00,1785277544,30840,77,3,32.4,40.8,,run
2026-07-29T01:25:50+03:00,1785277550,30846,77,3,32.4,39.8,,run
2026-07-29T01:25:55+03:00,1785277555,30851,77,3,32.4,38.9,,run
2026-07-29T01:26:01+03:00,1785277561,30857,77,3,32.4,41.4,,run
2026-07-29T01:26:06+03:00,1785277566,30862,77,3,32.4,41.7,,run
2026-07-29T01:26:11+03:00,1785277571,30867,77,3,32.4,45.1,,run
2026-07-29T01:26:17+03:00,1785277577,30873,77,3,32.4,47.3,,run
2026-07-29T01:26:22+03:00,1785277582,30878,77,3,32.4,44.2,,run
2026-07-29T01:26:27+03:00,1785277587,30883,77,3,32.4,42.3,,run
2026-07-29T01:26:33+03:00,1785277593,30889,77,3,32.4,42.9,,run
2026-07-29T01:26:38+03:00,1785277598,30894,77,3,32.4,54.1,,run
2026-07-29T01:26:44+03:00,1785277604,30900,77,3,32.4,42.6,,run
2026-07-29T01:26:49+03:00,1785277609,30905,77,3,32.4,39.2,,run
2026-07-29T01:26:55+03:00,1785277615,30911,77,3,32.4,38.6,,run
2026-07-29T01:27:01+03:00,1785277621,30917,77,3,32.4,41.4,,run
2026-07-29T01:27:06+03:00,1785277626,30922,77,3,32.4,45.7,,run
2026-07-29T01:27:11+03:00,1785277631,30927,77,3,32.4,48.5,,run
2026-07-29T01:27:16+03:00,1785277636,30932,77,3,32.4,42.3,,run
2026-07-29T01:27:22+03:00,1785277642,30938,77,3,32.4,52.2,,run
2026-07-29T01:27:27+03:00,1785277647,30943,77,3,32.4,42.0,,run
2026-07-29T01:27:33+03:00,1785277653,30949,77,3,32.4,40.2,,run
2026-07-29T01:27:39+03:00,1785277659,30955,77,3,32.4,38.6,,run
2026-07-29T01:27:44+03:00,1785277664,30960,77,3,32.4,38.3,,run
2026-07-29T01:27:50+03:00,1785277670,30966,77,3,32.4,38.3,,run
2026-07-29T01:27:55+03:00,1785277675,30971,77,3,32.4,42.6,,run
2026-07-29T01:28:00+03:00,1785277680,30976,77,3,32.4,43.9,,run
2026-07-29T01:28:06+03:00,1785277686,30982,77,3,32.4,39.8,,run
2026-07-29T01:28:11+03:00,1785277691,30987,77,3,32.4,39.8,,run
2026-07-29T01:28:17+03:00,1785277697,30993,76,3,32.2,38.6,,run
2026-07-29T01:28:22+03:00,1785277702,30998,76,3,32.2,41.4,,run
2026-07-29T01:28:28+03:00,1785277708,31004,76,3,32.2,46.3,,run
2026-07-29T01:28:33+03:00,1785277713,31009,76,3,32.2,48.2,,run
2026-07-29T01:28:38+03:00,1785277718,31014,76,3,32.2,45.4,,run
2026-07-29T01:28:44+03:00,1785277724,31020,76,3,32.2,42.3,,run
2026-07-29T01:28:49+03:00,1785277729,31025,76,3,32.2,44.5,,run
2026-07-29T01:28:54+03:00,1785277734,31030,76,3,32.2,41.7,,run
2026-07-29T01:29:00+03:00,1785277740,31036,76,3,32.2,45.4,,run
2026-07-29T01:29:05+03:00,1785277745,31041,76,3,32.2,46.7,,run
2026-07-29T01:29:11+03:00,1785277751,31047,76,3,32.2,44.2,,run
2026-07-29T01:29:16+03:00,1785277756,31052,76,3,32.1,46.0,,run
2026-07-29T01:29:22+03:00,1785277762,31058,76,3,32.1,49.7,,run
2026-07-29T01:29:27+03:00,1785277767,31063,76,3,32.1,45.4,,run
2026-07-29T01:29:32+03:00,1785277772,31068,76,3,32.1,40.8,,run
2026-07-29T01:29:38+03:00,1785277778,31074,76,3,32.1,39.2,,run
2026-07-29T01:29:43+03:00,1785277783,31079,76,3,32.1,39.2,,run
2026-07-29T01:29:49+03:00,1785277789,31085,76,3,32.1,44.5,,run
2026-07-29T01:29:54+03:00,1785277794,31090,76,3,32.1,40.8,,run
2026-07-29T01:29:59+03:00,1785277799,31095,76,3,32.1,40.2,,run
2026-07-29T01:30:05+03:00,1785277805,31101,76,3,32.1,38.6,,run
2026-07-29T01:30:10+03:00,1785277810,31106,76,3,32.1,39.2,,run
2026-07-29T01:30:16+03:00,1785277816,31112,76,3,32.1,40.2,,run
2026-07-29T01:30:21+03:00,1785277821,31117,76,3,32.1,47.6,,run
2026-07-29T01:30:27+03:00,1785277827,31123,76,3,32.1,50.4,,run
2026-07-29T01:30:32+03:00,1785277832,31128,76,3,32.1,42.3,,run
2026-07-29T01:30:38+03:00,1785277838,31134,76,3,32.1,38.0,,run
2026-07-29T01:30:43+03:00,1785277843,31139,76,3,32.1,44.8,,run
2026-07-29T01:30:48+03:00,1785277848,31144,76,3,32.1,54.4,,run
2026-07-29T01:30:54+03:00,1785277854,31150,76,3,32.1,42.3,,run
2026-07-29T01:31:00+03:00,1785277860,31156,76,3,32.1,49.4,,run
2026-07-29T01:31:05+03:00,1785277865,31161,76,3,32.1,40.8,,run
2026-07-29T01:31:10+03:00,1785277870,31166,76,3,32.1,39.2,,run
2026-07-29T01:31:16+03:00,1785277876,31172,76,3,32.1,40.2,,run
2026-07-29T01:31:21+03:00,1785277881,31177,76,3,32.1,46.3,,run
2026-07-29T01:31:27+03:00,1785277887,31183,76,3,32.1,42.3,,run
2026-07-29T01:31:32+03:00,1785277892,31188,76,3,32.1,45.4,,run
2026-07-29T01:31:37+03:00,1785277897,31193,76,3,32.1,47.3,,run
2026-07-29T01:31:43+03:00,1785277903,31199,76,3,32.1,46.0,,run
2026-07-29T01:31:48+03:00,1785277908,31204,76,3,32.1,39.5,,run
2026-07-29T01:31:53+03:00,1785277913,31209,76,3,32.1,40.5,,run
2026-07-29T01:31:59+03:00,1785277919,31215,76,3,32.1,40.8,,run
2026-07-29T01:32:04+03:00,1785277924,31220,76,3,32.1,43.9,,run
2026-07-29T01:32:09+03:00,1785277929,31225,76,3,32.1,42.9,,run
2026-07-29T01:32:15+03:00,1785277935,31231,76,3,32.1,40.8,,run
2026-07-29T01:32:20+03:00,1785277940,31236,76,3,32.1,42.3,,run
2026-07-29T01:32:26+03:00,1785277946,31242,76,3,32.1,38.3,,run
2026-07-29T01:32:31+03:00,1785277951,31247,76,3,32.1,48.5,,run
2026-07-29T01:32:37+03:00,1785277957,31253,76,3,32.1,39.8,,run
2026-07-29T01:32:43+03:00,1785277963,31259,76,3,32.1,43.9,,run
2026-07-29T01:32:48+03:00,1785277968,31264,76,3,32.1,39.8,,run
2026-07-29T01:32:53+03:00,1785277973,31269,76,3,32.1,47.6,,run
2026-07-29T01:32:59+03:00,1785277979,31275,76,3,32.1,47.0,,run
2026-07-29T01:33:04+03:00,1785277984,31280,76,3,32.1,45.7,,run
2026-07-29T01:33:09+03:00,1785277989,31285,76,3,32.1,39.5,,run
2026-07-29T01:33:15+03:00,1785277995,31291,76,3,32.1,42.9,,run
2026-07-29T01:33:20+03:00,1785278000,31296,76,3,32.1,43.2,,run
2026-07-29T01:33:25+03:00,1785278005,31301,76,3,32.1,39.2,,run
2026-07-29T01:33:31+03:00,1785278011,31307,76,3,32.1,41.7,,run
2026-07-29T01:33:36+03:00,1785278016,31312,76,3,32.1,41.1,,run
2026-07-29T01:33:42+03:00,1785278022,31318,76,3,32.1,43.2,,run
2026-07-29T01:33:47+03:00,1785278027,31323,76,3,32.1,49.1,,run
2026-07-29T01:33:52+03:00,1785278032,31328,76,3,32.1,53.5,,run
2026-07-29T01:33:58+03:00,1785278038,31334,76,3,32.1,42.0,,run
2026-07-29T01:34:03+03:00,1785278043,31339,76,3,32.1,38.6,,run
2026-07-29T01:34:09+03:00,1785278049,31345,76,3,32.1,39.2,,run
2026-07-29T01:34:14+03:00,1785278054,31350,76,3,32.1,37.1,,run
2026-07-29T01:34:20+03:00,1785278060,31356,76,3,32.1,38.3,,run
2026-07-29T01:34:25+03:00,1785278065,31361,76,3,32.1,41.4,,run
2026-07-29T01:34:30+03:00,1785278070,31366,76,3,32.1,41.1,,run
2026-07-29T01:34:36+03:00,1785278076,31372,76,3,32.1,51.3,,run
2026-07-29T01:34:41+03:00,1785278081,31377,76,3,32.1,43.6,,run
2026-07-29T01:34:47+03:00,1785278087,31383,76,3,32.1,43.6,,run
2026-07-29T01:34:52+03:00,1785278092,31388,76,3,32.1,41.7,,run
2026-07-29T01:34:57+03:00,1785278097,31393,76,3,32.1,41.4,,run
2026-07-29T01:35:03+03:00,1785278103,31399,76,3,32.1,42.9,,run
2026-07-29T01:35:08+03:00,1785278108,31404,76,3,32.1,46.7,,run
2026-07-29T01:35:13+03:00,1785278113,31409,76,3,32.1,43.6,,run
2026-07-29T01:35:19+03:00,1785278119,31415,76,3,32.1,42.3,,run
2026-07-29T01:35:24+03:00,1785278124,31420,76,3,32.1,41.7,,run
2026-07-29T01:35:29+03:00,1785278129,31425,76,3,32.1,42.3,,run
2026-07-29T01:35:35+03:00,1785278135,31431,76,3,32.1,43.2,,run
2026-07-29T01:35:40+03:00,1785278140,31436,76,3,32.1,44.2,,run
2026-07-29T01:35:45+03:00,1785278145,31441,76,3,32.1,41.1,,run
2026-07-29T01:35:51+03:00,1785278151,31447,76,3,32.1,51.9,,run
2026-07-29T01:35:57+03:00,1785278157,31453,76,3,32.1,49.1,,run
2026-07-29T01:36:02+03:00,1785278162,31458,76,3,32.1,45.7,,run
2026-07-29T01:36:07+03:00,1785278167,31463,76,3,32.1,40.5,,run
2026-07-29T01:36:13+03:00,1785278173,31469,76,3,32.1,38.3,,run
2026-07-29T01:36:18+03:00,1785278178,31474,76,3,32.1,37.4,,run
2026-07-29T01:36:24+03:00,1785278184,31480,76,3,32.1,37.7,,run
2026-07-29T01:36:29+03:00,1785278189,31485,76,3,32.1,37.4,,run
2026-07-29T01:36:35+03:00,1785278195,31491,76,3,32.1,50.1,,run
2026-07-29T01:36:40+03:00,1785278200,31496,76,3,32.1,40.2,,run
2026-07-29T01:36:46+03:00,1785278206,31502,76,3,32.1,38.9,,run
2026-07-29T01:36:51+03:00,1785278211,31507,76,3,32.1,37.7,,run
2026-07-29T01:36:57+03:00,1785278217,31513,76,3,32.1,38.0,,run
2026-07-29T01:37:02+03:00,1785278222,31518,76,3,32.1,40.2,,run
2026-07-29T01:37:08+03:00,1785278228,31524,76,3,32.1,41.4,,run
2026-07-29T01:37:13+03:00,1785278233,31529,76,3,32.1,41.7,,run
2026-07-29T01:37:19+03:00,1785278239,31535,76,3,32.1,47.3,,run
2026-07-29T01:37:24+03:00,1785278244,31540,76,3,32.1,47.3,,run
2026-07-29T01:37:29+03:00,1785278249,31545,76,3,32.1,42.3,,run
2026-07-29T01:37:35+03:00,1785278255,31551,76,3,32.1,39.2,,run
2026-07-29T01:37:40+03:00,1785278260,31556,76,3,32.1,40.5,,run
2026-07-29T01:37:45+03:00,1785278265,31561,76,3,32.1,41.4,,run
2026-07-29T01:37:51+03:00,1785278271,31567,75,3,31.7,52.2,,run
2026-07-29T01:37:57+03:00,1785278277,31573,75,3,31.7,40.8,,run
2026-07-29T01:38:02+03:00,1785278282,31578,75,3,31.7,42.3,,run
2026-07-29T01:38:08+03:00,1785278288,31584,75,3,31.7,42.9,,run
2026-07-29T01:38:13+03:00,1785278293,31589,75,3,31.7,46.0,,run
2026-07-29T01:38:18+03:00,1785278298,31594,75,3,31.7,44.8,,run
2026-07-29T01:38:24+03:00,1785278304,31600,75,3,31.7,42.3,,run
2026-07-29T01:38:29+03:00,1785278309,31605,75,3,31.7,41.7,,run
2026-07-29T01:38:34+03:00,1785278314,31610,75,3,31.7,47.9,,run
2026-07-29T01:38:40+03:00,1785278320,31616,75,3,31.7,44.2,,run
2026-07-29T01:38:45+03:00,1785278325,31621,75,3,31.7,39.8,,run
2026-07-29T01:38:51+03:00,1785278331,31627,75,3,31.7,38.9,,run
2026-07-29T01:38:56+03:00,1785278336,31632,75,3,31.7,39.2,,run
2026-07-29T01:39:02+03:00,1785278342,31638,75,3,31.7,38.0,,run
2026-07-29T01:39:07+03:00,1785278347,31643,75,3,31.7,38.0,,run
2026-07-29T01:39:13+03:00,1785278353,31649,75,3,31.7,37.4,,run
2026-07-29T01:39:18+03:00,1785278358,31654,75,3,31.5,37.4,,run
2026-07-29T01:39:24+03:00,1785278364,31660,75,3,31.5,40.2,,run
2026-07-29T01:39:29+03:00,1785278369,31665,75,3,31.5,46.7,,run
2026-07-29T01:39:35+03:00,1785278375,31671,75,3,31.5,42.9,,run
2026-07-29T01:39:40+03:00,1785278380,31676,75,3,31.5,41.1,,run
2026-07-29T01:39:45+03:00,1785278385,31681,75,3,31.5,41.7,,run
2026-07-29T01:39:51+03:00,1785278391,31687,75,3,31.5,44.5,,run
2026-07-29T01:39:56+03:00,1785278396,31692,75,3,31.5,41.1,,run
2026-07-29T01:40:01+03:00,1785278401,31697,75,3,31.5,43.2,,run
2026-07-29T01:40:07+03:00,1785278407,31703,75,3,31.5,42.6,,run
2026-07-29T01:40:12+03:00,1785278412,31708,75,3,31.5,41.4,,run
2026-07-29T01:40:18+03:00,1785278418,31714,75,3,31.5,51.0,,run
2026-07-29T01:40:23+03:00,1785278423,31719,75,3,31.5,45.7,,run
2026-07-29T01:40:28+03:00,1785278428,31724,75,3,31.5,45.1,,run
2026-07-29T01:40:34+03:00,1785278434,31730,75,3,31.5,45.4,,run
2026-07-29T01:40:39+03:00,1785278439,31735,75,3,31.5,42.0,,run
2026-07-29T01:40:45+03:00,1785278445,31741,75,3,31.5,40.5,,run
2026-07-29T01:40:50+03:00,1785278450,31746,75,3,31.5,42.0,,run
2026-07-29T01:40:56+03:00,1785278456,31752,75,3,31.5,42.3,,run
2026-07-29T01:41:01+03:00,1785278461,31757,75,3,31.5,41.7,,run
2026-07-29T01:41:06+03:00,1785278466,31762,75,3,31.5,41.7,,run
2026-07-29T01:41:12+03:00,1785278472,31768,75,3,31.5,42.3,,run
2026-07-29T01:41:17+03:00,1785278477,31773,75,3,31.5,42.0,,run
2026-07-29T01:41:22+03:00,1785278482,31778,75,3,31.5,42.0,,run
2026-07-29T01:41:28+03:00,1785278488,31784,75,3,31.5,38.0,,run
2026-07-29T01:41:33+03:00,1785278493,31789,75,3,31.5,49.1,,run
2026-07-29T01:41:38+03:00,1785278498,31794,75,3,31.5,48.2,,run
2026-07-29T01:41:44+03:00,1785278504,31800,75,3,31.5,44.5,,run
2026-07-29T01:41:49+03:00,1785278509,31805,75,3,31.5,39.8,,run
2026-07-29T01:41:54+03:00,1785278514,31810,75,3,31.5,37.7,,run
2026-07-29T01:42:00+03:00,1785278520,31816,75,3,31.5,38.3,,run
2026-07-29T01:42:05+03:00,1785278525,31821,75,3,31.5,42.6,,run
2026-07-29T01:42:11+03:00,1785278531,31827,75,3,31.5,43.2,,run
2026-07-29T01:42:16+03:00,1785278536,31832,75,3,31.5,47.6,,run
2026-07-29T01:42:22+03:00,1785278542,31838,75,3,31.5,47.0,,run
2026-07-29T01:42:27+03:00,1785278547,31843,75,3,31.5,45.1,,run
2026-07-29T01:42:33+03:00,1785278553,31849,75,3,31.5,43.9,,run
2026-07-29T01:42:38+03:00,1785278558,31854,75,3,31.5,40.5,,run
2026-07-29T01:42:43+03:00,1785278563,31859,75,3,31.5,38.9,,run
2026-07-29T01:42:49+03:00,1785278569,31865,75,3,31.5,39.2,,run
2026-07-29T01:42:54+03:00,1785278574,31870,75,3,31.5,38.0,,run
2026-07-29T01:43:00+03:00,1785278580,31876,75,3,31.5,37.7,,run
2026-07-29T01:43:06+03:00,1785278586,31882,75,3,31.5,38.0,,run
2026-07-29T01:43:11+03:00,1785278591,31887,75,3,31.5,47.6,,run
2026-07-29T01:43:16+03:00,1785278596,31892,75,3,31.5,43.9,,run
2026-07-29T01:43:22+03:00,1785278602,31898,75,3,31.5,42.3,,run
2026-07-29T01:43:27+03:00,1785278607,31903,75,3,31.5,41.7,,run
2026-07-29T01:43:32+03:00,1785278612,31908,75,3,31.5,47.3,,run
2026-07-29T01:43:38+03:00,1785278618,31914,75,3,31.5,51.6,,run
2026-07-29T01:43:43+03:00,1785278623,31919,75,3,31.5,47.6,,run
2026-07-29T01:43:48+03:00,1785278628,31924,75,3,31.5,42.0,,run
2026-07-29T01:43:54+03:00,1785278634,31930,75,3,31.5,38.6,,run
2026-07-29T01:43:59+03:00,1785278639,31935,75,3,31.5,37.7,,run
2026-07-29T01:44:05+03:00,1785278645,31941,75,3,31.5,42.0,,run
2026-07-29T01:44:10+03:00,1785278650,31946,75,3,31.5,39.8,,run
2026-07-29T01:44:16+03:00,1785278656,31952,75,3,31.5,41.4,,run
2026-07-29T01:44:21+03:00,1785278661,31957,75,3,31.5,51.3,,run
2026-07-29T01:44:26+03:00,1785278666,31962,75,3,31.5,40.2,,run
2026-07-29T01:44:32+03:00,1785278672,31968,75,3,31.5,42.9,,run
2026-07-29T01:44:37+03:00,1785278677,31973,75,3,31.5,46.0,,run
2026-07-29T01:44:43+03:00,1785278683,31979,75,3,31.5,47.6,,run
2026-07-29T01:44:48+03:00,1785278688,31984,75,3,31.5,46.0,,run
2026-07-29T01:44:53+03:00,1785278693,31989,75,3,31.5,39.5,,run
2026-07-29T01:44:59+03:00,1785278699,31995,75,3,31.5,41.4,,run
2026-07-29T01:45:04+03:00,1785278704,32000,75,3,31.5,41.7,,run
2026-07-29T01:45:09+03:00,1785278709,32005,75,3,31.5,42.3,,run
2026-07-29T01:45:15+03:00,1785278715,32011,75,3,31.5,42.9,,run
2026-07-29T01:45:20+03:00,1785278720,32016,75,3,31.5,42.6,,run
2026-07-29T01:45:25+03:00,1785278725,32021,75,3,31.5,42.6,,run
2026-07-29T01:45:30+03:00,1785278730,32026,75,3,31.5,43.2,,run
2026-07-29T01:45:36+03:00,1785278736,32032,75,3,31.5,54.4,,run
2026-07-29T01:45:42+03:00,1785278742,32038,75,3,31.5,40.5,,run
2026-07-29T01:45:47+03:00,1785278747,32043,75,3,31.5,39.8,,run
2026-07-29T01:45:53+03:00,1785278753,32049,75,3,31.5,45.4,,run
2026-07-29T01:45:58+03:00,1785278758,32054,75,3,31.5,45.7,,run
2026-07-29T01:46:03+03:00,1785278763,32059,75,3,31.5,42.0,,run
2026-07-29T01:46:09+03:00,1785278769,32065,75,3,31.5,39.5,,run
2026-07-29T01:46:14+03:00,1785278774,32070,75,3,31.5,40.5,,run
2026-07-29T01:46:20+03:00,1785278780,32076,75,3,31.5,43.2,,run
2026-07-29T01:46:25+03:00,1785278785,32081,75,3,31.5,45.7,,run
2026-07-29T01:46:30+03:00,1785278790,32086,75,3,31.5,42.9,,run
2026-07-29T01:46:36+03:00,1785278796,32092,75,3,31.5,43.9,,run
2026-07-29T01:46:41+03:00,1785278801,32097,75,3,31.5,42.3,,run
2026-07-29T01:46:46+03:00,1785278806,32102,75,3,31.5,46.7,,run
2026-07-29T01:46:52+03:00,1785278812,32108,75,3,31.5,48.5,,run
2026-07-29T01:46:57+03:00,1785278817,32113,75,3,31.5,46.0,,run
2026-07-29T01:47:02+03:00,1785278822,32118,75,3,31.5,44.5,,run
2026-07-29T01:47:08+03:00,1785278828,32124,75,3,31.5,43.2,,run
2026-07-29T01:47:13+03:00,1785278833,32129,75,3,31.5,42.6,,run
2026-07-29T01:47:18+03:00,1785278838,32134,75,3,31.5,41.1,,run
2026-07-29T01:47:24+03:00,1785278844,32140,75,3,31.5,42.3,,run
2026-07-29T01:47:29+03:00,1785278849,32145,75,3,31.5,42.9,,run
2026-07-29T01:47:34+03:00,1785278854,32150,75,3,31.5,45.1,,run
2026-07-29T01:47:40+03:00,1785278860,32156,75,3,31.5,49.4,,run
2026-07-29T01:47:45+03:00,1785278865,32161,75,3,31.5,46.0,,run
2026-07-29T01:47:50+03:00,1785278870,32166,75,3,31.5,38.6,,run
2026-07-29T01:47:56+03:00,1785278876,32172,75,3,31.5,39.8,,run
2026-07-29T01:48:01+03:00,1785278881,32177,75,3,31.5,38.3,,run
2026-07-29T01:48:07+03:00,1785278887,32183,75,3,31.5,44.2,,run
2026-07-29T01:48:12+03:00,1785278892,32188,75,3,31.5,40.8,,run
2026-07-29T01:48:18+03:00,1785278898,32194,75,3,31.5,41.7,,run
2026-07-29T01:48:23+03:00,1785278903,32199,75,3,31.5,53.5,,run
2026-07-29T01:48:29+03:00,1785278909,32205,75,3,31.5,43.6,,run
2026-07-29T01:48:34+03:00,1785278914,32210,74,3,32.1,42.6,,run
2026-07-29T01:48:40+03:00,1785278920,32216,74,3,32.1,43.2,,run
2026-07-29T01:48:45+03:00,1785278925,32221,74,3,32.1,44.5,,run
2026-07-29T01:48:50+03:00,1785278930,32226,74,3,32.1,43.9,,run
2026-07-29T01:48:56+03:00,1785278936,32232,74,3,32.1,46.0,,run
2026-07-29T01:49:01+03:00,1785278941,32237,74,3,32.1,41.1,,run
2026-07-29T01:49:06+03:00,1785278946,32242,74,3,32.1,42.3,,run
2026-07-29T01:49:12+03:00,1785278952,32248,74,3,32.1,48.5,,run
2026-07-29T01:49:17+03:00,1785278957,32253,74,3,32.1,44.8,,run
2026-07-29T01:49:22+03:00,1785278962,32258,74,3,32.1,42.6,,run
2026-07-29T01:49:28+03:00,1785278968,32264,74,3,32.1,43.2,,run
2026-07-29T01:49:33+03:00,1785278973,32269,74,3,32.1,42.6,,run
2026-07-29T01:49:38+03:00,1785278978,32274,74,3,32.1,45.1,,run
2026-07-29T01:49:44+03:00,1785278984,32280,74,3,32.1,41.7,,run
2026-07-29T01:49:49+03:00,1785278989,32285,74,3,32.1,39.5,,run
2026-07-29T01:49:55+03:00,1785278995,32291,74,3,32.1,42.0,,run
2026-07-29T01:50:00+03:00,1785279000,32296,74,3,32.1,42.6,,run
2026-07-29T01:50:05+03:00,1785279005,32301,74,3,32.1,38.0,,run
2026-07-29T01:50:11+03:00,1785279011,32307,74,3,32.1,45.1,,run
2026-07-29T01:50:16+03:00,1785279016,32312,74,3,32.1,48.5,,run
2026-07-29T01:50:22+03:00,1785279021,32317,74,3,32.1,47.6,,run
2026-07-29T01:50:27+03:00,1785279027,32323,74,3,32.1,50.7,,run
2026-07-29T01:50:32+03:00,1785279032,32328,74,3,32.1,43.9,,run
2026-07-29T01:50:38+03:00,1785279038,32334,74,3,32.1,43.6,,run
2026-07-29T01:50:43+03:00,1785279043,32339,74,3,32.1,42.3,,run
2026-07-29T01:50:48+03:00,1785279048,32344,74,3,32.1,41.1,,run
2026-07-29T01:50:54+03:00,1785279054,32350,74,3,32.1,39.8,,run
2026-07-29T01:50:59+03:00,1785279059,32355,74,3,32.1,48.2,,run
2026-07-29T01:51:05+03:00,1785279065,32361,74,3,32.1,43.9,,run
2026-07-29T01:51:10+03:00,1785279070,32366,74,3,32.1,42.6,,run
2026-07-29T01:51:16+03:00,1785279076,32372,74,3,32.1,39.8,,run
2026-07-29T01:51:21+03:00,1785279081,32377,74,3,32.1,40.2,,run
2026-07-29T01:51:27+03:00,1785279087,32383,74,3,32.1,47.6,,run
2026-07-29T01:51:32+03:00,1785279092,32388,74,3,32.1,40.5,,run
2026-07-29T01:51:37+03:00,1785279097,32393,74,3,32.1,45.1,,run
2026-07-29T01:51:43+03:00,1785279103,32399,74,3,32.1,52.2,,run
2026-07-29T01:51:48+03:00,1785279108,32404,74,3,32.1,45.7,,run
2026-07-29T01:51:54+03:00,1785279114,32410,74,3,32.1,38.6,,run
2026-07-29T01:51:59+03:00,1785279119,32415,74,3,32.1,39.2,,run
2026-07-29T01:52:05+03:00,1785279125,32421,74,3,32.1,37.7,,run
2026-07-29T01:52:10+03:00,1785279130,32426,74,3,32.1,46.3,,run
2026-07-29T01:52:16+03:00,1785279136,32432,74,3,32.1,44.2,,run
2026-07-29T01:52:21+03:00,1785279141,32437,74,3,32.1,40.5,,run
2026-07-29T01:52:26+03:00,1785279146,32442,74,3,32.1,50.7,,run
2026-07-29T01:52:32+03:00,1785279152,32448,74,3,32.1,40.5,,run
2026-07-29T01:52:38+03:00,1785279158,32454,74,3,32.1,42.0,,run
2026-07-29T01:52:43+03:00,1785279163,32459,74,3,32.1,41.4,,run
2026-07-29T01:52:49+03:00,1785279169,32465,74,3,32.1,42.0,,run
2026-07-29T01:52:54+03:00,1785279174,32470,74,3,32.1,42.9,,run
2026-07-29T01:52:59+03:00,1785279179,32475,74,3,32.1,45.4,,run
2026-07-29T01:53:04+03:00,1785279184,32480,74,3,32.1,46.0,,run
2026-07-29T01:53:10+03:00,1785279190,32486,74,3,32.1,49.1,,run
2026-07-29T01:53:15+03:00,1785279195,32491,74,3,32.1,45.7,,run
2026-07-29T01:53:20+03:00,1785279200,32496,74,3,32.1,42.9,,run
2026-07-29T01:53:26+03:00,1785279206,32502,74,3,32.1,43.2,,run
2026-07-29T01:53:31+03:00,1785279211,32507,74,3,32.1,43.6,,run
2026-07-29T01:53:36+03:00,1785279216,32512,74,3,32.1,44.2,,run
2026-07-29T01:53:42+03:00,1785279222,32518,74,3,32.1,50.7,,run
2026-07-29T01:53:47+03:00,1785279227,32523,74,3,32.1,50.4,,run
2026-07-29T01:53:52+03:00,1785279232,32528,74,3,32.1,44.8,,run
2026-07-29T01:53:58+03:00,1785279238,32534,74,3,32.1,38.0,,run
2026-07-29T01:54:03+03:00,1785279243,32539,74,3,32.1,37.7,,run
2026-07-29T01:54:09+03:00,1785279249,32545,74,3,32.1,37.4,,run
2026-07-29T01:54:14+03:00,1785279254,32550,74,3,32.1,42.0,,run
2026-07-29T01:54:20+03:00,1785279260,32556,74,3,32.1,45.4,,run
2026-07-29T01:54:25+03:00,1785279265,32561,74,3,32.1,44.2,,run
2026-07-29T01:54:30+03:00,1785279270,32566,74,3,32.1,51.6,,run
2026-07-29T01:54:36+03:00,1785279276,32572,74,3,32.1,42.3,,run
2026-07-29T01:54:41+03:00,1785279281,32577,74,3,32.1,42.0,,run
2026-07-29T01:54:47+03:00,1785279287,32583,74,3,32.1,42.6,,run
2026-07-29T01:54:52+03:00,1785279292,32588,74,3,32.1,42.9,,run
2026-07-29T01:54:57+03:00,1785279297,32593,74,3,32.1,43.9,,run
2026-07-29T01:55:03+03:00,1785279303,32599,74,3,32.1,45.4,,run
2026-07-29T01:55:08+03:00,1785279308,32604,74,3,32.1,45.7,,run
2026-07-29T01:55:13+03:00,1785279313,32609,74,3,32.1,46.0,,run
2026-07-29T01:55:18+03:00,1785279318,32614,74,3,32.1,42.9,,run
2026-07-29T01:55:24+03:00,1785279324,32620,74,3,32.1,43.2,,run
2026-07-29T01:55:29+03:00,1785279329,32625,74,3,32.1,43.2,,run
2026-07-29T01:55:34+03:00,1785279334,32630,74,3,32.1,42.9,,run
2026-07-29T01:55:40+03:00,1785279340,32636,74,3,32.1,40.8,,run
2026-07-29T01:55:45+03:00,1785279345,32641,74,3,32.1,46.3,,run
2026-07-29T01:55:51+03:00,1785279351,32647,74,3,32.1,53.8,,run
2026-07-29T01:55:56+03:00,1785279356,32652,74,3,32.1,49.7,,run
2026-07-29T01:56:01+03:00,1785279361,32657,74,3,32.1,38.6,,run
2026-07-29T01:56:07+03:00,1785279367,32663,74,3,32.1,38.6,,run
2026-07-29T01:56:12+03:00,1785279372,32668,74,3,32.1,37.1,,run
2026-07-29T01:56:18+03:00,1785279378,32674,74,3,32.1,50.4,,run
2026-07-29T01:56:24+03:00,1785279384,32680,74,3,32.1,50.4,,run
2026-07-29T01:56:29+03:00,1785279389,32685,74,3,32.1,49.1,,run
2026-07-29T01:56:34+03:00,1785279394,32690,74,3,32.1,46.0,,run
2026-07-29T01:56:39+03:00,1785279399,32695,74,3,32.1,45.4,,run
2026-07-29T01:56:45+03:00,1785279405,32701,74,3,32.1,45.1,,run
2026-07-29T01:56:50+03:00,1785279410,32706,74,3,32.1,44.8,,run
2026-07-29T01:56:55+03:00,1785279415,32711,74,3,32.1,43.9,,run
2026-07-29T01:57:01+03:00,1785279421,32717,74,3,32.1,42.9,,run
2026-07-29T01:57:06+03:00,1785279426,32722,74,3,32.1,39.2,,run
2026-07-29T01:57:12+03:00,1785279432,32728,74,3,32.1,44.2,,run
2026-07-29T01:57:17+03:00,1785279437,32733,74,3,32.1,42.9,,run
2026-07-29T01:57:22+03:00,1785279442,32738,74,3,32.1,40.2,,run
2026-07-29T01:57:28+03:00,1785279448,32744,74,3,32.1,38.9,,run
2026-07-29T01:57:34+03:00,1785279454,32750,74,3,32.1,40.5,,run
2026-07-29T01:57:39+03:00,1785279459,32755,74,3,32.1,42.9,,run
2026-07-29T01:57:45+03:00,1785279465,32761,74,3,32.1,41.1,,run
2026-07-29T01:57:50+03:00,1785279470,32766,74,3,32.1,37.7,,run
2026-07-29T01:57:56+03:00,1785279476,32772,74,3,32.1,38.3,,run
2026-07-29T01:58:01+03:00,1785279481,32777,74,3,32.1,37.1,,run
2026-07-29T01:58:07+03:00,1785279487,32783,74,3,32.1,41.4,,run
2026-07-29T01:58:12+03:00,1785279492,32788,73,3,32.2,43.6,,run
2026-07-29T01:58:17+03:00,1785279497,32793,73,3,32.2,38.6,,run
2026-07-29T01:58:23+03:00,1785279503,32799,73,3,32.2,52.2,,run
2026-07-29T01:58:28+03:00,1785279508,32804,73,3,32.2,48.5,,run
2026-07-29T01:58:34+03:00,1785279514,32810,73,3,32.2,47.9,,run
2026-07-29T01:58:39+03:00,1785279519,32815,73,3,32.2,47.0,,run
2026-07-29T01:58:44+03:00,1785279524,32820,73,3,32.2,43.9,,run
2026-07-29T01:58:50+03:00,1785279530,32826,73,3,32.2,44.2,,run
2026-07-29T01:58:55+03:00,1785279535,32831,73,3,32.2,43.9,,run
2026-07-29T01:59:00+03:00,1785279540,32836,73,3,32.2,45.4,,run
2026-07-29T01:59:06+03:00,1785279546,32842,73,3,32.2,44.8,,run
2026-07-29T01:59:11+03:00,1785279551,32847,73,3,32.2,40.5,,run
2026-07-29T01:59:16+03:00,1785279556,32852,73,3,32.2,45.4,,run
2026-07-29T01:59:22+03:00,1785279562,32858,73,3,32.2,46.0,,run
2026-07-29T01:59:27+03:00,1785279567,32863,73,3,32.2,41.7,,run
2026-07-29T01:59:33+03:00,1785279573,32869,73,3,32.2,40.8,,run
2026-07-29T01:59:38+03:00,1785279578,32874,73,3,32.2,50.4,,run
2026-07-29T01:59:44+03:00,1785279584,32880,73,3,32.2,42.3,,run
2026-07-29T01:59:49+03:00,1785279589,32885,73,3,32.2,38.9,,run
2026-07-29T01:59:55+03:00,1785279595,32891,73,3,32.2,38.6,,run
2026-07-29T02:00:00+03:00,1785279600,32896,73,3,32.2,38.3,,run
2026-07-29T02:00:06+03:00,1785279606,32902,73,3,32.2,49.4,,run
2026-07-29T02:00:11+03:00,1785279611,32907,73,3,32.2,45.7,,run
2026-07-29T02:00:17+03:00,1785279617,32913,73,3,32.2,42.6,,run
2026-07-29T02:00:22+03:00,1785279622,32918,73,3,32.2,41.4,,run
2026-07-29T02:00:27+03:00,1785279627,32923,73,3,32.2,44.8,,run
2026-07-29T02:00:33+03:00,1785279633,32929,73,3,32.2,43.2,,run
2026-07-29T02:00:38+03:00,1785279638,32934,73,3,32.2,47.0,,run
2026-07-29T02:00:43+03:00,1785279643,32939,73,3,32.2,46.0,,run
2026-07-29T02:00:49+03:00,1785279649,32945,73,3,32.2,46.7,,run
2026-07-29T02:00:54+03:00,1785279654,32950,73,3,32.2,40.8,,run
2026-07-29T02:01:00+03:00,1785279660,32956,73,3,32.2,40.8,,run
2026-07-29T02:01:05+03:00,1785279665,32961,73,3,32.2,39.5,,run
2026-07-29T02:01:11+03:00,1785279671,32967,73,3,32.2,42.0,,run
2026-07-29T02:01:16+03:00,1785279676,32972,73,3,32.2,47.0,,run
2026-07-29T02:01:21+03:00,1785279681,32977,73,3,32.2,54.7,,run
2026-07-29T02:01:27+03:00,1785279687,32983,73,3,32.2,50.1,,run
2026-07-29T02:01:33+03:00,1785279693,32989,73,3,32.2,47.0,,run
2026-07-29T02:01:38+03:00,1785279698,32994,73,3,32.2,42.9,,run
2026-07-29T02:01:44+03:00,1785279704,33000,73,3,32.2,39.5,,run
2026-07-29T02:01:49+03:00,1785279709,33005,73,3,32.2,52.8,,run
2026-07-29T02:01:55+03:00,1785279715,33011,73,3,32.2,45.4,,run
2026-07-29T02:02:00+03:00,1785279720,33016,73,3,32.2,44.2,,run
2026-07-29T02:02:05+03:00,1785279725,33021,73,3,32.2,43.9,,run
2026-07-29T02:02:11+03:00,1785279731,33027,73,3,32.2,43.6,,run
2026-07-29T02:02:16+03:00,1785279736,33032,73,3,32.2,42.9,,run
2026-07-29T02:02:21+03:00,1785279741,33037,73,3,32.2,42.6,,run
2026-07-29T02:02:26+03:00,1785279746,33042,73,3,32.2,40.5,,run
2026-07-29T02:02:32+03:00,1785279752,33048,73,3,32.2,45.7,,run
2026-07-29T02:02:37+03:00,1785279757,33053,73,3,32.2,46.7,,run
2026-07-29T02:02:42+03:00,1785279762,33058,73,3,32.2,43.2,,run
2026-07-29T02:02:48+03:00,1785279768,33064,73,3,32.2,39.8,,run
2026-07-29T02:02:53+03:00,1785279773,33069,73,3,32.2,45.1,,run
2026-07-29T02:02:58+03:00,1785279778,33074,73,3,32.2,48.2,,run
2026-07-29T02:03:04+03:00,1785279784,33080,73,3,32.2,52.2,,run
2026-07-29T02:03:09+03:00,1785279789,33085,73,3,32.2,48.5,,run
2026-07-29T02:03:15+03:00,1785279795,33091,73,3,32.2,41.7,,run
2026-07-29T02:03:20+03:00,1785279800,33096,73,3,32.2,38.6,,run
2026-07-29T02:03:26+03:00,1785279806,33102,73,3,32.2,38.3,,run
2026-07-29T02:03:31+03:00,1785279811,33107,73,3,32.2,37.7,,run
2026-07-29T02:03:37+03:00,1785279817,33113,73,3,32.2,45.4,,run
2026-07-29T02:03:42+03:00,1785279822,33118,73,3,32.2,41.1,,run
2026-07-29T02:03:47+03:00,1785279827,33123,73,3,32.2,52.5,,run
2026-07-29T02:03:53+03:00,1785279833,33129,73,3,32.2,51.3,,run
2026-07-29T02:03:58+03:00,1785279838,33134,73,3,32.2,44.8,,run
2026-07-29T02:04:04+03:00,1785279844,33140,73,3,32.2,45.4,,run
2026-07-29T02:04:09+03:00,1785279849,33145,73,3,32.2,44.5,,run
2026-07-29T02:04:14+03:00,1785279854,33150,73,3,32.2,42.9,,run
2026-07-29T02:04:20+03:00,1785279860,33156,73,3,32.2,46.7,,run
2026-07-29T02:04:25+03:00,1785279865,33161,73,3,32.2,47.3,,run
2026-07-29T02:04:30+03:00,1785279870,33166,73,3,32.2,47.6,,run
2026-07-29T02:04:35+03:00,1785279875,33171,73,3,32.2,44.8,,run
2026-07-29T02:04:41+03:00,1785279881,33177,73,3,32.2,42.0,,run
2026-07-29T02:04:46+03:00,1785279886,33182,73,3,32.2,40.5,,run
2026-07-29T02:04:52+03:00,1785279892,33188,73,3,32.2,47.3,,run
2026-07-29T02:04:57+03:00,1785279897,33193,73,3,32.2,47.3,,run
2026-07-29T02:05:02+03:00,1785279902,33198,73,3,32.2,46.7,,run
2026-07-29T02:05:08+03:00,1785279908,33204,73,3,32.2,53.8,,run
2026-07-29T02:05:13+03:00,1785279913,33209,73,3,32.2,41.7,,run
2026-07-29T02:05:19+03:00,1785279919,33215,73,3,32.2,45.4,,run
2026-07-29T02:05:24+03:00,1785279924,33220,73,3,32.2,45.4,,run
2026-07-29T02:05:29+03:00,1785279929,33225,73,3,32.2,38.0,,run
2026-07-29T02:05:35+03:00,1785279935,33231,73,3,32.2,37.7,,run
2026-07-29T02:05:40+03:00,1785279940,33236,73,3,32.2,38.3,,run
2026-07-29T02:05:46+03:00,1785279946,33242,73,3,32.2,38.0,,run
2026-07-29T02:05:51+03:00,1785279951,33247,73,3,32.2,51.3,,run
2026-07-29T02:05:57+03:00,1785279957,33253,73,3,32.2,42.0,,run
2026-07-29T02:06:03+03:00,1785279963,33259,73,3,32.2,42.6,,run
2026-07-29T02:06:08+03:00,1785279968,33264,73,3,32.2,46.3,,run
2026-07-29T02:06:13+03:00,1785279973,33269,73,3,32.2,46.0,,run
2026-07-29T02:06:19+03:00,1785279979,33275,73,3,32.2,44.8,,run
2026-07-29T02:06:24+03:00,1785279984,33280,73,3,32.2,39.5,,run
2026-07-29T02:06:30+03:00,1785279990,33286,73,3,32.2,41.1,,run
2026-07-29T02:06:35+03:00,1785279995,33291,73,3,32.2,41.7,,run
2026-07-29T02:06:40+03:00,1785280000,33296,73,3,32.2,42.3,,run
2026-07-29T02:06:46+03:00,1785280006,33302,73,3,32.2,42.0,,run
2026-07-29T02:06:51+03:00,1785280011,33307,73,3,32.2,42.9,,run
2026-07-29T02:06:56+03:00,1785280016,33312,73,3,32.2,42.6,,run
2026-07-29T02:07:02+03:00,1785280022,33318,73,3,32.2,46.0,,run
2026-07-29T02:07:07+03:00,1785280027,33323,73,3,32.2,49.1,,run
2026-07-29T02:07:12+03:00,1785280032,33328,73,3,32.2,48.5,,run
2026-07-29T02:07:18+03:00,1785280038,33334,73,3,32.2,41.1,,run
2026-07-29T02:07:23+03:00,1785280043,33339,73,3,32.2,39.2,,run
2026-07-29T02:07:29+03:00,1785280049,33345,73,3,32.2,38.3,,run
2026-07-29T02:07:34+03:00,1785280054,33350,73,3,32.2,38.0,,run
2026-07-29T02:07:40+03:00,1785280060,33356,73,3,32.2,46.3,,run
2026-07-29T02:07:45+03:00,1785280065,33361,73,3,32.2,45.1,,run
2026-07-29T02:07:50+03:00,1785280070,33366,72,3,32.2,41.1,,run
2026-07-29T02:07:56+03:00,1785280076,33372,72,3,32.2,51.6,,run
2026-07-29T02:08:01+03:00,1785280081,33377,72,3,32.2,43.6,,run
2026-07-29T02:08:07+03:00,1785280087,33383,72,3,32.2,39.8,,run
2026-07-29T02:08:12+03:00,1785280092,33388,72,3,32.2,38.9,,run
2026-07-29T02:08:18+03:00,1785280098,33394,72,3,32.2,43.6,,run
2026-07-29T02:08:23+03:00,1785280103,33399,72,3,32.2,48.5,,run
2026-07-29T02:08:28+03:00,1785280108,33404,72,3,32.2,46.3,,run
2026-07-29T02:08:34+03:00,1785280114,33410,72,3,32.2,46.3,,run
2026-07-29T02:08:39+03:00,1785280119,33415,72,3,32.2,41.1,,run
2026-07-29T02:08:44+03:00,1785280124,33420,72,3,32.2,40.5,,run
2026-07-29T02:08:50+03:00,1785280130,33426,72,3,32.2,39.2,,run
2026-07-29T02:08:55+03:00,1785280135,33431,72,3,32.2,38.3,,run
2026-07-29T02:09:01+03:00,1785280141,33437,72,3,32.2,38.3,,run
2026-07-29T02:09:06+03:00,1785280146,33442,72,3,32.2,50.4,,run
2026-07-29T02:09:12+03:00,1785280152,33448,72,3,32.2,50.7,,run
2026-07-29T02:09:17+03:00,1785280157,33453,72,3,32.3,48.2,,run
2026-07-29T02:09:22+03:00,1785280162,33458,72,3,32.3,39.5,,run
2026-07-29T02:09:28+03:00,1785280168,33464,72,3,32.3,38.0,,run
2026-07-29T02:09:33+03:00,1785280173,33469,72,3,32.3,38.9,,run
2026-07-29T02:09:39+03:00,1785280179,33475,72,3,32.3,47.6,,run
2026-07-29T02:09:45+03:00,1785280185,33481,72,3,32.3,39.5,,run
2026-07-29T02:09:50+03:00,1785280190,33486,72,3,32.3,43.2,,run
2026-07-29T02:09:56+03:00,1785280196,33492,72,3,32.3,41.1,,run
2026-07-29T02:10:01+03:00,1785280201,33497,72,3,32.3,47.3,,run
2026-07-29T02:10:06+03:00,1785280206,33502,72,3,32.3,43.9,,run
2026-07-29T02:10:12+03:00,1785280212,33508,72,3,32.3,43.6,,run
2026-07-29T02:10:17+03:00,1785280217,33513,72,3,32.3,42.3,,run
2026-07-29T02:10:22+03:00,1785280222,33518,72,3,32.3,42.6,,run
2026-07-29T02:10:27+03:00,1785280227,33523,72,3,32.3,43.6,,run
2026-07-29T02:10:33+03:00,1785280233,33529,72,3,32.3,45.7,,run
2026-07-29T02:10:38+03:00,1785280238,33534,72,3,32.3,46.7,,run
2026-07-29T02:10:43+03:00,1785280243,33539,72,3,32.3,43.6,,run
2026-07-29T02:10:49+03:00,1785280249,33545,72,3,32.3,44.5,,run
2026-07-29T02:10:54+03:00,1785280254,33550,72,3,32.3,54.1,,run
2026-07-29T02:11:00+03:00,1785280260,33556,72,3,32.3,42.6,,run
2026-07-29T02:11:06+03:00,1785280266,33562,72,3,32.3,41.4,,run
2026-07-29T02:11:11+03:00,1785280271,33567,72,3,32.3,43.2,,run
2026-07-29T02:11:16+03:00,1785280276,33572,72,3,32.3,38.6,,run
2026-07-29T02:11:22+03:00,1785280282,33578,72,3,32.3,45.7,,run
2026-07-29T02:11:27+03:00,1785280287,33583,72,3,32.3,43.6,,run
2026-07-29T02:11:33+03:00,1785280293,33589,72,3,32.3,39.5,,run
2026-07-29T02:11:38+03:00,1785280298,33594,72,3,32.3,52.2,,run
2026-07-29T02:11:44+03:00,1785280304,33600,72,3,32.3,41.7,,run
2026-07-29T02:11:49+03:00,1785280309,33605,72,3,32.3,39.2,,run
2026-07-29T02:11:55+03:00,1785280315,33611,72,3,32.3,38.9,,run
2026-07-29T02:12:00+03:00,1785280320,33616,72,3,32.3,38.9,,run
2026-07-29T02:12:06+03:00,1785280326,33622,72,3,32.3,38.6,,run
2026-07-29T02:12:11+03:00,1785280331,33627,72,3,32.3,40.8,,run
2026-07-29T02:12:17+03:00,1785280337,33633,72,3,32.3,44.2,,run
2026-07-29T02:12:22+03:00,1785280342,33638,72,3,32.3,45.7,,run
2026-07-29T02:12:27+03:00,1785280347,33643,72,3,32.3,43.2,,run
2026-07-29T02:12:33+03:00,1785280353,33649,72,3,32.3,42.9,,run
2026-07-29T02:12:38+03:00,1785280358,33654,72,3,32.3,42.6,,run
2026-07-29T02:12:43+03:00,1785280363,33659,72,3,32.3,46.7,,run
2026-07-29T02:12:49+03:00,1785280369,33665,72,3,32.3,48.5,,run
2026-07-29T02:12:54+03:00,1785280374,33670,72,3,32.3,52.8,,run
2026-07-29T02:12:59+03:00,1785280379,33675,72,3,32.3,42.3,,run
2026-07-29T02:13:05+03:00,1785280385,33681,72,3,32.3,41.7,,run
2026-07-29T02:13:10+03:00,1785280390,33686,72,3,32.3,43.2,,run
2026-07-29T02:13:16+03:00,1785280396,33692,72,3,32.3,44.5,,run
2026-07-29T02:13:21+03:00,1785280401,33697,72,3,32.3,38.3,,run
2026-07-29T02:13:27+03:00,1785280407,33703,72,3,32.3,39.8,,run
2026-07-29T02:13:32+03:00,1785280412,33708,72,3,32.3,37.7,,run
2026-07-29T02:13:38+03:00,1785280418,33714,72,3,32.3,41.1,,run
2026-07-29T02:13:43+03:00,1785280423,33719,72,3,32.3,43.9,,run
2026-07-29T02:13:49+03:00,1785280429,33725,72,3,32.3,41.4,,run
2026-07-29T02:13:54+03:00,1785280434,33730,72,3,32.3,42.0,,run
2026-07-29T02:14:00+03:00,1785280440,33736,72,3,32.3,41.1,,run
2026-07-29T02:14:05+03:00,1785280445,33741,72,3,32.3,38.9,,run
2026-07-29T02:14:11+03:00,1785280451,33747,72,3,32.3,38.6,,run
2026-07-29T02:14:16+03:00,1785280456,33752,72,3,32.3,38.6,,run
2026-07-29T02:14:22+03:00,1785280462,33758,72,3,32.3,45.4,,run
2026-07-29T02:14:27+03:00,1785280467,33763,72,3,32.3,47.0,,run
2026-07-29T02:14:32+03:00,1785280472,33768,72,3,32.3,43.6,,run
2026-07-29T02:14:38+03:00,1785280478,33774,72,3,32.3,38.6,,run
2026-07-29T02:14:43+03:00,1785280483,33779,72,3,32.3,38.9,,run
2026-07-29T02:14:49+03:00,1785280489,33785,72,3,32.3,38.3,,run
2026-07-29T02:14:54+03:00,1785280494,33790,72,3,32.3,44.8,,run
2026-07-29T02:15:00+03:00,1785280500,33796,72,3,32.3,49.4,,run
2026-07-29T02:15:05+03:00,1785280505,33801,72,3,32.3,47.0,,run
2026-07-29T02:15:10+03:00,1785280510,33806,72,3,32.3,49.1,,run
2026-07-29T02:15:15+03:00,1785280515,33811,72,3,32.3,46.7,,run
2026-07-29T02:15:21+03:00,1785280521,33817,72,3,32.3,39.2,,run
2026-07-29T02:15:26+03:00,1785280526,33822,72,3,32.3,38.0,,run
2026-07-29T02:15:32+03:00,1785280532,33828,72,3,32.3,37.7,,run
2026-07-29T02:15:37+03:00,1785280537,33833,72,3,32.3,38.0,,run
2026-07-29T02:15:43+03:00,1785280543,33839,72,3,32.3,52.5,,run
2026-07-29T02:15:49+03:00,1785280549,33845,72,3,32.3,42.6,,run
2026-07-29T02:15:54+03:00,1785280554,33850,72,3,32.3,42.0,,run
2026-07-29T02:15:59+03:00,1785280559,33855,72,3,32.3,42.6,,run
2026-07-29T02:16:05+03:00,1785280565,33861,72,3,32.3,43.6,,run
2026-07-29T02:16:10+03:00,1785280570,33866,72,3,32.3,42.6,,run
2026-07-29T02:16:15+03:00,1785280575,33871,72,3,32.3,43.2,,run
2026-07-29T02:16:21+03:00,1785280581,33877,72,3,32.3,40.2,,run
2026-07-29T02:16:26+03:00,1785280586,33882,72,3,32.3,45.1,,run
2026-07-29T02:16:31+03:00,1785280591,33887,72,3,32.3,47.9,,run
2026-07-29T02:16:37+03:00,1785280597,33893,72,3,32.3,43.9,,run
2026-07-29T02:16:42+03:00,1785280602,33898,72,3,32.3,46.7,,run
2026-07-29T02:16:47+03:00,1785280607,33903,72,3,32.3,41.4,,run
2026-07-29T02:16:53+03:00,1785280613,33909,72,3,32.3,39.5,,run
2026-07-29T02:16:58+03:00,1785280618,33914,72,3,32.3,47.3,,run
2026-07-29T02:17:04+03:00,1785280624,33920,72,3,32.3,50.4,,run
2026-07-29T02:17:09+03:00,1785280629,33925,72,3,32.3,44.8,,run
2026-07-29T02:17:15+03:00,1785280635,33931,72,3,32.3,47.0,,run
2026-07-29T02:17:20+03:00,1785280640,33936,72,3,32.3,47.0,,run
2026-07-29T02:17:25+03:00,1785280645,33941,72,3,32.3,42.6,,run
2026-07-29T02:17:31+03:00,1785280651,33947,72,3,32.3,52.2,,run
2026-07-29T02:17:36+03:00,1785280656,33952,72,3,32.3,47.3,,run
2026-07-29T02:17:41+03:00,1785280661,33957,72,3,32.3,44.2,,run
2026-07-29T02:17:47+03:00,1785280667,33963,72,3,32.3,42.3,,run
2026-07-29T02:17:52+03:00,1785280672,33968,72,3,32.3,42.0,,run
2026-07-29T02:17:57+03:00,1785280677,33973,72,3,32.3,42.9,,run
2026-07-29T02:18:03+03:00,1785280683,33979,72,3,32.3,43.2,,run
2026-07-29T02:18:08+03:00,1785280688,33984,72,3,32.3,42.9,,run
2026-07-29T02:18:13+03:00,1785280693,33989,72,3,32.3,42.0,,run
2026-07-29T02:18:19+03:00,1785280699,33995,72,3,32.3,39.5,,run
2026-07-29T02:18:24+03:00,1785280704,34000,72,3,32.3,38.6,,run
2026-07-29T02:18:30+03:00,1785280710,34006,72,3,32.3,38.3,,run
2026-07-29T02:18:35+03:00,1785280715,34011,72,3,32.3,46.3,,run
2026-07-29T02:18:41+03:00,1785280721,34017,72,3,32.3,46.7,,run
2026-07-29T02:18:46+03:00,1785280726,34022,72,3,32.3,55.6,,run
2026-07-29T02:18:52+03:00,1785280732,34028,72,3,32.3,40.5,,run
2026-07-29T02:18:57+03:00,1785280737,34033,72,3,32.3,39.8,,run
2026-07-29T02:19:03+03:00,1785280743,34039,72,3,32.3,41.7,,run
2026-07-29T02:19:08+03:00,1785280748,34044,72,3,32.3,39.2,,run
2026-07-29T02:19:14+03:00,1785280754,34050,72,3,32.3,37.7,,run
2026-07-29T02:19:19+03:00,1785280759,34055,72,3,32.3,41.1,,run
2026-07-29T02:19:25+03:00,1785280765,34061,72,3,32.3,46.7,,run
2026-07-29T02:19:30+03:00,1785280770,34066,72,3,32.3,49.1,,run
2026-07-29T02:19:36+03:00,1785280776,34072,71,3,32.4,57.5,,run
2026-07-29T02:19:41+03:00,1785280781,34077,71,3,32.4,45.7,,run
2026-07-29T02:19:46+03:00,1785280786,34082,71,3,32.4,39.8,,run
2026-07-29T02:19:52+03:00,1785280792,34088,71,3,32.4,40.5,,run
2026-07-29T02:19:57+03:00,1785280797,34093,71,3,32.4,42.0,,run
2026-07-29T02:20:03+03:00,1785280803,34099,71,3,32.4,44.2,,run
2026-07-29T02:20:08+03:00,1785280808,34104,71,3,32.4,42.6,,run
2026-07-29T02:20:13+03:00,1785280813,34109,71,3,32.4,42.6,,run
2026-07-29T02:20:19+03:00,1785280819,34115,71,3,32.4,43.2,,run
2026-07-29T02:20:24+03:00,1785280824,34120,71,3,32.4,43.2,,run
2026-07-29T02:20:29+03:00,1785280829,34125,71,3,32.4,43.2,,run
2026-07-29T02:20:35+03:00,1785280835,34131,71,3,32.4,42.9,,run
2026-07-29T02:20:40+03:00,1785280840,34136,71,3,32.4,39.2,,run
2026-07-29T02:20:45+03:00,1785280845,34141,71,3,32.4,38.3,,run
2026-07-29T02:20:51+03:00,1785280851,34147,71,3,32.4,52.5,,run
2026-07-29T02:20:57+03:00,1785280857,34153,71,3,32.4,42.0,,run
2026-07-29T02:21:02+03:00,1785280862,34158,71,3,32.4,39.8,,run
2026-07-29T02:21:08+03:00,1785280868,34164,71,3,32.4,38.9,,run
2026-07-29T02:21:14+03:00,1785280874,34170,71,3,32.4,38.0,,run
2026-07-29T02:21:19+03:00,1785280879,34175,71,3,32.4,42.3,,run
2026-07-29T02:21:24+03:00,1785280884,34180,71,3,32.4,45.7,,run
2026-07-29T02:21:30+03:00,1785280890,34186,71,3,32.4,42.6,,run
2026-07-29T02:21:35+03:00,1785280895,34191,71,3,32.4,46.3,,run
2026-07-29T02:21:40+03:00,1785280900,34196,71,3,32.4,49.4,,run
2026-07-29T02:21:46+03:00,1785280906,34202,71,3,32.4,50.4,,run
2026-07-29T02:21:51+03:00,1785280911,34207,71,3,32.4,40.5,,run
2026-07-29T02:21:56+03:00,1785280916,34212,71,3,32.4,46.0,,run
2026-07-29T02:22:02+03:00,1785280922,34218,71,3,32.4,41.1,,run
2026-07-29T02:22:07+03:00,1785280927,34223,71,3,32.4,39.8,,run
2026-07-29T02:22:13+03:00,1785280933,34229,71,3,32.4,38.9,,run
2026-07-29T02:22:18+03:00,1785280938,34234,71,3,32.4,45.7,,run
2026-07-29T02:22:24+03:00,1785280944,34240,71,3,32.4,45.1,,run
2026-07-29T02:22:29+03:00,1785280949,34245,71,3,32.4,39.2,,run
2026-07-29T02:22:34+03:00,1785280954,34250,71,3,32.4,41.7,,run
2026-07-29T02:22:40+03:00,1785280960,34256,71,3,32.4,41.4,,run
2026-07-29T02:22:45+03:00,1785280965,34261,71,3,32.4,41.7,,run
2026-07-29T02:22:51+03:00,1785280971,34267,71,3,32.4,43.9,,run
2026-07-29T02:22:56+03:00,1785280976,34272,71,3,32.4,50.7,,run
2026-07-29T02:23:01+03:00,1785280981,34277,71,3,32.4,49.7,,end
