iso_ts,epoch,elapsed_s,batt_level,batt_status,batt_temp_c,soc_temp_c,current_ma,event
2026-08-04T04:38:17+03:00,1785807497,0,78,3,36.2,58.7,,run
2026-08-04T04:38:23+03:00,1785807503,6,78,3,36.2,51.9,,run
2026-08-04T04:38:28+03:00,1785807508,11,78,3,36.2,49.1,,run
2026-08-04T04:38:33+03:00,1785807513,16,78,3,36.2,48.8,,run
2026-08-04T04:38:38+03:00,1785807518,21,78,3,36.2,49.7,,run
2026-08-04T04:38:44+03:00,1785807524,27,78,3,36.2,48.8,,run
2026-08-04T04:38:49+03:00,1785807529,32,78,3,36.2,47.0,,run
2026-08-04T04:38:54+03:00,1785807534,37,78,3,36.2,48.5,,run
2026-08-04T04:38:59+03:00,1785807539,42,78,3,36.2,55.3,,run
2026-08-04T04:39:05+03:00,1785807545,48,78,3,36.2,47.0,,run
2026-08-04T04:39:10+03:00,1785807550,53,78,3,36.2,46.7,,run
2026-08-04T04:39:15+03:00,1785807555,58,78,3,36.2,48.2,,run
2026-08-04T04:39:20+03:00,1785807560,63,78,3,36.2,48.2,,run
2026-08-04T04:39:26+03:00,1785807566,69,78,3,36.2,48.5,,run
2026-08-04T04:39:31+03:00,1785807571,74,78,3,36.2,46.7,,run
2026-08-04T04:39:36+03:00,1785807576,79,78,3,36.2,47.0,,run
2026-08-04T04:39:41+03:00,1785807581,84,78,3,36.2,46.0,,run
2026-08-04T04:39:46+03:00,1785807586,89,78,3,36.2,47.6,,run
2026-08-04T04:39:52+03:00,1785807592,95,78,3,36.2,46.3,,run
2026-08-04T04:39:57+03:00,1785807597,100,78,3,36.2,46.0,,run
2026-08-04T04:40:02+03:00,1785807602,105,78,3,36.2,47.9,,run
2026-08-04T04:40:07+03:00,1785807607,110,78,3,36.2,44.8,,run
2026-08-04T04:40:13+03:00,1785807613,116,78,3,36.2,47.0,,run
2026-08-04T04:40:18+03:00,1785807618,121,78,3,36.2,47.0,,run
2026-08-04T04:40:23+03:00,1785807623,126,78,3,36.2,47.9,,run
2026-08-04T04:40:28+03:00,1785807628,131,78,3,36.2,47.3,,run
2026-08-04T04:40:34+03:00,1785807634,137,78,3,36.2,45.4,,run
2026-08-04T04:40:39+03:00,1785807639,142,78,3,36.2,44.2,,run
2026-08-04T04:40:44+03:00,1785807644,147,78,3,36.2,44.5,,run
2026-08-04T04:40:49+03:00,1785807649,152,78,3,36.2,44.5,,run
2026-08-04T04:40:54+03:00,1785807654,157,78,3,36.2,45.4,,run
2026-08-04T04:41:00+03:00,1785807660,163,78,3,36.2,55.6,,run
2026-08-04T04:41:05+03:00,1785807665,168,78,3,36.2,51.3,,run
2026-08-04T04:41:10+03:00,1785807670,173,78,3,36.2,50.1,,run
2026-08-04T04:41:16+03:00,1785807676,179,78,3,36.2,45.1,,run
2026-08-04T04:41:21+03:00,1785807681,184,78,3,36.2,44.5,,run
2026-08-04T04:41:26+03:00,1785807686,189,78,3,36.2,44.8,,run
2026-08-04T04:41:31+03:00,1785807691,194,78,3,36.2,44.5,,run
2026-08-04T04:41:36+03:00,1785807696,199,78,3,36.2,44.8,,run
2026-08-04T04:41:42+03:00,1785807702,205,78,3,36.2,46.7,,run
2026-08-04T04:41:47+03:00,1785807707,210,78,3,36.2,43.9,,run
2026-08-04T04:41:52+03:00,1785807712,215,78,3,36.2,43.6,,run
2026-08-04T04:41:57+03:00,1785807717,220,78,3,36.2,45.4,,run
2026-08-04T04:42:03+03:00,1785807723,226,78,3,36.2,43.2,,run
2026-08-04T04:42:08+03:00,1785807728,231,78,3,36.2,43.6,,run
2026-08-04T04:42:13+03:00,1785807733,236,78,3,36.2,53.8,,run
2026-08-04T04:42:18+03:00,1785807738,241,78,3,36.2,47.9,,run
2026-08-04T04:42:24+03:00,1785807744,247,78,3,36.2,48.2,,run
2026-08-04T04:42:29+03:00,1785807749,252,78,3,36.2,43.9,,run
2026-08-04T04:42:34+03:00,1785807754,257,78,3,36.2,42.3,,run
2026-08-04T04:42:39+03:00,1785807759,262,78,3,36.2,42.3,,run
2026-08-04T04:42:44+03:00,1785807764,267,78,3,36.2,42.6,,run
2026-08-04T04:42:50+03:00,1785807770,273,78,3,36.2,43.9,,run
2026-08-04T04:42:55+03:00,1785807775,278,78,3,36.2,42.0,,run
2026-08-04T04:43:00+03:00,1785807780,283,78,3,36.2,44.8,,run
2026-08-04T04:43:05+03:00,1785807785,288,78,3,36.2,47.9,,run
2026-08-04T04:43:11+03:00,1785807791,294,78,3,36.2,44.2,,run
2026-08-04T04:43:16+03:00,1785807796,299,78,3,36.2,44.2,,run
2026-08-04T04:43:21+03:00,1785807801,304,78,3,36.2,42.0,,run
2026-08-04T04:43:26+03:00,1785807806,309,78,3,36.2,44.2,,run
2026-08-04T04:43:31+03:00,1785807811,314,78,3,36.2,43.9,,run
2026-08-04T04:43:37+03:00,1785807817,320,78,3,36.2,44.2,,run
2026-08-04T04:43:42+03:00,1785807822,325,78,3,36.2,46.0,,run
2026-08-04T04:43:47+03:00,1785807827,330,78,3,36.2,45.4,,run
2026-08-04T04:43:52+03:00,1785807832,335,78,3,36.2,42.3,,run
2026-08-04T04:43:58+03:00,1785807838,341,78,3,36.2,42.0,,run
2026-08-04T04:44:03+03:00,1785807843,346,78,3,36.2,44.2,,run
2026-08-04T04:44:08+03:00,1785807848,351,78,3,36.2,42.9,,run
2026-08-04T04:44:13+03:00,1785807853,356,78,3,36.2,45.4,,run
2026-08-04T04:44:18+03:00,1785807858,361,78,3,36.2,55.9,,run
2026-08-04T04:44:24+03:00,1785807864,367,78,3,36.2,44.2,,run
2026-08-04T04:44:29+03:00,1785807869,372,78,3,36.2,43.6,,run
2026-08-04T04:44:35+03:00,1785807875,378,78,3,36.2,42.6,,run
2026-08-04T04:44:40+03:00,1785807880,383,78,3,36.2,43.9,,run
2026-08-04T04:44:45+03:00,1785807885,388,78,3,36.2,44.8,,run
2026-08-04T04:44:50+03:00,1785807890,393,78,3,36.2,42.9,,run
2026-08-04T04:44:56+03:00,1785807896,399,78,3,36.2,42.6,,run
2026-08-04T04:45:01+03:00,1785807901,404,78,3,36.2,42.6,,run
2026-08-04T04:45:06+03:00,1785807906,409,78,3,36.2,52.8,,run
2026-08-04T04:45:11+03:00,1785807911,414,78,3,36.2,44.8,,run
2026-08-04T04:45:17+03:00,1785807917,420,78,3,36.2,43.6,,run
2026-08-04T04:45:22+03:00,1785807922,425,78,3,36.2,42.9,,run
2026-08-04T04:45:27+03:00,1785807927,430,78,3,36.2,42.0,,run
2026-08-04T04:45:32+03:00,1785807932,435,78,3,36.2,42.6,,run
2026-08-04T04:45:37+03:00,1785807937,440,78,3,36.2,41.4,,run
2026-08-04T04:45:43+03:00,1785807943,446,78,3,36.2,44.8,,run
2026-08-04T04:45:48+03:00,1785807948,451,78,3,36.2,43.6,,run
2026-08-04T04:45:53+03:00,1785807953,456,78,3,36.2,42.3,,run
2026-08-04T04:45:58+03:00,1785807958,461,78,3,36.2,42.6,,run
2026-08-04T04:46:04+03:00,1785807964,467,78,3,36.2,42.0,,run
2026-08-04T04:46:09+03:00,1785807969,472,78,3,36.2,42.3,,run
2026-08-04T04:46:14+03:00,1785807974,477,78,3,36.2,43.9,,run
2026-08-04T04:46:19+03:00,1785807979,482,78,3,36.2,46.0,,run
2026-08-04T04:46:24+03:00,1785807984,487,78,3,36.2,46.0,,run
2026-08-04T04:46:30+03:00,1785807990,493,78,3,36.2,48.5,,run
2026-08-04T04:46:35+03:00,1785807995,498,78,3,36.2,46.7,,run
2026-08-04T04:46:40+03:00,1785808000,503,78,3,36.2,42.3,,run
2026-08-04T04:46:45+03:00,1785808005,508,78,3,36.2,41.4,,run
2026-08-04T04:46:51+03:00,1785808011,514,78,3,36.2,42.3,,run
2026-08-04T04:46:56+03:00,1785808016,519,78,3,36.2,41.7,,run
2026-08-04T04:47:01+03:00,1785808021,524,78,3,36.2,43.6,,run
2026-08-04T04:47:06+03:00,1785808026,529,78,3,36.2,50.7,,run
2026-08-04T04:47:12+03:00,1785808032,535,78,3,36.2,42.9,,run
2026-08-04T04:47:17+03:00,1785808037,540,78,3,36.2,43.6,,run
2026-08-04T04:47:22+03:00,1785808042,545,78,3,36.2,42.9,,run
2026-08-04T04:47:27+03:00,1785808047,550,78,3,36.2,42.9,,run
2026-08-04T04:47:33+03:00,1785808053,556,78,3,36.2,44.8,,run
2026-08-04T04:47:38+03:00,1785808058,561,78,3,36.2,42.6,,run
2026-08-04T04:47:43+03:00,1785808063,566,78,3,36.2,42.3,,run
2026-08-04T04:47:48+03:00,1785808068,571,78,3,36.2,42.0,,run
2026-08-04T04:47:53+03:00,1785808073,576,78,3,36.2,42.3,,run
2026-08-04T04:47:59+03:00,1785808079,582,78,3,36.2,41.7,,run
2026-08-04T04:48:04+03:00,1785808084,587,78,3,36.2,42.6,,run
2026-08-04T04:48:09+03:00,1785808089,592,78,3,36.2,42.0,,run
2026-08-04T04:48:14+03:00,1785808094,597,78,3,36.2,41.1,,run
2026-08-04T04:48:19+03:00,1785808099,602,78,3,31.1,49.1,,run
2026-08-04T04:48:25+03:00,1785808105,608,78,3,31.1,43.6,,run
2026-08-04T04:48:30+03:00,1785808110,613,78,3,31.1,42.0,,run
2026-08-04T04:48:35+03:00,1785808115,618,78,3,31.1,41.1,,run
2026-08-04T04:48:41+03:00,1785808121,624,78,3,31.1,44.2,,run
2026-08-04T04:48:46+03:00,1785808126,629,78,3,31.1,42.3,,run
2026-08-04T04:48:51+03:00,1785808131,634,78,3,31.1,41.4,,run
2026-08-04T04:48:56+03:00,1785808136,639,78,3,31.1,40.8,,run
2026-08-04T04:49:02+03:00,1785808142,645,78,3,31.1,42.9,,run
2026-08-04T04:49:07+03:00,1785808147,650,78,3,31.1,47.9,,run
2026-08-04T04:49:12+03:00,1785808152,655,78,3,31.1,42.6,,run
2026-08-04T04:49:17+03:00,1785808157,660,78,3,31.1,43.9,,run
2026-08-04T04:49:23+03:00,1785808163,666,78,3,31.1,45.1,,run
2026-08-04T04:49:28+03:00,1785808168,671,78,3,31.1,43.6,,run
2026-08-04T04:49:33+03:00,1785808173,676,78,3,31.1,43.2,,run
2026-08-04T04:49:38+03:00,1785808178,681,78,3,31.1,46.0,,run
2026-08-04T04:49:43+03:00,1785808183,686,78,3,31.1,43.9,,run
2026-08-04T04:49:49+03:00,1785808189,692,78,3,31.1,42.6,,run
2026-08-04T04:49:54+03:00,1785808194,697,78,3,31.1,42.9,,run
2026-08-04T04:49:59+03:00,1785808199,702,78,3,31.1,44.5,,run
2026-08-04T04:50:04+03:00,1785808204,707,78,3,31.1,43.6,,run
2026-08-04T04:50:10+03:00,1785808210,713,78,3,31.1,42.6,,run
2026-08-04T04:50:15+03:00,1785808215,718,78,3,31.1,42.6,,run
2026-08-04T04:50:20+03:00,1785808220,723,78,3,31.1,51.9,,run
2026-08-04T04:50:26+03:00,1785808226,729,78,3,31.1,47.0,,run
2026-08-04T04:50:31+03:00,1785808231,734,78,3,31.1,46.7,,run
2026-08-04T04:50:36+03:00,1785808236,739,78,3,31.1,44.5,,run
2026-08-04T04:50:41+03:00,1785808241,744,78,3,31.1,43.2,,run
2026-08-04T04:50:46+03:00,1785808246,749,78,3,31.1,46.3,,run
2026-08-04T04:50:52+03:00,1785808252,755,78,3,31.1,43.2,,run
2026-08-04T04:50:57+03:00,1785808257,760,78,3,31.1,42.3,,run
2026-08-04T04:51:02+03:00,1785808262,765,78,3,31.1,46.3,,run
2026-08-04T04:51:07+03:00,1785808267,770,78,3,31.1,48.5,,run
2026-08-04T04:51:13+03:00,1785808273,776,78,3,31.1,47.3,,run
2026-08-04T04:51:18+03:00,1785808278,781,78,3,31.1,45.4,,run
2026-08-04T04:51:23+03:00,1785808283,786,78,3,31.1,46.0,,run
2026-08-04T04:51:28+03:00,1785808288,791,78,3,31.1,44.2,,run
2026-08-04T04:51:34+03:00,1785808294,797,78,3,31.1,43.6,,run
2026-08-04T04:51:39+03:00,1785808299,802,78,3,31.1,43.2,,run
2026-08-04T04:51:44+03:00,1785808304,807,78,3,31.1,43.2,,run
2026-08-04T04:51:49+03:00,1785808309,812,78,3,31.1,47.6,,run
2026-08-04T04:51:55+03:00,1785808315,818,78,3,31.1,45.7,,run
2026-08-04T04:52:00+03:00,1785808320,823,78,3,31.1,45.1,,run
2026-08-04T04:52:05+03:00,1785808325,828,78,3,31.1,45.1,,run
2026-08-04T04:52:10+03:00,1785808330,833,78,3,31.1,43.2,,run
2026-08-04T04:52:15+03:00,1785808335,838,78,3,31.1,43.9,,run
2026-08-04T04:52:21+03:00,1785808341,844,78,3,31.1,51.3,,run
2026-08-04T04:52:26+03:00,1785808346,849,78,3,31.1,46.0,,run
2026-08-04T04:52:32+03:00,1785808352,855,78,3,31.1,45.4,,run
2026-08-04T04:52:37+03:00,1785808357,860,78,3,31.1,42.3,,run
2026-08-04T04:52:42+03:00,1785808362,865,78,3,31.1,43.2,,run
2026-08-04T04:52:47+03:00,1785808367,870,78,3,31.1,42.6,,run
2026-08-04T04:52:53+03:00,1785808373,876,78,3,31.1,43.6,,run
2026-08-04T04:52:58+03:00,1785808378,881,78,3,31.1,42.6,,run
2026-08-04T04:53:03+03:00,1785808383,886,78,3,31.1,42.6,,run
2026-08-04T04:53:08+03:00,1785808388,891,78,3,31.1,51.9,,run
2026-08-04T04:53:13+03:00,1785808393,896,78,3,31.1,44.8,,run
2026-08-04T04:53:19+03:00,1785808399,902,78,3,31.1,46.0,,run
2026-08-04T04:53:24+03:00,1785808404,907,78,3,31.1,44.8,,run
2026-08-04T04:53:29+03:00,1785808409,912,78,3,31.1,45.1,,run
2026-08-04T04:53:34+03:00,1785808414,917,78,3,31.1,45.1,,run
2026-08-04T04:53:40+03:00,1785808420,923,78,3,31.1,43.2,,run
2026-08-04T04:53:45+03:00,1785808425,928,78,3,31.1,43.6,,run
2026-08-04T04:53:50+03:00,1785808430,933,78,3,31.1,44.5,,run
2026-08-04T04:53:55+03:00,1785808435,938,78,3,31.1,43.9,,run
2026-08-04T04:54:01+03:00,1785808441,944,78,3,31.1,45.1,,run
2026-08-04T04:54:06+03:00,1785808446,949,78,3,31.1,45.1,,run
2026-08-04T04:54:11+03:00,1785808451,954,78,3,31.1,43.9,,run
2026-08-04T04:54:16+03:00,1785808456,959,78,3,31.1,43.2,,run
2026-08-04T04:54:21+03:00,1785808461,964,78,3,31.1,48.5,,run
2026-08-04T04:54:27+03:00,1785808467,970,78,3,31.1,47.9,,run
2026-08-04T04:54:32+03:00,1785808472,975,78,3,31.1,44.5,,run
2026-08-04T04:54:37+03:00,1785808477,980,78,3,31.1,50.4,,run
2026-08-04T04:54:42+03:00,1785808482,985,78,3,31.1,43.6,,run
2026-08-04T04:54:48+03:00,1785808488,991,78,3,31.1,42.3,,run
2026-08-04T04:54:53+03:00,1785808493,996,78,3,31.1,41.4,,run
2026-08-04T04:54:58+03:00,1785808498,1001,78,3,31.1,43.6,,run
2026-08-04T04:55:03+03:00,1785808503,1006,78,3,31.1,43.6,,run
2026-08-04T04:55:09+03:00,1785808509,1012,78,3,31.1,51.6,,run
2026-08-04T04:55:14+03:00,1785808514,1017,78,3,31.1,45.7,,run
2026-08-04T04:55:19+03:00,1785808519,1022,78,3,31.1,43.2,,run
2026-08-04T04:55:24+03:00,1785808524,1027,78,3,31.1,43.2,,run
2026-08-04T04:55:30+03:00,1785808530,1033,78,3,31.1,43.2,,run
2026-08-04T04:55:35+03:00,1785808535,1038,78,3,31.1,44.2,,run
2026-08-04T04:55:40+03:00,1785808540,1043,77,3,31.2,43.2,,run
2026-08-04T04:55:45+03:00,1785808545,1048,77,3,31.2,45.7,,run
2026-08-04T04:55:50+03:00,1785808550,1053,77,3,31.2,42.9,,run
2026-08-04T04:55:56+03:00,1785808556,1059,77,3,31.2,42.6,,run
2026-08-04T04:56:01+03:00,1785808561,1064,77,3,31.2,42.6,,run
2026-08-04T04:56:06+03:00,1785808566,1069,77,3,31.2,43.9,,run
2026-08-04T04:56:11+03:00,1785808571,1074,77,3,31.2,41.7,,run
2026-08-04T04:56:17+03:00,1785808577,1080,77,3,31.2,43.9,,run
2026-08-04T04:56:22+03:00,1785808582,1085,77,3,31.2,50.1,,run
2026-08-04T04:56:27+03:00,1785808587,1090,77,3,31.2,47.3,,run
2026-08-04T04:56:32+03:00,1785808592,1095,77,3,31.2,49.7,,run
2026-08-04T04:56:38+03:00,1785808598,1101,77,3,31.2,43.9,,run
2026-08-04T04:56:43+03:00,1785808603,1106,77,3,31.2,43.9,,run
2026-08-04T04:56:48+03:00,1785808608,1111,77,3,31.2,44.2,,run
2026-08-04T04:56:53+03:00,1785808613,1116,77,3,31.2,42.0,,run
2026-08-04T04:56:58+03:00,1785808618,1121,77,3,31.2,43.9,,run
2026-08-04T04:57:04+03:00,1785808624,1127,77,3,31.2,45.4,,run
2026-08-04T04:57:09+03:00,1785808629,1132,77,3,31.2,54.7,,run
2026-08-04T04:57:15+03:00,1785808635,1138,77,3,31.2,47.9,,run
2026-08-04T04:57:20+03:00,1785808640,1143,77,3,31.2,46.0,,run
2026-08-04T04:57:25+03:00,1785808645,1148,77,3,31.2,43.2,,run
2026-08-04T04:57:31+03:00,1785808651,1154,77,3,31.2,43.6,,run
2026-08-04T04:57:36+03:00,1785808656,1159,77,3,31.2,45.4,,run
2026-08-04T04:57:41+03:00,1785808661,1164,77,3,31.2,42.9,,run
2026-08-04T04:57:46+03:00,1785808666,1169,77,3,31.2,43.6,,run
2026-08-04T04:57:51+03:00,1785808671,1174,77,3,31.2,43.6,,run
2026-08-04T04:57:57+03:00,1785808677,1180,77,3,31.2,46.3,,run
2026-08-04T04:58:02+03:00,1785808682,1185,77,3,31.2,42.3,,run
2026-08-04T04:58:07+03:00,1785808687,1190,77,3,31.2,42.3,,run
2026-08-04T04:58:12+03:00,1785808692,1195,77,3,31.2,41.7,,run
2026-08-04T04:58:18+03:00,1785808698,1201,77,3,30.8,42.0,,run
2026-08-04T04:58:23+03:00,1785808703,1206,77,3,30.8,43.6,,run
2026-08-04T04:58:28+03:00,1785808708,1211,77,3,30.8,54.1,,run
2026-08-04T04:58:34+03:00,1785808714,1217,77,3,30.8,43.2,,run
2026-08-04T04:58:39+03:00,1785808719,1222,77,3,30.8,42.3,,run
2026-08-04T04:58:44+03:00,1785808724,1227,77,3,30.8,42.0,,run
2026-08-04T04:58:49+03:00,1785808729,1232,77,3,30.8,41.4,,run
2026-08-04T04:58:54+03:00,1785808734,1237,77,3,30.8,40.8,,run
2026-08-04T04:59:00+03:00,1785808740,1243,77,3,30.8,42.0,,run
2026-08-04T04:59:05+03:00,1785808745,1248,77,3,30.8,40.5,,run
2026-08-04T04:59:10+03:00,1785808750,1253,77,3,30.8,43.6,,run
2026-08-04T04:59:16+03:00,1785808756,1259,77,3,30.8,50.4,,run
2026-08-04T04:59:21+03:00,1785808761,1264,77,3,30.8,45.1,,run
2026-08-04T04:59:26+03:00,1785808766,1269,77,3,30.8,43.9,,run
2026-08-04T04:59:31+03:00,1785808771,1274,77,3,30.8,41.7,,run
2026-08-04T04:59:37+03:00,1785808777,1280,77,3,30.8,41.7,,run
2026-08-04T04:59:42+03:00,1785808782,1285,77,3,30.8,42.6,,run
2026-08-04T04:59:47+03:00,1785808787,1290,77,3,30.8,43.2,,run
2026-08-04T04:59:52+03:00,1785808792,1295,77,3,30.8,42.0,,run
2026-08-04T04:59:57+03:00,1785808797,1300,77,3,30.8,41.1,,run
2026-08-04T05:00:03+03:00,1785808803,1306,77,3,30.8,42.9,,run
2026-08-04T05:00:08+03:00,1785808808,1311,77,3,30.8,45.1,,run
2026-08-04T05:00:13+03:00,1785808813,1316,77,3,30.8,43.2,,run
2026-08-04T05:00:18+03:00,1785808818,1321,77,3,30.8,45.1,,run
2026-08-04T05:00:24+03:00,1785808824,1327,77,3,30.8,43.6,,run
2026-08-04T05:00:29+03:00,1785808829,1332,77,3,30.8,54.4,,run
2026-08-04T05:00:34+03:00,1785808834,1337,77,3,30.8,43.2,,run
2026-08-04T05:00:40+03:00,1785808840,1343,77,3,30.8,45.1,,run
2026-08-04T05:00:45+03:00,1785808845,1348,77,3,30.8,42.3,,run
2026-08-04T05:00:50+03:00,1785808850,1353,77,3,30.8,42.0,,run
2026-08-04T05:00:55+03:00,1785808855,1358,77,3,30.8,42.9,,run
2026-08-04T05:01:00+03:00,1785808860,1363,77,3,30.8,45.4,,run
2026-08-04T05:01:06+03:00,1785808866,1369,77,3,30.8,43.6,,run
2026-08-04T05:01:11+03:00,1785808871,1374,77,3,30.8,44.2,,run
2026-08-04T05:01:16+03:00,1785808876,1379,77,3,30.8,51.0,,run
2026-08-04T05:01:22+03:00,1785808882,1385,77,3,30.8,43.2,,run
2026-08-04T05:01:27+03:00,1785808887,1390,77,3,30.8,47.9,,run
2026-08-04T05:01:32+03:00,1785808892,1395,77,3,30.8,47.3,,run
2026-08-04T05:01:37+03:00,1785808897,1400,77,3,30.8,43.6,,run
2026-08-04T05:01:43+03:00,1785808903,1406,77,3,30.8,42.0,,run
2026-08-04T05:01:48+03:00,1785808908,1411,77,3,30.8,41.4,,run
2026-08-04T05:01:53+03:00,1785808913,1416,77,3,30.8,40.8,,run
2026-08-04T05:01:58+03:00,1785808918,1421,77,3,30.8,41.1,,run
2026-08-04T05:02:03+03:00,1785808923,1426,77,3,30.8,43.6,,run
2026-08-04T05:02:09+03:00,1785808929,1432,77,3,30.8,42.0,,run
2026-08-04T05:02:14+03:00,1785808934,1437,77,3,30.8,43.9,,run
2026-08-04T05:02:19+03:00,1785808939,1442,77,3,30.8,46.7,,run
2026-08-04T05:02:24+03:00,1785808944,1447,77,3,30.8,44.2,,run
2026-08-04T05:02:30+03:00,1785808950,1453,77,3,30.8,46.0,,run
2026-08-04T05:02:35+03:00,1785808955,1458,77,3,30.8,43.9,,run
2026-08-04T05:02:40+03:00,1785808960,1463,77,3,30.8,42.9,,run
2026-08-04T05:02:45+03:00,1785808965,1468,77,3,30.8,41.4,,run
2026-08-04T05:02:51+03:00,1785808971,1474,77,3,30.8,42.3,,run
2026-08-04T05:02:56+03:00,1785808976,1479,77,3,30.8,41.1,,run
2026-08-04T05:03:01+03:00,1785808981,1484,77,3,30.8,43.6,,run
2026-08-04T05:03:06+03:00,1785808986,1489,77,3,30.8,41.1,,run
2026-08-04T05:03:12+03:00,1785808992,1495,77,3,30.8,40.5,,run
2026-08-04T05:03:17+03:00,1785808997,1500,77,3,30.8,51.3,,run
2026-08-04T05:03:22+03:00,1785809002,1505,77,3,30.8,45.4,,run
2026-08-04T05:03:28+03:00,1785809008,1511,77,3,30.8,43.2,,run
2026-08-04T05:03:33+03:00,1785809013,1516,77,3,30.8,43.9,,run
2026-08-04T05:03:38+03:00,1785809018,1521,77,3,30.8,47.3,,run
2026-08-04T05:03:43+03:00,1785809023,1526,77,3,30.8,45.4,,run
2026-08-04T05:03:49+03:00,1785809029,1532,77,3,30.8,42.6,,run
2026-08-04T05:03:54+03:00,1785809034,1537,77,3,30.8,41.1,,run
2026-08-04T05:03:59+03:00,1785809039,1542,77,3,30.8,42.6,,run
2026-08-04T05:04:04+03:00,1785809044,1547,77,3,30.8,42.0,,run
2026-08-04T05:04:09+03:00,1785809049,1552,77,3,30.8,41.1,,run
2026-08-04T05:04:15+03:00,1785809055,1558,77,3,30.8,41.4,,run
2026-08-04T05:04:20+03:00,1785809060,1563,77,3,30.8,40.5,,run
2026-08-04T05:04:25+03:00,1785809065,1568,77,3,30.8,41.1,,run
2026-08-04T05:04:30+03:00,1785809070,1573,77,3,30.8,49.7,,run
2026-08-04T05:04:36+03:00,1785809076,1579,77,3,30.8,46.3,,run
2026-08-04T05:04:41+03:00,1785809081,1584,77,3,30.8,47.6,,run
2026-08-04T05:04:46+03:00,1785809086,1589,77,3,30.8,42.9,,run
2026-08-04T05:04:51+03:00,1785809091,1594,77,3,30.8,42.6,,run
2026-08-04T05:04:57+03:00,1785809097,1600,77,3,30.8,40.8,,run
2026-08-04T05:05:02+03:00,1785809102,1605,77,3,30.8,41.4,,run
2026-08-04T05:05:07+03:00,1785809107,1610,77,3,30.8,40.8,,run
2026-08-04T05:05:12+03:00,1785809112,1615,77,3,30.8,40.8,,run
2026-08-04T05:05:17+03:00,1785809117,1620,77,3,30.8,52.8,,run
2026-08-04T05:05:23+03:00,1785809123,1626,77,3,30.8,44.5,,run
2026-08-04T05:05:28+03:00,1785809128,1631,77,3,30.8,42.0,,run
2026-08-04T05:05:33+03:00,1785809133,1636,77,3,30.8,41.1,,run
2026-08-04T05:05:39+03:00,1785809139,1642,77,3,30.8,41.4,,run
2026-08-04T05:05:44+03:00,1785809144,1647,77,3,30.8,40.8,,run
2026-08-04T05:05:49+03:00,1785809149,1652,77,3,30.8,44.2,,run
2026-08-04T05:05:54+03:00,1785809154,1657,77,3,30.8,43.9,,run
2026-08-04T05:06:00+03:00,1785809160,1663,77,3,30.8,41.7,,run
2026-08-04T05:06:05+03:00,1785809165,1668,77,3,30.8,41.4,,run
2026-08-04T05:06:10+03:00,1785809170,1673,77,3,30.8,40.5,,run
2026-08-04T05:06:15+03:00,1785809175,1678,77,3,30.8,41.4,,run
2026-08-04T05:06:20+03:00,1785809180,1683,77,3,30.8,41.4,,run
2026-08-04T05:06:26+03:00,1785809186,1689,77,3,30.8,42.0,,run
2026-08-04T05:06:31+03:00,1785809191,1694,77,3,30.8,45.1,,run
2026-08-04T05:06:36+03:00,1785809196,1699,77,3,30.8,53.1,,run
2026-08-04T05:06:42+03:00,1785809202,1705,77,3,30.8,42.3,,run
2026-08-04T05:06:47+03:00,1785809207,1710,77,3,30.8,42.9,,run
2026-08-04T05:06:52+03:00,1785809212,1715,77,3,30.8,41.4,,run
2026-08-04T05:06:57+03:00,1785809217,1720,77,3,30.8,41.1,,run
2026-08-04T05:07:03+03:00,1785809223,1726,77,3,30.8,42.3,,run
2026-08-04T05:07:08+03:00,1785809228,1731,77,3,30.8,41.4,,run
2026-08-04T05:07:13+03:00,1785809233,1736,77,3,30.8,40.8,,run
2026-08-04T05:07:18+03:00,1785809238,1741,77,3,30.8,42.3,,run
2026-08-04T05:07:24+03:00,1785809244,1747,76,3,30.6,46.7,,run
2026-08-04T05:07:29+03:00,1785809249,1752,76,3,30.6,43.2,,run
2026-08-04T05:07:34+03:00,1785809254,1757,76,3,30.6,42.9,,run
2026-08-04T05:07:39+03:00,1785809259,1762,76,3,30.6,41.1,,run
2026-08-04T05:07:45+03:00,1785809265,1768,76,3,30.6,41.1,,run
2026-08-04T05:07:50+03:00,1785809270,1773,76,3,30.6,40.8,,run
2026-08-04T05:07:55+03:00,1785809275,1778,76,3,30.6,47.0,,run
2026-08-04T05:08:00+03:00,1785809280,1783,76,3,30.6,44.8,,run
2026-08-04T05:08:06+03:00,1785809286,1789,76,3,30.6,43.6,,run
2026-08-04T05:08:11+03:00,1785809291,1794,76,3,30.6,41.7,,run
2026-08-04T05:08:16+03:00,1785809296,1799,76,3,30.5,41.4,,run
2026-08-04T05:08:21+03:00,1785809301,1804,76,3,30.5,41.4,,run
2026-08-04T05:08:26+03:00,1785809306,1809,76,3,30.5,41.4,,run
2026-08-04T05:08:32+03:00,1785809312,1815,76,3,30.5,42.0,,run
2026-08-04T05:08:37+03:00,1785809317,1820,76,3,30.5,49.7,,run
2026-08-04T05:08:43+03:00,1785809323,1826,76,3,30.5,46.3,,run
2026-08-04T05:08:48+03:00,1785809328,1831,76,3,30.5,44.5,,run
2026-08-04T05:08:53+03:00,1785809333,1836,76,3,30.5,41.4,,run
2026-08-04T05:08:58+03:00,1785809338,1841,76,3,30.5,41.4,,run
2026-08-04T05:09:04+03:00,1785809344,1847,76,3,30.5,40.5,,run
2026-08-04T05:09:09+03:00,1785809349,1852,76,3,30.5,40.8,,run
2026-08-04T05:09:14+03:00,1785809354,1857,76,3,30.5,42.6,,run
2026-08-04T05:09:19+03:00,1785809359,1862,76,3,30.5,40.8,,run
2026-08-04T05:09:25+03:00,1785809365,1868,76,3,30.5,52.5,,run
2026-08-04T05:09:30+03:00,1785809370,1873,76,3,30.5,45.1,,run
2026-08-04T05:09:35+03:00,1785809375,1878,76,3,30.5,45.1,,run
2026-08-04T05:09:40+03:00,1785809380,1883,76,3,30.5,42.6,,run
2026-08-04T05:09:46+03:00,1785809386,1889,76,3,30.5,45.1,,run
2026-08-04T05:09:51+03:00,1785809391,1894,76,3,30.5,43.2,,run
2026-08-04T05:09:56+03:00,1785809396,1899,76,3,30.5,42.3,,run
2026-08-04T05:10:01+03:00,1785809401,1904,76,3,30.5,47.0,,run
2026-08-04T05:10:06+03:00,1785809406,1909,76,3,30.5,44.5,,run
2026-08-04T05:10:12+03:00,1785809412,1915,76,3,30.5,47.3,,run
2026-08-04T05:10:17+03:00,1785809417,1920,76,3,30.5,44.2,,run
2026-08-04T05:10:22+03:00,1785809422,1925,76,3,30.5,44.2,,run
2026-08-04T05:10:27+03:00,1785809427,1930,76,3,30.5,43.9,,run
2026-08-04T05:10:33+03:00,1785809433,1936,76,3,30.5,42.6,,run
2026-08-04T05:10:38+03:00,1785809438,1941,76,3,30.5,43.2,,run
2026-08-04T05:10:43+03:00,1785809443,1946,76,3,30.5,43.6,,run
2026-08-04T05:10:48+03:00,1785809448,1951,76,3,30.5,47.3,,run
2026-08-04T05:10:53+03:00,1785809453,1956,76,3,30.5,44.2,,run
2026-08-04T05:10:59+03:00,1785809459,1962,76,3,30.5,42.9,,run
2026-08-04T05:11:04+03:00,1785809464,1967,76,3,30.5,41.4,,run
2026-08-04T05:11:09+03:00,1785809469,1972,76,3,30.5,41.4,,run
2026-08-04T05:11:14+03:00,1785809474,1977,76,3,30.5,40.2,,run
2026-08-04T05:11:20+03:00,1785809480,1983,76,3,30.5,42.0,,run
2026-08-04T05:11:25+03:00,1785809485,1988,76,3,30.5,51.6,,run
2026-08-04T05:11:30+03:00,1785809490,1993,76,3,30.5,44.5,,run
2026-08-04T05:11:36+03:00,1785809496,1999,76,3,30.5,42.6,,run
2026-08-04T05:11:41+03:00,1785809501,2004,76,3,30.5,41.7,,run
2026-08-04T05:11:46+03:00,1785809506,2009,76,3,30.5,41.1,,run
2026-08-04T05:11:51+03:00,1785809511,2014,76,3,30.5,41.1,,run
2026-08-04T05:11:57+03:00,1785809517,2020,76,3,30.5,43.6,,run
2026-08-04T05:12:02+03:00,1785809522,2025,76,3,30.5,41.1,,run
2026-08-04T05:12:07+03:00,1785809527,2030,76,3,30.5,42.9,,run
2026-08-04T05:12:12+03:00,1785809532,2035,76,3,30.5,43.6,,run
2026-08-04T05:12:18+03:00,1785809538,2041,76,3,30.5,41.7,,run
2026-08-04T05:12:23+03:00,1785809543,2046,76,3,30.5,42.0,,run
2026-08-04T05:12:28+03:00,1785809548,2051,76,3,30.5,41.1,,run
2026-08-04T05:12:33+03:00,1785809553,2056,76,3,30.5,42.6,,run
2026-08-04T05:12:38+03:00,1785809558,2061,76,3,30.5,45.1,,run
2026-08-04T05:12:44+03:00,1785809564,2067,76,3,30.5,47.0,,run
2026-08-04T05:12:49+03:00,1785809569,2072,76,3,30.5,45.7,,run
2026-08-04T05:12:54+03:00,1785809574,2077,76,3,30.5,40.5,,run
2026-08-04T05:12:59+03:00,1785809579,2082,76,3,30.5,43.6,,run
2026-08-04T05:13:05+03:00,1785809585,2088,76,3,30.5,43.9,,run
2026-08-04T05:13:10+03:00,1785809590,2093,76,3,30.5,41.7,,run
2026-08-04T05:13:15+03:00,1785809595,2098,76,3,30.5,40.2,,run
2026-08-04T05:13:20+03:00,1785809600,2103,76,3,30.5,41.1,,run
2026-08-04T05:13:25+03:00,1785809605,2108,76,3,30.5,42.3,,run
2026-08-04T05:13:31+03:00,1785809611,2114,76,3,30.5,46.7,,run
2026-08-04T05:13:36+03:00,1785809616,2119,76,3,30.5,42.9,,run
2026-08-04T05:13:41+03:00,1785809621,2124,76,3,30.5,44.2,,run
2026-08-04T05:13:47+03:00,1785809627,2130,76,3,30.5,43.2,,run
2026-08-04T05:13:52+03:00,1785809632,2135,76,3,30.5,42.0,,run
2026-08-04T05:13:57+03:00,1785809637,2140,76,3,30.5,42.0,,run
2026-08-04T05:14:02+03:00,1785809642,2145,76,3,30.5,43.2,,run
2026-08-04T05:14:07+03:00,1785809647,2150,76,3,30.5,42.9,,run
2026-08-04T05:14:13+03:00,1785809653,2156,76,3,30.5,43.9,,run
2026-08-04T05:14:18+03:00,1785809658,2161,76,3,30.5,45.4,,run
2026-08-04T05:14:23+03:00,1785809663,2166,76,3,30.5,43.9,,run
2026-08-04T05:14:28+03:00,1785809668,2171,76,3,30.5,41.4,,run
2026-08-04T05:14:34+03:00,1785809674,2177,76,3,30.5,41.1,,run
2026-08-04T05:14:39+03:00,1785809679,2182,76,3,30.5,42.0,,run
2026-08-04T05:14:44+03:00,1785809684,2187,76,3,30.5,49.7,,run
2026-08-04T05:14:50+03:00,1785809690,2193,76,3,30.5,43.9,,run
2026-08-04T05:14:55+03:00,1785809695,2198,76,3,30.5,42.3,,run
2026-08-04T05:15:00+03:00,1785809700,2203,76,3,30.5,43.2,,run
2026-08-04T05:15:05+03:00,1785809705,2208,76,3,30.5,41.7,,run
2026-08-04T05:15:11+03:00,1785809711,2214,76,3,30.5,40.8,,run
2026-08-04T05:15:16+03:00,1785809716,2219,76,3,30.5,41.4,,run
2026-08-04T05:15:21+03:00,1785809721,2224,76,3,30.5,42.6,,run
2026-08-04T05:15:26+03:00,1785809726,2229,76,3,30.5,41.1,,run
2026-08-04T05:15:31+03:00,1785809731,2234,76,3,30.5,50.4,,run
2026-08-04T05:15:37+03:00,1785809737,2240,76,3,30.5,43.9,,run
2026-08-04T05:15:42+03:00,1785809742,2245,76,3,30.5,42.0,,run
2026-08-04T05:15:47+03:00,1785809747,2250,76,3,30.5,41.7,,run
2026-08-04T05:15:52+03:00,1785809752,2255,76,3,30.5,42.9,,run
2026-08-04T05:15:58+03:00,1785809758,2261,76,3,30.5,42.3,,run
2026-08-04T05:16:03+03:00,1785809763,2266,76,3,30.5,41.7,,run
2026-08-04T05:16:08+03:00,1785809768,2271,76,3,30.5,41.4,,run
2026-08-04T05:16:13+03:00,1785809773,2276,76,3,30.5,40.8,,run
2026-08-04T05:16:19+03:00,1785809779,2282,76,3,30.5,40.8,,run
2026-08-04T05:16:24+03:00,1785809784,2287,76,3,30.5,45.4,,run
2026-08-04T05:16:29+03:00,1785809789,2292,76,3,30.5,44.2,,run
2026-08-04T05:16:34+03:00,1785809794,2297,76,3,30.5,43.2,,run
2026-08-04T05:16:39+03:00,1785809799,2302,76,3,30.5,41.4,,run
2026-08-04T05:16:45+03:00,1785809805,2308,76,3,30.5,43.2,,run
2026-08-04T05:16:50+03:00,1785809810,2313,76,3,30.5,43.6,,run
2026-08-04T05:16:55+03:00,1785809815,2318,76,3,30.5,44.2,,run
2026-08-04T05:17:00+03:00,1785809820,2323,76,3,30.5,42.3,,run
2026-08-04T05:17:06+03:00,1785809826,2329,75,3,30.9,43.2,,run
2026-08-04T05:17:11+03:00,1785809831,2334,75,3,30.9,44.8,,run
2026-08-04T05:17:16+03:00,1785809836,2339,75,3,30.9,41.4,,run
2026-08-04T05:17:21+03:00,1785809841,2344,75,3,30.9,41.1,,run
2026-08-04T05:17:26+03:00,1785809846,2349,75,3,30.9,41.4,,run
2026-08-04T05:17:32+03:00,1785809852,2355,75,3,30.9,53.8,,run
2026-08-04T05:17:37+03:00,1785809857,2360,75,3,30.9,46.0,,run
2026-08-04T05:17:42+03:00,1785809862,2365,75,3,30.9,46.0,,run
2026-08-04T05:17:48+03:00,1785809868,2371,75,3,30.9,43.6,,run
2026-08-04T05:17:53+03:00,1785809873,2376,75,3,30.9,45.4,,run
2026-08-04T05:17:58+03:00,1785809878,2381,75,3,30.9,42.3,,run
2026-08-04T05:18:03+03:00,1785809883,2386,75,3,30.9,42.0,,run
2026-08-04T05:18:08+03:00,1785809888,2391,75,3,30.9,42.3,,run
2026-08-04T05:18:14+03:00,1785809894,2397,75,3,30.9,44.5,,run
2026-08-04T05:18:19+03:00,1785809899,2402,75,3,30.9,42.9,,run
2026-08-04T05:18:24+03:00,1785809904,2407,75,3,30.9,44.5,,run
2026-08-04T05:18:29+03:00,1785809909,2412,75,3,30.9,45.1,,run
2026-08-04T05:18:34+03:00,1785809914,2417,75,3,30.9,43.2,,run
2026-08-04T05:18:40+03:00,1785809920,2423,75,3,30.9,42.6,,run
2026-08-04T05:18:45+03:00,1785809925,2428,75,3,30.9,43.2,,run
2026-08-04T05:18:50+03:00,1785809930,2433,75,3,30.9,43.6,,run
2026-08-04T05:18:55+03:00,1785809935,2438,75,3,30.9,42.9,,run
2026-08-04T05:19:01+03:00,1785809941,2444,75,3,30.9,42.3,,run
2026-08-04T05:19:06+03:00,1785809946,2449,75,3,30.9,42.9,,run
2026-08-04T05:19:11+03:00,1785809951,2454,75,3,30.9,42.0,,run
2026-08-04T05:19:16+03:00,1785809956,2459,75,3,30.9,43.9,,run
2026-08-04T05:19:21+03:00,1785809961,2464,75,3,30.9,42.6,,run
2026-08-04T05:19:27+03:00,1785809967,2470,75,3,30.9,42.9,,run
2026-08-04T05:19:32+03:00,1785809972,2475,75,3,30.9,48.5,,run
2026-08-04T05:19:37+03:00,1785809977,2480,75,3,30.9,43.6,,run
2026-08-04T05:19:43+03:00,1785809983,2486,75,3,30.9,44.8,,run
2026-08-04T05:19:48+03:00,1785809988,2491,75,3,30.9,44.2,,run
2026-08-04T05:19:53+03:00,1785809993,2496,75,3,30.9,42.3,,run
2026-08-04T05:19:58+03:00,1785809998,2501,75,3,30.9,41.7,,run
2026-08-04T05:20:03+03:00,1785810003,2506,75,3,30.9,42.0,,run
2026-08-04T05:20:09+03:00,1785810009,2512,75,3,30.9,42.3,,run
2026-08-04T05:20:14+03:00,1785810014,2517,75,3,30.9,43.6,,run
2026-08-04T05:20:19+03:00,1785810019,2522,75,3,30.9,42.6,,run
2026-08-04T05:20:24+03:00,1785810024,2527,75,3,30.9,41.7,,run
2026-08-04T05:20:29+03:00,1785810029,2532,75,3,30.9,40.8,,run
2026-08-04T05:20:35+03:00,1785810035,2538,75,3,30.9,46.0,,run
2026-08-04T05:20:40+03:00,1785810040,2543,75,3,30.9,44.2,,run
2026-08-04T05:20:45+03:00,1785810045,2548,75,3,30.9,50.4,,run
2026-08-04T05:20:51+03:00,1785810051,2554,75,3,30.9,43.6,,run
2026-08-04T05:20:56+03:00,1785810056,2559,75,3,30.9,43.6,,run
2026-08-04T05:21:01+03:00,1785810061,2564,75,3,30.9,42.9,,run
2026-08-04T05:21:06+03:00,1785810066,2569,75,3,30.9,42.3,,run
2026-08-04T05:21:12+03:00,1785810072,2575,75,3,30.9,43.9,,run
2026-08-04T05:21:17+03:00,1785810077,2580,75,3,30.9,42.6,,run
2026-08-04T05:21:22+03:00,1785810082,2585,75,3,30.9,41.4,,run
2026-08-04T05:21:27+03:00,1785810087,2590,75,3,30.9,51.9,,run
2026-08-04T05:21:33+03:00,1785810093,2596,75,3,30.9,46.7,,run
2026-08-04T05:21:38+03:00,1785810098,2601,75,3,30.9,43.6,,run
2026-08-04T05:21:43+03:00,1785810103,2606,75,3,30.9,44.2,,run
2026-08-04T05:21:48+03:00,1785810108,2611,75,3,30.9,44.5,,run
2026-08-04T05:21:54+03:00,1785810114,2617,75,3,30.9,46.0,,run
2026-08-04T05:21:59+03:00,1785810119,2622,75,3,30.9,42.3,,run
2026-08-04T05:22:04+03:00,1785810124,2627,75,3,30.9,42.6,,run
2026-08-04T05:22:09+03:00,1785810129,2632,75,3,30.9,42.3,,run
2026-08-04T05:22:15+03:00,1785810135,2638,75,3,30.9,44.2,,run
2026-08-04T05:22:20+03:00,1785810140,2643,75,3,30.9,43.2,,run
2026-08-04T05:22:25+03:00,1785810145,2648,75,3,30.9,45.4,,run
2026-08-04T05:22:30+03:00,1785810150,2653,75,3,30.9,42.0,,run
2026-08-04T05:22:35+03:00,1785810155,2658,75,3,30.9,42.3,,run
2026-08-04T05:22:41+03:00,1785810161,2664,75,3,30.9,47.0,,run
2026-08-04T05:22:46+03:00,1785810166,2669,75,3,30.9,53.5,,run
2026-08-04T05:22:51+03:00,1785810171,2674,75,3,30.9,44.8,,run
2026-08-04T05:22:57+03:00,1785810177,2680,75,3,30.9,43.6,,run
2026-08-04T05:23:02+03:00,1785810182,2685,75,3,30.9,41.7,,run
2026-08-04T05:23:07+03:00,1785810187,2690,75,3,30.9,41.4,,run
2026-08-04T05:23:12+03:00,1785810192,2695,75,3,30.9,45.7,,run
2026-08-04T05:23:17+03:00,1785810197,2700,75,3,30.9,45.1,,run
2026-08-04T05:23:23+03:00,1785810203,2706,75,3,30.9,41.7,,run
2026-08-04T05:23:28+03:00,1785810208,2711,75,3,30.9,50.4,,run
2026-08-04T05:23:34+03:00,1785810214,2717,75,3,30.9,51.0,,run
2026-08-04T05:23:39+03:00,1785810219,2722,75,3,30.9,45.4,,run
2026-08-04T05:23:44+03:00,1785810224,2727,75,3,30.9,43.2,,run
2026-08-04T05:23:49+03:00,1785810229,2732,75,3,30.9,46.7,,run
2026-08-04T05:23:55+03:00,1785810235,2738,75,3,30.9,46.3,,run
2026-08-04T05:24:00+03:00,1785810240,2743,75,3,30.9,43.6,,run
2026-08-04T05:24:05+03:00,1785810245,2748,75,3,30.9,42.0,,run
2026-08-04T05:24:10+03:00,1785810250,2753,75,3,30.9,45.1,,run
2026-08-04T05:24:16+03:00,1785810256,2759,75,3,30.9,42.3,,run
2026-08-04T05:24:21+03:00,1785810261,2764,75,3,30.9,42.9,,run
2026-08-04T05:24:26+03:00,1785810266,2769,75,3,30.9,43.9,,run
2026-08-04T05:24:31+03:00,1785810271,2774,75,3,30.9,42.0,,run
2026-08-04T05:24:36+03:00,1785810276,2779,75,3,30.9,42.0,,run
2026-08-04T05:24:42+03:00,1785810282,2785,75,3,30.9,48.8,,run
2026-08-04T05:24:47+03:00,1785810287,2790,75,3,30.9,48.2,,run
2026-08-04T05:24:52+03:00,1785810292,2795,75,3,30.9,51.6,,run
2026-08-04T05:24:57+03:00,1785810297,2800,75,3,30.9,43.9,,run
2026-08-04T05:25:03+03:00,1785810303,2806,75,3,30.9,42.6,,run
2026-08-04T05:25:08+03:00,1785810308,2811,75,3,30.9,43.6,,run
2026-08-04T05:25:13+03:00,1785810313,2816,75,3,30.9,41.7,,run
2026-08-04T05:25:18+03:00,1785810318,2821,75,3,30.9,42.0,,run
2026-08-04T05:25:24+03:00,1785810324,2827,75,3,30.9,42.9,,run
2026-08-04T05:25:29+03:00,1785810329,2832,75,3,30.9,55.3,,run
2026-08-04T05:25:34+03:00,1785810334,2837,75,3,30.9,44.5,,run
2026-08-04T05:25:39+03:00,1785810339,2842,75,3,30.9,44.8,,run
2026-08-04T05:25:45+03:00,1785810345,2848,75,3,30.9,43.2,,run
2026-08-04T05:25:50+03:00,1785810350,2853,75,3,30.9,45.1,,run
2026-08-04T05:25:55+03:00,1785810355,2858,75,3,30.9,43.2,,run
2026-08-04T05:26:00+03:00,1785810360,2863,75,3,30.9,42.0,,run
2026-08-04T05:26:05+03:00,1785810365,2868,75,3,30.9,41.1,,run
2026-08-04T05:26:11+03:00,1785810371,2874,75,3,30.9,41.1,,run
2026-08-04T05:26:16+03:00,1785810376,2879,75,3,30.9,41.7,,run
2026-08-04T05:26:21+03:00,1785810381,2884,75,3,30.9,43.2,,run
2026-08-04T05:26:26+03:00,1785810386,2889,75,3,30.9,41.4,,run
2026-08-04T05:26:32+03:00,1785810392,2895,75,3,30.9,40.8,,run
2026-08-04T05:26:37+03:00,1785810397,2900,75,3,30.9,41.7,,run
2026-08-04T05:26:42+03:00,1785810402,2905,74,3,31.1,48.8,,run
2026-08-04T05:26:47+03:00,1785810407,2910,74,3,31.1,44.2,,run
2026-08-04T05:26:52+03:00,1785810412,2915,74,3,31.1,42.9,,run
2026-08-04T05:26:58+03:00,1785810418,2921,74,3,31.1,45.7,,run
2026-08-04T05:27:03+03:00,1785810423,2926,74,3,31.1,45.4,,run
2026-08-04T05:27:08+03:00,1785810428,2931,74,3,31.1,42.3,,run
2026-08-04T05:27:13+03:00,1785810433,2936,74,3,31.1,41.1,,run
2026-08-04T05:27:19+03:00,1785810439,2942,74,3,31.1,41.7,,run
2026-08-04T05:27:24+03:00,1785810444,2947,74,3,31.1,41.4,,run
2026-08-04T05:27:29+03:00,1785810449,2952,74,3,31.1,52.2,,run
2026-08-04T05:27:34+03:00,1785810454,2957,74,3,31.1,42.9,,run
2026-08-04T05:27:39+03:00,1785810459,2962,74,3,31.1,42.6,,run
2026-08-04T05:27:45+03:00,1785810465,2968,74,3,31.1,47.9,,run
2026-08-04T05:27:50+03:00,1785810470,2973,74,3,31.1,46.3,,run
2026-08-04T05:27:55+03:00,1785810475,2978,74,3,31.1,44.8,,run
2026-08-04T05:28:00+03:00,1785810480,2983,74,3,31.1,42.9,,run
2026-08-04T05:28:06+03:00,1785810486,2989,74,3,31.1,42.3,,run
2026-08-04T05:28:11+03:00,1785810491,2994,74,3,31.1,42.9,,run
2026-08-04T05:28:16+03:00,1785810496,2999,74,3,31.1,42.9,,run
2026-08-04T05:28:21+03:00,1785810501,3004,74,3,31.1,43.9,,run
2026-08-04T05:28:26+03:00,1785810506,3009,74,3,31.1,41.1,,run
2026-08-04T05:28:32+03:00,1785810512,3015,74,3,31.1,41.4,,run
2026-08-04T05:28:37+03:00,1785810517,3020,74,3,31.1,41.1,,run
2026-08-04T05:28:42+03:00,1785810522,3025,74,3,31.1,43.9,,run
2026-08-04T05:28:47+03:00,1785810527,3030,74,3,31.1,43.9,,run
2026-08-04T05:28:53+03:00,1785810533,3036,74,3,31.1,44.5,,run
2026-08-04T05:28:58+03:00,1785810538,3041,74,3,31.1,42.9,,run
2026-08-04T05:29:03+03:00,1785810543,3046,74,3,31.1,41.7,,run
2026-08-04T05:29:08+03:00,1785810548,3051,74,3,31.1,48.2,,run
2026-08-04T05:29:13+03:00,1785810553,3056,74,3,31.1,45.1,,run
2026-08-04T05:29:19+03:00,1785810559,3062,74,3,31.1,45.1,,run
2026-08-04T05:29:24+03:00,1785810564,3067,74,3,31.1,44.8,,run
2026-08-04T05:29:29+03:00,1785810569,3072,74,3,31.1,49.7,,run
2026-08-04T05:29:34+03:00,1785810574,3077,74,3,31.1,43.9,,run
2026-08-04T05:29:40+03:00,1785810580,3083,74,3,31.1,42.6,,run
2026-08-04T05:29:45+03:00,1785810585,3088,74,3,31.1,42.3,,run
2026-08-04T05:29:50+03:00,1785810590,3093,74,3,31.1,41.1,,run
2026-08-04T05:29:55+03:00,1785810595,3098,74,3,31.1,45.1,,run
2026-08-04T05:30:01+03:00,1785810601,3104,74,3,31.1,43.9,,run
2026-08-04T05:30:06+03:00,1785810606,3109,74,3,31.1,43.2,,run
2026-08-04T05:30:11+03:00,1785810611,3114,74,3,31.1,43.9,,run
2026-08-04T05:30:16+03:00,1785810616,3119,74,3,31.1,43.9,,run
2026-08-04T05:30:21+03:00,1785810621,3124,74,3,31.1,41.4,,run
2026-08-04T05:30:27+03:00,1785810627,3130,74,3,31.1,44.2,,run
2026-08-04T05:30:32+03:00,1785810632,3135,74,3,31.1,42.9,,run
2026-08-04T05:30:37+03:00,1785810637,3140,74,3,31.1,42.0,,run
2026-08-04T05:30:42+03:00,1785810642,3145,74,3,31.1,51.9,,run
2026-08-04T05:30:48+03:00,1785810648,3151,74,3,31.1,42.6,,run
2026-08-04T05:30:53+03:00,1785810653,3156,74,3,31.1,42.3,,run
2026-08-04T05:30:58+03:00,1785810658,3161,74,3,31.1,41.7,,run
2026-08-04T05:31:04+03:00,1785810664,3167,74,3,31.1,41.4,,run
2026-08-04T05:31:09+03:00,1785810669,3172,74,3,31.1,42.0,,run
2026-08-04T05:31:14+03:00,1785810674,3177,74,3,31.1,46.0,,run
2026-08-04T05:31:19+03:00,1785810679,3182,74,3,31.1,43.9,,run
2026-08-04T05:31:25+03:00,1785810685,3188,74,3,31.1,47.9,,run
2026-08-04T05:31:30+03:00,1785810690,3193,74,3,31.1,46.7,,run
2026-08-04T05:31:35+03:00,1785810695,3198,74,3,31.1,42.9,,run
2026-08-04T05:31:40+03:00,1785810700,3203,74,3,31.1,42.0,,run
2026-08-04T05:31:45+03:00,1785810705,3208,74,3,31.1,41.7,,run
2026-08-04T05:31:51+03:00,1785810711,3214,74,3,31.1,41.7,,run
2026-08-04T05:31:56+03:00,1785810716,3219,74,3,31.1,43.2,,run
2026-08-04T05:32:01+03:00,1785810721,3224,74,3,31.1,47.0,,run
2026-08-04T05:32:06+03:00,1785810726,3229,74,3,31.1,45.7,,run
2026-08-04T05:32:12+03:00,1785810732,3235,74,3,31.1,42.3,,run
2026-08-04T05:32:17+03:00,1785810737,3240,74,3,31.1,41.7,,run
2026-08-04T05:32:22+03:00,1785810742,3245,74,3,31.1,42.9,,run
2026-08-04T05:32:27+03:00,1785810747,3250,74,3,31.1,42.9,,run
2026-08-04T05:32:32+03:00,1785810752,3255,74,3,31.1,42.6,,run
2026-08-04T05:32:38+03:00,1785810758,3261,74,3,31.1,41.7,,run
2026-08-04T05:32:43+03:00,1785810763,3266,74,3,31.1,52.5,,run
2026-08-04T05:32:49+03:00,1785810769,3272,74,3,31.1,44.5,,run
2026-08-04T05:32:54+03:00,1785810774,3277,74,3,31.1,41.4,,run
2026-08-04T05:32:59+03:00,1785810779,3282,74,3,31.1,40.8,,run
2026-08-04T05:33:04+03:00,1785810784,3287,74,3,31.1,43.6,,run
2026-08-04T05:33:10+03:00,1785810790,3293,74,3,31.1,47.9,,run
2026-08-04T05:33:15+03:00,1785810795,3298,74,3,31.1,41.7,,run
2026-08-04T05:33:20+03:00,1785810800,3303,74,3,31.1,48.5,,run
2026-08-04T05:33:25+03:00,1785810805,3308,74,3,31.1,45.1,,run
2026-08-04T05:33:30+03:00,1785810810,3313,74,3,31.1,43.2,,run
2026-08-04T05:33:36+03:00,1785810816,3319,74,3,31.1,42.0,,run
2026-08-04T05:33:41+03:00,1785810821,3324,74,3,31.1,41.4,,run
2026-08-04T05:33:46+03:00,1785810826,3329,74,3,31.1,42.0,,run
2026-08-04T05:33:51+03:00,1785810831,3334,74,3,31.1,42.3,,run
2026-08-04T05:33:57+03:00,1785810837,3340,74,3,31.1,43.6,,run
2026-08-04T05:34:02+03:00,1785810842,3345,74,3,31.1,42.3,,run
2026-08-04T05:34:07+03:00,1785810847,3350,74,3,31.1,46.3,,run
2026-08-04T05:34:12+03:00,1785810852,3355,74,3,31.1,44.5,,run
2026-08-04T05:34:17+03:00,1785810857,3360,74,3,31.1,42.9,,run
2026-08-04T05:34:23+03:00,1785810863,3366,74,3,31.1,50.7,,run
2026-08-04T05:34:28+03:00,1785810868,3371,74,3,31.1,43.6,,run
2026-08-04T05:34:33+03:00,1785810873,3376,74,3,31.1,42.3,,run
2026-08-04T05:34:39+03:00,1785810879,3382,74,3,31.1,41.4,,run
2026-08-04T05:34:44+03:00,1785810884,3387,74,3,31.1,41.4,,run
2026-08-04T05:34:49+03:00,1785810889,3392,74,3,31.1,41.1,,run
2026-08-04T05:34:54+03:00,1785810894,3397,74,3,31.1,40.8,,run
2026-08-04T05:35:00+03:00,1785810900,3403,74,3,31.1,40.8,,run
2026-08-04T05:35:05+03:00,1785810905,3408,74,3,31.1,52.2,,run
2026-08-04T05:35:10+03:00,1785810910,3413,74,3,31.1,43.9,,run
2026-08-04T05:35:16+03:00,1785810916,3419,74,3,31.1,43.6,,run
2026-08-04T05:35:21+03:00,1785810921,3424,74,3,31.1,44.8,,run
2026-08-04T05:35:26+03:00,1785810926,3429,74,3,31.1,47.3,,run
2026-08-04T05:35:31+03:00,1785810931,3434,74,3,31.1,44.8,,run
2026-08-04T05:35:36+03:00,1785810936,3439,74,3,31.1,43.9,,run
2026-08-04T05:35:42+03:00,1785810942,3445,74,3,31.1,42.3,,run
2026-08-04T05:35:47+03:00,1785810947,3450,74,3,31.1,42.6,,run
2026-08-04T05:35:52+03:00,1785810952,3455,74,3,31.1,44.8,,run
2026-08-04T05:35:57+03:00,1785810957,3460,74,3,31.1,42.0,,run
2026-08-04T05:36:03+03:00,1785810963,3466,74,3,31.1,42.0,,run
2026-08-04T05:36:08+03:00,1785810968,3471,74,3,31.1,41.7,,run
2026-08-04T05:36:13+03:00,1785810973,3476,74,3,31.1,45.4,,run
2026-08-04T05:36:18+03:00,1785810978,3481,73,3,31.6,44.2,,run
2026-08-04T05:36:23+03:00,1785810983,3486,73,3,31.6,52.2,,run
2026-08-04T05:36:29+03:00,1785810989,3492,73,3,31.6,48.2,,run
2026-08-04T05:36:34+03:00,1785810994,3497,73,3,31.6,41.7,,run
2026-08-04T05:36:39+03:00,1785810999,3502,73,3,31.6,40.8,,run
2026-08-04T05:36:44+03:00,1785811004,3507,73,3,31.6,41.1,,run
2026-08-04T05:36:50+03:00,1785811010,3513,73,3,31.6,40.8,,run
2026-08-04T05:36:55+03:00,1785811015,3518,73,3,31.6,43.2,,run
2026-08-04T05:37:00+03:00,1785811020,3523,73,3,31.6,41.4,,run
2026-08-04T05:37:05+03:00,1785811025,3528,73,3,31.6,43.9,,run
2026-08-04T05:37:11+03:00,1785811031,3534,73,3,31.6,48.2,,run
2026-08-04T05:37:16+03:00,1785811036,3539,73,3,31.6,42.6,,run
2026-08-04T05:37:21+03:00,1785811041,3544,73,3,31.6,42.0,,run
2026-08-04T05:37:26+03:00,1785811046,3549,73,3,31.6,41.7,,run
2026-08-04T05:37:32+03:00,1785811052,3555,73,3,31.6,47.6,,run
2026-08-04T05:37:37+03:00,1785811057,3560,73,3,31.6,47.6,,run
2026-08-04T05:37:42+03:00,1785811062,3565,73,3,31.6,44.5,,run
2026-08-04T05:37:47+03:00,1785811067,3570,73,3,31.6,46.7,,run
2026-08-04T05:37:53+03:00,1785811073,3576,73,3,31.6,43.9,,run
2026-08-04T05:37:58+03:00,1785811078,3581,73,3,31.6,43.6,,run
2026-08-04T05:38:03+03:00,1785811083,3586,73,3,31.6,42.3,,run
2026-08-04T05:38:08+03:00,1785811088,3591,73,3,31.6,43.6,,run
2026-08-04T05:38:13+03:00,1785811093,3596,73,3,31.6,43.9,,run
2026-08-04T05:38:19+03:00,1785811099,3602,73,3,31.8,47.3,,run
2026-08-04T05:38:24+03:00,1785811104,3607,73,3,31.8,53.8,,run
2026-08-04T05:38:30+03:00,1785811110,3613,73,3,31.8,43.9,,run
2026-08-04T05:38:35+03:00,1785811115,3618,73,3,31.8,43.6,,run
2026-08-04T05:38:40+03:00,1785811120,3623,73,3,31.8,41.4,,run
2026-08-04T05:38:45+03:00,1785811125,3628,73,3,31.8,41.1,,run
2026-08-04T05:38:50+03:00,1785811130,3633,73,3,31.8,42.0,,run
2026-08-04T05:38:56+03:00,1785811136,3639,73,3,31.8,42.0,,run
2026-08-04T05:39:01+03:00,1785811141,3644,73,3,31.8,42.3,,run
2026-08-04T05:39:06+03:00,1785811146,3649,73,3,31.8,44.5,,run
2026-08-04T05:39:12+03:00,1785811152,3655,73,3,31.8,51.9,,run
2026-08-04T05:39:17+03:00,1785811157,3660,73,3,31.8,45.4,,run
2026-08-04T05:39:22+03:00,1785811162,3665,73,3,31.8,43.2,,run
2026-08-04T05:39:27+03:00,1785811167,3670,73,3,31.8,43.9,,run
2026-08-04T05:39:32+03:00,1785811172,3675,73,3,31.8,42.9,,run
2026-08-04T05:39:38+03:00,1785811178,3681,73,3,31.8,45.1,,run
2026-08-04T05:39:43+03:00,1785811183,3686,73,3,31.8,43.6,,run
2026-08-04T05:39:48+03:00,1785811188,3691,73,3,31.8,45.4,,run
2026-08-04T05:39:53+03:00,1785811193,3696,73,3,31.8,44.5,,run
2026-08-04T05:39:59+03:00,1785811199,3702,73,3,31.8,42.9,,run
2026-08-04T05:40:04+03:00,1785811204,3707,73,3,31.8,42.9,,run
2026-08-04T05:40:09+03:00,1785811209,3712,73,3,31.8,42.0,,run
2026-08-04T05:40:14+03:00,1785811214,3717,73,3,31.8,42.3,,run
2026-08-04T05:40:19+03:00,1785811219,3722,73,3,31.8,44.5,,run
2026-08-04T05:40:25+03:00,1785811225,3728,73,3,31.8,50.7,,run
2026-08-04T05:40:30+03:00,1785811230,3733,73,3,31.8,44.8,,run
2026-08-04T05:40:35+03:00,1785811235,3738,73,3,31.8,42.3,,run
2026-08-04T05:40:41+03:00,1785811241,3744,73,3,31.8,42.3,,run
2026-08-04T05:40:46+03:00,1785811246,3749,73,3,31.8,41.7,,run
2026-08-04T05:40:51+03:00,1785811251,3754,73,3,31.8,41.4,,run
2026-08-04T05:40:56+03:00,1785811256,3759,73,3,31.8,42.0,,run
2026-08-04T05:41:01+03:00,1785811261,3764,73,3,31.8,42.3,,run
2026-08-04T05:41:07+03:00,1785811267,3770,73,3,31.8,42.3,,run
2026-08-04T05:41:12+03:00,1785811272,3775,73,3,31.8,51.6,,run
2026-08-04T05:41:17+03:00,1785811277,3780,73,3,31.8,43.9,,run
2026-08-04T05:41:22+03:00,1785811282,3785,73,3,31.8,43.6,,run
2026-08-04T05:41:28+03:00,1785811288,3791,73,3,31.8,45.1,,run
2026-08-04T05:41:33+03:00,1785811293,3796,73,3,31.8,43.9,,run
2026-08-04T05:41:38+03:00,1785811298,3801,73,3,31.8,45.7,,run
2026-08-04T05:41:43+03:00,1785811303,3806,73,3,31.8,44.8,,run
2026-08-04T05:41:49+03:00,1785811309,3812,73,3,31.8,43.6,,run
2026-08-04T05:41:54+03:00,1785811314,3817,73,3,31.8,42.3,,run
2026-08-04T05:41:59+03:00,1785811319,3822,73,3,31.8,42.0,,run
2026-08-04T05:42:04+03:00,1785811324,3827,73,3,31.8,43.2,,run
2026-08-04T05:42:09+03:00,1785811329,3832,73,3,31.8,46.0,,run
2026-08-04T05:42:15+03:00,1785811335,3838,73,3,31.8,44.2,,run
2026-08-04T05:42:20+03:00,1785811340,3843,73,3,31.8,43.2,,run
2026-08-04T05:42:25+03:00,1785811345,3848,73,3,31.8,49.1,,run
2026-08-04T05:42:30+03:00,1785811350,3853,73,3,31.8,47.9,,run
2026-08-04T05:42:36+03:00,1785811356,3859,73,3,31.8,44.2,,run
2026-08-04T05:42:41+03:00,1785811361,3864,73,3,31.8,42.3,,run
2026-08-04T05:42:46+03:00,1785811366,3869,73,3,31.8,42.3,,run
2026-08-04T05:42:51+03:00,1785811371,3874,73,3,31.8,42.3,,run
2026-08-04T05:42:56+03:00,1785811376,3879,73,3,31.8,40.8,,run
2026-08-04T05:43:02+03:00,1785811382,3885,73,3,31.8,42.9,,run
2026-08-04T05:43:07+03:00,1785811387,3890,73,3,31.8,41.4,,run
2026-08-04T05:43:12+03:00,1785811392,3895,73,3,31.8,53.1,,run
2026-08-04T05:43:17+03:00,1785811397,3900,73,3,31.8,46.3,,run
2026-08-04T05:43:23+03:00,1785811403,3906,73,3,31.8,43.2,,run
2026-08-04T05:43:28+03:00,1785811408,3911,73,3,31.8,43.2,,run
2026-08-04T05:43:33+03:00,1785811413,3916,73,3,31.8,45.1,,run
2026-08-04T05:43:38+03:00,1785811418,3921,73,3,31.8,44.5,,run
2026-08-04T05:43:43+03:00,1785811423,3926,73,3,31.8,44.8,,run
2026-08-04T05:43:49+03:00,1785811429,3932,73,3,31.8,45.4,,run
2026-08-04T05:43:54+03:00,1785811434,3937,73,3,31.8,44.2,,run
2026-08-04T05:43:59+03:00,1785811439,3942,73,3,31.8,43.2,,run
2026-08-04T05:44:04+03:00,1785811444,3947,73,3,31.8,42.3,,run
2026-08-04T05:44:10+03:00,1785811450,3953,73,3,31.8,43.9,,run
2026-08-04T05:44:15+03:00,1785811455,3958,73,3,31.8,47.6,,run
2026-08-04T05:44:20+03:00,1785811460,3963,73,3,31.8,43.6,,run
2026-08-04T05:44:25+03:00,1785811465,3968,73,3,31.8,46.7,,run
2026-08-04T05:44:31+03:00,1785811471,3974,73,3,31.8,48.5,,run
2026-08-04T05:44:36+03:00,1785811476,3979,73,3,31.8,49.4,,run
2026-08-04T05:44:41+03:00,1785811481,3984,73,3,31.8,43.6,,run
2026-08-04T05:44:46+03:00,1785811486,3989,73,3,31.8,41.7,,run
2026-08-04T05:44:52+03:00,1785811492,3995,73,3,31.8,43.9,,run
2026-08-04T05:44:57+03:00,1785811497,4000,73,3,31.8,54.7,,run
2026-08-04T05:45:02+03:00,1785811502,4005,73,3,31.8,45.7,,run
2026-08-04T05:45:07+03:00,1785811507,4010,73,3,31.8,44.8,,run
2026-08-04T05:45:13+03:00,1785811513,4016,73,3,31.8,44.2,,run
2026-08-04T05:45:18+03:00,1785811518,4021,73,3,31.8,42.9,,run
2026-08-04T05:45:23+03:00,1785811523,4026,73,3,31.8,42.6,,run
2026-08-04T05:45:28+03:00,1785811528,4031,73,3,31.8,42.0,,run
2026-08-04T05:45:33+03:00,1785811533,4036,73,3,31.8,43.6,,run
2026-08-04T05:45:39+03:00,1785811539,4042,73,3,31.8,43.6,,run
2026-08-04T05:45:44+03:00,1785811544,4047,73,3,31.8,43.2,,run
2026-08-04T05:45:49+03:00,1785811549,4052,73,3,31.8,42.3,,run
2026-08-04T05:45:54+03:00,1785811554,4057,72,3,32.1,47.3,,run
2026-08-04T05:46:00+03:00,1785811560,4063,72,3,32.1,46.0,,run
2026-08-04T05:46:05+03:00,1785811565,4068,72,3,32.1,42.6,,run
2026-08-04T05:46:10+03:00,1785811570,4073,72,3,32.1,55.0,,run
2026-08-04T05:46:16+03:00,1785811576,4079,72,3,32.1,43.9,,run
2026-08-04T05:46:21+03:00,1785811581,4084,72,3,32.1,42.9,,run
2026-08-04T05:46:26+03:00,1785811586,4089,72,3,32.1,42.3,,run
2026-08-04T05:46:31+03:00,1785811591,4094,72,3,32.1,42.0,,run
2026-08-04T05:46:37+03:00,1785811597,4100,72,3,32.1,44.5,,run
2026-08-04T05:46:42+03:00,1785811602,4105,72,3,32.1,44.5,,run
2026-08-04T05:46:47+03:00,1785811607,4110,72,3,32.1,42.6,,run
2026-08-04T05:46:52+03:00,1785811612,4115,72,3,32.1,45.1,,run
2026-08-04T05:46:58+03:00,1785811618,4121,72,3,32.1,50.4,,run
2026-08-04T05:47:03+03:00,1785811623,4126,72,3,32.1,44.2,,run
2026-08-04T05:47:08+03:00,1785811628,4131,72,3,32.1,45.7,,run
2026-08-04T05:47:13+03:00,1785811633,4136,72,3,32.1,43.2,,run
2026-08-04T05:47:18+03:00,1785811638,4141,72,3,32.1,42.6,,run
2026-08-04T05:47:24+03:00,1785811644,4147,72,3,32.1,42.3,,run
2026-08-04T05:47:29+03:00,1785811649,4152,72,3,32.1,42.3,,run
2026-08-04T05:47:34+03:00,1785811654,4157,72,3,32.1,44.8,,run
2026-08-04T05:47:39+03:00,1785811659,4162,72,3,32.1,45.1,,run
2026-08-04T05:47:45+03:00,1785811665,4168,72,3,32.1,42.9,,run
2026-08-04T05:47:50+03:00,1785811670,4173,72,3,32.1,48.2,,run
2026-08-04T05:47:55+03:00,1785811675,4178,72,3,32.1,44.5,,run
2026-08-04T05:48:00+03:00,1785811680,4183,72,3,32.1,49.4,,run
2026-08-04T05:48:06+03:00,1785811686,4189,72,3,32.1,43.9,,run
2026-08-04T05:48:11+03:00,1785811691,4194,72,3,32.1,51.0,,run
2026-08-04T05:48:16+03:00,1785811696,4199,72,3,32.2,43.9,,run
2026-08-04T05:48:22+03:00,1785811702,4205,72,3,32.2,44.5,,run
2026-08-04T05:48:27+03:00,1785811707,4210,72,3,32.2,42.9,,run
2026-08-04T05:48:32+03:00,1785811712,4215,72,3,32.2,41.4,,run
2026-08-04T05:48:37+03:00,1785811717,4220,72,3,32.2,42.0,,run
2026-08-04T05:48:43+03:00,1785811723,4226,72,3,32.2,46.0,,run
2026-08-04T05:48:48+03:00,1785811728,4231,72,3,32.2,45.4,,run
2026-08-04T05:48:53+03:00,1785811733,4236,72,3,32.2,43.6,,run
2026-08-04T05:48:58+03:00,1785811738,4241,72,3,32.2,52.8,,run
2026-08-04T05:49:04+03:00,1785811744,4247,72,3,32.2,43.6,,run
2026-08-04T05:49:09+03:00,1785811749,4252,72,3,32.2,43.9,,run
2026-08-04T05:49:14+03:00,1785811754,4257,72,3,32.2,43.2,,run
2026-08-04T05:49:19+03:00,1785811759,4262,72,3,32.2,43.6,,run
2026-08-04T05:49:24+03:00,1785811764,4267,72,3,32.2,42.6,,run
2026-08-04T05:49:30+03:00,1785811770,4273,72,3,32.2,42.9,,run
2026-08-04T05:49:35+03:00,1785811775,4278,72,3,32.2,42.9,,run
2026-08-04T05:49:40+03:00,1785811780,4283,72,3,32.2,42.9,,run
2026-08-04T05:49:45+03:00,1785811785,4288,72,3,32.2,43.2,,run
2026-08-04T05:49:50+03:00,1785811790,4293,72,3,32.2,44.5,,run
2026-08-04T05:49:56+03:00,1785811796,4299,72,3,32.2,42.6,,run
2026-08-04T05:50:01+03:00,1785811801,4304,72,3,32.2,47.6,,run
2026-08-04T05:50:06+03:00,1785811806,4309,72,3,32.2,43.6,,run
2026-08-04T05:50:11+03:00,1785811811,4314,72,3,32.2,50.7,,run
2026-08-04T05:50:17+03:00,1785811817,4320,72,3,32.2,48.2,,run
2026-08-04T05:50:22+03:00,1785811822,4325,72,3,32.2,44.8,,run
2026-08-04T05:50:27+03:00,1785811827,4330,72,3,32.2,43.9,,run
2026-08-04T05:50:32+03:00,1785811832,4335,72,3,32.2,47.9,,run
2026-08-04T05:50:37+03:00,1785811837,4340,72,3,32.2,46.0,,run
2026-08-04T05:50:43+03:00,1785811843,4346,72,3,32.2,47.0,,run
2026-08-04T05:50:48+03:00,1785811848,4351,72,3,32.2,44.2,,run
2026-08-04T05:50:53+03:00,1785811853,4356,72,3,32.2,46.0,,run
2026-08-04T05:50:58+03:00,1785811858,4361,72,3,32.2,55.9,,run
2026-08-04T05:51:04+03:00,1785811864,4367,72,3,32.2,47.6,,run
2026-08-04T05:51:09+03:00,1785811869,4372,72,3,32.2,44.5,,run
2026-08-04T05:51:14+03:00,1785811874,4377,72,3,32.2,47.9,,run
2026-08-04T05:51:19+03:00,1785811879,4382,72,3,32.2,43.9,,run
2026-08-04T05:51:25+03:00,1785811885,4388,72,3,32.2,43.9,,run
2026-08-04T05:51:30+03:00,1785811890,4393,72,3,32.2,42.9,,run
2026-08-04T05:51:35+03:00,1785811895,4398,72,3,32.2,45.4,,run
2026-08-04T05:51:40+03:00,1785811900,4403,72,3,32.2,43.6,,run
2026-08-04T05:51:45+03:00,1785811905,4408,72,3,32.2,43.2,,run
2026-08-04T05:51:51+03:00,1785811911,4414,72,3,32.2,42.9,,run
2026-08-04T05:51:56+03:00,1785811916,4419,72,3,32.2,43.9,,run
2026-08-04T05:52:01+03:00,1785811921,4424,72,3,32.2,43.2,,run
2026-08-04T05:52:06+03:00,1785811926,4429,72,3,32.2,43.6,,run
2026-08-04T05:52:12+03:00,1785811932,4435,72,3,32.2,51.0,,run
2026-08-04T05:52:17+03:00,1785811937,4440,72,3,32.2,55.0,,run
2026-08-04T05:52:22+03:00,1785811942,4445,72,3,32.2,48.5,,run
2026-08-04T05:52:27+03:00,1785811947,4450,72,3,32.2,45.7,,run
2026-08-04T05:52:33+03:00,1785811953,4456,72,3,32.2,44.5,,run
2026-08-04T05:52:38+03:00,1785811958,4461,72,3,32.2,43.2,,run
2026-08-04T05:52:43+03:00,1785811963,4466,72,3,32.2,42.3,,run
2026-08-04T05:52:48+03:00,1785811968,4471,72,3,32.2,41.4,,run
2026-08-04T05:52:53+03:00,1785811973,4476,72,3,32.2,42.3,,run
2026-08-04T05:52:59+03:00,1785811979,4482,72,3,32.2,52.5,,run
2026-08-04T05:53:04+03:00,1785811984,4487,72,3,32.2,43.9,,run
2026-08-04T05:53:09+03:00,1785811989,4492,72,3,32.2,50.4,,run
2026-08-04T05:53:14+03:00,1785811994,4497,72,3,32.2,48.2,,run
2026-08-04T05:53:20+03:00,1785812000,4503,72,3,32.2,44.2,,run
2026-08-04T05:53:25+03:00,1785812005,4508,72,3,32.2,43.9,,run
2026-08-04T05:53:30+03:00,1785812010,4513,72,3,32.2,43.2,,run
2026-08-04T05:53:35+03:00,1785812015,4518,72,3,32.2,42.0,,run
2026-08-04T05:53:40+03:00,1785812020,4523,72,3,32.2,42.0,,run
2026-08-04T05:53:46+03:00,1785812026,4529,72,3,32.2,46.0,,run
2026-08-04T05:53:51+03:00,1785812031,4534,72,3,32.2,43.2,,run
2026-08-04T05:53:56+03:00,1785812036,4539,72,3,32.2,42.3,,run
2026-08-04T05:54:01+03:00,1785812041,4544,72,3,32.2,41.7,,run
2026-08-04T05:54:06+03:00,1785812046,4549,72,3,32.2,42.3,,run
2026-08-04T05:54:12+03:00,1785812052,4555,72,3,32.2,44.5,,run
2026-08-04T05:54:17+03:00,1785812057,4560,72,3,32.2,46.3,,run
2026-08-04T05:54:22+03:00,1785812062,4565,72,3,32.2,44.2,,run
2026-08-04T05:54:27+03:00,1785812067,4570,72,3,32.2,41.7,,run
2026-08-04T05:54:33+03:00,1785812073,4576,72,3,32.2,45.4,,run
2026-08-04T05:54:38+03:00,1785812078,4581,72,3,32.2,42.3,,run
2026-08-04T05:54:43+03:00,1785812083,4586,72,3,32.2,42.6,,run
2026-08-04T05:54:48+03:00,1785812088,4591,72,3,32.2,43.2,,run
2026-08-04T05:54:53+03:00,1785812093,4596,72,3,32.2,44.8,,run
2026-08-04T05:54:59+03:00,1785812099,4602,72,3,32.2,52.8,,run
2026-08-04T05:55:04+03:00,1785812104,4607,72,3,32.2,46.0,,run
2026-08-04T05:55:09+03:00,1785812109,4612,72,3,32.2,44.8,,run
2026-08-04T05:55:14+03:00,1785812114,4617,72,3,32.2,42.9,,run
2026-08-04T05:55:20+03:00,1785812120,4623,72,3,32.2,42.6,,run
2026-08-04T05:55:25+03:00,1785812125,4628,72,3,32.2,42.0,,run
2026-08-04T05:55:30+03:00,1785812130,4633,72,3,32.2,44.2,,run
2026-08-04T05:55:35+03:00,1785812135,4638,71,3,32.1,42.6,,run
2026-08-04T05:55:41+03:00,1785812141,4644,71,3,32.1,42.3,,run
2026-08-04T05:55:46+03:00,1785812146,4649,71,3,32.1,43.2,,run
2026-08-04T05:55:51+03:00,1785812151,4654,71,3,32.1,42.0,,run
2026-08-04T05:55:56+03:00,1785812156,4659,71,3,32.1,41.7,,run
2026-08-04T05:56:01+03:00,1785812161,4664,71,3,32.1,44.8,,run
2026-08-04T05:56:07+03:00,1785812167,4670,71,3,32.1,42.6,,run
2026-08-04T05:56:12+03:00,1785812172,4675,71,3,32.1,51.3,,run
2026-08-04T05:56:18+03:00,1785812178,4681,71,3,32.1,47.0,,run
2026-08-04T05:56:23+03:00,1785812183,4686,71,3,32.1,46.0,,run
2026-08-04T05:56:28+03:00,1785812188,4691,71,3,32.1,42.0,,run
2026-08-04T05:56:33+03:00,1785812193,4696,71,3,32.1,41.7,,run
2026-08-04T05:56:38+03:00,1785812198,4701,71,3,32.1,42.0,,run
2026-08-04T05:56:44+03:00,1785812204,4707,71,3,32.1,41.4,,run
2026-08-04T05:56:49+03:00,1785812209,4712,71,3,32.1,41.1,,run
2026-08-04T05:56:54+03:00,1785812214,4717,71,3,32.1,54.1,,run
2026-08-04T05:57:00+03:00,1785812220,4723,71,3,32.1,47.3,,run
2026-08-04T05:57:05+03:00,1785812225,4728,71,3,32.1,46.7,,run
2026-08-04T05:57:10+03:00,1785812230,4733,71,3,32.1,44.8,,run
2026-08-04T05:57:15+03:00,1785812235,4738,71,3,32.1,44.5,,run
2026-08-04T05:57:20+03:00,1785812240,4743,71,3,32.1,44.8,,run
2026-08-04T05:57:26+03:00,1785812246,4749,71,3,32.1,43.9,,run
2026-08-04T05:57:31+03:00,1785812251,4754,71,3,32.1,44.5,,run
2026-08-04T05:57:36+03:00,1785812256,4759,71,3,32.1,42.9,,run
2026-08-04T05:57:41+03:00,1785812261,4764,71,3,32.1,43.9,,run
2026-08-04T05:57:47+03:00,1785812267,4770,71,3,32.1,42.6,,run
2026-08-04T05:57:52+03:00,1785812272,4775,71,3,32.1,43.6,,run
2026-08-04T05:57:57+03:00,1785812277,4780,71,3,32.1,42.0,,run
2026-08-04T05:58:02+03:00,1785812282,4785,71,3,32.1,42.9,,run
2026-08-04T05:58:08+03:00,1785812288,4791,71,3,32.1,47.6,,run
2026-08-04T05:58:13+03:00,1785812293,4796,71,3,32.1,51.0,,run
2026-08-04T05:58:18+03:00,1785812298,4801,71,3,32.0,47.6,,run
2026-08-04T05:58:23+03:00,1785812303,4806,71,3,32.0,46.7,,run
2026-08-04T05:58:28+03:00,1785812308,4811,71,3,32.0,43.9,,run
2026-08-04T05:58:34+03:00,1785812314,4817,71,3,32.0,41.7,,run
2026-08-04T05:58:39+03:00,1785812319,4822,71,3,32.0,41.7,,run
2026-08-04T05:58:44+03:00,1785812324,4827,71,3,32.0,41.4,,run
2026-08-04T05:58:49+03:00,1785812329,4832,71,3,32.0,41.1,,run
2026-08-04T05:58:55+03:00,1785812335,4838,71,3,32.0,50.1,,run
2026-08-04T05:59:00+03:00,1785812340,4843,71,3,32.0,44.2,,run
2026-08-04T05:59:05+03:00,1785812345,4848,71,3,32.0,45.4,,run
2026-08-04T05:59:11+03:00,1785812351,4854,71,3,32.0,47.9,,run
2026-08-04T05:59:16+03:00,1785812356,4859,71,3,32.0,43.6,,run
2026-08-04T05:59:21+03:00,1785812361,4864,71,3,32.0,43.9,,run
2026-08-04T05:59:26+03:00,1785812366,4869,71,3,32.0,42.6,,run
2026-08-04T05:59:32+03:00,1785812372,4875,71,3,32.0,41.7,,run
2026-08-04T05:59:37+03:00,1785812377,4880,71,3,32.0,44.5,,run
2026-08-04T05:59:42+03:00,1785812382,4885,71,3,32.0,44.5,,run
2026-08-04T05:59:47+03:00,1785812387,4890,71,3,32.0,43.9,,run
2026-08-04T05:59:53+03:00,1785812393,4896,71,3,32.0,43.2,,run
2026-08-04T05:59:58+03:00,1785812398,4901,71,3,32.0,42.0,,run
2026-08-04T06:00:03+03:00,1785812403,4906,71,3,32.0,42.3,,run
2026-08-04T06:00:08+03:00,1785812408,4911,71,3,32.0,42.6,,run
2026-08-04T06:00:13+03:00,1785812413,4916,71,3,32.0,52.5,,run
2026-08-04T06:00:19+03:00,1785812419,4922,71,3,32.0,49.7,,run
2026-08-04T06:00:24+03:00,1785812424,4927,71,3,32.0,45.4,,run
2026-08-04T06:00:29+03:00,1785812429,4932,71,3,32.0,48.8,,run
2026-08-04T06:00:34+03:00,1785812434,4937,71,3,32.0,46.3,,run
2026-08-04T06:00:40+03:00,1785812440,4943,71,3,32.0,47.9,,run
2026-08-04T06:00:45+03:00,1785812445,4948,71,3,32.0,44.8,,run
2026-08-04T06:00:50+03:00,1785812450,4953,71,3,32.0,44.8,,run
2026-08-04T06:00:55+03:00,1785812455,4958,71,3,32.0,43.9,,run
2026-08-04T06:01:01+03:00,1785812461,4964,71,3,32.0,44.5,,run
2026-08-04T06:01:06+03:00,1785812466,4969,71,3,32.0,44.5,,run
2026-08-04T06:01:11+03:00,1785812471,4974,71,3,32.0,43.2,,run
2026-08-04T06:01:16+03:00,1785812476,4979,71,3,32.0,46.7,,run
2026-08-04T06:01:22+03:00,1785812482,4985,71,3,32.0,45.7,,run
2026-08-04T06:01:27+03:00,1785812487,4990,71,3,32.0,43.9,,run
2026-08-04T06:01:32+03:00,1785812492,4995,71,3,32.0,42.9,,run
2026-08-04T06:01:37+03:00,1785812497,5000,71,3,32.0,42.9,,run
2026-08-04T06:01:42+03:00,1785812502,5005,71,3,32.0,42.9,,run
2026-08-04T06:01:48+03:00,1785812508,5011,71,3,32.0,43.2,,run
2026-08-04T06:01:53+03:00,1785812513,5016,71,3,32.0,51.9,,run
2026-08-04T06:01:59+03:00,1785812519,5022,71,3,32.0,44.5,,run
2026-08-04T06:02:04+03:00,1785812524,5027,71,3,32.0,42.9,,run
2026-08-04T06:02:09+03:00,1785812529,5032,71,3,32.0,42.3,,run
2026-08-04T06:02:14+03:00,1785812534,5037,71,3,32.0,41.4,,run
2026-08-04T06:02:20+03:00,1785812540,5043,71,3,32.0,42.3,,run
2026-08-04T06:02:25+03:00,1785812545,5048,71,3,32.0,41.4,,run
2026-08-04T06:02:30+03:00,1785812550,5053,71,3,32.0,42.9,,run
2026-08-04T06:02:35+03:00,1785812555,5058,71,3,32.0,52.5,,run
2026-08-04T06:02:41+03:00,1785812561,5064,71,3,32.0,47.6,,run
2026-08-04T06:02:46+03:00,1785812566,5069,71,3,32.0,44.8,,run
2026-08-04T06:02:52+03:00,1785812572,5075,71,3,32.0,42.3,,run
2026-08-04T06:02:57+03:00,1785812577,5080,71,3,32.0,43.2,,run
2026-08-04T06:03:02+03:00,1785812582,5085,71,3,32.0,43.2,,run
2026-08-04T06:03:07+03:00,1785812587,5090,71,3,32.0,42.0,,run
2026-08-04T06:03:12+03:00,1785812592,5095,71,3,32.0,44.5,,run
2026-08-04T06:03:18+03:00,1785812598,5101,71,3,32.0,42.9,,run
2026-08-04T06:03:23+03:00,1785812603,5106,71,3,32.0,46.0,,run
2026-08-04T06:03:28+03:00,1785812608,5111,71,3,32.0,43.6,,run
2026-08-04T06:03:33+03:00,1785812613,5116,71,3,32.0,42.3,,run
2026-08-04T06:03:39+03:00,1785812619,5122,71,3,32.0,42.6,,run
2026-08-04T06:03:44+03:00,1785812624,5127,71,3,32.0,42.6,,run
2026-08-04T06:03:49+03:00,1785812629,5132,71,3,32.0,43.9,,run
2026-08-04T06:03:54+03:00,1785812634,5137,71,3,32.0,53.1,,run
2026-08-04T06:04:00+03:00,1785812640,5143,71,3,32.0,46.3,,run
2026-08-04T06:04:05+03:00,1785812645,5148,70,3,31.9,42.9,,run
2026-08-04T06:04:10+03:00,1785812650,5153,70,3,31.9,41.4,,run
2026-08-04T06:04:15+03:00,1785812655,5158,70,3,31.9,40.8,,run
2026-08-04T06:04:21+03:00,1785812661,5164,70,3,31.9,44.5,,run
2026-08-04T06:04:26+03:00,1785812666,5169,70,3,31.9,43.6,,run
2026-08-04T06:04:31+03:00,1785812671,5174,70,3,31.9,41.7,,run
2026-08-04T06:04:36+03:00,1785812676,5179,70,3,31.9,52.2,,run
2026-08-04T06:04:42+03:00,1785812682,5185,70,3,31.9,48.5,,run
2026-08-04T06:04:47+03:00,1785812687,5190,70,3,31.9,45.4,,run
2026-08-04T06:04:52+03:00,1785812692,5195,70,3,31.9,43.2,,run
2026-08-04T06:04:57+03:00,1785812697,5200,70,3,31.9,44.2,,run
2026-08-04T06:05:02+03:00,1785812702,5205,70,3,31.9,44.5,,run
2026-08-04T06:05:08+03:00,1785812708,5211,70,3,31.9,43.2,,run
2026-08-04T06:05:13+03:00,1785812713,5216,70,3,31.9,43.2,,run
2026-08-04T06:05:18+03:00,1785812718,5221,70,3,31.9,42.0,,run
2026-08-04T06:05:23+03:00,1785812723,5226,70,3,31.9,45.4,,run
2026-08-04T06:05:29+03:00,1785812729,5232,70,3,31.9,45.7,,run
2026-08-04T06:05:34+03:00,1785812734,5237,70,3,31.9,43.2,,run
2026-08-04T06:05:39+03:00,1785812739,5242,70,3,31.9,44.2,,run
2026-08-04T06:05:44+03:00,1785812744,5247,70,3,31.9,42.9,,run
2026-08-04T06:05:49+03:00,1785812749,5252,70,3,31.9,48.5,,run
2026-08-04T06:05:55+03:00,1785812755,5258,70,3,31.9,45.4,,run
2026-08-04T06:06:00+03:00,1785812760,5263,70,3,31.9,43.6,,run
2026-08-04T06:06:05+03:00,1785812765,5268,70,3,31.9,42.0,,run
2026-08-04T06:06:10+03:00,1785812770,5273,70,3,31.9,41.7,,run
2026-08-04T06:06:16+03:00,1785812775,5278,70,3,31.9,41.7,,run
2026-08-04T06:06:21+03:00,1785812781,5284,70,3,31.9,40.8,,run
2026-08-04T06:06:26+03:00,1785812786,5289,70,3,31.9,40.8,,run
2026-08-04T06:06:31+03:00,1785812791,5294,70,3,31.9,43.6,,run
2026-08-04T06:06:36+03:00,1785812796,5299,70,3,31.9,51.9,,run
2026-08-04T06:06:42+03:00,1785812802,5305,70,3,31.9,45.4,,run
2026-08-04T06:06:47+03:00,1785812807,5310,70,3,31.9,47.9,,run
2026-08-04T06:06:52+03:00,1785812812,5315,70,3,31.9,45.4,,run
2026-08-04T06:06:57+03:00,1785812817,5320,70,3,31.9,43.6,,run
2026-08-04T06:07:03+03:00,1785812823,5326,70,3,31.9,42.6,,run
2026-08-04T06:07:08+03:00,1785812828,5331,70,3,31.9,42.0,,run
2026-08-04T06:07:13+03:00,1785812833,5336,70,3,31.9,48.8,,run
2026-08-04T06:07:18+03:00,1785812838,5341,70,3,31.9,49.1,,run
2026-08-04T06:07:24+03:00,1785812844,5347,70,3,31.9,46.7,,run
2026-08-04T06:07:29+03:00,1785812849,5352,70,3,31.9,44.2,,run
2026-08-04T06:07:34+03:00,1785812854,5357,70,3,31.9,43.2,,run
2026-08-04T06:07:39+03:00,1785812859,5362,70,3,31.9,42.3,,run
2026-08-04T06:07:44+03:00,1785812864,5367,70,3,31.9,42.9,,run
2026-08-04T06:07:50+03:00,1785812870,5373,70,3,31.9,51.3,,run
2026-08-04T06:07:55+03:00,1785812875,5378,70,3,31.9,46.3,,run
2026-08-04T06:08:00+03:00,1785812880,5383,70,3,31.9,47.9,,run
2026-08-04T06:08:05+03:00,1785812885,5388,70,3,31.9,42.6,,run
2026-08-04T06:08:11+03:00,1785812891,5394,70,3,31.9,42.6,,run
2026-08-04T06:08:16+03:00,1785812896,5399,70,3,32.0,42.0,,run
2026-08-04T06:08:21+03:00,1785812901,5404,70,3,32.0,45.1,,run
2026-08-04T06:08:26+03:00,1785812906,5409,70,3,32.0,43.2,,run
2026-08-04T06:08:31+03:00,1785812911,5414,70,3,32.0,43.9,,run
2026-08-04T06:08:37+03:00,1785812917,5420,70,3,32.0,48.5,,run
2026-08-04T06:08:42+03:00,1785812922,5425,70,3,32.0,49.4,,run
2026-08-04T06:08:47+03:00,1785812927,5430,70,3,32.0,43.6,,run
2026-08-04T06:08:53+03:00,1785812933,5436,70,3,32.0,43.9,,run
2026-08-04T06:08:58+03:00,1785812938,5441,70,3,32.0,42.3,,run
2026-08-04T06:09:03+03:00,1785812943,5446,70,3,32.0,45.4,,run
2026-08-04T06:09:08+03:00,1785812948,5451,70,3,32.0,43.2,,run
2026-08-04T06:09:13+03:00,1785812953,5456,70,3,32.0,42.3,,run
2026-08-04T06:09:19+03:00,1785812959,5462,70,3,32.0,44.5,,run
2026-08-04T06:09:24+03:00,1785812964,5467,70,3,32.0,43.9,,run
2026-08-04T06:09:29+03:00,1785812969,5472,70,3,32.0,43.6,,run
2026-08-04T06:09:34+03:00,1785812974,5477,70,3,32.0,43.2,,run
2026-08-04T06:09:40+03:00,1785812980,5483,70,3,32.0,43.6,,run
2026-08-04T06:09:45+03:00,1785812985,5488,70,3,32.0,42.3,,run
2026-08-04T06:09:50+03:00,1785812990,5493,70,3,32.0,43.2,,run
2026-08-04T06:09:55+03:00,1785812995,5498,70,3,32.0,53.5,,run
2026-08-04T06:10:01+03:00,1785813001,5504,70,3,32.0,42.9,,run
2026-08-04T06:10:06+03:00,1785813006,5509,70,3,32.0,42.6,,run
2026-08-04T06:10:11+03:00,1785813011,5514,70,3,32.0,42.6,,run
2026-08-04T06:10:17+03:00,1785813017,5520,70,3,32.0,41.7,,run
2026-08-04T06:10:22+03:00,1785813022,5525,70,3,32.0,41.1,,run
2026-08-04T06:10:27+03:00,1785813027,5530,70,3,32.0,42.6,,run
2026-08-04T06:10:32+03:00,1785813032,5535,70,3,32.0,42.6,,run
2026-08-04T06:10:37+03:00,1785813037,5540,70,3,32.0,47.0,,run
2026-08-04T06:10:43+03:00,1785813043,5546,70,3,32.0,55.9,,run
2026-08-04T06:10:48+03:00,1785813048,5551,70,3,32.0,46.3,,run
2026-08-04T06:10:53+03:00,1785813053,5556,70,3,32.0,44.2,,run
2026-08-04T06:10:58+03:00,1785813058,5561,70,3,32.0,44.8,,run
2026-08-04T06:11:04+03:00,1785813064,5567,70,3,32.0,45.1,,run
2026-08-04T06:11:09+03:00,1785813069,5572,70,3,32.0,43.2,,run
2026-08-04T06:11:14+03:00,1785813074,5577,70,3,32.0,45.1,,run
2026-08-04T06:11:19+03:00,1785813079,5582,70,3,32.0,43.6,,run
2026-08-04T06:11:25+03:00,1785813085,5588,70,3,32.0,42.6,,run
2026-08-04T06:11:30+03:00,1785813090,5593,70,3,32.0,47.0,,run
2026-08-04T06:11:35+03:00,1785813095,5598,70,3,32.0,45.7,,run
2026-08-04T06:11:40+03:00,1785813100,5603,70,3,32.0,44.5,,run
2026-08-04T06:11:45+03:00,1785813105,5608,70,3,32.0,43.9,,run
2026-08-04T06:11:51+03:00,1785813111,5614,70,3,32.0,46.7,,run
2026-08-04T06:11:56+03:00,1785813116,5619,70,3,32.0,51.9,,run
2026-08-04T06:12:01+03:00,1785813121,5624,70,3,32.0,47.0,,run
2026-08-04T06:12:06+03:00,1785813126,5629,70,3,32.0,43.6,,run
2026-08-04T06:12:12+03:00,1785813132,5635,70,3,32.0,43.6,,run
2026-08-04T06:12:17+03:00,1785813137,5640,70,3,32.0,42.0,,run
2026-08-04T06:12:22+03:00,1785813142,5645,70,3,32.0,44.2,,run
2026-08-04T06:12:27+03:00,1785813147,5650,70,3,32.0,45.7,,run
2026-08-04T06:12:33+03:00,1785813153,5656,70,3,32.0,43.2,,run
2026-08-04T06:12:38+03:00,1785813158,5661,70,3,32.0,43.9,,run
2026-08-04T06:12:43+03:00,1785813163,5666,70,3,32.0,43.9,,run
2026-08-04T06:12:48+03:00,1785813168,5671,70,3,32.0,47.3,,run
2026-08-04T06:12:54+03:00,1785813174,5677,70,3,32.0,43.6,,run
2026-08-04T06:12:59+03:00,1785813179,5682,70,3,32.0,43.2,,run
2026-08-04T06:13:04+03:00,1785813184,5687,70,3,32.0,43.2,,run
2026-08-04T06:13:09+03:00,1785813189,5692,70,3,32.0,43.6,,run
2026-08-04T06:13:14+03:00,1785813194,5697,70,3,32.0,42.9,,run
2026-08-04T06:13:20+03:00,1785813200,5703,70,3,32.0,45.7,,run
2026-08-04T06:13:25+03:00,1785813205,5708,70,3,32.0,43.2,,run
2026-08-04T06:13:30+03:00,1785813210,5713,70,3,32.0,44.2,,run
2026-08-04T06:13:35+03:00,1785813215,5718,70,3,32.0,42.9,,run
2026-08-04T06:13:41+03:00,1785813221,5724,70,3,32.0,53.8,,run
2026-08-04T06:13:46+03:00,1785813226,5729,69,3,32.2,42.9,,run
2026-08-04T06:13:52+03:00,1785813232,5735,69,3,32.2,43.9,,run
2026-08-04T06:13:57+03:00,1785813237,5740,69,3,32.2,42.6,,run
2026-08-04T06:14:02+03:00,1785813242,5745,69,3,32.2,42.3,,run
2026-08-04T06:14:08+03:00,1785813248,5751,69,3,32.2,41.4,,run
2026-08-04T06:14:13+03:00,1785813253,5756,69,3,32.2,41.4,,run
2026-08-04T06:14:18+03:00,1785813258,5761,69,3,32.2,44.2,,run
2026-08-04T06:14:24+03:00,1785813264,5767,69,3,32.2,42.3,,run
2026-08-04T06:14:29+03:00,1785813269,5772,69,3,32.2,41.7,,run
2026-08-04T06:14:34+03:00,1785813274,5777,69,3,32.2,43.6,,run
2026-08-04T06:14:40+03:00,1785813280,5783,69,3,32.2,41.7,,run
2026-08-04T06:14:45+03:00,1785813285,5788,69,3,32.2,47.6,,run
2026-08-04T06:14:50+03:00,1785813290,5793,69,3,32.2,42.6,,run
2026-08-04T06:14:56+03:00,1785813296,5799,69,3,32.2,43.6,,run
2026-08-04T06:15:01+03:00,1785813301,5804,69,3,32.2,41.7,,run
2026-08-04T06:15:06+03:00,1785813306,5809,69,3,32.2,45.1,,run
2026-08-04T06:15:11+03:00,1785813311,5814,69,3,32.2,45.7,,run
2026-08-04T06:15:17+03:00,1785813317,5820,69,3,32.2,43.2,,run
2026-08-04T06:15:22+03:00,1785813322,5825,69,3,32.2,43.6,,run
2026-08-04T06:15:27+03:00,1785813327,5830,69,3,32.2,48.8,,run
2026-08-04T06:15:32+03:00,1785813332,5835,69,3,32.2,45.1,,run
2026-08-04T06:15:38+03:00,1785813338,5841,69,3,32.2,42.9,,run
2026-08-04T06:15:43+03:00,1785813343,5846,69,3,32.2,42.9,,run
2026-08-04T06:15:48+03:00,1785813348,5851,69,3,32.2,43.2,,run
2026-08-04T06:15:53+03:00,1785813353,5856,69,3,32.2,44.2,,run
2026-08-04T06:15:59+03:00,1785813359,5862,69,3,32.2,42.9,,run
2026-08-04T06:16:04+03:00,1785813364,5867,69,3,32.2,42.3,,run
2026-08-04T06:16:09+03:00,1785813369,5872,69,3,32.2,42.0,,run
2026-08-04T06:16:14+03:00,1785813374,5877,69,3,32.2,42.6,,run
2026-08-04T06:16:20+03:00,1785813380,5883,69,3,32.2,41.7,,run
2026-08-04T06:16:25+03:00,1785813385,5888,69,3,32.2,47.3,,run
2026-08-04T06:16:30+03:00,1785813390,5893,69,3,32.2,43.9,,run
2026-08-04T06:16:35+03:00,1785813395,5898,69,3,32.2,43.2,,run
2026-08-04T06:16:41+03:00,1785813401,5904,69,3,32.2,41.7,,run
2026-08-04T06:16:46+03:00,1785813406,5909,69,3,32.2,44.5,,run
2026-08-04T06:16:51+03:00,1785813411,5914,69,3,32.2,43.9,,run
2026-08-04T06:16:56+03:00,1785813416,5919,69,3,32.2,41.7,,run
2026-08-04T06:17:01+03:00,1785813421,5924,69,3,32.2,42.3,,run
2026-08-04T06:17:07+03:00,1785813427,5930,69,3,32.2,42.3,,run
2026-08-04T06:17:12+03:00,1785813432,5935,69,3,32.2,44.2,,run
2026-08-04T06:17:17+03:00,1785813437,5940,69,3,32.2,49.7,,run
2026-08-04T06:17:22+03:00,1785813442,5945,69,3,32.2,43.9,,run
2026-08-04T06:17:28+03:00,1785813448,5951,69,3,32.2,45.4,,run
2026-08-04T06:17:33+03:00,1785813453,5956,69,3,32.2,44.5,,run
2026-08-04T06:17:38+03:00,1785813458,5961,69,3,32.2,42.3,,run
2026-08-04T06:17:43+03:00,1785813463,5966,69,3,32.2,43.9,,run
2026-08-04T06:17:49+03:00,1785813469,5972,69,3,32.2,42.6,,run
2026-08-04T06:17:54+03:00,1785813474,5977,69,3,32.2,42.9,,run
2026-08-04T06:17:59+03:00,1785813479,5982,69,3,32.2,42.3,,run
2026-08-04T06:18:04+03:00,1785813484,5987,69,3,32.2,45.4,,run
2026-08-04T06:18:10+03:00,1785813490,5993,69,3,32.2,44.8,,run
2026-08-04T06:18:15+03:00,1785813495,5998,69,3,32.2,43.2,,run
2026-08-04T06:18:20+03:00,1785813500,6003,69,3,31.8,42.0,,run
2026-08-04T06:18:25+03:00,1785813505,6008,69,3,31.8,41.4,,run
2026-08-04T06:18:30+03:00,1785813510,6013,69,3,31.8,49.1,,run
2026-08-04T06:18:36+03:00,1785813516,6019,69,3,31.8,43.9,,run
2026-08-04T06:18:41+03:00,1785813521,6024,69,3,31.8,46.0,,run
2026-08-04T06:18:46+03:00,1785813526,6029,69,3,31.8,47.9,,run
2026-08-04T06:18:52+03:00,1785813532,6035,69,3,31.8,45.7,,run
2026-08-04T06:18:57+03:00,1785813537,6040,69,3,31.8,42.3,,run
2026-08-04T06:19:02+03:00,1785813542,6045,69,3,31.8,42.9,,run
2026-08-04T06:19:07+03:00,1785813547,6050,69,3,31.8,41.4,,run
2026-08-04T06:19:13+03:00,1785813553,6056,69,3,31.8,43.6,,run
2026-08-04T06:19:18+03:00,1785813558,6061,69,3,31.8,50.7,,run
2026-08-04T06:19:23+03:00,1785813563,6066,69,3,31.8,43.9,,run
2026-08-04T06:19:28+03:00,1785813568,6071,69,3,31.8,47.3,,run
2026-08-04T06:19:34+03:00,1785813574,6077,69,3,31.8,46.7,,run
2026-08-04T06:19:39+03:00,1785813579,6082,69,3,31.8,43.9,,run
2026-08-04T06:19:44+03:00,1785813584,6087,69,3,31.8,42.3,,run
2026-08-04T06:19:49+03:00,1785813589,6092,69,3,31.8,43.2,,run
2026-08-04T06:19:55+03:00,1785813595,6098,69,3,31.8,42.6,,run
2026-08-04T06:20:00+03:00,1785813600,6103,69,3,31.8,42.9,,run
2026-08-04T06:20:05+03:00,1785813605,6108,69,3,31.8,44.5,,run
2026-08-04T06:20:10+03:00,1785813610,6113,69,3,31.8,43.2,,run
2026-08-04T06:20:15+03:00,1785813615,6118,69,3,31.8,41.7,,run
2026-08-04T06:20:21+03:00,1785813621,6124,69,3,31.8,41.7,,run
2026-08-04T06:20:26+03:00,1785813626,6129,69,3,31.8,42.3,,run
2026-08-04T06:20:31+03:00,1785813631,6134,69,3,31.8,47.3,,run
2026-08-04T06:20:37+03:00,1785813637,6140,69,3,31.8,44.2,,run
2026-08-04T06:20:42+03:00,1785813642,6145,69,3,31.8,43.9,,run
2026-08-04T06:20:47+03:00,1785813647,6150,69,3,31.8,43.6,,run
2026-08-04T06:20:52+03:00,1785813652,6155,69,3,31.8,44.8,,run
2026-08-04T06:20:58+03:00,1785813658,6161,69,3,31.8,41.7,,run
2026-08-04T06:21:03+03:00,1785813663,6166,69,3,31.8,41.4,,run
2026-08-04T06:21:08+03:00,1785813668,6171,69,3,31.8,42.0,,run
2026-08-04T06:21:13+03:00,1785813673,6176,69,3,31.8,42.0,,run
2026-08-04T06:21:19+03:00,1785813679,6182,69,3,31.8,43.9,,run
2026-08-04T06:21:24+03:00,1785813684,6187,69,3,31.8,50.7,,run
2026-08-04T06:21:29+03:00,1785813689,6192,69,3,31.8,44.2,,run
2026-08-04T06:21:34+03:00,1785813694,6197,69,3,31.8,47.0,,run
2026-08-04T06:21:40+03:00,1785813700,6203,69,3,31.8,46.0,,run
2026-08-04T06:21:45+03:00,1785813705,6208,69,3,31.8,42.9,,run
2026-08-04T06:21:50+03:00,1785813710,6213,69,3,31.8,44.2,,run
2026-08-04T06:21:55+03:00,1785813715,6218,69,3,31.8,42.3,,run
2026-08-04T06:22:01+03:00,1785813721,6224,69,3,31.8,42.6,,run
2026-08-04T06:22:06+03:00,1785813726,6229,69,3,31.8,45.4,,run
2026-08-04T06:22:11+03:00,1785813731,6234,69,3,31.8,44.2,,run
2026-08-04T06:22:16+03:00,1785813736,6239,69,3,31.8,42.9,,run
2026-08-04T06:22:21+03:00,1785813741,6244,69,3,31.8,43.2,,run
2026-08-04T06:22:27+03:00,1785813747,6250,69,3,31.8,42.9,,run
2026-08-04T06:22:32+03:00,1785813752,6255,69,3,31.8,41.7,,run
2026-08-04T06:22:37+03:00,1785813757,6260,69,3,31.8,50.4,,run
2026-08-04T06:22:43+03:00,1785813763,6266,69,3,31.8,44.2,,run
2026-08-04T06:22:48+03:00,1785813768,6271,69,3,31.8,42.3,,run
2026-08-04T06:22:53+03:00,1785813773,6276,69,3,31.8,43.9,,run
2026-08-04T06:22:58+03:00,1785813778,6281,69,3,31.8,44.5,,run
2026-08-04T06:23:04+03:00,1785813784,6287,69,3,31.8,42.3,,run
2026-08-04T06:23:09+03:00,1785813789,6292,69,3,31.8,46.7,,run
2026-08-04T06:23:14+03:00,1785813794,6297,69,3,31.8,44.5,,run
2026-08-04T06:23:19+03:00,1785813799,6302,69,3,31.8,45.4,,run
2026-08-04T06:23:25+03:00,1785813805,6308,68,3,32.0,54.1,,run
2026-08-04T06:23:30+03:00,1785813810,6313,68,3,32.0,48.5,,run
2026-08-04T06:23:35+03:00,1785813815,6318,68,3,32.0,45.1,,run
2026-08-04T06:23:41+03:00,1785813821,6324,68,3,32.0,43.9,,run
2026-08-04T06:23:46+03:00,1785813826,6329,68,3,32.0,44.2,,run
2026-08-04T06:23:51+03:00,1785813831,6334,68,3,32.0,44.8,,run
2026-08-04T06:23:56+03:00,1785813836,6339,68,3,32.0,43.9,,run
2026-08-04T06:24:02+03:00,1785813842,6345,68,3,32.0,43.9,,run
2026-08-04T06:24:07+03:00,1785813847,6350,68,3,32.0,45.7,,run
2026-08-04T06:24:12+03:00,1785813852,6355,68,3,32.0,44.2,,run
2026-08-04T06:24:17+03:00,1785813857,6360,68,3,32.0,42.9,,run
2026-08-04T06:24:23+03:00,1785813862,6365,68,3,32.0,45.4,,run
2026-08-04T06:24:28+03:00,1785813868,6371,68,3,32.0,45.4,,run
2026-08-04T06:24:33+03:00,1785813873,6376,68,3,32.0,44.2,,run
2026-08-04T06:24:38+03:00,1785813878,6381,68,3,32.0,44.2,,run
2026-08-04T06:24:43+03:00,1785813883,6386,68,3,32.0,54.1,,run
2026-08-04T06:24:49+03:00,1785813889,6392,68,3,32.0,48.8,,run
2026-08-04T06:24:54+03:00,1785813894,6397,68,3,32.0,42.3,,run
2026-08-04T06:24:59+03:00,1785813899,6402,68,3,32.0,43.2,,run
2026-08-04T06:25:05+03:00,1785813905,6408,68,3,32.0,44.8,,run
2026-08-04T06:25:10+03:00,1785813910,6413,68,3,32.0,42.3,,run
2026-08-04T06:25:15+03:00,1785813915,6418,68,3,32.0,42.3,,run
2026-08-04T06:25:20+03:00,1785813920,6423,68,3,32.0,41.7,,run
2026-08-04T06:25:26+03:00,1785813926,6429,68,3,32.0,43.9,,run
2026-08-04T06:25:31+03:00,1785813931,6434,68,3,32.0,55.9,,run
2026-08-04T06:25:36+03:00,1785813936,6439,68,3,32.0,46.7,,run
2026-08-04T06:25:41+03:00,1785813941,6444,68,3,32.0,44.2,,run
2026-08-04T06:25:47+03:00,1785813947,6450,68,3,32.0,42.3,,run
2026-08-04T06:25:52+03:00,1785813952,6455,68,3,32.0,44.8,,run
2026-08-04T06:25:57+03:00,1785813957,6460,68,3,32.0,43.6,,run
2026-08-04T06:26:02+03:00,1785813962,6465,68,3,32.0,42.3,,run
2026-08-04T06:26:08+03:00,1785813968,6471,68,3,32.0,42.3,,run
2026-08-04T06:26:13+03:00,1785813973,6476,68,3,32.0,43.2,,run
2026-08-04T06:26:19+03:00,1785813979,6482,68,3,32.0,43.2,,run
2026-08-04T06:26:24+03:00,1785813984,6487,68,3,32.0,42.9,,run
2026-08-04T06:26:29+03:00,1785813989,6492,68,3,32.0,42.6,,run
2026-08-04T06:26:35+03:00,1785813995,6498,68,3,32.0,42.3,,run
2026-08-04T06:26:40+03:00,1785814000,6503,68,3,32.0,43.2,,run
2026-08-04T06:26:45+03:00,1785814005,6508,68,3,32.0,49.1,,run
2026-08-04T06:26:51+03:00,1785814011,6514,68,3,32.0,47.6,,run
2026-08-04T06:26:56+03:00,1785814016,6519,68,3,32.0,46.7,,run
2026-08-04T06:27:01+03:00,1785814021,6524,68,3,32.0,46.0,,run
2026-08-04T06:27:07+03:00,1785814027,6530,68,3,32.0,45.7,,run
2026-08-04T06:27:12+03:00,1785814032,6535,68,3,32.0,42.9,,run
2026-08-04T06:27:17+03:00,1785814037,6540,68,3,32.0,42.6,,run
2026-08-04T06:27:22+03:00,1785814042,6545,68,3,32.0,43.9,,run
2026-08-04T06:27:28+03:00,1785814048,6551,68,3,32.0,42.3,,run
2026-08-04T06:27:33+03:00,1785814053,6556,68,3,32.0,42.0,,run
2026-08-04T06:27:38+03:00,1785814058,6561,68,3,32.0,55.0,,run
2026-08-04T06:27:44+03:00,1785814064,6567,68,3,32.0,47.3,,run
2026-08-04T06:27:49+03:00,1785814069,6572,68,3,32.0,46.3,,run
2026-08-04T06:27:54+03:00,1785814074,6577,68,3,32.0,45.4,,run
2026-08-04T06:27:59+03:00,1785814079,6582,68,3,32.0,42.6,,run
2026-08-04T06:28:04+03:00,1785814084,6587,68,3,32.0,42.9,,run
2026-08-04T06:28:10+03:00,1785814090,6593,68,3,32.0,42.6,,run
2026-08-04T06:28:15+03:00,1785814095,6598,68,3,32.0,43.9,,run
2026-08-04T06:28:20+03:00,1785814100,6603,68,3,32.0,43.9,,run
2026-08-04T06:28:25+03:00,1785814105,6608,68,3,32.0,42.9,,run
2026-08-04T06:28:31+03:00,1785814111,6614,68,3,32.0,42.3,,run
2026-08-04T06:28:36+03:00,1785814116,6619,68,3,32.0,42.9,,run
2026-08-04T06:28:41+03:00,1785814121,6624,68,3,32.0,42.0,,run
2026-08-04T06:28:46+03:00,1785814126,6629,68,3,32.0,42.3,,run
2026-08-04T06:28:52+03:00,1785814132,6635,68,3,32.0,51.9,,run
2026-08-04T06:28:57+03:00,1785814137,6640,68,3,32.0,51.6,,run
2026-08-04T06:29:02+03:00,1785814142,6645,68,3,32.0,47.9,,run
2026-08-04T06:29:07+03:00,1785814147,6650,68,3,32.0,43.9,,run
2026-08-04T06:29:12+03:00,1785814152,6655,68,3,32.0,42.3,,run
2026-08-04T06:29:18+03:00,1785814158,6661,68,3,32.0,42.0,,run
2026-08-04T06:29:23+03:00,1785814163,6666,68,3,32.0,42.0,,run
2026-08-04T06:29:28+03:00,1785814168,6671,68,3,32.0,42.6,,run
2026-08-04T06:29:33+03:00,1785814173,6676,68,3,32.0,41.7,,run
2026-08-04T06:29:39+03:00,1785814179,6682,68,3,32.0,47.9,,run
2026-08-04T06:29:44+03:00,1785814184,6687,68,3,32.0,54.7,,run
2026-08-04T06:29:49+03:00,1785814189,6692,68,3,32.0,45.7,,run
2026-08-04T06:29:54+03:00,1785814194,6697,68,3,32.0,44.5,,run
2026-08-04T06:30:00+03:00,1785814200,6703,68,3,32.0,44.2,,run
2026-08-04T06:30:05+03:00,1785814205,6708,68,3,32.0,43.9,,run
2026-08-04T06:30:10+03:00,1785814210,6713,68,3,32.0,43.9,,run
2026-08-04T06:30:15+03:00,1785814215,6718,68,3,32.0,42.3,,run
2026-08-04T06:30:21+03:00,1785814221,6724,68,3,32.0,42.9,,run
2026-08-04T06:30:26+03:00,1785814226,6729,68,3,32.0,43.6,,run
2026-08-04T06:30:31+03:00,1785814231,6734,68,3,32.0,46.7,,run
2026-08-04T06:30:36+03:00,1785814236,6739,68,3,32.0,43.2,,run
2026-08-04T06:30:41+03:00,1785814241,6744,68,3,32.0,43.2,,run
2026-08-04T06:30:47+03:00,1785814247,6750,68,3,32.0,42.3,,run
2026-08-04T06:30:52+03:00,1785814252,6755,68,3,32.0,42.3,,run
2026-08-04T06:30:57+03:00,1785814257,6760,68,3,32.0,45.4,,run
2026-08-04T06:31:02+03:00,1785814262,6765,68,3,32.0,45.1,,run
2026-08-04T06:31:08+03:00,1785814268,6771,68,3,32.0,47.3,,run
2026-08-04T06:31:13+03:00,1785814273,6776,68,3,32.0,43.2,,run
2026-08-04T06:31:18+03:00,1785814278,6781,68,3,32.0,42.3,,run
2026-08-04T06:31:23+03:00,1785814283,6786,68,3,32.0,41.4,,run
2026-08-04T06:31:29+03:00,1785814289,6792,68,3,32.0,42.9,,run
2026-08-04T06:31:34+03:00,1785814294,6797,68,3,32.0,42.0,,run
2026-08-04T06:31:39+03:00,1785814299,6802,68,3,32.0,41.7,,run
2026-08-04T06:31:44+03:00,1785814304,6807,68,3,32.0,52.5,,run
2026-08-04T06:31:49+03:00,1785814309,6812,68,3,32.0,45.7,,run
2026-08-04T06:31:55+03:00,1785814315,6818,68,3,32.0,45.4,,run
2026-08-04T06:32:00+03:00,1785814320,6823,68,3,32.0,43.6,,run
2026-08-04T06:32:05+03:00,1785814325,6828,68,3,32.0,43.9,,run
2026-08-04T06:32:10+03:00,1785814330,6833,68,3,32.0,42.3,,run
2026-08-04T06:32:16+03:00,1785814336,6839,68,3,32.0,44.5,,run
2026-08-04T06:32:21+03:00,1785814341,6844,68,3,32.0,43.2,,run
2026-08-04T06:32:26+03:00,1785814346,6849,68,3,32.0,42.0,,run
2026-08-04T06:32:31+03:00,1785814351,6854,68,3,32.0,42.3,,run
2026-08-04T06:32:36+03:00,1785814356,6859,68,3,32.0,42.9,,run
2026-08-04T06:32:42+03:00,1785814362,6865,68,3,32.0,42.6,,run
2026-08-04T06:32:47+03:00,1785814367,6870,68,3,32.0,44.8,,run
2026-08-04T06:32:52+03:00,1785814372,6875,68,3,32.0,44.5,,run
2026-08-04T06:32:57+03:00,1785814377,6880,68,3,32.0,49.1,,run
2026-08-04T06:33:03+03:00,1785814383,6886,67,3,32.1,45.1,,run
2026-08-04T06:33:08+03:00,1785814388,6891,67,3,32.1,44.5,,run
2026-08-04T06:33:13+03:00,1785814393,6896,67,3,32.1,46.0,,run
2026-08-04T06:33:18+03:00,1785814398,6901,67,3,32.1,44.2,,run
2026-08-04T06:33:24+03:00,1785814404,6907,67,3,32.1,41.7,,run
2026-08-04T06:33:29+03:00,1785814409,6912,67,3,32.1,42.0,,run
2026-08-04T06:33:34+03:00,1785814414,6917,67,3,32.1,42.6,,run
2026-08-04T06:33:39+03:00,1785814419,6922,67,3,32.1,42.0,,run
2026-08-04T06:33:44+03:00,1785814424,6927,67,3,32.1,53.5,,run
2026-08-04T06:33:50+03:00,1785814430,6933,67,3,32.1,45.7,,run
2026-08-04T06:33:55+03:00,1785814435,6938,67,3,32.1,45.7,,run
2026-08-04T06:34:00+03:00,1785814440,6943,67,3,32.1,47.3,,run
2026-08-04T06:34:05+03:00,1785814445,6948,67,3,32.1,44.5,,run
2026-08-04T06:34:11+03:00,1785814451,6954,67,3,32.1,44.8,,run
2026-08-04T06:34:16+03:00,1785814456,6959,67,3,32.1,44.5,,run
2026-08-04T06:34:21+03:00,1785814461,6964,67,3,32.1,43.6,,run
2026-08-04T06:34:26+03:00,1785814466,6969,67,3,32.1,46.0,,run
2026-08-04T06:34:32+03:00,1785814472,6975,67,3,32.1,43.6,,run
2026-08-04T06:34:37+03:00,1785814477,6980,67,3,32.1,43.9,,run
2026-08-04T06:34:42+03:00,1785814482,6985,67,3,32.1,43.6,,run
2026-08-04T06:34:47+03:00,1785814487,6990,67,3,32.1,43.9,,run
2026-08-04T06:34:52+03:00,1785814492,6995,67,3,32.1,44.8,,run
2026-08-04T06:34:58+03:00,1785814498,7001,67,3,32.1,49.7,,run
2026-08-04T06:35:03+03:00,1785814503,7006,67,3,32.1,46.0,,run
2026-08-04T06:35:08+03:00,1785814508,7011,67,3,32.1,43.9,,run
2026-08-04T06:35:13+03:00,1785814513,7016,67,3,32.1,43.2,,run
2026-08-04T06:35:19+03:00,1785814519,7022,67,3,32.1,47.6,,run
2026-08-04T06:35:24+03:00,1785814524,7027,67,3,32.1,47.6,,run
2026-08-04T06:35:29+03:00,1785814529,7032,67,3,32.1,45.1,,run
2026-08-04T06:35:34+03:00,1785814534,7037,67,3,32.1,44.2,,run
2026-08-04T06:35:40+03:00,1785814540,7043,67,3,32.1,43.6,,run
2026-08-04T06:35:45+03:00,1785814545,7048,67,3,32.1,47.9,,run
2026-08-04T06:35:50+03:00,1785814550,7053,67,3,32.1,47.6,,run
2026-08-04T06:35:55+03:00,1785814555,7058,67,3,32.1,45.1,,run
2026-08-04T06:36:01+03:00,1785814561,7064,67,3,32.1,45.7,,run
2026-08-04T06:36:06+03:00,1785814566,7069,67,3,32.1,44.5,,run
2026-08-04T06:36:11+03:00,1785814571,7074,67,3,32.1,42.9,,run
2026-08-04T06:36:16+03:00,1785814576,7079,67,3,32.1,43.2,,run
2026-08-04T06:36:21+03:00,1785814581,7084,67,3,32.1,44.8,,run
2026-08-04T06:36:27+03:00,1785814587,7090,67,3,32.1,46.0,,run
2026-08-04T06:36:32+03:00,1785814592,7095,67,3,32.1,43.6,,run
2026-08-04T06:36:37+03:00,1785814597,7100,67,3,32.1,42.9,,run
2026-08-04T06:36:42+03:00,1785814602,7105,67,3,32.1,52.5,,run
2026-08-04T06:36:48+03:00,1785814608,7111,67,3,32.1,46.0,,run
2026-08-04T06:36:53+03:00,1785814613,7116,67,3,32.1,42.9,,run
2026-08-04T06:36:58+03:00,1785814618,7121,67,3,32.1,42.0,,run
2026-08-04T06:37:04+03:00,1785814624,7127,67,3,32.1,46.3,,run
2026-08-04T06:37:09+03:00,1785814629,7132,67,3,32.1,43.9,,run
2026-08-04T06:37:14+03:00,1785814634,7137,67,3,32.1,44.5,,run
2026-08-04T06:37:19+03:00,1785814639,7142,67,3,32.1,42.6,,run
2026-08-04T06:37:24+03:00,1785814644,7147,67,3,32.1,45.1,,run
2026-08-04T06:37:30+03:00,1785814650,7153,67,3,32.1,47.3,,run
2026-08-04T06:37:35+03:00,1785814655,7158,67,3,32.1,43.9,,run
2026-08-04T06:37:40+03:00,1785814660,7163,67,3,32.1,43.2,,run
2026-08-04T06:37:45+03:00,1785814665,7168,67,3,32.1,43.2,,run
2026-08-04T06:37:51+03:00,1785814671,7174,67,3,32.1,44.5,,run
2026-08-04T06:37:56+03:00,1785814676,7179,67,3,32.1,43.9,,run
2026-08-04T06:38:01+03:00,1785814681,7184,67,3,32.1,43.2,,run
2026-08-04T06:38:06+03:00,1785814686,7189,67,3,32.1,42.9,,run
2026-08-04T06:38:12+03:00,1785814692,7195,67,3,32.1,45.7,,run
2026-08-04T06:38:17+03:00,1785814697,7200,67,3,32.2,43.9,,run
2026-08-04T06:38:22+03:00,1785814702,7205,67,3,32.2,42.6,,run
2026-08-04T06:38:27+03:00,1785814707,7210,67,3,32.2,44.5,,run
2026-08-04T06:38:32+03:00,1785814712,7215,67,3,32.2,46.7,,run
2026-08-04T06:38:38+03:00,1785814718,7221,67,3,32.2,46.0,,run
2026-08-04T06:38:43+03:00,1785814723,7226,67,3,32.2,53.1,,run
2026-08-04T06:38:48+03:00,1785814728,7231,67,3,32.2,44.5,,run
2026-08-04T06:38:54+03:00,1785814734,7237,67,3,32.2,43.9,,run
2026-08-04T06:38:59+03:00,1785814739,7242,67,3,32.2,41.7,,run
2026-08-04T06:39:04+03:00,1785814744,7247,67,3,32.2,41.4,,run
2026-08-04T06:39:09+03:00,1785814749,7252,67,3,32.2,42.6,,run
2026-08-04T06:39:15+03:00,1785814755,7258,67,3,32.2,42.9,,run
2026-08-04T06:39:20+03:00,1785814760,7263,67,3,32.2,41.1,,run
2026-08-04T06:39:25+03:00,1785814765,7268,67,3,32.2,47.3,,run
2026-08-04T06:39:30+03:00,1785814770,7273,67,3,32.2,47.0,,run
2026-08-04T06:39:36+03:00,1785814776,7279,67,3,32.2,42.6,,run
2026-08-04T06:39:41+03:00,1785814781,7284,67,3,32.2,42.9,,run
2026-08-04T06:39:46+03:00,1785814786,7289,67,3,32.2,42.0,,run
2026-08-04T06:39:51+03:00,1785814791,7294,67,3,32.2,42.9,,run
2026-08-04T06:39:56+03:00,1785814796,7299,67,3,32.2,46.3,,run
2026-08-04T06:40:02+03:00,1785814802,7305,67,3,32.2,45.7,,run
2026-08-04T06:40:07+03:00,1785814807,7310,67,3,32.2,44.2,,run
2026-08-04T06:40:12+03:00,1785814812,7315,67,3,32.2,43.9,,run
2026-08-04T06:40:17+03:00,1785814817,7320,67,3,32.2,43.2,,run
2026-08-04T06:40:23+03:00,1785814823,7326,67,3,32.2,42.6,,run
2026-08-04T06:40:28+03:00,1785814828,7331,67,3,32.2,43.9,,run
2026-08-04T06:40:33+03:00,1785814833,7336,67,3,32.2,44.5,,run
2026-08-04T06:40:38+03:00,1785814838,7341,67,3,32.2,44.2,,run
2026-08-04T06:40:43+03:00,1785814843,7346,67,3,32.2,54.1,,run
2026-08-04T06:40:49+03:00,1785814849,7352,67,3,32.2,46.7,,run
2026-08-04T06:40:54+03:00,1785814854,7357,67,3,32.2,43.6,,run
2026-08-04T06:40:59+03:00,1785814859,7362,67,3,32.2,43.2,,run
2026-08-04T06:41:05+03:00,1785814865,7368,67,3,32.2,42.3,,run
2026-08-04T06:41:10+03:00,1785814870,7373,67,3,32.2,42.0,,run
2026-08-04T06:41:15+03:00,1785814875,7378,67,3,32.2,41.7,,run
2026-08-04T06:41:20+03:00,1785814880,7383,67,3,32.2,41.7,,run
2026-08-04T06:41:26+03:00,1785814886,7389,67,3,32.2,44.8,,run
2026-08-04T06:41:31+03:00,1785814891,7394,67,3,32.2,47.9,,run
2026-08-04T06:41:36+03:00,1785814896,7399,66,3,32.3,45.1,,run
2026-08-04T06:41:41+03:00,1785814901,7404,66,3,32.3,43.6,,run
2026-08-04T06:41:47+03:00,1785814907,7410,66,3,32.3,45.1,,run
2026-08-04T06:41:52+03:00,1785814912,7415,66,3,32.3,43.6,,run
2026-08-04T06:41:57+03:00,1785814917,7420,66,3,32.3,43.9,,run
2026-08-04T06:42:02+03:00,1785814922,7425,66,3,32.3,43.6,,run
2026-08-04T06:42:08+03:00,1785814928,7431,66,3,32.3,44.5,,run
2026-08-04T06:42:13+03:00,1785814933,7436,66,3,32.3,43.2,,run
2026-08-04T06:42:18+03:00,1785814938,7441,66,3,32.3,43.9,,run
2026-08-04T06:42:23+03:00,1785814943,7446,66,3,32.3,42.3,,run
2026-08-04T06:42:28+03:00,1785814948,7451,66,3,32.3,43.9,,run
2026-08-04T06:42:34+03:00,1785814954,7457,66,3,32.3,43.9,,run
2026-08-04T06:42:39+03:00,1785814959,7462,66,3,32.3,43.6,,run
2026-08-04T06:42:44+03:00,1785814964,7467,66,3,32.3,52.5,,run
2026-08-04T06:42:50+03:00,1785814970,7473,66,3,32.3,46.3,,run
2026-08-04T06:42:55+03:00,1785814975,7478,66,3,32.3,44.5,,run
2026-08-04T06:43:00+03:00,1785814980,7483,66,3,32.3,43.9,,run
2026-08-04T06:43:05+03:00,1785814985,7488,66,3,32.3,41.7,,run
2026-08-04T06:43:10+03:00,1785814990,7493,66,3,32.3,42.0,,run
2026-08-04T06:43:16+03:00,1785814996,7499,66,3,32.3,41.4,,run
2026-08-04T06:43:21+03:00,1785815001,7504,66,3,32.3,42.0,,run
2026-08-04T06:43:26+03:00,1785815006,7509,66,3,32.3,43.2,,run
2026-08-04T06:43:31+03:00,1785815011,7514,66,3,32.3,52.2,,run
2026-08-04T06:43:37+03:00,1785815017,7520,66,3,32.3,45.1,,run
2026-08-04T06:43:42+03:00,1785815022,7525,66,3,32.3,43.9,,run
2026-08-04T06:43:47+03:00,1785815027,7530,66,3,32.3,42.9,,run
2026-08-04T06:43:52+03:00,1785815032,7535,66,3,32.3,42.3,,run
2026-08-04T06:43:58+03:00,1785815038,7541,66,3,32.3,42.9,,run
2026-08-04T06:44:03+03:00,1785815043,7546,66,3,32.3,44.8,,run
2026-08-04T06:44:08+03:00,1785815048,7551,66,3,32.3,47.9,,run
2026-08-04T06:44:13+03:00,1785815053,7556,66,3,32.3,46.3,,run
2026-08-04T06:44:19+03:00,1785815059,7562,66,3,32.3,45.7,,run
2026-08-04T06:44:24+03:00,1785815064,7567,66,3,32.3,42.9,,run
2026-08-04T06:44:29+03:00,1785815069,7572,66,3,32.3,43.6,,run
2026-08-04T06:44:34+03:00,1785815074,7577,66,3,32.3,43.6,,run
2026-08-04T06:44:39+03:00,1785815079,7582,66,3,32.3,43.2,,run
2026-08-04T06:44:45+03:00,1785815085,7588,66,3,32.3,48.5,,run
2026-08-04T06:44:50+03:00,1785815090,7593,66,3,32.3,44.2,,run
2026-08-04T06:44:55+03:00,1785815095,7598,66,3,32.3,43.2,,run
2026-08-04T06:45:00+03:00,1785815100,7603,66,3,32.3,45.7,,run
2026-08-04T06:45:06+03:00,1785815106,7609,66,3,32.3,46.0,,run
2026-08-04T06:45:11+03:00,1785815111,7614,66,3,32.3,42.6,,run
2026-08-04T06:45:16+03:00,1785815116,7619,66,3,32.3,42.3,,run
2026-08-04T06:45:21+03:00,1785815121,7624,66,3,32.3,42.6,,run
2026-08-04T06:45:27+03:00,1785815127,7630,66,3,32.3,42.3,,run
2026-08-04T06:45:32+03:00,1785815132,7635,66,3,32.3,54.4,,run
2026-08-04T06:45:37+03:00,1785815137,7640,66,3,32.3,45.1,,run
2026-08-04T06:45:43+03:00,1785815143,7646,66,3,32.3,43.6,,run
2026-08-04T06:45:48+03:00,1785815148,7651,66,3,32.3,42.6,,run
2026-08-04T06:45:53+03:00,1785815153,7656,66,3,32.3,42.0,,run
2026-08-04T06:45:58+03:00,1785815158,7661,66,3,32.3,44.2,,run
2026-08-04T06:46:03+03:00,1785815163,7666,66,3,32.3,43.9,,run
2026-08-04T06:46:09+03:00,1785815169,7672,66,3,32.3,43.2,,run
2026-08-04T06:46:14+03:00,1785815174,7677,66,3,32.3,42.0,,run
2026-08-04T06:46:19+03:00,1785815179,7682,66,3,32.3,44.2,,run
2026-08-04T06:46:24+03:00,1785815184,7687,66,3,32.3,45.1,,run
2026-08-04T06:46:30+03:00,1785815190,7693,66,3,32.3,45.1,,run
2026-08-04T06:46:35+03:00,1785815195,7698,66,3,32.3,43.6,,run
2026-08-04T06:46:40+03:00,1785815200,7703,66,3,32.3,43.2,,run
2026-08-04T06:46:45+03:00,1785815205,7708,66,3,32.3,48.2,,run
2026-08-04T06:46:50+03:00,1785815210,7713,66,3,32.3,50.7,,run
2026-08-04T06:46:56+03:00,1785815216,7719,66,3,32.3,47.3,,run
2026-08-04T06:47:01+03:00,1785815221,7724,66,3,32.3,43.2,,run
2026-08-04T06:47:06+03:00,1785815226,7729,66,3,32.3,43.9,,run
2026-08-04T06:47:11+03:00,1785815231,7734,66,3,32.3,46.3,,run
2026-08-04T06:47:17+03:00,1785815237,7740,66,3,32.3,43.6,,run
2026-08-04T06:47:22+03:00,1785815242,7745,66,3,32.3,42.0,,run
2026-08-04T06:47:27+03:00,1785815247,7750,66,3,32.3,41.4,,run
2026-08-04T06:47:32+03:00,1785815252,7755,66,3,32.3,45.7,,run
2026-08-04T06:47:38+03:00,1785815258,7761,66,3,32.3,47.9,,run
2026-08-04T06:47:43+03:00,1785815263,7766,66,3,32.3,43.2,,run
2026-08-04T06:47:48+03:00,1785815268,7771,66,3,32.3,43.2,,run
2026-08-04T06:47:53+03:00,1785815273,7776,66,3,32.3,43.2,,run
2026-08-04T06:47:59+03:00,1785815279,7782,66,3,32.3,43.2,,run
2026-08-04T06:48:04+03:00,1785815284,7787,66,3,32.3,44.8,,run
2026-08-04T06:48:09+03:00,1785815289,7792,66,3,32.3,42.9,,run
2026-08-04T06:48:14+03:00,1785815294,7797,66,3,32.3,42.6,,run
2026-08-04T06:48:19+03:00,1785815299,7802,66,3,32.3,43.6,,run
2026-08-04T06:48:25+03:00,1785815305,7808,66,3,32.3,43.2,,run
2026-08-04T06:48:30+03:00,1785815310,7813,66,3,32.3,44.8,,run
2026-08-04T06:48:35+03:00,1785815315,7818,66,3,32.3,45.4,,run
2026-08-04T06:48:40+03:00,1785815320,7823,66,3,32.3,43.2,,run
2026-08-04T06:48:46+03:00,1785815326,7829,66,3,32.3,42.9,,run
2026-08-04T06:48:51+03:00,1785815331,7834,66,3,32.3,51.9,,run
2026-08-04T06:48:56+03:00,1785815336,7839,66,3,32.3,42.6,,run
2026-08-04T06:49:01+03:00,1785815341,7844,66,3,32.3,42.9,,run
2026-08-04T06:49:07+03:00,1785815347,7850,66,3,32.3,42.3,,run
2026-08-04T06:49:12+03:00,1785815352,7855,66,3,32.3,46.0,,run
2026-08-04T06:49:17+03:00,1785815357,7860,66,3,32.3,44.8,,run
2026-08-04T06:49:22+03:00,1785815362,7865,66,3,32.3,42.6,,run
2026-08-04T06:49:28+03:00,1785815368,7871,66,3,32.3,42.0,,run
2026-08-04T06:49:33+03:00,1785815373,7876,66,3,32.3,42.6,,run
2026-08-04T06:49:38+03:00,1785815378,7881,66,3,32.3,54.1,,run
2026-08-04T06:49:43+03:00,1785815383,7886,66,3,32.3,44.5,,run
2026-08-04T06:49:49+03:00,1785815389,7892,66,3,32.3,43.9,,run
2026-08-04T06:49:54+03:00,1785815394,7897,66,3,32.3,43.6,,run
2026-08-04T06:49:59+03:00,1785815399,7902,66,3,32.3,42.0,,run
2026-08-04T06:50:04+03:00,1785815404,7907,66,3,32.3,43.6,,run
2026-08-04T06:50:10+03:00,1785815410,7913,66,3,32.3,44.2,,run
2026-08-04T06:50:15+03:00,1785815415,7918,66,3,32.3,42.6,,run
2026-08-04T06:50:20+03:00,1785815420,7923,66,3,32.3,42.9,,run
2026-08-04T06:50:25+03:00,1785815425,7928,66,3,32.3,42.3,,run
2026-08-04T06:50:30+03:00,1785815430,7933,66,3,32.3,42.6,,run
2026-08-04T06:50:36+03:00,1785815436,7939,66,3,32.3,47.0,,run
2026-08-04T06:50:41+03:00,1785815441,7944,66,3,32.3,45.1,,run
2026-08-04T06:50:46+03:00,1785815446,7949,66,3,32.3,42.6,,run
2026-08-04T06:50:51+03:00,1785815451,7954,66,3,32.3,49.7,,run
2026-08-04T06:50:57+03:00,1785815457,7960,66,3,32.3,46.3,,run
2026-08-04T06:51:02+03:00,1785815462,7965,66,3,32.3,43.9,,run
2026-08-04T06:51:07+03:00,1785815467,7970,66,3,32.3,45.1,,run
2026-08-04T06:51:13+03:00,1785815473,7976,65,3,32.3,43.2,,run
2026-08-04T06:51:18+03:00,1785815478,7981,65,3,32.3,43.9,,run
2026-08-04T06:51:23+03:00,1785815483,7986,65,3,32.3,50.7,,run
2026-08-04T06:51:28+03:00,1785815488,7991,65,3,32.3,46.7,,run
2026-08-04T06:51:34+03:00,1785815494,7997,65,3,32.3,45.4,,run
2026-08-04T06:51:39+03:00,1785815499,8002,65,3,32.3,42.9,,run
2026-08-04T06:51:44+03:00,1785815504,8007,65,3,32.3,46.3,,run
2026-08-04T06:51:49+03:00,1785815509,8012,65,3,32.3,46.3,,run
2026-08-04T06:51:55+03:00,1785815515,8018,65,3,32.3,43.9,,run
2026-08-04T06:52:00+03:00,1785815520,8023,65,3,32.3,42.9,,run
2026-08-04T06:52:05+03:00,1785815525,8028,65,3,32.3,42.9,,run
2026-08-04T06:52:10+03:00,1785815530,8033,65,3,32.3,42.6,,run
2026-08-04T06:52:16+03:00,1785815536,8039,65,3,32.3,44.2,,run
2026-08-04T06:52:21+03:00,1785815541,8044,65,3,32.3,42.6,,run
2026-08-04T06:52:26+03:00,1785815546,8049,65,3,32.3,43.2,,run
2026-08-04T06:52:31+03:00,1785815551,8054,65,3,32.3,43.2,,run
2026-08-04T06:52:36+03:00,1785815556,8059,65,3,32.3,51.0,,run
2026-08-04T06:52:42+03:00,1785815562,8065,65,3,32.3,44.2,,run
2026-08-04T06:52:47+03:00,1785815567,8070,65,3,32.3,51.6,,run
2026-08-04T06:52:52+03:00,1785815572,8075,65,3,32.3,46.0,,run
2026-08-04T06:52:58+03:00,1785815578,8081,65,3,32.3,42.3,,run
2026-08-04T06:53:03+03:00,1785815583,8086,65,3,32.3,42.9,,run
2026-08-04T06:53:08+03:00,1785815588,8091,65,3,32.3,42.6,,run
2026-08-04T06:53:13+03:00,1785815593,8096,65,3,32.3,42.6,,run
2026-08-04T06:53:18+03:00,1785815598,8101,65,3,32.3,41.4,,run
2026-08-04T06:53:24+03:00,1785815604,8107,65,3,32.3,54.7,,run
2026-08-04T06:53:29+03:00,1785815609,8112,65,3,32.3,44.8,,run
2026-08-04T06:53:34+03:00,1785815614,8117,65,3,32.3,48.5,,run
2026-08-04T06:53:39+03:00,1785815619,8122,65,3,32.3,47.9,,run
2026-08-04T06:53:45+03:00,1785815625,8128,65,3,32.3,44.2,,run
2026-08-04T06:53:50+03:00,1785815630,8133,65,3,32.3,44.2,,run
2026-08-04T06:53:55+03:00,1785815635,8138,65,3,32.3,42.6,,run
2026-08-04T06:54:00+03:00,1785815640,8143,65,3,32.3,42.9,,run
2026-08-04T06:54:06+03:00,1785815646,8149,65,3,32.3,43.9,,run
2026-08-04T06:54:11+03:00,1785815651,8154,65,3,32.3,45.7,,run
2026-08-04T06:54:16+03:00,1785815656,8159,65,3,32.3,45.7,,run
2026-08-04T06:54:21+03:00,1785815661,8164,65,3,32.3,45.7,,run
2026-08-04T06:54:27+03:00,1785815667,8170,65,3,32.3,47.6,,run
2026-08-04T06:54:32+03:00,1785815672,8175,65,3,32.3,45.1,,run
2026-08-04T06:54:37+03:00,1785815677,8180,65,3,32.3,51.0,,run
2026-08-04T06:54:42+03:00,1785815682,8185,65,3,32.3,56.9,,run
2026-08-04T06:54:48+03:00,1785815688,8191,65,3,32.3,44.2,,run
2026-08-04T06:54:53+03:00,1785815693,8196,65,3,32.3,42.6,,run
2026-08-04T06:54:58+03:00,1785815698,8201,65,3,32.3,49.7,,run
2026-08-04T06:55:04+03:00,1785815704,8207,65,3,32.3,44.5,,run
2026-08-04T06:55:09+03:00,1785815709,8212,65,3,32.3,41.7,,run
2026-08-04T06:55:14+03:00,1785815714,8217,65,3,32.3,42.9,,run
2026-08-04T06:55:19+03:00,1785815719,8222,65,3,32.3,42.0,,run
2026-08-04T06:55:25+03:00,1785815725,8228,65,3,32.3,42.0,,run
2026-08-04T06:55:30+03:00,1785815730,8233,65,3,32.3,43.2,,run
2026-08-04T06:55:35+03:00,1785815735,8238,65,3,32.3,42.3,,run
2026-08-04T06:55:41+03:00,1785815741,8244,65,3,32.3,47.6,,run
2026-08-04T06:55:46+03:00,1785815746,8249,65,3,32.3,43.6,,run
2026-08-04T06:55:52+03:00,1785815752,8255,65,3,32.3,44.5,,run
2026-08-04T06:55:57+03:00,1785815757,8260,65,3,32.3,41.4,,run
2026-08-04T06:56:04+03:00,1785815764,8267,65,3,32.3,41.4,,run
2026-08-04T06:56:23+03:00,1785815783,8286,65,3,32.3,41.4,,run
2026-08-04T06:57:38+03:00,1785815858,8361,65,3,32.3,40.8,,run
2026-08-04T06:57:43+03:00,1785815863,8366,65,3,32.3,42.9,,run
2026-08-04T06:57:48+03:00,1785815868,8371,65,3,32.3,55.0,,run
2026-08-04T06:57:55+03:00,1785815874,8377,65,3,32.3,42.6,,run
2026-08-04T06:59:29+03:00,1785815969,8472,65,3,32.3,42.3,,run
2026-08-04T06:59:35+03:00,1785815975,8478,65,3,32.3,43.2,,run
2026-08-04T06:59:41+03:00,1785815980,8483,65,3,32.3,49.4,,run
2026-08-04T07:00:04+03:00,1785816004,8507,65,3,32.3,43.6,,run
2026-08-04T07:00:09+03:00,1785816009,8512,65,3,32.3,43.2,,run
2026-08-04T07:00:14+03:00,1785816014,8517,65,3,32.3,42.3,,run
2026-08-04T07:00:19+03:00,1785816019,8522,65,3,32.3,41.4,,run
2026-08-04T07:00:25+03:00,1785816025,8528,65,3,32.3,41.1,,run
2026-08-04T07:00:30+03:00,1785816030,8533,65,3,32.3,43.6,,run
2026-08-04T07:00:35+03:00,1785816035,8538,65,3,32.3,46.0,,run
2026-08-04T07:00:40+03:00,1785816040,8543,65,3,32.3,42.3,,run
2026-08-04T07:00:46+03:00,1785816046,8549,65,3,32.3,43.9,,run
2026-08-04T07:00:51+03:00,1785816051,8554,64,3,32.0,42.6,,run
2026-08-04T07:00:56+03:00,1785816056,8559,64,3,32.0,48.2,,run
2026-08-04T07:01:01+03:00,1785816061,8564,64,3,32.0,46.0,,run
2026-08-04T07:01:07+03:00,1785816067,8570,64,3,32.0,43.9,,run
2026-08-04T07:01:12+03:00,1785816072,8575,64,3,32.0,42.6,,run
2026-08-04T07:01:17+03:00,1785816077,8580,64,3,32.0,42.0,,run
2026-08-04T07:01:22+03:00,1785816082,8585,64,3,32.0,45.7,,run
2026-08-04T07:01:27+03:00,1785816087,8590,64,3,32.0,43.2,,run
2026-08-04T07:01:33+03:00,1785816093,8596,64,3,32.0,42.3,,run
2026-08-04T07:01:38+03:00,1785816098,8601,64,3,32.0,42.9,,run
2026-08-04T07:01:43+03:00,1785816103,8606,64,3,32.0,45.1,,run
2026-08-04T07:01:48+03:00,1785816108,8611,64,3,32.0,53.8,,run
2026-08-04T07:01:54+03:00,1785816114,8617,64,3,32.0,42.9,,run
2026-08-04T07:01:59+03:00,1785816119,8622,64,3,32.0,42.9,,run
2026-08-04T07:02:05+03:00,1785816125,8628,64,3,32.0,42.0,,run
2026-08-04T07:02:10+03:00,1785816130,8633,64,3,32.0,41.4,,run
2026-08-04T07:02:15+03:00,1785816135,8638,64,3,32.0,41.7,,run
2026-08-04T07:02:20+03:00,1785816140,8643,64,3,32.0,42.0,,run
2026-08-04T07:02:25+03:00,1785816145,8648,64,3,32.0,41.4,,run
2026-08-04T07:02:31+03:00,1785816151,8654,64,3,32.0,42.6,,run
2026-08-04T07:02:36+03:00,1785816156,8659,64,3,32.0,44.8,,run
2026-08-04T07:02:41+03:00,1785816161,8664,64,3,32.0,47.6,,run
2026-08-04T07:02:47+03:00,1785816167,8670,64,3,32.0,46.7,,run
2026-08-04T07:02:52+03:00,1785816172,8675,64,3,32.0,44.2,,run
2026-08-04T07:02:57+03:00,1785816177,8680,64,3,32.0,43.9,,run
2026-08-04T07:03:02+03:00,1785816182,8685,64,3,32.0,48.2,,run
2026-08-04T07:03:08+03:00,1785816188,8691,64,3,32.0,44.5,,run
2026-08-04T07:03:13+03:00,1785816193,8696,64,3,32.0,43.9,,run
2026-08-04T07:03:18+03:00,1785816198,8701,64,3,32.0,44.2,,run
2026-08-04T07:03:23+03:00,1785816203,8706,64,3,32.0,42.9,,run
2026-08-04T07:03:28+03:00,1785816208,8711,64,3,32.0,43.9,,run
2026-08-04T07:03:34+03:00,1785816214,8717,64,3,32.0,42.9,,run
2026-08-04T07:03:39+03:00,1785816219,8722,64,3,32.0,42.0,,run
2026-08-04T07:03:44+03:00,1785816224,8727,64,3,32.0,41.4,,run
2026-08-04T07:03:49+03:00,1785816229,8732,64,3,32.0,47.3,,run
2026-08-04T07:03:55+03:00,1785816235,8738,64,3,32.0,54.4,,run
2026-08-04T07:04:00+03:00,1785816240,8743,64,3,32.0,44.5,,run
2026-08-04T07:04:06+03:00,1785816246,8749,64,3,32.0,46.0,,run
2026-08-04T07:04:11+03:00,1785816251,8754,64,3,32.0,45.4,,run
2026-08-04T07:04:16+03:00,1785816256,8759,64,3,32.0,42.6,,run
2026-08-04T07:04:21+03:00,1785816261,8764,64,3,32.0,42.3,,run
2026-08-04T07:04:27+03:00,1785816267,8770,64,3,32.0,41.7,,run
2026-08-04T07:04:32+03:00,1785816272,8775,64,3,32.0,41.4,,run
2026-08-04T07:04:37+03:00,1785816277,8780,64,3,32.0,41.7,,run
2026-08-04T07:04:42+03:00,1785816282,8785,64,3,32.0,45.1,,run
2026-08-04T07:04:48+03:00,1785816288,8791,64,3,32.0,49.4,,run
2026-08-04T07:04:53+03:00,1785816293,8796,64,3,32.0,45.4,,run
2026-08-04T07:04:58+03:00,1785816298,8801,64,3,32.0,42.9,,run
2026-08-04T07:05:03+03:00,1785816303,8806,64,3,32.0,42.3,,run
2026-08-04T07:05:09+03:00,1785816309,8812,64,3,32.0,45.4,,run
2026-08-04T07:05:14+03:00,1785816314,8817,64,3,32.0,45.7,,run
2026-08-04T07:05:19+03:00,1785816319,8822,64,3,32.0,44.2,,run
2026-08-04T07:05:24+03:00,1785816324,8827,64,3,32.0,45.7,,run
2026-08-04T07:05:29+03:00,1785816329,8832,64,3,32.0,43.2,,run
2026-08-04T07:05:35+03:00,1785816335,8838,64,3,32.0,42.3,,run
2026-08-04T07:05:40+03:00,1785816340,8843,64,3,32.0,42.0,,run
2026-08-04T07:05:45+03:00,1785816345,8848,64,3,32.0,42.3,,run
2026-08-04T07:05:50+03:00,1785816350,8853,64,3,32.0,42.9,,run
2026-08-04T07:05:56+03:00,1785816356,8859,64,3,32.0,46.7,,run
2026-08-04T07:06:01+03:00,1785816361,8864,64,3,32.0,51.9,,run
2026-08-04T07:06:07+03:00,1785816367,8870,64,3,32.0,45.1,,run
2026-08-04T07:06:12+03:00,1785816372,8875,64,3,32.0,44.8,,run
2026-08-04T07:06:17+03:00,1785816377,8880,64,3,32.0,43.6,,run
2026-08-04T07:06:22+03:00,1785816382,8885,64,3,32.0,41.7,,run
2026-08-04T07:06:28+03:00,1785816388,8891,64,3,32.0,42.6,,run
2026-08-04T07:06:33+03:00,1785816393,8896,64,3,32.0,50.1,,run
2026-08-04T07:06:38+03:00,1785816398,8901,64,3,32.0,43.6,,run
2026-08-04T07:06:43+03:00,1785816403,8906,64,3,32.0,42.9,,run
2026-08-04T07:06:49+03:00,1785816409,8912,64,3,32.0,43.2,,run
2026-08-04T07:06:54+03:00,1785816414,8917,64,3,32.0,41.4,,run
2026-08-04T07:06:59+03:00,1785816419,8922,64,3,32.0,43.6,,run
2026-08-04T07:07:04+03:00,1785816424,8927,64,3,32.0,43.6,,run
2026-08-04T07:07:10+03:00,1785816430,8933,64,3,32.0,43.2,,run
2026-08-04T07:07:15+03:00,1785816435,8938,64,3,32.0,44.5,,run
2026-08-04T07:07:20+03:00,1785816440,8943,64,3,32.0,48.8,,run
2026-08-04T07:07:25+03:00,1785816445,8948,64,3,32.0,44.2,,run
2026-08-04T07:07:31+03:00,1785816451,8954,64,3,32.0,43.2,,run
2026-08-04T07:07:36+03:00,1785816456,8959,64,3,32.0,43.6,,run
2026-08-04T07:07:41+03:00,1785816461,8964,64,3,32.0,42.9,,run
2026-08-04T07:07:46+03:00,1785816466,8969,64,3,32.0,50.1,,run
2026-08-04T07:07:52+03:00,1785816472,8975,64,3,32.0,43.2,,run
2026-08-04T07:07:57+03:00,1785816477,8980,64,3,32.0,42.6,,run
2026-08-04T07:08:02+03:00,1785816482,8985,64,3,32.0,44.8,,run
2026-08-04T07:08:07+03:00,1785816487,8990,64,3,32.0,43.2,,run
2026-08-04T07:08:13+03:00,1785816493,8996,64,3,32.0,45.1,,run
2026-08-04T07:08:18+03:00,1785816498,9001,64,3,32.0,48.8,,run
2026-08-04T07:08:23+03:00,1785816503,9006,64,3,32.0,42.6,,run
2026-08-04T07:08:28+03:00,1785816508,9011,64,3,32.0,43.6,,run
2026-08-04T07:08:34+03:00,1785816514,9017,64,3,32.0,42.6,,run
2026-08-04T07:08:39+03:00,1785816519,9022,64,3,32.0,43.9,,run
2026-08-04T07:08:44+03:00,1785816524,9027,64,3,32.0,44.2,,run
2026-08-04T07:08:49+03:00,1785816529,9032,64,3,32.0,42.6,,run
2026-08-04T07:08:55+03:00,1785816535,9038,64,3,32.0,43.2,,run
2026-08-04T07:09:00+03:00,1785816540,9043,64,3,32.0,42.0,,run
2026-08-04T07:09:05+03:00,1785816545,9048,64,3,32.0,41.4,,run
2026-08-04T07:09:10+03:00,1785816550,9053,64,3,32.0,42.6,,run
2026-08-04T07:09:15+03:00,1785816555,9058,64,3,32.0,43.6,,run
2026-08-04T07:09:21+03:00,1785816561,9064,64,3,32.0,45.4,,run
2026-08-04T07:09:26+03:00,1785816566,9069,64,3,32.0,45.1,,run
2026-08-04T07:09:31+03:00,1785816571,9074,64,3,32.0,53.1,,run
2026-08-04T07:09:37+03:00,1785816577,9080,64,3,32.0,44.5,,run
2026-08-04T07:09:42+03:00,1785816582,9085,64,3,32.0,42.9,,run
2026-08-04T07:09:47+03:00,1785816587,9090,64,3,32.0,42.6,,run
2026-08-04T07:09:53+03:00,1785816593,9096,64,3,32.0,40.8,,run
2026-08-04T07:09:58+03:00,1785816598,9101,64,3,32.0,41.7,,run
2026-08-04T07:10:03+03:00,1785816603,9106,64,3,32.0,40.5,,run
2026-08-04T07:10:08+03:00,1785816608,9111,64,3,32.0,45.1,,run
2026-08-04T07:10:13+03:00,1785816613,9116,64,3,32.0,47.9,,run
2026-08-04T07:10:19+03:00,1785816619,9122,64,3,32.0,48.2,,run
2026-08-04T07:10:24+03:00,1785816624,9127,63,3,32.0,44.2,,run
2026-08-04T07:10:29+03:00,1785816629,9132,63,3,32.0,42.0,,run
2026-08-04T07:10:34+03:00,1785816634,9137,63,3,32.0,42.6,,run
2026-08-04T07:10:40+03:00,1785816640,9143,63,3,32.0,42.3,,run
2026-08-04T07:10:45+03:00,1785816645,9148,63,3,32.0,43.9,,run
2026-08-04T07:10:50+03:00,1785816650,9153,63,3,32.0,42.6,,run
2026-08-04T07:10:55+03:00,1785816655,9158,63,3,32.0,42.3,,run
2026-08-04T07:11:01+03:00,1785816661,9164,63,3,32.0,42.0,,run
2026-08-04T07:11:06+03:00,1785816666,9169,63,3,32.0,42.3,,run
2026-08-04T07:11:11+03:00,1785816671,9174,63,3,32.0,42.3,,run
2026-08-04T07:11:16+03:00,1785816676,9179,63,3,32.0,42.9,,run
2026-08-04T07:11:21+03:00,1785816681,9184,63,3,32.0,44.8,,run
2026-08-04T07:11:27+03:00,1785816687,9190,63,3,32.0,42.3,,run
2026-08-04T07:11:32+03:00,1785816692,9195,63,3,32.0,47.3,,run
2026-08-04T07:11:37+03:00,1785816697,9200,63,3,32.0,43.9,,run
2026-08-04T07:11:42+03:00,1785816702,9205,63,3,32.0,41.4,,run
2026-08-04T07:11:48+03:00,1785816708,9211,63,3,32.0,42.3,,run
2026-08-04T07:11:53+03:00,1785816713,9216,63,3,32.0,42.9,,run
2026-08-04T07:11:58+03:00,1785816718,9221,63,3,32.0,42.6,,run
2026-08-04T07:12:03+03:00,1785816723,9226,63,3,32.0,42.0,,run
2026-08-04T07:12:08+03:00,1785816728,9231,63,3,32.0,41.4,,run
2026-08-04T07:12:14+03:00,1785816734,9237,63,3,32.0,40.8,,run
2026-08-04T07:12:19+03:00,1785816739,9242,63,3,32.0,44.2,,run
2026-08-04T07:12:24+03:00,1785816744,9247,63,3,32.0,44.5,,run
2026-08-04T07:12:29+03:00,1785816749,9252,63,3,32.0,43.2,,run
2026-08-04T07:12:35+03:00,1785816755,9258,63,3,32.0,42.0,,run
2026-08-04T07:12:40+03:00,1785816760,9263,63,3,32.0,42.6,,run
2026-08-04T07:12:45+03:00,1785816765,9268,63,3,32.0,40.8,,run
2026-08-04T07:12:50+03:00,1785816770,9273,63,3,32.0,41.7,,run
2026-08-04T07:12:55+03:00,1785816775,9278,63,3,32.0,42.6,,run
2026-08-04T07:13:01+03:00,1785816781,9284,63,3,32.0,42.6,,run
2026-08-04T07:13:06+03:00,1785816786,9289,63,3,32.0,41.1,,run
2026-08-04T07:13:11+03:00,1785816791,9294,63,3,32.0,41.4,,run
2026-08-04T07:13:16+03:00,1785816796,9299,63,3,32.0,40.5,,run
2026-08-04T07:13:21+03:00,1785816801,9304,63,3,32.0,41.1,,run
2026-08-04T07:13:27+03:00,1785816807,9310,63,3,32.0,42.9,,run
2026-08-04T07:13:32+03:00,1785816812,9315,63,3,32.0,43.6,,run
2026-08-04T07:13:37+03:00,1785816817,9320,63,3,32.0,45.1,,run
2026-08-04T07:13:42+03:00,1785816822,9325,63,3,32.0,43.6,,run
2026-08-04T07:13:48+03:00,1785816828,9331,63,3,32.0,41.1,,run
2026-08-04T07:13:53+03:00,1785816833,9336,63,3,32.0,42.0,,run
2026-08-04T07:13:58+03:00,1785816838,9341,63,3,32.0,41.7,,run
2026-08-04T07:14:03+03:00,1785816843,9346,63,3,32.0,42.0,,run
2026-08-04T07:14:09+03:00,1785816849,9352,63,3,32.0,41.1,,run
2026-08-04T07:14:14+03:00,1785816854,9357,63,3,32.0,40.8,,run
2026-08-04T07:14:19+03:00,1785816859,9362,63,3,32.0,41.7,,run
2026-08-04T07:14:24+03:00,1785816864,9367,63,3,32.0,47.9,,run
2026-08-04T07:14:29+03:00,1785816869,9372,63,3,32.0,43.2,,run
2026-08-04T07:14:35+03:00,1785816875,9378,63,3,32.0,43.2,,run
2026-08-04T07:14:40+03:00,1785816880,9383,63,3,32.0,50.4,,run
2026-08-04T07:14:45+03:00,1785816885,9388,63,3,32.0,42.3,,run
2026-08-04T07:14:51+03:00,1785816891,9394,63,3,32.0,43.9,,run
2026-08-04T07:14:56+03:00,1785816896,9399,63,3,32.0,40.5,,run
2026-08-04T07:15:01+03:00,1785816901,9404,63,3,32.0,40.8,,run
2026-08-04T07:15:06+03:00,1785816906,9409,63,3,32.0,46.3,,run
2026-08-04T07:15:12+03:00,1785816912,9415,63,3,32.0,45.7,,run
2026-08-04T07:15:17+03:00,1785816917,9420,63,3,32.0,42.9,,run
2026-08-04T07:15:22+03:00,1785816922,9425,63,3,32.0,42.9,,run
2026-08-04T07:15:27+03:00,1785816927,9430,63,3,32.0,44.2,,run
2026-08-04T07:15:33+03:00,1785816933,9436,63,3,32.0,43.6,,run
2026-08-04T07:15:38+03:00,1785816938,9441,63,3,32.0,42.9,,run
2026-08-04T07:15:43+03:00,1785816943,9446,63,3,32.0,49.4,,run
2026-08-04T07:15:48+03:00,1785816948,9451,63,3,32.0,43.2,,run
2026-08-04T07:15:54+03:00,1785816954,9457,63,3,32.0,42.0,,run
2026-08-04T07:15:59+03:00,1785816959,9462,63,3,32.0,46.0,,run
2026-08-04T07:16:04+03:00,1785816964,9467,63,3,32.0,44.5,,run
2026-08-04T07:16:09+03:00,1785816969,9472,63,3,32.0,43.2,,run
2026-08-04T07:16:14+03:00,1785816974,9477,63,3,32.0,43.6,,run
2026-08-04T07:16:20+03:00,1785816980,9483,63,3,32.0,43.9,,run
2026-08-04T07:16:25+03:00,1785816985,9488,63,3,32.0,52.2,,run
2026-08-04T07:16:30+03:00,1785816990,9493,63,3,32.0,47.0,,run
2026-08-04T07:16:36+03:00,1785816996,9499,63,3,32.0,42.0,,run
2026-08-04T07:16:41+03:00,1785817001,9504,63,3,32.0,42.9,,run
2026-08-04T07:16:46+03:00,1785817006,9509,63,3,32.0,41.7,,run
2026-08-04T07:16:51+03:00,1785817011,9514,63,3,32.0,40.8,,run
2026-08-04T07:16:57+03:00,1785817017,9520,63,3,32.0,42.0,,run
2026-08-04T07:17:02+03:00,1785817022,9525,63,3,32.0,42.6,,run
2026-08-04T07:17:07+03:00,1785817027,9530,63,3,32.0,51.0,,run
2026-08-04T07:17:13+03:00,1785817033,9536,63,3,32.0,45.1,,run
2026-08-04T07:17:18+03:00,1785817038,9541,63,3,32.0,42.3,,run
2026-08-04T07:17:23+03:00,1785817043,9546,63,3,32.0,41.7,,run
2026-08-04T07:17:28+03:00,1785817048,9551,63,3,32.0,47.3,,run
2026-08-04T07:17:33+03:00,1785817053,9556,63,3,32.0,44.5,,run
2026-08-04T07:17:39+03:00,1785817059,9562,63,3,32.0,43.9,,run
2026-08-04T07:17:44+03:00,1785817064,9567,63,3,32.0,43.2,,run
2026-08-04T07:17:49+03:00,1785817069,9572,63,3,32.0,42.6,,run
2026-08-04T07:17:54+03:00,1785817074,9577,63,3,32.0,41.7,,run
2026-08-04T07:18:00+03:00,1785817080,9583,63,3,32.0,44.5,,run
2026-08-04T07:18:05+03:00,1785817085,9588,63,3,32.0,42.0,,run
2026-08-04T07:18:10+03:00,1785817090,9593,63,3,32.0,41.7,,run
2026-08-04T07:18:15+03:00,1785817095,9598,63,3,32.0,45.4,,run
2026-08-04T07:18:20+03:00,1785817100,9603,63,3,31.8,46.0,,run
2026-08-04T07:18:26+03:00,1785817106,9609,63,3,31.8,53.1,,run
2026-08-04T07:18:31+03:00,1785817111,9614,63,3,31.8,47.9,,run
2026-08-04T07:18:36+03:00,1785817116,9619,63,3,31.8,42.0,,run
2026-08-04T07:18:42+03:00,1785817122,9625,63,3,31.8,42.3,,run
2026-08-04T07:18:47+03:00,1785817127,9630,63,3,31.8,42.0,,run
2026-08-04T07:18:52+03:00,1785817132,9635,63,3,31.8,40.8,,run
2026-08-04T07:18:57+03:00,1785817137,9640,63,3,31.8,43.6,,run
2026-08-04T07:19:02+03:00,1785817142,9645,62,3,31.8,42.3,,run
2026-08-04T07:19:08+03:00,1785817148,9651,62,3,31.8,41.4,,run
2026-08-04T07:19:13+03:00,1785817153,9656,62,3,31.8,53.8,,run
2026-08-04T07:19:18+03:00,1785817158,9661,62,3,31.8,46.0,,run
2026-08-04T07:19:23+03:00,1785817163,9666,62,3,31.8,44.2,,run
2026-08-04T07:19:29+03:00,1785817169,9672,62,3,31.8,46.0,,run
2026-08-04T07:19:34+03:00,1785817174,9677,62,3,31.8,44.5,,run
2026-08-04T07:19:39+03:00,1785817179,9682,62,3,31.8,45.1,,run
2026-08-04T07:19:44+03:00,1785817184,9687,62,3,31.8,48.5,,run
2026-08-04T07:19:50+03:00,1785817190,9693,62,3,31.8,44.8,,run
2026-08-04T07:19:55+03:00,1785817195,9698,62,3,31.8,49.7,,run
2026-08-04T07:20:00+03:00,1785817200,9703,62,3,31.8,45.7,,run
2026-08-04T07:20:05+03:00,1785817205,9708,62,3,31.8,47.6,,run
2026-08-04T07:20:11+03:00,1785817211,9714,62,3,31.8,44.2,,run
2026-08-04T07:20:16+03:00,1785817216,9719,62,3,31.8,43.9,,run
2026-08-04T07:20:21+03:00,1785817221,9724,62,3,31.8,42.9,,run
2026-08-04T07:20:26+03:00,1785817226,9729,62,3,31.8,51.0,,run
2026-08-04T07:20:31+03:00,1785817231,9734,62,3,31.8,45.4,,run
2026-08-04T07:20:37+03:00,1785817237,9740,62,3,31.8,43.9,,run
2026-08-04T07:20:42+03:00,1785817242,9745,62,3,31.8,42.0,,run
2026-08-04T07:20:47+03:00,1785817247,9750,62,3,31.8,40.8,,run
2026-08-04T07:20:52+03:00,1785817252,9755,62,3,31.8,40.5,,run
2026-08-04T07:20:57+03:00,1785817257,9760,62,3,31.8,40.5,,run
2026-08-04T07:21:03+03:00,1785817263,9766,62,3,31.8,40.8,,run
2026-08-04T07:21:08+03:00,1785817268,9771,62,3,31.8,41.7,,run
2026-08-04T07:21:13+03:00,1785817273,9776,62,3,31.8,51.9,,run
2026-08-04T07:21:18+03:00,1785817278,9781,62,3,31.8,43.6,,run
2026-08-04T07:21:24+03:00,1785817284,9787,62,3,31.8,41.7,,run
2026-08-04T07:21:29+03:00,1785817289,9792,62,3,31.8,42.9,,run
2026-08-04T07:21:34+03:00,1785817294,9797,62,3,31.8,42.6,,run
2026-08-04T07:21:39+03:00,1785817299,9802,62,3,31.8,43.6,,run
2026-08-04T07:21:45+03:00,1785817305,9808,62,3,31.8,41.7,,run
2026-08-04T07:21:50+03:00,1785817310,9813,62,3,31.8,41.7,,run
2026-08-04T07:21:55+03:00,1785817315,9818,62,3,31.8,42.0,,run
2026-08-04T07:22:00+03:00,1785817320,9823,62,3,31.8,42.0,,run
2026-08-04T07:22:05+03:00,1785817325,9828,62,3,31.8,42.6,,run
2026-08-04T07:22:11+03:00,1785817331,9834,62,3,31.8,42.6,,run
2026-08-04T07:22:16+03:00,1785817336,9839,62,3,31.8,41.7,,run
2026-08-04T07:22:21+03:00,1785817341,9844,62,3,31.8,40.8,,run
2026-08-04T07:22:26+03:00,1785817346,9849,62,3,31.8,50.4,,run
2026-08-04T07:22:32+03:00,1785817352,9855,62,3,31.8,43.2,,run
2026-08-04T07:22:37+03:00,1785817357,9860,62,3,31.8,42.3,,run
2026-08-04T07:22:42+03:00,1785817362,9865,62,3,31.8,40.8,,run
2026-08-04T07:22:47+03:00,1785817367,9870,62,3,31.8,40.8,,run
2026-08-04T07:22:52+03:00,1785817372,9875,62,3,31.8,40.8,,run
2026-08-04T07:22:58+03:00,1785817378,9881,62,3,31.8,40.5,,run
2026-08-04T07:23:03+03:00,1785817383,9886,62,3,31.8,45.1,,run
2026-08-04T07:23:08+03:00,1785817388,9891,62,3,31.8,47.3,,run
2026-08-04T07:23:13+03:00,1785817393,9896,62,3,31.8,50.4,,run
2026-08-04T07:23:19+03:00,1785817399,9902,62,3,31.8,43.2,,run
2026-08-04T07:23:24+03:00,1785817404,9907,62,3,31.8,43.2,,run
2026-08-04T07:23:29+03:00,1785817409,9912,62,3,31.8,42.0,,run
2026-08-04T07:23:34+03:00,1785817414,9917,62,3,31.8,41.4,,run
2026-08-04T07:23:40+03:00,1785817420,9923,62,3,31.8,42.6,,run
2026-08-04T07:23:45+03:00,1785817425,9928,62,3,31.8,42.0,,run
2026-08-04T07:23:50+03:00,1785817430,9933,62,3,31.8,42.0,,run
2026-08-04T07:23:55+03:00,1785817435,9938,62,3,31.8,42.6,,run
2026-08-04T07:24:00+03:00,1785817440,9943,62,3,31.8,41.1,,run
2026-08-04T07:24:06+03:00,1785817446,9949,62,3,31.8,42.3,,run
2026-08-04T07:24:11+03:00,1785817451,9954,62,3,31.8,41.1,,run
2026-08-04T07:24:16+03:00,1785817456,9959,62,3,31.8,41.1,,run
2026-08-04T07:24:21+03:00,1785817461,9964,62,3,31.8,42.3,,run
2026-08-04T07:24:27+03:00,1785817467,9970,62,3,31.8,48.5,,run
2026-08-04T07:24:32+03:00,1785817472,9975,62,3,31.8,43.2,,run
2026-08-04T07:24:37+03:00,1785817477,9980,62,3,31.8,43.2,,run
2026-08-04T07:24:43+03:00,1785817483,9986,62,3,31.8,42.0,,run
2026-08-04T07:24:48+03:00,1785817488,9991,62,3,31.8,41.4,,run
2026-08-04T07:24:53+03:00,1785817493,9996,62,3,31.8,40.5,,run
2026-08-04T07:24:58+03:00,1785817498,10001,62,3,31.8,40.5,,run
2026-08-04T07:25:03+03:00,1785817503,10006,62,3,31.8,42.0,,run
2026-08-04T07:25:09+03:00,1785817509,10012,62,3,31.8,40.8,,run
2026-08-04T07:25:14+03:00,1785817514,10017,62,3,31.8,53.1,,run
2026-08-04T07:25:20+03:00,1785817520,10023,62,3,31.8,46.3,,run
2026-08-04T07:25:25+03:00,1785817525,10028,62,3,31.8,43.6,,run
2026-08-04T07:25:30+03:00,1785817530,10033,62,3,31.8,43.9,,run
2026-08-04T07:25:35+03:00,1785817535,10038,62,3,31.8,43.2,,run
2026-08-04T07:25:41+03:00,1785817541,10044,62,3,31.8,42.3,,run
2026-08-04T07:25:46+03:00,1785817546,10049,62,3,31.8,42.3,,run
2026-08-04T07:25:51+03:00,1785817551,10054,62,3,31.8,45.4,,run
2026-08-04T07:25:56+03:00,1785817556,10059,62,3,31.8,42.9,,run
2026-08-04T07:26:02+03:00,1785817562,10065,62,3,31.8,43.2,,run
2026-08-04T07:26:07+03:00,1785817567,10070,62,3,31.8,43.6,,run
2026-08-04T07:26:12+03:00,1785817572,10075,62,3,31.8,42.9,,run
2026-08-04T07:26:17+03:00,1785817577,10080,62,3,31.8,41.7,,run
2026-08-04T07:26:22+03:00,1785817582,10085,62,3,31.8,41.7,,run
2026-08-04T07:26:28+03:00,1785817588,10091,62,3,31.8,47.3,,run
2026-08-04T07:26:33+03:00,1785817593,10096,62,3,31.8,50.7,,run
2026-08-04T07:26:38+03:00,1785817598,10101,62,3,31.8,45.1,,run
2026-08-04T07:26:43+03:00,1785817603,10106,62,3,31.8,41.7,,run
2026-08-04T07:26:49+03:00,1785817609,10112,62,3,31.8,41.4,,run
2026-08-04T07:26:54+03:00,1785817614,10117,62,3,31.8,40.5,,run
2026-08-04T07:26:59+03:00,1785817619,10122,62,3,31.8,40.2,,run
2026-08-04T07:27:04+03:00,1785817624,10127,62,3,31.8,40.8,,run
2026-08-04T07:27:10+03:00,1785817630,10133,62,3,31.8,43.9,,run
2026-08-04T07:27:15+03:00,1785817635,10138,62,3,31.8,44.2,,run
2026-08-04T07:27:20+03:00,1785817640,10143,62,3,31.8,46.3,,run
2026-08-04T07:27:25+03:00,1785817645,10148,62,3,31.8,44.2,,run
2026-08-04T07:27:31+03:00,1785817651,10154,62,3,31.8,44.5,,run
2026-08-04T07:27:36+03:00,1785817656,10159,61,3,31.3,42.9,,run
2026-08-04T07:27:41+03:00,1785817661,10164,61,3,31.3,41.1,,run
2026-08-04T07:27:46+03:00,1785817666,10169,61,3,31.3,45.7,,run
2026-08-04T07:27:51+03:00,1785817671,10174,61,3,31.3,44.8,,run
2026-08-04T07:27:57+03:00,1785817677,10180,61,3,31.3,42.3,,run
2026-08-04T07:28:02+03:00,1785817682,10185,61,3,31.3,45.1,,run
2026-08-04T07:28:07+03:00,1785817687,10190,61,3,31.3,43.9,,run
2026-08-04T07:28:12+03:00,1785817692,10195,61,3,31.3,42.6,,run
2026-08-04T07:28:18+03:00,1785817698,10201,61,3,31.1,41.1,,run
2026-08-04T07:28:23+03:00,1785817703,10206,61,3,31.1,40.8,,run
2026-08-04T07:28:28+03:00,1785817708,10211,61,3,31.1,41.7,,run
2026-08-04T07:28:33+03:00,1785817713,10216,61,3,31.1,51.0,,run
2026-08-04T07:28:39+03:00,1785817719,10222,61,3,31.1,42.0,,run
2026-08-04T07:28:44+03:00,1785817724,10227,61,3,31.1,42.6,,run
2026-08-04T07:28:49+03:00,1785817729,10232,61,3,31.1,40.8,,run
2026-08-04T07:28:55+03:00,1785817735,10238,61,3,31.1,40.5,,run
2026-08-04T07:29:00+03:00,1785817740,10243,61,3,31.1,40.5,,run
2026-08-04T07:29:05+03:00,1785817745,10248,61,3,31.1,40.2,,run
2026-08-04T07:29:10+03:00,1785817750,10253,61,3,31.1,40.5,,run
2026-08-04T07:29:16+03:00,1785817756,10259,61,3,31.1,47.0,,run
2026-08-04T07:29:21+03:00,1785817761,10264,61,3,31.1,53.8,,run
2026-08-04T07:29:26+03:00,1785817766,10269,61,3,31.1,43.6,,run
2026-08-04T07:29:31+03:00,1785817771,10274,61,3,31.1,44.5,,run
2026-08-04T07:29:37+03:00,1785817777,10280,61,3,31.1,42.3,,run
2026-08-04T07:29:42+03:00,1785817782,10285,61,3,31.1,42.3,,run
2026-08-04T07:29:47+03:00,1785817787,10290,61,3,31.1,41.4,,run
2026-08-04T07:29:52+03:00,1785817792,10295,61,3,31.1,42.3,,run
2026-08-04T07:29:58+03:00,1785817798,10301,61,3,31.1,41.4,,run
2026-08-04T07:30:03+03:00,1785817803,10306,61,3,31.1,43.2,,run
2026-08-04T07:30:08+03:00,1785817808,10311,61,3,31.1,42.6,,run
2026-08-04T07:30:13+03:00,1785817813,10316,61,3,31.1,43.6,,run
2026-08-04T07:30:18+03:00,1785817818,10321,61,3,31.1,42.6,,run
2026-08-04T07:30:24+03:00,1785817824,10327,61,3,31.1,42.3,,run
2026-08-04T07:30:29+03:00,1785817829,10332,61,3,31.1,42.3,,run
2026-08-04T07:30:34+03:00,1785817834,10337,61,3,31.1,51.0,,run
2026-08-04T07:30:39+03:00,1785817839,10342,61,3,31.1,45.1,,run
2026-08-04T07:30:45+03:00,1785817845,10348,61,3,31.1,46.3,,run
2026-08-04T07:30:50+03:00,1785817850,10353,61,3,31.1,40.8,,run
2026-08-04T07:30:55+03:00,1785817855,10358,61,3,31.1,39.5,,run
2026-08-04T07:31:00+03:00,1785817860,10363,61,3,31.1,39.5,,run
2026-08-04T07:31:06+03:00,1785817866,10369,61,3,31.1,39.5,,run
2026-08-04T07:31:11+03:00,1785817871,10374,61,3,31.1,39.8,,run
2026-08-04T07:31:16+03:00,1785817876,10379,61,3,31.1,39.8,,run
2026-08-04T07:31:21+03:00,1785817881,10384,61,3,31.1,48.8,,run
2026-08-04T07:31:27+03:00,1785817887,10390,61,3,31.1,47.9,,run
2026-08-04T07:31:32+03:00,1785817892,10395,61,3,31.1,43.9,,run
2026-08-04T07:31:37+03:00,1785817897,10400,61,3,31.1,44.5,,run
2026-08-04T07:31:43+03:00,1785817902,10405,61,3,31.1,44.2,,run
2026-08-04T07:31:48+03:00,1785817908,10411,61,3,31.1,43.6,,run
2026-08-04T07:31:53+03:00,1785817913,10416,61,3,31.1,42.9,,run
2026-08-04T07:31:58+03:00,1785817918,10421,61,3,31.1,45.7,,run
2026-08-04T07:32:03+03:00,1785817923,10426,61,3,31.1,42.9,,run
2026-08-04T07:32:09+03:00,1785817929,10432,61,3,31.1,43.9,,run
2026-08-04T07:32:14+03:00,1785817934,10437,61,3,31.1,43.2,,run
2026-08-04T07:32:19+03:00,1785817939,10442,61,3,31.1,44.2,,run
2026-08-04T07:32:24+03:00,1785817944,10447,61,3,31.1,42.9,,run
2026-08-04T07:32:30+03:00,1785817950,10453,61,3,31.1,42.6,,run
2026-08-04T07:32:35+03:00,1785817955,10458,61,3,31.1,42.3,,run
2026-08-04T07:32:40+03:00,1785817960,10463,61,3,31.1,52.2,,run
2026-08-04T07:32:46+03:00,1785817966,10469,61,3,31.1,44.8,,run
2026-08-04T07:32:51+03:00,1785817971,10474,61,3,31.1,40.2,,run
2026-08-04T07:32:56+03:00,1785817976,10479,61,3,31.1,41.1,,run
2026-08-04T07:33:01+03:00,1785817981,10484,61,3,31.1,40.8,,run
2026-08-04T07:33:07+03:00,1785817987,10490,61,3,31.1,39.8,,run
2026-08-04T07:33:12+03:00,1785817992,10495,61,3,31.1,41.1,,run
2026-08-04T07:33:17+03:00,1785817997,10500,61,3,31.1,46.3,,run
2026-08-04T07:33:22+03:00,1785818002,10505,61,3,31.1,43.2,,run
2026-08-04T07:33:28+03:00,1785818008,10511,61,3,31.1,48.8,,run
2026-08-04T07:33:33+03:00,1785818013,10516,61,3,31.1,44.8,,run
2026-08-04T07:33:38+03:00,1785818018,10521,61,3,31.1,43.9,,run
2026-08-04T07:33:43+03:00,1785818023,10526,61,3,31.1,44.2,,run
2026-08-04T07:33:48+03:00,1785818028,10531,61,3,31.1,45.7,,run
2026-08-04T07:33:54+03:00,1785818034,10537,61,3,31.1,44.8,,run
2026-08-04T07:33:59+03:00,1785818039,10542,61,3,31.1,42.9,,run
2026-08-04T07:34:04+03:00,1785818044,10547,61,3,31.1,41.1,,run
2026-08-04T07:34:09+03:00,1785818049,10552,61,3,31.1,42.0,,run
2026-08-04T07:34:15+03:00,1785818055,10558,61,3,31.1,42.0,,run
2026-08-04T07:34:20+03:00,1785818060,10563,61,3,31.1,41.7,,run
2026-08-04T07:34:25+03:00,1785818065,10568,61,3,31.1,41.4,,run
2026-08-04T07:34:30+03:00,1785818070,10573,61,3,31.1,40.8,,run
2026-08-04T07:34:36+03:00,1785818076,10579,61,3,31.1,40.5,,run
2026-08-04T07:34:41+03:00,1785818081,10584,61,3,31.1,49.4,,run
2026-08-04T07:34:46+03:00,1785818086,10589,61,3,31.1,41.7,,run
2026-08-04T07:34:52+03:00,1785818092,10595,61,3,31.1,42.6,,run
2026-08-04T07:34:57+03:00,1785818097,10600,61,3,31.1,40.2,,run
2026-08-04T07:35:02+03:00,1785818102,10605,61,3,31.1,40.5,,run
2026-08-04T07:35:07+03:00,1785818107,10610,61,3,31.1,46.0,,run
2026-08-04T07:35:13+03:00,1785818113,10616,61,3,31.1,42.9,,run
2026-08-04T07:35:18+03:00,1785818118,10621,61,3,31.1,40.8,,run
2026-08-04T07:35:23+03:00,1785818123,10626,61,3,31.1,41.4,,run
2026-08-04T07:35:28+03:00,1785818128,10631,61,3,31.1,49.7,,run
2026-08-04T07:35:34+03:00,1785818134,10637,61,3,31.1,42.0,,run
2026-08-04T07:35:39+03:00,1785818139,10642,61,3,31.1,43.6,,run
2026-08-04T07:35:44+03:00,1785818144,10647,61,3,31.1,42.9,,run
2026-08-04T07:35:49+03:00,1785818149,10652,61,3,31.1,42.9,,run
2026-08-04T07:35:55+03:00,1785818155,10658,61,3,31.1,47.0,,run
2026-08-04T07:36:00+03:00,1785818160,10663,61,3,31.1,43.9,,run
2026-08-04T07:36:05+03:00,1785818165,10668,60,3,31.0,45.7,,run
2026-08-04T07:36:10+03:00,1785818170,10673,60,3,31.0,42.6,,run
2026-08-04T07:36:15+03:00,1785818175,10678,60,3,31.0,42.9,,run
2026-08-04T07:36:21+03:00,1785818181,10684,60,3,31.0,42.9,,run
2026-08-04T07:36:26+03:00,1785818186,10689,60,3,31.0,41.7,,run
2026-08-04T07:36:31+03:00,1785818191,10694,60,3,31.0,42.3,,run
2026-08-04T07:36:36+03:00,1785818196,10699,60,3,31.0,40.8,,run
2026-08-04T07:36:42+03:00,1785818202,10705,60,3,31.0,47.3,,run
2026-08-04T07:36:47+03:00,1785818207,10710,60,3,31.0,42.6,,run
2026-08-04T07:36:52+03:00,1785818212,10715,60,3,31.0,42.0,,run
2026-08-04T07:36:57+03:00,1785818217,10720,60,3,31.0,41.4,,run
2026-08-04T07:37:03+03:00,1785818223,10726,60,3,31.0,40.2,,run
2026-08-04T07:37:08+03:00,1785818228,10731,60,3,31.0,40.5,,run
2026-08-04T07:37:13+03:00,1785818233,10736,60,3,31.0,43.6,,run
2026-08-04T07:37:18+03:00,1785818238,10741,60,3,31.0,42.9,,run
2026-08-04T07:37:24+03:00,1785818244,10747,60,3,31.0,44.2,,run
2026-08-04T07:37:29+03:00,1785818249,10752,60,3,31.0,52.8,,run
2026-08-04T07:37:34+03:00,1785818254,10757,60,3,31.0,46.3,,run
2026-08-04T07:37:39+03:00,1785818259,10762,60,3,31.0,43.2,,run
2026-08-04T07:37:45+03:00,1785818265,10768,60,3,31.0,43.6,,run
2026-08-04T07:37:50+03:00,1785818270,10773,60,3,31.0,42.9,,run
2026-08-04T07:37:55+03:00,1785818275,10778,60,3,31.0,43.2,,run
2026-08-04T07:38:00+03:00,1785818280,10783,60,3,31.0,43.2,,run
2026-08-04T07:38:06+03:00,1785818286,10789,60,3,31.0,44.8,,run
2026-08-04T07:38:11+03:00,1785818291,10794,60,3,31.0,43.6,,run
2026-08-04T07:38:16+03:00,1785818296,10799,60,3,31.0,43.6,,run
2026-08-04T07:38:21+03:00,1785818301,10804,60,3,31.0,42.3,,run
2026-08-04T07:38:26+03:00,1785818306,10809,60,3,31.0,42.3,,run
2026-08-04T07:38:32+03:00,1785818312,10815,60,3,31.0,43.6,,run
2026-08-04T07:38:37+03:00,1785818317,10820,60,3,31.0,44.2,,run
2026-08-04T07:38:42+03:00,1785818322,10825,60,3,31.0,53.8,,run
2026-08-04T07:38:48+03:00,1785818328,10831,60,3,31.0,43.2,,run
2026-08-04T07:38:53+03:00,1785818333,10836,60,3,31.0,44.5,,run
2026-08-04T07:38:58+03:00,1785818338,10841,60,3,31.0,40.8,,run
2026-08-04T07:39:03+03:00,1785818343,10846,60,3,31.0,41.4,,run
2026-08-04T07:39:09+03:00,1785818349,10852,60,3,31.0,41.1,,run
2026-08-04T07:39:14+03:00,1785818354,10857,60,3,31.0,41.4,,run
2026-08-04T07:39:19+03:00,1785818359,10862,60,3,31.0,41.4,,run
2026-08-04T07:39:24+03:00,1785818364,10867,60,3,31.0,40.5,,run
2026-08-04T07:39:29+03:00,1785818369,10872,60,3,31.0,51.0,,run
2026-08-04T07:39:35+03:00,1785818375,10878,60,3,31.0,44.5,,run
2026-08-04T07:39:40+03:00,1785818380,10883,60,3,31.0,44.5,,run
2026-08-04T07:39:45+03:00,1785818385,10888,60,3,31.0,42.9,,run
2026-08-04T07:39:50+03:00,1785818390,10893,60,3,31.0,41.7,,run
2026-08-04T07:39:56+03:00,1785818396,10899,60,3,31.0,47.6,,run
2026-08-04T07:40:01+03:00,1785818401,10904,60,3,31.0,43.6,,run
2026-08-04T07:40:06+03:00,1785818406,10909,60,3,31.0,42.6,,run
2026-08-04T07:40:11+03:00,1785818411,10914,60,3,31.0,42.9,,run
2026-08-04T07:40:17+03:00,1785818417,10920,60,3,31.0,42.6,,run
2026-08-04T07:40:22+03:00,1785818422,10925,60,3,31.0,44.5,,run
2026-08-04T07:40:27+03:00,1785818427,10930,60,3,31.0,47.3,,run
2026-08-04T07:40:32+03:00,1785818432,10935,60,3,31.0,42.6,,run
2026-08-04T07:40:37+03:00,1785818437,10940,60,3,31.0,42.9,,run
2026-08-04T07:40:43+03:00,1785818443,10946,60,3,31.0,49.1,,run
2026-08-04T07:40:48+03:00,1785818448,10951,60,3,31.0,46.7,,run
2026-08-04T07:40:53+03:00,1785818453,10956,60,3,31.0,45.1,,run
2026-08-04T07:40:58+03:00,1785818458,10961,60,3,31.0,46.0,,run
2026-08-04T07:41:04+03:00,1785818464,10967,60,3,31.0,41.1,,run
2026-08-04T07:41:09+03:00,1785818469,10972,60,3,31.0,40.5,,run
2026-08-04T07:41:14+03:00,1785818474,10977,60,3,31.0,41.1,,run
2026-08-04T07:41:19+03:00,1785818479,10982,60,3,31.0,40.8,,run
2026-08-04T07:41:24+03:00,1785818484,10987,60,3,31.0,40.5,,run
2026-08-04T07:41:30+03:00,1785818490,10993,60,3,31.0,49.7,,run
2026-08-04T07:41:35+03:00,1785818495,10998,60,3,31.0,43.6,,run
2026-08-04T07:41:40+03:00,1785818500,11003,60,3,31.0,47.0,,run
2026-08-04T07:41:46+03:00,1785818506,11009,60,3,31.0,44.5,,run
2026-08-04T07:41:51+03:00,1785818511,11014,60,3,31.0,42.9,,run
2026-08-04T07:41:56+03:00,1785818516,11019,60,3,31.0,41.4,,run
2026-08-04T07:42:01+03:00,1785818521,11024,60,3,31.0,42.0,,run
2026-08-04T07:42:07+03:00,1785818527,11030,60,3,31.0,41.7,,run
2026-08-04T07:42:12+03:00,1785818532,11035,60,3,31.0,46.7,,run
2026-08-04T07:42:17+03:00,1785818537,11040,60,3,31.0,43.9,,run
2026-08-04T07:42:22+03:00,1785818542,11045,60,3,31.0,41.4,,run
2026-08-04T07:42:28+03:00,1785818548,11051,60,3,31.0,41.4,,run
2026-08-04T07:42:33+03:00,1785818553,11056,60,3,31.0,41.4,,run
2026-08-04T07:42:38+03:00,1785818558,11061,60,3,31.0,40.5,,run
2026-08-04T07:42:43+03:00,1785818563,11066,60,3,31.0,42.9,,run
2026-08-04T07:42:48+03:00,1785818568,11071,60,3,31.0,52.5,,run
2026-08-04T07:42:54+03:00,1785818574,11077,60,3,31.0,46.3,,run
2026-08-04T07:42:59+03:00,1785818579,11082,60,3,31.0,43.6,,run
2026-08-04T07:43:04+03:00,1785818584,11087,60,3,31.0,42.6,,run
2026-08-04T07:43:10+03:00,1785818590,11093,60,3,31.0,41.1,,run
2026-08-04T07:43:15+03:00,1785818595,11098,60,3,31.0,40.5,,run
2026-08-04T07:43:20+03:00,1785818600,11103,60,3,31.0,42.3,,run
2026-08-04T07:43:25+03:00,1785818605,11108,60,3,31.0,40.8,,run
2026-08-04T07:43:30+03:00,1785818610,11113,60,3,31.0,41.4,,run
2026-08-04T07:43:36+03:00,1785818616,11119,59,3,30.6,51.0,,run
2026-08-04T07:43:41+03:00,1785818621,11124,59,3,30.6,42.3,,run
2026-08-04T07:43:46+03:00,1785818626,11129,59,3,30.6,42.0,,run
2026-08-04T07:43:51+03:00,1785818631,11134,59,3,30.6,41.7,,run
2026-08-04T07:43:57+03:00,1785818637,11140,59,3,30.6,40.8,,run
2026-08-04T07:44:02+03:00,1785818642,11145,59,3,30.6,41.1,,run
2026-08-04T07:44:07+03:00,1785818647,11150,59,3,30.6,41.4,,run
2026-08-04T07:44:12+03:00,1785818652,11155,59,3,30.6,45.7,,run
2026-08-04T07:44:18+03:00,1785818658,11161,59,3,30.6,45.4,,run
2026-08-04T07:44:23+03:00,1785818663,11166,59,3,30.6,46.3,,run
2026-08-04T07:44:28+03:00,1785818668,11171,59,3,30.6,43.9,,run
2026-08-04T07:44:33+03:00,1785818673,11176,59,3,30.6,42.3,,run
2026-08-04T07:44:39+03:00,1785818679,11182,59,3,30.6,42.6,,run
2026-08-04T07:44:44+03:00,1785818684,11187,59,3,30.6,41.7,,run
2026-08-04T07:44:49+03:00,1785818689,11192,59,3,30.6,47.9,,run
2026-08-04T07:44:55+03:00,1785818695,11198,59,3,30.6,45.4,,run
2026-08-04T07:45:00+03:00,1785818700,11203,59,3,30.6,44.8,,run
2026-08-04T07:45:05+03:00,1785818705,11208,59,3,30.6,41.4,,run
2026-08-04T07:45:11+03:00,1785818711,11214,59,3,30.6,42.3,,run
2026-08-04T07:45:16+03:00,1785818716,11219,59,3,30.6,41.4,,run
2026-08-04T07:45:21+03:00,1785818721,11224,59,3,30.6,43.6,,run
2026-08-04T07:45:26+03:00,1785818726,11229,59,3,30.6,41.7,,run
2026-08-04T07:45:31+03:00,1785818731,11234,59,3,30.6,40.5,,run
2026-08-04T07:45:37+03:00,1785818737,11240,59,3,30.6,49.4,,run
2026-08-04T07:45:42+03:00,1785818742,11245,59,3,30.6,42.6,,run
2026-08-04T07:45:47+03:00,1785818747,11250,59,3,30.6,41.7,,run
2026-08-04T07:45:52+03:00,1785818752,11255,59,3,30.6,43.9,,run
2026-08-04T07:45:58+03:00,1785818758,11261,59,3,30.6,42.9,,run
2026-08-04T07:46:03+03:00,1785818763,11266,59,3,30.6,41.7,,run
2026-08-04T07:46:08+03:00,1785818768,11271,59,3,30.6,41.1,,run
2026-08-04T07:46:13+03:00,1785818773,11276,59,3,30.6,40.8,,run
2026-08-04T07:46:19+03:00,1785818779,11282,59,3,30.6,41.1,,run
2026-08-04T07:46:24+03:00,1785818784,11287,59,3,30.6,47.0,,run
2026-08-04T07:46:29+03:00,1785818789,11292,59,3,30.6,43.9,,run
2026-08-04T07:46:34+03:00,1785818794,11297,59,3,30.6,41.4,,run
2026-08-04T07:46:40+03:00,1785818800,11303,59,3,30.6,42.3,,run
2026-08-04T07:46:45+03:00,1785818805,11308,59,3,30.6,41.7,,run
2026-08-04T07:46:50+03:00,1785818810,11313,59,3,30.6,47.3,,run
2026-08-04T07:46:55+03:00,1785818815,11318,59,3,30.6,44.5,,run
2026-08-04T07:47:00+03:00,1785818820,11323,59,3,30.6,41.7,,run
2026-08-04T07:47:06+03:00,1785818826,11329,59,3,30.6,43.9,,run
2026-08-04T07:47:11+03:00,1785818831,11334,59,3,30.6,41.1,,run
2026-08-04T07:47:16+03:00,1785818836,11339,59,3,30.6,41.4,,run
2026-08-04T07:47:21+03:00,1785818841,11344,59,3,30.6,40.2,,run
2026-08-04T07:47:27+03:00,1785818847,11350,59,3,30.6,39.5,,run
2026-08-04T07:47:32+03:00,1785818852,11355,59,3,30.6,41.1,,run
2026-08-04T07:47:37+03:00,1785818857,11360,59,3,30.6,43.9,,run
2026-08-04T07:47:42+03:00,1785818862,11365,59,3,30.6,46.3,,run
2026-08-04T07:47:48+03:00,1785818868,11371,59,3,30.6,42.3,,run
2026-08-04T07:47:53+03:00,1785818873,11376,59,3,30.6,42.0,,run
2026-08-04T07:47:58+03:00,1785818878,11381,59,3,30.6,40.8,,run
2026-08-04T07:48:03+03:00,1785818883,11386,59,3,30.6,41.4,,run
2026-08-04T07:48:09+03:00,1785818889,11392,59,3,30.6,41.1,,run
2026-08-04T07:48:14+03:00,1785818894,11397,59,3,30.6,41.4,,run
2026-08-04T07:48:19+03:00,1785818899,11402,59,3,30.5,41.7,,run
2026-08-04T07:48:24+03:00,1785818904,11407,59,3,30.5,42.6,,run
2026-08-04T07:48:30+03:00,1785818910,11413,59,3,30.5,46.7,,run
2026-08-04T07:48:35+03:00,1785818915,11418,59,3,30.5,43.2,,run
2026-08-04T07:48:40+03:00,1785818920,11423,59,3,30.5,42.3,,run
2026-08-04T07:48:45+03:00,1785818925,11428,59,3,30.5,42.0,,run
2026-08-04T07:48:51+03:00,1785818931,11434,59,3,30.5,41.1,,run
2026-08-04T07:48:56+03:00,1785818936,11439,59,3,30.5,50.4,,run
2026-08-04T07:49:01+03:00,1785818941,11444,59,3,30.5,42.3,,run
2026-08-04T07:49:07+03:00,1785818947,11450,59,3,30.5,42.0,,run
2026-08-04T07:49:12+03:00,1785818952,11455,59,3,30.5,45.7,,run
2026-08-04T07:49:17+03:00,1785818957,11460,59,3,30.5,41.7,,run
2026-08-04T07:49:22+03:00,1785818962,11465,59,3,30.5,41.4,,run
2026-08-04T07:49:27+03:00,1785818967,11470,59,3,30.5,41.4,,run
2026-08-04T07:49:33+03:00,1785818973,11476,59,3,30.5,40.8,,run
2026-08-04T07:49:38+03:00,1785818978,11481,59,3,30.5,42.3,,run
2026-08-04T07:49:43+03:00,1785818983,11486,59,3,30.5,40.8,,run
2026-08-04T07:49:49+03:00,1785818989,11492,59,3,30.5,42.0,,run
2026-08-04T07:49:54+03:00,1785818994,11497,59,3,30.5,49.1,,run
2026-08-04T07:49:59+03:00,1785818999,11502,59,3,30.5,44.2,,run
2026-08-04T07:50:04+03:00,1785819004,11507,59,3,30.5,42.3,,run
2026-08-04T07:50:10+03:00,1785819010,11513,59,3,30.5,42.3,,run
2026-08-04T07:50:15+03:00,1785819015,11518,59,3,30.5,43.2,,run
2026-08-04T07:50:20+03:00,1785819020,11523,59,3,30.5,41.7,,run
2026-08-04T07:50:25+03:00,1785819025,11528,59,3,30.5,42.6,,run
2026-08-04T07:50:31+03:00,1785819031,11534,59,3,30.5,44.8,,run
2026-08-04T07:50:36+03:00,1785819036,11539,59,3,30.5,46.0,,run
2026-08-04T07:50:41+03:00,1785819041,11544,59,3,30.5,42.9,,run
2026-08-04T07:50:46+03:00,1785819046,11549,59,3,30.5,43.6,,run
2026-08-04T07:50:52+03:00,1785819052,11555,59,3,30.5,42.3,,run
2026-08-04T07:50:57+03:00,1785819057,11560,59,3,30.5,42.3,,run
2026-08-04T07:51:02+03:00,1785819062,11565,59,3,30.5,43.6,,run
2026-08-04T07:51:07+03:00,1785819067,11570,58,3,30.7,48.5,,run
2026-08-04T07:51:13+03:00,1785819073,11576,58,3,30.7,43.2,,run
2026-08-04T07:51:18+03:00,1785819078,11581,58,3,30.7,42.6,,run
2026-08-04T07:51:23+03:00,1785819083,11586,58,3,30.7,47.6,,run
2026-08-04T07:51:29+03:00,1785819089,11592,58,3,30.7,41.1,,run
2026-08-04T07:51:34+03:00,1785819094,11597,58,3,30.7,39.8,,run
2026-08-04T07:51:39+03:00,1785819099,11602,58,3,30.7,40.8,,run
2026-08-04T07:51:44+03:00,1785819104,11607,58,3,30.7,40.8,,run
2026-08-04T07:51:49+03:00,1785819109,11612,58,3,30.7,41.1,,run
2026-08-04T07:51:55+03:00,1785819115,11618,58,3,30.7,40.8,,run
2026-08-04T07:52:00+03:00,1785819120,11623,58,3,30.7,42.6,,run
2026-08-04T07:52:05+03:00,1785819125,11628,58,3,30.7,45.4,,run
2026-08-04T07:52:11+03:00,1785819131,11634,58,3,30.7,43.6,,run
2026-08-04T07:52:16+03:00,1785819136,11639,58,3,30.7,41.7,,run
2026-08-04T07:52:21+03:00,1785819141,11644,58,3,30.7,41.4,,run
2026-08-04T07:52:26+03:00,1785819146,11649,58,3,30.7,41.1,,run
2026-08-04T07:52:31+03:00,1785819151,11654,58,3,30.7,41.1,,run
2026-08-04T07:52:37+03:00,1785819157,11660,58,3,30.7,42.3,,run
2026-08-04T07:52:42+03:00,1785819162,11665,58,3,30.7,45.1,,run
2026-08-04T07:52:47+03:00,1785819167,11670,58,3,30.7,43.2,,run
2026-08-04T07:52:52+03:00,1785819172,11675,58,3,30.7,42.3,,run
2026-08-04T07:52:58+03:00,1785819178,11681,58,3,30.7,40.8,,run
2026-08-04T07:53:03+03:00,1785819183,11686,58,3,30.7,40.2,,run
2026-08-04T07:53:08+03:00,1785819188,11691,58,3,30.7,41.7,,run
2026-08-04T07:53:13+03:00,1785819193,11696,58,3,30.7,41.4,,run
2026-08-04T07:53:19+03:00,1785819199,11702,58,3,30.7,50.4,,run
2026-08-04T07:53:24+03:00,1785819204,11707,58,3,30.7,41.4,,run
2026-08-04T07:53:29+03:00,1785819209,11712,58,3,30.7,46.3,,run
2026-08-04T07:53:35+03:00,1785819215,11718,58,3,30.7,42.3,,run
2026-08-04T07:53:40+03:00,1785819220,11723,58,3,30.7,41.1,,run
2026-08-04T07:53:45+03:00,1785819225,11728,58,3,30.7,44.2,,run
2026-08-04T07:53:50+03:00,1785819230,11733,58,3,30.7,42.0,,run
2026-08-04T07:53:56+03:00,1785819236,11739,58,3,30.7,40.5,,run
2026-08-04T07:54:01+03:00,1785819241,11744,58,3,30.7,39.5,,run
2026-08-04T07:54:06+03:00,1785819246,11749,58,3,30.7,53.8,,run
2026-08-04T07:54:12+03:00,1785819252,11755,58,3,30.7,46.0,,run
2026-08-04T07:54:17+03:00,1785819257,11760,58,3,30.7,42.3,,run
2026-08-04T07:54:22+03:00,1785819262,11765,58,3,30.7,42.3,,run
2026-08-04T07:54:27+03:00,1785819267,11770,58,3,30.7,42.0,,run
2026-08-04T07:54:33+03:00,1785819273,11776,58,3,30.7,41.4,,run
2026-08-04T07:54:38+03:00,1785819278,11781,58,3,30.7,41.7,,run
2026-08-04T07:54:43+03:00,1785819283,11786,58,3,30.7,43.2,,run
2026-08-04T07:54:48+03:00,1785819288,11791,58,3,30.7,43.6,,run
2026-08-04T07:54:53+03:00,1785819293,11796,58,3,30.7,45.7,,run
2026-08-04T07:54:59+03:00,1785819299,11802,58,3,30.7,42.6,,run
2026-08-04T07:55:04+03:00,1785819304,11807,58,3,30.7,41.1,,run
2026-08-04T07:55:09+03:00,1785819309,11812,58,3,30.7,41.4,,run
2026-08-04T07:55:14+03:00,1785819314,11817,58,3,30.7,43.2,,run
2026-08-04T07:55:20+03:00,1785819320,11823,58,3,30.7,50.1,,run
2026-08-04T07:55:25+03:00,1785819325,11828,58,3,30.7,47.6,,run
2026-08-04T07:55:30+03:00,1785819330,11833,58,3,30.7,44.8,,run
2026-08-04T07:55:35+03:00,1785819335,11838,58,3,30.7,40.5,,run
2026-08-04T07:55:40+03:00,1785819340,11843,58,3,30.7,43.2,,run
2026-08-04T07:55:46+03:00,1785819346,11849,58,3,30.7,40.2,,run
2026-08-04T07:55:51+03:00,1785819351,11854,58,3,30.7,42.0,,run
2026-08-04T07:55:56+03:00,1785819356,11859,58,3,30.7,41.1,,run
2026-08-04T07:56:01+03:00,1785819361,11864,58,3,30.7,40.2,,run
2026-08-04T07:56:07+03:00,1785819367,11870,58,3,30.7,43.6,,run
2026-08-04T07:56:12+03:00,1785819372,11875,58,3,30.7,44.8,,run
2026-08-04T07:56:17+03:00,1785819377,11880,58,3,30.7,43.6,,run
2026-08-04T07:56:22+03:00,1785819382,11885,58,3,30.7,42.0,,run
2026-08-04T07:56:28+03:00,1785819388,11891,58,3,30.7,42.0,,run
2026-08-04T07:56:33+03:00,1785819393,11896,58,3,30.7,41.1,,run
2026-08-04T07:56:38+03:00,1785819398,11901,58,3,30.7,41.7,,run
2026-08-04T07:56:43+03:00,1785819403,11906,58,3,30.7,40.8,,run
2026-08-04T07:56:49+03:00,1785819409,11912,58,3,30.7,43.2,,run
2026-08-04T07:56:54+03:00,1785819414,11917,58,3,30.7,46.7,,run
2026-08-04T07:56:59+03:00,1785819419,11922,58,3,30.7,43.6,,run
2026-08-04T07:57:04+03:00,1785819424,11927,58,3,30.7,42.0,,run
2026-08-04T07:57:09+03:00,1785819429,11932,58,3,30.7,42.0,,run
2026-08-04T07:57:15+03:00,1785819435,11938,58,3,30.7,40.2,,run
2026-08-04T07:57:20+03:00,1785819440,11943,58,3,30.7,42.6,,run
2026-08-04T07:57:25+03:00,1785819445,11948,58,3,30.7,51.9,,run
2026-08-04T07:57:31+03:00,1785819451,11954,58,3,30.7,42.3,,run
2026-08-04T07:57:36+03:00,1785819456,11959,58,3,30.7,41.7,,run
2026-08-04T07:57:41+03:00,1785819461,11964,58,3,30.7,40.2,,run
2026-08-04T07:57:46+03:00,1785819466,11969,58,3,30.7,43.9,,run
2026-08-04T07:57:52+03:00,1785819472,11975,58,3,30.7,41.1,,run
2026-08-04T07:57:57+03:00,1785819477,11980,58,3,30.7,40.2,,run
2026-08-04T07:58:02+03:00,1785819482,11985,58,3,30.7,41.1,,run
2026-08-04T07:58:07+03:00,1785819487,11990,58,3,30.7,42.3,,run
2026-08-04T07:58:13+03:00,1785819493,11996,58,3,30.7,53.1,,run
2026-08-04T07:58:18+03:00,1785819498,12001,58,3,30.7,42.9,,run
2026-08-04T07:58:23+03:00,1785819503,12006,58,3,30.7,41.7,,run
2026-08-04T07:58:28+03:00,1785819508,12011,58,3,30.7,42.6,,run
2026-08-04T07:58:34+03:00,1785819514,12017,58,3,30.7,42.0,,run
2026-08-04T07:58:39+03:00,1785819519,12022,58,3,30.7,41.1,,run
2026-08-04T07:58:44+03:00,1785819524,12027,58,3,30.7,42.6,,run
2026-08-04T07:58:49+03:00,1785819529,12032,58,3,30.7,42.0,,run
2026-08-04T07:58:55+03:00,1785819535,12038,58,3,30.7,42.0,,run
2026-08-04T07:59:00+03:00,1785819540,12043,58,3,30.7,45.4,,run
2026-08-04T07:59:05+03:00,1785819545,12048,58,3,30.7,42.3,,run
2026-08-04T07:59:10+03:00,1785819550,12053,58,3,30.7,42.9,,run
2026-08-04T07:59:15+03:00,1785819555,12058,58,3,30.7,41.7,,run
2026-08-04T07:59:21+03:00,1785819561,12064,58,3,30.7,43.2,,run
2026-08-04T07:59:26+03:00,1785819566,12069,58,3,30.7,47.3,,run
2026-08-04T07:59:31+03:00,1785819571,12074,58,3,30.7,44.8,,run
2026-08-04T07:59:36+03:00,1785819576,12079,58,3,30.7,44.2,,run
2026-08-04T07:59:42+03:00,1785819582,12085,57,3,30.7,42.3,,run
2026-08-04T07:59:47+03:00,1785819587,12090,57,3,30.7,40.8,,run
2026-08-04T07:59:52+03:00,1785819592,12095,57,3,30.7,45.1,,run
2026-08-04T07:59:57+03:00,1785819597,12100,57,3,30.7,42.6,,run
2026-08-04T08:00:02+03:00,1785819602,12105,57,3,30.7,40.8,,run
2026-08-04T08:00:08+03:00,1785819608,12111,57,3,30.7,40.2,,run
2026-08-04T08:00:13+03:00,1785819613,12116,57,3,30.7,54.1,,run
2026-08-04T08:00:18+03:00,1785819618,12121,57,3,30.7,44.5,,run
2026-08-04T08:00:23+03:00,1785819623,12126,57,3,30.7,42.3,,run
2026-08-04T08:00:29+03:00,1785819629,12132,57,3,30.7,43.9,,run
2026-08-04T08:00:34+03:00,1785819634,12137,57,3,30.7,41.4,,run
2026-08-04T08:00:39+03:00,1785819639,12142,57,3,30.7,42.0,,run
2026-08-04T08:00:44+03:00,1785819644,12147,57,3,30.7,42.3,,run
2026-08-04T08:00:50+03:00,1785819650,12153,57,3,30.7,43.6,,run
2026-08-04T08:00:55+03:00,1785819655,12158,57,3,30.7,42.3,,run
2026-08-04T08:01:00+03:00,1785819660,12163,57,3,30.7,41.1,,run
2026-08-04T08:01:05+03:00,1785819665,12168,57,3,30.7,40.5,,run
2026-08-04T08:01:10+03:00,1785819670,12173,57,3,30.7,46.7,,run
2026-08-04T08:01:16+03:00,1785819676,12179,57,3,30.7,43.9,,run
2026-08-04T08:01:21+03:00,1785819681,12184,57,3,30.7,42.9,,run
2026-08-04T08:01:26+03:00,1785819686,12189,57,3,30.7,49.4,,run
2026-08-04T08:01:31+03:00,1785819691,12194,57,3,30.7,46.3,,run
2026-08-04T08:01:37+03:00,1785819697,12200,57,3,30.7,44.2,,run
2026-08-04T08:01:42+03:00,1785819702,12205,57,3,30.7,40.8,,run
2026-08-04T08:01:47+03:00,1785819707,12210,57,3,30.7,41.4,,run
2026-08-04T08:01:52+03:00,1785819712,12215,57,3,30.7,41.4,,run
2026-08-04T08:01:58+03:00,1785819718,12221,57,3,30.7,44.5,,run
2026-08-04T08:02:03+03:00,1785819723,12226,57,3,30.7,42.0,,run
2026-08-04T08:02:08+03:00,1785819728,12231,57,3,30.7,41.7,,run
2026-08-04T08:02:13+03:00,1785819733,12236,57,3,30.7,52.2,,run
2026-08-04T08:02:18+03:00,1785819738,12241,57,3,30.7,42.6,,run
2026-08-04T08:02:24+03:00,1785819744,12247,57,3,30.7,44.2,,run
2026-08-04T08:02:29+03:00,1785819749,12252,57,3,30.7,41.7,,run
2026-08-04T08:02:34+03:00,1785819754,12257,57,3,30.7,44.5,,run
2026-08-04T08:02:39+03:00,1785819759,12262,57,3,30.7,43.6,,run
2026-08-04T08:02:45+03:00,1785819765,12268,57,3,30.7,41.1,,run
2026-08-04T08:02:50+03:00,1785819770,12273,57,3,30.7,40.8,,run
2026-08-04T08:02:55+03:00,1785819775,12278,57,3,30.7,41.7,,run
2026-08-04T08:03:00+03:00,1785819780,12283,57,3,30.7,42.3,,run
2026-08-04T08:03:05+03:00,1785819785,12288,57,3,30.7,41.4,,run
2026-08-04T08:03:11+03:00,1785819791,12294,57,3,30.7,41.7,,run
2026-08-04T08:03:16+03:00,1785819796,12299,57,3,30.7,48.8,,run
2026-08-04T08:03:21+03:00,1785819801,12304,57,3,30.7,46.7,,run
2026-08-04T08:03:26+03:00,1785819806,12309,57,3,30.7,49.1,,run
2026-08-04T08:03:32+03:00,1785819812,12315,57,3,30.7,44.5,,run
2026-08-04T08:03:37+03:00,1785819817,12320,57,3,30.7,42.3,,run
2026-08-04T08:03:42+03:00,1785819822,12325,57,3,30.7,40.8,,run
2026-08-04T08:03:47+03:00,1785819827,12330,57,3,30.7,44.2,,run
2026-08-04T08:03:53+03:00,1785819833,12336,57,3,30.7,41.1,,run
2026-08-04T08:03:58+03:00,1785819838,12341,57,3,30.7,40.5,,run
2026-08-04T08:04:03+03:00,1785819843,12346,57,3,30.7,43.6,,run
2026-08-04T08:04:08+03:00,1785819848,12351,57,3,30.7,43.9,,run
2026-08-04T08:04:13+03:00,1785819853,12356,57,3,30.7,50.7,,run
2026-08-04T08:04:19+03:00,1785819859,12362,57,3,30.7,42.6,,run
2026-08-04T08:04:24+03:00,1785819864,12367,57,3,30.7,44.8,,run
2026-08-04T08:04:29+03:00,1785819869,12372,57,3,30.7,42.3,,run
2026-08-04T08:04:34+03:00,1785819874,12377,57,3,30.7,42.3,,run
2026-08-04T08:04:40+03:00,1785819880,12383,57,3,30.7,41.7,,run
2026-08-04T08:04:45+03:00,1785819885,12388,57,3,30.7,41.4,,run
2026-08-04T08:04:50+03:00,1785819890,12393,57,3,30.7,42.6,,run
2026-08-04T08:04:55+03:00,1785819895,12398,57,3,30.7,42.6,,run
2026-08-04T08:05:00+03:00,1785819900,12403,57,3,30.7,41.4,,run
2026-08-04T08:05:06+03:00,1785819906,12409,57,3,30.7,41.4,,run
2026-08-04T08:05:11+03:00,1785819911,12414,57,3,30.7,41.1,,run
2026-08-04T08:05:16+03:00,1785819916,12419,57,3,30.7,41.4,,run
2026-08-04T08:05:21+03:00,1785819921,12424,57,3,30.7,46.7,,run
2026-08-04T08:05:27+03:00,1785819927,12430,57,3,30.7,53.5,,run
2026-08-04T08:05:32+03:00,1785819932,12435,57,3,30.7,47.3,,run
2026-08-04T08:05:37+03:00,1785819937,12440,57,3,30.7,43.9,,run
2026-08-04T08:05:42+03:00,1785819942,12445,57,3,30.7,42.3,,run
2026-08-04T08:05:48+03:00,1785819948,12451,57,3,30.7,40.8,,run
2026-08-04T08:05:53+03:00,1785819953,12456,57,3,30.7,40.2,,run
2026-08-04T08:05:58+03:00,1785819958,12461,57,3,30.7,41.1,,run
2026-08-04T08:06:03+03:00,1785819963,12466,57,3,30.7,42.0,,run
2026-08-04T08:06:09+03:00,1785819969,12472,57,3,30.7,42.3,,run
2026-08-04T08:06:14+03:00,1785819974,12477,57,3,30.7,55.0,,run
2026-08-04T08:06:19+03:00,1785819979,12482,57,3,30.7,44.5,,run
2026-08-04T08:06:24+03:00,1785819984,12487,57,3,30.7,45.4,,run
2026-08-04T08:06:30+03:00,1785819990,12493,57,3,30.7,45.1,,run
2026-08-04T08:06:35+03:00,1785819995,12498,57,3,30.7,43.2,,run
2026-08-04T08:06:40+03:00,1785820000,12503,57,3,30.7,43.2,,run
2026-08-04T08:06:45+03:00,1785820005,12508,57,3,30.7,42.6,,run
2026-08-04T08:06:51+03:00,1785820011,12514,57,3,30.7,42.9,,run
2026-08-04T08:06:56+03:00,1785820016,12519,57,3,30.7,42.9,,run
2026-08-04T08:07:01+03:00,1785820021,12524,57,3,30.7,44.8,,run
2026-08-04T08:07:06+03:00,1785820026,12529,56,3,31.3,42.9,,run
2026-08-04T08:07:11+03:00,1785820031,12534,56,3,31.3,43.9,,run
2026-08-04T08:07:17+03:00,1785820037,12540,56,3,31.3,41.7,,run
2026-08-04T08:07:22+03:00,1785820042,12545,56,3,31.3,42.6,,run
2026-08-04T08:07:27+03:00,1785820047,12550,56,3,31.3,51.0,,run
2026-08-04T08:07:32+03:00,1785820052,12555,56,3,31.3,51.0,,run
2026-08-04T08:07:38+03:00,1785820058,12561,56,3,31.3,45.7,,run
2026-08-04T08:07:43+03:00,1785820063,12566,56,3,31.3,42.6,,run
2026-08-04T08:07:48+03:00,1785820068,12571,56,3,31.3,41.4,,run
2026-08-04T08:07:53+03:00,1785820073,12576,56,3,31.3,40.5,,run
2026-08-04T08:07:59+03:00,1785820079,12582,56,3,31.3,40.5,,run
2026-08-04T08:08:04+03:00,1785820084,12587,56,3,31.3,41.1,,run
2026-08-04T08:08:09+03:00,1785820089,12592,56,3,31.3,41.7,,run
2026-08-04T08:08:14+03:00,1785820094,12597,56,3,31.3,52.2,,run
2026-08-04T08:08:20+03:00,1785820100,12603,56,3,31.3,49.7,,run
2026-08-04T08:08:25+03:00,1785820105,12608,56,3,31.3,46.7,,run
2026-08-04T08:08:30+03:00,1785820110,12613,56,3,31.3,42.6,,run
2026-08-04T08:08:35+03:00,1785820115,12618,56,3,31.3,43.2,,run
2026-08-04T08:08:41+03:00,1785820121,12624,56,3,31.3,42.0,,run
2026-08-04T08:08:46+03:00,1785820126,12629,56,3,31.3,41.7,,run
2026-08-04T08:08:51+03:00,1785820131,12634,56,3,31.3,42.0,,run
2026-08-04T08:08:56+03:00,1785820136,12639,56,3,31.3,43.6,,run
2026-08-04T08:09:02+03:00,1785820142,12645,56,3,31.3,43.2,,run
2026-08-04T08:09:07+03:00,1785820147,12650,56,3,31.3,42.6,,run
2026-08-04T08:09:12+03:00,1785820152,12655,56,3,31.3,42.6,,run
2026-08-04T08:09:17+03:00,1785820157,12660,56,3,31.3,41.1,,run
2026-08-04T08:09:22+03:00,1785820162,12665,56,3,31.3,42.0,,run
2026-08-04T08:09:28+03:00,1785820168,12671,56,3,31.3,47.6,,run
2026-08-04T08:09:33+03:00,1785820173,12676,56,3,31.3,45.7,,run
2026-08-04T08:09:38+03:00,1785820178,12681,56,3,31.3,48.2,,run
2026-08-04T08:09:43+03:00,1785820183,12686,56,3,31.3,49.1,,run
2026-08-04T08:09:49+03:00,1785820189,12692,56,3,31.3,42.9,,run
2026-08-04T08:09:54+03:00,1785820194,12697,56,3,31.3,41.7,,run
2026-08-04T08:09:59+03:00,1785820199,12702,56,3,31.3,41.4,,run
2026-08-04T08:10:04+03:00,1785820204,12707,56,3,31.3,42.0,,run
2026-08-04T08:10:10+03:00,1785820210,12713,56,3,31.3,40.5,,run
2026-08-04T08:10:15+03:00,1785820215,12718,56,3,31.3,54.4,,run
2026-08-04T08:10:20+03:00,1785820220,12723,56,3,31.3,43.2,,run
2026-08-04T08:10:25+03:00,1785820225,12728,56,3,31.3,42.6,,run
2026-08-04T08:10:30+03:00,1785820230,12733,56,3,31.3,47.3,,run
2026-08-04T08:10:36+03:00,1785820236,12739,56,3,31.3,43.9,,run
2026-08-04T08:10:41+03:00,1785820241,12744,56,3,31.3,42.6,,run
2026-08-04T08:10:46+03:00,1785820246,12749,56,3,31.3,41.4,,run
2026-08-04T08:10:51+03:00,1785820251,12754,56,3,31.3,41.7,,run
2026-08-04T08:10:57+03:00,1785820257,12760,56,3,31.3,41.7,,run
2026-08-04T08:11:02+03:00,1785820262,12765,56,3,31.3,43.6,,run
2026-08-04T08:11:07+03:00,1785820267,12770,56,3,31.3,42.9,,run
2026-08-04T08:11:12+03:00,1785820272,12775,56,3,31.3,44.8,,run
2026-08-04T08:11:18+03:00,1785820278,12781,56,3,31.3,45.4,,run
2026-08-04T08:11:23+03:00,1785820283,12786,56,3,31.3,42.3,,run
2026-08-04T08:11:28+03:00,1785820288,12791,56,3,31.3,46.7,,run
2026-08-04T08:11:33+03:00,1785820293,12796,56,3,31.3,47.9,,run
2026-08-04T08:11:38+03:00,1785820298,12801,56,3,31.3,44.2,,run
2026-08-04T08:11:44+03:00,1785820304,12807,56,3,31.3,41.4,,run
2026-08-04T08:11:49+03:00,1785820309,12812,56,3,31.3,43.6,,run
2026-08-04T08:11:54+03:00,1785820314,12817,56,3,31.3,41.7,,run
2026-08-04T08:11:59+03:00,1785820319,12822,56,3,31.3,41.1,,run
2026-08-04T08:12:05+03:00,1785820325,12828,56,3,31.3,41.7,,run
2026-08-04T08:12:10+03:00,1785820330,12833,56,3,31.3,41.4,,run
2026-08-04T08:12:15+03:00,1785820335,12838,56,3,31.3,52.8,,run
2026-08-04T08:12:21+03:00,1785820341,12844,56,3,31.3,47.3,,run
2026-08-04T08:12:26+03:00,1785820346,12849,56,3,31.3,42.6,,run
2026-08-04T08:12:31+03:00,1785820351,12854,56,3,31.3,42.0,,run
2026-08-04T08:12:36+03:00,1785820356,12859,56,3,31.3,44.5,,run
2026-08-04T08:12:41+03:00,1785820361,12864,56,3,31.3,42.0,,run
2026-08-04T08:12:47+03:00,1785820367,12870,56,3,31.3,42.0,,run
2026-08-04T08:12:52+03:00,1785820372,12875,56,3,31.3,42.6,,run
2026-08-04T08:12:57+03:00,1785820377,12880,56,3,31.3,43.2,,run
2026-08-04T08:13:02+03:00,1785820382,12885,56,3,31.3,43.6,,run
2026-08-04T08:13:08+03:00,1785820388,12891,56,3,31.3,41.4,,run
2026-08-04T08:13:13+03:00,1785820393,12896,56,3,31.3,41.7,,run
2026-08-04T08:13:18+03:00,1785820398,12901,56,3,31.3,41.1,,run
2026-08-04T08:13:23+03:00,1785820403,12906,56,3,31.3,41.7,,run
2026-08-04T08:13:28+03:00,1785820408,12911,56,3,31.3,49.7,,run
2026-08-04T08:13:34+03:00,1785820414,12917,56,3,31.3,46.3,,run
2026-08-04T08:13:39+03:00,1785820419,12922,56,3,31.3,43.9,,run
2026-08-04T08:13:44+03:00,1785820424,12927,56,3,31.3,41.1,,run
2026-08-04T08:13:49+03:00,1785820429,12932,56,3,31.3,41.1,,run
2026-08-04T08:13:55+03:00,1785820435,12938,56,3,31.3,47.9,,run
2026-08-04T08:14:00+03:00,1785820440,12943,56,3,31.3,42.6,,run
2026-08-04T08:14:05+03:00,1785820445,12948,56,3,31.3,41.7,,run
2026-08-04T08:14:10+03:00,1785820450,12953,56,3,31.3,41.7,,run
2026-08-04T08:14:16+03:00,1785820456,12959,56,3,31.3,53.5,,run
2026-08-04T08:14:21+03:00,1785820461,12964,56,3,31.3,45.4,,run
2026-08-04T08:14:26+03:00,1785820466,12969,56,3,31.3,42.9,,run
2026-08-04T08:14:31+03:00,1785820471,12974,56,3,31.3,44.5,,run
2026-08-04T08:14:37+03:00,1785820477,12980,56,3,31.3,43.2,,run
2026-08-04T08:14:42+03:00,1785820482,12985,56,3,31.3,45.1,,run
2026-08-04T08:14:47+03:00,1785820487,12990,56,3,31.3,44.8,,run
2026-08-04T08:14:52+03:00,1785820492,12995,56,3,31.3,44.5,,run
2026-08-04T08:14:57+03:00,1785820497,13000,56,3,31.3,42.6,,run
2026-08-04T08:15:03+03:00,1785820503,13006,56,3,31.3,42.6,,run
2026-08-04T08:15:08+03:00,1785820508,13011,56,3,31.3,42.3,,run
2026-08-04T08:15:13+03:00,1785820513,13016,56,3,31.3,42.3,,run
2026-08-04T08:15:18+03:00,1785820518,13021,56,3,31.3,42.3,,run
2026-08-04T08:15:24+03:00,1785820524,13027,56,3,31.3,43.9,,run
2026-08-04T08:15:29+03:00,1785820529,13032,56,3,31.3,51.0,,run
2026-08-04T08:15:34+03:00,1785820534,13037,56,3,31.3,46.3,,run
2026-08-04T08:15:39+03:00,1785820539,13042,56,3,31.3,43.9,,run
2026-08-04T08:15:44+03:00,1785820544,13047,56,3,31.3,41.1,,run
2026-08-04T08:15:50+03:00,1785820550,13053,56,3,31.3,41.4,,run
2026-08-04T08:15:55+03:00,1785820555,13058,56,3,31.3,41.7,,run
2026-08-04T08:16:00+03:00,1785820560,13063,56,3,31.3,43.6,,run
2026-08-04T08:16:05+03:00,1785820565,13068,56,3,31.3,42.6,,run
2026-08-04T08:16:11+03:00,1785820571,13074,56,3,31.3,41.4,,run
2026-08-04T08:16:16+03:00,1785820576,13079,56,3,31.3,53.8,,run
2026-08-04T08:16:21+03:00,1785820581,13084,56,3,31.3,43.2,,run
2026-08-04T08:16:26+03:00,1785820586,13089,56,3,31.3,42.0,,run
2026-08-04T08:16:32+03:00,1785820592,13095,56,3,31.3,41.7,,run
2026-08-04T08:16:37+03:00,1785820597,13100,56,3,31.3,41.4,,run
2026-08-04T08:16:42+03:00,1785820602,13105,56,3,31.3,43.9,,run
2026-08-04T08:16:47+03:00,1785820607,13110,55,3,31.4,42.0,,run
2026-08-04T08:16:52+03:00,1785820612,13115,55,3,31.4,42.3,,run
2026-08-04T08:16:58+03:00,1785820618,13121,55,3,31.4,45.1,,run
2026-08-04T08:17:03+03:00,1785820623,13126,55,3,31.4,44.8,,run
2026-08-04T08:17:08+03:00,1785820628,13131,55,3,31.4,43.9,,run
2026-08-04T08:17:13+03:00,1785820633,13136,55,3,31.4,42.3,,run
2026-08-04T08:17:19+03:00,1785820639,13142,55,3,31.4,43.9,,run
2026-08-04T08:17:24+03:00,1785820644,13147,55,3,31.4,45.4,,run
2026-08-04T08:17:29+03:00,1785820649,13152,55,3,31.4,51.0,,run
2026-08-04T08:17:34+03:00,1785820654,13157,55,3,31.4,46.3,,run
2026-08-04T08:17:39+03:00,1785820659,13162,55,3,31.4,42.9,,run
2026-08-04T08:17:45+03:00,1785820665,13168,55,3,31.4,41.4,,run
2026-08-04T08:17:50+03:00,1785820670,13173,55,3,31.4,41.7,,run
2026-08-04T08:17:55+03:00,1785820675,13178,55,3,31.4,40.5,,run
2026-08-04T08:18:00+03:00,1785820680,13183,55,3,31.4,40.5,,run
2026-08-04T08:18:06+03:00,1785820686,13189,55,3,31.4,42.3,,run
2026-08-04T08:18:11+03:00,1785820691,13194,55,3,31.4,46.0,,run
2026-08-04T08:18:16+03:00,1785820696,13199,55,3,31.3,54.1,,run
2026-08-04T08:18:21+03:00,1785820701,13204,55,3,31.3,47.0,,run
2026-08-04T08:18:27+03:00,1785820707,13210,55,3,31.3,44.2,,run
2026-08-04T08:18:32+03:00,1785820712,13215,55,3,31.3,42.9,,run
2026-08-04T08:18:37+03:00,1785820717,13220,55,3,31.3,42.0,,run
2026-08-04T08:18:42+03:00,1785820722,13225,55,3,31.3,42.0,,run
2026-08-04T08:18:48+03:00,1785820728,13231,55,3,31.3,43.6,,run
2026-08-04T08:18:53+03:00,1785820733,13236,55,3,31.3,42.6,,run
2026-08-04T08:18:58+03:00,1785820738,13241,55,3,31.3,42.0,,run
2026-08-04T08:19:03+03:00,1785820743,13246,55,3,31.3,41.4,,run
2026-08-04T08:19:08+03:00,1785820748,13251,55,3,31.3,41.4,,run
2026-08-04T08:19:14+03:00,1785820754,13257,55,3,31.3,45.1,,run
2026-08-04T08:19:19+03:00,1785820759,13262,55,3,31.3,45.1,,run
2026-08-04T08:19:24+03:00,1785820764,13267,55,3,31.3,42.3,,run
2026-08-04T08:19:29+03:00,1785820769,13272,55,3,31.3,50.1,,run
2026-08-04T08:19:35+03:00,1785820775,13278,55,3,31.3,45.4,,run
2026-08-04T08:19:40+03:00,1785820780,13283,55,3,31.3,42.9,,run
2026-08-04T08:19:45+03:00,1785820785,13288,55,3,31.3,40.8,,run
2026-08-04T08:19:50+03:00,1785820790,13293,55,3,31.3,40.8,,run
2026-08-04T08:19:55+03:00,1785820795,13298,55,3,31.3,41.1,,run
2026-08-04T08:20:01+03:00,1785820801,13304,55,3,31.3,40.2,,run
2026-08-04T08:20:06+03:00,1785820806,13309,55,3,31.3,41.1,,run
2026-08-04T08:20:11+03:00,1785820811,13314,55,3,31.3,41.1,,run
2026-08-04T08:20:16+03:00,1785820816,13319,55,3,31.3,51.0,,run
2026-08-04T08:20:22+03:00,1785820822,13325,55,3,31.3,45.1,,run
2026-08-04T08:20:27+03:00,1785820827,13330,55,3,31.3,43.9,,run
2026-08-04T08:20:32+03:00,1785820832,13335,55,3,31.3,46.7,,run
2026-08-04T08:20:37+03:00,1785820837,13340,55,3,31.3,44.5,,run
2026-08-04T08:20:43+03:00,1785820843,13346,55,3,31.3,43.6,,run
2026-08-04T08:20:48+03:00,1785820848,13351,55,3,31.3,44.2,,run
2026-08-04T08:20:53+03:00,1785820853,13356,55,3,31.3,44.5,,run
2026-08-04T08:20:58+03:00,1785820858,13361,55,3,31.3,43.6,,run
2026-08-04T08:21:03+03:00,1785820863,13366,55,3,31.3,42.0,,run
2026-08-04T08:21:09+03:00,1785820869,13372,55,3,31.3,42.3,,run
2026-08-04T08:21:14+03:00,1785820874,13377,55,3,31.3,42.6,,run
2026-08-04T08:21:19+03:00,1785820879,13382,55,3,31.3,48.5,,run
2026-08-04T08:21:24+03:00,1785820884,13387,55,3,31.3,48.5,,run
2026-08-04T08:21:30+03:00,1785820890,13393,55,3,31.3,50.1,,run
2026-08-04T08:21:35+03:00,1785820895,13398,55,3,31.3,46.3,,run
2026-08-04T08:21:40+03:00,1785820900,13403,55,3,31.3,43.2,,run
2026-08-04T08:21:45+03:00,1785820905,13408,55,3,31.3,41.1,,run
2026-08-04T08:21:51+03:00,1785820911,13414,55,3,31.3,40.8,,run
2026-08-04T08:21:56+03:00,1785820916,13419,55,3,31.3,40.5,,run
2026-08-04T08:22:01+03:00,1785820921,13424,55,3,31.3,40.8,,run
2026-08-04T08:22:06+03:00,1785820926,13429,55,3,31.3,42.6,,run
2026-08-04T08:22:11+03:00,1785820931,13434,55,3,31.3,42.0,,run
2026-08-04T08:22:17+03:00,1785820937,13440,55,3,31.3,51.6,,run
2026-08-04T08:22:22+03:00,1785820942,13445,55,3,31.3,42.6,,run
2026-08-04T08:22:27+03:00,1785820947,13450,55,3,31.3,41.4,,run
2026-08-04T08:22:32+03:00,1785820952,13455,55,3,31.3,41.7,,run
2026-08-04T08:22:38+03:00,1785820958,13461,55,3,31.3,44.8,,run
2026-08-04T08:22:43+03:00,1785820963,13466,55,3,31.3,48.2,,run
2026-08-04T08:22:48+03:00,1785820968,13471,55,3,31.3,44.8,,run
2026-08-04T08:22:53+03:00,1785820973,13476,55,3,31.3,42.6,,run
2026-08-04T08:22:58+03:00,1785820978,13481,55,3,31.3,42.3,,run
2026-08-04T08:23:04+03:00,1785820984,13487,55,3,31.3,42.0,,run
2026-08-04T08:23:09+03:00,1785820989,13492,55,3,31.3,41.4,,run
2026-08-04T08:23:14+03:00,1785820994,13497,55,3,31.3,43.2,,run
2026-08-04T08:23:19+03:00,1785820999,13502,55,3,31.3,42.0,,run
2026-08-04T08:23:25+03:00,1785821005,13508,55,3,31.3,41.1,,run
2026-08-04T08:23:30+03:00,1785821010,13513,55,3,31.3,48.8,,run
2026-08-04T08:23:35+03:00,1785821015,13518,55,3,31.3,48.8,,run
2026-08-04T08:23:40+03:00,1785821020,13523,55,3,31.3,43.2,,run
2026-08-04T08:23:45+03:00,1785821025,13528,55,3,31.3,42.3,,run
2026-08-04T08:23:51+03:00,1785821031,13534,55,3,31.3,41.4,,run
2026-08-04T08:23:56+03:00,1785821036,13539,55,3,31.3,52.2,,run
2026-08-04T08:24:01+03:00,1785821041,13544,55,3,31.3,42.9,,run
2026-08-04T08:24:07+03:00,1785821047,13550,55,3,31.3,42.3,,run
2026-08-04T08:24:12+03:00,1785821052,13555,55,3,31.3,43.9,,run
2026-08-04T08:24:17+03:00,1785821057,13560,55,3,31.3,42.0,,run
2026-08-04T08:24:22+03:00,1785821062,13565,55,3,31.3,41.4,,run
2026-08-04T08:24:28+03:00,1785821068,13571,55,3,31.3,42.0,,run
2026-08-04T08:24:33+03:00,1785821073,13576,55,3,31.3,41.1,,run
2026-08-04T08:24:38+03:00,1785821078,13581,55,3,31.3,42.9,,run
2026-08-04T08:24:43+03:00,1785821083,13586,55,3,31.3,43.2,,run
2026-08-04T08:24:48+03:00,1785821088,13591,55,3,31.3,42.6,,run
2026-08-04T08:24:54+03:00,1785821094,13597,55,3,31.3,46.0,,run
2026-08-04T08:24:59+03:00,1785821099,13602,55,3,31.3,42.9,,run
2026-08-04T08:25:04+03:00,1785821104,13607,55,3,31.3,41.7,,run
2026-08-04T08:25:09+03:00,1785821109,13612,55,3,31.3,41.4,,run
2026-08-04T08:25:15+03:00,1785821115,13618,55,3,31.3,53.8,,run
2026-08-04T08:25:20+03:00,1785821120,13623,54,3,31.3,46.3,,run
2026-08-04T08:25:25+03:00,1785821125,13628,54,3,31.3,40.8,,run
2026-08-04T08:25:30+03:00,1785821130,13633,54,3,31.3,42.0,,run
2026-08-04T08:25:36+03:00,1785821136,13639,54,3,31.3,43.6,,run
2026-08-04T08:25:41+03:00,1785821141,13644,54,3,31.3,50.1,,run
2026-08-04T08:25:46+03:00,1785821146,13649,54,3,31.3,45.4,,run
2026-08-04T08:25:52+03:00,1785821152,13655,54,3,31.3,42.3,,run
2026-08-04T08:25:57+03:00,1785821157,13660,54,3,31.3,42.6,,run
2026-08-04T08:26:02+03:00,1785821162,13665,54,3,31.3,42.3,,run
2026-08-04T08:26:07+03:00,1785821167,13670,54,3,31.3,41.4,,run
2026-08-04T08:26:12+03:00,1785821172,13675,54,3,31.3,43.9,,run
2026-08-04T08:26:18+03:00,1785821178,13681,54,3,31.3,42.9,,run
2026-08-04T08:26:23+03:00,1785821183,13686,54,3,31.3,41.4,,run
2026-08-04T08:26:28+03:00,1785821188,13691,54,3,31.3,42.3,,run
2026-08-04T08:26:33+03:00,1785821193,13696,54,3,31.3,41.4,,run
2026-08-04T08:26:39+03:00,1785821199,13702,54,3,31.3,40.8,,run
2026-08-04T08:26:44+03:00,1785821204,13707,54,3,31.3,43.6,,run
2026-08-04T08:26:49+03:00,1785821209,13712,54,3,31.3,42.3,,run
2026-08-04T08:26:54+03:00,1785821214,13717,54,3,31.3,50.4,,run
2026-08-04T08:27:00+03:00,1785821220,13723,54,3,31.3,49.1,,run
2026-08-04T08:27:05+03:00,1785821225,13728,54,3,31.3,44.2,,run
2026-08-04T08:27:10+03:00,1785821230,13733,54,3,31.3,45.1,,run
2026-08-04T08:27:16+03:00,1785821236,13739,54,3,31.3,42.9,,run
2026-08-04T08:27:21+03:00,1785821241,13744,54,3,31.3,51.0,,run
2026-08-04T08:27:26+03:00,1785821246,13749,54,3,31.3,43.2,,run
2026-08-04T08:27:31+03:00,1785821251,13754,54,3,31.3,43.6,,run
2026-08-04T08:27:36+03:00,1785821256,13759,54,3,31.3,42.3,,run
2026-08-04T08:27:42+03:00,1785821262,13765,54,3,31.3,41.1,,run
2026-08-04T08:27:47+03:00,1785821267,13770,54,3,31.3,45.4,,run
2026-08-04T08:27:52+03:00,1785821272,13775,54,3,31.3,46.0,,run
2026-08-04T08:27:57+03:00,1785821277,13780,54,3,31.3,43.2,,run
2026-08-04T08:28:03+03:00,1785821283,13786,54,3,31.3,42.9,,run
2026-08-04T08:28:08+03:00,1785821288,13791,54,3,31.3,42.0,,run
2026-08-04T08:28:13+03:00,1785821293,13796,54,3,31.3,41.7,,run
2026-08-04T08:28:18+03:00,1785821298,13801,54,3,31.3,41.1,,run
2026-08-04T08:28:23+03:00,1785821303,13806,54,3,31.3,41.7,,run
2026-08-04T08:28:29+03:00,1785821309,13812,54,3,31.3,42.0,,run
2026-08-04T08:28:34+03:00,1785821314,13817,54,3,31.3,48.2,,run
2026-08-04T08:28:39+03:00,1785821319,13822,54,3,31.3,46.7,,run
2026-08-04T08:28:44+03:00,1785821324,13827,54,3,31.3,43.2,,run
2026-08-04T08:28:50+03:00,1785821330,13833,54,3,31.3,41.7,,run
2026-08-04T08:28:55+03:00,1785821335,13838,54,3,31.3,41.1,,run
2026-08-04T08:29:00+03:00,1785821340,13843,54,3,31.3,40.8,,run
2026-08-04T08:29:05+03:00,1785821345,13848,54,3,31.3,47.0,,run
2026-08-04T08:29:11+03:00,1785821351,13854,54,3,31.3,46.0,,run
2026-08-04T08:29:16+03:00,1785821356,13859,54,3,31.3,42.9,,run
2026-08-04T08:29:21+03:00,1785821361,13864,54,3,31.3,52.5,,run
2026-08-04T08:29:26+03:00,1785821366,13869,54,3,31.3,43.6,,run
2026-08-04T08:29:31+03:00,1785821371,13874,54,3,31.3,43.2,,run
2026-08-04T08:29:37+03:00,1785821377,13880,54,3,31.3,42.9,,run
2026-08-04T08:29:42+03:00,1785821382,13885,54,3,31.3,46.3,,run
2026-08-04T08:29:47+03:00,1785821387,13890,54,3,31.3,44.8,,run
2026-08-04T08:29:52+03:00,1785821392,13895,54,3,31.3,48.8,,run
2026-08-04T08:29:58+03:00,1785821398,13901,54,3,31.3,43.6,,run
2026-08-04T08:30:03+03:00,1785821403,13906,54,3,31.3,42.9,,run
2026-08-04T08:30:08+03:00,1785821408,13911,54,3,31.3,42.6,,run
2026-08-04T08:30:13+03:00,1785821413,13916,54,3,31.3,43.9,,run
2026-08-04T08:30:19+03:00,1785821419,13922,54,3,31.3,42.0,,run
2026-08-04T08:30:24+03:00,1785821424,13927,54,3,31.3,42.6,,run
2026-08-04T08:30:29+03:00,1785821429,13932,54,3,31.3,41.1,,run
2026-08-04T08:30:34+03:00,1785821434,13937,54,3,31.3,47.6,,run
2026-08-04T08:30:40+03:00,1785821440,13943,54,3,31.3,44.2,,run
2026-08-04T08:30:45+03:00,1785821445,13948,54,3,31.3,42.0,,run
2026-08-04T08:30:50+03:00,1785821450,13953,54,3,31.3,41.7,,run
2026-08-04T08:30:55+03:00,1785821455,13958,54,3,31.3,42.3,,run
2026-08-04T08:31:00+03:00,1785821460,13963,54,3,31.3,41.1,,run
2026-08-04T08:31:06+03:00,1785821466,13969,54,3,31.3,40.8,,run
2026-08-04T08:31:11+03:00,1785821471,13974,54,3,31.3,47.0,,run
2026-08-04T08:31:16+03:00,1785821476,13979,54,3,31.3,46.0,,run
2026-08-04T08:31:21+03:00,1785821481,13984,54,3,31.3,49.4,,run
2026-08-04T08:31:27+03:00,1785821487,13990,54,3,31.3,43.6,,run
2026-08-04T08:31:32+03:00,1785821492,13995,54,3,31.3,44.5,,run
2026-08-04T08:31:37+03:00,1785821497,14000,54,3,31.3,43.2,,run
2026-08-04T08:31:42+03:00,1785821502,14005,54,3,31.3,42.3,,run
2026-08-04T08:31:48+03:00,1785821508,14011,54,3,31.3,42.6,,run
2026-08-04T08:31:53+03:00,1785821513,14016,54,3,31.3,41.7,,run
2026-08-04T08:31:58+03:00,1785821518,14021,54,3,31.3,46.0,,run
2026-08-04T08:32:03+03:00,1785821523,14026,54,3,31.3,44.5,,run
2026-08-04T08:32:08+03:00,1785821528,14031,54,3,31.3,43.6,,run
2026-08-04T08:32:14+03:00,1785821534,14037,54,3,31.3,42.0,,run
2026-08-04T08:32:19+03:00,1785821539,14042,54,3,31.3,41.7,,run
2026-08-04T08:32:24+03:00,1785821544,14047,54,3,31.3,42.3,,run
2026-08-04T08:32:29+03:00,1785821549,14052,54,3,31.3,42.3,,run
2026-08-04T08:32:35+03:00,1785821555,14058,54,3,31.3,49.7,,run
2026-08-04T08:32:40+03:00,1785821560,14063,54,3,31.3,42.6,,run
2026-08-04T08:32:45+03:00,1785821565,14068,54,3,31.3,43.2,,run
2026-08-04T08:32:51+03:00,1785821571,14074,54,3,31.3,41.1,,run
2026-08-04T08:32:56+03:00,1785821576,14079,54,3,31.3,41.1,,run
2026-08-04T08:33:01+03:00,1785821581,14084,54,3,31.3,42.9,,run
2026-08-04T08:33:06+03:00,1785821586,14089,54,3,31.3,45.7,,run
2026-08-04T08:33:12+03:00,1785821592,14095,54,3,31.3,42.6,,run
2026-08-04T08:33:17+03:00,1785821597,14100,54,3,31.3,45.1,,run
2026-08-04T08:33:22+03:00,1785821602,14105,54,3,31.3,51.6,,run
2026-08-04T08:33:27+03:00,1785821607,14110,54,3,31.3,43.2,,run
2026-08-04T08:33:33+03:00,1785821613,14116,54,3,31.3,44.2,,run
2026-08-04T08:33:38+03:00,1785821618,14121,54,3,31.3,42.3,,run
2026-08-04T08:33:43+03:00,1785821623,14126,54,3,31.3,41.7,,run
2026-08-04T08:33:48+03:00,1785821628,14131,54,3,31.3,41.4,,run
2026-08-04T08:33:54+03:00,1785821634,14137,53,3,31.4,41.4,,run
2026-08-04T08:33:59+03:00,1785821639,14142,53,3,31.4,45.7,,run
2026-08-04T08:34:04+03:00,1785821644,14147,53,3,31.4,44.5,,run
2026-08-04T08:34:09+03:00,1785821649,14152,53,3,31.4,43.2,,run
2026-08-04T08:34:15+03:00,1785821655,14158,53,3,31.4,41.7,,run
2026-08-04T08:34:20+03:00,1785821660,14163,53,3,31.4,41.4,,run
2026-08-04T08:34:25+03:00,1785821665,14168,53,3,31.4,41.1,,run
2026-08-04T08:34:30+03:00,1785821670,14173,53,3,31.4,41.1,,run
2026-08-04T08:34:35+03:00,1785821675,14178,53,3,31.4,48.8,,run
2026-08-04T08:34:41+03:00,1785821681,14184,53,3,31.4,42.9,,run
2026-08-04T08:34:46+03:00,1785821686,14189,53,3,31.4,41.4,,run
2026-08-04T08:34:51+03:00,1785821691,14194,53,3,31.4,40.5,,run
2026-08-04T08:34:57+03:00,1785821697,14200,53,3,31.4,43.9,,run
2026-08-04T08:35:02+03:00,1785821702,14205,53,3,31.4,52.8,,run
2026-08-04T08:35:07+03:00,1785821707,14210,53,3,31.4,45.1,,run
2026-08-04T08:35:13+03:00,1785821713,14216,53,3,31.4,42.3,,run
2026-08-04T08:35:18+03:00,1785821718,14221,53,3,31.4,47.3,,run
2026-08-04T08:35:23+03:00,1785821723,14226,53,3,31.4,44.8,,run
2026-08-04T08:35:28+03:00,1785821728,14231,53,3,31.4,42.6,,run
2026-08-04T08:35:33+03:00,1785821733,14236,53,3,31.4,43.2,,run
2026-08-04T08:35:39+03:00,1785821739,14242,53,3,31.4,43.9,,run
2026-08-04T08:35:44+03:00,1785821744,14247,53,3,31.4,43.2,,run
2026-08-04T08:35:49+03:00,1785821749,14252,53,3,31.4,43.2,,run
2026-08-04T08:35:54+03:00,1785821754,14257,53,3,31.4,41.4,,run
2026-08-04T08:36:00+03:00,1785821760,14263,53,3,31.4,41.7,,run
2026-08-04T08:36:05+03:00,1785821765,14268,53,3,31.4,47.3,,run
2026-08-04T08:36:10+03:00,1785821770,14273,53,3,31.4,42.6,,run
2026-08-04T08:36:15+03:00,1785821775,14278,53,3,31.4,48.8,,run
2026-08-04T08:36:20+03:00,1785821780,14283,53,3,31.4,48.8,,run
2026-08-04T08:36:26+03:00,1785821786,14289,53,3,31.4,46.0,,run
2026-08-04T08:36:31+03:00,1785821791,14294,53,3,31.4,43.2,,run
2026-08-04T08:36:36+03:00,1785821796,14299,53,3,31.4,41.4,,run
2026-08-04T08:36:41+03:00,1785821801,14304,53,3,31.4,41.4,,run
2026-08-04T08:36:47+03:00,1785821807,14310,53,3,31.4,41.1,,run
2026-08-04T08:36:52+03:00,1785821812,14315,53,3,31.4,41.1,,run
2026-08-04T08:36:57+03:00,1785821817,14320,53,3,31.4,41.1,,run
2026-08-04T08:37:02+03:00,1785821822,14325,53,3,31.4,52.2,,run
2026-08-04T08:37:08+03:00,1785821828,14331,53,3,31.4,44.5,,run
2026-08-04T08:37:13+03:00,1785821833,14336,53,3,31.4,43.6,,run
2026-08-04T08:37:18+03:00,1785821838,14341,53,3,31.4,42.6,,run
2026-08-04T08:37:23+03:00,1785821843,14346,53,3,31.4,47.3,,run
2026-08-04T08:37:29+03:00,1785821849,14352,53,3,31.4,43.6,,run
2026-08-04T08:37:34+03:00,1785821854,14357,53,3,31.4,41.7,,run
2026-08-04T08:37:39+03:00,1785821859,14362,53,3,31.4,44.5,,run
2026-08-04T08:37:44+03:00,1785821864,14367,53,3,31.4,43.2,,run
2026-08-04T08:37:49+03:00,1785821869,14372,53,3,31.4,42.6,,run
2026-08-04T08:37:55+03:00,1785821875,14378,53,3,31.4,42.0,,run
2026-08-04T08:38:00+03:00,1785821880,14383,53,3,31.4,42.0,,run
2026-08-04T08:38:05+03:00,1785821885,14388,53,3,31.4,45.4,,run
2026-08-04T08:38:10+03:00,1785821890,14393,53,3,31.4,42.9,,run
2026-08-04T08:38:16+03:00,1785821896,14399,53,3,31.7,49.1,,run
2026-08-04T08:38:21+03:00,1785821901,14404,53,3,31.7,47.0,,run
2026-08-04T08:38:26+03:00,1785821906,14409,53,3,31.7,43.9,,run
2026-08-04T08:38:31+03:00,1785821911,14414,53,3,31.7,42.0,,run
2026-08-04T08:38:36+03:00,1785821916,14419,53,3,31.7,41.4,,run
2026-08-04T08:38:42+03:00,1785821922,14425,53,3,31.7,41.1,,run
2026-08-04T08:38:47+03:00,1785821927,14430,53,3,31.7,41.7,,run
2026-08-04T08:38:52+03:00,1785821932,14435,53,3,31.7,40.5,,run
2026-08-04T08:38:57+03:00,1785821937,14440,53,3,31.7,41.7,,run
2026-08-04T08:39:03+03:00,1785821943,14446,53,3,31.7,55.6,,run
2026-08-04T08:39:08+03:00,1785821948,14451,53,3,31.7,49.7,,run
2026-08-04T08:39:13+03:00,1785821953,14456,53,3,31.7,47.3,,run
2026-08-04T08:39:18+03:00,1785821958,14461,53,3,31.7,44.5,,run
2026-08-04T08:39:24+03:00,1785821964,14467,53,3,31.7,42.3,,run
2026-08-04T08:39:29+03:00,1785821969,14472,53,3,31.7,45.1,,run
2026-08-04T08:39:34+03:00,1785821974,14477,53,3,31.7,45.7,,run
2026-08-04T08:39:39+03:00,1785821979,14482,53,3,31.7,43.6,,run
2026-08-04T08:39:45+03:00,1785821985,14488,53,3,31.7,43.2,,run
2026-08-04T08:39:50+03:00,1785821990,14493,53,3,31.7,45.7,,run
2026-08-04T08:39:55+03:00,1785821995,14498,53,3,31.7,42.3,,run
2026-08-04T08:40:00+03:00,1785822000,14503,53,3,31.7,42.3,,run
2026-08-04T08:40:05+03:00,1785822005,14508,53,3,31.7,43.6,,run
2026-08-04T08:40:11+03:00,1785822011,14514,53,3,31.7,44.2,,run
2026-08-04T08:40:16+03:00,1785822016,14519,53,3,31.7,51.6,,run
2026-08-04T08:40:21+03:00,1785822021,14524,53,3,31.7,48.2,,run
2026-08-04T08:40:26+03:00,1785822026,14529,53,3,31.7,45.1,,run
2026-08-04T08:40:32+03:00,1785822032,14535,53,3,31.7,42.0,,run
2026-08-04T08:40:37+03:00,1785822037,14540,53,3,31.7,42.3,,run
2026-08-04T08:40:42+03:00,1785822042,14545,53,3,31.7,41.4,,run
2026-08-04T08:40:47+03:00,1785822047,14550,53,3,31.7,41.7,,run
2026-08-04T08:40:53+03:00,1785822053,14556,53,3,31.7,42.9,,run
2026-08-04T08:40:58+03:00,1785822058,14561,53,3,31.7,43.9,,run
2026-08-04T08:41:03+03:00,1785822063,14566,53,3,31.7,54.1,,run
2026-08-04T08:41:08+03:00,1785822068,14571,53,3,31.7,43.6,,run
2026-08-04T08:41:14+03:00,1785822074,14577,53,3,31.7,42.9,,run
2026-08-04T08:41:19+03:00,1785822079,14582,53,3,31.7,44.2,,run
2026-08-04T08:41:24+03:00,1785822084,14587,53,3,31.7,43.6,,run
2026-08-04T08:41:29+03:00,1785822089,14592,53,3,31.7,42.6,,run
2026-08-04T08:41:34+03:00,1785822094,14597,53,3,31.7,49.4,,run
2026-08-04T08:41:40+03:00,1785822100,14603,53,3,31.7,43.6,,run
2026-08-04T08:41:45+03:00,1785822105,14608,53,3,31.7,42.6,,run
2026-08-04T08:41:50+03:00,1785822110,14613,53,3,31.7,43.2,,run
2026-08-04T08:41:55+03:00,1785822115,14618,53,3,31.7,44.2,,run
2026-08-04T08:42:01+03:00,1785822121,14624,53,3,31.7,43.6,,run
2026-08-04T08:42:06+03:00,1785822126,14629,53,3,31.7,42.3,,run
2026-08-04T08:42:11+03:00,1785822131,14634,53,3,31.7,42.9,,run
2026-08-04T08:42:16+03:00,1785822136,14639,53,3,31.7,47.6,,run
2026-08-04T08:42:22+03:00,1785822142,14645,53,3,31.7,47.0,,run
2026-08-04T08:42:27+03:00,1785822147,14650,53,3,31.7,45.1,,run
2026-08-04T08:42:32+03:00,1785822152,14655,53,3,31.7,42.6,,run
2026-08-04T08:42:37+03:00,1785822157,14660,53,3,31.7,42.3,,run
2026-08-04T08:42:42+03:00,1785822162,14665,53,3,31.7,41.7,,run
2026-08-04T08:42:48+03:00,1785822168,14671,53,3,31.7,41.7,,run
2026-08-04T08:42:53+03:00,1785822173,14676,53,3,31.7,40.8,,run
2026-08-04T08:42:58+03:00,1785822178,14681,53,3,31.7,42.9,,run
2026-08-04T08:43:03+03:00,1785822183,14686,53,3,31.7,53.8,,run
2026-08-04T08:43:09+03:00,1785822189,14692,53,3,31.7,44.2,,run
2026-08-04T08:43:14+03:00,1785822194,14697,53,3,31.7,43.2,,run
2026-08-04T08:43:19+03:00,1785822199,14702,53,3,31.7,43.6,,run
2026-08-04T08:43:24+03:00,1785822204,14707,53,3,31.7,43.2,,run
2026-08-04T08:43:30+03:00,1785822210,14713,52,3,31.9,42.0,,run
2026-08-04T08:43:35+03:00,1785822215,14718,52,3,31.9,44.8,,run
2026-08-04T08:43:40+03:00,1785822220,14723,52,3,31.9,49.1,,run
2026-08-04T08:43:45+03:00,1785822225,14728,52,3,31.9,44.2,,run
2026-08-04T08:43:51+03:00,1785822231,14734,52,3,31.9,42.3,,run
2026-08-04T08:43:56+03:00,1785822236,14739,52,3,31.9,42.0,,run
2026-08-04T08:44:01+03:00,1785822241,14744,52,3,31.9,43.6,,run
2026-08-04T08:44:06+03:00,1785822246,14749,52,3,31.9,43.2,,run
2026-08-04T08:44:11+03:00,1785822251,14754,52,3,31.9,42.9,,run
2026-08-04T08:44:17+03:00,1785822257,14760,52,3,31.9,49.1,,run
2026-08-04T08:44:22+03:00,1785822262,14765,52,3,31.9,46.7,,run
2026-08-04T08:44:27+03:00,1785822267,14770,52,3,31.9,45.7,,run
2026-08-04T08:44:32+03:00,1785822272,14775,52,3,31.9,42.3,,run
2026-08-04T08:44:38+03:00,1785822278,14781,52,3,31.9,42.3,,run
2026-08-04T08:44:43+03:00,1785822283,14786,52,3,31.9,42.0,,run
2026-08-04T08:44:48+03:00,1785822288,14791,52,3,31.9,40.5,,run
2026-08-04T08:44:53+03:00,1785822293,14796,52,3,31.9,43.6,,run
2026-08-04T08:44:58+03:00,1785822298,14801,52,3,31.9,44.5,,run
2026-08-04T08:45:04+03:00,1785822304,14807,52,3,31.9,54.4,,run
2026-08-04T08:45:09+03:00,1785822309,14812,52,3,31.9,46.7,,run
2026-08-04T08:45:14+03:00,1785822314,14817,52,3,31.9,42.9,,run
2026-08-04T08:45:20+03:00,1785822320,14823,52,3,31.9,43.2,,run
2026-08-04T08:45:25+03:00,1785822325,14828,52,3,31.9,42.9,,run
2026-08-04T08:45:30+03:00,1785822330,14833,52,3,31.9,41.7,,run
2026-08-04T08:45:35+03:00,1785822335,14838,52,3,31.9,43.2,,run
2026-08-04T08:45:40+03:00,1785822340,14843,52,3,31.9,43.2,,run
2026-08-04T08:45:46+03:00,1785822346,14849,52,3,31.9,47.9,,run
2026-08-04T08:45:51+03:00,1785822351,14854,52,3,31.9,47.0,,run
2026-08-04T08:45:56+03:00,1785822356,14859,52,3,31.9,42.3,,run
2026-08-04T08:46:01+03:00,1785822361,14864,52,3,31.9,42.3,,run
2026-08-04T08:46:07+03:00,1785822367,14870,52,3,31.9,42.0,,run
2026-08-04T08:46:12+03:00,1785822372,14875,52,3,31.9,43.9,,run
2026-08-04T08:46:17+03:00,1785822377,14880,52,3,31.9,49.7,,run
2026-08-04T08:46:22+03:00,1785822382,14885,52,3,31.9,47.0,,run
2026-08-04T08:46:28+03:00,1785822388,14891,52,3,31.9,45.4,,run
2026-08-04T08:46:33+03:00,1785822393,14896,52,3,31.9,45.7,,run
2026-08-04T08:46:38+03:00,1785822398,14901,52,3,31.9,43.6,,run
2026-08-04T08:46:43+03:00,1785822403,14906,52,3,31.9,42.0,,run
2026-08-04T08:46:48+03:00,1785822408,14911,52,3,31.9,41.4,,run
2026-08-04T08:46:54+03:00,1785822414,14917,52,3,31.9,42.3,,run
2026-08-04T08:46:59+03:00,1785822419,14922,52,3,31.9,41.4,,run
2026-08-04T08:47:04+03:00,1785822424,14927,52,3,31.9,53.1,,run
2026-08-04T08:47:10+03:00,1785822430,14933,52,3,31.9,46.7,,run
2026-08-04T08:47:15+03:00,1785822435,14938,52,3,31.9,44.2,,run
2026-08-04T08:47:20+03:00,1785822440,14943,52,3,31.9,43.9,,run
2026-08-04T08:47:25+03:00,1785822445,14948,52,3,31.9,42.3,,run
2026-08-04T08:47:31+03:00,1785822451,14954,52,3,31.9,42.3,,run
2026-08-04T08:47:36+03:00,1785822456,14959,52,3,31.9,42.9,,run
2026-08-04T08:47:41+03:00,1785822461,14964,52,3,31.9,43.9,,run
2026-08-04T08:47:46+03:00,1785822466,14969,52,3,31.9,45.4,,run
2026-08-04T08:47:52+03:00,1785822472,14975,52,3,31.9,47.0,,run
2026-08-04T08:47:57+03:00,1785822477,14980,52,3,31.9,43.9,,run
2026-08-04T08:48:02+03:00,1785822482,14985,52,3,31.9,42.6,,run
2026-08-04T08:48:07+03:00,1785822487,14990,52,3,31.9,42.9,,run
2026-08-04T08:48:12+03:00,1785822492,14995,52,3,31.9,44.2,,run
2026-08-04T08:48:18+03:00,1785822498,15001,52,3,32.0,49.7,,run
2026-08-04T08:48:23+03:00,1785822503,15006,52,3,32.0,47.9,,run
2026-08-04T08:48:28+03:00,1785822508,15011,52,3,32.0,50.1,,run
2026-08-04T08:48:33+03:00,1785822513,15016,52,3,32.0,46.7,,run
2026-08-04T08:48:39+03:00,1785822519,15022,52,3,32.0,47.9,,run
2026-08-04T08:48:44+03:00,1785822524,15027,52,3,32.0,43.2,,run
2026-08-04T08:48:49+03:00,1785822529,15032,52,3,32.0,41.4,,run
2026-08-04T08:48:54+03:00,1785822534,15037,52,3,32.0,41.4,,run
2026-08-04T08:48:59+03:00,1785822539,15042,52,3,32.0,42.9,,run
2026-08-04T08:49:05+03:00,1785822545,15048,52,3,32.0,52.2,,run
2026-08-04T08:49:10+03:00,1785822550,15053,52,3,32.0,45.7,,run
2026-08-04T08:49:16+03:00,1785822556,15059,52,3,32.0,44.8,,run
2026-08-04T08:49:21+03:00,1785822561,15064,52,3,32.0,43.9,,run
2026-08-04T08:49:26+03:00,1785822566,15069,52,3,32.0,42.6,,run
2026-08-04T08:49:31+03:00,1785822571,15074,52,3,32.0,42.6,,run
2026-08-04T08:49:37+03:00,1785822577,15080,52,3,32.0,42.9,,run
2026-08-04T08:49:42+03:00,1785822582,15085,52,3,32.0,43.6,,run
2026-08-04T08:49:47+03:00,1785822587,15090,52,3,32.0,45.4,,run
2026-08-04T08:49:52+03:00,1785822592,15095,52,3,32.0,42.6,,run
2026-08-04T08:49:57+03:00,1785822597,15100,52,3,32.0,48.5,,run
2026-08-04T08:50:03+03:00,1785822603,15106,52,3,32.0,43.6,,run
2026-08-04T08:50:08+03:00,1785822608,15111,52,3,32.0,42.6,,run
2026-08-04T08:50:13+03:00,1785822613,15116,52,3,32.0,43.6,,run
2026-08-04T08:50:18+03:00,1785822618,15121,52,3,32.0,47.9,,run
2026-08-04T08:50:24+03:00,1785822624,15127,52,3,32.0,49.7,,run
2026-08-04T08:50:29+03:00,1785822629,15132,52,3,32.0,46.3,,run
2026-08-04T08:50:34+03:00,1785822634,15137,52,3,32.0,42.3,,run
2026-08-04T08:50:39+03:00,1785822639,15142,52,3,32.0,44.5,,run
2026-08-04T08:50:44+03:00,1785822644,15147,52,3,32.0,47.3,,run
2026-08-04T08:50:50+03:00,1785822650,15153,52,3,32.0,47.9,,run
2026-08-04T08:50:55+03:00,1785822655,15158,52,3,32.0,44.5,,run
2026-08-04T08:51:00+03:00,1785822660,15163,52,3,32.0,44.2,,run
2026-08-04T08:51:06+03:00,1785822666,15169,52,3,32.0,43.2,,run
2026-08-04T08:51:11+03:00,1785822671,15174,52,3,32.0,45.1,,run
2026-08-04T08:51:16+03:00,1785822676,15179,52,3,32.0,43.2,,run
2026-08-04T08:51:21+03:00,1785822681,15184,52,3,32.0,44.5,,run
2026-08-04T08:51:26+03:00,1785822686,15189,52,3,32.0,44.2,,run
2026-08-04T08:51:32+03:00,1785822692,15195,52,3,32.0,42.6,,run
2026-08-04T08:51:37+03:00,1785822697,15200,52,3,32.0,42.3,,run
2026-08-04T08:51:42+03:00,1785822702,15205,52,3,32.0,41.4,,run
2026-08-04T08:51:47+03:00,1785822707,15210,52,3,32.0,42.0,,run
2026-08-04T08:51:53+03:00,1785822713,15216,52,3,32.0,45.7,,run
2026-08-04T08:51:58+03:00,1785822718,15221,52,3,32.0,48.2,,run
2026-08-04T08:52:03+03:00,1785822723,15226,52,3,32.0,52.5,,run
2026-08-04T08:52:09+03:00,1785822729,15232,52,3,32.0,43.6,,run
2026-08-04T08:52:14+03:00,1785822734,15237,52,3,32.0,43.2,,run
2026-08-04T08:52:19+03:00,1785822739,15242,52,3,32.0,42.0,,run
2026-08-04T08:52:25+03:00,1785822745,15248,52,3,32.0,43.9,,run
2026-08-04T08:52:30+03:00,1785822750,15253,52,3,32.0,45.7,,run
2026-08-04T08:52:35+03:00,1785822755,15258,52,3,32.0,44.2,,run
2026-08-04T08:52:40+03:00,1785822760,15263,52,3,32.0,43.6,,run
2026-08-04T08:52:45+03:00,1785822765,15268,52,3,32.0,43.9,,run
2026-08-04T08:52:51+03:00,1785822771,15274,52,3,32.0,48.2,,run
2026-08-04T08:52:56+03:00,1785822776,15279,52,3,32.0,43.2,,run
2026-08-04T08:53:01+03:00,1785822781,15284,52,3,32.0,42.3,,run
2026-08-04T08:53:06+03:00,1785822786,15289,51,3,31.9,42.9,,run
2026-08-04T08:53:12+03:00,1785822792,15295,51,3,31.9,44.2,,run
2026-08-04T08:53:17+03:00,1785822797,15300,51,3,31.9,42.3,,run
2026-08-04T08:53:22+03:00,1785822802,15305,51,3,31.9,41.7,,run
2026-08-04T08:53:27+03:00,1785822807,15310,51,3,31.9,42.0,,run
2026-08-04T08:53:33+03:00,1785822813,15316,51,3,31.9,41.7,,run
2026-08-04T08:53:38+03:00,1785822818,15321,51,3,31.9,43.2,,run
2026-08-04T08:53:43+03:00,1785822823,15326,51,3,31.9,47.3,,run
2026-08-04T08:53:48+03:00,1785822828,15331,51,3,31.9,47.3,,run
2026-08-04T08:53:54+03:00,1785822834,15337,51,3,31.9,43.9,,run
2026-08-04T08:53:59+03:00,1785822839,15342,51,3,31.9,42.3,,run
2026-08-04T08:54:04+03:00,1785822844,15347,51,3,31.9,51.0,,run
2026-08-04T08:54:10+03:00,1785822850,15353,51,3,31.9,48.5,,run
2026-08-04T08:54:15+03:00,1785822855,15358,51,3,31.9,45.4,,run
2026-08-04T08:54:20+03:00,1785822860,15363,51,3,31.9,42.0,,run
2026-08-04T08:54:25+03:00,1785822865,15368,51,3,31.9,41.4,,run
2026-08-04T08:54:30+03:00,1785822870,15373,51,3,31.9,51.3,,run
2026-08-04T08:54:36+03:00,1785822876,15379,51,3,31.9,44.8,,run
2026-08-04T08:54:41+03:00,1785822881,15384,51,3,31.9,43.2,,run
2026-08-04T08:54:46+03:00,1785822886,15389,51,3,31.9,42.3,,run
2026-08-04T08:54:51+03:00,1785822891,15394,51,3,31.9,42.0,,run
2026-08-04T08:54:57+03:00,1785822897,15400,51,3,31.9,41.7,,run
2026-08-04T08:55:02+03:00,1785822902,15405,51,3,31.9,44.2,,run
2026-08-04T08:55:07+03:00,1785822907,15410,51,3,31.9,42.9,,run
2026-08-04T08:55:12+03:00,1785822912,15415,51,3,31.9,42.0,,run
2026-08-04T08:55:18+03:00,1785822918,15421,51,3,31.9,41.4,,run
2026-08-04T08:55:23+03:00,1785822923,15426,51,3,31.9,42.0,,run
2026-08-04T08:55:28+03:00,1785822928,15431,51,3,31.9,44.2,,run
2026-08-04T08:55:33+03:00,1785822933,15436,51,3,31.9,45.4,,run
2026-08-04T08:55:38+03:00,1785822938,15441,51,3,31.9,47.9,,run
2026-08-04T08:55:44+03:00,1785822944,15447,51,3,31.9,51.3,,run
2026-08-04T08:55:49+03:00,1785822949,15452,51,3,31.9,45.7,,run
2026-08-04T08:55:54+03:00,1785822954,15457,51,3,31.9,43.6,,run
2026-08-04T08:55:59+03:00,1785822959,15462,51,3,31.9,48.8,,run
2026-08-04T08:56:05+03:00,1785822965,15468,51,3,31.9,42.6,,run
2026-08-04T08:56:10+03:00,1785822970,15473,51,3,31.9,46.3,,run
2026-08-04T08:56:15+03:00,1785822975,15478,51,3,31.9,46.7,,run
2026-08-04T08:56:20+03:00,1785822980,15483,51,3,31.9,42.9,,run
2026-08-04T08:56:26+03:00,1785822986,15489,51,3,31.9,42.9,,run
2026-08-04T08:56:31+03:00,1785822991,15494,51,3,31.9,41.7,,run
2026-08-04T08:56:36+03:00,1785822996,15499,51,3,31.9,43.2,,run
2026-08-04T08:56:41+03:00,1785823001,15504,51,3,31.9,44.2,,run
2026-08-04T08:56:47+03:00,1785823007,15510,51,3,31.9,42.6,,run
2026-08-04T08:56:52+03:00,1785823012,15515,51,3,31.9,42.3,,run
2026-08-04T08:56:57+03:00,1785823017,15520,51,3,31.9,41.7,,run
2026-08-04T08:57:02+03:00,1785823022,15525,51,3,31.9,42.0,,run
2026-08-04T08:57:07+03:00,1785823027,15530,51,3,31.9,42.3,,run
2026-08-04T08:57:13+03:00,1785823033,15536,51,3,31.9,42.6,,run
2026-08-04T08:57:18+03:00,1785823038,15541,51,3,31.9,43.9,,run
2026-08-04T08:57:23+03:00,1785823043,15546,51,3,31.9,43.6,,run
2026-08-04T08:57:28+03:00,1785823048,15551,51,3,31.9,55.3,,run
2026-08-04T08:57:34+03:00,1785823054,15557,51,3,31.9,44.2,,run
2026-08-04T08:57:39+03:00,1785823059,15562,51,3,31.9,42.3,,run
2026-08-04T08:57:45+03:00,1785823064,15567,51,3,31.9,41.7,,run
2026-08-04T08:57:50+03:00,1785823070,15573,51,3,31.9,41.1,,run
2026-08-04T08:57:55+03:00,1785823075,15578,51,3,31.9,41.4,,run
2026-08-04T08:58:00+03:00,1785823080,15583,51,3,31.9,41.4,,run
2026-08-04T08:58:05+03:00,1785823085,15588,51,3,31.9,47.3,,run
2026-08-04T08:58:11+03:00,1785823091,15594,51,3,31.9,49.4,,run
2026-08-04T08:58:16+03:00,1785823096,15599,51,3,31.7,47.9,,run
2026-08-04T08:58:21+03:00,1785823101,15604,51,3,31.7,42.9,,run
2026-08-04T08:58:26+03:00,1785823106,15609,51,3,31.7,43.6,,run
2026-08-04T08:58:32+03:00,1785823112,15615,51,3,31.7,42.6,,run
2026-08-04T08:58:37+03:00,1785823117,15620,51,3,31.7,41.7,,run
2026-08-04T08:58:42+03:00,1785823122,15625,51,3,31.7,42.6,,run
2026-08-04T08:58:47+03:00,1785823127,15630,51,3,31.7,43.6,,run
2026-08-04T08:58:53+03:00,1785823133,15636,51,3,31.7,41.7,,run
2026-08-04T08:58:58+03:00,1785823138,15641,51,3,31.7,41.7,,run
2026-08-04T08:59:03+03:00,1785823143,15646,51,3,31.7,42.0,,run
2026-08-04T08:59:08+03:00,1785823148,15651,51,3,31.7,42.0,,run
2026-08-04T08:59:13+03:00,1785823153,15656,51,3,31.7,42.0,,run
2026-08-04T08:59:19+03:00,1785823159,15662,51,3,31.7,42.9,,run
2026-08-04T08:59:24+03:00,1785823164,15667,51,3,31.7,47.3,,run
2026-08-04T08:59:29+03:00,1785823169,15672,51,3,31.7,54.1,,run
2026-08-04T08:59:35+03:00,1785823175,15678,51,3,31.7,47.6,,run
2026-08-04T08:59:40+03:00,1785823180,15683,51,3,31.7,43.6,,run
2026-08-04T08:59:45+03:00,1785823185,15688,51,3,31.7,42.6,,run
2026-08-04T08:59:51+03:00,1785823191,15694,51,3,31.7,42.3,,run
2026-08-04T08:59:56+03:00,1785823196,15699,51,3,31.7,41.1,,run
2026-08-04T09:00:01+03:00,1785823201,15704,51,3,31.7,42.9,,run
2026-08-04T09:00:06+03:00,1785823206,15709,51,3,31.7,44.5,,run
2026-08-04T09:00:12+03:00,1785823212,15715,51,3,31.7,53.5,,run
2026-08-04T09:00:17+03:00,1785823217,15720,51,3,31.7,45.1,,run
2026-08-04T09:00:22+03:00,1785823222,15725,51,3,31.7,46.0,,run
2026-08-04T09:00:27+03:00,1785823227,15730,51,3,31.7,43.6,,run
2026-08-04T09:00:33+03:00,1785823233,15736,51,3,31.7,44.2,,run
2026-08-04T09:00:38+03:00,1785823238,15741,51,3,31.7,43.6,,run
2026-08-04T09:00:43+03:00,1785823243,15746,51,3,31.7,43.2,,run
2026-08-04T09:00:48+03:00,1785823248,15751,51,3,31.7,42.9,,run
2026-08-04T09:00:54+03:00,1785823254,15757,51,3,31.7,41.7,,run
2026-08-04T09:00:59+03:00,1785823259,15762,51,3,31.7,41.4,,run
2026-08-04T09:01:04+03:00,1785823264,15767,51,3,31.7,41.7,,run
2026-08-04T09:01:09+03:00,1785823269,15772,51,3,31.7,42.6,,run
2026-08-04T09:01:14+03:00,1785823274,15777,51,3,31.7,42.6,,run
2026-08-04T09:01:20+03:00,1785823280,15783,51,3,31.7,42.9,,run
2026-08-04T09:01:25+03:00,1785823285,15788,51,3,31.7,44.5,,run
2026-08-04T09:01:30+03:00,1785823290,15793,51,3,31.7,53.5,,run
2026-08-04T09:01:36+03:00,1785823296,15799,51,3,31.7,48.5,,run
2026-08-04T09:01:41+03:00,1785823301,15804,51,3,31.7,43.9,,run
2026-08-04T09:01:46+03:00,1785823306,15809,51,3,31.7,41.1,,run
2026-08-04T09:01:51+03:00,1785823311,15814,51,3,31.7,41.4,,run
2026-08-04T09:01:57+03:00,1785823317,15820,51,3,31.7,41.1,,run
2026-08-04T09:02:02+03:00,1785823322,15825,51,3,31.7,41.7,,run
2026-08-04T09:02:07+03:00,1785823327,15830,51,3,31.7,40.5,,run
2026-08-04T09:02:12+03:00,1785823332,15835,51,3,31.7,51.0,,run
2026-08-04T09:02:18+03:00,1785823338,15841,51,3,31.7,47.6,,run
2026-08-04T09:02:23+03:00,1785823343,15846,51,3,31.7,47.9,,run
2026-08-04T09:02:29+03:00,1785823349,15852,51,3,31.7,43.2,,run
2026-08-04T09:02:34+03:00,1785823354,15857,51,3,31.7,42.6,,run
2026-08-04T09:02:39+03:00,1785823359,15862,51,3,31.7,43.2,,run
2026-08-04T09:02:44+03:00,1785823364,15867,50,3,31.7,42.6,,run
2026-08-04T09:02:49+03:00,1785823369,15872,50,3,31.7,44.2,,run
2026-08-04T09:02:55+03:00,1785823375,15878,50,3,31.7,48.2,,run
2026-08-04T09:03:00+03:00,1785823380,15883,50,3,31.7,43.6,,run
2026-08-04T09:03:05+03:00,1785823385,15888,50,3,31.7,42.6,,run
2026-08-04T09:03:10+03:00,1785823390,15893,50,3,31.7,42.3,,run
2026-08-04T09:03:16+03:00,1785823396,15899,50,3,31.7,41.7,,run
2026-08-04T09:03:21+03:00,1785823401,15904,50,3,31.7,41.7,,run
2026-08-04T09:03:26+03:00,1785823406,15909,50,3,31.7,44.5,,run
2026-08-04T09:03:31+03:00,1785823411,15914,50,3,31.7,53.8,,run
2026-08-04T09:03:37+03:00,1785823417,15920,50,3,31.7,49.1,,run
2026-08-04T09:03:42+03:00,1785823422,15925,50,3,31.7,44.2,,run
2026-08-04T09:03:47+03:00,1785823427,15930,50,3,31.7,42.6,,run
2026-08-04T09:03:52+03:00,1785823432,15935,50,3,31.7,42.3,,run
2026-08-04T09:03:58+03:00,1785823438,15941,50,3,31.7,50.4,,run
2026-08-04T09:04:03+03:00,1785823443,15946,50,3,31.7,43.2,,run
2026-08-04T09:04:08+03:00,1785823448,15951,50,3,31.7,49.1,,run
2026-08-04T09:04:13+03:00,1785823453,15956,50,3,31.7,45.7,,run
2026-08-04T09:04:19+03:00,1785823459,15962,50,3,31.7,44.5,,run
2026-08-04T09:04:24+03:00,1785823464,15967,50,3,31.7,42.9,,run
2026-08-04T09:04:29+03:00,1785823469,15972,50,3,31.7,42.9,,run
2026-08-04T09:04:34+03:00,1785823474,15977,50,3,31.7,42.3,,run
2026-08-04T09:04:40+03:00,1785823480,15983,50,3,31.7,41.7,,run
2026-08-04T09:04:45+03:00,1785823485,15988,50,3,31.7,43.9,,run
2026-08-04T09:04:50+03:00,1785823490,15993,50,3,31.7,42.0,,run
2026-08-04T09:04:55+03:00,1785823495,15998,50,3,31.7,42.3,,run
2026-08-04T09:05:00+03:00,1785823500,16003,50,3,31.7,41.4,,run
2026-08-04T09:05:06+03:00,1785823506,16009,50,3,31.7,41.1,,run
2026-08-04T09:05:11+03:00,1785823511,16014,50,3,31.7,48.2,,run
2026-08-04T09:05:16+03:00,1785823516,16019,50,3,31.7,43.9,,run
2026-08-04T09:05:22+03:00,1785823522,16025,50,3,31.7,42.0,,run
2026-08-04T09:05:27+03:00,1785823527,16030,50,3,31.7,43.6,,run
2026-08-04T09:05:32+03:00,1785823532,16035,50,3,31.7,44.5,,run
2026-08-04T09:05:37+03:00,1785823537,16040,50,3,31.7,42.6,,run
2026-08-04T09:05:42+03:00,1785823542,16045,50,3,31.7,42.6,,run
2026-08-04T09:05:48+03:00,1785823548,16051,50,3,31.7,41.1,,run
2026-08-04T09:05:53+03:00,1785823553,16056,50,3,31.7,42.6,,run
2026-08-04T09:05:58+03:00,1785823558,16061,50,3,31.7,51.3,,run
2026-08-04T09:06:04+03:00,1785823564,16067,50,3,31.7,42.9,,run
2026-08-04T09:06:09+03:00,1785823569,16072,50,3,31.7,44.2,,run
2026-08-04T09:06:14+03:00,1785823574,16077,50,3,31.7,46.0,,run
2026-08-04T09:06:19+03:00,1785823579,16082,50,3,31.7,43.2,,run
2026-08-04T09:06:24+03:00,1785823584,16087,50,3,31.7,43.2,,run
2026-08-04T09:06:30+03:00,1785823590,16093,50,3,31.7,42.3,,run
2026-08-04T09:06:35+03:00,1785823595,16098,50,3,31.7,42.0,,run
2026-08-04T09:06:40+03:00,1785823600,16103,50,3,31.7,41.1,,run
2026-08-04T09:06:45+03:00,1785823605,16108,50,3,31.7,43.9,,run
2026-08-04T09:06:51+03:00,1785823611,16114,50,3,31.7,42.3,,run
2026-08-04T09:06:56+03:00,1785823616,16119,50,3,31.7,41.7,,run
2026-08-04T09:07:01+03:00,1785823621,16124,50,3,31.7,42.3,,run
2026-08-04T09:07:06+03:00,1785823626,16129,50,3,31.7,41.7,,run
2026-08-04T09:07:11+03:00,1785823631,16134,50,3,31.7,51.3,,run
2026-08-04T09:07:17+03:00,1785823637,16140,50,3,31.7,42.9,,run
2026-08-04T09:07:22+03:00,1785823642,16145,50,3,31.7,42.3,,run
2026-08-04T09:07:27+03:00,1785823647,16150,50,3,31.7,42.9,,run
2026-08-04T09:07:33+03:00,1785823653,16156,50,3,31.7,44.8,,run
2026-08-04T09:07:38+03:00,1785823658,16161,50,3,31.7,41.4,,run
2026-08-04T09:07:43+03:00,1785823663,16166,50,3,31.7,42.9,,run
2026-08-04T09:07:48+03:00,1785823668,16171,50,3,31.7,42.3,,run
2026-08-04T09:07:53+03:00,1785823673,16176,50,3,31.7,42.3,,run
2026-08-04T09:07:59+03:00,1785823679,16182,50,3,31.7,51.3,,run
2026-08-04T09:08:04+03:00,1785823684,16187,50,3,31.7,43.9,,run
2026-08-04T09:08:09+03:00,1785823689,16192,50,3,31.7,43.2,,run
2026-08-04T09:08:14+03:00,1785823694,16197,50,3,31.7,47.6,,run
2026-08-04T09:08:20+03:00,1785823700,16203,50,3,31.6,46.3,,run
2026-08-04T09:08:25+03:00,1785823705,16208,50,3,31.6,45.7,,run
2026-08-04T09:08:30+03:00,1785823710,16213,50,3,31.6,44.8,,run
2026-08-04T09:08:35+03:00,1785823715,16218,50,3,31.6,42.9,,run
2026-08-04T09:08:41+03:00,1785823721,16224,50,3,31.6,42.9,,run
2026-08-04T09:08:46+03:00,1785823726,16229,50,3,31.6,42.0,,run
2026-08-04T09:08:51+03:00,1785823731,16234,50,3,31.6,43.6,,run
2026-08-04T09:08:56+03:00,1785823736,16239,50,3,31.6,42.6,,run
2026-08-04T09:09:01+03:00,1785823741,16244,50,3,31.6,42.9,,run
2026-08-04T09:09:07+03:00,1785823747,16250,50,3,31.6,42.3,,run
2026-08-04T09:09:12+03:00,1785823752,16255,50,3,31.6,44.2,,run
2026-08-04T09:09:17+03:00,1785823757,16260,50,3,31.6,44.5,,run
2026-08-04T09:09:22+03:00,1785823762,16265,50,3,31.6,43.9,,run
2026-08-04T09:09:28+03:00,1785823768,16271,50,3,31.6,41.7,,run
2026-08-04T09:09:33+03:00,1785823773,16276,50,3,31.6,44.8,,run
2026-08-04T09:09:38+03:00,1785823778,16281,50,3,31.6,44.8,,run
2026-08-04T09:09:43+03:00,1785823783,16286,50,3,31.6,41.7,,run
2026-08-04T09:09:48+03:00,1785823788,16291,50,3,31.6,41.7,,run
2026-08-04T09:09:54+03:00,1785823794,16297,50,3,31.6,42.9,,run
2026-08-04T09:09:59+03:00,1785823799,16302,50,3,31.6,53.8,,run
2026-08-04T09:10:04+03:00,1785823804,16307,50,3,31.6,43.6,,run
2026-08-04T09:10:09+03:00,1785823809,16312,50,3,31.6,42.9,,run
2026-08-04T09:10:15+03:00,1785823815,16318,50,3,31.6,45.7,,run
2026-08-04T09:10:20+03:00,1785823820,16323,50,3,31.6,46.3,,run
2026-08-04T09:10:25+03:00,1785823825,16328,50,3,31.6,44.2,,run
2026-08-04T09:10:30+03:00,1785823830,16333,50,3,31.6,45.4,,run
2026-08-04T09:10:36+03:00,1785823836,16339,50,3,31.6,43.6,,run
2026-08-04T09:10:41+03:00,1785823841,16344,50,3,31.6,43.6,,run
2026-08-04T09:10:46+03:00,1785823846,16349,50,3,31.6,42.3,,run
2026-08-04T09:10:51+03:00,1785823851,16354,50,3,31.6,44.2,,run
2026-08-04T09:10:57+03:00,1785823857,16360,50,3,31.6,42.3,,run
2026-08-04T09:11:02+03:00,1785823862,16365,50,3,31.6,46.0,,run
2026-08-04T09:11:07+03:00,1785823867,16370,50,3,31.6,42.6,,run
2026-08-04T09:11:12+03:00,1785823872,16375,50,3,31.6,44.8,,run
2026-08-04T09:11:17+03:00,1785823877,16380,50,3,31.6,44.5,,run
2026-08-04T09:11:23+03:00,1785823883,16386,50,3,31.6,42.9,,run
2026-08-04T09:11:28+03:00,1785823888,16391,50,3,31.6,42.3,,run
2026-08-04T09:11:33+03:00,1785823893,16396,50,3,31.6,42.3,,run
2026-08-04T09:11:38+03:00,1785823898,16401,50,3,31.6,51.0,,run
2026-08-04T09:11:44+03:00,1785823904,16407,50,3,31.6,46.0,,run
2026-08-04T09:11:49+03:00,1785823909,16412,50,3,31.6,43.9,,run
2026-08-04T09:11:54+03:00,1785823914,16417,50,3,31.6,42.6,,run
2026-08-04T09:12:00+03:00,1785823920,16423,50,3,31.6,44.8,,run
2026-08-04T09:12:05+03:00,1785823925,16428,50,3,31.6,43.6,,run
2026-08-04T09:12:10+03:00,1785823930,16433,50,3,31.6,43.2,,run
2026-08-04T09:12:15+03:00,1785823935,16438,50,3,31.6,42.6,,run
2026-08-04T09:12:21+03:00,1785823941,16444,50,3,31.6,46.7,,run
2026-08-04T09:12:26+03:00,1785823946,16449,49,3,31.8,45.7,,run
2026-08-04T09:12:31+03:00,1785823951,16454,49,3,31.8,43.9,,run
2026-08-04T09:12:36+03:00,1785823956,16459,49,3,31.8,42.9,,run
2026-08-04T09:12:41+03:00,1785823961,16464,49,3,31.8,42.9,,run
2026-08-04T09:12:47+03:00,1785823967,16470,49,3,31.8,42.0,,run
2026-08-04T09:12:52+03:00,1785823972,16475,49,3,31.8,43.9,,run
2026-08-04T09:12:57+03:00,1785823977,16480,49,3,31.8,53.5,,run
2026-08-04T09:13:03+03:00,1785823983,16486,49,3,31.8,45.1,,run
2026-08-04T09:13:08+03:00,1785823988,16491,49,3,31.8,43.6,,run
2026-08-04T09:13:13+03:00,1785823993,16496,49,3,31.8,41.1,,run
2026-08-04T09:13:18+03:00,1785823998,16501,49,3,31.8,42.0,,run
2026-08-04T09:13:24+03:00,1785824004,16507,49,3,31.8,40.8,,run
2026-08-04T09:13:29+03:00,1785824009,16512,49,3,31.8,42.3,,run
2026-08-04T09:13:34+03:00,1785824014,16517,49,3,31.8,42.9,,run
2026-08-04T09:13:39+03:00,1785824019,16522,49,3,31.8,46.3,,run
2026-08-04T09:13:45+03:00,1785824025,16528,49,3,31.8,48.8,,run
2026-08-04T09:13:50+03:00,1785824030,16533,49,3,31.8,46.0,,run
2026-08-04T09:13:55+03:00,1785824035,16538,49,3,31.8,43.6,,run
2026-08-04T09:14:00+03:00,1785824040,16543,49,3,31.8,42.0,,run
2026-08-04T09:14:06+03:00,1785824046,16549,49,3,31.8,42.6,,run
2026-08-04T09:14:11+03:00,1785824051,16554,49,3,31.8,45.4,,run
2026-08-04T09:14:16+03:00,1785824056,16559,49,3,31.8,42.9,,run
2026-08-04T09:14:21+03:00,1785824061,16564,49,3,31.8,42.9,,run
2026-08-04T09:14:27+03:00,1785824067,16570,49,3,31.8,42.3,,run
2026-08-04T09:14:32+03:00,1785824072,16575,49,3,31.8,46.0,,run
2026-08-04T09:14:37+03:00,1785824077,16580,49,3,31.8,43.6,,run
2026-08-04T09:14:42+03:00,1785824082,16585,49,3,31.8,44.5,,run
2026-08-04T09:14:47+03:00,1785824087,16590,49,3,31.8,42.9,,run
2026-08-04T09:14:53+03:00,1785824093,16596,49,3,31.8,42.9,,run
2026-08-04T09:14:58+03:00,1785824098,16601,49,3,31.8,52.2,,run
2026-08-04T09:15:04+03:00,1785824104,16607,49,3,31.8,42.6,,run
2026-08-04T09:15:09+03:00,1785824109,16612,49,3,31.8,42.3,,run
2026-08-04T09:15:14+03:00,1785824114,16617,49,3,31.8,42.3,,run
2026-08-04T09:15:19+03:00,1785824119,16622,49,3,31.8,40.8,,run
2026-08-04T09:15:24+03:00,1785824124,16627,49,3,31.8,41.4,,run
2026-08-04T09:15:30+03:00,1785824130,16633,49,3,31.8,41.1,,run
2026-08-04T09:15:35+03:00,1785824135,16638,49,3,31.8,43.2,,run
2026-08-04T09:15:40+03:00,1785824140,16643,49,3,31.8,43.9,,run
2026-08-04T09:15:45+03:00,1785824145,16648,49,3,31.8,45.7,,run
2026-08-04T09:15:51+03:00,1785824151,16654,49,3,31.8,49.4,,run
2026-08-04T09:15:56+03:00,1785824156,16659,49,3,31.8,43.9,,run
2026-08-04T09:16:01+03:00,1785824161,16664,49,3,31.8,42.6,,run
2026-08-04T09:16:06+03:00,1785824166,16669,49,3,31.8,41.7,,run
2026-08-04T09:16:12+03:00,1785824172,16675,49,3,31.8,44.5,,run
2026-08-04T09:16:17+03:00,1785824177,16680,49,3,31.8,43.2,,run
2026-08-04T09:16:22+03:00,1785824182,16685,49,3,31.8,42.6,,run
2026-08-04T09:16:27+03:00,1785824187,16690,49,3,31.8,41.7,,run
2026-08-04T09:16:32+03:00,1785824192,16695,49,3,31.8,46.0,,run
2026-08-04T09:16:38+03:00,1785824198,16701,49,3,31.8,44.5,,run
2026-08-04T09:16:43+03:00,1785824203,16706,49,3,31.8,43.9,,run
2026-08-04T09:16:48+03:00,1785824208,16711,49,3,31.8,43.9,,run
2026-08-04T09:16:53+03:00,1785824213,16716,49,3,31.8,42.0,,run
2026-08-04T09:16:59+03:00,1785824219,16722,49,3,31.8,52.2,,run
2026-08-04T09:17:04+03:00,1785824224,16727,49,3,31.8,42.6,,run
2026-08-04T09:17:09+03:00,1785824229,16732,49,3,31.8,41.4,,end
