iso_ts,epoch,elapsed_s,batt_level,batt_status,batt_temp_c,soc_temp_c,current_ma,event
2026-07-31T06:00:49+03:00,1785466849,0,80,3,26.2,46.0,,run
2026-07-31T06:00:54+03:00,1785466854,5,80,3,26.2,37.4,,run
2026-07-31T06:01:00+03:00,1785466860,11,80,3,26.2,34.3,,run
2026-07-31T06:01:05+03:00,1785466865,16,80,3,26.2,35.2,,run
2026-07-31T06:01:11+03:00,1785466871,22,80,3,26.2,36.4,,run
2026-07-31T06:01:16+03:00,1785466876,27,80,3,26.2,35.5,,run
2026-07-31T06:01:21+03:00,1785466881,32,80,3,26.2,33.0,,run
2026-07-31T06:01:27+03:00,1785466887,38,80,3,26.2,35.2,,run
2026-07-31T06:01:32+03:00,1785466892,43,80,3,26.2,42.0,,run
2026-07-31T06:01:38+03:00,1785466898,49,80,3,26.2,33.0,,run
2026-07-31T06:01:43+03:00,1785466903,54,80,3,26.2,32.7,,run
2026-07-31T06:01:49+03:00,1785466909,60,80,3,26.2,32.4,,run
2026-07-31T06:01:54+03:00,1785466914,65,80,3,26.2,36.4,,run
2026-07-31T06:02:00+03:00,1785466920,71,80,3,26.2,37.1,,run
2026-07-31T06:02:05+03:00,1785466925,76,80,3,26.2,36.8,,run
2026-07-31T06:02:10+03:00,1785466930,81,80,3,26.2,36.1,,run
2026-07-31T06:02:16+03:00,1785466936,87,80,3,26.2,32.7,,run
2026-07-31T06:02:21+03:00,1785466941,92,80,3,26.2,33.0,,run
2026-07-31T06:02:27+03:00,1785466947,98,80,3,26.2,32.1,,run
2026-07-31T06:02:33+03:00,1785466952,103,80,3,26.2,32.1,,run
2026-07-31T06:02:38+03:00,1785466958,109,80,3,26.2,32.4,,run
2026-07-31T06:02:44+03:00,1785466964,115,80,3,26.2,32.7,,run
2026-07-31T06:02:49+03:00,1785466969,120,80,3,26.2,46.7,,run
2026-07-31T06:02:55+03:00,1785466975,126,80,3,26.2,34.3,,run
2026-07-31T06:03:00+03:00,1785466980,131,80,3,26.2,33.4,,run
2026-07-31T06:03:06+03:00,1785466986,137,80,3,26.2,33.0,,run
2026-07-31T06:03:11+03:00,1785466991,142,80,3,26.2,31.2,,run
2026-07-31T06:03:17+03:00,1785466997,148,80,3,26.2,31.5,,run
2026-07-31T06:03:23+03:00,1785467003,154,80,3,26.2,31.5,,run
2026-07-31T06:03:28+03:00,1785467008,159,80,3,26.2,33.4,,run
2026-07-31T06:03:34+03:00,1785467014,165,80,3,26.2,35.2,,run
2026-07-31T06:03:39+03:00,1785467019,170,80,3,26.2,45.4,,run
2026-07-31T06:03:45+03:00,1785467025,176,80,3,26.2,35.5,,run
2026-07-31T06:03:50+03:00,1785467030,181,80,3,26.2,34.6,,run
2026-07-31T06:03:55+03:00,1785467035,186,80,3,26.2,32.7,,run
2026-07-31T06:04:01+03:00,1785467041,192,80,3,26.2,32.7,,run
2026-07-31T06:04:07+03:00,1785467047,198,80,3,26.2,32.4,,run
2026-07-31T06:04:12+03:00,1785467052,203,80,3,26.2,32.1,,run
2026-07-31T06:04:18+03:00,1785467058,209,80,3,26.2,32.1,,run
2026-07-31T06:04:23+03:00,1785467063,214,80,3,26.2,33.0,,run
2026-07-31T06:04:29+03:00,1785467069,220,80,3,26.2,34.3,,run
2026-07-31T06:04:34+03:00,1785467074,225,80,3,26.2,34.6,,run
2026-07-31T06:04:39+03:00,1785467079,230,80,3,26.2,36.4,,run
2026-07-31T06:04:45+03:00,1785467085,236,80,3,26.2,35.8,,run
2026-07-31T06:04:50+03:00,1785467090,241,80,3,26.2,35.5,,run
2026-07-31T06:04:55+03:00,1785467095,246,80,3,26.2,45.1,,run
2026-07-31T06:05:01+03:00,1785467101,252,80,3,26.2,36.1,,run
2026-07-31T06:05:06+03:00,1785467106,257,80,3,26.2,33.4,,run
2026-07-31T06:05:12+03:00,1785467112,263,80,3,26.2,32.1,,run
2026-07-31T06:05:18+03:00,1785467118,269,80,3,26.2,31.2,,run
2026-07-31T06:05:23+03:00,1785467123,274,80,3,26.2,31.5,,run
2026-07-31T06:05:29+03:00,1785467129,280,80,3,26.2,31.2,,run
2026-07-31T06:05:34+03:00,1785467134,285,80,3,26.2,32.7,,run
2026-07-31T06:05:40+03:00,1785467140,291,80,3,26.2,33.4,,run
2026-07-31T06:05:45+03:00,1785467145,296,80,3,26.2,47.0,,run
2026-07-31T06:05:51+03:00,1785467151,302,80,3,26.2,35.8,,run
2026-07-31T06:05:56+03:00,1785467156,307,80,3,26.2,36.8,,run
2026-07-31T06:06:01+03:00,1785467161,312,80,3,26.2,35.8,,run
2026-07-31T06:06:07+03:00,1785467167,318,80,3,26.2,35.8,,run
2026-07-31T06:06:12+03:00,1785467172,323,80,3,26.2,33.0,,run
2026-07-31T06:06:17+03:00,1785467177,328,80,3,26.2,33.0,,run
2026-07-31T06:06:23+03:00,1785467183,334,80,3,26.2,32.1,,run
2026-07-31T06:06:28+03:00,1785467188,339,80,3,26.2,31.5,,run
2026-07-31T06:06:34+03:00,1785467194,345,80,3,26.2,31.5,,run
2026-07-31T06:06:40+03:00,1785467200,351,80,3,26.2,31.8,,run
2026-07-31T06:06:45+03:00,1785467205,356,80,3,26.2,33.7,,run
2026-07-31T06:06:51+03:00,1785467211,362,80,3,26.2,34.0,,run
2026-07-31T06:06:56+03:00,1785467216,367,80,3,26.2,34.9,,run
2026-07-31T06:07:01+03:00,1785467221,372,80,3,26.2,39.8,,run
2026-07-31T06:07:07+03:00,1785467227,378,80,3,26.2,37.4,,run
2026-07-31T06:07:12+03:00,1785467232,383,80,3,26.2,37.4,,run
2026-07-31T06:07:17+03:00,1785467237,388,80,3,26.2,34.0,,run
2026-07-31T06:07:23+03:00,1785467243,394,80,3,26.2,32.1,,run
2026-07-31T06:07:28+03:00,1785467248,399,80,3,26.2,31.8,,run
2026-07-31T06:07:34+03:00,1785467254,405,80,3,26.2,31.8,,run
2026-07-31T06:07:39+03:00,1785467259,410,80,3,26.2,31.2,,run
2026-07-31T06:07:45+03:00,1785467265,416,80,3,26.2,31.2,,run
2026-07-31T06:07:51+03:00,1785467271,422,80,3,26.2,44.8,,run
2026-07-31T06:07:56+03:00,1785467276,427,80,3,26.2,37.7,,run
2026-07-31T06:08:02+03:00,1785467282,433,80,3,26.2,35.5,,run
2026-07-31T06:08:07+03:00,1785467287,438,80,3,26.2,36.4,,run
2026-07-31T06:08:12+03:00,1785467292,443,80,3,26.2,36.4,,run
2026-07-31T06:08:18+03:00,1785467298,449,80,3,26.2,34.3,,run
2026-07-31T06:08:23+03:00,1785467303,454,80,3,26.2,32.7,,run
2026-07-31T06:08:29+03:00,1785467309,460,80,3,26.2,32.7,,run
2026-07-31T06:08:34+03:00,1785467314,465,80,3,26.2,31.8,,run
2026-07-31T06:08:40+03:00,1785467320,471,80,3,26.2,31.5,,run
2026-07-31T06:08:45+03:00,1785467325,476,80,3,26.2,32.1,,run
2026-07-31T06:08:51+03:00,1785467331,482,80,3,26.2,31.5,,run
2026-07-31T06:08:56+03:00,1785467336,487,80,3,26.2,34.0,,run
2026-07-31T06:09:02+03:00,1785467342,493,80,3,26.2,35.8,,run
2026-07-31T06:09:07+03:00,1785467347,498,80,3,26.2,43.2,,run
2026-07-31T06:09:12+03:00,1785467352,503,80,3,26.2,43.2,,run
2026-07-31T06:09:18+03:00,1785467358,509,80,3,26.2,40.5,,run
2026-07-31T06:09:23+03:00,1785467363,514,80,3,26.2,36.1,,run
2026-07-31T06:09:28+03:00,1785467368,519,80,3,26.2,35.2,,run
2026-07-31T06:09:34+03:00,1785467374,525,80,3,26.2,31.8,,run
2026-07-31T06:09:39+03:00,1785467379,530,80,3,26.2,32.4,,run
2026-07-31T06:09:45+03:00,1785467385,536,80,3,26.2,31.5,,run
2026-07-31T06:09:50+03:00,1785467390,541,80,3,26.2,31.5,,run
2026-07-31T06:09:56+03:00,1785467396,547,80,3,26.2,37.1,,run
2026-07-31T06:10:02+03:00,1785467402,553,80,3,26.2,40.2,,run
2026-07-31T06:10:07+03:00,1785467407,558,80,3,26.2,35.5,,run
2026-07-31T06:10:12+03:00,1785467412,563,80,3,26.2,36.1,,run
2026-07-31T06:10:18+03:00,1785467418,569,80,3,26.2,37.4,,run
2026-07-31T06:10:23+03:00,1785467423,574,80,3,26.2,39.8,,run
2026-07-31T06:10:29+03:00,1785467429,580,80,3,26.2,37.7,,run
2026-07-31T06:10:34+03:00,1785467434,585,80,3,26.2,37.4,,run
2026-07-31T06:10:39+03:00,1785467439,590,80,3,26.2,39.8,,run
2026-07-31T06:10:45+03:00,1785467445,596,80,3,26.2,36.4,,run
2026-07-31T06:10:50+03:00,1785467450,601,80,3,26.5,33.7,,run
2026-07-31T06:10:56+03:00,1785467456,607,80,3,26.5,33.0,,run
2026-07-31T06:11:01+03:00,1785467461,612,80,3,26.5,35.5,,run
2026-07-31T06:11:06+03:00,1785467466,617,80,3,26.5,36.4,,run
2026-07-31T06:11:12+03:00,1785467472,623,80,3,26.5,37.1,,run
2026-07-31T06:11:17+03:00,1785467477,628,80,3,26.5,46.3,,run
2026-07-31T06:11:23+03:00,1785467483,634,80,3,26.5,34.0,,run
2026-07-31T06:11:28+03:00,1785467488,639,80,3,26.5,33.4,,run
2026-07-31T06:11:34+03:00,1785467494,645,80,3,26.5,32.4,,run
2026-07-31T06:11:39+03:00,1785467499,650,80,3,26.5,34.3,,run
2026-07-31T06:11:45+03:00,1785467505,656,80,3,26.5,34.9,,run
2026-07-31T06:11:50+03:00,1785467510,661,80,3,26.5,35.8,,run
2026-07-31T06:11:56+03:00,1785467516,667,80,3,26.5,34.3,,run
2026-07-31T06:12:01+03:00,1785467521,672,80,3,26.5,34.6,,run
2026-07-31T06:12:07+03:00,1785467527,678,80,3,26.5,45.1,,run
2026-07-31T06:12:12+03:00,1785467532,683,80,3,26.5,34.9,,run
2026-07-31T06:12:17+03:00,1785467537,688,80,3,26.5,33.0,,run
2026-07-31T06:12:23+03:00,1785467543,694,80,3,26.5,33.0,,run
2026-07-31T06:12:29+03:00,1785467549,700,80,3,26.5,33.0,,run
2026-07-31T06:12:34+03:00,1785467554,705,80,3,26.5,34.0,,run
2026-07-31T06:12:40+03:00,1785467560,711,80,3,26.5,34.0,,run
2026-07-31T06:12:45+03:00,1785467565,716,80,3,26.5,35.5,,run
2026-07-31T06:12:50+03:00,1785467570,721,80,3,26.5,36.1,,run
2026-07-31T06:12:56+03:00,1785467576,727,80,3,26.5,35.5,,run
2026-07-31T06:13:01+03:00,1785467581,732,80,3,26.5,32.4,,run
2026-07-31T06:13:07+03:00,1785467587,738,80,3,26.5,33.4,,run
2026-07-31T06:13:12+03:00,1785467592,743,80,3,26.5,32.4,,run
2026-07-31T06:13:18+03:00,1785467598,749,80,3,26.5,31.8,,run
2026-07-31T06:13:23+03:00,1785467603,754,80,3,26.5,45.7,,run
2026-07-31T06:13:29+03:00,1785467609,760,80,3,26.5,33.4,,run
2026-07-31T06:13:34+03:00,1785467614,765,80,3,26.5,34.6,,run
2026-07-31T06:13:40+03:00,1785467620,771,80,3,26.5,33.0,,run
2026-07-31T06:13:45+03:00,1785467625,776,80,3,26.5,34.0,,run
2026-07-31T06:13:51+03:00,1785467631,782,80,3,26.5,35.2,,run
2026-07-31T06:13:56+03:00,1785467636,787,80,3,26.5,36.1,,run
2026-07-31T06:14:01+03:00,1785467641,792,80,3,26.5,32.4,,run
2026-07-31T06:14:07+03:00,1785467647,798,80,3,26.5,33.7,,run
2026-07-31T06:14:12+03:00,1785467652,803,80,3,26.5,46.0,,run
2026-07-31T06:14:18+03:00,1785467658,809,80,3,26.5,33.7,,run
2026-07-31T06:14:23+03:00,1785467663,814,80,3,26.5,32.7,,run
2026-07-31T06:14:29+03:00,1785467669,820,80,3,26.5,32.4,,run
2026-07-31T06:14:34+03:00,1785467674,825,80,3,26.5,31.5,,run
2026-07-31T06:14:40+03:00,1785467680,831,80,3,26.5,33.7,,run
2026-07-31T06:14:45+03:00,1785467685,836,80,3,26.5,34.3,,run
2026-07-31T06:14:51+03:00,1785467691,842,80,3,26.5,35.5,,run
2026-07-31T06:14:56+03:00,1785467696,847,80,3,26.5,35.8,,run
2026-07-31T06:15:01+03:00,1785467701,852,80,3,26.5,34.9,,run
2026-07-31T06:15:07+03:00,1785467707,858,80,3,26.5,34.3,,run
2026-07-31T06:15:12+03:00,1785467712,863,80,3,26.5,35.2,,run
2026-07-31T06:15:18+03:00,1785467718,869,80,3,26.5,32.1,,run
2026-07-31T06:15:23+03:00,1785467723,874,80,3,26.5,31.5,,run
2026-07-31T06:15:29+03:00,1785467729,880,80,3,26.5,45.1,,run
2026-07-31T06:15:34+03:00,1785467734,885,80,3,26.5,33.4,,run
2026-07-31T06:15:40+03:00,1785467740,891,80,3,26.5,32.4,,run
2026-07-31T06:15:45+03:00,1785467745,896,80,3,26.5,32.4,,run
2026-07-31T06:15:51+03:00,1785467751,902,80,3,26.5,33.0,,run
2026-07-31T06:15:56+03:00,1785467756,907,80,3,26.5,34.6,,run
2026-07-31T06:16:02+03:00,1785467762,913,80,3,26.5,34.9,,run
2026-07-31T06:16:07+03:00,1785467767,918,80,3,26.5,34.0,,run
2026-07-31T06:16:12+03:00,1785467772,923,80,3,26.5,33.7,,run
2026-07-31T06:16:18+03:00,1785467778,929,80,3,26.5,45.4,,run
2026-07-31T06:16:23+03:00,1785467783,934,80,3,26.5,36.8,,run
2026-07-31T06:16:29+03:00,1785467789,940,80,3,26.5,36.1,,run
2026-07-31T06:16:34+03:00,1785467794,945,80,3,26.5,34.0,,run
2026-07-31T06:16:39+03:00,1785467799,950,80,3,26.5,32.4,,run
2026-07-31T06:16:45+03:00,1785467805,956,80,3,26.5,32.1,,run
2026-07-31T06:16:50+03:00,1785467810,961,80,3,26.5,32.4,,run
2026-07-31T06:16:56+03:00,1785467816,967,80,3,26.5,33.0,,run
2026-07-31T06:17:02+03:00,1785467822,973,80,3,26.5,32.1,,run
2026-07-31T06:17:07+03:00,1785467827,978,80,3,26.5,31.5,,run
2026-07-31T06:17:13+03:00,1785467833,984,80,3,26.5,34.0,,run
2026-07-31T06:17:18+03:00,1785467838,989,80,3,26.5,34.6,,run
2026-07-31T06:17:23+03:00,1785467843,994,80,3,26.5,35.8,,run
2026-07-31T06:17:29+03:00,1785467849,1000,80,3,26.5,35.2,,run
2026-07-31T06:17:34+03:00,1785467854,1005,80,3,26.5,42.9,,run
2026-07-31T06:17:40+03:00,1785467860,1011,80,3,26.2,38.0,,run
2026-07-31T06:17:45+03:00,1785467865,1016,80,3,26.2,34.6,,run
2026-07-31T06:17:51+03:00,1785467871,1022,80,3,26.2,33.4,,run
2026-07-31T06:17:56+03:00,1785467876,1027,79,3,26.1,32.1,,run
2026-07-31T06:18:02+03:00,1785467882,1033,79,3,26.1,31.5,,run
2026-07-31T06:18:07+03:00,1785467887,1038,79,3,26.1,32.4,,run
2026-07-31T06:18:13+03:00,1785467893,1044,79,3,26.1,30.9,,run
2026-07-31T06:18:18+03:00,1785467898,1049,79,3,26.1,31.8,,run
2026-07-31T06:18:24+03:00,1785467904,1055,79,3,26.1,33.0,,run
2026-07-31T06:18:29+03:00,1785467909,1060,79,3,26.1,44.8,,run
2026-07-31T06:18:35+03:00,1785467915,1066,79,3,26.1,35.2,,run
2026-07-31T06:18:40+03:00,1785467920,1071,79,3,26.1,35.5,,run
2026-07-31T06:18:45+03:00,1785467925,1076,79,3,26.1,36.8,,run
2026-07-31T06:18:51+03:00,1785467931,1082,79,3,26.1,36.1,,run
2026-07-31T06:18:56+03:00,1785467936,1087,79,3,26.1,34.6,,run
2026-07-31T06:19:02+03:00,1785467942,1093,79,3,26.1,32.4,,run
2026-07-31T06:19:07+03:00,1785467947,1098,79,3,26.1,32.1,,run
2026-07-31T06:19:13+03:00,1785467953,1104,79,3,26.1,31.8,,run
2026-07-31T06:19:18+03:00,1785467958,1109,79,3,26.1,34.9,,run
2026-07-31T06:19:24+03:00,1785467964,1115,79,3,26.1,31.2,,run
2026-07-31T06:19:29+03:00,1785467969,1120,79,3,26.1,31.5,,run
2026-07-31T06:19:35+03:00,1785467975,1126,79,3,26.1,33.7,,run
2026-07-31T06:19:40+03:00,1785467980,1131,79,3,25.7,34.0,,run
2026-07-31T06:19:46+03:00,1785467986,1137,79,3,25.7,36.8,,run
2026-07-31T06:19:51+03:00,1785467991,1142,79,3,25.7,38.9,,run
2026-07-31T06:19:56+03:00,1785467996,1147,79,3,25.7,37.7,,run
2026-07-31T06:20:02+03:00,1785468002,1153,79,3,25.7,35.5,,run
2026-07-31T06:20:07+03:00,1785468007,1158,79,3,25.7,33.4,,run
2026-07-31T06:20:13+03:00,1785468013,1164,79,3,25.7,33.4,,run
2026-07-31T06:20:18+03:00,1785468018,1169,79,3,25.7,31.8,,run
2026-07-31T06:20:24+03:00,1785468024,1175,79,3,25.7,30.6,,run
2026-07-31T06:20:29+03:00,1785468029,1180,79,3,25.7,30.6,,run
2026-07-31T06:20:35+03:00,1785468035,1186,79,3,25.7,30.6,,run
2026-07-31T06:20:40+03:00,1785468040,1191,79,3,25.7,45.7,,run
2026-07-31T06:20:46+03:00,1785468046,1197,79,3,25.7,32.7,,run
2026-07-31T06:20:51+03:00,1785468051,1202,79,3,25.3,31.8,,run
2026-07-31T06:20:57+03:00,1785468057,1208,79,3,25.3,31.2,,run
2026-07-31T06:21:02+03:00,1785468062,1213,79,3,25.3,33.4,,run
2026-07-31T06:21:08+03:00,1785468068,1219,79,3,25.3,34.9,,run
2026-07-31T06:21:13+03:00,1785468073,1224,79,3,25.3,34.9,,run
2026-07-31T06:21:18+03:00,1785468078,1229,79,3,25.3,31.8,,run
2026-07-31T06:21:24+03:00,1785468084,1235,79,3,25.3,30.9,,run
2026-07-31T06:21:29+03:00,1785468089,1240,79,3,25.3,30.9,,run
2026-07-31T06:21:35+03:00,1785468095,1246,79,3,25.3,31.2,,run
2026-07-31T06:21:41+03:00,1785468101,1252,79,3,25.3,30.6,,run
2026-07-31T06:21:46+03:00,1785468106,1257,79,3,25.3,32.7,,run
2026-07-31T06:21:52+03:00,1785468112,1263,79,3,25.3,33.4,,run
2026-07-31T06:21:57+03:00,1785468117,1268,79,3,25.3,41.4,,run
2026-07-31T06:22:03+03:00,1785468123,1274,79,3,25.3,35.2,,run
2026-07-31T06:22:08+03:00,1785468128,1279,79,3,25.3,36.8,,run
2026-07-31T06:22:14+03:00,1785468134,1285,79,3,25.3,32.7,,run
2026-07-31T06:22:19+03:00,1785468139,1290,79,3,25.3,30.6,,run
2026-07-31T06:22:25+03:00,1785468145,1296,79,3,25.3,30.9,,run
2026-07-31T06:22:30+03:00,1785468150,1301,79,3,25.3,30.6,,run
2026-07-31T06:22:36+03:00,1785468156,1307,79,3,25.3,30.6,,run
2026-07-31T06:22:41+03:00,1785468161,1312,79,3,25.3,29.9,,run
2026-07-31T06:22:47+03:00,1785468167,1318,79,3,25.3,32.1,,run
2026-07-31T06:22:52+03:00,1785468172,1323,79,3,25.3,40.5,,run
2026-07-31T06:22:58+03:00,1785468178,1329,79,3,25.3,34.9,,run
2026-07-31T06:23:03+03:00,1785468183,1334,79,3,25.3,34.0,,run
2026-07-31T06:23:09+03:00,1785468189,1340,79,3,25.3,34.0,,run
2026-07-31T06:23:14+03:00,1785468194,1345,79,3,25.3,35.8,,run
2026-07-31T06:23:19+03:00,1785468199,1350,79,3,25.3,34.6,,run
2026-07-31T06:23:25+03:00,1785468205,1356,79,3,25.3,32.1,,run
2026-07-31T06:23:30+03:00,1785468210,1361,79,3,25.3,31.5,,run
2026-07-31T06:23:36+03:00,1785468216,1367,79,3,25.3,31.2,,run
2026-07-31T06:23:41+03:00,1785468221,1372,79,3,25.3,31.5,,run
2026-07-31T06:23:47+03:00,1785468227,1378,79,3,25.3,30.9,,run
2026-07-31T06:23:52+03:00,1785468232,1383,79,3,25.3,30.6,,run
2026-07-31T06:23:58+03:00,1785468238,1389,79,3,25.3,32.4,,run
2026-07-31T06:24:03+03:00,1785468243,1394,79,3,25.3,33.0,,run
2026-07-31T06:24:09+03:00,1785468249,1400,79,3,25.3,42.3,,run
2026-07-31T06:24:14+03:00,1785468254,1405,79,3,25.3,35.2,,run
2026-07-31T06:24:20+03:00,1785468260,1411,79,3,25.3,37.1,,run
2026-07-31T06:24:25+03:00,1785468265,1416,79,3,25.3,34.9,,run
2026-07-31T06:24:31+03:00,1785468271,1422,79,3,25.3,32.1,,run
2026-07-31T06:24:36+03:00,1785468276,1427,79,3,25.3,30.6,,run
2026-07-31T06:24:42+03:00,1785468282,1433,79,3,25.3,30.6,,run
2026-07-31T06:24:47+03:00,1785468287,1438,79,3,25.3,30.3,,run
2026-07-31T06:24:53+03:00,1785468293,1444,79,3,25.3,29.9,,run
2026-07-31T06:24:58+03:00,1785468298,1449,79,3,25.3,41.7,,run
2026-07-31T06:25:04+03:00,1785468304,1455,79,3,25.3,33.0,,run
2026-07-31T06:25:09+03:00,1785468309,1460,79,3,25.3,32.1,,run
2026-07-31T06:25:15+03:00,1785468315,1466,79,3,25.3,33.7,,run
2026-07-31T06:25:20+03:00,1785468320,1471,79,3,25.3,34.3,,run
2026-07-31T06:25:26+03:00,1785468326,1477,79,3,25.3,34.6,,run
2026-07-31T06:25:31+03:00,1785468331,1482,79,3,25.3,35.5,,run
2026-07-31T06:25:36+03:00,1785468336,1487,79,3,25.3,32.7,,run
2026-07-31T06:25:42+03:00,1785468342,1493,79,3,25.3,30.9,,run
2026-07-31T06:25:47+03:00,1785468347,1498,79,3,25.3,31.5,,run
2026-07-31T06:25:53+03:00,1785468353,1504,79,3,25.3,30.9,,run
2026-07-31T06:25:58+03:00,1785468358,1509,79,3,25.3,30.9,,run
2026-07-31T06:26:04+03:00,1785468364,1515,79,3,25.3,32.1,,run
2026-07-31T06:26:10+03:00,1785468370,1521,79,3,25.3,32.4,,run
2026-07-31T06:26:15+03:00,1785468375,1526,79,3,25.3,37.4,,run
2026-07-31T06:26:20+03:00,1785468380,1531,79,3,25.3,44.5,,run
2026-07-31T06:26:26+03:00,1785468386,1537,79,3,25.3,39.2,,run
2026-07-31T06:26:31+03:00,1785468391,1542,79,3,25.3,34.6,,run
2026-07-31T06:26:37+03:00,1785468397,1548,79,3,25.3,33.7,,run
2026-07-31T06:26:42+03:00,1785468402,1553,79,3,25.3,31.8,,run
2026-07-31T06:26:48+03:00,1785468408,1559,79,3,25.3,31.2,,run
2026-07-31T06:26:53+03:00,1785468413,1564,79,3,25.3,30.9,,run
2026-07-31T06:26:59+03:00,1785468419,1570,79,3,25.3,30.3,,run
2026-07-31T06:27:04+03:00,1785468424,1575,79,3,25.3,42.3,,run
2026-07-31T06:27:10+03:00,1785468430,1581,79,3,25.3,34.0,,run
2026-07-31T06:27:15+03:00,1785468435,1586,79,3,25.3,32.4,,run
2026-07-31T06:27:21+03:00,1785468441,1592,79,3,25.3,31.5,,run
2026-07-31T06:27:26+03:00,1785468446,1597,79,3,25.3,32.7,,run
2026-07-31T06:27:32+03:00,1785468452,1603,79,3,25.3,33.7,,run
2026-07-31T06:27:37+03:00,1785468457,1608,79,3,25.3,35.5,,run
2026-07-31T06:27:42+03:00,1785468462,1613,79,3,25.3,35.2,,run
2026-07-31T06:27:48+03:00,1785468468,1619,79,3,25.3,32.1,,run
2026-07-31T06:27:53+03:00,1785468473,1624,79,3,25.3,31.5,,run
2026-07-31T06:27:59+03:00,1785468479,1630,79,3,25.3,31.5,,run
2026-07-31T06:28:04+03:00,1785468484,1635,79,3,25.3,31.2,,run
2026-07-31T06:28:10+03:00,1785468490,1641,79,3,25.3,32.1,,run
2026-07-31T06:28:15+03:00,1785468495,1646,79,3,25.3,30.9,,run
2026-07-31T06:28:21+03:00,1785468501,1652,79,3,25.3,38.0,,run
2026-07-31T06:28:26+03:00,1785468506,1657,79,3,25.3,47.3,,run
2026-07-31T06:28:32+03:00,1785468512,1663,79,3,25.3,38.9,,run
2026-07-31T06:28:37+03:00,1785468517,1668,79,3,25.3,36.1,,run
2026-07-31T06:28:43+03:00,1785468523,1674,79,3,25.3,35.5,,run
2026-07-31T06:28:48+03:00,1785468528,1679,79,3,25.3,33.7,,run
2026-07-31T06:28:53+03:00,1785468533,1684,79,3,25.3,31.8,,run
2026-07-31T06:28:59+03:00,1785468539,1690,79,3,25.3,31.2,,run
2026-07-31T06:29:05+03:00,1785468545,1696,79,3,25.3,30.9,,run
2026-07-31T06:29:10+03:00,1785468550,1701,79,3,25.3,33.4,,run
2026-07-31T06:29:16+03:00,1785468556,1707,79,3,25.3,40.5,,run
2026-07-31T06:29:21+03:00,1785468561,1712,79,3,25.3,36.1,,run
2026-07-31T06:29:26+03:00,1785468566,1717,79,3,25.3,34.6,,run
2026-07-31T06:29:32+03:00,1785468572,1723,79,3,25.3,32.4,,run
2026-07-31T06:29:37+03:00,1785468577,1728,79,3,25.3,32.7,,run
2026-07-31T06:29:43+03:00,1785468583,1734,78,3,26.0,34.0,,run
2026-07-31T06:29:48+03:00,1785468588,1739,78,3,26.0,36.8,,run
2026-07-31T06:29:54+03:00,1785468594,1745,78,3,26.0,35.2,,run
2026-07-31T06:29:59+03:00,1785468599,1750,78,3,26.0,36.8,,run
2026-07-31T06:30:04+03:00,1785468604,1755,78,3,26.0,37.4,,run
2026-07-31T06:30:10+03:00,1785468610,1761,78,3,26.0,35.5,,run
2026-07-31T06:30:15+03:00,1785468615,1766,78,3,26.0,35.2,,run
2026-07-31T06:30:21+03:00,1785468621,1772,78,3,26.0,35.5,,run
2026-07-31T06:30:26+03:00,1785468626,1777,78,3,26.0,37.1,,run
2026-07-31T06:30:31+03:00,1785468631,1782,78,3,26.0,45.7,,run
2026-07-31T06:30:37+03:00,1785468637,1788,78,3,26.0,33.7,,run
2026-07-31T06:30:43+03:00,1785468643,1794,78,3,26.0,32.7,,run
2026-07-31T06:30:48+03:00,1785468648,1799,78,3,26.2,32.1,,run
2026-07-31T06:30:54+03:00,1785468654,1805,78,3,26.2,33.0,,run
2026-07-31T06:30:59+03:00,1785468659,1810,78,3,26.2,34.0,,run
2026-07-31T06:31:05+03:00,1785468665,1816,78,3,26.2,34.9,,run
2026-07-31T06:31:10+03:00,1785468670,1821,78,3,26.2,35.5,,run
2026-07-31T06:31:15+03:00,1785468675,1826,78,3,26.2,37.7,,run
2026-07-31T06:31:21+03:00,1785468681,1832,78,3,26.2,38.3,,run
2026-07-31T06:31:26+03:00,1785468686,1837,78,3,26.2,37.4,,run
2026-07-31T06:31:32+03:00,1785468692,1843,78,3,26.2,36.8,,run
2026-07-31T06:31:37+03:00,1785468697,1848,78,3,26.2,35.5,,run
2026-07-31T06:31:42+03:00,1785468702,1853,78,3,26.2,34.0,,run
2026-07-31T06:31:48+03:00,1785468708,1859,78,3,26.2,32.7,,run
2026-07-31T06:31:53+03:00,1785468713,1864,78,3,26.2,33.7,,run
2026-07-31T06:31:59+03:00,1785468719,1870,78,3,26.2,40.2,,run
2026-07-31T06:32:04+03:00,1785468724,1875,78,3,26.2,32.7,,run
2026-07-31T06:32:10+03:00,1785468730,1881,78,3,26.2,32.7,,run
2026-07-31T06:32:15+03:00,1785468735,1886,78,3,26.2,32.1,,run
2026-07-31T06:32:21+03:00,1785468741,1892,78,3,26.2,32.1,,run
2026-07-31T06:32:26+03:00,1785468746,1897,78,3,26.2,34.3,,run
2026-07-31T06:32:32+03:00,1785468752,1903,78,3,26.2,42.3,,run
2026-07-31T06:32:37+03:00,1785468757,1908,78,3,26.2,46.3,,run
2026-07-31T06:32:42+03:00,1785468762,1913,78,3,26.2,39.2,,run
2026-07-31T06:32:48+03:00,1785468768,1919,78,3,26.2,31.8,,run
2026-07-31T06:32:53+03:00,1785468773,1924,78,3,26.2,31.5,,run
2026-07-31T06:32:59+03:00,1785468779,1930,78,3,26.2,31.2,,run
2026-07-31T06:33:04+03:00,1785468784,1935,78,3,26.2,34.3,,run
2026-07-31T06:33:10+03:00,1785468790,1941,78,3,26.2,32.1,,run
2026-07-31T06:33:15+03:00,1785468795,1946,78,3,26.2,33.4,,run
2026-07-31T06:33:21+03:00,1785468801,1952,78,3,26.2,45.1,,run
2026-07-31T06:33:27+03:00,1785468807,1958,78,3,26.2,37.4,,run
2026-07-31T06:33:32+03:00,1785468812,1963,78,3,26.2,35.5,,run
2026-07-31T06:33:37+03:00,1785468817,1968,78,3,26.2,34.6,,run
2026-07-31T06:33:43+03:00,1785468823,1974,78,3,26.2,32.7,,run
2026-07-31T06:33:48+03:00,1785468828,1979,78,3,26.2,32.4,,run
2026-07-31T06:33:54+03:00,1785468834,1985,78,3,26.2,32.1,,run
2026-07-31T06:33:59+03:00,1785468839,1990,78,3,26.2,32.1,,run
2026-07-31T06:34:05+03:00,1785468845,1996,78,3,26.2,32.4,,run
2026-07-31T06:34:10+03:00,1785468850,2001,78,3,26.2,31.5,,run
2026-07-31T06:34:16+03:00,1785468856,2007,78,3,26.2,34.0,,run
2026-07-31T06:34:21+03:00,1785468861,2012,78,3,26.2,34.3,,run
2026-07-31T06:34:27+03:00,1785468867,2018,78,3,26.2,36.4,,run
2026-07-31T06:34:32+03:00,1785468872,2023,78,3,26.2,35.5,,run
2026-07-31T06:34:37+03:00,1785468877,2028,78,3,26.2,39.2,,run
2026-07-31T06:34:43+03:00,1785468883,2034,78,3,26.2,46.3,,run
2026-07-31T06:34:48+03:00,1785468888,2039,78,3,26.2,38.3,,run
2026-07-31T06:34:54+03:00,1785468894,2045,78,3,26.2,32.1,,run
2026-07-31T06:34:59+03:00,1785468899,2050,78,3,26.2,31.2,,run
2026-07-31T06:35:05+03:00,1785468905,2056,78,3,26.2,31.2,,run
2026-07-31T06:35:10+03:00,1785468910,2061,78,3,26.2,30.9,,run
2026-07-31T06:35:16+03:00,1785468916,2067,78,3,26.2,32.1,,run
2026-07-31T06:35:21+03:00,1785468921,2072,78,3,26.2,34.0,,run
2026-07-31T06:35:27+03:00,1785468927,2078,78,3,26.2,41.7,,run
2026-07-31T06:35:32+03:00,1785468932,2083,78,3,26.2,36.8,,run
2026-07-31T06:35:38+03:00,1785468938,2089,78,3,26.2,33.7,,run
2026-07-31T06:35:43+03:00,1785468943,2094,78,3,26.2,31.8,,run
2026-07-31T06:35:49+03:00,1785468949,2100,78,3,26.2,32.1,,run
2026-07-31T06:35:54+03:00,1785468954,2105,78,3,26.2,31.8,,run
2026-07-31T06:36:00+03:00,1785468960,2111,78,3,26.2,31.5,,run
2026-07-31T06:36:05+03:00,1785468965,2116,78,3,26.2,32.1,,run
2026-07-31T06:36:11+03:00,1785468971,2122,78,3,26.2,33.7,,run
2026-07-31T06:36:16+03:00,1785468976,2127,78,3,26.2,33.7,,run
2026-07-31T06:36:22+03:00,1785468982,2133,78,3,26.2,35.8,,run
2026-07-31T06:36:27+03:00,1785468987,2138,78,3,26.2,34.9,,run
2026-07-31T06:36:32+03:00,1785468992,2143,78,3,26.2,35.2,,run
2026-07-31T06:36:38+03:00,1785468998,2149,78,3,26.2,31.8,,run
2026-07-31T06:36:43+03:00,1785469003,2154,78,3,26.2,31.5,,run
2026-07-31T06:36:49+03:00,1785469009,2160,78,3,26.2,43.2,,run
2026-07-31T06:36:54+03:00,1785469014,2165,78,3,26.2,36.4,,run
2026-07-31T06:36:59+03:00,1785469019,2170,78,3,26.2,32.7,,run
2026-07-31T06:37:05+03:00,1785469025,2176,78,3,26.2,30.6,,run
2026-07-31T06:37:10+03:00,1785469030,2181,78,3,26.2,30.9,,run
2026-07-31T06:37:16+03:00,1785469036,2187,78,3,26.2,30.9,,run
2026-07-31T06:37:21+03:00,1785469041,2192,78,3,26.2,30.6,,run
2026-07-31T06:37:27+03:00,1785469047,2198,78,3,26.2,30.9,,run
2026-07-31T06:37:33+03:00,1785469053,2204,78,3,26.2,36.8,,run
2026-07-31T06:37:38+03:00,1785469058,2209,78,3,26.2,37.4,,run
2026-07-31T06:37:44+03:00,1785469064,2215,78,3,26.2,34.9,,run
2026-07-31T06:37:49+03:00,1785469069,2220,78,3,26.2,35.2,,run
2026-07-31T06:37:54+03:00,1785469074,2225,78,3,26.2,35.2,,run
2026-07-31T06:38:00+03:00,1785469080,2231,78,3,26.2,34.3,,run
2026-07-31T06:38:05+03:00,1785469085,2236,78,3,26.2,32.7,,run
2026-07-31T06:38:11+03:00,1785469091,2242,78,3,26.2,31.5,,run
2026-07-31T06:38:16+03:00,1785469096,2247,78,3,26.2,31.5,,run
2026-07-31T06:38:22+03:00,1785469102,2253,78,3,26.2,31.5,,run
2026-07-31T06:38:27+03:00,1785469107,2258,78,3,26.2,31.5,,run
2026-07-31T06:38:33+03:00,1785469113,2264,78,3,26.2,31.5,,run
2026-07-31T06:38:38+03:00,1785469118,2269,78,3,26.2,34.6,,run
2026-07-31T06:38:44+03:00,1785469124,2275,78,3,26.2,34.6,,run
2026-07-31T06:38:49+03:00,1785469129,2280,78,3,26.2,34.9,,run
2026-07-31T06:38:54+03:00,1785469134,2285,78,3,26.2,46.0,,run
2026-07-31T06:39:00+03:00,1785469140,2291,78,3,26.2,35.8,,run
2026-07-31T06:39:05+03:00,1785469145,2296,78,3,26.2,32.4,,run
2026-07-31T06:39:11+03:00,1785469151,2302,78,3,26.2,31.8,,run
2026-07-31T06:39:17+03:00,1785469157,2308,78,3,26.2,31.2,,run
2026-07-31T06:39:22+03:00,1785469162,2313,78,3,26.2,31.2,,run
2026-07-31T06:39:28+03:00,1785469168,2319,78,3,26.2,31.2,,run
2026-07-31T06:39:33+03:00,1785469173,2324,78,3,26.2,31.2,,run
2026-07-31T06:39:39+03:00,1785469179,2330,78,3,26.2,40.5,,run
2026-07-31T06:39:44+03:00,1785469184,2335,78,3,26.2,35.5,,run
2026-07-31T06:39:50+03:00,1785469190,2341,78,3,26.2,34.9,,run
2026-07-31T06:39:55+03:00,1785469195,2346,78,3,26.2,34.9,,run
2026-07-31T06:40:01+03:00,1785469201,2352,78,3,26.2,37.7,,run
2026-07-31T06:40:06+03:00,1785469206,2357,78,3,26.2,36.8,,run
2026-07-31T06:40:11+03:00,1785469211,2362,78,3,26.2,35.2,,run
2026-07-31T06:40:17+03:00,1785469217,2368,78,3,26.2,33.0,,run
2026-07-31T06:40:22+03:00,1785469222,2373,77,3,26.3,36.1,,run
2026-07-31T06:40:28+03:00,1785469228,2379,77,3,26.3,36.4,,run
2026-07-31T06:40:33+03:00,1785469233,2384,77,3,26.3,38.0,,run
2026-07-31T06:40:38+03:00,1785469238,2389,77,3,26.3,37.4,,run
2026-07-31T06:40:44+03:00,1785469244,2395,77,3,26.3,34.9,,run
2026-07-31T06:40:49+03:00,1785469249,2400,77,3,26.3,33.4,,run
2026-07-31T06:40:55+03:00,1785469255,2406,77,3,26.3,32.7,,run
2026-07-31T06:41:00+03:00,1785469260,2411,77,3,26.3,46.0,,run
2026-07-31T06:41:06+03:00,1785469266,2417,77,3,26.3,35.8,,run
2026-07-31T06:41:11+03:00,1785469271,2422,77,3,26.3,32.4,,run
2026-07-31T06:41:17+03:00,1785469277,2428,77,3,26.3,31.8,,run
2026-07-31T06:41:22+03:00,1785469282,2433,77,3,26.3,31.5,,run
2026-07-31T06:41:28+03:00,1785469288,2439,77,3,26.3,31.2,,run
2026-07-31T06:41:33+03:00,1785469293,2444,77,3,26.3,31.2,,run
2026-07-31T06:41:39+03:00,1785469299,2450,77,3,26.3,31.2,,run
2026-07-31T06:41:44+03:00,1785469304,2455,77,3,26.3,44.2,,run
2026-07-31T06:41:50+03:00,1785469310,2461,77,3,26.3,36.1,,run
2026-07-31T06:41:56+03:00,1785469316,2467,77,3,26.3,37.1,,run
2026-07-31T06:42:01+03:00,1785469321,2472,77,3,26.3,36.1,,run
2026-07-31T06:42:06+03:00,1785469326,2477,77,3,26.3,36.8,,run
2026-07-31T06:42:12+03:00,1785469332,2483,77,3,26.3,37.7,,run
2026-07-31T06:42:17+03:00,1785469337,2488,77,3,26.3,35.5,,run
2026-07-31T06:42:23+03:00,1785469343,2494,77,3,26.3,32.7,,run
2026-07-31T06:42:28+03:00,1785469348,2499,77,3,26.3,33.0,,run
2026-07-31T06:42:34+03:00,1785469354,2505,77,3,26.3,32.1,,run
2026-07-31T06:42:39+03:00,1785469359,2510,77,3,26.3,33.0,,run
2026-07-31T06:42:45+03:00,1785469365,2516,77,3,26.3,32.1,,run
2026-07-31T06:42:50+03:00,1785469370,2521,77,3,26.3,32.4,,run
2026-07-31T06:42:56+03:00,1785469376,2527,77,3,26.3,34.0,,run
2026-07-31T06:43:01+03:00,1785469381,2532,77,3,26.3,39.5,,run
2026-07-31T06:43:07+03:00,1785469387,2538,77,3,26.3,47.3,,run
2026-07-31T06:43:12+03:00,1785469392,2543,77,3,26.3,40.5,,run
2026-07-31T06:43:17+03:00,1785469397,2548,77,3,26.3,32.4,,run
2026-07-31T06:43:23+03:00,1785469403,2554,77,3,26.3,32.7,,run
2026-07-31T06:43:28+03:00,1785469408,2559,77,3,26.3,31.5,,run
2026-07-31T06:43:34+03:00,1785469414,2565,77,3,26.3,31.2,,run
2026-07-31T06:43:40+03:00,1785469420,2571,77,3,26.3,32.4,,run
2026-07-31T06:43:45+03:00,1785469425,2576,77,3,26.3,34.0,,run
2026-07-31T06:43:50+03:00,1785469430,2581,77,3,26.3,45.4,,run
2026-07-31T06:43:56+03:00,1785469436,2587,77,3,26.3,42.6,,run
2026-07-31T06:44:02+03:00,1785469442,2593,77,3,26.3,36.8,,run
2026-07-31T06:44:07+03:00,1785469447,2598,77,3,26.3,33.4,,run
2026-07-31T06:44:13+03:00,1785469453,2604,77,3,26.3,33.0,,run
2026-07-31T06:44:18+03:00,1785469458,2609,77,3,26.3,32.7,,run
2026-07-31T06:44:24+03:00,1785469464,2615,77,3,26.3,33.0,,run
2026-07-31T06:44:29+03:00,1785469469,2620,77,3,26.3,32.7,,run
2026-07-31T06:44:35+03:00,1785469475,2626,77,3,26.3,32.4,,run
2026-07-31T06:44:40+03:00,1785469480,2631,77,3,26.3,35.2,,run
2026-07-31T06:44:46+03:00,1785469486,2637,77,3,26.3,34.9,,run
2026-07-31T06:44:51+03:00,1785469491,2642,77,3,26.3,36.8,,run
2026-07-31T06:44:56+03:00,1785469496,2647,77,3,26.3,35.5,,run
2026-07-31T06:45:02+03:00,1785469502,2653,77,3,26.3,33.4,,run
2026-07-31T06:45:07+03:00,1785469507,2658,77,3,26.3,38.0,,run
2026-07-31T06:45:13+03:00,1785469513,2664,77,3,26.3,39.2,,run
2026-07-31T06:45:18+03:00,1785469518,2669,77,3,26.3,34.9,,run
2026-07-31T06:45:24+03:00,1785469524,2675,77,3,26.3,31.5,,run
2026-07-31T06:45:29+03:00,1785469529,2680,77,3,26.3,31.8,,run
2026-07-31T06:45:35+03:00,1785469535,2686,77,3,26.3,31.5,,run
2026-07-31T06:45:41+03:00,1785469541,2692,77,3,26.3,32.1,,run
2026-07-31T06:45:46+03:00,1785469546,2697,77,3,26.3,31.5,,run
2026-07-31T06:45:52+03:00,1785469552,2703,77,3,26.3,31.5,,run
2026-07-31T06:45:57+03:00,1785469557,2708,77,3,26.3,44.2,,run
2026-07-31T06:46:03+03:00,1785469563,2714,77,3,26.3,34.0,,run
2026-07-31T06:46:08+03:00,1785469568,2719,77,3,26.3,32.1,,run
2026-07-31T06:46:14+03:00,1785469574,2725,77,3,26.3,32.4,,run
2026-07-31T06:46:19+03:00,1785469579,2730,77,3,26.3,34.6,,run
2026-07-31T06:46:25+03:00,1785469585,2736,77,3,26.3,35.2,,run
2026-07-31T06:46:30+03:00,1785469590,2741,77,3,26.3,36.1,,run
2026-07-31T06:46:35+03:00,1785469595,2746,77,3,26.3,36.4,,run
2026-07-31T06:46:41+03:00,1785469601,2752,77,3,26.3,35.8,,run
2026-07-31T06:46:46+03:00,1785469606,2757,77,3,26.3,33.0,,run
2026-07-31T06:46:51+03:00,1785469611,2762,77,3,26.3,32.1,,run
2026-07-31T06:46:57+03:00,1785469617,2768,77,3,26.3,32.1,,run
2026-07-31T06:47:02+03:00,1785469622,2773,77,3,26.3,32.1,,run
2026-07-31T06:47:08+03:00,1785469628,2779,77,3,26.3,31.5,,run
2026-07-31T06:47:14+03:00,1785469634,2785,77,3,26.3,37.1,,run
2026-07-31T06:47:19+03:00,1785469639,2790,77,3,26.3,36.1,,run
2026-07-31T06:47:25+03:00,1785469645,2796,77,3,26.3,33.4,,run
2026-07-31T06:47:30+03:00,1785469650,2801,77,3,26.3,31.8,,run
2026-07-31T06:47:36+03:00,1785469656,2807,77,3,26.3,31.2,,run
2026-07-31T06:47:41+03:00,1785469661,2812,77,3,26.3,31.2,,run
2026-07-31T06:47:47+03:00,1785469667,2818,77,3,26.3,30.9,,run
2026-07-31T06:47:52+03:00,1785469672,2823,77,3,26.3,31.2,,run
2026-07-31T06:47:58+03:00,1785469678,2829,77,3,26.3,34.3,,run
2026-07-31T06:48:03+03:00,1785469683,2834,77,3,26.3,42.9,,run
2026-07-31T06:48:09+03:00,1785469689,2840,77,3,26.3,35.2,,run
2026-07-31T06:48:14+03:00,1785469694,2845,77,3,26.3,34.3,,run
2026-07-31T06:48:20+03:00,1785469700,2851,77,3,26.3,35.8,,run
2026-07-31T06:48:25+03:00,1785469705,2856,77,3,26.3,36.1,,run
2026-07-31T06:48:30+03:00,1785469710,2861,77,3,26.3,34.6,,run
2026-07-31T06:48:36+03:00,1785469716,2867,77,3,26.3,32.4,,run
2026-07-31T06:48:41+03:00,1785469721,2872,77,3,26.3,32.4,,run
2026-07-31T06:48:47+03:00,1785469727,2878,77,3,26.3,31.8,,run
2026-07-31T06:48:52+03:00,1785469732,2883,77,3,26.3,31.8,,run
2026-07-31T06:48:58+03:00,1785469738,2889,77,3,26.3,31.5,,run
2026-07-31T06:49:03+03:00,1785469743,2894,77,3,26.3,31.5,,run
2026-07-31T06:49:09+03:00,1785469749,2900,77,3,26.3,31.5,,run
2026-07-31T06:49:14+03:00,1785469754,2905,77,3,26.3,34.0,,run
2026-07-31T06:49:20+03:00,1785469760,2911,77,3,26.3,44.8,,run
2026-07-31T06:49:26+03:00,1785469766,2917,77,3,26.3,33.7,,run
2026-07-31T06:49:31+03:00,1785469771,2922,77,3,26.3,32.4,,run
2026-07-31T06:49:37+03:00,1785469777,2928,77,3,26.3,31.2,,run
2026-07-31T06:49:42+03:00,1785469782,2933,77,3,26.3,30.9,,run
2026-07-31T06:49:48+03:00,1785469788,2939,77,3,26.3,30.9,,run
2026-07-31T06:49:53+03:00,1785469793,2944,77,3,26.3,33.4,,run
2026-07-31T06:49:59+03:00,1785469799,2950,77,3,26.3,31.2,,run
2026-07-31T06:50:04+03:00,1785469804,2955,77,3,26.3,33.4,,run
2026-07-31T06:50:10+03:00,1785469810,2961,77,3,26.3,40.8,,run
2026-07-31T06:50:15+03:00,1785469815,2966,77,3,26.3,33.0,,run
2026-07-31T06:50:21+03:00,1785469821,2972,77,3,26.3,31.8,,run
2026-07-31T06:50:27+03:00,1785469827,2978,77,3,26.3,32.4,,run
2026-07-31T06:50:32+03:00,1785469832,2983,77,3,26.3,31.2,,run
2026-07-31T06:50:38+03:00,1785469838,2989,77,3,26.3,31.5,,run
2026-07-31T06:50:43+03:00,1785469843,2994,77,3,26.3,33.7,,run
2026-07-31T06:50:49+03:00,1785469849,3000,77,3,25.9,34.0,,run
2026-07-31T06:50:54+03:00,1785469854,3005,77,3,25.9,34.3,,run
2026-07-31T06:50:59+03:00,1785469859,3010,77,3,25.9,35.8,,run
2026-07-31T06:51:05+03:00,1785469865,3016,77,3,25.9,35.5,,run
2026-07-31T06:51:10+03:00,1785469870,3021,77,3,25.9,34.3,,run
2026-07-31T06:51:15+03:00,1785469875,3026,77,3,25.9,35.5,,run
2026-07-31T06:51:21+03:00,1785469881,3032,77,3,25.9,32.4,,run
2026-07-31T06:51:26+03:00,1785469886,3037,77,3,25.9,44.8,,run
2026-07-31T06:51:32+03:00,1785469892,3043,77,3,25.9,33.0,,run
2026-07-31T06:51:37+03:00,1785469897,3048,77,3,25.9,32.1,,run
2026-07-31T06:51:43+03:00,1785469903,3054,77,3,25.9,31.5,,run
2026-07-31T06:51:49+03:00,1785469909,3060,77,3,25.9,31.2,,run
2026-07-31T06:51:54+03:00,1785469914,3065,77,3,25.9,30.6,,run
2026-07-31T06:52:00+03:00,1785469920,3071,77,3,25.9,31.5,,run
2026-07-31T06:52:05+03:00,1785469925,3076,77,3,25.9,31.5,,run
2026-07-31T06:52:11+03:00,1785469931,3082,76,3,26.0,43.2,,run
2026-07-31T06:52:16+03:00,1785469936,3087,76,3,26.0,35.8,,run
2026-07-31T06:52:22+03:00,1785469942,3093,76,3,26.0,32.7,,run
2026-07-31T06:52:27+03:00,1785469947,3098,76,3,26.0,31.8,,run
2026-07-31T06:52:33+03:00,1785469953,3104,76,3,26.0,34.3,,run
2026-07-31T06:52:38+03:00,1785469958,3109,76,3,26.0,35.2,,run
2026-07-31T06:52:44+03:00,1785469964,3115,76,3,26.0,36.1,,run
2026-07-31T06:52:49+03:00,1785469969,3120,76,3,26.0,36.1,,run
2026-07-31T06:52:54+03:00,1785469974,3125,76,3,26.0,36.1,,run
2026-07-31T06:53:00+03:00,1785469980,3131,76,3,26.0,36.1,,run
2026-07-31T06:53:05+03:00,1785469985,3136,76,3,26.0,32.4,,run
2026-07-31T06:53:10+03:00,1785469990,3141,76,3,26.0,32.7,,run
2026-07-31T06:53:16+03:00,1785469996,3147,76,3,26.0,32.1,,run
2026-07-31T06:53:21+03:00,1785470001,3152,76,3,26.0,31.8,,run
2026-07-31T06:53:27+03:00,1785470007,3158,76,3,26.0,32.1,,run
2026-07-31T06:53:32+03:00,1785470012,3163,76,3,26.0,47.3,,run
2026-07-31T06:53:38+03:00,1785470018,3169,76,3,26.0,35.5,,run
2026-07-31T06:53:43+03:00,1785470023,3174,76,3,26.0,32.4,,run
2026-07-31T06:53:49+03:00,1785470029,3180,76,3,26.0,31.5,,run
2026-07-31T06:53:55+03:00,1785470035,3186,76,3,26.0,30.9,,run
2026-07-31T06:54:00+03:00,1785470040,3191,76,3,26.0,30.9,,run
2026-07-31T06:54:06+03:00,1785470046,3197,76,3,26.0,30.9,,run
2026-07-31T06:54:11+03:00,1785470051,3202,76,3,26.0,31.2,,run
2026-07-31T06:54:17+03:00,1785470057,3208,76,3,26.0,42.9,,run
2026-07-31T06:54:23+03:00,1785470063,3214,76,3,26.0,35.5,,run
2026-07-31T06:54:28+03:00,1785470068,3219,76,3,26.0,34.3,,run
2026-07-31T06:54:34+03:00,1785470074,3225,76,3,26.0,36.1,,run
2026-07-31T06:54:39+03:00,1785470079,3230,76,3,26.0,34.9,,run
2026-07-31T06:54:44+03:00,1785470084,3235,76,3,26.0,36.1,,run
2026-07-31T06:54:50+03:00,1785470090,3241,76,3,26.0,34.3,,run
2026-07-31T06:54:55+03:00,1785470095,3246,76,3,26.0,32.7,,run
2026-07-31T06:55:01+03:00,1785470101,3252,76,3,26.0,32.1,,run
2026-07-31T06:55:06+03:00,1785470106,3257,76,3,26.0,31.5,,run
2026-07-31T06:55:12+03:00,1785470112,3263,76,3,26.0,31.5,,run
2026-07-31T06:55:17+03:00,1785470117,3268,76,3,26.0,31.5,,run
2026-07-31T06:55:23+03:00,1785470123,3274,76,3,26.0,31.8,,run
2026-07-31T06:55:28+03:00,1785470128,3279,76,3,26.0,34.0,,run
2026-07-31T06:55:34+03:00,1785470134,3285,76,3,26.0,38.6,,run
2026-07-31T06:55:39+03:00,1785470139,3290,76,3,26.0,44.8,,run
2026-07-31T06:55:44+03:00,1785470144,3295,76,3,26.0,39.8,,run
2026-07-31T06:55:50+03:00,1785470150,3301,76,3,26.0,33.0,,run
2026-07-31T06:55:55+03:00,1785470155,3306,76,3,26.0,31.2,,run
2026-07-31T06:56:01+03:00,1785470161,3312,76,3,26.0,31.2,,run
2026-07-31T06:56:06+03:00,1785470166,3317,76,3,26.0,30.9,,run
2026-07-31T06:56:12+03:00,1785470172,3323,76,3,26.0,33.4,,run
2026-07-31T06:56:17+03:00,1785470177,3328,76,3,26.0,35.5,,run
2026-07-31T06:56:23+03:00,1785470183,3334,76,3,26.0,41.1,,run
2026-07-31T06:56:28+03:00,1785470188,3339,76,3,26.0,37.7,,run
2026-07-31T06:56:34+03:00,1785470194,3345,76,3,26.0,38.0,,run
2026-07-31T06:56:39+03:00,1785470199,3350,76,3,26.0,36.1,,run
2026-07-31T06:56:44+03:00,1785470204,3355,76,3,26.0,33.0,,run
2026-07-31T06:56:50+03:00,1785470210,3361,76,3,26.0,32.4,,run
2026-07-31T06:56:55+03:00,1785470215,3366,76,3,26.0,32.1,,run
2026-07-31T06:57:01+03:00,1785470221,3372,76,3,26.0,32.4,,run
2026-07-31T06:57:06+03:00,1785470226,3377,76,3,26.0,32.1,,run
2026-07-31T06:57:12+03:00,1785470232,3383,76,3,26.0,32.1,,run
2026-07-31T06:57:18+03:00,1785470238,3389,76,3,26.0,34.3,,run
2026-07-31T06:57:23+03:00,1785470243,3394,76,3,26.0,34.0,,run
2026-07-31T06:57:28+03:00,1785470248,3399,76,3,26.0,35.8,,run
2026-07-31T06:57:34+03:00,1785470254,3405,76,3,26.0,36.1,,run
2026-07-31T06:57:39+03:00,1785470259,3410,76,3,26.0,39.5,,run
2026-07-31T06:57:44+03:00,1785470264,3415,76,3,26.0,47.3,,run
2026-07-31T06:57:50+03:00,1785470270,3421,76,3,26.0,39.5,,run
2026-07-31T06:57:55+03:00,1785470275,3426,76,3,26.0,32.4,,run
2026-07-31T06:58:01+03:00,1785470281,3432,76,3,26.0,31.5,,run
2026-07-31T06:58:06+03:00,1785470286,3437,76,3,26.0,33.0,,run
2026-07-31T06:58:12+03:00,1785470292,3443,76,3,26.0,44.2,,run
2026-07-31T06:58:17+03:00,1785470297,3448,76,3,26.0,34.0,,run
2026-07-31T06:58:23+03:00,1785470303,3454,76,3,26.0,34.3,,run
2026-07-31T06:58:28+03:00,1785470308,3459,76,3,26.0,34.9,,run
2026-07-31T06:58:34+03:00,1785470314,3465,76,3,26.0,36.8,,run
2026-07-31T06:58:39+03:00,1785470319,3470,76,3,26.0,36.1,,run
2026-07-31T06:58:44+03:00,1785470324,3475,76,3,26.0,35.5,,run
2026-07-31T06:58:50+03:00,1785470330,3481,76,3,26.0,32.7,,run
2026-07-31T06:58:55+03:00,1785470335,3486,76,3,26.0,32.4,,run
2026-07-31T06:59:01+03:00,1785470341,3492,76,3,26.0,32.1,,run
2026-07-31T06:59:06+03:00,1785470346,3497,76,3,26.0,32.4,,run
2026-07-31T06:59:12+03:00,1785470352,3503,76,3,26.0,32.1,,run
2026-07-31T06:59:17+03:00,1785470357,3508,76,3,26.0,31.8,,run
2026-07-31T06:59:23+03:00,1785470363,3514,76,3,26.0,34.0,,run
2026-07-31T06:59:28+03:00,1785470368,3519,76,3,26.0,44.5,,run
2026-07-31T06:59:34+03:00,1785470374,3525,76,3,26.0,34.3,,run
2026-07-31T06:59:40+03:00,1785470380,3531,76,3,26.0,33.0,,run
2026-07-31T06:59:45+03:00,1785470385,3536,76,3,26.0,32.1,,run
2026-07-31T06:59:51+03:00,1785470391,3542,76,3,26.0,31.2,,run
2026-07-31T06:59:56+03:00,1785470396,3547,76,3,26.0,31.8,,run
2026-07-31T07:00:02+03:00,1785470402,3553,76,3,26.0,34.6,,run
2026-07-31T07:00:07+03:00,1785470407,3558,76,3,26.0,34.9,,run
2026-07-31T07:00:12+03:00,1785470412,3563,76,3,26.0,35.8,,run
2026-07-31T07:00:18+03:00,1785470418,3569,76,3,26.0,42.6,,run
2026-07-31T07:00:23+03:00,1785470423,3574,76,3,26.0,37.1,,run
2026-07-31T07:00:29+03:00,1785470429,3580,76,3,26.0,35.2,,run
2026-07-31T07:00:34+03:00,1785470434,3585,76,3,26.0,33.0,,run
2026-07-31T07:00:40+03:00,1785470440,3591,76,3,26.0,32.7,,run
2026-07-31T07:00:45+03:00,1785470445,3596,76,3,26.0,32.4,,run
2026-07-31T07:00:51+03:00,1785470451,3602,76,3,26.3,32.1,,run
2026-07-31T07:00:56+03:00,1785470456,3607,76,3,26.3,32.1,,run
2026-07-31T07:01:02+03:00,1785470462,3613,76,3,26.3,31.5,,run
2026-07-31T07:01:07+03:00,1785470467,3618,76,3,26.3,33.7,,run
2026-07-31T07:01:13+03:00,1785470473,3624,76,3,26.3,35.2,,run
2026-07-31T07:01:18+03:00,1785470478,3629,76,3,26.3,35.5,,run
2026-07-31T07:01:23+03:00,1785470483,3634,76,3,26.3,36.1,,run
2026-07-31T07:01:29+03:00,1785470489,3640,76,3,26.3,34.0,,run
2026-07-31T07:01:34+03:00,1785470494,3645,76,3,26.3,45.1,,run
2026-07-31T07:01:40+03:00,1785470500,3651,76,3,26.3,34.0,,run
2026-07-31T07:01:45+03:00,1785470505,3656,76,3,26.3,32.7,,run
2026-07-31T07:01:51+03:00,1785470511,3662,76,3,26.3,31.5,,run
2026-07-31T07:01:57+03:00,1785470517,3668,76,3,26.3,31.2,,run
2026-07-31T07:02:02+03:00,1785470522,3673,76,3,26.3,30.6,,run
2026-07-31T07:02:08+03:00,1785470528,3679,76,3,26.3,31.5,,run
2026-07-31T07:02:13+03:00,1785470533,3684,76,3,26.3,31.2,,run
2026-07-31T07:02:19+03:00,1785470539,3690,76,3,26.3,36.4,,run
2026-07-31T07:02:24+03:00,1785470544,3695,76,3,26.3,35.8,,run
2026-07-31T07:02:30+03:00,1785470550,3701,76,3,26.3,34.0,,run
2026-07-31T07:02:35+03:00,1785470555,3706,76,3,26.3,32.4,,run
2026-07-31T07:02:41+03:00,1785470561,3712,76,3,26.3,32.4,,run
2026-07-31T07:02:46+03:00,1785470566,3717,76,3,26.3,33.0,,run
2026-07-31T07:02:52+03:00,1785470572,3723,75,3,26.1,34.6,,run
2026-07-31T07:02:57+03:00,1785470577,3728,75,3,26.1,35.2,,run
2026-07-31T07:03:03+03:00,1785470583,3734,75,3,26.1,35.8,,run
2026-07-31T07:03:08+03:00,1785470588,3739,75,3,26.1,35.5,,run
2026-07-31T07:03:13+03:00,1785470593,3744,75,3,26.1,33.4,,run
2026-07-31T07:03:19+03:00,1785470599,3750,75,3,26.1,32.1,,run
2026-07-31T07:03:24+03:00,1785470604,3755,75,3,26.1,33.7,,run
2026-07-31T07:03:30+03:00,1785470610,3761,75,3,26.1,31.8,,run
2026-07-31T07:03:35+03:00,1785470615,3766,75,3,26.1,34.9,,run
2026-07-31T07:03:41+03:00,1785470621,3772,75,3,26.1,46.3,,run
2026-07-31T07:03:46+03:00,1785470626,3777,75,3,26.1,37.7,,run
2026-07-31T07:03:52+03:00,1785470632,3783,75,3,26.1,32.1,,run
2026-07-31T07:03:57+03:00,1785470637,3788,75,3,26.1,31.5,,run
2026-07-31T07:04:03+03:00,1785470643,3794,75,3,26.1,31.2,,run
2026-07-31T07:04:08+03:00,1785470648,3799,75,3,26.1,30.9,,run
2026-07-31T07:04:14+03:00,1785470654,3805,75,3,26.1,31.2,,run
2026-07-31T07:04:19+03:00,1785470659,3810,75,3,26.1,30.9,,run
2026-07-31T07:04:25+03:00,1785470665,3816,75,3,26.1,43.6,,run
2026-07-31T07:04:31+03:00,1785470671,3822,75,3,26.1,34.0,,run
2026-07-31T07:04:36+03:00,1785470676,3827,75,3,26.1,35.2,,run
2026-07-31T07:04:42+03:00,1785470682,3833,75,3,26.1,35.2,,run
2026-07-31T07:04:47+03:00,1785470687,3838,75,3,26.1,34.9,,run
2026-07-31T07:04:52+03:00,1785470692,3843,75,3,26.1,36.1,,run
2026-07-31T07:04:58+03:00,1785470698,3849,75,3,26.1,34.9,,run
2026-07-31T07:05:03+03:00,1785470703,3854,75,3,26.1,32.4,,run
2026-07-31T07:05:09+03:00,1785470709,3860,75,3,26.1,31.8,,run
2026-07-31T07:05:14+03:00,1785470714,3865,75,3,26.1,34.3,,run
2026-07-31T07:05:20+03:00,1785470720,3871,75,3,26.1,32.4,,run
2026-07-31T07:05:25+03:00,1785470725,3876,75,3,26.1,31.8,,run
2026-07-31T07:05:31+03:00,1785470731,3882,75,3,26.1,32.1,,run
2026-07-31T07:05:36+03:00,1785470736,3887,75,3,26.1,31.5,,run
2026-07-31T07:05:42+03:00,1785470742,3893,75,3,26.1,38.6,,run
2026-07-31T07:05:47+03:00,1785470747,3898,75,3,26.1,44.5,,run
2026-07-31T07:05:52+03:00,1785470752,3903,75,3,26.1,40.2,,run
2026-07-31T07:05:58+03:00,1785470758,3909,75,3,26.1,31.8,,run
2026-07-31T07:06:03+03:00,1785470763,3914,75,3,26.1,31.5,,run
2026-07-31T07:06:09+03:00,1785470769,3920,75,3,26.1,31.2,,run
2026-07-31T07:06:15+03:00,1785470775,3926,75,3,26.1,33.0,,run
2026-07-31T07:06:20+03:00,1785470780,3931,75,3,26.1,31.2,,run
2026-07-31T07:06:26+03:00,1785470786,3937,75,3,26.1,32.7,,run
2026-07-31T07:06:31+03:00,1785470791,3942,75,3,26.1,45.7,,run
2026-07-31T07:06:37+03:00,1785470797,3948,75,3,26.1,36.1,,run
2026-07-31T07:06:42+03:00,1785470802,3953,75,3,26.1,35.5,,run
2026-07-31T07:06:48+03:00,1785470808,3959,75,3,26.1,38.3,,run
2026-07-31T07:06:53+03:00,1785470813,3964,75,3,26.1,36.4,,run
2026-07-31T07:06:58+03:00,1785470818,3969,75,3,26.1,33.7,,run
2026-07-31T07:07:04+03:00,1785470824,3975,75,3,26.1,33.4,,run
2026-07-31T07:07:09+03:00,1785470829,3980,75,3,26.1,32.4,,run
2026-07-31T07:07:15+03:00,1785470835,3986,75,3,26.1,32.4,,run
2026-07-31T07:07:20+03:00,1785470840,3991,75,3,26.1,32.1,,run
2026-07-31T07:07:26+03:00,1785470846,3997,75,3,26.1,32.1,,run
2026-07-31T07:07:31+03:00,1785470851,4002,75,3,26.1,32.1,,run
2026-07-31T07:07:37+03:00,1785470857,4008,75,3,26.1,34.0,,run
2026-07-31T07:07:42+03:00,1785470862,4013,75,3,26.1,35.2,,run
2026-07-31T07:07:48+03:00,1785470868,4019,75,3,26.1,41.1,,run
2026-07-31T07:07:53+03:00,1785470873,4024,75,3,26.1,45.4,,run
2026-07-31T07:07:58+03:00,1785470878,4029,75,3,26.1,39.2,,run
2026-07-31T07:08:04+03:00,1785470884,4035,75,3,26.1,32.4,,run
2026-07-31T07:08:09+03:00,1785470889,4040,75,3,26.1,31.5,,run
2026-07-31T07:08:15+03:00,1785470895,4046,75,3,26.1,31.2,,run
2026-07-31T07:08:20+03:00,1785470900,4051,75,3,26.1,35.5,,run
2026-07-31T07:08:26+03:00,1785470906,4057,75,3,26.1,33.7,,run
2026-07-31T07:08:31+03:00,1785470911,4062,75,3,26.1,34.9,,run
2026-07-31T07:08:37+03:00,1785470917,4068,75,3,26.1,47.6,,run
2026-07-31T07:08:42+03:00,1785470922,4073,75,3,26.1,38.0,,run
2026-07-31T07:08:47+03:00,1785470927,4078,75,3,26.1,37.1,,run
2026-07-31T07:08:53+03:00,1785470933,4084,75,3,26.1,37.1,,run
2026-07-31T07:08:58+03:00,1785470938,4089,75,3,26.1,38.0,,run
2026-07-31T07:09:03+03:00,1785470943,4094,75,3,26.1,36.4,,run
2026-07-31T07:09:09+03:00,1785470949,4100,75,3,26.1,33.4,,run
2026-07-31T07:09:14+03:00,1785470954,4105,75,3,26.1,33.0,,run
2026-07-31T07:09:20+03:00,1785470960,4111,75,3,26.1,32.4,,run
2026-07-31T07:09:25+03:00,1785470965,4116,75,3,26.1,32.1,,run
2026-07-31T07:09:31+03:00,1785470971,4122,75,3,26.1,32.4,,run
2026-07-31T07:09:36+03:00,1785470976,4127,75,3,26.1,32.4,,run
2026-07-31T07:09:42+03:00,1785470982,4133,75,3,26.1,34.6,,run
2026-07-31T07:09:47+03:00,1785470987,4138,75,3,26.1,34.3,,run
2026-07-31T07:09:53+03:00,1785470993,4144,75,3,26.1,44.2,,run
2026-07-31T07:09:58+03:00,1785470998,4149,75,3,26.1,33.7,,run
2026-07-31T07:10:04+03:00,1785471004,4155,75,3,26.1,33.4,,run
2026-07-31T07:10:09+03:00,1785471009,4160,75,3,26.1,31.5,,run
2026-07-31T07:10:15+03:00,1785471015,4166,75,3,26.1,31.5,,run
2026-07-31T07:10:20+03:00,1785471020,4171,75,3,26.1,45.1,,run
2026-07-31T07:10:26+03:00,1785471026,4177,75,3,26.1,35.2,,run
2026-07-31T07:10:32+03:00,1785471032,4183,75,3,26.1,33.4,,run
2026-07-31T07:10:37+03:00,1785471037,4188,75,3,26.1,32.4,,run
2026-07-31T07:10:43+03:00,1785471043,4194,75,3,26.1,33.0,,run
2026-07-31T07:10:48+03:00,1785471048,4199,75,3,26.5,32.1,,run
2026-07-31T07:10:54+03:00,1785471054,4205,75,3,26.5,33.7,,run
2026-07-31T07:10:59+03:00,1785471059,4210,75,3,26.5,34.9,,run
2026-07-31T07:11:05+03:00,1785471065,4216,75,3,26.5,34.9,,run
2026-07-31T07:11:10+03:00,1785471070,4221,75,3,26.5,35.8,,run
2026-07-31T07:11:16+03:00,1785471076,4227,75,3,26.5,36.1,,run
2026-07-31T07:11:21+03:00,1785471081,4232,75,3,26.5,35.5,,run
2026-07-31T07:11:26+03:00,1785471086,4237,75,3,26.5,32.7,,run
2026-07-31T07:11:32+03:00,1785471092,4243,75,3,26.5,32.4,,run
2026-07-31T07:11:37+03:00,1785471097,4248,75,3,26.5,44.2,,run
2026-07-31T07:11:43+03:00,1785471103,4254,75,3,26.5,34.0,,run
2026-07-31T07:11:48+03:00,1785471108,4259,75,3,26.5,32.4,,run
2026-07-31T07:11:54+03:00,1785471114,4265,75,3,26.5,31.8,,run
2026-07-31T07:11:59+03:00,1785471119,4270,75,3,26.5,31.5,,run
2026-07-31T07:12:05+03:00,1785471125,4276,75,3,26.5,31.2,,run
2026-07-31T07:12:10+03:00,1785471130,4281,75,3,26.5,33.4,,run
2026-07-31T07:12:16+03:00,1785471136,4287,75,3,26.5,34.6,,run
2026-07-31T07:12:21+03:00,1785471141,4292,75,3,26.5,36.1,,run
2026-07-31T07:12:27+03:00,1785471147,4298,75,3,26.5,44.2,,run
2026-07-31T07:12:32+03:00,1785471152,4303,75,3,26.5,36.1,,run
2026-07-31T07:12:37+03:00,1785471157,4308,75,3,26.5,35.5,,run
2026-07-31T07:12:43+03:00,1785471163,4314,75,3,26.5,35.8,,run
2026-07-31T07:12:48+03:00,1785471168,4319,75,3,26.5,36.8,,run
2026-07-31T07:12:53+03:00,1785471173,4324,75,3,26.5,36.4,,run
2026-07-31T07:12:59+03:00,1785471179,4330,75,3,26.5,35.8,,run
2026-07-31T07:13:04+03:00,1785471184,4335,75,3,26.5,34.0,,run
2026-07-31T07:13:10+03:00,1785471190,4341,75,3,26.5,34.9,,run
2026-07-31T07:13:15+03:00,1785471195,4346,75,3,26.5,36.1,,run
2026-07-31T07:13:20+03:00,1785471200,4351,75,3,26.5,37.4,,run
2026-07-31T07:13:26+03:00,1785471206,4357,75,3,26.5,37.1,,run
2026-07-31T07:13:31+03:00,1785471211,4362,75,3,26.5,34.3,,run
2026-07-31T07:13:36+03:00,1785471216,4367,75,3,26.5,32.4,,run
2026-07-31T07:13:42+03:00,1785471222,4373,75,3,26.5,35.8,,run
2026-07-31T07:13:47+03:00,1785471227,4378,75,3,26.5,37.1,,run
2026-07-31T07:13:53+03:00,1785471233,4384,75,3,26.5,34.9,,run
2026-07-31T07:13:58+03:00,1785471238,4389,75,3,26.5,32.1,,run
2026-07-31T07:14:04+03:00,1785471244,4395,75,3,26.5,31.2,,run
2026-07-31T07:14:10+03:00,1785471250,4401,75,3,26.5,31.5,,run
2026-07-31T07:14:15+03:00,1785471255,4406,75,3,26.5,31.5,,run
2026-07-31T07:14:21+03:00,1785471261,4412,75,3,26.5,31.2,,run
2026-07-31T07:14:26+03:00,1785471266,4417,75,3,26.5,31.2,,run
2026-07-31T07:14:32+03:00,1785471272,4423,75,3,26.5,44.8,,run
2026-07-31T07:14:37+03:00,1785471277,4428,74,3,26.5,37.4,,run
2026-07-31T07:14:43+03:00,1785471283,4434,74,3,26.5,37.4,,run
2026-07-31T07:14:48+03:00,1785471288,4439,74,3,26.5,36.1,,run
2026-07-31T07:14:53+03:00,1785471293,4444,74,3,26.5,33.7,,run
2026-07-31T07:14:59+03:00,1785471299,4450,74,3,26.5,33.0,,run
2026-07-31T07:15:04+03:00,1785471304,4455,74,3,26.5,35.5,,run
2026-07-31T07:15:10+03:00,1785471310,4461,74,3,26.5,35.8,,run
2026-07-31T07:15:15+03:00,1785471315,4466,74,3,26.5,37.4,,run
2026-07-31T07:15:21+03:00,1785471321,4472,74,3,26.5,36.4,,run
2026-07-31T07:15:26+03:00,1785471326,4477,74,3,26.5,33.4,,run
2026-07-31T07:15:31+03:00,1785471331,4482,74,3,26.5,34.3,,run
2026-07-31T07:15:37+03:00,1785471337,4488,74,3,26.5,34.0,,run
2026-07-31T07:15:42+03:00,1785471342,4493,74,3,26.5,34.9,,run
2026-07-31T07:15:48+03:00,1785471348,4499,74,3,26.5,40.2,,run
2026-07-31T07:15:53+03:00,1785471353,4504,74,3,26.5,46.3,,run
2026-07-31T07:15:59+03:00,1785471359,4510,74,3,26.5,34.9,,run
2026-07-31T07:16:04+03:00,1785471364,4515,74,3,26.5,32.4,,run
2026-07-31T07:16:10+03:00,1785471370,4521,74,3,26.5,31.8,,run
2026-07-31T07:16:15+03:00,1785471375,4526,74,3,26.5,31.5,,run
2026-07-31T07:16:21+03:00,1785471381,4532,74,3,26.5,33.7,,run
2026-07-31T07:16:26+03:00,1785471386,4537,74,3,26.5,32.4,,run
2026-07-31T07:16:32+03:00,1785471392,4543,74,3,26.5,32.1,,run
2026-07-31T07:16:37+03:00,1785471397,4548,74,3,26.5,46.3,,run
2026-07-31T07:16:43+03:00,1785471403,4554,74,3,26.5,38.9,,run
2026-07-31T07:16:48+03:00,1785471408,4559,74,3,26.5,34.0,,run
2026-07-31T07:16:54+03:00,1785471414,4565,74,3,26.5,33.0,,run
2026-07-31T07:16:59+03:00,1785471419,4570,74,3,26.5,33.7,,run
2026-07-31T07:17:05+03:00,1785471425,4576,74,3,26.5,32.7,,run
2026-07-31T07:17:10+03:00,1785471430,4581,74,3,26.5,32.4,,run
2026-07-31T07:17:16+03:00,1785471436,4587,74,3,26.5,34.9,,run
2026-07-31T07:17:21+03:00,1785471441,4592,74,3,26.5,35.2,,run
2026-07-31T07:17:27+03:00,1785471447,4598,74,3,26.5,36.4,,run
2026-07-31T07:17:32+03:00,1785471452,4603,74,3,26.5,36.4,,run
2026-07-31T07:17:38+03:00,1785471458,4609,74,3,26.7,33.0,,run
2026-07-31T07:17:43+03:00,1785471463,4614,74,3,26.7,33.0,,run
2026-07-31T07:17:49+03:00,1785471469,4620,74,3,26.7,32.7,,run
2026-07-31T07:17:54+03:00,1785471474,4625,74,3,26.7,37.4,,run
2026-07-31T07:18:00+03:00,1785471480,4631,74,3,26.7,35.5,,run
2026-07-31T07:18:05+03:00,1785471485,4636,74,3,26.7,35.8,,run
2026-07-31T07:18:11+03:00,1785471491,4642,74,3,26.7,32.4,,run
2026-07-31T07:18:16+03:00,1785471496,4647,74,3,26.7,33.7,,run
2026-07-31T07:18:22+03:00,1785471502,4653,74,3,26.7,31.8,,run
2026-07-31T07:18:27+03:00,1785471507,4658,74,3,26.7,34.3,,run
2026-07-31T07:18:33+03:00,1785471513,4664,74,3,26.7,31.5,,run
2026-07-31T07:18:38+03:00,1785471518,4669,74,3,26.5,35.8,,run
2026-07-31T07:18:44+03:00,1785471524,4675,74,3,26.5,43.2,,run
2026-07-31T07:18:49+03:00,1785471529,4680,74,3,26.5,36.4,,run
2026-07-31T07:18:55+03:00,1785471535,4686,74,3,26.5,36.1,,run
2026-07-31T07:19:00+03:00,1785471540,4691,74,3,26.5,36.4,,run
2026-07-31T07:19:05+03:00,1785471545,4696,74,3,26.5,35.5,,run
2026-07-31T07:19:11+03:00,1785471551,4702,74,3,26.5,35.8,,run
2026-07-31T07:19:16+03:00,1785471556,4707,74,3,26.5,33.0,,run
2026-07-31T07:19:21+03:00,1785471561,4712,74,3,26.5,33.0,,run
2026-07-31T07:19:27+03:00,1785471567,4718,74,3,26.5,32.4,,run
2026-07-31T07:19:33+03:00,1785471573,4724,74,3,26.5,32.7,,run
2026-07-31T07:19:38+03:00,1785471578,4729,74,3,26.5,32.1,,run
2026-07-31T07:19:44+03:00,1785471584,4735,74,3,26.5,32.7,,run
2026-07-31T07:19:49+03:00,1785471589,4740,74,3,26.5,35.5,,run
2026-07-31T07:19:55+03:00,1785471595,4746,74,3,26.5,34.9,,run
2026-07-31T07:20:00+03:00,1785471600,4751,74,3,26.5,43.2,,run
2026-07-31T07:20:06+03:00,1785471606,4757,74,3,26.5,35.2,,run
2026-07-31T07:20:11+03:00,1785471611,4762,74,3,26.5,33.7,,run
2026-07-31T07:20:17+03:00,1785471617,4768,74,3,26.5,32.1,,run
2026-07-31T07:20:22+03:00,1785471622,4773,74,3,26.5,31.8,,run
2026-07-31T07:20:28+03:00,1785471628,4779,74,3,26.5,31.2,,run
2026-07-31T07:20:33+03:00,1785471633,4784,74,3,26.5,34.0,,run
2026-07-31T07:20:39+03:00,1785471639,4790,74,3,26.5,35.2,,run
2026-07-31T07:20:44+03:00,1785471644,4795,74,3,26.5,36.1,,run
2026-07-31T07:20:50+03:00,1785471650,4801,74,3,26.9,45.4,,run
2026-07-31T07:20:55+03:00,1785471655,4806,74,3,26.9,35.5,,run
2026-07-31T07:21:01+03:00,1785471661,4812,74,3,26.9,35.2,,run
2026-07-31T07:21:06+03:00,1785471666,4817,74,3,26.9,36.1,,run
2026-07-31T07:21:11+03:00,1785471671,4822,74,3,26.9,37.1,,run
2026-07-31T07:21:17+03:00,1785471677,4828,74,3,26.9,38.9,,run
2026-07-31T07:21:22+03:00,1785471682,4833,74,3,26.9,37.4,,run
2026-07-31T07:21:28+03:00,1785471688,4839,74,3,26.9,36.8,,run
2026-07-31T07:21:33+03:00,1785471693,4844,74,3,26.9,34.6,,run
2026-07-31T07:21:38+03:00,1785471698,4849,74,3,26.9,34.9,,run
2026-07-31T07:21:44+03:00,1785471704,4855,74,3,26.9,36.8,,run
2026-07-31T07:21:49+03:00,1785471709,4860,74,3,26.9,38.0,,run
2026-07-31T07:21:55+03:00,1785471715,4866,74,3,26.9,38.3,,run
2026-07-31T07:22:00+03:00,1785471720,4871,74,3,26.9,37.7,,run
2026-07-31T07:22:05+03:00,1785471725,4876,74,3,26.9,36.1,,run
2026-07-31T07:22:11+03:00,1785471731,4882,74,3,26.9,37.7,,run
2026-07-31T07:22:16+03:00,1785471736,4887,74,3,26.9,36.4,,run
2026-07-31T07:22:22+03:00,1785471742,4893,74,3,26.9,33.4,,run
2026-07-31T07:22:27+03:00,1785471747,4898,74,3,26.9,32.4,,run
2026-07-31T07:22:33+03:00,1785471753,4904,74,3,26.9,32.4,,run
2026-07-31T07:22:39+03:00,1785471759,4910,74,3,26.9,32.4,,run
2026-07-31T07:22:44+03:00,1785471764,4915,74,3,26.9,32.7,,run
2026-07-31T07:22:50+03:00,1785471770,4921,74,3,26.9,32.7,,run
2026-07-31T07:22:55+03:00,1785471775,4926,74,3,26.9,46.3,,run
2026-07-31T07:23:01+03:00,1785471781,4932,74,3,26.9,34.6,,run
2026-07-31T07:23:06+03:00,1785471786,4937,74,3,26.9,34.6,,run
2026-07-31T07:23:12+03:00,1785471792,4943,74,3,26.9,33.7,,run
2026-07-31T07:23:17+03:00,1785471797,4948,74,3,26.9,36.1,,run
2026-07-31T07:23:23+03:00,1785471803,4954,74,3,26.9,36.4,,run
2026-07-31T07:23:28+03:00,1785471808,4959,74,3,26.9,36.4,,run
2026-07-31T07:23:33+03:00,1785471813,4964,74,3,26.9,37.7,,run
2026-07-31T07:23:39+03:00,1785471819,4970,74,3,26.9,36.8,,run
2026-07-31T07:23:44+03:00,1785471824,4975,74,3,26.9,36.8,,run
2026-07-31T07:23:49+03:00,1785471829,4980,74,3,26.9,34.3,,run
2026-07-31T07:23:55+03:00,1785471835,4986,74,3,26.9,33.4,,run
2026-07-31T07:24:00+03:00,1785471840,4991,74,3,26.9,34.0,,run
2026-07-31T07:24:06+03:00,1785471846,4997,74,3,26.9,32.7,,run
2026-07-31T07:24:12+03:00,1785471852,5003,74,3,26.9,47.3,,run
2026-07-31T07:24:17+03:00,1785471857,5008,74,3,26.9,35.5,,run
2026-07-31T07:24:23+03:00,1785471863,5014,74,3,26.9,33.0,,run
2026-07-31T07:24:28+03:00,1785471868,5019,74,3,26.9,32.7,,run
2026-07-31T07:24:34+03:00,1785471874,5025,74,3,26.9,32.4,,run
2026-07-31T07:24:39+03:00,1785471879,5030,74,3,26.9,32.1,,run
2026-07-31T07:24:45+03:00,1785471885,5036,74,3,26.9,32.4,,run
2026-07-31T07:24:50+03:00,1785471890,5041,74,3,26.9,32.4,,run
2026-07-31T07:24:56+03:00,1785471896,5047,74,3,26.9,34.9,,run
2026-07-31T07:25:02+03:00,1785471902,5053,74,3,26.9,37.1,,run
2026-07-31T07:25:07+03:00,1785471907,5058,74,3,26.9,34.0,,run
2026-07-31T07:25:13+03:00,1785471913,5064,74,3,26.9,35.8,,run
2026-07-31T07:25:18+03:00,1785471918,5069,74,3,26.9,36.4,,run
2026-07-31T07:25:23+03:00,1785471923,5074,73,3,27.6,37.1,,run
2026-07-31T07:25:29+03:00,1785471929,5080,73,3,27.6,37.7,,run
2026-07-31T07:25:34+03:00,1785471934,5085,73,3,27.6,37.1,,run
2026-07-31T07:25:39+03:00,1785471939,5090,73,3,27.6,34.3,,run
2026-07-31T07:25:45+03:00,1785471945,5096,73,3,27.6,33.7,,run
2026-07-31T07:25:50+03:00,1785471950,5101,73,3,27.6,33.7,,run
2026-07-31T07:25:56+03:00,1785471956,5107,73,3,27.6,33.4,,run
2026-07-31T07:26:02+03:00,1785471962,5113,73,3,27.6,33.7,,run
2026-07-31T07:26:07+03:00,1785471967,5118,73,3,27.6,33.0,,run
2026-07-31T07:26:13+03:00,1785471973,5124,73,3,27.6,33.0,,run
2026-07-31T07:26:18+03:00,1785471978,5129,73,3,27.6,47.3,,run
2026-07-31T07:26:23+03:00,1785471983,5134,73,3,27.6,36.8,,run
2026-07-31T07:26:29+03:00,1785471989,5140,73,3,27.6,33.7,,run
2026-07-31T07:26:35+03:00,1785471995,5146,73,3,27.6,33.0,,run
2026-07-31T07:26:40+03:00,1785472000,5151,73,3,27.6,32.7,,run
2026-07-31T07:26:46+03:00,1785472006,5157,73,3,27.6,48.5,,run
2026-07-31T07:26:51+03:00,1785472011,5162,73,3,27.6,35.8,,run
2026-07-31T07:26:57+03:00,1785472017,5168,73,3,27.6,34.6,,run
2026-07-31T07:27:02+03:00,1785472022,5173,73,3,27.6,35.2,,run
2026-07-31T07:27:08+03:00,1785472028,5179,73,3,27.6,34.0,,run
2026-07-31T07:27:13+03:00,1785472033,5184,73,3,27.6,34.0,,run
2026-07-31T07:27:19+03:00,1785472039,5190,73,3,27.6,33.4,,run
2026-07-31T07:27:24+03:00,1785472044,5195,73,3,27.6,36.1,,run
2026-07-31T07:27:30+03:00,1785472050,5201,73,3,27.6,35.8,,run
2026-07-31T07:27:35+03:00,1785472055,5206,73,3,27.6,37.4,,run
2026-07-31T07:27:40+03:00,1785472060,5211,73,3,27.6,37.7,,run
2026-07-31T07:27:46+03:00,1785472066,5217,73,3,27.6,37.1,,run
2026-07-31T07:27:51+03:00,1785472071,5222,73,3,27.6,34.9,,run
2026-07-31T07:27:57+03:00,1785472077,5228,73,3,27.6,34.0,,run
2026-07-31T07:28:02+03:00,1785472082,5233,73,3,27.6,35.5,,run
2026-07-31T07:28:08+03:00,1785472088,5239,73,3,27.6,38.6,,run
2026-07-31T07:28:13+03:00,1785472093,5244,73,3,27.6,37.7,,run
2026-07-31T07:28:19+03:00,1785472099,5250,73,3,27.6,33.4,,run
2026-07-31T07:28:24+03:00,1785472104,5255,73,3,27.6,33.0,,run
2026-07-31T07:28:30+03:00,1785472110,5261,73,3,27.6,34.6,,run
2026-07-31T07:28:35+03:00,1785472115,5266,73,3,27.6,34.3,,run
2026-07-31T07:28:41+03:00,1785472121,5272,73,3,27.6,33.4,,run
2026-07-31T07:28:46+03:00,1785472126,5277,73,3,27.6,33.0,,run
2026-07-31T07:28:52+03:00,1785472132,5283,73,3,27.6,46.7,,run
2026-07-31T07:28:58+03:00,1785472138,5289,73,3,27.6,38.6,,run
2026-07-31T07:29:03+03:00,1785472143,5294,73,3,27.6,35.8,,run
2026-07-31T07:29:09+03:00,1785472149,5300,73,3,27.6,37.7,,run
2026-07-31T07:29:14+03:00,1785472154,5305,73,3,27.6,38.3,,run
2026-07-31T07:29:19+03:00,1785472159,5310,73,3,27.6,37.1,,run
2026-07-31T07:29:25+03:00,1785472165,5316,73,3,27.6,34.3,,run
2026-07-31T07:29:30+03:00,1785472170,5321,73,3,27.6,34.0,,run
2026-07-31T07:29:36+03:00,1785472176,5327,73,3,27.6,34.3,,run
2026-07-31T07:29:41+03:00,1785472181,5332,73,3,27.6,33.7,,run
2026-07-31T07:29:47+03:00,1785472187,5338,73,3,27.6,33.7,,run
2026-07-31T07:29:52+03:00,1785472192,5343,73,3,27.6,33.4,,run
2026-07-31T07:29:58+03:00,1785472198,5349,73,3,27.6,33.4,,run
2026-07-31T07:30:03+03:00,1785472203,5354,73,3,27.6,36.1,,run
2026-07-31T07:30:09+03:00,1785472209,5360,73,3,27.6,43.2,,run
2026-07-31T07:30:14+03:00,1785472214,5365,73,3,27.6,42.6,,run
2026-07-31T07:30:20+03:00,1785472220,5371,73,3,27.6,36.1,,run
2026-07-31T07:30:25+03:00,1785472225,5376,73,3,27.6,33.4,,run
2026-07-31T07:30:31+03:00,1785472231,5382,73,3,27.6,33.0,,run
2026-07-31T07:30:36+03:00,1785472236,5387,73,3,27.6,32.4,,run
2026-07-31T07:30:42+03:00,1785472242,5393,73,3,27.6,33.7,,run
2026-07-31T07:30:47+03:00,1785472247,5398,73,3,27.8,33.0,,run
2026-07-31T07:30:53+03:00,1785472253,5404,73,3,27.8,34.6,,run
2026-07-31T07:30:58+03:00,1785472258,5409,73,3,27.8,47.0,,run
2026-07-31T07:31:04+03:00,1785472264,5415,73,3,27.8,35.2,,run
2026-07-31T07:31:09+03:00,1785472269,5420,73,3,27.8,34.0,,run
2026-07-31T07:31:15+03:00,1785472275,5426,73,3,27.8,34.0,,run
2026-07-31T07:31:20+03:00,1785472280,5431,73,3,27.8,33.4,,run
2026-07-31T07:31:26+03:00,1785472286,5437,73,3,27.8,35.5,,run
2026-07-31T07:31:31+03:00,1785472291,5442,73,3,27.8,35.8,,run
2026-07-31T07:31:37+03:00,1785472297,5448,73,3,27.8,38.6,,run
2026-07-31T07:31:42+03:00,1785472302,5453,73,3,27.8,37.4,,run
2026-07-31T07:31:48+03:00,1785472308,5459,73,3,27.8,37.7,,run
2026-07-31T07:31:53+03:00,1785472313,5464,73,3,27.8,36.1,,run
2026-07-31T07:31:58+03:00,1785472318,5469,73,3,27.8,34.6,,run
2026-07-31T07:32:04+03:00,1785472324,5475,73,3,27.8,33.7,,run
2026-07-31T07:32:09+03:00,1785472329,5480,73,3,27.8,33.7,,run
2026-07-31T07:32:15+03:00,1785472335,5486,73,3,27.8,49.1,,run
2026-07-31T07:32:20+03:00,1785472340,5491,73,3,27.8,35.8,,run
2026-07-31T07:32:26+03:00,1785472346,5497,73,3,27.8,33.7,,run
2026-07-31T07:32:31+03:00,1785472351,5502,73,3,27.8,32.7,,run
2026-07-31T07:32:37+03:00,1785472357,5508,73,3,27.8,32.4,,run
2026-07-31T07:32:43+03:00,1785472363,5514,73,3,27.8,32.4,,run
2026-07-31T07:32:48+03:00,1785472368,5519,73,3,27.8,32.4,,run
2026-07-31T07:32:54+03:00,1785472374,5525,73,3,27.8,32.4,,run
2026-07-31T07:32:59+03:00,1785472379,5530,73,3,27.8,42.6,,run
2026-07-31T07:33:05+03:00,1785472385,5536,73,3,27.8,36.4,,run
2026-07-31T07:33:10+03:00,1785472390,5541,73,3,27.8,37.1,,run
2026-07-31T07:33:16+03:00,1785472396,5547,73,3,27.8,36.4,,run
2026-07-31T07:33:21+03:00,1785472401,5552,73,3,27.8,37.7,,run
2026-07-31T07:33:27+03:00,1785472407,5558,73,3,27.8,38.0,,run
2026-07-31T07:33:32+03:00,1785472412,5563,73,3,27.8,36.8,,run
2026-07-31T07:33:37+03:00,1785472417,5568,73,3,27.8,37.4,,run
2026-07-31T07:33:43+03:00,1785472423,5574,73,3,27.8,35.5,,run
2026-07-31T07:33:48+03:00,1785472428,5579,73,3,27.8,34.9,,run
2026-07-31T07:33:54+03:00,1785472434,5585,73,3,27.8,33.7,,run
2026-07-31T07:33:59+03:00,1785472439,5590,73,3,27.8,34.3,,run
2026-07-31T07:34:05+03:00,1785472445,5596,73,3,27.8,33.4,,run
2026-07-31T07:34:10+03:00,1785472450,5601,73,3,27.8,33.0,,run
2026-07-31T07:34:16+03:00,1785472456,5607,73,3,27.8,38.0,,run
2026-07-31T07:34:21+03:00,1785472461,5612,73,3,27.8,47.3,,run
2026-07-31T07:34:27+03:00,1785472467,5618,73,3,27.8,38.6,,run
2026-07-31T07:34:32+03:00,1785472472,5623,73,3,27.8,33.7,,run
2026-07-31T07:34:38+03:00,1785472478,5629,73,3,27.8,33.0,,run
2026-07-31T07:34:43+03:00,1785472483,5634,73,3,27.8,32.4,,run
2026-07-31T07:34:49+03:00,1785472489,5640,73,3,27.8,32.4,,run
2026-07-31T07:34:54+03:00,1785472494,5645,73,3,27.8,32.4,,run
2026-07-31T07:35:00+03:00,1785472500,5651,73,3,27.8,32.4,,run
2026-07-31T07:35:05+03:00,1785472505,5656,73,3,27.8,44.8,,run
2026-07-31T07:35:11+03:00,1785472511,5662,73,3,27.8,35.5,,run
2026-07-31T07:35:17+03:00,1785472517,5668,73,3,27.8,35.8,,run
2026-07-31T07:35:22+03:00,1785472522,5673,73,3,27.8,36.4,,run
2026-07-31T07:35:27+03:00,1785472527,5678,73,3,27.8,37.4,,run
2026-07-31T07:35:33+03:00,1785472533,5684,73,3,27.8,36.8,,run
2026-07-31T07:35:38+03:00,1785472538,5689,73,3,27.8,36.8,,run
2026-07-31T07:35:43+03:00,1785472543,5694,73,3,27.8,35.8,,run
2026-07-31T07:35:49+03:00,1785472549,5700,73,3,27.8,33.4,,run
2026-07-31T07:35:54+03:00,1785472554,5705,73,3,27.8,35.5,,run
2026-07-31T07:36:00+03:00,1785472560,5711,73,3,27.8,33.7,,run
2026-07-31T07:36:05+03:00,1785472565,5716,73,3,27.8,33.4,,run
2026-07-31T07:36:11+03:00,1785472571,5722,73,3,27.8,33.0,,run
2026-07-31T07:36:16+03:00,1785472576,5727,73,3,27.8,33.4,,run
2026-07-31T07:36:22+03:00,1785472582,5733,73,3,27.8,41.1,,run
2026-07-31T07:36:27+03:00,1785472587,5738,73,3,27.8,47.9,,run
2026-07-31T07:36:33+03:00,1785472593,5744,73,3,27.8,42.0,,run
2026-07-31T07:36:38+03:00,1785472598,5749,73,3,27.8,33.4,,run
2026-07-31T07:36:44+03:00,1785472604,5755,73,3,27.8,32.7,,run
2026-07-31T07:36:49+03:00,1785472609,5760,73,3,27.8,32.7,,run
2026-07-31T07:36:55+03:00,1785472615,5766,73,3,27.8,35.5,,run
2026-07-31T07:37:00+03:00,1785472620,5771,73,3,27.8,34.9,,run
2026-07-31T07:37:06+03:00,1785472626,5777,73,3,27.8,35.2,,run
2026-07-31T07:37:11+03:00,1785472631,5782,73,3,27.8,46.3,,run
2026-07-31T07:37:17+03:00,1785472637,5788,73,3,27.8,37.1,,run
2026-07-31T07:37:23+03:00,1785472643,5794,73,3,27.8,37.1,,run
2026-07-31T07:37:28+03:00,1785472648,5799,73,3,27.8,38.0,,run
2026-07-31T07:37:33+03:00,1785472653,5804,73,3,27.8,37.4,,run
2026-07-31T07:37:39+03:00,1785472659,5810,73,3,27.8,34.3,,run
2026-07-31T07:37:44+03:00,1785472664,5815,73,3,27.8,33.7,,run
2026-07-31T07:37:50+03:00,1785472670,5821,73,3,27.8,33.7,,run
2026-07-31T07:37:55+03:00,1785472675,5826,73,3,27.8,34.6,,run
2026-07-31T07:38:01+03:00,1785472681,5832,73,3,27.8,33.4,,run
2026-07-31T07:38:06+03:00,1785472686,5837,73,3,27.8,33.7,,run
2026-07-31T07:38:12+03:00,1785472692,5843,72,3,27.9,35.2,,run
2026-07-31T07:38:17+03:00,1785472697,5848,72,3,27.9,35.5,,run
2026-07-31T07:38:23+03:00,1785472703,5854,72,3,27.9,35.8,,run
2026-07-31T07:38:28+03:00,1785472708,5859,72,3,27.9,42.0,,run
2026-07-31T07:38:33+03:00,1785472713,5864,72,3,27.9,45.4,,run
2026-07-31T07:38:39+03:00,1785472719,5870,72,3,27.9,38.9,,run
2026-07-31T07:38:44+03:00,1785472724,5875,72,3,27.9,33.7,,run
2026-07-31T07:38:50+03:00,1785472730,5881,72,3,27.9,32.7,,run
2026-07-31T07:38:55+03:00,1785472735,5886,72,3,27.9,34.9,,run
2026-07-31T07:39:01+03:00,1785472741,5892,72,3,27.9,45.4,,run
2026-07-31T07:39:06+03:00,1785472746,5897,72,3,27.9,36.4,,run
2026-07-31T07:39:12+03:00,1785472752,5903,72,3,27.9,34.0,,run
2026-07-31T07:39:17+03:00,1785472757,5908,72,3,27.9,33.7,,run
2026-07-31T07:39:23+03:00,1785472763,5914,72,3,27.9,36.1,,run
2026-07-31T07:39:28+03:00,1785472768,5919,72,3,27.9,37.1,,run
2026-07-31T07:39:34+03:00,1785472774,5925,72,3,27.9,38.0,,run
2026-07-31T07:39:39+03:00,1785472779,5930,72,3,27.9,38.0,,run
2026-07-31T07:39:44+03:00,1785472784,5935,72,3,27.9,37.1,,run
2026-07-31T07:39:50+03:00,1785472790,5941,72,3,27.9,34.6,,run
2026-07-31T07:39:55+03:00,1785472795,5946,72,3,27.9,34.0,,run
2026-07-31T07:40:01+03:00,1785472801,5952,72,3,27.9,34.0,,run
2026-07-31T07:40:06+03:00,1785472806,5957,72,3,27.9,33.7,,run
2026-07-31T07:40:12+03:00,1785472812,5963,72,3,27.9,36.1,,run
2026-07-31T07:40:17+03:00,1785472817,5968,72,3,27.9,44.2,,run
2026-07-31T07:40:23+03:00,1785472823,5974,72,3,27.9,38.0,,run
2026-07-31T07:40:28+03:00,1785472828,5979,72,3,27.9,37.7,,run
2026-07-31T07:40:34+03:00,1785472834,5985,72,3,27.9,34.3,,run
2026-07-31T07:40:39+03:00,1785472839,5990,72,3,27.9,34.0,,run
2026-07-31T07:40:45+03:00,1785472845,5996,72,3,27.9,34.0,,run
2026-07-31T07:40:50+03:00,1785472850,6001,72,3,28.0,32.7,,run
2026-07-31T07:40:56+03:00,1785472856,6007,72,3,28.0,34.9,,run
2026-07-31T07:41:01+03:00,1785472861,6012,72,3,28.0,37.1,,run
2026-07-31T07:41:07+03:00,1785472867,6018,72,3,28.0,47.9,,run
2026-07-31T07:41:12+03:00,1785472872,6023,72,3,28.0,37.7,,run
2026-07-31T07:41:18+03:00,1785472878,6029,72,3,28.0,38.9,,run
2026-07-31T07:41:23+03:00,1785472883,6034,72,3,28.0,38.3,,run
2026-07-31T07:41:28+03:00,1785472888,6039,72,3,28.0,37.1,,run
2026-07-31T07:41:34+03:00,1785472894,6045,72,3,28.0,34.9,,run
2026-07-31T07:41:39+03:00,1785472899,6050,72,3,28.0,34.6,,run
2026-07-31T07:41:45+03:00,1785472905,6056,72,3,28.0,34.0,,run
2026-07-31T07:41:50+03:00,1785472910,6061,72,3,28.0,33.7,,run
2026-07-31T07:41:56+03:00,1785472916,6067,72,3,28.0,34.0,,run
2026-07-31T07:42:01+03:00,1785472921,6072,72,3,28.0,33.7,,run
2026-07-31T07:42:07+03:00,1785472927,6078,72,3,28.0,35.5,,run
2026-07-31T07:42:12+03:00,1785472932,6083,72,3,28.0,36.1,,run
2026-07-31T07:42:18+03:00,1785472938,6089,72,3,28.0,35.8,,run
2026-07-31T07:42:23+03:00,1785472943,6094,72,3,28.0,39.5,,run
2026-07-31T07:42:28+03:00,1785472948,6099,72,3,28.0,38.0,,run
2026-07-31T07:42:34+03:00,1785472954,6105,72,3,28.0,35.5,,run
2026-07-31T07:42:40+03:00,1785472960,6111,72,3,28.0,33.4,,run
2026-07-31T07:42:45+03:00,1785472965,6116,72,3,28.0,32.7,,run
2026-07-31T07:42:51+03:00,1785472971,6122,72,3,28.0,34.9,,run
2026-07-31T07:42:56+03:00,1785472976,6127,72,3,28.0,34.0,,run
2026-07-31T07:43:02+03:00,1785472982,6133,72,3,28.0,33.4,,run
2026-07-31T07:43:07+03:00,1785472987,6138,72,3,28.0,33.0,,run
2026-07-31T07:43:13+03:00,1785472993,6144,72,3,28.0,49.1,,run
2026-07-31T07:43:18+03:00,1785472998,6149,72,3,28.0,37.1,,run
2026-07-31T07:43:24+03:00,1785473004,6155,72,3,28.0,37.4,,run
2026-07-31T07:43:29+03:00,1785473009,6160,72,3,28.0,37.1,,run
2026-07-31T07:43:35+03:00,1785473015,6166,72,3,28.0,38.0,,run
2026-07-31T07:43:40+03:00,1785473020,6171,72,3,28.0,38.6,,run
2026-07-31T07:43:45+03:00,1785473025,6176,72,3,28.0,38.6,,run
2026-07-31T07:43:51+03:00,1785473031,6182,72,3,28.0,38.3,,run
2026-07-31T07:43:56+03:00,1785473036,6187,72,3,28.0,35.8,,run
2026-07-31T07:44:01+03:00,1785473041,6192,72,3,28.0,36.8,,run
2026-07-31T07:44:07+03:00,1785473047,6198,72,3,28.0,37.1,,run
2026-07-31T07:44:12+03:00,1785473052,6203,72,3,28.0,38.6,,run
2026-07-31T07:44:18+03:00,1785473058,6209,72,3,28.0,39.2,,run
2026-07-31T07:44:23+03:00,1785473063,6214,72,3,28.0,38.0,,run
2026-07-31T07:44:28+03:00,1785473068,6219,72,3,28.0,45.1,,run
2026-07-31T07:44:34+03:00,1785473074,6225,72,3,28.0,49.1,,run
2026-07-31T07:44:39+03:00,1785473079,6230,72,3,28.0,37.1,,run
2026-07-31T07:44:45+03:00,1785473085,6236,72,3,28.0,35.5,,run
2026-07-31T07:44:50+03:00,1785473090,6241,72,3,28.0,34.3,,run
2026-07-31T07:44:56+03:00,1785473096,6247,72,3,28.0,33.4,,run
2026-07-31T07:45:01+03:00,1785473101,6252,72,3,28.0,38.6,,run
2026-07-31T07:45:07+03:00,1785473107,6258,72,3,28.0,39.8,,run
2026-07-31T07:45:12+03:00,1785473112,6263,72,3,28.0,34.6,,run
2026-07-31T07:45:17+03:00,1785473117,6268,72,3,28.0,46.3,,run
2026-07-31T07:45:23+03:00,1785473123,6274,72,3,28.0,36.1,,run
2026-07-31T07:45:28+03:00,1785473128,6279,72,3,28.0,35.2,,run
2026-07-31T07:45:34+03:00,1785473134,6285,72,3,28.0,34.9,,run
2026-07-31T07:45:39+03:00,1785473139,6290,72,3,28.0,34.3,,run
2026-07-31T07:45:45+03:00,1785473145,6296,72,3,28.0,36.8,,run
2026-07-31T07:45:50+03:00,1785473150,6301,72,3,28.0,37.1,,run
2026-07-31T07:45:56+03:00,1785473156,6307,72,3,28.0,38.3,,run
2026-07-31T07:46:01+03:00,1785473161,6312,72,3,28.0,37.7,,run
2026-07-31T07:46:06+03:00,1785473166,6317,72,3,28.0,37.4,,run
2026-07-31T07:46:12+03:00,1785473172,6323,72,3,28.0,35.5,,run
2026-07-31T07:46:17+03:00,1785473177,6328,72,3,28.0,34.3,,run
2026-07-31T07:46:23+03:00,1785473183,6334,72,3,28.0,34.9,,run
2026-07-31T07:46:28+03:00,1785473188,6339,72,3,28.0,34.0,,run
2026-07-31T07:46:34+03:00,1785473194,6345,72,3,28.0,47.9,,run
2026-07-31T07:46:39+03:00,1785473199,6350,72,3,28.0,39.8,,run
2026-07-31T07:46:45+03:00,1785473205,6356,72,3,28.0,34.9,,run
2026-07-31T07:46:50+03:00,1785473210,6361,72,3,28.0,33.7,,run
2026-07-31T07:46:56+03:00,1785473216,6367,72,3,28.0,33.0,,run
2026-07-31T07:47:02+03:00,1785473222,6373,72,3,28.0,32.7,,run
2026-07-31T07:47:07+03:00,1785473227,6378,72,3,28.0,33.7,,run
2026-07-31T07:47:13+03:00,1785473233,6384,72,3,28.0,33.4,,run
2026-07-31T07:47:18+03:00,1785473238,6389,72,3,28.0,46.7,,run
2026-07-31T07:47:24+03:00,1785473244,6395,72,3,28.0,36.4,,run
2026-07-31T07:47:29+03:00,1785473249,6400,72,3,28.0,36.8,,run
2026-07-31T07:47:35+03:00,1785473255,6406,72,3,28.0,36.8,,run
2026-07-31T07:47:40+03:00,1785473260,6411,72,3,28.0,37.1,,run
2026-07-31T07:47:46+03:00,1785473266,6417,72,3,28.0,38.3,,run
2026-07-31T07:47:51+03:00,1785473271,6422,72,3,28.0,37.4,,run
2026-07-31T07:47:56+03:00,1785473276,6427,72,3,28.0,35.2,,run
2026-07-31T07:48:02+03:00,1785473282,6433,72,3,28.0,34.3,,run
2026-07-31T07:48:07+03:00,1785473287,6438,72,3,28.0,34.0,,run
2026-07-31T07:48:13+03:00,1785473293,6444,72,3,28.0,33.7,,run
2026-07-31T07:48:18+03:00,1785473298,6449,72,3,28.0,33.7,,run
2026-07-31T07:48:24+03:00,1785473304,6455,72,3,28.0,34.0,,run
2026-07-31T07:48:29+03:00,1785473309,6460,72,3,28.0,34.6,,run
2026-07-31T07:48:35+03:00,1785473315,6466,72,3,28.0,43.2,,run
2026-07-31T07:48:40+03:00,1785473320,6471,72,3,28.0,47.6,,run
2026-07-31T07:48:46+03:00,1785473326,6477,72,3,28.0,39.2,,run
2026-07-31T07:48:51+03:00,1785473331,6482,72,3,28.0,34.9,,run
2026-07-31T07:48:57+03:00,1785473337,6488,72,3,28.0,33.4,,run
2026-07-31T07:49:02+03:00,1785473342,6493,72,3,28.0,33.0,,run
2026-07-31T07:49:08+03:00,1785473348,6499,72,3,28.0,32.7,,run
2026-07-31T07:49:13+03:00,1785473353,6504,72,3,28.0,35.2,,run
2026-07-31T07:49:19+03:00,1785473359,6510,72,3,28.0,36.4,,run
2026-07-31T07:49:24+03:00,1785473364,6515,72,3,28.0,45.1,,run
2026-07-31T07:49:30+03:00,1785473370,6521,72,3,28.0,40.8,,run
2026-07-31T07:49:35+03:00,1785473375,6526,72,3,28.0,36.4,,run
2026-07-31T07:49:41+03:00,1785473381,6532,72,3,28.0,35.2,,run
2026-07-31T07:49:46+03:00,1785473386,6537,72,3,28.0,36.8,,run
2026-07-31T07:49:52+03:00,1785473392,6543,72,3,28.0,37.1,,run
2026-07-31T07:49:57+03:00,1785473397,6548,72,3,28.0,37.4,,run
2026-07-31T07:50:02+03:00,1785473402,6553,72,3,28.0,38.9,,run
2026-07-31T07:50:08+03:00,1785473408,6559,72,3,28.0,38.3,,run
2026-07-31T07:50:13+03:00,1785473413,6564,72,3,28.0,37.4,,run
2026-07-31T07:50:18+03:00,1785473418,6569,72,3,28.0,35.2,,run
2026-07-31T07:50:24+03:00,1785473424,6575,72,3,28.0,34.9,,run
2026-07-31T07:50:30+03:00,1785473430,6581,72,3,28.0,36.4,,run
2026-07-31T07:50:35+03:00,1785473435,6586,72,3,28.0,36.4,,run
2026-07-31T07:50:40+03:00,1785473440,6591,72,3,28.0,41.4,,run
2026-07-31T07:50:46+03:00,1785473446,6597,72,3,28.0,47.6,,run
2026-07-31T07:50:51+03:00,1785473451,6602,72,3,28.4,38.0,,run
2026-07-31T07:50:57+03:00,1785473457,6608,72,3,28.4,34.6,,run
2026-07-31T07:51:02+03:00,1785473462,6613,71,3,28.4,34.3,,run
2026-07-31T07:51:08+03:00,1785473468,6619,71,3,28.4,33.4,,run
2026-07-31T07:51:13+03:00,1785473473,6624,71,3,28.4,33.0,,run
2026-07-31T07:51:19+03:00,1785473479,6630,71,3,28.4,33.4,,run
2026-07-31T07:51:24+03:00,1785473484,6635,71,3,28.4,33.0,,run
2026-07-31T07:51:30+03:00,1785473490,6641,71,3,28.4,36.4,,run
2026-07-31T07:51:35+03:00,1785473495,6646,71,3,28.4,42.3,,run
2026-07-31T07:51:41+03:00,1785473501,6652,71,3,28.4,37.1,,run
2026-07-31T07:51:46+03:00,1785473506,6657,71,3,28.4,36.1,,run
2026-07-31T07:51:52+03:00,1785473512,6663,71,3,28.4,37.7,,run
2026-07-31T07:51:57+03:00,1785473517,6668,71,3,28.4,38.3,,run
2026-07-31T07:52:02+03:00,1785473522,6673,71,3,28.4,37.1,,run
2026-07-31T07:52:08+03:00,1785473528,6679,71,3,28.4,34.9,,run
2026-07-31T07:52:13+03:00,1785473533,6684,71,3,28.4,34.6,,run
2026-07-31T07:52:19+03:00,1785473539,6690,71,3,28.4,34.3,,run
2026-07-31T07:52:24+03:00,1785473544,6695,71,3,28.4,34.9,,run
2026-07-31T07:52:30+03:00,1785473550,6701,71,3,28.4,34.6,,run
2026-07-31T07:52:35+03:00,1785473555,6706,71,3,28.4,33.7,,run
2026-07-31T07:52:41+03:00,1785473561,6712,71,3,28.4,35.2,,run
2026-07-31T07:52:46+03:00,1785473566,6717,71,3,28.4,36.1,,run
2026-07-31T07:52:52+03:00,1785473572,6723,71,3,28.4,46.7,,run
2026-07-31T07:52:58+03:00,1785473578,6729,71,3,28.4,35.5,,run
2026-07-31T07:53:03+03:00,1785473583,6734,71,3,28.4,34.6,,run
2026-07-31T07:53:09+03:00,1785473589,6740,71,3,28.4,33.7,,run
2026-07-31T07:53:14+03:00,1785473594,6745,71,3,28.4,33.0,,run
2026-07-31T07:53:20+03:00,1785473600,6751,71,3,28.4,47.9,,run
2026-07-31T07:53:25+03:00,1785473605,6756,71,3,28.4,36.4,,run
2026-07-31T07:53:31+03:00,1785473611,6762,71,3,28.4,35.5,,run
2026-07-31T07:53:36+03:00,1785473616,6767,71,3,28.4,34.6,,run
2026-07-31T07:53:42+03:00,1785473622,6773,71,3,28.4,34.3,,run
2026-07-31T07:53:47+03:00,1785473627,6778,71,3,28.4,34.3,,run
2026-07-31T07:53:53+03:00,1785473633,6784,71,3,28.4,36.1,,run
2026-07-31T07:53:58+03:00,1785473638,6789,71,3,28.4,36.4,,run
2026-07-31T07:54:04+03:00,1785473644,6795,71,3,28.4,37.1,,run
2026-07-31T07:54:09+03:00,1785473649,6800,71,3,28.4,38.3,,run
2026-07-31T07:54:15+03:00,1785473655,6806,71,3,28.4,38.0,,run
2026-07-31T07:54:20+03:00,1785473660,6811,71,3,28.4,35.2,,run
2026-07-31T07:54:25+03:00,1785473665,6816,71,3,28.4,34.3,,run
2026-07-31T07:54:31+03:00,1785473671,6822,71,3,28.4,34.3,,run
2026-07-31T07:54:36+03:00,1785473676,6827,71,3,28.4,37.4,,run
2026-07-31T07:54:42+03:00,1785473682,6833,71,3,28.4,37.7,,run
2026-07-31T07:54:47+03:00,1785473687,6838,71,3,28.4,37.1,,run
2026-07-31T07:54:53+03:00,1785473693,6844,71,3,28.4,34.0,,run
2026-07-31T07:54:59+03:00,1785473699,6850,71,3,28.4,36.4,,run
2026-07-31T07:55:04+03:00,1785473704,6855,71,3,28.4,33.7,,run
2026-07-31T07:55:10+03:00,1785473710,6861,71,3,28.4,33.7,,run
2026-07-31T07:55:15+03:00,1785473715,6866,71,3,28.4,33.7,,run
2026-07-31T07:55:21+03:00,1785473721,6872,71,3,28.4,34.3,,run
2026-07-31T07:55:26+03:00,1785473726,6877,71,3,28.4,46.7,,run
2026-07-31T07:55:31+03:00,1785473731,6882,71,3,28.4,35.5,,run
2026-07-31T07:55:37+03:00,1785473737,6888,71,3,28.4,34.6,,run
2026-07-31T07:55:43+03:00,1785473743,6894,71,3,28.4,36.8,,run
2026-07-31T07:55:48+03:00,1785473748,6899,71,3,28.4,37.7,,run
2026-07-31T07:55:53+03:00,1785473753,6904,71,3,28.4,37.7,,run
2026-07-31T07:55:59+03:00,1785473759,6910,71,3,28.4,38.9,,run
2026-07-31T07:56:04+03:00,1785473764,6915,71,3,28.4,38.3,,run
2026-07-31T07:56:09+03:00,1785473769,6920,71,3,28.4,35.8,,run
2026-07-31T07:56:15+03:00,1785473775,6926,71,3,28.4,34.6,,run
2026-07-31T07:56:20+03:00,1785473780,6931,71,3,28.4,34.0,,run
2026-07-31T07:56:26+03:00,1785473786,6937,71,3,28.4,34.0,,run
2026-07-31T07:56:31+03:00,1785473791,6942,71,3,28.4,34.3,,run
2026-07-31T07:56:37+03:00,1785473797,6948,71,3,28.4,34.0,,run
2026-07-31T07:56:42+03:00,1785473802,6953,71,3,28.4,40.5,,run
2026-07-31T07:56:48+03:00,1785473808,6959,71,3,28.4,37.1,,run
2026-07-31T07:56:54+03:00,1785473814,6965,71,3,28.4,41.1,,run
2026-07-31T07:56:59+03:00,1785473819,6970,71,3,28.4,34.3,,run
2026-07-31T07:57:04+03:00,1785473824,6975,71,3,28.4,34.0,,run
2026-07-31T07:57:10+03:00,1785473830,6981,71,3,28.4,33.0,,run
2026-07-31T07:57:16+03:00,1785473836,6987,71,3,28.4,33.7,,run
2026-07-31T07:57:21+03:00,1785473841,6992,71,3,28.4,33.4,,run
2026-07-31T07:57:27+03:00,1785473847,6998,71,3,28.4,34.3,,run
2026-07-31T07:57:32+03:00,1785473852,7003,71,3,28.4,47.6,,run
2026-07-31T07:57:38+03:00,1785473858,7009,71,3,28.4,37.4,,run
2026-07-31T07:57:43+03:00,1785473863,7014,71,3,28.4,36.8,,run
2026-07-31T07:57:48+03:00,1785473868,7019,71,3,28.4,38.3,,run
2026-07-31T07:57:54+03:00,1785473874,7025,71,3,28.4,38.0,,run
2026-07-31T07:57:59+03:00,1785473879,7030,71,3,28.4,36.1,,run
2026-07-31T07:58:05+03:00,1785473885,7036,71,3,28.4,34.9,,run
2026-07-31T07:58:10+03:00,1785473890,7041,71,3,28.4,34.9,,run
2026-07-31T07:58:16+03:00,1785473896,7047,71,3,28.4,34.3,,run
2026-07-31T07:58:21+03:00,1785473901,7052,71,3,28.4,34.0,,run
2026-07-31T07:58:27+03:00,1785473907,7058,71,3,28.4,34.0,,run
2026-07-31T07:58:32+03:00,1785473912,7063,71,3,28.4,36.8,,run
2026-07-31T07:58:38+03:00,1785473918,7069,71,3,28.4,36.4,,run
2026-07-31T07:58:43+03:00,1785473923,7074,71,3,28.4,36.1,,run
2026-07-31T07:58:48+03:00,1785473928,7079,71,3,28.4,39.8,,run
2026-07-31T07:58:54+03:00,1785473934,7085,71,3,28.4,38.9,,run
2026-07-31T07:58:59+03:00,1785473939,7090,71,3,28.4,36.1,,run
2026-07-31T07:59:05+03:00,1785473945,7096,71,3,28.4,34.0,,run
2026-07-31T07:59:10+03:00,1785473950,7101,71,3,28.4,34.0,,run
2026-07-31T07:59:16+03:00,1785473956,7107,71,3,28.4,33.7,,run
2026-07-31T07:59:22+03:00,1785473962,7113,71,3,28.4,38.9,,run
2026-07-31T07:59:27+03:00,1785473967,7118,71,3,28.4,36.1,,run
2026-07-31T07:59:32+03:00,1785473972,7123,71,3,28.4,34.0,,run
2026-07-31T07:59:38+03:00,1785473978,7129,71,3,28.4,49.4,,run
2026-07-31T07:59:43+03:00,1785473983,7134,71,3,28.4,38.6,,run
2026-07-31T07:59:49+03:00,1785473989,7140,71,3,28.4,35.8,,run
2026-07-31T07:59:54+03:00,1785473994,7145,71,3,28.4,34.9,,run
2026-07-31T08:00:00+03:00,1785474000,7151,71,3,28.4,34.9,,run
2026-07-31T08:00:05+03:00,1785474005,7156,71,3,28.4,34.3,,run
2026-07-31T08:00:11+03:00,1785474011,7162,71,3,28.4,34.3,,run
2026-07-31T08:00:16+03:00,1785474016,7167,71,3,28.4,34.0,,run
2026-07-31T08:00:22+03:00,1785474022,7173,71,3,28.4,35.5,,run
2026-07-31T08:00:27+03:00,1785474027,7178,71,3,28.4,38.9,,run
2026-07-31T08:00:33+03:00,1785474033,7184,71,3,28.4,38.6,,run
2026-07-31T08:00:38+03:00,1785474038,7189,71,3,28.4,37.7,,run
2026-07-31T08:00:44+03:00,1785474044,7195,71,3,28.4,37.4,,run
2026-07-31T08:00:49+03:00,1785474049,7200,71,3,28.4,35.5,,run
2026-07-31T08:00:54+03:00,1785474054,7205,71,3,28.4,35.8,,run
2026-07-31T08:01:00+03:00,1785474060,7211,71,3,28.4,38.0,,run
2026-07-31T08:01:05+03:00,1785474065,7216,71,3,28.4,35.8,,run
2026-07-31T08:01:11+03:00,1785474071,7222,71,3,28.4,34.0,,run
2026-07-31T08:01:16+03:00,1785474076,7227,71,3,28.4,34.0,,run
2026-07-31T08:01:22+03:00,1785474082,7233,71,3,28.4,41.4,,run
2026-07-31T08:01:28+03:00,1785474088,7239,71,3,28.4,37.1,,run
2026-07-31T08:01:33+03:00,1785474093,7244,71,3,28.4,34.6,,run
2026-07-31T08:01:39+03:00,1785474099,7250,71,3,28.4,36.8,,run
2026-07-31T08:01:44+03:00,1785474104,7255,71,3,28.4,36.1,,run
2026-07-31T08:01:50+03:00,1785474110,7261,71,3,28.4,36.8,,run
2026-07-31T08:01:55+03:00,1785474115,7266,71,3,28.4,37.7,,run
2026-07-31T08:02:00+03:00,1785474120,7271,71,3,28.4,38.6,,run
2026-07-31T08:02:06+03:00,1785474126,7277,71,3,28.4,37.7,,run
2026-07-31T08:02:11+03:00,1785474131,7282,71,3,28.4,37.4,,run
2026-07-31T08:02:16+03:00,1785474136,7287,71,3,28.4,35.2,,run
2026-07-31T08:02:22+03:00,1785474142,7293,71,3,28.4,34.9,,run
2026-07-31T08:02:27+03:00,1785474147,7298,71,3,28.4,34.9,,run
2026-07-31T08:02:33+03:00,1785474153,7304,71,3,28.4,34.0,,run
2026-07-31T08:02:39+03:00,1785474159,7310,71,3,28.4,39.2,,run
2026-07-31T08:02:44+03:00,1785474164,7315,71,3,28.4,49.1,,run
2026-07-31T08:02:49+03:00,1785474169,7320,71,3,28.4,37.4,,run
2026-07-31T08:02:55+03:00,1785474175,7326,71,3,28.4,35.2,,run
2026-07-31T08:03:00+03:00,1785474180,7331,71,3,28.4,34.0,,run
2026-07-31T08:03:06+03:00,1785474186,7337,71,3,28.4,33.0,,run
2026-07-31T08:03:12+03:00,1785474192,7343,71,3,28.4,32.7,,run
2026-07-31T08:03:17+03:00,1785474197,7348,71,3,28.4,33.4,,run
2026-07-31T08:03:23+03:00,1785474203,7354,71,3,28.4,33.0,,run
2026-07-31T08:03:28+03:00,1785474208,7359,71,3,28.4,42.9,,run
2026-07-31T08:03:34+03:00,1785474214,7365,71,3,28.4,39.8,,run
2026-07-31T08:03:39+03:00,1785474219,7370,71,3,28.4,37.4,,run
2026-07-31T08:03:45+03:00,1785474225,7376,71,3,28.4,36.1,,run
2026-07-31T08:03:50+03:00,1785474230,7381,70,3,28.6,38.9,,run
2026-07-31T08:03:55+03:00,1785474235,7386,70,3,28.6,38.6,,run
2026-07-31T08:04:01+03:00,1785474241,7392,70,3,28.6,36.1,,run
2026-07-31T08:04:06+03:00,1785474246,7397,70,3,28.6,35.2,,run
2026-07-31T08:04:12+03:00,1785474252,7403,70,3,28.6,34.3,,run
2026-07-31T08:04:17+03:00,1785474257,7408,70,3,28.6,34.9,,run
2026-07-31T08:04:23+03:00,1785474263,7414,70,3,28.6,34.0,,run
2026-07-31T08:04:28+03:00,1785474268,7419,70,3,28.6,34.0,,run
2026-07-31T08:04:34+03:00,1785474274,7425,70,3,28.6,34.3,,run
2026-07-31T08:04:39+03:00,1785474279,7430,70,3,28.6,35.8,,run
2026-07-31T08:04:45+03:00,1785474285,7436,70,3,28.6,41.1,,run
2026-07-31T08:04:50+03:00,1785474290,7441,70,3,28.6,47.6,,run
2026-07-31T08:04:56+03:00,1785474296,7447,70,3,28.6,40.8,,run
2026-07-31T08:05:01+03:00,1785474301,7452,70,3,28.6,34.6,,run
2026-07-31T08:05:07+03:00,1785474307,7458,70,3,28.6,34.0,,run
2026-07-31T08:05:12+03:00,1785474312,7463,70,3,28.6,33.4,,run
2026-07-31T08:05:18+03:00,1785474318,7469,70,3,28.6,33.0,,run
2026-07-31T08:05:23+03:00,1785474323,7474,70,3,28.6,33.4,,run
2026-07-31T08:05:29+03:00,1785474329,7480,70,3,28.6,35.5,,run
2026-07-31T08:05:34+03:00,1785474334,7485,70,3,28.6,46.7,,run
2026-07-31T08:05:40+03:00,1785474340,7491,70,3,28.6,37.4,,run
2026-07-31T08:05:46+03:00,1785474346,7497,70,3,28.6,36.8,,run
2026-07-31T08:05:51+03:00,1785474351,7502,70,3,28.6,38.3,,run
2026-07-31T08:05:56+03:00,1785474356,7507,70,3,28.6,38.6,,run
2026-07-31T08:06:02+03:00,1785474362,7513,70,3,28.6,38.0,,run
2026-07-31T08:06:07+03:00,1785474367,7518,70,3,28.6,35.2,,run
2026-07-31T08:06:12+03:00,1785474372,7523,70,3,28.6,35.5,,run
2026-07-31T08:06:18+03:00,1785474378,7529,70,3,28.6,34.6,,run
2026-07-31T08:06:23+03:00,1785474383,7534,70,3,28.6,34.3,,run
2026-07-31T08:06:29+03:00,1785474389,7540,70,3,28.6,34.0,,run
2026-07-31T08:06:35+03:00,1785474395,7546,70,3,28.6,34.0,,run
2026-07-31T08:06:40+03:00,1785474400,7551,70,3,28.6,35.5,,run
2026-07-31T08:06:46+03:00,1785474406,7557,70,3,28.6,35.8,,run
2026-07-31T08:06:51+03:00,1785474411,7562,70,3,28.6,42.3,,run
2026-07-31T08:06:56+03:00,1785474416,7567,70,3,28.6,49.7,,run
2026-07-31T08:07:02+03:00,1785474422,7573,70,3,28.6,40.2,,run
2026-07-31T08:07:07+03:00,1785474427,7578,70,3,28.6,34.6,,run
2026-07-31T08:07:13+03:00,1785474433,7584,70,3,28.6,33.7,,run
2026-07-31T08:07:18+03:00,1785474438,7589,70,3,28.6,33.4,,run
2026-07-31T08:07:24+03:00,1785474444,7595,70,3,28.6,38.9,,run
2026-07-31T08:07:29+03:00,1785474449,7600,70,3,28.6,33.4,,run
2026-07-31T08:07:35+03:00,1785474455,7606,70,3,28.6,34.9,,run
2026-07-31T08:07:40+03:00,1785474460,7611,70,3,28.6,45.7,,run
2026-07-31T08:07:46+03:00,1785474466,7617,70,3,28.6,40.8,,run
2026-07-31T08:07:51+03:00,1785474471,7622,70,3,28.6,37.7,,run
2026-07-31T08:07:57+03:00,1785474477,7628,70,3,28.6,37.1,,run
2026-07-31T08:08:02+03:00,1785474482,7633,70,3,28.6,38.9,,run
2026-07-31T08:08:07+03:00,1785474487,7638,70,3,28.6,38.6,,run
2026-07-31T08:08:12+03:00,1785474492,7643,70,3,28.6,37.4,,run
2026-07-31T08:08:18+03:00,1785474498,7649,70,3,28.6,35.5,,run
2026-07-31T08:08:23+03:00,1785474503,7654,70,3,28.6,34.6,,run
2026-07-31T08:08:29+03:00,1785474509,7660,70,3,28.6,34.6,,run
2026-07-31T08:08:35+03:00,1785474515,7666,70,3,28.6,34.3,,run
2026-07-31T08:08:40+03:00,1785474520,7671,70,3,28.6,34.6,,run
2026-07-31T08:08:46+03:00,1785474526,7677,70,3,28.6,34.3,,run
2026-07-31T08:08:51+03:00,1785474531,7682,70,3,28.6,35.2,,run
2026-07-31T08:08:57+03:00,1785474537,7688,70,3,28.6,40.8,,run
2026-07-31T08:09:02+03:00,1785474542,7693,70,3,28.6,48.8,,run
2026-07-31T08:09:07+03:00,1785474547,7698,70,3,28.6,40.8,,run
2026-07-31T08:09:13+03:00,1785474553,7704,70,3,28.6,34.3,,run
2026-07-31T08:09:18+03:00,1785474558,7709,70,3,28.6,34.0,,run
2026-07-31T08:09:24+03:00,1785474564,7715,70,3,28.6,33.0,,run
2026-07-31T08:09:29+03:00,1785474569,7720,70,3,28.6,33.0,,run
2026-07-31T08:09:35+03:00,1785474575,7726,70,3,28.6,36.1,,run
2026-07-31T08:09:40+03:00,1785474580,7731,70,3,28.6,37.7,,run
2026-07-31T08:09:46+03:00,1785474586,7737,70,3,28.6,43.6,,run
2026-07-31T08:09:51+03:00,1785474591,7742,70,3,28.6,41.4,,run
2026-07-31T08:09:57+03:00,1785474597,7748,70,3,28.6,38.3,,run
2026-07-31T08:10:02+03:00,1785474602,7753,70,3,28.6,37.4,,run
2026-07-31T08:10:08+03:00,1785474608,7759,70,3,28.6,38.0,,run
2026-07-31T08:10:13+03:00,1785474613,7764,70,3,28.6,39.2,,run
2026-07-31T08:10:18+03:00,1785474618,7769,70,3,28.6,40.2,,run
2026-07-31T08:10:24+03:00,1785474624,7775,70,3,28.6,38.9,,run
2026-07-31T08:10:29+03:00,1785474629,7780,70,3,28.6,35.8,,run
2026-07-31T08:10:34+03:00,1785474634,7785,70,3,28.6,35.8,,run
2026-07-31T08:10:40+03:00,1785474640,7791,70,3,28.6,34.9,,run
2026-07-31T08:10:46+03:00,1785474646,7797,70,3,28.6,35.8,,run
2026-07-31T08:10:51+03:00,1785474651,7802,70,3,28.6,36.4,,run
2026-07-31T08:10:56+03:00,1785474656,7807,70,3,28.6,38.3,,run
2026-07-31T08:11:02+03:00,1785474662,7813,70,3,28.6,39.2,,run
2026-07-31T08:11:07+03:00,1785474667,7818,70,3,28.6,50.4,,run
2026-07-31T08:11:13+03:00,1785474673,7824,70,3,28.6,41.1,,run
2026-07-31T08:11:18+03:00,1785474678,7829,70,3,28.6,34.6,,run
2026-07-31T08:11:24+03:00,1785474684,7835,70,3,28.6,34.6,,run
2026-07-31T08:11:29+03:00,1785474689,7840,70,3,28.6,33.4,,run
2026-07-31T08:11:35+03:00,1785474695,7846,70,3,28.6,35.5,,run
2026-07-31T08:11:40+03:00,1785474700,7851,70,3,28.6,36.4,,run
2026-07-31T08:11:46+03:00,1785474706,7857,70,3,28.6,34.6,,run
2026-07-31T08:11:51+03:00,1785474711,7862,70,3,28.6,48.5,,run
2026-07-31T08:11:57+03:00,1785474717,7868,70,3,28.6,38.6,,run
2026-07-31T08:12:02+03:00,1785474722,7873,70,3,28.6,35.8,,run
2026-07-31T08:12:08+03:00,1785474728,7879,70,3,28.6,34.6,,run
2026-07-31T08:12:13+03:00,1785474733,7884,70,3,28.6,34.6,,run
2026-07-31T08:12:19+03:00,1785474739,7890,70,3,28.6,36.1,,run
2026-07-31T08:12:24+03:00,1785474744,7895,70,3,28.6,36.8,,run
2026-07-31T08:12:30+03:00,1785474750,7901,70,3,28.6,38.0,,run
2026-07-31T08:12:35+03:00,1785474755,7906,70,3,28.6,38.6,,run
2026-07-31T08:12:40+03:00,1785474760,7911,70,3,28.6,38.6,,run
2026-07-31T08:12:46+03:00,1785474766,7917,70,3,28.6,36.1,,run
2026-07-31T08:12:51+03:00,1785474771,7922,70,3,28.6,34.9,,run
2026-07-31T08:12:57+03:00,1785474777,7928,70,3,28.6,35.2,,run
2026-07-31T08:13:02+03:00,1785474782,7933,70,3,28.6,34.0,,run
2026-07-31T08:13:08+03:00,1785474788,7939,70,3,28.6,40.5,,run
2026-07-31T08:13:13+03:00,1785474793,7944,70,3,28.6,48.2,,run
2026-07-31T08:13:19+03:00,1785474799,7950,70,3,28.6,41.7,,run
2026-07-31T08:13:24+03:00,1785474804,7955,70,3,28.6,34.3,,run
2026-07-31T08:13:30+03:00,1785474810,7961,70,3,28.6,34.0,,run
2026-07-31T08:13:35+03:00,1785474815,7966,70,3,28.6,33.0,,run
2026-07-31T08:13:41+03:00,1785474821,7972,70,3,28.6,33.0,,run
2026-07-31T08:13:46+03:00,1785474826,7977,70,3,28.6,35.5,,run
2026-07-31T08:13:52+03:00,1785474832,7983,70,3,28.6,36.1,,run
2026-07-31T08:13:57+03:00,1785474837,7988,70,3,28.6,47.3,,run
2026-07-31T08:14:03+03:00,1785474843,7994,70,3,28.6,39.8,,run
2026-07-31T08:14:08+03:00,1785474848,7999,70,3,28.6,38.0,,run
2026-07-31T08:14:14+03:00,1785474854,8005,70,3,28.6,36.4,,run
2026-07-31T08:14:19+03:00,1785474859,8010,70,3,28.6,34.9,,run
2026-07-31T08:14:25+03:00,1785474865,8016,70,3,28.6,34.6,,run
2026-07-31T08:14:30+03:00,1785474870,8021,70,3,28.6,34.3,,run
2026-07-31T08:14:36+03:00,1785474876,8027,70,3,28.6,34.3,,run
2026-07-31T08:14:41+03:00,1785474881,8032,70,3,28.6,33.7,,run
2026-07-31T08:14:47+03:00,1785474887,8038,70,3,28.6,34.0,,run
2026-07-31T08:14:52+03:00,1785474892,8043,70,3,28.6,36.1,,run
2026-07-31T08:14:58+03:00,1785474898,8049,70,3,28.6,37.4,,run
2026-07-31T08:15:03+03:00,1785474903,8054,70,3,28.6,38.0,,run
2026-07-31T08:15:08+03:00,1785474908,8059,70,3,28.6,38.3,,run
2026-07-31T08:15:14+03:00,1785474914,8065,70,3,28.6,43.2,,run
2026-07-31T08:15:19+03:00,1785474919,8070,70,3,28.6,49.4,,run
2026-07-31T08:15:24+03:00,1785474924,8075,70,3,28.6,39.5,,run
2026-07-31T08:15:30+03:00,1785474930,8081,70,3,28.6,35.2,,run
2026-07-31T08:15:36+03:00,1785474936,8087,70,3,28.6,34.0,,run
2026-07-31T08:15:41+03:00,1785474941,8092,70,3,28.6,33.0,,run
2026-07-31T08:15:47+03:00,1785474947,8098,70,3,28.6,37.1,,run
2026-07-31T08:15:52+03:00,1785474952,8103,70,3,28.6,36.8,,run
2026-07-31T08:15:57+03:00,1785474957,8108,70,3,28.6,37.4,,run
2026-07-31T08:16:03+03:00,1785474963,8114,70,3,28.6,47.3,,run
2026-07-31T08:16:09+03:00,1785474969,8120,70,3,28.6,40.2,,run
2026-07-31T08:16:14+03:00,1785474974,8125,70,3,28.6,38.6,,run
2026-07-31T08:16:20+03:00,1785474980,8131,70,3,28.6,35.2,,run
2026-07-31T08:16:25+03:00,1785474985,8136,70,3,28.6,34.9,,run
2026-07-31T08:16:31+03:00,1785474991,8142,70,3,28.6,35.2,,run
2026-07-31T08:16:36+03:00,1785474996,8147,70,3,28.6,34.9,,run
2026-07-31T08:16:42+03:00,1785475002,8153,69,3,28.6,34.3,,run
2026-07-31T08:16:47+03:00,1785475007,8158,69,3,28.6,34.0,,run
2026-07-31T08:16:53+03:00,1785475013,8164,69,3,28.6,36.4,,run
2026-07-31T08:16:58+03:00,1785475018,8169,69,3,28.6,36.4,,run
2026-07-31T08:17:03+03:00,1785475023,8174,69,3,28.6,38.3,,run
2026-07-31T08:17:09+03:00,1785475029,8180,69,3,28.6,37.7,,run
2026-07-31T08:17:14+03:00,1785475034,8185,69,3,28.6,38.0,,run
2026-07-31T08:17:20+03:00,1785475040,8191,69,3,28.6,41.1,,run
2026-07-31T08:17:25+03:00,1785475045,8196,69,3,28.6,44.5,,run
2026-07-31T08:17:30+03:00,1785475050,8201,69,3,28.6,36.4,,run
2026-07-31T08:17:36+03:00,1785475056,8207,69,3,28.6,34.0,,run
2026-07-31T08:17:41+03:00,1785475061,8212,69,3,28.6,33.7,,run
2026-07-31T08:17:47+03:00,1785475067,8218,69,3,28.6,35.5,,run
2026-07-31T08:17:53+03:00,1785475073,8224,69,3,28.6,39.5,,run
2026-07-31T08:17:58+03:00,1785475078,8229,69,3,28.6,35.8,,run
2026-07-31T08:18:04+03:00,1785475084,8235,69,3,28.6,34.9,,run
2026-07-31T08:18:09+03:00,1785475089,8240,69,3,28.6,34.6,,run
2026-07-31T08:18:15+03:00,1785475095,8246,69,3,28.6,34.9,,run
2026-07-31T08:18:20+03:00,1785475100,8251,69,3,28.6,34.3,,run
2026-07-31T08:18:26+03:00,1785475106,8257,69,3,28.6,34.3,,run
2026-07-31T08:18:31+03:00,1785475111,8262,69,3,28.6,36.4,,run
2026-07-31T08:18:37+03:00,1785475117,8268,69,3,28.6,38.0,,run
2026-07-31T08:18:42+03:00,1785475122,8273,69,3,28.6,39.2,,run
2026-07-31T08:18:48+03:00,1785475128,8279,69,3,28.6,38.3,,run
2026-07-31T08:18:53+03:00,1785475133,8284,69,3,28.6,37.4,,run
2026-07-31T08:18:58+03:00,1785475138,8289,69,3,28.6,35.5,,run
2026-07-31T08:19:04+03:00,1785475144,8295,69,3,28.6,34.6,,run
2026-07-31T08:19:09+03:00,1785475149,8300,69,3,28.6,49.4,,run
2026-07-31T08:19:15+03:00,1785475155,8306,69,3,28.6,35.8,,run
2026-07-31T08:19:20+03:00,1785475160,8311,69,3,28.6,34.9,,run
2026-07-31T08:19:26+03:00,1785475166,8317,69,3,28.6,33.7,,run
2026-07-31T08:19:31+03:00,1785475171,8322,69,3,28.6,33.7,,run
2026-07-31T08:19:37+03:00,1785475177,8328,69,3,28.7,32.7,,run
2026-07-31T08:19:43+03:00,1785475183,8334,69,3,28.7,36.1,,run
2026-07-31T08:19:48+03:00,1785475188,8339,69,3,28.7,38.6,,run
2026-07-31T08:19:53+03:00,1785475193,8344,69,3,28.7,38.9,,run
2026-07-31T08:19:59+03:00,1785475199,8350,69,3,28.7,42.3,,run
2026-07-31T08:20:04+03:00,1785475204,8355,69,3,28.7,38.0,,run
2026-07-31T08:20:09+03:00,1785475209,8360,69,3,28.7,38.6,,run
2026-07-31T08:20:15+03:00,1785475215,8366,69,3,28.7,38.9,,run
2026-07-31T08:20:20+03:00,1785475220,8371,69,3,28.7,36.1,,run
2026-07-31T08:20:26+03:00,1785475226,8377,69,3,28.7,34.9,,run
2026-07-31T08:20:31+03:00,1785475231,8382,69,3,28.7,34.9,,run
2026-07-31T08:20:37+03:00,1785475237,8388,69,3,28.7,35.2,,run
2026-07-31T08:20:42+03:00,1785475242,8393,69,3,28.7,34.6,,run
2026-07-31T08:20:48+03:00,1785475248,8399,69,3,28.7,34.3,,run
2026-07-31T08:20:53+03:00,1785475253,8404,69,3,28.7,34.6,,run
2026-07-31T08:20:59+03:00,1785475259,8410,69,3,28.7,36.1,,run
2026-07-31T08:21:04+03:00,1785475264,8415,69,3,28.7,37.1,,run
2026-07-31T08:21:10+03:00,1785475270,8421,69,3,28.7,37.4,,run
2026-07-31T08:21:15+03:00,1785475275,8426,69,3,28.7,49.4,,run
2026-07-31T08:21:21+03:00,1785475281,8432,69,3,28.7,37.1,,run
2026-07-31T08:21:26+03:00,1785475286,8437,69,3,28.7,37.7,,run
2026-07-31T08:21:32+03:00,1785475292,8443,69,3,28.7,34.3,,run
2026-07-31T08:21:37+03:00,1785475297,8448,69,3,28.7,34.0,,run
2026-07-31T08:21:43+03:00,1785475303,8454,69,3,28.7,33.7,,run
2026-07-31T08:21:49+03:00,1785475309,8460,69,3,28.7,33.7,,run
2026-07-31T08:21:54+03:00,1785475314,8465,69,3,28.7,33.4,,run
2026-07-31T08:22:00+03:00,1785475320,8471,69,3,28.7,35.5,,run
2026-07-31T08:22:05+03:00,1785475325,8476,69,3,28.7,46.7,,run
2026-07-31T08:22:11+03:00,1785475331,8482,69,3,28.7,35.5,,run
2026-07-31T08:22:16+03:00,1785475336,8487,69,3,28.7,37.1,,run
2026-07-31T08:22:22+03:00,1785475342,8493,69,3,28.7,36.8,,run
2026-07-31T08:22:27+03:00,1785475347,8498,69,3,28.7,38.0,,run
2026-07-31T08:22:32+03:00,1785475352,8503,69,3,28.7,38.6,,run
2026-07-31T08:22:38+03:00,1785475358,8509,69,3,28.7,37.4,,run
2026-07-31T08:22:43+03:00,1785475363,8514,69,3,28.7,35.2,,run
2026-07-31T08:22:49+03:00,1785475369,8520,69,3,28.7,34.6,,run
2026-07-31T08:22:54+03:00,1785475374,8525,69,3,28.7,34.6,,run
2026-07-31T08:23:00+03:00,1785475380,8531,69,3,28.7,34.6,,run
2026-07-31T08:23:05+03:00,1785475385,8536,69,3,28.7,37.4,,run
2026-07-31T08:23:11+03:00,1785475391,8542,69,3,28.7,34.6,,run
2026-07-31T08:23:16+03:00,1785475396,8547,69,3,28.7,34.3,,run
2026-07-31T08:23:22+03:00,1785475402,8553,69,3,28.7,46.7,,run
2026-07-31T08:23:27+03:00,1785475407,8558,69,3,28.7,37.4,,run
2026-07-31T08:23:33+03:00,1785475413,8564,69,3,28.7,37.1,,run
2026-07-31T08:23:38+03:00,1785475418,8569,69,3,28.7,34.3,,run
2026-07-31T08:23:44+03:00,1785475424,8575,69,3,28.7,34.0,,run
2026-07-31T08:23:49+03:00,1785475429,8580,69,3,28.7,33.4,,run
2026-07-31T08:23:55+03:00,1785475435,8586,69,3,28.7,34.9,,run
2026-07-31T08:24:01+03:00,1785475441,8592,69,3,28.7,34.3,,run
2026-07-31T08:24:06+03:00,1785475446,8597,69,3,28.7,33.7,,run
2026-07-31T08:24:12+03:00,1785475452,8603,69,3,28.7,35.8,,run
2026-07-31T08:24:17+03:00,1785475457,8608,69,3,28.7,44.5,,run
2026-07-31T08:24:23+03:00,1785475463,8614,69,3,28.7,38.6,,run
2026-07-31T08:24:28+03:00,1785475468,8619,69,3,28.7,35.8,,run
2026-07-31T08:24:34+03:00,1785475474,8625,69,3,28.7,37.7,,run
2026-07-31T08:24:39+03:00,1785475479,8630,69,3,28.7,37.7,,run
2026-07-31T08:24:45+03:00,1785475485,8636,69,3,28.7,38.9,,run
2026-07-31T08:24:50+03:00,1785475490,8641,69,3,28.7,39.2,,run
2026-07-31T08:24:55+03:00,1785475495,8646,69,3,28.7,38.0,,run
2026-07-31T08:25:01+03:00,1785475501,8652,69,3,28.7,35.5,,run
2026-07-31T08:25:06+03:00,1785475506,8657,69,3,28.7,34.6,,run
2026-07-31T08:25:12+03:00,1785475512,8663,69,3,28.7,35.2,,run
2026-07-31T08:25:17+03:00,1785475517,8668,69,3,28.7,34.3,,run
2026-07-31T08:25:23+03:00,1785475523,8674,69,3,28.7,34.6,,run
2026-07-31T08:25:28+03:00,1785475528,8679,69,3,28.7,34.3,,run
2026-07-31T08:25:34+03:00,1785475534,8685,69,3,28.7,47.3,,run
2026-07-31T08:25:39+03:00,1785475539,8690,69,3,28.7,36.1,,run
2026-07-31T08:25:45+03:00,1785475545,8696,69,3,28.7,36.8,,run
2026-07-31T08:25:50+03:00,1785475550,8701,69,3,28.7,34.0,,run
2026-07-31T08:25:56+03:00,1785475556,8707,69,3,28.7,34.3,,run
2026-07-31T08:26:02+03:00,1785475562,8713,69,3,28.7,33.4,,run
2026-07-31T08:26:07+03:00,1785475567,8718,69,3,28.7,37.1,,run
2026-07-31T08:26:12+03:00,1785475572,8723,69,3,28.7,36.1,,run
2026-07-31T08:26:18+03:00,1785475578,8729,69,3,28.7,34.0,,run
2026-07-31T08:26:23+03:00,1785475583,8734,69,3,28.7,48.2,,run
2026-07-31T08:26:29+03:00,1785475589,8740,69,3,28.7,37.1,,run
2026-07-31T08:26:34+03:00,1785475594,8745,69,3,28.7,36.1,,run
2026-07-31T08:26:40+03:00,1785475600,8751,69,3,28.7,35.2,,run
2026-07-31T08:26:45+03:00,1785475605,8756,69,3,28.7,35.2,,run
2026-07-31T08:26:51+03:00,1785475611,8762,69,3,28.7,34.9,,run
2026-07-31T08:26:56+03:00,1785475616,8767,69,3,28.7,34.3,,run
2026-07-31T08:27:02+03:00,1785475622,8773,69,3,28.7,34.3,,run
2026-07-31T08:27:07+03:00,1785475627,8778,69,3,28.7,36.4,,run
2026-07-31T08:27:13+03:00,1785475633,8784,69,3,28.7,36.8,,run
2026-07-31T08:27:18+03:00,1785475638,8789,69,3,28.7,38.3,,run
2026-07-31T08:27:24+03:00,1785475644,8795,69,3,28.7,37.7,,run
2026-07-31T08:27:29+03:00,1785475649,8800,69,3,28.7,38.0,,run
2026-07-31T08:27:34+03:00,1785475654,8805,69,3,28.7,35.5,,run
2026-07-31T08:27:40+03:00,1785475660,8811,69,3,28.7,36.4,,run
2026-07-31T08:27:45+03:00,1785475665,8816,69,3,28.7,41.1,,run
2026-07-31T08:27:51+03:00,1785475671,8822,69,3,28.7,36.8,,run
2026-07-31T08:27:56+03:00,1785475676,8827,69,3,28.7,34.3,,run
2026-07-31T08:28:02+03:00,1785475682,8833,69,3,28.7,34.3,,run
2026-07-31T08:28:07+03:00,1785475687,8838,69,3,28.7,36.1,,run
2026-07-31T08:28:13+03:00,1785475693,8844,69,3,28.7,38.0,,run
2026-07-31T08:28:19+03:00,1785475699,8850,69,3,28.7,36.1,,run
2026-07-31T08:28:24+03:00,1785475704,8855,69,3,28.7,35.2,,run
2026-07-31T08:28:30+03:00,1785475710,8861,69,3,28.7,34.6,,run
2026-07-31T08:28:35+03:00,1785475715,8866,69,3,28.7,35.8,,run
2026-07-31T08:28:41+03:00,1785475721,8872,69,3,28.7,37.1,,run
2026-07-31T08:28:46+03:00,1785475726,8877,69,3,28.7,38.0,,run
2026-07-31T08:28:51+03:00,1785475731,8882,69,3,28.7,38.6,,run
2026-07-31T08:28:57+03:00,1785475737,8888,69,3,28.7,38.0,,run
2026-07-31T08:29:02+03:00,1785475742,8893,69,3,28.7,36.1,,run
2026-07-31T08:29:08+03:00,1785475748,8899,69,3,28.7,35.2,,run
2026-07-31T08:29:13+03:00,1785475753,8904,69,3,28.7,35.2,,run
2026-07-31T08:29:19+03:00,1785475759,8910,69,3,28.7,34.3,,run
2026-07-31T08:29:24+03:00,1785475764,8915,69,3,28.7,40.2,,run
2026-07-31T08:29:30+03:00,1785475770,8921,69,3,28.7,49.7,,run
2026-07-31T08:29:35+03:00,1785475775,8926,69,3,28.7,37.1,,run
2026-07-31T08:29:41+03:00,1785475781,8932,69,3,28.7,34.9,,run
2026-07-31T08:29:46+03:00,1785475786,8937,69,3,28.7,35.5,,run
2026-07-31T08:29:52+03:00,1785475792,8943,69,3,28.7,35.2,,run
2026-07-31T08:29:57+03:00,1785475797,8948,69,3,28.7,44.8,,run
2026-07-31T08:30:03+03:00,1785475803,8954,69,3,28.7,35.8,,run
2026-07-31T08:30:08+03:00,1785475808,8959,69,3,28.7,37.4,,run
2026-07-31T08:30:14+03:00,1785475814,8965,69,3,28.7,37.1,,run
2026-07-31T08:30:19+03:00,1785475819,8970,69,3,28.7,38.6,,run
2026-07-31T08:30:24+03:00,1785475824,8975,69,3,28.7,38.6,,run
2026-07-31T08:30:30+03:00,1785475830,8981,69,3,28.7,38.9,,run
2026-07-31T08:30:35+03:00,1785475835,8986,68,3,29.0,36.1,,run
2026-07-31T08:30:40+03:00,1785475840,8991,68,3,29.0,34.9,,run
2026-07-31T08:30:46+03:00,1785475846,8997,68,3,29.0,34.9,,run
2026-07-31T08:30:52+03:00,1785475852,9003,68,3,28.9,34.6,,run
2026-07-31T08:30:57+03:00,1785475857,9008,68,3,28.9,34.9,,run
2026-07-31T08:31:03+03:00,1785475863,9014,68,3,28.9,34.3,,run
2026-07-31T08:31:08+03:00,1785475868,9019,68,3,28.9,35.8,,run
2026-07-31T08:31:14+03:00,1785475874,9025,68,3,28.9,49.4,,run
2026-07-31T08:31:19+03:00,1785475879,9030,68,3,28.9,37.1,,run
2026-07-31T08:31:25+03:00,1785475885,9036,68,3,28.9,35.5,,run
2026-07-31T08:31:30+03:00,1785475890,9041,68,3,28.9,34.6,,run
2026-07-31T08:31:36+03:00,1785475896,9047,68,3,28.9,34.0,,run
2026-07-31T08:31:42+03:00,1785475902,9053,68,3,28.9,33.4,,run
2026-07-31T08:31:47+03:00,1785475907,9058,68,3,28.9,33.7,,run
2026-07-31T08:31:53+03:00,1785475913,9064,68,3,28.9,33.7,,run
2026-07-31T08:31:58+03:00,1785475918,9069,68,3,28.9,46.0,,run
2026-07-31T08:32:04+03:00,1785475924,9075,68,3,28.9,37.1,,run
2026-07-31T08:32:09+03:00,1785475929,9080,68,3,28.9,35.8,,run
2026-07-31T08:32:15+03:00,1785475935,9086,68,3,28.9,38.6,,run
2026-07-31T08:32:20+03:00,1785475940,9091,68,3,28.9,37.7,,run
2026-07-31T08:32:26+03:00,1785475946,9097,68,3,28.9,37.1,,run
2026-07-31T08:32:31+03:00,1785475951,9102,68,3,28.9,38.0,,run
2026-07-31T08:32:37+03:00,1785475957,9108,68,3,28.9,38.3,,run
2026-07-31T08:32:42+03:00,1785475962,9113,68,3,28.9,37.4,,run
2026-07-31T08:32:47+03:00,1785475967,9118,68,3,28.9,34.9,,run
2026-07-31T08:32:53+03:00,1785475973,9124,68,3,28.9,34.9,,run
2026-07-31T08:32:58+03:00,1785475978,9129,68,3,28.9,34.9,,run
2026-07-31T08:33:04+03:00,1785475984,9135,68,3,28.9,34.3,,run
2026-07-31T08:33:10+03:00,1785475990,9141,68,3,28.9,34.6,,run
2026-07-31T08:33:15+03:00,1785475995,9146,68,3,28.9,42.9,,run
2026-07-31T08:33:21+03:00,1785476001,9152,68,3,28.9,49.1,,run
2026-07-31T08:33:26+03:00,1785476006,9157,68,3,28.9,40.8,,run
2026-07-31T08:33:31+03:00,1785476011,9162,68,3,28.9,34.9,,run
2026-07-31T08:33:37+03:00,1785476017,9168,68,3,28.9,34.0,,run
2026-07-31T08:33:43+03:00,1785476023,9174,68,3,28.9,33.7,,run
2026-07-31T08:33:48+03:00,1785476028,9179,68,3,28.9,33.4,,run
2026-07-31T08:33:54+03:00,1785476034,9185,68,3,28.9,35.8,,run
2026-07-31T08:33:59+03:00,1785476039,9190,68,3,28.9,35.8,,run
2026-07-31T08:34:04+03:00,1785476044,9195,68,3,28.9,48.2,,run
2026-07-31T08:34:10+03:00,1785476050,9201,68,3,28.9,41.7,,run
2026-07-31T08:34:15+03:00,1785476055,9206,68,3,28.9,41.4,,run
2026-07-31T08:34:21+03:00,1785476061,9212,68,3,28.9,36.1,,run
2026-07-31T08:34:26+03:00,1785476066,9217,68,3,28.9,35.5,,run
2026-07-31T08:34:32+03:00,1785476072,9223,68,3,28.9,35.2,,run
2026-07-31T08:34:37+03:00,1785476077,9228,68,3,28.9,35.2,,run
2026-07-31T08:34:43+03:00,1785476083,9234,68,3,28.9,34.9,,run
2026-07-31T08:34:48+03:00,1785476088,9239,68,3,28.9,34.9,,run
2026-07-31T08:34:54+03:00,1785476094,9245,68,3,28.9,37.1,,run
2026-07-31T08:34:59+03:00,1785476099,9250,68,3,28.9,36.8,,run
2026-07-31T08:35:05+03:00,1785476105,9256,68,3,28.9,38.3,,run
2026-07-31T08:35:10+03:00,1785476110,9261,68,3,28.9,38.3,,run
2026-07-31T08:35:15+03:00,1785476115,9266,68,3,28.9,38.0,,run
2026-07-31T08:35:21+03:00,1785476121,9272,68,3,28.9,36.8,,run
2026-07-31T08:35:26+03:00,1785476126,9277,68,3,28.9,42.6,,run
2026-07-31T08:35:32+03:00,1785476132,9283,68,3,28.9,37.7,,run
2026-07-31T08:35:37+03:00,1785476137,9288,68,3,28.9,34.6,,run
2026-07-31T08:35:43+03:00,1785476143,9294,68,3,28.9,34.0,,run
2026-07-31T08:35:48+03:00,1785476148,9299,68,3,28.9,34.0,,run
2026-07-31T08:35:54+03:00,1785476154,9305,68,3,28.9,38.9,,run
2026-07-31T08:35:59+03:00,1785476159,9310,68,3,28.9,35.2,,run
2026-07-31T08:36:05+03:00,1785476165,9316,68,3,28.9,34.3,,run
2026-07-31T08:36:10+03:00,1785476170,9321,68,3,28.9,47.3,,run
2026-07-31T08:36:16+03:00,1785476176,9327,68,3,28.9,36.4,,run
2026-07-31T08:36:21+03:00,1785476181,9332,68,3,28.9,35.2,,run
2026-07-31T08:36:27+03:00,1785476187,9338,68,3,28.9,34.9,,run
2026-07-31T08:36:32+03:00,1785476192,9343,68,3,28.9,34.9,,run
2026-07-31T08:36:38+03:00,1785476198,9349,68,3,28.9,37.4,,run
2026-07-31T08:36:43+03:00,1785476203,9354,68,3,28.9,37.7,,run
2026-07-31T08:36:49+03:00,1785476209,9360,68,3,28.9,38.6,,run
2026-07-31T08:36:54+03:00,1785476214,9365,68,3,28.9,38.3,,run
2026-07-31T08:36:59+03:00,1785476219,9370,68,3,28.9,38.3,,run
2026-07-31T08:37:05+03:00,1785476225,9376,68,3,28.9,35.2,,run
2026-07-31T08:37:10+03:00,1785476230,9381,68,3,28.9,34.6,,run
2026-07-31T08:37:16+03:00,1785476236,9387,68,3,28.9,35.5,,run
2026-07-31T08:37:21+03:00,1785476241,9392,68,3,28.9,34.9,,run
2026-07-31T08:37:27+03:00,1785476247,9398,68,3,28.9,38.6,,run
2026-07-31T08:37:32+03:00,1785476252,9403,68,3,28.9,37.4,,run
2026-07-31T08:37:38+03:00,1785476258,9409,68,3,28.9,40.2,,run
2026-07-31T08:37:43+03:00,1785476263,9414,68,3,28.9,34.6,,run
2026-07-31T08:37:49+03:00,1785476269,9420,68,3,28.9,34.3,,run
2026-07-31T08:37:54+03:00,1785476274,9425,68,3,28.9,33.4,,run
2026-07-31T08:38:00+03:00,1785476280,9431,68,3,28.9,34.0,,run
2026-07-31T08:38:06+03:00,1785476286,9437,68,3,28.9,34.0,,run
2026-07-31T08:38:11+03:00,1785476291,9442,68,3,28.9,33.4,,run
2026-07-31T08:38:17+03:00,1785476297,9448,68,3,28.9,46.7,,run
2026-07-31T08:38:22+03:00,1785476302,9453,68,3,28.9,35.8,,run
2026-07-31T08:38:28+03:00,1785476308,9459,68,3,28.9,36.8,,run
2026-07-31T08:38:33+03:00,1785476313,9464,68,3,28.9,37.7,,run
2026-07-31T08:38:38+03:00,1785476318,9469,68,3,28.9,37.4,,run
2026-07-31T08:38:44+03:00,1785476324,9475,68,3,28.9,38.6,,run
2026-07-31T08:38:49+03:00,1785476329,9480,68,3,28.9,38.3,,run
2026-07-31T08:38:55+03:00,1785476335,9486,68,3,28.9,35.5,,run
2026-07-31T08:39:00+03:00,1785476340,9491,68,3,28.9,34.6,,run
2026-07-31T08:39:06+03:00,1785476346,9497,68,3,28.9,34.9,,run
2026-07-31T08:39:11+03:00,1785476351,9502,68,3,28.9,34.3,,run
2026-07-31T08:39:17+03:00,1785476357,9508,68,3,28.9,34.3,,run
2026-07-31T08:39:22+03:00,1785476362,9513,68,3,28.9,34.6,,run
2026-07-31T08:39:28+03:00,1785476368,9519,68,3,28.9,37.1,,run
2026-07-31T08:39:33+03:00,1785476373,9524,68,3,28.9,44.8,,run
2026-07-31T08:39:39+03:00,1785476379,9530,68,3,28.9,36.8,,run
2026-07-31T08:39:45+03:00,1785476385,9536,68,3,28.9,38.9,,run
2026-07-31T08:39:50+03:00,1785476390,9541,68,3,28.9,34.3,,run
2026-07-31T08:39:56+03:00,1785476396,9547,68,3,28.9,33.7,,run
2026-07-31T08:40:01+03:00,1785476401,9552,68,3,28.9,33.7,,run
2026-07-31T08:40:07+03:00,1785476407,9558,68,3,28.9,35.8,,run
2026-07-31T08:40:12+03:00,1785476412,9563,68,3,28.9,35.8,,run
2026-07-31T08:40:18+03:00,1785476418,9569,68,3,28.9,37.1,,run
2026-07-31T08:40:23+03:00,1785476423,9574,68,3,28.9,49.4,,run
2026-07-31T08:40:29+03:00,1785476429,9580,68,3,28.9,39.8,,run
2026-07-31T08:40:34+03:00,1785476434,9585,68,3,28.9,38.6,,run
2026-07-31T08:40:39+03:00,1785476439,9590,68,3,28.9,38.9,,run
2026-07-31T08:40:45+03:00,1785476445,9596,68,3,28.9,36.4,,run
2026-07-31T08:40:50+03:00,1785476450,9601,68,3,29.0,36.1,,run
2026-07-31T08:40:56+03:00,1785476456,9607,68,3,29.0,34.6,,run
2026-07-31T08:41:01+03:00,1785476461,9612,68,3,29.0,34.6,,run
2026-07-31T08:41:07+03:00,1785476467,9618,68,3,29.0,34.6,,run
2026-07-31T08:41:12+03:00,1785476472,9623,68,3,29.0,34.9,,run
2026-07-31T08:41:18+03:00,1785476478,9629,68,3,29.0,34.6,,run
2026-07-31T08:41:23+03:00,1785476483,9634,68,3,29.0,36.4,,run
2026-07-31T08:41:29+03:00,1785476489,9640,68,3,29.0,36.8,,run
2026-07-31T08:41:34+03:00,1785476494,9645,68,3,29.0,38.6,,run
2026-07-31T08:41:40+03:00,1785476500,9651,68,3,29.0,47.0,,run
2026-07-31T08:41:45+03:00,1785476505,9656,68,3,29.0,36.1,,run
2026-07-31T08:41:51+03:00,1785476511,9662,68,3,29.0,36.1,,run
2026-07-31T08:41:56+03:00,1785476516,9667,68,3,29.0,34.0,,run
2026-07-31T08:42:02+03:00,1785476522,9673,68,3,29.0,35.2,,run
2026-07-31T08:42:08+03:00,1785476528,9679,68,3,29.0,33.4,,run
2026-07-31T08:42:13+03:00,1785476533,9684,68,3,29.0,35.8,,run
2026-07-31T08:42:19+03:00,1785476539,9690,68,3,29.0,36.1,,run
2026-07-31T08:42:24+03:00,1785476544,9695,68,3,29.0,37.4,,run
2026-07-31T08:42:29+03:00,1785476549,9700,68,3,29.0,46.3,,run
2026-07-31T08:42:35+03:00,1785476555,9706,68,3,29.0,40.2,,run
2026-07-31T08:42:41+03:00,1785476560,9711,68,3,29.0,39.2,,run
2026-07-31T08:42:46+03:00,1785476566,9717,68,3,29.0,39.5,,run
2026-07-31T08:42:51+03:00,1785476571,9722,68,3,29.0,40.5,,run
2026-07-31T08:42:57+03:00,1785476577,9728,68,3,29.0,39.8,,run
2026-07-31T08:43:02+03:00,1785476582,9733,68,3,29.0,38.9,,run
2026-07-31T08:43:07+03:00,1785476587,9738,68,3,29.0,38.9,,run
2026-07-31T08:43:13+03:00,1785476593,9744,68,3,29.0,35.8,,run
2026-07-31T08:43:18+03:00,1785476598,9749,68,3,29.0,35.5,,run
2026-07-31T08:43:24+03:00,1785476604,9755,68,3,29.0,35.2,,run
2026-07-31T08:43:29+03:00,1785476609,9760,68,3,29.0,36.8,,run
2026-07-31T08:43:35+03:00,1785476615,9766,68,3,29.0,38.3,,run
2026-07-31T08:43:40+03:00,1785476620,9771,68,3,29.0,38.3,,run
2026-07-31T08:43:45+03:00,1785476625,9776,68,3,29.0,38.9,,run
2026-07-31T08:43:51+03:00,1785476631,9782,68,3,29.0,50.1,,run
2026-07-31T08:43:56+03:00,1785476636,9787,68,3,29.0,35.8,,run
2026-07-31T08:44:02+03:00,1785476642,9793,68,3,29.0,37.1,,run
2026-07-31T08:44:08+03:00,1785476648,9799,68,3,29.0,34.6,,run
2026-07-31T08:44:13+03:00,1785476653,9804,68,3,29.0,34.0,,run
2026-07-31T08:44:19+03:00,1785476659,9810,68,3,29.0,37.4,,run
2026-07-31T08:44:24+03:00,1785476664,9815,68,3,29.0,36.1,,run
2026-07-31T08:44:30+03:00,1785476670,9821,67,3,29.2,37.1,,run
2026-07-31T08:44:35+03:00,1785476675,9826,67,3,29.2,37.7,,run
2026-07-31T08:44:41+03:00,1785476681,9832,67,3,29.2,37.1,,run
2026-07-31T08:44:46+03:00,1785476686,9837,67,3,29.2,47.9,,run
2026-07-31T08:44:51+03:00,1785476691,9842,67,3,29.2,37.1,,run
2026-07-31T08:44:57+03:00,1785476697,9848,67,3,29.2,36.4,,run
2026-07-31T08:45:03+03:00,1785476703,9854,67,3,29.2,35.5,,run
2026-07-31T08:45:08+03:00,1785476708,9859,67,3,29.2,35.2,,run
2026-07-31T08:45:14+03:00,1785476714,9865,67,3,29.2,37.7,,run
2026-07-31T08:45:19+03:00,1785476719,9870,67,3,29.2,38.0,,run
2026-07-31T08:45:25+03:00,1785476725,9876,67,3,29.2,37.7,,run
2026-07-31T08:45:30+03:00,1785476730,9881,67,3,29.2,38.0,,run
2026-07-31T08:45:35+03:00,1785476735,9886,67,3,29.2,38.6,,run
2026-07-31T08:45:41+03:00,1785476741,9892,67,3,29.2,38.9,,run
2026-07-31T08:45:46+03:00,1785476746,9897,67,3,29.2,38.6,,run
2026-07-31T08:45:51+03:00,1785476751,9902,67,3,29.2,37.1,,run
2026-07-31T08:45:57+03:00,1785476757,9908,67,3,29.2,35.5,,run
2026-07-31T08:46:02+03:00,1785476762,9913,67,3,29.2,40.8,,run
2026-07-31T08:46:08+03:00,1785476768,9919,67,3,29.2,47.3,,run
2026-07-31T08:46:13+03:00,1785476773,9924,67,3,29.2,42.6,,run
2026-07-31T08:46:19+03:00,1785476779,9930,67,3,29.2,35.8,,run
2026-07-31T08:46:24+03:00,1785476784,9935,67,3,29.2,34.3,,run
2026-07-31T08:46:30+03:00,1785476790,9941,67,3,29.2,34.0,,run
2026-07-31T08:46:35+03:00,1785476795,9946,67,3,29.2,34.0,,run
2026-07-31T08:46:41+03:00,1785476801,9952,67,3,29.2,34.6,,run
2026-07-31T08:46:46+03:00,1785476806,9957,67,3,29.2,33.4,,run
2026-07-31T08:46:52+03:00,1785476812,9963,67,3,29.2,48.2,,run
2026-07-31T08:46:58+03:00,1785476818,9969,67,3,29.2,40.5,,run
2026-07-31T08:47:03+03:00,1785476823,9974,67,3,29.2,38.3,,run
2026-07-31T08:47:09+03:00,1785476829,9980,67,3,29.2,39.8,,run
2026-07-31T08:47:14+03:00,1785476834,9985,67,3,29.2,39.8,,run
2026-07-31T08:47:19+03:00,1785476839,9990,67,3,29.2,36.4,,run
2026-07-31T08:47:25+03:00,1785476845,9996,67,3,29.2,36.4,,run
2026-07-31T08:47:30+03:00,1785476850,10001,67,3,29.2,35.2,,run
2026-07-31T08:47:36+03:00,1785476856,10007,67,3,29.2,35.2,,run
2026-07-31T08:47:41+03:00,1785476861,10012,67,3,29.2,34.6,,run
2026-07-31T08:47:47+03:00,1785476867,10018,67,3,29.2,34.9,,run
2026-07-31T08:47:53+03:00,1785476873,10024,67,3,29.2,36.8,,run
2026-07-31T08:47:58+03:00,1785476878,10029,67,3,29.2,38.3,,run
2026-07-31T08:48:03+03:00,1785476883,10034,67,3,29.2,38.0,,run
2026-07-31T08:48:09+03:00,1785476889,10040,67,3,29.2,44.2,,run
2026-07-31T08:48:14+03:00,1785476894,10045,67,3,29.2,46.7,,run
2026-07-31T08:48:19+03:00,1785476899,10050,67,3,29.2,42.0,,run
2026-07-31T08:48:25+03:00,1785476905,10056,67,3,29.2,35.2,,run
2026-07-31T08:48:30+03:00,1785476910,10061,67,3,29.2,34.0,,run
2026-07-31T08:48:36+03:00,1785476916,10067,67,3,29.2,33.7,,run
2026-07-31T08:48:42+03:00,1785476922,10073,67,3,29.2,37.1,,run
2026-07-31T08:48:47+03:00,1785476927,10078,67,3,29.2,36.8,,run
2026-07-31T08:48:52+03:00,1785476932,10083,67,3,29.2,37.7,,run
2026-07-31T08:48:58+03:00,1785476938,10089,67,3,29.2,46.0,,run
2026-07-31T08:49:04+03:00,1785476944,10095,67,3,29.2,42.6,,run
2026-07-31T08:49:09+03:00,1785476949,10100,67,3,29.2,38.6,,run
2026-07-31T08:49:14+03:00,1785476954,10105,67,3,29.2,36.4,,run
2026-07-31T08:49:20+03:00,1785476960,10111,67,3,29.2,36.1,,run
2026-07-31T08:49:25+03:00,1785476965,10116,67,3,29.2,35.2,,run
2026-07-31T08:49:31+03:00,1785476971,10122,67,3,29.2,35.2,,run
2026-07-31T08:49:36+03:00,1785476976,10127,67,3,29.2,34.9,,run
2026-07-31T08:49:42+03:00,1785476982,10133,67,3,29.2,34.9,,run
2026-07-31T08:49:48+03:00,1785476988,10139,67,3,29.2,36.4,,run
2026-07-31T08:49:53+03:00,1785476993,10144,67,3,29.2,36.8,,run
2026-07-31T08:49:58+03:00,1785476998,10149,67,3,29.2,37.4,,run
2026-07-31T08:50:04+03:00,1785477004,10155,67,3,29.2,38.6,,run
2026-07-31T08:50:09+03:00,1785477009,10160,67,3,29.2,37.4,,run
2026-07-31T08:50:14+03:00,1785477014,10165,67,3,29.2,44.5,,run
2026-07-31T08:50:20+03:00,1785477020,10171,67,3,29.2,49.4,,run
2026-07-31T08:50:25+03:00,1785477025,10176,67,3,29.2,42.0,,run
2026-07-31T08:50:31+03:00,1785477031,10182,67,3,29.2,35.5,,run
2026-07-31T08:50:36+03:00,1785477036,10187,67,3,29.2,34.3,,run
2026-07-31T08:50:42+03:00,1785477042,10193,67,3,29.2,34.6,,run
2026-07-31T08:50:48+03:00,1785477048,10199,67,3,29.2,37.4,,run
2026-07-31T08:50:53+03:00,1785477053,10204,67,3,29.2,33.7,,run
2026-07-31T08:50:59+03:00,1785477059,10210,67,3,29.2,33.4,,run
2026-07-31T08:51:04+03:00,1785477064,10215,67,3,29.2,46.7,,run
2026-07-31T08:51:09+03:00,1785477069,10220,67,3,29.2,39.8,,run
2026-07-31T08:51:15+03:00,1785477075,10226,67,3,29.2,38.6,,run
2026-07-31T08:51:20+03:00,1785477080,10231,67,3,29.2,38.0,,run
2026-07-31T08:51:26+03:00,1785477086,10237,67,3,29.2,35.2,,run
2026-07-31T08:51:31+03:00,1785477091,10242,67,3,29.2,35.2,,run
2026-07-31T08:51:37+03:00,1785477097,10248,67,3,29.2,34.9,,run
2026-07-31T08:51:42+03:00,1785477102,10253,67,3,29.2,34.6,,run
2026-07-31T08:51:48+03:00,1785477108,10259,67,3,29.2,34.6,,run
2026-07-31T08:51:53+03:00,1785477113,10264,67,3,29.2,34.6,,run
2026-07-31T08:51:59+03:00,1785477119,10270,67,3,29.2,37.4,,run
2026-07-31T08:52:04+03:00,1785477124,10275,67,3,29.2,37.4,,run
2026-07-31T08:52:09+03:00,1785477129,10280,67,3,29.2,37.7,,run
2026-07-31T08:52:15+03:00,1785477135,10286,67,3,29.2,38.0,,run
2026-07-31T08:52:20+03:00,1785477140,10291,67,3,29.2,36.8,,run
2026-07-31T08:52:26+03:00,1785477146,10297,67,3,29.2,38.3,,run
2026-07-31T08:52:31+03:00,1785477151,10302,67,3,29.2,36.1,,run
2026-07-31T08:52:37+03:00,1785477157,10308,67,3,29.2,34.0,,run
2026-07-31T08:52:42+03:00,1785477162,10313,67,3,29.2,34.6,,run
2026-07-31T08:52:48+03:00,1785477168,10319,67,3,29.2,33.0,,run
2026-07-31T08:52:53+03:00,1785477173,10324,67,3,29.2,33.7,,run
2026-07-31T08:52:59+03:00,1785477179,10330,67,3,29.2,33.4,,run
2026-07-31T08:53:05+03:00,1785477185,10336,67,3,29.2,35.5,,run
2026-07-31T08:53:10+03:00,1785477190,10341,67,3,29.2,40.2,,run
2026-07-31T08:53:16+03:00,1785477196,10347,67,3,29.2,38.3,,run
2026-07-31T08:53:21+03:00,1785477201,10352,67,3,29.2,37.7,,run
2026-07-31T08:53:26+03:00,1785477206,10357,67,3,29.2,38.3,,run
2026-07-31T08:53:32+03:00,1785477212,10363,67,3,29.2,39.8,,run
2026-07-31T08:53:37+03:00,1785477217,10368,67,3,29.2,38.3,,run
2026-07-31T08:53:42+03:00,1785477222,10373,67,3,29.2,35.8,,run
2026-07-31T08:53:48+03:00,1785477228,10379,67,3,29.2,35.2,,run
2026-07-31T08:53:53+03:00,1785477233,10384,67,3,29.2,34.6,,run
2026-07-31T08:53:59+03:00,1785477239,10390,67,3,29.2,34.3,,run
2026-07-31T08:54:05+03:00,1785477245,10396,67,3,29.2,34.3,,run
2026-07-31T08:54:10+03:00,1785477250,10401,67,3,29.2,34.0,,run
2026-07-31T08:54:16+03:00,1785477256,10407,67,3,29.2,37.1,,run
2026-07-31T08:54:21+03:00,1785477261,10412,67,3,29.2,36.8,,run
2026-07-31T08:54:26+03:00,1785477266,10417,67,3,29.2,48.8,,run
2026-07-31T08:54:32+03:00,1785477272,10423,67,3,29.2,38.3,,run
2026-07-31T08:54:37+03:00,1785477277,10428,67,3,29.2,34.9,,run
2026-07-31T08:54:43+03:00,1785477283,10434,67,3,29.2,33.7,,run
2026-07-31T08:54:49+03:00,1785477289,10440,67,3,29.2,33.4,,run
2026-07-31T08:54:54+03:00,1785477294,10445,67,3,29.2,33.0,,run
2026-07-31T08:55:00+03:00,1785477300,10451,67,3,29.2,34.0,,run
2026-07-31T08:55:05+03:00,1785477305,10456,67,3,29.2,35.5,,run
2026-07-31T08:55:11+03:00,1785477311,10462,67,3,29.2,45.4,,run
2026-07-31T08:55:16+03:00,1785477316,10467,67,3,29.2,35.2,,run
2026-07-31T08:55:22+03:00,1785477322,10473,67,3,29.2,34.6,,run
2026-07-31T08:55:27+03:00,1785477327,10478,67,3,29.2,37.1,,run
2026-07-31T08:55:33+03:00,1785477333,10484,67,3,29.2,36.8,,run
2026-07-31T08:55:38+03:00,1785477338,10489,67,3,29.2,38.0,,run
2026-07-31T08:55:43+03:00,1785477343,10494,67,3,29.2,38.3,,run
2026-07-31T08:55:49+03:00,1785477349,10500,67,3,29.2,38.3,,run
2026-07-31T08:55:54+03:00,1785477354,10505,67,3,29.2,36.1,,run
2026-07-31T08:56:00+03:00,1785477360,10511,67,3,29.2,34.9,,run
2026-07-31T08:56:05+03:00,1785477365,10516,67,3,29.2,34.9,,run
2026-07-31T08:56:11+03:00,1785477371,10522,67,3,29.2,34.3,,run
2026-07-31T08:56:16+03:00,1785477376,10527,67,3,29.2,36.8,,run
2026-07-31T08:56:22+03:00,1785477382,10533,67,3,29.2,41.1,,run
2026-07-31T08:56:27+03:00,1785477387,10538,67,3,29.2,46.0,,run
2026-07-31T08:56:33+03:00,1785477393,10544,67,3,29.2,42.0,,run
2026-07-31T08:56:38+03:00,1785477398,10549,67,3,29.2,34.6,,run
2026-07-31T08:56:43+03:00,1785477403,10554,67,3,29.2,34.3,,run
2026-07-31T08:56:49+03:00,1785477409,10560,67,3,29.2,33.7,,run
2026-07-31T08:56:55+03:00,1785477415,10566,67,3,29.2,33.7,,run
2026-07-31T08:57:00+03:00,1785477420,10571,67,3,29.2,33.7,,run
2026-07-31T08:57:06+03:00,1785477426,10577,67,3,29.2,33.4,,run
2026-07-31T08:57:11+03:00,1785477431,10582,67,3,29.2,47.6,,run
2026-07-31T08:57:17+03:00,1785477437,10588,67,3,29.2,36.8,,run
2026-07-31T08:57:22+03:00,1785477442,10593,67,3,29.2,36.1,,run
2026-07-31T08:57:28+03:00,1785477448,10599,67,3,29.2,36.4,,run
2026-07-31T08:57:33+03:00,1785477453,10604,67,3,29.2,36.8,,run
2026-07-31T08:57:38+03:00,1785477458,10609,67,3,29.2,38.9,,run
2026-07-31T08:57:44+03:00,1785477464,10615,67,3,29.2,38.9,,run
2026-07-31T08:57:49+03:00,1785477469,10620,67,3,29.2,36.4,,run
2026-07-31T08:57:54+03:00,1785477474,10625,67,3,29.2,35.5,,run
2026-07-31T08:58:00+03:00,1785477480,10631,67,3,29.2,34.9,,run
2026-07-31T08:58:05+03:00,1785477485,10636,67,3,29.2,37.4,,run
2026-07-31T08:58:11+03:00,1785477491,10642,67,3,29.2,34.9,,run
2026-07-31T08:58:16+03:00,1785477496,10647,67,3,29.2,34.9,,run
2026-07-31T08:58:22+03:00,1785477502,10653,67,3,29.2,34.6,,run
2026-07-31T08:58:27+03:00,1785477507,10658,66,3,28.6,37.4,,run
2026-07-31T08:58:33+03:00,1785477513,10664,66,3,28.6,38.6,,run
2026-07-31T08:58:38+03:00,1785477518,10669,66,3,28.6,35.8,,run
2026-07-31T08:58:44+03:00,1785477524,10675,66,3,28.6,34.0,,run
2026-07-31T08:58:50+03:00,1785477530,10681,66,3,28.6,33.4,,run
2026-07-31T08:58:55+03:00,1785477535,10686,66,3,28.6,33.0,,run
2026-07-31T08:59:01+03:00,1785477541,10692,66,3,28.6,33.4,,run
2026-07-31T08:59:06+03:00,1785477546,10697,66,3,28.6,33.4,,run
2026-07-31T08:59:12+03:00,1785477552,10703,66,3,28.6,42.0,,run
2026-07-31T08:59:17+03:00,1785477557,10708,66,3,28.6,38.3,,run
2026-07-31T08:59:23+03:00,1785477563,10714,66,3,28.6,36.8,,run
2026-07-31T08:59:28+03:00,1785477568,10719,66,3,28.6,36.8,,run
2026-07-31T08:59:34+03:00,1785477574,10725,66,3,28.6,38.0,,run
2026-07-31T08:59:39+03:00,1785477579,10730,66,3,28.6,38.0,,run
2026-07-31T08:59:44+03:00,1785477584,10735,66,3,28.6,38.3,,run
2026-07-31T08:59:50+03:00,1785477590,10741,66,3,28.6,37.4,,run
2026-07-31T08:59:55+03:00,1785477595,10746,66,3,28.6,34.9,,run
2026-07-31T09:00:01+03:00,1785477601,10752,66,3,28.6,34.6,,run
2026-07-31T09:00:06+03:00,1785477606,10757,66,3,28.6,34.6,,run
2026-07-31T09:00:12+03:00,1785477612,10763,66,3,28.6,34.3,,run
2026-07-31T09:00:17+03:00,1785477617,10768,66,3,28.6,34.0,,run
2026-07-31T09:00:23+03:00,1785477623,10774,66,3,28.6,33.7,,run
2026-07-31T09:00:28+03:00,1785477628,10779,66,3,28.6,42.3,,run
2026-07-31T09:00:34+03:00,1785477634,10785,66,3,28.6,49.1,,run
2026-07-31T09:00:39+03:00,1785477639,10790,66,3,28.6,40.5,,run
2026-07-31T09:00:45+03:00,1785477645,10796,66,3,28.6,33.7,,run
2026-07-31T09:00:50+03:00,1785477650,10801,66,3,28.3,33.0,,run
2026-07-31T09:00:56+03:00,1785477656,10807,66,3,28.3,33.0,,run
2026-07-31T09:01:01+03:00,1785477661,10812,66,3,28.3,33.0,,run
2026-07-31T09:01:07+03:00,1785477667,10818,66,3,28.3,33.4,,run
2026-07-31T09:01:12+03:00,1785477672,10823,66,3,28.3,35.5,,run
2026-07-31T09:01:18+03:00,1785477678,10829,66,3,28.3,46.7,,run
2026-07-31T09:01:23+03:00,1785477683,10834,66,3,28.3,39.5,,run
2026-07-31T09:01:29+03:00,1785477689,10840,66,3,28.3,39.5,,run
2026-07-31T09:01:34+03:00,1785477694,10845,66,3,28.3,38.3,,run
2026-07-31T09:01:39+03:00,1785477699,10850,66,3,28.3,36.1,,run
2026-07-31T09:01:45+03:00,1785477705,10856,66,3,28.3,34.9,,run
2026-07-31T09:01:50+03:00,1785477710,10861,66,3,28.3,34.0,,run
2026-07-31T09:01:56+03:00,1785477716,10867,66,3,28.3,34.3,,run
2026-07-31T09:02:01+03:00,1785477721,10872,66,3,28.3,34.0,,run
2026-07-31T09:02:07+03:00,1785477727,10878,66,3,28.3,34.3,,run
2026-07-31T09:02:12+03:00,1785477732,10883,66,3,28.3,35.8,,run
2026-07-31T09:02:18+03:00,1785477738,10889,66,3,28.3,38.6,,run
2026-07-31T09:02:23+03:00,1785477743,10894,66,3,28.3,39.2,,run
2026-07-31T09:02:28+03:00,1785477748,10899,66,3,28.3,39.2,,run
2026-07-31T09:02:34+03:00,1785477754,10905,66,3,28.3,46.7,,run
2026-07-31T09:02:39+03:00,1785477759,10910,66,3,28.3,50.1,,run
2026-07-31T09:02:45+03:00,1785477765,10916,66,3,28.3,36.8,,run
2026-07-31T09:02:50+03:00,1785477770,10921,66,3,28.3,34.6,,run
2026-07-31T09:02:56+03:00,1785477776,10927,66,3,28.3,34.3,,run
2026-07-31T09:03:01+03:00,1785477781,10932,66,3,28.3,33.0,,run
2026-07-31T09:03:07+03:00,1785477787,10938,66,3,28.3,34.6,,run
2026-07-31T09:03:12+03:00,1785477792,10943,66,3,28.3,33.7,,run
2026-07-31T09:03:18+03:00,1785477798,10949,66,3,28.3,35.8,,run
2026-07-31T09:03:23+03:00,1785477803,10954,66,3,28.3,38.9,,run
2026-07-31T09:03:29+03:00,1785477809,10960,66,3,28.3,35.2,,run
2026-07-31T09:03:35+03:00,1785477815,10966,66,3,28.3,34.6,,run
2026-07-31T09:03:40+03:00,1785477820,10971,66,3,28.3,34.3,,run
2026-07-31T09:03:46+03:00,1785477826,10977,66,3,28.3,34.0,,run
2026-07-31T09:03:51+03:00,1785477831,10982,66,3,28.3,35.5,,run
2026-07-31T09:03:57+03:00,1785477837,10988,66,3,28.3,37.4,,run
2026-07-31T09:04:02+03:00,1785477842,10993,66,3,28.3,37.7,,run
2026-07-31T09:04:08+03:00,1785477848,10999,66,3,28.3,38.0,,run
2026-07-31T09:04:13+03:00,1785477853,11004,66,3,28.3,36.4,,run
2026-07-31T09:04:19+03:00,1785477859,11010,66,3,28.3,34.6,,run
2026-07-31T09:04:24+03:00,1785477864,11015,66,3,28.3,35.2,,run
2026-07-31T09:04:30+03:00,1785477870,11021,66,3,28.3,34.3,,run
2026-07-31T09:04:35+03:00,1785477875,11026,66,3,28.3,33.7,,run
2026-07-31T09:04:41+03:00,1785477881,11032,66,3,28.3,49.1,,run
2026-07-31T09:04:46+03:00,1785477886,11037,66,3,28.3,36.8,,run
2026-07-31T09:04:52+03:00,1785477892,11043,66,3,28.3,34.6,,run
2026-07-31T09:04:57+03:00,1785477897,11048,66,3,28.3,33.0,,run
2026-07-31T09:05:03+03:00,1785477903,11054,66,3,28.3,33.4,,run
2026-07-31T09:05:08+03:00,1785477908,11059,66,3,28.3,32.7,,run
2026-07-31T09:05:14+03:00,1785477914,11065,66,3,28.3,33.0,,run
2026-07-31T09:05:19+03:00,1785477919,11070,66,3,28.3,33.0,,run
2026-07-31T09:05:25+03:00,1785477925,11076,66,3,28.3,47.9,,run
2026-07-31T09:05:30+03:00,1785477930,11081,66,3,28.3,36.4,,run
2026-07-31T09:05:36+03:00,1785477936,11087,66,3,28.3,37.1,,run
2026-07-31T09:05:41+03:00,1785477941,11092,66,3,28.3,35.8,,run
2026-07-31T09:05:47+03:00,1785477947,11098,66,3,28.3,38.3,,run
2026-07-31T09:05:52+03:00,1785477952,11103,66,3,28.3,38.3,,run
2026-07-31T09:05:57+03:00,1785477957,11108,66,3,28.3,38.0,,run
2026-07-31T09:06:03+03:00,1785477963,11114,66,3,28.3,34.6,,run
2026-07-31T09:06:08+03:00,1785477968,11119,66,3,28.3,34.6,,run
2026-07-31T09:06:14+03:00,1785477974,11125,66,3,28.3,34.6,,run
2026-07-31T09:06:19+03:00,1785477979,11130,66,3,28.3,33.7,,run
2026-07-31T09:06:25+03:00,1785477985,11136,66,3,28.3,34.3,,run
2026-07-31T09:06:30+03:00,1785477990,11141,66,3,28.3,33.7,,run
2026-07-31T09:06:36+03:00,1785477996,11147,66,3,28.3,35.8,,run
2026-07-31T09:06:41+03:00,1785478001,11152,66,3,28.3,38.0,,run
2026-07-31T09:06:47+03:00,1785478007,11158,66,3,28.3,38.3,,run
2026-07-31T09:06:52+03:00,1785478012,11163,66,3,28.3,35.2,,run
2026-07-31T09:06:58+03:00,1785478018,11169,66,3,28.3,34.0,,run
2026-07-31T09:07:03+03:00,1785478023,11174,66,3,28.3,33.7,,run
2026-07-31T09:07:09+03:00,1785478029,11180,66,3,28.3,33.0,,run
2026-07-31T09:07:14+03:00,1785478034,11185,66,3,28.3,33.4,,run
2026-07-31T09:07:20+03:00,1785478040,11191,66,3,28.3,33.0,,run
2026-07-31T09:07:25+03:00,1785478045,11196,66,3,28.3,35.2,,run
2026-07-31T09:07:31+03:00,1785478051,11202,66,3,28.3,39.2,,run
2026-07-31T09:07:37+03:00,1785478057,11208,66,3,28.3,37.1,,run
2026-07-31T09:07:42+03:00,1785478062,11213,66,3,28.3,36.1,,run
2026-07-31T09:07:47+03:00,1785478067,11218,66,3,28.3,38.6,,run
2026-07-31T09:07:53+03:00,1785478073,11224,66,3,28.3,37.7,,run
2026-07-31T09:07:58+03:00,1785478078,11229,66,3,28.3,38.3,,run
2026-07-31T09:08:03+03:00,1785478083,11234,66,3,28.3,36.8,,run
2026-07-31T09:08:09+03:00,1785478089,11240,66,3,28.3,34.9,,run
2026-07-31T09:08:14+03:00,1785478094,11245,66,3,28.3,34.9,,run
2026-07-31T09:08:20+03:00,1785478100,11251,66,3,28.3,34.3,,run
2026-07-31T09:08:25+03:00,1785478105,11256,66,3,28.3,34.3,,run
2026-07-31T09:08:31+03:00,1785478111,11262,66,3,28.3,34.3,,run
2026-07-31T09:08:36+03:00,1785478116,11267,66,3,28.3,34.6,,run
2026-07-31T09:08:42+03:00,1785478122,11273,66,3,28.3,36.1,,run
2026-07-31T09:08:47+03:00,1785478127,11278,66,3,28.3,47.6,,run
2026-07-31T09:08:53+03:00,1785478133,11284,66,3,28.3,35.8,,run
2026-07-31T09:08:59+03:00,1785478139,11290,66,3,28.3,34.9,,run
2026-07-31T09:09:04+03:00,1785478144,11295,66,3,28.3,34.0,,run
2026-07-31T09:09:10+03:00,1785478150,11301,66,3,28.3,33.7,,run
2026-07-31T09:09:15+03:00,1785478155,11306,66,3,28.3,33.0,,run
2026-07-31T09:09:21+03:00,1785478161,11312,66,3,28.3,33.4,,run
2026-07-31T09:09:26+03:00,1785478166,11317,66,3,28.3,33.4,,run
2026-07-31T09:09:32+03:00,1785478172,11323,66,3,28.3,35.2,,run
2026-07-31T09:09:38+03:00,1785478178,11329,66,3,28.3,38.6,,run
2026-07-31T09:09:43+03:00,1785478183,11334,66,3,28.3,44.8,,run
2026-07-31T09:09:48+03:00,1785478188,11339,66,3,28.3,39.2,,run
2026-07-31T09:09:54+03:00,1785478194,11345,66,3,28.3,39.5,,run
2026-07-31T09:09:59+03:00,1785478199,11350,66,3,28.3,39.5,,run
2026-07-31T09:10:04+03:00,1785478204,11355,66,3,28.3,36.8,,run
2026-07-31T09:10:10+03:00,1785478210,11361,66,3,28.3,35.2,,run
2026-07-31T09:10:15+03:00,1785478215,11366,66,3,28.3,34.9,,run
2026-07-31T09:10:21+03:00,1785478221,11372,66,3,28.3,35.2,,run
2026-07-31T09:10:26+03:00,1785478226,11377,66,3,28.3,34.0,,run
2026-07-31T09:10:32+03:00,1785478232,11383,66,3,28.3,34.0,,run
2026-07-31T09:10:37+03:00,1785478237,11388,66,3,28.3,34.6,,run
2026-07-31T09:10:43+03:00,1785478243,11394,66,3,28.3,35.5,,run
2026-07-31T09:10:48+03:00,1785478248,11399,66,3,28.8,36.1,,run
2026-07-31T09:10:54+03:00,1785478254,11405,66,3,28.8,37.7,,run
2026-07-31T09:10:59+03:00,1785478259,11410,66,3,28.8,46.3,,run
2026-07-31T09:11:05+03:00,1785478265,11416,66,3,28.8,35.8,,run
2026-07-31T09:11:11+03:00,1785478271,11422,66,3,28.8,35.2,,run
2026-07-31T09:11:16+03:00,1785478276,11427,65,3,28.9,36.8,,run
2026-07-31T09:11:22+03:00,1785478282,11433,65,3,28.9,33.7,,run
2026-07-31T09:11:27+03:00,1785478287,11438,65,3,28.9,33.7,,run
2026-07-31T09:11:33+03:00,1785478293,11444,65,3,28.9,34.6,,run
2026-07-31T09:11:39+03:00,1785478299,11450,65,3,28.9,33.7,,run
2026-07-31T09:11:44+03:00,1785478304,11455,65,3,28.9,33.7,,run
2026-07-31T09:11:50+03:00,1785478310,11461,65,3,28.9,33.4,,run
2026-07-31T09:11:55+03:00,1785478315,11466,65,3,28.9,35.5,,run
2026-07-31T09:12:01+03:00,1785478321,11472,65,3,28.9,37.7,,run
2026-07-31T09:12:06+03:00,1785478326,11477,65,3,28.9,37.4,,run
2026-07-31T09:12:12+03:00,1785478332,11483,65,3,28.9,37.7,,run
2026-07-31T09:12:17+03:00,1785478337,11488,65,3,28.9,37.4,,run
2026-07-31T09:12:22+03:00,1785478342,11493,65,3,28.9,38.6,,run
2026-07-31T09:12:28+03:00,1785478348,11499,65,3,28.9,38.6,,run
2026-07-31T09:12:33+03:00,1785478353,11504,65,3,28.9,36.1,,run
2026-07-31T09:12:39+03:00,1785478359,11510,65,3,28.9,34.6,,run
2026-07-31T09:12:44+03:00,1785478364,11515,65,3,28.9,34.6,,run
2026-07-31T09:12:50+03:00,1785478370,11521,65,3,28.9,36.1,,run
2026-07-31T09:12:55+03:00,1785478375,11526,65,3,28.9,34.9,,run
2026-07-31T09:13:01+03:00,1785478381,11532,65,3,28.9,34.6,,run
2026-07-31T09:13:06+03:00,1785478386,11537,65,3,28.9,34.3,,run
2026-07-31T09:13:12+03:00,1785478392,11543,65,3,28.9,35.8,,run
2026-07-31T09:13:17+03:00,1785478397,11548,65,3,28.9,47.9,,run
2026-07-31T09:13:23+03:00,1785478403,11554,65,3,28.9,36.4,,run
2026-07-31T09:13:28+03:00,1785478408,11559,65,3,28.9,34.9,,run
2026-07-31T09:13:34+03:00,1785478414,11565,65,3,28.9,34.3,,run
2026-07-31T09:13:40+03:00,1785478420,11571,65,3,28.9,33.7,,run
2026-07-31T09:13:45+03:00,1785478425,11576,65,3,28.9,33.4,,run
2026-07-31T09:13:51+03:00,1785478431,11582,65,3,28.9,34.0,,run
2026-07-31T09:13:56+03:00,1785478436,11587,65,3,28.9,34.0,,run
2026-07-31T09:14:02+03:00,1785478442,11593,65,3,28.9,47.3,,run
2026-07-31T09:14:07+03:00,1785478447,11598,65,3,28.9,37.4,,run
2026-07-31T09:14:13+03:00,1785478453,11604,65,3,28.9,36.8,,run
2026-07-31T09:14:18+03:00,1785478458,11609,65,3,28.9,39.2,,run
2026-07-31T09:14:24+03:00,1785478464,11615,65,3,28.9,39.8,,run
2026-07-31T09:14:29+03:00,1785478469,11620,65,3,28.9,39.2,,run
2026-07-31T09:14:34+03:00,1785478474,11625,65,3,28.9,38.0,,run
2026-07-31T09:14:40+03:00,1785478480,11631,65,3,28.9,35.8,,run
2026-07-31T09:14:45+03:00,1785478485,11636,65,3,28.9,35.5,,run
2026-07-31T09:14:51+03:00,1785478491,11642,65,3,28.9,34.6,,run
2026-07-31T09:14:56+03:00,1785478496,11647,65,3,28.9,34.6,,run
2026-07-31T09:15:02+03:00,1785478502,11653,65,3,28.9,34.3,,run
2026-07-31T09:15:07+03:00,1785478507,11658,65,3,28.9,34.0,,run
2026-07-31T09:15:13+03:00,1785478513,11664,65,3,28.9,36.1,,run
2026-07-31T09:15:18+03:00,1785478518,11669,65,3,28.9,42.3,,run
2026-07-31T09:15:24+03:00,1785478524,11675,65,3,28.9,44.8,,run
2026-07-31T09:15:29+03:00,1785478529,11680,65,3,28.9,36.1,,run
2026-07-31T09:15:35+03:00,1785478535,11686,65,3,28.9,34.0,,run
2026-07-31T09:15:40+03:00,1785478540,11691,65,3,28.9,33.7,,run
2026-07-31T09:15:46+03:00,1785478546,11697,65,3,28.9,33.7,,run
2026-07-31T09:15:51+03:00,1785478551,11702,65,3,28.9,36.8,,run
2026-07-31T09:15:57+03:00,1785478557,11708,65,3,28.9,33.7,,run
2026-07-31T09:16:02+03:00,1785478562,11713,65,3,28.9,36.1,,run
2026-07-31T09:16:08+03:00,1785478568,11719,65,3,28.9,44.8,,run
2026-07-31T09:16:13+03:00,1785478573,11724,65,3,28.9,35.8,,run
2026-07-31T09:16:19+03:00,1785478579,11730,65,3,28.9,34.9,,run
2026-07-31T09:16:24+03:00,1785478584,11735,65,3,28.9,34.6,,run
2026-07-31T09:16:30+03:00,1785478590,11741,65,3,28.9,37.7,,run
2026-07-31T09:16:35+03:00,1785478595,11746,65,3,28.9,35.5,,run
2026-07-31T09:16:41+03:00,1785478601,11752,65,3,28.9,36.4,,run
2026-07-31T09:16:46+03:00,1785478606,11757,65,3,28.9,37.4,,run
2026-07-31T09:16:52+03:00,1785478612,11763,65,3,28.9,38.3,,run
2026-07-31T09:16:57+03:00,1785478617,11768,65,3,28.9,37.1,,run
2026-07-31T09:17:02+03:00,1785478622,11773,65,3,28.9,36.1,,run
2026-07-31T09:17:08+03:00,1785478628,11779,65,3,28.9,35.2,,run
2026-07-31T09:17:13+03:00,1785478633,11784,65,3,28.9,34.6,,run
2026-07-31T09:17:19+03:00,1785478639,11790,65,3,28.9,34.9,,run
2026-07-31T09:17:24+03:00,1785478644,11795,65,3,28.9,50.1,,run
2026-07-31T09:17:30+03:00,1785478650,11801,65,3,28.9,35.8,,run
2026-07-31T09:17:35+03:00,1785478655,11806,65,3,28.9,35.2,,run
2026-07-31T09:17:41+03:00,1785478661,11812,65,3,28.8,37.1,,run
2026-07-31T09:17:46+03:00,1785478666,11817,65,3,28.8,34.0,,run
2026-07-31T09:17:52+03:00,1785478672,11823,65,3,28.8,33.7,,run
2026-07-31T09:17:58+03:00,1785478678,11829,65,3,28.8,34.3,,run
2026-07-31T09:18:03+03:00,1785478683,11834,65,3,28.8,33.7,,run
2026-07-31T09:18:09+03:00,1785478689,11840,65,3,28.8,47.9,,run
2026-07-31T09:18:15+03:00,1785478695,11846,65,3,28.8,39.8,,run
2026-07-31T09:18:20+03:00,1785478700,11851,65,3,28.8,37.7,,run
2026-07-31T09:18:25+03:00,1785478705,11856,65,3,28.8,39.2,,run
2026-07-31T09:18:31+03:00,1785478711,11862,65,3,28.8,39.2,,run
2026-07-31T09:18:36+03:00,1785478716,11867,65,3,28.8,37.4,,run
2026-07-31T09:18:41+03:00,1785478721,11872,65,3,28.8,35.5,,run
2026-07-31T09:18:47+03:00,1785478727,11878,65,3,28.8,37.7,,run
2026-07-31T09:18:52+03:00,1785478732,11883,65,3,28.8,38.3,,run
2026-07-31T09:18:57+03:00,1785478737,11888,65,3,28.8,39.2,,run
2026-07-31T09:19:03+03:00,1785478743,11894,65,3,28.8,38.6,,run
2026-07-31T09:19:08+03:00,1785478748,11899,65,3,28.8,36.8,,run
2026-07-31T09:19:14+03:00,1785478754,11905,65,3,28.8,35.8,,run
2026-07-31T09:19:19+03:00,1785478759,11910,65,3,28.8,34.9,,run
2026-07-31T09:19:25+03:00,1785478765,11916,65,3,28.8,43.9,,run
2026-07-31T09:19:30+03:00,1785478770,11921,65,3,28.8,46.3,,run
2026-07-31T09:19:35+03:00,1785478775,11926,65,3,28.8,41.4,,run
2026-07-31T09:19:41+03:00,1785478781,11932,65,3,28.8,34.9,,run
2026-07-31T09:19:46+03:00,1785478786,11937,65,3,28.8,34.9,,run
2026-07-31T09:19:52+03:00,1785478792,11943,65,3,28.8,33.7,,run
2026-07-31T09:19:58+03:00,1785478798,11949,65,3,28.8,36.4,,run
2026-07-31T09:20:03+03:00,1785478803,11954,65,3,28.8,33.7,,run
2026-07-31T09:20:09+03:00,1785478809,11960,65,3,28.8,35.8,,run
2026-07-31T09:20:14+03:00,1785478814,11965,65,3,28.8,48.5,,run
2026-07-31T09:20:19+03:00,1785478819,11970,65,3,28.8,37.1,,run
2026-07-31T09:20:25+03:00,1785478825,11976,65,3,28.8,38.0,,run
2026-07-31T09:20:30+03:00,1785478830,11981,65,3,28.8,38.6,,run
2026-07-31T09:20:36+03:00,1785478836,11987,65,3,28.8,40.2,,run
2026-07-31T09:20:41+03:00,1785478841,11992,65,3,28.8,40.2,,run
2026-07-31T09:20:46+03:00,1785478846,11997,65,3,28.8,38.9,,run
2026-07-31T09:20:52+03:00,1785478852,12003,65,3,29.0,38.0,,run
2026-07-31T09:20:57+03:00,1785478857,12008,65,3,29.0,39.2,,run
2026-07-31T09:21:02+03:00,1785478862,12013,65,3,29.0,36.1,,run
2026-07-31T09:21:08+03:00,1785478868,12019,65,3,29.0,36.1,,run
2026-07-31T09:21:14+03:00,1785478874,12025,65,3,29.0,37.4,,run
2026-07-31T09:21:19+03:00,1785478879,12030,65,3,29.0,38.0,,run
2026-07-31T09:21:24+03:00,1785478884,12035,65,3,29.0,38.6,,run
2026-07-31T09:21:30+03:00,1785478890,12041,65,3,29.0,41.1,,run
2026-07-31T09:21:35+03:00,1785478895,12046,65,3,29.0,39.8,,run
2026-07-31T09:21:41+03:00,1785478901,12052,65,3,29.0,37.7,,run
2026-07-31T09:21:46+03:00,1785478906,12057,65,3,29.0,34.9,,run
2026-07-31T09:21:52+03:00,1785478912,12063,65,3,29.0,34.0,,run
2026-07-31T09:21:57+03:00,1785478917,12068,65,3,29.0,34.0,,run
2026-07-31T09:22:03+03:00,1785478923,12074,65,3,29.0,34.3,,run
2026-07-31T09:22:08+03:00,1785478928,12079,65,3,29.0,34.0,,run
2026-07-31T09:22:14+03:00,1785478934,12085,65,3,29.0,35.8,,run
2026-07-31T09:22:19+03:00,1785478939,12090,65,3,29.0,44.5,,run
2026-07-31T09:22:25+03:00,1785478945,12096,65,3,29.0,38.6,,run
2026-07-31T09:22:30+03:00,1785478950,12101,65,3,29.0,37.4,,run
2026-07-31T09:22:36+03:00,1785478956,12107,65,3,29.0,38.0,,run
2026-07-31T09:22:41+03:00,1785478961,12112,65,3,29.0,37.7,,run
2026-07-31T09:22:46+03:00,1785478966,12117,65,3,29.0,39.2,,run
2026-07-31T09:22:52+03:00,1785478972,12123,65,3,29.0,37.7,,run
2026-07-31T09:22:57+03:00,1785478977,12128,65,3,29.0,36.4,,run
2026-07-31T09:23:03+03:00,1785478983,12134,65,3,29.0,34.9,,run
2026-07-31T09:23:08+03:00,1785478988,12139,65,3,29.0,34.6,,run
2026-07-31T09:23:14+03:00,1785478994,12145,65,3,29.0,34.6,,run
2026-07-31T09:23:19+03:00,1785478999,12150,65,3,29.0,34.3,,run
2026-07-31T09:23:25+03:00,1785479005,12156,65,3,29.0,34.3,,run
2026-07-31T09:23:30+03:00,1785479010,12161,65,3,29.0,35.5,,run
2026-07-31T09:23:36+03:00,1785479016,12167,65,3,29.0,49.7,,run
2026-07-31T09:23:41+03:00,1785479021,12172,65,3,29.0,37.4,,run
2026-07-31T09:23:47+03:00,1785479027,12178,65,3,29.0,34.9,,run
2026-07-31T09:23:52+03:00,1785479032,12183,65,3,29.0,34.3,,run
2026-07-31T09:23:58+03:00,1785479038,12189,65,3,29.0,35.5,,run
2026-07-31T09:24:03+03:00,1785479043,12194,65,3,29.0,35.2,,run
2026-07-31T09:24:09+03:00,1785479049,12200,64,3,29.1,36.8,,run
2026-07-31T09:24:14+03:00,1785479054,12205,64,3,29.1,36.4,,run
2026-07-31T09:24:20+03:00,1785479060,12211,64,3,29.1,50.4,,run
2026-07-31T09:24:25+03:00,1785479065,12216,64,3,29.1,40.2,,run
2026-07-31T09:24:30+03:00,1785479070,12221,64,3,29.1,38.6,,run
2026-07-31T09:24:36+03:00,1785479076,12227,64,3,29.1,35.8,,run
2026-07-31T09:24:41+03:00,1785479081,12232,64,3,29.1,35.5,,run
2026-07-31T09:24:47+03:00,1785479087,12238,64,3,29.1,34.9,,run
2026-07-31T09:24:52+03:00,1785479092,12243,64,3,29.1,34.9,,run
2026-07-31T09:24:58+03:00,1785479098,12249,64,3,29.1,34.9,,run
2026-07-31T09:25:03+03:00,1785479103,12254,64,3,29.1,34.9,,run
2026-07-31T09:25:09+03:00,1785479109,12260,64,3,29.1,34.9,,run
2026-07-31T09:25:14+03:00,1785479114,12265,64,3,29.1,36.4,,run
2026-07-31T09:25:20+03:00,1785479120,12271,64,3,29.1,36.8,,run
2026-07-31T09:25:25+03:00,1785479125,12276,64,3,29.1,38.3,,run
2026-07-31T09:25:31+03:00,1785479131,12282,64,3,29.1,40.8,,run
2026-07-31T09:25:36+03:00,1785479136,12287,64,3,29.1,40.5,,run
2026-07-31T09:25:41+03:00,1785479141,12292,64,3,29.1,39.2,,run
2026-07-31T09:25:47+03:00,1785479147,12298,64,3,29.1,35.8,,run
2026-07-31T09:25:52+03:00,1785479152,12303,64,3,29.1,34.3,,run
2026-07-31T09:25:58+03:00,1785479158,12309,64,3,29.1,33.7,,run
2026-07-31T09:26:03+03:00,1785479163,12314,64,3,29.1,37.1,,run
2026-07-31T09:26:09+03:00,1785479169,12320,64,3,29.1,34.6,,run
2026-07-31T09:26:14+03:00,1785479174,12325,64,3,29.1,34.3,,run
2026-07-31T09:26:20+03:00,1785479180,12331,64,3,29.1,40.5,,run
2026-07-31T09:26:26+03:00,1785479186,12337,64,3,29.1,38.6,,run
2026-07-31T09:26:31+03:00,1785479191,12342,64,3,29.1,36.8,,run
2026-07-31T09:26:37+03:00,1785479197,12348,64,3,29.1,36.1,,run
2026-07-31T09:26:42+03:00,1785479202,12353,64,3,29.1,37.4,,run
2026-07-31T09:26:48+03:00,1785479208,12359,64,3,29.1,38.3,,run
2026-07-31T09:26:53+03:00,1785479213,12364,64,3,29.1,39.8,,run
2026-07-31T09:26:58+03:00,1785479218,12369,64,3,29.1,39.5,,run
2026-07-31T09:27:04+03:00,1785479224,12375,64,3,29.1,37.1,,run
2026-07-31T09:27:09+03:00,1785479229,12380,64,3,29.1,35.8,,run
2026-07-31T09:27:15+03:00,1785479235,12386,64,3,29.1,36.8,,run
2026-07-31T09:27:20+03:00,1785479240,12391,64,3,29.1,38.0,,run
2026-07-31T09:27:25+03:00,1785479245,12396,64,3,29.1,39.2,,run
2026-07-31T09:27:31+03:00,1785479251,12402,64,3,29.1,39.5,,run
2026-07-31T09:27:36+03:00,1785479256,12407,64,3,29.1,39.2,,run
2026-07-31T09:27:41+03:00,1785479261,12412,64,3,29.1,48.5,,run
2026-07-31T09:27:47+03:00,1785479267,12418,64,3,29.1,38.3,,run
2026-07-31T09:27:52+03:00,1785479272,12423,64,3,29.1,35.2,,run
2026-07-31T09:27:58+03:00,1785479278,12429,64,3,29.1,34.0,,run
2026-07-31T09:28:04+03:00,1785479284,12435,64,3,29.1,34.3,,run
2026-07-31T09:28:09+03:00,1785479289,12440,64,3,29.1,33.7,,run
2026-07-31T09:28:15+03:00,1785479295,12446,64,3,29.1,33.7,,run
2026-07-31T09:28:20+03:00,1785479300,12451,64,3,29.1,33.7,,run
2026-07-31T09:28:26+03:00,1785479306,12457,64,3,29.1,51.3,,run
2026-07-31T09:28:31+03:00,1785479311,12462,64,3,29.1,36.8,,run
2026-07-31T09:28:37+03:00,1785479317,12468,64,3,29.1,35.8,,run
2026-07-31T09:28:42+03:00,1785479322,12473,64,3,29.1,37.7,,run
2026-07-31T09:28:48+03:00,1785479328,12479,64,3,29.1,38.3,,run
2026-07-31T09:28:53+03:00,1785479333,12484,64,3,29.1,39.2,,run
2026-07-31T09:28:58+03:00,1785479338,12489,64,3,29.1,39.2,,run
2026-07-31T09:29:04+03:00,1785479344,12495,64,3,29.1,38.3,,run
2026-07-31T09:29:09+03:00,1785479349,12500,64,3,29.1,35.8,,run
2026-07-31T09:29:15+03:00,1785479355,12506,64,3,29.1,35.2,,run
2026-07-31T09:29:20+03:00,1785479360,12511,64,3,29.1,38.0,,run
2026-07-31T09:29:26+03:00,1785479366,12517,64,3,29.1,37.1,,run
2026-07-31T09:29:31+03:00,1785479371,12522,64,3,29.1,38.6,,run
2026-07-31T09:29:36+03:00,1785479376,12527,64,3,29.1,38.6,,run
2026-07-31T09:29:42+03:00,1785479382,12533,64,3,29.1,41.4,,run
2026-07-31T09:29:47+03:00,1785479387,12538,64,3,29.1,43.2,,run
2026-07-31T09:29:53+03:00,1785479393,12544,64,3,29.1,37.7,,run
2026-07-31T09:29:58+03:00,1785479398,12549,64,3,29.1,34.9,,run
2026-07-31T09:30:04+03:00,1785479404,12555,64,3,29.1,34.0,,run
2026-07-31T09:30:09+03:00,1785479409,12560,64,3,29.1,34.0,,run
2026-07-31T09:30:15+03:00,1785479415,12566,64,3,29.1,34.3,,run
2026-07-31T09:30:20+03:00,1785479420,12571,64,3,29.1,33.4,,run
2026-07-31T09:30:26+03:00,1785479426,12577,64,3,29.1,36.1,,run
2026-07-31T09:30:31+03:00,1785479431,12582,64,3,29.1,38.9,,run
2026-07-31T09:30:37+03:00,1785479437,12588,64,3,29.1,37.4,,run
2026-07-31T09:30:42+03:00,1785479442,12593,64,3,29.1,35.5,,run
2026-07-31T09:30:48+03:00,1785479448,12599,64,3,29.0,35.2,,run
2026-07-31T09:30:54+03:00,1785479454,12605,64,3,29.0,37.7,,run
2026-07-31T09:30:59+03:00,1785479459,12610,64,3,29.0,37.4,,run
2026-07-31T09:31:04+03:00,1785479464,12615,64,3,29.0,38.6,,run
2026-07-31T09:31:10+03:00,1785479470,12621,64,3,29.0,39.8,,run
2026-07-31T09:31:15+03:00,1785479475,12626,64,3,29.0,39.5,,run
2026-07-31T09:31:20+03:00,1785479480,12631,64,3,29.0,38.3,,run
2026-07-31T09:31:26+03:00,1785479486,12637,64,3,29.0,37.7,,run
2026-07-31T09:31:31+03:00,1785479491,12642,64,3,29.0,38.0,,run
2026-07-31T09:31:36+03:00,1785479496,12647,64,3,29.0,39.2,,run
2026-07-31T09:31:42+03:00,1785479502,12653,64,3,29.0,38.9,,run
2026-07-31T09:31:47+03:00,1785479507,12658,64,3,29.0,48.8,,run
2026-07-31T09:31:53+03:00,1785479513,12664,64,3,29.0,37.7,,run
2026-07-31T09:31:58+03:00,1785479518,12669,64,3,29.0,35.5,,run
2026-07-31T09:32:04+03:00,1785479524,12675,64,3,29.0,34.3,,run
2026-07-31T09:32:09+03:00,1785479529,12680,64,3,29.0,34.0,,run
2026-07-31T09:32:15+03:00,1785479535,12686,64,3,29.0,34.6,,run
2026-07-31T09:32:20+03:00,1785479540,12691,64,3,29.0,34.3,,run
2026-07-31T09:32:26+03:00,1785479546,12697,64,3,29.0,34.0,,run
2026-07-31T09:32:32+03:00,1785479552,12703,64,3,29.0,48.2,,run
2026-07-31T09:32:37+03:00,1785479557,12708,64,3,29.0,36.4,,run
2026-07-31T09:32:42+03:00,1785479562,12713,64,3,29.0,35.2,,run
2026-07-31T09:32:48+03:00,1785479568,12719,64,3,29.0,35.2,,run
2026-07-31T09:32:54+03:00,1785479574,12725,64,3,29.0,37.7,,run
2026-07-31T09:32:59+03:00,1785479579,12730,64,3,29.0,37.4,,run
2026-07-31T09:33:04+03:00,1785479584,12735,64,3,29.0,38.0,,run
2026-07-31T09:33:10+03:00,1785479590,12741,64,3,29.0,38.9,,run
2026-07-31T09:33:15+03:00,1785479595,12746,64,3,29.0,38.6,,run
2026-07-31T09:33:20+03:00,1785479600,12751,64,3,29.0,37.7,,run
2026-07-31T09:33:26+03:00,1785479606,12757,64,3,29.0,35.5,,run
2026-07-31T09:33:31+03:00,1785479611,12762,64,3,29.0,34.9,,run
2026-07-31T09:33:37+03:00,1785479617,12768,64,3,29.0,34.9,,run
2026-07-31T09:33:42+03:00,1785479622,12773,64,3,29.0,34.6,,run
2026-07-31T09:33:48+03:00,1785479628,12779,64,3,29.0,38.6,,run
2026-07-31T09:33:54+03:00,1785479634,12785,64,3,29.0,38.0,,run
2026-07-31T09:33:59+03:00,1785479639,12790,64,3,29.0,41.4,,run
2026-07-31T09:34:05+03:00,1785479645,12796,64,3,29.0,34.6,,run
2026-07-31T09:34:10+03:00,1785479650,12801,64,3,29.0,34.0,,run
2026-07-31T09:34:16+03:00,1785479656,12807,64,3,29.0,33.4,,run
2026-07-31T09:34:21+03:00,1785479661,12812,64,3,29.0,33.7,,run
2026-07-31T09:34:27+03:00,1785479667,12818,64,3,29.0,35.8,,run
2026-07-31T09:34:32+03:00,1785479672,12823,64,3,29.0,46.0,,run
2026-07-31T09:34:38+03:00,1785479678,12829,64,3,29.0,40.8,,run
2026-07-31T09:34:43+03:00,1785479683,12834,64,3,29.0,39.2,,run
2026-07-31T09:34:49+03:00,1785479689,12840,64,3,29.0,39.5,,run
2026-07-31T09:34:54+03:00,1785479694,12845,64,3,29.0,39.5,,run
2026-07-31T09:34:59+03:00,1785479699,12850,64,3,29.0,40.8,,run
2026-07-31T09:35:05+03:00,1785479705,12856,64,3,29.0,37.4,,run
2026-07-31T09:35:10+03:00,1785479710,12861,64,3,29.0,37.7,,run
2026-07-31T09:35:15+03:00,1785479715,12866,64,3,29.0,38.0,,run
2026-07-31T09:35:21+03:00,1785479721,12872,64,3,29.0,38.6,,run
2026-07-31T09:35:26+03:00,1785479726,12877,64,3,29.0,39.8,,run
2026-07-31T09:35:32+03:00,1785479732,12883,64,3,29.0,38.6,,run
2026-07-31T09:35:37+03:00,1785479737,12888,64,3,29.0,36.4,,run
2026-07-31T09:35:42+03:00,1785479742,12893,64,3,29.0,35.5,,run
2026-07-31T09:35:48+03:00,1785479748,12899,64,3,29.0,35.5,,run
2026-07-31T09:35:53+03:00,1785479753,12904,63,3,29.2,49.7,,run
2026-07-31T09:35:59+03:00,1785479759,12910,63,3,29.2,38.6,,run
2026-07-31T09:36:04+03:00,1785479764,12915,63,3,29.2,35.2,,run
2026-07-31T09:36:10+03:00,1785479770,12921,63,3,29.2,34.0,,run
2026-07-31T09:36:16+03:00,1785479776,12927,63,3,29.2,34.0,,run
2026-07-31T09:36:21+03:00,1785479781,12932,63,3,29.2,34.0,,run
2026-07-31T09:36:27+03:00,1785479787,12938,63,3,29.2,40.5,,run
2026-07-31T09:36:32+03:00,1785479792,12943,63,3,29.2,38.9,,run
2026-07-31T09:36:37+03:00,1785479797,12948,63,3,29.2,39.2,,run
2026-07-31T09:36:43+03:00,1785479803,12954,63,3,29.2,38.3,,run
2026-07-31T09:36:48+03:00,1785479808,12959,63,3,29.2,36.8,,run
2026-07-31T09:36:54+03:00,1785479814,12965,63,3,29.2,35.8,,run
2026-07-31T09:36:59+03:00,1785479819,12970,63,3,29.2,35.5,,run
2026-07-31T09:37:05+03:00,1785479825,12976,63,3,29.2,35.2,,run
2026-07-31T09:37:10+03:00,1785479830,12981,63,3,29.2,34.9,,run
2026-07-31T09:37:16+03:00,1785479836,12987,63,3,29.2,36.8,,run
2026-07-31T09:37:21+03:00,1785479841,12992,63,3,29.2,37.4,,run
2026-07-31T09:37:27+03:00,1785479847,12998,63,3,29.2,38.6,,run
2026-07-31T09:37:32+03:00,1785479852,13003,63,3,29.2,38.0,,run
2026-07-31T09:37:37+03:00,1785479857,13008,63,3,29.2,35.5,,run
2026-07-31T09:37:43+03:00,1785479863,13014,63,3,29.2,35.2,,run
2026-07-31T09:37:49+03:00,1785479869,13020,63,3,29.2,34.9,,run
2026-07-31T09:37:54+03:00,1785479874,13025,63,3,29.2,40.5,,run
2026-07-31T09:38:00+03:00,1785479880,13031,63,3,29.2,48.8,,run
2026-07-31T09:38:05+03:00,1785479885,13036,63,3,29.2,42.0,,run
2026-07-31T09:38:10+03:00,1785479890,13041,63,3,29.2,38.0,,run
2026-07-31T09:38:16+03:00,1785479896,13047,63,3,29.2,35.5,,run
2026-07-31T09:38:21+03:00,1785479901,13052,63,3,29.2,34.0,,run
2026-07-31T09:38:27+03:00,1785479907,13058,63,3,29.2,33.7,,run
2026-07-31T09:38:32+03:00,1785479912,13063,63,3,29.2,33.7,,run
2026-07-31T09:38:38+03:00,1785479918,13069,63,3,29.2,34.9,,run
2026-07-31T09:38:43+03:00,1785479923,13074,63,3,29.2,48.8,,run
2026-07-31T09:38:49+03:00,1785479929,13080,63,3,29.2,37.4,,run
2026-07-31T09:38:54+03:00,1785479934,13085,63,3,29.2,38.3,,run
2026-07-31T09:39:00+03:00,1785479940,13091,63,3,29.2,38.9,,run
2026-07-31T09:39:05+03:00,1785479945,13096,63,3,29.2,39.2,,run
2026-07-31T09:39:10+03:00,1785479950,13101,63,3,29.2,38.6,,run
2026-07-31T09:39:16+03:00,1785479956,13107,63,3,29.2,35.5,,run
2026-07-31T09:39:21+03:00,1785479961,13112,63,3,29.2,34.9,,run
2026-07-31T09:39:27+03:00,1785479967,13118,63,3,29.2,34.6,,run
2026-07-31T09:39:33+03:00,1785479973,13124,63,3,29.2,34.3,,run
2026-07-31T09:39:38+03:00,1785479978,13129,63,3,29.2,34.3,,run
2026-07-31T09:39:44+03:00,1785479984,13135,63,3,29.2,36.4,,run
2026-07-31T09:39:49+03:00,1785479989,13140,63,3,29.2,38.3,,run
2026-07-31T09:39:54+03:00,1785479994,13145,63,3,29.2,36.8,,run
2026-07-31T09:40:00+03:00,1785480000,13151,63,3,29.2,42.3,,run
2026-07-31T09:40:05+03:00,1785480005,13156,63,3,29.2,39.5,,run
2026-07-31T09:40:11+03:00,1785480011,13162,63,3,29.2,35.8,,run
2026-07-31T09:40:16+03:00,1785480016,13167,63,3,29.2,34.3,,run
2026-07-31T09:40:22+03:00,1785480022,13173,63,3,29.2,34.0,,run
2026-07-31T09:40:27+03:00,1785480027,13178,63,3,29.2,33.4,,run
2026-07-31T09:40:33+03:00,1785480033,13184,63,3,29.2,34.3,,run
2026-07-31T09:40:38+03:00,1785480038,13189,63,3,29.2,34.0,,run
2026-07-31T09:40:44+03:00,1785480044,13195,63,3,29.2,35.5,,run
2026-07-31T09:40:50+03:00,1785480050,13201,63,3,29.1,39.8,,run
2026-07-31T09:40:55+03:00,1785480055,13206,63,3,29.1,37.4,,run
2026-07-31T09:41:01+03:00,1785480061,13212,63,3,29.1,37.7,,run
2026-07-31T09:41:06+03:00,1785480066,13217,63,3,29.1,38.3,,run
2026-07-31T09:41:11+03:00,1785480071,13222,63,3,29.1,39.2,,run
2026-07-31T09:41:17+03:00,1785480077,13228,63,3,29.1,38.3,,run
2026-07-31T09:41:22+03:00,1785480082,13233,63,3,29.1,36.4,,run
2026-07-31T09:41:27+03:00,1785480087,13238,63,3,29.1,35.2,,run
2026-07-31T09:41:33+03:00,1785480093,13244,63,3,29.1,34.3,,run
2026-07-31T09:41:38+03:00,1785480098,13249,63,3,29.1,34.3,,run
2026-07-31T09:41:44+03:00,1785480104,13255,63,3,29.1,34.6,,run
2026-07-31T09:41:50+03:00,1785480110,13261,63,3,29.1,34.6,,run
2026-07-31T09:41:55+03:00,1785480115,13266,63,3,29.1,36.8,,run
2026-07-31T09:42:01+03:00,1785480121,13272,63,3,29.1,36.4,,run
2026-07-31T09:42:06+03:00,1785480126,13277,63,3,29.1,48.8,,run
2026-07-31T09:42:12+03:00,1785480132,13283,63,3,29.1,37.4,,run
2026-07-31T09:42:17+03:00,1785480137,13288,63,3,29.1,34.9,,run
2026-07-31T09:42:23+03:00,1785480143,13294,63,3,29.1,34.3,,run
2026-07-31T09:42:28+03:00,1785480148,13299,63,3,29.1,36.4,,run
2026-07-31T09:42:34+03:00,1785480154,13305,63,3,29.1,39.2,,run
2026-07-31T09:42:40+03:00,1785480160,13311,63,3,29.1,37.7,,run
2026-07-31T09:42:45+03:00,1785480165,13316,63,3,29.1,36.8,,run
2026-07-31T09:42:51+03:00,1785480171,13322,63,3,29.1,38.6,,run
2026-07-31T09:42:56+03:00,1785480176,13327,63,3,29.1,39.2,,run
2026-07-31T09:43:01+03:00,1785480181,13332,63,3,29.1,36.8,,run
2026-07-31T09:43:07+03:00,1785480187,13338,63,3,29.1,38.0,,run
2026-07-31T09:43:12+03:00,1785480192,13343,63,3,29.1,34.9,,run
2026-07-31T09:43:18+03:00,1785480198,13349,63,3,29.1,34.9,,run
2026-07-31T09:43:23+03:00,1785480203,13354,63,3,29.1,34.9,,run
2026-07-31T09:43:29+03:00,1785480209,13360,63,3,29.1,34.6,,run
2026-07-31T09:43:34+03:00,1785480214,13365,63,3,29.1,34.9,,run
2026-07-31T09:43:40+03:00,1785480220,13371,63,3,29.1,36.8,,run
2026-07-31T09:43:45+03:00,1785480225,13376,63,3,29.1,36.4,,run
2026-07-31T09:43:51+03:00,1785480231,13382,63,3,29.1,47.0,,run
2026-07-31T09:43:56+03:00,1785480236,13387,63,3,29.1,38.0,,run
2026-07-31T09:44:02+03:00,1785480242,13393,63,3,29.1,34.9,,run
2026-07-31T09:44:07+03:00,1785480247,13398,63,3,29.1,34.0,,run
2026-07-31T09:44:13+03:00,1785480253,13404,63,3,29.1,35.2,,run
2026-07-31T09:44:19+03:00,1785480259,13410,63,3,29.1,45.7,,run
2026-07-31T09:44:24+03:00,1785480264,13415,63,3,29.1,36.4,,run
2026-07-31T09:44:29+03:00,1785480269,13420,63,3,29.1,34.9,,run
2026-07-31T09:44:35+03:00,1785480275,13426,63,3,29.1,36.8,,run
2026-07-31T09:44:41+03:00,1785480281,13432,63,3,29.1,37.7,,run
2026-07-31T09:44:46+03:00,1785480286,13437,63,3,29.1,38.6,,run
2026-07-31T09:44:51+03:00,1785480291,13442,63,3,29.1,38.6,,run
2026-07-31T09:44:56+03:00,1785480296,13447,63,3,29.1,38.9,,run
2026-07-31T09:45:02+03:00,1785480302,13453,63,3,29.1,35.8,,run
2026-07-31T09:45:07+03:00,1785480307,13458,63,3,29.1,35.2,,run
2026-07-31T09:45:13+03:00,1785480313,13464,63,3,29.1,34.9,,run
2026-07-31T09:45:18+03:00,1785480318,13469,63,3,29.1,34.9,,run
2026-07-31T09:45:24+03:00,1785480324,13475,63,3,29.1,37.4,,run
2026-07-31T09:45:29+03:00,1785480329,13480,63,3,29.1,35.5,,run
2026-07-31T09:45:35+03:00,1785480335,13486,63,3,29.1,46.3,,run
2026-07-31T09:45:41+03:00,1785480341,13492,63,3,29.1,37.1,,run
2026-07-31T09:45:46+03:00,1785480346,13497,63,3,29.1,35.8,,run
2026-07-31T09:45:52+03:00,1785480352,13503,63,3,29.1,34.6,,run
2026-07-31T09:45:57+03:00,1785480357,13508,63,3,29.1,34.9,,run
2026-07-31T09:46:03+03:00,1785480363,13514,63,3,29.1,48.5,,run
2026-07-31T09:46:08+03:00,1785480368,13519,63,3,29.1,36.4,,run
2026-07-31T09:46:14+03:00,1785480374,13525,63,3,29.1,35.5,,run
2026-07-31T09:46:19+03:00,1785480379,13530,63,3,29.1,35.2,,run
2026-07-31T09:46:25+03:00,1785480385,13536,63,3,29.1,34.9,,run
2026-07-31T09:46:30+03:00,1785480390,13541,63,3,29.1,37.4,,run
2026-07-31T09:46:36+03:00,1785480396,13547,63,3,29.1,37.1,,run
2026-07-31T09:46:41+03:00,1785480401,13552,63,3,29.1,38.6,,run
2026-07-31T09:46:46+03:00,1785480406,13557,63,3,29.1,38.9,,run
2026-07-31T09:46:52+03:00,1785480412,13563,63,3,29.1,38.9,,run
2026-07-31T09:46:57+03:00,1785480417,13568,63,3,29.1,36.8,,run
2026-07-31T09:47:02+03:00,1785480422,13573,63,3,29.1,35.2,,run
2026-07-31T09:47:08+03:00,1785480428,13579,63,3,29.1,34.6,,run
2026-07-31T09:47:14+03:00,1785480434,13585,63,3,29.1,37.4,,run
2026-07-31T09:47:19+03:00,1785480439,13590,63,3,29.1,43.2,,run
2026-07-31T09:47:24+03:00,1785480444,13595,63,3,29.1,39.5,,run
2026-07-31T09:47:30+03:00,1785480450,13601,63,3,29.1,42.6,,run
2026-07-31T09:47:35+03:00,1785480455,13606,63,3,29.1,34.3,,run
2026-07-31T09:47:41+03:00,1785480461,13612,62,3,29.2,34.0,,run
2026-07-31T09:47:47+03:00,1785480467,13618,62,3,29.2,34.0,,run
2026-07-31T09:47:52+03:00,1785480472,13623,62,3,29.2,34.0,,run
2026-07-31T09:47:58+03:00,1785480478,13629,62,3,29.2,35.5,,run
2026-07-31T09:48:03+03:00,1785480483,13634,62,3,29.2,45.7,,run
2026-07-31T09:48:09+03:00,1785480489,13640,62,3,29.2,39.8,,run
2026-07-31T09:48:14+03:00,1785480494,13645,62,3,29.2,38.9,,run
2026-07-31T09:48:19+03:00,1785480499,13650,62,3,29.2,39.2,,run
2026-07-31T09:48:25+03:00,1785480505,13656,62,3,29.2,40.2,,run
2026-07-31T09:48:30+03:00,1785480510,13661,62,3,29.2,38.9,,run
2026-07-31T09:48:35+03:00,1785480515,13666,62,3,29.2,36.1,,run
2026-07-31T09:48:41+03:00,1785480521,13672,62,3,29.2,35.2,,run
2026-07-31T09:48:46+03:00,1785480526,13677,62,3,29.2,35.2,,run
2026-07-31T09:48:52+03:00,1785480532,13683,62,3,29.2,34.6,,run
2026-07-31T09:48:57+03:00,1785480537,13688,62,3,29.2,36.4,,run
2026-07-31T09:49:03+03:00,1785480543,13694,62,3,29.2,36.4,,run
2026-07-31T09:49:08+03:00,1785480548,13699,62,3,29.2,34.6,,run
2026-07-31T09:49:14+03:00,1785480554,13705,62,3,29.2,36.1,,run
2026-07-31T09:49:19+03:00,1785480559,13710,62,3,29.2,41.4,,run
2026-07-31T09:49:25+03:00,1785480565,13716,62,3,29.2,49.1,,run
2026-07-31T09:49:30+03:00,1785480570,13721,62,3,29.2,41.4,,run
2026-07-31T09:49:36+03:00,1785480576,13727,62,3,29.2,34.9,,run
2026-07-31T09:49:41+03:00,1785480581,13732,62,3,29.2,34.0,,run
2026-07-31T09:49:47+03:00,1785480587,13738,62,3,29.2,34.0,,run
2026-07-31T09:49:52+03:00,1785480592,13743,62,3,29.2,34.0,,run
2026-07-31T09:49:58+03:00,1785480598,13749,62,3,29.2,34.0,,run
2026-07-31T09:50:04+03:00,1785480604,13755,62,3,29.2,35.2,,run
2026-07-31T09:50:09+03:00,1785480609,13760,62,3,29.2,45.7,,run
2026-07-31T09:50:15+03:00,1785480615,13766,62,3,29.2,36.4,,run
2026-07-31T09:50:20+03:00,1785480620,13771,62,3,29.2,37.4,,run
2026-07-31T09:50:26+03:00,1785480626,13777,62,3,29.2,36.8,,run
2026-07-31T09:50:31+03:00,1785480631,13782,62,3,29.2,38.3,,run
2026-07-31T09:50:36+03:00,1785480636,13787,62,3,29.2,38.3,,run
2026-07-31T09:50:42+03:00,1785480642,13793,62,3,29.2,38.0,,run
2026-07-31T09:50:47+03:00,1785480647,13798,62,3,29.2,38.3,,run
2026-07-31T09:50:52+03:00,1785480652,13803,62,3,29.2,35.8,,run
2026-07-31T09:50:58+03:00,1785480658,13809,62,3,29.2,34.9,,run
2026-07-31T09:51:03+03:00,1785480663,13814,62,3,29.2,34.9,,run
2026-07-31T09:51:09+03:00,1785480669,13820,62,3,29.2,34.3,,run
2026-07-31T09:51:14+03:00,1785480674,13825,62,3,29.2,35.2,,run
2026-07-31T09:51:20+03:00,1785480680,13831,62,3,29.2,34.6,,run
2026-07-31T09:51:25+03:00,1785480685,13836,62,3,29.2,48.2,,run
2026-07-31T09:51:31+03:00,1785480691,13842,62,3,29.2,39.2,,run
2026-07-31T09:51:36+03:00,1785480696,13847,62,3,29.2,34.6,,run
2026-07-31T09:51:42+03:00,1785480702,13853,62,3,29.2,34.0,,run
2026-07-31T09:51:47+03:00,1785480707,13858,62,3,29.2,33.7,,run
2026-07-31T09:51:53+03:00,1785480713,13864,62,3,29.2,33.4,,run
2026-07-31T09:51:59+03:00,1785480719,13870,62,3,29.2,33.4,,run
2026-07-31T09:52:04+03:00,1785480724,13875,62,3,29.2,33.7,,run
2026-07-31T09:52:10+03:00,1785480730,13881,62,3,29.2,48.2,,run
2026-07-31T09:52:15+03:00,1785480735,13886,62,3,29.2,37.1,,run
2026-07-31T09:52:21+03:00,1785480741,13892,62,3,29.2,36.1,,run
2026-07-31T09:52:26+03:00,1785480746,13897,62,3,29.2,37.7,,run
2026-07-31T09:52:32+03:00,1785480752,13903,62,3,29.2,38.3,,run
2026-07-31T09:52:37+03:00,1785480757,13908,62,3,29.2,38.9,,run
2026-07-31T09:52:42+03:00,1785480762,13913,62,3,29.2,39.2,,run
2026-07-31T09:52:48+03:00,1785480768,13919,62,3,29.2,38.3,,run
2026-07-31T09:52:53+03:00,1785480773,13924,62,3,29.2,36.8,,run
2026-07-31T09:52:58+03:00,1785480778,13929,62,3,29.2,38.3,,run
2026-07-31T09:53:04+03:00,1785480784,13935,62,3,29.2,38.0,,run
2026-07-31T09:53:09+03:00,1785480789,13940,62,3,29.2,39.5,,run
2026-07-31T09:53:14+03:00,1785480794,13945,62,3,29.2,39.5,,run
2026-07-31T09:53:20+03:00,1785480800,13951,62,3,29.2,39.2,,run
2026-07-31T09:53:25+03:00,1785480805,13956,62,3,29.2,45.7,,run
2026-07-31T09:53:31+03:00,1785480811,13962,62,3,29.2,48.5,,run
2026-07-31T09:53:36+03:00,1785480816,13967,62,3,29.2,36.4,,run
2026-07-31T09:53:41+03:00,1785480821,13972,62,3,29.2,34.6,,run
2026-07-31T09:53:47+03:00,1785480827,13978,62,3,29.2,34.3,,run
2026-07-31T09:53:53+03:00,1785480833,13984,62,3,29.2,45.1,,run
2026-07-31T09:53:58+03:00,1785480838,13989,62,3,29.2,39.5,,run
2026-07-31T09:54:04+03:00,1785480844,13995,62,3,29.2,34.9,,run
2026-07-31T09:54:09+03:00,1785480849,14000,62,3,29.2,36.1,,run
2026-07-31T09:54:15+03:00,1785480855,14006,62,3,29.2,36.1,,run
2026-07-31T09:54:20+03:00,1785480860,14011,62,3,29.2,37.4,,run
2026-07-31T09:54:25+03:00,1785480865,14016,62,3,29.2,38.6,,run
2026-07-31T09:54:31+03:00,1785480871,14022,62,3,29.2,38.6,,run
2026-07-31T09:54:36+03:00,1785480876,14027,62,3,29.2,35.8,,run
2026-07-31T09:54:42+03:00,1785480882,14033,62,3,29.2,35.5,,run
2026-07-31T09:54:47+03:00,1785480887,14038,62,3,29.2,35.2,,run
2026-07-31T09:54:53+03:00,1785480893,14044,62,3,29.2,34.6,,run
2026-07-31T09:54:58+03:00,1785480898,14049,62,3,29.2,34.6,,run
2026-07-31T09:55:04+03:00,1785480904,14055,62,3,29.2,34.3,,run
2026-07-31T09:55:09+03:00,1785480909,14060,62,3,29.2,41.4,,run
2026-07-31T09:55:15+03:00,1785480915,14066,62,3,29.2,46.7,,run
2026-07-31T09:55:20+03:00,1785480920,14071,62,3,29.2,37.4,,run
2026-07-31T09:55:26+03:00,1785480926,14077,62,3,29.2,34.3,,run
2026-07-31T09:55:31+03:00,1785480931,14082,62,3,29.2,34.0,,run
2026-07-31T09:55:37+03:00,1785480937,14088,62,3,29.2,33.7,,run
2026-07-31T09:55:42+03:00,1785480942,14093,62,3,29.2,38.9,,run
2026-07-31T09:55:48+03:00,1785480948,14099,62,3,29.2,36.1,,run
2026-07-31T09:55:53+03:00,1785480953,14104,62,3,29.2,38.3,,run
2026-07-31T09:55:59+03:00,1785480959,14110,62,3,29.2,46.0,,run
2026-07-31T09:56:04+03:00,1785480964,14115,62,3,29.2,38.3,,run
2026-07-31T09:56:09+03:00,1785480969,14120,62,3,29.2,38.3,,run
2026-07-31T09:56:15+03:00,1785480975,14126,62,3,29.2,39.2,,run
2026-07-31T09:56:20+03:00,1785480980,14131,62,3,29.2,38.9,,run
2026-07-31T09:56:25+03:00,1785480985,14136,62,3,29.2,36.4,,run
2026-07-31T09:56:31+03:00,1785480991,14142,62,3,29.2,38.0,,run
2026-07-31T09:56:36+03:00,1785480996,14147,62,3,29.2,38.6,,run
2026-07-31T09:56:42+03:00,1785481002,14153,62,3,29.2,39.2,,run
2026-07-31T09:56:47+03:00,1785481007,14158,62,3,29.2,38.3,,run
2026-07-31T09:56:52+03:00,1785481012,14163,62,3,29.2,35.8,,run
2026-07-31T09:56:58+03:00,1785481018,14169,62,3,29.2,35.5,,run
2026-07-31T09:57:03+03:00,1785481023,14174,62,3,29.2,45.1,,run
2026-07-31T09:57:09+03:00,1785481029,14180,62,3,29.2,35.8,,run
2026-07-31T09:57:14+03:00,1785481034,14185,62,3,29.2,44.5,,run
2026-07-31T09:57:20+03:00,1785481040,14191,62,3,29.2,38.3,,run
2026-07-31T09:57:25+03:00,1785481045,14196,62,3,29.2,43.2,,run
2026-07-31T09:57:31+03:00,1785481051,14202,62,3,29.2,34.6,,run
2026-07-31T09:57:36+03:00,1785481056,14207,62,3,29.2,34.3,,run
2026-07-31T09:57:42+03:00,1785481062,14213,62,3,29.2,33.7,,run
2026-07-31T09:57:47+03:00,1785481067,14218,62,3,29.2,34.3,,run
2026-07-31T09:57:53+03:00,1785481073,14224,62,3,29.2,34.3,,run
2026-07-31T09:57:59+03:00,1785481079,14230,62,3,29.2,33.7,,run
2026-07-31T09:58:04+03:00,1785481084,14235,62,3,29.2,35.8,,run
2026-07-31T09:58:10+03:00,1785481090,14241,62,3,29.2,37.7,,run
2026-07-31T09:58:15+03:00,1785481095,14246,62,3,29.2,35.2,,run
2026-07-31T09:58:21+03:00,1785481101,14252,62,3,29.2,36.8,,run
2026-07-31T09:58:26+03:00,1785481106,14257,62,3,29.2,37.1,,run
2026-07-31T09:58:32+03:00,1785481112,14263,62,3,29.2,37.7,,run
2026-07-31T09:58:37+03:00,1785481117,14268,62,3,29.2,38.3,,run
2026-07-31T09:58:42+03:00,1785481122,14273,62,3,29.2,38.3,,run
2026-07-31T09:58:48+03:00,1785481128,14279,62,3,29.2,36.1,,run
2026-07-31T09:58:53+03:00,1785481133,14284,62,3,29.2,34.6,,run
2026-07-31T09:58:59+03:00,1785481139,14290,62,3,29.2,34.6,,run
2026-07-31T09:59:04+03:00,1785481144,14295,62,3,29.2,34.3,,run
2026-07-31T09:59:10+03:00,1785481150,14301,62,3,29.2,34.3,,run
2026-07-31T09:59:15+03:00,1785481155,14306,62,3,29.2,34.9,,run
2026-07-31T09:59:21+03:00,1785481161,14312,62,3,29.2,33.7,,run
2026-07-31T09:59:26+03:00,1785481166,14317,61,3,28.6,47.6,,run
2026-07-31T09:59:32+03:00,1785481172,14323,61,3,28.6,36.4,,run
2026-07-31T09:59:38+03:00,1785481178,14329,61,3,28.6,34.6,,run
2026-07-31T09:59:43+03:00,1785481183,14334,61,3,28.6,33.7,,run
2026-07-31T09:59:49+03:00,1785481189,14340,61,3,28.6,33.4,,run
2026-07-31T09:59:54+03:00,1785481194,14345,61,3,28.6,35.8,,run
2026-07-31T10:00:00+03:00,1785481200,14351,61,3,28.6,34.3,,run
2026-07-31T10:00:06+03:00,1785481206,14357,61,3,28.6,33.0,,run
2026-07-31T10:00:11+03:00,1785481211,14362,61,3,28.6,34.9,,run
2026-07-31T10:00:17+03:00,1785481217,14368,61,3,28.6,38.0,,run
2026-07-31T10:00:22+03:00,1785481222,14373,61,3,28.6,46.0,,run
2026-07-31T10:00:27+03:00,1785481227,14378,61,3,28.6,38.3,,run
2026-07-31T10:00:33+03:00,1785481233,14384,61,3,28.6,40.2,,run
2026-07-31T10:00:38+03:00,1785481238,14389,61,3,28.6,37.7,,run
2026-07-31T10:00:44+03:00,1785481244,14395,61,3,28.6,35.5,,run
2026-07-31T10:00:49+03:00,1785481249,14400,61,3,28.7,37.4,,run
2026-07-31T10:00:55+03:00,1785481255,14406,61,3,28.7,36.8,,run
2026-07-31T10:01:00+03:00,1785481260,14411,61,3,28.7,37.1,,run
2026-07-31T10:01:05+03:00,1785481265,14416,61,3,28.7,34.9,,run
2026-07-31T10:01:11+03:00,1785481271,14422,61,3,28.7,34.6,,run
2026-07-31T10:01:16+03:00,1785481276,14427,61,3,28.7,34.9,,run
2026-07-31T10:01:22+03:00,1785481282,14433,61,3,28.7,36.1,,run
2026-07-31T10:01:27+03:00,1785481287,14438,61,3,28.7,37.7,,run
2026-07-31T10:01:33+03:00,1785481293,14444,61,3,28.7,38.9,,run
2026-07-31T10:01:38+03:00,1785481298,14449,61,3,28.7,48.2,,run
2026-07-31T10:01:44+03:00,1785481304,14455,61,3,28.7,36.8,,run
2026-07-31T10:01:49+03:00,1785481309,14460,61,3,28.7,35.5,,run
2026-07-31T10:01:55+03:00,1785481315,14466,61,3,28.7,34.0,,run
2026-07-31T10:02:00+03:00,1785481320,14471,61,3,28.7,34.0,,run
2026-07-31T10:02:06+03:00,1785481326,14477,61,3,28.7,33.4,,run
2026-07-31T10:02:11+03:00,1785481331,14482,61,3,28.7,33.7,,run
2026-07-31T10:02:17+03:00,1785481337,14488,61,3,28.7,34.0,,run
2026-07-31T10:02:23+03:00,1785481343,14494,61,3,28.7,35.2,,run
2026-07-31T10:02:28+03:00,1785481348,14499,61,3,28.7,50.1,,run
2026-07-31T10:02:34+03:00,1785481354,14505,61,3,28.7,36.1,,run
2026-07-31T10:02:39+03:00,1785481359,14510,61,3,28.7,34.9,,run
2026-07-31T10:02:45+03:00,1785481365,14516,61,3,28.7,37.1,,run
2026-07-31T10:02:50+03:00,1785481370,14521,61,3,28.7,36.4,,run
2026-07-31T10:02:55+03:00,1785481375,14526,61,3,28.7,38.9,,run
2026-07-31T10:03:01+03:00,1785481381,14532,61,3,28.7,38.6,,run
2026-07-31T10:03:06+03:00,1785481386,14537,61,3,28.7,37.7,,run
2026-07-31T10:03:12+03:00,1785481392,14543,61,3,28.7,34.9,,run
2026-07-31T10:03:17+03:00,1785481397,14548,61,3,28.7,34.9,,run
2026-07-31T10:03:23+03:00,1785481403,14554,61,3,28.7,35.5,,run
2026-07-31T10:03:28+03:00,1785481408,14559,61,3,28.7,36.1,,run
2026-07-31T10:03:34+03:00,1785481414,14565,61,3,28.7,34.6,,run
2026-07-31T10:03:39+03:00,1785481419,14570,61,3,28.7,34.0,,run
2026-07-31T10:03:45+03:00,1785481425,14576,61,3,28.7,45.4,,run
2026-07-31T10:03:50+03:00,1785481430,14581,61,3,28.7,37.1,,run
2026-07-31T10:03:56+03:00,1785481436,14587,61,3,28.7,36.4,,run
2026-07-31T10:04:01+03:00,1785481441,14592,61,3,28.7,34.6,,run
2026-07-31T10:04:07+03:00,1785481447,14598,61,3,28.7,34.0,,run
2026-07-31T10:04:12+03:00,1785481452,14603,61,3,28.7,33.0,,run
2026-07-31T10:04:18+03:00,1785481458,14609,61,3,28.7,33.7,,run
2026-07-31T10:04:23+03:00,1785481463,14614,61,3,28.7,35.5,,run
2026-07-31T10:04:29+03:00,1785481469,14620,61,3,28.7,39.2,,run
2026-07-31T10:04:34+03:00,1785481474,14625,61,3,28.7,43.6,,run
2026-07-31T10:04:40+03:00,1785481480,14631,61,3,28.7,37.7,,run
2026-07-31T10:04:45+03:00,1785481485,14636,61,3,28.7,37.7,,run
2026-07-31T10:04:50+03:00,1785481490,14641,61,3,28.7,38.6,,run
2026-07-31T10:04:56+03:00,1785481496,14647,61,3,28.7,39.2,,run
2026-07-31T10:05:01+03:00,1785481501,14652,61,3,28.7,35.8,,run
2026-07-31T10:05:07+03:00,1785481507,14658,61,3,28.7,35.2,,run
2026-07-31T10:05:12+03:00,1785481512,14663,61,3,28.7,34.9,,run
2026-07-31T10:05:18+03:00,1785481518,14669,61,3,28.7,34.3,,run
2026-07-31T10:05:23+03:00,1785481523,14674,61,3,28.7,34.6,,run
2026-07-31T10:05:29+03:00,1785481529,14680,61,3,28.7,34.3,,run
2026-07-31T10:05:34+03:00,1785481534,14685,61,3,28.7,36.1,,run
2026-07-31T10:05:40+03:00,1785481540,14691,61,3,28.7,36.1,,run
2026-07-31T10:05:45+03:00,1785481545,14696,61,3,28.7,38.0,,run
2026-07-31T10:05:50+03:00,1785481550,14701,61,3,28.7,46.7,,run
2026-07-31T10:05:56+03:00,1785481556,14707,61,3,28.7,36.1,,run
2026-07-31T10:06:02+03:00,1785481562,14713,61,3,28.7,34.9,,run
2026-07-31T10:06:07+03:00,1785481567,14718,61,3,28.7,33.4,,run
2026-07-31T10:06:13+03:00,1785481573,14724,61,3,28.7,33.7,,run
2026-07-31T10:06:18+03:00,1785481578,14729,61,3,28.7,33.0,,run
2026-07-31T10:06:24+03:00,1785481584,14735,61,3,28.7,38.0,,run
2026-07-31T10:06:29+03:00,1785481589,14740,61,3,28.7,36.4,,run
2026-07-31T10:06:35+03:00,1785481595,14746,61,3,28.7,46.3,,run
2026-07-31T10:06:40+03:00,1785481600,14751,61,3,28.7,37.7,,run
2026-07-31T10:06:46+03:00,1785481606,14757,61,3,28.7,34.9,,run
2026-07-31T10:06:51+03:00,1785481611,14762,61,3,28.7,34.9,,run
2026-07-31T10:06:57+03:00,1785481617,14768,61,3,28.7,34.9,,run
2026-07-31T10:07:02+03:00,1785481622,14773,61,3,28.7,34.6,,run
2026-07-31T10:07:08+03:00,1785481628,14779,61,3,28.7,34.6,,run
2026-07-31T10:07:14+03:00,1785481634,14785,61,3,28.7,36.1,,run
2026-07-31T10:07:19+03:00,1785481639,14790,61,3,28.7,36.4,,run
2026-07-31T10:07:24+03:00,1785481644,14795,61,3,28.7,38.0,,run
2026-07-31T10:07:30+03:00,1785481650,14801,61,3,28.7,38.6,,run
2026-07-31T10:07:35+03:00,1785481655,14806,61,3,28.7,37.1,,run
2026-07-31T10:07:40+03:00,1785481660,14811,61,3,28.7,34.3,,run
2026-07-31T10:07:46+03:00,1785481666,14817,61,3,28.7,34.3,,run
2026-07-31T10:07:52+03:00,1785481672,14823,61,3,28.7,43.6,,run
2026-07-31T10:07:57+03:00,1785481677,14828,61,3,28.7,37.1,,run
2026-07-31T10:08:03+03:00,1785481683,14834,61,3,28.7,35.8,,run
2026-07-31T10:08:08+03:00,1785481688,14839,61,3,28.7,33.7,,run
2026-07-31T10:08:14+03:00,1785481694,14845,61,3,28.7,33.4,,run
2026-07-31T10:08:19+03:00,1785481699,14850,61,3,28.7,34.3,,run
2026-07-31T10:08:25+03:00,1785481705,14856,61,3,28.7,35.5,,run
2026-07-31T10:08:30+03:00,1785481710,14861,61,3,28.7,34.3,,run
2026-07-31T10:08:36+03:00,1785481716,14867,61,3,28.7,38.0,,run
2026-07-31T10:08:41+03:00,1785481721,14872,61,3,28.7,39.8,,run
2026-07-31T10:08:47+03:00,1785481727,14878,61,3,28.7,38.9,,run
2026-07-31T10:08:52+03:00,1785481732,14883,61,3,28.7,38.3,,run
2026-07-31T10:08:57+03:00,1785481737,14888,61,3,28.7,38.6,,run
2026-07-31T10:09:03+03:00,1785481743,14894,61,3,28.7,38.3,,run
2026-07-31T10:09:08+03:00,1785481748,14899,61,3,28.7,35.8,,run
2026-07-31T10:09:14+03:00,1785481754,14905,61,3,28.7,35.2,,run
2026-07-31T10:09:19+03:00,1785481759,14910,61,3,28.7,34.9,,run
2026-07-31T10:09:25+03:00,1785481765,14916,61,3,28.7,34.6,,run
2026-07-31T10:09:30+03:00,1785481770,14921,61,3,28.7,34.3,,run
2026-07-31T10:09:36+03:00,1785481776,14927,61,3,28.7,34.3,,run
2026-07-31T10:09:41+03:00,1785481781,14932,61,3,28.7,34.0,,run
2026-07-31T10:09:47+03:00,1785481787,14938,61,3,28.7,36.8,,run
2026-07-31T10:09:52+03:00,1785481792,14943,61,3,28.7,36.8,,run
2026-07-31T10:09:58+03:00,1785481798,14949,61,3,28.7,47.9,,run
2026-07-31T10:10:03+03:00,1785481803,14954,61,3,28.7,37.1,,run
2026-07-31T10:10:09+03:00,1785481809,14960,61,3,28.7,35.8,,run
2026-07-31T10:10:14+03:00,1785481814,14965,61,3,28.7,34.3,,run
2026-07-31T10:10:20+03:00,1785481820,14971,61,3,28.7,33.7,,run
2026-07-31T10:10:26+03:00,1785481826,14977,61,3,28.7,46.0,,run
2026-07-31T10:10:31+03:00,1785481831,14982,61,3,28.7,36.4,,run
2026-07-31T10:10:36+03:00,1785481836,14987,61,3,28.7,34.9,,run
2026-07-31T10:10:42+03:00,1785481842,14993,61,3,28.7,35.2,,run
2026-07-31T10:10:47+03:00,1785481847,14998,61,3,28.9,34.6,,run
2026-07-31T10:10:53+03:00,1785481853,15004,61,3,28.9,36.4,,run
2026-07-31T10:10:58+03:00,1785481858,15009,61,3,28.9,36.4,,run
2026-07-31T10:11:04+03:00,1785481864,15015,61,3,28.9,38.3,,run
2026-07-31T10:11:09+03:00,1785481869,15020,60,3,28.8,38.9,,run
2026-07-31T10:11:15+03:00,1785481875,15026,60,3,28.8,36.8,,run
2026-07-31T10:11:20+03:00,1785481880,15031,60,3,28.8,35.2,,run
2026-07-31T10:11:25+03:00,1785481885,15036,60,3,28.8,34.6,,run
2026-07-31T10:11:31+03:00,1785481891,15042,60,3,28.8,34.3,,run
2026-07-31T10:11:37+03:00,1785481897,15048,60,3,28.8,34.0,,run
2026-07-31T10:11:42+03:00,1785481902,15053,60,3,28.8,43.2,,run
2026-07-31T10:11:48+03:00,1785481908,15059,60,3,28.8,37.1,,run
2026-07-31T10:11:53+03:00,1785481913,15064,60,3,28.8,36.1,,run
2026-07-31T10:11:59+03:00,1785481919,15070,60,3,28.8,35.8,,run
2026-07-31T10:12:04+03:00,1785481924,15075,60,3,28.8,42.9,,run
2026-07-31T10:12:10+03:00,1785481930,15081,60,3,28.8,33.4,,run
2026-07-31T10:12:15+03:00,1785481935,15086,60,3,28.8,33.7,,run
2026-07-31T10:12:21+03:00,1785481941,15092,60,3,28.8,33.4,,run
2026-07-31T10:12:26+03:00,1785481946,15097,60,3,28.8,35.5,,run
2026-07-31T10:12:32+03:00,1785481952,15103,60,3,28.8,46.7,,run
2026-07-31T10:12:37+03:00,1785481957,15108,60,3,28.8,35.8,,run
2026-07-31T10:12:43+03:00,1785481963,15114,60,3,28.8,36.4,,run
2026-07-31T10:12:48+03:00,1785481968,15119,60,3,28.8,36.8,,run
2026-07-31T10:12:53+03:00,1785481973,15124,60,3,28.8,37.1,,run
2026-07-31T10:12:59+03:00,1785481979,15130,60,3,28.8,38.6,,run
2026-07-31T10:13:04+03:00,1785481984,15135,60,3,28.8,37.7,,run
2026-07-31T10:13:09+03:00,1785481989,15140,60,3,28.8,35.5,,run
2026-07-31T10:13:15+03:00,1785481995,15146,60,3,28.8,34.0,,run
2026-07-31T10:13:20+03:00,1785482000,15151,60,3,28.8,34.3,,run
2026-07-31T10:13:26+03:00,1785482006,15157,60,3,28.8,34.0,,run
2026-07-31T10:13:31+03:00,1785482011,15162,60,3,28.8,34.0,,run
2026-07-31T10:13:37+03:00,1785482017,15168,60,3,28.8,33.7,,run
2026-07-31T10:13:43+03:00,1785482023,15174,60,3,28.8,37.4,,run
2026-07-31T10:13:48+03:00,1785482028,15179,60,3,28.8,42.6,,run
2026-07-31T10:13:54+03:00,1785482034,15185,60,3,28.8,37.1,,run
2026-07-31T10:13:59+03:00,1785482039,15190,60,3,28.8,36.1,,run
2026-07-31T10:14:05+03:00,1785482045,15196,60,3,28.8,33.7,,run
2026-07-31T10:14:10+03:00,1785482050,15201,60,3,28.8,33.4,,run
2026-07-31T10:14:16+03:00,1785482056,15207,60,3,28.8,48.5,,run
2026-07-31T10:14:21+03:00,1785482061,15212,60,3,28.8,38.3,,run
2026-07-31T10:14:26+03:00,1785482066,15217,60,3,28.8,37.7,,run
2026-07-31T10:14:32+03:00,1785482072,15223,60,3,28.8,38.6,,run
2026-07-31T10:14:37+03:00,1785482077,15228,60,3,28.8,38.0,,run
2026-07-31T10:14:43+03:00,1785482083,15234,60,3,28.8,34.9,,run
2026-07-31T10:14:48+03:00,1785482088,15239,60,3,28.8,34.9,,run
2026-07-31T10:14:54+03:00,1785482094,15245,60,3,28.8,34.3,,run
2026-07-31T10:14:59+03:00,1785482099,15250,60,3,28.8,34.3,,run
2026-07-31T10:15:05+03:00,1785482105,15256,60,3,28.8,34.3,,run
2026-07-31T10:15:10+03:00,1785482110,15261,60,3,28.8,33.7,,run
2026-07-31T10:15:16+03:00,1785482116,15267,60,3,28.8,35.5,,run
2026-07-31T10:15:21+03:00,1785482121,15272,60,3,28.8,36.4,,run
2026-07-31T10:15:27+03:00,1785482127,15278,60,3,28.8,36.8,,run
2026-07-31T10:15:32+03:00,1785482132,15283,60,3,28.8,45.7,,run
2026-07-31T10:15:37+03:00,1785482137,15288,60,3,28.8,41.1,,run
2026-07-31T10:15:43+03:00,1785482143,15294,60,3,28.8,35.5,,run
2026-07-31T10:15:48+03:00,1785482148,15299,60,3,28.8,34.3,,run
2026-07-31T10:15:54+03:00,1785482154,15305,60,3,28.8,34.6,,run
2026-07-31T10:15:59+03:00,1785482159,15310,60,3,28.8,47.0,,run
2026-07-31T10:16:05+03:00,1785482165,15316,60,3,28.8,36.4,,run
2026-07-31T10:16:11+03:00,1785482171,15322,60,3,28.8,34.3,,run
2026-07-31T10:16:16+03:00,1785482176,15327,60,3,28.8,35.2,,run
2026-07-31T10:16:22+03:00,1785482182,15333,60,3,28.8,36.4,,run
2026-07-31T10:16:27+03:00,1785482187,15338,60,3,28.8,36.8,,run
2026-07-31T10:16:32+03:00,1785482192,15343,60,3,28.8,38.3,,run
2026-07-31T10:16:38+03:00,1785482198,15349,60,3,28.8,37.7,,run
2026-07-31T10:16:43+03:00,1785482203,15354,60,3,28.8,34.9,,run
2026-07-31T10:16:49+03:00,1785482209,15360,60,3,28.8,34.3,,run
2026-07-31T10:16:54+03:00,1785482214,15365,60,3,28.8,34.6,,run
2026-07-31T10:17:00+03:00,1785482220,15371,60,3,28.8,34.3,,run
2026-07-31T10:17:05+03:00,1785482225,15376,60,3,28.8,34.0,,run
2026-07-31T10:17:11+03:00,1785482231,15382,60,3,28.8,34.6,,run
2026-07-31T10:17:16+03:00,1785482236,15387,60,3,28.8,44.5,,run
2026-07-31T10:17:22+03:00,1785482242,15393,60,3,28.8,48.5,,run
2026-07-31T10:17:27+03:00,1785482247,15398,60,3,28.8,36.8,,run
2026-07-31T10:17:33+03:00,1785482253,15404,60,3,28.8,34.3,,run
2026-07-31T10:17:38+03:00,1785482258,15409,60,3,28.7,33.7,,run
2026-07-31T10:17:44+03:00,1785482264,15415,60,3,28.7,33.7,,run
2026-07-31T10:17:49+03:00,1785482269,15420,60,3,28.7,38.6,,run
2026-07-31T10:17:55+03:00,1785482275,15426,60,3,28.7,34.3,,run
2026-07-31T10:18:00+03:00,1785482280,15431,60,3,28.7,34.0,,run
2026-07-31T10:18:06+03:00,1785482286,15437,60,3,28.7,49.7,,run
2026-07-31T10:18:11+03:00,1785482291,15442,60,3,28.7,36.1,,run
2026-07-31T10:18:17+03:00,1785482297,15448,60,3,28.7,35.2,,run
2026-07-31T10:18:22+03:00,1785482302,15453,60,3,28.7,34.6,,run
2026-07-31T10:18:28+03:00,1785482308,15459,60,3,28.7,34.6,,run
2026-07-31T10:18:33+03:00,1785482313,15464,60,3,28.7,34.3,,run
2026-07-31T10:18:39+03:00,1785482319,15470,60,3,28.7,34.3,,run
2026-07-31T10:18:45+03:00,1785482325,15476,60,3,28.7,36.1,,run
2026-07-31T10:18:50+03:00,1785482330,15481,60,3,28.7,36.1,,run
2026-07-31T10:18:55+03:00,1785482335,15486,60,3,28.7,38.3,,run
2026-07-31T10:19:01+03:00,1785482341,15492,60,3,28.7,38.3,,run
2026-07-31T10:19:06+03:00,1785482346,15497,60,3,28.7,35.5,,run
2026-07-31T10:19:12+03:00,1785482351,15502,60,3,28.7,34.6,,run
2026-07-31T10:19:17+03:00,1785482357,15508,60,3,28.7,34.3,,run
2026-07-31T10:19:23+03:00,1785482363,15514,60,3,28.7,37.4,,run
2026-07-31T10:19:28+03:00,1785482368,15519,60,3,28.7,37.4,,run
2026-07-31T10:19:34+03:00,1785482374,15525,60,3,28.7,40.2,,run
2026-07-31T10:19:39+03:00,1785482379,15530,60,3,28.7,34.3,,run
2026-07-31T10:19:45+03:00,1785482385,15536,60,3,28.7,34.0,,run
2026-07-31T10:19:50+03:00,1785482390,15541,60,3,28.7,33.4,,run
2026-07-31T10:19:56+03:00,1785482396,15547,60,3,28.7,33.4,,run
2026-07-31T10:20:01+03:00,1785482401,15552,60,3,28.7,34.9,,run
2026-07-31T10:20:07+03:00,1785482407,15558,60,3,28.7,36.1,,run
2026-07-31T10:20:12+03:00,1785482412,15563,60,3,28.7,44.8,,run
2026-07-31T10:20:18+03:00,1785482418,15569,60,3,28.7,36.4,,run
2026-07-31T10:20:23+03:00,1785482423,15574,60,3,28.7,36.1,,run
2026-07-31T10:20:29+03:00,1785482429,15580,60,3,28.7,37.4,,run
2026-07-31T10:20:34+03:00,1785482434,15585,60,3,28.7,38.3,,run
2026-07-31T10:20:39+03:00,1785482439,15590,60,3,28.7,37.7,,run
2026-07-31T10:20:45+03:00,1785482445,15596,60,3,28.7,35.5,,run
2026-07-31T10:20:50+03:00,1785482450,15601,60,3,28.8,35.2,,run
2026-07-31T10:20:56+03:00,1785482456,15607,60,3,28.8,34.6,,run
2026-07-31T10:21:01+03:00,1785482461,15612,60,3,28.8,34.3,,run
2026-07-31T10:21:07+03:00,1785482467,15618,60,3,28.8,34.6,,run
2026-07-31T10:21:12+03:00,1785482472,15623,60,3,28.8,34.6,,run
2026-07-31T10:21:18+03:00,1785482478,15629,60,3,28.8,34.6,,run
2026-07-31T10:21:23+03:00,1785482483,15634,60,3,28.8,36.8,,run
2026-07-31T10:21:29+03:00,1785482489,15640,60,3,28.8,46.0,,run
2026-07-31T10:21:35+03:00,1785482495,15646,60,3,28.8,36.1,,run
2026-07-31T10:21:40+03:00,1785482500,15651,60,3,28.8,35.5,,run
2026-07-31T10:21:46+03:00,1785482506,15657,60,3,28.8,34.3,,run
2026-07-31T10:21:51+03:00,1785482511,15662,60,3,28.8,33.7,,run
2026-07-31T10:21:57+03:00,1785482517,15668,60,3,28.8,33.4,,run
2026-07-31T10:22:02+03:00,1785482522,15673,60,3,28.8,37.7,,run
2026-07-31T10:22:08+03:00,1785482528,15679,60,3,28.8,36.8,,run
2026-07-31T10:22:13+03:00,1785482533,15684,60,3,28.8,37.1,,run
2026-07-31T10:22:19+03:00,1785482539,15690,60,3,28.8,42.9,,run
2026-07-31T10:22:24+03:00,1785482544,15695,60,3,28.8,38.6,,run
2026-07-31T10:22:29+03:00,1785482549,15700,60,3,28.8,38.9,,run
2026-07-31T10:22:35+03:00,1785482555,15706,60,3,28.8,37.7,,run
2026-07-31T10:22:40+03:00,1785482560,15711,60,3,28.8,35.5,,run
2026-07-31T10:22:46+03:00,1785482566,15717,60,3,28.8,35.2,,run
2026-07-31T10:22:51+03:00,1785482571,15722,60,3,28.8,34.6,,run
2026-07-31T10:22:57+03:00,1785482577,15728,59,3,28.9,34.9,,run
2026-07-31T10:23:02+03:00,1785482582,15733,59,3,28.9,34.6,,run
2026-07-31T10:23:08+03:00,1785482588,15739,59,3,28.9,36.4,,run
2026-07-31T10:23:13+03:00,1785482593,15744,59,3,28.9,37.4,,run
2026-07-31T10:23:19+03:00,1785482599,15750,59,3,28.9,38.3,,run
2026-07-31T10:23:24+03:00,1785482604,15755,59,3,28.9,38.0,,run
2026-07-31T10:23:29+03:00,1785482609,15760,59,3,28.9,34.9,,run
2026-07-31T10:23:35+03:00,1785482615,15766,59,3,28.9,47.9,,run
2026-07-31T10:23:41+03:00,1785482621,15772,59,3,28.9,35.5,,run
2026-07-31T10:23:46+03:00,1785482626,15777,59,3,28.9,34.9,,run
2026-07-31T10:23:52+03:00,1785482632,15783,59,3,28.9,33.7,,run
2026-07-31T10:23:57+03:00,1785482637,15788,59,3,28.9,37.7,,run
2026-07-31T10:24:03+03:00,1785482643,15794,59,3,28.9,45.1,,run
2026-07-31T10:24:08+03:00,1785482648,15799,59,3,28.9,36.1,,run
2026-07-31T10:24:14+03:00,1785482654,15805,59,3,28.9,35.2,,run
2026-07-31T10:24:19+03:00,1785482659,15810,59,3,28.9,37.1,,run
2026-07-31T10:24:25+03:00,1785482665,15816,59,3,28.9,38.0,,run
2026-07-31T10:24:30+03:00,1785482670,15821,59,3,28.9,39.2,,run
2026-07-31T10:24:35+03:00,1785482675,15826,59,3,28.9,38.9,,run
2026-07-31T10:24:41+03:00,1785482681,15832,59,3,28.9,37.7,,run
2026-07-31T10:24:46+03:00,1785482686,15837,59,3,28.9,35.2,,run
2026-07-31T10:24:52+03:00,1785482692,15843,59,3,28.9,34.9,,run
2026-07-31T10:24:57+03:00,1785482697,15848,59,3,28.9,34.9,,run
2026-07-31T10:25:03+03:00,1785482703,15854,59,3,28.9,34.9,,run
2026-07-31T10:25:08+03:00,1785482708,15859,59,3,28.9,34.3,,run
2026-07-31T10:25:14+03:00,1785482714,15865,59,3,28.9,34.3,,run
2026-07-31T10:25:19+03:00,1785482719,15870,59,3,28.9,47.9,,run
2026-07-31T10:25:25+03:00,1785482725,15876,59,3,28.9,36.1,,run
2026-07-31T10:25:30+03:00,1785482730,15881,59,3,28.9,34.9,,run
2026-07-31T10:25:36+03:00,1785482736,15887,59,3,28.9,37.4,,run
2026-07-31T10:25:41+03:00,1785482741,15892,59,3,28.9,34.3,,run
2026-07-31T10:25:47+03:00,1785482747,15898,59,3,28.9,33.7,,run
2026-07-31T10:25:53+03:00,1785482753,15904,59,3,28.9,37.7,,run
2026-07-31T10:25:58+03:00,1785482758,15909,59,3,28.9,35.5,,run
2026-07-31T10:26:03+03:00,1785482763,15914,59,3,28.9,37.7,,run
2026-07-31T10:26:09+03:00,1785482769,15920,59,3,28.9,43.9,,run
2026-07-31T10:26:14+03:00,1785482774,15925,59,3,28.9,38.6,,run
2026-07-31T10:26:20+03:00,1785482780,15931,59,3,28.9,35.5,,run
2026-07-31T10:26:25+03:00,1785482785,15936,59,3,28.9,35.2,,run
2026-07-31T10:26:31+03:00,1785482791,15942,59,3,28.9,35.2,,run
2026-07-31T10:26:36+03:00,1785482796,15947,59,3,28.9,35.2,,run
2026-07-31T10:26:42+03:00,1785482802,15953,59,3,28.9,34.9,,run
2026-07-31T10:26:47+03:00,1785482807,15958,59,3,28.9,34.3,,run
2026-07-31T10:26:53+03:00,1785482813,15964,59,3,28.9,36.1,,run
2026-07-31T10:26:58+03:00,1785482818,15969,59,3,28.9,36.4,,run
2026-07-31T10:27:04+03:00,1785482824,15975,59,3,28.9,38.0,,run
2026-07-31T10:27:09+03:00,1785482829,15980,59,3,28.9,38.6,,run
2026-07-31T10:27:14+03:00,1785482834,15985,59,3,28.9,39.2,,run
2026-07-31T10:27:20+03:00,1785482840,15991,59,3,28.9,35.2,,run
2026-07-31T10:27:25+03:00,1785482845,15996,59,3,28.9,47.9,,run
2026-07-31T10:27:31+03:00,1785482851,16002,59,3,28.9,39.5,,run
2026-07-31T10:27:36+03:00,1785482856,16007,59,3,28.9,36.1,,run
2026-07-31T10:27:42+03:00,1785482862,16013,59,3,28.9,35.2,,run
2026-07-31T10:27:47+03:00,1785482867,16018,59,3,28.9,36.4,,run
2026-07-31T10:27:53+03:00,1785482873,16024,59,3,28.9,36.1,,run
2026-07-31T10:27:58+03:00,1785482878,16029,59,3,28.9,34.6,,run
2026-07-31T10:28:04+03:00,1785482884,16035,59,3,28.9,34.0,,run
2026-07-31T10:28:09+03:00,1785482889,16040,59,3,28.9,43.2,,run
2026-07-31T10:28:15+03:00,1785482895,16046,59,3,28.9,38.3,,run
2026-07-31T10:28:21+03:00,1785482901,16052,59,3,28.9,36.1,,run
2026-07-31T10:28:26+03:00,1785482906,16057,59,3,28.9,37.1,,run
2026-07-31T10:28:32+03:00,1785482912,16063,59,3,28.9,37.7,,run
2026-07-31T10:28:37+03:00,1785482917,16068,59,3,28.9,39.2,,run
2026-07-31T10:28:42+03:00,1785482922,16073,59,3,28.9,39.5,,run
2026-07-31T10:28:48+03:00,1785482928,16079,59,3,28.9,37.4,,run
2026-07-31T10:28:53+03:00,1785482933,16084,59,3,28.9,35.8,,run
2026-07-31T10:28:58+03:00,1785482938,16089,59,3,28.9,37.7,,run
2026-07-31T10:29:04+03:00,1785482944,16095,59,3,28.9,38.3,,run
2026-07-31T10:29:09+03:00,1785482949,16100,59,3,28.9,38.9,,run
2026-07-31T10:29:15+03:00,1785482955,16106,59,3,28.9,39.2,,run
2026-07-31T10:29:20+03:00,1785482960,16111,59,3,28.9,38.0,,run
2026-07-31T10:29:25+03:00,1785482965,16116,59,3,28.9,36.1,,run
2026-07-31T10:29:31+03:00,1785482971,16122,59,3,28.9,49.1,,run
2026-07-31T10:29:36+03:00,1785482976,16127,59,3,28.9,36.4,,run
2026-07-31T10:29:42+03:00,1785482982,16133,59,3,28.9,35.2,,run
2026-07-31T10:29:48+03:00,1785482988,16139,59,3,28.9,34.3,,run
2026-07-31T10:29:53+03:00,1785482993,16144,59,3,28.9,34.0,,run
2026-07-31T10:29:59+03:00,1785482999,16150,59,3,28.9,33.7,,run
2026-07-31T10:30:04+03:00,1785483004,16155,59,3,28.9,34.3,,run
2026-07-31T10:30:10+03:00,1785483010,16161,59,3,28.9,33.7,,run
2026-07-31T10:30:15+03:00,1785483015,16166,59,3,28.9,47.9,,run
2026-07-31T10:30:21+03:00,1785483021,16172,59,3,28.9,40.5,,run
2026-07-31T10:30:26+03:00,1785483026,16177,59,3,28.9,35.2,,run
2026-07-31T10:30:32+03:00,1785483032,16183,59,3,28.9,34.6,,run
2026-07-31T10:30:37+03:00,1785483037,16188,59,3,28.9,34.6,,run
2026-07-31T10:30:43+03:00,1785483043,16194,59,3,28.9,34.0,,run
2026-07-31T10:30:48+03:00,1785483048,16199,59,3,29.1,34.9,,run
2026-07-31T10:30:54+03:00,1785483054,16205,59,3,29.1,34.9,,run
2026-07-31T10:30:59+03:00,1785483059,16210,59,3,29.1,34.0,,run
2026-07-31T10:31:05+03:00,1785483065,16216,59,3,29.1,33.7,,run
2026-07-31T10:31:10+03:00,1785483070,16221,59,3,29.1,34.0,,run
2026-07-31T10:31:16+03:00,1785483076,16227,59,3,29.1,33.7,,run
2026-07-31T10:31:22+03:00,1785483082,16233,59,3,29.1,34.9,,run
2026-07-31T10:31:27+03:00,1785483087,16238,59,3,29.1,34.6,,run
2026-07-31T10:31:33+03:00,1785483092,16243,59,3,29.1,48.8,,run
2026-07-31T10:31:38+03:00,1785483098,16249,59,3,29.1,40.5,,run
2026-07-31T10:31:44+03:00,1785483104,16255,59,3,29.1,35.2,,run
2026-07-31T10:31:49+03:00,1785483109,16260,59,3,29.1,34.3,,run
2026-07-31T10:31:55+03:00,1785483115,16266,59,3,29.1,35.8,,run
2026-07-31T10:32:00+03:00,1785483120,16271,59,3,29.1,40.2,,run
2026-07-31T10:32:06+03:00,1785483126,16277,59,3,29.1,34.9,,run
2026-07-31T10:32:11+03:00,1785483131,16282,59,3,29.1,34.9,,run
2026-07-31T10:32:17+03:00,1785483137,16288,59,3,29.1,34.9,,run
2026-07-31T10:32:22+03:00,1785483142,16293,59,3,29.1,35.8,,run
2026-07-31T10:32:28+03:00,1785483148,16299,59,3,29.1,37.1,,run
2026-07-31T10:32:33+03:00,1785483153,16304,59,3,29.1,37.7,,run
2026-07-31T10:32:39+03:00,1785483159,16310,59,3,29.1,38.3,,run
2026-07-31T10:32:44+03:00,1785483164,16315,59,3,29.1,38.3,,run
2026-07-31T10:32:49+03:00,1785483169,16320,59,3,29.1,36.8,,run
2026-07-31T10:32:55+03:00,1785483175,16326,59,3,29.1,34.9,,run
2026-07-31T10:33:00+03:00,1785483180,16331,59,3,29.1,34.6,,run
2026-07-31T10:33:06+03:00,1785483186,16337,59,3,29.1,34.9,,run
2026-07-31T10:33:11+03:00,1785483191,16342,59,3,29.1,42.0,,run
2026-07-31T10:33:17+03:00,1785483197,16348,59,3,29.1,42.0,,run
2026-07-31T10:33:22+03:00,1785483202,16353,59,3,29.1,36.8,,run
2026-07-31T10:33:28+03:00,1785483208,16359,59,3,29.1,34.3,,run
2026-07-31T10:33:33+03:00,1785483213,16364,59,3,29.1,34.0,,run
2026-07-31T10:33:39+03:00,1785483219,16370,58,3,29.2,34.6,,run
2026-07-31T10:33:44+03:00,1785483224,16375,58,3,29.2,35.5,,run
2026-07-31T10:33:50+03:00,1785483230,16381,58,3,29.2,34.3,,run
2026-07-31T10:33:55+03:00,1785483235,16386,58,3,29.2,40.2,,run
2026-07-31T10:34:01+03:00,1785483241,16392,58,3,29.2,37.7,,run
2026-07-31T10:34:07+03:00,1785483247,16398,58,3,29.2,38.0,,run
2026-07-31T10:34:12+03:00,1785483252,16403,58,3,29.2,36.1,,run
2026-07-31T10:34:17+03:00,1785483257,16408,58,3,29.2,34.9,,run
2026-07-31T10:34:23+03:00,1785483263,16414,58,3,29.2,36.4,,run
2026-07-31T10:34:28+03:00,1785483268,16419,58,3,29.2,37.1,,run
2026-07-31T10:34:34+03:00,1785483274,16425,58,3,29.2,36.8,,run
2026-07-31T10:34:39+03:00,1785483279,16430,58,3,29.2,38.0,,run
2026-07-31T10:34:45+03:00,1785483284,16435,58,3,29.2,38.6,,run
2026-07-31T10:34:50+03:00,1785483290,16441,58,3,29.2,37.7,,run
2026-07-31T10:34:55+03:00,1785483295,16446,58,3,29.2,35.8,,run
2026-07-31T10:35:01+03:00,1785483301,16452,58,3,29.2,35.2,,run
2026-07-31T10:35:06+03:00,1785483306,16457,58,3,29.2,34.6,,run
2026-07-31T10:35:12+03:00,1785483312,16463,58,3,29.2,34.3,,run
2026-07-31T10:35:17+03:00,1785483317,16468,58,3,29.2,47.3,,run
2026-07-31T10:35:23+03:00,1785483323,16474,58,3,29.2,43.2,,run
2026-07-31T10:35:28+03:00,1785483328,16479,58,3,29.2,34.9,,run
2026-07-31T10:35:34+03:00,1785483334,16485,58,3,29.2,34.3,,run
2026-07-31T10:35:39+03:00,1785483339,16490,58,3,29.2,34.0,,run
2026-07-31T10:35:45+03:00,1785483345,16496,58,3,29.2,33.4,,run
2026-07-31T10:35:50+03:00,1785483350,16501,58,3,29.2,38.9,,run
2026-07-31T10:35:56+03:00,1785483356,16507,58,3,29.2,38.9,,run
2026-07-31T10:36:01+03:00,1785483361,16512,58,3,29.2,47.3,,run
2026-07-31T10:36:06+03:00,1785483366,16517,58,3,29.2,38.6,,run
2026-07-31T10:36:12+03:00,1785483372,16523,58,3,29.2,39.5,,run
2026-07-31T10:36:17+03:00,1785483377,16528,58,3,29.2,39.5,,run
2026-07-31T10:36:23+03:00,1785483383,16534,58,3,29.2,38.9,,run
2026-07-31T10:36:28+03:00,1785483388,16539,58,3,29.2,36.4,,run
2026-07-31T10:36:33+03:00,1785483393,16544,58,3,29.2,36.1,,run
2026-07-31T10:36:39+03:00,1785483399,16550,58,3,29.2,38.0,,run
2026-07-31T10:36:44+03:00,1785483404,16555,58,3,29.2,38.0,,run
2026-07-31T10:36:50+03:00,1785483410,16561,58,3,29.2,39.5,,run
2026-07-31T10:36:55+03:00,1785483415,16566,58,3,29.2,39.5,,run
2026-07-31T10:37:00+03:00,1785483420,16571,58,3,29.2,38.9,,run
2026-07-31T10:37:06+03:00,1785483426,16577,58,3,29.2,35.8,,run
2026-07-31T10:37:11+03:00,1785483431,16582,58,3,29.2,35.5,,run
2026-07-31T10:37:17+03:00,1785483437,16588,58,3,29.2,42.9,,run
2026-07-31T10:37:22+03:00,1785483442,16593,58,3,29.2,38.0,,run
2026-07-31T10:37:28+03:00,1785483448,16599,58,3,29.2,42.0,,end
