iso_ts,epoch,elapsed_s,batt_level,batt_status,batt_temp_c,soc_temp_c,current_ma,event
2026-09-17T22:59:15+03:00,1789675155,0,57,3,29.6,34.6,,run
2026-09-17T22:59:21+03:00,1789675161,6,57,3,29.6,34.3,,run
2026-09-17T22:59:26+03:00,1789675166,11,57,3,29.6,34.0,,run
2026-09-17T22:59:32+03:00,1789675172,17,57,3,29.6,34.3,,run
2026-09-17T22:59:37+03:00,1789675177,22,57,3,29.6,34.0,,run
2026-09-17T22:59:43+03:00,1789675183,28,57,3,29.6,33.7,,run
2026-09-17T22:59:48+03:00,1789675188,33,57,3,29.6,33.7,,run
2026-09-17T22:59:54+03:00,1789675194,39,57,3,29.6,33.0,,run
2026-09-17T22:59:59+03:00,1789675199,44,57,3,29.6,34.0,,run
2026-09-17T23:00:05+03:00,1789675205,50,57,3,29.6,33.7,,run
2026-09-17T23:00:10+03:00,1789675210,55,57,3,29.6,33.7,,run
2026-09-17T23:00:16+03:00,1789675216,61,57,3,29.6,34.0,,run
2026-09-17T23:00:21+03:00,1789675221,66,57,3,29.6,33.7,,run
2026-09-17T23:00:27+03:00,1789675227,72,57,3,29.6,33.7,,run
2026-09-17T23:00:32+03:00,1789675232,77,57,3,29.6,34.0,,run
2026-09-17T23:00:38+03:00,1789675238,83,57,3,29.6,34.6,,run
2026-09-17T23:00:43+03:00,1789675243,88,57,3,29.6,33.7,,run
2026-09-17T23:00:49+03:00,1789675249,94,57,3,29.6,33.7,,run
2026-09-17T23:00:54+03:00,1789675254,99,57,3,29.6,33.4,,run
2026-09-17T23:01:00+03:00,1789675260,105,57,3,29.6,34.6,,run
2026-09-17T23:01:06+03:00,1789675266,111,57,3,29.6,47.3,,run
2026-09-17T23:01:11+03:00,1789675271,116,57,3,29.6,37.4,,run
2026-09-17T23:01:17+03:00,1789675277,122,57,3,29.6,34.9,,run
2026-09-17T23:01:22+03:00,1789675282,127,57,3,29.6,34.6,,run
2026-09-17T23:01:28+03:00,1789675288,133,57,3,29.6,34.9,,run
2026-09-17T23:01:33+03:00,1789675293,138,57,3,29.6,34.6,,run
2026-09-17T23:01:39+03:00,1789675299,144,57,3,29.6,34.9,,run
2026-09-17T23:01:44+03:00,1789675304,149,57,3,29.6,34.3,,run
2026-09-17T23:01:50+03:00,1789675310,155,57,3,29.6,34.3,,run
2026-09-17T23:01:55+03:00,1789675315,160,57,3,29.6,34.6,,run
2026-09-17T23:02:01+03:00,1789675321,166,57,3,29.6,34.3,,run
2026-09-17T23:02:06+03:00,1789675326,171,57,3,29.6,34.3,,run
2026-09-17T23:02:12+03:00,1789675332,177,57,3,29.6,34.9,,run
2026-09-17T23:02:17+03:00,1789675337,182,57,3,29.6,34.3,,run
2026-09-17T23:02:23+03:00,1789675343,188,57,3,29.5,42.6,,run
2026-09-17T23:02:28+03:00,1789675348,193,56,3,29.5,47.6,,run
2026-09-17T23:02:33+03:00,1789675353,198,56,3,29.5,38.3,,run
2026-09-17T23:02:39+03:00,1789675359,204,56,3,29.5,35.2,,run
2026-09-17T23:02:44+03:00,1789675364,209,56,3,29.5,34.3,,run
2026-09-17T23:02:50+03:00,1789675370,215,56,3,29.5,34.6,,run
2026-09-17T23:02:56+03:00,1789675376,221,56,3,29.5,34.6,,run
2026-09-17T23:03:01+03:00,1789675381,226,56,3,29.5,34.0,,run
2026-09-17T23:03:07+03:00,1789675387,232,56,3,29.5,34.9,,run
2026-09-17T23:03:12+03:00,1789675392,237,56,3,29.5,34.6,,run
2026-09-17T23:03:18+03:00,1789675398,243,56,3,29.5,47.0,,run
2026-09-17T23:03:23+03:00,1789675403,248,56,3,29.5,37.7,,run
2026-09-17T23:03:29+03:00,1789675409,254,56,3,29.5,35.5,,run
2026-09-17T23:03:34+03:00,1789675414,259,56,3,29.5,34.9,,run
2026-09-17T23:03:40+03:00,1789675420,265,56,3,29.5,34.6,,run
2026-09-17T23:03:45+03:00,1789675425,270,56,3,29.5,34.6,,run
2026-09-17T23:03:51+03:00,1789675431,276,56,3,29.5,35.2,,run
2026-09-17T23:03:56+03:00,1789675436,281,56,3,29.5,34.9,,run
2026-09-17T23:04:02+03:00,1789675442,287,56,3,29.5,34.9,,run
2026-09-17T23:04:07+03:00,1789675447,292,56,3,29.5,34.9,,run
2026-09-17T23:04:13+03:00,1789675453,298,56,3,29.5,35.2,,run
2026-09-17T23:04:18+03:00,1789675458,303,56,3,29.5,34.6,,run
2026-09-17T23:04:24+03:00,1789675464,309,56,3,29.5,34.9,,run
2026-09-17T23:04:29+03:00,1789675469,314,56,3,29.5,34.9,,run
2026-09-17T23:04:35+03:00,1789675475,320,56,3,29.5,40.5,,run
2026-09-17T23:04:40+03:00,1789675480,325,56,3,29.5,46.7,,run
2026-09-17T23:04:45+03:00,1789675485,330,56,3,29.5,35.5,,run
2026-09-17T23:04:51+03:00,1789675491,336,56,3,29.5,35.2,,run
2026-09-17T23:04:57+03:00,1789675497,342,56,3,29.5,34.9,,run
2026-09-17T23:05:02+03:00,1789675502,347,56,3,29.5,34.6,,run
2026-09-17T23:05:08+03:00,1789675508,353,56,3,29.5,34.6,,run
2026-09-17T23:05:13+03:00,1789675513,358,56,3,29.5,34.6,,run
2026-09-17T23:05:19+03:00,1789675519,364,56,3,29.5,34.0,,run
2026-09-17T23:05:24+03:00,1789675524,369,56,3,29.5,34.0,,run
2026-09-17T23:05:30+03:00,1789675530,375,56,3,29.5,46.3,,run
2026-09-17T23:05:35+03:00,1789675535,380,56,3,29.5,38.0,,run
2026-09-17T23:05:41+03:00,1789675541,386,56,3,29.5,35.2,,run
2026-09-17T23:05:46+03:00,1789675546,391,56,3,29.5,35.2,,run
2026-09-17T23:05:52+03:00,1789675552,397,56,3,29.5,34.6,,run
2026-09-17T23:05:57+03:00,1789675557,402,56,3,29.5,38.3,,run
2026-09-17T23:06:02+03:00,1789675562,407,56,3,29.5,36.8,,run
2026-09-17T23:06:08+03:00,1789675568,413,56,3,29.5,34.9,,run
2026-09-17T23:06:14+03:00,1789675574,419,56,3,29.5,34.6,,run
2026-09-17T23:06:19+03:00,1789675579,424,56,3,29.5,34.6,,run
2026-09-17T23:06:25+03:00,1789675585,430,56,3,29.5,34.3,,run
2026-09-17T23:06:30+03:00,1789675590,435,56,3,29.5,34.6,,run
2026-09-17T23:06:36+03:00,1789675596,441,56,3,29.5,34.9,,run
2026-09-17T23:06:41+03:00,1789675601,446,56,3,29.5,34.9,,run
2026-09-17T23:06:47+03:00,1789675607,452,56,3,29.5,36.1,,run
2026-09-17T23:06:52+03:00,1789675612,457,56,3,29.5,48.2,,run
2026-09-17T23:06:57+03:00,1789675617,462,56,3,29.5,35.8,,run
2026-09-17T23:07:03+03:00,1789675623,468,56,3,29.5,35.5,,run
2026-09-17T23:07:08+03:00,1789675628,473,56,3,29.5,34.9,,run
2026-09-17T23:07:14+03:00,1789675634,479,56,3,29.5,34.6,,run
2026-09-17T23:07:20+03:00,1789675640,485,56,3,29.5,34.0,,run
2026-09-17T23:07:25+03:00,1789675645,490,56,3,29.5,34.0,,run
2026-09-17T23:07:31+03:00,1789675651,496,56,3,29.5,34.6,,run
2026-09-17T23:07:36+03:00,1789675656,501,56,3,29.5,34.3,,run
2026-09-17T23:07:42+03:00,1789675662,507,56,3,29.5,46.7,,run
2026-09-17T23:07:47+03:00,1789675667,512,56,3,29.5,37.1,,run
2026-09-17T23:07:53+03:00,1789675673,518,56,3,29.5,36.4,,run
2026-09-17T23:07:58+03:00,1789675678,523,56,3,29.5,34.9,,run
2026-09-17T23:08:04+03:00,1789675684,529,56,3,29.5,34.9,,run
2026-09-17T23:08:09+03:00,1789675689,534,56,3,29.5,34.6,,run
2026-09-17T23:08:15+03:00,1789675695,540,56,3,29.5,37.1,,run
2026-09-17T23:08:20+03:00,1789675700,545,56,3,29.5,34.3,,run
2026-09-17T23:08:26+03:00,1789675706,551,56,3,29.5,34.3,,run
2026-09-17T23:08:31+03:00,1789675711,556,56,3,29.5,34.0,,run
2026-09-17T23:08:37+03:00,1789675717,562,56,3,29.5,34.0,,run
2026-09-17T23:08:42+03:00,1789675722,567,56,3,29.5,33.7,,run
2026-09-17T23:08:48+03:00,1789675728,573,56,3,29.5,34.3,,run
2026-09-17T23:08:53+03:00,1789675733,578,56,3,29.5,34.3,,run
2026-09-17T23:08:59+03:00,1789675739,584,56,3,29.5,34.0,,run
2026-09-17T23:09:04+03:00,1789675744,589,56,3,29.5,34.0,,run
2026-09-17T23:09:10+03:00,1789675750,595,56,3,29.5,34.0,,run
2026-09-17T23:09:15+03:00,1789675755,600,56,3,29.5,34.0,,run
2026-09-17T23:09:21+03:00,1789675761,606,56,3,29.5,34.0,,run
2026-09-17T23:09:26+03:00,1789675766,611,56,3,29.5,33.7,,run
2026-09-17T23:09:32+03:00,1789675772,617,56,3,29.5,33.7,,run
2026-09-17T23:09:37+03:00,1789675777,622,56,3,29.5,34.3,,run
2026-09-17T23:09:43+03:00,1789675783,628,56,3,29.5,33.7,,run
2026-09-17T23:09:48+03:00,1789675788,633,56,3,29.5,34.0,,run
2026-09-17T23:09:54+03:00,1789675794,639,56,3,29.5,33.7,,run
2026-09-17T23:09:59+03:00,1789675799,644,56,3,29.5,33.7,,run
2026-09-17T23:10:05+03:00,1789675805,650,56,3,29.5,33.7,,run
2026-09-17T23:10:11+03:00,1789675811,656,56,3,29.5,33.7,,run
2026-09-17T23:10:16+03:00,1789675816,661,56,3,29.5,34.3,,run
2026-09-17T23:10:22+03:00,1789675822,667,56,3,29.5,33.7,,run
2026-09-17T23:10:27+03:00,1789675827,672,56,3,29.5,33.7,,run
2026-09-17T23:10:33+03:00,1789675833,678,56,3,29.5,33.7,,run
2026-09-17T23:10:38+03:00,1789675838,683,56,3,29.5,33.7,,run
2026-09-17T23:10:44+03:00,1789675844,689,56,3,29.5,33.7,,run
2026-09-17T23:10:49+03:00,1789675849,694,56,3,29.5,33.7,,run
2026-09-17T23:10:55+03:00,1789675855,700,56,3,29.5,33.7,,run
2026-09-17T23:11:00+03:00,1789675860,705,56,3,29.5,34.0,,run
2026-09-17T23:11:06+03:00,1789675866,711,56,3,29.5,33.4,,run
2026-09-17T23:11:11+03:00,1789675871,716,56,3,29.5,34.0,,run
2026-09-17T23:11:17+03:00,1789675877,722,56,3,29.5,34.3,,run
2026-09-17T23:11:22+03:00,1789675882,727,56,3,29.5,33.4,,run
2026-09-17T23:11:28+03:00,1789675888,733,56,3,29.5,34.3,,run
2026-09-17T23:11:33+03:00,1789675893,738,56,3,29.5,34.0,,run
2026-09-17T23:11:39+03:00,1789675899,744,56,3,29.5,33.7,,run
2026-09-17T23:11:44+03:00,1789675904,749,56,3,29.5,33.7,,run
2026-09-17T23:11:50+03:00,1789675910,755,56,3,29.5,33.7,,run
2026-09-17T23:11:55+03:00,1789675915,760,56,3,29.3,33.7,,run
2026-09-17T23:12:01+03:00,1789675921,766,56,3,29.3,34.9,,run
2026-09-17T23:12:06+03:00,1789675926,771,56,3,29.3,35.2,,run
2026-09-17T23:12:12+03:00,1789675932,777,56,3,29.3,35.2,,run
2026-09-17T23:12:18+03:00,1789675938,783,56,3,29.3,34.0,,run
2026-09-17T23:12:23+03:00,1789675943,788,56,3,29.3,33.7,,run
2026-09-17T23:12:29+03:00,1789675949,794,56,3,29.3,35.8,,run
2026-09-17T23:12:34+03:00,1789675954,799,56,3,29.3,37.4,,run
2026-09-17T23:12:40+03:00,1789675960,805,56,3,29.3,35.2,,run
2026-09-17T23:12:45+03:00,1789675965,810,56,3,29.3,34.6,,run
2026-09-17T23:12:51+03:00,1789675971,816,56,3,29.3,34.3,,run
2026-09-17T23:12:56+03:00,1789675976,821,56,3,29.3,34.3,,run
2026-09-17T23:13:02+03:00,1789675982,827,56,3,29.3,34.9,,run
2026-09-17T23:13:07+03:00,1789675987,832,56,3,29.3,34.3,,run
2026-09-17T23:13:13+03:00,1789675993,838,56,3,29.3,34.3,,run
2026-09-17T23:13:18+03:00,1789675998,843,56,3,29.3,34.0,,run
2026-09-17T23:13:24+03:00,1789676004,849,56,3,29.3,34.3,,run
2026-09-17T23:13:29+03:00,1789676009,854,56,3,29.3,34.0,,run
2026-09-17T23:13:35+03:00,1789676015,860,56,3,29.3,34.3,,run
2026-09-17T23:13:40+03:00,1789676020,865,56,3,29.3,34.0,,run
2026-09-17T23:13:46+03:00,1789676026,871,56,3,29.3,34.9,,run
2026-09-17T23:13:51+03:00,1789676031,876,56,3,29.3,48.2,,run
2026-09-17T23:13:57+03:00,1789676037,882,56,3,29.3,36.8,,run
2026-09-17T23:14:02+03:00,1789676042,887,56,3,29.3,35.5,,run
2026-09-17T23:14:08+03:00,1789676048,893,56,3,29.3,34.9,,run
2026-09-17T23:14:13+03:00,1789676053,898,56,3,29.3,34.3,,run
2026-09-17T23:14:19+03:00,1789676059,904,56,3,29.3,34.6,,run
2026-09-17T23:14:24+03:00,1789676064,909,56,3,29.3,34.0,,run
2026-09-17T23:14:30+03:00,1789676070,915,56,3,29.3,34.3,,run
2026-09-17T23:14:35+03:00,1789676075,920,56,3,29.3,33.7,,run
2026-09-17T23:14:41+03:00,1789676081,926,56,3,29.3,35.2,,run
2026-09-17T23:14:46+03:00,1789676086,931,56,3,29.3,41.4,,run
2026-09-17T23:14:52+03:00,1789676092,937,56,3,29.3,35.2,,run
2026-09-17T23:14:57+03:00,1789676097,942,56,3,29.3,35.2,,run
2026-09-17T23:15:03+03:00,1789676103,948,56,3,29.3,34.6,,run
2026-09-17T23:15:08+03:00,1789676108,953,56,3,29.3,34.6,,run
2026-09-17T23:15:14+03:00,1789676114,959,56,3,29.3,34.6,,run
2026-09-17T23:15:20+03:00,1789676120,965,56,3,29.3,34.6,,run
2026-09-17T23:15:25+03:00,1789676125,970,56,3,29.3,34.3,,run
2026-09-17T23:15:31+03:00,1789676131,976,56,3,29.3,34.0,,run
2026-09-17T23:15:36+03:00,1789676136,981,56,3,29.3,34.3,,run
2026-09-17T23:15:42+03:00,1789676142,987,56,3,29.3,34.3,,run
2026-09-17T23:15:47+03:00,1789676147,992,56,3,29.3,34.9,,run
2026-09-17T23:15:53+03:00,1789676153,998,56,3,29.3,34.6,,run
2026-09-17T23:15:58+03:00,1789676158,1003,56,3,29.3,37.1,,run
2026-09-17T23:16:04+03:00,1789676164,1009,56,3,29.3,38.3,,run
2026-09-17T23:16:09+03:00,1789676169,1014,56,3,29.3,40.2,,run
2026-09-17T23:16:15+03:00,1789676175,1020,56,3,29.3,35.2,,run
2026-09-17T23:16:20+03:00,1789676180,1025,56,3,29.3,34.6,,run
2026-09-17T23:16:26+03:00,1789676186,1031,56,3,29.3,35.2,,run
2026-09-17T23:16:31+03:00,1789676191,1036,56,3,29.3,34.3,,run
2026-09-17T23:16:37+03:00,1789676197,1042,56,3,29.3,34.0,,run
2026-09-17T23:16:42+03:00,1789676202,1047,56,3,29.3,34.3,,run
2026-09-17T23:16:48+03:00,1789676208,1053,56,3,29.3,33.4,,run
2026-09-17T23:16:53+03:00,1789676213,1058,56,3,29.3,48.2,,run
2026-09-17T23:16:59+03:00,1789676219,1064,56,3,29.3,40.2,,run
2026-09-17T23:17:04+03:00,1789676224,1069,56,3,29.3,37.7,,run
2026-09-17T23:17:09+03:00,1789676229,1074,56,3,29.3,34.9,,run
2026-09-17T23:17:15+03:00,1789676235,1080,56,3,29.3,34.9,,run
2026-09-17T23:17:21+03:00,1789676241,1086,56,3,29.3,34.3,,run
2026-09-17T23:17:26+03:00,1789676246,1091,56,3,29.3,35.2,,run
2026-09-17T23:17:32+03:00,1789676252,1097,56,3,29.3,34.6,,run
2026-09-17T23:17:37+03:00,1789676257,1102,56,3,29.4,34.9,,run
2026-09-17T23:17:43+03:00,1789676263,1108,56,3,29.4,34.3,,run
2026-09-17T23:17:48+03:00,1789676268,1113,56,3,29.4,34.3,,run
2026-09-17T23:17:54+03:00,1789676274,1119,56,3,29.4,34.3,,run
2026-09-17T23:17:59+03:00,1789676279,1124,56,3,29.4,34.9,,run
2026-09-17T23:18:05+03:00,1789676285,1130,56,3,29.4,34.3,,run
2026-09-17T23:18:10+03:00,1789676290,1135,56,3,29.4,48.5,,run
2026-09-17T23:18:16+03:00,1789676296,1141,56,3,29.4,35.5,,run
2026-09-17T23:18:21+03:00,1789676301,1146,56,3,29.4,35.8,,run
2026-09-17T23:18:27+03:00,1789676307,1152,56,3,29.4,35.5,,run
2026-09-17T23:18:32+03:00,1789676312,1157,56,3,29.4,34.6,,run
2026-09-17T23:18:38+03:00,1789676318,1163,56,3,29.4,34.3,,run
2026-09-17T23:18:43+03:00,1789676323,1168,56,3,29.4,33.7,,run
2026-09-17T23:18:49+03:00,1789676329,1174,56,3,29.4,34.3,,run
2026-09-17T23:18:55+03:00,1789676335,1180,56,3,29.4,34.0,,run
2026-09-17T23:19:00+03:00,1789676340,1185,56,3,29.4,35.8,,run
2026-09-17T23:19:06+03:00,1789676346,1191,56,3,29.4,39.5,,run
2026-09-17T23:19:11+03:00,1789676351,1196,56,3,29.4,36.1,,run
2026-09-17T23:19:17+03:00,1789676357,1202,56,3,29.4,34.9,,run
2026-09-17T23:19:22+03:00,1789676362,1207,56,3,29.4,35.2,,run
2026-09-17T23:19:28+03:00,1789676368,1213,56,3,29.4,34.3,,run
2026-09-17T23:19:33+03:00,1789676373,1218,56,3,29.4,34.9,,run
2026-09-17T23:19:39+03:00,1789676379,1224,56,3,29.4,34.9,,run
2026-09-17T23:19:44+03:00,1789676384,1229,56,3,29.4,34.9,,run
2026-09-17T23:19:50+03:00,1789676390,1235,56,3,29.4,34.9,,run
2026-09-17T23:19:55+03:00,1789676395,1240,56,3,29.4,34.3,,run
2026-09-17T23:20:01+03:00,1789676401,1246,56,3,29.4,34.3,,run
2026-09-17T23:20:06+03:00,1789676406,1251,56,3,29.4,34.6,,run
2026-09-17T23:20:12+03:00,1789676412,1257,56,3,29.4,34.6,,run
2026-09-17T23:20:17+03:00,1789676417,1262,56,3,29.4,40.8,,run
2026-09-17T23:20:23+03:00,1789676423,1268,56,3,29.4,46.3,,run
2026-09-17T23:20:28+03:00,1789676428,1273,56,3,29.4,39.8,,run
2026-09-17T23:20:34+03:00,1789676434,1279,56,3,29.4,37.4,,run
2026-09-17T23:20:39+03:00,1789676439,1284,55,3,29.5,34.9,,run
2026-09-17T23:20:45+03:00,1789676445,1290,55,3,29.5,34.3,,run
2026-09-17T23:20:50+03:00,1789676450,1295,55,3,29.5,34.6,,run
2026-09-17T23:20:56+03:00,1789676456,1301,55,3,29.5,34.3,,run
2026-09-17T23:21:01+03:00,1789676461,1306,55,3,29.5,34.0,,run
2026-09-17T23:21:07+03:00,1789676467,1312,55,3,29.5,33.7,,run
2026-09-17T23:21:12+03:00,1789676472,1317,55,3,29.5,34.3,,run
2026-09-17T23:21:18+03:00,1789676478,1323,55,3,29.5,48.8,,run
2026-09-17T23:21:23+03:00,1789676483,1328,55,3,29.5,36.1,,run
2026-09-17T23:21:29+03:00,1789676489,1334,55,3,29.5,35.8,,run
2026-09-17T23:21:34+03:00,1789676494,1339,55,3,29.5,35.5,,run
2026-09-17T23:21:40+03:00,1789676500,1345,55,3,29.5,34.9,,run
2026-09-17T23:21:45+03:00,1789676505,1350,55,3,29.5,34.9,,run
2026-09-17T23:21:51+03:00,1789676511,1356,55,3,29.5,34.6,,run
2026-09-17T23:21:56+03:00,1789676516,1361,55,3,29.5,34.0,,run
2026-09-17T23:22:02+03:00,1789676522,1367,55,3,29.5,34.3,,run
2026-09-17T23:22:07+03:00,1789676527,1372,55,3,29.5,34.3,,run
2026-09-17T23:22:13+03:00,1789676533,1378,55,3,29.5,34.0,,run
2026-09-17T23:22:18+03:00,1789676538,1383,55,3,29.5,35.2,,run
2026-09-17T23:22:24+03:00,1789676544,1389,55,3,29.5,34.6,,run
2026-09-17T23:22:29+03:00,1789676549,1394,55,3,29.5,34.3,,run
2026-09-17T23:22:35+03:00,1789676555,1400,55,3,29.5,43.6,,run
2026-09-17T23:22:40+03:00,1789676560,1405,55,3,29.5,35.5,,run
2026-09-17T23:22:46+03:00,1789676566,1411,55,3,29.5,35.2,,run
2026-09-17T23:22:51+03:00,1789676571,1416,55,3,29.5,34.6,,run
2026-09-17T23:22:57+03:00,1789676577,1422,55,3,29.5,35.2,,run
2026-09-17T23:23:02+03:00,1789676582,1427,55,3,29.5,34.3,,run
2026-09-17T23:23:08+03:00,1789676588,1433,55,3,29.5,34.3,,run
2026-09-17T23:23:13+03:00,1789676593,1438,55,3,29.5,34.9,,run
2026-09-17T23:23:19+03:00,1789676599,1444,55,3,29.5,34.0,,run
2026-09-17T23:23:24+03:00,1789676604,1449,55,3,29.5,46.3,,run
2026-09-17T23:23:30+03:00,1789676610,1455,55,3,29.5,37.4,,run
2026-09-17T23:23:35+03:00,1789676615,1460,55,3,29.5,35.8,,run
2026-09-17T23:23:41+03:00,1789676621,1466,55,3,29.5,34.6,,run
2026-09-17T23:23:46+03:00,1789676626,1471,55,3,29.5,35.5,,run
2026-09-17T23:23:52+03:00,1789676632,1477,55,3,29.5,35.5,,run
2026-09-17T23:23:57+03:00,1789676637,1482,55,3,29.5,35.8,,run
2026-09-17T23:24:03+03:00,1789676643,1488,55,3,29.5,34.6,,run
2026-09-17T23:24:08+03:00,1789676648,1493,55,3,29.5,34.6,,run
2026-09-17T23:24:14+03:00,1789676654,1499,55,3,29.5,34.6,,run
2026-09-17T23:24:19+03:00,1789676659,1504,55,3,29.5,34.6,,run
2026-09-17T23:24:25+03:00,1789676665,1510,55,3,29.5,34.3,,run
2026-09-17T23:24:30+03:00,1789676670,1515,55,3,29.5,34.3,,run
2026-09-17T23:24:36+03:00,1789676676,1521,55,3,29.5,34.3,,run
2026-09-17T23:24:41+03:00,1789676681,1526,55,3,29.5,44.5,,run
2026-09-17T23:24:47+03:00,1789676687,1532,55,3,29.5,36.8,,run
2026-09-17T23:24:52+03:00,1789676692,1537,55,3,29.5,36.8,,run
2026-09-17T23:24:58+03:00,1789676698,1543,55,3,29.5,35.2,,run
2026-09-17T23:25:03+03:00,1789676703,1548,55,3,29.5,34.6,,run
2026-09-17T23:25:09+03:00,1789676709,1554,55,3,29.5,36.8,,run
2026-09-17T23:25:15+03:00,1789676715,1560,55,3,29.5,40.8,,run
2026-09-17T23:25:20+03:00,1789676720,1565,55,3,29.5,35.5,,run
2026-09-17T23:25:25+03:00,1789676725,1570,55,3,29.5,34.9,,run
2026-09-17T23:25:31+03:00,1789676731,1576,55,3,29.5,35.5,,run
2026-09-17T23:25:36+03:00,1789676736,1581,55,3,29.5,35.2,,run
2026-09-17T23:25:42+03:00,1789676742,1587,55,3,29.5,34.9,,run
2026-09-17T23:25:47+03:00,1789676747,1592,55,3,29.5,35.5,,run
2026-09-17T23:25:53+03:00,1789676753,1598,55,3,29.5,34.6,,run
2026-09-17T23:25:59+03:00,1789676759,1604,55,3,29.5,34.3,,run
2026-09-17T23:26:04+03:00,1789676764,1609,55,3,29.5,34.6,,run
2026-09-17T23:26:10+03:00,1789676770,1615,55,3,29.5,35.2,,run
2026-09-17T23:26:15+03:00,1789676775,1620,55,3,29.5,34.0,,run
2026-09-17T23:26:21+03:00,1789676781,1626,55,3,29.5,34.0,,run
2026-09-17T23:26:26+03:00,1789676786,1631,55,3,29.5,38.9,,run
2026-09-17T23:26:32+03:00,1789676792,1637,55,3,29.5,38.6,,run
2026-09-17T23:26:37+03:00,1789676797,1642,55,3,29.5,39.2,,run
2026-09-17T23:26:42+03:00,1789676802,1647,55,3,29.5,35.2,,run
2026-09-17T23:26:48+03:00,1789676808,1653,55,3,29.5,34.0,,run
2026-09-17T23:26:53+03:00,1789676813,1658,55,3,29.5,34.3,,run
2026-09-17T23:26:59+03:00,1789676819,1664,55,3,29.5,34.6,,run
2026-09-17T23:27:04+03:00,1789676824,1669,55,3,29.5,33.7,,run
2026-09-17T23:27:10+03:00,1789676830,1675,55,3,29.5,34.3,,run
2026-09-17T23:27:16+03:00,1789676836,1681,55,3,29.5,34.0,,run
2026-09-17T23:27:21+03:00,1789676841,1686,55,3,29.5,48.5,,run
2026-09-17T23:27:26+03:00,1789676846,1691,55,3,29.5,36.1,,run
2026-09-17T23:27:32+03:00,1789676852,1697,55,3,29.5,35.5,,run
2026-09-17T23:27:37+03:00,1789676857,1702,55,3,29.5,34.6,,run
2026-09-17T23:27:43+03:00,1789676863,1708,55,3,29.5,34.6,,run
2026-09-17T23:27:48+03:00,1789676868,1713,55,3,29.5,34.6,,run
2026-09-17T23:27:54+03:00,1789676874,1719,55,3,29.5,34.3,,run
2026-09-17T23:27:59+03:00,1789676879,1724,55,3,29.5,34.9,,run
2026-09-17T23:28:05+03:00,1789676885,1730,55,3,29.5,34.3,,run
2026-09-17T23:28:10+03:00,1789676890,1735,55,3,29.5,34.3,,run
2026-09-17T23:28:16+03:00,1789676896,1741,55,3,29.5,34.3,,run
2026-09-17T23:28:21+03:00,1789676901,1746,55,3,29.5,34.9,,run
2026-09-17T23:28:27+03:00,1789676907,1752,55,3,29.5,40.5,,run
2026-09-17T23:28:32+03:00,1789676912,1757,55,3,29.5,40.8,,run
2026-09-17T23:28:37+03:00,1789676917,1762,55,3,29.5,48.5,,run
2026-09-17T23:28:43+03:00,1789676923,1768,55,3,29.5,37.7,,run
2026-09-17T23:28:49+03:00,1789676929,1774,55,3,29.5,36.1,,run
2026-09-17T23:28:54+03:00,1789676934,1779,55,3,29.5,36.4,,run
2026-09-17T23:29:00+03:00,1789676940,1785,55,3,29.5,35.2,,run
2026-09-17T23:29:05+03:00,1789676945,1790,55,3,29.5,35.5,,run
2026-09-17T23:29:11+03:00,1789676951,1796,55,3,29.5,36.4,,run
2026-09-17T23:29:16+03:00,1789676956,1801,55,3,29.5,34.9,,run
2026-09-17T23:29:22+03:00,1789676962,1807,55,3,29.5,34.6,,run
2026-09-17T23:29:27+03:00,1789676967,1812,55,3,29.5,36.8,,run
2026-09-17T23:29:33+03:00,1789676973,1818,55,3,29.5,39.2,,run
2026-09-17T23:29:38+03:00,1789676978,1823,55,3,29.5,37.1,,run
2026-09-17T23:29:44+03:00,1789676984,1829,55,3,29.5,35.5,,run
2026-09-17T23:29:49+03:00,1789676989,1834,55,3,29.5,35.2,,run
2026-09-17T23:29:55+03:00,1789676995,1840,55,3,29.5,34.6,,run
2026-09-17T23:30:00+03:00,1789677000,1845,55,3,29.5,35.8,,run
2026-09-17T23:30:06+03:00,1789677006,1851,55,3,29.5,34.9,,run
2026-09-17T23:30:11+03:00,1789677011,1856,55,3,29.5,34.9,,run
2026-09-17T23:30:17+03:00,1789677017,1862,55,3,29.5,34.3,,run
2026-09-17T23:30:22+03:00,1789677022,1867,55,3,29.5,34.9,,run
2026-09-17T23:30:28+03:00,1789677028,1873,55,3,29.5,34.6,,run
2026-09-17T23:30:33+03:00,1789677033,1878,55,3,29.5,34.9,,run
2026-09-17T23:30:39+03:00,1789677039,1884,55,3,29.5,34.9,,run
2026-09-17T23:30:44+03:00,1789677044,1889,55,3,29.5,42.3,,run
2026-09-17T23:30:50+03:00,1789677050,1895,55,3,29.5,42.9,,run
2026-09-17T23:30:55+03:00,1789677055,1900,55,3,29.5,42.0,,run
2026-09-17T23:31:01+03:00,1789677061,1906,55,3,29.5,35.8,,run
2026-09-17T23:31:06+03:00,1789677066,1911,55,3,29.5,36.8,,run
2026-09-17T23:31:12+03:00,1789677072,1917,55,3,29.5,34.9,,run
2026-09-17T23:31:17+03:00,1789677077,1922,55,3,29.5,35.5,,run
2026-09-17T23:31:23+03:00,1789677083,1928,55,3,29.5,34.3,,run
2026-09-17T23:31:28+03:00,1789677088,1933,55,3,29.5,34.0,,run
2026-09-17T23:31:34+03:00,1789677094,1939,55,3,29.5,34.6,,run
2026-09-17T23:31:39+03:00,1789677099,1944,55,3,29.5,47.0,,run
2026-09-17T23:31:44+03:00,1789677104,1949,55,3,29.5,37.7,,run
2026-09-17T23:31:50+03:00,1789677110,1955,55,3,29.5,37.4,,run
2026-09-17T23:31:55+03:00,1789677115,1960,55,3,29.5,34.9,,run
2026-09-17T23:32:01+03:00,1789677121,1966,55,3,29.5,35.2,,run
2026-09-17T23:32:06+03:00,1789677126,1971,55,3,29.5,34.9,,run
2026-09-17T23:32:12+03:00,1789677132,1977,55,3,29.5,34.6,,run
2026-09-17T23:32:17+03:00,1789677137,1982,55,3,29.5,35.5,,run
2026-09-17T23:32:23+03:00,1789677143,1988,55,3,29.5,34.6,,run
2026-09-17T23:32:28+03:00,1789677148,1993,55,3,29.5,34.6,,run
2026-09-17T23:32:34+03:00,1789677154,1999,55,3,29.5,34.3,,run
2026-09-17T23:32:39+03:00,1789677159,2004,55,3,29.5,34.6,,run
2026-09-17T23:32:45+03:00,1789677165,2010,55,3,29.5,34.6,,run
2026-09-17T23:32:50+03:00,1789677170,2015,55,3,29.5,34.3,,run
2026-09-17T23:32:56+03:00,1789677176,2021,55,3,29.5,48.2,,run
2026-09-17T23:33:02+03:00,1789677182,2027,55,3,29.5,35.8,,run
2026-09-17T23:33:07+03:00,1789677187,2032,55,3,29.5,35.5,,run
2026-09-17T23:33:13+03:00,1789677193,2038,55,3,29.5,35.2,,run
2026-09-17T23:33:18+03:00,1789677198,2043,55,3,29.5,34.3,,run
2026-09-17T23:33:24+03:00,1789677204,2049,55,3,29.5,34.0,,run
2026-09-17T23:33:29+03:00,1789677209,2054,55,3,29.5,34.3,,run
2026-09-17T23:33:35+03:00,1789677215,2060,55,3,29.5,34.3,,run
2026-09-17T23:33:40+03:00,1789677220,2065,55,3,29.5,34.9,,run
2026-09-17T23:33:46+03:00,1789677226,2071,55,3,29.5,36.8,,run
2026-09-17T23:33:51+03:00,1789677231,2076,55,3,29.5,39.2,,run
2026-09-17T23:33:57+03:00,1789677237,2082,55,3,29.5,35.5,,run
2026-09-17T23:34:02+03:00,1789677242,2087,55,3,29.5,34.9,,run
2026-09-17T23:34:08+03:00,1789677248,2093,55,3,29.5,34.9,,run
2026-09-17T23:34:13+03:00,1789677253,2098,55,3,29.5,34.6,,run
2026-09-17T23:34:19+03:00,1789677259,2104,55,3,29.5,34.9,,run
2026-09-17T23:34:24+03:00,1789677264,2109,55,3,29.5,34.6,,run
2026-09-17T23:34:30+03:00,1789677270,2115,55,3,29.5,34.6,,run
2026-09-17T23:34:35+03:00,1789677275,2120,55,3,29.5,34.6,,run
2026-09-17T23:34:41+03:00,1789677281,2126,55,3,29.5,34.3,,run
2026-09-17T23:34:46+03:00,1789677286,2131,55,3,29.5,35.2,,run
2026-09-17T23:34:52+03:00,1789677292,2137,55,3,29.5,34.3,,run
2026-09-17T23:34:57+03:00,1789677297,2142,55,3,29.5,34.3,,run
2026-09-17T23:35:03+03:00,1789677303,2148,55,3,29.5,37.7,,run
2026-09-17T23:35:08+03:00,1789677308,2153,55,3,29.5,41.7,,run
2026-09-17T23:35:14+03:00,1789677314,2159,55,3,29.5,42.0,,run
2026-09-17T23:35:19+03:00,1789677319,2164,55,3,29.5,34.9,,run
2026-09-17T23:35:25+03:00,1789677325,2170,55,3,29.5,34.9,,run
2026-09-17T23:35:30+03:00,1789677330,2175,55,3,29.5,34.3,,run
2026-09-17T23:35:36+03:00,1789677336,2181,55,3,29.5,35.2,,run
2026-09-17T23:35:41+03:00,1789677341,2186,55,3,29.5,34.3,,run
2026-09-17T23:35:47+03:00,1789677347,2192,55,3,29.5,34.0,,run
2026-09-17T23:35:52+03:00,1789677352,2197,55,3,29.5,33.7,,run
2026-09-17T23:35:58+03:00,1789677358,2203,55,3,29.5,49.4,,run
2026-09-17T23:36:03+03:00,1789677363,2208,55,3,29.5,36.1,,run
2026-09-17T23:36:09+03:00,1789677369,2214,55,3,29.5,35.8,,run
2026-09-17T23:36:14+03:00,1789677374,2219,55,3,29.5,35.2,,run
2026-09-17T23:36:20+03:00,1789677380,2225,55,3,29.5,34.9,,run
2026-09-17T23:36:25+03:00,1789677385,2230,55,3,29.5,34.9,,run
2026-09-17T23:36:31+03:00,1789677391,2236,55,3,29.5,34.9,,run
2026-09-17T23:36:36+03:00,1789677396,2241,55,3,29.5,34.6,,run
2026-09-17T23:36:42+03:00,1789677402,2247,54,3,29.5,34.6,,run
2026-09-17T23:36:48+03:00,1789677408,2253,54,3,29.5,34.6,,run
2026-09-17T23:36:53+03:00,1789677413,2258,54,3,29.5,34.6,,run
2026-09-17T23:36:59+03:00,1789677419,2264,54,3,29.5,34.6,,run
2026-09-17T23:37:04+03:00,1789677424,2269,54,3,29.5,34.9,,run
2026-09-17T23:37:10+03:00,1789677430,2275,54,3,29.5,34.3,,run
2026-09-17T23:37:15+03:00,1789677435,2280,54,3,29.5,49.7,,run
2026-09-17T23:37:21+03:00,1789677441,2286,54,3,29.5,38.0,,run
2026-09-17T23:37:26+03:00,1789677446,2291,54,3,29.5,36.1,,run
2026-09-17T23:37:32+03:00,1789677452,2297,54,3,29.5,34.6,,run
2026-09-17T23:37:37+03:00,1789677457,2302,54,3,29.5,34.3,,run
2026-09-17T23:37:43+03:00,1789677463,2308,54,3,29.5,34.3,,run
2026-09-17T23:37:48+03:00,1789677468,2313,54,3,29.5,34.3,,run
2026-09-17T23:37:54+03:00,1789677474,2319,54,3,29.5,34.6,,run
2026-09-17T23:37:59+03:00,1789677479,2324,54,3,29.5,34.3,,run
2026-09-17T23:38:05+03:00,1789677485,2330,54,3,29.5,34.0,,run
2026-09-17T23:38:11+03:00,1789677491,2336,54,3,29.5,34.0,,run
2026-09-17T23:38:16+03:00,1789677496,2341,54,3,29.5,36.4,,run
2026-09-17T23:38:22+03:00,1789677502,2347,54,3,29.5,40.2,,run
2026-09-17T23:38:27+03:00,1789677507,2352,54,3,29.5,35.8,,run
2026-09-17T23:38:33+03:00,1789677513,2358,54,3,29.5,34.6,,run
2026-09-17T23:38:38+03:00,1789677518,2363,54,3,29.5,34.6,,run
2026-09-17T23:38:44+03:00,1789677524,2369,54,3,29.5,34.9,,run
2026-09-17T23:38:50+03:00,1789677530,2375,54,3,29.5,34.3,,run
2026-09-17T23:38:55+03:00,1789677535,2380,54,3,29.5,34.6,,run
2026-09-17T23:39:01+03:00,1789677541,2386,54,3,29.5,34.9,,run
2026-09-17T23:39:06+03:00,1789677546,2391,54,3,29.5,34.0,,run
2026-09-17T23:39:12+03:00,1789677552,2397,54,3,29.5,34.9,,run
2026-09-17T23:39:17+03:00,1789677557,2402,54,3,29.5,34.9,,run
2026-09-17T23:39:23+03:00,1789677563,2408,54,3,29.5,34.9,,run
2026-09-17T23:39:28+03:00,1789677568,2413,54,3,29.5,34.6,,run
2026-09-17T23:39:34+03:00,1789677574,2419,54,3,29.5,42.6,,run
2026-09-17T23:39:39+03:00,1789677579,2424,54,3,29.5,39.8,,run
2026-09-17T23:39:44+03:00,1789677584,2429,54,3,29.5,40.5,,run
2026-09-17T23:39:50+03:00,1789677590,2435,54,3,29.5,34.6,,run
2026-09-17T23:39:55+03:00,1789677595,2440,54,3,29.5,34.9,,run
2026-09-17T23:40:01+03:00,1789677601,2446,54,3,29.5,34.6,,run
2026-09-17T23:40:07+03:00,1789677606,2451,54,3,29.5,34.6,,run
2026-09-17T23:40:12+03:00,1789677612,2457,54,3,29.5,34.6,,run
2026-09-17T23:40:18+03:00,1789677618,2463,54,3,29.5,33.7,,run
2026-09-17T23:40:23+03:00,1789677623,2468,54,3,29.5,34.0,,run
2026-09-17T23:40:29+03:00,1789677629,2474,54,3,29.5,34.3,,run
2026-09-17T23:40:34+03:00,1789677634,2479,54,3,29.5,34.0,,run
2026-09-17T23:40:40+03:00,1789677640,2485,54,3,29.5,45.4,,run
2026-09-17T23:40:45+03:00,1789677645,2490,54,3,29.5,37.1,,run
2026-09-17T23:40:51+03:00,1789677651,2496,54,3,29.5,35.2,,run
2026-09-17T23:40:56+03:00,1789677656,2501,54,3,29.5,35.5,,run
2026-09-17T23:41:02+03:00,1789677662,2507,54,3,29.5,36.1,,run
2026-09-17T23:41:08+03:00,1789677668,2513,54,3,29.5,34.9,,run
2026-09-17T23:41:13+03:00,1789677673,2518,54,3,29.5,37.4,,run
2026-09-17T23:41:19+03:00,1789677679,2524,54,3,29.5,34.9,,run
2026-09-17T23:41:24+03:00,1789677684,2529,54,3,29.5,34.6,,run
2026-09-17T23:41:30+03:00,1789677690,2535,54,3,29.5,34.3,,run
2026-09-17T23:41:35+03:00,1789677695,2540,54,3,29.5,34.6,,run
2026-09-17T23:41:41+03:00,1789677701,2546,54,3,29.5,34.3,,run
2026-09-17T23:41:46+03:00,1789677706,2551,54,3,29.5,34.9,,run
2026-09-17T23:41:52+03:00,1789677712,2557,54,3,29.5,34.3,,run
2026-09-17T23:41:57+03:00,1789677717,2562,54,3,29.5,36.8,,run
2026-09-17T23:42:03+03:00,1789677723,2568,54,3,29.5,40.8,,run
2026-09-17T23:42:08+03:00,1789677728,2573,54,3,29.5,35.8,,run
2026-09-17T23:42:14+03:00,1789677734,2579,54,3,29.5,35.2,,run
2026-09-17T23:42:19+03:00,1789677739,2584,54,3,29.5,34.3,,run
2026-09-17T23:42:25+03:00,1789677745,2590,54,3,29.5,34.3,,run
2026-09-17T23:42:31+03:00,1789677751,2596,54,3,29.5,34.0,,run
2026-09-17T23:42:36+03:00,1789677756,2601,54,3,29.5,33.7,,run
2026-09-17T23:42:42+03:00,1789677762,2607,54,3,29.5,49.7,,run
2026-09-17T23:42:47+03:00,1789677767,2612,54,3,29.5,35.8,,run
2026-09-17T23:42:53+03:00,1789677773,2618,54,3,29.5,34.9,,run
2026-09-17T23:42:58+03:00,1789677778,2623,54,3,29.5,34.9,,run
2026-09-17T23:43:04+03:00,1789677784,2629,54,3,29.5,34.9,,run
2026-09-17T23:43:09+03:00,1789677789,2634,54,3,29.5,34.0,,run
2026-09-17T23:43:15+03:00,1789677795,2640,54,3,29.5,34.6,,run
2026-09-17T23:43:20+03:00,1789677800,2645,54,3,29.5,34.3,,run
2026-09-17T23:43:26+03:00,1789677806,2651,54,3,29.5,34.0,,run
2026-09-17T23:43:31+03:00,1789677811,2656,54,3,29.5,35.8,,run
2026-09-17T23:43:37+03:00,1789677817,2662,54,3,29.5,34.3,,run
2026-09-17T23:43:42+03:00,1789677822,2667,54,3,29.5,34.3,,run
2026-09-17T23:43:48+03:00,1789677828,2673,54,3,29.5,34.3,,run
2026-09-17T23:43:53+03:00,1789677833,2678,54,3,29.5,34.0,,run
2026-09-17T23:43:59+03:00,1789677839,2684,54,3,29.5,34.0,,run
2026-09-17T23:44:05+03:00,1789677845,2690,54,3,29.5,33.7,,run
2026-09-17T23:44:10+03:00,1789677850,2695,54,3,29.5,33.7,,run
2026-09-17T23:44:16+03:00,1789677856,2701,54,3,29.5,34.0,,run
2026-09-17T23:44:21+03:00,1789677861,2706,54,3,29.5,34.0,,run
2026-09-17T23:44:27+03:00,1789677867,2712,54,3,29.5,34.0,,run
2026-09-17T23:44:32+03:00,1789677872,2717,54,3,29.5,34.0,,run
2026-09-17T23:44:38+03:00,1789677878,2723,54,3,29.5,34.3,,run
2026-09-17T23:44:43+03:00,1789677883,2728,54,3,29.5,33.7,,run
2026-09-17T23:44:49+03:00,1789677889,2734,54,3,29.5,33.7,,run
2026-09-17T23:44:54+03:00,1789677894,2739,54,3,29.5,34.3,,run
2026-09-17T23:45:00+03:00,1789677900,2745,54,3,29.5,33.7,,run
2026-09-17T23:45:05+03:00,1789677905,2750,54,3,29.5,33.7,,run
2026-09-17T23:45:11+03:00,1789677911,2756,54,3,29.5,34.0,,run
2026-09-17T23:45:17+03:00,1789677917,2762,54,3,29.5,33.7,,run
2026-09-17T23:45:22+03:00,1789677922,2767,54,3,29.5,34.0,,run
2026-09-17T23:45:28+03:00,1789677928,2773,54,3,29.5,33.7,,run
2026-09-17T23:45:33+03:00,1789677933,2778,54,3,29.5,33.7,,run
2026-09-17T23:45:39+03:00,1789677939,2784,54,3,29.5,33.7,,run
2026-09-17T23:45:44+03:00,1789677944,2789,54,3,29.5,33.7,,run
2026-09-17T23:45:50+03:00,1789677950,2795,54,3,29.5,34.3,,run
2026-09-17T23:45:55+03:00,1789677955,2800,54,3,29.5,33.7,,run
2026-09-17T23:46:01+03:00,1789677961,2806,54,3,29.5,34.0,,run
2026-09-17T23:46:06+03:00,1789677966,2811,54,3,29.5,34.0,,run
2026-09-17T23:46:12+03:00,1789677972,2817,54,3,29.5,34.3,,run
2026-09-17T23:46:17+03:00,1789677977,2822,54,3,29.5,33.7,,run
2026-09-17T23:46:23+03:00,1789677983,2828,54,3,29.5,34.0,,run
2026-09-17T23:46:29+03:00,1789677989,2834,54,3,29.5,34.0,,run
2026-09-17T23:46:34+03:00,1789677994,2839,54,3,29.5,33.7,,run
2026-09-17T23:46:40+03:00,1789678000,2845,54,3,29.5,34.0,,run
2026-09-17T23:46:45+03:00,1789678005,2850,54,3,29.5,33.0,,run
2026-09-17T23:46:51+03:00,1789678011,2856,54,3,29.5,34.0,,run
2026-09-17T23:46:56+03:00,1789678016,2861,54,3,29.3,33.7,,run
2026-09-17T23:47:02+03:00,1789678022,2867,54,3,29.3,33.4,,run
2026-09-17T23:47:07+03:00,1789678027,2872,54,3,29.3,34.0,,run
2026-09-17T23:47:13+03:00,1789678033,2878,54,3,29.3,33.7,,run
2026-09-17T23:47:18+03:00,1789678038,2883,54,3,29.3,35.5,,run
2026-09-17T23:47:24+03:00,1789678044,2889,54,3,29.3,35.5,,run
2026-09-17T23:47:30+03:00,1789678049,2894,54,3,29.3,34.3,,run
2026-09-17T23:47:35+03:00,1789678055,2900,54,3,29.3,34.0,,run
2026-09-17T23:47:41+03:00,1789678061,2906,54,3,29.3,34.0,,run
2026-09-17T23:47:46+03:00,1789678066,2911,54,3,29.3,34.0,,run
2026-09-17T23:47:52+03:00,1789678072,2917,54,3,29.3,43.9,,run
2026-09-17T23:47:57+03:00,1789678077,2922,54,3,29.3,37.1,,run
2026-09-17T23:48:03+03:00,1789678083,2928,54,3,29.3,34.9,,run
2026-09-17T23:48:08+03:00,1789678088,2933,54,3,29.3,34.3,,run
2026-09-17T23:48:14+03:00,1789678094,2939,54,3,29.3,34.6,,run
2026-09-17T23:48:19+03:00,1789678099,2944,54,3,29.3,34.0,,run
2026-09-17T23:48:25+03:00,1789678105,2950,54,3,29.3,34.3,,run
2026-09-17T23:48:30+03:00,1789678110,2955,54,3,29.3,34.0,,run
2026-09-17T23:48:36+03:00,1789678116,2961,54,3,29.3,34.0,,run
2026-09-17T23:48:41+03:00,1789678121,2966,54,3,29.3,34.6,,run
2026-09-17T23:48:47+03:00,1789678127,2972,54,3,29.3,34.3,,run
2026-09-17T23:48:52+03:00,1789678132,2977,54,3,29.3,34.0,,run
2026-09-17T23:48:58+03:00,1789678138,2983,54,3,29.3,33.7,,run
2026-09-17T23:49:03+03:00,1789678143,2988,54,3,29.3,34.0,,run
2026-09-17T23:49:09+03:00,1789678149,2994,54,3,29.3,47.3,,run
2026-09-17T23:49:14+03:00,1789678154,2999,54,3,29.3,35.8,,run
2026-09-17T23:49:20+03:00,1789678160,3005,54,3,29.3,35.5,,run
2026-09-17T23:49:26+03:00,1789678166,3011,54,3,29.3,34.6,,run
2026-09-17T23:49:31+03:00,1789678171,3016,54,3,29.3,34.3,,run
2026-09-17T23:49:37+03:00,1789678177,3022,54,3,29.3,34.0,,run
2026-09-17T23:49:42+03:00,1789678182,3027,54,3,29.3,34.3,,run
2026-09-17T23:49:48+03:00,1789678188,3033,54,3,29.3,34.0,,run
2026-09-17T23:49:53+03:00,1789678193,3038,54,3,29.3,34.0,,run
2026-09-17T23:49:59+03:00,1789678199,3044,54,3,29.4,34.0,,run
2026-09-17T23:50:05+03:00,1789678205,3050,54,3,29.4,34.6,,run
2026-09-17T23:50:10+03:00,1789678210,3055,54,3,29.4,34.3,,run
2026-09-17T23:50:16+03:00,1789678216,3061,54,3,29.4,36.1,,run
2026-09-17T23:50:21+03:00,1789678221,3066,54,3,29.4,37.1,,run
2026-09-17T23:50:27+03:00,1789678227,3072,54,3,29.4,35.5,,run
2026-09-17T23:50:32+03:00,1789678232,3077,54,3,29.4,35.2,,run
2026-09-17T23:50:38+03:00,1789678238,3083,54,3,29.4,35.5,,run
2026-09-17T23:50:43+03:00,1789678243,3088,54,3,29.4,35.5,,run
2026-09-17T23:50:49+03:00,1789678249,3094,54,3,29.4,34.9,,run
2026-09-17T23:50:54+03:00,1789678254,3099,54,3,29.4,34.0,,run
2026-09-17T23:51:00+03:00,1789678260,3105,54,3,29.4,34.6,,run
2026-09-17T23:51:05+03:00,1789678265,3110,54,3,29.4,34.0,,run
2026-09-17T23:51:11+03:00,1789678271,3116,54,3,29.4,33.7,,run
2026-09-17T23:51:16+03:00,1789678276,3121,54,3,29.4,34.6,,run
2026-09-17T23:51:22+03:00,1789678282,3127,54,3,29.4,34.6,,run
2026-09-17T23:51:27+03:00,1789678287,3132,54,3,29.4,34.3,,run
2026-09-17T23:51:33+03:00,1789678293,3138,54,3,29.4,37.4,,run
2026-09-17T23:51:39+03:00,1789678299,3144,54,3,29.4,38.3,,run
2026-09-17T23:51:44+03:00,1789678304,3149,54,3,29.4,35.8,,run
2026-09-17T23:51:50+03:00,1789678310,3155,54,3,29.4,35.5,,run
2026-09-17T23:51:55+03:00,1789678315,3160,54,3,29.4,34.9,,run
2026-09-17T23:52:01+03:00,1789678321,3166,54,3,29.4,34.0,,run
2026-09-17T23:52:06+03:00,1789678326,3171,54,3,29.4,34.3,,run
2026-09-17T23:52:12+03:00,1789678332,3177,54,3,29.4,34.3,,run
2026-09-17T23:52:17+03:00,1789678337,3182,54,3,29.4,34.0,,run
2026-09-17T23:52:23+03:00,1789678343,3188,54,3,29.4,33.7,,run
2026-09-17T23:52:28+03:00,1789678348,3193,54,3,29.4,34.0,,run
2026-09-17T23:52:34+03:00,1789678354,3199,54,3,29.4,33.7,,run
2026-09-17T23:52:39+03:00,1789678359,3204,54,3,29.4,34.0,,run
2026-09-17T23:52:45+03:00,1789678365,3210,54,3,29.4,47.9,,run
2026-09-17T23:52:50+03:00,1789678370,3215,54,3,29.4,36.1,,run
2026-09-17T23:52:56+03:00,1789678376,3221,54,3,29.4,34.9,,run
2026-09-17T23:53:02+03:00,1789678382,3227,54,3,29.4,34.9,,run
2026-09-17T23:53:07+03:00,1789678387,3232,54,3,29.4,34.6,,run
2026-09-17T23:53:13+03:00,1789678393,3238,54,3,29.4,34.6,,run
2026-09-17T23:53:18+03:00,1789678398,3243,54,3,29.4,41.7,,run
2026-09-17T23:53:23+03:00,1789678403,3248,54,3,29.4,36.1,,run
2026-09-17T23:53:29+03:00,1789678409,3254,54,3,29.4,35.5,,run
2026-09-17T23:53:34+03:00,1789678414,3259,54,3,29.4,34.6,,run
2026-09-17T23:53:40+03:00,1789678420,3265,54,3,29.4,34.3,,run
2026-09-17T23:53:46+03:00,1789678426,3271,54,3,29.4,34.3,,run
2026-09-17T23:53:51+03:00,1789678431,3276,54,3,29.4,36.8,,run
2026-09-17T23:53:57+03:00,1789678437,3282,54,3,29.4,34.6,,run
2026-09-17T23:54:02+03:00,1789678442,3287,54,3,29.4,49.7,,run
2026-09-17T23:54:08+03:00,1789678448,3293,54,3,29.4,38.6,,run
2026-09-17T23:54:13+03:00,1789678453,3298,54,3,29.4,35.5,,run
2026-09-17T23:54:19+03:00,1789678459,3304,54,3,29.4,35.2,,run
2026-09-17T23:54:24+03:00,1789678464,3309,54,3,29.4,34.6,,run
2026-09-17T23:54:30+03:00,1789678470,3315,54,3,29.4,34.6,,run
2026-09-17T23:54:35+03:00,1789678475,3320,54,3,29.4,34.6,,run
2026-09-17T23:54:41+03:00,1789678481,3326,54,3,29.4,47.6,,run
2026-09-17T23:54:47+03:00,1789678487,3332,54,3,29.4,44.8,,run
2026-09-17T23:54:52+03:00,1789678492,3337,53,3,29.5,35.5,,run
2026-09-17T23:54:58+03:00,1789678498,3343,53,3,29.5,35.2,,run
2026-09-17T23:55:03+03:00,1789678503,3348,53,3,29.5,35.5,,run
2026-09-17T23:55:09+03:00,1789678509,3354,53,3,29.5,34.9,,run
2026-09-17T23:55:14+03:00,1789678514,3359,53,3,29.5,35.5,,run
2026-09-17T23:55:20+03:00,1789678520,3365,53,3,29.5,34.3,,run
2026-09-17T23:55:25+03:00,1789678525,3370,53,3,29.5,35.2,,run
2026-09-17T23:55:31+03:00,1789678531,3376,53,3,29.5,34.9,,run
2026-09-17T23:55:36+03:00,1789678536,3381,53,3,29.5,34.9,,run
2026-09-17T23:55:42+03:00,1789678542,3387,53,3,29.5,34.9,,run
2026-09-17T23:55:47+03:00,1789678547,3392,53,3,29.5,34.9,,run
2026-09-17T23:55:53+03:00,1789678553,3398,53,3,29.5,34.9,,run
2026-09-17T23:55:58+03:00,1789678558,3403,53,3,29.5,41.4,,run
2026-09-17T23:56:04+03:00,1789678564,3409,53,3,29.5,41.4,,run
2026-09-17T23:56:09+03:00,1789678569,3414,53,3,29.5,36.1,,run
2026-09-17T23:56:15+03:00,1789678575,3420,53,3,29.5,35.2,,run
2026-09-17T23:56:20+03:00,1789678580,3425,53,3,29.5,35.2,,run
2026-09-17T23:56:26+03:00,1789678586,3431,53,3,29.5,34.3,,run
2026-09-17T23:56:31+03:00,1789678591,3436,53,3,29.5,34.6,,run
2026-09-17T23:56:37+03:00,1789678597,3442,53,3,29.5,35.2,,run
2026-09-17T23:56:42+03:00,1789678602,3447,53,3,29.5,34.0,,run
2026-09-17T23:56:48+03:00,1789678608,3453,53,3,29.5,34.3,,run
2026-09-17T23:56:53+03:00,1789678613,3458,53,3,29.5,34.0,,run
2026-09-17T23:56:59+03:00,1789678619,3464,53,3,29.5,34.3,,run
2026-09-17T23:57:05+03:00,1789678625,3470,53,3,29.5,34.9,,run
2026-09-17T23:57:10+03:00,1789678630,3475,53,3,29.5,49.1,,run
2026-09-17T23:57:15+03:00,1789678635,3480,53,3,29.5,39.2,,run
2026-09-17T23:57:21+03:00,1789678641,3486,53,3,29.5,35.2,,run
2026-09-17T23:57:26+03:00,1789678646,3491,53,3,29.5,35.2,,run
2026-09-17T23:57:32+03:00,1789678652,3497,53,3,29.5,34.6,,run
2026-09-17T23:57:38+03:00,1789678658,3503,53,3,29.5,34.6,,run
2026-09-17T23:57:43+03:00,1789678663,3508,53,3,29.5,34.3,,run
2026-09-17T23:57:49+03:00,1789678669,3514,53,3,29.5,34.6,,run
2026-09-17T23:57:54+03:00,1789678674,3519,53,3,29.5,34.3,,run
2026-09-17T23:58:00+03:00,1789678680,3525,53,3,29.5,34.9,,run
2026-09-17T23:58:05+03:00,1789678685,3530,53,3,29.5,34.3,,run
2026-09-17T23:58:11+03:00,1789678691,3536,53,3,29.5,34.9,,run
2026-09-17T23:58:16+03:00,1789678696,3541,53,3,29.5,39.5,,run
2026-09-17T23:58:22+03:00,1789678702,3547,53,3,29.5,34.6,,run
2026-09-17T23:58:27+03:00,1789678707,3552,53,3,29.5,48.5,,run
2026-09-17T23:58:33+03:00,1789678713,3558,53,3,29.5,36.4,,run
2026-09-17T23:58:39+03:00,1789678719,3564,53,3,29.5,40.5,,run
2026-09-17T23:58:44+03:00,1789678724,3569,53,3,29.5,34.6,,run
2026-09-17T23:58:50+03:00,1789678730,3575,53,3,29.5,34.3,,run
2026-09-17T23:58:55+03:00,1789678735,3580,53,3,29.5,34.3,,run
2026-09-17T23:59:01+03:00,1789678741,3586,53,3,29.5,34.6,,run
2026-09-17T23:59:06+03:00,1789678746,3591,53,3,29.5,34.0,,run
2026-09-17T23:59:12+03:00,1789678752,3597,53,3,29.5,34.0,,run
2026-09-17T23:59:17+03:00,1789678757,3602,53,3,29.5,33.7,,run
2026-09-17T23:59:23+03:00,1789678763,3608,53,3,29.5,34.0,,run
2026-09-17T23:59:28+03:00,1789678768,3613,53,3,29.5,34.6,,run
2026-09-17T23:59:34+03:00,1789678774,3619,53,3,29.5,46.3,,run
2026-09-17T23:59:40+03:00,1789678780,3625,53,3,29.5,39.2,,run
2026-09-17T23:59:45+03:00,1789678785,3630,53,3,29.5,34.9,,run
2026-09-17T23:59:51+03:00,1789678791,3636,53,3,29.5,34.9,,run
2026-09-17T23:59:56+03:00,1789678796,3641,53,3,29.5,34.9,,run
2026-09-18T00:00:02+03:00,1789678802,3647,53,3,29.5,34.9,,run
2026-09-18T00:00:07+03:00,1789678807,3652,53,3,29.5,36.1,,run
2026-09-18T00:00:13+03:00,1789678813,3658,53,3,29.5,35.2,,run
2026-09-18T00:00:18+03:00,1789678818,3663,53,3,29.5,41.7,,run
2026-09-18T00:00:23+03:00,1789678823,3668,53,3,29.5,36.4,,run
2026-09-18T00:00:29+03:00,1789678829,3674,53,3,29.5,35.2,,run
2026-09-18T00:00:34+03:00,1789678834,3679,53,3,29.5,35.2,,run
2026-09-18T00:00:40+03:00,1789678840,3685,53,3,29.5,34.9,,run
2026-09-18T00:00:46+03:00,1789678846,3691,53,3,29.5,34.9,,run
2026-09-18T00:00:51+03:00,1789678851,3696,53,3,29.5,36.8,,run
2026-09-18T00:00:57+03:00,1789678857,3702,53,3,29.5,42.0,,run
2026-09-18T00:01:02+03:00,1789678862,3707,53,3,29.5,35.8,,run
2026-09-18T00:01:08+03:00,1789678868,3713,53,3,29.5,36.4,,run
2026-09-18T00:01:13+03:00,1789678873,3718,53,3,29.5,34.9,,run
2026-09-18T00:01:19+03:00,1789678879,3724,53,3,29.5,34.6,,run
2026-09-18T00:01:24+03:00,1789678884,3729,53,3,29.5,34.6,,run
2026-09-18T00:01:30+03:00,1789678890,3735,53,3,29.5,34.3,,run
2026-09-18T00:01:35+03:00,1789678895,3740,53,3,29.5,34.3,,run
2026-09-18T00:01:41+03:00,1789678901,3746,53,3,29.5,34.6,,run
2026-09-18T00:01:47+03:00,1789678907,3752,53,3,29.5,34.0,,run
2026-09-18T00:01:52+03:00,1789678912,3757,53,3,29.5,34.0,,run
2026-09-18T00:01:58+03:00,1789678918,3763,53,3,29.5,33.7,,run
2026-09-18T00:02:03+03:00,1789678923,3768,53,3,29.5,49.4,,run
2026-09-18T00:02:09+03:00,1789678928,3773,53,3,29.5,37.4,,run
2026-09-18T00:02:14+03:00,1789678934,3779,53,3,29.5,35.2,,run
2026-09-18T00:02:20+03:00,1789678940,3785,53,3,29.5,35.5,,run
2026-09-18T00:02:25+03:00,1789678945,3790,53,3,29.5,35.5,,run
2026-09-18T00:02:31+03:00,1789678951,3796,53,3,29.5,35.2,,run
2026-09-18T00:02:36+03:00,1789678956,3801,53,3,29.5,35.5,,run
2026-09-18T00:02:42+03:00,1789678962,3807,53,3,29.5,34.6,,run
2026-09-18T00:02:47+03:00,1789678967,3812,53,3,29.5,34.6,,run
2026-09-18T00:02:53+03:00,1789678973,3818,53,3,29.5,34.9,,run
2026-09-18T00:02:58+03:00,1789678978,3823,53,3,29.5,35.2,,run
2026-09-18T00:03:04+03:00,1789678984,3829,53,3,29.5,34.6,,run
2026-09-18T00:03:09+03:00,1789678989,3834,53,3,29.5,35.5,,run
2026-09-18T00:03:15+03:00,1789678995,3840,53,3,29.5,34.6,,run
2026-09-18T00:03:20+03:00,1789679000,3845,53,3,29.5,48.2,,run
2026-09-18T00:03:26+03:00,1789679006,3851,53,3,29.5,42.0,,run
2026-09-18T00:03:31+03:00,1789679011,3856,53,3,29.5,40.5,,run
2026-09-18T00:03:37+03:00,1789679017,3862,53,3,29.5,35.2,,run
2026-09-18T00:03:42+03:00,1789679022,3867,53,3,29.5,34.9,,run
2026-09-18T00:03:48+03:00,1789679028,3873,53,3,29.5,34.9,,run
2026-09-18T00:03:53+03:00,1789679033,3878,53,3,29.5,37.4,,run
2026-09-18T00:03:59+03:00,1789679039,3884,53,3,29.5,34.6,,run
2026-09-18T00:04:04+03:00,1789679044,3889,53,3,29.5,34.3,,run
2026-09-18T00:04:10+03:00,1789679050,3895,53,3,29.5,34.3,,run
2026-09-18T00:04:15+03:00,1789679055,3900,53,3,29.5,34.3,,run
2026-09-18T00:04:21+03:00,1789679061,3906,53,3,29.5,37.7,,run
2026-09-18T00:04:26+03:00,1789679066,3911,53,3,29.5,38.0,,run
2026-09-18T00:04:32+03:00,1789679072,3917,53,3,29.5,36.4,,run
2026-09-18T00:04:37+03:00,1789679077,3922,53,3,29.5,35.8,,run
2026-09-18T00:04:43+03:00,1789679083,3928,53,3,29.5,35.8,,run
2026-09-18T00:04:48+03:00,1789679088,3933,53,3,29.5,34.9,,run
2026-09-18T00:04:54+03:00,1789679094,3939,53,3,29.5,36.1,,run
2026-09-18T00:04:59+03:00,1789679099,3944,53,3,29.5,34.9,,run
2026-09-18T00:05:05+03:00,1789679105,3950,53,3,29.5,35.2,,run
2026-09-18T00:05:10+03:00,1789679110,3955,53,3,29.5,34.9,,run
2026-09-18T00:05:16+03:00,1789679116,3961,53,3,29.5,34.9,,run
2026-09-18T00:05:21+03:00,1789679121,3966,53,3,29.5,36.4,,run
2026-09-18T00:05:27+03:00,1789679127,3972,53,3,29.5,35.2,,run
2026-09-18T00:05:33+03:00,1789679133,3978,53,3,29.5,35.2,,run
2026-09-18T00:05:38+03:00,1789679138,3983,53,3,29.5,42.3,,run
2026-09-18T00:05:43+03:00,1789679143,3988,53,3,29.5,42.9,,run
2026-09-18T00:05:49+03:00,1789679149,3994,53,3,29.5,36.1,,run
2026-09-18T00:05:54+03:00,1789679154,3999,53,3,29.5,35.8,,run
2026-09-18T00:06:00+03:00,1789679160,4005,53,3,29.5,35.5,,run
2026-09-18T00:06:05+03:00,1789679165,4010,53,3,29.5,35.2,,run
2026-09-18T00:06:11+03:00,1789679171,4016,53,3,29.5,34.9,,run
2026-09-18T00:06:16+03:00,1789679176,4021,53,3,29.5,34.0,,run
2026-09-18T00:06:22+03:00,1789679182,4027,53,3,29.5,34.0,,run
2026-09-18T00:06:28+03:00,1789679188,4033,53,3,29.5,34.3,,run
2026-09-18T00:06:33+03:00,1789679193,4038,53,3,29.5,34.0,,run
2026-09-18T00:06:39+03:00,1789679199,4044,53,3,29.5,34.0,,run
2026-09-18T00:06:44+03:00,1789679204,4049,53,3,29.5,50.1,,run
2026-09-18T00:06:50+03:00,1789679210,4055,53,3,29.5,39.5,,run
2026-09-18T00:06:55+03:00,1789679215,4060,53,3,29.5,35.5,,run
2026-09-18T00:07:01+03:00,1789679221,4066,53,3,29.5,35.2,,run
2026-09-18T00:07:06+03:00,1789679226,4071,53,3,29.5,34.9,,run
2026-09-18T00:07:12+03:00,1789679232,4077,53,3,29.5,34.9,,run
2026-09-18T00:07:17+03:00,1789679237,4082,53,3,29.5,34.9,,run
2026-09-18T00:07:23+03:00,1789679243,4088,53,3,29.5,37.4,,run
2026-09-18T00:07:28+03:00,1789679248,4093,53,3,29.5,35.2,,run
2026-09-18T00:07:33+03:00,1789679253,4098,53,3,29.5,35.5,,run
2026-09-18T00:07:39+03:00,1789679259,4104,53,3,29.5,36.8,,run
2026-09-18T00:07:44+03:00,1789679264,4109,53,3,29.5,35.8,,run
2026-09-18T00:07:50+03:00,1789679270,4115,53,3,29.5,34.9,,run
2026-09-18T00:07:56+03:00,1789679276,4121,53,3,29.5,34.6,,run
2026-09-18T00:08:01+03:00,1789679281,4126,53,3,29.5,49.4,,run
2026-09-18T00:08:07+03:00,1789679287,4132,53,3,29.5,36.8,,run
2026-09-18T00:08:12+03:00,1789679292,4137,53,3,29.5,40.8,,run
2026-09-18T00:08:18+03:00,1789679298,4143,53,3,29.5,34.9,,run
2026-09-18T00:08:23+03:00,1789679303,4148,53,3,29.5,34.6,,run
2026-09-18T00:08:29+03:00,1789679309,4154,53,3,29.5,34.0,,run
2026-09-18T00:08:34+03:00,1789679314,4159,53,3,29.5,36.1,,run
2026-09-18T00:08:40+03:00,1789679320,4165,53,3,29.5,38.9,,run
2026-09-18T00:08:45+03:00,1789679325,4170,53,3,29.5,35.8,,run
2026-09-18T00:08:51+03:00,1789679331,4176,53,3,29.5,34.6,,run
2026-09-18T00:08:56+03:00,1789679336,4181,53,3,29.5,34.9,,run
2026-09-18T00:09:02+03:00,1789679342,4187,53,3,29.5,34.9,,run
2026-09-18T00:09:07+03:00,1789679347,4192,53,3,29.5,34.9,,run
2026-09-18T00:09:13+03:00,1789679353,4198,53,3,29.5,34.9,,run
2026-09-18T00:09:18+03:00,1789679358,4203,53,3,29.5,34.3,,run
2026-09-18T00:09:24+03:00,1789679364,4209,53,3,29.5,34.3,,run
2026-09-18T00:09:30+03:00,1789679370,4215,53,3,29.5,34.9,,run
2026-09-18T00:09:35+03:00,1789679375,4220,53,3,29.5,34.3,,run
2026-09-18T00:09:41+03:00,1789679381,4226,53,3,29.5,34.9,,run
2026-09-18T00:09:46+03:00,1789679386,4231,53,3,29.5,34.6,,run
2026-09-18T00:09:52+03:00,1789679392,4237,53,3,29.5,45.4,,run
2026-09-18T00:09:57+03:00,1789679397,4242,53,3,29.5,42.9,,run
2026-09-18T00:10:02+03:00,1789679402,4247,53,3,29.5,36.8,,run
2026-09-18T00:10:08+03:00,1789679408,4253,53,3,29.5,35.8,,run
2026-09-18T00:10:13+03:00,1789679413,4258,53,3,29.5,35.2,,run
2026-09-18T00:10:19+03:00,1789679419,4264,53,3,29.5,34.3,,run
2026-09-18T00:10:24+03:00,1789679424,4269,53,3,29.5,34.3,,run
2026-09-18T00:10:30+03:00,1789679430,4275,53,3,29.5,33.7,,run
2026-09-18T00:10:35+03:00,1789679435,4280,53,3,29.5,34.3,,run
2026-09-18T00:10:41+03:00,1789679441,4286,53,3,29.5,34.3,,run
2026-09-18T00:10:47+03:00,1789679447,4292,53,3,29.5,34.0,,run
2026-09-18T00:10:52+03:00,1789679452,4297,53,3,29.5,34.3,,run
2026-09-18T00:10:58+03:00,1789679458,4303,53,3,29.5,49.4,,run
2026-09-18T00:11:03+03:00,1789679463,4308,53,3,29.5,36.4,,run
2026-09-18T00:11:08+03:00,1789679468,4313,53,3,29.5,35.5,,run
2026-09-18T00:11:14+03:00,1789679474,4319,53,3,29.5,34.6,,run
2026-09-18T00:11:19+03:00,1789679479,4324,53,3,29.5,34.6,,run
2026-09-18T00:11:25+03:00,1789679485,4330,53,3,29.5,34.9,,run
2026-09-18T00:11:30+03:00,1789679490,4335,53,3,29.5,34.9,,run
2026-09-18T00:11:36+03:00,1789679496,4341,53,3,29.5,34.3,,run
2026-09-18T00:11:42+03:00,1789679502,4347,53,3,29.5,34.3,,run
2026-09-18T00:11:47+03:00,1789679507,4352,53,3,29.5,34.9,,run
2026-09-18T00:11:53+03:00,1789679513,4358,53,3,29.5,35.8,,run
2026-09-18T00:11:58+03:00,1789679518,4363,53,3,29.5,34.9,,run
2026-09-18T00:12:04+03:00,1789679524,4369,53,3,29.5,35.2,,run
2026-09-18T00:12:09+03:00,1789679529,4374,53,3,29.5,34.6,,run
2026-09-18T00:12:15+03:00,1789679535,4380,53,3,29.5,51.0,,run
2026-09-18T00:12:20+03:00,1789679540,4385,53,3,29.5,36.4,,run
2026-09-18T00:12:26+03:00,1789679546,4391,53,3,29.5,37.1,,run
2026-09-18T00:12:31+03:00,1789679551,4396,53,3,29.5,35.5,,run
2026-09-18T00:12:37+03:00,1789679557,4402,53,3,29.5,34.3,,run
2026-09-18T00:12:42+03:00,1789679562,4407,53,3,29.5,34.6,,run
2026-09-18T00:12:48+03:00,1789679568,4413,53,3,29.5,34.0,,run
2026-09-18T00:12:53+03:00,1789679573,4418,53,3,29.5,34.0,,run
2026-09-18T00:12:59+03:00,1789679579,4424,53,3,29.5,34.0,,run
2026-09-18T00:13:04+03:00,1789679584,4429,52,3,29.4,33.7,,run
2026-09-18T00:13:10+03:00,1789679590,4435,52,3,29.4,33.7,,run
2026-09-18T00:13:16+03:00,1789679596,4441,52,3,29.4,45.7,,run
2026-09-18T00:13:21+03:00,1789679601,4446,52,3,29.4,38.3,,run
2026-09-18T00:13:27+03:00,1789679607,4452,52,3,29.4,34.9,,run
2026-09-18T00:13:32+03:00,1789679612,4457,52,3,29.4,35.2,,run
2026-09-18T00:13:38+03:00,1789679618,4463,52,3,29.4,34.9,,run
2026-09-18T00:13:43+03:00,1789679623,4468,52,3,29.4,34.3,,run
2026-09-18T00:13:49+03:00,1789679629,4474,52,3,29.4,36.1,,run
2026-09-18T00:13:54+03:00,1789679634,4479,52,3,29.4,34.6,,run
2026-09-18T00:14:00+03:00,1789679640,4485,52,3,29.4,34.3,,run
2026-09-18T00:14:05+03:00,1789679645,4490,52,3,29.4,34.0,,run
2026-09-18T00:14:11+03:00,1789679651,4496,52,3,29.4,34.6,,run
2026-09-18T00:14:16+03:00,1789679656,4501,52,3,29.4,34.6,,run
2026-09-18T00:14:22+03:00,1789679662,4507,52,3,29.4,34.0,,run
2026-09-18T00:14:27+03:00,1789679667,4512,52,3,29.4,34.3,,run
2026-09-18T00:14:33+03:00,1789679673,4518,52,3,29.4,35.8,,run
2026-09-18T00:14:38+03:00,1789679678,4523,52,3,29.4,42.9,,run
2026-09-18T00:14:44+03:00,1789679684,4529,52,3,29.4,36.4,,run
2026-09-18T00:14:49+03:00,1789679689,4534,52,3,29.4,34.6,,run
2026-09-18T00:14:55+03:00,1789679695,4540,52,3,29.4,34.3,,run
2026-09-18T00:15:00+03:00,1789679700,4545,52,3,29.4,35.8,,run
2026-09-18T00:15:06+03:00,1789679706,4551,52,3,29.4,34.6,,run
2026-09-18T00:15:11+03:00,1789679711,4556,52,3,29.4,34.0,,run
2026-09-18T00:15:17+03:00,1789679717,4562,52,3,29.4,34.6,,run
2026-09-18T00:15:22+03:00,1789679722,4567,52,3,29.4,34.0,,run
2026-09-18T00:15:28+03:00,1789679728,4573,52,3,29.4,34.3,,run
2026-09-18T00:15:34+03:00,1789679734,4579,52,3,29.4,33.7,,run
2026-09-18T00:15:39+03:00,1789679739,4584,52,3,29.4,47.6,,run
2026-09-18T00:15:44+03:00,1789679744,4589,52,3,29.4,35.8,,run
2026-09-18T00:15:50+03:00,1789679750,4595,52,3,29.4,34.6,,run
2026-09-18T00:15:56+03:00,1789679756,4601,52,3,29.4,34.6,,run
2026-09-18T00:16:01+03:00,1789679761,4606,52,3,29.4,34.6,,run
2026-09-18T00:16:07+03:00,1789679767,4612,52,3,29.4,34.3,,run
2026-09-18T00:16:12+03:00,1789679772,4617,52,3,29.4,34.3,,run
2026-09-18T00:16:18+03:00,1789679778,4623,52,3,29.4,34.0,,run
2026-09-18T00:16:23+03:00,1789679783,4628,52,3,29.4,34.6,,run
2026-09-18T00:16:29+03:00,1789679789,4634,52,3,29.4,34.0,,run
2026-09-18T00:16:34+03:00,1789679794,4639,52,3,29.4,35.2,,run
2026-09-18T00:16:40+03:00,1789679800,4645,52,3,29.4,34.3,,run
2026-09-18T00:16:45+03:00,1789679805,4650,52,3,29.4,34.6,,run
2026-09-18T00:16:51+03:00,1789679811,4656,52,3,29.4,40.2,,run
2026-09-18T00:16:56+03:00,1789679816,4661,52,3,29.4,42.3,,run
2026-09-18T00:17:02+03:00,1789679822,4667,52,3,29.4,35.5,,run
2026-09-18T00:17:07+03:00,1789679827,4672,52,3,29.4,35.2,,run
2026-09-18T00:17:13+03:00,1789679833,4678,52,3,29.4,34.9,,run
2026-09-18T00:17:18+03:00,1789679838,4683,52,3,29.4,35.2,,run
2026-09-18T00:17:24+03:00,1789679844,4689,52,3,29.4,34.0,,run
2026-09-18T00:17:29+03:00,1789679849,4694,52,3,29.4,34.9,,run
2026-09-18T00:17:35+03:00,1789679855,4700,52,3,29.4,34.0,,run
2026-09-18T00:17:40+03:00,1789679860,4705,52,3,29.4,34.3,,run
2026-09-18T00:17:46+03:00,1789679866,4711,52,3,29.4,33.4,,run
2026-09-18T00:17:51+03:00,1789679871,4716,52,3,29.4,33.7,,run
2026-09-18T00:17:57+03:00,1789679877,4722,52,3,29.4,34.3,,run
2026-09-18T00:18:02+03:00,1789679882,4727,52,3,29.4,34.0,,run
2026-09-18T00:18:08+03:00,1789679888,4733,52,3,29.4,49.1,,run
2026-09-18T00:18:13+03:00,1789679893,4738,52,3,29.4,36.1,,run
2026-09-18T00:18:19+03:00,1789679899,4744,52,3,29.4,35.2,,run
2026-09-18T00:18:24+03:00,1789679904,4749,52,3,29.4,34.9,,run
2026-09-18T00:18:30+03:00,1789679910,4755,52,3,29.4,35.2,,run
2026-09-18T00:18:35+03:00,1789679915,4760,52,3,29.4,34.6,,run
2026-09-18T00:18:41+03:00,1789679921,4766,52,3,29.4,34.6,,run
2026-09-18T00:18:46+03:00,1789679926,4771,52,3,29.4,34.6,,run
2026-09-18T00:18:52+03:00,1789679932,4777,52,3,29.4,34.9,,run
2026-09-18T00:18:57+03:00,1789679937,4782,52,3,29.4,34.0,,run
2026-09-18T00:19:03+03:00,1789679943,4788,52,3,29.4,34.0,,run
2026-09-18T00:19:08+03:00,1789679948,4793,52,3,29.4,35.2,,run
2026-09-18T00:19:14+03:00,1789679954,4799,52,3,29.4,34.3,,run
2026-09-18T00:19:19+03:00,1789679959,4804,52,3,29.4,38.9,,run
2026-09-18T00:19:25+03:00,1789679965,4810,52,3,29.4,44.8,,run
2026-09-18T00:19:30+03:00,1789679970,4815,52,3,29.4,35.5,,run
2026-09-18T00:19:36+03:00,1789679976,4821,52,3,29.4,36.4,,run
2026-09-18T00:19:41+03:00,1789679981,4826,52,3,29.4,34.6,,run
2026-09-18T00:19:47+03:00,1789679987,4832,52,3,29.4,34.9,,run
2026-09-18T00:19:52+03:00,1789679992,4837,52,3,29.4,34.6,,run
2026-09-18T00:19:58+03:00,1789679998,4843,52,3,29.4,35.2,,run
2026-09-18T00:20:03+03:00,1789680003,4848,52,3,29.4,38.3,,run
2026-09-18T00:20:09+03:00,1789680009,4854,52,3,29.4,35.5,,run
2026-09-18T00:20:14+03:00,1789680014,4859,52,3,29.4,35.2,,run
2026-09-18T00:20:20+03:00,1789680020,4865,52,3,29.4,34.9,,run
2026-09-18T00:20:25+03:00,1789680025,4870,52,3,29.4,34.6,,run
2026-09-18T00:20:31+03:00,1789680031,4876,52,3,29.4,34.3,,run
2026-09-18T00:20:36+03:00,1789680036,4881,52,3,29.4,35.2,,run
2026-09-18T00:20:42+03:00,1789680042,4887,52,3,29.4,34.6,,run
2026-09-18T00:20:47+03:00,1789680047,4892,52,3,29.4,34.3,,run
2026-09-18T00:20:53+03:00,1789680053,4898,52,3,29.4,34.9,,run
2026-09-18T00:20:59+03:00,1789680059,4904,52,3,29.4,34.3,,run
2026-09-18T00:21:04+03:00,1789680064,4909,52,3,29.4,34.3,,run
2026-09-18T00:21:10+03:00,1789680070,4915,52,3,29.4,34.0,,run
2026-09-18T00:21:15+03:00,1789680075,4920,52,3,29.4,43.9,,run
2026-09-18T00:21:20+03:00,1789680080,4925,52,3,29.4,42.6,,run
2026-09-18T00:21:26+03:00,1789680086,4931,52,3,29.4,36.1,,run
2026-09-18T00:21:31+03:00,1789680091,4936,52,3,29.4,35.5,,run
2026-09-18T00:21:37+03:00,1789680097,4942,52,3,29.4,34.6,,run
2026-09-18T00:21:42+03:00,1789680102,4947,52,3,29.4,33.7,,run
2026-09-18T00:21:48+03:00,1789680108,4953,52,3,29.4,37.4,,run
2026-09-18T00:21:53+03:00,1789680113,4958,52,3,29.4,34.3,,run
2026-09-18T00:21:59+03:00,1789680119,4964,52,3,29.4,34.3,,run
2026-09-18T00:22:05+03:00,1789680125,4970,52,3,29.4,34.0,,run
2026-09-18T00:22:10+03:00,1789680130,4975,52,3,29.4,34.3,,run
2026-09-18T00:22:16+03:00,1789680136,4981,52,3,29.4,35.8,,run
2026-09-18T00:22:21+03:00,1789680141,4986,52,3,29.4,38.9,,run
2026-09-18T00:22:27+03:00,1789680147,4992,52,3,29.4,35.2,,run
2026-09-18T00:22:32+03:00,1789680152,4997,52,3,29.4,35.5,,run
2026-09-18T00:22:38+03:00,1789680158,5003,52,3,29.4,34.9,,run
2026-09-18T00:22:43+03:00,1789680163,5008,52,3,29.4,34.6,,run
2026-09-18T00:22:49+03:00,1789680169,5014,52,3,29.4,35.5,,run
2026-09-18T00:22:54+03:00,1789680174,5019,52,3,29.4,34.6,,run
2026-09-18T00:23:00+03:00,1789680180,5025,52,3,29.4,35.2,,run
2026-09-18T00:23:05+03:00,1789680185,5030,52,3,29.4,34.6,,run
2026-09-18T00:23:11+03:00,1789680191,5036,52,3,29.4,34.3,,run
2026-09-18T00:23:17+03:00,1789680197,5042,52,3,29.4,34.3,,run
2026-09-18T00:23:22+03:00,1789680202,5047,52,3,29.4,34.6,,run
2026-09-18T00:23:28+03:00,1789680208,5053,52,3,29.4,34.6,,run
2026-09-18T00:23:33+03:00,1789680213,5058,52,3,29.4,43.2,,run
2026-09-18T00:23:39+03:00,1789680219,5064,52,3,29.4,42.0,,run
2026-09-18T00:23:44+03:00,1789680224,5069,52,3,29.4,36.1,,run
2026-09-18T00:23:49+03:00,1789680229,5074,52,3,29.4,35.5,,run
2026-09-18T00:23:55+03:00,1789680235,5080,52,3,29.4,34.6,,run
2026-09-18T00:24:01+03:00,1789680241,5086,52,3,29.4,34.6,,run
2026-09-18T00:24:06+03:00,1789680246,5091,52,3,29.4,35.5,,run
2026-09-18T00:24:12+03:00,1789680252,5097,52,3,29.4,34.3,,run
2026-09-18T00:24:17+03:00,1789680257,5102,52,3,29.4,34.0,,run
2026-09-18T00:24:23+03:00,1789680263,5108,52,3,29.4,34.3,,run
2026-09-18T00:24:28+03:00,1789680268,5113,52,3,29.4,34.0,,run
2026-09-18T00:24:34+03:00,1789680274,5119,52,3,29.4,44.5,,run
2026-09-18T00:24:39+03:00,1789680279,5124,52,3,29.4,42.3,,run
2026-09-18T00:24:45+03:00,1789680285,5130,52,3,29.4,35.2,,run
2026-09-18T00:24:50+03:00,1789680290,5135,52,3,29.4,34.9,,run
2026-09-18T00:24:56+03:00,1789680296,5141,52,3,29.4,35.8,,run
2026-09-18T00:25:01+03:00,1789680301,5146,52,3,29.4,34.6,,run
2026-09-18T00:25:07+03:00,1789680307,5152,52,3,29.4,34.9,,run
2026-09-18T00:25:12+03:00,1789680312,5157,52,3,29.4,37.7,,run
2026-09-18T00:25:18+03:00,1789680318,5163,52,3,29.4,34.6,,run
2026-09-18T00:25:23+03:00,1789680323,5168,52,3,29.4,34.6,,run
2026-09-18T00:25:29+03:00,1789680329,5174,52,3,29.4,34.9,,run
2026-09-18T00:25:34+03:00,1789680334,5179,52,3,29.4,36.4,,run
2026-09-18T00:25:40+03:00,1789680340,5185,52,3,29.4,34.3,,run
2026-09-18T00:25:45+03:00,1789680345,5190,52,3,29.4,34.0,,run
2026-09-18T00:25:51+03:00,1789680351,5196,52,3,29.4,36.1,,run
2026-09-18T00:25:56+03:00,1789680356,5201,52,3,29.4,43.9,,run
2026-09-18T00:26:01+03:00,1789680361,5206,52,3,29.4,37.1,,run
2026-09-18T00:26:07+03:00,1789680367,5212,52,3,29.4,35.5,,run
2026-09-18T00:26:13+03:00,1789680373,5218,52,3,29.4,34.6,,run
2026-09-18T00:26:18+03:00,1789680378,5223,52,3,29.4,34.0,,run
2026-09-18T00:26:24+03:00,1789680384,5229,52,3,29.4,34.3,,run
2026-09-18T00:26:29+03:00,1789680389,5234,52,3,29.4,35.2,,run
2026-09-18T00:26:35+03:00,1789680395,5240,52,3,29.4,34.9,,run
2026-09-18T00:26:40+03:00,1789680400,5245,52,3,29.4,34.9,,run
2026-09-18T00:26:46+03:00,1789680406,5251,52,3,29.4,34.0,,run
2026-09-18T00:26:51+03:00,1789680411,5256,52,3,29.4,45.4,,run
2026-09-18T00:26:57+03:00,1789680417,5262,52,3,29.4,37.4,,run
2026-09-18T00:27:03+03:00,1789680423,5268,52,3,29.4,34.9,,run
2026-09-18T00:27:08+03:00,1789680428,5273,52,3,29.4,34.6,,run
2026-09-18T00:27:14+03:00,1789680434,5279,52,3,29.4,34.9,,run
2026-09-18T00:27:19+03:00,1789680439,5284,52,3,29.4,35.5,,run
2026-09-18T00:27:25+03:00,1789680445,5290,52,3,29.4,34.9,,run
2026-09-18T00:27:30+03:00,1789680450,5295,52,3,29.4,34.3,,run
2026-09-18T00:27:36+03:00,1789680456,5301,52,3,29.5,34.0,,run
2026-09-18T00:27:41+03:00,1789680461,5306,52,3,29.5,34.3,,run
2026-09-18T00:27:47+03:00,1789680467,5312,52,3,29.5,34.9,,run
2026-09-18T00:27:52+03:00,1789680472,5317,52,3,29.5,41.4,,run
2026-09-18T00:27:58+03:00,1789680478,5323,52,3,29.5,35.5,,run
2026-09-18T00:28:03+03:00,1789680483,5328,52,3,29.5,34.6,,run
2026-09-18T00:28:09+03:00,1789680489,5334,52,3,29.5,47.0,,run
2026-09-18T00:28:15+03:00,1789680495,5340,52,3,29.5,38.3,,run
2026-09-18T00:28:20+03:00,1789680500,5345,52,3,29.5,42.0,,run
2026-09-18T00:28:25+03:00,1789680505,5350,52,3,29.5,39.8,,run
2026-09-18T00:28:31+03:00,1789680511,5356,52,3,29.5,37.4,,run
2026-09-18T00:28:36+03:00,1789680516,5361,52,3,29.5,35.5,,run
2026-09-18T00:28:42+03:00,1789680522,5367,52,3,29.5,35.2,,run
2026-09-18T00:28:47+03:00,1789680527,5372,52,3,29.5,35.2,,run
2026-09-18T00:28:53+03:00,1789680533,5378,52,3,29.5,34.6,,run
2026-09-18T00:28:58+03:00,1789680538,5383,52,3,29.5,34.3,,run
2026-09-18T00:29:04+03:00,1789680544,5389,52,3,29.5,34.3,,run
2026-09-18T00:29:09+03:00,1789680549,5394,52,3,29.5,48.2,,run
2026-09-18T00:29:15+03:00,1789680555,5400,52,3,29.5,37.4,,run
2026-09-18T00:29:20+03:00,1789680560,5405,52,3,29.5,35.5,,run
2026-09-18T00:29:26+03:00,1789680566,5411,52,3,29.5,35.5,,run
2026-09-18T00:29:31+03:00,1789680571,5416,52,3,29.5,34.9,,run
2026-09-18T00:29:37+03:00,1789680577,5422,52,3,29.5,34.9,,run
2026-09-18T00:29:42+03:00,1789680582,5427,52,3,29.5,35.5,,run
2026-09-18T00:29:48+03:00,1789680588,5433,52,3,29.5,34.6,,run
2026-09-18T00:29:53+03:00,1789680593,5438,52,3,29.5,35.2,,run
2026-09-18T00:29:59+03:00,1789680599,5444,52,3,29.5,34.6,,run
2026-09-18T00:30:04+03:00,1789680604,5449,52,3,29.5,34.6,,run
2026-09-18T00:30:10+03:00,1789680610,5455,51,3,29.6,36.8,,run
2026-09-18T00:30:15+03:00,1789680615,5460,51,3,29.6,35.5,,run
2026-09-18T00:30:21+03:00,1789680621,5466,51,3,29.6,34.6,,run
2026-09-18T00:30:26+03:00,1789680626,5471,51,3,29.6,45.7,,run
2026-09-18T00:30:32+03:00,1789680632,5477,51,3,29.6,40.5,,run
2026-09-18T00:30:37+03:00,1789680637,5482,51,3,29.6,40.5,,run
2026-09-18T00:30:43+03:00,1789680643,5488,51,3,29.6,35.8,,run
2026-09-18T00:30:48+03:00,1789680648,5493,51,3,29.6,35.5,,run
2026-09-18T00:30:54+03:00,1789680654,5499,51,3,29.6,34.9,,run
2026-09-18T00:30:59+03:00,1789680659,5504,51,3,29.6,34.9,,run
2026-09-18T00:31:05+03:00,1789680665,5510,51,3,29.6,34.9,,run
2026-09-18T00:31:11+03:00,1789680671,5516,51,3,29.6,34.9,,run
2026-09-18T00:31:16+03:00,1789680676,5521,51,3,29.6,34.6,,run
2026-09-18T00:31:22+03:00,1789680682,5527,51,3,29.6,34.3,,run
2026-09-18T00:31:27+03:00,1789680687,5532,51,3,29.6,48.2,,run
2026-09-18T00:31:33+03:00,1789680693,5538,51,3,29.6,38.0,,run
2026-09-18T00:31:38+03:00,1789680698,5543,51,3,29.6,37.7,,run
2026-09-18T00:31:44+03:00,1789680704,5549,51,3,29.6,35.2,,run
2026-09-18T00:31:49+03:00,1789680709,5554,51,3,29.6,35.8,,run
2026-09-18T00:31:55+03:00,1789680715,5560,51,3,29.6,34.9,,run
2026-09-18T00:32:00+03:00,1789680720,5565,51,3,29.6,34.6,,run
2026-09-18T00:32:06+03:00,1789680726,5571,51,3,29.6,34.9,,run
2026-09-18T00:32:11+03:00,1789680731,5576,51,3,29.6,34.3,,run
2026-09-18T00:32:17+03:00,1789680737,5582,51,3,29.6,34.3,,run
2026-09-18T00:32:22+03:00,1789680742,5587,51,3,29.6,34.3,,run
2026-09-18T00:32:28+03:00,1789680748,5593,51,3,29.6,34.9,,run
2026-09-18T00:32:33+03:00,1789680753,5598,51,3,29.6,34.6,,run
2026-09-18T00:32:39+03:00,1789680759,5604,51,3,29.6,34.3,,run
2026-09-18T00:32:44+03:00,1789680764,5609,51,3,29.6,49.1,,run
2026-09-18T00:32:50+03:00,1789680770,5615,51,3,29.6,36.8,,run
2026-09-18T00:32:55+03:00,1789680775,5620,51,3,29.6,41.4,,run
2026-09-18T00:33:01+03:00,1789680781,5626,51,3,29.6,34.9,,run
2026-09-18T00:33:06+03:00,1789680786,5631,51,3,29.6,34.6,,run
2026-09-18T00:33:12+03:00,1789680792,5637,51,3,29.6,34.6,,run
2026-09-18T00:33:17+03:00,1789680797,5642,51,3,29.6,36.8,,run
2026-09-18T00:33:23+03:00,1789680803,5648,51,3,29.6,38.3,,run
2026-09-18T00:33:28+03:00,1789680808,5653,51,3,29.6,35.5,,run
2026-09-18T00:33:34+03:00,1789680814,5659,51,3,29.6,35.2,,run
2026-09-18T00:33:40+03:00,1789680820,5665,51,3,29.6,34.9,,run
2026-09-18T00:33:45+03:00,1789680825,5670,51,3,29.6,34.3,,run
2026-09-18T00:33:51+03:00,1789680831,5676,51,3,29.6,34.9,,run
2026-09-18T00:33:56+03:00,1789680836,5681,51,3,29.6,34.6,,run
2026-09-18T00:34:01+03:00,1789680841,5686,51,3,29.6,35.2,,run
2026-09-18T00:34:07+03:00,1789680847,5692,51,3,29.6,34.3,,run
2026-09-18T00:34:12+03:00,1789680852,5697,51,3,29.6,34.6,,run
2026-09-18T00:34:18+03:00,1789680858,5703,51,3,29.6,34.6,,run
2026-09-18T00:34:24+03:00,1789680864,5709,51,3,29.6,36.1,,run
2026-09-18T00:34:29+03:00,1789680869,5714,51,3,29.6,34.6,,run
2026-09-18T00:34:35+03:00,1789680875,5720,51,3,29.6,42.9,,run
2026-09-18T00:34:40+03:00,1789680880,5725,51,3,29.6,42.6,,run
2026-09-18T00:34:45+03:00,1789680885,5730,51,3,29.6,36.8,,run
2026-09-18T00:34:51+03:00,1789680891,5736,51,3,29.6,35.8,,run
2026-09-18T00:34:56+03:00,1789680896,5741,51,3,29.6,34.9,,run
2026-09-18T00:35:02+03:00,1789680902,5747,51,3,29.6,34.6,,run
2026-09-18T00:35:07+03:00,1789680907,5752,51,3,29.6,36.8,,run
2026-09-18T00:35:13+03:00,1789680913,5758,51,3,29.6,34.0,,run
2026-09-18T00:35:18+03:00,1789680918,5763,51,3,29.6,34.3,,run
2026-09-18T00:35:24+03:00,1789680924,5769,51,3,29.6,34.0,,run
2026-09-18T00:35:29+03:00,1789680929,5774,51,3,29.6,33.4,,run
2026-09-18T00:35:35+03:00,1789680935,5780,51,3,29.6,44.2,,run
2026-09-18T00:35:41+03:00,1789680941,5786,51,3,29.6,41.1,,run
2026-09-18T00:35:46+03:00,1789680946,5791,51,3,29.6,35.2,,run
2026-09-18T00:35:52+03:00,1789680952,5797,51,3,29.6,34.9,,run
2026-09-18T00:35:57+03:00,1789680957,5802,51,3,29.6,34.6,,run
2026-09-18T00:36:03+03:00,1789680963,5808,51,3,29.6,34.9,,run
2026-09-18T00:36:08+03:00,1789680968,5813,51,3,29.6,35.8,,run
2026-09-18T00:36:14+03:00,1789680974,5819,51,3,29.6,34.3,,run
2026-09-18T00:36:19+03:00,1789680979,5824,51,3,29.6,34.6,,run
2026-09-18T00:36:25+03:00,1789680985,5830,51,3,29.6,34.9,,run
2026-09-18T00:36:30+03:00,1789680990,5835,51,3,29.6,35.2,,run
2026-09-18T00:36:36+03:00,1789680996,5841,51,3,29.6,34.3,,run
2026-09-18T00:36:41+03:00,1789681001,5846,51,3,29.6,34.3,,run
2026-09-18T00:36:47+03:00,1789681007,5852,51,3,29.6,34.6,,run
2026-09-18T00:36:52+03:00,1789681012,5857,51,3,29.6,36.1,,run
2026-09-18T00:36:58+03:00,1789681018,5863,51,3,29.6,42.3,,run
2026-09-18T00:37:03+03:00,1789681023,5868,51,3,29.6,36.4,,run
2026-09-18T00:37:09+03:00,1789681029,5874,51,3,29.6,35.5,,run
2026-09-18T00:37:14+03:00,1789681034,5879,51,3,29.6,34.6,,run
2026-09-18T00:37:20+03:00,1789681040,5885,51,3,29.6,34.6,,run
2026-09-18T00:37:25+03:00,1789681045,5890,51,3,29.6,34.6,,run
2026-09-18T00:37:31+03:00,1789681051,5896,51,3,29.6,35.2,,run
2026-09-18T00:37:36+03:00,1789681056,5901,51,3,29.5,34.0,,run
2026-09-18T00:37:42+03:00,1789681062,5907,51,3,29.5,34.0,,run
2026-09-18T00:37:47+03:00,1789681067,5912,51,3,29.5,34.0,,run
2026-09-18T00:37:53+03:00,1789681073,5918,51,3,29.5,45.4,,run
2026-09-18T00:37:58+03:00,1789681078,5923,51,3,29.5,37.4,,run
2026-09-18T00:38:04+03:00,1789681084,5929,51,3,29.5,35.2,,run
2026-09-18T00:38:09+03:00,1789681089,5934,51,3,29.5,35.2,,run
2026-09-18T00:38:15+03:00,1789681095,5940,51,3,29.5,34.6,,run
2026-09-18T00:38:21+03:00,1789681101,5946,51,3,29.5,34.9,,run
2026-09-18T00:38:26+03:00,1789681106,5951,51,3,29.5,35.5,,run
2026-09-18T00:38:32+03:00,1789681112,5957,51,3,29.5,34.3,,run
2026-09-18T00:38:37+03:00,1789681117,5962,51,3,29.5,34.6,,run
2026-09-18T00:38:43+03:00,1789681123,5968,51,3,29.5,34.6,,run
2026-09-18T00:38:48+03:00,1789681128,5973,51,3,29.5,34.6,,run
2026-09-18T00:38:54+03:00,1789681134,5979,51,3,29.5,34.3,,run
2026-09-18T00:38:59+03:00,1789681139,5984,51,3,29.5,34.6,,run
2026-09-18T00:39:05+03:00,1789681145,5990,51,3,29.5,35.2,,run
2026-09-18T00:39:10+03:00,1789681150,5995,51,3,29.5,45.1,,run
2026-09-18T00:39:16+03:00,1789681156,6001,51,3,29.5,36.4,,run
2026-09-18T00:39:21+03:00,1789681161,6006,51,3,29.5,39.5,,run
2026-09-18T00:39:27+03:00,1789681167,6012,51,3,29.5,34.9,,run
2026-09-18T00:39:32+03:00,1789681172,6017,51,3,29.5,34.9,,run
2026-09-18T00:39:38+03:00,1789681178,6023,51,3,29.5,34.6,,run
2026-09-18T00:39:43+03:00,1789681183,6028,51,3,29.5,33.7,,run
2026-09-18T00:39:49+03:00,1789681189,6034,51,3,29.5,33.4,,run
2026-09-18T00:39:54+03:00,1789681194,6039,51,3,29.5,34.6,,run
2026-09-18T00:40:00+03:00,1789681200,6045,51,3,29.5,34.3,,run
2026-09-18T00:40:05+03:00,1789681205,6050,51,3,29.5,34.0,,run
2026-09-18T00:40:11+03:00,1789681211,6056,51,3,29.5,47.6,,run
2026-09-18T00:40:16+03:00,1789681216,6061,51,3,29.5,36.4,,run
2026-09-18T00:40:22+03:00,1789681222,6067,51,3,29.5,35.8,,run
2026-09-18T00:40:27+03:00,1789681227,6072,51,3,29.5,34.9,,run
2026-09-18T00:40:33+03:00,1789681233,6078,51,3,29.5,34.3,,run
2026-09-18T00:40:38+03:00,1789681238,6083,51,3,29.5,34.9,,run
2026-09-18T00:40:44+03:00,1789681244,6089,51,3,29.5,34.6,,run
2026-09-18T00:40:49+03:00,1789681249,6094,51,3,29.5,34.6,,run
2026-09-18T00:40:55+03:00,1789681255,6100,51,3,29.5,34.3,,run
2026-09-18T00:41:00+03:00,1789681260,6105,51,3,29.5,34.3,,run
2026-09-18T00:41:06+03:00,1789681266,6111,51,3,29.5,35.2,,run
2026-09-18T00:41:11+03:00,1789681271,6116,51,3,29.5,34.0,,run
2026-09-18T00:41:17+03:00,1789681277,6122,51,3,29.5,34.6,,run
2026-09-18T00:41:22+03:00,1789681282,6127,51,3,29.5,34.3,,run
2026-09-18T00:41:28+03:00,1789681288,6133,51,3,29.5,48.2,,run
2026-09-18T00:41:34+03:00,1789681294,6139,51,3,29.5,36.4,,run
2026-09-18T00:41:39+03:00,1789681299,6144,51,3,29.5,36.8,,run
2026-09-18T00:41:45+03:00,1789681305,6150,51,3,29.5,35.5,,run
2026-09-18T00:41:50+03:00,1789681310,6155,51,3,29.5,34.9,,run
2026-09-18T00:41:56+03:00,1789681316,6161,51,3,29.5,34.0,,run
2026-09-18T00:42:01+03:00,1789681321,6166,51,3,29.5,34.6,,run
2026-09-18T00:42:07+03:00,1789681327,6172,51,3,29.5,34.3,,run
2026-09-18T00:42:12+03:00,1789681332,6177,51,3,29.5,34.6,,run
2026-09-18T00:42:18+03:00,1789681338,6183,51,3,29.5,34.0,,run
2026-09-18T00:42:23+03:00,1789681343,6188,51,3,29.5,33.4,,run
2026-09-18T00:42:29+03:00,1789681349,6194,51,3,29.5,50.4,,run
2026-09-18T00:42:34+03:00,1789681354,6199,51,3,29.5,37.4,,run
2026-09-18T00:42:40+03:00,1789681360,6205,51,3,29.5,34.9,,run
2026-09-18T00:42:45+03:00,1789681365,6210,51,3,29.5,35.2,,run
2026-09-18T00:42:51+03:00,1789681371,6216,51,3,29.5,34.6,,run
2026-09-18T00:42:56+03:00,1789681376,6221,51,3,29.5,34.3,,run
2026-09-18T00:43:02+03:00,1789681382,6227,51,3,29.5,34.9,,run
2026-09-18T00:43:08+03:00,1789681388,6233,51,3,29.5,34.6,,run
2026-09-18T00:43:13+03:00,1789681393,6238,51,3,29.5,35.2,,run
2026-09-18T00:43:19+03:00,1789681399,6244,51,3,29.5,34.6,,run
2026-09-18T00:43:24+03:00,1789681404,6249,51,3,29.5,34.3,,run
2026-09-18T00:43:30+03:00,1789681410,6255,51,3,29.5,34.3,,run
2026-09-18T00:43:35+03:00,1789681415,6260,51,3,29.5,34.9,,run
2026-09-18T00:43:41+03:00,1789681421,6266,51,3,29.5,34.3,,run
2026-09-18T00:43:46+03:00,1789681426,6271,51,3,29.5,48.5,,run
2026-09-18T00:43:52+03:00,1789681431,6276,51,3,29.5,36.1,,run
2026-09-18T00:43:57+03:00,1789681437,6282,51,3,29.5,36.8,,run
2026-09-18T00:44:03+03:00,1789681443,6288,51,3,29.5,34.3,,run
2026-09-18T00:44:08+03:00,1789681448,6293,51,3,29.5,34.6,,run
2026-09-18T00:44:14+03:00,1789681454,6299,51,3,29.5,34.9,,run
2026-09-18T00:44:19+03:00,1789681459,6304,51,3,29.5,34.0,,run
2026-09-18T00:44:25+03:00,1789681465,6310,51,3,29.5,34.0,,run
2026-09-18T00:44:30+03:00,1789681470,6315,51,3,29.5,34.3,,run
2026-09-18T00:44:36+03:00,1789681476,6321,51,3,29.5,34.6,,run
2026-09-18T00:44:41+03:00,1789681481,6326,51,3,29.5,35.5,,run
2026-09-18T00:44:47+03:00,1789681487,6332,51,3,29.5,39.2,,run
2026-09-18T00:44:52+03:00,1789681492,6337,51,3,29.5,35.8,,run
2026-09-18T00:44:58+03:00,1789681498,6343,51,3,29.5,35.2,,run
2026-09-18T00:45:03+03:00,1789681503,6348,51,3,29.5,34.9,,run
2026-09-18T00:45:09+03:00,1789681509,6354,51,3,29.5,35.2,,run
2026-09-18T00:45:14+03:00,1789681514,6359,51,3,29.5,34.0,,run
2026-09-18T00:45:20+03:00,1789681520,6365,51,3,29.5,34.9,,run
2026-09-18T00:45:25+03:00,1789681525,6370,51,3,29.5,34.0,,run
2026-09-18T00:45:31+03:00,1789681531,6376,51,3,29.5,34.6,,run
2026-09-18T00:45:37+03:00,1789681537,6382,51,3,29.5,34.6,,run
2026-09-18T00:45:42+03:00,1789681542,6387,51,3,29.5,34.6,,run
2026-09-18T00:45:48+03:00,1789681548,6393,51,3,29.5,34.6,,run
2026-09-18T00:45:53+03:00,1789681553,6398,51,3,29.5,34.6,,run
2026-09-18T00:45:59+03:00,1789681559,6404,51,3,29.5,42.3,,run
2026-09-18T00:46:04+03:00,1789681564,6409,51,3,29.5,43.9,,run
2026-09-18T00:46:09+03:00,1789681569,6414,51,3,29.5,35.5,,run
2026-09-18T00:46:15+03:00,1789681575,6420,51,3,29.5,34.6,,run
2026-09-18T00:46:20+03:00,1789681580,6425,51,3,29.5,34.6,,run
2026-09-18T00:46:26+03:00,1789681586,6431,51,3,29.5,34.3,,run
2026-09-18T00:46:31+03:00,1789681591,6436,51,3,29.5,34.6,,run
2026-09-18T00:46:37+03:00,1789681597,6442,51,3,29.5,48.2,,run
2026-09-18T00:46:42+03:00,1789681602,6447,51,3,29.5,37.4,,run
2026-09-18T00:46:48+03:00,1789681608,6453,51,3,29.5,35.2,,run
2026-09-18T00:46:53+03:00,1789681613,6458,51,3,29.5,35.2,,run
2026-09-18T00:46:59+03:00,1789681619,6464,51,3,29.5,34.9,,run
2026-09-18T00:47:04+03:00,1789681624,6469,51,3,29.5,35.5,,run
2026-09-18T00:47:10+03:00,1789681630,6475,51,3,29.5,34.9,,run
2026-09-18T00:47:15+03:00,1789681635,6480,50,3,29.5,34.9,,run
2026-09-18T00:47:21+03:00,1789681641,6486,50,3,29.5,35.2,,run
2026-09-18T00:47:26+03:00,1789681646,6491,50,3,29.5,34.3,,run
2026-09-18T00:47:32+03:00,1789681652,6497,50,3,29.5,34.9,,run
2026-09-18T00:47:37+03:00,1789681657,6502,50,3,29.4,34.0,,run
2026-09-18T00:47:43+03:00,1789681663,6508,50,3,29.4,34.6,,run
2026-09-18T00:47:48+03:00,1789681668,6513,50,3,29.4,34.6,,run
2026-09-18T00:47:54+03:00,1789681674,6519,50,3,29.4,48.2,,run
2026-09-18T00:47:59+03:00,1789681679,6524,50,3,29.4,36.1,,run
2026-09-18T00:48:05+03:00,1789681685,6530,50,3,29.4,35.8,,run
2026-09-18T00:48:10+03:00,1789681690,6535,50,3,29.4,34.9,,run
2026-09-18T00:48:16+03:00,1789681696,6541,50,3,29.4,34.3,,run
2026-09-18T00:48:22+03:00,1789681702,6547,50,3,29.4,35.8,,run
2026-09-18T00:48:27+03:00,1789681707,6552,50,3,29.4,34.3,,run
2026-09-18T00:48:33+03:00,1789681713,6558,50,3,29.4,34.3,,run
2026-09-18T00:48:38+03:00,1789681718,6563,50,3,29.4,34.0,,run
2026-09-18T00:48:44+03:00,1789681724,6569,50,3,29.4,34.3,,run
2026-09-18T00:48:49+03:00,1789681729,6574,50,3,29.4,33.7,,run
2026-09-18T00:48:55+03:00,1789681735,6580,50,3,29.4,48.5,,run
2026-09-18T00:49:00+03:00,1789681740,6585,50,3,29.4,36.1,,run
2026-09-18T00:49:06+03:00,1789681746,6591,50,3,29.4,35.5,,run
2026-09-18T00:49:11+03:00,1789681751,6596,50,3,29.4,34.9,,run
2026-09-18T00:49:17+03:00,1789681757,6602,50,3,29.4,34.9,,run
2026-09-18T00:49:22+03:00,1789681762,6607,50,3,29.4,34.9,,run
2026-09-18T00:49:28+03:00,1789681768,6613,50,3,29.4,34.3,,run
2026-09-18T00:49:33+03:00,1789681773,6618,50,3,29.4,34.6,,run
2026-09-18T00:49:39+03:00,1789681779,6624,50,3,29.4,34.3,,run
2026-09-18T00:49:44+03:00,1789681784,6629,50,3,29.4,34.0,,run
2026-09-18T00:49:50+03:00,1789681790,6635,50,3,29.4,34.9,,run
2026-09-18T00:49:55+03:00,1789681795,6640,50,3,29.4,35.2,,run
2026-09-18T00:50:01+03:00,1789681801,6646,50,3,29.4,34.9,,run
2026-09-18T00:50:06+03:00,1789681806,6651,50,3,29.4,34.6,,run
2026-09-18T00:50:12+03:00,1789681812,6657,50,3,29.4,48.8,,run
2026-09-18T00:50:17+03:00,1789681817,6662,50,3,29.4,36.8,,run
2026-09-18T00:50:23+03:00,1789681823,6668,50,3,29.4,36.1,,run
2026-09-18T00:50:28+03:00,1789681828,6673,50,3,29.4,35.2,,run
2026-09-18T00:50:34+03:00,1789681834,6679,50,3,29.4,34.6,,run
2026-09-18T00:50:39+03:00,1789681839,6684,50,3,29.4,34.6,,run
2026-09-18T00:50:45+03:00,1789681845,6690,50,3,29.4,34.6,,run
2026-09-18T00:50:50+03:00,1789681850,6695,50,3,29.4,34.0,,run
2026-09-18T00:50:56+03:00,1789681856,6701,50,3,29.4,34.0,,run
2026-09-18T00:51:01+03:00,1789681861,6706,50,3,29.4,35.2,,run
2026-09-18T00:51:07+03:00,1789681867,6712,50,3,29.4,35.8,,run
2026-09-18T00:51:12+03:00,1789681872,6717,50,3,29.4,41.1,,run
2026-09-18T00:51:18+03:00,1789681878,6723,50,3,29.4,35.5,,run
2026-09-18T00:51:23+03:00,1789681883,6728,50,3,29.4,34.9,,run
2026-09-18T00:51:29+03:00,1789681889,6734,50,3,29.4,34.9,,run
2026-09-18T00:51:34+03:00,1789681894,6739,50,3,29.4,34.9,,run
2026-09-18T00:51:40+03:00,1789681900,6745,50,3,29.4,34.0,,run
2026-09-18T00:51:45+03:00,1789681905,6750,50,3,29.4,34.9,,run
2026-09-18T00:51:51+03:00,1789681911,6756,50,3,29.4,34.3,,run
2026-09-18T00:51:57+03:00,1789681917,6762,50,3,29.4,34.6,,run
2026-09-18T00:52:02+03:00,1789681922,6767,50,3,29.4,34.3,,run
2026-09-18T00:52:08+03:00,1789681928,6773,50,3,29.4,34.0,,run
2026-09-18T00:52:13+03:00,1789681933,6778,50,3,29.4,34.3,,run
2026-09-18T00:52:19+03:00,1789681939,6784,50,3,29.4,34.0,,run
2026-09-18T00:52:24+03:00,1789681944,6789,50,3,29.4,39.8,,run
2026-09-18T00:52:30+03:00,1789681950,6795,50,3,29.4,44.2,,run
2026-09-18T00:52:35+03:00,1789681955,6800,50,3,29.4,35.8,,run
2026-09-18T00:52:41+03:00,1789681961,6806,50,3,29.4,35.5,,run
2026-09-18T00:52:46+03:00,1789681966,6811,50,3,29.4,34.9,,run
2026-09-18T00:52:52+03:00,1789681972,6817,50,3,29.4,34.6,,run
2026-09-18T00:52:57+03:00,1789681977,6822,50,3,29.4,34.3,,run
2026-09-18T00:53:03+03:00,1789681983,6828,50,3,29.4,49.1,,run
2026-09-18T00:53:08+03:00,1789681988,6833,50,3,29.4,36.4,,run
2026-09-18T00:53:14+03:00,1789681994,6839,50,3,29.4,35.5,,run
2026-09-18T00:53:19+03:00,1789681999,6844,50,3,29.4,42.9,,run
2026-09-18T00:53:25+03:00,1789682005,6850,50,3,29.4,36.8,,run
2026-09-18T00:53:30+03:00,1789682010,6855,50,3,29.4,35.2,,run
2026-09-18T00:53:35+03:00,1789682015,6860,50,3,29.4,35.2,,run
2026-09-18T00:53:41+03:00,1789682021,6866,50,3,29.4,34.9,,run
2026-09-18T00:53:47+03:00,1789682027,6872,50,3,29.4,34.6,,run
2026-09-18T00:53:52+03:00,1789682032,6877,50,3,29.4,34.9,,run
2026-09-18T00:53:58+03:00,1789682038,6883,50,3,29.4,34.0,,run
2026-09-18T00:54:03+03:00,1789682043,6888,50,3,29.4,34.3,,run
2026-09-18T00:54:09+03:00,1789682049,6894,50,3,29.4,34.9,,run
2026-09-18T00:54:14+03:00,1789682054,6899,50,3,29.4,34.6,,run
2026-09-18T00:54:20+03:00,1789682060,6905,50,3,29.4,48.2,,run
2026-09-18T00:54:25+03:00,1789682065,6910,50,3,29.4,36.1,,run
2026-09-18T00:54:31+03:00,1789682071,6916,50,3,29.4,36.1,,run
2026-09-18T00:54:36+03:00,1789682076,6921,50,3,29.4,35.2,,run
2026-09-18T00:54:42+03:00,1789682082,6927,50,3,29.4,34.6,,run
2026-09-18T00:54:47+03:00,1789682087,6932,50,3,29.4,34.6,,run
2026-09-18T00:54:53+03:00,1789682093,6938,50,3,29.4,34.3,,run
2026-09-18T00:54:58+03:00,1789682098,6943,50,3,29.4,34.6,,run
2026-09-18T00:55:04+03:00,1789682104,6949,50,3,29.4,34.3,,run
2026-09-18T00:55:09+03:00,1789682109,6954,50,3,29.4,33.7,,run
2026-09-18T00:55:15+03:00,1789682115,6960,50,3,29.4,35.2,,run
2026-09-18T00:55:21+03:00,1789682121,6966,50,3,29.4,39.5,,run
2026-09-18T00:55:26+03:00,1789682126,6971,50,3,29.4,35.8,,run
2026-09-18T00:55:32+03:00,1789682132,6977,50,3,29.4,35.2,,run
2026-09-18T00:55:37+03:00,1789682137,6982,50,3,29.4,34.9,,run
2026-09-18T00:55:43+03:00,1789682143,6988,50,3,29.4,34.9,,run
2026-09-18T00:55:48+03:00,1789682148,6993,50,3,29.4,34.6,,run
2026-09-18T00:55:54+03:00,1789682154,6999,50,3,29.4,35.2,,run
2026-09-18T00:55:59+03:00,1789682159,7004,50,3,29.4,35.2,,run
2026-09-18T00:56:05+03:00,1789682165,7010,50,3,29.4,34.6,,run
2026-09-18T00:56:10+03:00,1789682170,7015,50,3,29.4,34.6,,run
2026-09-18T00:56:16+03:00,1789682176,7021,50,3,29.4,34.3,,run
2026-09-18T00:56:21+03:00,1789682181,7026,50,3,29.4,34.3,,run
2026-09-18T00:56:27+03:00,1789682187,7032,50,3,29.4,34.6,,run
2026-09-18T00:56:32+03:00,1789682192,7037,50,3,29.4,39.2,,run
2026-09-18T00:56:38+03:00,1789682198,7043,50,3,29.4,42.9,,run
2026-09-18T00:56:43+03:00,1789682203,7048,50,3,29.4,42.0,,run
2026-09-18T00:56:49+03:00,1789682209,7054,50,3,29.4,34.6,,run
2026-09-18T00:56:54+03:00,1789682214,7059,50,3,29.4,34.3,,run
2026-09-18T00:57:00+03:00,1789682220,7065,50,3,29.4,34.6,,run
2026-09-18T00:57:05+03:00,1789682225,7070,50,3,29.4,34.3,,run
2026-09-18T00:57:11+03:00,1789682231,7076,50,3,29.4,34.0,,run
2026-09-18T00:57:16+03:00,1789682236,7081,50,3,29.4,34.0,,run
2026-09-18T00:57:22+03:00,1789682242,7087,50,3,29.4,34.6,,run
2026-09-18T00:57:27+03:00,1789682247,7092,50,3,29.4,44.8,,run
2026-09-18T00:57:33+03:00,1789682253,7098,50,3,29.5,45.4,,run
2026-09-18T00:57:38+03:00,1789682258,7103,50,3,29.5,35.2,,run
2026-09-18T00:57:44+03:00,1789682264,7109,50,3,29.5,35.2,,run
2026-09-18T00:57:49+03:00,1789682269,7114,50,3,29.5,35.2,,run
2026-09-18T00:57:55+03:00,1789682275,7120,50,3,29.5,34.3,,run
2026-09-18T00:58:00+03:00,1789682280,7125,50,3,29.5,36.1,,run
2026-09-18T00:58:06+03:00,1789682286,7131,50,3,29.5,34.6,,run
2026-09-18T00:58:11+03:00,1789682291,7136,50,3,29.5,34.3,,run
2026-09-18T00:58:17+03:00,1789682297,7142,50,3,29.5,40.8,,run
2026-09-18T00:58:22+03:00,1789682302,7147,50,3,29.5,34.3,,run
2026-09-18T00:58:28+03:00,1789682308,7153,50,3,29.5,34.6,,run
2026-09-18T00:58:33+03:00,1789682313,7158,50,3,29.5,34.0,,run
2026-09-18T00:58:39+03:00,1789682319,7164,50,3,29.5,34.6,,run
2026-09-18T00:58:44+03:00,1789682324,7169,50,3,29.5,36.1,,run
2026-09-18T00:58:50+03:00,1789682330,7175,50,3,29.5,43.2,,run
2026-09-18T00:58:55+03:00,1789682335,7180,50,3,29.5,38.0,,run
2026-09-18T00:59:01+03:00,1789682341,7186,50,3,29.5,35.2,,run
2026-09-18T00:59:06+03:00,1789682346,7191,50,3,29.5,34.3,,run
2026-09-18T00:59:12+03:00,1789682352,7197,50,3,29.5,34.0,,run
2026-09-18T00:59:17+03:00,1789682357,7202,50,3,29.5,34.6,,run
2026-09-18T00:59:23+03:00,1789682363,7208,50,3,29.5,34.0,,run
2026-09-18T00:59:28+03:00,1789682368,7213,50,3,29.5,34.3,,run
2026-09-18T00:59:34+03:00,1789682374,7219,50,3,29.5,33.7,,run
2026-09-18T00:59:39+03:00,1789682379,7224,50,3,29.5,46.0,,run
2026-09-18T00:59:45+03:00,1789682385,7230,50,3,29.5,37.1,,run
2026-09-18T00:59:50+03:00,1789682390,7235,50,3,29.5,35.5,,run
2026-09-18T00:59:56+03:00,1789682396,7241,50,3,29.5,34.6,,run
2026-09-18T01:00:01+03:00,1789682401,7246,50,3,29.5,35.8,,run
2026-09-18T01:00:07+03:00,1789682407,7252,50,3,29.5,34.6,,run
2026-09-18T01:00:12+03:00,1789682412,7257,50,3,29.5,34.9,,run
2026-09-18T01:00:18+03:00,1789682418,7263,50,3,29.5,34.6,,run
2026-09-18T01:00:23+03:00,1789682423,7268,50,3,29.5,34.0,,run
2026-09-18T01:00:29+03:00,1789682429,7274,50,3,29.5,34.0,,run
2026-09-18T01:00:34+03:00,1789682434,7279,50,3,29.5,34.3,,run
2026-09-18T01:00:40+03:00,1789682440,7285,50,3,29.5,34.3,,run
2026-09-18T01:00:45+03:00,1789682445,7290,50,3,29.5,34.3,,run
2026-09-18T01:00:51+03:00,1789682451,7296,50,3,29.5,34.9,,run
2026-09-18T01:00:56+03:00,1789682456,7301,50,3,29.5,43.6,,run
2026-09-18T01:01:02+03:00,1789682462,7307,50,3,29.5,39.2,,run
2026-09-18T01:01:07+03:00,1789682467,7312,50,3,29.5,41.4,,run
2026-09-18T01:01:13+03:00,1789682473,7318,50,3,29.5,35.5,,run
2026-09-18T01:01:18+03:00,1789682478,7323,50,3,29.5,35.2,,run
2026-09-18T01:01:24+03:00,1789682484,7329,50,3,29.5,34.6,,run
2026-09-18T01:01:29+03:00,1789682489,7334,50,3,29.5,47.3,,run
2026-09-18T01:01:35+03:00,1789682495,7340,50,3,29.5,36.4,,run
2026-09-18T01:01:40+03:00,1789682500,7345,50,3,29.5,35.2,,run
2026-09-18T01:01:46+03:00,1789682506,7351,50,3,29.5,34.9,,run
2026-09-18T01:01:51+03:00,1789682511,7356,50,3,29.5,34.6,,run
2026-09-18T01:01:57+03:00,1789682517,7362,50,3,29.5,34.9,,run
2026-09-18T01:02:02+03:00,1789682522,7367,50,3,29.5,34.6,,run
2026-09-18T01:02:08+03:00,1789682528,7373,50,3,29.5,34.3,,run
2026-09-18T01:02:13+03:00,1789682533,7378,50,3,29.5,34.3,,run
2026-09-18T01:02:19+03:00,1789682539,7384,50,3,29.5,34.3,,run
2026-09-18T01:02:24+03:00,1789682544,7389,50,3,29.5,34.9,,run
2026-09-18T01:02:30+03:00,1789682550,7395,50,3,29.5,34.0,,run
2026-09-18T01:02:35+03:00,1789682555,7400,50,3,29.5,34.6,,run
2026-09-18T01:02:41+03:00,1789682561,7406,50,3,29.5,34.3,,run
2026-09-18T01:02:46+03:00,1789682566,7411,50,3,29.5,42.3,,run
2026-09-18T01:02:52+03:00,1789682572,7417,50,3,29.5,35.5,,run
2026-09-18T01:02:57+03:00,1789682577,7422,50,3,29.5,34.9,,run
2026-09-18T01:03:03+03:00,1789682583,7428,50,3,29.5,34.6,,run
2026-09-18T01:03:08+03:00,1789682588,7433,50,3,29.5,34.0,,run
2026-09-18T01:03:14+03:00,1789682594,7439,50,3,29.5,34.3,,run
2026-09-18T01:03:19+03:00,1789682599,7444,49,3,29.5,34.3,,run
2026-09-18T01:03:25+03:00,1789682605,7450,49,3,29.5,34.3,,run
2026-09-18T01:03:30+03:00,1789682610,7455,49,3,29.5,33.7,,run
2026-09-18T01:03:36+03:00,1789682616,7461,49,3,29.5,34.3,,run
2026-09-18T01:03:41+03:00,1789682621,7466,49,3,29.5,48.5,,run
2026-09-18T01:03:47+03:00,1789682627,7472,49,3,29.5,37.1,,run
2026-09-18T01:03:52+03:00,1789682632,7477,49,3,29.5,35.2,,run
2026-09-18T01:03:58+03:00,1789682638,7483,49,3,29.5,34.9,,run
2026-09-18T01:04:03+03:00,1789682643,7488,49,3,29.5,34.9,,run
2026-09-18T01:04:09+03:00,1789682649,7494,49,3,29.5,34.9,,run
2026-09-18T01:04:14+03:00,1789682654,7499,49,3,29.5,35.2,,run
2026-09-18T01:04:20+03:00,1789682660,7505,49,3,29.5,34.0,,run
2026-09-18T01:04:25+03:00,1789682665,7510,49,3,29.5,34.6,,run
2026-09-18T01:04:31+03:00,1789682671,7516,49,3,29.5,34.3,,run
2026-09-18T01:04:36+03:00,1789682676,7521,49,3,29.5,34.9,,run
2026-09-18T01:04:42+03:00,1789682682,7527,49,3,29.5,34.9,,run
2026-09-18T01:04:47+03:00,1789682687,7532,49,3,29.5,34.3,,run
2026-09-18T01:04:53+03:00,1789682693,7538,49,3,29.5,34.0,,run
2026-09-18T01:04:58+03:00,1789682698,7543,49,3,29.5,48.8,,run
2026-09-18T01:05:04+03:00,1789682704,7549,49,3,29.5,37.1,,run
2026-09-18T01:05:09+03:00,1789682709,7554,49,3,29.5,35.8,,run
2026-09-18T01:05:15+03:00,1789682715,7560,49,3,29.5,34.0,,run
2026-09-18T01:05:20+03:00,1789682720,7565,49,3,29.5,34.9,,run
2026-09-18T01:05:26+03:00,1789682726,7571,49,3,29.5,34.6,,run
2026-09-18T01:05:32+03:00,1789682732,7577,49,3,29.5,34.6,,run
2026-09-18T01:05:37+03:00,1789682737,7582,49,3,29.5,34.6,,run
2026-09-18T01:05:43+03:00,1789682743,7588,49,3,29.5,33.7,,run
2026-09-18T01:05:48+03:00,1789682748,7593,49,3,29.5,34.0,,run
2026-09-18T01:05:54+03:00,1789682754,7599,49,3,29.5,48.8,,run
2026-09-18T01:05:59+03:00,1789682759,7604,49,3,29.5,36.8,,run
2026-09-18T01:06:04+03:00,1789682764,7609,49,3,29.5,35.8,,run
2026-09-18T01:06:10+03:00,1789682770,7615,49,3,29.5,36.8,,run
2026-09-18T01:06:15+03:00,1789682775,7620,49,3,29.5,34.6,,run
2026-09-18T01:06:21+03:00,1789682781,7626,49,3,29.5,34.9,,run
2026-09-18T01:06:26+03:00,1789682786,7631,49,3,29.5,35.8,,run
2026-09-18T01:06:32+03:00,1789682792,7637,49,3,29.5,34.3,,run
2026-09-18T01:06:37+03:00,1789682797,7642,49,3,29.5,34.6,,run
2026-09-18T01:06:43+03:00,1789682803,7648,49,3,29.5,34.6,,run
2026-09-18T01:06:48+03:00,1789682808,7653,49,3,29.5,34.0,,run
2026-09-18T01:06:54+03:00,1789682814,7659,49,3,29.5,34.0,,run
2026-09-18T01:06:59+03:00,1789682819,7664,49,3,29.5,34.3,,run
2026-09-18T01:07:05+03:00,1789682825,7670,49,3,29.5,34.6,,run
2026-09-18T01:07:10+03:00,1789682830,7675,49,3,29.5,48.8,,run
2026-09-18T01:07:16+03:00,1789682836,7681,49,3,29.5,37.1,,run
2026-09-18T01:07:22+03:00,1789682842,7687,49,3,29.5,35.8,,run
2026-09-18T01:07:27+03:00,1789682847,7692,49,3,29.5,34.6,,run
2026-09-18T01:07:33+03:00,1789682853,7698,49,3,29.4,34.9,,run
2026-09-18T01:07:38+03:00,1789682858,7703,49,3,29.4,34.3,,run
2026-09-18T01:07:44+03:00,1789682864,7709,49,3,29.4,39.8,,run
2026-09-18T01:07:49+03:00,1789682869,7714,49,3,29.4,35.5,,run
2026-09-18T01:07:55+03:00,1789682875,7720,49,3,29.4,34.6,,run
2026-09-18T01:08:00+03:00,1789682880,7725,49,3,29.4,34.3,,run
2026-09-18T01:08:06+03:00,1789682886,7731,49,3,29.4,34.6,,run
2026-09-18T01:08:11+03:00,1789682891,7736,49,3,29.4,34.3,,run
2026-09-18T01:08:17+03:00,1789682897,7742,49,3,29.4,39.2,,run
2026-09-18T01:08:22+03:00,1789682902,7747,49,3,29.4,34.6,,run
2026-09-18T01:08:28+03:00,1789682908,7753,49,3,29.4,34.6,,run
2026-09-18T01:08:33+03:00,1789682913,7758,49,3,29.4,34.9,,run
2026-09-18T01:08:39+03:00,1789682919,7764,49,3,29.4,34.0,,run
2026-09-18T01:08:44+03:00,1789682924,7769,49,3,29.4,34.3,,run
2026-09-18T01:08:50+03:00,1789682930,7775,49,3,29.4,34.6,,run
2026-09-18T01:08:55+03:00,1789682935,7780,49,3,29.4,41.1,,run
2026-09-18T01:09:01+03:00,1789682941,7786,49,3,29.4,39.8,,run
2026-09-18T01:09:06+03:00,1789682946,7791,49,3,29.4,34.9,,run
2026-09-18T01:09:12+03:00,1789682952,7797,49,3,29.4,35.2,,run
2026-09-18T01:09:17+03:00,1789682957,7802,49,3,29.4,34.6,,run
2026-09-18T01:09:23+03:00,1789682963,7808,49,3,29.4,34.3,,run
2026-09-18T01:09:28+03:00,1789682968,7813,49,3,29.4,45.1,,run
2026-09-18T01:09:34+03:00,1789682974,7819,49,3,29.4,37.7,,run
2026-09-18T01:09:39+03:00,1789682979,7824,49,3,29.4,35.5,,run
2026-09-18T01:09:45+03:00,1789682985,7830,49,3,29.4,39.2,,run
2026-09-18T01:09:50+03:00,1789682990,7835,49,3,29.4,36.4,,run
2026-09-18T01:09:55+03:00,1789682995,7840,49,3,29.4,36.1,,run
2026-09-18T01:10:01+03:00,1789683001,7846,49,3,29.4,34.6,,run
2026-09-18T01:10:06+03:00,1789683006,7851,49,3,29.4,34.3,,run
2026-09-18T01:10:12+03:00,1789683012,7857,49,3,29.4,34.3,,run
2026-09-18T01:10:17+03:00,1789683017,7862,49,3,29.4,34.3,,run
2026-09-18T01:10:23+03:00,1789683023,7868,49,3,29.4,34.6,,run
2026-09-18T01:10:29+03:00,1789683029,7874,49,3,29.4,34.0,,run
2026-09-18T01:10:34+03:00,1789683034,7879,49,3,29.4,34.6,,run
2026-09-18T01:10:40+03:00,1789683040,7885,49,3,29.4,34.0,,run
2026-09-18T01:10:45+03:00,1789683045,7890,49,3,29.4,44.8,,run
2026-09-18T01:10:51+03:00,1789683051,7896,49,3,29.4,38.3,,run
2026-09-18T01:10:56+03:00,1789683056,7901,49,3,29.4,36.8,,run
2026-09-18T01:11:02+03:00,1789683062,7907,49,3,29.4,35.5,,run
2026-09-18T01:11:07+03:00,1789683067,7912,49,3,29.4,34.9,,run
2026-09-18T01:11:13+03:00,1789683073,7918,49,3,29.4,34.0,,run
2026-09-18T01:11:18+03:00,1789683078,7923,49,3,29.4,34.6,,run
2026-09-18T01:11:24+03:00,1789683084,7929,49,3,29.4,34.3,,run
2026-09-18T01:11:29+03:00,1789683089,7934,49,3,29.4,34.3,,run
2026-09-18T01:11:35+03:00,1789683095,7940,49,3,29.4,34.6,,run
2026-09-18T01:11:40+03:00,1789683100,7945,49,3,29.4,47.9,,run
2026-09-18T01:11:46+03:00,1789683106,7951,49,3,29.4,37.1,,run
2026-09-18T01:11:51+03:00,1789683111,7956,49,3,29.4,35.2,,run
2026-09-18T01:11:57+03:00,1789683117,7962,49,3,29.4,34.9,,run
2026-09-18T01:12:02+03:00,1789683122,7967,49,3,29.4,34.6,,run
2026-09-18T01:12:08+03:00,1789683128,7973,49,3,29.4,40.5,,run
2026-09-18T01:12:13+03:00,1789683133,7978,49,3,29.4,37.1,,run
2026-09-18T01:12:18+03:00,1789683138,7983,49,3,29.4,34.9,,run
2026-09-18T01:12:24+03:00,1789683144,7989,49,3,29.4,35.8,,run
2026-09-18T01:12:29+03:00,1789683149,7994,49,3,29.4,34.9,,run
2026-09-18T01:12:35+03:00,1789683155,8000,49,3,29.4,35.2,,run
2026-09-18T01:12:40+03:00,1789683160,8005,49,3,29.4,34.6,,run
2026-09-18T01:12:46+03:00,1789683166,8011,49,3,29.4,34.9,,run
2026-09-18T01:12:51+03:00,1789683171,8016,49,3,29.4,34.6,,run
2026-09-18T01:12:57+03:00,1789683177,8022,49,3,29.4,42.0,,run
2026-09-18T01:13:02+03:00,1789683182,8027,49,3,29.4,38.0,,run
2026-09-18T01:13:08+03:00,1789683188,8033,49,3,29.4,41.4,,run
2026-09-18T01:13:13+03:00,1789683193,8038,49,3,29.4,35.2,,run
2026-09-18T01:13:19+03:00,1789683199,8044,49,3,29.4,34.9,,run
2026-09-18T01:13:24+03:00,1789683204,8049,49,3,29.4,34.9,,run
2026-09-18T01:13:30+03:00,1789683210,8055,49,3,29.4,34.3,,run
2026-09-18T01:13:35+03:00,1789683215,8060,49,3,29.4,34.0,,run
2026-09-18T01:13:41+03:00,1789683221,8066,49,3,29.4,34.3,,run
2026-09-18T01:13:46+03:00,1789683226,8071,49,3,29.4,34.0,,run
2026-09-18T01:13:52+03:00,1789683232,8077,49,3,29.4,49.1,,run
2026-09-18T01:13:57+03:00,1789683237,8082,49,3,29.4,36.4,,run
2026-09-18T01:14:03+03:00,1789683243,8088,49,3,29.4,35.5,,run
2026-09-18T01:14:08+03:00,1789683248,8093,49,3,29.4,34.9,,run
2026-09-18T01:14:14+03:00,1789683254,8099,49,3,29.4,34.6,,run
2026-09-18T01:14:19+03:00,1789683259,8104,49,3,29.4,35.2,,run
2026-09-18T01:14:25+03:00,1789683265,8110,49,3,29.4,34.3,,run
2026-09-18T01:14:30+03:00,1789683270,8115,49,3,29.4,34.6,,run
2026-09-18T01:14:36+03:00,1789683276,8121,49,3,29.4,34.9,,run
2026-09-18T01:14:41+03:00,1789683281,8126,49,3,29.4,34.9,,run
2026-09-18T01:14:47+03:00,1789683287,8132,49,3,29.4,37.1,,run
2026-09-18T01:14:52+03:00,1789683292,8137,49,3,29.4,34.9,,run
2026-09-18T01:14:58+03:00,1789683298,8143,49,3,29.4,34.9,,run
2026-09-18T01:15:03+03:00,1789683303,8148,49,3,29.4,35.2,,run
2026-09-18T01:15:09+03:00,1789683309,8154,49,3,29.4,46.0,,run
2026-09-18T01:15:14+03:00,1789683314,8159,49,3,29.4,36.4,,run
2026-09-18T01:15:20+03:00,1789683320,8165,49,3,29.4,35.5,,run
2026-09-18T01:15:25+03:00,1789683325,8170,49,3,29.4,34.9,,run
2026-09-18T01:15:31+03:00,1789683331,8176,49,3,29.4,35.2,,run
2026-09-18T01:15:36+03:00,1789683336,8181,49,3,29.4,34.6,,run
2026-09-18T01:15:42+03:00,1789683342,8187,49,3,29.4,34.3,,run
2026-09-18T01:15:47+03:00,1789683347,8192,49,3,29.4,34.6,,run
2026-09-18T01:15:53+03:00,1789683353,8198,49,3,29.4,34.0,,run
2026-09-18T01:15:58+03:00,1789683358,8203,49,3,29.4,47.9,,run
2026-09-18T01:16:04+03:00,1789683364,8209,49,3,29.4,38.3,,run
2026-09-18T01:16:09+03:00,1789683369,8214,49,3,29.4,35.5,,run
2026-09-18T01:16:15+03:00,1789683375,8220,49,3,29.4,35.2,,run
2026-09-18T01:16:20+03:00,1789683380,8225,49,3,29.4,34.6,,run
2026-09-18T01:16:26+03:00,1789683386,8231,49,3,29.4,34.9,,run
2026-09-18T01:16:31+03:00,1789683391,8236,49,3,29.4,34.9,,run
2026-09-18T01:16:37+03:00,1789683397,8242,49,3,29.4,35.2,,run
2026-09-18T01:16:42+03:00,1789683402,8247,49,3,29.4,34.6,,run
2026-09-18T01:16:48+03:00,1789683408,8253,49,3,29.4,34.6,,run
2026-09-18T01:16:53+03:00,1789683413,8258,49,3,29.4,34.6,,run
2026-09-18T01:16:59+03:00,1789683419,8264,49,3,29.4,35.8,,run
2026-09-18T01:17:04+03:00,1789683424,8269,49,3,29.4,35.5,,run
2026-09-18T01:17:10+03:00,1789683430,8275,49,3,29.4,35.2,,run
2026-09-18T01:17:15+03:00,1789683435,8280,49,3,29.4,48.5,,run
2026-09-18T01:17:21+03:00,1789683441,8286,49,3,29.4,36.8,,run
2026-09-18T01:17:26+03:00,1789683446,8291,49,3,29.4,35.2,,run
2026-09-18T01:17:32+03:00,1789683452,8297,49,3,29.4,34.6,,run
2026-09-18T01:17:38+03:00,1789683458,8303,49,3,29.6,34.6,,run
2026-09-18T01:17:43+03:00,1789683463,8308,49,3,29.6,34.6,,run
2026-09-18T01:17:49+03:00,1789683469,8314,49,3,29.6,34.3,,run
2026-09-18T01:17:54+03:00,1789683474,8319,49,3,29.6,34.3,,run
2026-09-18T01:18:00+03:00,1789683480,8325,49,3,29.6,34.0,,run
2026-09-18T01:18:05+03:00,1789683485,8330,49,3,29.6,47.6,,run
2026-09-18T01:18:11+03:00,1789683491,8336,49,3,29.6,36.8,,run
2026-09-18T01:18:16+03:00,1789683496,8341,49,3,29.6,35.5,,run
2026-09-18T01:18:22+03:00,1789683502,8347,49,3,29.6,34.9,,run
2026-09-18T01:18:27+03:00,1789683507,8352,49,3,29.6,34.3,,run
2026-09-18T01:18:33+03:00,1789683513,8358,49,3,29.6,34.6,,run
2026-09-18T01:18:38+03:00,1789683518,8363,49,3,29.6,35.5,,run
2026-09-18T01:18:44+03:00,1789683524,8369,49,3,29.6,34.3,,run
2026-09-18T01:18:49+03:00,1789683529,8374,49,3,29.6,34.6,,run
2026-09-18T01:18:55+03:00,1789683535,8380,49,3,29.6,34.3,,run
2026-09-18T01:19:00+03:00,1789683540,8385,49,3,29.6,35.2,,run
2026-09-18T01:19:06+03:00,1789683546,8391,49,3,29.6,34.9,,run
2026-09-18T01:19:11+03:00,1789683551,8396,49,3,29.6,35.5,,run
2026-09-18T01:19:17+03:00,1789683557,8402,49,3,29.6,34.9,,run
2026-09-18T01:19:22+03:00,1789683562,8407,48,3,29.6,51.0,,run
2026-09-18T01:19:28+03:00,1789683568,8413,48,3,29.6,37.4,,run
2026-09-18T01:19:33+03:00,1789683573,8418,48,3,29.6,35.8,,run
2026-09-18T01:19:39+03:00,1789683579,8424,48,3,29.6,35.2,,run
2026-09-18T01:19:44+03:00,1789683584,8429,48,3,29.6,34.6,,run
2026-09-18T01:19:50+03:00,1789683590,8435,48,3,29.6,34.9,,run
2026-09-18T01:19:55+03:00,1789683595,8440,48,3,29.6,34.6,,run
2026-09-18T01:20:01+03:00,1789683601,8446,48,3,29.6,34.6,,run
2026-09-18T01:20:06+03:00,1789683606,8451,48,3,29.6,33.7,,run
2026-09-18T01:20:12+03:00,1789683612,8457,48,3,29.6,46.7,,run
2026-09-18T01:20:18+03:00,1789683618,8463,48,3,29.6,37.7,,run
2026-09-18T01:20:23+03:00,1789683623,8468,48,3,29.6,35.5,,run
2026-09-18T01:20:29+03:00,1789683629,8474,48,3,29.6,34.9,,run
2026-09-18T01:20:34+03:00,1789683634,8479,48,3,29.6,34.9,,run
2026-09-18T01:20:40+03:00,1789683640,8485,48,3,29.6,34.6,,run
2026-09-18T01:20:45+03:00,1789683645,8490,48,3,29.6,35.2,,run
2026-09-18T01:20:51+03:00,1789683651,8496,48,3,29.6,34.6,,run
2026-09-18T01:20:56+03:00,1789683656,8501,48,3,29.6,34.3,,run
2026-09-18T01:21:02+03:00,1789683662,8507,48,3,29.6,35.2,,run
2026-09-18T01:21:07+03:00,1789683667,8512,48,3,29.6,35.2,,run
2026-09-18T01:21:13+03:00,1789683673,8518,48,3,29.6,34.9,,run
2026-09-18T01:21:18+03:00,1789683678,8523,48,3,29.6,34.3,,run
2026-09-18T01:21:24+03:00,1789683684,8529,48,3,29.6,34.6,,run
2026-09-18T01:21:29+03:00,1789683689,8534,48,3,29.6,45.4,,run
2026-09-18T01:21:35+03:00,1789683695,8540,48,3,29.6,38.6,,run
2026-09-18T01:21:40+03:00,1789683700,8545,48,3,29.6,37.1,,run
2026-09-18T01:21:46+03:00,1789683706,8551,48,3,29.6,35.8,,run
2026-09-18T01:21:51+03:00,1789683711,8556,48,3,29.6,34.9,,run
2026-09-18T01:21:57+03:00,1789683717,8562,48,3,29.6,38.9,,run
2026-09-18T01:22:02+03:00,1789683722,8567,48,3,29.6,38.3,,run
2026-09-18T01:22:08+03:00,1789683728,8573,48,3,29.6,36.1,,run
2026-09-18T01:22:13+03:00,1789683733,8578,48,3,29.6,35.2,,run
2026-09-18T01:22:19+03:00,1789683739,8584,48,3,29.6,34.9,,run
2026-09-18T01:22:24+03:00,1789683744,8589,48,3,29.6,34.9,,run
2026-09-18T01:22:30+03:00,1789683750,8595,48,3,29.6,35.2,,run
2026-09-18T01:22:35+03:00,1789683755,8600,48,3,29.6,35.2,,run
2026-09-18T01:22:41+03:00,1789683761,8606,48,3,29.6,34.6,,run
2026-09-18T01:22:46+03:00,1789683766,8611,48,3,29.6,34.6,,run
2026-09-18T01:22:52+03:00,1789683772,8617,48,3,29.6,34.6,,run
2026-09-18T01:22:57+03:00,1789683777,8622,48,3,29.6,35.2,,run
2026-09-18T01:23:03+03:00,1789683783,8628,48,3,29.6,34.3,,run
2026-09-18T01:23:08+03:00,1789683788,8633,48,3,29.6,34.3,,run
2026-09-18T01:23:14+03:00,1789683794,8639,48,3,29.6,42.6,,run
2026-09-18T01:23:19+03:00,1789683799,8644,48,3,29.6,42.0,,run
2026-09-18T01:23:25+03:00,1789683805,8650,48,3,29.6,43.6,,run
2026-09-18T01:23:30+03:00,1789683810,8655,48,3,29.6,34.9,,run
2026-09-18T01:23:36+03:00,1789683816,8661,48,3,29.6,34.6,,run
2026-09-18T01:23:41+03:00,1789683821,8666,48,3,29.6,34.0,,run
2026-09-18T01:23:47+03:00,1789683827,8672,48,3,29.6,34.9,,run
2026-09-18T01:23:52+03:00,1789683832,8677,48,3,29.6,34.0,,run
2026-09-18T01:23:58+03:00,1789683838,8683,48,3,29.6,34.0,,run
2026-09-18T01:24:03+03:00,1789683843,8688,48,3,29.6,36.1,,run
2026-09-18T01:24:09+03:00,1789683849,8694,48,3,29.6,42.6,,run
2026-09-18T01:24:14+03:00,1789683854,8699,48,3,29.6,35.8,,run
2026-09-18T01:24:20+03:00,1789683860,8705,48,3,29.6,34.9,,run
2026-09-18T01:24:25+03:00,1789683865,8710,48,3,29.6,34.6,,run
2026-09-18T01:24:31+03:00,1789683871,8716,48,3,29.6,34.6,,run
2026-09-18T01:24:37+03:00,1789683877,8722,48,3,29.6,34.3,,run
2026-09-18T01:24:42+03:00,1789683882,8727,48,3,29.6,35.5,,run
2026-09-18T01:24:48+03:00,1789683888,8733,48,3,29.6,34.3,,run
2026-09-18T01:24:53+03:00,1789683893,8738,48,3,29.6,34.9,,run
2026-09-18T01:24:59+03:00,1789683899,8744,48,3,29.6,34.3,,run
2026-09-18T01:25:04+03:00,1789683904,8749,48,3,29.6,34.6,,run
2026-09-18T01:25:10+03:00,1789683910,8755,48,3,29.6,34.3,,run
2026-09-18T01:25:15+03:00,1789683915,8760,48,3,29.6,34.3,,run
2026-09-18T01:25:21+03:00,1789683921,8766,48,3,29.6,39.8,,run
2026-09-18T01:25:26+03:00,1789683926,8771,48,3,29.6,40.2,,run
2026-09-18T01:25:31+03:00,1789683931,8776,48,3,29.6,35.2,,run
2026-09-18T01:25:37+03:00,1789683937,8782,48,3,29.6,35.5,,run
2026-09-18T01:25:42+03:00,1789683942,8787,48,3,29.6,34.6,,run
2026-09-18T01:25:48+03:00,1789683948,8793,48,3,29.6,34.3,,run
2026-09-18T01:25:53+03:00,1789683953,8798,48,3,29.6,47.0,,run
2026-09-18T01:25:59+03:00,1789683959,8804,48,3,29.6,36.1,,run
2026-09-18T01:26:04+03:00,1789683964,8809,48,3,29.6,35.8,,run
2026-09-18T01:26:10+03:00,1789683970,8815,48,3,29.6,35.2,,run
2026-09-18T01:26:15+03:00,1789683975,8820,48,3,29.6,34.9,,run
2026-09-18T01:26:21+03:00,1789683981,8826,48,3,29.6,34.3,,run
2026-09-18T01:26:26+03:00,1789683986,8831,48,3,29.6,34.9,,run
2026-09-18T01:26:32+03:00,1789683992,8837,48,3,29.6,34.9,,run
2026-09-18T01:26:37+03:00,1789683997,8842,48,3,29.6,35.2,,run
2026-09-18T01:26:43+03:00,1789684003,8848,48,3,29.6,34.6,,run
2026-09-18T01:26:48+03:00,1789684008,8853,48,3,29.6,34.3,,run
2026-09-18T01:26:54+03:00,1789684014,8859,48,3,29.6,34.3,,run
2026-09-18T01:26:59+03:00,1789684019,8864,48,3,29.6,34.3,,run
2026-09-18T01:27:05+03:00,1789684025,8870,48,3,29.6,34.0,,run
2026-09-18T01:27:10+03:00,1789684030,8875,48,3,29.6,46.7,,run
2026-09-18T01:27:16+03:00,1789684036,8881,48,3,29.6,36.1,,run
2026-09-18T01:27:21+03:00,1789684041,8886,48,3,29.6,35.5,,run
2026-09-18T01:27:27+03:00,1789684047,8892,48,3,29.6,36.1,,run
2026-09-18T01:27:32+03:00,1789684052,8897,48,3,29.5,34.9,,run
2026-09-18T01:27:38+03:00,1789684058,8903,48,3,29.5,45.4,,run
2026-09-18T01:27:43+03:00,1789684063,8908,48,3,29.5,37.7,,run
2026-09-18T01:27:49+03:00,1789684069,8914,48,3,29.5,35.5,,run
2026-09-18T01:27:54+03:00,1789684074,8919,48,3,29.5,35.5,,run
2026-09-18T01:28:00+03:00,1789684080,8925,48,3,29.5,35.2,,run
2026-09-18T01:28:05+03:00,1789684085,8930,48,3,29.5,34.6,,run
2026-09-18T01:28:11+03:00,1789684091,8936,48,3,29.5,36.4,,run
2026-09-18T01:28:16+03:00,1789684096,8941,48,3,29.5,34.6,,run
2026-09-18T01:28:22+03:00,1789684102,8947,48,3,29.5,34.6,,run
2026-09-18T01:28:27+03:00,1789684107,8952,48,3,29.5,37.1,,run
2026-09-18T01:28:32+03:00,1789684112,8957,48,3,29.5,35.8,,run
2026-09-18T01:28:38+03:00,1789684118,8963,48,3,29.5,35.8,,run
2026-09-18T01:28:43+03:00,1789684123,8968,48,3,29.5,34.9,,run
2026-09-18T01:28:49+03:00,1789684129,8974,48,3,29.5,34.6,,run
2026-09-18T01:28:54+03:00,1789684134,8979,48,3,29.5,45.4,,run
2026-09-18T01:29:00+03:00,1789684140,8985,48,3,29.5,38.3,,run
2026-09-18T01:29:06+03:00,1789684146,8991,48,3,29.5,35.8,,run
2026-09-18T01:29:11+03:00,1789684151,8996,48,3,29.5,35.2,,run
2026-09-18T01:29:17+03:00,1789684157,9002,48,3,29.5,34.9,,run
2026-09-18T01:29:22+03:00,1789684162,9007,48,3,29.5,37.1,,run
2026-09-18T01:29:28+03:00,1789684168,9013,48,3,29.5,39.5,,run
2026-09-18T01:29:33+03:00,1789684173,9018,48,3,29.5,35.8,,run
2026-09-18T01:29:39+03:00,1789684179,9024,48,3,29.5,35.2,,run
2026-09-18T01:29:44+03:00,1789684184,9029,48,3,29.5,34.9,,run
2026-09-18T01:29:50+03:00,1789684190,9035,48,3,29.5,34.9,,run
2026-09-18T01:29:55+03:00,1789684195,9040,48,3,29.5,34.9,,run
2026-09-18T01:30:01+03:00,1789684201,9046,48,3,29.5,34.9,,run
2026-09-18T01:30:06+03:00,1789684206,9051,48,3,29.5,35.2,,run
2026-09-18T01:30:12+03:00,1789684212,9057,48,3,29.5,34.6,,run
2026-09-18T01:30:17+03:00,1789684217,9062,48,3,29.5,35.2,,run
2026-09-18T01:30:23+03:00,1789684223,9068,48,3,29.5,35.5,,run
2026-09-18T01:30:28+03:00,1789684228,9073,48,3,29.5,34.3,,run
2026-09-18T01:30:34+03:00,1789684234,9079,48,3,29.5,34.9,,run
2026-09-18T01:30:39+03:00,1789684239,9084,48,3,29.5,41.1,,run
2026-09-18T01:30:45+03:00,1789684245,9090,48,3,29.5,42.6,,run
2026-09-18T01:30:50+03:00,1789684250,9095,48,3,29.5,42.0,,run
2026-09-18T01:30:55+03:00,1789684255,9100,48,3,29.5,36.1,,run
2026-09-18T01:31:01+03:00,1789684261,9106,48,3,29.5,34.6,,run
2026-09-18T01:31:07+03:00,1789684267,9112,48,3,29.5,34.3,,run
2026-09-18T01:31:12+03:00,1789684272,9117,48,3,29.5,34.6,,run
2026-09-18T01:31:18+03:00,1789684278,9123,48,3,29.5,34.0,,run
2026-09-18T01:31:23+03:00,1789684283,9128,48,3,29.5,34.0,,run
2026-09-18T01:31:29+03:00,1789684289,9134,48,3,29.5,34.0,,run
2026-09-18T01:31:34+03:00,1789684294,9139,48,3,29.5,50.1,,run
2026-09-18T01:31:39+03:00,1789684299,9144,48,3,29.5,36.1,,run
2026-09-18T01:31:45+03:00,1789684305,9150,48,3,29.5,35.5,,run
2026-09-18T01:31:50+03:00,1789684310,9155,48,3,29.5,34.9,,run
2026-09-18T01:31:56+03:00,1789684316,9161,48,3,29.5,34.6,,run
2026-09-18T01:32:01+03:00,1789684321,9166,48,3,29.5,34.9,,run
2026-09-18T01:32:07+03:00,1789684327,9172,48,3,29.5,37.1,,run
2026-09-18T01:32:12+03:00,1789684332,9177,48,3,29.5,34.9,,run
2026-09-18T01:32:18+03:00,1789684338,9183,48,3,29.5,34.9,,run
2026-09-18T01:32:23+03:00,1789684343,9188,48,3,29.5,34.6,,run
2026-09-18T01:32:29+03:00,1789684349,9194,48,3,29.5,34.3,,run
2026-09-18T01:32:34+03:00,1789684354,9199,48,3,29.5,35.5,,run
2026-09-18T01:32:40+03:00,1789684360,9205,48,3,29.5,34.9,,run
2026-09-18T01:32:45+03:00,1789684365,9210,48,3,29.5,40.5,,run
2026-09-18T01:32:51+03:00,1789684371,9216,48,3,29.5,46.7,,run
2026-09-18T01:32:56+03:00,1789684376,9221,48,3,29.5,35.8,,run
2026-09-18T01:33:02+03:00,1789684382,9227,48,3,29.5,35.2,,run
2026-09-18T01:33:07+03:00,1789684387,9232,48,3,29.5,34.6,,run
2026-09-18T01:33:13+03:00,1789684393,9238,48,3,29.5,34.0,,run
2026-09-18T01:33:18+03:00,1789684398,9243,48,3,29.5,35.5,,run
2026-09-18T01:33:24+03:00,1789684404,9249,48,3,29.5,34.9,,run
2026-09-18T01:33:29+03:00,1789684409,9254,48,3,29.5,34.0,,run
2026-09-18T01:33:35+03:00,1789684415,9260,48,3,29.5,34.0,,run
2026-09-18T01:33:40+03:00,1789684420,9265,48,3,29.5,49.1,,run
2026-09-18T01:33:46+03:00,1789684426,9271,48,3,29.5,36.1,,run
2026-09-18T01:33:51+03:00,1789684431,9276,48,3,29.5,35.5,,run
2026-09-18T01:33:57+03:00,1789684437,9282,48,3,29.5,34.6,,run
2026-09-18T01:34:02+03:00,1789684442,9287,48,3,29.5,34.9,,run
2026-09-18T01:34:08+03:00,1789684448,9293,48,3,29.5,34.6,,run
2026-09-18T01:34:13+03:00,1789684453,9298,48,3,29.5,34.9,,run
2026-09-18T01:34:19+03:00,1789684459,9304,48,3,29.5,35.2,,run
2026-09-18T01:34:24+03:00,1789684464,9309,48,3,29.5,34.3,,run
2026-09-18T01:34:30+03:00,1789684470,9315,48,3,29.5,34.6,,run
2026-09-18T01:34:35+03:00,1789684475,9320,48,3,29.5,34.3,,run
2026-09-18T01:34:41+03:00,1789684481,9326,48,3,29.5,34.9,,run
2026-09-18T01:34:46+03:00,1789684486,9331,48,3,29.5,34.6,,run
2026-09-18T01:34:52+03:00,1789684492,9337,48,3,29.5,34.3,,run
2026-09-18T01:34:57+03:00,1789684497,9342,48,3,29.5,46.0,,run
2026-09-18T01:35:03+03:00,1789684503,9348,48,3,29.5,35.8,,run
2026-09-18T01:35:08+03:00,1789684508,9353,48,3,29.5,35.5,,run
2026-09-18T01:35:14+03:00,1789684514,9359,48,3,29.5,34.6,,run
2026-09-18T01:35:19+03:00,1789684519,9364,48,3,29.5,34.3,,run
2026-09-18T01:35:25+03:00,1789684525,9370,47,3,29.5,34.6,,run
2026-09-18T01:35:30+03:00,1789684530,9375,47,3,29.5,36.1,,run
2026-09-18T01:35:36+03:00,1789684536,9381,47,3,29.5,34.6,,run
2026-09-18T01:35:41+03:00,1789684541,9386,47,3,29.5,34.6,,run
2026-09-18T01:35:47+03:00,1789684547,9392,47,3,29.5,48.2,,run
2026-09-18T01:35:52+03:00,1789684552,9397,47,3,29.5,36.8,,run
2026-09-18T01:35:58+03:00,1789684558,9403,47,3,29.5,35.2,,run
2026-09-18T01:36:03+03:00,1789684563,9408,47,3,29.5,34.9,,run
2026-09-18T01:36:09+03:00,1789684569,9414,47,3,29.5,35.2,,run
2026-09-18T01:36:14+03:00,1789684574,9419,47,3,29.5,34.6,,run
2026-09-18T01:36:20+03:00,1789684580,9425,47,3,29.5,34.9,,run
2026-09-18T01:36:25+03:00,1789684585,9430,47,3,29.5,34.9,,run
2026-09-18T01:36:31+03:00,1789684591,9436,47,3,29.5,34.9,,run
2026-09-18T01:36:36+03:00,1789684596,9441,47,3,29.5,34.9,,run
2026-09-18T01:36:42+03:00,1789684602,9447,47,3,29.5,34.0,,run
2026-09-18T01:36:47+03:00,1789684607,9452,47,3,29.5,41.1,,run
2026-09-18T01:36:52+03:00,1789684612,9457,47,3,29.5,34.9,,run
2026-09-18T01:36:58+03:00,1789684618,9463,47,3,29.5,34.9,,run
2026-09-18T01:37:03+03:00,1789684623,9468,47,3,29.5,51.0,,run
2026-09-18T01:37:09+03:00,1789684629,9474,47,3,29.5,37.4,,run
2026-09-18T01:37:15+03:00,1789684635,9480,47,3,29.5,35.5,,run
2026-09-18T01:37:20+03:00,1789684640,9485,47,3,29.5,34.9,,run
2026-09-18T01:37:26+03:00,1789684646,9491,47,3,29.5,35.2,,run
2026-09-18T01:37:31+03:00,1789684651,9496,47,3,29.5,46.0,,run
2026-09-18T01:37:37+03:00,1789684657,9502,47,3,29.7,38.6,,run
2026-09-18T01:37:42+03:00,1789684662,9507,47,3,29.7,35.8,,run
2026-09-18T01:37:48+03:00,1789684668,9513,47,3,29.7,35.2,,run
2026-09-18T01:37:53+03:00,1789684673,9518,47,3,29.7,34.9,,run
2026-09-18T01:37:59+03:00,1789684679,9524,47,3,29.7,35.2,,run
2026-09-18T01:38:04+03:00,1789684684,9529,47,3,29.7,35.8,,run
2026-09-18T01:38:10+03:00,1789684690,9535,47,3,29.7,34.3,,run
2026-09-18T01:38:15+03:00,1789684695,9540,47,3,29.7,34.9,,run
2026-09-18T01:38:21+03:00,1789684701,9546,47,3,29.7,35.8,,run
2026-09-18T01:38:26+03:00,1789684706,9551,47,3,29.7,35.2,,run
2026-09-18T01:38:32+03:00,1789684712,9557,47,3,29.7,35.2,,run
2026-09-18T01:38:37+03:00,1789684717,9562,47,3,29.7,35.8,,run
2026-09-18T01:38:43+03:00,1789684723,9568,47,3,29.7,34.9,,run
2026-09-18T01:38:48+03:00,1789684728,9573,47,3,29.7,45.4,,run
2026-09-18T01:38:54+03:00,1789684734,9579,47,3,29.7,37.7,,run
2026-09-18T01:38:59+03:00,1789684739,9584,47,3,29.7,35.8,,run
2026-09-18T01:39:05+03:00,1789684745,9590,47,3,29.7,34.9,,run
2026-09-18T01:39:10+03:00,1789684750,9595,47,3,29.7,35.2,,run
2026-09-18T01:39:16+03:00,1789684756,9601,47,3,29.7,34.3,,run
2026-09-18T01:39:21+03:00,1789684761,9606,47,3,29.7,34.3,,run
2026-09-18T01:39:27+03:00,1789684767,9612,47,3,29.7,34.9,,run
2026-09-18T01:39:32+03:00,1789684772,9617,47,3,29.7,34.9,,run
2026-09-18T01:39:38+03:00,1789684778,9623,47,3,29.7,45.1,,run
2026-09-18T01:39:43+03:00,1789684783,9628,47,3,29.7,41.7,,run
2026-09-18T01:39:49+03:00,1789684789,9634,47,3,29.7,35.8,,run
2026-09-18T01:39:54+03:00,1789684794,9639,47,3,29.7,35.5,,run
2026-09-18T01:40:00+03:00,1789684800,9645,47,3,29.7,36.1,,run
2026-09-18T01:40:05+03:00,1789684805,9650,47,3,29.7,34.9,,run
2026-09-18T01:40:11+03:00,1789684811,9656,47,3,29.7,34.9,,run
2026-09-18T01:40:16+03:00,1789684816,9661,47,3,29.7,34.9,,run
2026-09-18T01:40:22+03:00,1789684822,9667,47,3,29.7,34.6,,run
2026-09-18T01:40:27+03:00,1789684827,9672,47,3,29.7,34.9,,run
2026-09-18T01:40:33+03:00,1789684833,9678,47,3,29.7,34.9,,run
2026-09-18T01:40:39+03:00,1789684839,9684,47,3,29.7,34.3,,run
2026-09-18T01:40:44+03:00,1789684844,9689,47,3,29.7,34.6,,run
2026-09-18T01:40:50+03:00,1789684850,9695,47,3,29.7,34.6,,run
2026-09-18T01:40:55+03:00,1789684855,9700,47,3,29.7,36.4,,run
2026-09-18T01:41:01+03:00,1789684861,9706,47,3,29.7,39.5,,run
2026-09-18T01:41:06+03:00,1789684866,9711,47,3,29.7,36.8,,run
2026-09-18T01:41:11+03:00,1789684871,9716,47,3,29.7,34.9,,run
2026-09-18T01:41:17+03:00,1789684877,9722,47,3,29.7,35.8,,run
2026-09-18T01:41:22+03:00,1789684882,9727,47,3,29.7,36.1,,run
2026-09-18T01:41:28+03:00,1789684888,9733,47,3,29.7,41.1,,run
2026-09-18T01:41:34+03:00,1789684894,9739,47,3,29.7,36.1,,run
2026-09-18T01:41:39+03:00,1789684899,9744,47,3,29.7,35.8,,run
2026-09-18T01:41:45+03:00,1789684905,9750,47,3,29.7,34.9,,run
2026-09-18T01:41:50+03:00,1789684910,9755,47,3,29.7,34.9,,run
2026-09-18T01:41:56+03:00,1789684916,9761,47,3,29.7,34.6,,run
2026-09-18T01:42:01+03:00,1789684921,9766,47,3,29.7,35.2,,run
2026-09-18T01:42:07+03:00,1789684927,9772,47,3,29.7,34.9,,run
2026-09-18T01:42:12+03:00,1789684932,9777,47,3,29.7,34.3,,run
2026-09-18T01:42:18+03:00,1789684938,9783,47,3,29.7,34.3,,run
2026-09-18T01:42:23+03:00,1789684943,9788,47,3,29.7,34.6,,run
2026-09-18T01:42:29+03:00,1789684949,9794,47,3,29.7,34.6,,run
2026-09-18T01:42:34+03:00,1789684954,9799,47,3,29.7,34.6,,run
2026-09-18T01:42:40+03:00,1789684960,9805,47,3,29.7,41.4,,run
2026-09-18T01:42:45+03:00,1789684965,9810,47,3,29.7,42.6,,run
2026-09-18T01:42:50+03:00,1789684970,9815,47,3,29.7,42.0,,run
2026-09-18T01:42:56+03:00,1789684976,9821,47,3,29.7,35.2,,run
2026-09-18T01:43:01+03:00,1789684981,9826,47,3,29.7,35.5,,run
2026-09-18T01:43:07+03:00,1789684987,9832,47,3,29.7,34.3,,run
2026-09-18T01:43:12+03:00,1789684992,9837,47,3,29.7,36.1,,run
2026-09-18T01:43:18+03:00,1789684998,9843,47,3,29.7,34.6,,run
2026-09-18T01:43:23+03:00,1789685003,9848,47,3,29.7,34.3,,run
2026-09-18T01:43:29+03:00,1789685009,9854,47,3,29.7,34.6,,run
2026-09-18T01:43:34+03:00,1789685014,9859,47,3,29.7,49.7,,run
2026-09-18T01:43:40+03:00,1789685020,9865,47,3,29.7,36.1,,run
2026-09-18T01:43:45+03:00,1789685025,9870,47,3,29.7,35.5,,run
2026-09-18T01:43:51+03:00,1789685031,9876,47,3,29.7,34.9,,run
2026-09-18T01:43:56+03:00,1789685036,9881,47,3,29.7,34.9,,run
2026-09-18T01:44:02+03:00,1789685042,9887,47,3,29.7,34.6,,run
2026-09-18T01:44:07+03:00,1789685047,9892,47,3,29.7,34.9,,run
2026-09-18T01:44:13+03:00,1789685053,9898,47,3,29.7,34.6,,run
2026-09-18T01:44:18+03:00,1789685058,9903,47,3,29.7,34.3,,run
2026-09-18T01:44:24+03:00,1789685064,9909,47,3,29.7,34.3,,run
2026-09-18T01:44:29+03:00,1789685069,9914,47,3,29.7,34.3,,run
2026-09-18T01:44:35+03:00,1789685075,9920,47,3,29.7,36.1,,run
2026-09-18T01:44:40+03:00,1789685080,9925,47,3,29.7,34.9,,run
2026-09-18T01:44:46+03:00,1789685086,9931,47,3,29.7,41.1,,run
2026-09-18T01:44:51+03:00,1789685091,9936,47,3,29.7,44.2,,run
2026-09-18T01:44:57+03:00,1789685097,9942,47,3,29.7,37.4,,run
2026-09-18T01:45:02+03:00,1789685102,9947,47,3,29.7,35.2,,run
2026-09-18T01:45:08+03:00,1789685108,9953,47,3,29.7,34.6,,run
2026-09-18T01:45:13+03:00,1789685113,9958,47,3,29.7,34.6,,run
2026-09-18T01:45:19+03:00,1789685119,9964,47,3,29.7,49.4,,run
2026-09-18T01:45:24+03:00,1789685124,9969,47,3,29.7,37.1,,run
2026-09-18T01:45:29+03:00,1789685129,9974,47,3,29.7,38.0,,run
2026-09-18T01:45:35+03:00,1789685135,9980,47,3,29.7,35.5,,run
2026-09-18T01:45:40+03:00,1789685140,9985,47,3,29.7,35.2,,run
2026-09-18T01:45:46+03:00,1789685146,9991,47,3,29.7,34.6,,run
2026-09-18T01:45:51+03:00,1789685151,9996,47,3,29.7,34.6,,run
2026-09-18T01:45:57+03:00,1789685157,10002,47,3,29.7,35.5,,run
2026-09-18T01:46:02+03:00,1789685162,10007,47,3,29.7,35.8,,run
2026-09-18T01:46:08+03:00,1789685168,10013,47,3,29.7,34.9,,run
2026-09-18T01:46:13+03:00,1789685173,10018,47,3,29.7,34.6,,run
2026-09-18T01:46:19+03:00,1789685179,10024,47,3,29.7,34.6,,run
2026-09-18T01:46:24+03:00,1789685184,10029,47,3,29.7,34.9,,run
2026-09-18T01:46:30+03:00,1789685190,10035,47,3,29.7,34.6,,run
2026-09-18T01:46:35+03:00,1789685195,10040,47,3,29.7,48.5,,run
2026-09-18T01:46:41+03:00,1789685201,10046,47,3,29.7,35.8,,run
2026-09-18T01:46:46+03:00,1789685206,10051,47,3,29.7,35.2,,run
2026-09-18T01:46:52+03:00,1789685212,10057,47,3,29.7,35.2,,run
2026-09-18T01:46:57+03:00,1789685217,10062,47,3,29.6,34.9,,run
2026-09-18T01:47:03+03:00,1789685223,10068,47,3,29.6,35.5,,run
2026-09-18T01:47:08+03:00,1789685228,10073,47,3,29.6,34.9,,run
2026-09-18T01:47:14+03:00,1789685234,10079,47,3,29.6,34.3,,run
2026-09-18T01:47:19+03:00,1789685239,10084,47,3,29.6,34.9,,run
2026-09-18T01:47:25+03:00,1789685245,10090,47,3,29.6,48.8,,run
2026-09-18T01:47:30+03:00,1789685250,10095,47,3,29.6,36.8,,run
2026-09-18T01:47:36+03:00,1789685256,10101,47,3,29.6,34.9,,run
2026-09-18T01:47:41+03:00,1789685261,10106,47,3,29.6,35.8,,run
2026-09-18T01:47:47+03:00,1789685267,10112,47,3,29.6,34.9,,run
2026-09-18T01:47:52+03:00,1789685272,10117,47,3,29.6,34.9,,run
2026-09-18T01:47:58+03:00,1789685278,10123,47,3,29.6,34.9,,run
2026-09-18T01:48:03+03:00,1789685283,10128,47,3,29.6,34.9,,run
2026-09-18T01:48:09+03:00,1789685289,10134,47,3,29.6,34.9,,run
2026-09-18T01:48:14+03:00,1789685294,10139,47,3,29.6,34.3,,run
2026-09-18T01:48:20+03:00,1789685300,10145,47,3,29.6,34.3,,run
2026-09-18T01:48:25+03:00,1789685305,10150,47,3,29.6,34.9,,run
2026-09-18T01:48:31+03:00,1789685311,10156,47,3,29.6,34.6,,run
2026-09-18T01:48:36+03:00,1789685316,10161,47,3,29.6,34.6,,run
2026-09-18T01:48:42+03:00,1789685322,10167,47,3,29.6,47.9,,run
2026-09-18T01:48:47+03:00,1789685327,10172,47,3,29.6,37.7,,run
2026-09-18T01:48:53+03:00,1789685333,10178,47,3,29.6,36.1,,run
2026-09-18T01:48:59+03:00,1789685339,10184,47,3,29.6,34.6,,run
2026-09-18T01:49:04+03:00,1789685344,10189,47,3,29.6,34.9,,run
2026-09-18T01:49:10+03:00,1789685350,10195,47,3,29.6,46.0,,run
2026-09-18T01:49:15+03:00,1789685355,10200,47,3,29.6,37.7,,run
2026-09-18T01:49:21+03:00,1789685361,10206,46,3,29.7,35.8,,run
2026-09-18T01:49:26+03:00,1789685366,10211,46,3,29.7,35.5,,run
2026-09-18T01:49:32+03:00,1789685372,10217,46,3,29.7,35.5,,run
2026-09-18T01:49:37+03:00,1789685377,10222,46,3,29.7,35.5,,run
2026-09-18T01:49:43+03:00,1789685383,10228,46,3,29.7,34.9,,run
2026-09-18T01:49:48+03:00,1789685388,10233,46,3,29.7,34.9,,run
2026-09-18T01:49:54+03:00,1789685394,10239,46,3,29.7,34.9,,run
2026-09-18T01:49:59+03:00,1789685399,10244,46,3,29.7,34.6,,run
2026-09-18T01:50:05+03:00,1789685405,10250,46,3,29.7,34.6,,run
2026-09-18T01:50:10+03:00,1789685410,10255,46,3,29.7,34.3,,run
2026-09-18T01:50:16+03:00,1789685416,10261,46,3,29.7,34.3,,run
2026-09-18T01:50:21+03:00,1789685421,10266,46,3,29.7,34.3,,run
2026-09-18T01:50:27+03:00,1789685427,10272,46,3,29.7,40.5,,run
2026-09-18T01:50:32+03:00,1789685432,10277,46,3,29.7,38.6,,run
2026-09-18T01:50:38+03:00,1789685438,10283,46,3,29.7,34.9,,end
