iso_ts,epoch,elapsed_s,batt_level,batt_status,batt_temp_c,soc_temp_c,current_ma,event
2026-08-02T07:29:07+03:00,1785644947,0,84,3,29.8,48.2,,run
2026-08-02T07:29:12+03:00,1785644952,5,84,3,29.8,40.2,,run
2026-08-02T07:29:18+03:00,1785644958,11,84,3,29.8,39.2,,run
2026-08-02T07:29:23+03:00,1785644963,16,84,3,29.8,46.7,,run
2026-08-02T07:29:29+03:00,1785644969,22,84,3,29.8,43.9,,run
2026-08-02T07:29:34+03:00,1785644974,27,84,3,29.8,40.8,,run
2026-08-02T07:29:39+03:00,1785644979,32,84,3,29.8,38.9,,run
2026-08-02T07:29:45+03:00,1785644985,38,84,3,29.8,50.4,,run
2026-08-02T07:29:50+03:00,1785644990,43,84,3,29.8,44.5,,run
2026-08-02T07:29:55+03:00,1785644995,48,84,3,29.8,45.7,,run
2026-08-02T07:30:01+03:00,1785645001,54,84,3,29.8,40.2,,run
2026-08-02T07:30:06+03:00,1785645006,59,84,3,29.8,43.9,,run
2026-08-02T07:30:11+03:00,1785645011,64,84,3,29.8,42.0,,run
2026-08-02T07:30:17+03:00,1785645017,70,84,3,29.8,45.4,,run
2026-08-02T07:30:22+03:00,1785645022,75,84,3,29.8,42.3,,run
2026-08-02T07:30:27+03:00,1785645027,80,84,3,29.8,42.6,,run
2026-08-02T07:30:33+03:00,1785645033,86,84,3,29.8,44.5,,run
2026-08-02T07:30:38+03:00,1785645038,91,84,3,29.8,44.2,,run
2026-08-02T07:30:43+03:00,1785645043,96,84,3,29.8,38.6,,run
2026-08-02T07:30:49+03:00,1785645049,102,84,3,29.8,39.8,,run
2026-08-02T07:30:54+03:00,1785645054,107,84,3,29.8,39.5,,run
2026-08-02T07:30:59+03:00,1785645059,112,84,3,29.8,47.9,,run
2026-08-02T07:31:05+03:00,1785645065,118,84,3,29.8,38.9,,run
2026-08-02T07:31:10+03:00,1785645070,123,84,3,29.8,38.3,,run
2026-08-02T07:31:16+03:00,1785645076,129,84,3,29.8,39.2,,run
2026-08-02T07:31:21+03:00,1785645081,134,84,3,29.8,38.9,,run
2026-08-02T07:31:27+03:00,1785645087,140,84,3,29.8,36.8,,run
2026-08-02T07:31:32+03:00,1785645092,145,84,3,29.8,37.1,,run
2026-08-02T07:31:37+03:00,1785645097,150,84,3,29.8,37.1,,run
2026-08-02T07:31:43+03:00,1785645103,156,84,3,29.8,47.6,,run
2026-08-02T07:31:48+03:00,1785645108,161,84,3,29.8,38.0,,run
2026-08-02T07:31:54+03:00,1785645114,167,84,3,29.8,37.1,,run
2026-08-02T07:31:59+03:00,1785645119,172,84,3,29.8,38.6,,run
2026-08-02T07:32:04+03:00,1785645124,177,84,3,29.8,43.9,,run
2026-08-02T07:32:10+03:00,1785645130,183,84,3,29.8,42.9,,run
2026-08-02T07:32:15+03:00,1785645135,188,84,3,29.8,37.4,,run
2026-08-02T07:32:20+03:00,1785645140,193,84,3,29.8,37.4,,run
2026-08-02T07:32:26+03:00,1785645146,199,84,3,29.8,36.4,,run
2026-08-02T07:32:31+03:00,1785645151,204,84,3,29.8,37.4,,run
2026-08-02T07:32:37+03:00,1785645157,210,84,3,29.8,40.2,,run
2026-08-02T07:32:42+03:00,1785645162,215,84,3,29.8,36.1,,run
2026-08-02T07:32:47+03:00,1785645167,220,84,3,29.8,40.8,,run
2026-08-02T07:32:53+03:00,1785645173,226,84,3,29.8,42.6,,run
2026-08-02T07:32:58+03:00,1785645178,231,84,3,29.8,49.7,,run
2026-08-02T07:33:03+03:00,1785645183,236,84,3,29.8,37.4,,run
2026-08-02T07:33:09+03:00,1785645189,242,84,3,29.8,38.3,,run
2026-08-02T07:33:14+03:00,1785645194,247,84,3,29.8,40.5,,run
2026-08-02T07:33:20+03:00,1785645200,253,84,3,29.8,36.8,,run
2026-08-02T07:33:25+03:00,1785645205,258,84,3,29.8,36.1,,run
2026-08-02T07:33:31+03:00,1785645211,264,84,3,29.8,36.1,,run
2026-08-02T07:33:36+03:00,1785645216,269,84,3,29.8,35.8,,run
2026-08-02T07:33:42+03:00,1785645222,275,84,3,29.8,48.8,,run
2026-08-02T07:33:47+03:00,1785645227,280,84,3,29.8,41.1,,run
2026-08-02T07:33:52+03:00,1785645232,285,84,3,29.8,40.8,,run
2026-08-02T07:33:57+03:00,1785645237,290,84,3,29.8,36.8,,run
2026-08-02T07:34:03+03:00,1785645243,296,84,3,29.8,37.4,,run
2026-08-02T07:34:08+03:00,1785645248,301,84,3,29.8,41.7,,run
2026-08-02T07:34:14+03:00,1785645254,307,84,3,29.8,40.2,,run
2026-08-02T07:34:19+03:00,1785645259,312,84,3,29.8,40.2,,run
2026-08-02T07:34:24+03:00,1785645264,317,84,3,29.8,38.9,,run
2026-08-02T07:34:30+03:00,1785645270,323,84,3,29.8,40.8,,run
2026-08-02T07:34:35+03:00,1785645275,328,84,3,29.8,37.7,,run
2026-08-02T07:34:41+03:00,1785645281,334,84,3,29.8,38.6,,run
2026-08-02T07:34:46+03:00,1785645286,339,84,3,29.8,37.1,,run
2026-08-02T07:34:51+03:00,1785645291,344,84,3,29.8,42.9,,run
2026-08-02T07:34:57+03:00,1785645297,350,84,3,29.8,50.1,,run
2026-08-02T07:35:03+03:00,1785645303,356,84,3,29.8,38.0,,run
2026-08-02T07:35:08+03:00,1785645308,361,84,3,29.8,37.7,,run
2026-08-02T07:35:14+03:00,1785645314,367,84,3,29.8,36.8,,run
2026-08-02T07:35:19+03:00,1785645319,372,84,3,29.8,35.8,,run
2026-08-02T07:35:25+03:00,1785645325,378,84,3,29.8,37.4,,run
2026-08-02T07:35:30+03:00,1785645330,383,84,3,29.8,36.1,,run
2026-08-02T07:35:35+03:00,1785645335,388,84,3,29.8,35.8,,run
2026-08-02T07:35:41+03:00,1785645341,394,84,3,29.8,47.9,,run
2026-08-02T07:35:46+03:00,1785645346,399,84,3,29.8,37.1,,run
2026-08-02T07:35:51+03:00,1785645351,404,84,3,29.8,35.8,,run
2026-08-02T07:35:57+03:00,1785645357,410,84,3,29.8,38.3,,run
2026-08-02T07:36:02+03:00,1785645362,415,84,3,29.8,38.9,,run
2026-08-02T07:36:08+03:00,1785645368,421,84,3,29.8,36.8,,run
2026-08-02T07:36:13+03:00,1785645373,426,84,3,29.8,41.1,,run
2026-08-02T07:36:18+03:00,1785645378,431,84,3,29.8,37.1,,run
2026-08-02T07:36:24+03:00,1785645384,437,84,3,29.8,35.8,,run
2026-08-02T07:36:29+03:00,1785645389,442,84,3,29.8,36.1,,run
2026-08-02T07:36:35+03:00,1785645395,448,84,3,29.8,39.2,,run
2026-08-02T07:36:40+03:00,1785645400,453,84,3,29.8,40.2,,run
2026-08-02T07:36:45+03:00,1785645405,458,84,3,29.8,36.1,,run
2026-08-02T07:36:51+03:00,1785645411,464,84,3,29.8,36.1,,run
2026-08-02T07:36:56+03:00,1785645416,469,84,3,29.8,50.1,,run
2026-08-02T07:37:02+03:00,1785645422,475,84,3,29.8,41.7,,run
2026-08-02T07:37:07+03:00,1785645427,480,84,3,29.8,36.8,,run
2026-08-02T07:37:13+03:00,1785645433,486,84,3,29.8,39.5,,run
2026-08-02T07:37:18+03:00,1785645438,491,84,3,29.8,38.0,,run
2026-08-02T07:37:24+03:00,1785645443,496,84,3,29.8,34.9,,run
2026-08-02T07:37:29+03:00,1785645449,502,84,3,29.8,35.5,,run
2026-08-02T07:37:34+03:00,1785645454,507,84,3,29.8,35.2,,run
2026-08-02T07:37:40+03:00,1785645460,513,84,3,29.8,49.7,,run
2026-08-02T07:37:45+03:00,1785645465,518,84,3,29.8,41.7,,run
2026-08-02T07:37:51+03:00,1785645471,524,84,3,29.8,36.4,,run
2026-08-02T07:37:56+03:00,1785645476,529,84,3,29.8,35.5,,run
2026-08-02T07:38:02+03:00,1785645482,535,84,3,29.8,36.1,,run
2026-08-02T07:38:07+03:00,1785645487,540,84,3,29.8,35.2,,run
2026-08-02T07:38:12+03:00,1785645492,545,84,3,29.8,37.1,,run
2026-08-02T07:38:18+03:00,1785645498,551,84,3,29.8,43.2,,run
2026-08-02T07:38:23+03:00,1785645503,556,84,3,29.8,44.2,,run
2026-08-02T07:38:28+03:00,1785645508,561,84,3,29.8,35.8,,run
2026-08-02T07:38:34+03:00,1785645514,567,84,3,29.8,38.3,,run
2026-08-02T07:38:39+03:00,1785645519,572,84,3,29.8,35.8,,run
2026-08-02T07:38:45+03:00,1785645525,578,84,3,29.8,34.9,,run
2026-08-02T07:38:50+03:00,1785645530,583,84,3,29.8,37.1,,run
2026-08-02T07:38:55+03:00,1785645535,588,84,3,29.8,47.3,,run
2026-08-02T07:39:01+03:00,1785645541,594,84,3,29.8,42.0,,run
2026-08-02T07:39:06+03:00,1785645546,599,84,3,27.6,41.1,,run
2026-08-02T07:39:12+03:00,1785645552,605,84,3,27.6,36.4,,run
2026-08-02T07:39:17+03:00,1785645557,610,84,3,27.6,35.5,,run
2026-08-02T07:39:23+03:00,1785645563,616,84,3,27.6,34.9,,run
2026-08-02T07:39:28+03:00,1785645568,621,84,3,27.6,36.8,,run
2026-08-02T07:39:33+03:00,1785645573,626,84,3,27.6,36.4,,run
2026-08-02T07:39:39+03:00,1785645579,632,84,3,27.6,46.3,,run
2026-08-02T07:39:44+03:00,1785645584,637,84,3,27.6,37.7,,run
2026-08-02T07:39:50+03:00,1785645590,643,84,3,27.6,40.2,,run
2026-08-02T07:39:55+03:00,1785645595,648,84,3,27.6,37.4,,run
2026-08-02T07:40:01+03:00,1785645601,654,84,3,27.6,35.5,,run
2026-08-02T07:40:06+03:00,1785645606,659,84,3,27.6,35.8,,run
2026-08-02T07:40:12+03:00,1785645612,665,84,3,27.6,36.4,,run
2026-08-02T07:40:17+03:00,1785645617,670,84,3,27.6,38.0,,run
2026-08-02T07:40:22+03:00,1785645622,675,84,3,27.6,43.9,,run
2026-08-02T07:40:28+03:00,1785645628,681,84,3,27.6,41.7,,run
2026-08-02T07:40:33+03:00,1785645633,686,84,3,27.6,39.2,,run
2026-08-02T07:40:38+03:00,1785645638,691,84,3,27.6,35.8,,run
2026-08-02T07:40:44+03:00,1785645644,697,84,3,27.6,35.2,,run
2026-08-02T07:40:49+03:00,1785645649,702,84,3,27.6,35.2,,run
2026-08-02T07:40:55+03:00,1785645655,708,84,3,27.6,37.1,,run
2026-08-02T07:41:00+03:00,1785645660,713,84,3,27.6,37.1,,run
2026-08-02T07:41:06+03:00,1785645666,719,84,3,27.6,38.6,,run
2026-08-02T07:41:11+03:00,1785645671,724,84,3,27.6,42.6,,run
2026-08-02T07:41:16+03:00,1785645676,729,84,3,27.6,38.9,,run
2026-08-02T07:41:21+03:00,1785645681,734,84,3,27.6,36.8,,run
2026-08-02T07:41:27+03:00,1785645687,740,84,3,27.6,36.1,,run
2026-08-02T07:41:32+03:00,1785645692,745,84,3,27.6,34.9,,run
2026-08-02T07:41:38+03:00,1785645698,751,84,3,27.6,34.6,,run
2026-08-02T07:41:43+03:00,1785645703,756,84,3,27.6,35.8,,run
2026-08-02T07:41:49+03:00,1785645709,762,84,3,27.6,47.6,,run
2026-08-02T07:41:54+03:00,1785645714,767,84,3,27.6,40.8,,run
2026-08-02T07:41:59+03:00,1785645719,772,84,3,27.6,37.7,,run
2026-08-02T07:42:05+03:00,1785645725,778,84,3,27.6,37.1,,run
2026-08-02T07:42:10+03:00,1785645730,783,84,3,27.6,35.5,,run
2026-08-02T07:42:16+03:00,1785645736,789,84,3,27.6,35.8,,run
2026-08-02T07:42:21+03:00,1785645741,794,84,3,27.6,35.2,,run
2026-08-02T07:42:26+03:00,1785645746,799,84,3,27.6,42.3,,run
2026-08-02T07:42:32+03:00,1785645752,805,84,3,27.6,41.7,,run
2026-08-02T07:42:37+03:00,1785645757,810,84,3,27.6,36.1,,run
2026-08-02T07:42:42+03:00,1785645762,815,84,3,27.6,35.2,,run
2026-08-02T07:42:48+03:00,1785645768,821,84,3,27.6,35.8,,run
2026-08-02T07:42:53+03:00,1785645773,826,84,3,27.6,34.9,,run
2026-08-02T07:42:59+03:00,1785645779,832,84,3,27.6,36.8,,run
2026-08-02T07:43:04+03:00,1785645784,837,84,3,27.6,46.7,,run
2026-08-02T07:43:10+03:00,1785645790,843,84,3,27.6,37.7,,run
2026-08-02T07:43:15+03:00,1785645795,848,84,3,27.6,37.1,,run
2026-08-02T07:43:21+03:00,1785645801,854,84,3,27.6,39.8,,run
2026-08-02T07:43:26+03:00,1785645806,859,84,3,27.6,36.4,,run
2026-08-02T07:43:31+03:00,1785645811,864,84,3,27.6,34.6,,run
2026-08-02T07:43:37+03:00,1785645817,870,84,3,27.6,38.0,,run
2026-08-02T07:43:42+03:00,1785645822,875,84,3,27.6,38.9,,run
2026-08-02T07:43:48+03:00,1785645828,881,84,3,27.6,35.2,,run
2026-08-02T07:43:53+03:00,1785645833,886,84,3,27.6,44.5,,run
2026-08-02T07:43:59+03:00,1785645839,892,84,3,27.6,38.3,,run
2026-08-02T07:44:04+03:00,1785645844,897,84,3,27.6,36.1,,run
2026-08-02T07:44:09+03:00,1785645849,902,84,3,27.6,36.8,,run
2026-08-02T07:44:15+03:00,1785645855,908,84,3,27.6,38.9,,run
2026-08-02T07:44:20+03:00,1785645860,913,84,3,27.6,36.8,,run
2026-08-02T07:44:25+03:00,1785645865,918,84,3,27.6,35.5,,run
2026-08-02T07:44:31+03:00,1785645871,924,84,3,27.6,34.9,,run
2026-08-02T07:44:36+03:00,1785645876,929,84,3,27.6,34.6,,run
2026-08-02T07:44:42+03:00,1785645882,935,84,3,27.6,41.7,,run
2026-08-02T07:44:47+03:00,1785645887,940,84,3,27.6,36.1,,run
2026-08-02T07:44:53+03:00,1785645893,946,84,3,27.6,39.2,,run
2026-08-02T07:44:58+03:00,1785645898,951,84,3,27.6,35.2,,run
2026-08-02T07:45:03+03:00,1785645903,956,84,3,27.6,34.9,,run
2026-08-02T07:45:09+03:00,1785645909,962,84,3,27.6,37.7,,run
2026-08-02T07:45:14+03:00,1785645914,967,84,3,27.6,38.6,,run
2026-08-02T07:45:20+03:00,1785645920,973,84,3,27.6,38.0,,run
2026-08-02T07:45:25+03:00,1785645925,978,84,3,27.6,35.8,,run
2026-08-02T07:45:31+03:00,1785645931,984,84,3,27.6,41.7,,run
2026-08-02T07:45:36+03:00,1785645936,989,84,3,27.6,37.1,,run
2026-08-02T07:45:41+03:00,1785645941,994,84,3,27.6,35.8,,run
2026-08-02T07:45:47+03:00,1785645947,1000,84,3,27.6,35.2,,run
2026-08-02T07:45:52+03:00,1785645952,1005,84,3,27.6,40.5,,run
2026-08-02T07:45:58+03:00,1785645958,1011,84,3,27.6,44.2,,run
2026-08-02T07:46:03+03:00,1785645963,1016,84,3,27.6,37.7,,run
2026-08-02T07:46:08+03:00,1785645968,1021,84,3,27.6,35.8,,run
2026-08-02T07:46:14+03:00,1785645974,1027,84,3,27.6,35.8,,run
2026-08-02T07:46:19+03:00,1785645979,1032,84,3,27.6,36.4,,run
2026-08-02T07:46:25+03:00,1785645985,1038,84,3,27.6,39.2,,run
2026-08-02T07:46:30+03:00,1785645990,1043,84,3,27.6,35.8,,run
2026-08-02T07:46:36+03:00,1785645996,1049,84,3,27.6,34.9,,run
2026-08-02T07:46:41+03:00,1785646001,1054,84,3,27.6,34.6,,run
2026-08-02T07:46:47+03:00,1785646007,1060,84,3,27.6,38.0,,run
2026-08-02T07:46:52+03:00,1785646012,1065,84,3,27.6,43.2,,run
2026-08-02T07:46:57+03:00,1785646017,1070,84,3,27.6,38.9,,run
2026-08-02T07:47:03+03:00,1785646023,1076,84,3,27.6,37.4,,run
2026-08-02T07:47:08+03:00,1785646028,1081,84,3,27.6,45.1,,run
2026-08-02T07:47:13+03:00,1785646033,1086,84,3,27.6,39.8,,run
2026-08-02T07:47:19+03:00,1785646039,1092,84,3,27.6,39.5,,run
2026-08-02T07:47:24+03:00,1785646044,1097,84,3,27.6,35.2,,run
2026-08-02T07:47:30+03:00,1785646050,1103,84,3,27.6,34.9,,run
2026-08-02T07:47:35+03:00,1785646055,1108,84,3,27.6,40.2,,run
2026-08-02T07:47:40+03:00,1785646060,1113,84,3,27.6,37.4,,run
2026-08-02T07:47:46+03:00,1785646066,1119,83,3,27.1,38.0,,run
2026-08-02T07:47:51+03:00,1785646071,1124,83,3,27.1,36.8,,run
2026-08-02T07:47:57+03:00,1785646077,1130,83,3,27.1,43.6,,run
2026-08-02T07:48:02+03:00,1785646082,1135,83,3,27.1,36.4,,run
2026-08-02T07:48:08+03:00,1785646088,1141,83,3,27.1,35.5,,run
2026-08-02T07:48:13+03:00,1785646093,1146,83,3,27.1,35.2,,run
2026-08-02T07:48:18+03:00,1785646098,1151,83,3,27.1,37.4,,run
2026-08-02T07:48:24+03:00,1785646104,1157,83,3,27.1,38.9,,run
2026-08-02T07:48:29+03:00,1785646109,1162,83,3,27.1,35.2,,run
2026-08-02T07:48:35+03:00,1785646115,1168,83,3,27.1,36.8,,run
2026-08-02T07:48:40+03:00,1785646120,1173,83,3,27.1,34.9,,run
2026-08-02T07:48:45+03:00,1785646125,1178,83,3,27.1,34.0,,run
2026-08-02T07:48:51+03:00,1785646131,1184,83,3,27.1,35.2,,run
2026-08-02T07:48:56+03:00,1785646136,1189,83,3,27.1,40.8,,run
2026-08-02T07:49:02+03:00,1785646142,1195,83,3,27.1,40.8,,run
2026-08-02T07:49:07+03:00,1785646147,1200,83,3,27.3,36.4,,run
2026-08-02T07:49:12+03:00,1785646152,1205,83,3,27.3,47.6,,run
2026-08-02T07:49:18+03:00,1785646158,1211,83,3,27.3,38.6,,run
2026-08-02T07:49:23+03:00,1785646163,1216,83,3,27.3,35.2,,run
2026-08-02T07:49:29+03:00,1785646169,1222,83,3,27.3,41.7,,run
2026-08-02T07:49:34+03:00,1785646174,1227,83,3,27.3,35.8,,run
2026-08-02T07:49:39+03:00,1785646179,1232,83,3,27.3,38.9,,run
2026-08-02T07:49:45+03:00,1785646185,1238,83,3,27.3,43.6,,run
2026-08-02T07:49:50+03:00,1785646190,1243,83,3,27.3,35.8,,run
2026-08-02T07:49:55+03:00,1785646195,1248,83,3,27.3,49.7,,run
2026-08-02T07:50:01+03:00,1785646201,1254,83,3,27.3,38.6,,run
2026-08-02T07:50:06+03:00,1785646206,1259,83,3,27.3,36.4,,run
2026-08-02T07:50:12+03:00,1785646212,1265,83,3,27.3,35.5,,run
2026-08-02T07:50:17+03:00,1785646217,1270,83,3,27.3,38.0,,run
2026-08-02T07:50:22+03:00,1785646222,1275,83,3,27.3,39.2,,run
2026-08-02T07:50:28+03:00,1785646228,1281,83,3,27.3,35.5,,run
2026-08-02T07:50:33+03:00,1785646233,1286,83,3,27.3,35.5,,run
2026-08-02T07:50:39+03:00,1785646239,1292,83,3,27.3,34.6,,run
2026-08-02T07:50:44+03:00,1785646244,1297,83,3,27.3,35.8,,run
2026-08-02T07:50:50+03:00,1785646250,1303,83,3,27.3,37.1,,run
2026-08-02T07:50:55+03:00,1785646255,1308,83,3,27.3,38.0,,run
2026-08-02T07:51:00+03:00,1785646260,1313,83,3,27.3,43.2,,run
2026-08-02T07:51:06+03:00,1785646266,1319,83,3,27.3,39.8,,run
2026-08-02T07:51:11+03:00,1785646271,1324,83,3,27.3,48.2,,run
2026-08-02T07:51:17+03:00,1785646277,1330,83,3,27.3,37.1,,run
2026-08-02T07:51:22+03:00,1785646282,1335,83,3,27.3,36.8,,run
2026-08-02T07:51:27+03:00,1785646287,1340,83,3,27.3,36.1,,run
2026-08-02T07:51:33+03:00,1785646293,1346,83,3,27.3,39.8,,run
2026-08-02T07:51:38+03:00,1785646298,1351,83,3,27.3,35.5,,run
2026-08-02T07:51:44+03:00,1785646304,1357,83,3,27.3,38.0,,run
2026-08-02T07:51:49+03:00,1785646309,1362,83,3,27.3,42.0,,run
2026-08-02T07:51:54+03:00,1785646314,1367,83,3,27.3,48.2,,run
2026-08-02T07:52:00+03:00,1785646320,1373,83,3,27.3,38.9,,run
2026-08-02T07:52:05+03:00,1785646325,1378,83,3,27.3,38.9,,run
2026-08-02T07:52:11+03:00,1785646331,1384,83,3,27.3,38.6,,run
2026-08-02T07:52:16+03:00,1785646336,1389,83,3,27.3,36.4,,run
2026-08-02T07:52:22+03:00,1785646342,1395,83,3,27.3,35.8,,run
2026-08-02T07:52:27+03:00,1785646347,1400,83,3,27.3,36.1,,run
2026-08-02T07:52:33+03:00,1785646353,1406,83,3,27.3,35.2,,run
2026-08-02T07:52:38+03:00,1785646358,1411,83,3,27.3,38.3,,run
2026-08-02T07:52:43+03:00,1785646363,1416,83,3,27.3,38.9,,run
2026-08-02T07:52:49+03:00,1785646369,1422,83,3,27.3,35.8,,run
2026-08-02T07:52:54+03:00,1785646374,1427,83,3,27.3,37.4,,run
2026-08-02T07:53:00+03:00,1785646380,1433,83,3,27.3,36.4,,run
2026-08-02T07:53:05+03:00,1785646385,1438,83,3,27.3,40.2,,run
2026-08-02T07:53:10+03:00,1785646390,1443,83,3,27.3,46.0,,run
2026-08-02T07:53:16+03:00,1785646396,1449,83,3,27.3,37.7,,run
2026-08-02T07:53:21+03:00,1785646401,1454,83,3,27.3,44.2,,run
2026-08-02T07:53:27+03:00,1785646407,1460,83,3,27.3,36.8,,run
2026-08-02T07:53:32+03:00,1785646412,1465,83,3,27.3,35.8,,run
2026-08-02T07:53:37+03:00,1785646417,1470,83,3,27.3,35.2,,run
2026-08-02T07:53:43+03:00,1785646423,1476,83,3,27.3,35.8,,run
2026-08-02T07:53:48+03:00,1785646428,1481,83,3,27.3,38.0,,run
2026-08-02T07:53:54+03:00,1785646434,1487,83,3,27.3,48.5,,run
2026-08-02T07:53:59+03:00,1785646439,1492,83,3,27.3,41.4,,run
2026-08-02T07:54:05+03:00,1785646445,1498,83,3,27.3,41.1,,run
2026-08-02T07:54:10+03:00,1785646450,1503,83,3,27.3,38.6,,run
2026-08-02T07:54:15+03:00,1785646455,1508,83,3,27.3,41.7,,run
2026-08-02T07:54:20+03:00,1785646460,1513,83,3,27.3,37.1,,run
2026-08-02T07:54:26+03:00,1785646466,1519,83,3,27.3,36.8,,run
2026-08-02T07:54:31+03:00,1785646471,1524,83,3,27.3,36.4,,run
2026-08-02T07:54:37+03:00,1785646477,1530,83,3,27.3,39.2,,run
2026-08-02T07:54:42+03:00,1785646482,1535,83,3,27.3,37.7,,run
2026-08-02T07:54:47+03:00,1785646487,1540,83,3,27.3,39.5,,run
2026-08-02T07:54:53+03:00,1785646493,1546,83,3,27.3,39.8,,run
2026-08-02T07:54:58+03:00,1785646498,1551,83,3,27.3,36.1,,run
2026-08-02T07:55:03+03:00,1785646503,1556,83,3,27.3,36.8,,run
2026-08-02T07:55:09+03:00,1785646509,1562,83,3,27.3,50.4,,run
2026-08-02T07:55:14+03:00,1785646514,1567,83,3,27.3,47.9,,run
2026-08-02T07:55:19+03:00,1785646519,1572,83,3,27.3,39.2,,run
2026-08-02T07:55:25+03:00,1785646525,1578,83,3,27.3,38.9,,run
2026-08-02T07:55:30+03:00,1785646530,1583,83,3,27.3,40.2,,run
2026-08-02T07:55:36+03:00,1785646536,1589,83,3,27.3,36.8,,run
2026-08-02T07:55:41+03:00,1785646541,1594,83,3,27.3,36.4,,run
2026-08-02T07:55:47+03:00,1785646547,1600,83,3,27.3,36.1,,run
2026-08-02T07:55:52+03:00,1785646552,1605,83,3,27.3,39.8,,run
2026-08-02T07:55:58+03:00,1785646558,1611,83,3,27.3,46.0,,run
2026-08-02T07:56:03+03:00,1785646563,1616,83,3,27.3,44.5,,run
2026-08-02T07:56:08+03:00,1785646568,1621,83,3,27.3,38.6,,run
2026-08-02T07:56:14+03:00,1785646574,1627,83,3,27.3,36.4,,run
2026-08-02T07:56:19+03:00,1785646579,1632,83,3,27.3,36.1,,run
2026-08-02T07:56:24+03:00,1785646584,1637,83,3,27.3,36.1,,run
2026-08-02T07:56:30+03:00,1785646590,1643,83,3,27.3,37.1,,run
2026-08-02T07:56:35+03:00,1785646595,1648,83,3,27.3,40.2,,run
2026-08-02T07:56:41+03:00,1785646601,1654,83,3,27.3,36.8,,run
2026-08-02T07:56:46+03:00,1785646606,1659,83,3,27.3,36.4,,run
2026-08-02T07:56:51+03:00,1785646611,1664,83,3,27.3,35.5,,run
2026-08-02T07:56:57+03:00,1785646617,1670,83,3,27.3,36.1,,run
2026-08-02T07:57:02+03:00,1785646622,1675,83,3,27.3,38.0,,run
2026-08-02T07:57:08+03:00,1785646628,1681,83,3,27.3,40.2,,run
2026-08-02T07:57:13+03:00,1785646633,1686,83,3,27.3,47.0,,run
2026-08-02T07:57:19+03:00,1785646639,1692,83,3,27.3,46.0,,run
2026-08-02T07:57:24+03:00,1785646644,1697,83,3,27.3,37.7,,run
2026-08-02T07:57:29+03:00,1785646649,1702,83,3,27.3,36.8,,run
2026-08-02T07:57:35+03:00,1785646655,1708,83,3,27.3,36.1,,run
2026-08-02T07:57:40+03:00,1785646660,1713,83,3,27.3,37.4,,run
2026-08-02T07:57:46+03:00,1785646666,1719,83,3,27.3,40.2,,run
2026-08-02T07:57:51+03:00,1785646671,1724,83,3,27.3,36.4,,run
2026-08-02T07:57:56+03:00,1785646676,1729,83,3,27.3,48.8,,run
2026-08-02T07:58:02+03:00,1785646682,1735,83,3,27.3,45.4,,run
2026-08-02T07:58:07+03:00,1785646687,1740,83,3,27.3,38.3,,run
2026-08-02T07:58:12+03:00,1785646692,1745,83,3,27.3,36.8,,run
2026-08-02T07:58:18+03:00,1785646698,1751,83,3,27.3,36.8,,run
2026-08-02T07:58:23+03:00,1785646703,1756,83,3,28.6,39.5,,run
2026-08-02T07:58:29+03:00,1785646709,1762,82,3,28.7,40.5,,run
2026-08-02T07:58:34+03:00,1785646714,1767,82,3,28.7,38.0,,run
2026-08-02T07:58:40+03:00,1785646720,1773,82,3,28.7,37.1,,run
2026-08-02T07:58:45+03:00,1785646725,1778,82,3,28.7,36.8,,run
2026-08-02T07:58:50+03:00,1785646730,1783,82,3,28.7,35.8,,run
2026-08-02T07:58:56+03:00,1785646736,1789,82,3,28.7,38.0,,run
2026-08-02T07:59:01+03:00,1785646741,1794,82,3,28.7,39.8,,run
2026-08-02T07:59:07+03:00,1785646747,1800,82,3,28.4,36.4,,run
2026-08-02T07:59:12+03:00,1785646752,1805,82,3,28.4,47.3,,run
2026-08-02T07:59:18+03:00,1785646758,1811,82,3,28.4,44.5,,run
2026-08-02T07:59:23+03:00,1785646763,1816,82,3,28.4,44.2,,run
2026-08-02T07:59:28+03:00,1785646768,1821,82,3,28.4,37.4,,run
2026-08-02T07:59:34+03:00,1785646774,1827,82,3,28.4,36.8,,run
2026-08-02T07:59:39+03:00,1785646779,1832,82,3,28.4,34.9,,run
2026-08-02T07:59:45+03:00,1785646785,1838,82,3,28.4,37.4,,run
2026-08-02T07:59:50+03:00,1785646790,1843,82,3,28.4,38.6,,run
2026-08-02T07:59:55+03:00,1785646795,1848,82,3,28.4,48.5,,run
2026-08-02T08:00:01+03:00,1785646801,1854,82,3,28.4,38.9,,run
2026-08-02T08:00:06+03:00,1785646806,1859,82,3,28.4,45.7,,run
2026-08-02T08:00:12+03:00,1785646812,1865,82,3,28.4,37.1,,run
2026-08-02T08:00:17+03:00,1785646817,1870,82,3,28.4,37.4,,run
2026-08-02T08:00:22+03:00,1785646822,1875,82,3,28.4,40.2,,run
2026-08-02T08:00:28+03:00,1785646828,1881,82,3,28.4,37.7,,run
2026-08-02T08:00:33+03:00,1785646833,1886,82,3,28.4,37.4,,run
2026-08-02T08:00:38+03:00,1785646838,1891,82,3,28.4,37.7,,run
2026-08-02T08:00:44+03:00,1785646844,1897,82,3,28.4,36.8,,run
2026-08-02T08:00:49+03:00,1785646849,1902,82,3,28.4,35.8,,run
2026-08-02T08:00:55+03:00,1785646855,1908,82,3,28.4,37.7,,run
2026-08-02T08:01:00+03:00,1785646860,1913,82,3,28.4,40.2,,run
2026-08-02T08:01:06+03:00,1785646866,1919,82,3,28.4,35.8,,run
2026-08-02T08:01:11+03:00,1785646871,1924,82,3,28.4,39.8,,run
2026-08-02T08:01:16+03:00,1785646876,1929,82,3,28.4,38.3,,run
2026-08-02T08:01:22+03:00,1785646882,1935,82,3,28.4,38.0,,run
2026-08-02T08:01:27+03:00,1785646887,1940,82,3,28.4,43.9,,run
2026-08-02T08:01:33+03:00,1785646893,1946,82,3,28.4,37.1,,run
2026-08-02T08:01:38+03:00,1785646898,1951,82,3,28.4,39.2,,run
2026-08-02T08:01:43+03:00,1785646903,1956,82,3,28.4,38.0,,run
2026-08-02T08:01:49+03:00,1785646909,1962,82,3,28.4,36.1,,run
2026-08-02T08:01:54+03:00,1785646914,1967,82,3,28.4,36.1,,run
2026-08-02T08:02:00+03:00,1785646920,1973,82,3,28.4,47.9,,run
2026-08-02T08:02:05+03:00,1785646925,1978,82,3,28.4,36.8,,run
2026-08-02T08:02:11+03:00,1785646931,1984,82,3,28.4,39.5,,run
2026-08-02T08:02:16+03:00,1785646936,1989,82,3,28.4,40.2,,run
2026-08-02T08:02:21+03:00,1785646941,1994,82,3,28.4,39.5,,run
2026-08-02T08:02:27+03:00,1785646947,2000,82,3,28.4,37.7,,run
2026-08-02T08:02:32+03:00,1785646952,2005,82,3,28.4,36.8,,run
2026-08-02T08:02:38+03:00,1785646958,2011,82,3,28.4,41.7,,run
2026-08-02T08:02:43+03:00,1785646963,2016,82,3,28.4,35.8,,run
2026-08-02T08:02:48+03:00,1785646968,2021,82,3,28.4,39.2,,run
2026-08-02T08:02:54+03:00,1785646974,2027,82,3,28.4,36.4,,run
2026-08-02T08:02:59+03:00,1785646979,2032,82,3,28.4,35.8,,run
2026-08-02T08:03:05+03:00,1785646985,2038,82,3,28.4,35.5,,run
2026-08-02T08:03:10+03:00,1785646990,2043,82,3,28.4,35.5,,run
2026-08-02T08:03:16+03:00,1785646996,2049,82,3,28.4,49.1,,run
2026-08-02T08:03:21+03:00,1785647001,2054,82,3,28.4,40.2,,run
2026-08-02T08:03:27+03:00,1785647007,2060,82,3,28.4,36.8,,run
2026-08-02T08:03:32+03:00,1785647012,2065,82,3,28.4,43.2,,run
2026-08-02T08:03:37+03:00,1785647017,2070,82,3,28.4,38.9,,run
2026-08-02T08:03:43+03:00,1785647023,2076,82,3,28.4,36.4,,run
2026-08-02T08:03:48+03:00,1785647028,2081,82,3,28.4,35.5,,run
2026-08-02T08:03:54+03:00,1785647034,2087,82,3,28.4,38.3,,run
2026-08-02T08:03:59+03:00,1785647039,2092,82,3,28.4,38.6,,run
2026-08-02T08:04:04+03:00,1785647044,2097,82,3,28.4,40.8,,run
2026-08-02T08:04:10+03:00,1785647050,2103,82,3,28.4,37.1,,run
2026-08-02T08:04:15+03:00,1785647055,2108,82,3,28.4,42.0,,run
2026-08-02T08:04:21+03:00,1785647061,2114,82,3,28.4,38.0,,run
2026-08-02T08:04:26+03:00,1785647066,2119,82,3,28.4,37.4,,run
2026-08-02T08:04:31+03:00,1785647071,2124,82,3,28.4,40.5,,run
2026-08-02T08:04:37+03:00,1785647077,2130,82,3,28.4,36.8,,run
2026-08-02T08:04:42+03:00,1785647082,2135,82,3,28.4,36.8,,run
2026-08-02T08:04:48+03:00,1785647088,2141,82,3,28.4,36.4,,run
2026-08-02T08:04:53+03:00,1785647093,2146,82,3,28.4,36.1,,run
2026-08-02T08:04:59+03:00,1785647099,2152,82,3,28.4,38.3,,run
2026-08-02T08:05:04+03:00,1785647104,2157,82,3,28.4,40.2,,run
2026-08-02T08:05:09+03:00,1785647109,2162,82,3,28.4,36.8,,run
2026-08-02T08:05:15+03:00,1785647115,2168,82,3,28.4,43.6,,run
2026-08-02T08:05:20+03:00,1785647120,2173,82,3,28.4,38.9,,run
2026-08-02T08:05:26+03:00,1785647126,2179,82,3,28.4,39.8,,run
2026-08-02T08:05:31+03:00,1785647131,2184,82,3,28.4,36.8,,run
2026-08-02T08:05:37+03:00,1785647137,2190,82,3,28.4,42.3,,run
2026-08-02T08:05:42+03:00,1785647142,2195,82,3,28.4,40.5,,run
2026-08-02T08:05:47+03:00,1785647147,2200,82,3,28.4,40.2,,run
2026-08-02T08:05:52+03:00,1785647152,2205,82,3,28.4,36.1,,run
2026-08-02T08:05:58+03:00,1785647158,2211,82,3,28.4,36.4,,run
2026-08-02T08:06:03+03:00,1785647163,2216,82,3,28.4,50.7,,run
2026-08-02T08:06:09+03:00,1785647169,2222,82,3,28.4,37.4,,run
2026-08-02T08:06:14+03:00,1785647174,2227,82,3,28.4,36.8,,run
2026-08-02T08:06:20+03:00,1785647180,2233,82,3,28.4,39.2,,run
2026-08-02T08:06:25+03:00,1785647185,2238,82,3,28.4,44.5,,run
2026-08-02T08:06:30+03:00,1785647190,2243,82,3,28.4,39.2,,run
2026-08-02T08:06:36+03:00,1785647196,2249,82,3,28.4,37.7,,run
2026-08-02T08:06:41+03:00,1785647201,2254,82,3,28.4,37.1,,run
2026-08-02T08:06:47+03:00,1785647207,2260,82,3,28.4,36.1,,run
2026-08-02T08:06:52+03:00,1785647212,2265,82,3,28.4,37.7,,run
2026-08-02T08:06:57+03:00,1785647217,2270,82,3,28.4,40.2,,run
2026-08-02T08:07:03+03:00,1785647223,2276,82,3,28.4,37.1,,run
2026-08-02T08:07:08+03:00,1785647228,2281,82,3,28.4,36.4,,run
2026-08-02T08:07:14+03:00,1785647234,2287,82,3,28.4,36.4,,run
2026-08-02T08:07:19+03:00,1785647239,2292,82,3,28.4,49.1,,run
2026-08-02T08:07:25+03:00,1785647245,2298,82,3,28.4,38.0,,run
2026-08-02T08:07:30+03:00,1785647250,2303,82,3,28.4,41.1,,run
2026-08-02T08:07:36+03:00,1785647256,2309,82,3,28.4,38.0,,run
2026-08-02T08:07:41+03:00,1785647261,2314,82,3,28.4,35.8,,run
2026-08-02T08:07:47+03:00,1785647267,2320,82,3,28.4,44.8,,run
2026-08-02T08:07:52+03:00,1785647272,2325,82,3,28.4,37.1,,run
2026-08-02T08:07:57+03:00,1785647277,2330,82,3,28.4,37.7,,run
2026-08-02T08:08:03+03:00,1785647283,2336,82,3,28.4,40.2,,run
2026-08-02T08:08:08+03:00,1785647288,2341,82,3,28.4,47.0,,run
2026-08-02T08:08:14+03:00,1785647294,2347,82,3,28.4,39.5,,run
2026-08-02T08:08:19+03:00,1785647299,2352,82,3,28.4,37.4,,run
2026-08-02T08:08:25+03:00,1785647305,2358,82,3,28.4,38.6,,run
2026-08-02T08:08:30+03:00,1785647310,2363,82,3,28.4,42.9,,run
2026-08-02T08:08:35+03:00,1785647315,2368,82,3,28.4,41.1,,run
2026-08-02T08:08:41+03:00,1785647321,2374,82,3,28.4,38.6,,run
2026-08-02T08:08:46+03:00,1785647326,2379,82,3,28.4,37.1,,run
2026-08-02T08:08:52+03:00,1785647332,2385,82,3,28.4,36.8,,run
2026-08-02T08:08:57+03:00,1785647337,2390,82,3,28.4,37.4,,run
2026-08-02T08:09:02+03:00,1785647342,2395,82,3,28.4,36.4,,run
2026-08-02T08:09:08+03:00,1785647348,2401,81,3,29.2,39.8,,run
2026-08-02T08:09:13+03:00,1785647353,2406,81,3,29.2,38.9,,run
2026-08-02T08:09:19+03:00,1785647359,2412,81,3,29.2,37.1,,run
2026-08-02T08:09:24+03:00,1785647364,2417,81,3,29.2,39.5,,run
2026-08-02T08:09:30+03:00,1785647370,2423,81,3,29.2,38.3,,run
2026-08-02T08:09:35+03:00,1785647375,2428,81,3,29.2,42.3,,run
2026-08-02T08:09:41+03:00,1785647381,2434,81,3,29.2,38.6,,run
2026-08-02T08:09:46+03:00,1785647386,2439,81,3,29.2,39.8,,run
2026-08-02T08:09:51+03:00,1785647391,2444,81,3,29.2,44.8,,run
2026-08-02T08:09:57+03:00,1785647397,2450,81,3,29.2,37.7,,run
2026-08-02T08:10:02+03:00,1785647402,2455,81,3,29.2,37.4,,run
2026-08-02T08:10:08+03:00,1785647408,2461,81,3,29.2,36.1,,run
2026-08-02T08:10:13+03:00,1785647413,2466,81,3,29.2,41.1,,run
2026-08-02T08:10:19+03:00,1785647419,2472,81,3,29.2,45.7,,run
2026-08-02T08:10:24+03:00,1785647424,2477,81,3,29.2,41.7,,run
2026-08-02T08:10:29+03:00,1785647429,2482,81,3,29.2,40.5,,run
2026-08-02T08:10:35+03:00,1785647435,2488,81,3,29.2,41.7,,run
2026-08-02T08:10:40+03:00,1785647440,2493,81,3,29.2,44.5,,run
2026-08-02T08:10:45+03:00,1785647445,2498,81,3,29.2,39.5,,run
2026-08-02T08:10:51+03:00,1785647451,2504,81,3,29.2,38.0,,run
2026-08-02T08:10:56+03:00,1785647456,2509,81,3,29.2,38.6,,run
2026-08-02T08:11:02+03:00,1785647462,2515,81,3,29.2,44.5,,run
2026-08-02T08:11:07+03:00,1785647467,2520,81,3,29.2,38.3,,run
2026-08-02T08:11:12+03:00,1785647472,2525,81,3,29.2,37.1,,run
2026-08-02T08:11:18+03:00,1785647478,2531,81,3,29.2,36.8,,run
2026-08-02T08:11:23+03:00,1785647483,2536,81,3,29.2,36.4,,run
2026-08-02T08:11:29+03:00,1785647489,2542,81,3,29.2,38.0,,run
2026-08-02T08:11:34+03:00,1785647494,2547,81,3,29.2,50.1,,run
2026-08-02T08:11:40+03:00,1785647500,2553,81,3,29.2,38.6,,run
2026-08-02T08:11:45+03:00,1785647505,2558,81,3,29.2,38.0,,run
2026-08-02T08:11:50+03:00,1785647510,2563,81,3,29.2,37.1,,run
2026-08-02T08:11:56+03:00,1785647516,2569,81,3,29.2,36.8,,run
2026-08-02T08:12:01+03:00,1785647521,2574,81,3,29.2,42.0,,run
2026-08-02T08:12:07+03:00,1785647527,2580,81,3,29.2,45.1,,run
2026-08-02T08:12:12+03:00,1785647532,2585,81,3,29.2,39.2,,run
2026-08-02T08:12:17+03:00,1785647537,2590,81,3,29.2,37.4,,run
2026-08-02T08:12:23+03:00,1785647543,2596,81,3,29.2,51.0,,run
2026-08-02T08:12:28+03:00,1785647548,2601,81,3,29.2,40.2,,run
2026-08-02T08:12:34+03:00,1785647554,2607,81,3,29.2,38.6,,run
2026-08-02T08:12:39+03:00,1785647559,2612,81,3,29.2,36.8,,run
2026-08-02T08:12:45+03:00,1785647565,2618,81,3,29.2,39.2,,run
2026-08-02T08:12:50+03:00,1785647570,2623,81,3,29.2,40.8,,run
2026-08-02T08:12:55+03:00,1785647575,2628,81,3,29.2,41.1,,run
2026-08-02T08:13:01+03:00,1785647581,2634,81,3,29.2,45.1,,run
2026-08-02T08:13:06+03:00,1785647586,2639,81,3,29.2,38.9,,run
2026-08-02T08:13:11+03:00,1785647591,2644,81,3,29.2,37.1,,run
2026-08-02T08:13:17+03:00,1785647597,2650,81,3,29.2,37.1,,run
2026-08-02T08:13:22+03:00,1785647602,2655,81,3,29.2,38.6,,run
2026-08-02T08:13:28+03:00,1785647608,2661,81,3,29.2,41.4,,run
2026-08-02T08:13:33+03:00,1785647613,2666,81,3,29.2,37.1,,run
2026-08-02T08:13:39+03:00,1785647619,2672,81,3,29.2,49.1,,run
2026-08-02T08:13:44+03:00,1785647624,2677,81,3,29.2,37.4,,run
2026-08-02T08:13:50+03:00,1785647630,2683,81,3,29.2,38.6,,run
2026-08-02T08:13:55+03:00,1785647635,2688,81,3,29.2,38.3,,run
2026-08-02T08:14:00+03:00,1785647640,2693,81,3,29.2,40.8,,run
2026-08-02T08:14:06+03:00,1785647646,2699,81,3,29.2,38.0,,run
2026-08-02T08:14:11+03:00,1785647651,2704,81,3,29.2,36.4,,run
2026-08-02T08:14:17+03:00,1785647657,2710,81,3,29.2,43.6,,run
2026-08-02T08:14:22+03:00,1785647662,2715,81,3,29.2,38.6,,run
2026-08-02T08:14:27+03:00,1785647667,2720,81,3,29.2,50.7,,run
2026-08-02T08:14:33+03:00,1785647673,2726,81,3,29.2,40.2,,run
2026-08-02T08:14:38+03:00,1785647678,2731,81,3,29.2,41.7,,run
2026-08-02T08:14:44+03:00,1785647684,2737,81,3,29.2,37.1,,run
2026-08-02T08:14:49+03:00,1785647689,2742,81,3,29.2,36.8,,run
2026-08-02T08:14:54+03:00,1785647694,2747,81,3,29.2,36.4,,run
2026-08-02T08:15:00+03:00,1785647700,2753,81,3,29.2,35.8,,run
2026-08-02T08:15:05+03:00,1785647705,2758,81,3,29.2,43.9,,run
2026-08-02T08:15:11+03:00,1785647711,2764,81,3,29.2,41.7,,run
2026-08-02T08:15:16+03:00,1785647716,2769,81,3,29.2,37.4,,run
2026-08-02T08:15:22+03:00,1785647722,2775,81,3,29.2,36.8,,run
2026-08-02T08:15:27+03:00,1785647727,2780,81,3,29.2,35.8,,run
2026-08-02T08:15:33+03:00,1785647733,2786,81,3,29.2,36.1,,run
2026-08-02T08:15:38+03:00,1785647738,2791,81,3,29.2,38.6,,run
2026-08-02T08:15:43+03:00,1785647743,2796,81,3,29.2,38.3,,run
2026-08-02T08:15:49+03:00,1785647749,2802,81,3,29.2,42.0,,run
2026-08-02T08:15:54+03:00,1785647754,2807,81,3,29.2,42.9,,run
2026-08-02T08:16:00+03:00,1785647760,2813,81,3,29.2,36.4,,run
2026-08-02T08:16:05+03:00,1785647765,2818,81,3,29.2,35.5,,run
2026-08-02T08:16:10+03:00,1785647770,2823,81,3,29.2,34.6,,run
2026-08-02T08:16:16+03:00,1785647776,2829,81,3,29.2,39.8,,run
2026-08-02T08:16:21+03:00,1785647781,2834,81,3,29.2,38.6,,run
2026-08-02T08:16:27+03:00,1785647787,2840,81,3,29.2,40.8,,run
2026-08-02T08:16:32+03:00,1785647792,2845,81,3,29.2,40.8,,run
2026-08-02T08:16:38+03:00,1785647798,2851,81,3,29.2,40.8,,run
2026-08-02T08:16:43+03:00,1785647803,2856,81,3,29.2,36.8,,run
2026-08-02T08:16:48+03:00,1785647808,2861,81,3,29.2,36.1,,run
2026-08-02T08:16:54+03:00,1785647814,2867,81,3,29.2,37.7,,run
2026-08-02T08:16:59+03:00,1785647819,2872,81,3,29.2,38.9,,run
2026-08-02T08:17:05+03:00,1785647825,2878,81,3,29.2,37.1,,run
2026-08-02T08:17:10+03:00,1785647830,2883,81,3,29.2,36.4,,run
2026-08-02T08:17:15+03:00,1785647835,2888,81,3,29.2,42.0,,run
2026-08-02T08:17:21+03:00,1785647841,2894,81,3,29.2,37.1,,run
2026-08-02T08:17:26+03:00,1785647846,2899,81,3,29.2,35.5,,run
2026-08-02T08:17:32+03:00,1785647852,2905,81,3,29.2,38.3,,run
2026-08-02T08:17:37+03:00,1785647857,2910,81,3,29.2,37.7,,run
2026-08-02T08:17:42+03:00,1785647862,2915,81,3,29.2,36.1,,run
2026-08-02T08:17:48+03:00,1785647868,2921,81,3,29.2,44.2,,run
2026-08-02T08:17:53+03:00,1785647873,2926,81,3,29.2,39.2,,run
2026-08-02T08:17:59+03:00,1785647879,2932,81,3,29.2,37.1,,run
2026-08-02T08:18:04+03:00,1785647884,2937,81,3,29.2,36.1,,run
2026-08-02T08:18:10+03:00,1785647890,2943,81,3,29.2,37.1,,run
2026-08-02T08:18:15+03:00,1785647895,2948,81,3,29.2,36.4,,run
2026-08-02T08:18:20+03:00,1785647900,2953,81,3,29.2,35.5,,run
2026-08-02T08:18:26+03:00,1785647906,2959,81,3,29.2,35.2,,run
2026-08-02T08:18:31+03:00,1785647911,2964,81,3,29.2,34.6,,run
2026-08-02T08:18:37+03:00,1785647917,2970,81,3,29.2,40.2,,run
2026-08-02T08:18:42+03:00,1785647922,2975,81,3,29.2,47.9,,run
2026-08-02T08:18:48+03:00,1785647928,2981,80,3,27.9,36.4,,run
2026-08-02T08:18:53+03:00,1785647933,2986,80,3,27.9,38.0,,run
2026-08-02T08:18:58+03:00,1785647938,2991,80,3,27.9,39.2,,run
2026-08-02T08:19:04+03:00,1785647944,2997,80,3,27.9,34.9,,run
2026-08-02T08:19:09+03:00,1785647949,3002,80,3,27.7,35.2,,run
2026-08-02T08:19:15+03:00,1785647955,3008,80,3,27.7,35.2,,run
2026-08-02T08:19:20+03:00,1785647960,3013,80,3,27.7,34.9,,run
2026-08-02T08:19:26+03:00,1785647966,3019,80,3,27.7,40.8,,run
2026-08-02T08:19:31+03:00,1785647971,3024,80,3,27.7,41.4,,run
2026-08-02T08:19:36+03:00,1785647976,3029,80,3,27.7,36.1,,run
2026-08-02T08:19:42+03:00,1785647982,3035,80,3,27.7,35.2,,run
2026-08-02T08:19:47+03:00,1785647987,3040,80,3,27.7,35.5,,run
2026-08-02T08:19:53+03:00,1785647993,3046,80,3,27.7,34.9,,run
2026-08-02T08:19:58+03:00,1785647998,3051,80,3,27.7,38.0,,run
2026-08-02T08:20:03+03:00,1785648003,3056,80,3,27.7,36.8,,run
2026-08-02T08:20:09+03:00,1785648009,3062,80,3,27.7,35.5,,run
2026-08-02T08:20:14+03:00,1785648014,3067,80,3,27.7,35.2,,run
2026-08-02T08:20:20+03:00,1785648020,3073,80,3,27.7,34.6,,run
2026-08-02T08:20:25+03:00,1785648025,3078,80,3,27.7,35.5,,run
2026-08-02T08:20:31+03:00,1785648031,3084,80,3,27.7,38.0,,run
2026-08-02T08:20:36+03:00,1785648036,3089,80,3,27.7,35.8,,run
2026-08-02T08:20:41+03:00,1785648041,3094,80,3,27.7,34.3,,run
2026-08-02T08:20:47+03:00,1785648047,3100,80,3,27.7,42.6,,run
2026-08-02T08:20:52+03:00,1785648052,3105,80,3,27.7,41.4,,run
2026-08-02T08:20:57+03:00,1785648057,3110,80,3,27.7,35.2,,run
2026-08-02T08:21:03+03:00,1785648063,3116,80,3,27.7,36.8,,run
2026-08-02T08:21:08+03:00,1785648068,3121,80,3,27.7,39.2,,run
2026-08-02T08:21:14+03:00,1785648074,3127,80,3,27.7,34.9,,run
2026-08-02T08:21:19+03:00,1785648079,3132,80,3,27.7,34.3,,run
2026-08-02T08:21:25+03:00,1785648085,3138,80,3,27.7,35.2,,run
2026-08-02T08:21:30+03:00,1785648090,3143,80,3,27.7,34.3,,run
2026-08-02T08:21:36+03:00,1785648096,3149,80,3,27.7,39.8,,run
2026-08-02T08:21:41+03:00,1785648101,3154,80,3,27.7,42.0,,run
2026-08-02T08:21:46+03:00,1785648106,3159,80,3,27.7,41.1,,run
2026-08-02T08:21:51+03:00,1785648111,3164,80,3,27.7,35.5,,run
2026-08-02T08:21:57+03:00,1785648117,3170,80,3,27.7,34.6,,run
2026-08-02T08:22:02+03:00,1785648122,3175,80,3,27.7,34.3,,run
2026-08-02T08:22:08+03:00,1785648128,3181,80,3,27.7,34.3,,run
2026-08-02T08:22:13+03:00,1785648133,3186,80,3,27.7,37.4,,run
2026-08-02T08:22:19+03:00,1785648139,3192,80,3,27.7,35.5,,run
2026-08-02T08:22:24+03:00,1785648144,3197,80,3,27.7,34.3,,run
2026-08-02T08:22:30+03:00,1785648150,3203,80,3,27.7,34.3,,run
2026-08-02T08:22:35+03:00,1785648155,3208,80,3,27.7,34.0,,run
2026-08-02T08:22:41+03:00,1785648161,3214,80,3,27.7,35.8,,run
2026-08-02T08:22:46+03:00,1785648166,3219,80,3,27.7,37.4,,run
2026-08-02T08:22:51+03:00,1785648171,3224,80,3,27.7,34.3,,run
2026-08-02T08:22:57+03:00,1785648177,3230,80,3,27.7,34.0,,run
2026-08-02T08:23:02+03:00,1785648182,3235,80,3,27.7,43.2,,run
2026-08-02T08:23:08+03:00,1785648188,3241,80,3,27.7,35.5,,run
2026-08-02T08:23:13+03:00,1785648193,3246,80,3,27.7,36.8,,run
2026-08-02T08:23:19+03:00,1785648199,3252,80,3,27.7,38.0,,run
2026-08-02T08:23:24+03:00,1785648204,3257,80,3,27.7,36.1,,run
2026-08-02T08:23:29+03:00,1785648209,3262,80,3,27.7,36.1,,run
2026-08-02T08:23:35+03:00,1785648215,3268,80,3,27.7,42.6,,run
2026-08-02T08:23:40+03:00,1785648220,3273,80,3,27.7,41.1,,run
2026-08-02T08:23:46+03:00,1785648226,3279,80,3,27.7,36.8,,run
2026-08-02T08:23:51+03:00,1785648231,3284,80,3,27.7,35.8,,run
2026-08-02T08:23:56+03:00,1785648236,3289,80,3,27.7,39.8,,run
2026-08-02T08:24:02+03:00,1785648242,3295,80,3,27.7,38.6,,run
2026-08-02T08:24:07+03:00,1785648247,3300,80,3,27.7,36.1,,run
2026-08-02T08:24:13+03:00,1785648253,3306,80,3,27.7,38.6,,run
2026-08-02T08:24:18+03:00,1785648258,3311,80,3,27.7,37.4,,run
2026-08-02T08:24:23+03:00,1785648263,3316,80,3,27.7,35.8,,run
2026-08-02T08:24:29+03:00,1785648269,3322,80,3,27.7,37.7,,run
2026-08-02T08:24:34+03:00,1785648274,3327,80,3,27.7,38.9,,run
2026-08-02T08:24:39+03:00,1785648279,3332,80,3,27.7,36.1,,run
2026-08-02T08:24:45+03:00,1785648285,3338,80,3,27.7,38.0,,run
2026-08-02T08:24:50+03:00,1785648290,3343,80,3,27.7,45.7,,run
2026-08-02T08:24:56+03:00,1785648296,3349,80,3,27.7,41.4,,run
2026-08-02T08:25:01+03:00,1785648301,3354,80,3,27.7,36.4,,run
2026-08-02T08:25:07+03:00,1785648307,3360,80,3,27.7,39.2,,run
2026-08-02T08:25:12+03:00,1785648312,3365,80,3,27.7,36.1,,run
2026-08-02T08:25:17+03:00,1785648317,3370,80,3,27.7,35.8,,run
2026-08-02T08:25:23+03:00,1785648323,3376,80,3,27.7,38.3,,run
2026-08-02T08:25:28+03:00,1785648328,3381,80,3,27.7,36.8,,run
2026-08-02T08:25:33+03:00,1785648333,3386,80,3,27.7,47.9,,run
2026-08-02T08:25:39+03:00,1785648339,3392,80,3,27.7,36.8,,run
2026-08-02T08:25:45+03:00,1785648345,3398,80,3,27.7,36.4,,run
2026-08-02T08:25:50+03:00,1785648350,3403,80,3,27.7,35.8,,run
2026-08-02T08:25:56+03:00,1785648356,3409,80,3,27.7,37.1,,run
2026-08-02T08:26:01+03:00,1785648361,3414,80,3,27.7,42.0,,run
2026-08-02T08:26:06+03:00,1785648366,3419,80,3,27.7,39.2,,run
2026-08-02T08:26:12+03:00,1785648372,3425,80,3,27.7,35.8,,run
2026-08-02T08:26:17+03:00,1785648377,3430,80,3,27.7,35.8,,run
2026-08-02T08:26:23+03:00,1785648383,3436,80,3,27.7,34.9,,run
2026-08-02T08:26:28+03:00,1785648388,3441,80,3,27.7,34.6,,run
2026-08-02T08:26:33+03:00,1785648393,3446,80,3,27.7,41.1,,run
2026-08-02T08:26:39+03:00,1785648399,3452,80,3,27.7,40.5,,run
2026-08-02T08:26:44+03:00,1785648404,3457,80,3,27.7,36.1,,run
2026-08-02T08:26:49+03:00,1785648409,3462,80,3,27.7,46.7,,run
2026-08-02T08:26:55+03:00,1785648415,3468,80,3,27.7,36.1,,run
2026-08-02T08:27:00+03:00,1785648420,3473,80,3,27.7,38.3,,run
2026-08-02T08:27:06+03:00,1785648426,3479,80,3,27.7,35.2,,run
2026-08-02T08:27:11+03:00,1785648431,3484,80,3,27.7,38.0,,run
2026-08-02T08:27:17+03:00,1785648437,3490,80,3,27.7,35.5,,run
2026-08-02T08:27:22+03:00,1785648442,3495,80,3,27.7,34.9,,run
2026-08-02T08:27:28+03:00,1785648448,3501,80,3,27.7,34.9,,run
2026-08-02T08:27:33+03:00,1785648453,3506,80,3,27.7,36.4,,run
2026-08-02T08:27:39+03:00,1785648459,3512,80,3,27.7,46.0,,run
2026-08-02T08:27:44+03:00,1785648464,3517,80,3,27.7,41.4,,run
2026-08-02T08:27:49+03:00,1785648469,3522,80,3,27.7,36.4,,run
2026-08-02T08:27:55+03:00,1785648475,3528,80,3,27.7,40.5,,run
2026-08-02T08:28:00+03:00,1785648480,3533,80,3,27.7,38.3,,run
2026-08-02T08:28:06+03:00,1785648486,3539,80,3,27.7,37.1,,run
2026-08-02T08:28:11+03:00,1785648491,3544,80,3,27.7,39.8,,run
2026-08-02T08:28:16+03:00,1785648496,3549,80,3,27.7,37.1,,run
2026-08-02T08:28:22+03:00,1785648502,3555,79,3,28.0,35.8,,run
2026-08-02T08:28:27+03:00,1785648507,3560,79,3,28.0,35.2,,run
2026-08-02T08:28:33+03:00,1785648513,3566,79,3,28.0,34.9,,run
2026-08-02T08:28:38+03:00,1785648518,3571,79,3,28.0,36.4,,run
2026-08-02T08:28:44+03:00,1785648524,3577,79,3,28.0,38.9,,run
2026-08-02T08:28:49+03:00,1785648529,3582,79,3,28.0,42.3,,run
2026-08-02T08:28:54+03:00,1785648534,3587,79,3,28.0,48.8,,run
2026-08-02T08:29:00+03:00,1785648540,3593,79,3,28.0,39.8,,run
2026-08-02T08:29:05+03:00,1785648545,3598,79,3,27.8,38.0,,run
2026-08-02T08:29:10+03:00,1785648550,3603,79,3,27.8,35.8,,run
2026-08-02T08:29:16+03:00,1785648556,3609,79,3,27.8,37.1,,run
2026-08-02T08:29:21+03:00,1785648561,3614,79,3,27.8,42.6,,run
2026-08-02T08:29:27+03:00,1785648567,3620,79,3,27.8,36.1,,run
2026-08-02T08:29:32+03:00,1785648572,3625,79,3,27.8,35.5,,run
2026-08-02T08:29:38+03:00,1785648578,3631,79,3,27.8,36.8,,run
2026-08-02T08:29:43+03:00,1785648583,3636,79,3,27.8,43.9,,run
2026-08-02T08:29:48+03:00,1785648588,3641,79,3,27.8,35.8,,run
2026-08-02T08:29:54+03:00,1785648594,3647,79,3,27.8,35.8,,run
2026-08-02T08:29:59+03:00,1785648599,3652,79,3,27.8,35.2,,run
2026-08-02T08:30:05+03:00,1785648605,3658,79,3,27.8,37.7,,run
2026-08-02T08:30:10+03:00,1785648610,3663,79,3,27.8,36.8,,run
2026-08-02T08:30:15+03:00,1785648615,3668,79,3,27.8,39.5,,run
2026-08-02T08:30:21+03:00,1785648621,3674,79,3,27.8,35.2,,run
2026-08-02T08:30:26+03:00,1785648626,3679,79,3,27.8,41.1,,run
2026-08-02T08:30:31+03:00,1785648631,3684,79,3,27.8,36.8,,run
2026-08-02T08:30:37+03:00,1785648637,3690,79,3,27.8,48.5,,run
2026-08-02T08:30:42+03:00,1785648642,3695,79,3,27.8,36.1,,run
2026-08-02T08:30:48+03:00,1785648648,3701,79,3,27.8,36.1,,run
2026-08-02T08:30:53+03:00,1785648653,3706,79,3,27.8,37.1,,run
2026-08-02T08:30:59+03:00,1785648659,3712,79,3,27.8,40.2,,run
2026-08-02T08:31:04+03:00,1785648664,3717,79,3,27.8,36.8,,run
2026-08-02T08:31:09+03:00,1785648669,3722,79,3,27.8,35.5,,run
2026-08-02T08:31:15+03:00,1785648675,3728,79,3,27.8,34.3,,run
2026-08-02T08:31:20+03:00,1785648680,3733,79,3,27.8,48.5,,run
2026-08-02T08:31:26+03:00,1785648686,3739,79,3,27.8,45.1,,run
2026-08-02T08:31:31+03:00,1785648691,3744,79,3,27.8,42.0,,run
2026-08-02T08:31:37+03:00,1785648697,3750,79,3,27.8,37.1,,run
2026-08-02T08:31:42+03:00,1785648702,3755,79,3,27.8,35.5,,run
2026-08-02T08:31:47+03:00,1785648707,3760,79,3,27.8,35.2,,run
2026-08-02T08:31:53+03:00,1785648713,3766,79,3,27.8,36.1,,run
2026-08-02T08:31:58+03:00,1785648718,3771,79,3,27.8,36.8,,run
2026-08-02T08:32:04+03:00,1785648724,3777,79,3,27.8,39.8,,run
2026-08-02T08:32:09+03:00,1785648729,3782,79,3,27.8,34.9,,run
2026-08-02T08:32:15+03:00,1785648735,3788,79,3,27.8,35.2,,run
2026-08-02T08:32:20+03:00,1785648740,3793,79,3,27.8,35.2,,run
2026-08-02T08:32:26+03:00,1785648746,3799,79,3,27.8,35.5,,run
2026-08-02T08:32:31+03:00,1785648751,3804,79,3,27.8,37.7,,run
2026-08-02T08:32:36+03:00,1785648756,3809,79,3,27.8,45.4,,run
2026-08-02T08:32:42+03:00,1785648762,3815,79,3,27.8,37.4,,run
2026-08-02T08:32:47+03:00,1785648767,3820,79,3,27.8,41.4,,run
2026-08-02T08:32:53+03:00,1785648773,3826,79,3,27.8,35.8,,run
2026-08-02T08:32:58+03:00,1785648778,3831,79,3,27.8,35.5,,run
2026-08-02T08:33:04+03:00,1785648784,3837,79,3,27.8,34.3,,run
2026-08-02T08:33:09+03:00,1785648789,3842,79,3,27.8,34.0,,run
2026-08-02T08:33:15+03:00,1785648795,3848,79,3,27.8,34.9,,run
2026-08-02T08:33:20+03:00,1785648800,3853,79,3,27.8,38.6,,run
2026-08-02T08:33:26+03:00,1785648806,3859,79,3,27.8,44.5,,run
2026-08-02T08:33:31+03:00,1785648811,3864,79,3,27.8,42.3,,run
2026-08-02T08:33:36+03:00,1785648816,3869,79,3,27.8,37.7,,run
2026-08-02T08:33:42+03:00,1785648822,3875,79,3,27.8,36.4,,run
2026-08-02T08:33:47+03:00,1785648827,3880,79,3,27.8,34.9,,run
2026-08-02T08:33:52+03:00,1785648832,3885,79,3,27.8,35.2,,run
2026-08-02T08:33:58+03:00,1785648838,3891,79,3,27.8,37.4,,run
2026-08-02T08:34:03+03:00,1785648843,3896,79,3,27.8,36.8,,run
2026-08-02T08:34:09+03:00,1785648849,3902,79,3,27.8,35.5,,run
2026-08-02T08:34:14+03:00,1785648854,3907,79,3,27.8,35.2,,run
2026-08-02T08:34:20+03:00,1785648860,3913,79,3,27.8,34.9,,run
2026-08-02T08:34:25+03:00,1785648865,3918,79,3,27.8,35.5,,run
2026-08-02T08:34:30+03:00,1785648870,3923,79,3,27.8,38.3,,run
2026-08-02T08:34:36+03:00,1785648876,3929,79,3,27.8,44.2,,run
2026-08-02T08:34:41+03:00,1785648881,3934,79,3,27.8,41.1,,run
2026-08-02T08:34:47+03:00,1785648887,3940,79,3,27.8,43.2,,run
2026-08-02T08:34:52+03:00,1785648892,3945,79,3,27.8,42.9,,run
2026-08-02T08:34:57+03:00,1785648897,3950,79,3,27.8,36.4,,run
2026-08-02T08:35:03+03:00,1785648903,3956,79,3,27.8,36.1,,run
2026-08-02T08:35:08+03:00,1785648908,3961,79,3,27.8,34.6,,run
2026-08-02T08:35:13+03:00,1785648913,3966,79,3,27.8,35.5,,run
2026-08-02T08:35:19+03:00,1785648919,3972,79,3,27.8,36.1,,run
2026-08-02T08:35:24+03:00,1785648924,3977,79,3,27.8,48.8,,run
2026-08-02T08:35:30+03:00,1785648930,3983,79,3,27.8,37.4,,run
2026-08-02T08:35:35+03:00,1785648935,3988,79,3,27.8,42.3,,run
2026-08-02T08:35:40+03:00,1785648940,3993,79,3,27.8,40.8,,run
2026-08-02T08:35:46+03:00,1785648946,3999,79,3,27.8,36.1,,run
2026-08-02T08:35:51+03:00,1785648951,4004,79,3,27.8,35.2,,run
2026-08-02T08:35:57+03:00,1785648957,4010,79,3,27.8,37.4,,run
2026-08-02T08:36:02+03:00,1785648962,4015,79,3,27.8,38.9,,run
2026-08-02T08:36:07+03:00,1785648967,4020,79,3,27.8,34.9,,run
2026-08-02T08:36:13+03:00,1785648973,4026,79,3,27.8,35.8,,run
2026-08-02T08:36:18+03:00,1785648978,4031,79,3,27.8,34.6,,run
2026-08-02T08:36:24+03:00,1785648984,4037,79,3,27.8,34.9,,run
2026-08-02T08:36:29+03:00,1785648989,4042,79,3,27.8,38.3,,run
2026-08-02T08:36:34+03:00,1785648994,4047,79,3,27.8,35.8,,run
2026-08-02T08:36:40+03:00,1785649000,4053,79,3,27.8,47.0,,run
2026-08-02T08:36:45+03:00,1785649005,4058,79,3,27.8,35.8,,run
2026-08-02T08:36:51+03:00,1785649011,4064,79,3,27.8,35.5,,run
2026-08-02T08:36:56+03:00,1785649016,4069,79,3,27.8,39.2,,run
2026-08-02T08:37:02+03:00,1785649022,4075,79,3,27.8,36.8,,run
2026-08-02T08:37:07+03:00,1785649027,4080,79,3,27.8,35.2,,run
2026-08-02T08:37:13+03:00,1785649033,4086,79,3,27.8,34.0,,run
2026-08-02T08:37:18+03:00,1785649038,4091,79,3,27.8,37.7,,run
2026-08-02T08:37:23+03:00,1785649043,4096,79,3,27.8,41.4,,run
2026-08-02T08:37:29+03:00,1785649049,4102,79,3,27.8,40.8,,run
2026-08-02T08:37:34+03:00,1785649054,4107,79,3,27.8,35.5,,run
2026-08-02T08:37:40+03:00,1785649060,4113,79,3,27.8,38.3,,run
2026-08-02T08:37:45+03:00,1785649065,4118,79,3,27.8,40.8,,run
2026-08-02T08:37:50+03:00,1785649070,4123,79,3,27.8,38.0,,run
2026-08-02T08:37:56+03:00,1785649076,4129,79,3,27.8,39.8,,run
2026-08-02T08:38:01+03:00,1785649081,4134,78,3,27.9,36.1,,run
2026-08-02T08:38:06+03:00,1785649086,4139,78,3,27.9,35.2,,run
2026-08-02T08:38:12+03:00,1785649092,4145,78,3,27.9,35.5,,run
2026-08-02T08:38:17+03:00,1785649097,4150,78,3,27.9,35.5,,run
2026-08-02T08:38:23+03:00,1785649103,4156,78,3,27.9,37.1,,run
2026-08-02T08:38:28+03:00,1785649108,4161,78,3,27.9,38.6,,run
2026-08-02T08:38:34+03:00,1785649114,4167,78,3,27.9,34.9,,run
2026-08-02T08:38:39+03:00,1785649119,4172,78,3,27.9,44.5,,run
2026-08-02T08:38:44+03:00,1785649124,4177,78,3,27.9,37.4,,run
2026-08-02T08:38:50+03:00,1785649130,4183,78,3,27.9,38.0,,run
2026-08-02T08:38:55+03:00,1785649135,4188,78,3,27.9,35.5,,run
2026-08-02T08:39:01+03:00,1785649141,4194,78,3,27.9,41.4,,run
2026-08-02T08:39:06+03:00,1785649146,4199,78,3,28.0,42.3,,run
2026-08-02T08:39:11+03:00,1785649151,4204,78,3,28.0,36.4,,run
2026-08-02T08:39:17+03:00,1785649157,4210,78,3,28.0,37.4,,run
2026-08-02T08:39:22+03:00,1785649162,4215,78,3,28.0,39.8,,run
2026-08-02T08:39:28+03:00,1785649168,4221,78,3,28.0,48.5,,run
2026-08-02T08:39:33+03:00,1785649173,4226,78,3,28.0,40.2,,run
2026-08-02T08:39:38+03:00,1785649178,4231,78,3,28.0,40.5,,run
2026-08-02T08:39:44+03:00,1785649184,4237,78,3,28.0,37.1,,run
2026-08-02T08:39:49+03:00,1785649189,4242,78,3,28.0,44.5,,run
2026-08-02T08:39:54+03:00,1785649194,4247,78,3,28.0,38.0,,run
2026-08-02T08:40:00+03:00,1785649200,4253,78,3,28.0,38.6,,run
2026-08-02T08:40:05+03:00,1785649205,4258,78,3,28.0,40.8,,run
2026-08-02T08:40:10+03:00,1785649210,4263,78,3,28.0,38.6,,run
2026-08-02T08:40:16+03:00,1785649216,4269,78,3,28.0,41.7,,run
2026-08-02T08:40:21+03:00,1785649221,4274,78,3,28.0,37.1,,run
2026-08-02T08:40:26+03:00,1785649226,4279,78,3,28.0,38.6,,run
2026-08-02T08:40:32+03:00,1785649232,4285,78,3,28.0,36.4,,run
2026-08-02T08:40:37+03:00,1785649237,4290,78,3,28.0,38.3,,run
2026-08-02T08:40:43+03:00,1785649243,4296,78,3,28.0,49.4,,run
2026-08-02T08:40:49+03:00,1785649249,4302,78,3,28.0,37.1,,run
2026-08-02T08:40:54+03:00,1785649254,4307,78,3,28.0,36.4,,run
2026-08-02T08:40:59+03:00,1785649259,4312,78,3,28.0,36.4,,run
2026-08-02T08:41:05+03:00,1785649265,4318,78,3,28.0,35.2,,run
2026-08-02T08:41:10+03:00,1785649270,4323,78,3,28.0,50.4,,run
2026-08-02T08:41:16+03:00,1785649276,4329,78,3,28.0,44.8,,run
2026-08-02T08:41:21+03:00,1785649281,4334,78,3,28.0,38.0,,run
2026-08-02T08:41:26+03:00,1785649286,4339,78,3,28.0,37.4,,run
2026-08-02T08:41:32+03:00,1785649292,4345,78,3,28.0,42.3,,run
2026-08-02T08:41:37+03:00,1785649297,4350,78,3,28.0,37.1,,run
2026-08-02T08:41:43+03:00,1785649303,4356,78,3,28.0,38.9,,run
2026-08-02T08:41:48+03:00,1785649308,4361,78,3,28.0,40.5,,run
2026-08-02T08:41:53+03:00,1785649313,4366,78,3,28.0,36.8,,run
2026-08-02T08:41:59+03:00,1785649319,4372,78,3,28.0,42.3,,run
2026-08-02T08:42:04+03:00,1785649324,4377,78,3,28.0,37.7,,run
2026-08-02T08:42:10+03:00,1785649330,4383,78,3,28.0,37.1,,run
2026-08-02T08:42:15+03:00,1785649335,4388,78,3,28.0,37.1,,run
2026-08-02T08:42:20+03:00,1785649340,4393,78,3,28.0,40.8,,run
2026-08-02T08:42:26+03:00,1785649346,4399,78,3,28.0,49.7,,run
2026-08-02T08:42:31+03:00,1785649351,4404,78,3,28.0,37.4,,run
2026-08-02T08:42:37+03:00,1785649357,4410,78,3,28.0,36.1,,run
2026-08-02T08:42:42+03:00,1785649362,4415,78,3,28.0,37.1,,run
2026-08-02T08:42:48+03:00,1785649368,4421,78,3,28.0,35.5,,run
2026-08-02T08:42:53+03:00,1785649373,4426,78,3,28.0,36.1,,run
2026-08-02T08:42:58+03:00,1785649378,4431,78,3,28.0,37.4,,run
2026-08-02T08:43:04+03:00,1785649384,4437,78,3,28.0,39.5,,run
2026-08-02T08:43:09+03:00,1785649389,4442,78,3,28.0,49.1,,run
2026-08-02T08:43:15+03:00,1785649395,4448,78,3,28.0,43.6,,run
2026-08-02T08:43:20+03:00,1785649400,4453,78,3,28.0,38.6,,run
2026-08-02T08:43:26+03:00,1785649406,4459,78,3,28.0,38.3,,run
2026-08-02T08:43:31+03:00,1785649411,4464,78,3,28.0,36.4,,run
2026-08-02T08:43:37+03:00,1785649417,4470,78,3,28.0,37.7,,run
2026-08-02T08:43:42+03:00,1785649422,4475,78,3,28.0,40.5,,run
2026-08-02T08:43:47+03:00,1785649427,4480,78,3,28.0,42.3,,run
2026-08-02T08:43:53+03:00,1785649433,4486,78,3,28.0,37.1,,run
2026-08-02T08:43:58+03:00,1785649438,4491,78,3,28.0,36.4,,run
2026-08-02T08:44:04+03:00,1785649444,4497,78,3,28.0,36.1,,run
2026-08-02T08:44:09+03:00,1785649449,4502,78,3,28.0,35.2,,run
2026-08-02T08:44:15+03:00,1785649455,4508,78,3,28.0,38.3,,run
2026-08-02T08:44:20+03:00,1785649460,4513,78,3,28.0,38.6,,run
2026-08-02T08:44:25+03:00,1785649465,4518,78,3,28.0,45.1,,run
2026-08-02T08:44:31+03:00,1785649471,4524,78,3,28.0,37.7,,run
2026-08-02T08:44:36+03:00,1785649476,4529,78,3,28.0,43.6,,run
2026-08-02T08:44:42+03:00,1785649482,4535,78,3,28.0,37.4,,run
2026-08-02T08:44:47+03:00,1785649487,4540,78,3,28.0,36.8,,run
2026-08-02T08:44:53+03:00,1785649493,4546,78,3,28.0,35.5,,run
2026-08-02T08:44:58+03:00,1785649498,4551,78,3,28.0,39.8,,run
2026-08-02T08:45:03+03:00,1785649503,4556,78,3,28.0,40.5,,run
2026-08-02T08:45:09+03:00,1785649509,4562,78,3,28.0,49.4,,run
2026-08-02T08:45:14+03:00,1785649514,4567,78,3,28.0,39.8,,run
2026-08-02T08:45:20+03:00,1785649520,4573,78,3,28.0,42.0,,run
2026-08-02T08:45:25+03:00,1785649525,4578,78,3,28.0,38.9,,run
2026-08-02T08:45:30+03:00,1785649530,4583,78,3,28.0,41.1,,run
2026-08-02T08:45:36+03:00,1785649536,4589,78,3,28.0,40.5,,run
2026-08-02T08:45:41+03:00,1785649541,4594,78,3,28.0,42.0,,run
2026-08-02T08:45:46+03:00,1785649546,4599,78,3,28.0,42.6,,run
2026-08-02T08:45:52+03:00,1785649552,4605,78,3,28.0,40.2,,run
2026-08-02T08:45:57+03:00,1785649557,4610,78,3,28.0,42.0,,run
2026-08-02T08:46:02+03:00,1785649562,4615,78,3,28.0,38.0,,run
2026-08-02T08:46:08+03:00,1785649568,4621,78,3,28.0,39.5,,run
2026-08-02T08:46:13+03:00,1785649573,4626,78,3,28.0,41.4,,run
2026-08-02T08:46:18+03:00,1785649578,4631,78,3,28.0,38.0,,run
2026-08-02T08:46:24+03:00,1785649584,4637,78,3,28.0,49.7,,run
2026-08-02T08:46:29+03:00,1785649589,4642,78,3,28.0,40.8,,run
2026-08-02T08:46:35+03:00,1785649595,4648,77,3,29.1,42.9,,run
2026-08-02T08:46:40+03:00,1785649600,4653,77,3,29.1,37.4,,run
2026-08-02T08:46:46+03:00,1785649606,4659,77,3,29.1,35.8,,run
2026-08-02T08:46:51+03:00,1785649611,4664,77,3,29.1,36.1,,run
2026-08-02T08:46:57+03:00,1785649617,4670,77,3,29.1,38.0,,run
2026-08-02T08:47:02+03:00,1785649622,4675,77,3,29.1,39.2,,run
2026-08-02T08:47:07+03:00,1785649627,4680,77,3,29.1,43.9,,run
2026-08-02T08:47:13+03:00,1785649633,4686,77,3,29.1,50.1,,run
2026-08-02T08:47:18+03:00,1785649638,4691,77,3,29.1,39.5,,run
2026-08-02T08:47:23+03:00,1785649643,4696,77,3,29.1,37.7,,run
2026-08-02T08:47:29+03:00,1785649649,4702,77,3,29.1,37.1,,run
2026-08-02T08:47:34+03:00,1785649654,4707,77,3,29.1,38.3,,run
2026-08-02T08:47:40+03:00,1785649660,4713,77,3,29.1,41.4,,run
2026-08-02T08:47:45+03:00,1785649665,4718,77,3,29.1,36.8,,run
2026-08-02T08:47:51+03:00,1785649671,4724,77,3,29.1,42.9,,run
2026-08-02T08:47:56+03:00,1785649676,4729,77,3,29.1,39.5,,run
2026-08-02T08:48:01+03:00,1785649681,4734,77,3,29.1,37.4,,run
2026-08-02T08:48:07+03:00,1785649687,4740,77,3,29.1,37.7,,run
2026-08-02T08:48:12+03:00,1785649692,4745,77,3,29.1,40.5,,run
2026-08-02T08:48:18+03:00,1785649698,4751,77,3,29.1,36.8,,run
2026-08-02T08:48:23+03:00,1785649703,4756,77,3,29.1,37.1,,run
2026-08-02T08:48:29+03:00,1785649709,4762,77,3,29.1,49.1,,run
2026-08-02T08:48:34+03:00,1785649714,4767,77,3,29.1,40.2,,run
2026-08-02T08:48:39+03:00,1785649719,4772,77,3,29.1,38.0,,run
2026-08-02T08:48:45+03:00,1785649725,4778,77,3,29.1,42.6,,run
2026-08-02T08:48:50+03:00,1785649730,4783,77,3,29.1,36.8,,run
2026-08-02T08:48:56+03:00,1785649736,4789,77,3,29.1,36.1,,run
2026-08-02T08:49:01+03:00,1785649741,4794,77,3,29.1,37.7,,run
2026-08-02T08:49:07+03:00,1785649747,4800,77,3,28.9,38.0,,run
2026-08-02T08:49:12+03:00,1785649752,4805,77,3,28.9,51.0,,run
2026-08-02T08:49:18+03:00,1785649758,4811,77,3,28.9,46.0,,run
2026-08-02T08:49:23+03:00,1785649763,4816,77,3,28.9,43.6,,run
2026-08-02T08:49:28+03:00,1785649768,4821,77,3,28.9,38.3,,run
2026-08-02T08:49:34+03:00,1785649774,4827,77,3,28.9,37.4,,run
2026-08-02T08:49:39+03:00,1785649779,4832,77,3,28.9,36.8,,run
2026-08-02T08:49:45+03:00,1785649785,4838,77,3,28.9,36.8,,run
2026-08-02T08:49:50+03:00,1785649790,4843,77,3,28.9,39.2,,run
2026-08-02T08:49:55+03:00,1785649795,4848,77,3,28.9,39.5,,run
2026-08-02T08:50:01+03:00,1785649801,4854,77,3,28.9,44.2,,run
2026-08-02T08:50:06+03:00,1785649806,4859,77,3,28.9,38.9,,run
2026-08-02T08:50:12+03:00,1785649812,4865,77,3,28.9,38.0,,run
2026-08-02T08:50:17+03:00,1785649817,4870,77,3,28.9,37.4,,run
2026-08-02T08:50:22+03:00,1785649822,4875,77,3,28.9,36.1,,run
2026-08-02T08:50:28+03:00,1785649828,4881,77,3,28.9,40.5,,run
2026-08-02T08:50:33+03:00,1785649833,4886,77,3,28.9,41.1,,run
2026-08-02T08:50:39+03:00,1785649839,4892,77,3,28.9,39.2,,run
2026-08-02T08:50:44+03:00,1785649844,4897,77,3,28.9,36.8,,run
2026-08-02T08:50:49+03:00,1785649849,4902,77,3,28.9,36.1,,run
2026-08-02T08:50:55+03:00,1785649855,4908,77,3,28.9,36.4,,run
2026-08-02T08:51:00+03:00,1785649860,4913,77,3,28.9,36.8,,run
2026-08-02T08:51:06+03:00,1785649866,4919,77,3,28.9,36.1,,run
2026-08-02T08:51:11+03:00,1785649871,4924,77,3,28.9,39.2,,run
2026-08-02T08:51:17+03:00,1785649877,4930,77,3,28.9,42.3,,run
2026-08-02T08:51:22+03:00,1785649882,4935,77,3,28.9,40.2,,run
2026-08-02T08:51:28+03:00,1785649888,4941,77,3,28.9,46.3,,run
2026-08-02T08:51:33+03:00,1785649893,4946,77,3,28.9,44.8,,run
2026-08-02T08:51:38+03:00,1785649898,4951,77,3,28.9,41.7,,run
2026-08-02T08:51:43+03:00,1785649903,4956,77,3,28.9,43.6,,run
2026-08-02T08:51:49+03:00,1785649909,4962,77,3,28.9,43.6,,run
2026-08-02T08:51:54+03:00,1785649914,4967,77,3,28.9,45.7,,run
2026-08-02T08:51:59+03:00,1785649919,4972,77,3,28.9,39.2,,run
2026-08-02T08:52:05+03:00,1785649925,4978,77,3,28.9,38.9,,run
2026-08-02T08:52:10+03:00,1785649930,4983,77,3,28.9,39.2,,run
2026-08-02T08:52:15+03:00,1785649935,4988,77,3,28.9,44.8,,run
2026-08-02T08:52:21+03:00,1785649941,4994,77,3,28.9,44.2,,run
2026-08-02T08:52:26+03:00,1785649946,4999,77,3,28.9,38.3,,run
2026-08-02T08:52:31+03:00,1785649951,5004,77,3,28.9,50.7,,run
2026-08-02T08:52:37+03:00,1785649957,5010,77,3,28.9,40.8,,run
2026-08-02T08:52:42+03:00,1785649962,5015,77,3,28.9,37.1,,run
2026-08-02T08:52:48+03:00,1785649968,5021,77,3,28.9,37.1,,run
2026-08-02T08:52:53+03:00,1785649973,5026,77,3,28.9,36.4,,run
2026-08-02T08:52:59+03:00,1785649979,5032,77,3,28.9,35.8,,run
2026-08-02T08:53:04+03:00,1785649984,5037,77,3,28.9,36.4,,run
2026-08-02T08:53:10+03:00,1785649990,5043,77,3,28.9,36.4,,run
2026-08-02T08:53:15+03:00,1785649995,5048,77,3,28.9,47.9,,run
2026-08-02T08:53:20+03:00,1785650000,5053,77,3,28.9,38.0,,run
2026-08-02T08:53:26+03:00,1785650006,5059,77,3,28.9,40.2,,run
2026-08-02T08:53:31+03:00,1785650011,5064,77,3,28.9,45.1,,run
2026-08-02T08:53:36+03:00,1785650016,5069,77,3,28.9,44.5,,run
2026-08-02T08:53:42+03:00,1785650022,5075,77,3,28.9,40.5,,run
2026-08-02T08:53:47+03:00,1785650027,5080,77,3,28.9,43.2,,run
2026-08-02T08:53:52+03:00,1785650032,5085,77,3,28.9,38.6,,run
2026-08-02T08:53:58+03:00,1785650038,5091,77,3,28.9,37.7,,run
2026-08-02T08:54:03+03:00,1785650043,5096,77,3,28.9,41.7,,run
2026-08-02T08:54:09+03:00,1785650049,5102,77,3,28.9,42.0,,run
2026-08-02T08:54:14+03:00,1785650054,5107,77,3,28.9,38.6,,run
2026-08-02T08:54:19+03:00,1785650059,5112,77,3,28.9,44.5,,run
2026-08-02T08:54:25+03:00,1785650065,5118,77,3,28.9,42.6,,run
2026-08-02T08:54:30+03:00,1785650070,5123,77,3,28.9,51.0,,run
2026-08-02T08:54:36+03:00,1785650076,5129,77,3,28.9,39.5,,run
2026-08-02T08:54:41+03:00,1785650081,5134,77,3,28.9,38.0,,run
2026-08-02T08:54:46+03:00,1785650086,5139,77,3,28.9,37.1,,run
2026-08-02T08:54:52+03:00,1785650092,5145,77,3,28.9,36.4,,run
2026-08-02T08:54:57+03:00,1785650097,5150,77,3,28.9,36.1,,run
2026-08-02T08:55:03+03:00,1785650103,5156,77,3,28.9,36.4,,run
2026-08-02T08:55:08+03:00,1785650108,5161,77,3,28.9,36.8,,run
2026-08-02T08:55:14+03:00,1785650114,5167,77,3,28.9,50.7,,run
2026-08-02T08:55:19+03:00,1785650119,5172,77,3,28.9,38.6,,run
2026-08-02T08:55:25+03:00,1785650125,5178,77,3,28.9,38.0,,run
2026-08-02T08:55:30+03:00,1785650130,5183,77,3,28.9,36.4,,run
2026-08-02T08:55:36+03:00,1785650136,5189,77,3,28.9,43.9,,run
2026-08-02T08:55:41+03:00,1785650141,5194,77,3,28.9,39.5,,run
2026-08-02T08:55:46+03:00,1785650146,5199,77,3,28.9,38.0,,run
2026-08-02T08:55:52+03:00,1785650152,5205,77,3,28.9,37.1,,run
2026-08-02T08:55:57+03:00,1785650157,5210,77,3,28.9,36.4,,run
2026-08-02T08:56:03+03:00,1785650163,5216,77,3,28.9,36.8,,run
2026-08-02T08:56:08+03:00,1785650168,5221,77,3,28.9,40.8,,run
2026-08-02T08:56:13+03:00,1785650173,5226,76,3,29.2,36.8,,run
2026-08-02T08:56:19+03:00,1785650179,5232,76,3,29.2,36.8,,run
2026-08-02T08:56:24+03:00,1785650184,5237,76,3,29.2,45.1,,run
2026-08-02T08:56:29+03:00,1785650189,5242,76,3,29.2,50.1,,run
2026-08-02T08:56:35+03:00,1785650195,5248,76,3,29.2,38.0,,run
2026-08-02T08:56:40+03:00,1785650200,5253,76,3,29.2,37.1,,run
2026-08-02T08:56:46+03:00,1785650206,5259,76,3,29.2,36.1,,run
2026-08-02T08:56:51+03:00,1785650211,5264,76,3,29.2,38.0,,run
2026-08-02T08:56:57+03:00,1785650217,5270,76,3,29.2,41.4,,run
2026-08-02T08:57:02+03:00,1785650222,5275,76,3,29.2,40.5,,run
2026-08-02T08:57:08+03:00,1785650228,5281,76,3,29.2,38.0,,run
2026-08-02T08:57:13+03:00,1785650233,5286,76,3,29.2,37.1,,run
2026-08-02T08:57:19+03:00,1785650239,5292,76,3,29.2,36.4,,run
2026-08-02T08:57:24+03:00,1785650244,5297,76,3,29.2,36.4,,run
2026-08-02T08:57:29+03:00,1785650249,5302,76,3,29.2,38.6,,run
2026-08-02T08:57:35+03:00,1785650255,5308,76,3,29.2,40.5,,run
2026-08-02T08:57:40+03:00,1785650260,5313,76,3,29.2,41.7,,run
2026-08-02T08:57:46+03:00,1785650266,5319,76,3,29.2,38.9,,run
2026-08-02T08:57:51+03:00,1785650271,5324,76,3,29.2,39.2,,run
2026-08-02T08:57:57+03:00,1785650277,5330,76,3,29.2,37.7,,run
2026-08-02T08:58:02+03:00,1785650282,5335,76,3,29.2,38.6,,run
2026-08-02T08:58:07+03:00,1785650287,5340,76,3,29.2,44.5,,run
2026-08-02T08:58:13+03:00,1785650293,5346,76,3,29.2,44.8,,run
2026-08-02T08:58:18+03:00,1785650298,5351,76,3,29.2,42.3,,run
2026-08-02T08:58:24+03:00,1785650304,5357,76,3,29.2,39.2,,run
2026-08-02T08:58:29+03:00,1785650309,5362,76,3,29.2,40.2,,run
2026-08-02T08:58:34+03:00,1785650314,5367,76,3,29.2,37.7,,run
2026-08-02T08:58:40+03:00,1785650320,5373,76,3,29.2,36.8,,run
2026-08-02T08:58:45+03:00,1785650325,5378,76,3,29.2,38.9,,run
2026-08-02T08:58:51+03:00,1785650331,5384,76,3,29.2,36.8,,run
2026-08-02T08:58:56+03:00,1785650336,5389,76,3,29.2,47.9,,run
2026-08-02T08:59:02+03:00,1785650342,5395,76,3,29.2,37.4,,run
2026-08-02T08:59:07+03:00,1785650347,5400,76,3,29.0,36.8,,run
2026-08-02T08:59:13+03:00,1785650353,5406,76,3,29.0,38.6,,run
2026-08-02T08:59:18+03:00,1785650358,5411,76,3,29.0,39.8,,run
2026-08-02T08:59:23+03:00,1785650363,5416,76,3,29.0,41.1,,run
2026-08-02T08:59:29+03:00,1785650369,5422,76,3,29.0,40.5,,run
2026-08-02T08:59:34+03:00,1785650374,5427,76,3,29.0,37.1,,run
2026-08-02T08:59:40+03:00,1785650380,5433,76,3,29.0,35.8,,run
2026-08-02T08:59:45+03:00,1785650385,5438,76,3,29.0,41.4,,run
2026-08-02T08:59:50+03:00,1785650390,5443,76,3,29.0,42.6,,run
2026-08-02T08:59:56+03:00,1785650396,5449,76,3,29.0,37.7,,run
2026-08-02T09:00:01+03:00,1785650401,5454,76,3,29.0,38.6,,run
2026-08-02T09:00:07+03:00,1785650407,5460,76,3,29.0,38.0,,run
2026-08-02T09:00:12+03:00,1785650412,5465,76,3,29.0,50.1,,run
2026-08-02T09:00:18+03:00,1785650418,5471,76,3,29.0,43.2,,run
2026-08-02T09:00:23+03:00,1785650423,5476,76,3,29.0,39.5,,run
2026-08-02T09:00:29+03:00,1785650429,5482,76,3,29.0,36.4,,run
2026-08-02T09:00:34+03:00,1785650434,5487,76,3,29.0,36.4,,run
2026-08-02T09:00:40+03:00,1785650440,5493,76,3,29.0,35.5,,run
2026-08-02T09:00:45+03:00,1785650445,5498,76,3,29.0,39.8,,run
2026-08-02T09:00:50+03:00,1785650450,5503,76,3,29.0,36.8,,run
2026-08-02T09:00:56+03:00,1785650456,5509,76,3,29.0,51.6,,run
2026-08-02T09:01:01+03:00,1785650461,5514,76,3,29.0,42.3,,run
2026-08-02T09:01:07+03:00,1785650467,5520,76,3,29.0,39.2,,run
2026-08-02T09:01:12+03:00,1785650472,5525,76,3,29.0,36.8,,run
2026-08-02T09:01:18+03:00,1785650478,5531,76,3,29.0,40.5,,run
2026-08-02T09:01:23+03:00,1785650483,5536,76,3,29.0,42.0,,run
2026-08-02T09:01:28+03:00,1785650488,5541,76,3,29.0,38.0,,run
2026-08-02T09:01:34+03:00,1785650494,5547,76,3,29.0,45.1,,run
2026-08-02T09:01:39+03:00,1785650499,5552,76,3,29.0,45.4,,run
2026-08-02T09:01:44+03:00,1785650504,5557,76,3,29.0,38.9,,run
2026-08-02T09:01:50+03:00,1785650510,5563,76,3,29.0,37.7,,run
2026-08-02T09:01:55+03:00,1785650515,5568,76,3,29.0,36.8,,run
2026-08-02T09:02:00+03:00,1785650520,5573,76,3,29.0,39.8,,run
2026-08-02T09:02:06+03:00,1785650526,5579,76,3,29.0,38.3,,run
2026-08-02T09:02:11+03:00,1785650531,5584,76,3,29.0,46.3,,run
2026-08-02T09:02:17+03:00,1785650537,5590,76,3,29.0,38.6,,run
2026-08-02T09:02:22+03:00,1785650542,5595,76,3,29.0,45.4,,run
2026-08-02T09:02:27+03:00,1785650547,5600,76,3,29.0,41.4,,run
2026-08-02T09:02:33+03:00,1785650553,5606,76,3,29.0,38.3,,run
2026-08-02T09:02:38+03:00,1785650558,5611,76,3,29.0,36.8,,run
2026-08-02T09:02:44+03:00,1785650564,5617,76,3,29.0,36.1,,run
2026-08-02T09:02:49+03:00,1785650569,5622,76,3,29.0,36.1,,run
2026-08-02T09:02:54+03:00,1785650574,5627,76,3,29.0,50.1,,run
2026-08-02T09:03:00+03:00,1785650580,5633,76,3,29.0,38.9,,run
2026-08-02T09:03:05+03:00,1785650585,5638,76,3,29.0,38.3,,run
2026-08-02T09:03:11+03:00,1785650591,5644,76,3,29.0,39.2,,run
2026-08-02T09:03:16+03:00,1785650596,5649,76,3,29.0,42.3,,run
2026-08-02T09:03:21+03:00,1785650601,5654,76,3,29.0,37.4,,run
2026-08-02T09:03:27+03:00,1785650607,5660,76,3,29.0,41.1,,run
2026-08-02T09:03:32+03:00,1785650612,5665,76,3,29.0,38.6,,run
2026-08-02T09:03:37+03:00,1785650617,5670,76,3,29.0,40.2,,run
2026-08-02T09:03:43+03:00,1785650623,5676,76,3,29.0,39.8,,run
2026-08-02T09:03:48+03:00,1785650628,5681,76,3,29.0,40.8,,run
2026-08-02T09:03:54+03:00,1785650634,5687,76,3,29.0,39.2,,run
2026-08-02T09:03:59+03:00,1785650639,5692,76,3,29.0,37.1,,run
2026-08-02T09:04:04+03:00,1785650644,5697,76,3,29.0,41.1,,run
2026-08-02T09:04:09+03:00,1785650649,5702,76,3,29.0,49.7,,run
2026-08-02T09:04:15+03:00,1785650655,5708,76,3,29.0,38.3,,run
2026-08-02T09:04:21+03:00,1785650661,5714,76,3,29.0,41.1,,run
2026-08-02T09:04:26+03:00,1785650666,5719,76,3,29.0,42.3,,run
2026-08-02T09:04:31+03:00,1785650671,5724,76,3,29.0,38.0,,run
2026-08-02T09:04:37+03:00,1785650677,5730,76,3,29.0,37.1,,run
2026-08-02T09:04:42+03:00,1785650682,5735,76,3,29.0,37.4,,run
2026-08-02T09:04:48+03:00,1785650688,5741,76,3,29.0,36.8,,run
2026-08-02T09:04:53+03:00,1785650693,5746,76,3,29.0,47.6,,run
2026-08-02T09:04:58+03:00,1785650698,5751,76,3,29.0,39.2,,run
2026-08-02T09:05:04+03:00,1785650704,5757,76,3,29.0,40.8,,run
2026-08-02T09:05:09+03:00,1785650709,5762,76,3,29.0,41.1,,run
2026-08-02T09:05:14+03:00,1785650714,5767,76,3,29.0,38.3,,run
2026-08-02T09:05:20+03:00,1785650720,5773,76,3,29.0,36.8,,run
2026-08-02T09:05:25+03:00,1785650725,5778,76,3,29.0,36.1,,run
2026-08-02T09:05:31+03:00,1785650731,5784,76,3,29.0,36.4,,run
2026-08-02T09:05:36+03:00,1785650736,5789,76,3,29.0,38.6,,run
2026-08-02T09:05:42+03:00,1785650742,5795,76,3,29.0,44.2,,run
2026-08-02T09:05:47+03:00,1785650747,5800,76,3,29.0,44.2,,run
2026-08-02T09:05:52+03:00,1785650752,5805,75,3,29.3,37.7,,run
2026-08-02T09:05:58+03:00,1785650758,5811,75,3,29.3,36.8,,run
2026-08-02T09:06:03+03:00,1785650763,5816,75,3,29.3,36.4,,run
2026-08-02T09:06:08+03:00,1785650768,5821,75,3,29.3,48.5,,run
2026-08-02T09:06:14+03:00,1785650774,5827,75,3,29.3,37.1,,run
2026-08-02T09:06:20+03:00,1785650780,5833,75,3,29.3,37.1,,run
2026-08-02T09:06:25+03:00,1785650785,5838,75,3,29.3,40.8,,run
2026-08-02T09:06:30+03:00,1785650790,5843,75,3,29.3,37.1,,run
2026-08-02T09:06:36+03:00,1785650796,5849,75,3,29.3,36.8,,run
2026-08-02T09:06:41+03:00,1785650801,5854,75,3,29.3,39.8,,run
2026-08-02T09:06:47+03:00,1785650807,5860,75,3,29.3,38.0,,run
2026-08-02T09:06:52+03:00,1785650812,5865,75,3,29.3,45.1,,run
2026-08-02T09:06:58+03:00,1785650818,5871,75,3,29.3,37.1,,run
2026-08-02T09:07:03+03:00,1785650823,5876,75,3,29.3,36.8,,run
2026-08-02T09:07:08+03:00,1785650828,5881,75,3,29.3,36.1,,run
2026-08-02T09:07:14+03:00,1785650834,5887,75,3,29.3,36.8,,run
2026-08-02T09:07:19+03:00,1785650839,5892,75,3,29.3,38.9,,run
2026-08-02T09:07:25+03:00,1785650845,5898,75,3,29.3,37.1,,run
2026-08-02T09:07:30+03:00,1785650850,5903,75,3,29.3,37.1,,run
2026-08-02T09:07:35+03:00,1785650855,5908,75,3,29.3,35.8,,run
2026-08-02T09:07:41+03:00,1785650861,5914,75,3,29.3,35.5,,run
2026-08-02T09:07:46+03:00,1785650866,5919,75,3,29.3,41.1,,run
2026-08-02T09:07:52+03:00,1785650872,5925,75,3,29.3,39.5,,run
2026-08-02T09:07:57+03:00,1785650877,5930,75,3,29.3,40.5,,run
2026-08-02T09:08:02+03:00,1785650882,5935,75,3,29.3,39.5,,run
2026-08-02T09:08:08+03:00,1785650888,5941,75,3,29.3,49.1,,run
2026-08-02T09:08:13+03:00,1785650893,5946,75,3,29.3,43.2,,run
2026-08-02T09:08:19+03:00,1785650899,5952,75,3,29.3,36.4,,run
2026-08-02T09:08:24+03:00,1785650904,5957,75,3,29.3,35.8,,run
2026-08-02T09:08:30+03:00,1785650910,5963,75,3,29.3,42.6,,run
2026-08-02T09:08:35+03:00,1785650915,5968,75,3,29.3,39.5,,run
2026-08-02T09:08:40+03:00,1785650920,5973,75,3,29.3,36.8,,run
2026-08-02T09:08:46+03:00,1785650926,5979,75,3,29.3,36.1,,run
2026-08-02T09:08:51+03:00,1785650931,5984,75,3,29.3,38.3,,run
2026-08-02T09:08:57+03:00,1785650937,5990,75,3,29.3,40.2,,run
2026-08-02T09:09:02+03:00,1785650942,5995,75,3,29.3,36.1,,run
2026-08-02T09:09:08+03:00,1785650948,6001,75,3,28.5,35.8,,run
2026-08-02T09:09:13+03:00,1785650953,6006,75,3,28.5,35.5,,run
2026-08-02T09:09:18+03:00,1785650958,6011,75,3,28.5,35.5,,run
2026-08-02T09:09:24+03:00,1785650964,6017,75,3,28.5,37.4,,run
2026-08-02T09:09:29+03:00,1785650969,6022,75,3,28.5,41.7,,run
2026-08-02T09:09:34+03:00,1785650974,6027,75,3,28.5,39.8,,run
2026-08-02T09:09:40+03:00,1785650980,6033,75,3,28.5,36.1,,run
2026-08-02T09:09:45+03:00,1785650985,6038,75,3,28.5,42.6,,run
2026-08-02T09:09:51+03:00,1785650991,6044,75,3,28.5,42.0,,run
2026-08-02T09:09:56+03:00,1785650996,6049,75,3,28.5,39.8,,run
2026-08-02T09:10:01+03:00,1785651001,6054,75,3,28.5,36.1,,run
2026-08-02T09:10:07+03:00,1785651007,6060,75,3,28.5,35.5,,run
2026-08-02T09:10:12+03:00,1785651012,6065,75,3,28.5,35.5,,run
2026-08-02T09:10:18+03:00,1785651018,6071,75,3,28.5,38.9,,run
2026-08-02T09:10:23+03:00,1785651023,6076,75,3,28.5,39.2,,run
2026-08-02T09:10:28+03:00,1785651028,6081,75,3,28.5,48.8,,run
2026-08-02T09:10:34+03:00,1785651034,6087,75,3,28.5,45.7,,run
2026-08-02T09:10:40+03:00,1785651040,6093,75,3,28.5,42.3,,run
2026-08-02T09:10:45+03:00,1785651045,6098,75,3,28.5,41.4,,run
2026-08-02T09:10:50+03:00,1785651050,6103,75,3,28.5,37.4,,run
2026-08-02T09:10:56+03:00,1785651056,6109,75,3,28.5,39.5,,run
2026-08-02T09:11:01+03:00,1785651061,6114,75,3,28.5,38.3,,run
2026-08-02T09:11:06+03:00,1785651066,6119,75,3,28.5,42.0,,run
2026-08-02T09:11:12+03:00,1785651072,6125,75,3,28.5,36.8,,run
2026-08-02T09:11:17+03:00,1785651077,6130,75,3,28.5,39.8,,run
2026-08-02T09:11:23+03:00,1785651083,6136,75,3,28.5,38.3,,run
2026-08-02T09:11:28+03:00,1785651088,6141,75,3,28.5,39.8,,run
2026-08-02T09:11:33+03:00,1785651093,6146,75,3,28.5,40.5,,run
2026-08-02T09:11:39+03:00,1785651099,6152,75,3,28.5,41.4,,run
2026-08-02T09:11:44+03:00,1785651104,6157,75,3,28.5,38.6,,run
2026-08-02T09:11:49+03:00,1785651109,6162,75,3,28.5,38.0,,run
2026-08-02T09:11:55+03:00,1785651115,6168,75,3,28.5,42.9,,run
2026-08-02T09:12:00+03:00,1785651120,6173,75,3,28.5,43.2,,run
2026-08-02T09:12:05+03:00,1785651125,6178,75,3,28.5,37.4,,run
2026-08-02T09:12:11+03:00,1785651131,6184,75,3,28.5,36.1,,run
2026-08-02T09:12:16+03:00,1785651136,6189,75,3,28.5,36.1,,run
2026-08-02T09:12:22+03:00,1785651142,6195,75,3,28.5,42.6,,run
2026-08-02T09:12:27+03:00,1785651147,6200,75,3,28.5,49.1,,run
2026-08-02T09:12:33+03:00,1785651153,6206,75,3,28.5,40.5,,run
2026-08-02T09:12:38+03:00,1785651158,6211,75,3,28.5,36.8,,run
2026-08-02T09:12:44+03:00,1785651164,6217,75,3,28.5,36.4,,run
2026-08-02T09:12:49+03:00,1785651169,6222,75,3,28.5,35.8,,run
2026-08-02T09:12:55+03:00,1785651175,6228,75,3,28.5,38.0,,run
2026-08-02T09:13:00+03:00,1785651180,6233,75,3,28.5,37.7,,run
2026-08-02T09:13:05+03:00,1785651185,6238,75,3,28.5,35.8,,run
2026-08-02T09:13:11+03:00,1785651191,6244,75,3,28.5,36.4,,run
2026-08-02T09:13:16+03:00,1785651196,6249,75,3,28.5,35.2,,run
2026-08-02T09:13:22+03:00,1785651202,6255,75,3,28.5,37.4,,run
2026-08-02T09:13:27+03:00,1785651207,6260,75,3,28.5,40.2,,run
2026-08-02T09:13:32+03:00,1785651212,6265,75,3,28.5,36.4,,run
2026-08-02T09:13:38+03:00,1785651218,6271,75,3,28.5,35.5,,run
2026-08-02T09:13:43+03:00,1785651223,6276,75,3,28.5,50.1,,run
2026-08-02T09:13:49+03:00,1785651229,6282,75,3,28.5,37.1,,run
2026-08-02T09:13:54+03:00,1785651234,6287,75,3,28.5,36.4,,run
2026-08-02T09:14:00+03:00,1785651240,6293,75,3,28.5,35.8,,run
2026-08-02T09:14:05+03:00,1785651245,6298,75,3,28.5,35.5,,run
2026-08-02T09:14:11+03:00,1785651251,6304,75,3,28.5,35.2,,run
2026-08-02T09:14:16+03:00,1785651256,6309,75,3,28.5,36.8,,run
2026-08-02T09:14:22+03:00,1785651262,6315,75,3,28.5,41.4,,run
2026-08-02T09:14:27+03:00,1785651267,6320,75,3,28.5,51.3,,run
2026-08-02T09:14:32+03:00,1785651272,6325,75,3,28.5,38.0,,run
2026-08-02T09:14:38+03:00,1785651278,6331,75,3,28.5,39.5,,run
2026-08-02T09:14:43+03:00,1785651283,6336,75,3,28.5,38.0,,run
2026-08-02T09:14:48+03:00,1785651288,6341,75,3,28.5,36.1,,run
2026-08-02T09:14:54+03:00,1785651294,6347,75,3,28.5,36.4,,run
2026-08-02T09:14:59+03:00,1785651299,6352,75,3,28.5,35.8,,run
2026-08-02T09:15:05+03:00,1785651305,6358,75,3,28.5,35.2,,run
2026-08-02T09:15:10+03:00,1785651310,6363,75,3,28.5,37.7,,run
2026-08-02T09:15:15+03:00,1785651315,6368,75,3,28.5,39.8,,run
2026-08-02T09:15:21+03:00,1785651321,6374,75,3,28.5,35.5,,run
2026-08-02T09:15:26+03:00,1785651326,6379,75,3,28.5,34.9,,run
2026-08-02T09:15:32+03:00,1785651332,6385,75,3,28.5,35.2,,run
2026-08-02T09:15:37+03:00,1785651337,6390,75,3,28.5,35.2,,run
2026-08-02T09:15:43+03:00,1785651343,6396,75,3,28.5,42.0,,run
2026-08-02T09:15:48+03:00,1785651348,6401,75,3,28.5,41.1,,run
2026-08-02T09:15:53+03:00,1785651353,6406,75,3,28.5,40.8,,run
2026-08-02T09:15:58+03:00,1785651358,6411,75,3,28.5,36.1,,run
2026-08-02T09:16:04+03:00,1785651364,6417,75,3,28.5,35.5,,run
2026-08-02T09:16:09+03:00,1785651369,6422,75,3,28.5,34.9,,run
2026-08-02T09:16:15+03:00,1785651375,6428,75,3,28.5,34.9,,run
2026-08-02T09:16:20+03:00,1785651380,6433,75,3,28.5,36.8,,run
2026-08-02T09:16:26+03:00,1785651386,6439,75,3,28.5,42.3,,run
2026-08-02T09:16:31+03:00,1785651391,6444,74,3,28.0,37.4,,run
2026-08-02T09:16:36+03:00,1785651396,6449,74,3,28.0,35.5,,run
2026-08-02T09:16:42+03:00,1785651402,6455,74,3,28.0,36.1,,run
2026-08-02T09:16:47+03:00,1785651407,6460,74,3,28.0,42.0,,run
2026-08-02T09:16:52+03:00,1785651412,6465,74,3,28.0,35.5,,run
2026-08-02T09:16:58+03:00,1785651418,6471,74,3,28.0,37.1,,run
2026-08-02T09:17:03+03:00,1785651423,6476,74,3,28.0,39.2,,run
2026-08-02T09:17:09+03:00,1785651429,6482,74,3,28.0,34.9,,run
2026-08-02T09:17:14+03:00,1785651434,6487,74,3,28.0,34.9,,run
2026-08-02T09:17:19+03:00,1785651439,6492,74,3,28.0,34.6,,run
2026-08-02T09:17:25+03:00,1785651445,6498,74,3,28.0,34.3,,run
2026-08-02T09:17:30+03:00,1785651450,6503,74,3,28.0,36.8,,run
2026-08-02T09:17:36+03:00,1785651456,6509,74,3,28.0,38.9,,run
2026-08-02T09:17:41+03:00,1785651461,6514,74,3,28.0,34.9,,run
2026-08-02T09:17:46+03:00,1785651466,6519,74,3,28.0,40.5,,run
2026-08-02T09:17:52+03:00,1785651472,6525,74,3,28.0,36.1,,run
2026-08-02T09:17:57+03:00,1785651477,6530,74,3,28.0,35.8,,run
2026-08-02T09:18:03+03:00,1785651483,6536,74,3,28.0,34.6,,run
2026-08-02T09:18:08+03:00,1785651488,6541,74,3,28.0,38.3,,run
2026-08-02T09:18:13+03:00,1785651493,6546,74,3,28.0,35.5,,run
2026-08-02T09:18:19+03:00,1785651499,6552,74,3,28.0,34.9,,run
2026-08-02T09:18:24+03:00,1785651504,6557,74,3,28.0,34.6,,run
2026-08-02T09:18:30+03:00,1785651510,6563,74,3,28.0,38.9,,run
2026-08-02T09:18:35+03:00,1785651515,6568,74,3,28.0,34.6,,run
2026-08-02T09:18:40+03:00,1785651520,6573,74,3,28.0,36.4,,run
2026-08-02T09:18:46+03:00,1785651526,6579,74,3,28.0,38.6,,run
2026-08-02T09:18:51+03:00,1785651531,6584,74,3,28.0,35.5,,run
2026-08-02T09:18:56+03:00,1785651536,6589,74,3,28.0,39.5,,run
2026-08-02T09:19:02+03:00,1785651542,6595,74,3,28.0,36.4,,run
2026-08-02T09:19:07+03:00,1785651547,6600,74,3,27.8,34.9,,run
2026-08-02T09:19:13+03:00,1785651553,6606,74,3,27.8,35.2,,run
2026-08-02T09:19:18+03:00,1785651558,6611,74,3,27.8,35.5,,run
2026-08-02T09:19:24+03:00,1785651564,6617,74,3,27.8,42.3,,run
2026-08-02T09:19:29+03:00,1785651569,6622,74,3,27.8,39.8,,run
2026-08-02T09:19:34+03:00,1785651574,6627,74,3,27.8,36.4,,run
2026-08-02T09:19:40+03:00,1785651580,6633,74,3,27.8,35.8,,run
2026-08-02T09:19:45+03:00,1785651585,6638,74,3,27.8,35.5,,run
2026-08-02T09:19:51+03:00,1785651591,6644,74,3,27.8,35.5,,run
2026-08-02T09:19:56+03:00,1785651596,6649,74,3,27.8,37.4,,run
2026-08-02T09:20:02+03:00,1785651602,6655,74,3,27.8,38.3,,run
2026-08-02T09:20:07+03:00,1785651607,6660,74,3,27.8,35.2,,run
2026-08-02T09:20:12+03:00,1785651612,6665,74,3,27.8,35.5,,run
2026-08-02T09:20:18+03:00,1785651618,6671,74,3,27.8,34.9,,run
2026-08-02T09:20:23+03:00,1785651623,6676,74,3,27.8,34.3,,run
2026-08-02T09:20:29+03:00,1785651629,6682,74,3,27.8,42.3,,run
2026-08-02T09:20:34+03:00,1785651634,6687,74,3,27.8,43.6,,run
2026-08-02T09:20:39+03:00,1785651639,6692,74,3,27.8,45.4,,run
2026-08-02T09:20:45+03:00,1785651645,6698,74,3,27.8,39.8,,run
2026-08-02T09:20:50+03:00,1785651650,6703,74,3,27.8,35.2,,run
2026-08-02T09:20:56+03:00,1785651656,6709,74,3,27.8,36.1,,run
2026-08-02T09:21:01+03:00,1785651661,6714,74,3,27.8,34.9,,run
2026-08-02T09:21:07+03:00,1785651667,6720,74,3,27.8,34.0,,run
2026-08-02T09:21:12+03:00,1785651672,6725,74,3,27.8,34.3,,run
2026-08-02T09:21:18+03:00,1785651678,6731,74,3,27.8,38.6,,run
2026-08-02T09:21:23+03:00,1785651683,6736,74,3,27.8,38.0,,run
2026-08-02T09:21:28+03:00,1785651688,6741,74,3,27.8,38.3,,run
2026-08-02T09:21:34+03:00,1785651694,6747,74,3,27.8,36.4,,run
2026-08-02T09:21:39+03:00,1785651699,6752,74,3,27.8,35.5,,run
2026-08-02T09:21:45+03:00,1785651705,6758,74,3,27.8,35.2,,run
2026-08-02T09:21:50+03:00,1785651710,6763,74,3,27.8,35.5,,run
2026-08-02T09:21:55+03:00,1785651715,6768,74,3,27.8,34.9,,run
2026-08-02T09:22:01+03:00,1785651721,6774,74,3,27.8,38.9,,run
2026-08-02T09:22:06+03:00,1785651726,6779,74,3,27.8,36.1,,run
2026-08-02T09:22:12+03:00,1785651732,6785,74,3,27.8,37.4,,run
2026-08-02T09:22:17+03:00,1785651737,6790,74,3,27.8,35.8,,run
2026-08-02T09:22:22+03:00,1785651742,6795,74,3,27.8,34.6,,run
2026-08-02T09:22:28+03:00,1785651748,6801,74,3,27.8,35.5,,run
2026-08-02T09:22:33+03:00,1785651753,6806,74,3,27.8,43.6,,run
2026-08-02T09:22:39+03:00,1785651759,6812,74,3,27.8,38.0,,run
2026-08-02T09:22:44+03:00,1785651764,6817,74,3,27.8,38.0,,run
2026-08-02T09:22:49+03:00,1785651769,6822,74,3,27.8,34.6,,run
2026-08-02T09:22:55+03:00,1785651775,6828,74,3,27.8,41.7,,run
2026-08-02T09:23:00+03:00,1785651780,6833,74,3,27.8,35.8,,run
2026-08-02T09:23:06+03:00,1785651786,6839,74,3,27.8,37.7,,run
2026-08-02T09:23:11+03:00,1785651791,6844,74,3,27.8,36.8,,run
2026-08-02T09:23:16+03:00,1785651796,6849,74,3,27.8,47.6,,run
2026-08-02T09:23:22+03:00,1785651802,6855,74,3,27.8,43.6,,run
2026-08-02T09:23:27+03:00,1785651807,6860,74,3,27.8,38.3,,run
2026-08-02T09:23:32+03:00,1785651812,6865,74,3,27.8,37.1,,run
2026-08-02T09:23:38+03:00,1785651818,6871,74,3,27.8,36.4,,run
2026-08-02T09:23:43+03:00,1785651823,6876,74,3,27.8,35.8,,run
2026-08-02T09:23:49+03:00,1785651829,6882,74,3,27.8,38.6,,run
2026-08-02T09:23:54+03:00,1785651834,6887,74,3,27.8,37.4,,run
2026-08-02T09:24:00+03:00,1785651840,6893,74,3,27.8,36.4,,run
2026-08-02T09:24:05+03:00,1785651845,6898,74,3,27.8,38.3,,run
2026-08-02T09:24:10+03:00,1785651850,6903,74,3,27.8,36.1,,run
2026-08-02T09:24:16+03:00,1785651856,6909,74,3,27.8,35.5,,run
2026-08-02T09:24:21+03:00,1785651861,6914,74,3,27.8,39.2,,run
2026-08-02T09:24:26+03:00,1785651866,6919,74,3,27.8,37.1,,run
2026-08-02T09:24:32+03:00,1785651872,6925,74,3,27.8,38.3,,run
2026-08-02T09:24:37+03:00,1785651877,6930,74,3,27.8,39.5,,run
2026-08-02T09:24:43+03:00,1785651883,6936,74,3,27.8,42.6,,run
2026-08-02T09:24:48+03:00,1785651888,6941,74,3,27.8,36.8,,run
2026-08-02T09:24:54+03:00,1785651894,6947,74,3,27.8,36.4,,run
2026-08-02T09:24:59+03:00,1785651899,6952,74,3,27.8,35.5,,run
2026-08-02T09:25:05+03:00,1785651905,6958,74,3,27.8,37.1,,run
2026-08-02T09:25:10+03:00,1785651910,6963,74,3,27.8,35.5,,run
2026-08-02T09:25:15+03:00,1785651915,6968,74,3,27.8,53.5,,run
2026-08-02T09:25:21+03:00,1785651921,6974,74,3,27.8,38.0,,run
2026-08-02T09:25:26+03:00,1785651926,6979,74,3,27.8,43.6,,run
2026-08-02T09:25:32+03:00,1785651932,6985,74,3,27.8,38.6,,run
2026-08-02T09:25:37+03:00,1785651937,6990,74,3,27.8,38.6,,run
2026-08-02T09:25:42+03:00,1785651942,6995,74,3,27.8,40.2,,run
2026-08-02T09:25:48+03:00,1785651948,7001,74,3,27.8,37.1,,run
2026-08-02T09:25:53+03:00,1785651953,7006,74,3,27.8,38.0,,run
2026-08-02T09:25:59+03:00,1785651959,7012,74,3,27.8,36.4,,run
2026-08-02T09:26:04+03:00,1785651964,7017,74,3,27.8,36.4,,run
2026-08-02T09:26:09+03:00,1785651969,7022,74,3,27.8,38.0,,run
2026-08-02T09:26:15+03:00,1785651975,7028,74,3,27.8,40.2,,run
2026-08-02T09:26:20+03:00,1785651980,7033,74,3,27.8,36.4,,run
2026-08-02T09:26:26+03:00,1785651986,7039,74,3,27.8,36.1,,run
2026-08-02T09:26:31+03:00,1785651991,7044,74,3,27.8,46.7,,run
2026-08-02T09:26:37+03:00,1785651997,7050,74,3,27.8,37.1,,run
2026-08-02T09:26:42+03:00,1785652002,7055,74,3,27.8,36.8,,run
2026-08-02T09:26:48+03:00,1785652008,7061,74,3,27.8,43.6,,run
2026-08-02T09:26:53+03:00,1785652013,7066,74,3,27.8,37.1,,run
2026-08-02T09:26:58+03:00,1785652018,7071,74,3,27.8,46.3,,run
2026-08-02T09:27:04+03:00,1785652024,7077,74,3,27.8,37.1,,run
2026-08-02T09:27:09+03:00,1785652029,7082,74,3,27.8,38.6,,run
2026-08-02T09:27:14+03:00,1785652034,7087,73,3,28.7,39.2,,run
2026-08-02T09:27:20+03:00,1785652040,7093,73,3,28.7,36.1,,run
2026-08-02T09:27:25+03:00,1785652045,7098,73,3,28.7,35.8,,run
2026-08-02T09:27:31+03:00,1785652051,7104,73,3,28.7,41.4,,run
2026-08-02T09:27:36+03:00,1785652056,7109,73,3,28.7,38.6,,run
2026-08-02T09:27:41+03:00,1785652061,7114,73,3,28.7,38.9,,run
2026-08-02T09:27:47+03:00,1785652067,7120,73,3,28.7,40.2,,run
2026-08-02T09:27:52+03:00,1785652072,7125,73,3,28.7,36.8,,run
2026-08-02T09:27:58+03:00,1785652078,7131,73,3,28.7,36.4,,run
2026-08-02T09:28:03+03:00,1785652083,7136,73,3,28.7,35.5,,run
2026-08-02T09:28:08+03:00,1785652088,7141,73,3,28.7,36.4,,run
2026-08-02T09:28:14+03:00,1785652094,7147,73,3,28.7,48.8,,run
2026-08-02T09:28:19+03:00,1785652099,7152,73,3,28.7,40.2,,run
2026-08-02T09:28:25+03:00,1785652105,7158,73,3,28.7,36.1,,run
2026-08-02T09:28:30+03:00,1785652110,7163,73,3,28.7,35.5,,run
2026-08-02T09:28:36+03:00,1785652116,7169,73,3,28.7,35.5,,run
2026-08-02T09:28:41+03:00,1785652121,7174,73,3,28.7,35.5,,run
2026-08-02T09:28:47+03:00,1785652127,7180,73,3,28.7,35.8,,run
2026-08-02T09:28:52+03:00,1785652132,7185,73,3,28.7,42.0,,run
2026-08-02T09:28:58+03:00,1785652138,7191,73,3,28.7,47.9,,run
2026-08-02T09:29:03+03:00,1785652143,7196,73,3,28.7,37.7,,run
2026-08-02T09:29:08+03:00,1785652148,7201,73,3,28.9,38.9,,run
2026-08-02T09:29:14+03:00,1785652154,7207,73,3,28.9,40.8,,run
2026-08-02T09:29:19+03:00,1785652159,7212,73,3,28.9,36.8,,run
2026-08-02T09:29:25+03:00,1785652165,7218,73,3,28.9,36.8,,run
2026-08-02T09:29:30+03:00,1785652170,7223,73,3,28.9,36.8,,run
2026-08-02T09:29:36+03:00,1785652176,7229,73,3,28.9,45.1,,run
2026-08-02T09:29:41+03:00,1785652181,7234,73,3,28.9,41.4,,run
2026-08-02T09:29:46+03:00,1785652186,7239,73,3,28.9,39.8,,run
2026-08-02T09:29:51+03:00,1785652191,7244,73,3,28.9,37.1,,run
2026-08-02T09:29:57+03:00,1785652197,7250,73,3,28.9,36.4,,run
2026-08-02T09:30:02+03:00,1785652202,7255,73,3,28.9,37.1,,run
2026-08-02T09:30:08+03:00,1785652208,7261,73,3,28.9,35.8,,run
2026-08-02T09:30:13+03:00,1785652213,7266,73,3,28.9,50.4,,run
2026-08-02T09:30:19+03:00,1785652219,7272,73,3,28.9,42.6,,run
2026-08-02T09:30:24+03:00,1785652224,7277,73,3,28.9,37.1,,run
2026-08-02T09:30:30+03:00,1785652230,7283,73,3,28.9,37.1,,run
2026-08-02T09:30:35+03:00,1785652235,7288,73,3,28.9,35.8,,run
2026-08-02T09:30:40+03:00,1785652240,7293,73,3,28.9,35.8,,run
2026-08-02T09:30:46+03:00,1785652246,7299,73,3,28.9,38.0,,run
2026-08-02T09:30:51+03:00,1785652251,7304,73,3,28.9,37.4,,run
2026-08-02T09:30:57+03:00,1785652257,7310,73,3,28.9,52.2,,run
2026-08-02T09:31:02+03:00,1785652262,7315,73,3,28.9,44.5,,run
2026-08-02T09:31:07+03:00,1785652267,7320,73,3,28.9,38.0,,run
2026-08-02T09:31:13+03:00,1785652273,7326,73,3,28.9,38.0,,run
2026-08-02T09:31:18+03:00,1785652278,7331,73,3,28.9,36.1,,run
2026-08-02T09:31:24+03:00,1785652284,7337,73,3,28.9,42.0,,run
2026-08-02T09:31:29+03:00,1785652289,7342,73,3,28.9,40.8,,run
2026-08-02T09:31:34+03:00,1785652294,7347,73,3,28.9,39.8,,run
2026-08-02T09:31:40+03:00,1785652300,7353,73,3,28.9,40.8,,run
2026-08-02T09:31:45+03:00,1785652305,7358,73,3,28.9,38.3,,run
2026-08-02T09:31:50+03:00,1785652310,7363,73,3,28.9,37.7,,run
2026-08-02T09:31:56+03:00,1785652316,7369,73,3,28.9,38.0,,run
2026-08-02T09:32:01+03:00,1785652321,7374,73,3,28.9,36.8,,run
2026-08-02T09:32:07+03:00,1785652327,7380,73,3,28.9,38.9,,run
2026-08-02T09:32:12+03:00,1785652332,7385,73,3,28.9,49.7,,run
2026-08-02T09:32:18+03:00,1785652338,7391,73,3,28.9,38.0,,run
2026-08-02T09:32:23+03:00,1785652343,7396,73,3,28.9,36.8,,run
2026-08-02T09:32:29+03:00,1785652349,7402,73,3,28.9,35.8,,run
2026-08-02T09:32:34+03:00,1785652354,7407,73,3,28.9,35.8,,run
2026-08-02T09:32:40+03:00,1785652360,7413,73,3,28.9,35.8,,run
2026-08-02T09:32:45+03:00,1785652365,7418,73,3,28.9,40.2,,run
2026-08-02T09:32:50+03:00,1785652370,7423,73,3,28.9,39.2,,run
2026-08-02T09:32:56+03:00,1785652376,7429,73,3,28.9,49.7,,run
2026-08-02T09:33:02+03:00,1785652382,7435,73,3,28.9,42.9,,run
2026-08-02T09:33:07+03:00,1785652387,7440,73,3,28.9,38.9,,run
2026-08-02T09:33:12+03:00,1785652392,7445,73,3,28.9,37.1,,run
2026-08-02T09:33:18+03:00,1785652398,7451,73,3,28.9,36.8,,run
2026-08-02T09:33:23+03:00,1785652403,7456,73,3,28.9,37.4,,run
2026-08-02T09:33:29+03:00,1785652409,7462,73,3,28.9,41.7,,run
2026-08-02T09:33:34+03:00,1785652414,7467,73,3,28.9,39.8,,run
2026-08-02T09:33:39+03:00,1785652419,7472,73,3,28.9,39.5,,run
2026-08-02T09:33:45+03:00,1785652425,7478,73,3,28.9,37.4,,run
2026-08-02T09:33:50+03:00,1785652430,7483,73,3,28.9,37.4,,run
2026-08-02T09:33:56+03:00,1785652436,7489,73,3,28.9,37.1,,run
2026-08-02T09:34:01+03:00,1785652441,7494,73,3,28.9,36.4,,run
2026-08-02T09:34:06+03:00,1785652446,7499,73,3,28.9,38.9,,run
2026-08-02T09:34:12+03:00,1785652452,7505,73,3,28.9,48.8,,run
2026-08-02T09:34:18+03:00,1785652458,7511,73,3,28.9,38.0,,run
2026-08-02T09:34:23+03:00,1785652463,7516,73,3,28.9,37.7,,run
2026-08-02T09:34:28+03:00,1785652468,7521,73,3,28.9,36.1,,run
2026-08-02T09:34:34+03:00,1785652474,7527,73,3,28.9,35.8,,run
2026-08-02T09:34:40+03:00,1785652480,7533,73,3,28.9,37.4,,run
2026-08-02T09:34:45+03:00,1785652485,7538,73,3,28.9,49.4,,run
2026-08-02T09:34:51+03:00,1785652491,7544,73,3,28.9,41.7,,run
2026-08-02T09:34:56+03:00,1785652496,7549,73,3,28.9,38.3,,run
2026-08-02T09:35:01+03:00,1785652501,7554,73,3,28.9,38.9,,run
2026-08-02T09:35:07+03:00,1785652507,7560,73,3,28.9,41.4,,run
2026-08-02T09:35:12+03:00,1785652512,7565,73,3,28.9,37.4,,run
2026-08-02T09:35:18+03:00,1785652518,7571,73,3,28.9,37.1,,run
2026-08-02T09:35:23+03:00,1785652523,7576,73,3,28.9,36.4,,run
2026-08-02T09:35:29+03:00,1785652529,7582,73,3,28.9,36.4,,run
2026-08-02T09:35:34+03:00,1785652534,7587,73,3,28.9,42.6,,run
2026-08-02T09:35:40+03:00,1785652539,7592,73,3,28.9,40.2,,run
2026-08-02T09:35:45+03:00,1785652545,7598,73,3,28.9,40.2,,run
2026-08-02T09:35:50+03:00,1785652550,7603,73,3,28.9,36.8,,run
2026-08-02T09:35:56+03:00,1785652556,7609,73,3,28.9,36.8,,run
2026-08-02T09:36:01+03:00,1785652561,7614,73,3,28.9,50.1,,run
2026-08-02T09:36:07+03:00,1785652567,7620,73,3,28.9,38.6,,run
2026-08-02T09:36:12+03:00,1785652572,7625,73,3,28.9,37.4,,run
2026-08-02T09:36:17+03:00,1785652577,7630,73,3,28.9,37.1,,run
2026-08-02T09:36:23+03:00,1785652583,7636,73,3,28.9,36.1,,run
2026-08-02T09:36:28+03:00,1785652588,7641,73,3,28.9,38.3,,run
2026-08-02T09:36:34+03:00,1785652594,7647,73,3,28.9,37.1,,run
2026-08-02T09:36:39+03:00,1785652599,7652,73,3,28.9,37.4,,run
2026-08-02T09:36:44+03:00,1785652604,7657,73,3,28.9,49.4,,run
2026-08-02T09:36:50+03:00,1785652610,7663,73,3,28.9,44.8,,run
2026-08-02T09:36:55+03:00,1785652615,7668,73,3,28.9,43.2,,run
2026-08-02T09:37:01+03:00,1785652621,7674,73,3,28.9,38.3,,run
2026-08-02T09:37:06+03:00,1785652626,7679,73,3,28.9,40.2,,run
2026-08-02T09:37:12+03:00,1785652632,7685,73,3,28.9,41.4,,run
2026-08-02T09:37:17+03:00,1785652637,7690,73,3,28.9,38.0,,run
2026-08-02T09:37:22+03:00,1785652642,7695,73,3,28.9,37.7,,run
2026-08-02T09:37:28+03:00,1785652648,7701,73,3,28.9,41.7,,run
2026-08-02T09:37:33+03:00,1785652653,7706,73,3,28.9,44.5,,run
2026-08-02T09:37:38+03:00,1785652658,7711,73,3,28.9,44.5,,run
2026-08-02T09:37:44+03:00,1785652664,7717,73,3,28.9,38.0,,run
2026-08-02T09:37:49+03:00,1785652669,7722,73,3,28.9,40.5,,run
2026-08-02T09:37:54+03:00,1785652674,7727,72,3,29.5,40.8,,run
2026-08-02T09:38:00+03:00,1785652680,7733,72,3,29.5,40.8,,run
2026-08-02T09:38:05+03:00,1785652685,7738,72,3,29.5,40.2,,run
2026-08-02T09:38:11+03:00,1785652691,7744,72,3,29.5,39.5,,run
2026-08-02T09:38:16+03:00,1785652696,7749,72,3,29.5,37.1,,run
2026-08-02T09:38:21+03:00,1785652701,7754,72,3,29.5,36.1,,run
2026-08-02T09:38:27+03:00,1785652707,7760,72,3,29.5,36.1,,run
2026-08-02T09:38:32+03:00,1785652712,7765,72,3,29.5,36.8,,run
2026-08-02T09:38:38+03:00,1785652718,7771,72,3,29.5,36.4,,run
2026-08-02T09:38:43+03:00,1785652723,7776,72,3,29.5,36.1,,run
2026-08-02T09:38:49+03:00,1785652729,7782,72,3,29.5,48.5,,run
2026-08-02T09:38:54+03:00,1785652734,7787,72,3,29.5,43.6,,run
2026-08-02T09:38:59+03:00,1785652739,7792,72,3,29.5,42.9,,run
2026-08-02T09:39:05+03:00,1785652745,7798,72,3,29.5,38.9,,run
2026-08-02T09:39:10+03:00,1785652750,7803,72,3,29.3,41.4,,run
2026-08-02T09:39:15+03:00,1785652755,7808,72,3,29.3,39.2,,run
2026-08-02T09:39:21+03:00,1785652761,7814,72,3,29.3,37.4,,run
2026-08-02T09:39:26+03:00,1785652766,7819,72,3,29.3,37.4,,run
2026-08-02T09:39:32+03:00,1785652772,7825,72,3,29.3,42.6,,run
2026-08-02T09:39:37+03:00,1785652777,7830,72,3,29.3,39.2,,run
2026-08-02T09:39:42+03:00,1785652782,7835,72,3,29.3,38.9,,run
2026-08-02T09:39:48+03:00,1785652788,7841,72,3,29.3,41.7,,run
2026-08-02T09:39:53+03:00,1785652793,7846,72,3,29.3,37.1,,run
2026-08-02T09:39:59+03:00,1785652799,7852,72,3,29.3,36.8,,run
2026-08-02T09:40:04+03:00,1785652804,7857,72,3,29.3,50.1,,run
2026-08-02T09:40:10+03:00,1785652810,7863,72,3,29.3,37.1,,run
2026-08-02T09:40:15+03:00,1785652815,7868,72,3,29.3,37.4,,run
2026-08-02T09:40:20+03:00,1785652820,7873,72,3,29.3,36.1,,run
2026-08-02T09:40:26+03:00,1785652826,7879,72,3,29.3,36.1,,run
2026-08-02T09:40:31+03:00,1785652831,7884,72,3,29.3,36.4,,run
2026-08-02T09:40:37+03:00,1785652837,7890,72,3,29.3,38.9,,run
2026-08-02T09:40:42+03:00,1785652842,7895,72,3,29.3,36.8,,run
2026-08-02T09:40:48+03:00,1785652848,7901,72,3,29.3,45.4,,run
2026-08-02T09:40:53+03:00,1785652853,7906,72,3,29.3,50.1,,run
2026-08-02T09:40:58+03:00,1785652858,7911,72,3,29.3,38.9,,run
2026-08-02T09:41:04+03:00,1785652864,7917,72,3,29.3,38.0,,run
2026-08-02T09:41:09+03:00,1785652869,7922,72,3,29.3,36.8,,run
2026-08-02T09:41:15+03:00,1785652875,7928,72,3,29.3,36.4,,run
2026-08-02T09:41:20+03:00,1785652880,7933,72,3,29.3,41.4,,run
2026-08-02T09:41:25+03:00,1785652885,7938,72,3,29.3,38.9,,run
2026-08-02T09:41:31+03:00,1785652891,7944,72,3,29.3,37.1,,run
2026-08-02T09:41:36+03:00,1785652896,7949,72,3,29.3,42.6,,run
2026-08-02T09:41:41+03:00,1785652901,7954,72,3,29.3,42.3,,run
2026-08-02T09:41:47+03:00,1785652907,7960,72,3,29.3,37.7,,run
2026-08-02T09:41:52+03:00,1785652912,7965,72,3,29.3,39.2,,run
2026-08-02T09:41:58+03:00,1785652918,7971,72,3,29.3,41.1,,run
2026-08-02T09:42:03+03:00,1785652923,7976,72,3,29.3,46.3,,run
2026-08-02T09:42:08+03:00,1785652928,7981,72,3,29.3,41.4,,run
2026-08-02T09:42:14+03:00,1785652934,7987,72,3,29.3,42.0,,run
2026-08-02T09:42:19+03:00,1785652939,7992,72,3,29.3,36.8,,run
2026-08-02T09:42:25+03:00,1785652945,7998,72,3,29.3,36.8,,run
2026-08-02T09:42:30+03:00,1785652950,8003,72,3,29.3,36.8,,run
2026-08-02T09:42:36+03:00,1785652956,8009,72,3,29.3,35.8,,run
2026-08-02T09:42:41+03:00,1785652961,8014,72,3,29.3,38.0,,run
2026-08-02T09:42:47+03:00,1785652967,8020,72,3,29.3,42.9,,run
2026-08-02T09:42:52+03:00,1785652972,8025,72,3,29.3,50.7,,run
2026-08-02T09:42:58+03:00,1785652978,8031,72,3,29.3,47.3,,run
2026-08-02T09:43:03+03:00,1785652983,8036,72,3,29.3,40.2,,run
2026-08-02T09:43:08+03:00,1785652988,8041,72,3,29.3,38.0,,run
2026-08-02T09:43:14+03:00,1785652994,8047,72,3,29.3,38.9,,run
2026-08-02T09:43:19+03:00,1785652999,8052,72,3,29.3,38.0,,run
2026-08-02T09:43:25+03:00,1785653005,8058,72,3,29.3,39.5,,run
2026-08-02T09:43:30+03:00,1785653010,8063,72,3,29.3,40.8,,run
2026-08-02T09:43:35+03:00,1785653015,8068,72,3,29.3,37.4,,run
2026-08-02T09:43:41+03:00,1785653021,8074,72,3,29.3,37.4,,run
2026-08-02T09:43:46+03:00,1785653026,8079,72,3,29.3,42.9,,run
2026-08-02T09:43:52+03:00,1785653032,8085,72,3,29.3,38.6,,run
2026-08-02T09:43:57+03:00,1785653037,8090,72,3,29.3,38.0,,run
2026-08-02T09:44:02+03:00,1785653042,8095,72,3,29.3,40.2,,run
2026-08-02T09:44:08+03:00,1785653048,8101,72,3,29.3,45.7,,run
2026-08-02T09:44:13+03:00,1785653053,8106,72,3,29.3,38.6,,run
2026-08-02T09:44:19+03:00,1785653059,8112,72,3,29.3,42.0,,run
2026-08-02T09:44:24+03:00,1785653064,8117,72,3,29.3,37.1,,run
2026-08-02T09:44:30+03:00,1785653070,8123,72,3,29.3,36.1,,run
2026-08-02T09:44:35+03:00,1785653075,8128,72,3,29.3,36.8,,run
2026-08-02T09:44:41+03:00,1785653081,8134,72,3,29.3,36.8,,run
2026-08-02T09:44:46+03:00,1785653086,8139,72,3,29.3,36.4,,run
2026-08-02T09:44:52+03:00,1785653092,8145,72,3,29.3,50.4,,run
2026-08-02T09:44:57+03:00,1785653097,8150,72,3,29.3,42.6,,run
2026-08-02T09:45:03+03:00,1785653103,8156,72,3,29.3,45.7,,run
2026-08-02T09:45:08+03:00,1785653108,8161,72,3,29.3,42.3,,run
2026-08-02T09:45:13+03:00,1785653113,8166,72,3,29.3,39.5,,run
2026-08-02T09:45:19+03:00,1785653119,8172,72,3,29.3,38.6,,run
2026-08-02T09:45:24+03:00,1785653124,8177,72,3,29.3,37.7,,run
2026-08-02T09:45:30+03:00,1785653130,8183,72,3,29.3,36.8,,run
2026-08-02T09:45:35+03:00,1785653135,8188,72,3,29.3,39.5,,run
2026-08-02T09:45:41+03:00,1785653141,8194,72,3,29.3,38.0,,run
2026-08-02T09:45:46+03:00,1785653146,8199,72,3,29.3,37.1,,run
2026-08-02T09:45:51+03:00,1785653151,8204,72,3,29.3,42.0,,run
2026-08-02T09:45:57+03:00,1785653157,8210,72,3,29.3,38.6,,run
2026-08-02T09:46:02+03:00,1785653162,8215,72,3,29.3,41.4,,run
2026-08-02T09:46:07+03:00,1785653167,8220,72,3,29.3,47.3,,run
2026-08-02T09:46:13+03:00,1785653173,8226,72,3,29.3,39.2,,run
2026-08-02T09:46:18+03:00,1785653178,8231,72,3,29.3,38.9,,run
2026-08-02T09:46:24+03:00,1785653184,8237,72,3,29.3,36.4,,run
2026-08-02T09:46:29+03:00,1785653189,8242,72,3,29.3,35.8,,run
2026-08-02T09:46:35+03:00,1785653195,8248,72,3,29.3,36.1,,run
2026-08-02T09:46:40+03:00,1785653200,8253,72,3,29.3,36.4,,run
2026-08-02T09:46:46+03:00,1785653206,8259,72,3,29.3,36.4,,run
2026-08-02T09:46:51+03:00,1785653211,8264,72,3,29.3,40.2,,run
2026-08-02T09:46:57+03:00,1785653217,8270,72,3,29.3,44.8,,run
2026-08-02T09:47:02+03:00,1785653222,8275,72,3,29.3,41.7,,run
2026-08-02T09:47:07+03:00,1785653227,8280,72,3,29.3,38.3,,run
2026-08-02T09:47:13+03:00,1785653233,8286,72,3,29.3,39.2,,run
2026-08-02T09:47:18+03:00,1785653238,8291,72,3,29.3,37.1,,run
2026-08-02T09:47:23+03:00,1785653243,8296,72,3,29.3,37.1,,run
2026-08-02T09:47:29+03:00,1785653249,8302,72,3,29.3,38.3,,run
2026-08-02T09:47:34+03:00,1785653254,8307,72,3,29.3,41.4,,run
2026-08-02T09:47:40+03:00,1785653260,8313,72,3,29.3,36.4,,run
2026-08-02T09:47:45+03:00,1785653265,8318,72,3,29.3,37.4,,run
2026-08-02T09:47:51+03:00,1785653271,8324,72,3,29.3,36.1,,run
2026-08-02T09:47:56+03:00,1785653276,8329,72,3,29.3,42.3,,run
2026-08-02T09:48:01+03:00,1785653281,8334,72,3,29.3,40.2,,run
2026-08-02T09:48:07+03:00,1785653287,8340,72,3,29.3,43.9,,run
2026-08-02T09:48:12+03:00,1785653292,8345,72,3,29.3,43.2,,run
2026-08-02T09:48:18+03:00,1785653298,8351,72,3,29.3,44.2,,run
2026-08-02T09:48:23+03:00,1785653303,8356,72,3,29.3,37.1,,run
2026-08-02T09:48:28+03:00,1785653308,8361,72,3,29.3,36.8,,run
2026-08-02T09:48:34+03:00,1785653314,8367,72,3,29.3,35.8,,run
2026-08-02T09:48:39+03:00,1785653319,8372,71,3,29.6,36.4,,run
2026-08-02T09:48:45+03:00,1785653325,8378,71,3,29.6,36.4,,run
2026-08-02T09:48:50+03:00,1785653330,8383,71,3,29.6,41.7,,run
2026-08-02T09:48:56+03:00,1785653336,8389,71,3,29.6,46.7,,run
2026-08-02T09:49:01+03:00,1785653341,8394,71,3,29.6,40.8,,run
2026-08-02T09:49:06+03:00,1785653346,8399,71,3,29.4,40.5,,run
2026-08-02T09:49:12+03:00,1785653352,8405,71,3,29.4,37.4,,run
2026-08-02T09:49:17+03:00,1785653357,8410,71,3,29.4,44.8,,run
2026-08-02T09:49:22+03:00,1785653362,8415,71,3,29.4,38.0,,run
2026-08-02T09:49:28+03:00,1785653368,8421,71,3,29.4,37.4,,run
2026-08-02T09:49:33+03:00,1785653373,8426,71,3,29.4,38.6,,run
2026-08-02T09:49:39+03:00,1785653379,8432,71,3,29.4,40.8,,run
2026-08-02T09:49:44+03:00,1785653384,8437,71,3,29.4,37.4,,run
2026-08-02T09:49:49+03:00,1785653389,8442,71,3,29.4,36.1,,run
2026-08-02T09:49:55+03:00,1785653395,8448,71,3,29.4,36.1,,run
2026-08-02T09:50:00+03:00,1785653400,8453,71,3,29.4,42.9,,run
2026-08-02T09:50:06+03:00,1785653406,8459,71,3,29.4,40.5,,run
2026-08-02T09:50:11+03:00,1785653411,8464,71,3,29.4,51.0,,run
2026-08-02T09:50:17+03:00,1785653417,8470,71,3,29.4,39.2,,run
2026-08-02T09:50:22+03:00,1785653422,8475,71,3,29.4,37.1,,run
2026-08-02T09:50:27+03:00,1785653427,8480,71,3,29.4,36.4,,run
2026-08-02T09:50:33+03:00,1785653433,8486,71,3,29.4,37.4,,run
2026-08-02T09:50:39+03:00,1785653439,8492,71,3,29.4,42.6,,run
2026-08-02T09:50:44+03:00,1785653444,8497,71,3,29.4,38.3,,run
2026-08-02T09:50:49+03:00,1785653449,8502,71,3,29.4,37.1,,run
2026-08-02T09:50:55+03:00,1785653455,8508,71,3,29.4,36.1,,run
2026-08-02T09:51:00+03:00,1785653460,8513,71,3,29.4,36.4,,run
2026-08-02T09:51:06+03:00,1785653466,8519,71,3,29.4,37.7,,run
2026-08-02T09:51:11+03:00,1785653471,8524,71,3,29.4,40.5,,run
2026-08-02T09:51:17+03:00,1785653477,8530,71,3,29.4,37.1,,run
2026-08-02T09:51:22+03:00,1785653482,8535,71,3,29.4,43.6,,run
2026-08-02T09:51:27+03:00,1785653487,8540,71,3,29.4,39.2,,run
2026-08-02T09:51:33+03:00,1785653493,8546,71,3,29.4,37.4,,run
2026-08-02T09:51:38+03:00,1785653498,8551,71,3,29.4,36.4,,run
2026-08-02T09:51:44+03:00,1785653504,8557,71,3,29.4,38.0,,run
2026-08-02T09:51:49+03:00,1785653509,8562,71,3,29.4,46.7,,run
2026-08-02T09:51:54+03:00,1785653514,8567,71,3,29.4,41.7,,run
2026-08-02T09:52:00+03:00,1785653520,8573,71,3,29.4,43.2,,run
2026-08-02T09:52:05+03:00,1785653525,8578,71,3,29.4,36.1,,run
2026-08-02T09:52:11+03:00,1785653531,8584,71,3,29.4,42.6,,run
2026-08-02T09:52:16+03:00,1785653536,8589,71,3,29.4,36.8,,run
2026-08-02T09:52:22+03:00,1785653542,8595,71,3,29.4,36.4,,run
2026-08-02T09:52:27+03:00,1785653547,8600,71,3,29.4,37.1,,run
2026-08-02T09:52:32+03:00,1785653552,8605,71,3,29.4,41.7,,run
2026-08-02T09:52:38+03:00,1785653558,8611,71,3,29.4,45.7,,run
2026-08-02T09:52:43+03:00,1785653563,8616,71,3,29.4,37.7,,run
2026-08-02T09:52:49+03:00,1785653569,8622,71,3,29.4,37.7,,run
2026-08-02T09:52:54+03:00,1785653574,8627,71,3,29.4,37.1,,run
2026-08-02T09:53:00+03:00,1785653580,8633,71,3,29.4,36.8,,run
2026-08-02T09:53:05+03:00,1785653585,8638,71,3,29.4,38.3,,run
2026-08-02T09:53:10+03:00,1785653590,8643,71,3,29.4,40.5,,run
2026-08-02T09:53:16+03:00,1785653596,8649,71,3,29.4,37.4,,run
2026-08-02T09:53:21+03:00,1785653601,8654,71,3,29.4,36.8,,run
2026-08-02T09:53:27+03:00,1785653607,8660,71,3,29.4,42.0,,run
2026-08-02T09:53:32+03:00,1785653612,8665,71,3,29.4,38.6,,run
2026-08-02T09:53:37+03:00,1785653617,8670,71,3,29.4,38.6,,run
2026-08-02T09:53:43+03:00,1785653623,8676,71,3,29.4,40.5,,run
2026-08-02T09:53:48+03:00,1785653628,8681,71,3,29.4,45.1,,run
2026-08-02T09:53:53+03:00,1785653633,8686,71,3,29.4,48.8,,run
2026-08-02T09:53:59+03:00,1785653639,8692,71,3,29.4,44.2,,run
2026-08-02T09:54:04+03:00,1785653644,8697,71,3,29.4,38.6,,run
2026-08-02T09:54:10+03:00,1785653650,8703,71,3,29.4,37.1,,run
2026-08-02T09:54:15+03:00,1785653655,8708,71,3,29.4,41.7,,run
2026-08-02T09:54:20+03:00,1785653660,8713,71,3,29.4,36.8,,run
2026-08-02T09:54:26+03:00,1785653666,8719,71,3,29.4,38.3,,run
2026-08-02T09:54:31+03:00,1785653671,8724,71,3,29.4,40.8,,run
2026-08-02T09:54:37+03:00,1785653677,8730,71,3,29.4,51.6,,run
2026-08-02T09:54:42+03:00,1785653682,8735,71,3,29.4,38.3,,run
2026-08-02T09:54:47+03:00,1785653687,8740,71,3,29.4,37.4,,run
2026-08-02T09:54:53+03:00,1785653693,8746,71,3,29.4,36.8,,run
2026-08-02T09:54:58+03:00,1785653698,8751,71,3,29.4,38.6,,run
2026-08-02T09:55:04+03:00,1785653704,8757,71,3,29.4,41.1,,run
2026-08-02T09:55:09+03:00,1785653709,8762,71,3,29.4,37.4,,run
2026-08-02T09:55:14+03:00,1785653714,8767,71,3,29.4,36.8,,run
2026-08-02T09:55:20+03:00,1785653720,8773,71,3,29.4,37.4,,run
2026-08-02T09:55:26+03:00,1785653725,8778,71,3,29.4,36.4,,run
2026-08-02T09:55:31+03:00,1785653731,8784,71,3,29.4,42.9,,run
2026-08-02T09:55:36+03:00,1785653736,8789,71,3,29.4,41.4,,run
2026-08-02T09:55:42+03:00,1785653742,8795,71,3,29.4,41.1,,run
2026-08-02T09:55:47+03:00,1785653747,8800,71,3,29.4,37.4,,run
2026-08-02T09:55:52+03:00,1785653752,8805,71,3,29.4,49.1,,run
2026-08-02T09:55:58+03:00,1785653758,8811,71,3,29.4,44.8,,run
2026-08-02T09:56:03+03:00,1785653763,8816,71,3,29.4,40.8,,run
2026-08-02T09:56:09+03:00,1785653769,8822,71,3,29.4,37.7,,run
2026-08-02T09:56:14+03:00,1785653774,8827,71,3,29.4,36.8,,run
2026-08-02T09:56:20+03:00,1785653780,8833,71,3,29.4,36.4,,run
2026-08-02T09:56:25+03:00,1785653785,8838,71,3,29.4,38.9,,run
2026-08-02T09:56:30+03:00,1785653790,8843,71,3,29.4,38.6,,run
2026-08-02T09:56:36+03:00,1785653796,8849,71,3,29.4,50.7,,run
2026-08-02T09:56:41+03:00,1785653801,8854,71,3,29.4,38.6,,run
2026-08-02T09:56:47+03:00,1785653807,8860,71,3,29.4,37.7,,run
2026-08-02T09:56:52+03:00,1785653812,8865,71,3,29.4,37.4,,run
2026-08-02T09:56:57+03:00,1785653817,8870,71,3,29.4,36.4,,run
2026-08-02T09:57:03+03:00,1785653823,8876,71,3,29.4,39.8,,run
2026-08-02T09:57:08+03:00,1785653828,8881,71,3,29.4,38.0,,run
2026-08-02T09:57:14+03:00,1785653834,8887,71,3,29.4,37.4,,run
2026-08-02T09:57:19+03:00,1785653839,8892,71,3,29.4,44.2,,run
2026-08-02T09:57:24+03:00,1785653844,8897,71,3,29.4,38.3,,run
2026-08-02T09:57:30+03:00,1785653850,8903,71,3,29.4,36.8,,run
2026-08-02T09:57:35+03:00,1785653855,8908,71,3,29.4,39.2,,run
2026-08-02T09:57:41+03:00,1785653861,8914,71,3,29.4,42.3,,run
2026-08-02T09:57:46+03:00,1785653866,8919,71,3,29.4,38.0,,run
2026-08-02T09:57:51+03:00,1785653871,8924,71,3,29.4,51.9,,run
2026-08-02T09:57:57+03:00,1785653877,8930,71,3,29.4,38.0,,run
2026-08-02T09:58:03+03:00,1785653883,8936,71,3,29.4,43.2,,run
2026-08-02T09:58:08+03:00,1785653888,8941,71,3,29.4,38.3,,run
2026-08-02T09:58:13+03:00,1785653893,8946,71,3,29.4,37.7,,run
2026-08-02T09:58:19+03:00,1785653899,8952,71,3,29.4,36.1,,run
2026-08-02T09:58:24+03:00,1785653904,8957,71,3,29.4,37.7,,run
2026-08-02T09:58:30+03:00,1785653910,8963,71,3,29.4,40.5,,run
2026-08-02T09:58:35+03:00,1785653915,8968,71,3,29.4,51.3,,run
2026-08-02T09:58:41+03:00,1785653921,8974,71,3,29.4,39.2,,run
2026-08-02T09:58:46+03:00,1785653926,8979,71,3,29.4,37.7,,run
2026-08-02T09:58:51+03:00,1785653931,8984,71,3,29.4,37.1,,run
2026-08-02T09:58:57+03:00,1785653937,8990,71,3,29.4,37.1,,run
2026-08-02T09:59:02+03:00,1785653942,8995,71,3,29.4,39.8,,run
2026-08-02T09:59:08+03:00,1785653948,9001,71,3,29.7,42.9,,run
2026-08-02T09:59:13+03:00,1785653953,9006,71,3,29.7,37.1,,run
2026-08-02T09:59:18+03:00,1785653958,9011,71,3,29.7,39.5,,run
2026-08-02T09:59:24+03:00,1785653964,9017,71,3,29.7,39.2,,run
2026-08-02T09:59:29+03:00,1785653969,9022,71,3,29.7,37.1,,run
2026-08-02T09:59:35+03:00,1785653975,9028,71,3,29.7,39.2,,run
2026-08-02T09:59:40+03:00,1785653980,9033,71,3,29.7,40.5,,run
2026-08-02T09:59:46+03:00,1785653986,9039,71,3,29.7,38.0,,run
2026-08-02T09:59:51+03:00,1785653991,9044,71,3,29.7,50.4,,run
2026-08-02T09:59:57+03:00,1785653997,9050,71,3,29.7,38.3,,run
2026-08-02T10:00:02+03:00,1785654002,9055,71,3,29.7,37.4,,run
2026-08-02T10:00:08+03:00,1785654008,9061,71,3,29.7,45.7,,run
2026-08-02T10:00:13+03:00,1785654013,9066,71,3,29.7,38.0,,run
2026-08-02T10:00:18+03:00,1785654018,9071,71,3,29.7,48.8,,run
2026-08-02T10:00:24+03:00,1785654024,9077,70,3,29.8,38.6,,run
2026-08-02T10:00:29+03:00,1785654029,9082,70,3,29.8,37.4,,run
2026-08-02T10:00:35+03:00,1785654035,9088,70,3,29.8,37.1,,run
2026-08-02T10:00:40+03:00,1785654040,9093,70,3,29.8,39.2,,run
2026-08-02T10:00:45+03:00,1785654045,9098,70,3,29.8,40.5,,run
2026-08-02T10:00:51+03:00,1785654051,9104,70,3,29.8,37.1,,run
2026-08-02T10:00:56+03:00,1785654056,9109,70,3,29.8,36.8,,run
2026-08-02T10:01:02+03:00,1785654062,9115,70,3,29.8,36.8,,run
2026-08-02T10:01:07+03:00,1785654067,9120,70,3,29.8,37.1,,run
2026-08-02T10:01:13+03:00,1785654073,9126,70,3,29.8,38.9,,run
2026-08-02T10:01:18+03:00,1785654078,9131,70,3,29.8,41.1,,run
2026-08-02T10:01:23+03:00,1785654083,9136,70,3,29.8,44.5,,run
2026-08-02T10:01:29+03:00,1785654089,9142,70,3,29.8,43.2,,run
2026-08-02T10:01:34+03:00,1785654094,9147,70,3,29.8,50.4,,run
2026-08-02T10:01:39+03:00,1785654099,9152,70,3,29.8,38.9,,run
2026-08-02T10:01:45+03:00,1785654105,9158,70,3,29.8,38.0,,run
2026-08-02T10:01:50+03:00,1785654110,9163,70,3,29.8,36.8,,run
2026-08-02T10:01:56+03:00,1785654116,9169,70,3,29.8,37.7,,run
2026-08-02T10:02:01+03:00,1785654121,9174,70,3,29.8,45.7,,run
2026-08-02T10:02:07+03:00,1785654127,9180,70,3,29.8,39.8,,run
2026-08-02T10:02:12+03:00,1785654132,9185,70,3,29.8,43.6,,run
2026-08-02T10:02:17+03:00,1785654137,9190,70,3,29.8,42.9,,run
2026-08-02T10:02:23+03:00,1785654143,9196,70,3,29.8,38.0,,run
2026-08-02T10:02:28+03:00,1785654148,9201,70,3,29.8,37.4,,run
2026-08-02T10:02:34+03:00,1785654154,9207,70,3,29.8,38.0,,run
2026-08-02T10:02:39+03:00,1785654159,9212,70,3,29.8,36.4,,run
2026-08-02T10:02:45+03:00,1785654165,9218,70,3,29.8,39.8,,run
2026-08-02T10:02:50+03:00,1785654170,9223,70,3,29.8,38.6,,run
2026-08-02T10:02:55+03:00,1785654175,9228,70,3,29.8,37.7,,run
2026-08-02T10:03:01+03:00,1785654181,9234,70,3,29.8,36.8,,run
2026-08-02T10:03:06+03:00,1785654186,9239,70,3,29.8,36.4,,run
2026-08-02T10:03:12+03:00,1785654192,9245,70,3,29.8,36.4,,run
2026-08-02T10:03:17+03:00,1785654197,9250,70,3,29.8,50.7,,run
2026-08-02T10:03:23+03:00,1785654203,9256,70,3,29.8,41.4,,run
2026-08-02T10:03:28+03:00,1785654208,9261,70,3,29.8,42.0,,run
2026-08-02T10:03:33+03:00,1785654213,9266,70,3,29.8,41.1,,run
2026-08-02T10:03:39+03:00,1785654219,9272,70,3,29.8,37.4,,run
2026-08-02T10:03:44+03:00,1785654224,9277,70,3,29.8,36.8,,run
2026-08-02T10:03:50+03:00,1785654230,9283,70,3,29.8,36.8,,run
2026-08-02T10:03:55+03:00,1785654235,9288,70,3,29.8,37.4,,run
2026-08-02T10:04:01+03:00,1785654241,9294,70,3,29.8,47.9,,run
2026-08-02T10:04:06+03:00,1785654246,9299,70,3,29.8,38.6,,run
2026-08-02T10:04:11+03:00,1785654251,9304,70,3,29.8,45.7,,run
2026-08-02T10:04:17+03:00,1785654257,9310,70,3,29.8,43.2,,run
2026-08-02T10:04:22+03:00,1785654262,9315,70,3,29.8,42.0,,run
2026-08-02T10:04:27+03:00,1785654267,9320,70,3,29.8,41.1,,run
2026-08-02T10:04:33+03:00,1785654273,9326,70,3,29.8,38.3,,run
2026-08-02T10:04:38+03:00,1785654278,9331,70,3,29.8,38.0,,run
2026-08-02T10:04:43+03:00,1785654283,9336,70,3,29.8,37.4,,run
2026-08-02T10:04:49+03:00,1785654289,9342,70,3,29.8,37.4,,run
2026-08-02T10:04:54+03:00,1785654294,9347,70,3,29.8,40.2,,run
2026-08-02T10:05:00+03:00,1785654300,9353,70,3,29.8,40.2,,run
2026-08-02T10:05:05+03:00,1785654305,9358,70,3,29.8,37.4,,run
2026-08-02T10:05:10+03:00,1785654310,9363,70,3,29.8,36.8,,run
2026-08-02T10:05:16+03:00,1785654316,9369,70,3,29.8,48.8,,run
2026-08-02T10:05:21+03:00,1785654321,9374,70,3,29.8,38.3,,run
2026-08-02T10:05:27+03:00,1785654327,9380,70,3,29.8,37.7,,run
2026-08-02T10:05:32+03:00,1785654332,9385,70,3,29.8,42.6,,run
2026-08-02T10:05:38+03:00,1785654338,9391,70,3,29.8,38.3,,run
2026-08-02T10:05:43+03:00,1785654343,9396,70,3,29.8,37.4,,run
2026-08-02T10:05:49+03:00,1785654349,9402,70,3,29.8,36.8,,run
2026-08-02T10:05:54+03:00,1785654354,9407,70,3,29.8,36.4,,run
2026-08-02T10:06:00+03:00,1785654360,9413,70,3,29.8,51.0,,run
2026-08-02T10:06:05+03:00,1785654365,9418,70,3,29.8,43.2,,run
2026-08-02T10:06:11+03:00,1785654371,9424,70,3,29.8,45.4,,run
2026-08-02T10:06:16+03:00,1785654376,9429,70,3,29.8,39.2,,run
2026-08-02T10:06:21+03:00,1785654381,9434,70,3,29.8,39.2,,run
2026-08-02T10:06:27+03:00,1785654387,9440,70,3,29.8,37.1,,run
2026-08-02T10:06:32+03:00,1785654392,9445,70,3,29.8,37.7,,run
2026-08-02T10:06:38+03:00,1785654398,9451,70,3,29.8,39.5,,run
2026-08-02T10:06:43+03:00,1785654403,9456,70,3,29.8,39.8,,run
2026-08-02T10:06:48+03:00,1785654408,9461,70,3,29.8,37.1,,run
2026-08-02T10:06:54+03:00,1785654414,9467,70,3,29.8,36.8,,run
2026-08-02T10:06:59+03:00,1785654419,9472,70,3,29.8,37.1,,run
2026-08-02T10:07:05+03:00,1785654425,9478,70,3,29.8,37.1,,run
2026-08-02T10:07:10+03:00,1785654430,9483,70,3,29.8,40.2,,run
2026-08-02T10:07:16+03:00,1785654436,9489,70,3,29.8,37.1,,run
2026-08-02T10:07:21+03:00,1785654441,9494,70,3,29.8,45.4,,run
2026-08-02T10:07:26+03:00,1785654446,9499,70,3,29.8,38.6,,run
2026-08-02T10:07:32+03:00,1785654452,9505,70,3,29.8,37.4,,run
2026-08-02T10:07:37+03:00,1785654457,9510,70,3,29.8,36.8,,run
2026-08-02T10:07:43+03:00,1785654463,9516,70,3,29.8,38.0,,run
2026-08-02T10:07:48+03:00,1785654468,9521,70,3,29.8,43.2,,run
2026-08-02T10:07:53+03:00,1785654473,9526,70,3,29.8,41.4,,run
2026-08-02T10:07:59+03:00,1785654479,9532,70,3,29.8,39.5,,run
2026-08-02T10:08:04+03:00,1785654484,9537,70,3,29.8,38.0,,run
2026-08-02T10:08:10+03:00,1785654490,9543,70,3,29.8,36.8,,run
2026-08-02T10:08:15+03:00,1785654495,9548,70,3,29.8,36.8,,run
2026-08-02T10:08:20+03:00,1785654500,9553,70,3,29.8,38.3,,run
2026-08-02T10:08:26+03:00,1785654506,9559,70,3,29.8,40.2,,run
2026-08-02T10:08:31+03:00,1785654511,9564,70,3,29.8,36.8,,run
2026-08-02T10:08:37+03:00,1785654517,9570,70,3,29.8,36.8,,run
2026-08-02T10:08:42+03:00,1785654522,9575,70,3,29.8,37.1,,run
2026-08-02T10:08:48+03:00,1785654528,9581,70,3,29.8,36.1,,run
2026-08-02T10:08:53+03:00,1785654533,9586,70,3,29.8,38.9,,run
2026-08-02T10:08:58+03:00,1785654538,9591,70,3,29.8,40.2,,run
2026-08-02T10:09:04+03:00,1785654544,9597,70,3,29.8,36.8,,run
2026-08-02T10:09:09+03:00,1785654549,9602,70,3,29.8,43.2,,run
2026-08-02T10:09:15+03:00,1785654555,9608,70,3,29.8,38.6,,run
2026-08-02T10:09:20+03:00,1785654560,9613,70,3,29.8,36.8,,run
2026-08-02T10:09:25+03:00,1785654565,9618,70,3,29.8,36.8,,run
2026-08-02T10:09:31+03:00,1785654571,9624,70,3,29.8,38.6,,run
2026-08-02T10:09:36+03:00,1785654576,9629,70,3,29.8,40.8,,run
2026-08-02T10:09:41+03:00,1785654581,9634,70,3,29.8,37.1,,run
2026-08-02T10:09:47+03:00,1785654587,9640,70,3,29.8,36.8,,run
2026-08-02T10:09:52+03:00,1785654592,9645,70,3,29.8,40.8,,run
2026-08-02T10:09:58+03:00,1785654598,9651,70,3,29.8,41.7,,run
2026-08-02T10:10:03+03:00,1785654603,9656,70,3,29.8,38.3,,run
2026-08-02T10:10:08+03:00,1785654608,9661,70,3,29.8,36.4,,run
2026-08-02T10:10:14+03:00,1785654614,9667,70,3,29.8,38.3,,run
2026-08-02T10:10:19+03:00,1785654619,9672,70,3,29.8,38.0,,run
2026-08-02T10:10:25+03:00,1785654625,9678,70,3,29.8,37.4,,run
2026-08-02T10:10:30+03:00,1785654630,9683,70,3,29.8,38.3,,run
2026-08-02T10:10:36+03:00,1785654636,9689,70,3,29.8,38.0,,run
2026-08-02T10:10:41+03:00,1785654641,9694,70,3,29.8,37.1,,run
2026-08-02T10:10:47+03:00,1785654647,9700,70,3,29.8,36.1,,run
2026-08-02T10:10:52+03:00,1785654652,9705,70,3,29.8,39.5,,run
2026-08-02T10:10:57+03:00,1785654657,9710,70,3,29.8,41.1,,run
2026-08-02T10:11:03+03:00,1785654663,9716,70,3,29.8,37.7,,run
2026-08-02T10:11:08+03:00,1785654668,9721,70,3,29.8,37.7,,run
2026-08-02T10:11:14+03:00,1785654674,9727,70,3,29.8,42.6,,run
2026-08-02T10:11:19+03:00,1785654679,9732,70,3,29.8,43.6,,run
2026-08-02T10:11:24+03:00,1785654684,9737,70,3,29.8,39.2,,run
2026-08-02T10:11:30+03:00,1785654690,9743,70,3,29.8,38.0,,run
2026-08-02T10:11:35+03:00,1785654695,9748,70,3,29.8,37.7,,run
2026-08-02T10:11:41+03:00,1785654701,9754,70,3,29.8,37.4,,run
2026-08-02T10:11:46+03:00,1785654706,9759,70,3,29.8,36.8,,run
2026-08-02T10:11:52+03:00,1785654712,9765,70,3,29.8,40.5,,run
2026-08-02T10:11:57+03:00,1785654717,9770,70,3,29.8,45.1,,run
2026-08-02T10:12:02+03:00,1785654722,9775,70,3,29.8,41.1,,run
2026-08-02T10:12:08+03:00,1785654728,9781,69,3,30.0,47.9,,run
2026-08-02T10:12:13+03:00,1785654733,9786,69,3,30.0,41.1,,run
2026-08-02T10:12:18+03:00,1785654738,9791,69,3,30.0,42.3,,run
2026-08-02T10:12:24+03:00,1785654744,9797,69,3,30.0,37.1,,run
2026-08-02T10:12:29+03:00,1785654749,9802,69,3,30.0,36.8,,run
2026-08-02T10:12:35+03:00,1785654755,9808,69,3,30.0,36.4,,run
2026-08-02T10:12:40+03:00,1785654760,9813,69,3,30.0,38.0,,run
2026-08-02T10:12:46+03:00,1785654766,9819,69,3,30.0,40.5,,run
2026-08-02T10:12:51+03:00,1785654771,9824,69,3,30.0,38.0,,run
2026-08-02T10:12:57+03:00,1785654777,9830,69,3,30.0,39.2,,run
2026-08-02T10:13:02+03:00,1785654782,9835,69,3,30.0,42.3,,run
2026-08-02T10:13:07+03:00,1785654787,9840,69,3,30.0,42.9,,run
2026-08-02T10:13:13+03:00,1785654793,9846,69,3,30.0,39.5,,run
2026-08-02T10:13:18+03:00,1785654798,9851,69,3,30.0,38.3,,run
2026-08-02T10:13:24+03:00,1785654804,9857,69,3,30.0,38.0,,run
2026-08-02T10:13:29+03:00,1785654809,9862,69,3,30.0,42.0,,run
2026-08-02T10:13:34+03:00,1785654814,9867,69,3,30.0,39.5,,run
2026-08-02T10:13:40+03:00,1785654820,9873,69,3,30.0,42.3,,run
2026-08-02T10:13:45+03:00,1785654825,9878,69,3,30.0,39.2,,run
2026-08-02T10:13:51+03:00,1785654831,9884,69,3,30.0,38.3,,run
2026-08-02T10:13:56+03:00,1785654836,9889,69,3,30.0,38.0,,run
2026-08-02T10:14:02+03:00,1785654842,9895,69,3,30.0,42.0,,run
2026-08-02T10:14:07+03:00,1785654847,9900,69,3,30.0,39.8,,run
2026-08-02T10:14:12+03:00,1785654852,9905,69,3,30.0,45.1,,run
2026-08-02T10:14:18+03:00,1785654858,9911,69,3,30.0,53.5,,run
2026-08-02T10:14:23+03:00,1785654863,9916,69,3,30.0,45.4,,run
2026-08-02T10:14:28+03:00,1785654868,9921,69,3,30.0,40.8,,run
2026-08-02T10:14:34+03:00,1785654874,9927,69,3,30.0,37.4,,run
2026-08-02T10:14:39+03:00,1785654879,9932,69,3,30.0,36.8,,run
2026-08-02T10:14:45+03:00,1785654885,9938,69,3,30.0,36.8,,run
2026-08-02T10:14:50+03:00,1785654890,9943,69,3,30.0,37.7,,run
2026-08-02T10:14:55+03:00,1785654895,9948,69,3,30.0,36.1,,run
2026-08-02T10:15:01+03:00,1785654901,9954,69,3,30.0,37.4,,run
2026-08-02T10:15:06+03:00,1785654906,9959,69,3,30.0,48.2,,run
2026-08-02T10:15:12+03:00,1785654912,9965,69,3,30.0,40.8,,run
2026-08-02T10:15:17+03:00,1785654917,9970,69,3,30.0,41.7,,run
2026-08-02T10:15:23+03:00,1785654923,9976,69,3,30.0,38.3,,run
2026-08-02T10:15:28+03:00,1785654928,9981,69,3,30.0,37.7,,run
2026-08-02T10:15:34+03:00,1785654934,9987,69,3,30.0,37.7,,run
2026-08-02T10:15:39+03:00,1785654939,9992,69,3,30.0,37.1,,run
2026-08-02T10:15:44+03:00,1785654944,9997,69,3,30.0,39.5,,run
2026-08-02T10:15:50+03:00,1785654950,10003,69,3,30.0,40.5,,run
2026-08-02T10:15:55+03:00,1785654955,10008,69,3,30.0,38.0,,run
2026-08-02T10:16:01+03:00,1785654961,10014,69,3,30.0,37.7,,run
2026-08-02T10:16:06+03:00,1785654966,10019,69,3,30.0,36.4,,run
2026-08-02T10:16:11+03:00,1785654971,10024,69,3,30.0,37.1,,run
2026-08-02T10:16:17+03:00,1785654977,10030,69,3,30.0,38.0,,run
2026-08-02T10:16:22+03:00,1785654982,10035,69,3,30.0,50.7,,run
2026-08-02T10:16:28+03:00,1785654988,10041,69,3,30.0,40.5,,run
2026-08-02T10:16:34+03:00,1785654994,10047,69,3,30.0,38.3,,run
2026-08-02T10:16:39+03:00,1785654999,10052,69,3,30.0,36.8,,run
2026-08-02T10:16:45+03:00,1785655005,10058,69,3,30.0,37.1,,run
2026-08-02T10:16:50+03:00,1785655010,10063,69,3,30.0,36.1,,run
2026-08-02T10:16:56+03:00,1785655016,10069,69,3,30.0,41.7,,run
2026-08-02T10:17:01+03:00,1785655021,10074,69,3,30.0,37.1,,run
2026-08-02T10:17:06+03:00,1785655026,10079,69,3,30.0,36.8,,run
2026-08-02T10:17:12+03:00,1785655032,10085,69,3,30.0,49.7,,run
2026-08-02T10:17:17+03:00,1785655037,10090,69,3,30.0,41.7,,run
2026-08-02T10:17:23+03:00,1785655043,10096,69,3,30.0,39.2,,run
2026-08-02T10:17:28+03:00,1785655048,10101,69,3,30.0,39.5,,run
2026-08-02T10:17:33+03:00,1785655053,10106,69,3,30.0,37.1,,run
2026-08-02T10:17:39+03:00,1785655059,10112,69,3,30.0,38.0,,run
2026-08-02T10:17:44+03:00,1785655064,10117,69,3,30.0,36.8,,run
2026-08-02T10:17:50+03:00,1785655070,10123,69,3,30.0,39.5,,run
2026-08-02T10:17:55+03:00,1785655075,10128,69,3,30.0,40.5,,run
2026-08-02T10:18:00+03:00,1785655080,10133,69,3,30.0,37.7,,run
2026-08-02T10:18:06+03:00,1785655086,10139,69,3,30.0,42.6,,run
2026-08-02T10:18:11+03:00,1785655091,10144,69,3,30.0,44.2,,run
2026-08-02T10:18:16+03:00,1785655096,10149,69,3,30.0,42.9,,run
2026-08-02T10:18:22+03:00,1785655102,10155,69,3,30.0,37.4,,run
2026-08-02T10:18:27+03:00,1785655107,10160,69,3,30.0,39.5,,run
2026-08-02T10:18:33+03:00,1785655113,10166,69,3,30.0,40.8,,run
2026-08-02T10:18:38+03:00,1785655118,10171,69,3,30.0,39.2,,run
2026-08-02T10:18:44+03:00,1785655124,10177,69,3,30.0,36.8,,run
2026-08-02T10:18:49+03:00,1785655129,10182,69,3,30.0,36.1,,run
2026-08-02T10:18:55+03:00,1785655135,10188,69,3,30.0,36.4,,run
2026-08-02T10:19:00+03:00,1785655140,10193,69,3,30.0,36.8,,run
2026-08-02T10:19:06+03:00,1785655146,10199,69,3,29.6,41.7,,run
2026-08-02T10:19:11+03:00,1785655151,10204,69,3,29.6,39.2,,run
2026-08-02T10:19:16+03:00,1785655156,10209,69,3,29.6,51.9,,run
2026-08-02T10:19:22+03:00,1785655162,10215,69,3,29.6,43.6,,run
2026-08-02T10:19:28+03:00,1785655168,10221,69,3,29.6,38.0,,run
2026-08-02T10:19:33+03:00,1785655173,10226,69,3,29.6,37.4,,run
2026-08-02T10:19:38+03:00,1785655178,10231,69,3,29.6,37.1,,run
2026-08-02T10:19:44+03:00,1785655184,10237,69,3,29.6,38.3,,run
2026-08-02T10:19:49+03:00,1785655189,10242,69,3,29.6,41.1,,run
2026-08-02T10:19:55+03:00,1785655195,10248,69,3,29.6,39.2,,run
2026-08-02T10:20:00+03:00,1785655200,10253,69,3,29.6,37.7,,run
2026-08-02T10:20:06+03:00,1785655206,10259,69,3,29.6,37.4,,run
2026-08-02T10:20:11+03:00,1785655211,10264,69,3,29.6,37.7,,run
2026-08-02T10:20:16+03:00,1785655216,10269,69,3,29.6,38.9,,run
2026-08-02T10:20:22+03:00,1785655222,10275,69,3,29.6,38.6,,run
2026-08-02T10:20:27+03:00,1785655227,10280,69,3,29.6,44.8,,run
2026-08-02T10:20:32+03:00,1785655232,10285,69,3,29.6,48.5,,run
2026-08-02T10:20:38+03:00,1785655238,10291,69,3,29.6,38.6,,run
2026-08-02T10:20:44+03:00,1785655244,10297,69,3,29.6,39.2,,run
2026-08-02T10:20:49+03:00,1785655249,10302,69,3,29.6,37.1,,run
2026-08-02T10:20:54+03:00,1785655254,10307,69,3,29.6,36.4,,run
2026-08-02T10:21:00+03:00,1785655260,10313,69,3,29.6,36.1,,run
2026-08-02T10:21:05+03:00,1785655265,10318,69,3,29.6,35.8,,run
2026-08-02T10:21:11+03:00,1785655271,10324,69,3,29.6,36.4,,run
2026-08-02T10:21:16+03:00,1785655276,10329,69,3,29.6,42.3,,run
2026-08-02T10:21:22+03:00,1785655282,10335,69,3,29.6,53.5,,run
2026-08-02T10:21:27+03:00,1785655287,10340,69,3,29.6,43.6,,run
2026-08-02T10:21:32+03:00,1785655292,10345,69,3,29.6,38.0,,run
2026-08-02T10:21:38+03:00,1785655298,10351,69,3,29.6,37.1,,run
2026-08-02T10:21:43+03:00,1785655303,10356,69,3,29.6,36.8,,run
2026-08-02T10:21:49+03:00,1785655309,10362,69,3,29.6,36.8,,run
2026-08-02T10:21:54+03:00,1785655314,10367,69,3,29.6,39.2,,run
2026-08-02T10:22:00+03:00,1785655320,10373,69,3,29.6,39.2,,run
2026-08-02T10:22:05+03:00,1785655325,10378,69,3,29.6,37.1,,run
2026-08-02T10:22:10+03:00,1785655330,10383,69,3,29.6,37.4,,run
2026-08-02T10:22:16+03:00,1785655336,10389,69,3,29.6,36.8,,run
2026-08-02T10:22:21+03:00,1785655341,10394,69,3,29.6,37.1,,run
2026-08-02T10:22:27+03:00,1785655347,10400,69,3,29.6,39.5,,run
2026-08-02T10:22:32+03:00,1785655352,10405,69,3,29.6,37.7,,run
2026-08-02T10:22:37+03:00,1785655357,10410,69,3,29.6,49.7,,run
2026-08-02T10:22:43+03:00,1785655363,10416,69,3,29.6,38.9,,run
2026-08-02T10:22:49+03:00,1785655369,10422,69,3,29.6,38.9,,run
2026-08-02T10:22:54+03:00,1785655374,10427,69,3,29.6,37.1,,run
2026-08-02T10:23:00+03:00,1785655380,10433,69,3,29.6,36.4,,run
2026-08-02T10:23:05+03:00,1785655385,10438,69,3,29.6,36.1,,run
2026-08-02T10:23:10+03:00,1785655390,10443,69,3,29.6,36.4,,run
2026-08-02T10:23:16+03:00,1785655396,10449,69,3,29.6,36.8,,run
2026-08-02T10:23:21+03:00,1785655401,10454,69,3,29.6,40.5,,run
2026-08-02T10:23:27+03:00,1785655407,10460,69,3,29.6,51.9,,run
2026-08-02T10:23:32+03:00,1785655412,10465,69,3,29.6,43.9,,run
2026-08-02T10:23:37+03:00,1785655417,10470,69,3,29.6,38.9,,run
2026-08-02T10:23:43+03:00,1785655423,10476,69,3,29.6,38.3,,run
2026-08-02T10:23:48+03:00,1785655428,10481,69,3,29.6,38.0,,run
2026-08-02T10:23:54+03:00,1785655434,10487,68,3,30.0,37.4,,run
2026-08-02T10:23:59+03:00,1785655439,10492,68,3,30.0,38.3,,run
2026-08-02T10:24:05+03:00,1785655445,10498,68,3,30.0,41.1,,run
2026-08-02T10:24:10+03:00,1785655450,10503,68,3,30.0,37.7,,run
2026-08-02T10:24:15+03:00,1785655455,10508,68,3,30.0,37.1,,run
2026-08-02T10:24:21+03:00,1785655461,10514,68,3,30.0,38.3,,run
2026-08-02T10:24:26+03:00,1785655466,10519,68,3,30.0,36.8,,run
2026-08-02T10:24:32+03:00,1785655472,10525,68,3,30.0,38.6,,run
2026-08-02T10:24:37+03:00,1785655477,10530,68,3,30.0,41.4,,run
2026-08-02T10:24:42+03:00,1785655482,10535,68,3,30.0,48.5,,run
2026-08-02T10:24:48+03:00,1785655488,10541,68,3,30.0,45.1,,run
2026-08-02T10:24:54+03:00,1785655494,10547,68,3,30.0,38.9,,run
2026-08-02T10:24:59+03:00,1785655499,10552,68,3,30.0,39.8,,run
2026-08-02T10:25:04+03:00,1785655504,10557,68,3,30.0,37.1,,run
2026-08-02T10:25:10+03:00,1785655510,10563,68,3,30.0,36.8,,run
2026-08-02T10:25:15+03:00,1785655515,10568,68,3,30.0,36.8,,run
2026-08-02T10:25:21+03:00,1785655521,10574,68,3,30.0,40.2,,run
2026-08-02T10:25:26+03:00,1785655526,10579,68,3,30.0,39.8,,run
2026-08-02T10:25:32+03:00,1785655532,10585,68,3,30.0,47.0,,run
2026-08-02T10:25:37+03:00,1785655537,10590,68,3,30.0,44.2,,run
2026-08-02T10:25:42+03:00,1785655542,10595,68,3,30.0,40.5,,run
2026-08-02T10:25:48+03:00,1785655548,10601,68,3,30.0,38.3,,run
2026-08-02T10:25:53+03:00,1785655553,10606,68,3,30.0,37.7,,run
2026-08-02T10:25:59+03:00,1785655559,10612,68,3,30.0,40.2,,run
2026-08-02T10:26:04+03:00,1785655564,10617,68,3,30.0,40.8,,run
2026-08-02T10:26:09+03:00,1785655569,10622,68,3,30.0,38.0,,run
2026-08-02T10:26:15+03:00,1785655575,10628,68,3,30.0,37.7,,run
2026-08-02T10:26:20+03:00,1785655580,10633,68,3,30.0,45.1,,run
2026-08-02T10:26:26+03:00,1785655586,10639,68,3,30.0,38.9,,run
2026-08-02T10:26:31+03:00,1785655591,10644,68,3,30.0,38.3,,run
2026-08-02T10:26:36+03:00,1785655596,10649,68,3,30.0,42.0,,run
2026-08-02T10:26:42+03:00,1785655602,10655,68,3,30.0,38.0,,run
2026-08-02T10:26:47+03:00,1785655607,10660,68,3,30.0,51.3,,run
2026-08-02T10:26:53+03:00,1785655613,10666,68,3,30.0,39.8,,run
2026-08-02T10:26:58+03:00,1785655618,10671,68,3,30.0,40.5,,run
2026-08-02T10:27:04+03:00,1785655624,10677,68,3,30.0,42.9,,run
2026-08-02T10:27:09+03:00,1785655629,10682,68,3,30.0,38.3,,run
2026-08-02T10:27:14+03:00,1785655634,10687,68,3,30.0,37.7,,run
2026-08-02T10:27:20+03:00,1785655640,10693,68,3,30.0,37.7,,run
2026-08-02T10:27:25+03:00,1785655645,10698,68,3,30.0,37.1,,run
2026-08-02T10:27:31+03:00,1785655651,10704,68,3,30.0,39.2,,run
2026-08-02T10:27:36+03:00,1785655656,10709,68,3,30.0,43.6,,run
2026-08-02T10:27:42+03:00,1785655662,10715,68,3,30.0,42.9,,run
2026-08-02T10:27:47+03:00,1785655667,10720,68,3,30.0,46.3,,run
2026-08-02T10:27:52+03:00,1785655672,10725,68,3,30.0,38.9,,run
2026-08-02T10:27:58+03:00,1785655678,10731,68,3,30.0,38.6,,run
2026-08-02T10:28:03+03:00,1785655683,10736,68,3,30.0,38.3,,run
2026-08-02T10:28:09+03:00,1785655689,10742,68,3,30.0,38.3,,run
2026-08-02T10:28:14+03:00,1785655694,10747,68,3,30.0,41.1,,run
2026-08-02T10:28:20+03:00,1785655700,10753,68,3,30.0,38.9,,run
2026-08-02T10:28:25+03:00,1785655705,10758,68,3,30.0,37.4,,run
2026-08-02T10:28:30+03:00,1785655710,10763,68,3,30.0,37.4,,run
2026-08-02T10:28:36+03:00,1785655716,10769,68,3,30.0,38.6,,run
2026-08-02T10:28:41+03:00,1785655721,10774,68,3,30.0,38.9,,run
2026-08-02T10:28:47+03:00,1785655727,10780,68,3,30.0,44.5,,run
2026-08-02T10:28:52+03:00,1785655732,10785,68,3,30.0,52.5,,run
2026-08-02T10:28:57+03:00,1785655737,10790,68,3,30.0,38.6,,run
2026-08-02T10:29:03+03:00,1785655743,10796,68,3,30.0,38.3,,run
2026-08-02T10:29:08+03:00,1785655748,10801,68,3,30.2,42.9,,run
2026-08-02T10:29:14+03:00,1785655754,10807,68,3,30.2,37.7,,run
2026-08-02T10:29:19+03:00,1785655759,10812,68,3,30.2,37.4,,run
2026-08-02T10:29:25+03:00,1785655765,10818,68,3,30.2,36.8,,run
2026-08-02T10:29:30+03:00,1785655770,10823,68,3,30.2,37.4,,run
2026-08-02T10:29:36+03:00,1785655776,10829,68,3,30.2,38.6,,run
2026-08-02T10:29:41+03:00,1785655781,10834,68,3,30.2,44.8,,run
2026-08-02T10:29:46+03:00,1785655786,10839,68,3,30.2,40.8,,run
2026-08-02T10:29:52+03:00,1785655792,10845,68,3,30.2,41.7,,run
2026-08-02T10:29:57+03:00,1785655797,10850,68,3,30.2,42.3,,run
2026-08-02T10:30:03+03:00,1785655803,10856,68,3,30.2,38.9,,run
2026-08-02T10:30:08+03:00,1785655808,10861,68,3,30.2,37.7,,run
2026-08-02T10:30:14+03:00,1785655814,10867,68,3,30.2,37.7,,run
2026-08-02T10:30:19+03:00,1785655819,10872,68,3,30.2,41.7,,run
2026-08-02T10:30:24+03:00,1785655824,10877,68,3,30.2,44.2,,run
2026-08-02T10:30:30+03:00,1785655830,10883,68,3,30.2,42.9,,run
2026-08-02T10:30:35+03:00,1785655835,10888,68,3,30.2,38.6,,run
2026-08-02T10:30:40+03:00,1785655840,10893,68,3,30.2,43.6,,run
2026-08-02T10:30:46+03:00,1785655846,10899,68,3,30.2,41.7,,run
2026-08-02T10:30:51+03:00,1785655851,10904,68,3,30.2,44.2,,run
2026-08-02T10:30:57+03:00,1785655857,10910,68,3,30.2,52.8,,run
2026-08-02T10:31:02+03:00,1785655862,10915,68,3,30.2,41.1,,run
2026-08-02T10:31:08+03:00,1785655868,10921,68,3,30.2,39.2,,run
2026-08-02T10:31:13+03:00,1785655873,10926,68,3,30.2,37.7,,run
2026-08-02T10:31:19+03:00,1785655879,10932,68,3,30.2,43.6,,run
2026-08-02T10:31:24+03:00,1785655884,10937,68,3,30.2,37.7,,run
2026-08-02T10:31:29+03:00,1785655889,10942,68,3,30.2,38.0,,run
2026-08-02T10:31:35+03:00,1785655895,10948,68,3,30.2,38.3,,run
2026-08-02T10:31:40+03:00,1785655900,10953,68,3,30.2,38.9,,run
2026-08-02T10:31:46+03:00,1785655906,10959,68,3,30.2,45.4,,run
2026-08-02T10:31:51+03:00,1785655911,10964,68,3,30.2,41.7,,run
2026-08-02T10:31:56+03:00,1785655916,10969,68,3,30.2,38.6,,run
2026-08-02T10:32:02+03:00,1785655922,10975,68,3,30.2,43.9,,run
2026-08-02T10:32:07+03:00,1785655927,10980,68,3,30.2,40.2,,run
2026-08-02T10:32:13+03:00,1785655933,10986,68,3,30.2,38.3,,run
2026-08-02T10:32:18+03:00,1785655938,10991,68,3,30.2,37.7,,run
2026-08-02T10:32:24+03:00,1785655944,10997,68,3,30.2,40.2,,run
2026-08-02T10:32:29+03:00,1785655949,11002,68,3,30.2,41.7,,run
2026-08-02T10:32:34+03:00,1785655954,11007,68,3,30.2,38.6,,run
2026-08-02T10:32:40+03:00,1785655960,11013,68,3,30.2,37.7,,run
2026-08-02T10:32:45+03:00,1785655965,11018,68,3,30.2,37.4,,run
2026-08-02T10:32:51+03:00,1785655971,11024,68,3,30.2,37.4,,run
2026-08-02T10:32:56+03:00,1785655976,11029,68,3,30.2,48.8,,run
2026-08-02T10:33:01+03:00,1785655981,11034,68,3,30.2,42.3,,run
2026-08-02T10:33:07+03:00,1785655987,11040,68,3,30.2,44.5,,run
2026-08-02T10:33:12+03:00,1785655992,11045,68,3,30.2,37.1,,run
2026-08-02T10:33:18+03:00,1785655998,11051,68,3,30.2,37.7,,run
2026-08-02T10:33:23+03:00,1785656003,11056,68,3,30.2,43.2,,run
2026-08-02T10:33:29+03:00,1785656009,11062,68,3,30.2,41.4,,run
2026-08-02T10:33:34+03:00,1785656014,11067,68,3,30.2,39.8,,run
2026-08-02T10:33:39+03:00,1785656019,11072,68,3,30.2,38.3,,run
2026-08-02T10:33:45+03:00,1785656025,11078,68,3,30.2,50.1,,run
2026-08-02T10:33:51+03:00,1785656031,11084,68,3,30.2,40.8,,run
2026-08-02T10:33:56+03:00,1785656036,11089,68,3,30.2,41.7,,run
2026-08-02T10:34:01+03:00,1785656041,11094,68,3,30.2,42.3,,run
2026-08-02T10:34:07+03:00,1785656047,11100,68,3,30.2,38.9,,run
2026-08-02T10:34:12+03:00,1785656052,11105,68,3,30.2,46.0,,run
2026-08-02T10:34:17+03:00,1785656057,11110,68,3,30.2,39.5,,run
2026-08-02T10:34:23+03:00,1785656063,11116,68,3,30.2,41.4,,run
2026-08-02T10:34:28+03:00,1785656068,11121,68,3,30.2,40.5,,run
2026-08-02T10:34:34+03:00,1785656074,11127,68,3,30.2,41.4,,run
2026-08-02T10:34:39+03:00,1785656079,11132,67,3,30.5,42.9,,run
2026-08-02T10:34:44+03:00,1785656084,11137,67,3,30.5,38.6,,run
2026-08-02T10:34:50+03:00,1785656090,11143,67,3,30.5,38.0,,run
2026-08-02T10:34:55+03:00,1785656095,11148,67,3,30.5,40.2,,run
2026-08-02T10:35:01+03:00,1785656101,11154,67,3,30.5,42.9,,run
2026-08-02T10:35:06+03:00,1785656106,11159,67,3,30.5,40.8,,run
2026-08-02T10:35:11+03:00,1785656111,11164,67,3,30.5,40.5,,run
2026-08-02T10:35:17+03:00,1785656117,11170,67,3,30.5,37.7,,run
2026-08-02T10:35:22+03:00,1785656122,11175,67,3,30.5,37.4,,run
2026-08-02T10:35:28+03:00,1785656128,11181,67,3,30.5,36.4,,run
2026-08-02T10:35:33+03:00,1785656133,11186,67,3,30.5,46.0,,run
2026-08-02T10:35:39+03:00,1785656139,11192,67,3,30.5,42.0,,run
2026-08-02T10:35:44+03:00,1785656144,11197,67,3,30.5,38.3,,run
2026-08-02T10:35:49+03:00,1785656149,11202,67,3,30.5,51.0,,run
2026-08-02T10:35:55+03:00,1785656155,11208,67,3,30.5,43.2,,run
2026-08-02T10:36:00+03:00,1785656160,11213,67,3,30.5,41.4,,run
2026-08-02T10:36:06+03:00,1785656166,11219,67,3,30.5,42.0,,run
2026-08-02T10:36:11+03:00,1785656171,11224,67,3,30.5,42.3,,run
2026-08-02T10:36:16+03:00,1785656176,11229,67,3,30.5,38.6,,run
2026-08-02T10:36:22+03:00,1785656182,11235,67,3,30.5,47.3,,run
2026-08-02T10:36:27+03:00,1785656187,11240,67,3,30.5,41.1,,run
2026-08-02T10:36:33+03:00,1785656193,11246,67,3,30.5,41.1,,run
2026-08-02T10:36:38+03:00,1785656198,11251,67,3,30.5,41.1,,run
2026-08-02T10:36:43+03:00,1785656203,11256,67,3,30.5,46.7,,run
2026-08-02T10:36:49+03:00,1785656209,11262,67,3,30.5,41.1,,run
2026-08-02T10:36:54+03:00,1785656214,11267,67,3,30.5,42.6,,run
2026-08-02T10:36:59+03:00,1785656219,11272,67,3,30.5,39.2,,run
2026-08-02T10:37:05+03:00,1785656225,11278,67,3,30.5,40.8,,run
2026-08-02T10:37:10+03:00,1785656230,11283,67,3,30.5,40.5,,run
2026-08-02T10:37:16+03:00,1785656236,11289,67,3,30.5,39.2,,run
2026-08-02T10:37:21+03:00,1785656241,11294,67,3,30.5,38.0,,run
2026-08-02T10:37:27+03:00,1785656247,11300,67,3,30.5,42.9,,run
2026-08-02T10:37:32+03:00,1785656252,11305,67,3,30.5,45.1,,run
2026-08-02T10:37:37+03:00,1785656257,11310,67,3,30.5,41.1,,run
2026-08-02T10:37:43+03:00,1785656263,11316,67,3,30.5,44.2,,run
2026-08-02T10:37:48+03:00,1785656268,11321,67,3,30.5,44.8,,run
2026-08-02T10:37:53+03:00,1785656273,11326,67,3,30.5,54.1,,run
2026-08-02T10:37:59+03:00,1785656279,11332,67,3,30.5,44.8,,run
2026-08-02T10:38:04+03:00,1785656284,11337,67,3,30.5,46.7,,run
2026-08-02T10:38:10+03:00,1785656290,11343,67,3,30.5,41.4,,run
2026-08-02T10:38:15+03:00,1785656295,11348,67,3,30.5,42.6,,run
2026-08-02T10:38:20+03:00,1785656300,11353,67,3,30.5,42.9,,run
2026-08-02T10:38:26+03:00,1785656306,11359,67,3,30.5,42.0,,run
2026-08-02T10:38:31+03:00,1785656311,11364,67,3,30.5,39.2,,run
2026-08-02T10:38:36+03:00,1785656316,11369,67,3,30.5,39.2,,run
2026-08-02T10:38:42+03:00,1785656322,11375,67,3,30.5,43.9,,run
2026-08-02T10:38:47+03:00,1785656327,11380,67,3,30.5,44.5,,run
2026-08-02T10:38:52+03:00,1785656332,11385,67,3,30.5,42.0,,run
2026-08-02T10:38:58+03:00,1785656338,11391,67,3,30.5,41.1,,run
2026-08-02T10:39:03+03:00,1785656343,11396,67,3,30.5,42.3,,run
2026-08-02T10:39:09+03:00,1785656349,11402,67,3,30.6,49.7,,run
2026-08-02T10:39:14+03:00,1785656354,11407,67,3,30.6,42.0,,run
2026-08-02T10:39:20+03:00,1785656360,11413,67,3,30.6,42.9,,run
2026-08-02T10:39:25+03:00,1785656365,11418,67,3,30.6,38.3,,run
2026-08-02T10:39:30+03:00,1785656370,11423,67,3,30.6,38.0,,run
2026-08-02T10:39:36+03:00,1785656376,11429,67,3,30.6,37.4,,run
2026-08-02T10:39:41+03:00,1785656381,11434,67,3,30.6,38.6,,run
2026-08-02T10:39:47+03:00,1785656387,11440,67,3,30.6,40.8,,run
2026-08-02T10:39:52+03:00,1785656392,11445,67,3,30.6,38.3,,run
2026-08-02T10:39:58+03:00,1785656398,11451,67,3,30.6,50.4,,run
2026-08-02T10:40:03+03:00,1785656403,11456,67,3,30.6,46.3,,run
2026-08-02T10:40:09+03:00,1785656409,11462,67,3,30.6,46.3,,run
2026-08-02T10:40:14+03:00,1785656414,11467,67,3,30.6,43.6,,run
2026-08-02T10:40:19+03:00,1785656419,11472,67,3,30.6,42.0,,run
2026-08-02T10:40:25+03:00,1785656425,11478,67,3,30.6,43.2,,run
2026-08-02T10:40:30+03:00,1785656430,11483,67,3,30.6,39.2,,run
2026-08-02T10:40:36+03:00,1785656436,11489,67,3,30.6,39.2,,run
2026-08-02T10:40:41+03:00,1785656441,11494,67,3,30.6,41.1,,run
2026-08-02T10:40:46+03:00,1785656446,11499,67,3,30.6,42.0,,run
2026-08-02T10:40:52+03:00,1785656452,11505,67,3,30.6,45.4,,run
2026-08-02T10:40:57+03:00,1785656457,11510,67,3,30.6,46.0,,run
2026-08-02T10:41:02+03:00,1785656462,11515,67,3,30.6,43.9,,run
2026-08-02T10:41:08+03:00,1785656468,11521,67,3,30.6,38.6,,run
2026-08-02T10:41:13+03:00,1785656473,11526,67,3,30.6,40.8,,run
2026-08-02T10:41:18+03:00,1785656478,11531,67,3,30.6,41.1,,run
2026-08-02T10:41:24+03:00,1785656484,11537,67,3,30.6,43.2,,run
2026-08-02T10:41:29+03:00,1785656489,11542,67,3,30.6,38.3,,run
2026-08-02T10:41:35+03:00,1785656495,11548,67,3,30.6,38.0,,run
2026-08-02T10:41:40+03:00,1785656500,11553,67,3,30.6,37.7,,run
2026-08-02T10:41:46+03:00,1785656506,11559,67,3,30.6,42.3,,run
2026-08-02T10:41:51+03:00,1785656511,11564,67,3,30.6,41.7,,run
2026-08-02T10:41:57+03:00,1785656517,11570,67,3,30.6,38.3,,run
2026-08-02T10:42:02+03:00,1785656522,11575,67,3,30.6,52.2,,run
2026-08-02T10:42:08+03:00,1785656528,11581,67,3,30.6,39.8,,run
2026-08-02T10:42:13+03:00,1785656533,11586,67,3,30.6,41.7,,run
2026-08-02T10:42:19+03:00,1785656539,11592,67,3,30.6,42.3,,run
2026-08-02T10:42:24+03:00,1785656544,11597,67,3,30.6,39.5,,run
2026-08-02T10:42:29+03:00,1785656549,11602,67,3,30.6,42.6,,run
2026-08-02T10:42:35+03:00,1785656555,11608,67,3,30.6,39.5,,run
2026-08-02T10:42:40+03:00,1785656560,11613,67,3,30.6,38.0,,run
2026-08-02T10:42:46+03:00,1785656566,11619,67,3,30.6,38.6,,run
2026-08-02T10:42:51+03:00,1785656571,11624,67,3,30.6,37.4,,run
2026-08-02T10:42:57+03:00,1785656577,11630,67,3,30.6,40.8,,run
2026-08-02T10:43:02+03:00,1785656582,11635,67,3,30.6,45.1,,run
2026-08-02T10:43:07+03:00,1785656587,11640,67,3,30.6,40.8,,run
2026-08-02T10:43:13+03:00,1785656593,11646,67,3,30.6,38.6,,run
2026-08-02T10:43:18+03:00,1785656598,11651,67,3,30.6,47.6,,run
2026-08-02T10:43:24+03:00,1785656604,11657,67,3,30.6,39.2,,run
2026-08-02T10:43:29+03:00,1785656609,11662,67,3,30.6,38.6,,run
2026-08-02T10:43:35+03:00,1785656615,11668,67,3,30.6,37.7,,run
2026-08-02T10:43:40+03:00,1785656620,11673,67,3,30.6,37.4,,run
2026-08-02T10:43:46+03:00,1785656626,11679,67,3,30.6,37.4,,run
2026-08-02T10:43:51+03:00,1785656631,11684,67,3,30.6,37.7,,run
2026-08-02T10:43:57+03:00,1785656637,11690,67,3,30.6,36.8,,run
2026-08-02T10:44:02+03:00,1785656642,11695,67,3,30.6,42.9,,run
2026-08-02T10:44:07+03:00,1785656647,11700,67,3,30.6,51.9,,run
2026-08-02T10:44:13+03:00,1785656653,11706,67,3,30.6,43.2,,run
2026-08-02T10:44:18+03:00,1785656658,11711,67,3,30.6,39.5,,run
2026-08-02T10:44:23+03:00,1785656663,11716,67,3,30.6,44.2,,run
2026-08-02T10:44:29+03:00,1785656669,11722,67,3,30.6,42.0,,run
2026-08-02T10:44:34+03:00,1785656674,11727,67,3,30.6,38.6,,run
2026-08-02T10:44:40+03:00,1785656680,11733,67,3,30.6,37.7,,run
2026-08-02T10:44:45+03:00,1785656685,11738,67,3,30.6,40.5,,run
2026-08-02T10:44:51+03:00,1785656691,11744,67,3,30.6,42.0,,run
2026-08-02T10:44:56+03:00,1785656696,11749,67,3,30.6,38.0,,run
2026-08-02T10:45:01+03:00,1785656701,11754,67,3,30.6,37.7,,run
2026-08-02T10:45:07+03:00,1785656707,11760,67,3,30.6,37.7,,run
2026-08-02T10:45:12+03:00,1785656712,11765,67,3,30.6,42.3,,run
2026-08-02T10:45:18+03:00,1785656718,11771,66,3,30.4,41.1,,run
2026-08-02T10:45:23+03:00,1785656723,11776,66,3,30.4,52.2,,run
2026-08-02T10:45:29+03:00,1785656729,11782,66,3,30.4,39.2,,run
2026-08-02T10:45:34+03:00,1785656734,11787,66,3,30.4,38.0,,run
2026-08-02T10:45:40+03:00,1785656740,11793,66,3,30.4,38.0,,run
2026-08-02T10:45:45+03:00,1785656745,11798,66,3,30.4,40.8,,run
2026-08-02T10:45:51+03:00,1785656751,11804,66,3,30.4,38.6,,run
2026-08-02T10:45:56+03:00,1785656756,11809,66,3,30.4,38.3,,run
2026-08-02T10:46:01+03:00,1785656761,11814,66,3,30.4,38.9,,run
2026-08-02T10:46:07+03:00,1785656767,11820,66,3,30.4,38.9,,run
2026-08-02T10:46:12+03:00,1785656772,11825,66,3,30.4,49.1,,run
2026-08-02T10:46:18+03:00,1785656778,11831,66,3,30.4,38.3,,run
2026-08-02T10:46:23+03:00,1785656783,11836,66,3,30.4,40.2,,run
2026-08-02T10:46:29+03:00,1785656789,11842,66,3,30.4,43.9,,run
2026-08-02T10:46:34+03:00,1785656794,11847,66,3,30.4,45.4,,run
2026-08-02T10:46:39+03:00,1785656799,11852,66,3,30.4,38.9,,run
2026-08-02T10:46:45+03:00,1785656805,11858,66,3,30.4,38.0,,run
2026-08-02T10:46:50+03:00,1785656810,11863,66,3,30.4,39.8,,run
2026-08-02T10:46:56+03:00,1785656816,11869,66,3,30.4,39.2,,run
2026-08-02T10:47:01+03:00,1785656821,11874,66,3,30.4,42.3,,run
2026-08-02T10:47:06+03:00,1785656826,11879,66,3,30.4,38.0,,run
2026-08-02T10:47:12+03:00,1785656832,11885,66,3,30.4,38.0,,run
2026-08-02T10:47:17+03:00,1785656837,11890,66,3,30.4,37.7,,run
2026-08-02T10:47:23+03:00,1785656843,11896,66,3,30.4,45.7,,run
2026-08-02T10:47:28+03:00,1785656848,11901,66,3,30.4,52.5,,run
2026-08-02T10:47:33+03:00,1785656853,11906,66,3,30.4,39.8,,run
2026-08-02T10:47:39+03:00,1785656859,11912,66,3,30.4,38.3,,run
2026-08-02T10:47:44+03:00,1785656864,11917,66,3,30.4,37.7,,run
2026-08-02T10:47:50+03:00,1785656870,11923,66,3,30.4,38.0,,run
2026-08-02T10:47:55+03:00,1785656875,11928,66,3,30.4,37.1,,run
2026-08-02T10:48:01+03:00,1785656881,11934,66,3,30.4,38.0,,run
2026-08-02T10:48:06+03:00,1785656886,11939,66,3,30.4,38.6,,run
2026-08-02T10:48:12+03:00,1785656892,11945,66,3,30.4,39.2,,run
2026-08-02T10:48:17+03:00,1785656897,11950,66,3,30.4,47.3,,run
2026-08-02T10:48:22+03:00,1785656902,11955,66,3,30.4,42.0,,run
2026-08-02T10:48:28+03:00,1785656908,11961,66,3,30.4,42.6,,run
2026-08-02T10:48:33+03:00,1785656913,11966,66,3,30.4,39.5,,run
2026-08-02T10:48:39+03:00,1785656919,11972,66,3,30.4,43.9,,run
2026-08-02T10:48:44+03:00,1785656924,11977,66,3,30.4,42.9,,run
2026-08-02T10:48:49+03:00,1785656929,11982,66,3,30.4,42.9,,run
2026-08-02T10:48:55+03:00,1785656935,11988,66,3,30.4,40.5,,run
2026-08-02T10:49:00+03:00,1785656940,11993,66,3,30.4,41.4,,run
2026-08-02T10:49:05+03:00,1785656945,11998,66,3,30.4,42.3,,run
2026-08-02T10:49:11+03:00,1785656951,12004,66,3,30.4,39.2,,run
2026-08-02T10:49:16+03:00,1785656956,12009,66,3,30.4,40.8,,run
2026-08-02T10:49:22+03:00,1785656962,12015,66,3,30.4,42.3,,run
2026-08-02T10:49:27+03:00,1785656967,12020,66,3,30.4,51.9,,run
2026-08-02T10:49:32+03:00,1785656972,12025,66,3,30.4,56.9,,run
2026-08-02T10:49:38+03:00,1785656978,12031,66,3,30.4,40.5,,run
2026-08-02T10:49:43+03:00,1785656983,12036,66,3,30.4,38.3,,run
2026-08-02T10:49:49+03:00,1785656989,12042,66,3,30.4,38.6,,run
2026-08-02T10:49:54+03:00,1785656994,12047,66,3,30.4,38.3,,run
2026-08-02T10:50:00+03:00,1785657000,12053,66,3,30.4,37.7,,run
2026-08-02T10:50:05+03:00,1785657005,12058,66,3,30.4,38.3,,run
2026-08-02T10:50:11+03:00,1785657011,12064,66,3,30.4,37.1,,run
2026-08-02T10:50:16+03:00,1785657016,12069,66,3,30.4,41.4,,run
2026-08-02T10:50:21+03:00,1785657021,12074,66,3,30.4,47.3,,run
2026-08-02T10:50:27+03:00,1785657027,12080,66,3,30.4,38.6,,run
2026-08-02T10:50:32+03:00,1785657032,12085,66,3,30.4,38.6,,run
2026-08-02T10:50:38+03:00,1785657038,12091,66,3,30.4,38.0,,run
2026-08-02T10:50:43+03:00,1785657043,12096,66,3,30.4,37.4,,run
2026-08-02T10:50:49+03:00,1785657049,12102,66,3,30.4,44.8,,run
2026-08-02T10:50:54+03:00,1785657054,12107,66,3,30.4,45.1,,run
2026-08-02T10:50:59+03:00,1785657059,12112,66,3,30.4,42.9,,run
2026-08-02T10:51:05+03:00,1785657065,12118,66,3,30.4,38.6,,run
2026-08-02T10:51:10+03:00,1785657070,12123,66,3,30.4,37.7,,run
2026-08-02T10:51:15+03:00,1785657075,12128,66,3,30.4,37.7,,run
2026-08-02T10:51:21+03:00,1785657081,12134,66,3,30.4,38.6,,run
2026-08-02T10:51:26+03:00,1785657086,12139,66,3,30.4,39.5,,run
2026-08-02T10:51:32+03:00,1785657092,12145,66,3,30.4,49.1,,run
2026-08-02T10:51:37+03:00,1785657097,12150,66,3,30.4,49.1,,run
2026-08-02T10:51:42+03:00,1785657102,12155,66,3,30.4,46.3,,run
2026-08-02T10:51:48+03:00,1785657108,12161,66,3,30.4,39.2,,run
2026-08-02T10:51:53+03:00,1785657113,12166,66,3,30.4,38.0,,run
2026-08-02T10:51:58+03:00,1785657118,12171,66,3,30.4,37.7,,run
2026-08-02T10:52:04+03:00,1785657124,12177,66,3,30.4,37.4,,run
2026-08-02T10:52:09+03:00,1785657129,12182,66,3,30.4,37.4,,run
2026-08-02T10:52:15+03:00,1785657135,12188,66,3,30.4,39.2,,run
2026-08-02T10:52:20+03:00,1785657140,12193,66,3,30.4,49.4,,run
2026-08-02T10:52:26+03:00,1785657146,12199,66,3,30.4,42.9,,run
2026-08-02T10:52:31+03:00,1785657151,12204,66,3,30.4,40.5,,run
2026-08-02T10:52:37+03:00,1785657157,12210,66,3,30.4,38.3,,run
2026-08-02T10:52:42+03:00,1785657162,12215,66,3,30.4,42.9,,run
2026-08-02T10:52:47+03:00,1785657167,12220,66,3,30.4,38.6,,run
2026-08-02T10:52:53+03:00,1785657173,12226,66,3,30.4,43.6,,run
2026-08-02T10:52:58+03:00,1785657178,12231,66,3,30.4,47.3,,run
2026-08-02T10:53:03+03:00,1785657183,12236,66,3,30.4,44.2,,run
2026-08-02T10:53:09+03:00,1785657189,12242,66,3,30.4,39.5,,run
2026-08-02T10:53:14+03:00,1785657194,12247,66,3,30.4,40.2,,run
2026-08-02T10:53:20+03:00,1785657200,12253,66,3,30.4,43.2,,run
2026-08-02T10:53:25+03:00,1785657205,12258,66,3,30.4,46.0,,run
2026-08-02T10:53:30+03:00,1785657210,12263,66,3,30.4,42.3,,run
2026-08-02T10:53:36+03:00,1785657216,12269,66,3,30.4,51.3,,run
2026-08-02T10:53:41+03:00,1785657221,12274,66,3,30.4,42.3,,run
2026-08-02T10:53:46+03:00,1785657226,12279,66,3,30.4,43.6,,run
2026-08-02T10:53:52+03:00,1785657232,12285,66,3,30.4,45.1,,run
2026-08-02T10:53:57+03:00,1785657237,12290,66,3,30.4,39.5,,run
2026-08-02T10:54:03+03:00,1785657243,12296,66,3,30.4,38.6,,run
2026-08-02T10:54:08+03:00,1785657248,12301,66,3,30.4,38.6,,run
2026-08-02T10:54:13+03:00,1785657253,12306,66,3,30.4,37.4,,run
2026-08-02T10:54:19+03:00,1785657259,12312,66,3,30.4,42.0,,run
2026-08-02T10:54:24+03:00,1785657264,12317,66,3,30.4,49.7,,run
2026-08-02T10:54:30+03:00,1785657270,12323,66,3,30.4,41.1,,run
2026-08-02T10:54:35+03:00,1785657275,12328,66,3,30.4,38.3,,run
2026-08-02T10:54:41+03:00,1785657281,12334,66,3,30.4,37.7,,run
2026-08-02T10:54:46+03:00,1785657286,12339,66,3,30.4,37.1,,run
2026-08-02T10:54:52+03:00,1785657292,12345,66,3,30.4,42.0,,run
2026-08-02T10:54:57+03:00,1785657297,12350,66,3,30.4,38.0,,run
2026-08-02T10:55:02+03:00,1785657302,12355,66,3,30.4,38.9,,run
2026-08-02T10:55:08+03:00,1785657308,12361,66,3,30.4,44.2,,run
2026-08-02T10:55:13+03:00,1785657313,12366,66,3,30.4,40.8,,run
2026-08-02T10:55:19+03:00,1785657319,12372,66,3,30.4,40.5,,run
2026-08-02T10:55:24+03:00,1785657324,12377,66,3,30.4,40.5,,run
2026-08-02T10:55:29+03:00,1785657329,12382,66,3,30.4,41.4,,run
2026-08-02T10:55:35+03:00,1785657335,12388,66,3,30.4,38.3,,run
2026-08-02T10:55:40+03:00,1785657340,12393,66,3,30.4,40.5,,run
2026-08-02T10:55:46+03:00,1785657346,12399,66,3,30.4,40.2,,run
2026-08-02T10:55:51+03:00,1785657351,12404,66,3,30.4,40.2,,run
2026-08-02T10:55:57+03:00,1785657357,12410,66,3,30.4,41.7,,run
2026-08-02T10:56:02+03:00,1785657362,12415,65,3,30.4,44.5,,run
2026-08-02T10:56:07+03:00,1785657367,12420,65,3,30.4,38.0,,run
2026-08-02T10:56:13+03:00,1785657373,12426,65,3,30.4,38.0,,run
2026-08-02T10:56:18+03:00,1785657378,12431,65,3,30.4,38.0,,run
2026-08-02T10:56:24+03:00,1785657384,12437,65,3,30.4,37.1,,run
2026-08-02T10:56:29+03:00,1785657389,12442,65,3,30.4,51.9,,run
2026-08-02T10:56:35+03:00,1785657395,12448,65,3,30.4,42.9,,run
2026-08-02T10:56:40+03:00,1785657400,12453,65,3,30.4,42.6,,run
2026-08-02T10:56:45+03:00,1785657405,12458,65,3,30.4,38.0,,run
2026-08-02T10:56:51+03:00,1785657411,12464,65,3,30.4,38.3,,run
2026-08-02T10:56:56+03:00,1785657416,12469,65,3,30.4,38.0,,run
2026-08-02T10:57:02+03:00,1785657422,12475,65,3,30.4,38.0,,run
2026-08-02T10:57:07+03:00,1785657427,12480,65,3,30.4,39.8,,run
2026-08-02T10:57:13+03:00,1785657433,12486,65,3,30.4,40.8,,run
2026-08-02T10:57:18+03:00,1785657438,12491,65,3,30.4,46.3,,run
2026-08-02T10:57:23+03:00,1785657443,12496,65,3,30.4,40.2,,run
2026-08-02T10:57:29+03:00,1785657449,12502,65,3,30.4,37.7,,run
2026-08-02T10:57:34+03:00,1785657454,12507,65,3,30.4,39.2,,run
2026-08-02T10:57:40+03:00,1785657460,12513,65,3,30.4,38.3,,run
2026-08-02T10:57:45+03:00,1785657465,12518,65,3,30.4,47.0,,run
2026-08-02T10:57:51+03:00,1785657471,12524,65,3,30.4,39.8,,run
2026-08-02T10:57:56+03:00,1785657476,12529,65,3,30.4,39.2,,run
2026-08-02T10:58:02+03:00,1785657482,12535,65,3,30.4,40.2,,run
2026-08-02T10:58:07+03:00,1785657487,12540,65,3,30.4,43.2,,run
2026-08-02T10:58:12+03:00,1785657492,12545,65,3,30.4,38.0,,run
2026-08-02T10:58:18+03:00,1785657498,12551,65,3,30.4,39.5,,run
2026-08-02T10:58:23+03:00,1785657503,12556,65,3,30.4,41.1,,run
2026-08-02T10:58:29+03:00,1785657509,12562,65,3,30.4,37.7,,run
2026-08-02T10:58:34+03:00,1785657514,12567,65,3,30.4,49.7,,run
2026-08-02T10:58:39+03:00,1785657519,12572,65,3,30.4,39.5,,run
2026-08-02T10:58:45+03:00,1785657525,12578,65,3,30.4,38.3,,run
2026-08-02T10:58:50+03:00,1785657530,12583,65,3,30.4,37.7,,run
2026-08-02T10:58:56+03:00,1785657536,12589,65,3,30.4,40.8,,run
2026-08-02T10:59:01+03:00,1785657541,12594,65,3,30.4,41.7,,run
2026-08-02T10:59:06+03:00,1785657546,12599,65,3,30.3,40.5,,run
2026-08-02T10:59:12+03:00,1785657552,12605,65,3,30.3,38.3,,run
2026-08-02T10:59:17+03:00,1785657557,12610,65,3,30.3,37.7,,run
2026-08-02T10:59:23+03:00,1785657563,12616,65,3,30.3,44.2,,run
2026-08-02T10:59:28+03:00,1785657568,12621,65,3,30.3,44.8,,run
2026-08-02T10:59:33+03:00,1785657573,12626,65,3,30.3,41.1,,run
2026-08-02T10:59:39+03:00,1785657579,12632,65,3,30.3,40.8,,run
2026-08-02T10:59:44+03:00,1785657584,12637,65,3,30.3,38.3,,run
2026-08-02T10:59:50+03:00,1785657590,12643,65,3,30.3,50.1,,run
2026-08-02T10:59:55+03:00,1785657595,12648,65,3,30.3,38.3,,run
2026-08-02T11:00:01+03:00,1785657601,12654,65,3,30.3,38.6,,run
2026-08-02T11:00:06+03:00,1785657606,12659,65,3,30.3,37.4,,run
2026-08-02T11:00:12+03:00,1785657612,12665,65,3,30.3,45.1,,run
2026-08-02T11:00:17+03:00,1785657617,12670,65,3,30.3,38.9,,run
2026-08-02T11:00:22+03:00,1785657622,12675,65,3,30.3,40.5,,run
2026-08-02T11:00:28+03:00,1785657628,12681,65,3,30.3,40.5,,run
2026-08-02T11:00:33+03:00,1785657633,12686,65,3,30.3,39.5,,run
2026-08-02T11:00:39+03:00,1785657639,12692,65,3,30.3,48.5,,run
2026-08-02T11:00:44+03:00,1785657644,12697,65,3,30.3,39.5,,run
2026-08-02T11:00:49+03:00,1785657649,12702,65,3,30.3,38.0,,run
2026-08-02T11:00:55+03:00,1785657655,12708,65,3,30.3,40.8,,run
2026-08-02T11:01:00+03:00,1785657660,12713,65,3,30.3,39.8,,run
2026-08-02T11:01:06+03:00,1785657666,12719,65,3,30.3,38.0,,run
2026-08-02T11:01:11+03:00,1785657671,12724,65,3,30.3,37.4,,run
2026-08-02T11:01:17+03:00,1785657677,12730,65,3,30.3,37.7,,run
2026-08-02T11:01:22+03:00,1785657682,12735,65,3,30.3,38.9,,run
2026-08-02T11:01:28+03:00,1785657688,12741,65,3,30.3,44.2,,run
2026-08-02T11:01:33+03:00,1785657693,12746,65,3,30.3,47.6,,run
2026-08-02T11:01:38+03:00,1785657698,12751,65,3,30.3,39.8,,run
2026-08-02T11:01:43+03:00,1785657703,12756,65,3,30.3,39.2,,run
2026-08-02T11:01:49+03:00,1785657709,12762,65,3,30.3,38.3,,run
2026-08-02T11:01:54+03:00,1785657714,12767,65,3,30.3,51.6,,run
2026-08-02T11:02:00+03:00,1785657720,12773,65,3,30.3,38.9,,run
2026-08-02T11:02:05+03:00,1785657725,12778,65,3,30.3,38.9,,run
2026-08-02T11:02:11+03:00,1785657731,12784,65,3,30.3,38.0,,run
2026-08-02T11:02:16+03:00,1785657736,12789,65,3,30.3,41.4,,run
2026-08-02T11:02:22+03:00,1785657742,12795,65,3,30.3,41.1,,run
2026-08-02T11:02:27+03:00,1785657747,12800,65,3,30.3,38.3,,run
2026-08-02T11:02:32+03:00,1785657752,12805,65,3,30.3,39.2,,run
2026-08-02T11:02:38+03:00,1785657758,12811,65,3,30.3,39.5,,run
2026-08-02T11:02:43+03:00,1785657763,12816,65,3,30.3,42.0,,run
2026-08-02T11:02:49+03:00,1785657769,12822,65,3,30.3,38.0,,run
2026-08-02T11:02:54+03:00,1785657774,12827,65,3,30.3,40.5,,run
2026-08-02T11:03:00+03:00,1785657780,12833,65,3,30.3,39.2,,run
2026-08-02T11:03:05+03:00,1785657785,12838,65,3,30.3,38.0,,run
2026-08-02T11:03:11+03:00,1785657791,12844,65,3,30.3,38.0,,run
2026-08-02T11:03:16+03:00,1785657796,12849,65,3,30.3,37.4,,run
2026-08-02T11:03:21+03:00,1785657801,12854,65,3,30.3,40.5,,run
2026-08-02T11:03:27+03:00,1785657807,12860,65,3,30.3,41.7,,run
2026-08-02T11:03:32+03:00,1785657812,12865,65,3,30.3,38.9,,run
2026-08-02T11:03:38+03:00,1785657818,12871,65,3,30.3,43.2,,run
2026-08-02T11:03:43+03:00,1785657823,12876,65,3,30.3,40.2,,run
2026-08-02T11:03:48+03:00,1785657828,12881,65,3,30.3,37.7,,run
2026-08-02T11:03:54+03:00,1785657834,12887,65,3,30.3,44.2,,run
2026-08-02T11:03:59+03:00,1785657839,12892,65,3,30.3,51.3,,run
2026-08-02T11:04:05+03:00,1785657845,12898,65,3,30.3,38.6,,run
2026-08-02T11:04:10+03:00,1785657850,12903,65,3,30.3,38.3,,run
2026-08-02T11:04:16+03:00,1785657856,12909,65,3,30.3,37.4,,run
2026-08-02T11:04:21+03:00,1785657861,12914,65,3,30.3,36.8,,run
2026-08-02T11:04:26+03:00,1785657866,12919,65,3,30.3,39.2,,run
2026-08-02T11:04:32+03:00,1785657872,12925,65,3,30.3,43.9,,run
2026-08-02T11:04:37+03:00,1785657877,12930,65,3,30.3,38.0,,run
2026-08-02T11:04:43+03:00,1785657883,12936,65,3,30.3,39.8,,run
2026-08-02T11:04:48+03:00,1785657888,12941,65,3,30.3,40.8,,run
2026-08-02T11:04:54+03:00,1785657894,12947,65,3,30.3,38.6,,run
2026-08-02T11:04:59+03:00,1785657899,12952,65,3,30.3,40.2,,run
2026-08-02T11:05:05+03:00,1785657905,12958,65,3,30.3,41.4,,run
2026-08-02T11:05:10+03:00,1785657910,12963,65,3,30.3,38.6,,run
2026-08-02T11:05:15+03:00,1785657915,12968,65,3,30.3,37.1,,run
2026-08-02T11:05:21+03:00,1785657921,12974,65,3,30.3,37.4,,run
2026-08-02T11:05:26+03:00,1785657926,12979,65,3,30.3,37.7,,run
2026-08-02T11:05:32+03:00,1785657932,12985,65,3,30.3,42.0,,run
2026-08-02T11:05:37+03:00,1785657937,12990,65,3,30.3,38.6,,run
2026-08-02T11:05:43+03:00,1785657943,12996,65,3,30.3,37.1,,run
2026-08-02T11:05:48+03:00,1785657948,13001,65,3,30.3,42.0,,run
2026-08-02T11:05:53+03:00,1785657953,13006,65,3,30.3,39.5,,run
2026-08-02T11:05:59+03:00,1785657959,13012,65,3,30.3,46.3,,run
2026-08-02T11:06:04+03:00,1785657964,13017,65,3,30.3,42.9,,run
2026-08-02T11:06:10+03:00,1785657970,13023,65,3,30.3,44.2,,run
2026-08-02T11:06:15+03:00,1785657975,13028,65,3,30.3,37.7,,run
2026-08-02T11:06:21+03:00,1785657981,13034,65,3,30.3,37.4,,run
2026-08-02T11:06:26+03:00,1785657986,13039,65,3,30.3,36.1,,run
2026-08-02T11:06:32+03:00,1785657992,13045,65,3,30.3,36.4,,run
2026-08-02T11:06:37+03:00,1785657997,13050,65,3,30.3,42.9,,run
2026-08-02T11:06:42+03:00,1785658002,13055,65,3,30.3,41.7,,run
2026-08-02T11:06:48+03:00,1785658008,13061,65,3,30.3,48.2,,run
2026-08-02T11:06:53+03:00,1785658013,13066,65,3,30.3,44.2,,run
2026-08-02T11:06:59+03:00,1785658019,13072,65,3,30.3,38.3,,run
2026-08-02T11:07:04+03:00,1785658024,13077,65,3,30.3,38.0,,run
2026-08-02T11:07:10+03:00,1785658030,13083,65,3,30.3,40.5,,run
2026-08-02T11:07:15+03:00,1785658035,13088,65,3,30.3,43.2,,run
2026-08-02T11:07:20+03:00,1785658040,13093,65,3,30.3,38.0,,run
2026-08-02T11:07:26+03:00,1785658046,13099,65,3,30.3,38.6,,run
2026-08-02T11:07:31+03:00,1785658051,13104,65,3,30.3,37.7,,run
2026-08-02T11:07:37+03:00,1785658057,13110,65,3,30.3,38.0,,run
2026-08-02T11:07:42+03:00,1785658062,13115,65,3,30.3,40.2,,run
2026-08-02T11:07:48+03:00,1785658068,13121,64,3,30.3,38.6,,run
2026-08-02T11:07:53+03:00,1785658073,13126,64,3,30.3,42.6,,run
2026-08-02T11:07:58+03:00,1785658078,13131,64,3,30.3,44.8,,run
2026-08-02T11:08:04+03:00,1785658084,13137,64,3,30.3,42.9,,run
2026-08-02T11:08:09+03:00,1785658089,13142,64,3,30.3,41.4,,run
2026-08-02T11:08:15+03:00,1785658095,13148,64,3,30.3,40.5,,run
2026-08-02T11:08:20+03:00,1785658100,13153,64,3,30.3,38.0,,run
2026-08-02T11:08:26+03:00,1785658106,13159,64,3,30.3,37.4,,run
2026-08-02T11:08:31+03:00,1785658111,13164,64,3,30.3,37.4,,run
2026-08-02T11:08:37+03:00,1785658117,13170,64,3,30.3,37.1,,run
2026-08-02T11:08:42+03:00,1785658122,13175,64,3,30.3,38.6,,run
2026-08-02T11:08:47+03:00,1785658127,13180,64,3,30.3,43.6,,run
2026-08-02T11:08:53+03:00,1785658133,13186,64,3,30.3,54.4,,run
2026-08-02T11:08:58+03:00,1785658138,13191,64,3,30.3,42.3,,run
2026-08-02T11:09:04+03:00,1785658144,13197,64,3,30.3,38.9,,run
2026-08-02T11:09:09+03:00,1785658149,13202,64,3,30.4,39.2,,run
2026-08-02T11:09:15+03:00,1785658155,13208,64,3,30.4,42.0,,run
2026-08-02T11:09:20+03:00,1785658160,13213,64,3,30.4,38.9,,run
2026-08-02T11:09:26+03:00,1785658165,13218,64,3,30.4,38.3,,run
2026-08-02T11:09:31+03:00,1785658171,13224,64,3,30.4,38.0,,run
2026-08-02T11:09:36+03:00,1785658176,13229,64,3,30.4,38.0,,run
2026-08-02T11:09:42+03:00,1785658182,13235,64,3,30.4,39.2,,run
2026-08-02T11:09:47+03:00,1785658187,13240,64,3,30.4,42.0,,run
2026-08-02T11:09:53+03:00,1785658193,13246,64,3,30.4,37.7,,run
2026-08-02T11:09:58+03:00,1785658198,13251,64,3,30.4,37.7,,run
2026-08-02T11:10:04+03:00,1785658204,13257,64,3,30.4,42.6,,run
2026-08-02T11:10:09+03:00,1785658209,13262,64,3,30.4,52.5,,run
2026-08-02T11:10:15+03:00,1785658215,13268,64,3,30.4,39.8,,run
2026-08-02T11:10:20+03:00,1785658220,13273,64,3,30.4,39.2,,run
2026-08-02T11:10:25+03:00,1785658225,13278,64,3,30.4,37.7,,run
2026-08-02T11:10:31+03:00,1785658231,13284,64,3,30.4,38.3,,run
2026-08-02T11:10:36+03:00,1785658236,13289,64,3,30.4,36.8,,run
2026-08-02T11:10:42+03:00,1785658242,13295,64,3,30.4,39.5,,run
2026-08-02T11:10:47+03:00,1785658247,13300,64,3,30.4,39.8,,run
2026-08-02T11:10:53+03:00,1785658253,13306,64,3,30.4,44.2,,run
2026-08-02T11:10:58+03:00,1785658258,13311,64,3,30.4,51.9,,run
2026-08-02T11:11:03+03:00,1785658263,13316,64,3,30.4,42.0,,run
2026-08-02T11:11:09+03:00,1785658269,13322,64,3,30.4,38.9,,run
2026-08-02T11:11:14+03:00,1785658274,13327,64,3,30.4,39.2,,run
2026-08-02T11:11:19+03:00,1785658279,13332,64,3,30.4,37.7,,run
2026-08-02T11:11:25+03:00,1785658285,13338,64,3,30.4,37.7,,run
2026-08-02T11:11:30+03:00,1785658290,13343,64,3,30.4,40.2,,run
2026-08-02T11:11:36+03:00,1785658296,13349,64,3,30.4,39.2,,run
2026-08-02T11:11:41+03:00,1785658301,13354,64,3,30.4,37.7,,run
2026-08-02T11:11:47+03:00,1785658307,13360,64,3,30.4,37.7,,run
2026-08-02T11:11:52+03:00,1785658312,13365,64,3,30.4,38.0,,run
2026-08-02T11:11:57+03:00,1785658317,13370,64,3,30.4,37.7,,run
2026-08-02T11:12:03+03:00,1785658323,13376,64,3,30.4,42.6,,run
2026-08-02T11:12:08+03:00,1785658328,13381,64,3,30.4,42.0,,run
2026-08-02T11:12:14+03:00,1785658334,13387,64,3,30.4,54.1,,run
2026-08-02T11:12:19+03:00,1785658339,13392,64,3,30.4,39.8,,run
2026-08-02T11:12:25+03:00,1785658345,13398,64,3,30.4,38.0,,run
2026-08-02T11:12:30+03:00,1785658350,13403,64,3,30.4,38.0,,run
2026-08-02T11:12:36+03:00,1785658356,13409,64,3,30.4,37.1,,run
2026-08-02T11:12:41+03:00,1785658361,13414,64,3,30.4,37.7,,run
2026-08-02T11:12:47+03:00,1785658367,13420,64,3,30.4,38.0,,run
2026-08-02T11:12:52+03:00,1785658372,13425,64,3,30.4,37.4,,run
2026-08-02T11:12:58+03:00,1785658378,13431,64,3,30.4,40.2,,run
2026-08-02T11:13:03+03:00,1785658383,13436,64,3,30.4,51.3,,run
2026-08-02T11:13:08+03:00,1785658388,13441,64,3,30.4,40.8,,run
2026-08-02T11:13:14+03:00,1785658394,13447,64,3,30.4,40.8,,run
2026-08-02T11:13:19+03:00,1785658399,13452,64,3,30.4,43.2,,run
2026-08-02T11:13:25+03:00,1785658405,13458,64,3,30.4,38.9,,run
2026-08-02T11:13:30+03:00,1785658410,13463,64,3,30.4,37.4,,run
2026-08-02T11:13:36+03:00,1785658416,13469,64,3,30.4,38.0,,run
2026-08-02T11:13:41+03:00,1785658421,13474,64,3,30.4,37.4,,run
2026-08-02T11:13:47+03:00,1785658427,13480,64,3,30.4,40.5,,run
2026-08-02T11:13:52+03:00,1785658432,13485,64,3,30.4,39.5,,run
2026-08-02T11:13:57+03:00,1785658437,13490,64,3,30.4,38.0,,run
2026-08-02T11:14:03+03:00,1785658443,13496,64,3,30.4,37.4,,run
2026-08-02T11:14:08+03:00,1785658448,13501,64,3,30.4,37.7,,run
2026-08-02T11:14:14+03:00,1785658454,13507,64,3,30.4,38.0,,run
2026-08-02T11:14:19+03:00,1785658459,13512,64,3,30.4,51.6,,run
2026-08-02T11:14:25+03:00,1785658465,13518,64,3,30.4,44.8,,run
2026-08-02T11:14:30+03:00,1785658470,13523,64,3,30.4,39.2,,run
2026-08-02T11:14:35+03:00,1785658475,13528,64,3,30.4,37.7,,run
2026-08-02T11:14:41+03:00,1785658481,13534,64,3,30.4,37.7,,run
2026-08-02T11:14:46+03:00,1785658486,13539,64,3,30.4,37.1,,run
2026-08-02T11:14:52+03:00,1785658492,13545,64,3,30.4,37.4,,run
2026-08-02T11:14:57+03:00,1785658497,13550,64,3,30.4,36.8,,run
2026-08-02T11:15:03+03:00,1785658503,13556,64,3,30.4,41.1,,run
2026-08-02T11:15:08+03:00,1785658508,13561,64,3,30.4,47.0,,run
2026-08-02T11:15:14+03:00,1785658514,13567,64,3,30.4,44.8,,run
2026-08-02T11:15:19+03:00,1785658519,13572,64,3,30.4,39.2,,run
2026-08-02T11:15:24+03:00,1785658524,13577,64,3,30.4,38.3,,run
2026-08-02T11:15:30+03:00,1785658530,13583,64,3,30.4,37.4,,run
2026-08-02T11:15:35+03:00,1785658535,13588,64,3,30.4,39.2,,run
2026-08-02T11:15:41+03:00,1785658541,13594,64,3,30.4,41.7,,run
2026-08-02T11:15:46+03:00,1785658546,13599,64,3,30.4,38.9,,run
2026-08-02T11:15:51+03:00,1785658551,13604,64,3,30.4,37.4,,run
2026-08-02T11:15:57+03:00,1785658557,13610,64,3,30.4,39.5,,run
2026-08-02T11:16:02+03:00,1785658562,13615,64,3,30.4,37.1,,run
2026-08-02T11:16:08+03:00,1785658568,13621,64,3,30.4,37.1,,run
2026-08-02T11:16:13+03:00,1785658573,13626,64,3,30.4,38.6,,run
2026-08-02T11:16:19+03:00,1785658579,13632,64,3,30.4,47.3,,run
2026-08-02T11:16:24+03:00,1785658584,13637,64,3,30.4,40.5,,run
2026-08-02T11:16:30+03:00,1785658590,13643,64,3,30.4,47.6,,run
2026-08-02T11:16:35+03:00,1785658595,13648,64,3,30.4,44.5,,run
2026-08-02T11:16:40+03:00,1785658600,13653,64,3,30.4,40.8,,run
2026-08-02T11:16:46+03:00,1785658606,13659,64,3,30.4,38.0,,run
2026-08-02T11:16:51+03:00,1785658611,13664,64,3,30.4,38.0,,run
2026-08-02T11:16:57+03:00,1785658617,13670,64,3,30.4,40.2,,run
2026-08-02T11:17:02+03:00,1785658622,13675,64,3,30.4,38.3,,run
2026-08-02T11:17:08+03:00,1785658628,13681,64,3,30.4,49.1,,run
2026-08-02T11:17:13+03:00,1785658633,13686,64,3,30.4,41.7,,run
2026-08-02T11:17:19+03:00,1785658639,13692,64,3,30.4,44.5,,run
2026-08-02T11:17:24+03:00,1785658644,13697,64,3,30.4,44.2,,run
2026-08-02T11:17:29+03:00,1785658649,13702,64,3,30.4,39.5,,run
2026-08-02T11:17:35+03:00,1785658655,13708,64,3,30.4,38.3,,run
2026-08-02T11:17:40+03:00,1785658660,13713,64,3,30.4,37.7,,run
2026-08-02T11:17:46+03:00,1785658666,13719,64,3,30.4,37.7,,run
2026-08-02T11:17:51+03:00,1785658671,13724,64,3,30.4,40.5,,run
2026-08-02T11:17:56+03:00,1785658676,13729,64,3,30.4,38.6,,run
2026-08-02T11:18:02+03:00,1785658682,13735,64,3,30.4,37.7,,run
2026-08-02T11:18:07+03:00,1785658687,13740,64,3,30.4,38.0,,run
2026-08-02T11:18:13+03:00,1785658693,13746,64,3,30.4,38.0,,run
2026-08-02T11:18:18+03:00,1785658698,13751,64,3,30.4,42.0,,run
2026-08-02T11:18:24+03:00,1785658704,13757,64,3,30.4,44.5,,run
2026-08-02T11:18:29+03:00,1785658709,13762,63,3,30.6,40.5,,run
2026-08-02T11:18:34+03:00,1785658714,13767,63,3,30.6,39.8,,run
2026-08-02T11:18:40+03:00,1785658720,13773,63,3,30.6,42.3,,run
2026-08-02T11:18:45+03:00,1785658725,13778,63,3,30.6,39.5,,run
2026-08-02T11:18:51+03:00,1785658731,13784,63,3,30.6,38.3,,run
2026-08-02T11:18:56+03:00,1785658736,13789,63,3,30.6,39.8,,run
2026-08-02T11:19:02+03:00,1785658742,13795,63,3,30.6,49.4,,run
2026-08-02T11:19:07+03:00,1785658747,13800,63,3,30.6,38.6,,run
2026-08-02T11:19:12+03:00,1785658752,13805,63,3,30.6,40.5,,run
2026-08-02T11:19:18+03:00,1785658758,13811,63,3,30.6,41.7,,run
2026-08-02T11:19:23+03:00,1785658763,13816,63,3,30.6,38.9,,run
2026-08-02T11:19:29+03:00,1785658769,13822,63,3,30.6,43.9,,run
2026-08-02T11:19:34+03:00,1785658774,13827,63,3,30.6,39.2,,run
2026-08-02T11:19:39+03:00,1785658779,13832,63,3,30.6,38.0,,run
2026-08-02T11:19:45+03:00,1785658785,13838,63,3,30.6,37.7,,run
2026-08-02T11:19:50+03:00,1785658790,13843,63,3,30.6,40.5,,run
2026-08-02T11:19:56+03:00,1785658796,13849,63,3,30.6,40.5,,run
2026-08-02T11:20:01+03:00,1785658801,13854,63,3,30.6,38.0,,run
2026-08-02T11:20:06+03:00,1785658806,13859,63,3,30.6,38.3,,run
2026-08-02T11:20:12+03:00,1785658812,13865,63,3,30.6,37.4,,run
2026-08-02T11:20:17+03:00,1785658817,13870,63,3,30.6,50.4,,run
2026-08-02T11:20:23+03:00,1785658823,13876,63,3,30.6,42.0,,run
2026-08-02T11:20:28+03:00,1785658828,13881,63,3,30.6,38.6,,run
2026-08-02T11:20:34+03:00,1785658834,13887,63,3,30.6,38.0,,run
2026-08-02T11:20:39+03:00,1785658839,13892,63,3,30.6,38.0,,run
2026-08-02T11:20:45+03:00,1785658845,13898,63,3,30.6,51.6,,run
2026-08-02T11:20:50+03:00,1785658850,13903,63,3,30.6,48.2,,run
2026-08-02T11:20:55+03:00,1785658855,13908,63,3,30.6,40.2,,run
2026-08-02T11:21:01+03:00,1785658861,13914,63,3,30.6,39.2,,run
2026-08-02T11:21:06+03:00,1785658866,13919,63,3,30.6,38.0,,run
2026-08-02T11:21:12+03:00,1785658872,13925,63,3,30.6,41.1,,run
2026-08-02T11:21:17+03:00,1785658877,13930,63,3,30.6,42.6,,run
2026-08-02T11:21:22+03:00,1785658882,13935,63,3,30.6,38.6,,run
2026-08-02T11:21:28+03:00,1785658888,13941,63,3,30.6,38.0,,run
2026-08-02T11:21:33+03:00,1785658893,13946,63,3,30.6,37.7,,run
2026-08-02T11:21:39+03:00,1785658899,13952,63,3,30.6,42.0,,run
2026-08-02T11:21:44+03:00,1785658904,13957,63,3,30.6,39.2,,run
2026-08-02T11:21:50+03:00,1785658910,13963,63,3,30.6,39.5,,run
2026-08-02T11:21:55+03:00,1785658915,13968,63,3,30.6,39.5,,run
2026-08-02T11:22:00+03:00,1785658920,13973,63,3,30.6,49.4,,run
2026-08-02T11:22:06+03:00,1785658926,13979,63,3,30.6,39.5,,run
2026-08-02T11:22:11+03:00,1785658931,13984,63,3,30.6,43.2,,run
2026-08-02T11:22:17+03:00,1785658937,13990,63,3,30.6,37.4,,run
2026-08-02T11:22:22+03:00,1785658942,13995,63,3,30.6,38.0,,run
2026-08-02T11:22:28+03:00,1785658948,14001,63,3,30.6,47.9,,run
2026-08-02T11:22:33+03:00,1785658953,14006,63,3,30.6,40.8,,run
2026-08-02T11:22:39+03:00,1785658959,14012,63,3,30.6,38.3,,run
2026-08-02T11:22:44+03:00,1785658964,14017,63,3,30.6,40.2,,run
2026-08-02T11:22:49+03:00,1785658969,14022,63,3,30.6,42.0,,run
2026-08-02T11:22:55+03:00,1785658975,14028,63,3,30.6,45.7,,run
2026-08-02T11:23:00+03:00,1785658980,14033,63,3,30.6,45.1,,run
2026-08-02T11:23:05+03:00,1785658985,14038,63,3,30.6,38.6,,run
2026-08-02T11:23:11+03:00,1785658991,14044,63,3,30.6,38.3,,run
2026-08-02T11:23:16+03:00,1785658996,14049,63,3,30.6,38.0,,run
2026-08-02T11:23:22+03:00,1785659002,14055,63,3,30.6,39.5,,run
2026-08-02T11:23:27+03:00,1785659007,14060,63,3,30.6,42.3,,run
2026-08-02T11:23:32+03:00,1785659012,14065,63,3,30.6,38.3,,run
2026-08-02T11:23:38+03:00,1785659018,14071,63,3,30.6,37.7,,run
2026-08-02T11:23:43+03:00,1785659023,14076,63,3,30.6,51.0,,run
2026-08-02T11:23:49+03:00,1785659029,14082,63,3,30.6,43.9,,run
2026-08-02T11:23:54+03:00,1785659034,14087,63,3,30.6,44.2,,run
2026-08-02T11:23:59+03:00,1785659039,14092,63,3,30.6,38.3,,run
2026-08-02T11:24:05+03:00,1785659045,14098,63,3,30.6,38.6,,run
2026-08-02T11:24:10+03:00,1785659050,14103,63,3,30.6,37.4,,run
2026-08-02T11:24:16+03:00,1785659056,14109,63,3,30.6,39.8,,run
2026-08-02T11:24:21+03:00,1785659061,14114,63,3,30.6,39.8,,run
2026-08-02T11:24:27+03:00,1785659067,14120,63,3,30.6,38.0,,run
2026-08-02T11:24:32+03:00,1785659072,14125,63,3,30.6,51.6,,run
2026-08-02T11:24:38+03:00,1785659078,14131,63,3,30.6,40.5,,run
2026-08-02T11:24:43+03:00,1785659083,14136,63,3,30.6,38.6,,run
2026-08-02T11:24:49+03:00,1785659089,14142,63,3,30.6,37.4,,run
2026-08-02T11:24:54+03:00,1785659094,14147,63,3,30.6,38.3,,run
2026-08-02T11:25:00+03:00,1785659100,14153,63,3,30.6,42.0,,run
2026-08-02T11:25:05+03:00,1785659105,14158,63,3,30.6,47.3,,run
2026-08-02T11:25:10+03:00,1785659110,14163,63,3,30.6,39.2,,run
2026-08-02T11:25:16+03:00,1785659116,14169,63,3,30.6,38.0,,run
2026-08-02T11:25:21+03:00,1785659121,14174,63,3,30.6,37.4,,run
2026-08-02T11:25:27+03:00,1785659127,14180,63,3,30.6,39.2,,run
2026-08-02T11:25:32+03:00,1785659132,14185,63,3,30.6,41.4,,run
2026-08-02T11:25:37+03:00,1785659137,14190,63,3,30.6,38.0,,run
2026-08-02T11:25:43+03:00,1785659143,14196,63,3,30.6,37.7,,run
2026-08-02T11:25:48+03:00,1785659148,14201,63,3,30.6,49.4,,run
2026-08-02T11:25:54+03:00,1785659154,14207,63,3,30.6,44.2,,run
2026-08-02T11:25:59+03:00,1785659159,14212,63,3,30.6,39.8,,run
2026-08-02T11:26:05+03:00,1785659165,14218,63,3,30.6,38.3,,run
2026-08-02T11:26:10+03:00,1785659170,14223,63,3,30.6,37.7,,run
2026-08-02T11:26:15+03:00,1785659175,14228,63,3,30.6,37.4,,run
2026-08-02T11:26:21+03:00,1785659181,14234,63,3,30.6,38.0,,run
2026-08-02T11:26:26+03:00,1785659186,14239,63,3,30.6,36.4,,run
2026-08-02T11:26:32+03:00,1785659192,14245,63,3,30.6,40.2,,run
2026-08-02T11:26:37+03:00,1785659197,14250,63,3,30.6,52.2,,run
2026-08-02T11:26:42+03:00,1785659202,14255,63,3,30.6,39.8,,run
2026-08-02T11:26:48+03:00,1785659208,14261,63,3,30.6,38.6,,run
2026-08-02T11:26:53+03:00,1785659213,14266,63,3,30.6,37.7,,run
2026-08-02T11:26:59+03:00,1785659219,14272,63,3,30.6,37.4,,run
2026-08-02T11:27:04+03:00,1785659224,14277,63,3,30.6,41.4,,run
2026-08-02T11:27:10+03:00,1785659230,14283,63,3,30.6,45.1,,run
2026-08-02T11:27:15+03:00,1785659235,14288,63,3,30.6,44.5,,run
2026-08-02T11:27:20+03:00,1785659240,14293,63,3,30.6,40.2,,run
2026-08-02T11:27:26+03:00,1785659246,14299,63,3,30.6,38.6,,run
2026-08-02T11:27:31+03:00,1785659251,14304,63,3,30.6,38.0,,run
2026-08-02T11:27:37+03:00,1785659257,14310,63,3,30.6,38.0,,run
2026-08-02T11:27:42+03:00,1785659262,14315,63,3,30.6,41.4,,run
2026-08-02T11:27:47+03:00,1785659267,14320,63,3,30.6,45.4,,run
2026-08-02T11:27:53+03:00,1785659273,14326,63,3,30.6,52.8,,run
2026-08-02T11:27:59+03:00,1785659279,14332,63,3,30.6,40.2,,run
2026-08-02T11:28:04+03:00,1785659284,14337,63,3,30.6,38.9,,run
2026-08-02T11:28:10+03:00,1785659290,14343,63,3,30.6,43.2,,run
2026-08-02T11:28:15+03:00,1785659295,14348,63,3,30.6,36.8,,run
2026-08-02T11:28:21+03:00,1785659301,14354,63,3,30.6,36.4,,run
2026-08-02T11:28:26+03:00,1785659306,14359,63,3,30.6,39.2,,run
2026-08-02T11:28:31+03:00,1785659311,14364,63,3,30.6,38.3,,run
2026-08-02T11:28:37+03:00,1785659317,14370,63,3,30.6,39.5,,run
2026-08-02T11:28:42+03:00,1785659322,14375,63,3,30.6,48.2,,run
2026-08-02T11:28:48+03:00,1785659328,14381,63,3,30.6,38.3,,run
2026-08-02T11:28:53+03:00,1785659333,14386,63,3,30.6,40.2,,run
2026-08-02T11:28:59+03:00,1785659339,14392,63,3,30.6,41.4,,run
2026-08-02T11:29:04+03:00,1785659344,14397,63,3,30.6,38.0,,run
2026-08-02T11:29:09+03:00,1785659349,14402,62,3,30.6,42.6,,run
2026-08-02T11:29:15+03:00,1785659355,14408,62,3,30.6,39.2,,run
2026-08-02T11:29:20+03:00,1785659360,14413,62,3,30.6,37.7,,run
2026-08-02T11:29:26+03:00,1785659366,14419,62,3,30.6,39.8,,run
2026-08-02T11:29:31+03:00,1785659371,14424,62,3,30.6,41.7,,run
2026-08-02T11:29:36+03:00,1785659376,14429,62,3,30.6,39.5,,run
2026-08-02T11:29:42+03:00,1785659382,14435,62,3,30.6,49.1,,run
2026-08-02T11:29:47+03:00,1785659387,14440,62,3,30.6,39.8,,run
2026-08-02T11:29:53+03:00,1785659393,14446,62,3,30.6,38.9,,run
2026-08-02T11:29:58+03:00,1785659398,14451,62,3,30.6,52.8,,run
2026-08-02T11:30:04+03:00,1785659404,14457,62,3,30.6,42.9,,run
2026-08-02T11:30:09+03:00,1785659409,14462,62,3,30.6,38.0,,run
2026-08-02T11:30:14+03:00,1785659414,14467,62,3,30.6,37.4,,run
2026-08-02T11:30:20+03:00,1785659420,14473,62,3,30.6,37.1,,run
2026-08-02T11:30:25+03:00,1785659425,14478,62,3,30.6,47.9,,run
2026-08-02T11:30:31+03:00,1785659431,14484,62,3,30.6,39.5,,run
2026-08-02T11:30:36+03:00,1785659436,14489,62,3,30.6,38.6,,run
2026-08-02T11:30:42+03:00,1785659442,14495,62,3,30.6,39.8,,run
2026-08-02T11:30:47+03:00,1785659447,14500,62,3,30.6,42.3,,run
2026-08-02T11:30:52+03:00,1785659452,14505,62,3,30.6,38.0,,run
2026-08-02T11:30:58+03:00,1785659458,14511,62,3,30.6,42.9,,run
2026-08-02T11:31:03+03:00,1785659463,14516,62,3,30.6,39.5,,run
2026-08-02T11:31:09+03:00,1785659469,14522,62,3,30.6,38.6,,run
2026-08-02T11:31:14+03:00,1785659474,14527,62,3,30.6,38.3,,run
2026-08-02T11:31:20+03:00,1785659480,14533,62,3,30.6,41.1,,run
2026-08-02T11:31:25+03:00,1785659485,14538,62,3,30.6,41.4,,run
2026-08-02T11:31:30+03:00,1785659490,14543,62,3,30.6,47.6,,run
2026-08-02T11:31:36+03:00,1785659496,14549,62,3,30.6,40.5,,run
2026-08-02T11:31:41+03:00,1785659501,14554,62,3,30.6,52.8,,run
2026-08-02T11:31:47+03:00,1785659507,14560,62,3,30.6,40.8,,run
2026-08-02T11:31:52+03:00,1785659512,14565,62,3,30.6,40.2,,run
2026-08-02T11:31:57+03:00,1785659517,14570,62,3,30.6,38.0,,run
2026-08-02T11:32:03+03:00,1785659523,14576,62,3,30.6,37.4,,run
2026-08-02T11:32:08+03:00,1785659528,14581,62,3,30.6,37.1,,run
2026-08-02T11:32:14+03:00,1785659534,14587,62,3,30.6,37.7,,run
2026-08-02T11:32:19+03:00,1785659539,14592,62,3,30.6,41.1,,run
2026-08-02T11:32:25+03:00,1785659545,14598,62,3,30.6,38.0,,run
2026-08-02T11:32:30+03:00,1785659550,14603,62,3,30.6,52.2,,run
2026-08-02T11:32:36+03:00,1785659556,14609,62,3,30.6,39.8,,run
2026-08-02T11:32:41+03:00,1785659561,14614,62,3,30.6,38.3,,run
2026-08-02T11:32:46+03:00,1785659566,14619,62,3,30.6,46.0,,run
2026-08-02T11:32:52+03:00,1785659572,14625,62,3,30.6,41.7,,run
2026-08-02T11:32:57+03:00,1785659577,14630,62,3,30.6,42.9,,run
2026-08-02T11:33:02+03:00,1785659582,14635,62,3,30.6,38.9,,run
2026-08-02T11:33:08+03:00,1785659588,14641,62,3,30.6,39.2,,run
2026-08-02T11:33:13+03:00,1785659593,14646,62,3,30.6,37.7,,run
2026-08-02T11:33:19+03:00,1785659599,14652,62,3,30.6,38.0,,run
2026-08-02T11:33:24+03:00,1785659604,14657,62,3,30.6,40.8,,run
2026-08-02T11:33:30+03:00,1785659610,14663,62,3,30.6,40.5,,run
2026-08-02T11:33:35+03:00,1785659615,14668,62,3,30.6,47.6,,run
2026-08-02T11:33:40+03:00,1785659620,14673,62,3,30.6,42.9,,run
2026-08-02T11:33:46+03:00,1785659626,14679,62,3,30.6,52.5,,run
2026-08-02T11:33:51+03:00,1785659631,14684,62,3,30.6,38.9,,run
2026-08-02T11:33:57+03:00,1785659637,14690,62,3,30.6,38.0,,run
2026-08-02T11:34:02+03:00,1785659642,14695,62,3,30.6,39.8,,run
2026-08-02T11:34:07+03:00,1785659647,14700,62,3,30.6,37.1,,run
2026-08-02T11:34:13+03:00,1785659653,14706,62,3,30.6,37.1,,run
2026-08-02T11:34:18+03:00,1785659658,14711,62,3,30.6,38.9,,run
2026-08-02T11:34:24+03:00,1785659664,14717,62,3,30.6,38.6,,run
2026-08-02T11:34:29+03:00,1785659669,14722,62,3,30.6,39.5,,run
2026-08-02T11:34:34+03:00,1785659674,14727,62,3,30.6,49.1,,run
2026-08-02T11:34:40+03:00,1785659680,14733,62,3,30.6,39.5,,run
2026-08-02T11:34:45+03:00,1785659685,14738,62,3,30.6,38.0,,run
2026-08-02T11:34:51+03:00,1785659691,14744,62,3,30.6,41.7,,run
2026-08-02T11:34:56+03:00,1785659696,14749,62,3,30.6,45.1,,run
2026-08-02T11:35:01+03:00,1785659701,14754,62,3,30.6,38.9,,run
2026-08-02T11:35:07+03:00,1785659707,14760,62,3,30.6,38.0,,run
2026-08-02T11:35:12+03:00,1785659712,14765,62,3,30.6,37.7,,run
2026-08-02T11:35:18+03:00,1785659718,14771,62,3,30.6,38.9,,run
2026-08-02T11:35:23+03:00,1785659723,14776,62,3,30.6,41.7,,run
2026-08-02T11:35:29+03:00,1785659729,14782,62,3,30.6,38.6,,run
2026-08-02T11:35:34+03:00,1785659734,14787,62,3,30.6,37.7,,run
2026-08-02T11:35:40+03:00,1785659740,14793,62,3,30.6,43.6,,run
2026-08-02T11:35:45+03:00,1785659745,14798,62,3,30.6,42.3,,run
2026-08-02T11:35:50+03:00,1785659750,14803,62,3,30.6,51.9,,run
2026-08-02T11:35:56+03:00,1785659756,14809,62,3,30.6,38.9,,run
2026-08-02T11:36:01+03:00,1785659761,14814,62,3,30.6,38.0,,run
2026-08-02T11:36:07+03:00,1785659767,14820,62,3,30.6,37.4,,run
2026-08-02T11:36:12+03:00,1785659772,14825,62,3,30.6,37.1,,run
2026-08-02T11:36:18+03:00,1785659778,14831,62,3,30.6,37.1,,run
2026-08-02T11:36:23+03:00,1785659783,14836,62,3,30.6,38.0,,run
2026-08-02T11:36:28+03:00,1785659788,14841,62,3,30.6,36.8,,run
2026-08-02T11:36:34+03:00,1785659794,14847,62,3,30.6,39.2,,run
2026-08-02T11:36:40+03:00,1785659800,14853,62,3,30.6,44.5,,run
2026-08-02T11:36:45+03:00,1785659805,14858,62,3,30.6,39.8,,run
2026-08-02T11:36:50+03:00,1785659810,14863,62,3,30.6,38.3,,run
2026-08-02T11:36:56+03:00,1785659816,14869,62,3,30.6,37.7,,run
2026-08-02T11:37:01+03:00,1785659821,14874,62,3,30.6,44.8,,run
2026-08-02T11:37:06+03:00,1785659826,14879,62,3,30.6,39.5,,run
2026-08-02T11:37:12+03:00,1785659832,14885,62,3,30.6,40.2,,run
2026-08-02T11:37:17+03:00,1785659837,14890,62,3,30.6,39.2,,run
2026-08-02T11:37:23+03:00,1785659843,14896,62,3,30.6,38.9,,run
2026-08-02T11:37:28+03:00,1785659848,14901,62,3,30.6,38.0,,run
2026-08-02T11:37:34+03:00,1785659854,14907,62,3,30.6,37.4,,run
2026-08-02T11:37:39+03:00,1785659859,14912,62,3,30.6,37.4,,run
2026-08-02T11:37:44+03:00,1785659864,14917,62,3,30.6,41.7,,run
2026-08-02T11:37:50+03:00,1785659870,14923,62,3,30.6,49.7,,run
2026-08-02T11:37:55+03:00,1785659875,14928,62,3,30.6,51.0,,run
2026-08-02T11:38:01+03:00,1785659881,14934,62,3,30.6,39.5,,run
2026-08-02T11:38:06+03:00,1785659886,14939,62,3,30.6,38.3,,run
2026-08-02T11:38:12+03:00,1785659891,14944,62,3,30.6,37.4,,run
2026-08-02T11:38:17+03:00,1785659897,14950,62,3,30.6,37.1,,run
2026-08-02T11:38:22+03:00,1785659902,14955,62,3,30.6,40.2,,run
2026-08-02T11:38:28+03:00,1785659908,14961,62,3,30.6,42.0,,run
2026-08-02T11:38:33+03:00,1785659913,14966,62,3,30.6,38.9,,run
2026-08-02T11:38:39+03:00,1785659919,14972,62,3,30.6,39.5,,run
2026-08-02T11:38:44+03:00,1785659924,14977,62,3,30.6,42.3,,run
2026-08-02T11:38:50+03:00,1785659930,14983,62,3,30.6,38.6,,run
2026-08-02T11:38:55+03:00,1785659935,14988,62,3,30.6,38.3,,run
2026-08-02T11:39:00+03:00,1785659940,14993,62,3,30.6,40.5,,run
2026-08-02T11:39:06+03:00,1785659946,14999,62,3,30.6,43.2,,run
2026-08-02T11:39:11+03:00,1785659951,15004,62,3,30.6,46.7,,run
2026-08-02T11:39:17+03:00,1785659957,15010,62,3,30.6,39.8,,run
2026-08-02T11:39:22+03:00,1785659962,15015,62,3,30.6,38.3,,run
2026-08-02T11:39:27+03:00,1785659967,15020,62,3,30.6,38.0,,run
2026-08-02T11:39:33+03:00,1785659973,15026,62,3,30.6,38.0,,run
2026-08-02T11:39:38+03:00,1785659978,15031,62,3,30.6,44.5,,run
2026-08-02T11:39:44+03:00,1785659984,15037,62,3,30.6,46.3,,run
2026-08-02T11:39:49+03:00,1785659989,15042,62,3,30.6,39.2,,run
2026-08-02T11:39:54+03:00,1785659994,15047,61,3,30.7,46.3,,run
2026-08-02T11:40:00+03:00,1785660000,15053,61,3,30.7,42.6,,run
2026-08-02T11:40:05+03:00,1785660005,15058,61,3,30.7,44.2,,run
2026-08-02T11:40:11+03:00,1785660011,15064,61,3,30.7,38.0,,run
2026-08-02T11:40:16+03:00,1785660016,15069,61,3,30.7,40.2,,run
2026-08-02T11:40:22+03:00,1785660022,15075,61,3,30.7,37.7,,run
2026-08-02T11:40:27+03:00,1785660027,15080,61,3,30.7,37.7,,run
2026-08-02T11:40:32+03:00,1785660032,15085,61,3,30.7,37.1,,run
2026-08-02T11:40:38+03:00,1785660038,15091,61,3,30.7,37.4,,run
2026-08-02T11:40:43+03:00,1785660043,15096,61,3,30.7,50.7,,run
2026-08-02T11:40:49+03:00,1785660049,15102,61,3,30.7,42.6,,run
2026-08-02T11:40:54+03:00,1785660054,15107,61,3,30.7,40.5,,run
2026-08-02T11:41:00+03:00,1785660060,15113,61,3,30.7,46.0,,run
2026-08-02T11:41:05+03:00,1785660065,15118,61,3,30.7,39.8,,run
2026-08-02T11:41:10+03:00,1785660070,15123,61,3,30.7,38.6,,run
2026-08-02T11:41:16+03:00,1785660076,15129,61,3,30.7,38.3,,run
2026-08-02T11:41:21+03:00,1785660081,15134,61,3,30.7,38.0,,run
2026-08-02T11:41:27+03:00,1785660087,15140,61,3,30.7,40.5,,run
2026-08-02T11:41:32+03:00,1785660092,15145,61,3,30.7,39.5,,run
2026-08-02T11:41:38+03:00,1785660098,15151,61,3,30.7,38.6,,run
2026-08-02T11:41:43+03:00,1785660103,15156,61,3,30.7,38.0,,run
2026-08-02T11:41:49+03:00,1785660109,15162,61,3,30.7,45.4,,run
2026-08-02T11:41:54+03:00,1785660114,15167,61,3,30.7,38.9,,run
2026-08-02T11:41:59+03:00,1785660119,15172,61,3,30.7,41.4,,run
2026-08-02T11:42:05+03:00,1785660125,15178,61,3,30.7,41.1,,run
2026-08-02T11:42:10+03:00,1785660130,15183,61,3,30.7,42.0,,run
2026-08-02T11:42:15+03:00,1785660135,15188,61,3,30.7,38.9,,run
2026-08-02T11:42:21+03:00,1785660141,15194,61,3,30.7,37.4,,run
2026-08-02T11:42:26+03:00,1785660146,15199,61,3,30.7,37.4,,run
2026-08-02T11:42:32+03:00,1785660152,15205,61,3,30.7,38.0,,run
2026-08-02T11:42:37+03:00,1785660157,15210,61,3,30.7,37.7,,run
2026-08-02T11:42:43+03:00,1785660163,15216,61,3,30.7,39.5,,run
2026-08-02T11:42:48+03:00,1785660168,15221,61,3,30.7,51.0,,run
2026-08-02T11:42:54+03:00,1785660174,15227,61,3,30.7,41.1,,run
2026-08-02T11:42:59+03:00,1785660179,15232,61,3,30.7,39.2,,run
2026-08-02T11:43:05+03:00,1785660185,15238,61,3,30.7,43.6,,run
2026-08-02T11:43:10+03:00,1785660190,15243,61,3,30.7,41.1,,run
2026-08-02T11:43:15+03:00,1785660195,15248,61,3,30.7,38.3,,run
2026-08-02T11:43:21+03:00,1785660201,15254,61,3,30.7,41.4,,run
2026-08-02T11:43:26+03:00,1785660206,15259,61,3,30.7,39.2,,run
2026-08-02T11:43:31+03:00,1785660211,15264,61,3,30.7,38.9,,run
2026-08-02T11:43:37+03:00,1785660217,15270,61,3,30.7,38.3,,run
2026-08-02T11:43:42+03:00,1785660222,15275,61,3,30.7,38.0,,run
2026-08-02T11:43:48+03:00,1785660228,15281,61,3,30.7,39.2,,run
2026-08-02T11:43:53+03:00,1785660233,15286,61,3,30.7,44.5,,run
2026-08-02T11:43:59+03:00,1785660239,15292,61,3,30.7,46.3,,run
2026-08-02T11:44:04+03:00,1785660244,15297,61,3,30.7,50.7,,run
2026-08-02T11:44:10+03:00,1785660250,15303,61,3,30.7,40.5,,run
2026-08-02T11:44:15+03:00,1785660255,15308,61,3,30.7,38.3,,run
2026-08-02T11:44:20+03:00,1785660260,15313,61,3,30.7,37.7,,run
2026-08-02T11:44:26+03:00,1785660266,15319,61,3,30.7,37.7,,run
2026-08-02T11:44:31+03:00,1785660271,15324,61,3,30.7,36.8,,run
2026-08-02T11:44:37+03:00,1785660277,15330,61,3,30.7,37.4,,run
2026-08-02T11:44:42+03:00,1785660282,15335,61,3,30.7,41.4,,run
2026-08-02T11:44:47+03:00,1785660287,15340,61,3,30.7,39.8,,run
2026-08-02T11:44:53+03:00,1785660293,15346,61,3,30.7,49.7,,run
2026-08-02T11:44:58+03:00,1785660298,15351,61,3,30.7,44.5,,run
2026-08-02T11:45:04+03:00,1785660304,15357,61,3,30.7,40.5,,run
2026-08-02T11:45:09+03:00,1785660309,15362,61,3,30.7,44.5,,run
2026-08-02T11:45:14+03:00,1785660314,15367,61,3,30.7,45.7,,run
2026-08-02T11:45:20+03:00,1785660320,15373,61,3,30.7,39.8,,run
2026-08-02T11:45:25+03:00,1785660325,15378,61,3,30.7,41.4,,run
2026-08-02T11:45:30+03:00,1785660330,15383,61,3,30.7,40.5,,run
2026-08-02T11:45:36+03:00,1785660336,15389,61,3,30.7,39.2,,run
2026-08-02T11:45:41+03:00,1785660341,15394,61,3,30.7,40.2,,run
2026-08-02T11:45:47+03:00,1785660347,15400,61,3,30.7,42.0,,run
2026-08-02T11:45:52+03:00,1785660352,15405,61,3,30.7,38.3,,run
2026-08-02T11:45:57+03:00,1785660357,15410,61,3,30.7,40.8,,run
2026-08-02T11:46:03+03:00,1785660363,15416,61,3,30.7,45.7,,run
2026-08-02T11:46:08+03:00,1785660368,15421,61,3,30.7,53.1,,run
2026-08-02T11:46:14+03:00,1785660374,15427,61,3,30.7,39.8,,run
2026-08-02T11:46:20+03:00,1785660380,15433,61,3,30.7,39.5,,run
2026-08-02T11:46:25+03:00,1785660385,15438,61,3,30.7,38.9,,run
2026-08-02T11:46:30+03:00,1785660390,15443,61,3,30.7,37.7,,run
2026-08-02T11:46:36+03:00,1785660396,15449,61,3,30.7,37.1,,run
2026-08-02T11:46:41+03:00,1785660401,15454,61,3,30.7,51.0,,run
2026-08-02T11:46:47+03:00,1785660407,15460,61,3,30.7,42.0,,run
2026-08-02T11:46:52+03:00,1785660412,15465,61,3,30.7,39.8,,run
2026-08-02T11:46:58+03:00,1785660418,15471,61,3,30.7,38.3,,run
2026-08-02T11:47:03+03:00,1785660423,15476,61,3,30.7,38.9,,run
2026-08-02T11:47:09+03:00,1785660429,15482,61,3,30.7,40.5,,run
2026-08-02T11:47:14+03:00,1785660434,15487,61,3,30.7,38.0,,run
2026-08-02T11:47:19+03:00,1785660439,15492,61,3,30.7,41.4,,run
2026-08-02T11:47:25+03:00,1785660445,15498,61,3,30.7,46.0,,run
2026-08-02T11:47:30+03:00,1785660450,15503,61,3,30.7,40.5,,run
2026-08-02T11:47:35+03:00,1785660455,15508,61,3,30.7,39.5,,run
2026-08-02T11:47:41+03:00,1785660461,15514,61,3,30.7,38.6,,run
2026-08-02T11:47:46+03:00,1785660466,15519,61,3,30.7,37.7,,run
2026-08-02T11:47:52+03:00,1785660472,15525,61,3,30.7,40.8,,run
2026-08-02T11:47:57+03:00,1785660477,15530,61,3,30.7,48.2,,run
2026-08-02T11:48:03+03:00,1785660483,15536,61,3,30.7,41.1,,run
2026-08-02T11:48:08+03:00,1785660488,15541,61,3,30.7,39.2,,run
2026-08-02T11:48:14+03:00,1785660494,15547,61,3,30.7,45.1,,run
2026-08-02T11:48:19+03:00,1785660499,15552,61,3,30.7,40.2,,run
2026-08-02T11:48:24+03:00,1785660504,15557,61,3,30.7,39.2,,run
2026-08-02T11:48:30+03:00,1785660510,15563,61,3,30.7,38.0,,run
2026-08-02T11:48:35+03:00,1785660515,15568,61,3,30.7,38.3,,run
2026-08-02T11:48:41+03:00,1785660521,15574,61,3,30.7,38.3,,run
2026-08-02T11:48:46+03:00,1785660526,15579,61,3,30.7,51.6,,run
2026-08-02T11:48:51+03:00,1785660531,15584,61,3,30.7,44.5,,run
2026-08-02T11:48:57+03:00,1785660537,15590,61,3,30.7,39.5,,run
2026-08-02T11:49:02+03:00,1785660542,15595,61,3,30.7,38.9,,run
2026-08-02T11:49:08+03:00,1785660548,15601,61,3,30.7,38.3,,run
2026-08-02T11:49:13+03:00,1785660553,15606,61,3,30.7,37.7,,run
2026-08-02T11:49:19+03:00,1785660559,15612,61,3,30.7,40.5,,run
2026-08-02T11:49:24+03:00,1785660564,15617,61,3,30.7,41.4,,run
2026-08-02T11:49:29+03:00,1785660569,15622,60,3,30.7,38.9,,run
2026-08-02T11:49:35+03:00,1785660575,15628,60,3,30.7,44.2,,run
2026-08-02T11:49:40+03:00,1785660580,15633,60,3,30.7,39.8,,run
2026-08-02T11:49:46+03:00,1785660586,15639,60,3,30.7,38.6,,run
2026-08-02T11:49:51+03:00,1785660591,15644,60,3,30.7,41.4,,run
2026-08-02T11:49:56+03:00,1785660596,15649,60,3,30.7,38.6,,run
2026-08-02T11:50:02+03:00,1785660602,15655,60,3,30.7,50.7,,run
2026-08-02T11:50:07+03:00,1785660607,15660,60,3,30.7,39.8,,run
2026-08-02T11:50:13+03:00,1785660613,15666,60,3,30.7,38.9,,run
2026-08-02T11:50:18+03:00,1785660618,15671,60,3,30.7,37.7,,run
2026-08-02T11:50:24+03:00,1785660624,15677,60,3,30.7,42.9,,run
2026-08-02T11:50:29+03:00,1785660629,15682,60,3,30.7,50.7,,run
2026-08-02T11:50:35+03:00,1785660635,15688,60,3,30.7,42.9,,run
2026-08-02T11:50:40+03:00,1785660640,15693,60,3,30.7,43.9,,run
2026-08-02T11:50:46+03:00,1785660646,15699,60,3,30.7,40.5,,run
2026-08-02T11:50:51+03:00,1785660651,15704,60,3,30.7,38.9,,run
2026-08-02T11:50:57+03:00,1785660657,15710,60,3,30.7,38.6,,run
2026-08-02T11:51:02+03:00,1785660662,15715,60,3,30.7,41.4,,run
2026-08-02T11:51:07+03:00,1785660667,15720,60,3,30.7,39.2,,run
2026-08-02T11:51:13+03:00,1785660673,15726,60,3,30.7,42.9,,run
2026-08-02T11:51:18+03:00,1785660678,15731,60,3,30.7,40.2,,run
2026-08-02T11:51:24+03:00,1785660683,15736,60,3,30.7,38.3,,run
2026-08-02T11:51:29+03:00,1785660689,15742,60,3,30.7,39.2,,run
2026-08-02T11:51:34+03:00,1785660694,15747,60,3,30.7,40.8,,run
2026-08-02T11:51:40+03:00,1785660700,15753,60,3,30.7,46.3,,run
2026-08-02T11:51:45+03:00,1785660705,15758,60,3,30.7,47.9,,run
2026-08-02T11:51:50+03:00,1785660710,15763,60,3,30.7,41.7,,run
2026-08-02T11:51:56+03:00,1785660716,15769,60,3,30.7,45.1,,run
2026-08-02T11:52:01+03:00,1785660721,15774,60,3,30.7,38.6,,run
2026-08-02T11:52:07+03:00,1785660727,15780,60,3,30.7,38.3,,run
2026-08-02T11:52:12+03:00,1785660732,15785,60,3,30.7,38.0,,run
2026-08-02T11:52:18+03:00,1785660738,15791,60,3,30.7,42.0,,run
2026-08-02T11:52:23+03:00,1785660743,15796,60,3,30.7,39.2,,run
2026-08-02T11:52:29+03:00,1785660749,15802,60,3,30.7,43.6,,run
2026-08-02T11:52:34+03:00,1785660754,15807,60,3,30.7,41.7,,run
2026-08-02T11:52:39+03:00,1785660759,15812,60,3,30.7,39.5,,run
2026-08-02T11:52:45+03:00,1785660765,15818,60,3,30.7,42.9,,run
2026-08-02T11:52:50+03:00,1785660770,15823,60,3,30.7,40.5,,run
2026-08-02T11:52:56+03:00,1785660776,15829,60,3,30.7,38.0,,run
2026-08-02T11:53:01+03:00,1785660781,15834,60,3,30.7,37.7,,run
2026-08-02T11:53:06+03:00,1785660786,15839,60,3,30.7,38.0,,run
2026-08-02T11:53:12+03:00,1785660792,15845,60,3,30.7,38.0,,run
2026-08-02T11:53:17+03:00,1785660797,15850,60,3,30.7,41.1,,run
2026-08-02T11:53:23+03:00,1785660803,15856,60,3,30.7,38.6,,run
2026-08-02T11:53:28+03:00,1785660808,15861,60,3,30.7,45.1,,run
2026-08-02T11:53:34+03:00,1785660814,15867,60,3,30.7,43.6,,run
2026-08-02T11:53:39+03:00,1785660819,15872,60,3,30.7,43.2,,run
2026-08-02T11:53:44+03:00,1785660824,15877,60,3,30.7,38.6,,run
2026-08-02T11:53:50+03:00,1785660830,15883,60,3,30.7,44.5,,run
2026-08-02T11:53:55+03:00,1785660835,15888,60,3,30.7,39.5,,run
2026-08-02T11:54:01+03:00,1785660841,15894,60,3,30.7,37.7,,run
2026-08-02T11:54:06+03:00,1785660846,15899,60,3,30.7,37.1,,run
2026-08-02T11:54:11+03:00,1785660851,15904,60,3,30.7,40.2,,run
2026-08-02T11:54:17+03:00,1785660857,15910,60,3,30.7,49.1,,run
2026-08-02T11:54:23+03:00,1785660863,15916,60,3,30.7,41.7,,run
2026-08-02T11:54:28+03:00,1785660868,15921,60,3,30.7,39.5,,run
2026-08-02T11:54:33+03:00,1785660873,15926,60,3,30.7,38.6,,run
2026-08-02T11:54:39+03:00,1785660879,15932,60,3,30.7,42.9,,run
2026-08-02T11:54:44+03:00,1785660884,15937,60,3,30.7,38.9,,run
2026-08-02T11:54:50+03:00,1785660890,15943,60,3,30.7,38.9,,run
2026-08-02T11:54:55+03:00,1785660895,15948,60,3,30.7,42.3,,run
2026-08-02T11:55:00+03:00,1785660900,15953,60,3,30.7,38.6,,run
2026-08-02T11:55:06+03:00,1785660906,15959,60,3,30.7,38.6,,run
2026-08-02T11:55:11+03:00,1785660911,15964,60,3,30.7,37.4,,run
2026-08-02T11:55:17+03:00,1785660917,15970,60,3,30.7,37.4,,run
2026-08-02T11:55:22+03:00,1785660922,15975,60,3,30.7,39.8,,run
2026-08-02T11:55:28+03:00,1785660928,15981,60,3,30.7,41.4,,run
2026-08-02T11:55:33+03:00,1785660933,15986,60,3,30.7,39.8,,run
2026-08-02T11:55:38+03:00,1785660938,15991,60,3,30.7,41.1,,run
2026-08-02T11:55:44+03:00,1785660944,15997,60,3,30.7,39.5,,run
2026-08-02T11:55:49+03:00,1785660949,16002,60,3,30.7,38.0,,run
2026-08-02T11:55:55+03:00,1785660955,16008,60,3,30.7,42.0,,run
2026-08-02T11:56:00+03:00,1785660960,16013,60,3,30.7,38.9,,run
2026-08-02T11:56:06+03:00,1785660966,16019,60,3,30.7,38.0,,run
2026-08-02T11:56:11+03:00,1785660971,16024,60,3,30.7,38.0,,run
2026-08-02T11:56:17+03:00,1785660977,16030,60,3,30.7,37.7,,run
2026-08-02T11:56:22+03:00,1785660982,16035,60,3,30.7,51.3,,run
2026-08-02T11:56:27+03:00,1785660987,16040,60,3,30.7,39.8,,run
2026-08-02T11:56:33+03:00,1785660993,16046,60,3,30.7,47.0,,run
2026-08-02T11:56:38+03:00,1785660998,16051,60,3,30.7,42.9,,run
2026-08-02T11:56:43+03:00,1785661003,16056,60,3,30.7,39.5,,run
2026-08-02T11:56:49+03:00,1785661009,16062,60,3,30.7,38.6,,run
2026-08-02T11:56:54+03:00,1785661014,16067,60,3,30.7,38.6,,run
2026-08-02T11:57:00+03:00,1785661020,16073,60,3,30.7,38.3,,run
2026-08-02T11:57:05+03:00,1785661025,16078,60,3,30.7,40.2,,run
2026-08-02T11:57:11+03:00,1785661031,16084,60,3,30.7,41.7,,run
2026-08-02T11:57:16+03:00,1785661036,16089,60,3,30.7,38.6,,run
2026-08-02T11:57:21+03:00,1785661041,16094,60,3,30.7,37.4,,run
2026-08-02T11:57:27+03:00,1785661047,16100,60,3,30.7,37.7,,run
2026-08-02T11:57:32+03:00,1785661052,16105,60,3,30.7,37.1,,run
2026-08-02T11:57:38+03:00,1785661058,16111,60,3,30.7,49.7,,run
2026-08-02T11:57:43+03:00,1785661063,16116,60,3,30.7,38.6,,run
2026-08-02T11:57:49+03:00,1785661069,16122,60,3,30.7,42.9,,run
2026-08-02T11:57:54+03:00,1785661074,16127,60,3,30.7,42.6,,run
2026-08-02T11:58:00+03:00,1785661080,16133,60,3,30.7,39.2,,run
2026-08-02T11:58:05+03:00,1785661085,16138,60,3,30.7,40.8,,run
2026-08-02T11:58:11+03:00,1785661091,16144,60,3,30.7,37.7,,run
2026-08-02T11:58:16+03:00,1785661096,16149,60,3,30.7,39.8,,run
2026-08-02T11:58:21+03:00,1785661101,16154,60,3,30.7,38.9,,run
2026-08-02T11:58:27+03:00,1785661107,16160,60,3,30.7,50.1,,run
2026-08-02T11:58:32+03:00,1785661112,16165,60,3,30.7,39.8,,run
2026-08-02T11:58:38+03:00,1785661118,16171,60,3,30.7,42.0,,run
2026-08-02T11:58:43+03:00,1785661123,16176,60,3,30.7,40.5,,run
2026-08-02T11:58:48+03:00,1785661128,16181,60,3,30.7,38.9,,run
2026-08-02T11:58:54+03:00,1785661134,16187,60,3,30.7,40.2,,run
2026-08-02T11:58:59+03:00,1785661139,16192,60,3,30.7,42.3,,run
2026-08-02T11:59:04+03:00,1785661144,16197,60,3,30.7,38.9,,run
2026-08-02T11:59:10+03:00,1785661150,16203,59,3,30.7,38.0,,run
2026-08-02T11:59:15+03:00,1785661155,16208,59,3,30.7,37.7,,run
2026-08-02T11:59:21+03:00,1785661161,16214,59,3,30.7,38.3,,run
2026-08-02T11:59:26+03:00,1785661166,16219,59,3,30.7,41.1,,run
2026-08-02T11:59:32+03:00,1785661172,16225,59,3,30.7,40.5,,run
2026-08-02T11:59:37+03:00,1785661177,16230,59,3,30.7,41.1,,run
2026-08-02T11:59:42+03:00,1785661182,16235,59,3,30.7,51.3,,run
2026-08-02T11:59:48+03:00,1785661188,16241,59,3,30.7,38.6,,run
2026-08-02T11:59:53+03:00,1785661193,16246,59,3,30.7,38.6,,run
2026-08-02T11:59:59+03:00,1785661199,16252,59,3,30.7,43.9,,run
2026-08-02T12:00:04+03:00,1785661204,16257,59,3,30.7,40.2,,run
2026-08-02T12:00:10+03:00,1785661210,16263,59,3,30.7,54.7,,run
2026-08-02T12:00:15+03:00,1785661215,16268,59,3,30.7,45.1,,run
2026-08-02T12:00:21+03:00,1785661221,16274,59,3,30.7,40.8,,run
2026-08-02T12:00:26+03:00,1785661226,16279,59,3,30.7,39.8,,run
2026-08-02T12:00:31+03:00,1785661231,16284,59,3,30.7,47.6,,run
2026-08-02T12:00:37+03:00,1785661237,16290,59,3,30.7,41.7,,run
2026-08-02T12:00:42+03:00,1785661242,16295,59,3,30.7,42.3,,run
2026-08-02T12:00:47+03:00,1785661247,16300,59,3,30.7,38.9,,run
2026-08-02T12:00:53+03:00,1785661253,16306,59,3,30.7,41.1,,run
2026-08-02T12:00:58+03:00,1785661258,16311,59,3,30.7,42.0,,run
2026-08-02T12:01:03+03:00,1785661263,16316,59,3,30.7,38.9,,run
2026-08-02T12:01:09+03:00,1785661269,16322,59,3,30.7,40.8,,run
2026-08-02T12:01:14+03:00,1785661274,16327,59,3,30.7,42.9,,run
2026-08-02T12:01:20+03:00,1785661280,16333,59,3,30.7,38.6,,run
2026-08-02T12:01:25+03:00,1785661285,16338,59,3,30.7,43.2,,run
2026-08-02T12:01:30+03:00,1785661290,16343,59,3,30.7,42.0,,run
2026-08-02T12:01:36+03:00,1785661296,16349,59,3,30.7,39.2,,run
2026-08-02T12:01:41+03:00,1785661301,16354,59,3,30.7,38.6,,run
2026-08-02T12:01:47+03:00,1785661307,16360,59,3,30.7,42.3,,run
2026-08-02T12:01:52+03:00,1785661312,16365,59,3,30.7,43.2,,run
2026-08-02T12:01:57+03:00,1785661317,16370,59,3,30.7,38.6,,run
2026-08-02T12:02:03+03:00,1785661323,16376,59,3,30.7,38.9,,run
2026-08-02T12:02:08+03:00,1785661328,16381,59,3,30.7,38.9,,run
2026-08-02T12:02:14+03:00,1785661334,16387,59,3,30.7,51.6,,run
2026-08-02T12:02:19+03:00,1785661339,16392,59,3,30.7,48.5,,run
2026-08-02T12:02:25+03:00,1785661345,16398,59,3,30.7,44.5,,run
2026-08-02T12:02:30+03:00,1785661350,16403,59,3,30.7,42.6,,run
2026-08-02T12:02:35+03:00,1785661355,16408,59,3,30.7,44.2,,run
2026-08-02T12:02:41+03:00,1785661361,16414,59,3,30.7,41.1,,run
2026-08-02T12:02:46+03:00,1785661366,16419,59,3,30.7,39.8,,run
2026-08-02T12:02:51+03:00,1785661371,16424,59,3,30.7,38.6,,run
2026-08-02T12:02:57+03:00,1785661377,16430,59,3,30.7,41.1,,run
2026-08-02T12:03:02+03:00,1785661382,16435,59,3,30.7,42.9,,run
2026-08-02T12:03:08+03:00,1785661388,16441,59,3,30.7,39.5,,run
2026-08-02T12:03:13+03:00,1785661393,16446,59,3,30.7,38.3,,run
2026-08-02T12:03:18+03:00,1785661398,16451,59,3,30.7,38.3,,run
2026-08-02T12:03:24+03:00,1785661404,16457,59,3,30.7,38.0,,run
2026-08-02T12:03:29+03:00,1785661409,16462,59,3,30.7,49.1,,run
2026-08-02T12:03:35+03:00,1785661415,16468,59,3,30.7,39.8,,run
2026-08-02T12:03:41+03:00,1785661421,16474,59,3,30.7,47.0,,run
2026-08-02T12:03:46+03:00,1785661426,16479,59,3,30.7,38.6,,run
2026-08-02T12:03:51+03:00,1785661431,16484,59,3,30.7,38.0,,run
2026-08-02T12:03:57+03:00,1785661437,16490,59,3,30.7,40.5,,run
2026-08-02T12:04:02+03:00,1785661442,16495,59,3,30.7,38.0,,run
2026-08-02T12:04:08+03:00,1785661448,16501,59,3,30.7,38.0,,run
2026-08-02T12:04:13+03:00,1785661453,16506,59,3,30.7,38.0,,run
2026-08-02T12:04:19+03:00,1785661459,16512,59,3,30.7,51.0,,run
2026-08-02T12:04:24+03:00,1785661464,16517,59,3,30.7,45.4,,run
2026-08-02T12:04:29+03:00,1785661469,16522,59,3,30.7,47.6,,run
2026-08-02T12:04:34+03:00,1785661474,16527,59,3,30.7,41.1,,run
2026-08-02T12:04:40+03:00,1785661480,16533,59,3,30.7,39.2,,run
2026-08-02T12:04:45+03:00,1785661485,16538,59,3,30.7,42.3,,run
2026-08-02T12:04:51+03:00,1785661491,16544,59,3,30.7,40.5,,run
2026-08-02T12:04:56+03:00,1785661496,16549,59,3,30.7,42.6,,run
2026-08-02T12:05:02+03:00,1785661502,16555,59,3,30.7,44.2,,run
2026-08-02T12:05:07+03:00,1785661507,16560,59,3,30.7,40.2,,run
2026-08-02T12:05:12+03:00,1785661512,16565,59,3,30.7,39.2,,run
2026-08-02T12:05:18+03:00,1785661518,16571,59,3,30.7,42.0,,run
2026-08-02T12:05:23+03:00,1785661523,16576,59,3,30.7,40.5,,run
2026-08-02T12:05:28+03:00,1785661528,16581,59,3,30.7,38.6,,run
2026-08-02T12:05:34+03:00,1785661534,16587,59,3,30.7,50.7,,run
2026-08-02T12:05:40+03:00,1785661540,16593,59,3,30.7,39.5,,run
2026-08-02T12:05:45+03:00,1785661545,16598,59,3,30.7,44.2,,run
2026-08-02T12:05:50+03:00,1785661550,16603,59,3,30.7,43.9,,run
2026-08-02T12:05:56+03:00,1785661556,16609,59,3,30.7,41.1,,run
2026-08-02T12:06:01+03:00,1785661561,16614,59,3,30.7,38.6,,run
2026-08-02T12:06:07+03:00,1785661567,16620,59,3,30.7,38.3,,run
2026-08-02T12:06:12+03:00,1785661572,16625,59,3,30.7,41.1,,run
2026-08-02T12:06:17+03:00,1785661577,16630,59,3,30.7,38.3,,run
2026-08-02T12:06:23+03:00,1785661583,16636,59,3,30.7,38.0,,run
2026-08-02T12:06:28+03:00,1785661588,16641,59,3,30.7,49.7,,run
2026-08-02T12:06:34+03:00,1785661594,16647,59,3,30.7,42.3,,run
2026-08-02T12:06:39+03:00,1785661599,16652,59,3,30.7,44.5,,run
2026-08-02T12:06:44+03:00,1785661604,16657,59,3,30.7,39.8,,run
2026-08-02T12:06:50+03:00,1785661610,16663,59,3,30.7,38.0,,run
2026-08-02T12:06:55+03:00,1785661615,16668,59,3,30.7,40.5,,run
2026-08-02T12:07:01+03:00,1785661621,16674,59,3,30.7,39.2,,run
2026-08-02T12:07:06+03:00,1785661626,16679,59,3,30.7,38.6,,run
2026-08-02T12:07:11+03:00,1785661631,16684,59,3,30.7,38.3,,run
2026-08-02T12:07:17+03:00,1785661637,16690,59,3,30.7,37.7,,run
2026-08-02T12:07:22+03:00,1785661642,16695,59,3,30.7,39.8,,run
2026-08-02T12:07:28+03:00,1785661648,16701,59,3,30.7,42.3,,run
2026-08-02T12:07:33+03:00,1785661653,16706,59,3,30.7,38.6,,run
2026-08-02T12:07:39+03:00,1785661659,16712,59,3,30.7,38.0,,run
2026-08-02T12:07:44+03:00,1785661664,16717,59,3,30.7,50.1,,run
2026-08-02T12:07:50+03:00,1785661670,16723,59,3,30.7,39.8,,run
2026-08-02T12:07:55+03:00,1785661675,16728,59,3,30.7,41.7,,run
2026-08-02T12:08:00+03:00,1785661680,16733,59,3,30.7,44.5,,run
2026-08-02T12:08:06+03:00,1785661686,16739,59,3,30.7,40.2,,run
2026-08-02T12:08:11+03:00,1785661691,16744,59,3,30.7,50.4,,run
2026-08-02T12:08:17+03:00,1785661697,16750,59,3,30.7,46.7,,run
2026-08-02T12:08:22+03:00,1785661702,16755,59,3,30.7,39.5,,run
2026-08-02T12:08:27+03:00,1785661707,16760,59,3,30.7,42.0,,run
2026-08-02T12:08:33+03:00,1785661713,16766,59,3,30.7,41.4,,run
2026-08-02T12:08:38+03:00,1785661718,16771,59,3,30.7,39.8,,run
2026-08-02T12:08:44+03:00,1785661724,16777,58,3,31.0,38.9,,run
2026-08-02T12:08:49+03:00,1785661729,16782,58,3,31.0,47.6,,run
2026-08-02T12:08:54+03:00,1785661734,16787,58,3,31.0,44.2,,run
2026-08-02T12:09:00+03:00,1785661740,16793,58,3,31.0,39.8,,run
2026-08-02T12:09:05+03:00,1785661745,16798,58,3,31.0,43.6,,run
2026-08-02T12:09:10+03:00,1785661750,16803,58,3,31.0,39.5,,run
2026-08-02T12:09:16+03:00,1785661756,16809,58,3,31.0,39.8,,run
2026-08-02T12:09:21+03:00,1785661761,16814,58,3,31.0,41.4,,run
2026-08-02T12:09:27+03:00,1785661767,16820,58,3,31.0,45.1,,run
2026-08-02T12:09:32+03:00,1785661772,16825,58,3,31.0,43.6,,run
2026-08-02T12:09:37+03:00,1785661777,16830,58,3,31.0,45.1,,run
2026-08-02T12:09:43+03:00,1785661783,16836,58,3,31.0,38.9,,run
2026-08-02T12:09:48+03:00,1785661788,16841,58,3,31.0,37.7,,run
2026-08-02T12:09:54+03:00,1785661794,16847,58,3,31.0,38.0,,run
2026-08-02T12:09:59+03:00,1785661799,16852,58,3,31.0,37.7,,run
2026-08-02T12:10:05+03:00,1785661805,16858,58,3,31.0,41.1,,run
2026-08-02T12:10:10+03:00,1785661810,16863,58,3,31.0,46.0,,run
2026-08-02T12:10:15+03:00,1785661815,16868,58,3,31.0,53.5,,run
2026-08-02T12:10:21+03:00,1785661821,16874,58,3,31.0,42.0,,run
2026-08-02T12:10:27+03:00,1785661827,16880,58,3,31.0,43.9,,run
2026-08-02T12:10:32+03:00,1785661832,16885,58,3,31.0,38.3,,run
2026-08-02T12:10:37+03:00,1785661837,16890,58,3,31.0,38.6,,run
2026-08-02T12:10:43+03:00,1785661843,16896,58,3,31.0,43.6,,run
2026-08-02T12:10:48+03:00,1785661848,16901,58,3,31.0,39.2,,run
2026-08-02T12:10:54+03:00,1785661854,16907,58,3,31.0,38.3,,run
2026-08-02T12:10:59+03:00,1785661859,16912,58,3,31.0,39.8,,run
2026-08-02T12:11:05+03:00,1785661865,16918,58,3,31.0,42.0,,run
2026-08-02T12:11:10+03:00,1785661870,16923,58,3,31.0,39.2,,run
2026-08-02T12:11:15+03:00,1785661875,16928,58,3,31.0,38.3,,run
2026-08-02T12:11:21+03:00,1785661881,16934,58,3,31.0,38.0,,run
2026-08-02T12:11:26+03:00,1785661886,16939,58,3,31.0,38.0,,run
2026-08-02T12:11:32+03:00,1785661892,16945,58,3,31.0,39.5,,run
2026-08-02T12:11:37+03:00,1785661897,16950,58,3,31.0,39.2,,run
2026-08-02T12:11:43+03:00,1785661903,16956,58,3,31.0,37.1,,run
2026-08-02T12:11:48+03:00,1785661908,16961,58,3,31.0,37.7,,run
2026-08-02T12:11:53+03:00,1785661913,16966,58,3,31.0,36.8,,run
2026-08-02T12:11:59+03:00,1785661919,16972,58,3,31.0,43.2,,run
2026-08-02T12:12:04+03:00,1785661924,16977,58,3,31.0,41.1,,run
2026-08-02T12:12:10+03:00,1785661930,16983,58,3,31.0,42.6,,run
2026-08-02T12:12:15+03:00,1785661935,16988,58,3,31.0,38.3,,run
2026-08-02T12:12:20+03:00,1785661940,16993,58,3,31.0,37.4,,run
2026-08-02T12:12:26+03:00,1785661946,16999,58,3,31.0,38.3,,run
2026-08-02T12:12:31+03:00,1785661951,17004,58,3,31.0,37.1,,run
2026-08-02T12:12:37+03:00,1785661957,17010,58,3,31.0,39.2,,run
2026-08-02T12:12:42+03:00,1785661962,17015,58,3,31.0,41.4,,run
2026-08-02T12:12:48+03:00,1785661968,17021,58,3,31.0,42.6,,run
2026-08-02T12:12:53+03:00,1785661973,17026,58,3,31.0,44.8,,run
2026-08-02T12:12:58+03:00,1785661978,17031,58,3,31.0,40.2,,run
2026-08-02T12:13:04+03:00,1785661984,17037,58,3,31.0,37.7,,run
2026-08-02T12:13:09+03:00,1785661989,17042,58,3,31.0,38.3,,run
2026-08-02T12:13:15+03:00,1785661995,17048,58,3,31.0,40.2,,run
2026-08-02T12:13:20+03:00,1785662000,17053,58,3,31.0,39.5,,run
2026-08-02T12:13:25+03:00,1785662005,17058,58,3,31.0,37.7,,run
2026-08-02T12:13:31+03:00,1785662011,17064,58,3,31.0,37.4,,run
2026-08-02T12:13:36+03:00,1785662016,17069,58,3,31.0,37.4,,run
2026-08-02T12:13:42+03:00,1785662022,17075,58,3,31.0,39.8,,run
2026-08-02T12:13:47+03:00,1785662027,17080,58,3,31.0,42.0,,run
2026-08-02T12:13:52+03:00,1785662032,17085,58,3,31.0,38.3,,run
2026-08-02T12:13:58+03:00,1785662038,17091,58,3,31.0,38.0,,run
2026-08-02T12:14:03+03:00,1785662043,17096,58,3,31.0,37.7,,run
2026-08-02T12:14:09+03:00,1785662049,17102,58,3,31.0,42.9,,run
2026-08-02T12:14:14+03:00,1785662054,17107,58,3,31.0,42.6,,run
2026-08-02T12:14:19+03:00,1785662059,17112,58,3,31.0,40.5,,run
2026-08-02T12:14:25+03:00,1785662065,17118,58,3,31.0,42.0,,run
2026-08-02T12:14:30+03:00,1785662070,17123,58,3,31.0,37.7,,run
2026-08-02T12:14:36+03:00,1785662076,17129,58,3,31.0,37.7,,run
2026-08-02T12:14:41+03:00,1785662081,17134,58,3,31.0,49.4,,run
2026-08-02T12:14:47+03:00,1785662087,17140,58,3,31.0,38.0,,run
2026-08-02T12:14:52+03:00,1785662092,17145,58,3,31.0,37.7,,run
2026-08-02T12:14:58+03:00,1785662098,17151,58,3,31.0,44.5,,run
2026-08-02T12:15:03+03:00,1785662103,17156,58,3,31.0,40.5,,run
2026-08-02T12:15:08+03:00,1785662108,17161,58,3,31.0,50.7,,run
2026-08-02T12:15:14+03:00,1785662114,17167,58,3,31.0,40.5,,run
2026-08-02T12:15:19+03:00,1785662119,17172,58,3,31.0,38.6,,run
2026-08-02T12:15:25+03:00,1785662125,17178,58,3,31.0,39.8,,run
2026-08-02T12:15:30+03:00,1785662130,17183,58,3,31.0,38.3,,run
2026-08-02T12:15:36+03:00,1785662136,17189,58,3,31.0,38.9,,run
2026-08-02T12:15:41+03:00,1785662141,17194,58,3,31.0,37.7,,run
2026-08-02T12:15:46+03:00,1785662146,17199,58,3,31.0,37.7,,run
2026-08-02T12:15:52+03:00,1785662152,17205,58,3,31.0,40.2,,run
2026-08-02T12:15:57+03:00,1785662157,17210,58,3,31.0,42.3,,run
2026-08-02T12:16:03+03:00,1785662163,17216,58,3,31.0,38.6,,run
2026-08-02T12:16:08+03:00,1785662168,17221,58,3,31.0,38.3,,run
2026-08-02T12:16:13+03:00,1785662173,17226,58,3,31.0,38.3,,run
2026-08-02T12:16:19+03:00,1785662179,17232,58,3,31.0,44.5,,run
2026-08-02T12:16:24+03:00,1785662184,17237,58,3,31.0,41.7,,run
2026-08-02T12:16:30+03:00,1785662190,17243,58,3,31.0,41.1,,run
2026-08-02T12:16:35+03:00,1785662195,17248,58,3,31.0,40.2,,run
2026-08-02T12:16:41+03:00,1785662201,17254,58,3,31.0,38.0,,run
2026-08-02T12:16:46+03:00,1785662206,17259,58,3,31.0,38.0,,run
2026-08-02T12:16:52+03:00,1785662212,17265,58,3,31.0,38.3,,run
2026-08-02T12:16:57+03:00,1785662217,17270,58,3,31.0,37.7,,run
2026-08-02T12:17:02+03:00,1785662222,17275,58,3,31.0,38.0,,run
2026-08-02T12:17:08+03:00,1785662228,17281,58,3,31.0,36.8,,run
2026-08-02T12:17:13+03:00,1785662233,17286,58,3,31.0,51.3,,run
2026-08-02T12:17:19+03:00,1785662239,17292,58,3,31.0,44.2,,run
2026-08-02T12:17:24+03:00,1785662244,17297,58,3,31.0,43.9,,run
2026-08-02T12:17:30+03:00,1785662250,17303,58,3,31.0,39.5,,run
2026-08-02T12:17:35+03:00,1785662255,17308,58,3,31.0,38.6,,run
2026-08-02T12:17:41+03:00,1785662261,17314,58,3,31.0,38.0,,run
2026-08-02T12:17:46+03:00,1785662266,17319,58,3,31.0,38.0,,run
2026-08-02T12:17:52+03:00,1785662272,17325,58,3,31.0,40.8,,run
2026-08-02T12:17:57+03:00,1785662277,17330,58,3,31.0,39.8,,run
2026-08-02T12:18:02+03:00,1785662282,17335,58,3,31.0,38.3,,run
2026-08-02T12:18:08+03:00,1785662288,17341,58,3,31.0,38.0,,run
2026-08-02T12:18:13+03:00,1785662293,17346,58,3,31.0,37.7,,run
2026-08-02T12:18:19+03:00,1785662299,17352,58,3,31.0,37.4,,run
2026-08-02T12:18:24+03:00,1785662304,17357,57,3,30.8,41.7,,run
2026-08-02T12:18:29+03:00,1785662309,17362,57,3,30.8,48.2,,run
2026-08-02T12:18:35+03:00,1785662315,17368,57,3,30.8,46.0,,run
2026-08-02T12:18:40+03:00,1785662320,17373,57,3,30.8,41.7,,end
