iso_ts,epoch,elapsed_s,batt_level,batt_status,batt_temp_c,soc_temp_c,current_ma,event
2026-07-31T17:13:29+03:00,1785507209,0,82,3,34.9,56.5,,run
2026-07-31T17:13:34+03:00,1785507214,5,82,3,34.9,48.2,,run
2026-07-31T17:13:40+03:00,1785507220,11,82,3,34.9,49.4,,run
2026-07-31T17:13:45+03:00,1785507225,16,82,3,34.9,51.6,,run
2026-07-31T17:13:50+03:00,1785507230,21,82,3,34.9,46.3,,run
2026-07-31T17:13:55+03:00,1785507235,26,82,3,34.9,45.4,,run
2026-07-31T17:14:01+03:00,1785507241,32,82,3,34.9,45.4,,run
2026-07-31T17:14:06+03:00,1785507246,37,82,3,34.9,54.7,,run
2026-07-31T17:14:11+03:00,1785507251,42,82,3,34.9,47.6,,run
2026-07-31T17:14:17+03:00,1785507257,48,82,3,34.9,48.8,,run
2026-07-31T17:14:22+03:00,1785507262,53,82,3,34.9,45.7,,run
2026-07-31T17:14:27+03:00,1785507267,58,82,3,34.9,46.3,,run
2026-07-31T17:14:32+03:00,1785507272,63,82,3,34.9,46.7,,run
2026-07-31T17:14:38+03:00,1785507278,69,82,3,34.9,45.7,,run
2026-07-31T17:14:43+03:00,1785507283,74,82,3,34.9,45.4,,run
2026-07-31T17:14:48+03:00,1785507288,79,82,3,34.9,46.0,,run
2026-07-31T17:14:53+03:00,1785507293,84,82,3,34.9,44.2,,run
2026-07-31T17:14:58+03:00,1785507298,89,82,3,34.9,46.0,,run
2026-07-31T17:15:04+03:00,1785507304,95,82,3,34.9,46.3,,run
2026-07-31T17:15:09+03:00,1785507309,100,82,3,34.9,44.5,,run
2026-07-31T17:15:14+03:00,1785507314,105,82,3,33.9,46.0,,run
2026-07-31T17:15:19+03:00,1785507319,110,82,3,33.9,48.8,,run
2026-07-31T17:15:25+03:00,1785507325,116,82,3,33.9,54.7,,run
2026-07-31T17:15:30+03:00,1785507330,121,82,3,33.9,48.8,,run
2026-07-31T17:15:35+03:00,1785507335,126,82,3,33.9,43.2,,run
2026-07-31T17:15:40+03:00,1785507340,131,82,3,33.9,44.2,,run
2026-07-31T17:15:46+03:00,1785507346,137,82,3,33.9,43.2,,run
2026-07-31T17:15:51+03:00,1785507351,142,82,3,33.9,41.7,,run
2026-07-31T17:15:56+03:00,1785507356,147,82,3,33.9,42.6,,run
2026-07-31T17:16:01+03:00,1785507361,152,82,3,33.9,42.0,,run
2026-07-31T17:16:06+03:00,1785507366,157,82,3,33.9,54.1,,run
2026-07-31T17:16:12+03:00,1785507372,163,82,3,33.9,44.5,,run
2026-07-31T17:16:17+03:00,1785507377,168,82,3,33.9,46.0,,run
2026-07-31T17:16:22+03:00,1785507382,173,82,3,33.9,43.2,,run
2026-07-31T17:16:27+03:00,1785507387,178,82,3,33.9,43.2,,run
2026-07-31T17:16:33+03:00,1785507393,184,82,3,33.9,42.6,,run
2026-07-31T17:16:38+03:00,1785507398,189,82,3,33.9,42.6,,run
2026-07-31T17:16:43+03:00,1785507403,194,82,3,33.9,42.0,,run
2026-07-31T17:16:48+03:00,1785507408,199,82,3,33.9,44.2,,run
2026-07-31T17:16:53+03:00,1785507413,204,82,3,33.9,43.9,,run
2026-07-31T17:16:59+03:00,1785507419,210,82,3,33.9,42.3,,run
2026-07-31T17:17:04+03:00,1785507424,215,82,3,33.9,42.3,,run
2026-07-31T17:17:09+03:00,1785507429,220,82,3,33.9,45.4,,run
2026-07-31T17:17:14+03:00,1785507434,225,82,3,33.9,42.3,,run
2026-07-31T17:17:20+03:00,1785507440,231,82,3,33.9,51.6,,run
2026-07-31T17:17:25+03:00,1785507445,236,82,3,33.9,52.8,,run
2026-07-31T17:17:30+03:00,1785507450,241,82,3,33.9,45.1,,run
2026-07-31T17:17:35+03:00,1785507455,246,82,3,33.9,42.3,,run
2026-07-31T17:17:41+03:00,1785507461,252,82,3,32.8,42.0,,run
2026-07-31T17:17:46+03:00,1785507466,257,82,3,32.8,40.5,,run
2026-07-31T17:17:51+03:00,1785507471,262,82,3,32.8,41.1,,run
2026-07-31T17:17:56+03:00,1785507476,267,82,3,32.8,42.6,,run
2026-07-31T17:18:01+03:00,1785507481,272,82,3,32.8,41.7,,run
2026-07-31T17:18:07+03:00,1785507487,278,82,3,32.8,52.8,,run
2026-07-31T17:18:12+03:00,1785507492,283,82,3,32.8,43.6,,run
2026-07-31T17:18:17+03:00,1785507497,288,82,3,32.8,42.6,,run
2026-07-31T17:18:22+03:00,1785507502,293,82,3,32.8,42.6,,run
2026-07-31T17:18:28+03:00,1785507508,299,82,3,32.8,44.2,,run
2026-07-31T17:18:33+03:00,1785507513,304,82,3,32.8,42.9,,run
2026-07-31T17:18:38+03:00,1785507518,309,82,3,32.8,42.6,,run
2026-07-31T17:18:43+03:00,1785507523,314,82,3,32.8,42.0,,run
2026-07-31T17:18:48+03:00,1785507528,319,82,3,32.8,41.4,,run
2026-07-31T17:18:54+03:00,1785507534,325,82,3,32.8,41.4,,run
2026-07-31T17:18:59+03:00,1785507539,330,82,3,32.8,44.8,,run
2026-07-31T17:19:04+03:00,1785507544,335,82,3,32.8,44.2,,run
2026-07-31T17:19:09+03:00,1785507549,340,82,3,32.8,41.7,,run
2026-07-31T17:19:15+03:00,1785507555,346,82,3,32.8,42.3,,run
2026-07-31T17:19:20+03:00,1785507560,351,82,3,32.8,44.2,,run
2026-07-31T17:19:25+03:00,1785507565,356,82,3,32.8,46.3,,run
2026-07-31T17:19:30+03:00,1785507570,361,82,3,32.8,43.2,,run
2026-07-31T17:19:35+03:00,1785507575,366,82,3,32.8,42.3,,run
2026-07-31T17:19:41+03:00,1785507581,372,82,3,32.8,42.0,,run
2026-07-31T17:19:46+03:00,1785507586,377,82,3,32.8,40.5,,run
2026-07-31T17:19:51+03:00,1785507591,382,82,3,32.8,40.5,,run
2026-07-31T17:19:56+03:00,1785507596,387,82,3,32.8,39.5,,run
2026-07-31T17:20:01+03:00,1785507601,392,82,3,32.8,43.6,,run
2026-07-31T17:20:07+03:00,1785507607,398,82,3,32.8,46.7,,run
2026-07-31T17:20:12+03:00,1785507612,403,82,3,32.8,43.2,,run
2026-07-31T17:20:17+03:00,1785507617,408,82,3,32.8,42.0,,run
2026-07-31T17:20:22+03:00,1785507622,413,82,3,32.8,41.7,,run
2026-07-31T17:20:28+03:00,1785507628,419,82,3,32.8,41.4,,run
2026-07-31T17:20:33+03:00,1785507633,424,82,3,32.8,40.8,,run
2026-07-31T17:20:38+03:00,1785507638,429,82,3,32.8,42.6,,run
2026-07-31T17:20:43+03:00,1785507643,434,82,3,32.8,42.6,,run
2026-07-31T17:20:49+03:00,1785507649,440,82,3,32.8,42.9,,run
2026-07-31T17:20:54+03:00,1785507654,445,82,3,32.8,42.9,,run
2026-07-31T17:20:59+03:00,1785507659,450,82,3,32.8,42.3,,run
2026-07-31T17:21:04+03:00,1785507664,455,82,3,32.8,42.3,,run
2026-07-31T17:21:09+03:00,1785507669,460,82,3,32.8,42.3,,run
2026-07-31T17:21:15+03:00,1785507675,466,82,3,32.8,42.6,,run
2026-07-31T17:21:20+03:00,1785507680,471,82,3,32.8,51.0,,run
2026-07-31T17:21:25+03:00,1785507685,476,82,3,32.8,43.6,,run
2026-07-31T17:21:31+03:00,1785507691,482,82,3,32.8,42.9,,run
2026-07-31T17:21:36+03:00,1785507696,487,82,3,32.8,42.3,,run
2026-07-31T17:21:41+03:00,1785507701,492,82,3,32.8,42.6,,run
2026-07-31T17:21:46+03:00,1785507706,497,82,3,32.8,40.8,,run
2026-07-31T17:21:52+03:00,1785507712,503,82,3,32.8,40.2,,run
2026-07-31T17:21:57+03:00,1785507717,508,82,3,32.8,39.5,,run
2026-07-31T17:22:02+03:00,1785507722,513,82,3,32.8,51.9,,run
2026-07-31T17:22:08+03:00,1785507728,519,82,3,32.8,44.8,,run
2026-07-31T17:22:13+03:00,1785507733,524,82,3,32.8,43.9,,run
2026-07-31T17:22:18+03:00,1785507738,529,82,3,32.8,42.0,,run
2026-07-31T17:22:23+03:00,1785507743,534,82,3,32.8,41.7,,run
2026-07-31T17:22:29+03:00,1785507749,540,82,3,32.8,42.0,,run
2026-07-31T17:22:34+03:00,1785507754,545,82,3,32.8,41.4,,run
2026-07-31T17:22:39+03:00,1785507759,550,82,3,32.8,42.0,,run
2026-07-31T17:22:44+03:00,1785507764,555,82,3,32.8,42.3,,run
2026-07-31T17:22:50+03:00,1785507770,561,82,3,32.8,42.6,,run
2026-07-31T17:22:55+03:00,1785507775,566,82,3,32.8,41.7,,run
2026-07-31T17:23:00+03:00,1785507780,571,82,3,32.8,40.8,,run
2026-07-31T17:23:05+03:00,1785507785,576,82,3,32.8,41.4,,run
2026-07-31T17:23:10+03:00,1785507790,581,82,3,32.8,43.6,,run
2026-07-31T17:23:16+03:00,1785507796,587,82,3,32.8,45.1,,run
2026-07-31T17:23:21+03:00,1785507801,592,82,3,32.8,51.9,,run
2026-07-31T17:23:26+03:00,1785507806,597,82,3,32.8,44.5,,run
2026-07-31T17:23:31+03:00,1785507811,602,82,3,31.9,41.1,,run
2026-07-31T17:23:37+03:00,1785507817,608,82,3,31.9,39.8,,run
2026-07-31T17:23:42+03:00,1785507822,613,82,3,31.9,41.7,,run
2026-07-31T17:23:47+03:00,1785507827,618,82,3,31.9,41.7,,run
2026-07-31T17:23:52+03:00,1785507832,623,82,3,31.9,40.2,,run
2026-07-31T17:23:58+03:00,1785507838,629,82,3,31.9,41.1,,run
2026-07-31T17:24:03+03:00,1785507843,634,82,3,31.9,50.4,,run
2026-07-31T17:24:08+03:00,1785507848,639,82,3,31.9,42.9,,run
2026-07-31T17:24:13+03:00,1785507853,644,82,3,31.9,42.3,,run
2026-07-31T17:24:19+03:00,1785507859,650,82,3,31.9,43.9,,run
2026-07-31T17:24:24+03:00,1785507864,655,82,3,31.9,41.1,,run
2026-07-31T17:24:29+03:00,1785507869,660,82,3,31.9,40.8,,run
2026-07-31T17:24:34+03:00,1785507874,665,82,3,31.9,41.7,,run
2026-07-31T17:24:39+03:00,1785507879,670,82,3,31.9,42.6,,run
2026-07-31T17:24:45+03:00,1785507885,676,82,3,31.9,43.9,,run
2026-07-31T17:24:50+03:00,1785507890,681,82,3,31.9,42.3,,run
2026-07-31T17:24:55+03:00,1785507895,686,82,3,31.9,41.4,,run
2026-07-31T17:25:00+03:00,1785507900,691,82,3,31.9,41.4,,run
2026-07-31T17:25:06+03:00,1785507906,697,82,3,31.9,41.4,,run
2026-07-31T17:25:11+03:00,1785507911,702,82,3,31.9,41.1,,run
2026-07-31T17:25:16+03:00,1785507916,707,82,3,31.9,45.4,,run
2026-07-31T17:25:21+03:00,1785507921,712,82,3,31.9,44.5,,run
2026-07-31T17:25:27+03:00,1785507927,718,82,3,31.9,42.9,,run
2026-07-31T17:25:32+03:00,1785507932,723,82,3,31.9,40.8,,run
2026-07-31T17:25:37+03:00,1785507937,728,82,3,31.9,39.5,,run
2026-07-31T17:25:42+03:00,1785507942,733,82,3,31.9,40.2,,run
2026-07-31T17:25:48+03:00,1785507948,739,82,3,31.9,43.2,,run
2026-07-31T17:25:53+03:00,1785507953,744,82,3,31.9,40.2,,run
2026-07-31T17:25:58+03:00,1785507958,749,82,3,31.9,50.4,,run
2026-07-31T17:26:04+03:00,1785507964,755,82,3,31.9,43.6,,run
2026-07-31T17:26:09+03:00,1785507969,760,82,3,31.9,42.0,,run
2026-07-31T17:26:14+03:00,1785507974,765,82,3,31.9,40.8,,run
2026-07-31T17:26:19+03:00,1785507979,770,82,3,31.9,42.0,,run
2026-07-31T17:26:24+03:00,1785507984,775,82,3,31.9,41.7,,run
2026-07-31T17:26:30+03:00,1785507990,781,82,3,31.9,40.5,,run
2026-07-31T17:26:35+03:00,1785507995,786,82,3,31.9,41.4,,run
2026-07-31T17:26:40+03:00,1785508000,791,82,3,31.9,40.8,,run
2026-07-31T17:26:45+03:00,1785508005,796,82,3,31.9,40.5,,run
2026-07-31T17:26:51+03:00,1785508011,802,82,3,31.9,42.9,,run
2026-07-31T17:26:56+03:00,1785508016,807,82,3,31.9,40.8,,run
2026-07-31T17:27:01+03:00,1785508021,812,82,3,31.9,41.4,,run
2026-07-31T17:27:06+03:00,1785508026,817,82,3,31.9,40.5,,run
2026-07-31T17:27:11+03:00,1785508031,822,82,3,31.9,40.2,,run
2026-07-31T17:27:17+03:00,1785508037,828,82,3,31.9,51.9,,run
2026-07-31T17:27:22+03:00,1785508042,833,82,3,31.9,46.0,,run
2026-07-31T17:27:27+03:00,1785508047,838,82,3,31.9,42.3,,run
2026-07-31T17:27:33+03:00,1785508053,844,82,3,31.9,39.8,,run
2026-07-31T17:27:38+03:00,1785508058,849,82,3,31.9,39.8,,run
2026-07-31T17:27:43+03:00,1785508063,854,82,3,31.9,40.2,,run
2026-07-31T17:27:48+03:00,1785508068,859,82,3,31.9,41.4,,run
2026-07-31T17:27:53+03:00,1785508073,864,82,3,31.9,40.8,,run
2026-07-31T17:27:59+03:00,1785508079,870,82,3,31.9,51.6,,run
2026-07-31T17:28:04+03:00,1785508084,875,82,3,31.9,42.9,,run
2026-07-31T17:28:09+03:00,1785508089,880,82,3,31.9,41.4,,run
2026-07-31T17:28:14+03:00,1785508094,885,82,3,31.9,40.2,,run
2026-07-31T17:28:20+03:00,1785508100,891,82,3,31.9,40.8,,run
2026-07-31T17:28:25+03:00,1785508105,896,82,3,31.9,42.3,,run
2026-07-31T17:28:30+03:00,1785508110,901,81,3,31.8,41.7,,run
2026-07-31T17:28:35+03:00,1785508115,906,81,3,31.8,40.8,,run
2026-07-31T17:28:40+03:00,1785508120,911,81,3,31.8,41.4,,run
2026-07-31T17:28:46+03:00,1785508126,917,81,3,31.8,40.5,,run
2026-07-31T17:28:51+03:00,1785508131,922,81,3,31.8,41.7,,run
2026-07-31T17:28:56+03:00,1785508136,927,81,3,31.8,42.6,,run
2026-07-31T17:29:01+03:00,1785508141,932,81,3,31.8,42.0,,run
2026-07-31T17:29:07+03:00,1785508147,938,81,3,31.8,40.8,,run
2026-07-31T17:29:12+03:00,1785508152,943,81,3,31.8,46.7,,run
2026-07-31T17:29:17+03:00,1785508157,948,81,3,31.8,51.0,,run
2026-07-31T17:29:22+03:00,1785508162,953,81,3,31.8,42.6,,run
2026-07-31T17:29:28+03:00,1785508168,959,81,3,31.8,41.4,,run
2026-07-31T17:29:33+03:00,1785508173,964,81,3,31.8,41.4,,run
2026-07-31T17:29:38+03:00,1785508178,969,81,3,31.8,40.2,,run
2026-07-31T17:29:43+03:00,1785508183,974,81,3,31.8,39.5,,run
2026-07-31T17:29:48+03:00,1785508188,979,81,3,31.8,40.2,,run
2026-07-31T17:29:54+03:00,1785508194,985,81,3,31.8,41.4,,run
2026-07-31T17:29:59+03:00,1785508199,990,81,3,31.8,51.6,,run
2026-07-31T17:30:04+03:00,1785508204,995,81,3,31.8,43.2,,run
2026-07-31T17:30:09+03:00,1785508209,1000,81,3,31.8,42.6,,run
2026-07-31T17:30:15+03:00,1785508215,1006,81,3,31.8,41.7,,run
2026-07-31T17:30:20+03:00,1785508220,1011,81,3,31.8,40.8,,run
2026-07-31T17:30:25+03:00,1785508225,1016,81,3,31.8,41.4,,run
2026-07-31T17:30:30+03:00,1785508230,1021,81,3,31.8,40.8,,run
2026-07-31T17:30:36+03:00,1785508236,1027,81,3,31.8,41.7,,run
2026-07-31T17:30:41+03:00,1785508241,1032,81,3,31.8,42.9,,run
2026-07-31T17:30:46+03:00,1785508246,1037,81,3,31.8,43.2,,run
2026-07-31T17:30:51+03:00,1785508251,1042,81,3,31.8,42.3,,run
2026-07-31T17:30:56+03:00,1785508256,1047,81,3,31.8,42.0,,run
2026-07-31T17:31:02+03:00,1785508262,1053,81,3,31.8,41.1,,run
2026-07-31T17:31:07+03:00,1785508267,1058,81,3,31.8,43.2,,run
2026-07-31T17:31:12+03:00,1785508272,1063,81,3,31.8,49.7,,run
2026-07-31T17:31:18+03:00,1785508278,1069,81,3,31.8,43.9,,run
2026-07-31T17:31:23+03:00,1785508283,1074,81,3,31.8,42.3,,run
2026-07-31T17:31:28+03:00,1785508288,1079,81,3,31.8,41.4,,run
2026-07-31T17:31:33+03:00,1785508293,1084,81,3,31.8,40.5,,run
2026-07-31T17:31:39+03:00,1785508299,1090,81,3,31.8,41.4,,run
2026-07-31T17:31:44+03:00,1785508304,1095,81,3,31.8,40.5,,run
2026-07-31T17:31:49+03:00,1785508309,1100,81,3,31.8,39.8,,run
2026-07-31T17:31:54+03:00,1785508314,1105,81,3,31.8,49.7,,run
2026-07-31T17:32:00+03:00,1785508320,1111,81,3,31.8,44.8,,run
2026-07-31T17:32:05+03:00,1785508325,1116,81,3,31.8,42.0,,run
2026-07-31T17:32:10+03:00,1785508330,1121,81,3,31.8,42.9,,run
2026-07-31T17:32:15+03:00,1785508335,1126,81,3,31.8,42.9,,run
2026-07-31T17:32:21+03:00,1785508341,1132,81,3,31.8,41.7,,run
2026-07-31T17:32:26+03:00,1785508346,1137,81,3,31.8,42.0,,run
2026-07-31T17:32:31+03:00,1785508351,1142,81,3,31.8,40.5,,run
2026-07-31T17:32:36+03:00,1785508356,1147,81,3,31.8,42.3,,run
2026-07-31T17:32:41+03:00,1785508361,1152,81,3,31.8,43.9,,run
2026-07-31T17:32:47+03:00,1785508367,1158,81,3,31.8,41.4,,run
2026-07-31T17:32:52+03:00,1785508372,1163,81,3,31.8,41.1,,run
2026-07-31T17:32:57+03:00,1785508377,1168,81,3,31.8,40.5,,run
2026-07-31T17:33:02+03:00,1785508382,1173,81,3,31.8,40.2,,run
2026-07-31T17:33:08+03:00,1785508388,1179,81,3,31.8,41.4,,run
2026-07-31T17:33:13+03:00,1785508393,1184,81,3,31.8,52.8,,run
2026-07-31T17:33:18+03:00,1785508398,1189,81,3,31.8,47.9,,run
2026-07-31T17:33:24+03:00,1785508404,1195,81,3,31.8,42.6,,run
2026-07-31T17:33:29+03:00,1785508409,1200,81,3,31.6,41.1,,run
2026-07-31T17:33:34+03:00,1785508414,1205,81,3,31.6,41.4,,run
2026-07-31T17:33:39+03:00,1785508419,1210,81,3,31.6,40.2,,run
2026-07-31T17:33:44+03:00,1785508424,1215,81,3,31.6,40.2,,run
2026-07-31T17:33:50+03:00,1785508430,1221,81,3,31.6,41.4,,run
2026-07-31T17:33:55+03:00,1785508435,1226,81,3,31.6,54.4,,run
2026-07-31T17:34:00+03:00,1785508440,1231,81,3,31.6,46.0,,run
2026-07-31T17:34:05+03:00,1785508445,1236,81,3,31.6,42.3,,run
2026-07-31T17:34:11+03:00,1785508451,1242,81,3,31.6,42.3,,run
2026-07-31T17:34:16+03:00,1785508456,1247,81,3,31.6,41.1,,run
2026-07-31T17:34:21+03:00,1785508461,1252,81,3,31.6,42.9,,run
2026-07-31T17:34:26+03:00,1785508466,1257,81,3,31.6,42.3,,run
2026-07-31T17:34:32+03:00,1785508472,1263,81,3,31.6,42.0,,run
2026-07-31T17:34:37+03:00,1785508477,1268,81,3,31.6,41.7,,run
2026-07-31T17:34:42+03:00,1785508482,1273,81,3,31.6,40.8,,run
2026-07-31T17:34:47+03:00,1785508487,1278,81,3,31.6,41.4,,run
2026-07-31T17:34:52+03:00,1785508492,1283,81,3,31.6,41.7,,run
2026-07-31T17:34:58+03:00,1785508498,1289,81,3,31.6,41.7,,run
2026-07-31T17:35:03+03:00,1785508503,1294,81,3,31.6,40.5,,run
2026-07-31T17:35:08+03:00,1785508508,1299,81,3,31.6,44.2,,run
2026-07-31T17:35:13+03:00,1785508513,1304,81,3,31.6,46.3,,run
2026-07-31T17:35:19+03:00,1785508519,1310,81,3,31.6,42.3,,run
2026-07-31T17:35:24+03:00,1785508524,1315,81,3,31.6,40.8,,run
2026-07-31T17:35:29+03:00,1785508529,1320,81,3,31.6,39.5,,run
2026-07-31T17:35:34+03:00,1785508534,1325,81,3,31.6,40.2,,run
2026-07-31T17:35:39+03:00,1785508539,1330,81,3,31.6,41.4,,run
2026-07-31T17:35:45+03:00,1785508545,1336,81,3,31.6,40.5,,run
2026-07-31T17:35:50+03:00,1785508550,1341,81,3,31.6,42.3,,run
2026-07-31T17:35:55+03:00,1785508555,1346,81,3,31.6,46.3,,run
2026-07-31T17:36:00+03:00,1785508560,1351,81,3,31.6,41.1,,run
2026-07-31T17:36:06+03:00,1785508566,1357,81,3,31.6,40.8,,run
2026-07-31T17:36:11+03:00,1785508571,1362,81,3,31.6,42.6,,run
2026-07-31T17:36:16+03:00,1785508576,1367,81,3,31.6,42.3,,run
2026-07-31T17:36:21+03:00,1785508581,1372,81,3,31.6,40.5,,run
2026-07-31T17:36:27+03:00,1785508587,1378,81,3,31.6,40.5,,run
2026-07-31T17:36:32+03:00,1785508592,1383,81,3,31.6,39.8,,run
2026-07-31T17:36:37+03:00,1785508597,1388,81,3,31.6,41.4,,run
2026-07-31T17:36:42+03:00,1785508602,1393,81,3,31.6,42.3,,run
2026-07-31T17:36:47+03:00,1785508607,1398,81,3,31.6,41.4,,run
2026-07-31T17:36:53+03:00,1785508613,1404,81,3,31.6,40.5,,run
2026-07-31T17:36:58+03:00,1785508618,1409,81,3,31.6,41.1,,run
2026-07-31T17:37:03+03:00,1785508623,1414,81,3,31.6,41.1,,run
2026-07-31T17:37:08+03:00,1785508628,1419,81,3,31.6,52.2,,run
2026-07-31T17:37:14+03:00,1785508634,1425,81,3,31.6,42.6,,run
2026-07-31T17:37:19+03:00,1785508639,1430,81,3,31.6,43.9,,run
2026-07-31T17:37:24+03:00,1785508644,1435,81,3,31.6,40.8,,run
2026-07-31T17:37:30+03:00,1785508650,1441,81,3,31.6,39.8,,run
2026-07-31T17:37:35+03:00,1785508655,1446,81,3,31.6,39.5,,run
2026-07-31T17:37:40+03:00,1785508660,1451,81,3,31.6,39.5,,run
2026-07-31T17:37:45+03:00,1785508665,1456,81,3,31.6,41.7,,run
2026-07-31T17:37:51+03:00,1785508671,1462,81,3,31.6,53.5,,run
2026-07-31T17:37:56+03:00,1785508676,1467,81,3,31.6,43.6,,run
2026-07-31T17:38:01+03:00,1785508681,1472,81,3,31.6,41.7,,run
2026-07-31T17:38:06+03:00,1785508686,1477,81,3,31.6,40.8,,run
2026-07-31T17:38:12+03:00,1785508692,1483,81,3,31.6,40.8,,run
2026-07-31T17:38:17+03:00,1785508697,1488,81,3,31.6,41.4,,run
2026-07-31T17:38:22+03:00,1785508702,1493,81,3,31.6,43.2,,run
2026-07-31T17:38:27+03:00,1785508707,1498,81,3,31.6,41.1,,run
2026-07-31T17:38:33+03:00,1785508713,1504,81,3,31.6,40.5,,run
2026-07-31T17:38:38+03:00,1785508718,1509,81,3,31.6,40.2,,run
2026-07-31T17:38:43+03:00,1785508723,1514,81,3,31.6,40.8,,run
2026-07-31T17:38:48+03:00,1785508728,1519,81,3,31.6,42.3,,run
2026-07-31T17:38:53+03:00,1785508733,1524,81,3,31.6,42.3,,run
2026-07-31T17:38:59+03:00,1785508739,1530,81,3,31.6,41.4,,run
2026-07-31T17:39:04+03:00,1785508744,1535,81,3,31.6,44.5,,run
2026-07-31T17:39:09+03:00,1785508749,1540,81,3,31.6,52.2,,run
2026-07-31T17:39:15+03:00,1785508755,1546,81,3,31.6,46.3,,run
2026-07-31T17:39:20+03:00,1785508760,1551,81,3,31.6,40.2,,run
2026-07-31T17:39:25+03:00,1785508765,1556,81,3,31.6,41.7,,run
2026-07-31T17:39:30+03:00,1785508770,1561,81,3,31.6,40.5,,run
2026-07-31T17:39:35+03:00,1785508775,1566,81,3,31.6,39.8,,run
2026-07-31T17:39:41+03:00,1785508781,1572,81,3,31.6,39.5,,run
2026-07-31T17:39:46+03:00,1785508786,1577,81,3,31.6,39.5,,run
2026-07-31T17:39:51+03:00,1785508791,1582,81,3,31.6,50.7,,run
2026-07-31T17:39:56+03:00,1785508796,1587,81,3,31.6,42.6,,run
2026-07-31T17:40:02+03:00,1785508802,1593,81,3,31.6,40.8,,run
2026-07-31T17:40:07+03:00,1785508807,1598,81,3,31.6,43.6,,run
2026-07-31T17:40:12+03:00,1785508812,1603,81,3,31.6,41.1,,run
2026-07-31T17:40:17+03:00,1785508817,1608,80,3,31.5,40.8,,run
2026-07-31T17:40:22+03:00,1785508822,1613,80,3,31.5,40.8,,run
2026-07-31T17:40:28+03:00,1785508828,1619,80,3,31.5,39.8,,run
2026-07-31T17:40:33+03:00,1785508833,1624,80,3,31.5,42.0,,run
2026-07-31T17:40:38+03:00,1785508838,1629,80,3,31.5,42.3,,run
2026-07-31T17:40:43+03:00,1785508843,1634,80,3,31.5,40.8,,run
2026-07-31T17:40:49+03:00,1785508849,1640,80,3,31.5,39.8,,run
2026-07-31T17:40:54+03:00,1785508854,1645,80,3,31.5,40.5,,run
2026-07-31T17:40:59+03:00,1785508859,1650,80,3,31.5,40.8,,run
2026-07-31T17:41:04+03:00,1785508864,1655,80,3,31.5,45.4,,run
2026-07-31T17:41:09+03:00,1785508869,1660,80,3,31.5,44.8,,run
2026-07-31T17:41:15+03:00,1785508875,1666,80,3,31.5,42.9,,run
2026-07-31T17:41:20+03:00,1785508880,1671,80,3,31.5,40.8,,run
2026-07-31T17:41:25+03:00,1785508885,1676,80,3,31.5,39.2,,run
2026-07-31T17:41:30+03:00,1785508890,1681,80,3,31.5,38.9,,run
2026-07-31T17:41:36+03:00,1785508896,1687,80,3,31.5,39.5,,run
2026-07-31T17:41:41+03:00,1785508901,1692,80,3,31.5,40.2,,run
2026-07-31T17:41:46+03:00,1785508906,1697,80,3,31.5,39.8,,run
2026-07-31T17:41:51+03:00,1785508911,1702,80,3,31.5,43.2,,run
2026-07-31T17:41:57+03:00,1785508917,1708,80,3,31.5,46.3,,run
2026-07-31T17:42:02+03:00,1785508922,1713,80,3,31.5,40.8,,run
2026-07-31T17:42:07+03:00,1785508927,1718,80,3,31.5,40.5,,run
2026-07-31T17:42:12+03:00,1785508932,1723,80,3,31.5,40.8,,run
2026-07-31T17:42:17+03:00,1785508937,1728,80,3,31.5,42.6,,run
2026-07-31T17:42:23+03:00,1785508943,1734,80,3,31.5,41.1,,run
2026-07-31T17:42:28+03:00,1785508948,1739,80,3,31.5,41.7,,run
2026-07-31T17:42:33+03:00,1785508953,1744,80,3,31.5,40.8,,run
2026-07-31T17:42:38+03:00,1785508958,1749,80,3,31.5,41.1,,run
2026-07-31T17:42:44+03:00,1785508964,1755,80,3,31.5,40.2,,run
2026-07-31T17:42:49+03:00,1785508969,1760,80,3,31.5,42.0,,run
2026-07-31T17:42:54+03:00,1785508974,1765,80,3,31.5,40.5,,run
2026-07-31T17:42:59+03:00,1785508979,1770,80,3,31.5,40.5,,run
2026-07-31T17:43:04+03:00,1785508984,1775,80,3,31.5,40.8,,run
2026-07-31T17:43:10+03:00,1785508990,1781,80,3,31.5,51.0,,run
2026-07-31T17:43:15+03:00,1785508995,1786,80,3,31.5,44.8,,run
2026-07-31T17:43:21+03:00,1785509001,1792,80,3,31.5,41.7,,run
2026-07-31T17:43:26+03:00,1785509006,1797,80,3,31.5,40.8,,run
2026-07-31T17:43:31+03:00,1785509011,1802,80,3,31.3,40.5,,run
2026-07-31T17:43:36+03:00,1785509016,1807,80,3,31.3,39.2,,run
2026-07-31T17:43:41+03:00,1785509021,1812,80,3,31.3,39.2,,run
2026-07-31T17:43:47+03:00,1785509027,1818,80,3,31.3,40.2,,run
2026-07-31T17:43:52+03:00,1785509032,1823,80,3,31.3,53.5,,run
2026-07-31T17:43:57+03:00,1785509037,1828,80,3,31.3,43.2,,run
2026-07-31T17:44:03+03:00,1785509043,1834,80,3,31.3,41.1,,run
2026-07-31T17:44:08+03:00,1785509048,1839,80,3,31.3,41.7,,run
2026-07-31T17:44:13+03:00,1785509053,1844,80,3,31.3,40.5,,run
2026-07-31T17:44:18+03:00,1785509058,1849,80,3,31.3,43.6,,run
2026-07-31T17:44:24+03:00,1785509064,1855,80,3,31.3,43.6,,run
2026-07-31T17:44:29+03:00,1785509069,1860,80,3,31.3,42.0,,run
2026-07-31T17:44:34+03:00,1785509074,1865,80,3,31.3,40.8,,run
2026-07-31T17:44:39+03:00,1785509079,1870,80,3,31.3,41.4,,run
2026-07-31T17:44:45+03:00,1785509085,1876,80,3,31.3,40.8,,run
2026-07-31T17:44:50+03:00,1785509090,1881,80,3,31.3,41.7,,run
2026-07-31T17:44:55+03:00,1785509095,1886,80,3,31.3,41.4,,run
2026-07-31T17:45:00+03:00,1785509100,1891,80,3,31.3,40.8,,run
2026-07-31T17:45:05+03:00,1785509105,1896,80,3,31.3,46.3,,run
2026-07-31T17:45:11+03:00,1785509111,1902,80,3,31.3,52.5,,run
2026-07-31T17:45:16+03:00,1785509116,1907,80,3,31.3,43.6,,run
2026-07-31T17:45:21+03:00,1785509121,1912,80,3,31.3,41.4,,run
2026-07-31T17:45:26+03:00,1785509126,1917,80,3,31.3,42.9,,run
2026-07-31T17:45:32+03:00,1785509132,1923,80,3,31.3,39.8,,run
2026-07-31T17:45:37+03:00,1785509137,1928,80,3,31.3,39.5,,run
2026-07-31T17:45:42+03:00,1785509142,1933,80,3,31.3,39.2,,run
2026-07-31T17:45:47+03:00,1785509147,1938,80,3,31.3,38.9,,run
2026-07-31T17:45:52+03:00,1785509152,1943,80,3,31.3,52.2,,run
2026-07-31T17:45:58+03:00,1785509158,1949,80,3,31.3,42.3,,run
2026-07-31T17:46:03+03:00,1785509163,1954,80,3,31.3,41.4,,run
2026-07-31T17:46:08+03:00,1785509168,1959,80,3,31.3,43.2,,run
2026-07-31T17:46:13+03:00,1785509173,1964,80,3,31.3,41.7,,run
2026-07-31T17:46:19+03:00,1785509179,1970,80,3,31.3,40.2,,run
2026-07-31T17:46:24+03:00,1785509184,1975,80,3,31.3,42.0,,run
2026-07-31T17:46:29+03:00,1785509189,1980,80,3,31.3,39.8,,run
2026-07-31T17:46:34+03:00,1785509194,1985,80,3,31.3,45.1,,run
2026-07-31T17:46:39+03:00,1785509199,1990,80,3,31.3,42.6,,run
2026-07-31T17:46:45+03:00,1785509205,1996,80,3,31.3,41.1,,run
2026-07-31T17:46:50+03:00,1785509210,2001,80,3,31.3,41.1,,run
2026-07-31T17:46:55+03:00,1785509215,2006,80,3,31.3,40.8,,run
2026-07-31T17:47:00+03:00,1785509220,2011,80,3,31.3,40.5,,run
2026-07-31T17:47:06+03:00,1785509226,2017,80,3,31.3,47.9,,run
2026-07-31T17:47:11+03:00,1785509231,2022,80,3,31.3,47.9,,run
2026-07-31T17:47:16+03:00,1785509236,2027,80,3,31.3,44.2,,run
2026-07-31T17:47:21+03:00,1785509241,2032,80,3,31.3,41.4,,run
2026-07-31T17:47:26+03:00,1785509246,2037,80,3,31.3,40.2,,run
2026-07-31T17:47:32+03:00,1785509252,2043,80,3,31.3,40.2,,run
2026-07-31T17:47:37+03:00,1785509257,2048,80,3,31.3,39.8,,run
2026-07-31T17:47:42+03:00,1785509262,2053,80,3,31.3,42.0,,run
2026-07-31T17:47:47+03:00,1785509267,2058,80,3,31.3,40.5,,run
2026-07-31T17:47:53+03:00,1785509273,2064,80,3,31.3,51.0,,run
2026-07-31T17:47:58+03:00,1785509278,2069,80,3,31.3,42.0,,run
2026-07-31T17:48:03+03:00,1785509283,2074,80,3,31.3,40.5,,run
2026-07-31T17:48:08+03:00,1785509288,2079,80,3,31.3,41.4,,run
2026-07-31T17:48:13+03:00,1785509293,2084,80,3,31.3,40.8,,run
2026-07-31T17:48:19+03:00,1785509299,2090,80,3,31.3,42.6,,run
2026-07-31T17:48:24+03:00,1785509304,2095,80,3,31.3,41.4,,run
2026-07-31T17:48:29+03:00,1785509309,2100,80,3,31.3,41.1,,run
2026-07-31T17:48:34+03:00,1785509314,2105,80,3,31.3,40.5,,run
2026-07-31T17:48:40+03:00,1785509320,2111,80,3,31.3,39.5,,run
2026-07-31T17:48:45+03:00,1785509325,2116,80,3,31.3,41.4,,run
2026-07-31T17:48:50+03:00,1785509330,2121,80,3,31.3,42.9,,run
2026-07-31T17:48:55+03:00,1785509335,2126,80,3,31.3,40.5,,run
2026-07-31T17:49:00+03:00,1785509340,2131,80,3,31.3,41.4,,run
2026-07-31T17:49:06+03:00,1785509346,2137,80,3,31.3,42.6,,run
2026-07-31T17:49:11+03:00,1785509351,2142,80,3,31.3,45.1,,run
2026-07-31T17:49:16+03:00,1785509356,2147,80,3,31.3,42.0,,run
2026-07-31T17:49:21+03:00,1785509361,2152,80,3,31.3,40.5,,run
2026-07-31T17:49:27+03:00,1785509367,2158,80,3,31.3,41.4,,run
2026-07-31T17:49:32+03:00,1785509372,2163,80,3,31.3,40.2,,run
2026-07-31T17:49:37+03:00,1785509377,2168,80,3,31.3,41.7,,run
2026-07-31T17:49:42+03:00,1785509382,2173,80,3,31.3,39.2,,run
2026-07-31T17:49:48+03:00,1785509388,2179,80,3,31.3,43.9,,run
2026-07-31T17:49:53+03:00,1785509393,2184,80,3,31.3,47.3,,run
2026-07-31T17:49:58+03:00,1785509398,2189,80,3,31.3,42.6,,run
2026-07-31T17:50:03+03:00,1785509403,2194,80,3,31.3,45.7,,run
2026-07-31T17:50:08+03:00,1785509408,2199,80,3,31.3,42.6,,run
2026-07-31T17:50:14+03:00,1785509414,2205,80,3,31.3,41.7,,run
2026-07-31T17:50:19+03:00,1785509419,2210,80,3,31.3,43.2,,run
2026-07-31T17:50:24+03:00,1785509424,2215,80,3,31.3,42.6,,run
2026-07-31T17:50:29+03:00,1785509429,2220,80,3,31.3,42.0,,run
2026-07-31T17:50:35+03:00,1785509435,2226,80,3,31.3,44.2,,run
2026-07-31T17:50:40+03:00,1785509440,2231,80,3,31.3,42.3,,run
2026-07-31T17:50:45+03:00,1785509445,2236,80,3,31.3,42.6,,run
2026-07-31T17:50:50+03:00,1785509450,2241,80,3,31.3,42.6,,run
2026-07-31T17:50:55+03:00,1785509455,2246,80,3,31.3,41.4,,run
2026-07-31T17:51:01+03:00,1785509461,2252,80,3,31.3,41.1,,run
2026-07-31T17:51:06+03:00,1785509466,2257,80,3,31.3,54.4,,run
2026-07-31T17:51:11+03:00,1785509471,2262,80,3,31.3,44.2,,run
2026-07-31T17:51:17+03:00,1785509477,2268,80,3,31.3,41.7,,run
2026-07-31T17:51:22+03:00,1785509482,2273,80,3,31.3,41.4,,run
2026-07-31T17:51:27+03:00,1785509487,2278,80,3,31.3,40.2,,run
2026-07-31T17:51:32+03:00,1785509492,2283,80,3,31.3,39.2,,run
2026-07-31T17:51:38+03:00,1785509498,2289,80,3,31.3,40.8,,run
2026-07-31T17:51:43+03:00,1785509503,2294,80,3,31.3,40.2,,run
2026-07-31T17:51:48+03:00,1785509508,2299,80,3,31.3,43.2,,run
2026-07-31T17:51:53+03:00,1785509513,2304,80,3,31.3,48.8,,run
2026-07-31T17:51:59+03:00,1785509519,2310,80,3,31.3,43.9,,run
2026-07-31T17:52:04+03:00,1785509524,2315,79,3,31.6,42.9,,run
2026-07-31T17:52:09+03:00,1785509529,2320,79,3,31.6,42.3,,run
2026-07-31T17:52:14+03:00,1785509534,2325,79,3,31.6,43.6,,run
2026-07-31T17:52:20+03:00,1785509540,2331,79,3,31.6,42.9,,run
2026-07-31T17:52:25+03:00,1785509545,2336,79,3,31.6,43.9,,run
2026-07-31T17:52:30+03:00,1785509550,2341,79,3,31.6,42.0,,run
2026-07-31T17:52:35+03:00,1785509555,2346,79,3,31.6,42.3,,run
2026-07-31T17:52:40+03:00,1785509560,2351,79,3,31.6,42.3,,run
2026-07-31T17:52:46+03:00,1785509566,2357,79,3,31.6,42.9,,run
2026-07-31T17:52:51+03:00,1785509571,2362,79,3,31.6,42.6,,run
2026-07-31T17:52:56+03:00,1785509576,2367,79,3,31.6,44.2,,run
2026-07-31T17:53:01+03:00,1785509581,2372,79,3,31.6,41.7,,run
2026-07-31T17:53:07+03:00,1785509587,2378,79,3,31.6,49.7,,run
2026-07-31T17:53:12+03:00,1785509592,2383,79,3,31.6,42.9,,run
2026-07-31T17:53:17+03:00,1785509597,2388,79,3,31.6,43.9,,run
2026-07-31T17:53:23+03:00,1785509603,2394,79,3,31.6,42.0,,run
2026-07-31T17:53:28+03:00,1785509608,2399,79,3,31.7,40.5,,run
2026-07-31T17:53:33+03:00,1785509613,2404,79,3,31.7,40.5,,run
2026-07-31T17:53:38+03:00,1785509618,2409,79,3,31.7,39.5,,run
2026-07-31T17:53:43+03:00,1785509623,2414,79,3,31.7,40.8,,run
2026-07-31T17:53:49+03:00,1785509629,2420,79,3,31.7,43.6,,run
2026-07-31T17:53:54+03:00,1785509634,2425,79,3,31.7,51.3,,run
2026-07-31T17:53:59+03:00,1785509639,2430,79,3,31.7,44.5,,run
2026-07-31T17:54:04+03:00,1785509644,2435,79,3,31.7,43.6,,run
2026-07-31T17:54:10+03:00,1785509650,2441,79,3,31.7,41.1,,run
2026-07-31T17:54:15+03:00,1785509655,2446,79,3,31.7,41.7,,run
2026-07-31T17:54:20+03:00,1785509660,2451,79,3,31.7,40.2,,run
2026-07-31T17:54:25+03:00,1785509665,2456,79,3,31.7,42.3,,run
2026-07-31T17:54:31+03:00,1785509671,2462,79,3,31.7,42.3,,run
2026-07-31T17:54:36+03:00,1785509676,2467,79,3,31.7,41.1,,run
2026-07-31T17:54:41+03:00,1785509681,2472,79,3,31.7,41.1,,run
2026-07-31T17:54:46+03:00,1785509686,2477,79,3,31.7,40.2,,run
2026-07-31T17:54:51+03:00,1785509691,2482,79,3,31.7,41.1,,run
2026-07-31T17:54:57+03:00,1785509697,2488,79,3,31.7,43.2,,run
2026-07-31T17:55:02+03:00,1785509702,2493,79,3,31.7,45.4,,run
2026-07-31T17:55:07+03:00,1785509707,2498,79,3,31.7,47.3,,run
2026-07-31T17:55:13+03:00,1785509713,2504,79,3,31.7,44.2,,run
2026-07-31T17:55:18+03:00,1785509718,2509,79,3,31.7,42.3,,run
2026-07-31T17:55:23+03:00,1785509723,2514,79,3,31.7,41.7,,run
2026-07-31T17:55:28+03:00,1785509728,2519,79,3,31.7,41.4,,run
2026-07-31T17:55:34+03:00,1785509734,2525,79,3,31.7,41.7,,run
2026-07-31T17:55:39+03:00,1785509739,2530,79,3,31.7,42.3,,run
2026-07-31T17:55:44+03:00,1785509744,2535,79,3,31.7,39.2,,run
2026-07-31T17:55:49+03:00,1785509749,2540,79,3,31.7,39.2,,run
2026-07-31T17:55:54+03:00,1785509754,2545,79,3,31.7,52.8,,run
2026-07-31T17:56:00+03:00,1785509760,2551,79,3,31.7,42.6,,run
2026-07-31T17:56:05+03:00,1785509765,2556,79,3,31.7,41.4,,run
2026-07-31T17:56:10+03:00,1785509770,2561,79,3,31.7,43.2,,run
2026-07-31T17:56:15+03:00,1785509775,2566,79,3,31.7,43.6,,run
2026-07-31T17:56:21+03:00,1785509781,2572,79,3,31.7,41.1,,run
2026-07-31T17:56:26+03:00,1785509786,2577,79,3,31.7,41.4,,run
2026-07-31T17:56:31+03:00,1785509791,2582,79,3,31.7,40.8,,run
2026-07-31T17:56:36+03:00,1785509796,2587,79,3,31.7,41.7,,run
2026-07-31T17:56:41+03:00,1785509801,2592,79,3,31.7,42.6,,run
2026-07-31T17:56:47+03:00,1785509807,2598,79,3,31.7,41.4,,run
2026-07-31T17:56:52+03:00,1785509812,2603,79,3,31.7,41.7,,run
2026-07-31T17:56:57+03:00,1785509817,2608,79,3,31.7,40.5,,run
2026-07-31T17:57:02+03:00,1785509822,2613,79,3,31.7,40.8,,run
2026-07-31T17:57:08+03:00,1785509828,2619,79,3,31.7,48.2,,run
2026-07-31T17:57:13+03:00,1785509833,2624,79,3,31.7,50.7,,run
2026-07-31T17:57:18+03:00,1785509838,2629,79,3,31.7,49.4,,run
2026-07-31T17:57:23+03:00,1785509843,2634,79,3,31.7,42.0,,run
2026-07-31T17:57:29+03:00,1785509849,2640,79,3,31.7,41.1,,run
2026-07-31T17:57:34+03:00,1785509854,2645,79,3,31.7,40.5,,run
2026-07-31T17:57:39+03:00,1785509859,2650,79,3,31.7,40.2,,run
2026-07-31T17:57:44+03:00,1785509864,2655,79,3,31.7,40.5,,run
2026-07-31T17:57:49+03:00,1785509869,2660,79,3,31.7,41.7,,run
2026-07-31T17:57:55+03:00,1785509875,2666,79,3,31.7,41.1,,run
2026-07-31T17:58:00+03:00,1785509880,2671,79,3,31.7,51.9,,run
2026-07-31T17:58:05+03:00,1785509885,2676,79,3,31.7,44.5,,run
2026-07-31T17:58:11+03:00,1785509891,2682,79,3,31.7,41.7,,run
2026-07-31T17:58:16+03:00,1785509896,2687,79,3,31.7,41.4,,run
2026-07-31T17:58:21+03:00,1785509901,2692,79,3,31.7,42.3,,run
2026-07-31T17:58:26+03:00,1785509906,2697,79,3,31.7,43.6,,run
2026-07-31T17:58:31+03:00,1785509911,2702,79,3,31.7,40.5,,run
2026-07-31T17:58:37+03:00,1785509917,2708,79,3,31.7,40.8,,run
2026-07-31T17:58:42+03:00,1785509922,2713,79,3,31.7,41.1,,run
2026-07-31T17:58:47+03:00,1785509927,2718,79,3,31.7,41.4,,run
2026-07-31T17:58:52+03:00,1785509932,2723,79,3,31.7,42.0,,run
2026-07-31T17:58:58+03:00,1785509938,2729,79,3,31.7,41.4,,run
2026-07-31T17:59:03+03:00,1785509943,2734,79,3,31.7,42.3,,run
2026-07-31T17:59:08+03:00,1785509948,2739,79,3,31.7,41.7,,run
2026-07-31T17:59:13+03:00,1785509953,2744,79,3,31.7,48.2,,run
2026-07-31T17:59:19+03:00,1785509959,2750,79,3,31.7,52.8,,run
2026-07-31T17:59:24+03:00,1785509964,2755,79,3,31.7,46.7,,run
2026-07-31T17:59:29+03:00,1785509969,2760,79,3,31.7,42.6,,run
2026-07-31T17:59:34+03:00,1785509974,2765,79,3,31.7,43.9,,run
2026-07-31T17:59:40+03:00,1785509980,2771,79,3,31.7,39.8,,run
2026-07-31T17:59:45+03:00,1785509985,2776,79,3,31.7,40.2,,run
2026-07-31T17:59:50+03:00,1785509990,2781,79,3,31.7,39.5,,run
2026-07-31T17:59:55+03:00,1785509995,2786,79,3,31.7,40.8,,run
2026-07-31T18:00:00+03:00,1785510000,2791,79,3,31.7,52.2,,run
2026-07-31T18:00:06+03:00,1785510006,2797,79,3,31.7,43.9,,run
2026-07-31T18:00:11+03:00,1785510011,2802,79,3,31.7,41.1,,run
2026-07-31T18:00:17+03:00,1785510017,2808,79,3,31.7,45.1,,run
2026-07-31T18:00:22+03:00,1785510022,2813,79,3,31.7,41.1,,run
2026-07-31T18:00:27+03:00,1785510027,2818,79,3,31.7,42.0,,run
2026-07-31T18:00:32+03:00,1785510032,2823,79,3,31.7,42.6,,run
2026-07-31T18:00:38+03:00,1785510038,2829,79,3,31.7,42.0,,run
2026-07-31T18:00:43+03:00,1785510043,2834,79,3,31.7,40.8,,run
2026-07-31T18:00:48+03:00,1785510048,2839,79,3,31.7,40.2,,run
2026-07-31T18:00:53+03:00,1785510053,2844,79,3,31.7,39.8,,run
2026-07-31T18:00:58+03:00,1785510058,2849,79,3,31.7,41.7,,run
2026-07-31T18:01:04+03:00,1785510064,2855,79,3,31.7,42.0,,run
2026-07-31T18:01:09+03:00,1785510069,2860,79,3,31.7,41.7,,run
2026-07-31T18:01:14+03:00,1785510074,2865,79,3,31.7,46.3,,run
2026-07-31T18:01:19+03:00,1785510079,2870,79,3,31.7,52.2,,run
2026-07-31T18:01:25+03:00,1785510085,2876,79,3,31.7,46.0,,run
2026-07-31T18:01:30+03:00,1785510090,2881,79,3,31.7,39.8,,run
2026-07-31T18:01:35+03:00,1785510095,2886,79,3,31.7,42.3,,run
2026-07-31T18:01:40+03:00,1785510100,2891,79,3,31.7,39.8,,run
2026-07-31T18:01:46+03:00,1785510106,2897,79,3,31.7,40.5,,run
2026-07-31T18:01:51+03:00,1785510111,2902,79,3,31.7,40.2,,run
2026-07-31T18:01:56+03:00,1785510116,2907,79,3,31.7,38.9,,run
2026-07-31T18:02:01+03:00,1785510121,2912,79,3,31.7,51.9,,run
2026-07-31T18:02:07+03:00,1785510127,2918,79,3,31.7,44.2,,run
2026-07-31T18:02:12+03:00,1785510132,2923,79,3,31.7,43.6,,run
2026-07-31T18:02:18+03:00,1785510138,2929,79,3,31.7,42.6,,run
2026-07-31T18:02:23+03:00,1785510143,2934,79,3,31.7,42.6,,run
2026-07-31T18:02:28+03:00,1785510148,2939,79,3,31.7,41.4,,run
2026-07-31T18:02:33+03:00,1785510153,2944,79,3,31.7,41.1,,run
2026-07-31T18:02:38+03:00,1785510158,2949,79,3,31.7,43.6,,run
2026-07-31T18:02:44+03:00,1785510164,2955,79,3,31.7,43.9,,run
2026-07-31T18:02:49+03:00,1785510169,2960,79,3,31.7,41.4,,run
2026-07-31T18:02:54+03:00,1785510174,2965,79,3,31.7,42.0,,run
2026-07-31T18:02:59+03:00,1785510179,2970,79,3,31.7,41.7,,run
2026-07-31T18:03:04+03:00,1785510184,2975,79,3,31.7,42.0,,run
2026-07-31T18:03:10+03:00,1785510190,2981,79,3,31.7,44.2,,run
2026-07-31T18:03:15+03:00,1785510195,2986,79,3,31.7,43.2,,run
2026-07-31T18:03:20+03:00,1785510200,2991,79,3,31.7,52.2,,run
2026-07-31T18:03:26+03:00,1785510206,2997,79,3,31.7,47.0,,run
2026-07-31T18:03:31+03:00,1785510211,3002,79,3,31.8,42.0,,run
2026-07-31T18:03:36+03:00,1785510216,3007,79,3,31.8,40.5,,run
2026-07-31T18:03:41+03:00,1785510221,3012,79,3,31.8,40.8,,run
2026-07-31T18:03:47+03:00,1785510227,3018,78,3,31.8,40.5,,run
2026-07-31T18:03:52+03:00,1785510232,3023,78,3,31.8,39.5,,run
2026-07-31T18:03:57+03:00,1785510237,3028,78,3,31.8,38.9,,run
2026-07-31T18:04:02+03:00,1785510242,3033,78,3,31.8,52.5,,run
2026-07-31T18:04:08+03:00,1785510248,3039,78,3,31.8,42.6,,run
2026-07-31T18:04:13+03:00,1785510253,3044,78,3,31.8,46.0,,run
2026-07-31T18:04:18+03:00,1785510258,3049,78,3,31.8,42.3,,run
2026-07-31T18:04:23+03:00,1785510263,3054,78,3,31.8,41.7,,run
2026-07-31T18:04:29+03:00,1785510269,3060,78,3,31.8,41.1,,run
2026-07-31T18:04:34+03:00,1785510274,3065,78,3,31.8,41.1,,run
2026-07-31T18:04:39+03:00,1785510279,3070,78,3,31.8,40.2,,run
2026-07-31T18:04:44+03:00,1785510284,3075,78,3,31.8,42.6,,run
2026-07-31T18:04:49+03:00,1785510289,3080,78,3,31.8,41.1,,run
2026-07-31T18:04:55+03:00,1785510295,3086,78,3,31.8,40.8,,run
2026-07-31T18:05:00+03:00,1785510300,3091,78,3,31.8,41.1,,run
2026-07-31T18:05:05+03:00,1785510305,3096,78,3,31.8,40.8,,run
2026-07-31T18:05:10+03:00,1785510310,3101,78,3,31.8,42.0,,run
2026-07-31T18:05:16+03:00,1785510316,3107,78,3,31.8,47.3,,run
2026-07-31T18:05:21+03:00,1785510321,3112,78,3,31.8,48.8,,run
2026-07-31T18:05:26+03:00,1785510326,3117,78,3,31.8,43.9,,run
2026-07-31T18:05:31+03:00,1785510331,3122,78,3,31.8,41.1,,run
2026-07-31T18:05:36+03:00,1785510336,3127,78,3,31.8,40.8,,run
2026-07-31T18:05:42+03:00,1785510342,3133,78,3,31.8,39.8,,run
2026-07-31T18:05:47+03:00,1785510347,3138,78,3,31.8,40.5,,run
2026-07-31T18:05:52+03:00,1785510352,3143,78,3,31.8,41.7,,run
2026-07-31T18:05:57+03:00,1785510357,3148,78,3,31.8,42.0,,run
2026-07-31T18:06:03+03:00,1785510363,3154,78,3,31.8,51.6,,run
2026-07-31T18:06:08+03:00,1785510368,3159,78,3,31.8,42.3,,run
2026-07-31T18:06:13+03:00,1785510373,3164,78,3,31.8,41.4,,run
2026-07-31T18:06:18+03:00,1785510378,3169,78,3,31.8,41.4,,run
2026-07-31T18:06:24+03:00,1785510384,3175,78,3,31.8,42.3,,run
2026-07-31T18:06:29+03:00,1785510389,3180,78,3,31.8,42.0,,run
2026-07-31T18:06:34+03:00,1785510394,3185,78,3,31.8,41.1,,run
2026-07-31T18:06:39+03:00,1785510399,3190,78,3,31.8,41.4,,run
2026-07-31T18:06:44+03:00,1785510404,3195,78,3,31.8,40.8,,run
2026-07-31T18:06:50+03:00,1785510410,3201,78,3,31.8,41.7,,run
2026-07-31T18:06:55+03:00,1785510415,3206,78,3,31.8,42.0,,run
2026-07-31T18:07:00+03:00,1785510420,3211,78,3,31.8,40.5,,run
2026-07-31T18:07:05+03:00,1785510425,3216,78,3,31.8,42.0,,run
2026-07-31T18:07:10+03:00,1785510430,3221,78,3,31.8,40.5,,run
2026-07-31T18:07:16+03:00,1785510436,3227,78,3,31.8,42.0,,run
2026-07-31T18:07:21+03:00,1785510441,3232,78,3,31.8,44.5,,run
2026-07-31T18:07:26+03:00,1785510446,3237,78,3,31.8,42.3,,run
2026-07-31T18:07:31+03:00,1785510451,3242,78,3,31.8,41.1,,run
2026-07-31T18:07:37+03:00,1785510457,3248,78,3,31.8,42.6,,run
2026-07-31T18:07:42+03:00,1785510462,3253,78,3,31.8,51.9,,run
2026-07-31T18:07:47+03:00,1785510467,3258,78,3,31.8,45.7,,run
2026-07-31T18:07:53+03:00,1785510473,3264,78,3,31.8,41.1,,run
2026-07-31T18:07:58+03:00,1785510478,3269,78,3,31.8,41.7,,run
2026-07-31T18:08:03+03:00,1785510483,3274,78,3,31.8,41.4,,run
2026-07-31T18:08:08+03:00,1785510488,3279,78,3,31.8,42.3,,run
2026-07-31T18:08:13+03:00,1785510493,3284,78,3,31.8,41.4,,run
2026-07-31T18:08:19+03:00,1785510499,3290,78,3,31.8,41.7,,run
2026-07-31T18:08:24+03:00,1785510504,3295,78,3,31.8,41.1,,run
2026-07-31T18:08:29+03:00,1785510509,3300,78,3,31.8,41.4,,run
2026-07-31T18:08:34+03:00,1785510514,3305,78,3,31.8,40.8,,run
2026-07-31T18:08:40+03:00,1785510520,3311,78,3,31.8,43.6,,run
2026-07-31T18:08:45+03:00,1785510525,3316,78,3,31.8,42.3,,run
2026-07-31T18:08:50+03:00,1785510530,3321,78,3,31.8,44.2,,run
2026-07-31T18:08:55+03:00,1785510535,3326,78,3,31.8,49.1,,run
2026-07-31T18:09:00+03:00,1785510540,3331,78,3,31.8,50.1,,run
2026-07-31T18:09:06+03:00,1785510546,3337,78,3,31.8,42.6,,run
2026-07-31T18:09:11+03:00,1785510551,3342,78,3,31.8,42.6,,run
2026-07-31T18:09:16+03:00,1785510556,3347,78,3,31.8,42.0,,run
2026-07-31T18:09:21+03:00,1785510561,3352,78,3,31.8,42.9,,run
2026-07-31T18:09:27+03:00,1785510567,3358,78,3,31.8,39.8,,run
2026-07-31T18:09:32+03:00,1785510572,3363,78,3,31.8,40.2,,run
2026-07-31T18:09:37+03:00,1785510577,3368,78,3,31.8,40.2,,run
2026-07-31T18:09:42+03:00,1785510582,3373,78,3,31.8,54.7,,run
2026-07-31T18:09:48+03:00,1785510588,3379,78,3,31.8,42.9,,run
2026-07-31T18:09:53+03:00,1785510593,3384,78,3,31.8,41.1,,run
2026-07-31T18:09:58+03:00,1785510598,3389,78,3,31.8,40.8,,run
2026-07-31T18:10:03+03:00,1785510603,3394,78,3,31.8,41.4,,run
2026-07-31T18:10:08+03:00,1785510608,3399,78,3,31.8,39.8,,run
2026-07-31T18:10:14+03:00,1785510614,3405,78,3,31.8,41.1,,run
2026-07-31T18:10:19+03:00,1785510619,3410,78,3,31.8,40.5,,run
2026-07-31T18:10:24+03:00,1785510624,3415,78,3,31.8,41.1,,run
2026-07-31T18:10:29+03:00,1785510629,3420,78,3,31.8,42.0,,run
2026-07-31T18:10:34+03:00,1785510634,3425,78,3,31.8,40.5,,run
2026-07-31T18:10:40+03:00,1785510640,3431,78,3,31.8,40.8,,run
2026-07-31T18:10:45+03:00,1785510645,3436,78,3,31.8,41.4,,run
2026-07-31T18:10:50+03:00,1785510650,3441,78,3,31.8,40.8,,run
2026-07-31T18:10:55+03:00,1785510655,3446,78,3,31.8,47.0,,run
2026-07-31T18:11:01+03:00,1785510661,3452,78,3,31.8,52.2,,run
2026-07-31T18:11:06+03:00,1785510666,3457,78,3,31.8,44.2,,run
2026-07-31T18:11:11+03:00,1785510671,3462,78,3,31.8,42.0,,run
2026-07-31T18:11:16+03:00,1785510676,3467,78,3,31.8,40.8,,run
2026-07-31T18:11:22+03:00,1785510682,3473,78,3,31.8,40.8,,run
2026-07-31T18:11:27+03:00,1785510687,3478,78,3,31.8,40.5,,run
2026-07-31T18:11:32+03:00,1785510692,3483,78,3,31.8,40.2,,run
2026-07-31T18:11:37+03:00,1785510697,3488,78,3,31.8,42.0,,run
2026-07-31T18:11:42+03:00,1785510702,3493,78,3,31.8,50.4,,run
2026-07-31T18:11:48+03:00,1785510708,3499,78,3,31.8,44.5,,run
2026-07-31T18:11:53+03:00,1785510713,3504,78,3,31.8,41.4,,run
2026-07-31T18:11:58+03:00,1785510718,3509,78,3,31.8,41.1,,run
2026-07-31T18:12:03+03:00,1785510723,3514,78,3,31.8,40.2,,run
2026-07-31T18:12:09+03:00,1785510729,3520,78,3,31.8,41.4,,run
2026-07-31T18:12:14+03:00,1785510734,3525,78,3,31.8,42.3,,run
2026-07-31T18:12:19+03:00,1785510739,3530,78,3,31.8,41.1,,run
2026-07-31T18:12:24+03:00,1785510744,3535,78,3,31.8,41.4,,run
2026-07-31T18:12:29+03:00,1785510749,3540,78,3,31.8,41.1,,run
2026-07-31T18:12:35+03:00,1785510755,3546,78,3,31.8,40.5,,run
2026-07-31T18:12:40+03:00,1785510760,3551,78,3,31.8,40.8,,run
2026-07-31T18:12:45+03:00,1785510765,3556,78,3,31.8,43.2,,run
2026-07-31T18:12:50+03:00,1785510770,3561,78,3,31.8,40.5,,run
2026-07-31T18:12:56+03:00,1785510776,3567,78,3,31.8,50.7,,run
2026-07-31T18:13:01+03:00,1785510781,3572,78,3,31.8,43.2,,run
2026-07-31T18:13:06+03:00,1785510786,3577,78,3,31.8,46.3,,run
2026-07-31T18:13:12+03:00,1785510792,3583,78,3,31.8,40.5,,run
2026-07-31T18:13:17+03:00,1785510797,3588,78,3,31.8,40.5,,run
2026-07-31T18:13:22+03:00,1785510802,3593,78,3,31.8,39.5,,run
2026-07-31T18:13:27+03:00,1785510807,3598,78,3,31.8,40.8,,run
2026-07-31T18:13:32+03:00,1785510812,3603,78,3,31.4,39.8,,run
2026-07-31T18:13:38+03:00,1785510818,3609,78,3,31.4,48.2,,run
2026-07-31T18:13:43+03:00,1785510823,3614,78,3,31.4,44.5,,run
2026-07-31T18:13:48+03:00,1785510828,3619,78,3,31.4,41.4,,run
2026-07-31T18:13:54+03:00,1785510834,3625,78,3,31.4,40.5,,run
2026-07-31T18:13:59+03:00,1785510839,3630,78,3,31.4,42.6,,run
2026-07-31T18:14:04+03:00,1785510844,3635,78,3,31.4,41.1,,run
2026-07-31T18:14:09+03:00,1785510849,3640,78,3,31.4,41.4,,run
2026-07-31T18:14:15+03:00,1785510855,3646,78,3,31.4,41.1,,run
2026-07-31T18:14:20+03:00,1785510860,3651,78,3,31.4,39.8,,run
2026-07-31T18:14:25+03:00,1785510865,3656,78,3,31.4,39.8,,run
2026-07-31T18:14:30+03:00,1785510870,3661,77,3,31.4,42.6,,run
2026-07-31T18:14:35+03:00,1785510875,3666,77,3,31.4,40.5,,run
2026-07-31T18:14:41+03:00,1785510881,3672,77,3,31.4,40.8,,run
2026-07-31T18:14:46+03:00,1785510886,3677,77,3,31.4,42.0,,run
2026-07-31T18:14:51+03:00,1785510891,3682,77,3,31.4,40.5,,run
2026-07-31T18:14:56+03:00,1785510896,3687,77,3,31.4,51.9,,run
2026-07-31T18:15:02+03:00,1785510902,3693,77,3,31.4,47.6,,run
2026-07-31T18:15:07+03:00,1785510907,3698,77,3,31.4,39.5,,run
2026-07-31T18:15:12+03:00,1785510912,3703,77,3,31.4,40.2,,run
2026-07-31T18:15:18+03:00,1785510918,3709,77,3,31.4,40.2,,run
2026-07-31T18:15:23+03:00,1785510923,3714,77,3,31.4,39.8,,run
2026-07-31T18:15:28+03:00,1785510928,3719,77,3,31.4,42.0,,run
2026-07-31T18:15:33+03:00,1785510933,3724,77,3,31.4,39.8,,run
2026-07-31T18:15:39+03:00,1785510939,3730,77,3,31.4,41.4,,run
2026-07-31T18:15:44+03:00,1785510944,3735,77,3,31.4,47.3,,run
2026-07-31T18:15:49+03:00,1785510949,3740,77,3,31.4,41.1,,run
2026-07-31T18:15:55+03:00,1785510955,3746,77,3,31.4,42.9,,run
2026-07-31T18:16:00+03:00,1785510960,3751,77,3,31.4,41.7,,run
2026-07-31T18:16:05+03:00,1785510965,3756,77,3,31.4,40.2,,run
2026-07-31T18:16:10+03:00,1785510970,3761,77,3,31.4,41.7,,run
2026-07-31T18:16:16+03:00,1785510976,3767,77,3,31.4,39.8,,run
2026-07-31T18:16:21+03:00,1785510981,3772,77,3,31.4,42.0,,run
2026-07-31T18:16:26+03:00,1785510986,3777,77,3,31.4,41.1,,run
2026-07-31T18:16:31+03:00,1785510991,3782,77,3,31.4,41.1,,run
2026-07-31T18:16:37+03:00,1785510997,3788,77,3,31.4,40.2,,run
2026-07-31T18:16:42+03:00,1785511002,3793,77,3,31.4,39.5,,run
2026-07-31T18:16:47+03:00,1785511007,3798,77,3,31.4,40.5,,run
2026-07-31T18:16:52+03:00,1785511012,3803,77,3,31.4,41.4,,run
2026-07-31T18:16:57+03:00,1785511017,3808,77,3,31.4,42.3,,run
2026-07-31T18:17:03+03:00,1785511023,3814,77,3,31.4,44.5,,run
2026-07-31T18:17:08+03:00,1785511028,3819,77,3,31.4,42.6,,run
2026-07-31T18:17:13+03:00,1785511033,3824,77,3,31.4,39.2,,run
2026-07-31T18:17:18+03:00,1785511038,3829,77,3,31.4,40.8,,run
2026-07-31T18:17:24+03:00,1785511044,3835,77,3,31.4,40.2,,run
2026-07-31T18:17:29+03:00,1785511049,3840,77,3,31.4,42.9,,run
2026-07-31T18:17:34+03:00,1785511054,3845,77,3,31.4,41.1,,run
2026-07-31T18:17:39+03:00,1785511059,3850,77,3,31.3,39.2,,run
2026-07-31T18:17:45+03:00,1785511065,3856,77,3,31.3,39.8,,run
2026-07-31T18:17:50+03:00,1785511070,3861,77,3,31.3,51.3,,run
2026-07-31T18:17:55+03:00,1785511075,3866,77,3,31.3,41.4,,run
2026-07-31T18:18:00+03:00,1785511080,3871,77,3,31.3,40.5,,run
2026-07-31T18:18:05+03:00,1785511085,3876,77,3,31.3,40.5,,run
2026-07-31T18:18:11+03:00,1785511091,3882,77,3,31.3,42.9,,run
2026-07-31T18:18:16+03:00,1785511096,3887,77,3,31.3,40.2,,run
2026-07-31T18:18:21+03:00,1785511101,3892,77,3,31.3,41.1,,run
2026-07-31T18:18:26+03:00,1785511106,3897,77,3,31.3,43.6,,run
2026-07-31T18:18:32+03:00,1785511112,3903,77,3,31.3,40.8,,run
2026-07-31T18:18:37+03:00,1785511117,3908,77,3,31.3,42.3,,run
2026-07-31T18:18:42+03:00,1785511122,3913,77,3,31.3,41.4,,run
2026-07-31T18:18:47+03:00,1785511127,3918,77,3,31.3,41.1,,run
2026-07-31T18:18:52+03:00,1785511132,3923,77,3,31.3,41.4,,run
2026-07-31T18:18:58+03:00,1785511138,3929,77,3,31.3,41.1,,run
2026-07-31T18:19:03+03:00,1785511143,3934,77,3,31.3,46.7,,run
2026-07-31T18:19:08+03:00,1785511148,3939,77,3,31.3,51.6,,run
2026-07-31T18:19:13+03:00,1785511153,3944,77,3,31.3,44.5,,run
2026-07-31T18:19:19+03:00,1785511159,3950,77,3,31.3,40.2,,run
2026-07-31T18:19:24+03:00,1785511164,3955,77,3,31.3,40.2,,run
2026-07-31T18:19:29+03:00,1785511169,3960,77,3,31.3,39.8,,run
2026-07-31T18:19:34+03:00,1785511174,3965,77,3,31.3,51.6,,run
2026-07-31T18:19:40+03:00,1785511180,3971,77,3,31.3,42.3,,run
2026-07-31T18:19:45+03:00,1785511185,3976,77,3,31.3,42.3,,run
2026-07-31T18:19:50+03:00,1785511190,3981,77,3,31.3,42.0,,run
2026-07-31T18:19:55+03:00,1785511195,3986,77,3,31.3,42.6,,run
2026-07-31T18:20:01+03:00,1785511201,3992,77,3,31.3,40.5,,run
2026-07-31T18:20:06+03:00,1785511206,3997,77,3,31.3,42.0,,run
2026-07-31T18:20:11+03:00,1785511211,4002,77,3,31.3,41.4,,run
2026-07-31T18:20:16+03:00,1785511216,4007,77,3,31.3,42.9,,run
2026-07-31T18:20:21+03:00,1785511221,4012,77,3,31.3,40.8,,run
2026-07-31T18:20:27+03:00,1785511227,4018,77,3,31.3,40.2,,run
2026-07-31T18:20:32+03:00,1785511232,4023,77,3,31.3,40.8,,run
2026-07-31T18:20:37+03:00,1785511237,4028,77,3,31.3,39.8,,run
2026-07-31T18:20:42+03:00,1785511242,4033,77,3,31.3,40.8,,run
2026-07-31T18:20:48+03:00,1785511248,4039,77,3,31.3,46.0,,run
2026-07-31T18:20:53+03:00,1785511253,4044,77,3,31.3,46.7,,run
2026-07-31T18:20:58+03:00,1785511258,4049,77,3,31.3,44.8,,run
2026-07-31T18:21:03+03:00,1785511263,4054,77,3,31.3,39.5,,run
2026-07-31T18:21:09+03:00,1785511269,4060,77,3,31.3,39.2,,run
2026-07-31T18:21:14+03:00,1785511274,4065,77,3,31.3,38.9,,run
2026-07-31T18:21:19+03:00,1785511279,4070,77,3,31.3,38.6,,run
2026-07-31T18:21:24+03:00,1785511284,4075,77,3,31.3,39.5,,run
2026-07-31T18:21:30+03:00,1785511290,4081,77,3,31.3,40.5,,run
2026-07-31T18:21:35+03:00,1785511295,4086,77,3,31.3,40.2,,run
2026-07-31T18:21:40+03:00,1785511300,4091,77,3,31.3,38.6,,run
2026-07-31T18:21:45+03:00,1785511305,4096,77,3,31.3,51.0,,run
2026-07-31T18:21:51+03:00,1785511311,4102,77,3,31.3,42.9,,run
2026-07-31T18:21:56+03:00,1785511316,4107,77,3,31.3,40.8,,run
2026-07-31T18:22:01+03:00,1785511321,4112,77,3,31.3,43.2,,run
2026-07-31T18:22:06+03:00,1785511326,4117,77,3,31.3,41.7,,run
2026-07-31T18:22:12+03:00,1785511332,4123,77,3,31.3,41.4,,run
2026-07-31T18:22:17+03:00,1785511337,4128,77,3,31.3,42.0,,run
2026-07-31T18:22:22+03:00,1785511342,4133,77,3,31.3,40.8,,run
2026-07-31T18:22:27+03:00,1785511347,4138,77,3,31.3,41.1,,run
2026-07-31T18:22:33+03:00,1785511353,4144,77,3,31.3,43.9,,run
2026-07-31T18:22:38+03:00,1785511358,4149,77,3,31.3,42.0,,run
2026-07-31T18:22:43+03:00,1785511363,4154,77,3,31.3,40.8,,run
2026-07-31T18:22:48+03:00,1785511368,4159,77,3,31.3,41.4,,run
2026-07-31T18:22:54+03:00,1785511374,4165,77,3,31.3,41.4,,run
2026-07-31T18:22:59+03:00,1785511379,4170,77,3,31.3,45.7,,run
2026-07-31T18:23:04+03:00,1785511384,4175,77,3,31.3,47.6,,run
2026-07-31T18:23:09+03:00,1785511389,4180,77,3,31.3,46.3,,run
2026-07-31T18:23:15+03:00,1785511395,4186,77,3,31.3,39.8,,run
2026-07-31T18:23:20+03:00,1785511400,4191,77,3,31.3,38.9,,run
2026-07-31T18:23:25+03:00,1785511405,4196,77,3,31.3,39.2,,run
2026-07-31T18:23:30+03:00,1785511410,4201,77,3,31.5,39.8,,run
2026-07-31T18:23:35+03:00,1785511415,4206,77,3,31.5,40.8,,run
2026-07-31T18:23:41+03:00,1785511421,4212,77,3,31.5,40.8,,run
2026-07-31T18:23:46+03:00,1785511426,4217,77,3,31.5,39.8,,run
2026-07-31T18:23:51+03:00,1785511431,4222,77,3,31.5,53.5,,run
2026-07-31T18:23:57+03:00,1785511437,4228,77,3,31.5,44.2,,run
2026-07-31T18:24:02+03:00,1785511442,4233,77,3,31.5,42.0,,run
2026-07-31T18:24:07+03:00,1785511447,4238,77,3,31.5,42.6,,run
2026-07-31T18:24:13+03:00,1785511453,4244,77,3,31.5,42.3,,run
2026-07-31T18:24:18+03:00,1785511458,4249,77,3,31.5,42.3,,run
2026-07-31T18:24:23+03:00,1785511463,4254,77,3,31.5,41.7,,run
2026-07-31T18:24:28+03:00,1785511468,4259,77,3,31.5,43.6,,run
2026-07-31T18:24:34+03:00,1785511474,4265,77,3,31.5,41.4,,run
2026-07-31T18:24:39+03:00,1785511479,4270,77,3,31.5,43.6,,run
2026-07-31T18:24:44+03:00,1785511484,4275,77,3,31.5,42.6,,run
2026-07-31T18:24:49+03:00,1785511489,4280,77,3,31.5,41.7,,run
2026-07-31T18:24:54+03:00,1785511494,4285,77,3,31.5,43.2,,run
2026-07-31T18:25:00+03:00,1785511500,4291,77,3,31.5,42.3,,run
2026-07-31T18:25:05+03:00,1785511505,4296,77,3,31.5,46.3,,run
2026-07-31T18:25:10+03:00,1785511510,4301,77,3,31.5,53.1,,run
2026-07-31T18:25:16+03:00,1785511516,4307,77,3,31.5,41.7,,run
2026-07-31T18:25:21+03:00,1785511521,4312,77,3,31.5,40.2,,run
2026-07-31T18:25:26+03:00,1785511526,4317,77,3,31.5,39.8,,run
2026-07-31T18:25:31+03:00,1785511531,4322,77,3,31.5,39.8,,run
2026-07-31T18:25:36+03:00,1785511536,4327,77,3,31.5,38.9,,run
2026-07-31T18:25:42+03:00,1785511542,4333,77,3,31.5,40.2,,run
2026-07-31T18:25:47+03:00,1785511547,4338,77,3,31.5,39.8,,run
2026-07-31T18:25:52+03:00,1785511552,4343,77,3,31.5,39.2,,run
2026-07-31T18:25:57+03:00,1785511557,4348,77,3,31.5,50.1,,run
2026-07-31T18:26:03+03:00,1785511563,4354,77,3,31.5,45.1,,run
2026-07-31T18:26:08+03:00,1785511568,4359,77,3,31.5,45.4,,run
2026-07-31T18:26:14+03:00,1785511574,4365,76,3,31.5,42.6,,run
2026-07-31T18:26:19+03:00,1785511579,4370,76,3,31.5,42.0,,run
2026-07-31T18:26:24+03:00,1785511584,4375,76,3,31.5,40.8,,run
2026-07-31T18:26:29+03:00,1785511589,4380,76,3,31.5,42.9,,run
2026-07-31T18:26:35+03:00,1785511595,4386,76,3,31.5,43.2,,run
2026-07-31T18:26:40+03:00,1785511600,4391,76,3,31.5,42.9,,run
2026-07-31T18:26:45+03:00,1785511605,4396,76,3,31.5,41.4,,run
2026-07-31T18:26:50+03:00,1785511610,4401,76,3,31.5,42.0,,run
2026-07-31T18:26:56+03:00,1785511616,4407,76,3,31.5,42.3,,run
2026-07-31T18:27:01+03:00,1785511621,4412,76,3,31.5,42.0,,run
2026-07-31T18:27:06+03:00,1785511626,4417,76,3,31.5,42.9,,run
2026-07-31T18:27:11+03:00,1785511631,4422,76,3,31.5,42.3,,run
2026-07-31T18:27:17+03:00,1785511637,4428,76,3,31.5,51.9,,run
2026-07-31T18:27:22+03:00,1785511642,4433,76,3,31.5,42.0,,run
2026-07-31T18:27:27+03:00,1785511647,4438,76,3,31.5,40.5,,run
2026-07-31T18:27:32+03:00,1785511652,4443,76,3,31.5,41.1,,run
2026-07-31T18:27:38+03:00,1785511658,4449,76,3,31.5,40.2,,run
2026-07-31T18:27:43+03:00,1785511663,4454,76,3,31.5,38.3,,run
2026-07-31T18:27:48+03:00,1785511668,4459,76,3,31.5,40.5,,run
2026-07-31T18:27:53+03:00,1785511673,4464,76,3,31.5,39.2,,run
2026-07-31T18:27:59+03:00,1785511679,4470,76,3,31.5,39.8,,run
2026-07-31T18:28:04+03:00,1785511684,4475,76,3,31.5,50.4,,run
2026-07-31T18:28:10+03:00,1785511690,4481,76,3,31.5,42.6,,run
2026-07-31T18:28:15+03:00,1785511695,4486,76,3,31.5,42.9,,run
2026-07-31T18:28:20+03:00,1785511700,4491,76,3,31.5,42.3,,run
2026-07-31T18:28:25+03:00,1785511705,4496,76,3,31.5,41.4,,run
2026-07-31T18:28:31+03:00,1785511711,4502,76,3,31.5,41.1,,run
2026-07-31T18:28:36+03:00,1785511716,4507,76,3,31.5,41.4,,run
2026-07-31T18:28:41+03:00,1785511721,4512,76,3,31.5,40.2,,run
2026-07-31T18:28:46+03:00,1785511726,4517,76,3,31.5,43.6,,run
2026-07-31T18:28:51+03:00,1785511731,4522,76,3,31.5,40.8,,run
2026-07-31T18:28:57+03:00,1785511737,4528,76,3,31.5,41.4,,run
2026-07-31T18:29:02+03:00,1785511742,4533,76,3,31.5,40.5,,run
2026-07-31T18:29:07+03:00,1785511747,4538,76,3,31.5,41.4,,run
2026-07-31T18:29:12+03:00,1785511752,4543,76,3,31.5,41.1,,run
2026-07-31T18:29:18+03:00,1785511758,4549,76,3,31.5,41.4,,run
2026-07-31T18:29:23+03:00,1785511763,4554,76,3,31.5,51.9,,run
2026-07-31T18:29:28+03:00,1785511768,4559,76,3,31.5,43.6,,run
2026-07-31T18:29:33+03:00,1785511773,4564,76,3,31.5,41.4,,run
2026-07-31T18:29:39+03:00,1785511779,4570,76,3,31.5,39.5,,run
2026-07-31T18:29:44+03:00,1785511784,4575,76,3,31.5,39.5,,run
2026-07-31T18:29:49+03:00,1785511789,4580,76,3,31.5,40.8,,run
2026-07-31T18:29:54+03:00,1785511794,4585,76,3,31.5,40.5,,run
2026-07-31T18:30:00+03:00,1785511800,4591,76,3,31.5,40.5,,run
2026-07-31T18:30:05+03:00,1785511805,4596,76,3,31.5,39.2,,run
2026-07-31T18:30:10+03:00,1785511810,4601,76,3,31.5,38.9,,run
2026-07-31T18:30:15+03:00,1785511815,4606,76,3,31.5,51.9,,run
2026-07-31T18:30:21+03:00,1785511821,4612,76,3,31.5,42.6,,run
2026-07-31T18:30:26+03:00,1785511826,4617,76,3,31.5,41.7,,run
2026-07-31T18:30:31+03:00,1785511831,4622,76,3,31.5,41.7,,run
2026-07-31T18:30:36+03:00,1785511836,4627,76,3,31.5,41.1,,run
2026-07-31T18:30:42+03:00,1785511842,4633,76,3,31.5,41.7,,run
2026-07-31T18:30:47+03:00,1785511847,4638,76,3,31.5,39.8,,run
2026-07-31T18:30:52+03:00,1785511852,4643,76,3,31.5,42.0,,run
2026-07-31T18:30:57+03:00,1785511857,4648,76,3,31.5,42.6,,run
2026-07-31T18:31:02+03:00,1785511862,4653,76,3,31.5,42.0,,run
2026-07-31T18:31:08+03:00,1785511868,4659,76,3,31.5,41.7,,run
2026-07-31T18:31:13+03:00,1785511873,4664,76,3,31.5,41.4,,run
2026-07-31T18:31:18+03:00,1785511878,4669,76,3,31.5,41.1,,run
2026-07-31T18:31:23+03:00,1785511883,4674,76,3,31.5,40.8,,run
2026-07-31T18:31:29+03:00,1785511889,4680,76,3,31.5,48.5,,run
2026-07-31T18:31:34+03:00,1785511894,4685,76,3,31.5,51.9,,run
2026-07-31T18:31:39+03:00,1785511899,4690,76,3,31.5,44.8,,run
2026-07-31T18:31:44+03:00,1785511904,4695,76,3,31.5,40.2,,run
2026-07-31T18:31:50+03:00,1785511910,4701,76,3,31.5,40.2,,run
2026-07-31T18:31:55+03:00,1785511915,4706,76,3,31.5,40.2,,run
2026-07-31T18:32:00+03:00,1785511920,4711,76,3,31.5,39.2,,run
2026-07-31T18:32:05+03:00,1785511925,4716,76,3,31.5,39.8,,run
2026-07-31T18:32:11+03:00,1785511931,4722,76,3,31.5,39.8,,run
2026-07-31T18:32:16+03:00,1785511936,4727,76,3,31.5,40.5,,run
2026-07-31T18:32:21+03:00,1785511941,4732,76,3,31.5,53.1,,run
2026-07-31T18:32:26+03:00,1785511946,4737,76,3,31.5,42.3,,run
2026-07-31T18:32:32+03:00,1785511952,4743,76,3,31.5,41.7,,run
2026-07-31T18:32:37+03:00,1785511957,4748,76,3,31.5,41.1,,run
2026-07-31T18:32:42+03:00,1785511962,4753,76,3,31.5,41.1,,run
2026-07-31T18:32:47+03:00,1785511967,4758,76,3,31.5,42.6,,run
2026-07-31T18:32:53+03:00,1785511973,4764,76,3,31.5,41.7,,run
2026-07-31T18:32:58+03:00,1785511978,4769,76,3,31.5,40.8,,run
2026-07-31T18:33:03+03:00,1785511983,4774,76,3,31.5,41.1,,run
2026-07-31T18:33:08+03:00,1785511988,4779,76,3,31.5,40.8,,run
2026-07-31T18:33:13+03:00,1785511993,4784,76,3,31.5,40.2,,run
2026-07-31T18:33:19+03:00,1785511999,4790,76,3,31.5,42.6,,run
2026-07-31T18:33:24+03:00,1785512004,4795,76,3,31.5,40.8,,run
2026-07-31T18:33:29+03:00,1785512009,4800,76,3,31.9,41.1,,run
2026-07-31T18:33:34+03:00,1785512014,4805,76,3,31.9,46.0,,run
2026-07-31T18:33:40+03:00,1785512020,4811,76,3,31.9,50.4,,run
2026-07-31T18:33:45+03:00,1785512025,4816,76,3,31.9,45.7,,run
2026-07-31T18:33:50+03:00,1785512030,4821,76,3,31.9,42.6,,run
2026-07-31T18:33:55+03:00,1785512035,4826,76,3,31.9,41.1,,run
2026-07-31T18:34:01+03:00,1785512041,4832,76,3,31.9,41.1,,run
2026-07-31T18:34:06+03:00,1785512046,4837,76,3,31.9,39.5,,run
2026-07-31T18:34:11+03:00,1785512051,4842,76,3,31.9,40.2,,run
2026-07-31T18:34:16+03:00,1785512056,4847,76,3,31.9,40.2,,run
2026-07-31T18:34:21+03:00,1785512061,4852,76,3,31.9,41.1,,run
2026-07-31T18:34:27+03:00,1785512067,4858,76,3,31.9,53.5,,run
2026-07-31T18:34:32+03:00,1785512072,4863,76,3,31.9,44.2,,run
2026-07-31T18:34:38+03:00,1785512078,4869,76,3,31.9,42.0,,run
2026-07-31T18:34:43+03:00,1785512083,4874,76,3,31.9,41.4,,run
2026-07-31T18:34:48+03:00,1785512088,4879,76,3,31.9,41.7,,run
2026-07-31T18:34:53+03:00,1785512093,4884,76,3,31.9,43.6,,run
2026-07-31T18:34:59+03:00,1785512099,4890,76,3,31.9,42.3,,run
2026-07-31T18:35:04+03:00,1785512104,4895,76,3,31.9,41.7,,run
2026-07-31T18:35:09+03:00,1785512109,4900,76,3,31.9,41.1,,run
2026-07-31T18:35:14+03:00,1785512114,4905,76,3,31.9,41.7,,run
2026-07-31T18:35:19+03:00,1785512119,4910,76,3,31.9,40.5,,run
2026-07-31T18:35:25+03:00,1785512125,4916,76,3,31.9,43.9,,run
2026-07-31T18:35:30+03:00,1785512130,4921,76,3,31.9,41.4,,run
2026-07-31T18:35:35+03:00,1785512135,4926,76,3,31.9,41.7,,run
2026-07-31T18:35:40+03:00,1785512140,4931,76,3,31.9,43.9,,run
2026-07-31T18:35:46+03:00,1785512146,4937,76,3,31.9,52.2,,run
2026-07-31T18:35:51+03:00,1785512151,4942,76,3,31.9,42.9,,run
2026-07-31T18:35:56+03:00,1785512156,4947,76,3,31.9,40.5,,run
2026-07-31T18:36:01+03:00,1785512161,4952,76,3,31.9,40.5,,run
2026-07-31T18:36:07+03:00,1785512167,4958,76,3,31.9,39.2,,run
2026-07-31T18:36:12+03:00,1785512172,4963,76,3,31.9,51.6,,run
2026-07-31T18:36:18+03:00,1785512178,4969,76,3,31.9,46.3,,run
2026-07-31T18:36:23+03:00,1785512183,4974,76,3,31.9,41.7,,run
2026-07-31T18:36:28+03:00,1785512188,4979,76,3,31.9,42.3,,run
2026-07-31T18:36:33+03:00,1785512193,4984,76,3,31.9,41.4,,run
2026-07-31T18:36:39+03:00,1785512199,4990,76,3,31.9,40.5,,run
2026-07-31T18:36:44+03:00,1785512204,4995,76,3,31.9,42.9,,run
2026-07-31T18:36:49+03:00,1785512209,5000,76,3,31.9,42.6,,run
2026-07-31T18:36:54+03:00,1785512214,5005,76,3,31.9,41.7,,run
2026-07-31T18:36:59+03:00,1785512219,5010,76,3,31.9,41.7,,run
2026-07-31T18:37:05+03:00,1785512225,5016,76,3,31.9,40.2,,run
2026-07-31T18:37:10+03:00,1785512230,5021,76,3,31.9,41.7,,run
2026-07-31T18:37:15+03:00,1785512235,5026,76,3,31.9,43.6,,run
2026-07-31T18:37:20+03:00,1785512240,5031,76,3,31.9,41.7,,run
2026-07-31T18:37:26+03:00,1785512246,5037,76,3,31.9,41.1,,run
2026-07-31T18:37:31+03:00,1785512251,5042,76,3,31.9,51.6,,run
2026-07-31T18:37:36+03:00,1785512256,5047,76,3,31.9,42.6,,run
2026-07-31T18:37:41+03:00,1785512261,5052,76,3,31.9,41.7,,run
2026-07-31T18:37:47+03:00,1785512267,5058,76,3,31.9,39.5,,run
2026-07-31T18:37:52+03:00,1785512272,5063,76,3,31.9,40.2,,run
2026-07-31T18:37:57+03:00,1785512277,5068,76,3,31.9,39.5,,run
2026-07-31T18:38:02+03:00,1785512282,5073,76,3,31.9,42.3,,run
2026-07-31T18:38:08+03:00,1785512288,5079,76,3,31.9,40.2,,run
2026-07-31T18:38:13+03:00,1785512293,5084,76,3,31.9,40.5,,run
2026-07-31T18:38:18+03:00,1785512298,5089,76,3,31.9,51.0,,run
2026-07-31T18:38:24+03:00,1785512304,5095,76,3,31.9,45.4,,run
2026-07-31T18:38:29+03:00,1785512309,5100,76,3,31.9,41.4,,run
2026-07-31T18:38:34+03:00,1785512314,5105,76,3,31.9,43.9,,run
2026-07-31T18:38:39+03:00,1785512319,5110,76,3,31.9,42.3,,run
2026-07-31T18:38:45+03:00,1785512325,5116,76,3,31.9,40.8,,run
2026-07-31T18:38:50+03:00,1785512330,5121,76,3,31.9,40.8,,run
2026-07-31T18:38:55+03:00,1785512335,5126,76,3,31.9,41.1,,run
2026-07-31T18:39:00+03:00,1785512340,5131,76,3,31.9,42.0,,run
2026-07-31T18:39:06+03:00,1785512346,5137,75,3,32.1,42.3,,run
2026-07-31T18:39:11+03:00,1785512351,5142,75,3,32.1,41.4,,run
2026-07-31T18:39:16+03:00,1785512356,5147,75,3,32.1,41.1,,run
2026-07-31T18:39:21+03:00,1785512361,5152,75,3,32.1,40.5,,run
2026-07-31T18:39:26+03:00,1785512366,5157,75,3,32.1,41.4,,run
2026-07-31T18:39:32+03:00,1785512372,5163,75,3,32.1,42.6,,run
2026-07-31T18:39:37+03:00,1785512377,5168,75,3,32.1,52.8,,run
2026-07-31T18:39:42+03:00,1785512382,5173,75,3,32.1,42.6,,run
2026-07-31T18:39:48+03:00,1785512388,5179,75,3,32.1,41.1,,run
2026-07-31T18:39:53+03:00,1785512393,5184,75,3,32.1,41.1,,run
2026-07-31T18:39:58+03:00,1785512398,5189,75,3,32.1,39.5,,run
2026-07-31T18:40:03+03:00,1785512403,5194,75,3,32.1,39.5,,run
2026-07-31T18:40:09+03:00,1785512409,5200,75,3,32.1,41.7,,run
2026-07-31T18:40:14+03:00,1785512414,5205,75,3,32.1,39.8,,run
2026-07-31T18:40:19+03:00,1785512419,5210,75,3,32.1,39.8,,run
2026-07-31T18:40:24+03:00,1785512424,5215,75,3,32.1,45.7,,run
2026-07-31T18:40:30+03:00,1785512430,5221,75,3,32.1,47.6,,run
2026-07-31T18:40:35+03:00,1785512435,5226,75,3,32.1,41.4,,run
2026-07-31T18:40:40+03:00,1785512440,5231,75,3,32.1,41.7,,run
2026-07-31T18:40:45+03:00,1785512445,5236,75,3,32.1,44.2,,run
2026-07-31T18:40:51+03:00,1785512451,5242,75,3,32.1,43.9,,run
2026-07-31T18:40:56+03:00,1785512456,5247,75,3,32.1,42.6,,run
2026-07-31T18:41:01+03:00,1785512461,5252,75,3,32.1,42.6,,run
2026-07-31T18:41:06+03:00,1785512466,5257,75,3,32.1,41.7,,run
2026-07-31T18:41:11+03:00,1785512471,5262,75,3,32.1,43.9,,run
2026-07-31T18:41:17+03:00,1785512477,5268,75,3,32.1,43.9,,run
2026-07-31T18:41:22+03:00,1785512482,5273,75,3,32.1,44.2,,run
2026-07-31T18:41:27+03:00,1785512487,5278,75,3,32.1,42.3,,run
2026-07-31T18:41:32+03:00,1785512492,5283,75,3,32.1,42.6,,run
2026-07-31T18:41:38+03:00,1785512498,5289,75,3,32.1,42.3,,run
2026-07-31T18:41:43+03:00,1785512503,5294,75,3,32.1,54.1,,run
2026-07-31T18:41:48+03:00,1785512508,5299,75,3,32.1,42.6,,run
2026-07-31T18:41:54+03:00,1785512514,5305,75,3,32.1,42.0,,run
2026-07-31T18:41:59+03:00,1785512519,5310,75,3,32.1,40.5,,run
2026-07-31T18:42:04+03:00,1785512524,5315,75,3,32.1,40.2,,run
2026-07-31T18:42:09+03:00,1785512529,5320,75,3,32.1,40.2,,run
2026-07-31T18:42:15+03:00,1785512535,5326,75,3,32.1,39.5,,run
2026-07-31T18:42:20+03:00,1785512540,5331,75,3,32.1,40.5,,run
2026-07-31T18:42:25+03:00,1785512545,5336,75,3,32.1,41.4,,run
2026-07-31T18:42:30+03:00,1785512550,5341,75,3,32.1,53.1,,run
2026-07-31T18:42:36+03:00,1785512556,5347,75,3,32.1,44.8,,run
2026-07-31T18:42:41+03:00,1785512561,5352,75,3,32.1,41.7,,run
2026-07-31T18:42:46+03:00,1785512566,5357,75,3,32.1,41.4,,run
2026-07-31T18:42:52+03:00,1785512572,5363,75,3,32.1,42.0,,run
2026-07-31T18:42:57+03:00,1785512577,5368,75,3,32.1,41.7,,run
2026-07-31T18:43:02+03:00,1785512582,5373,75,3,32.1,40.8,,run
2026-07-31T18:43:07+03:00,1785512587,5378,75,3,32.1,42.3,,run
2026-07-31T18:43:12+03:00,1785512592,5383,75,3,32.1,42.3,,run
2026-07-31T18:43:18+03:00,1785512598,5389,75,3,32.1,41.4,,run
2026-07-31T18:43:23+03:00,1785512603,5394,75,3,32.1,42.6,,run
2026-07-31T18:43:28+03:00,1785512608,5399,75,3,32.0,41.7,,run
2026-07-31T18:43:33+03:00,1785512613,5404,75,3,32.0,40.8,,run
2026-07-31T18:43:39+03:00,1785512619,5410,75,3,32.0,40.8,,run
2026-07-31T18:43:44+03:00,1785512624,5415,75,3,32.0,41.4,,run
2026-07-31T18:43:49+03:00,1785512629,5420,75,3,32.0,53.1,,run
2026-07-31T18:43:55+03:00,1785512635,5426,75,3,32.0,42.6,,run
2026-07-31T18:44:00+03:00,1785512640,5431,75,3,32.0,42.0,,run
2026-07-31T18:44:05+03:00,1785512645,5436,75,3,32.0,39.8,,run
2026-07-31T18:44:10+03:00,1785512650,5441,75,3,32.0,40.2,,run
2026-07-31T18:44:16+03:00,1785512656,5447,75,3,32.0,39.8,,run
2026-07-31T18:44:21+03:00,1785512661,5452,75,3,32.0,39.2,,run
2026-07-31T18:44:26+03:00,1785512666,5457,75,3,32.0,39.8,,run
2026-07-31T18:44:31+03:00,1785512671,5462,75,3,32.0,40.8,,run
2026-07-31T18:44:36+03:00,1785512676,5467,75,3,32.0,52.2,,run
2026-07-31T18:44:42+03:00,1785512682,5473,75,3,32.0,45.1,,run
2026-07-31T18:44:47+03:00,1785512687,5478,75,3,32.0,41.7,,run
2026-07-31T18:44:53+03:00,1785512693,5484,75,3,32.0,41.1,,run
2026-07-31T18:44:58+03:00,1785512698,5489,75,3,32.0,41.1,,run
2026-07-31T18:45:03+03:00,1785512703,5494,75,3,32.0,43.9,,run
2026-07-31T18:45:08+03:00,1785512708,5499,75,3,32.0,41.4,,run
2026-07-31T18:45:14+03:00,1785512714,5505,75,3,32.0,42.3,,run
2026-07-31T18:45:19+03:00,1785512719,5510,75,3,32.0,41.4,,run
2026-07-31T18:45:24+03:00,1785512724,5515,75,3,32.0,42.0,,run
2026-07-31T18:45:29+03:00,1785512729,5520,75,3,32.0,41.4,,run
2026-07-31T18:45:34+03:00,1785512734,5525,75,3,32.0,41.7,,run
2026-07-31T18:45:40+03:00,1785512740,5531,75,3,32.0,41.7,,run
2026-07-31T18:45:45+03:00,1785512745,5536,75,3,32.0,41.4,,run
2026-07-31T18:45:50+03:00,1785512750,5541,75,3,32.0,40.8,,run
2026-07-31T18:45:55+03:00,1785512755,5546,75,3,32.0,52.2,,run
2026-07-31T18:46:01+03:00,1785512761,5552,75,3,32.0,41.7,,run
2026-07-31T18:46:06+03:00,1785512766,5557,75,3,32.0,40.8,,run
2026-07-31T18:46:12+03:00,1785512772,5563,75,3,32.0,40.5,,run
2026-07-31T18:46:17+03:00,1785512777,5568,75,3,32.0,40.2,,run
2026-07-31T18:46:22+03:00,1785512782,5573,75,3,32.0,40.2,,run
2026-07-31T18:46:27+03:00,1785512787,5578,75,3,32.0,41.1,,run
2026-07-31T18:46:32+03:00,1785512792,5583,75,3,32.0,40.5,,run
2026-07-31T18:46:38+03:00,1785512798,5589,75,3,32.0,39.8,,run
2026-07-31T18:46:43+03:00,1785512803,5594,75,3,32.0,52.8,,run
2026-07-31T18:46:49+03:00,1785512809,5600,75,3,32.0,42.9,,run
2026-07-31T18:46:54+03:00,1785512814,5605,75,3,32.0,42.9,,run
2026-07-31T18:46:59+03:00,1785512819,5610,75,3,32.0,41.7,,run
2026-07-31T18:47:04+03:00,1785512824,5615,75,3,32.0,40.8,,run
2026-07-31T18:47:10+03:00,1785512830,5621,75,3,32.0,40.8,,run
2026-07-31T18:47:15+03:00,1785512835,5626,75,3,32.0,41.1,,run
2026-07-31T18:47:20+03:00,1785512840,5631,75,3,32.0,42.9,,run
2026-07-31T18:47:25+03:00,1785512845,5636,75,3,32.0,42.3,,run
2026-07-31T18:47:31+03:00,1785512851,5642,75,3,32.0,41.4,,run
2026-07-31T18:47:36+03:00,1785512856,5647,75,3,32.0,40.5,,run
2026-07-31T18:47:41+03:00,1785512861,5652,75,3,32.0,40.8,,run
2026-07-31T18:47:46+03:00,1785512866,5657,75,3,32.0,41.1,,run
2026-07-31T18:47:51+03:00,1785512871,5662,75,3,32.0,43.2,,run
2026-07-31T18:47:57+03:00,1785512877,5668,75,3,32.0,46.7,,run
2026-07-31T18:48:02+03:00,1785512882,5673,75,3,32.0,52.5,,run
2026-07-31T18:48:07+03:00,1785512887,5678,75,3,32.0,43.6,,run
2026-07-31T18:48:13+03:00,1785512893,5684,75,3,32.0,41.4,,run
2026-07-31T18:48:18+03:00,1785512898,5689,75,3,32.0,39.8,,run
2026-07-31T18:48:23+03:00,1785512903,5694,75,3,32.0,40.5,,run
2026-07-31T18:48:28+03:00,1785512908,5699,75,3,32.0,51.6,,run
2026-07-31T18:48:34+03:00,1785512914,5705,75,3,32.0,43.9,,run
2026-07-31T18:48:39+03:00,1785512919,5710,75,3,32.0,42.9,,run
2026-07-31T18:48:45+03:00,1785512925,5716,75,3,32.0,41.7,,run
2026-07-31T18:48:50+03:00,1785512930,5721,75,3,32.0,41.7,,run
2026-07-31T18:48:55+03:00,1785512935,5726,75,3,32.0,41.7,,run
2026-07-31T18:49:00+03:00,1785512940,5731,75,3,32.0,40.8,,run
2026-07-31T18:49:06+03:00,1785512946,5737,75,3,32.0,41.7,,run
2026-07-31T18:49:11+03:00,1785512951,5742,75,3,32.0,41.4,,run
2026-07-31T18:49:16+03:00,1785512956,5747,75,3,32.0,41.1,,run
2026-07-31T18:49:21+03:00,1785512961,5752,75,3,32.0,40.5,,run
2026-07-31T18:49:26+03:00,1785512966,5757,75,3,32.0,41.1,,run
2026-07-31T18:49:32+03:00,1785512972,5763,75,3,32.0,42.0,,run
2026-07-31T18:49:37+03:00,1785512977,5768,75,3,32.0,43.2,,run
2026-07-31T18:49:42+03:00,1785512982,5773,75,3,32.0,46.3,,run
2026-07-31T18:49:47+03:00,1785512987,5778,75,3,32.0,53.5,,run
2026-07-31T18:49:53+03:00,1785512993,5784,75,3,32.0,41.4,,run
2026-07-31T18:49:58+03:00,1785512998,5789,75,3,32.0,40.2,,run
2026-07-31T18:50:03+03:00,1785513003,5794,75,3,32.0,39.8,,run
2026-07-31T18:50:09+03:00,1785513009,5800,75,3,32.0,38.9,,run
2026-07-31T18:50:14+03:00,1785513014,5805,75,3,32.0,39.2,,run
2026-07-31T18:50:19+03:00,1785513019,5810,75,3,32.0,39.8,,run
2026-07-31T18:50:24+03:00,1785513024,5815,75,3,32.0,40.2,,run
2026-07-31T18:50:29+03:00,1785513029,5820,75,3,32.0,40.2,,run
2026-07-31T18:50:35+03:00,1785513035,5826,75,3,32.0,39.8,,run
2026-07-31T18:50:40+03:00,1785513040,5831,75,3,32.0,40.5,,run
2026-07-31T18:50:45+03:00,1785513045,5836,75,3,32.0,39.5,,run
2026-07-31T18:50:50+03:00,1785513050,5841,75,3,32.0,40.5,,run
2026-07-31T18:50:56+03:00,1785513056,5847,75,3,32.0,38.9,,run
2026-07-31T18:51:01+03:00,1785513061,5852,75,3,32.0,38.6,,run
2026-07-31T18:51:06+03:00,1785513066,5857,75,3,32.0,39.8,,run
2026-07-31T18:51:11+03:00,1785513071,5862,75,3,32.0,40.5,,run
2026-07-31T18:51:16+03:00,1785513076,5867,75,3,32.0,48.8,,run
2026-07-31T18:51:22+03:00,1785513082,5873,75,3,32.0,42.6,,run
2026-07-31T18:51:27+03:00,1785513087,5878,75,3,32.0,40.5,,run
2026-07-31T18:51:33+03:00,1785513093,5884,75,3,32.0,42.3,,run
2026-07-31T18:51:38+03:00,1785513098,5889,75,3,32.0,42.6,,run
2026-07-31T18:51:43+03:00,1785513103,5894,75,3,32.0,41.7,,run
2026-07-31T18:51:48+03:00,1785513108,5899,75,3,32.0,40.5,,run
2026-07-31T18:51:54+03:00,1785513114,5905,74,3,31.8,42.0,,run
2026-07-31T18:51:59+03:00,1785513119,5910,74,3,31.8,40.5,,run
2026-07-31T18:52:04+03:00,1785513124,5915,74,3,31.8,42.3,,run
2026-07-31T18:52:09+03:00,1785513129,5920,74,3,31.8,41.7,,run
2026-07-31T18:52:15+03:00,1785513135,5926,74,3,31.8,41.1,,run
2026-07-31T18:52:20+03:00,1785513140,5931,74,3,31.8,41.1,,run
2026-07-31T18:52:25+03:00,1785513145,5936,74,3,31.8,40.8,,run
2026-07-31T18:52:30+03:00,1785513150,5941,74,3,31.8,40.8,,run
2026-07-31T18:52:35+03:00,1785513155,5946,74,3,31.8,52.5,,run
2026-07-31T18:52:41+03:00,1785513161,5952,74,3,31.8,41.1,,run
2026-07-31T18:52:46+03:00,1785513166,5957,74,3,31.8,40.5,,run
2026-07-31T18:52:52+03:00,1785513172,5963,74,3,31.8,40.5,,run
2026-07-31T18:52:57+03:00,1785513177,5968,74,3,31.8,38.9,,run
2026-07-31T18:53:02+03:00,1785513182,5973,74,3,31.8,38.9,,run
2026-07-31T18:53:07+03:00,1785513187,5978,74,3,31.8,40.5,,run
2026-07-31T18:53:12+03:00,1785513192,5983,74,3,31.8,39.5,,run
2026-07-31T18:53:18+03:00,1785513198,5989,74,3,31.8,38.9,,run
2026-07-31T18:53:23+03:00,1785513203,5994,74,3,31.8,42.6,,run
2026-07-31T18:53:28+03:00,1785513208,5999,74,3,31.7,44.8,,run
2026-07-31T18:53:33+03:00,1785513213,6004,74,3,31.7,42.3,,run
2026-07-31T18:53:39+03:00,1785513219,6010,74,3,31.7,42.3,,run
2026-07-31T18:53:44+03:00,1785513224,6015,74,3,31.7,42.6,,run
2026-07-31T18:53:49+03:00,1785513229,6020,74,3,31.7,42.3,,run
2026-07-31T18:53:54+03:00,1785513234,6025,74,3,31.7,42.6,,run
2026-07-31T18:54:00+03:00,1785513240,6031,74,3,31.7,41.7,,run
2026-07-31T18:54:05+03:00,1785513245,6036,74,3,31.7,44.2,,run
2026-07-31T18:54:10+03:00,1785513250,6041,74,3,31.7,43.9,,run
2026-07-31T18:54:15+03:00,1785513255,6046,74,3,31.7,42.9,,run
2026-07-31T18:54:21+03:00,1785513261,6052,74,3,31.7,43.2,,run
2026-07-31T18:54:26+03:00,1785513266,6057,74,3,31.7,41.7,,run
2026-07-31T18:54:31+03:00,1785513271,6062,74,3,31.7,41.7,,run
2026-07-31T18:54:36+03:00,1785513276,6067,74,3,31.7,43.6,,run
2026-07-31T18:54:41+03:00,1785513281,6072,74,3,31.7,50.7,,run
2026-07-31T18:54:47+03:00,1785513287,6078,74,3,31.7,46.3,,run
2026-07-31T18:54:52+03:00,1785513292,6083,74,3,31.7,46.3,,run
2026-07-31T18:54:58+03:00,1785513298,6089,74,3,31.7,39.5,,run
2026-07-31T18:55:03+03:00,1785513303,6094,74,3,31.7,39.5,,run
2026-07-31T18:55:08+03:00,1785513308,6099,74,3,31.7,39.8,,run
2026-07-31T18:55:13+03:00,1785513313,6104,74,3,31.7,39.5,,run
2026-07-31T18:55:19+03:00,1785513319,6110,74,3,31.7,39.5,,run
2026-07-31T18:55:24+03:00,1785513324,6115,74,3,31.7,38.9,,run
2026-07-31T18:55:29+03:00,1785513329,6120,74,3,31.7,38.9,,run
2026-07-31T18:55:34+03:00,1785513334,6125,74,3,31.7,52.5,,run
2026-07-31T18:55:40+03:00,1785513340,6131,74,3,31.7,43.6,,run
2026-07-31T18:55:45+03:00,1785513345,6136,74,3,31.7,41.1,,run
2026-07-31T18:55:50+03:00,1785513350,6141,74,3,31.7,42.0,,run
2026-07-31T18:55:55+03:00,1785513355,6146,74,3,31.7,40.8,,run
2026-07-31T18:56:01+03:00,1785513361,6152,74,3,31.7,41.1,,run
2026-07-31T18:56:06+03:00,1785513366,6157,74,3,31.7,42.0,,run
2026-07-31T18:56:11+03:00,1785513371,6162,74,3,31.7,42.3,,run
2026-07-31T18:56:16+03:00,1785513376,6167,74,3,31.7,41.4,,run
2026-07-31T18:56:22+03:00,1785513382,6173,74,3,31.7,41.7,,run
2026-07-31T18:56:27+03:00,1785513387,6178,74,3,31.7,40.2,,run
2026-07-31T18:56:32+03:00,1785513392,6183,74,3,31.7,41.4,,run
2026-07-31T18:56:37+03:00,1785513397,6188,74,3,31.7,41.7,,run
2026-07-31T18:56:42+03:00,1785513402,6193,74,3,31.7,41.1,,run
2026-07-31T18:56:48+03:00,1785513408,6199,74,3,31.7,47.9,,run
2026-07-31T18:56:53+03:00,1785513413,6204,74,3,31.7,51.9,,run
2026-07-31T18:56:58+03:00,1785513418,6209,74,3,31.7,42.0,,run
2026-07-31T18:57:03+03:00,1785513423,6214,74,3,31.7,40.2,,run
2026-07-31T18:57:09+03:00,1785513429,6220,74,3,31.7,40.5,,run
2026-07-31T18:57:14+03:00,1785513434,6225,74,3,31.7,39.5,,run
2026-07-31T18:57:19+03:00,1785513439,6230,74,3,31.7,38.9,,run
2026-07-31T18:57:24+03:00,1785513444,6235,74,3,31.7,38.9,,run
2026-07-31T18:57:30+03:00,1785513450,6241,74,3,31.7,40.2,,run
2026-07-31T18:57:35+03:00,1785513455,6246,74,3,31.7,40.8,,run
2026-07-31T18:57:40+03:00,1785513460,6251,74,3,31.7,51.6,,run
2026-07-31T18:57:46+03:00,1785513466,6257,74,3,31.7,46.0,,run
2026-07-31T18:57:51+03:00,1785513471,6262,74,3,31.7,41.7,,run
2026-07-31T18:57:56+03:00,1785513476,6267,74,3,31.7,41.4,,run
2026-07-31T18:58:01+03:00,1785513481,6272,74,3,31.7,41.1,,run
2026-07-31T18:58:07+03:00,1785513487,6278,74,3,31.7,41.1,,run
2026-07-31T18:58:12+03:00,1785513492,6283,74,3,31.7,41.4,,run
2026-07-31T18:58:17+03:00,1785513497,6288,74,3,31.7,41.1,,run
2026-07-31T18:58:22+03:00,1785513502,6293,74,3,31.7,41.1,,run
2026-07-31T18:58:28+03:00,1785513508,6299,74,3,31.7,41.1,,run
2026-07-31T18:58:33+03:00,1785513513,6304,74,3,31.7,40.5,,run
2026-07-31T18:58:38+03:00,1785513518,6309,74,3,31.7,41.4,,run
2026-07-31T18:58:43+03:00,1785513523,6314,74,3,31.7,42.0,,run
2026-07-31T18:58:49+03:00,1785513529,6320,74,3,31.7,41.7,,run
2026-07-31T18:58:54+03:00,1785513534,6325,74,3,31.7,39.8,,run
2026-07-31T18:58:59+03:00,1785513539,6330,74,3,31.7,51.3,,run
2026-07-31T18:59:05+03:00,1785513545,6336,74,3,31.7,42.0,,run
2026-07-31T18:59:10+03:00,1785513550,6341,74,3,31.7,40.2,,run
2026-07-31T18:59:15+03:00,1785513555,6346,74,3,31.7,42.0,,run
2026-07-31T18:59:20+03:00,1785513560,6351,74,3,31.7,39.8,,run
2026-07-31T18:59:26+03:00,1785513566,6357,74,3,31.7,40.5,,run
2026-07-31T18:59:31+03:00,1785513571,6362,74,3,31.7,40.5,,run
2026-07-31T18:59:36+03:00,1785513576,6367,74,3,31.7,40.8,,run
2026-07-31T18:59:41+03:00,1785513581,6372,74,3,31.7,39.8,,run
2026-07-31T18:59:46+03:00,1785513586,6377,74,3,31.7,42.9,,run
2026-07-31T18:59:52+03:00,1785513592,6383,74,3,31.7,49.1,,run
2026-07-31T18:59:57+03:00,1785513597,6388,74,3,31.7,42.6,,run
2026-07-31T19:00:02+03:00,1785513602,6393,74,3,31.7,42.6,,run
2026-07-31T19:00:08+03:00,1785513608,6399,74,3,31.7,43.2,,run
2026-07-31T19:00:13+03:00,1785513613,6404,74,3,31.7,44.8,,run
2026-07-31T19:00:18+03:00,1785513618,6409,74,3,31.7,44.2,,run
2026-07-31T19:00:23+03:00,1785513623,6414,74,3,31.7,43.9,,run
2026-07-31T19:00:28+03:00,1785513628,6419,74,3,31.7,43.2,,run
2026-07-31T19:00:34+03:00,1785513634,6425,74,3,31.7,42.6,,run
2026-07-31T19:00:39+03:00,1785513639,6430,74,3,31.7,43.6,,run
2026-07-31T19:00:44+03:00,1785513644,6435,74,3,31.7,43.9,,run
2026-07-31T19:00:49+03:00,1785513649,6440,74,3,31.7,44.8,,run
2026-07-31T19:00:55+03:00,1785513655,6446,74,3,31.7,43.2,,run
2026-07-31T19:01:00+03:00,1785513660,6451,74,3,31.7,42.6,,run
2026-07-31T19:01:05+03:00,1785513665,6456,74,3,31.7,49.4,,run
2026-07-31T19:01:11+03:00,1785513671,6462,74,3,31.7,44.5,,run
2026-07-31T19:01:16+03:00,1785513676,6467,74,3,31.7,42.3,,run
2026-07-31T19:01:21+03:00,1785513681,6472,74,3,31.7,40.2,,run
2026-07-31T19:01:26+03:00,1785513686,6477,74,3,31.7,40.2,,run
2026-07-31T19:01:32+03:00,1785513692,6483,74,3,31.7,39.5,,run
2026-07-31T19:01:37+03:00,1785513697,6488,74,3,31.7,40.5,,run
2026-07-31T19:01:42+03:00,1785513702,6493,74,3,31.7,40.5,,run
2026-07-31T19:01:47+03:00,1785513707,6498,74,3,31.7,39.5,,run
2026-07-31T19:01:52+03:00,1785513712,6503,74,3,31.7,39.8,,run
2026-07-31T19:01:58+03:00,1785513718,6509,74,3,31.7,51.6,,run
2026-07-31T19:02:03+03:00,1785513723,6514,74,3,31.7,42.6,,run
2026-07-31T19:02:08+03:00,1785513728,6519,74,3,31.7,42.0,,run
2026-07-31T19:02:14+03:00,1785513734,6525,74,3,31.7,42.9,,run
2026-07-31T19:02:19+03:00,1785513739,6530,74,3,31.7,40.8,,run
2026-07-31T19:02:24+03:00,1785513744,6535,74,3,31.7,42.0,,run
2026-07-31T19:02:29+03:00,1785513749,6540,74,3,31.7,41.4,,run
2026-07-31T19:02:34+03:00,1785513754,6545,74,3,31.7,40.8,,run
2026-07-31T19:02:40+03:00,1785513760,6551,74,3,31.7,42.0,,run
2026-07-31T19:02:45+03:00,1785513765,6556,74,3,31.7,42.0,,run
2026-07-31T19:02:50+03:00,1785513770,6561,74,3,31.7,41.4,,run
2026-07-31T19:02:55+03:00,1785513775,6566,74,3,31.7,42.0,,run
2026-07-31T19:03:01+03:00,1785513781,6572,74,3,31.7,42.3,,run
2026-07-31T19:03:06+03:00,1785513786,6577,74,3,31.7,42.3,,run
2026-07-31T19:03:11+03:00,1785513791,6582,74,3,31.7,51.0,,run
2026-07-31T19:03:16+03:00,1785513796,6587,74,3,31.7,55.0,,run
2026-07-31T19:03:22+03:00,1785513802,6593,74,3,31.7,42.6,,run
2026-07-31T19:03:27+03:00,1785513807,6598,74,3,31.7,41.7,,run
2026-07-31T19:03:32+03:00,1785513812,6603,74,3,31.9,40.2,,run
2026-07-31T19:03:37+03:00,1785513817,6608,74,3,31.9,39.5,,run
2026-07-31T19:03:43+03:00,1785513823,6614,73,3,31.9,51.6,,run
2026-07-31T19:03:48+03:00,1785513828,6619,73,3,31.9,44.8,,run
2026-07-31T19:03:54+03:00,1785513834,6625,73,3,31.9,42.0,,run
2026-07-31T19:03:59+03:00,1785513839,6630,73,3,31.9,41.7,,run
2026-07-31T19:04:04+03:00,1785513844,6635,73,3,31.9,41.7,,run
2026-07-31T19:04:09+03:00,1785513849,6640,73,3,31.9,42.9,,run
2026-07-31T19:04:15+03:00,1785513855,6646,73,3,31.9,41.1,,run
2026-07-31T19:04:20+03:00,1785513860,6651,73,3,31.9,41.4,,run
2026-07-31T19:04:25+03:00,1785513865,6656,73,3,31.9,40.8,,run
2026-07-31T19:04:30+03:00,1785513870,6661,73,3,31.9,41.1,,run
2026-07-31T19:04:35+03:00,1785513875,6666,73,3,31.9,41.1,,run
2026-07-31T19:04:41+03:00,1785513881,6672,73,3,31.9,42.6,,run
2026-07-31T19:04:46+03:00,1785513886,6677,73,3,31.9,41.1,,run
2026-07-31T19:04:51+03:00,1785513891,6682,73,3,31.9,40.5,,run
2026-07-31T19:04:56+03:00,1785513896,6687,73,3,31.9,41.1,,run
2026-07-31T19:05:02+03:00,1785513902,6693,73,3,31.9,53.5,,run
2026-07-31T19:05:07+03:00,1785513907,6698,73,3,31.9,42.3,,run
2026-07-31T19:05:12+03:00,1785513912,6703,73,3,31.9,41.1,,run
2026-07-31T19:05:18+03:00,1785513918,6709,73,3,31.9,39.8,,run
2026-07-31T19:05:23+03:00,1785513923,6714,73,3,31.9,38.9,,run
2026-07-31T19:05:28+03:00,1785513928,6719,73,3,31.9,39.2,,run
2026-07-31T19:05:34+03:00,1785513934,6725,73,3,31.9,41.1,,run
2026-07-31T19:05:39+03:00,1785513939,6730,73,3,31.9,40.5,,run
2026-07-31T19:05:44+03:00,1785513944,6735,73,3,31.9,39.5,,run
2026-07-31T19:05:50+03:00,1785513950,6741,73,3,31.9,38.6,,run
2026-07-31T19:06:00+03:00,1785513960,6751,73,3,31.9,40.2,,run
2026-07-31T19:06:11+03:00,1785513971,6762,73,3,31.9,39.2,,run
2026-07-31T19:06:16+03:00,1785513976,6767,73,3,31.9,38.3,,run
2026-07-31T19:06:22+03:00,1785513981,6772,73,3,31.9,40.2,,run
2026-07-31T19:06:27+03:00,1785513987,6778,73,3,31.9,39.2,,run
2026-07-31T19:06:32+03:00,1785513992,6783,73,3,31.9,52.2,,run
2026-07-31T19:06:38+03:00,1785513998,6789,73,3,31.9,43.9,,run
2026-07-31T19:06:43+03:00,1785514003,6794,73,3,31.9,41.1,,run
2026-07-31T19:06:48+03:00,1785514008,6799,73,3,31.9,42.0,,run
2026-07-31T19:06:54+03:00,1785514014,6805,73,3,31.9,41.4,,run
2026-07-31T19:06:59+03:00,1785514019,6810,73,3,31.9,41.1,,run
2026-07-31T19:07:05+03:00,1785514025,6816,73,3,31.9,40.2,,run
2026-07-31T19:07:11+03:00,1785514031,6822,,,,,,run
2026-07-31T19:08:38+03:00,1785514118,6909,73,3,31.9,40.2,,run
2026-07-31T19:08:44+03:00,1785514124,6915,73,3,31.9,39.8,,run
2026-07-31T19:08:49+03:00,1785514129,6920,73,3,31.9,40.5,,run
2026-07-31T19:08:55+03:00,1785514135,6926,73,3,31.9,40.5,,run
2026-07-31T19:09:18+03:00,1785514158,6949,73,3,31.9,38.9,,run
2026-07-31T19:09:25+03:00,1785514165,6956,73,3,31.9,40.2,,run
2026-07-31T19:09:31+03:00,1785514171,6962,73,3,31.9,40.5,,run
2026-07-31T19:10:34+03:00,1785514234,7025,73,3,31.9,39.5,,run
2026-07-31T19:10:42+03:00,1785514242,7033,73,3,31.9,41.1,,run
2026-07-31T19:10:51+03:00,1785514250,7041,73,3,31.9,39.5,,run
2026-07-31T19:10:57+03:00,1785514257,7048,73,3,31.9,39.5,,run
2026-07-31T19:11:17+03:00,1785514277,7068,73,3,31.8,49.1,,run
2026-07-31T19:14:30+03:00,1785514470,7261,73,3,31.8,38.9,,run
2026-07-31T19:15:58+03:00,1785514558,7349,73,3,31.8,39.2,,run
2026-07-31T19:16:04+03:00,1785514564,7355,73,3,31.8,37.7,,run
2026-07-31T19:16:09+03:00,1785514569,7360,73,3,31.8,38.9,,run
2026-07-31T19:16:15+03:00,1785514575,7366,73,3,31.8,38.9,,run
2026-07-31T19:16:20+03:00,1785514580,7371,73,3,31.8,39.2,,run
2026-07-31T19:16:25+03:00,1785514585,7376,73,3,31.8,38.6,,run
2026-07-31T19:16:31+03:00,1785514591,7382,73,3,31.8,37.4,,run
2026-07-31T19:16:36+03:00,1785514596,7387,73,3,31.8,38.3,,run
2026-07-31T19:16:41+03:00,1785514601,7392,73,3,31.8,38.3,,run
2026-07-31T19:16:47+03:00,1785514607,7398,73,3,31.8,38.9,,run
2026-07-31T19:16:52+03:00,1785514612,7403,73,3,31.8,38.3,,run
2026-07-31T19:16:57+03:00,1785514617,7408,73,3,31.8,38.3,,run
2026-07-31T19:17:03+03:00,1785514623,7414,73,3,31.8,38.3,,run
2026-07-31T19:17:08+03:00,1785514628,7419,73,3,31.8,38.0,,run
2026-07-31T19:17:13+03:00,1785514633,7424,73,3,31.8,37.7,,run
2026-07-31T19:17:19+03:00,1785514639,7430,73,3,31.8,37.7,,run
2026-07-31T19:17:24+03:00,1785514644,7435,73,3,31.8,49.1,,run
2026-07-31T19:17:30+03:00,1785514650,7441,73,3,31.8,44.2,,run
2026-07-31T19:17:35+03:00,1785514655,7446,73,3,31.8,41.1,,run
2026-07-31T19:17:40+03:00,1785514660,7451,73,3,31.8,40.2,,run
2026-07-31T19:17:46+03:00,1785514666,7457,73,3,31.8,42.9,,run
2026-07-31T19:17:51+03:00,1785514671,7462,73,3,31.8,41.7,,run
2026-07-31T19:17:56+03:00,1785514676,7467,73,3,31.8,42.0,,run
2026-07-31T19:18:01+03:00,1785514681,7472,73,3,31.8,40.8,,run
2026-07-31T19:18:07+03:00,1785514687,7478,73,3,31.8,41.1,,run
2026-07-31T19:18:12+03:00,1785514692,7483,73,3,31.8,41.4,,run
2026-07-31T19:18:17+03:00,1785514697,7488,73,3,31.8,41.4,,run
2026-07-31T19:18:22+03:00,1785514702,7493,73,3,31.8,40.8,,run
2026-07-31T19:18:27+03:00,1785514707,7498,73,3,31.8,39.8,,run
2026-07-31T19:18:33+03:00,1785514713,7504,73,3,31.8,40.8,,run
2026-07-31T19:18:38+03:00,1785514718,7509,72,3,31.9,42.3,,run
2026-07-31T19:18:43+03:00,1785514723,7514,72,3,31.9,55.0,,run
2026-07-31T19:18:49+03:00,1785514729,7520,72,3,31.9,42.3,,run
2026-07-31T19:18:54+03:00,1785514734,7525,72,3,31.9,42.0,,run
2026-07-31T19:18:59+03:00,1785514739,7530,72,3,31.9,40.2,,run
2026-07-31T19:19:05+03:00,1785514745,7536,72,3,31.9,39.2,,run
2026-07-31T19:19:10+03:00,1785514750,7541,72,3,31.9,39.8,,run
2026-07-31T19:19:15+03:00,1785514755,7546,72,3,31.9,39.8,,run
2026-07-31T19:19:20+03:00,1785514760,7551,72,3,31.9,41.1,,run
2026-07-31T19:19:26+03:00,1785514766,7557,72,3,31.9,40.2,,run
2026-07-31T19:19:31+03:00,1785514771,7562,72,3,31.9,42.3,,run
2026-07-31T19:19:36+03:00,1785514776,7567,72,3,31.9,49.4,,run
2026-07-31T19:19:41+03:00,1785514781,7572,72,3,31.9,41.7,,run
2026-07-31T19:19:47+03:00,1785514787,7578,72,3,31.9,40.5,,run
2026-07-31T19:19:52+03:00,1785514792,7583,72,3,31.9,42.0,,run
2026-07-31T19:19:57+03:00,1785514797,7588,72,3,31.9,41.1,,run
2026-07-31T19:20:02+03:00,1785514802,7593,72,3,31.9,41.4,,run
2026-07-31T19:20:08+03:00,1785514808,7599,72,3,31.9,41.1,,run
2026-07-31T19:20:13+03:00,1785514813,7604,72,3,31.9,41.1,,run
2026-07-31T19:20:18+03:00,1785514818,7609,72,3,31.9,42.3,,run
2026-07-31T19:20:23+03:00,1785514823,7614,72,3,31.9,41.4,,run
2026-07-31T19:20:28+03:00,1785514828,7619,72,3,31.9,41.1,,run
2026-07-31T19:20:34+03:00,1785514834,7625,72,3,31.9,41.7,,run
2026-07-31T19:20:39+03:00,1785514839,7630,72,3,31.9,41.1,,run
2026-07-31T19:20:44+03:00,1785514844,7635,72,3,31.9,40.8,,run
2026-07-31T19:20:49+03:00,1785514849,7640,72,3,31.9,45.1,,run
2026-07-31T19:20:55+03:00,1785514855,7646,72,3,31.9,44.8,,run
2026-07-31T19:21:00+03:00,1785514860,7651,72,3,31.9,44.2,,run
2026-07-31T19:21:05+03:00,1785514865,7656,72,3,31.9,40.2,,run
2026-07-31T19:21:11+03:00,1785514871,7662,72,3,31.9,40.2,,run
2026-07-31T19:21:16+03:00,1785514876,7667,72,3,31.9,39.8,,run
2026-07-31T19:21:21+03:00,1785514881,7672,72,3,31.9,40.5,,run
2026-07-31T19:21:26+03:00,1785514886,7677,72,3,31.9,39.8,,run
2026-07-31T19:21:31+03:00,1785514891,7682,72,3,31.9,39.2,,run
2026-07-31T19:21:37+03:00,1785514897,7688,72,3,31.9,40.8,,run
2026-07-31T19:21:42+03:00,1785514902,7693,72,3,31.9,40.8,,run
2026-07-31T19:21:47+03:00,1785514907,7698,72,3,31.9,40.5,,run
2026-07-31T19:21:52+03:00,1785514912,7703,72,3,31.9,42.3,,run
2026-07-31T19:21:58+03:00,1785514918,7709,72,3,31.9,40.5,,run
2026-07-31T19:22:03+03:00,1785514923,7714,72,3,31.9,39.5,,run
2026-07-31T19:22:08+03:00,1785514928,7719,72,3,31.9,39.2,,run
2026-07-31T19:22:13+03:00,1785514933,7724,72,3,31.9,39.2,,run
2026-07-31T19:22:19+03:00,1785514939,7730,72,3,31.9,39.8,,run
2026-07-31T19:22:24+03:00,1785514944,7735,72,3,31.9,41.1,,run
2026-07-31T19:22:29+03:00,1785514949,7740,72,3,31.9,40.5,,run
2026-07-31T19:22:34+03:00,1785514954,7745,72,3,31.9,40.2,,run
2026-07-31T19:22:39+03:00,1785514959,7750,72,3,31.9,39.8,,run
2026-07-31T19:22:45+03:00,1785514965,7756,72,3,31.9,39.8,,run
2026-07-31T19:22:50+03:00,1785514970,7761,72,3,31.9,40.8,,run
2026-07-31T19:22:55+03:00,1785514975,7766,72,3,31.9,39.5,,run
2026-07-31T19:23:00+03:00,1785514980,7771,72,3,31.9,39.5,,run
2026-07-31T19:23:06+03:00,1785514986,7777,72,3,31.9,39.8,,run
2026-07-31T19:23:11+03:00,1785514991,7782,72,3,31.9,39.2,,run
2026-07-31T19:23:16+03:00,1785514996,7787,72,3,31.9,40.2,,run
2026-07-31T19:23:21+03:00,1785515001,7792,72,3,31.9,42.3,,run
2026-07-31T19:23:27+03:00,1785515007,7798,72,3,31.9,52.5,,run
2026-07-31T19:23:32+03:00,1785515012,7803,72,3,31.9,42.6,,run
2026-07-31T19:23:37+03:00,1785515017,7808,72,3,31.9,42.0,,run
2026-07-31T19:23:42+03:00,1785515022,7813,72,3,31.9,41.4,,run
2026-07-31T19:23:48+03:00,1785515028,7819,72,3,31.9,41.7,,run
2026-07-31T19:23:53+03:00,1785515033,7824,72,3,31.9,42.0,,run
2026-07-31T19:23:58+03:00,1785515038,7829,72,3,31.9,43.2,,run
2026-07-31T19:24:03+03:00,1785515043,7834,72,3,31.9,41.4,,run
2026-07-31T19:24:09+03:00,1785515049,7840,72,3,31.9,42.3,,run
2026-07-31T19:24:14+03:00,1785515054,7845,72,3,31.9,40.8,,run
2026-07-31T19:24:19+03:00,1785515059,7850,72,3,31.9,39.8,,run
2026-07-31T19:24:24+03:00,1785515064,7855,72,3,31.9,42.9,,run
2026-07-31T19:24:29+03:00,1785515069,7860,72,3,31.9,42.0,,run
2026-07-31T19:24:35+03:00,1785515075,7866,72,3,31.9,40.8,,run
2026-07-31T19:24:40+03:00,1785515080,7871,72,3,31.9,45.1,,run
2026-07-31T19:24:45+03:00,1785515085,7876,72,3,31.9,48.2,,run
2026-07-31T19:24:50+03:00,1785515090,7881,72,3,31.9,43.2,,run
2026-07-31T19:24:56+03:00,1785515096,7887,72,3,31.9,41.1,,run
2026-07-31T19:25:01+03:00,1785515101,7892,72,3,31.9,40.5,,run
2026-07-31T19:25:06+03:00,1785515106,7897,72,3,31.9,38.9,,run
2026-07-31T19:25:11+03:00,1785515111,7902,72,3,31.9,38.6,,run
2026-07-31T19:25:17+03:00,1785515117,7908,72,3,31.9,39.5,,run
2026-07-31T19:25:22+03:00,1785515122,7913,72,3,31.9,41.1,,run
2026-07-31T19:25:27+03:00,1785515127,7918,72,3,31.9,40.5,,run
2026-07-31T19:25:32+03:00,1785515132,7923,72,3,31.9,52.2,,run
2026-07-31T19:25:37+03:00,1785515137,7928,72,3,31.9,42.6,,run
2026-07-31T19:25:43+03:00,1785515143,7934,72,3,31.9,41.4,,run
2026-07-31T19:25:48+03:00,1785515148,7939,72,3,31.9,41.4,,run
2026-07-31T19:25:53+03:00,1785515153,7944,72,3,31.9,42.3,,run
2026-07-31T19:25:58+03:00,1785515158,7949,72,3,31.9,43.2,,run
2026-07-31T19:26:04+03:00,1785515164,7955,72,3,31.9,43.9,,run
2026-07-31T19:26:09+03:00,1785515169,7960,72,3,31.9,41.4,,run
2026-07-31T19:26:14+03:00,1785515174,7965,72,3,31.9,41.7,,run
2026-07-31T19:26:19+03:00,1785515179,7970,72,3,31.9,42.6,,run
2026-07-31T19:26:25+03:00,1785515185,7976,72,3,31.9,42.0,,run
2026-07-31T19:26:30+03:00,1785515190,7981,72,3,31.9,41.4,,run
2026-07-31T19:26:35+03:00,1785515195,7986,72,3,31.9,40.5,,run
2026-07-31T19:26:40+03:00,1785515200,7991,72,3,31.9,41.4,,run
2026-07-31T19:26:46+03:00,1785515206,7997,72,3,31.9,46.3,,run
2026-07-31T19:26:51+03:00,1785515211,8002,72,3,31.9,47.3,,run
2026-07-31T19:26:56+03:00,1785515216,8007,72,3,31.9,47.0,,run
2026-07-31T19:27:01+03:00,1785515221,8012,72,3,31.9,41.1,,run
2026-07-31T19:27:07+03:00,1785515227,8018,72,3,31.9,40.8,,run
2026-07-31T19:27:12+03:00,1785515232,8023,72,3,31.9,40.2,,run
2026-07-31T19:27:17+03:00,1785515237,8028,72,3,31.9,39.5,,run
2026-07-31T19:27:22+03:00,1785515242,8033,72,3,31.9,41.1,,run
2026-07-31T19:27:28+03:00,1785515248,8039,72,3,31.9,41.1,,run
2026-07-31T19:27:33+03:00,1785515253,8044,72,3,31.9,40.2,,run
2026-07-31T19:27:38+03:00,1785515258,8049,72,3,31.9,53.1,,run
2026-07-31T19:27:43+03:00,1785515263,8054,72,3,31.9,42.6,,run
2026-07-31T19:27:49+03:00,1785515269,8060,72,3,31.9,42.3,,run
2026-07-31T19:27:54+03:00,1785515274,8065,72,3,31.9,40.8,,run
2026-07-31T19:27:59+03:00,1785515279,8070,72,3,31.9,42.0,,run
2026-07-31T19:28:04+03:00,1785515284,8075,72,3,31.9,42.0,,run
2026-07-31T19:28:09+03:00,1785515289,8080,72,3,31.9,40.8,,run
2026-07-31T19:28:15+03:00,1785515295,8086,72,3,31.9,41.4,,run
2026-07-31T19:28:20+03:00,1785515300,8091,72,3,31.9,41.7,,run
2026-07-31T19:28:25+03:00,1785515305,8096,72,3,31.9,41.7,,run
2026-07-31T19:28:30+03:00,1785515310,8101,72,3,31.9,43.2,,run
2026-07-31T19:28:36+03:00,1785515316,8107,72,3,31.9,42.0,,run
2026-07-31T19:28:41+03:00,1785515321,8112,72,3,31.9,42.0,,run
2026-07-31T19:28:46+03:00,1785515326,8117,72,3,31.9,41.4,,run
2026-07-31T19:28:51+03:00,1785515331,8122,72,3,31.9,47.9,,run
2026-07-31T19:28:57+03:00,1785515337,8128,72,3,31.9,51.0,,run
2026-07-31T19:29:02+03:00,1785515342,8133,72,3,31.9,43.6,,run
2026-07-31T19:29:07+03:00,1785515347,8138,72,3,31.9,40.8,,run
2026-07-31T19:29:12+03:00,1785515352,8143,72,3,31.9,40.8,,run
2026-07-31T19:29:18+03:00,1785515358,8149,72,3,31.9,40.8,,run
2026-07-31T19:29:23+03:00,1785515363,8154,72,3,31.9,39.2,,run
2026-07-31T19:29:28+03:00,1785515368,8159,72,3,31.9,40.5,,run
2026-07-31T19:29:33+03:00,1785515373,8164,72,3,31.9,40.2,,run
2026-07-31T19:29:39+03:00,1785515379,8170,72,3,31.9,39.8,,run
2026-07-31T19:29:44+03:00,1785515384,8175,72,3,31.9,43.9,,run
2026-07-31T19:29:49+03:00,1785515389,8180,72,3,31.9,45.4,,run
2026-07-31T19:29:54+03:00,1785515394,8185,72,3,31.9,41.4,,run
2026-07-31T19:30:00+03:00,1785515400,8191,72,3,31.9,41.7,,run
2026-07-31T19:30:05+03:00,1785515405,8196,72,3,31.9,40.5,,run
2026-07-31T19:30:10+03:00,1785515410,8201,72,3,31.9,41.7,,run
2026-07-31T19:30:15+03:00,1785515415,8206,72,3,31.9,42.9,,run
2026-07-31T19:30:20+03:00,1785515420,8211,72,3,31.9,41.7,,run
2026-07-31T19:30:26+03:00,1785515426,8217,72,3,31.9,40.8,,run
2026-07-31T19:30:31+03:00,1785515431,8222,72,3,31.9,41.1,,run
2026-07-31T19:30:36+03:00,1785515436,8227,72,3,31.9,41.1,,run
2026-07-31T19:30:41+03:00,1785515441,8232,72,3,31.9,43.9,,run
2026-07-31T19:30:47+03:00,1785515447,8238,72,3,31.9,41.1,,run
2026-07-31T19:30:52+03:00,1785515452,8243,72,3,31.9,42.3,,run
2026-07-31T19:30:57+03:00,1785515457,8248,72,3,31.9,41.1,,run
2026-07-31T19:31:02+03:00,1785515462,8253,72,3,31.9,50.7,,run
2026-07-31T19:31:08+03:00,1785515468,8259,72,3,31.9,42.6,,run
2026-07-31T19:31:13+03:00,1785515473,8264,72,3,31.9,42.9,,run
2026-07-31T19:31:18+03:00,1785515478,8269,72,3,31.9,40.2,,run
2026-07-31T19:31:23+03:00,1785515483,8274,72,3,31.9,38.9,,run
2026-07-31T19:31:29+03:00,1785515489,8280,71,3,32.1,39.5,,run
2026-07-31T19:31:34+03:00,1785515494,8285,71,3,32.1,39.2,,run
2026-07-31T19:31:39+03:00,1785515499,8290,71,3,32.1,39.8,,run
2026-07-31T19:31:44+03:00,1785515504,8295,71,3,32.1,39.5,,run
2026-07-31T19:31:50+03:00,1785515510,8301,71,3,32.1,42.6,,run
2026-07-31T19:31:55+03:00,1785515515,8306,71,3,32.1,48.5,,run
2026-07-31T19:32:00+03:00,1785515520,8311,71,3,32.1,42.6,,run
2026-07-31T19:32:05+03:00,1785515525,8316,71,3,32.1,41.4,,run
2026-07-31T19:32:11+03:00,1785515531,8322,71,3,32.1,41.4,,run
2026-07-31T19:32:16+03:00,1785515536,8327,71,3,32.1,40.8,,run
2026-07-31T19:32:21+03:00,1785515541,8332,71,3,32.1,40.8,,run
2026-07-31T19:32:26+03:00,1785515546,8337,71,3,32.1,42.0,,run
2026-07-31T19:32:32+03:00,1785515552,8343,71,3,32.1,41.7,,run
2026-07-31T19:32:37+03:00,1785515557,8348,71,3,32.1,40.8,,run
2026-07-31T19:32:42+03:00,1785515562,8353,71,3,32.1,43.2,,run
2026-07-31T19:32:47+03:00,1785515567,8358,71,3,32.1,41.7,,run
2026-07-31T19:32:53+03:00,1785515573,8364,71,3,32.1,41.7,,run
2026-07-31T19:32:58+03:00,1785515578,8369,71,3,32.1,43.2,,run
2026-07-31T19:33:03+03:00,1785515583,8374,71,3,32.1,41.4,,run
2026-07-31T19:33:08+03:00,1785515588,8379,71,3,32.1,49.7,,run
2026-07-31T19:33:14+03:00,1785515594,8385,71,3,32.1,43.6,,run
2026-07-31T19:33:19+03:00,1785515599,8390,71,3,32.1,42.9,,run
2026-07-31T19:33:24+03:00,1785515604,8395,71,3,32.1,41.1,,run
2026-07-31T19:33:30+03:00,1785515610,8401,71,3,32.0,40.2,,run
2026-07-31T19:33:35+03:00,1785515615,8406,71,3,32.0,39.2,,run
2026-07-31T19:33:40+03:00,1785515620,8411,71,3,32.0,40.2,,run
2026-07-31T19:33:45+03:00,1785515625,8416,71,3,32.0,41.4,,run
2026-07-31T19:33:51+03:00,1785515631,8422,71,3,32.0,41.1,,run
2026-07-31T19:33:56+03:00,1785515636,8427,71,3,32.0,43.2,,run
2026-07-31T19:34:01+03:00,1785515641,8432,71,3,32.0,47.9,,run
2026-07-31T19:34:06+03:00,1785515646,8437,71,3,32.0,42.3,,run
2026-07-31T19:34:12+03:00,1785515652,8443,71,3,32.0,41.4,,run
2026-07-31T19:34:17+03:00,1785515657,8448,71,3,32.0,41.4,,run
2026-07-31T19:34:22+03:00,1785515662,8453,71,3,32.0,40.8,,run
2026-07-31T19:34:27+03:00,1785515667,8458,71,3,32.0,42.0,,run
2026-07-31T19:34:32+03:00,1785515672,8463,71,3,32.0,42.3,,run
2026-07-31T19:34:38+03:00,1785515678,8469,71,3,32.0,42.0,,run
2026-07-31T19:34:43+03:00,1785515683,8474,71,3,32.0,41.7,,run
2026-07-31T19:34:48+03:00,1785515688,8479,71,3,32.0,40.5,,run
2026-07-31T19:34:53+03:00,1785515693,8484,71,3,32.0,41.4,,run
2026-07-31T19:34:59+03:00,1785515699,8490,71,3,32.0,42.0,,run
2026-07-31T19:35:04+03:00,1785515704,8495,71,3,32.0,42.6,,run
2026-07-31T19:35:09+03:00,1785515709,8500,71,3,32.0,41.1,,run
2026-07-31T19:35:14+03:00,1785515714,8505,71,3,32.0,53.5,,run
2026-07-31T19:35:20+03:00,1785515720,8511,71,3,32.0,42.6,,run
2026-07-31T19:35:25+03:00,1785515725,8516,71,3,32.0,42.3,,run
2026-07-31T19:35:30+03:00,1785515730,8521,71,3,32.0,39.5,,run
2026-07-31T19:35:36+03:00,1785515736,8527,71,3,32.0,39.2,,run
2026-07-31T19:35:41+03:00,1785515741,8532,71,3,32.0,39.8,,run
2026-07-31T19:35:46+03:00,1785515746,8537,71,3,32.0,39.5,,run
2026-07-31T19:35:51+03:00,1785515751,8542,71,3,32.0,38.9,,run
2026-07-31T19:35:57+03:00,1785515757,8548,71,3,32.0,39.8,,run
2026-07-31T19:36:02+03:00,1785515762,8553,71,3,32.0,43.9,,run
2026-07-31T19:36:07+03:00,1785515767,8558,71,3,32.0,49.4,,run
2026-07-31T19:36:12+03:00,1785515772,8563,71,3,32.0,42.6,,run
2026-07-31T19:36:18+03:00,1785515778,8569,71,3,32.0,41.7,,run
2026-07-31T19:36:23+03:00,1785515783,8574,71,3,32.0,40.8,,run
2026-07-31T19:36:28+03:00,1785515788,8579,71,3,32.0,40.8,,run
2026-07-31T19:36:33+03:00,1785515793,8584,71,3,32.0,43.2,,run
2026-07-31T19:36:38+03:00,1785515798,8589,71,3,32.0,41.7,,run
2026-07-31T19:36:44+03:00,1785515804,8595,71,3,32.0,41.1,,run
2026-07-31T19:36:49+03:00,1785515809,8600,71,3,32.0,40.5,,run
2026-07-31T19:36:54+03:00,1785515814,8605,71,3,32.0,41.7,,run
2026-07-31T19:36:59+03:00,1785515819,8610,71,3,32.0,42.0,,run
2026-07-31T19:37:05+03:00,1785515825,8616,71,3,32.0,43.6,,run
2026-07-31T19:37:10+03:00,1785515830,8621,71,3,32.0,41.4,,run
2026-07-31T19:37:15+03:00,1785515835,8626,71,3,32.0,41.4,,run
2026-07-31T19:37:20+03:00,1785515840,8631,71,3,32.0,51.0,,run
2026-07-31T19:37:26+03:00,1785515846,8637,71,3,32.0,43.2,,run
2026-07-31T19:37:31+03:00,1785515851,8642,71,3,32.0,43.9,,run
2026-07-31T19:37:36+03:00,1785515856,8647,71,3,32.0,40.8,,run
2026-07-31T19:37:42+03:00,1785515862,8653,71,3,32.0,39.5,,run
2026-07-31T19:37:47+03:00,1785515867,8658,71,3,32.0,39.2,,run
2026-07-31T19:37:52+03:00,1785515872,8663,71,3,32.0,40.5,,run
2026-07-31T19:37:57+03:00,1785515877,8668,71,3,32.0,39.8,,run
2026-07-31T19:38:03+03:00,1785515883,8674,71,3,32.0,40.8,,run
2026-07-31T19:38:08+03:00,1785515888,8679,71,3,32.0,42.3,,run
2026-07-31T19:38:13+03:00,1785515893,8684,71,3,32.0,47.0,,run
2026-07-31T19:38:18+03:00,1785515898,8689,71,3,32.0,42.6,,run
2026-07-31T19:38:24+03:00,1785515904,8695,71,3,32.0,40.8,,run
2026-07-31T19:38:29+03:00,1785515909,8700,71,3,32.0,40.5,,run
2026-07-31T19:38:34+03:00,1785515914,8705,71,3,32.0,40.5,,run
2026-07-31T19:38:39+03:00,1785515919,8710,71,3,32.0,42.3,,run
2026-07-31T19:38:44+03:00,1785515924,8715,71,3,32.0,43.6,,run
2026-07-31T19:38:50+03:00,1785515930,8721,71,3,32.0,42.0,,run
2026-07-31T19:38:55+03:00,1785515935,8726,71,3,32.0,40.5,,run
2026-07-31T19:39:00+03:00,1785515940,8731,71,3,32.0,41.7,,run
2026-07-31T19:39:05+03:00,1785515945,8736,71,3,32.0,41.1,,run
2026-07-31T19:39:11+03:00,1785515951,8742,71,3,32.0,42.3,,run
2026-07-31T19:39:16+03:00,1785515956,8747,71,3,32.0,41.1,,run
2026-07-31T19:39:21+03:00,1785515961,8752,71,3,32.0,42.0,,run
2026-07-31T19:39:26+03:00,1785515966,8757,71,3,32.0,50.4,,run
2026-07-31T19:39:32+03:00,1785515972,8763,71,3,32.0,42.6,,run
2026-07-31T19:39:37+03:00,1785515977,8768,71,3,32.0,42.9,,run
2026-07-31T19:39:42+03:00,1785515982,8773,71,3,32.0,40.2,,run
2026-07-31T19:39:48+03:00,1785515988,8779,71,3,32.0,39.2,,run
2026-07-31T19:39:53+03:00,1785515993,8784,71,3,32.0,42.3,,run
2026-07-31T19:39:58+03:00,1785515998,8789,71,3,32.0,46.7,,run
2026-07-31T19:40:03+03:00,1785516003,8794,71,3,32.0,42.6,,run
2026-07-31T19:40:09+03:00,1785516009,8800,71,3,32.0,41.1,,run
2026-07-31T19:40:14+03:00,1785516014,8805,71,3,32.0,43.6,,run
2026-07-31T19:40:19+03:00,1785516019,8810,71,3,32.0,42.6,,run
2026-07-31T19:40:24+03:00,1785516024,8815,71,3,32.0,41.1,,run
2026-07-31T19:40:29+03:00,1785516029,8820,71,3,32.0,40.5,,run
2026-07-31T19:40:35+03:00,1785516035,8826,71,3,32.0,41.4,,run
2026-07-31T19:40:40+03:00,1785516040,8831,71,3,32.0,42.3,,run
2026-07-31T19:40:45+03:00,1785516045,8836,71,3,32.0,42.6,,run
2026-07-31T19:40:50+03:00,1785516050,8841,71,3,32.0,41.1,,run
2026-07-31T19:40:56+03:00,1785516056,8847,71,3,32.0,41.7,,run
2026-07-31T19:41:01+03:00,1785516061,8852,71,3,32.0,40.2,,run
2026-07-31T19:41:06+03:00,1785516066,8857,71,3,32.0,41.4,,run
2026-07-31T19:41:11+03:00,1785516071,8862,71,3,32.0,50.7,,run
2026-07-31T19:41:17+03:00,1785516077,8868,71,3,32.0,42.3,,run
2026-07-31T19:41:22+03:00,1785516082,8873,71,3,32.0,42.9,,run
2026-07-31T19:41:27+03:00,1785516087,8878,71,3,32.0,40.2,,run
2026-07-31T19:41:33+03:00,1785516093,8884,71,3,32.0,39.8,,run
2026-07-31T19:41:38+03:00,1785516098,8889,71,3,32.0,39.2,,run
2026-07-31T19:41:43+03:00,1785516103,8894,71,3,32.0,39.5,,run
2026-07-31T19:41:48+03:00,1785516108,8899,71,3,32.0,40.5,,run
2026-07-31T19:41:54+03:00,1785516114,8905,71,3,32.0,39.5,,run
2026-07-31T19:41:59+03:00,1785516119,8910,71,3,32.0,41.1,,run
2026-07-31T19:42:04+03:00,1785516124,8915,71,3,32.0,51.9,,run
2026-07-31T19:42:09+03:00,1785516129,8920,71,3,32.0,42.9,,run
2026-07-31T19:42:15+03:00,1785516135,8926,71,3,32.0,41.1,,run
2026-07-31T19:42:20+03:00,1785516140,8931,71,3,32.0,40.8,,run
2026-07-31T19:42:25+03:00,1785516145,8936,71,3,32.0,41.1,,run
2026-07-31T19:42:30+03:00,1785516150,8941,71,3,32.0,42.6,,run
2026-07-31T19:42:35+03:00,1785516155,8946,71,3,32.0,40.8,,run
2026-07-31T19:42:41+03:00,1785516161,8952,71,3,32.0,41.7,,run
2026-07-31T19:42:46+03:00,1785516166,8957,71,3,32.0,41.4,,run
2026-07-31T19:42:51+03:00,1785516171,8962,71,3,32.0,41.1,,run
2026-07-31T19:42:56+03:00,1785516176,8967,71,3,32.0,42.0,,run
2026-07-31T19:43:02+03:00,1785516182,8973,71,3,32.0,42.3,,run
2026-07-31T19:43:07+03:00,1785516187,8978,71,3,32.0,41.1,,run
2026-07-31T19:43:12+03:00,1785516192,8983,71,3,32.0,40.8,,run
2026-07-31T19:43:17+03:00,1785516197,8988,71,3,32.0,47.9,,run
2026-07-31T19:43:23+03:00,1785516203,8994,71,3,32.0,52.5,,run
2026-07-31T19:43:28+03:00,1785516208,8999,71,3,32.0,43.9,,run
2026-07-31T19:43:33+03:00,1785516213,9004,71,3,32.0,40.8,,run
2026-07-31T19:43:38+03:00,1785516218,9009,71,3,32.0,40.8,,run
2026-07-31T19:43:44+03:00,1785516224,9015,71,3,32.0,39.8,,run
2026-07-31T19:43:49+03:00,1785516229,9020,71,3,32.0,38.9,,run
2026-07-31T19:43:54+03:00,1785516234,9025,71,3,32.0,39.5,,run
2026-07-31T19:43:59+03:00,1785516239,9030,71,3,32.0,40.8,,run
2026-07-31T19:44:04+03:00,1785516244,9035,71,3,32.0,40.5,,run
2026-07-31T19:44:10+03:00,1785516250,9041,71,3,32.0,52.8,,run
2026-07-31T19:44:15+03:00,1785516255,9046,71,3,32.0,44.2,,run
2026-07-31T19:44:20+03:00,1785516260,9051,70,3,32.0,41.1,,run
2026-07-31T19:44:26+03:00,1785516266,9057,70,3,32.0,41.1,,run
2026-07-31T19:44:31+03:00,1785516271,9062,70,3,32.0,40.8,,run
2026-07-31T19:44:36+03:00,1785516276,9067,70,3,32.0,42.0,,run
2026-07-31T19:44:41+03:00,1785516281,9072,70,3,32.0,42.0,,run
2026-07-31T19:44:47+03:00,1785516287,9078,70,3,32.0,41.4,,run
2026-07-31T19:44:52+03:00,1785516292,9083,70,3,32.0,40.5,,run
2026-07-31T19:44:57+03:00,1785516297,9088,70,3,32.0,41.1,,run
2026-07-31T19:45:02+03:00,1785516302,9093,70,3,32.0,40.2,,run
2026-07-31T19:45:07+03:00,1785516307,9098,70,3,32.0,42.9,,run
2026-07-31T19:45:13+03:00,1785516313,9104,70,3,32.0,42.3,,run
2026-07-31T19:45:18+03:00,1785516318,9109,70,3,32.0,42.0,,run
2026-07-31T19:45:23+03:00,1785516323,9114,70,3,32.0,48.5,,run
2026-07-31T19:45:28+03:00,1785516328,9119,70,3,32.0,53.1,,run
2026-07-31T19:45:34+03:00,1785516334,9125,70,3,32.0,42.3,,run
2026-07-31T19:45:39+03:00,1785516339,9130,70,3,32.0,41.4,,run
2026-07-31T19:45:44+03:00,1785516344,9135,70,3,32.0,40.8,,run
2026-07-31T19:45:49+03:00,1785516349,9140,70,3,32.0,39.8,,run
2026-07-31T19:45:55+03:00,1785516355,9146,70,3,32.0,40.2,,run
2026-07-31T19:46:00+03:00,1785516360,9151,70,3,32.0,40.5,,run
2026-07-31T19:46:05+03:00,1785516365,9156,70,3,32.0,39.5,,run
2026-07-31T19:46:10+03:00,1785516370,9161,70,3,32.0,40.5,,run
2026-07-31T19:46:16+03:00,1785516376,9167,70,3,32.0,50.4,,run
2026-07-31T19:46:21+03:00,1785516381,9172,70,3,32.0,45.7,,run
2026-07-31T19:46:27+03:00,1785516387,9178,70,3,32.0,41.7,,run
2026-07-31T19:46:32+03:00,1785516392,9183,70,3,32.0,42.6,,run
2026-07-31T19:46:37+03:00,1785516397,9188,70,3,32.0,41.4,,run
2026-07-31T19:46:42+03:00,1785516402,9193,70,3,32.0,40.8,,run
2026-07-31T19:46:47+03:00,1785516407,9198,70,3,32.0,41.1,,run
2026-07-31T19:46:53+03:00,1785516413,9204,70,3,32.0,42.0,,run
2026-07-31T19:46:58+03:00,1785516418,9209,70,3,32.0,42.0,,run
2026-07-31T19:47:03+03:00,1785516423,9214,70,3,32.0,41.1,,run
2026-07-31T19:47:08+03:00,1785516428,9219,70,3,32.0,40.5,,run
2026-07-31T19:47:14+03:00,1785516434,9225,70,3,32.0,40.5,,run
2026-07-31T19:47:19+03:00,1785516439,9230,70,3,32.0,42.9,,run
2026-07-31T19:47:24+03:00,1785516444,9235,70,3,32.0,42.6,,run
2026-07-31T19:47:29+03:00,1785516449,9240,70,3,32.0,41.7,,run
2026-07-31T19:47:35+03:00,1785516454,9245,70,3,32.0,52.5,,run
2026-07-31T19:47:40+03:00,1785516460,9251,70,3,32.0,44.8,,run
2026-07-31T19:47:45+03:00,1785516465,9256,70,3,32.0,41.1,,run
2026-07-31T19:47:51+03:00,1785516471,9262,70,3,32.0,39.5,,run
2026-07-31T19:47:56+03:00,1785516476,9267,70,3,32.0,40.2,,run
2026-07-31T19:48:01+03:00,1785516481,9272,70,3,32.0,38.9,,run
2026-07-31T19:48:06+03:00,1785516486,9277,70,3,32.0,41.7,,run
2026-07-31T19:48:11+03:00,1785516491,9282,70,3,32.0,41.4,,run
2026-07-31T19:48:17+03:00,1785516497,9288,70,3,32.0,40.5,,run
2026-07-31T19:48:22+03:00,1785516502,9293,70,3,32.0,39.8,,run
2026-07-31T19:48:27+03:00,1785516507,9298,70,3,32.0,53.1,,run
2026-07-31T19:48:32+03:00,1785516512,9303,70,3,32.0,42.0,,run
2026-07-31T19:48:38+03:00,1785516518,9309,70,3,32.0,41.4,,run
2026-07-31T19:48:43+03:00,1785516523,9314,70,3,32.0,43.9,,run
2026-07-31T19:48:48+03:00,1785516528,9319,70,3,32.0,42.3,,run
2026-07-31T19:48:53+03:00,1785516533,9324,70,3,32.0,42.3,,run
2026-07-31T19:48:59+03:00,1785516539,9330,70,3,32.0,42.3,,run
2026-07-31T19:49:04+03:00,1785516544,9335,70,3,32.0,40.8,,run
2026-07-31T19:49:09+03:00,1785516549,9340,70,3,32.0,41.4,,run
2026-07-31T19:49:14+03:00,1785516554,9345,70,3,32.0,42.9,,run
2026-07-31T19:49:19+03:00,1785516559,9350,70,3,32.0,41.1,,run
2026-07-31T19:49:25+03:00,1785516565,9356,70,3,32.0,41.1,,run
2026-07-31T19:49:30+03:00,1785516570,9361,70,3,32.0,41.1,,run
2026-07-31T19:49:35+03:00,1785516575,9366,70,3,32.0,41.1,,run
2026-07-31T19:49:40+03:00,1785516580,9371,70,3,32.0,46.3,,run
2026-07-31T19:49:46+03:00,1785516586,9377,70,3,32.0,46.0,,run
2026-07-31T19:49:51+03:00,1785516591,9382,70,3,32.0,45.1,,run
2026-07-31T19:49:56+03:00,1785516596,9387,70,3,32.0,40.2,,run
2026-07-31T19:50:01+03:00,1785516601,9392,70,3,32.0,39.5,,run
2026-07-31T19:50:07+03:00,1785516607,9398,70,3,32.0,38.9,,run
2026-07-31T19:50:12+03:00,1785516612,9403,70,3,32.0,52.8,,run
2026-07-31T19:50:17+03:00,1785516617,9408,70,3,32.0,42.6,,run
2026-07-31T19:50:22+03:00,1785516622,9413,70,3,32.0,41.4,,run
2026-07-31T19:50:28+03:00,1785516628,9419,70,3,32.0,41.7,,run
2026-07-31T19:50:33+03:00,1785516633,9424,70,3,32.0,42.6,,run
2026-07-31T19:50:38+03:00,1785516638,9429,70,3,32.0,41.4,,run
2026-07-31T19:50:43+03:00,1785516643,9434,70,3,32.0,41.1,,run
2026-07-31T19:50:49+03:00,1785516649,9440,70,3,32.0,40.5,,run
2026-07-31T19:50:54+03:00,1785516654,9445,70,3,32.0,41.1,,run
2026-07-31T19:50:59+03:00,1785516659,9450,70,3,32.0,41.7,,run
2026-07-31T19:51:04+03:00,1785516664,9455,70,3,32.0,42.9,,run
2026-07-31T19:51:09+03:00,1785516669,9460,70,3,32.0,42.0,,run
2026-07-31T19:51:15+03:00,1785516675,9466,70,3,32.0,41.4,,run
2026-07-31T19:51:20+03:00,1785516680,9471,70,3,32.0,40.5,,run
2026-07-31T19:51:25+03:00,1785516685,9476,70,3,32.0,48.2,,run
2026-07-31T19:51:30+03:00,1785516690,9481,70,3,32.0,51.6,,run
2026-07-31T19:51:36+03:00,1785516696,9487,70,3,32.0,44.8,,run
2026-07-31T19:51:41+03:00,1785516701,9492,70,3,32.0,40.5,,run
2026-07-31T19:51:46+03:00,1785516706,9497,70,3,32.0,40.2,,run
2026-07-31T19:51:51+03:00,1785516711,9502,70,3,32.0,40.2,,run
2026-07-31T19:51:57+03:00,1785516717,9508,70,3,32.0,51.3,,run
2026-07-31T19:52:02+03:00,1785516722,9513,70,3,32.0,42.6,,run
2026-07-31T19:52:07+03:00,1785516727,9518,70,3,32.0,42.0,,run
2026-07-31T19:52:12+03:00,1785516732,9523,70,3,32.0,40.8,,run
2026-07-31T19:52:18+03:00,1785516738,9529,70,3,32.0,43.6,,run
2026-07-31T19:52:23+03:00,1785516743,9534,70,3,32.0,41.4,,run
2026-07-31T19:52:28+03:00,1785516748,9539,70,3,32.0,42.0,,run
2026-07-31T19:52:33+03:00,1785516753,9544,70,3,32.0,41.7,,run
2026-07-31T19:52:38+03:00,1785516758,9549,70,3,32.0,40.5,,run
2026-07-31T19:52:44+03:00,1785516764,9555,70,3,32.0,41.7,,run
2026-07-31T19:52:49+03:00,1785516769,9560,70,3,32.0,41.4,,run
2026-07-31T19:52:54+03:00,1785516774,9565,70,3,32.0,42.0,,run
2026-07-31T19:52:59+03:00,1785516779,9570,70,3,32.0,42.3,,run
2026-07-31T19:53:05+03:00,1785516785,9576,70,3,32.0,41.7,,run
2026-07-31T19:53:10+03:00,1785516790,9581,70,3,32.0,47.3,,run
2026-07-31T19:53:15+03:00,1785516795,9586,70,3,32.0,52.2,,run
2026-07-31T19:53:20+03:00,1785516800,9591,70,3,32.0,44.8,,run
2026-07-31T19:53:26+03:00,1785516806,9597,70,3,32.0,41.4,,run
2026-07-31T19:53:31+03:00,1785516811,9602,70,3,32.1,39.8,,run
2026-07-31T19:53:36+03:00,1785516816,9607,70,3,32.1,40.5,,run
2026-07-31T19:53:41+03:00,1785516821,9612,70,3,32.1,40.2,,run
2026-07-31T19:53:47+03:00,1785516827,9618,70,3,32.1,39.5,,run
2026-07-31T19:53:52+03:00,1785516832,9623,70,3,32.1,40.2,,run
2026-07-31T19:53:57+03:00,1785516837,9628,70,3,32.1,39.8,,run
2026-07-31T19:54:02+03:00,1785516842,9633,70,3,32.1,43.2,,run
2026-07-31T19:54:08+03:00,1785516848,9639,70,3,32.1,46.3,,run
2026-07-31T19:54:13+03:00,1785516853,9644,70,3,32.1,41.7,,run
2026-07-31T19:54:18+03:00,1785516858,9649,70,3,32.1,41.7,,run
2026-07-31T19:54:23+03:00,1785516863,9654,70,3,32.1,41.1,,run
2026-07-31T19:54:28+03:00,1785516868,9659,70,3,32.1,40.8,,run
2026-07-31T19:54:34+03:00,1785516874,9665,70,3,32.1,43.9,,run
2026-07-31T19:54:39+03:00,1785516879,9670,70,3,32.1,41.1,,run
2026-07-31T19:54:44+03:00,1785516884,9675,70,3,32.1,41.1,,run
2026-07-31T19:54:49+03:00,1785516889,9680,70,3,32.1,40.5,,run
2026-07-31T19:54:55+03:00,1785516895,9686,70,3,32.1,40.2,,run
2026-07-31T19:55:00+03:00,1785516900,9691,70,3,32.1,42.3,,run
2026-07-31T19:55:05+03:00,1785516905,9696,70,3,32.1,41.4,,run
2026-07-31T19:55:10+03:00,1785516910,9701,70,3,32.1,41.1,,run
2026-07-31T19:55:16+03:00,1785516916,9707,70,3,32.1,40.5,,run
2026-07-31T19:55:21+03:00,1785516921,9712,70,3,32.1,50.7,,run
2026-07-31T19:55:26+03:00,1785516926,9717,70,3,32.1,42.6,,run
2026-07-31T19:55:32+03:00,1785516932,9723,70,3,32.1,42.9,,run
2026-07-31T19:55:37+03:00,1785516937,9728,70,3,32.1,40.2,,run
2026-07-31T19:55:42+03:00,1785516942,9733,70,3,32.1,39.8,,run
2026-07-31T19:55:47+03:00,1785516947,9738,70,3,32.1,39.2,,run
2026-07-31T19:55:52+03:00,1785516952,9743,70,3,32.1,39.2,,run
2026-07-31T19:55:58+03:00,1785516958,9749,70,3,32.1,39.5,,run
2026-07-31T19:56:03+03:00,1785516963,9754,70,3,32.1,40.2,,run
2026-07-31T19:56:08+03:00,1785516968,9759,70,3,32.1,42.0,,run
2026-07-31T19:56:13+03:00,1785516973,9764,70,3,32.1,50.7,,run
2026-07-31T19:56:19+03:00,1785516979,9770,70,3,32.1,43.2,,run
2026-07-31T19:56:24+03:00,1785516984,9775,70,3,32.1,41.1,,run
2026-07-31T19:56:29+03:00,1785516989,9780,70,3,32.1,41.7,,run
2026-07-31T19:56:34+03:00,1785516994,9785,70,3,32.1,41.1,,run
2026-07-31T19:56:40+03:00,1785517000,9791,70,3,32.1,41.4,,run
2026-07-31T19:56:45+03:00,1785517005,9796,70,3,32.1,43.2,,run
2026-07-31T19:56:50+03:00,1785517010,9801,70,3,32.1,40.8,,run
2026-07-31T19:56:55+03:00,1785517015,9806,70,3,32.1,41.1,,run
2026-07-31T19:57:01+03:00,1785517021,9812,70,3,32.1,42.0,,run
2026-07-31T19:57:06+03:00,1785517026,9817,70,3,32.1,41.4,,run
2026-07-31T19:57:11+03:00,1785517031,9822,70,3,32.1,41.4,,run
2026-07-31T19:57:16+03:00,1785517036,9827,70,3,32.1,42.6,,run
2026-07-31T19:57:21+03:00,1785517041,9832,70,3,32.1,41.4,,run
2026-07-31T19:57:27+03:00,1785517047,9838,70,3,32.1,45.1,,run
2026-07-31T19:57:32+03:00,1785517052,9843,70,3,32.1,44.5,,run
2026-07-31T19:57:37+03:00,1785517057,9848,70,3,32.1,42.6,,run
2026-07-31T19:57:43+03:00,1785517063,9854,70,3,32.1,40.5,,run
2026-07-31T19:57:48+03:00,1785517068,9859,70,3,32.1,39.5,,run
2026-07-31T19:57:53+03:00,1785517073,9864,70,3,32.1,40.2,,run
2026-07-31T19:57:58+03:00,1785517078,9869,70,3,32.1,40.2,,run
2026-07-31T19:58:03+03:00,1785517083,9874,70,3,32.1,40.8,,run
2026-07-31T19:58:09+03:00,1785517089,9880,70,3,32.1,40.5,,run
2026-07-31T19:58:14+03:00,1785517094,9885,69,3,32.1,43.2,,run
2026-07-31T19:58:19+03:00,1785517099,9890,69,3,32.1,51.3,,run
2026-07-31T19:58:25+03:00,1785517105,9896,69,3,32.1,42.3,,run
2026-07-31T19:58:30+03:00,1785517110,9901,69,3,32.1,41.1,,run
2026-07-31T19:58:35+03:00,1785517115,9906,69,3,32.1,43.2,,run
2026-07-31T19:58:40+03:00,1785517120,9911,69,3,32.1,42.3,,run
2026-07-31T19:58:45+03:00,1785517125,9916,69,3,32.1,42.0,,run
2026-07-31T19:58:51+03:00,1785517131,9922,69,3,32.1,41.4,,run
2026-07-31T19:58:56+03:00,1785517136,9927,69,3,32.1,41.7,,run
2026-07-31T19:59:01+03:00,1785517141,9932,69,3,32.1,42.3,,run
2026-07-31T19:59:06+03:00,1785517146,9937,69,3,32.1,42.3,,run
2026-07-31T19:59:12+03:00,1785517152,9943,69,3,32.1,42.3,,run
2026-07-31T19:59:17+03:00,1785517157,9948,69,3,32.1,41.1,,run
2026-07-31T19:59:22+03:00,1785517162,9953,69,3,32.1,41.1,,run
2026-07-31T19:59:27+03:00,1785517167,9958,69,3,32.1,40.8,,run
2026-07-31T19:59:32+03:00,1785517172,9963,69,3,32.1,45.1,,run
2026-07-31T19:59:38+03:00,1785517178,9969,69,3,32.1,45.1,,run
2026-07-31T19:59:43+03:00,1785517183,9974,69,3,32.1,44.5,,run
2026-07-31T19:59:48+03:00,1785517188,9979,69,3,32.1,41.1,,run
2026-07-31T19:59:53+03:00,1785517193,9984,69,3,32.1,39.8,,run
2026-07-31T19:59:59+03:00,1785517199,9990,69,3,32.1,39.8,,run
2026-07-31T20:00:04+03:00,1785517204,9995,69,3,32.1,41.1,,run
2026-07-31T20:00:09+03:00,1785517209,10000,69,3,32.1,40.8,,run
2026-07-31T20:00:14+03:00,1785517214,10005,69,3,32.1,41.1,,run
2026-07-31T20:00:20+03:00,1785517220,10011,69,3,32.1,41.4,,run
2026-07-31T20:00:25+03:00,1785517225,10016,69,3,32.1,50.7,,run
2026-07-31T20:00:30+03:00,1785517230,10021,69,3,32.1,41.7,,run
2026-07-31T20:00:35+03:00,1785517235,10026,69,3,32.1,42.9,,run
2026-07-31T20:00:41+03:00,1785517241,10032,69,3,32.1,42.0,,run
2026-07-31T20:00:46+03:00,1785517246,10037,69,3,32.1,41.7,,run
2026-07-31T20:00:51+03:00,1785517251,10042,69,3,32.1,42.0,,run
2026-07-31T20:00:56+03:00,1785517256,10047,69,3,32.1,41.4,,run
2026-07-31T20:01:02+03:00,1785517262,10053,69,3,32.1,45.1,,run
2026-07-31T20:01:07+03:00,1785517267,10058,69,3,32.1,42.0,,run
2026-07-31T20:01:12+03:00,1785517272,10063,69,3,32.1,41.1,,run
2026-07-31T20:01:17+03:00,1785517277,10068,69,3,32.1,40.5,,run
2026-07-31T20:01:23+03:00,1785517283,10074,69,3,32.1,40.5,,run
2026-07-31T20:01:28+03:00,1785517288,10079,69,3,32.1,40.2,,run
2026-07-31T20:01:33+03:00,1785517293,10084,69,3,32.1,42.9,,run
2026-07-31T20:01:38+03:00,1785517298,10089,69,3,32.1,45.1,,run
2026-07-31T20:01:44+03:00,1785517304,10095,69,3,32.1,45.1,,run
2026-07-31T20:01:49+03:00,1785517309,10100,69,3,32.1,43.2,,run
2026-07-31T20:01:54+03:00,1785517314,10105,69,3,32.1,41.1,,run
2026-07-31T20:01:59+03:00,1785517319,10110,69,3,32.1,39.5,,run
2026-07-31T20:02:05+03:00,1785517325,10116,69,3,32.1,40.5,,run
2026-07-31T20:02:10+03:00,1785517330,10121,69,3,32.1,41.4,,run
2026-07-31T20:02:15+03:00,1785517335,10126,69,3,32.1,40.2,,run
2026-07-31T20:02:20+03:00,1785517340,10131,69,3,32.1,40.2,,run
2026-07-31T20:02:25+03:00,1785517345,10136,69,3,32.1,42.0,,run
2026-07-31T20:02:31+03:00,1785517351,10142,69,3,32.1,51.3,,run
2026-07-31T20:02:36+03:00,1785517356,10147,69,3,32.1,42.9,,run
2026-07-31T20:02:41+03:00,1785517361,10152,69,3,32.1,44.5,,run
2026-07-31T20:02:47+03:00,1785517367,10158,69,3,32.1,41.7,,run
2026-07-31T20:02:52+03:00,1785517372,10163,69,3,32.1,41.7,,run
2026-07-31T20:02:57+03:00,1785517377,10168,69,3,32.1,41.7,,run
2026-07-31T20:03:02+03:00,1785517382,10173,69,3,32.1,41.4,,run
2026-07-31T20:03:07+03:00,1785517387,10178,69,3,32.1,41.7,,run
2026-07-31T20:03:13+03:00,1785517393,10184,69,3,32.1,44.5,,run
2026-07-31T20:03:18+03:00,1785517398,10189,69,3,32.1,41.4,,run
2026-07-31T20:03:23+03:00,1785517403,10194,69,3,32.1,42.0,,run
2026-07-31T20:03:28+03:00,1785517408,10199,69,3,32.1,40.5,,run
2026-07-31T20:03:34+03:00,1785517414,10205,69,3,32.1,42.0,,run
2026-07-31T20:03:39+03:00,1785517419,10210,69,3,32.1,42.6,,run
2026-07-31T20:03:44+03:00,1785517424,10215,69,3,32.1,43.2,,run
2026-07-31T20:03:49+03:00,1785517429,10220,69,3,32.1,44.8,,run
2026-07-31T20:03:55+03:00,1785517435,10226,69,3,32.1,42.9,,run
2026-07-31T20:04:00+03:00,1785517440,10231,69,3,32.1,41.1,,run
2026-07-31T20:04:05+03:00,1785517445,10236,69,3,32.1,40.2,,run
2026-07-31T20:04:10+03:00,1785517450,10241,69,3,32.1,39.8,,run
2026-07-31T20:04:16+03:00,1785517456,10247,69,3,32.1,40.2,,run
2026-07-31T20:04:21+03:00,1785517461,10252,69,3,32.1,41.1,,run
2026-07-31T20:04:26+03:00,1785517466,10257,69,3,32.1,40.2,,run
2026-07-31T20:04:31+03:00,1785517471,10262,69,3,32.1,40.5,,run
2026-07-31T20:04:36+03:00,1785517476,10267,69,3,32.1,52.2,,run
2026-07-31T20:04:42+03:00,1785517482,10273,69,3,32.1,42.0,,run
2026-07-31T20:04:47+03:00,1785517487,10278,69,3,32.1,41.1,,run
2026-07-31T20:04:52+03:00,1785517492,10283,69,3,32.1,44.2,,run
2026-07-31T20:04:57+03:00,1785517497,10288,69,3,32.1,42.3,,run
2026-07-31T20:05:03+03:00,1785517503,10294,69,3,32.1,41.4,,run
2026-07-31T20:05:08+03:00,1785517508,10299,69,3,32.1,41.1,,run
2026-07-31T20:05:13+03:00,1785517513,10304,69,3,32.1,41.1,,run
2026-07-31T20:05:18+03:00,1785517518,10309,69,3,32.1,42.0,,run
2026-07-31T20:05:24+03:00,1785517524,10315,69,3,32.1,42.3,,run
2026-07-31T20:05:29+03:00,1785517529,10320,69,3,32.1,41.7,,run
2026-07-31T20:05:34+03:00,1785517534,10325,69,3,32.1,41.4,,run
2026-07-31T20:05:39+03:00,1785517539,10330,69,3,32.1,40.5,,run
2026-07-31T20:05:44+03:00,1785517544,10335,69,3,32.1,41.1,,run
2026-07-31T20:05:50+03:00,1785517550,10341,69,3,32.1,46.3,,run
2026-07-31T20:05:55+03:00,1785517555,10346,69,3,32.1,47.3,,run
2026-07-31T20:06:00+03:00,1785517560,10351,69,3,32.1,46.3,,run
2026-07-31T20:06:05+03:00,1785517565,10356,69,3,32.1,40.5,,run
2026-07-31T20:06:11+03:00,1785517571,10362,69,3,32.1,39.8,,run
2026-07-31T20:06:16+03:00,1785517576,10367,69,3,32.1,39.8,,run
2026-07-31T20:06:21+03:00,1785517581,10372,69,3,32.1,39.5,,run
2026-07-31T20:06:26+03:00,1785517586,10377,69,3,32.1,40.8,,run
2026-07-31T20:06:32+03:00,1785517592,10383,69,3,32.1,40.5,,run
2026-07-31T20:06:37+03:00,1785517597,10388,69,3,32.1,39.5,,run
2026-07-31T20:06:42+03:00,1785517602,10393,69,3,32.1,51.0,,run
2026-07-31T20:06:47+03:00,1785517607,10398,69,3,32.1,42.9,,run
2026-07-31T20:06:53+03:00,1785517613,10404,69,3,32.1,41.7,,run
2026-07-31T20:06:58+03:00,1785517618,10409,69,3,32.1,40.8,,run
2026-07-31T20:07:03+03:00,1785517623,10414,69,3,32.1,42.9,,run
2026-07-31T20:07:08+03:00,1785517628,10419,69,3,32.1,41.1,,run
2026-07-31T20:07:14+03:00,1785517634,10425,69,3,32.1,41.4,,run
2026-07-31T20:07:19+03:00,1785517639,10430,69,3,32.1,41.4,,run
2026-07-31T20:07:24+03:00,1785517644,10435,69,3,32.1,41.1,,run
2026-07-31T20:07:29+03:00,1785517649,10440,69,3,32.1,42.6,,run
2026-07-31T20:07:34+03:00,1785517654,10445,69,3,32.1,42.3,,run
2026-07-31T20:07:40+03:00,1785517660,10451,69,3,32.1,40.8,,run
2026-07-31T20:07:45+03:00,1785517665,10456,69,3,32.1,40.8,,run
2026-07-31T20:07:50+03:00,1785517670,10461,69,3,32.1,41.1,,run
2026-07-31T20:07:55+03:00,1785517675,10466,69,3,32.1,50.1,,run
2026-07-31T20:08:01+03:00,1785517681,10472,69,3,32.1,53.1,,run
2026-07-31T20:08:06+03:00,1785517686,10477,69,3,32.1,43.6,,run
2026-07-31T20:08:11+03:00,1785517691,10482,69,3,32.1,41.1,,run
2026-07-31T20:08:16+03:00,1785517696,10487,69,3,32.1,40.8,,run
2026-07-31T20:08:22+03:00,1785517702,10493,69,3,32.1,39.2,,run
2026-07-31T20:08:27+03:00,1785517707,10498,69,3,32.1,39.2,,run
2026-07-31T20:08:32+03:00,1785517712,10503,69,3,32.1,39.8,,run
2026-07-31T20:08:37+03:00,1785517717,10508,69,3,32.1,40.2,,run
2026-07-31T20:08:43+03:00,1785517723,10514,69,3,32.1,42.0,,run
2026-07-31T20:08:48+03:00,1785517728,10519,69,3,32.1,42.9,,run
2026-07-31T20:08:53+03:00,1785517733,10524,69,3,32.1,46.7,,run
2026-07-31T20:08:58+03:00,1785517738,10529,69,3,32.1,41.7,,run
2026-07-31T20:09:04+03:00,1785517744,10535,69,3,32.1,42.0,,run
2026-07-31T20:09:09+03:00,1785517749,10540,69,3,32.1,41.1,,run
2026-07-31T20:09:14+03:00,1785517754,10545,69,3,32.1,41.7,,run
2026-07-31T20:09:19+03:00,1785517759,10550,69,3,32.1,42.0,,run
2026-07-31T20:09:25+03:00,1785517765,10556,69,3,32.1,41.4,,run
2026-07-31T20:09:30+03:00,1785517770,10561,69,3,32.1,41.1,,run
2026-07-31T20:09:35+03:00,1785517775,10566,69,3,32.1,42.0,,run
2026-07-31T20:09:40+03:00,1785517780,10571,69,3,32.1,41.7,,run
2026-07-31T20:09:45+03:00,1785517785,10576,69,3,32.1,42.9,,run
2026-07-31T20:09:51+03:00,1785517791,10582,69,3,32.1,42.0,,run
2026-07-31T20:09:56+03:00,1785517796,10587,69,3,32.1,40.2,,run
2026-07-31T20:10:01+03:00,1785517801,10592,68,3,32.1,40.5,,run
2026-07-31T20:10:06+03:00,1785517806,10597,68,3,32.1,49.7,,run
2026-07-31T20:10:12+03:00,1785517812,10603,68,3,32.1,42.9,,run
2026-07-31T20:10:17+03:00,1785517817,10608,68,3,32.1,42.3,,run
2026-07-31T20:10:23+03:00,1785517823,10614,68,3,32.1,40.2,,run
2026-07-31T20:10:28+03:00,1785517828,10619,68,3,32.1,39.5,,run
2026-07-31T20:10:33+03:00,1785517833,10624,68,3,32.1,38.9,,run
2026-07-31T20:10:38+03:00,1785517838,10629,68,3,32.1,39.8,,run
2026-07-31T20:10:43+03:00,1785517843,10634,68,3,32.1,41.4,,run
2026-07-31T20:10:49+03:00,1785517849,10640,68,3,32.1,39.8,,run
2026-07-31T20:10:54+03:00,1785517854,10645,68,3,32.1,42.3,,run
2026-07-31T20:10:59+03:00,1785517859,10650,68,3,32.1,52.2,,run
2026-07-31T20:11:05+03:00,1785517865,10656,68,3,32.1,44.2,,run
2026-07-31T20:11:10+03:00,1785517870,10661,68,3,32.1,42.0,,run
2026-07-31T20:11:15+03:00,1785517875,10666,68,3,32.1,43.6,,run
2026-07-31T20:11:20+03:00,1785517880,10671,68,3,32.1,42.3,,run
2026-07-31T20:11:25+03:00,1785517885,10676,68,3,32.1,42.3,,run
2026-07-31T20:11:31+03:00,1785517891,10682,68,3,32.1,45.4,,run
2026-07-31T20:11:36+03:00,1785517896,10687,68,3,32.1,42.9,,run
2026-07-31T20:11:41+03:00,1785517901,10692,68,3,32.1,43.2,,run
2026-07-31T20:11:46+03:00,1785517906,10697,68,3,32.1,42.6,,run
2026-07-31T20:11:52+03:00,1785517912,10703,68,3,32.1,43.2,,run
2026-07-31T20:11:57+03:00,1785517917,10708,68,3,32.1,42.9,,run
2026-07-31T20:12:02+03:00,1785517922,10713,68,3,32.1,43.2,,run
2026-07-31T20:12:07+03:00,1785517927,10718,68,3,32.1,43.2,,run
2026-07-31T20:12:13+03:00,1785517933,10724,68,3,32.1,46.0,,run
2026-07-31T20:12:18+03:00,1785517938,10729,68,3,32.1,47.3,,run
2026-07-31T20:12:23+03:00,1785517943,10734,68,3,32.1,46.7,,run
2026-07-31T20:12:28+03:00,1785517948,10739,68,3,32.1,41.7,,run
2026-07-31T20:12:33+03:00,1785517953,10744,68,3,32.1,40.5,,run
2026-07-31T20:12:39+03:00,1785517959,10750,68,3,32.1,39.5,,run
2026-07-31T20:12:44+03:00,1785517964,10755,68,3,32.1,40.2,,run
2026-07-31T20:12:49+03:00,1785517969,10760,68,3,32.1,39.8,,run
2026-07-31T20:12:54+03:00,1785517974,10765,68,3,32.1,41.7,,run
2026-07-31T20:13:00+03:00,1785517980,10771,68,3,32.1,40.2,,run
2026-07-31T20:13:05+03:00,1785517985,10776,68,3,32.1,52.2,,run
2026-07-31T20:13:10+03:00,1785517990,10781,68,3,32.1,42.0,,run
2026-07-31T20:13:15+03:00,1785517995,10786,68,3,32.1,42.3,,run
2026-07-31T20:13:21+03:00,1785518001,10792,68,3,32.1,41.4,,run
2026-07-31T20:13:26+03:00,1785518006,10797,68,3,32.1,43.6,,run
2026-07-31T20:13:31+03:00,1785518011,10802,68,3,32.2,42.6,,run
2026-07-31T20:13:36+03:00,1785518016,10807,68,3,32.2,42.6,,run
2026-07-31T20:13:42+03:00,1785518022,10813,68,3,32.2,41.7,,run
2026-07-31T20:13:47+03:00,1785518027,10818,68,3,32.2,40.5,,run
2026-07-31T20:13:52+03:00,1785518032,10823,68,3,32.2,42.9,,run
2026-07-31T20:13:57+03:00,1785518037,10828,68,3,32.2,41.7,,run
2026-07-31T20:14:02+03:00,1785518042,10833,68,3,32.2,41.1,,run
2026-07-31T20:14:08+03:00,1785518048,10839,68,3,32.2,40.5,,run
2026-07-31T20:14:13+03:00,1785518053,10844,68,3,32.2,41.1,,run
2026-07-31T20:14:18+03:00,1785518058,10849,68,3,32.2,46.0,,run
2026-07-31T20:14:23+03:00,1785518063,10854,68,3,32.2,47.9,,run
2026-07-31T20:14:29+03:00,1785518069,10860,68,3,32.2,47.0,,run
2026-07-31T20:14:34+03:00,1785518074,10865,68,3,32.2,41.1,,run
2026-07-31T20:14:39+03:00,1785518079,10870,68,3,32.2,40.5,,run
2026-07-31T20:14:44+03:00,1785518084,10875,68,3,32.2,39.8,,run
2026-07-31T20:14:50+03:00,1785518090,10881,68,3,32.2,40.8,,run
2026-07-31T20:14:55+03:00,1785518095,10886,68,3,32.2,41.7,,run
2026-07-31T20:15:00+03:00,1785518100,10891,68,3,32.2,41.1,,run
2026-07-31T20:15:06+03:00,1785518106,10897,68,3,32.2,39.5,,run
2026-07-31T20:15:11+03:00,1785518111,10902,68,3,32.2,52.2,,run
2026-07-31T20:15:16+03:00,1785518116,10907,68,3,32.2,45.4,,run
2026-07-31T20:15:22+03:00,1785518122,10913,68,3,32.2,42.6,,run
2026-07-31T20:15:27+03:00,1785518127,10918,68,3,32.2,41.4,,run
2026-07-31T20:15:32+03:00,1785518132,10923,68,3,32.2,43.2,,run
2026-07-31T20:15:37+03:00,1785518137,10928,68,3,32.2,43.6,,run
2026-07-31T20:15:43+03:00,1785518143,10934,68,3,32.2,42.9,,run
2026-07-31T20:15:48+03:00,1785518148,10939,68,3,32.2,42.0,,run
2026-07-31T20:15:53+03:00,1785518153,10944,68,3,32.2,42.3,,run
2026-07-31T20:15:58+03:00,1785518158,10949,68,3,32.2,42.6,,run
2026-07-31T20:16:04+03:00,1785518164,10955,68,3,32.2,42.9,,run
2026-07-31T20:16:09+03:00,1785518169,10960,68,3,32.2,44.2,,run
2026-07-31T20:16:14+03:00,1785518174,10965,68,3,32.2,42.9,,run
2026-07-31T20:16:19+03:00,1785518179,10970,68,3,32.2,41.1,,run
2026-07-31T20:16:25+03:00,1785518185,10976,68,3,32.2,48.2,,run
2026-07-31T20:16:30+03:00,1785518190,10981,68,3,32.2,52.8,,run
2026-07-31T20:16:35+03:00,1785518195,10986,68,3,32.2,42.6,,run
2026-07-31T20:16:40+03:00,1785518200,10991,68,3,32.2,41.1,,run
2026-07-31T20:16:46+03:00,1785518206,10997,68,3,32.2,40.8,,run
2026-07-31T20:16:51+03:00,1785518211,11002,68,3,32.2,40.8,,run
2026-07-31T20:16:56+03:00,1785518216,11007,68,3,32.2,38.9,,run
2026-07-31T20:17:01+03:00,1785518221,11012,68,3,32.2,40.5,,run
2026-07-31T20:17:07+03:00,1785518227,11018,68,3,32.2,38.9,,run
2026-07-31T20:17:12+03:00,1785518232,11023,68,3,32.2,42.6,,run
2026-07-31T20:17:17+03:00,1785518237,11028,68,3,32.2,54.1,,run
2026-07-31T20:17:23+03:00,1785518243,11034,68,3,32.2,43.6,,run
2026-07-31T20:17:28+03:00,1785518248,11039,68,3,32.2,42.0,,run
2026-07-31T20:17:33+03:00,1785518253,11044,68,3,32.2,41.1,,run
2026-07-31T20:17:39+03:00,1785518259,11050,68,3,32.2,42.0,,run
2026-07-31T20:17:44+03:00,1785518264,11055,68,3,32.2,43.2,,run
2026-07-31T20:17:49+03:00,1785518269,11060,68,3,32.2,42.0,,run
2026-07-31T20:17:54+03:00,1785518274,11065,68,3,32.2,41.4,,run
2026-07-31T20:17:59+03:00,1785518279,11070,68,3,32.2,40.8,,run
2026-07-31T20:18:05+03:00,1785518285,11076,68,3,32.2,40.5,,run
2026-07-31T20:18:10+03:00,1785518290,11081,68,3,32.2,42.6,,run
2026-07-31T20:18:15+03:00,1785518295,11086,68,3,32.2,41.4,,run
2026-07-31T20:18:20+03:00,1785518300,11091,68,3,32.2,41.4,,run
2026-07-31T20:18:26+03:00,1785518306,11097,68,3,32.2,40.8,,run
2026-07-31T20:18:31+03:00,1785518311,11102,68,3,32.2,41.1,,run
2026-07-31T20:18:36+03:00,1785518316,11107,68,3,32.2,52.5,,run
2026-07-31T20:18:41+03:00,1785518321,11112,68,3,32.2,42.6,,run
2026-07-31T20:18:47+03:00,1785518327,11118,68,3,32.2,41.4,,run
2026-07-31T20:18:52+03:00,1785518332,11123,68,3,32.2,40.2,,run
2026-07-31T20:18:57+03:00,1785518337,11128,68,3,32.2,40.5,,run
2026-07-31T20:19:02+03:00,1785518342,11133,68,3,32.2,39.5,,run
2026-07-31T20:19:08+03:00,1785518348,11139,68,3,32.2,41.1,,run
2026-07-31T20:19:13+03:00,1785518353,11144,68,3,32.2,40.8,,run
2026-07-31T20:19:18+03:00,1785518358,11149,68,3,32.2,39.5,,run
2026-07-31T20:19:23+03:00,1785518363,11154,68,3,32.2,42.0,,run
2026-07-31T20:19:29+03:00,1785518369,11160,68,3,32.2,47.9,,run
2026-07-31T20:19:34+03:00,1785518374,11165,68,3,32.2,41.7,,run
2026-07-31T20:19:39+03:00,1785518379,11170,68,3,32.2,41.7,,run
2026-07-31T20:19:44+03:00,1785518384,11175,68,3,32.2,42.6,,run
2026-07-31T20:19:50+03:00,1785518390,11181,68,3,32.2,41.1,,run
2026-07-31T20:19:55+03:00,1785518395,11186,68,3,32.2,41.4,,run
2026-07-31T20:20:00+03:00,1785518400,11191,68,3,32.2,41.1,,run
2026-07-31T20:20:05+03:00,1785518405,11196,68,3,32.2,41.7,,run
2026-07-31T20:20:10+03:00,1785518410,11201,68,3,32.2,43.2,,run
2026-07-31T20:20:16+03:00,1785518416,11207,68,3,32.2,40.8,,run
2026-07-31T20:20:21+03:00,1785518421,11212,68,3,32.2,41.1,,run
2026-07-31T20:20:26+03:00,1785518426,11217,68,3,32.2,40.2,,run
2026-07-31T20:20:31+03:00,1785518431,11222,68,3,32.2,41.1,,run
2026-07-31T20:20:37+03:00,1785518437,11228,68,3,32.2,42.3,,run
2026-07-31T20:20:42+03:00,1785518442,11233,68,3,32.2,48.8,,run
2026-07-31T20:20:47+03:00,1785518447,11238,68,3,32.2,43.6,,run
2026-07-31T20:20:53+03:00,1785518453,11244,68,3,32.2,44.5,,run
2026-07-31T20:20:58+03:00,1785518458,11249,68,3,32.2,40.8,,run
2026-07-31T20:21:03+03:00,1785518463,11254,68,3,32.2,40.5,,run
2026-07-31T20:21:08+03:00,1785518468,11259,68,3,32.2,39.2,,run
2026-07-31T20:21:14+03:00,1785518474,11265,68,3,32.2,39.8,,run
2026-07-31T20:21:19+03:00,1785518479,11270,68,3,32.2,40.8,,run
2026-07-31T20:21:24+03:00,1785518484,11275,68,3,32.2,40.5,,run
2026-07-31T20:21:29+03:00,1785518489,11280,68,3,32.2,39.2,,run
2026-07-31T20:21:35+03:00,1785518495,11286,68,3,32.2,52.2,,run
2026-07-31T20:21:40+03:00,1785518500,11291,68,3,32.2,45.4,,run
2026-07-31T20:21:45+03:00,1785518505,11296,67,3,32.1,42.6,,run
2026-07-31T20:21:51+03:00,1785518511,11302,67,3,32.1,41.1,,run
2026-07-31T20:21:56+03:00,1785518516,11307,67,3,32.1,41.1,,run
2026-07-31T20:22:01+03:00,1785518521,11312,67,3,32.1,41.7,,run
2026-07-31T20:22:06+03:00,1785518526,11317,67,3,32.1,42.9,,run
2026-07-31T20:22:12+03:00,1785518532,11323,67,3,32.1,42.0,,run
2026-07-31T20:22:17+03:00,1785518537,11328,67,3,32.1,41.4,,run
2026-07-31T20:22:22+03:00,1785518542,11333,67,3,32.1,41.4,,run
2026-07-31T20:22:27+03:00,1785518547,11338,67,3,32.1,42.6,,run
2026-07-31T20:22:33+03:00,1785518553,11344,67,3,32.1,42.9,,run
2026-07-31T20:22:38+03:00,1785518558,11349,67,3,32.1,42.0,,run
2026-07-31T20:22:43+03:00,1785518563,11354,67,3,32.1,41.7,,run
2026-07-31T20:22:48+03:00,1785518568,11359,67,3,32.1,46.7,,run
2026-07-31T20:22:53+03:00,1785518573,11364,67,3,32.1,52.5,,run
2026-07-31T20:22:59+03:00,1785518579,11370,67,3,32.1,45.4,,run
2026-07-31T20:23:04+03:00,1785518584,11375,67,3,32.1,40.8,,run
2026-07-31T20:23:09+03:00,1785518589,11380,67,3,32.1,39.5,,run
2026-07-31T20:23:14+03:00,1785518594,11385,67,3,32.1,39.5,,run
2026-07-31T20:23:20+03:00,1785518600,11391,67,3,32.1,40.2,,run
2026-07-31T20:23:25+03:00,1785518605,11396,67,3,32.1,40.2,,run
2026-07-31T20:23:30+03:00,1785518610,11401,67,3,32.0,39.5,,run
2026-07-31T20:23:35+03:00,1785518615,11406,67,3,32.0,40.8,,run
2026-07-31T20:23:41+03:00,1785518621,11412,67,3,32.0,51.3,,run
2026-07-31T20:23:46+03:00,1785518626,11417,67,3,32.0,44.5,,run
2026-07-31T20:23:52+03:00,1785518632,11423,67,3,32.0,42.3,,run
2026-07-31T20:23:57+03:00,1785518637,11428,67,3,32.0,42.3,,run
2026-07-31T20:24:02+03:00,1785518642,11433,67,3,32.0,41.7,,run
2026-07-31T20:24:07+03:00,1785518647,11438,67,3,32.0,41.7,,run
2026-07-31T20:24:13+03:00,1785518653,11444,67,3,32.0,42.0,,run
2026-07-31T20:24:18+03:00,1785518658,11449,67,3,32.0,41.7,,run
2026-07-31T20:24:23+03:00,1785518663,11454,67,3,32.0,41.7,,run
2026-07-31T20:24:28+03:00,1785518668,11459,67,3,32.0,41.4,,run
2026-07-31T20:24:34+03:00,1785518674,11465,67,3,32.0,40.5,,run
2026-07-31T20:24:39+03:00,1785518679,11470,67,3,32.0,44.2,,run
2026-07-31T20:24:44+03:00,1785518684,11475,67,3,32.0,41.4,,run
2026-07-31T20:24:49+03:00,1785518689,11480,67,3,32.0,41.4,,run
2026-07-31T20:24:54+03:00,1785518694,11485,67,3,32.0,40.8,,run
2026-07-31T20:25:00+03:00,1785518700,11491,67,3,32.0,51.6,,run
2026-07-31T20:25:05+03:00,1785518705,11496,67,3,32.0,42.0,,run
2026-07-31T20:25:10+03:00,1785518710,11501,67,3,32.0,42.0,,run
2026-07-31T20:25:16+03:00,1785518716,11507,67,3,32.0,40.8,,run
2026-07-31T20:25:21+03:00,1785518721,11512,67,3,32.0,39.8,,run
2026-07-31T20:25:26+03:00,1785518726,11517,67,3,32.0,38.9,,run
2026-07-31T20:25:31+03:00,1785518731,11522,67,3,32.0,41.7,,run
2026-07-31T20:25:36+03:00,1785518736,11527,67,3,32.0,39.8,,run
2026-07-31T20:25:42+03:00,1785518742,11533,67,3,32.0,41.7,,run
2026-07-31T20:25:47+03:00,1785518747,11538,67,3,32.0,41.7,,run
2026-07-31T20:25:52+03:00,1785518752,11543,67,3,32.0,53.5,,run
2026-07-31T20:25:58+03:00,1785518758,11549,67,3,32.0,43.9,,run
2026-07-31T20:26:03+03:00,1785518763,11554,67,3,32.0,42.3,,run
2026-07-31T20:26:09+03:00,1785518769,11560,67,3,32.0,41.7,,run
2026-07-31T20:26:14+03:00,1785518774,11565,67,3,32.0,42.0,,run
2026-07-31T20:26:19+03:00,1785518779,11570,67,3,32.0,41.4,,run
2026-07-31T20:26:24+03:00,1785518784,11575,67,3,32.0,41.4,,run
2026-07-31T20:26:30+03:00,1785518790,11581,67,3,32.0,43.2,,run
2026-07-31T20:26:35+03:00,1785518795,11586,67,3,32.0,42.6,,run
2026-07-31T20:26:40+03:00,1785518800,11591,67,3,32.0,41.1,,run
2026-07-31T20:26:45+03:00,1785518805,11596,67,3,32.0,41.4,,run
2026-07-31T20:26:50+03:00,1785518810,11601,67,3,32.0,41.1,,run
2026-07-31T20:26:56+03:00,1785518816,11607,67,3,32.0,41.4,,run
2026-07-31T20:27:01+03:00,1785518821,11612,67,3,32.0,42.0,,run
2026-07-31T20:27:06+03:00,1785518826,11617,67,3,32.0,41.4,,run
2026-07-31T20:27:11+03:00,1785518831,11622,67,3,32.0,52.8,,run
2026-07-31T20:27:17+03:00,1785518837,11628,67,3,32.0,42.0,,run
2026-07-31T20:27:22+03:00,1785518842,11633,67,3,32.0,40.8,,run
2026-07-31T20:27:27+03:00,1785518847,11638,67,3,32.0,41.4,,run
2026-07-31T20:27:33+03:00,1785518853,11644,67,3,32.0,40.2,,run
2026-07-31T20:27:38+03:00,1785518858,11649,67,3,32.0,39.5,,run
2026-07-31T20:27:43+03:00,1785518863,11654,67,3,32.0,39.8,,run
2026-07-31T20:27:48+03:00,1785518868,11659,67,3,32.0,41.4,,run
2026-07-31T20:27:54+03:00,1785518874,11665,67,3,32.0,40.5,,run
2026-07-31T20:27:59+03:00,1785518879,11670,67,3,32.0,40.2,,run
2026-07-31T20:28:04+03:00,1785518884,11675,67,3,32.0,51.0,,run
2026-07-31T20:28:10+03:00,1785518890,11681,67,3,32.0,42.6,,run
2026-07-31T20:28:15+03:00,1785518895,11686,67,3,32.0,43.6,,run
2026-07-31T20:28:20+03:00,1785518900,11691,67,3,32.0,42.0,,run
2026-07-31T20:28:25+03:00,1785518905,11696,67,3,32.0,40.8,,run
2026-07-31T20:28:31+03:00,1785518911,11702,67,3,32.0,41.7,,run
2026-07-31T20:28:36+03:00,1785518916,11707,67,3,32.0,42.0,,run
2026-07-31T20:28:41+03:00,1785518921,11712,67,3,32.0,42.0,,run
2026-07-31T20:28:46+03:00,1785518926,11717,67,3,32.0,41.7,,run
2026-07-31T20:28:52+03:00,1785518932,11723,67,3,32.0,40.8,,run
2026-07-31T20:28:57+03:00,1785518937,11728,67,3,32.0,41.7,,run
2026-07-31T20:29:02+03:00,1785518942,11733,67,3,32.0,41.4,,run
2026-07-31T20:29:07+03:00,1785518947,11738,67,3,32.0,40.5,,run
2026-07-31T20:29:13+03:00,1785518953,11744,67,3,32.0,43.2,,run
2026-07-31T20:29:18+03:00,1785518958,11749,67,3,32.0,42.0,,run
2026-07-31T20:29:23+03:00,1785518963,11754,67,3,32.0,52.2,,run
2026-07-31T20:29:28+03:00,1785518968,11759,67,3,32.0,47.6,,run
2026-07-31T20:29:34+03:00,1785518974,11765,67,3,32.0,40.5,,run
2026-07-31T20:29:39+03:00,1785518979,11770,67,3,32.0,40.5,,run
2026-07-31T20:29:44+03:00,1785518984,11775,67,3,32.0,39.5,,run
2026-07-31T20:29:49+03:00,1785518989,11780,67,3,32.0,38.9,,run
2026-07-31T20:29:54+03:00,1785518994,11785,67,3,32.0,41.4,,run
2026-07-31T20:30:00+03:00,1785519000,11791,67,3,32.0,39.8,,run
2026-07-31T20:30:05+03:00,1785519005,11796,67,3,32.0,47.3,,run
2026-07-31T20:30:10+03:00,1785519010,11801,67,3,32.0,43.6,,run
2026-07-31T20:30:16+03:00,1785519016,11807,67,3,32.0,42.0,,run
2026-07-31T20:30:21+03:00,1785519021,11812,67,3,32.0,42.0,,run
2026-07-31T20:30:26+03:00,1785519026,11817,67,3,32.0,43.9,,run
2026-07-31T20:30:31+03:00,1785519031,11822,67,3,32.0,42.6,,run
2026-07-31T20:30:37+03:00,1785519037,11828,67,3,32.0,42.3,,run
2026-07-31T20:30:42+03:00,1785519042,11833,67,3,32.0,40.8,,run
2026-07-31T20:30:47+03:00,1785519047,11838,67,3,32.0,41.4,,run
2026-07-31T20:30:52+03:00,1785519052,11843,67,3,32.0,41.7,,run
2026-07-31T20:30:57+03:00,1785519057,11848,67,3,32.0,42.3,,run
2026-07-31T20:31:03+03:00,1785519063,11854,67,3,32.0,42.3,,run
2026-07-31T20:31:08+03:00,1785519068,11859,67,3,32.0,41.1,,run
2026-07-31T20:31:13+03:00,1785519073,11864,67,3,32.0,41.1,,run
2026-07-31T20:31:18+03:00,1785519078,11869,67,3,32.0,40.8,,run
2026-07-31T20:31:24+03:00,1785519084,11875,67,3,32.0,53.1,,run
2026-07-31T20:31:29+03:00,1785519089,11880,67,3,32.0,41.7,,run
2026-07-31T20:31:34+03:00,1785519094,11885,67,3,32.0,42.0,,run
2026-07-31T20:31:40+03:00,1785519100,11891,67,3,32.0,40.5,,run
2026-07-31T20:31:45+03:00,1785519105,11896,67,3,32.0,40.2,,run
2026-07-31T20:31:50+03:00,1785519110,11901,67,3,32.0,38.9,,run
2026-07-31T20:31:55+03:00,1785519115,11906,67,3,32.0,40.2,,run
2026-07-31T20:32:00+03:00,1785519120,11911,67,3,32.0,38.9,,run
2026-07-31T20:32:06+03:00,1785519126,11917,67,3,32.0,44.2,,run
2026-07-31T20:32:11+03:00,1785519131,11922,67,3,32.0,47.6,,run
2026-07-31T20:32:16+03:00,1785519136,11927,67,3,32.0,43.9,,run
2026-07-31T20:32:21+03:00,1785519141,11932,67,3,32.0,42.3,,run
2026-07-31T20:32:27+03:00,1785519147,11938,67,3,32.0,41.7,,run
2026-07-31T20:32:32+03:00,1785519152,11943,67,3,32.0,41.4,,run
2026-07-31T20:32:37+03:00,1785519157,11948,67,3,32.0,40.8,,run
2026-07-31T20:32:42+03:00,1785519162,11953,67,3,32.0,43.2,,run
2026-07-31T20:32:48+03:00,1785519168,11959,67,3,32.0,42.9,,run
2026-07-31T20:32:53+03:00,1785519173,11964,67,3,32.0,40.8,,run
2026-07-31T20:32:58+03:00,1785519178,11969,67,3,32.0,41.1,,run
2026-07-31T20:33:03+03:00,1785519183,11974,67,3,32.0,41.7,,run
2026-07-31T20:33:08+03:00,1785519188,11979,67,3,32.0,42.0,,run
2026-07-31T20:33:14+03:00,1785519194,11985,67,3,32.0,42.9,,run
2026-07-31T20:33:19+03:00,1785519199,11990,67,3,32.0,40.8,,run
2026-07-31T20:33:24+03:00,1785519204,11995,67,3,32.0,49.7,,run
2026-07-31T20:33:30+03:00,1785519210,12001,67,3,32.1,43.2,,run
2026-07-31T20:33:35+03:00,1785519215,12006,67,3,32.1,43.2,,run
2026-07-31T20:33:40+03:00,1785519220,12011,67,3,32.1,40.2,,run
2026-07-31T20:33:45+03:00,1785519225,12016,67,3,32.1,39.5,,run
2026-07-31T20:33:51+03:00,1785519231,12022,67,3,32.1,39.2,,run
2026-07-31T20:33:56+03:00,1785519236,12027,67,3,32.1,40.2,,run
2026-07-31T20:34:01+03:00,1785519241,12032,67,3,32.1,41.7,,run
2026-07-31T20:34:06+03:00,1785519246,12037,67,3,32.1,42.6,,run
2026-07-31T20:34:12+03:00,1785519252,12043,67,3,32.1,50.4,,run
2026-07-31T20:34:17+03:00,1785519257,12048,67,3,32.1,43.6,,run
2026-07-31T20:34:22+03:00,1785519262,12053,67,3,32.1,43.9,,run
2026-07-31T20:34:27+03:00,1785519267,12058,67,3,32.1,42.9,,run
2026-07-31T20:34:33+03:00,1785519273,12064,67,3,32.1,41.4,,run
2026-07-31T20:34:38+03:00,1785519278,12069,66,3,32.0,41.1,,run
2026-07-31T20:34:43+03:00,1785519283,12074,66,3,32.0,41.7,,run
2026-07-31T20:34:48+03:00,1785519288,12079,66,3,32.0,41.4,,run
2026-07-31T20:34:53+03:00,1785519293,12084,66,3,32.0,42.0,,run
2026-07-31T20:34:59+03:00,1785519299,12090,66,3,32.0,41.4,,run
2026-07-31T20:35:04+03:00,1785519304,12095,66,3,32.0,40.8,,run
2026-07-31T20:35:09+03:00,1785519309,12100,66,3,32.0,40.5,,run
2026-07-31T20:35:14+03:00,1785519314,12105,66,3,32.0,41.1,,run
2026-07-31T20:35:20+03:00,1785519320,12111,66,3,32.0,43.6,,run
2026-07-31T20:35:25+03:00,1785519325,12116,66,3,32.0,46.3,,run
2026-07-31T20:35:30+03:00,1785519330,12121,66,3,32.0,45.1,,run
2026-07-31T20:35:35+03:00,1785519335,12126,66,3,32.0,41.7,,run
2026-07-31T20:35:41+03:00,1785519341,12132,66,3,32.0,40.5,,run
2026-07-31T20:35:46+03:00,1785519346,12137,66,3,32.0,40.5,,run
2026-07-31T20:35:51+03:00,1785519351,12142,66,3,32.0,39.2,,run
2026-07-31T20:35:56+03:00,1785519356,12147,66,3,32.0,39.8,,run
2026-07-31T20:36:02+03:00,1785519362,12153,66,3,32.0,40.8,,run
2026-07-31T20:36:07+03:00,1785519367,12158,66,3,32.0,40.5,,run
2026-07-31T20:36:12+03:00,1785519372,12163,66,3,32.0,52.2,,run
2026-07-31T20:36:17+03:00,1785519377,12168,66,3,32.0,42.9,,run
2026-07-31T20:36:23+03:00,1785519383,12174,66,3,32.0,42.0,,run
2026-07-31T20:36:28+03:00,1785519388,12179,66,3,32.0,42.0,,run
2026-07-31T20:36:33+03:00,1785519393,12184,66,3,32.0,42.6,,run
2026-07-31T20:36:38+03:00,1785519398,12189,66,3,32.0,41.1,,run
2026-07-31T20:36:43+03:00,1785519403,12194,66,3,32.0,41.1,,run
2026-07-31T20:36:49+03:00,1785519409,12200,66,3,32.0,41.7,,run
2026-07-31T20:36:54+03:00,1785519414,12205,66,3,32.0,41.7,,run
2026-07-31T20:36:59+03:00,1785519419,12210,66,3,32.0,42.3,,run
2026-07-31T20:37:04+03:00,1785519424,12215,66,3,32.0,41.4,,run
2026-07-31T20:37:10+03:00,1785519430,12221,66,3,32.0,40.8,,run
2026-07-31T20:37:15+03:00,1785519435,12226,66,3,32.0,40.5,,run
2026-07-31T20:37:20+03:00,1785519440,12231,66,3,32.0,41.4,,run
2026-07-31T20:37:25+03:00,1785519445,12236,66,3,32.0,44.8,,run
2026-07-31T20:37:31+03:00,1785519451,12242,66,3,32.0,45.4,,run
2026-07-31T20:37:36+03:00,1785519456,12247,66,3,32.0,43.6,,run
2026-07-31T20:37:41+03:00,1785519461,12252,66,3,32.0,41.1,,run
2026-07-31T20:37:46+03:00,1785519466,12257,66,3,32.0,40.2,,run
2026-07-31T20:37:51+03:00,1785519471,12262,66,3,32.0,39.5,,run
2026-07-31T20:37:57+03:00,1785519477,12268,66,3,32.0,41.1,,run
2026-07-31T20:38:02+03:00,1785519482,12273,66,3,32.0,41.7,,run
2026-07-31T20:38:07+03:00,1785519487,12278,66,3,32.0,41.1,,run
2026-07-31T20:38:12+03:00,1785519492,12283,66,3,32.0,52.2,,run
2026-07-31T20:38:18+03:00,1785519498,12289,66,3,32.0,43.6,,run
2026-07-31T20:38:23+03:00,1785519503,12294,66,3,32.0,42.0,,run
2026-07-31T20:38:28+03:00,1785519508,12299,66,3,32.0,42.3,,run
2026-07-31T20:38:33+03:00,1785519513,12304,66,3,32.0,42.0,,run
2026-07-31T20:38:39+03:00,1785519519,12310,66,3,32.0,43.9,,run
2026-07-31T20:38:44+03:00,1785519524,12315,66,3,32.0,42.3,,run
2026-07-31T20:38:49+03:00,1785519529,12320,66,3,32.0,41.1,,run
2026-07-31T20:38:54+03:00,1785519534,12325,66,3,32.0,41.1,,run
2026-07-31T20:39:00+03:00,1785519540,12331,66,3,32.0,41.7,,run
2026-07-31T20:39:05+03:00,1785519545,12336,66,3,32.0,42.3,,run
2026-07-31T20:39:10+03:00,1785519550,12341,66,3,32.0,42.0,,run
2026-07-31T20:39:15+03:00,1785519555,12346,66,3,32.0,41.4,,run
2026-07-31T20:39:20+03:00,1785519560,12351,66,3,32.0,40.5,,run
2026-07-31T20:39:26+03:00,1785519566,12357,66,3,32.0,47.6,,run
2026-07-31T20:39:31+03:00,1785519571,12362,66,3,32.0,52.8,,run
2026-07-31T20:39:36+03:00,1785519576,12367,66,3,32.0,43.2,,run
2026-07-31T20:39:41+03:00,1785519581,12372,66,3,32.0,40.5,,run
2026-07-31T20:39:47+03:00,1785519587,12378,66,3,32.0,40.5,,run
2026-07-31T20:39:52+03:00,1785519592,12383,66,3,32.0,39.8,,run
2026-07-31T20:39:57+03:00,1785519597,12388,66,3,32.0,38.6,,run
2026-07-31T20:40:02+03:00,1785519602,12393,66,3,32.0,38.9,,run
2026-07-31T20:40:07+03:00,1785519607,12398,66,3,32.0,40.5,,run
2026-07-31T20:40:13+03:00,1785519613,12404,66,3,32.0,41.1,,run
2026-07-31T20:40:18+03:00,1785519618,12409,66,3,32.0,40.5,,run
2026-07-31T20:40:23+03:00,1785519623,12414,66,3,32.0,40.2,,run
2026-07-31T20:40:28+03:00,1785519628,12419,66,3,32.0,39.2,,run
2026-07-31T20:40:34+03:00,1785519634,12425,66,3,32.0,39.2,,run
2026-07-31T20:40:39+03:00,1785519639,12430,66,3,32.0,40.8,,run
2026-07-31T20:40:44+03:00,1785519644,12435,66,3,32.0,39.5,,run
2026-07-31T20:40:49+03:00,1785519649,12440,66,3,32.0,39.8,,run
2026-07-31T20:40:54+03:00,1785519654,12445,66,3,32.0,39.8,,run
2026-07-31T20:41:00+03:00,1785519660,12451,66,3,32.0,38.9,,run
2026-07-31T20:41:05+03:00,1785519665,12456,66,3,32.0,39.2,,run
2026-07-31T20:41:10+03:00,1785519670,12461,66,3,32.0,40.2,,run
2026-07-31T20:41:15+03:00,1785519675,12466,66,3,32.0,39.5,,run
2026-07-31T20:41:21+03:00,1785519681,12472,66,3,32.0,51.6,,run
2026-07-31T20:41:26+03:00,1785519686,12477,66,3,32.0,47.9,,run
2026-07-31T20:41:31+03:00,1785519691,12482,66,3,32.0,42.3,,run
2026-07-31T20:41:37+03:00,1785519697,12488,66,3,32.0,41.1,,run
2026-07-31T20:41:42+03:00,1785519702,12493,66,3,32.0,42.6,,run
2026-07-31T20:41:47+03:00,1785519707,12498,66,3,32.0,42.9,,run
2026-07-31T20:41:52+03:00,1785519712,12503,66,3,32.0,43.9,,run
2026-07-31T20:41:58+03:00,1785519718,12509,66,3,32.0,42.6,,run
2026-07-31T20:42:03+03:00,1785519723,12514,66,3,32.0,42.0,,run
2026-07-31T20:42:08+03:00,1785519728,12519,66,3,32.0,41.1,,run
2026-07-31T20:42:13+03:00,1785519733,12524,66,3,32.0,43.6,,run
2026-07-31T20:42:18+03:00,1785519738,12529,66,3,32.0,41.4,,run
2026-07-31T20:42:24+03:00,1785519744,12535,66,3,32.0,43.2,,run
2026-07-31T20:42:29+03:00,1785519749,12540,66,3,32.0,42.0,,run
2026-07-31T20:42:34+03:00,1785519754,12545,66,3,32.0,46.7,,run
2026-07-31T20:42:39+03:00,1785519759,12550,66,3,32.0,52.8,,run
2026-07-31T20:42:45+03:00,1785519765,12556,66,3,32.0,44.5,,run
2026-07-31T20:42:50+03:00,1785519770,12561,66,3,32.0,42.3,,run
2026-07-31T20:42:55+03:00,1785519775,12566,66,3,32.0,41.4,,run
2026-07-31T20:43:00+03:00,1785519780,12571,66,3,32.0,40.8,,run
2026-07-31T20:43:06+03:00,1785519786,12577,66,3,32.0,40.2,,run
2026-07-31T20:43:11+03:00,1785519791,12582,66,3,32.0,40.5,,run
2026-07-31T20:43:16+03:00,1785519796,12587,66,3,32.0,38.9,,run
2026-07-31T20:43:21+03:00,1785519801,12592,66,3,32.0,52.8,,run
2026-07-31T20:43:27+03:00,1785519807,12598,66,3,32.0,44.8,,run
2026-07-31T20:43:32+03:00,1785519812,12603,66,3,31.8,41.4,,run
2026-07-31T20:43:38+03:00,1785519818,12609,66,3,31.8,41.7,,run
2026-07-31T20:43:43+03:00,1785519823,12614,66,3,31.8,41.1,,run
2026-07-31T20:43:48+03:00,1785519828,12619,66,3,31.8,41.1,,run
2026-07-31T20:43:53+03:00,1785519833,12624,66,3,31.8,41.4,,run
2026-07-31T20:43:58+03:00,1785519838,12629,66,3,31.8,41.7,,run
2026-07-31T20:44:04+03:00,1785519844,12635,66,3,31.8,41.4,,run
2026-07-31T20:44:09+03:00,1785519849,12640,66,3,31.8,40.8,,run
2026-07-31T20:44:14+03:00,1785519854,12645,66,3,31.8,40.8,,run
2026-07-31T20:44:19+03:00,1785519859,12650,66,3,31.8,41.1,,run
2026-07-31T20:44:25+03:00,1785519865,12656,66,3,31.8,43.6,,run
2026-07-31T20:44:30+03:00,1785519870,12661,66,3,31.8,40.5,,run
2026-07-31T20:44:35+03:00,1785519875,12666,66,3,31.8,47.0,,run
2026-07-31T20:44:40+03:00,1785519880,12671,66,3,31.8,52.5,,run
2026-07-31T20:44:46+03:00,1785519886,12677,66,3,31.8,44.8,,run
2026-07-31T20:44:51+03:00,1785519891,12682,66,3,31.8,40.5,,run
2026-07-31T20:44:56+03:00,1785519896,12687,66,3,31.8,40.5,,run
2026-07-31T20:45:01+03:00,1785519901,12692,66,3,31.8,40.2,,run
2026-07-31T20:45:07+03:00,1785519907,12698,66,3,31.8,38.6,,run
2026-07-31T20:45:12+03:00,1785519912,12703,66,3,31.8,39.8,,run
2026-07-31T20:45:17+03:00,1785519917,12708,66,3,31.8,39.8,,run
2026-07-31T20:45:22+03:00,1785519922,12713,66,3,31.8,41.1,,run
2026-07-31T20:45:27+03:00,1785519927,12718,66,3,31.8,51.6,,run
2026-07-31T20:45:33+03:00,1785519933,12724,66,3,31.8,43.9,,run
2026-07-31T20:45:38+03:00,1785519938,12729,66,3,31.8,41.7,,run
2026-07-31T20:45:43+03:00,1785519943,12734,66,3,31.8,40.8,,run
2026-07-31T20:45:48+03:00,1785519948,12739,66,3,31.8,41.4,,run
2026-07-31T20:45:54+03:00,1785519954,12745,66,3,31.8,41.1,,run
2026-07-31T20:45:59+03:00,1785519959,12750,66,3,31.8,42.9,,run
2026-07-31T20:46:04+03:00,1785519964,12755,66,3,31.8,40.8,,run
2026-07-31T20:46:09+03:00,1785519969,12760,66,3,31.8,40.2,,run
2026-07-31T20:46:15+03:00,1785519975,12766,66,3,31.8,41.1,,run
2026-07-31T20:46:20+03:00,1785519980,12771,66,3,31.8,41.1,,run
2026-07-31T20:46:25+03:00,1785519985,12776,66,3,31.8,40.8,,run
2026-07-31T20:46:30+03:00,1785519990,12781,66,3,31.8,42.6,,run
2026-07-31T20:46:36+03:00,1785519996,12787,66,3,31.8,41.4,,run
2026-07-31T20:46:41+03:00,1785520001,12792,66,3,31.8,50.1,,run
2026-07-31T20:46:46+03:00,1785520006,12797,66,3,31.8,50.7,,run
2026-07-31T20:46:51+03:00,1785520011,12802,66,3,31.8,45.1,,run
2026-07-31T20:46:56+03:00,1785520016,12807,66,3,31.8,41.1,,run
2026-07-31T20:47:02+03:00,1785520022,12813,66,3,31.8,40.2,,run
2026-07-31T20:47:07+03:00,1785520027,12818,66,3,31.8,41.1,,run
2026-07-31T20:47:12+03:00,1785520032,12823,66,3,31.8,40.5,,run
2026-07-31T20:47:17+03:00,1785520037,12828,66,3,31.8,40.5,,run
2026-07-31T20:47:23+03:00,1785520043,12834,66,3,31.8,40.5,,run
2026-07-31T20:47:28+03:00,1785520048,12839,65,3,31.6,41.4,,run
2026-07-31T20:47:33+03:00,1785520053,12844,65,3,31.6,50.4,,run
2026-07-31T20:47:39+03:00,1785520059,12850,65,3,31.6,43.2,,run
2026-07-31T20:47:44+03:00,1785520064,12855,65,3,31.6,41.7,,run
2026-07-31T20:47:49+03:00,1785520069,12860,65,3,31.6,41.4,,run
2026-07-31T20:47:54+03:00,1785520074,12865,65,3,31.6,41.4,,run
2026-07-31T20:47:59+03:00,1785520079,12870,65,3,31.6,40.8,,run
2026-07-31T20:48:05+03:00,1785520085,12876,65,3,31.6,40.8,,run
2026-07-31T20:48:10+03:00,1785520090,12881,65,3,31.6,42.0,,run
2026-07-31T20:48:15+03:00,1785520095,12886,65,3,31.6,41.4,,run
2026-07-31T20:48:20+03:00,1785520100,12891,65,3,31.6,41.1,,run
2026-07-31T20:48:26+03:00,1785520106,12897,65,3,31.6,41.1,,run
2026-07-31T20:48:31+03:00,1785520111,12902,65,3,31.6,39.8,,run
2026-07-31T20:48:36+03:00,1785520116,12907,65,3,31.6,42.0,,run
2026-07-31T20:48:41+03:00,1785520121,12912,65,3,31.6,42.0,,run
2026-07-31T20:48:46+03:00,1785520126,12917,65,3,31.6,42.6,,run
2026-07-31T20:48:52+03:00,1785520132,12923,65,3,31.6,46.3,,run
2026-07-31T20:48:57+03:00,1785520137,12928,65,3,31.6,42.6,,run
2026-07-31T20:49:02+03:00,1785520142,12933,65,3,31.6,40.2,,run
2026-07-31T20:49:07+03:00,1785520147,12938,65,3,31.6,39.2,,run
2026-07-31T20:49:13+03:00,1785520153,12944,65,3,31.6,40.2,,run
2026-07-31T20:49:18+03:00,1785520158,12949,65,3,31.6,40.8,,run
2026-07-31T20:49:23+03:00,1785520163,12954,65,3,31.6,41.7,,run
2026-07-31T20:49:28+03:00,1785520168,12959,65,3,31.6,40.8,,run
2026-07-31T20:49:34+03:00,1785520174,12965,65,3,31.6,41.7,,run
2026-07-31T20:49:39+03:00,1785520179,12970,65,3,31.6,50.1,,run
2026-07-31T20:49:44+03:00,1785520184,12975,65,3,31.6,41.7,,run
2026-07-31T20:49:49+03:00,1785520189,12980,65,3,31.6,41.7,,run
2026-07-31T20:49:55+03:00,1785520195,12986,65,3,31.6,42.6,,run
2026-07-31T20:50:00+03:00,1785520200,12991,65,3,31.6,42.0,,run
2026-07-31T20:50:05+03:00,1785520205,12996,65,3,31.6,41.4,,run
2026-07-31T20:50:10+03:00,1785520210,13001,65,3,31.6,41.7,,run
2026-07-31T20:50:16+03:00,1785520216,13007,65,3,31.6,40.8,,run
2026-07-31T20:50:21+03:00,1785520221,13012,65,3,31.6,42.3,,run
2026-07-31T20:50:26+03:00,1785520226,13017,65,3,31.6,41.4,,run
2026-07-31T20:50:31+03:00,1785520231,13022,65,3,31.6,41.7,,run
2026-07-31T20:50:36+03:00,1785520236,13027,65,3,31.6,40.8,,run
2026-07-31T20:50:42+03:00,1785520242,13033,65,3,31.6,40.2,,run
2026-07-31T20:50:47+03:00,1785520247,13038,65,3,31.6,40.5,,run
2026-07-31T20:50:52+03:00,1785520252,13043,65,3,31.6,45.1,,run
2026-07-31T20:50:57+03:00,1785520257,13048,65,3,31.6,44.8,,run
2026-07-31T20:51:03+03:00,1785520263,13054,65,3,31.6,43.9,,run
2026-07-31T20:51:08+03:00,1785520268,13059,65,3,31.6,41.1,,run
2026-07-31T20:51:13+03:00,1785520273,13064,65,3,31.6,40.5,,run
2026-07-31T20:51:18+03:00,1785520278,13069,65,3,31.6,40.8,,run
2026-07-31T20:51:24+03:00,1785520284,13075,65,3,31.6,42.9,,run
2026-07-31T20:51:29+03:00,1785520289,13080,65,3,31.6,39.5,,run
2026-07-31T20:51:34+03:00,1785520294,13085,65,3,31.6,39.5,,run
2026-07-31T20:51:39+03:00,1785520299,13090,65,3,31.6,40.5,,run
2026-07-31T20:51:45+03:00,1785520305,13096,65,3,31.6,49.7,,run
2026-07-31T20:51:50+03:00,1785520310,13101,65,3,31.6,42.6,,run
2026-07-31T20:51:55+03:00,1785520315,13106,65,3,31.6,41.7,,run
2026-07-31T20:52:00+03:00,1785520320,13111,65,3,31.6,42.0,,run
2026-07-31T20:52:06+03:00,1785520326,13117,65,3,31.6,42.0,,run
2026-07-31T20:52:11+03:00,1785520331,13122,65,3,31.6,41.7,,run
2026-07-31T20:52:16+03:00,1785520336,13127,65,3,31.6,41.1,,run
2026-07-31T20:52:21+03:00,1785520341,13132,65,3,31.6,40.2,,run
2026-07-31T20:52:27+03:00,1785520347,13138,65,3,31.6,42.9,,run
2026-07-31T20:52:32+03:00,1785520352,13143,65,3,31.6,41.7,,run
2026-07-31T20:52:37+03:00,1785520357,13148,65,3,31.6,41.7,,run
2026-07-31T20:52:42+03:00,1785520362,13153,65,3,31.6,43.6,,run
2026-07-31T20:52:47+03:00,1785520367,13158,65,3,31.6,40.5,,run
2026-07-31T20:52:53+03:00,1785520373,13164,65,3,31.6,41.7,,run
2026-07-31T20:52:58+03:00,1785520378,13169,65,3,31.6,43.9,,run
2026-07-31T20:53:03+03:00,1785520383,13174,65,3,31.6,45.7,,run
2026-07-31T20:53:08+03:00,1785520388,13179,65,3,31.6,42.3,,run
2026-07-31T20:53:14+03:00,1785520394,13185,65,3,31.6,40.2,,run
2026-07-31T20:53:19+03:00,1785520399,13190,65,3,31.6,39.8,,run
2026-07-31T20:53:24+03:00,1785520404,13195,65,3,31.6,38.9,,run
2026-07-31T20:53:29+03:00,1785520409,13200,65,3,31.8,40.8,,run
2026-07-31T20:53:35+03:00,1785520415,13206,65,3,31.8,40.8,,run
2026-07-31T20:53:40+03:00,1785520420,13211,65,3,31.8,40.2,,run
2026-07-31T20:53:45+03:00,1785520425,13216,65,3,31.8,39.8,,run
2026-07-31T20:53:50+03:00,1785520430,13221,65,3,31.8,51.0,,run
2026-07-31T20:53:56+03:00,1785520436,13227,65,3,31.8,42.3,,run
2026-07-31T20:54:01+03:00,1785520441,13232,65,3,31.8,42.3,,run
2026-07-31T20:54:06+03:00,1785520446,13237,65,3,31.8,41.1,,run
2026-07-31T20:54:11+03:00,1785520451,13242,65,3,31.8,43.2,,run
2026-07-31T20:54:16+03:00,1785520456,13247,65,3,31.8,42.3,,run
2026-07-31T20:54:22+03:00,1785520462,13253,65,3,31.8,41.1,,run
2026-07-31T20:54:27+03:00,1785520467,13258,65,3,31.8,41.1,,run
2026-07-31T20:54:32+03:00,1785520472,13263,65,3,31.8,41.1,,run
2026-07-31T20:54:37+03:00,1785520477,13268,65,3,31.8,41.7,,run
2026-07-31T20:54:43+03:00,1785520483,13274,65,3,31.8,42.3,,run
2026-07-31T20:54:48+03:00,1785520488,13279,65,3,31.8,41.1,,run
2026-07-31T20:54:53+03:00,1785520493,13284,65,3,31.8,41.1,,run
2026-07-31T20:54:58+03:00,1785520498,13289,65,3,31.8,40.5,,run
2026-07-31T20:55:03+03:00,1785520503,13294,65,3,31.8,48.2,,run
2026-07-31T20:55:09+03:00,1785520509,13300,65,3,31.8,50.4,,run
2026-07-31T20:55:14+03:00,1785520514,13305,65,3,31.8,44.2,,run
2026-07-31T20:55:19+03:00,1785520519,13310,65,3,31.8,40.2,,run
2026-07-31T20:55:24+03:00,1785520524,13315,65,3,31.8,40.2,,run
2026-07-31T20:55:30+03:00,1785520530,13321,65,3,31.8,39.5,,run
2026-07-31T20:55:35+03:00,1785520535,13326,65,3,31.8,38.9,,run
2026-07-31T20:55:40+03:00,1785520540,13331,65,3,31.8,39.2,,run
2026-07-31T20:55:45+03:00,1785520545,13336,65,3,31.8,39.8,,run
2026-07-31T20:55:51+03:00,1785520551,13342,65,3,31.8,42.9,,run
2026-07-31T20:55:56+03:00,1785520556,13347,65,3,31.8,48.8,,run
2026-07-31T20:56:01+03:00,1785520561,13352,65,3,31.8,44.2,,run
2026-07-31T20:56:06+03:00,1785520566,13357,65,3,31.8,42.0,,run
2026-07-31T20:56:12+03:00,1785520572,13363,65,3,31.8,42.0,,run
2026-07-31T20:56:17+03:00,1785520577,13368,65,3,31.8,41.1,,run
2026-07-31T20:56:22+03:00,1785520582,13373,65,3,31.8,40.8,,run
2026-07-31T20:56:27+03:00,1785520587,13378,65,3,31.8,42.9,,run
2026-07-31T20:56:33+03:00,1785520593,13384,65,3,31.8,42.0,,run
2026-07-31T20:56:38+03:00,1785520598,13389,65,3,31.8,40.5,,run
2026-07-31T20:56:43+03:00,1785520603,13394,65,3,31.8,41.4,,run
2026-07-31T20:56:48+03:00,1785520608,13399,65,3,31.8,41.1,,run
2026-07-31T20:56:53+03:00,1785520613,13404,65,3,31.8,41.1,,run
2026-07-31T20:56:59+03:00,1785520619,13410,65,3,31.8,42.3,,run
2026-07-31T20:57:04+03:00,1785520624,13415,65,3,31.8,41.4,,run
2026-07-31T20:57:09+03:00,1785520629,13420,65,3,31.8,49.1,,run
2026-07-31T20:57:15+03:00,1785520635,13426,65,3,31.8,43.2,,run
2026-07-31T20:57:20+03:00,1785520640,13431,65,3,31.8,41.4,,run
2026-07-31T20:57:25+03:00,1785520645,13436,65,3,31.8,39.5,,run
2026-07-31T20:57:30+03:00,1785520650,13441,65,3,31.8,40.2,,run
2026-07-31T20:57:36+03:00,1785520656,13447,65,3,31.8,39.2,,run
2026-07-31T20:57:41+03:00,1785520661,13452,65,3,31.8,39.5,,run
2026-07-31T20:57:46+03:00,1785520666,13457,65,3,31.8,39.8,,run
2026-07-31T20:57:51+03:00,1785520671,13462,65,3,31.8,39.5,,run
2026-07-31T20:57:56+03:00,1785520676,13467,65,3,31.8,42.6,,run
2026-07-31T20:58:02+03:00,1785520682,13473,65,3,31.8,46.7,,run
2026-07-31T20:58:07+03:00,1785520687,13478,65,3,31.8,43.9,,run
2026-07-31T20:58:12+03:00,1785520692,13483,65,3,31.8,42.0,,run
2026-07-31T20:58:18+03:00,1785520698,13489,65,3,31.8,41.4,,run
2026-07-31T20:58:23+03:00,1785520703,13494,65,3,31.8,41.7,,run
2026-07-31T20:58:28+03:00,1785520708,13499,65,3,31.8,40.8,,run
2026-07-31T20:58:33+03:00,1785520713,13504,65,3,31.8,42.9,,run
2026-07-31T20:58:39+03:00,1785520719,13510,65,3,31.8,42.3,,run
2026-07-31T20:58:44+03:00,1785520724,13515,65,3,31.8,41.4,,run
2026-07-31T20:58:49+03:00,1785520729,13520,65,3,31.8,40.5,,run
2026-07-31T20:58:54+03:00,1785520734,13525,65,3,31.8,40.5,,run
2026-07-31T20:58:59+03:00,1785520739,13530,65,3,31.8,40.8,,run
2026-07-31T20:59:05+03:00,1785520745,13536,65,3,31.8,42.6,,run
2026-07-31T20:59:10+03:00,1785520750,13541,65,3,31.8,41.4,,run
2026-07-31T20:59:15+03:00,1785520755,13546,64,3,31.8,51.9,,run
2026-07-31T20:59:21+03:00,1785520761,13552,64,3,31.8,42.6,,run
2026-07-31T20:59:26+03:00,1785520766,13557,64,3,31.8,42.3,,run
2026-07-31T20:59:31+03:00,1785520771,13562,64,3,31.8,40.2,,run
2026-07-31T20:59:36+03:00,1785520776,13567,64,3,31.8,39.8,,run
2026-07-31T20:59:42+03:00,1785520782,13573,64,3,31.8,40.8,,run
2026-07-31T20:59:47+03:00,1785520787,13578,64,3,31.8,41.7,,run
2026-07-31T20:59:52+03:00,1785520792,13583,64,3,31.8,40.8,,run
2026-07-31T20:59:57+03:00,1785520797,13588,64,3,31.8,41.7,,run
2026-07-31T21:00:03+03:00,1785520803,13594,64,3,31.8,42.3,,run
2026-07-31T21:00:08+03:00,1785520808,13599,64,3,31.8,49.1,,run
2026-07-31T21:00:13+03:00,1785520813,13604,64,3,31.8,42.0,,run
2026-07-31T21:00:18+03:00,1785520818,13609,64,3,31.8,41.4,,run
2026-07-31T21:00:24+03:00,1785520824,13615,64,3,31.8,42.0,,run
2026-07-31T21:00:29+03:00,1785520829,13620,64,3,31.8,41.7,,run
2026-07-31T21:00:34+03:00,1785520834,13625,64,3,31.8,42.3,,run
2026-07-31T21:00:39+03:00,1785520839,13630,64,3,31.8,41.1,,run
2026-07-31T21:00:45+03:00,1785520845,13636,64,3,31.8,40.8,,run
2026-07-31T21:00:50+03:00,1785520850,13641,64,3,31.8,41.7,,run
2026-07-31T21:00:55+03:00,1785520855,13646,64,3,31.8,40.5,,run
2026-07-31T21:01:00+03:00,1785520860,13651,64,3,31.8,42.6,,run
2026-07-31T21:01:05+03:00,1785520865,13656,64,3,31.8,41.7,,run
2026-07-31T21:01:11+03:00,1785520871,13662,64,3,31.8,40.8,,run
2026-07-31T21:01:16+03:00,1785520876,13667,64,3,31.8,40.8,,run
2026-07-31T21:01:21+03:00,1785520881,13672,64,3,31.8,51.6,,run
2026-07-31T21:01:27+03:00,1785520887,13678,64,3,31.8,42.9,,run
2026-07-31T21:01:32+03:00,1785520892,13683,64,3,31.8,42.9,,run
2026-07-31T21:01:37+03:00,1785520897,13688,64,3,31.8,39.2,,run
2026-07-31T21:01:42+03:00,1785520902,13693,64,3,31.8,39.5,,run
2026-07-31T21:01:48+03:00,1785520908,13699,64,3,31.8,39.8,,run
2026-07-31T21:01:53+03:00,1785520913,13704,64,3,31.8,40.8,,run
2026-07-31T21:01:58+03:00,1785520918,13709,64,3,31.8,39.5,,run
2026-07-31T21:02:03+03:00,1785520923,13714,64,3,31.8,40.5,,run
2026-07-31T21:02:08+03:00,1785520928,13719,64,3,31.8,50.7,,run
2026-07-31T21:02:14+03:00,1785520934,13725,64,3,31.8,42.9,,run
2026-07-31T21:02:19+03:00,1785520939,13730,64,3,31.8,41.7,,run
2026-07-31T21:02:25+03:00,1785520945,13736,64,3,31.8,42.9,,run
2026-07-31T21:02:30+03:00,1785520950,13741,64,3,31.8,42.6,,run
2026-07-31T21:02:35+03:00,1785520955,13746,64,3,31.8,41.4,,run
2026-07-31T21:02:40+03:00,1785520960,13751,64,3,31.8,40.8,,run
2026-07-31T21:02:45+03:00,1785520965,13756,64,3,31.8,42.0,,run
2026-07-31T21:02:51+03:00,1785520971,13762,64,3,31.8,41.7,,run
2026-07-31T21:02:56+03:00,1785520976,13767,64,3,31.8,42.0,,run
2026-07-31T21:03:01+03:00,1785520981,13772,64,3,31.8,41.1,,run
2026-07-31T21:03:06+03:00,1785520986,13777,64,3,31.8,42.3,,run
2026-07-31T21:03:12+03:00,1785520992,13783,64,3,31.8,42.3,,run
2026-07-31T21:03:17+03:00,1785520997,13788,64,3,31.8,41.4,,run
2026-07-31T21:03:22+03:00,1785521002,13793,64,3,31.8,44.2,,run
2026-07-31T21:03:27+03:00,1785521007,13798,64,3,32.0,52.5,,run
2026-07-31T21:03:33+03:00,1785521013,13804,64,3,32.0,41.4,,run
2026-07-31T21:03:38+03:00,1785521018,13809,64,3,32.0,41.4,,run
2026-07-31T21:03:43+03:00,1785521023,13814,64,3,32.0,39.8,,run
2026-07-31T21:03:48+03:00,1785521028,13819,64,3,32.0,40.2,,run
2026-07-31T21:03:54+03:00,1785521034,13825,64,3,32.0,40.5,,run
2026-07-31T21:03:59+03:00,1785521039,13830,64,3,32.0,41.1,,run
2026-07-31T21:04:04+03:00,1785521044,13835,64,3,32.0,39.5,,run
2026-07-31T21:04:09+03:00,1785521049,13840,64,3,32.0,39.8,,run
2026-07-31T21:04:15+03:00,1785521055,13846,64,3,32.0,51.0,,run
2026-07-31T21:04:20+03:00,1785521060,13851,64,3,32.0,42.9,,run
2026-07-31T21:04:25+03:00,1785521065,13856,64,3,32.0,42.6,,run
2026-07-31T21:04:30+03:00,1785521070,13861,64,3,32.0,41.1,,run
2026-07-31T21:04:36+03:00,1785521076,13867,64,3,32.0,44.2,,run
2026-07-31T21:04:41+03:00,1785521081,13872,64,3,32.0,42.3,,run
2026-07-31T21:04:46+03:00,1785521086,13877,64,3,32.0,40.8,,run
2026-07-31T21:04:51+03:00,1785521091,13882,64,3,32.0,41.4,,run
2026-07-31T21:04:56+03:00,1785521096,13887,64,3,32.0,40.5,,run
2026-07-31T21:05:02+03:00,1785521102,13893,64,3,32.0,41.4,,run
2026-07-31T21:05:07+03:00,1785521107,13898,64,3,32.0,41.4,,run
2026-07-31T21:05:12+03:00,1785521112,13903,64,3,32.0,41.4,,run
2026-07-31T21:05:17+03:00,1785521117,13908,64,3,32.0,41.4,,run
2026-07-31T21:05:23+03:00,1785521123,13914,64,3,32.0,40.5,,run
2026-07-31T21:05:28+03:00,1785521128,13919,64,3,32.0,46.0,,run
2026-07-31T21:05:33+03:00,1785521133,13924,64,3,32.0,50.1,,run
2026-07-31T21:05:38+03:00,1785521138,13929,64,3,32.0,44.8,,run
2026-07-31T21:05:44+03:00,1785521144,13935,64,3,32.0,41.1,,run
2026-07-31T21:05:49+03:00,1785521149,13940,64,3,32.0,40.2,,run
2026-07-31T21:05:54+03:00,1785521154,13945,64,3,32.0,39.5,,run
2026-07-31T21:05:59+03:00,1785521159,13950,64,3,32.0,52.2,,run
2026-07-31T21:06:05+03:00,1785521165,13956,64,3,32.0,43.6,,run
2026-07-31T21:06:10+03:00,1785521170,13961,64,3,32.0,41.7,,run
2026-07-31T21:06:15+03:00,1785521175,13966,64,3,32.0,42.6,,run
2026-07-31T21:06:20+03:00,1785521180,13971,64,3,32.0,42.6,,run
2026-07-31T21:06:26+03:00,1785521186,13977,64,3,32.0,41.4,,run
2026-07-31T21:06:31+03:00,1785521191,13982,64,3,32.0,41.1,,run
2026-07-31T21:06:36+03:00,1785521196,13987,64,3,32.0,41.1,,run
2026-07-31T21:06:41+03:00,1785521201,13992,64,3,32.0,41.4,,run
2026-07-31T21:06:47+03:00,1785521207,13998,64,3,32.0,40.5,,run
2026-07-31T21:06:52+03:00,1785521212,14003,64,3,32.0,42.3,,run
2026-07-31T21:06:57+03:00,1785521217,14008,64,3,32.0,41.4,,run
2026-07-31T21:07:02+03:00,1785521222,14013,64,3,32.0,40.5,,run
2026-07-31T21:07:08+03:00,1785521228,14019,64,3,32.0,40.8,,run
2026-07-31T21:07:13+03:00,1785521233,14024,64,3,32.0,47.9,,run
2026-07-31T21:07:18+03:00,1785521238,14029,64,3,32.0,51.0,,run
2026-07-31T21:07:23+03:00,1785521243,14034,64,3,32.0,44.5,,run
2026-07-31T21:07:28+03:00,1785521248,14039,64,3,32.0,41.1,,run
2026-07-31T21:07:34+03:00,1785521254,14045,64,3,32.0,39.5,,run
2026-07-31T21:07:39+03:00,1785521259,14050,64,3,32.0,39.5,,run
2026-07-31T21:07:44+03:00,1785521264,14055,64,3,32.0,51.6,,run
2026-07-31T21:07:49+03:00,1785521269,14060,64,3,32.0,42.6,,run
2026-07-31T21:07:55+03:00,1785521275,14066,64,3,32.0,41.7,,run
2026-07-31T21:08:00+03:00,1785521280,14071,64,3,32.0,40.8,,run
2026-07-31T21:08:05+03:00,1785521285,14076,64,3,32.0,43.2,,run
2026-07-31T21:08:10+03:00,1785521290,14081,64,3,32.0,42.3,,run
2026-07-31T21:08:16+03:00,1785521296,14087,64,3,32.0,42.0,,run
2026-07-31T21:08:21+03:00,1785521301,14092,64,3,32.0,41.4,,run
2026-07-31T21:08:26+03:00,1785521306,14097,64,3,32.0,41.1,,run
2026-07-31T21:08:31+03:00,1785521311,14102,64,3,32.0,41.7,,run
2026-07-31T21:08:36+03:00,1785521316,14107,64,3,32.0,41.4,,run
2026-07-31T21:08:42+03:00,1785521322,14113,64,3,32.0,41.1,,run
2026-07-31T21:08:47+03:00,1785521327,14118,64,3,32.0,40.8,,run
2026-07-31T21:08:52+03:00,1785521332,14123,64,3,32.0,41.1,,run
2026-07-31T21:08:57+03:00,1785521337,14128,64,3,32.0,44.2,,run
2026-07-31T21:09:03+03:00,1785521343,14134,64,3,32.0,46.3,,run
2026-07-31T21:09:08+03:00,1785521348,14139,64,3,32.0,45.7,,run
2026-07-31T21:09:13+03:00,1785521353,14144,64,3,32.0,39.5,,run
2026-07-31T21:09:18+03:00,1785521358,14149,64,3,32.0,39.8,,run
2026-07-31T21:09:24+03:00,1785521364,14155,64,3,32.0,42.3,,run
2026-07-31T21:09:29+03:00,1785521369,14160,64,3,32.0,45.7,,run
2026-07-31T21:09:34+03:00,1785521374,14165,64,3,32.0,44.2,,run
2026-07-31T21:09:39+03:00,1785521379,14170,64,3,32.0,42.3,,run
2026-07-31T21:09:45+03:00,1785521385,14176,64,3,32.0,42.3,,run
2026-07-31T21:09:50+03:00,1785521390,14181,64,3,32.0,40.8,,run
2026-07-31T21:09:55+03:00,1785521395,14186,64,3,32.0,40.8,,run
2026-07-31T21:10:00+03:00,1785521400,14191,64,3,32.0,43.6,,run
2026-07-31T21:10:06+03:00,1785521406,14197,64,3,32.0,41.7,,run
2026-07-31T21:10:11+03:00,1785521411,14202,64,3,32.0,41.7,,run
2026-07-31T21:10:16+03:00,1785521416,14207,64,3,32.0,41.4,,run
2026-07-31T21:10:21+03:00,1785521421,14212,64,3,32.0,41.1,,run
2026-07-31T21:10:26+03:00,1785521426,14217,64,3,32.0,41.1,,run
2026-07-31T21:10:32+03:00,1785521432,14223,64,3,32.0,44.5,,run
2026-07-31T21:10:37+03:00,1785521437,14228,64,3,32.0,42.3,,run
2026-07-31T21:10:42+03:00,1785521442,14233,64,3,32.0,52.2,,run
2026-07-31T21:10:48+03:00,1785521448,14239,64,3,32.0,42.9,,run
2026-07-31T21:10:53+03:00,1785521453,14244,64,3,32.0,42.0,,run
2026-07-31T21:10:58+03:00,1785521458,14249,63,3,31.9,39.2,,run
2026-07-31T21:11:03+03:00,1785521463,14254,63,3,31.9,40.5,,run
2026-07-31T21:11:09+03:00,1785521469,14260,63,3,31.9,40.2,,run
2026-07-31T21:11:14+03:00,1785521474,14265,63,3,31.9,39.8,,run
2026-07-31T21:11:19+03:00,1785521479,14270,63,3,31.9,39.2,,run
2026-07-31T21:11:25+03:00,1785521485,14276,63,3,31.9,41.1,,run
2026-07-31T21:11:30+03:00,1785521490,14281,63,3,31.9,52.8,,run
2026-07-31T21:11:35+03:00,1785521495,14286,63,3,31.9,43.2,,run
2026-07-31T21:11:40+03:00,1785521500,14291,63,3,31.9,42.3,,run
2026-07-31T21:11:46+03:00,1785521506,14297,63,3,31.9,42.3,,run
2026-07-31T21:11:51+03:00,1785521511,14302,63,3,31.9,41.1,,run
2026-07-31T21:11:56+03:00,1785521516,14307,63,3,31.9,42.3,,run
2026-07-31T21:12:01+03:00,1785521521,14312,63,3,31.9,43.2,,run
2026-07-31T21:12:07+03:00,1785521527,14318,63,3,31.9,43.2,,run
2026-07-31T21:12:12+03:00,1785521532,14323,63,3,31.9,42.0,,run
2026-07-31T21:12:17+03:00,1785521537,14328,63,3,31.9,42.0,,run
2026-07-31T21:12:22+03:00,1785521542,14333,63,3,31.9,41.1,,run
2026-07-31T21:12:27+03:00,1785521547,14338,63,3,31.9,42.9,,run
2026-07-31T21:12:33+03:00,1785521553,14344,63,3,31.9,42.6,,run
2026-07-31T21:12:38+03:00,1785521558,14349,63,3,31.9,41.1,,run
2026-07-31T21:12:43+03:00,1785521563,14354,63,3,31.9,46.7,,run
2026-07-31T21:12:48+03:00,1785521568,14359,63,3,31.9,51.0,,run
2026-07-31T21:12:54+03:00,1785521574,14365,63,3,31.9,45.1,,run
2026-07-31T21:12:59+03:00,1785521579,14370,63,3,31.9,39.8,,run
2026-07-31T21:13:04+03:00,1785521584,14375,63,3,31.9,40.5,,run
2026-07-31T21:13:09+03:00,1785521589,14380,63,3,31.9,40.2,,run
2026-07-31T21:13:15+03:00,1785521595,14386,63,3,31.9,39.2,,run
2026-07-31T21:13:20+03:00,1785521600,14391,63,3,31.9,39.2,,run
2026-07-31T21:13:25+03:00,1785521605,14396,63,3,31.9,39.8,,run
2026-07-31T21:13:30+03:00,1785521610,14401,63,3,31.8,44.2,,run
2026-07-31T21:13:36+03:00,1785521616,14407,63,3,31.8,47.9,,run
2026-07-31T21:13:41+03:00,1785521621,14412,63,3,31.8,41.7,,run
2026-07-31T21:13:46+03:00,1785521626,14417,63,3,31.8,42.3,,run
2026-07-31T21:13:51+03:00,1785521631,14422,63,3,31.8,40.8,,run
2026-07-31T21:13:56+03:00,1785521636,14427,63,3,31.8,41.7,,run
2026-07-31T21:14:02+03:00,1785521642,14433,63,3,31.8,41.4,,run
2026-07-31T21:14:07+03:00,1785521647,14438,63,3,31.8,42.3,,run
2026-07-31T21:14:12+03:00,1785521652,14443,63,3,31.8,41.1,,run
2026-07-31T21:14:17+03:00,1785521657,14448,63,3,31.8,41.4,,run
2026-07-31T21:14:23+03:00,1785521663,14454,63,3,31.8,40.8,,run
2026-07-31T21:14:28+03:00,1785521668,14459,63,3,31.8,40.8,,run
2026-07-31T21:14:33+03:00,1785521673,14464,63,3,31.8,42.9,,run
2026-07-31T21:14:38+03:00,1785521678,14469,63,3,31.8,41.7,,run
2026-07-31T21:14:44+03:00,1785521684,14475,63,3,31.8,40.8,,run
2026-07-31T21:14:49+03:00,1785521689,14480,63,3,31.8,50.1,,run
2026-07-31T21:14:54+03:00,1785521694,14485,63,3,31.8,42.9,,run
2026-07-31T21:15:00+03:00,1785521700,14491,63,3,31.8,42.6,,run
2026-07-31T21:15:05+03:00,1785521705,14496,63,3,31.8,40.2,,run
2026-07-31T21:15:10+03:00,1785521710,14501,63,3,31.8,39.8,,run
2026-07-31T21:15:15+03:00,1785521715,14506,63,3,31.8,38.9,,run
2026-07-31T21:15:20+03:00,1785521720,14511,63,3,31.8,40.2,,run
2026-07-31T21:15:26+03:00,1785521726,14517,63,3,31.8,38.9,,run
2026-07-31T21:15:31+03:00,1785521731,14522,63,3,31.8,39.8,,run
2026-07-31T21:15:36+03:00,1785521736,14527,63,3,31.8,44.2,,run
2026-07-31T21:15:42+03:00,1785521742,14533,63,3,31.8,46.3,,run
2026-07-31T21:15:47+03:00,1785521747,14538,63,3,31.8,42.0,,run
2026-07-31T21:15:52+03:00,1785521752,14543,63,3,31.8,42.6,,run
2026-07-31T21:15:57+03:00,1785521757,14548,63,3,31.8,41.1,,run
2026-07-31T21:16:03+03:00,1785521763,14554,63,3,31.8,41.7,,run
2026-07-31T21:16:08+03:00,1785521768,14559,63,3,31.8,43.9,,run
2026-07-31T21:16:13+03:00,1785521773,14564,63,3,31.8,42.0,,run
2026-07-31T21:16:18+03:00,1785521778,14569,63,3,31.8,42.3,,run
2026-07-31T21:16:24+03:00,1785521784,14575,63,3,31.8,40.8,,run
2026-07-31T21:16:29+03:00,1785521789,14580,63,3,31.8,41.7,,run
2026-07-31T21:16:34+03:00,1785521794,14585,63,3,31.8,41.4,,run
2026-07-31T21:16:39+03:00,1785521799,14590,63,3,31.8,42.9,,run
2026-07-31T21:16:45+03:00,1785521805,14596,63,3,31.8,41.4,,run
2026-07-31T21:16:50+03:00,1785521810,14601,63,3,31.8,41.1,,run
2026-07-31T21:16:55+03:00,1785521815,14606,63,3,31.8,51.3,,run
2026-07-31T21:17:01+03:00,1785521821,14612,63,3,31.8,43.9,,run
2026-07-31T21:17:06+03:00,1785521826,14617,63,3,31.8,42.6,,run
2026-07-31T21:17:11+03:00,1785521831,14622,63,3,31.8,39.5,,run
2026-07-31T21:17:16+03:00,1785521836,14627,63,3,31.8,39.8,,run
2026-07-31T21:17:21+03:00,1785521841,14632,63,3,31.8,40.5,,run
2026-07-31T21:17:27+03:00,1785521847,14638,63,3,31.8,52.5,,run
2026-07-31T21:17:32+03:00,1785521852,14643,63,3,31.8,45.4,,run
2026-07-31T21:17:37+03:00,1785521857,14648,63,3,31.8,43.9,,run
2026-07-31T21:17:43+03:00,1785521863,14654,63,3,31.8,43.2,,run
2026-07-31T21:17:48+03:00,1785521868,14659,63,3,31.8,41.7,,run
2026-07-31T21:17:53+03:00,1785521873,14664,63,3,31.8,42.6,,run
2026-07-31T21:17:58+03:00,1785521878,14669,63,3,31.8,44.2,,run
2026-07-31T21:18:03+03:00,1785521883,14674,63,3,31.8,42.9,,run
2026-07-31T21:18:09+03:00,1785521889,14680,63,3,31.8,44.5,,run
2026-07-31T21:18:14+03:00,1785521894,14685,63,3,31.8,42.6,,run
2026-07-31T21:18:19+03:00,1785521899,14690,63,3,31.8,42.3,,run
2026-07-31T21:18:24+03:00,1785521904,14695,63,3,31.8,42.3,,run
2026-07-31T21:18:30+03:00,1785521910,14701,63,3,31.8,42.9,,run
2026-07-31T21:18:35+03:00,1785521915,14706,63,3,31.8,44.2,,run
2026-07-31T21:18:40+03:00,1785521920,14711,63,3,31.8,44.2,,run
2026-07-31T21:18:45+03:00,1785521925,14716,63,3,31.8,44.2,,run
2026-07-31T21:18:51+03:00,1785521931,14722,63,3,31.8,46.3,,run
2026-07-31T21:18:56+03:00,1785521936,14727,63,3,31.8,40.2,,run
2026-07-31T21:19:01+03:00,1785521941,14732,63,3,31.8,40.5,,run
2026-07-31T21:19:06+03:00,1785521946,14737,63,3,31.8,40.8,,run
2026-07-31T21:19:12+03:00,1785521952,14743,63,3,31.8,39.8,,run
2026-07-31T21:19:17+03:00,1785521957,14748,63,3,31.8,41.7,,run
2026-07-31T21:19:22+03:00,1785521962,14753,63,3,31.8,40.2,,run
2026-07-31T21:19:27+03:00,1785521967,14758,63,3,31.8,39.2,,run
2026-07-31T21:19:33+03:00,1785521973,14764,63,3,31.8,52.8,,run
2026-07-31T21:19:38+03:00,1785521978,14769,63,3,31.8,43.9,,run
2026-07-31T21:19:43+03:00,1785521983,14774,63,3,31.8,41.1,,run
2026-07-31T21:19:48+03:00,1785521988,14779,63,3,31.8,41.7,,run
2026-07-31T21:19:54+03:00,1785521994,14785,63,3,31.8,42.0,,run
2026-07-31T21:19:59+03:00,1785521999,14790,63,3,31.8,40.8,,run
2026-07-31T21:20:04+03:00,1785522004,14795,63,3,31.8,40.5,,run
2026-07-31T21:20:09+03:00,1785522009,14800,63,3,31.8,41.4,,run
2026-07-31T21:20:15+03:00,1785522015,14806,63,3,31.8,41.1,,run
2026-07-31T21:20:20+03:00,1785522020,14811,63,3,31.8,43.9,,run
2026-07-31T21:20:25+03:00,1785522025,14816,63,3,31.8,42.0,,run
2026-07-31T21:20:30+03:00,1785522030,14821,63,3,31.8,41.7,,run
2026-07-31T21:20:35+03:00,1785522035,14826,63,3,31.8,40.8,,run
2026-07-31T21:20:41+03:00,1785522041,14832,63,3,31.8,41.7,,run
2026-07-31T21:20:46+03:00,1785522046,14837,63,3,31.8,47.3,,run
2026-07-31T21:20:51+03:00,1785522051,14842,63,3,31.8,51.6,,run
2026-07-31T21:20:56+03:00,1785522056,14847,63,3,31.8,43.6,,run
2026-07-31T21:21:02+03:00,1785522062,14853,63,3,31.8,40.8,,run
2026-07-31T21:21:07+03:00,1785522067,14858,63,3,31.8,39.5,,run
2026-07-31T21:21:12+03:00,1785522072,14863,63,3,31.8,38.9,,run
2026-07-31T21:21:17+03:00,1785522077,14868,63,3,31.8,40.2,,run
2026-07-31T21:21:23+03:00,1785522083,14874,63,3,31.8,39.8,,run
2026-07-31T21:21:28+03:00,1785522088,14879,63,3,31.8,38.9,,run
2026-07-31T21:21:33+03:00,1785522093,14884,63,3,31.8,42.0,,run
2026-07-31T21:21:38+03:00,1785522098,14889,62,3,32.0,51.6,,run
2026-07-31T21:21:44+03:00,1785522104,14895,62,3,32.0,46.0,,run
2026-07-31T21:21:49+03:00,1785522109,14900,62,3,32.0,42.0,,run
2026-07-31T21:21:55+03:00,1785522115,14906,62,3,32.0,42.3,,run
2026-07-31T21:22:00+03:00,1785522120,14911,62,3,32.0,43.6,,run
2026-07-31T21:22:05+03:00,1785522125,14916,62,3,32.0,42.9,,run
2026-07-31T21:22:10+03:00,1785522130,14921,62,3,32.0,43.2,,run
2026-07-31T21:22:16+03:00,1785522136,14927,62,3,32.0,42.9,,run
2026-07-31T21:22:21+03:00,1785522141,14932,62,3,32.0,41.4,,run
2026-07-31T21:22:26+03:00,1785522146,14937,62,3,32.0,41.7,,run
2026-07-31T21:22:31+03:00,1785522151,14942,62,3,32.0,44.5,,run
2026-07-31T21:22:36+03:00,1785522156,14947,62,3,32.0,42.6,,run
2026-07-31T21:22:42+03:00,1785522162,14953,62,3,32.0,43.6,,run
2026-07-31T21:22:47+03:00,1785522167,14958,62,3,32.0,42.3,,run
2026-07-31T21:22:52+03:00,1785522172,14963,62,3,32.0,47.0,,run
2026-07-31T21:22:57+03:00,1785522177,14968,62,3,32.0,53.5,,run
2026-07-31T21:23:03+03:00,1785522183,14974,62,3,32.0,43.6,,run
2026-07-31T21:23:08+03:00,1785522188,14979,62,3,32.0,40.8,,run
2026-07-31T21:23:13+03:00,1785522193,14984,62,3,32.0,40.2,,run
2026-07-31T21:23:19+03:00,1785522199,14990,62,3,32.0,40.2,,run
2026-07-31T21:23:24+03:00,1785522204,14995,62,3,32.0,40.2,,run
2026-07-31T21:23:29+03:00,1785522209,15000,62,3,32.0,39.8,,run
2026-07-31T21:23:35+03:00,1785522215,15006,62,3,32.0,40.2,,run
2026-07-31T21:23:40+03:00,1785522220,15011,62,3,32.0,40.8,,run
2026-07-31T21:23:45+03:00,1785522225,15016,62,3,32.0,39.8,,run
2026-07-31T21:23:50+03:00,1785522230,15021,62,3,32.0,51.3,,run
2026-07-31T21:23:56+03:00,1785522236,15027,62,3,32.0,42.9,,run
2026-07-31T21:24:01+03:00,1785522241,15032,62,3,32.0,42.9,,run
2026-07-31T21:24:06+03:00,1785522246,15037,62,3,32.0,42.3,,run
2026-07-31T21:24:11+03:00,1785522251,15042,62,3,32.0,42.3,,run
2026-07-31T21:24:17+03:00,1785522257,15048,62,3,32.0,41.4,,run
2026-07-31T21:24:22+03:00,1785522262,15053,62,3,32.0,41.4,,run
2026-07-31T21:24:27+03:00,1785522267,15058,62,3,32.0,41.4,,run
2026-07-31T21:24:32+03:00,1785522272,15063,62,3,32.0,41.4,,run
2026-07-31T21:24:37+03:00,1785522277,15068,62,3,32.0,42.9,,run
2026-07-31T21:24:43+03:00,1785522283,15074,62,3,32.0,41.1,,run
2026-07-31T21:24:48+03:00,1785522288,15079,62,3,32.0,41.7,,run
2026-07-31T21:24:53+03:00,1785522293,15084,62,3,32.0,41.4,,run
2026-07-31T21:24:58+03:00,1785522298,15089,62,3,32.0,40.8,,run
2026-07-31T21:25:04+03:00,1785522304,15095,62,3,32.0,50.4,,run
2026-07-31T21:25:09+03:00,1785522309,15100,62,3,32.0,51.9,,run
2026-07-31T21:25:14+03:00,1785522314,15105,62,3,32.0,41.4,,run
2026-07-31T21:25:19+03:00,1785522319,15110,62,3,32.0,41.1,,run
2026-07-31T21:25:25+03:00,1785522325,15116,62,3,32.0,40.8,,run
2026-07-31T21:25:30+03:00,1785522330,15121,62,3,32.0,40.2,,run
2026-07-31T21:25:35+03:00,1785522335,15126,62,3,32.0,39.2,,run
2026-07-31T21:25:40+03:00,1785522340,15131,62,3,32.0,40.2,,run
2026-07-31T21:25:46+03:00,1785522346,15137,62,3,32.0,40.2,,run
2026-07-31T21:25:51+03:00,1785522351,15142,62,3,32.0,42.0,,run
2026-07-31T21:25:56+03:00,1785522356,15147,62,3,32.0,40.5,,run
2026-07-31T21:26:01+03:00,1785522361,15152,62,3,32.0,39.8,,run
2026-07-31T21:26:06+03:00,1785522366,15157,62,3,32.0,40.2,,run
2026-07-31T21:26:12+03:00,1785522372,15163,62,3,32.0,39.8,,run
2026-07-31T21:26:17+03:00,1785522377,15168,62,3,32.0,40.8,,run
2026-07-31T21:26:22+03:00,1785522382,15173,62,3,32.0,40.8,,run
2026-07-31T21:26:27+03:00,1785522387,15178,62,3,32.0,43.2,,run
2026-07-31T21:26:33+03:00,1785522393,15184,62,3,32.0,47.9,,run
2026-07-31T21:26:38+03:00,1785522398,15189,62,3,32.0,43.9,,run
2026-07-31T21:26:43+03:00,1785522403,15194,62,3,32.0,42.3,,run
2026-07-31T21:26:48+03:00,1785522408,15199,62,3,32.0,41.7,,run
2026-07-31T21:26:54+03:00,1785522414,15205,62,3,32.0,42.6,,run
2026-07-31T21:26:59+03:00,1785522419,15210,62,3,32.0,41.7,,run
2026-07-31T21:27:04+03:00,1785522424,15215,62,3,32.0,42.9,,run
2026-07-31T21:27:09+03:00,1785522429,15220,62,3,32.0,42.6,,run
2026-07-31T21:27:15+03:00,1785522435,15226,62,3,32.0,42.3,,run
2026-07-31T21:27:20+03:00,1785522440,15231,62,3,32.0,41.7,,run
2026-07-31T21:27:25+03:00,1785522445,15236,62,3,32.0,43.9,,run
2026-07-31T21:27:30+03:00,1785522450,15241,62,3,32.0,42.6,,run
2026-07-31T21:27:36+03:00,1785522456,15247,62,3,32.0,42.9,,run
2026-07-31T21:27:41+03:00,1785522461,15252,62,3,32.0,41.7,,run
2026-07-31T21:27:46+03:00,1785522466,15257,62,3,32.0,51.6,,run
2026-07-31T21:27:52+03:00,1785522472,15263,62,3,32.0,43.6,,run
2026-07-31T21:27:57+03:00,1785522477,15268,62,3,32.0,43.6,,run
2026-07-31T21:28:02+03:00,1785522482,15273,62,3,32.0,41.4,,run
2026-07-31T21:28:07+03:00,1785522487,15278,62,3,32.0,40.5,,run
2026-07-31T21:28:12+03:00,1785522492,15283,62,3,32.0,39.8,,run
2026-07-31T21:28:18+03:00,1785522498,15289,62,3,32.0,40.8,,run
2026-07-31T21:28:23+03:00,1785522503,15294,62,3,32.0,39.8,,run
2026-07-31T21:28:28+03:00,1785522508,15299,62,3,32.0,40.5,,run
2026-07-31T21:28:33+03:00,1785522513,15304,62,3,32.0,42.6,,run
2026-07-31T21:28:39+03:00,1785522519,15310,62,3,32.0,40.8,,run
2026-07-31T21:28:44+03:00,1785522524,15315,62,3,32.0,42.6,,run
2026-07-31T21:28:49+03:00,1785522529,15320,62,3,32.0,48.8,,run
2026-07-31T21:28:55+03:00,1785522535,15326,62,3,32.0,42.9,,run
2026-07-31T21:29:00+03:00,1785522540,15331,62,3,32.0,43.2,,run
2026-07-31T21:29:05+03:00,1785522545,15336,62,3,32.0,42.0,,run
2026-07-31T21:29:10+03:00,1785522550,15341,62,3,32.0,42.3,,run
2026-07-31T21:29:16+03:00,1785522556,15347,62,3,32.0,40.8,,run
2026-07-31T21:29:21+03:00,1785522561,15352,62,3,32.0,40.8,,run
2026-07-31T21:29:26+03:00,1785522566,15357,62,3,32.0,41.1,,run
2026-07-31T21:29:31+03:00,1785522571,15362,62,3,32.0,42.3,,run
2026-07-31T21:29:36+03:00,1785522576,15367,62,3,32.0,41.7,,run
2026-07-31T21:29:42+03:00,1785522582,15373,62,3,32.0,41.7,,run
2026-07-31T21:29:47+03:00,1785522587,15378,62,3,32.0,41.1,,run
2026-07-31T21:29:52+03:00,1785522592,15383,62,3,32.0,41.1,,run
2026-07-31T21:29:57+03:00,1785522597,15388,62,3,32.0,41.7,,run
2026-07-31T21:30:03+03:00,1785522603,15394,62,3,32.0,48.5,,run
2026-07-31T21:30:08+03:00,1785522608,15399,62,3,32.0,43.9,,run
2026-07-31T21:30:13+03:00,1785522613,15404,62,3,32.0,41.4,,run
2026-07-31T21:30:18+03:00,1785522618,15409,62,3,32.0,39.5,,run
2026-07-31T21:30:24+03:00,1785522624,15415,62,3,32.0,38.9,,run
2026-07-31T21:30:29+03:00,1785522629,15420,62,3,32.0,39.8,,run
2026-07-31T21:30:34+03:00,1785522634,15425,62,3,32.0,40.5,,run
2026-07-31T21:30:39+03:00,1785522639,15430,62,3,32.0,39.8,,run
2026-07-31T21:30:45+03:00,1785522645,15436,62,3,32.0,39.5,,run
2026-07-31T21:30:50+03:00,1785522650,15441,62,3,32.0,42.0,,run
2026-07-31T21:30:55+03:00,1785522655,15446,62,3,32.0,46.7,,run
2026-07-31T21:31:00+03:00,1785522660,15451,62,3,32.0,42.3,,run
2026-07-31T21:31:06+03:00,1785522666,15457,62,3,32.0,43.9,,run
2026-07-31T21:31:11+03:00,1785522671,15462,62,3,32.0,41.4,,run
2026-07-31T21:31:16+03:00,1785522676,15467,62,3,32.0,41.4,,run
2026-07-31T21:31:21+03:00,1785522681,15472,62,3,32.0,42.0,,run
2026-07-31T21:31:27+03:00,1785522687,15478,62,3,32.0,42.6,,run
2026-07-31T21:31:32+03:00,1785522692,15483,62,3,32.0,44.2,,run
2026-07-31T21:31:37+03:00,1785522697,15488,62,3,32.0,42.9,,run
2026-07-31T21:31:42+03:00,1785522702,15493,62,3,32.0,41.4,,run
2026-07-31T21:31:47+03:00,1785522707,15498,62,3,32.0,40.8,,run
2026-07-31T21:31:53+03:00,1785522713,15504,62,3,32.0,44.5,,run
2026-07-31T21:31:58+03:00,1785522718,15509,62,3,32.0,42.6,,run
2026-07-31T21:32:03+03:00,1785522723,15514,62,3,32.0,42.9,,run
2026-07-31T21:32:08+03:00,1785522728,15519,62,3,32.0,51.9,,run
2026-07-31T21:32:14+03:00,1785522734,15525,62,3,32.0,43.2,,run
2026-07-31T21:32:19+03:00,1785522739,15530,62,3,32.0,42.6,,run
2026-07-31T21:32:24+03:00,1785522744,15535,61,3,32.0,40.5,,run
2026-07-31T21:32:30+03:00,1785522750,15541,61,3,32.0,39.8,,run
2026-07-31T21:32:35+03:00,1785522755,15546,61,3,32.0,39.8,,run
2026-07-31T21:32:40+03:00,1785522760,15551,61,3,32.0,39.5,,run
2026-07-31T21:32:45+03:00,1785522765,15556,61,3,32.0,39.8,,run
2026-07-31T21:32:51+03:00,1785522771,15562,61,3,32.0,38.9,,run
2026-07-31T21:32:56+03:00,1785522776,15567,61,3,32.0,43.2,,run
2026-07-31T21:33:01+03:00,1785522781,15572,61,3,32.0,47.3,,run
2026-07-31T21:33:06+03:00,1785522786,15577,61,3,32.0,43.6,,run
2026-07-31T21:33:12+03:00,1785522792,15583,61,3,32.0,42.9,,run
2026-07-31T21:33:17+03:00,1785522797,15588,61,3,32.0,41.7,,run
2026-07-31T21:33:22+03:00,1785522802,15593,61,3,32.0,42.6,,run
2026-07-31T21:33:27+03:00,1785522807,15598,61,3,32.0,43.2,,run
2026-07-31T21:33:32+03:00,1785522812,15603,61,3,31.9,42.0,,run
2026-07-31T21:33:38+03:00,1785522818,15609,61,3,31.9,42.6,,run
2026-07-31T21:33:43+03:00,1785522823,15614,61,3,31.9,42.6,,run
2026-07-31T21:33:48+03:00,1785522828,15619,61,3,31.9,41.4,,run
2026-07-31T21:33:53+03:00,1785522833,15624,61,3,31.9,42.6,,run
2026-07-31T21:33:59+03:00,1785522839,15630,61,3,31.9,42.3,,run
2026-07-31T21:34:04+03:00,1785522844,15635,61,3,31.9,42.9,,run
2026-07-31T21:34:09+03:00,1785522849,15640,61,3,31.9,42.3,,run
2026-07-31T21:34:14+03:00,1785522854,15645,61,3,31.9,51.9,,run
2026-07-31T21:34:20+03:00,1785522860,15651,61,3,31.9,42.6,,run
2026-07-31T21:34:25+03:00,1785522865,15656,61,3,31.9,43.9,,run
2026-07-31T21:34:30+03:00,1785522870,15661,61,3,31.9,40.8,,run
2026-07-31T21:34:36+03:00,1785522876,15667,61,3,31.9,39.5,,run
2026-07-31T21:34:41+03:00,1785522881,15672,61,3,31.9,50.1,,run
2026-07-31T21:34:46+03:00,1785522886,15677,61,3,31.9,43.6,,run
2026-07-31T21:34:52+03:00,1785522892,15683,61,3,31.9,43.2,,run
2026-07-31T21:34:57+03:00,1785522897,15688,61,3,31.9,43.2,,run
2026-07-31T21:35:02+03:00,1785522902,15693,61,3,31.9,42.3,,run
2026-07-31T21:35:07+03:00,1785522907,15698,61,3,31.9,41.1,,run
2026-07-31T21:35:13+03:00,1785522913,15704,61,3,31.9,41.7,,run
2026-07-31T21:35:18+03:00,1785522918,15709,61,3,31.9,40.8,,run
2026-07-31T21:35:23+03:00,1785522923,15714,61,3,31.9,42.9,,run
2026-07-31T21:35:28+03:00,1785522928,15719,61,3,31.9,41.1,,run
2026-07-31T21:35:34+03:00,1785522934,15725,61,3,31.9,40.2,,run
2026-07-31T21:35:39+03:00,1785522939,15730,61,3,31.9,40.8,,run
2026-07-31T21:35:44+03:00,1785522944,15735,61,3,31.9,40.2,,run
2026-07-31T21:35:49+03:00,1785522949,15740,61,3,31.9,42.0,,run
2026-07-31T21:35:54+03:00,1785522954,15745,61,3,31.9,41.4,,run
2026-07-31T21:36:00+03:00,1785522960,15751,61,3,31.9,53.1,,run
2026-07-31T21:36:05+03:00,1785522965,15756,61,3,31.9,42.0,,run
2026-07-31T21:36:10+03:00,1785522970,15761,61,3,31.9,42.3,,run
2026-07-31T21:36:16+03:00,1785522976,15767,61,3,31.9,41.4,,run
2026-07-31T21:36:21+03:00,1785522981,15772,61,3,31.9,40.2,,run
2026-07-31T21:36:26+03:00,1785522986,15777,61,3,31.9,40.5,,run
2026-07-31T21:36:31+03:00,1785522991,15782,61,3,31.9,41.7,,run
2026-07-31T21:36:37+03:00,1785522997,15788,61,3,31.9,39.5,,run
2026-07-31T21:36:42+03:00,1785523002,15793,61,3,31.9,40.2,,run
2026-07-31T21:36:47+03:00,1785523007,15798,61,3,31.9,52.5,,run
2026-07-31T21:36:52+03:00,1785523012,15803,61,3,31.9,43.9,,run
2026-07-31T21:36:58+03:00,1785523018,15809,61,3,31.9,41.4,,run
2026-07-31T21:37:03+03:00,1785523023,15814,61,3,31.9,42.3,,run
2026-07-31T21:37:08+03:00,1785523028,15819,61,3,31.9,42.9,,run
2026-07-31T21:37:13+03:00,1785523033,15824,61,3,31.9,43.9,,run
2026-07-31T21:37:19+03:00,1785523039,15830,61,3,31.9,42.6,,run
2026-07-31T21:37:24+03:00,1785523044,15835,61,3,31.9,42.9,,run
2026-07-31T21:37:29+03:00,1785523049,15840,61,3,31.9,41.1,,run
2026-07-31T21:37:34+03:00,1785523054,15845,61,3,31.9,43.6,,run
2026-07-31T21:37:39+03:00,1785523059,15850,61,3,31.9,44.8,,run
2026-07-31T21:37:45+03:00,1785523065,15856,61,3,31.9,42.9,,run
2026-07-31T21:37:50+03:00,1785523070,15861,61,3,31.9,41.7,,run
2026-07-31T21:37:55+03:00,1785523075,15866,61,3,31.9,42.3,,run
2026-07-31T21:38:00+03:00,1785523080,15871,61,3,31.9,49.1,,run
2026-07-31T21:38:06+03:00,1785523086,15877,61,3,31.9,51.3,,run
2026-07-31T21:38:11+03:00,1785523091,15882,61,3,31.9,46.0,,run
2026-07-31T21:38:16+03:00,1785523096,15887,61,3,31.9,40.2,,run
2026-07-31T21:38:21+03:00,1785523101,15892,61,3,31.9,39.5,,run
2026-07-31T21:38:27+03:00,1785523107,15898,61,3,31.9,39.5,,run
2026-07-31T21:38:32+03:00,1785523112,15903,61,3,31.9,51.0,,run
2026-07-31T21:38:37+03:00,1785523117,15908,61,3,31.9,42.3,,run
2026-07-31T21:38:42+03:00,1785523122,15913,61,3,31.9,42.0,,run
2026-07-31T21:38:48+03:00,1785523128,15919,61,3,31.9,41.7,,run
2026-07-31T21:38:53+03:00,1785523133,15924,61,3,31.9,43.2,,run
2026-07-31T21:38:58+03:00,1785523138,15929,61,3,31.9,40.8,,run
2026-07-31T21:39:03+03:00,1785523143,15934,61,3,31.9,40.8,,run
2026-07-31T21:39:09+03:00,1785523149,15940,61,3,31.9,41.1,,run
2026-07-31T21:39:14+03:00,1785523154,15945,61,3,31.9,40.8,,run
2026-07-31T21:39:19+03:00,1785523159,15950,61,3,31.9,42.6,,run
2026-07-31T21:39:24+03:00,1785523164,15955,61,3,31.9,40.8,,run
2026-07-31T21:39:29+03:00,1785523169,15960,61,3,31.9,40.5,,run
2026-07-31T21:39:35+03:00,1785523175,15966,61,3,31.9,41.4,,run
2026-07-31T21:39:40+03:00,1785523180,15971,61,3,31.9,40.5,,run
2026-07-31T21:39:45+03:00,1785523185,15976,61,3,31.9,47.3,,run
2026-07-31T21:39:50+03:00,1785523190,15981,61,3,31.9,47.9,,run
2026-07-31T21:39:56+03:00,1785523196,15987,61,3,31.9,44.2,,run
2026-07-31T21:40:01+03:00,1785523201,15992,61,3,31.9,40.8,,run
2026-07-31T21:40:06+03:00,1785523206,15997,61,3,31.9,40.2,,run
2026-07-31T21:40:11+03:00,1785523211,16002,61,3,31.9,39.5,,run
2026-07-31T21:40:17+03:00,1785523217,16008,61,3,31.9,51.9,,run
2026-07-31T21:40:22+03:00,1785523222,16013,61,3,31.9,44.8,,run
2026-07-31T21:40:27+03:00,1785523227,16018,61,3,31.9,42.0,,run
2026-07-31T21:40:33+03:00,1785523233,16024,61,3,31.9,41.7,,run
2026-07-31T21:40:38+03:00,1785523238,16029,61,3,31.9,42.0,,run
2026-07-31T21:40:43+03:00,1785523243,16034,61,3,31.9,42.0,,run
2026-07-31T21:40:48+03:00,1785523248,16039,61,3,31.9,41.1,,run
2026-07-31T21:40:54+03:00,1785523254,16045,61,3,31.9,42.3,,run
2026-07-31T21:40:59+03:00,1785523259,16050,61,3,31.9,41.7,,run
2026-07-31T21:41:04+03:00,1785523264,16055,61,3,31.9,42.9,,run
2026-07-31T21:41:09+03:00,1785523269,16060,61,3,31.9,42.6,,run
2026-07-31T21:41:15+03:00,1785523274,16065,61,3,31.9,42.3,,run
2026-07-31T21:41:20+03:00,1785523280,16071,61,3,31.9,41.7,,run
2026-07-31T21:41:25+03:00,1785523285,16076,61,3,31.9,41.4,,run
2026-07-31T21:41:30+03:00,1785523290,16081,61,3,31.9,47.9,,run
2026-07-31T21:41:35+03:00,1785523295,16086,61,3,31.9,52.8,,run
2026-07-31T21:41:41+03:00,1785523301,16092,61,3,31.9,45.7,,run
2026-07-31T21:41:46+03:00,1785523306,16097,61,3,31.9,40.8,,run
2026-07-31T21:41:51+03:00,1785523311,16102,61,3,31.9,40.5,,run
2026-07-31T21:41:57+03:00,1785523317,16108,61,3,31.9,39.5,,run
2026-07-31T21:42:02+03:00,1785523322,16113,61,3,31.9,39.5,,run
2026-07-31T21:42:07+03:00,1785523327,16118,61,3,31.9,40.5,,run
2026-07-31T21:42:12+03:00,1785523332,16123,61,3,31.9,39.5,,run
2026-07-31T21:42:17+03:00,1785523337,16128,61,3,31.9,40.2,,run
2026-07-31T21:42:23+03:00,1785523343,16134,61,3,31.9,51.3,,run
2026-07-31T21:42:28+03:00,1785523348,16139,61,3,31.9,42.6,,run
2026-07-31T21:42:33+03:00,1785523353,16144,61,3,31.9,42.0,,run
2026-07-31T21:42:38+03:00,1785523358,16149,61,3,31.9,41.4,,run
2026-07-31T21:42:44+03:00,1785523364,16155,61,3,31.9,40.5,,run
2026-07-31T21:42:49+03:00,1785523369,16160,61,3,31.9,41.1,,run
2026-07-31T21:42:54+03:00,1785523374,16165,61,3,31.9,39.8,,run
2026-07-31T21:42:59+03:00,1785523379,16170,61,3,31.9,40.5,,run
2026-07-31T21:43:04+03:00,1785523384,16175,60,3,31.8,42.3,,run
2026-07-31T21:43:10+03:00,1785523390,16181,60,3,31.8,41.7,,run
2026-07-31T21:43:15+03:00,1785523395,16186,60,3,31.8,41.4,,run
2026-07-31T21:43:20+03:00,1785523400,16191,60,3,31.8,40.5,,run
2026-07-31T21:43:25+03:00,1785523405,16196,60,3,31.8,40.8,,run
2026-07-31T21:43:31+03:00,1785523411,16202,60,3,31.7,41.4,,run
2026-07-31T21:43:36+03:00,1785523416,16207,60,3,31.7,50.4,,run
2026-07-31T21:43:41+03:00,1785523421,16212,60,3,31.7,50.7,,run
2026-07-31T21:43:46+03:00,1785523426,16217,60,3,31.7,45.1,,run
2026-07-31T21:43:52+03:00,1785523432,16223,60,3,31.7,40.5,,run
2026-07-31T21:43:57+03:00,1785523437,16228,60,3,31.7,40.2,,run
2026-07-31T21:44:02+03:00,1785523442,16233,60,3,31.7,39.2,,run
2026-07-31T21:44:07+03:00,1785523447,16238,60,3,31.7,39.8,,run
2026-07-31T21:44:13+03:00,1785523453,16244,60,3,31.7,39.8,,run
2026-07-31T21:44:18+03:00,1785523458,16249,60,3,31.7,39.2,,run
2026-07-31T21:44:23+03:00,1785523463,16254,60,3,31.7,41.7,,run
2026-07-31T21:44:28+03:00,1785523468,16259,60,3,31.7,52.8,,run
2026-07-31T21:44:34+03:00,1785523474,16265,60,3,31.7,43.2,,run
2026-07-31T21:44:39+03:00,1785523479,16270,60,3,31.7,41.7,,run
2026-07-31T21:44:44+03:00,1785523484,16275,60,3,31.7,41.1,,run
2026-07-31T21:44:49+03:00,1785523489,16280,60,3,31.7,40.5,,run
2026-07-31T21:44:54+03:00,1785523494,16285,60,3,31.7,41.4,,run
2026-07-31T21:45:00+03:00,1785523500,16291,60,3,31.7,42.9,,run
2026-07-31T21:45:05+03:00,1785523505,16296,60,3,31.7,41.1,,run
2026-07-31T21:45:10+03:00,1785523510,16301,60,3,31.7,41.4,,run
2026-07-31T21:45:15+03:00,1785523515,16306,60,3,31.7,41.1,,run
2026-07-31T21:45:21+03:00,1785523521,16312,60,3,31.7,40.8,,run
2026-07-31T21:45:26+03:00,1785523526,16317,60,3,31.7,42.6,,run
2026-07-31T21:45:31+03:00,1785523531,16322,60,3,31.7,40.5,,run
2026-07-31T21:45:36+03:00,1785523536,16327,60,3,31.7,40.5,,run
2026-07-31T21:45:41+03:00,1785523541,16332,60,3,31.7,43.6,,run
2026-07-31T21:45:47+03:00,1785523547,16338,60,3,31.7,47.3,,run
2026-07-31T21:45:52+03:00,1785523552,16343,60,3,31.7,43.2,,run
2026-07-31T21:45:57+03:00,1785523557,16348,60,3,31.7,39.8,,run
2026-07-31T21:46:02+03:00,1785523562,16353,60,3,31.7,40.5,,run
2026-07-31T21:46:08+03:00,1785523568,16359,60,3,31.7,39.8,,run
2026-07-31T21:46:13+03:00,1785523573,16364,60,3,31.7,39.8,,run
2026-07-31T21:46:18+03:00,1785523578,16369,60,3,31.7,38.6,,run
2026-07-31T21:46:23+03:00,1785523583,16374,60,3,31.7,40.8,,run
2026-07-31T21:46:29+03:00,1785523589,16380,60,3,31.7,41.4,,run
2026-07-31T21:46:34+03:00,1785523594,16385,60,3,31.7,51.3,,run
2026-07-31T21:46:39+03:00,1785523599,16390,60,3,31.7,42.9,,run
2026-07-31T21:46:44+03:00,1785523604,16395,60,3,31.7,41.4,,run
2026-07-31T21:46:50+03:00,1785523610,16401,60,3,31.7,40.5,,run
2026-07-31T21:46:55+03:00,1785523615,16406,60,3,31.7,40.2,,run
2026-07-31T21:47:00+03:00,1785523620,16411,60,3,31.7,43.9,,run
2026-07-31T21:47:05+03:00,1785523625,16416,60,3,31.7,41.7,,run
2026-07-31T21:47:10+03:00,1785523630,16421,60,3,31.7,41.4,,run
2026-07-31T21:47:16+03:00,1785523636,16427,60,3,31.7,41.4,,run
2026-07-31T21:47:21+03:00,1785523641,16432,60,3,31.7,40.5,,run
2026-07-31T21:47:26+03:00,1785523646,16437,60,3,31.7,41.1,,run
2026-07-31T21:47:31+03:00,1785523651,16442,60,3,31.7,42.0,,run
2026-07-31T21:47:37+03:00,1785523657,16448,60,3,31.7,40.5,,run
2026-07-31T21:47:42+03:00,1785523662,16453,60,3,31.7,41.4,,run
2026-07-31T21:47:47+03:00,1785523667,16458,60,3,31.7,42.0,,run
2026-07-31T21:47:52+03:00,1785523672,16463,60,3,31.7,44.5,,run
2026-07-31T21:47:58+03:00,1785523678,16469,60,3,31.7,42.9,,run
2026-07-31T21:48:03+03:00,1785523683,16474,60,3,31.7,40.8,,run
2026-07-31T21:48:08+03:00,1785523688,16479,60,3,31.7,40.2,,run
2026-07-31T21:48:13+03:00,1785523693,16484,60,3,31.7,42.0,,run
2026-07-31T21:48:19+03:00,1785523699,16490,60,3,31.7,52.2,,run
2026-07-31T21:48:24+03:00,1785523704,16495,60,3,31.7,43.2,,run
2026-07-31T21:48:29+03:00,1785523709,16500,60,3,31.7,41.4,,run
2026-07-31T21:48:34+03:00,1785523714,16505,60,3,31.7,41.1,,run
2026-07-31T21:48:40+03:00,1785523720,16511,60,3,31.7,41.7,,run
2026-07-31T21:48:45+03:00,1785523725,16516,60,3,31.7,42.9,,run
2026-07-31T21:48:50+03:00,1785523730,16521,60,3,31.7,41.7,,run
2026-07-31T21:48:55+03:00,1785523735,16526,60,3,31.7,41.7,,run
2026-07-31T21:49:01+03:00,1785523741,16532,60,3,31.7,42.3,,run
2026-07-31T21:49:06+03:00,1785523746,16537,60,3,31.7,41.4,,run
2026-07-31T21:49:11+03:00,1785523751,16542,60,3,31.7,42.0,,run
2026-07-31T21:49:16+03:00,1785523756,16547,60,3,31.7,42.3,,run
2026-07-31T21:49:22+03:00,1785523762,16553,60,3,31.7,41.7,,run
2026-07-31T21:49:27+03:00,1785523767,16558,60,3,31.7,41.4,,run
2026-07-31T21:49:32+03:00,1785523772,16563,60,3,31.7,50.4,,run
2026-07-31T21:49:37+03:00,1785523777,16568,60,3,31.7,43.6,,run
2026-07-31T21:49:43+03:00,1785523783,16574,60,3,31.7,42.3,,run
2026-07-31T21:49:48+03:00,1785523788,16579,60,3,31.7,41.1,,run
2026-07-31T21:49:53+03:00,1785523793,16584,60,3,31.7,40.2,,run
2026-07-31T21:49:58+03:00,1785523798,16589,60,3,31.7,39.8,,run
2026-07-31T21:50:04+03:00,1785523804,16595,60,3,31.7,41.1,,run
2026-07-31T21:50:09+03:00,1785523809,16600,60,3,31.7,39.5,,run
2026-07-31T21:50:14+03:00,1785523814,16605,60,3,31.7,40.2,,run
2026-07-31T21:50:19+03:00,1785523819,16610,60,3,31.7,42.0,,run
2026-07-31T21:50:25+03:00,1785523825,16616,60,3,31.7,47.6,,run
2026-07-31T21:50:30+03:00,1785523830,16621,60,3,31.7,43.2,,run
2026-07-31T21:50:35+03:00,1785523835,16626,60,3,31.7,43.9,,run
2026-07-31T21:50:40+03:00,1785523840,16631,60,3,31.7,43.9,,run
2026-07-31T21:50:46+03:00,1785523846,16637,60,3,31.7,41.4,,run
2026-07-31T21:50:51+03:00,1785523851,16642,60,3,31.7,42.9,,run
2026-07-31T21:50:56+03:00,1785523856,16647,60,3,31.7,42.9,,run
2026-07-31T21:51:01+03:00,1785523861,16652,60,3,31.7,43.9,,run
2026-07-31T21:51:06+03:00,1785523866,16657,60,3,31.7,42.6,,run
2026-07-31T21:51:12+03:00,1785523872,16663,60,3,31.7,41.7,,run
2026-07-31T21:51:17+03:00,1785523877,16668,60,3,31.7,41.7,,run
2026-07-31T21:51:22+03:00,1785523882,16673,60,3,31.7,42.6,,run
2026-07-31T21:51:27+03:00,1785523887,16678,60,3,31.7,42.6,,run
2026-07-31T21:51:33+03:00,1785523893,16684,60,3,31.7,43.2,,run
2026-07-31T21:51:38+03:00,1785523898,16689,60,3,31.7,51.0,,run
2026-07-31T21:51:43+03:00,1785523903,16694,60,3,31.7,43.2,,run
2026-07-31T21:51:49+03:00,1785523909,16700,60,3,31.7,43.9,,run
2026-07-31T21:51:54+03:00,1785523914,16705,60,3,31.7,40.8,,run
2026-07-31T21:51:59+03:00,1785523919,16710,60,3,31.7,40.2,,run
2026-07-31T21:52:04+03:00,1785523924,16715,60,3,31.7,40.2,,run
2026-07-31T21:52:10+03:00,1785523930,16721,60,3,31.7,39.5,,run
2026-07-31T21:52:15+03:00,1785523935,16726,60,3,31.7,40.5,,run
2026-07-31T21:52:20+03:00,1785523940,16731,60,3,31.7,39.5,,run
2026-07-31T21:52:25+03:00,1785523945,16736,60,3,31.7,50.1,,run
2026-07-31T21:52:31+03:00,1785523951,16742,60,3,31.7,43.2,,run
2026-07-31T21:52:36+03:00,1785523956,16747,60,3,31.7,43.2,,run
2026-07-31T21:52:41+03:00,1785523961,16752,59,3,32.0,43.9,,run
2026-07-31T21:52:46+03:00,1785523966,16757,59,3,32.0,45.7,,run
2026-07-31T21:52:52+03:00,1785523972,16763,59,3,32.0,42.3,,run
2026-07-31T21:52:57+03:00,1785523977,16768,59,3,32.0,42.0,,run
2026-07-31T21:53:02+03:00,1785523982,16773,59,3,32.0,42.0,,run
2026-07-31T21:53:07+03:00,1785523987,16778,59,3,32.0,43.6,,run
2026-07-31T21:53:13+03:00,1785523993,16784,59,3,32.0,42.0,,run
2026-07-31T21:53:18+03:00,1785523998,16789,59,3,32.0,41.7,,run
2026-07-31T21:53:23+03:00,1785524003,16794,59,3,32.0,45.1,,run
2026-07-31T21:53:28+03:00,1785524008,16799,59,3,32.0,43.2,,run
2026-07-31T21:53:34+03:00,1785524014,16805,59,3,32.0,44.8,,run
2026-07-31T21:53:39+03:00,1785524019,16810,59,3,32.0,44.8,,run
2026-07-31T21:53:44+03:00,1785524024,16815,59,3,32.0,52.8,,run
2026-07-31T21:53:50+03:00,1785524030,16821,59,3,32.0,43.2,,run
2026-07-31T21:53:55+03:00,1785524035,16826,59,3,32.0,44.8,,run
2026-07-31T21:54:00+03:00,1785524040,16831,59,3,32.0,40.5,,run
2026-07-31T21:54:06+03:00,1785524046,16837,59,3,32.0,40.5,,run
2026-07-31T21:54:11+03:00,1785524051,16842,59,3,32.0,40.5,,run
2026-07-31T21:54:16+03:00,1785524056,16847,59,3,32.0,41.1,,run
2026-07-31T21:54:21+03:00,1785524061,16852,59,3,32.0,39.8,,run
2026-07-31T21:54:27+03:00,1785524067,16858,59,3,32.0,40.2,,run
2026-07-31T21:54:32+03:00,1785524072,16863,59,3,32.0,52.5,,run
2026-07-31T21:54:37+03:00,1785524077,16868,59,3,32.0,45.4,,run
2026-07-31T21:54:43+03:00,1785524083,16874,59,3,32.0,42.9,,run
2026-07-31T21:54:48+03:00,1785524088,16879,59,3,32.0,42.9,,run
2026-07-31T21:54:53+03:00,1785524093,16884,59,3,32.0,41.7,,run
2026-07-31T21:54:58+03:00,1785524098,16889,59,3,32.0,41.1,,run
2026-07-31T21:55:04+03:00,1785524104,16895,59,3,32.0,41.1,,run
2026-07-31T21:55:09+03:00,1785524109,16900,59,3,32.0,42.3,,run
2026-07-31T21:55:14+03:00,1785524114,16905,59,3,32.0,41.7,,run
2026-07-31T21:55:19+03:00,1785524119,16910,59,3,32.0,42.0,,run
2026-07-31T21:55:24+03:00,1785524124,16915,59,3,32.0,41.4,,run
2026-07-31T21:55:30+03:00,1785524130,16921,59,3,32.0,41.1,,run
2026-07-31T21:55:35+03:00,1785524135,16926,59,3,32.0,42.0,,run
2026-07-31T21:55:40+03:00,1785524140,16931,59,3,32.0,42.0,,run
2026-07-31T21:55:45+03:00,1785524145,16936,59,3,32.0,45.1,,run
2026-07-31T21:55:51+03:00,1785524151,16942,59,3,32.0,53.1,,run
2026-07-31T21:55:56+03:00,1785524156,16947,59,3,32.0,46.7,,run
2026-07-31T21:56:01+03:00,1785524161,16952,59,3,32.0,40.5,,run
2026-07-31T21:56:06+03:00,1785524166,16957,59,3,32.0,40.2,,run
2026-07-31T21:56:12+03:00,1785524172,16963,59,3,32.0,39.8,,run
2026-07-31T21:56:17+03:00,1785524177,16968,59,3,32.0,51.6,,run
2026-07-31T21:56:22+03:00,1785524182,16973,59,3,32.0,43.6,,run
2026-07-31T21:56:28+03:00,1785524188,16979,59,3,32.0,41.4,,run
2026-07-31T21:56:33+03:00,1785524193,16984,59,3,32.0,42.0,,run
2026-07-31T21:56:38+03:00,1785524198,16989,59,3,32.0,42.6,,run
2026-07-31T21:56:43+03:00,1785524203,16994,59,3,32.0,42.3,,run
2026-07-31T21:56:48+03:00,1785524208,16999,59,3,32.0,40.8,,run
2026-07-31T21:56:54+03:00,1785524214,17005,59,3,32.0,41.1,,run
2026-07-31T21:56:59+03:00,1785524219,17010,59,3,32.0,41.4,,run
2026-07-31T21:57:04+03:00,1785524224,17015,59,3,32.0,42.0,,run
2026-07-31T21:57:09+03:00,1785524229,17020,59,3,32.0,42.3,,run
2026-07-31T21:57:15+03:00,1785524235,17026,59,3,32.0,41.4,,run
2026-07-31T21:57:20+03:00,1785524240,17031,59,3,32.0,42.9,,run
2026-07-31T21:57:25+03:00,1785524245,17036,59,3,32.0,40.8,,run
2026-07-31T21:57:30+03:00,1785524250,17041,59,3,32.0,46.7,,run
2026-07-31T21:57:35+03:00,1785524255,17046,59,3,32.0,50.7,,run
2026-07-31T21:57:41+03:00,1785524261,17052,59,3,32.0,45.7,,run
2026-07-31T21:57:46+03:00,1785524266,17057,59,3,32.0,41.1,,run
2026-07-31T21:57:51+03:00,1785524271,17062,59,3,32.0,40.5,,run
2026-07-31T21:57:57+03:00,1785524277,17068,59,3,32.0,38.9,,run
2026-07-31T21:58:02+03:00,1785524282,17073,59,3,32.0,38.9,,run
2026-07-31T21:58:07+03:00,1785524287,17078,59,3,32.0,39.5,,run
2026-07-31T21:58:12+03:00,1785524292,17083,59,3,32.0,38.9,,run
2026-07-31T21:58:17+03:00,1785524297,17088,59,3,32.0,41.7,,run
2026-07-31T21:58:23+03:00,1785524303,17094,59,3,32.0,48.2,,run
2026-07-31T21:58:28+03:00,1785524308,17099,59,3,32.0,42.9,,run
2026-07-31T21:58:33+03:00,1785524313,17104,59,3,32.0,42.0,,run
2026-07-31T21:58:39+03:00,1785524319,17110,59,3,32.0,41.7,,run
2026-07-31T21:58:44+03:00,1785524324,17115,59,3,32.0,41.1,,run
2026-07-31T21:58:49+03:00,1785524329,17120,59,3,32.0,41.4,,run
2026-07-31T21:58:54+03:00,1785524334,17125,59,3,32.0,42.6,,run
2026-07-31T21:58:59+03:00,1785524339,17130,59,3,32.0,42.0,,run
2026-07-31T21:59:05+03:00,1785524345,17136,59,3,32.0,40.8,,run
2026-07-31T21:59:10+03:00,1785524350,17141,59,3,32.0,39.8,,run
2026-07-31T21:59:15+03:00,1785524355,17146,59,3,32.0,39.8,,run
2026-07-31T21:59:20+03:00,1785524360,17151,59,3,32.0,40.8,,run
2026-07-31T21:59:26+03:00,1785524366,17157,59,3,32.0,42.6,,run
2026-07-31T21:59:31+03:00,1785524371,17162,59,3,32.0,40.8,,run
2026-07-31T21:59:36+03:00,1785524376,17167,59,3,32.0,48.8,,run
2026-07-31T21:59:42+03:00,1785524382,17173,59,3,32.0,42.3,,run
2026-07-31T21:59:47+03:00,1785524387,17178,59,3,32.0,44.5,,run
2026-07-31T21:59:52+03:00,1785524392,17183,59,3,32.0,40.2,,run
2026-07-31T21:59:57+03:00,1785524397,17188,59,3,32.0,38.6,,run
2026-07-31T22:00:03+03:00,1785524403,17194,59,3,32.0,39.8,,run
2026-07-31T22:00:08+03:00,1785524408,17199,59,3,32.0,38.9,,run
2026-07-31T22:00:13+03:00,1785524413,17204,59,3,32.0,39.8,,run
2026-07-31T22:00:18+03:00,1785524418,17209,59,3,32.0,39.2,,run
2026-07-31T22:00:23+03:00,1785524423,17214,59,3,32.0,52.5,,run
2026-07-31T22:00:29+03:00,1785524429,17220,59,3,32.0,43.6,,run
2026-07-31T22:00:34+03:00,1785524434,17225,59,3,32.0,42.3,,run
2026-07-31T22:00:40+03:00,1785524440,17231,59,3,32.0,42.3,,run
2026-07-31T22:00:45+03:00,1785524445,17236,59,3,32.0,41.7,,run
2026-07-31T22:00:50+03:00,1785524450,17241,59,3,32.0,41.4,,run
2026-07-31T22:00:55+03:00,1785524455,17246,59,3,32.0,40.2,,run
2026-07-31T22:01:00+03:00,1785524460,17251,59,3,32.0,41.1,,run
2026-07-31T22:01:06+03:00,1785524466,17257,59,3,32.0,41.1,,run
2026-07-31T22:01:11+03:00,1785524471,17262,59,3,32.0,40.5,,run
2026-07-31T22:01:16+03:00,1785524476,17267,59,3,32.0,40.5,,run
2026-07-31T22:01:21+03:00,1785524481,17272,59,3,32.0,40.2,,run
2026-07-31T22:01:27+03:00,1785524487,17278,59,3,32.0,40.5,,run
2026-07-31T22:01:32+03:00,1785524492,17283,59,3,32.0,41.1,,run
2026-07-31T22:01:37+03:00,1785524497,17288,59,3,32.0,40.5,,run
2026-07-31T22:01:42+03:00,1785524502,17293,59,3,32.0,51.9,,run
2026-07-31T22:01:48+03:00,1785524508,17299,59,3,32.0,44.8,,run
2026-07-31T22:01:53+03:00,1785524513,17304,59,3,32.0,39.8,,end
2026-07-31T22:39:04+03:00,1785526744,19535,59,3,31.2,51.6,,run
2026-07-31T22:39:09+03:00,1785526749,19540,59,3,31.2,43.6,,run
2026-07-31T22:39:14+03:00,1785526754,19545,59,3,31.2,43.9,,run
2026-07-31T22:39:19+03:00,1785526759,19550,59,3,31.2,41.1,,run
2026-07-31T22:39:24+03:00,1785526764,19555,59,3,31.2,41.1,,run
2026-07-31T22:39:30+03:00,1785526770,19561,59,3,31.2,41.4,,run
2026-07-31T22:39:35+03:00,1785526775,19566,59,3,31.2,41.1,,run
2026-07-31T22:39:40+03:00,1785526780,19571,59,3,31.2,41.1,,run
2026-07-31T22:39:45+03:00,1785526785,19576,59,3,31.2,51.3,,run
2026-07-31T22:39:51+03:00,1785526791,19582,59,3,31.2,43.9,,run
2026-07-31T22:39:56+03:00,1785526796,19587,59,3,31.2,44.5,,run
2026-07-31T22:40:02+03:00,1785526802,19593,59,3,31.2,43.2,,run
2026-07-31T22:40:07+03:00,1785526807,19598,59,3,31.2,41.4,,run
2026-07-31T22:40:12+03:00,1785526812,19603,59,3,31.2,41.1,,run
2026-07-31T22:40:17+03:00,1785526817,19608,59,3,31.3,42.3,,run
2026-07-31T22:40:23+03:00,1785526823,19614,59,3,31.3,40.8,,run
2026-07-31T22:40:28+03:00,1785526828,19619,59,3,31.3,44.2,,run
2026-07-31T22:40:33+03:00,1785526833,19624,59,3,31.3,41.4,,run
2026-07-31T22:40:38+03:00,1785526838,19629,59,3,31.3,42.0,,run
2026-07-31T22:40:43+03:00,1785526843,19634,59,3,31.3,41.7,,run
2026-07-31T22:40:49+03:00,1785526849,19640,59,3,31.3,41.1,,run
2026-07-31T22:40:54+03:00,1785526854,19645,59,3,31.3,41.4,,run
2026-07-31T22:40:59+03:00,1785526859,19650,59,3,31.3,42.3,,run
2026-07-31T22:41:05+03:00,1785526865,19656,59,3,31.3,52.2,,run
2026-07-31T22:41:10+03:00,1785526870,19661,59,3,31.3,44.8,,run
2026-07-31T22:41:15+03:00,1785526875,19666,59,3,31.3,41.7,,end
