# sample_id=0653/rev_003_dd3b3254 exec_index=13 ok=True perf_lines=30 vm_events=30 battery_pct=80 soc_temp_millic=41100 battery_temp_c=30.4 charging=False preflight_started=2026-09-17T14:04:50.246188+00:00 started=2026-09-17T14:04:52.577198+00:00 ts=2026-09-17T14:06:38.298669+00:00
[spm]: Running flutter analyze...
Resolving dependencies...
Downloading packages...
  _fe_analyzer_shared 100.0.0 (108.0.0 available)
  analyzer 13.0.0 (14.4.0 available)
  async 2.13.0 (2.13.1 available)
  clock 1.1.2 (1.1.3 available)
  cupertino_icons 1.0.8 (1.0.9 available)
  glob 2.1.3 (2.2.0 available)
  lints 6.0.0 (6.1.0 available)
  matcher 0.12.19 (0.12.20 available)
  material_color_utilities 0.13.0 (0.13.1 available)
  meta 1.18.0 (1.19.0 available)
  package_config 2.2.0 (3.0.0 available)
  platform 3.1.6 (3.2.0 available)
  process 5.0.5 (5.0.6 available)
  pub_semver 2.2.0 (2.2.1 available)
  source_span 1.10.1 (1.10.2 available)
  stack_trace 1.12.1 (1.12.2 available)
  test_api 0.7.11 (0.7.14 available)
  vector_math 2.2.0 (2.4.2 available)
  vm_service 15.0.2 (15.3.0 available)
  webdriver 3.1.0 (3.2.0 available)
  yaml 3.1.3 (3.1.4 available)
Got dependencies!
21 packages have newer versions incompatible with dependency constraints.
Try `flutter pub outdated` for more information.
Analyzing lib...                                                

   info • The part-of directive uses a library name. Try converting the directive to use the URI of the library • lib/dependencies.dart:46:1 • use_string_in_part_of_directives
   info • The variable name 'app_name' isn't a lowerCamelCase identifier. Try changing the name to follow the lowerCamelCase style • lib/dependencies.dart:240:15 • non_constant_identifier_names
   info • The variable name 'app_tagline' isn't a lowerCamelCase identifier. Try changing the name to follow the lowerCamelCase style • lib/dependencies.dart:241:15 • non_constant_identifier_names
   info • The variable name 'app_version' isn't a lowerCamelCase identifier. Try changing the name to follow the lowerCamelCase style • lib/dependencies.dart:242:15 • non_constant_identifier_names
   info • The variable name 'continue_action' isn't a lowerCamelCase identifier. Try changing the name to follow the lowerCamelCase style • lib/dependencies.dart:250:15 • non_constant_identifier_names
   info • The variable name 'copied_to_clipboard' isn't a lowerCamelCase identifier. Try changing the name to follow the lowerCamelCase style • lib/dependencies.dart:267:15 • non_constant_identifier_names
   info • The variable name 'none_selected' isn't a lowerCamelCase identifier. Try changing the name to follow the lowerCamelCase style • lib/dependencies.dart:272:15 • non_constant_identifier_names
   info • The variable name 'unknown_error' isn't a lowerCamelCase identifier. Try changing the name to follow the lowerCamelCase style • lib/dependencies.dart:276:15 • non_constant_identifier_names
   info • The variable name 'not_now' isn't a lowerCamelCase identifier. Try changing the name to follow the lowerCamelCase style • lib/dependencies.dart:277:15 • non_constant_identifier_names
   info • The variable name 'proceed_anyway' isn't a lowerCamelCase identifier. Try changing the name to follow the lowerCamelCase style • lib/dependencies.dart:279:15 • non_constant_identifier_names
   info • The variable name 'test_connection' isn't a lowerCamelCase identifier. Try changing the name to follow the lowerCamelCase style • lib/dependencies.dart:280:15 • non_constant_identifier_names
   info • The variable name 'connection_successful' isn't a lowerCamelCase identifier. Try changing the name to follow the lowerCamelCase style • lib/dependencies.dart:282:15 • non_constant_identifier_names
   info • The variable name 'connection_failed' isn't a lowerCamelCase identifier. Try changing the name to follow the lowerCamelCase style • lib/dependencies.dart:283:15 • non_constant_identifier_names
   info • The variable name 'save_continue' isn't a lowerCamelCase identifier. Try changing the name to follow the lowerCamelCase style • lib/dependencies.dart:284:15 • non_constant_identifier_names
   info • The variable name 'save_changes' isn't a lowerCamelCase identifier. Try changing the name to follow the lowerCamelCase style • lib/dependencies.dart:285:15 • non_constant_identifier_names
   info • The variable name 'finish_setup' isn't a lowerCamelCase identifier. Try changing the name to follow the lowerCamelCase style • lib/dependencies.dart:286:15 • non_constant_identifier_names
   info • The variable name 'start_new_chat' isn't a lowerCamelCase identifier. Try changing the name to follow the lowerCamelCase style • lib/dependencies.dart:287:15 • non_constant_identifier_names
   info • The variable name 'cannot_undo' isn't a lowerCamelCase identifier. Try changing the name to follow the lowerCamelCase style • lib/dependencies.dart:288:15 • non_constant_identifier_names
   info • The variable name 'ram_warning' isn't a lowerCamelCase identifier. Try changing the name to follow the lowerCamelCase style • lib/dependencies.dart:289:15 • non_constant_identifier_names
   info • The variable name 'may_be_large' isn't a lowerCamelCase identifier. Try changing the name to follow the lowerCamelCase style • lib/dependencies.dart:291:15 • non_constant_identifier_names
   info • The variable name 'download_failed' isn't a lowerCamelCase identifier. Try changing the name to follow the lowerCamelCase style • lib/dependencies.dart:293:15 • non_constant_identifier_names
   info • The variable name 'not_downloaded' isn't a lowerCamelCase identifier. Try changing the name to follow the lowerCamelCase style • lib/dependencies.dart:295:15 • non_constant_identifier_names
   info • The variable name 'not_installed' isn't a lowerCamelCase identifier. Try changing the name to follow the lowerCamelCase style • lib/dependencies.dart:297:15 • non_constant_identifier_names
   info • The variable name 'preparing_app' isn't a lowerCamelCase identifier. Try changing the name to follow the lowerCamelCase style • lib/dependencies.dart:303:15 • non_constant_identifier_names
   info • The variable name 'initializing_services' isn't a lowerCamelCase identifier. Try changing the name to follow the lowerCamelCase style • lib/dependencies.dart:304:15 • non_constant_identifier_names
   info • The variable name 'configuring_server' isn't a lowerCamelCase identifier. Try changing the name to follow the lowerCamelCase style • lib/dependencies.dart:305:15 • non_constant_identifier_names
   info • The variable name 'startup_failed' isn't a lowerCamelCase identifier. Try changing the name to follow the lowerCamelCase style • lib/dependencies.dart:306:15 • non_constant_identifier_names
   info • The variable name 'something_went_wrong' isn't a lowerCamelCase identifier. Try changing the name to follow the lowerCamelCase style • lib/dependencies.dart:307:15 • non_constant_identifier_names
   info • The variable name 'delete_model_title' isn't a lowerCamelCase identifier. Try changing the name to follow the lowerCamelCase style • lib/dependencies.dart:308:15 • non_constant_identifier_names
   info • The variable name 'delete_voice_title' isn't a lowerCamelCase identifier. Try changing the name to follow the lowerCamelCase style • lib/dependencies.dart:309:15 • non_constant_identifier_names
   info • The variable name 'delete_server_title' isn't a lowerCamelCase identifier. Try changing the name to follow the lowerCamelCase style • lib/dependencies.dart:310:15 • non_constant_identifier_names
   info • The variable name 'delete_conversation_title' isn't a lowerCamelCase identifier. Try changing the name to follow the lowerCamelCase style • lib/dependencies.dart:311:15 • non_constant_identifier_names
   info • The variable name 'delete_message_title' isn't a lowerCamelCase identifier. Try changing the name to follow the lowerCamelCase style • lib/dependencies.dart:312:15 • non_constant_identifier_names
   info • The variable name 'delete_persona_body' isn't a lowerCamelCase identifier. Try changing the name to follow the lowerCamelCase style • lib/dependencies.dart:313:15 • non_constant_identifier_names
   info • The variable name 'clear_conversation_title' isn't a lowerCamelCase identifier. Try changing the name to follow the lowerCamelCase style • lib/dependencies.dart:314:15 • non_constant_identifier_names
   info • The variable name 'clear_conversation_body' isn't a lowerCamelCase identifier. Try changing the name to follow the lowerCamelCase style • lib/dependencies.dart:315:15 • non_constant_identifier_names
   info • The variable name 'no_model_loaded' isn't a lowerCamelCase identifier. Try changing the name to follow the lowerCamelCase style • lib/dependencies.dart:317:15 • non_constant_identifier_names
   info • The variable name 'delete_conversation' isn't a lowerCamelCase identifier. Try changing the name to follow the lowerCamelCase style • lib/dependencies.dart:318:15 • non_constant_identifier_names
   info • The variable name 'nav_history' isn't a lowerCamelCase identifier. Try changing the name to follow the lowerCamelCase style • lib/dependencies.dart:319:15 • non_constant_identifier_names
   info • The variable name 'nav_servers' isn't a lowerCamelCase identifier. Try changing the name to follow the lowerCamelCase style • lib/dependencies.dart:320:15 • non_constant_identifier_names
   info • The variable name 'nav_local_models' isn't a lowerCamelCase identifier. Try changing the name to follow the lowerCamelCase style • lib/dependencies.dart:321:15 • non_constant_identifier_names
   info • The variable name 'nav_tts' isn't a lowerCamelCase identifier. Try changing the name to follow the lowerCamelCase style • lib/dependencies.dart:322:15 • non_constant_identifier_names
   info • The variable name 'nav_personas' isn't a lowerCamelCase identifier. Try changing the name to follow the lowerCamelCase style • lib/dependencies.dart:323:15 • non_constant_identifier_names
   info • The variable name 'nav_settings' isn't a lowerCamelCase identifier. Try changing the name to follow the lowerCamelCase style • lib/dependencies.dart:324:15 • non_constant_identifier_names
   info • The variable name 'nav_new_chat' isn't a lowerCamelCase identifier. Try changing the name to follow the lowerCamelCase style • lib/dependencies.dart:325:15 • non_constant_identifier_names
   info • The variable name 'search_hint' isn't a lowerCamelCase identifier. Try changing the name to follow the lowerCamelCase style • lib/dependencies.dart:326:15 • non_constant_identifier_names
   info • The variable name 'no_server_selected' isn't a lowerCamelCase identifier. Try changing the name to follow the lowerCamelCase style • lib/dependencies.dart:327:15 • non_constant_identifier_names
   info • The variable name 'switch_server' isn't a lowerCamelCase identifier. Try changing the name to follow the lowerCamelCase style • lib/dependencies.dart:328:15 • non_constant_identifier_names
   info • The variable name 'switch_server_subtitle' isn't a lowerCamelCase identifier. Try changing the name to follow the lowerCamelCase style • lib/dependencies.dart:329:15 • non_constant_identifier_names
   info • The variable name 'manage_servers' isn't a lowerCamelCase identifier. Try changing the name to follow the lowerCamelCase style • lib/dependencies.dart:330:15 • non_constant_identifier_names
   info • The variable name 'open_source' isn't a lowerCamelCase identifier. Try changing the name to follow the lowerCamelCase style • lib/dependencies.dart:331:15 • non_constant_identifier_names
   info • The variable name 'open_source_desc' isn't a lowerCamelCase identifier. Try changing the name to follow the lowerCamelCase style • lib/dependencies.dart:332:15 • non_constant_identifier_names
   info • The variable name 'star_on_github' isn't a lowerCamelCase identifier. Try changing the name to follow the lowerCamelCase style • lib/dependencies.dart:333:15 • non_constant_identifier_names
   info • The variable name 'settings_title' isn't a lowerCamelCase identifier. Try changing the name to follow the lowerCamelCase style • lib/dependencies.dart:334:15 • non_constant_identifier_names
   info • The variable name 'settings_appearance' isn't a lowerCamelCase identifier. Try changing the name to follow the lowerCamelCase style • lib/dependencies.dart:335:15 • non_constant_identifier_names
   info • The variable name 'settings_language' isn't a lowerCamelCase identifier. Try changing the name to follow the lowerCamelCase style • lib/dependencies.dart:336:15 • non_constant_identifier_names
   info • The variable name 'language_system_default' isn't a lowerCamelCase identifier. Try changing the name to follow the lowerCamelCase style • lib/dependencies.dart:337:15 • non_constant_identifier_names
   info • The variable name 'settings_tts' isn't a lowerCamelCase identifier. Try changing the name to follow the lowerCamelCase style • lib/dependencies.dart:338:15 • non_constant_identifier_names
   info • The variable name 'settings_behavior' isn't a lowerCamelCase identifier. Try changing the name to follow the lowerCamelCase style • lib/dependencies.dart:339:15 • non_constant_identifier_names
   info • The variable name 'settings_on_device' isn't a lowerCamelCase identifier. Try changing the name to follow the lowerCamelCase style • lib/dependencies.dart:340:15 • non_constant_identifier_names
   info • The variable name 'settings_default_server' isn't a lowerCamelCase identifier. Try changing the name to follow the lowerCamelCase style • lib/dependencies.dart:341:15 • non_constant_identifier_names
   info • The variable name 'settings_default_persona' isn't a lowerCamelCase identifier. Try changing the name to follow the lowerCamelCase style • lib/dependencies.dart:342:15 • non_constant_identifier_names
   info • The variable name 'settings_privacy' isn't a lowerCamelCase identifier. Try changing the name to follow the lowerCamelCase style • lib/dependencies.dart:343:15 • non_constant_identifier_names
   info • The variable name 'settings_data_management' isn't a lowerCamelCase identifier. Try changing the name to follow the lowerCamelCase style • lib/dependencies.dart:344:15 • non_constant_identifier_names
   info • The variable name 'settings_about' isn't a lowerCamelCase identifier. Try changing the name to follow the lowerCamelCase style • lib/dependencies.dart:345:15 • non_constant_identifier_names
   info • The variable name 'theme_system' isn't a lowerCamelCase identifier. Try changing the name to follow the lowerCamelCase style • lib/dependencies.dart:347:15 • non_constant_identifier_names
   info • The variable name 'theme_light' isn't a lowerCamelCase identifier. Try changing the name to follow the lowerCamelCase style • lib/dependencies.dart:348:15 • non_constant_identifier_names
   info • The variable name 'theme_dark' isn't a lowerCamelCase identifier. Try changing the name to follow the lowerCamelCase style • lib/dependencies.dart:349:15 • non_constant_identifier_names
   info • The variable name 'theme_claude' isn't a lowerCamelCase identifier. Try changing the name to follow the lowerCamelCase style • lib/dependencies.dart:350:15 • non_constant_identifier_names
   info • The variable name 'font_size' isn't a lowerCamelCase identifier. Try changing the name to follow the lowerCamelCase style • lib/dependencies.dart:351:15 • non_constant_identifier_names
   info • The variable name 'font_size_desc' isn't a lowerCamelCase identifier. Try changing the name to follow the lowerCamelCase style • lib/dependencies.dart:352:15 • non_constant_identifier_names
   info • The variable name 'font_preview' isn't a lowerCamelCase identifier. Try changing the name to follow the lowerCamelCase style • lib/dependencies.dart:353:15 • non_constant_identifier_names
   info • The variable name 'code_theme_dark' isn't a lowerCamelCase identifier. Try changing the name to follow the lowerCamelCase style • lib/dependencies.dart:354:15 • non_constant_identifier_names
   info • The variable name 'code_theme_light' isn't a lowerCamelCase identifier. Try changing the name to follow the lowerCamelCase style • lib/dependencies.dart:355:15 • non_constant_identifier_names
   info • The variable name 'code_theme_desc' isn't a lowerCamelCase identifier. Try changing the name to follow the lowerCamelCase style • lib/dependencies.dart:356:15 • non_constant_identifier_names
   info • The variable name 'tts_engine' isn't a lowerCamelCase identifier. Try changing the name to follow the lowerCamelCase style • lib/dependencies.dart:357:15 • non_constant_identifier_names
   info • The variable name 'tts_engine_system' isn't a lowerCamelCase identifier. Try changing the name to follow the lowerCamelCase style • lib/dependencies.dart:358:15 • non_constant_identifier_names
   info • The variable name 'tts_engine_kitten' isn't a lowerCamelCase identifier. Try changing the name to follow the lowerCamelCase style • lib/dependencies.dart:359:15 • non_constant_identifier_names
   info • The variable name 'voice_female' isn't a lowerCamelCase identifier. Try changing the name to follow the lowerCamelCase style • lib/dependencies.dart:361:15 • non_constant_identifier_names
   info • The variable name 'voice_male' isn't a lowerCamelCase identifier. Try changing the name to follow the lowerCamelCase style • lib/dependencies.dart:362:15 • non_constant_identifier_names
   info • The variable name 'voice_other' isn't a lowerCamelCase identifier. Try changing the name to follow the lowerCamelCase style • lib/dependencies.dart:363:15 • non_constant_identifier_names
   info • The variable name 'tts_speed' isn't a lowerCamelCase identifier. Try changing the name to follow the lowerCamelCase style • lib/dependencies.dart:364:15 • non_constant_identifier_names
   info • The variable name 'tts_speed_desc' isn't a lowerCamelCase identifier. Try changing the name to follow the lowerCamelCase style • lib/dependencies.dart:365:15 • non_constant_identifier_names
   info • The variable name 'manage_tts_models' isn't a lowerCamelCase identifier. Try changing the name to follow the lowerCamelCase style • lib/dependencies.dart:366:15 • non_constant_identifier_names
   info • The variable name 'manage_on_device_models' isn't a lowerCamelCase identifier. Try changing the name to follow the lowerCamelCase style • lib/dependencies.dart:367:15 • non_constant_identifier_names
   info • The variable name 'streaming_responses' isn't a lowerCamelCase identifier. Try changing the name to follow the lowerCamelCase style • lib/dependencies.dart:368:15 • non_constant_identifier_names
   info • The variable name 'auto_generate_titles' isn't a lowerCamelCase identifier. Try changing the name to follow the lowerCamelCase style • lib/dependencies.dart:369:15 • non_constant_identifier_names
   info • The variable name 'send_on_enter' isn't a lowerCamelCase identifier. Try changing the name to follow the lowerCamelCase style • lib/dependencies.dart:370:15 • non_constant_identifier_names
   info • The variable name 'show_system_messages' isn't a lowerCamelCase identifier. Try changing the name to follow the lowerCamelCase style • lib/dependencies.dart:371:15 • non_constant_identifier_names
   info • The variable name 'haptic_feedback' isn't a lowerCamelCase identifier. Try changing the name to follow the lowerCamelCase style • lib/dependencies.dart:372:15 • non_constant_identifier_names
   info • The variable name 'enable_mcp' isn't a lowerCamelCase identifier. Try changing the name to follow the lowerCamelCase style • lib/dependencies.dart:373:15 • non_constant_identifier_names
   info • The variable name 'new_chat_mcp_default' isn't a lowerCamelCase identifier. Try changing the name to follow the lowerCamelCase style • lib/dependencies.dart:374:15 • non_constant_identifier_names
   info • The variable name 'show_data_indicator' isn't a lowerCamelCase identifier. Try changing the name to follow the lowerCamelCase style • lib/dependencies.dart:375:15 • non_constant_identifier_names
   info • The variable name 'privacy_info' isn't a lowerCamelCase identifier. Try changing the name to follow the lowerCamelCase style • lib/dependencies.dart:376:15 • non_constant_identifier_names
   info • The variable name 'delete_all_conversations' isn't a lowerCamelCase identifier. Try changing the name to follow the lowerCamelCase style • lib/dependencies.dart:377:15 • non_constant_identifier_names
   info • The variable name 'reset_settings_defaults' isn't a lowerCamelCase identifier. Try changing the name to follow the lowerCamelCase style • lib/dependencies.dart:378:15 • non_constant_identifier_names
   info • The variable name 'chat_title' isn't a lowerCamelCase identifier. Try changing the name to follow the lowerCamelCase style • lib/dependencies.dart:379:15 • non_constant_identifier_names
   info • The variable name 'chat_parameters_tooltip' isn't a lowerCamelCase identifier. Try changing the name to follow the lowerCamelCase style • lib/dependencies.dart:380:15 • non_constant_identifier_names
   info • The variable name 'change_persona' isn't a lowerCamelCase identifier. Try changing the name to follow the lowerCamelCase style • lib/dependencies.dart:381:15 • non_constant_identifier_names
   info • The variable name 'set_persona' isn't a lowerCamelCase identifier. Try changing the name to follow the lowerCamelCase style • lib/dependencies.dart:382:15 • non_constant_identifier_names
   info • The variable name 'remove_persona' isn't a lowerCamelCase identifier. Try changing the name to follow the lowerCamelCase style • lib/dependencies.dart:383:15 • non_constant_identifier_names
   info • The variable name 'clear_conversation' isn't a lowerCamelCase identifier. Try changing the name to follow the lowerCamelCase style • lib/dependencies.dart:384:15 • non_constant_identifier_names
   info • The variable name 'connection_error' isn't a lowerCamelCase identifier. Try changing the name to follow the lowerCamelCase style • lib/dependencies.dart:385:15 • non_constant_identifier_names
   info • The variable name 'select_model' isn't a lowerCamelCase identifier. Try changing the name to follow the lowerCamelCase style • lib/dependencies.dart:388:15 • non_constant_identifier_names
   info • The variable name 'select_persona' isn't a lowerCamelCase identifier. Try changing the name to follow the lowerCamelCase style • lib/dependencies.dart:389:15 • non_constant_identifier_names
   info • The variable name 'start_conversation' isn't a lowerCamelCase identifier. Try changing the name to follow the lowerCamelCase style • lib/dependencies.dart:390:15 • non_constant_identifier_names
   info • The variable name 'recent_chats' isn't a lowerCamelCase identifier. Try changing the name to follow the lowerCamelCase style • lib/dependencies.dart:391:15 • non_constant_identifier_names
   info • The variable name 'see_all' isn't a lowerCamelCase identifier. Try changing the name to follow the lowerCamelCase style • lib/dependencies.dart:392:15 • non_constant_identifier_names
   info • The variable name 'quick_write' isn't a lowerCamelCase identifier. Try changing the name to follow the lowerCamelCase style • lib/dependencies.dart:393:15 • non_constant_identifier_names
   info • The variable name 'quick_explain' isn't a lowerCamelCase identifier. Try changing the name to follow the lowerCamelCase style • lib/dependencies.dart:394:15 • non_constant_identifier_names
   info • The variable name 'quick_debug' isn't a lowerCamelCase identifier. Try changing the name to follow the lowerCamelCase style • lib/dependencies.dart:395:15 • non_constant_identifier_names
   info • The variable name 'quick_async' isn't a lowerCamelCase identifier. Try changing the name to follow the lowerCamelCase style • lib/dependencies.dart:396:15 • non_constant_identifier_names
   info • The variable name 'history_missing_title' isn't a lowerCamelCase identifier. Try changing the name to follow the lowerCamelCase style • lib/dependencies.dart:397:15 • non_constant_identifier_names
   info • The variable name 'history_missing_desc' isn't a lowerCamelCase identifier. Try changing the name to follow the lowerCamelCase style • lib/dependencies.dart:398:15 • non_constant_identifier_names
   info • The variable name 'technical_details' isn't a lowerCamelCase identifier. Try changing the name to follow the lowerCamelCase style • lib/dependencies.dart:399:15 • non_constant_identifier_names
   info • The variable name 'last_error' isn't a lowerCamelCase identifier. Try changing the name to follow the lowerCamelCase style • lib/dependencies.dart:400:15 • non_constant_identifier_names
   info • The variable name 'copy_info' isn't a lowerCamelCase identifier. Try changing the name to follow the lowerCamelCase style • lib/dependencies.dart:401:15 • non_constant_identifier_names
   info • The variable name 'conversation_id' isn't a lowerCamelCase identifier. Try changing the name to follow the lowerCamelCase style • lib/dependencies.dart:402:15 • non_constant_identifier_names
   info • The variable name 'created_at' isn't a lowerCamelCase identifier. Try changing the name to follow the lowerCamelCase style • lib/dependencies.dart:403:15 • non_constant_identifier_names
   info • The variable name 'expected_messages' isn't a lowerCamelCase identifier. Try changing the name to follow the lowerCamelCase style • lib/dependencies.dart:404:15 • non_constant_identifier_names
   info • The variable name 'debug_dialog_desc' isn't a lowerCamelCase identifier. Try changing the name to follow the lowerCamelCase style • lib/dependencies.dart:405:15 • non_constant_identifier_names
   info • The variable name 'chat_input_hint' isn't a lowerCamelCase identifier. Try changing the name to follow the lowerCamelCase style • lib/dependencies.dart:406:15 • non_constant_identifier_names
   info • The variable name 'send_message_tooltip' isn't a lowerCamelCase identifier. Try changing the name to follow the lowerCamelCase style • lib/dependencies.dart:407:15 • non_constant_identifier_names
   info • The variable name 'stop_generation_tooltip' isn't a lowerCamelCase identifier. Try changing the name to follow the lowerCamelCase style • lib/dependencies.dart:408:15 • non_constant_identifier_names
   info • The variable name 'attach_images_tooltip' isn't a lowerCamelCase identifier. Try changing the name to follow the lowerCamelCase style • lib/dependencies.dart:409:15 • non_constant_identifier_names
   info • The variable name 'tool_unknown' isn't a lowerCamelCase identifier. Try changing the name to follow the lowerCamelCase style • lib/dependencies.dart:410:15 • non_constant_identifier_names
   info • The variable name 'message_options' isn't a lowerCamelCase identifier. Try changing the name to follow the lowerCamelCase style • lib/dependencies.dart:411:15 • non_constant_identifier_names
   info • The variable name 'copy_markdown' isn't a lowerCamelCase identifier. Try changing the name to follow the lowerCamelCase style • lib/dependencies.dart:412:15 • non_constant_identifier_names
   info • The variable name 'copied_markdown' isn't a lowerCamelCase identifier. Try changing the name to follow the lowerCamelCase style • lib/dependencies.dart:413:15 • non_constant_identifier_names
   info • The variable name 'read_aloud' isn't a lowerCamelCase identifier. Try changing the name to follow the lowerCamelCase style • lib/dependencies.dart:414:15 • non_constant_identifier_names
   info • The variable name 'stop_reading' isn't a lowerCamelCase identifier. Try changing the name to follow the lowerCamelCase style • lib/dependencies.dart:415:15 • non_constant_identifier_names
   info • The variable name 'edit_message' isn't a lowerCamelCase identifier. Try changing the name to follow the lowerCamelCase style • lib/dependencies.dart:417:15 • non_constant_identifier_names
   info • The variable name 'edit_message_desc' isn't a lowerCamelCase identifier. Try changing the name to follow the lowerCamelCase style • lib/dependencies.dart:418:15 • non_constant_identifier_names
   info • The variable name 'save_regenerate' isn't a lowerCamelCase identifier. Try changing the name to follow the lowerCamelCase style • lib/dependencies.dart:419:15 • non_constant_identifier_names
   info • The variable name 'chat_settings_title' isn't a lowerCamelCase identifier. Try changing the name to follow the lowerCamelCase style • lib/dependencies.dart:420:15 • non_constant_identifier_names
   info • The variable name 'reset_defaults' isn't a lowerCamelCase identifier. Try changing the name to follow the lowerCamelCase style • lib/dependencies.dart:421:15 • non_constant_identifier_names
   info • The variable name 'parameters_tab' isn't a lowerCamelCase identifier. Try changing the name to follow the lowerCamelCase style • lib/dependencies.dart:422:15 • non_constant_identifier_names
   info • The variable name 'mcp_tab' isn't a lowerCamelCase identifier. Try changing the name to follow the lowerCamelCase style • lib/dependencies.dart:423:15 • non_constant_identifier_names
   info • The variable name 'temperature_desc' isn't a lowerCamelCase identifier. Try changing the name to follow the lowerCamelCase style • lib/dependencies.dart:425:15 • non_constant_identifier_names
   info • The variable name 'top_p' isn't a lowerCamelCase identifier. Try changing the name to follow the lowerCamelCase style • lib/dependencies.dart:426:15 • non_constant_identifier_names
   info • The variable name 'top_p_desc' isn't a lowerCamelCase identifier. Try changing the name to follow the lowerCamelCase style • lib/dependencies.dart:427:15 • non_constant_identifier_names
   info • The variable name 'max_tokens' isn't a lowerCamelCase identifier. Try changing the name to follow the lowerCamelCase style • lib/dependencies.dart:428:15 • non_constant_identifier_names
   info • The variable name 'max_tokens_desc' isn't a lowerCamelCase identifier. Try changing the name to follow the lowerCamelCase style • lib/dependencies.dart:429:15 • non_constant_identifier_names
   info • The variable name 'context_length' isn't a lowerCamelCase identifier. Try changing the name to follow the lowerCamelCase style • lib/dependencies.dart:430:15 • non_constant_identifier_names
   info • The variable name 'context_length_desc' isn't a lowerCamelCase identifier. Try changing the name to follow the lowerCamelCase style • lib/dependencies.dart:431:15 • non_constant_identifier_names
   info • The variable name 'mcp_disabled_warning' isn't a lowerCamelCase identifier. Try changing the name to follow the lowerCamelCase style • lib/dependencies.dart:432:15 • non_constant_identifier_names
   info • The variable name 'mcp_enable_chat' isn't a lowerCamelCase identifier. Try changing the name to follow the lowerCamelCase style • lib/dependencies.dart:433:15 • non_constant_identifier_names
   info • The variable name 'auto_execute_tools' isn't a lowerCamelCase identifier. Try changing the name to follow the lowerCamelCase style • lib/dependencies.dart:434:15 • non_constant_identifier_names
   info • The variable name 'add_ephemeral_mcp' isn't a lowerCamelCase identifier. Try changing the name to follow the lowerCamelCase style • lib/dependencies.dart:435:15 • non_constant_identifier_names
   info • The variable name 'mcp_label_placeholder' isn't a lowerCamelCase identifier. Try changing the name to follow the lowerCamelCase style • lib/dependencies.dart:436:15 • non_constant_identifier_names
   info • The variable name 'mcp_url_placeholder' isn't a lowerCamelCase identifier. Try changing the name to follow the lowerCamelCase style • lib/dependencies.dart:437:15 • non_constant_identifier_names
   info • The variable name 'active_integrations' isn't a lowerCamelCase identifier. Try changing the name to follow the lowerCamelCase style • lib/dependencies.dart:438:15 • non_constant_identifier_names
   info • The variable name 'enable_notifications' isn't a lowerCamelCase identifier. Try changing the name to follow the lowerCamelCase style • lib/dependencies.dart:439:15 • non_constant_identifier_names
   info • The variable name 'enable_notifications_desc' isn't a lowerCamelCase identifier. Try changing the name to follow the lowerCamelCase style • lib/dependencies.dart:440:15 • non_constant_identifier_names
   info • The variable name 'chat_history_title' isn't a lowerCamelCase identifier. Try changing the name to follow the lowerCamelCase style • lib/dependencies.dart:441:15 • non_constant_identifier_names
   info • The variable name 'conversation_just_now' isn't a lowerCamelCase identifier. Try changing the name to follow the lowerCamelCase style • lib/dependencies.dart:442:15 • non_constant_identifier_names
   info • The variable name 'conversation_yesterday' isn't a lowerCamelCase identifier. Try changing the name to follow the lowerCamelCase style • lib/dependencies.dart:443:15 • non_constant_identifier_names
   info • The variable name 'options_tooltip' isn't a lowerCamelCase identifier. Try changing the name to follow the lowerCamelCase style • lib/dependencies.dart:444:15 • non_constant_identifier_names
   info • The variable name 'no_results_found' isn't a lowerCamelCase identifier. Try changing the name to follow the lowerCamelCase style • lib/dependencies.dart:445:15 • non_constant_identifier_names
   info • The variable name 'no_conversations_yet' isn't a lowerCamelCase identifier. Try changing the name to follow the lowerCamelCase style • lib/dependencies.dart:446:15 • non_constant_identifier_names
   info • The variable name 'try_different_search' isn't a lowerCamelCase identifier. Try changing the name to follow the lowerCamelCase style • lib/dependencies.dart:447:15 • non_constant_identifier_names
   info • The variable name 'start_new_conversation' isn't a lowerCamelCase identifier. Try changing the name to follow the lowerCamelCase style • lib/dependencies.dart:448:15 • non_constant_identifier_names
   info • The variable name 'rename_conversation' isn't a lowerCamelCase identifier. Try changing the name to follow the lowerCamelCase style • lib/dependencies.dart:449:15 • non_constant_identifier_names
   info • The variable name 'enter_new_title' isn't a lowerCamelCase identifier. Try changing the name to follow the lowerCamelCase style • lib/dependencies.dart:450:15 • non_constant_identifier_names
   info • The variable name 'pinned_section' isn't a lowerCamelCase identifier. Try changing the name to follow the lowerCamelCase style • lib/dependencies.dart:451:15 • non_constant_identifier_names
   info • The variable name 'today_section' isn't a lowerCamelCase identifier. Try changing the name to follow the lowerCamelCase style • lib/dependencies.dart:452:15 • non_constant_identifier_names
   info • The variable name 'yesterday_section' isn't a lowerCamelCase identifier. Try changing the name to follow the lowerCamelCase style • lib/dependencies.dart:453:15 • non_constant_identifier_names
   info • The variable name 'previous_7_days' isn't a lowerCamelCase identifier. Try changing the name to follow the lowerCamelCase style • lib/dependencies.dart:454:15 • non_constant_identifier_names
   info • The variable name 'previous_30_days' isn't a lowerCamelCase identifier. Try changing the name to follow the lowerCamelCase style • lib/dependencies.dart:455:15 • non_constant_identifier_names
   info • The variable name 'older_section' isn't a lowerCamelCase identifier. Try changing the name to follow the lowerCamelCase style • lib/dependencies.dart:456:15 • non_constant_identifier_names
   info • The variable name 'onboarding_localmind' isn't a lowerCamelCase identifier. Try changing the name to follow the lowerCamelCase style • lib/dependencies.dart:457:15 • non_constant_identifier_names
   info • The variable name 'onboarding_connect_server' isn't a lowerCamelCase identifier. Try changing the name to follow the lowerCamelCase style • lib/dependencies.dart:458:15 • non_constant_identifier_names
   info • The variable name 'onboarding_connect_desc' isn't a lowerCamelCase identifier. Try changing the name to follow the lowerCamelCase style • lib/dependencies.dart:459:15 • non_constant_identifier_names
   info • The variable name 'server_type_on_device' isn't a lowerCamelCase identifier. Try changing the name to follow the lowerCamelCase style • lib/dependencies.dart:460:15 • non_constant_identifier_names
   info • The variable name 'server_type_on_device_sub' isn't a lowerCamelCase identifier. Try changing the name to follow the lowerCamelCase style • lib/dependencies.dart:461:15 • non_constant_identifier_names
   info • The variable name 'server_type_lm_studio' isn't a lowerCamelCase identifier. Try changing the name to follow the lowerCamelCase style • lib/dependencies.dart:462:15 • non_constant_identifier_names
   info • The variable name 'server_type_lm_studio_sub' isn't a lowerCamelCase identifier. Try changing the name to follow the lowerCamelCase style • lib/dependencies.dart:463:15 • non_constant_identifier_names
   info • The variable name 'server_type_ollama' isn't a lowerCamelCase identifier. Try changing the name to follow the lowerCamelCase style • lib/dependencies.dart:464:15 • non_constant_identifier_names
   info • The variable name 'server_type_ollama_sub' isn't a lowerCamelCase identifier. Try changing the name to follow the lowerCamelCase style • lib/dependencies.dart:465:15 • non_constant_identifier_names
   info • The variable name 'server_type_openrouter' isn't a lowerCamelCase identifier. Try changing the name to follow the lowerCamelCase style • lib/dependencies.dart:466:15 • non_constant_identifier_names
   info • The variable name 'server_type_openrouter_sub' isn't a lowerCamelCase identifier. Try changing the name to follow the lowerCamelCase style • lib/dependencies.dart:467:15 • non_constant_identifier_names
   info • The variable name 'ready_continue' isn't a lowerCamelCase identifier. Try changing the name to follow the lowerCamelCase style • lib/dependencies.dart:468:15 • non_constant_identifier_names
   info • The variable name 'waiting_selection' isn't a lowerCamelCase identifier. Try changing the name to follow the lowerCamelCase style • lib/dependencies.dart:469:15 • non_constant_identifier_names
   info • The variable name 'setup_connection' isn't a lowerCamelCase identifier. Try changing the name to follow the lowerCamelCase style • lib/dependencies.dart:470:15 • non_constant_identifier_names
   info • The variable name 'server_name' isn't a lowerCamelCase identifier. Try changing the name to follow the lowerCamelCase style • lib/dependencies.dart:471:15 • non_constant_identifier_names
   info • The variable name 'name_required' isn't a lowerCamelCase identifier. Try changing the name to follow the lowerCamelCase style • lib/dependencies.dart:472:15 • non_constant_identifier_names
   info • The variable name 'name_max_50' isn't a lowerCamelCase identifier. Try changing the name to follow the lowerCamelCase style • lib/dependencies.dart:473:15 • non_constant_identifier_names
   info • The variable name 'host_label' isn't a lowerCamelCase identifier. Try changing the name to follow the lowerCamelCase style • lib/dependencies.dart:474:15 • non_constant_identifier_names
   info • The variable name 'host_required' isn't a lowerCamelCase identifier. Try changing the name to follow the lowerCamelCase style • lib/dependencies.dart:475:15 • non_constant_identifier_names
   info • The variable name 'port_label' isn't a lowerCamelCase identifier. Try changing the name to follow the lowerCamelCase style • lib/dependencies.dart:476:15 • non_constant_identifier_names
   info • The variable name 'port_required' isn't a lowerCamelCase identifier. Try changing the name to follow the lowerCamelCase style • lib/dependencies.dart:477:15 • non_constant_identifier_names
   info • The variable name 'port_invalid' isn't a lowerCamelCase identifier. Try changing the name to follow the lowerCamelCase style • lib/dependencies.dart:478:15 • non_constant_identifier_names
   info • The variable name 'port_range' isn't a lowerCamelCase identifier. Try changing the name to follow the lowerCamelCase style • lib/dependencies.dart:479:15 • non_constant_identifier_names
   info • The variable name 'api_key_required' isn't a lowerCamelCase identifier. Try changing the name to follow the lowerCamelCase style • lib/dependencies.dart:480:15 • non_constant_identifier_names
   info • The variable name 'api_key_optional' isn't a lowerCamelCase identifier. Try changing the name to follow the lowerCamelCase style • lib/dependencies.dart:481:15 • non_constant_identifier_names
   info • The variable name 'api_key_required_openrouter' isn't a lowerCamelCase identifier. Try changing the name to follow the lowerCamelCase style • lib/dependencies.dart:482:15 • non_constant_identifier_names
   info • The variable name 'api_key_format' isn't a lowerCamelCase identifier. Try changing the name to follow the lowerCamelCase style • lib/dependencies.dart:483:15 • non_constant_identifier_names
   info • The variable name 'my_server_hint' isn't a lowerCamelCase identifier. Try changing the name to follow the lowerCamelCase style • lib/dependencies.dart:484:15 • non_constant_identifier_names
   info • The variable name 'name_length_validation' isn't a lowerCamelCase identifier. Try changing the name to follow the lowerCamelCase style • lib/dependencies.dart:485:15 • non_constant_identifier_names
   info • The variable name 'host_valid' isn't a lowerCamelCase identifier. Try changing the name to follow the lowerCamelCase style • lib/dependencies.dart:486:15 • non_constant_identifier_names
   info • The variable name 'api_key_hint_openrouter' isn't a lowerCamelCase identifier. Try changing the name to follow the lowerCamelCase style • lib/dependencies.dart:487:15 • non_constant_identifier_names
   info • The variable name 'api_key_hint_generic' isn't a lowerCamelCase identifier. Try changing the name to follow the lowerCamelCase style • lib/dependencies.dart:488:15 • non_constant_identifier_names
   info • The variable name 'update_server' isn't a lowerCamelCase identifier. Try changing the name to follow the lowerCamelCase style • lib/dependencies.dart:489:15 • non_constant_identifier_names
   info • The variable name 'save_server' isn't a lowerCamelCase identifier. Try changing the name to follow the lowerCamelCase style • lib/dependencies.dart:490:15 • non_constant_identifier_names
   info • The variable name 'server_updated' isn't a lowerCamelCase identifier. Try changing the name to follow the lowerCamelCase style • lib/dependencies.dart:491:15 • non_constant_identifier_names
   info • The variable name 'server_added' isn't a lowerCamelCase identifier. Try changing the name to follow the lowerCamelCase style • lib/dependencies.dart:492:15 • non_constant_identifier_names
   info • The variable name 'download_model_title' isn't a lowerCamelCase identifier. Try changing the name to follow the lowerCamelCase style • lib/dependencies.dart:493:15 • non_constant_identifier_names
   info • The variable name 'download_model_desc' isn't a lowerCamelCase identifier. Try changing the name to follow the lowerCamelCase style • lib/dependencies.dart:494:15 • non_constant_identifier_names
   info • The variable name 'on_device_android_only' isn't a lowerCamelCase identifier. Try changing the name to follow the lowerCamelCase style • lib/dependencies.dart:495:15 • non_constant_identifier_names
   info • The variable name 'total_ram' isn't a lowerCamelCase identifier. Try changing the name to follow the lowerCamelCase style • lib/dependencies.dart:496:15 • non_constant_identifier_names
   info • The variable name 'choose_theme' isn't a lowerCamelCase identifier. Try changing the name to follow the lowerCamelCase style • lib/dependencies.dart:498:15 • non_constant_identifier_names
   info • The variable name 'choose_theme_desc' isn't a lowerCamelCase identifier. Try changing the name to follow the lowerCamelCase style • lib/dependencies.dart:499:15 • non_constant_identifier_names
   info • The variable name 'theme_card_system' isn't a lowerCamelCase identifier. Try changing the name to follow the lowerCamelCase style • lib/dependencies.dart:500:15 • non_constant_identifier_names
   info • The variable name 'theme_card_system_sub' isn't a lowerCamelCase identifier. Try changing the name to follow the lowerCamelCase style • lib/dependencies.dart:501:15 • non_constant_identifier_names
   info • The variable name 'theme_card_light' isn't a lowerCamelCase identifier. Try changing the name to follow the lowerCamelCase style • lib/dependencies.dart:502:15 • non_constant_identifier_names
   info • The variable name 'theme_card_light_sub' isn't a lowerCamelCase identifier. Try changing the name to follow the lowerCamelCase style • lib/dependencies.dart:503:15 • non_constant_identifier_names
   info • The variable name 'theme_card_dark' isn't a lowerCamelCase identifier. Try changing the name to follow the lowerCamelCase style • lib/dependencies.dart:504:15 • non_constant_identifier_names
   info • The variable name 'theme_card_dark_sub' isn't a lowerCamelCase identifier. Try changing the name to follow the lowerCamelCase style • lib/dependencies.dart:505:15 • non_constant_identifier_names
   info • The variable name 'theme_card_claude' isn't a lowerCamelCase identifier. Try changing the name to follow the lowerCamelCase style • lib/dependencies.dart:506:15 • non_constant_identifier_names
   info • The variable name 'theme_card_claude_sub' isn't a lowerCamelCase identifier. Try changing the name to follow the lowerCamelCase style • lib/dependencies.dart:507:15 • non_constant_identifier_names
   info • The variable name 'stay_updated' isn't a lowerCamelCase identifier. Try changing the name to follow the lowerCamelCase style • lib/dependencies.dart:508:15 • non_constant_identifier_names
   info • The variable name 'stay_updated_desc' isn't a lowerCamelCase identifier. Try changing the name to follow the lowerCamelCase style • lib/dependencies.dart:509:15 • non_constant_identifier_names
   info • The variable name 'notification_benefit_downloads' isn't a lowerCamelCase identifier. Try changing the name to follow the lowerCamelCase style • lib/dependencies.dart:510:15 • non_constant_identifier_names
   info • The variable name 'notification_benefit_completions' isn't a lowerCamelCase identifier. Try changing the name to follow the lowerCamelCase style • lib/dependencies.dart:511:15 • non_constant_identifier_names
   info • The variable name 'notification_benefit_background' isn't a lowerCamelCase identifier. Try changing the name to follow the lowerCamelCase style • lib/dependencies.dart:512:15 • non_constant_identifier_names
   info • The variable name 'allow_notifications' isn't a lowerCamelCase identifier. Try changing the name to follow the lowerCamelCase style • lib/dependencies.dart:513:15 • non_constant_identifier_names
   info • The variable name 'servers_title' isn't a lowerCamelCase identifier. Try changing the name to follow the lowerCamelCase style • lib/dependencies.dart:514:15 • non_constant_identifier_names
   info • The variable name 'no_servers_yet' isn't a lowerCamelCase identifier. Try changing the name to follow the lowerCamelCase style • lib/dependencies.dart:515:15 • non_constant_identifier_names
   info • The variable name 'no_servers_desc' isn't a lowerCamelCase identifier. Try changing the name to follow the lowerCamelCase style • lib/dependencies.dart:516:15 • non_constant_identifier_names
   info • The variable name 'add_server' isn't a lowerCamelCase identifier. Try changing the name to follow the lowerCamelCase style • lib/dependencies.dart:517:15 • non_constant_identifier_names
   info • The variable name 'edit_server' isn't a lowerCamelCase identifier. Try changing the name to follow the lowerCamelCase style • lib/dependencies.dart:518:15 • non_constant_identifier_names
   info • The variable name 'add_server_title' isn't a lowerCamelCase identifier. Try changing the name to follow the lowerCamelCase style • lib/dependencies.dart:519:15 • non_constant_identifier_names
   info • The variable name 'server_type_label' isn't a lowerCamelCase identifier. Try changing the name to follow the lowerCamelCase style • lib/dependencies.dart:520:15 • non_constant_identifier_names
   info • The variable name 'server_icon_label' isn't a lowerCamelCase identifier. Try changing the name to follow the lowerCamelCase style • lib/dependencies.dart:521:15 • non_constant_identifier_names
   info • The variable name 'default_icon' isn't a lowerCamelCase identifier. Try changing the name to follow the lowerCamelCase style • lib/dependencies.dart:522:15 • non_constant_identifier_names
   info • The variable name 'server_type_lm_studio_display' isn't a lowerCamelCase identifier. Try changing the name to follow the lowerCamelCase style • lib/dependencies.dart:523:15 • non_constant_identifier_names
   info • The variable name 'server_type_openai_display' isn't a lowerCamelCase identifier. Try changing the name to follow the lowerCamelCase style • lib/dependencies.dart:524:15 • non_constant_identifier_names
   info • The variable name 'server_type_ollama_display' isn't a lowerCamelCase identifier. Try changing the name to follow the lowerCamelCase style • lib/dependencies.dart:525:15 • non_constant_identifier_names
   info • The variable name 'server_type_openrouter_display' isn't a lowerCamelCase identifier. Try changing the name to follow the lowerCamelCase style • lib/dependencies.dart:526:15 • non_constant_identifier_names
   info • The variable name 'server_type_on_device_display' isn't a lowerCamelCase identifier. Try changing the name to follow the lowerCamelCase style • lib/dependencies.dart:527:15 • non_constant_identifier_names
   info • The variable name 'server_address_openrouter' isn't a lowerCamelCase identifier. Try changing the name to follow the lowerCamelCase style • lib/dependencies.dart:528:15 • non_constant_identifier_names
   info • The variable name 'server_address_on_device' isn't a lowerCamelCase identifier. Try changing the name to follow the lowerCamelCase style • lib/dependencies.dart:529:15 • non_constant_identifier_names
   info • The variable name 'default_badge' isn't a lowerCamelCase identifier. Try changing the name to follow the lowerCamelCase style • lib/dependencies.dart:530:15 • non_constant_identifier_names
   info • The variable name 'set_as_default' isn't a lowerCamelCase identifier. Try changing the name to follow the lowerCamelCase style • lib/dependencies.dart:531:15 • non_constant_identifier_names
   info • The variable name 'select_icon' isn't a lowerCamelCase identifier. Try changing the name to follow the lowerCamelCase style • lib/dependencies.dart:532:15 • non_constant_identifier_names
   info • The variable name 'select_icon_desc' isn't a lowerCamelCase identifier. Try changing the name to follow the lowerCamelCase style • lib/dependencies.dart:533:15 • non_constant_identifier_names
   info • The variable name 'search_icons_hint' isn't a lowerCamelCase identifier. Try changing the name to follow the lowerCamelCase style • lib/dependencies.dart:534:15 • non_constant_identifier_names
   info • The variable name 'server_icon_stack' isn't a lowerCamelCase identifier. Try changing the name to follow the lowerCamelCase style • lib/dependencies.dart:535:15 • non_constant_identifier_names
   info • The variable name 'server_icon_stack2' isn't a lowerCamelCase identifier. Try changing the name to follow the lowerCamelCase style • lib/dependencies.dart:536:15 • non_constant_identifier_names
   info • The variable name 'server_icon_stack3' isn't a lowerCamelCase identifier. Try changing the name to follow the lowerCamelCase style • lib/dependencies.dart:537:15 • non_constant_identifier_names
   info • The variable name 'server_icon_cloud' isn't a lowerCamelCase identifier. Try changing the name to follow the lowerCamelCase style • lib/dependencies.dart:538:15 • non_constant_identifier_names
   info • The variable name 'server_icon_cloud_server' isn't a lowerCamelCase identifier. Try changing the name to follow the lowerCamelCase style • lib/dependencies.dart:539:15 • non_constant_identifier_names
   info • The variable name 'server_icon_mcp' isn't a lowerCamelCase identifier. Try changing the name to follow the lowerCamelCase style • lib/dependencies.dart:540:15 • non_constant_identifier_names
   info • The variable name 'server_icon_database' isn't a lowerCamelCase identifier. Try changing the name to follow the lowerCamelCase style • lib/dependencies.dart:541:15 • non_constant_identifier_names
   info • The variable name 'server_icon_database1' isn't a lowerCamelCase identifier. Try changing the name to follow the lowerCamelCase style • lib/dependencies.dart:542:15 • non_constant_identifier_names
   info • The variable name 'server_icon_database2' isn't a lowerCamelCase identifier. Try changing the name to follow the lowerCamelCase style • lib/dependencies.dart:543:15 • non_constant_identifier_names
   info • The variable name 'server_icon_cpu' isn't a lowerCamelCase identifier. Try changing the name to follow the lowerCamelCase style • lib/dependencies.dart:544:15 • non_constant_identifier_names
   info • The variable name 'server_icon_chip' isn't a lowerCamelCase identifier. Try changing the name to follow the lowerCamelCase style • lib/dependencies.dart:545:15 • non_constant_identifier_names
   info • The variable name 'server_icon_chip2' isn't a lowerCamelCase identifier. Try changing the name to follow the lowerCamelCase style • lib/dependencies.dart:546:15 • non_constant_identifier_names
   info • The variable name 'server_icon_computer' isn't a lowerCamelCase identifier. Try changing the name to follow the lowerCamelCase style • lib/dependencies.dart:547:15 • non_constant_identifier_names
   info • The variable name 'server_icon_laptop' isn't a lowerCamelCase identifier. Try changing the name to follow the lowerCamelCase style • lib/dependencies.dart:548:15 • non_constant_identifier_names
   info • The variable name 'server_icon_terminal' isn't a lowerCamelCase identifier. Try changing the name to follow the lowerCamelCase style • lib/dependencies.dart:549:15 • non_constant_identifier_names
   info • The variable name 'server_icon_code' isn't a lowerCamelCase identifier. Try changing the name to follow the lowerCamelCase style • lib/dependencies.dart:550:15 • non_constant_identifier_names
   info • The variable name 'server_icon_ai_brain' isn't a lowerCamelCase identifier. Try changing the name to follow the lowerCamelCase style • lib/dependencies.dart:551:15 • non_constant_identifier_names
   info • The variable name 'server_icon_ai_brain2' isn't a lowerCamelCase identifier. Try changing the name to follow the lowerCamelCase style • lib/dependencies.dart:552:15 • non_constant_identifier_names
   info • The variable name 'server_icon_ai_cloud' isn't a lowerCamelCase identifier. Try changing the name to follow the lowerCamelCase style • lib/dependencies.dart:553:15 • non_constant_identifier_names
   info • The variable name 'server_icon_ai_network' isn't a lowerCamelCase identifier. Try changing the name to follow the lowerCamelCase style • lib/dependencies.dart:554:15 • non_constant_identifier_names
   info • The variable name 'server_icon_ai_chat' isn't a lowerCamelCase identifier. Try changing the name to follow the lowerCamelCase style • lib/dependencies.dart:555:15 • non_constant_identifier_names
   info • The variable name 'server_icon_cellular' isn't a lowerCamelCase identifier. Try changing the name to follow the lowerCamelCase style • lib/dependencies.dart:556:15 • non_constant_identifier_names
   info • The variable name 'server_icon_plug1' isn't a lowerCamelCase identifier. Try changing the name to follow the lowerCamelCase style • lib/dependencies.dart:557:15 • non_constant_identifier_names
   info • The variable name 'server_icon_plug2' isn't a lowerCamelCase identifier. Try changing the name to follow the lowerCamelCase style • lib/dependencies.dart:558:15 • non_constant_identifier_names
   info • The variable name 'server_icon_bot' isn't a lowerCamelCase identifier. Try changing the name to follow the lowerCamelCase style • lib/dependencies.dart:559:15 • non_constant_identifier_names
   info • The variable name 'server_icon_bot2' isn't a lowerCamelCase identifier. Try changing the name to follow the lowerCamelCase style • lib/dependencies.dart:560:15 • non_constant_identifier_names
   info • The variable name 'server_icon_robotic' isn't a lowerCamelCase identifier. Try changing the name to follow the lowerCamelCase style • lib/dependencies.dart:561:15 • non_constant_identifier_names
   info • The variable name 'server_icon_rocket' isn't a lowerCamelCase identifier. Try changing the name to follow the lowerCamelCase style • lib/dependencies.dart:562:15 • non_constant_identifier_names
   info • The variable name 'server_icon_star' isn't a lowerCamelCase identifier. Try changing the name to follow the lowerCamelCase style • lib/dependencies.dart:563:15 • non_constant_identifier_names
   info • The variable name 'server_icon_settings1' isn't a lowerCamelCase identifier. Try changing the name to follow the lowerCamelCase style • lib/dependencies.dart:564:15 • non_constant_identifier_names
   info • The variable name 'server_icon_settings2' isn't a lowerCamelCase identifier. Try changing the name to follow the lowerCamelCase style • lib/dependencies.dart:565:15 • non_constant_identifier_names
   info • The variable name 'server_icon_home1' isn't a lowerCamelCase identifier. Try changing the name to follow the lowerCamelCase style • lib/dependencies.dart:566:15 • non_constant_identifier_names
   info • The variable name 'server_icon_home2' isn't a lowerCamelCase identifier. Try changing the name to follow the lowerCamelCase style • lib/dependencies.dart:567:15 • non_constant_identifier_names
   info • The variable name 'server_icon_folder1' isn't a lowerCamelCase identifier. Try changing the name to follow the lowerCamelCase style • lib/dependencies.dart:568:15 • non_constant_identifier_names
   info • The variable name 'server_icon_folder2' isn't a lowerCamelCase identifier. Try changing the name to follow the lowerCamelCase style • lib/dependencies.dart:569:15 • non_constant_identifier_names
   info • The variable name 'server_icon_file1' isn't a lowerCamelCase identifier. Try changing the name to follow the lowerCamelCase style • lib/dependencies.dart:570:15 • non_constant_identifier_names
   info • The variable name 'server_icon_lock' isn't a lowerCamelCase identifier. Try changing the name to follow the lowerCamelCase style • lib/dependencies.dart:571:15 • non_constant_identifier_names
   info • The variable name 'server_icon_key' isn't a lowerCamelCase identifier. Try changing the name to follow the lowerCamelCase style • lib/dependencies.dart:572:15 • non_constant_identifier_names
   info • The variable name 'server_icon_link' isn't a lowerCamelCase identifier. Try changing the name to follow the lowerCamelCase style • lib/dependencies.dart:573:15 • non_constant_identifier_names
   info • The variable name 'server_icon_globe' isn't a lowerCamelCase identifier. Try changing the name to follow the lowerCamelCase style • lib/dependencies.dart:574:15 • non_constant_identifier_names
   info • The variable name 'server_icon_api' isn't a lowerCamelCase identifier. Try changing the name to follow the lowerCamelCase style • lib/dependencies.dart:575:15 • non_constant_identifier_names
   info • The variable name 'server_icon_arrow_right' isn't a lowerCamelCase identifier. Try changing the name to follow the lowerCamelCase style • lib/dependencies.dart:576:15 • non_constant_identifier_names
   info • The variable name 'server_icon_check' isn't a lowerCamelCase identifier. Try changing the name to follow the lowerCamelCase style • lib/dependencies.dart:577:15 • non_constant_identifier_names
   info • The variable name 'server_icon_alert' isn't a lowerCamelCase identifier. Try changing the name to follow the lowerCamelCase style • lib/dependencies.dart:578:15 • non_constant_identifier_names
   info • The variable name 'server_icon_info' isn't a lowerCamelCase identifier. Try changing the name to follow the lowerCamelCase style • lib/dependencies.dart:579:15 • non_constant_identifier_names
   info • The variable name 'server_icon_zap' isn't a lowerCamelCase identifier. Try changing the name to follow the lowerCamelCase style • lib/dependencies.dart:580:15 • non_constant_identifier_names
   info • The variable name 'server_icon_cloud_upload' isn't a lowerCamelCase identifier. Try changing the name to follow the lowerCamelCase style • lib/dependencies.dart:581:15 • non_constant_identifier_names
   info • The variable name 'server_icon_cloud_download' isn't a lowerCamelCase identifier. Try changing the name to follow the lowerCamelCase style • lib/dependencies.dart:582:15 • non_constant_identifier_names
   info • The variable name 'server_icon_refresh' isn't a lowerCamelCase identifier. Try changing the name to follow the lowerCamelCase style • lib/dependencies.dart:583:15 • non_constant_identifier_names
   info • The variable name 'server_icon_hard_drive' isn't a lowerCamelCase identifier. Try changing the name to follow the lowerCamelCase style • lib/dependencies.dart:584:15 • non_constant_identifier_names
   info • The variable name 'server_icon_drive' isn't a lowerCamelCase identifier. Try changing the name to follow the lowerCamelCase style • lib/dependencies.dart:585:15 • non_constant_identifier_names
   info • The variable name 'personas_title' isn't a lowerCamelCase identifier. Try changing the name to follow the lowerCamelCase style • lib/dependencies.dart:586:15 • non_constant_identifier_names
   info • The variable name 'persona_category_general' isn't a lowerCamelCase identifier. Try changing the name to follow the lowerCamelCase style • lib/dependencies.dart:587:15 • non_constant_identifier_names
   info • The variable name 'persona_category_coding' isn't a lowerCamelCase identifier. Try changing the name to follow the lowerCamelCase style • lib/dependencies.dart:588:15 • non_constant_identifier_names
   info • The variable name 'persona_category_education' isn't a lowerCamelCase identifier. Try changing the name to follow the lowerCamelCase style • lib/dependencies.dart:589:15 • non_constant_identifier_names
   info • The variable name 'persona_category_creative' isn't a lowerCamelCase identifier. Try changing the name to follow the lowerCamelCase style • lib/dependencies.dart:590:15 • non_constant_identifier_names
   info • The variable name 'persona_builtin_section' isn't a lowerCamelCase identifier. Try changing the name to follow the lowerCamelCase style • lib/dependencies.dart:591:15 • non_constant_identifier_names
   info • The variable name 'persona_my_section' isn't a lowerCamelCase identifier. Try changing the name to follow the lowerCamelCase style • lib/dependencies.dart:592:15 • non_constant_identifier_names
   info • The variable name 'clone_edit' isn't a lowerCamelCase identifier. Try changing the name to follow the lowerCamelCase style • lib/dependencies.dart:593:15 • non_constant_identifier_names
   info • The variable name 'builtin_badge' isn't a lowerCamelCase identifier. Try changing the name to follow the lowerCamelCase style • lib/dependencies.dart:594:15 • non_constant_identifier_names
   info • The variable name 'no_personas_found' isn't a lowerCamelCase identifier. Try changing the name to follow the lowerCamelCase style • lib/dependencies.dart:595:15 • non_constant_identifier_names
   info • The variable name 'no_personas_desc' isn't a lowerCamelCase identifier. Try changing the name to follow the lowerCamelCase style • lib/dependencies.dart:596:15 • non_constant_identifier_names
   info • The variable name 'edit_persona' isn't a lowerCamelCase identifier. Try changing the name to follow the lowerCamelCase style • lib/dependencies.dart:597:15 • non_constant_identifier_names
   info • The variable name 'create_persona' isn't a lowerCamelCase identifier. Try changing the name to follow the lowerCamelCase style • lib/dependencies.dart:598:15 • non_constant_identifier_names
   info • The variable name 'create_persona_button' isn't a lowerCamelCase identifier. Try changing the name to follow the lowerCamelCase style • lib/dependencies.dart:599:15 • non_constant_identifier_names
   info • The variable name 'emoji_label' isn't a lowerCamelCase identifier. Try changing the name to follow the lowerCamelCase style • lib/dependencies.dart:600:15 • non_constant_identifier_names
   info • The variable name 'name_label' isn't a lowerCamelCase identifier. Try changing the name to follow the lowerCamelCase style • lib/dependencies.dart:601:15 • non_constant_identifier_names
   info • The variable name 'my_persona_hint' isn't a lowerCamelCase identifier. Try changing the name to follow the lowerCamelCase style • lib/dependencies.dart:602:15 • non_constant_identifier_names
   info • The variable name 'category_label' isn't a lowerCamelCase identifier. Try changing the name to follow the lowerCamelCase style • lib/dependencies.dart:603:15 • non_constant_identifier_names
   info • The variable name 'description_optional' isn't a lowerCamelCase identifier. Try changing the name to follow the lowerCamelCase style • lib/dependencies.dart:604:15 • non_constant_identifier_names
   info • The variable name 'description_hint' isn't a lowerCamelCase identifier. Try changing the name to follow the lowerCamelCase style • lib/dependencies.dart:605:15 • non_constant_identifier_names
   info • The variable name 'system_prompt' isn't a lowerCamelCase identifier. Try changing the name to follow the lowerCamelCase style • lib/dependencies.dart:606:15 • non_constant_identifier_names
   info • The variable name 'no_prompt_placeholder' isn't a lowerCamelCase identifier. Try changing the name to follow the lowerCamelCase style • lib/dependencies.dart:607:15 • non_constant_identifier_names
   info • The variable name 'prompt_hint' isn't a lowerCamelCase identifier. Try changing the name to follow the lowerCamelCase style • lib/dependencies.dart:608:15 • non_constant_identifier_names
   info • The variable name 'prompt_required' isn't a lowerCamelCase identifier. Try changing the name to follow the lowerCamelCase style • lib/dependencies.dart:609:15 • non_constant_identifier_names
   info • The variable name 'prompt_max_chars' isn't a lowerCamelCase identifier. Try changing the name to follow the lowerCamelCase style • lib/dependencies.dart:610:15 • non_constant_identifier_names
   info • The variable name 'advanced_settings' isn't a lowerCamelCase identifier. Try changing the name to follow the lowerCamelCase style • lib/dependencies.dart:611:15 • non_constant_identifier_names
   info • The variable name 'temperature_label' isn't a lowerCamelCase identifier. Try changing the name to follow the lowerCamelCase style • lib/dependencies.dart:612:15 • non_constant_identifier_names
   info • The variable name 'top_p_label' isn't a lowerCamelCase identifier. Try changing the name to follow the lowerCamelCase style • lib/dependencies.dart:613:15 • non_constant_identifier_names
   info • The variable name 'temp_hint' isn't a lowerCamelCase identifier. Try changing the name to follow the lowerCamelCase style • lib/dependencies.dart:614:15 • non_constant_identifier_names
   info • The variable name 'top_p_hint' isn't a lowerCamelCase identifier. Try changing the name to follow the lowerCamelCase style • lib/dependencies.dart:615:15 • non_constant_identifier_names
   info • The variable name 'persona_updated' isn't a lowerCamelCase identifier. Try changing the name to follow the lowerCamelCase style • lib/dependencies.dart:618:15 • non_constant_identifier_names
   info • The variable name 'persona_created' isn't a lowerCamelCase identifier. Try changing the name to follow the lowerCamelCase style • lib/dependencies.dart:619:15 • non_constant_identifier_names
   info • The variable name 'tts_models_title' isn't a lowerCamelCase identifier. Try changing the name to follow the lowerCamelCase style • lib/dependencies.dart:620:15 • non_constant_identifier_names
   info • The variable name 'always_available' isn't a lowerCamelCase identifier. Try changing the name to follow the lowerCamelCase style • lib/dependencies.dart:621:15 • non_constant_identifier_names
   info • The variable name 'tts_system_desc' isn't a lowerCamelCase identifier. Try changing the name to follow the lowerCamelCase style • lib/dependencies.dart:622:15 • non_constant_identifier_names
   info • The variable name 'downloading_status' isn't a lowerCamelCase identifier. Try changing the name to follow the lowerCamelCase style • lib/dependencies.dart:623:15 • non_constant_identifier_names
   info • The variable name 'on_device_models_title' isn't a lowerCamelCase identifier. Try changing the name to follow the lowerCamelCase style • lib/dependencies.dart:624:15 • non_constant_identifier_names
   info • The variable name 'available_models' isn't a lowerCamelCase identifier. Try changing the name to follow the lowerCamelCase style • lib/dependencies.dart:625:15 • non_constant_identifier_names
   info • The variable name 'device_memory' isn't a lowerCamelCase identifier. Try changing the name to follow the lowerCamelCase style • lib/dependencies.dart:626:15 • non_constant_identifier_names
   info • The variable name 'ram_usage' isn't a lowerCamelCase identifier. Try changing the name to follow the lowerCamelCase style • lib/dependencies.dart:627:15 • non_constant_identifier_names
   info • The variable name 'memory_healthy' isn't a lowerCamelCase identifier. Try changing the name to follow the lowerCamelCase style • lib/dependencies.dart:628:15 • non_constant_identifier_names
   info • The variable name 'memory_critical' isn't a lowerCamelCase identifier. Try changing the name to follow the lowerCamelCase style • lib/dependencies.dart:629:15 • non_constant_identifier_names
   info • The variable name 'memory_low' isn't a lowerCamelCase identifier. Try changing the name to follow the lowerCamelCase style • lib/dependencies.dart:630:15 • non_constant_identifier_names
   info • The variable name 'available_ram' isn't a lowerCamelCase identifier. Try changing the name to follow the lowerCamelCase style • lib/dependencies.dart:631:15 • non_constant_identifier_names
   info • The variable name 'total_capacity' isn't a lowerCamelCase identifier. Try changing the name to follow the lowerCamelCase style • lib/dependencies.dart:632:15 • non_constant_identifier_names
   info • The variable name 'loaded_status' isn't a lowerCamelCase identifier. Try changing the name to follow the lowerCamelCase style • lib/dependencies.dart:633:15 • non_constant_identifier_names
   info • The variable name 'inference_backend' isn't a lowerCamelCase identifier. Try changing the name to follow the lowerCamelCase style • lib/dependencies.dart:634:15 • non_constant_identifier_names
   info • The variable name 'backend_ios_notice' isn't a lowerCamelCase identifier. Try changing the name to follow the lowerCamelCase style • lib/dependencies.dart:635:15 • non_constant_identifier_names
   info • The variable name 'backend_cpu_desc' isn't a lowerCamelCase identifier. Try changing the name to follow the lowerCamelCase style • lib/dependencies.dart:636:15 • non_constant_identifier_names
   info • The variable name 'backend_gpu_desc' isn't a lowerCamelCase identifier. Try changing the name to follow the lowerCamelCase style • lib/dependencies.dart:637:15 • non_constant_identifier_names
   info • The variable name 'backend_npu_desc' isn't a lowerCamelCase identifier. Try changing the name to follow the lowerCamelCase style • lib/dependencies.dart:638:15 • non_constant_identifier_names
   info • The variable name 'select_model_title' isn't a lowerCamelCase identifier. Try changing the name to follow the lowerCamelCase style • lib/dependencies.dart:639:15 • non_constant_identifier_names
   info • The variable name 'refresh_models' isn't a lowerCamelCase identifier. Try changing the name to follow the lowerCamelCase style • lib/dependencies.dart:640:15 • non_constant_identifier_names
   info • The variable name 'search_models_hint' isn't a lowerCamelCase identifier. Try changing the name to follow the lowerCamelCase style • lib/dependencies.dart:641:15 • non_constant_identifier_names
   info • The variable name 'no_server_connected' isn't a lowerCamelCase identifier. Try changing the name to follow the lowerCamelCase style • lib/dependencies.dart:642:15 • non_constant_identifier_names
   info • The variable name 'add_server_first' isn't a lowerCamelCase identifier. Try changing the name to follow the lowerCamelCase style • lib/dependencies.dart:643:15 • non_constant_identifier_names
   info • The variable name 'failed_load_models' isn't a lowerCamelCase identifier. Try changing the name to follow the lowerCamelCase style • lib/dependencies.dart:644:15 • non_constant_identifier_names
   info • The variable name 'no_models_available' isn't a lowerCamelCase identifier. Try changing the name to follow the lowerCamelCase style • lib/dependencies.dart:645:15 • non_constant_identifier_names
   info • The variable name 'unload_from_server' isn't a lowerCamelCase identifier. Try changing the name to follow the lowerCamelCase style • lib/dependencies.dart:646:15 • non_constant_identifier_names
   info • The variable name 'download_complete_notification' isn't a lowerCamelCase identifier. Try changing the name to follow the lowerCamelCase style • lib/dependencies.dart:647:15 • non_constant_identifier_names
   info • The variable name 'engine_name_system' isn't a lowerCamelCase identifier. Try changing the name to follow the lowerCamelCase style • lib/dependencies.dart:648:15 • non_constant_identifier_names
   info • The variable name 'engine_tagline_system' isn't a lowerCamelCase identifier. Try changing the name to follow the lowerCamelCase style • lib/dependencies.dart:649:15 • non_constant_identifier_names
   info • The variable name 'engine_name_kitten' isn't a lowerCamelCase identifier. Try changing the name to follow the lowerCamelCase style • lib/dependencies.dart:650:15 • non_constant_identifier_names
   info • The variable name 'engine_tagline_kitten' isn't a lowerCamelCase identifier. Try changing the name to follow the lowerCamelCase style • lib/dependencies.dart:651:15 • non_constant_identifier_names
   info • The variable name 'engine_name_sherpa' isn't a lowerCamelCase identifier. Try changing the name to follow the lowerCamelCase style • lib/dependencies.dart:652:15 • non_constant_identifier_names
   info • The variable name 'engine_tagline_sherpa' isn't a lowerCamelCase identifier. Try changing the name to follow the lowerCamelCase style • lib/dependencies.dart:653:15 • non_constant_identifier_names
   info • The variable name 'voice_jasper' isn't a lowerCamelCase identifier. Try changing the name to follow the lowerCamelCase style • lib/dependencies.dart:654:15 • non_constant_identifier_names
   info • The variable name 'voice_bella' isn't a lowerCamelCase identifier. Try changing the name to follow the lowerCamelCase style • lib/dependencies.dart:655:15 • non_constant_identifier_names
   info • The variable name 'voice_bruno' isn't a lowerCamelCase identifier. Try changing the name to follow the lowerCamelCase style • lib/dependencies.dart:656:15 • non_constant_identifier_names
   info • The variable name 'voice_luna' isn't a lowerCamelCase identifier. Try changing the name to follow the lowerCamelCase style • lib/dependencies.dart:657:15 • non_constant_identifier_names
   info • The variable name 'voice_hugo' isn't a lowerCamelCase identifier. Try changing the name to follow the lowerCamelCase style • lib/dependencies.dart:658:15 • non_constant_identifier_names
   info • The variable name 'voice_rosie' isn't a lowerCamelCase identifier. Try changing the name to follow the lowerCamelCase style • lib/dependencies.dart:659:15 • non_constant_identifier_names
   info • The variable name 'voice_leo' isn't a lowerCamelCase identifier. Try changing the name to follow the lowerCamelCase style • lib/dependencies.dart:660:15 • non_constant_identifier_names
   info • The variable name 'voice_kiki' isn't a lowerCamelCase identifier. Try changing the name to follow the lowerCamelCase style • lib/dependencies.dart:661:15 • non_constant_identifier_names
   info • The variable name 'voice_lessac' isn't a lowerCamelCase identifier. Try changing the name to follow the lowerCamelCase style • lib/dependencies.dart:662:15 • non_constant_identifier_names
   info • The variable name 'voice_ryan' isn't a lowerCamelCase identifier. Try changing the name to follow the lowerCamelCase style • lib/dependencies.dart:663:15 • non_constant_identifier_names
   info • The variable name 'model_qwen_3' isn't a lowerCamelCase identifier. Try changing the name to follow the lowerCamelCase style • lib/dependencies.dart:664:15 • non_constant_identifier_names
   info • The variable name 'model_qwen_3_desc' isn't a lowerCamelCase identifier. Try changing the name to follow the lowerCamelCase style • lib/dependencies.dart:665:15 • non_constant_identifier_names
   info • The variable name 'model_license_apache' isn't a lowerCamelCase identifier. Try changing the name to follow the lowerCamelCase style • lib/dependencies.dart:666:15 • non_constant_identifier_names
   info • The variable name 'model_qwen_25' isn't a lowerCamelCase identifier. Try changing the name to follow the lowerCamelCase style • lib/dependencies.dart:667:15 • non_constant_identifier_names
   info • The variable name 'model_qwen_25_desc' isn't a lowerCamelCase identifier. Try changing the name to follow the lowerCamelCase style • lib/dependencies.dart:668:15 • non_constant_identifier_names
   info • The variable name 'model_deepseek' isn't a lowerCamelCase identifier. Try changing the name to follow the lowerCamelCase style • lib/dependencies.dart:669:15 • non_constant_identifier_names
   info • The variable name 'model_deepseek_desc' isn't a lowerCamelCase identifier. Try changing the name to follow the lowerCamelCase style • lib/dependencies.dart:670:15 • non_constant_identifier_names
   info • The variable name 'model_license_mit' isn't a lowerCamelCase identifier. Try changing the name to follow the lowerCamelCase style • lib/dependencies.dart:671:15 • non_constant_identifier_names
   info • The variable name 'model_gemma' isn't a lowerCamelCase identifier. Try changing the name to follow the lowerCamelCase style • lib/dependencies.dart:672:15 • non_constant_identifier_names
   info • The variable name 'model_gemma_desc' isn't a lowerCamelCase identifier. Try changing the name to follow the lowerCamelCase style • lib/dependencies.dart:673:15 • non_constant_identifier_names
   info • The variable name 'export_role_user' isn't a lowerCamelCase identifier. Try changing the name to follow the lowerCamelCase style • lib/dependencies.dart:674:15 • non_constant_identifier_names
   info • The variable name 'export_role_assistant' isn't a lowerCamelCase identifier. Try changing the name to follow the lowerCamelCase style • lib/dependencies.dart:675:15 • non_constant_identifier_names
   info • The variable name 'export_role_system' isn't a lowerCamelCase identifier. Try changing the name to follow the lowerCamelCase style • lib/dependencies.dart:676:15 • non_constant_identifier_names
   info • The variable name 'export_role_tool' isn't a lowerCamelCase identifier. Try changing the name to follow the lowerCamelCase style • lib/dependencies.dart:677:15 • non_constant_identifier_names
   info • The variable name 'export_text_user' isn't a lowerCamelCase identifier. Try changing the name to follow the lowerCamelCase style • lib/dependencies.dart:678:15 • non_constant_identifier_names
   info • The variable name 'export_text_assistant' isn't a lowerCamelCase identifier. Try changing the name to follow the lowerCamelCase style • lib/dependencies.dart:679:15 • non_constant_identifier_names
   info • The variable name 'export_text_system' isn't a lowerCamelCase identifier. Try changing the name to follow the lowerCamelCase style • lib/dependencies.dart:680:15 • non_constant_identifier_names
   info • The variable name 'export_text_tool' isn't a lowerCamelCase identifier. Try changing the name to follow the lowerCamelCase style • lib/dependencies.dart:681:15 • non_constant_identifier_names
   info • The variable name 'export_label_user' isn't a lowerCamelCase identifier. Try changing the name to follow the lowerCamelCase style • lib/dependencies.dart:682:15 • non_constant_identifier_names
   info • The variable name 'export_label_assistant' isn't a lowerCamelCase identifier. Try changing the name to follow the lowerCamelCase style • lib/dependencies.dart:683:15 • non_constant_identifier_names
   info • The variable name 'export_label_system' isn't a lowerCamelCase identifier. Try changing the name to follow the lowerCamelCase style • lib/dependencies.dart:684:15 • non_constant_identifier_names
   info • The variable name 'export_label_tool' isn't a lowerCamelCase identifier. Try changing the name to follow the lowerCamelCase style • lib/dependencies.dart:685:15 • non_constant_identifier_names
   info • The variable name 'select_model_hint' isn't a lowerCamelCase identifier. Try changing the name to follow the lowerCamelCase style • lib/dependencies.dart:686:15 • non_constant_identifier_names
   info • The variable name 'test_notification_title' isn't a lowerCamelCase identifier. Try changing the name to follow the lowerCamelCase style • lib/dependencies.dart:687:15 • non_constant_identifier_names
   info • The variable name 'test_notification_body' isn't a lowerCamelCase identifier. Try changing the name to follow the lowerCamelCase style • lib/dependencies.dart:688:15 • non_constant_identifier_names
   info • The variable name 'delete_model_body' isn't a lowerCamelCase identifier. Try changing the name to follow the lowerCamelCase style • lib/dependencies.dart:691:11 • non_constant_identifier_names
   info • The variable name 'delete_model_body_with_size' isn't a lowerCamelCase identifier. Try changing the name to follow the lowerCamelCase style • lib/dependencies.dart:692:11 • non_constant_identifier_names
   info • The variable name 'delete_voice_body' isn't a lowerCamelCase identifier. Try changing the name to follow the lowerCamelCase style • lib/dependencies.dart:693:11 • non_constant_identifier_names
   info • The variable name 'delete_server_body' isn't a lowerCamelCase identifier. Try changing the name to follow the lowerCamelCase style • lib/dependencies.dart:694:11 • non_constant_identifier_names
   info • The variable name 'delete_conversation_body' isn't a lowerCamelCase identifier. Try changing the name to follow the lowerCamelCase style • lib/dependencies.dart:695:11 • non_constant_identifier_names
   info • The variable name 'delete_persona_title' isn't a lowerCamelCase identifier. Try changing the name to follow the lowerCamelCase style • lib/dependencies.dart:696:11 • non_constant_identifier_names
   info • The variable name 'label_completed' isn't a lowerCamelCase identifier. Try changing the name to follow the lowerCamelCase style • lib/dependencies.dart:697:11 • non_constant_identifier_names
   info • The variable name 'error_with_message' isn't a lowerCamelCase identifier. Try changing the name to follow the lowerCamelCase style • lib/dependencies.dart:698:11 • non_constant_identifier_names
   info • The variable name 'preview_failed' isn't a lowerCamelCase identifier. Try changing the name to follow the lowerCamelCase style • lib/dependencies.dart:699:11 • non_constant_identifier_names
   info • The variable name 'loading_model' isn't a lowerCamelCase identifier. Try changing the name to follow the lowerCamelCase style • lib/dependencies.dart:700:11 • non_constant_identifier_names
   info • The variable name 'model_loaded' isn't a lowerCamelCase identifier. Try changing the name to follow the lowerCamelCase style • lib/dependencies.dart:701:11 • non_constant_identifier_names
   info • The variable name 'loading_model_error' isn't a lowerCamelCase identifier. Try changing the name to follow the lowerCamelCase style • lib/dependencies.dart:702:11 • non_constant_identifier_names
   info • The variable name 'tool_label' isn't a lowerCamelCase identifier. Try changing the name to follow the lowerCamelCase style • lib/dependencies.dart:703:11 • non_constant_identifier_names
   info • The variable name 'character_count' isn't a lowerCamelCase identifier. Try changing the name to follow the lowerCamelCase style • lib/dependencies.dart:704:11 • non_constant_identifier_names
   info • The variable name 'conversation_minutes_ago' isn't a lowerCamelCase identifier. Try changing the name to follow the lowerCamelCase style • lib/dependencies.dart:705:11 • non_constant_identifier_names
   info • The variable name 'conversation_hours_ago' isn't a lowerCamelCase identifier. Try changing the name to follow the lowerCamelCase style • lib/dependencies.dart:706:11 • non_constant_identifier_names
   info • The variable name 'conversation_days_ago' isn't a lowerCamelCase identifier. Try changing the name to follow the lowerCamelCase style • lib/dependencies.dart:707:11 • non_constant_identifier_names
   info • The variable name 'conversation_date' isn't a lowerCamelCase identifier. Try changing the name to follow the lowerCamelCase style • lib/dependencies.dart:708:11 • non_constant_identifier_names
   info • The variable name 'setup_connection_desc' isn't a lowerCamelCase identifier. Try changing the name to follow the lowerCamelCase style • lib/dependencies.dart:709:11 • non_constant_identifier_names
   info • The variable name 'ram_min_required' isn't a lowerCamelCase identifier. Try changing the name to follow the lowerCamelCase style • lib/dependencies.dart:710:11 • non_constant_identifier_names
   info • The variable name 'download_progress' isn't a lowerCamelCase identifier. Try changing the name to follow the lowerCamelCase style • lib/dependencies.dart:711:11 • non_constant_identifier_names
   info • The variable name 'eta_label' isn't a lowerCamelCase identifier. Try changing the name to follow the lowerCamelCase style • lib/dependencies.dart:712:11 • non_constant_identifier_names
   info • The variable name 'paused_progress' isn't a lowerCamelCase identifier. Try changing the name to follow the lowerCamelCase style • lib/dependencies.dart:713:11 • non_constant_identifier_names
   info • The variable name 'ram_warning_body_download' isn't a lowerCamelCase identifier. Try changing the name to follow the lowerCamelCase style • lib/dependencies.dart:714:11 • non_constant_identifier_names
   info • The variable name 'ram_warning_body_load' isn't a lowerCamelCase identifier. Try changing the name to follow the lowerCamelCase style • lib/dependencies.dart:715:11 • non_constant_identifier_names
   info • The variable name 'switched_to_server' isn't a lowerCamelCase identifier. Try changing the name to follow the lowerCamelCase style • lib/dependencies.dart:716:11 • non_constant_identifier_names
   info • The variable name 'server_address_format' isn't a lowerCamelCase identifier. Try changing the name to follow the lowerCamelCase style • lib/dependencies.dart:717:11 • non_constant_identifier_names
   info • The variable name 'character_count_max' isn't a lowerCamelCase identifier. Try changing the name to follow the lowerCamelCase style • lib/dependencies.dart:718:11 • non_constant_identifier_names
   info • The variable name 'tts_kitten_desc' isn't a lowerCamelCase identifier. Try changing the name to follow the lowerCamelCase style • lib/dependencies.dart:719:11 • non_constant_identifier_names
   info • The variable name 'tts_piper_desc' isn't a lowerCamelCase identifier. Try changing the name to follow the lowerCamelCase style • lib/dependencies.dart:720:11 • non_constant_identifier_names
   info • The variable name 'engine_spec' isn't a lowerCamelCase identifier. Try changing the name to follow the lowerCamelCase style • lib/dependencies.dart:721:11 • non_constant_identifier_names
   info • The variable name 'ram_used' isn't a lowerCamelCase identifier. Try changing the name to follow the lowerCamelCase style • lib/dependencies.dart:722:11 • non_constant_identifier_names
   info • The variable name 'no_models_match' isn't a lowerCamelCase identifier. Try changing the name to follow the lowerCamelCase style • lib/dependencies.dart:723:11 • non_constant_identifier_names
   info • The variable name 'model_load_failed' isn't a lowerCamelCase identifier. Try changing the name to follow the lowerCamelCase style • lib/dependencies.dart:724:11 • non_constant_identifier_names
   info • The variable name 'model_unloaded_ollama' isn't a lowerCamelCase identifier. Try changing the name to follow the lowerCamelCase style • lib/dependencies.dart:725:11 • non_constant_identifier_names
   info • The variable name 'model_unloaded_success' isn't a lowerCamelCase identifier. Try changing the name to follow the lowerCamelCase style • lib/dependencies.dart:726:11 • non_constant_identifier_names
   info • The variable name 'model_unload_failed' isn't a lowerCamelCase identifier. Try changing the name to follow the lowerCamelCase style • lib/dependencies.dart:727:11 • non_constant_identifier_names
   info • The variable name 'context_chip' isn't a lowerCamelCase identifier. Try changing the name to follow the lowerCamelCase style • lib/dependencies.dart:728:11 • non_constant_identifier_names
   info • The variable name 'download_notification_title' isn't a lowerCamelCase identifier. Try changing the name to follow the lowerCamelCase style • lib/dependencies.dart:729:11 • non_constant_identifier_names
   info • The variable name 'download_complete_body' isn't a lowerCamelCase identifier. Try changing the name to follow the lowerCamelCase style • lib/dependencies.dart:730:11 • non_constant_identifier_names
   info • The variable name 'download_failed_notification' isn't a lowerCamelCase identifier. Try changing the name to follow the lowerCamelCase style • lib/dependencies.dart:731:11 • non_constant_identifier_names
   info • The variable name 'download_failed_body' isn't a lowerCamelCase identifier. Try changing the name to follow the lowerCamelCase style • lib/dependencies.dart:732:11 • non_constant_identifier_names
   info • The variable name 'export_header' isn't a lowerCamelCase identifier. Try changing the name to follow the lowerCamelCase style • lib/dependencies.dart:733:11 • non_constant_identifier_names
   info • The variable name 'enable_smart_reply' isn't a lowerCamelCase identifier. Try changing the name to follow the lowerCamelCase style • lib/dependencies.dart:734:15 • non_constant_identifier_names
   info • The variable name 'onboarding_choose_language' isn't a lowerCamelCase identifier. Try changing the name to follow the lowerCamelCase style • lib/dependencies.dart:735:15 • non_constant_identifier_names
   info • The variable name 'onboarding_choose_language_desc' isn't a lowerCamelCase identifier. Try changing the name to follow the lowerCamelCase style • lib/dependencies.dart:736:15 • non_constant_identifier_names
   info • The variable name 'onboarding_welcome' isn't a lowerCamelCase identifier. Try changing the name to follow the lowerCamelCase style • lib/dependencies.dart:737:15 • non_constant_identifier_names
   info • The variable name 'beta_label' isn't a lowerCamelCase identifier. Try changing the name to follow the lowerCamelCase style • lib/dependencies.dart:738:15 • non_constant_identifier_names
   info • The variable name 'experimental_label' isn't a lowerCamelCase identifier. Try changing the name to follow the lowerCamelCase style • lib/dependencies.dart:739:15 • non_constant_identifier_names
   info • The variable name 'add_more' isn't a lowerCamelCase identifier. Try changing the name to follow the lowerCamelCase style • lib/dependencies.dart:740:15 • non_constant_identifier_names
   info • The variable name 'on_github' isn't a lowerCamelCase identifier. Try changing the name to follow the lowerCamelCase style • lib/dependencies.dart:741:15 • non_constant_identifier_names
   info • The variable name 'could_not_open_github' isn't a lowerCamelCase identifier. Try changing the name to follow the lowerCamelCase style • lib/dependencies.dart:742:15 • non_constant_identifier_names
   info • The variable name 'openai_compatible_api' isn't a lowerCamelCase identifier. Try changing the name to follow the lowerCamelCase style • lib/dependencies.dart:743:15 • non_constant_identifier_names
   info • The variable name 'https_requires_ssl' isn't a lowerCamelCase identifier. Try changing the name to follow the lowerCamelCase style • lib/dependencies.dart:744:15 • non_constant_identifier_names
   info • The variable name 'most_local_setups_use_http' isn't a lowerCamelCase identifier. Try changing the name to follow the lowerCamelCase style • lib/dependencies.dart:745:15 • non_constant_identifier_names
   info • The variable name 'tts_supports_background' isn't a lowerCamelCase identifier. Try changing the name to follow the lowerCamelCase style • lib/dependencies.dart:746:15 • non_constant_identifier_names
   info • The variable name 'tts_other_services_background_note' isn't a lowerCamelCase identifier. Try changing the name to follow the lowerCamelCase style • lib/dependencies.dart:747:15 • non_constant_identifier_names
   info • The variable name 'start_listening_tooltip' isn't a lowerCamelCase identifier. Try changing the name to follow the lowerCamelCase style • lib/dependencies.dart:748:15 • non_constant_identifier_names
   info • The variable name 'stop_listening_tooltip' isn't a lowerCamelCase identifier. Try changing the name to follow the lowerCamelCase style • lib/dependencies.dart:749:15 • non_constant_identifier_names
   info • The variable name 'settings_huggingface_token' isn't a lowerCamelCase identifier. Try changing the name to follow the lowerCamelCase style • lib/dependencies.dart:750:15 • non_constant_identifier_names
   info • The variable name 'settings_huggingface_token_desc' isn't a lowerCamelCase identifier. Try changing the name to follow the lowerCamelCase style • lib/dependencies.dart:751:15 • non_constant_identifier_names
   info • The variable name 'settings_huggingface_token_set' isn't a lowerCamelCase identifier. Try changing the name to follow the lowerCamelCase style • lib/dependencies.dart:752:15 • non_constant_identifier_names
   info • The variable name 'settings_huggingface_token_cleared' isn't a lowerCamelCase identifier. Try changing the name to follow the lowerCamelCase style • lib/dependencies.dart:753:15 • non_constant_identifier_names
   info • The variable name 'model_requires_huggingface_token' isn't a lowerCamelCase identifier. Try changing the name to follow the lowerCamelCase style • lib/dependencies.dart:754:15 • non_constant_identifier_names
   info • The variable name 'model_missing_huggingface_token' isn't a lowerCamelCase identifier. Try changing the name to follow the lowerCamelCase style • lib/dependencies.dart:755:15 • non_constant_identifier_names
   info • The variable name 'set_huggingface_token' isn't a lowerCamelCase identifier. Try changing the name to follow the lowerCamelCase style • lib/dependencies.dart:756:15 • non_constant_identifier_names
   info • The variable name 'clear_huggingface_token' isn't a lowerCamelCase identifier. Try changing the name to follow the lowerCamelCase style • lib/dependencies.dart:757:15 • non_constant_identifier_names
   info • The variable name 'edit_huggingface_token_dialog_title' isn't a lowerCamelCase identifier. Try changing the name to follow the lowerCamelCase style • lib/dependencies.dart:758:15 • non_constant_identifier_names
   info • The variable name 'huggingface_token_dialog_hint' isn't a lowerCamelCase identifier. Try changing the name to follow the lowerCamelCase style • lib/dependencies.dart:759:15 • non_constant_identifier_names
   info • The variable name 'server_type_ollama_desc' isn't a lowerCamelCase identifier. Try changing the name to follow the lowerCamelCase style • lib/dependencies.dart:760:15 • non_constant_identifier_names
   info • The variable name 'server_type_on_device_desc' isn't a lowerCamelCase identifier. Try changing the name to follow the lowerCamelCase style • lib/dependencies.dart:761:15 • non_constant_identifier_names
   info • The variable name 'server_type_lm_studio_desc' isn't a lowerCamelCase identifier. Try changing the name to follow the lowerCamelCase style • lib/dependencies.dart:762:15 • non_constant_identifier_names
   info • The variable name 'gguf_imported_models_title' isn't a lowerCamelCase identifier. Try changing the name to follow the lowerCamelCase style • lib/dependencies.dart:763:15 • non_constant_identifier_names
   info • The variable name 'gguf_imported_models_empty_subtitle' isn't a lowerCamelCase identifier. Try changing the name to follow the lowerCamelCase style • lib/dependencies.dart:764:15 • non_constant_identifier_names
   info • The variable name 'gguf_imported_models_ready' isn't a lowerCamelCase identifier. Try changing the name to follow the lowerCamelCase style • lib/dependencies.dart:765:15 • non_constant_identifier_names
   info • The variable name 'gguf_curated_models_subtitle' isn't a lowerCamelCase identifier. Try changing the name to follow the lowerCamelCase style • lib/dependencies.dart:766:15 • non_constant_identifier_names
   info • The variable name 'gguf_only_supported' isn't a lowerCamelCase identifier. Try changing the name to follow the lowerCamelCase style • lib/dependencies.dart:767:15 • non_constant_identifier_names
   info • The variable name 'gguf_imported_from_local_file' isn't a lowerCamelCase identifier. Try changing the name to follow the lowerCamelCase style • lib/dependencies.dart:768:15 • non_constant_identifier_names
   info • The variable name 'gguf_import_failed' isn't a lowerCamelCase identifier. Try changing the name to follow the lowerCamelCase style • lib/dependencies.dart:769:15 • non_constant_identifier_names
   info • The variable name 'gguf_imported_from_huggingface' isn't a lowerCamelCase identifier. Try changing the name to follow the lowerCamelCase style • lib/dependencies.dart:770:15 • non_constant_identifier_names
   info • The variable name 'gguf_import_canceled' isn't a lowerCamelCase identifier. Try changing the name to follow the lowerCamelCase style • lib/dependencies.dart:771:15 • non_constant_identifier_names
   info • The variable name 'gguf_enter_huggingface_url' isn't a lowerCamelCase identifier. Try changing the name to follow the lowerCamelCase style • lib/dependencies.dart:772:15 • non_constant_identifier_names
   info • The variable name 'gguf_only_official_huggingface_urls' isn't a lowerCamelCase identifier. Try changing the name to follow the lowerCamelCase style • lib/dependencies.dart:773:15 • non_constant_identifier_names
   info • The variable name 'gguf_use_https_url' isn't a lowerCamelCase identifier. Try changing the name to follow the lowerCamelCase style • lib/dependencies.dart:774:15 • non_constant_identifier_names
   info • The variable name 'gguf_url_must_point_to_file' isn't a lowerCamelCase identifier. Try changing the name to follow the lowerCamelCase style • lib/dependencies.dart:775:15 • non_constant_identifier_names
   info • The variable name 'gguf_unable_to_detect_file_name' isn't a lowerCamelCase identifier. Try changing the name to follow the lowerCamelCase style • lib/dependencies.dart:776:15 • non_constant_identifier_names
   info • The variable name 'gguf_download_empty' isn't a lowerCamelCase identifier. Try changing the name to follow the lowerCamelCase style • lib/dependencies.dart:777:15 • non_constant_identifier_names
   info • The variable name 'gguf_selected_file_missing' isn't a lowerCamelCase identifier. Try changing the name to follow the lowerCamelCase style • lib/dependencies.dart:778:15 • non_constant_identifier_names
   info • The variable name 'gguf_import_action' isn't a lowerCamelCase identifier. Try changing the name to follow the lowerCamelCase style • lib/dependencies.dart:779:15 • non_constant_identifier_names
   info • The variable name 'gguf_overview_title' isn't a lowerCamelCase identifier. Try changing the name to follow the lowerCamelCase style • lib/dependencies.dart:780:15 • non_constant_identifier_names
   info • The variable name 'gguf_overview_subtitle' isn't a lowerCamelCase identifier. Try changing the name to follow the lowerCamelCase style • lib/dependencies.dart:781:15 • non_constant_identifier_names
   info • The variable name 'gguf_imported_count_label' isn't a lowerCamelCase identifier. Try changing the name to follow the lowerCamelCase style • lib/dependencies.dart:782:15 • non_constant_identifier_names
   info • The variable name 'gguf_local_files_label' isn't a lowerCamelCase identifier. Try changing the name to follow the lowerCamelCase style • lib/dependencies.dart:783:15 • non_constant_identifier_names
   info • The variable name 'gguf_huggingface_label' isn't a lowerCamelCase identifier. Try changing the name to follow the lowerCamelCase style • lib/dependencies.dart:784:15 • non_constant_identifier_names
   info • The variable name 'gguf_import_local_title' isn't a lowerCamelCase identifier. Try changing the name to follow the lowerCamelCase style • lib/dependencies.dart:785:15 • non_constant_identifier_names
   info • The variable name 'gguf_import_local_subtitle' isn't a lowerCamelCase identifier. Try changing the name to follow the lowerCamelCase style • lib/dependencies.dart:786:15 • non_constant_identifier_names
   info • The variable name 'gguf_import_huggingface_title' isn't a lowerCamelCase identifier. Try changing the name to follow the lowerCamelCase style • lib/dependencies.dart:787:15 • non_constant_identifier_names
   info • The variable name 'gguf_import_huggingface_subtitle' isn't a lowerCamelCase identifier. Try changing the name to follow the lowerCamelCase style • lib/dependencies.dart:788:15 • non_constant_identifier_names
   info • The variable name 'gguf_no_imported_title' isn't a lowerCamelCase identifier. Try changing the name to follow the lowerCamelCase style • lib/dependencies.dart:789:15 • non_constant_identifier_names
   info • The variable name 'gguf_no_imported_subtitle' isn't a lowerCamelCase identifier. Try changing the name to follow the lowerCamelCase style • lib/dependencies.dart:790:15 • non_constant_identifier_names
   info • The variable name 'gguf_import_huggingface_dialog_title' isn't a lowerCamelCase identifier. Try changing the name to follow the lowerCamelCase style • lib/dependencies.dart:791:15 • non_constant_identifier_names
   info • The variable name 'gguf_import_huggingface_dialog_subtitle' isn't a lowerCamelCase identifier. Try changing the name to follow the lowerCamelCase style • lib/dependencies.dart:792:15 • non_constant_identifier_names
   info • The variable name 'gguf_url_or_repo_path' isn't a lowerCamelCase identifier. Try changing the name to follow the lowerCamelCase style • lib/dependencies.dart:793:15 • non_constant_identifier_names
   info • The variable name 'gguf_browse' isn't a lowerCamelCase identifier. Try changing the name to follow the lowerCamelCase style • lib/dependencies.dart:795:15 • non_constant_identifier_names
   info • The variable name 'gguf_huggingface_token_ready' isn't a lowerCamelCase identifier. Try changing the name to follow the lowerCamelCase style • lib/dependencies.dart:796:15 • non_constant_identifier_names
   info • The variable name 'gguf_huggingface_token_optional' isn't a lowerCamelCase identifier. Try changing the name to follow the lowerCamelCase style • lib/dependencies.dart:797:15 • non_constant_identifier_names
   info • The variable name 'gguf_huggingface_token_ready_desc' isn't a lowerCamelCase identifier. Try changing the name to follow the lowerCamelCase style • lib/dependencies.dart:798:15 • non_constant_identifier_names
   info • The variable name 'gguf_huggingface_token_optional_desc' isn't a lowerCamelCase identifier. Try changing the name to follow the lowerCamelCase style • lib/dependencies.dart:799:15 • non_constant_identifier_names
   info • The variable name 'gguf_downloading' isn't a lowerCamelCase identifier. Try changing the name to follow the lowerCamelCase style • lib/dependencies.dart:800:15 • non_constant_identifier_names
   info • The variable name 'gguf_preparing' isn't a lowerCamelCase identifier. Try changing the name to follow the lowerCamelCase style • lib/dependencies.dart:801:15 • non_constant_identifier_names
   info • The variable name 'gguf_preparing_download' isn't a lowerCamelCase identifier. Try changing the name to follow the lowerCamelCase style • lib/dependencies.dart:802:15 • non_constant_identifier_names
   info • The variable name 'gguf_cancel_import' isn't a lowerCamelCase identifier. Try changing the name to follow the lowerCamelCase style • lib/dependencies.dart:803:15 • non_constant_identifier_names
   info • The variable name 'clipboard_empty' isn't a lowerCamelCase identifier. Try changing the name to follow the lowerCamelCase style • lib/dependencies.dart:804:15 • non_constant_identifier_names
   info • The variable name 'could_not_open_huggingface' isn't a lowerCamelCase identifier. Try changing the name to follow the lowerCamelCase style • lib/dependencies.dart:805:15 • non_constant_identifier_names
   info • The variable name 'gguf_paste_url_error' isn't a lowerCamelCase identifier. Try changing the name to follow the lowerCamelCase style • lib/dependencies.dart:806:15 • non_constant_identifier_names
   info • The variable name 'gguf_blob_link' isn't a lowerCamelCase identifier. Try changing the name to follow the lowerCamelCase style • lib/dependencies.dart:807:15 • non_constant_identifier_names
   info • The variable name 'gguf_repository_label' isn't a lowerCamelCase identifier. Try changing the name to follow the lowerCamelCase style • lib/dependencies.dart:808:15 • non_constant_identifier_names
   info • The variable name 'gguf_detected_path_label' isn't a lowerCamelCase identifier. Try changing the name to follow the lowerCamelCase style • lib/dependencies.dart:809:15 • non_constant_identifier_names
   info • The variable name 'gguf_imported_section_label' isn't a lowerCamelCase identifier. Try changing the name to follow the lowerCamelCase style • lib/dependencies.dart:810:15 • non_constant_identifier_names
   info • The variable name 'gguf_already_available' isn't a lowerCamelCase identifier. Try changing the name to follow the lowerCamelCase style • lib/dependencies.dart:811:15 • non_constant_identifier_names
   info • The variable name 'gguf_curated_models_short' isn't a lowerCamelCase identifier. Try changing the name to follow the lowerCamelCase style • lib/dependencies.dart:812:15 • non_constant_identifier_names
   info • The variable name 'execute_tool_title' isn't a lowerCamelCase identifier. Try changing the name to follow the lowerCamelCase style • lib/dependencies.dart:813:15 • non_constant_identifier_names
   info • The variable name 'execute_tool_request_desc' isn't a lowerCamelCase identifier. Try changing the name to follow the lowerCamelCase style • lib/dependencies.dart:814:15 • non_constant_identifier_names
   info • The variable name 'server_type_help' isn't a lowerCamelCase identifier. Try changing the name to follow the lowerCamelCase style • lib/dependencies.dart:817:15 • non_constant_identifier_names
   info • The variable name 'server_identity_title' isn't a lowerCamelCase identifier. Try changing the name to follow the lowerCamelCase style • lib/dependencies.dart:818:15 • non_constant_identifier_names
   info • The variable name 'server_identity_desc' isn't a lowerCamelCase identifier. Try changing the name to follow the lowerCamelCase style • lib/dependencies.dart:819:15 • non_constant_identifier_names
   info • The variable name 'server_connection_title' isn't a lowerCamelCase identifier. Try changing the name to follow the lowerCamelCase style • lib/dependencies.dart:820:15 • non_constant_identifier_names
   info • The variable name 'server_connection_desc' isn't a lowerCamelCase identifier. Try changing the name to follow the lowerCamelCase style • lib/dependencies.dart:821:15 • non_constant_identifier_names
   info • The variable name 'server_authentication_title' isn't a lowerCamelCase identifier. Try changing the name to follow the lowerCamelCase style • lib/dependencies.dart:822:15 • non_constant_identifier_names
   info • The variable name 'server_authentication_required_desc' isn't a lowerCamelCase identifier. Try changing the name to follow the lowerCamelCase style • lib/dependencies.dart:823:15 • non_constant_identifier_names
   info • The variable name 'server_authentication_optional_desc' isn't a lowerCamelCase identifier. Try changing the name to follow the lowerCamelCase style • lib/dependencies.dart:824:15 • non_constant_identifier_names
   info • The variable name 'mcp_tools_title' isn't a lowerCamelCase identifier. Try changing the name to follow the lowerCamelCase style • lib/dependencies.dart:825:15 • non_constant_identifier_names
   info • The variable name 'available_tools' isn't a lowerCamelCase identifier. Try changing the name to follow the lowerCamelCase style • lib/dependencies.dart:826:15 • non_constant_identifier_names
   info • The variable name 'unable_load_tools' isn't a lowerCamelCase identifier. Try changing the name to follow the lowerCamelCase style • lib/dependencies.dart:827:15 • non_constant_identifier_names
   info • The variable name 'no_tools_registered' isn't a lowerCamelCase identifier. Try changing the name to follow the lowerCamelCase style • lib/dependencies.dart:828:15 • non_constant_identifier_names
   info • The variable name 'no_tools_registered_desc' isn't a lowerCamelCase identifier. Try changing the name to follow the lowerCamelCase style • lib/dependencies.dart:829:15 • non_constant_identifier_names
   info • The variable name 'example_mcp_server_title' isn't a lowerCamelCase identifier. Try changing the name to follow the lowerCamelCase style • lib/dependencies.dart:830:15 • non_constant_identifier_names
   info • The variable name 'example_mcp_server_desc' isn't a lowerCamelCase identifier. Try changing the name to follow the lowerCamelCase style • lib/dependencies.dart:831:15 • non_constant_identifier_names
   info • The variable name 'disable_example_server' isn't a lowerCamelCase identifier. Try changing the name to follow the lowerCamelCase style • lib/dependencies.dart:832:15 • non_constant_identifier_names
   info • The variable name 'enable_example_server' isn't a lowerCamelCase identifier. Try changing the name to follow the lowerCamelCase style • lib/dependencies.dart:833:15 • non_constant_identifier_names
   info • The variable name 'built_in_label' isn't a lowerCamelCase identifier. Try changing the name to follow the lowerCamelCase style • lib/dependencies.dart:834:15 • non_constant_identifier_names
   info • The variable name 'highlights_label' isn't a lowerCamelCase identifier. Try changing the name to follow the lowerCamelCase style • lib/dependencies.dart:835:15 • non_constant_identifier_names
   info • The variable name 'built_with_label' isn't a lowerCamelCase identifier. Try changing the name to follow the lowerCamelCase style • lib/dependencies.dart:836:15 • non_constant_identifier_names
   info • The variable name 'local_label' isn't a lowerCamelCase identifier. Try changing the name to follow the lowerCamelCase style • lib/dependencies.dart:837:15 • non_constant_identifier_names
   info • The variable name 'gguf_format_label' isn't a lowerCamelCase identifier. Try changing the name to follow the lowerCamelCase style • lib/dependencies.dart:838:15 • non_constant_identifier_names
   info • The variable name 'tool_status_requested' isn't a lowerCamelCase identifier. Try changing the name to follow the lowerCamelCase style • lib/dependencies.dart:839:15 • non_constant_identifier_names
   info • The variable name 'tool_status_approved' isn't a lowerCamelCase identifier. Try changing the name to follow the lowerCamelCase style • lib/dependencies.dart:840:15 • non_constant_identifier_names
   info • The variable name 'tool_status_rejected' isn't a lowerCamelCase identifier. Try changing the name to follow the lowerCamelCase style • lib/dependencies.dart:841:15 • non_constant_identifier_names
   info • The variable name 'tool_status_running' isn't a lowerCamelCase identifier. Try changing the name to follow the lowerCamelCase style • lib/dependencies.dart:842:15 • non_constant_identifier_names
   info • The variable name 'tool_status_done' isn't a lowerCamelCase identifier. Try changing the name to follow the lowerCamelCase style • lib/dependencies.dart:843:15 • non_constant_identifier_names
   info • The variable name 'tool_status_failed' isn't a lowerCamelCase identifier. Try changing the name to follow the lowerCamelCase style • lib/dependencies.dart:844:15 • non_constant_identifier_names
   info • The variable name 'unload_all_models' isn't a lowerCamelCase identifier. Try changing the name to follow the lowerCamelCase style • lib/dependencies.dart:845:15 • non_constant_identifier_names
   info • The variable name 'all_models_unloaded' isn't a lowerCamelCase identifier. Try changing the name to follow the lowerCamelCase style • lib/dependencies.dart:846:15 • non_constant_identifier_names
   info • The variable name 'branch_chat' isn't a lowerCamelCase identifier. Try changing the name to follow the lowerCamelCase style • lib/dependencies.dart:847:15 • non_constant_identifier_names
   info • The variable name 'branch_chat_desc' isn't a lowerCamelCase identifier. Try changing the name to follow the lowerCamelCase style • lib/dependencies.dart:848:15 • non_constant_identifier_names
   info • The variable name 'edit_assistant_message_desc' isn't a lowerCamelCase identifier. Try changing the name to follow the lowerCamelCase style • lib/dependencies.dart:849:15 • non_constant_identifier_names
   info • The variable name 'model_favorite_toggle' isn't a lowerCamelCase identifier. Try changing the name to follow the lowerCamelCase style • lib/dependencies.dart:850:15 • non_constant_identifier_names
   info • The variable name 'model_note_label' isn't a lowerCamelCase identifier. Try changing the name to follow the lowerCamelCase style • lib/dependencies.dart:851:15 • non_constant_identifier_names
   info • The variable name 'model_note_hint' isn't a lowerCamelCase identifier. Try changing the name to follow the lowerCamelCase style • lib/dependencies.dart:852:15 • non_constant_identifier_names
   info • The variable name 'unload_models_before_load' isn't a lowerCamelCase identifier. Try changing the name to follow the lowerCamelCase style • lib/dependencies.dart:853:15 • non_constant_identifier_names
   info • The variable name 'export_all_data' isn't a lowerCamelCase identifier. Try changing the name to follow the lowerCamelCase style • lib/dependencies.dart:854:15 • non_constant_identifier_names
   info • The variable name 'import_all_data' isn't a lowerCamelCase identifier. Try changing the name to follow the lowerCamelCase style • lib/dependencies.dart:855:15 • non_constant_identifier_names
   info • The variable name 'export_data_success' isn't a lowerCamelCase identifier. Try changing the name to follow the lowerCamelCase style • lib/dependencies.dart:856:15 • non_constant_identifier_names
   info • The variable name 'import_data_success' isn't a lowerCamelCase identifier. Try changing the name to follow the lowerCamelCase style • lib/dependencies.dart:857:15 • non_constant_identifier_names
   info • The variable name 'import_data_confirm' isn't a lowerCamelCase identifier. Try changing the name to follow the lowerCamelCase style • lib/dependencies.dart:858:15 • non_constant_identifier_names
   info • The variable name 'loaded_models_count' isn't a lowerCamelCase identifier. Try changing the name to follow the lowerCamelCase style • lib/dependencies.dart:859:11 • non_constant_identifier_names
   info • The variable name 'switch_to_model' isn't a lowerCamelCase identifier. Try changing the name to follow the lowerCamelCase style • lib/dependencies.dart:860:11 • non_constant_identifier_names
   info • The variable name 'import_data_failed' isn't a lowerCamelCase identifier. Try changing the name to follow the lowerCamelCase style • lib/dependencies.dart:861:11 • non_constant_identifier_names
   info • The variable name 'import_settings_confirm' isn't a lowerCamelCase identifier. Try changing the name to follow the lowerCamelCase style • lib/dependencies.dart:862:15 • non_constant_identifier_names
   info • The variable name 'export_conversations' isn't a lowerCamelCase identifier. Try changing the name to follow the lowerCamelCase style • lib/dependencies.dart:863:15 • non_constant_identifier_names
   info • The variable name 'import_conversations' isn't a lowerCamelCase identifier. Try changing the name to follow the lowerCamelCase style • lib/dependencies.dart:864:15 • non_constant_identifier_names
   info • The variable name 'export_personas' isn't a lowerCamelCase identifier. Try changing the name to follow the lowerCamelCase style • lib/dependencies.dart:865:15 • non_constant_identifier_names
   info • The variable name 'import_personas' isn't a lowerCamelCase identifier. Try changing the name to follow the lowerCamelCase style • lib/dependencies.dart:866:15 • non_constant_identifier_names
   info • The variable name 'export_settings' isn't a lowerCamelCase identifier. Try changing the name to follow the lowerCamelCase style • lib/dependencies.dart:867:15 • non_constant_identifier_names
   info • The variable name 'import_settings' isn't a lowerCamelCase identifier. Try changing the name to follow the lowerCamelCase style • lib/dependencies.dart:868:15 • non_constant_identifier_names
   info • The variable name 'export_all_zip' isn't a lowerCamelCase identifier. Try changing the name to follow the lowerCamelCase style • lib/dependencies.dart:869:15 • non_constant_identifier_names
   info • The variable name 'import_all_zip' isn't a lowerCamelCase identifier. Try changing the name to follow the lowerCamelCase style • lib/dependencies.dart:870:15 • non_constant_identifier_names
   info • The variable name 'duplicate_chat' isn't a lowerCamelCase identifier. Try changing the name to follow the lowerCamelCase style • lib/dependencies.dart:871:15 • non_constant_identifier_names
   info • The variable name 'duplicate_chat_success' isn't a lowerCamelCase identifier. Try changing the name to follow the lowerCamelCase style • lib/dependencies.dart:872:15 • non_constant_identifier_names
   info • The variable name 'move_to_folder' isn't a lowerCamelCase identifier. Try changing the name to follow the lowerCamelCase style • lib/dependencies.dart:873:15 • non_constant_identifier_names
   info • The variable name 'remove_from_folder' isn't a lowerCamelCase identifier. Try changing the name to follow the lowerCamelCase style • lib/dependencies.dart:874:15 • non_constant_identifier_names
   info • The variable name 'create_folder' isn't a lowerCamelCase identifier. Try changing the name to follow the lowerCamelCase style • lib/dependencies.dart:875:15 • non_constant_identifier_names
   info • The variable name 'new_folder' isn't a lowerCamelCase identifier. Try changing the name to follow the lowerCamelCase style • lib/dependencies.dart:876:15 • non_constant_identifier_names
   info • The variable name 'folder_name_hint' isn't a lowerCamelCase identifier. Try changing the name to follow the lowerCamelCase style • lib/dependencies.dart:877:15 • non_constant_identifier_names
   info • The variable name 'all_chats' isn't a lowerCamelCase identifier. Try changing the name to follow the lowerCamelCase style • lib/dependencies.dart:878:15 • non_constant_identifier_names
   info • The variable name 'unfiled_chats' isn't a lowerCamelCase identifier. Try changing the name to follow the lowerCamelCase style • lib/dependencies.dart:879:15 • non_constant_identifier_names
   info • The variable name 'server_path_prefix_label' isn't a lowerCamelCase identifier. Try changing the name to follow the lowerCamelCase style • lib/dependencies.dart:881:15 • non_constant_identifier_names
   info • The variable name 'server_path_prefix_hint' isn't a lowerCamelCase identifier. Try changing the name to follow the lowerCamelCase style • lib/dependencies.dart:882:15 • non_constant_identifier_names
   info • The variable name 'search_message_contents' isn't a lowerCamelCase identifier. Try changing the name to follow the lowerCamelCase style • lib/dependencies.dart:883:15 • non_constant_identifier_names
   info • The variable name 'message_search_results' isn't a lowerCamelCase identifier. Try changing the name to follow the lowerCamelCase style • lib/dependencies.dart:884:15 • non_constant_identifier_names
   info • The variable name 'saved_messages_title' isn't a lowerCamelCase identifier. Try changing the name to follow the lowerCamelCase style • lib/dependencies.dart:885:15 • non_constant_identifier_names
   info • The variable name 'nav_saved_messages' isn't a lowerCamelCase identifier. Try changing the name to follow the lowerCamelCase style • lib/dependencies.dart:886:15 • non_constant_identifier_names
   info • The variable name 'saved_messages_empty' isn't a lowerCamelCase identifier. Try changing the name to follow the lowerCamelCase style • lib/dependencies.dart:887:15 • non_constant_identifier_names
   info • The variable name 'save_message' isn't a lowerCamelCase identifier. Try changing the name to follow the lowerCamelCase style • lib/dependencies.dart:888:15 • non_constant_identifier_names
   info • The variable name 'message_saved' isn't a lowerCamelCase identifier. Try changing the name to follow the lowerCamelCase style • lib/dependencies.dart:889:15 • non_constant_identifier_names
   info • The variable name 'test_tts_section_title' isn't a lowerCamelCase identifier. Try changing the name to follow the lowerCamelCase style • lib/dependencies.dart:890:15 • non_constant_identifier_names
   info • The variable name 'test_tts_hint' isn't a lowerCamelCase identifier. Try changing the name to follow the lowerCamelCase style • lib/dependencies.dart:891:15 • non_constant_identifier_names
   info • The variable name 'test_speak_button' isn't a lowerCamelCase identifier. Try changing the name to follow the lowerCamelCase style • lib/dependencies.dart:892:15 • non_constant_identifier_names
   info • The variable name 'token_count' isn't a lowerCamelCase identifier. Try changing the name to follow the lowerCamelCase style • lib/dependencies.dart:893:11 • non_constant_identifier_names
   info • The variable name 'estimated_token_count' isn't a lowerCamelCase identifier. Try changing the name to follow the lowerCamelCase style • lib/dependencies.dart:894:11 • non_constant_identifier_names
   info • The variable name 'scroll_to_bottom' isn't a lowerCamelCase identifier. Try changing the name to follow the lowerCamelCase style • lib/dependencies.dart:895:15 • non_constant_identifier_names
   info • The variable name 'generate_ai_response' isn't a lowerCamelCase identifier. Try changing the name to follow the lowerCamelCase style • lib/dependencies.dart:896:15 • non_constant_identifier_names
   info • The variable name 'no_response' isn't a lowerCamelCase identifier. Try changing the name to follow the lowerCamelCase style • lib/dependencies.dart:897:15 • non_constant_identifier_names
   info • The variable name 'conversations_label' isn't a lowerCamelCase identifier. Try changing the name to follow the lowerCamelCase style • lib/dependencies.dart:900:15 • non_constant_identifier_names
   info • The variable name 'personas_label' isn't a lowerCamelCase identifier. Try changing the name to follow the lowerCamelCase style • lib/dependencies.dart:901:15 • non_constant_identifier_names
   info • The variable name 'settings_label' isn't a lowerCamelCase identifier. Try changing the name to follow the lowerCamelCase style • lib/dependencies.dart:902:15 • non_constant_identifier_names
   info • The variable name 'export_conversation' isn't a lowerCamelCase identifier. Try changing the name to follow the lowerCamelCase style • lib/dependencies.dart:903:15 • non_constant_identifier_names
   info • The variable name 'tts_process_markdown' isn't a lowerCamelCase identifier. Try changing the name to follow the lowerCamelCase style • lib/dependencies.dart:904:15 • non_constant_identifier_names
   info • The variable name 'tts_process_markdown_desc' isn't a lowerCamelCase identifier. Try changing the name to follow the lowerCamelCase style • lib/dependencies.dart:905:15 • non_constant_identifier_names
   info • The variable name 'preview_system_prompts' isn't a lowerCamelCase identifier. Try changing the name to follow the lowerCamelCase style • lib/dependencies.dart:906:15 • non_constant_identifier_names
   info • The variable name 'welcome_message_1' isn't a lowerCamelCase identifier. Try changing the name to follow the lowerCamelCase style • lib/dependencies.dart:907:15 • non_constant_identifier_names
   info • The variable name 'welcome_message_2' isn't a lowerCamelCase identifier. Try changing the name to follow the lowerCamelCase style • lib/dependencies.dart:908:15 • non_constant_identifier_names
   info • The variable name 'welcome_message_3' isn't a lowerCamelCase identifier. Try changing the name to follow the lowerCamelCase style • lib/dependencies.dart:909:15 • non_constant_identifier_names
   info • The variable name 'welcome_message_4' isn't a lowerCamelCase identifier. Try changing the name to follow the lowerCamelCase style • lib/dependencies.dart:910:15 • non_constant_identifier_names
   info • The variable name 'tts_skip_seconds' isn't a lowerCamelCase identifier. Try changing the name to follow the lowerCamelCase style • lib/dependencies.dart:911:15 • non_constant_identifier_names
   info • The variable name 'tts_skip_seconds_desc' isn't a lowerCamelCase identifier. Try changing the name to follow the lowerCamelCase style • lib/dependencies.dart:912:15 • non_constant_identifier_names
   info • The variable name 'temporary_chat' isn't a lowerCamelCase identifier. Try changing the name to follow the lowerCamelCase style • lib/dependencies.dart:913:15 • non_constant_identifier_names
   info • The variable name 'temporary_chat_desc' isn't a lowerCamelCase identifier. Try changing the name to follow the lowerCamelCase style • lib/dependencies.dart:914:15 • non_constant_identifier_names
   info • The variable name 'temporary_chat_banner' isn't a lowerCamelCase identifier. Try changing the name to follow the lowerCamelCase style • lib/dependencies.dart:915:15 • non_constant_identifier_names
   info • The variable name 'temporary_chat_save_warning_title' isn't a lowerCamelCase identifier. Try changing the name to follow the lowerCamelCase style • lib/dependencies.dart:916:15 • non_constant_identifier_names
   info • The variable name 'temporary_chat_save_warning_body' isn't a lowerCamelCase identifier. Try changing the name to follow the lowerCamelCase style • lib/dependencies.dart:917:15 • non_constant_identifier_names
   info • The variable name 'save_to_history' isn't a lowerCamelCase identifier. Try changing the name to follow the lowerCamelCase style • lib/dependencies.dart:918:15 • non_constant_identifier_names
   info • The variable name 'share_conversation' isn't a lowerCamelCase identifier. Try changing the name to follow the lowerCamelCase style • lib/dependencies.dart:919:15 • non_constant_identifier_names
   info • The variable name 'download_tts_audio' isn't a lowerCamelCase identifier. Try changing the name to follow the lowerCamelCase style • lib/dependencies.dart:920:15 • non_constant_identifier_names
   info • The variable name 'tts_download_unavailable' isn't a lowerCamelCase identifier. Try changing the name to follow the lowerCamelCase style • lib/dependencies.dart:921:15 • non_constant_identifier_names
   info • The variable name 'tts_download_no_audio' isn't a lowerCamelCase identifier. Try changing the name to follow the lowerCamelCase style • lib/dependencies.dart:922:15 • non_constant_identifier_names
   info • The variable name 'tts_download_success' isn't a lowerCamelCase identifier. Try changing the name to follow the lowerCamelCase style • lib/dependencies.dart:923:15 • non_constant_identifier_names
   info • The variable name 'return_to_chat' isn't a lowerCamelCase identifier. Try changing the name to follow the lowerCamelCase style • lib/dependencies.dart:924:15 • non_constant_identifier_names
   info • The variable name 'return_to_temp_chat' isn't a lowerCamelCase identifier. Try changing the name to follow the lowerCamelCase style • lib/dependencies.dart:925:15 • non_constant_identifier_names
   info • The variable name 'insert_saved_message' isn't a lowerCamelCase identifier. Try changing the name to follow the lowerCamelCase style • lib/dependencies.dart:926:15 • non_constant_identifier_names
   info • The variable name 'insert_saved_message_desc' isn't a lowerCamelCase identifier. Try changing the name to follow the lowerCamelCase style • lib/dependencies.dart:927:15 • non_constant_identifier_names
   info • The variable name 'model_info' isn't a lowerCamelCase identifier. Try changing the name to follow the lowerCamelCase style • lib/dependencies.dart:928:15 • non_constant_identifier_names
   info • The variable name 'model_name' isn't a lowerCamelCase identifier. Try changing the name to follow the lowerCamelCase style • lib/dependencies.dart:929:15 • non_constant_identifier_names
   info • The variable name 'model_identifier' isn't a lowerCamelCase identifier. Try changing the name to follow the lowerCamelCase style • lib/dependencies.dart:930:15 • non_constant_identifier_names
   info • The variable name 'not_available' isn't a lowerCamelCase identifier. Try changing the name to follow the lowerCamelCase style • lib/dependencies.dart:931:15 • non_constant_identifier_names
   info • The variable name 'save_message_folders' isn't a lowerCamelCase identifier. Try changing the name to follow the lowerCamelCase style • lib/dependencies.dart:932:15 • non_constant_identifier_names
   info • The variable name 'remove_from_saved' isn't a lowerCamelCase identifier. Try changing the name to follow the lowerCamelCase style • lib/dependencies.dart:933:15 • non_constant_identifier_names
   info • The variable name 'message_already_saved' isn't a lowerCamelCase identifier. Try changing the name to follow the lowerCamelCase style • lib/dependencies.dart:934:15 • non_constant_identifier_names
   info • The variable name 'stream_ttft' isn't a lowerCamelCase identifier. Try changing the name to follow the lowerCamelCase style • lib/dependencies.dart:935:15 • non_constant_identifier_names
   info • The variable name 'stream_tokens_per_sec' isn't a lowerCamelCase identifier. Try changing the name to follow the lowerCamelCase style • lib/dependencies.dart:936:15 • non_constant_identifier_names
   info • The variable name 'stream_stop_reason' isn't a lowerCamelCase identifier. Try changing the name to follow the lowerCamelCase style • lib/dependencies.dart:937:15 • non_constant_identifier_names
   info • The variable name 'stream_input_tokens' isn't a lowerCamelCase identifier. Try changing the name to follow the lowerCamelCase style • lib/dependencies.dart:938:15 • non_constant_identifier_names
   info • The variable name 'stream_output_tokens' isn't a lowerCamelCase identifier. Try changing the name to follow the lowerCamelCase style • lib/dependencies.dart:939:15 • non_constant_identifier_names
   info • The variable name 'stream_generation_time' isn't a lowerCamelCase identifier. Try changing the name to follow the lowerCamelCase style • lib/dependencies.dart:940:15 • non_constant_identifier_names
   info • The variable name 'attach_image' isn't a lowerCamelCase identifier. Try changing the name to follow the lowerCamelCase style • lib/dependencies.dart:941:15 • non_constant_identifier_names
   info • The variable name 'attach_text_document' isn't a lowerCamelCase identifier. Try changing the name to follow the lowerCamelCase style • lib/dependencies.dart:942:15 • non_constant_identifier_names
   info • The variable name 'add_attachment' isn't a lowerCamelCase identifier. Try changing the name to follow the lowerCamelCase style • lib/dependencies.dart:943:15 • non_constant_identifier_names
   info • The variable name 'photo_permission_denied' isn't a lowerCamelCase identifier. Try changing the name to follow the lowerCamelCase style • lib/dependencies.dart:944:15 • non_constant_identifier_names
   info • The variable name 'characters_label' isn't a lowerCamelCase identifier. Try changing the name to follow the lowerCamelCase style • lib/dependencies.dart:945:15 • non_constant_identifier_names
   info • The variable name 'exit_temporary_chat_title' isn't a lowerCamelCase identifier. Try changing the name to follow the lowerCamelCase style • lib/dependencies.dart:946:15 • non_constant_identifier_names
   info • The variable name 'exit_temporary_chat_body' isn't a lowerCamelCase identifier. Try changing the name to follow the lowerCamelCase style • lib/dependencies.dart:947:15 • non_constant_identifier_names
   info • The variable name 'saved_message_temp_snap_unavailable' isn't a lowerCamelCase identifier. Try changing the name to follow the lowerCamelCase style • lib/dependencies.dart:948:15 • non_constant_identifier_names
   info • The variable name 'filter_title' isn't a lowerCamelCase identifier. Try changing the name to follow the lowerCamelCase style • lib/dependencies.dart:949:15 • non_constant_identifier_names
   info • The variable name 'filter_pinned' isn't a lowerCamelCase identifier. Try changing the name to follow the lowerCamelCase style • lib/dependencies.dart:950:15 • non_constant_identifier_names
   info • The variable name 'filter_archived' isn't a lowerCamelCase identifier. Try changing the name to follow the lowerCamelCase style • lib/dependencies.dart:951:15 • non_constant_identifier_names
   info • The variable name 'filter_temp_chats' isn't a lowerCamelCase identifier. Try changing the name to follow the lowerCamelCase style • lib/dependencies.dart:952:15 • non_constant_identifier_names
   info • The variable name 'filter_user_messages' isn't a lowerCamelCase identifier. Try changing the name to follow the lowerCamelCase style • lib/dependencies.dart:953:15 • non_constant_identifier_names
   info • The variable name 'filter_assistant_messages' isn't a lowerCamelCase identifier. Try changing the name to follow the lowerCamelCase style • lib/dependencies.dart:954:15 • non_constant_identifier_names
   info • The variable name 'archive_chat' isn't a lowerCamelCase identifier. Try changing the name to follow the lowerCamelCase style • lib/dependencies.dart:955:15 • non_constant_identifier_names
   info • The variable name 'unarchive_chat' isn't a lowerCamelCase identifier. Try changing the name to follow the lowerCamelCase style • lib/dependencies.dart:956:15 • non_constant_identifier_names
   info • The variable name 'generate_title_with_ai' isn't a lowerCamelCase identifier. Try changing the name to follow the lowerCamelCase style • lib/dependencies.dart:957:15 • non_constant_identifier_names
   info • The variable name 'generating_title' isn't a lowerCamelCase identifier. Try changing the name to follow the lowerCamelCase style • lib/dependencies.dart:958:15 • non_constant_identifier_names
   info • The variable name 'generate_title_failed' isn't a lowerCamelCase identifier. Try changing the name to follow the lowerCamelCase style • lib/dependencies.dart:959:15 • non_constant_identifier_names
   info • The variable name 'tts_skip_seconds_value' isn't a lowerCamelCase identifier. Try changing the name to follow the lowerCamelCase style • lib/dependencies.dart:960:11 • non_constant_identifier_names
   info • The variable name 'conversation_message_count' isn't a lowerCamelCase identifier. Try changing the name to follow the lowerCamelCase style • lib/dependencies.dart:961:11 • non_constant_identifier_names
   info • The variable name 'conversation_character_count' isn't a lowerCamelCase identifier. Try changing the name to follow the lowerCamelCase style • lib/dependencies.dart:962:11 • non_constant_identifier_names
   info • The variable name 'ai_user_response_enabled' isn't a lowerCamelCase identifier. Try changing the name to follow the lowerCamelCase style • lib/dependencies.dart:963:15 • non_constant_identifier_names
   info • The variable name 'ai_user_response_tooltip' isn't a lowerCamelCase identifier. Try changing the name to follow the lowerCamelCase style • lib/dependencies.dart:964:15 • non_constant_identifier_names
   info • The variable name 'delete_builtin_persona_body' isn't a lowerCamelCase identifier. Try changing the name to follow the lowerCamelCase style • lib/dependencies.dart:965:15 • non_constant_identifier_names
   info • The variable name 'restore_builtin_personas' isn't a lowerCamelCase identifier. Try changing the name to follow the lowerCamelCase style • lib/dependencies.dart:966:15 • non_constant_identifier_names
   info • The variable name 'restore_builtin_personas_desc' isn't a lowerCamelCase identifier. Try changing the name to follow the lowerCamelCase style • lib/dependencies.dart:967:15 • non_constant_identifier_names
   info • The variable name 'restore_builtin_personas_success' isn't a lowerCamelCase identifier. Try changing the name to follow the lowerCamelCase style • lib/dependencies.dart:968:15 • non_constant_identifier_names
   info • The variable name 'clear_personas' isn't a lowerCamelCase identifier. Try changing the name to follow the lowerCamelCase style • lib/dependencies.dart:969:15 • non_constant_identifier_names
   info • The variable name 'enable_image_compression' isn't a lowerCamelCase identifier. Try changing the name to follow the lowerCamelCase style • lib/dependencies.dart:970:15 • non_constant_identifier_names
   info • The variable name 'enable_image_compression_desc' isn't a lowerCamelCase identifier. Try changing the name to follow the lowerCamelCase style • lib/dependencies.dart:971:15 • non_constant_identifier_names
   info • The variable name 'image_compression_level' isn't a lowerCamelCase identifier. Try changing the name to follow the lowerCamelCase style • lib/dependencies.dart:972:15 • non_constant_identifier_names
   info • The variable name 'image_compression_level_desc' isn't a lowerCamelCase identifier. Try changing the name to follow the lowerCamelCase style • lib/dependencies.dart:973:15 • non_constant_identifier_names
   info • The variable name 'image_compression_level_low' isn't a lowerCamelCase identifier. Try changing the name to follow the lowerCamelCase style • lib/dependencies.dart:974:15 • non_constant_identifier_names
   info • The variable name 'image_compression_level_medium' isn't a lowerCamelCase identifier. Try changing the name to follow the lowerCamelCase style • lib/dependencies.dart:975:15 • non_constant_identifier_names
   info • The variable name 'image_compression_level_high' isn't a lowerCamelCase identifier. Try changing the name to follow the lowerCamelCase style • lib/dependencies.dart:976:15 • non_constant_identifier_names
   info • The variable name 'sort_models_tooltip' isn't a lowerCamelCase identifier. Try changing the name to follow the lowerCamelCase style • lib/dependencies.dart:977:15 • non_constant_identifier_names
   info • The variable name 'sort_by_favorites' isn't a lowerCamelCase identifier. Try changing the name to follow the lowerCamelCase style • lib/dependencies.dart:978:15 • non_constant_identifier_names
   info • The variable name 'sort_by_name' isn't a lowerCamelCase identifier. Try changing the name to follow the lowerCamelCase style • lib/dependencies.dart:979:15 • non_constant_identifier_names
   info • The variable name 'sort_by_size_smallest' isn't a lowerCamelCase identifier. Try changing the name to follow the lowerCamelCase style • lib/dependencies.dart:980:15 • non_constant_identifier_names
   info • The variable name 'sort_by_size_largest' isn't a lowerCamelCase identifier. Try changing the name to follow the lowerCamelCase style • lib/dependencies.dart:981:15 • non_constant_identifier_names
   info • The variable name 'sort_by_context_length' isn't a lowerCamelCase identifier. Try changing the name to follow the lowerCamelCase style • lib/dependencies.dart:982:15 • non_constant_identifier_names
   info • The variable name 'ai_rename_tooltip' isn't a lowerCamelCase identifier. Try changing the name to follow the lowerCamelCase style • lib/dependencies.dart:983:15 • non_constant_identifier_names
   info • The variable name 'new_chat_in_folder_tooltip' isn't a lowerCamelCase identifier. Try changing the name to follow the lowerCamelCase style • lib/dependencies.dart:984:15 • non_constant_identifier_names
   info • The variable name 'smart_replies_use_persona' isn't a lowerCamelCase identifier. Try changing the name to follow the lowerCamelCase style • lib/dependencies.dart:985:15 • non_constant_identifier_names
   info • The variable name 'smart_replies_use_persona_desc' isn't a lowerCamelCase identifier. Try changing the name to follow the lowerCamelCase style • lib/dependencies.dart:986:15 • non_constant_identifier_names
   info • The variable name 'keep_persona_on_new_chat' isn't a lowerCamelCase identifier. Try changing the name to follow the lowerCamelCase style • lib/dependencies.dart:987:15 • non_constant_identifier_names
   info • The variable name 'keep_persona_on_new_chat_desc' isn't a lowerCamelCase identifier. Try changing the name to follow the lowerCamelCase style • lib/dependencies.dart:988:15 • non_constant_identifier_names
   info • The variable name 'role_swap_button_enabled' isn't a lowerCamelCase identifier. Try changing the name to follow the lowerCamelCase style • lib/dependencies.dart:989:15 • non_constant_identifier_names
   info • The variable name 'role_swap_button_enabled_desc' isn't a lowerCamelCase identifier. Try changing the name to follow the lowerCamelCase style • lib/dependencies.dart:990:15 • non_constant_identifier_names
   info • The variable name 'send_as_user_tooltip' isn't a lowerCamelCase identifier. Try changing the name to follow the lowerCamelCase style • lib/dependencies.dart:991:15 • non_constant_identifier_names
   info • The variable name 'send_as_assistant_tooltip' isn't a lowerCamelCase identifier. Try changing the name to follow the lowerCamelCase style • lib/dependencies.dart:992:15 • non_constant_identifier_names
   info • The variable name 'insert_without_generating_tooltip' isn't a lowerCamelCase identifier. Try changing the name to follow the lowerCamelCase style • lib/dependencies.dart:993:15 • non_constant_identifier_names
   info • The variable name 'token_usage_title' isn't a lowerCamelCase identifier. Try changing the name to follow the lowerCamelCase style • lib/dependencies.dart:994:15 • non_constant_identifier_names
   info • The variable name 'total_tokens_label' isn't a lowerCamelCase identifier. Try changing the name to follow the lowerCamelCase style • lib/dependencies.dart:995:15 • non_constant_identifier_names
   info • The variable name 'usage_percent_label' isn't a lowerCamelCase identifier. Try changing the name to follow the lowerCamelCase style • lib/dependencies.dart:996:15 • non_constant_identifier_names
   info • The variable name 'export_choice_title' isn't a lowerCamelCase identifier. Try changing the name to follow the lowerCamelCase style • lib/dependencies.dart:997:15 • non_constant_identifier_names
   info • The variable name 'export_choice_body' isn't a lowerCamelCase identifier. Try changing the name to follow the lowerCamelCase style • lib/dependencies.dart:998:15 • non_constant_identifier_names
   info • The variable name 'copy_to_clipboard' isn't a lowerCamelCase identifier. Try changing the name to follow the lowerCamelCase style • lib/dependencies.dart:999:15 • non_constant_identifier_names
   info • The variable name 'bulk_ai_rename_confirm_title' isn't a lowerCamelCase identifier. Try changing the name to follow the lowerCamelCase style • lib/dependencies.dart:1000:15 • non_constant_identifier_names
   info • The variable name 'sort_by_modified_date' isn't a lowerCamelCase identifier. Try changing the name to follow the lowerCamelCase style • lib/dependencies.dart:1001:15 • non_constant_identifier_names
   info • The variable name 'sort_by_created_date' isn't a lowerCamelCase identifier. Try changing the name to follow the lowerCamelCase style • lib/dependencies.dart:1002:15 • non_constant_identifier_names
   info • The variable name 'sort_title' isn't a lowerCamelCase identifier. Try changing the name to follow the lowerCamelCase style • lib/dependencies.dart:1003:15 • non_constant_identifier_names
   info • The variable name 'ai_user_response_enabled_desc' isn't a lowerCamelCase identifier. Try changing the name to follow the lowerCamelCase style • lib/dependencies.dart:1004:15 • non_constant_identifier_names
   info • The variable name 'show_system_messages_desc' isn't a lowerCamelCase identifier. Try changing the name to follow the lowerCamelCase style • lib/dependencies.dart:1005:15 • non_constant_identifier_names
   info • The variable name 'show_system_messages_in_chat' isn't a lowerCamelCase identifier. Try changing the name to follow the lowerCamelCase style • lib/dependencies.dart:1006:15 • non_constant_identifier_names
   info • The variable name 'show_system_messages_in_chat_desc' isn't a lowerCamelCase identifier. Try changing the name to follow the lowerCamelCase style • lib/dependencies.dart:1007:15 • non_constant_identifier_names
   info • The variable name 'manage_personas' isn't a lowerCamelCase identifier. Try changing the name to follow the lowerCamelCase style • lib/dependencies.dart:1008:15 • non_constant_identifier_names
   info • The variable name 'personas_combine_hint' isn't a lowerCamelCase identifier. Try changing the name to follow the lowerCamelCase style • lib/dependencies.dart:1009:15 • non_constant_identifier_names
   info • The variable name 'temp_chat_keyboard_incognito' isn't a lowerCamelCase identifier. Try changing the name to follow the lowerCamelCase style • lib/dependencies.dart:1010:15 • non_constant_identifier_names
   info • The variable name 'temp_chat_keyboard_incognito_desc' isn't a lowerCamelCase identifier. Try changing the name to follow the lowerCamelCase style • lib/dependencies.dart:1011:15 • non_constant_identifier_names
   info • The variable name 'resume_last_chat' isn't a lowerCamelCase identifier. Try changing the name to follow the lowerCamelCase style • lib/dependencies.dart:1012:15 • non_constant_identifier_names
   info • The variable name 'resume_last_chat_desc' isn't a lowerCamelCase identifier. Try changing the name to follow the lowerCamelCase style • lib/dependencies.dart:1013:15 • non_constant_identifier_names
   info • The variable name 'lm_studio_model_browser_title' isn't a lowerCamelCase identifier. Try changing the name to follow the lowerCamelCase style • lib/dependencies.dart:1014:15 • non_constant_identifier_names
   info • The variable name 'lm_studio_model_search_hint' isn't a lowerCamelCase identifier. Try changing the name to follow the lowerCamelCase style • lib/dependencies.dart:1015:15 • non_constant_identifier_names
   info • The variable name 'lm_studio_staff_picks' isn't a lowerCamelCase identifier. Try changing the name to follow the lowerCamelCase style • lib/dependencies.dart:1016:15 • non_constant_identifier_names
   info • The variable name 'lm_studio_community_models' isn't a lowerCamelCase identifier. Try changing the name to follow the lowerCamelCase style • lib/dependencies.dart:1017:15 • non_constant_identifier_names
   info • The variable name 'lm_studio_no_models' isn't a lowerCamelCase identifier. Try changing the name to follow the lowerCamelCase style • lib/dependencies.dart:1018:15 • non_constant_identifier_names
   info • The variable name 'lm_studio_browse_models' isn't a lowerCamelCase identifier. Try changing the name to follow the lowerCamelCase style • lib/dependencies.dart:1019:15 • non_constant_identifier_names
   info • The variable name 'lm_studio_model_search' isn't a lowerCamelCase identifier. Try changing the name to follow the lowerCamelCase style • lib/dependencies.dart:1020:15 • non_constant_identifier_names
   info • The variable name 'lm_studio_downloads_title' isn't a lowerCamelCase identifier. Try changing the name to follow the lowerCamelCase style • lib/dependencies.dart:1021:15 • non_constant_identifier_names
   info • The variable name 'lm_studio_choose_quant' isn't a lowerCamelCase identifier. Try changing the name to follow the lowerCamelCase style • lib/dependencies.dart:1022:15 • non_constant_identifier_names
   info • The variable name 'lm_studio_use_default_quant' isn't a lowerCamelCase identifier. Try changing the name to follow the lowerCamelCase style • lib/dependencies.dart:1023:15 • non_constant_identifier_names
   info • The variable name 'lm_studio_recommended' isn't a lowerCamelCase identifier. Try changing the name to follow the lowerCamelCase style • lib/dependencies.dart:1024:15 • non_constant_identifier_names
   info • The variable name 'lm_studio_clear_downloads' isn't a lowerCamelCase identifier. Try changing the name to follow the lowerCamelCase style • lib/dependencies.dart:1025:15 • non_constant_identifier_names
   info • The variable name 'lm_studio_no_downloads' isn't a lowerCamelCase identifier. Try changing the name to follow the lowerCamelCase style • lib/dependencies.dart:1026:15 • non_constant_identifier_names
   info • The variable name 'lm_studio_downloads_disclaimer' isn't a lowerCamelCase identifier. Try changing the name to follow the lowerCamelCase style • lib/dependencies.dart:1027:15 • non_constant_identifier_names
   info • The variable name 'lm_studio_staff_pick' isn't a lowerCamelCase identifier. Try changing the name to follow the lowerCamelCase style • lib/dependencies.dart:1028:15 • non_constant_identifier_names
   info • The variable name 'lm_studio_params' isn't a lowerCamelCase identifier. Try changing the name to follow the lowerCamelCase style • lib/dependencies.dart:1029:15 • non_constant_identifier_names
   info • The variable name 'lm_studio_arch' isn't a lowerCamelCase identifier. Try changing the name to follow the lowerCamelCase style • lib/dependencies.dart:1030:15 • non_constant_identifier_names
   info • The variable name 'lm_studio_domain' isn't a lowerCamelCase identifier. Try changing the name to follow the lowerCamelCase style • lib/dependencies.dart:1031:15 • non_constant_identifier_names
   info • The variable name 'lm_studio_format' isn't a lowerCamelCase identifier. Try changing the name to follow the lowerCamelCase style • lib/dependencies.dart:1032:15 • non_constant_identifier_names
   info • The variable name 'lm_studio_vision' isn't a lowerCamelCase identifier. Try changing the name to follow the lowerCamelCase style • lib/dependencies.dart:1033:15 • non_constant_identifier_names
   info • The variable name 'lm_studio_tool_use' isn't a lowerCamelCase identifier. Try changing the name to follow the lowerCamelCase style • lib/dependencies.dart:1034:15 • non_constant_identifier_names
   info • The variable name 'lm_studio_reasoning' isn't a lowerCamelCase identifier. Try changing the name to follow the lowerCamelCase style • lib/dependencies.dart:1035:15 • non_constant_identifier_names
   info • The variable name 'lm_studio_download_options' isn't a lowerCamelCase identifier. Try changing the name to follow the lowerCamelCase style • lib/dependencies.dart:1036:15 • non_constant_identifier_names
   info • The variable name 'lm_studio_download' isn't a lowerCamelCase identifier. Try changing the name to follow the lowerCamelCase style • lib/dependencies.dart:1037:15 • non_constant_identifier_names
   info • The variable name 'lm_studio_readme_unavailable' isn't a lowerCamelCase identifier. Try changing the name to follow the lowerCamelCase style • lib/dependencies.dart:1038:15 • non_constant_identifier_names
   info • The variable name 'lm_studio_full_gpu_offload' isn't a lowerCamelCase identifier. Try changing the name to follow the lowerCamelCase style • lib/dependencies.dart:1039:15 • non_constant_identifier_names
   info • The variable name 'lm_studio_partial_gpu_offload' isn't a lowerCamelCase identifier. Try changing the name to follow the lowerCamelCase style • lib/dependencies.dart:1040:15 • non_constant_identifier_names
   info • The variable name 'lm_studio_likely_too_large' isn't a lowerCamelCase identifier. Try changing the name to follow the lowerCamelCase style • lib/dependencies.dart:1041:15 • non_constant_identifier_names
   info • The variable name 'lm_studio_available_ram_gb' isn't a lowerCamelCase identifier. Try changing the name to follow the lowerCamelCase style • lib/dependencies.dart:1042:15 • non_constant_identifier_names
   info • The variable name 'lm_studio_available_vram_gb' isn't a lowerCamelCase identifier. Try changing the name to follow the lowerCamelCase style • lib/dependencies.dart:1043:15 • non_constant_identifier_names
   info • The variable name 'lm_studio_memory_settings_title' isn't a lowerCamelCase identifier. Try changing the name to follow the lowerCamelCase style • lib/dependencies.dart:1044:15 • non_constant_identifier_names
   info • The variable name 'lm_studio_memory_settings_desc' isn't a lowerCamelCase identifier. Try changing the name to follow the lowerCamelCase style • lib/dependencies.dart:1045:15 • non_constant_identifier_names
   info • The variable name 'think_button_label' isn't a lowerCamelCase identifier. Try changing the name to follow the lowerCamelCase style • lib/dependencies.dart:1046:15 • non_constant_identifier_names
   info • The variable name 'reasoning_effort_low' isn't a lowerCamelCase identifier. Try changing the name to follow the lowerCamelCase style • lib/dependencies.dart:1047:15 • non_constant_identifier_names
   info • The variable name 'reasoning_effort_medium' isn't a lowerCamelCase identifier. Try changing the name to follow the lowerCamelCase style • lib/dependencies.dart:1048:15 • non_constant_identifier_names
   info • The variable name 'reasoning_effort_high' isn't a lowerCamelCase identifier. Try changing the name to follow the lowerCamelCase style • lib/dependencies.dart:1049:15 • non_constant_identifier_names
   info • The variable name 'bulk_ai_rename_progress' isn't a lowerCamelCase identifier. Try changing the name to follow the lowerCamelCase style • lib/dependencies.dart:1050:11 • non_constant_identifier_names
   info • The variable name 'selected_count' isn't a lowerCamelCase identifier. Try changing the name to follow the lowerCamelCase style • lib/dependencies.dart:1051:11 • non_constant_identifier_names
   info • The variable name 'total_tokens_count' isn't a lowerCamelCase identifier. Try changing the name to follow the lowerCamelCase style • lib/dependencies.dart:1052:11 • non_constant_identifier_names
   info • The variable name 'bulk_export_conversations_success' isn't a lowerCamelCase identifier. Try changing the name to follow the lowerCamelCase style • lib/dependencies.dart:1053:11 • non_constant_identifier_names
   info • The variable name 'bulk_ai_rename_confirm_body' isn't a lowerCamelCase identifier. Try changing the name to follow the lowerCamelCase style • lib/dependencies.dart:1054:11 • non_constant_identifier_names
   info • The variable name 'lm_studio_models_count' isn't a lowerCamelCase identifier. Try changing the name to follow the lowerCamelCase style • lib/dependencies.dart:1055:11 • non_constant_identifier_names
   info • The variable name 'lm_studio_download_size' isn't a lowerCamelCase identifier. Try changing the name to follow the lowerCamelCase style • lib/dependencies.dart:1056:11 • non_constant_identifier_names
   info • The variable name 'lm_studio_downloading_percent' isn't a lowerCamelCase identifier. Try changing the name to follow the lowerCamelCase style • lib/dependencies.dart:1057:11 • non_constant_identifier_names
   info • The variable name 'could_not_read_file' isn't a lowerCamelCase identifier. Try changing the name to follow the lowerCamelCase style • lib/dependencies.dart:1058:15 • non_constant_identifier_names
   info • The variable name 'server_offline' isn't a lowerCamelCase identifier. Try changing the name to follow the lowerCamelCase style • lib/dependencies.dart:1059:15 • non_constant_identifier_names
   info • The variable name 'could_not_establish_connection' isn't a lowerCamelCase identifier. Try changing the name to follow the lowerCamelCase style • lib/dependencies.dart:1060:15 • non_constant_identifier_names
   info • The variable name 'retry_connection' isn't a lowerCamelCase identifier. Try changing the name to follow the lowerCamelCase style • lib/dependencies.dart:1061:15 • non_constant_identifier_names
   info • The variable name 'tokens_label' isn't a lowerCamelCase identifier. Try changing the name to follow the lowerCamelCase style • lib/dependencies.dart:1062:15 • non_constant_identifier_names
   info • The variable name 'enter_context_length' isn't a lowerCamelCase identifier. Try changing the name to follow the lowerCamelCase style • lib/dependencies.dart:1063:15 • non_constant_identifier_names
   info • Library names are not necessary. Remove the library name • lib/generated_widget.dart:2:9 • unnecessary_library_name
   info • Constructors in '@immutable' classes should be declared as 'const'. Try adding 'const' to the constructor declaration • lib/generated_widget.dart:11:3 • prefer_const_constructors_in_immutables
warning • The value of the local variable 'serversAsync' isn't used. Try removing the variable or using it • lib/generated_widget.dart:59:11 • unused_local_variable

[spm]: Injecting profiler code...
[spm]: Starting app...
Running Gradle task 'assembleProfile'...                        
Running Gradle task 'assembleProfile'...                            3.0s
✓ Built build/app/outputs/flutter-apk/app-profile.apk (26.8MB)
Installing build/app/outputs/flutter-apk/app-profile.apk...        951ms
D/DecorView[](16290): getWindowModeFromSystem  windowmode is 1
D/DecorView[](16290): updateDecorCaptionStatus displayWindowDecor is false
W/Looper  (16290): PerfMonitor looperActivity : package=com.example.benchmark_container/.MainActivity time=361ms latency=340ms running=0ms  procState=-1  historyMsgCount=2 (msgIndex=1 wall=361ms seq=4 late=340ms h=android.app.ActivityThread$H w=159) (msgIndex=2 wall=345ms seq=3 h=android.app.ActivityThread$H w=110)
W/Looper  (16290): PerfMonitor looperActivity : package=com.example.benchmark_container/.MainActivity time=1ms latency=696ms running=0ms  procState=-1  historyMsgCount=4 (msgIndex=2 wall=361ms seq=4 late=340ms h=android.app.ActivityThread$H w=159) (msgIndex=3 wall=345ms seq=3 h=android.app.ActivityThread$H w=110) (msgIndex=4 wall=361ms seq=4 late=340ms h=android.app.ActivityThread$H w=159)
D/SurfaceView(16290): UPDATE null, mIsCastMode = false
D/hw-ProcessState(16290): Binder ioctl to enable oneway spam detection failed: Invalid argument
W/Looper  (16290): PerfMonitor longMsg : seq=8 plan=17:05:13.126 late=377ms wall=1652ms running=0ms h=android.view.Choreographer$FrameHandler c=android.view.Choreographer$FrameDisplayEventReceiver procState=-1
W/Looper  (16290): PerfMonitor doFrame : time=1652ms vsyncFrame=0 latency=377ms procState=-1 historyMsgCount=7 (msgIndex=2 wall=361ms seq=4 h=android.app.ActivityThread$H w=159) (msgIndex=3 wall=1652ms seq=8 late=377ms h=android.view.Choreographer$FrameHandler c=android.view.Choreographer$FrameDisplayEventReceiver) (msgIndex=4 wall=361ms seq=4 h=android.app.ActivityThread$H w=159)
I/Choreographer(16290): Skipped 94 frames!  The application may be doing too much work on its main thread.
D/SurfaceView(16290): UPDATE Surface(name=SurfaceView[com.example.benchmark_container/com.example.benchmark_container.MainActivity])/@0x9ac515, mIsProjectionMode = false
W/Looper  (16290): PerfMonitor doFrame : time=3ms vsyncFrame=0 latency=1571ms procState=-1 historyMsgCount=4
[spm]: Connected to Dart VM service.
I/flutter (16290): 00:00 +0: Performance Benchmark
E/hmark_containe(16290): open libmigui.so failed! dlopen - dlopen failed: library "libmigui.so" not found
D/hmark_containe(16290): MiuiProcessManagerServiceStub setSchedFifo
I/MiuiProcessManagerImpl(16290): setSchedFifo pid:16290, mode:3
D/DecorView[](16290): onWindowFocusChanged hasWindowFocus true
D/DecorView[](16290): getWindowModeFromSystem  windowmode is 1
D/DecorView[](16290): updateDecorCaptionStatus displayWindowDecor is false
D/ProfileInstaller(16290): Installing profile for com.example.benchmark_container
[spm]: ProfilerData event received.
I/flutter (16290): [SPM:perf] 698a51a  buildSpan: 665µs
I/flutter (16290): [spm] Performance monitoring completed for 698a51a
[spm]: ProfilerData event received.
I/flutter (16290): [SPM:perf] 698a51a  buildSpan: 651µs
I/flutter (16290): [spm] Performance monitoring completed for 698a51a
[spm]: ProfilerData event received.
I/flutter (16290): [SPM:perf] 698a51a  buildSpan: 644µs
I/flutter (16290): [spm] Performance monitoring completed for 698a51a
[spm]: ProfilerData event received.
I/flutter (16290): [SPM:perf] 698a51a  buildSpan: 642µs
I/flutter (16290): [spm] Performance monitoring completed for 698a51a
[spm]: ProfilerData event received.
I/flutter (16290): [SPM:perf] 698a51a  buildSpan: 602µs
I/flutter (16290): [spm] Performance monitoring completed for 698a51a
[spm]: ProfilerData event received.
I/flutter (16290): [SPM:perf] 698a51a  buildSpan: 650µs
I/flutter (16290): [spm] Performance monitoring completed for 698a51a
[spm]: ProfilerData event received.
I/flutter (16290): [SPM:perf] 698a51a  buildSpan: 588µs
I/flutter (16290): [spm] Performance monitoring completed for 698a51a
[spm]: ProfilerData event received.
I/flutter (16290): [SPM:perf] 698a51a  buildSpan: 621µs
I/flutter (16290): [spm] Performance monitoring completed for 698a51a
I/flutter (16290): [SPM:perf] 698a51a  buildSpan: 675µs
I/flutter (16290): [spm] Performance monitoring completed for 698a51a
[spm]: ProfilerData event received.
[spm]: ProfilerData event received.
I/flutter (16290): [SPM:perf] 698a51a  buildSpan: 657µs
I/flutter (16290): [spm] Performance monitoring completed for 698a51a
[spm]: ProfilerData event received.
I/flutter (16290): [SPM:perf] 698a51a  buildSpan: 681µs
I/flutter (16290): [spm] Performance monitoring completed for 698a51a
[spm]: ProfilerData event received.
I/flutter (16290): [SPM:perf] 698a51a  buildSpan: 652µs
I/flutter (16290): [spm] Performance monitoring completed for 698a51a
[spm]: ProfilerData event received.
I/flutter (16290): [SPM:perf] 698a51a  buildSpan: 641µs
I/flutter (16290): [spm] Performance monitoring completed for 698a51a
[spm]: ProfilerData event received.
I/flutter (16290): [SPM:perf] 698a51a  buildSpan: 758µs
I/flutter (16290): [spm] Performance monitoring completed for 698a51a
I/flutter (16290): [SPM:perf] 698a51a  buildSpan: 633µs
[spm]: ProfilerData event received.
I/flutter (16290): [spm] Performance monitoring completed for 698a51a
[spm]: ProfilerData event received.
I/flutter (16290): [SPM:perf] 698a51a  buildSpan: 669µs
I/flutter (16290): [spm] Performance monitoring completed for 698a51a
[spm]: ProfilerData event received.
I/flutter (16290): [SPM:perf] 698a51a  buildSpan: 741µs
I/flutter (16290): [spm] Performance monitoring completed for 698a51a
[spm]: ProfilerData event received.
I/flutter (16290): [SPM:perf] 698a51a  buildSpan: 626µs
I/flutter (16290): [spm] Performance monitoring completed for 698a51a
[spm]: ProfilerData event received.
I/flutter (16290): [SPM:perf] 698a51a  buildSpan: 668µs
I/flutter (16290): [spm] Performance monitoring completed for 698a51a
[spm]: ProfilerData event received.
I/flutter (16290): [SPM:perf] 698a51a  buildSpan: 652µs
I/flutter (16290): [spm] Performance monitoring completed for 698a51a
[spm]: ProfilerData event received.
I/flutter (16290): [SPM:perf] 698a51a  buildSpan: 632µs
I/flutter (16290): [spm] Performance monitoring completed for 698a51a
[spm]: ProfilerData event received.
I/flutter (16290): [SPM:perf] 698a51a  buildSpan: 659µs
I/flutter (16290): [spm] Performance monitoring completed for 698a51a
[spm]: ProfilerData event received.
I/flutter (16290): [SPM:perf] 698a51a  buildSpan: 668µs
I/flutter (16290): [spm] Performance monitoring completed for 698a51a
[spm]: ProfilerData event received.
I/flutter (16290): [SPM:perf] 698a51a  buildSpan: 615µs
I/flutter (16290): [spm] Performance monitoring completed for 698a51a
[spm]: ProfilerData event received.
I/flutter (16290): [SPM:perf] 698a51a  buildSpan: 651µs
I/flutter (16290): [spm] Performance monitoring completed for 698a51a
[spm]: ProfilerData event received.
I/flutter (16290): [SPM:perf] 698a51a  buildSpan: 673µs
I/flutter (16290): [spm] Performance monitoring completed for 698a51a
[spm]: ProfilerData event received.
I/flutter (16290): [SPM:perf] 698a51a  buildSpan: 681µs
I/flutter (16290): [spm] Performance monitoring completed for 698a51a
[spm]: ProfilerData event received.
I/flutter (16290): [SPM:perf] 698a51a  buildSpan: 697µs
I/flutter (16290): [spm] Performance monitoring completed for 698a51a
[spm]: ProfilerData event received.
I/flutter (16290): [SPM:perf] 698a51a  buildSpan: 685µs
I/flutter (16290): [spm] Performance monitoring completed for 698a51a
[spm]: ProfilerData event received.
I/flutter (16290): [SPM:perf] 698a51a  buildSpan: 670µs
I/flutter (16290): [spm] Performance monitoring completed for 698a51a
I/flutter (16290): 01:10 +1: (tearDownAll)
I/flutter (16290): 01:11 +2: All tests passed!
All tests passed.
[spm]: Saved 30 profiler events to <ROOT>/dataset-new_samples/0653/redmi9t/raw/20260917-143611/rev_003_dd3b3254/e13.jsonl
[spm]: Reverting injection...
769 issues found. (ran in 0.6s)
WARNING: Your Android app project: app located at: <ROOT>/android/app/build.gradle.kts
applies the Kotlin Gradle Plugin, which will cause build failures in future versions of Flutter. 
Please migrate your app to Built-in Kotlin using this guide: https://docs.flutter.dev/release/breaking-changes/migrate-to-built-in-kotlin/for-app-developers

VMServiceFlutterDriver: Connecting to Flutter application at http://127.0.0.1:45967/BgX2zu7Vv-A=/
[spm]: Detected VM service URI: ws://127.0.0.1:45967/BgX2zu7Vv-A=/ws
VMServiceFlutterDriver: Isolate found with number: 6816925916043031
VMServiceFlutterDriver: Isolate 6816925916043031 is runnable.
VMServiceFlutterDriver: Isolate is paused at start.
VMServiceFlutterDriver: Attempting to resume isolate
VMServiceFlutterDriver: Connected to Flutter application.
VMServiceFlutterDriver: request_data message is taking a long time to complete...