iso_ts,epoch,elapsed_s,batt_level,batt_status,batt_temp_c,soc_temp_c,current_ma,event
2026-09-16T12:36:45+03:00,1789551405,0,66,3,30.2,38.3,,run
2026-09-16T12:36:50+03:00,1789551410,5,66,3,30.2,38.3,,run
2026-09-16T12:36:56+03:00,1789551416,11,66,3,30.2,38.0,,run
2026-09-16T12:37:01+03:00,1789551421,16,66,3,30.2,38.0,,run
2026-09-16T12:37:06+03:00,1789551426,21,66,3,30.2,36.4,,run
2026-09-16T12:37:11+03:00,1789551431,26,66,3,30.2,36.8,,run
2026-09-16T12:37:17+03:00,1789551437,32,66,3,30.2,36.8,,run
2026-09-16T12:37:22+03:00,1789551442,37,66,3,30.2,37.1,,run
2026-09-16T12:37:27+03:00,1789551447,42,66,3,30.2,36.4,,run
2026-09-16T12:37:32+03:00,1789551452,47,66,3,30.2,37.4,,run
2026-09-16T12:37:37+03:00,1789551457,52,66,3,30.2,37.1,,run
2026-09-16T12:37:43+03:00,1789551463,58,66,3,30.2,37.1,,run
2026-09-16T12:37:48+03:00,1789551468,63,66,3,30.2,37.4,,run
2026-09-16T12:37:53+03:00,1789551473,68,66,3,30.2,36.8,,run
2026-09-16T12:37:58+03:00,1789551478,73,66,3,30.2,36.8,,run
2026-09-16T12:38:04+03:00,1789551484,79,66,3,30.2,37.7,,run
2026-09-16T12:38:09+03:00,1789551489,84,66,3,30.2,36.8,,run
2026-09-16T12:38:14+03:00,1789551494,89,66,3,30.2,48.2,,run
2026-09-16T12:38:19+03:00,1789551499,94,66,3,30.2,40.5,,run
2026-09-16T12:38:25+03:00,1789551505,100,66,3,30.2,38.9,,run
2026-09-16T12:38:30+03:00,1789551510,105,66,3,30.2,38.9,,run
2026-09-16T12:38:35+03:00,1789551515,110,66,3,30.2,39.5,,run
2026-09-16T12:38:40+03:00,1789551520,115,66,3,30.2,38.0,,run
2026-09-16T12:38:46+03:00,1789551526,121,66,3,30.2,38.6,,run
2026-09-16T12:38:51+03:00,1789551531,126,66,3,30.2,38.3,,run
2026-09-16T12:38:56+03:00,1789551536,131,66,3,30.2,38.0,,run
2026-09-16T12:39:01+03:00,1789551541,136,66,3,30.2,38.9,,run
2026-09-16T12:39:06+03:00,1789551546,141,66,3,30.2,37.7,,run
2026-09-16T12:39:12+03:00,1789551552,147,66,3,30.2,37.7,,run
2026-09-16T12:39:17+03:00,1789551557,152,66,3,30.2,38.9,,run
2026-09-16T12:39:22+03:00,1789551562,157,66,3,30.2,38.3,,run
2026-09-16T12:39:27+03:00,1789551567,162,66,3,30.2,38.0,,run
2026-09-16T12:39:33+03:00,1789551573,168,66,3,30.2,45.1,,run
2026-09-16T12:39:38+03:00,1789551578,173,66,3,30.2,40.5,,run
2026-09-16T12:39:43+03:00,1789551583,178,66,3,30.2,40.8,,run
2026-09-16T12:39:48+03:00,1789551588,183,66,3,30.2,38.0,,run
2026-09-16T12:39:54+03:00,1789551594,189,66,3,30.2,38.3,,run
2026-09-16T12:39:59+03:00,1789551599,194,66,3,30.2,38.0,,run
2026-09-16T12:40:04+03:00,1789551604,199,66,3,30.2,38.9,,run
2026-09-16T12:40:09+03:00,1789551609,204,66,3,30.2,38.0,,run
2026-09-16T12:40:14+03:00,1789551614,209,66,3,30.2,37.7,,run
2026-09-16T12:40:20+03:00,1789551620,215,66,3,30.2,47.0,,run
2026-09-16T12:40:25+03:00,1789551625,220,66,3,30.2,39.5,,run
2026-09-16T12:40:30+03:00,1789551630,225,66,3,30.2,39.5,,run
2026-09-16T12:40:35+03:00,1789551635,230,66,3,30.2,38.6,,run
2026-09-16T12:40:41+03:00,1789551641,236,66,3,30.2,39.2,,run
2026-09-16T12:40:46+03:00,1789551646,241,66,3,30.2,38.9,,run
2026-09-16T12:40:51+03:00,1789551651,246,66,3,30.2,38.9,,run
2026-09-16T12:40:56+03:00,1789551656,251,66,3,30.2,38.6,,run
2026-09-16T12:41:01+03:00,1789551661,256,66,3,30.2,38.0,,run
2026-09-16T12:41:07+03:00,1789551667,262,66,3,30.2,37.4,,run
2026-09-16T12:41:12+03:00,1789551672,267,66,3,30.2,38.6,,run
2026-09-16T12:41:17+03:00,1789551677,272,66,3,30.2,42.3,,run
2026-09-16T12:41:22+03:00,1789551682,277,66,3,30.2,38.6,,run
2026-09-16T12:41:28+03:00,1789551688,283,66,3,30.2,38.3,,run
2026-09-16T12:41:33+03:00,1789551693,288,66,3,30.2,40.8,,run
2026-09-16T12:41:38+03:00,1789551698,293,66,3,30.2,47.9,,run
2026-09-16T12:41:43+03:00,1789551703,298,66,3,30.2,39.8,,run
2026-09-16T12:41:48+03:00,1789551708,303,66,3,30.2,38.6,,run
2026-09-16T12:41:54+03:00,1789551714,309,66,3,30.2,37.7,,run
2026-09-16T12:41:59+03:00,1789551719,314,66,3,30.2,38.0,,run
2026-09-16T12:42:04+03:00,1789551724,319,66,3,30.2,37.4,,run
2026-09-16T12:42:09+03:00,1789551729,324,66,3,30.2,36.8,,run
2026-09-16T12:42:15+03:00,1789551735,330,66,3,30.2,37.7,,run
2026-09-16T12:42:20+03:00,1789551740,335,66,3,30.2,49.7,,run
2026-09-16T12:42:25+03:00,1789551745,340,66,3,30.2,41.1,,run
2026-09-16T12:42:30+03:00,1789551750,345,66,3,30.2,39.5,,run
2026-09-16T12:42:36+03:00,1789551756,351,66,3,30.2,39.2,,run
2026-09-16T12:42:41+03:00,1789551761,356,66,3,30.2,39.2,,run
2026-09-16T12:42:46+03:00,1789551766,361,66,3,30.2,39.2,,run
2026-09-16T12:42:51+03:00,1789551771,366,66,3,30.2,38.9,,run
2026-09-16T12:42:56+03:00,1789551776,371,66,3,30.2,38.9,,run
2026-09-16T12:43:02+03:00,1789551782,377,66,3,30.2,38.6,,run
2026-09-16T12:43:07+03:00,1789551787,382,66,3,30.2,38.6,,run
2026-09-16T12:43:12+03:00,1789551792,387,66,3,30.2,38.9,,run
2026-09-16T12:43:17+03:00,1789551797,392,66,3,30.2,38.0,,run
2026-09-16T12:43:23+03:00,1789551803,398,66,3,30.2,38.3,,run
2026-09-16T12:43:28+03:00,1789551808,403,66,3,30.2,38.3,,run
2026-09-16T12:43:33+03:00,1789551813,408,66,3,30.2,42.9,,run
2026-09-16T12:43:38+03:00,1789551818,413,66,3,30.2,48.5,,run
2026-09-16T12:43:44+03:00,1789551824,419,66,3,30.2,40.5,,run
2026-09-16T12:43:49+03:00,1789551829,424,66,3,30.2,39.8,,run
2026-09-16T12:43:54+03:00,1789551834,429,66,3,30.2,38.9,,run
2026-09-16T12:43:59+03:00,1789551839,434,66,3,30.2,37.4,,run
2026-09-16T12:44:05+03:00,1789551845,440,66,3,30.2,37.4,,run
2026-09-16T12:44:10+03:00,1789551850,445,66,3,30.2,37.7,,run
2026-09-16T12:44:15+03:00,1789551855,450,66,3,30.2,37.4,,run
2026-09-16T12:44:20+03:00,1789551860,455,66,3,30.2,46.0,,run
2026-09-16T12:44:26+03:00,1789551866,461,66,3,30.2,40.8,,run
2026-09-16T12:44:31+03:00,1789551871,466,66,3,30.2,39.2,,run
2026-09-16T12:44:36+03:00,1789551876,471,66,3,30.2,38.9,,run
2026-09-16T12:44:41+03:00,1789551881,476,66,3,30.3,39.2,,run
2026-09-16T12:44:47+03:00,1789551887,482,66,3,30.3,38.3,,run
2026-09-16T12:44:52+03:00,1789551892,487,66,3,30.3,38.3,,run
2026-09-16T12:44:57+03:00,1789551897,492,66,3,30.3,39.5,,run
2026-09-16T12:45:02+03:00,1789551902,497,66,3,30.3,38.9,,run
2026-09-16T12:45:07+03:00,1789551907,502,66,3,30.3,38.9,,run
2026-09-16T12:45:13+03:00,1789551913,508,66,3,30.3,38.9,,run
2026-09-16T12:45:18+03:00,1789551918,513,66,3,30.3,38.6,,run
2026-09-16T12:45:23+03:00,1789551923,518,66,3,30.3,38.0,,run
2026-09-16T12:45:28+03:00,1789551928,523,66,3,30.3,38.6,,run
2026-09-16T12:45:34+03:00,1789551934,529,66,3,30.3,37.7,,run
2026-09-16T12:45:39+03:00,1789551939,534,66,3,30.3,48.5,,run
2026-09-16T12:45:44+03:00,1789551944,539,66,3,30.3,39.5,,run
2026-09-16T12:45:49+03:00,1789551949,544,66,3,30.3,39.2,,run
2026-09-16T12:45:54+03:00,1789551954,549,66,3,30.3,37.7,,run
2026-09-16T12:46:00+03:00,1789551960,555,66,3,30.3,38.3,,run
2026-09-16T12:46:05+03:00,1789551965,560,66,3,30.3,37.4,,run
2026-09-16T12:46:10+03:00,1789551970,565,66,3,30.3,37.4,,run
2026-09-16T12:46:15+03:00,1789551975,570,66,3,30.3,36.8,,run
2026-09-16T12:46:21+03:00,1789551981,576,66,3,30.3,41.4,,run
2026-09-16T12:46:26+03:00,1789551986,581,66,3,30.3,44.2,,run
2026-09-16T12:46:31+03:00,1789551991,586,66,3,30.3,39.2,,run
2026-09-16T12:46:36+03:00,1789551996,591,66,3,30.3,39.2,,run
2026-09-16T12:46:42+03:00,1789552002,597,66,3,30.3,38.9,,run
2026-09-16T12:46:47+03:00,1789552007,602,66,3,30.3,38.9,,run
2026-09-16T12:46:52+03:00,1789552012,607,66,3,30.3,37.7,,run
2026-09-16T12:46:57+03:00,1789552017,612,66,3,30.3,38.3,,run
2026-09-16T12:47:03+03:00,1789552023,618,66,3,30.3,38.9,,run
2026-09-16T12:47:08+03:00,1789552028,623,66,3,30.3,39.2,,run
2026-09-16T12:47:13+03:00,1789552033,628,66,3,30.3,38.0,,run
2026-09-16T12:47:18+03:00,1789552038,633,66,3,30.3,38.6,,run
2026-09-16T12:47:23+03:00,1789552043,638,66,3,30.3,37.7,,run
2026-09-16T12:47:29+03:00,1789552049,644,66,3,30.3,37.7,,run
2026-09-16T12:47:34+03:00,1789552054,649,66,3,30.3,38.9,,run
2026-09-16T12:47:39+03:00,1789552059,654,66,3,30.3,47.0,,run
2026-09-16T12:47:44+03:00,1789552064,659,66,3,30.3,43.9,,run
2026-09-16T12:47:49+03:00,1789552069,664,66,3,30.3,43.6,,run
2026-09-16T12:47:55+03:00,1789552075,670,66,3,30.3,38.0,,run
2026-09-16T12:48:00+03:00,1789552080,675,66,3,30.3,37.7,,run
2026-09-16T12:48:05+03:00,1789552085,680,66,3,30.3,37.7,,run
2026-09-16T12:48:10+03:00,1789552090,685,66,3,30.3,38.0,,run
2026-09-16T12:48:16+03:00,1789552096,691,66,3,30.3,37.7,,run
2026-09-16T12:48:21+03:00,1789552101,696,66,3,30.3,37.7,,run
2026-09-16T12:48:26+03:00,1789552106,701,66,3,30.3,50.4,,run
2026-09-16T12:48:31+03:00,1789552111,706,66,3,30.3,41.7,,run
2026-09-16T12:48:37+03:00,1789552117,712,66,3,30.3,39.2,,run
2026-09-16T12:48:42+03:00,1789552122,717,66,3,30.3,39.2,,run
2026-09-16T12:48:47+03:00,1789552127,722,66,3,30.3,38.0,,run
2026-09-16T12:48:52+03:00,1789552132,727,66,3,30.3,38.3,,run
2026-09-16T12:48:57+03:00,1789552137,732,66,3,30.3,38.3,,run
2026-09-16T12:49:03+03:00,1789552143,738,66,3,30.3,38.0,,run
2026-09-16T12:49:08+03:00,1789552148,743,66,3,30.3,37.7,,run
2026-09-16T12:49:13+03:00,1789552153,748,66,3,30.3,38.9,,run
2026-09-16T12:49:18+03:00,1789552158,753,66,3,30.3,38.3,,run
2026-09-16T12:49:23+03:00,1789552163,758,66,3,30.3,37.7,,run
2026-09-16T12:49:29+03:00,1789552169,764,66,3,30.3,38.9,,run
2026-09-16T12:49:34+03:00,1789552174,769,66,3,30.3,37.7,,run
2026-09-16T12:49:39+03:00,1789552179,774,66,3,30.3,46.0,,run
2026-09-16T12:49:44+03:00,1789552184,779,66,3,30.3,45.1,,run
2026-09-16T12:49:50+03:00,1789552190,785,66,3,30.3,42.9,,run
2026-09-16T12:49:55+03:00,1789552195,790,66,3,30.3,38.6,,run
2026-09-16T12:50:00+03:00,1789552200,795,66,3,30.3,38.9,,run
2026-09-16T12:50:05+03:00,1789552205,800,66,3,30.3,38.6,,run
2026-09-16T12:50:10+03:00,1789552210,805,66,3,30.3,37.4,,run
2026-09-16T12:50:16+03:00,1789552216,811,66,3,30.3,37.4,,run
2026-09-16T12:50:21+03:00,1789552221,816,66,3,30.3,37.4,,run
2026-09-16T12:50:26+03:00,1789552226,821,66,3,30.3,51.0,,run
2026-09-16T12:50:31+03:00,1789552231,826,66,3,30.3,40.5,,run
2026-09-16T12:50:37+03:00,1789552237,832,66,3,30.3,40.2,,run
2026-09-16T12:50:42+03:00,1789552242,837,66,3,30.3,38.3,,run
2026-09-16T12:50:47+03:00,1789552247,842,66,3,30.3,38.3,,run
2026-09-16T12:50:52+03:00,1789552252,847,66,3,30.3,38.3,,run
2026-09-16T12:50:57+03:00,1789552257,852,66,3,30.3,39.2,,run
2026-09-16T12:51:03+03:00,1789552263,858,66,3,30.3,38.9,,run
2026-09-16T12:51:08+03:00,1789552268,863,66,3,30.3,39.2,,run
2026-09-16T12:51:13+03:00,1789552273,868,66,3,30.3,38.9,,run
2026-09-16T12:51:18+03:00,1789552278,873,66,3,30.3,38.9,,run
2026-09-16T12:51:24+03:00,1789552284,879,66,3,30.3,38.3,,run
2026-09-16T12:51:29+03:00,1789552289,884,66,3,30.3,38.0,,run
2026-09-16T12:51:34+03:00,1789552294,889,66,3,30.3,38.0,,run
2026-09-16T12:51:39+03:00,1789552299,894,66,3,30.3,39.5,,run
2026-09-16T12:51:44+03:00,1789552304,899,66,3,30.3,50.7,,run
2026-09-16T12:51:50+03:00,1789552310,905,66,3,30.3,40.5,,run
2026-09-16T12:51:55+03:00,1789552315,910,66,3,30.3,39.2,,run
2026-09-16T12:52:00+03:00,1789552320,915,66,3,30.3,38.3,,run
2026-09-16T12:52:06+03:00,1789552325,920,66,3,30.3,38.3,,run
2026-09-16T12:52:11+03:00,1789552331,926,66,3,30.3,37.7,,run
2026-09-16T12:52:16+03:00,1789552336,931,66,3,30.3,38.0,,run
2026-09-16T12:52:21+03:00,1789552341,936,66,3,30.3,37.4,,run
2026-09-16T12:52:26+03:00,1789552346,941,66,3,30.3,47.3,,run
2026-09-16T12:52:32+03:00,1789552352,947,66,3,30.3,42.3,,run
2026-09-16T12:52:37+03:00,1789552357,952,66,3,30.3,39.2,,run
2026-09-16T12:52:42+03:00,1789552362,957,66,3,30.3,39.2,,run
2026-09-16T12:52:48+03:00,1789552367,962,66,3,30.3,38.9,,run
2026-09-16T12:52:53+03:00,1789552373,968,66,3,30.3,39.2,,run
2026-09-16T12:52:58+03:00,1789552378,973,66,3,30.3,38.6,,run
2026-09-16T12:53:03+03:00,1789552383,978,66,3,30.3,39.8,,run
2026-09-16T12:53:08+03:00,1789552388,983,65,3,30.3,38.6,,run
2026-09-16T12:53:14+03:00,1789552394,989,65,3,30.3,38.6,,run
2026-09-16T12:53:19+03:00,1789552399,994,65,3,30.3,45.7,,run
2026-09-16T12:53:24+03:00,1789552404,999,65,3,30.3,41.1,,run
2026-09-16T12:53:29+03:00,1789552409,1004,65,3,30.3,39.5,,run
2026-09-16T12:53:34+03:00,1789552414,1009,65,3,30.3,40.2,,run
2026-09-16T12:53:40+03:00,1789552420,1015,65,3,30.3,38.9,,run
2026-09-16T12:53:45+03:00,1789552425,1020,65,3,30.3,48.8,,run
2026-09-16T12:53:50+03:00,1789552430,1025,65,3,30.3,40.2,,run
2026-09-16T12:53:55+03:00,1789552435,1030,65,3,30.3,38.9,,run
2026-09-16T12:54:01+03:00,1789552441,1036,65,3,30.3,38.9,,run
2026-09-16T12:54:06+03:00,1789552446,1041,65,3,30.3,38.0,,run
2026-09-16T12:54:11+03:00,1789552451,1046,65,3,30.3,38.3,,run
2026-09-16T12:54:16+03:00,1789552456,1051,65,3,30.3,37.7,,run
2026-09-16T12:54:22+03:00,1789552462,1057,65,3,30.3,39.2,,run
2026-09-16T12:54:27+03:00,1789552467,1062,65,3,30.3,51.3,,run
2026-09-16T12:54:32+03:00,1789552472,1067,65,3,30.3,40.2,,run
2026-09-16T12:54:37+03:00,1789552477,1072,65,3,30.3,39.5,,run
2026-09-16T12:54:43+03:00,1789552483,1078,65,3,30.3,40.2,,run
2026-09-16T12:54:48+03:00,1789552488,1083,65,3,30.3,39.2,,run
2026-09-16T12:54:53+03:00,1789552493,1088,65,3,30.3,38.6,,run
2026-09-16T12:54:58+03:00,1789552498,1093,65,3,30.3,40.2,,run
2026-09-16T12:55:03+03:00,1789552503,1098,65,3,30.3,38.9,,run
2026-09-16T12:55:09+03:00,1789552509,1104,65,3,30.3,39.2,,run
2026-09-16T12:55:14+03:00,1789552514,1109,65,3,30.3,38.6,,run
2026-09-16T12:55:19+03:00,1789552519,1114,65,3,30.3,38.3,,run
2026-09-16T12:55:24+03:00,1789552524,1119,65,3,30.3,38.9,,run
2026-09-16T12:55:29+03:00,1789552529,1124,65,3,30.3,39.5,,run
2026-09-16T12:55:35+03:00,1789552535,1130,65,3,30.3,40.2,,run
2026-09-16T12:55:40+03:00,1789552540,1135,65,3,30.3,44.5,,run
2026-09-16T12:55:45+03:00,1789552545,1140,65,3,30.3,46.7,,run
2026-09-16T12:55:50+03:00,1789552550,1145,65,3,30.3,43.6,,run
2026-09-16T12:55:56+03:00,1789552556,1151,65,3,30.3,38.3,,run
2026-09-16T12:56:01+03:00,1789552561,1156,65,3,30.3,38.0,,run
2026-09-16T12:56:06+03:00,1789552566,1161,65,3,30.3,38.6,,run
2026-09-16T12:56:11+03:00,1789552571,1166,65,3,30.3,45.7,,run
2026-09-16T12:56:16+03:00,1789552576,1171,65,3,30.3,39.2,,run
2026-09-16T12:56:22+03:00,1789552582,1177,65,3,30.3,39.8,,run
2026-09-16T12:56:27+03:00,1789552587,1182,65,3,30.3,38.6,,run
2026-09-16T12:56:32+03:00,1789552592,1187,65,3,30.3,39.2,,run
2026-09-16T12:56:37+03:00,1789552597,1192,65,3,30.3,38.9,,run
2026-09-16T12:56:43+03:00,1789552603,1198,65,3,30.3,39.2,,run
2026-09-16T12:56:48+03:00,1789552608,1203,65,3,30.3,38.6,,run
2026-09-16T12:56:53+03:00,1789552613,1208,65,3,30.3,38.6,,run
2026-09-16T12:56:58+03:00,1789552618,1213,65,3,30.3,38.9,,run
2026-09-16T12:57:03+03:00,1789552623,1218,65,3,30.3,38.0,,run
2026-09-16T12:57:09+03:00,1789552629,1224,65,3,30.3,37.7,,run
2026-09-16T12:57:14+03:00,1789552634,1229,65,3,30.3,37.7,,run
2026-09-16T12:57:19+03:00,1789552639,1234,65,3,30.3,38.9,,run
2026-09-16T12:57:24+03:00,1789552644,1239,65,3,30.3,38.3,,run
2026-09-16T12:57:30+03:00,1789552650,1245,65,3,30.3,38.3,,run
2026-09-16T12:57:35+03:00,1789552655,1250,65,3,30.3,38.3,,run
2026-09-16T12:57:40+03:00,1789552660,1255,65,3,30.3,38.0,,run
2026-09-16T12:57:45+03:00,1789552665,1260,65,3,30.3,38.9,,run
2026-09-16T12:57:50+03:00,1789552670,1265,65,3,30.3,38.9,,run
2026-09-16T12:57:56+03:00,1789552676,1271,65,3,30.3,38.3,,run
2026-09-16T12:58:01+03:00,1789552681,1276,65,3,30.3,38.6,,run
2026-09-16T12:58:06+03:00,1789552686,1281,65,3,30.3,38.3,,run
2026-09-16T12:58:11+03:00,1789552691,1286,65,3,30.3,38.3,,run
2026-09-16T12:58:17+03:00,1789552697,1292,65,3,30.3,38.9,,run
2026-09-16T12:58:22+03:00,1789552702,1297,65,3,30.3,38.6,,run
2026-09-16T12:58:27+03:00,1789552707,1302,65,3,30.3,38.6,,run
2026-09-16T12:58:32+03:00,1789552712,1307,65,3,30.3,37.4,,run
2026-09-16T12:58:37+03:00,1789552717,1312,65,3,30.3,38.0,,run
2026-09-16T12:58:43+03:00,1789552723,1318,65,3,30.3,38.0,,run
2026-09-16T12:58:48+03:00,1789552728,1323,65,3,30.3,37.7,,run
2026-09-16T12:58:53+03:00,1789552733,1328,65,3,30.3,37.4,,run
2026-09-16T12:58:58+03:00,1789552738,1333,65,3,30.3,38.0,,run
2026-09-16T12:59:03+03:00,1789552743,1338,65,3,30.3,38.0,,run
2026-09-16T12:59:09+03:00,1789552749,1344,65,3,30.3,38.3,,run
2026-09-16T12:59:14+03:00,1789552754,1349,65,3,30.3,41.1,,run
2026-09-16T12:59:19+03:00,1789552759,1354,65,3,30.3,38.6,,run
2026-09-16T12:59:24+03:00,1789552764,1359,65,3,30.3,38.0,,run
2026-09-16T12:59:30+03:00,1789552770,1365,65,3,30.3,37.7,,run
2026-09-16T12:59:35+03:00,1789552775,1370,65,3,30.3,38.3,,run
2026-09-16T12:59:40+03:00,1789552780,1375,65,3,30.3,38.0,,run
2026-09-16T12:59:45+03:00,1789552785,1380,65,3,30.3,37.7,,run
2026-09-16T12:59:50+03:00,1789552790,1385,65,3,30.3,38.3,,run
2026-09-16T12:59:56+03:00,1789552796,1391,65,3,30.3,37.4,,run
2026-09-16T13:00:01+03:00,1789552801,1396,65,3,30.3,38.0,,run
2026-09-16T13:00:06+03:00,1789552806,1401,65,3,30.3,38.6,,run
2026-09-16T13:00:11+03:00,1789552811,1406,65,3,30.3,38.3,,run
2026-09-16T13:00:17+03:00,1789552817,1412,65,3,30.3,37.1,,run
2026-09-16T13:00:22+03:00,1789552822,1417,65,3,30.3,37.7,,run
2026-09-16T13:00:27+03:00,1789552827,1422,65,3,30.3,37.4,,run
2026-09-16T13:00:32+03:00,1789552832,1427,65,3,30.3,37.7,,run
2026-09-16T13:00:37+03:00,1789552837,1432,65,3,30.3,38.3,,run
2026-09-16T13:00:43+03:00,1789552843,1438,65,3,30.3,38.3,,run
2026-09-16T13:00:48+03:00,1789552848,1443,65,3,30.3,38.0,,run
2026-09-16T13:00:53+03:00,1789552853,1448,65,3,30.3,46.7,,run
2026-09-16T13:00:58+03:00,1789552858,1453,65,3,30.3,38.6,,run
2026-09-16T13:01:04+03:00,1789552864,1459,65,3,30.3,37.7,,run
2026-09-16T13:01:09+03:00,1789552869,1464,65,3,30.3,38.0,,run
2026-09-16T13:01:14+03:00,1789552874,1469,65,3,30.3,37.1,,run
2026-09-16T13:01:19+03:00,1789552879,1474,65,3,30.3,48.5,,run
2026-09-16T13:01:25+03:00,1789552885,1480,65,3,30.3,39.8,,run
2026-09-16T13:01:30+03:00,1789552890,1485,65,3,30.3,38.9,,run
2026-09-16T13:01:35+03:00,1789552895,1490,65,3,30.3,38.9,,run
2026-09-16T13:01:40+03:00,1789552900,1495,65,3,30.3,37.7,,run
2026-09-16T13:01:45+03:00,1789552905,1500,65,3,30.3,38.6,,run
2026-09-16T13:01:51+03:00,1789552911,1506,65,3,30.3,38.3,,run
2026-09-16T13:01:56+03:00,1789552916,1511,65,3,30.3,38.3,,run
2026-09-16T13:02:01+03:00,1789552921,1516,65,3,30.3,38.6,,run
2026-09-16T13:02:06+03:00,1789552926,1521,65,3,30.3,38.9,,run
2026-09-16T13:02:11+03:00,1789552931,1526,65,3,30.3,39.2,,run
2026-09-16T13:02:17+03:00,1789552937,1532,65,3,30.3,37.7,,run
2026-09-16T13:02:22+03:00,1789552942,1537,65,3,30.3,38.0,,run
2026-09-16T13:02:27+03:00,1789552947,1542,65,3,30.3,38.3,,run
2026-09-16T13:02:32+03:00,1789552952,1547,65,3,30.3,44.8,,run
2026-09-16T13:02:38+03:00,1789552958,1553,65,3,30.3,44.5,,run
2026-09-16T13:02:43+03:00,1789552963,1558,65,3,30.3,43.6,,run
2026-09-16T13:02:48+03:00,1789552968,1563,65,3,30.3,38.0,,run
2026-09-16T13:02:53+03:00,1789552973,1568,65,3,30.3,38.3,,run
2026-09-16T13:02:58+03:00,1789552978,1573,65,3,30.3,38.0,,run
2026-09-16T13:03:04+03:00,1789552984,1579,65,3,30.3,37.4,,run
2026-09-16T13:03:09+03:00,1789552989,1584,65,3,30.3,37.1,,run
2026-09-16T13:03:14+03:00,1789552994,1589,65,3,30.3,37.7,,run
2026-09-16T13:03:19+03:00,1789552999,1594,65,3,30.3,48.2,,run
2026-09-16T13:03:25+03:00,1789553005,1600,65,3,30.3,38.9,,run
2026-09-16T13:03:30+03:00,1789553010,1605,65,3,30.3,38.0,,run
2026-09-16T13:03:35+03:00,1789553015,1610,65,3,30.3,39.5,,run
2026-09-16T13:03:40+03:00,1789553020,1615,65,3,30.3,39.8,,run
2026-09-16T13:03:45+03:00,1789553025,1620,65,3,30.3,39.5,,run
2026-09-16T13:03:51+03:00,1789553031,1626,65,3,30.3,38.6,,run
2026-09-16T13:03:56+03:00,1789553036,1631,65,3,30.3,37.7,,run
2026-09-16T13:04:01+03:00,1789553041,1636,65,3,30.3,38.0,,run
2026-09-16T13:04:06+03:00,1789553046,1641,65,3,30.3,38.6,,run
2026-09-16T13:04:11+03:00,1789553051,1646,65,3,30.3,38.3,,run
2026-09-16T13:04:17+03:00,1789553057,1652,65,3,30.3,38.0,,run
2026-09-16T13:04:22+03:00,1789553062,1657,65,3,30.3,37.7,,run
2026-09-16T13:04:27+03:00,1789553067,1662,65,3,30.3,37.7,,run
2026-09-16T13:04:32+03:00,1789553072,1667,65,3,30.3,45.4,,run
2026-09-16T13:04:38+03:00,1789553078,1673,65,3,30.3,38.9,,run
2026-09-16T13:04:43+03:00,1789553083,1678,65,3,30.0,40.5,,run
2026-09-16T13:04:48+03:00,1789553088,1683,65,3,30.0,38.3,,run
2026-09-16T13:04:53+03:00,1789553093,1688,65,3,30.0,37.4,,run
2026-09-16T13:04:59+03:00,1789553099,1694,65,3,30.0,46.3,,run
2026-09-16T13:05:04+03:00,1789553104,1699,65,3,30.0,39.8,,run
2026-09-16T13:05:09+03:00,1789553109,1704,65,3,30.0,38.6,,run
2026-09-16T13:05:15+03:00,1789553115,1710,65,3,30.0,39.8,,run
2026-09-16T13:05:20+03:00,1789553120,1715,65,3,30.0,38.9,,run
2026-09-16T13:05:25+03:00,1789553125,1720,65,3,30.0,38.6,,run
2026-09-16T13:05:30+03:00,1789553130,1725,65,3,30.0,39.2,,run
2026-09-16T13:05:35+03:00,1789553135,1730,65,3,30.0,39.2,,run
2026-09-16T13:05:41+03:00,1789553141,1736,65,3,30.0,38.3,,run
2026-09-16T13:05:46+03:00,1789553146,1741,65,3,30.0,38.6,,run
2026-09-16T13:05:51+03:00,1789553151,1746,65,3,30.0,38.3,,run
2026-09-16T13:05:56+03:00,1789553156,1751,65,3,30.0,38.9,,run
2026-09-16T13:06:02+03:00,1789553162,1757,65,3,30.0,38.0,,run
2026-09-16T13:06:07+03:00,1789553167,1762,65,3,30.0,38.3,,run
2026-09-16T13:06:12+03:00,1789553172,1767,65,3,30.0,43.9,,run
2026-09-16T13:06:17+03:00,1789553177,1772,65,3,30.0,45.1,,run
2026-09-16T13:06:22+03:00,1789553182,1777,65,3,30.0,41.1,,run
2026-09-16T13:06:28+03:00,1789553188,1783,65,3,30.0,38.0,,run
2026-09-16T13:06:33+03:00,1789553193,1788,65,3,30.0,38.3,,run
2026-09-16T13:06:38+03:00,1789553198,1793,65,3,30.0,38.6,,run
2026-09-16T13:06:43+03:00,1789553203,1798,65,3,30.0,36.8,,run
2026-09-16T13:06:49+03:00,1789553209,1804,65,3,30.0,36.8,,run
2026-09-16T13:06:54+03:00,1789553214,1809,65,3,30.0,37.7,,run
2026-09-16T13:06:59+03:00,1789553219,1814,65,3,30.0,47.9,,run
2026-09-16T13:07:05+03:00,1789553225,1820,65,3,30.0,41.1,,run
2026-09-16T13:07:10+03:00,1789553230,1825,65,3,30.0,39.8,,run
2026-09-16T13:07:15+03:00,1789553235,1830,65,3,30.0,39.2,,run
2026-09-16T13:07:20+03:00,1789553240,1835,65,3,30.0,38.0,,run
2026-09-16T13:07:25+03:00,1789553245,1840,65,3,30.0,37.7,,run
2026-09-16T13:07:31+03:00,1789553251,1846,65,3,30.0,38.6,,run
2026-09-16T13:07:36+03:00,1789553256,1851,65,3,30.0,38.3,,run
2026-09-16T13:07:41+03:00,1789553261,1856,65,3,30.0,38.6,,run
2026-09-16T13:07:46+03:00,1789553266,1861,65,3,30.0,38.0,,run
2026-09-16T13:07:51+03:00,1789553271,1866,65,3,30.0,38.0,,run
2026-09-16T13:07:57+03:00,1789553277,1872,65,3,30.0,38.0,,run
2026-09-16T13:08:02+03:00,1789553282,1877,65,3,30.0,37.7,,run
2026-09-16T13:08:07+03:00,1789553287,1882,65,3,30.0,38.0,,run
2026-09-16T13:08:12+03:00,1789553292,1887,65,3,30.0,37.7,,run
2026-09-16T13:08:18+03:00,1789553298,1893,65,3,30.0,50.1,,run
2026-09-16T13:08:23+03:00,1789553303,1898,65,3,30.0,39.8,,run
2026-09-16T13:08:28+03:00,1789553308,1903,65,3,30.0,38.3,,run
2026-09-16T13:08:33+03:00,1789553313,1908,65,3,30.0,38.6,,run
2026-09-16T13:08:38+03:00,1789553318,1913,65,3,30.0,37.7,,run
2026-09-16T13:08:44+03:00,1789553324,1919,65,3,30.0,38.0,,run
2026-09-16T13:08:49+03:00,1789553329,1924,65,3,30.0,38.0,,run
2026-09-16T13:08:54+03:00,1789553334,1929,65,3,30.0,38.0,,run
2026-09-16T13:08:59+03:00,1789553339,1934,65,3,30.0,49.4,,run
2026-09-16T13:09:05+03:00,1789553345,1940,65,3,30.0,40.8,,run
2026-09-16T13:09:10+03:00,1789553350,1945,65,3,30.0,40.8,,run
2026-09-16T13:09:15+03:00,1789553355,1950,64,3,30.2,38.6,,run
2026-09-16T13:09:21+03:00,1789553361,1956,64,3,30.2,38.3,,run
2026-09-16T13:09:26+03:00,1789553366,1961,64,3,30.2,39.2,,run
2026-09-16T13:09:31+03:00,1789553371,1966,64,3,30.2,38.6,,run
2026-09-16T13:09:36+03:00,1789553376,1971,64,3,30.2,38.0,,run
2026-09-16T13:09:41+03:00,1789553381,1976,64,3,30.2,38.6,,run
2026-09-16T13:09:47+03:00,1789553387,1982,64,3,30.2,39.5,,run
2026-09-16T13:09:52+03:00,1789553392,1987,64,3,30.2,38.6,,run
2026-09-16T13:09:57+03:00,1789553397,1992,64,3,30.2,38.0,,run
2026-09-16T13:10:02+03:00,1789553402,1997,64,3,30.2,38.9,,run
2026-09-16T13:10:07+03:00,1789553407,2002,64,3,30.2,38.3,,run
2026-09-16T13:10:13+03:00,1789553413,2008,64,3,30.2,38.3,,run
2026-09-16T13:10:18+03:00,1789553418,2013,64,3,30.2,49.4,,run
2026-09-16T13:10:23+03:00,1789553423,2018,64,3,30.2,39.8,,run
2026-09-16T13:10:28+03:00,1789553428,2023,64,3,30.2,38.0,,run
2026-09-16T13:10:34+03:00,1789553434,2029,64,3,30.2,38.3,,run
2026-09-16T13:10:39+03:00,1789553439,2034,64,3,30.2,37.1,,run
2026-09-16T13:10:44+03:00,1789553444,2039,64,3,30.2,37.4,,run
2026-09-16T13:10:49+03:00,1789553449,2044,64,3,30.2,37.4,,run
2026-09-16T13:10:55+03:00,1789553455,2050,64,3,30.2,37.4,,run
2026-09-16T13:11:00+03:00,1789553460,2055,64,3,30.2,50.1,,run
2026-09-16T13:11:05+03:00,1789553465,2060,64,3,30.2,41.4,,run
2026-09-16T13:11:10+03:00,1789553470,2065,64,3,30.2,39.5,,run
2026-09-16T13:11:16+03:00,1789553476,2071,64,3,30.2,39.5,,run
2026-09-16T13:11:21+03:00,1789553481,2076,64,3,30.2,39.5,,run
2026-09-16T13:11:26+03:00,1789553486,2081,64,3,30.2,39.5,,run
2026-09-16T13:11:31+03:00,1789553491,2086,64,3,30.2,39.5,,run
2026-09-16T13:11:36+03:00,1789553496,2091,64,3,30.2,39.2,,run
2026-09-16T13:11:42+03:00,1789553502,2097,64,3,30.2,37.7,,run
2026-09-16T13:11:47+03:00,1789553507,2102,64,3,30.2,38.6,,run
2026-09-16T13:11:52+03:00,1789553512,2107,64,3,30.2,37.7,,run
2026-09-16T13:11:57+03:00,1789553517,2112,64,3,30.2,38.3,,run
2026-09-16T13:12:02+03:00,1789553522,2117,64,3,30.2,39.8,,run
2026-09-16T13:12:08+03:00,1789553528,2123,64,3,30.2,38.0,,run
2026-09-16T13:12:13+03:00,1789553533,2128,64,3,30.2,45.7,,run
2026-09-16T13:12:18+03:00,1789553538,2133,64,3,30.2,48.2,,run
2026-09-16T13:12:23+03:00,1789553543,2138,64,3,30.2,42.3,,run
2026-09-16T13:12:29+03:00,1789553549,2144,64,3,30.2,39.2,,run
2026-09-16T13:12:34+03:00,1789553554,2149,64,3,30.2,38.3,,run
2026-09-16T13:12:39+03:00,1789553559,2154,64,3,30.2,38.3,,run
2026-09-16T13:12:44+03:00,1789553564,2159,64,3,30.2,52.2,,run
2026-09-16T13:12:50+03:00,1789553570,2165,64,3,30.2,40.8,,run
2026-09-16T13:12:55+03:00,1789553575,2170,64,3,30.2,40.2,,run
2026-09-16T13:13:00+03:00,1789553580,2175,64,3,30.2,40.2,,run
2026-09-16T13:13:05+03:00,1789553585,2180,64,3,30.2,38.9,,run
2026-09-16T13:13:10+03:00,1789553590,2185,64,3,30.2,39.2,,run
2026-09-16T13:13:16+03:00,1789553596,2191,64,3,30.2,39.2,,run
2026-09-16T13:13:21+03:00,1789553601,2196,64,3,30.2,39.5,,run
2026-09-16T13:13:26+03:00,1789553606,2201,64,3,30.2,38.9,,run
2026-09-16T13:13:31+03:00,1789553611,2206,64,3,30.2,38.3,,run
2026-09-16T13:13:37+03:00,1789553617,2212,64,3,30.2,39.2,,run
2026-09-16T13:13:42+03:00,1789553622,2217,64,3,30.2,38.3,,run
2026-09-16T13:13:47+03:00,1789553627,2222,64,3,30.2,38.6,,run
2026-09-16T13:13:52+03:00,1789553632,2227,64,3,30.2,38.9,,run
2026-09-16T13:13:57+03:00,1789553637,2232,64,3,30.2,43.6,,run
2026-09-16T13:14:03+03:00,1789553643,2238,64,3,30.2,40.8,,run
2026-09-16T13:14:08+03:00,1789553648,2243,64,3,30.2,40.2,,run
2026-09-16T13:14:13+03:00,1789553653,2248,64,3,30.2,37.7,,run
2026-09-16T13:14:18+03:00,1789553658,2253,64,3,30.2,38.0,,run
2026-09-16T13:14:24+03:00,1789553664,2259,64,3,30.2,37.7,,run
2026-09-16T13:14:29+03:00,1789553669,2264,64,3,30.2,37.7,,run
2026-09-16T13:14:34+03:00,1789553674,2269,64,3,30.2,37.4,,run
2026-09-16T13:14:39+03:00,1789553679,2274,64,3,30.2,36.8,,run
2026-09-16T13:14:45+03:00,1789553685,2280,64,3,30.2,51.0,,run
2026-09-16T13:14:50+03:00,1789553690,2285,64,3,30.2,39.2,,run
2026-09-16T13:14:55+03:00,1789553695,2290,64,3,30.2,38.9,,run
2026-09-16T13:15:00+03:00,1789553700,2295,64,3,30.2,38.0,,run
2026-09-16T13:15:05+03:00,1789553705,2300,64,3,30.2,38.3,,run
2026-09-16T13:15:11+03:00,1789553711,2306,64,3,30.2,37.7,,run
2026-09-16T13:15:16+03:00,1789553716,2311,64,3,30.2,40.2,,run
2026-09-16T13:15:21+03:00,1789553721,2316,64,3,30.2,39.2,,run
2026-09-16T13:15:26+03:00,1789553726,2321,64,3,30.2,38.6,,run
2026-09-16T13:15:32+03:00,1789553732,2327,64,3,30.2,38.6,,run
2026-09-16T13:15:37+03:00,1789553737,2332,64,3,30.2,38.6,,run
2026-09-16T13:15:42+03:00,1789553742,2337,64,3,30.2,38.6,,run
2026-09-16T13:15:47+03:00,1789553747,2342,64,3,30.2,38.6,,run
2026-09-16T13:15:52+03:00,1789553752,2347,64,3,30.2,38.6,,run
2026-09-16T13:15:58+03:00,1789553758,2353,64,3,30.2,45.7,,run
2026-09-16T13:16:03+03:00,1789553763,2358,64,3,30.2,43.6,,run
2026-09-16T13:16:08+03:00,1789553768,2363,64,3,30.2,42.9,,run
2026-09-16T13:16:13+03:00,1789553773,2368,64,3,30.2,37.7,,run
2026-09-16T13:16:19+03:00,1789553779,2374,64,3,30.2,37.4,,run
2026-09-16T13:16:24+03:00,1789553784,2379,64,3,30.2,38.3,,run
2026-09-16T13:16:29+03:00,1789553789,2384,64,3,30.2,38.6,,run
2026-09-16T13:16:34+03:00,1789553794,2389,64,3,30.2,39.8,,run
2026-09-16T13:16:40+03:00,1789553800,2395,64,3,30.2,43.6,,run
2026-09-16T13:16:45+03:00,1789553805,2400,64,3,30.2,38.9,,run
2026-09-16T13:16:50+03:00,1789553810,2405,64,3,30.2,39.2,,run
2026-09-16T13:16:55+03:00,1789553815,2410,64,3,30.2,38.0,,run
2026-09-16T13:17:00+03:00,1789553820,2415,64,3,30.2,38.6,,run
2026-09-16T13:17:06+03:00,1789553826,2421,64,3,30.2,38.9,,run
2026-09-16T13:17:11+03:00,1789553831,2426,64,3,30.2,38.0,,run
2026-09-16T13:17:16+03:00,1789553836,2431,64,3,30.2,38.3,,run
2026-09-16T13:17:21+03:00,1789553841,2436,64,3,30.2,38.3,,run
2026-09-16T13:17:26+03:00,1789553846,2441,64,3,30.2,38.6,,run
2026-09-16T13:17:32+03:00,1789553852,2447,64,3,30.2,38.6,,run
2026-09-16T13:17:37+03:00,1789553857,2452,64,3,30.2,37.4,,run
2026-09-16T13:17:42+03:00,1789553862,2457,64,3,30.2,38.6,,run
2026-09-16T13:17:47+03:00,1789553867,2462,64,3,30.2,37.7,,run
2026-09-16T13:17:53+03:00,1789553873,2468,64,3,30.2,48.2,,run
2026-09-16T13:17:58+03:00,1789553878,2473,64,3,30.2,39.8,,run
2026-09-16T13:18:03+03:00,1789553883,2478,64,3,30.2,39.5,,run
2026-09-16T13:18:08+03:00,1789553888,2483,64,3,30.2,37.7,,run
2026-09-16T13:18:14+03:00,1789553894,2489,64,3,30.2,38.0,,run
2026-09-16T13:18:19+03:00,1789553899,2494,64,3,30.2,37.4,,run
2026-09-16T13:18:24+03:00,1789553904,2499,64,3,30.2,37.7,,run
2026-09-16T13:18:29+03:00,1789553909,2504,64,3,30.2,37.7,,run
2026-09-16T13:18:35+03:00,1789553915,2510,64,3,30.2,46.3,,run
2026-09-16T13:18:40+03:00,1789553920,2515,64,3,30.2,41.4,,run
2026-09-16T13:18:45+03:00,1789553925,2520,64,3,30.2,38.3,,run
2026-09-16T13:18:51+03:00,1789553931,2526,64,3,30.2,38.9,,run
2026-09-16T13:18:56+03:00,1789553936,2531,64,3,30.2,38.9,,run
2026-09-16T13:19:01+03:00,1789553941,2536,64,3,30.2,38.3,,run
2026-09-16T13:19:06+03:00,1789553946,2541,64,3,30.2,38.0,,run
2026-09-16T13:19:11+03:00,1789553951,2546,64,3,30.2,38.0,,run
2026-09-16T13:19:17+03:00,1789553957,2552,64,3,30.2,38.9,,run
2026-09-16T13:19:22+03:00,1789553962,2557,64,3,30.2,38.9,,run
2026-09-16T13:19:27+03:00,1789553967,2562,64,3,30.2,38.3,,run
2026-09-16T13:19:32+03:00,1789553972,2567,64,3,30.2,38.9,,run
2026-09-16T13:19:37+03:00,1789553977,2572,64,3,30.2,38.9,,run
2026-09-16T13:19:43+03:00,1789553983,2578,64,3,30.2,38.3,,run
2026-09-16T13:19:48+03:00,1789553988,2583,64,3,30.2,38.9,,run
2026-09-16T13:19:53+03:00,1789553993,2588,64,3,30.2,50.1,,run
2026-09-16T13:19:59+03:00,1789553999,2594,64,3,30.2,39.2,,run
2026-09-16T13:20:04+03:00,1789554004,2599,64,3,30.2,38.9,,run
2026-09-16T13:20:09+03:00,1789554009,2604,64,3,30.2,38.6,,run
2026-09-16T13:20:14+03:00,1789554014,2609,64,3,30.2,38.0,,run
2026-09-16T13:20:19+03:00,1789554019,2614,64,3,30.2,50.1,,run
2026-09-16T13:20:25+03:00,1789554025,2620,64,3,30.2,41.4,,run
2026-09-16T13:20:30+03:00,1789554030,2625,64,3,30.2,39.2,,run
2026-09-16T13:20:35+03:00,1789554035,2630,64,3,30.2,38.9,,run
2026-09-16T13:20:40+03:00,1789554040,2635,64,3,30.2,39.2,,run
2026-09-16T13:20:46+03:00,1789554046,2641,64,3,30.2,38.6,,run
2026-09-16T13:20:51+03:00,1789554051,2646,64,3,30.2,39.5,,run
2026-09-16T13:20:56+03:00,1789554056,2651,64,3,30.2,38.3,,run
2026-09-16T13:21:01+03:00,1789554061,2656,64,3,30.2,38.0,,run
2026-09-16T13:21:07+03:00,1789554067,2662,64,3,30.2,39.2,,run
2026-09-16T13:21:12+03:00,1789554072,2667,64,3,30.2,38.9,,run
2026-09-16T13:21:17+03:00,1789554077,2672,64,3,30.2,38.0,,run
2026-09-16T13:21:22+03:00,1789554082,2677,64,3,30.2,38.9,,run
2026-09-16T13:21:27+03:00,1789554087,2682,64,3,30.2,38.0,,run
2026-09-16T13:21:33+03:00,1789554093,2688,64,3,30.2,46.3,,run
2026-09-16T13:21:38+03:00,1789554098,2693,64,3,30.2,45.1,,run
2026-09-16T13:21:43+03:00,1789554103,2698,64,3,30.2,44.2,,run
2026-09-16T13:21:48+03:00,1789554108,2703,64,3,30.2,38.6,,run
2026-09-16T13:21:53+03:00,1789554113,2708,64,3,30.2,37.7,,run
2026-09-16T13:21:59+03:00,1789554119,2714,64,3,30.2,38.6,,run
2026-09-16T13:22:04+03:00,1789554124,2719,64,3,30.2,44.2,,run
2026-09-16T13:22:09+03:00,1789554129,2724,64,3,30.2,40.5,,run
2026-09-16T13:22:14+03:00,1789554134,2729,64,3,30.2,39.5,,run
2026-09-16T13:22:20+03:00,1789554140,2735,64,3,30.2,39.8,,run
2026-09-16T13:22:25+03:00,1789554145,2740,64,3,30.2,38.6,,run
2026-09-16T13:22:30+03:00,1789554150,2745,64,3,30.2,39.2,,run
2026-09-16T13:22:35+03:00,1789554155,2750,64,3,30.2,38.3,,run
2026-09-16T13:22:41+03:00,1789554161,2756,64,3,30.2,39.2,,run
2026-09-16T13:22:46+03:00,1789554166,2761,64,3,30.2,38.9,,run
2026-09-16T13:22:51+03:00,1789554171,2766,64,3,30.2,39.2,,run
2026-09-16T13:22:56+03:00,1789554176,2771,64,3,30.2,37.7,,run
2026-09-16T13:23:01+03:00,1789554181,2776,64,3,30.2,38.0,,run
2026-09-16T13:23:07+03:00,1789554187,2782,64,3,30.2,38.6,,run
2026-09-16T13:23:12+03:00,1789554192,2787,64,3,30.2,42.6,,run
2026-09-16T13:23:17+03:00,1789554197,2792,64,3,30.2,47.3,,run
2026-09-16T13:23:23+03:00,1789554203,2798,64,3,30.2,39.5,,run
2026-09-16T13:23:28+03:00,1789554208,2803,64,3,30.2,40.5,,run
2026-09-16T13:23:33+03:00,1789554213,2808,64,3,30.2,38.0,,run
2026-09-16T13:23:38+03:00,1789554218,2813,64,3,30.2,38.3,,run
2026-09-16T13:23:43+03:00,1789554223,2818,64,3,30.2,38.0,,run
2026-09-16T13:23:49+03:00,1789554229,2824,64,3,30.2,38.0,,run
2026-09-16T13:23:54+03:00,1789554234,2829,64,3,30.2,37.4,,run
2026-09-16T13:23:59+03:00,1789554239,2834,64,3,30.2,37.7,,run
2026-09-16T13:24:04+03:00,1789554244,2839,64,3,30.2,51.3,,run
2026-09-16T13:24:10+03:00,1789554250,2845,64,3,30.2,39.2,,run
2026-09-16T13:24:15+03:00,1789554255,2850,64,3,30.2,39.5,,run
2026-09-16T13:24:20+03:00,1789554260,2855,64,3,30.2,38.9,,run
2026-09-16T13:24:25+03:00,1789554265,2860,64,3,30.2,38.6,,run
2026-09-16T13:24:31+03:00,1789554271,2866,64,3,30.2,38.9,,run
2026-09-16T13:24:36+03:00,1789554276,2871,64,3,30.2,38.3,,run
2026-09-16T13:24:41+03:00,1789554281,2876,64,3,30.2,38.6,,run
2026-09-16T13:24:46+03:00,1789554286,2881,64,3,30.2,38.6,,run
2026-09-16T13:24:51+03:00,1789554291,2886,64,3,30.2,38.6,,run
2026-09-16T13:24:57+03:00,1789554297,2892,64,3,30.2,38.3,,run
2026-09-16T13:25:02+03:00,1789554302,2897,64,3,30.2,38.0,,run
2026-09-16T13:25:07+03:00,1789554307,2902,64,3,30.2,38.9,,run
2026-09-16T13:25:12+03:00,1789554312,2907,64,3,30.2,37.4,,run
2026-09-16T13:25:17+03:00,1789554317,2912,63,3,30.2,39.5,,run
2026-09-16T13:25:23+03:00,1789554323,2918,63,3,30.2,47.6,,run
2026-09-16T13:25:28+03:00,1789554328,2923,63,3,30.2,39.5,,run
2026-09-16T13:25:33+03:00,1789554333,2928,63,3,30.2,39.2,,run
2026-09-16T13:25:38+03:00,1789554338,2933,63,3,30.2,37.7,,run
2026-09-16T13:25:44+03:00,1789554344,2939,63,3,30.2,38.0,,run
2026-09-16T13:25:49+03:00,1789554349,2944,63,3,30.2,37.7,,run
2026-09-16T13:25:54+03:00,1789554354,2949,63,3,30.2,38.0,,run
2026-09-16T13:25:59+03:00,1789554359,2954,63,3,30.2,36.8,,run
2026-09-16T13:26:05+03:00,1789554365,2960,63,3,30.2,47.0,,run
2026-09-16T13:26:10+03:00,1789554370,2965,63,3,30.2,41.7,,run
2026-09-16T13:26:15+03:00,1789554375,2970,63,3,30.2,39.2,,run
2026-09-16T13:26:21+03:00,1789554381,2976,63,3,30.2,38.6,,run
2026-09-16T13:26:26+03:00,1789554386,2981,63,3,30.2,38.3,,run
2026-09-16T13:26:31+03:00,1789554391,2986,63,3,30.2,38.6,,run
2026-09-16T13:26:36+03:00,1789554396,2991,63,3,30.2,38.9,,run
2026-09-16T13:26:41+03:00,1789554401,2996,63,3,30.2,38.3,,run
2026-09-16T13:26:47+03:00,1789554407,3002,63,3,30.2,38.3,,run
2026-09-16T13:26:52+03:00,1789554412,3007,63,3,30.2,37.7,,run
2026-09-16T13:26:57+03:00,1789554417,3012,63,3,30.2,37.4,,run
2026-09-16T13:27:02+03:00,1789554422,3017,63,3,30.2,38.6,,run
2026-09-16T13:27:07+03:00,1789554427,3022,63,3,30.2,38.6,,run
2026-09-16T13:27:13+03:00,1789554433,3028,63,3,30.2,38.6,,run
2026-09-16T13:27:18+03:00,1789554438,3033,63,3,30.2,37.7,,run
2026-09-16T13:27:23+03:00,1789554443,3038,63,3,30.2,51.0,,run
2026-09-16T13:27:29+03:00,1789554449,3044,63,3,30.2,39.5,,run
2026-09-16T13:27:34+03:00,1789554454,3049,63,3,30.2,39.2,,run
2026-09-16T13:27:39+03:00,1789554459,3054,63,3,30.2,38.0,,run
2026-09-16T13:27:44+03:00,1789554464,3059,63,3,30.2,38.6,,run
2026-09-16T13:27:49+03:00,1789554469,3064,63,3,30.2,38.3,,run
2026-09-16T13:27:55+03:00,1789554475,3070,63,3,30.2,38.0,,run
2026-09-16T13:28:00+03:00,1789554480,3075,63,3,30.2,37.4,,run
2026-09-16T13:28:05+03:00,1789554485,3080,63,3,30.2,40.2,,run
2026-09-16T13:28:10+03:00,1789554490,3085,63,3,30.2,44.2,,run
2026-09-16T13:28:16+03:00,1789554496,3091,63,3,30.2,39.5,,run
2026-09-16T13:28:21+03:00,1789554501,3096,63,3,30.2,39.5,,run
2026-09-16T13:28:26+03:00,1789554506,3101,63,3,30.2,37.7,,run
2026-09-16T13:28:31+03:00,1789554511,3106,63,3,30.2,38.3,,run
2026-09-16T13:28:37+03:00,1789554517,3112,63,3,30.2,38.3,,run
2026-09-16T13:28:42+03:00,1789554522,3117,63,3,30.2,38.6,,run
2026-09-16T13:28:47+03:00,1789554527,3122,63,3,30.2,37.7,,run
2026-09-16T13:28:52+03:00,1789554532,3127,63,3,30.2,37.7,,run
2026-09-16T13:28:57+03:00,1789554537,3132,63,3,30.2,38.9,,run
2026-09-16T13:29:03+03:00,1789554543,3138,63,3,30.2,38.3,,run
2026-09-16T13:29:08+03:00,1789554548,3143,63,3,30.2,38.0,,run
2026-09-16T13:29:13+03:00,1789554553,3148,63,3,30.2,38.3,,run
2026-09-16T13:29:18+03:00,1789554558,3153,63,3,30.2,38.9,,run
2026-09-16T13:29:24+03:00,1789554564,3159,63,3,30.2,50.4,,run
2026-09-16T13:29:29+03:00,1789554569,3164,63,3,30.2,40.2,,run
2026-09-16T13:29:34+03:00,1789554574,3169,63,3,30.2,39.5,,run
2026-09-16T13:29:39+03:00,1789554579,3174,63,3,30.2,38.3,,run
2026-09-16T13:29:45+03:00,1789554585,3180,63,3,30.2,37.4,,run
2026-09-16T13:29:50+03:00,1789554590,3185,63,3,30.2,37.7,,run
2026-09-16T13:29:55+03:00,1789554595,3190,63,3,30.2,37.4,,run
2026-09-16T13:30:00+03:00,1789554600,3195,63,3,30.2,37.1,,run
2026-09-16T13:30:06+03:00,1789554606,3201,63,3,30.2,47.6,,run
2026-09-16T13:30:11+03:00,1789554611,3206,63,3,30.2,42.0,,run
2026-09-16T13:30:16+03:00,1789554616,3211,63,3,30.2,38.6,,run
2026-09-16T13:30:21+03:00,1789554621,3216,63,3,30.2,38.9,,run
2026-09-16T13:30:27+03:00,1789554627,3222,63,3,30.2,38.3,,run
2026-09-16T13:30:32+03:00,1789554632,3227,63,3,30.2,38.0,,run
2026-09-16T13:30:37+03:00,1789554637,3232,63,3,30.2,38.6,,run
2026-09-16T13:30:42+03:00,1789554642,3237,63,3,30.2,38.0,,run
2026-09-16T13:30:48+03:00,1789554648,3243,63,3,30.2,38.9,,run
2026-09-16T13:30:53+03:00,1789554653,3248,63,3,30.2,38.9,,run
2026-09-16T13:30:58+03:00,1789554658,3253,63,3,30.2,38.6,,run
2026-09-16T13:31:03+03:00,1789554663,3258,63,3,30.2,37.7,,run
2026-09-16T13:31:08+03:00,1789554668,3263,63,3,30.2,38.3,,run
2026-09-16T13:31:14+03:00,1789554674,3269,63,3,30.2,38.9,,run
2026-09-16T13:31:19+03:00,1789554679,3274,63,3,30.2,38.0,,run
2026-09-16T13:31:24+03:00,1789554684,3279,63,3,30.2,47.9,,run
2026-09-16T13:31:29+03:00,1789554689,3284,63,3,30.2,40.2,,run
2026-09-16T13:31:35+03:00,1789554695,3290,63,3,30.2,38.0,,run
2026-09-16T13:31:40+03:00,1789554700,3295,63,3,30.2,38.0,,run
2026-09-16T13:31:45+03:00,1789554705,3300,63,3,30.2,37.7,,run
2026-09-16T13:31:50+03:00,1789554710,3305,63,3,30.2,37.1,,run
2026-09-16T13:31:55+03:00,1789554715,3310,63,3,30.2,37.4,,run
2026-09-16T13:32:01+03:00,1789554721,3316,63,3,30.2,36.8,,run
2026-09-16T13:32:06+03:00,1789554726,3321,63,3,30.2,50.7,,run
2026-09-16T13:32:11+03:00,1789554731,3326,63,3,30.2,41.1,,run
2026-09-16T13:32:17+03:00,1789554737,3332,63,3,30.2,38.9,,run
2026-09-16T13:32:22+03:00,1789554742,3337,63,3,30.2,38.3,,run
2026-09-16T13:32:27+03:00,1789554747,3342,63,3,30.2,38.9,,run
2026-09-16T13:32:32+03:00,1789554752,3347,63,3,30.2,38.0,,run
2026-09-16T13:32:38+03:00,1789554758,3353,63,3,30.2,38.0,,run
2026-09-16T13:32:43+03:00,1789554763,3358,63,3,30.2,38.0,,run
2026-09-16T13:32:48+03:00,1789554768,3363,63,3,30.2,39.5,,run
2026-09-16T13:32:53+03:00,1789554773,3368,63,3,30.2,38.9,,run
2026-09-16T13:32:58+03:00,1789554778,3373,63,3,30.2,38.3,,run
2026-09-16T13:33:04+03:00,1789554784,3379,63,3,30.2,38.6,,run
2026-09-16T13:33:09+03:00,1789554789,3384,63,3,30.2,38.6,,run
2026-09-16T13:33:14+03:00,1789554794,3389,63,3,30.2,37.7,,run
2026-09-16T13:33:19+03:00,1789554799,3394,63,3,30.2,42.9,,run
2026-09-16T13:33:24+03:00,1789554804,3399,63,3,30.2,49.1,,run
2026-09-16T13:33:30+03:00,1789554810,3405,63,3,30.2,40.5,,run
2026-09-16T13:33:35+03:00,1789554815,3410,63,3,30.2,38.9,,run
2026-09-16T13:33:40+03:00,1789554820,3415,63,3,30.2,38.9,,run
2026-09-16T13:33:45+03:00,1789554825,3420,63,3,30.2,38.3,,run
2026-09-16T13:33:51+03:00,1789554831,3426,63,3,30.2,38.3,,run
2026-09-16T13:33:56+03:00,1789554836,3431,63,3,30.2,36.8,,run
2026-09-16T13:34:01+03:00,1789554841,3436,63,3,30.2,38.3,,run
2026-09-16T13:34:06+03:00,1789554846,3441,63,3,30.2,50.4,,run
2026-09-16T13:34:12+03:00,1789554852,3447,63,3,30.2,40.5,,run
2026-09-16T13:34:17+03:00,1789554857,3452,63,3,30.2,39.5,,run
2026-09-16T13:34:22+03:00,1789554862,3457,63,3,30.2,38.6,,run
2026-09-16T13:34:27+03:00,1789554867,3462,63,3,30.2,38.6,,run
2026-09-16T13:34:32+03:00,1789554872,3467,63,3,30.2,38.9,,run
2026-09-16T13:34:38+03:00,1789554878,3473,63,3,30.2,38.9,,run
2026-09-16T13:34:43+03:00,1789554883,3478,63,3,30.0,38.0,,run
2026-09-16T13:34:48+03:00,1789554888,3483,63,3,30.0,38.3,,run
2026-09-16T13:34:53+03:00,1789554893,3488,63,3,30.0,37.7,,run
2026-09-16T13:34:59+03:00,1789554899,3494,63,3,30.0,37.7,,run
2026-09-16T13:35:04+03:00,1789554904,3499,63,3,30.0,38.9,,run
2026-09-16T13:35:09+03:00,1789554909,3504,63,3,30.0,38.3,,run
2026-09-16T13:35:14+03:00,1789554914,3509,63,3,30.0,38.6,,run
2026-09-16T13:35:19+03:00,1789554919,3514,63,3,30.0,43.6,,run
2026-09-16T13:35:25+03:00,1789554925,3520,63,3,30.0,44.5,,run
2026-09-16T13:35:30+03:00,1789554930,3525,63,3,30.0,42.3,,run
2026-09-16T13:35:35+03:00,1789554935,3530,63,3,30.0,38.9,,run
2026-09-16T13:35:40+03:00,1789554940,3535,63,3,30.0,38.0,,run
2026-09-16T13:35:46+03:00,1789554946,3541,63,3,30.0,37.4,,run
2026-09-16T13:35:51+03:00,1789554951,3546,63,3,30.0,37.4,,run
2026-09-16T13:35:56+03:00,1789554956,3551,63,3,30.0,37.4,,run
2026-09-16T13:36:01+03:00,1789554961,3556,63,3,30.0,38.0,,run
2026-09-16T13:36:06+03:00,1789554966,3561,63,3,30.0,50.4,,run
2026-09-16T13:36:12+03:00,1789554972,3567,63,3,30.0,39.8,,run
2026-09-16T13:36:17+03:00,1789554977,3572,63,3,30.0,38.3,,run
2026-09-16T13:36:22+03:00,1789554982,3577,63,3,30.0,38.0,,run
2026-09-16T13:36:27+03:00,1789554987,3582,63,3,30.0,38.0,,run
2026-09-16T13:36:33+03:00,1789554993,3588,63,3,30.0,37.7,,run
2026-09-16T13:36:38+03:00,1789554998,3593,63,3,30.0,38.6,,run
2026-09-16T13:36:43+03:00,1789555003,3598,63,3,30.0,38.3,,run
2026-09-16T13:36:48+03:00,1789555008,3603,63,3,30.0,38.0,,run
2026-09-16T13:36:53+03:00,1789555013,3608,63,3,30.0,38.0,,run
2026-09-16T13:36:59+03:00,1789555019,3614,63,3,30.0,38.6,,run
2026-09-16T13:37:04+03:00,1789555024,3619,63,3,30.0,38.3,,run
2026-09-16T13:37:09+03:00,1789555029,3624,63,3,30.0,38.0,,run
2026-09-16T13:37:14+03:00,1789555034,3629,63,3,30.0,38.0,,run
2026-09-16T13:37:20+03:00,1789555040,3635,63,3,30.0,38.6,,run
2026-09-16T13:37:25+03:00,1789555045,3640,63,3,30.0,43.9,,run
2026-09-16T13:37:30+03:00,1789555050,3645,63,3,30.0,38.6,,run
2026-09-16T13:37:35+03:00,1789555055,3650,63,3,30.0,38.3,,run
2026-09-16T13:37:40+03:00,1789555060,3655,63,3,30.0,37.7,,run
2026-09-16T13:37:46+03:00,1789555066,3661,63,3,30.0,37.4,,run
2026-09-16T13:37:51+03:00,1789555071,3666,63,3,30.0,38.0,,run
2026-09-16T13:37:56+03:00,1789555076,3671,63,3,30.0,37.1,,run
2026-09-16T13:38:01+03:00,1789555081,3676,63,3,30.0,36.4,,run
2026-09-16T13:38:07+03:00,1789555087,3682,63,3,30.0,49.7,,run
2026-09-16T13:38:12+03:00,1789555092,3687,63,3,30.0,40.8,,run
2026-09-16T13:38:17+03:00,1789555097,3692,63,3,30.0,38.6,,run
2026-09-16T13:38:22+03:00,1789555102,3697,63,3,30.0,39.2,,run
2026-09-16T13:38:28+03:00,1789555108,3703,63,3,30.0,38.9,,run
2026-09-16T13:38:33+03:00,1789555113,3708,63,3,30.0,38.9,,run
2026-09-16T13:38:38+03:00,1789555118,3713,63,3,30.0,39.8,,run
2026-09-16T13:38:43+03:00,1789555123,3718,63,3,30.0,38.6,,run
2026-09-16T13:38:49+03:00,1789555128,3723,63,3,30.0,38.6,,run
2026-09-16T13:38:54+03:00,1789555134,3729,63,3,30.0,38.0,,run
2026-09-16T13:38:59+03:00,1789555139,3734,63,3,30.0,38.0,,run
2026-09-16T13:39:04+03:00,1789555144,3739,63,3,30.0,38.6,,run
2026-09-16T13:39:09+03:00,1789555149,3744,63,3,30.0,38.0,,run
2026-09-16T13:39:15+03:00,1789555155,3750,63,3,30.0,38.3,,run
2026-09-16T13:39:20+03:00,1789555160,3755,63,3,30.0,43.9,,run
2026-09-16T13:39:25+03:00,1789555165,3760,63,3,30.0,49.7,,run
2026-09-16T13:39:30+03:00,1789555170,3765,63,3,30.0,39.5,,run
2026-09-16T13:39:36+03:00,1789555176,3771,63,3,30.0,38.9,,run
2026-09-16T13:39:41+03:00,1789555181,3776,63,3,30.0,38.3,,run
2026-09-16T13:39:46+03:00,1789555186,3781,63,3,30.0,37.7,,run
2026-09-16T13:39:51+03:00,1789555191,3786,63,3,30.0,52.5,,run
2026-09-16T13:39:56+03:00,1789555196,3791,63,3,30.0,39.8,,run
2026-09-16T13:40:02+03:00,1789555202,3797,63,3,30.0,39.5,,run
2026-09-16T13:40:07+03:00,1789555207,3802,63,3,30.0,38.9,,run
2026-09-16T13:40:12+03:00,1789555212,3807,62,3,30.1,39.8,,run
2026-09-16T13:40:17+03:00,1789555217,3812,62,3,30.1,39.2,,run
2026-09-16T13:40:23+03:00,1789555223,3818,62,3,30.1,39.2,,run
2026-09-16T13:40:28+03:00,1789555228,3823,62,3,30.1,38.9,,run
2026-09-16T13:40:33+03:00,1789555233,3828,62,3,30.1,38.3,,run
2026-09-16T13:40:38+03:00,1789555238,3833,62,3,30.1,38.0,,run
2026-09-16T13:40:43+03:00,1789555243,3838,62,3,30.1,39.2,,run
2026-09-16T13:40:49+03:00,1789555249,3844,62,3,30.1,38.3,,run
2026-09-16T13:40:54+03:00,1789555254,3849,62,3,30.1,38.6,,run
2026-09-16T13:40:59+03:00,1789555259,3854,62,3,30.1,38.3,,run
2026-09-16T13:41:04+03:00,1789555264,3859,62,3,30.1,42.3,,run
2026-09-16T13:41:10+03:00,1789555270,3865,62,3,30.1,42.0,,run
2026-09-16T13:41:15+03:00,1789555275,3870,62,3,30.1,39.5,,run
2026-09-16T13:41:20+03:00,1789555280,3875,62,3,30.1,38.9,,run
2026-09-16T13:41:25+03:00,1789555285,3880,62,3,30.1,37.1,,run
2026-09-16T13:41:30+03:00,1789555290,3885,62,3,30.1,37.1,,run
2026-09-16T13:41:36+03:00,1789555296,3891,62,3,30.1,38.0,,run
2026-09-16T13:41:41+03:00,1789555301,3896,62,3,30.1,37.4,,run
2026-09-16T13:41:46+03:00,1789555306,3901,62,3,30.1,37.4,,run
2026-09-16T13:41:51+03:00,1789555311,3906,62,3,30.1,50.4,,run
2026-09-16T13:41:57+03:00,1789555317,3912,62,3,30.1,38.9,,run
2026-09-16T13:42:02+03:00,1789555322,3917,62,3,30.1,39.2,,run
2026-09-16T13:42:07+03:00,1789555327,3922,62,3,30.1,38.0,,run
2026-09-16T13:42:12+03:00,1789555332,3927,62,3,30.1,37.7,,run
2026-09-16T13:42:17+03:00,1789555337,3932,62,3,30.1,38.0,,run
2026-09-16T13:42:23+03:00,1789555343,3938,62,3,30.1,38.3,,run
2026-09-16T13:42:28+03:00,1789555348,3943,62,3,30.1,38.3,,run
2026-09-16T13:42:33+03:00,1789555353,3948,62,3,30.1,38.6,,run
2026-09-16T13:42:38+03:00,1789555358,3953,62,3,30.1,37.4,,run
2026-09-16T13:42:44+03:00,1789555364,3959,62,3,30.1,38.3,,run
2026-09-16T13:42:49+03:00,1789555369,3964,62,3,30.1,38.9,,run
2026-09-16T13:42:54+03:00,1789555374,3969,62,3,30.1,38.6,,run
2026-09-16T13:42:59+03:00,1789555379,3974,62,3,30.1,37.4,,run
2026-09-16T13:43:04+03:00,1789555384,3979,62,3,30.1,46.0,,run
2026-09-16T13:43:10+03:00,1789555390,3985,62,3,30.1,42.3,,run
2026-09-16T13:43:15+03:00,1789555395,3990,62,3,30.1,42.6,,run
2026-09-16T13:43:20+03:00,1789555400,3995,62,3,30.1,38.0,,run
2026-09-16T13:43:25+03:00,1789555405,4000,62,3,30.1,37.1,,run
2026-09-16T13:43:31+03:00,1789555411,4006,62,3,30.1,37.4,,run
2026-09-16T13:43:36+03:00,1789555416,4011,62,3,30.1,37.1,,run
2026-09-16T13:43:41+03:00,1789555421,4016,62,3,30.1,37.4,,run
2026-09-16T13:43:46+03:00,1789555426,4021,62,3,30.1,37.1,,run
2026-09-16T13:43:51+03:00,1789555431,4026,62,3,30.1,46.7,,run
2026-09-16T13:43:57+03:00,1789555437,4032,62,3,30.1,38.9,,run
2026-09-16T13:44:02+03:00,1789555442,4037,62,3,30.1,38.9,,run
2026-09-16T13:44:07+03:00,1789555447,4042,62,3,30.1,38.3,,run
2026-09-16T13:44:12+03:00,1789555452,4047,62,3,30.1,38.0,,run
2026-09-16T13:44:18+03:00,1789555458,4053,62,3,30.1,39.8,,run
2026-09-16T13:44:23+03:00,1789555463,4058,62,3,30.1,38.0,,run
2026-09-16T13:44:28+03:00,1789555468,4063,62,3,30.1,38.0,,run
2026-09-16T13:44:33+03:00,1789555473,4068,62,3,30.1,38.6,,run
2026-09-16T13:44:38+03:00,1789555478,4073,62,3,30.1,38.9,,run
2026-09-16T13:44:44+03:00,1789555484,4079,62,3,29.9,38.6,,run
2026-09-16T13:44:49+03:00,1789555489,4084,62,3,29.9,38.6,,run
2026-09-16T13:44:54+03:00,1789555494,4089,62,3,29.9,38.6,,run
2026-09-16T13:44:59+03:00,1789555499,4094,62,3,29.9,38.9,,run
2026-09-16T13:45:04+03:00,1789555504,4099,62,3,29.9,46.3,,run
2026-09-16T13:45:10+03:00,1789555510,4105,62,3,29.9,40.8,,run
2026-09-16T13:45:15+03:00,1789555515,4110,62,3,29.9,39.2,,run
2026-09-16T13:45:20+03:00,1789555520,4115,62,3,29.9,38.0,,run
2026-09-16T13:45:26+03:00,1789555526,4121,62,3,29.9,38.0,,run
2026-09-16T13:45:31+03:00,1789555531,4126,62,3,29.9,46.7,,run
2026-09-16T13:45:36+03:00,1789555536,4131,62,3,29.9,41.7,,run
2026-09-16T13:45:41+03:00,1789555541,4136,62,3,29.9,38.6,,run
2026-09-16T13:45:47+03:00,1789555547,4142,62,3,29.9,38.9,,run
2026-09-16T13:45:52+03:00,1789555552,4147,62,3,29.9,38.0,,run
2026-09-16T13:45:57+03:00,1789555557,4152,62,3,29.9,38.6,,run
2026-09-16T13:46:02+03:00,1789555562,4157,62,3,29.9,39.2,,run
2026-09-16T13:46:07+03:00,1789555567,4162,62,3,29.9,38.0,,run
2026-09-16T13:46:13+03:00,1789555573,4168,62,3,29.9,38.3,,run
2026-09-16T13:46:18+03:00,1789555578,4173,62,3,29.9,38.0,,run
2026-09-16T13:46:23+03:00,1789555583,4178,62,3,29.9,38.6,,run
2026-09-16T13:46:28+03:00,1789555588,4183,62,3,29.9,38.3,,run
2026-09-16T13:46:34+03:00,1789555594,4189,62,3,29.9,38.9,,run
2026-09-16T13:46:39+03:00,1789555599,4194,62,3,29.9,38.6,,run
2026-09-16T13:46:44+03:00,1789555604,4199,62,3,29.9,37.7,,run
2026-09-16T13:46:49+03:00,1789555609,4204,62,3,29.9,47.3,,run
2026-09-16T13:46:54+03:00,1789555614,4209,62,3,29.9,38.9,,run
2026-09-16T13:47:00+03:00,1789555620,4215,62,3,29.9,38.6,,run
2026-09-16T13:47:05+03:00,1789555625,4220,62,3,29.9,38.6,,run
2026-09-16T13:47:10+03:00,1789555630,4225,62,3,29.9,37.7,,run
2026-09-16T13:47:15+03:00,1789555635,4230,62,3,29.9,38.3,,run
2026-09-16T13:47:21+03:00,1789555641,4236,62,3,29.9,37.4,,run
2026-09-16T13:47:26+03:00,1789555646,4241,62,3,29.9,37.1,,run
2026-09-16T13:47:31+03:00,1789555651,4246,62,3,29.9,37.4,,run
2026-09-16T13:47:36+03:00,1789555656,4251,62,3,29.9,49.4,,run
2026-09-16T13:47:42+03:00,1789555662,4257,62,3,29.9,41.1,,run
2026-09-16T13:47:47+03:00,1789555667,4262,62,3,29.9,39.8,,run
2026-09-16T13:47:52+03:00,1789555672,4267,62,3,29.9,38.6,,run
2026-09-16T13:47:57+03:00,1789555677,4272,62,3,29.9,38.6,,run
2026-09-16T13:48:02+03:00,1789555682,4277,62,3,29.9,38.3,,run
2026-09-16T13:48:08+03:00,1789555688,4283,62,3,29.9,38.6,,run
2026-09-16T13:48:13+03:00,1789555693,4288,62,3,29.9,38.0,,run
2026-09-16T13:48:18+03:00,1789555698,4293,62,3,29.9,37.7,,run
2026-09-16T13:48:23+03:00,1789555703,4298,62,3,29.9,38.6,,run
2026-09-16T13:48:29+03:00,1789555709,4304,62,3,29.9,38.0,,run
2026-09-16T13:48:34+03:00,1789555714,4309,62,3,29.9,38.3,,run
2026-09-16T13:48:39+03:00,1789555719,4314,62,3,29.9,38.0,,run
2026-09-16T13:48:44+03:00,1789555724,4319,62,3,29.9,38.0,,run
2026-09-16T13:48:49+03:00,1789555729,4324,62,3,29.9,43.6,,run
2026-09-16T13:48:55+03:00,1789555735,4330,62,3,29.9,44.8,,run
2026-09-16T13:49:00+03:00,1789555740,4335,62,3,29.9,39.8,,run
2026-09-16T13:49:05+03:00,1789555745,4340,62,3,29.9,38.6,,run
2026-09-16T13:49:10+03:00,1789555750,4345,62,3,29.9,37.7,,run
2026-09-16T13:49:16+03:00,1789555756,4351,62,3,29.9,38.3,,run
2026-09-16T13:49:21+03:00,1789555761,4356,62,3,29.9,38.0,,run
2026-09-16T13:49:26+03:00,1789555766,4361,62,3,29.9,37.1,,run
2026-09-16T13:49:31+03:00,1789555771,4366,62,3,29.9,37.7,,run
2026-09-16T13:49:36+03:00,1789555776,4371,62,3,29.9,38.3,,run
2026-09-16T13:49:42+03:00,1789555782,4377,62,3,29.9,42.9,,run
2026-09-16T13:49:47+03:00,1789555787,4382,62,3,29.9,39.2,,run
2026-09-16T13:49:52+03:00,1789555792,4387,62,3,29.9,38.9,,run
2026-09-16T13:49:57+03:00,1789555797,4392,62,3,29.9,38.6,,run
2026-09-16T13:50:03+03:00,1789555803,4398,62,3,29.9,38.9,,run
2026-09-16T13:50:08+03:00,1789555808,4403,62,3,29.9,38.9,,run
2026-09-16T13:50:13+03:00,1789555813,4408,62,3,29.9,38.6,,run
2026-09-16T13:50:18+03:00,1789555818,4413,62,3,29.9,38.3,,run
2026-09-16T13:50:23+03:00,1789555823,4418,62,3,29.9,38.0,,run
2026-09-16T13:50:29+03:00,1789555829,4424,62,3,29.9,38.0,,run
2026-09-16T13:50:34+03:00,1789555834,4429,62,3,29.9,37.7,,run
2026-09-16T13:50:39+03:00,1789555839,4434,62,3,29.9,37.7,,run
2026-09-16T13:50:44+03:00,1789555844,4439,62,3,29.9,38.0,,run
2026-09-16T13:50:50+03:00,1789555850,4445,62,3,29.9,38.6,,run
2026-09-16T13:50:55+03:00,1789555855,4450,62,3,29.9,45.1,,run
2026-09-16T13:51:00+03:00,1789555860,4455,62,3,29.9,40.8,,run
2026-09-16T13:51:05+03:00,1789555865,4460,62,3,29.9,39.8,,run
2026-09-16T13:51:11+03:00,1789555871,4466,62,3,29.9,37.7,,run
2026-09-16T13:51:16+03:00,1789555876,4471,62,3,29.9,38.0,,run
2026-09-16T13:51:21+03:00,1789555881,4476,62,3,29.9,38.3,,run
2026-09-16T13:51:26+03:00,1789555886,4481,62,3,29.9,37.7,,run
2026-09-16T13:51:31+03:00,1789555891,4486,62,3,29.9,37.7,,run
2026-09-16T13:51:37+03:00,1789555897,4492,62,3,29.9,36.8,,run
2026-09-16T13:51:42+03:00,1789555902,4497,62,3,29.9,51.3,,run
2026-09-16T13:51:47+03:00,1789555907,4502,62,3,29.9,40.8,,run
2026-09-16T13:51:52+03:00,1789555912,4507,62,3,29.9,39.8,,run
2026-09-16T13:51:58+03:00,1789555918,4513,62,3,29.9,38.0,,run
2026-09-16T13:52:03+03:00,1789555923,4518,62,3,29.9,38.0,,run
2026-09-16T13:52:08+03:00,1789555928,4523,62,3,29.9,38.9,,run
2026-09-16T13:52:13+03:00,1789555933,4528,62,3,29.9,38.6,,run
2026-09-16T13:52:18+03:00,1789555938,4533,62,3,29.9,38.3,,run
2026-09-16T13:52:24+03:00,1789555944,4539,62,3,29.9,38.6,,run
2026-09-16T13:52:29+03:00,1789555949,4544,62,3,29.9,38.3,,run
2026-09-16T13:52:34+03:00,1789555954,4549,62,3,29.9,38.6,,run
2026-09-16T13:52:39+03:00,1789555959,4554,62,3,29.9,37.7,,run
2026-09-16T13:52:45+03:00,1789555965,4560,62,3,29.9,38.6,,run
2026-09-16T13:52:50+03:00,1789555970,4565,62,3,29.9,38.6,,run
2026-09-16T13:52:55+03:00,1789555975,4570,62,3,29.9,42.3,,run
2026-09-16T13:53:00+03:00,1789555980,4575,62,3,29.9,41.7,,run
2026-09-16T13:53:06+03:00,1789555986,4581,62,3,29.9,40.8,,run
2026-09-16T13:53:11+03:00,1789555991,4586,62,3,29.9,37.4,,run
2026-09-16T13:53:16+03:00,1789555996,4591,62,3,29.9,38.0,,run
2026-09-16T13:53:21+03:00,1789556001,4596,62,3,29.9,42.3,,run
2026-09-16T13:53:26+03:00,1789556006,4601,62,3,29.9,38.9,,run
2026-09-16T13:53:32+03:00,1789556012,4607,62,3,29.9,38.0,,run
2026-09-16T13:53:37+03:00,1789556017,4612,62,3,29.9,38.3,,run
2026-09-16T13:53:42+03:00,1789556022,4617,62,3,29.9,50.4,,run
2026-09-16T13:53:47+03:00,1789556027,4622,62,3,29.9,41.1,,run
2026-09-16T13:53:53+03:00,1789556033,4628,62,3,29.9,39.8,,run
2026-09-16T13:53:58+03:00,1789556038,4633,62,3,29.9,39.2,,run
2026-09-16T13:54:03+03:00,1789556043,4638,62,3,29.9,38.3,,run
2026-09-16T13:54:08+03:00,1789556048,4643,62,3,29.9,38.9,,run
2026-09-16T13:54:13+03:00,1789556053,4648,62,3,29.9,39.2,,run
2026-09-16T13:54:19+03:00,1789556059,4654,62,3,29.9,38.0,,run
2026-09-16T13:54:24+03:00,1789556064,4659,62,3,29.9,38.3,,run
2026-09-16T13:54:29+03:00,1789556069,4664,62,3,29.9,38.6,,run
2026-09-16T13:54:34+03:00,1789556074,4669,62,3,29.9,38.6,,run
2026-09-16T13:54:40+03:00,1789556080,4675,62,3,29.9,40.5,,run
2026-09-16T13:54:45+03:00,1789556085,4680,62,3,30.0,38.6,,run
2026-09-16T13:54:50+03:00,1789556090,4685,62,3,30.0,38.3,,run
2026-09-16T13:54:55+03:00,1789556095,4690,62,3,30.0,47.0,,run
2026-09-16T13:55:01+03:00,1789556101,4696,62,3,30.0,40.8,,run
2026-09-16T13:55:06+03:00,1789556106,4701,62,3,30.0,40.2,,run
2026-09-16T13:55:11+03:00,1789556111,4706,62,3,30.0,38.0,,run
2026-09-16T13:55:16+03:00,1789556116,4711,62,3,30.0,38.0,,run
2026-09-16T13:55:22+03:00,1789556122,4717,62,3,30.0,37.7,,run
2026-09-16T13:55:27+03:00,1789556127,4722,62,3,30.0,38.3,,run
2026-09-16T13:55:32+03:00,1789556132,4727,62,3,30.0,38.0,,run
2026-09-16T13:55:37+03:00,1789556137,4732,62,3,30.0,40.8,,run
2026-09-16T13:55:43+03:00,1789556143,4738,62,3,30.0,48.5,,run
2026-09-16T13:55:48+03:00,1789556148,4743,62,3,30.0,40.5,,run
2026-09-16T13:55:53+03:00,1789556153,4748,62,3,30.0,40.2,,run
2026-09-16T13:55:58+03:00,1789556158,4753,62,3,30.0,39.5,,run
2026-09-16T13:56:03+03:00,1789556163,4758,62,3,30.0,39.5,,run
2026-09-16T13:56:09+03:00,1789556169,4764,62,3,30.0,39.2,,run
2026-09-16T13:56:14+03:00,1789556174,4769,62,3,30.1,40.2,,run
2026-09-16T13:56:19+03:00,1789556179,4774,61,3,30.1,39.5,,run
2026-09-16T13:56:24+03:00,1789556184,4779,61,3,30.1,38.3,,run
2026-09-16T13:56:30+03:00,1789556190,4785,61,3,30.1,38.3,,run
2026-09-16T13:56:35+03:00,1789556195,4790,61,3,30.1,38.3,,run
2026-09-16T13:56:40+03:00,1789556200,4795,61,3,30.1,37.7,,run
2026-09-16T13:56:45+03:00,1789556205,4800,61,3,30.1,38.3,,run
2026-09-16T13:56:50+03:00,1789556210,4805,61,3,30.1,38.0,,run
2026-09-16T13:56:56+03:00,1789556216,4811,61,3,30.1,50.1,,run
2026-09-16T13:57:01+03:00,1789556221,4816,61,3,30.1,39.8,,run
2026-09-16T13:57:06+03:00,1789556226,4821,61,3,30.1,38.6,,run
2026-09-16T13:57:12+03:00,1789556232,4827,61,3,30.1,38.6,,run
2026-09-16T13:57:17+03:00,1789556237,4832,61,3,30.1,37.7,,run
2026-09-16T13:57:22+03:00,1789556242,4837,61,3,30.1,37.1,,run
2026-09-16T13:57:27+03:00,1789556247,4842,61,3,30.1,37.7,,run
2026-09-16T13:57:32+03:00,1789556252,4847,61,3,30.1,37.4,,run
2026-09-16T13:57:38+03:00,1789556258,4853,61,3,30.1,48.5,,run
2026-09-16T13:57:43+03:00,1789556263,4858,61,3,30.1,40.2,,run
2026-09-16T13:57:48+03:00,1789556268,4863,61,3,30.1,38.6,,run
2026-09-16T13:57:53+03:00,1789556273,4868,61,3,30.1,38.3,,run
2026-09-16T13:57:59+03:00,1789556279,4874,61,3,30.1,39.2,,run
2026-09-16T13:58:04+03:00,1789556284,4879,61,3,30.1,38.9,,run
2026-09-16T13:58:09+03:00,1789556289,4884,61,3,30.1,38.6,,run
2026-09-16T13:58:14+03:00,1789556294,4889,61,3,30.1,38.6,,run
2026-09-16T13:58:20+03:00,1789556300,4895,61,3,30.1,39.2,,run
2026-09-16T13:58:25+03:00,1789556305,4900,61,3,30.1,38.3,,run
2026-09-16T13:58:30+03:00,1789556310,4905,61,3,30.1,38.6,,run
2026-09-16T13:58:35+03:00,1789556315,4910,61,3,30.1,38.3,,run
2026-09-16T13:58:40+03:00,1789556320,4915,61,3,30.1,38.3,,run
2026-09-16T13:58:46+03:00,1789556326,4921,61,3,30.1,38.0,,run
2026-09-16T13:58:51+03:00,1789556331,4926,61,3,30.1,38.6,,run
2026-09-16T13:58:56+03:00,1789556336,4931,61,3,30.1,48.2,,run
2026-09-16T13:59:01+03:00,1789556341,4936,61,3,30.1,39.5,,run
2026-09-16T13:59:07+03:00,1789556347,4942,61,3,30.1,39.2,,run
2026-09-16T13:59:12+03:00,1789556352,4947,61,3,30.1,38.3,,run
2026-09-16T13:59:17+03:00,1789556357,4952,61,3,30.1,38.0,,run
2026-09-16T13:59:22+03:00,1789556362,4957,61,3,30.1,50.1,,run
2026-09-16T13:59:27+03:00,1789556367,4962,61,3,30.1,39.5,,run
2026-09-16T13:59:33+03:00,1789556373,4968,61,3,30.1,38.6,,run
2026-09-16T13:59:38+03:00,1789556378,4973,61,3,30.1,39.5,,run
2026-09-16T13:59:43+03:00,1789556383,4978,61,3,30.1,38.9,,run
2026-09-16T13:59:48+03:00,1789556388,4983,61,3,30.1,38.3,,run
2026-09-16T13:59:54+03:00,1789556394,4989,61,3,30.1,39.2,,run
2026-09-16T13:59:59+03:00,1789556399,4994,61,3,30.1,38.3,,run
2026-09-16T14:00:04+03:00,1789556404,4999,61,3,30.1,38.9,,run
2026-09-16T14:00:09+03:00,1789556409,5004,61,3,30.1,38.9,,run
2026-09-16T14:00:14+03:00,1789556414,5009,61,3,30.1,39.5,,run
2026-09-16T14:00:20+03:00,1789556420,5015,61,3,30.1,38.6,,run
2026-09-16T14:00:25+03:00,1789556425,5020,61,3,30.1,38.3,,run
2026-09-16T14:00:30+03:00,1789556430,5025,61,3,30.1,37.4,,run
2026-09-16T14:00:35+03:00,1789556435,5030,61,3,30.1,42.3,,run
2026-09-16T14:00:41+03:00,1789556441,5036,61,3,30.1,43.2,,run
2026-09-16T14:00:46+03:00,1789556446,5041,61,3,30.1,41.7,,run
2026-09-16T14:00:51+03:00,1789556451,5046,61,3,30.1,37.1,,run
2026-09-16T14:00:56+03:00,1789556456,5051,61,3,30.1,37.4,,run
2026-09-16T14:01:02+03:00,1789556462,5057,61,3,30.1,38.0,,run
2026-09-16T14:01:07+03:00,1789556467,5062,61,3,30.1,37.1,,run
2026-09-16T14:01:12+03:00,1789556472,5067,61,3,30.1,37.1,,run
2026-09-16T14:01:17+03:00,1789556477,5072,61,3,30.1,37.7,,run
2026-09-16T14:01:22+03:00,1789556482,5077,61,3,30.1,50.1,,run
2026-09-16T14:01:28+03:00,1789556488,5083,61,3,30.1,40.5,,run
2026-09-16T14:01:33+03:00,1789556493,5088,61,3,30.1,38.6,,run
2026-09-16T14:01:38+03:00,1789556498,5093,61,3,30.1,39.2,,run
2026-09-16T14:01:43+03:00,1789556503,5098,61,3,30.1,38.0,,run
2026-09-16T14:01:49+03:00,1789556509,5104,61,3,30.1,38.0,,run
2026-09-16T14:01:54+03:00,1789556514,5109,61,3,30.1,39.2,,run
2026-09-16T14:01:59+03:00,1789556519,5114,61,3,30.1,37.7,,run
2026-09-16T14:02:04+03:00,1789556524,5119,61,3,30.1,39.5,,run
2026-09-16T14:02:10+03:00,1789556530,5125,61,3,30.1,38.6,,run
2026-09-16T14:02:15+03:00,1789556535,5130,61,3,30.1,38.6,,run
2026-09-16T14:02:20+03:00,1789556540,5135,61,3,30.1,38.0,,run
2026-09-16T14:02:25+03:00,1789556545,5140,61,3,30.1,38.0,,run
2026-09-16T14:02:30+03:00,1789556550,5145,61,3,30.1,37.7,,run
2026-09-16T14:02:36+03:00,1789556556,5151,61,3,30.1,45.4,,run
2026-09-16T14:02:41+03:00,1789556561,5156,61,3,30.1,47.0,,run
2026-09-16T14:02:46+03:00,1789556566,5161,61,3,30.1,42.9,,run
2026-09-16T14:02:51+03:00,1789556571,5166,61,3,30.1,38.6,,run
2026-09-16T14:02:57+03:00,1789556577,5172,61,3,30.1,37.1,,run
2026-09-16T14:03:02+03:00,1789556582,5177,61,3,30.1,38.6,,run
2026-09-16T14:03:07+03:00,1789556587,5182,61,3,30.1,38.3,,run
2026-09-16T14:03:12+03:00,1789556592,5187,61,3,30.1,37.7,,run
2026-09-16T14:03:17+03:00,1789556597,5192,61,3,30.1,51.0,,run
2026-09-16T14:03:23+03:00,1789556603,5198,61,3,30.1,41.1,,run
2026-09-16T14:03:28+03:00,1789556608,5203,61,3,30.1,39.5,,run
2026-09-16T14:03:33+03:00,1789556613,5208,61,3,30.1,38.6,,run
2026-09-16T14:03:38+03:00,1789556618,5213,61,3,30.1,38.6,,run
2026-09-16T14:03:44+03:00,1789556624,5219,61,3,30.1,38.0,,run
2026-09-16T14:03:49+03:00,1789556629,5224,61,3,30.1,38.9,,run
2026-09-16T14:03:54+03:00,1789556634,5229,61,3,30.1,38.3,,run
2026-09-16T14:03:59+03:00,1789556639,5234,61,3,30.1,38.9,,run
2026-09-16T14:04:05+03:00,1789556645,5240,61,3,30.1,38.3,,run
2026-09-16T14:04:10+03:00,1789556650,5245,61,3,30.1,38.9,,run
2026-09-16T14:04:15+03:00,1789556655,5250,61,3,30.1,38.0,,run
2026-09-16T14:04:20+03:00,1789556660,5255,61,3,30.1,38.9,,run
2026-09-16T14:04:25+03:00,1789556665,5260,61,3,30.1,38.6,,run
2026-09-16T14:04:31+03:00,1789556671,5266,61,3,30.1,46.3,,run
2026-09-16T14:04:36+03:00,1789556676,5271,61,3,30.1,40.2,,run
2026-09-16T14:04:41+03:00,1789556681,5276,61,3,30.0,41.1,,run
2026-09-16T14:04:47+03:00,1789556687,5282,61,3,30.0,38.3,,run
2026-09-16T14:04:52+03:00,1789556692,5287,61,3,30.0,38.3,,run
2026-09-16T14:04:57+03:00,1789556697,5292,61,3,30.0,37.4,,run
2026-09-16T14:05:02+03:00,1789556702,5297,61,3,30.0,38.3,,run
2026-09-16T14:05:07+03:00,1789556707,5302,61,3,30.0,37.1,,run
2026-09-16T14:05:13+03:00,1789556713,5308,61,3,30.0,37.7,,run
2026-09-16T14:05:18+03:00,1789556718,5313,61,3,30.0,51.9,,run
2026-09-16T14:05:23+03:00,1789556723,5318,61,3,30.0,40.5,,run
2026-09-16T14:05:29+03:00,1789556729,5324,61,3,30.0,38.6,,run
2026-09-16T14:05:34+03:00,1789556734,5329,61,3,30.0,39.2,,run
2026-09-16T14:05:39+03:00,1789556739,5334,61,3,30.0,38.0,,run
2026-09-16T14:05:44+03:00,1789556744,5339,61,3,30.0,38.9,,run
2026-09-16T14:05:49+03:00,1789556749,5344,61,3,30.0,39.5,,run
2026-09-16T14:05:55+03:00,1789556755,5350,61,3,30.0,38.9,,run
2026-09-16T14:06:00+03:00,1789556760,5355,61,3,30.0,39.5,,run
2026-09-16T14:06:05+03:00,1789556765,5360,61,3,30.0,38.3,,run
2026-09-16T14:06:10+03:00,1789556770,5365,61,3,30.0,38.3,,run
2026-09-16T14:06:16+03:00,1789556776,5371,61,3,30.0,38.9,,run
2026-09-16T14:06:21+03:00,1789556781,5376,61,3,30.0,39.2,,run
2026-09-16T14:06:26+03:00,1789556786,5381,61,3,30.0,38.0,,run
2026-09-16T14:06:31+03:00,1789556791,5386,61,3,30.0,41.7,,run
2026-09-16T14:06:36+03:00,1789556796,5391,61,3,30.0,42.3,,run
2026-09-16T14:06:42+03:00,1789556802,5397,61,3,30.0,41.4,,run
2026-09-16T14:06:47+03:00,1789556807,5402,61,3,30.0,38.9,,run
2026-09-16T14:06:52+03:00,1789556812,5407,61,3,30.0,37.4,,run
2026-09-16T14:06:57+03:00,1789556817,5412,61,3,30.0,38.0,,run
2026-09-16T14:07:02+03:00,1789556822,5417,61,3,30.0,38.6,,run
2026-09-16T14:07:08+03:00,1789556828,5423,61,3,30.0,38.0,,run
2026-09-16T14:07:13+03:00,1789556833,5428,61,3,30.0,36.8,,run
2026-09-16T14:07:18+03:00,1789556838,5433,61,3,30.0,43.9,,run
2026-09-16T14:07:23+03:00,1789556843,5438,61,3,30.0,40.2,,run
2026-09-16T14:07:29+03:00,1789556849,5444,61,3,30.0,38.6,,run
2026-09-16T14:07:34+03:00,1789556854,5449,61,3,30.0,38.3,,run
2026-09-16T14:07:39+03:00,1789556859,5454,61,3,30.0,39.2,,run
2026-09-16T14:07:44+03:00,1789556864,5459,61,3,30.0,39.8,,run
2026-09-16T14:07:49+03:00,1789556869,5464,61,3,30.0,38.0,,run
2026-09-16T14:07:55+03:00,1789556875,5470,61,3,30.0,38.9,,run
2026-09-16T14:08:00+03:00,1789556880,5475,61,3,30.0,38.6,,run
2026-09-16T14:08:05+03:00,1789556885,5480,61,3,30.0,38.9,,run
2026-09-16T14:08:10+03:00,1789556890,5485,61,3,30.0,38.9,,run
2026-09-16T14:08:16+03:00,1789556896,5491,61,3,30.0,37.7,,run
2026-09-16T14:08:21+03:00,1789556901,5496,61,3,30.0,38.3,,run
2026-09-16T14:08:26+03:00,1789556906,5501,61,3,30.0,37.7,,run
2026-09-16T14:08:31+03:00,1789556911,5506,61,3,30.0,47.6,,run
2026-09-16T14:08:37+03:00,1789556917,5512,61,3,30.0,41.1,,run
2026-09-16T14:08:42+03:00,1789556922,5517,61,3,30.0,39.5,,run
2026-09-16T14:08:47+03:00,1789556927,5522,61,3,30.0,38.9,,run
2026-09-16T14:08:52+03:00,1789556932,5527,61,3,30.0,37.4,,run
2026-09-16T14:08:58+03:00,1789556938,5533,61,3,30.0,38.3,,run
2026-09-16T14:09:03+03:00,1789556943,5538,61,3,30.0,37.7,,run
2026-09-16T14:09:08+03:00,1789556948,5543,61,3,30.0,37.1,,run
2026-09-16T14:09:14+03:00,1789556954,5549,61,3,30.0,37.4,,run
2026-09-16T14:09:19+03:00,1789556959,5554,61,3,30.0,42.9,,run
2026-09-16T14:09:24+03:00,1789556964,5559,61,3,30.0,38.3,,run
2026-09-16T14:09:29+03:00,1789556969,5564,61,3,30.0,38.3,,run
2026-09-16T14:09:34+03:00,1789556974,5569,61,3,30.0,38.3,,run
2026-09-16T14:09:40+03:00,1789556980,5575,61,3,30.0,38.0,,run
2026-09-16T14:09:45+03:00,1789556985,5580,61,3,30.0,39.2,,run
2026-09-16T14:09:50+03:00,1789556990,5585,61,3,30.0,38.3,,run
2026-09-16T14:09:55+03:00,1789556995,5590,61,3,30.0,39.2,,run
2026-09-16T14:10:01+03:00,1789557001,5596,61,3,30.0,38.0,,run
2026-09-16T14:10:06+03:00,1789557006,5601,61,3,30.0,37.7,,run
2026-09-16T14:10:11+03:00,1789557011,5606,60,3,30.0,37.7,,run
2026-09-16T14:10:16+03:00,1789557016,5611,60,3,30.0,38.9,,run
2026-09-16T14:10:21+03:00,1789557021,5616,60,3,30.0,39.5,,run
2026-09-16T14:10:27+03:00,1789557027,5622,60,3,30.0,38.0,,run
2026-09-16T14:10:32+03:00,1789557032,5627,60,3,30.0,51.0,,run
2026-09-16T14:10:37+03:00,1789557037,5632,60,3,30.0,41.1,,run
2026-09-16T14:10:43+03:00,1789557043,5638,60,3,30.0,39.5,,run
2026-09-16T14:10:48+03:00,1789557048,5643,60,3,30.0,37.7,,run
2026-09-16T14:10:53+03:00,1789557053,5648,60,3,30.0,42.3,,run
2026-09-16T14:10:58+03:00,1789557058,5653,60,3,30.0,38.9,,run
2026-09-16T14:11:04+03:00,1789557064,5659,60,3,30.0,38.6,,run
2026-09-16T14:11:09+03:00,1789557069,5664,60,3,30.0,38.0,,run
2026-09-16T14:11:14+03:00,1789557074,5669,60,3,30.0,38.0,,run
2026-09-16T14:11:19+03:00,1789557079,5674,60,3,30.0,51.6,,run
2026-09-16T14:11:25+03:00,1789557085,5680,60,3,30.0,39.5,,run
2026-09-16T14:11:30+03:00,1789557090,5685,60,3,30.0,39.2,,run
2026-09-16T14:11:35+03:00,1789557095,5690,60,3,30.0,38.6,,run
2026-09-16T14:11:40+03:00,1789557100,5695,60,3,30.0,39.2,,run
2026-09-16T14:11:46+03:00,1789557106,5701,60,3,30.0,38.6,,run
2026-09-16T14:11:51+03:00,1789557111,5706,60,3,30.0,38.9,,run
2026-09-16T14:11:56+03:00,1789557116,5711,60,3,30.0,37.7,,run
2026-09-16T14:12:01+03:00,1789557121,5716,60,3,30.0,38.6,,run
2026-09-16T14:12:06+03:00,1789557126,5721,60,3,30.0,38.3,,run
2026-09-16T14:12:12+03:00,1789557132,5727,60,3,30.0,39.2,,run
2026-09-16T14:12:17+03:00,1789557137,5732,60,3,30.0,38.9,,run
2026-09-16T14:12:22+03:00,1789557142,5737,60,3,30.0,38.0,,run
2026-09-16T14:12:27+03:00,1789557147,5742,60,3,30.0,38.9,,run
2026-09-16T14:12:33+03:00,1789557153,5748,60,3,30.0,40.2,,run
2026-09-16T14:12:38+03:00,1789557158,5753,60,3,30.0,42.9,,run
2026-09-16T14:12:43+03:00,1789557163,5758,60,3,30.0,43.9,,run
2026-09-16T14:12:48+03:00,1789557168,5763,60,3,30.0,37.7,,run
2026-09-16T14:12:53+03:00,1789557173,5768,60,3,30.0,38.0,,run
2026-09-16T14:12:59+03:00,1789557179,5774,60,3,30.0,38.0,,run
2026-09-16T14:13:04+03:00,1789557184,5779,60,3,30.0,37.1,,run
2026-09-16T14:13:09+03:00,1789557189,5784,60,3,30.0,37.4,,run
2026-09-16T14:13:14+03:00,1789557194,5789,60,3,30.0,38.0,,run
2026-09-16T14:13:20+03:00,1789557200,5795,60,3,30.0,49.7,,run
2026-09-16T14:13:25+03:00,1789557205,5800,60,3,30.0,40.2,,run
2026-09-16T14:13:30+03:00,1789557210,5805,60,3,30.0,39.5,,run
2026-09-16T14:13:35+03:00,1789557215,5810,60,3,30.0,38.0,,run
2026-09-16T14:13:41+03:00,1789557221,5816,60,3,30.0,38.9,,run
2026-09-16T14:13:46+03:00,1789557226,5821,60,3,30.0,38.3,,run
2026-09-16T14:13:51+03:00,1789557231,5826,60,3,30.0,39.5,,run
2026-09-16T14:13:56+03:00,1789557236,5831,60,3,30.0,39.2,,run
2026-09-16T14:14:02+03:00,1789557242,5837,60,3,30.0,38.9,,run
2026-09-16T14:14:07+03:00,1789557247,5842,60,3,30.0,38.0,,run
2026-09-16T14:14:12+03:00,1789557252,5847,60,3,30.0,38.6,,run
2026-09-16T14:14:17+03:00,1789557257,5852,60,3,30.0,39.5,,run
2026-09-16T14:14:22+03:00,1789557262,5857,60,3,30.0,38.9,,run
2026-09-16T14:14:28+03:00,1789557268,5863,60,3,30.0,38.9,,run
2026-09-16T14:14:33+03:00,1789557273,5868,60,3,30.0,44.5,,run
2026-09-16T14:14:38+03:00,1789557278,5873,60,3,30.0,44.2,,run
2026-09-16T14:14:43+03:00,1789557283,5878,60,3,30.0,42.3,,run
2026-09-16T14:14:49+03:00,1789557289,5884,60,3,30.0,38.0,,run
2026-09-16T14:14:54+03:00,1789557294,5889,60,3,30.0,37.1,,run
2026-09-16T14:14:59+03:00,1789557299,5894,60,3,30.0,37.7,,run
2026-09-16T14:15:04+03:00,1789557304,5899,60,3,30.0,37.1,,run
2026-09-16T14:15:09+03:00,1789557309,5904,60,3,30.0,36.4,,run
2026-09-16T14:15:15+03:00,1789557315,5910,60,3,30.0,37.4,,run
2026-09-16T14:15:20+03:00,1789557320,5915,60,3,30.0,48.8,,run
2026-09-16T14:15:25+03:00,1789557325,5920,60,3,30.0,41.1,,run
2026-09-16T14:15:31+03:00,1789557331,5926,60,3,30.0,39.5,,run
2026-09-16T14:15:36+03:00,1789557336,5931,60,3,30.0,39.8,,run
2026-09-16T14:15:41+03:00,1789557341,5936,60,3,30.0,38.0,,run
2026-09-16T14:15:46+03:00,1789557346,5941,60,3,30.0,39.5,,run
2026-09-16T14:15:51+03:00,1789557351,5946,60,3,30.0,38.9,,run
2026-09-16T14:15:57+03:00,1789557357,5952,60,3,30.0,39.2,,run
2026-09-16T14:16:02+03:00,1789557362,5957,60,3,30.0,38.3,,run
2026-09-16T14:16:07+03:00,1789557367,5962,60,3,30.0,38.3,,run
2026-09-16T14:16:12+03:00,1789557372,5967,60,3,30.0,38.0,,run
2026-09-16T14:16:17+03:00,1789557377,5972,60,3,30.0,38.3,,run
2026-09-16T14:16:23+03:00,1789557383,5978,60,3,30.0,38.3,,run
2026-09-16T14:16:28+03:00,1789557388,5983,60,3,30.0,38.9,,run
2026-09-16T14:16:33+03:00,1789557393,5988,60,3,30.0,40.5,,run
2026-09-16T14:16:38+03:00,1789557398,5993,60,3,30.0,47.6,,run
2026-09-16T14:16:44+03:00,1789557404,5999,60,3,30.0,39.2,,run
2026-09-16T14:16:49+03:00,1789557409,6004,60,3,30.0,38.9,,run
2026-09-16T14:16:54+03:00,1789557414,6009,60,3,30.0,38.6,,run
2026-09-16T14:16:59+03:00,1789557419,6014,60,3,30.0,38.0,,run
2026-09-16T14:17:05+03:00,1789557425,6020,60,3,30.0,37.7,,run
2026-09-16T14:17:10+03:00,1789557430,6025,60,3,30.0,37.4,,run
2026-09-16T14:17:15+03:00,1789557435,6030,60,3,30.0,37.4,,run
2026-09-16T14:17:20+03:00,1789557440,6035,60,3,30.0,42.3,,run
2026-09-16T14:17:26+03:00,1789557446,6041,60,3,30.0,45.1,,run
2026-09-16T14:17:31+03:00,1789557451,6046,60,3,30.0,38.3,,run
2026-09-16T14:17:36+03:00,1789557456,6051,60,3,30.0,39.2,,run
2026-09-16T14:17:41+03:00,1789557461,6056,60,3,30.0,38.3,,run
2026-09-16T14:17:46+03:00,1789557466,6061,60,3,30.0,38.6,,run
2026-09-16T14:17:52+03:00,1789557472,6067,60,3,30.0,38.9,,run
2026-09-16T14:17:57+03:00,1789557477,6072,60,3,30.0,38.6,,run
2026-09-16T14:18:02+03:00,1789557482,6077,60,3,30.0,38.6,,run
2026-09-16T14:18:07+03:00,1789557487,6082,60,3,30.0,38.6,,run
2026-09-16T14:18:13+03:00,1789557493,6088,60,3,30.0,37.7,,run
2026-09-16T14:18:18+03:00,1789557498,6093,60,3,30.0,39.2,,run
2026-09-16T14:18:23+03:00,1789557503,6098,60,3,30.0,38.9,,run
2026-09-16T14:18:28+03:00,1789557508,6103,60,3,30.0,37.7,,run
2026-09-16T14:18:33+03:00,1789557513,6108,60,3,30.0,38.3,,run
2026-09-16T14:18:39+03:00,1789557519,6114,60,3,30.0,49.7,,run
2026-09-16T14:18:44+03:00,1789557524,6119,60,3,30.0,39.5,,run
2026-09-16T14:18:50+03:00,1789557530,6125,60,3,30.0,39.2,,run
2026-09-16T14:18:55+03:00,1789557535,6130,60,3,30.0,37.7,,run
2026-09-16T14:19:00+03:00,1789557540,6135,60,3,30.0,38.6,,run
2026-09-16T14:19:05+03:00,1789557545,6140,60,3,30.0,38.3,,run
2026-09-16T14:19:10+03:00,1789557550,6145,60,3,30.0,37.7,,run
2026-09-16T14:19:16+03:00,1789557556,6151,60,3,30.0,39.8,,run
2026-09-16T14:19:21+03:00,1789557561,6156,60,3,30.0,39.8,,run
2026-09-16T14:19:26+03:00,1789557566,6161,60,3,30.0,44.2,,run
2026-09-16T14:19:31+03:00,1789557571,6166,60,3,30.0,39.2,,run
2026-09-16T14:19:37+03:00,1789557577,6172,60,3,30.0,39.2,,run
2026-09-16T14:19:42+03:00,1789557582,6177,60,3,30.0,39.8,,run
2026-09-16T14:19:47+03:00,1789557587,6182,60,3,30.0,40.2,,run
2026-09-16T14:19:52+03:00,1789557592,6187,60,3,30.0,38.3,,run
2026-09-16T14:19:58+03:00,1789557598,6193,60,3,30.0,38.6,,run
2026-09-16T14:20:03+03:00,1789557603,6198,60,3,30.0,38.6,,run
2026-09-16T14:20:08+03:00,1789557608,6203,60,3,30.0,38.9,,run
2026-09-16T14:20:13+03:00,1789557613,6208,60,3,30.0,38.9,,run
2026-09-16T14:20:18+03:00,1789557618,6213,60,3,30.0,38.9,,run
2026-09-16T14:20:24+03:00,1789557624,6219,60,3,30.0,38.0,,run
2026-09-16T14:20:29+03:00,1789557629,6224,60,3,30.0,38.3,,run
2026-09-16T14:20:34+03:00,1789557634,6229,60,3,30.0,38.6,,run
2026-09-16T14:20:39+03:00,1789557639,6234,60,3,30.0,50.1,,run
2026-09-16T14:20:45+03:00,1789557645,6240,60,3,30.0,41.7,,run
2026-09-16T14:20:50+03:00,1789557650,6245,60,3,30.0,39.5,,run
2026-09-16T14:20:55+03:00,1789557655,6250,60,3,30.0,38.3,,run
2026-09-16T14:21:01+03:00,1789557661,6256,60,3,30.0,38.9,,run
2026-09-16T14:21:06+03:00,1789557666,6261,60,3,30.0,37.1,,run
2026-09-16T14:21:11+03:00,1789557671,6266,60,3,30.0,38.3,,run
2026-09-16T14:21:16+03:00,1789557676,6271,60,3,30.0,37.7,,run
2026-09-16T14:21:21+03:00,1789557681,6276,60,3,30.0,40.2,,run
2026-09-16T14:21:27+03:00,1789557687,6282,60,3,30.0,43.6,,run
2026-09-16T14:21:32+03:00,1789557692,6287,60,3,30.0,38.9,,run
2026-09-16T14:21:37+03:00,1789557697,6292,60,3,30.0,39.5,,run
2026-09-16T14:21:42+03:00,1789557702,6297,60,3,30.0,38.9,,run
2026-09-16T14:21:48+03:00,1789557708,6303,60,3,30.0,38.3,,run
2026-09-16T14:21:53+03:00,1789557713,6308,60,3,30.0,38.9,,run
2026-09-16T14:21:58+03:00,1789557718,6313,60,3,30.0,38.0,,run
2026-09-16T14:22:03+03:00,1789557723,6318,60,3,30.0,38.3,,run
2026-09-16T14:22:09+03:00,1789557729,6324,60,3,30.0,37.7,,run
2026-09-16T14:22:14+03:00,1789557734,6329,60,3,30.0,37.7,,run
2026-09-16T14:22:19+03:00,1789557739,6334,60,3,30.0,38.6,,run
2026-09-16T14:22:24+03:00,1789557744,6339,60,3,30.0,39.2,,run
2026-09-16T14:22:29+03:00,1789557749,6344,60,3,30.0,38.9,,run
2026-09-16T14:22:35+03:00,1789557755,6350,60,3,30.0,39.2,,run
2026-09-16T14:22:40+03:00,1789557760,6355,60,3,30.0,50.1,,run
2026-09-16T14:22:45+03:00,1789557765,6360,60,3,30.0,41.1,,run
2026-09-16T14:22:51+03:00,1789557771,6366,60,3,30.0,39.5,,run
2026-09-16T14:22:56+03:00,1789557776,6371,60,3,30.0,38.6,,run
2026-09-16T14:23:01+03:00,1789557781,6376,60,3,30.0,37.4,,run
2026-09-16T14:23:06+03:00,1789557786,6381,60,3,30.0,37.7,,run
2026-09-16T14:23:12+03:00,1789557792,6387,60,3,30.0,38.3,,run
2026-09-16T14:23:17+03:00,1789557797,6392,60,3,30.0,38.0,,run
2026-09-16T14:23:22+03:00,1789557802,6397,60,3,30.0,37.4,,run
2026-09-16T14:23:27+03:00,1789557807,6402,60,3,30.0,51.6,,run
2026-09-16T14:23:33+03:00,1789557813,6408,60,3,30.0,40.8,,run
2026-09-16T14:23:38+03:00,1789557818,6413,60,3,30.0,39.2,,run
2026-09-16T14:23:43+03:00,1789557823,6418,60,3,30.0,38.3,,run
2026-09-16T14:23:48+03:00,1789557828,6423,60,3,30.0,38.6,,run
2026-09-16T14:23:53+03:00,1789557833,6428,60,3,30.0,38.6,,run
2026-09-16T14:23:59+03:00,1789557839,6434,60,3,30.0,39.2,,run
2026-09-16T14:24:04+03:00,1789557844,6439,59,3,30.0,38.9,,run
2026-09-16T14:24:09+03:00,1789557849,6444,59,3,30.0,37.7,,run
2026-09-16T14:24:14+03:00,1789557854,6449,59,3,30.0,38.9,,run
2026-09-16T14:24:20+03:00,1789557860,6455,59,3,30.0,38.6,,run
2026-09-16T14:24:25+03:00,1789557865,6460,59,3,30.0,37.4,,run
2026-09-16T14:24:30+03:00,1789557870,6465,59,3,30.0,38.6,,run
2026-09-16T14:24:35+03:00,1789557875,6470,59,3,30.0,38.3,,run
2026-09-16T14:24:40+03:00,1789557880,6475,59,3,30.0,45.4,,run
2026-09-16T14:24:46+03:00,1789557886,6481,59,3,30.0,44.2,,run
2026-09-16T14:24:51+03:00,1789557891,6486,59,3,30.0,42.3,,run
2026-09-16T14:24:56+03:00,1789557896,6491,59,3,30.0,37.7,,run
2026-09-16T14:25:01+03:00,1789557901,6496,59,3,30.0,38.0,,run
2026-09-16T14:25:07+03:00,1789557907,6502,59,3,30.0,37.7,,run
2026-09-16T14:25:12+03:00,1789557912,6507,59,3,30.0,36.8,,run
2026-09-16T14:25:17+03:00,1789557917,6512,59,3,30.0,37.4,,run
2026-09-16T14:25:22+03:00,1789557922,6517,59,3,30.0,37.4,,run
2026-09-16T14:25:27+03:00,1789557927,6522,59,3,30.0,47.3,,run
2026-09-16T14:25:33+03:00,1789557933,6528,59,3,30.0,40.8,,run
2026-09-16T14:25:38+03:00,1789557938,6533,59,3,30.0,38.9,,run
2026-09-16T14:25:43+03:00,1789557943,6538,59,3,30.0,39.2,,run
2026-09-16T14:25:49+03:00,1789557949,6544,59,3,30.0,38.3,,run
2026-09-16T14:25:54+03:00,1789557954,6549,59,3,30.0,38.9,,run
2026-09-16T14:25:59+03:00,1789557959,6554,59,3,30.0,38.0,,run
2026-09-16T14:26:04+03:00,1789557964,6559,59,3,30.0,38.6,,run
2026-09-16T14:26:09+03:00,1789557969,6564,59,3,30.0,38.3,,run
2026-09-16T14:26:15+03:00,1789557975,6570,59,3,30.0,37.7,,run
2026-09-16T14:26:20+03:00,1789557980,6575,59,3,30.0,38.9,,run
2026-09-16T14:26:25+03:00,1789557985,6580,59,3,30.0,38.3,,run
2026-09-16T14:26:30+03:00,1789557990,6585,59,3,30.0,37.7,,run
2026-09-16T14:26:36+03:00,1789557996,6591,59,3,30.0,38.3,,run
2026-09-16T14:26:41+03:00,1789558001,6596,59,3,30.0,38.3,,run
2026-09-16T14:26:46+03:00,1789558006,6601,59,3,30.0,48.5,,run
2026-09-16T14:26:51+03:00,1789558011,6606,59,3,30.0,39.5,,run
2026-09-16T14:26:57+03:00,1789558017,6612,59,3,30.0,38.6,,run
2026-09-16T14:27:02+03:00,1789558022,6617,59,3,30.0,37.7,,run
2026-09-16T14:27:07+03:00,1789558027,6622,59,3,30.0,37.1,,run
2026-09-16T14:27:12+03:00,1789558032,6627,59,3,30.0,38.0,,run
2026-09-16T14:27:17+03:00,1789558037,6632,59,3,30.0,38.0,,run
2026-09-16T14:27:23+03:00,1789558043,6638,59,3,30.0,36.4,,run
2026-09-16T14:27:28+03:00,1789558048,6643,59,3,30.0,48.2,,run
2026-09-16T14:27:33+03:00,1789558053,6648,59,3,30.0,40.8,,run
2026-09-16T14:27:39+03:00,1789558059,6654,59,3,30.0,39.5,,run
2026-09-16T14:27:44+03:00,1789558064,6659,59,3,30.0,38.3,,run
2026-09-16T14:27:49+03:00,1789558069,6664,59,3,30.0,38.6,,run
2026-09-16T14:27:54+03:00,1789558074,6669,59,3,30.0,38.6,,run
2026-09-16T14:28:00+03:00,1789558080,6675,59,3,30.0,38.9,,run
2026-09-16T14:28:05+03:00,1789558085,6680,59,3,30.0,37.7,,run
2026-09-16T14:28:10+03:00,1789558090,6685,59,3,30.0,38.0,,run
2026-09-16T14:28:15+03:00,1789558095,6690,59,3,30.0,39.5,,run
2026-09-16T14:28:20+03:00,1789558100,6695,59,3,30.0,37.7,,run
2026-09-16T14:28:26+03:00,1789558106,6701,59,3,30.0,42.3,,run
2026-09-16T14:28:31+03:00,1789558111,6706,59,3,30.0,39.8,,run
2026-09-16T14:28:36+03:00,1789558116,6711,59,3,30.0,39.5,,run
2026-09-16T14:28:41+03:00,1789558121,6716,59,3,30.0,38.9,,run
2026-09-16T14:28:47+03:00,1789558127,6722,59,3,30.0,47.6,,run
2026-09-16T14:28:52+03:00,1789558132,6727,59,3,30.0,40.8,,run
2026-09-16T14:28:57+03:00,1789558137,6732,59,3,30.0,38.3,,run
2026-09-16T14:29:02+03:00,1789558142,6737,59,3,30.0,38.3,,run
2026-09-16T14:29:08+03:00,1789558148,6743,59,3,30.0,37.7,,run
2026-09-16T14:29:13+03:00,1789558153,6748,59,3,30.0,48.5,,run
2026-09-16T14:29:18+03:00,1789558158,6753,59,3,30.0,40.5,,run
2026-09-16T14:29:23+03:00,1789558163,6758,59,3,30.0,38.9,,run
2026-09-16T14:29:29+03:00,1789558169,6764,59,3,30.0,39.2,,run
2026-09-16T14:29:34+03:00,1789558174,6769,59,3,30.0,39.2,,run
2026-09-16T14:29:39+03:00,1789558179,6774,59,3,30.0,39.2,,run
2026-09-16T14:29:44+03:00,1789558184,6779,59,3,30.0,39.5,,run
2026-09-16T14:29:49+03:00,1789558189,6784,59,3,30.0,38.0,,run
2026-09-16T14:29:55+03:00,1789558195,6790,59,3,30.0,38.9,,run
2026-09-16T14:30:00+03:00,1789558200,6795,59,3,30.0,38.3,,run
2026-09-16T14:30:05+03:00,1789558205,6800,59,3,30.0,38.3,,run
2026-09-16T14:30:10+03:00,1789558210,6805,59,3,30.0,38.6,,run
2026-09-16T14:30:16+03:00,1789558216,6811,59,3,30.0,38.0,,run
2026-09-16T14:30:21+03:00,1789558221,6816,59,3,30.0,37.7,,run
2026-09-16T14:30:26+03:00,1789558226,6821,59,3,30.0,41.7,,run
2026-09-16T14:30:31+03:00,1789558231,6826,59,3,30.0,49.7,,run
2026-09-16T14:30:36+03:00,1789558236,6831,59,3,30.0,39.8,,run
2026-09-16T14:30:42+03:00,1789558242,6837,59,3,30.0,39.2,,run
2026-09-16T14:30:47+03:00,1789558247,6842,59,3,30.0,38.3,,run
2026-09-16T14:30:52+03:00,1789558252,6847,59,3,30.0,39.2,,run
2026-09-16T14:30:57+03:00,1789558257,6852,59,3,30.0,37.1,,run
2026-09-16T14:31:03+03:00,1789558263,6858,59,3,30.0,37.4,,run
2026-09-16T14:31:08+03:00,1789558268,6863,59,3,30.0,38.0,,run
2026-09-16T14:31:13+03:00,1789558273,6868,59,3,30.0,37.7,,run
2026-09-16T14:31:18+03:00,1789558278,6873,59,3,30.0,44.2,,run
2026-09-16T14:31:24+03:00,1789558284,6879,59,3,30.0,40.2,,run
2026-09-16T14:31:29+03:00,1789558289,6884,59,3,30.0,38.6,,run
2026-09-16T14:31:34+03:00,1789558294,6889,59,3,30.0,39.2,,run
2026-09-16T14:31:39+03:00,1789558299,6894,59,3,30.0,38.9,,run
2026-09-16T14:31:44+03:00,1789558304,6899,59,3,30.0,38.3,,run
2026-09-16T14:31:50+03:00,1789558310,6905,59,3,30.0,37.7,,run
2026-09-16T14:31:55+03:00,1789558315,6910,59,3,30.0,38.0,,run
2026-09-16T14:32:00+03:00,1789558320,6915,59,3,30.0,38.6,,run
2026-09-16T14:32:05+03:00,1789558325,6920,59,3,30.0,38.0,,run
2026-09-16T14:32:10+03:00,1789558330,6925,59,3,30.0,38.9,,run
2026-09-16T14:32:16+03:00,1789558336,6931,59,3,30.0,38.3,,run
2026-09-16T14:32:21+03:00,1789558341,6936,59,3,30.0,38.6,,run
2026-09-16T14:32:26+03:00,1789558346,6941,59,3,30.0,38.0,,run
2026-09-16T14:32:31+03:00,1789558351,6946,59,3,30.0,47.0,,run
2026-09-16T14:32:37+03:00,1789558357,6952,59,3,30.0,41.4,,run
2026-09-16T14:32:42+03:00,1789558362,6957,59,3,30.0,39.8,,run
2026-09-16T14:32:47+03:00,1789558367,6962,59,3,30.0,38.3,,run
2026-09-16T14:32:52+03:00,1789558372,6967,59,3,30.0,37.7,,run
2026-09-16T14:32:58+03:00,1789558378,6973,59,3,30.0,38.0,,run
2026-09-16T14:33:03+03:00,1789558383,6978,59,3,30.0,39.5,,run
2026-09-16T14:33:08+03:00,1789558388,6983,59,3,30.0,37.4,,run
2026-09-16T14:33:13+03:00,1789558393,6988,59,3,30.0,36.8,,run
2026-09-16T14:33:19+03:00,1789558399,6994,59,3,30.0,52.2,,run
2026-09-16T14:33:24+03:00,1789558404,6999,59,3,30.0,39.2,,run
2026-09-16T14:33:29+03:00,1789558409,7004,59,3,30.0,39.5,,run
2026-09-16T14:33:34+03:00,1789558414,7009,59,3,30.0,38.6,,run
2026-09-16T14:33:40+03:00,1789558420,7015,59,3,30.0,38.6,,run
2026-09-16T14:33:45+03:00,1789558425,7020,59,3,30.0,38.0,,run
2026-09-16T14:33:50+03:00,1789558430,7025,59,3,30.0,38.6,,run
2026-09-16T14:33:55+03:00,1789558435,7030,59,3,30.0,38.9,,run
2026-09-16T14:34:00+03:00,1789558440,7035,59,3,30.0,38.9,,run
2026-09-16T14:34:06+03:00,1789558446,7041,59,3,30.0,38.0,,run
2026-09-16T14:34:11+03:00,1789558451,7046,59,3,30.0,39.2,,run
2026-09-16T14:34:16+03:00,1789558456,7051,59,3,30.0,39.2,,run
2026-09-16T14:34:21+03:00,1789558461,7056,59,3,30.0,38.6,,run
2026-09-16T14:34:27+03:00,1789558467,7062,59,3,30.0,38.6,,run
2026-09-16T14:34:32+03:00,1789558472,7067,59,3,30.0,41.1,,run
2026-09-16T14:34:37+03:00,1789558477,7072,59,3,30.0,43.6,,run
2026-09-16T14:34:42+03:00,1789558482,7077,59,3,29.9,42.9,,run
2026-09-16T14:34:47+03:00,1789558487,7082,59,3,29.9,38.3,,run
2026-09-16T14:34:53+03:00,1789558493,7088,59,3,29.9,38.3,,run
2026-09-16T14:34:58+03:00,1789558498,7093,59,3,29.9,38.0,,run
2026-09-16T14:35:03+03:00,1789558503,7098,59,3,29.9,37.4,,run
2026-09-16T14:35:08+03:00,1789558508,7103,59,3,29.9,37.4,,run
2026-09-16T14:35:14+03:00,1789558514,7109,59,3,29.9,36.8,,run
2026-09-16T14:35:19+03:00,1789558519,7114,59,3,29.9,48.5,,run
2026-09-16T14:35:24+03:00,1789558524,7119,59,3,29.9,41.4,,run
2026-09-16T14:35:29+03:00,1789558529,7124,59,3,29.9,38.9,,run
2026-09-16T14:35:35+03:00,1789558535,7130,59,3,29.9,38.9,,run
2026-09-16T14:35:40+03:00,1789558540,7135,59,3,29.9,38.3,,run
2026-09-16T14:35:45+03:00,1789558545,7140,59,3,29.9,37.4,,run
2026-09-16T14:35:50+03:00,1789558550,7145,59,3,29.9,39.2,,run
2026-09-16T14:35:56+03:00,1789558556,7151,59,3,29.9,38.3,,run
2026-09-16T14:36:01+03:00,1789558561,7156,59,3,29.9,38.3,,run
2026-09-16T14:36:06+03:00,1789558566,7161,59,3,29.9,38.3,,run
2026-09-16T14:36:11+03:00,1789558571,7166,59,3,29.9,37.1,,run
2026-09-16T14:36:16+03:00,1789558576,7171,59,3,29.9,38.0,,run
2026-09-16T14:36:22+03:00,1789558582,7177,59,3,29.9,38.3,,run
2026-09-16T14:36:27+03:00,1789558587,7182,59,3,29.9,38.3,,run
2026-09-16T14:36:32+03:00,1789558592,7187,59,3,29.9,37.7,,run
2026-09-16T14:36:37+03:00,1789558597,7192,59,3,29.9,48.5,,run
2026-09-16T14:36:43+03:00,1789558603,7198,59,3,29.9,39.5,,run
2026-09-16T14:36:48+03:00,1789558608,7203,59,3,29.9,38.6,,run
2026-09-16T14:36:53+03:00,1789558613,7208,59,3,29.9,37.7,,run
2026-09-16T14:36:58+03:00,1789558618,7213,59,3,29.9,38.6,,run
2026-09-16T14:37:03+03:00,1789558623,7218,59,3,29.9,38.0,,run
2026-09-16T14:37:09+03:00,1789558629,7224,59,3,29.9,37.7,,run
2026-09-16T14:37:14+03:00,1789558634,7229,59,3,29.9,39.2,,run
2026-09-16T14:37:19+03:00,1789558639,7234,59,3,29.9,43.2,,run
2026-09-16T14:37:25+03:00,1789558645,7240,59,3,29.9,43.2,,run
2026-09-16T14:37:30+03:00,1789558650,7245,59,3,29.9,39.5,,run
2026-09-16T14:37:35+03:00,1789558655,7250,59,3,29.9,40.2,,run
2026-09-16T14:37:40+03:00,1789558660,7255,59,3,29.9,38.6,,run
2026-09-16T14:37:46+03:00,1789558666,7261,59,3,29.9,38.3,,run
2026-09-16T14:37:51+03:00,1789558671,7266,59,3,29.9,39.2,,run
2026-09-16T14:37:56+03:00,1789558676,7271,59,3,29.9,39.5,,run
2026-09-16T14:38:01+03:00,1789558681,7276,58,3,29.8,38.6,,run
2026-09-16T14:38:06+03:00,1789558686,7281,58,3,29.8,39.2,,run
2026-09-16T14:38:12+03:00,1789558692,7287,58,3,29.8,38.0,,run
2026-09-16T14:38:17+03:00,1789558697,7292,58,3,29.8,38.3,,run
2026-09-16T14:38:22+03:00,1789558702,7297,58,3,29.8,38.9,,run
2026-09-16T14:38:27+03:00,1789558707,7302,58,3,29.8,39.2,,run
2026-09-16T14:38:33+03:00,1789558713,7308,58,3,29.8,38.3,,run
2026-09-16T14:38:38+03:00,1789558718,7313,58,3,29.8,48.5,,run
2026-09-16T14:38:43+03:00,1789558723,7318,58,3,29.8,40.8,,run
2026-09-16T14:38:48+03:00,1789558728,7323,58,3,29.8,38.0,,run
2026-09-16T14:38:54+03:00,1789558734,7329,58,3,29.8,38.0,,run
2026-09-16T14:38:59+03:00,1789558739,7334,58,3,29.8,37.1,,run
2026-09-16T14:39:04+03:00,1789558744,7339,58,3,29.8,37.7,,run
2026-09-16T14:39:09+03:00,1789558749,7344,58,3,29.8,38.0,,run
2026-09-16T14:39:14+03:00,1789558754,7349,58,3,29.8,37.4,,run
2026-09-16T14:39:20+03:00,1789558760,7355,58,3,29.8,37.7,,run
2026-09-16T14:39:25+03:00,1789558765,7360,58,3,29.8,49.7,,run
2026-09-16T14:39:30+03:00,1789558770,7365,58,3,29.8,39.8,,run
2026-09-16T14:39:35+03:00,1789558775,7370,58,3,29.8,38.6,,run
2026-09-16T14:39:41+03:00,1789558781,7376,58,3,29.8,38.3,,run
2026-09-16T14:39:46+03:00,1789558786,7381,58,3,29.8,38.9,,run
2026-09-16T14:39:51+03:00,1789558791,7386,58,3,29.8,38.9,,run
2026-09-16T14:39:56+03:00,1789558796,7391,58,3,29.8,38.0,,run
2026-09-16T14:40:01+03:00,1789558801,7396,58,3,29.8,38.0,,run
2026-09-16T14:40:07+03:00,1789558807,7402,58,3,29.8,38.0,,run
2026-09-16T14:40:12+03:00,1789558812,7407,58,3,29.8,38.3,,run
2026-09-16T14:40:17+03:00,1789558817,7412,58,3,29.8,39.2,,run
2026-09-16T14:40:22+03:00,1789558822,7417,58,3,29.8,38.0,,run
2026-09-16T14:40:28+03:00,1789558828,7423,58,3,29.8,38.6,,run
2026-09-16T14:40:33+03:00,1789558833,7428,58,3,29.8,38.6,,run
2026-09-16T14:40:38+03:00,1789558838,7433,58,3,29.8,39.8,,run
2026-09-16T14:40:43+03:00,1789558843,7438,58,3,29.8,42.0,,run
2026-09-16T14:40:48+03:00,1789558848,7443,58,3,29.8,41.4,,run
2026-09-16T14:40:54+03:00,1789558854,7449,58,3,29.8,38.9,,run
2026-09-16T14:40:59+03:00,1789558859,7454,58,3,29.8,37.1,,run
2026-09-16T14:41:04+03:00,1789558864,7459,58,3,29.8,38.0,,run
2026-09-16T14:41:09+03:00,1789558869,7464,58,3,29.8,37.7,,run
2026-09-16T14:41:15+03:00,1789558875,7470,58,3,29.8,36.8,,run
2026-09-16T14:41:20+03:00,1789558880,7475,58,3,29.8,37.4,,run
2026-09-16T14:41:25+03:00,1789558885,7480,58,3,29.8,51.3,,run
2026-09-16T14:41:30+03:00,1789558890,7485,58,3,29.8,39.2,,run
2026-09-16T14:41:36+03:00,1789558896,7491,58,3,29.8,38.6,,run
2026-09-16T14:41:41+03:00,1789558901,7496,58,3,29.8,37.7,,run
2026-09-16T14:41:46+03:00,1789558906,7501,58,3,29.8,38.6,,run
2026-09-16T14:41:51+03:00,1789558911,7506,58,3,29.8,38.6,,run
2026-09-16T14:41:56+03:00,1789558916,7511,58,3,29.8,38.6,,run
2026-09-16T14:42:02+03:00,1789558922,7517,58,3,29.8,38.3,,run
2026-09-16T14:42:07+03:00,1789558927,7522,58,3,29.8,38.6,,run
2026-09-16T14:42:12+03:00,1789558932,7527,58,3,29.8,38.3,,run
2026-09-16T14:42:17+03:00,1789558937,7532,58,3,29.8,38.0,,run
2026-09-16T14:42:23+03:00,1789558943,7538,58,3,29.8,37.4,,run
2026-09-16T14:42:28+03:00,1789558948,7543,58,3,29.8,38.3,,run
2026-09-16T14:42:33+03:00,1789558953,7548,58,3,29.8,38.6,,run
2026-09-16T14:42:38+03:00,1789558958,7553,58,3,29.8,45.7,,run
2026-09-16T14:42:43+03:00,1789558963,7558,58,3,29.8,43.6,,run
2026-09-16T14:42:49+03:00,1789558969,7564,58,3,29.8,42.9,,run
2026-09-16T14:42:54+03:00,1789558974,7569,58,3,29.8,38.6,,run
2026-09-16T14:42:59+03:00,1789558979,7574,58,3,29.8,38.3,,run
2026-09-16T14:43:04+03:00,1789558984,7579,58,3,29.8,37.1,,run
2026-09-16T14:43:09+03:00,1789558989,7584,58,3,29.8,36.4,,run
2026-09-16T14:43:15+03:00,1789558995,7590,58,3,29.8,37.4,,run
2026-09-16T14:43:20+03:00,1789559000,7595,58,3,29.8,37.4,,run
2026-09-16T14:43:25+03:00,1789559005,7600,58,3,29.8,47.0,,run
2026-09-16T14:43:31+03:00,1789559011,7606,58,3,29.8,40.8,,run
2026-09-16T14:43:36+03:00,1789559016,7611,58,3,29.8,39.2,,run
2026-09-16T14:43:41+03:00,1789559021,7616,58,3,29.8,38.0,,run
2026-09-16T14:43:46+03:00,1789559026,7621,58,3,29.8,38.3,,run
2026-09-16T14:43:52+03:00,1789559032,7627,58,3,29.8,37.4,,run
2026-09-16T14:43:57+03:00,1789559037,7632,58,3,29.8,38.6,,run
2026-09-16T14:44:02+03:00,1789559042,7637,58,3,29.8,38.3,,run
2026-09-16T14:44:07+03:00,1789559047,7642,58,3,29.8,37.1,,run
2026-09-16T14:44:12+03:00,1789559052,7647,58,3,29.8,38.0,,run
2026-09-16T14:44:18+03:00,1789559058,7653,58,3,29.8,37.7,,run
2026-09-16T14:44:23+03:00,1789559063,7658,58,3,29.8,37.7,,run
2026-09-16T14:44:28+03:00,1789559068,7663,58,3,29.8,38.0,,run
2026-09-16T14:44:33+03:00,1789559073,7668,58,3,29.8,38.0,,run
2026-09-16T14:44:39+03:00,1789559079,7674,58,3,29.8,38.3,,run
2026-09-16T14:44:44+03:00,1789559084,7679,58,3,29.4,47.9,,run
2026-09-16T14:44:49+03:00,1789559089,7684,58,3,29.4,38.3,,run
2026-09-16T14:44:54+03:00,1789559094,7689,58,3,29.4,38.0,,run
2026-09-16T14:44:59+03:00,1789559099,7694,58,3,29.4,38.0,,run
2026-09-16T14:45:05+03:00,1789559105,7700,58,3,29.4,36.8,,run
2026-09-16T14:45:10+03:00,1789559110,7705,58,3,29.4,37.4,,run
2026-09-16T14:45:15+03:00,1789559115,7710,58,3,29.4,36.4,,run
2026-09-16T14:45:20+03:00,1789559120,7715,58,3,29.4,37.4,,run
2026-09-16T14:45:26+03:00,1789559126,7721,58,3,29.4,40.2,,run
2026-09-16T14:45:31+03:00,1789559131,7726,58,3,29.4,45.4,,run
2026-09-16T14:45:36+03:00,1789559136,7731,58,3,29.4,38.3,,run
2026-09-16T14:45:41+03:00,1789559141,7736,58,3,29.4,38.3,,run
2026-09-16T14:45:47+03:00,1789559147,7742,58,3,29.4,38.0,,run
2026-09-16T14:45:52+03:00,1789559152,7747,58,3,29.4,37.7,,run
2026-09-16T14:45:57+03:00,1789559157,7752,58,3,29.4,37.4,,run
2026-09-16T14:46:02+03:00,1789559162,7757,58,3,29.4,38.9,,run
2026-09-16T14:46:08+03:00,1789559168,7763,58,3,29.4,38.9,,run
2026-09-16T14:46:13+03:00,1789559173,7768,58,3,29.4,38.6,,run
2026-09-16T14:46:18+03:00,1789559178,7773,58,3,29.4,38.3,,run
2026-09-16T14:46:23+03:00,1789559183,7778,58,3,29.4,38.3,,run
2026-09-16T14:46:28+03:00,1789559188,7783,58,3,29.4,38.3,,run
2026-09-16T14:46:34+03:00,1789559194,7789,58,3,29.4,37.4,,run
2026-09-16T14:46:39+03:00,1789559199,7794,58,3,29.4,38.0,,run
2026-09-16T14:46:44+03:00,1789559204,7799,58,3,29.4,49.1,,run
2026-09-16T14:46:50+03:00,1789559210,7805,58,3,29.4,40.2,,run
2026-09-16T14:46:55+03:00,1789559215,7810,58,3,29.4,38.6,,run
2026-09-16T14:47:00+03:00,1789559220,7815,58,3,29.4,37.7,,run
2026-09-16T14:47:05+03:00,1789559225,7820,58,3,29.4,37.1,,run
2026-09-16T14:47:11+03:00,1789559231,7826,58,3,29.4,38.0,,run
2026-09-16T14:47:16+03:00,1789559236,7831,58,3,29.4,37.4,,run
2026-09-16T14:47:21+03:00,1789559241,7836,58,3,29.4,37.4,,run
2026-09-16T14:47:26+03:00,1789559246,7841,58,3,29.4,38.3,,run
2026-09-16T14:47:31+03:00,1789559251,7846,58,3,29.4,42.3,,run
2026-09-16T14:47:37+03:00,1789559257,7852,58,3,29.4,38.6,,run
2026-09-16T14:47:42+03:00,1789559262,7857,58,3,29.4,39.2,,run
2026-09-16T14:47:47+03:00,1789559267,7862,58,3,29.4,38.6,,run
2026-09-16T14:47:52+03:00,1789559272,7867,58,3,29.4,38.3,,run
2026-09-16T14:47:58+03:00,1789559278,7873,58,3,29.4,37.1,,run
2026-09-16T14:48:03+03:00,1789559283,7878,58,3,29.4,37.7,,run
2026-09-16T14:48:08+03:00,1789559288,7883,58,3,29.4,37.1,,run
2026-09-16T14:48:13+03:00,1789559293,7888,58,3,29.4,37.7,,run
2026-09-16T14:48:18+03:00,1789559298,7893,58,3,29.4,37.7,,run
2026-09-16T14:48:24+03:00,1789559304,7899,58,3,29.4,37.1,,run
2026-09-16T14:48:29+03:00,1789559309,7904,58,3,29.4,38.6,,run
2026-09-16T14:48:34+03:00,1789559314,7909,58,3,29.4,38.3,,run
2026-09-16T14:48:39+03:00,1789559319,7914,58,3,29.4,37.7,,run
2026-09-16T14:48:45+03:00,1789559325,7920,58,3,29.4,51.3,,run
2026-09-16T14:48:50+03:00,1789559330,7925,58,3,29.4,40.8,,run
2026-09-16T14:48:55+03:00,1789559335,7930,58,3,29.4,40.2,,run
2026-09-16T14:49:01+03:00,1789559341,7936,58,3,29.4,38.0,,run
2026-09-16T14:49:06+03:00,1789559346,7941,58,3,29.4,37.1,,run
2026-09-16T14:49:11+03:00,1789559351,7946,58,3,29.4,37.1,,run
2026-09-16T14:49:16+03:00,1789559356,7951,58,3,29.4,37.1,,run
2026-09-16T14:49:21+03:00,1789559361,7956,58,3,29.4,36.4,,run
2026-09-16T14:49:27+03:00,1789559367,7962,58,3,29.4,36.1,,run
2026-09-16T14:49:32+03:00,1789559372,7967,58,3,29.4,42.6,,run
2026-09-16T14:49:37+03:00,1789559377,7972,58,3,29.4,38.6,,run
2026-09-16T14:49:42+03:00,1789559382,7977,58,3,29.4,38.0,,run
2026-09-16T14:49:48+03:00,1789559388,7983,58,3,29.4,37.7,,run
2026-09-16T14:49:53+03:00,1789559393,7988,58,3,29.4,37.4,,run
2026-09-16T14:49:58+03:00,1789559398,7993,58,3,29.4,38.0,,run
2026-09-16T14:50:03+03:00,1789559403,7998,58,3,29.4,37.4,,run
2026-09-16T14:50:08+03:00,1789559408,8003,58,3,29.4,37.7,,run
2026-09-16T14:50:14+03:00,1789559414,8009,58,3,29.4,38.0,,run
2026-09-16T14:50:19+03:00,1789559419,8014,58,3,29.4,37.1,,run
2026-09-16T14:50:24+03:00,1789559424,8019,58,3,29.4,37.7,,run
2026-09-16T14:50:29+03:00,1789559429,8024,58,3,29.4,39.2,,run
2026-09-16T14:50:35+03:00,1789559435,8030,58,3,29.4,38.0,,run
2026-09-16T14:50:40+03:00,1789559440,8035,58,3,29.4,37.7,,run
2026-09-16T14:50:45+03:00,1789559445,8040,58,3,29.4,47.9,,run
2026-09-16T14:50:50+03:00,1789559450,8045,57,3,29.2,39.2,,run
2026-09-16T14:50:56+03:00,1789559456,8051,57,3,29.2,38.9,,run
2026-09-16T14:51:01+03:00,1789559461,8056,57,3,29.2,37.7,,run
2026-09-16T14:51:06+03:00,1789559466,8061,57,3,29.2,36.8,,run
2026-09-16T14:51:11+03:00,1789559471,8066,57,3,29.2,36.4,,run
2026-09-16T14:51:17+03:00,1789559477,8072,57,3,29.2,37.4,,run
2026-09-16T14:51:22+03:00,1789559482,8077,57,3,29.2,36.4,,run
2026-09-16T14:51:27+03:00,1789559487,8082,57,3,29.2,36.8,,run
2026-09-16T14:51:32+03:00,1789559492,8087,57,3,29.2,49.7,,run
2026-09-16T14:51:38+03:00,1789559498,8093,57,3,29.2,39.8,,run
2026-09-16T14:51:43+03:00,1789559503,8098,57,3,29.2,38.3,,run
2026-09-16T14:51:48+03:00,1789559508,8103,57,3,29.2,38.3,,run
2026-09-16T14:51:53+03:00,1789559513,8108,57,3,29.2,36.8,,run
2026-09-16T14:51:58+03:00,1789559518,8113,57,3,29.2,37.1,,run
2026-09-16T14:52:04+03:00,1789559524,8119,57,3,29.2,38.0,,run
2026-09-16T14:52:09+03:00,1789559529,8124,57,3,29.2,37.1,,run
2026-09-16T14:52:14+03:00,1789559534,8129,57,3,29.2,37.7,,run
2026-09-16T14:52:19+03:00,1789559539,8134,57,3,29.2,38.0,,run
2026-09-16T14:52:25+03:00,1789559545,8140,57,3,29.2,37.4,,run
2026-09-16T14:52:30+03:00,1789559550,8145,57,3,29.2,37.4,,run
2026-09-16T14:52:35+03:00,1789559555,8150,57,3,29.2,37.4,,run
2026-09-16T14:52:40+03:00,1789559560,8155,57,3,29.2,37.4,,run
2026-09-16T14:52:45+03:00,1789559565,8160,57,3,29.2,43.9,,run
2026-09-16T14:52:51+03:00,1789559571,8166,57,3,29.2,43.6,,run
2026-09-16T14:52:56+03:00,1789559576,8171,57,3,29.2,42.3,,run
2026-09-16T14:53:01+03:00,1789559581,8176,57,3,29.2,38.0,,run
2026-09-16T14:53:06+03:00,1789559586,8181,57,3,29.2,37.7,,run
2026-09-16T14:53:12+03:00,1789559592,8187,57,3,29.2,37.4,,run
2026-09-16T14:53:17+03:00,1789559597,8192,57,3,29.2,39.2,,run
2026-09-16T14:53:22+03:00,1789559602,8197,57,3,29.2,38.3,,run
2026-09-16T14:53:27+03:00,1789559607,8202,57,3,29.2,37.4,,run
2026-09-16T14:53:32+03:00,1789559612,8207,57,3,29.2,48.2,,run
2026-09-16T14:53:38+03:00,1789559618,8213,57,3,29.2,40.8,,run
2026-09-16T14:53:43+03:00,1789559623,8218,57,3,29.2,38.6,,run
2026-09-16T14:53:48+03:00,1789559628,8223,57,3,29.2,39.2,,run
2026-09-16T14:53:53+03:00,1789559633,8228,57,3,29.2,38.6,,run
2026-09-16T14:53:59+03:00,1789559639,8234,57,3,29.2,38.9,,run
2026-09-16T14:54:04+03:00,1789559644,8239,57,3,29.2,37.4,,run
2026-09-16T14:54:09+03:00,1789559649,8244,57,3,29.2,38.0,,run
2026-09-16T14:54:14+03:00,1789559654,8249,57,3,29.2,37.4,,run
2026-09-16T14:54:20+03:00,1789559660,8255,57,3,29.2,38.6,,run
2026-09-16T14:54:25+03:00,1789559665,8260,57,3,29.2,38.0,,run
2026-09-16T14:54:30+03:00,1789559670,8265,57,3,29.2,37.4,,run
2026-09-16T14:54:35+03:00,1789559675,8270,57,3,29.2,39.2,,run
2026-09-16T14:54:40+03:00,1789559680,8275,57,3,29.0,38.3,,run
2026-09-16T14:54:46+03:00,1789559686,8281,57,3,29.0,42.9,,run
2026-09-16T14:54:51+03:00,1789559691,8286,57,3,29.0,49.4,,run
2026-09-16T14:54:56+03:00,1789559696,8291,57,3,29.0,40.2,,run
2026-09-16T14:55:01+03:00,1789559701,8296,57,3,29.0,38.3,,run
2026-09-16T14:55:07+03:00,1789559707,8302,57,3,29.0,37.1,,run
2026-09-16T14:55:12+03:00,1789559712,8307,57,3,29.0,36.8,,run
2026-09-16T14:55:17+03:00,1789559717,8312,57,3,29.0,36.4,,run
2026-09-16T14:55:22+03:00,1789559722,8317,57,3,29.0,38.0,,run
2026-09-16T14:55:28+03:00,1789559728,8323,57,3,29.0,36.4,,run
2026-09-16T14:55:33+03:00,1789559733,8328,57,3,29.0,39.2,,run
2026-09-16T14:55:38+03:00,1789559738,8333,57,3,29.0,43.9,,run
2026-09-16T14:55:43+03:00,1789559743,8338,57,3,29.0,39.5,,run
2026-09-16T14:55:49+03:00,1789559749,8344,57,3,29.0,38.9,,run
2026-09-16T14:55:54+03:00,1789559754,8349,57,3,29.0,38.0,,run
2026-09-16T14:55:59+03:00,1789559759,8354,57,3,29.0,39.5,,run
2026-09-16T14:56:04+03:00,1789559764,8359,57,3,29.0,38.0,,run
2026-09-16T14:56:09+03:00,1789559769,8364,57,3,29.0,38.6,,run
2026-09-16T14:56:15+03:00,1789559775,8370,57,3,29.0,37.7,,run
2026-09-16T14:56:20+03:00,1789559780,8375,57,3,29.0,37.1,,run
2026-09-16T14:56:25+03:00,1789559785,8380,57,3,29.0,37.4,,run
2026-09-16T14:56:30+03:00,1789559790,8385,57,3,29.0,37.7,,run
2026-09-16T14:56:36+03:00,1789559796,8391,57,3,29.0,37.4,,run
2026-09-16T14:56:41+03:00,1789559801,8396,57,3,29.0,37.7,,run
2026-09-16T14:56:46+03:00,1789559806,8401,57,3,29.0,37.1,,run
2026-09-16T14:56:51+03:00,1789559811,8406,57,3,29.0,48.2,,run
2026-09-16T14:56:57+03:00,1789559817,8412,57,3,29.0,38.6,,run
2026-09-16T14:57:02+03:00,1789559822,8417,57,3,29.0,38.9,,run
2026-09-16T14:57:07+03:00,1789559827,8422,57,3,29.0,37.4,,run
2026-09-16T14:57:13+03:00,1789559833,8428,57,3,29.0,37.4,,run
2026-09-16T14:57:18+03:00,1789559838,8433,57,3,29.0,37.4,,run
2026-09-16T14:57:23+03:00,1789559843,8438,57,3,29.0,37.7,,run
2026-09-16T14:57:28+03:00,1789559848,8443,57,3,29.0,36.1,,run
2026-09-16T14:57:33+03:00,1789559853,8448,57,3,29.0,38.6,,run
2026-09-16T14:57:39+03:00,1789559859,8454,57,3,29.0,43.9,,run
2026-09-16T14:57:44+03:00,1789559864,8459,57,3,29.0,38.3,,run
2026-09-16T14:57:49+03:00,1789559869,8464,57,3,29.0,38.9,,run
2026-09-16T14:57:54+03:00,1789559874,8469,57,3,29.0,38.0,,run
2026-09-16T14:58:00+03:00,1789559880,8475,57,3,29.0,38.0,,run
2026-09-16T14:58:05+03:00,1789559885,8480,57,3,29.0,37.4,,run
2026-09-16T14:58:10+03:00,1789559890,8485,57,3,29.0,37.4,,run
2026-09-16T14:58:15+03:00,1789559895,8490,57,3,29.0,37.1,,run
2026-09-16T14:58:21+03:00,1789559901,8496,57,3,29.0,38.0,,run
2026-09-16T14:58:26+03:00,1789559906,8501,57,3,29.0,37.1,,run
2026-09-16T14:58:31+03:00,1789559911,8506,57,3,29.0,36.8,,run
2026-09-16T14:58:36+03:00,1789559916,8511,57,3,29.0,37.4,,run
2026-09-16T14:58:41+03:00,1789559921,8516,57,3,29.0,37.7,,run
2026-09-16T14:58:47+03:00,1789559927,8522,57,3,29.0,38.3,,run
2026-09-16T14:58:52+03:00,1789559932,8527,57,3,29.0,51.6,,run
2026-09-16T14:58:57+03:00,1789559937,8532,57,3,29.0,40.5,,run
2026-09-16T14:59:02+03:00,1789559942,8537,57,3,29.0,38.6,,run
2026-09-16T14:59:08+03:00,1789559948,8543,57,3,29.0,37.4,,run
2026-09-16T14:59:13+03:00,1789559953,8548,57,3,29.0,36.4,,run
2026-09-16T14:59:18+03:00,1789559958,8553,57,3,29.0,36.8,,run
2026-09-16T14:59:23+03:00,1789559963,8558,57,3,29.0,38.0,,run
2026-09-16T14:59:29+03:00,1789559969,8564,57,3,29.0,36.8,,run
2026-09-16T14:59:34+03:00,1789559974,8569,57,3,29.0,35.8,,run
2026-09-16T14:59:39+03:00,1789559979,8574,57,3,29.0,50.7,,run
2026-09-16T14:59:44+03:00,1789559984,8579,57,3,29.0,39.5,,run
2026-09-16T14:59:50+03:00,1789559990,8585,57,3,29.0,38.0,,run
2026-09-16T14:59:55+03:00,1789559995,8590,57,3,29.0,37.4,,run
2026-09-16T15:00:00+03:00,1789560000,8595,57,3,29.0,38.0,,run
2026-09-16T15:00:05+03:00,1789560005,8600,57,3,29.0,37.4,,run
2026-09-16T15:00:10+03:00,1789560010,8605,57,3,29.0,37.7,,run
2026-09-16T15:00:16+03:00,1789560016,8611,57,3,29.0,37.7,,run
2026-09-16T15:00:21+03:00,1789560021,8616,57,3,29.0,36.4,,run
2026-09-16T15:00:26+03:00,1789560026,8621,57,3,29.0,36.8,,run
2026-09-16T15:00:31+03:00,1789560031,8626,57,3,29.0,38.0,,run
2026-09-16T15:00:37+03:00,1789560037,8632,57,3,29.0,37.7,,run
2026-09-16T15:00:42+03:00,1789560042,8637,57,3,29.0,37.7,,run
2026-09-16T15:00:47+03:00,1789560047,8642,57,3,29.0,37.4,,run
2026-09-16T15:00:52+03:00,1789560052,8647,57,3,29.0,38.9,,run
2026-09-16T15:00:57+03:00,1789560057,8652,57,3,29.0,41.1,,run
2026-09-16T15:01:03+03:00,1789560063,8658,57,3,29.0,40.2,,run
2026-09-16T15:01:08+03:00,1789560068,8663,57,3,29.0,38.0,,run
2026-09-16T15:01:13+03:00,1789560073,8668,57,3,29.0,36.8,,run
2026-09-16T15:01:18+03:00,1789560078,8673,57,3,29.0,37.1,,run
2026-09-16T15:01:24+03:00,1789560084,8679,57,3,29.0,37.4,,run
2026-09-16T15:01:29+03:00,1789560089,8684,57,3,29.0,36.1,,run
2026-09-16T15:01:34+03:00,1789560094,8689,57,3,29.0,36.1,,run
2026-09-16T15:01:39+03:00,1789560099,8694,57,3,29.0,49.7,,run
2026-09-16T15:01:44+03:00,1789560104,8699,57,3,29.0,38.9,,run
2026-09-16T15:01:50+03:00,1789560110,8705,57,3,29.0,38.0,,run
2026-09-16T15:01:55+03:00,1789560115,8710,57,3,29.0,38.0,,run
2026-09-16T15:02:00+03:00,1789560120,8715,57,3,29.0,38.0,,run
2026-09-16T15:02:05+03:00,1789560125,8720,57,3,29.0,43.6,,run
2026-09-16T15:02:11+03:00,1789560131,8726,57,3,29.0,38.3,,run
2026-09-16T15:02:16+03:00,1789560136,8731,57,3,29.0,37.7,,run
2026-09-16T15:02:21+03:00,1789560141,8736,57,3,29.0,37.7,,run
2026-09-16T15:02:26+03:00,1789560146,8741,57,3,29.0,37.1,,run
2026-09-16T15:02:31+03:00,1789560151,8746,57,3,29.0,37.4,,run
2026-09-16T15:02:37+03:00,1789560157,8752,57,3,29.0,36.8,,run
2026-09-16T15:02:42+03:00,1789560162,8757,57,3,29.0,37.7,,run
2026-09-16T15:02:47+03:00,1789560167,8762,57,3,29.0,38.0,,run
2026-09-16T15:02:52+03:00,1789560172,8767,57,3,29.0,39.5,,run
2026-09-16T15:02:58+03:00,1789560178,8773,57,3,29.0,41.4,,run
2026-09-16T15:03:03+03:00,1789560183,8778,57,3,29.0,40.2,,run
2026-09-16T15:03:08+03:00,1789560188,8783,57,3,29.0,37.7,,run
2026-09-16T15:03:13+03:00,1789560193,8788,57,3,29.0,37.7,,run
2026-09-16T15:03:18+03:00,1789560198,8793,57,3,29.0,37.4,,run
2026-09-16T15:03:24+03:00,1789560204,8799,57,3,29.0,37.7,,run
2026-09-16T15:03:29+03:00,1789560209,8804,57,3,29.0,36.1,,run
2026-09-16T15:03:34+03:00,1789560214,8809,57,3,29.0,36.4,,run
2026-09-16T15:03:39+03:00,1789560219,8814,57,3,29.0,49.1,,run
2026-09-16T15:03:45+03:00,1789560225,8820,57,3,29.0,41.1,,run
2026-09-16T15:03:50+03:00,1789560230,8825,57,3,29.0,37.7,,run
2026-09-16T15:03:55+03:00,1789560235,8830,57,3,29.0,37.7,,run
2026-09-16T15:04:00+03:00,1789560240,8835,57,3,29.0,37.1,,run
2026-09-16T15:04:06+03:00,1789560246,8841,57,3,29.0,37.7,,run
2026-09-16T15:04:11+03:00,1789560251,8846,57,3,29.0,38.3,,run
2026-09-16T15:04:16+03:00,1789560256,8851,57,3,29.0,38.3,,run
2026-09-16T15:04:21+03:00,1789560261,8856,57,3,29.0,38.3,,run
2026-09-16T15:04:27+03:00,1789560267,8862,57,3,29.0,37.4,,run
2026-09-16T15:04:32+03:00,1789560272,8867,57,3,29.0,37.4,,run
2026-09-16T15:04:37+03:00,1789560277,8872,57,3,29.0,38.0,,run
2026-09-16T15:04:42+03:00,1789560282,8877,56,3,29.1,37.7,,run
2026-09-16T15:04:47+03:00,1789560287,8882,56,3,29.1,37.4,,run
2026-09-16T15:04:53+03:00,1789560293,8888,56,3,29.1,43.9,,run
2026-09-16T15:04:58+03:00,1789560298,8893,56,3,29.1,46.7,,run
2026-09-16T15:05:03+03:00,1789560303,8898,56,3,29.1,42.9,,run
2026-09-16T15:05:08+03:00,1789560308,8903,56,3,29.1,37.7,,run
2026-09-16T15:05:14+03:00,1789560314,8909,56,3,29.1,37.1,,run
2026-09-16T15:05:19+03:00,1789560319,8914,56,3,29.1,37.1,,run
2026-09-16T15:05:24+03:00,1789560324,8919,56,3,29.1,37.1,,run
2026-09-16T15:05:29+03:00,1789560329,8924,56,3,29.1,36.1,,run
2026-09-16T15:05:34+03:00,1789560334,8929,56,3,29.1,36.1,,run
2026-09-16T15:05:40+03:00,1789560340,8935,56,3,29.1,43.9,,run
2026-09-16T15:05:45+03:00,1789560345,8940,56,3,29.1,42.0,,run
2026-09-16T15:05:51+03:00,1789560351,8946,56,3,29.1,38.0,,run
2026-09-16T15:05:56+03:00,1789560356,8951,56,3,29.1,38.3,,run
2026-09-16T15:06:01+03:00,1789560361,8956,56,3,29.1,38.0,,run
2026-09-16T15:06:06+03:00,1789560366,8961,56,3,29.1,38.0,,run
2026-09-16T15:06:11+03:00,1789560371,8966,56,3,29.1,37.4,,run
2026-09-16T15:06:17+03:00,1789560377,8972,56,3,29.1,37.1,,run
2026-09-16T15:06:22+03:00,1789560382,8977,56,3,29.1,37.4,,run
2026-09-16T15:06:27+03:00,1789560387,8982,56,3,29.1,38.0,,run
2026-09-16T15:06:32+03:00,1789560392,8987,56,3,29.1,38.0,,run
2026-09-16T15:06:38+03:00,1789560397,8992,56,3,29.1,37.4,,run
2026-09-16T15:06:43+03:00,1789560403,8998,56,3,29.1,37.4,,run
2026-09-16T15:06:48+03:00,1789560408,9003,56,3,29.1,37.1,,run
2026-09-16T15:06:53+03:00,1789560413,9008,56,3,29.1,36.8,,run
2026-09-16T15:06:58+03:00,1789560418,9013,56,3,29.1,49.1,,run
2026-09-16T15:07:04+03:00,1789560424,9019,56,3,29.1,38.6,,run
2026-09-16T15:07:09+03:00,1789560429,9024,56,3,29.1,37.7,,run
2026-09-16T15:07:14+03:00,1789560434,9029,56,3,29.1,36.8,,run
2026-09-16T15:07:20+03:00,1789560440,9035,56,3,29.1,37.1,,run
2026-09-16T15:07:25+03:00,1789560445,9040,56,3,29.1,36.8,,run
2026-09-16T15:07:30+03:00,1789560450,9045,56,3,29.1,37.7,,run
2026-09-16T15:07:35+03:00,1789560455,9050,56,3,29.1,36.8,,run
2026-09-16T15:07:41+03:00,1789560461,9056,56,3,29.1,39.2,,run
2026-09-16T15:07:46+03:00,1789560466,9061,56,3,29.1,42.6,,run
2026-09-16T15:07:51+03:00,1789560471,9066,56,3,29.1,38.3,,run
2026-09-16T15:07:56+03:00,1789560476,9071,56,3,29.1,38.0,,run
2026-09-16T15:08:02+03:00,1789560482,9077,56,3,29.1,38.3,,run
2026-09-16T15:08:07+03:00,1789560487,9082,56,3,29.1,38.6,,run
2026-09-16T15:08:12+03:00,1789560492,9087,56,3,29.1,37.4,,run
2026-09-16T15:08:17+03:00,1789560497,9092,56,3,29.1,38.3,,run
2026-09-16T15:08:22+03:00,1789560502,9097,56,3,29.1,38.0,,run
2026-09-16T15:08:28+03:00,1789560508,9103,56,3,29.1,38.0,,run
2026-09-16T15:08:33+03:00,1789560513,9108,56,3,29.1,38.6,,run
2026-09-16T15:08:38+03:00,1789560518,9113,56,3,29.1,37.7,,run
2026-09-16T15:08:43+03:00,1789560523,9118,56,3,29.1,38.3,,run
2026-09-16T15:08:49+03:00,1789560529,9124,56,3,29.1,37.4,,run
2026-09-16T15:08:54+03:00,1789560534,9129,56,3,29.1,37.1,,run
2026-09-16T15:08:59+03:00,1789560539,9134,56,3,29.1,51.3,,run
2026-09-16T15:09:05+03:00,1789560545,9140,56,3,29.1,40.2,,run
2026-09-16T15:09:10+03:00,1789560550,9145,56,3,29.1,38.9,,run
2026-09-16T15:09:15+03:00,1789560555,9150,56,3,29.1,36.4,,run
2026-09-16T15:09:20+03:00,1789560560,9155,56,3,29.1,36.4,,run
2026-09-16T15:09:25+03:00,1789560565,9160,56,3,29.1,48.8,,run
2026-09-16T15:09:31+03:00,1789560571,9166,56,3,29.1,39.2,,run
2026-09-16T15:09:36+03:00,1789560576,9171,56,3,29.1,39.2,,run
2026-09-16T15:09:41+03:00,1789560581,9176,56,3,29.1,39.5,,run
2026-09-16T15:09:47+03:00,1789560587,9182,56,3,29.1,37.7,,run
2026-09-16T15:09:52+03:00,1789560592,9187,56,3,29.1,38.3,,run
2026-09-16T15:09:57+03:00,1789560597,9192,56,3,29.1,37.7,,run
2026-09-16T15:10:02+03:00,1789560602,9197,56,3,29.1,38.3,,run
2026-09-16T15:10:08+03:00,1789560608,9203,56,3,29.1,38.3,,run
2026-09-16T15:10:13+03:00,1789560613,9208,56,3,29.1,38.3,,run
2026-09-16T15:10:18+03:00,1789560618,9213,56,3,29.1,37.7,,run
2026-09-16T15:10:23+03:00,1789560623,9218,56,3,29.1,37.4,,run
2026-09-16T15:10:28+03:00,1789560628,9223,56,3,29.1,37.7,,run
2026-09-16T15:10:34+03:00,1789560634,9229,56,3,29.1,37.4,,run
2026-09-16T15:10:39+03:00,1789560639,9234,56,3,29.1,36.8,,run
2026-09-16T15:10:44+03:00,1789560644,9239,56,3,29.1,43.2,,run
2026-09-16T15:10:49+03:00,1789560649,9244,56,3,29.1,38.0,,run
2026-09-16T15:10:55+03:00,1789560655,9250,56,3,29.1,39.5,,run
2026-09-16T15:11:00+03:00,1789560660,9255,56,3,29.1,38.6,,run
2026-09-16T15:11:05+03:00,1789560665,9260,56,3,29.1,37.4,,run
2026-09-16T15:11:10+03:00,1789560670,9265,56,3,29.1,37.4,,run
2026-09-16T15:11:15+03:00,1789560675,9270,56,3,29.1,36.4,,run
2026-09-16T15:11:21+03:00,1789560681,9276,56,3,29.1,37.1,,run
2026-09-16T15:11:26+03:00,1789560686,9281,56,3,29.1,38.3,,run
2026-09-16T15:11:31+03:00,1789560691,9286,56,3,29.1,44.2,,run
2026-09-16T15:11:36+03:00,1789560696,9291,56,3,29.1,38.9,,run
2026-09-16T15:11:42+03:00,1789560702,9297,56,3,29.1,39.2,,run
2026-09-16T15:11:47+03:00,1789560707,9302,56,3,29.1,37.7,,run
2026-09-16T15:11:52+03:00,1789560712,9307,56,3,29.1,38.9,,run
2026-09-16T15:11:57+03:00,1789560717,9312,56,3,29.1,37.7,,run
2026-09-16T15:12:03+03:00,1789560723,9318,56,3,29.1,37.4,,run
2026-09-16T15:12:08+03:00,1789560728,9323,56,3,29.1,37.1,,run
2026-09-16T15:12:13+03:00,1789560733,9328,56,3,29.1,38.0,,run
2026-09-16T15:12:18+03:00,1789560738,9333,56,3,29.1,37.7,,run
2026-09-16T15:12:23+03:00,1789560743,9338,56,3,29.1,38.3,,run
2026-09-16T15:12:29+03:00,1789560749,9344,56,3,29.1,37.4,,run
2026-09-16T15:12:34+03:00,1789560754,9349,56,3,29.1,37.4,,run
2026-09-16T15:12:39+03:00,1789560759,9354,56,3,29.1,38.0,,run
2026-09-16T15:12:44+03:00,1789560764,9359,56,3,29.1,49.4,,run
2026-09-16T15:12:50+03:00,1789560770,9365,56,3,29.1,39.5,,run
2026-09-16T15:12:55+03:00,1789560775,9370,56,3,29.1,38.0,,run
2026-09-16T15:13:00+03:00,1789560780,9375,56,3,29.1,38.0,,run
2026-09-16T15:13:06+03:00,1789560786,9381,56,3,29.1,37.7,,run
2026-09-16T15:13:11+03:00,1789560791,9386,56,3,29.1,37.4,,run
2026-09-16T15:13:16+03:00,1789560796,9391,56,3,29.1,37.4,,run
2026-09-16T15:13:21+03:00,1789560801,9396,56,3,29.1,46.7,,run
2026-09-16T15:13:27+03:00,1789560807,9402,56,3,29.1,40.8,,run
2026-09-16T15:13:32+03:00,1789560812,9407,56,3,29.1,38.0,,run
2026-09-16T15:13:37+03:00,1789560817,9412,56,3,29.1,37.4,,run
2026-09-16T15:13:42+03:00,1789560822,9417,56,3,29.1,37.7,,run
2026-09-16T15:13:48+03:00,1789560828,9423,56,3,29.1,37.4,,run
2026-09-16T15:13:53+03:00,1789560833,9428,56,3,29.1,37.1,,run
2026-09-16T15:13:58+03:00,1789560838,9433,56,3,29.1,37.7,,run
2026-09-16T15:14:03+03:00,1789560843,9438,56,3,29.1,37.4,,run
2026-09-16T15:14:09+03:00,1789560849,9444,56,3,29.1,38.3,,run
2026-09-16T15:14:14+03:00,1789560854,9449,56,3,29.1,37.7,,run
2026-09-16T15:14:19+03:00,1789560859,9454,56,3,29.1,38.3,,run
2026-09-16T15:14:24+03:00,1789560864,9459,56,3,29.1,38.3,,run
2026-09-16T15:14:29+03:00,1789560869,9464,56,3,29.1,38.0,,run
2026-09-16T15:14:35+03:00,1789560875,9470,56,3,29.1,36.8,,run
2026-09-16T15:14:40+03:00,1789560880,9475,56,3,29.1,48.2,,run
2026-09-16T15:14:45+03:00,1789560885,9480,56,3,29.3,39.2,,run
2026-09-16T15:14:50+03:00,1789560890,9485,56,3,29.3,38.3,,run
2026-09-16T15:14:56+03:00,1789560896,9491,56,3,29.3,36.8,,run
2026-09-16T15:15:01+03:00,1789560901,9496,56,3,29.3,37.7,,run
2026-09-16T15:15:06+03:00,1789560906,9501,56,3,29.3,37.1,,run
2026-09-16T15:15:11+03:00,1789560911,9506,56,3,29.3,36.8,,run
2026-09-16T15:15:16+03:00,1789560916,9511,56,3,29.3,36.8,,run
2026-09-16T15:15:22+03:00,1789560922,9517,56,3,29.3,44.8,,run
2026-09-16T15:15:27+03:00,1789560927,9522,56,3,29.3,40.8,,run
2026-09-16T15:15:32+03:00,1789560932,9527,56,3,29.3,38.3,,run
2026-09-16T15:15:38+03:00,1789560938,9533,56,3,29.3,38.3,,run
2026-09-16T15:15:43+03:00,1789560943,9538,56,3,29.3,39.5,,run
2026-09-16T15:15:48+03:00,1789560948,9543,56,3,29.3,37.1,,run
2026-09-16T15:15:53+03:00,1789560953,9548,56,3,29.3,38.0,,run
2026-09-16T15:15:59+03:00,1789560959,9554,56,3,29.3,38.3,,run
2026-09-16T15:16:04+03:00,1789560964,9559,56,3,29.3,37.7,,run
2026-09-16T15:16:09+03:00,1789560969,9564,56,3,29.3,37.4,,run
2026-09-16T15:16:14+03:00,1789560974,9569,56,3,29.3,37.4,,run
2026-09-16T15:16:19+03:00,1789560979,9574,56,3,29.3,37.1,,run
2026-09-16T15:16:25+03:00,1789560985,9580,56,3,29.3,37.4,,run
2026-09-16T15:16:30+03:00,1789560990,9585,56,3,29.3,38.3,,run
2026-09-16T15:16:35+03:00,1789560995,9590,56,3,29.3,37.7,,run
2026-09-16T15:16:40+03:00,1789561000,9595,56,3,29.3,45.7,,run
2026-09-16T15:16:46+03:00,1789561006,9601,56,3,29.3,38.6,,run
2026-09-16T15:16:51+03:00,1789561011,9606,56,3,29.3,37.7,,run
2026-09-16T15:16:56+03:00,1789561016,9611,56,3,29.3,37.4,,run
2026-09-16T15:17:01+03:00,1789561021,9616,56,3,29.3,36.8,,run
2026-09-16T15:17:06+03:00,1789561026,9621,56,3,29.3,36.4,,run
2026-09-16T15:17:12+03:00,1789561032,9627,56,3,29.3,37.1,,run
2026-09-16T15:17:17+03:00,1789561037,9632,56,3,29.3,36.1,,run
2026-09-16T15:17:22+03:00,1789561042,9637,56,3,29.3,38.0,,run
2026-09-16T15:17:27+03:00,1789561047,9642,56,3,29.3,42.9,,run
2026-09-16T15:17:33+03:00,1789561053,9648,55,3,29.3,38.6,,run
2026-09-16T15:17:38+03:00,1789561058,9653,55,3,29.3,37.7,,run
2026-09-16T15:17:43+03:00,1789561063,9658,55,3,29.3,38.6,,run
2026-09-16T15:17:48+03:00,1789561068,9663,55,3,29.3,37.4,,run
2026-09-16T15:17:54+03:00,1789561074,9669,55,3,29.3,38.0,,run
2026-09-16T15:17:59+03:00,1789561079,9674,55,3,29.3,38.3,,run
2026-09-16T15:18:04+03:00,1789561084,9679,55,3,29.3,37.1,,run
2026-09-16T15:18:09+03:00,1789561089,9684,55,3,29.3,37.7,,run
2026-09-16T15:18:14+03:00,1789561094,9689,55,3,29.3,38.0,,run
2026-09-16T15:18:20+03:00,1789561100,9695,55,3,29.3,38.0,,run
2026-09-16T15:18:25+03:00,1789561105,9700,55,3,29.3,38.6,,run
2026-09-16T15:18:30+03:00,1789561110,9705,55,3,29.3,38.0,,run
2026-09-16T15:18:35+03:00,1789561115,9710,55,3,29.3,37.4,,run
2026-09-16T15:18:41+03:00,1789561121,9716,55,3,29.3,48.8,,run
2026-09-16T15:18:46+03:00,1789561126,9721,55,3,29.3,39.8,,run
2026-09-16T15:18:51+03:00,1789561131,9726,55,3,29.3,37.7,,run
2026-09-16T15:18:57+03:00,1789561137,9732,55,3,29.3,37.1,,run
2026-09-16T15:19:02+03:00,1789561142,9737,55,3,29.3,37.1,,run
2026-09-16T15:19:07+03:00,1789561147,9742,55,3,29.3,37.1,,run
2026-09-16T15:19:12+03:00,1789561152,9747,55,3,29.3,37.1,,run
2026-09-16T15:19:17+03:00,1789561157,9752,55,3,29.3,37.4,,run
2026-09-16T15:19:23+03:00,1789561163,9758,55,3,29.3,36.8,,run
2026-09-16T15:19:28+03:00,1789561168,9763,55,3,29.3,49.4,,run
2026-09-16T15:19:33+03:00,1789561173,9768,55,3,29.3,38.0,,run
2026-09-16T15:19:38+03:00,1789561178,9773,55,3,29.3,42.9,,run
2026-09-16T15:19:44+03:00,1789561184,9779,55,3,29.3,38.0,,run
2026-09-16T15:19:49+03:00,1789561189,9784,55,3,29.3,37.4,,run
2026-09-16T15:19:54+03:00,1789561194,9789,55,3,29.3,38.3,,run
2026-09-16T15:19:59+03:00,1789561199,9794,55,3,29.3,37.7,,run
2026-09-16T15:20:05+03:00,1789561205,9800,55,3,29.3,38.6,,run
2026-09-16T15:20:10+03:00,1789561210,9805,55,3,29.3,37.4,,run
2026-09-16T15:20:15+03:00,1789561215,9810,55,3,29.3,38.3,,run
2026-09-16T15:20:20+03:00,1789561220,9815,55,3,29.3,37.4,,run
2026-09-16T15:20:25+03:00,1789561225,9820,55,3,29.3,38.6,,run
2026-09-16T15:20:31+03:00,1789561231,9826,55,3,29.3,37.7,,run
2026-09-16T15:20:36+03:00,1789561236,9831,55,3,29.3,41.1,,run
2026-09-16T15:20:41+03:00,1789561241,9836,55,3,29.3,43.9,,run
2026-09-16T15:20:46+03:00,1789561246,9841,55,3,29.3,43.9,,run
2026-09-16T15:20:52+03:00,1789561252,9847,55,3,29.3,42.0,,run
2026-09-16T15:20:57+03:00,1789561257,9852,55,3,29.3,37.1,,run
2026-09-16T15:21:02+03:00,1789561262,9857,55,3,29.3,37.7,,run
2026-09-16T15:21:07+03:00,1789561267,9862,55,3,29.3,37.4,,run
2026-09-16T15:21:13+03:00,1789561273,9868,55,3,29.3,36.4,,run
2026-09-16T15:21:18+03:00,1789561278,9873,55,3,29.3,36.4,,run
2026-09-16T15:21:23+03:00,1789561283,9878,55,3,29.3,37.4,,run
2026-09-16T15:21:28+03:00,1789561288,9883,55,3,29.3,50.1,,run
2026-09-16T15:21:34+03:00,1789561294,9889,55,3,29.3,40.2,,run
2026-09-16T15:21:39+03:00,1789561299,9894,55,3,29.3,40.5,,run
2026-09-16T15:21:44+03:00,1789561304,9899,55,3,29.3,37.7,,run
2026-09-16T15:21:49+03:00,1789561309,9904,55,3,29.3,38.0,,run
2026-09-16T15:21:54+03:00,1789561314,9909,55,3,29.3,38.0,,run
2026-09-16T15:22:00+03:00,1789561320,9915,55,3,29.3,38.3,,run
2026-09-16T15:22:05+03:00,1789561325,9920,55,3,29.3,38.3,,run
2026-09-16T15:22:10+03:00,1789561330,9925,55,3,29.3,38.9,,run
2026-09-16T15:22:15+03:00,1789561335,9930,55,3,29.3,38.0,,run
2026-09-16T15:22:21+03:00,1789561341,9936,55,3,29.3,37.7,,run
2026-09-16T15:22:26+03:00,1789561346,9941,55,3,29.3,38.3,,run
2026-09-16T15:22:31+03:00,1789561351,9946,55,3,29.3,38.0,,run
2026-09-16T15:22:36+03:00,1789561356,9951,55,3,29.3,38.3,,run
2026-09-16T15:22:41+03:00,1789561361,9956,55,3,29.3,47.0,,run
2026-09-16T15:22:47+03:00,1789561367,9962,55,3,29.3,45.4,,run
2026-09-16T15:22:52+03:00,1789561372,9967,55,3,29.3,42.0,,run
2026-09-16T15:22:57+03:00,1789561377,9972,55,3,29.3,38.3,,run
2026-09-16T15:23:02+03:00,1789561382,9977,55,3,29.3,37.1,,run
2026-09-16T15:23:08+03:00,1789561388,9983,55,3,29.3,37.1,,run
2026-09-16T15:23:13+03:00,1789561393,9988,55,3,29.3,36.8,,run
2026-09-16T15:23:18+03:00,1789561398,9993,55,3,29.2,37.7,,run
2026-09-16T15:23:23+03:00,1789561403,9998,55,3,29.2,37.1,,run
2026-09-16T15:23:28+03:00,1789561408,10003,55,3,29.2,46.7,,run
2026-09-16T15:23:34+03:00,1789561414,10009,55,3,29.2,40.5,,run
2026-09-16T15:23:39+03:00,1789561419,10014,55,3,29.2,37.7,,run
2026-09-16T15:23:44+03:00,1789561424,10019,55,3,29.2,37.4,,run
2026-09-16T15:23:50+03:00,1789561430,10025,55,3,29.2,38.3,,run
2026-09-16T15:23:55+03:00,1789561435,10030,55,3,29.2,38.3,,run
2026-09-16T15:24:00+03:00,1789561440,10035,55,3,29.2,38.6,,run
2026-09-16T15:24:05+03:00,1789561445,10040,55,3,29.2,38.3,,run
2026-09-16T15:24:10+03:00,1789561450,10045,55,3,29.2,38.6,,run
2026-09-16T15:24:16+03:00,1789561456,10051,55,3,29.2,38.3,,run
2026-09-16T15:24:21+03:00,1789561461,10056,55,3,29.2,37.7,,run
2026-09-16T15:24:26+03:00,1789561466,10061,55,3,29.2,36.8,,run
2026-09-16T15:24:31+03:00,1789561471,10066,55,3,29.2,38.0,,run
2026-09-16T15:24:37+03:00,1789561477,10072,55,3,29.2,38.9,,run
2026-09-16T15:24:42+03:00,1789561482,10077,55,3,29.2,37.1,,run
2026-09-16T15:24:47+03:00,1789561487,10082,55,3,29.2,47.9,,run
2026-09-16T15:24:52+03:00,1789561492,10087,55,3,29.2,38.9,,run
2026-09-16T15:24:58+03:00,1789561498,10093,55,3,29.2,38.0,,run
2026-09-16T15:25:03+03:00,1789561503,10098,55,3,29.2,37.4,,run
2026-09-16T15:25:08+03:00,1789561508,10103,55,3,29.2,37.1,,run
2026-09-16T15:25:13+03:00,1789561513,10108,55,3,29.2,36.1,,run
2026-09-16T15:25:18+03:00,1789561518,10113,55,3,29.2,37.1,,run
2026-09-16T15:25:24+03:00,1789561524,10119,55,3,29.2,36.1,,run
2026-09-16T15:25:29+03:00,1789561529,10124,55,3,29.2,41.1,,run
2026-09-16T15:25:34+03:00,1789561534,10129,55,3,29.2,42.3,,run
2026-09-16T15:25:40+03:00,1789561540,10135,55,3,29.2,38.0,,run
2026-09-16T15:25:45+03:00,1789561545,10140,55,3,29.2,38.0,,run
2026-09-16T15:25:50+03:00,1789561550,10145,55,3,29.2,37.4,,run
2026-09-16T15:25:55+03:00,1789561555,10150,55,3,29.2,38.0,,run
2026-09-16T15:26:00+03:00,1789561560,10155,55,3,29.2,38.0,,run
2026-09-16T15:26:06+03:00,1789561566,10161,55,3,29.2,38.0,,run
2026-09-16T15:26:11+03:00,1789561571,10166,55,3,29.2,37.7,,run
2026-09-16T15:26:16+03:00,1789561576,10171,55,3,29.2,38.3,,run
2026-09-16T15:26:21+03:00,1789561581,10176,55,3,29.2,38.3,,run
2026-09-16T15:26:27+03:00,1789561587,10182,55,3,29.2,37.1,,run
2026-09-16T15:26:32+03:00,1789561592,10187,55,3,29.2,37.4,,run
2026-09-16T15:26:37+03:00,1789561597,10192,55,3,29.2,37.4,,run
2026-09-16T15:26:42+03:00,1789561602,10197,55,3,29.2,37.7,,run
2026-09-16T15:26:47+03:00,1789561607,10202,55,3,29.2,48.5,,run
2026-09-16T15:26:53+03:00,1789561613,10208,55,3,29.2,39.5,,run
2026-09-16T15:26:58+03:00,1789561618,10213,55,3,29.2,39.2,,run
2026-09-16T15:27:03+03:00,1789561623,10218,55,3,29.2,37.7,,run
2026-09-16T15:27:09+03:00,1789561629,10224,55,3,29.2,38.0,,run
2026-09-16T15:27:14+03:00,1789561634,10229,55,3,29.2,36.1,,run
2026-09-16T15:27:19+03:00,1789561639,10234,55,3,29.2,36.4,,run
2026-09-16T15:27:24+03:00,1789561644,10239,55,3,29.2,36.8,,run
2026-09-16T15:27:30+03:00,1789561650,10245,55,3,29.2,38.9,,run
2026-09-16T15:27:35+03:00,1789561655,10250,55,3,29.2,43.9,,run
2026-09-16T15:27:40+03:00,1789561660,10255,55,3,29.2,38.6,,run
2026-09-16T15:27:45+03:00,1789561665,10260,55,3,29.2,38.9,,run
2026-09-16T15:27:51+03:00,1789561671,10266,55,3,29.2,38.3,,run
2026-09-16T15:27:56+03:00,1789561676,10271,55,3,29.2,38.0,,run
2026-09-16T15:28:01+03:00,1789561681,10276,55,3,29.2,37.7,,run
2026-09-16T15:28:06+03:00,1789561686,10281,55,3,29.2,38.9,,run
2026-09-16T15:28:11+03:00,1789561691,10286,55,3,29.2,37.7,,run
2026-09-16T15:28:17+03:00,1789561697,10292,55,3,29.2,38.0,,run
2026-09-16T15:28:22+03:00,1789561702,10297,55,3,29.2,37.4,,run
2026-09-16T15:28:27+03:00,1789561707,10302,55,3,29.2,42.0,,run
2026-09-16T15:28:32+03:00,1789561712,10307,55,3,29.2,38.9,,run
2026-09-16T15:28:38+03:00,1789561718,10313,55,3,29.2,38.6,,run
2026-09-16T15:28:43+03:00,1789561723,10318,55,3,29.2,37.7,,run
2026-09-16T15:28:48+03:00,1789561728,10323,55,3,29.2,48.8,,run
2026-09-16T15:28:54+03:00,1789561734,10329,55,3,29.2,38.9,,run
2026-09-16T15:28:59+03:00,1789561739,10334,55,3,29.2,39.2,,run
2026-09-16T15:29:04+03:00,1789561744,10339,55,3,29.2,38.3,,run
2026-09-16T15:29:09+03:00,1789561749,10344,55,3,29.2,37.1,,run
2026-09-16T15:29:15+03:00,1789561755,10350,55,3,29.2,49.4,,run
2026-09-16T15:29:20+03:00,1789561760,10355,55,3,29.2,41.4,,run
2026-09-16T15:29:25+03:00,1789561765,10360,55,3,29.2,39.5,,run
2026-09-16T15:29:30+03:00,1789561770,10365,55,3,29.2,39.2,,run
2026-09-16T15:29:36+03:00,1789561776,10371,55,3,29.2,39.2,,run
2026-09-16T15:29:41+03:00,1789561781,10376,55,3,29.2,38.9,,run
2026-09-16T15:29:46+03:00,1789561786,10381,55,3,29.2,38.9,,run
2026-09-16T15:29:51+03:00,1789561791,10386,55,3,29.2,38.9,,run
2026-09-16T15:29:57+03:00,1789561797,10392,55,3,29.2,38.0,,run
2026-09-16T15:30:02+03:00,1789561802,10397,55,3,29.2,37.7,,run
2026-09-16T15:30:07+03:00,1789561807,10402,55,3,29.2,38.9,,run
2026-09-16T15:30:12+03:00,1789561812,10407,55,3,29.2,37.4,,run
2026-09-16T15:30:17+03:00,1789561817,10412,55,3,29.5,38.3,,run
2026-09-16T15:30:23+03:00,1789561823,10418,55,3,29.5,38.9,,run
2026-09-16T15:30:28+03:00,1789561828,10423,55,3,29.5,38.0,,run
2026-09-16T15:30:33+03:00,1789561833,10428,55,3,29.5,47.9,,run
2026-09-16T15:30:38+03:00,1789561838,10433,55,3,29.5,38.9,,run
2026-09-16T15:30:44+03:00,1789561844,10439,55,3,29.5,38.0,,run
2026-09-16T15:30:49+03:00,1789561849,10444,55,3,29.5,37.7,,run
2026-09-16T15:30:54+03:00,1789561854,10449,55,3,29.5,36.8,,run
2026-09-16T15:30:59+03:00,1789561859,10454,55,3,29.5,37.7,,run
2026-09-16T15:31:04+03:00,1789561864,10459,55,3,29.5,37.7,,run
2026-09-16T15:31:10+03:00,1789561870,10465,55,3,29.5,38.0,,run
2026-09-16T15:31:15+03:00,1789561875,10470,55,3,29.5,46.0,,run
2026-09-16T15:31:20+03:00,1789561880,10475,55,3,29.5,41.1,,run
2026-09-16T15:31:26+03:00,1789561886,10481,55,3,29.5,38.3,,run
2026-09-16T15:31:31+03:00,1789561891,10486,54,3,29.6,38.3,,run
2026-09-16T15:31:36+03:00,1789561896,10491,54,3,29.6,38.9,,run
2026-09-16T15:31:41+03:00,1789561901,10496,54,3,29.6,37.4,,run
2026-09-16T15:31:46+03:00,1789561906,10501,54,3,29.6,38.6,,run
2026-09-16T15:31:52+03:00,1789561912,10507,54,3,29.6,38.9,,run
2026-09-16T15:31:57+03:00,1789561917,10512,54,3,29.6,38.9,,run
2026-09-16T15:32:02+03:00,1789561922,10517,54,3,29.6,37.4,,run
2026-09-16T15:32:07+03:00,1789561927,10522,54,3,29.6,37.4,,run
2026-09-16T15:32:13+03:00,1789561933,10528,54,3,29.6,38.3,,run
2026-09-16T15:32:18+03:00,1789561938,10533,54,3,29.6,38.0,,run
2026-09-16T15:32:23+03:00,1789561943,10538,54,3,29.6,38.6,,run
2026-09-16T15:32:28+03:00,1789561948,10543,54,3,29.6,38.6,,run
2026-09-16T15:32:33+03:00,1789561953,10548,54,3,29.6,46.3,,run
2026-09-16T15:32:39+03:00,1789561959,10554,54,3,29.6,39.5,,run
2026-09-16T15:32:44+03:00,1789561964,10559,54,3,29.6,38.3,,run
2026-09-16T15:32:49+03:00,1789561969,10564,54,3,29.6,37.1,,run
2026-09-16T15:32:54+03:00,1789561974,10569,54,3,29.6,36.8,,run
2026-09-16T15:33:00+03:00,1789561980,10575,54,3,29.6,49.1,,run
2026-09-16T15:33:05+03:00,1789561985,10580,54,3,29.6,40.5,,run
2026-09-16T15:33:10+03:00,1789561990,10585,54,3,29.6,39.8,,run
2026-09-16T15:33:16+03:00,1789561996,10591,54,3,29.6,39.2,,run
2026-09-16T15:33:21+03:00,1789562001,10596,54,3,29.6,38.3,,run
2026-09-16T15:33:26+03:00,1789562006,10601,54,3,29.6,38.6,,run
2026-09-16T15:33:31+03:00,1789562011,10606,54,3,29.6,38.6,,run
2026-09-16T15:33:37+03:00,1789562017,10612,54,3,29.6,38.3,,run
2026-09-16T15:33:42+03:00,1789562022,10617,54,3,29.6,38.0,,run
2026-09-16T15:33:47+03:00,1789562027,10622,54,3,29.6,37.7,,run
2026-09-16T15:33:52+03:00,1789562032,10627,54,3,29.6,38.3,,run
2026-09-16T15:33:57+03:00,1789562037,10632,54,3,29.6,38.0,,run
2026-09-16T15:34:03+03:00,1789562043,10638,54,3,29.6,38.3,,run
2026-09-16T15:34:08+03:00,1789562048,10643,54,3,29.6,38.6,,run
2026-09-16T15:34:13+03:00,1789562053,10648,54,3,29.6,44.8,,run
2026-09-16T15:34:18+03:00,1789562058,10653,54,3,29.6,48.8,,run
2026-09-16T15:34:24+03:00,1789562064,10659,54,3,29.6,38.0,,run
2026-09-16T15:34:29+03:00,1789562069,10664,54,3,29.6,38.9,,run
2026-09-16T15:34:34+03:00,1789562074,10669,54,3,29.6,38.0,,run
2026-09-16T15:34:39+03:00,1789562079,10674,54,3,29.6,37.7,,run
2026-09-16T15:34:44+03:00,1789562084,10679,54,3,29.5,37.7,,run
2026-09-16T15:34:50+03:00,1789562090,10685,54,3,29.5,37.4,,run
2026-09-16T15:34:55+03:00,1789562095,10690,54,3,29.5,36.8,,run
2026-09-16T15:35:00+03:00,1789562100,10695,54,3,29.5,47.3,,run
2026-09-16T15:35:06+03:00,1789562106,10701,54,3,29.5,40.2,,run
2026-09-16T15:35:11+03:00,1789562111,10706,54,3,29.5,37.7,,run
2026-09-16T15:35:16+03:00,1789562116,10711,54,3,29.5,38.0,,run
2026-09-16T15:35:21+03:00,1789562121,10716,54,3,29.5,38.9,,run
2026-09-16T15:35:27+03:00,1789562127,10722,54,3,29.5,37.4,,run
2026-09-16T15:35:32+03:00,1789562132,10727,54,3,29.5,38.0,,run
2026-09-16T15:35:37+03:00,1789562137,10732,54,3,29.5,37.4,,run
2026-09-16T15:35:42+03:00,1789562142,10737,54,3,29.5,37.4,,run
2026-09-16T15:35:48+03:00,1789562148,10743,54,3,29.5,37.4,,run
2026-09-16T15:35:53+03:00,1789562153,10748,54,3,29.5,38.6,,run
2026-09-16T15:35:58+03:00,1789562158,10753,54,3,29.5,37.1,,run
2026-09-16T15:36:03+03:00,1789562163,10758,54,3,29.5,37.7,,run
2026-09-16T15:36:08+03:00,1789562168,10763,54,3,29.5,37.1,,run
2026-09-16T15:36:14+03:00,1789562174,10769,54,3,29.5,37.4,,run
2026-09-16T15:36:19+03:00,1789562179,10774,54,3,29.5,47.3,,run
2026-09-16T15:36:24+03:00,1789562184,10779,54,3,29.5,38.9,,run
2026-09-16T15:36:29+03:00,1789562189,10784,54,3,29.5,38.0,,run
2026-09-16T15:36:35+03:00,1789562195,10790,54,3,29.5,37.7,,run
2026-09-16T15:36:40+03:00,1789562200,10795,54,3,29.5,37.4,,run
2026-09-16T15:36:45+03:00,1789562205,10800,54,3,29.5,38.9,,run
2026-09-16T15:36:50+03:00,1789562210,10805,54,3,29.5,43.9,,run
2026-09-16T15:36:56+03:00,1789562216,10811,54,3,29.5,39.5,,run
2026-09-16T15:37:01+03:00,1789562221,10816,54,3,29.5,38.9,,run
2026-09-16T15:37:06+03:00,1789562226,10821,54,3,29.5,38.0,,run
2026-09-16T15:37:11+03:00,1789562231,10826,54,3,29.5,43.2,,run
2026-09-16T15:37:16+03:00,1789562236,10831,54,3,29.5,40.2,,run
2026-09-16T15:37:22+03:00,1789562242,10837,54,3,29.5,38.9,,run
2026-09-16T15:37:27+03:00,1789562247,10842,54,3,29.5,38.6,,run
2026-09-16T15:37:32+03:00,1789562252,10847,54,3,29.5,37.7,,run
2026-09-16T15:37:37+03:00,1789562257,10852,54,3,29.5,38.3,,run
2026-09-16T15:37:43+03:00,1789562263,10858,54,3,29.5,38.6,,run
2026-09-16T15:37:48+03:00,1789562268,10863,54,3,29.5,37.7,,run
2026-09-16T15:37:53+03:00,1789562273,10868,54,3,29.5,38.6,,run
2026-09-16T15:37:58+03:00,1789562278,10873,54,3,29.5,38.0,,run
2026-09-16T15:38:03+03:00,1789562283,10878,54,3,29.5,50.1,,run
2026-09-16T15:38:09+03:00,1789562289,10884,54,3,29.5,40.2,,run
2026-09-16T15:38:14+03:00,1789562294,10889,54,3,29.5,38.6,,run
2026-09-16T15:38:19+03:00,1789562299,10894,54,3,29.5,38.9,,run
2026-09-16T15:38:25+03:00,1789562305,10900,54,3,29.5,39.2,,run
2026-09-16T15:38:30+03:00,1789562310,10905,54,3,29.5,38.0,,run
2026-09-16T15:38:35+03:00,1789562315,10910,54,3,29.5,37.1,,run
2026-09-16T15:38:40+03:00,1789562320,10915,54,3,29.5,37.4,,run
2026-09-16T15:38:46+03:00,1789562326,10921,54,3,29.5,37.4,,run
2026-09-16T15:38:51+03:00,1789562331,10926,54,3,29.5,49.4,,run
2026-09-16T15:38:56+03:00,1789562336,10931,54,3,29.5,39.5,,run
2026-09-16T15:39:01+03:00,1789562341,10936,54,3,29.5,39.2,,run
2026-09-16T15:39:06+03:00,1789562346,10941,54,3,29.5,38.6,,run
2026-09-16T15:39:12+03:00,1789562352,10947,54,3,29.5,38.9,,run
2026-09-16T15:39:17+03:00,1789562357,10952,54,3,29.5,38.9,,run
2026-09-16T15:39:22+03:00,1789562362,10957,54,3,29.5,38.6,,run
2026-09-16T15:39:27+03:00,1789562367,10962,54,3,29.5,38.3,,run
2026-09-16T15:39:33+03:00,1789562373,10968,54,3,29.5,37.7,,run
2026-09-16T15:39:38+03:00,1789562378,10973,54,3,29.5,38.3,,run
2026-09-16T15:39:43+03:00,1789562383,10978,54,3,29.5,37.7,,run
2026-09-16T15:39:48+03:00,1789562388,10983,54,3,29.5,38.3,,run
2026-09-16T15:39:53+03:00,1789562393,10988,54,3,29.5,37.7,,run
2026-09-16T15:39:59+03:00,1789562399,10994,54,3,29.5,37.4,,run
2026-09-16T15:40:04+03:00,1789562404,10999,54,3,29.5,46.0,,run
2026-09-16T15:40:09+03:00,1789562409,11004,54,3,29.5,42.9,,run
2026-09-16T15:40:14+03:00,1789562414,11009,54,3,29.5,38.6,,end
