iso_ts,epoch,elapsed_s,batt_level,batt_status,batt_temp_c,soc_temp_c,current_ma,event
2026-08-04T11:37:40+03:00,1785832660,0,78,3,35.0,61.2,,run
2026-08-04T11:37:46+03:00,1785832666,6,78,3,35.0,57.2,,run
2026-08-04T11:37:51+03:00,1785832671,11,78,3,35.0,54.1,,run
2026-08-04T11:37:56+03:00,1785832676,16,78,3,35.0,51.6,,run
2026-08-04T11:38:01+03:00,1785832681,21,78,3,35.0,49.1,,run
2026-08-04T11:38:07+03:00,1785832687,27,78,3,35.0,49.7,,run
2026-08-04T11:38:12+03:00,1785832692,32,78,3,35.0,47.9,,run
2026-08-04T11:38:17+03:00,1785832697,37,78,3,35.0,48.8,,run
2026-08-04T11:38:22+03:00,1785832702,42,78,3,35.0,58.1,,run
2026-08-04T11:38:28+03:00,1785832708,48,78,3,35.0,52.5,,run
2026-08-04T11:38:33+03:00,1785832713,53,78,3,35.0,50.1,,run
2026-08-04T11:38:38+03:00,1785832718,58,78,3,35.0,48.8,,run
2026-08-04T11:38:44+03:00,1785832724,64,78,3,35.0,47.9,,run
2026-08-04T11:38:49+03:00,1785832729,69,78,3,35.0,48.2,,run
2026-08-04T11:38:54+03:00,1785832734,74,78,3,35.0,52.5,,run
2026-08-04T11:38:59+03:00,1785832739,79,78,3,35.0,51.0,,run
2026-08-04T11:39:04+03:00,1785832744,84,78,3,35.0,48.5,,run
2026-08-04T11:39:10+03:00,1785832750,90,78,3,35.0,47.3,,run
2026-08-04T11:39:15+03:00,1785832755,95,78,3,35.0,47.6,,run
2026-08-04T11:39:20+03:00,1785832760,100,78,3,35.0,49.4,,run
2026-08-04T11:39:25+03:00,1785832765,105,78,3,35.0,47.6,,run
2026-08-04T11:39:31+03:00,1785832771,111,78,3,35.0,48.5,,run
2026-08-04T11:39:36+03:00,1785832776,116,78,3,35.0,52.5,,run
2026-08-04T11:39:41+03:00,1785832781,121,78,3,35.0,55.0,,run
2026-08-04T11:39:46+03:00,1785832786,126,78,3,35.0,53.5,,run
2026-08-04T11:39:52+03:00,1785832792,132,78,3,35.0,48.2,,run
2026-08-04T11:39:57+03:00,1785832797,137,78,3,35.0,47.0,,run
2026-08-04T11:40:02+03:00,1785832802,142,78,3,35.0,47.9,,run
2026-08-04T11:40:07+03:00,1785832807,147,78,3,35.0,47.6,,run
2026-08-04T11:40:12+03:00,1785832812,152,78,3,35.0,51.0,,run
2026-08-04T11:40:18+03:00,1785832818,158,78,3,35.0,49.7,,run
2026-08-04T11:40:23+03:00,1785832823,163,78,3,35.0,49.1,,run
2026-08-04T11:40:28+03:00,1785832828,168,78,3,35.0,53.1,,run
2026-08-04T11:40:33+03:00,1785832833,173,78,3,35.0,51.3,,run
2026-08-04T11:40:39+03:00,1785832839,179,78,3,35.0,51.3,,run
2026-08-04T11:40:44+03:00,1785832844,184,78,3,35.0,48.8,,run
2026-08-04T11:40:49+03:00,1785832849,189,78,3,35.0,50.7,,run
2026-08-04T11:40:54+03:00,1785832854,194,78,3,35.0,51.9,,run
2026-08-04T11:41:00+03:00,1785832860,200,77,3,33.9,51.3,,run
2026-08-04T11:41:05+03:00,1785832865,205,77,3,33.9,50.1,,run
2026-08-04T11:41:10+03:00,1785832870,210,77,3,33.9,47.9,,run
2026-08-04T11:41:15+03:00,1785832875,215,77,3,33.9,47.0,,run
2026-08-04T11:41:20+03:00,1785832880,220,77,3,33.9,47.0,,run
2026-08-04T11:41:26+03:00,1785832886,226,77,3,33.9,47.6,,run
2026-08-04T11:41:31+03:00,1785832891,231,77,3,33.9,49.1,,run
2026-08-04T11:41:36+03:00,1785832896,236,77,3,33.9,49.1,,run
2026-08-04T11:41:41+03:00,1785832901,241,77,3,33.9,57.2,,run
2026-08-04T11:41:47+03:00,1785832907,247,77,3,33.9,46.7,,run
2026-08-04T11:41:53+03:00,1785832913,253,77,3,33.9,48.5,,run
2026-08-04T11:41:58+03:00,1785832918,258,77,3,33.9,50.4,,run
2026-08-04T11:42:03+03:00,1785832923,263,77,3,33.9,45.4,,run
2026-08-04T11:42:08+03:00,1785832928,268,77,3,33.9,47.0,,run
2026-08-04T11:42:14+03:00,1785832934,274,77,3,33.9,44.8,,run
2026-08-04T11:42:19+03:00,1785832939,279,77,3,33.9,47.9,,run
2026-08-04T11:42:24+03:00,1785832944,284,77,3,33.9,45.7,,run
2026-08-04T11:42:29+03:00,1785832949,289,77,3,33.9,56.2,,run
2026-08-04T11:42:35+03:00,1785832955,295,77,3,33.9,46.7,,run
2026-08-04T11:42:40+03:00,1785832960,300,77,3,33.9,47.0,,run
2026-08-04T11:42:45+03:00,1785832965,305,77,3,33.9,50.4,,run
2026-08-04T11:42:50+03:00,1785832970,310,77,3,33.9,47.3,,run
2026-08-04T11:42:55+03:00,1785832975,315,77,3,33.9,48.2,,run
2026-08-04T11:43:01+03:00,1785832981,321,77,3,33.9,50.1,,run
2026-08-04T11:43:06+03:00,1785832986,326,77,3,33.9,50.4,,run
2026-08-04T11:43:11+03:00,1785832991,331,77,3,33.9,47.9,,run
2026-08-04T11:43:16+03:00,1785832996,336,77,3,33.9,47.6,,run
2026-08-04T11:43:21+03:00,1785833001,341,77,3,33.9,45.7,,run
2026-08-04T11:43:27+03:00,1785833007,347,77,3,33.9,47.6,,run
2026-08-04T11:43:32+03:00,1785833012,352,77,3,33.9,45.7,,run
2026-08-04T11:43:37+03:00,1785833017,357,77,3,33.9,50.1,,run
2026-08-04T11:43:42+03:00,1785833022,362,77,3,33.9,56.2,,run
2026-08-04T11:43:48+03:00,1785833028,368,77,3,33.9,53.8,,run
2026-08-04T11:43:53+03:00,1785833033,373,77,3,33.9,52.2,,run
2026-08-04T11:43:58+03:00,1785833038,378,77,3,33.9,45.7,,run
2026-08-04T11:44:03+03:00,1785833043,383,77,3,33.9,48.8,,run
2026-08-04T11:44:09+03:00,1785833049,389,77,3,33.9,46.7,,run
2026-08-04T11:44:14+03:00,1785833054,394,77,3,33.9,46.7,,run
2026-08-04T11:44:19+03:00,1785833059,399,77,3,33.9,45.4,,run
2026-08-04T11:44:24+03:00,1785833064,404,77,3,33.9,49.7,,run
2026-08-04T11:44:29+03:00,1785833069,409,77,3,33.9,47.9,,run
2026-08-04T11:44:35+03:00,1785833075,415,77,3,33.9,58.1,,run
2026-08-04T11:44:40+03:00,1785833080,420,77,3,33.9,48.5,,run
2026-08-04T11:44:45+03:00,1785833085,425,77,3,33.9,47.3,,run
2026-08-04T11:44:51+03:00,1785833091,431,77,3,33.9,46.0,,run
2026-08-04T11:44:56+03:00,1785833096,436,77,3,33.9,47.9,,run
2026-08-04T11:45:01+03:00,1785833101,441,77,3,33.9,47.6,,run
2026-08-04T11:45:06+03:00,1785833106,446,77,3,33.9,48.5,,run
2026-08-04T11:45:11+03:00,1785833111,451,77,3,33.9,48.2,,run
2026-08-04T11:45:17+03:00,1785833117,457,77,3,33.9,47.3,,run
2026-08-04T11:45:22+03:00,1785833122,462,77,3,33.9,50.7,,run
2026-08-04T11:45:27+03:00,1785833127,467,77,3,33.9,45.7,,run
2026-08-04T11:45:32+03:00,1785833132,472,77,3,33.9,50.7,,run
2026-08-04T11:45:38+03:00,1785833138,478,77,3,33.9,47.9,,run
2026-08-04T11:45:43+03:00,1785833143,483,77,3,33.9,46.7,,run
2026-08-04T11:45:48+03:00,1785833148,488,77,3,33.9,45.7,,run
2026-08-04T11:45:53+03:00,1785833153,493,77,3,33.9,49.4,,run
2026-08-04T11:45:58+03:00,1785833158,498,77,3,33.9,45.4,,run
2026-08-04T11:46:04+03:00,1785833164,504,77,3,33.9,45.7,,run
2026-08-04T11:46:09+03:00,1785833169,509,77,3,33.9,44.8,,run
2026-08-04T11:46:14+03:00,1785833174,514,77,3,33.9,45.7,,run
2026-08-04T11:46:19+03:00,1785833179,519,77,3,33.9,46.7,,run
2026-08-04T11:46:25+03:00,1785833185,525,77,3,33.9,45.1,,run
2026-08-04T11:46:30+03:00,1785833190,530,77,3,33.9,48.2,,run
2026-08-04T11:46:35+03:00,1785833195,535,77,3,33.9,57.5,,run
2026-08-04T11:46:41+03:00,1785833201,541,77,3,33.9,50.4,,run
2026-08-04T11:46:46+03:00,1785833206,546,77,3,33.9,50.1,,run
2026-08-04T11:46:51+03:00,1785833211,551,77,3,33.9,47.9,,run
2026-08-04T11:46:56+03:00,1785833216,556,77,3,33.9,47.9,,run
2026-08-04T11:47:02+03:00,1785833222,562,77,3,33.9,46.0,,run
2026-08-04T11:47:07+03:00,1785833227,567,77,3,33.9,45.1,,run
2026-08-04T11:47:12+03:00,1785833232,572,77,3,33.9,49.4,,run
2026-08-04T11:47:17+03:00,1785833237,577,77,3,33.9,47.3,,run
2026-08-04T11:47:22+03:00,1785833242,582,77,3,33.9,47.0,,run
2026-08-04T11:47:28+03:00,1785833248,588,77,3,33.9,43.9,,run
2026-08-04T11:47:33+03:00,1785833253,593,77,3,33.9,47.3,,run
2026-08-04T11:47:38+03:00,1785833258,598,77,3,33.9,48.2,,run
2026-08-04T11:47:43+03:00,1785833263,603,77,3,32.9,46.7,,run
2026-08-04T11:47:49+03:00,1785833269,609,77,3,32.9,53.1,,run
2026-08-04T11:47:54+03:00,1785833274,614,77,3,32.9,53.1,,run
2026-08-04T11:47:59+03:00,1785833279,619,77,3,32.9,52.5,,run
2026-08-04T11:48:04+03:00,1785833284,624,77,3,32.9,46.3,,run
2026-08-04T11:48:10+03:00,1785833290,630,77,3,32.9,49.7,,run
2026-08-04T11:48:15+03:00,1785833295,635,77,3,32.9,48.5,,run
2026-08-04T11:48:20+03:00,1785833300,640,77,3,32.9,50.4,,run
2026-08-04T11:48:25+03:00,1785833305,645,76,3,32.9,46.0,,run
2026-08-04T11:48:30+03:00,1785833310,650,76,3,32.9,45.1,,run
2026-08-04T11:48:36+03:00,1785833316,656,76,3,32.9,47.3,,run
2026-08-04T11:48:41+03:00,1785833321,661,76,3,32.9,51.3,,run
2026-08-04T11:48:46+03:00,1785833326,666,76,3,32.9,48.5,,run
2026-08-04T11:48:52+03:00,1785833332,672,76,3,32.9,48.2,,run
2026-08-04T11:48:57+03:00,1785833337,677,76,3,32.9,48.8,,run
2026-08-04T11:49:02+03:00,1785833342,682,76,3,32.9,50.7,,run
2026-08-04T11:49:07+03:00,1785833347,687,76,3,32.9,47.6,,run
2026-08-04T11:49:12+03:00,1785833352,692,76,3,32.9,46.0,,run
2026-08-04T11:49:18+03:00,1785833358,698,76,3,32.9,50.4,,run
2026-08-04T11:49:23+03:00,1785833363,703,76,3,32.9,49.7,,run
2026-08-04T11:49:28+03:00,1785833368,708,76,3,32.9,46.7,,run
2026-08-04T11:49:33+03:00,1785833373,713,76,3,32.9,46.3,,run
2026-08-04T11:49:39+03:00,1785833379,719,76,3,32.9,51.0,,run
2026-08-04T11:49:44+03:00,1785833384,724,76,3,32.9,49.7,,run
2026-08-04T11:49:49+03:00,1785833389,729,76,3,32.9,47.9,,run
2026-08-04T11:49:54+03:00,1785833394,734,76,3,32.9,55.0,,run
2026-08-04T11:50:00+03:00,1785833400,740,76,3,32.9,47.6,,run
2026-08-04T11:50:05+03:00,1785833405,745,76,3,32.9,47.6,,run
2026-08-04T11:50:10+03:00,1785833410,750,76,3,32.9,46.7,,run
2026-08-04T11:50:16+03:00,1785833416,756,76,3,32.9,47.6,,run
2026-08-04T11:50:21+03:00,1785833421,761,76,3,32.9,49.7,,run
2026-08-04T11:50:26+03:00,1785833426,766,76,3,32.9,45.4,,run
2026-08-04T11:50:31+03:00,1785833431,771,76,3,32.9,43.9,,run
2026-08-04T11:50:37+03:00,1785833437,777,76,3,32.9,47.0,,run
2026-08-04T11:50:42+03:00,1785833442,782,76,3,32.9,56.2,,run
2026-08-04T11:50:47+03:00,1785833447,787,76,3,32.9,49.1,,run
2026-08-04T11:50:52+03:00,1785833452,792,76,3,32.9,45.4,,run
2026-08-04T11:50:58+03:00,1785833458,798,76,3,32.9,47.6,,run
2026-08-04T11:51:03+03:00,1785833463,803,76,3,32.9,46.3,,run
2026-08-04T11:51:08+03:00,1785833468,808,76,3,32.9,46.0,,run
2026-08-04T11:51:13+03:00,1785833473,813,76,3,32.9,45.7,,run
2026-08-04T11:51:18+03:00,1785833478,818,76,3,32.9,46.3,,run
2026-08-04T11:51:24+03:00,1785833484,824,76,3,32.9,50.4,,run
2026-08-04T11:51:29+03:00,1785833489,829,76,3,32.9,47.9,,run
2026-08-04T11:51:34+03:00,1785833494,834,76,3,32.9,45.4,,run
2026-08-04T11:51:39+03:00,1785833499,839,76,3,32.9,44.5,,run
2026-08-04T11:51:45+03:00,1785833505,845,76,3,32.9,46.0,,run
2026-08-04T11:51:50+03:00,1785833510,850,76,3,32.9,45.7,,run
2026-08-04T11:51:55+03:00,1785833515,855,76,3,32.9,53.8,,run
2026-08-04T11:52:01+03:00,1785833521,861,76,3,32.9,48.5,,run
2026-08-04T11:52:06+03:00,1785833526,866,76,3,32.9,46.7,,run
2026-08-04T11:52:11+03:00,1785833531,871,76,3,32.9,45.1,,run
2026-08-04T11:52:16+03:00,1785833536,876,76,3,32.9,49.1,,run
2026-08-04T11:52:21+03:00,1785833541,881,76,3,32.9,47.3,,run
2026-08-04T11:52:27+03:00,1785833547,887,76,3,32.9,46.3,,run
2026-08-04T11:52:32+03:00,1785833552,892,76,3,32.9,43.2,,run
2026-08-04T11:52:37+03:00,1785833557,897,76,3,32.9,43.9,,run
2026-08-04T11:52:42+03:00,1785833562,902,76,3,32.9,55.9,,run
2026-08-04T11:52:48+03:00,1785833568,908,76,3,32.9,47.6,,run
2026-08-04T11:52:53+03:00,1785833573,913,76,3,32.9,46.3,,run
2026-08-04T11:52:58+03:00,1785833578,918,76,3,32.9,46.3,,run
2026-08-04T11:53:03+03:00,1785833583,923,76,3,32.9,46.3,,run
2026-08-04T11:53:08+03:00,1785833588,928,76,3,32.9,47.6,,run
2026-08-04T11:53:14+03:00,1785833594,934,76,3,32.9,49.1,,run
2026-08-04T11:53:19+03:00,1785833599,939,76,3,32.9,45.1,,run
2026-08-04T11:53:24+03:00,1785833604,944,76,3,32.9,48.2,,run
2026-08-04T11:53:29+03:00,1785833609,949,76,3,32.9,46.0,,run
2026-08-04T11:53:35+03:00,1785833615,955,76,3,32.9,45.7,,run
2026-08-04T11:53:40+03:00,1785833620,960,76,3,32.9,49.1,,run
2026-08-04T11:53:45+03:00,1785833625,965,76,3,32.9,45.1,,run
2026-08-04T11:53:50+03:00,1785833630,970,76,3,32.9,47.3,,run
2026-08-04T11:53:55+03:00,1785833635,975,76,3,32.9,52.5,,run
2026-08-04T11:54:01+03:00,1785833641,981,76,3,32.9,47.0,,run
2026-08-04T11:54:06+03:00,1785833646,986,76,3,32.9,50.4,,run
2026-08-04T11:54:11+03:00,1785833651,991,76,3,32.9,48.5,,run
2026-08-04T11:54:16+03:00,1785833656,996,76,3,32.9,45.1,,run
2026-08-04T11:54:22+03:00,1785833662,1002,76,3,32.9,45.1,,run
2026-08-04T11:54:27+03:00,1785833667,1007,76,3,32.9,46.0,,run
2026-08-04T11:54:32+03:00,1785833672,1012,76,3,32.9,45.7,,run
2026-08-04T11:54:37+03:00,1785833677,1017,76,3,32.9,45.7,,run
2026-08-04T11:54:43+03:00,1785833683,1023,76,3,32.9,55.9,,run
2026-08-04T11:54:48+03:00,1785833688,1028,76,3,32.9,49.4,,run
2026-08-04T11:54:53+03:00,1785833693,1033,76,3,32.9,50.1,,run
2026-08-04T11:54:58+03:00,1785833698,1038,76,3,32.9,47.3,,run
2026-08-04T11:55:04+03:00,1785833704,1044,76,3,32.9,44.5,,run
2026-08-04T11:55:09+03:00,1785833709,1049,76,3,32.9,45.7,,run
2026-08-04T11:55:14+03:00,1785833714,1054,76,3,32.9,44.5,,run
2026-08-04T11:55:19+03:00,1785833719,1059,76,3,32.9,45.1,,run
2026-08-04T11:55:24+03:00,1785833724,1064,76,3,32.9,47.9,,run
2026-08-04T11:55:30+03:00,1785833730,1070,76,3,32.9,46.7,,run
2026-08-04T11:55:35+03:00,1785833735,1075,76,3,32.9,47.3,,run
2026-08-04T11:55:40+03:00,1785833740,1080,76,3,32.9,47.0,,run
2026-08-04T11:55:45+03:00,1785833745,1085,76,3,32.9,48.2,,run
2026-08-04T11:55:51+03:00,1785833751,1091,76,3,32.9,44.5,,run
2026-08-04T11:55:56+03:00,1785833756,1096,75,3,32.8,51.3,,run
2026-08-04T11:56:01+03:00,1785833761,1101,75,3,32.8,50.1,,run
2026-08-04T11:56:06+03:00,1785833766,1106,75,3,32.8,50.1,,run
2026-08-04T11:56:12+03:00,1785833772,1112,75,3,32.8,46.3,,run
2026-08-04T11:56:17+03:00,1785833777,1117,75,3,32.8,48.2,,run
2026-08-04T11:56:22+03:00,1785833782,1122,75,3,32.8,47.3,,run
2026-08-04T11:56:27+03:00,1785833787,1127,75,3,32.8,43.9,,run
2026-08-04T11:56:32+03:00,1785833792,1132,75,3,32.8,45.4,,run
2026-08-04T11:56:38+03:00,1785833798,1138,75,3,32.8,45.1,,run
2026-08-04T11:56:43+03:00,1785833803,1143,75,3,32.8,54.1,,run
2026-08-04T11:56:48+03:00,1785833808,1148,75,3,32.8,47.6,,run
2026-08-04T11:56:54+03:00,1785833814,1154,75,3,32.8,46.0,,run
2026-08-04T11:56:59+03:00,1785833819,1159,75,3,32.8,46.0,,run
2026-08-04T11:57:04+03:00,1785833824,1164,75,3,32.8,46.0,,run
2026-08-04T11:57:09+03:00,1785833829,1169,75,3,32.8,48.2,,run
2026-08-04T11:57:14+03:00,1785833834,1174,75,3,32.8,45.1,,run
2026-08-04T11:57:20+03:00,1785833840,1180,75,3,32.8,45.7,,run
2026-08-04T11:57:25+03:00,1785833845,1185,75,3,32.8,48.8,,run
2026-08-04T11:57:30+03:00,1785833850,1190,75,3,32.8,46.7,,run
2026-08-04T11:57:35+03:00,1785833855,1195,75,3,32.8,50.1,,run
2026-08-04T11:57:41+03:00,1785833861,1201,75,3,32.8,46.3,,run
2026-08-04T11:57:46+03:00,1785833866,1206,75,3,32.8,49.1,,run
2026-08-04T11:57:51+03:00,1785833871,1211,75,3,32.8,46.0,,run
2026-08-04T11:57:56+03:00,1785833876,1216,75,3,32.8,52.2,,run
2026-08-04T11:58:02+03:00,1785833882,1222,75,3,32.8,51.6,,run
2026-08-04T11:58:07+03:00,1785833887,1227,75,3,32.8,49.7,,run
2026-08-04T11:58:12+03:00,1785833892,1232,75,3,32.8,45.7,,run
2026-08-04T11:58:17+03:00,1785833897,1237,75,3,32.8,44.8,,run
2026-08-04T11:58:22+03:00,1785833902,1242,75,3,32.8,45.1,,run
2026-08-04T11:58:28+03:00,1785833908,1248,75,3,32.8,47.9,,run
2026-08-04T11:58:33+03:00,1785833913,1253,75,3,32.8,48.2,,run
2026-08-04T11:58:38+03:00,1785833918,1258,75,3,32.8,50.4,,run
2026-08-04T11:58:43+03:00,1785833923,1263,75,3,32.8,57.2,,run
2026-08-04T11:58:49+03:00,1785833929,1269,75,3,32.8,50.4,,run
2026-08-04T11:58:54+03:00,1785833934,1274,75,3,32.8,50.4,,run
2026-08-04T11:58:59+03:00,1785833939,1279,75,3,32.8,46.3,,run
2026-08-04T11:59:05+03:00,1785833945,1285,75,3,32.8,49.7,,run
2026-08-04T11:59:10+03:00,1785833950,1290,75,3,32.8,45.1,,run
2026-08-04T11:59:15+03:00,1785833955,1295,75,3,32.8,44.5,,run
2026-08-04T11:59:20+03:00,1785833960,1300,75,3,32.8,45.7,,run
2026-08-04T11:59:26+03:00,1785833966,1306,75,3,32.8,44.8,,run
2026-08-04T11:59:31+03:00,1785833971,1311,75,3,32.8,49.1,,run
2026-08-04T11:59:36+03:00,1785833976,1316,75,3,32.8,46.7,,run
2026-08-04T11:59:41+03:00,1785833981,1321,75,3,32.8,46.0,,run
2026-08-04T11:59:47+03:00,1785833987,1327,75,3,32.8,46.3,,run
2026-08-04T11:59:52+03:00,1785833992,1332,75,3,32.8,44.5,,run
2026-08-04T11:59:57+03:00,1785833997,1337,75,3,32.8,45.4,,run
2026-08-04T12:00:02+03:00,1785834002,1342,75,3,32.8,47.9,,run
2026-08-04T12:00:07+03:00,1785834007,1347,75,3,32.8,47.3,,run
2026-08-04T12:00:13+03:00,1785834013,1353,75,3,32.8,46.0,,run
2026-08-04T12:00:18+03:00,1785834018,1358,75,3,32.8,47.6,,run
2026-08-04T12:00:23+03:00,1785834023,1363,75,3,32.8,49.4,,run
2026-08-04T12:00:28+03:00,1785834028,1368,75,3,32.8,49.1,,run
2026-08-04T12:00:33+03:00,1785834033,1373,75,3,32.8,44.2,,run
2026-08-04T12:00:39+03:00,1785834039,1379,75,3,32.8,45.7,,run
2026-08-04T12:00:44+03:00,1785834044,1384,75,3,32.8,48.2,,run
2026-08-04T12:00:49+03:00,1785834049,1389,75,3,32.8,45.1,,run
2026-08-04T12:00:54+03:00,1785834054,1394,75,3,32.8,46.3,,run
2026-08-04T12:01:00+03:00,1785834060,1400,75,3,32.8,47.6,,run
2026-08-04T12:01:05+03:00,1785834065,1405,75,3,32.8,46.0,,run
2026-08-04T12:01:10+03:00,1785834070,1410,75,3,32.8,47.0,,run
2026-08-04T12:01:15+03:00,1785834075,1415,75,3,32.8,45.4,,run
2026-08-04T12:01:20+03:00,1785834080,1420,75,3,32.8,49.4,,run
2026-08-04T12:01:26+03:00,1785834086,1426,75,3,32.8,48.2,,run
2026-08-04T12:01:31+03:00,1785834091,1431,75,3,32.8,46.3,,run
2026-08-04T12:01:36+03:00,1785834096,1436,75,3,32.8,47.6,,run
2026-08-04T12:01:41+03:00,1785834101,1441,75,3,32.8,46.7,,run
2026-08-04T12:01:47+03:00,1785834107,1447,75,3,32.8,49.1,,run
2026-08-04T12:01:52+03:00,1785834112,1452,75,3,32.8,45.4,,run
2026-08-04T12:01:57+03:00,1785834117,1457,75,3,32.8,48.8,,run
2026-08-04T12:02:02+03:00,1785834122,1462,75,3,32.8,47.6,,run
2026-08-04T12:02:07+03:00,1785834127,1467,75,3,32.8,49.1,,run
2026-08-04T12:02:13+03:00,1785834133,1473,75,3,32.8,45.4,,run
2026-08-04T12:02:18+03:00,1785834138,1478,75,3,32.8,47.0,,run
2026-08-04T12:02:23+03:00,1785834143,1483,75,3,32.8,45.7,,run
2026-08-04T12:02:28+03:00,1785834148,1488,75,3,32.8,48.8,,run
2026-08-04T12:02:34+03:00,1785834154,1494,75,3,32.8,47.9,,run
2026-08-04T12:02:39+03:00,1785834159,1499,75,3,32.8,48.5,,run
2026-08-04T12:02:44+03:00,1785834164,1504,75,3,32.8,47.6,,run
2026-08-04T12:02:49+03:00,1785834169,1509,75,3,32.8,47.3,,run
2026-08-04T12:02:54+03:00,1785834174,1514,75,3,32.8,48.5,,run
2026-08-04T12:03:00+03:00,1785834180,1520,75,3,32.8,46.7,,run
2026-08-04T12:03:05+03:00,1785834185,1525,75,3,32.8,47.3,,run
2026-08-04T12:03:10+03:00,1785834190,1530,75,3,32.8,54.7,,run
2026-08-04T12:03:15+03:00,1785834195,1535,75,3,32.8,45.4,,run
2026-08-04T12:03:21+03:00,1785834201,1541,75,3,32.8,43.9,,run
2026-08-04T12:03:26+03:00,1785834206,1546,74,3,32.9,47.9,,run
2026-08-04T12:03:31+03:00,1785834211,1551,74,3,32.9,48.2,,run
2026-08-04T12:03:36+03:00,1785834216,1556,74,3,32.9,58.4,,run
2026-08-04T12:03:42+03:00,1785834222,1562,74,3,32.9,47.9,,run
2026-08-04T12:03:47+03:00,1785834227,1567,74,3,32.9,46.7,,run
2026-08-04T12:03:52+03:00,1785834232,1572,74,3,32.9,50.1,,run
2026-08-04T12:03:57+03:00,1785834237,1577,74,3,32.9,49.7,,run
2026-08-04T12:04:03+03:00,1785834243,1583,74,3,32.9,48.2,,run
2026-08-04T12:04:08+03:00,1785834248,1588,74,3,32.9,45.7,,run
2026-08-04T12:04:13+03:00,1785834253,1593,74,3,32.9,47.9,,run
2026-08-04T12:04:18+03:00,1785834258,1598,74,3,32.9,49.7,,run
2026-08-04T12:04:24+03:00,1785834264,1604,74,3,32.9,50.4,,run
2026-08-04T12:04:29+03:00,1785834269,1609,74,3,32.9,49.7,,run
2026-08-04T12:04:34+03:00,1785834274,1614,74,3,32.9,49.7,,run
2026-08-04T12:04:39+03:00,1785834279,1619,74,3,32.9,46.0,,run
2026-08-04T12:04:44+03:00,1785834284,1624,74,3,32.9,49.1,,run
2026-08-04T12:04:50+03:00,1785834290,1630,74,3,32.9,52.5,,run
2026-08-04T12:04:55+03:00,1785834295,1635,74,3,32.9,54.7,,run
2026-08-04T12:05:00+03:00,1785834300,1640,74,3,32.9,48.2,,run
2026-08-04T12:05:05+03:00,1785834305,1645,74,3,32.9,45.7,,run
2026-08-04T12:05:11+03:00,1785834311,1651,74,3,32.9,47.9,,run
2026-08-04T12:05:16+03:00,1785834316,1656,74,3,32.9,45.7,,run
2026-08-04T12:05:21+03:00,1785834321,1661,74,3,32.9,46.7,,run
2026-08-04T12:05:26+03:00,1785834326,1666,74,3,32.9,48.2,,run
2026-08-04T12:05:32+03:00,1785834332,1672,74,3,32.9,47.0,,run
2026-08-04T12:05:37+03:00,1785834337,1677,74,3,32.9,56.5,,run
2026-08-04T12:05:42+03:00,1785834342,1682,74,3,32.9,50.7,,run
2026-08-04T12:05:47+03:00,1785834347,1687,74,3,32.9,51.6,,run
2026-08-04T12:05:53+03:00,1785834353,1693,74,3,32.9,48.2,,run
2026-08-04T12:05:58+03:00,1785834358,1698,74,3,32.9,48.5,,run
2026-08-04T12:06:03+03:00,1785834363,1703,74,3,32.9,47.3,,run
2026-08-04T12:06:08+03:00,1785834368,1708,74,3,32.9,45.7,,run
2026-08-04T12:06:14+03:00,1785834374,1714,74,3,32.9,47.6,,run
2026-08-04T12:06:19+03:00,1785834379,1719,74,3,32.9,46.0,,run
2026-08-04T12:06:24+03:00,1785834384,1724,74,3,32.9,47.6,,run
2026-08-04T12:06:29+03:00,1785834389,1729,74,3,32.9,48.5,,run
2026-08-04T12:06:34+03:00,1785834394,1734,74,3,32.9,47.3,,run
2026-08-04T12:06:40+03:00,1785834400,1740,74,3,32.9,49.4,,run
2026-08-04T12:06:45+03:00,1785834405,1745,74,3,32.9,47.9,,run
2026-08-04T12:06:50+03:00,1785834410,1750,74,3,32.9,51.0,,run
2026-08-04T12:06:55+03:00,1785834415,1755,74,3,32.9,51.3,,run
2026-08-04T12:07:01+03:00,1785834421,1761,74,3,32.9,51.6,,run
2026-08-04T12:07:06+03:00,1785834426,1766,74,3,32.9,45.7,,run
2026-08-04T12:07:11+03:00,1785834431,1771,74,3,32.9,49.1,,run
2026-08-04T12:07:16+03:00,1785834436,1776,74,3,32.9,54.7,,run
2026-08-04T12:07:22+03:00,1785834442,1782,74,3,32.9,51.9,,run
2026-08-04T12:07:27+03:00,1785834447,1787,74,3,32.9,47.3,,run
2026-08-04T12:07:32+03:00,1785834452,1792,74,3,32.9,45.4,,run
2026-08-04T12:07:38+03:00,1785834458,1798,74,3,32.9,49.1,,run
2026-08-04T12:07:43+03:00,1785834463,1803,74,3,33.1,46.0,,run
2026-08-04T12:07:48+03:00,1785834468,1808,74,3,33.1,51.0,,run
2026-08-04T12:07:53+03:00,1785834473,1813,74,3,33.1,46.7,,run
2026-08-04T12:07:59+03:00,1785834479,1819,74,3,33.1,47.9,,run
2026-08-04T12:08:04+03:00,1785834484,1824,74,3,33.1,50.1,,run
2026-08-04T12:08:09+03:00,1785834489,1829,74,3,33.1,47.6,,run
2026-08-04T12:08:14+03:00,1785834494,1834,74,3,33.1,46.7,,run
2026-08-04T12:08:19+03:00,1785834499,1839,74,3,33.1,45.1,,run
2026-08-04T12:08:25+03:00,1785834505,1845,74,3,33.1,48.5,,run
2026-08-04T12:08:30+03:00,1785834510,1850,74,3,33.1,44.8,,run
2026-08-04T12:08:35+03:00,1785834515,1855,74,3,33.1,55.3,,run
2026-08-04T12:08:41+03:00,1785834521,1861,74,3,33.1,51.6,,run
2026-08-04T12:08:46+03:00,1785834526,1866,74,3,33.1,47.0,,run
2026-08-04T12:08:51+03:00,1785834531,1871,74,3,33.1,46.7,,run
2026-08-04T12:08:56+03:00,1785834536,1876,74,3,33.1,48.8,,run
2026-08-04T12:09:02+03:00,1785834542,1882,74,3,33.1,50.1,,run
2026-08-04T12:09:07+03:00,1785834547,1887,74,3,33.1,48.2,,run
2026-08-04T12:09:12+03:00,1785834552,1892,74,3,33.1,47.3,,run
2026-08-04T12:09:17+03:00,1785834557,1897,74,3,33.1,48.2,,run
2026-08-04T12:09:23+03:00,1785834563,1903,74,3,33.1,55.9,,run
2026-08-04T12:09:28+03:00,1785834568,1908,74,3,33.1,50.7,,run
2026-08-04T12:09:33+03:00,1785834573,1913,74,3,33.1,47.9,,run
2026-08-04T12:09:38+03:00,1785834578,1918,74,3,33.1,47.9,,run
2026-08-04T12:09:43+03:00,1785834583,1923,74,3,33.1,47.6,,run
2026-08-04T12:09:49+03:00,1785834589,1929,74,3,33.1,50.7,,run
2026-08-04T12:09:54+03:00,1785834594,1934,74,3,33.1,45.7,,run
2026-08-04T12:09:59+03:00,1785834599,1939,74,3,33.1,51.0,,run
2026-08-04T12:10:04+03:00,1785834604,1944,74,3,33.1,46.7,,run
2026-08-04T12:10:10+03:00,1785834610,1950,74,3,33.1,49.7,,run
2026-08-04T12:10:15+03:00,1785834615,1955,74,3,33.1,47.6,,run
2026-08-04T12:10:20+03:00,1785834620,1960,74,3,33.1,45.7,,run
2026-08-04T12:10:25+03:00,1785834625,1965,74,3,33.1,47.0,,run
2026-08-04T12:10:30+03:00,1785834630,1970,74,3,33.1,49.4,,run
2026-08-04T12:10:36+03:00,1785834636,1976,74,3,33.1,55.3,,run
2026-08-04T12:10:41+03:00,1785834641,1981,74,3,33.1,47.6,,run
2026-08-04T12:10:47+03:00,1785834647,1987,74,3,33.1,45.7,,run
2026-08-04T12:10:52+03:00,1785834652,1992,74,3,33.1,46.7,,run
2026-08-04T12:10:57+03:00,1785834657,1997,73,3,33.1,50.1,,run
2026-08-04T12:11:02+03:00,1785834662,2002,73,3,33.1,45.7,,run
2026-08-04T12:11:07+03:00,1785834667,2007,73,3,33.1,49.1,,run
2026-08-04T12:11:13+03:00,1785834673,2013,73,3,33.1,48.2,,run
2026-08-04T12:11:18+03:00,1785834678,2018,73,3,33.1,47.6,,run
2026-08-04T12:11:23+03:00,1785834683,2023,73,3,33.1,54.1,,run
2026-08-04T12:11:28+03:00,1785834688,2028,73,3,33.1,50.7,,run
2026-08-04T12:11:34+03:00,1785834694,2034,73,3,33.1,47.6,,run
2026-08-04T12:11:39+03:00,1785834699,2039,73,3,33.1,47.0,,run
2026-08-04T12:11:44+03:00,1785834704,2044,73,3,33.1,47.6,,run
2026-08-04T12:11:49+03:00,1785834709,2049,73,3,33.1,46.0,,run
2026-08-04T12:11:55+03:00,1785834715,2055,73,3,33.1,48.5,,run
2026-08-04T12:12:00+03:00,1785834720,2060,73,3,33.1,46.7,,run
2026-08-04T12:12:05+03:00,1785834725,2065,73,3,33.1,46.7,,run
2026-08-04T12:12:10+03:00,1785834730,2070,73,3,33.1,50.1,,run
2026-08-04T12:12:15+03:00,1785834735,2075,73,3,33.1,48.8,,run
2026-08-04T12:12:21+03:00,1785834741,2081,73,3,33.1,48.8,,run
2026-08-04T12:12:26+03:00,1785834746,2086,73,3,33.1,46.7,,run
2026-08-04T12:12:31+03:00,1785834751,2091,73,3,33.1,46.3,,run
2026-08-04T12:12:36+03:00,1785834756,2096,73,3,33.1,54.1,,run
2026-08-04T12:12:42+03:00,1785834762,2102,73,3,33.1,51.6,,run
2026-08-04T12:12:48+03:00,1785834768,2108,73,3,33.1,47.0,,run
2026-08-04T12:12:53+03:00,1785834773,2113,73,3,33.1,44.5,,run
2026-08-04T12:12:58+03:00,1785834778,2118,73,3,33.1,47.6,,run
2026-08-04T12:13:03+03:00,1785834783,2123,73,3,33.1,47.6,,run
2026-08-04T12:13:09+03:00,1785834789,2129,73,3,33.1,50.4,,run
2026-08-04T12:13:14+03:00,1785834794,2134,73,3,33.1,50.1,,run
2026-08-04T12:13:19+03:00,1785834799,2139,73,3,33.1,46.3,,run
2026-08-04T12:13:24+03:00,1785834804,2144,73,3,33.1,55.0,,run
2026-08-04T12:13:30+03:00,1785834810,2150,73,3,33.1,47.6,,run
2026-08-04T12:13:35+03:00,1785834815,2155,73,3,33.1,51.0,,run
2026-08-04T12:13:40+03:00,1785834820,2160,73,3,33.1,46.3,,run
2026-08-04T12:13:45+03:00,1785834825,2165,73,3,33.1,47.0,,run
2026-08-04T12:13:50+03:00,1785834830,2170,73,3,33.1,50.1,,run
2026-08-04T12:13:56+03:00,1785834836,2176,73,3,33.1,46.3,,run
2026-08-04T12:14:01+03:00,1785834841,2181,73,3,33.1,48.5,,run
2026-08-04T12:14:06+03:00,1785834846,2186,73,3,33.1,47.0,,run
2026-08-04T12:14:11+03:00,1785834851,2191,73,3,33.1,45.7,,run
2026-08-04T12:14:17+03:00,1785834857,2197,73,3,33.1,47.9,,run
2026-08-04T12:14:22+03:00,1785834862,2202,73,3,33.1,49.4,,run
2026-08-04T12:14:27+03:00,1785834867,2207,73,3,33.1,46.7,,run
2026-08-04T12:14:32+03:00,1785834872,2212,73,3,33.1,49.7,,run
2026-08-04T12:14:37+03:00,1785834877,2217,73,3,33.1,51.6,,run
2026-08-04T12:14:43+03:00,1785834883,2223,73,3,33.1,50.1,,run
2026-08-04T12:14:48+03:00,1785834888,2228,73,3,33.1,47.3,,run
2026-08-04T12:14:53+03:00,1785834893,2233,73,3,33.1,49.1,,run
2026-08-04T12:14:59+03:00,1785834899,2239,73,3,33.1,48.8,,run
2026-08-04T12:15:04+03:00,1785834904,2244,73,3,33.1,47.0,,run
2026-08-04T12:15:09+03:00,1785834909,2249,73,3,33.1,45.4,,run
2026-08-04T12:15:14+03:00,1785834914,2254,73,3,33.1,44.5,,run
2026-08-04T12:15:19+03:00,1785834919,2259,73,3,33.1,45.1,,run
2026-08-04T12:15:25+03:00,1785834925,2265,73,3,33.1,55.3,,run
2026-08-04T12:15:30+03:00,1785834930,2270,73,3,33.1,48.8,,run
2026-08-04T12:15:35+03:00,1785834935,2275,73,3,33.1,47.6,,run
2026-08-04T12:15:40+03:00,1785834940,2280,73,3,33.1,47.3,,run
2026-08-04T12:15:46+03:00,1785834946,2286,73,3,33.1,46.3,,run
2026-08-04T12:15:51+03:00,1785834951,2291,73,3,33.1,46.0,,run
2026-08-04T12:15:56+03:00,1785834956,2296,73,3,33.1,47.0,,run
2026-08-04T12:16:01+03:00,1785834961,2301,73,3,33.1,46.3,,run
2026-08-04T12:16:07+03:00,1785834967,2307,73,3,33.1,50.7,,run
2026-08-04T12:16:12+03:00,1785834972,2312,73,3,33.1,50.1,,run
2026-08-04T12:16:17+03:00,1785834977,2317,73,3,33.1,47.3,,run
2026-08-04T12:16:22+03:00,1785834982,2322,73,3,33.1,47.0,,run
2026-08-04T12:16:27+03:00,1785834987,2327,73,3,33.1,48.2,,run
2026-08-04T12:16:33+03:00,1785834993,2333,73,3,33.1,44.5,,run
2026-08-04T12:16:38+03:00,1785834998,2338,73,3,33.1,51.3,,run
2026-08-04T12:16:43+03:00,1785835003,2343,73,3,33.1,51.9,,run
2026-08-04T12:16:48+03:00,1785835008,2348,73,3,33.1,54.1,,run
2026-08-04T12:16:54+03:00,1785835014,2354,73,3,33.1,50.4,,run
2026-08-04T12:16:59+03:00,1785835019,2359,73,3,33.1,48.2,,run
2026-08-04T12:17:04+03:00,1785835024,2364,73,3,33.1,46.3,,run
2026-08-04T12:17:09+03:00,1785835029,2369,73,3,33.1,47.6,,run
2026-08-04T12:17:15+03:00,1785835035,2375,73,3,33.1,47.9,,run
2026-08-04T12:17:20+03:00,1785835040,2380,73,3,33.1,45.4,,run
2026-08-04T12:17:25+03:00,1785835045,2385,73,3,33.1,54.1,,run
2026-08-04T12:17:31+03:00,1785835051,2391,73,3,33.1,48.2,,run
2026-08-04T12:17:36+03:00,1785835056,2396,73,3,33.1,46.0,,run
2026-08-04T12:17:41+03:00,1785835061,2401,73,3,33.0,47.6,,run
2026-08-04T12:17:47+03:00,1785835067,2407,73,3,33.0,46.7,,run
2026-08-04T12:17:52+03:00,1785835072,2412,73,3,33.0,45.1,,run
2026-08-04T12:17:57+03:00,1785835077,2417,73,3,33.0,45.4,,run
2026-08-04T12:18:02+03:00,1785835082,2422,73,3,33.0,45.4,,run
2026-08-04T12:18:07+03:00,1785835087,2427,73,3,33.0,50.7,,run
2026-08-04T12:18:13+03:00,1785835093,2433,73,3,33.0,45.1,,run
2026-08-04T12:18:18+03:00,1785835098,2438,73,3,33.0,45.4,,run
2026-08-04T12:18:23+03:00,1785835103,2443,73,3,33.0,46.0,,run
2026-08-04T12:18:28+03:00,1785835108,2448,73,3,33.0,45.7,,run
2026-08-04T12:18:33+03:00,1785835113,2453,73,3,33.0,44.5,,run
2026-08-04T12:18:39+03:00,1785835119,2459,73,3,33.0,49.7,,run
2026-08-04T12:18:44+03:00,1785835124,2464,73,3,33.0,44.8,,run
2026-08-04T12:18:49+03:00,1785835129,2469,73,3,33.0,46.7,,run
2026-08-04T12:18:54+03:00,1785835134,2474,73,3,33.0,50.1,,run
2026-08-04T12:19:00+03:00,1785835140,2480,73,3,33.0,45.4,,run
2026-08-04T12:19:05+03:00,1785835145,2485,73,3,33.0,46.0,,run
2026-08-04T12:19:10+03:00,1785835150,2490,73,3,33.0,47.9,,run
2026-08-04T12:19:15+03:00,1785835155,2495,73,3,33.0,49.1,,run
2026-08-04T12:19:20+03:00,1785835160,2500,73,3,33.0,47.3,,run
2026-08-04T12:19:26+03:00,1785835166,2506,72,3,32.9,47.9,,run
2026-08-04T12:19:31+03:00,1785835171,2511,72,3,32.9,45.1,,run
2026-08-04T12:19:36+03:00,1785835176,2516,72,3,32.9,48.8,,run
2026-08-04T12:19:41+03:00,1785835181,2521,72,3,32.9,46.0,,run
2026-08-04T12:19:47+03:00,1785835187,2527,72,3,32.9,46.0,,run
2026-08-04T12:19:52+03:00,1785835192,2532,72,3,32.9,50.4,,run
2026-08-04T12:19:57+03:00,1785835197,2537,72,3,32.9,45.7,,run
2026-08-04T12:20:02+03:00,1785835202,2542,72,3,32.9,45.4,,run
2026-08-04T12:20:07+03:00,1785835207,2547,72,3,32.9,47.9,,run
2026-08-04T12:20:13+03:00,1785835213,2553,72,3,32.9,45.1,,run
2026-08-04T12:20:18+03:00,1785835218,2558,72,3,32.9,47.0,,run
2026-08-04T12:20:23+03:00,1785835223,2563,72,3,32.9,47.0,,run
2026-08-04T12:20:28+03:00,1785835228,2568,72,3,32.9,44.8,,run
2026-08-04T12:20:34+03:00,1785835234,2574,72,3,32.9,47.9,,run
2026-08-04T12:20:39+03:00,1785835239,2579,72,3,32.9,44.2,,run
2026-08-04T12:20:44+03:00,1785835244,2584,72,3,32.9,47.9,,run
2026-08-04T12:20:49+03:00,1785835249,2589,72,3,32.9,49.4,,run
2026-08-04T12:20:54+03:00,1785835254,2594,72,3,32.9,47.9,,run
2026-08-04T12:21:00+03:00,1785835260,2600,72,3,32.9,47.3,,run
2026-08-04T12:21:05+03:00,1785835265,2605,72,3,32.9,47.0,,run
2026-08-04T12:21:10+03:00,1785835270,2610,72,3,32.9,53.8,,run
2026-08-04T12:21:15+03:00,1785835275,2615,72,3,32.9,48.5,,run
2026-08-04T12:21:21+03:00,1785835281,2621,72,3,32.9,50.4,,run
2026-08-04T12:21:26+03:00,1785835286,2626,72,3,32.9,44.8,,run
2026-08-04T12:21:31+03:00,1785835291,2631,72,3,32.9,47.3,,run
2026-08-04T12:21:36+03:00,1785835296,2636,72,3,32.9,49.4,,run
2026-08-04T12:21:42+03:00,1785835302,2642,72,3,32.9,48.8,,run
2026-08-04T12:21:47+03:00,1785835307,2647,72,3,32.9,43.9,,run
2026-08-04T12:21:52+03:00,1785835312,2652,72,3,32.9,49.1,,run
2026-08-04T12:21:57+03:00,1785835317,2657,72,3,32.9,44.2,,run
2026-08-04T12:22:02+03:00,1785835322,2662,72,3,32.9,44.2,,run
2026-08-04T12:22:08+03:00,1785835328,2668,72,3,32.9,44.5,,run
2026-08-04T12:22:13+03:00,1785835333,2673,72,3,32.9,41.7,,run
2026-08-04T12:22:18+03:00,1785835338,2678,72,3,32.9,54.1,,run
2026-08-04T12:22:24+03:00,1785835344,2684,72,3,32.9,46.3,,run
2026-08-04T12:22:29+03:00,1785835349,2689,72,3,32.9,44.2,,run
2026-08-04T12:22:34+03:00,1785835354,2694,72,3,32.9,45.4,,run
2026-08-04T12:22:39+03:00,1785835359,2699,72,3,32.9,42.0,,run
2026-08-04T12:22:44+03:00,1785835364,2704,72,3,32.9,43.2,,run
2026-08-04T12:22:50+03:00,1785835370,2710,72,3,32.9,44.5,,run
2026-08-04T12:22:55+03:00,1785835375,2715,72,3,32.9,43.2,,run
2026-08-04T12:23:00+03:00,1785835380,2720,72,3,32.9,43.2,,run
2026-08-04T12:23:05+03:00,1785835385,2725,72,3,32.9,42.6,,run
2026-08-04T12:23:11+03:00,1785835391,2731,72,3,32.9,42.6,,run
2026-08-04T12:23:16+03:00,1785835396,2736,72,3,32.9,42.9,,run
2026-08-04T12:23:21+03:00,1785835401,2741,72,3,32.9,46.0,,run
2026-08-04T12:23:26+03:00,1785835406,2746,72,3,32.9,47.0,,run
2026-08-04T12:23:31+03:00,1785835411,2751,72,3,32.9,51.3,,run
2026-08-04T12:23:37+03:00,1785835417,2757,72,3,32.9,46.3,,run
2026-08-04T12:23:42+03:00,1785835422,2762,72,3,32.9,46.3,,run
2026-08-04T12:23:47+03:00,1785835427,2767,72,3,32.9,42.9,,run
2026-08-04T12:23:52+03:00,1785835432,2772,72,3,32.9,42.3,,run
2026-08-04T12:23:58+03:00,1785835438,2778,72,3,32.9,41.4,,run
2026-08-04T12:24:03+03:00,1785835443,2783,72,3,32.9,40.8,,run
2026-08-04T12:24:08+03:00,1785835448,2788,72,3,32.9,46.0,,run
2026-08-04T12:24:13+03:00,1785835453,2793,72,3,32.9,47.3,,run
2026-08-04T12:24:18+03:00,1785835458,2798,72,3,32.9,53.1,,run
2026-08-04T12:24:24+03:00,1785835464,2804,72,3,32.9,44.5,,run
2026-08-04T12:24:29+03:00,1785835469,2809,72,3,32.9,42.9,,run
2026-08-04T12:24:35+03:00,1785835475,2815,72,3,32.9,43.2,,run
2026-08-04T12:24:40+03:00,1785835480,2820,72,3,32.9,44.8,,run
2026-08-04T12:24:45+03:00,1785835485,2825,72,3,32.9,44.8,,run
2026-08-04T12:24:50+03:00,1785835490,2830,72,3,32.9,44.2,,run
2026-08-04T12:24:56+03:00,1785835496,2836,72,3,32.9,43.2,,run
2026-08-04T12:25:01+03:00,1785835501,2841,72,3,32.9,42.6,,run
2026-08-04T12:25:06+03:00,1785835506,2846,72,3,32.9,41.7,,run
2026-08-04T12:25:11+03:00,1785835511,2851,72,3,32.9,42.6,,run
2026-08-04T12:25:16+03:00,1785835516,2856,72,3,32.9,45.4,,run
2026-08-04T12:25:22+03:00,1785835522,2862,72,3,32.9,43.6,,run
2026-08-04T12:25:27+03:00,1785835527,2867,72,3,32.9,47.9,,run
2026-08-04T12:25:32+03:00,1785835532,2872,72,3,32.9,47.3,,run
2026-08-04T12:25:37+03:00,1785835537,2877,72,3,32.9,49.7,,run
2026-08-04T12:25:43+03:00,1785835543,2883,72,3,32.9,47.9,,run
2026-08-04T12:25:48+03:00,1785835548,2888,72,3,32.9,42.3,,run
2026-08-04T12:25:53+03:00,1785835553,2893,72,3,32.9,42.0,,run
2026-08-04T12:25:58+03:00,1785835558,2898,72,3,32.9,44.2,,run
2026-08-04T12:26:03+03:00,1785835563,2903,72,3,32.9,44.8,,run
2026-08-04T12:26:09+03:00,1785835569,2909,72,3,32.9,45.1,,run
2026-08-04T12:26:14+03:00,1785835574,2914,72,3,32.9,45.1,,run
2026-08-04T12:26:19+03:00,1785835579,2919,72,3,32.9,55.0,,run
2026-08-04T12:26:25+03:00,1785835585,2925,72,3,32.9,47.3,,run
2026-08-04T12:26:30+03:00,1785835590,2930,72,3,32.9,42.9,,run
2026-08-04T12:26:35+03:00,1785835595,2935,72,3,32.9,44.8,,run
2026-08-04T12:26:40+03:00,1785835600,2940,72,3,32.9,43.2,,run
2026-08-04T12:26:46+03:00,1785835606,2946,72,3,32.9,42.9,,run
2026-08-04T12:26:51+03:00,1785835611,2951,72,3,32.9,42.9,,run
2026-08-04T12:26:56+03:00,1785835616,2956,72,3,32.9,42.3,,run
2026-08-04T12:27:01+03:00,1785835621,2961,72,3,32.9,43.9,,run
2026-08-04T12:27:07+03:00,1785835626,2966,72,3,32.9,43.2,,run
2026-08-04T12:27:12+03:00,1785835632,2972,72,3,32.9,42.9,,run
2026-08-04T12:27:17+03:00,1785835637,2977,72,3,32.9,41.7,,run
2026-08-04T12:27:22+03:00,1785835642,2982,72,3,32.9,42.0,,run
2026-08-04T12:27:27+03:00,1785835647,2987,72,3,32.9,41.1,,run
2026-08-04T12:27:33+03:00,1785835653,2993,72,3,32.9,53.5,,run
2026-08-04T12:27:38+03:00,1785835658,2998,72,3,32.9,51.9,,run
2026-08-04T12:27:43+03:00,1785835663,3003,72,3,32.4,49.7,,run
2026-08-04T12:27:48+03:00,1785835668,3008,72,3,32.4,44.2,,run
2026-08-04T12:27:54+03:00,1785835674,3014,72,3,32.4,43.6,,run
2026-08-04T12:27:59+03:00,1785835679,3019,72,3,32.4,41.4,,run
2026-08-04T12:28:04+03:00,1785835684,3024,72,3,32.4,42.3,,run
2026-08-04T12:28:09+03:00,1785835689,3029,72,3,32.4,41.7,,run
2026-08-04T12:28:14+03:00,1785835694,3034,72,3,32.4,41.1,,run
2026-08-04T12:28:20+03:00,1785835700,3040,72,3,32.4,54.4,,run
2026-08-04T12:28:26+03:00,1785835706,3046,72,3,32.4,48.5,,run
2026-08-04T12:28:31+03:00,1785835711,3051,72,3,32.4,44.2,,run
2026-08-04T12:28:36+03:00,1785835716,3056,72,3,32.4,42.9,,run
2026-08-04T12:28:41+03:00,1785835721,3061,72,3,32.4,42.9,,run
2026-08-04T12:28:47+03:00,1785835727,3067,72,3,32.4,42.6,,run
2026-08-04T12:28:52+03:00,1785835732,3072,72,3,32.4,43.6,,run
2026-08-04T12:28:57+03:00,1785835737,3077,72,3,32.4,45.1,,run
2026-08-04T12:29:02+03:00,1785835742,3082,72,3,32.4,42.3,,run
2026-08-04T12:29:07+03:00,1785835747,3087,72,3,32.4,41.4,,run
2026-08-04T12:29:13+03:00,1785835753,3093,72,3,32.4,41.4,,run
2026-08-04T12:29:18+03:00,1785835758,3098,72,3,32.4,42.3,,run
2026-08-04T12:29:23+03:00,1785835763,3103,72,3,32.4,43.6,,run
2026-08-04T12:29:28+03:00,1785835768,3108,72,3,32.4,42.3,,run
2026-08-04T12:29:34+03:00,1785835774,3114,72,3,32.4,49.1,,run
2026-08-04T12:29:39+03:00,1785835779,3119,72,3,32.4,54.4,,run
2026-08-04T12:29:44+03:00,1785835784,3124,72,3,32.4,47.9,,run
2026-08-04T12:29:49+03:00,1785835789,3129,72,3,32.4,43.2,,run
2026-08-04T12:29:54+03:00,1785835794,3134,72,3,32.4,41.4,,run
2026-08-04T12:30:00+03:00,1785835800,3140,72,3,32.4,45.7,,run
2026-08-04T12:30:05+03:00,1785835805,3145,72,3,32.4,43.6,,run
2026-08-04T12:30:10+03:00,1785835810,3150,71,3,32.4,43.9,,run
2026-08-04T12:30:15+03:00,1785835815,3155,71,3,32.4,42.3,,run
2026-08-04T12:30:21+03:00,1785835821,3161,71,3,32.4,52.5,,run
2026-08-04T12:30:26+03:00,1785835826,3166,71,3,32.4,50.4,,run
2026-08-04T12:30:32+03:00,1785835832,3172,71,3,32.4,45.4,,run
2026-08-04T12:30:37+03:00,1785835837,3177,71,3,32.4,44.5,,run
2026-08-04T12:30:42+03:00,1785835842,3182,71,3,32.4,42.9,,run
2026-08-04T12:30:47+03:00,1785835847,3187,71,3,32.4,42.0,,run
2026-08-04T12:30:52+03:00,1785835852,3192,71,3,32.4,42.6,,run
2026-08-04T12:30:58+03:00,1785835858,3198,71,3,32.4,42.0,,run
2026-08-04T12:31:03+03:00,1785835863,3203,71,3,32.4,42.6,,run
2026-08-04T12:31:08+03:00,1785835868,3208,71,3,32.4,44.2,,run
2026-08-04T12:31:13+03:00,1785835873,3213,71,3,32.4,42.6,,run
2026-08-04T12:31:19+03:00,1785835879,3219,71,3,32.4,41.7,,run
2026-08-04T12:31:24+03:00,1785835884,3224,71,3,32.4,42.3,,run
2026-08-04T12:31:29+03:00,1785835889,3229,71,3,32.4,41.7,,run
2026-08-04T12:31:34+03:00,1785835894,3234,71,3,32.4,47.9,,run
2026-08-04T12:31:39+03:00,1785835899,3239,71,3,32.4,48.5,,run
2026-08-04T12:31:45+03:00,1785835905,3245,71,3,32.4,52.5,,run
2026-08-04T12:31:50+03:00,1785835910,3250,71,3,32.4,46.0,,run
2026-08-04T12:31:55+03:00,1785835915,3255,71,3,32.4,43.6,,run
2026-08-04T12:32:00+03:00,1785835920,3260,71,3,32.4,42.6,,run
2026-08-04T12:32:06+03:00,1785835926,3266,71,3,32.4,42.9,,run
2026-08-04T12:32:11+03:00,1785835931,3271,71,3,32.4,42.3,,run
2026-08-04T12:32:16+03:00,1785835936,3276,71,3,32.4,47.9,,run
2026-08-04T12:32:21+03:00,1785835941,3281,71,3,32.4,52.5,,run
2026-08-04T12:32:27+03:00,1785835947,3287,71,3,32.4,46.3,,run
2026-08-04T12:32:32+03:00,1785835952,3292,71,3,32.4,47.3,,run
2026-08-04T12:32:37+03:00,1785835957,3297,71,3,32.4,47.6,,run
2026-08-04T12:32:43+03:00,1785835963,3303,71,3,32.4,44.8,,run
2026-08-04T12:32:48+03:00,1785835968,3308,71,3,32.4,43.9,,run
2026-08-04T12:32:53+03:00,1785835973,3313,71,3,32.4,46.0,,run
2026-08-04T12:32:58+03:00,1785835978,3318,71,3,32.4,44.2,,run
2026-08-04T12:33:03+03:00,1785835983,3323,71,3,32.4,44.5,,run
2026-08-04T12:33:09+03:00,1785835989,3329,71,3,32.4,47.9,,run
2026-08-04T12:33:14+03:00,1785835994,3334,71,3,32.4,43.6,,run
2026-08-04T12:33:19+03:00,1785835999,3339,71,3,32.4,42.9,,run
2026-08-04T12:33:24+03:00,1785836004,3344,71,3,32.4,42.6,,run
2026-08-04T12:33:30+03:00,1785836010,3350,71,3,32.4,44.8,,run
2026-08-04T12:33:35+03:00,1785836015,3355,71,3,32.4,44.2,,run
2026-08-04T12:33:40+03:00,1785836020,3360,71,3,32.4,53.5,,run
2026-08-04T12:33:45+03:00,1785836025,3365,71,3,32.4,51.0,,run
2026-08-04T12:33:51+03:00,1785836031,3371,71,3,32.4,45.4,,run
2026-08-04T12:33:56+03:00,1785836036,3376,71,3,32.4,43.6,,run
2026-08-04T12:34:01+03:00,1785836041,3381,71,3,32.4,42.0,,run
2026-08-04T12:34:06+03:00,1785836046,3386,71,3,32.4,41.4,,run
2026-08-04T12:34:11+03:00,1785836051,3391,71,3,32.4,43.2,,run
2026-08-04T12:34:17+03:00,1785836057,3397,71,3,32.4,41.7,,run
2026-08-04T12:34:22+03:00,1785836062,3402,71,3,32.4,50.4,,run
2026-08-04T12:34:27+03:00,1785836067,3407,71,3,32.4,46.7,,run
2026-08-04T12:34:33+03:00,1785836073,3413,71,3,32.4,49.7,,run
2026-08-04T12:34:38+03:00,1785836078,3418,71,3,32.4,46.0,,run
2026-08-04T12:34:43+03:00,1785836083,3423,71,3,32.4,44.8,,run
2026-08-04T12:34:48+03:00,1785836088,3428,71,3,32.4,44.2,,run
2026-08-04T12:34:54+03:00,1785836094,3434,71,3,32.4,43.6,,run
2026-08-04T12:34:59+03:00,1785836099,3439,71,3,32.4,42.0,,run
2026-08-04T12:35:04+03:00,1785836104,3444,71,3,32.4,42.6,,run
2026-08-04T12:35:09+03:00,1785836109,3449,71,3,32.4,42.0,,run
2026-08-04T12:35:14+03:00,1785836114,3454,71,3,32.4,43.9,,run
2026-08-04T12:35:20+03:00,1785836120,3460,71,3,32.4,42.6,,run
2026-08-04T12:35:25+03:00,1785836125,3465,71,3,32.4,41.7,,run
2026-08-04T12:35:30+03:00,1785836130,3470,71,3,32.4,42.3,,run
2026-08-04T12:35:35+03:00,1785836135,3475,71,3,32.4,41.7,,run
2026-08-04T12:35:40+03:00,1785836140,3480,71,3,32.4,52.5,,run
2026-08-04T12:35:46+03:00,1785836146,3486,71,3,32.4,46.7,,run
2026-08-04T12:35:51+03:00,1785836151,3491,71,3,32.4,50.1,,run
2026-08-04T12:35:56+03:00,1785836156,3496,71,3,32.4,43.9,,run
2026-08-04T12:36:02+03:00,1785836162,3502,71,3,32.4,42.3,,run
2026-08-04T12:36:07+03:00,1785836167,3507,71,3,32.4,41.4,,run
2026-08-04T12:36:12+03:00,1785836172,3512,71,3,32.4,41.1,,run
2026-08-04T12:36:17+03:00,1785836177,3517,71,3,32.4,42.0,,run
2026-08-04T12:36:23+03:00,1785836183,3523,71,3,32.4,51.9,,run
2026-08-04T12:36:28+03:00,1785836188,3528,71,3,32.4,45.1,,run
2026-08-04T12:36:34+03:00,1785836194,3534,71,3,32.4,48.5,,run
2026-08-04T12:36:39+03:00,1785836199,3539,71,3,32.4,46.7,,run
2026-08-04T12:36:44+03:00,1785836204,3544,71,3,32.4,45.4,,run
2026-08-04T12:36:49+03:00,1785836209,3549,71,3,32.4,46.0,,run
2026-08-04T12:36:54+03:00,1785836214,3554,71,3,32.4,45.4,,run
2026-08-04T12:37:00+03:00,1785836220,3560,71,3,32.4,46.3,,run
2026-08-04T12:37:05+03:00,1785836225,3565,71,3,32.4,46.3,,run
2026-08-04T12:37:10+03:00,1785836230,3570,71,3,32.4,42.0,,run
2026-08-04T12:37:15+03:00,1785836235,3575,71,3,32.4,43.6,,run
2026-08-04T12:37:21+03:00,1785836241,3581,71,3,32.4,42.9,,run
2026-08-04T12:37:26+03:00,1785836246,3586,71,3,32.4,41.7,,run
2026-08-04T12:37:31+03:00,1785836251,3591,71,3,32.4,41.7,,run
2026-08-04T12:37:36+03:00,1785836256,3596,71,3,32.4,41.1,,run
2026-08-04T12:37:41+03:00,1785836261,3601,71,3,32.4,53.1,,run
2026-08-04T12:37:47+03:00,1785836267,3607,71,3,32.4,46.7,,run
2026-08-04T12:37:52+03:00,1785836272,3612,71,3,32.4,48.2,,run
2026-08-04T12:37:57+03:00,1785836277,3617,71,3,32.4,43.6,,run
2026-08-04T12:38:03+03:00,1785836283,3623,71,3,32.4,45.4,,run
2026-08-04T12:38:08+03:00,1785836288,3628,71,3,32.4,47.9,,run
2026-08-04T12:38:13+03:00,1785836293,3633,71,3,32.4,44.5,,run
2026-08-04T12:38:18+03:00,1785836298,3638,71,3,32.4,42.6,,run
2026-08-04T12:38:24+03:00,1785836304,3644,71,3,32.4,42.3,,run
2026-08-04T12:38:29+03:00,1785836309,3649,71,3,32.4,42.3,,run
2026-08-04T12:38:34+03:00,1785836314,3654,71,3,32.4,41.4,,run
2026-08-04T12:38:39+03:00,1785836319,3659,71,3,32.4,46.3,,run
2026-08-04T12:38:44+03:00,1785836324,3664,71,3,32.4,48.5,,run
2026-08-04T12:38:50+03:00,1785836330,3670,71,3,32.4,47.6,,run
2026-08-04T12:38:55+03:00,1785836335,3675,71,3,32.4,43.9,,run
2026-08-04T12:39:00+03:00,1785836340,3680,71,3,32.4,42.0,,run
2026-08-04T12:39:05+03:00,1785836345,3685,71,3,32.4,42.3,,run
2026-08-04T12:39:11+03:00,1785836351,3691,71,3,32.4,42.3,,run
2026-08-04T12:39:16+03:00,1785836356,3696,71,3,32.4,42.9,,run
2026-08-04T12:39:21+03:00,1785836361,3701,71,3,32.4,53.5,,run
2026-08-04T12:39:27+03:00,1785836367,3707,71,3,32.4,42.3,,run
2026-08-04T12:39:32+03:00,1785836372,3712,71,3,32.4,42.6,,run
2026-08-04T12:39:37+03:00,1785836377,3717,71,3,32.4,41.7,,run
2026-08-04T12:39:42+03:00,1785836382,3722,71,3,32.4,42.0,,run
2026-08-04T12:39:47+03:00,1785836387,3727,70,3,32.4,41.4,,run
2026-08-04T12:39:53+03:00,1785836393,3733,70,3,32.4,44.8,,run
2026-08-04T12:39:58+03:00,1785836398,3738,70,3,32.4,45.1,,run
2026-08-04T12:40:03+03:00,1785836403,3743,70,3,32.4,46.7,,run
2026-08-04T12:40:08+03:00,1785836408,3748,70,3,32.4,50.1,,run
2026-08-04T12:40:14+03:00,1785836414,3754,70,3,32.4,45.4,,run
2026-08-04T12:40:19+03:00,1785836419,3759,70,3,32.4,42.9,,run
2026-08-04T12:40:24+03:00,1785836424,3764,70,3,32.4,42.6,,run
2026-08-04T12:40:29+03:00,1785836429,3769,70,3,32.4,42.6,,run
2026-08-04T12:40:35+03:00,1785836435,3775,70,3,32.4,42.6,,run
2026-08-04T12:40:40+03:00,1785836440,3780,70,3,32.4,45.7,,run
2026-08-04T12:40:45+03:00,1785836445,3785,70,3,32.4,45.4,,run
2026-08-04T12:40:50+03:00,1785836450,3790,70,3,32.4,43.2,,run
2026-08-04T12:40:55+03:00,1785836455,3795,70,3,32.4,42.3,,run
2026-08-04T12:41:01+03:00,1785836461,3801,70,3,32.4,44.2,,run
2026-08-04T12:41:06+03:00,1785836466,3806,70,3,32.4,42.9,,run
2026-08-04T12:41:11+03:00,1785836471,3811,70,3,32.4,44.5,,run
2026-08-04T12:41:16+03:00,1785836476,3816,70,3,32.4,42.9,,run
2026-08-04T12:41:21+03:00,1785836481,3821,70,3,32.4,52.2,,run
2026-08-04T12:41:27+03:00,1785836487,3827,70,3,32.4,42.9,,run
2026-08-04T12:41:32+03:00,1785836492,3832,70,3,32.4,41.7,,run
2026-08-04T12:41:37+03:00,1785836497,3837,70,3,32.4,41.1,,run
2026-08-04T12:41:43+03:00,1785836503,3843,70,3,32.4,40.5,,run
2026-08-04T12:41:48+03:00,1785836508,3848,70,3,32.4,40.8,,run
2026-08-04T12:41:53+03:00,1785836513,3853,70,3,32.4,40.8,,run
2026-08-04T12:41:58+03:00,1785836518,3858,70,3,32.4,43.9,,run
2026-08-04T12:42:04+03:00,1785836524,3864,70,3,32.4,46.7,,run
2026-08-04T12:42:09+03:00,1785836529,3869,70,3,32.4,46.7,,run
2026-08-04T12:42:14+03:00,1785836534,3874,70,3,32.4,44.5,,run
2026-08-04T12:42:19+03:00,1785836539,3879,70,3,32.4,43.2,,run
2026-08-04T12:42:25+03:00,1785836545,3885,70,3,32.4,43.2,,run
2026-08-04T12:42:30+03:00,1785836550,3890,70,3,32.4,42.9,,run
2026-08-04T12:42:35+03:00,1785836555,3895,70,3,32.4,44.2,,run
2026-08-04T12:42:40+03:00,1785836560,3900,70,3,32.4,42.9,,run
2026-08-04T12:42:45+03:00,1785836565,3905,70,3,32.4,45.7,,run
2026-08-04T12:42:51+03:00,1785836571,3911,70,3,32.4,42.6,,run
2026-08-04T12:42:56+03:00,1785836576,3916,70,3,32.4,41.7,,run
2026-08-04T12:43:01+03:00,1785836581,3921,70,3,32.4,41.4,,run
2026-08-04T12:43:06+03:00,1785836586,3926,70,3,32.4,40.8,,run
2026-08-04T12:43:12+03:00,1785836592,3932,70,3,32.4,42.9,,run
2026-08-04T12:43:17+03:00,1785836597,3937,70,3,32.4,41.7,,run
2026-08-04T12:43:22+03:00,1785836602,3942,70,3,32.4,42.3,,run
2026-08-04T12:43:27+03:00,1785836607,3947,70,3,32.4,41.4,,run
2026-08-04T12:43:32+03:00,1785836612,3952,70,3,32.4,40.8,,run
2026-08-04T12:43:38+03:00,1785836618,3958,70,3,32.4,41.1,,run
2026-08-04T12:43:43+03:00,1785836623,3963,70,3,32.4,42.6,,run
2026-08-04T12:43:48+03:00,1785836628,3968,70,3,32.4,42.3,,run
2026-08-04T12:43:53+03:00,1785836633,3973,70,3,32.4,41.1,,run
2026-08-04T12:43:58+03:00,1785836638,3978,70,3,32.4,41.4,,run
2026-08-04T12:44:04+03:00,1785836644,3984,70,3,32.4,41.4,,run
2026-08-04T12:44:09+03:00,1785836649,3989,70,3,32.4,41.4,,run
2026-08-04T12:44:14+03:00,1785836654,3994,70,3,32.4,42.6,,run
2026-08-04T12:44:19+03:00,1785836659,3999,70,3,32.4,41.4,,run
2026-08-04T12:44:25+03:00,1785836665,4005,70,3,32.4,40.5,,run
2026-08-04T12:44:30+03:00,1785836670,4010,70,3,32.4,40.2,,run
2026-08-04T12:44:35+03:00,1785836675,4015,70,3,32.4,41.7,,run
2026-08-04T12:44:40+03:00,1785836680,4020,70,3,32.4,41.7,,run
2026-08-04T12:44:45+03:00,1785836685,4025,70,3,32.4,42.0,,run
2026-08-04T12:44:51+03:00,1785836691,4031,70,3,32.4,40.8,,run
2026-08-04T12:44:56+03:00,1785836696,4036,70,3,32.4,41.4,,run
2026-08-04T12:45:01+03:00,1785836701,4041,70,3,32.4,41.1,,run
2026-08-04T12:45:06+03:00,1785836706,4046,70,3,32.4,40.2,,run
2026-08-04T12:45:12+03:00,1785836712,4052,70,3,32.4,41.7,,run
2026-08-04T12:45:17+03:00,1785836717,4057,70,3,32.4,42.0,,run
2026-08-04T12:45:22+03:00,1785836722,4062,70,3,32.4,41.7,,run
2026-08-04T12:45:27+03:00,1785836727,4067,70,3,32.4,41.4,,run
2026-08-04T12:45:32+03:00,1785836732,4072,70,3,32.4,43.2,,run
2026-08-04T12:45:38+03:00,1785836738,4078,70,3,32.4,41.4,,run
2026-08-04T12:45:43+03:00,1785836743,4083,70,3,32.4,44.2,,run
2026-08-04T12:45:48+03:00,1785836748,4088,70,3,32.4,42.6,,run
2026-08-04T12:45:53+03:00,1785836753,4093,70,3,32.4,42.0,,run
2026-08-04T12:45:59+03:00,1785836759,4099,70,3,32.4,41.7,,run
2026-08-04T12:46:04+03:00,1785836764,4104,70,3,32.4,40.2,,run
2026-08-04T12:46:09+03:00,1785836769,4109,70,3,32.4,41.1,,run
2026-08-04T12:46:14+03:00,1785836774,4114,70,3,32.4,42.0,,run
2026-08-04T12:46:19+03:00,1785836779,4119,70,3,32.4,41.4,,run
2026-08-04T12:46:25+03:00,1785836785,4125,70,3,32.4,40.8,,run
2026-08-04T12:46:30+03:00,1785836790,4130,70,3,32.4,41.1,,run
2026-08-04T12:46:35+03:00,1785836795,4135,70,3,32.4,42.3,,run
2026-08-04T12:46:40+03:00,1785836800,4140,70,3,32.4,44.2,,run
2026-08-04T12:46:46+03:00,1785836806,4146,70,3,32.4,41.1,,run
2026-08-04T12:46:51+03:00,1785836811,4151,70,3,32.4,40.5,,run
2026-08-04T12:46:56+03:00,1785836816,4156,70,3,32.4,43.2,,run
2026-08-04T12:47:01+03:00,1785836821,4161,70,3,32.4,49.7,,run
2026-08-04T12:47:07+03:00,1785836827,4167,70,3,32.4,46.7,,run
2026-08-04T12:47:12+03:00,1785836832,4172,70,3,32.4,43.2,,run
2026-08-04T12:47:17+03:00,1785836837,4177,70,3,32.4,44.8,,run
2026-08-04T12:47:22+03:00,1785836842,4182,70,3,32.4,42.9,,run
2026-08-04T12:47:27+03:00,1785836847,4187,70,3,32.4,42.9,,run
2026-08-04T12:47:33+03:00,1785836853,4193,70,3,32.4,46.7,,run
2026-08-04T12:47:38+03:00,1785836858,4198,70,3,32.4,43.6,,run
2026-08-04T12:47:43+03:00,1785836863,4203,70,3,32.1,42.3,,run
2026-08-04T12:47:48+03:00,1785836868,4208,70,3,32.1,42.0,,run
2026-08-04T12:47:53+03:00,1785836873,4213,70,3,32.1,41.7,,run
2026-08-04T12:47:59+03:00,1785836879,4219,70,3,32.1,46.0,,run
2026-08-04T12:48:04+03:00,1785836884,4224,70,3,32.1,44.8,,run
2026-08-04T12:48:09+03:00,1785836889,4229,70,3,32.1,44.2,,run
2026-08-04T12:48:14+03:00,1785836894,4234,70,3,32.1,52.2,,run
2026-08-04T12:48:20+03:00,1785836900,4240,70,3,32.1,42.9,,run
2026-08-04T12:48:25+03:00,1785836905,4245,70,3,32.1,42.9,,run
2026-08-04T12:48:31+03:00,1785836911,4251,70,3,32.1,40.8,,run
2026-08-04T12:48:36+03:00,1785836916,4256,70,3,32.1,41.1,,run
2026-08-04T12:48:41+03:00,1785836921,4261,70,3,32.1,40.8,,run
2026-08-04T12:48:46+03:00,1785836926,4266,70,3,32.1,44.8,,run
2026-08-04T12:48:51+03:00,1785836931,4271,70,3,32.1,44.5,,run
2026-08-04T12:48:57+03:00,1785836937,4277,70,3,32.1,44.2,,run
2026-08-04T12:49:02+03:00,1785836942,4282,70,3,32.1,47.6,,run
2026-08-04T12:49:07+03:00,1785836947,4287,70,3,32.1,43.2,,run
2026-08-04T12:49:12+03:00,1785836952,4292,70,3,32.1,43.2,,run
2026-08-04T12:49:18+03:00,1785836958,4298,70,3,32.1,42.6,,run
2026-08-04T12:49:23+03:00,1785836963,4303,70,3,32.1,42.3,,run
2026-08-04T12:49:28+03:00,1785836968,4308,70,3,32.1,45.7,,run
2026-08-04T12:49:33+03:00,1785836973,4313,70,3,32.1,45.7,,run
2026-08-04T12:49:38+03:00,1785836978,4318,70,3,32.1,44.2,,run
2026-08-04T12:49:44+03:00,1785836984,4324,70,3,32.1,42.3,,run
2026-08-04T12:49:49+03:00,1785836989,4329,70,3,32.1,42.9,,run
2026-08-04T12:49:54+03:00,1785836994,4334,70,3,32.1,41.1,,run
2026-08-04T12:49:59+03:00,1785836999,4339,70,3,32.1,41.7,,run
2026-08-04T12:50:05+03:00,1785837005,4345,70,3,32.1,42.3,,run
2026-08-04T12:50:10+03:00,1785837010,4350,70,3,32.1,42.9,,run
2026-08-04T12:50:15+03:00,1785837015,4355,70,3,32.1,52.5,,run
2026-08-04T12:50:21+03:00,1785837021,4361,70,3,32.1,45.1,,run
2026-08-04T12:50:26+03:00,1785837026,4366,70,3,32.1,42.9,,run
2026-08-04T12:50:31+03:00,1785837031,4371,70,3,32.1,41.1,,run
2026-08-04T12:50:36+03:00,1785837036,4376,70,3,32.1,41.1,,run
2026-08-04T12:50:42+03:00,1785837042,4382,70,3,32.1,39.8,,run
2026-08-04T12:50:47+03:00,1785837047,4387,70,3,32.1,47.9,,run
2026-08-04T12:50:52+03:00,1785837052,4392,70,3,32.1,43.2,,run
2026-08-04T12:50:57+03:00,1785837057,4397,70,3,32.1,51.0,,run
2026-08-04T12:51:03+03:00,1785837063,4403,70,3,32.1,45.1,,run
2026-08-04T12:51:08+03:00,1785837068,4408,70,3,32.1,45.4,,run
2026-08-04T12:51:13+03:00,1785837073,4413,70,3,32.1,45.1,,run
2026-08-04T12:51:18+03:00,1785837078,4418,70,3,32.1,43.2,,run
2026-08-04T12:51:24+03:00,1785837084,4424,70,3,32.1,43.9,,run
2026-08-04T12:51:29+03:00,1785837089,4429,70,3,32.1,45.4,,run
2026-08-04T12:51:34+03:00,1785837094,4434,70,3,32.1,42.9,,run
2026-08-04T12:51:39+03:00,1785837099,4439,70,3,32.1,43.6,,run
2026-08-04T12:51:45+03:00,1785837105,4445,70,3,32.1,42.9,,run
2026-08-04T12:51:50+03:00,1785837110,4450,70,3,32.1,42.0,,run
2026-08-04T12:51:55+03:00,1785837115,4455,70,3,32.1,42.9,,run
2026-08-04T12:52:00+03:00,1785837120,4460,70,3,32.1,43.2,,run
2026-08-04T12:52:05+03:00,1785837125,4465,70,3,32.1,43.2,,run
2026-08-04T12:52:11+03:00,1785837131,4471,70,3,32.1,41.7,,run
2026-08-04T12:52:16+03:00,1785837136,4476,70,3,32.1,53.1,,run
2026-08-04T12:52:21+03:00,1785837141,4481,70,3,32.1,47.0,,run
2026-08-04T12:52:27+03:00,1785837147,4487,70,3,32.1,44.5,,run
2026-08-04T12:52:32+03:00,1785837152,4492,70,3,32.1,43.9,,run
2026-08-04T12:52:37+03:00,1785837157,4497,69,3,32.3,42.6,,run
2026-08-04T12:52:42+03:00,1785837162,4502,69,3,32.3,41.4,,run
2026-08-04T12:52:47+03:00,1785837167,4507,69,3,32.3,42.9,,run
2026-08-04T12:52:53+03:00,1785837173,4513,69,3,32.3,42.0,,run
2026-08-04T12:52:58+03:00,1785837178,4518,69,3,32.3,52.5,,run
2026-08-04T12:53:04+03:00,1785837184,4524,69,3,32.3,44.2,,run
2026-08-04T12:53:09+03:00,1785837189,4529,69,3,32.3,42.6,,run
2026-08-04T12:53:14+03:00,1785837194,4534,69,3,32.3,47.0,,run
2026-08-04T12:53:19+03:00,1785837199,4539,69,3,32.3,44.2,,run
2026-08-04T12:53:24+03:00,1785837204,4544,69,3,32.3,43.2,,run
2026-08-04T12:53:30+03:00,1785837210,4550,69,3,32.3,42.0,,run
2026-08-04T12:53:35+03:00,1785837215,4555,69,3,32.3,41.7,,run
2026-08-04T12:53:40+03:00,1785837220,4560,69,3,32.3,43.2,,run
2026-08-04T12:53:45+03:00,1785837225,4565,69,3,32.3,44.2,,run
2026-08-04T12:53:51+03:00,1785837231,4571,69,3,32.3,43.9,,run
2026-08-04T12:53:56+03:00,1785837236,4576,69,3,32.3,44.5,,run
2026-08-04T12:54:01+03:00,1785837241,4581,69,3,32.3,44.2,,run
2026-08-04T12:54:06+03:00,1785837246,4586,69,3,32.3,42.3,,run
2026-08-04T12:54:12+03:00,1785837252,4592,69,3,32.3,42.6,,run
2026-08-04T12:54:17+03:00,1785837257,4597,69,3,32.3,51.9,,run
2026-08-04T12:54:22+03:00,1785837262,4602,69,3,32.3,47.9,,run
2026-08-04T12:54:27+03:00,1785837267,4607,69,3,32.3,42.9,,run
2026-08-04T12:54:33+03:00,1785837273,4613,69,3,32.3,45.4,,run
2026-08-04T12:54:38+03:00,1785837278,4618,69,3,32.3,43.2,,run
2026-08-04T12:54:43+03:00,1785837283,4623,69,3,32.3,41.4,,run
2026-08-04T12:54:48+03:00,1785837288,4628,69,3,32.3,43.2,,run
2026-08-04T12:54:53+03:00,1785837293,4633,69,3,32.3,42.9,,run
2026-08-04T12:54:59+03:00,1785837299,4639,69,3,32.3,51.3,,run
2026-08-04T12:55:04+03:00,1785837304,4644,69,3,32.3,47.6,,run
2026-08-04T12:55:10+03:00,1785837310,4650,69,3,32.3,44.2,,run
2026-08-04T12:55:15+03:00,1785837315,4655,69,3,32.3,46.0,,run
2026-08-04T12:55:20+03:00,1785837320,4660,69,3,32.3,44.8,,run
2026-08-04T12:55:25+03:00,1785837325,4665,69,3,32.3,44.2,,run
2026-08-04T12:55:30+03:00,1785837330,4670,69,3,32.3,48.2,,run
2026-08-04T12:55:36+03:00,1785837336,4676,69,3,32.3,44.8,,run
2026-08-04T12:55:41+03:00,1785837341,4681,69,3,32.3,43.9,,run
2026-08-04T12:55:46+03:00,1785837346,4686,69,3,32.3,42.6,,run
2026-08-04T12:55:51+03:00,1785837351,4691,69,3,32.3,42.0,,run
2026-08-04T12:55:57+03:00,1785837357,4697,69,3,32.3,41.7,,run
2026-08-04T12:56:02+03:00,1785837362,4702,69,3,32.3,43.9,,run
2026-08-04T12:56:07+03:00,1785837367,4707,69,3,32.3,43.2,,run
2026-08-04T12:56:12+03:00,1785837372,4712,69,3,32.3,45.4,,run
2026-08-04T12:56:17+03:00,1785837377,4717,69,3,32.3,53.5,,run
2026-08-04T12:56:23+03:00,1785837383,4723,69,3,32.3,48.5,,run
2026-08-04T12:56:28+03:00,1785837388,4728,69,3,32.3,42.0,,run
2026-08-04T12:56:33+03:00,1785837393,4733,69,3,32.3,43.9,,run
2026-08-04T12:56:38+03:00,1785837398,4738,69,3,32.3,44.2,,run
2026-08-04T12:56:44+03:00,1785837404,4744,69,3,32.3,42.0,,run
2026-08-04T12:56:49+03:00,1785837409,4749,69,3,32.3,41.4,,run
2026-08-04T12:56:54+03:00,1785837414,4754,69,3,32.3,42.3,,run
2026-08-04T12:56:59+03:00,1785837419,4759,69,3,32.3,52.5,,run
2026-08-04T12:57:05+03:00,1785837425,4765,69,3,32.3,42.9,,run
2026-08-04T12:57:10+03:00,1785837430,4770,69,3,32.3,44.5,,run
2026-08-04T12:57:16+03:00,1785837436,4776,69,3,32.3,45.7,,run
2026-08-04T12:57:21+03:00,1785837441,4781,69,3,32.3,43.9,,run
2026-08-04T12:57:26+03:00,1785837446,4786,69,3,32.3,43.9,,run
2026-08-04T12:57:31+03:00,1785837451,4791,69,3,32.3,42.6,,run
2026-08-04T12:57:37+03:00,1785837456,4796,69,3,32.3,42.3,,run
2026-08-04T12:57:42+03:00,1785837462,4802,69,3,32.3,42.6,,run
2026-08-04T12:57:47+03:00,1785837467,4807,69,3,32.3,44.8,,run
2026-08-04T12:57:52+03:00,1785837472,4812,69,3,32.3,41.7,,run
2026-08-04T12:57:57+03:00,1785837477,4817,69,3,32.3,42.0,,run
2026-08-04T12:58:03+03:00,1785837483,4823,69,3,32.3,42.3,,run
2026-08-04T12:58:08+03:00,1785837488,4828,69,3,32.3,42.0,,run
2026-08-04T12:58:13+03:00,1785837493,4833,69,3,32.3,45.4,,run
2026-08-04T12:58:18+03:00,1785837498,4838,69,3,32.3,51.6,,run
2026-08-04T12:58:24+03:00,1785837504,4844,69,3,32.3,47.0,,run
2026-08-04T12:58:29+03:00,1785837509,4849,69,3,32.3,41.1,,run
2026-08-04T12:58:34+03:00,1785837514,4854,69,3,32.3,45.1,,run
2026-08-04T12:58:39+03:00,1785837519,4859,69,3,32.3,41.7,,run
2026-08-04T12:58:44+03:00,1785837524,4864,69,3,32.3,42.0,,run
2026-08-04T12:58:50+03:00,1785837530,4870,69,3,32.3,41.7,,run
2026-08-04T12:58:55+03:00,1785837535,4875,69,3,32.3,41.1,,run
2026-08-04T12:59:00+03:00,1785837540,4880,69,3,32.3,54.1,,run
2026-08-04T12:59:06+03:00,1785837546,4886,69,3,32.3,43.9,,run
2026-08-04T12:59:11+03:00,1785837551,4891,69,3,32.3,45.4,,run
2026-08-04T12:59:16+03:00,1785837556,4896,69,3,32.3,43.9,,run
2026-08-04T12:59:21+03:00,1785837561,4901,69,3,32.3,47.9,,run
2026-08-04T12:59:27+03:00,1785837567,4907,69,3,32.3,43.6,,run
2026-08-04T12:59:32+03:00,1785837572,4912,69,3,32.3,42.0,,run
2026-08-04T12:59:37+03:00,1785837577,4917,69,3,32.3,41.4,,run
2026-08-04T12:59:42+03:00,1785837582,4922,69,3,32.3,43.6,,run
2026-08-04T12:59:48+03:00,1785837588,4928,69,3,32.3,42.9,,run
2026-08-04T12:59:53+03:00,1785837593,4933,69,3,32.3,42.0,,run
2026-08-04T12:59:58+03:00,1785837598,4938,69,3,32.3,42.3,,run
2026-08-04T13:00:03+03:00,1785837603,4943,69,3,32.3,42.0,,run
2026-08-04T13:00:08+03:00,1785837608,4948,69,3,32.3,41.7,,run
2026-08-04T13:00:14+03:00,1785837614,4954,69,3,32.3,48.2,,run
2026-08-04T13:00:19+03:00,1785837619,4959,69,3,32.3,51.9,,run
2026-08-04T13:00:24+03:00,1785837624,4964,69,3,32.3,46.3,,run
2026-08-04T13:00:29+03:00,1785837629,4969,69,3,32.3,41.1,,run
2026-08-04T13:00:35+03:00,1785837635,4975,69,3,32.3,47.6,,run
2026-08-04T13:00:40+03:00,1785837640,4980,69,3,32.3,44.8,,run
2026-08-04T13:00:45+03:00,1785837645,4985,69,3,32.3,41.1,,run
2026-08-04T13:00:50+03:00,1785837650,4990,69,3,32.3,41.1,,run
2026-08-04T13:00:56+03:00,1785837656,4996,69,3,32.3,40.5,,run
2026-08-04T13:01:01+03:00,1785837661,5001,69,3,32.3,54.7,,run
2026-08-04T13:01:06+03:00,1785837666,5006,69,3,32.3,45.7,,run
2026-08-04T13:01:12+03:00,1785837672,5012,69,3,32.3,42.3,,run
2026-08-04T13:01:17+03:00,1785837677,5017,69,3,32.3,41.7,,run
2026-08-04T13:01:22+03:00,1785837682,5022,69,3,32.3,46.7,,run
2026-08-04T13:01:27+03:00,1785837687,5027,69,3,32.3,44.5,,run
2026-08-04T13:01:33+03:00,1785837693,5033,69,3,32.3,43.6,,run
2026-08-04T13:01:38+03:00,1785837698,5038,69,3,32.3,44.2,,run
2026-08-04T13:01:43+03:00,1785837703,5043,69,3,32.3,44.5,,run
2026-08-04T13:01:48+03:00,1785837708,5048,69,3,32.3,43.2,,run
2026-08-04T13:01:53+03:00,1785837713,5053,69,3,32.3,43.6,,run
2026-08-04T13:01:59+03:00,1785837719,5059,69,3,32.3,42.0,,run
2026-08-04T13:02:04+03:00,1785837724,5064,69,3,32.3,41.4,,run
2026-08-04T13:02:09+03:00,1785837729,5069,69,3,32.3,41.1,,run
2026-08-04T13:02:14+03:00,1785837734,5074,69,3,32.3,49.7,,run
2026-08-04T13:02:19+03:00,1785837739,5079,69,3,32.3,48.8,,run
2026-08-04T13:02:25+03:00,1785837745,5085,69,3,32.3,44.2,,run
2026-08-04T13:02:30+03:00,1785837750,5090,69,3,32.3,42.0,,run
2026-08-04T13:02:35+03:00,1785837755,5095,69,3,32.3,41.4,,run
2026-08-04T13:02:40+03:00,1785837760,5100,69,3,32.3,40.2,,run
2026-08-04T13:02:46+03:00,1785837766,5106,69,3,32.3,40.5,,run
2026-08-04T13:02:51+03:00,1785837771,5111,69,3,32.3,40.8,,run
2026-08-04T13:02:56+03:00,1785837776,5116,69,3,32.3,40.8,,run
2026-08-04T13:03:01+03:00,1785837781,5121,69,3,32.3,54.7,,run
2026-08-04T13:03:07+03:00,1785837787,5127,69,3,32.3,44.8,,run
2026-08-04T13:03:12+03:00,1785837792,5132,69,3,32.3,42.9,,run
2026-08-04T13:03:17+03:00,1785837797,5137,69,3,32.3,42.0,,run
2026-08-04T13:03:22+03:00,1785837802,5142,69,3,32.3,43.9,,run
2026-08-04T13:03:27+03:00,1785837807,5147,69,3,32.3,43.2,,run
2026-08-04T13:03:33+03:00,1785837813,5153,69,3,32.3,41.4,,run
2026-08-04T13:03:38+03:00,1785837818,5158,69,3,32.3,42.6,,run
2026-08-04T13:03:43+03:00,1785837823,5163,69,3,32.3,44.2,,run
2026-08-04T13:03:48+03:00,1785837828,5168,69,3,32.3,42.9,,run
2026-08-04T13:03:54+03:00,1785837834,5174,69,3,32.3,42.0,,run
2026-08-04T13:03:59+03:00,1785837839,5179,69,3,32.3,41.4,,run
2026-08-04T13:04:04+03:00,1785837844,5184,69,3,32.3,41.7,,run
2026-08-04T13:04:09+03:00,1785837849,5189,69,3,32.3,42.0,,run
2026-08-04T13:04:14+03:00,1785837854,5194,69,3,32.3,50.7,,run
2026-08-04T13:04:20+03:00,1785837860,5200,69,3,32.3,46.3,,run
2026-08-04T13:04:25+03:00,1785837865,5205,68,3,32.2,43.9,,run
2026-08-04T13:04:30+03:00,1785837870,5210,68,3,32.2,40.8,,run
2026-08-04T13:04:35+03:00,1785837875,5215,68,3,32.2,41.1,,run
2026-08-04T13:04:41+03:00,1785837881,5221,68,3,32.2,41.7,,run
2026-08-04T13:04:46+03:00,1785837886,5226,68,3,32.2,41.7,,run
2026-08-04T13:04:51+03:00,1785837891,5231,68,3,32.2,41.7,,run
2026-08-04T13:04:56+03:00,1785837896,5236,68,3,32.2,41.7,,run
2026-08-04T13:05:01+03:00,1785837901,5241,68,3,32.2,53.8,,run
2026-08-04T13:05:07+03:00,1785837907,5247,68,3,32.2,45.4,,run
2026-08-04T13:05:12+03:00,1785837912,5252,68,3,32.2,45.7,,run
2026-08-04T13:05:17+03:00,1785837917,5257,68,3,32.2,45.1,,run
2026-08-04T13:05:23+03:00,1785837923,5263,68,3,32.2,47.6,,run
2026-08-04T13:05:28+03:00,1785837928,5268,68,3,32.2,48.2,,run
2026-08-04T13:05:33+03:00,1785837933,5273,68,3,32.2,46.3,,run
2026-08-04T13:05:38+03:00,1785837938,5278,68,3,32.2,45.4,,run
2026-08-04T13:05:44+03:00,1785837944,5284,68,3,32.2,42.3,,run
2026-08-04T13:05:49+03:00,1785837949,5289,68,3,32.2,44.5,,run
2026-08-04T13:05:54+03:00,1785837954,5294,68,3,32.2,44.2,,run
2026-08-04T13:05:59+03:00,1785837959,5299,68,3,32.2,42.9,,run
2026-08-04T13:06:04+03:00,1785837964,5304,68,3,32.2,44.8,,run
2026-08-04T13:06:10+03:00,1785837970,5310,68,3,32.2,42.6,,run
2026-08-04T13:06:15+03:00,1785837975,5315,68,3,32.2,46.7,,run
2026-08-04T13:06:20+03:00,1785837980,5320,68,3,32.2,48.2,,run
2026-08-04T13:06:25+03:00,1785837985,5325,68,3,32.2,43.6,,run
2026-08-04T13:06:31+03:00,1785837991,5331,68,3,32.2,42.0,,run
2026-08-04T13:06:36+03:00,1785837996,5336,68,3,32.2,42.0,,run
2026-08-04T13:06:41+03:00,1785838001,5341,68,3,32.2,41.4,,run
2026-08-04T13:06:46+03:00,1785838006,5346,68,3,32.2,41.4,,run
2026-08-04T13:06:51+03:00,1785838011,5351,68,3,32.2,40.8,,run
2026-08-04T13:06:57+03:00,1785838017,5357,68,3,32.2,41.4,,run
2026-08-04T13:07:02+03:00,1785838022,5362,68,3,32.2,53.1,,run
2026-08-04T13:07:07+03:00,1785838027,5367,68,3,32.2,45.4,,run
2026-08-04T13:07:13+03:00,1785838033,5373,68,3,32.2,43.2,,run
2026-08-04T13:07:18+03:00,1785838038,5378,68,3,32.2,43.9,,run
2026-08-04T13:07:23+03:00,1785838043,5383,68,3,32.2,45.7,,run
2026-08-04T13:07:28+03:00,1785838048,5388,68,3,32.2,45.1,,run
2026-08-04T13:07:34+03:00,1785838054,5394,68,3,32.2,43.2,,run
2026-08-04T13:07:39+03:00,1785838059,5399,68,3,32.4,44.8,,run
2026-08-04T13:07:44+03:00,1785838064,5404,68,3,32.4,45.1,,run
2026-08-04T13:07:49+03:00,1785838069,5409,68,3,32.4,42.9,,run
2026-08-04T13:07:54+03:00,1785838074,5414,68,3,32.4,41.7,,run
2026-08-04T13:08:00+03:00,1785838080,5420,68,3,32.4,42.3,,run
2026-08-04T13:08:05+03:00,1785838085,5425,68,3,32.4,45.1,,run
2026-08-04T13:08:10+03:00,1785838090,5430,68,3,32.4,47.9,,run
2026-08-04T13:08:15+03:00,1785838095,5435,68,3,32.4,51.9,,run
2026-08-04T13:08:21+03:00,1785838101,5441,68,3,32.4,47.6,,run
2026-08-04T13:08:26+03:00,1785838106,5446,68,3,32.4,44.2,,run
2026-08-04T13:08:31+03:00,1785838111,5451,68,3,32.4,41.7,,run
2026-08-04T13:08:36+03:00,1785838116,5456,68,3,32.4,42.9,,run
2026-08-04T13:08:41+03:00,1785838121,5461,68,3,32.4,41.7,,run
2026-08-04T13:08:47+03:00,1785838127,5467,68,3,32.4,41.7,,run
2026-08-04T13:08:52+03:00,1785838132,5472,68,3,32.4,41.1,,run
2026-08-04T13:08:57+03:00,1785838137,5477,68,3,32.4,41.1,,run
2026-08-04T13:09:02+03:00,1785838142,5482,68,3,32.4,53.5,,run
2026-08-04T13:09:08+03:00,1785838148,5488,68,3,32.4,45.4,,run
2026-08-04T13:09:13+03:00,1785838153,5493,68,3,32.4,43.6,,run
2026-08-04T13:09:19+03:00,1785838159,5499,68,3,32.4,44.2,,run
2026-08-04T13:09:24+03:00,1785838164,5504,68,3,32.4,42.9,,run
2026-08-04T13:09:29+03:00,1785838169,5509,68,3,32.4,48.2,,run
2026-08-04T13:09:34+03:00,1785838174,5514,68,3,32.4,43.6,,run
2026-08-04T13:09:39+03:00,1785838179,5519,68,3,32.4,42.9,,run
2026-08-04T13:09:45+03:00,1785838185,5525,68,3,32.4,44.2,,run
2026-08-04T13:09:50+03:00,1785838190,5530,68,3,32.4,42.9,,run
2026-08-04T13:09:55+03:00,1785838195,5535,68,3,32.4,41.7,,run
2026-08-04T13:10:00+03:00,1785838200,5540,68,3,32.4,44.2,,run
2026-08-04T13:10:06+03:00,1785838206,5546,68,3,32.4,42.6,,run
2026-08-04T13:10:11+03:00,1785838211,5551,68,3,32.4,42.6,,run
2026-08-04T13:10:16+03:00,1785838216,5556,68,3,32.4,51.6,,run
2026-08-04T13:10:21+03:00,1785838221,5561,68,3,32.4,54.7,,run
2026-08-04T13:10:27+03:00,1785838227,5567,68,3,32.4,47.0,,run
2026-08-04T13:10:32+03:00,1785838232,5572,68,3,32.4,41.7,,run
2026-08-04T13:10:37+03:00,1785838237,5577,68,3,32.4,42.0,,run
2026-08-04T13:10:42+03:00,1785838242,5582,68,3,32.4,41.4,,run
2026-08-04T13:10:47+03:00,1785838247,5587,68,3,32.4,40.8,,run
2026-08-04T13:10:53+03:00,1785838253,5593,68,3,32.4,42.6,,run
2026-08-04T13:10:58+03:00,1785838258,5598,68,3,32.4,41.1,,run
2026-08-04T13:11:03+03:00,1785838263,5603,68,3,32.4,51.9,,run
2026-08-04T13:11:09+03:00,1785838269,5609,68,3,32.4,43.6,,run
2026-08-04T13:11:14+03:00,1785838274,5614,68,3,32.4,43.6,,run
2026-08-04T13:11:19+03:00,1785838279,5619,68,3,32.4,44.5,,run
2026-08-04T13:11:25+03:00,1785838285,5625,68,3,32.4,42.9,,run
2026-08-04T13:11:30+03:00,1785838290,5630,68,3,32.4,42.6,,run
2026-08-04T13:11:35+03:00,1785838295,5635,68,3,32.4,48.2,,run
2026-08-04T13:11:40+03:00,1785838300,5640,68,3,32.4,45.4,,run
2026-08-04T13:11:45+03:00,1785838305,5645,68,3,32.4,43.9,,run
2026-08-04T13:11:51+03:00,1785838311,5651,68,3,32.4,44.2,,run
2026-08-04T13:11:56+03:00,1785838316,5656,68,3,32.4,43.6,,run
2026-08-04T13:12:01+03:00,1785838321,5661,68,3,32.4,42.0,,run
2026-08-04T13:12:06+03:00,1785838326,5666,68,3,32.4,42.6,,run
2026-08-04T13:12:12+03:00,1785838332,5672,68,3,32.4,42.0,,run
2026-08-04T13:12:17+03:00,1785838337,5677,68,3,32.4,42.9,,run
2026-08-04T13:12:22+03:00,1785838342,5682,68,3,32.4,55.0,,run
2026-08-04T13:12:28+03:00,1785838348,5688,68,3,32.4,51.3,,run
2026-08-04T13:12:33+03:00,1785838353,5693,68,3,32.4,42.0,,run
2026-08-04T13:12:38+03:00,1785838358,5698,68,3,32.4,42.3,,run
2026-08-04T13:12:43+03:00,1785838363,5703,68,3,32.4,42.0,,run
2026-08-04T13:12:49+03:00,1785838369,5709,68,3,32.4,42.0,,run
2026-08-04T13:12:54+03:00,1785838374,5714,68,3,32.4,43.6,,run
2026-08-04T13:12:59+03:00,1785838379,5719,68,3,32.4,42.3,,run
2026-08-04T13:13:04+03:00,1785838384,5724,68,3,32.4,52.2,,run
2026-08-04T13:13:10+03:00,1785838390,5730,68,3,32.4,44.5,,run
2026-08-04T13:13:15+03:00,1785838395,5735,68,3,32.4,44.5,,run
2026-08-04T13:13:20+03:00,1785838400,5740,68,3,32.4,45.1,,run
2026-08-04T13:13:26+03:00,1785838406,5746,68,3,32.4,43.2,,run
2026-08-04T13:13:31+03:00,1785838411,5751,68,3,32.4,42.9,,run
2026-08-04T13:13:36+03:00,1785838416,5756,68,3,32.4,43.9,,run
2026-08-04T13:13:41+03:00,1785838421,5761,68,3,32.4,49.7,,run
2026-08-04T13:13:47+03:00,1785838427,5767,68,3,32.4,46.7,,run
2026-08-04T13:13:52+03:00,1785838432,5772,68,3,32.4,42.9,,run
2026-08-04T13:13:57+03:00,1785838437,5777,68,3,32.4,44.8,,run
2026-08-04T13:14:02+03:00,1785838442,5782,68,3,32.4,43.9,,run
2026-08-04T13:14:07+03:00,1785838447,5787,68,3,32.4,42.6,,run
2026-08-04T13:14:13+03:00,1785838453,5793,68,3,32.4,44.8,,run
2026-08-04T13:14:18+03:00,1785838458,5798,68,3,32.4,46.0,,run
2026-08-04T13:14:23+03:00,1785838463,5803,68,3,32.4,54.1,,run
2026-08-04T13:14:28+03:00,1785838468,5808,68,3,32.4,51.6,,run
2026-08-04T13:14:34+03:00,1785838474,5814,68,3,32.4,46.7,,run
2026-08-04T13:14:39+03:00,1785838479,5819,68,3,32.4,41.7,,run
2026-08-04T13:14:44+03:00,1785838484,5824,68,3,32.4,45.7,,run
2026-08-04T13:14:49+03:00,1785838489,5829,68,3,32.4,45.7,,run
2026-08-04T13:14:55+03:00,1785838495,5835,68,3,32.4,43.6,,run
2026-08-04T13:15:00+03:00,1785838500,5840,68,3,32.4,42.6,,run
2026-08-04T13:15:05+03:00,1785838505,5845,67,3,32.7,42.3,,run
2026-08-04T13:15:10+03:00,1785838510,5850,67,3,32.7,42.6,,run
2026-08-04T13:15:16+03:00,1785838516,5856,67,3,32.7,43.6,,run
2026-08-04T13:15:21+03:00,1785838521,5861,67,3,32.7,42.6,,run
2026-08-04T13:15:26+03:00,1785838526,5866,67,3,32.7,42.3,,run
2026-08-04T13:15:31+03:00,1785838531,5871,67,3,32.7,42.0,,run
2026-08-04T13:15:36+03:00,1785838536,5876,67,3,32.7,42.6,,run
2026-08-04T13:15:42+03:00,1785838542,5882,67,3,32.7,42.3,,run
2026-08-04T13:15:47+03:00,1785838547,5887,67,3,32.7,46.7,,run
2026-08-04T13:15:52+03:00,1785838552,5892,67,3,32.7,45.4,,run
2026-08-04T13:15:57+03:00,1785838557,5897,67,3,32.7,43.6,,run
2026-08-04T13:16:02+03:00,1785838562,5902,67,3,32.7,54.1,,run
2026-08-04T13:16:08+03:00,1785838568,5908,67,3,32.7,47.9,,run
2026-08-04T13:16:13+03:00,1785838573,5913,67,3,32.7,43.2,,run
2026-08-04T13:16:19+03:00,1785838579,5919,67,3,32.7,42.3,,run
2026-08-04T13:16:24+03:00,1785838584,5924,67,3,32.7,42.0,,run
2026-08-04T13:16:29+03:00,1785838589,5929,67,3,32.7,41.4,,run
2026-08-04T13:16:34+03:00,1785838594,5934,67,3,32.7,45.1,,run
2026-08-04T13:16:39+03:00,1785838599,5939,67,3,32.7,43.6,,run
2026-08-04T13:16:45+03:00,1785838605,5945,67,3,32.7,49.1,,run
2026-08-04T13:16:50+03:00,1785838610,5950,67,3,32.7,47.3,,run
2026-08-04T13:16:55+03:00,1785838615,5955,67,3,32.7,45.4,,run
2026-08-04T13:17:00+03:00,1785838620,5960,67,3,32.7,44.2,,run
2026-08-04T13:17:06+03:00,1785838626,5966,67,3,32.7,43.9,,run
2026-08-04T13:17:11+03:00,1785838631,5971,67,3,32.7,43.9,,run
2026-08-04T13:17:16+03:00,1785838636,5976,67,3,32.7,42.6,,run
2026-08-04T13:17:21+03:00,1785838641,5981,67,3,32.7,42.9,,run
2026-08-04T13:17:27+03:00,1785838647,5987,67,3,32.7,44.8,,run
2026-08-04T13:17:32+03:00,1785838652,5992,67,3,32.7,47.6,,run
2026-08-04T13:17:37+03:00,1785838657,5997,67,3,32.7,44.2,,run
2026-08-04T13:17:42+03:00,1785838662,6002,67,3,32.7,42.9,,run
2026-08-04T13:17:47+03:00,1785838667,6007,67,3,32.7,42.0,,run
2026-08-04T13:17:53+03:00,1785838673,6013,67,3,32.7,47.9,,run
2026-08-04T13:17:58+03:00,1785838678,6018,67,3,32.7,45.4,,run
2026-08-04T13:18:03+03:00,1785838683,6023,67,3,32.7,54.1,,run
2026-08-04T13:18:09+03:00,1785838689,6029,67,3,32.7,46.3,,run
2026-08-04T13:18:14+03:00,1785838694,6034,67,3,32.7,42.9,,run
2026-08-04T13:18:19+03:00,1785838699,6039,67,3,32.7,45.1,,run
2026-08-04T13:18:24+03:00,1785838704,6044,67,3,32.7,41.4,,run
2026-08-04T13:18:30+03:00,1785838710,6050,67,3,32.7,41.4,,run
2026-08-04T13:18:35+03:00,1785838715,6055,67,3,32.7,41.1,,run
2026-08-04T13:18:40+03:00,1785838720,6060,67,3,32.7,45.1,,run
2026-08-04T13:18:45+03:00,1785838725,6065,67,3,32.7,49.1,,run
2026-08-04T13:18:51+03:00,1785838731,6071,67,3,32.7,48.2,,run
2026-08-04T13:18:56+03:00,1785838736,6076,67,3,32.7,43.6,,run
2026-08-04T13:19:01+03:00,1785838741,6081,67,3,32.7,42.6,,run
2026-08-04T13:19:06+03:00,1785838746,6086,67,3,32.7,43.2,,run
2026-08-04T13:19:12+03:00,1785838752,6092,67,3,32.7,43.2,,run
2026-08-04T13:19:17+03:00,1785838757,6097,67,3,32.7,44.8,,run
2026-08-04T13:19:22+03:00,1785838762,6102,67,3,32.7,42.6,,run
2026-08-04T13:19:27+03:00,1785838767,6107,67,3,32.7,42.3,,run
2026-08-04T13:19:33+03:00,1785838773,6113,67,3,32.7,43.2,,run
2026-08-04T13:19:38+03:00,1785838778,6118,67,3,32.7,42.9,,run
2026-08-04T13:19:43+03:00,1785838783,6123,67,3,32.7,43.2,,run
2026-08-04T13:19:48+03:00,1785838788,6128,67,3,32.7,42.9,,run
2026-08-04T13:19:53+03:00,1785838793,6133,67,3,32.7,42.9,,run
2026-08-04T13:19:59+03:00,1785838799,6139,67,3,32.7,44.8,,run
2026-08-04T13:20:04+03:00,1785838804,6144,67,3,32.7,54.4,,run
2026-08-04T13:20:10+03:00,1785838810,6150,67,3,32.7,46.0,,run
2026-08-04T13:20:15+03:00,1785838815,6155,67,3,32.7,42.6,,run
2026-08-04T13:20:20+03:00,1785838820,6160,67,3,32.7,42.3,,run
2026-08-04T13:20:25+03:00,1785838825,6165,67,3,32.7,41.7,,run
2026-08-04T13:20:31+03:00,1785838831,6171,67,3,32.7,42.0,,run
2026-08-04T13:20:36+03:00,1785838836,6176,67,3,32.7,41.4,,run
2026-08-04T13:20:41+03:00,1785838841,6181,67,3,32.7,41.4,,run
2026-08-04T13:20:46+03:00,1785838846,6186,67,3,32.7,48.5,,run
2026-08-04T13:20:52+03:00,1785838852,6192,67,3,32.7,52.8,,run
2026-08-04T13:20:57+03:00,1785838857,6197,67,3,32.7,44.5,,run
2026-08-04T13:21:02+03:00,1785838862,6202,67,3,32.7,44.2,,run
2026-08-04T13:21:07+03:00,1785838867,6207,67,3,32.7,42.9,,run
2026-08-04T13:21:12+03:00,1785838872,6212,67,3,32.7,42.6,,run
2026-08-04T13:21:18+03:00,1785838878,6218,67,3,32.7,42.9,,run
2026-08-04T13:21:23+03:00,1785838883,6223,67,3,32.7,45.4,,run
2026-08-04T13:21:28+03:00,1785838888,6228,67,3,32.7,47.0,,run
2026-08-04T13:21:33+03:00,1785838893,6233,67,3,32.7,49.7,,run
2026-08-04T13:21:39+03:00,1785838899,6239,67,3,32.7,43.6,,run
2026-08-04T13:21:44+03:00,1785838904,6244,67,3,32.7,42.9,,run
2026-08-04T13:21:49+03:00,1785838909,6249,67,3,32.7,43.6,,run
2026-08-04T13:21:54+03:00,1785838914,6254,67,3,32.7,44.2,,run
2026-08-04T13:21:59+03:00,1785838919,6259,67,3,32.7,43.2,,run
2026-08-04T13:22:05+03:00,1785838925,6265,67,3,32.7,51.0,,run
2026-08-04T13:22:10+03:00,1785838930,6270,67,3,32.7,49.1,,run
2026-08-04T13:22:15+03:00,1785838935,6275,67,3,32.7,46.0,,run
2026-08-04T13:22:21+03:00,1785838941,6281,67,3,32.7,42.6,,run
2026-08-04T13:22:26+03:00,1785838946,6286,67,3,32.7,42.3,,run
2026-08-04T13:22:31+03:00,1785838951,6291,67,3,32.7,52.8,,run
2026-08-04T13:22:36+03:00,1785838956,6296,67,3,32.7,51.9,,run
2026-08-04T13:22:42+03:00,1785838962,6302,67,3,32.7,46.0,,run
2026-08-04T13:22:47+03:00,1785838967,6307,67,3,32.7,44.5,,run
2026-08-04T13:22:52+03:00,1785838972,6312,67,3,32.7,43.6,,run
2026-08-04T13:22:57+03:00,1785838977,6317,67,3,32.7,42.6,,run
2026-08-04T13:23:02+03:00,1785838982,6322,67,3,32.7,42.6,,run
2026-08-04T13:23:08+03:00,1785838988,6328,67,3,32.7,44.2,,run
2026-08-04T13:23:13+03:00,1785838993,6333,67,3,32.7,42.6,,run
2026-08-04T13:23:18+03:00,1785838998,6338,67,3,32.7,45.1,,run
2026-08-04T13:23:23+03:00,1785839003,6343,67,3,32.7,43.2,,run
2026-08-04T13:23:29+03:00,1785839009,6349,67,3,32.7,43.9,,run
2026-08-04T13:23:34+03:00,1785839014,6354,67,3,32.7,43.2,,run
2026-08-04T13:23:39+03:00,1785839019,6359,67,3,32.7,44.5,,run
2026-08-04T13:23:44+03:00,1785839024,6364,67,3,32.7,52.5,,run
2026-08-04T13:23:49+03:00,1785839029,6369,67,3,32.7,48.8,,run
2026-08-04T13:23:55+03:00,1785839035,6375,67,3,32.7,46.0,,run
2026-08-04T13:24:00+03:00,1785839040,6380,67,3,32.7,47.0,,run
2026-08-04T13:24:05+03:00,1785839045,6385,67,3,32.7,42.0,,run
2026-08-04T13:24:10+03:00,1785839050,6390,67,3,32.7,42.0,,run
2026-08-04T13:24:16+03:00,1785839056,6396,67,3,32.7,41.1,,run
2026-08-04T13:24:21+03:00,1785839061,6401,67,3,32.7,44.8,,run
2026-08-04T13:24:26+03:00,1785839066,6406,67,3,32.7,42.6,,run
2026-08-04T13:24:31+03:00,1785839071,6411,67,3,32.7,53.8,,run
2026-08-04T13:24:37+03:00,1785839077,6417,67,3,32.7,46.3,,run
2026-08-04T13:24:42+03:00,1785839082,6422,67,3,32.7,48.8,,run
2026-08-04T13:24:47+03:00,1785839087,6427,67,3,32.7,46.0,,run
2026-08-04T13:24:52+03:00,1785839092,6432,67,3,32.7,43.6,,run
2026-08-04T13:24:58+03:00,1785839098,6438,67,3,32.7,42.9,,run
2026-08-04T13:25:03+03:00,1785839103,6443,67,3,32.7,42.9,,run
2026-08-04T13:25:08+03:00,1785839108,6448,67,3,32.7,42.6,,run
2026-08-04T13:25:13+03:00,1785839113,6453,67,3,32.7,44.2,,run
2026-08-04T13:25:18+03:00,1785839118,6458,67,3,32.7,43.9,,run
2026-08-04T13:25:24+03:00,1785839124,6464,67,3,32.7,42.9,,run
2026-08-04T13:25:29+03:00,1785839129,6469,67,3,32.7,42.6,,run
2026-08-04T13:25:34+03:00,1785839134,6474,67,3,32.7,41.7,,run
2026-08-04T13:25:39+03:00,1785839139,6479,67,3,32.7,43.9,,run
2026-08-04T13:25:45+03:00,1785839145,6485,67,3,32.7,51.3,,run
2026-08-04T13:25:50+03:00,1785839150,6490,66,3,32.8,47.3,,run
2026-08-04T13:25:55+03:00,1785839155,6495,66,3,32.8,43.6,,run
2026-08-04T13:26:00+03:00,1785839160,6500,66,3,32.8,47.9,,run
2026-08-04T13:26:05+03:00,1785839165,6505,66,3,32.8,44.8,,run
2026-08-04T13:26:11+03:00,1785839171,6511,66,3,32.8,42.9,,run
2026-08-04T13:26:16+03:00,1785839176,6516,66,3,32.8,41.4,,run
2026-08-04T13:26:21+03:00,1785839181,6521,66,3,32.8,41.1,,run
2026-08-04T13:26:26+03:00,1785839186,6526,66,3,32.8,42.3,,run
2026-08-04T13:26:32+03:00,1785839192,6532,66,3,32.8,55.3,,run
2026-08-04T13:26:37+03:00,1785839197,6537,66,3,32.8,45.7,,run
2026-08-04T13:26:42+03:00,1785839202,6542,66,3,32.8,44.8,,run
2026-08-04T13:26:48+03:00,1785839208,6548,66,3,32.8,46.3,,run
2026-08-04T13:26:53+03:00,1785839213,6553,66,3,32.8,43.6,,run
2026-08-04T13:26:58+03:00,1785839218,6558,66,3,32.8,43.2,,run
2026-08-04T13:27:03+03:00,1785839223,6563,66,3,32.8,42.9,,run
2026-08-04T13:27:08+03:00,1785839228,6568,66,3,32.8,44.8,,run
2026-08-04T13:27:14+03:00,1785839234,6574,66,3,32.8,43.2,,run
2026-08-04T13:27:19+03:00,1785839239,6579,66,3,32.8,43.6,,run
2026-08-04T13:27:24+03:00,1785839244,6584,66,3,32.8,42.6,,run
2026-08-04T13:27:29+03:00,1785839249,6589,66,3,32.8,42.9,,run
2026-08-04T13:27:34+03:00,1785839254,6594,66,3,32.8,42.3,,run
2026-08-04T13:27:40+03:00,1785839260,6600,66,3,32.7,43.9,,run
2026-08-04T13:27:45+03:00,1785839265,6605,66,3,32.7,50.4,,run
2026-08-04T13:27:50+03:00,1785839270,6610,66,3,32.7,48.5,,run
2026-08-04T13:27:55+03:00,1785839275,6615,66,3,32.7,45.4,,run
2026-08-04T13:28:01+03:00,1785839281,6621,66,3,32.7,41.7,,run
2026-08-04T13:28:06+03:00,1785839286,6626,66,3,32.7,41.7,,run
2026-08-04T13:28:11+03:00,1785839291,6631,66,3,32.7,41.4,,run
2026-08-04T13:28:16+03:00,1785839296,6636,66,3,32.7,40.2,,run
2026-08-04T13:28:21+03:00,1785839301,6641,66,3,32.7,41.7,,run
2026-08-04T13:28:27+03:00,1785839307,6647,66,3,32.7,41.4,,run
2026-08-04T13:28:32+03:00,1785839312,6652,66,3,32.7,55.3,,run
2026-08-04T13:28:37+03:00,1785839317,6657,66,3,32.7,44.5,,run
2026-08-04T13:28:43+03:00,1785839323,6663,66,3,32.7,45.4,,run
2026-08-04T13:28:48+03:00,1785839328,6668,66,3,32.7,42.9,,run
2026-08-04T13:28:53+03:00,1785839333,6673,66,3,32.7,42.6,,run
2026-08-04T13:28:58+03:00,1785839338,6678,66,3,32.7,42.0,,run
2026-08-04T13:29:03+03:00,1785839343,6683,66,3,32.7,41.7,,run
2026-08-04T13:29:09+03:00,1785839349,6689,66,3,32.7,43.6,,run
2026-08-04T13:29:14+03:00,1785839354,6694,66,3,32.7,42.9,,run
2026-08-04T13:29:19+03:00,1785839359,6699,66,3,32.7,43.6,,run
2026-08-04T13:29:24+03:00,1785839364,6704,66,3,32.7,42.6,,run
2026-08-04T13:29:30+03:00,1785839370,6710,66,3,32.7,42.3,,run
2026-08-04T13:29:35+03:00,1785839375,6715,66,3,32.7,41.7,,run
2026-08-04T13:29:40+03:00,1785839380,6720,66,3,32.7,45.1,,run
2026-08-04T13:29:45+03:00,1785839385,6725,66,3,32.7,47.0,,run
2026-08-04T13:29:50+03:00,1785839390,6730,66,3,32.7,51.0,,run
2026-08-04T13:29:56+03:00,1785839396,6736,66,3,32.7,45.7,,run
2026-08-04T13:30:01+03:00,1785839401,6741,66,3,32.7,41.1,,run
2026-08-04T13:30:06+03:00,1785839406,6746,66,3,32.7,40.8,,run
2026-08-04T13:30:11+03:00,1785839411,6751,66,3,32.7,41.1,,run
2026-08-04T13:30:16+03:00,1785839416,6756,66,3,32.7,40.8,,run
2026-08-04T13:30:22+03:00,1785839422,6762,66,3,32.7,41.1,,run
2026-08-04T13:30:27+03:00,1785839427,6767,66,3,32.7,41.4,,run
2026-08-04T13:30:32+03:00,1785839432,6772,66,3,32.7,54.1,,run
2026-08-04T13:30:37+03:00,1785839437,6777,66,3,32.7,44.2,,run
2026-08-04T13:30:43+03:00,1785839443,6783,66,3,32.7,44.5,,run
2026-08-04T13:30:48+03:00,1785839448,6788,66,3,32.7,43.2,,run
2026-08-04T13:30:53+03:00,1785839453,6793,66,3,32.7,41.7,,run
2026-08-04T13:30:58+03:00,1785839458,6798,66,3,32.7,42.3,,run
2026-08-04T13:31:04+03:00,1785839464,6804,66,3,32.7,42.0,,run
2026-08-04T13:31:09+03:00,1785839469,6809,66,3,32.7,42.9,,run
2026-08-04T13:31:14+03:00,1785839474,6814,66,3,32.7,48.2,,run
2026-08-04T13:31:19+03:00,1785839479,6819,66,3,32.7,45.1,,run
2026-08-04T13:31:24+03:00,1785839484,6824,66,3,32.7,42.0,,run
2026-08-04T13:31:30+03:00,1785839490,6830,66,3,32.7,43.2,,run
2026-08-04T13:31:35+03:00,1785839495,6835,66,3,32.7,42.9,,run
2026-08-04T13:31:40+03:00,1785839500,6840,66,3,32.7,45.1,,run
2026-08-04T13:31:45+03:00,1785839505,6845,66,3,32.7,49.7,,run
2026-08-04T13:31:51+03:00,1785839511,6851,66,3,32.7,48.5,,run
2026-08-04T13:31:56+03:00,1785839516,6856,66,3,32.7,43.6,,run
2026-08-04T13:32:01+03:00,1785839521,6861,66,3,32.7,42.9,,run
2026-08-04T13:32:06+03:00,1785839526,6866,66,3,32.7,42.3,,run
2026-08-04T13:32:11+03:00,1785839531,6871,66,3,32.7,40.8,,run
2026-08-04T13:32:17+03:00,1785839537,6877,66,3,32.7,40.8,,run
2026-08-04T13:32:22+03:00,1785839542,6882,66,3,32.7,41.7,,run
2026-08-04T13:32:27+03:00,1785839547,6887,66,3,32.7,41.1,,run
2026-08-04T13:32:32+03:00,1785839552,6892,66,3,32.7,51.6,,run
2026-08-04T13:32:38+03:00,1785839558,6898,66,3,32.7,46.7,,run
2026-08-04T13:32:43+03:00,1785839563,6903,66,3,32.7,44.5,,run
2026-08-04T13:32:48+03:00,1785839568,6908,66,3,32.7,42.6,,run
2026-08-04T13:32:53+03:00,1785839573,6913,66,3,32.7,42.6,,run
2026-08-04T13:32:59+03:00,1785839579,6919,66,3,32.7,45.1,,run
2026-08-04T13:33:04+03:00,1785839584,6924,66,3,32.7,45.7,,run
2026-08-04T13:33:09+03:00,1785839589,6929,66,3,32.7,45.7,,run
2026-08-04T13:33:14+03:00,1785839594,6934,66,3,32.7,43.6,,run
2026-08-04T13:33:19+03:00,1785839599,6939,66,3,32.7,42.6,,run
2026-08-04T13:33:25+03:00,1785839605,6945,66,3,32.7,42.9,,run
2026-08-04T13:33:30+03:00,1785839610,6950,66,3,32.7,41.7,,run
2026-08-04T13:33:35+03:00,1785839615,6955,66,3,32.7,41.7,,run
2026-08-04T13:33:40+03:00,1785839620,6960,66,3,32.7,44.5,,run
2026-08-04T13:33:45+03:00,1785839625,6965,66,3,32.7,56.2,,run
2026-08-04T13:33:51+03:00,1785839631,6971,66,3,32.7,49.7,,run
2026-08-04T13:33:56+03:00,1785839636,6976,66,3,32.7,45.7,,run
2026-08-04T13:34:01+03:00,1785839641,6981,66,3,32.7,43.6,,run
2026-08-04T13:34:06+03:00,1785839646,6986,66,3,32.7,42.9,,run
2026-08-04T13:34:12+03:00,1785839652,6992,66,3,32.7,41.7,,run
2026-08-04T13:34:17+03:00,1785839657,6997,66,3,32.7,40.8,,run
2026-08-04T13:34:22+03:00,1785839662,7002,66,3,32.7,41.7,,run
2026-08-04T13:34:27+03:00,1785839667,7007,66,3,32.7,42.0,,run
2026-08-04T13:34:32+03:00,1785839672,7012,66,3,32.7,52.8,,run
2026-08-04T13:34:38+03:00,1785839678,7018,66,3,32.7,46.3,,run
2026-08-04T13:34:43+03:00,1785839683,7023,66,3,32.7,43.9,,run
2026-08-04T13:34:48+03:00,1785839688,7028,66,3,32.7,43.6,,run
2026-08-04T13:34:53+03:00,1785839693,7033,66,3,32.7,42.0,,run
2026-08-04T13:34:59+03:00,1785839699,7039,66,3,32.7,42.9,,run
2026-08-04T13:35:04+03:00,1785839704,7044,66,3,32.7,47.6,,run
2026-08-04T13:35:09+03:00,1785839709,7049,66,3,32.7,47.0,,run
2026-08-04T13:35:14+03:00,1785839714,7054,66,3,32.7,43.6,,run
2026-08-04T13:35:19+03:00,1785839719,7059,66,3,32.7,42.3,,run
2026-08-04T13:35:25+03:00,1785839725,7065,66,3,32.7,42.9,,run
2026-08-04T13:35:30+03:00,1785839730,7070,66,3,32.7,42.0,,run
2026-08-04T13:35:35+03:00,1785839735,7075,66,3,32.7,41.7,,run
2026-08-04T13:35:40+03:00,1785839740,7080,66,3,32.7,44.5,,run
2026-08-04T13:35:46+03:00,1785839746,7086,66,3,32.7,51.0,,run
2026-08-04T13:35:51+03:00,1785839751,7091,66,3,32.7,52.8,,run
2026-08-04T13:35:56+03:00,1785839756,7096,66,3,32.7,45.4,,run
2026-08-04T13:36:01+03:00,1785839761,7101,66,3,32.7,42.6,,run
2026-08-04T13:36:06+03:00,1785839766,7106,66,3,32.7,42.3,,run
2026-08-04T13:36:12+03:00,1785839772,7112,66,3,32.7,41.1,,run
2026-08-04T13:36:17+03:00,1785839777,7117,66,3,32.7,41.4,,run
2026-08-04T13:36:22+03:00,1785839782,7122,66,3,32.7,43.2,,run
2026-08-04T13:36:27+03:00,1785839787,7127,66,3,32.7,42.0,,run
2026-08-04T13:36:33+03:00,1785839793,7133,66,3,32.7,54.1,,run
2026-08-04T13:36:38+03:00,1785839798,7138,66,3,32.7,45.7,,run
2026-08-04T13:36:43+03:00,1785839803,7143,66,3,32.7,44.2,,run
2026-08-04T13:36:49+03:00,1785839809,7149,66,3,32.7,43.2,,run
2026-08-04T13:36:54+03:00,1785839814,7154,66,3,32.7,44.5,,run
2026-08-04T13:36:59+03:00,1785839819,7159,66,3,32.7,43.6,,run
2026-08-04T13:37:04+03:00,1785839824,7164,66,3,32.7,43.6,,run
2026-08-04T13:37:09+03:00,1785839829,7169,66,3,32.7,46.0,,run
2026-08-04T13:37:15+03:00,1785839835,7175,66,3,32.7,45.7,,run
2026-08-04T13:37:20+03:00,1785839840,7180,66,3,32.7,43.9,,run
2026-08-04T13:37:25+03:00,1785839845,7185,66,3,32.7,42.9,,run
2026-08-04T13:37:30+03:00,1785839850,7190,66,3,32.7,48.5,,run
2026-08-04T13:37:35+03:00,1785839855,7195,65,3,32.9,46.7,,run
2026-08-04T13:37:41+03:00,1785839861,7201,65,3,32.7,43.2,,run
2026-08-04T13:37:46+03:00,1785839866,7206,65,3,32.7,50.4,,run
2026-08-04T13:37:51+03:00,1785839871,7211,65,3,32.7,47.9,,run
2026-08-04T13:37:56+03:00,1785839876,7216,65,3,32.7,47.0,,run
2026-08-04T13:38:02+03:00,1785839882,7222,65,3,32.7,44.8,,run
2026-08-04T13:38:07+03:00,1785839887,7227,65,3,32.7,42.9,,run
2026-08-04T13:38:12+03:00,1785839892,7232,65,3,32.7,42.0,,run
2026-08-04T13:38:17+03:00,1785839897,7237,65,3,32.7,41.4,,run
2026-08-04T13:38:22+03:00,1785839902,7242,65,3,32.7,42.6,,run
2026-08-04T13:38:28+03:00,1785839908,7248,65,3,32.7,42.0,,run
2026-08-04T13:38:33+03:00,1785839913,7253,65,3,32.7,54.7,,run
2026-08-04T13:38:38+03:00,1785839918,7258,65,3,32.7,46.0,,run
2026-08-04T13:38:44+03:00,1785839924,7264,65,3,32.7,43.2,,run
2026-08-04T13:38:49+03:00,1785839929,7269,65,3,32.7,43.9,,run
2026-08-04T13:38:54+03:00,1785839934,7274,65,3,32.7,45.1,,run
2026-08-04T13:38:59+03:00,1785839939,7279,65,3,32.7,43.2,,run
2026-08-04T13:39:05+03:00,1785839945,7285,65,3,32.7,43.2,,run
2026-08-04T13:39:10+03:00,1785839950,7290,65,3,32.7,44.5,,run
2026-08-04T13:39:15+03:00,1785839955,7295,65,3,32.7,47.9,,run
2026-08-04T13:39:20+03:00,1785839960,7300,65,3,32.7,45.4,,run
2026-08-04T13:39:25+03:00,1785839965,7305,65,3,32.7,44.5,,run
2026-08-04T13:39:31+03:00,1785839971,7311,65,3,32.7,42.3,,run
2026-08-04T13:39:36+03:00,1785839976,7316,65,3,32.7,42.6,,run
2026-08-04T13:39:41+03:00,1785839981,7321,65,3,32.7,43.6,,run
2026-08-04T13:39:46+03:00,1785839986,7326,65,3,32.7,48.5,,run
2026-08-04T13:39:52+03:00,1785839992,7332,65,3,32.7,48.2,,run
2026-08-04T13:39:57+03:00,1785839997,7337,65,3,32.7,43.9,,run
2026-08-04T13:40:02+03:00,1785840002,7342,65,3,32.7,46.7,,run
2026-08-04T13:40:07+03:00,1785840007,7347,65,3,32.7,44.8,,run
2026-08-04T13:40:12+03:00,1785840012,7352,65,3,32.7,43.2,,run
2026-08-04T13:40:18+03:00,1785840018,7358,65,3,32.7,42.0,,run
2026-08-04T13:40:23+03:00,1785840023,7363,65,3,32.7,41.4,,run
2026-08-04T13:40:28+03:00,1785840028,7368,65,3,32.7,42.0,,run
2026-08-04T13:40:33+03:00,1785840033,7373,65,3,32.7,53.8,,run
2026-08-04T13:40:39+03:00,1785840039,7379,65,3,32.7,45.7,,run
2026-08-04T13:40:44+03:00,1785840044,7384,65,3,32.7,44.5,,run
2026-08-04T13:40:49+03:00,1785840049,7389,65,3,32.7,45.1,,run
2026-08-04T13:40:54+03:00,1785840054,7394,65,3,32.7,44.2,,run
2026-08-04T13:41:00+03:00,1785840060,7400,65,3,32.7,44.5,,run
2026-08-04T13:41:05+03:00,1785840065,7405,65,3,32.7,42.0,,run
2026-08-04T13:41:10+03:00,1785840070,7410,65,3,32.7,44.5,,run
2026-08-04T13:41:15+03:00,1785840075,7415,65,3,32.7,45.1,,run
2026-08-04T13:41:20+03:00,1785840080,7420,65,3,32.7,43.9,,run
2026-08-04T13:41:26+03:00,1785840086,7426,65,3,32.7,47.0,,run
2026-08-04T13:41:31+03:00,1785840091,7431,65,3,32.7,44.5,,run
2026-08-04T13:41:36+03:00,1785840096,7436,65,3,32.7,42.0,,run
2026-08-04T13:41:41+03:00,1785840101,7441,65,3,32.7,42.6,,run
2026-08-04T13:41:47+03:00,1785840107,7447,65,3,32.7,49.4,,run
2026-08-04T13:41:52+03:00,1785840112,7452,65,3,32.7,47.6,,run
2026-08-04T13:41:57+03:00,1785840117,7457,65,3,32.7,43.9,,run
2026-08-04T13:42:02+03:00,1785840122,7462,65,3,32.7,42.9,,run
2026-08-04T13:42:07+03:00,1785840127,7467,65,3,32.7,45.7,,run
2026-08-04T13:42:13+03:00,1785840133,7473,65,3,32.7,43.6,,run
2026-08-04T13:42:18+03:00,1785840138,7478,65,3,32.7,42.9,,run
2026-08-04T13:42:23+03:00,1785840143,7483,65,3,32.7,42.9,,run
2026-08-04T13:42:28+03:00,1785840148,7488,65,3,32.7,42.0,,run
2026-08-04T13:42:34+03:00,1785840154,7494,65,3,32.7,53.8,,run
2026-08-04T13:42:39+03:00,1785840159,7499,65,3,32.7,46.3,,run
2026-08-04T13:42:44+03:00,1785840164,7504,65,3,32.7,44.2,,run
2026-08-04T13:42:49+03:00,1785840169,7509,65,3,32.7,45.1,,run
2026-08-04T13:42:55+03:00,1785840175,7515,65,3,32.7,43.2,,run
2026-08-04T13:43:00+03:00,1785840180,7520,65,3,32.7,42.6,,run
2026-08-04T13:43:05+03:00,1785840185,7525,65,3,32.7,44.5,,run
2026-08-04T13:43:10+03:00,1785840190,7530,65,3,32.7,43.2,,run
2026-08-04T13:43:16+03:00,1785840196,7536,65,3,32.7,42.6,,run
2026-08-04T13:43:21+03:00,1785840201,7541,65,3,32.7,42.6,,run
2026-08-04T13:43:26+03:00,1785840206,7546,65,3,32.7,42.6,,run
2026-08-04T13:43:31+03:00,1785840211,7551,65,3,32.7,48.8,,run
2026-08-04T13:43:36+03:00,1785840216,7556,65,3,32.7,43.9,,run
2026-08-04T13:43:42+03:00,1785840222,7562,65,3,32.7,45.1,,run
2026-08-04T13:43:47+03:00,1785840227,7567,65,3,32.7,47.6,,run
2026-08-04T13:43:52+03:00,1785840232,7572,65,3,32.7,48.2,,run
2026-08-04T13:43:57+03:00,1785840237,7577,65,3,32.7,44.5,,run
2026-08-04T13:44:02+03:00,1785840242,7582,65,3,32.7,43.2,,run
2026-08-04T13:44:08+03:00,1785840248,7588,65,3,32.7,41.4,,run
2026-08-04T13:44:13+03:00,1785840253,7593,65,3,32.7,44.5,,run
2026-08-04T13:44:18+03:00,1785840258,7598,65,3,32.7,44.8,,run
2026-08-04T13:44:23+03:00,1785840263,7603,65,3,32.7,43.2,,run
2026-08-04T13:44:29+03:00,1785840269,7609,65,3,32.7,41.7,,run
2026-08-04T13:44:34+03:00,1785840274,7614,65,3,32.7,57.2,,run
2026-08-04T13:44:39+03:00,1785840279,7619,65,3,32.7,47.3,,run
2026-08-04T13:44:45+03:00,1785840285,7625,65,3,32.7,44.2,,run
2026-08-04T13:44:50+03:00,1785840290,7630,65,3,32.7,44.2,,run
2026-08-04T13:44:55+03:00,1785840295,7635,65,3,32.7,43.2,,run
2026-08-04T13:45:00+03:00,1785840300,7640,65,3,32.7,42.9,,run
2026-08-04T13:45:05+03:00,1785840305,7645,65,3,32.7,43.2,,run
2026-08-04T13:45:11+03:00,1785840311,7651,65,3,32.7,44.8,,run
2026-08-04T13:45:16+03:00,1785840316,7656,65,3,32.7,42.3,,run
2026-08-04T13:45:21+03:00,1785840321,7661,65,3,32.7,42.3,,run
2026-08-04T13:45:26+03:00,1785840326,7666,65,3,32.7,41.7,,run
2026-08-04T13:45:32+03:00,1785840332,7672,65,3,32.7,47.6,,run
2026-08-04T13:45:37+03:00,1785840337,7677,65,3,32.7,45.7,,run
2026-08-04T13:45:42+03:00,1785840342,7682,65,3,32.7,45.1,,run
2026-08-04T13:45:47+03:00,1785840347,7687,65,3,32.7,50.7,,run
2026-08-04T13:45:52+03:00,1785840352,7692,65,3,32.7,47.9,,run
2026-08-04T13:45:58+03:00,1785840358,7698,65,3,32.7,44.5,,run
2026-08-04T13:46:03+03:00,1785840363,7703,65,3,32.7,42.3,,run
2026-08-04T13:46:08+03:00,1785840368,7708,65,3,32.7,42.0,,run
2026-08-04T13:46:13+03:00,1785840373,7713,65,3,32.7,41.1,,run
2026-08-04T13:46:19+03:00,1785840379,7719,65,3,32.7,48.2,,run
2026-08-04T13:46:24+03:00,1785840384,7724,65,3,32.7,45.4,,run
2026-08-04T13:46:29+03:00,1785840389,7729,65,3,32.7,42.6,,run
2026-08-04T13:46:34+03:00,1785840394,7734,65,3,32.7,53.5,,run
2026-08-04T13:46:40+03:00,1785840400,7740,65,3,32.7,46.3,,run
2026-08-04T13:46:45+03:00,1785840405,7745,65,3,32.7,44.2,,run
2026-08-04T13:46:50+03:00,1785840410,7750,65,3,32.7,45.7,,run
2026-08-04T13:46:56+03:00,1785840416,7756,65,3,32.7,45.4,,run
2026-08-04T13:47:01+03:00,1785840421,7761,65,3,32.7,44.5,,run
2026-08-04T13:47:06+03:00,1785840426,7766,65,3,32.7,42.9,,run
2026-08-04T13:47:11+03:00,1785840431,7771,65,3,32.7,46.3,,run
2026-08-04T13:47:16+03:00,1785840436,7776,65,3,32.7,43.2,,run
2026-08-04T13:47:22+03:00,1785840442,7782,65,3,32.7,45.7,,run
2026-08-04T13:47:27+03:00,1785840447,7787,65,3,32.7,44.2,,run
2026-08-04T13:47:32+03:00,1785840452,7792,65,3,32.7,42.9,,run
2026-08-04T13:47:37+03:00,1785840457,7797,65,3,32.7,47.3,,run
2026-08-04T13:47:43+03:00,1785840463,7803,65,3,32.9,46.3,,run
2026-08-04T13:47:48+03:00,1785840468,7808,65,3,32.9,50.1,,run
2026-08-04T13:47:53+03:00,1785840473,7813,65,3,32.9,55.6,,run
2026-08-04T13:47:58+03:00,1785840478,7818,65,3,32.9,46.7,,run
2026-08-04T13:48:04+03:00,1785840484,7824,65,3,32.9,44.2,,run
2026-08-04T13:48:09+03:00,1785840489,7829,65,3,32.9,42.0,,run
2026-08-04T13:48:14+03:00,1785840494,7834,64,3,33.0,42.3,,run
2026-08-04T13:48:19+03:00,1785840499,7839,64,3,33.0,42.3,,run
2026-08-04T13:48:24+03:00,1785840504,7844,64,3,33.0,42.0,,run
2026-08-04T13:48:30+03:00,1785840510,7850,64,3,33.0,46.3,,run
2026-08-04T13:48:35+03:00,1785840515,7855,64,3,33.0,54.7,,run
2026-08-04T13:48:40+03:00,1785840520,7860,64,3,33.0,46.7,,run
2026-08-04T13:48:45+03:00,1785840525,7865,64,3,33.0,44.8,,run
2026-08-04T13:48:51+03:00,1785840531,7871,64,3,33.0,43.2,,run
2026-08-04T13:48:56+03:00,1785840536,7876,64,3,33.0,46.7,,run
2026-08-04T13:49:01+03:00,1785840541,7881,64,3,33.0,44.2,,run
2026-08-04T13:49:06+03:00,1785840546,7886,64,3,33.0,46.0,,run
2026-08-04T13:49:12+03:00,1785840552,7892,64,3,33.0,43.9,,run
2026-08-04T13:49:17+03:00,1785840557,7897,64,3,33.0,43.2,,run
2026-08-04T13:49:22+03:00,1785840562,7902,64,3,33.0,42.9,,run
2026-08-04T13:49:27+03:00,1785840567,7907,64,3,33.0,42.3,,run
2026-08-04T13:49:32+03:00,1785840572,7912,64,3,33.0,42.6,,run
2026-08-04T13:49:38+03:00,1785840578,7918,64,3,33.0,43.2,,run
2026-08-04T13:49:43+03:00,1785840583,7923,64,3,33.0,42.9,,run
2026-08-04T13:49:48+03:00,1785840588,7928,64,3,33.0,52.5,,run
2026-08-04T13:49:53+03:00,1785840593,7933,64,3,33.0,52.2,,run
2026-08-04T13:49:59+03:00,1785840599,7939,64,3,33.0,47.9,,run
2026-08-04T13:50:04+03:00,1785840604,7944,64,3,33.0,43.2,,run
2026-08-04T13:50:09+03:00,1785840609,7949,64,3,33.0,41.7,,run
2026-08-04T13:50:14+03:00,1785840614,7954,64,3,33.0,42.9,,run
2026-08-04T13:50:19+03:00,1785840619,7959,64,3,33.0,41.4,,run
2026-08-04T13:50:25+03:00,1785840625,7965,64,3,33.0,42.6,,run
2026-08-04T13:50:30+03:00,1785840630,7970,64,3,33.0,41.7,,run
2026-08-04T13:50:35+03:00,1785840635,7975,64,3,33.0,52.5,,run
2026-08-04T13:50:41+03:00,1785840641,7981,64,3,33.0,46.0,,run
2026-08-04T13:50:46+03:00,1785840646,7986,64,3,33.0,47.3,,run
2026-08-04T13:50:51+03:00,1785840651,7991,64,3,33.0,45.1,,run
2026-08-04T13:50:56+03:00,1785840656,7996,64,3,33.0,43.6,,run
2026-08-04T13:51:02+03:00,1785840662,8002,64,3,33.0,46.3,,run
2026-08-04T13:51:07+03:00,1785840667,8007,64,3,33.0,46.0,,run
2026-08-04T13:51:12+03:00,1785840672,8012,64,3,33.0,44.8,,run
2026-08-04T13:51:17+03:00,1785840677,8017,64,3,33.0,42.9,,run
2026-08-04T13:51:22+03:00,1785840682,8022,64,3,33.0,44.5,,run
2026-08-04T13:51:28+03:00,1785840688,8028,64,3,33.0,43.6,,run
2026-08-04T13:51:33+03:00,1785840693,8033,64,3,33.0,42.6,,run
2026-08-04T13:51:38+03:00,1785840698,8038,64,3,33.0,44.5,,run
2026-08-04T13:51:43+03:00,1785840703,8043,64,3,33.0,43.2,,run
2026-08-04T13:51:49+03:00,1785840709,8049,64,3,33.0,42.9,,run
2026-08-04T13:51:54+03:00,1785840714,8054,64,3,33.0,41.4,,run
2026-08-04T13:51:59+03:00,1785840719,8059,64,3,33.0,42.6,,run
2026-08-04T13:52:04+03:00,1785840724,8064,64,3,33.0,46.7,,run
2026-08-04T13:52:09+03:00,1785840729,8069,64,3,33.0,45.7,,run
2026-08-04T13:52:15+03:00,1785840735,8075,64,3,33.0,44.2,,run
2026-08-04T13:52:20+03:00,1785840740,8080,64,3,33.0,43.2,,run
2026-08-04T13:52:25+03:00,1785840745,8085,64,3,33.0,42.6,,run
2026-08-04T13:52:30+03:00,1785840750,8090,64,3,33.0,42.0,,run
2026-08-04T13:52:36+03:00,1785840756,8096,64,3,33.0,42.0,,run
2026-08-04T13:52:41+03:00,1785840761,8101,64,3,33.0,45.1,,run
2026-08-04T13:52:46+03:00,1785840766,8106,64,3,33.0,42.6,,run
2026-08-04T13:52:51+03:00,1785840771,8111,64,3,33.0,46.0,,run
2026-08-04T13:52:56+03:00,1785840776,8116,64,3,33.0,47.0,,run
2026-08-04T13:53:02+03:00,1785840782,8122,64,3,33.0,42.9,,run
2026-08-04T13:53:07+03:00,1785840787,8127,64,3,33.0,41.7,,run
2026-08-04T13:53:12+03:00,1785840792,8132,64,3,33.0,43.6,,run
2026-08-04T13:53:17+03:00,1785840797,8137,64,3,33.0,43.6,,run
2026-08-04T13:53:22+03:00,1785840802,8142,64,3,33.0,42.3,,run
2026-08-04T13:53:28+03:00,1785840808,8148,64,3,33.0,42.3,,run
2026-08-04T13:53:33+03:00,1785840813,8153,64,3,33.0,42.0,,run
2026-08-04T13:53:38+03:00,1785840818,8158,64,3,33.0,42.0,,run
2026-08-04T13:53:43+03:00,1785840823,8163,64,3,33.0,43.2,,run
2026-08-04T13:53:49+03:00,1785840829,8169,64,3,33.0,41.7,,run
2026-08-04T13:53:54+03:00,1785840834,8174,64,3,33.0,42.6,,run
2026-08-04T13:53:59+03:00,1785840839,8179,64,3,33.0,41.7,,run
2026-08-04T13:54:04+03:00,1785840844,8184,64,3,33.0,41.1,,run
2026-08-04T13:54:09+03:00,1785840849,8189,64,3,33.0,48.2,,run
2026-08-04T13:54:15+03:00,1785840855,8195,64,3,33.0,44.8,,run
2026-08-04T13:54:20+03:00,1785840860,8200,64,3,33.0,44.5,,run
2026-08-04T13:54:25+03:00,1785840865,8205,64,3,33.0,44.5,,run
2026-08-04T13:54:30+03:00,1785840870,8210,64,3,33.0,42.3,,run
2026-08-04T13:54:36+03:00,1785840876,8216,64,3,33.0,42.6,,run
2026-08-04T13:54:41+03:00,1785840881,8221,64,3,33.0,42.3,,run
2026-08-04T13:54:46+03:00,1785840886,8226,64,3,33.0,43.9,,run
2026-08-04T13:54:51+03:00,1785840891,8231,64,3,33.0,42.9,,run
2026-08-04T13:54:56+03:00,1785840896,8236,64,3,33.0,50.7,,run
2026-08-04T13:55:02+03:00,1785840902,8242,64,3,33.0,54.1,,run
2026-08-04T13:55:07+03:00,1785840907,8247,64,3,33.0,43.6,,run
2026-08-04T13:55:13+03:00,1785840913,8253,64,3,33.0,42.3,,run
2026-08-04T13:55:18+03:00,1785840918,8258,64,3,33.0,43.2,,run
2026-08-04T13:55:23+03:00,1785840923,8263,64,3,33.0,41.1,,run
2026-08-04T13:55:28+03:00,1785840928,8268,64,3,33.0,53.8,,run
2026-08-04T13:55:34+03:00,1785840934,8274,64,3,33.0,45.1,,run
2026-08-04T13:55:39+03:00,1785840939,8279,64,3,33.0,42.6,,run
2026-08-04T13:55:44+03:00,1785840944,8284,64,3,33.0,43.6,,run
2026-08-04T13:55:49+03:00,1785840949,8289,64,3,33.0,42.0,,run
2026-08-04T13:55:55+03:00,1785840955,8295,64,3,33.0,49.1,,run
2026-08-04T13:56:00+03:00,1785840960,8300,64,3,33.0,47.0,,run
2026-08-04T13:56:05+03:00,1785840965,8305,64,3,33.0,44.2,,run
2026-08-04T13:56:10+03:00,1785840970,8310,64,3,33.0,42.6,,run
2026-08-04T13:56:15+03:00,1785840975,8315,64,3,33.0,47.0,,run
2026-08-04T13:56:21+03:00,1785840981,8321,64,3,33.0,46.3,,run
2026-08-04T13:56:26+03:00,1785840986,8326,64,3,33.0,43.9,,run
2026-08-04T13:56:31+03:00,1785840991,8331,64,3,33.0,44.2,,run
2026-08-04T13:56:36+03:00,1785840996,8336,64,3,33.0,44.8,,run
2026-08-04T13:56:42+03:00,1785841002,8342,64,3,33.0,51.9,,run
2026-08-04T13:56:47+03:00,1785841007,8347,64,3,33.0,46.7,,run
2026-08-04T13:56:52+03:00,1785841012,8352,64,3,33.0,44.2,,run
2026-08-04T13:56:57+03:00,1785841017,8357,64,3,33.0,41.7,,run
2026-08-04T13:57:02+03:00,1785841022,8362,64,3,33.0,45.7,,run
2026-08-04T13:57:08+03:00,1785841028,8368,64,3,33.0,43.2,,run
2026-08-04T13:57:13+03:00,1785841033,8373,64,3,33.0,42.0,,run
2026-08-04T13:57:18+03:00,1785841038,8378,64,3,33.0,42.3,,run
2026-08-04T13:57:23+03:00,1785841043,8383,64,3,33.0,43.2,,run
2026-08-04T13:57:28+03:00,1785841048,8388,64,3,33.0,54.7,,run
2026-08-04T13:57:34+03:00,1785841054,8394,64,3,33.0,46.3,,run
2026-08-04T13:57:39+03:00,1785841059,8399,64,3,32.8,43.9,,run
2026-08-04T13:57:45+03:00,1785841065,8405,64,3,32.8,43.9,,run
2026-08-04T13:57:50+03:00,1785841070,8410,64,3,32.8,42.6,,run
2026-08-04T13:57:55+03:00,1785841075,8415,64,3,32.8,43.6,,run
2026-08-04T13:58:00+03:00,1785841080,8420,64,3,32.8,43.9,,run
2026-08-04T13:58:05+03:00,1785841085,8425,64,3,32.8,44.8,,run
2026-08-04T13:58:11+03:00,1785841091,8431,64,3,32.8,42.6,,run
2026-08-04T13:58:16+03:00,1785841096,8436,64,3,32.8,47.0,,run
2026-08-04T13:58:21+03:00,1785841101,8441,64,3,32.8,48.5,,run
2026-08-04T13:58:26+03:00,1785841106,8446,64,3,32.8,47.3,,run
2026-08-04T13:58:31+03:00,1785841111,8451,64,3,32.8,44.2,,run
2026-08-04T13:58:37+03:00,1785841117,8457,64,3,32.8,44.5,,run
2026-08-04T13:58:42+03:00,1785841122,8462,64,3,32.8,53.8,,run
2026-08-04T13:58:47+03:00,1785841127,8467,64,3,32.8,48.8,,run
2026-08-04T13:58:52+03:00,1785841132,8472,64,3,32.8,45.1,,run
2026-08-04T13:58:58+03:00,1785841138,8478,64,3,32.8,42.0,,run
2026-08-04T13:59:03+03:00,1785841143,8483,64,3,32.8,42.9,,run
2026-08-04T13:59:08+03:00,1785841148,8488,64,3,32.8,51.3,,run
2026-08-04T13:59:14+03:00,1785841154,8494,64,3,32.8,47.0,,run
2026-08-04T13:59:19+03:00,1785841159,8499,64,3,32.8,44.8,,run
2026-08-04T13:59:24+03:00,1785841164,8504,64,3,32.8,43.2,,run
2026-08-04T13:59:29+03:00,1785841169,8509,64,3,32.8,42.3,,run
2026-08-04T13:59:35+03:00,1785841175,8515,64,3,32.8,45.4,,run
2026-08-04T13:59:40+03:00,1785841180,8520,64,3,32.8,43.6,,run
2026-08-04T13:59:45+03:00,1785841185,8525,64,3,32.8,43.6,,run
2026-08-04T13:59:50+03:00,1785841190,8530,64,3,32.8,42.3,,run
2026-08-04T13:59:55+03:00,1785841195,8535,64,3,32.8,42.9,,run
2026-08-04T14:00:01+03:00,1785841201,8541,63,3,33.0,42.0,,run
2026-08-04T14:00:06+03:00,1785841206,8546,63,3,33.0,44.8,,run
2026-08-04T14:00:11+03:00,1785841211,8551,63,3,33.0,43.2,,run
2026-08-04T14:00:16+03:00,1785841216,8556,63,3,33.0,42.9,,run
2026-08-04T14:00:21+03:00,1785841221,8561,63,3,33.0,42.3,,run
2026-08-04T14:00:27+03:00,1785841227,8567,63,3,33.0,52.8,,run
2026-08-04T14:00:32+03:00,1785841232,8572,63,3,33.0,48.5,,run
2026-08-04T14:00:37+03:00,1785841237,8577,63,3,33.0,45.1,,run
2026-08-04T14:00:43+03:00,1785841243,8583,63,3,33.0,42.0,,run
2026-08-04T14:00:48+03:00,1785841248,8588,63,3,33.0,42.6,,run
2026-08-04T14:00:53+03:00,1785841253,8593,63,3,33.0,47.3,,run
2026-08-04T14:00:58+03:00,1785841258,8598,63,3,33.0,44.8,,run
2026-08-04T14:01:04+03:00,1785841264,8604,63,3,33.0,42.3,,run
2026-08-04T14:01:09+03:00,1785841269,8609,63,3,33.0,46.7,,run
2026-08-04T14:01:14+03:00,1785841274,8614,63,3,33.0,49.1,,run
2026-08-04T14:01:19+03:00,1785841279,8619,63,3,33.0,47.3,,run
2026-08-04T14:01:25+03:00,1785841285,8625,63,3,33.0,43.9,,run
2026-08-04T14:01:30+03:00,1785841290,8630,63,3,33.0,43.6,,run
2026-08-04T14:01:35+03:00,1785841295,8635,63,3,33.0,43.6,,run
2026-08-04T14:01:40+03:00,1785841300,8640,63,3,33.0,42.3,,run
2026-08-04T14:01:45+03:00,1785841305,8645,63,3,33.0,45.7,,run
2026-08-04T14:01:51+03:00,1785841311,8651,63,3,33.0,43.2,,run
2026-08-04T14:01:56+03:00,1785841316,8656,63,3,33.0,42.9,,run
2026-08-04T14:02:01+03:00,1785841321,8661,63,3,33.0,42.3,,run
2026-08-04T14:02:06+03:00,1785841326,8666,63,3,33.0,42.9,,run
2026-08-04T14:02:11+03:00,1785841331,8671,63,3,33.0,43.2,,run
2026-08-04T14:02:17+03:00,1785841337,8677,63,3,33.0,48.2,,run
2026-08-04T14:02:22+03:00,1785841342,8682,63,3,33.0,45.7,,run
2026-08-04T14:02:27+03:00,1785841347,8687,63,3,33.0,53.8,,run
2026-08-04T14:02:33+03:00,1785841353,8693,63,3,33.0,43.2,,run
2026-08-04T14:02:38+03:00,1785841358,8698,63,3,33.0,42.9,,run
2026-08-04T14:02:43+03:00,1785841363,8703,63,3,33.0,42.3,,run
2026-08-04T14:02:48+03:00,1785841368,8708,63,3,33.0,41.7,,run
2026-08-04T14:02:54+03:00,1785841374,8714,63,3,33.0,41.4,,run
2026-08-04T14:02:59+03:00,1785841379,8719,63,3,33.0,47.9,,run
2026-08-04T14:03:04+03:00,1785841384,8724,63,3,33.0,44.2,,run
2026-08-04T14:03:09+03:00,1785841389,8729,63,3,33.0,47.0,,run
2026-08-04T14:03:15+03:00,1785841395,8735,63,3,33.0,47.9,,run
2026-08-04T14:03:20+03:00,1785841400,8740,63,3,33.0,48.5,,run
2026-08-04T14:03:25+03:00,1785841405,8745,63,3,33.0,44.5,,run
2026-08-04T14:03:30+03:00,1785841410,8750,63,3,33.0,43.9,,run
2026-08-04T14:03:35+03:00,1785841415,8755,63,3,33.0,42.6,,run
2026-08-04T14:03:41+03:00,1785841421,8761,63,3,33.0,44.5,,run
2026-08-04T14:03:46+03:00,1785841426,8766,63,3,33.0,44.5,,run
2026-08-04T14:03:51+03:00,1785841431,8771,63,3,33.0,43.9,,run
2026-08-04T14:03:56+03:00,1785841436,8776,63,3,33.0,44.5,,run
2026-08-04T14:04:02+03:00,1785841442,8782,63,3,33.0,47.3,,run
2026-08-04T14:04:07+03:00,1785841447,8787,63,3,33.0,43.2,,run
2026-08-04T14:04:12+03:00,1785841452,8792,63,3,33.0,43.6,,run
2026-08-04T14:04:17+03:00,1785841457,8797,63,3,33.0,44.5,,run
2026-08-04T14:04:22+03:00,1785841462,8802,63,3,33.0,46.3,,run
2026-08-04T14:04:28+03:00,1785841468,8808,63,3,33.0,55.0,,run
2026-08-04T14:04:33+03:00,1785841473,8813,63,3,33.0,44.5,,run
2026-08-04T14:04:39+03:00,1785841479,8819,63,3,33.0,42.9,,run
2026-08-04T14:04:44+03:00,1785841484,8824,63,3,33.0,42.0,,run
2026-08-04T14:04:49+03:00,1785841489,8829,63,3,33.0,42.3,,run
2026-08-04T14:04:54+03:00,1785841494,8834,63,3,33.0,42.6,,run
2026-08-04T14:05:00+03:00,1785841500,8840,63,3,33.0,43.9,,run
2026-08-04T14:05:05+03:00,1785841505,8845,63,3,33.0,42.6,,run
2026-08-04T14:05:10+03:00,1785841510,8850,63,3,33.0,51.0,,run
2026-08-04T14:05:15+03:00,1785841515,8855,63,3,33.0,51.0,,run
2026-08-04T14:05:21+03:00,1785841521,8861,63,3,33.0,45.7,,run
2026-08-04T14:05:26+03:00,1785841526,8866,63,3,33.0,44.8,,run
2026-08-04T14:05:31+03:00,1785841531,8871,63,3,33.0,44.2,,run
2026-08-04T14:05:36+03:00,1785841536,8876,63,3,33.0,42.9,,run
2026-08-04T14:05:41+03:00,1785841541,8881,63,3,33.0,43.6,,run
2026-08-04T14:05:47+03:00,1785841547,8887,63,3,33.0,42.9,,run
2026-08-04T14:05:52+03:00,1785841552,8892,63,3,33.0,43.9,,run
2026-08-04T14:05:57+03:00,1785841557,8897,63,3,33.0,43.2,,run
2026-08-04T14:06:02+03:00,1785841562,8902,63,3,33.0,42.6,,run
2026-08-04T14:06:08+03:00,1785841568,8908,63,3,33.0,42.6,,run
2026-08-04T14:06:13+03:00,1785841573,8913,63,3,33.0,42.9,,run
2026-08-04T14:06:18+03:00,1785841578,8918,63,3,33.0,42.6,,run
2026-08-04T14:06:23+03:00,1785841583,8923,63,3,33.0,45.1,,run
2026-08-04T14:06:28+03:00,1785841588,8928,63,3,33.0,55.6,,run
2026-08-04T14:06:34+03:00,1785841594,8934,63,3,33.0,46.0,,run
2026-08-04T14:06:39+03:00,1785841599,8939,63,3,33.0,44.8,,run
2026-08-04T14:06:44+03:00,1785841604,8944,63,3,33.0,42.3,,run
2026-08-04T14:06:50+03:00,1785841610,8950,63,3,33.0,41.7,,run
2026-08-04T14:06:55+03:00,1785841615,8955,63,3,33.0,42.0,,run
2026-08-04T14:07:00+03:00,1785841620,8960,63,3,33.0,41.7,,run
2026-08-04T14:07:05+03:00,1785841625,8965,63,3,33.0,42.3,,run
2026-08-04T14:07:10+03:00,1785841630,8970,63,3,33.0,46.0,,run
2026-08-04T14:07:16+03:00,1785841636,8976,63,3,33.0,51.9,,run
2026-08-04T14:07:21+03:00,1785841641,8981,63,3,33.0,47.0,,run
2026-08-04T14:07:26+03:00,1785841646,8986,63,3,33.0,45.7,,run
2026-08-04T14:07:31+03:00,1785841651,8991,63,3,33.0,44.2,,run
2026-08-04T14:07:37+03:00,1785841657,8997,63,3,33.0,43.2,,run
2026-08-04T14:07:42+03:00,1785841662,9002,63,3,32.9,43.2,,run
2026-08-04T14:07:47+03:00,1785841667,9007,63,3,32.9,44.2,,run
2026-08-04T14:07:52+03:00,1785841672,9012,63,3,32.9,43.6,,run
2026-08-04T14:07:58+03:00,1785841678,9018,63,3,32.9,45.4,,run
2026-08-04T14:08:03+03:00,1785841683,9023,63,3,32.9,44.5,,run
2026-08-04T14:08:08+03:00,1785841688,9028,63,3,32.9,43.6,,run
2026-08-04T14:08:13+03:00,1785841693,9033,63,3,32.9,42.3,,run
2026-08-04T14:08:18+03:00,1785841698,9038,63,3,32.9,43.6,,run
2026-08-04T14:08:24+03:00,1785841704,9044,63,3,32.9,43.6,,run
2026-08-04T14:08:29+03:00,1785841709,9049,63,3,32.9,53.5,,run
2026-08-04T14:08:34+03:00,1785841714,9054,63,3,32.9,43.9,,run
2026-08-04T14:08:40+03:00,1785841720,9060,63,3,32.9,44.8,,run
2026-08-04T14:08:45+03:00,1785841725,9065,63,3,32.9,43.9,,run
2026-08-04T14:08:50+03:00,1785841730,9070,63,3,32.9,42.6,,run
2026-08-04T14:08:55+03:00,1785841735,9075,63,3,32.9,42.9,,run
2026-08-04T14:09:01+03:00,1785841741,9081,63,3,32.9,44.5,,run
2026-08-04T14:09:06+03:00,1785841746,9086,63,3,32.9,44.8,,run
2026-08-04T14:09:11+03:00,1785841751,9091,63,3,32.9,44.8,,run
2026-08-04T14:09:16+03:00,1785841756,9096,63,3,32.9,48.5,,run
2026-08-04T14:09:22+03:00,1785841762,9102,63,3,32.9,44.5,,run
2026-08-04T14:09:27+03:00,1785841767,9107,63,3,32.9,43.9,,run
2026-08-04T14:09:32+03:00,1785841772,9112,63,3,32.9,42.6,,run
2026-08-04T14:09:37+03:00,1785841777,9117,62,3,33.1,44.2,,run
2026-08-04T14:09:42+03:00,1785841782,9122,62,3,33.1,42.6,,run
2026-08-04T14:09:48+03:00,1785841788,9128,62,3,33.1,47.9,,run
2026-08-04T14:09:53+03:00,1785841793,9133,62,3,33.1,46.3,,run
2026-08-04T14:09:58+03:00,1785841798,9138,62,3,33.1,43.9,,run
2026-08-04T14:10:03+03:00,1785841803,9143,62,3,33.1,42.3,,run
2026-08-04T14:10:09+03:00,1785841809,9149,62,3,33.1,42.3,,run
2026-08-04T14:10:14+03:00,1785841814,9154,62,3,33.1,42.9,,run
2026-08-04T14:10:19+03:00,1785841819,9159,62,3,33.1,45.1,,run
2026-08-04T14:10:24+03:00,1785841824,9164,62,3,33.1,48.8,,run
2026-08-04T14:10:29+03:00,1785841829,9169,62,3,33.1,54.4,,run
2026-08-04T14:10:35+03:00,1785841835,9175,62,3,33.1,43.6,,run
2026-08-04T14:10:40+03:00,1785841840,9180,62,3,33.1,43.2,,run
2026-08-04T14:10:45+03:00,1785841845,9185,62,3,33.1,43.2,,run
2026-08-04T14:10:51+03:00,1785841851,9191,62,3,33.1,41.7,,run
2026-08-04T14:10:56+03:00,1785841856,9196,62,3,33.1,40.8,,run
2026-08-04T14:11:01+03:00,1785841861,9201,62,3,33.1,42.3,,run
2026-08-04T14:11:06+03:00,1785841866,9206,62,3,33.1,46.0,,run
2026-08-04T14:11:12+03:00,1785841872,9212,62,3,33.1,46.7,,run
2026-08-04T14:11:17+03:00,1785841877,9217,62,3,33.1,55.0,,run
2026-08-04T14:11:22+03:00,1785841882,9222,62,3,33.1,43.6,,run
2026-08-04T14:11:27+03:00,1785841887,9227,62,3,33.1,43.6,,run
2026-08-04T14:11:33+03:00,1785841893,9233,62,3,33.1,42.9,,run
2026-08-04T14:11:38+03:00,1785841898,9238,62,3,33.1,42.9,,run
2026-08-04T14:11:43+03:00,1785841903,9243,62,3,33.1,43.2,,run
2026-08-04T14:11:48+03:00,1785841908,9248,62,3,33.1,44.8,,run
2026-08-04T14:11:53+03:00,1785841913,9253,62,3,33.1,42.9,,run
2026-08-04T14:11:59+03:00,1785841919,9259,62,3,33.1,42.9,,run
2026-08-04T14:12:04+03:00,1785841924,9264,62,3,33.1,42.3,,run
2026-08-04T14:12:09+03:00,1785841929,9269,62,3,33.1,42.3,,run
2026-08-04T14:12:14+03:00,1785841934,9274,62,3,33.1,43.2,,run
2026-08-04T14:12:20+03:00,1785841940,9280,62,3,33.1,44.2,,run
2026-08-04T14:12:25+03:00,1785841945,9285,62,3,33.1,45.7,,run
2026-08-04T14:12:30+03:00,1785841950,9290,62,3,33.1,55.0,,run
2026-08-04T14:12:36+03:00,1785841956,9296,62,3,33.1,44.8,,run
2026-08-04T14:12:41+03:00,1785841961,9301,62,3,33.1,43.6,,run
2026-08-04T14:12:46+03:00,1785841966,9306,62,3,33.1,42.9,,run
2026-08-04T14:12:51+03:00,1785841971,9311,62,3,33.1,42.3,,run
2026-08-04T14:12:57+03:00,1785841977,9317,62,3,33.1,41.7,,run
2026-08-04T14:13:02+03:00,1785841982,9322,62,3,33.1,42.3,,run
2026-08-04T14:13:07+03:00,1785841987,9327,62,3,33.1,41.7,,run
2026-08-04T14:13:12+03:00,1785841992,9332,62,3,33.1,47.0,,run
2026-08-04T14:13:18+03:00,1785841998,9338,62,3,33.1,51.3,,run
2026-08-04T14:13:23+03:00,1785842003,9343,62,3,33.1,44.5,,run
2026-08-04T14:13:28+03:00,1785842008,9348,62,3,33.1,44.5,,run
2026-08-04T14:13:33+03:00,1785842013,9353,62,3,33.1,44.2,,run
2026-08-04T14:13:38+03:00,1785842018,9358,62,3,33.1,44.5,,run
2026-08-04T14:13:44+03:00,1785842024,9364,62,3,33.1,44.5,,run
2026-08-04T14:13:49+03:00,1785842029,9369,62,3,33.1,43.6,,run
2026-08-04T14:13:54+03:00,1785842034,9374,62,3,33.1,42.0,,run
2026-08-04T14:13:59+03:00,1785842039,9379,62,3,33.1,44.5,,run
2026-08-04T14:14:05+03:00,1785842045,9385,62,3,33.1,42.9,,run
2026-08-04T14:14:10+03:00,1785842050,9390,62,3,33.1,42.9,,run
2026-08-04T14:14:15+03:00,1785842055,9395,62,3,33.1,42.9,,run
2026-08-04T14:14:20+03:00,1785842060,9400,62,3,33.1,41.4,,run
2026-08-04T14:14:25+03:00,1785842065,9405,62,3,33.1,41.7,,run
2026-08-04T14:14:31+03:00,1785842071,9411,62,3,33.1,45.7,,run
2026-08-04T14:14:36+03:00,1785842076,9416,62,3,33.1,46.3,,run
2026-08-04T14:14:41+03:00,1785842081,9421,62,3,33.1,42.9,,run
2026-08-04T14:14:46+03:00,1785842086,9426,62,3,33.1,42.9,,run
2026-08-04T14:14:52+03:00,1785842092,9432,62,3,33.1,41.7,,run
2026-08-04T14:14:57+03:00,1785842097,9437,62,3,33.1,42.3,,run
2026-08-04T14:15:02+03:00,1785842102,9442,62,3,33.1,43.6,,run
2026-08-04T14:15:07+03:00,1785842107,9447,62,3,33.1,42.9,,run
2026-08-04T14:15:12+03:00,1785842112,9452,62,3,33.1,45.7,,run
2026-08-04T14:15:18+03:00,1785842118,9458,62,3,33.1,42.0,,run
2026-08-04T14:15:23+03:00,1785842123,9463,62,3,33.1,49.7,,run
2026-08-04T14:15:28+03:00,1785842128,9468,62,3,33.1,43.6,,run
2026-08-04T14:15:33+03:00,1785842133,9473,62,3,33.1,42.3,,run
2026-08-04T14:15:38+03:00,1785842138,9478,62,3,33.1,44.2,,run
2026-08-04T14:15:44+03:00,1785842144,9484,62,3,33.1,42.3,,run
2026-08-04T14:15:49+03:00,1785842149,9489,62,3,33.1,42.6,,run
2026-08-04T14:15:54+03:00,1785842154,9494,62,3,33.1,41.7,,run
2026-08-04T14:15:59+03:00,1785842159,9499,62,3,33.1,42.3,,run
2026-08-04T14:16:05+03:00,1785842165,9505,62,3,33.1,42.3,,run
2026-08-04T14:16:10+03:00,1785842170,9510,62,3,33.1,44.5,,run
2026-08-04T14:16:15+03:00,1785842175,9515,62,3,33.1,41.4,,run
2026-08-04T14:16:20+03:00,1785842180,9520,62,3,33.1,41.7,,run
2026-08-04T14:16:25+03:00,1785842185,9525,62,3,33.1,41.1,,run
2026-08-04T14:16:31+03:00,1785842191,9531,62,3,33.1,41.7,,run
2026-08-04T14:16:36+03:00,1785842196,9536,62,3,33.1,42.9,,run
2026-08-04T14:16:41+03:00,1785842201,9541,62,3,33.1,46.3,,run
2026-08-04T14:16:46+03:00,1785842206,9546,62,3,33.1,44.2,,run
2026-08-04T14:16:52+03:00,1785842212,9552,62,3,33.1,45.7,,run
2026-08-04T14:16:57+03:00,1785842217,9557,62,3,33.1,42.9,,run
2026-08-04T14:17:02+03:00,1785842222,9562,62,3,33.1,42.6,,run
2026-08-04T14:17:07+03:00,1785842227,9567,62,3,33.1,41.4,,run
2026-08-04T14:17:12+03:00,1785842232,9572,62,3,33.1,43.9,,run
2026-08-04T14:17:18+03:00,1785842238,9578,62,3,33.1,42.3,,run
2026-08-04T14:17:23+03:00,1785842243,9583,62,3,33.1,42.6,,run
2026-08-04T14:17:28+03:00,1785842248,9588,62,3,33.1,45.4,,run
2026-08-04T14:17:33+03:00,1785842253,9593,62,3,33.1,44.8,,run
2026-08-04T14:17:38+03:00,1785842258,9598,62,3,32.7,42.0,,run
2026-08-04T14:17:44+03:00,1785842264,9604,62,3,32.7,42.9,,run
2026-08-04T14:17:49+03:00,1785842269,9609,62,3,32.7,44.2,,run
2026-08-04T14:17:54+03:00,1785842274,9614,62,3,32.7,41.7,,run
2026-08-04T14:17:59+03:00,1785842279,9619,62,3,32.7,40.5,,run
2026-08-04T14:18:05+03:00,1785842285,9625,62,3,32.7,45.1,,run
2026-08-04T14:18:10+03:00,1785842290,9630,62,3,32.7,45.1,,run
2026-08-04T14:18:15+03:00,1785842295,9635,62,3,32.7,50.1,,run
2026-08-04T14:18:20+03:00,1785842300,9640,62,3,32.7,44.2,,run
2026-08-04T14:18:25+03:00,1785842305,9645,62,3,32.7,43.2,,run
2026-08-04T14:18:31+03:00,1785842311,9651,62,3,32.7,42.6,,run
2026-08-04T14:18:36+03:00,1785842316,9656,62,3,32.7,43.6,,run
2026-08-04T14:18:41+03:00,1785842321,9661,62,3,32.7,45.1,,run
2026-08-04T14:18:46+03:00,1785842326,9666,62,3,32.7,42.6,,run
2026-08-04T14:18:52+03:00,1785842332,9672,62,3,32.7,43.2,,run
2026-08-04T14:18:57+03:00,1785842337,9677,62,3,32.7,42.3,,run
2026-08-04T14:19:02+03:00,1785842342,9682,62,3,32.7,43.6,,run
2026-08-04T14:19:07+03:00,1785842347,9687,62,3,32.7,43.9,,run
2026-08-04T14:19:12+03:00,1785842352,9692,62,3,32.7,45.1,,run
2026-08-04T14:19:18+03:00,1785842358,9698,62,3,32.7,43.9,,run
2026-08-04T14:19:23+03:00,1785842363,9703,62,3,32.7,53.1,,run
2026-08-04T14:19:29+03:00,1785842369,9709,62,3,32.7,46.0,,run
2026-08-04T14:19:34+03:00,1785842374,9714,62,3,32.7,45.4,,run
2026-08-04T14:19:39+03:00,1785842379,9719,62,3,32.7,44.5,,run
2026-08-04T14:19:44+03:00,1785842384,9724,62,3,32.7,41.7,,run
2026-08-04T14:19:50+03:00,1785842390,9730,62,3,32.7,42.0,,run
2026-08-04T14:19:55+03:00,1785842395,9735,62,3,32.7,41.1,,run
2026-08-04T14:20:00+03:00,1785842400,9740,62,3,32.7,43.9,,run
2026-08-04T14:20:05+03:00,1785842405,9745,62,3,32.7,45.4,,run
2026-08-04T14:20:10+03:00,1785842410,9750,62,3,32.7,46.3,,run
2026-08-04T14:20:16+03:00,1785842416,9756,62,3,32.7,49.4,,run
2026-08-04T14:20:21+03:00,1785842421,9761,61,3,32.9,46.0,,run
2026-08-04T14:20:26+03:00,1785842426,9766,61,3,32.9,42.9,,run
2026-08-04T14:20:31+03:00,1785842431,9771,61,3,32.9,43.9,,run
2026-08-04T14:20:37+03:00,1785842437,9777,61,3,32.9,44.2,,run
2026-08-04T14:20:42+03:00,1785842442,9782,61,3,32.9,43.9,,run
2026-08-04T14:20:47+03:00,1785842447,9787,61,3,32.9,42.9,,run
2026-08-04T14:20:52+03:00,1785842452,9792,61,3,32.9,41.7,,run
2026-08-04T14:20:57+03:00,1785842457,9797,61,3,32.9,42.3,,run
2026-08-04T14:21:03+03:00,1785842463,9803,61,3,32.9,44.2,,run
2026-08-04T14:21:08+03:00,1785842468,9808,61,3,32.9,42.6,,run
2026-08-04T14:21:13+03:00,1785842473,9813,61,3,32.9,42.3,,run
2026-08-04T14:21:18+03:00,1785842478,9818,61,3,32.9,41.7,,run
2026-08-04T14:21:24+03:00,1785842484,9824,61,3,32.9,54.4,,run
2026-08-04T14:21:29+03:00,1785842489,9829,61,3,32.9,46.0,,run
2026-08-04T14:21:34+03:00,1785842494,9834,61,3,32.9,46.3,,run
2026-08-04T14:21:40+03:00,1785842500,9840,61,3,32.9,44.2,,run
2026-08-04T14:21:45+03:00,1785842505,9845,61,3,32.9,41.1,,run
2026-08-04T14:21:50+03:00,1785842510,9850,61,3,32.9,41.4,,run
2026-08-04T14:21:55+03:00,1785842515,9855,61,3,32.9,41.7,,run
2026-08-04T14:22:00+03:00,1785842520,9860,61,3,32.9,43.6,,run
2026-08-04T14:22:06+03:00,1785842526,9866,61,3,32.9,52.5,,run
2026-08-04T14:22:11+03:00,1785842531,9871,61,3,32.9,43.9,,run
2026-08-04T14:22:16+03:00,1785842536,9876,61,3,32.9,47.6,,run
2026-08-04T14:22:22+03:00,1785842542,9882,61,3,32.9,45.1,,run
2026-08-04T14:22:27+03:00,1785842547,9887,61,3,32.9,43.6,,run
2026-08-04T14:22:32+03:00,1785842552,9892,61,3,32.9,44.8,,run
2026-08-04T14:22:37+03:00,1785842557,9897,61,3,32.9,44.5,,run
2026-08-04T14:22:43+03:00,1785842563,9903,61,3,32.9,42.9,,run
2026-08-04T14:22:48+03:00,1785842568,9908,61,3,32.9,43.2,,run
2026-08-04T14:22:53+03:00,1785842573,9913,61,3,32.9,42.0,,run
2026-08-04T14:22:58+03:00,1785842578,9918,61,3,32.9,41.7,,run
2026-08-04T14:23:03+03:00,1785842583,9923,61,3,32.9,44.2,,run
2026-08-04T14:23:09+03:00,1785842589,9929,61,3,32.9,42.9,,run
2026-08-04T14:23:14+03:00,1785842594,9934,61,3,32.9,42.0,,run
2026-08-04T14:23:19+03:00,1785842599,9939,61,3,32.9,45.4,,run
2026-08-04T14:23:24+03:00,1785842604,9944,61,3,32.9,53.8,,run
2026-08-04T14:23:30+03:00,1785842610,9950,61,3,32.9,47.9,,run
2026-08-04T14:23:35+03:00,1785842615,9955,61,3,32.9,43.2,,run
2026-08-04T14:23:40+03:00,1785842620,9960,61,3,32.9,51.3,,run
2026-08-04T14:23:45+03:00,1785842625,9965,61,3,32.9,45.7,,run
2026-08-04T14:23:51+03:00,1785842631,9971,61,3,32.9,47.9,,run
2026-08-04T14:23:56+03:00,1785842636,9976,61,3,32.9,45.7,,run
2026-08-04T14:24:01+03:00,1785842641,9981,61,3,32.9,44.2,,run
2026-08-04T14:24:06+03:00,1785842646,9986,61,3,32.9,44.8,,run
2026-08-04T14:24:12+03:00,1785842652,9992,61,3,32.9,46.0,,run
2026-08-04T14:24:17+03:00,1785842657,9997,61,3,32.9,48.8,,run
2026-08-04T14:24:22+03:00,1785842662,10002,61,3,32.9,47.0,,run
2026-08-04T14:24:27+03:00,1785842667,10007,61,3,32.9,48.2,,run
2026-08-04T14:24:33+03:00,1785842673,10013,61,3,32.9,49.4,,run
2026-08-04T14:24:38+03:00,1785842678,10018,61,3,32.9,45.4,,run
2026-08-04T14:24:43+03:00,1785842683,10023,61,3,32.9,46.7,,run
2026-08-04T14:24:48+03:00,1785842688,10028,61,3,32.9,45.4,,run
2026-08-04T14:24:54+03:00,1785842694,10034,61,3,32.9,44.5,,run
2026-08-04T14:24:59+03:00,1785842699,10039,61,3,32.9,44.5,,run
2026-08-04T14:25:04+03:00,1785842704,10044,61,3,32.9,52.5,,run
2026-08-04T14:25:10+03:00,1785842710,10050,61,3,32.9,43.6,,run
2026-08-04T14:25:15+03:00,1785842715,10055,61,3,32.9,43.2,,run
2026-08-04T14:25:20+03:00,1785842720,10060,61,3,32.9,42.9,,run
2026-08-04T14:25:25+03:00,1785842725,10065,61,3,32.9,42.3,,run
2026-08-04T14:25:30+03:00,1785842730,10070,61,3,32.9,42.6,,run
2026-08-04T14:25:36+03:00,1785842736,10076,61,3,32.9,42.3,,run
2026-08-04T14:25:41+03:00,1785842741,10081,61,3,32.9,46.0,,run
2026-08-04T14:25:46+03:00,1785842746,10086,61,3,32.9,46.0,,run
2026-08-04T14:25:51+03:00,1785842751,10091,61,3,32.9,50.1,,run
2026-08-04T14:25:57+03:00,1785842757,10097,61,3,32.9,43.9,,run
2026-08-04T14:26:02+03:00,1785842762,10102,61,3,32.9,46.0,,run
2026-08-04T14:26:07+03:00,1785842767,10107,61,3,32.9,44.2,,run
2026-08-04T14:26:12+03:00,1785842772,10112,61,3,32.9,43.9,,run
2026-08-04T14:26:17+03:00,1785842777,10117,61,3,32.9,43.9,,run
2026-08-04T14:26:23+03:00,1785842783,10123,61,3,32.9,43.2,,run
2026-08-04T14:26:28+03:00,1785842788,10128,61,3,32.9,47.9,,run
2026-08-04T14:26:33+03:00,1785842793,10133,61,3,32.9,47.3,,run
2026-08-04T14:26:38+03:00,1785842798,10138,61,3,32.9,43.6,,run
2026-08-04T14:26:44+03:00,1785842804,10144,61,3,32.9,43.6,,run
2026-08-04T14:26:49+03:00,1785842809,10149,61,3,32.9,43.6,,run
2026-08-04T14:26:54+03:00,1785842814,10154,61,3,32.9,42.0,,run
2026-08-04T14:26:59+03:00,1785842819,10159,61,3,32.9,43.6,,run
2026-08-04T14:27:04+03:00,1785842824,10164,61,3,32.9,52.5,,run
2026-08-04T14:27:10+03:00,1785842830,10170,61,3,32.9,43.6,,run
2026-08-04T14:27:15+03:00,1785842835,10175,61,3,32.9,44.2,,run
2026-08-04T14:27:21+03:00,1785842841,10181,61,3,32.9,42.6,,run
2026-08-04T14:27:26+03:00,1785842846,10186,61,3,32.9,42.3,,run
2026-08-04T14:27:31+03:00,1785842851,10191,61,3,32.9,41.4,,run
2026-08-04T14:27:36+03:00,1785842856,10196,61,3,32.9,42.3,,run
2026-08-04T14:27:41+03:00,1785842861,10201,61,3,32.9,41.1,,run
2026-08-04T14:27:47+03:00,1785842867,10207,61,3,32.9,48.2,,run
2026-08-04T14:27:52+03:00,1785842872,10212,61,3,32.9,50.1,,run
2026-08-04T14:27:57+03:00,1785842877,10217,61,3,32.9,44.2,,run
2026-08-04T14:28:03+03:00,1785842883,10223,61,3,32.9,46.7,,run
2026-08-04T14:28:08+03:00,1785842888,10228,61,3,32.9,43.6,,run
2026-08-04T14:28:13+03:00,1785842893,10233,61,3,32.9,43.6,,run
2026-08-04T14:28:18+03:00,1785842898,10238,61,3,32.9,45.1,,run
2026-08-04T14:28:23+03:00,1785842903,10243,61,3,32.9,44.5,,run
2026-08-04T14:28:29+03:00,1785842909,10249,61,3,32.9,43.2,,run
2026-08-04T14:28:34+03:00,1785842914,10254,61,3,32.9,48.2,,run
2026-08-04T14:28:39+03:00,1785842919,10259,61,3,32.9,47.0,,run
2026-08-04T14:28:44+03:00,1785842924,10264,61,3,32.9,44.5,,run
2026-08-04T14:28:50+03:00,1785842930,10270,61,3,32.9,44.2,,run
2026-08-04T14:28:55+03:00,1785842935,10275,61,3,32.9,42.6,,run
2026-08-04T14:29:00+03:00,1785842940,10280,61,3,32.9,42.0,,run
2026-08-04T14:29:05+03:00,1785842945,10285,61,3,32.9,50.7,,run
2026-08-04T14:29:11+03:00,1785842951,10291,61,3,32.9,44.2,,run
2026-08-04T14:29:16+03:00,1785842956,10296,61,3,32.9,43.6,,run
2026-08-04T14:29:21+03:00,1785842961,10301,61,3,32.9,42.3,,run
2026-08-04T14:29:26+03:00,1785842966,10306,61,3,32.9,41.1,,run
2026-08-04T14:29:32+03:00,1785842972,10312,61,3,32.9,41.4,,run
2026-08-04T14:29:37+03:00,1785842977,10317,61,3,32.9,42.3,,run
2026-08-04T14:29:42+03:00,1785842982,10322,61,3,32.9,43.2,,run
2026-08-04T14:29:47+03:00,1785842987,10327,61,3,32.9,44.2,,run
2026-08-04T14:29:53+03:00,1785842993,10333,61,3,32.9,54.4,,run
2026-08-04T14:29:58+03:00,1785842998,10338,60,3,33.0,45.7,,run
2026-08-04T14:30:03+03:00,1785843003,10343,60,3,33.0,43.9,,run
2026-08-04T14:30:08+03:00,1785843008,10348,60,3,33.0,43.9,,run
2026-08-04T14:30:14+03:00,1785843014,10354,60,3,33.0,45.1,,run
2026-08-04T14:30:19+03:00,1785843019,10359,60,3,33.0,44.5,,run
2026-08-04T14:30:24+03:00,1785843024,10364,60,3,33.0,42.6,,run
2026-08-04T14:30:29+03:00,1785843029,10369,60,3,33.0,42.6,,run
2026-08-04T14:30:34+03:00,1785843034,10374,60,3,33.0,42.0,,run
2026-08-04T14:30:40+03:00,1785843040,10380,60,3,33.0,45.7,,run
2026-08-04T14:30:45+03:00,1785843045,10385,60,3,33.0,44.5,,run
2026-08-04T14:30:50+03:00,1785843050,10390,60,3,33.0,44.2,,run
2026-08-04T14:30:55+03:00,1785843055,10395,60,3,33.0,43.9,,run
2026-08-04T14:31:00+03:00,1785843060,10400,60,3,33.0,43.2,,run
2026-08-04T14:31:06+03:00,1785843066,10406,60,3,33.0,43.9,,run
2026-08-04T14:31:11+03:00,1785843071,10411,60,3,33.0,44.5,,run
2026-08-04T14:31:16+03:00,1785843076,10416,60,3,33.0,45.1,,run
2026-08-04T14:31:21+03:00,1785843081,10421,60,3,33.0,41.7,,run
2026-08-04T14:31:27+03:00,1785843087,10427,60,3,33.0,41.7,,run
2026-08-04T14:31:32+03:00,1785843092,10432,60,3,33.0,42.0,,run
2026-08-04T14:31:37+03:00,1785843097,10437,60,3,33.0,41.4,,run
2026-08-04T14:31:42+03:00,1785843102,10442,60,3,33.0,40.8,,run
2026-08-04T14:31:47+03:00,1785843107,10447,60,3,33.0,43.6,,run
2026-08-04T14:31:53+03:00,1785843113,10453,60,3,33.0,52.2,,run
2026-08-04T14:31:58+03:00,1785843118,10458,60,3,33.0,49.1,,run
2026-08-04T14:32:03+03:00,1785843123,10463,60,3,33.0,46.0,,run
2026-08-04T14:32:08+03:00,1785843128,10468,60,3,33.0,43.9,,run
2026-08-04T14:32:14+03:00,1785843134,10474,60,3,33.0,43.2,,run
2026-08-04T14:32:19+03:00,1785843139,10479,60,3,33.0,44.5,,run
2026-08-04T14:32:24+03:00,1785843144,10484,60,3,33.0,43.2,,run
2026-08-04T14:32:29+03:00,1785843149,10489,60,3,33.0,42.3,,run
2026-08-04T14:32:34+03:00,1785843154,10494,60,3,33.0,42.0,,run
2026-08-04T14:32:40+03:00,1785843160,10500,60,3,33.0,41.7,,run
2026-08-04T14:32:45+03:00,1785843165,10505,60,3,33.0,46.0,,run
2026-08-04T14:32:50+03:00,1785843170,10510,60,3,33.0,45.4,,run
2026-08-04T14:32:55+03:00,1785843175,10515,60,3,33.0,43.6,,run
2026-08-04T14:33:01+03:00,1785843181,10521,60,3,33.0,44.2,,run
2026-08-04T14:33:06+03:00,1785843186,10526,60,3,33.0,47.3,,run
2026-08-04T14:33:11+03:00,1785843191,10531,60,3,33.0,45.1,,run
2026-08-04T14:33:16+03:00,1785843196,10536,60,3,33.0,44.2,,run
2026-08-04T14:33:22+03:00,1785843202,10542,60,3,33.0,43.2,,run
2026-08-04T14:33:27+03:00,1785843207,10547,60,3,33.0,41.7,,run
2026-08-04T14:33:32+03:00,1785843212,10552,60,3,33.0,41.7,,run
2026-08-04T14:33:37+03:00,1785843217,10557,60,3,33.0,41.7,,run
2026-08-04T14:33:42+03:00,1785843222,10562,60,3,33.0,41.4,,run
2026-08-04T14:33:48+03:00,1785843228,10568,60,3,33.0,41.7,,run
2026-08-04T14:33:53+03:00,1785843233,10573,60,3,33.0,52.2,,run
2026-08-04T14:33:58+03:00,1785843238,10578,60,3,33.0,43.9,,run
2026-08-04T14:34:03+03:00,1785843243,10583,60,3,33.0,49.4,,run
2026-08-04T14:34:09+03:00,1785843249,10589,60,3,33.0,47.3,,run
2026-08-04T14:34:14+03:00,1785843254,10594,60,3,33.0,44.5,,run
2026-08-04T14:34:19+03:00,1785843259,10599,60,3,33.0,42.9,,run
2026-08-04T14:34:24+03:00,1785843264,10604,60,3,33.0,44.8,,run
2026-08-04T14:34:29+03:00,1785843269,10609,60,3,33.0,45.1,,run
2026-08-04T14:34:35+03:00,1785843275,10615,60,3,33.0,43.6,,run
2026-08-04T14:34:40+03:00,1785843280,10620,60,3,33.0,44.5,,run
2026-08-04T14:34:45+03:00,1785843285,10625,60,3,33.0,46.7,,run
2026-08-04T14:34:50+03:00,1785843290,10630,60,3,33.0,46.3,,run
2026-08-04T14:34:56+03:00,1785843296,10636,60,3,33.0,44.8,,run
2026-08-04T14:35:01+03:00,1785843301,10641,60,3,33.0,43.6,,run
2026-08-04T14:35:06+03:00,1785843306,10646,60,3,33.0,50.4,,run
2026-08-04T14:35:11+03:00,1785843311,10651,60,3,33.0,47.0,,run
2026-08-04T14:35:17+03:00,1785843317,10657,60,3,33.0,43.2,,run
2026-08-04T14:35:22+03:00,1785843322,10662,60,3,33.0,42.6,,run
2026-08-04T14:35:27+03:00,1785843327,10667,60,3,33.0,42.0,,run
2026-08-04T14:35:32+03:00,1785843332,10672,60,3,33.0,50.7,,run
2026-08-04T14:35:38+03:00,1785843338,10678,60,3,33.0,45.4,,run
2026-08-04T14:35:43+03:00,1785843343,10683,60,3,33.0,45.1,,run
2026-08-04T14:35:48+03:00,1785843348,10688,60,3,33.0,43.6,,run
2026-08-04T14:35:54+03:00,1785843354,10694,60,3,33.0,43.2,,run
2026-08-04T14:35:59+03:00,1785843359,10699,60,3,33.0,43.2,,run
2026-08-04T14:36:04+03:00,1785843364,10704,60,3,33.0,45.4,,run
2026-08-04T14:36:09+03:00,1785843369,10709,60,3,33.0,46.3,,run
2026-08-04T14:36:14+03:00,1785843374,10714,60,3,33.0,44.8,,run
2026-08-04T14:36:20+03:00,1785843380,10720,60,3,33.0,45.1,,run
2026-08-04T14:36:25+03:00,1785843385,10725,60,3,33.0,43.6,,run
2026-08-04T14:36:30+03:00,1785843390,10730,60,3,33.0,43.6,,run
2026-08-04T14:36:35+03:00,1785843395,10735,60,3,33.0,43.6,,run
2026-08-04T14:36:41+03:00,1785843401,10741,60,3,33.0,41.7,,run
2026-08-04T14:36:46+03:00,1785843406,10746,60,3,33.0,49.1,,run
2026-08-04T14:36:51+03:00,1785843411,10751,60,3,33.0,56.2,,run
2026-08-04T14:36:56+03:00,1785843416,10756,60,3,33.0,49.7,,run
2026-08-04T14:37:02+03:00,1785843422,10762,60,3,33.0,44.2,,run
2026-08-04T14:37:07+03:00,1785843427,10767,60,3,33.0,43.2,,run
2026-08-04T14:37:12+03:00,1785843432,10772,60,3,33.0,42.0,,run
2026-08-04T14:37:17+03:00,1785843437,10777,60,3,33.0,41.1,,run
2026-08-04T14:37:22+03:00,1785843442,10782,60,3,33.0,42.3,,run
2026-08-04T14:37:28+03:00,1785843448,10788,60,3,33.0,42.6,,run
2026-08-04T14:37:33+03:00,1785843453,10793,60,3,33.0,53.5,,run
2026-08-04T14:37:38+03:00,1785843458,10798,60,3,33.0,44.5,,run
2026-08-04T14:37:43+03:00,1785843463,10803,60,3,32.9,43.2,,run
2026-08-04T14:37:49+03:00,1785843469,10809,60,3,32.9,46.0,,run
2026-08-04T14:37:54+03:00,1785843474,10814,60,3,32.9,42.9,,run
2026-08-04T14:37:59+03:00,1785843479,10819,60,3,32.9,42.3,,run
2026-08-04T14:38:04+03:00,1785843484,10824,60,3,32.9,42.6,,run
2026-08-04T14:38:09+03:00,1785843489,10829,60,3,32.9,42.0,,run
2026-08-04T14:38:15+03:00,1785843495,10835,60,3,32.9,42.9,,run
2026-08-04T14:38:20+03:00,1785843500,10840,60,3,32.9,43.6,,run
2026-08-04T14:38:25+03:00,1785843505,10845,60,3,32.9,43.2,,run
2026-08-04T14:38:30+03:00,1785843510,10850,60,3,32.9,42.9,,run
2026-08-04T14:38:35+03:00,1785843515,10855,60,3,32.9,42.6,,run
2026-08-04T14:38:41+03:00,1785843521,10861,60,3,32.9,44.2,,run
2026-08-04T14:38:46+03:00,1785843526,10866,60,3,32.9,50.7,,run
2026-08-04T14:38:51+03:00,1785843531,10871,60,3,32.9,48.2,,run
2026-08-04T14:38:56+03:00,1785843536,10876,60,3,32.9,45.1,,run
2026-08-04T14:39:02+03:00,1785843542,10882,60,3,32.9,42.9,,run
2026-08-04T14:39:07+03:00,1785843547,10887,60,3,32.9,42.9,,run
2026-08-04T14:39:12+03:00,1785843552,10892,60,3,32.9,41.7,,run
2026-08-04T14:39:17+03:00,1785843557,10897,60,3,32.9,42.3,,run
2026-08-04T14:39:22+03:00,1785843562,10902,60,3,32.9,44.2,,run
2026-08-04T14:39:28+03:00,1785843568,10908,60,3,32.9,44.8,,run
2026-08-04T14:39:33+03:00,1785843573,10913,60,3,32.9,53.8,,run
2026-08-04T14:39:38+03:00,1785843578,10918,60,3,32.9,46.3,,run
2026-08-04T14:39:44+03:00,1785843584,10924,60,3,32.9,43.9,,run
2026-08-04T14:39:49+03:00,1785843589,10929,60,3,32.9,44.8,,run
2026-08-04T14:39:54+03:00,1785843594,10934,60,3,32.9,45.7,,run
2026-08-04T14:39:59+03:00,1785843599,10939,60,3,32.9,43.9,,run
2026-08-04T14:40:05+03:00,1785843605,10945,60,3,32.9,45.1,,run
2026-08-04T14:40:10+03:00,1785843610,10950,60,3,32.9,44.8,,run
2026-08-04T14:40:15+03:00,1785843615,10955,60,3,32.9,43.9,,run
2026-08-04T14:40:20+03:00,1785843620,10960,60,3,32.9,45.7,,run
2026-08-04T14:40:25+03:00,1785843625,10965,60,3,32.9,43.6,,run
2026-08-04T14:40:31+03:00,1785843631,10971,60,3,32.9,43.9,,run
2026-08-04T14:40:36+03:00,1785843636,10976,60,3,32.9,45.7,,run
2026-08-04T14:40:41+03:00,1785843641,10981,59,3,33.0,44.2,,run
2026-08-04T14:40:46+03:00,1785843646,10986,59,3,33.0,51.3,,run
2026-08-04T14:40:51+03:00,1785843651,10991,59,3,33.0,47.3,,run
2026-08-04T14:40:57+03:00,1785843657,10997,59,3,33.0,43.9,,run
2026-08-04T14:41:02+03:00,1785843662,11002,59,3,33.0,42.9,,run
2026-08-04T14:41:07+03:00,1785843667,11007,59,3,33.0,42.0,,run
2026-08-04T14:41:12+03:00,1785843672,11012,59,3,33.0,43.6,,run
2026-08-04T14:41:18+03:00,1785843678,11018,59,3,33.0,45.7,,run
2026-08-04T14:41:23+03:00,1785843683,11023,59,3,33.0,41.4,,run
2026-08-04T14:41:28+03:00,1785843688,11028,59,3,33.0,41.4,,run
2026-08-04T14:41:33+03:00,1785843693,11033,59,3,33.0,54.1,,run
2026-08-04T14:41:39+03:00,1785843699,11039,59,3,33.0,47.9,,run
2026-08-04T14:41:44+03:00,1785843704,11044,59,3,33.0,47.6,,run
2026-08-04T14:41:49+03:00,1785843709,11049,59,3,33.0,44.2,,run
2026-08-04T14:41:54+03:00,1785843714,11054,59,3,33.0,42.9,,run
2026-08-04T14:42:00+03:00,1785843720,11060,59,3,33.0,42.9,,run
2026-08-04T14:42:05+03:00,1785843725,11065,59,3,33.0,42.9,,run
2026-08-04T14:42:10+03:00,1785843730,11070,59,3,33.0,46.0,,run
2026-08-04T14:42:15+03:00,1785843735,11075,59,3,33.0,44.8,,run
2026-08-04T14:42:20+03:00,1785843740,11080,59,3,33.0,43.2,,run
2026-08-04T14:42:26+03:00,1785843746,11086,59,3,33.0,42.0,,run
2026-08-04T14:42:31+03:00,1785843751,11091,59,3,33.0,42.9,,run
2026-08-04T14:42:36+03:00,1785843756,11096,59,3,33.0,42.9,,run
2026-08-04T14:42:41+03:00,1785843761,11101,59,3,33.0,43.6,,run
2026-08-04T14:42:47+03:00,1785843767,11107,59,3,33.0,48.5,,run
2026-08-04T14:42:52+03:00,1785843772,11112,59,3,33.0,47.0,,run
2026-08-04T14:42:57+03:00,1785843777,11117,59,3,33.0,48.5,,run
2026-08-04T14:43:02+03:00,1785843782,11122,59,3,33.0,45.1,,run
2026-08-04T14:43:07+03:00,1785843787,11127,59,3,33.0,42.6,,run
2026-08-04T14:43:13+03:00,1785843793,11133,59,3,33.0,42.3,,run
2026-08-04T14:43:18+03:00,1785843798,11138,59,3,33.0,41.4,,run
2026-08-04T14:43:23+03:00,1785843803,11143,59,3,33.0,42.0,,run
2026-08-04T14:43:28+03:00,1785843808,11148,59,3,33.0,42.0,,run
2026-08-04T14:43:34+03:00,1785843814,11154,59,3,33.0,53.5,,run
2026-08-04T14:43:39+03:00,1785843819,11159,59,3,33.0,46.3,,run
2026-08-04T14:43:44+03:00,1785843824,11164,59,3,33.0,46.7,,run
2026-08-04T14:43:49+03:00,1785843829,11169,59,3,33.0,45.7,,run
2026-08-04T14:43:55+03:00,1785843835,11175,59,3,33.0,43.9,,run
2026-08-04T14:44:00+03:00,1785843840,11180,59,3,33.0,43.9,,run
2026-08-04T14:44:05+03:00,1785843845,11185,59,3,33.0,42.6,,run
2026-08-04T14:44:10+03:00,1785843850,11190,59,3,33.0,44.2,,run
2026-08-04T14:44:15+03:00,1785843855,11195,59,3,33.0,44.5,,run
2026-08-04T14:44:21+03:00,1785843861,11201,59,3,33.0,44.2,,run
2026-08-04T14:44:26+03:00,1785843866,11206,59,3,33.0,42.6,,run
2026-08-04T14:44:31+03:00,1785843871,11211,59,3,33.0,42.3,,run
2026-08-04T14:44:36+03:00,1785843876,11216,59,3,33.0,42.0,,run
2026-08-04T14:44:42+03:00,1785843882,11222,59,3,33.0,43.2,,run
2026-08-04T14:44:47+03:00,1785843887,11227,59,3,33.0,49.1,,run
2026-08-04T14:44:52+03:00,1785843892,11232,59,3,33.0,47.9,,run
2026-08-04T14:44:57+03:00,1785843897,11237,59,3,33.0,45.7,,run
2026-08-04T14:45:02+03:00,1785843902,11242,59,3,33.0,46.3,,run
2026-08-04T14:45:08+03:00,1785843908,11248,59,3,33.0,44.8,,run
2026-08-04T14:45:13+03:00,1785843913,11253,59,3,33.0,42.6,,run
2026-08-04T14:45:18+03:00,1785843918,11258,59,3,33.0,41.7,,run
2026-08-04T14:45:23+03:00,1785843923,11263,59,3,33.0,42.0,,run
2026-08-04T14:45:28+03:00,1785843928,11268,59,3,33.0,48.5,,run
2026-08-04T14:45:34+03:00,1785843934,11274,59,3,33.0,54.7,,run
2026-08-04T14:45:39+03:00,1785843939,11279,59,3,33.0,46.7,,run
2026-08-04T14:45:45+03:00,1785843945,11285,59,3,33.0,45.1,,run
2026-08-04T14:45:50+03:00,1785843950,11290,59,3,33.0,43.9,,run
2026-08-04T14:45:55+03:00,1785843955,11295,59,3,33.0,43.9,,run
2026-08-04T14:46:00+03:00,1785843960,11300,59,3,33.0,42.6,,run
2026-08-04T14:46:05+03:00,1785843965,11305,59,3,33.0,42.6,,run
2026-08-04T14:46:11+03:00,1785843971,11311,59,3,33.0,44.2,,run
2026-08-04T14:46:16+03:00,1785843976,11316,59,3,33.0,43.9,,run
2026-08-04T14:46:21+03:00,1785843981,11321,59,3,33.0,45.1,,run
2026-08-04T14:46:26+03:00,1785843986,11326,59,3,33.0,43.9,,run
2026-08-04T14:46:32+03:00,1785843992,11332,59,3,33.0,42.6,,run
2026-08-04T14:46:37+03:00,1785843997,11337,59,3,33.0,41.7,,run
2026-08-04T14:46:42+03:00,1785844002,11342,59,3,33.0,45.1,,run
2026-08-04T14:46:47+03:00,1785844007,11347,59,3,33.0,47.9,,run
2026-08-04T14:46:53+03:00,1785844013,11353,59,3,33.0,56.9,,run
2026-08-04T14:46:58+03:00,1785844018,11358,59,3,33.0,47.3,,run
2026-08-04T14:47:03+03:00,1785844023,11363,59,3,33.0,42.6,,run
2026-08-04T14:47:08+03:00,1785844028,11368,59,3,33.0,42.6,,run
2026-08-04T14:47:14+03:00,1785844034,11374,59,3,33.0,42.9,,run
2026-08-04T14:47:19+03:00,1785844039,11379,59,3,33.0,41.7,,run
2026-08-04T14:47:24+03:00,1785844044,11384,59,3,33.0,42.9,,run
2026-08-04T14:47:29+03:00,1785844049,11389,59,3,33.0,42.0,,run
2026-08-04T14:47:34+03:00,1785844054,11394,59,3,33.0,55.3,,run
2026-08-04T14:47:40+03:00,1785844060,11400,59,3,33.0,48.8,,run
2026-08-04T14:47:45+03:00,1785844065,11405,59,3,33.0,45.7,,run
2026-08-04T14:47:50+03:00,1785844070,11410,59,3,33.0,44.5,,run
2026-08-04T14:47:56+03:00,1785844076,11416,59,3,33.0,46.0,,run
2026-08-04T14:48:01+03:00,1785844081,11421,59,3,33.0,46.7,,run
2026-08-04T14:48:06+03:00,1785844086,11426,59,3,33.0,47.0,,run
2026-08-04T14:48:11+03:00,1785844091,11431,59,3,33.0,44.5,,run
2026-08-04T14:48:16+03:00,1785844096,11436,59,3,33.0,44.8,,run
2026-08-04T14:48:22+03:00,1785844102,11442,59,3,33.0,44.2,,run
2026-08-04T14:48:27+03:00,1785844107,11447,59,3,33.0,46.3,,run
2026-08-04T14:48:32+03:00,1785844112,11452,59,3,33.0,46.0,,run
2026-08-04T14:48:37+03:00,1785844117,11457,59,3,33.0,47.9,,run
2026-08-04T14:48:43+03:00,1785844123,11463,59,3,33.0,45.4,,run
2026-08-04T14:48:48+03:00,1785844128,11468,59,3,33.0,47.6,,run
2026-08-04T14:48:53+03:00,1785844133,11473,59,3,33.0,54.4,,run
2026-08-04T14:48:59+03:00,1785844139,11479,59,3,33.0,48.2,,run
2026-08-04T14:49:04+03:00,1785844144,11484,59,3,33.0,45.7,,run
2026-08-04T14:49:09+03:00,1785844149,11489,59,3,33.0,44.5,,run
2026-08-04T14:49:14+03:00,1785844154,11494,58,3,33.2,42.3,,run
2026-08-04T14:49:19+03:00,1785844159,11499,58,3,33.2,41.7,,run
2026-08-04T14:49:25+03:00,1785844165,11505,58,3,33.2,42.0,,run
2026-08-04T14:49:30+03:00,1785844170,11510,58,3,33.2,42.9,,run
2026-08-04T14:49:35+03:00,1785844175,11515,58,3,33.2,46.3,,run
2026-08-04T14:49:40+03:00,1785844180,11520,58,3,33.2,53.1,,run
2026-08-04T14:49:46+03:00,1785844186,11526,58,3,33.2,46.3,,run
2026-08-04T14:49:51+03:00,1785844191,11531,58,3,33.2,47.6,,run
2026-08-04T14:49:56+03:00,1785844196,11536,58,3,33.2,48.2,,run
2026-08-04T14:50:01+03:00,1785844201,11541,58,3,33.2,44.5,,run
2026-08-04T14:50:07+03:00,1785844207,11547,58,3,33.2,42.6,,run
2026-08-04T14:50:12+03:00,1785844212,11552,58,3,33.2,44.5,,run
2026-08-04T14:50:17+03:00,1785844217,11557,58,3,33.2,44.5,,run
2026-08-04T14:50:22+03:00,1785844222,11562,58,3,33.2,44.2,,run
2026-08-04T14:50:28+03:00,1785844228,11568,58,3,33.2,43.6,,run
2026-08-04T14:50:33+03:00,1785844233,11573,58,3,33.2,42.6,,run
2026-08-04T14:50:38+03:00,1785844238,11578,58,3,33.2,42.0,,run
2026-08-04T14:50:43+03:00,1785844243,11583,58,3,33.2,44.8,,run
2026-08-04T14:50:48+03:00,1785844248,11588,58,3,33.2,43.6,,run
2026-08-04T14:50:54+03:00,1785844254,11594,58,3,33.2,54.1,,run
2026-08-04T14:50:59+03:00,1785844259,11599,58,3,33.2,50.1,,run
2026-08-04T14:51:05+03:00,1785844265,11605,58,3,33.2,46.3,,run
2026-08-04T14:51:10+03:00,1785844270,11610,58,3,33.2,43.2,,run
2026-08-04T14:51:15+03:00,1785844275,11615,58,3,33.2,42.6,,run
2026-08-04T14:51:20+03:00,1785844280,11620,58,3,33.2,42.0,,run
2026-08-04T14:51:25+03:00,1785844285,11625,58,3,33.2,42.3,,run
2026-08-04T14:51:31+03:00,1785844291,11631,58,3,33.2,41.4,,run
2026-08-04T14:51:36+03:00,1785844296,11636,58,3,33.2,53.8,,run
2026-08-04T14:51:42+03:00,1785844302,11642,58,3,33.2,46.3,,run
2026-08-04T14:51:47+03:00,1785844307,11647,58,3,33.2,50.1,,run
2026-08-04T14:51:52+03:00,1785844312,11652,58,3,33.2,46.3,,run
2026-08-04T14:51:57+03:00,1785844317,11657,58,3,33.2,44.8,,run
2026-08-04T14:52:02+03:00,1785844322,11662,58,3,33.2,42.6,,run
2026-08-04T14:52:08+03:00,1785844328,11668,58,3,33.2,43.2,,run
2026-08-04T14:52:13+03:00,1785844333,11673,58,3,33.2,44.5,,run
2026-08-04T14:52:18+03:00,1785844338,11678,58,3,33.2,43.6,,run
2026-08-04T14:52:23+03:00,1785844343,11683,58,3,33.2,43.2,,run
2026-08-04T14:52:28+03:00,1785844348,11688,58,3,33.2,43.9,,run
2026-08-04T14:52:34+03:00,1785844354,11694,58,3,33.2,42.9,,run
2026-08-04T14:52:39+03:00,1785844359,11699,58,3,33.2,42.0,,run
2026-08-04T14:52:44+03:00,1785844364,11704,58,3,33.2,44.2,,run
2026-08-04T14:52:49+03:00,1785844369,11709,58,3,33.2,42.6,,run
2026-08-04T14:52:54+03:00,1785844374,11714,58,3,33.2,52.5,,run
2026-08-04T14:53:00+03:00,1785844380,11720,58,3,33.2,47.0,,run
2026-08-04T14:53:05+03:00,1785844385,11725,58,3,33.2,47.9,,run
2026-08-04T14:53:10+03:00,1785844390,11730,58,3,33.2,46.0,,run
2026-08-04T14:53:16+03:00,1785844396,11736,58,3,33.2,46.3,,run
2026-08-04T14:53:21+03:00,1785844401,11741,58,3,33.2,48.2,,run
2026-08-04T14:53:26+03:00,1785844406,11746,58,3,33.2,45.7,,run
2026-08-04T14:53:32+03:00,1785844412,11752,58,3,33.2,44.8,,run
2026-08-04T14:53:37+03:00,1785844417,11757,58,3,33.2,42.9,,run
2026-08-04T14:53:42+03:00,1785844422,11762,58,3,33.2,48.8,,run
2026-08-04T14:53:47+03:00,1785844427,11767,58,3,33.2,46.7,,run
2026-08-04T14:53:52+03:00,1785844432,11772,58,3,33.2,48.2,,run
2026-08-04T14:53:58+03:00,1785844438,11778,58,3,33.2,49.4,,run
2026-08-04T14:54:03+03:00,1785844443,11783,58,3,33.2,45.4,,run
2026-08-04T14:54:08+03:00,1785844448,11788,58,3,33.2,43.2,,run
2026-08-04T14:54:13+03:00,1785844453,11793,58,3,33.2,42.9,,run
2026-08-04T14:54:19+03:00,1785844459,11799,58,3,33.2,43.2,,run
2026-08-04T14:54:24+03:00,1785844464,11804,58,3,33.2,43.6,,run
2026-08-04T14:54:29+03:00,1785844469,11809,58,3,33.2,45.4,,run
2026-08-04T14:54:34+03:00,1785844474,11814,58,3,33.2,53.5,,run
2026-08-04T14:54:40+03:00,1785844480,11820,58,3,33.2,48.2,,run
2026-08-04T14:54:45+03:00,1785844485,11825,58,3,33.2,43.6,,run
2026-08-04T14:54:50+03:00,1785844490,11830,58,3,33.2,42.3,,run
2026-08-04T14:54:56+03:00,1785844496,11836,58,3,33.2,41.4,,run
2026-08-04T14:55:01+03:00,1785844501,11841,58,3,33.2,42.3,,run
2026-08-04T14:55:06+03:00,1785844506,11846,58,3,33.2,43.6,,run
2026-08-04T14:55:11+03:00,1785844511,11851,58,3,33.2,47.0,,run
2026-08-04T14:55:16+03:00,1785844516,11856,58,3,33.2,51.6,,run
2026-08-04T14:55:22+03:00,1785844522,11862,58,3,33.2,48.5,,run
2026-08-04T14:55:27+03:00,1785844527,11867,58,3,33.2,43.9,,run
2026-08-04T14:55:33+03:00,1785844533,11873,58,3,33.2,43.2,,run
2026-08-04T14:55:38+03:00,1785844538,11878,58,3,33.2,42.6,,run
2026-08-04T14:55:43+03:00,1785844543,11883,58,3,33.2,45.4,,run
2026-08-04T14:55:48+03:00,1785844548,11888,58,3,33.2,44.8,,run
2026-08-04T14:55:53+03:00,1785844553,11893,58,3,33.2,43.9,,run
2026-08-04T14:55:59+03:00,1785844559,11899,58,3,33.2,46.7,,run
2026-08-04T14:56:04+03:00,1785844564,11904,58,3,33.2,45.4,,run
2026-08-04T14:56:09+03:00,1785844569,11909,58,3,33.2,43.6,,run
2026-08-04T14:56:14+03:00,1785844574,11914,58,3,33.2,44.8,,run
2026-08-04T14:56:20+03:00,1785844580,11920,58,3,33.2,43.2,,run
2026-08-04T14:56:25+03:00,1785844585,11925,58,3,33.2,49.1,,run
2026-08-04T14:56:30+03:00,1785844590,11930,58,3,33.2,44.8,,run
2026-08-04T14:56:35+03:00,1785844595,11935,58,3,33.2,53.5,,run
2026-08-04T14:56:41+03:00,1785844601,11941,58,3,33.2,47.9,,run
2026-08-04T14:56:46+03:00,1785844606,11946,58,3,33.2,44.5,,run
2026-08-04T14:56:51+03:00,1785844611,11951,58,3,33.2,42.3,,run
2026-08-04T14:56:57+03:00,1785844617,11957,58,3,33.2,41.7,,run
2026-08-04T14:57:02+03:00,1785844622,11962,58,3,33.2,42.3,,run
2026-08-04T14:57:07+03:00,1785844627,11967,58,3,33.2,42.9,,run
2026-08-04T14:57:12+03:00,1785844632,11972,58,3,33.2,43.2,,run
2026-08-04T14:57:17+03:00,1785844637,11977,58,3,33.2,50.4,,run
2026-08-04T14:57:23+03:00,1785844643,11983,58,3,33.2,52.8,,run
2026-08-04T14:57:28+03:00,1785844648,11988,58,3,33.2,45.7,,run
2026-08-04T14:57:34+03:00,1785844654,11994,58,3,33.2,43.2,,run
2026-08-04T14:57:39+03:00,1785844659,11999,58,3,33.0,42.6,,run
2026-08-04T14:57:44+03:00,1785844664,12004,57,3,33.1,43.6,,run
2026-08-04T14:57:49+03:00,1785844669,12009,57,3,33.1,43.9,,run
2026-08-04T14:57:54+03:00,1785844674,12014,57,3,33.1,43.6,,run
2026-08-04T14:58:00+03:00,1785844680,12020,57,3,33.1,42.6,,run
2026-08-04T14:58:05+03:00,1785844685,12025,57,3,33.1,45.1,,run
2026-08-04T14:58:10+03:00,1785844690,12030,57,3,33.1,43.9,,run
2026-08-04T14:58:15+03:00,1785844695,12035,57,3,33.1,42.9,,run
2026-08-04T14:58:21+03:00,1785844701,12041,57,3,33.1,41.7,,run
2026-08-04T14:58:26+03:00,1785844706,12046,57,3,33.1,43.9,,run
2026-08-04T14:58:31+03:00,1785844711,12051,57,3,33.1,42.0,,run
2026-08-04T14:58:36+03:00,1785844716,12056,57,3,33.1,42.0,,run
2026-08-04T14:58:41+03:00,1785844721,12061,57,3,33.1,42.6,,run
2026-08-04T14:58:47+03:00,1785844727,12067,57,3,33.1,42.3,,run
2026-08-04T14:58:52+03:00,1785844732,12072,57,3,33.1,42.6,,run
2026-08-04T14:58:57+03:00,1785844737,12077,57,3,33.1,43.6,,run
2026-08-04T14:59:02+03:00,1785844742,12082,57,3,33.1,42.6,,run
2026-08-04T14:59:07+03:00,1785844747,12087,57,3,33.1,42.0,,run
2026-08-04T14:59:13+03:00,1785844753,12093,57,3,33.1,41.4,,run
2026-08-04T14:59:18+03:00,1785844758,12098,57,3,33.1,41.4,,run
2026-08-04T14:59:23+03:00,1785844763,12103,57,3,33.1,44.8,,run
2026-08-04T14:59:28+03:00,1785844768,12108,57,3,33.1,47.6,,run
2026-08-04T14:59:34+03:00,1785844774,12114,57,3,33.1,44.2,,run
2026-08-04T14:59:39+03:00,1785844779,12119,57,3,33.1,42.9,,run
2026-08-04T14:59:44+03:00,1785844784,12124,57,3,33.1,42.9,,run
2026-08-04T14:59:49+03:00,1785844789,12129,57,3,33.1,42.6,,run
2026-08-04T14:59:54+03:00,1785844794,12134,57,3,33.1,43.6,,run
2026-08-04T15:00:00+03:00,1785844800,12140,57,3,33.1,43.6,,run
2026-08-04T15:00:05+03:00,1785844805,12145,57,3,33.1,43.9,,run
2026-08-04T15:00:10+03:00,1785844810,12150,57,3,33.1,44.8,,run
2026-08-04T15:00:15+03:00,1785844815,12155,57,3,33.1,44.5,,run
2026-08-04T15:00:21+03:00,1785844821,12161,57,3,33.1,42.9,,run
2026-08-04T15:00:26+03:00,1785844826,12166,57,3,33.1,42.9,,run
2026-08-04T15:00:31+03:00,1785844831,12171,57,3,33.1,43.6,,run
2026-08-04T15:00:36+03:00,1785844836,12176,57,3,33.1,43.6,,run
2026-08-04T15:00:41+03:00,1785844841,12181,57,3,33.1,42.3,,run
2026-08-04T15:00:47+03:00,1785844847,12187,57,3,33.1,42.0,,run
2026-08-04T15:00:52+03:00,1785844852,12192,57,3,33.1,41.4,,run
2026-08-04T15:00:57+03:00,1785844857,12197,57,3,33.1,44.2,,run
2026-08-04T15:01:02+03:00,1785844862,12202,57,3,33.1,42.3,,run
2026-08-04T15:01:07+03:00,1785844867,12207,57,3,33.1,42.3,,run
2026-08-04T15:01:13+03:00,1785844873,12213,57,3,33.1,42.0,,run
2026-08-04T15:01:18+03:00,1785844878,12218,57,3,33.1,42.0,,run
2026-08-04T15:01:23+03:00,1785844883,12223,57,3,33.1,41.4,,run
2026-08-04T15:01:28+03:00,1785844888,12228,57,3,33.1,43.6,,run
2026-08-04T15:01:34+03:00,1785844894,12234,57,3,33.1,42.9,,run
2026-08-04T15:01:39+03:00,1785844899,12239,57,3,33.1,41.4,,run
2026-08-04T15:01:44+03:00,1785844904,12244,57,3,33.1,50.4,,run
2026-08-04T15:01:49+03:00,1785844909,12249,57,3,33.1,41.7,,run
2026-08-04T15:01:55+03:00,1785844915,12255,57,3,33.1,42.9,,run
2026-08-04T15:02:00+03:00,1785844920,12260,57,3,33.1,42.9,,run
2026-08-04T15:02:05+03:00,1785844925,12265,57,3,33.1,40.8,,run
2026-08-04T15:02:10+03:00,1785844930,12270,57,3,33.1,52.8,,run
2026-08-04T15:02:16+03:00,1785844936,12276,57,3,33.1,44.5,,run
2026-08-04T15:02:21+03:00,1785844941,12281,57,3,33.1,42.9,,run
2026-08-04T15:02:26+03:00,1785844946,12286,57,3,33.1,42.9,,run
2026-08-04T15:02:31+03:00,1785844951,12291,57,3,33.1,45.1,,run
2026-08-04T15:02:37+03:00,1785844957,12297,57,3,33.1,42.6,,run
2026-08-04T15:02:42+03:00,1785844962,12302,57,3,33.1,43.2,,run
2026-08-04T15:02:47+03:00,1785844967,12307,57,3,33.1,42.0,,run
2026-08-04T15:02:52+03:00,1785844972,12312,57,3,33.1,41.7,,run
2026-08-04T15:02:58+03:00,1785844978,12318,57,3,33.1,42.3,,run
2026-08-04T15:03:03+03:00,1785844983,12323,57,3,33.1,42.9,,run
2026-08-04T15:03:08+03:00,1785844988,12328,57,3,33.1,43.9,,run
2026-08-04T15:03:13+03:00,1785844993,12333,57,3,33.1,42.6,,run
2026-08-04T15:03:18+03:00,1785844998,12338,57,3,33.1,42.3,,run
2026-08-04T15:03:24+03:00,1785845004,12344,57,3,33.1,47.9,,run
2026-08-04T15:03:29+03:00,1785845009,12349,57,3,33.1,47.6,,run
2026-08-04T15:03:34+03:00,1785845014,12354,57,3,33.1,43.9,,run
2026-08-04T15:03:39+03:00,1785845019,12359,57,3,33.1,42.0,,run
2026-08-04T15:03:44+03:00,1785845024,12364,57,3,33.1,41.1,,run
2026-08-04T15:03:50+03:00,1785845030,12370,57,3,33.1,41.1,,run
2026-08-04T15:03:55+03:00,1785845035,12375,57,3,33.1,40.8,,run
2026-08-04T15:04:00+03:00,1785845040,12380,57,3,33.1,40.8,,run
2026-08-04T15:04:05+03:00,1785845045,12385,57,3,33.1,41.4,,run
2026-08-04T15:04:11+03:00,1785845051,12391,57,3,33.1,53.1,,run
2026-08-04T15:04:16+03:00,1785845056,12396,57,3,33.1,44.8,,run
2026-08-04T15:04:21+03:00,1785845061,12401,57,3,33.1,43.6,,run
2026-08-04T15:04:27+03:00,1785845067,12407,57,3,33.1,42.6,,run
2026-08-04T15:04:32+03:00,1785845072,12412,57,3,33.1,46.0,,run
2026-08-04T15:04:37+03:00,1785845077,12417,57,3,33.1,43.6,,run
2026-08-04T15:04:42+03:00,1785845082,12422,57,3,33.1,42.6,,run
2026-08-04T15:04:47+03:00,1785845087,12427,57,3,33.1,43.2,,run
2026-08-04T15:04:53+03:00,1785845093,12433,57,3,33.1,43.6,,run
2026-08-04T15:04:58+03:00,1785845098,12438,57,3,33.1,46.0,,run
2026-08-04T15:05:03+03:00,1785845103,12443,57,3,33.1,44.8,,run
2026-08-04T15:05:08+03:00,1785845108,12448,57,3,33.1,42.3,,run
2026-08-04T15:05:14+03:00,1785845114,12454,57,3,33.1,42.6,,run
2026-08-04T15:05:19+03:00,1785845119,12459,57,3,33.1,42.6,,run
2026-08-04T15:05:24+03:00,1785845124,12464,57,3,33.1,49.7,,run
2026-08-04T15:05:29+03:00,1785845129,12469,57,3,33.1,48.5,,run
2026-08-04T15:05:34+03:00,1785845134,12474,57,3,33.1,43.9,,run
2026-08-04T15:05:40+03:00,1785845140,12480,57,3,33.1,42.9,,run
2026-08-04T15:05:45+03:00,1785845145,12485,57,3,33.1,42.0,,run
2026-08-04T15:05:50+03:00,1785845150,12490,57,3,33.1,41.1,,run
2026-08-04T15:05:55+03:00,1785845155,12495,57,3,33.1,41.4,,run
2026-08-04T15:06:00+03:00,1785845160,12500,57,3,33.1,43.2,,run
2026-08-04T15:06:06+03:00,1785845166,12506,57,3,33.1,41.4,,run
2026-08-04T15:06:11+03:00,1785845171,12511,57,3,33.1,55.3,,run
2026-08-04T15:06:16+03:00,1785845176,12516,57,3,33.1,51.0,,run
2026-08-04T15:06:22+03:00,1785845182,12522,57,3,33.1,47.0,,run
2026-08-04T15:06:27+03:00,1785845187,12527,57,3,33.1,44.5,,run
2026-08-04T15:06:32+03:00,1785845192,12532,57,3,33.1,43.6,,run
2026-08-04T15:06:37+03:00,1785845197,12537,57,3,33.1,44.5,,run
2026-08-04T15:06:43+03:00,1785845203,12543,57,3,33.1,44.2,,run
2026-08-04T15:06:48+03:00,1785845208,12548,57,3,33.1,44.2,,run
2026-08-04T15:06:53+03:00,1785845213,12553,57,3,33.1,42.6,,run
2026-08-04T15:06:58+03:00,1785845218,12558,57,3,33.1,42.9,,run
2026-08-04T15:07:03+03:00,1785845223,12563,57,3,33.1,49.4,,run
2026-08-04T15:07:09+03:00,1785845229,12569,57,3,33.1,44.8,,run
2026-08-04T15:07:14+03:00,1785845234,12574,57,3,33.1,46.0,,run
2026-08-04T15:07:19+03:00,1785845239,12579,57,3,33.1,45.4,,run
2026-08-04T15:07:24+03:00,1785845244,12584,57,3,33.1,48.5,,run
2026-08-04T15:07:30+03:00,1785845250,12590,57,3,33.1,46.7,,run
2026-08-04T15:07:35+03:00,1785845255,12595,57,3,33.1,44.5,,run
2026-08-04T15:07:40+03:00,1785845260,12600,57,3,32.9,41.7,,run
2026-08-04T15:07:45+03:00,1785845265,12605,57,3,32.9,43.6,,run
2026-08-04T15:07:50+03:00,1785845270,12610,57,3,32.9,41.4,,run
2026-08-04T15:07:56+03:00,1785845276,12616,57,3,32.9,42.6,,run
2026-08-04T15:08:01+03:00,1785845281,12621,57,3,32.9,41.7,,run
2026-08-04T15:08:06+03:00,1785845286,12626,57,3,32.9,41.1,,run
2026-08-04T15:08:11+03:00,1785845291,12631,57,3,32.9,53.8,,run
2026-08-04T15:08:17+03:00,1785845297,12637,57,3,32.9,47.3,,run
2026-08-04T15:08:22+03:00,1785845302,12642,57,3,32.9,47.6,,run
2026-08-04T15:08:27+03:00,1785845307,12647,56,3,33.0,49.7,,run
2026-08-04T15:08:33+03:00,1785845313,12653,56,3,33.0,45.1,,run
2026-08-04T15:08:38+03:00,1785845318,12658,56,3,33.0,44.5,,run
2026-08-04T15:08:43+03:00,1785845323,12663,56,3,33.0,43.9,,run
2026-08-04T15:08:48+03:00,1785845328,12668,56,3,33.0,45.4,,run
2026-08-04T15:08:53+03:00,1785845333,12673,56,3,33.0,43.9,,run
2026-08-04T15:08:59+03:00,1785845339,12679,56,3,33.0,43.2,,run
2026-08-04T15:09:04+03:00,1785845344,12684,56,3,33.0,42.3,,run
2026-08-04T15:09:09+03:00,1785845349,12689,56,3,33.0,47.9,,run
2026-08-04T15:09:14+03:00,1785845354,12694,56,3,33.0,43.9,,run
2026-08-04T15:09:19+03:00,1785845359,12699,56,3,33.0,43.9,,run
2026-08-04T15:09:25+03:00,1785845365,12705,56,3,33.0,51.0,,run
2026-08-04T15:09:30+03:00,1785845370,12710,56,3,33.0,48.8,,run
2026-08-04T15:09:35+03:00,1785845375,12715,56,3,33.0,46.3,,run
2026-08-04T15:09:40+03:00,1785845380,12720,56,3,33.0,42.9,,run
2026-08-04T15:09:46+03:00,1785845386,12726,56,3,33.0,42.0,,run
2026-08-04T15:09:51+03:00,1785845391,12731,56,3,33.0,45.7,,run
2026-08-04T15:09:56+03:00,1785845396,12736,56,3,33.0,45.7,,run
2026-08-04T15:10:01+03:00,1785845401,12741,56,3,33.0,43.2,,run
2026-08-04T15:10:06+03:00,1785845406,12746,56,3,33.0,43.6,,run
2026-08-04T15:10:12+03:00,1785845412,12752,56,3,33.0,43.2,,run
2026-08-04T15:10:17+03:00,1785845417,12757,56,3,33.0,43.9,,run
2026-08-04T15:10:22+03:00,1785845422,12762,56,3,33.0,43.9,,run
2026-08-04T15:10:27+03:00,1785845427,12767,56,3,33.0,47.0,,run
2026-08-04T15:10:33+03:00,1785845433,12773,56,3,33.0,47.0,,run
2026-08-04T15:10:38+03:00,1785845438,12778,56,3,33.0,43.6,,run
2026-08-04T15:10:43+03:00,1785845443,12783,56,3,33.0,42.9,,run
2026-08-04T15:10:48+03:00,1785845448,12788,56,3,33.0,42.6,,run
2026-08-04T15:10:53+03:00,1785845453,12793,56,3,33.0,48.2,,run
2026-08-04T15:10:59+03:00,1785845459,12799,56,3,33.0,46.0,,run
2026-08-04T15:11:04+03:00,1785845464,12804,56,3,33.0,43.2,,run
2026-08-04T15:11:09+03:00,1785845469,12809,56,3,33.0,53.8,,run
2026-08-04T15:11:15+03:00,1785845475,12815,56,3,33.0,49.7,,run
2026-08-04T15:11:20+03:00,1785845480,12820,56,3,33.0,46.3,,run
2026-08-04T15:11:25+03:00,1785845485,12825,56,3,33.0,45.1,,run
2026-08-04T15:11:30+03:00,1785845490,12830,56,3,33.0,43.9,,run
2026-08-04T15:11:36+03:00,1785845496,12836,56,3,33.0,43.9,,run
2026-08-04T15:11:41+03:00,1785845501,12841,56,3,33.0,45.7,,run
2026-08-04T15:11:46+03:00,1785845506,12846,56,3,33.0,46.3,,run
2026-08-04T15:11:51+03:00,1785845511,12851,56,3,33.0,56.9,,run
2026-08-04T15:11:57+03:00,1785845517,12857,56,3,33.0,51.0,,run
2026-08-04T15:12:02+03:00,1785845522,12862,56,3,33.0,48.8,,run
2026-08-04T15:12:07+03:00,1785845527,12867,56,3,33.0,47.3,,run
2026-08-04T15:12:13+03:00,1785845533,12873,56,3,33.0,44.2,,run
2026-08-04T15:12:18+03:00,1785845538,12878,56,3,33.0,47.9,,run
2026-08-04T15:12:23+03:00,1785845543,12883,56,3,33.0,45.1,,run
2026-08-04T15:12:28+03:00,1785845548,12888,56,3,33.0,47.9,,run
2026-08-04T15:12:34+03:00,1785845554,12894,56,3,33.0,45.1,,run
2026-08-04T15:12:39+03:00,1785845559,12899,56,3,33.0,42.6,,run
2026-08-04T15:12:44+03:00,1785845564,12904,56,3,33.0,46.3,,run
2026-08-04T15:12:49+03:00,1785845569,12909,56,3,33.0,44.2,,run
2026-08-04T15:12:54+03:00,1785845574,12914,56,3,33.0,43.6,,run
2026-08-04T15:13:00+03:00,1785845580,12920,56,3,33.0,42.9,,run
2026-08-04T15:13:05+03:00,1785845585,12925,56,3,33.0,42.3,,run
2026-08-04T15:13:10+03:00,1785845590,12930,56,3,33.0,47.6,,run
2026-08-04T15:13:15+03:00,1785845595,12935,56,3,33.0,45.7,,run
2026-08-04T15:13:20+03:00,1785845600,12940,56,3,33.0,44.8,,run
2026-08-04T15:13:26+03:00,1785845606,12946,56,3,33.0,43.2,,run
2026-08-04T15:13:31+03:00,1785845611,12951,56,3,33.0,44.5,,run
2026-08-04T15:13:36+03:00,1785845616,12956,56,3,33.0,42.9,,run
2026-08-04T15:13:41+03:00,1785845621,12961,56,3,33.0,42.0,,run
2026-08-04T15:13:47+03:00,1785845627,12967,56,3,33.0,42.6,,run
2026-08-04T15:13:52+03:00,1785845632,12972,56,3,33.0,43.9,,run
2026-08-04T15:13:57+03:00,1785845637,12977,56,3,33.0,42.6,,run
2026-08-04T15:14:02+03:00,1785845642,12982,56,3,33.0,42.6,,run
2026-08-04T15:14:07+03:00,1785845647,12987,56,3,33.0,42.0,,run
2026-08-04T15:14:13+03:00,1785845653,12993,56,3,33.0,41.4,,run
2026-08-04T15:14:18+03:00,1785845658,12998,56,3,33.0,42.0,,run
2026-08-04T15:14:23+03:00,1785845663,13003,56,3,33.0,43.9,,run
2026-08-04T15:14:28+03:00,1785845668,13008,56,3,33.0,42.9,,run
2026-08-04T15:14:34+03:00,1785845674,13014,56,3,33.0,47.9,,run
2026-08-04T15:14:39+03:00,1785845679,13019,56,3,33.0,44.8,,run
2026-08-04T15:14:44+03:00,1785845684,13024,56,3,33.0,42.0,,run
2026-08-04T15:14:49+03:00,1785845689,13029,56,3,33.0,41.7,,run
2026-08-04T15:14:54+03:00,1785845694,13034,56,3,33.0,43.9,,run
2026-08-04T15:15:00+03:00,1785845700,13040,56,3,33.0,43.6,,run
2026-08-04T15:15:05+03:00,1785845705,13045,56,3,33.0,42.0,,run
2026-08-04T15:15:10+03:00,1785845710,13050,56,3,33.0,42.3,,run
2026-08-04T15:15:15+03:00,1785845715,13055,56,3,33.0,43.2,,run
2026-08-04T15:15:20+03:00,1785845720,13060,56,3,33.0,44.5,,run
2026-08-04T15:15:26+03:00,1785845726,13066,56,3,33.0,44.5,,run
2026-08-04T15:15:31+03:00,1785845731,13071,56,3,33.0,43.2,,run
2026-08-04T15:15:36+03:00,1785845736,13076,56,3,33.0,42.0,,run
2026-08-04T15:15:41+03:00,1785845741,13081,56,3,33.0,42.3,,run
2026-08-04T15:15:47+03:00,1785845747,13087,56,3,33.0,44.5,,run
2026-08-04T15:15:52+03:00,1785845752,13092,56,3,33.0,42.0,,run
2026-08-04T15:15:57+03:00,1785845757,13097,56,3,33.0,44.8,,run
2026-08-04T15:16:02+03:00,1785845762,13102,56,3,33.0,42.9,,run
2026-08-04T15:16:08+03:00,1785845768,13108,56,3,33.0,41.7,,run
2026-08-04T15:16:13+03:00,1785845773,13113,56,3,33.0,41.7,,run
2026-08-04T15:16:18+03:00,1785845778,13118,56,3,33.0,50.1,,run
2026-08-04T15:16:23+03:00,1785845783,13123,56,3,33.0,42.3,,run
2026-08-04T15:16:29+03:00,1785845789,13129,56,3,33.0,43.2,,run
2026-08-04T15:16:34+03:00,1785845794,13134,56,3,33.0,46.7,,run
2026-08-04T15:16:39+03:00,1785845799,13139,56,3,33.0,44.2,,run
2026-08-04T15:16:44+03:00,1785845804,13144,56,3,33.0,53.1,,run
2026-08-04T15:16:50+03:00,1785845810,13150,56,3,33.0,46.3,,run
2026-08-04T15:16:55+03:00,1785845815,13155,56,3,33.0,43.2,,run
2026-08-04T15:17:00+03:00,1785845820,13160,56,3,33.0,42.9,,run
2026-08-04T15:17:05+03:00,1785845825,13165,56,3,33.0,42.3,,run
2026-08-04T15:17:11+03:00,1785845831,13171,56,3,33.0,43.2,,run
2026-08-04T15:17:16+03:00,1785845836,13176,56,3,33.0,42.6,,run
2026-08-04T15:17:21+03:00,1785845841,13181,56,3,33.0,49.1,,run
2026-08-04T15:17:26+03:00,1785845846,13186,56,3,33.0,48.8,,run
2026-08-04T15:17:32+03:00,1785845852,13192,56,3,33.0,47.0,,run
2026-08-04T15:17:37+03:00,1785845857,13197,56,3,33.0,43.6,,run
2026-08-04T15:17:42+03:00,1785845862,13202,56,3,33.0,42.3,,run
2026-08-04T15:17:47+03:00,1785845867,13207,56,3,33.0,42.9,,run
2026-08-04T15:17:52+03:00,1785845872,13212,56,3,33.0,42.3,,run
2026-08-04T15:17:58+03:00,1785845878,13218,56,3,33.0,48.2,,run
2026-08-04T15:18:03+03:00,1785845883,13223,56,3,33.0,50.4,,run
2026-08-04T15:18:08+03:00,1785845888,13228,56,3,33.0,46.7,,run
2026-08-04T15:18:13+03:00,1785845893,13233,56,3,33.0,42.6,,run
2026-08-04T15:18:18+03:00,1785845898,13238,56,3,33.0,42.0,,run
2026-08-04T15:18:24+03:00,1785845904,13244,56,3,33.0,41.1,,run
2026-08-04T15:18:29+03:00,1785845909,13249,56,3,33.0,40.8,,run
2026-08-04T15:18:34+03:00,1785845914,13254,56,3,33.0,42.0,,run
2026-08-04T15:18:39+03:00,1785845919,13259,56,3,33.0,44.8,,run
2026-08-04T15:18:45+03:00,1785845925,13265,56,3,33.0,54.7,,run
2026-08-04T15:18:50+03:00,1785845930,13270,56,3,33.0,46.7,,run
2026-08-04T15:18:55+03:00,1785845935,13275,56,3,33.0,44.5,,run
2026-08-04T15:19:01+03:00,1785845941,13281,56,3,33.0,42.9,,run
2026-08-04T15:19:06+03:00,1785845946,13286,56,3,33.0,43.9,,run
2026-08-04T15:19:11+03:00,1785845951,13291,55,3,33.0,44.2,,run
2026-08-04T15:19:16+03:00,1785845956,13296,55,3,33.0,42.3,,run
2026-08-04T15:19:22+03:00,1785845962,13302,55,3,33.0,42.9,,run
2026-08-04T15:19:27+03:00,1785845967,13307,55,3,33.0,47.9,,run
2026-08-04T15:19:32+03:00,1785845972,13312,55,3,33.0,45.1,,run
2026-08-04T15:19:37+03:00,1785845977,13317,55,3,33.0,44.2,,run
2026-08-04T15:19:42+03:00,1785845982,13322,55,3,33.0,42.3,,run
2026-08-04T15:19:48+03:00,1785845988,13328,55,3,33.0,42.9,,run
2026-08-04T15:19:53+03:00,1785845993,13333,55,3,33.0,43.9,,run
2026-08-04T15:19:58+03:00,1785845998,13338,55,3,33.0,48.2,,run
2026-08-04T15:20:03+03:00,1785846003,13343,55,3,33.0,51.6,,run
2026-08-04T15:20:09+03:00,1785846009,13349,55,3,33.0,46.3,,run
2026-08-04T15:20:14+03:00,1785846014,13354,55,3,33.0,41.7,,run
2026-08-04T15:20:19+03:00,1785846019,13359,55,3,33.0,43.9,,run
2026-08-04T15:20:24+03:00,1785846024,13364,55,3,33.0,42.9,,run
2026-08-04T15:20:29+03:00,1785846029,13369,55,3,33.0,41.1,,run
2026-08-04T15:20:35+03:00,1785846035,13375,55,3,33.0,41.4,,run
2026-08-04T15:20:40+03:00,1785846040,13380,55,3,33.0,42.6,,run
2026-08-04T15:20:45+03:00,1785846045,13385,55,3,33.0,54.7,,run
2026-08-04T15:20:51+03:00,1785846051,13391,55,3,33.0,47.0,,run
2026-08-04T15:20:56+03:00,1785846056,13396,55,3,33.0,45.4,,run
2026-08-04T15:21:01+03:00,1785846061,13401,55,3,33.0,43.9,,run
2026-08-04T15:21:07+03:00,1785846067,13407,55,3,33.0,43.2,,run
2026-08-04T15:21:12+03:00,1785846072,13412,55,3,33.0,42.9,,run
2026-08-04T15:21:17+03:00,1785846077,13417,55,3,33.0,42.6,,run
2026-08-04T15:21:22+03:00,1785846082,13422,55,3,33.0,42.9,,run
2026-08-04T15:21:27+03:00,1785846087,13427,55,3,33.0,43.9,,run
2026-08-04T15:21:33+03:00,1785846093,13433,55,3,33.0,47.3,,run
2026-08-04T15:21:38+03:00,1785846098,13438,55,3,33.0,44.2,,run
2026-08-04T15:21:43+03:00,1785846103,13443,55,3,33.0,42.9,,run
2026-08-04T15:21:48+03:00,1785846108,13448,55,3,33.0,44.5,,run
2026-08-04T15:21:54+03:00,1785846114,13454,55,3,33.0,46.0,,run
2026-08-04T15:21:59+03:00,1785846119,13459,55,3,33.0,48.2,,run
2026-08-04T15:22:04+03:00,1785846124,13464,55,3,33.0,53.8,,run
2026-08-04T15:22:09+03:00,1785846129,13469,55,3,33.0,47.3,,run
2026-08-04T15:22:15+03:00,1785846135,13475,55,3,33.0,43.6,,run
2026-08-04T15:22:20+03:00,1785846140,13480,55,3,33.0,42.0,,run
2026-08-04T15:22:25+03:00,1785846145,13485,55,3,33.0,41.7,,run
2026-08-04T15:22:30+03:00,1785846150,13490,55,3,33.0,41.4,,run
2026-08-04T15:22:35+03:00,1785846155,13495,55,3,33.0,42.9,,run
2026-08-04T15:22:41+03:00,1785846161,13501,55,3,33.0,42.3,,run
2026-08-04T15:22:46+03:00,1785846166,13506,55,3,33.0,53.1,,run
2026-08-04T15:22:52+03:00,1785846172,13512,55,3,33.0,50.1,,run
2026-08-04T15:22:57+03:00,1785846177,13517,55,3,33.0,47.0,,run
2026-08-04T15:23:02+03:00,1785846182,13522,55,3,33.0,43.9,,run
2026-08-04T15:23:07+03:00,1785846187,13527,55,3,33.0,44.2,,run
2026-08-04T15:23:13+03:00,1785846193,13533,55,3,33.0,42.9,,run
2026-08-04T15:23:18+03:00,1785846198,13538,55,3,33.0,46.0,,run
2026-08-04T15:23:23+03:00,1785846203,13543,55,3,33.0,43.9,,run
2026-08-04T15:23:28+03:00,1785846208,13548,55,3,33.0,43.9,,run
2026-08-04T15:23:33+03:00,1785846213,13553,55,3,33.0,44.8,,run
2026-08-04T15:23:39+03:00,1785846219,13559,55,3,33.0,44.2,,run
2026-08-04T15:23:44+03:00,1785846224,13564,55,3,33.0,42.6,,run
2026-08-04T15:23:49+03:00,1785846229,13569,55,3,33.0,43.2,,run
2026-08-04T15:23:54+03:00,1785846234,13574,55,3,33.0,42.9,,run
2026-08-04T15:23:59+03:00,1785846239,13579,55,3,33.0,47.0,,run
2026-08-04T15:24:05+03:00,1785846245,13585,55,3,33.0,54.4,,run
2026-08-04T15:24:10+03:00,1785846250,13590,55,3,33.0,48.5,,run
2026-08-04T15:24:15+03:00,1785846255,13595,55,3,33.0,42.6,,run
2026-08-04T15:24:21+03:00,1785846261,13601,55,3,33.0,41.7,,run
2026-08-04T15:24:26+03:00,1785846266,13606,55,3,33.0,41.4,,run
2026-08-04T15:24:31+03:00,1785846271,13611,55,3,33.0,42.3,,run
2026-08-04T15:24:36+03:00,1785846276,13616,55,3,33.0,46.7,,run
2026-08-04T15:24:41+03:00,1785846281,13621,55,3,33.0,42.9,,run
2026-08-04T15:24:47+03:00,1785846287,13627,55,3,33.0,56.2,,run
2026-08-04T15:24:52+03:00,1785846292,13632,55,3,33.0,46.0,,run
2026-08-04T15:24:57+03:00,1785846297,13637,55,3,33.0,43.6,,run
2026-08-04T15:25:03+03:00,1785846303,13643,55,3,33.0,44.8,,run
2026-08-04T15:25:08+03:00,1785846308,13648,55,3,33.0,45.4,,run
2026-08-04T15:25:13+03:00,1785846313,13653,55,3,33.0,43.6,,run
2026-08-04T15:25:18+03:00,1785846318,13658,55,3,33.0,48.5,,run
2026-08-04T15:25:24+03:00,1785846324,13664,55,3,33.0,50.1,,run
2026-08-04T15:25:29+03:00,1785846329,13669,55,3,33.0,47.3,,run
2026-08-04T15:25:34+03:00,1785846334,13674,55,3,33.0,43.6,,run
2026-08-04T15:25:39+03:00,1785846339,13679,55,3,33.0,44.2,,run
2026-08-04T15:25:45+03:00,1785846345,13685,55,3,33.0,43.6,,run
2026-08-04T15:25:50+03:00,1785846350,13690,55,3,33.0,42.9,,run
2026-08-04T15:25:55+03:00,1785846355,13695,55,3,33.0,43.2,,run
2026-08-04T15:26:00+03:00,1785846360,13700,55,3,33.0,48.2,,run
2026-08-04T15:26:05+03:00,1785846365,13705,55,3,33.0,50.7,,run
2026-08-04T15:26:11+03:00,1785846371,13711,55,3,33.0,47.0,,run
2026-08-04T15:26:16+03:00,1785846376,13716,55,3,33.0,42.3,,run
2026-08-04T15:26:21+03:00,1785846381,13721,55,3,33.0,42.0,,run
2026-08-04T15:26:26+03:00,1785846386,13726,55,3,33.0,41.4,,run
2026-08-04T15:26:31+03:00,1785846391,13731,55,3,33.0,42.6,,run
2026-08-04T15:26:37+03:00,1785846397,13737,55,3,33.0,42.9,,run
2026-08-04T15:26:42+03:00,1785846402,13742,55,3,33.0,47.3,,run
2026-08-04T15:26:47+03:00,1785846407,13747,55,3,33.0,55.9,,run
2026-08-04T15:26:53+03:00,1785846413,13753,55,3,33.0,46.0,,run
2026-08-04T15:26:58+03:00,1785846418,13758,55,3,33.0,44.8,,run
2026-08-04T15:27:03+03:00,1785846423,13763,55,3,33.0,44.5,,run
2026-08-04T15:27:09+03:00,1785846429,13769,55,3,33.0,43.9,,run
2026-08-04T15:27:14+03:00,1785846434,13774,55,3,33.0,42.9,,run
2026-08-04T15:27:19+03:00,1785846439,13779,55,3,33.0,42.3,,run
2026-08-04T15:27:24+03:00,1785846444,13784,55,3,33.0,45.1,,run
2026-08-04T15:27:29+03:00,1785846449,13789,55,3,33.0,47.3,,run
2026-08-04T15:27:35+03:00,1785846455,13795,55,3,33.0,46.0,,run
2026-08-04T15:27:40+03:00,1785846460,13800,55,3,33.0,42.9,,run
2026-08-04T15:27:45+03:00,1785846465,13805,55,3,33.0,43.6,,run
2026-08-04T15:27:50+03:00,1785846470,13810,55,3,33.0,42.6,,run
2026-08-04T15:27:55+03:00,1785846475,13815,55,3,33.0,41.7,,run
2026-08-04T15:28:01+03:00,1785846481,13821,55,3,33.0,48.5,,run
2026-08-04T15:28:06+03:00,1785846486,13826,55,3,33.0,48.8,,run
2026-08-04T15:28:11+03:00,1785846491,13831,55,3,33.0,46.7,,run
2026-08-04T15:28:16+03:00,1785846496,13836,55,3,33.0,42.6,,run
2026-08-04T15:28:22+03:00,1785846502,13842,55,3,33.0,42.0,,run
2026-08-04T15:28:27+03:00,1785846507,13847,55,3,33.0,41.7,,run
2026-08-04T15:28:32+03:00,1785846512,13852,55,3,33.0,42.3,,run
2026-08-04T15:28:37+03:00,1785846517,13857,55,3,33.0,43.2,,run
2026-08-04T15:28:43+03:00,1785846523,13863,55,3,33.0,41.7,,run
2026-08-04T15:28:48+03:00,1785846528,13868,55,3,33.0,54.4,,run
2026-08-04T15:28:54+03:00,1785846534,13874,55,3,33.0,48.2,,run
2026-08-04T15:28:59+03:00,1785846539,13879,55,3,33.0,47.6,,run
2026-08-04T15:29:04+03:00,1785846544,13884,55,3,33.0,44.2,,run
2026-08-04T15:29:09+03:00,1785846549,13889,55,3,33.0,44.2,,run
2026-08-04T15:29:15+03:00,1785846555,13895,55,3,33.0,43.6,,run
2026-08-04T15:29:20+03:00,1785846560,13900,55,3,33.0,43.6,,run
2026-08-04T15:29:25+03:00,1785846565,13905,55,3,33.0,44.8,,run
2026-08-04T15:29:30+03:00,1785846570,13910,55,3,33.0,44.8,,run
2026-08-04T15:29:35+03:00,1785846575,13915,55,3,33.0,46.3,,run
2026-08-04T15:29:41+03:00,1785846581,13921,55,3,33.0,46.0,,run
2026-08-04T15:29:46+03:00,1785846586,13926,55,3,33.0,43.9,,run
2026-08-04T15:29:51+03:00,1785846591,13931,54,3,33.1,42.6,,run
2026-08-04T15:29:56+03:00,1785846596,13936,54,3,33.1,42.3,,run
2026-08-04T15:30:02+03:00,1785846602,13942,54,3,33.1,44.8,,run
2026-08-04T15:30:07+03:00,1785846607,13947,54,3,33.1,54.4,,run
2026-08-04T15:30:12+03:00,1785846612,13952,54,3,33.1,50.4,,run
2026-08-04T15:30:18+03:00,1785846618,13958,54,3,33.1,46.0,,run
2026-08-04T15:30:23+03:00,1785846623,13963,54,3,33.1,43.2,,run
2026-08-04T15:30:28+03:00,1785846628,13968,54,3,33.1,44.2,,run
2026-08-04T15:30:33+03:00,1785846633,13973,54,3,33.1,50.4,,run
2026-08-04T15:30:39+03:00,1785846639,13979,54,3,33.1,43.6,,run
2026-08-04T15:30:44+03:00,1785846644,13984,54,3,33.1,44.2,,run
2026-08-04T15:30:49+03:00,1785846649,13989,54,3,33.1,43.2,,run
2026-08-04T15:30:54+03:00,1785846654,13994,54,3,33.1,42.9,,run
2026-08-04T15:30:59+03:00,1785846659,13999,54,3,33.1,45.1,,run
2026-08-04T15:31:05+03:00,1785846665,14005,54,3,33.1,45.1,,run
2026-08-04T15:31:10+03:00,1785846670,14010,54,3,33.1,43.9,,run
2026-08-04T15:31:15+03:00,1785846675,14015,54,3,33.1,43.2,,run
2026-08-04T15:31:20+03:00,1785846680,14020,54,3,33.1,43.9,,run
2026-08-04T15:31:26+03:00,1785846686,14026,54,3,33.1,42.0,,run
2026-08-04T15:31:31+03:00,1785846691,14031,54,3,33.1,42.3,,run
2026-08-04T15:31:36+03:00,1785846696,14036,54,3,33.1,44.8,,run
2026-08-04T15:31:41+03:00,1785846701,14041,54,3,33.1,46.3,,run
2026-08-04T15:31:46+03:00,1785846706,14046,54,3,33.1,55.9,,run
2026-08-04T15:31:52+03:00,1785846712,14052,54,3,33.1,47.0,,run
2026-08-04T15:31:57+03:00,1785846717,14057,54,3,33.1,43.6,,run
2026-08-04T15:32:03+03:00,1785846723,14063,54,3,33.1,41.7,,run
2026-08-04T15:32:08+03:00,1785846728,14068,54,3,33.1,42.6,,run
2026-08-04T15:32:13+03:00,1785846733,14073,54,3,33.1,43.2,,run
2026-08-04T15:32:18+03:00,1785846738,14078,54,3,33.1,42.0,,run
2026-08-04T15:32:23+03:00,1785846743,14083,54,3,33.1,42.6,,run
2026-08-04T15:32:29+03:00,1785846749,14089,54,3,33.1,47.9,,run
2026-08-04T15:32:34+03:00,1785846754,14094,54,3,33.1,46.7,,run
2026-08-04T15:32:39+03:00,1785846759,14099,54,3,33.1,44.8,,run
2026-08-04T15:32:45+03:00,1785846765,14105,54,3,33.1,44.8,,run
2026-08-04T15:32:50+03:00,1785846770,14110,54,3,33.1,42.6,,run
2026-08-04T15:32:55+03:00,1785846775,14115,54,3,33.1,46.3,,run
2026-08-04T15:33:00+03:00,1785846780,14120,54,3,33.1,50.1,,run
2026-08-04T15:33:05+03:00,1785846785,14125,54,3,33.1,47.6,,run
2026-08-04T15:33:11+03:00,1785846791,14131,54,3,33.1,43.9,,run
2026-08-04T15:33:16+03:00,1785846796,14136,54,3,33.1,42.9,,run
2026-08-04T15:33:21+03:00,1785846801,14141,54,3,33.1,44.2,,run
2026-08-04T15:33:26+03:00,1785846806,14146,54,3,33.1,42.3,,run
2026-08-04T15:33:32+03:00,1785846812,14152,54,3,33.1,44.5,,run
2026-08-04T15:33:37+03:00,1785846817,14157,54,3,33.1,42.9,,run
2026-08-04T15:33:42+03:00,1785846822,14162,54,3,33.1,43.2,,run
2026-08-04T15:33:47+03:00,1785846827,14167,54,3,33.1,54.7,,run
2026-08-04T15:33:53+03:00,1785846833,14173,54,3,33.1,51.0,,run
2026-08-04T15:33:58+03:00,1785846838,14178,54,3,33.1,44.2,,run
2026-08-04T15:34:03+03:00,1785846843,14183,54,3,33.1,42.6,,run
2026-08-04T15:34:09+03:00,1785846848,14188,54,3,33.1,45.7,,run
2026-08-04T15:34:14+03:00,1785846854,14194,54,3,33.1,48.5,,run
2026-08-04T15:34:19+03:00,1785846859,14199,54,3,33.1,45.1,,run
2026-08-04T15:34:24+03:00,1785846864,14204,54,3,33.1,45.4,,run
2026-08-04T15:34:29+03:00,1785846869,14209,54,3,33.1,44.5,,run
2026-08-04T15:34:35+03:00,1785846875,14215,54,3,33.1,43.2,,run
2026-08-04T15:34:40+03:00,1785846880,14220,54,3,33.1,42.0,,run
2026-08-04T15:34:45+03:00,1785846885,14225,54,3,33.1,42.0,,run
2026-08-04T15:34:50+03:00,1785846890,14230,54,3,33.1,43.2,,run
2026-08-04T15:34:56+03:00,1785846896,14236,54,3,33.1,43.6,,run
2026-08-04T15:35:01+03:00,1785846901,14241,54,3,33.1,42.6,,run
2026-08-04T15:35:06+03:00,1785846906,14246,54,3,33.1,48.2,,run
2026-08-04T15:35:11+03:00,1785846911,14251,54,3,33.1,45.1,,run
2026-08-04T15:35:16+03:00,1785846916,14256,54,3,33.1,42.9,,run
2026-08-04T15:35:22+03:00,1785846922,14262,54,3,33.1,45.4,,run
2026-08-04T15:35:27+03:00,1785846927,14267,54,3,33.1,52.5,,run
2026-08-04T15:35:32+03:00,1785846932,14272,54,3,33.1,43.6,,run
2026-08-04T15:35:38+03:00,1785846938,14278,54,3,33.1,44.2,,run
2026-08-04T15:35:43+03:00,1785846943,14283,54,3,33.1,44.2,,run
2026-08-04T15:35:48+03:00,1785846948,14288,54,3,33.1,43.6,,run
2026-08-04T15:35:53+03:00,1785846953,14293,54,3,33.1,45.1,,run
2026-08-04T15:35:59+03:00,1785846959,14299,54,3,33.1,45.1,,run
2026-08-04T15:36:04+03:00,1785846964,14304,54,3,33.1,43.9,,run
2026-08-04T15:36:09+03:00,1785846969,14309,54,3,33.1,46.3,,run
2026-08-04T15:36:14+03:00,1785846974,14314,54,3,33.1,49.1,,run
2026-08-04T15:36:20+03:00,1785846979,14319,54,3,33.1,45.4,,run
2026-08-04T15:36:25+03:00,1785846985,14325,54,3,33.1,44.2,,run
2026-08-04T15:36:30+03:00,1785846990,14330,54,3,33.1,45.1,,run
2026-08-04T15:36:35+03:00,1785846995,14335,54,3,33.1,44.5,,run
2026-08-04T15:36:40+03:00,1785847000,14340,54,3,33.1,45.1,,run
2026-08-04T15:36:46+03:00,1785847006,14346,54,3,33.1,46.7,,run
2026-08-04T15:36:51+03:00,1785847011,14351,54,3,33.1,44.8,,run
2026-08-04T15:36:56+03:00,1785847016,14356,54,3,33.1,44.5,,run
2026-08-04T15:37:01+03:00,1785847021,14361,54,3,33.1,47.0,,run
2026-08-04T15:37:07+03:00,1785847027,14367,54,3,33.1,43.6,,run
2026-08-04T15:37:12+03:00,1785847032,14372,54,3,33.1,45.1,,run
2026-08-04T15:37:17+03:00,1785847037,14377,54,3,33.1,46.3,,run
2026-08-04T15:37:22+03:00,1785847042,14382,54,3,33.1,46.7,,run
2026-08-04T15:37:27+03:00,1785847047,14387,54,3,33.1,53.1,,run
2026-08-04T15:37:33+03:00,1785847053,14393,54,3,33.1,45.7,,run
2026-08-04T15:37:38+03:00,1785847058,14398,54,3,33.3,44.5,,run
2026-08-04T15:37:44+03:00,1785847064,14404,54,3,33.3,42.3,,run
2026-08-04T15:37:49+03:00,1785847069,14409,54,3,33.3,42.6,,run
2026-08-04T15:37:54+03:00,1785847074,14414,54,3,33.3,42.0,,run
2026-08-04T15:37:59+03:00,1785847079,14419,54,3,33.3,46.0,,run
2026-08-04T15:38:04+03:00,1785847084,14424,54,3,33.3,45.7,,run
2026-08-04T15:38:10+03:00,1785847090,14430,54,3,33.3,45.1,,run
2026-08-04T15:38:15+03:00,1785847095,14435,54,3,33.3,52.2,,run
2026-08-04T15:38:20+03:00,1785847100,14440,54,3,33.3,46.0,,run
2026-08-04T15:38:25+03:00,1785847105,14445,54,3,33.3,43.9,,run
2026-08-04T15:38:31+03:00,1785847111,14451,54,3,33.3,43.6,,run
2026-08-04T15:38:36+03:00,1785847116,14456,54,3,33.3,42.9,,run
2026-08-04T15:38:41+03:00,1785847121,14461,54,3,33.3,43.6,,run
2026-08-04T15:38:46+03:00,1785847126,14466,54,3,33.3,45.7,,run
2026-08-04T15:38:51+03:00,1785847131,14471,54,3,33.3,43.2,,run
2026-08-04T15:38:57+03:00,1785847137,14477,54,3,33.3,42.6,,run
2026-08-04T15:39:02+03:00,1785847142,14482,54,3,33.3,43.2,,run
2026-08-04T15:39:07+03:00,1785847147,14487,54,3,33.3,43.2,,run
2026-08-04T15:39:12+03:00,1785847152,14492,54,3,33.3,44.2,,run
2026-08-04T15:39:18+03:00,1785847158,14498,54,3,33.3,47.3,,run
2026-08-04T15:39:23+03:00,1785847163,14503,54,3,33.3,47.0,,run
2026-08-04T15:39:28+03:00,1785847168,14508,53,3,33.2,54.1,,run
2026-08-04T15:39:34+03:00,1785847174,14514,53,3,33.2,44.5,,run
2026-08-04T15:39:39+03:00,1785847179,14519,53,3,33.2,43.6,,run
2026-08-04T15:39:44+03:00,1785847184,14524,53,3,33.2,42.3,,run
2026-08-04T15:39:49+03:00,1785847189,14529,53,3,33.2,42.3,,run
2026-08-04T15:39:54+03:00,1785847194,14534,53,3,33.2,42.0,,run
2026-08-04T15:40:00+03:00,1785847200,14540,53,3,33.2,41.4,,run
2026-08-04T15:40:05+03:00,1785847205,14545,53,3,33.2,45.7,,run
2026-08-04T15:40:10+03:00,1785847210,14550,53,3,33.2,47.6,,run
2026-08-04T15:40:15+03:00,1785847215,14555,53,3,33.2,48.5,,run
2026-08-04T15:40:21+03:00,1785847221,14561,53,3,33.2,45.4,,run
2026-08-04T15:40:26+03:00,1785847226,14566,53,3,33.2,44.5,,run
2026-08-04T15:40:31+03:00,1785847231,14571,53,3,33.2,43.9,,run
2026-08-04T15:40:36+03:00,1785847236,14576,53,3,33.2,43.2,,run
2026-08-04T15:40:42+03:00,1785847242,14582,53,3,33.2,43.6,,run
2026-08-04T15:40:47+03:00,1785847247,14587,53,3,33.2,42.9,,run
2026-08-04T15:40:52+03:00,1785847252,14592,53,3,33.2,44.2,,run
2026-08-04T15:40:57+03:00,1785847257,14597,53,3,33.2,43.9,,run
2026-08-04T15:41:02+03:00,1785847262,14602,53,3,33.2,43.2,,run
2026-08-04T15:41:08+03:00,1785847268,14608,53,3,33.2,42.6,,run
2026-08-04T15:41:13+03:00,1785847273,14613,53,3,33.2,42.6,,run
2026-08-04T15:41:18+03:00,1785847278,14618,53,3,33.2,43.2,,run
2026-08-04T15:41:23+03:00,1785847283,14623,53,3,33.2,50.1,,run
2026-08-04T15:41:29+03:00,1785847289,14629,53,3,33.2,54.7,,run
2026-08-04T15:41:34+03:00,1785847294,14634,53,3,33.2,45.1,,run
2026-08-04T15:41:40+03:00,1785847300,14640,53,3,33.2,43.2,,run
2026-08-04T15:41:45+03:00,1785847305,14645,53,3,33.2,42.6,,run
2026-08-04T15:41:50+03:00,1785847310,14650,53,3,33.2,47.9,,run
2026-08-04T15:41:55+03:00,1785847315,14655,53,3,33.2,44.5,,run
2026-08-04T15:42:01+03:00,1785847320,14660,53,3,33.2,42.9,,run
2026-08-04T15:42:06+03:00,1785847326,14666,53,3,33.2,42.9,,run
2026-08-04T15:42:11+03:00,1785847331,14671,53,3,33.2,44.5,,run
2026-08-04T15:42:16+03:00,1785847336,14676,53,3,33.2,49.1,,run
2026-08-04T15:42:21+03:00,1785847341,14681,53,3,33.2,44.8,,run
2026-08-04T15:42:27+03:00,1785847347,14687,53,3,33.2,43.2,,run
2026-08-04T15:42:32+03:00,1785847352,14692,53,3,33.2,44.8,,run
2026-08-04T15:42:37+03:00,1785847357,14697,53,3,33.2,43.2,,run
2026-08-04T15:42:42+03:00,1785847362,14702,53,3,33.2,42.9,,run
2026-08-04T15:42:48+03:00,1785847368,14708,53,3,33.2,42.9,,run
2026-08-04T15:42:53+03:00,1785847373,14713,53,3,33.2,42.3,,run
2026-08-04T15:42:58+03:00,1785847378,14718,53,3,33.2,42.9,,run
2026-08-04T15:43:03+03:00,1785847383,14723,53,3,33.2,43.9,,run
2026-08-04T15:43:08+03:00,1785847388,14728,53,3,33.2,49.4,,run
2026-08-04T15:43:14+03:00,1785847394,14734,53,3,33.2,47.6,,run
2026-08-04T15:43:19+03:00,1785847399,14739,53,3,33.2,43.6,,run
2026-08-04T15:43:24+03:00,1785847404,14744,53,3,33.2,44.8,,run
2026-08-04T15:43:29+03:00,1785847409,14749,53,3,33.2,52.5,,run
2026-08-04T15:43:35+03:00,1785847415,14755,53,3,33.2,47.0,,run
2026-08-04T15:43:40+03:00,1785847420,14760,53,3,33.2,45.4,,run
2026-08-04T15:43:45+03:00,1785847425,14765,53,3,33.2,44.2,,run
2026-08-04T15:43:51+03:00,1785847431,14771,53,3,33.2,45.4,,run
2026-08-04T15:43:56+03:00,1785847436,14776,53,3,33.2,46.0,,run
2026-08-04T15:44:01+03:00,1785847441,14781,53,3,33.2,43.2,,run
2026-08-04T15:44:06+03:00,1785847446,14786,53,3,33.2,43.9,,run
2026-08-04T15:44:12+03:00,1785847452,14792,53,3,33.2,44.8,,run
2026-08-04T15:44:17+03:00,1785847457,14797,53,3,33.2,51.6,,run
2026-08-04T15:44:22+03:00,1785847462,14802,53,3,33.2,43.6,,run
2026-08-04T15:44:27+03:00,1785847467,14807,53,3,33.2,46.0,,run
2026-08-04T15:44:33+03:00,1785847473,14813,53,3,33.2,44.8,,run
2026-08-04T15:44:38+03:00,1785847478,14818,53,3,33.2,44.2,,run
2026-08-04T15:44:43+03:00,1785847483,14823,53,3,33.2,42.6,,run
2026-08-04T15:44:48+03:00,1785847488,14828,53,3,33.2,43.2,,run
2026-08-04T15:44:53+03:00,1785847493,14833,53,3,33.2,44.5,,run
2026-08-04T15:44:59+03:00,1785847499,14839,53,3,33.2,44.2,,run
2026-08-04T15:45:04+03:00,1785847504,14844,53,3,33.2,44.2,,run
2026-08-04T15:45:09+03:00,1785847509,14849,53,3,33.2,46.0,,run
2026-08-04T15:45:14+03:00,1785847514,14854,53,3,33.2,47.0,,run
2026-08-04T15:45:20+03:00,1785847520,14860,53,3,33.2,47.3,,run
2026-08-04T15:45:25+03:00,1785847525,14865,53,3,33.2,44.5,,run
2026-08-04T15:45:30+03:00,1785847530,14870,53,3,33.2,52.5,,run
2026-08-04T15:45:36+03:00,1785847536,14876,53,3,33.2,44.8,,run
2026-08-04T15:45:41+03:00,1785847541,14881,53,3,33.2,46.0,,run
2026-08-04T15:45:46+03:00,1785847546,14886,53,3,33.2,42.0,,run
2026-08-04T15:45:51+03:00,1785847551,14891,53,3,33.2,42.0,,run
2026-08-04T15:45:57+03:00,1785847557,14897,53,3,33.2,44.2,,run
2026-08-04T15:46:02+03:00,1785847562,14902,53,3,33.2,44.8,,run
2026-08-04T15:46:07+03:00,1785847567,14907,53,3,33.2,42.6,,run
2026-08-04T15:46:12+03:00,1785847572,14912,53,3,33.2,44.5,,run
2026-08-04T15:46:18+03:00,1785847578,14918,53,3,33.2,51.9,,run
2026-08-04T15:46:23+03:00,1785847583,14923,53,3,33.2,45.4,,run
2026-08-04T15:46:28+03:00,1785847588,14928,53,3,33.2,45.7,,run
2026-08-04T15:46:33+03:00,1785847593,14933,53,3,33.2,47.0,,run
2026-08-04T15:46:38+03:00,1785847598,14938,53,3,33.2,44.2,,run
2026-08-04T15:46:44+03:00,1785847604,14944,53,3,33.2,43.6,,run
2026-08-04T15:46:49+03:00,1785847609,14949,53,3,33.2,43.2,,run
2026-08-04T15:46:54+03:00,1785847614,14954,53,3,33.2,42.9,,run
2026-08-04T15:46:59+03:00,1785847619,14959,53,3,33.2,42.9,,run
2026-08-04T15:47:05+03:00,1785847625,14965,53,3,33.2,44.8,,run
2026-08-04T15:47:10+03:00,1785847630,14970,53,3,33.2,42.6,,run
2026-08-04T15:47:15+03:00,1785847635,14975,53,3,33.2,42.6,,run
2026-08-04T15:47:20+03:00,1785847640,14980,53,3,33.2,43.2,,run
2026-08-04T15:47:25+03:00,1785847645,14985,53,3,33.2,43.2,,run
2026-08-04T15:47:31+03:00,1785847651,14991,53,3,33.2,51.6,,run
2026-08-04T15:47:36+03:00,1785847656,14996,53,3,33.2,46.0,,run
2026-08-04T15:47:41+03:00,1785847661,15001,53,3,33.2,43.2,,run
2026-08-04T15:47:47+03:00,1785847667,15007,53,3,33.2,41.7,,run
2026-08-04T15:47:52+03:00,1785847672,15012,53,3,33.2,41.7,,run
2026-08-04T15:47:57+03:00,1785847677,15017,53,3,33.2,42.0,,run
2026-08-04T15:48:02+03:00,1785847682,15022,53,3,33.2,42.6,,run
2026-08-04T15:48:07+03:00,1785847687,15027,53,3,33.2,42.3,,run
2026-08-04T15:48:13+03:00,1785847693,15033,53,3,33.2,43.2,,run
2026-08-04T15:48:18+03:00,1785847698,15038,53,3,33.2,51.0,,run
2026-08-04T15:48:23+03:00,1785847703,15043,53,3,33.2,43.9,,run
2026-08-04T15:48:28+03:00,1785847708,15048,53,3,33.2,42.9,,run
2026-08-04T15:48:34+03:00,1785847714,15054,53,3,33.2,45.7,,run
2026-08-04T15:48:39+03:00,1785847719,15059,53,3,33.2,43.2,,run
2026-08-04T15:48:44+03:00,1785847724,15064,53,3,33.2,43.9,,run
2026-08-04T15:48:49+03:00,1785847729,15069,53,3,33.2,42.6,,run
2026-08-04T15:48:55+03:00,1785847735,15075,53,3,33.2,42.9,,run
2026-08-04T15:49:00+03:00,1785847740,15080,53,3,33.2,42.9,,run
2026-08-04T15:49:05+03:00,1785847745,15085,53,3,33.2,43.6,,run
2026-08-04T15:49:10+03:00,1785847750,15090,53,3,33.2,42.3,,run
2026-08-04T15:49:15+03:00,1785847755,15095,53,3,33.2,41.7,,run
2026-08-04T15:49:21+03:00,1785847761,15101,53,3,33.2,41.7,,run
2026-08-04T15:49:26+03:00,1785847766,15106,53,3,33.2,41.7,,run
2026-08-04T15:49:31+03:00,1785847771,15111,53,3,33.2,48.8,,run
2026-08-04T15:49:36+03:00,1785847776,15116,53,3,33.2,43.6,,run
2026-08-04T15:49:42+03:00,1785847782,15122,53,3,33.2,42.9,,run
2026-08-04T15:49:47+03:00,1785847787,15127,53,3,33.2,42.0,,run
2026-08-04T15:49:52+03:00,1785847792,15132,53,3,33.2,42.0,,run
2026-08-04T15:49:57+03:00,1785847797,15137,53,3,33.2,41.1,,run
2026-08-04T15:50:02+03:00,1785847802,15142,53,3,33.2,42.6,,run
2026-08-04T15:50:08+03:00,1785847808,15148,53,3,33.2,42.3,,run
2026-08-04T15:50:13+03:00,1785847813,15153,53,3,33.2,41.7,,run
2026-08-04T15:50:18+03:00,1785847818,15158,53,3,33.2,53.1,,run
2026-08-04T15:50:23+03:00,1785847823,15163,53,3,33.2,49.7,,run
2026-08-04T15:50:29+03:00,1785847829,15169,53,3,33.2,43.9,,run
2026-08-04T15:50:34+03:00,1785847834,15174,53,3,33.2,43.2,,run
2026-08-04T15:50:39+03:00,1785847839,15179,53,3,33.2,43.9,,run
2026-08-04T15:50:44+03:00,1785847844,15184,53,3,33.2,43.2,,run
2026-08-04T15:50:49+03:00,1785847849,15189,53,3,33.2,48.2,,run
2026-08-04T15:50:55+03:00,1785847855,15195,53,3,33.2,44.5,,run
2026-08-04T15:51:00+03:00,1785847860,15200,53,3,33.2,42.6,,run
2026-08-04T15:51:05+03:00,1785847865,15205,53,3,33.2,42.6,,run
2026-08-04T15:51:10+03:00,1785847870,15210,53,3,33.2,46.7,,run
2026-08-04T15:51:16+03:00,1785847876,15216,52,3,33.0,44.2,,run
2026-08-04T15:51:21+03:00,1785847881,15221,52,3,33.0,43.2,,run
2026-08-04T15:51:26+03:00,1785847886,15226,52,3,33.0,42.9,,run
2026-08-04T15:51:31+03:00,1785847891,15231,52,3,33.0,44.5,,run
2026-08-04T15:51:36+03:00,1785847896,15236,52,3,33.0,45.4,,run
2026-08-04T15:51:42+03:00,1785847902,15242,52,3,33.0,43.6,,run
2026-08-04T15:51:47+03:00,1785847907,15247,52,3,33.0,42.9,,run
2026-08-04T15:51:52+03:00,1785847912,15252,52,3,33.0,41.1,,run
2026-08-04T15:51:57+03:00,1785847917,15257,52,3,33.0,42.0,,run
2026-08-04T15:52:03+03:00,1785847923,15263,52,3,33.0,45.7,,run
2026-08-04T15:52:08+03:00,1785847928,15268,52,3,33.0,43.2,,run
2026-08-04T15:52:13+03:00,1785847933,15273,52,3,33.0,42.6,,run
2026-08-04T15:52:18+03:00,1785847938,15278,52,3,33.0,53.8,,run
2026-08-04T15:52:24+03:00,1785847944,15284,52,3,33.0,45.1,,run
2026-08-04T15:52:29+03:00,1785847949,15289,52,3,33.0,45.7,,run
2026-08-04T15:52:34+03:00,1785847954,15294,52,3,33.0,45.4,,run
2026-08-04T15:52:39+03:00,1785847959,15299,52,3,33.0,47.3,,run
2026-08-04T15:52:44+03:00,1785847964,15304,52,3,33.0,47.3,,run
2026-08-04T15:52:50+03:00,1785847970,15310,52,3,33.0,46.3,,run
2026-08-04T15:52:55+03:00,1785847975,15315,52,3,33.0,44.2,,run
2026-08-04T15:53:00+03:00,1785847980,15320,52,3,33.0,48.5,,run
2026-08-04T15:53:05+03:00,1785847985,15325,52,3,33.0,47.9,,run
2026-08-04T15:53:11+03:00,1785847991,15331,52,3,33.0,46.0,,run
2026-08-04T15:53:16+03:00,1785847996,15336,52,3,33.0,43.6,,run
2026-08-04T15:53:21+03:00,1785848001,15341,52,3,33.0,44.5,,run
2026-08-04T15:53:26+03:00,1785848006,15346,52,3,33.0,43.2,,run
2026-08-04T15:53:31+03:00,1785848011,15351,52,3,33.0,46.3,,run
2026-08-04T15:53:37+03:00,1785848017,15357,52,3,33.0,46.3,,run
2026-08-04T15:53:42+03:00,1785848022,15362,52,3,33.0,43.9,,run
2026-08-04T15:53:47+03:00,1785848027,15367,52,3,33.0,46.7,,run
2026-08-04T15:53:52+03:00,1785848032,15372,52,3,33.0,43.9,,run
2026-08-04T15:53:58+03:00,1785848038,15378,52,3,33.0,42.6,,run
2026-08-04T15:54:03+03:00,1785848043,15383,52,3,33.0,42.3,,run
2026-08-04T15:54:08+03:00,1785848048,15388,52,3,33.0,42.9,,run
2026-08-04T15:54:13+03:00,1785848053,15393,52,3,33.0,43.9,,run
2026-08-04T15:54:18+03:00,1785848058,15398,52,3,33.0,54.4,,run
2026-08-04T15:54:24+03:00,1785848064,15404,52,3,33.0,44.2,,run
2026-08-04T15:54:29+03:00,1785848069,15409,52,3,33.0,44.8,,run
2026-08-04T15:54:34+03:00,1785848074,15414,52,3,33.0,44.8,,run
2026-08-04T15:54:39+03:00,1785848079,15419,52,3,33.0,44.5,,run
2026-08-04T15:54:45+03:00,1785848085,15425,52,3,33.0,43.6,,run
2026-08-04T15:54:50+03:00,1785848090,15430,52,3,33.0,44.2,,run
2026-08-04T15:54:55+03:00,1785848095,15435,52,3,33.0,43.6,,run
2026-08-04T15:55:00+03:00,1785848100,15440,52,3,33.0,43.6,,run
2026-08-04T15:55:05+03:00,1785848105,15445,52,3,33.0,49.7,,run
2026-08-04T15:55:11+03:00,1785848111,15451,52,3,33.0,47.6,,run
2026-08-04T15:55:16+03:00,1785848116,15456,52,3,33.0,48.5,,run
2026-08-04T15:55:21+03:00,1785848121,15461,52,3,33.0,44.5,,run
2026-08-04T15:55:26+03:00,1785848126,15466,52,3,33.0,42.9,,run
2026-08-04T15:55:32+03:00,1785848132,15472,52,3,33.0,44.8,,run
2026-08-04T15:55:37+03:00,1785848137,15477,52,3,33.0,46.0,,run
2026-08-04T15:55:42+03:00,1785848142,15482,52,3,33.0,43.6,,run
2026-08-04T15:55:47+03:00,1785848147,15487,52,3,33.0,43.9,,run
2026-08-04T15:55:52+03:00,1785848152,15492,52,3,33.0,44.2,,run
2026-08-04T15:55:58+03:00,1785848158,15498,52,3,33.0,55.6,,run
2026-08-04T15:56:03+03:00,1785848163,15503,52,3,33.0,45.4,,run
2026-08-04T15:56:09+03:00,1785848169,15509,52,3,33.0,47.0,,run
2026-08-04T15:56:14+03:00,1785848174,15514,52,3,33.0,45.4,,run
2026-08-04T15:56:19+03:00,1785848179,15519,52,3,33.0,43.9,,run
2026-08-04T15:56:24+03:00,1785848184,15524,52,3,33.0,43.2,,run
2026-08-04T15:56:29+03:00,1785848189,15529,52,3,33.0,43.6,,run
2026-08-04T15:56:35+03:00,1785848195,15535,52,3,33.0,43.9,,run
2026-08-04T15:56:40+03:00,1785848200,15540,52,3,33.0,46.3,,run
2026-08-04T15:56:45+03:00,1785848205,15545,52,3,33.0,43.6,,run
2026-08-04T15:56:50+03:00,1785848210,15550,52,3,33.0,43.6,,run
2026-08-04T15:56:55+03:00,1785848215,15555,52,3,33.0,42.3,,run
2026-08-04T15:57:01+03:00,1785848221,15561,52,3,33.0,42.3,,run
2026-08-04T15:57:06+03:00,1785848226,15566,52,3,33.0,44.2,,run
2026-08-04T15:57:11+03:00,1785848231,15571,52,3,33.0,48.5,,run
2026-08-04T15:57:16+03:00,1785848236,15576,52,3,33.0,56.5,,run
2026-08-04T15:57:22+03:00,1785848242,15582,52,3,33.0,50.4,,run
2026-08-04T15:57:27+03:00,1785848247,15587,52,3,33.0,44.5,,run
2026-08-04T15:57:32+03:00,1785848252,15592,52,3,33.0,43.2,,run
2026-08-04T15:57:37+03:00,1785848257,15597,52,3,33.0,42.6,,run
2026-08-04T15:57:43+03:00,1785848263,15603,52,3,33.2,48.5,,run
2026-08-04T15:57:48+03:00,1785848268,15608,52,3,33.2,45.1,,run
2026-08-04T15:57:53+03:00,1785848273,15613,52,3,33.2,42.9,,run
2026-08-04T15:57:58+03:00,1785848278,15618,52,3,33.2,52.2,,run
2026-08-04T15:58:04+03:00,1785848284,15624,52,3,33.2,45.1,,run
2026-08-04T15:58:09+03:00,1785848289,15629,52,3,33.2,43.6,,run
2026-08-04T15:58:14+03:00,1785848294,15634,52,3,33.2,44.8,,run
2026-08-04T15:58:20+03:00,1785848300,15640,52,3,33.2,43.9,,run
2026-08-04T15:58:25+03:00,1785848305,15645,52,3,33.2,42.9,,run
2026-08-04T15:58:30+03:00,1785848310,15650,52,3,33.2,43.6,,run
2026-08-04T15:58:35+03:00,1785848315,15655,52,3,33.2,43.2,,run
2026-08-04T15:58:41+03:00,1785848321,15661,52,3,33.2,42.6,,run
2026-08-04T15:58:46+03:00,1785848326,15666,52,3,33.2,44.5,,run
2026-08-04T15:58:51+03:00,1785848331,15671,52,3,33.2,42.9,,run
2026-08-04T15:58:56+03:00,1785848336,15676,52,3,33.2,44.2,,run
2026-08-04T15:59:01+03:00,1785848341,15681,52,3,33.2,47.3,,run
2026-08-04T15:59:07+03:00,1785848347,15687,52,3,33.2,45.4,,run
2026-08-04T15:59:12+03:00,1785848352,15692,52,3,33.2,42.6,,run
2026-08-04T15:59:17+03:00,1785848357,15697,52,3,33.2,53.1,,run
2026-08-04T15:59:22+03:00,1785848362,15702,52,3,33.2,48.5,,run
2026-08-04T15:59:28+03:00,1785848368,15708,52,3,33.2,42.0,,run
2026-08-04T15:59:33+03:00,1785848373,15713,52,3,33.2,42.3,,run
2026-08-04T15:59:38+03:00,1785848378,15718,52,3,33.2,45.1,,run
2026-08-04T15:59:43+03:00,1785848383,15723,52,3,33.2,48.8,,run
2026-08-04T15:59:49+03:00,1785848389,15729,52,3,33.2,46.3,,run
2026-08-04T15:59:54+03:00,1785848394,15734,52,3,33.2,47.9,,run
2026-08-04T15:59:59+03:00,1785848399,15739,52,3,33.2,47.3,,run
2026-08-04T16:00:04+03:00,1785848404,15744,52,3,33.2,43.2,,run
2026-08-04T16:00:10+03:00,1785848410,15750,52,3,33.2,43.2,,run
2026-08-04T16:00:15+03:00,1785848415,15755,52,3,33.2,44.5,,run
2026-08-04T16:00:20+03:00,1785848420,15760,52,3,33.2,44.2,,run
2026-08-04T16:00:25+03:00,1785848425,15765,52,3,33.2,43.2,,run
2026-08-04T16:00:30+03:00,1785848430,15770,52,3,33.2,42.6,,run
2026-08-04T16:00:36+03:00,1785848436,15776,52,3,33.2,46.0,,run
2026-08-04T16:00:41+03:00,1785848441,15781,52,3,33.2,42.9,,run
2026-08-04T16:00:46+03:00,1785848446,15786,52,3,33.2,44.5,,run
2026-08-04T16:00:51+03:00,1785848451,15791,51,3,33.2,43.6,,run
2026-08-04T16:00:57+03:00,1785848457,15797,51,3,33.2,55.3,,run
2026-08-04T16:01:02+03:00,1785848462,15802,51,3,33.2,44.2,,run
2026-08-04T16:01:07+03:00,1785848467,15807,51,3,33.2,43.6,,run
2026-08-04T16:01:12+03:00,1785848472,15812,51,3,33.2,42.3,,run
2026-08-04T16:01:18+03:00,1785848478,15818,51,3,33.2,41.1,,run
2026-08-04T16:01:23+03:00,1785848483,15823,51,3,33.2,41.4,,run
2026-08-04T16:01:28+03:00,1785848488,15828,51,3,33.2,42.3,,run
2026-08-04T16:01:33+03:00,1785848493,15833,51,3,33.2,42.0,,run
2026-08-04T16:01:39+03:00,1785848499,15839,51,3,33.2,45.1,,run
2026-08-04T16:01:44+03:00,1785848504,15844,51,3,33.2,49.1,,run
2026-08-04T16:01:49+03:00,1785848509,15849,51,3,33.2,43.6,,run
2026-08-04T16:01:54+03:00,1785848514,15854,51,3,33.2,43.9,,run
2026-08-04T16:02:00+03:00,1785848520,15860,51,3,33.2,43.6,,run
2026-08-04T16:02:05+03:00,1785848525,15865,51,3,33.2,42.9,,run
2026-08-04T16:02:10+03:00,1785848530,15870,51,3,33.2,42.3,,run
2026-08-04T16:02:15+03:00,1785848535,15875,51,3,33.2,44.5,,run
2026-08-04T16:02:20+03:00,1785848540,15880,51,3,33.2,43.2,,run
2026-08-04T16:02:26+03:00,1785848546,15886,51,3,33.2,42.6,,run
2026-08-04T16:02:31+03:00,1785848551,15891,51,3,33.2,42.3,,run
2026-08-04T16:02:36+03:00,1785848556,15896,51,3,33.2,42.0,,run
2026-08-04T16:02:41+03:00,1785848561,15901,51,3,33.2,43.2,,run
2026-08-04T16:02:47+03:00,1785848567,15907,51,3,33.2,44.8,,run
2026-08-04T16:02:52+03:00,1785848572,15912,51,3,33.2,43.2,,run
2026-08-04T16:02:57+03:00,1785848577,15917,51,3,33.2,51.3,,run
2026-08-04T16:03:03+03:00,1785848583,15923,51,3,33.2,43.6,,run
2026-08-04T16:03:08+03:00,1785848588,15928,51,3,33.2,42.6,,run
2026-08-04T16:03:13+03:00,1785848593,15933,51,3,33.2,41.4,,run
2026-08-04T16:03:18+03:00,1785848598,15938,51,3,33.2,42.3,,run
2026-08-04T16:03:23+03:00,1785848603,15943,51,3,33.2,40.5,,run
2026-08-04T16:03:29+03:00,1785848609,15949,51,3,33.2,41.4,,run
2026-08-04T16:03:34+03:00,1785848614,15954,51,3,33.2,42.3,,run
2026-08-04T16:03:39+03:00,1785848619,15959,51,3,33.2,43.6,,run
2026-08-04T16:03:44+03:00,1785848624,15964,51,3,33.2,47.3,,run
2026-08-04T16:03:50+03:00,1785848630,15970,51,3,33.2,45.4,,run
2026-08-04T16:03:55+03:00,1785848635,15975,51,3,33.2,43.9,,run
2026-08-04T16:04:00+03:00,1785848640,15980,51,3,33.2,42.9,,run
2026-08-04T16:04:05+03:00,1785848645,15985,51,3,33.2,45.1,,run
2026-08-04T16:04:10+03:00,1785848650,15990,51,3,33.2,45.1,,run
2026-08-04T16:04:16+03:00,1785848656,15996,51,3,33.2,43.2,,run
2026-08-04T16:04:21+03:00,1785848661,16001,51,3,33.2,46.7,,run
2026-08-04T16:04:26+03:00,1785848666,16006,51,3,33.2,43.9,,run
2026-08-04T16:04:31+03:00,1785848671,16011,51,3,33.2,42.6,,run
2026-08-04T16:04:37+03:00,1785848677,16017,51,3,33.2,43.6,,run
2026-08-04T16:04:42+03:00,1785848682,16022,51,3,33.2,44.8,,run
2026-08-04T16:04:47+03:00,1785848687,16027,51,3,33.2,44.5,,run
2026-08-04T16:04:52+03:00,1785848692,16032,51,3,33.2,45.4,,run
2026-08-04T16:04:57+03:00,1785848697,16037,51,3,33.2,51.6,,run
2026-08-04T16:05:03+03:00,1785848703,16043,51,3,33.2,45.4,,run
2026-08-04T16:05:08+03:00,1785848708,16048,51,3,33.2,43.9,,run
2026-08-04T16:05:14+03:00,1785848714,16054,51,3,33.2,42.9,,run
2026-08-04T16:05:19+03:00,1785848719,16059,51,3,33.2,42.0,,run
2026-08-04T16:05:24+03:00,1785848724,16064,51,3,33.2,52.5,,run
2026-08-04T16:05:29+03:00,1785848729,16069,51,3,33.2,44.5,,run
2026-08-04T16:05:34+03:00,1785848734,16074,51,3,33.2,43.2,,run
2026-08-04T16:05:40+03:00,1785848740,16080,51,3,33.2,43.2,,run
2026-08-04T16:05:45+03:00,1785848745,16085,51,3,33.2,43.9,,run
2026-08-04T16:05:50+03:00,1785848750,16090,51,3,33.2,44.2,,run
2026-08-04T16:05:55+03:00,1785848755,16095,51,3,33.2,45.7,,run
2026-08-04T16:06:01+03:00,1785848761,16101,51,3,33.2,43.9,,run
2026-08-04T16:06:06+03:00,1785848766,16106,51,3,33.2,43.2,,run
2026-08-04T16:06:11+03:00,1785848771,16111,51,3,33.2,43.9,,run
2026-08-04T16:06:16+03:00,1785848776,16116,51,3,33.2,43.6,,run
2026-08-04T16:06:21+03:00,1785848781,16121,51,3,33.2,44.8,,run
2026-08-04T16:06:27+03:00,1785848787,16127,51,3,33.2,43.2,,run
2026-08-04T16:06:32+03:00,1785848792,16132,51,3,33.2,43.2,,run
2026-08-04T16:06:37+03:00,1785848797,16137,51,3,33.2,46.7,,run
2026-08-04T16:06:42+03:00,1785848802,16142,51,3,33.2,47.9,,run
2026-08-04T16:06:48+03:00,1785848808,16148,51,3,33.2,44.8,,run
2026-08-04T16:06:53+03:00,1785848813,16153,51,3,33.2,42.3,,run
2026-08-04T16:06:58+03:00,1785848818,16158,51,3,33.2,42.6,,run
2026-08-04T16:07:03+03:00,1785848823,16163,51,3,33.2,41.4,,run
2026-08-04T16:07:08+03:00,1785848828,16168,51,3,33.2,43.6,,run
2026-08-04T16:07:14+03:00,1785848834,16174,51,3,33.2,43.9,,run
2026-08-04T16:07:19+03:00,1785848839,16179,51,3,33.2,43.6,,run
2026-08-04T16:07:24+03:00,1785848844,16184,51,3,33.2,54.1,,run
2026-08-04T16:07:29+03:00,1785848849,16189,51,3,33.2,44.2,,run
2026-08-04T16:07:35+03:00,1785848855,16195,51,3,33.2,42.6,,run
2026-08-04T16:07:40+03:00,1785848860,16200,51,3,33.1,42.3,,run
2026-08-04T16:07:45+03:00,1785848865,16205,51,3,33.1,44.8,,run
2026-08-04T16:07:50+03:00,1785848870,16210,51,3,33.1,44.2,,run
2026-08-04T16:07:55+03:00,1785848875,16215,51,3,33.1,42.9,,run
2026-08-04T16:08:01+03:00,1785848881,16221,51,3,33.1,48.5,,run
2026-08-04T16:08:06+03:00,1785848886,16226,51,3,33.1,47.0,,run
2026-08-04T16:08:11+03:00,1785848891,16231,51,3,33.1,43.2,,run
2026-08-04T16:08:16+03:00,1785848896,16236,51,3,33.1,42.6,,run
2026-08-04T16:08:22+03:00,1785848902,16242,51,3,33.1,44.8,,run
2026-08-04T16:08:27+03:00,1785848907,16247,51,3,33.1,42.9,,run
2026-08-04T16:08:32+03:00,1785848912,16252,51,3,33.1,43.6,,run
2026-08-04T16:08:37+03:00,1785848917,16257,51,3,33.1,46.7,,run
2026-08-04T16:08:42+03:00,1785848922,16262,51,3,33.1,44.8,,run
2026-08-04T16:08:48+03:00,1785848928,16268,51,3,33.1,45.4,,end
