# sample_id=26/mutation_5 exec_index=14 ok=False perf_lines=30 vm_events=30 battery_pct=54 soc_temp_millic=43200 battery_temp_c=31.3 charging=False preflight_started=2026-08-04T05:32:41.471029+00:00 started=2026-08-04T05:32:43.824234+00:00 ts=2026-08-04T05:34:43.250252+00:00
[spm]: Running flutter analyze...
Analyzing lib...                                                

   info • 'onReorder' is deprecated and shouldn't be used. Use the onReorderItem callback instead. The onReorderItem callback adjusts the newIndex parameter for a removed item at the oldIndex. This feature was deprecated after v3.41.0-0.0.pre. Try replacing the use of the deprecated member with the replacement • lib/generated_widget.dart:106:7 • deprecated_member_use

[spm]: Injecting profiler code...
[spm]: Starting app...
Running Gradle task 'assembleProfile'...                        
Running Gradle task 'assembleProfile'...                           21.8s
✓ Built build/app/outputs/flutter-apk/app-profile.apk (61.8MB)
Installing build/app/outputs/flutter-apk/app-profile.apk...      1,927ms
D/IS_CTS_MODE(29776): true
D/MULTI_WINDOW_SWITCH_ENABLED(29776): false
D/IS_CTS_MODE(29776): true
D/MULTI_WINDOW_SWITCH_ENABLED(29776): false
D/DecorView[](29776): getWindowModeFromSystem  windowmode is 1
D/DecorView[](29776): getWindowModeFromSystem  windowmode is 1
D/DecorView[](29776): updateDecorCaptionStatus displayWindowDecor is false
W/Looper  (29776): PerfMonitor looperActivity : package=com.example.benchmark_container/.MainActivity time=385ms latency=349ms running=0ms  procState=-1  historyMsgCount=3 (msgIndex=1 wall=385ms seq=4 late=349ms h=android.app.ActivityThread$H w=159) (msgIndex=2 wall=385ms seq=4 late=349ms h=android.app.ActivityThread$H w=159) (msgIndex=3 wall=354ms seq=3 h=android.app.ActivityThread$H w=110)
W/Looper  (29776): PerfMonitor looperActivity : package=com.example.benchmark_container/.MainActivity time=0ms latency=737ms running=0ms  procState=-1  historyMsgCount=4 (msgIndex=1 wall=385ms seq=4 late=1ms h=android.app.ActivityThread$H w=159) (msgIndex=2 wall=385ms seq=4 late=1ms h=android.app.ActivityThread$H w=159) (msgIndex=3 wall=354ms seq=3 h=android.app.ActivityThread$H w=110) (msgIndex=4 wall=385ms seq=4 late=1ms h=android.app.ActivityThread$H w=159)
D/SurfaceView(29776): UPDATE null, mIsCastMode = false
D/hw-ProcessState(29776): Binder ioctl to enable oneway spam detection failed: Invalid argument
W/Looper  (29776): PerfMonitor longMsg : seq=8 plan=08:33:21.251 late=392ms wall=1697ms running=0ms h=android.view.Choreographer$FrameHandler c=android.view.Choreographer$FrameDisplayEventReceiver procState=-1
W/Looper  (29776): PerfMonitor doFrame : time=1697ms vsyncFrame=0 latency=392ms procState=-1 historyMsgCount=7 (msgIndex=1 wall=1697ms seq=8 late=392ms h=android.view.Choreographer$FrameHandler c=android.view.Choreographer$FrameDisplayEventReceiver) (msgIndex=2 wall=1697ms seq=8 late=392ms h=android.view.Choreographer$FrameHandler c=android.view.Choreographer$FrameDisplayEventReceiver) (msgIndex=3 wall=354ms seq=3 h=android.app.ActivityThread$H w=110) (msgIndex=4 wall=1697ms seq=8 late=392ms h=android.view.Choreographer$FrameHandler c=android.view.Choreographer$FrameDisplayEventReceiver)
I/Choreographer(29776): Skipped 96 frames!  The application may be doing too much work on its main thread.
D/SurfaceView(29776): UPDATE Surface(name=SurfaceView[com.example.benchmark_container/com.example.benchmark_container.MainActivity])/@0xf40fc89, mIsProjectionMode = false
W/Looper  (29776): PerfMonitor doFrame : time=2ms vsyncFrame=0 latency=1616ms procState=-1 historyMsgCount=4
[spm]: Connected to Dart VM service.
I/flutter (29776): 00:00 +0: Performance Benchmark
E/hmark_containe(29776): open libmigui.so failed! dlopen - dlopen failed: library "libmigui.so" not found
D/hmark_containe(29776): MiuiProcessManagerServiceStub setSchedFifo
I/MiuiProcessManagerImpl(29776): setSchedFifo pid:29776, mode:3
D/DecorView[](29776): onWindowFocusChanged hasWindowFocus true
D/DecorView[](29776): getWindowModeFromSystem  windowmode is 1
D/DecorView[](29776): updateDecorCaptionStatus displayWindowDecor is false
D/ProfileInstaller(29776): Installing profile for com.example.benchmark_container
I/flutter (29776): setState 698a51a
I/flutter (29776): Null check operator used on a null value
I/flutter (29776): #0      _ReorderableListViewState._itemBuilder (package:flutter/src/material/reorderable_list.dart:380)
I/flutter (29776): #1      SliverReorderableListState._itemBuilder (package:flutter/src/widgets/reorderable_list.dart:1146)
I/flutter (29776): #2      SliverChildBuilderDelegate.build (package:flutter/src/widgets/scroll_delegate.dart:552)
I/flutter (29776): #3      SliverMultiBoxAdaptorElement._build (package:flutter/src/widgets/sliver.dart:1055)
I/flutter (29776): #4      SliverMultiBoxAdaptorElement.createChild.<anonymous closure> (package:flutter/src/widgets/sliver.dart:1071)
I/flutter (29776): #5      BuildOwner.buildScope (package:flutter/src/widgets/framework.dart:3101)
I/flutter (29776): #6      SliverMultiBoxAdaptorElement.createChild (package:flutter/src/widgets/sliver.dart:1061)
I/flutter (29776): #7      RenderSliverMultiBoxAdaptor._createOrObtainChild.<anonymous closure> (package:flutter/src/rendering/sliver_multi_box_adaptor.dart:368)
I/flutter (29776): #8      RenderObject.invokeLayoutCallback.<anonymous closure> (package:flutter/src/rendering/object.dart:3026)
I/flutter (29776): #9      PipelineOwner._enableMutationsToDirtySubtrees (package:flutter/src/rendering/object.dart:1223)
I/flutter (29776): #10     RenderObject.invokeLayoutCallback (package:flutter/src/rendering/object.dart:3025)
I/flutter (29776): #11     RenderSliverMultiBoxAdaptor._createOrObtainChild (package:flutter/src/rendering/sliver_multi_box_adaptor.dart:357)
I/flutter (29776): #12     RenderSliverMultiBoxAdaptor.addInitialChild (package:flutter/src/rendering/sliver_multi_box_adaptor.dart:455)
I/flutter (29776): #13     RenderSliverList.performLayout (package:flutter/src/rendering/sliver_list.dart:79)
I/flutter (29776): #14     RenderObject.layout (package:flutter/src/rendering/object.dart:2907)
I/flutter (29776): #15     RenderSliverEdgeInsetsPadding.performLayout (package:flutter/src/rendering/sliver_padding.dart:133)
I/flutter (29776): #16     RenderSliverPadding.performLayout (package:flutter/src/rendering/sliver_padding.dart:368)
I/flutter (29776): #17     RenderObject.layout (package:flutter/src/rendering/object.dart:2907)
I/flutter (29776): #18     RenderViewportBase.layoutChildSequence (package:flutter/src/rendering/viewport.dart:821)
I/flutter (29776): #19     RenderViewport._attemptLayout (package:flutter/src/rendering/viewport.dart:1831)
I/flutter (29776): #20     RenderViewport.performLayout (package:flutter/src/rendering/viewport.dart:1724)
I/flutter (29776): #21     RenderObject.layout (package:flutter/src/rendering/object.dart:2907)
I/flutter (29776): #22     RenderProxyBoxMixin.performLayout (package:flutter/src/rendering/proxy_box.dart:118)
I/flutter (29776): #23     RenderObject.layout (package:flutter/src/rendering/object.dart:2907)
I/flutter (29776): #24     RenderProxyBoxMixin.performLayout (package:flutter/src/rendering/proxy_box.dart:118)
I/flutter (29776): #25     RenderObject.layout (package:flutter/src/rendering/object.dart:2907)
I/flutter (29776): #26     RenderProxyBoxMixin.performLayout (package:flutter/src/rendering/proxy_box.dart:118)
I/flutter (29776): #27     RenderObject.layout (package:flutter/src/rendering/object.dart:2907)
I/flutter (29776): #28     RenderProxyBoxMixin.performLayout (package:flutter/src/rendering/proxy_box.dart:118)
I/flutter (29776): #29     RenderObject.layout (package:flutter/src/rendering/object.dart:2907)
I/flutter (29776): #30     RenderProxyBoxMixin.performLayout (package:flutter/src/rendering/proxy_box.dart:118)
I/flutter (29776): #31     RenderObject.layout (package:flutter/src/rendering/object.dart:2907)
I/flutter (29776): #32     RenderProxyBoxMixin.performLayout (package:flutter/src/rendering/proxy_box.dart:118)
I/flutter (29776): #33     RenderObject.layout (package:flutter/src/rendering/object.dart:2907)
I/flutter (29776): #34     RenderProxyBoxMixin.performLayout (package:flutter/src/rendering/proxy_box.dart:118)
I/flutter (29776): #35     RenderCustomPaint.performLayout (package:flutter/src/rendering/custom_paint.dart:574)
I/flutter (29776): #36     RenderObject.layout (package:flutter/src/rendering/object.dart:2907)
I/flutter (29776): #37     RenderProxyBoxMixin.performLayout (package:flutter/src/rendering/proxy_box.dart:118)
I/flutter (29776): #38     RenderObject.layout (package:flutter/src/rendering/object.dart:2907)
I/flutter (29776): #39     RenderProxyBoxMixin.performLayout (package:flutter/src/rendering/proxy_box.dart:118)
I/flutter (29776): #40     _RenderCustomClip.performLayout (package:flutter/src/rendering/proxy_box.dart:1549)
I/flutter (29776): #41     RenderObject.layout (package:flutter/src/rendering/object.dart:2907)
I/flutter (29776): #42     MultiChildLayoutDelegate.layoutChild (package:flutter/src/rendering/custom_layout.dart:180)
I/flutter (29776): #43     _ScaffoldLayout.performLayout (package:flutter/src/material/scaffold.dart:1113)
I/flutter (29776): #44     MultiChildLayoutDelegate._callPerformLayout (package:flutter/src/rendering/custom_layout.dart:246)
I/flutter (29776): #45     RenderCustomMultiChildLayoutBox.performLayout (package:flutter/src/rendering/custom_layout.dart:417)
I/flutter (29776): #46     RenderObject.layout (package:flutter/src/rendering/object.dart:2907)
I/flutter (29776): #47     RenderProxyBoxMixin.performLayout (package:flutter/src/rendering/proxy_box.dart:118)
I/flutter (29776): #48     RenderObject.layout (package:flutter/src/rendering/object.dart:2907)
I/flutter (29776): #49     RenderProxyBoxMixin.performLayout (package:flutter/src/rendering/proxy_box.dart:118)
I/flutter (29776): #50     _RenderCustomClip.performLayout (package:flutter/src/rendering/proxy_box.dart:1549)
I/flutter (29776): #51     RenderObject.layout (package:flutter/src/rendering/object.dart:2907)
I/flutter (29776): #52     RenderProxyBoxMixin.performLayout (package:flutter/src/rendering/proxy_box.dart:118)
I/flutter (29776): #53     RenderObject.layout (package:flutter/src/rendering/object.dart:2907)
I/flutter (29776): #54     RenderProxyBoxMixin.performLayout (package:flutter/src/rendering/proxy_box.dart:118)
I/flutter (29776): #55     RenderObject.layout (package:flutter/src/rendering/object.dart:2907)
I/flutter (29776): #56     RenderProxyBoxMixin.performLayout (package:flutter/src/rendering/proxy_box.dart:118)
I/flutter (29776): #57     RenderObject.layout (package:flutter/src/rendering/object.dart:2907)
I/flutter (29776): #58     RenderProxyBoxMixin.performLayout (package:flutter/src/rendering/proxy_box.dart:118)
I/flutter (29776): #59     RenderObject.layout (package:flutter/src/rendering/object.dart:2907)
I/flutter (29776): #60     RenderProxyBoxMixin.performLayout (package:flutter/src/rendering/proxy_box.dart:118)
I/flutter (29776): #61     RenderObject.layout (package:flutter/src/rendering/object.dart:2907)
I/flutter (29776): #62     RenderProxyBoxMixin.performLayout (package:flutter/src/rendering/proxy_box.dart:118)
I/flutter (29776): #63     RenderObject.layout (package:flutter/src/rendering/object.dart:2907)
I/flutter (29776): #64     RenderProxyBoxMixin.performLayout (package:flutter/src/rendering/proxy_box.dart:118)
I/flutter (29776): #65     RenderObject.layout (package:flutter/src/rendering/object.dart:2907)
I/flutter (29776): #66     RenderProxyBoxMixin.performLayout (package:flutter/src/rendering/proxy_box.dart:118)
I/flutter (29776): #67     RenderObject.layout (package:flutter/src/rendering/object.dart:2907)
I/flutter (29776): #68     RenderProxyBoxMixin.performLayout (package:flutter/src/rendering/proxy_box.dart:118)
I/flutter (29776): #69     RenderObject.layout (package:flutter/src/rendering/object.dart:2907)
I/flutter (29776): #70     RenderProxyBoxMixin.performLayout (package:flutter/src/rendering/proxy_box.dart:118)
I/flutter (29776): #71     RenderObject.layout (package:flutter/src/rendering/object.dart:2907)
I/flutter (29776): #72     RenderProxyBoxMixin.performLayout (package:flutter/src/rendering/proxy_box.dart:118)
I/flutter (29776): #73     RenderObject.layout (package:flutter/src/rendering/object.dart:2907)
I/flutter (29776): #74     RenderProxyBoxMixin.performLayout (package:flutter/src/rendering/proxy_box.dart:118)
I/flutter (29776): #75     RenderObject.layout (package:flutter/src/rendering/object.dart:2907)
I/flutter (29776): #76     RenderProxyBoxMixin.performLayout (package:flutter/src/rendering/proxy_box.dart:118)
I/flutter (29776): #77     RenderObject.layout (package:flutter/src/rendering/object.dart:2907)
I/flutter (29776): #78     RenderProxyBoxMixin.performLayout (package:flutter/src/rendering/proxy_box.dart:118)
I/flutter (29776): #79     RenderObject.layout (package:flutter/src/rendering/object.dart:2907)
I/flutter (29776): #80     RenderProxyBoxMixin.performLayout (package:flutter/src/rendering/proxy_box.dart:118)
I/flutter (29776): #81     RenderObject.layout (package:flutter/src/rendering/object.dart:2907)
I/flutter (29776): #82     RenderProxyBoxMixin.performLayout (package:flutter/src/rendering/proxy_box.dart:118)
I/flutter (29776): #83     RenderOffstage.performLayout (package:flutter/src/rendering/proxy_box.dart:3923)
I/flutter (29776): #84     RenderObject.layout (package:flutter/src/rendering/object.dart:2907)
I/flutter (29776): #85     RenderProxyBoxMixin.performLayout (package:flutter/src/rendering/proxy_box.dart:118)
I/flutter (29776): #86     RenderObject.layout (package:flutter/src/rendering/object.dart:2907)
I/flutter (29776): #87     _RenderTheaterMixin.layoutChild (package:flutter/src/widgets/overlay.dart:1124)
I/flutter (29776): #88     _RenderTheater.performLayout (package:flutter/src/widgets/overlay.dart:1481)
I/flutter (29776): #89     RenderObject.layout (package:flutter/src/rendering/object.dart:2907)
I/flutter (29776): #90     RenderProxyBoxMixin.performLayout (package:flutter/src/rendering/proxy_box.dart:118)
I/flutter (29776): #91     RenderObject.layout (package:flutter/src/rendering/object.dart:2907)
I/flutter (29776): #92     RenderProxyBoxMixin.performLayout (package:flutter/src/rendering/proxy_box.dart:118)
I/flutter (29776): #93     RenderObject.layout (package:flutter/src/rendering/object.dart:2907)
I/flutter (29776): #94     RenderProxyBoxMixin.performLayout (package:flutter/src/rendering/proxy_box.dart:118)
I/flutter (29776): #95     RenderObject.layout (package:flutter/src/rendering/object.dart:2907)
I/flutter (29776): #96     RenderProxyBoxMixin.performLayout (package:flutter/src/rendering/proxy_box.dart:118)
I/flutter (29776): #97     RenderObject.layout (package:flutter/src/rendering/object.dart:2907)
I/flutter (29776): #98     RenderProxyBoxMixin.performLayout (package:flutter/src/rendering/proxy_box.dart:118)
I/flutter (29776): #99     RenderObject.layout (package:flutter/src/rendering/object.dart:2907)
I/flutter (29776): Null check operator used on a null value
I/flutter (29776): #0      _ReorderableListViewState._itemBuilder (package:flutter/src/material/reorderable_list.dart:380)
I/flutter (29776): #1      SliverReorderableListState._itemBuilder (package:flutter/src/widgets/reorderable_list.dart:1146)
I/flutter (29776): #2      SliverChildBuilderDelegate.build (package:flutter/src/widgets/scroll_delegate.dart:552)
I/flutter (29776): #3      SliverMultiBoxAdaptorElement._build (package:flutter/src/widgets/sliver.dart:1055)
I/flutter (29776): #4      SliverMultiBoxAdaptorElement.performRebuild.processElement (package:flutter/src/widgets/sliver.dart:981)
I/flutter (29776): #5      Iterable.forEach (dart:core/iterable.dart:366)
I/flutter (29776): #6      SliverMultiBoxAdaptorElement.performRebuild (package:flutter/src/widgets/sliver.dart:1032)
I/flutter (29776): #7      SliverMultiBoxAdaptorElement.update (package:flutter/src/widgets/sliver.dart:955)
I/flutter (29776): #8      Element.updateChild (package:flutter/src/widgets/framework.dart:4037)
I/flutter (29776): #9      ComponentElement.performRebuild (package:flutter/src/widgets/framework.dart:5841)
I/flutter (29776): #10     StatefulElement.performRebuild (package:flutter/src/widgets/framework.dart:5982)
I/flutter (29776): #11     Element.rebuild (package:flutter/src/widgets/framework.dart:5529)
I/flutter (29776): #12     StatefulElement.update (package:flutter/src/widgets/framework.dart:6007)
I/flutter (29776): #13     Element.updateChild (package:flutter/src/widgets/framework.dart:4037)
I/flutter (29776): #14     SingleChildRenderObjectElement.update (package:flutter/src/widgets/framework.dart:7122)
I/flutter (29776): #15     Element.updateChild (package:flutter/src/widgets/framework.dart:4037)
I/flutter (29776): #16     Element.updateChildren (package:flutter/src/widgets/framework.dart:4191)
I/flutter (29776): #17     MultiChildRenderObjectElement.update (package:flutter/src/widgets/framework.dart:7295)
I/flutter (29776): #18     _ViewportElement.update (package:flutter/src/widgets/viewport.dart:293)
I/flutter (29776): #19     Element.updateChild (package:flutter/src/widgets/framework.dart:4037)
I/flutter (29776): #20     SingleChildRenderObjectElement.update (package:flutter/src/widgets/framework.dart:7122)
I/flutter (29776): #21     Element.updateChild (package:flutter/src/widgets/framework.dart:4037)
I/flutter (29776): #22     SingleChildRenderObjectElement.update (package:flutter/src/widgets/framework.dart:7122)
I/flutter (29776): #23     Element.updateChild (package:flutter/src/widgets/framework.dart:4037)
I/flutter (29776): #24     SingleChildRenderObjectElement.update (package:flutter/src/widgets/framework.dart:7122)
I/flutter (29776): #25     Element.updateChild (package:flutter/src/widgets/framework.dart:4037)
I/flutter (29776): #26     SingleChildRenderObjectElement.update (package:flutter/src/widgets/framework.dart:7122)
I/flutter (29776): #27     Element.updateChild (package:flutter/src/widgets/framework.dart:4037)
I/flutter (29776): #28     ComponentElement.performRebuild (package:flutter/src/widgets/framework.dart:5841)
I/flutter (29776): #29     StatefulElement.performRebuild (package:flutter/src/widgets/framework.dart:5982)
I/flutter (29776): #30     Element.rebuild (package:flutter/src/widgets/framework.dart:5529)
I/flutter (29776): #31     StatefulElement.update (package:flutter/src/widgets/framework.dart:6007)
I/flutter (29776): #32     Element.updateChild (package:flutter/src/widgets/framework.dart:4037)
I/flutter (29776): #33     SingleChildRenderObjectElement.update (package:flutter/src/widgets/framework.dart:7122)
I/flutter (29776): #34     Element.updateChild (package:flutter/src/widgets/framework.dart:4037)
I/flutter (29776): #35     ComponentElement.performRebuild (package:flutter/src/widgets/framework.dart:5841)
I/flutter (29776): #36     Element.rebuild (package:flutter/src/widgets/framework.dart:5529)
I/flutter (29776): #37     ProxyElement.update (package:flutter/src/widgets/framework.dart:6149)
I/flutter (29776): #38     Element.updateChild (package:flutter/src/widgets/framework.dart:4037)
I/flutter (29776): #39     SingleChildRenderObjectElement.update (package:flutter/src/widgets/framework.dart:7122)
I/flutter (29776): #40     Element.updateChild (package:flutter/src/widgets/framework.dart:4037)
I/flutter (29776): setState 698a51a
[spm]: ProfilerData event received.
I/flutter (29776): #41     ComponentElement.performRebuild (package:flutter/src/widgets/framework.dart:5841)
I/flutter (29776): #42     Element.rebuild (package:flutter/src/widgets/framework.dart:5529)
I/flutter (29776): #43     ProxyElement.update (package:flutter/src/widgets/framework.dart:6149)
I/flutter (29776): #44     Element.updateChild (package:flutter/src/widgets/framework.dart:4037)
I/flutter (29776): #45     SingleChildRenderObjectElement.update (package:flutter/src/widgets/framework.dart:7122)
I/flutter (29776): #46     Element.updateChild (package:flutter/src/widgets/framework.dart:4037)
I/flutter (29776): #47     SingleChildRenderObjectElement.update (package:flutter/src/widgets/framework.dart:7122)
I/flutter (29776): #48     Element.updateChild (package:flutter/src/widgets/framework.dart:4037)
I/flutter (29776): #49     ComponentElement.performRebuild (package:flutter/src/widgets/framework.dart:5841)
I/flutter (29776): #50     StatefulElement.performRebuild (package:flutter/src/widgets/framework.dart:5982)
I/flutter (29776): #51     Element.rebuild (package:flutter/src/widgets/framework.dart:5529)
I/flutter (29776): #52     StatefulElement.update (package:flutter/src/widgets/framework.dart:6007)
I/flutter (29776): #53     Element.updateChild (package:flutter/src/widgets/framework.dart:4037)
I/flutter (29776): #54     ComponentElement.performRebuild (package:flutter/src/widgets/framework.dart:5841)
I/flutter (29776): #55     Element.rebuild (package:flutter/src/widgets/framework.dart:5529)
I/flutter (29776): #56     StatelessElement.update (package:flutter/src/widgets/framework.dart:5895)
I/flutter (29776): #57     Element.updateChild (package:flutter/src/widgets/framework.dart:4037)
I/flutter (29776): #58     SingleChildRenderObjectElement.update (package:flutter/src/widgets/framework.dart:7122)
I/flutter (29776): #59     Element.updateChild (package:flutter/src/widgets/framework.dart:4037)
I/flutter (29776): #60     ComponentElement.performRebuild (package:flutter/src/widgets/framework.dart:5841)
I/flutter (29776): #61     StatefulElement.performRebuild (package:flutter/src/widgets/framework.dart:5982)
I/flutter (29776): #62     Element.rebuild (package:flutter/src/widgets/framework.dart:5529)
I/flutter (29776): #63     StatefulElement.update (package:flutter/src/widgets/framework.dart:6007)
I/flutter (29776): #64     Element.updateChild (package:flutter/src/widgets/framework.dart:4037)
I/flutter (29776): #65     ComponentElement.performRebuild (package:flutter/src/widgets/framework.dart:5841)
I/flutter (29776): #66     Element.rebuild (package:flutter/src/widgets/framework.dart:5529)
I/flutter (29776): #67     ProxyElement.update (package:flutter/src/widgets/framework.dart:6149)
I/flutter (29776): #68     Element.updateChild (package:flutter/src/widgets/framework.dart:4037)
I/flutter (29776): #69     ComponentElement.performRebuild (package:flutter/src/widgets/framework.dart:5841)
I/flutter (29776): #70     StatefulElement.performRebuild (package:flutter/src/widgets/framework.dart:5982)
I/flutter (29776): #71     Element.rebuild (package:flutter/src/widgets/framework.dart:5529)
I/flutter (29776): #72     StatefulElement.update (package:flutter/src/widgets/framework.dart:6007)
I/flutter (29776): #73     Element.updateChild (package:flutter/src/widgets/framework.dart:4037)
I/flutter (29776): #74     ComponentElement.performRebuild (package:flutter/src/widgets/framework.dart:5841)
I/flutter (29776): #75     StatefulElement.performRebuild (package:flutter/src/widgets/framework.dart:5982)
I/flutter (29776): #76     Element.rebuild (package:flutter/src/widgets/framework.dart:5529)
I/flutter (29776): #77     StatefulElement.update (package:flutter/src/widgets/framework.dart:6007)
I/flutter (29776): #78     Element.updateChild (package:flutter/src/widgets/framework.dart:4037)
I/flutter (29776): #79     ComponentElement.performRebuild (package:flutter/src/widgets/framework.dart:5841)
I/flutter (29776): #80     Element.rebuild (package:flutter/src/widgets/framework.dart:5529)
I/flutter (29776): #81     ProxyElement.update (package:flutter/src/widgets/framework.dart:6149)
I/flutter (29776): #82     Element.updateChild (package:flutter/src/widgets/framework.dart:4037)
I/flutter (29776): #83     ComponentElement.performRebuild (package:flutter/src/widgets/framework.dart:5841)
I/flutter (29776): #84     Element.rebuild (package:flutter/src/widgets/framework.dart:5529)
I/flutter (29776): #85     StatelessElement.update (package:flutter/src/widgets/framework.dart:5895)
I/flutter (29776): #86     Element.updateChild (package:flutter/src/widgets/framework.dart:4037)
I/flutter (29776): #87     ComponentElement.performRebuild (package:flutter/src/widgets/framework.dart:5841)
I/flutter (29776): #88     StatefulElement.performRebuild (package:flutter/src/widgets/framework.dart:5982)
I/flutter (29776): #89     Element.rebuild (package:flutter/src/widgets/framework.dart:5529)
I/flutter (29776): #90     StatefulElement.update (package:flutter/src/widgets/framework.dart:6007)
I/flutter (29776): #91     Element.updateChild (package:flutter/src/widgets/framework.dart:4037)
I/flutter (29776): #92     ComponentElement.performRebuild (package:flutter/src/widgets/framework.dart:5841)
I/flutter (29776): #93     StatefulElement.performRebuild (package:flutter/src/widgets/framework.dart:5982)
I/flutter (29776): #94     Element.rebuild (package:flutter/src/widgets/framework.dart:5529)
I/flutter (29776): #95     BuildScope._tryRebuild (package:flutter/src/widgets/framework.dart:2750)
I/flutter (29776): #96     BuildScope._flushDirtyElements (package:flutter/src/widgets/framework.dart:2807)
I/flutter (29776): #97     BuildOwner.buildScope (package:flutter/src/widgets/framework.dart:3111)
I/flutter (29776): #98     WidgetsBinding.drawFrame (package:flutter/src/widgets/binding.dart:1571)
I/flutter (29776): #99     RendererBinding._handlePersistentFrameCallback (package:flutter/src/rendering/binding.dart:509)
I/flutter (29776): [SPM:perf] 698a51a  buildSpan: 17391µs
I/flutter (29776): [spm] Performance monitoring completed for 698a51a
I/flutter (29776): Null check operator used on a null value
I/flutter (29776): #0      _ReorderableListViewState._itemBuilder (package:flutter/src/material/reorderable_list.dart:380)
I/flutter (29776): #1      SliverReorderableListState._itemBuilder (package:flutter/src/widgets/reorderable_list.dart:1146)
I/flutter (29776): #2      SliverChildBuilderDelegate.build (package:flutter/src/widgets/scroll_delegate.dart:552)
I/flutter (29776): #3      SliverMultiBoxAdaptorElement._build (package:flutter/src/widgets/sliver.dart:1055)
I/flutter (29776): #4      SliverMultiBoxAdaptorElement.performRebuild.processElement (package:flutter/src/widgets/sliver.dart:981)
I/flutter (29776): #5      Iterable.forEach (dart:core/iterable.dart:366)
I/flutter (29776): #6      SliverMultiBoxAdaptorElement.performRebuild (package:flutter/src/widgets/sliver.dart:1032)
I/flutter (29776): #7      SliverMultiBoxAdaptorElement.update (package:flutter/src/widgets/sliver.dart:955)
I/flutter (29776): #8      Element.updateChild (package:flutter/src/widgets/framework.dart:4037)
I/flutter (29776): #9      ComponentElement.performRebuild (package:flutter/src/widgets/framework.dart:5841)
I/flutter (29776): #10     StatefulElement.performRebuild (package:flutter/src/widgets/framework.dart:5982)
I/flutter (29776): #11     Element.rebuild (package:flutter/src/widgets/framework.dart:5529)
I/flutter (29776): #12     StatefulElement.update (package:flutter/src/widgets/framework.dart:6007)
I/flutter (29776): #13     Element.updateChild (package:flutter/src/widgets/framework.dart:4037)
I/flutter (29776): #14     SingleChildRenderObjectElement.update (package:flutter/src/widgets/framework.dart:7122)
I/flutter (29776): #15     Element.updateChild (package:flutter/src/widgets/framework.dart:4037)
I/flutter (29776): #16     Element.updateChildren (package:flutter/src/widgets/framework.dart:4191)
I/flutter (29776): #17     MultiChildRenderObjectElement.update (package:flutter/src/widgets/framework.dart:7295)
I/flutter (29776): #18     _ViewportElement.update (package:flutter/src/widgets/viewport.dart:293)
I/flutter (29776): #19     Element.updateChild (package:flutter/src/widgets/framework.dart:4037)
I/flutter (29776): #20     SingleChildRenderObjectElement.update (package:flutter/src/widgets/framework.dart:7122)
I/flutter (29776): #21     Element.updateChild (package:flutter/src/widgets/framework.dart:4037)
I/flutter (29776): #22     SingleChildRenderObjectElement.update (package:flutter/src/widgets/framework.dart:7122)
I/flutter (29776): #23     Element.updateChild (package:flutter/src/widgets/framework.dart:4037)
I/flutter (29776): #24     SingleChildRenderObjectElement.update (package:flutter/src/widgets/framework.dart:7122)
I/flutter (29776): #25     Element.updateChild (package:flutter/src/widgets/framework.dart:4037)
I/flutter (29776): #26     SingleChildRenderObjectElement.update (package:flutter/src/widgets/framework.dart:7122)
I/flutter (29776): #27     Element.updateChild (package:flutter/src/widgets/framework.dart:4037)
I/flutter (29776): #28     ComponentElement.performRebuild (package:flutter/src/widgets/framework.dart:5841)
I/flutter (29776): #29     StatefulElement.performRebuild (package:flutter/src/widgets/framework.dart:5982)
I/flutter (29776): #30     Element.rebuild (package:flutter/src/widgets/framework.dart:5529)
I/flutter (29776): #31     StatefulElement.update (package:flutter/src/widgets/framework.dart:6007)
I/flutter (29776): #32     Element.updateChild (package:flutter/src/widgets/framework.dart:4037)
I/flutter (29776): #33     SingleChildRenderObjectElement.update (package:flutter/src/widgets/framework.dart:7122)
I/flutter (29776): #34     Element.updateChild (package:flutter/src/widgets/framework.dart:4037)
I/flutter (29776): #35     ComponentElement.performRebuild (package:flutter/src/widgets/framework.dart:5841)
I/flutter (29776): #36     Element.rebuild (package:flutter/src/widgets/framework.dart:5529)
I/flutter (29776): #37     ProxyElement.update (package:flutter/src/widgets/framework.dart:6149)
I/flutter (29776): #38     Element.updateChild (package:flutter/src/widgets/framework.dart:4037)
I/flutter (29776): #39     SingleChildRenderObjectElement.update (package:flutter/src/widgets/framework.dart:7122)
I/flutter (29776): #40     Element.updateChild (package:flutter/src/widgets/framework.dart:4037)
I/flutter (29776): #41     ComponentElement.performRebuild (package:flutter/src/widgets/framework.dart:5841)
I/flutter (29776): #42     Element.rebuild (package:flutter/src/widgets/framework.dart:5529)
I/flutter (29776): #43     ProxyElement.update (package:flutter/src/widgets/framework.dart:6149)
I/flutter (29776): #44     Element.updateChild (package:flutter/src/widgets/framework.dart:4037)
I/flutter (29776): #45     SingleChildRenderObjectElement.update (package:flutter/src/widgets/framework.dart:7122)
I/flutter (29776): #46     Element.updateChild (package:flutter/src/widgets/framework.dart:4037)
I/flutter (29776): #47     SingleChildRenderObjectElement.update (package:flutter/src/widgets/framework.dart:7122)
I/flutter (29776): #48     Element.updateChild (package:flutter/src/widgets/framework.dart:4037)
I/flutter (29776): #49     ComponentElement.performRebuild (package:flutter/src/widgets/framework.dart:5841)
I/flutter (29776): #50     StatefulElement.performRebuild (package:flutter/src/widgets/framework.dart:5982)
I/flutter (29776): #51     Element.rebuild (package:flutter/src/widgets/framework.dart:5529)
I/flutter (29776): #52     StatefulElement.update (package:flutter/src/widgets/framework.dart:6007)
I/flutter (29776): #53     Element.updateChild (package:flutter/src/widgets/framework.dart:4037)
I/flutter (29776): #54     ComponentElement.performRebuild (package:flutter/src/widgets/framework.dart:5841)
I/flutter (29776): #55     Element.rebuild (package:flutter/src/widgets/framework.dart:5529)
I/flutter (29776): #56     StatelessElement.update (package:flutter/src/widgets/framework.dart:5895)
I/flutter (29776): #57     Element.updateChild (package:flutter/src/widgets/framework.dart:4037)
I/flutter (29776): #58     SingleChildRenderObjectElement.update (package:flutter/src/widgets/framework.dart:7122)
I/flutter (29776): #59     Element.updateChild (package:flutter/src/widgets/framework.dart:4037)
I/flutter (29776): #60     ComponentElement.performRebuild (package:flutter/src/widgets/framework.dart:5841)
I/flutter (29776): #61     StatefulElement.performRebuild (package:flutter/src/widgets/framework.dart:5982)
I/flutter (29776): #62     Element.rebuild (package:flutter/src/widgets/framework.dart:5529)
I/flutter (29776): #63     StatefulElement.update (package:flutter/src/widgets/framework.dart:6007)
I/flutter (29776): #64     Element.updateChild (package:flutter/src/widgets/framework.dart:4037)
I/flutter (29776): #65     ComponentElement.performRebuild (package:flutter/src/widgets/framework.dart:5841)
I/flutter (29776): #66     Element.rebuild (package:flutter/src/widgets/framework.dart:5529)
I/flutter (29776): #67     ProxyElement.update (package:flutter/src/widgets/framework.dart:6149)
I/flutter (29776): #68     Element.updateChild (package:flutter/src/widgets/framework.dart:4037)
I/flutter (29776): #69     ComponentElement.performRebuild (package:flutter/src/widgets/framework.dart:5841)
I/flutter (29776): #70     StatefulElement.performRebuild (package:flutter/src/widgets/framework.dart:5982)
I/flutter (29776): #71     Element.rebuild (package:flutter/src/widgets/framework.dart:5529)
I/flutter (29776): #72     StatefulElement.update (package:flutter/src/widgets/framework.dart:6007)
I/flutter (29776): #73     Element.updateChild (package:flutter/src/widgets/framework.dart:4037)
I/flutter (29776): #74     ComponentElement.performRebuild (package:flutter/src/widgets/framework.dart:5841)
I/flutter (29776): #75     StatefulElement.performRebuild (package:flutter/src/widgets/framework.dart:5982)
I/flutter (29776): #76     Element.rebuild (package:flutter/src/widgets/framework.dart:5529)
I/flutter (29776): #77     StatefulElement.update (package:flutter/src/widgets/framework.dart:6007)
I/flutter (29776): #78     Element.updateChild (package:flutter/src/widgets/framework.dart:4037)
I/flutter (29776): #79     ComponentElement.performRebuild (package:flutter/src/widgets/framework.dart:5841)
I/flutter (29776): #80     Element.rebuild (package:flutter/src/widgets/framework.dart:5529)
I/flutter (29776): #81     ProxyElement.update (package:flutter/src/widgets/framework.dart:6149)
I/flutter (29776): #82     Element.updateChild (package:flutter/src/widgets/framework.dart:4037)
I/flutter (29776): #83     ComponentElement.performRebuild (package:flutter/src/widgets/framework.dart:5841)
I/flutter (29776): #84     Element.rebuild (package:flutter/src/widgets/framework.dart:5529)
I/flutter (29776): #85     StatelessElement.update (package:flutter/src/widgets/framework.dart:5895)
I/flutter (29776): #86     Element.updateChild (package:flutter/src/widgets/framework.dart:4037)
I/flutter (29776): #87     ComponentElement.performRebuild (package:flutter/src/widgets/framework.dart:5841)
I/flutter (29776): #88     StatefulElement.performRebuild (package:flutter/src/widgets/framework.dart:5982)
I/flutter (29776): #89     Element.rebuild (package:flutter/src/widgets/framework.dart:5529)
I/flutter (29776): #90     StatefulElement.update (package:flutter/src/widgets/framework.dart:6007)
I/flutter (29776): #91     Element.updateChild (package:flutter/src/widgets/framework.dart:4037)
I/flutter (29776): #92     ComponentElement.performRebuild (package:flutter/src/widgets/framework.dart:5841)
I/flutter (29776): #93     StatefulElement.performRebuild (package:flutter/src/widgets/framework.dart:5982)
I/flutter (29776): #94     Element.rebuild (package:flutter/src/widgets/framework.dart:5529)
I/flutter (29776): #95     BuildScope._tryRebuild (package:flutter/src/widgets/framework.dart:2750)
I/flutter (29776): #96     BuildScope._flushDirtyElements (package:flutter/src/widgets/framework.dart:2807)
I/flutter (29776): #97     BuildOwner.buildScope (package:flutter/src/widgets/framework.dart:3111)
I/flutter (29776): #98     WidgetsBinding.drawFrame (package:flutter/src/widgets/binding.dart:1571)
I/flutter (29776): #99     RendererBinding._handlePersistentFrameCallback (package:flutter/src/rendering/binding.dart:509)
I/flutter (29776): [SPM:perf] 698a51a  buildSpan: 9584µs
I/flutter (29776): [spm] Performance monitoring completed for 698a51a
I/flutter (29776): setState 698a51a
[spm]: ProfilerData event received.
I/flutter (29776): Null check operator used on a null value
I/flutter (29776): #0      _ReorderableListViewState._itemBuilder (package:flutter/src/material/reorderable_list.dart:380)
I/flutter (29776): #1      SliverReorderableListState._itemBuilder (package:flutter/src/widgets/reorderable_list.dart:1146)
I/flutter (29776): #2      SliverChildBuilderDelegate.build (package:flutter/src/widgets/scroll_delegate.dart:552)
I/flutter (29776): #3      SliverMultiBoxAdaptorElement._build (package:flutter/src/widgets/sliver.dart:1055)
I/flutter (29776): #4      SliverMultiBoxAdaptorElement.performRebuild.processElement (package:flutter/src/widgets/sliver.dart:981)
I/flutter (29776): #5      Iterable.forEach (dart:core/iterable.dart:366)
I/flutter (29776): #6      SliverMultiBoxAdaptorElement.performRebuild (package:flutter/src/widgets/sliver.dart:1032)
I/flutter (29776): #7      SliverMultiBoxAdaptorElement.update (package:flutter/src/widgets/sliver.dart:955)
I/flutter (29776): #8      Element.updateChild (package:flutter/src/widgets/framework.dart:4037)
I/flutter (29776): #9      ComponentElement.performRebuild (package:flutter/src/widgets/framework.dart:5841)
I/flutter (29776): #10     StatefulElement.performRebuild (package:flutter/src/widgets/framework.dart:5982)
I/flutter (29776): #11     Element.rebuild (package:flutter/src/widgets/framework.dart:5529)
I/flutter (29776): #12     StatefulElement.update (package:flutter/src/widgets/framework.dart:6007)
I/flutter (29776): #13     Element.updateChild (package:flutter/src/widgets/framework.dart:4037)
I/flutter (29776): #14     SingleChildRenderObjectElement.update (package:flutter/src/widgets/framework.dart:7122)
I/flutter (29776): #15     Element.updateChild (package:flutter/src/widgets/framework.dart:4037)
I/flutter (29776): #16     Element.updateChildren (package:flutter/src/widgets/framework.dart:4191)
I/flutter (29776): #17     MultiChildRenderObjectElement.update (package:flutter/src/widgets/framework.dart:7295)
I/flutter (29776): #18     _ViewportElement.update (package:flutter/src/widgets/viewport.dart:293)
I/flutter (29776): #19     Element.updateChild (package:flutter/src/widgets/framework.dart:4037)
I/flutter (29776): #20     SingleChildRenderObjectElement.update (package:flutter/src/widgets/framework.dart:7122)
I/flutter (29776): #21     Element.updateChild (package:flutter/src/widgets/framework.dart:4037)
I/flutter (29776): #22     SingleChildRenderObjectElement.update (package:flutter/src/widgets/framework.dart:7122)
I/flutter (29776): #23     Element.updateChild (package:flutter/src/widgets/framework.dart:4037)
I/flutter (29776): #24     SingleChildRenderObjectElement.update (package:flutter/src/widgets/framework.dart:7122)
I/flutter (29776): #25     Element.updateChild (package:flutter/src/widgets/framework.dart:4037)
I/flutter (29776): #26     SingleChildRenderObjectElement.update (package:flutter/src/widgets/framework.dart:7122)
I/flutter (29776): #27     Element.updateChild (package:flutter/src/widgets/framework.dart:4037)
I/flutter (29776): #28     ComponentElement.performRebuild (package:flutter/src/widgets/framework.dart:5841)
I/flutter (29776): #29     StatefulElement.performRebuild (package:flutter/src/widgets/framework.dart:5982)
I/flutter (29776): #30     Element.rebuild (package:flutter/src/widgets/framework.dart:5529)
I/flutter (29776): #31     StatefulElement.update (package:flutter/src/widgets/framework.dart:6007)
I/flutter (29776): #32     Element.updateChild (package:flutter/src/widgets/framework.dart:4037)
I/flutter (29776): #33     SingleChildRenderObjectElement.update (package:flutter/src/widgets/framework.dart:7122)
I/flutter (29776): #34     Element.updateChild (package:flutter/src/widgets/framework.dart:4037)
I/flutter (29776): #35     ComponentElement.performRebuild (package:flutter/src/widgets/framework.dart:5841)
I/flutter (29776): #36     Element.rebuild (package:flutter/src/widgets/framework.dart:5529)
I/flutter (29776): #37     ProxyElement.update (package:flutter/src/widgets/framework.dart:6149)
I/flutter (29776): #38     Element.updateChild (package:flutter/src/widgets/framework.dart:4037)
I/flutter (29776): #39     SingleChildRenderObjectElement.update (package:flutter/src/widgets/framework.dart:7122)
I/flutter (29776): #40     Element.updateChild (package:flutter/src/widgets/framework.dart:4037)
I/flutter (29776): #41     ComponentElement.performRebuild (package:flutter/src/widgets/framework.dart:5841)
I/flutter (29776): #42     Element.rebuild (package:flutter/src/widgets/framework.dart:5529)
I/flutter (29776): #43     ProxyElement.update (package:flutter/src/widgets/framework.dart:6149)
I/flutter (29776): #44     Element.updateChild (package:flutter/src/widgets/framework.dart:4037)
I/flutter (29776): #45     SingleChildRenderObjectElement.update (package:flutter/src/widgets/framework.dart:7122)
I/flutter (29776): #46     Element.updateChild (package:flutter/src/widgets/framework.dart:4037)
I/flutter (29776): #47     SingleChildRenderObjectElement.update (package:flutter/src/widgets/framework.dart:7122)
I/flutter (29776): #48     Element.updateChild (package:flutter/src/widgets/framework.dart:4037)
I/flutter (29776): #49     ComponentElement.performRebuild (package:flutter/src/widgets/framework.dart:5841)
I/flutter (29776): #50     StatefulElement.performRebuild (package:flutter/src/widgets/framework.dart:5982)
I/flutter (29776): #51     Element.rebuild (package:flutter/src/widgets/framework.dart:5529)
I/flutter (29776): #52     StatefulElement.update (package:flutter/src/widgets/framework.dart:6007)
I/flutter (29776): #53     Element.updateChild (package:flutter/src/widgets/framework.dart:4037)
I/flutter (29776): #54     ComponentElement.performRebuild (package:flutter/src/widgets/framework.dart:5841)
I/flutter (29776): #55     Element.rebuild (package:flutter/src/widgets/framework.dart:5529)
I/flutter (29776): #56     StatelessElement.update (package:flutter/src/widgets/framework.dart:5895)
I/flutter (29776): #57     Element.updateChild (package:flutter/src/widgets/framework.dart:4037)
I/flutter (29776): #58     SingleChildRenderObjectElement.update (package:flutter/src/widgets/framework.dart:7122)
I/flutter (29776): #59     Element.updateChild (package:flutter/src/widgets/framework.dart:4037)
I/flutter (29776): #60     ComponentElement.performRebuild (package:flutter/src/widgets/framework.dart:5841)
I/flutter (29776): #61     StatefulElement.performRebuild (package:flutter/src/widgets/framework.dart:5982)
I/flutter (29776): #62     Element.rebuild (package:flutter/src/widgets/framework.dart:5529)
I/flutter (29776): #63     StatefulElement.update (package:flutter/src/widgets/framework.dart:6007)
I/flutter (29776): #64     Element.updateChild (package:flutter/src/widgets/framework.dart:4037)
I/flutter (29776): #65     ComponentElement.performRebuild (package:flutter/src/widgets/framework.dart:5841)
I/flutter (29776): #66     Element.rebuild (package:flutter/src/widgets/framework.dart:5529)
I/flutter (29776): #67     ProxyElement.update (package:flutter/src/widgets/framework.dart:6149)
I/flutter (29776): #68     Element.updateChild (package:flutter/src/widgets/framework.dart:4037)
I/flutter (29776): #69     ComponentElement.performRebuild (package:flutter/src/widgets/framework.dart:5841)
I/flutter (29776): #70     StatefulElement.performRebuild (package:flutter/src/widgets/framework.dart:5982)
I/flutter (29776): #71     Element.rebuild (package:flutter/src/widgets/framework.dart:5529)
I/flutter (29776): #72     StatefulElement.update (package:flutter/src/widgets/framework.dart:6007)
I/flutter (29776): #73     Element.updateChild (package:flutter/src/widgets/framework.dart:4037)
I/flutter (29776): #74     ComponentElement.performRebuild (package:flutter/src/widgets/framework.dart:5841)
I/flutter (29776): #75     StatefulElement.performRebuild (package:flutter/src/widgets/framework.dart:5982)
I/flutter (29776): #76     Element.rebuild (package:flutter/src/widgets/framework.dart:5529)
I/flutter (29776): #77     StatefulElement.update (package:flutter/src/widgets/framework.dart:6007)
I/flutter (29776): #78     Element.updateChild (package:flutter/src/widgets/framework.dart:4037)
I/flutter (29776): #79     ComponentElement.performRebuild (package:flutter/src/widgets/framework.dart:5841)
I/flutter (29776): #80     Element.rebuild (package:flutter/src/widgets/framework.dart:5529)
I/flutter (29776): #81     ProxyElement.update (package:flutter/src/widgets/framework.dart:6149)
I/flutter (29776): #82     Element.updateChild (package:flutter/src/widgets/framework.dart:4037)
I/flutter (29776): #83     ComponentElement.performRebuild (package:flutter/src/widgets/framework.dart:5841)
I/flutter (29776): #84     Element.rebuild (package:flutter/src/widgets/framework.dart:5529)
I/flutter (29776): #85     StatelessElement.update (package:flutter/src/widgets/framework.dart:5895)
I/flutter (29776): #86     Element.updateChild (package:flutter/src/widgets/framework.dart:4037)
I/flutter (29776): #87     ComponentElement.performRebuild (package:flutter/src/widgets/framework.dart:5841)
I/flutter (29776): #88     StatefulElement.performRebuild (package:flutter/src/widgets/framework.dart:5982)
I/flutter (29776): #89     Element.rebuild (package:flutter/src/widgets/framework.dart:5529)
I/flutter (29776): #90     StatefulElement.update (package:flutter/src/widgets/framework.dart:6007)
I/flutter (29776): #91     Element.updateChild (package:flutter/src/widgets/framework.dart:4037)
I/flutter (29776): #92     ComponentElement.performRebuild (package:flutter/src/widgets/framework.dart:5841)
I/flutter (29776): #93     StatefulElement.performRebuild (package:flutter/src/widgets/framework.dart:5982)
I/flutter (29776): #94     Element.rebuild (package:flutter/src/widgets/framework.dart:5529)
I/flutter (29776): #95     BuildScope._tryRebuild (package:flutter/src/widgets/framework.dart:2750)
I/flutter (29776): #96     BuildScope._flushDirtyElements (package:flutter/src/widgets/framework.dart:2807)
I/flutter (29776): #97     BuildOwner.buildScope (package:flutter/src/widgets/framework.dart:3111)
I/flutter (29776): #98     WidgetsBinding.drawFrame (package:flutter/src/widgets/binding.dart:1571)
I/flutter (29776): #99     RendererBinding._handlePersistentFrameCallback (package:flutter/src/rendering/binding.dart:509)
[spm]: ProfilerData event received.
I/flutter (29776): [SPM:perf] 698a51a  buildSpan: 11793µs
I/flutter (29776): [spm] Performance monitoring completed for 698a51a
I/flutter (29776): setState 698a51a
I/flutter (29776): Null check operator used on a null value
I/flutter (29776): #0      _ReorderableListViewState._itemBuilder (package:flutter/src/material/reorderable_list.dart:380)
I/flutter (29776): #1      SliverReorderableListState._itemBuilder (package:flutter/src/widgets/reorderable_list.dart:1146)
I/flutter (29776): #2      SliverChildBuilderDelegate.build (package:flutter/src/widgets/scroll_delegate.dart:552)
I/flutter (29776): #3      SliverMultiBoxAdaptorElement._build (package:flutter/src/widgets/sliver.dart:1055)
I/flutter (29776): #4      SliverMultiBoxAdaptorElement.performRebuild.processElement (package:flutter/src/widgets/sliver.dart:981)
I/flutter (29776): #5      Iterable.forEach (dart:core/iterable.dart:366)
I/flutter (29776): #6      SliverMultiBoxAdaptorElement.performRebuild (package:flutter/src/widgets/sliver.dart:1032)
I/flutter (29776): #7      SliverMultiBoxAdaptorElement.update (package:flutter/src/widgets/sliver.dart:955)
I/flutter (29776): #8      Element.updateChild (package:flutter/src/widgets/framework.dart:4037)
I/flutter (29776): #9      ComponentElement.performRebuild (package:flutter/src/widgets/framework.dart:5841)
I/flutter (29776): #10     StatefulElement.performRebuild (package:flutter/src/widgets/framework.dart:5982)
I/flutter (29776): #11     Element.rebuild (package:flutter/src/widgets/framework.dart:5529)
I/flutter (29776): #12     StatefulElement.update (package:flutter/src/widgets/framework.dart:6007)
I/flutter (29776): #13     Element.updateChild (package:flutter/src/widgets/framework.dart:4037)
I/flutter (29776): #14     SingleChildRenderObjectElement.update (package:flutter/src/widgets/framework.dart:7122)
I/flutter (29776): #15     Element.updateChild (package:flutter/src/widgets/framework.dart:4037)
I/flutter (29776): #16     Element.updateChildren (package:flutter/src/widgets/framework.dart:4191)
I/flutter (29776): #17     MultiChildRenderObjectElement.update (package:flutter/src/widgets/framework.dart:7295)
I/flutter (29776): #18     _ViewportElement.update (package:flutter/src/widgets/viewport.dart:293)
I/flutter (29776): #19     Element.updateChild (package:flutter/src/widgets/framework.dart:4037)
I/flutter (29776): #20     SingleChildRenderObjectElement.update (package:flutter/src/widgets/framework.dart:7122)
I/flutter (29776): #21     Element.updateChild (package:flutter/src/widgets/framework.dart:4037)
I/flutter (29776): #22     SingleChildRenderObjectElement.update (package:flutter/src/widgets/framework.dart:7122)
I/flutter (29776): #23     Element.updateChild (package:flutter/src/widgets/framework.dart:4037)
I/flutter (29776): #24     SingleChildRenderObjectElement.update (package:flutter/src/widgets/framework.dart:7122)
I/flutter (29776): #25     Element.updateChild (package:flutter/src/widgets/framework.dart:4037)
I/flutter (29776): #26     SingleChildRenderObjectElement.update (package:flutter/src/widgets/framework.dart:7122)
I/flutter (29776): #27     Element.updateChild (package:flutter/src/widgets/framework.dart:4037)
I/flutter (29776): #28     ComponentElement.performRebuild (package:flutter/src/widgets/framework.dart:5841)
I/flutter (29776): #29     StatefulElement.performRebuild (package:flutter/src/widgets/framework.dart:5982)
I/flutter (29776): #30     Element.rebuild (package:flutter/src/widgets/framework.dart:5529)
I/flutter (29776): #31     StatefulElement.update (package:flutter/src/widgets/framework.dart:6007)
I/flutter (29776): #32     Element.updateChild (package:flutter/src/widgets/framework.dart:4037)
I/flutter (29776): #33     SingleChildRenderObjectElement.update (package:flutter/src/widgets/framework.dart:7122)
I/flutter (29776): #34     Element.updateChild (package:flutter/src/widgets/framework.dart:4037)
I/flutter (29776): #35     ComponentElement.performRebuild (package:flutter/src/widgets/framework.dart:5841)
I/flutter (29776): #36     Element.rebuild (package:flutter/src/widgets/framework.dart:5529)
I/flutter (29776): #37     ProxyElement.update (package:flutter/src/widgets/framework.dart:6149)
I/flutter (29776): #38     Element.updateChild (package:flutter/src/widgets/framework.dart:4037)
I/flutter (29776): #39     SingleChildRenderObjectElement.update (package:flutter/src/widgets/framework.dart:7122)
I/flutter (29776): #40     Element.updateChild (package:flutter/src/widgets/framework.dart:4037)
I/flutter (29776): #41     ComponentElement.performRebuild (package:flutter/src/widgets/framework.dart:5841)
I/flutter (29776): #42     Element.rebuild (package:flutter/src/widgets/framework.dart:5529)
I/flutter (29776): #43     ProxyElement.update (package:flutter/src/widgets/framework.dart:6149)
I/flutter (29776): #44     Element.updateChild (package:flutter/src/widgets/framework.dart:4037)
I/flutter (29776): #45     SingleChildRenderObjectElement.update (package:flutter/src/widgets/framework.dart:7122)
I/flutter (29776): #46     Element.updateChild (package:flutter/src/widgets/framework.dart:4037)
I/flutter (29776): #47     SingleChildRenderObjectElement.update (package:flutter/src/widgets/framework.dart:7122)
I/flutter (29776): #48     Element.updateChild (package:flutter/src/widgets/framework.dart:4037)
I/flutter (29776): #49     ComponentElement.performRebuild (package:flutter/src/widgets/framework.dart:5841)
I/flutter (29776): #50     StatefulElement.performRebuild (package:flutter/src/widgets/framework.dart:5982)
I/flutter (29776): #51     Element.rebuild (package:flutter/src/widgets/framework.dart:5529)
I/flutter (29776): #52     StatefulElement.update (package:flutter/src/widgets/framework.dart:6007)
I/flutter (29776): #53     Element.updateChild (package:flutter/src/widgets/framework.dart:4037)
I/flutter (29776): #54     ComponentElement.performRebuild (package:flutter/src/widgets/framework.dart:5841)
I/flutter (29776): #55     Element.rebuild (package:flutter/src/widgets/framework.dart:5529)
I/flutter (29776): #56     StatelessElement.update (package:flutter/src/widgets/framework.dart:5895)
I/flutter (29776): #57     Element.updateChild (package:flutter/src/widgets/framework.dart:4037)
I/flutter (29776): #58     SingleChildRenderObjectElement.update (package:flutter/src/widgets/framework.dart:7122)
I/flutter (29776): #59     Element.updateChild (package:flutter/src/widgets/framework.dart:4037)
I/flutter (29776): #60     ComponentElement.performRebuild (package:flutter/src/widgets/framework.dart:5841)
I/flutter (29776): #61     StatefulElement.performRebuild (package:flutter/src/widgets/framework.dart:5982)
I/flutter (29776): #62     Element.rebuild (package:flutter/src/widgets/framework.dart:5529)
I/flutter (29776): #63     StatefulElement.update (package:flutter/src/widgets/framework.dart:6007)
I/flutter (29776): #64     Element.updateChild (package:flutter/src/widgets/framework.dart:4037)
I/flutter (29776): #65     ComponentElement.performRebuild (package:flutter/src/widgets/framework.dart:5841)
I/flutter (29776): #66     Element.rebuild (package:flutter/src/widgets/framework.dart:5529)
I/flutter (29776): #67     ProxyElement.update (package:flutter/src/widgets/framework.dart:6149)
I/flutter (29776): #68     Element.updateChild (package:flutter/src/widgets/framework.dart:4037)
I/flutter (29776): #69     ComponentElement.performRebuild (package:flutter/src/widgets/framework.dart:5841)
I/flutter (29776): #70     StatefulElement.performRebuild (package:flutter/src/widgets/framework.dart:5982)
I/flutter (29776): #71     Element.rebuild (package:flutter/src/widgets/framework.dart:5529)
I/flutter (29776): #72     StatefulElement.update (package:flutter/src/widgets/framework.dart:6007)
I/flutter (29776): #73     Element.updateChild (package:flutter/src/widgets/framework.dart:4037)
I/flutter (29776): #74     ComponentElement.performRebuild (package:flutter/src/widgets/framework.dart:5841)
I/flutter (29776): #75     StatefulElement.performRebuild (package:flutter/src/widgets/framework.dart:5982)
I/flutter (29776): #76     Element.rebuild (package:flutter/src/widgets/framework.dart:5529)
I/flutter (29776): #77     StatefulElement.update (package:flutter/src/widgets/framework.dart:6007)
I/flutter (29776): #78     Element.updateChild (package:flutter/src/widgets/framework.dart:4037)
I/flutter (29776): #79     ComponentElement.performRebuild (package:flutter/src/widgets/framework.dart:5841)
I/flutter (29776): #80     Element.rebuild (package:flutter/src/widgets/framework.dart:5529)
I/flutter (29776): #81     ProxyElement.update (package:flutter/src/widgets/framework.dart:6149)
I/flutter (29776): #82     Element.updateChild (package:flutter/src/widgets/framework.dart:4037)
I/flutter (29776): #83     ComponentElement.performRebuild (package:flutter/src/widgets/framework.dart:5841)
I/flutter (29776): #84     Element.rebuild (package:flutter/src/widgets/framework.dart:5529)
I/flutter (29776): #85     StatelessElement.update (package:flutter/src/widgets/framework.dart:5895)
I/flutter (29776): #86     Element.updateChild (package:flutter/src/widgets/framework.dart:4037)
I/flutter (29776): #87     ComponentElement.performRebuild (package:flutter/src/widgets/framework.dart:5841)
I/flutter (29776): #88     StatefulElement.performRebuild (package:flutter/src/widgets/framework.dart:5982)
I/flutter (29776): #89     Element.rebuild (package:flutter/src/widgets/framework.dart:5529)
I/flutter (29776): #90     StatefulElement.update (package:flutter/src/widgets/framework.dart:6007)
I/flutter (29776): #91     Element.updateChild (package:flutter/src/widgets/framework.dart:4037)
I/flutter (29776): #92     ComponentElement.performRebuild (package:flutter/src/widgets/framework.dart:5841)
I/flutter (29776): #93     StatefulElement.performRebuild (package:flutter/src/widgets/framework.dart:5982)
I/flutter (29776): #94     Element.rebuild (package:flutter/src/widgets/framework.dart:5529)
I/flutter (29776): #95     BuildScope._tryRebuild (package:flutter/src/widgets/framework.dart:2750)
I/flutter (29776): #96     BuildScope._flushDirtyElements (package:flutter/src/widgets/framework.dart:2807)
I/flutter (29776): #97     BuildOwner.buildScope (package:flutter/src/widgets/framework.dart:3111)
I/flutter (29776): #98     WidgetsBinding.drawFrame (package:flutter/src/widgets/binding.dart:1571)
I/flutter (29776): #99     RendererBinding._handlePersistentFrameCallback (package:flutter/src/rendering/binding.dart:509)
I/flutter (29776): [SPM:perf] 698a51a  buildSpan: 9851µs
I/flutter (29776): [spm] Performance monitoring completed for 698a51a
I/flutter (29776): setState 698a51a
[spm]: ProfilerData event received.
I/flutter (29776): Null check operator used on a null value
I/flutter (29776): #0      _ReorderableListViewState._itemBuilder (package:flutter/src/material/reorderable_list.dart:380)
I/flutter (29776): #1      SliverReorderableListState._itemBuilder (package:flutter/src/widgets/reorderable_list.dart:1146)
I/flutter (29776): #2      SliverChildBuilderDelegate.build (package:flutter/src/widgets/scroll_delegate.dart:552)
I/flutter (29776): #3      SliverMultiBoxAdaptorElement._build (package:flutter/src/widgets/sliver.dart:1055)
I/flutter (29776): #4      SliverMultiBoxAdaptorElement.performRebuild.processElement (package:flutter/src/widgets/sliver.dart:981)
I/flutter (29776): #5      Iterable.forEach (dart:core/iterable.dart:366)
I/flutter (29776): #6      SliverMultiBoxAdaptorElement.performRebuild (package:flutter/src/widgets/sliver.dart:1032)
I/flutter (29776): #7      SliverMultiBoxAdaptorElement.update (package:flutter/src/widgets/sliver.dart:955)
I/flutter (29776): #8      Element.updateChild (package:flutter/src/widgets/framework.dart:4037)
I/flutter (29776): #9      ComponentElement.performRebuild (package:flutter/src/widgets/framework.dart:5841)
I/flutter (29776): #10     StatefulElement.performRebuild (package:flutter/src/widgets/framework.dart:5982)
I/flutter (29776): #11     Element.rebuild (package:flutter/src/widgets/framework.dart:5529)
I/flutter (29776): #12     StatefulElement.update (package:flutter/src/widgets/framework.dart:6007)
I/flutter (29776): #13     Element.updateChild (package:flutter/src/widgets/framework.dart:4037)
I/flutter (29776): #14     SingleChildRenderObjectElement.update (package:flutter/src/widgets/framework.dart:7122)
I/flutter (29776): #15     Element.updateChild (package:flutter/src/widgets/framework.dart:4037)
I/flutter (29776): #16     Element.updateChildren (package:flutter/src/widgets/framework.dart:4191)
I/flutter (29776): #17     MultiChildRenderObjectElement.update (package:flutter/src/widgets/framework.dart:7295)
I/flutter (29776): #18     _ViewportElement.update (package:flutter/src/widgets/viewport.dart:293)
I/flutter (29776): #19     Element.updateChild (package:flutter/src/widgets/framework.dart:4037)
I/flutter (29776): #20     SingleChildRenderObjectElement.update (package:flutter/src/widgets/framework.dart:7122)
I/flutter (29776): #21     Element.updateChild (package:flutter/src/widgets/framework.dart:4037)
I/flutter (29776): #22     SingleChildRenderObjectElement.update (package:flutter/src/widgets/framework.dart:7122)
I/flutter (29776): #23     Element.updateChild (package:flutter/src/widgets/framework.dart:4037)
I/flutter (29776): #24     SingleChildRenderObjectElement.update (package:flutter/src/widgets/framework.dart:7122)
I/flutter (29776): #25     Element.updateChild (package:flutter/src/widgets/framework.dart:4037)
I/flutter (29776): #26     SingleChildRenderObjectElement.update (package:flutter/src/widgets/framework.dart:7122)
I/flutter (29776): #27     Element.updateChild (package:flutter/src/widgets/framework.dart:4037)
I/flutter (29776): #28     ComponentElement.performRebuild (package:flutter/src/widgets/framework.dart:5841)
I/flutter (29776): #29     StatefulElement.performRebuild (package:flutter/src/widgets/framework.dart:5982)
I/flutter (29776): #30     Element.rebuild (package:flutter/src/widgets/framework.dart:5529)
I/flutter (29776): #31     StatefulElement.update (package:flutter/src/widgets/framework.dart:6007)
I/flutter (29776): #32     Element.updateChild (package:flutter/src/widgets/framework.dart:4037)
I/flutter (29776): #33     SingleChildRenderObjectElement.update (package:flutter/src/widgets/framework.dart:7122)
I/flutter (29776): #34     Element.updateChild (package:flutter/src/widgets/framework.dart:4037)
I/flutter (29776): #35     ComponentElement.performRebuild (package:flutter/src/widgets/framework.dart:5841)
I/flutter (29776): #36     Element.rebuild (package:flutter/src/widgets/framework.dart:5529)
I/flutter (29776): #37     ProxyElement.update (package:flutter/src/widgets/framework.dart:6149)
I/flutter (29776): #38     Element.updateChild (package:flutter/src/widgets/framework.dart:4037)
I/flutter (29776): #39     SingleChildRenderObjectElement.update (package:flutter/src/widgets/framework.dart:7122)
I/flutter (29776): #40     Element.updateChild (package:flutter/src/widgets/framework.dart:4037)
I/flutter (29776): #41     ComponentElement.performRebuild (package:flutter/src/widgets/framework.dart:5841)
I/flutter (29776): #42     Element.rebuild (package:flutter/src/widgets/framework.dart:5529)
I/flutter (29776): #43     ProxyElement.update (package:flutter/src/widgets/framework.dart:6149)
I/flutter (29776): #44     Element.updateChild (package:flutter/src/widgets/framework.dart:4037)
I/flutter (29776): #45     SingleChildRenderObjectElement.update (package:flutter/src/widgets/framework.dart:7122)
I/flutter (29776): #46     Element.updateChild (package:flutter/src/widgets/framework.dart:4037)
I/flutter (29776): #47     SingleChildRenderObjectElement.update (package:flutter/src/widgets/framework.dart:7122)
I/flutter (29776): #48     Element.updateChild (package:flutter/src/widgets/framework.dart:4037)
I/flutter (29776): #49     ComponentElement.performRebuild (package:flutter/src/widgets/framework.dart:5841)
I/flutter (29776): #50     StatefulElement.performRebuild (package:flutter/src/widgets/framework.dart:5982)
I/flutter (29776): #51     Element.rebuild (package:flutter/src/widgets/framework.dart:5529)
I/flutter (29776): #52     StatefulElement.update (package:flutter/src/widgets/framework.dart:6007)
I/flutter (29776): #53     Element.updateChild (package:flutter/src/widgets/framework.dart:4037)
I/flutter (29776): #54     ComponentElement.performRebuild (package:flutter/src/widgets/framework.dart:5841)
I/flutter (29776): #55     Element.rebuild (package:flutter/src/widgets/framework.dart:5529)
I/flutter (29776): #56     StatelessElement.update (package:flutter/src/widgets/framework.dart:5895)
I/flutter (29776): #57     Element.updateChild (package:flutter/src/widgets/framework.dart:4037)
I/flutter (29776): #58     SingleChildRenderObjectElement.update (package:flutter/src/widgets/framework.dart:7122)
I/flutter (29776): #59     Element.updateChild (package:flutter/src/widgets/framework.dart:4037)
I/flutter (29776): #60     ComponentElement.performRebuild (package:flutter/src/widgets/framework.dart:5841)
I/flutter (29776): #61     StatefulElement.performRebuild (package:flutter/src/widgets/framework.dart:5982)
I/flutter (29776): #62     Element.rebuild (package:flutter/src/widgets/framework.dart:5529)
I/flutter (29776): #63     StatefulElement.update (package:flutter/src/widgets/framework.dart:6007)
I/flutter (29776): #64     Element.updateChild (package:flutter/src/widgets/framework.dart:4037)
I/flutter (29776): #65     ComponentElement.performRebuild (package:flutter/src/widgets/framework.dart:5841)
I/flutter (29776): #66     Element.rebuild (package:flutter/src/widgets/framework.dart:5529)
I/flutter (29776): #67     ProxyElement.update (package:flutter/src/widgets/framework.dart:6149)
I/flutter (29776): #68     Element.updateChild (package:flutter/src/widgets/framework.dart:4037)
I/flutter (29776): #69     ComponentElement.performRebuild (package:flutter/src/widgets/framework.dart:5841)
I/flutter (29776): #70     StatefulElement.performRebuild (package:flutter/src/widgets/framework.dart:5982)
I/flutter (29776): #71     Element.rebuild (package:flutter/src/widgets/framework.dart:5529)
I/flutter (29776): #72     StatefulElement.update (package:flutter/src/widgets/framework.dart:6007)
I/flutter (29776): #73     Element.updateChild (package:flutter/src/widgets/framework.dart:4037)
I/flutter (29776): #74     ComponentElement.performRebuild (package:flutter/src/widgets/framework.dart:5841)
I/flutter (29776): #75     StatefulElement.performRebuild (package:flutter/src/widgets/framework.dart:5982)
I/flutter (29776): #76     Element.rebuild (package:flutter/src/widgets/framework.dart:5529)
I/flutter (29776): #77     StatefulElement.update (package:flutter/src/widgets/framework.dart:6007)
I/flutter (29776): #78     Element.updateChild (package:flutter/src/widgets/framework.dart:4037)
I/flutter (29776): #79     ComponentElement.performRebuild (package:flutter/src/widgets/framework.dart:5841)
I/flutter (29776): #80     Element.rebuild (package:flutter/src/widgets/framework.dart:5529)
I/flutter (29776): #81     ProxyElement.update (package:flutter/src/widgets/framework.dart:6149)
I/flutter (29776): #82     Element.updateChild (package:flutter/src/widgets/framework.dart:4037)
I/flutter (29776): #83     ComponentElement.performRebuild (package:flutter/src/widgets/framework.dart:5841)
I/flutter (29776): #84     Element.rebuild (package:flutter/src/widgets/framework.dart:5529)
I/flutter (29776): #85     StatelessElement.update (package:flutter/src/widgets/framework.dart:5895)
I/flutter (29776): #86     Element.updateChild (package:flutter/src/widgets/framework.dart:4037)
I/flutter (29776): #87     ComponentElement.performRebuild (package:flutter/src/widgets/framework.dart:5841)
I/flutter (29776): #88     StatefulElement.performRebuild (package:flutter/src/widgets/framework.dart:5982)
I/flutter (29776): #89     Element.rebuild (package:flutter/src/widgets/framework.dart:5529)
I/flutter (29776): #90     StatefulElement.update (package:flutter/src/widgets/framework.dart:6007)
I/flutter (29776): #91     Element.updateChild (package:flutter/src/widgets/framework.dart:4037)
I/flutter (29776): #92     ComponentElement.performRebuild (package:flutter/src/widgets/framework.dart:5841)
I/flutter (29776): #93     StatefulElement.performRebuild (package:flutter/src/widgets/framework.dart:5982)
I/flutter (29776): #94     Element.rebuild (package:flutter/src/widgets/framework.dart:5529)
I/flutter (29776): #95     BuildScope._tryRebuild (package:flutter/src/widgets/framework.dart:2750)
I/flutter (29776): #96     BuildScope._flushDirtyElements (package:flutter/src/widgets/framework.dart:2807)
I/flutter (29776): #97     BuildOwner.buildScope (package:flutter/src/widgets/framework.dart:3111)
I/flutter (29776): #98     WidgetsBinding.drawFrame (package:flutter/src/widgets/binding.dart:1571)
I/flutter (29776): #99     RendererBinding._handlePersistentFrameCallback (package:flutter/src/rendering/binding.dart:509)
I/flutter (29776): [SPM:perf] 698a51a  buildSpan: 9233µs
I/flutter (29776): [spm] Performance monitoring completed for 698a51a
I/flutter (29776): setState 698a51a
[spm]: ProfilerData event received.
I/flutter (29776): Null check operator used on a null value
I/flutter (29776): #0      _ReorderableListViewState._itemBuilder (package:flutter/src/material/reorderable_list.dart:380)
I/flutter (29776): #1      SliverReorderableListState._itemBuilder (package:flutter/src/widgets/reorderable_list.dart:1146)
I/flutter (29776): #2      SliverChildBuilderDelegate.build (package:flutter/src/widgets/scroll_delegate.dart:552)
I/flutter (29776): #3      SliverMultiBoxAdaptorElement._build (package:flutter/src/widgets/sliver.dart:1055)
I/flutter (29776): #4      SliverMultiBoxAdaptorElement.performRebuild.processElement (package:flutter/src/widgets/sliver.dart:981)
I/flutter (29776): #5      Iterable.forEach (dart:core/iterable.dart:366)
I/flutter (29776): #6      SliverMultiBoxAdaptorElement.performRebuild (package:flutter/src/widgets/sliver.dart:1032)
I/flutter (29776): #7      SliverMultiBoxAdaptorElement.update (package:flutter/src/widgets/sliver.dart:955)
I/flutter (29776): #8      Element.updateChild (package:flutter/src/widgets/framework.dart:4037)
I/flutter (29776): #9      ComponentElement.performRebuild (package:flutter/src/widgets/framework.dart:5841)
I/flutter (29776): #10     StatefulElement.performRebuild (package:flutter/src/widgets/framework.dart:5982)
I/flutter (29776): #11     Element.rebuild (package:flutter/src/widgets/framework.dart:5529)
I/flutter (29776): #12     StatefulElement.update (package:flutter/src/widgets/framework.dart:6007)
I/flutter (29776): #13     Element.updateChild (package:flutter/src/widgets/framework.dart:4037)
I/flutter (29776): #14     SingleChildRenderObjectElement.update (package:flutter/src/widgets/framework.dart:7122)
I/flutter (29776): #15     Element.updateChild (package:flutter/src/widgets/framework.dart:4037)
I/flutter (29776): #16     Element.updateChildren (package:flutter/src/widgets/framework.dart:4191)
I/flutter (29776): #17     MultiChildRenderObjectElement.update (package:flutter/src/widgets/framework.dart:7295)
I/flutter (29776): #18     _ViewportElement.update (package:flutter/src/widgets/viewport.dart:293)
I/flutter (29776): #19     Element.updateChild (package:flutter/src/widgets/framework.dart:4037)
I/flutter (29776): #20     SingleChildRenderObjectElement.update (package:flutter/src/widgets/framework.dart:7122)
I/flutter (29776): #21     Element.updateChild (package:flutter/src/widgets/framework.dart:4037)
I/flutter (29776): #22     SingleChildRenderObjectElement.update (package:flutter/src/widgets/framework.dart:7122)
I/flutter (29776): #23     Element.updateChild (package:flutter/src/widgets/framework.dart:4037)
I/flutter (29776): #24     SingleChildRenderObjectElement.update (package:flutter/src/widgets/framework.dart:7122)
I/flutter (29776): #25     Element.updateChild (package:flutter/src/widgets/framework.dart:4037)
I/flutter (29776): #26     SingleChildRenderObjectElement.update (package:flutter/src/widgets/framework.dart:7122)
I/flutter (29776): #27     Element.updateChild (package:flutter/src/widgets/framework.dart:4037)
I/flutter (29776): #28     ComponentElement.performRebuild (package:flutter/src/widgets/framework.dart:5841)
I/flutter (29776): #29     StatefulElement.performRebuild (package:flutter/src/widgets/framework.dart:5982)
I/flutter (29776): #30     Element.rebuild (package:flutter/src/widgets/framework.dart:5529)
I/flutter (29776): #31     StatefulElement.update (package:flutter/src/widgets/framework.dart:6007)
I/flutter (29776): #32     Element.updateChild (package:flutter/src/widgets/framework.dart:4037)
I/flutter (29776): #33     SingleChildRenderObjectElement.update (package:flutter/src/widgets/framework.dart:7122)
I/flutter (29776): #34     Element.updateChild (package:flutter/src/widgets/framework.dart:4037)
I/flutter (29776): #35     ComponentElement.performRebuild (package:flutter/src/widgets/framework.dart:5841)
I/flutter (29776): #36     Element.rebuild (package:flutter/src/widgets/framework.dart:5529)
I/flutter (29776): #37     ProxyElement.update (package:flutter/src/widgets/framework.dart:6149)
I/flutter (29776): #38     Element.updateChild (package:flutter/src/widgets/framework.dart:4037)
I/flutter (29776): #39     SingleChildRenderObjectElement.update (package:flutter/src/widgets/framework.dart:7122)
I/flutter (29776): #40     Element.updateChild (package:flutter/src/widgets/framework.dart:4037)
I/flutter (29776): #41     ComponentElement.performRebuild (package:flutter/src/widgets/framework.dart:5841)
I/flutter (29776): #42     Element.rebuild (package:flutter/src/widgets/framework.dart:5529)
I/flutter (29776): #43     ProxyElement.update (package:flutter/src/widgets/framework.dart:6149)
I/flutter (29776): #44     Element.updateChild (package:flutter/src/widgets/framework.dart:4037)
I/flutter (29776): #45     SingleChildRenderObjectElement.update (package:flutter/src/widgets/framework.dart:7122)
I/flutter (29776): #46     Element.updateChild (package:flutter/src/widgets/framework.dart:4037)
I/flutter (29776): #47     SingleChildRenderObjectElement.update (package:flutter/src/widgets/framework.dart:7122)
I/flutter (29776): #48     Element.updateChild (package:flutter/src/widgets/framework.dart:4037)
I/flutter (29776): #49     ComponentElement.performRebuild (package:flutter/src/widgets/framework.dart:5841)
I/flutter (29776): #50     StatefulElement.performRebuild (package:flutter/src/widgets/framework.dart:5982)
I/flutter (29776): #51     Element.rebuild (package:flutter/src/widgets/framework.dart:5529)
I/flutter (29776): #52     StatefulElement.update (package:flutter/src/widgets/framework.dart:6007)
I/flutter (29776): #53     Element.updateChild (package:flutter/src/widgets/framework.dart:4037)
I/flutter (29776): #54     ComponentElement.performRebuild (package:flutter/src/widgets/framework.dart:5841)
I/flutter (29776): #55     Element.rebuild (package:flutter/src/widgets/framework.dart:5529)
I/flutter (29776): #56     StatelessElement.update (package:flutter/src/widgets/framework.dart:5895)
I/flutter (29776): #57     Element.updateChild (package:flutter/src/widgets/framework.dart:4037)
I/flutter (29776): #58     SingleChildRenderObjectElement.update (package:flutter/src/widgets/framework.dart:7122)
I/flutter (29776): #59     Element.updateChild (package:flutter/src/widgets/framework.dart:4037)
I/flutter (29776): #60     ComponentElement.performRebuild (package:flutter/src/widgets/framework.dart:5841)
I/flutter (29776): #61     StatefulElement.performRebuild (package:flutter/src/widgets/framework.dart:5982)
I/flutter (29776): #62     Element.rebuild (package:flutter/src/widgets/framework.dart:5529)
I/flutter (29776): #63     StatefulElement.update (package:flutter/src/widgets/framework.dart:6007)
I/flutter (29776): #64     Element.updateChild (package:flutter/src/widgets/framework.dart:4037)
I/flutter (29776): #65     ComponentElement.performRebuild (package:flutter/src/widgets/framework.dart:5841)
I/flutter (29776): #66     Element.rebuild (package:flutter/src/widgets/framework.dart:5529)
I/flutter (29776): #67     ProxyElement.update (package:flutter/src/widgets/framework.dart:6149)
I/flutter (29776): #68     Element.updateChild (package:flutter/src/widgets/framework.dart:4037)
I/flutter (29776): #69     ComponentElement.performRebuild (package:flutter/src/widgets/framework.dart:5841)
I/flutter (29776): #70     StatefulElement.performRebuild (package:flutter/src/widgets/framework.dart:5982)
I/flutter (29776): #71     Element.rebuild (package:flutter/src/widgets/framework.dart:5529)
I/flutter (29776): #72     StatefulElement.update (package:flutter/src/widgets/framework.dart:6007)
I/flutter (29776): #73     Element.updateChild (package:flutter/src/widgets/framework.dart:4037)
I/flutter (29776): #74     ComponentElement.performRebuild (package:flutter/src/widgets/framework.dart:5841)
I/flutter (29776): #75     StatefulElement.performRebuild (package:flutter/src/widgets/framework.dart:5982)
I/flutter (29776): #76     Element.rebuild (package:flutter/src/widgets/framework.dart:5529)
I/flutter (29776): #77     StatefulElement.update (package:flutter/src/widgets/framework.dart:6007)
I/flutter (29776): #78     Element.updateChild (package:flutter/src/widgets/framework.dart:4037)
I/flutter (29776): #79     ComponentElement.performRebuild (package:flutter/src/widgets/framework.dart:5841)
I/flutter (29776): #80     Element.rebuild (package:flutter/src/widgets/framework.dart:5529)
I/flutter (29776): #81     ProxyElement.update (package:flutter/src/widgets/framework.dart:6149)
I/flutter (29776): #82     Element.updateChild (package:flutter/src/widgets/framework.dart:4037)
I/flutter (29776): #83     ComponentElement.performRebuild (package:flutter/src/widgets/framework.dart:5841)
I/flutter (29776): #84     Element.rebuild (package:flutter/src/widgets/framework.dart:5529)
I/flutter (29776): #85     StatelessElement.update (package:flutter/src/widgets/framework.dart:5895)
I/flutter (29776): #86     Element.updateChild (package:flutter/src/widgets/framework.dart:4037)
I/flutter (29776): #87     ComponentElement.performRebuild (package:flutter/src/widgets/framework.dart:5841)
I/flutter (29776): #88     StatefulElement.performRebuild (package:flutter/src/widgets/framework.dart:5982)
I/flutter (29776): #89     Element.rebuild (package:flutter/src/widgets/framework.dart:5529)
I/flutter (29776): #90     StatefulElement.update (package:flutter/src/widgets/framework.dart:6007)
I/flutter (29776): #91     Element.updateChild (package:flutter/src/widgets/framework.dart:4037)
I/flutter (29776): #92     ComponentElement.performRebuild (package:flutter/src/widgets/framework.dart:5841)
I/flutter (29776): #93     StatefulElement.performRebuild (package:flutter/src/widgets/framework.dart:5982)
I/flutter (29776): #94     Element.rebuild (package:flutter/src/widgets/framework.dart:5529)
I/flutter (29776): #95     BuildScope._tryRebuild (package:flutter/src/widgets/framework.dart:2750)
I/flutter (29776): #96     BuildScope._flushDirtyElements (package:flutter/src/widgets/framework.dart:2807)
I/flutter (29776): #97     BuildOwner.buildScope (package:flutter/src/widgets/framework.dart:3111)
I/flutter (29776): #98     WidgetsBinding.drawFrame (package:flutter/src/widgets/binding.dart:1571)
I/flutter (29776): #99     RendererBinding._handlePersistentFrameCallback (package:flutter/src/rendering/binding.dart:509)
[spm]: ProfilerData event received.
I/flutter (29776): [SPM:perf] 698a51a  buildSpan: 9631µs
I/flutter (29776): [spm] Performance monitoring completed for 698a51a
I/flutter (29776): setState 698a51a
I/flutter (29776): Null check operator used on a null value
I/flutter (29776): #0      _ReorderableListViewState._itemBuilder (package:flutter/src/material/reorderable_list.dart:380)
I/flutter (29776): #1      SliverReorderableListState._itemBuilder (package:flutter/src/widgets/reorderable_list.dart:1146)
I/flutter (29776): #2      SliverChildBuilderDelegate.build (package:flutter/src/widgets/scroll_delegate.dart:552)
I/flutter (29776): #3      SliverMultiBoxAdaptorElement._build (package:flutter/src/widgets/sliver.dart:1055)
I/flutter (29776): #4      SliverMultiBoxAdaptorElement.performRebuild.processElement (package:flutter/src/widgets/sliver.dart:981)
I/flutter (29776): #5      Iterable.forEach (dart:core/iterable.dart:366)
I/flutter (29776): #6      SliverMultiBoxAdaptorElement.performRebuild (package:flutter/src/widgets/sliver.dart:1032)
I/flutter (29776): #7      SliverMultiBoxAdaptorElement.update (package:flutter/src/widgets/sliver.dart:955)
I/flutter (29776): #8      Element.updateChild (package:flutter/src/widgets/framework.dart:4037)
I/flutter (29776): #9      ComponentElement.performRebuild (package:flutter/src/widgets/framework.dart:5841)
I/flutter (29776): #10     StatefulElement.performRebuild (package:flutter/src/widgets/framework.dart:5982)
I/flutter (29776): #11     Element.rebuild (package:flutter/src/widgets/framework.dart:5529)
I/flutter (29776): #12     StatefulElement.update (package:flutter/src/widgets/framework.dart:6007)
I/flutter (29776): #13     Element.updateChild (package:flutter/src/widgets/framework.dart:4037)
I/flutter (29776): #14     SingleChildRenderObjectElement.update (package:flutter/src/widgets/framework.dart:7122)
I/flutter (29776): #15     Element.updateChild (package:flutter/src/widgets/framework.dart:4037)
I/flutter (29776): #16     Element.updateChildren (package:flutter/src/widgets/framework.dart:4191)
I/flutter (29776): #17     MultiChildRenderObjectElement.update (package:flutter/src/widgets/framework.dart:7295)
I/flutter (29776): #18     _ViewportElement.update (package:flutter/src/widgets/viewport.dart:293)
I/flutter (29776): #19     Element.updateChild (package:flutter/src/widgets/framework.dart:4037)
I/flutter (29776): #20     SingleChildRenderObjectElement.update (package:flutter/src/widgets/framework.dart:7122)
I/flutter (29776): #21     Element.updateChild (package:flutter/src/widgets/framework.dart:4037)
I/flutter (29776): #22     SingleChildRenderObjectElement.update (package:flutter/src/widgets/framework.dart:7122)
I/flutter (29776): #23     Element.updateChild (package:flutter/src/widgets/framework.dart:4037)
I/flutter (29776): #24     SingleChildRenderObjectElement.update (package:flutter/src/widgets/framework.dart:7122)
I/flutter (29776): #25     Element.updateChild (package:flutter/src/widgets/framework.dart:4037)
I/flutter (29776): #26     SingleChildRenderObjectElement.update (package:flutter/src/widgets/framework.dart:7122)
I/flutter (29776): #27     Element.updateChild (package:flutter/src/widgets/framework.dart:4037)
I/flutter (29776): #28     ComponentElement.performRebuild (package:flutter/src/widgets/framework.dart:5841)
I/flutter (29776): #29     StatefulElement.performRebuild (package:flutter/src/widgets/framework.dart:5982)
I/flutter (29776): #30     Element.rebuild (package:flutter/src/widgets/framework.dart:5529)
I/flutter (29776): #31     StatefulElement.update (package:flutter/src/widgets/framework.dart:6007)
I/flutter (29776): #32     Element.updateChild (package:flutter/src/widgets/framework.dart:4037)
I/flutter (29776): #33     SingleChildRenderObjectElement.update (package:flutter/src/widgets/framework.dart:7122)
I/flutter (29776): #34     Element.updateChild (package:flutter/src/widgets/framework.dart:4037)
I/flutter (29776): #35     ComponentElement.performRebuild (package:flutter/src/widgets/framework.dart:5841)
I/flutter (29776): #36     Element.rebuild (package:flutter/src/widgets/framework.dart:5529)
I/flutter (29776): #37     ProxyElement.update (package:flutter/src/widgets/framework.dart:6149)
I/flutter (29776): #38     Element.updateChild (package:flutter/src/widgets/framework.dart:4037)
I/flutter (29776): #39     SingleChildRenderObjectElement.update (package:flutter/src/widgets/framework.dart:7122)
I/flutter (29776): #40     Element.updateChild (package:flutter/src/widgets/framework.dart:4037)
I/flutter (29776): #41     ComponentElement.performRebuild (package:flutter/src/widgets/framework.dart:5841)
I/flutter (29776): #42     Element.rebuild (package:flutter/src/widgets/framework.dart:5529)
I/flutter (29776): #43     ProxyElement.update (package:flutter/src/widgets/framework.dart:6149)
I/flutter (29776): #44     Element.updateChild (package:flutter/src/widgets/framework.dart:4037)
I/flutter (29776): #45     SingleChildRenderObjectElement.update (package:flutter/src/widgets/framework.dart:7122)
I/flutter (29776): #46     Element.updateChild (package:flutter/src/widgets/framework.dart:4037)
I/flutter (29776): #47     SingleChildRenderObjectElement.update (package:flutter/src/widgets/framework.dart:7122)
I/flutter (29776): #48     Element.updateChild (package:flutter/src/widgets/framework.dart:4037)
I/flutter (29776): #49     ComponentElement.performRebuild (package:flutter/src/widgets/framework.dart:5841)
I/flutter (29776): #50     StatefulElement.performRebuild (package:flutter/src/widgets/framework.dart:5982)
I/flutter (29776): #51     Element.rebuild (package:flutter/src/widgets/framework.dart:5529)
I/flutter (29776): #52     StatefulElement.update (package:flutter/src/widgets/framework.dart:6007)
I/flutter (29776): #53     Element.updateChild (package:flutter/src/widgets/framework.dart:4037)
I/flutter (29776): #54     ComponentElement.performRebuild (package:flutter/src/widgets/framework.dart:5841)
I/flutter (29776): #55     Element.rebuild (package:flutter/src/widgets/framework.dart:5529)
I/flutter (29776): #56     StatelessElement.update (package:flutter/src/widgets/framework.dart:5895)
I/flutter (29776): #57     Element.updateChild (package:flutter/src/widgets/framework.dart:4037)
I/flutter (29776): #58     SingleChildRenderObjectElement.update (package:flutter/src/widgets/framework.dart:7122)
I/flutter (29776): #59     Element.updateChild (package:flutter/src/widgets/framework.dart:4037)
I/flutter (29776): #60     ComponentElement.performRebuild (package:flutter/src/widgets/framework.dart:5841)
I/flutter (29776): #61     StatefulElement.performRebuild (package:flutter/src/widgets/framework.dart:5982)
I/flutter (29776): #62     Element.rebuild (package:flutter/src/widgets/framework.dart:5529)
I/flutter (29776): #63     StatefulElement.update (package:flutter/src/widgets/framework.dart:6007)
I/flutter (29776): #64     Element.updateChild (package:flutter/src/widgets/framework.dart:4037)
I/flutter (29776): #65     ComponentElement.performRebuild (package:flutter/src/widgets/framework.dart:5841)
I/flutter (29776): #66     Element.rebuild (package:flutter/src/widgets/framework.dart:5529)
I/flutter (29776): #67     ProxyElement.update (package:flutter/src/widgets/framework.dart:6149)
I/flutter (29776): #68     Element.updateChild (package:flutter/src/widgets/framework.dart:4037)
I/flutter (29776): #69     ComponentElement.performRebuild (package:flutter/src/widgets/framework.dart:5841)
I/flutter (29776): #70     StatefulElement.performRebuild (package:flutter/src/widgets/framework.dart:5982)
I/flutter (29776): #71     Element.rebuild (package:flutter/src/widgets/framework.dart:5529)
I/flutter (29776): #72     StatefulElement.update (package:flutter/src/widgets/framework.dart:6007)
I/flutter (29776): #73     Element.updateChild (package:flutter/src/widgets/framework.dart:4037)
I/flutter (29776): #74     ComponentElement.performRebuild (package:flutter/src/widgets/framework.dart:5841)
I/flutter (29776): #75     StatefulElement.performRebuild (package:flutter/src/widgets/framework.dart:5982)
I/flutter (29776): #76     Element.rebuild (package:flutter/src/widgets/framework.dart:5529)
I/flutter (29776): #77     StatefulElement.update (package:flutter/src/widgets/framework.dart:6007)
I/flutter (29776): #78     Element.updateChild (package:flutter/src/widgets/framework.dart:4037)
I/flutter (29776): #79     ComponentElement.performRebuild (package:flutter/src/widgets/framework.dart:5841)
I/flutter (29776): #80     Element.rebuild (package:flutter/src/widgets/framework.dart:5529)
I/flutter (29776): #81     ProxyElement.update (package:flutter/src/widgets/framework.dart:6149)
I/flutter (29776): #82     Element.updateChild (package:flutter/src/widgets/framework.dart:4037)
I/flutter (29776): #83     ComponentElement.performRebuild (package:flutter/src/widgets/framework.dart:5841)
I/flutter (29776): #84     Element.rebuild (package:flutter/src/widgets/framework.dart:5529)
I/flutter (29776): #85     StatelessElement.update (package:flutter/src/widgets/framework.dart:5895)
I/flutter (29776): #86     Element.updateChild (package:flutter/src/widgets/framework.dart:4037)
I/flutter (29776): #87     ComponentElement.performRebuild (package:flutter/src/widgets/framework.dart:5841)
I/flutter (29776): #88     StatefulElement.performRebuild (package:flutter/src/widgets/framework.dart:5982)
I/flutter (29776): #89     Element.rebuild (package:flutter/src/widgets/framework.dart:5529)
I/flutter (29776): #90     StatefulElement.update (package:flutter/src/widgets/framework.dart:6007)
I/flutter (29776): #91     Element.updateChild (package:flutter/src/widgets/framework.dart:4037)
I/flutter (29776): #92     ComponentElement.performRebuild (package:flutter/src/widgets/framework.dart:5841)
I/flutter (29776): #93     StatefulElement.performRebuild (package:flutter/src/widgets/framework.dart:5982)
I/flutter (29776): #94     Element.rebuild (package:flutter/src/widgets/framework.dart:5529)
I/flutter (29776): #95     BuildScope._tryRebuild (package:flutter/src/widgets/framework.dart:2750)
I/flutter (29776): #96     BuildScope._flushDirtyElements (package:flutter/src/widgets/framework.dart:2807)
I/flutter (29776): #97     BuildOwner.buildScope (package:flutter/src/widgets/framework.dart:3111)
I/flutter (29776): #98     WidgetsBinding.drawFrame (package:flutter/src/widgets/binding.dart:1571)
I/flutter (29776): #99     RendererBinding._handlePersistentFrameCallback (package:flutter/src/rendering/binding.dart:509)
[spm]: ProfilerData event received.
I/flutter (29776): [SPM:perf] 698a51a  buildSpan: 9240µs
I/flutter (29776): [spm] Performance monitoring completed for 698a51a
I/flutter (29776): setState 698a51a
I/flutter (29776): Null check operator used on a null value
I/flutter (29776): #0      _ReorderableListViewState._itemBuilder (package:flutter/src/material/reorderable_list.dart:380)
I/flutter (29776): #1      SliverReorderableListState._itemBuilder (package:flutter/src/widgets/reorderable_list.dart:1146)
I/flutter (29776): #2      SliverChildBuilderDelegate.build (package:flutter/src/widgets/scroll_delegate.dart:552)
I/flutter (29776): #3      SliverMultiBoxAdaptorElement._build (package:flutter/src/widgets/sliver.dart:1055)
I/flutter (29776): #4      SliverMultiBoxAdaptorElement.performRebuild.processElement (package:flutter/src/widgets/sliver.dart:981)
I/flutter (29776): #5      Iterable.forEach (dart:core/iterable.dart:366)
I/flutter (29776): #6      SliverMultiBoxAdaptorElement.performRebuild (package:flutter/src/widgets/sliver.dart:1032)
I/flutter (29776): #7      SliverMultiBoxAdaptorElement.update (package:flutter/src/widgets/sliver.dart:955)
I/flutter (29776): #8      Element.updateChild (package:flutter/src/widgets/framework.dart:4037)
I/flutter (29776): #9      ComponentElement.performRebuild (package:flutter/src/widgets/framework.dart:5841)
I/flutter (29776): #10     StatefulElement.performRebuild (package:flutter/src/widgets/framework.dart:5982)
I/flutter (29776): #11     Element.rebuild (package:flutter/src/widgets/framework.dart:5529)
I/flutter (29776): #12     StatefulElement.update (package:flutter/src/widgets/framework.dart:6007)
I/flutter (29776): #13     Element.updateChild (package:flutter/src/widgets/framework.dart:4037)
I/flutter (29776): #14     SingleChildRenderObjectElement.update (package:flutter/src/widgets/framework.dart:7122)
I/flutter (29776): #15     Element.updateChild (package:flutter/src/widgets/framework.dart:4037)
I/flutter (29776): #16     Element.updateChildren (package:flutter/src/widgets/framework.dart:4191)
I/flutter (29776): #17     MultiChildRenderObjectElement.update (package:flutter/src/widgets/framework.dart:7295)
I/flutter (29776): #18     _ViewportElement.update (package:flutter/src/widgets/viewport.dart:293)
I/flutter (29776): #19     Element.updateChild (package:flutter/src/widgets/framework.dart:4037)
I/flutter (29776): #20     SingleChildRenderObjectElement.update (package:flutter/src/widgets/framework.dart:7122)
I/flutter (29776): #21     Element.updateChild (package:flutter/src/widgets/framework.dart:4037)
I/flutter (29776): #22     SingleChildRenderObjectElement.update (package:flutter/src/widgets/framework.dart:7122)
I/flutter (29776): #23     Element.updateChild (package:flutter/src/widgets/framework.dart:4037)
I/flutter (29776): #24     SingleChildRenderObjectElement.update (package:flutter/src/widgets/framework.dart:7122)
I/flutter (29776): #25     Element.updateChild (package:flutter/src/widgets/framework.dart:4037)
I/flutter (29776): #26     SingleChildRenderObjectElement.update (package:flutter/src/widgets/framework.dart:7122)
I/flutter (29776): #27     Element.updateChild (package:flutter/src/widgets/framework.dart:4037)
I/flutter (29776): #28     ComponentElement.performRebuild (package:flutter/src/widgets/framework.dart:5841)
I/flutter (29776): #29     StatefulElement.performRebuild (package:flutter/src/widgets/framework.dart:5982)
I/flutter (29776): #30     Element.rebuild (package:flutter/src/widgets/framework.dart:5529)
I/flutter (29776): #31     StatefulElement.update (package:flutter/src/widgets/framework.dart:6007)
I/flutter (29776): #32     Element.updateChild (package:flutter/src/widgets/framework.dart:4037)
I/flutter (29776): #33     SingleChildRenderObjectElement.update (package:flutter/src/widgets/framework.dart:7122)
I/flutter (29776): #34     Element.updateChild (package:flutter/src/widgets/framework.dart:4037)
I/flutter (29776): #35     ComponentElement.performRebuild (package:flutter/src/widgets/framework.dart:5841)
I/flutter (29776): #36     Element.rebuild (package:flutter/src/widgets/framework.dart:5529)
I/flutter (29776): #37     ProxyElement.update (package:flutter/src/widgets/framework.dart:6149)
I/flutter (29776): #38     Element.updateChild (package:flutter/src/widgets/framework.dart:4037)
I/flutter (29776): #39     SingleChildRenderObjectElement.update (package:flutter/src/widgets/framework.dart:7122)
I/flutter (29776): #40     Element.updateChild (package:flutter/src/widgets/framework.dart:4037)
I/flutter (29776): #41     ComponentElement.performRebuild (package:flutter/src/widgets/framework.dart:5841)
I/flutter (29776): #42     Element.rebuild (package:flutter/src/widgets/framework.dart:5529)
I/flutter (29776): #43     ProxyElement.update (package:flutter/src/widgets/framework.dart:6149)
I/flutter (29776): #44     Element.updateChild (package:flutter/src/widgets/framework.dart:4037)
I/flutter (29776): #45     SingleChildRenderObjectElement.update (package:flutter/src/widgets/framework.dart:7122)
I/flutter (29776): #46     Element.updateChild (package:flutter/src/widgets/framework.dart:4037)
I/flutter (29776): #47     SingleChildRenderObjectElement.update (package:flutter/src/widgets/framework.dart:7122)
I/flutter (29776): #48     Element.updateChild (package:flutter/src/widgets/framework.dart:4037)
I/flutter (29776): #49     ComponentElement.performRebuild (package:flutter/src/widgets/framework.dart:5841)
I/flutter (29776): #50     StatefulElement.performRebuild (package:flutter/src/widgets/framework.dart:5982)
I/flutter (29776): #51     Element.rebuild (package:flutter/src/widgets/framework.dart:5529)
I/flutter (29776): #52     StatefulElement.update (package:flutter/src/widgets/framework.dart:6007)
I/flutter (29776): #53     Element.updateChild (package:flutter/src/widgets/framework.dart:4037)
I/flutter (29776): #54     ComponentElement.performRebuild (package:flutter/src/widgets/framework.dart:5841)
I/flutter (29776): #55     Element.rebuild (package:flutter/src/widgets/framework.dart:5529)
I/flutter (29776): #56     StatelessElement.update (package:flutter/src/widgets/framework.dart:5895)
I/flutter (29776): #57     Element.updateChild (package:flutter/src/widgets/framework.dart:4037)
I/flutter (29776): #58     SingleChildRenderObjectElement.update (package:flutter/src/widgets/framework.dart:7122)
I/flutter (29776): #59     Element.updateChild (package:flutter/src/widgets/framework.dart:4037)
I/flutter (29776): #60     ComponentElement.performRebuild (package:flutter/src/widgets/framework.dart:5841)
I/flutter (29776): #61     StatefulElement.performRebuild (package:flutter/src/widgets/framework.dart:5982)
I/flutter (29776): #62     Element.rebuild (package:flutter/src/widgets/framework.dart:5529)
I/flutter (29776): #63     StatefulElement.update (package:flutter/src/widgets/framework.dart:6007)
I/flutter (29776): #64     Element.updateChild (package:flutter/src/widgets/framework.dart:4037)
I/flutter (29776): #65     ComponentElement.performRebuild (package:flutter/src/widgets/framework.dart:5841)
I/flutter (29776): #66     Element.rebuild (package:flutter/src/widgets/framework.dart:5529)
I/flutter (29776): #67     ProxyElement.update (package:flutter/src/widgets/framework.dart:6149)
I/flutter (29776): #68     Element.updateChild (package:flutter/src/widgets/framework.dart:4037)
I/flutter (29776): #69     ComponentElement.performRebuild (package:flutter/src/widgets/framework.dart:5841)
I/flutter (29776): #70     StatefulElement.performRebuild (package:flutter/src/widgets/framework.dart:5982)
I/flutter (29776): #71     Element.rebuild (package:flutter/src/widgets/framework.dart:5529)
I/flutter (29776): #72     StatefulElement.update (package:flutter/src/widgets/framework.dart:6007)
I/flutter (29776): #73     Element.updateChild (package:flutter/src/widgets/framework.dart:4037)
I/flutter (29776): #74     ComponentElement.performRebuild (package:flutter/src/widgets/framework.dart:5841)
I/flutter (29776): #75     StatefulElement.performRebuild (package:flutter/src/widgets/framework.dart:5982)
I/flutter (29776): #76     Element.rebuild (package:flutter/src/widgets/framework.dart:5529)
I/flutter (29776): #77     StatefulElement.update (package:flutter/src/widgets/framework.dart:6007)
I/flutter (29776): #78     Element.updateChild (package:flutter/src/widgets/framework.dart:4037)
I/flutter (29776): #79     ComponentElement.performRebuild (package:flutter/src/widgets/framework.dart:5841)
I/flutter (29776): #80     Element.rebuild (package:flutter/src/widgets/framework.dart:5529)
I/flutter (29776): #81     ProxyElement.update (package:flutter/src/widgets/framework.dart:6149)
I/flutter (29776): #82     Element.updateChild (package:flutter/src/widgets/framework.dart:4037)
I/flutter (29776): #83     ComponentElement.performRebuild (package:flutter/src/widgets/framework.dart:5841)
I/flutter (29776): #84     Element.rebuild (package:flutter/src/widgets/framework.dart:5529)
I/flutter (29776): #85     StatelessElement.update (package:flutter/src/widgets/framework.dart:5895)
I/flutter (29776): #86     Element.updateChild (package:flutter/src/widgets/framework.dart:4037)
I/flutter (29776): #87     ComponentElement.performRebuild (package:flutter/src/widgets/framework.dart:5841)
I/flutter (29776): #88     StatefulElement.performRebuild (package:flutter/src/widgets/framework.dart:5982)
I/flutter (29776): #89     Element.rebuild (package:flutter/src/widgets/framework.dart:5529)
I/flutter (29776): #90     StatefulElement.update (package:flutter/src/widgets/framework.dart:6007)
I/flutter (29776): #91     Element.updateChild (package:flutter/src/widgets/framework.dart:4037)
I/flutter (29776): #92     ComponentElement.performRebuild (package:flutter/src/widgets/framework.dart:5841)
I/flutter (29776): #93     StatefulElement.performRebuild (package:flutter/src/widgets/framework.dart:5982)
I/flutter (29776): #94     Element.rebuild (package:flutter/src/widgets/framework.dart:5529)
I/flutter (29776): #95     BuildScope._tryRebuild (package:flutter/src/widgets/framework.dart:2750)
I/flutter (29776): #96     BuildScope._flushDirtyElements (package:flutter/src/widgets/framework.dart:2807)
I/flutter (29776): #97     BuildOwner.buildScope (package:flutter/src/widgets/framework.dart:3111)
I/flutter (29776): #98     WidgetsBinding.drawFrame (package:flutter/src/widgets/binding.dart:1571)
I/flutter (29776): #99     RendererBinding._handlePersistentFrameCallback (package:flutter/src/rendering/binding.dart:509)
[spm]: ProfilerData event received.
I/flutter (29776): [SPM:perf] 698a51a  buildSpan: 9635µs
I/flutter (29776): [spm] Performance monitoring completed for 698a51a
I/flutter (29776): setState 698a51a
I/flutter (29776): Null check operator used on a null value
I/flutter (29776): #0      _ReorderableListViewState._itemBuilder (package:flutter/src/material/reorderable_list.dart:380)
I/flutter (29776): #1      SliverReorderableListState._itemBuilder (package:flutter/src/widgets/reorderable_list.dart:1146)
I/flutter (29776): #2      SliverChildBuilderDelegate.build (package:flutter/src/widgets/scroll_delegate.dart:552)
I/flutter (29776): #3      SliverMultiBoxAdaptorElement._build (package:flutter/src/widgets/sliver.dart:1055)
I/flutter (29776): #4      SliverMultiBoxAdaptorElement.performRebuild.processElement (package:flutter/src/widgets/sliver.dart:981)
I/flutter (29776): #5      Iterable.forEach (dart:core/iterable.dart:366)
I/flutter (29776): #6      SliverMultiBoxAdaptorElement.performRebuild (package:flutter/src/widgets/sliver.dart:1032)
I/flutter (29776): #7      SliverMultiBoxAdaptorElement.update (package:flutter/src/widgets/sliver.dart:955)
I/flutter (29776): #8      Element.updateChild (package:flutter/src/widgets/framework.dart:4037)
I/flutter (29776): #9      ComponentElement.performRebuild (package:flutter/src/widgets/framework.dart:5841)
I/flutter (29776): #10     StatefulElement.performRebuild (package:flutter/src/widgets/framework.dart:5982)
I/flutter (29776): #11     Element.rebuild (package:flutter/src/widgets/framework.dart:5529)
I/flutter (29776): #12     StatefulElement.update (package:flutter/src/widgets/framework.dart:6007)
I/flutter (29776): #13     Element.updateChild (package:flutter/src/widgets/framework.dart:4037)
I/flutter (29776): #14     SingleChildRenderObjectElement.update (package:flutter/src/widgets/framework.dart:7122)
I/flutter (29776): #15     Element.updateChild (package:flutter/src/widgets/framework.dart:4037)
I/flutter (29776): #16     Element.updateChildren (package:flutter/src/widgets/framework.dart:4191)
I/flutter (29776): #17     MultiChildRenderObjectElement.update (package:flutter/src/widgets/framework.dart:7295)
I/flutter (29776): #18     _ViewportElement.update (package:flutter/src/widgets/viewport.dart:293)
I/flutter (29776): #19     Element.updateChild (package:flutter/src/widgets/framework.dart:4037)
I/flutter (29776): #20     SingleChildRenderObjectElement.update (package:flutter/src/widgets/framework.dart:7122)
I/flutter (29776): #21     Element.updateChild (package:flutter/src/widgets/framework.dart:4037)
I/flutter (29776): #22     SingleChildRenderObjectElement.update (package:flutter/src/widgets/framework.dart:7122)
I/flutter (29776): #23     Element.updateChild (package:flutter/src/widgets/framework.dart:4037)
I/flutter (29776): #24     SingleChildRenderObjectElement.update (package:flutter/src/widgets/framework.dart:7122)
I/flutter (29776): #25     Element.updateChild (package:flutter/src/widgets/framework.dart:4037)
I/flutter (29776): #26     SingleChildRenderObjectElement.update (package:flutter/src/widgets/framework.dart:7122)
I/flutter (29776): #27     Element.updateChild (package:flutter/src/widgets/framework.dart:4037)
I/flutter (29776): #28     ComponentElement.performRebuild (package:flutter/src/widgets/framework.dart:5841)
I/flutter (29776): #29     StatefulElement.performRebuild (package:flutter/src/widgets/framework.dart:5982)
I/flutter (29776): #30     Element.rebuild (package:flutter/src/widgets/framework.dart:5529)
I/flutter (29776): #31     StatefulElement.update (package:flutter/src/widgets/framework.dart:6007)
I/flutter (29776): #32     Element.updateChild (package:flutter/src/widgets/framework.dart:4037)
I/flutter (29776): #33     SingleChildRenderObjectElement.update (package:flutter/src/widgets/framework.dart:7122)
I/flutter (29776): #34     Element.updateChild (package:flutter/src/widgets/framework.dart:4037)
I/flutter (29776): #35     ComponentElement.performRebuild (package:flutter/src/widgets/framework.dart:5841)
I/flutter (29776): #36     Element.rebuild (package:flutter/src/widgets/framework.dart:5529)
I/flutter (29776): #37     ProxyElement.update (package:flutter/src/widgets/framework.dart:6149)
I/flutter (29776): #38     Element.updateChild (package:flutter/src/widgets/framework.dart:4037)
I/flutter (29776): #39     SingleChildRenderObjectElement.update (package:flutter/src/widgets/framework.dart:7122)
I/flutter (29776): #40     Element.updateChild (package:flutter/src/widgets/framework.dart:4037)
I/flutter (29776): #41     ComponentElement.performRebuild (package:flutter/src/widgets/framework.dart:5841)
I/flutter (29776): #42     Element.rebuild (package:flutter/src/widgets/framework.dart:5529)
I/flutter (29776): #43     ProxyElement.update (package:flutter/src/widgets/framework.dart:6149)
I/flutter (29776): #44     Element.updateChild (package:flutter/src/widgets/framework.dart:4037)
I/flutter (29776): #45     SingleChildRenderObjectElement.update (package:flutter/src/widgets/framework.dart:7122)
I/flutter (29776): #46     Element.updateChild (package:flutter/src/widgets/framework.dart:4037)
I/flutter (29776): #47     SingleChildRenderObjectElement.update (package:flutter/src/widgets/framework.dart:7122)
I/flutter (29776): #48     Element.updateChild (package:flutter/src/widgets/framework.dart:4037)
I/flutter (29776): #49     ComponentElement.performRebuild (package:flutter/src/widgets/framework.dart:5841)
I/flutter (29776): #50     StatefulElement.performRebuild (package:flutter/src/widgets/framework.dart:5982)
I/flutter (29776): #51     Element.rebuild (package:flutter/src/widgets/framework.dart:5529)
I/flutter (29776): #52     StatefulElement.update (package:flutter/src/widgets/framework.dart:6007)
I/flutter (29776): #53     Element.updateChild (package:flutter/src/widgets/framework.dart:4037)
I/flutter (29776): #54     ComponentElement.performRebuild (package:flutter/src/widgets/framework.dart:5841)
I/flutter (29776): #55     Element.rebuild (package:flutter/src/widgets/framework.dart:5529)
I/flutter (29776): #56     StatelessElement.update (package:flutter/src/widgets/framework.dart:5895)
I/flutter (29776): #57     Element.updateChild (package:flutter/src/widgets/framework.dart:4037)
I/flutter (29776): #58     SingleChildRenderObjectElement.update (package:flutter/src/widgets/framework.dart:7122)
I/flutter (29776): #59     Element.updateChild (package:flutter/src/widgets/framework.dart:4037)
I/flutter (29776): #60     ComponentElement.performRebuild (package:flutter/src/widgets/framework.dart:5841)
I/flutter (29776): #61     StatefulElement.performRebuild (package:flutter/src/widgets/framework.dart:5982)
I/flutter (29776): #62     Element.rebuild (package:flutter/src/widgets/framework.dart:5529)
I/flutter (29776): #63     StatefulElement.update (package:flutter/src/widgets/framework.dart:6007)
I/flutter (29776): #64     Element.updateChild (package:flutter/src/widgets/framework.dart:4037)
I/flutter (29776): #65     ComponentElement.performRebuild (package:flutter/src/widgets/framework.dart:5841)
I/flutter (29776): #66     Element.rebuild (package:flutter/src/widgets/framework.dart:5529)
I/flutter (29776): #67     ProxyElement.update (package:flutter/src/widgets/framework.dart:6149)
I/flutter (29776): #68     Element.updateChild (package:flutter/src/widgets/framework.dart:4037)
I/flutter (29776): #69     ComponentElement.performRebuild (package:flutter/src/widgets/framework.dart:5841)
I/flutter (29776): #70     StatefulElement.performRebuild (package:flutter/src/widgets/framework.dart:5982)
I/flutter (29776): #71     Element.rebuild (package:flutter/src/widgets/framework.dart:5529)
I/flutter (29776): #72     StatefulElement.update (package:flutter/src/widgets/framework.dart:6007)
I/flutter (29776): #73     Element.updateChild (package:flutter/src/widgets/framework.dart:4037)
I/flutter (29776): #74     ComponentElement.performRebuild (package:flutter/src/widgets/framework.dart:5841)
I/flutter (29776): #75     StatefulElement.performRebuild (package:flutter/src/widgets/framework.dart:5982)
I/flutter (29776): #76     Element.rebuild (package:flutter/src/widgets/framework.dart:5529)
I/flutter (29776): #77     StatefulElement.update (package:flutter/src/widgets/framework.dart:6007)
I/flutter (29776): #78     Element.updateChild (package:flutter/src/widgets/framework.dart:4037)
I/flutter (29776): #79     ComponentElement.performRebuild (package:flutter/src/widgets/framework.dart:5841)
I/flutter (29776): #80     Element.rebuild (package:flutter/src/widgets/framework.dart:5529)
I/flutter (29776): #81     ProxyElement.update (package:flutter/src/widgets/framework.dart:6149)
I/flutter (29776): #82     Element.updateChild (package:flutter/src/widgets/framework.dart:4037)
I/flutter (29776): #83     ComponentElement.performRebuild (package:flutter/src/widgets/framework.dart:5841)
I/flutter (29776): #84     Element.rebuild (package:flutter/src/widgets/framework.dart:5529)
I/flutter (29776): #85     StatelessElement.update (package:flutter/src/widgets/framework.dart:5895)
I/flutter (29776): #86     Element.updateChild (package:flutter/src/widgets/framework.dart:4037)
I/flutter (29776): #87     ComponentElement.performRebuild (package:flutter/src/widgets/framework.dart:5841)
I/flutter (29776): #88     StatefulElement.performRebuild (package:flutter/src/widgets/framework.dart:5982)
I/flutter (29776): #89     Element.rebuild (package:flutter/src/widgets/framework.dart:5529)
I/flutter (29776): #90     StatefulElement.update (package:flutter/src/widgets/framework.dart:6007)
I/flutter (29776): #91     Element.updateChild (package:flutter/src/widgets/framework.dart:4037)
I/flutter (29776): #92     ComponentElement.performRebuild (package:flutter/src/widgets/framework.dart:5841)
I/flutter (29776): #93     StatefulElement.performRebuild (package:flutter/src/widgets/framework.dart:5982)
I/flutter (29776): #94     Element.rebuild (package:flutter/src/widgets/framework.dart:5529)
I/flutter (29776): #95     BuildScope._tryRebuild (package:flutter/src/widgets/framework.dart:2750)
I/flutter (29776): #96     BuildScope._flushDirtyElements (package:flutter/src/widgets/framework.dart:2807)
I/flutter (29776): #97     BuildOwner.buildScope (package:flutter/src/widgets/framework.dart:3111)
I/flutter (29776): #98     WidgetsBinding.drawFrame (package:flutter/src/widgets/binding.dart:1571)
I/flutter (29776): #99     RendererBinding._handlePersistentFrameCallback (package:flutter/src/rendering/binding.dart:509)
[spm]: ProfilerData event received.
I/flutter (29776): [SPM:perf] 698a51a  buildSpan: 9560µs
I/flutter (29776): [spm] Performance monitoring completed for 698a51a
I/flutter (29776): setState 698a51a
I/flutter (29776): Null check operator used on a null value
I/flutter (29776): #0      _ReorderableListViewState._itemBuilder (package:flutter/src/material/reorderable_list.dart:380)
I/flutter (29776): #1      SliverReorderableListState._itemBuilder (package:flutter/src/widgets/reorderable_list.dart:1146)
I/flutter (29776): #2      SliverChildBuilderDelegate.build (package:flutter/src/widgets/scroll_delegate.dart:552)
I/flutter (29776): #3      SliverMultiBoxAdaptorElement._build (package:flutter/src/widgets/sliver.dart:1055)
I/flutter (29776): #4      SliverMultiBoxAdaptorElement.performRebuild.processElement (package:flutter/src/widgets/sliver.dart:981)
I/flutter (29776): #5      Iterable.forEach (dart:core/iterable.dart:366)
I/flutter (29776): #6      SliverMultiBoxAdaptorElement.performRebuild (package:flutter/src/widgets/sliver.dart:1032)
I/flutter (29776): #7      SliverMultiBoxAdaptorElement.update (package:flutter/src/widgets/sliver.dart:955)
I/flutter (29776): #8      Element.updateChild (package:flutter/src/widgets/framework.dart:4037)
I/flutter (29776): #9      ComponentElement.performRebuild (package:flutter/src/widgets/framework.dart:5841)
I/flutter (29776): #10     StatefulElement.performRebuild (package:flutter/src/widgets/framework.dart:5982)
I/flutter (29776): #11     Element.rebuild (package:flutter/src/widgets/framework.dart:5529)
I/flutter (29776): #12     StatefulElement.update (package:flutter/src/widgets/framework.dart:6007)
I/flutter (29776): #13     Element.updateChild (package:flutter/src/widgets/framework.dart:4037)
I/flutter (29776): #14     SingleChildRenderObjectElement.update (package:flutter/src/widgets/framework.dart:7122)
I/flutter (29776): #15     Element.updateChild (package:flutter/src/widgets/framework.dart:4037)
I/flutter (29776): #16     Element.updateChildren (package:flutter/src/widgets/framework.dart:4191)
I/flutter (29776): #17     MultiChildRenderObjectElement.update (package:flutter/src/widgets/framework.dart:7295)
I/flutter (29776): #18     _ViewportElement.update (package:flutter/src/widgets/viewport.dart:293)
I/flutter (29776): #19     Element.updateChild (package:flutter/src/widgets/framework.dart:4037)
I/flutter (29776): #20     SingleChildRenderObjectElement.update (package:flutter/src/widgets/framework.dart:7122)
I/flutter (29776): #21     Element.updateChild (package:flutter/src/widgets/framework.dart:4037)
I/flutter (29776): #22     SingleChildRenderObjectElement.update (package:flutter/src/widgets/framework.dart:7122)
I/flutter (29776): #23     Element.updateChild (package:flutter/src/widgets/framework.dart:4037)
I/flutter (29776): #24     SingleChildRenderObjectElement.update (package:flutter/src/widgets/framework.dart:7122)
I/flutter (29776): #25     Element.updateChild (package:flutter/src/widgets/framework.dart:4037)
I/flutter (29776): #26     SingleChildRenderObjectElement.update (package:flutter/src/widgets/framework.dart:7122)
I/flutter (29776): #27     Element.updateChild (package:flutter/src/widgets/framework.dart:4037)
I/flutter (29776): #28     ComponentElement.performRebuild (package:flutter/src/widgets/framework.dart:5841)
I/flutter (29776): #29     StatefulElement.performRebuild (package:flutter/src/widgets/framework.dart:5982)
I/flutter (29776): #30     Element.rebuild (package:flutter/src/widgets/framework.dart:5529)
I/flutter (29776): #31     StatefulElement.update (package:flutter/src/widgets/framework.dart:6007)
I/flutter (29776): #32     Element.updateChild (package:flutter/src/widgets/framework.dart:4037)
I/flutter (29776): #33     SingleChildRenderObjectElement.update (package:flutter/src/widgets/framework.dart:7122)
I/flutter (29776): #34     Element.updateChild (package:flutter/src/widgets/framework.dart:4037)
I/flutter (29776): #35     ComponentElement.performRebuild (package:flutter/src/widgets/framework.dart:5841)
I/flutter (29776): #36     Element.rebuild (package:flutter/src/widgets/framework.dart:5529)
I/flutter (29776): #37     ProxyElement.update (package:flutter/src/widgets/framework.dart:6149)
I/flutter (29776): #38     Element.updateChild (package:flutter/src/widgets/framework.dart:4037)
I/flutter (29776): #39     SingleChildRenderObjectElement.update (package:flutter/src/widgets/framework.dart:7122)
I/flutter (29776): #40     Element.updateChild (package:flutter/src/widgets/framework.dart:4037)
I/flutter (29776): #41     ComponentElement.performRebuild (package:flutter/src/widgets/framework.dart:5841)
I/flutter (29776): #42     Element.rebuild (package:flutter/src/widgets/framework.dart:5529)
I/flutter (29776): #43     ProxyElement.update (package:flutter/src/widgets/framework.dart:6149)
I/flutter (29776): #44     Element.updateChild (package:flutter/src/widgets/framework.dart:4037)
I/flutter (29776): #45     SingleChildRenderObjectElement.update (package:flutter/src/widgets/framework.dart:7122)
I/flutter (29776): #46     Element.updateChild (package:flutter/src/widgets/framework.dart:4037)
I/flutter (29776): #47     SingleChildRenderObjectElement.update (package:flutter/src/widgets/framework.dart:7122)
I/flutter (29776): #48     Element.updateChild (package:flutter/src/widgets/framework.dart:4037)
I/flutter (29776): #49     ComponentElement.performRebuild (package:flutter/src/widgets/framework.dart:5841)
I/flutter (29776): #50     StatefulElement.performRebuild (package:flutter/src/widgets/framework.dart:5982)
I/flutter (29776): #51     Element.rebuild (package:flutter/src/widgets/framework.dart:5529)
I/flutter (29776): #52     StatefulElement.update (package:flutter/src/widgets/framework.dart:6007)
I/flutter (29776): #53     Element.updateChild (package:flutter/src/widgets/framework.dart:4037)
I/flutter (29776): #54     ComponentElement.performRebuild (package:flutter/src/widgets/framework.dart:5841)
I/flutter (29776): #55     Element.rebuild (package:flutter/src/widgets/framework.dart:5529)
I/flutter (29776): #56     StatelessElement.update (package:flutter/src/widgets/framework.dart:5895)
I/flutter (29776): #57     Element.updateChild (package:flutter/src/widgets/framework.dart:4037)
I/flutter (29776): #58     SingleChildRenderObjectElement.update (package:flutter/src/widgets/framework.dart:7122)
I/flutter (29776): #59     Element.updateChild (package:flutter/src/widgets/framework.dart:4037)
I/flutter (29776): #60     ComponentElement.performRebuild (package:flutter/src/widgets/framework.dart:5841)
I/flutter (29776): #61     StatefulElement.performRebuild (package:flutter/src/widgets/framework.dart:5982)
I/flutter (29776): #62     Element.rebuild (package:flutter/src/widgets/framework.dart:5529)
I/flutter (29776): #63     StatefulElement.update (package:flutter/src/widgets/framework.dart:6007)
I/flutter (29776): #64     Element.updateChild (package:flutter/src/widgets/framework.dart:4037)
I/flutter (29776): #65     ComponentElement.performRebuild (package:flutter/src/widgets/framework.dart:5841)
I/flutter (29776): #66     Element.rebuild (package:flutter/src/widgets/framework.dart:5529)
I/flutter (29776): #67     ProxyElement.update (package:flutter/src/widgets/framework.dart:6149)
I/flutter (29776): #68     Element.updateChild (package:flutter/src/widgets/framework.dart:4037)
I/flutter (29776): #69     ComponentElement.performRebuild (package:flutter/src/widgets/framework.dart:5841)
I/flutter (29776): #70     StatefulElement.performRebuild (package:flutter/src/widgets/framework.dart:5982)
I/flutter (29776): #71     Element.rebuild (package:flutter/src/widgets/framework.dart:5529)
I/flutter (29776): #72     StatefulElement.update (package:flutter/src/widgets/framework.dart:6007)
I/flutter (29776): #73     Element.updateChild (package:flutter/src/widgets/framework.dart:4037)
I/flutter (29776): #74     ComponentElement.performRebuild (package:flutter/src/widgets/framework.dart:5841)
I/flutter (29776): #75     StatefulElement.performRebuild (package:flutter/src/widgets/framework.dart:5982)
I/flutter (29776): #76     Element.rebuild (package:flutter/src/widgets/framework.dart:5529)
I/flutter (29776): #77     StatefulElement.update (package:flutter/src/widgets/framework.dart:6007)
I/flutter (29776): #78     Element.updateChild (package:flutter/src/widgets/framework.dart:4037)
I/flutter (29776): #79     ComponentElement.performRebuild (package:flutter/src/widgets/framework.dart:5841)
I/flutter (29776): #80     Element.rebuild (package:flutter/src/widgets/framework.dart:5529)
I/flutter (29776): #81     ProxyElement.update (package:flutter/src/widgets/framework.dart:6149)
I/flutter (29776): #82     Element.updateChild (package:flutter/src/widgets/framework.dart:4037)
I/flutter (29776): #83     ComponentElement.performRebuild (package:flutter/src/widgets/framework.dart:5841)
I/flutter (29776): #84     Element.rebuild (package:flutter/src/widgets/framework.dart:5529)
I/flutter (29776): #85     StatelessElement.update (package:flutter/src/widgets/framework.dart:5895)
I/flutter (29776): #86     Element.updateChild (package:flutter/src/widgets/framework.dart:4037)
I/flutter (29776): #87     ComponentElement.performRebuild (package:flutter/src/widgets/framework.dart:5841)
I/flutter (29776): #88     StatefulElement.performRebuild (package:flutter/src/widgets/framework.dart:5982)
I/flutter (29776): #89     Element.rebuild (package:flutter/src/widgets/framework.dart:5529)
I/flutter (29776): #90     StatefulElement.update (package:flutter/src/widgets/framework.dart:6007)
I/flutter (29776): #91     Element.updateChild (package:flutter/src/widgets/framework.dart:4037)
I/flutter (29776): #92     ComponentElement.performRebuild (package:flutter/src/widgets/framework.dart:5841)
I/flutter (29776): #93     StatefulElement.performRebuild (package:flutter/src/widgets/framework.dart:5982)
I/flutter (29776): #94     Element.rebuild (package:flutter/src/widgets/framework.dart:5529)
I/flutter (29776): #95     BuildScope._tryRebuild (package:flutter/src/widgets/framework.dart:2750)
I/flutter (29776): #96     BuildScope._flushDirtyElements (package:flutter/src/widgets/framework.dart:2807)
I/flutter (29776): #97     BuildOwner.buildScope (package:flutter/src/widgets/framework.dart:3111)
I/flutter (29776): #98     WidgetsBinding.drawFrame (package:flutter/src/widgets/binding.dart:1571)
I/flutter (29776): #99     RendererBinding._handlePersistentFrameCallback (package:flutter/src/rendering/binding.dart:509)
[spm]: ProfilerData event received.
I/flutter (29776): [SPM:perf] 698a51a  buildSpan: 9744µs
I/flutter (29776): [spm] Performance monitoring completed for 698a51a
I/flutter (29776): setState 698a51a
I/flutter (29776): Null check operator used on a null value
I/flutter (29776): #0      _ReorderableListViewState._itemBuilder (package:flutter/src/material/reorderable_list.dart:380)
I/flutter (29776): #1      SliverReorderableListState._itemBuilder (package:flutter/src/widgets/reorderable_list.dart:1146)
I/flutter (29776): #2      SliverChildBuilderDelegate.build (package:flutter/src/widgets/scroll_delegate.dart:552)
I/flutter (29776): #3      SliverMultiBoxAdaptorElement._build (package:flutter/src/widgets/sliver.dart:1055)
I/flutter (29776): #4      SliverMultiBoxAdaptorElement.performRebuild.processElement (package:flutter/src/widgets/sliver.dart:981)
I/flutter (29776): #5      Iterable.forEach (dart:core/iterable.dart:366)
I/flutter (29776): #6      SliverMultiBoxAdaptorElement.performRebuild (package:flutter/src/widgets/sliver.dart:1032)
I/flutter (29776): #7      SliverMultiBoxAdaptorElement.update (package:flutter/src/widgets/sliver.dart:955)
I/flutter (29776): #8      Element.updateChild (package:flutter/src/widgets/framework.dart:4037)
I/flutter (29776): #9      ComponentElement.performRebuild (package:flutter/src/widgets/framework.dart:5841)
I/flutter (29776): #10     StatefulElement.performRebuild (package:flutter/src/widgets/framework.dart:5982)
I/flutter (29776): #11     Element.rebuild (package:flutter/src/widgets/framework.dart:5529)
I/flutter (29776): #12     StatefulElement.update (package:flutter/src/widgets/framework.dart:6007)
I/flutter (29776): #13     Element.updateChild (package:flutter/src/widgets/framework.dart:4037)
I/flutter (29776): #14     SingleChildRenderObjectElement.update (package:flutter/src/widgets/framework.dart:7122)
I/flutter (29776): #15     Element.updateChild (package:flutter/src/widgets/framework.dart:4037)
I/flutter (29776): #16     Element.updateChildren (package:flutter/src/widgets/framework.dart:4191)
I/flutter (29776): #17     MultiChildRenderObjectElement.update (package:flutter/src/widgets/framework.dart:7295)
I/flutter (29776): #18     _ViewportElement.update (package:flutter/src/widgets/viewport.dart:293)
I/flutter (29776): #19     Element.updateChild (package:flutter/src/widgets/framework.dart:4037)
I/flutter (29776): #20     SingleChildRenderObjectElement.update (package:flutter/src/widgets/framework.dart:7122)
I/flutter (29776): #21     Element.updateChild (package:flutter/src/widgets/framework.dart:4037)
I/flutter (29776): #22     SingleChildRenderObjectElement.update (package:flutter/src/widgets/framework.dart:7122)
I/flutter (29776): #23     Element.updateChild (package:flutter/src/widgets/framework.dart:4037)
I/flutter (29776): #24     SingleChildRenderObjectElement.update (package:flutter/src/widgets/framework.dart:7122)
I/flutter (29776): #25     Element.updateChild (package:flutter/src/widgets/framework.dart:4037)
I/flutter (29776): #26     SingleChildRenderObjectElement.update (package:flutter/src/widgets/framework.dart:7122)
I/flutter (29776): #27     Element.updateChild (package:flutter/src/widgets/framework.dart:4037)
I/flutter (29776): #28     ComponentElement.performRebuild (package:flutter/src/widgets/framework.dart:5841)
I/flutter (29776): #29     StatefulElement.performRebuild (package:flutter/src/widgets/framework.dart:5982)
I/flutter (29776): #30     Element.rebuild (package:flutter/src/widgets/framework.dart:5529)
I/flutter (29776): #31     StatefulElement.update (package:flutter/src/widgets/framework.dart:6007)
I/flutter (29776): #32     Element.updateChild (package:flutter/src/widgets/framework.dart:4037)
I/flutter (29776): #33     SingleChildRenderObjectElement.update (package:flutter/src/widgets/framework.dart:7122)
I/flutter (29776): #34     Element.updateChild (package:flutter/src/widgets/framework.dart:4037)
I/flutter (29776): #35     ComponentElement.performRebuild (package:flutter/src/widgets/framework.dart:5841)
I/flutter (29776): #36     Element.rebuild (package:flutter/src/widgets/framework.dart:5529)
I/flutter (29776): #37     ProxyElement.update (package:flutter/src/widgets/framework.dart:6149)
I/flutter (29776): #38     Element.updateChild (package:flutter/src/widgets/framework.dart:4037)
I/flutter (29776): #39     SingleChildRenderObjectElement.update (package:flutter/src/widgets/framework.dart:7122)
I/flutter (29776): #40     Element.updateChild (package:flutter/src/widgets/framework.dart:4037)
I/flutter (29776): #41     ComponentElement.performRebuild (package:flutter/src/widgets/framework.dart:5841)
I/flutter (29776): #42     Element.rebuild (package:flutter/src/widgets/framework.dart:5529)
I/flutter (29776): #43     ProxyElement.update (package:flutter/src/widgets/framework.dart:6149)
I/flutter (29776): #44     Element.updateChild (package:flutter/src/widgets/framework.dart:4037)
I/flutter (29776): #45     SingleChildRenderObjectElement.update (package:flutter/src/widgets/framework.dart:7122)
I/flutter (29776): #46     Element.updateChild (package:flutter/src/widgets/framework.dart:4037)
I/flutter (29776): #47     SingleChildRenderObjectElement.update (package:flutter/src/widgets/framework.dart:7122)
I/flutter (29776): #48     Element.updateChild (package:flutter/src/widgets/framework.dart:4037)
I/flutter (29776): #49     ComponentElement.performRebuild (package:flutter/src/widgets/framework.dart:5841)
I/flutter (29776): #50     StatefulElement.performRebuild (package:flutter/src/widgets/framework.dart:5982)
I/flutter (29776): #51     Element.rebuild (package:flutter/src/widgets/framework.dart:5529)
I/flutter (29776): #52     StatefulElement.update (package:flutter/src/widgets/framework.dart:6007)
I/flutter (29776): #53     Element.updateChild (package:flutter/src/widgets/framework.dart:4037)
I/flutter (29776): #54     ComponentElement.performRebuild (package:flutter/src/widgets/framework.dart:5841)
I/flutter (29776): #55     Element.rebuild (package:flutter/src/widgets/framework.dart:5529)
I/flutter (29776): #56     StatelessElement.update (package:flutter/src/widgets/framework.dart:5895)
I/flutter (29776): #57     Element.updateChild (package:flutter/src/widgets/framework.dart:4037)
I/flutter (29776): #58     SingleChildRenderObjectElement.update (package:flutter/src/widgets/framework.dart:7122)
I/flutter (29776): #59     Element.updateChild (package:flutter/src/widgets/framework.dart:4037)
I/flutter (29776): #60     ComponentElement.performRebuild (package:flutter/src/widgets/framework.dart:5841)
I/flutter (29776): #61     StatefulElement.performRebuild (package:flutter/src/widgets/framework.dart:5982)
I/flutter (29776): #62     Element.rebuild (package:flutter/src/widgets/framework.dart:5529)
I/flutter (29776): #63     StatefulElement.update (package:flutter/src/widgets/framework.dart:6007)
I/flutter (29776): #64     Element.updateChild (package:flutter/src/widgets/framework.dart:4037)
I/flutter (29776): #65     ComponentElement.performRebuild (package:flutter/src/widgets/framework.dart:5841)
I/flutter (29776): #66     Element.rebuild (package:flutter/src/widgets/framework.dart:5529)
I/flutter (29776): #67     ProxyElement.update (package:flutter/src/widgets/framework.dart:6149)
I/flutter (29776): #68     Element.updateChild (package:flutter/src/widgets/framework.dart:4037)
I/flutter (29776): #69     ComponentElement.performRebuild (package:flutter/src/widgets/framework.dart:5841)
I/flutter (29776): #70     StatefulElement.performRebuild (package:flutter/src/widgets/framework.dart:5982)
I/flutter (29776): #71     Element.rebuild (package:flutter/src/widgets/framework.dart:5529)
I/flutter (29776): #72     StatefulElement.update (package:flutter/src/widgets/framework.dart:6007)
I/flutter (29776): #73     Element.updateChild (package:flutter/src/widgets/framework.dart:4037)
I/flutter (29776): #74     ComponentElement.performRebuild (package:flutter/src/widgets/framework.dart:5841)
I/flutter (29776): #75     StatefulElement.performRebuild (package:flutter/src/widgets/framework.dart:5982)
I/flutter (29776): #76     Element.rebuild (package:flutter/src/widgets/framework.dart:5529)
I/flutter (29776): #77     StatefulElement.update (package:flutter/src/widgets/framework.dart:6007)
I/flutter (29776): #78     Element.updateChild (package:flutter/src/widgets/framework.dart:4037)
I/flutter (29776): #79     ComponentElement.performRebuild (package:flutter/src/widgets/framework.dart:5841)
I/flutter (29776): #80     Element.rebuild (package:flutter/src/widgets/framework.dart:5529)
I/flutter (29776): #81     ProxyElement.update (package:flutter/src/widgets/framework.dart:6149)
I/flutter (29776): #82     Element.updateChild (package:flutter/src/widgets/framework.dart:4037)
I/flutter (29776): #83     ComponentElement.performRebuild (package:flutter/src/widgets/framework.dart:5841)
I/flutter (29776): #84     Element.rebuild (package:flutter/src/widgets/framework.dart:5529)
I/flutter (29776): #85     StatelessElement.update (package:flutter/src/widgets/framework.dart:5895)
I/flutter (29776): #86     Element.updateChild (package:flutter/src/widgets/framework.dart:4037)
I/flutter (29776): #87     ComponentElement.performRebuild (package:flutter/src/widgets/framework.dart:5841)
I/flutter (29776): #88     StatefulElement.performRebuild (package:flutter/src/widgets/framework.dart:5982)
I/flutter (29776): #89     Element.rebuild (package:flutter/src/widgets/framework.dart:5529)
I/flutter (29776): #90     StatefulElement.update (package:flutter/src/widgets/framework.dart:6007)
I/flutter (29776): #91     Element.updateChild (package:flutter/src/widgets/framework.dart:4037)
I/flutter (29776): #92     ComponentElement.performRebuild (package:flutter/src/widgets/framework.dart:5841)
I/flutter (29776): #93     StatefulElement.performRebuild (package:flutter/src/widgets/framework.dart:5982)
I/flutter (29776): #94     Element.rebuild (package:flutter/src/widgets/framework.dart:5529)
I/flutter (29776): #95     BuildScope._tryRebuild (package:flutter/src/widgets/framework.dart:2750)
I/flutter (29776): #96     BuildScope._flushDirtyElements (package:flutter/src/widgets/framework.dart:2807)
I/flutter (29776): #97     BuildOwner.buildScope (package:flutter/src/widgets/framework.dart:3111)
I/flutter (29776): #98     WidgetsBinding.drawFrame (package:flutter/src/widgets/binding.dart:1571)
I/flutter (29776): #99     RendererBinding._handlePersistentFrameCallback (package:flutter/src/rendering/binding.dart:509)
[spm]: ProfilerData event received.
I/flutter (29776): [SPM:perf] 698a51a  buildSpan: 9590µs
I/flutter (29776): [spm] Performance monitoring completed for 698a51a
I/flutter (29776): setState 698a51a
I/flutter (29776): Null check operator used on a null value
I/flutter (29776): #0      _ReorderableListViewState._itemBuilder (package:flutter/src/material/reorderable_list.dart:380)
I/flutter (29776): #1      SliverReorderableListState._itemBuilder (package:flutter/src/widgets/reorderable_list.dart:1146)
I/flutter (29776): #2      SliverChildBuilderDelegate.build (package:flutter/src/widgets/scroll_delegate.dart:552)
I/flutter (29776): #3      SliverMultiBoxAdaptorElement._build (package:flutter/src/widgets/sliver.dart:1055)
I/flutter (29776): #4      SliverMultiBoxAdaptorElement.performRebuild.processElement (package:flutter/src/widgets/sliver.dart:981)
I/flutter (29776): #5      Iterable.forEach (dart:core/iterable.dart:366)
I/flutter (29776): #6      SliverMultiBoxAdaptorElement.performRebuild (package:flutter/src/widgets/sliver.dart:1032)
I/flutter (29776): #7      SliverMultiBoxAdaptorElement.update (package:flutter/src/widgets/sliver.dart:955)
I/flutter (29776): #8      Element.updateChild (package:flutter/src/widgets/framework.dart:4037)
I/flutter (29776): #9      ComponentElement.performRebuild (package:flutter/src/widgets/framework.dart:5841)
I/flutter (29776): #10     StatefulElement.performRebuild (package:flutter/src/widgets/framework.dart:5982)
I/flutter (29776): #11     Element.rebuild (package:flutter/src/widgets/framework.dart:5529)
I/flutter (29776): #12     StatefulElement.update (package:flutter/src/widgets/framework.dart:6007)
I/flutter (29776): #13     Element.updateChild (package:flutter/src/widgets/framework.dart:4037)
I/flutter (29776): #14     SingleChildRenderObjectElement.update (package:flutter/src/widgets/framework.dart:7122)
I/flutter (29776): #15     Element.updateChild (package:flutter/src/widgets/framework.dart:4037)
I/flutter (29776): #16     Element.updateChildren (package:flutter/src/widgets/framework.dart:4191)
I/flutter (29776): #17     MultiChildRenderObjectElement.update (package:flutter/src/widgets/framework.dart:7295)
I/flutter (29776): #18     _ViewportElement.update (package:flutter/src/widgets/viewport.dart:293)
I/flutter (29776): #19     Element.updateChild (package:flutter/src/widgets/framework.dart:4037)
I/flutter (29776): #20     SingleChildRenderObjectElement.update (package:flutter/src/widgets/framework.dart:7122)
I/flutter (29776): #21     Element.updateChild (package:flutter/src/widgets/framework.dart:4037)
I/flutter (29776): #22     SingleChildRenderObjectElement.update (package:flutter/src/widgets/framework.dart:7122)
I/flutter (29776): #23     Element.updateChild (package:flutter/src/widgets/framework.dart:4037)
I/flutter (29776): #24     SingleChildRenderObjectElement.update (package:flutter/src/widgets/framework.dart:7122)
I/flutter (29776): #25     Element.updateChild (package:flutter/src/widgets/framework.dart:4037)
I/flutter (29776): #26     SingleChildRenderObjectElement.update (package:flutter/src/widgets/framework.dart:7122)
I/flutter (29776): #27     Element.updateChild (package:flutter/src/widgets/framework.dart:4037)
I/flutter (29776): #28     ComponentElement.performRebuild (package:flutter/src/widgets/framework.dart:5841)
I/flutter (29776): #29     StatefulElement.performRebuild (package:flutter/src/widgets/framework.dart:5982)
I/flutter (29776): #30     Element.rebuild (package:flutter/src/widgets/framework.dart:5529)
I/flutter (29776): #31     StatefulElement.update (package:flutter/src/widgets/framework.dart:6007)
I/flutter (29776): #32     Element.updateChild (package:flutter/src/widgets/framework.dart:4037)
I/flutter (29776): #33     SingleChildRenderObjectElement.update (package:flutter/src/widgets/framework.dart:7122)
I/flutter (29776): #34     Element.updateChild (package:flutter/src/widgets/framework.dart:4037)
I/flutter (29776): #35     ComponentElement.performRebuild (package:flutter/src/widgets/framework.dart:5841)
I/flutter (29776): #36     Element.rebuild (package:flutter/src/widgets/framework.dart:5529)
I/flutter (29776): #37     ProxyElement.update (package:flutter/src/widgets/framework.dart:6149)
I/flutter (29776): #38     Element.updateChild (package:flutter/src/widgets/framework.dart:4037)
I/flutter (29776): #39     SingleChildRenderObjectElement.update (package:flutter/src/widgets/framework.dart:7122)
I/flutter (29776): #40     Element.updateChild (package:flutter/src/widgets/framework.dart:4037)
I/flutter (29776): #41     ComponentElement.performRebuild (package:flutter/src/widgets/framework.dart:5841)
I/flutter (29776): #42     Element.rebuild (package:flutter/src/widgets/framework.dart:5529)
I/flutter (29776): #43     ProxyElement.update (package:flutter/src/widgets/framework.dart:6149)
I/flutter (29776): #44     Element.updateChild (package:flutter/src/widgets/framework.dart:4037)
I/flutter (29776): #45     SingleChildRenderObjectElement.update (package:flutter/src/widgets/framework.dart:7122)
I/flutter (29776): #46     Element.updateChild (package:flutter/src/widgets/framework.dart:4037)
I/flutter (29776): #47     SingleChildRenderObjectElement.update (package:flutter/src/widgets/framework.dart:7122)
I/flutter (29776): #48     Element.updateChild (package:flutter/src/widgets/framework.dart:4037)
I/flutter (29776): #49     ComponentElement.performRebuild (package:flutter/src/widgets/framework.dart:5841)
I/flutter (29776): #50     StatefulElement.performRebuild (package:flutter/src/widgets/framework.dart:5982)
I/flutter (29776): #51     Element.rebuild (package:flutter/src/widgets/framework.dart:5529)
I/flutter (29776): #52     StatefulElement.update (package:flutter/src/widgets/framework.dart:6007)
I/flutter (29776): #53     Element.updateChild (package:flutter/src/widgets/framework.dart:4037)
I/flutter (29776): #54     ComponentElement.performRebuild (package:flutter/src/widgets/framework.dart:5841)
I/flutter (29776): #55     Element.rebuild (package:flutter/src/widgets/framework.dart:5529)
I/flutter (29776): #56     StatelessElement.update (package:flutter/src/widgets/framework.dart:5895)
I/flutter (29776): #57     Element.updateChild (package:flutter/src/widgets/framework.dart:4037)
I/flutter (29776): #58     SingleChildRenderObjectElement.update (package:flutter/src/widgets/framework.dart:7122)
I/flutter (29776): #59     Element.updateChild (package:flutter/src/widgets/framework.dart:4037)
I/flutter (29776): #60     ComponentElement.performRebuild (package:flutter/src/widgets/framework.dart:5841)
I/flutter (29776): #61     StatefulElement.performRebuild (package:flutter/src/widgets/framework.dart:5982)
I/flutter (29776): #62     Element.rebuild (package:flutter/src/widgets/framework.dart:5529)
I/flutter (29776): #63     StatefulElement.update (package:flutter/src/widgets/framework.dart:6007)
I/flutter (29776): #64     Element.updateChild (package:flutter/src/widgets/framework.dart:4037)
I/flutter (29776): #65     ComponentElement.performRebuild (package:flutter/src/widgets/framework.dart:5841)
I/flutter (29776): #66     Element.rebuild (package:flutter/src/widgets/framework.dart:5529)
I/flutter (29776): #67     ProxyElement.update (package:flutter/src/widgets/framework.dart:6149)
I/flutter (29776): #68     Element.updateChild (package:flutter/src/widgets/framework.dart:4037)
I/flutter (29776): #69     ComponentElement.performRebuild (package:flutter/src/widgets/framework.dart:5841)
I/flutter (29776): #70     StatefulElement.performRebuild (package:flutter/src/widgets/framework.dart:5982)
I/flutter (29776): #71     Element.rebuild (package:flutter/src/widgets/framework.dart:5529)
I/flutter (29776): #72     StatefulElement.update (package:flutter/src/widgets/framework.dart:6007)
I/flutter (29776): #73     Element.updateChild (package:flutter/src/widgets/framework.dart:4037)
I/flutter (29776): #74     ComponentElement.performRebuild (package:flutter/src/widgets/framework.dart:5841)
I/flutter (29776): #75     StatefulElement.performRebuild (package:flutter/src/widgets/framework.dart:5982)
I/flutter (29776): #76     Element.rebuild (package:flutter/src/widgets/framework.dart:5529)
I/flutter (29776): #77     StatefulElement.update (package:flutter/src/widgets/framework.dart:6007)
I/flutter (29776): #78     Element.updateChild (package:flutter/src/widgets/framework.dart:4037)
I/flutter (29776): #79     ComponentElement.performRebuild (package:flutter/src/widgets/framework.dart:5841)
I/flutter (29776): #80     Element.rebuild (package:flutter/src/widgets/framework.dart:5529)
I/flutter (29776): #81     ProxyElement.update (package:flutter/src/widgets/framework.dart:6149)
I/flutter (29776): #82     Element.updateChild (package:flutter/src/widgets/framework.dart:4037)
I/flutter (29776): #83     ComponentElement.performRebuild (package:flutter/src/widgets/framework.dart:5841)
I/flutter (29776): #84     Element.rebuild (package:flutter/src/widgets/framework.dart:5529)
I/flutter (29776): #85     StatelessElement.update (package:flutter/src/widgets/framework.dart:5895)
I/flutter (29776): #86     Element.updateChild (package:flutter/src/widgets/framework.dart:4037)
I/flutter (29776): #87     ComponentElement.performRebuild (package:flutter/src/widgets/framework.dart:5841)
I/flutter (29776): #88     StatefulElement.performRebuild (package:flutter/src/widgets/framework.dart:5982)
I/flutter (29776): #89     Element.rebuild (package:flutter/src/widgets/framework.dart:5529)
I/flutter (29776): #90     StatefulElement.update (package:flutter/src/widgets/framework.dart:6007)
I/flutter (29776): #91     Element.updateChild (package:flutter/src/widgets/framework.dart:4037)
I/flutter (29776): #92     ComponentElement.performRebuild (package:flutter/src/widgets/framework.dart:5841)
I/flutter (29776): #93     StatefulElement.performRebuild (package:flutter/src/widgets/framework.dart:5982)
I/flutter (29776): #94     Element.rebuild (package:flutter/src/widgets/framework.dart:5529)
I/flutter (29776): #95     BuildScope._tryRebuild (package:flutter/src/widgets/framework.dart:2750)
I/flutter (29776): #96     BuildScope._flushDirtyElements (package:flutter/src/widgets/framework.dart:2807)
I/flutter (29776): #97     BuildOwner.buildScope (package:flutter/src/widgets/framework.dart:3111)
I/flutter (29776): #98     WidgetsBinding.drawFrame (package:flutter/src/widgets/binding.dart:1571)
I/flutter (29776): #99     RendererBinding._handlePersistentFrameCallback (package:flutter/src/rendering/binding.dart:509)
I/flutter (29776): [SPM:perf] 698a51a  buildSpan: 9548µs
[spm]: ProfilerData event received.
I/flutter (29776): [spm] Performance monitoring completed for 698a51a
I/flutter (29776): setState 698a51a
I/flutter (29776): Null check operator used on a null value
I/flutter (29776): #0      _ReorderableListViewState._itemBuilder (package:flutter/src/material/reorderable_list.dart:380)
I/flutter (29776): #1      SliverReorderableListState._itemBuilder (package:flutter/src/widgets/reorderable_list.dart:1146)
I/flutter (29776): #2      SliverChildBuilderDelegate.build (package:flutter/src/widgets/scroll_delegate.dart:552)
I/flutter (29776): #3      SliverMultiBoxAdaptorElement._build (package:flutter/src/widgets/sliver.dart:1055)
I/flutter (29776): #4      SliverMultiBoxAdaptorElement.performRebuild.processElement (package:flutter/src/widgets/sliver.dart:981)
I/flutter (29776): #5      Iterable.forEach (dart:core/iterable.dart:366)
I/flutter (29776): #6      SliverMultiBoxAdaptorElement.performRebuild (package:flutter/src/widgets/sliver.dart:1032)
I/flutter (29776): #7      SliverMultiBoxAdaptorElement.update (package:flutter/src/widgets/sliver.dart:955)
I/flutter (29776): #8      Element.updateChild (package:flutter/src/widgets/framework.dart:4037)
I/flutter (29776): #9      ComponentElement.performRebuild (package:flutter/src/widgets/framework.dart:5841)
I/flutter (29776): #10     StatefulElement.performRebuild (package:flutter/src/widgets/framework.dart:5982)
I/flutter (29776): #11     Element.rebuild (package:flutter/src/widgets/framework.dart:5529)
I/flutter (29776): #12     StatefulElement.update (package:flutter/src/widgets/framework.dart:6007)
I/flutter (29776): #13     Element.updateChild (package:flutter/src/widgets/framework.dart:4037)
I/flutter (29776): #14     SingleChildRenderObjectElement.update (package:flutter/src/widgets/framework.dart:7122)
I/flutter (29776): #15     Element.updateChild (package:flutter/src/widgets/framework.dart:4037)
I/flutter (29776): #16     Element.updateChildren (package:flutter/src/widgets/framework.dart:4191)
I/flutter (29776): #17     MultiChildRenderObjectElement.update (package:flutter/src/widgets/framework.dart:7295)
I/flutter (29776): #18     _ViewportElement.update (package:flutter/src/widgets/viewport.dart:293)
I/flutter (29776): #19     Element.updateChild (package:flutter/src/widgets/framework.dart:4037)
I/flutter (29776): #20     SingleChildRenderObjectElement.update (package:flutter/src/widgets/framework.dart:7122)
I/flutter (29776): #21     Element.updateChild (package:flutter/src/widgets/framework.dart:4037)
I/flutter (29776): #22     SingleChildRenderObjectElement.update (package:flutter/src/widgets/framework.dart:7122)
I/flutter (29776): #23     Element.updateChild (package:flutter/src/widgets/framework.dart:4037)
I/flutter (29776): #24     SingleChildRenderObjectElement.update (package:flutter/src/widgets/framework.dart:7122)
I/flutter (29776): #25     Element.updateChild (package:flutter/src/widgets/framework.dart:4037)
I/flutter (29776): #26     SingleChildRenderObjectElement.update (package:flutter/src/widgets/framework.dart:7122)
I/flutter (29776): #27     Element.updateChild (package:flutter/src/widgets/framework.dart:4037)
I/flutter (29776): #28     ComponentElement.performRebuild (package:flutter/src/widgets/framework.dart:5841)
I/flutter (29776): #29     StatefulElement.performRebuild (package:flutter/src/widgets/framework.dart:5982)
I/flutter (29776): #30     Element.rebuild (package:flutter/src/widgets/framework.dart:5529)
I/flutter (29776): #31     StatefulElement.update (package:flutter/src/widgets/framework.dart:6007)
I/flutter (29776): #32     Element.updateChild (package:flutter/src/widgets/framework.dart:4037)
I/flutter (29776): #33     SingleChildRenderObjectElement.update (package:flutter/src/widgets/framework.dart:7122)
I/flutter (29776): #34     Element.updateChild (package:flutter/src/widgets/framework.dart:4037)
I/flutter (29776): #35     ComponentElement.performRebuild (package:flutter/src/widgets/framework.dart:5841)
I/flutter (29776): #36     Element.rebuild (package:flutter/src/widgets/framework.dart:5529)
I/flutter (29776): #37     ProxyElement.update (package:flutter/src/widgets/framework.dart:6149)
I/flutter (29776): #38     Element.updateChild (package:flutter/src/widgets/framework.dart:4037)
I/flutter (29776): #39     SingleChildRenderObjectElement.update (package:flutter/src/widgets/framework.dart:7122)
I/flutter (29776): #40     Element.updateChild (package:flutter/src/widgets/framework.dart:4037)
I/flutter (29776): #41     ComponentElement.performRebuild (package:flutter/src/widgets/framework.dart:5841)
I/flutter (29776): #42     Element.rebuild (package:flutter/src/widgets/framework.dart:5529)
I/flutter (29776): #43     ProxyElement.update (package:flutter/src/widgets/framework.dart:6149)
I/flutter (29776): #44     Element.updateChild (package:flutter/src/widgets/framework.dart:4037)
I/flutter (29776): #45     SingleChildRenderObjectElement.update (package:flutter/src/widgets/framework.dart:7122)
I/flutter (29776): #46     Element.updateChild (package:flutter/src/widgets/framework.dart:4037)
I/flutter (29776): #47     SingleChildRenderObjectElement.update (package:flutter/src/widgets/framework.dart:7122)
I/flutter (29776): #48     Element.updateChild (package:flutter/src/widgets/framework.dart:4037)
I/flutter (29776): #49     ComponentElement.performRebuild (package:flutter/src/widgets/framework.dart:5841)
I/flutter (29776): #50     StatefulElement.performRebuild (package:flutter/src/widgets/framework.dart:5982)
I/flutter (29776): #51     Element.rebuild (package:flutter/src/widgets/framework.dart:5529)
I/flutter (29776): #52     StatefulElement.update (package:flutter/src/widgets/framework.dart:6007)
I/flutter (29776): #53     Element.updateChild (package:flutter/src/widgets/framework.dart:4037)
I/flutter (29776): #54     ComponentElement.performRebuild (package:flutter/src/widgets/framework.dart:5841)
I/flutter (29776): #55     Element.rebuild (package:flutter/src/widgets/framework.dart:5529)
I/flutter (29776): #56     StatelessElement.update (package:flutter/src/widgets/framework.dart:5895)
I/flutter (29776): #57     Element.updateChild (package:flutter/src/widgets/framework.dart:4037)
I/flutter (29776): #58     SingleChildRenderObjectElement.update (package:flutter/src/widgets/framework.dart:7122)
I/flutter (29776): #59     Element.updateChild (package:flutter/src/widgets/framework.dart:4037)
I/flutter (29776): #60     ComponentElement.performRebuild (package:flutter/src/widgets/framework.dart:5841)
I/flutter (29776): #61     StatefulElement.performRebuild (package:flutter/src/widgets/framework.dart:5982)
I/flutter (29776): #62     Element.rebuild (package:flutter/src/widgets/framework.dart:5529)
I/flutter (29776): #63     StatefulElement.update (package:flutter/src/widgets/framework.dart:6007)
I/flutter (29776): #64     Element.updateChild (package:flutter/src/widgets/framework.dart:4037)
I/flutter (29776): #65     ComponentElement.performRebuild (package:flutter/src/widgets/framework.dart:5841)
I/flutter (29776): #66     Element.rebuild (package:flutter/src/widgets/framework.dart:5529)
I/flutter (29776): #67     ProxyElement.update (package:flutter/src/widgets/framework.dart:6149)
I/flutter (29776): #68     Element.updateChild (package:flutter/src/widgets/framework.dart:4037)
I/flutter (29776): #69     ComponentElement.performRebuild (package:flutter/src/widgets/framework.dart:5841)
I/flutter (29776): #70     StatefulElement.performRebuild (package:flutter/src/widgets/framework.dart:5982)
I/flutter (29776): #71     Element.rebuild (package:flutter/src/widgets/framework.dart:5529)
I/flutter (29776): #72     StatefulElement.update (package:flutter/src/widgets/framework.dart:6007)
I/flutter (29776): #73     Element.updateChild (package:flutter/src/widgets/framework.dart:4037)
I/flutter (29776): #74     ComponentElement.performRebuild (package:flutter/src/widgets/framework.dart:5841)
I/flutter (29776): #75     StatefulElement.performRebuild (package:flutter/src/widgets/framework.dart:5982)
I/flutter (29776): #76     Element.rebuild (package:flutter/src/widgets/framework.dart:5529)
I/flutter (29776): #77     StatefulElement.update (package:flutter/src/widgets/framework.dart:6007)
I/flutter (29776): #78     Element.updateChild (package:flutter/src/widgets/framework.dart:4037)
I/flutter (29776): #79     ComponentElement.performRebuild (package:flutter/src/widgets/framework.dart:5841)
I/flutter (29776): #80     Element.rebuild (package:flutter/src/widgets/framework.dart:5529)
I/flutter (29776): #81     ProxyElement.update (package:flutter/src/widgets/framework.dart:6149)
I/flutter (29776): #82     Element.updateChild (package:flutter/src/widgets/framework.dart:4037)
I/flutter (29776): #83     ComponentElement.performRebuild (package:flutter/src/widgets/framework.dart:5841)
I/flutter (29776): #84     Element.rebuild (package:flutter/src/widgets/framework.dart:5529)
I/flutter (29776): #85     StatelessElement.update (package:flutter/src/widgets/framework.dart:5895)
I/flutter (29776): #86     Element.updateChild (package:flutter/src/widgets/framework.dart:4037)
I/flutter (29776): #87     ComponentElement.performRebuild (package:flutter/src/widgets/framework.dart:5841)
I/flutter (29776): #88     StatefulElement.performRebuild (package:flutter/src/widgets/framework.dart:5982)
I/flutter (29776): #89     Element.rebuild (package:flutter/src/widgets/framework.dart:5529)
I/flutter (29776): #90     StatefulElement.update (package:flutter/src/widgets/framework.dart:6007)
I/flutter (29776): #91     Element.updateChild (package:flutter/src/widgets/framework.dart:4037)
I/flutter (29776): #92     ComponentElement.performRebuild (package:flutter/src/widgets/framework.dart:5841)
I/flutter (29776): #93     StatefulElement.performRebuild (package:flutter/src/widgets/framework.dart:5982)
I/flutter (29776): #94     Element.rebuild (package:flutter/src/widgets/framework.dart:5529)
I/flutter (29776): #95     BuildScope._tryRebuild (package:flutter/src/widgets/framework.dart:2750)
I/flutter (29776): #96     BuildScope._flushDirtyElements (package:flutter/src/widgets/framework.dart:2807)
I/flutter (29776): #97     BuildOwner.buildScope (package:flutter/src/widgets/framework.dart:3111)
I/flutter (29776): #98     WidgetsBinding.drawFrame (package:flutter/src/widgets/binding.dart:1571)
I/flutter (29776): #99     RendererBinding._handlePersistentFrameCallback (package:flutter/src/rendering/binding.dart:509)
[spm]: ProfilerData event received.
I/flutter (29776): [SPM:perf] 698a51a  buildSpan: 9911µs
I/flutter (29776): [spm] Performance monitoring completed for 698a51a
I/flutter (29776): setState 698a51a
I/flutter (29776): Null check operator used on a null value
I/flutter (29776): #0      _ReorderableListViewState._itemBuilder (package:flutter/src/material/reorderable_list.dart:380)
I/flutter (29776): #1      SliverReorderableListState._itemBuilder (package:flutter/src/widgets/reorderable_list.dart:1146)
I/flutter (29776): #2      SliverChildBuilderDelegate.build (package:flutter/src/widgets/scroll_delegate.dart:552)
I/flutter (29776): #3      SliverMultiBoxAdaptorElement._build (package:flutter/src/widgets/sliver.dart:1055)
I/flutter (29776): #4      SliverMultiBoxAdaptorElement.performRebuild.processElement (package:flutter/src/widgets/sliver.dart:981)
I/flutter (29776): #5      Iterable.forEach (dart:core/iterable.dart:366)
I/flutter (29776): #6      SliverMultiBoxAdaptorElement.performRebuild (package:flutter/src/widgets/sliver.dart:1032)
I/flutter (29776): #7      SliverMultiBoxAdaptorElement.update (package:flutter/src/widgets/sliver.dart:955)
I/flutter (29776): #8      Element.updateChild (package:flutter/src/widgets/framework.dart:4037)
I/flutter (29776): #9      ComponentElement.performRebuild (package:flutter/src/widgets/framework.dart:5841)
I/flutter (29776): #10     StatefulElement.performRebuild (package:flutter/src/widgets/framework.dart:5982)
I/flutter (29776): #11     Element.rebuild (package:flutter/src/widgets/framework.dart:5529)
I/flutter (29776): #12     StatefulElement.update (package:flutter/src/widgets/framework.dart:6007)
I/flutter (29776): #13     Element.updateChild (package:flutter/src/widgets/framework.dart:4037)
I/flutter (29776): #14     SingleChildRenderObjectElement.update (package:flutter/src/widgets/framework.dart:7122)
I/flutter (29776): #15     Element.updateChild (package:flutter/src/widgets/framework.dart:4037)
I/flutter (29776): #16     Element.updateChildren (package:flutter/src/widgets/framework.dart:4191)
I/flutter (29776): #17     MultiChildRenderObjectElement.update (package:flutter/src/widgets/framework.dart:7295)
I/flutter (29776): #18     _ViewportElement.update (package:flutter/src/widgets/viewport.dart:293)
I/flutter (29776): #19     Element.updateChild (package:flutter/src/widgets/framework.dart:4037)
I/flutter (29776): #20     SingleChildRenderObjectElement.update (package:flutter/src/widgets/framework.dart:7122)
I/flutter (29776): #21     Element.updateChild (package:flutter/src/widgets/framework.dart:4037)
I/flutter (29776): #22     SingleChildRenderObjectElement.update (package:flutter/src/widgets/framework.dart:7122)
I/flutter (29776): #23     Element.updateChild (package:flutter/src/widgets/framework.dart:4037)
I/flutter (29776): #24     SingleChildRenderObjectElement.update (package:flutter/src/widgets/framework.dart:7122)
I/flutter (29776): #25     Element.updateChild (package:flutter/src/widgets/framework.dart:4037)
I/flutter (29776): #26     SingleChildRenderObjectElement.update (package:flutter/src/widgets/framework.dart:7122)
I/flutter (29776): #27     Element.updateChild (package:flutter/src/widgets/framework.dart:4037)
I/flutter (29776): #28     ComponentElement.performRebuild (package:flutter/src/widgets/framework.dart:5841)
I/flutter (29776): #29     StatefulElement.performRebuild (package:flutter/src/widgets/framework.dart:5982)
I/flutter (29776): #30     Element.rebuild (package:flutter/src/widgets/framework.dart:5529)
I/flutter (29776): #31     StatefulElement.update (package:flutter/src/widgets/framework.dart:6007)
I/flutter (29776): #32     Element.updateChild (package:flutter/src/widgets/framework.dart:4037)
I/flutter (29776): #33     SingleChildRenderObjectElement.update (package:flutter/src/widgets/framework.dart:7122)
I/flutter (29776): #34     Element.updateChild (package:flutter/src/widgets/framework.dart:4037)
I/flutter (29776): #35     ComponentElement.performRebuild (package:flutter/src/widgets/framework.dart:5841)
I/flutter (29776): #36     Element.rebuild (package:flutter/src/widgets/framework.dart:5529)
I/flutter (29776): #37     ProxyElement.update (package:flutter/src/widgets/framework.dart:6149)
I/flutter (29776): #38     Element.updateChild (package:flutter/src/widgets/framework.dart:4037)
I/flutter (29776): #39     SingleChildRenderObjectElement.update (package:flutter/src/widgets/framework.dart:7122)
I/flutter (29776): #40     Element.updateChild (package:flutter/src/widgets/framework.dart:4037)
I/flutter (29776): #41     ComponentElement.performRebuild (package:flutter/src/widgets/framework.dart:5841)
I/flutter (29776): #42     Element.rebuild (package:flutter/src/widgets/framework.dart:5529)
I/flutter (29776): #43     ProxyElement.update (package:flutter/src/widgets/framework.dart:6149)
I/flutter (29776): #44     Element.updateChild (package:flutter/src/widgets/framework.dart:4037)
I/flutter (29776): #45     SingleChildRenderObjectElement.update (package:flutter/src/widgets/framework.dart:7122)
I/flutter (29776): #46     Element.updateChild (package:flutter/src/widgets/framework.dart:4037)
I/flutter (29776): #47     SingleChildRenderObjectElement.update (package:flutter/src/widgets/framework.dart:7122)
I/flutter (29776): #48     Element.updateChild (package:flutter/src/widgets/framework.dart:4037)
I/flutter (29776): #49     ComponentElement.performRebuild (package:flutter/src/widgets/framework.dart:5841)
I/flutter (29776): #50     StatefulElement.performRebuild (package:flutter/src/widgets/framework.dart:5982)
I/flutter (29776): #51     Element.rebuild (package:flutter/src/widgets/framework.dart:5529)
I/flutter (29776): #52     StatefulElement.update (package:flutter/src/widgets/framework.dart:6007)
I/flutter (29776): #53     Element.updateChild (package:flutter/src/widgets/framework.dart:4037)
I/flutter (29776): #54     ComponentElement.performRebuild (package:flutter/src/widgets/framework.dart:5841)
I/flutter (29776): #55     Element.rebuild (package:flutter/src/widgets/framework.dart:5529)
I/flutter (29776): #56     StatelessElement.update (package:flutter/src/widgets/framework.dart:5895)
I/flutter (29776): #57     Element.updateChild (package:flutter/src/widgets/framework.dart:4037)
I/flutter (29776): #58     SingleChildRenderObjectElement.update (package:flutter/src/widgets/framework.dart:7122)
I/flutter (29776): #59     Element.updateChild (package:flutter/src/widgets/framework.dart:4037)
I/flutter (29776): #60     ComponentElement.performRebuild (package:flutter/src/widgets/framework.dart:5841)
I/flutter (29776): #61     StatefulElement.performRebuild (package:flutter/src/widgets/framework.dart:5982)
I/flutter (29776): #62     Element.rebuild (package:flutter/src/widgets/framework.dart:5529)
I/flutter (29776): #63     StatefulElement.update (package:flutter/src/widgets/framework.dart:6007)
I/flutter (29776): #64     Element.updateChild (package:flutter/src/widgets/framework.dart:4037)
I/flutter (29776): #65     ComponentElement.performRebuild (package:flutter/src/widgets/framework.dart:5841)
I/flutter (29776): #66     Element.rebuild (package:flutter/src/widgets/framework.dart:5529)
I/flutter (29776): #67     ProxyElement.update (package:flutter/src/widgets/framework.dart:6149)
I/flutter (29776): #68     Element.updateChild (package:flutter/src/widgets/framework.dart:4037)
I/flutter (29776): #69     ComponentElement.performRebuild (package:flutter/src/widgets/framework.dart:5841)
I/flutter (29776): #70     StatefulElement.performRebuild (package:flutter/src/widgets/framework.dart:5982)
I/flutter (29776): #71     Element.rebuild (package:flutter/src/widgets/framework.dart:5529)
I/flutter (29776): #72     StatefulElement.update (package:flutter/src/widgets/framework.dart:6007)
I/flutter (29776): #73     Element.updateChild (package:flutter/src/widgets/framework.dart:4037)
I/flutter (29776): #74     ComponentElement.performRebuild (package:flutter/src/widgets/framework.dart:5841)
I/flutter (29776): #75     StatefulElement.performRebuild (package:flutter/src/widgets/framework.dart:5982)
I/flutter (29776): #76     Element.rebuild (package:flutter/src/widgets/framework.dart:5529)
I/flutter (29776): #77     StatefulElement.update (package:flutter/src/widgets/framework.dart:6007)
I/flutter (29776): #78     Element.updateChild (package:flutter/src/widgets/framework.dart:4037)
I/flutter (29776): #79     ComponentElement.performRebuild (package:flutter/src/widgets/framework.dart:5841)
I/flutter (29776): #80     Element.rebuild (package:flutter/src/widgets/framework.dart:5529)
I/flutter (29776): #81     ProxyElement.update (package:flutter/src/widgets/framework.dart:6149)
I/flutter (29776): #82     Element.updateChild (package:flutter/src/widgets/framework.dart:4037)
I/flutter (29776): #83     ComponentElement.performRebuild (package:flutter/src/widgets/framework.dart:5841)
I/flutter (29776): #84     Element.rebuild (package:flutter/src/widgets/framework.dart:5529)
I/flutter (29776): #85     StatelessElement.update (package:flutter/src/widgets/framework.dart:5895)
I/flutter (29776): #86     Element.updateChild (package:flutter/src/widgets/framework.dart:4037)
I/flutter (29776): #87     ComponentElement.performRebuild (package:flutter/src/widgets/framework.dart:5841)
I/flutter (29776): #88     StatefulElement.performRebuild (package:flutter/src/widgets/framework.dart:5982)
I/flutter (29776): #89     Element.rebuild (package:flutter/src/widgets/framework.dart:5529)
I/flutter (29776): #90     StatefulElement.update (package:flutter/src/widgets/framework.dart:6007)
I/flutter (29776): #91     Element.updateChild (package:flutter/src/widgets/framework.dart:4037)
I/flutter (29776): #92     ComponentElement.performRebuild (package:flutter/src/widgets/framework.dart:5841)
I/flutter (29776): #93     StatefulElement.performRebuild (package:flutter/src/widgets/framework.dart:5982)
I/flutter (29776): #94     Element.rebuild (package:flutter/src/widgets/framework.dart:5529)
I/flutter (29776): #95     BuildScope._tryRebuild (package:flutter/src/widgets/framework.dart:2750)
I/flutter (29776): #96     BuildScope._flushDirtyElements (package:flutter/src/widgets/framework.dart:2807)
I/flutter (29776): #97     BuildOwner.buildScope (package:flutter/src/widgets/framework.dart:3111)
I/flutter (29776): #98     WidgetsBinding.drawFrame (package:flutter/src/widgets/binding.dart:1571)
I/flutter (29776): #99     RendererBinding._handlePersistentFrameCallback (package:flutter/src/rendering/binding.dart:509)
[spm]: ProfilerData event received.
I/flutter (29776): [SPM:perf] 698a51a  buildSpan: 9316µs
I/flutter (29776): [spm] Performance monitoring completed for 698a51a
I/flutter (29776): setState 698a51a
I/flutter (29776): Null check operator used on a null value
I/flutter (29776): #0      _ReorderableListViewState._itemBuilder (package:flutter/src/material/reorderable_list.dart:380)
I/flutter (29776): #1      SliverReorderableListState._itemBuilder (package:flutter/src/widgets/reorderable_list.dart:1146)
I/flutter (29776): #2      SliverChildBuilderDelegate.build (package:flutter/src/widgets/scroll_delegate.dart:552)
I/flutter (29776): #3      SliverMultiBoxAdaptorElement._build (package:flutter/src/widgets/sliver.dart:1055)
I/flutter (29776): #4      SliverMultiBoxAdaptorElement.performRebuild.processElement (package:flutter/src/widgets/sliver.dart:981)
I/flutter (29776): #5      Iterable.forEach (dart:core/iterable.dart:366)
I/flutter (29776): #6      SliverMultiBoxAdaptorElement.performRebuild (package:flutter/src/widgets/sliver.dart:1032)
I/flutter (29776): #7      SliverMultiBoxAdaptorElement.update (package:flutter/src/widgets/sliver.dart:955)
I/flutter (29776): #8      Element.updateChild (package:flutter/src/widgets/framework.dart:4037)
I/flutter (29776): #9      ComponentElement.performRebuild (package:flutter/src/widgets/framework.dart:5841)
I/flutter (29776): #10     StatefulElement.performRebuild (package:flutter/src/widgets/framework.dart:5982)
I/flutter (29776): #11     Element.rebuild (package:flutter/src/widgets/framework.dart:5529)
I/flutter (29776): #12     StatefulElement.update (package:flutter/src/widgets/framework.dart:6007)
I/flutter (29776): #13     Element.updateChild (package:flutter/src/widgets/framework.dart:4037)
I/flutter (29776): #14     SingleChildRenderObjectElement.update (package:flutter/src/widgets/framework.dart:7122)
I/flutter (29776): #15     Element.updateChild (package:flutter/src/widgets/framework.dart:4037)
I/flutter (29776): #16     Element.updateChildren (package:flutter/src/widgets/framework.dart:4191)
I/flutter (29776): #17     MultiChildRenderObjectElement.update (package:flutter/src/widgets/framework.dart:7295)
I/flutter (29776): #18     _ViewportElement.update (package:flutter/src/widgets/viewport.dart:293)
I/flutter (29776): #19     Element.updateChild (package:flutter/src/widgets/framework.dart:4037)
I/flutter (29776): #20     SingleChildRenderObjectElement.update (package:flutter/src/widgets/framework.dart:7122)
I/flutter (29776): #21     Element.updateChild (package:flutter/src/widgets/framework.dart:4037)
I/flutter (29776): #22     SingleChildRenderObjectElement.update (package:flutter/src/widgets/framework.dart:7122)
I/flutter (29776): #23     Element.updateChild (package:flutter/src/widgets/framework.dart:4037)
I/flutter (29776): #24     SingleChildRenderObjectElement.update (package:flutter/src/widgets/framework.dart:7122)
I/flutter (29776): #25     Element.updateChild (package:flutter/src/widgets/framework.dart:4037)
I/flutter (29776): #26     SingleChildRenderObjectElement.update (package:flutter/src/widgets/framework.dart:7122)
I/flutter (29776): #27     Element.updateChild (package:flutter/src/widgets/framework.dart:4037)
I/flutter (29776): #28     ComponentElement.performRebuild (package:flutter/src/widgets/framework.dart:5841)
I/flutter (29776): #29     StatefulElement.performRebuild (package:flutter/src/widgets/framework.dart:5982)
I/flutter (29776): #30     Element.rebuild (package:flutter/src/widgets/framework.dart:5529)
I/flutter (29776): #31     StatefulElement.update (package:flutter/src/widgets/framework.dart:6007)
I/flutter (29776): #32     Element.updateChild (package:flutter/src/widgets/framework.dart:4037)
I/flutter (29776): #33     SingleChildRenderObjectElement.update (package:flutter/src/widgets/framework.dart:7122)
I/flutter (29776): #34     Element.updateChild (package:flutter/src/widgets/framework.dart:4037)
I/flutter (29776): #35     ComponentElement.performRebuild (package:flutter/src/widgets/framework.dart:5841)
I/flutter (29776): #36     Element.rebuild (package:flutter/src/widgets/framework.dart:5529)
I/flutter (29776): #37     ProxyElement.update (package:flutter/src/widgets/framework.dart:6149)
I/flutter (29776): #38     Element.updateChild (package:flutter/src/widgets/framework.dart:4037)
I/flutter (29776): #39     SingleChildRenderObjectElement.update (package:flutter/src/widgets/framework.dart:7122)
I/flutter (29776): #40     Element.updateChild (package:flutter/src/widgets/framework.dart:4037)
I/flutter (29776): #41     ComponentElement.performRebuild (package:flutter/src/widgets/framework.dart:5841)
I/flutter (29776): #42     Element.rebuild (package:flutter/src/widgets/framework.dart:5529)
I/flutter (29776): #43     ProxyElement.update (package:flutter/src/widgets/framework.dart:6149)
I/flutter (29776): #44     Element.updateChild (package:flutter/src/widgets/framework.dart:4037)
I/flutter (29776): #45     SingleChildRenderObjectElement.update (package:flutter/src/widgets/framework.dart:7122)
I/flutter (29776): #46     Element.updateChild (package:flutter/src/widgets/framework.dart:4037)
I/flutter (29776): #47     SingleChildRenderObjectElement.update (package:flutter/src/widgets/framework.dart:7122)
I/flutter (29776): #48     Element.updateChild (package:flutter/src/widgets/framework.dart:4037)
I/flutter (29776): #49     ComponentElement.performRebuild (package:flutter/src/widgets/framework.dart:5841)
I/flutter (29776): #50     StatefulElement.performRebuild (package:flutter/src/widgets/framework.dart:5982)
I/flutter (29776): #51     Element.rebuild (package:flutter/src/widgets/framework.dart:5529)
I/flutter (29776): #52     StatefulElement.update (package:flutter/src/widgets/framework.dart:6007)
I/flutter (29776): #53     Element.updateChild (package:flutter/src/widgets/framework.dart:4037)
I/flutter (29776): #54     ComponentElement.performRebuild (package:flutter/src/widgets/framework.dart:5841)
I/flutter (29776): #55     Element.rebuild (package:flutter/src/widgets/framework.dart:5529)
I/flutter (29776): #56     StatelessElement.update (package:flutter/src/widgets/framework.dart:5895)
I/flutter (29776): #57     Element.updateChild (package:flutter/src/widgets/framework.dart:4037)
I/flutter (29776): #58     SingleChildRenderObjectElement.update (package:flutter/src/widgets/framework.dart:7122)
I/flutter (29776): #59     Element.updateChild (package:flutter/src/widgets/framework.dart:4037)
I/flutter (29776): #60     ComponentElement.performRebuild (package:flutter/src/widgets/framework.dart:5841)
I/flutter (29776): #61     StatefulElement.performRebuild (package:flutter/src/widgets/framework.dart:5982)
I/flutter (29776): #62     Element.rebuild (package:flutter/src/widgets/framework.dart:5529)
I/flutter (29776): #63     StatefulElement.update (package:flutter/src/widgets/framework.dart:6007)
I/flutter (29776): #64     Element.updateChild (package:flutter/src/widgets/framework.dart:4037)
I/flutter (29776): #65     ComponentElement.performRebuild (package:flutter/src/widgets/framework.dart:5841)
I/flutter (29776): #66     Element.rebuild (package:flutter/src/widgets/framework.dart:5529)
I/flutter (29776): #67     ProxyElement.update (package:flutter/src/widgets/framework.dart:6149)
I/flutter (29776): #68     Element.updateChild (package:flutter/src/widgets/framework.dart:4037)
I/flutter (29776): #69     ComponentElement.performRebuild (package:flutter/src/widgets/framework.dart:5841)
I/flutter (29776): #70     StatefulElement.performRebuild (package:flutter/src/widgets/framework.dart:5982)
I/flutter (29776): #71     Element.rebuild (package:flutter/src/widgets/framework.dart:5529)
I/flutter (29776): #72     StatefulElement.update (package:flutter/src/widgets/framework.dart:6007)
I/flutter (29776): #73     Element.updateChild (package:flutter/src/widgets/framework.dart:4037)
I/flutter (29776): #74     ComponentElement.performRebuild (package:flutter/src/widgets/framework.dart:5841)
I/flutter (29776): #75     StatefulElement.performRebuild (package:flutter/src/widgets/framework.dart:5982)
I/flutter (29776): #76     Element.rebuild (package:flutter/src/widgets/framework.dart:5529)
I/flutter (29776): #77     StatefulElement.update (package:flutter/src/widgets/framework.dart:6007)
I/flutter (29776): #78     Element.updateChild (package:flutter/src/widgets/framework.dart:4037)
I/flutter (29776): #79     ComponentElement.performRebuild (package:flutter/src/widgets/framework.dart:5841)
I/flutter (29776): #80     Element.rebuild (package:flutter/src/widgets/framework.dart:5529)
I/flutter (29776): #81     ProxyElement.update (package:flutter/src/widgets/framework.dart:6149)
I/flutter (29776): #82     Element.updateChild (package:flutter/src/widgets/framework.dart:4037)
I/flutter (29776): #83     ComponentElement.performRebuild (package:flutter/src/widgets/framework.dart:5841)
I/flutter (29776): #84     Element.rebuild (package:flutter/src/widgets/framework.dart:5529)
I/flutter (29776): #85     StatelessElement.update (package:flutter/src/widgets/framework.dart:5895)
I/flutter (29776): #86     Element.updateChild (package:flutter/src/widgets/framework.dart:4037)
I/flutter (29776): #87     ComponentElement.performRebuild (package:flutter/src/widgets/framework.dart:5841)
I/flutter (29776): #88     StatefulElement.performRebuild (package:flutter/src/widgets/framework.dart:5982)
I/flutter (29776): #89     Element.rebuild (package:flutter/src/widgets/framework.dart:5529)
I/flutter (29776): #90     StatefulElement.update (package:flutter/src/widgets/framework.dart:6007)
I/flutter (29776): #91     Element.updateChild (package:flutter/src/widgets/framework.dart:4037)
I/flutter (29776): #92     ComponentElement.performRebuild (package:flutter/src/widgets/framework.dart:5841)
I/flutter (29776): #93     StatefulElement.performRebuild (package:flutter/src/widgets/framework.dart:5982)
I/flutter (29776): #94     Element.rebuild (package:flutter/src/widgets/framework.dart:5529)
I/flutter (29776): #95     BuildScope._tryRebuild (package:flutter/src/widgets/framework.dart:2750)
I/flutter (29776): #96     BuildScope._flushDirtyElements (package:flutter/src/widgets/framework.dart:2807)
I/flutter (29776): #97     BuildOwner.buildScope (package:flutter/src/widgets/framework.dart:3111)
I/flutter (29776): #98     WidgetsBinding.drawFrame (package:flutter/src/widgets/binding.dart:1571)
I/flutter (29776): #99     RendererBinding._handlePersistentFrameCallback (package:flutter/src/rendering/binding.dart:509)
[spm]: ProfilerData event received.
I/flutter (29776): [SPM:perf] 698a51a  buildSpan: 8958µs
I/flutter (29776): [spm] Performance monitoring completed for 698a51a
I/flutter (29776): setState 698a51a
I/flutter (29776): Null check operator used on a null value
I/flutter (29776): #0      _ReorderableListViewState._itemBuilder (package:flutter/src/material/reorderable_list.dart:380)
I/flutter (29776): #1      SliverReorderableListState._itemBuilder (package:flutter/src/widgets/reorderable_list.dart:1146)
I/flutter (29776): #2      SliverChildBuilderDelegate.build (package:flutter/src/widgets/scroll_delegate.dart:552)
I/flutter (29776): #3      SliverMultiBoxAdaptorElement._build (package:flutter/src/widgets/sliver.dart:1055)
I/flutter (29776): #4      SliverMultiBoxAdaptorElement.performRebuild.processElement (package:flutter/src/widgets/sliver.dart:981)
I/flutter (29776): #5      Iterable.forEach (dart:core/iterable.dart:366)
I/flutter (29776): #6      SliverMultiBoxAdaptorElement.performRebuild (package:flutter/src/widgets/sliver.dart:1032)
I/flutter (29776): #7      SliverMultiBoxAdaptorElement.update (package:flutter/src/widgets/sliver.dart:955)
I/flutter (29776): #8      Element.updateChild (package:flutter/src/widgets/framework.dart:4037)
I/flutter (29776): #9      ComponentElement.performRebuild (package:flutter/src/widgets/framework.dart:5841)
I/flutter (29776): #10     StatefulElement.performRebuild (package:flutter/src/widgets/framework.dart:5982)
I/flutter (29776): #11     Element.rebuild (package:flutter/src/widgets/framework.dart:5529)
I/flutter (29776): #12     StatefulElement.update (package:flutter/src/widgets/framework.dart:6007)
I/flutter (29776): #13     Element.updateChild (package:flutter/src/widgets/framework.dart:4037)
I/flutter (29776): #14     SingleChildRenderObjectElement.update (package:flutter/src/widgets/framework.dart:7122)
I/flutter (29776): #15     Element.updateChild (package:flutter/src/widgets/framework.dart:4037)
I/flutter (29776): #16     Element.updateChildren (package:flutter/src/widgets/framework.dart:4191)
I/flutter (29776): #17     MultiChildRenderObjectElement.update (package:flutter/src/widgets/framework.dart:7295)
I/flutter (29776): #18     _ViewportElement.update (package:flutter/src/widgets/viewport.dart:293)
I/flutter (29776): #19     Element.updateChild (package:flutter/src/widgets/framework.dart:4037)
I/flutter (29776): #20     SingleChildRenderObjectElement.update (package:flutter/src/widgets/framework.dart:7122)
I/flutter (29776): #21     Element.updateChild (package:flutter/src/widgets/framework.dart:4037)
I/flutter (29776): #22     SingleChildRenderObjectElement.update (package:flutter/src/widgets/framework.dart:7122)
I/flutter (29776): #23     Element.updateChild (package:flutter/src/widgets/framework.dart:4037)
I/flutter (29776): #24     SingleChildRenderObjectElement.update (package:flutter/src/widgets/framework.dart:7122)
I/flutter (29776): #25     Element.updateChild (package:flutter/src/widgets/framework.dart:4037)
I/flutter (29776): #26     SingleChildRenderObjectElement.update (package:flutter/src/widgets/framework.dart:7122)
I/flutter (29776): #27     Element.updateChild (package:flutter/src/widgets/framework.dart:4037)
I/flutter (29776): #28     ComponentElement.performRebuild (package:flutter/src/widgets/framework.dart:5841)
I/flutter (29776): #29     StatefulElement.performRebuild (package:flutter/src/widgets/framework.dart:5982)
I/flutter (29776): #30     Element.rebuild (package:flutter/src/widgets/framework.dart:5529)
I/flutter (29776): #31     StatefulElement.update (package:flutter/src/widgets/framework.dart:6007)
I/flutter (29776): #32     Element.updateChild (package:flutter/src/widgets/framework.dart:4037)
I/flutter (29776): #33     SingleChildRenderObjectElement.update (package:flutter/src/widgets/framework.dart:7122)
I/flutter (29776): #34     Element.updateChild (package:flutter/src/widgets/framework.dart:4037)
I/flutter (29776): #35     ComponentElement.performRebuild (package:flutter/src/widgets/framework.dart:5841)
I/flutter (29776): #36     Element.rebuild (package:flutter/src/widgets/framework.dart:5529)
I/flutter (29776): #37     ProxyElement.update (package:flutter/src/widgets/framework.dart:6149)
I/flutter (29776): #38     Element.updateChild (package:flutter/src/widgets/framework.dart:4037)
I/flutter (29776): #39     SingleChildRenderObjectElement.update (package:flutter/src/widgets/framework.dart:7122)
I/flutter (29776): #40     Element.updateChild (package:flutter/src/widgets/framework.dart:4037)
I/flutter (29776): #41     ComponentElement.performRebuild (package:flutter/src/widgets/framework.dart:5841)
I/flutter (29776): #42     Element.rebuild (package:flutter/src/widgets/framework.dart:5529)
I/flutter (29776): #43     ProxyElement.update (package:flutter/src/widgets/framework.dart:6149)
I/flutter (29776): #44     Element.updateChild (package:flutter/src/widgets/framework.dart:4037)
I/flutter (29776): #45     SingleChildRenderObjectElement.update (package:flutter/src/widgets/framework.dart:7122)
I/flutter (29776): #46     Element.updateChild (package:flutter/src/widgets/framework.dart:4037)
I/flutter (29776): #47     SingleChildRenderObjectElement.update (package:flutter/src/widgets/framework.dart:7122)
I/flutter (29776): #48     Element.updateChild (package:flutter/src/widgets/framework.dart:4037)
I/flutter (29776): #49     ComponentElement.performRebuild (package:flutter/src/widgets/framework.dart:5841)
I/flutter (29776): #50     StatefulElement.performRebuild (package:flutter/src/widgets/framework.dart:5982)
I/flutter (29776): #51     Element.rebuild (package:flutter/src/widgets/framework.dart:5529)
I/flutter (29776): #52     StatefulElement.update (package:flutter/src/widgets/framework.dart:6007)
I/flutter (29776): #53     Element.updateChild (package:flutter/src/widgets/framework.dart:4037)
I/flutter (29776): #54     ComponentElement.performRebuild (package:flutter/src/widgets/framework.dart:5841)
I/flutter (29776): #55     Element.rebuild (package:flutter/src/widgets/framework.dart:5529)
I/flutter (29776): #56     StatelessElement.update (package:flutter/src/widgets/framework.dart:5895)
I/flutter (29776): #57     Element.updateChild (package:flutter/src/widgets/framework.dart:4037)
I/flutter (29776): #58     SingleChildRenderObjectElement.update (package:flutter/src/widgets/framework.dart:7122)
I/flutter (29776): #59     Element.updateChild (package:flutter/src/widgets/framework.dart:4037)
I/flutter (29776): #60     ComponentElement.performRebuild (package:flutter/src/widgets/framework.dart:5841)
I/flutter (29776): #61     StatefulElement.performRebuild (package:flutter/src/widgets/framework.dart:5982)
I/flutter (29776): #62     Element.rebuild (package:flutter/src/widgets/framework.dart:5529)
I/flutter (29776): #63     StatefulElement.update (package:flutter/src/widgets/framework.dart:6007)
I/flutter (29776): #64     Element.updateChild (package:flutter/src/widgets/framework.dart:4037)
I/flutter (29776): #65     ComponentElement.performRebuild (package:flutter/src/widgets/framework.dart:5841)
I/flutter (29776): #66     Element.rebuild (package:flutter/src/widgets/framework.dart:5529)
I/flutter (29776): #67     ProxyElement.update (package:flutter/src/widgets/framework.dart:6149)
I/flutter (29776): #68     Element.updateChild (package:flutter/src/widgets/framework.dart:4037)
I/flutter (29776): #69     ComponentElement.performRebuild (package:flutter/src/widgets/framework.dart:5841)
I/flutter (29776): #70     StatefulElement.performRebuild (package:flutter/src/widgets/framework.dart:5982)
I/flutter (29776): #71     Element.rebuild (package:flutter/src/widgets/framework.dart:5529)
I/flutter (29776): #72     StatefulElement.update (package:flutter/src/widgets/framework.dart:6007)
I/flutter (29776): #73     Element.updateChild (package:flutter/src/widgets/framework.dart:4037)
I/flutter (29776): #74     ComponentElement.performRebuild (package:flutter/src/widgets/framework.dart:5841)
I/flutter (29776): #75     StatefulElement.performRebuild (package:flutter/src/widgets/framework.dart:5982)
I/flutter (29776): #76     Element.rebuild (package:flutter/src/widgets/framework.dart:5529)
I/flutter (29776): #77     StatefulElement.update (package:flutter/src/widgets/framework.dart:6007)
I/flutter (29776): #78     Element.updateChild (package:flutter/src/widgets/framework.dart:4037)
I/flutter (29776): #79     ComponentElement.performRebuild (package:flutter/src/widgets/framework.dart:5841)
I/flutter (29776): #80     Element.rebuild (package:flutter/src/widgets/framework.dart:5529)
I/flutter (29776): #81     ProxyElement.update (package:flutter/src/widgets/framework.dart:6149)
I/flutter (29776): #82     Element.updateChild (package:flutter/src/widgets/framework.dart:4037)
I/flutter (29776): #83     ComponentElement.performRebuild (package:flutter/src/widgets/framework.dart:5841)
I/flutter (29776): #84     Element.rebuild (package:flutter/src/widgets/framework.dart:5529)
I/flutter (29776): #85     StatelessElement.update (package:flutter/src/widgets/framework.dart:5895)
I/flutter (29776): #86     Element.updateChild (package:flutter/src/widgets/framework.dart:4037)
I/flutter (29776): #87     ComponentElement.performRebuild (package:flutter/src/widgets/framework.dart:5841)
I/flutter (29776): #88     StatefulElement.performRebuild (package:flutter/src/widgets/framework.dart:5982)
I/flutter (29776): #89     Element.rebuild (package:flutter/src/widgets/framework.dart:5529)
I/flutter (29776): #90     StatefulElement.update (package:flutter/src/widgets/framework.dart:6007)
I/flutter (29776): #91     Element.updateChild (package:flutter/src/widgets/framework.dart:4037)
I/flutter (29776): #92     ComponentElement.performRebuild (package:flutter/src/widgets/framework.dart:5841)
I/flutter (29776): #93     StatefulElement.performRebuild (package:flutter/src/widgets/framework.dart:5982)
I/flutter (29776): #94     Element.rebuild (package:flutter/src/widgets/framework.dart:5529)
I/flutter (29776): #95     BuildScope._tryRebuild (package:flutter/src/widgets/framework.dart:2750)
I/flutter (29776): #96     BuildScope._flushDirtyElements (package:flutter/src/widgets/framework.dart:2807)
I/flutter (29776): #97     BuildOwner.buildScope (package:flutter/src/widgets/framework.dart:3111)
I/flutter (29776): #98     WidgetsBinding.drawFrame (package:flutter/src/widgets/binding.dart:1571)
I/flutter (29776): #99     RendererBinding._handlePersistentFrameCallback (package:flutter/src/rendering/binding.dart:509)
[spm]: ProfilerData event received.
I/flutter (29776): [SPM:perf] 698a51a  buildSpan: 9611µs
I/flutter (29776): [spm] Performance monitoring completed for 698a51a
I/flutter (29776): setState 698a51a
I/flutter (29776): Null check operator used on a null value
I/flutter (29776): #0      _ReorderableListViewState._itemBuilder (package:flutter/src/material/reorderable_list.dart:380)
I/flutter (29776): #1      SliverReorderableListState._itemBuilder (package:flutter/src/widgets/reorderable_list.dart:1146)
I/flutter (29776): #2      SliverChildBuilderDelegate.build (package:flutter/src/widgets/scroll_delegate.dart:552)
I/flutter (29776): #3      SliverMultiBoxAdaptorElement._build (package:flutter/src/widgets/sliver.dart:1055)
I/flutter (29776): #4      SliverMultiBoxAdaptorElement.performRebuild.processElement (package:flutter/src/widgets/sliver.dart:981)
I/flutter (29776): #5      Iterable.forEach (dart:core/iterable.dart:366)
I/flutter (29776): #6      SliverMultiBoxAdaptorElement.performRebuild (package:flutter/src/widgets/sliver.dart:1032)
I/flutter (29776): #7      SliverMultiBoxAdaptorElement.update (package:flutter/src/widgets/sliver.dart:955)
I/flutter (29776): #8      Element.updateChild (package:flutter/src/widgets/framework.dart:4037)
I/flutter (29776): #9      ComponentElement.performRebuild (package:flutter/src/widgets/framework.dart:5841)
I/flutter (29776): #10     StatefulElement.performRebuild (package:flutter/src/widgets/framework.dart:5982)
I/flutter (29776): #11     Element.rebuild (package:flutter/src/widgets/framework.dart:5529)
I/flutter (29776): #12     StatefulElement.update (package:flutter/src/widgets/framework.dart:6007)
I/flutter (29776): #13     Element.updateChild (package:flutter/src/widgets/framework.dart:4037)
I/flutter (29776): #14     SingleChildRenderObjectElement.update (package:flutter/src/widgets/framework.dart:7122)
I/flutter (29776): #15     Element.updateChild (package:flutter/src/widgets/framework.dart:4037)
I/flutter (29776): #16     Element.updateChildren (package:flutter/src/widgets/framework.dart:4191)
I/flutter (29776): #17     MultiChildRenderObjectElement.update (package:flutter/src/widgets/framework.dart:7295)
I/flutter (29776): #18     _ViewportElement.update (package:flutter/src/widgets/viewport.dart:293)
I/flutter (29776): #19     Element.updateChild (package:flutter/src/widgets/framework.dart:4037)
I/flutter (29776): #20     SingleChildRenderObjectElement.update (package:flutter/src/widgets/framework.dart:7122)
I/flutter (29776): #21     Element.updateChild (package:flutter/src/widgets/framework.dart:4037)
I/flutter (29776): #22     SingleChildRenderObjectElement.update (package:flutter/src/widgets/framework.dart:7122)
I/flutter (29776): #23     Element.updateChild (package:flutter/src/widgets/framework.dart:4037)
I/flutter (29776): #24     SingleChildRenderObjectElement.update (package:flutter/src/widgets/framework.dart:7122)
I/flutter (29776): #25     Element.updateChild (package:flutter/src/widgets/framework.dart:4037)
I/flutter (29776): #26     SingleChildRenderObjectElement.update (package:flutter/src/widgets/framework.dart:7122)
I/flutter (29776): #27     Element.updateChild (package:flutter/src/widgets/framework.dart:4037)
I/flutter (29776): #29     StatefulElement.performRebuild (package:flutter/src/widgets/framework.dart:5982)
I/flutter (29776): #30     Element.rebuild (package:flutter/src/widgets/framework.dart:5529)
I/flutter (29776): #31     StatefulElement.update (package:flutter/src/widgets/framework.dart:6007)
I/flutter (29776): #32     Element.updateChild (package:flutter/src/widgets/framework.dart:4037)
I/flutter (29776): #33     SingleChildRenderObjectElement.update (package:flutter/src/widgets/framework.dart:7122)
I/flutter (29776): #34     Element.updateChild (package:flutter/src/widgets/framework.dart:4037)
I/flutter (29776): #35     ComponentElement.performRebuild (package:flutter/src/widgets/framework.dart:5841)
I/flutter (29776): #36     Element.rebuild (package:flutter/src/widgets/framework.dart:5529)
I/flutter (29776): #37     ProxyElement.update (package:flutter/src/widgets/framework.dart:6149)
I/flutter (29776): #38     Element.updateChild (package:flutter/src/widgets/framework.dart:4037)
I/flutter (29776): #39     SingleChildRenderObjectElement.update (package:flutter/src/widgets/framework.dart:7122)
I/flutter (29776): #40     Element.updateChild (package:flutter/src/widgets/framework.dart:4037)
I/flutter (29776): #41     ComponentElement.performRebuild (package:flutter/src/widgets/framework.dart:5841)
I/flutter (29776): #42     Element.rebuild (package:flutter/src/widgets/framework.dart:5529)
I/flutter (29776): #43     ProxyElement.update (package:flutter/src/widgets/framework.dart:6149)
I/flutter (29776): #44     Element.updateChild (package:flutter/src/widgets/framework.dart:4037)
I/flutter (29776): #45     SingleChildRenderObjectElement.update (package:flutter/src/widgets/framework.dart:7122)
I/flutter (29776): #46     Element.updateChild (package:flutter/src/widgets/framework.dart:4037)
I/flutter (29776): #47     SingleChildRenderObjectElement.update (package:flutter/src/widgets/framework.dart:7122)
I/flutter (29776): #48     Element.updateChild (package:flutter/src/widgets/framework.dart:4037)
I/flutter (29776): #49     ComponentElement.performRebuild (package:flutter/src/widgets/framework.dart:5841)
I/flutter (29776): #50     StatefulElement.performRebuild (package:flutter/src/widgets/framework.dart:5982)
I/flutter (29776): #51     Element.rebuild (package:flutter/src/widgets/framework.dart:5529)
I/flutter (29776): #52     StatefulElement.update (package:flutter/src/widgets/framework.dart:6007)
I/flutter (29776): #53     Element.updateChild (package:flutter/src/widgets/framework.dart:4037)
I/flutter (29776): #54     ComponentElement.performRebuild (package:flutter/src/widgets/framework.dart:5841)
I/flutter (29776): #55     Element.rebuild (package:flutter/src/widgets/framework.dart:5529)
I/flutter (29776): #56     StatelessElement.update (package:flutter/src/widgets/framework.dart:5895)
I/flutter (29776): #57     Element.updateChild (package:flutter/src/widgets/framework.dart:4037)
I/flutter (29776): #58     SingleChildRenderObjectElement.update (package:flutter/src/widgets/framework.dart:7122)
I/flutter (29776): #59     Element.updateChild (package:flutter/src/widgets/framework.dart:4037)
I/flutter (29776): #60     ComponentElement.performRebuild (package:flutter/src/widgets/framework.dart:5841)
I/flutter (29776): #61     StatefulElement.performRebuild (package:flutter/src/widgets/framework.dart:5982)
I/flutter (29776): #62     Element.rebuild (package:flutter/src/widgets/framework.dart:5529)
I/flutter (29776): #63     StatefulElement.update (package:flutter/src/widgets/framework.dart:6007)
I/flutter (29776): #64     Element.updateChild (package:flutter/src/widgets/framework.dart:4037)
I/flutter (29776): #65     ComponentElement.performRebuild (package:flutter/src/widgets/framework.dart:5841)
I/flutter (29776): #66     Element.rebuild (package:flutter/src/widgets/framework.dart:5529)
I/flutter (29776): #67     ProxyElement.update (package:flutter/src/widgets/framework.dart:6149)
I/flutter (29776): #68     Element.updateChild (package:flutter/src/widgets/framework.dart:4037)
I/flutter (29776): #69     ComponentElement.performRebuild (package:flutter/src/widgets/framework.dart:5841)
I/flutter (29776): #70     StatefulElement.performRebuild (package:flutter/src/widgets/framework.dart:5982)
I/flutter (29776): #71     Element.rebuild (package:flutter/src/widgets/framework.dart:5529)
I/flutter (29776): #72     StatefulElement.update (package:flutter/src/widgets/framework.dart:6007)
I/flutter (29776): #73     Element.updateChild (package:flutter/src/widgets/framework.dart:4037)
I/flutter (29776): #74     ComponentElement.performRebuild (package:flutter/src/widgets/framework.dart:5841)
I/flutter (29776): #75     StatefulElement.performRebuild (package:flutter/src/widgets/framework.dart:5982)
I/flutter (29776): #76     Element.rebuild (package:flutter/src/widgets/framework.dart:5529)
I/flutter (29776): #77     StatefulElement.update (package:flutter/src/widgets/framework.dart:6007)
I/flutter (29776): #78     Element.updateChild (package:flutter/src/widgets/framework.dart:4037)
I/flutter (29776): #79     ComponentElement.performRebuild (package:flutter/src/widgets/framework.dart:5841)
I/flutter (29776): #80     Element.rebuild (package:flutter/src/widgets/framework.dart:5529)
I/flutter (29776): #81     ProxyElement.update (package:flutter/src/widgets/framework.dart:6149)
I/flutter (29776): #82     Element.updateChild (package:flutter/src/widgets/framework.dart:4037)
I/flutter (29776): #83     ComponentElement.performRebuild (package:flutter/src/widgets/framework.dart:5841)
I/flutter (29776): #84     Element.rebuild (package:flutter/src/widgets/framework.dart:5529)
I/flutter (29776): #85     StatelessElement.update (package:flutter/src/widgets/framework.dart:5895)
I/flutter (29776): #86     Element.updateChild (package:flutter/src/widgets/framework.dart:4037)
I/flutter (29776): #87     ComponentElement.performRebuild (package:flutter/src/widgets/framework.dart:5841)
I/flutter (29776): #88     StatefulElement.performRebuild (package:flutter/src/widgets/framework.dart:5982)
I/flutter (29776): #89     Element.rebuild (package:flutter/src/widgets/framework.dart:5529)
I/flutter (29776): #90     StatefulElement.update (package:flutter/src/widgets/framework.dart:6007)
I/flutter (29776): #91     Element.updateChild (package:flutter/src/widgets/framework.dart:4037)
I/flutter (29776): #92     ComponentElement.performRebuild (package:flutter/src/widgets/framework.dart:5841)
I/flutter (29776): #93     StatefulElement.performRebuild (package:flutter/src/widgets/framework.dart:5982)
I/flutter (29776): #94     Element.rebuild (package:flutter/src/widgets/framework.dart:5529)
I/flutter (29776): #95     BuildScope._tryRebuild (package:flutter/src/widgets/framework.dart:2750)
I/flutter (29776): #96     BuildScope._flushDirtyElements (package:flutter/src/widgets/framework.dart:2807)
I/flutter (29776): #97     BuildOwner.buildScope (package:flutter/src/widgets/framework.dart:3111)
I/flutter (29776): #98     WidgetsBinding.drawFrame (package:flutter/src/widgets/binding.dart:1571)
I/flutter (29776): #99     RendererBinding._handlePersistentFrameCallback (package:flutter/src/rendering/binding.dart:509)
[spm]: ProfilerData event received.
I/flutter (29776): [SPM:perf] 698a51a  buildSpan: 9385µs
I/flutter (29776): [spm] Performance monitoring completed for 698a51a
I/flutter (29776): setState 698a51a
I/flutter (29776): Null check operator used on a null value
I/flutter (29776): #0      _ReorderableListViewState._itemBuilder (package:flutter/src/material/reorderable_list.dart:380)
I/flutter (29776): #1      SliverReorderableListState._itemBuilder (package:flutter/src/widgets/reorderable_list.dart:1146)
I/flutter (29776): #2      SliverChildBuilderDelegate.build (package:flutter/src/widgets/scroll_delegate.dart:552)
I/flutter (29776): #3      SliverMultiBoxAdaptorElement._build (package:flutter/src/widgets/sliver.dart:1055)
I/flutter (29776): #4      SliverMultiBoxAdaptorElement.performRebuild.processElement (package:flutter/src/widgets/sliver.dart:981)
I/flutter (29776): #5      Iterable.forEach (dart:core/iterable.dart:366)
I/flutter (29776): #6      SliverMultiBoxAdaptorElement.performRebuild (package:flutter/src/widgets/sliver.dart:1032)
I/flutter (29776): #7      SliverMultiBoxAdaptorElement.update (package:flutter/src/widgets/sliver.dart:955)
I/flutter (29776): #8      Element.updateChild (package:flutter/src/widgets/framework.dart:4037)
I/flutter (29776): #9      ComponentElement.performRebuild (package:flutter/src/widgets/framework.dart:5841)
I/flutter (29776): #10     StatefulElement.performRebuild (package:flutter/src/widgets/framework.dart:5982)
I/flutter (29776): #11     Element.rebuild (package:flutter/src/widgets/framework.dart:5529)
I/flutter (29776): #12     StatefulElement.update (package:flutter/src/widgets/framework.dart:6007)
I/flutter (29776): #13     Element.updateChild (package:flutter/src/widgets/framework.dart:4037)
I/flutter (29776): #14     SingleChildRenderObjectElement.update (package:flutter/src/widgets/framework.dart:7122)
I/flutter (29776): #15     Element.updateChild (package:flutter/src/widgets/framework.dart:4037)
I/flutter (29776): #16     Element.updateChildren (package:flutter/src/widgets/framework.dart:4191)
I/flutter (29776): #17     MultiChildRenderObjectElement.update (package:flutter/src/widgets/framework.dart:7295)
I/flutter (29776): #18     _ViewportElement.update (package:flutter/src/widgets/viewport.dart:293)
I/flutter (29776): #19     Element.updateChild (package:flutter/src/widgets/framework.dart:4037)
I/flutter (29776): #20     SingleChildRenderObjectElement.update (package:flutter/src/widgets/framework.dart:7122)
I/flutter (29776): #21     Element.updateChild (package:flutter/src/widgets/framework.dart:4037)
I/flutter (29776): #22     SingleChildRenderObjectElement.update (package:flutter/src/widgets/framework.dart:7122)
I/flutter (29776): #23     Element.updateChild (package:flutter/src/widgets/framework.dart:4037)
I/flutter (29776): #24     SingleChildRenderObjectElement.update (package:flutter/src/widgets/framework.dart:7122)
I/flutter (29776): #25     Element.updateChild (package:flutter/src/widgets/framework.dart:4037)
I/flutter (29776): #26     SingleChildRenderObjectElement.update (package:flutter/src/widgets/framework.dart:7122)
I/flutter (29776): #27     Element.updateChild (package:flutter/src/widgets/framework.dart:4037)
I/flutter (29776): #28     ComponentElement.performRebuild (package:flutter/src/widgets/framework.dart:5841)
I/flutter (29776): #29     StatefulElement.performRebuild (package:flutter/src/widgets/framework.dart:5982)
I/flutter (29776): #30     Element.rebuild (package:flutter/src/widgets/framework.dart:5529)
I/flutter (29776): #31     StatefulElement.update (package:flutter/src/widgets/framework.dart:6007)
I/flutter (29776): #32     Element.updateChild (package:flutter/src/widgets/framework.dart:4037)
I/flutter (29776): #33     SingleChildRenderObjectElement.update (package:flutter/src/widgets/framework.dart:7122)
I/flutter (29776): #34     Element.updateChild (package:flutter/src/widgets/framework.dart:4037)
I/flutter (29776): #35     ComponentElement.performRebuild (package:flutter/src/widgets/framework.dart:5841)
I/flutter (29776): #36     Element.rebuild (package:flutter/src/widgets/framework.dart:5529)
I/flutter (29776): #37     ProxyElement.update (package:flutter/src/widgets/framework.dart:6149)
I/flutter (29776): #38     Element.updateChild (package:flutter/src/widgets/framework.dart:4037)
I/flutter (29776): #39     SingleChildRenderObjectElement.update (package:flutter/src/widgets/framework.dart:7122)
I/flutter (29776): #40     Element.updateChild (package:flutter/src/widgets/framework.dart:4037)
I/flutter (29776): #41     ComponentElement.performRebuild (package:flutter/src/widgets/framework.dart:5841)
I/flutter (29776): #42     Element.rebuild (package:flutter/src/widgets/framework.dart:5529)
I/flutter (29776): #43     ProxyElement.update (package:flutter/src/widgets/framework.dart:6149)
I/flutter (29776): #44     Element.updateChild (package:flutter/src/widgets/framework.dart:4037)
I/flutter (29776): #45     SingleChildRenderObjectElement.update (package:flutter/src/widgets/framework.dart:7122)
I/flutter (29776): #46     Element.updateChild (package:flutter/src/widgets/framework.dart:4037)
I/flutter (29776): #47     SingleChildRenderObjectElement.update (package:flutter/src/widgets/framework.dart:7122)
I/flutter (29776): #48     Element.updateChild (package:flutter/src/widgets/framework.dart:4037)
I/flutter (29776): #49     ComponentElement.performRebuild (package:flutter/src/widgets/framework.dart:5841)
I/flutter (29776): #50     StatefulElement.performRebuild (package:flutter/src/widgets/framework.dart:5982)
I/flutter (29776): #51     Element.rebuild (package:flutter/src/widgets/framework.dart:5529)
I/flutter (29776): #52     StatefulElement.update (package:flutter/src/widgets/framework.dart:6007)
I/flutter (29776): #53     Element.updateChild (package:flutter/src/widgets/framework.dart:4037)
I/flutter (29776): #54     ComponentElement.performRebuild (package:flutter/src/widgets/framework.dart:5841)
I/flutter (29776): #55     Element.rebuild (package:flutter/src/widgets/framework.dart:5529)
I/flutter (29776): #56     StatelessElement.update (package:flutter/src/widgets/framework.dart:5895)
I/flutter (29776): #57     Element.updateChild (package:flutter/src/widgets/framework.dart:4037)
I/flutter (29776): #58     SingleChildRenderObjectElement.update (package:flutter/src/widgets/framework.dart:7122)
I/flutter (29776): #59     Element.updateChild (package:flutter/src/widgets/framework.dart:4037)
I/flutter (29776): #60     ComponentElement.performRebuild (package:flutter/src/widgets/framework.dart:5841)
I/flutter (29776): #61     StatefulElement.performRebuild (package:flutter/src/widgets/framework.dart:5982)
I/flutter (29776): #62     Element.rebuild (package:flutter/src/widgets/framework.dart:5529)
I/flutter (29776): #63     StatefulElement.update (package:flutter/src/widgets/framework.dart:6007)
I/flutter (29776): #64     Element.updateChild (package:flutter/src/widgets/framework.dart:4037)
I/flutter (29776): #65     ComponentElement.performRebuild (package:flutter/src/widgets/framework.dart:5841)
I/flutter (29776): #66     Element.rebuild (package:flutter/src/widgets/framework.dart:5529)
I/flutter (29776): #67     ProxyElement.update (package:flutter/src/widgets/framework.dart:6149)
I/flutter (29776): #68     Element.updateChild (package:flutter/src/widgets/framework.dart:4037)
I/flutter (29776): #69     ComponentElement.performRebuild (package:flutter/src/widgets/framework.dart:5841)
I/flutter (29776): #70     StatefulElement.performRebuild (package:flutter/src/widgets/framework.dart:5982)
I/flutter (29776): #71     Element.rebuild (package:flutter/src/widgets/framework.dart:5529)
I/flutter (29776): #72     StatefulElement.update (package:flutter/src/widgets/framework.dart:6007)
I/flutter (29776): #73     Element.updateChild (package:flutter/src/widgets/framework.dart:4037)
I/flutter (29776): #74     ComponentElement.performRebuild (package:flutter/src/widgets/framework.dart:5841)
I/flutter (29776): #75     StatefulElement.performRebuild (package:flutter/src/widgets/framework.dart:5982)
I/flutter (29776): #76     Element.rebuild (package:flutter/src/widgets/framework.dart:5529)
I/flutter (29776): #77     StatefulElement.update (package:flutter/src/widgets/framework.dart:6007)
I/flutter (29776): #78     Element.updateChild (package:flutter/src/widgets/framework.dart:4037)
I/flutter (29776): #79     ComponentElement.performRebuild (package:flutter/src/widgets/framework.dart:5841)
I/flutter (29776): #80     Element.rebuild (package:flutter/src/widgets/framework.dart:5529)
I/flutter (29776): #81     ProxyElement.update (package:flutter/src/widgets/framework.dart:6149)
I/flutter (29776): #82     Element.updateChild (package:flutter/src/widgets/framework.dart:4037)
I/flutter (29776): #83     ComponentElement.performRebuild (package:flutter/src/widgets/framework.dart:5841)
I/flutter (29776): #84     Element.rebuild (package:flutter/src/widgets/framework.dart:5529)
I/flutter (29776): #85     StatelessElement.update (package:flutter/src/widgets/framework.dart:5895)
I/flutter (29776): #86     Element.updateChild (package:flutter/src/widgets/framework.dart:4037)
I/flutter (29776): #87     ComponentElement.performRebuild (package:flutter/src/widgets/framework.dart:5841)
I/flutter (29776): #88     StatefulElement.performRebuild (package:flutter/src/widgets/framework.dart:5982)
I/flutter (29776): #89     Element.rebuild (package:flutter/src/widgets/framework.dart:5529)
I/flutter (29776): #90     StatefulElement.update (package:flutter/src/widgets/framework.dart:6007)
I/flutter (29776): #91     Element.updateChild (package:flutter/src/widgets/framework.dart:4037)
I/flutter (29776): #92     ComponentElement.performRebuild (package:flutter/src/widgets/framework.dart:5841)
I/flutter (29776): #93     StatefulElement.performRebuild (package:flutter/src/widgets/framework.dart:5982)
I/flutter (29776): #94     Element.rebuild (package:flutter/src/widgets/framework.dart:5529)
I/flutter (29776): #95     BuildScope._tryRebuild (package:flutter/src/widgets/framework.dart:2750)
I/flutter (29776): #96     BuildScope._flushDirtyElements (package:flutter/src/widgets/framework.dart:2807)
I/flutter (29776): #97     BuildOwner.buildScope (package:flutter/src/widgets/framework.dart:3111)
I/flutter (29776): #98     WidgetsBinding.drawFrame (package:flutter/src/widgets/binding.dart:1571)
I/flutter (29776): #99     RendererBinding._handlePersistentFrameCallback (package:flutter/src/rendering/binding.dart:509)
[spm]: ProfilerData event received.
I/flutter (29776): [SPM:perf] 698a51a  buildSpan: 9193µs
I/flutter (29776): [spm] Performance monitoring completed for 698a51a
I/flutter (29776): setState 698a51a
I/flutter (29776): Null check operator used on a null value
I/flutter (29776): #0      _ReorderableListViewState._itemBuilder (package:flutter/src/material/reorderable_list.dart:380)
I/flutter (29776): #1      SliverReorderableListState._itemBuilder (package:flutter/src/widgets/reorderable_list.dart:1146)
I/flutter (29776): #2      SliverChildBuilderDelegate.build (package:flutter/src/widgets/scroll_delegate.dart:552)
I/flutter (29776): #3      SliverMultiBoxAdaptorElement._build (package:flutter/src/widgets/sliver.dart:1055)
I/flutter (29776): #4      SliverMultiBoxAdaptorElement.performRebuild.processElement (package:flutter/src/widgets/sliver.dart:981)
I/flutter (29776): #5      Iterable.forEach (dart:core/iterable.dart:366)
I/flutter (29776): #6      SliverMultiBoxAdaptorElement.performRebuild (package:flutter/src/widgets/sliver.dart:1032)
I/flutter (29776): #7      SliverMultiBoxAdaptorElement.update (package:flutter/src/widgets/sliver.dart:955)
I/flutter (29776): #8      Element.updateChild (package:flutter/src/widgets/framework.dart:4037)
I/flutter (29776): #9      ComponentElement.performRebuild (package:flutter/src/widgets/framework.dart:5841)
I/flutter (29776): #10     StatefulElement.performRebuild (package:flutter/src/widgets/framework.dart:5982)
I/flutter (29776): #11     Element.rebuild (package:flutter/src/widgets/framework.dart:5529)
I/flutter (29776): #12     StatefulElement.update (package:flutter/src/widgets/framework.dart:6007)
I/flutter (29776): #13     Element.updateChild (package:flutter/src/widgets/framework.dart:4037)
I/flutter (29776): #14     SingleChildRenderObjectElement.update (package:flutter/src/widgets/framework.dart:7122)
I/flutter (29776): #15     Element.updateChild (package:flutter/src/widgets/framework.dart:4037)
I/flutter (29776): #16     Element.updateChildren (package:flutter/src/widgets/framework.dart:4191)
I/flutter (29776): #17     MultiChildRenderObjectElement.update (package:flutter/src/widgets/framework.dart:7295)
I/flutter (29776): #18     _ViewportElement.update (package:flutter/src/widgets/viewport.dart:293)
I/flutter (29776): #19     Element.updateChild (package:flutter/src/widgets/framework.dart:4037)
I/flutter (29776): #20     SingleChildRenderObjectElement.update (package:flutter/src/widgets/framework.dart:7122)
I/flutter (29776): #21     Element.updateChild (package:flutter/src/widgets/framework.dart:4037)
I/flutter (29776): #22     SingleChildRenderObjectElement.update (package:flutter/src/widgets/framework.dart:7122)
I/flutter (29776): #23     Element.updateChild (package:flutter/src/widgets/framework.dart:4037)
I/flutter (29776): #24     SingleChildRenderObjectElement.update (package:flutter/src/widgets/framework.dart:7122)
I/flutter (29776): #25     Element.updateChild (package:flutter/src/widgets/framework.dart:4037)
I/flutter (29776): #26     SingleChildRenderObjectElement.update (package:flutter/src/widgets/framework.dart:7122)
I/flutter (29776): #27     Element.updateChild (package:flutter/src/widgets/framework.dart:4037)
I/flutter (29776): #28     ComponentElement.performRebuild (package:flutter/src/widgets/framework.dart:5841)
I/flutter (29776): #29     StatefulElement.performRebuild (package:flutter/src/widgets/framework.dart:5982)
I/flutter (29776): #30     Element.rebuild (package:flutter/src/widgets/framework.dart:5529)
I/flutter (29776): #31     StatefulElement.update (package:flutter/src/widgets/framework.dart:6007)
I/flutter (29776): #32     Element.updateChild (package:flutter/src/widgets/framework.dart:4037)
I/flutter (29776): #33     SingleChildRenderObjectElement.update (package:flutter/src/widgets/framework.dart:7122)
I/flutter (29776): #34     Element.updateChild (package:flutter/src/widgets/framework.dart:4037)
I/flutter (29776): #35     ComponentElement.performRebuild (package:flutter/src/widgets/framework.dart:5841)
I/flutter (29776): #36     Element.rebuild (package:flutter/src/widgets/framework.dart:5529)
I/flutter (29776): #37     ProxyElement.update (package:flutter/src/widgets/framework.dart:6149)
I/flutter (29776): #38     Element.updateChild (package:flutter/src/widgets/framework.dart:4037)
I/flutter (29776): #39     SingleChildRenderObjectElement.update (package:flutter/src/widgets/framework.dart:7122)
I/flutter (29776): #40     Element.updateChild (package:flutter/src/widgets/framework.dart:4037)
I/flutter (29776): #41     ComponentElement.performRebuild (package:flutter/src/widgets/framework.dart:5841)
I/flutter (29776): #42     Element.rebuild (package:flutter/src/widgets/framework.dart:5529)
I/flutter (29776): #43     ProxyElement.update (package:flutter/src/widgets/framework.dart:6149)
I/flutter (29776): #44     Element.updateChild (package:flutter/src/widgets/framework.dart:4037)
I/flutter (29776): #45     SingleChildRenderObjectElement.update (package:flutter/src/widgets/framework.dart:7122)
I/flutter (29776): #46     Element.updateChild (package:flutter/src/widgets/framework.dart:4037)
I/flutter (29776): #47     SingleChildRenderObjectElement.update (package:flutter/src/widgets/framework.dart:7122)
I/flutter (29776): #48     Element.updateChild (package:flutter/src/widgets/framework.dart:4037)
I/flutter (29776): #49     ComponentElement.performRebuild (package:flutter/src/widgets/framework.dart:5841)
I/flutter (29776): #50     StatefulElement.performRebuild (package:flutter/src/widgets/framework.dart:5982)
I/flutter (29776): #51     Element.rebuild (package:flutter/src/widgets/framework.dart:5529)
I/flutter (29776): #52     StatefulElement.update (package:flutter/src/widgets/framework.dart:6007)
I/flutter (29776): #53     Element.updateChild (package:flutter/src/widgets/framework.dart:4037)
I/flutter (29776): #54     ComponentElement.performRebuild (package:flutter/src/widgets/framework.dart:5841)
I/flutter (29776): #55     Element.rebuild (package:flutter/src/widgets/framework.dart:5529)
I/flutter (29776): #56     StatelessElement.update (package:flutter/src/widgets/framework.dart:5895)
I/flutter (29776): #57     Element.updateChild (package:flutter/src/widgets/framework.dart:4037)
I/flutter (29776): #58     SingleChildRenderObjectElement.update (package:flutter/src/widgets/framework.dart:7122)
I/flutter (29776): #59     Element.updateChild (package:flutter/src/widgets/framework.dart:4037)
I/flutter (29776): #60     ComponentElement.performRebuild (package:flutter/src/widgets/framework.dart:5841)
I/flutter (29776): #61     StatefulElement.performRebuild (package:flutter/src/widgets/framework.dart:5982)
I/flutter (29776): #62     Element.rebuild (package:flutter/src/widgets/framework.dart:5529)
I/flutter (29776): #63     StatefulElement.update (package:flutter/src/widgets/framework.dart:6007)
I/flutter (29776): #64     Element.updateChild (package:flutter/src/widgets/framework.dart:4037)
I/flutter (29776): #65     ComponentElement.performRebuild (package:flutter/src/widgets/framework.dart:5841)
I/flutter (29776): #66     Element.rebuild (package:flutter/src/widgets/framework.dart:5529)
I/flutter (29776): #67     ProxyElement.update (package:flutter/src/widgets/framework.dart:6149)
I/flutter (29776): #68     Element.updateChild (package:flutter/src/widgets/framework.dart:4037)
I/flutter (29776): #69     ComponentElement.performRebuild (package:flutter/src/widgets/framework.dart:5841)
I/flutter (29776): #70     StatefulElement.performRebuild (package:flutter/src/widgets/framework.dart:5982)
I/flutter (29776): #71     Element.rebuild (package:flutter/src/widgets/framework.dart:5529)
I/flutter (29776): #72     StatefulElement.update (package:flutter/src/widgets/framework.dart:6007)
I/flutter (29776): #73     Element.updateChild (package:flutter/src/widgets/framework.dart:4037)
I/flutter (29776): #74     ComponentElement.performRebuild (package:flutter/src/widgets/framework.dart:5841)
I/flutter (29776): #75     StatefulElement.performRebuild (package:flutter/src/widgets/framework.dart:5982)
I/flutter (29776): #76     Element.rebuild (package:flutter/src/widgets/framework.dart:5529)
I/flutter (29776): #77     StatefulElement.update (package:flutter/src/widgets/framework.dart:6007)
I/flutter (29776): #78     Element.updateChild (package:flutter/src/widgets/framework.dart:4037)
I/flutter (29776): #79     ComponentElement.performRebuild (package:flutter/src/widgets/framework.dart:5841)
I/flutter (29776): #80     Element.rebuild (package:flutter/src/widgets/framework.dart:5529)
I/flutter (29776): #81     ProxyElement.update (package:flutter/src/widgets/framework.dart:6149)
I/flutter (29776): #82     Element.updateChild (package:flutter/src/widgets/framework.dart:4037)
I/flutter (29776): #83     ComponentElement.performRebuild (package:flutter/src/widgets/framework.dart:5841)
I/flutter (29776): #84     Element.rebuild (package:flutter/src/widgets/framework.dart:5529)
I/flutter (29776): #85     StatelessElement.update (package:flutter/src/widgets/framework.dart:5895)
I/flutter (29776): #86     Element.updateChild (package:flutter/src/widgets/framework.dart:4037)
I/flutter (29776): #87     ComponentElement.performRebuild (package:flutter/src/widgets/framework.dart:5841)
I/flutter (29776): #88     StatefulElement.performRebuild (package:flutter/src/widgets/framework.dart:5982)
I/flutter (29776): #89     Element.rebuild (package:flutter/src/widgets/framework.dart:5529)
I/flutter (29776): #90     StatefulElement.update (package:flutter/src/widgets/framework.dart:6007)
I/flutter (29776): #91     Element.updateChild (package:flutter/src/widgets/framework.dart:4037)
I/flutter (29776): #92     ComponentElement.performRebuild (package:flutter/src/widgets/framework.dart:5841)
I/flutter (29776): #93     StatefulElement.performRebuild (package:flutter/src/widgets/framework.dart:5982)
I/flutter (29776): #94     Element.rebuild (package:flutter/src/widgets/framework.dart:5529)
I/flutter (29776): #95     BuildScope._tryRebuild (package:flutter/src/widgets/framework.dart:2750)
I/flutter (29776): #96     BuildScope._flushDirtyElements (package:flutter/src/widgets/framework.dart:2807)
I/flutter (29776): #97     BuildOwner.buildScope (package:flutter/src/widgets/framework.dart:3111)
I/flutter (29776): #98     WidgetsBinding.drawFrame (package:flutter/src/widgets/binding.dart:1571)
I/flutter (29776): #99     RendererBinding._handlePersistentFrameCallback (package:flutter/src/rendering/binding.dart:509)
[spm]: ProfilerData event received.
I/flutter (29776): [SPM:perf] 698a51a  buildSpan: 9448µs
I/flutter (29776): [spm] Performance monitoring completed for 698a51a
I/flutter (29776): setState 698a51a
I/flutter (29776): Null check operator used on a null value
I/flutter (29776): #0      _ReorderableListViewState._itemBuilder (package:flutter/src/material/reorderable_list.dart:380)
I/flutter (29776): #1      SliverReorderableListState._itemBuilder (package:flutter/src/widgets/reorderable_list.dart:1146)
I/flutter (29776): #2      SliverChildBuilderDelegate.build (package:flutter/src/widgets/scroll_delegate.dart:552)
I/flutter (29776): #3      SliverMultiBoxAdaptorElement._build (package:flutter/src/widgets/sliver.dart:1055)
I/flutter (29776): #4      SliverMultiBoxAdaptorElement.performRebuild.processElement (package:flutter/src/widgets/sliver.dart:981)
I/flutter (29776): #5      Iterable.forEach (dart:core/iterable.dart:366)
I/flutter (29776): #6      SliverMultiBoxAdaptorElement.performRebuild (package:flutter/src/widgets/sliver.dart:1032)
I/flutter (29776): #7      SliverMultiBoxAdaptorElement.update (package:flutter/src/widgets/sliver.dart:955)
I/flutter (29776): #8      Element.updateChild (package:flutter/src/widgets/framework.dart:4037)
I/flutter (29776): #9      ComponentElement.performRebuild (package:flutter/src/widgets/framework.dart:5841)
I/flutter (29776): #10     StatefulElement.performRebuild (package:flutter/src/widgets/framework.dart:5982)
I/flutter (29776): #11     Element.rebuild (package:flutter/src/widgets/framework.dart:5529)
I/flutter (29776): #12     StatefulElement.update (package:flutter/src/widgets/framework.dart:6007)
I/flutter (29776): #13     Element.updateChild (package:flutter/src/widgets/framework.dart:4037)
I/flutter (29776): #14     SingleChildRenderObjectElement.update (package:flutter/src/widgets/framework.dart:7122)
I/flutter (29776): #15     Element.updateChild (package:flutter/src/widgets/framework.dart:4037)
I/flutter (29776): #16     Element.updateChildren (package:flutter/src/widgets/framework.dart:4191)
I/flutter (29776): #17     MultiChildRenderObjectElement.update (package:flutter/src/widgets/framework.dart:7295)
I/flutter (29776): #18     _ViewportElement.update (package:flutter/src/widgets/viewport.dart:293)
I/flutter (29776): #19     Element.updateChild (package:flutter/src/widgets/framework.dart:4037)
I/flutter (29776): #20     SingleChildRenderObjectElement.update (package:flutter/src/widgets/framework.dart:7122)
I/flutter (29776): #21     Element.updateChild (package:flutter/src/widgets/framework.dart:4037)
I/flutter (29776): #22     SingleChildRenderObjectElement.update (package:flutter/src/widgets/framework.dart:7122)
I/flutter (29776): #23     Element.updateChild (package:flutter/src/widgets/framework.dart:4037)
I/flutter (29776): #24     SingleChildRenderObjectElement.update (package:flutter/src/widgets/framework.dart:7122)
I/flutter (29776): #25     Element.updateChild (package:flutter/src/widgets/framework.dart:4037)
I/flutter (29776): #26     SingleChildRenderObjectElement.update (package:flutter/src/widgets/framework.dart:7122)
I/flutter (29776): #27     Element.updateChild (package:flutter/src/widgets/framework.dart:4037)
I/flutter (29776): #28     ComponentElement.performRebuild (package:flutter/src/widgets/framework.dart:5841)
I/flutter (29776): #29     StatefulElement.performRebuild (package:flutter/src/widgets/framework.dart:5982)
I/flutter (29776): #30     Element.rebuild (package:flutter/src/widgets/framework.dart:5529)
I/flutter (29776): #31     StatefulElement.update (package:flutter/src/widgets/framework.dart:6007)
I/flutter (29776): #32     Element.updateChild (package:flutter/src/widgets/framework.dart:4037)
I/flutter (29776): #33     SingleChildRenderObjectElement.update (package:flutter/src/widgets/framework.dart:7122)
I/flutter (29776): #34     Element.updateChild (package:flutter/src/widgets/framework.dart:4037)
I/flutter (29776): #35     ComponentElement.performRebuild (package:flutter/src/widgets/framework.dart:5841)
I/flutter (29776): #36     Element.rebuild (package:flutter/src/widgets/framework.dart:5529)
I/flutter (29776): #37     ProxyElement.update (package:flutter/src/widgets/framework.dart:6149)
I/flutter (29776): #38     Element.updateChild (package:flutter/src/widgets/framework.dart:4037)
I/flutter (29776): #39     SingleChildRenderObjectElement.update (package:flutter/src/widgets/framework.dart:7122)
I/flutter (29776): #40     Element.updateChild (package:flutter/src/widgets/framework.dart:4037)
I/flutter (29776): #41     ComponentElement.performRebuild (package:flutter/src/widgets/framework.dart:5841)
I/flutter (29776): #42     Element.rebuild (package:flutter/src/widgets/framework.dart:5529)
I/flutter (29776): #43     ProxyElement.update (package:flutter/src/widgets/framework.dart:6149)
I/flutter (29776): #44     Element.updateChild (package:flutter/src/widgets/framework.dart:4037)
I/flutter (29776): #45     SingleChildRenderObjectElement.update (package:flutter/src/widgets/framework.dart:7122)
I/flutter (29776): #46     Element.updateChild (package:flutter/src/widgets/framework.dart:4037)
I/flutter (29776): #47     SingleChildRenderObjectElement.update (package:flutter/src/widgets/framework.dart:7122)
I/flutter (29776): #48     Element.updateChild (package:flutter/src/widgets/framework.dart:4037)
I/flutter (29776): #49     ComponentElement.performRebuild (package:flutter/src/widgets/framework.dart:5841)
I/flutter (29776): #50     StatefulElement.performRebuild (package:flutter/src/widgets/framework.dart:5982)
I/flutter (29776): #51     Element.rebuild (package:flutter/src/widgets/framework.dart:5529)
I/flutter (29776): #52     StatefulElement.update (package:flutter/src/widgets/framework.dart:6007)
I/flutter (29776): #53     Element.updateChild (package:flutter/src/widgets/framework.dart:4037)
I/flutter (29776): #54     ComponentElement.performRebuild (package:flutter/src/widgets/framework.dart:5841)
I/flutter (29776): #55     Element.rebuild (package:flutter/src/widgets/framework.dart:5529)
I/flutter (29776): #56     StatelessElement.update (package:flutter/src/widgets/framework.dart:5895)
I/flutter (29776): #57     Element.updateChild (package:flutter/src/widgets/framework.dart:4037)
I/flutter (29776): #58     SingleChildRenderObjectElement.update (package:flutter/src/widgets/framework.dart:7122)
I/flutter (29776): #59     Element.updateChild (package:flutter/src/widgets/framework.dart:4037)
I/flutter (29776): #60     ComponentElement.performRebuild (package:flutter/src/widgets/framework.dart:5841)
I/flutter (29776): #61     StatefulElement.performRebuild (package:flutter/src/widgets/framework.dart:5982)
I/flutter (29776): #62     Element.rebuild (package:flutter/src/widgets/framework.dart:5529)
I/flutter (29776): #63     StatefulElement.update (package:flutter/src/widgets/framework.dart:6007)
I/flutter (29776): #64     Element.updateChild (package:flutter/src/widgets/framework.dart:4037)
I/flutter (29776): #65     ComponentElement.performRebuild (package:flutter/src/widgets/framework.dart:5841)
I/flutter (29776): #66     Element.rebuild (package:flutter/src/widgets/framework.dart:5529)
I/flutter (29776): #67     ProxyElement.update (package:flutter/src/widgets/framework.dart:6149)
I/flutter (29776): #68     Element.updateChild (package:flutter/src/widgets/framework.dart:4037)
I/flutter (29776): #69     ComponentElement.performRebuild (package:flutter/src/widgets/framework.dart:5841)
I/flutter (29776): #70     StatefulElement.performRebuild (package:flutter/src/widgets/framework.dart:5982)
I/flutter (29776): #71     Element.rebuild (package:flutter/src/widgets/framework.dart:5529)
I/flutter (29776): #72     StatefulElement.update (package:flutter/src/widgets/framework.dart:6007)
I/flutter (29776): #73     Element.updateChild (package:flutter/src/widgets/framework.dart:4037)
I/flutter (29776): #74     ComponentElement.performRebuild (package:flutter/src/widgets/framework.dart:5841)
I/flutter (29776): #75     StatefulElement.performRebuild (package:flutter/src/widgets/framework.dart:5982)
I/flutter (29776): #76     Element.rebuild (package:flutter/src/widgets/framework.dart:5529)
I/flutter (29776): #77     StatefulElement.update (package:flutter/src/widgets/framework.dart:6007)
I/flutter (29776): #78     Element.updateChild (package:flutter/src/widgets/framework.dart:4037)
I/flutter (29776): #79     ComponentElement.performRebuild (package:flutter/src/widgets/framework.dart:5841)
I/flutter (29776): #80     Element.rebuild (package:flutter/src/widgets/framework.dart:5529)
I/flutter (29776): #81     ProxyElement.update (package:flutter/src/widgets/framework.dart:6149)
I/flutter (29776): #82     Element.updateChild (package:flutter/src/widgets/framework.dart:4037)
I/flutter (29776): #83     ComponentElement.performRebuild (package:flutter/src/widgets/framework.dart:5841)
I/flutter (29776): #84     Element.rebuild (package:flutter/src/widgets/framework.dart:5529)
I/flutter (29776): #85     StatelessElement.update (package:flutter/src/widgets/framework.dart:5895)
I/flutter (29776): #86     Element.updateChild (package:flutter/src/widgets/framework.dart:4037)
I/flutter (29776): #87     ComponentElement.performRebuild (package:flutter/src/widgets/framework.dart:5841)
I/flutter (29776): #88     StatefulElement.performRebuild (package:flutter/src/widgets/framework.dart:5982)
I/flutter (29776): #89     Element.rebuild (package:flutter/src/widgets/framework.dart:5529)
I/flutter (29776): #90     StatefulElement.update (package:flutter/src/widgets/framework.dart:6007)
I/flutter (29776): #91     Element.updateChild (package:flutter/src/widgets/framework.dart:4037)
I/flutter (29776): #92     ComponentElement.performRebuild (package:flutter/src/widgets/framework.dart:5841)
I/flutter (29776): #93     StatefulElement.performRebuild (package:flutter/src/widgets/framework.dart:5982)
I/flutter (29776): #94     Element.rebuild (package:flutter/src/widgets/framework.dart:5529)
I/flutter (29776): #95     BuildScope._tryRebuild (package:flutter/src/widgets/framework.dart:2750)
I/flutter (29776): #96     BuildScope._flushDirtyElements (package:flutter/src/widgets/framework.dart:2807)
I/flutter (29776): #97     BuildOwner.buildScope (package:flutter/src/widgets/framework.dart:3111)
I/flutter (29776): #98     WidgetsBinding.drawFrame (package:flutter/src/widgets/binding.dart:1571)
I/flutter (29776): #99     RendererBinding._handlePersistentFrameCallback (package:flutter/src/rendering/binding.dart:509)
[spm]: ProfilerData event received.
I/flutter (29776): [SPM:perf] 698a51a  buildSpan: 9709µs
I/flutter (29776): [spm] Performance monitoring completed for 698a51a
I/flutter (29776): setState 698a51a
I/flutter (29776): Null check operator used on a null value
I/flutter (29776): #0      _ReorderableListViewState._itemBuilder (package:flutter/src/material/reorderable_list.dart:380)
I/flutter (29776): #1      SliverReorderableListState._itemBuilder (package:flutter/src/widgets/reorderable_list.dart:1146)
I/flutter (29776): #2      SliverChildBuilderDelegate.build (package:flutter/src/widgets/scroll_delegate.dart:552)
I/flutter (29776): #3      SliverMultiBoxAdaptorElement._build (package:flutter/src/widgets/sliver.dart:1055)
I/flutter (29776): #4      SliverMultiBoxAdaptorElement.performRebuild.processElement (package:flutter/src/widgets/sliver.dart:981)
I/flutter (29776): #5      Iterable.forEach (dart:core/iterable.dart:366)
I/flutter (29776): #6      SliverMultiBoxAdaptorElement.performRebuild (package:flutter/src/widgets/sliver.dart:1032)
I/flutter (29776): #7      SliverMultiBoxAdaptorElement.update (package:flutter/src/widgets/sliver.dart:955)
I/flutter (29776): #8      Element.updateChild (package:flutter/src/widgets/framework.dart:4037)
I/flutter (29776): #9      ComponentElement.performRebuild (package:flutter/src/widgets/framework.dart:5841)
I/flutter (29776): #10     StatefulElement.performRebuild (package:flutter/src/widgets/framework.dart:5982)
I/flutter (29776): #11     Element.rebuild (package:flutter/src/widgets/framework.dart:5529)
I/flutter (29776): #12     StatefulElement.update (package:flutter/src/widgets/framework.dart:6007)
I/flutter (29776): #13     Element.updateChild (package:flutter/src/widgets/framework.dart:4037)
I/flutter (29776): #14     SingleChildRenderObjectElement.update (package:flutter/src/widgets/framework.dart:7122)
I/flutter (29776): #15     Element.updateChild (package:flutter/src/widgets/framework.dart:4037)
I/flutter (29776): #16     Element.updateChildren (package:flutter/src/widgets/framework.dart:4191)
I/flutter (29776): #17     MultiChildRenderObjectElement.update (package:flutter/src/widgets/framework.dart:7295)
I/flutter (29776): #18     _ViewportElement.update (package:flutter/src/widgets/viewport.dart:293)
I/flutter (29776): #19     Element.updateChild (package:flutter/src/widgets/framework.dart:4037)
I/flutter (29776): #20     SingleChildRenderObjectElement.update (package:flutter/src/widgets/framework.dart:7122)
I/flutter (29776): #21     Element.updateChild (package:flutter/src/widgets/framework.dart:4037)
I/flutter (29776): #22     SingleChildRenderObjectElement.update (package:flutter/src/widgets/framework.dart:7122)
I/flutter (29776): #23     Element.updateChild (package:flutter/src/widgets/framework.dart:4037)
I/flutter (29776): #24     SingleChildRenderObjectElement.update (package:flutter/src/widgets/framework.dart:7122)
I/flutter (29776): #25     Element.updateChild (package:flutter/src/widgets/framework.dart:4037)
I/flutter (29776): #26     SingleChildRenderObjectElement.update (package:flutter/src/widgets/framework.dart:7122)
I/flutter (29776): #27     Element.updateChild (package:flutter/src/widgets/framework.dart:4037)
I/flutter (29776): #28     ComponentElement.performRebuild (package:flutter/src/widgets/framework.dart:5841)
I/flutter (29776): #29     StatefulElement.performRebuild (package:flutter/src/widgets/framework.dart:5982)
I/flutter (29776): #30     Element.rebuild (package:flutter/src/widgets/framework.dart:5529)
I/flutter (29776): #31     StatefulElement.update (package:flutter/src/widgets/framework.dart:6007)
I/flutter (29776): #32     Element.updateChild (package:flutter/src/widgets/framework.dart:4037)
I/flutter (29776): #33     SingleChildRenderObjectElement.update (package:flutter/src/widgets/framework.dart:7122)
I/flutter (29776): #34     Element.updateChild (package:flutter/src/widgets/framework.dart:4037)
I/flutter (29776): #35     ComponentElement.performRebuild (package:flutter/src/widgets/framework.dart:5841)
I/flutter (29776): #36     Element.rebuild (package:flutter/src/widgets/framework.dart:5529)
I/flutter (29776): #37     ProxyElement.update (package:flutter/src/widgets/framework.dart:6149)
I/flutter (29776): #38     Element.updateChild (package:flutter/src/widgets/framework.dart:4037)
I/flutter (29776): #39     SingleChildRenderObjectElement.update (package:flutter/src/widgets/framework.dart:7122)
I/flutter (29776): #40     Element.updateChild (package:flutter/src/widgets/framework.dart:4037)
I/flutter (29776): #41     ComponentElement.performRebuild (package:flutter/src/widgets/framework.dart:5841)
I/flutter (29776): #42     Element.rebuild (package:flutter/src/widgets/framework.dart:5529)
I/flutter (29776): #43     ProxyElement.update (package:flutter/src/widgets/framework.dart:6149)
I/flutter (29776): #44     Element.updateChild (package:flutter/src/widgets/framework.dart:4037)
I/flutter (29776): #45     SingleChildRenderObjectElement.update (package:flutter/src/widgets/framework.dart:7122)
I/flutter (29776): #46     Element.updateChild (package:flutter/src/widgets/framework.dart:4037)
I/flutter (29776): #47     SingleChildRenderObjectElement.update (package:flutter/src/widgets/framework.dart:7122)
I/flutter (29776): #48     Element.updateChild (package:flutter/src/widgets/framework.dart:4037)
I/flutter (29776): #49     ComponentElement.performRebuild (package:flutter/src/widgets/framework.dart:5841)
I/flutter (29776): #50     StatefulElement.performRebuild (package:flutter/src/widgets/framework.dart:5982)
I/flutter (29776): #51     Element.rebuild (package:flutter/src/widgets/framework.dart:5529)
I/flutter (29776): #52     StatefulElement.update (package:flutter/src/widgets/framework.dart:6007)
I/flutter (29776): #53     Element.updateChild (package:flutter/src/widgets/framework.dart:4037)
I/flutter (29776): #54     ComponentElement.performRebuild (package:flutter/src/widgets/framework.dart:5841)
I/flutter (29776): #55     Element.rebuild (package:flutter/src/widgets/framework.dart:5529)
I/flutter (29776): #56     StatelessElement.update (package:flutter/src/widgets/framework.dart:5895)
I/flutter (29776): #57     Element.updateChild (package:flutter/src/widgets/framework.dart:4037)
I/flutter (29776): #58     SingleChildRenderObjectElement.update (package:flutter/src/widgets/framework.dart:7122)
I/flutter (29776): #59     Element.updateChild (package:flutter/src/widgets/framework.dart:4037)
I/flutter (29776): #60     ComponentElement.performRebuild (package:flutter/src/widgets/framework.dart:5841)
I/flutter (29776): #61     StatefulElement.performRebuild (package:flutter/src/widgets/framework.dart:5982)
I/flutter (29776): #62     Element.rebuild (package:flutter/src/widgets/framework.dart:5529)
I/flutter (29776): #63     StatefulElement.update (package:flutter/src/widgets/framework.dart:6007)
I/flutter (29776): #64     Element.updateChild (package:flutter/src/widgets/framework.dart:4037)
I/flutter (29776): #65     ComponentElement.performRebuild (package:flutter/src/widgets/framework.dart:5841)
I/flutter (29776): #66     Element.rebuild (package:flutter/src/widgets/framework.dart:5529)
I/flutter (29776): #67     ProxyElement.update (package:flutter/src/widgets/framework.dart:6149)
I/flutter (29776): #68     Element.updateChild (package:flutter/src/widgets/framework.dart:4037)
I/flutter (29776): #69     ComponentElement.performRebuild (package:flutter/src/widgets/framework.dart:5841)
I/flutter (29776): #70     StatefulElement.performRebuild (package:flutter/src/widgets/framework.dart:5982)
I/flutter (29776): #71     Element.rebuild (package:flutter/src/widgets/framework.dart:5529)
I/flutter (29776): #72     StatefulElement.update (package:flutter/src/widgets/framework.dart:6007)
I/flutter (29776): #73     Element.updateChild (package:flutter/src/widgets/framework.dart:4037)
I/flutter (29776): #74     ComponentElement.performRebuild (package:flutter/src/widgets/framework.dart:5841)
I/flutter (29776): #75     StatefulElement.performRebuild (package:flutter/src/widgets/framework.dart:5982)
I/flutter (29776): #76     Element.rebuild (package:flutter/src/widgets/framework.dart:5529)
I/flutter (29776): #77     StatefulElement.update (package:flutter/src/widgets/framework.dart:6007)
I/flutter (29776): #78     Element.updateChild (package:flutter/src/widgets/framework.dart:4037)
I/flutter (29776): #79     ComponentElement.performRebuild (package:flutter/src/widgets/framework.dart:5841)
I/flutter (29776): #80     Element.rebuild (package:flutter/src/widgets/framework.dart:5529)
I/flutter (29776): #81     ProxyElement.update (package:flutter/src/widgets/framework.dart:6149)
I/flutter (29776): #82     Element.updateChild (package:flutter/src/widgets/framework.dart:4037)
I/flutter (29776): #83     ComponentElement.performRebuild (package:flutter/src/widgets/framework.dart:5841)
I/flutter (29776): #84     Element.rebuild (package:flutter/src/widgets/framework.dart:5529)
I/flutter (29776): #85     StatelessElement.update (package:flutter/src/widgets/framework.dart:5895)
I/flutter (29776): #86     Element.updateChild (package:flutter/src/widgets/framework.dart:4037)
I/flutter (29776): #87     ComponentElement.performRebuild (package:flutter/src/widgets/framework.dart:5841)
I/flutter (29776): #88     StatefulElement.performRebuild (package:flutter/src/widgets/framework.dart:5982)
I/flutter (29776): #89     Element.rebuild (package:flutter/src/widgets/framework.dart:5529)
I/flutter (29776): #90     StatefulElement.update (package:flutter/src/widgets/framework.dart:6007)
I/flutter (29776): #91     Element.updateChild (package:flutter/src/widgets/framework.dart:4037)
I/flutter (29776): #92     ComponentElement.performRebuild (package:flutter/src/widgets/framework.dart:5841)
I/flutter (29776): #93     StatefulElement.performRebuild (package:flutter/src/widgets/framework.dart:5982)
I/flutter (29776): #94     Element.rebuild (package:flutter/src/widgets/framework.dart:5529)
I/flutter (29776): #95     BuildScope._tryRebuild (package:flutter/src/widgets/framework.dart:2750)
I/flutter (29776): #96     BuildScope._flushDirtyElements (package:flutter/src/widgets/framework.dart:2807)
I/flutter (29776): #97     BuildOwner.buildScope (package:flutter/src/widgets/framework.dart:3111)
I/flutter (29776): #98     WidgetsBinding.drawFrame (package:flutter/src/widgets/binding.dart:1571)
I/flutter (29776): #99     RendererBinding._handlePersistentFrameCallback (package:flutter/src/rendering/binding.dart:509)
[spm]: ProfilerData event received.
I/flutter (29776): [SPM:perf] 698a51a  buildSpan: 8996µs
I/flutter (29776): [spm] Performance monitoring completed for 698a51a
I/flutter (29776): setState 698a51a
I/flutter (29776): Null check operator used on a null value
I/flutter (29776): #0      _ReorderableListViewState._itemBuilder (package:flutter/src/material/reorderable_list.dart:380)
I/flutter (29776): #1      SliverReorderableListState._itemBuilder (package:flutter/src/widgets/reorderable_list.dart:1146)
I/flutter (29776): #2      SliverChildBuilderDelegate.build (package:flutter/src/widgets/scroll_delegate.dart:552)
I/flutter (29776): #3      SliverMultiBoxAdaptorElement._build (package:flutter/src/widgets/sliver.dart:1055)
I/flutter (29776): #4      SliverMultiBoxAdaptorElement.performRebuild.processElement (package:flutter/src/widgets/sliver.dart:981)
I/flutter (29776): #5      Iterable.forEach (dart:core/iterable.dart:366)
I/flutter (29776): #6      SliverMultiBoxAdaptorElement.performRebuild (package:flutter/src/widgets/sliver.dart:1032)
I/flutter (29776): #7      SliverMultiBoxAdaptorElement.update (package:flutter/src/widgets/sliver.dart:955)
I/flutter (29776): #8      Element.updateChild (package:flutter/src/widgets/framework.dart:4037)
I/flutter (29776): #9      ComponentElement.performRebuild (package:flutter/src/widgets/framework.dart:5841)
I/flutter (29776): #10     StatefulElement.performRebuild (package:flutter/src/widgets/framework.dart:5982)
I/flutter (29776): #11     Element.rebuild (package:flutter/src/widgets/framework.dart:5529)
I/flutter (29776): #12     StatefulElement.update (package:flutter/src/widgets/framework.dart:6007)
I/flutter (29776): #13     Element.updateChild (package:flutter/src/widgets/framework.dart:4037)
I/flutter (29776): #14     SingleChildRenderObjectElement.update (package:flutter/src/widgets/framework.dart:7122)
I/flutter (29776): #15     Element.updateChild (package:flutter/src/widgets/framework.dart:4037)
I/flutter (29776): #16     Element.updateChildren (package:flutter/src/widgets/framework.dart:4191)
I/flutter (29776): #17     MultiChildRenderObjectElement.update (package:flutter/src/widgets/framework.dart:7295)
I/flutter (29776): #18     _ViewportElement.update (package:flutter/src/widgets/viewport.dart:293)
I/flutter (29776): #19     Element.updateChild (package:flutter/src/widgets/framework.dart:4037)
I/flutter (29776): #20     SingleChildRenderObjectElement.update (package:flutter/src/widgets/framework.dart:7122)
I/flutter (29776): #21     Element.updateChild (package:flutter/src/widgets/framework.dart:4037)
I/flutter (29776): #22     SingleChildRenderObjectElement.update (package:flutter/src/widgets/framework.dart:7122)
I/flutter (29776): #23     Element.updateChild (package:flutter/src/widgets/framework.dart:4037)
I/flutter (29776): #24     SingleChildRenderObjectElement.update (package:flutter/src/widgets/framework.dart:7122)
I/flutter (29776): #25     Element.updateChild (package:flutter/src/widgets/framework.dart:4037)
I/flutter (29776): #26     SingleChildRenderObjectElement.update (package:flutter/src/widgets/framework.dart:7122)
I/flutter (29776): #27     Element.updateChild (package:flutter/src/widgets/framework.dart:4037)
I/flutter (29776): #28     ComponentElement.performRebuild (package:flutter/src/widgets/framework.dart:5841)
I/flutter (29776): #29     StatefulElement.performRebuild (package:flutter/src/widgets/framework.dart:5982)
I/flutter (29776): #30     Element.rebuild (package:flutter/src/widgets/framework.dart:5529)
I/flutter (29776): #31     StatefulElement.update (package:flutter/src/widgets/framework.dart:6007)
I/flutter (29776): #32     Element.updateChild (package:flutter/src/widgets/framework.dart:4037)
I/flutter (29776): #33     SingleChildRenderObjectElement.update (package:flutter/src/widgets/framework.dart:7122)
I/flutter (29776): #34     Element.updateChild (package:flutter/src/widgets/framework.dart:4037)
I/flutter (29776): #35     ComponentElement.performRebuild (package:flutter/src/widgets/framework.dart:5841)
I/flutter (29776): #36     Element.rebuild (package:flutter/src/widgets/framework.dart:5529)
I/flutter (29776): #37     ProxyElement.update (package:flutter/src/widgets/framework.dart:6149)
I/flutter (29776): #38     Element.updateChild (package:flutter/src/widgets/framework.dart:4037)
I/flutter (29776): #39     SingleChildRenderObjectElement.update (package:flutter/src/widgets/framework.dart:7122)
I/flutter (29776): #40     Element.updateChild (package:flutter/src/widgets/framework.dart:4037)
I/flutter (29776): #41     ComponentElement.performRebuild (package:flutter/src/widgets/framework.dart:5841)
I/flutter (29776): #42     Element.rebuild (package:flutter/src/widgets/framework.dart:5529)
I/flutter (29776): #43     ProxyElement.update (package:flutter/src/widgets/framework.dart:6149)
I/flutter (29776): #44     Element.updateChild (package:flutter/src/widgets/framework.dart:4037)
I/flutter (29776): #45     SingleChildRenderObjectElement.update (package:flutter/src/widgets/framework.dart:7122)
I/flutter (29776): #46     Element.updateChild (package:flutter/src/widgets/framework.dart:4037)
I/flutter (29776): #47     SingleChildRenderObjectElement.update (package:flutter/src/widgets/framework.dart:7122)
I/flutter (29776): #48     Element.updateChild (package:flutter/src/widgets/framework.dart:4037)
I/flutter (29776): #49     ComponentElement.performRebuild (package:flutter/src/widgets/framework.dart:5841)
I/flutter (29776): #50     StatefulElement.performRebuild (package:flutter/src/widgets/framework.dart:5982)
I/flutter (29776): #51     Element.rebuild (package:flutter/src/widgets/framework.dart:5529)
I/flutter (29776): #52     StatefulElement.update (package:flutter/src/widgets/framework.dart:6007)
I/flutter (29776): #53     Element.updateChild (package:flutter/src/widgets/framework.dart:4037)
I/flutter (29776): #54     ComponentElement.performRebuild (package:flutter/src/widgets/framework.dart:5841)
I/flutter (29776): #55     Element.rebuild (package:flutter/src/widgets/framework.dart:5529)
I/flutter (29776): #56     StatelessElement.update (package:flutter/src/widgets/framework.dart:5895)
I/flutter (29776): #57     Element.updateChild (package:flutter/src/widgets/framework.dart:4037)
I/flutter (29776): #58     SingleChildRenderObjectElement.update (package:flutter/src/widgets/framework.dart:7122)
I/flutter (29776): #59     Element.updateChild (package:flutter/src/widgets/framework.dart:4037)
I/flutter (29776): #60     ComponentElement.performRebuild (package:flutter/src/widgets/framework.dart:5841)
I/flutter (29776): #61     StatefulElement.performRebuild (package:flutter/src/widgets/framework.dart:5982)
I/flutter (29776): #62     Element.rebuild (package:flutter/src/widgets/framework.dart:5529)
I/flutter (29776): #63     StatefulElement.update (package:flutter/src/widgets/framework.dart:6007)
I/flutter (29776): #64     Element.updateChild (package:flutter/src/widgets/framework.dart:4037)
I/flutter (29776): #65     ComponentElement.performRebuild (package:flutter/src/widgets/framework.dart:5841)
I/flutter (29776): #66     Element.rebuild (package:flutter/src/widgets/framework.dart:5529)
I/flutter (29776): #67     ProxyElement.update (package:flutter/src/widgets/framework.dart:6149)
I/flutter (29776): #68     Element.updateChild (package:flutter/src/widgets/framework.dart:4037)
I/flutter (29776): #69     ComponentElement.performRebuild (package:flutter/src/widgets/framework.dart:5841)
I/flutter (29776): #70     StatefulElement.performRebuild (package:flutter/src/widgets/framework.dart:5982)
I/flutter (29776): #71     Element.rebuild (package:flutter/src/widgets/framework.dart:5529)
I/flutter (29776): #72     StatefulElement.update (package:flutter/src/widgets/framework.dart:6007)
I/flutter (29776): #73     Element.updateChild (package:flutter/src/widgets/framework.dart:4037)
I/flutter (29776): #74     ComponentElement.performRebuild (package:flutter/src/widgets/framework.dart:5841)
I/flutter (29776): #75     StatefulElement.performRebuild (package:flutter/src/widgets/framework.dart:5982)
I/flutter (29776): #76     Element.rebuild (package:flutter/src/widgets/framework.dart:5529)
I/flutter (29776): #77     StatefulElement.update (package:flutter/src/widgets/framework.dart:6007)
I/flutter (29776): #78     Element.updateChild (package:flutter/src/widgets/framework.dart:4037)
I/flutter (29776): #79     ComponentElement.performRebuild (package:flutter/src/widgets/framework.dart:5841)
I/flutter (29776): #80     Element.rebuild (package:flutter/src/widgets/framework.dart:5529)
I/flutter (29776): #81     ProxyElement.update (package:flutter/src/widgets/framework.dart:6149)
I/flutter (29776): #82     Element.updateChild (package:flutter/src/widgets/framework.dart:4037)
I/flutter (29776): #83     ComponentElement.performRebuild (package:flutter/src/widgets/framework.dart:5841)
I/flutter (29776): #84     Element.rebuild (package:flutter/src/widgets/framework.dart:5529)
I/flutter (29776): #85     StatelessElement.update (package:flutter/src/widgets/framework.dart:5895)
I/flutter (29776): #86     Element.updateChild (package:flutter/src/widgets/framework.dart:4037)
I/flutter (29776): #87     ComponentElement.performRebuild (package:flutter/src/widgets/framework.dart:5841)
I/flutter (29776): #88     StatefulElement.performRebuild (package:flutter/src/widgets/framework.dart:5982)
I/flutter (29776): #89     Element.rebuild (package:flutter/src/widgets/framework.dart:5529)
I/flutter (29776): #90     StatefulElement.update (package:flutter/src/widgets/framework.dart:6007)
I/flutter (29776): #91     Element.updateChild (package:flutter/src/widgets/framework.dart:4037)
I/flutter (29776): #92     ComponentElement.performRebuild (package:flutter/src/widgets/framework.dart:5841)
I/flutter (29776): #93     StatefulElement.performRebuild (package:flutter/src/widgets/framework.dart:5982)
I/flutter (29776): #94     Element.rebuild (package:flutter/src/widgets/framework.dart:5529)
I/flutter (29776): #95     BuildScope._tryRebuild (package:flutter/src/widgets/framework.dart:2750)
I/flutter (29776): #96     BuildScope._flushDirtyElements (package:flutter/src/widgets/framework.dart:2807)
I/flutter (29776): #97     BuildOwner.buildScope (package:flutter/src/widgets/framework.dart:3111)
I/flutter (29776): #98     WidgetsBinding.drawFrame (package:flutter/src/widgets/binding.dart:1571)
I/flutter (29776): #99     RendererBinding._handlePersistentFrameCallback (package:flutter/src/rendering/binding.dart:509)
[spm]: ProfilerData event received.
I/flutter (29776): [SPM:perf] 698a51a  buildSpan: 9880µs
I/flutter (29776): [spm] Performance monitoring completed for 698a51a
I/flutter (29776): setState 698a51a
I/flutter (29776): Null check operator used on a null value
I/flutter (29776): #0      _ReorderableListViewState._itemBuilder (package:flutter/src/material/reorderable_list.dart:380)
I/flutter (29776): #1      SliverReorderableListState._itemBuilder (package:flutter/src/widgets/reorderable_list.dart:1146)
I/flutter (29776): #2      SliverChildBuilderDelegate.build (package:flutter/src/widgets/scroll_delegate.dart:552)
I/flutter (29776): #3      SliverMultiBoxAdaptorElement._build (package:flutter/src/widgets/sliver.dart:1055)
I/flutter (29776): #4      SliverMultiBoxAdaptorElement.performRebuild.processElement (package:flutter/src/widgets/sliver.dart:981)
I/flutter (29776): #5      Iterable.forEach (dart:core/iterable.dart:366)
I/flutter (29776): #6      SliverMultiBoxAdaptorElement.performRebuild (package:flutter/src/widgets/sliver.dart:1032)
I/flutter (29776): #7      SliverMultiBoxAdaptorElement.update (package:flutter/src/widgets/sliver.dart:955)
I/flutter (29776): #8      Element.updateChild (package:flutter/src/widgets/framework.dart:4037)
I/flutter (29776): #9      ComponentElement.performRebuild (package:flutter/src/widgets/framework.dart:5841)
I/flutter (29776): #10     StatefulElement.performRebuild (package:flutter/src/widgets/framework.dart:5982)
I/flutter (29776): #11     Element.rebuild (package:flutter/src/widgets/framework.dart:5529)
I/flutter (29776): #12     StatefulElement.update (package:flutter/src/widgets/framework.dart:6007)
I/flutter (29776): #13     Element.updateChild (package:flutter/src/widgets/framework.dart:4037)
I/flutter (29776): #14     SingleChildRenderObjectElement.update (package:flutter/src/widgets/framework.dart:7122)
I/flutter (29776): #15     Element.updateChild (package:flutter/src/widgets/framework.dart:4037)
I/flutter (29776): #16     Element.updateChildren (package:flutter/src/widgets/framework.dart:4191)
I/flutter (29776): #17     MultiChildRenderObjectElement.update (package:flutter/src/widgets/framework.dart:7295)
I/flutter (29776): #18     _ViewportElement.update (package:flutter/src/widgets/viewport.dart:293)
I/flutter (29776): #19     Element.updateChild (package:flutter/src/widgets/framework.dart:4037)
I/flutter (29776): #20     SingleChildRenderObjectElement.update (package:flutter/src/widgets/framework.dart:7122)
I/flutter (29776): #21     Element.updateChild (package:flutter/src/widgets/framework.dart:4037)
I/flutter (29776): #22     SingleChildRenderObjectElement.update (package:flutter/src/widgets/framework.dart:7122)
I/flutter (29776): #23     Element.updateChild (package:flutter/src/widgets/framework.dart:4037)
I/flutter (29776): #24     SingleChildRenderObjectElement.update (package:flutter/src/widgets/framework.dart:7122)
I/flutter (29776): #25     Element.updateChild (package:flutter/src/widgets/framework.dart:4037)
I/flutter (29776): #26     SingleChildRenderObjectElement.update (package:flutter/src/widgets/framework.dart:7122)
I/flutter (29776): #27     Element.updateChild (package:flutter/src/widgets/framework.dart:4037)
I/flutter (29776): #28     ComponentElement.performRebuild (package:flutter/src/widgets/framework.dart:5841)
I/flutter (29776): #29     StatefulElement.performRebuild (package:flutter/src/widgets/framework.dart:5982)
I/flutter (29776): #30     Element.rebuild (package:flutter/src/widgets/framework.dart:5529)
I/flutter (29776): #31     StatefulElement.update (package:flutter/src/widgets/framework.dart:6007)
I/flutter (29776): #32     Element.updateChild (package:flutter/src/widgets/framework.dart:4037)
I/flutter (29776): #33     SingleChildRenderObjectElement.update (package:flutter/src/widgets/framework.dart:7122)
I/flutter (29776): #34     Element.updateChild (package:flutter/src/widgets/framework.dart:4037)
I/flutter (29776): #35     ComponentElement.performRebuild (package:flutter/src/widgets/framework.dart:5841)
I/flutter (29776): #36     Element.rebuild (package:flutter/src/widgets/framework.dart:5529)
I/flutter (29776): #37     ProxyElement.update (package:flutter/src/widgets/framework.dart:6149)
I/flutter (29776): #38     Element.updateChild (package:flutter/src/widgets/framework.dart:4037)
I/flutter (29776): #39     SingleChildRenderObjectElement.update (package:flutter/src/widgets/framework.dart:7122)
I/flutter (29776): #40     Element.updateChild (package:flutter/src/widgets/framework.dart:4037)
I/flutter (29776): #41     ComponentElement.performRebuild (package:flutter/src/widgets/framework.dart:5841)
I/flutter (29776): #42     Element.rebuild (package:flutter/src/widgets/framework.dart:5529)
I/flutter (29776): #43     ProxyElement.update (package:flutter/src/widgets/framework.dart:6149)
I/flutter (29776): #44     Element.updateChild (package:flutter/src/widgets/framework.dart:4037)
I/flutter (29776): #45     SingleChildRenderObjectElement.update (package:flutter/src/widgets/framework.dart:7122)
I/flutter (29776): #46     Element.updateChild (package:flutter/src/widgets/framework.dart:4037)
I/flutter (29776): #47     SingleChildRenderObjectElement.update (package:flutter/src/widgets/framework.dart:7122)
I/flutter (29776): #48     Element.updateChild (package:flutter/src/widgets/framework.dart:4037)
I/flutter (29776): #49     ComponentElement.performRebuild (package:flutter/src/widgets/framework.dart:5841)
I/flutter (29776): #50     StatefulElement.performRebuild (package:flutter/src/widgets/framework.dart:5982)
I/flutter (29776): #51     Element.rebuild (package:flutter/src/widgets/framework.dart:5529)
I/flutter (29776): #52     StatefulElement.update (package:flutter/src/widgets/framework.dart:6007)
I/flutter (29776): #53     Element.updateChild (package:flutter/src/widgets/framework.dart:4037)
I/flutter (29776): #54     ComponentElement.performRebuild (package:flutter/src/widgets/framework.dart:5841)
I/flutter (29776): #55     Element.rebuild (package:flutter/src/widgets/framework.dart:5529)
I/flutter (29776): #56     StatelessElement.update (package:flutter/src/widgets/framework.dart:5895)
I/flutter (29776): #57     Element.updateChild (package:flutter/src/widgets/framework.dart:4037)
I/flutter (29776): #58     SingleChildRenderObjectElement.update (package:flutter/src/widgets/framework.dart:7122)
I/flutter (29776): #59     Element.updateChild (package:flutter/src/widgets/framework.dart:4037)
I/flutter (29776): #60     ComponentElement.performRebuild (package:flutter/src/widgets/framework.dart:5841)
I/flutter (29776): #61     StatefulElement.performRebuild (package:flutter/src/widgets/framework.dart:5982)
I/flutter (29776): #62     Element.rebuild (package:flutter/src/widgets/framework.dart:5529)
I/flutter (29776): #63     StatefulElement.update (package:flutter/src/widgets/framework.dart:6007)
I/flutter (29776): #64     Element.updateChild (package:flutter/src/widgets/framework.dart:4037)
I/flutter (29776): #65     ComponentElement.performRebuild (package:flutter/src/widgets/framework.dart:5841)
I/flutter (29776): #66     Element.rebuild (package:flutter/src/widgets/framework.dart:5529)
I/flutter (29776): #67     ProxyElement.update (package:flutter/src/widgets/framework.dart:6149)
I/flutter (29776): #68     Element.updateChild (package:flutter/src/widgets/framework.dart:4037)
I/flutter (29776): #69     ComponentElement.performRebuild (package:flutter/src/widgets/framework.dart:5841)
I/flutter (29776): #70     StatefulElement.performRebuild (package:flutter/src/widgets/framework.dart:5982)
I/flutter (29776): #71     Element.rebuild (package:flutter/src/widgets/framework.dart:5529)
I/flutter (29776): #72     StatefulElement.update (package:flutter/src/widgets/framework.dart:6007)
I/flutter (29776): #73     Element.updateChild (package:flutter/src/widgets/framework.dart:4037)
I/flutter (29776): #74     ComponentElement.performRebuild (package:flutter/src/widgets/framework.dart:5841)
I/flutter (29776): #75     StatefulElement.performRebuild (package:flutter/src/widgets/framework.dart:5982)
I/flutter (29776): #76     Element.rebuild (package:flutter/src/widgets/framework.dart:5529)
I/flutter (29776): #77     StatefulElement.update (package:flutter/src/widgets/framework.dart:6007)
I/flutter (29776): #78     Element.updateChild (package:flutter/src/widgets/framework.dart:4037)
I/flutter (29776): #79     ComponentElement.performRebuild (package:flutter/src/widgets/framework.dart:5841)
I/flutter (29776): #80     Element.rebuild (package:flutter/src/widgets/framework.dart:5529)
I/flutter (29776): #81     ProxyElement.update (package:flutter/src/widgets/framework.dart:6149)
I/flutter (29776): #82     Element.updateChild (package:flutter/src/widgets/framework.dart:4037)
I/flutter (29776): #83     ComponentElement.performRebuild (package:flutter/src/widgets/framework.dart:5841)
I/flutter (29776): #84     Element.rebuild (package:flutter/src/widgets/framework.dart:5529)
I/flutter (29776): #85     StatelessElement.update (package:flutter/src/widgets/framework.dart:5895)
I/flutter (29776): #86     Element.updateChild (package:flutter/src/widgets/framework.dart:4037)
I/flutter (29776): #87     ComponentElement.performRebuild (package:flutter/src/widgets/framework.dart:5841)
I/flutter (29776): #88     StatefulElement.performRebuild (package:flutter/src/widgets/framework.dart:5982)
I/flutter (29776): #89     Element.rebuild (package:flutter/src/widgets/framework.dart:5529)
I/flutter (29776): #90     StatefulElement.update (package:flutter/src/widgets/framework.dart:6007)
I/flutter (29776): #91     Element.updateChild (package:flutter/src/widgets/framework.dart:4037)
I/flutter (29776): #92     ComponentElement.performRebuild (package:flutter/src/widgets/framework.dart:5841)
I/flutter (29776): #93     StatefulElement.performRebuild (package:flutter/src/widgets/framework.dart:5982)
I/flutter (29776): #94     Element.rebuild (package:flutter/src/widgets/framework.dart:5529)
I/flutter (29776): #95     BuildScope._tryRebuild (package:flutter/src/widgets/framework.dart:2750)
I/flutter (29776): #96     BuildScope._flushDirtyElements (package:flutter/src/widgets/framework.dart:2807)
I/flutter (29776): #97     BuildOwner.buildScope (package:flutter/src/widgets/framework.dart:3111)
I/flutter (29776): #98     WidgetsBinding.drawFrame (package:flutter/src/widgets/binding.dart:1571)
I/flutter (29776): #99     RendererBinding._handlePersistentFrameCallback (package:flutter/src/rendering/binding.dart:509)
[spm]: ProfilerData event received.
I/flutter (29776): [SPM:perf] 698a51a  buildSpan: 9122µs
I/flutter (29776): [spm] Performance monitoring completed for 698a51a
I/flutter (29776): setState 698a51a
I/flutter (29776): Null check operator used on a null value
I/flutter (29776): #0      _ReorderableListViewState._itemBuilder (package:flutter/src/material/reorderable_list.dart:380)
I/flutter (29776): #1      SliverReorderableListState._itemBuilder (package:flutter/src/widgets/reorderable_list.dart:1146)
I/flutter (29776): #2      SliverChildBuilderDelegate.build (package:flutter/src/widgets/scroll_delegate.dart:552)
I/flutter (29776): #3      SliverMultiBoxAdaptorElement._build (package:flutter/src/widgets/sliver.dart:1055)
I/flutter (29776): #4      SliverMultiBoxAdaptorElement.performRebuild.processElement (package:flutter/src/widgets/sliver.dart:981)
I/flutter (29776): #5      Iterable.forEach (dart:core/iterable.dart:366)
I/flutter (29776): #6      SliverMultiBoxAdaptorElement.performRebuild (package:flutter/src/widgets/sliver.dart:1032)
I/flutter (29776): #7      SliverMultiBoxAdaptorElement.update (package:flutter/src/widgets/sliver.dart:955)
I/flutter (29776): #8      Element.updateChild (package:flutter/src/widgets/framework.dart:4037)
I/flutter (29776): #9      ComponentElement.performRebuild (package:flutter/src/widgets/framework.dart:5841)
I/flutter (29776): #10     StatefulElement.performRebuild (package:flutter/src/widgets/framework.dart:5982)
I/flutter (29776): #11     Element.rebuild (package:flutter/src/widgets/framework.dart:5529)
I/flutter (29776): #12     StatefulElement.update (package:flutter/src/widgets/framework.dart:6007)
I/flutter (29776): #13     Element.updateChild (package:flutter/src/widgets/framework.dart:4037)
I/flutter (29776): #14     SingleChildRenderObjectElement.update (package:flutter/src/widgets/framework.dart:7122)
I/flutter (29776): #15     Element.updateChild (package:flutter/src/widgets/framework.dart:4037)
I/flutter (29776): #16     Element.updateChildren (package:flutter/src/widgets/framework.dart:4191)
I/flutter (29776): #17     MultiChildRenderObjectElement.update (package:flutter/src/widgets/framework.dart:7295)
I/flutter (29776): #18     _ViewportElement.update (package:flutter/src/widgets/viewport.dart:293)
I/flutter (29776): #19     Element.updateChild (package:flutter/src/widgets/framework.dart:4037)
I/flutter (29776): #20     SingleChildRenderObjectElement.update (package:flutter/src/widgets/framework.dart:7122)
I/flutter (29776): #21     Element.updateChild (package:flutter/src/widgets/framework.dart:4037)
I/flutter (29776): #22     SingleChildRenderObjectElement.update (package:flutter/src/widgets/framework.dart:7122)
I/flutter (29776): #23     Element.updateChild (package:flutter/src/widgets/framework.dart:4037)
I/flutter (29776): #24     SingleChildRenderObjectElement.update (package:flutter/src/widgets/framework.dart:7122)
I/flutter (29776): #25     Element.updateChild (package:flutter/src/widgets/framework.dart:4037)
I/flutter (29776): #26     SingleChildRenderObjectElement.update (package:flutter/src/widgets/framework.dart:7122)
I/flutter (29776): #27     Element.updateChild (package:flutter/src/widgets/framework.dart:4037)
I/flutter (29776): #28     ComponentElement.performRebuild (package:flutter/src/widgets/framework.dart:5841)
I/flutter (29776): #29     StatefulElement.performRebuild (package:flutter/src/widgets/framework.dart:5982)
I/flutter (29776): #30     Element.rebuild (package:flutter/src/widgets/framework.dart:5529)
I/flutter (29776): #31     StatefulElement.update (package:flutter/src/widgets/framework.dart:6007)
I/flutter (29776): #32     Element.updateChild (package:flutter/src/widgets/framework.dart:4037)
I/flutter (29776): #33     SingleChildRenderObjectElement.update (package:flutter/src/widgets/framework.dart:7122)
I/flutter (29776): #34     Element.updateChild (package:flutter/src/widgets/framework.dart:4037)
I/flutter (29776): #35     ComponentElement.performRebuild (package:flutter/src/widgets/framework.dart:5841)
I/flutter (29776): #36     Element.rebuild (package:flutter/src/widgets/framework.dart:5529)
I/flutter (29776): #37     ProxyElement.update (package:flutter/src/widgets/framework.dart:6149)
I/flutter (29776): #38     Element.updateChild (package:flutter/src/widgets/framework.dart:4037)
I/flutter (29776): #39     SingleChildRenderObjectElement.update (package:flutter/src/widgets/framework.dart:7122)
I/flutter (29776): #40     Element.updateChild (package:flutter/src/widgets/framework.dart:4037)
I/flutter (29776): #41     ComponentElement.performRebuild (package:flutter/src/widgets/framework.dart:5841)
I/flutter (29776): #42     Element.rebuild (package:flutter/src/widgets/framework.dart:5529)
I/flutter (29776): #43     ProxyElement.update (package:flutter/src/widgets/framework.dart:6149)
I/flutter (29776): #44     Element.updateChild (package:flutter/src/widgets/framework.dart:4037)
I/flutter (29776): #45     SingleChildRenderObjectElement.update (package:flutter/src/widgets/framework.dart:7122)
I/flutter (29776): #46     Element.updateChild (package:flutter/src/widgets/framework.dart:4037)
I/flutter (29776): #47     SingleChildRenderObjectElement.update (package:flutter/src/widgets/framework.dart:7122)
I/flutter (29776): #48     Element.updateChild (package:flutter/src/widgets/framework.dart:4037)
I/flutter (29776): #49     ComponentElement.performRebuild (package:flutter/src/widgets/framework.dart:5841)
I/flutter (29776): #50     StatefulElement.performRebuild (package:flutter/src/widgets/framework.dart:5982)
I/flutter (29776): #51     Element.rebuild (package:flutter/src/widgets/framework.dart:5529)
I/flutter (29776): #52     StatefulElement.update (package:flutter/src/widgets/framework.dart:6007)
I/flutter (29776): #53     Element.updateChild (package:flutter/src/widgets/framework.dart:4037)
I/flutter (29776): #54     ComponentElement.performRebuild (package:flutter/src/widgets/framework.dart:5841)
I/flutter (29776): #55     Element.rebuild (package:flutter/src/widgets/framework.dart:5529)
I/flutter (29776): #56     StatelessElement.update (package:flutter/src/widgets/framework.dart:5895)
I/flutter (29776): #57     Element.updateChild (package:flutter/src/widgets/framework.dart:4037)
I/flutter (29776): #58     SingleChildRenderObjectElement.update (package:flutter/src/widgets/framework.dart:7122)
I/flutter (29776): #59     Element.updateChild (package:flutter/src/widgets/framework.dart:4037)
I/flutter (29776): #60     ComponentElement.performRebuild (package:flutter/src/widgets/framework.dart:5841)
I/flutter (29776): #61     StatefulElement.performRebuild (package:flutter/src/widgets/framework.dart:5982)
I/flutter (29776): #62     Element.rebuild (package:flutter/src/widgets/framework.dart:5529)
I/flutter (29776): #63     StatefulElement.update (package:flutter/src/widgets/framework.dart:6007)
I/flutter (29776): #64     Element.updateChild (package:flutter/src/widgets/framework.dart:4037)
I/flutter (29776): #65     ComponentElement.performRebuild (package:flutter/src/widgets/framework.dart:5841)
I/flutter (29776): #66     Element.rebuild (package:flutter/src/widgets/framework.dart:5529)
I/flutter (29776): #67     ProxyElement.update (package:flutter/src/widgets/framework.dart:6149)
I/flutter (29776): #68     Element.updateChild (package:flutter/src/widgets/framework.dart:4037)
I/flutter (29776): #69     ComponentElement.performRebuild (package:flutter/src/widgets/framework.dart:5841)
I/flutter (29776): #70     StatefulElement.performRebuild (package:flutter/src/widgets/framework.dart:5982)
I/flutter (29776): #71     Element.rebuild (package:flutter/src/widgets/framework.dart:5529)
I/flutter (29776): #72     StatefulElement.update (package:flutter/src/widgets/framework.dart:6007)
I/flutter (29776): #73     Element.updateChild (package:flutter/src/widgets/framework.dart:4037)
I/flutter (29776): #74     ComponentElement.performRebuild (package:flutter/src/widgets/framework.dart:5841)
I/flutter (29776): #75     StatefulElement.performRebuild (package:flutter/src/widgets/framework.dart:5982)
I/flutter (29776): #76     Element.rebuild (package:flutter/src/widgets/framework.dart:5529)
I/flutter (29776): #77     StatefulElement.update (package:flutter/src/widgets/framework.dart:6007)
I/flutter (29776): #78     Element.updateChild (package:flutter/src/widgets/framework.dart:4037)
I/flutter (29776): #79     ComponentElement.performRebuild (package:flutter/src/widgets/framework.dart:5841)
I/flutter (29776): #80     Element.rebuild (package:flutter/src/widgets/framework.dart:5529)
I/flutter (29776): #81     ProxyElement.update (package:flutter/src/widgets/framework.dart:6149)
I/flutter (29776): #82     Element.updateChild (package:flutter/src/widgets/framework.dart:4037)
I/flutter (29776): #83     ComponentElement.performRebuild (package:flutter/src/widgets/framework.dart:5841)
I/flutter (29776): #84     Element.rebuild (package:flutter/src/widgets/framework.dart:5529)
I/flutter (29776): #85     StatelessElement.update (package:flutter/src/widgets/framework.dart:5895)
I/flutter (29776): #86     Element.updateChild (package:flutter/src/widgets/framework.dart:4037)
I/flutter (29776): #87     ComponentElement.performRebuild (package:flutter/src/widgets/framework.dart:5841)
I/flutter (29776): #88     StatefulElement.performRebuild (package:flutter/src/widgets/framework.dart:5982)
I/flutter (29776): #89     Element.rebuild (package:flutter/src/widgets/framework.dart:5529)
I/flutter (29776): #90     StatefulElement.update (package:flutter/src/widgets/framework.dart:6007)
I/flutter (29776): #91     Element.updateChild (package:flutter/src/widgets/framework.dart:4037)
I/flutter (29776): #92     ComponentElement.performRebuild (package:flutter/src/widgets/framework.dart:5841)
I/flutter (29776): #93     StatefulElement.performRebuild (package:flutter/src/widgets/framework.dart:5982)
I/flutter (29776): #94     Element.rebuild (package:flutter/src/widgets/framework.dart:5529)
I/flutter (29776): #95     BuildScope._tryRebuild (package:flutter/src/widgets/framework.dart:2750)
I/flutter (29776): #96     BuildScope._flushDirtyElements (package:flutter/src/widgets/framework.dart:2807)
I/flutter (29776): #97     BuildOwner.buildScope (package:flutter/src/widgets/framework.dart:3111)
I/flutter (29776): #98     WidgetsBinding.drawFrame (package:flutter/src/widgets/binding.dart:1571)
I/flutter (29776): #99     RendererBinding._handlePersistentFrameCallback (package:flutter/src/rendering/binding.dart:509)
[spm]: ProfilerData event received.
I/flutter (29776): [SPM:perf] 698a51a  buildSpan: 9638µs
I/flutter (29776): [spm] Performance monitoring completed for 698a51a
I/flutter (29776): setState 698a51a
I/flutter (29776): Null check operator used on a null value
I/flutter (29776): #0      _ReorderableListViewState._itemBuilder (package:flutter/src/material/reorderable_list.dart:380)
I/flutter (29776): #1      SliverReorderableListState._itemBuilder (package:flutter/src/widgets/reorderable_list.dart:1146)
I/flutter (29776): #2      SliverChildBuilderDelegate.build (package:flutter/src/widgets/scroll_delegate.dart:552)
I/flutter (29776): #3      SliverMultiBoxAdaptorElement._build (package:flutter/src/widgets/sliver.dart:1055)
I/flutter (29776): #4      SliverMultiBoxAdaptorElement.performRebuild.processElement (package:flutter/src/widgets/sliver.dart:981)
I/flutter (29776): #5      Iterable.forEach (dart:core/iterable.dart:366)
I/flutter (29776): #6      SliverMultiBoxAdaptorElement.performRebuild (package:flutter/src/widgets/sliver.dart:1032)
I/flutter (29776): #7      SliverMultiBoxAdaptorElement.update (package:flutter/src/widgets/sliver.dart:955)
I/flutter (29776): #8      Element.updateChild (package:flutter/src/widgets/framework.dart:4037)
I/flutter (29776): #9      ComponentElement.performRebuild (package:flutter/src/widgets/framework.dart:5841)
I/flutter (29776): #10     StatefulElement.performRebuild (package:flutter/src/widgets/framework.dart:5982)
I/flutter (29776): #11     Element.rebuild (package:flutter/src/widgets/framework.dart:5529)
I/flutter (29776): #12     StatefulElement.update (package:flutter/src/widgets/framework.dart:6007)
I/flutter (29776): #13     Element.updateChild (package:flutter/src/widgets/framework.dart:4037)
I/flutter (29776): #14     SingleChildRenderObjectElement.update (package:flutter/src/widgets/framework.dart:7122)
I/flutter (29776): #15     Element.updateChild (package:flutter/src/widgets/framework.dart:4037)
I/flutter (29776): #16     Element.updateChildren (package:flutter/src/widgets/framework.dart:4191)
I/flutter (29776): #17     MultiChildRenderObjectElement.update (package:flutter/src/widgets/framework.dart:7295)
I/flutter (29776): #18     _ViewportElement.update (package:flutter/src/widgets/viewport.dart:293)
I/flutter (29776): #19     Element.updateChild (package:flutter/src/widgets/framework.dart:4037)
I/flutter (29776): #20     SingleChildRenderObjectElement.update (package:flutter/src/widgets/framework.dart:7122)
I/flutter (29776): #21     Element.updateChild (package:flutter/src/widgets/framework.dart:4037)
I/flutter (29776): #22     SingleChildRenderObjectElement.update (package:flutter/src/widgets/framework.dart:7122)
I/flutter (29776): #23     Element.updateChild (package:flutter/src/widgets/framework.dart:4037)
I/flutter (29776): #24     SingleChildRenderObjectElement.update (package:flutter/src/widgets/framework.dart:7122)
I/flutter (29776): #25     Element.updateChild (package:flutter/src/widgets/framework.dart:4037)
I/flutter (29776): #26     SingleChildRenderObjectElement.update (package:flutter/src/widgets/framework.dart:7122)
I/flutter (29776): #27     Element.updateChild (package:flutter/src/widgets/framework.dart:4037)
I/flutter (29776): #28     ComponentElement.performRebuild (package:flutter/src/widgets/framework.dart:5841)
I/flutter (29776): #29     StatefulElement.performRebuild (package:flutter/src/widgets/framework.dart:5982)
I/flutter (29776): #30     Element.rebuild (package:flutter/src/widgets/framework.dart:5529)
I/flutter (29776): #31     StatefulElement.update (package:flutter/src/widgets/framework.dart:6007)
I/flutter (29776): #32     Element.updateChild (package:flutter/src/widgets/framework.dart:4037)
I/flutter (29776): #33     SingleChildRenderObjectElement.update (package:flutter/src/widgets/framework.dart:7122)
I/flutter (29776): #34     Element.updateChild (package:flutter/src/widgets/framework.dart:4037)
I/flutter (29776): #35     ComponentElement.performRebuild (package:flutter/src/widgets/framework.dart:5841)
I/flutter (29776): #36     Element.rebuild (package:flutter/src/widgets/framework.dart:5529)
I/flutter (29776): #37     ProxyElement.update (package:flutter/src/widgets/framework.dart:6149)
I/flutter (29776): #38     Element.updateChild (package:flutter/src/widgets/framework.dart:4037)
I/flutter (29776): #39     SingleChildRenderObjectElement.update (package:flutter/src/widgets/framework.dart:7122)
I/flutter (29776): #40     Element.updateChild (package:flutter/src/widgets/framework.dart:4037)
I/flutter (29776): #41     ComponentElement.performRebuild (package:flutter/src/widgets/framework.dart:5841)
I/flutter (29776): #42     Element.rebuild (package:flutter/src/widgets/framework.dart:5529)
I/flutter (29776): #43     ProxyElement.update (package:flutter/src/widgets/framework.dart:6149)
I/flutter (29776): #44     Element.updateChild (package:flutter/src/widgets/framework.dart:4037)
I/flutter (29776): #45     SingleChildRenderObjectElement.update (package:flutter/src/widgets/framework.dart:7122)
I/flutter (29776): #46     Element.updateChild (package:flutter/src/widgets/framework.dart:4037)
I/flutter (29776): #47     SingleChildRenderObjectElement.update (package:flutter/src/widgets/framework.dart:7122)
I/flutter (29776): #48     Element.updateChild (package:flutter/src/widgets/framework.dart:4037)
I/flutter (29776): #49     ComponentElement.performRebuild (package:flutter/src/widgets/framework.dart:5841)
I/flutter (29776): #50     StatefulElement.performRebuild (package:flutter/src/widgets/framework.dart:5982)
I/flutter (29776): #51     Element.rebuild (package:flutter/src/widgets/framework.dart:5529)
I/flutter (29776): #52     StatefulElement.update (package:flutter/src/widgets/framework.dart:6007)
I/flutter (29776): #53     Element.updateChild (package:flutter/src/widgets/framework.dart:4037)
I/flutter (29776): #54     ComponentElement.performRebuild (package:flutter/src/widgets/framework.dart:5841)
I/flutter (29776): #55     Element.rebuild (package:flutter/src/widgets/framework.dart:5529)
I/flutter (29776): #56     StatelessElement.update (package:flutter/src/widgets/framework.dart:5895)
I/flutter (29776): #57     Element.updateChild (package:flutter/src/widgets/framework.dart:4037)
I/flutter (29776): #58     SingleChildRenderObjectElement.update (package:flutter/src/widgets/framework.dart:7122)
I/flutter (29776): #59     Element.updateChild (package:flutter/src/widgets/framework.dart:4037)
I/flutter (29776): #60     ComponentElement.performRebuild (package:flutter/src/widgets/framework.dart:5841)
I/flutter (29776): #61     StatefulElement.performRebuild (package:flutter/src/widgets/framework.dart:5982)
I/flutter (29776): #62     Element.rebuild (package:flutter/src/widgets/framework.dart:5529)
I/flutter (29776): #63     StatefulElement.update (package:flutter/src/widgets/framework.dart:6007)
I/flutter (29776): #64     Element.updateChild (package:flutter/src/widgets/framework.dart:4037)
I/flutter (29776): #65     ComponentElement.performRebuild (package:flutter/src/widgets/framework.dart:5841)
I/flutter (29776): #66     Element.rebuild (package:flutter/src/widgets/framework.dart:5529)
I/flutter (29776): #67     ProxyElement.update (package:flutter/src/widgets/framework.dart:6149)
I/flutter (29776): #68     Element.updateChild (package:flutter/src/widgets/framework.dart:4037)
I/flutter (29776): #69     ComponentElement.performRebuild (package:flutter/src/widgets/framework.dart:5841)
I/flutter (29776): #70     StatefulElement.performRebuild (package:flutter/src/widgets/framework.dart:5982)
I/flutter (29776): #71     Element.rebuild (package:flutter/src/widgets/framework.dart:5529)
I/flutter (29776): #72     StatefulElement.update (package:flutter/src/widgets/framework.dart:6007)
I/flutter (29776): #73     Element.updateChild (package:flutter/src/widgets/framework.dart:4037)
I/flutter (29776): #74     ComponentElement.performRebuild (package:flutter/src/widgets/framework.dart:5841)
I/flutter (29776): #75     StatefulElement.performRebuild (package:flutter/src/widgets/framework.dart:5982)
I/flutter (29776): #76     Element.rebuild (package:flutter/src/widgets/framework.dart:5529)
I/flutter (29776): #77     StatefulElement.update (package:flutter/src/widgets/framework.dart:6007)
I/flutter (29776): #78     Element.updateChild (package:flutter/src/widgets/framework.dart:4037)
I/flutter (29776): #79     ComponentElement.performRebuild (package:flutter/src/widgets/framework.dart:5841)
I/flutter (29776): #80     Element.rebuild (package:flutter/src/widgets/framework.dart:5529)
I/flutter (29776): #81     ProxyElement.update (package:flutter/src/widgets/framework.dart:6149)
I/flutter (29776): #82     Element.updateChild (package:flutter/src/widgets/framework.dart:4037)
I/flutter (29776): #83     ComponentElement.performRebuild (package:flutter/src/widgets/framework.dart:5841)
I/flutter (29776): #84     Element.rebuild (package:flutter/src/widgets/framework.dart:5529)
I/flutter (29776): #85     StatelessElement.update (package:flutter/src/widgets/framework.dart:5895)
I/flutter (29776): #86     Element.updateChild (package:flutter/src/widgets/framework.dart:4037)
I/flutter (29776): #87     ComponentElement.performRebuild (package:flutter/src/widgets/framework.dart:5841)
I/flutter (29776): #88     StatefulElement.performRebuild (package:flutter/src/widgets/framework.dart:5982)
I/flutter (29776): #89     Element.rebuild (package:flutter/src/widgets/framework.dart:5529)
I/flutter (29776): #90     StatefulElement.update (package:flutter/src/widgets/framework.dart:6007)
I/flutter (29776): #91     Element.updateChild (package:flutter/src/widgets/framework.dart:4037)
I/flutter (29776): #92     ComponentElement.performRebuild (package:flutter/src/widgets/framework.dart:5841)
I/flutter (29776): #93     StatefulElement.performRebuild (package:flutter/src/widgets/framework.dart:5982)
I/flutter (29776): #94     Element.rebuild (package:flutter/src/widgets/framework.dart:5529)
I/flutter (29776): #95     BuildScope._tryRebuild (package:flutter/src/widgets/framework.dart:2750)
I/flutter (29776): #96     BuildScope._flushDirtyElements (package:flutter/src/widgets/framework.dart:2807)
I/flutter (29776): #97     BuildOwner.buildScope (package:flutter/src/widgets/framework.dart:3111)
I/flutter (29776): #98     WidgetsBinding.drawFrame (package:flutter/src/widgets/binding.dart:1571)
I/flutter (29776): #99     RendererBinding._handlePersistentFrameCallback (package:flutter/src/rendering/binding.dart:509)
[spm]: ProfilerData event received.
I/flutter (29776): [SPM:perf] 698a51a  buildSpan: 9651µs
I/flutter (29776): [spm] Performance monitoring completed for 698a51a
I/flutter (29776): setState 698a51a
I/flutter (29776): Null check operator used on a null value
I/flutter (29776): #0      _ReorderableListViewState._itemBuilder (package:flutter/src/material/reorderable_list.dart:380)
I/flutter (29776): #1      SliverReorderableListState._itemBuilder (package:flutter/src/widgets/reorderable_list.dart:1146)
I/flutter (29776): #2      SliverChildBuilderDelegate.build (package:flutter/src/widgets/scroll_delegate.dart:552)
I/flutter (29776): #3      SliverMultiBoxAdaptorElement._build (package:flutter/src/widgets/sliver.dart:1055)
I/flutter (29776): #4      SliverMultiBoxAdaptorElement.performRebuild.processElement (package:flutter/src/widgets/sliver.dart:981)
I/flutter (29776): #5      Iterable.forEach (dart:core/iterable.dart:366)
I/flutter (29776): #6      SliverMultiBoxAdaptorElement.performRebuild (package:flutter/src/widgets/sliver.dart:1032)
I/flutter (29776): #7      SliverMultiBoxAdaptorElement.update (package:flutter/src/widgets/sliver.dart:955)
I/flutter (29776): #8      Element.updateChild (package:flutter/src/widgets/framework.dart:4037)
I/flutter (29776): #9      ComponentElement.performRebuild (package:flutter/src/widgets/framework.dart:5841)
I/flutter (29776): #10     StatefulElement.performRebuild (package:flutter/src/widgets/framework.dart:5982)
I/flutter (29776): #11     Element.rebuild (package:flutter/src/widgets/framework.dart:5529)
I/flutter (29776): #12     StatefulElement.update (package:flutter/src/widgets/framework.dart:6007)
I/flutter (29776): #13     Element.updateChild (package:flutter/src/widgets/framework.dart:4037)
I/flutter (29776): #14     SingleChildRenderObjectElement.update (package:flutter/src/widgets/framework.dart:7122)
I/flutter (29776): #15     Element.updateChild (package:flutter/src/widgets/framework.dart:4037)
I/flutter (29776): #16     Element.updateChildren (package:flutter/src/widgets/framework.dart:4191)
I/flutter (29776): #17     MultiChildRenderObjectElement.update (package:flutter/src/widgets/framework.dart:7295)
I/flutter (29776): #18     _ViewportElement.update (package:flutter/src/widgets/viewport.dart:293)
I/flutter (29776): #19     Element.updateChild (package:flutter/src/widgets/framework.dart:4037)
I/flutter (29776): #20     SingleChildRenderObjectElement.update (package:flutter/src/widgets/framework.dart:7122)
I/flutter (29776): #21     Element.updateChild (package:flutter/src/widgets/framework.dart:4037)
I/flutter (29776): #22     SingleChildRenderObjectElement.update (package:flutter/src/widgets/framework.dart:7122)
I/flutter (29776): #23     Element.updateChild (package:flutter/src/widgets/framework.dart:4037)
I/flutter (29776): #24     SingleChildRenderObjectElement.update (package:flutter/src/widgets/framework.dart:7122)
I/flutter (29776): #25     Element.updateChild (package:flutter/src/widgets/framework.dart:4037)
I/flutter (29776): #26     SingleChildRenderObjectElement.update (package:flutter/src/widgets/framework.dart:7122)
I/flutter (29776): #27     Element.updateChild (package:flutter/src/widgets/framework.dart:4037)
I/flutter (29776): #28     ComponentElement.performRebuild (package:flutter/src/widgets/framework.dart:5841)
I/flutter (29776): #29     StatefulElement.performRebuild (package:flutter/src/widgets/framework.dart:5982)
I/flutter (29776): #30     Element.rebuild (package:flutter/src/widgets/framework.dart:5529)
I/flutter (29776): #31     StatefulElement.update (package:flutter/src/widgets/framework.dart:6007)
I/flutter (29776): #32     Element.updateChild (package:flutter/src/widgets/framework.dart:4037)
I/flutter (29776): #33     SingleChildRenderObjectElement.update (package:flutter/src/widgets/framework.dart:7122)
I/flutter (29776): #34     Element.updateChild (package:flutter/src/widgets/framework.dart:4037)
I/flutter (29776): #35     ComponentElement.performRebuild (package:flutter/src/widgets/framework.dart:5841)
I/flutter (29776): #36     Element.rebuild (package:flutter/src/widgets/framework.dart:5529)
I/flutter (29776): #37     ProxyElement.update (package:flutter/src/widgets/framework.dart:6149)
I/flutter (29776): #38     Element.updateChild (package:flutter/src/widgets/framework.dart:4037)
I/flutter (29776): #39     SingleChildRenderObjectElement.update (package:flutter/src/widgets/framework.dart:7122)
I/flutter (29776): #40     Element.updateChild (package:flutter/src/widgets/framework.dart:4037)
I/flutter (29776): #41     ComponentElement.performRebuild (package:flutter/src/widgets/framework.dart:5841)
I/flutter (29776): #42     Element.rebuild (package:flutter/src/widgets/framework.dart:5529)
I/flutter (29776): #43     ProxyElement.update (package:flutter/src/widgets/framework.dart:6149)
I/flutter (29776): #44     Element.updateChild (package:flutter/src/widgets/framework.dart:4037)
I/flutter (29776): #45     SingleChildRenderObjectElement.update (package:flutter/src/widgets/framework.dart:7122)
I/flutter (29776): #46     Element.updateChild (package:flutter/src/widgets/framework.dart:4037)
I/flutter (29776): #47     SingleChildRenderObjectElement.update (package:flutter/src/widgets/framework.dart:7122)
I/flutter (29776): #48     Element.updateChild (package:flutter/src/widgets/framework.dart:4037)
I/flutter (29776): #49     ComponentElement.performRebuild (package:flutter/src/widgets/framework.dart:5841)
I/flutter (29776): #50     StatefulElement.performRebuild (package:flutter/src/widgets/framework.dart:5982)
I/flutter (29776): #51     Element.rebuild (package:flutter/src/widgets/framework.dart:5529)
I/flutter (29776): #52     StatefulElement.update (package:flutter/src/widgets/framework.dart:6007)
I/flutter (29776): #53     Element.updateChild (package:flutter/src/widgets/framework.dart:4037)
I/flutter (29776): #54     ComponentElement.performRebuild (package:flutter/src/widgets/framework.dart:5841)
I/flutter (29776): #55     Element.rebuild (package:flutter/src/widgets/framework.dart:5529)
I/flutter (29776): #56     StatelessElement.update (package:flutter/src/widgets/framework.dart:5895)
I/flutter (29776): #57     Element.updateChild (package:flutter/src/widgets/framework.dart:4037)
I/flutter (29776): #58     SingleChildRenderObjectElement.update (package:flutter/src/widgets/framework.dart:7122)
I/flutter (29776): #59     Element.updateChild (package:flutter/src/widgets/framework.dart:4037)
I/flutter (29776): #60     ComponentElement.performRebuild (package:flutter/src/widgets/framework.dart:5841)
I/flutter (29776): #61     StatefulElement.performRebuild (package:flutter/src/widgets/framework.dart:5982)
I/flutter (29776): #62     Element.rebuild (package:flutter/src/widgets/framework.dart:5529)
I/flutter (29776): #63     StatefulElement.update (package:flutter/src/widgets/framework.dart:6007)
I/flutter (29776): #64     Element.updateChild (package:flutter/src/widgets/framework.dart:4037)
I/flutter (29776): #65     ComponentElement.performRebuild (package:flutter/src/widgets/framework.dart:5841)
I/flutter (29776): #66     Element.rebuild (package:flutter/src/widgets/framework.dart:5529)
I/flutter (29776): #67     ProxyElement.update (package:flutter/src/widgets/framework.dart:6149)
I/flutter (29776): #68     Element.updateChild (package:flutter/src/widgets/framework.dart:4037)
I/flutter (29776): #69     ComponentElement.performRebuild (package:flutter/src/widgets/framework.dart:5841)
I/flutter (29776): #70     StatefulElement.performRebuild (package:flutter/src/widgets/framework.dart:5982)
I/flutter (29776): #71     Element.rebuild (package:flutter/src/widgets/framework.dart:5529)
I/flutter (29776): #72     StatefulElement.update (package:flutter/src/widgets/framework.dart:6007)
I/flutter (29776): #73     Element.updateChild (package:flutter/src/widgets/framework.dart:4037)
I/flutter (29776): #74     ComponentElement.performRebuild (package:flutter/src/widgets/framework.dart:5841)
I/flutter (29776): #75     StatefulElement.performRebuild (package:flutter/src/widgets/framework.dart:5982)
I/flutter (29776): #76     Element.rebuild (package:flutter/src/widgets/framework.dart:5529)
I/flutter (29776): #77     StatefulElement.update (package:flutter/src/widgets/framework.dart:6007)
I/flutter (29776): #78     Element.updateChild (package:flutter/src/widgets/framework.dart:4037)
I/flutter (29776): #79     ComponentElement.performRebuild (package:flutter/src/widgets/framework.dart:5841)
I/flutter (29776): #80     Element.rebuild (package:flutter/src/widgets/framework.dart:5529)
I/flutter (29776): #81     ProxyElement.update (package:flutter/src/widgets/framework.dart:6149)
I/flutter (29776): #82     Element.updateChild (package:flutter/src/widgets/framework.dart:4037)
I/flutter (29776): #83     ComponentElement.performRebuild (package:flutter/src/widgets/framework.dart:5841)
I/flutter (29776): #84     Element.rebuild (package:flutter/src/widgets/framework.dart:5529)
I/flutter (29776): #85     StatelessElement.update (package:flutter/src/widgets/framework.dart:5895)
I/flutter (29776): #86     Element.updateChild (package:flutter/src/widgets/framework.dart:4037)
I/flutter (29776): #87     ComponentElement.performRebuild (package:flutter/src/widgets/framework.dart:5841)
I/flutter (29776): #88     StatefulElement.performRebuild (package:flutter/src/widgets/framework.dart:5982)
I/flutter (29776): #89     Element.rebuild (package:flutter/src/widgets/framework.dart:5529)
I/flutter (29776): #90     StatefulElement.update (package:flutter/src/widgets/framework.dart:6007)
I/flutter (29776): #91     Element.updateChild (package:flutter/src/widgets/framework.dart:4037)
I/flutter (29776): #92     ComponentElement.performRebuild (package:flutter/src/widgets/framework.dart:5841)
I/flutter (29776): #93     StatefulElement.performRebuild (package:flutter/src/widgets/framework.dart:5982)
I/flutter (29776): #94     Element.rebuild (package:flutter/src/widgets/framework.dart:5529)
I/flutter (29776): #95     BuildScope._tryRebuild (package:flutter/src/widgets/framework.dart:2750)
I/flutter (29776): #96     BuildScope._flushDirtyElements (package:flutter/src/widgets/framework.dart:2807)
I/flutter (29776): #97     BuildOwner.buildScope (package:flutter/src/widgets/framework.dart:3111)
I/flutter (29776): #98     WidgetsBinding.drawFrame (package:flutter/src/widgets/binding.dart:1571)
I/flutter (29776): #99     RendererBinding._handlePersistentFrameCallback (package:flutter/src/rendering/binding.dart:509)
[spm]: ProfilerData event received.
I/flutter (29776): [SPM:perf] 698a51a  buildSpan: 9552µs
I/flutter (29776): [spm] Performance monitoring completed for 698a51a
I/flutter (29776): setState 698a51a
I/flutter (29776): Null check operator used on a null value
I/flutter (29776): #0      _ReorderableListViewState._itemBuilder (package:flutter/src/material/reorderable_list.dart:380)
I/flutter (29776): #1      SliverReorderableListState._itemBuilder (package:flutter/src/widgets/reorderable_list.dart:1146)
I/flutter (29776): #2      SliverChildBuilderDelegate.build (package:flutter/src/widgets/scroll_delegate.dart:552)
I/flutter (29776): #3      SliverMultiBoxAdaptorElement._build (package:flutter/src/widgets/sliver.dart:1055)
I/flutter (29776): #4      SliverMultiBoxAdaptorElement.performRebuild.processElement (package:flutter/src/widgets/sliver.dart:981)
I/flutter (29776): #5      Iterable.forEach (dart:core/iterable.dart:366)
I/flutter (29776): #6      SliverMultiBoxAdaptorElement.performRebuild (package:flutter/src/widgets/sliver.dart:1032)
I/flutter (29776): #7      SliverMultiBoxAdaptorElement.update (package:flutter/src/widgets/sliver.dart:955)
I/flutter (29776): #8      Element.updateChild (package:flutter/src/widgets/framework.dart:4037)
I/flutter (29776): #9      ComponentElement.performRebuild (package:flutter/src/widgets/framework.dart:5841)
I/flutter (29776): #10     StatefulElement.performRebuild (package:flutter/src/widgets/framework.dart:5982)
I/flutter (29776): #11     Element.rebuild (package:flutter/src/widgets/framework.dart:5529)
I/flutter (29776): #12     StatefulElement.update (package:flutter/src/widgets/framework.dart:6007)
I/flutter (29776): #13     Element.updateChild (package:flutter/src/widgets/framework.dart:4037)
I/flutter (29776): #14     SingleChildRenderObjectElement.update (package:flutter/src/widgets/framework.dart:7122)
I/flutter (29776): #15     Element.updateChild (package:flutter/src/widgets/framework.dart:4037)
I/flutter (29776): #16     Element.updateChildren (package:flutter/src/widgets/framework.dart:4191)
I/flutter (29776): #17     MultiChildRenderObjectElement.update (package:flutter/src/widgets/framework.dart:7295)
I/flutter (29776): #18     _ViewportElement.update (package:flutter/src/widgets/viewport.dart:293)
I/flutter (29776): #19     Element.updateChild (package:flutter/src/widgets/framework.dart:4037)
I/flutter (29776): #20     SingleChildRenderObjectElement.update (package:flutter/src/widgets/framework.dart:7122)
I/flutter (29776): #21     Element.updateChild (package:flutter/src/widgets/framework.dart:4037)
I/flutter (29776): #22     SingleChildRenderObjectElement.update (package:flutter/src/widgets/framework.dart:7122)
I/flutter (29776): #23     Element.updateChild (package:flutter/src/widgets/framework.dart:4037)
I/flutter (29776): #24     SingleChildRenderObjectElement.update (package:flutter/src/widgets/framework.dart:7122)
I/flutter (29776): #25     Element.updateChild (package:flutter/src/widgets/framework.dart:4037)
I/flutter (29776): #26     SingleChildRenderObjectElement.update (package:flutter/src/widgets/framework.dart:7122)
I/flutter (29776): #27     Element.updateChild (package:flutter/src/widgets/framework.dart:4037)
I/flutter (29776): #28     ComponentElement.performRebuild (package:flutter/src/widgets/framework.dart:5841)
I/flutter (29776): #29     StatefulElement.performRebuild (package:flutter/src/widgets/framework.dart:5982)
I/flutter (29776): #30     Element.rebuild (package:flutter/src/widgets/framework.dart:5529)
I/flutter (29776): #31     StatefulElement.update (package:flutter/src/widgets/framework.dart:6007)
I/flutter (29776): #32     Element.updateChild (package:flutter/src/widgets/framework.dart:4037)
I/flutter (29776): #33     SingleChildRenderObjectElement.update (package:flutter/src/widgets/framework.dart:7122)
I/flutter (29776): #34     Element.updateChild (package:flutter/src/widgets/framework.dart:4037)
I/flutter (29776): #35     ComponentElement.performRebuild (package:flutter/src/widgets/framework.dart:5841)
I/flutter (29776): #36     Element.rebuild (package:flutter/src/widgets/framework.dart:5529)
I/flutter (29776): #37     ProxyElement.update (package:flutter/src/widgets/framework.dart:6149)
I/flutter (29776): #38     Element.updateChild (package:flutter/src/widgets/framework.dart:4037)
I/flutter (29776): #39     SingleChildRenderObjectElement.update (package:flutter/src/widgets/framework.dart:7122)
I/flutter (29776): #40     Element.updateChild (package:flutter/src/widgets/framework.dart:4037)
I/flutter (29776): #41     ComponentElement.performRebuild (package:flutter/src/widgets/framework.dart:5841)
I/flutter (29776): #42     Element.rebuild (package:flutter/src/widgets/framework.dart:5529)
I/flutter (29776): #43     ProxyElement.update (package:flutter/src/widgets/framework.dart:6149)
I/flutter (29776): #44     Element.updateChild (package:flutter/src/widgets/framework.dart:4037)
I/flutter (29776): #45     SingleChildRenderObjectElement.update (package:flutter/src/widgets/framework.dart:7122)
I/flutter (29776): #46     Element.updateChild (package:flutter/src/widgets/framework.dart:4037)
I/flutter (29776): #47     SingleChildRenderObjectElement.update (package:flutter/src/widgets/framework.dart:7122)
I/flutter (29776): #48     Element.updateChild (package:flutter/src/widgets/framework.dart:4037)
I/flutter (29776): #49     ComponentElement.performRebuild (package:flutter/src/widgets/framework.dart:5841)
I/flutter (29776): #50     StatefulElement.performRebuild (package:flutter/src/widgets/framework.dart:5982)
I/flutter (29776): #51     Element.rebuild (package:flutter/src/widgets/framework.dart:5529)
I/flutter (29776): #52     StatefulElement.update (package:flutter/src/widgets/framework.dart:6007)
I/flutter (29776): #53     Element.updateChild (package:flutter/src/widgets/framework.dart:4037)
I/flutter (29776): #54     ComponentElement.performRebuild (package:flutter/src/widgets/framework.dart:5841)
I/flutter (29776): #55     Element.rebuild (package:flutter/src/widgets/framework.dart:5529)
I/flutter (29776): #56     StatelessElement.update (package:flutter/src/widgets/framework.dart:5895)
I/flutter (29776): #57     Element.updateChild (package:flutter/src/widgets/framework.dart:4037)
I/flutter (29776): #58     SingleChildRenderObjectElement.update (package:flutter/src/widgets/framework.dart:7122)
I/flutter (29776): #59     Element.updateChild (package:flutter/src/widgets/framework.dart:4037)
I/flutter (29776): #60     ComponentElement.performRebuild (package:flutter/src/widgets/framework.dart:5841)
I/flutter (29776): #61     StatefulElement.performRebuild (package:flutter/src/widgets/framework.dart:5982)
I/flutter (29776): #62     Element.rebuild (package:flutter/src/widgets/framework.dart:5529)
I/flutter (29776): #63     StatefulElement.update (package:flutter/src/widgets/framework.dart:6007)
I/flutter (29776): #64     Element.updateChild (package:flutter/src/widgets/framework.dart:4037)
I/flutter (29776): #65     ComponentElement.performRebuild (package:flutter/src/widgets/framework.dart:5841)
I/flutter (29776): #66     Element.rebuild (package:flutter/src/widgets/framework.dart:5529)
I/flutter (29776): #67     ProxyElement.update (package:flutter/src/widgets/framework.dart:6149)
I/flutter (29776): #68     Element.updateChild (package:flutter/src/widgets/framework.dart:4037)
I/flutter (29776): #69     ComponentElement.performRebuild (package:flutter/src/widgets/framework.dart:5841)
I/flutter (29776): #70     StatefulElement.performRebuild (package:flutter/src/widgets/framework.dart:5982)
I/flutter (29776): #71     Element.rebuild (package:flutter/src/widgets/framework.dart:5529)
I/flutter (29776): #72     StatefulElement.update (package:flutter/src/widgets/framework.dart:6007)
I/flutter (29776): #73     Element.updateChild (package:flutter/src/widgets/framework.dart:4037)
I/flutter (29776): #74     ComponentElement.performRebuild (package:flutter/src/widgets/framework.dart:5841)
I/flutter (29776): #75     StatefulElement.performRebuild (package:flutter/src/widgets/framework.dart:5982)
I/flutter (29776): #76     Element.rebuild (package:flutter/src/widgets/framework.dart:5529)
I/flutter (29776): #77     StatefulElement.update (package:flutter/src/widgets/framework.dart:6007)
I/flutter (29776): #78     Element.updateChild (package:flutter/src/widgets/framework.dart:4037)
I/flutter (29776): #79     ComponentElement.performRebuild (package:flutter/src/widgets/framework.dart:5841)
I/flutter (29776): #80     Element.rebuild (package:flutter/src/widgets/framework.dart:5529)
I/flutter (29776): #81     ProxyElement.update (package:flutter/src/widgets/framework.dart:6149)
I/flutter (29776): #82     Element.updateChild (package:flutter/src/widgets/framework.dart:4037)
I/flutter (29776): #83     ComponentElement.performRebuild (package:flutter/src/widgets/framework.dart:5841)
I/flutter (29776): #84     Element.rebuild (package:flutter/src/widgets/framework.dart:5529)
I/flutter (29776): #85     StatelessElement.update (package:flutter/src/widgets/framework.dart:5895)
I/flutter (29776): #86     Element.updateChild (package:flutter/src/widgets/framework.dart:4037)
I/flutter (29776): #87     ComponentElement.performRebuild (package:flutter/src/widgets/framework.dart:5841)
I/flutter (29776): #88     StatefulElement.performRebuild (package:flutter/src/widgets/framework.dart:5982)
I/flutter (29776): #89     Element.rebuild (package:flutter/src/widgets/framework.dart:5529)
I/flutter (29776): #90     StatefulElement.update (package:flutter/src/widgets/framework.dart:6007)
I/flutter (29776): #91     Element.updateChild (package:flutter/src/widgets/framework.dart:4037)
I/flutter (29776): #92     ComponentElement.performRebuild (package:flutter/src/widgets/framework.dart:5841)
I/flutter (29776): #93     StatefulElement.performRebuild (package:flutter/src/widgets/framework.dart:5982)
I/flutter (29776): #94     Element.rebuild (package:flutter/src/widgets/framework.dart:5529)
I/flutter (29776): #95     BuildScope._tryRebuild (package:flutter/src/widgets/framework.dart:2750)
I/flutter (29776): #96     BuildScope._flushDirtyElements (package:flutter/src/widgets/framework.dart:2807)
I/flutter (29776): #97     BuildOwner.buildScope (package:flutter/src/widgets/framework.dart:3111)
I/flutter (29776): #98     WidgetsBinding.drawFrame (package:flutter/src/widgets/binding.dart:1571)
I/flutter (29776): #99     RendererBinding._handlePersistentFrameCallback (package:flutter/src/rendering/binding.dart:509)
[spm]: ProfilerData event received.
I/flutter (29776): [SPM:perf] 698a51a  buildSpan: 9501µs
I/flutter (29776): [spm] Performance monitoring completed for 698a51a
I/flutter (29776): setState 698a51a
I/flutter (29776): Null check operator used on a null value
I/flutter (29776): #0      _ReorderableListViewState._itemBuilder (package:flutter/src/material/reorderable_list.dart:380)
I/flutter (29776): #1      SliverReorderableListState._itemBuilder (package:flutter/src/widgets/reorderable_list.dart:1146)
I/flutter (29776): #2      SliverChildBuilderDelegate.build (package:flutter/src/widgets/scroll_delegate.dart:552)
I/flutter (29776): #3      SliverMultiBoxAdaptorElement._build (package:flutter/src/widgets/sliver.dart:1055)
I/flutter (29776): #4      SliverMultiBoxAdaptorElement.performRebuild.processElement (package:flutter/src/widgets/sliver.dart:981)
I/flutter (29776): #5      Iterable.forEach (dart:core/iterable.dart:366)
I/flutter (29776): #6      SliverMultiBoxAdaptorElement.performRebuild (package:flutter/src/widgets/sliver.dart:1032)
I/flutter (29776): #7      SliverMultiBoxAdaptorElement.update (package:flutter/src/widgets/sliver.dart:955)
I/flutter (29776): #8      Element.updateChild (package:flutter/src/widgets/framework.dart:4037)
I/flutter (29776): #9      ComponentElement.performRebuild (package:flutter/src/widgets/framework.dart:5841)
I/flutter (29776): #10     StatefulElement.performRebuild (package:flutter/src/widgets/framework.dart:5982)
I/flutter (29776): #11     Element.rebuild (package:flutter/src/widgets/framework.dart:5529)
I/flutter (29776): #12     StatefulElement.update (package:flutter/src/widgets/framework.dart:6007)
I/flutter (29776): #13     Element.updateChild (package:flutter/src/widgets/framework.dart:4037)
I/flutter (29776): #14     SingleChildRenderObjectElement.update (package:flutter/src/widgets/framework.dart:7122)
I/flutter (29776): #15     Element.updateChild (package:flutter/src/widgets/framework.dart:4037)
I/flutter (29776): #16     Element.updateChildren (package:flutter/src/widgets/framework.dart:4191)
I/flutter (29776): #17     MultiChildRenderObjectElement.update (package:flutter/src/widgets/framework.dart:7295)
I/flutter (29776): #18     _ViewportElement.update (package:flutter/src/widgets/viewport.dart:293)
I/flutter (29776): #19     Element.updateChild (package:flutter/src/widgets/framework.dart:4037)
I/flutter (29776): #20     SingleChildRenderObjectElement.update (package:flutter/src/widgets/framework.dart:7122)
I/flutter (29776): #21     Element.updateChild (package:flutter/src/widgets/framework.dart:4037)
I/flutter (29776): #22     SingleChildRenderObjectElement.update (package:flutter/src/widgets/framework.dart:7122)
I/flutter (29776): #23     Element.updateChild (package:flutter/src/widgets/framework.dart:4037)
I/flutter (29776): #24     SingleChildRenderObjectElement.update (package:flutter/src/widgets/framework.dart:7122)
I/flutter (29776): #25     Element.updateChild (package:flutter/src/widgets/framework.dart:4037)
I/flutter (29776): #26     SingleChildRenderObjectElement.update (package:flutter/src/widgets/framework.dart:7122)
I/flutter (29776): #27     Element.updateChild (package:flutter/src/widgets/framework.dart:4037)
I/flutter (29776): #28     ComponentElement.performRebuild (package:flutter/src/widgets/framework.dart:5841)
I/flutter (29776): #29     StatefulElement.performRebuild (package:flutter/src/widgets/framework.dart:5982)
I/flutter (29776): #30     Element.rebuild (package:flutter/src/widgets/framework.dart:5529)
I/flutter (29776): #31     StatefulElement.update (package:flutter/src/widgets/framework.dart:6007)
I/flutter (29776): #32     Element.updateChild (package:flutter/src/widgets/framework.dart:4037)
I/flutter (29776): #33     SingleChildRenderObjectElement.update (package:flutter/src/widgets/framework.dart:7122)
I/flutter (29776): #34     Element.updateChild (package:flutter/src/widgets/framework.dart:4037)
I/flutter (29776): #35     ComponentElement.performRebuild (package:flutter/src/widgets/framework.dart:5841)
I/flutter (29776): #36     Element.rebuild (package:flutter/src/widgets/framework.dart:5529)
I/flutter (29776): #37     ProxyElement.update (package:flutter/src/widgets/framework.dart:6149)
I/flutter (29776): #38     Element.updateChild (package:flutter/src/widgets/framework.dart:4037)
I/flutter (29776): #39     SingleChildRenderObjectElement.update (package:flutter/src/widgets/framework.dart:7122)
I/flutter (29776): #40     Element.updateChild (package:flutter/src/widgets/framework.dart:4037)
I/flutter (29776): #41     ComponentElement.performRebuild (package:flutter/src/widgets/framework.dart:5841)
I/flutter (29776): #42     Element.rebuild (package:flutter/src/widgets/framework.dart:5529)
I/flutter (29776): #43     ProxyElement.update (package:flutter/src/widgets/framework.dart:6149)
I/flutter (29776): #44     Element.updateChild (package:flutter/src/widgets/framework.dart:4037)
I/flutter (29776): #45     SingleChildRenderObjectElement.update (package:flutter/src/widgets/framework.dart:7122)
I/flutter (29776): #46     Element.updateChild (package:flutter/src/widgets/framework.dart:4037)
I/flutter (29776): #47     SingleChildRenderObjectElement.update (package:flutter/src/widgets/framework.dart:7122)
I/flutter (29776): #48     Element.updateChild (package:flutter/src/widgets/framework.dart:4037)
I/flutter (29776): #49     ComponentElement.performRebuild (package:flutter/src/widgets/framework.dart:5841)
I/flutter (29776): #50     StatefulElement.performRebuild (package:flutter/src/widgets/framework.dart:5982)
I/flutter (29776): #51     Element.rebuild (package:flutter/src/widgets/framework.dart:5529)
I/flutter (29776): #52     StatefulElement.update (package:flutter/src/widgets/framework.dart:6007)
I/flutter (29776): #53     Element.updateChild (package:flutter/src/widgets/framework.dart:4037)
I/flutter (29776): #54     ComponentElement.performRebuild (package:flutter/src/widgets/framework.dart:5841)
I/flutter (29776): #55     Element.rebuild (package:flutter/src/widgets/framework.dart:5529)
I/flutter (29776): #56     StatelessElement.update (package:flutter/src/widgets/framework.dart:5895)
I/flutter (29776): #57     Element.updateChild (package:flutter/src/widgets/framework.dart:4037)
I/flutter (29776): #58     SingleChildRenderObjectElement.update (package:flutter/src/widgets/framework.dart:7122)
I/flutter (29776): #59     Element.updateChild (package:flutter/src/widgets/framework.dart:4037)
I/flutter (29776): #60     ComponentElement.performRebuild (package:flutter/src/widgets/framework.dart:5841)
I/flutter (29776): #61     StatefulElement.performRebuild (package:flutter/src/widgets/framework.dart:5982)
I/flutter (29776): #62     Element.rebuild (package:flutter/src/widgets/framework.dart:5529)
I/flutter (29776): #63     StatefulElement.update (package:flutter/src/widgets/framework.dart:6007)
I/flutter (29776): #64     Element.updateChild (package:flutter/src/widgets/framework.dart:4037)
I/flutter (29776): #65     ComponentElement.performRebuild (package:flutter/src/widgets/framework.dart:5841)
I/flutter (29776): #66     Element.rebuild (package:flutter/src/widgets/framework.dart:5529)
I/flutter (29776): #67     ProxyElement.update (package:flutter/src/widgets/framework.dart:6149)
I/flutter (29776): #68     Element.updateChild (package:flutter/src/widgets/framework.dart:4037)
I/flutter (29776): #69     ComponentElement.performRebuild (package:flutter/src/widgets/framework.dart:5841)
I/flutter (29776): #70     StatefulElement.performRebuild (package:flutter/src/widgets/framework.dart:5982)
I/flutter (29776): #71     Element.rebuild (package:flutter/src/widgets/framework.dart:5529)
I/flutter (29776): #72     StatefulElement.update (package:flutter/src/widgets/framework.dart:6007)
I/flutter (29776): #73     Element.updateChild (package:flutter/src/widgets/framework.dart:4037)
I/flutter (29776): #74     ComponentElement.performRebuild (package:flutter/src/widgets/framework.dart:5841)
I/flutter (29776): #75     StatefulElement.performRebuild (package:flutter/src/widgets/framework.dart:5982)
I/flutter (29776): #76     Element.rebuild (package:flutter/src/widgets/framework.dart:5529)
I/flutter (29776): #77     StatefulElement.update (package:flutter/src/widgets/framework.dart:6007)
I/flutter (29776): #78     Element.updateChild (package:flutter/src/widgets/framework.dart:4037)
I/flutter (29776): #79     ComponentElement.performRebuild (package:flutter/src/widgets/framework.dart:5841)
I/flutter (29776): #80     Element.rebuild (package:flutter/src/widgets/framework.dart:5529)
I/flutter (29776): #81     ProxyElement.update (package:flutter/src/widgets/framework.dart:6149)
I/flutter (29776): #82     Element.updateChild (package:flutter/src/widgets/framework.dart:4037)
I/flutter (29776): #83     ComponentElement.performRebuild (package:flutter/src/widgets/framework.dart:5841)
I/flutter (29776): #84     Element.rebuild (package:flutter/src/widgets/framework.dart:5529)
I/flutter (29776): #85     StatelessElement.update (package:flutter/src/widgets/framework.dart:5895)
I/flutter (29776): #86     Element.updateChild (package:flutter/src/widgets/framework.dart:4037)
I/flutter (29776): #87     ComponentElement.performRebuild (package:flutter/src/widgets/framework.dart:5841)
I/flutter (29776): #88     StatefulElement.performRebuild (package:flutter/src/widgets/framework.dart:5982)
I/flutter (29776): #89     Element.rebuild (package:flutter/src/widgets/framework.dart:5529)
I/flutter (29776): #90     StatefulElement.update (package:flutter/src/widgets/framework.dart:6007)
I/flutter (29776): #91     Element.updateChild (package:flutter/src/widgets/framework.dart:4037)
I/flutter (29776): #92     ComponentElement.performRebuild (package:flutter/src/widgets/framework.dart:5841)
I/flutter (29776): #93     StatefulElement.performRebuild (package:flutter/src/widgets/framework.dart:5982)
I/flutter (29776): #94     Element.rebuild (package:flutter/src/widgets/framework.dart:5529)
I/flutter (29776): #95     BuildScope._tryRebuild (package:flutter/src/widgets/framework.dart:2750)
I/flutter (29776): #96     BuildScope._flushDirtyElements (package:flutter/src/widgets/framework.dart:2807)
I/flutter (29776): #97     BuildOwner.buildScope (package:flutter/src/widgets/framework.dart:3111)
I/flutter (29776): #98     WidgetsBinding.drawFrame (package:flutter/src/widgets/binding.dart:1571)
I/flutter (29776): #99     RendererBinding._handlePersistentFrameCallback (package:flutter/src/rendering/binding.dart:509)
[spm]: ProfilerData event received.
I/flutter (29776): [SPM:perf] 698a51a  buildSpan: 9525µs
I/flutter (29776): [spm] Performance monitoring completed for 698a51a
I/flutter (29776): setState 698a51a
I/flutter (29776): Null check operator used on a null value
I/flutter (29776): #0      _ReorderableListViewState._itemBuilder (package:flutter/src/material/reorderable_list.dart:380)
I/flutter (29776): #1      SliverReorderableListState._itemBuilder (package:flutter/src/widgets/reorderable_list.dart:1146)
I/flutter (29776): #2      SliverChildBuilderDelegate.build (package:flutter/src/widgets/scroll_delegate.dart:552)
I/flutter (29776): #3      SliverMultiBoxAdaptorElement._build (package:flutter/src/widgets/sliver.dart:1055)
I/flutter (29776): #4      SliverMultiBoxAdaptorElement.performRebuild.processElement (package:flutter/src/widgets/sliver.dart:981)
I/flutter (29776): #5      Iterable.forEach (dart:core/iterable.dart:366)
I/flutter (29776): #6      SliverMultiBoxAdaptorElement.performRebuild (package:flutter/src/widgets/sliver.dart:1032)
I/flutter (29776): #7      SliverMultiBoxAdaptorElement.update (package:flutter/src/widgets/sliver.dart:955)
I/flutter (29776): #8      Element.updateChild (package:flutter/src/widgets/framework.dart:4037)
I/flutter (29776): #9      ComponentElement.performRebuild (package:flutter/src/widgets/framework.dart:5841)
I/flutter (29776): #10     StatefulElement.performRebuild (package:flutter/src/widgets/framework.dart:5982)
I/flutter (29776): #11     Element.rebuild (package:flutter/src/widgets/framework.dart:5529)
I/flutter (29776): #12     StatefulElement.update (package:flutter/src/widgets/framework.dart:6007)
I/flutter (29776): #13     Element.updateChild (package:flutter/src/widgets/framework.dart:4037)
I/flutter (29776): #14     SingleChildRenderObjectElement.update (package:flutter/src/widgets/framework.dart:7122)
I/flutter (29776): #15     Element.updateChild (package:flutter/src/widgets/framework.dart:4037)
I/flutter (29776): #16     Element.updateChildren (package:flutter/src/widgets/framework.dart:4191)
I/flutter (29776): #17     MultiChildRenderObjectElement.update (package:flutter/src/widgets/framework.dart:7295)
I/flutter (29776): #18     _ViewportElement.update (package:flutter/src/widgets/viewport.dart:293)
I/flutter (29776): #19     Element.updateChild (package:flutter/src/widgets/framework.dart:4037)
I/flutter (29776): #20     SingleChildRenderObjectElement.update (package:flutter/src/widgets/framework.dart:7122)
I/flutter (29776): #21     Element.updateChild (package:flutter/src/widgets/framework.dart:4037)
I/flutter (29776): #22     SingleChildRenderObjectElement.update (package:flutter/src/widgets/framework.dart:7122)
I/flutter (29776): #23     Element.updateChild (package:flutter/src/widgets/framework.dart:4037)
I/flutter (29776): #24     SingleChildRenderObjectElement.update (package:flutter/src/widgets/framework.dart:7122)
I/flutter (29776): #25     Element.updateChild (package:flutter/src/widgets/framework.dart:4037)
I/flutter (29776): #26     SingleChildRenderObjectElement.update (package:flutter/src/widgets/framework.dart:7122)
I/flutter (29776): #27     Element.updateChild (package:flutter/src/widgets/framework.dart:4037)
I/flutter (29776): #28     ComponentElement.performRebuild (package:flutter/src/widgets/framework.dart:5841)
I/flutter (29776): #29     StatefulElement.performRebuild (package:flutter/src/widgets/framework.dart:5982)
I/flutter (29776): #30     Element.rebuild (package:flutter/src/widgets/framework.dart:5529)
I/flutter (29776): #31     StatefulElement.update (package:flutter/src/widgets/framework.dart:6007)
I/flutter (29776): #32     Element.updateChild (package:flutter/src/widgets/framework.dart:4037)
I/flutter (29776): #33     SingleChildRenderObjectElement.update (package:flutter/src/widgets/framework.dart:7122)
I/flutter (29776): #34     Element.updateChild (package:flutter/src/widgets/framework.dart:4037)
I/flutter (29776): #35     ComponentElement.performRebuild (package:flutter/src/widgets/framework.dart:5841)
I/flutter (29776): #36     Element.rebuild (package:flutter/src/widgets/framework.dart:5529)
I/flutter (29776): #37     ProxyElement.update (package:flutter/src/widgets/framework.dart:6149)
I/flutter (29776): #38     Element.updateChild (package:flutter/src/widgets/framework.dart:4037)
I/flutter (29776): #39     SingleChildRenderObjectElement.update (package:flutter/src/widgets/framework.dart:7122)
I/flutter (29776): #40     Element.updateChild (package:flutter/src/widgets/framework.dart:4037)
I/flutter (29776): #41     ComponentElement.performRebuild (package:flutter/src/widgets/framework.dart:5841)
I/flutter (29776): #42     Element.rebuild (package:flutter/src/widgets/framework.dart:5529)
I/flutter (29776): #43     ProxyElement.update (package:flutter/src/widgets/framework.dart:6149)
I/flutter (29776): #44     Element.updateChild (package:flutter/src/widgets/framework.dart:4037)
I/flutter (29776): #45     SingleChildRenderObjectElement.update (package:flutter/src/widgets/framework.dart:7122)
I/flutter (29776): #46     Element.updateChild (package:flutter/src/widgets/framework.dart:4037)
I/flutter (29776): #47     SingleChildRenderObjectElement.update (package:flutter/src/widgets/framework.dart:7122)
I/flutter (29776): #48     Element.updateChild (package:flutter/src/widgets/framework.dart:4037)
I/flutter (29776): #49     ComponentElement.performRebuild (package:flutter/src/widgets/framework.dart:5841)
I/flutter (29776): #50     StatefulElement.performRebuild (package:flutter/src/widgets/framework.dart:5982)
I/flutter (29776): #51     Element.rebuild (package:flutter/src/widgets/framework.dart:5529)
I/flutter (29776): #52     StatefulElement.update (package:flutter/src/widgets/framework.dart:6007)
I/flutter (29776): #53     Element.updateChild (package:flutter/src/widgets/framework.dart:4037)
I/flutter (29776): #54     ComponentElement.performRebuild (package:flutter/src/widgets/framework.dart:5841)
I/flutter (29776): #55     Element.rebuild (package:flutter/src/widgets/framework.dart:5529)
I/flutter (29776): #56     StatelessElement.update (package:flutter/src/widgets/framework.dart:5895)
I/flutter (29776): #57     Element.updateChild (package:flutter/src/widgets/framework.dart:4037)
I/flutter (29776): #58     SingleChildRenderObjectElement.update (package:flutter/src/widgets/framework.dart:7122)
I/flutter (29776): #59     Element.updateChild (package:flutter/src/widgets/framework.dart:4037)
I/flutter (29776): #60     ComponentElement.performRebuild (package:flutter/src/widgets/framework.dart:5841)
I/flutter (29776): #61     StatefulElement.performRebuild (package:flutter/src/widgets/framework.dart:5982)
I/flutter (29776): #62     Element.rebuild (package:flutter/src/widgets/framework.dart:5529)
I/flutter (29776): #63     StatefulElement.update (package:flutter/src/widgets/framework.dart:6007)
I/flutter (29776): #64     Element.updateChild (package:flutter/src/widgets/framework.dart:4037)
I/flutter (29776): #65     ComponentElement.performRebuild (package:flutter/src/widgets/framework.dart:5841)
I/flutter (29776): #66     Element.rebuild (package:flutter/src/widgets/framework.dart:5529)
I/flutter (29776): #67     ProxyElement.update (package:flutter/src/widgets/framework.dart:6149)
I/flutter (29776): #68     Element.updateChild (package:flutter/src/widgets/framework.dart:4037)
I/flutter (29776): #69     ComponentElement.performRebuild (package:flutter/src/widgets/framework.dart:5841)
I/flutter (29776): #70     StatefulElement.performRebuild (package:flutter/src/widgets/framework.dart:5982)
I/flutter (29776): #71     Element.rebuild (package:flutter/src/widgets/framework.dart:5529)
I/flutter (29776): #72     StatefulElement.update (package:flutter/src/widgets/framework.dart:6007)
I/flutter (29776): #73     Element.updateChild (package:flutter/src/widgets/framework.dart:4037)
I/flutter (29776): #74     ComponentElement.performRebuild (package:flutter/src/widgets/framework.dart:5841)
I/flutter (29776): #75     StatefulElement.performRebuild (package:flutter/src/widgets/framework.dart:5982)
I/flutter (29776): #76     Element.rebuild (package:flutter/src/widgets/framework.dart:5529)
I/flutter (29776): #77     StatefulElement.update (package:flutter/src/widgets/framework.dart:6007)
I/flutter (29776): #78     Element.updateChild (package:flutter/src/widgets/framework.dart:4037)
I/flutter (29776): #79     ComponentElement.performRebuild (package:flutter/src/widgets/framework.dart:5841)
I/flutter (29776): #80     Element.rebuild (package:flutter/src/widgets/framework.dart:5529)
I/flutter (29776): #81     ProxyElement.update (package:flutter/src/widgets/framework.dart:6149)
I/flutter (29776): #82     Element.updateChild (package:flutter/src/widgets/framework.dart:4037)
I/flutter (29776): #83     ComponentElement.performRebuild (package:flutter/src/widgets/framework.dart:5841)
I/flutter (29776): #84     Element.rebuild (package:flutter/src/widgets/framework.dart:5529)
I/flutter (29776): #85     StatelessElement.update (package:flutter/src/widgets/framework.dart:5895)
I/flutter (29776): #86     Element.updateChild (package:flutter/src/widgets/framework.dart:4037)
I/flutter (29776): #87     ComponentElement.performRebuild (package:flutter/src/widgets/framework.dart:5841)
I/flutter (29776): #88     StatefulElement.performRebuild (package:flutter/src/widgets/framework.dart:5982)
I/flutter (29776): #89     Element.rebuild (package:flutter/src/widgets/framework.dart:5529)
I/flutter (29776): #90     StatefulElement.update (package:flutter/src/widgets/framework.dart:6007)
I/flutter (29776): #91     Element.updateChild (package:flutter/src/widgets/framework.dart:4037)
I/flutter (29776): #92     ComponentElement.performRebuild (package:flutter/src/widgets/framework.dart:5841)
I/flutter (29776): #93     StatefulElement.performRebuild (package:flutter/src/widgets/framework.dart:5982)
I/flutter (29776): #94     Element.rebuild (package:flutter/src/widgets/framework.dart:5529)
I/flutter (29776): #95     BuildScope._tryRebuild (package:flutter/src/widgets/framework.dart:2750)
I/flutter (29776): #96     BuildScope._flushDirtyElements (package:flutter/src/widgets/framework.dart:2807)
I/flutter (29776): #97     BuildOwner.buildScope (package:flutter/src/widgets/framework.dart:3111)
I/flutter (29776): #98     WidgetsBinding.drawFrame (package:flutter/src/widgets/binding.dart:1571)
I/flutter (29776): #99     RendererBinding._handlePersistentFrameCallback (package:flutter/src/rendering/binding.dart:509)
I/flutter (29776): [SPM:perf] 698a51a  buildSpan: 9628µs
I/flutter (29776): [spm] Performance monitoring completed for 698a51a
I/flutter (29776): setState 698a51a
[spm]: ProfilerData event received.
I/flutter (29776): Null check operator used on a null value
I/flutter (29776): #0      _ReorderableListViewState._itemBuilder (package:flutter/src/material/reorderable_list.dart:380)
I/flutter (29776): #1      SliverReorderableListState._itemBuilder (package:flutter/src/widgets/reorderable_list.dart:1146)
I/flutter (29776): #2      SliverChildBuilderDelegate.build (package:flutter/src/widgets/scroll_delegate.dart:552)
I/flutter (29776): #3      SliverMultiBoxAdaptorElement._build (package:flutter/src/widgets/sliver.dart:1055)
I/flutter (29776): #4      SliverMultiBoxAdaptorElement.performRebuild.processElement (package:flutter/src/widgets/sliver.dart:981)
I/flutter (29776): #5      Iterable.forEach (dart:core/iterable.dart:366)
I/flutter (29776): #6      SliverMultiBoxAdaptorElement.performRebuild (package:flutter/src/widgets/sliver.dart:1032)
I/flutter (29776): #7      SliverMultiBoxAdaptorElement.update (package:flutter/src/widgets/sliver.dart:955)
I/flutter (29776): #8      Element.updateChild (package:flutter/src/widgets/framework.dart:4037)
I/flutter (29776): #9      ComponentElement.performRebuild (package:flutter/src/widgets/framework.dart:5841)
I/flutter (29776): #10     StatefulElement.performRebuild (package:flutter/src/widgets/framework.dart:5982)
I/flutter (29776): #11     Element.rebuild (package:flutter/src/widgets/framework.dart:5529)
I/flutter (29776): #12     StatefulElement.update (package:flutter/src/widgets/framework.dart:6007)
I/flutter (29776): #13     Element.updateChild (package:flutter/src/widgets/framework.dart:4037)
I/flutter (29776): #14     SingleChildRenderObjectElement.update (package:flutter/src/widgets/framework.dart:7122)
I/flutter (29776): #15     Element.updateChild (package:flutter/src/widgets/framework.dart:4037)
I/flutter (29776): #16     Element.updateChildren (package:flutter/src/widgets/framework.dart:4191)
I/flutter (29776): #17     MultiChildRenderObjectElement.update (package:flutter/src/widgets/framework.dart:7295)
I/flutter (29776): #18     _ViewportElement.update (package:flutter/src/widgets/viewport.dart:293)
I/flutter (29776): #19     Element.updateChild (package:flutter/src/widgets/framework.dart:4037)
I/flutter (29776): #20     SingleChildRenderObjectElement.update (package:flutter/src/widgets/framework.dart:7122)
I/flutter (29776): #21     Element.updateChild (package:flutter/src/widgets/framework.dart:4037)
I/flutter (29776): #22     SingleChildRenderObjectElement.update (package:flutter/src/widgets/framework.dart:7122)
I/flutter (29776): #23     Element.updateChild (package:flutter/src/widgets/framework.dart:4037)
I/flutter (29776): #24     SingleChildRenderObjectElement.update (package:flutter/src/widgets/framework.dart:7122)
I/flutter (29776): #25     Element.updateChild (package:flutter/src/widgets/framework.dart:4037)
I/flutter (29776): #26     SingleChildRenderObjectElement.update (package:flutter/src/widgets/framework.dart:7122)
I/flutter (29776): #27     Element.updateChild (package:flutter/src/widgets/framework.dart:4037)
I/flutter (29776): #28     ComponentElement.performRebuild (package:flutter/src/widgets/framework.dart:5841)
I/flutter (29776): #29     StatefulElement.performRebuild (package:flutter/src/widgets/framework.dart:5982)
I/flutter (29776): #30     Element.rebuild (package:flutter/src/widgets/framework.dart:5529)
I/flutter (29776): #31     StatefulElement.update (package:flutter/src/widgets/framework.dart:6007)
I/flutter (29776): #32     Element.updateChild (package:flutter/src/widgets/framework.dart:4037)
I/flutter (29776): #33     SingleChildRenderObjectElement.update (package:flutter/src/widgets/framework.dart:7122)
I/flutter (29776): #34     Element.updateChild (package:flutter/src/widgets/framework.dart:4037)
I/flutter (29776): #35     ComponentElement.performRebuild (package:flutter/src/widgets/framework.dart:5841)
I/flutter (29776): #36     Element.rebuild (package:flutter/src/widgets/framework.dart:5529)
I/flutter (29776): #37     ProxyElement.update (package:flutter/src/widgets/framework.dart:6149)
I/flutter (29776): #38     Element.updateChild (package:flutter/src/widgets/framework.dart:4037)
I/flutter (29776): #39     SingleChildRenderObjectElement.update (package:flutter/src/widgets/framework.dart:7122)
I/flutter (29776): #40     Element.updateChild (package:flutter/src/widgets/framework.dart:4037)
I/flutter (29776): #41     ComponentElement.performRebuild (package:flutter/src/widgets/framework.dart:5841)
I/flutter (29776): #42     Element.rebuild (package:flutter/src/widgets/framework.dart:5529)
I/flutter (29776): #43     ProxyElement.update (package:flutter/src/widgets/framework.dart:6149)
I/flutter (29776): #44     Element.updateChild (package:flutter/src/widgets/framework.dart:4037)
I/flutter (29776): #45     SingleChildRenderObjectElement.update (package:flutter/src/widgets/framework.dart:7122)
I/flutter (29776): #46     Element.updateChild (package:flutter/src/widgets/framework.dart:4037)
I/flutter (29776): #47     SingleChildRenderObjectElement.update (package:flutter/src/widgets/framework.dart:7122)
I/flutter (29776): #48     Element.updateChild (package:flutter/src/widgets/framework.dart:4037)
I/flutter (29776): #49     ComponentElement.performRebuild (package:flutter/src/widgets/framework.dart:5841)
I/flutter (29776): #50     StatefulElement.performRebuild (package:flutter/src/widgets/framework.dart:5982)
I/flutter (29776): #51     Element.rebuild (package:flutter/src/widgets/framework.dart:5529)
I/flutter (29776): #52     StatefulElement.update (package:flutter/src/widgets/framework.dart:6007)
I/flutter (29776): #53     Element.updateChild (package:flutter/src/widgets/framework.dart:4037)
I/flutter (29776): #54     ComponentElement.performRebuild (package:flutter/src/widgets/framework.dart:5841)
I/flutter (29776): #55     Element.rebuild (package:flutter/src/widgets/framework.dart:5529)
I/flutter (29776): #56     StatelessElement.update (package:flutter/src/widgets/framework.dart:5895)
I/flutter (29776): #57     Element.updateChild (package:flutter/src/widgets/framework.dart:4037)
I/flutter (29776): #58     SingleChildRenderObjectElement.update (package:flutter/src/widgets/framework.dart:7122)
I/flutter (29776): #59     Element.updateChild (package:flutter/src/widgets/framework.dart:4037)
I/flutter (29776): #60     ComponentElement.performRebuild (package:flutter/src/widgets/framework.dart:5841)
I/flutter (29776): #61     StatefulElement.performRebuild (package:flutter/src/widgets/framework.dart:5982)
I/flutter (29776): #62     Element.rebuild (package:flutter/src/widgets/framework.dart:5529)
I/flutter (29776): #63     StatefulElement.update (package:flutter/src/widgets/framework.dart:6007)
I/flutter (29776): #64     Element.updateChild (package:flutter/src/widgets/framework.dart:4037)
I/flutter (29776): #65     ComponentElement.performRebuild (package:flutter/src/widgets/framework.dart:5841)
I/flutter (29776): #66     Element.rebuild (package:flutter/src/widgets/framework.dart:5529)
I/flutter (29776): #67     ProxyElement.update (package:flutter/src/widgets/framework.dart:6149)
I/flutter (29776): #68     Element.updateChild (package:flutter/src/widgets/framework.dart:4037)
I/flutter (29776): #69     ComponentElement.performRebuild (package:flutter/src/widgets/framework.dart:5841)
I/flutter (29776): #70     StatefulElement.performRebuild (package:flutter/src/widgets/framework.dart:5982)
I/flutter (29776): #71     Element.rebuild (package:flutter/src/widgets/framework.dart:5529)
I/flutter (29776): #72     StatefulElement.update (package:flutter/src/widgets/framework.dart:6007)
I/flutter (29776): #73     Element.updateChild (package:flutter/src/widgets/framework.dart:4037)
I/flutter (29776): #74     ComponentElement.performRebuild (package:flutter/src/widgets/framework.dart:5841)
I/flutter (29776): #75     StatefulElement.performRebuild (package:flutter/src/widgets/framework.dart:5982)
I/flutter (29776): #76     Element.rebuild (package:flutter/src/widgets/framework.dart:5529)
I/flutter (29776): #77     StatefulElement.update (package:flutter/src/widgets/framework.dart:6007)
I/flutter (29776): #78     Element.updateChild (package:flutter/src/widgets/framework.dart:4037)
I/flutter (29776): #79     ComponentElement.performRebuild (package:flutter/src/widgets/framework.dart:5841)
I/flutter (29776): #80     Element.rebuild (package:flutter/src/widgets/framework.dart:5529)
I/flutter (29776): #81     ProxyElement.update (package:flutter/src/widgets/framework.dart:6149)
I/flutter (29776): #82     Element.updateChild (package:flutter/src/widgets/framework.dart:4037)
I/flutter (29776): #83     ComponentElement.performRebuild (package:flutter/src/widgets/framework.dart:5841)
I/flutter (29776): #84     Element.rebuild (package:flutter/src/widgets/framework.dart:5529)
I/flutter (29776): #85     StatelessElement.update (package:flutter/src/widgets/framework.dart:5895)
I/flutter (29776): #86     Element.updateChild (package:flutter/src/widgets/framework.dart:4037)
I/flutter (29776): #87     ComponentElement.performRebuild (package:flutter/src/widgets/framework.dart:5841)
I/flutter (29776): #88     StatefulElement.performRebuild (package:flutter/src/widgets/framework.dart:5982)
I/flutter (29776): #89     Element.rebuild (package:flutter/src/widgets/framework.dart:5529)
I/flutter (29776): #90     StatefulElement.update (package:flutter/src/widgets/framework.dart:6007)
I/flutter (29776): #91     Element.updateChild (package:flutter/src/widgets/framework.dart:4037)
I/flutter (29776): #92     ComponentElement.performRebuild (package:flutter/src/widgets/framework.dart:5841)
I/flutter (29776): #93     StatefulElement.performRebuild (package:flutter/src/widgets/framework.dart:5982)
I/flutter (29776): #94     Element.rebuild (package:flutter/src/widgets/framework.dart:5529)
I/flutter (29776): #95     BuildScope._tryRebuild (package:flutter/src/widgets/framework.dart:2750)
I/flutter (29776): #96     BuildScope._flushDirtyElements (package:flutter/src/widgets/framework.dart:2807)
I/flutter (29776): #97     BuildOwner.buildScope (package:flutter/src/widgets/framework.dart:3111)
I/flutter (29776): #98     WidgetsBinding.drawFrame (package:flutter/src/widgets/binding.dart:1571)
I/flutter (29776): #99     RendererBinding._handlePersistentFrameCallback (package:flutter/src/rendering/binding.dart:509)
[spm]: ProfilerData event received.
I/flutter (29776): [SPM:perf] 698a51a  buildSpan: 9424µs
I/flutter (29776): [spm] Performance monitoring completed for 698a51a
I/flutter (29776): Multiple exceptions (31) were detected during the running of the current test, and at least one was unexpected.
I/flutter (29776): #0      debugPrintStack (package:flutter/src/foundation/assertions.dart:1213)
I/flutter (29776): #1      FlutterError.dumpErrorToConsole (package:flutter/src/foundation/assertions.dart:1033)
I/flutter (29776): #2      _defaultTestExceptionReporter (package:flutter_test/src/test_exception_reporter.dart:29)
I/flutter (29776): #3      new IntegrationTestWidgetsFlutterBinding.<anonymous closure> (package:integration_test/integration_test.dart:91)
I/flutter (29776): #4      TestWidgetsFlutterBinding._createTestCompletionHandler.<anonymous closure> (package:flutter_test/src/binding.dart:1713)
I/flutter (29776): <asynchronous suspension>
I/flutter (29776): (elided 6 frames from dart:async)
I/flutter (29776): 01:10 +0: Performance Benchmark [E]
I/flutter (29776):   Test failed. See exception logs above.
I/flutter (29776):   The test description was: Performance Benchmark
I/flutter (29776):   
I/flutter (29776): 01:10 +0 -1: (tearDownAll)
I/flutter (29776): 01:11 +1 -1: Some tests failed.
Failure Details:
Failure in method: Performance Benchmark
Instance of 'FlutterErrorDetails'
end of failure 1



[spm]: Saved 30 profiler events to <ROOT>/dataset/26/redmi9t/raw/20260804-043817/mutation_5/e14.jsonl
[spm]: Reverting injection...
1 issue found. (ran in 0.8s)
WARNING: Your Android app project: app located at: <ROOT>/android/app/build.gradle.kts
applies the Kotlin Gradle Plugin, which will cause build failures in future versions of Flutter. 
Please migrate your app to Built-in Kotlin using this guide: https://docs.flutter.dev/release/breaking-changes/migrate-to-built-in-kotlin/for-app-developers

VMServiceFlutterDriver: Connecting to Flutter application at http://127.0.0.1:40231/CqCNQvovkDs=/
[spm]: Detected VM service URI: ws://127.0.0.1:40231/CqCNQvovkDs=/ws
VMServiceFlutterDriver: Isolate found with number: 74619154125951
VMServiceFlutterDriver: Isolate 74619154125951 is runnable.
VMServiceFlutterDriver: Isolate is paused at start.
VMServiceFlutterDriver: Attempting to resume isolate
VMServiceFlutterDriver: Connected to Flutter application.