# sample_id=26/mutation_5 exec_index=9 ok=False perf_lines=30 vm_events=30 battery_pct=78 soc_temp_millic=45700 battery_temp_c=31.1 charging=False preflight_started=2026-08-04T01:54:30.288577+00:00 started=2026-08-04T01:54:32.676175+00:00 ts=2026-08-04T01:56:31.831580+00:00
[spm]: Running flutter analyze...
Analyzing lib...                                                

   info • 'onReorder' is deprecated and shouldn't be used. Use the onReorderItem callback instead. The onReorderItem callback adjusts the newIndex parameter for a removed item at the oldIndex. This feature was deprecated after v3.41.0-0.0.pre. Try replacing the use of the deprecated member with the replacement • lib/generated_widget.dart:106:7 • deprecated_member_use

[spm]: Injecting profiler code...
[spm]: Starting app...
Running Gradle task 'assembleProfile'...                        
Running Gradle task 'assembleProfile'...                           21.3s
✓ Built build/app/outputs/flutter-apk/app-profile.apk (61.8MB)
Installing build/app/outputs/flutter-apk/app-profile.apk...      1,957ms
D/DecorView[](21416): getWindowModeFromSystem  windowmode is 1
D/DecorView[](21416): updateDecorCaptionStatus displayWindowDecor is false
W/Looper  (21416): PerfMonitor looperActivity : package=com.example.benchmark_container/.MainActivity time=338ms latency=370ms running=0ms  procState=-1  historyMsgCount=3 (msgIndex=3 wall=366ms seq=3 h=android.app.ActivityThread$H w=110)
W/Looper  (21416): PerfMonitor looperActivity : package=com.example.benchmark_container/.MainActivity time=1ms latency=709ms running=0ms  procState=-1  historyMsgCount=4 (msgIndex=3 wall=366ms seq=3 h=android.app.ActivityThread$H w=110) (msgIndex=4 wall=338ms seq=4 late=370ms h=android.app.ActivityThread$H w=159)
D/SurfaceView(21416): UPDATE null, mIsCastMode = false
D/hw-ProcessState(21416): Binder ioctl to enable oneway spam detection failed: Invalid argument
W/Looper  (21416): PerfMonitor longMsg : seq=8 plan=04:55:09.307 late=346ms wall=1703ms running=0ms h=android.view.Choreographer$FrameHandler c=android.view.Choreographer$FrameDisplayEventReceiver procState=-1
W/Looper  (21416): PerfMonitor doFrame : time=1703ms vsyncFrame=0 latency=346ms procState=-1 historyMsgCount=6 (msgIndex=2 wall=1703ms seq=8 late=346ms h=android.view.Choreographer$FrameHandler c=android.view.Choreographer$FrameDisplayEventReceiver) (msgIndex=3 wall=338ms seq=4 h=android.app.ActivityThread$H w=159)
I/Choreographer(21416): Skipped 97 frames!  The application may be doing too much work on its main thread.
D/SurfaceView(21416): UPDATE Surface(name=SurfaceView[com.example.benchmark_container/com.example.benchmark_container.MainActivity])/@0xf40fc89, mIsProjectionMode = false
W/Looper  (21416): PerfMonitor doFrame : time=3ms vsyncFrame=0 latency=1623ms procState=-1 historyMsgCount=4
[spm]: Connected to Dart VM service.
I/flutter (21416): 00:00 +0: Performance Benchmark
E/hmark_containe(21416): open libmigui.so failed! dlopen - dlopen failed: library "libmigui.so" not found
D/hmark_containe(21416): MiuiProcessManagerServiceStub setSchedFifo
I/MiuiProcessManagerImpl(21416): setSchedFifo pid:21416, mode:3
D/DecorView[](21416): onWindowFocusChanged hasWindowFocus true
D/DecorView[](21416): getWindowModeFromSystem  windowmode is 1
D/DecorView[](21416): updateDecorCaptionStatus displayWindowDecor is false
D/ProfileInstaller(21416): Installing profile for com.example.benchmark_container
I/flutter (21416): setState 698a51a
I/flutter (21416): Null check operator used on a null value
I/flutter (21416): #0      _ReorderableListViewState._itemBuilder (package:flutter/src/material/reorderable_list.dart:380)
I/flutter (21416): #1      SliverReorderableListState._itemBuilder (package:flutter/src/widgets/reorderable_list.dart:1146)
I/flutter (21416): #2      SliverChildBuilderDelegate.build (package:flutter/src/widgets/scroll_delegate.dart:552)
I/flutter (21416): #3      SliverMultiBoxAdaptorElement._build (package:flutter/src/widgets/sliver.dart:1055)
I/flutter (21416): #4      SliverMultiBoxAdaptorElement.createChild.<anonymous closure> (package:flutter/src/widgets/sliver.dart:1071)
I/flutter (21416): #5      BuildOwner.buildScope (package:flutter/src/widgets/framework.dart:3101)
I/flutter (21416): #6      SliverMultiBoxAdaptorElement.createChild (package:flutter/src/widgets/sliver.dart:1061)
I/flutter (21416): #7      RenderSliverMultiBoxAdaptor._createOrObtainChild.<anonymous closure> (package:flutter/src/rendering/sliver_multi_box_adaptor.dart:368)
I/flutter (21416): #8      RenderObject.invokeLayoutCallback.<anonymous closure> (package:flutter/src/rendering/object.dart:3026)
I/flutter (21416): #9      PipelineOwner._enableMutationsToDirtySubtrees (package:flutter/src/rendering/object.dart:1223)
I/flutter (21416): #10     RenderObject.invokeLayoutCallback (package:flutter/src/rendering/object.dart:3025)
I/flutter (21416): #11     RenderSliverMultiBoxAdaptor._createOrObtainChild (package:flutter/src/rendering/sliver_multi_box_adaptor.dart:357)
I/flutter (21416): #12     RenderSliverMultiBoxAdaptor.addInitialChild (package:flutter/src/rendering/sliver_multi_box_adaptor.dart:455)
I/flutter (21416): #13     RenderSliverList.performLayout (package:flutter/src/rendering/sliver_list.dart:79)
I/flutter (21416): #14     RenderObject.layout (package:flutter/src/rendering/object.dart:2907)
I/flutter (21416): #15     RenderSliverEdgeInsetsPadding.performLayout (package:flutter/src/rendering/sliver_padding.dart:133)
I/flutter (21416): #16     RenderSliverPadding.performLayout (package:flutter/src/rendering/sliver_padding.dart:368)
I/flutter (21416): #17     RenderObject.layout (package:flutter/src/rendering/object.dart:2907)
I/flutter (21416): #18     RenderViewportBase.layoutChildSequence (package:flutter/src/rendering/viewport.dart:821)
I/flutter (21416): #19     RenderViewport._attemptLayout (package:flutter/src/rendering/viewport.dart:1831)
I/flutter (21416): #20     RenderViewport.performLayout (package:flutter/src/rendering/viewport.dart:1724)
I/flutter (21416): #21     RenderObject.layout (package:flutter/src/rendering/object.dart:2907)
I/flutter (21416): #22     RenderProxyBoxMixin.performLayout (package:flutter/src/rendering/proxy_box.dart:118)
I/flutter (21416): #23     RenderObject.layout (package:flutter/src/rendering/object.dart:2907)
I/flutter (21416): #24     RenderProxyBoxMixin.performLayout (package:flutter/src/rendering/proxy_box.dart:118)
I/flutter (21416): #25     RenderObject.layout (package:flutter/src/rendering/object.dart:2907)
I/flutter (21416): #26     RenderProxyBoxMixin.performLayout (package:flutter/src/rendering/proxy_box.dart:118)
I/flutter (21416): #27     RenderObject.layout (package:flutter/src/rendering/object.dart:2907)
I/flutter (21416): #28     RenderProxyBoxMixin.performLayout (package:flutter/src/rendering/proxy_box.dart:118)
I/flutter (21416): #29     RenderObject.layout (package:flutter/src/rendering/object.dart:2907)
I/flutter (21416): #30     RenderProxyBoxMixin.performLayout (package:flutter/src/rendering/proxy_box.dart:118)
I/flutter (21416): #31     RenderObject.layout (package:flutter/src/rendering/object.dart:2907)
I/flutter (21416): #32     RenderProxyBoxMixin.performLayout (package:flutter/src/rendering/proxy_box.dart:118)
I/flutter (21416): #33     RenderObject.layout (package:flutter/src/rendering/object.dart:2907)
I/flutter (21416): #34     RenderProxyBoxMixin.performLayout (package:flutter/src/rendering/proxy_box.dart:118)
I/flutter (21416): #35     RenderCustomPaint.performLayout (package:flutter/src/rendering/custom_paint.dart:574)
I/flutter (21416): #36     RenderObject.layout (package:flutter/src/rendering/object.dart:2907)
I/flutter (21416): #37     RenderProxyBoxMixin.performLayout (package:flutter/src/rendering/proxy_box.dart:118)
I/flutter (21416): #38     RenderObject.layout (package:flutter/src/rendering/object.dart:2907)
I/flutter (21416): #39     RenderProxyBoxMixin.performLayout (package:flutter/src/rendering/proxy_box.dart:118)
I/flutter (21416): #40     _RenderCustomClip.performLayout (package:flutter/src/rendering/proxy_box.dart:1549)
I/flutter (21416): #41     RenderObject.layout (package:flutter/src/rendering/object.dart:2907)
I/flutter (21416): #42     MultiChildLayoutDelegate.layoutChild (package:flutter/src/rendering/custom_layout.dart:180)
I/flutter (21416): #43     _ScaffoldLayout.performLayout (package:flutter/src/material/scaffold.dart:1113)
I/flutter (21416): #44     MultiChildLayoutDelegate._callPerformLayout (package:flutter/src/rendering/custom_layout.dart:246)
I/flutter (21416): #45     RenderCustomMultiChildLayoutBox.performLayout (package:flutter/src/rendering/custom_layout.dart:417)
I/flutter (21416): #46     RenderObject.layout (package:flutter/src/rendering/object.dart:2907)
I/flutter (21416): #47     RenderProxyBoxMixin.performLayout (package:flutter/src/rendering/proxy_box.dart:118)
I/flutter (21416): #48     RenderObject.layout (package:flutter/src/rendering/object.dart:2907)
I/flutter (21416): #49     RenderProxyBoxMixin.performLayout (package:flutter/src/rendering/proxy_box.dart:118)
I/flutter (21416): #50     _RenderCustomClip.performLayout (package:flutter/src/rendering/proxy_box.dart:1549)
I/flutter (21416): #51     RenderObject.layout (package:flutter/src/rendering/object.dart:2907)
I/flutter (21416): #52     RenderProxyBoxMixin.performLayout (package:flutter/src/rendering/proxy_box.dart:118)
I/flutter (21416): #53     RenderObject.layout (package:flutter/src/rendering/object.dart:2907)
I/flutter (21416): #54     RenderProxyBoxMixin.performLayout (package:flutter/src/rendering/proxy_box.dart:118)
I/flutter (21416): #55     RenderObject.layout (package:flutter/src/rendering/object.dart:2907)
I/flutter (21416): #56     RenderProxyBoxMixin.performLayout (package:flutter/src/rendering/proxy_box.dart:118)
I/flutter (21416): #57     RenderObject.layout (package:flutter/src/rendering/object.dart:2907)
I/flutter (21416): #58     RenderProxyBoxMixin.performLayout (package:flutter/src/rendering/proxy_box.dart:118)
I/flutter (21416): #59     RenderObject.layout (package:flutter/src/rendering/object.dart:2907)
I/flutter (21416): #60     RenderProxyBoxMixin.performLayout (package:flutter/src/rendering/proxy_box.dart:118)
I/flutter (21416): #61     RenderObject.layout (package:flutter/src/rendering/object.dart:2907)
I/flutter (21416): #62     RenderProxyBoxMixin.performLayout (package:flutter/src/rendering/proxy_box.dart:118)
I/flutter (21416): #63     RenderObject.layout (package:flutter/src/rendering/object.dart:2907)
I/flutter (21416): #64     RenderProxyBoxMixin.performLayout (package:flutter/src/rendering/proxy_box.dart:118)
I/flutter (21416): #65     RenderObject.layout (package:flutter/src/rendering/object.dart:2907)
I/flutter (21416): #66     RenderProxyBoxMixin.performLayout (package:flutter/src/rendering/proxy_box.dart:118)
I/flutter (21416): #67     RenderObject.layout (package:flutter/src/rendering/object.dart:2907)
I/flutter (21416): #68     RenderProxyBoxMixin.performLayout (package:flutter/src/rendering/proxy_box.dart:118)
I/flutter (21416): #69     RenderObject.layout (package:flutter/src/rendering/object.dart:2907)
I/flutter (21416): #70     RenderProxyBoxMixin.performLayout (package:flutter/src/rendering/proxy_box.dart:118)
I/flutter (21416): #71     RenderObject.layout (package:flutter/src/rendering/object.dart:2907)
I/flutter (21416): #72     RenderProxyBoxMixin.performLayout (package:flutter/src/rendering/proxy_box.dart:118)
I/flutter (21416): #73     RenderObject.layout (package:flutter/src/rendering/object.dart:2907)
I/flutter (21416): #74     RenderProxyBoxMixin.performLayout (package:flutter/src/rendering/proxy_box.dart:118)
I/flutter (21416): #75     RenderObject.layout (package:flutter/src/rendering/object.dart:2907)
I/flutter (21416): #76     RenderProxyBoxMixin.performLayout (package:flutter/src/rendering/proxy_box.dart:118)
I/flutter (21416): #77     RenderObject.layout (package:flutter/src/rendering/object.dart:2907)
I/flutter (21416): #78     RenderProxyBoxMixin.performLayout (package:flutter/src/rendering/proxy_box.dart:118)
I/flutter (21416): #79     RenderObject.layout (package:flutter/src/rendering/object.dart:2907)
I/flutter (21416): #80     RenderProxyBoxMixin.performLayout (package:flutter/src/rendering/proxy_box.dart:118)
I/flutter (21416): #81     RenderObject.layout (package:flutter/src/rendering/object.dart:2907)
I/flutter (21416): #82     RenderProxyBoxMixin.performLayout (package:flutter/src/rendering/proxy_box.dart:118)
I/flutter (21416): #83     RenderOffstage.performLayout (package:flutter/src/rendering/proxy_box.dart:3923)
I/flutter (21416): #84     RenderObject.layout (package:flutter/src/rendering/object.dart:2907)
I/flutter (21416): #85     RenderProxyBoxMixin.performLayout (package:flutter/src/rendering/proxy_box.dart:118)
I/flutter (21416): #86     RenderObject.layout (package:flutter/src/rendering/object.dart:2907)
I/flutter (21416): #87     _RenderTheaterMixin.layoutChild (package:flutter/src/widgets/overlay.dart:1124)
I/flutter (21416): #88     _RenderTheater.performLayout (package:flutter/src/widgets/overlay.dart:1481)
I/flutter (21416): #89     RenderObject.layout (package:flutter/src/rendering/object.dart:2907)
I/flutter (21416): #90     RenderProxyBoxMixin.performLayout (package:flutter/src/rendering/proxy_box.dart:118)
I/flutter (21416): #91     RenderObject.layout (package:flutter/src/rendering/object.dart:2907)
I/flutter (21416): #92     RenderProxyBoxMixin.performLayout (package:flutter/src/rendering/proxy_box.dart:118)
I/flutter (21416): #93     RenderObject.layout (package:flutter/src/rendering/object.dart:2907)
I/flutter (21416): #94     RenderProxyBoxMixin.performLayout (package:flutter/src/rendering/proxy_box.dart:118)
I/flutter (21416): #95     RenderObject.layout (package:flutter/src/rendering/object.dart:2907)
I/flutter (21416): #96     RenderProxyBoxMixin.performLayout (package:flutter/src/rendering/proxy_box.dart:118)
I/flutter (21416): #97     RenderObject.layout (package:flutter/src/rendering/object.dart:2907)
I/flutter (21416): #98     RenderProxyBoxMixin.performLayout (package:flutter/src/rendering/proxy_box.dart:118)
I/flutter (21416): #99     RenderObject.layout (package:flutter/src/rendering/object.dart:2907)
I/flutter (21416): Null check operator used on a null value
I/flutter (21416): #0      _ReorderableListViewState._itemBuilder (package:flutter/src/material/reorderable_list.dart:380)
I/flutter (21416): #1      SliverReorderableListState._itemBuilder (package:flutter/src/widgets/reorderable_list.dart:1146)
I/flutter (21416): #2      SliverChildBuilderDelegate.build (package:flutter/src/widgets/scroll_delegate.dart:552)
I/flutter (21416): #3      SliverMultiBoxAdaptorElement._build (package:flutter/src/widgets/sliver.dart:1055)
I/flutter (21416): #4      SliverMultiBoxAdaptorElement.performRebuild.processElement (package:flutter/src/widgets/sliver.dart:981)
I/flutter (21416): #5      Iterable.forEach (dart:core/iterable.dart:366)
I/flutter (21416): #6      SliverMultiBoxAdaptorElement.performRebuild (package:flutter/src/widgets/sliver.dart:1032)
I/flutter (21416): #7      SliverMultiBoxAdaptorElement.update (package:flutter/src/widgets/sliver.dart:955)
I/flutter (21416): #8      Element.updateChild (package:flutter/src/widgets/framework.dart:4037)
I/flutter (21416): #9      ComponentElement.performRebuild (package:flutter/src/widgets/framework.dart:5841)
I/flutter (21416): #10     StatefulElement.performRebuild (package:flutter/src/widgets/framework.dart:5982)
I/flutter (21416): #11     Element.rebuild (package:flutter/src/widgets/framework.dart:5529)
I/flutter (21416): #12     StatefulElement.update (package:flutter/src/widgets/framework.dart:6007)
I/flutter (21416): #13     Element.updateChild (package:flutter/src/widgets/framework.dart:4037)
I/flutter (21416): #14     SingleChildRenderObjectElement.update (package:flutter/src/widgets/framework.dart:7122)
I/flutter (21416): #15     Element.updateChild (package:flutter/src/widgets/framework.dart:4037)
I/flutter (21416): #16     Element.updateChildren (package:flutter/src/widgets/framework.dart:4191)
I/flutter (21416): #17     MultiChildRenderObjectElement.update (package:flutter/src/widgets/framework.dart:7295)
I/flutter (21416): #18     _ViewportElement.update (package:flutter/src/widgets/viewport.dart:293)
I/flutter (21416): #19     Element.updateChild (package:flutter/src/widgets/framework.dart:4037)
I/flutter (21416): #20     SingleChildRenderObjectElement.update (package:flutter/src/widgets/framework.dart:7122)
I/flutter (21416): #21     Element.updateChild (package:flutter/src/widgets/framework.dart:4037)
I/flutter (21416): #22     SingleChildRenderObjectElement.update (package:flutter/src/widgets/framework.dart:7122)
I/flutter (21416): #23     Element.updateChild (package:flutter/src/widgets/framework.dart:4037)
I/flutter (21416): #24     SingleChildRenderObjectElement.update (package:flutter/src/widgets/framework.dart:7122)
I/flutter (21416): #25     Element.updateChild (package:flutter/src/widgets/framework.dart:4037)
I/flutter (21416): #26     SingleChildRenderObjectElement.update (package:flutter/src/widgets/framework.dart:7122)
I/flutter (21416): #27     Element.updateChild (package:flutter/src/widgets/framework.dart:4037)
I/flutter (21416): #28     ComponentElement.performRebuild (package:flutter/src/widgets/framework.dart:5841)
I/flutter (21416): #29     StatefulElement.performRebuild (package:flutter/src/widgets/framework.dart:5982)
I/flutter (21416): #30     Element.rebuild (package:flutter/src/widgets/framework.dart:5529)
I/flutter (21416): #31     StatefulElement.update (package:flutter/src/widgets/framework.dart:6007)
I/flutter (21416): #32     Element.updateChild (package:flutter/src/widgets/framework.dart:4037)
I/flutter (21416): #33     SingleChildRenderObjectElement.update (package:flutter/src/widgets/framework.dart:7122)
I/flutter (21416): #34     Element.updateChild (package:flutter/src/widgets/framework.dart:4037)
I/flutter (21416): #35     ComponentElement.performRebuild (package:flutter/src/widgets/framework.dart:5841)
I/flutter (21416): #36     Element.rebuild (package:flutter/src/widgets/framework.dart:5529)
I/flutter (21416): #37     ProxyElement.update (package:flutter/src/widgets/framework.dart:6149)
I/flutter (21416): #38     Element.updateChild (package:flutter/src/widgets/framework.dart:4037)
I/flutter (21416): #39     SingleChildRenderObjectElement.update (package:flutter/src/widgets/framework.dart:7122)
I/flutter (21416): #40     Element.updateChild (package:flutter/src/widgets/framework.dart:4037)
[spm]: ProfilerData event received.
I/flutter (21416): setState 698a51a
I/flutter (21416): #41     ComponentElement.performRebuild (package:flutter/src/widgets/framework.dart:5841)
I/flutter (21416): #42     Element.rebuild (package:flutter/src/widgets/framework.dart:5529)
I/flutter (21416): #43     ProxyElement.update (package:flutter/src/widgets/framework.dart:6149)
I/flutter (21416): #44     Element.updateChild (package:flutter/src/widgets/framework.dart:4037)
I/flutter (21416): #45     SingleChildRenderObjectElement.update (package:flutter/src/widgets/framework.dart:7122)
I/flutter (21416): #46     Element.updateChild (package:flutter/src/widgets/framework.dart:4037)
I/flutter (21416): #47     SingleChildRenderObjectElement.update (package:flutter/src/widgets/framework.dart:7122)
I/flutter (21416): #48     Element.updateChild (package:flutter/src/widgets/framework.dart:4037)
I/flutter (21416): #49     ComponentElement.performRebuild (package:flutter/src/widgets/framework.dart:5841)
I/flutter (21416): #50     StatefulElement.performRebuild (package:flutter/src/widgets/framework.dart:5982)
I/flutter (21416): #51     Element.rebuild (package:flutter/src/widgets/framework.dart:5529)
I/flutter (21416): #52     StatefulElement.update (package:flutter/src/widgets/framework.dart:6007)
I/flutter (21416): #53     Element.updateChild (package:flutter/src/widgets/framework.dart:4037)
I/flutter (21416): #54     ComponentElement.performRebuild (package:flutter/src/widgets/framework.dart:5841)
I/flutter (21416): #55     Element.rebuild (package:flutter/src/widgets/framework.dart:5529)
I/flutter (21416): #56     StatelessElement.update (package:flutter/src/widgets/framework.dart:5895)
I/flutter (21416): #57     Element.updateChild (package:flutter/src/widgets/framework.dart:4037)
I/flutter (21416): #58     SingleChildRenderObjectElement.update (package:flutter/src/widgets/framework.dart:7122)
I/flutter (21416): #59     Element.updateChild (package:flutter/src/widgets/framework.dart:4037)
I/flutter (21416): #60     ComponentElement.performRebuild (package:flutter/src/widgets/framework.dart:5841)
I/flutter (21416): #61     StatefulElement.performRebuild (package:flutter/src/widgets/framework.dart:5982)
I/flutter (21416): #62     Element.rebuild (package:flutter/src/widgets/framework.dart:5529)
I/flutter (21416): #63     StatefulElement.update (package:flutter/src/widgets/framework.dart:6007)
I/flutter (21416): #64     Element.updateChild (package:flutter/src/widgets/framework.dart:4037)
I/flutter (21416): #65     ComponentElement.performRebuild (package:flutter/src/widgets/framework.dart:5841)
I/flutter (21416): #66     Element.rebuild (package:flutter/src/widgets/framework.dart:5529)
I/flutter (21416): #67     ProxyElement.update (package:flutter/src/widgets/framework.dart:6149)
I/flutter (21416): #68     Element.updateChild (package:flutter/src/widgets/framework.dart:4037)
I/flutter (21416): #69     ComponentElement.performRebuild (package:flutter/src/widgets/framework.dart:5841)
I/flutter (21416): #70     StatefulElement.performRebuild (package:flutter/src/widgets/framework.dart:5982)
I/flutter (21416): #71     Element.rebuild (package:flutter/src/widgets/framework.dart:5529)
I/flutter (21416): #72     StatefulElement.update (package:flutter/src/widgets/framework.dart:6007)
I/flutter (21416): #73     Element.updateChild (package:flutter/src/widgets/framework.dart:4037)
I/flutter (21416): #74     ComponentElement.performRebuild (package:flutter/src/widgets/framework.dart:5841)
I/flutter (21416): #75     StatefulElement.performRebuild (package:flutter/src/widgets/framework.dart:5982)
I/flutter (21416): #76     Element.rebuild (package:flutter/src/widgets/framework.dart:5529)
I/flutter (21416): #77     StatefulElement.update (package:flutter/src/widgets/framework.dart:6007)
I/flutter (21416): #78     Element.updateChild (package:flutter/src/widgets/framework.dart:4037)
I/flutter (21416): #79     ComponentElement.performRebuild (package:flutter/src/widgets/framework.dart:5841)
I/flutter (21416): #80     Element.rebuild (package:flutter/src/widgets/framework.dart:5529)
I/flutter (21416): #81     ProxyElement.update (package:flutter/src/widgets/framework.dart:6149)
I/flutter (21416): #82     Element.updateChild (package:flutter/src/widgets/framework.dart:4037)
I/flutter (21416): #83     ComponentElement.performRebuild (package:flutter/src/widgets/framework.dart:5841)
I/flutter (21416): #84     Element.rebuild (package:flutter/src/widgets/framework.dart:5529)
I/flutter (21416): #85     StatelessElement.update (package:flutter/src/widgets/framework.dart:5895)
I/flutter (21416): #86     Element.updateChild (package:flutter/src/widgets/framework.dart:4037)
I/flutter (21416): #87     ComponentElement.performRebuild (package:flutter/src/widgets/framework.dart:5841)
I/flutter (21416): #88     StatefulElement.performRebuild (package:flutter/src/widgets/framework.dart:5982)
I/flutter (21416): #89     Element.rebuild (package:flutter/src/widgets/framework.dart:5529)
I/flutter (21416): #90     StatefulElement.update (package:flutter/src/widgets/framework.dart:6007)
I/flutter (21416): #91     Element.updateChild (package:flutter/src/widgets/framework.dart:4037)
I/flutter (21416): #92     ComponentElement.performRebuild (package:flutter/src/widgets/framework.dart:5841)
I/flutter (21416): #93     StatefulElement.performRebuild (package:flutter/src/widgets/framework.dart:5982)
I/flutter (21416): #94     Element.rebuild (package:flutter/src/widgets/framework.dart:5529)
I/flutter (21416): #95     BuildScope._tryRebuild (package:flutter/src/widgets/framework.dart:2750)
I/flutter (21416): #96     BuildScope._flushDirtyElements (package:flutter/src/widgets/framework.dart:2807)
I/flutter (21416): #97     BuildOwner.buildScope (package:flutter/src/widgets/framework.dart:3111)
I/flutter (21416): #98     WidgetsBinding.drawFrame (package:flutter/src/widgets/binding.dart:1571)
I/flutter (21416): #99     RendererBinding._handlePersistentFrameCallback (package:flutter/src/rendering/binding.dart:509)
I/flutter (21416): [SPM:perf] 698a51a  buildSpan: 16406µs
I/flutter (21416): [spm] Performance monitoring completed for 698a51a
I/flutter (21416): Null check operator used on a null value
I/flutter (21416): #0      _ReorderableListViewState._itemBuilder (package:flutter/src/material/reorderable_list.dart:380)
I/flutter (21416): #1      SliverReorderableListState._itemBuilder (package:flutter/src/widgets/reorderable_list.dart:1146)
I/flutter (21416): #2      SliverChildBuilderDelegate.build (package:flutter/src/widgets/scroll_delegate.dart:552)
I/flutter (21416): #3      SliverMultiBoxAdaptorElement._build (package:flutter/src/widgets/sliver.dart:1055)
I/flutter (21416): #4      SliverMultiBoxAdaptorElement.performRebuild.processElement (package:flutter/src/widgets/sliver.dart:981)
I/flutter (21416): #5      Iterable.forEach (dart:core/iterable.dart:366)
I/flutter (21416): #6      SliverMultiBoxAdaptorElement.performRebuild (package:flutter/src/widgets/sliver.dart:1032)
I/flutter (21416): #7      SliverMultiBoxAdaptorElement.update (package:flutter/src/widgets/sliver.dart:955)
I/flutter (21416): #8      Element.updateChild (package:flutter/src/widgets/framework.dart:4037)
I/flutter (21416): #9      ComponentElement.performRebuild (package:flutter/src/widgets/framework.dart:5841)
I/flutter (21416): #10     StatefulElement.performRebuild (package:flutter/src/widgets/framework.dart:5982)
I/flutter (21416): #11     Element.rebuild (package:flutter/src/widgets/framework.dart:5529)
I/flutter (21416): #12     StatefulElement.update (package:flutter/src/widgets/framework.dart:6007)
I/flutter (21416): #13     Element.updateChild (package:flutter/src/widgets/framework.dart:4037)
I/flutter (21416): #14     SingleChildRenderObjectElement.update (package:flutter/src/widgets/framework.dart:7122)
I/flutter (21416): #15     Element.updateChild (package:flutter/src/widgets/framework.dart:4037)
I/flutter (21416): #16     Element.updateChildren (package:flutter/src/widgets/framework.dart:4191)
I/flutter (21416): #17     MultiChildRenderObjectElement.update (package:flutter/src/widgets/framework.dart:7295)
I/flutter (21416): #18     _ViewportElement.update (package:flutter/src/widgets/viewport.dart:293)
I/flutter (21416): #19     Element.updateChild (package:flutter/src/widgets/framework.dart:4037)
I/flutter (21416): #20     SingleChildRenderObjectElement.update (package:flutter/src/widgets/framework.dart:7122)
I/flutter (21416): #21     Element.updateChild (package:flutter/src/widgets/framework.dart:4037)
I/flutter (21416): #22     SingleChildRenderObjectElement.update (package:flutter/src/widgets/framework.dart:7122)
I/flutter (21416): #23     Element.updateChild (package:flutter/src/widgets/framework.dart:4037)
I/flutter (21416): #24     SingleChildRenderObjectElement.update (package:flutter/src/widgets/framework.dart:7122)
I/flutter (21416): #25     Element.updateChild (package:flutter/src/widgets/framework.dart:4037)
I/flutter (21416): #26     SingleChildRenderObjectElement.update (package:flutter/src/widgets/framework.dart:7122)
I/flutter (21416): #27     Element.updateChild (package:flutter/src/widgets/framework.dart:4037)
I/flutter (21416): #28     ComponentElement.performRebuild (package:flutter/src/widgets/framework.dart:5841)
I/flutter (21416): #29     StatefulElement.performRebuild (package:flutter/src/widgets/framework.dart:5982)
I/flutter (21416): #30     Element.rebuild (package:flutter/src/widgets/framework.dart:5529)
I/flutter (21416): #31     StatefulElement.update (package:flutter/src/widgets/framework.dart:6007)
I/flutter (21416): #32     Element.updateChild (package:flutter/src/widgets/framework.dart:4037)
I/flutter (21416): #33     SingleChildRenderObjectElement.update (package:flutter/src/widgets/framework.dart:7122)
I/flutter (21416): #34     Element.updateChild (package:flutter/src/widgets/framework.dart:4037)
I/flutter (21416): #35     ComponentElement.performRebuild (package:flutter/src/widgets/framework.dart:5841)
I/flutter (21416): #36     Element.rebuild (package:flutter/src/widgets/framework.dart:5529)
I/flutter (21416): #37     ProxyElement.update (package:flutter/src/widgets/framework.dart:6149)
I/flutter (21416): #38     Element.updateChild (package:flutter/src/widgets/framework.dart:4037)
I/flutter (21416): #39     SingleChildRenderObjectElement.update (package:flutter/src/widgets/framework.dart:7122)
I/flutter (21416): #40     Element.updateChild (package:flutter/src/widgets/framework.dart:4037)
I/flutter (21416): #41     ComponentElement.performRebuild (package:flutter/src/widgets/framework.dart:5841)
I/flutter (21416): #42     Element.rebuild (package:flutter/src/widgets/framework.dart:5529)
I/flutter (21416): #43     ProxyElement.update (package:flutter/src/widgets/framework.dart:6149)
I/flutter (21416): #44     Element.updateChild (package:flutter/src/widgets/framework.dart:4037)
I/flutter (21416): #45     SingleChildRenderObjectElement.update (package:flutter/src/widgets/framework.dart:7122)
I/flutter (21416): #46     Element.updateChild (package:flutter/src/widgets/framework.dart:4037)
I/flutter (21416): #47     SingleChildRenderObjectElement.update (package:flutter/src/widgets/framework.dart:7122)
I/flutter (21416): #48     Element.updateChild (package:flutter/src/widgets/framework.dart:4037)
I/flutter (21416): #49     ComponentElement.performRebuild (package:flutter/src/widgets/framework.dart:5841)
I/flutter (21416): #50     StatefulElement.performRebuild (package:flutter/src/widgets/framework.dart:5982)
I/flutter (21416): #51     Element.rebuild (package:flutter/src/widgets/framework.dart:5529)
I/flutter (21416): #52     StatefulElement.update (package:flutter/src/widgets/framework.dart:6007)
I/flutter (21416): #53     Element.updateChild (package:flutter/src/widgets/framework.dart:4037)
I/flutter (21416): #54     ComponentElement.performRebuild (package:flutter/src/widgets/framework.dart:5841)
I/flutter (21416): #55     Element.rebuild (package:flutter/src/widgets/framework.dart:5529)
I/flutter (21416): #56     StatelessElement.update (package:flutter/src/widgets/framework.dart:5895)
I/flutter (21416): #57     Element.updateChild (package:flutter/src/widgets/framework.dart:4037)
I/flutter (21416): #58     SingleChildRenderObjectElement.update (package:flutter/src/widgets/framework.dart:7122)
I/flutter (21416): #59     Element.updateChild (package:flutter/src/widgets/framework.dart:4037)
I/flutter (21416): #60     ComponentElement.performRebuild (package:flutter/src/widgets/framework.dart:5841)
I/flutter (21416): #61     StatefulElement.performRebuild (package:flutter/src/widgets/framework.dart:5982)
I/flutter (21416): #62     Element.rebuild (package:flutter/src/widgets/framework.dart:5529)
I/flutter (21416): #63     StatefulElement.update (package:flutter/src/widgets/framework.dart:6007)
I/flutter (21416): #64     Element.updateChild (package:flutter/src/widgets/framework.dart:4037)
I/flutter (21416): #65     ComponentElement.performRebuild (package:flutter/src/widgets/framework.dart:5841)
I/flutter (21416): #66     Element.rebuild (package:flutter/src/widgets/framework.dart:5529)
I/flutter (21416): #67     ProxyElement.update (package:flutter/src/widgets/framework.dart:6149)
I/flutter (21416): #68     Element.updateChild (package:flutter/src/widgets/framework.dart:4037)
I/flutter (21416): #69     ComponentElement.performRebuild (package:flutter/src/widgets/framework.dart:5841)
I/flutter (21416): #70     StatefulElement.performRebuild (package:flutter/src/widgets/framework.dart:5982)
I/flutter (21416): #71     Element.rebuild (package:flutter/src/widgets/framework.dart:5529)
I/flutter (21416): #72     StatefulElement.update (package:flutter/src/widgets/framework.dart:6007)
I/flutter (21416): #73     Element.updateChild (package:flutter/src/widgets/framework.dart:4037)
I/flutter (21416): #74     ComponentElement.performRebuild (package:flutter/src/widgets/framework.dart:5841)
I/flutter (21416): #75     StatefulElement.performRebuild (package:flutter/src/widgets/framework.dart:5982)
I/flutter (21416): #76     Element.rebuild (package:flutter/src/widgets/framework.dart:5529)
I/flutter (21416): #77     StatefulElement.update (package:flutter/src/widgets/framework.dart:6007)
I/flutter (21416): #78     Element.updateChild (package:flutter/src/widgets/framework.dart:4037)
I/flutter (21416): #79     ComponentElement.performRebuild (package:flutter/src/widgets/framework.dart:5841)
I/flutter (21416): #80     Element.rebuild (package:flutter/src/widgets/framework.dart:5529)
I/flutter (21416): #81     ProxyElement.update (package:flutter/src/widgets/framework.dart:6149)
I/flutter (21416): #82     Element.updateChild (package:flutter/src/widgets/framework.dart:4037)
I/flutter (21416): #83     ComponentElement.performRebuild (package:flutter/src/widgets/framework.dart:5841)
I/flutter (21416): #84     Element.rebuild (package:flutter/src/widgets/framework.dart:5529)
I/flutter (21416): #85     StatelessElement.update (package:flutter/src/widgets/framework.dart:5895)
I/flutter (21416): #86     Element.updateChild (package:flutter/src/widgets/framework.dart:4037)
I/flutter (21416): #87     ComponentElement.performRebuild (package:flutter/src/widgets/framework.dart:5841)
I/flutter (21416): #88     StatefulElement.performRebuild (package:flutter/src/widgets/framework.dart:5982)
I/flutter (21416): #89     Element.rebuild (package:flutter/src/widgets/framework.dart:5529)
I/flutter (21416): #90     StatefulElement.update (package:flutter/src/widgets/framework.dart:6007)
I/flutter (21416): #91     Element.updateChild (package:flutter/src/widgets/framework.dart:4037)
I/flutter (21416): #92     ComponentElement.performRebuild (package:flutter/src/widgets/framework.dart:5841)
I/flutter (21416): #93     StatefulElement.performRebuild (package:flutter/src/widgets/framework.dart:5982)
I/flutter (21416): #94     Element.rebuild (package:flutter/src/widgets/framework.dart:5529)
I/flutter (21416): #95     BuildScope._tryRebuild (package:flutter/src/widgets/framework.dart:2750)
I/flutter (21416): #96     BuildScope._flushDirtyElements (package:flutter/src/widgets/framework.dart:2807)
I/flutter (21416): #97     BuildOwner.buildScope (package:flutter/src/widgets/framework.dart:3111)
I/flutter (21416): #98     WidgetsBinding.drawFrame (package:flutter/src/widgets/binding.dart:1571)
I/flutter (21416): #99     RendererBinding._handlePersistentFrameCallback (package:flutter/src/rendering/binding.dart:509)
[spm]: ProfilerData event received.
I/flutter (21416): [SPM:perf] 698a51a  buildSpan: 8364µs
I/flutter (21416): [spm] Performance monitoring completed for 698a51a
I/flutter (21416): setState 698a51a
I/flutter (21416): Null check operator used on a null value
I/flutter (21416): #0      _ReorderableListViewState._itemBuilder (package:flutter/src/material/reorderable_list.dart:380)
I/flutter (21416): #1      SliverReorderableListState._itemBuilder (package:flutter/src/widgets/reorderable_list.dart:1146)
I/flutter (21416): #2      SliverChildBuilderDelegate.build (package:flutter/src/widgets/scroll_delegate.dart:552)
I/flutter (21416): #3      SliverMultiBoxAdaptorElement._build (package:flutter/src/widgets/sliver.dart:1055)
I/flutter (21416): #4      SliverMultiBoxAdaptorElement.performRebuild.processElement (package:flutter/src/widgets/sliver.dart:981)
I/flutter (21416): #5      Iterable.forEach (dart:core/iterable.dart:366)
I/flutter (21416): #6      SliverMultiBoxAdaptorElement.performRebuild (package:flutter/src/widgets/sliver.dart:1032)
I/flutter (21416): #7      SliverMultiBoxAdaptorElement.update (package:flutter/src/widgets/sliver.dart:955)
I/flutter (21416): #8      Element.updateChild (package:flutter/src/widgets/framework.dart:4037)
I/flutter (21416): #9      ComponentElement.performRebuild (package:flutter/src/widgets/framework.dart:5841)
I/flutter (21416): #10     StatefulElement.performRebuild (package:flutter/src/widgets/framework.dart:5982)
I/flutter (21416): #11     Element.rebuild (package:flutter/src/widgets/framework.dart:5529)
I/flutter (21416): #12     StatefulElement.update (package:flutter/src/widgets/framework.dart:6007)
I/flutter (21416): #13     Element.updateChild (package:flutter/src/widgets/framework.dart:4037)
I/flutter (21416): #14     SingleChildRenderObjectElement.update (package:flutter/src/widgets/framework.dart:7122)
I/flutter (21416): #15     Element.updateChild (package:flutter/src/widgets/framework.dart:4037)
I/flutter (21416): #16     Element.updateChildren (package:flutter/src/widgets/framework.dart:4191)
I/flutter (21416): #17     MultiChildRenderObjectElement.update (package:flutter/src/widgets/framework.dart:7295)
I/flutter (21416): #18     _ViewportElement.update (package:flutter/src/widgets/viewport.dart:293)
I/flutter (21416): #19     Element.updateChild (package:flutter/src/widgets/framework.dart:4037)
I/flutter (21416): #20     SingleChildRenderObjectElement.update (package:flutter/src/widgets/framework.dart:7122)
I/flutter (21416): #21     Element.updateChild (package:flutter/src/widgets/framework.dart:4037)
I/flutter (21416): #22     SingleChildRenderObjectElement.update (package:flutter/src/widgets/framework.dart:7122)
I/flutter (21416): #23     Element.updateChild (package:flutter/src/widgets/framework.dart:4037)
I/flutter (21416): #24     SingleChildRenderObjectElement.update (package:flutter/src/widgets/framework.dart:7122)
I/flutter (21416): #25     Element.updateChild (package:flutter/src/widgets/framework.dart:4037)
I/flutter (21416): #26     SingleChildRenderObjectElement.update (package:flutter/src/widgets/framework.dart:7122)
I/flutter (21416): #27     Element.updateChild (package:flutter/src/widgets/framework.dart:4037)
I/flutter (21416): #28     ComponentElement.performRebuild (package:flutter/src/widgets/framework.dart:5841)
I/flutter (21416): #29     StatefulElement.performRebuild (package:flutter/src/widgets/framework.dart:5982)
I/flutter (21416): #30     Element.rebuild (package:flutter/src/widgets/framework.dart:5529)
I/flutter (21416): #31     StatefulElement.update (package:flutter/src/widgets/framework.dart:6007)
I/flutter (21416): #32     Element.updateChild (package:flutter/src/widgets/framework.dart:4037)
I/flutter (21416): #33     SingleChildRenderObjectElement.update (package:flutter/src/widgets/framework.dart:7122)
I/flutter (21416): #34     Element.updateChild (package:flutter/src/widgets/framework.dart:4037)
I/flutter (21416): #35     ComponentElement.performRebuild (package:flutter/src/widgets/framework.dart:5841)
I/flutter (21416): #36     Element.rebuild (package:flutter/src/widgets/framework.dart:5529)
I/flutter (21416): #37     ProxyElement.update (package:flutter/src/widgets/framework.dart:6149)
I/flutter (21416): #38     Element.updateChild (package:flutter/src/widgets/framework.dart:4037)
I/flutter (21416): #39     SingleChildRenderObjectElement.update (package:flutter/src/widgets/framework.dart:7122)
I/flutter (21416): #40     Element.updateChild (package:flutter/src/widgets/framework.dart:4037)
I/flutter (21416): #41     ComponentElement.performRebuild (package:flutter/src/widgets/framework.dart:5841)
I/flutter (21416): #42     Element.rebuild (package:flutter/src/widgets/framework.dart:5529)
I/flutter (21416): #43     ProxyElement.update (package:flutter/src/widgets/framework.dart:6149)
I/flutter (21416): #44     Element.updateChild (package:flutter/src/widgets/framework.dart:4037)
I/flutter (21416): #45     SingleChildRenderObjectElement.update (package:flutter/src/widgets/framework.dart:7122)
I/flutter (21416): #46     Element.updateChild (package:flutter/src/widgets/framework.dart:4037)
I/flutter (21416): #47     SingleChildRenderObjectElement.update (package:flutter/src/widgets/framework.dart:7122)
I/flutter (21416): #48     Element.updateChild (package:flutter/src/widgets/framework.dart:4037)
I/flutter (21416): #49     ComponentElement.performRebuild (package:flutter/src/widgets/framework.dart:5841)
I/flutter (21416): #50     StatefulElement.performRebuild (package:flutter/src/widgets/framework.dart:5982)
I/flutter (21416): #51     Element.rebuild (package:flutter/src/widgets/framework.dart:5529)
I/flutter (21416): #52     StatefulElement.update (package:flutter/src/widgets/framework.dart:6007)
I/flutter (21416): #53     Element.updateChild (package:flutter/src/widgets/framework.dart:4037)
I/flutter (21416): #54     ComponentElement.performRebuild (package:flutter/src/widgets/framework.dart:5841)
I/flutter (21416): #55     Element.rebuild (package:flutter/src/widgets/framework.dart:5529)
I/flutter (21416): #56     StatelessElement.update (package:flutter/src/widgets/framework.dart:5895)
I/flutter (21416): #57     Element.updateChild (package:flutter/src/widgets/framework.dart:4037)
I/flutter (21416): #58     SingleChildRenderObjectElement.update (package:flutter/src/widgets/framework.dart:7122)
I/flutter (21416): #59     Element.updateChild (package:flutter/src/widgets/framework.dart:4037)
I/flutter (21416): #60     ComponentElement.performRebuild (package:flutter/src/widgets/framework.dart:5841)
I/flutter (21416): #61     StatefulElement.performRebuild (package:flutter/src/widgets/framework.dart:5982)
I/flutter (21416): #62     Element.rebuild (package:flutter/src/widgets/framework.dart:5529)
I/flutter (21416): #63     StatefulElement.update (package:flutter/src/widgets/framework.dart:6007)
I/flutter (21416): #64     Element.updateChild (package:flutter/src/widgets/framework.dart:4037)
I/flutter (21416): #65     ComponentElement.performRebuild (package:flutter/src/widgets/framework.dart:5841)
I/flutter (21416): #66     Element.rebuild (package:flutter/src/widgets/framework.dart:5529)
I/flutter (21416): #67     ProxyElement.update (package:flutter/src/widgets/framework.dart:6149)
I/flutter (21416): #68     Element.updateChild (package:flutter/src/widgets/framework.dart:4037)
I/flutter (21416): #69     ComponentElement.performRebuild (package:flutter/src/widgets/framework.dart:5841)
I/flutter (21416): #70     StatefulElement.performRebuild (package:flutter/src/widgets/framework.dart:5982)
I/flutter (21416): #71     Element.rebuild (package:flutter/src/widgets/framework.dart:5529)
I/flutter (21416): #72     StatefulElement.update (package:flutter/src/widgets/framework.dart:6007)
I/flutter (21416): #73     Element.updateChild (package:flutter/src/widgets/framework.dart:4037)
I/flutter (21416): #74     ComponentElement.performRebuild (package:flutter/src/widgets/framework.dart:5841)
I/flutter (21416): #75     StatefulElement.performRebuild (package:flutter/src/widgets/framework.dart:5982)
I/flutter (21416): #76     Element.rebuild (package:flutter/src/widgets/framework.dart:5529)
I/flutter (21416): #77     StatefulElement.update (package:flutter/src/widgets/framework.dart:6007)
I/flutter (21416): #78     Element.updateChild (package:flutter/src/widgets/framework.dart:4037)
I/flutter (21416): #79     ComponentElement.performRebuild (package:flutter/src/widgets/framework.dart:5841)
I/flutter (21416): #80     Element.rebuild (package:flutter/src/widgets/framework.dart:5529)
I/flutter (21416): #81     ProxyElement.update (package:flutter/src/widgets/framework.dart:6149)
I/flutter (21416): #82     Element.updateChild (package:flutter/src/widgets/framework.dart:4037)
I/flutter (21416): #83     ComponentElement.performRebuild (package:flutter/src/widgets/framework.dart:5841)
I/flutter (21416): #84     Element.rebuild (package:flutter/src/widgets/framework.dart:5529)
I/flutter (21416): #85     StatelessElement.update (package:flutter/src/widgets/framework.dart:5895)
I/flutter (21416): #86     Element.updateChild (package:flutter/src/widgets/framework.dart:4037)
I/flutter (21416): #87     ComponentElement.performRebuild (package:flutter/src/widgets/framework.dart:5841)
I/flutter (21416): #88     StatefulElement.performRebuild (package:flutter/src/widgets/framework.dart:5982)
I/flutter (21416): #89     Element.rebuild (package:flutter/src/widgets/framework.dart:5529)
I/flutter (21416): #90     StatefulElement.update (package:flutter/src/widgets/framework.dart:6007)
I/flutter (21416): #91     Element.updateChild (package:flutter/src/widgets/framework.dart:4037)
I/flutter (21416): #92     ComponentElement.performRebuild (package:flutter/src/widgets/framework.dart:5841)
I/flutter (21416): #93     StatefulElement.performRebuild (package:flutter/src/widgets/framework.dart:5982)
I/flutter (21416): #94     Element.rebuild (package:flutter/src/widgets/framework.dart:5529)
I/flutter (21416): #95     BuildScope._tryRebuild (package:flutter/src/widgets/framework.dart:2750)
I/flutter (21416): #96     BuildScope._flushDirtyElements (package:flutter/src/widgets/framework.dart:2807)
I/flutter (21416): #97     BuildOwner.buildScope (package:flutter/src/widgets/framework.dart:3111)
I/flutter (21416): #98     WidgetsBinding.drawFrame (package:flutter/src/widgets/binding.dart:1571)
I/flutter (21416): #99     RendererBinding._handlePersistentFrameCallback (package:flutter/src/rendering/binding.dart:509)
[spm]: ProfilerData event received.
I/flutter (21416): [SPM:perf] 698a51a  buildSpan: 11443µs
I/flutter (21416): [spm] Performance monitoring completed for 698a51a
I/flutter (21416): setState 698a51a
I/flutter (21416): Null check operator used on a null value
I/flutter (21416): #0      _ReorderableListViewState._itemBuilder (package:flutter/src/material/reorderable_list.dart:380)
I/flutter (21416): #1      SliverReorderableListState._itemBuilder (package:flutter/src/widgets/reorderable_list.dart:1146)
I/flutter (21416): #2      SliverChildBuilderDelegate.build (package:flutter/src/widgets/scroll_delegate.dart:552)
I/flutter (21416): #3      SliverMultiBoxAdaptorElement._build (package:flutter/src/widgets/sliver.dart:1055)
I/flutter (21416): #4      SliverMultiBoxAdaptorElement.performRebuild.processElement (package:flutter/src/widgets/sliver.dart:981)
I/flutter (21416): #5      Iterable.forEach (dart:core/iterable.dart:366)
I/flutter (21416): #6      SliverMultiBoxAdaptorElement.performRebuild (package:flutter/src/widgets/sliver.dart:1032)
I/flutter (21416): #7      SliverMultiBoxAdaptorElement.update (package:flutter/src/widgets/sliver.dart:955)
I/flutter (21416): #8      Element.updateChild (package:flutter/src/widgets/framework.dart:4037)
I/flutter (21416): #9      ComponentElement.performRebuild (package:flutter/src/widgets/framework.dart:5841)
I/flutter (21416): #10     StatefulElement.performRebuild (package:flutter/src/widgets/framework.dart:5982)
I/flutter (21416): #11     Element.rebuild (package:flutter/src/widgets/framework.dart:5529)
I/flutter (21416): #12     StatefulElement.update (package:flutter/src/widgets/framework.dart:6007)
I/flutter (21416): #13     Element.updateChild (package:flutter/src/widgets/framework.dart:4037)
I/flutter (21416): #14     SingleChildRenderObjectElement.update (package:flutter/src/widgets/framework.dart:7122)
I/flutter (21416): #15     Element.updateChild (package:flutter/src/widgets/framework.dart:4037)
I/flutter (21416): #16     Element.updateChildren (package:flutter/src/widgets/framework.dart:4191)
I/flutter (21416): #17     MultiChildRenderObjectElement.update (package:flutter/src/widgets/framework.dart:7295)
I/flutter (21416): #18     _ViewportElement.update (package:flutter/src/widgets/viewport.dart:293)
I/flutter (21416): #19     Element.updateChild (package:flutter/src/widgets/framework.dart:4037)
I/flutter (21416): #20     SingleChildRenderObjectElement.update (package:flutter/src/widgets/framework.dart:7122)
I/flutter (21416): #21     Element.updateChild (package:flutter/src/widgets/framework.dart:4037)
I/flutter (21416): #22     SingleChildRenderObjectElement.update (package:flutter/src/widgets/framework.dart:7122)
I/flutter (21416): #23     Element.updateChild (package:flutter/src/widgets/framework.dart:4037)
I/flutter (21416): #24     SingleChildRenderObjectElement.update (package:flutter/src/widgets/framework.dart:7122)
I/flutter (21416): #25     Element.updateChild (package:flutter/src/widgets/framework.dart:4037)
I/flutter (21416): #26     SingleChildRenderObjectElement.update (package:flutter/src/widgets/framework.dart:7122)
I/flutter (21416): #27     Element.updateChild (package:flutter/src/widgets/framework.dart:4037)
I/flutter (21416): #28     ComponentElement.performRebuild (package:flutter/src/widgets/framework.dart:5841)
I/flutter (21416): #29     StatefulElement.performRebuild (package:flutter/src/widgets/framework.dart:5982)
I/flutter (21416): #30     Element.rebuild (package:flutter/src/widgets/framework.dart:5529)
I/flutter (21416): #31     StatefulElement.update (package:flutter/src/widgets/framework.dart:6007)
I/flutter (21416): #32     Element.updateChild (package:flutter/src/widgets/framework.dart:4037)
I/flutter (21416): #33     SingleChildRenderObjectElement.update (package:flutter/src/widgets/framework.dart:7122)
I/flutter (21416): #34     Element.updateChild (package:flutter/src/widgets/framework.dart:4037)
I/flutter (21416): #35     ComponentElement.performRebuild (package:flutter/src/widgets/framework.dart:5841)
I/flutter (21416): #36     Element.rebuild (package:flutter/src/widgets/framework.dart:5529)
I/flutter (21416): #37     ProxyElement.update (package:flutter/src/widgets/framework.dart:6149)
I/flutter (21416): #38     Element.updateChild (package:flutter/src/widgets/framework.dart:4037)
I/flutter (21416): #39     SingleChildRenderObjectElement.update (package:flutter/src/widgets/framework.dart:7122)
I/flutter (21416): #40     Element.updateChild (package:flutter/src/widgets/framework.dart:4037)
I/flutter (21416): #41     ComponentElement.performRebuild (package:flutter/src/widgets/framework.dart:5841)
I/flutter (21416): #42     Element.rebuild (package:flutter/src/widgets/framework.dart:5529)
I/flutter (21416): #43     ProxyElement.update (package:flutter/src/widgets/framework.dart:6149)
I/flutter (21416): #44     Element.updateChild (package:flutter/src/widgets/framework.dart:4037)
I/flutter (21416): #45     SingleChildRenderObjectElement.update (package:flutter/src/widgets/framework.dart:7122)
I/flutter (21416): #46     Element.updateChild (package:flutter/src/widgets/framework.dart:4037)
I/flutter (21416): #47     SingleChildRenderObjectElement.update (package:flutter/src/widgets/framework.dart:7122)
I/flutter (21416): #48     Element.updateChild (package:flutter/src/widgets/framework.dart:4037)
I/flutter (21416): #49     ComponentElement.performRebuild (package:flutter/src/widgets/framework.dart:5841)
I/flutter (21416): #50     StatefulElement.performRebuild (package:flutter/src/widgets/framework.dart:5982)
I/flutter (21416): #51     Element.rebuild (package:flutter/src/widgets/framework.dart:5529)
I/flutter (21416): #52     StatefulElement.update (package:flutter/src/widgets/framework.dart:6007)
I/flutter (21416): #53     Element.updateChild (package:flutter/src/widgets/framework.dart:4037)
I/flutter (21416): #54     ComponentElement.performRebuild (package:flutter/src/widgets/framework.dart:5841)
I/flutter (21416): #55     Element.rebuild (package:flutter/src/widgets/framework.dart:5529)
I/flutter (21416): #56     StatelessElement.update (package:flutter/src/widgets/framework.dart:5895)
I/flutter (21416): #57     Element.updateChild (package:flutter/src/widgets/framework.dart:4037)
I/flutter (21416): #58     SingleChildRenderObjectElement.update (package:flutter/src/widgets/framework.dart:7122)
I/flutter (21416): #59     Element.updateChild (package:flutter/src/widgets/framework.dart:4037)
I/flutter (21416): #60     ComponentElement.performRebuild (package:flutter/src/widgets/framework.dart:5841)
I/flutter (21416): #61     StatefulElement.performRebuild (package:flutter/src/widgets/framework.dart:5982)
I/flutter (21416): #62     Element.rebuild (package:flutter/src/widgets/framework.dart:5529)
I/flutter (21416): #63     StatefulElement.update (package:flutter/src/widgets/framework.dart:6007)
I/flutter (21416): #64     Element.updateChild (package:flutter/src/widgets/framework.dart:4037)
I/flutter (21416): #65     ComponentElement.performRebuild (package:flutter/src/widgets/framework.dart:5841)
I/flutter (21416): #66     Element.rebuild (package:flutter/src/widgets/framework.dart:5529)
I/flutter (21416): #67     ProxyElement.update (package:flutter/src/widgets/framework.dart:6149)
I/flutter (21416): #68     Element.updateChild (package:flutter/src/widgets/framework.dart:4037)
I/flutter (21416): #69     ComponentElement.performRebuild (package:flutter/src/widgets/framework.dart:5841)
I/flutter (21416): #70     StatefulElement.performRebuild (package:flutter/src/widgets/framework.dart:5982)
I/flutter (21416): #71     Element.rebuild (package:flutter/src/widgets/framework.dart:5529)
I/flutter (21416): #72     StatefulElement.update (package:flutter/src/widgets/framework.dart:6007)
I/flutter (21416): #73     Element.updateChild (package:flutter/src/widgets/framework.dart:4037)
I/flutter (21416): #74     ComponentElement.performRebuild (package:flutter/src/widgets/framework.dart:5841)
I/flutter (21416): #75     StatefulElement.performRebuild (package:flutter/src/widgets/framework.dart:5982)
I/flutter (21416): #76     Element.rebuild (package:flutter/src/widgets/framework.dart:5529)
I/flutter (21416): #77     StatefulElement.update (package:flutter/src/widgets/framework.dart:6007)
I/flutter (21416): #78     Element.updateChild (package:flutter/src/widgets/framework.dart:4037)
I/flutter (21416): #79     ComponentElement.performRebuild (package:flutter/src/widgets/framework.dart:5841)
I/flutter (21416): #80     Element.rebuild (package:flutter/src/widgets/framework.dart:5529)
I/flutter (21416): #81     ProxyElement.update (package:flutter/src/widgets/framework.dart:6149)
I/flutter (21416): #82     Element.updateChild (package:flutter/src/widgets/framework.dart:4037)
I/flutter (21416): #83     ComponentElement.performRebuild (package:flutter/src/widgets/framework.dart:5841)
I/flutter (21416): #84     Element.rebuild (package:flutter/src/widgets/framework.dart:5529)
I/flutter (21416): #85     StatelessElement.update (package:flutter/src/widgets/framework.dart:5895)
I/flutter (21416): #86     Element.updateChild (package:flutter/src/widgets/framework.dart:4037)
I/flutter (21416): #87     ComponentElement.performRebuild (package:flutter/src/widgets/framework.dart:5841)
I/flutter (21416): #88     StatefulElement.performRebuild (package:flutter/src/widgets/framework.dart:5982)
I/flutter (21416): #89     Element.rebuild (package:flutter/src/widgets/framework.dart:5529)
I/flutter (21416): #90     StatefulElement.update (package:flutter/src/widgets/framework.dart:6007)
I/flutter (21416): #91     Element.updateChild (package:flutter/src/widgets/framework.dart:4037)
I/flutter (21416): #92     ComponentElement.performRebuild (package:flutter/src/widgets/framework.dart:5841)
I/flutter (21416): #93     StatefulElement.performRebuild (package:flutter/src/widgets/framework.dart:5982)
I/flutter (21416): #94     Element.rebuild (package:flutter/src/widgets/framework.dart:5529)
I/flutter (21416): #95     BuildScope._tryRebuild (package:flutter/src/widgets/framework.dart:2750)
I/flutter (21416): #96     BuildScope._flushDirtyElements (package:flutter/src/widgets/framework.dart:2807)
I/flutter (21416): #97     BuildOwner.buildScope (package:flutter/src/widgets/framework.dart:3111)
I/flutter (21416): #98     WidgetsBinding.drawFrame (package:flutter/src/widgets/binding.dart:1571)
I/flutter (21416): #99     RendererBinding._handlePersistentFrameCallback (package:flutter/src/rendering/binding.dart:509)
[spm]: ProfilerData event received.
I/flutter (21416): [SPM:perf] 698a51a  buildSpan: 8685µs
I/flutter (21416): [spm] Performance monitoring completed for 698a51a
I/flutter (21416): setState 698a51a
I/flutter (21416): Null check operator used on a null value
I/flutter (21416): #0      _ReorderableListViewState._itemBuilder (package:flutter/src/material/reorderable_list.dart:380)
I/flutter (21416): #1      SliverReorderableListState._itemBuilder (package:flutter/src/widgets/reorderable_list.dart:1146)
I/flutter (21416): #2      SliverChildBuilderDelegate.build (package:flutter/src/widgets/scroll_delegate.dart:552)
I/flutter (21416): #3      SliverMultiBoxAdaptorElement._build (package:flutter/src/widgets/sliver.dart:1055)
I/flutter (21416): #4      SliverMultiBoxAdaptorElement.performRebuild.processElement (package:flutter/src/widgets/sliver.dart:981)
I/flutter (21416): #5      Iterable.forEach (dart:core/iterable.dart:366)
I/flutter (21416): #6      SliverMultiBoxAdaptorElement.performRebuild (package:flutter/src/widgets/sliver.dart:1032)
I/flutter (21416): #7      SliverMultiBoxAdaptorElement.update (package:flutter/src/widgets/sliver.dart:955)
I/flutter (21416): #8      Element.updateChild (package:flutter/src/widgets/framework.dart:4037)
I/flutter (21416): #9      ComponentElement.performRebuild (package:flutter/src/widgets/framework.dart:5841)
I/flutter (21416): #10     StatefulElement.performRebuild (package:flutter/src/widgets/framework.dart:5982)
I/flutter (21416): #11     Element.rebuild (package:flutter/src/widgets/framework.dart:5529)
I/flutter (21416): #12     StatefulElement.update (package:flutter/src/widgets/framework.dart:6007)
I/flutter (21416): #13     Element.updateChild (package:flutter/src/widgets/framework.dart:4037)
I/flutter (21416): #14     SingleChildRenderObjectElement.update (package:flutter/src/widgets/framework.dart:7122)
I/flutter (21416): #15     Element.updateChild (package:flutter/src/widgets/framework.dart:4037)
I/flutter (21416): #16     Element.updateChildren (package:flutter/src/widgets/framework.dart:4191)
I/flutter (21416): #17     MultiChildRenderObjectElement.update (package:flutter/src/widgets/framework.dart:7295)
I/flutter (21416): #18     _ViewportElement.update (package:flutter/src/widgets/viewport.dart:293)
I/flutter (21416): #19     Element.updateChild (package:flutter/src/widgets/framework.dart:4037)
I/flutter (21416): #20     SingleChildRenderObjectElement.update (package:flutter/src/widgets/framework.dart:7122)
I/flutter (21416): #21     Element.updateChild (package:flutter/src/widgets/framework.dart:4037)
I/flutter (21416): #22     SingleChildRenderObjectElement.update (package:flutter/src/widgets/framework.dart:7122)
I/flutter (21416): #23     Element.updateChild (package:flutter/src/widgets/framework.dart:4037)
I/flutter (21416): #24     SingleChildRenderObjectElement.update (package:flutter/src/widgets/framework.dart:7122)
I/flutter (21416): #25     Element.updateChild (package:flutter/src/widgets/framework.dart:4037)
I/flutter (21416): #26     SingleChildRenderObjectElement.update (package:flutter/src/widgets/framework.dart:7122)
I/flutter (21416): #27     Element.updateChild (package:flutter/src/widgets/framework.dart:4037)
I/flutter (21416): #28     ComponentElement.performRebuild (package:flutter/src/widgets/framework.dart:5841)
I/flutter (21416): #29     StatefulElement.performRebuild (package:flutter/src/widgets/framework.dart:5982)
I/flutter (21416): #30     Element.rebuild (package:flutter/src/widgets/framework.dart:5529)
I/flutter (21416): #31     StatefulElement.update (package:flutter/src/widgets/framework.dart:6007)
I/flutter (21416): #32     Element.updateChild (package:flutter/src/widgets/framework.dart:4037)
I/flutter (21416): #33     SingleChildRenderObjectElement.update (package:flutter/src/widgets/framework.dart:7122)
I/flutter (21416): #34     Element.updateChild (package:flutter/src/widgets/framework.dart:4037)
I/flutter (21416): #35     ComponentElement.performRebuild (package:flutter/src/widgets/framework.dart:5841)
I/flutter (21416): #36     Element.rebuild (package:flutter/src/widgets/framework.dart:5529)
I/flutter (21416): #37     ProxyElement.update (package:flutter/src/widgets/framework.dart:6149)
I/flutter (21416): #38     Element.updateChild (package:flutter/src/widgets/framework.dart:4037)
I/flutter (21416): #39     SingleChildRenderObjectElement.update (package:flutter/src/widgets/framework.dart:7122)
I/flutter (21416): #40     Element.updateChild (package:flutter/src/widgets/framework.dart:4037)
I/flutter (21416): #41     ComponentElement.performRebuild (package:flutter/src/widgets/framework.dart:5841)
I/flutter (21416): #42     Element.rebuild (package:flutter/src/widgets/framework.dart:5529)
I/flutter (21416): #43     ProxyElement.update (package:flutter/src/widgets/framework.dart:6149)
I/flutter (21416): #44     Element.updateChild (package:flutter/src/widgets/framework.dart:4037)
I/flutter (21416): #45     SingleChildRenderObjectElement.update (package:flutter/src/widgets/framework.dart:7122)
I/flutter (21416): #46     Element.updateChild (package:flutter/src/widgets/framework.dart:4037)
I/flutter (21416): #47     SingleChildRenderObjectElement.update (package:flutter/src/widgets/framework.dart:7122)
I/flutter (21416): #48     Element.updateChild (package:flutter/src/widgets/framework.dart:4037)
I/flutter (21416): #49     ComponentElement.performRebuild (package:flutter/src/widgets/framework.dart:5841)
I/flutter (21416): #50     StatefulElement.performRebuild (package:flutter/src/widgets/framework.dart:5982)
I/flutter (21416): #51     Element.rebuild (package:flutter/src/widgets/framework.dart:5529)
I/flutter (21416): #52     StatefulElement.update (package:flutter/src/widgets/framework.dart:6007)
I/flutter (21416): #53     Element.updateChild (package:flutter/src/widgets/framework.dart:4037)
I/flutter (21416): #54     ComponentElement.performRebuild (package:flutter/src/widgets/framework.dart:5841)
I/flutter (21416): #55     Element.rebuild (package:flutter/src/widgets/framework.dart:5529)
I/flutter (21416): #56     StatelessElement.update (package:flutter/src/widgets/framework.dart:5895)
I/flutter (21416): #57     Element.updateChild (package:flutter/src/widgets/framework.dart:4037)
I/flutter (21416): #58     SingleChildRenderObjectElement.update (package:flutter/src/widgets/framework.dart:7122)
I/flutter (21416): #59     Element.updateChild (package:flutter/src/widgets/framework.dart:4037)
I/flutter (21416): #60     ComponentElement.performRebuild (package:flutter/src/widgets/framework.dart:5841)
I/flutter (21416): #61     StatefulElement.performRebuild (package:flutter/src/widgets/framework.dart:5982)
I/flutter (21416): #62     Element.rebuild (package:flutter/src/widgets/framework.dart:5529)
I/flutter (21416): #63     StatefulElement.update (package:flutter/src/widgets/framework.dart:6007)
I/flutter (21416): #64     Element.updateChild (package:flutter/src/widgets/framework.dart:4037)
I/flutter (21416): #65     ComponentElement.performRebuild (package:flutter/src/widgets/framework.dart:5841)
I/flutter (21416): #66     Element.rebuild (package:flutter/src/widgets/framework.dart:5529)
I/flutter (21416): #67     ProxyElement.update (package:flutter/src/widgets/framework.dart:6149)
I/flutter (21416): #68     Element.updateChild (package:flutter/src/widgets/framework.dart:4037)
I/flutter (21416): #69     ComponentElement.performRebuild (package:flutter/src/widgets/framework.dart:5841)
I/flutter (21416): #70     StatefulElement.performRebuild (package:flutter/src/widgets/framework.dart:5982)
I/flutter (21416): #71     Element.rebuild (package:flutter/src/widgets/framework.dart:5529)
I/flutter (21416): #72     StatefulElement.update (package:flutter/src/widgets/framework.dart:6007)
I/flutter (21416): #73     Element.updateChild (package:flutter/src/widgets/framework.dart:4037)
I/flutter (21416): #74     ComponentElement.performRebuild (package:flutter/src/widgets/framework.dart:5841)
I/flutter (21416): #75     StatefulElement.performRebuild (package:flutter/src/widgets/framework.dart:5982)
I/flutter (21416): #76     Element.rebuild (package:flutter/src/widgets/framework.dart:5529)
I/flutter (21416): #77     StatefulElement.update (package:flutter/src/widgets/framework.dart:6007)
I/flutter (21416): #78     Element.updateChild (package:flutter/src/widgets/framework.dart:4037)
I/flutter (21416): #79     ComponentElement.performRebuild (package:flutter/src/widgets/framework.dart:5841)
I/flutter (21416): #80     Element.rebuild (package:flutter/src/widgets/framework.dart:5529)
I/flutter (21416): #81     ProxyElement.update (package:flutter/src/widgets/framework.dart:6149)
I/flutter (21416): #82     Element.updateChild (package:flutter/src/widgets/framework.dart:4037)
I/flutter (21416): #83     ComponentElement.performRebuild (package:flutter/src/widgets/framework.dart:5841)
I/flutter (21416): #84     Element.rebuild (package:flutter/src/widgets/framework.dart:5529)
I/flutter (21416): #85     StatelessElement.update (package:flutter/src/widgets/framework.dart:5895)
I/flutter (21416): #86     Element.updateChild (package:flutter/src/widgets/framework.dart:4037)
I/flutter (21416): #87     ComponentElement.performRebuild (package:flutter/src/widgets/framework.dart:5841)
I/flutter (21416): #88     StatefulElement.performRebuild (package:flutter/src/widgets/framework.dart:5982)
I/flutter (21416): #89     Element.rebuild (package:flutter/src/widgets/framework.dart:5529)
I/flutter (21416): #90     StatefulElement.update (package:flutter/src/widgets/framework.dart:6007)
I/flutter (21416): #91     Element.updateChild (package:flutter/src/widgets/framework.dart:4037)
I/flutter (21416): #92     ComponentElement.performRebuild (package:flutter/src/widgets/framework.dart:5841)
I/flutter (21416): #93     StatefulElement.performRebuild (package:flutter/src/widgets/framework.dart:5982)
I/flutter (21416): #94     Element.rebuild (package:flutter/src/widgets/framework.dart:5529)
I/flutter (21416): #95     BuildScope._tryRebuild (package:flutter/src/widgets/framework.dart:2750)
I/flutter (21416): #96     BuildScope._flushDirtyElements (package:flutter/src/widgets/framework.dart:2807)
I/flutter (21416): #97     BuildOwner.buildScope (package:flutter/src/widgets/framework.dart:3111)
I/flutter (21416): #98     WidgetsBinding.drawFrame (package:flutter/src/widgets/binding.dart:1571)
I/flutter (21416): #99     RendererBinding._handlePersistentFrameCallback (package:flutter/src/rendering/binding.dart:509)
I/flutter (21416): [SPM:perf] 698a51a  buildSpan: 8485µs
I/flutter (21416): [spm] Performance monitoring completed for 698a51a
I/flutter (21416): setState 698a51a
[spm]: ProfilerData event received.
I/flutter (21416): Null check operator used on a null value
I/flutter (21416): #0      _ReorderableListViewState._itemBuilder (package:flutter/src/material/reorderable_list.dart:380)
I/flutter (21416): #1      SliverReorderableListState._itemBuilder (package:flutter/src/widgets/reorderable_list.dart:1146)
I/flutter (21416): #2      SliverChildBuilderDelegate.build (package:flutter/src/widgets/scroll_delegate.dart:552)
I/flutter (21416): #3      SliverMultiBoxAdaptorElement._build (package:flutter/src/widgets/sliver.dart:1055)
I/flutter (21416): #4      SliverMultiBoxAdaptorElement.performRebuild.processElement (package:flutter/src/widgets/sliver.dart:981)
I/flutter (21416): #5      Iterable.forEach (dart:core/iterable.dart:366)
I/flutter (21416): #6      SliverMultiBoxAdaptorElement.performRebuild (package:flutter/src/widgets/sliver.dart:1032)
I/flutter (21416): #7      SliverMultiBoxAdaptorElement.update (package:flutter/src/widgets/sliver.dart:955)
I/flutter (21416): #8      Element.updateChild (package:flutter/src/widgets/framework.dart:4037)
I/flutter (21416): #9      ComponentElement.performRebuild (package:flutter/src/widgets/framework.dart:5841)
I/flutter (21416): #10     StatefulElement.performRebuild (package:flutter/src/widgets/framework.dart:5982)
I/flutter (21416): #11     Element.rebuild (package:flutter/src/widgets/framework.dart:5529)
I/flutter (21416): #12     StatefulElement.update (package:flutter/src/widgets/framework.dart:6007)
I/flutter (21416): #13     Element.updateChild (package:flutter/src/widgets/framework.dart:4037)
I/flutter (21416): #14     SingleChildRenderObjectElement.update (package:flutter/src/widgets/framework.dart:7122)
I/flutter (21416): #15     Element.updateChild (package:flutter/src/widgets/framework.dart:4037)
I/flutter (21416): #16     Element.updateChildren (package:flutter/src/widgets/framework.dart:4191)
I/flutter (21416): #17     MultiChildRenderObjectElement.update (package:flutter/src/widgets/framework.dart:7295)
I/flutter (21416): #18     _ViewportElement.update (package:flutter/src/widgets/viewport.dart:293)
I/flutter (21416): #19     Element.updateChild (package:flutter/src/widgets/framework.dart:4037)
I/flutter (21416): #20     SingleChildRenderObjectElement.update (package:flutter/src/widgets/framework.dart:7122)
I/flutter (21416): #21     Element.updateChild (package:flutter/src/widgets/framework.dart:4037)
I/flutter (21416): #22     SingleChildRenderObjectElement.update (package:flutter/src/widgets/framework.dart:7122)
I/flutter (21416): #23     Element.updateChild (package:flutter/src/widgets/framework.dart:4037)
I/flutter (21416): #24     SingleChildRenderObjectElement.update (package:flutter/src/widgets/framework.dart:7122)
I/flutter (21416): #25     Element.updateChild (package:flutter/src/widgets/framework.dart:4037)
I/flutter (21416): #26     SingleChildRenderObjectElement.update (package:flutter/src/widgets/framework.dart:7122)
I/flutter (21416): #27     Element.updateChild (package:flutter/src/widgets/framework.dart:4037)
I/flutter (21416): #28     ComponentElement.performRebuild (package:flutter/src/widgets/framework.dart:5841)
I/flutter (21416): #29     StatefulElement.performRebuild (package:flutter/src/widgets/framework.dart:5982)
I/flutter (21416): #30     Element.rebuild (package:flutter/src/widgets/framework.dart:5529)
I/flutter (21416): #31     StatefulElement.update (package:flutter/src/widgets/framework.dart:6007)
I/flutter (21416): #32     Element.updateChild (package:flutter/src/widgets/framework.dart:4037)
I/flutter (21416): #33     SingleChildRenderObjectElement.update (package:flutter/src/widgets/framework.dart:7122)
I/flutter (21416): #34     Element.updateChild (package:flutter/src/widgets/framework.dart:4037)
I/flutter (21416): #35     ComponentElement.performRebuild (package:flutter/src/widgets/framework.dart:5841)
I/flutter (21416): #36     Element.rebuild (package:flutter/src/widgets/framework.dart:5529)
I/flutter (21416): #37     ProxyElement.update (package:flutter/src/widgets/framework.dart:6149)
I/flutter (21416): #38     Element.updateChild (package:flutter/src/widgets/framework.dart:4037)
I/flutter (21416): #39     SingleChildRenderObjectElement.update (package:flutter/src/widgets/framework.dart:7122)
I/flutter (21416): #40     Element.updateChild (package:flutter/src/widgets/framework.dart:4037)
I/flutter (21416): #41     ComponentElement.performRebuild (package:flutter/src/widgets/framework.dart:5841)
I/flutter (21416): #42     Element.rebuild (package:flutter/src/widgets/framework.dart:5529)
I/flutter (21416): #43     ProxyElement.update (package:flutter/src/widgets/framework.dart:6149)
I/flutter (21416): #44     Element.updateChild (package:flutter/src/widgets/framework.dart:4037)
I/flutter (21416): #45     SingleChildRenderObjectElement.update (package:flutter/src/widgets/framework.dart:7122)
I/flutter (21416): #46     Element.updateChild (package:flutter/src/widgets/framework.dart:4037)
I/flutter (21416): #47     SingleChildRenderObjectElement.update (package:flutter/src/widgets/framework.dart:7122)
I/flutter (21416): #48     Element.updateChild (package:flutter/src/widgets/framework.dart:4037)
I/flutter (21416): #49     ComponentElement.performRebuild (package:flutter/src/widgets/framework.dart:5841)
I/flutter (21416): #50     StatefulElement.performRebuild (package:flutter/src/widgets/framework.dart:5982)
I/flutter (21416): #51     Element.rebuild (package:flutter/src/widgets/framework.dart:5529)
I/flutter (21416): #52     StatefulElement.update (package:flutter/src/widgets/framework.dart:6007)
I/flutter (21416): #53     Element.updateChild (package:flutter/src/widgets/framework.dart:4037)
I/flutter (21416): #54     ComponentElement.performRebuild (package:flutter/src/widgets/framework.dart:5841)
I/flutter (21416): #55     Element.rebuild (package:flutter/src/widgets/framework.dart:5529)
I/flutter (21416): #56     StatelessElement.update (package:flutter/src/widgets/framework.dart:5895)
I/flutter (21416): #57     Element.updateChild (package:flutter/src/widgets/framework.dart:4037)
I/flutter (21416): #58     SingleChildRenderObjectElement.update (package:flutter/src/widgets/framework.dart:7122)
I/flutter (21416): #59     Element.updateChild (package:flutter/src/widgets/framework.dart:4037)
I/flutter (21416): #60     ComponentElement.performRebuild (package:flutter/src/widgets/framework.dart:5841)
I/flutter (21416): #61     StatefulElement.performRebuild (package:flutter/src/widgets/framework.dart:5982)
I/flutter (21416): #62     Element.rebuild (package:flutter/src/widgets/framework.dart:5529)
I/flutter (21416): #63     StatefulElement.update (package:flutter/src/widgets/framework.dart:6007)
I/flutter (21416): #64     Element.updateChild (package:flutter/src/widgets/framework.dart:4037)
I/flutter (21416): #65     ComponentElement.performRebuild (package:flutter/src/widgets/framework.dart:5841)
I/flutter (21416): #66     Element.rebuild (package:flutter/src/widgets/framework.dart:5529)
I/flutter (21416): #67     ProxyElement.update (package:flutter/src/widgets/framework.dart:6149)
I/flutter (21416): #68     Element.updateChild (package:flutter/src/widgets/framework.dart:4037)
I/flutter (21416): #69     ComponentElement.performRebuild (package:flutter/src/widgets/framework.dart:5841)
I/flutter (21416): #70     StatefulElement.performRebuild (package:flutter/src/widgets/framework.dart:5982)
I/flutter (21416): #71     Element.rebuild (package:flutter/src/widgets/framework.dart:5529)
I/flutter (21416): #72     StatefulElement.update (package:flutter/src/widgets/framework.dart:6007)
I/flutter (21416): #73     Element.updateChild (package:flutter/src/widgets/framework.dart:4037)
I/flutter (21416): #74     ComponentElement.performRebuild (package:flutter/src/widgets/framework.dart:5841)
I/flutter (21416): #75     StatefulElement.performRebuild (package:flutter/src/widgets/framework.dart:5982)
I/flutter (21416): #76     Element.rebuild (package:flutter/src/widgets/framework.dart:5529)
I/flutter (21416): #77     StatefulElement.update (package:flutter/src/widgets/framework.dart:6007)
I/flutter (21416): #78     Element.updateChild (package:flutter/src/widgets/framework.dart:4037)
I/flutter (21416): #79     ComponentElement.performRebuild (package:flutter/src/widgets/framework.dart:5841)
I/flutter (21416): #80     Element.rebuild (package:flutter/src/widgets/framework.dart:5529)
I/flutter (21416): #81     ProxyElement.update (package:flutter/src/widgets/framework.dart:6149)
I/flutter (21416): #82     Element.updateChild (package:flutter/src/widgets/framework.dart:4037)
I/flutter (21416): #83     ComponentElement.performRebuild (package:flutter/src/widgets/framework.dart:5841)
I/flutter (21416): #84     Element.rebuild (package:flutter/src/widgets/framework.dart:5529)
I/flutter (21416): #85     StatelessElement.update (package:flutter/src/widgets/framework.dart:5895)
I/flutter (21416): #86     Element.updateChild (package:flutter/src/widgets/framework.dart:4037)
I/flutter (21416): #87     ComponentElement.performRebuild (package:flutter/src/widgets/framework.dart:5841)
I/flutter (21416): #88     StatefulElement.performRebuild (package:flutter/src/widgets/framework.dart:5982)
I/flutter (21416): #89     Element.rebuild (package:flutter/src/widgets/framework.dart:5529)
I/flutter (21416): #90     StatefulElement.update (package:flutter/src/widgets/framework.dart:6007)
I/flutter (21416): #91     Element.updateChild (package:flutter/src/widgets/framework.dart:4037)
I/flutter (21416): #92     ComponentElement.performRebuild (package:flutter/src/widgets/framework.dart:5841)
I/flutter (21416): #93     StatefulElement.performRebuild (package:flutter/src/widgets/framework.dart:5982)
I/flutter (21416): #94     Element.rebuild (package:flutter/src/widgets/framework.dart:5529)
I/flutter (21416): #95     BuildScope._tryRebuild (package:flutter/src/widgets/framework.dart:2750)
I/flutter (21416): #96     BuildScope._flushDirtyElements (package:flutter/src/widgets/framework.dart:2807)
I/flutter (21416): #97     BuildOwner.buildScope (package:flutter/src/widgets/framework.dart:3111)
I/flutter (21416): #98     WidgetsBinding.drawFrame (package:flutter/src/widgets/binding.dart:1571)
I/flutter (21416): #99     RendererBinding._handlePersistentFrameCallback (package:flutter/src/rendering/binding.dart:509)
[spm]: ProfilerData event received.
I/flutter (21416): [SPM:perf] 698a51a  buildSpan: 8250µs
I/flutter (21416): [spm] Performance monitoring completed for 698a51a
I/flutter (21416): setState 698a51a
I/flutter (21416): Null check operator used on a null value
I/flutter (21416): #0      _ReorderableListViewState._itemBuilder (package:flutter/src/material/reorderable_list.dart:380)
I/flutter (21416): #1      SliverReorderableListState._itemBuilder (package:flutter/src/widgets/reorderable_list.dart:1146)
I/flutter (21416): #2      SliverChildBuilderDelegate.build (package:flutter/src/widgets/scroll_delegate.dart:552)
I/flutter (21416): #3      SliverMultiBoxAdaptorElement._build (package:flutter/src/widgets/sliver.dart:1055)
I/flutter (21416): #4      SliverMultiBoxAdaptorElement.performRebuild.processElement (package:flutter/src/widgets/sliver.dart:981)
I/flutter (21416): #5      Iterable.forEach (dart:core/iterable.dart:366)
I/flutter (21416): #6      SliverMultiBoxAdaptorElement.performRebuild (package:flutter/src/widgets/sliver.dart:1032)
I/flutter (21416): #7      SliverMultiBoxAdaptorElement.update (package:flutter/src/widgets/sliver.dart:955)
I/flutter (21416): #8      Element.updateChild (package:flutter/src/widgets/framework.dart:4037)
I/flutter (21416): #9      ComponentElement.performRebuild (package:flutter/src/widgets/framework.dart:5841)
I/flutter (21416): #10     StatefulElement.performRebuild (package:flutter/src/widgets/framework.dart:5982)
I/flutter (21416): #11     Element.rebuild (package:flutter/src/widgets/framework.dart:5529)
I/flutter (21416): #12     StatefulElement.update (package:flutter/src/widgets/framework.dart:6007)
I/flutter (21416): #13     Element.updateChild (package:flutter/src/widgets/framework.dart:4037)
I/flutter (21416): #14     SingleChildRenderObjectElement.update (package:flutter/src/widgets/framework.dart:7122)
I/flutter (21416): #15     Element.updateChild (package:flutter/src/widgets/framework.dart:4037)
I/flutter (21416): #16     Element.updateChildren (package:flutter/src/widgets/framework.dart:4191)
I/flutter (21416): #17     MultiChildRenderObjectElement.update (package:flutter/src/widgets/framework.dart:7295)
I/flutter (21416): #18     _ViewportElement.update (package:flutter/src/widgets/viewport.dart:293)
I/flutter (21416): #19     Element.updateChild (package:flutter/src/widgets/framework.dart:4037)
I/flutter (21416): #20     SingleChildRenderObjectElement.update (package:flutter/src/widgets/framework.dart:7122)
I/flutter (21416): #21     Element.updateChild (package:flutter/src/widgets/framework.dart:4037)
I/flutter (21416): #22     SingleChildRenderObjectElement.update (package:flutter/src/widgets/framework.dart:7122)
I/flutter (21416): #23     Element.updateChild (package:flutter/src/widgets/framework.dart:4037)
I/flutter (21416): #24     SingleChildRenderObjectElement.update (package:flutter/src/widgets/framework.dart:7122)
I/flutter (21416): #25     Element.updateChild (package:flutter/src/widgets/framework.dart:4037)
I/flutter (21416): #26     SingleChildRenderObjectElement.update (package:flutter/src/widgets/framework.dart:7122)
I/flutter (21416): #27     Element.updateChild (package:flutter/src/widgets/framework.dart:4037)
I/flutter (21416): #28     ComponentElement.performRebuild (package:flutter/src/widgets/framework.dart:5841)
I/flutter (21416): #29     StatefulElement.performRebuild (package:flutter/src/widgets/framework.dart:5982)
I/flutter (21416): #30     Element.rebuild (package:flutter/src/widgets/framework.dart:5529)
I/flutter (21416): #31     StatefulElement.update (package:flutter/src/widgets/framework.dart:6007)
I/flutter (21416): #32     Element.updateChild (package:flutter/src/widgets/framework.dart:4037)
I/flutter (21416): #33     SingleChildRenderObjectElement.update (package:flutter/src/widgets/framework.dart:7122)
I/flutter (21416): #34     Element.updateChild (package:flutter/src/widgets/framework.dart:4037)
I/flutter (21416): #35     ComponentElement.performRebuild (package:flutter/src/widgets/framework.dart:5841)
I/flutter (21416): #36     Element.rebuild (package:flutter/src/widgets/framework.dart:5529)
I/flutter (21416): #37     ProxyElement.update (package:flutter/src/widgets/framework.dart:6149)
I/flutter (21416): #38     Element.updateChild (package:flutter/src/widgets/framework.dart:4037)
I/flutter (21416): #39     SingleChildRenderObjectElement.update (package:flutter/src/widgets/framework.dart:7122)
I/flutter (21416): #40     Element.updateChild (package:flutter/src/widgets/framework.dart:4037)
I/flutter (21416): #41     ComponentElement.performRebuild (package:flutter/src/widgets/framework.dart:5841)
I/flutter (21416): #42     Element.rebuild (package:flutter/src/widgets/framework.dart:5529)
I/flutter (21416): #43     ProxyElement.update (package:flutter/src/widgets/framework.dart:6149)
I/flutter (21416): #44     Element.updateChild (package:flutter/src/widgets/framework.dart:4037)
I/flutter (21416): #45     SingleChildRenderObjectElement.update (package:flutter/src/widgets/framework.dart:7122)
I/flutter (21416): #46     Element.updateChild (package:flutter/src/widgets/framework.dart:4037)
I/flutter (21416): #47     SingleChildRenderObjectElement.update (package:flutter/src/widgets/framework.dart:7122)
I/flutter (21416): #48     Element.updateChild (package:flutter/src/widgets/framework.dart:4037)
I/flutter (21416): #49     ComponentElement.performRebuild (package:flutter/src/widgets/framework.dart:5841)
I/flutter (21416): #50     StatefulElement.performRebuild (package:flutter/src/widgets/framework.dart:5982)
I/flutter (21416): #51     Element.rebuild (package:flutter/src/widgets/framework.dart:5529)
I/flutter (21416): #52     StatefulElement.update (package:flutter/src/widgets/framework.dart:6007)
I/flutter (21416): #53     Element.updateChild (package:flutter/src/widgets/framework.dart:4037)
I/flutter (21416): #54     ComponentElement.performRebuild (package:flutter/src/widgets/framework.dart:5841)
I/flutter (21416): #55     Element.rebuild (package:flutter/src/widgets/framework.dart:5529)
I/flutter (21416): #56     StatelessElement.update (package:flutter/src/widgets/framework.dart:5895)
I/flutter (21416): #57     Element.updateChild (package:flutter/src/widgets/framework.dart:4037)
I/flutter (21416): #58     SingleChildRenderObjectElement.update (package:flutter/src/widgets/framework.dart:7122)
I/flutter (21416): #59     Element.updateChild (package:flutter/src/widgets/framework.dart:4037)
I/flutter (21416): #60     ComponentElement.performRebuild (package:flutter/src/widgets/framework.dart:5841)
I/flutter (21416): #61     StatefulElement.performRebuild (package:flutter/src/widgets/framework.dart:5982)
I/flutter (21416): #62     Element.rebuild (package:flutter/src/widgets/framework.dart:5529)
I/flutter (21416): #63     StatefulElement.update (package:flutter/src/widgets/framework.dart:6007)
I/flutter (21416): #64     Element.updateChild (package:flutter/src/widgets/framework.dart:4037)
I/flutter (21416): #65     ComponentElement.performRebuild (package:flutter/src/widgets/framework.dart:5841)
I/flutter (21416): #66     Element.rebuild (package:flutter/src/widgets/framework.dart:5529)
I/flutter (21416): #67     ProxyElement.update (package:flutter/src/widgets/framework.dart:6149)
I/flutter (21416): #68     Element.updateChild (package:flutter/src/widgets/framework.dart:4037)
I/flutter (21416): #69     ComponentElement.performRebuild (package:flutter/src/widgets/framework.dart:5841)
I/flutter (21416): #70     StatefulElement.performRebuild (package:flutter/src/widgets/framework.dart:5982)
I/flutter (21416): #71     Element.rebuild (package:flutter/src/widgets/framework.dart:5529)
I/flutter (21416): #72     StatefulElement.update (package:flutter/src/widgets/framework.dart:6007)
I/flutter (21416): #73     Element.updateChild (package:flutter/src/widgets/framework.dart:4037)
I/flutter (21416): #74     ComponentElement.performRebuild (package:flutter/src/widgets/framework.dart:5841)
I/flutter (21416): #75     StatefulElement.performRebuild (package:flutter/src/widgets/framework.dart:5982)
I/flutter (21416): #76     Element.rebuild (package:flutter/src/widgets/framework.dart:5529)
I/flutter (21416): #77     StatefulElement.update (package:flutter/src/widgets/framework.dart:6007)
I/flutter (21416): #78     Element.updateChild (package:flutter/src/widgets/framework.dart:4037)
I/flutter (21416): #79     ComponentElement.performRebuild (package:flutter/src/widgets/framework.dart:5841)
I/flutter (21416): #80     Element.rebuild (package:flutter/src/widgets/framework.dart:5529)
I/flutter (21416): #81     ProxyElement.update (package:flutter/src/widgets/framework.dart:6149)
I/flutter (21416): #82     Element.updateChild (package:flutter/src/widgets/framework.dart:4037)
I/flutter (21416): #83     ComponentElement.performRebuild (package:flutter/src/widgets/framework.dart:5841)
I/flutter (21416): #84     Element.rebuild (package:flutter/src/widgets/framework.dart:5529)
I/flutter (21416): #85     StatelessElement.update (package:flutter/src/widgets/framework.dart:5895)
I/flutter (21416): #86     Element.updateChild (package:flutter/src/widgets/framework.dart:4037)
I/flutter (21416): #87     ComponentElement.performRebuild (package:flutter/src/widgets/framework.dart:5841)
I/flutter (21416): #88     StatefulElement.performRebuild (package:flutter/src/widgets/framework.dart:5982)
I/flutter (21416): #89     Element.rebuild (package:flutter/src/widgets/framework.dart:5529)
I/flutter (21416): #90     StatefulElement.update (package:flutter/src/widgets/framework.dart:6007)
I/flutter (21416): #91     Element.updateChild (package:flutter/src/widgets/framework.dart:4037)
I/flutter (21416): #92     ComponentElement.performRebuild (package:flutter/src/widgets/framework.dart:5841)
I/flutter (21416): #93     StatefulElement.performRebuild (package:flutter/src/widgets/framework.dart:5982)
I/flutter (21416): #94     Element.rebuild (package:flutter/src/widgets/framework.dart:5529)
I/flutter (21416): #95     BuildScope._tryRebuild (package:flutter/src/widgets/framework.dart:2750)
I/flutter (21416): #96     BuildScope._flushDirtyElements (package:flutter/src/widgets/framework.dart:2807)
I/flutter (21416): #97     BuildOwner.buildScope (package:flutter/src/widgets/framework.dart:3111)
I/flutter (21416): #98     WidgetsBinding.drawFrame (package:flutter/src/widgets/binding.dart:1571)
I/flutter (21416): #99     RendererBinding._handlePersistentFrameCallback (package:flutter/src/rendering/binding.dart:509)
I/flutter (21416): [SPM:perf] 698a51a  buildSpan: 8657µs
[spm]: ProfilerData event received.
I/flutter (21416): [spm] Performance monitoring completed for 698a51a
I/flutter (21416): setState 698a51a
I/flutter (21416): Null check operator used on a null value
I/flutter (21416): #0      _ReorderableListViewState._itemBuilder (package:flutter/src/material/reorderable_list.dart:380)
I/flutter (21416): #1      SliverReorderableListState._itemBuilder (package:flutter/src/widgets/reorderable_list.dart:1146)
I/flutter (21416): #2      SliverChildBuilderDelegate.build (package:flutter/src/widgets/scroll_delegate.dart:552)
I/flutter (21416): #3      SliverMultiBoxAdaptorElement._build (package:flutter/src/widgets/sliver.dart:1055)
I/flutter (21416): #4      SliverMultiBoxAdaptorElement.performRebuild.processElement (package:flutter/src/widgets/sliver.dart:981)
I/flutter (21416): #5      Iterable.forEach (dart:core/iterable.dart:366)
I/flutter (21416): #6      SliverMultiBoxAdaptorElement.performRebuild (package:flutter/src/widgets/sliver.dart:1032)
I/flutter (21416): #7      SliverMultiBoxAdaptorElement.update (package:flutter/src/widgets/sliver.dart:955)
I/flutter (21416): #8      Element.updateChild (package:flutter/src/widgets/framework.dart:4037)
I/flutter (21416): #9      ComponentElement.performRebuild (package:flutter/src/widgets/framework.dart:5841)
I/flutter (21416): #10     StatefulElement.performRebuild (package:flutter/src/widgets/framework.dart:5982)
I/flutter (21416): #11     Element.rebuild (package:flutter/src/widgets/framework.dart:5529)
I/flutter (21416): #12     StatefulElement.update (package:flutter/src/widgets/framework.dart:6007)
I/flutter (21416): #13     Element.updateChild (package:flutter/src/widgets/framework.dart:4037)
I/flutter (21416): #14     SingleChildRenderObjectElement.update (package:flutter/src/widgets/framework.dart:7122)
I/flutter (21416): #15     Element.updateChild (package:flutter/src/widgets/framework.dart:4037)
I/flutter (21416): #16     Element.updateChildren (package:flutter/src/widgets/framework.dart:4191)
I/flutter (21416): #17     MultiChildRenderObjectElement.update (package:flutter/src/widgets/framework.dart:7295)
I/flutter (21416): #18     _ViewportElement.update (package:flutter/src/widgets/viewport.dart:293)
I/flutter (21416): #19     Element.updateChild (package:flutter/src/widgets/framework.dart:4037)
I/flutter (21416): #20     SingleChildRenderObjectElement.update (package:flutter/src/widgets/framework.dart:7122)
I/flutter (21416): #21     Element.updateChild (package:flutter/src/widgets/framework.dart:4037)
I/flutter (21416): #22     SingleChildRenderObjectElement.update (package:flutter/src/widgets/framework.dart:7122)
I/flutter (21416): #23     Element.updateChild (package:flutter/src/widgets/framework.dart:4037)
I/flutter (21416): #24     SingleChildRenderObjectElement.update (package:flutter/src/widgets/framework.dart:7122)
I/flutter (21416): #25     Element.updateChild (package:flutter/src/widgets/framework.dart:4037)
I/flutter (21416): #26     SingleChildRenderObjectElement.update (package:flutter/src/widgets/framework.dart:7122)
I/flutter (21416): #27     Element.updateChild (package:flutter/src/widgets/framework.dart:4037)
I/flutter (21416): #28     ComponentElement.performRebuild (package:flutter/src/widgets/framework.dart:5841)
I/flutter (21416): #29     StatefulElement.performRebuild (package:flutter/src/widgets/framework.dart:5982)
I/flutter (21416): #30     Element.rebuild (package:flutter/src/widgets/framework.dart:5529)
I/flutter (21416): #31     StatefulElement.update (package:flutter/src/widgets/framework.dart:6007)
I/flutter (21416): #32     Element.updateChild (package:flutter/src/widgets/framework.dart:4037)
I/flutter (21416): #33     SingleChildRenderObjectElement.update (package:flutter/src/widgets/framework.dart:7122)
I/flutter (21416): #34     Element.updateChild (package:flutter/src/widgets/framework.dart:4037)
I/flutter (21416): #35     ComponentElement.performRebuild (package:flutter/src/widgets/framework.dart:5841)
I/flutter (21416): #36     Element.rebuild (package:flutter/src/widgets/framework.dart:5529)
I/flutter (21416): #37     ProxyElement.update (package:flutter/src/widgets/framework.dart:6149)
I/flutter (21416): #38     Element.updateChild (package:flutter/src/widgets/framework.dart:4037)
I/flutter (21416): #39     SingleChildRenderObjectElement.update (package:flutter/src/widgets/framework.dart:7122)
I/flutter (21416): #40     Element.updateChild (package:flutter/src/widgets/framework.dart:4037)
I/flutter (21416): #41     ComponentElement.performRebuild (package:flutter/src/widgets/framework.dart:5841)
I/flutter (21416): #42     Element.rebuild (package:flutter/src/widgets/framework.dart:5529)
I/flutter (21416): #43     ProxyElement.update (package:flutter/src/widgets/framework.dart:6149)
I/flutter (21416): #44     Element.updateChild (package:flutter/src/widgets/framework.dart:4037)
I/flutter (21416): #45     SingleChildRenderObjectElement.update (package:flutter/src/widgets/framework.dart:7122)
I/flutter (21416): #46     Element.updateChild (package:flutter/src/widgets/framework.dart:4037)
I/flutter (21416): #47     SingleChildRenderObjectElement.update (package:flutter/src/widgets/framework.dart:7122)
I/flutter (21416): #48     Element.updateChild (package:flutter/src/widgets/framework.dart:4037)
I/flutter (21416): #49     ComponentElement.performRebuild (package:flutter/src/widgets/framework.dart:5841)
I/flutter (21416): #50     StatefulElement.performRebuild (package:flutter/src/widgets/framework.dart:5982)
I/flutter (21416): #51     Element.rebuild (package:flutter/src/widgets/framework.dart:5529)
I/flutter (21416): #52     StatefulElement.update (package:flutter/src/widgets/framework.dart:6007)
I/flutter (21416): #53     Element.updateChild (package:flutter/src/widgets/framework.dart:4037)
I/flutter (21416): #54     ComponentElement.performRebuild (package:flutter/src/widgets/framework.dart:5841)
I/flutter (21416): #55     Element.rebuild (package:flutter/src/widgets/framework.dart:5529)
I/flutter (21416): #56     StatelessElement.update (package:flutter/src/widgets/framework.dart:5895)
I/flutter (21416): #57     Element.updateChild (package:flutter/src/widgets/framework.dart:4037)
I/flutter (21416): #58     SingleChildRenderObjectElement.update (package:flutter/src/widgets/framework.dart:7122)
I/flutter (21416): #59     Element.updateChild (package:flutter/src/widgets/framework.dart:4037)
I/flutter (21416): #60     ComponentElement.performRebuild (package:flutter/src/widgets/framework.dart:5841)
I/flutter (21416): #61     StatefulElement.performRebuild (package:flutter/src/widgets/framework.dart:5982)
I/flutter (21416): #62     Element.rebuild (package:flutter/src/widgets/framework.dart:5529)
I/flutter (21416): #63     StatefulElement.update (package:flutter/src/widgets/framework.dart:6007)
I/flutter (21416): #64     Element.updateChild (package:flutter/src/widgets/framework.dart:4037)
I/flutter (21416): #65     ComponentElement.performRebuild (package:flutter/src/widgets/framework.dart:5841)
I/flutter (21416): #66     Element.rebuild (package:flutter/src/widgets/framework.dart:5529)
I/flutter (21416): #67     ProxyElement.update (package:flutter/src/widgets/framework.dart:6149)
I/flutter (21416): #68     Element.updateChild (package:flutter/src/widgets/framework.dart:4037)
I/flutter (21416): #69     ComponentElement.performRebuild (package:flutter/src/widgets/framework.dart:5841)
I/flutter (21416): #70     StatefulElement.performRebuild (package:flutter/src/widgets/framework.dart:5982)
I/flutter (21416): #71     Element.rebuild (package:flutter/src/widgets/framework.dart:5529)
I/flutter (21416): #72     StatefulElement.update (package:flutter/src/widgets/framework.dart:6007)
I/flutter (21416): #73     Element.updateChild (package:flutter/src/widgets/framework.dart:4037)
I/flutter (21416): #74     ComponentElement.performRebuild (package:flutter/src/widgets/framework.dart:5841)
I/flutter (21416): #75     StatefulElement.performRebuild (package:flutter/src/widgets/framework.dart:5982)
I/flutter (21416): #76     Element.rebuild (package:flutter/src/widgets/framework.dart:5529)
I/flutter (21416): #77     StatefulElement.update (package:flutter/src/widgets/framework.dart:6007)
I/flutter (21416): #78     Element.updateChild (package:flutter/src/widgets/framework.dart:4037)
I/flutter (21416): #79     ComponentElement.performRebuild (package:flutter/src/widgets/framework.dart:5841)
I/flutter (21416): #80     Element.rebuild (package:flutter/src/widgets/framework.dart:5529)
I/flutter (21416): #81     ProxyElement.update (package:flutter/src/widgets/framework.dart:6149)
I/flutter (21416): #82     Element.updateChild (package:flutter/src/widgets/framework.dart:4037)
I/flutter (21416): #83     ComponentElement.performRebuild (package:flutter/src/widgets/framework.dart:5841)
I/flutter (21416): #84     Element.rebuild (package:flutter/src/widgets/framework.dart:5529)
I/flutter (21416): #85     StatelessElement.update (package:flutter/src/widgets/framework.dart:5895)
I/flutter (21416): #86     Element.updateChild (package:flutter/src/widgets/framework.dart:4037)
I/flutter (21416): #87     ComponentElement.performRebuild (package:flutter/src/widgets/framework.dart:5841)
I/flutter (21416): #88     StatefulElement.performRebuild (package:flutter/src/widgets/framework.dart:5982)
I/flutter (21416): #89     Element.rebuild (package:flutter/src/widgets/framework.dart:5529)
I/flutter (21416): #90     StatefulElement.update (package:flutter/src/widgets/framework.dart:6007)
I/flutter (21416): #91     Element.updateChild (package:flutter/src/widgets/framework.dart:4037)
I/flutter (21416): #92     ComponentElement.performRebuild (package:flutter/src/widgets/framework.dart:5841)
I/flutter (21416): #93     StatefulElement.performRebuild (package:flutter/src/widgets/framework.dart:5982)
I/flutter (21416): #94     Element.rebuild (package:flutter/src/widgets/framework.dart:5529)
I/flutter (21416): #95     BuildScope._tryRebuild (package:flutter/src/widgets/framework.dart:2750)
I/flutter (21416): #96     BuildScope._flushDirtyElements (package:flutter/src/widgets/framework.dart:2807)
I/flutter (21416): #97     BuildOwner.buildScope (package:flutter/src/widgets/framework.dart:3111)
I/flutter (21416): #98     WidgetsBinding.drawFrame (package:flutter/src/widgets/binding.dart:1571)
I/flutter (21416): #99     RendererBinding._handlePersistentFrameCallback (package:flutter/src/rendering/binding.dart:509)
[spm]: ProfilerData event received.
I/flutter (21416): [SPM:perf] 698a51a  buildSpan: 9770µs
I/flutter (21416): [spm] Performance monitoring completed for 698a51a
I/flutter (21416): setState 698a51a
I/flutter (21416): Null check operator used on a null value
I/flutter (21416): #0      _ReorderableListViewState._itemBuilder (package:flutter/src/material/reorderable_list.dart:380)
I/flutter (21416): #1      SliverReorderableListState._itemBuilder (package:flutter/src/widgets/reorderable_list.dart:1146)
I/flutter (21416): #2      SliverChildBuilderDelegate.build (package:flutter/src/widgets/scroll_delegate.dart:552)
I/flutter (21416): #3      SliverMultiBoxAdaptorElement._build (package:flutter/src/widgets/sliver.dart:1055)
I/flutter (21416): #4      SliverMultiBoxAdaptorElement.performRebuild.processElement (package:flutter/src/widgets/sliver.dart:981)
I/flutter (21416): #5      Iterable.forEach (dart:core/iterable.dart:366)
I/flutter (21416): #6      SliverMultiBoxAdaptorElement.performRebuild (package:flutter/src/widgets/sliver.dart:1032)
I/flutter (21416): #7      SliverMultiBoxAdaptorElement.update (package:flutter/src/widgets/sliver.dart:955)
I/flutter (21416): #8      Element.updateChild (package:flutter/src/widgets/framework.dart:4037)
I/flutter (21416): #9      ComponentElement.performRebuild (package:flutter/src/widgets/framework.dart:5841)
I/flutter (21416): #10     StatefulElement.performRebuild (package:flutter/src/widgets/framework.dart:5982)
I/flutter (21416): #11     Element.rebuild (package:flutter/src/widgets/framework.dart:5529)
I/flutter (21416): #12     StatefulElement.update (package:flutter/src/widgets/framework.dart:6007)
I/flutter (21416): #13     Element.updateChild (package:flutter/src/widgets/framework.dart:4037)
I/flutter (21416): #14     SingleChildRenderObjectElement.update (package:flutter/src/widgets/framework.dart:7122)
I/flutter (21416): #15     Element.updateChild (package:flutter/src/widgets/framework.dart:4037)
I/flutter (21416): #16     Element.updateChildren (package:flutter/src/widgets/framework.dart:4191)
I/flutter (21416): #17     MultiChildRenderObjectElement.update (package:flutter/src/widgets/framework.dart:7295)
I/flutter (21416): #18     _ViewportElement.update (package:flutter/src/widgets/viewport.dart:293)
I/flutter (21416): #19     Element.updateChild (package:flutter/src/widgets/framework.dart:4037)
I/flutter (21416): #20     SingleChildRenderObjectElement.update (package:flutter/src/widgets/framework.dart:7122)
I/flutter (21416): #21     Element.updateChild (package:flutter/src/widgets/framework.dart:4037)
I/flutter (21416): #22     SingleChildRenderObjectElement.update (package:flutter/src/widgets/framework.dart:7122)
I/flutter (21416): #23     Element.updateChild (package:flutter/src/widgets/framework.dart:4037)
I/flutter (21416): #24     SingleChildRenderObjectElement.update (package:flutter/src/widgets/framework.dart:7122)
I/flutter (21416): #25     Element.updateChild (package:flutter/src/widgets/framework.dart:4037)
I/flutter (21416): #26     SingleChildRenderObjectElement.update (package:flutter/src/widgets/framework.dart:7122)
I/flutter (21416): #27     Element.updateChild (package:flutter/src/widgets/framework.dart:4037)
I/flutter (21416): #28     ComponentElement.performRebuild (package:flutter/src/widgets/framework.dart:5841)
I/flutter (21416): #29     StatefulElement.performRebuild (package:flutter/src/widgets/framework.dart:5982)
I/flutter (21416): #30     Element.rebuild (package:flutter/src/widgets/framework.dart:5529)
I/flutter (21416): #31     StatefulElement.update (package:flutter/src/widgets/framework.dart:6007)
I/flutter (21416): #32     Element.updateChild (package:flutter/src/widgets/framework.dart:4037)
I/flutter (21416): #33     SingleChildRenderObjectElement.update (package:flutter/src/widgets/framework.dart:7122)
I/flutter (21416): #34     Element.updateChild (package:flutter/src/widgets/framework.dart:4037)
I/flutter (21416): #35     ComponentElement.performRebuild (package:flutter/src/widgets/framework.dart:5841)
I/flutter (21416): #36     Element.rebuild (package:flutter/src/widgets/framework.dart:5529)
I/flutter (21416): #37     ProxyElement.update (package:flutter/src/widgets/framework.dart:6149)
I/flutter (21416): #38     Element.updateChild (package:flutter/src/widgets/framework.dart:4037)
I/flutter (21416): #39     SingleChildRenderObjectElement.update (package:flutter/src/widgets/framework.dart:7122)
I/flutter (21416): #40     Element.updateChild (package:flutter/src/widgets/framework.dart:4037)
I/flutter (21416): #41     ComponentElement.performRebuild (package:flutter/src/widgets/framework.dart:5841)
I/flutter (21416): #42     Element.rebuild (package:flutter/src/widgets/framework.dart:5529)
I/flutter (21416): #43     ProxyElement.update (package:flutter/src/widgets/framework.dart:6149)
I/flutter (21416): #44     Element.updateChild (package:flutter/src/widgets/framework.dart:4037)
I/flutter (21416): #45     SingleChildRenderObjectElement.update (package:flutter/src/widgets/framework.dart:7122)
I/flutter (21416): #46     Element.updateChild (package:flutter/src/widgets/framework.dart:4037)
I/flutter (21416): #47     SingleChildRenderObjectElement.update (package:flutter/src/widgets/framework.dart:7122)
I/flutter (21416): #48     Element.updateChild (package:flutter/src/widgets/framework.dart:4037)
I/flutter (21416): #49     ComponentElement.performRebuild (package:flutter/src/widgets/framework.dart:5841)
I/flutter (21416): #50     StatefulElement.performRebuild (package:flutter/src/widgets/framework.dart:5982)
I/flutter (21416): #51     Element.rebuild (package:flutter/src/widgets/framework.dart:5529)
I/flutter (21416): #52     StatefulElement.update (package:flutter/src/widgets/framework.dart:6007)
I/flutter (21416): #53     Element.updateChild (package:flutter/src/widgets/framework.dart:4037)
I/flutter (21416): #54     ComponentElement.performRebuild (package:flutter/src/widgets/framework.dart:5841)
I/flutter (21416): #55     Element.rebuild (package:flutter/src/widgets/framework.dart:5529)
I/flutter (21416): #56     StatelessElement.update (package:flutter/src/widgets/framework.dart:5895)
I/flutter (21416): #57     Element.updateChild (package:flutter/src/widgets/framework.dart:4037)
I/flutter (21416): #58     SingleChildRenderObjectElement.update (package:flutter/src/widgets/framework.dart:7122)
I/flutter (21416): #59     Element.updateChild (package:flutter/src/widgets/framework.dart:4037)
I/flutter (21416): #60     ComponentElement.performRebuild (package:flutter/src/widgets/framework.dart:5841)
I/flutter (21416): #61     StatefulElement.performRebuild (package:flutter/src/widgets/framework.dart:5982)
I/flutter (21416): #62     Element.rebuild (package:flutter/src/widgets/framework.dart:5529)
I/flutter (21416): #63     StatefulElement.update (package:flutter/src/widgets/framework.dart:6007)
I/flutter (21416): #64     Element.updateChild (package:flutter/src/widgets/framework.dart:4037)
I/flutter (21416): #65     ComponentElement.performRebuild (package:flutter/src/widgets/framework.dart:5841)
I/flutter (21416): #66     Element.rebuild (package:flutter/src/widgets/framework.dart:5529)
I/flutter (21416): #67     ProxyElement.update (package:flutter/src/widgets/framework.dart:6149)
I/flutter (21416): #68     Element.updateChild (package:flutter/src/widgets/framework.dart:4037)
I/flutter (21416): #69     ComponentElement.performRebuild (package:flutter/src/widgets/framework.dart:5841)
I/flutter (21416): #70     StatefulElement.performRebuild (package:flutter/src/widgets/framework.dart:5982)
I/flutter (21416): #71     Element.rebuild (package:flutter/src/widgets/framework.dart:5529)
I/flutter (21416): #72     StatefulElement.update (package:flutter/src/widgets/framework.dart:6007)
I/flutter (21416): #73     Element.updateChild (package:flutter/src/widgets/framework.dart:4037)
I/flutter (21416): #74     ComponentElement.performRebuild (package:flutter/src/widgets/framework.dart:5841)
I/flutter (21416): #75     StatefulElement.performRebuild (package:flutter/src/widgets/framework.dart:5982)
I/flutter (21416): #76     Element.rebuild (package:flutter/src/widgets/framework.dart:5529)
I/flutter (21416): #77     StatefulElement.update (package:flutter/src/widgets/framework.dart:6007)
I/flutter (21416): #78     Element.updateChild (package:flutter/src/widgets/framework.dart:4037)
I/flutter (21416): #79     ComponentElement.performRebuild (package:flutter/src/widgets/framework.dart:5841)
I/flutter (21416): #80     Element.rebuild (package:flutter/src/widgets/framework.dart:5529)
I/flutter (21416): #81     ProxyElement.update (package:flutter/src/widgets/framework.dart:6149)
I/flutter (21416): #82     Element.updateChild (package:flutter/src/widgets/framework.dart:4037)
I/flutter (21416): #83     ComponentElement.performRebuild (package:flutter/src/widgets/framework.dart:5841)
I/flutter (21416): #84     Element.rebuild (package:flutter/src/widgets/framework.dart:5529)
I/flutter (21416): #85     StatelessElement.update (package:flutter/src/widgets/framework.dart:5895)
I/flutter (21416): #86     Element.updateChild (package:flutter/src/widgets/framework.dart:4037)
I/flutter (21416): #87     ComponentElement.performRebuild (package:flutter/src/widgets/framework.dart:5841)
I/flutter (21416): #88     StatefulElement.performRebuild (package:flutter/src/widgets/framework.dart:5982)
I/flutter (21416): #89     Element.rebuild (package:flutter/src/widgets/framework.dart:5529)
I/flutter (21416): #90     StatefulElement.update (package:flutter/src/widgets/framework.dart:6007)
I/flutter (21416): #91     Element.updateChild (package:flutter/src/widgets/framework.dart:4037)
I/flutter (21416): #92     ComponentElement.performRebuild (package:flutter/src/widgets/framework.dart:5841)
I/flutter (21416): #93     StatefulElement.performRebuild (package:flutter/src/widgets/framework.dart:5982)
I/flutter (21416): #94     Element.rebuild (package:flutter/src/widgets/framework.dart:5529)
I/flutter (21416): #95     BuildScope._tryRebuild (package:flutter/src/widgets/framework.dart:2750)
I/flutter (21416): #96     BuildScope._flushDirtyElements (package:flutter/src/widgets/framework.dart:2807)
I/flutter (21416): #97     BuildOwner.buildScope (package:flutter/src/widgets/framework.dart:3111)
I/flutter (21416): #98     WidgetsBinding.drawFrame (package:flutter/src/widgets/binding.dart:1571)
I/flutter (21416): #99     RendererBinding._handlePersistentFrameCallback (package:flutter/src/rendering/binding.dart:509)
[spm]: ProfilerData event received.
I/flutter (21416): [SPM:perf] 698a51a  buildSpan: 8442µs
I/flutter (21416): [spm] Performance monitoring completed for 698a51a
I/flutter (21416): setState 698a51a
I/flutter (21416): Null check operator used on a null value
I/flutter (21416): #0      _ReorderableListViewState._itemBuilder (package:flutter/src/material/reorderable_list.dart:380)
I/flutter (21416): #1      SliverReorderableListState._itemBuilder (package:flutter/src/widgets/reorderable_list.dart:1146)
I/flutter (21416): #2      SliverChildBuilderDelegate.build (package:flutter/src/widgets/scroll_delegate.dart:552)
I/flutter (21416): #3      SliverMultiBoxAdaptorElement._build (package:flutter/src/widgets/sliver.dart:1055)
I/flutter (21416): #4      SliverMultiBoxAdaptorElement.performRebuild.processElement (package:flutter/src/widgets/sliver.dart:981)
I/flutter (21416): #5      Iterable.forEach (dart:core/iterable.dart:366)
I/flutter (21416): #6      SliverMultiBoxAdaptorElement.performRebuild (package:flutter/src/widgets/sliver.dart:1032)
I/flutter (21416): #7      SliverMultiBoxAdaptorElement.update (package:flutter/src/widgets/sliver.dart:955)
I/flutter (21416): #8      Element.updateChild (package:flutter/src/widgets/framework.dart:4037)
I/flutter (21416): #9      ComponentElement.performRebuild (package:flutter/src/widgets/framework.dart:5841)
I/flutter (21416): #10     StatefulElement.performRebuild (package:flutter/src/widgets/framework.dart:5982)
I/flutter (21416): #11     Element.rebuild (package:flutter/src/widgets/framework.dart:5529)
I/flutter (21416): #12     StatefulElement.update (package:flutter/src/widgets/framework.dart:6007)
I/flutter (21416): #13     Element.updateChild (package:flutter/src/widgets/framework.dart:4037)
I/flutter (21416): #14     SingleChildRenderObjectElement.update (package:flutter/src/widgets/framework.dart:7122)
I/flutter (21416): #15     Element.updateChild (package:flutter/src/widgets/framework.dart:4037)
I/flutter (21416): #16     Element.updateChildren (package:flutter/src/widgets/framework.dart:4191)
I/flutter (21416): #17     MultiChildRenderObjectElement.update (package:flutter/src/widgets/framework.dart:7295)
I/flutter (21416): #18     _ViewportElement.update (package:flutter/src/widgets/viewport.dart:293)
I/flutter (21416): #19     Element.updateChild (package:flutter/src/widgets/framework.dart:4037)
I/flutter (21416): #20     SingleChildRenderObjectElement.update (package:flutter/src/widgets/framework.dart:7122)
I/flutter (21416): #21     Element.updateChild (package:flutter/src/widgets/framework.dart:4037)
I/flutter (21416): #22     SingleChildRenderObjectElement.update (package:flutter/src/widgets/framework.dart:7122)
I/flutter (21416): #23     Element.updateChild (package:flutter/src/widgets/framework.dart:4037)
I/flutter (21416): #24     SingleChildRenderObjectElement.update (package:flutter/src/widgets/framework.dart:7122)
I/flutter (21416): #25     Element.updateChild (package:flutter/src/widgets/framework.dart:4037)
I/flutter (21416): #26     SingleChildRenderObjectElement.update (package:flutter/src/widgets/framework.dart:7122)
I/flutter (21416): #27     Element.updateChild (package:flutter/src/widgets/framework.dart:4037)
I/flutter (21416): #28     ComponentElement.performRebuild (package:flutter/src/widgets/framework.dart:5841)
I/flutter (21416): #29     StatefulElement.performRebuild (package:flutter/src/widgets/framework.dart:5982)
I/flutter (21416): #30     Element.rebuild (package:flutter/src/widgets/framework.dart:5529)
I/flutter (21416): #31     StatefulElement.update (package:flutter/src/widgets/framework.dart:6007)
I/flutter (21416): #32     Element.updateChild (package:flutter/src/widgets/framework.dart:4037)
I/flutter (21416): #33     SingleChildRenderObjectElement.update (package:flutter/src/widgets/framework.dart:7122)
I/flutter (21416): #34     Element.updateChild (package:flutter/src/widgets/framework.dart:4037)
I/flutter (21416): #35     ComponentElement.performRebuild (package:flutter/src/widgets/framework.dart:5841)
I/flutter (21416): #36     Element.rebuild (package:flutter/src/widgets/framework.dart:5529)
I/flutter (21416): #37     ProxyElement.update (package:flutter/src/widgets/framework.dart:6149)
I/flutter (21416): #38     Element.updateChild (package:flutter/src/widgets/framework.dart:4037)
I/flutter (21416): #39     SingleChildRenderObjectElement.update (package:flutter/src/widgets/framework.dart:7122)
I/flutter (21416): #40     Element.updateChild (package:flutter/src/widgets/framework.dart:4037)
I/flutter (21416): #41     ComponentElement.performRebuild (package:flutter/src/widgets/framework.dart:5841)
I/flutter (21416): #42     Element.rebuild (package:flutter/src/widgets/framework.dart:5529)
I/flutter (21416): #43     ProxyElement.update (package:flutter/src/widgets/framework.dart:6149)
I/flutter (21416): #44     Element.updateChild (package:flutter/src/widgets/framework.dart:4037)
I/flutter (21416): #45     SingleChildRenderObjectElement.update (package:flutter/src/widgets/framework.dart:7122)
I/flutter (21416): #46     Element.updateChild (package:flutter/src/widgets/framework.dart:4037)
I/flutter (21416): #47     SingleChildRenderObjectElement.update (package:flutter/src/widgets/framework.dart:7122)
I/flutter (21416): #48     Element.updateChild (package:flutter/src/widgets/framework.dart:4037)
I/flutter (21416): #49     ComponentElement.performRebuild (package:flutter/src/widgets/framework.dart:5841)
I/flutter (21416): #50     StatefulElement.performRebuild (package:flutter/src/widgets/framework.dart:5982)
I/flutter (21416): #51     Element.rebuild (package:flutter/src/widgets/framework.dart:5529)
I/flutter (21416): #52     StatefulElement.update (package:flutter/src/widgets/framework.dart:6007)
I/flutter (21416): #53     Element.updateChild (package:flutter/src/widgets/framework.dart:4037)
I/flutter (21416): #54     ComponentElement.performRebuild (package:flutter/src/widgets/framework.dart:5841)
I/flutter (21416): #55     Element.rebuild (package:flutter/src/widgets/framework.dart:5529)
I/flutter (21416): #56     StatelessElement.update (package:flutter/src/widgets/framework.dart:5895)
I/flutter (21416): #57     Element.updateChild (package:flutter/src/widgets/framework.dart:4037)
I/flutter (21416): #58     SingleChildRenderObjectElement.update (package:flutter/src/widgets/framework.dart:7122)
I/flutter (21416): #59     Element.updateChild (package:flutter/src/widgets/framework.dart:4037)
I/flutter (21416): #60     ComponentElement.performRebuild (package:flutter/src/widgets/framework.dart:5841)
I/flutter (21416): #61     StatefulElement.performRebuild (package:flutter/src/widgets/framework.dart:5982)
I/flutter (21416): #62     Element.rebuild (package:flutter/src/widgets/framework.dart:5529)
I/flutter (21416): #63     StatefulElement.update (package:flutter/src/widgets/framework.dart:6007)
I/flutter (21416): #64     Element.updateChild (package:flutter/src/widgets/framework.dart:4037)
I/flutter (21416): #65     ComponentElement.performRebuild (package:flutter/src/widgets/framework.dart:5841)
I/flutter (21416): #66     Element.rebuild (package:flutter/src/widgets/framework.dart:5529)
I/flutter (21416): #67     ProxyElement.update (package:flutter/src/widgets/framework.dart:6149)
I/flutter (21416): #68     Element.updateChild (package:flutter/src/widgets/framework.dart:4037)
I/flutter (21416): #69     ComponentElement.performRebuild (package:flutter/src/widgets/framework.dart:5841)
I/flutter (21416): #70     StatefulElement.performRebuild (package:flutter/src/widgets/framework.dart:5982)
I/flutter (21416): #71     Element.rebuild (package:flutter/src/widgets/framework.dart:5529)
I/flutter (21416): #72     StatefulElement.update (package:flutter/src/widgets/framework.dart:6007)
I/flutter (21416): #73     Element.updateChild (package:flutter/src/widgets/framework.dart:4037)
I/flutter (21416): #74     ComponentElement.performRebuild (package:flutter/src/widgets/framework.dart:5841)
I/flutter (21416): #75     StatefulElement.performRebuild (package:flutter/src/widgets/framework.dart:5982)
I/flutter (21416): #76     Element.rebuild (package:flutter/src/widgets/framework.dart:5529)
I/flutter (21416): #77     StatefulElement.update (package:flutter/src/widgets/framework.dart:6007)
I/flutter (21416): #78     Element.updateChild (package:flutter/src/widgets/framework.dart:4037)
I/flutter (21416): #79     ComponentElement.performRebuild (package:flutter/src/widgets/framework.dart:5841)
I/flutter (21416): #80     Element.rebuild (package:flutter/src/widgets/framework.dart:5529)
I/flutter (21416): #81     ProxyElement.update (package:flutter/src/widgets/framework.dart:6149)
I/flutter (21416): #82     Element.updateChild (package:flutter/src/widgets/framework.dart:4037)
I/flutter (21416): #83     ComponentElement.performRebuild (package:flutter/src/widgets/framework.dart:5841)
I/flutter (21416): #84     Element.rebuild (package:flutter/src/widgets/framework.dart:5529)
I/flutter (21416): #85     StatelessElement.update (package:flutter/src/widgets/framework.dart:5895)
I/flutter (21416): #86     Element.updateChild (package:flutter/src/widgets/framework.dart:4037)
I/flutter (21416): #87     ComponentElement.performRebuild (package:flutter/src/widgets/framework.dart:5841)
I/flutter (21416): #88     StatefulElement.performRebuild (package:flutter/src/widgets/framework.dart:5982)
I/flutter (21416): #89     Element.rebuild (package:flutter/src/widgets/framework.dart:5529)
I/flutter (21416): #90     StatefulElement.update (package:flutter/src/widgets/framework.dart:6007)
I/flutter (21416): #91     Element.updateChild (package:flutter/src/widgets/framework.dart:4037)
I/flutter (21416): #92     ComponentElement.performRebuild (package:flutter/src/widgets/framework.dart:5841)
I/flutter (21416): #93     StatefulElement.performRebuild (package:flutter/src/widgets/framework.dart:5982)
I/flutter (21416): #94     Element.rebuild (package:flutter/src/widgets/framework.dart:5529)
I/flutter (21416): #95     BuildScope._tryRebuild (package:flutter/src/widgets/framework.dart:2750)
I/flutter (21416): #96     BuildScope._flushDirtyElements (package:flutter/src/widgets/framework.dart:2807)
I/flutter (21416): #97     BuildOwner.buildScope (package:flutter/src/widgets/framework.dart:3111)
I/flutter (21416): #98     WidgetsBinding.drawFrame (package:flutter/src/widgets/binding.dart:1571)
I/flutter (21416): #99     RendererBinding._handlePersistentFrameCallback (package:flutter/src/rendering/binding.dart:509)
[spm]: ProfilerData event received.
I/flutter (21416): [SPM:perf] 698a51a  buildSpan: 8564µs
I/flutter (21416): [spm] Performance monitoring completed for 698a51a
I/flutter (21416): setState 698a51a
I/flutter (21416): Null check operator used on a null value
I/flutter (21416): #0      _ReorderableListViewState._itemBuilder (package:flutter/src/material/reorderable_list.dart:380)
I/flutter (21416): #1      SliverReorderableListState._itemBuilder (package:flutter/src/widgets/reorderable_list.dart:1146)
I/flutter (21416): #2      SliverChildBuilderDelegate.build (package:flutter/src/widgets/scroll_delegate.dart:552)
I/flutter (21416): #3      SliverMultiBoxAdaptorElement._build (package:flutter/src/widgets/sliver.dart:1055)
I/flutter (21416): #4      SliverMultiBoxAdaptorElement.performRebuild.processElement (package:flutter/src/widgets/sliver.dart:981)
I/flutter (21416): #5      Iterable.forEach (dart:core/iterable.dart:366)
I/flutter (21416): #6      SliverMultiBoxAdaptorElement.performRebuild (package:flutter/src/widgets/sliver.dart:1032)
I/flutter (21416): #7      SliverMultiBoxAdaptorElement.update (package:flutter/src/widgets/sliver.dart:955)
I/flutter (21416): #8      Element.updateChild (package:flutter/src/widgets/framework.dart:4037)
I/flutter (21416): #9      ComponentElement.performRebuild (package:flutter/src/widgets/framework.dart:5841)
I/flutter (21416): #10     StatefulElement.performRebuild (package:flutter/src/widgets/framework.dart:5982)
I/flutter (21416): #11     Element.rebuild (package:flutter/src/widgets/framework.dart:5529)
I/flutter (21416): #12     StatefulElement.update (package:flutter/src/widgets/framework.dart:6007)
I/flutter (21416): #13     Element.updateChild (package:flutter/src/widgets/framework.dart:4037)
I/flutter (21416): #14     SingleChildRenderObjectElement.update (package:flutter/src/widgets/framework.dart:7122)
I/flutter (21416): #15     Element.updateChild (package:flutter/src/widgets/framework.dart:4037)
I/flutter (21416): #16     Element.updateChildren (package:flutter/src/widgets/framework.dart:4191)
I/flutter (21416): #17     MultiChildRenderObjectElement.update (package:flutter/src/widgets/framework.dart:7295)
I/flutter (21416): #18     _ViewportElement.update (package:flutter/src/widgets/viewport.dart:293)
I/flutter (21416): #19     Element.updateChild (package:flutter/src/widgets/framework.dart:4037)
I/flutter (21416): #20     SingleChildRenderObjectElement.update (package:flutter/src/widgets/framework.dart:7122)
I/flutter (21416): #21     Element.updateChild (package:flutter/src/widgets/framework.dart:4037)
I/flutter (21416): #22     SingleChildRenderObjectElement.update (package:flutter/src/widgets/framework.dart:7122)
I/flutter (21416): #23     Element.updateChild (package:flutter/src/widgets/framework.dart:4037)
I/flutter (21416): #24     SingleChildRenderObjectElement.update (package:flutter/src/widgets/framework.dart:7122)
I/flutter (21416): #25     Element.updateChild (package:flutter/src/widgets/framework.dart:4037)
I/flutter (21416): #26     SingleChildRenderObjectElement.update (package:flutter/src/widgets/framework.dart:7122)
I/flutter (21416): #27     Element.updateChild (package:flutter/src/widgets/framework.dart:4037)
I/flutter (21416): #28     ComponentElement.performRebuild (package:flutter/src/widgets/framework.dart:5841)
I/flutter (21416): #29     StatefulElement.performRebuild (package:flutter/src/widgets/framework.dart:5982)
I/flutter (21416): #30     Element.rebuild (package:flutter/src/widgets/framework.dart:5529)
I/flutter (21416): #31     StatefulElement.update (package:flutter/src/widgets/framework.dart:6007)
I/flutter (21416): #32     Element.updateChild (package:flutter/src/widgets/framework.dart:4037)
I/flutter (21416): #33     SingleChildRenderObjectElement.update (package:flutter/src/widgets/framework.dart:7122)
I/flutter (21416): #34     Element.updateChild (package:flutter/src/widgets/framework.dart:4037)
I/flutter (21416): #35     ComponentElement.performRebuild (package:flutter/src/widgets/framework.dart:5841)
I/flutter (21416): #36     Element.rebuild (package:flutter/src/widgets/framework.dart:5529)
I/flutter (21416): #37     ProxyElement.update (package:flutter/src/widgets/framework.dart:6149)
I/flutter (21416): #38     Element.updateChild (package:flutter/src/widgets/framework.dart:4037)
I/flutter (21416): #39     SingleChildRenderObjectElement.update (package:flutter/src/widgets/framework.dart:7122)
I/flutter (21416): #40     Element.updateChild (package:flutter/src/widgets/framework.dart:4037)
I/flutter (21416): #41     ComponentElement.performRebuild (package:flutter/src/widgets/framework.dart:5841)
I/flutter (21416): #42     Element.rebuild (package:flutter/src/widgets/framework.dart:5529)
I/flutter (21416): #43     ProxyElement.update (package:flutter/src/widgets/framework.dart:6149)
I/flutter (21416): #44     Element.updateChild (package:flutter/src/widgets/framework.dart:4037)
I/flutter (21416): #45     SingleChildRenderObjectElement.update (package:flutter/src/widgets/framework.dart:7122)
I/flutter (21416): #46     Element.updateChild (package:flutter/src/widgets/framework.dart:4037)
I/flutter (21416): #47     SingleChildRenderObjectElement.update (package:flutter/src/widgets/framework.dart:7122)
I/flutter (21416): #48     Element.updateChild (package:flutter/src/widgets/framework.dart:4037)
I/flutter (21416): #49     ComponentElement.performRebuild (package:flutter/src/widgets/framework.dart:5841)
I/flutter (21416): #50     StatefulElement.performRebuild (package:flutter/src/widgets/framework.dart:5982)
I/flutter (21416): #51     Element.rebuild (package:flutter/src/widgets/framework.dart:5529)
I/flutter (21416): #52     StatefulElement.update (package:flutter/src/widgets/framework.dart:6007)
I/flutter (21416): #53     Element.updateChild (package:flutter/src/widgets/framework.dart:4037)
I/flutter (21416): #54     ComponentElement.performRebuild (package:flutter/src/widgets/framework.dart:5841)
I/flutter (21416): #55     Element.rebuild (package:flutter/src/widgets/framework.dart:5529)
I/flutter (21416): #56     StatelessElement.update (package:flutter/src/widgets/framework.dart:5895)
I/flutter (21416): #57     Element.updateChild (package:flutter/src/widgets/framework.dart:4037)
I/flutter (21416): #58     SingleChildRenderObjectElement.update (package:flutter/src/widgets/framework.dart:7122)
I/flutter (21416): #59     Element.updateChild (package:flutter/src/widgets/framework.dart:4037)
I/flutter (21416): #60     ComponentElement.performRebuild (package:flutter/src/widgets/framework.dart:5841)
I/flutter (21416): #61     StatefulElement.performRebuild (package:flutter/src/widgets/framework.dart:5982)
I/flutter (21416): #62     Element.rebuild (package:flutter/src/widgets/framework.dart:5529)
I/flutter (21416): #63     StatefulElement.update (package:flutter/src/widgets/framework.dart:6007)
I/flutter (21416): #64     Element.updateChild (package:flutter/src/widgets/framework.dart:4037)
I/flutter (21416): #65     ComponentElement.performRebuild (package:flutter/src/widgets/framework.dart:5841)
I/flutter (21416): #66     Element.rebuild (package:flutter/src/widgets/framework.dart:5529)
I/flutter (21416): #67     ProxyElement.update (package:flutter/src/widgets/framework.dart:6149)
I/flutter (21416): #68     Element.updateChild (package:flutter/src/widgets/framework.dart:4037)
I/flutter (21416): #69     ComponentElement.performRebuild (package:flutter/src/widgets/framework.dart:5841)
I/flutter (21416): #70     StatefulElement.performRebuild (package:flutter/src/widgets/framework.dart:5982)
I/flutter (21416): #71     Element.rebuild (package:flutter/src/widgets/framework.dart:5529)
I/flutter (21416): #72     StatefulElement.update (package:flutter/src/widgets/framework.dart:6007)
I/flutter (21416): #73     Element.updateChild (package:flutter/src/widgets/framework.dart:4037)
I/flutter (21416): #74     ComponentElement.performRebuild (package:flutter/src/widgets/framework.dart:5841)
I/flutter (21416): #75     StatefulElement.performRebuild (package:flutter/src/widgets/framework.dart:5982)
I/flutter (21416): #76     Element.rebuild (package:flutter/src/widgets/framework.dart:5529)
I/flutter (21416): #77     StatefulElement.update (package:flutter/src/widgets/framework.dart:6007)
I/flutter (21416): #78     Element.updateChild (package:flutter/src/widgets/framework.dart:4037)
I/flutter (21416): #79     ComponentElement.performRebuild (package:flutter/src/widgets/framework.dart:5841)
I/flutter (21416): #80     Element.rebuild (package:flutter/src/widgets/framework.dart:5529)
I/flutter (21416): #81     ProxyElement.update (package:flutter/src/widgets/framework.dart:6149)
I/flutter (21416): #82     Element.updateChild (package:flutter/src/widgets/framework.dart:4037)
I/flutter (21416): #83     ComponentElement.performRebuild (package:flutter/src/widgets/framework.dart:5841)
I/flutter (21416): #84     Element.rebuild (package:flutter/src/widgets/framework.dart:5529)
I/flutter (21416): #85     StatelessElement.update (package:flutter/src/widgets/framework.dart:5895)
I/flutter (21416): #86     Element.updateChild (package:flutter/src/widgets/framework.dart:4037)
I/flutter (21416): #87     ComponentElement.performRebuild (package:flutter/src/widgets/framework.dart:5841)
I/flutter (21416): #88     StatefulElement.performRebuild (package:flutter/src/widgets/framework.dart:5982)
I/flutter (21416): #89     Element.rebuild (package:flutter/src/widgets/framework.dart:5529)
I/flutter (21416): #90     StatefulElement.update (package:flutter/src/widgets/framework.dart:6007)
I/flutter (21416): #91     Element.updateChild (package:flutter/src/widgets/framework.dart:4037)
I/flutter (21416): #92     ComponentElement.performRebuild (package:flutter/src/widgets/framework.dart:5841)
I/flutter (21416): #93     StatefulElement.performRebuild (package:flutter/src/widgets/framework.dart:5982)
I/flutter (21416): #94     Element.rebuild (package:flutter/src/widgets/framework.dart:5529)
I/flutter (21416): #95     BuildScope._tryRebuild (package:flutter/src/widgets/framework.dart:2750)
I/flutter (21416): #96     BuildScope._flushDirtyElements (package:flutter/src/widgets/framework.dart:2807)
I/flutter (21416): #97     BuildOwner.buildScope (package:flutter/src/widgets/framework.dart:3111)
I/flutter (21416): #98     WidgetsBinding.drawFrame (package:flutter/src/widgets/binding.dart:1571)
I/flutter (21416): #99     RendererBinding._handlePersistentFrameCallback (package:flutter/src/rendering/binding.dart:509)
[spm]: ProfilerData event received.
I/flutter (21416): [SPM:perf] 698a51a  buildSpan: 8371µs
I/flutter (21416): [spm] Performance monitoring completed for 698a51a
I/flutter (21416): setState 698a51a
I/flutter (21416): Null check operator used on a null value
I/flutter (21416): #0      _ReorderableListViewState._itemBuilder (package:flutter/src/material/reorderable_list.dart:380)
I/flutter (21416): #1      SliverReorderableListState._itemBuilder (package:flutter/src/widgets/reorderable_list.dart:1146)
I/flutter (21416): #2      SliverChildBuilderDelegate.build (package:flutter/src/widgets/scroll_delegate.dart:552)
I/flutter (21416): #3      SliverMultiBoxAdaptorElement._build (package:flutter/src/widgets/sliver.dart:1055)
I/flutter (21416): #4      SliverMultiBoxAdaptorElement.performRebuild.processElement (package:flutter/src/widgets/sliver.dart:981)
I/flutter (21416): #5      Iterable.forEach (dart:core/iterable.dart:366)
I/flutter (21416): #6      SliverMultiBoxAdaptorElement.performRebuild (package:flutter/src/widgets/sliver.dart:1032)
I/flutter (21416): #7      SliverMultiBoxAdaptorElement.update (package:flutter/src/widgets/sliver.dart:955)
I/flutter (21416): #8      Element.updateChild (package:flutter/src/widgets/framework.dart:4037)
I/flutter (21416): #9      ComponentElement.performRebuild (package:flutter/src/widgets/framework.dart:5841)
I/flutter (21416): #10     StatefulElement.performRebuild (package:flutter/src/widgets/framework.dart:5982)
I/flutter (21416): #11     Element.rebuild (package:flutter/src/widgets/framework.dart:5529)
I/flutter (21416): #12     StatefulElement.update (package:flutter/src/widgets/framework.dart:6007)
I/flutter (21416): #13     Element.updateChild (package:flutter/src/widgets/framework.dart:4037)
I/flutter (21416): #14     SingleChildRenderObjectElement.update (package:flutter/src/widgets/framework.dart:7122)
I/flutter (21416): #15     Element.updateChild (package:flutter/src/widgets/framework.dart:4037)
I/flutter (21416): #16     Element.updateChildren (package:flutter/src/widgets/framework.dart:4191)
I/flutter (21416): #17     MultiChildRenderObjectElement.update (package:flutter/src/widgets/framework.dart:7295)
I/flutter (21416): #18     _ViewportElement.update (package:flutter/src/widgets/viewport.dart:293)
I/flutter (21416): #19     Element.updateChild (package:flutter/src/widgets/framework.dart:4037)
I/flutter (21416): #20     SingleChildRenderObjectElement.update (package:flutter/src/widgets/framework.dart:7122)
I/flutter (21416): #21     Element.updateChild (package:flutter/src/widgets/framework.dart:4037)
I/flutter (21416): #22     SingleChildRenderObjectElement.update (package:flutter/src/widgets/framework.dart:7122)
I/flutter (21416): #23     Element.updateChild (package:flutter/src/widgets/framework.dart:4037)
I/flutter (21416): #24     SingleChildRenderObjectElement.update (package:flutter/src/widgets/framework.dart:7122)
I/flutter (21416): #25     Element.updateChild (package:flutter/src/widgets/framework.dart:4037)
I/flutter (21416): #26     SingleChildRenderObjectElement.update (package:flutter/src/widgets/framework.dart:7122)
I/flutter (21416): #27     Element.updateChild (package:flutter/src/widgets/framework.dart:4037)
I/flutter (21416): #28     ComponentElement.performRebuild (package:flutter/src/widgets/framework.dart:5841)
I/flutter (21416): #29     StatefulElement.performRebuild (package:flutter/src/widgets/framework.dart:5982)
I/flutter (21416): #30     Element.rebuild (package:flutter/src/widgets/framework.dart:5529)
I/flutter (21416): #31     StatefulElement.update (package:flutter/src/widgets/framework.dart:6007)
I/flutter (21416): #32     Element.updateChild (package:flutter/src/widgets/framework.dart:4037)
I/flutter (21416): #33     SingleChildRenderObjectElement.update (package:flutter/src/widgets/framework.dart:7122)
I/flutter (21416): #34     Element.updateChild (package:flutter/src/widgets/framework.dart:4037)
I/flutter (21416): #35     ComponentElement.performRebuild (package:flutter/src/widgets/framework.dart:5841)
I/flutter (21416): #36     Element.rebuild (package:flutter/src/widgets/framework.dart:5529)
I/flutter (21416): #37     ProxyElement.update (package:flutter/src/widgets/framework.dart:6149)
I/flutter (21416): #38     Element.updateChild (package:flutter/src/widgets/framework.dart:4037)
I/flutter (21416): #39     SingleChildRenderObjectElement.update (package:flutter/src/widgets/framework.dart:7122)
I/flutter (21416): #40     Element.updateChild (package:flutter/src/widgets/framework.dart:4037)
I/flutter (21416): #41     ComponentElement.performRebuild (package:flutter/src/widgets/framework.dart:5841)
I/flutter (21416): #42     Element.rebuild (package:flutter/src/widgets/framework.dart:5529)
I/flutter (21416): #43     ProxyElement.update (package:flutter/src/widgets/framework.dart:6149)
I/flutter (21416): #44     Element.updateChild (package:flutter/src/widgets/framework.dart:4037)
I/flutter (21416): #45     SingleChildRenderObjectElement.update (package:flutter/src/widgets/framework.dart:7122)
I/flutter (21416): #46     Element.updateChild (package:flutter/src/widgets/framework.dart:4037)
I/flutter (21416): #47     SingleChildRenderObjectElement.update (package:flutter/src/widgets/framework.dart:7122)
I/flutter (21416): #48     Element.updateChild (package:flutter/src/widgets/framework.dart:4037)
I/flutter (21416): #49     ComponentElement.performRebuild (package:flutter/src/widgets/framework.dart:5841)
I/flutter (21416): #50     StatefulElement.performRebuild (package:flutter/src/widgets/framework.dart:5982)
I/flutter (21416): #51     Element.rebuild (package:flutter/src/widgets/framework.dart:5529)
I/flutter (21416): #52     StatefulElement.update (package:flutter/src/widgets/framework.dart:6007)
I/flutter (21416): #53     Element.updateChild (package:flutter/src/widgets/framework.dart:4037)
I/flutter (21416): #54     ComponentElement.performRebuild (package:flutter/src/widgets/framework.dart:5841)
I/flutter (21416): #55     Element.rebuild (package:flutter/src/widgets/framework.dart:5529)
I/flutter (21416): #56     StatelessElement.update (package:flutter/src/widgets/framework.dart:5895)
I/flutter (21416): #57     Element.updateChild (package:flutter/src/widgets/framework.dart:4037)
I/flutter (21416): #58     SingleChildRenderObjectElement.update (package:flutter/src/widgets/framework.dart:7122)
I/flutter (21416): #59     Element.updateChild (package:flutter/src/widgets/framework.dart:4037)
I/flutter (21416): #60     ComponentElement.performRebuild (package:flutter/src/widgets/framework.dart:5841)
I/flutter (21416): #61     StatefulElement.performRebuild (package:flutter/src/widgets/framework.dart:5982)
I/flutter (21416): #62     Element.rebuild (package:flutter/src/widgets/framework.dart:5529)
I/flutter (21416): #63     StatefulElement.update (package:flutter/src/widgets/framework.dart:6007)
I/flutter (21416): #64     Element.updateChild (package:flutter/src/widgets/framework.dart:4037)
I/flutter (21416): #65     ComponentElement.performRebuild (package:flutter/src/widgets/framework.dart:5841)
I/flutter (21416): #66     Element.rebuild (package:flutter/src/widgets/framework.dart:5529)
I/flutter (21416): #67     ProxyElement.update (package:flutter/src/widgets/framework.dart:6149)
I/flutter (21416): #68     Element.updateChild (package:flutter/src/widgets/framework.dart:4037)
I/flutter (21416): #69     ComponentElement.performRebuild (package:flutter/src/widgets/framework.dart:5841)
I/flutter (21416): #70     StatefulElement.performRebuild (package:flutter/src/widgets/framework.dart:5982)
I/flutter (21416): #71     Element.rebuild (package:flutter/src/widgets/framework.dart:5529)
I/flutter (21416): #72     StatefulElement.update (package:flutter/src/widgets/framework.dart:6007)
I/flutter (21416): #73     Element.updateChild (package:flutter/src/widgets/framework.dart:4037)
I/flutter (21416): #74     ComponentElement.performRebuild (package:flutter/src/widgets/framework.dart:5841)
I/flutter (21416): #75     StatefulElement.performRebuild (package:flutter/src/widgets/framework.dart:5982)
I/flutter (21416): #76     Element.rebuild (package:flutter/src/widgets/framework.dart:5529)
I/flutter (21416): #77     StatefulElement.update (package:flutter/src/widgets/framework.dart:6007)
I/flutter (21416): #78     Element.updateChild (package:flutter/src/widgets/framework.dart:4037)
I/flutter (21416): #79     ComponentElement.performRebuild (package:flutter/src/widgets/framework.dart:5841)
I/flutter (21416): #80     Element.rebuild (package:flutter/src/widgets/framework.dart:5529)
I/flutter (21416): #81     ProxyElement.update (package:flutter/src/widgets/framework.dart:6149)
I/flutter (21416): #82     Element.updateChild (package:flutter/src/widgets/framework.dart:4037)
I/flutter (21416): #83     ComponentElement.performRebuild (package:flutter/src/widgets/framework.dart:5841)
I/flutter (21416): #84     Element.rebuild (package:flutter/src/widgets/framework.dart:5529)
I/flutter (21416): #85     StatelessElement.update (package:flutter/src/widgets/framework.dart:5895)
I/flutter (21416): #86     Element.updateChild (package:flutter/src/widgets/framework.dart:4037)
I/flutter (21416): #87     ComponentElement.performRebuild (package:flutter/src/widgets/framework.dart:5841)
I/flutter (21416): #88     StatefulElement.performRebuild (package:flutter/src/widgets/framework.dart:5982)
I/flutter (21416): #89     Element.rebuild (package:flutter/src/widgets/framework.dart:5529)
I/flutter (21416): #90     StatefulElement.update (package:flutter/src/widgets/framework.dart:6007)
I/flutter (21416): #91     Element.updateChild (package:flutter/src/widgets/framework.dart:4037)
I/flutter (21416): #92     ComponentElement.performRebuild (package:flutter/src/widgets/framework.dart:5841)
I/flutter (21416): #93     StatefulElement.performRebuild (package:flutter/src/widgets/framework.dart:5982)
I/flutter (21416): #94     Element.rebuild (package:flutter/src/widgets/framework.dart:5529)
I/flutter (21416): #95     BuildScope._tryRebuild (package:flutter/src/widgets/framework.dart:2750)
I/flutter (21416): #96     BuildScope._flushDirtyElements (package:flutter/src/widgets/framework.dart:2807)
I/flutter (21416): #97     BuildOwner.buildScope (package:flutter/src/widgets/framework.dart:3111)
I/flutter (21416): #98     WidgetsBinding.drawFrame (package:flutter/src/widgets/binding.dart:1571)
I/flutter (21416): #99     RendererBinding._handlePersistentFrameCallback (package:flutter/src/rendering/binding.dart:509)
I/flutter (21416): [SPM:perf] 698a51a  buildSpan: 8736µs
I/flutter (21416): [spm] Performance monitoring completed for 698a51a
I/flutter (21416): setState 698a51a
[spm]: ProfilerData event received.
I/flutter (21416): Null check operator used on a null value
I/flutter (21416): #0      _ReorderableListViewState._itemBuilder (package:flutter/src/material/reorderable_list.dart:380)
I/flutter (21416): #1      SliverReorderableListState._itemBuilder (package:flutter/src/widgets/reorderable_list.dart:1146)
I/flutter (21416): #2      SliverChildBuilderDelegate.build (package:flutter/src/widgets/scroll_delegate.dart:552)
I/flutter (21416): #3      SliverMultiBoxAdaptorElement._build (package:flutter/src/widgets/sliver.dart:1055)
I/flutter (21416): #4      SliverMultiBoxAdaptorElement.performRebuild.processElement (package:flutter/src/widgets/sliver.dart:981)
I/flutter (21416): #5      Iterable.forEach (dart:core/iterable.dart:366)
I/flutter (21416): #6      SliverMultiBoxAdaptorElement.performRebuild (package:flutter/src/widgets/sliver.dart:1032)
I/flutter (21416): #7      SliverMultiBoxAdaptorElement.update (package:flutter/src/widgets/sliver.dart:955)
I/flutter (21416): #8      Element.updateChild (package:flutter/src/widgets/framework.dart:4037)
I/flutter (21416): #9      ComponentElement.performRebuild (package:flutter/src/widgets/framework.dart:5841)
I/flutter (21416): #10     StatefulElement.performRebuild (package:flutter/src/widgets/framework.dart:5982)
I/flutter (21416): #11     Element.rebuild (package:flutter/src/widgets/framework.dart:5529)
I/flutter (21416): #12     StatefulElement.update (package:flutter/src/widgets/framework.dart:6007)
I/flutter (21416): #13     Element.updateChild (package:flutter/src/widgets/framework.dart:4037)
I/flutter (21416): #14     SingleChildRenderObjectElement.update (package:flutter/src/widgets/framework.dart:7122)
I/flutter (21416): #15     Element.updateChild (package:flutter/src/widgets/framework.dart:4037)
I/flutter (21416): #16     Element.updateChildren (package:flutter/src/widgets/framework.dart:4191)
I/flutter (21416): #17     MultiChildRenderObjectElement.update (package:flutter/src/widgets/framework.dart:7295)
I/flutter (21416): #18     _ViewportElement.update (package:flutter/src/widgets/viewport.dart:293)
I/flutter (21416): #19     Element.updateChild (package:flutter/src/widgets/framework.dart:4037)
I/flutter (21416): #20     SingleChildRenderObjectElement.update (package:flutter/src/widgets/framework.dart:7122)
I/flutter (21416): #21     Element.updateChild (package:flutter/src/widgets/framework.dart:4037)
I/flutter (21416): #22     SingleChildRenderObjectElement.update (package:flutter/src/widgets/framework.dart:7122)
I/flutter (21416): #23     Element.updateChild (package:flutter/src/widgets/framework.dart:4037)
I/flutter (21416): #24     SingleChildRenderObjectElement.update (package:flutter/src/widgets/framework.dart:7122)
I/flutter (21416): #25     Element.updateChild (package:flutter/src/widgets/framework.dart:4037)
I/flutter (21416): #26     SingleChildRenderObjectElement.update (package:flutter/src/widgets/framework.dart:7122)
I/flutter (21416): #27     Element.updateChild (package:flutter/src/widgets/framework.dart:4037)
I/flutter (21416): #28     ComponentElement.performRebuild (package:flutter/src/widgets/framework.dart:5841)
I/flutter (21416): #29     StatefulElement.performRebuild (package:flutter/src/widgets/framework.dart:5982)
I/flutter (21416): #30     Element.rebuild (package:flutter/src/widgets/framework.dart:5529)
I/flutter (21416): #31     StatefulElement.update (package:flutter/src/widgets/framework.dart:6007)
I/flutter (21416): #32     Element.updateChild (package:flutter/src/widgets/framework.dart:4037)
I/flutter (21416): #33     SingleChildRenderObjectElement.update (package:flutter/src/widgets/framework.dart:7122)
I/flutter (21416): #34     Element.updateChild (package:flutter/src/widgets/framework.dart:4037)
I/flutter (21416): #35     ComponentElement.performRebuild (package:flutter/src/widgets/framework.dart:5841)
I/flutter (21416): #36     Element.rebuild (package:flutter/src/widgets/framework.dart:5529)
I/flutter (21416): #37     ProxyElement.update (package:flutter/src/widgets/framework.dart:6149)
I/flutter (21416): #38     Element.updateChild (package:flutter/src/widgets/framework.dart:4037)
I/flutter (21416): #39     SingleChildRenderObjectElement.update (package:flutter/src/widgets/framework.dart:7122)
I/flutter (21416): #40     Element.updateChild (package:flutter/src/widgets/framework.dart:4037)
I/flutter (21416): #41     ComponentElement.performRebuild (package:flutter/src/widgets/framework.dart:5841)
I/flutter (21416): #42     Element.rebuild (package:flutter/src/widgets/framework.dart:5529)
I/flutter (21416): #43     ProxyElement.update (package:flutter/src/widgets/framework.dart:6149)
I/flutter (21416): #44     Element.updateChild (package:flutter/src/widgets/framework.dart:4037)
I/flutter (21416): #45     SingleChildRenderObjectElement.update (package:flutter/src/widgets/framework.dart:7122)
I/flutter (21416): #46     Element.updateChild (package:flutter/src/widgets/framework.dart:4037)
I/flutter (21416): #47     SingleChildRenderObjectElement.update (package:flutter/src/widgets/framework.dart:7122)
I/flutter (21416): #48     Element.updateChild (package:flutter/src/widgets/framework.dart:4037)
I/flutter (21416): #49     ComponentElement.performRebuild (package:flutter/src/widgets/framework.dart:5841)
I/flutter (21416): #50     StatefulElement.performRebuild (package:flutter/src/widgets/framework.dart:5982)
I/flutter (21416): #51     Element.rebuild (package:flutter/src/widgets/framework.dart:5529)
I/flutter (21416): #52     StatefulElement.update (package:flutter/src/widgets/framework.dart:6007)
I/flutter (21416): #53     Element.updateChild (package:flutter/src/widgets/framework.dart:4037)
I/flutter (21416): #54     ComponentElement.performRebuild (package:flutter/src/widgets/framework.dart:5841)
I/flutter (21416): #55     Element.rebuild (package:flutter/src/widgets/framework.dart:5529)
I/flutter (21416): #56     StatelessElement.update (package:flutter/src/widgets/framework.dart:5895)
I/flutter (21416): #57     Element.updateChild (package:flutter/src/widgets/framework.dart:4037)
I/flutter (21416): #58     SingleChildRenderObjectElement.update (package:flutter/src/widgets/framework.dart:7122)
I/flutter (21416): #59     Element.updateChild (package:flutter/src/widgets/framework.dart:4037)
I/flutter (21416): #60     ComponentElement.performRebuild (package:flutter/src/widgets/framework.dart:5841)
I/flutter (21416): #61     StatefulElement.performRebuild (package:flutter/src/widgets/framework.dart:5982)
I/flutter (21416): #62     Element.rebuild (package:flutter/src/widgets/framework.dart:5529)
I/flutter (21416): #63     StatefulElement.update (package:flutter/src/widgets/framework.dart:6007)
I/flutter (21416): #64     Element.updateChild (package:flutter/src/widgets/framework.dart:4037)
I/flutter (21416): #65     ComponentElement.performRebuild (package:flutter/src/widgets/framework.dart:5841)
I/flutter (21416): #66     Element.rebuild (package:flutter/src/widgets/framework.dart:5529)
I/flutter (21416): #67     ProxyElement.update (package:flutter/src/widgets/framework.dart:6149)
I/flutter (21416): #68     Element.updateChild (package:flutter/src/widgets/framework.dart:4037)
I/flutter (21416): #69     ComponentElement.performRebuild (package:flutter/src/widgets/framework.dart:5841)
I/flutter (21416): #70     StatefulElement.performRebuild (package:flutter/src/widgets/framework.dart:5982)
I/flutter (21416): #71     Element.rebuild (package:flutter/src/widgets/framework.dart:5529)
I/flutter (21416): #72     StatefulElement.update (package:flutter/src/widgets/framework.dart:6007)
I/flutter (21416): #73     Element.updateChild (package:flutter/src/widgets/framework.dart:4037)
I/flutter (21416): #74     ComponentElement.performRebuild (package:flutter/src/widgets/framework.dart:5841)
I/flutter (21416): #75     StatefulElement.performRebuild (package:flutter/src/widgets/framework.dart:5982)
I/flutter (21416): #76     Element.rebuild (package:flutter/src/widgets/framework.dart:5529)
I/flutter (21416): #77     StatefulElement.update (package:flutter/src/widgets/framework.dart:6007)
I/flutter (21416): #78     Element.updateChild (package:flutter/src/widgets/framework.dart:4037)
I/flutter (21416): #79     ComponentElement.performRebuild (package:flutter/src/widgets/framework.dart:5841)
I/flutter (21416): #80     Element.rebuild (package:flutter/src/widgets/framework.dart:5529)
I/flutter (21416): #81     ProxyElement.update (package:flutter/src/widgets/framework.dart:6149)
I/flutter (21416): #82     Element.updateChild (package:flutter/src/widgets/framework.dart:4037)
I/flutter (21416): #83     ComponentElement.performRebuild (package:flutter/src/widgets/framework.dart:5841)
I/flutter (21416): #84     Element.rebuild (package:flutter/src/widgets/framework.dart:5529)
I/flutter (21416): #85     StatelessElement.update (package:flutter/src/widgets/framework.dart:5895)
I/flutter (21416): #86     Element.updateChild (package:flutter/src/widgets/framework.dart:4037)
I/flutter (21416): #87     ComponentElement.performRebuild (package:flutter/src/widgets/framework.dart:5841)
I/flutter (21416): #88     StatefulElement.performRebuild (package:flutter/src/widgets/framework.dart:5982)
I/flutter (21416): #89     Element.rebuild (package:flutter/src/widgets/framework.dart:5529)
I/flutter (21416): #90     StatefulElement.update (package:flutter/src/widgets/framework.dart:6007)
I/flutter (21416): #91     Element.updateChild (package:flutter/src/widgets/framework.dart:4037)
I/flutter (21416): #92     ComponentElement.performRebuild (package:flutter/src/widgets/framework.dart:5841)
I/flutter (21416): #93     StatefulElement.performRebuild (package:flutter/src/widgets/framework.dart:5982)
I/flutter (21416): #94     Element.rebuild (package:flutter/src/widgets/framework.dart:5529)
I/flutter (21416): #95     BuildScope._tryRebuild (package:flutter/src/widgets/framework.dart:2750)
I/flutter (21416): #96     BuildScope._flushDirtyElements (package:flutter/src/widgets/framework.dart:2807)
I/flutter (21416): #97     BuildOwner.buildScope (package:flutter/src/widgets/framework.dart:3111)
I/flutter (21416): #98     WidgetsBinding.drawFrame (package:flutter/src/widgets/binding.dart:1571)
I/flutter (21416): #99     RendererBinding._handlePersistentFrameCallback (package:flutter/src/rendering/binding.dart:509)
[spm]: ProfilerData event received.
I/flutter (21416): [SPM:perf] 698a51a  buildSpan: 8510µs
I/flutter (21416): [spm] Performance monitoring completed for 698a51a
I/flutter (21416): setState 698a51a
I/flutter (21416): Null check operator used on a null value
I/flutter (21416): #0      _ReorderableListViewState._itemBuilder (package:flutter/src/material/reorderable_list.dart:380)
I/flutter (21416): #1      SliverReorderableListState._itemBuilder (package:flutter/src/widgets/reorderable_list.dart:1146)
I/flutter (21416): #2      SliverChildBuilderDelegate.build (package:flutter/src/widgets/scroll_delegate.dart:552)
I/flutter (21416): #3      SliverMultiBoxAdaptorElement._build (package:flutter/src/widgets/sliver.dart:1055)
I/flutter (21416): #4      SliverMultiBoxAdaptorElement.performRebuild.processElement (package:flutter/src/widgets/sliver.dart:981)
I/flutter (21416): #5      Iterable.forEach (dart:core/iterable.dart:366)
I/flutter (21416): #6      SliverMultiBoxAdaptorElement.performRebuild (package:flutter/src/widgets/sliver.dart:1032)
I/flutter (21416): #7      SliverMultiBoxAdaptorElement.update (package:flutter/src/widgets/sliver.dart:955)
I/flutter (21416): #8      Element.updateChild (package:flutter/src/widgets/framework.dart:4037)
I/flutter (21416): #9      ComponentElement.performRebuild (package:flutter/src/widgets/framework.dart:5841)
I/flutter (21416): #10     StatefulElement.performRebuild (package:flutter/src/widgets/framework.dart:5982)
I/flutter (21416): #11     Element.rebuild (package:flutter/src/widgets/framework.dart:5529)
I/flutter (21416): #12     StatefulElement.update (package:flutter/src/widgets/framework.dart:6007)
I/flutter (21416): #13     Element.updateChild (package:flutter/src/widgets/framework.dart:4037)
I/flutter (21416): #14     SingleChildRenderObjectElement.update (package:flutter/src/widgets/framework.dart:7122)
I/flutter (21416): #15     Element.updateChild (package:flutter/src/widgets/framework.dart:4037)
I/flutter (21416): #16     Element.updateChildren (package:flutter/src/widgets/framework.dart:4191)
I/flutter (21416): #17     MultiChildRenderObjectElement.update (package:flutter/src/widgets/framework.dart:7295)
I/flutter (21416): #18     _ViewportElement.update (package:flutter/src/widgets/viewport.dart:293)
I/flutter (21416): #19     Element.updateChild (package:flutter/src/widgets/framework.dart:4037)
I/flutter (21416): #20     SingleChildRenderObjectElement.update (package:flutter/src/widgets/framework.dart:7122)
I/flutter (21416): #21     Element.updateChild (package:flutter/src/widgets/framework.dart:4037)
I/flutter (21416): #22     SingleChildRenderObjectElement.update (package:flutter/src/widgets/framework.dart:7122)
I/flutter (21416): #23     Element.updateChild (package:flutter/src/widgets/framework.dart:4037)
I/flutter (21416): #24     SingleChildRenderObjectElement.update (package:flutter/src/widgets/framework.dart:7122)
I/flutter (21416): #25     Element.updateChild (package:flutter/src/widgets/framework.dart:4037)
I/flutter (21416): #26     SingleChildRenderObjectElement.update (package:flutter/src/widgets/framework.dart:7122)
I/flutter (21416): #27     Element.updateChild (package:flutter/src/widgets/framework.dart:4037)
I/flutter (21416): #28     ComponentElement.performRebuild (package:flutter/src/widgets/framework.dart:5841)
I/flutter (21416): #29     StatefulElement.performRebuild (package:flutter/src/widgets/framework.dart:5982)
I/flutter (21416): #30     Element.rebuild (package:flutter/src/widgets/framework.dart:5529)
I/flutter (21416): #31     StatefulElement.update (package:flutter/src/widgets/framework.dart:6007)
I/flutter (21416): #32     Element.updateChild (package:flutter/src/widgets/framework.dart:4037)
I/flutter (21416): #33     SingleChildRenderObjectElement.update (package:flutter/src/widgets/framework.dart:7122)
I/flutter (21416): #34     Element.updateChild (package:flutter/src/widgets/framework.dart:4037)
I/flutter (21416): #35     ComponentElement.performRebuild (package:flutter/src/widgets/framework.dart:5841)
I/flutter (21416): #36     Element.rebuild (package:flutter/src/widgets/framework.dart:5529)
I/flutter (21416): #37     ProxyElement.update (package:flutter/src/widgets/framework.dart:6149)
I/flutter (21416): #38     Element.updateChild (package:flutter/src/widgets/framework.dart:4037)
I/flutter (21416): #39     SingleChildRenderObjectElement.update (package:flutter/src/widgets/framework.dart:7122)
I/flutter (21416): #40     Element.updateChild (package:flutter/src/widgets/framework.dart:4037)
I/flutter (21416): #41     ComponentElement.performRebuild (package:flutter/src/widgets/framework.dart:5841)
I/flutter (21416): #42     Element.rebuild (package:flutter/src/widgets/framework.dart:5529)
I/flutter (21416): #43     ProxyElement.update (package:flutter/src/widgets/framework.dart:6149)
I/flutter (21416): #44     Element.updateChild (package:flutter/src/widgets/framework.dart:4037)
I/flutter (21416): #45     SingleChildRenderObjectElement.update (package:flutter/src/widgets/framework.dart:7122)
I/flutter (21416): #46     Element.updateChild (package:flutter/src/widgets/framework.dart:4037)
I/flutter (21416): #47     SingleChildRenderObjectElement.update (package:flutter/src/widgets/framework.dart:7122)
I/flutter (21416): #48     Element.updateChild (package:flutter/src/widgets/framework.dart:4037)
I/flutter (21416): #49     ComponentElement.performRebuild (package:flutter/src/widgets/framework.dart:5841)
I/flutter (21416): #50     StatefulElement.performRebuild (package:flutter/src/widgets/framework.dart:5982)
I/flutter (21416): #51     Element.rebuild (package:flutter/src/widgets/framework.dart:5529)
I/flutter (21416): #52     StatefulElement.update (package:flutter/src/widgets/framework.dart:6007)
I/flutter (21416): #53     Element.updateChild (package:flutter/src/widgets/framework.dart:4037)
I/flutter (21416): #54     ComponentElement.performRebuild (package:flutter/src/widgets/framework.dart:5841)
I/flutter (21416): #55     Element.rebuild (package:flutter/src/widgets/framework.dart:5529)
I/flutter (21416): #56     StatelessElement.update (package:flutter/src/widgets/framework.dart:5895)
I/flutter (21416): #57     Element.updateChild (package:flutter/src/widgets/framework.dart:4037)
I/flutter (21416): #58     SingleChildRenderObjectElement.update (package:flutter/src/widgets/framework.dart:7122)
I/flutter (21416): #59     Element.updateChild (package:flutter/src/widgets/framework.dart:4037)
I/flutter (21416): #60     ComponentElement.performRebuild (package:flutter/src/widgets/framework.dart:5841)
I/flutter (21416): #61     StatefulElement.performRebuild (package:flutter/src/widgets/framework.dart:5982)
I/flutter (21416): #62     Element.rebuild (package:flutter/src/widgets/framework.dart:5529)
I/flutter (21416): #63     StatefulElement.update (package:flutter/src/widgets/framework.dart:6007)
I/flutter (21416): #64     Element.updateChild (package:flutter/src/widgets/framework.dart:4037)
I/flutter (21416): #65     ComponentElement.performRebuild (package:flutter/src/widgets/framework.dart:5841)
I/flutter (21416): #66     Element.rebuild (package:flutter/src/widgets/framework.dart:5529)
I/flutter (21416): #67     ProxyElement.update (package:flutter/src/widgets/framework.dart:6149)
I/flutter (21416): #68     Element.updateChild (package:flutter/src/widgets/framework.dart:4037)
I/flutter (21416): #69     ComponentElement.performRebuild (package:flutter/src/widgets/framework.dart:5841)
I/flutter (21416): #70     StatefulElement.performRebuild (package:flutter/src/widgets/framework.dart:5982)
I/flutter (21416): #71     Element.rebuild (package:flutter/src/widgets/framework.dart:5529)
I/flutter (21416): #72     StatefulElement.update (package:flutter/src/widgets/framework.dart:6007)
I/flutter (21416): #73     Element.updateChild (package:flutter/src/widgets/framework.dart:4037)
I/flutter (21416): #74     ComponentElement.performRebuild (package:flutter/src/widgets/framework.dart:5841)
I/flutter (21416): #75     StatefulElement.performRebuild (package:flutter/src/widgets/framework.dart:5982)
I/flutter (21416): #76     Element.rebuild (package:flutter/src/widgets/framework.dart:5529)
I/flutter (21416): #77     StatefulElement.update (package:flutter/src/widgets/framework.dart:6007)
I/flutter (21416): #78     Element.updateChild (package:flutter/src/widgets/framework.dart:4037)
I/flutter (21416): #79     ComponentElement.performRebuild (package:flutter/src/widgets/framework.dart:5841)
I/flutter (21416): #80     Element.rebuild (package:flutter/src/widgets/framework.dart:5529)
I/flutter (21416): #81     ProxyElement.update (package:flutter/src/widgets/framework.dart:6149)
I/flutter (21416): #82     Element.updateChild (package:flutter/src/widgets/framework.dart:4037)
I/flutter (21416): #83     ComponentElement.performRebuild (package:flutter/src/widgets/framework.dart:5841)
I/flutter (21416): #84     Element.rebuild (package:flutter/src/widgets/framework.dart:5529)
I/flutter (21416): #85     StatelessElement.update (package:flutter/src/widgets/framework.dart:5895)
I/flutter (21416): #86     Element.updateChild (package:flutter/src/widgets/framework.dart:4037)
I/flutter (21416): #87     ComponentElement.performRebuild (package:flutter/src/widgets/framework.dart:5841)
I/flutter (21416): #88     StatefulElement.performRebuild (package:flutter/src/widgets/framework.dart:5982)
I/flutter (21416): #89     Element.rebuild (package:flutter/src/widgets/framework.dart:5529)
I/flutter (21416): #90     StatefulElement.update (package:flutter/src/widgets/framework.dart:6007)
I/flutter (21416): #91     Element.updateChild (package:flutter/src/widgets/framework.dart:4037)
I/flutter (21416): #92     ComponentElement.performRebuild (package:flutter/src/widgets/framework.dart:5841)
I/flutter (21416): #93     StatefulElement.performRebuild (package:flutter/src/widgets/framework.dart:5982)
I/flutter (21416): #94     Element.rebuild (package:flutter/src/widgets/framework.dart:5529)
I/flutter (21416): #95     BuildScope._tryRebuild (package:flutter/src/widgets/framework.dart:2750)
I/flutter (21416): #96     BuildScope._flushDirtyElements (package:flutter/src/widgets/framework.dart:2807)
I/flutter (21416): #97     BuildOwner.buildScope (package:flutter/src/widgets/framework.dart:3111)
I/flutter (21416): #98     WidgetsBinding.drawFrame (package:flutter/src/widgets/binding.dart:1571)
I/flutter (21416): #99     RendererBinding._handlePersistentFrameCallback (package:flutter/src/rendering/binding.dart:509)
[spm]: ProfilerData event received.
I/flutter (21416): [SPM:perf] 698a51a  buildSpan: 8529µs
I/flutter (21416): [spm] Performance monitoring completed for 698a51a
I/flutter (21416): setState 698a51a
I/flutter (21416): Null check operator used on a null value
I/flutter (21416): #0      _ReorderableListViewState._itemBuilder (package:flutter/src/material/reorderable_list.dart:380)
I/flutter (21416): #1      SliverReorderableListState._itemBuilder (package:flutter/src/widgets/reorderable_list.dart:1146)
I/flutter (21416): #2      SliverChildBuilderDelegate.build (package:flutter/src/widgets/scroll_delegate.dart:552)
I/flutter (21416): #3      SliverMultiBoxAdaptorElement._build (package:flutter/src/widgets/sliver.dart:1055)
I/flutter (21416): #4      SliverMultiBoxAdaptorElement.performRebuild.processElement (package:flutter/src/widgets/sliver.dart:981)
I/flutter (21416): #5      Iterable.forEach (dart:core/iterable.dart:366)
I/flutter (21416): #6      SliverMultiBoxAdaptorElement.performRebuild (package:flutter/src/widgets/sliver.dart:1032)
I/flutter (21416): #7      SliverMultiBoxAdaptorElement.update (package:flutter/src/widgets/sliver.dart:955)
I/flutter (21416): #8      Element.updateChild (package:flutter/src/widgets/framework.dart:4037)
I/flutter (21416): #9      ComponentElement.performRebuild (package:flutter/src/widgets/framework.dart:5841)
I/flutter (21416): #10     StatefulElement.performRebuild (package:flutter/src/widgets/framework.dart:5982)
I/flutter (21416): #11     Element.rebuild (package:flutter/src/widgets/framework.dart:5529)
I/flutter (21416): #12     StatefulElement.update (package:flutter/src/widgets/framework.dart:6007)
I/flutter (21416): #13     Element.updateChild (package:flutter/src/widgets/framework.dart:4037)
I/flutter (21416): #14     SingleChildRenderObjectElement.update (package:flutter/src/widgets/framework.dart:7122)
I/flutter (21416): #15     Element.updateChild (package:flutter/src/widgets/framework.dart:4037)
I/flutter (21416): #16     Element.updateChildren (package:flutter/src/widgets/framework.dart:4191)
I/flutter (21416): #17     MultiChildRenderObjectElement.update (package:flutter/src/widgets/framework.dart:7295)
I/flutter (21416): #18     _ViewportElement.update (package:flutter/src/widgets/viewport.dart:293)
I/flutter (21416): #19     Element.updateChild (package:flutter/src/widgets/framework.dart:4037)
I/flutter (21416): #20     SingleChildRenderObjectElement.update (package:flutter/src/widgets/framework.dart:7122)
I/flutter (21416): #21     Element.updateChild (package:flutter/src/widgets/framework.dart:4037)
I/flutter (21416): #22     SingleChildRenderObjectElement.update (package:flutter/src/widgets/framework.dart:7122)
I/flutter (21416): #23     Element.updateChild (package:flutter/src/widgets/framework.dart:4037)
I/flutter (21416): #24     SingleChildRenderObjectElement.update (package:flutter/src/widgets/framework.dart:7122)
I/flutter (21416): #25     Element.updateChild (package:flutter/src/widgets/framework.dart:4037)
I/flutter (21416): #26     SingleChildRenderObjectElement.update (package:flutter/src/widgets/framework.dart:7122)
I/flutter (21416): #27     Element.updateChild (package:flutter/src/widgets/framework.dart:4037)
I/flutter (21416): #28     ComponentElement.performRebuild (package:flutter/src/widgets/framework.dart:5841)
I/flutter (21416): #29     StatefulElement.performRebuild (package:flutter/src/widgets/framework.dart:5982)
I/flutter (21416): #30     Element.rebuild (package:flutter/src/widgets/framework.dart:5529)
I/flutter (21416): #31     StatefulElement.update (package:flutter/src/widgets/framework.dart:6007)
I/flutter (21416): #32     Element.updateChild (package:flutter/src/widgets/framework.dart:4037)
I/flutter (21416): #33     SingleChildRenderObjectElement.update (package:flutter/src/widgets/framework.dart:7122)
I/flutter (21416): #34     Element.updateChild (package:flutter/src/widgets/framework.dart:4037)
I/flutter (21416): #35     ComponentElement.performRebuild (package:flutter/src/widgets/framework.dart:5841)
I/flutter (21416): #36     Element.rebuild (package:flutter/src/widgets/framework.dart:5529)
I/flutter (21416): #37     ProxyElement.update (package:flutter/src/widgets/framework.dart:6149)
I/flutter (21416): #38     Element.updateChild (package:flutter/src/widgets/framework.dart:4037)
I/flutter (21416): #39     SingleChildRenderObjectElement.update (package:flutter/src/widgets/framework.dart:7122)
I/flutter (21416): #40     Element.updateChild (package:flutter/src/widgets/framework.dart:4037)
I/flutter (21416): #41     ComponentElement.performRebuild (package:flutter/src/widgets/framework.dart:5841)
I/flutter (21416): #42     Element.rebuild (package:flutter/src/widgets/framework.dart:5529)
I/flutter (21416): #43     ProxyElement.update (package:flutter/src/widgets/framework.dart:6149)
I/flutter (21416): #44     Element.updateChild (package:flutter/src/widgets/framework.dart:4037)
I/flutter (21416): #45     SingleChildRenderObjectElement.update (package:flutter/src/widgets/framework.dart:7122)
I/flutter (21416): #46     Element.updateChild (package:flutter/src/widgets/framework.dart:4037)
I/flutter (21416): #47     SingleChildRenderObjectElement.update (package:flutter/src/widgets/framework.dart:7122)
I/flutter (21416): #48     Element.updateChild (package:flutter/src/widgets/framework.dart:4037)
I/flutter (21416): #49     ComponentElement.performRebuild (package:flutter/src/widgets/framework.dart:5841)
I/flutter (21416): #50     StatefulElement.performRebuild (package:flutter/src/widgets/framework.dart:5982)
I/flutter (21416): #51     Element.rebuild (package:flutter/src/widgets/framework.dart:5529)
I/flutter (21416): #52     StatefulElement.update (package:flutter/src/widgets/framework.dart:6007)
I/flutter (21416): #53     Element.updateChild (package:flutter/src/widgets/framework.dart:4037)
I/flutter (21416): #54     ComponentElement.performRebuild (package:flutter/src/widgets/framework.dart:5841)
I/flutter (21416): #55     Element.rebuild (package:flutter/src/widgets/framework.dart:5529)
I/flutter (21416): #56     StatelessElement.update (package:flutter/src/widgets/framework.dart:5895)
I/flutter (21416): #57     Element.updateChild (package:flutter/src/widgets/framework.dart:4037)
I/flutter (21416): #58     SingleChildRenderObjectElement.update (package:flutter/src/widgets/framework.dart:7122)
I/flutter (21416): #59     Element.updateChild (package:flutter/src/widgets/framework.dart:4037)
I/flutter (21416): #60     ComponentElement.performRebuild (package:flutter/src/widgets/framework.dart:5841)
I/flutter (21416): #61     StatefulElement.performRebuild (package:flutter/src/widgets/framework.dart:5982)
I/flutter (21416): #62     Element.rebuild (package:flutter/src/widgets/framework.dart:5529)
I/flutter (21416): #63     StatefulElement.update (package:flutter/src/widgets/framework.dart:6007)
I/flutter (21416): #64     Element.updateChild (package:flutter/src/widgets/framework.dart:4037)
I/flutter (21416): #65     ComponentElement.performRebuild (package:flutter/src/widgets/framework.dart:5841)
I/flutter (21416): #66     Element.rebuild (package:flutter/src/widgets/framework.dart:5529)
I/flutter (21416): #67     ProxyElement.update (package:flutter/src/widgets/framework.dart:6149)
I/flutter (21416): #68     Element.updateChild (package:flutter/src/widgets/framework.dart:4037)
I/flutter (21416): #69     ComponentElement.performRebuild (package:flutter/src/widgets/framework.dart:5841)
I/flutter (21416): #70     StatefulElement.performRebuild (package:flutter/src/widgets/framework.dart:5982)
I/flutter (21416): #71     Element.rebuild (package:flutter/src/widgets/framework.dart:5529)
I/flutter (21416): #72     StatefulElement.update (package:flutter/src/widgets/framework.dart:6007)
I/flutter (21416): #73     Element.updateChild (package:flutter/src/widgets/framework.dart:4037)
I/flutter (21416): #74     ComponentElement.performRebuild (package:flutter/src/widgets/framework.dart:5841)
I/flutter (21416): #75     StatefulElement.performRebuild (package:flutter/src/widgets/framework.dart:5982)
I/flutter (21416): #76     Element.rebuild (package:flutter/src/widgets/framework.dart:5529)
I/flutter (21416): #77     StatefulElement.update (package:flutter/src/widgets/framework.dart:6007)
I/flutter (21416): #78     Element.updateChild (package:flutter/src/widgets/framework.dart:4037)
I/flutter (21416): #79     ComponentElement.performRebuild (package:flutter/src/widgets/framework.dart:5841)
I/flutter (21416): #80     Element.rebuild (package:flutter/src/widgets/framework.dart:5529)
I/flutter (21416): #81     ProxyElement.update (package:flutter/src/widgets/framework.dart:6149)
I/flutter (21416): #82     Element.updateChild (package:flutter/src/widgets/framework.dart:4037)
I/flutter (21416): #83     ComponentElement.performRebuild (package:flutter/src/widgets/framework.dart:5841)
I/flutter (21416): #84     Element.rebuild (package:flutter/src/widgets/framework.dart:5529)
I/flutter (21416): #85     StatelessElement.update (package:flutter/src/widgets/framework.dart:5895)
I/flutter (21416): #86     Element.updateChild (package:flutter/src/widgets/framework.dart:4037)
I/flutter (21416): #87     ComponentElement.performRebuild (package:flutter/src/widgets/framework.dart:5841)
I/flutter (21416): #88     StatefulElement.performRebuild (package:flutter/src/widgets/framework.dart:5982)
I/flutter (21416): #89     Element.rebuild (package:flutter/src/widgets/framework.dart:5529)
I/flutter (21416): #90     StatefulElement.update (package:flutter/src/widgets/framework.dart:6007)
I/flutter (21416): #91     Element.updateChild (package:flutter/src/widgets/framework.dart:4037)
I/flutter (21416): #92     ComponentElement.performRebuild (package:flutter/src/widgets/framework.dart:5841)
I/flutter (21416): #93     StatefulElement.performRebuild (package:flutter/src/widgets/framework.dart:5982)
I/flutter (21416): #94     Element.rebuild (package:flutter/src/widgets/framework.dart:5529)
I/flutter (21416): #95     BuildScope._tryRebuild (package:flutter/src/widgets/framework.dart:2750)
I/flutter (21416): #96     BuildScope._flushDirtyElements (package:flutter/src/widgets/framework.dart:2807)
I/flutter (21416): #97     BuildOwner.buildScope (package:flutter/src/widgets/framework.dart:3111)
I/flutter (21416): #98     WidgetsBinding.drawFrame (package:flutter/src/widgets/binding.dart:1571)
I/flutter (21416): #99     RendererBinding._handlePersistentFrameCallback (package:flutter/src/rendering/binding.dart:509)
[spm]: ProfilerData event received.
I/flutter (21416): [SPM:perf] 698a51a  buildSpan: 8487µs
I/flutter (21416): [spm] Performance monitoring completed for 698a51a
I/flutter (21416): setState 698a51a
I/flutter (21416): Null check operator used on a null value
I/flutter (21416): #0      _ReorderableListViewState._itemBuilder (package:flutter/src/material/reorderable_list.dart:380)
I/flutter (21416): #1      SliverReorderableListState._itemBuilder (package:flutter/src/widgets/reorderable_list.dart:1146)
I/flutter (21416): #2      SliverChildBuilderDelegate.build (package:flutter/src/widgets/scroll_delegate.dart:552)
I/flutter (21416): #3      SliverMultiBoxAdaptorElement._build (package:flutter/src/widgets/sliver.dart:1055)
I/flutter (21416): #4      SliverMultiBoxAdaptorElement.performRebuild.processElement (package:flutter/src/widgets/sliver.dart:981)
I/flutter (21416): #5      Iterable.forEach (dart:core/iterable.dart:366)
I/flutter (21416): #6      SliverMultiBoxAdaptorElement.performRebuild (package:flutter/src/widgets/sliver.dart:1032)
I/flutter (21416): #7      SliverMultiBoxAdaptorElement.update (package:flutter/src/widgets/sliver.dart:955)
I/flutter (21416): #8      Element.updateChild (package:flutter/src/widgets/framework.dart:4037)
I/flutter (21416): #9      ComponentElement.performRebuild (package:flutter/src/widgets/framework.dart:5841)
I/flutter (21416): #10     StatefulElement.performRebuild (package:flutter/src/widgets/framework.dart:5982)
I/flutter (21416): #11     Element.rebuild (package:flutter/src/widgets/framework.dart:5529)
I/flutter (21416): #12     StatefulElement.update (package:flutter/src/widgets/framework.dart:6007)
I/flutter (21416): #13     Element.updateChild (package:flutter/src/widgets/framework.dart:4037)
I/flutter (21416): #14     SingleChildRenderObjectElement.update (package:flutter/src/widgets/framework.dart:7122)
I/flutter (21416): #15     Element.updateChild (package:flutter/src/widgets/framework.dart:4037)
I/flutter (21416): #16     Element.updateChildren (package:flutter/src/widgets/framework.dart:4191)
I/flutter (21416): #17     MultiChildRenderObjectElement.update (package:flutter/src/widgets/framework.dart:7295)
I/flutter (21416): #18     _ViewportElement.update (package:flutter/src/widgets/viewport.dart:293)
I/flutter (21416): #19     Element.updateChild (package:flutter/src/widgets/framework.dart:4037)
I/flutter (21416): #20     SingleChildRenderObjectElement.update (package:flutter/src/widgets/framework.dart:7122)
I/flutter (21416): #21     Element.updateChild (package:flutter/src/widgets/framework.dart:4037)
I/flutter (21416): #22     SingleChildRenderObjectElement.update (package:flutter/src/widgets/framework.dart:7122)
I/flutter (21416): #23     Element.updateChild (package:flutter/src/widgets/framework.dart:4037)
I/flutter (21416): #24     SingleChildRenderObjectElement.update (package:flutter/src/widgets/framework.dart:7122)
I/flutter (21416): #25     Element.updateChild (package:flutter/src/widgets/framework.dart:4037)
I/flutter (21416): #26     SingleChildRenderObjectElement.update (package:flutter/src/widgets/framework.dart:7122)
I/flutter (21416): #27     Element.updateChild (package:flutter/src/widgets/framework.dart:4037)
I/flutter (21416): #28     ComponentElement.performRebuild (package:flutter/src/widgets/framework.dart:5841)
I/flutter (21416): #29     StatefulElement.performRebuild (package:flutter/src/widgets/framework.dart:5982)
I/flutter (21416): #30     Element.rebuild (package:flutter/src/widgets/framework.dart:5529)
I/flutter (21416): #31     StatefulElement.update (package:flutter/src/widgets/framework.dart:6007)
I/flutter (21416): #32     Element.updateChild (package:flutter/src/widgets/framework.dart:4037)
I/flutter (21416): #33     SingleChildRenderObjectElement.update (package:flutter/src/widgets/framework.dart:7122)
I/flutter (21416): #34     Element.updateChild (package:flutter/src/widgets/framework.dart:4037)
I/flutter (21416): #35     ComponentElement.performRebuild (package:flutter/src/widgets/framework.dart:5841)
I/flutter (21416): #36     Element.rebuild (package:flutter/src/widgets/framework.dart:5529)
I/flutter (21416): #37     ProxyElement.update (package:flutter/src/widgets/framework.dart:6149)
I/flutter (21416): #38     Element.updateChild (package:flutter/src/widgets/framework.dart:4037)
I/flutter (21416): #39     SingleChildRenderObjectElement.update (package:flutter/src/widgets/framework.dart:7122)
I/flutter (21416): #40     Element.updateChild (package:flutter/src/widgets/framework.dart:4037)
I/flutter (21416): #41     ComponentElement.performRebuild (package:flutter/src/widgets/framework.dart:5841)
I/flutter (21416): #42     Element.rebuild (package:flutter/src/widgets/framework.dart:5529)
I/flutter (21416): #43     ProxyElement.update (package:flutter/src/widgets/framework.dart:6149)
I/flutter (21416): #44     Element.updateChild (package:flutter/src/widgets/framework.dart:4037)
I/flutter (21416): #45     SingleChildRenderObjectElement.update (package:flutter/src/widgets/framework.dart:7122)
I/flutter (21416): #46     Element.updateChild (package:flutter/src/widgets/framework.dart:4037)
I/flutter (21416): #47     SingleChildRenderObjectElement.update (package:flutter/src/widgets/framework.dart:7122)
I/flutter (21416): #48     Element.updateChild (package:flutter/src/widgets/framework.dart:4037)
I/flutter (21416): #49     ComponentElement.performRebuild (package:flutter/src/widgets/framework.dart:5841)
I/flutter (21416): #50     StatefulElement.performRebuild (package:flutter/src/widgets/framework.dart:5982)
I/flutter (21416): #51     Element.rebuild (package:flutter/src/widgets/framework.dart:5529)
I/flutter (21416): #52     StatefulElement.update (package:flutter/src/widgets/framework.dart:6007)
I/flutter (21416): #53     Element.updateChild (package:flutter/src/widgets/framework.dart:4037)
I/flutter (21416): #54     ComponentElement.performRebuild (package:flutter/src/widgets/framework.dart:5841)
I/flutter (21416): #55     Element.rebuild (package:flutter/src/widgets/framework.dart:5529)
I/flutter (21416): #56     StatelessElement.update (package:flutter/src/widgets/framework.dart:5895)
I/flutter (21416): #57     Element.updateChild (package:flutter/src/widgets/framework.dart:4037)
I/flutter (21416): #58     SingleChildRenderObjectElement.update (package:flutter/src/widgets/framework.dart:7122)
I/flutter (21416): #59     Element.updateChild (package:flutter/src/widgets/framework.dart:4037)
I/flutter (21416): #60     ComponentElement.performRebuild (package:flutter/src/widgets/framework.dart:5841)
I/flutter (21416): #61     StatefulElement.performRebuild (package:flutter/src/widgets/framework.dart:5982)
I/flutter (21416): #62     Element.rebuild (package:flutter/src/widgets/framework.dart:5529)
I/flutter (21416): #63     StatefulElement.update (package:flutter/src/widgets/framework.dart:6007)
I/flutter (21416): #64     Element.updateChild (package:flutter/src/widgets/framework.dart:4037)
I/flutter (21416): #65     ComponentElement.performRebuild (package:flutter/src/widgets/framework.dart:5841)
I/flutter (21416): #66     Element.rebuild (package:flutter/src/widgets/framework.dart:5529)
I/flutter (21416): #67     ProxyElement.update (package:flutter/src/widgets/framework.dart:6149)
I/flutter (21416): #68     Element.updateChild (package:flutter/src/widgets/framework.dart:4037)
I/flutter (21416): #69     ComponentElement.performRebuild (package:flutter/src/widgets/framework.dart:5841)
I/flutter (21416): #70     StatefulElement.performRebuild (package:flutter/src/widgets/framework.dart:5982)
I/flutter (21416): #71     Element.rebuild (package:flutter/src/widgets/framework.dart:5529)
I/flutter (21416): #72     StatefulElement.update (package:flutter/src/widgets/framework.dart:6007)
I/flutter (21416): #73     Element.updateChild (package:flutter/src/widgets/framework.dart:4037)
I/flutter (21416): #74     ComponentElement.performRebuild (package:flutter/src/widgets/framework.dart:5841)
I/flutter (21416): #75     StatefulElement.performRebuild (package:flutter/src/widgets/framework.dart:5982)
I/flutter (21416): #76     Element.rebuild (package:flutter/src/widgets/framework.dart:5529)
I/flutter (21416): #77     StatefulElement.update (package:flutter/src/widgets/framework.dart:6007)
I/flutter (21416): #78     Element.updateChild (package:flutter/src/widgets/framework.dart:4037)
I/flutter (21416): #79     ComponentElement.performRebuild (package:flutter/src/widgets/framework.dart:5841)
I/flutter (21416): #80     Element.rebuild (package:flutter/src/widgets/framework.dart:5529)
I/flutter (21416): #81     ProxyElement.update (package:flutter/src/widgets/framework.dart:6149)
I/flutter (21416): #82     Element.updateChild (package:flutter/src/widgets/framework.dart:4037)
I/flutter (21416): #83     ComponentElement.performRebuild (package:flutter/src/widgets/framework.dart:5841)
I/flutter (21416): #84     Element.rebuild (package:flutter/src/widgets/framework.dart:5529)
I/flutter (21416): #85     StatelessElement.update (package:flutter/src/widgets/framework.dart:5895)
I/flutter (21416): #86     Element.updateChild (package:flutter/src/widgets/framework.dart:4037)
I/flutter (21416): #87     ComponentElement.performRebuild (package:flutter/src/widgets/framework.dart:5841)
I/flutter (21416): #88     StatefulElement.performRebuild (package:flutter/src/widgets/framework.dart:5982)
I/flutter (21416): #89     Element.rebuild (package:flutter/src/widgets/framework.dart:5529)
I/flutter (21416): #90     StatefulElement.update (package:flutter/src/widgets/framework.dart:6007)
I/flutter (21416): #91     Element.updateChild (package:flutter/src/widgets/framework.dart:4037)
I/flutter (21416): #92     ComponentElement.performRebuild (package:flutter/src/widgets/framework.dart:5841)
I/flutter (21416): #93     StatefulElement.performRebuild (package:flutter/src/widgets/framework.dart:5982)
I/flutter (21416): #94     Element.rebuild (package:flutter/src/widgets/framework.dart:5529)
I/flutter (21416): #95     BuildScope._tryRebuild (package:flutter/src/widgets/framework.dart:2750)
I/flutter (21416): #96     BuildScope._flushDirtyElements (package:flutter/src/widgets/framework.dart:2807)
I/flutter (21416): #97     BuildOwner.buildScope (package:flutter/src/widgets/framework.dart:3111)
I/flutter (21416): #98     WidgetsBinding.drawFrame (package:flutter/src/widgets/binding.dart:1571)
I/flutter (21416): #99     RendererBinding._handlePersistentFrameCallback (package:flutter/src/rendering/binding.dart:509)
I/flutter (21416): [SPM:perf] 698a51a  buildSpan: 9673µs
[spm]: ProfilerData event received.
I/flutter (21416): [spm] Performance monitoring completed for 698a51a
I/flutter (21416): setState 698a51a
I/flutter (21416): Null check operator used on a null value
I/flutter (21416): #0      _ReorderableListViewState._itemBuilder (package:flutter/src/material/reorderable_list.dart:380)
I/flutter (21416): #1      SliverReorderableListState._itemBuilder (package:flutter/src/widgets/reorderable_list.dart:1146)
I/flutter (21416): #2      SliverChildBuilderDelegate.build (package:flutter/src/widgets/scroll_delegate.dart:552)
I/flutter (21416): #3      SliverMultiBoxAdaptorElement._build (package:flutter/src/widgets/sliver.dart:1055)
I/flutter (21416): #4      SliverMultiBoxAdaptorElement.performRebuild.processElement (package:flutter/src/widgets/sliver.dart:981)
I/flutter (21416): #5      Iterable.forEach (dart:core/iterable.dart:366)
I/flutter (21416): #6      SliverMultiBoxAdaptorElement.performRebuild (package:flutter/src/widgets/sliver.dart:1032)
I/flutter (21416): #7      SliverMultiBoxAdaptorElement.update (package:flutter/src/widgets/sliver.dart:955)
I/flutter (21416): #8      Element.updateChild (package:flutter/src/widgets/framework.dart:4037)
I/flutter (21416): #9      ComponentElement.performRebuild (package:flutter/src/widgets/framework.dart:5841)
I/flutter (21416): #10     StatefulElement.performRebuild (package:flutter/src/widgets/framework.dart:5982)
I/flutter (21416): #11     Element.rebuild (package:flutter/src/widgets/framework.dart:5529)
I/flutter (21416): #12     StatefulElement.update (package:flutter/src/widgets/framework.dart:6007)
I/flutter (21416): #13     Element.updateChild (package:flutter/src/widgets/framework.dart:4037)
I/flutter (21416): #14     SingleChildRenderObjectElement.update (package:flutter/src/widgets/framework.dart:7122)
I/flutter (21416): #15     Element.updateChild (package:flutter/src/widgets/framework.dart:4037)
I/flutter (21416): #16     Element.updateChildren (package:flutter/src/widgets/framework.dart:4191)
I/flutter (21416): #17     MultiChildRenderObjectElement.update (package:flutter/src/widgets/framework.dart:7295)
I/flutter (21416): #18     _ViewportElement.update (package:flutter/src/widgets/viewport.dart:293)
I/flutter (21416): #19     Element.updateChild (package:flutter/src/widgets/framework.dart:4037)
I/flutter (21416): #20     SingleChildRenderObjectElement.update (package:flutter/src/widgets/framework.dart:7122)
I/flutter (21416): #21     Element.updateChild (package:flutter/src/widgets/framework.dart:4037)
I/flutter (21416): #22     SingleChildRenderObjectElement.update (package:flutter/src/widgets/framework.dart:7122)
I/flutter (21416): #23     Element.updateChild (package:flutter/src/widgets/framework.dart:4037)
I/flutter (21416): #24     SingleChildRenderObjectElement.update (package:flutter/src/widgets/framework.dart:7122)
I/flutter (21416): #25     Element.updateChild (package:flutter/src/widgets/framework.dart:4037)
I/flutter (21416): #26     SingleChildRenderObjectElement.update (package:flutter/src/widgets/framework.dart:7122)
I/flutter (21416): #27     Element.updateChild (package:flutter/src/widgets/framework.dart:4037)
I/flutter (21416): #28     ComponentElement.performRebuild (package:flutter/src/widgets/framework.dart:5841)
I/flutter (21416): #29     StatefulElement.performRebuild (package:flutter/src/widgets/framework.dart:5982)
I/flutter (21416): #30     Element.rebuild (package:flutter/src/widgets/framework.dart:5529)
I/flutter (21416): #31     StatefulElement.update (package:flutter/src/widgets/framework.dart:6007)
I/flutter (21416): #32     Element.updateChild (package:flutter/src/widgets/framework.dart:4037)
I/flutter (21416): #33     SingleChildRenderObjectElement.update (package:flutter/src/widgets/framework.dart:7122)
I/flutter (21416): #34     Element.updateChild (package:flutter/src/widgets/framework.dart:4037)
I/flutter (21416): #35     ComponentElement.performRebuild (package:flutter/src/widgets/framework.dart:5841)
I/flutter (21416): #36     Element.rebuild (package:flutter/src/widgets/framework.dart:5529)
I/flutter (21416): #37     ProxyElement.update (package:flutter/src/widgets/framework.dart:6149)
I/flutter (21416): #38     Element.updateChild (package:flutter/src/widgets/framework.dart:4037)
I/flutter (21416): #39     SingleChildRenderObjectElement.update (package:flutter/src/widgets/framework.dart:7122)
I/flutter (21416): #40     Element.updateChild (package:flutter/src/widgets/framework.dart:4037)
I/flutter (21416): #41     ComponentElement.performRebuild (package:flutter/src/widgets/framework.dart:5841)
I/flutter (21416): #42     Element.rebuild (package:flutter/src/widgets/framework.dart:5529)
I/flutter (21416): #43     ProxyElement.update (package:flutter/src/widgets/framework.dart:6149)
I/flutter (21416): #44     Element.updateChild (package:flutter/src/widgets/framework.dart:4037)
I/flutter (21416): #45     SingleChildRenderObjectElement.update (package:flutter/src/widgets/framework.dart:7122)
I/flutter (21416): #46     Element.updateChild (package:flutter/src/widgets/framework.dart:4037)
I/flutter (21416): #47     SingleChildRenderObjectElement.update (package:flutter/src/widgets/framework.dart:7122)
I/flutter (21416): #48     Element.updateChild (package:flutter/src/widgets/framework.dart:4037)
I/flutter (21416): #49     ComponentElement.performRebuild (package:flutter/src/widgets/framework.dart:5841)
I/flutter (21416): #50     StatefulElement.performRebuild (package:flutter/src/widgets/framework.dart:5982)
I/flutter (21416): #51     Element.rebuild (package:flutter/src/widgets/framework.dart:5529)
I/flutter (21416): #52     StatefulElement.update (package:flutter/src/widgets/framework.dart:6007)
I/flutter (21416): #53     Element.updateChild (package:flutter/src/widgets/framework.dart:4037)
I/flutter (21416): #54     ComponentElement.performRebuild (package:flutter/src/widgets/framework.dart:5841)
I/flutter (21416): #55     Element.rebuild (package:flutter/src/widgets/framework.dart:5529)
I/flutter (21416): #56     StatelessElement.update (package:flutter/src/widgets/framework.dart:5895)
I/flutter (21416): #57     Element.updateChild (package:flutter/src/widgets/framework.dart:4037)
I/flutter (21416): #58     SingleChildRenderObjectElement.update (package:flutter/src/widgets/framework.dart:7122)
I/flutter (21416): #59     Element.updateChild (package:flutter/src/widgets/framework.dart:4037)
I/flutter (21416): #60     ComponentElement.performRebuild (package:flutter/src/widgets/framework.dart:5841)
I/flutter (21416): #61     StatefulElement.performRebuild (package:flutter/src/widgets/framework.dart:5982)
I/flutter (21416): #62     Element.rebuild (package:flutter/src/widgets/framework.dart:5529)
I/flutter (21416): #63     StatefulElement.update (package:flutter/src/widgets/framework.dart:6007)
I/flutter (21416): #64     Element.updateChild (package:flutter/src/widgets/framework.dart:4037)
I/flutter (21416): #65     ComponentElement.performRebuild (package:flutter/src/widgets/framework.dart:5841)
I/flutter (21416): #66     Element.rebuild (package:flutter/src/widgets/framework.dart:5529)
I/flutter (21416): #67     ProxyElement.update (package:flutter/src/widgets/framework.dart:6149)
I/flutter (21416): #68     Element.updateChild (package:flutter/src/widgets/framework.dart:4037)
I/flutter (21416): #69     ComponentElement.performRebuild (package:flutter/src/widgets/framework.dart:5841)
I/flutter (21416): #70     StatefulElement.performRebuild (package:flutter/src/widgets/framework.dart:5982)
I/flutter (21416): #71     Element.rebuild (package:flutter/src/widgets/framework.dart:5529)
I/flutter (21416): #72     StatefulElement.update (package:flutter/src/widgets/framework.dart:6007)
I/flutter (21416): #73     Element.updateChild (package:flutter/src/widgets/framework.dart:4037)
I/flutter (21416): #74     ComponentElement.performRebuild (package:flutter/src/widgets/framework.dart:5841)
I/flutter (21416): #75     StatefulElement.performRebuild (package:flutter/src/widgets/framework.dart:5982)
I/flutter (21416): #76     Element.rebuild (package:flutter/src/widgets/framework.dart:5529)
I/flutter (21416): #77     StatefulElement.update (package:flutter/src/widgets/framework.dart:6007)
I/flutter (21416): #78     Element.updateChild (package:flutter/src/widgets/framework.dart:4037)
I/flutter (21416): #79     ComponentElement.performRebuild (package:flutter/src/widgets/framework.dart:5841)
I/flutter (21416): #80     Element.rebuild (package:flutter/src/widgets/framework.dart:5529)
I/flutter (21416): #81     ProxyElement.update (package:flutter/src/widgets/framework.dart:6149)
I/flutter (21416): #82     Element.updateChild (package:flutter/src/widgets/framework.dart:4037)
I/flutter (21416): #83     ComponentElement.performRebuild (package:flutter/src/widgets/framework.dart:5841)
I/flutter (21416): #84     Element.rebuild (package:flutter/src/widgets/framework.dart:5529)
I/flutter (21416): #85     StatelessElement.update (package:flutter/src/widgets/framework.dart:5895)
I/flutter (21416): #86     Element.updateChild (package:flutter/src/widgets/framework.dart:4037)
I/flutter (21416): #87     ComponentElement.performRebuild (package:flutter/src/widgets/framework.dart:5841)
I/flutter (21416): #88     StatefulElement.performRebuild (package:flutter/src/widgets/framework.dart:5982)
I/flutter (21416): #89     Element.rebuild (package:flutter/src/widgets/framework.dart:5529)
I/flutter (21416): #90     StatefulElement.update (package:flutter/src/widgets/framework.dart:6007)
I/flutter (21416): #91     Element.updateChild (package:flutter/src/widgets/framework.dart:4037)
I/flutter (21416): #92     ComponentElement.performRebuild (package:flutter/src/widgets/framework.dart:5841)
I/flutter (21416): #93     StatefulElement.performRebuild (package:flutter/src/widgets/framework.dart:5982)
I/flutter (21416): #94     Element.rebuild (package:flutter/src/widgets/framework.dart:5529)
I/flutter (21416): #95     BuildScope._tryRebuild (package:flutter/src/widgets/framework.dart:2750)
I/flutter (21416): #96     BuildScope._flushDirtyElements (package:flutter/src/widgets/framework.dart:2807)
I/flutter (21416): #97     BuildOwner.buildScope (package:flutter/src/widgets/framework.dart:3111)
I/flutter (21416): #98     WidgetsBinding.drawFrame (package:flutter/src/widgets/binding.dart:1571)
I/flutter (21416): #99     RendererBinding._handlePersistentFrameCallback (package:flutter/src/rendering/binding.dart:509)
[spm]: ProfilerData event received.
I/flutter (21416): [SPM:perf] 698a51a  buildSpan: 8456µs
I/flutter (21416): [spm] Performance monitoring completed for 698a51a
I/flutter (21416): setState 698a51a
I/flutter (21416): Null check operator used on a null value
I/flutter (21416): #0      _ReorderableListViewState._itemBuilder (package:flutter/src/material/reorderable_list.dart:380)
I/flutter (21416): #1      SliverReorderableListState._itemBuilder (package:flutter/src/widgets/reorderable_list.dart:1146)
I/flutter (21416): #2      SliverChildBuilderDelegate.build (package:flutter/src/widgets/scroll_delegate.dart:552)
I/flutter (21416): #3      SliverMultiBoxAdaptorElement._build (package:flutter/src/widgets/sliver.dart:1055)
I/flutter (21416): #4      SliverMultiBoxAdaptorElement.performRebuild.processElement (package:flutter/src/widgets/sliver.dart:981)
I/flutter (21416): #5      Iterable.forEach (dart:core/iterable.dart:366)
I/flutter (21416): #6      SliverMultiBoxAdaptorElement.performRebuild (package:flutter/src/widgets/sliver.dart:1032)
I/flutter (21416): #7      SliverMultiBoxAdaptorElement.update (package:flutter/src/widgets/sliver.dart:955)
I/flutter (21416): #8      Element.updateChild (package:flutter/src/widgets/framework.dart:4037)
I/flutter (21416): #9      ComponentElement.performRebuild (package:flutter/src/widgets/framework.dart:5841)
I/flutter (21416): #10     StatefulElement.performRebuild (package:flutter/src/widgets/framework.dart:5982)
I/flutter (21416): #11     Element.rebuild (package:flutter/src/widgets/framework.dart:5529)
I/flutter (21416): #12     StatefulElement.update (package:flutter/src/widgets/framework.dart:6007)
I/flutter (21416): #13     Element.updateChild (package:flutter/src/widgets/framework.dart:4037)
I/flutter (21416): #14     SingleChildRenderObjectElement.update (package:flutter/src/widgets/framework.dart:7122)
I/flutter (21416): #15     Element.updateChild (package:flutter/src/widgets/framework.dart:4037)
I/flutter (21416): #16     Element.updateChildren (package:flutter/src/widgets/framework.dart:4191)
I/flutter (21416): #17     MultiChildRenderObjectElement.update (package:flutter/src/widgets/framework.dart:7295)
I/flutter (21416): #18     _ViewportElement.update (package:flutter/src/widgets/viewport.dart:293)
I/flutter (21416): #19     Element.updateChild (package:flutter/src/widgets/framework.dart:4037)
I/flutter (21416): #20     SingleChildRenderObjectElement.update (package:flutter/src/widgets/framework.dart:7122)
I/flutter (21416): #21     Element.updateChild (package:flutter/src/widgets/framework.dart:4037)
I/flutter (21416): #22     SingleChildRenderObjectElement.update (package:flutter/src/widgets/framework.dart:7122)
I/flutter (21416): #23     Element.updateChild (package:flutter/src/widgets/framework.dart:4037)
I/flutter (21416): #24     SingleChildRenderObjectElement.update (package:flutter/src/widgets/framework.dart:7122)
I/flutter (21416): #25     Element.updateChild (package:flutter/src/widgets/framework.dart:4037)
I/flutter (21416): #26     SingleChildRenderObjectElement.update (package:flutter/src/widgets/framework.dart:7122)
I/flutter (21416): #27     Element.updateChild (package:flutter/src/widgets/framework.dart:4037)
I/flutter (21416): #28     ComponentElement.performRebuild (package:flutter/src/widgets/framework.dart:5841)
I/flutter (21416): #29     StatefulElement.performRebuild (package:flutter/src/widgets/framework.dart:5982)
I/flutter (21416): #30     Element.rebuild (package:flutter/src/widgets/framework.dart:5529)
I/flutter (21416): #31     StatefulElement.update (package:flutter/src/widgets/framework.dart:6007)
I/flutter (21416): #32     Element.updateChild (package:flutter/src/widgets/framework.dart:4037)
I/flutter (21416): #33     SingleChildRenderObjectElement.update (package:flutter/src/widgets/framework.dart:7122)
I/flutter (21416): #34     Element.updateChild (package:flutter/src/widgets/framework.dart:4037)
I/flutter (21416): #35     ComponentElement.performRebuild (package:flutter/src/widgets/framework.dart:5841)
I/flutter (21416): #36     Element.rebuild (package:flutter/src/widgets/framework.dart:5529)
I/flutter (21416): #37     ProxyElement.update (package:flutter/src/widgets/framework.dart:6149)
I/flutter (21416): #38     Element.updateChild (package:flutter/src/widgets/framework.dart:4037)
I/flutter (21416): #39     SingleChildRenderObjectElement.update (package:flutter/src/widgets/framework.dart:7122)
I/flutter (21416): #40     Element.updateChild (package:flutter/src/widgets/framework.dart:4037)
I/flutter (21416): #41     ComponentElement.performRebuild (package:flutter/src/widgets/framework.dart:5841)
I/flutter (21416): #42     Element.rebuild (package:flutter/src/widgets/framework.dart:5529)
I/flutter (21416): #43     ProxyElement.update (package:flutter/src/widgets/framework.dart:6149)
I/flutter (21416): #44     Element.updateChild (package:flutter/src/widgets/framework.dart:4037)
I/flutter (21416): #45     SingleChildRenderObjectElement.update (package:flutter/src/widgets/framework.dart:7122)
I/flutter (21416): #46     Element.updateChild (package:flutter/src/widgets/framework.dart:4037)
I/flutter (21416): #47     SingleChildRenderObjectElement.update (package:flutter/src/widgets/framework.dart:7122)
I/flutter (21416): #48     Element.updateChild (package:flutter/src/widgets/framework.dart:4037)
I/flutter (21416): #49     ComponentElement.performRebuild (package:flutter/src/widgets/framework.dart:5841)
I/flutter (21416): #50     StatefulElement.performRebuild (package:flutter/src/widgets/framework.dart:5982)
I/flutter (21416): #51     Element.rebuild (package:flutter/src/widgets/framework.dart:5529)
I/flutter (21416): #52     StatefulElement.update (package:flutter/src/widgets/framework.dart:6007)
I/flutter (21416): #53     Element.updateChild (package:flutter/src/widgets/framework.dart:4037)
I/flutter (21416): #54     ComponentElement.performRebuild (package:flutter/src/widgets/framework.dart:5841)
I/flutter (21416): #55     Element.rebuild (package:flutter/src/widgets/framework.dart:5529)
I/flutter (21416): #56     StatelessElement.update (package:flutter/src/widgets/framework.dart:5895)
I/flutter (21416): #57     Element.updateChild (package:flutter/src/widgets/framework.dart:4037)
I/flutter (21416): #58     SingleChildRenderObjectElement.update (package:flutter/src/widgets/framework.dart:7122)
I/flutter (21416): #59     Element.updateChild (package:flutter/src/widgets/framework.dart:4037)
I/flutter (21416): #60     ComponentElement.performRebuild (package:flutter/src/widgets/framework.dart:5841)
I/flutter (21416): #61     StatefulElement.performRebuild (package:flutter/src/widgets/framework.dart:5982)
I/flutter (21416): #62     Element.rebuild (package:flutter/src/widgets/framework.dart:5529)
I/flutter (21416): #63     StatefulElement.update (package:flutter/src/widgets/framework.dart:6007)
I/flutter (21416): #64     Element.updateChild (package:flutter/src/widgets/framework.dart:4037)
I/flutter (21416): #65     ComponentElement.performRebuild (package:flutter/src/widgets/framework.dart:5841)
I/flutter (21416): #66     Element.rebuild (package:flutter/src/widgets/framework.dart:5529)
I/flutter (21416): #67     ProxyElement.update (package:flutter/src/widgets/framework.dart:6149)
I/flutter (21416): #68     Element.updateChild (package:flutter/src/widgets/framework.dart:4037)
I/flutter (21416): #69     ComponentElement.performRebuild (package:flutter/src/widgets/framework.dart:5841)
I/flutter (21416): #70     StatefulElement.performRebuild (package:flutter/src/widgets/framework.dart:5982)
I/flutter (21416): #71     Element.rebuild (package:flutter/src/widgets/framework.dart:5529)
I/flutter (21416): #72     StatefulElement.update (package:flutter/src/widgets/framework.dart:6007)
I/flutter (21416): #73     Element.updateChild (package:flutter/src/widgets/framework.dart:4037)
I/flutter (21416): #74     ComponentElement.performRebuild (package:flutter/src/widgets/framework.dart:5841)
I/flutter (21416): #75     StatefulElement.performRebuild (package:flutter/src/widgets/framework.dart:5982)
I/flutter (21416): #76     Element.rebuild (package:flutter/src/widgets/framework.dart:5529)
I/flutter (21416): #77     StatefulElement.update (package:flutter/src/widgets/framework.dart:6007)
I/flutter (21416): #78     Element.updateChild (package:flutter/src/widgets/framework.dart:4037)
I/flutter (21416): #79     ComponentElement.performRebuild (package:flutter/src/widgets/framework.dart:5841)
I/flutter (21416): #80     Element.rebuild (package:flutter/src/widgets/framework.dart:5529)
I/flutter (21416): #81     ProxyElement.update (package:flutter/src/widgets/framework.dart:6149)
I/flutter (21416): #82     Element.updateChild (package:flutter/src/widgets/framework.dart:4037)
I/flutter (21416): #83     ComponentElement.performRebuild (package:flutter/src/widgets/framework.dart:5841)
I/flutter (21416): #84     Element.rebuild (package:flutter/src/widgets/framework.dart:5529)
I/flutter (21416): #85     StatelessElement.update (package:flutter/src/widgets/framework.dart:5895)
I/flutter (21416): #86     Element.updateChild (package:flutter/src/widgets/framework.dart:4037)
I/flutter (21416): #87     ComponentElement.performRebuild (package:flutter/src/widgets/framework.dart:5841)
I/flutter (21416): #88     StatefulElement.performRebuild (package:flutter/src/widgets/framework.dart:5982)
I/flutter (21416): #89     Element.rebuild (package:flutter/src/widgets/framework.dart:5529)
I/flutter (21416): #90     StatefulElement.update (package:flutter/src/widgets/framework.dart:6007)
I/flutter (21416): #91     Element.updateChild (package:flutter/src/widgets/framework.dart:4037)
I/flutter (21416): #92     ComponentElement.performRebuild (package:flutter/src/widgets/framework.dart:5841)
I/flutter (21416): #93     StatefulElement.performRebuild (package:flutter/src/widgets/framework.dart:5982)
I/flutter (21416): #94     Element.rebuild (package:flutter/src/widgets/framework.dart:5529)
I/flutter (21416): #95     BuildScope._tryRebuild (package:flutter/src/widgets/framework.dart:2750)
I/flutter (21416): #96     BuildScope._flushDirtyElements (package:flutter/src/widgets/framework.dart:2807)
I/flutter (21416): #97     BuildOwner.buildScope (package:flutter/src/widgets/framework.dart:3111)
I/flutter (21416): #98     WidgetsBinding.drawFrame (package:flutter/src/widgets/binding.dart:1571)
I/flutter (21416): #99     RendererBinding._handlePersistentFrameCallback (package:flutter/src/rendering/binding.dart:509)
[spm]: ProfilerData event received.
I/flutter (21416): [SPM:perf] 698a51a  buildSpan: 9132µs
I/flutter (21416): [spm] Performance monitoring completed for 698a51a
I/flutter (21416): setState 698a51a
I/flutter (21416): Null check operator used on a null value
I/flutter (21416): #0      _ReorderableListViewState._itemBuilder (package:flutter/src/material/reorderable_list.dart:380)
I/flutter (21416): #1      SliverReorderableListState._itemBuilder (package:flutter/src/widgets/reorderable_list.dart:1146)
I/flutter (21416): #2      SliverChildBuilderDelegate.build (package:flutter/src/widgets/scroll_delegate.dart:552)
I/flutter (21416): #3      SliverMultiBoxAdaptorElement._build (package:flutter/src/widgets/sliver.dart:1055)
I/flutter (21416): #4      SliverMultiBoxAdaptorElement.performRebuild.processElement (package:flutter/src/widgets/sliver.dart:981)
I/flutter (21416): #5      Iterable.forEach (dart:core/iterable.dart:366)
I/flutter (21416): #6      SliverMultiBoxAdaptorElement.performRebuild (package:flutter/src/widgets/sliver.dart:1032)
I/flutter (21416): #7      SliverMultiBoxAdaptorElement.update (package:flutter/src/widgets/sliver.dart:955)
I/flutter (21416): #8      Element.updateChild (package:flutter/src/widgets/framework.dart:4037)
I/flutter (21416): #9      ComponentElement.performRebuild (package:flutter/src/widgets/framework.dart:5841)
I/flutter (21416): #10     StatefulElement.performRebuild (package:flutter/src/widgets/framework.dart:5982)
I/flutter (21416): #11     Element.rebuild (package:flutter/src/widgets/framework.dart:5529)
I/flutter (21416): #12     StatefulElement.update (package:flutter/src/widgets/framework.dart:6007)
I/flutter (21416): #13     Element.updateChild (package:flutter/src/widgets/framework.dart:4037)
I/flutter (21416): #14     SingleChildRenderObjectElement.update (package:flutter/src/widgets/framework.dart:7122)
I/flutter (21416): #15     Element.updateChild (package:flutter/src/widgets/framework.dart:4037)
I/flutter (21416): #16     Element.updateChildren (package:flutter/src/widgets/framework.dart:4191)
I/flutter (21416): #17     MultiChildRenderObjectElement.update (package:flutter/src/widgets/framework.dart:7295)
I/flutter (21416): #18     _ViewportElement.update (package:flutter/src/widgets/viewport.dart:293)
I/flutter (21416): #19     Element.updateChild (package:flutter/src/widgets/framework.dart:4037)
I/flutter (21416): #20     SingleChildRenderObjectElement.update (package:flutter/src/widgets/framework.dart:7122)
I/flutter (21416): #21     Element.updateChild (package:flutter/src/widgets/framework.dart:4037)
I/flutter (21416): #22     SingleChildRenderObjectElement.update (package:flutter/src/widgets/framework.dart:7122)
I/flutter (21416): #23     Element.updateChild (package:flutter/src/widgets/framework.dart:4037)
I/flutter (21416): #24     SingleChildRenderObjectElement.update (package:flutter/src/widgets/framework.dart:7122)
I/flutter (21416): #25     Element.updateChild (package:flutter/src/widgets/framework.dart:4037)
I/flutter (21416): #26     SingleChildRenderObjectElement.update (package:flutter/src/widgets/framework.dart:7122)
I/flutter (21416): #27     Element.updateChild (package:flutter/src/widgets/framework.dart:4037)
I/flutter (21416): #28     ComponentElement.performRebuild (package:flutter/src/widgets/framework.dart:5841)
I/flutter (21416): #29     StatefulElement.performRebuild (package:flutter/src/widgets/framework.dart:5982)
I/flutter (21416): #30     Element.rebuild (package:flutter/src/widgets/framework.dart:5529)
I/flutter (21416): #31     StatefulElement.update (package:flutter/src/widgets/framework.dart:6007)
I/flutter (21416): #32     Element.updateChild (package:flutter/src/widgets/framework.dart:4037)
I/flutter (21416): #33     SingleChildRenderObjectElement.update (package:flutter/src/widgets/framework.dart:7122)
I/flutter (21416): #34     Element.updateChild (package:flutter/src/widgets/framework.dart:4037)
I/flutter (21416): #35     ComponentElement.performRebuild (package:flutter/src/widgets/framework.dart:5841)
I/flutter (21416): #36     Element.rebuild (package:flutter/src/widgets/framework.dart:5529)
I/flutter (21416): #37     ProxyElement.update (package:flutter/src/widgets/framework.dart:6149)
I/flutter (21416): #38     Element.updateChild (package:flutter/src/widgets/framework.dart:4037)
I/flutter (21416): #39     SingleChildRenderObjectElement.update (package:flutter/src/widgets/framework.dart:7122)
I/flutter (21416): #40     Element.updateChild (package:flutter/src/widgets/framework.dart:4037)
I/flutter (21416): #41     ComponentElement.performRebuild (package:flutter/src/widgets/framework.dart:5841)
I/flutter (21416): #42     Element.rebuild (package:flutter/src/widgets/framework.dart:5529)
I/flutter (21416): #43     ProxyElement.update (package:flutter/src/widgets/framework.dart:6149)
I/flutter (21416): #44     Element.updateChild (package:flutter/src/widgets/framework.dart:4037)
I/flutter (21416): #45     SingleChildRenderObjectElement.update (package:flutter/src/widgets/framework.dart:7122)
I/flutter (21416): #46     Element.updateChild (package:flutter/src/widgets/framework.dart:4037)
I/flutter (21416): #47     SingleChildRenderObjectElement.update (package:flutter/src/widgets/framework.dart:7122)
I/flutter (21416): #48     Element.updateChild (package:flutter/src/widgets/framework.dart:4037)
I/flutter (21416): #49     ComponentElement.performRebuild (package:flutter/src/widgets/framework.dart:5841)
I/flutter (21416): #50     StatefulElement.performRebuild (package:flutter/src/widgets/framework.dart:5982)
I/flutter (21416): #51     Element.rebuild (package:flutter/src/widgets/framework.dart:5529)
I/flutter (21416): #52     StatefulElement.update (package:flutter/src/widgets/framework.dart:6007)
I/flutter (21416): #53     Element.updateChild (package:flutter/src/widgets/framework.dart:4037)
I/flutter (21416): #54     ComponentElement.performRebuild (package:flutter/src/widgets/framework.dart:5841)
I/flutter (21416): #55     Element.rebuild (package:flutter/src/widgets/framework.dart:5529)
I/flutter (21416): #56     StatelessElement.update (package:flutter/src/widgets/framework.dart:5895)
I/flutter (21416): #57     Element.updateChild (package:flutter/src/widgets/framework.dart:4037)
I/flutter (21416): #58     SingleChildRenderObjectElement.update (package:flutter/src/widgets/framework.dart:7122)
I/flutter (21416): #59     Element.updateChild (package:flutter/src/widgets/framework.dart:4037)
I/flutter (21416): #60     ComponentElement.performRebuild (package:flutter/src/widgets/framework.dart:5841)
I/flutter (21416): #61     StatefulElement.performRebuild (package:flutter/src/widgets/framework.dart:5982)
I/flutter (21416): #62     Element.rebuild (package:flutter/src/widgets/framework.dart:5529)
I/flutter (21416): #63     StatefulElement.update (package:flutter/src/widgets/framework.dart:6007)
I/flutter (21416): #64     Element.updateChild (package:flutter/src/widgets/framework.dart:4037)
I/flutter (21416): #65     ComponentElement.performRebuild (package:flutter/src/widgets/framework.dart:5841)
I/flutter (21416): #66     Element.rebuild (package:flutter/src/widgets/framework.dart:5529)
I/flutter (21416): #67     ProxyElement.update (package:flutter/src/widgets/framework.dart:6149)
I/flutter (21416): #68     Element.updateChild (package:flutter/src/widgets/framework.dart:4037)
I/flutter (21416): #69     ComponentElement.performRebuild (package:flutter/src/widgets/framework.dart:5841)
I/flutter (21416): #70     StatefulElement.performRebuild (package:flutter/src/widgets/framework.dart:5982)
I/flutter (21416): #71     Element.rebuild (package:flutter/src/widgets/framework.dart:5529)
I/flutter (21416): #72     StatefulElement.update (package:flutter/src/widgets/framework.dart:6007)
I/flutter (21416): #73     Element.updateChild (package:flutter/src/widgets/framework.dart:4037)
I/flutter (21416): #74     ComponentElement.performRebuild (package:flutter/src/widgets/framework.dart:5841)
I/flutter (21416): #75     StatefulElement.performRebuild (package:flutter/src/widgets/framework.dart:5982)
I/flutter (21416): #76     Element.rebuild (package:flutter/src/widgets/framework.dart:5529)
I/flutter (21416): #77     StatefulElement.update (package:flutter/src/widgets/framework.dart:6007)
I/flutter (21416): #78     Element.updateChild (package:flutter/src/widgets/framework.dart:4037)
I/flutter (21416): #79     ComponentElement.performRebuild (package:flutter/src/widgets/framework.dart:5841)
I/flutter (21416): #80     Element.rebuild (package:flutter/src/widgets/framework.dart:5529)
I/flutter (21416): #81     ProxyElement.update (package:flutter/src/widgets/framework.dart:6149)
I/flutter (21416): #82     Element.updateChild (package:flutter/src/widgets/framework.dart:4037)
I/flutter (21416): #83     ComponentElement.performRebuild (package:flutter/src/widgets/framework.dart:5841)
I/flutter (21416): #84     Element.rebuild (package:flutter/src/widgets/framework.dart:5529)
I/flutter (21416): #85     StatelessElement.update (package:flutter/src/widgets/framework.dart:5895)
I/flutter (21416): #86     Element.updateChild (package:flutter/src/widgets/framework.dart:4037)
I/flutter (21416): #87     ComponentElement.performRebuild (package:flutter/src/widgets/framework.dart:5841)
I/flutter (21416): #88     StatefulElement.performRebuild (package:flutter/src/widgets/framework.dart:5982)
I/flutter (21416): #89     Element.rebuild (package:flutter/src/widgets/framework.dart:5529)
I/flutter (21416): #90     StatefulElement.update (package:flutter/src/widgets/framework.dart:6007)
I/flutter (21416): #91     Element.updateChild (package:flutter/src/widgets/framework.dart:4037)
I/flutter (21416): #92     ComponentElement.performRebuild (package:flutter/src/widgets/framework.dart:5841)
I/flutter (21416): #93     StatefulElement.performRebuild (package:flutter/src/widgets/framework.dart:5982)
I/flutter (21416): #94     Element.rebuild (package:flutter/src/widgets/framework.dart:5529)
I/flutter (21416): #95     BuildScope._tryRebuild (package:flutter/src/widgets/framework.dart:2750)
I/flutter (21416): #96     BuildScope._flushDirtyElements (package:flutter/src/widgets/framework.dart:2807)
I/flutter (21416): #97     BuildOwner.buildScope (package:flutter/src/widgets/framework.dart:3111)
I/flutter (21416): #98     WidgetsBinding.drawFrame (package:flutter/src/widgets/binding.dart:1571)
I/flutter (21416): #99     RendererBinding._handlePersistentFrameCallback (package:flutter/src/rendering/binding.dart:509)
[spm]: ProfilerData event received.
I/flutter (21416): [SPM:perf] 698a51a  buildSpan: 8396µs
I/flutter (21416): [spm] Performance monitoring completed for 698a51a
I/flutter (21416): setState 698a51a
I/flutter (21416): Null check operator used on a null value
I/flutter (21416): #0      _ReorderableListViewState._itemBuilder (package:flutter/src/material/reorderable_list.dart:380)
I/flutter (21416): #1      SliverReorderableListState._itemBuilder (package:flutter/src/widgets/reorderable_list.dart:1146)
I/flutter (21416): #2      SliverChildBuilderDelegate.build (package:flutter/src/widgets/scroll_delegate.dart:552)
I/flutter (21416): #3      SliverMultiBoxAdaptorElement._build (package:flutter/src/widgets/sliver.dart:1055)
I/flutter (21416): #4      SliverMultiBoxAdaptorElement.performRebuild.processElement (package:flutter/src/widgets/sliver.dart:981)
I/flutter (21416): #5      Iterable.forEach (dart:core/iterable.dart:366)
I/flutter (21416): #6      SliverMultiBoxAdaptorElement.performRebuild (package:flutter/src/widgets/sliver.dart:1032)
I/flutter (21416): #7      SliverMultiBoxAdaptorElement.update (package:flutter/src/widgets/sliver.dart:955)
I/flutter (21416): #8      Element.updateChild (package:flutter/src/widgets/framework.dart:4037)
I/flutter (21416): #9      ComponentElement.performRebuild (package:flutter/src/widgets/framework.dart:5841)
I/flutter (21416): #10     StatefulElement.performRebuild (package:flutter/src/widgets/framework.dart:5982)
I/flutter (21416): #11     Element.rebuild (package:flutter/src/widgets/framework.dart:5529)
I/flutter (21416): #12     StatefulElement.update (package:flutter/src/widgets/framework.dart:6007)
I/flutter (21416): #13     Element.updateChild (package:flutter/src/widgets/framework.dart:4037)
I/flutter (21416): #14     SingleChildRenderObjectElement.update (package:flutter/src/widgets/framework.dart:7122)
I/flutter (21416): #15     Element.updateChild (package:flutter/src/widgets/framework.dart:4037)
I/flutter (21416): #16     Element.updateChildren (package:flutter/src/widgets/framework.dart:4191)
I/flutter (21416): #17     MultiChildRenderObjectElement.update (package:flutter/src/widgets/framework.dart:7295)
I/flutter (21416): #18     _ViewportElement.update (package:flutter/src/widgets/viewport.dart:293)
I/flutter (21416): #19     Element.updateChild (package:flutter/src/widgets/framework.dart:4037)
I/flutter (21416): #20     SingleChildRenderObjectElement.update (package:flutter/src/widgets/framework.dart:7122)
I/flutter (21416): #21     Element.updateChild (package:flutter/src/widgets/framework.dart:4037)
I/flutter (21416): #22     SingleChildRenderObjectElement.update (package:flutter/src/widgets/framework.dart:7122)
I/flutter (21416): #23     Element.updateChild (package:flutter/src/widgets/framework.dart:4037)
I/flutter (21416): #24     SingleChildRenderObjectElement.update (package:flutter/src/widgets/framework.dart:7122)
I/flutter (21416): #25     Element.updateChild (package:flutter/src/widgets/framework.dart:4037)
I/flutter (21416): #26     SingleChildRenderObjectElement.update (package:flutter/src/widgets/framework.dart:7122)
I/flutter (21416): #27     Element.updateChild (package:flutter/src/widgets/framework.dart:4037)
I/flutter (21416): #28     ComponentElement.performRebuild (package:flutter/src/widgets/framework.dart:5841)
I/flutter (21416): #29     StatefulElement.performRebuild (package:flutter/src/widgets/framework.dart:5982)
I/flutter (21416): #30     Element.rebuild (package:flutter/src/widgets/framework.dart:5529)
I/flutter (21416): #31     StatefulElement.update (package:flutter/src/widgets/framework.dart:6007)
I/flutter (21416): #32     Element.updateChild (package:flutter/src/widgets/framework.dart:4037)
I/flutter (21416): #33     SingleChildRenderObjectElement.update (package:flutter/src/widgets/framework.dart:7122)
I/flutter (21416): #34     Element.updateChild (package:flutter/src/widgets/framework.dart:4037)
I/flutter (21416): #35     ComponentElement.performRebuild (package:flutter/src/widgets/framework.dart:5841)
I/flutter (21416): #36     Element.rebuild (package:flutter/src/widgets/framework.dart:5529)
I/flutter (21416): #37     ProxyElement.update (package:flutter/src/widgets/framework.dart:6149)
I/flutter (21416): #38     Element.updateChild (package:flutter/src/widgets/framework.dart:4037)
I/flutter (21416): #39     SingleChildRenderObjectElement.update (package:flutter/src/widgets/framework.dart:7122)
I/flutter (21416): #40     Element.updateChild (package:flutter/src/widgets/framework.dart:4037)
I/flutter (21416): #41     ComponentElement.performRebuild (package:flutter/src/widgets/framework.dart:5841)
I/flutter (21416): #42     Element.rebuild (package:flutter/src/widgets/framework.dart:5529)
I/flutter (21416): #43     ProxyElement.update (package:flutter/src/widgets/framework.dart:6149)
I/flutter (21416): #44     Element.updateChild (package:flutter/src/widgets/framework.dart:4037)
I/flutter (21416): #45     SingleChildRenderObjectElement.update (package:flutter/src/widgets/framework.dart:7122)
I/flutter (21416): #46     Element.updateChild (package:flutter/src/widgets/framework.dart:4037)
I/flutter (21416): #47     SingleChildRenderObjectElement.update (package:flutter/src/widgets/framework.dart:7122)
I/flutter (21416): #48     Element.updateChild (package:flutter/src/widgets/framework.dart:4037)
I/flutter (21416): #49     ComponentElement.performRebuild (package:flutter/src/widgets/framework.dart:5841)
I/flutter (21416): #50     StatefulElement.performRebuild (package:flutter/src/widgets/framework.dart:5982)
I/flutter (21416): #51     Element.rebuild (package:flutter/src/widgets/framework.dart:5529)
I/flutter (21416): #52     StatefulElement.update (package:flutter/src/widgets/framework.dart:6007)
I/flutter (21416): #53     Element.updateChild (package:flutter/src/widgets/framework.dart:4037)
I/flutter (21416): #54     ComponentElement.performRebuild (package:flutter/src/widgets/framework.dart:5841)
I/flutter (21416): #55     Element.rebuild (package:flutter/src/widgets/framework.dart:5529)
I/flutter (21416): #56     StatelessElement.update (package:flutter/src/widgets/framework.dart:5895)
I/flutter (21416): #57     Element.updateChild (package:flutter/src/widgets/framework.dart:4037)
I/flutter (21416): #58     SingleChildRenderObjectElement.update (package:flutter/src/widgets/framework.dart:7122)
I/flutter (21416): #59     Element.updateChild (package:flutter/src/widgets/framework.dart:4037)
I/flutter (21416): #60     ComponentElement.performRebuild (package:flutter/src/widgets/framework.dart:5841)
I/flutter (21416): #61     StatefulElement.performRebuild (package:flutter/src/widgets/framework.dart:5982)
I/flutter (21416): #62     Element.rebuild (package:flutter/src/widgets/framework.dart:5529)
I/flutter (21416): #63     StatefulElement.update (package:flutter/src/widgets/framework.dart:6007)
I/flutter (21416): #64     Element.updateChild (package:flutter/src/widgets/framework.dart:4037)
I/flutter (21416): #65     ComponentElement.performRebuild (package:flutter/src/widgets/framework.dart:5841)
I/flutter (21416): #66     Element.rebuild (package:flutter/src/widgets/framework.dart:5529)
I/flutter (21416): #67     ProxyElement.update (package:flutter/src/widgets/framework.dart:6149)
I/flutter (21416): #68     Element.updateChild (package:flutter/src/widgets/framework.dart:4037)
I/flutter (21416): #69     ComponentElement.performRebuild (package:flutter/src/widgets/framework.dart:5841)
I/flutter (21416): #70     StatefulElement.performRebuild (package:flutter/src/widgets/framework.dart:5982)
I/flutter (21416): #71     Element.rebuild (package:flutter/src/widgets/framework.dart:5529)
I/flutter (21416): #72     StatefulElement.update (package:flutter/src/widgets/framework.dart:6007)
I/flutter (21416): #73     Element.updateChild (package:flutter/src/widgets/framework.dart:4037)
I/flutter (21416): #74     ComponentElement.performRebuild (package:flutter/src/widgets/framework.dart:5841)
I/flutter (21416): #75     StatefulElement.performRebuild (package:flutter/src/widgets/framework.dart:5982)
I/flutter (21416): #76     Element.rebuild (package:flutter/src/widgets/framework.dart:5529)
I/flutter (21416): #77     StatefulElement.update (package:flutter/src/widgets/framework.dart:6007)
I/flutter (21416): #78     Element.updateChild (package:flutter/src/widgets/framework.dart:4037)
I/flutter (21416): #79     ComponentElement.performRebuild (package:flutter/src/widgets/framework.dart:5841)
I/flutter (21416): #80     Element.rebuild (package:flutter/src/widgets/framework.dart:5529)
I/flutter (21416): #81     ProxyElement.update (package:flutter/src/widgets/framework.dart:6149)
I/flutter (21416): #82     Element.updateChild (package:flutter/src/widgets/framework.dart:4037)
I/flutter (21416): #83     ComponentElement.performRebuild (package:flutter/src/widgets/framework.dart:5841)
I/flutter (21416): #84     Element.rebuild (package:flutter/src/widgets/framework.dart:5529)
I/flutter (21416): #85     StatelessElement.update (package:flutter/src/widgets/framework.dart:5895)
I/flutter (21416): #86     Element.updateChild (package:flutter/src/widgets/framework.dart:4037)
I/flutter (21416): #87     ComponentElement.performRebuild (package:flutter/src/widgets/framework.dart:5841)
I/flutter (21416): #88     StatefulElement.performRebuild (package:flutter/src/widgets/framework.dart:5982)
I/flutter (21416): #89     Element.rebuild (package:flutter/src/widgets/framework.dart:5529)
I/flutter (21416): #90     StatefulElement.update (package:flutter/src/widgets/framework.dart:6007)
I/flutter (21416): #91     Element.updateChild (package:flutter/src/widgets/framework.dart:4037)
I/flutter (21416): #92     ComponentElement.performRebuild (package:flutter/src/widgets/framework.dart:5841)
I/flutter (21416): #93     StatefulElement.performRebuild (package:flutter/src/widgets/framework.dart:5982)
I/flutter (21416): #94     Element.rebuild (package:flutter/src/widgets/framework.dart:5529)
I/flutter (21416): #95     BuildScope._tryRebuild (package:flutter/src/widgets/framework.dart:2750)
I/flutter (21416): #96     BuildScope._flushDirtyElements (package:flutter/src/widgets/framework.dart:2807)
I/flutter (21416): #97     BuildOwner.buildScope (package:flutter/src/widgets/framework.dart:3111)
I/flutter (21416): #98     WidgetsBinding.drawFrame (package:flutter/src/widgets/binding.dart:1571)
I/flutter (21416): #99     RendererBinding._handlePersistentFrameCallback (package:flutter/src/rendering/binding.dart:509)
I/flutter (21416): [SPM:perf] 698a51a  buildSpan: 8449µs
I/flutter (21416): [spm] Performance monitoring completed for 698a51a
[spm]: ProfilerData event received.
I/flutter (21416): setState 698a51a
I/flutter (21416): Null check operator used on a null value
I/flutter (21416): #0      _ReorderableListViewState._itemBuilder (package:flutter/src/material/reorderable_list.dart:380)
I/flutter (21416): #1      SliverReorderableListState._itemBuilder (package:flutter/src/widgets/reorderable_list.dart:1146)
I/flutter (21416): #2      SliverChildBuilderDelegate.build (package:flutter/src/widgets/scroll_delegate.dart:552)
I/flutter (21416): #3      SliverMultiBoxAdaptorElement._build (package:flutter/src/widgets/sliver.dart:1055)
I/flutter (21416): #4      SliverMultiBoxAdaptorElement.performRebuild.processElement (package:flutter/src/widgets/sliver.dart:981)
I/flutter (21416): #5      Iterable.forEach (dart:core/iterable.dart:366)
I/flutter (21416): #6      SliverMultiBoxAdaptorElement.performRebuild (package:flutter/src/widgets/sliver.dart:1032)
I/flutter (21416): #7      SliverMultiBoxAdaptorElement.update (package:flutter/src/widgets/sliver.dart:955)
I/flutter (21416): #8      Element.updateChild (package:flutter/src/widgets/framework.dart:4037)
I/flutter (21416): #9      ComponentElement.performRebuild (package:flutter/src/widgets/framework.dart:5841)
I/flutter (21416): #10     StatefulElement.performRebuild (package:flutter/src/widgets/framework.dart:5982)
I/flutter (21416): #11     Element.rebuild (package:flutter/src/widgets/framework.dart:5529)
I/flutter (21416): #12     StatefulElement.update (package:flutter/src/widgets/framework.dart:6007)
I/flutter (21416): #13     Element.updateChild (package:flutter/src/widgets/framework.dart:4037)
I/flutter (21416): #14     SingleChildRenderObjectElement.update (package:flutter/src/widgets/framework.dart:7122)
I/flutter (21416): #15     Element.updateChild (package:flutter/src/widgets/framework.dart:4037)
I/flutter (21416): #16     Element.updateChildren (package:flutter/src/widgets/framework.dart:4191)
I/flutter (21416): #17     MultiChildRenderObjectElement.update (package:flutter/src/widgets/framework.dart:7295)
I/flutter (21416): #18     _ViewportElement.update (package:flutter/src/widgets/viewport.dart:293)
I/flutter (21416): #19     Element.updateChild (package:flutter/src/widgets/framework.dart:4037)
I/flutter (21416): #20     SingleChildRenderObjectElement.update (package:flutter/src/widgets/framework.dart:7122)
I/flutter (21416): #21     Element.updateChild (package:flutter/src/widgets/framework.dart:4037)
I/flutter (21416): #22     SingleChildRenderObjectElement.update (package:flutter/src/widgets/framework.dart:7122)
I/flutter (21416): #23     Element.updateChild (package:flutter/src/widgets/framework.dart:4037)
I/flutter (21416): #24     SingleChildRenderObjectElement.update (package:flutter/src/widgets/framework.dart:7122)
I/flutter (21416): #25     Element.updateChild (package:flutter/src/widgets/framework.dart:4037)
I/flutter (21416): #26     SingleChildRenderObjectElement.update (package:flutter/src/widgets/framework.dart:7122)
I/flutter (21416): #27     Element.updateChild (package:flutter/src/widgets/framework.dart:4037)
I/flutter (21416): #28     ComponentElement.performRebuild (package:flutter/src/widgets/framework.dart:5841)
I/flutter (21416): #29     StatefulElement.performRebuild (package:flutter/src/widgets/framework.dart:5982)
I/flutter (21416): #30     Element.rebuild (package:flutter/src/widgets/framework.dart:5529)
I/flutter (21416): #31     StatefulElement.update (package:flutter/src/widgets/framework.dart:6007)
I/flutter (21416): #32     Element.updateChild (package:flutter/src/widgets/framework.dart:4037)
I/flutter (21416): #33     SingleChildRenderObjectElement.update (package:flutter/src/widgets/framework.dart:7122)
I/flutter (21416): #34     Element.updateChild (package:flutter/src/widgets/framework.dart:4037)
I/flutter (21416): #35     ComponentElement.performRebuild (package:flutter/src/widgets/framework.dart:5841)
I/flutter (21416): #36     Element.rebuild (package:flutter/src/widgets/framework.dart:5529)
I/flutter (21416): #37     ProxyElement.update (package:flutter/src/widgets/framework.dart:6149)
I/flutter (21416): #38     Element.updateChild (package:flutter/src/widgets/framework.dart:4037)
I/flutter (21416): #39     SingleChildRenderObjectElement.update (package:flutter/src/widgets/framework.dart:7122)
I/flutter (21416): #40     Element.updateChild (package:flutter/src/widgets/framework.dart:4037)
I/flutter (21416): #41     ComponentElement.performRebuild (package:flutter/src/widgets/framework.dart:5841)
I/flutter (21416): #42     Element.rebuild (package:flutter/src/widgets/framework.dart:5529)
I/flutter (21416): #43     ProxyElement.update (package:flutter/src/widgets/framework.dart:6149)
I/flutter (21416): #44     Element.updateChild (package:flutter/src/widgets/framework.dart:4037)
I/flutter (21416): #45     SingleChildRenderObjectElement.update (package:flutter/src/widgets/framework.dart:7122)
I/flutter (21416): #46     Element.updateChild (package:flutter/src/widgets/framework.dart:4037)
I/flutter (21416): #47     SingleChildRenderObjectElement.update (package:flutter/src/widgets/framework.dart:7122)
I/flutter (21416): #48     Element.updateChild (package:flutter/src/widgets/framework.dart:4037)
I/flutter (21416): #49     ComponentElement.performRebuild (package:flutter/src/widgets/framework.dart:5841)
I/flutter (21416): #50     StatefulElement.performRebuild (package:flutter/src/widgets/framework.dart:5982)
I/flutter (21416): #51     Element.rebuild (package:flutter/src/widgets/framework.dart:5529)
I/flutter (21416): #52     StatefulElement.update (package:flutter/src/widgets/framework.dart:6007)
I/flutter (21416): #53     Element.updateChild (package:flutter/src/widgets/framework.dart:4037)
I/flutter (21416): #54     ComponentElement.performRebuild (package:flutter/src/widgets/framework.dart:5841)
I/flutter (21416): #55     Element.rebuild (package:flutter/src/widgets/framework.dart:5529)
I/flutter (21416): #56     StatelessElement.update (package:flutter/src/widgets/framework.dart:5895)
I/flutter (21416): #57     Element.updateChild (package:flutter/src/widgets/framework.dart:4037)
I/flutter (21416): #58     SingleChildRenderObjectElement.update (package:flutter/src/widgets/framework.dart:7122)
I/flutter (21416): #59     Element.updateChild (package:flutter/src/widgets/framework.dart:4037)
I/flutter (21416): #60     ComponentElement.performRebuild (package:flutter/src/widgets/framework.dart:5841)
I/flutter (21416): #61     StatefulElement.performRebuild (package:flutter/src/widgets/framework.dart:5982)
I/flutter (21416): #62     Element.rebuild (package:flutter/src/widgets/framework.dart:5529)
I/flutter (21416): #63     StatefulElement.update (package:flutter/src/widgets/framework.dart:6007)
I/flutter (21416): #64     Element.updateChild (package:flutter/src/widgets/framework.dart:4037)
I/flutter (21416): #65     ComponentElement.performRebuild (package:flutter/src/widgets/framework.dart:5841)
I/flutter (21416): #66     Element.rebuild (package:flutter/src/widgets/framework.dart:5529)
I/flutter (21416): #67     ProxyElement.update (package:flutter/src/widgets/framework.dart:6149)
I/flutter (21416): #68     Element.updateChild (package:flutter/src/widgets/framework.dart:4037)
I/flutter (21416): #69     ComponentElement.performRebuild (package:flutter/src/widgets/framework.dart:5841)
I/flutter (21416): #70     StatefulElement.performRebuild (package:flutter/src/widgets/framework.dart:5982)
I/flutter (21416): #71     Element.rebuild (package:flutter/src/widgets/framework.dart:5529)
I/flutter (21416): #72     StatefulElement.update (package:flutter/src/widgets/framework.dart:6007)
I/flutter (21416): #73     Element.updateChild (package:flutter/src/widgets/framework.dart:4037)
I/flutter (21416): #74     ComponentElement.performRebuild (package:flutter/src/widgets/framework.dart:5841)
I/flutter (21416): #75     StatefulElement.performRebuild (package:flutter/src/widgets/framework.dart:5982)
I/flutter (21416): #76     Element.rebuild (package:flutter/src/widgets/framework.dart:5529)
I/flutter (21416): #77     StatefulElement.update (package:flutter/src/widgets/framework.dart:6007)
I/flutter (21416): #78     Element.updateChild (package:flutter/src/widgets/framework.dart:4037)
I/flutter (21416): #79     ComponentElement.performRebuild (package:flutter/src/widgets/framework.dart:5841)
I/flutter (21416): #80     Element.rebuild (package:flutter/src/widgets/framework.dart:5529)
I/flutter (21416): #81     ProxyElement.update (package:flutter/src/widgets/framework.dart:6149)
I/flutter (21416): #82     Element.updateChild (package:flutter/src/widgets/framework.dart:4037)
I/flutter (21416): #83     ComponentElement.performRebuild (package:flutter/src/widgets/framework.dart:5841)
I/flutter (21416): #84     Element.rebuild (package:flutter/src/widgets/framework.dart:5529)
I/flutter (21416): #85     StatelessElement.update (package:flutter/src/widgets/framework.dart:5895)
I/flutter (21416): #86     Element.updateChild (package:flutter/src/widgets/framework.dart:4037)
I/flutter (21416): #87     ComponentElement.performRebuild (package:flutter/src/widgets/framework.dart:5841)
I/flutter (21416): #88     StatefulElement.performRebuild (package:flutter/src/widgets/framework.dart:5982)
I/flutter (21416): #89     Element.rebuild (package:flutter/src/widgets/framework.dart:5529)
I/flutter (21416): #90     StatefulElement.update (package:flutter/src/widgets/framework.dart:6007)
I/flutter (21416): #91     Element.updateChild (package:flutter/src/widgets/framework.dart:4037)
I/flutter (21416): #92     ComponentElement.performRebuild (package:flutter/src/widgets/framework.dart:5841)
I/flutter (21416): #93     StatefulElement.performRebuild (package:flutter/src/widgets/framework.dart:5982)
I/flutter (21416): #94     Element.rebuild (package:flutter/src/widgets/framework.dart:5529)
I/flutter (21416): #95     BuildScope._tryRebuild (package:flutter/src/widgets/framework.dart:2750)
I/flutter (21416): #96     BuildScope._flushDirtyElements (package:flutter/src/widgets/framework.dart:2807)
I/flutter (21416): #97     BuildOwner.buildScope (package:flutter/src/widgets/framework.dart:3111)
I/flutter (21416): #98     WidgetsBinding.drawFrame (package:flutter/src/widgets/binding.dart:1571)
I/flutter (21416): #99     RendererBinding._handlePersistentFrameCallback (package:flutter/src/rendering/binding.dart:509)
[spm]: ProfilerData event received.
I/flutter (21416): [SPM:perf] 698a51a  buildSpan: 8771µs
I/flutter (21416): [spm] Performance monitoring completed for 698a51a
I/flutter (21416): setState 698a51a
I/flutter (21416): Null check operator used on a null value
I/flutter (21416): #0      _ReorderableListViewState._itemBuilder (package:flutter/src/material/reorderable_list.dart:380)
I/flutter (21416): #1      SliverReorderableListState._itemBuilder (package:flutter/src/widgets/reorderable_list.dart:1146)
I/flutter (21416): #2      SliverChildBuilderDelegate.build (package:flutter/src/widgets/scroll_delegate.dart:552)
I/flutter (21416): #3      SliverMultiBoxAdaptorElement._build (package:flutter/src/widgets/sliver.dart:1055)
I/flutter (21416): #4      SliverMultiBoxAdaptorElement.performRebuild.processElement (package:flutter/src/widgets/sliver.dart:981)
I/flutter (21416): #5      Iterable.forEach (dart:core/iterable.dart:366)
I/flutter (21416): #6      SliverMultiBoxAdaptorElement.performRebuild (package:flutter/src/widgets/sliver.dart:1032)
I/flutter (21416): #7      SliverMultiBoxAdaptorElement.update (package:flutter/src/widgets/sliver.dart:955)
I/flutter (21416): #8      Element.updateChild (package:flutter/src/widgets/framework.dart:4037)
I/flutter (21416): #9      ComponentElement.performRebuild (package:flutter/src/widgets/framework.dart:5841)
I/flutter (21416): #10     StatefulElement.performRebuild (package:flutter/src/widgets/framework.dart:5982)
I/flutter (21416): #11     Element.rebuild (package:flutter/src/widgets/framework.dart:5529)
I/flutter (21416): #12     StatefulElement.update (package:flutter/src/widgets/framework.dart:6007)
I/flutter (21416): #13     Element.updateChild (package:flutter/src/widgets/framework.dart:4037)
I/flutter (21416): #14     SingleChildRenderObjectElement.update (package:flutter/src/widgets/framework.dart:7122)
I/flutter (21416): #15     Element.updateChild (package:flutter/src/widgets/framework.dart:4037)
I/flutter (21416): #16     Element.updateChildren (package:flutter/src/widgets/framework.dart:4191)
I/flutter (21416): #17     MultiChildRenderObjectElement.update (package:flutter/src/widgets/framework.dart:7295)
I/flutter (21416): #18     _ViewportElement.update (package:flutter/src/widgets/viewport.dart:293)
I/flutter (21416): #19     Element.updateChild (package:flutter/src/widgets/framework.dart:4037)
I/flutter (21416): #20     SingleChildRenderObjectElement.update (package:flutter/src/widgets/framework.dart:7122)
I/flutter (21416): #21     Element.updateChild (package:flutter/src/widgets/framework.dart:4037)
I/flutter (21416): #22     SingleChildRenderObjectElement.update (package:flutter/src/widgets/framework.dart:7122)
I/flutter (21416): #23     Element.updateChild (package:flutter/src/widgets/framework.dart:4037)
I/flutter (21416): #24     SingleChildRenderObjectElement.update (package:flutter/src/widgets/framework.dart:7122)
I/flutter (21416): #25     Element.updateChild (package:flutter/src/widgets/framework.dart:4037)
I/flutter (21416): #26     SingleChildRenderObjectElement.update (package:flutter/src/widgets/framework.dart:7122)
I/flutter (21416): #27     Element.updateChild (package:flutter/src/widgets/framework.dart:4037)
I/flutter (21416): #28     ComponentElement.performRebuild (package:flutter/src/widgets/framework.dart:5841)
I/flutter (21416): #29     StatefulElement.performRebuild (package:flutter/src/widgets/framework.dart:5982)
I/flutter (21416): #30     Element.rebuild (package:flutter/src/widgets/framework.dart:5529)
I/flutter (21416): #31     StatefulElement.update (package:flutter/src/widgets/framework.dart:6007)
I/flutter (21416): #32     Element.updateChild (package:flutter/src/widgets/framework.dart:4037)
I/flutter (21416): #33     SingleChildRenderObjectElement.update (package:flutter/src/widgets/framework.dart:7122)
I/flutter (21416): #34     Element.updateChild (package:flutter/src/widgets/framework.dart:4037)
I/flutter (21416): #35     ComponentElement.performRebuild (package:flutter/src/widgets/framework.dart:5841)
I/flutter (21416): #36     Element.rebuild (package:flutter/src/widgets/framework.dart:5529)
I/flutter (21416): #37     ProxyElement.update (package:flutter/src/widgets/framework.dart:6149)
I/flutter (21416): #38     Element.updateChild (package:flutter/src/widgets/framework.dart:4037)
I/flutter (21416): #39     SingleChildRenderObjectElement.update (package:flutter/src/widgets/framework.dart:7122)
I/flutter (21416): #40     Element.updateChild (package:flutter/src/widgets/framework.dart:4037)
I/flutter (21416): #41     ComponentElement.performRebuild (package:flutter/src/widgets/framework.dart:5841)
I/flutter (21416): #42     Element.rebuild (package:flutter/src/widgets/framework.dart:5529)
I/flutter (21416): #43     ProxyElement.update (package:flutter/src/widgets/framework.dart:6149)
I/flutter (21416): #44     Element.updateChild (package:flutter/src/widgets/framework.dart:4037)
I/flutter (21416): #45     SingleChildRenderObjectElement.update (package:flutter/src/widgets/framework.dart:7122)
I/flutter (21416): #46     Element.updateChild (package:flutter/src/widgets/framework.dart:4037)
I/flutter (21416): #47     SingleChildRenderObjectElement.update (package:flutter/src/widgets/framework.dart:7122)
I/flutter (21416): #48     Element.updateChild (package:flutter/src/widgets/framework.dart:4037)
I/flutter (21416): #49     ComponentElement.performRebuild (package:flutter/src/widgets/framework.dart:5841)
I/flutter (21416): #50     StatefulElement.performRebuild (package:flutter/src/widgets/framework.dart:5982)
I/flutter (21416): #51     Element.rebuild (package:flutter/src/widgets/framework.dart:5529)
I/flutter (21416): #52     StatefulElement.update (package:flutter/src/widgets/framework.dart:6007)
I/flutter (21416): #53     Element.updateChild (package:flutter/src/widgets/framework.dart:4037)
I/flutter (21416): #54     ComponentElement.performRebuild (package:flutter/src/widgets/framework.dart:5841)
I/flutter (21416): #55     Element.rebuild (package:flutter/src/widgets/framework.dart:5529)
I/flutter (21416): #56     StatelessElement.update (package:flutter/src/widgets/framework.dart:5895)
I/flutter (21416): #57     Element.updateChild (package:flutter/src/widgets/framework.dart:4037)
I/flutter (21416): #58     SingleChildRenderObjectElement.update (package:flutter/src/widgets/framework.dart:7122)
I/flutter (21416): #59     Element.updateChild (package:flutter/src/widgets/framework.dart:4037)
I/flutter (21416): #60     ComponentElement.performRebuild (package:flutter/src/widgets/framework.dart:5841)
I/flutter (21416): #61     StatefulElement.performRebuild (package:flutter/src/widgets/framework.dart:5982)
I/flutter (21416): #62     Element.rebuild (package:flutter/src/widgets/framework.dart:5529)
I/flutter (21416): #63     StatefulElement.update (package:flutter/src/widgets/framework.dart:6007)
I/flutter (21416): #64     Element.updateChild (package:flutter/src/widgets/framework.dart:4037)
I/flutter (21416): #65     ComponentElement.performRebuild (package:flutter/src/widgets/framework.dart:5841)
I/flutter (21416): #66     Element.rebuild (package:flutter/src/widgets/framework.dart:5529)
I/flutter (21416): #67     ProxyElement.update (package:flutter/src/widgets/framework.dart:6149)
I/flutter (21416): #68     Element.updateChild (package:flutter/src/widgets/framework.dart:4037)
I/flutter (21416): #69     ComponentElement.performRebuild (package:flutter/src/widgets/framework.dart:5841)
I/flutter (21416): #70     StatefulElement.performRebuild (package:flutter/src/widgets/framework.dart:5982)
I/flutter (21416): #71     Element.rebuild (package:flutter/src/widgets/framework.dart:5529)
I/flutter (21416): #72     StatefulElement.update (package:flutter/src/widgets/framework.dart:6007)
I/flutter (21416): #73     Element.updateChild (package:flutter/src/widgets/framework.dart:4037)
I/flutter (21416): #74     ComponentElement.performRebuild (package:flutter/src/widgets/framework.dart:5841)
I/flutter (21416): #75     StatefulElement.performRebuild (package:flutter/src/widgets/framework.dart:5982)
I/flutter (21416): #76     Element.rebuild (package:flutter/src/widgets/framework.dart:5529)
I/flutter (21416): #77     StatefulElement.update (package:flutter/src/widgets/framework.dart:6007)
I/flutter (21416): #78     Element.updateChild (package:flutter/src/widgets/framework.dart:4037)
I/flutter (21416): #79     ComponentElement.performRebuild (package:flutter/src/widgets/framework.dart:5841)
I/flutter (21416): #80     Element.rebuild (package:flutter/src/widgets/framework.dart:5529)
I/flutter (21416): #81     ProxyElement.update (package:flutter/src/widgets/framework.dart:6149)
I/flutter (21416): #82     Element.updateChild (package:flutter/src/widgets/framework.dart:4037)
I/flutter (21416): #83     ComponentElement.performRebuild (package:flutter/src/widgets/framework.dart:5841)
I/flutter (21416): #84     Element.rebuild (package:flutter/src/widgets/framework.dart:5529)
I/flutter (21416): #85     StatelessElement.update (package:flutter/src/widgets/framework.dart:5895)
I/flutter (21416): #86     Element.updateChild (package:flutter/src/widgets/framework.dart:4037)
I/flutter (21416): #87     ComponentElement.performRebuild (package:flutter/src/widgets/framework.dart:5841)
I/flutter (21416): #88     StatefulElement.performRebuild (package:flutter/src/widgets/framework.dart:5982)
I/flutter (21416): #89     Element.rebuild (package:flutter/src/widgets/framework.dart:5529)
I/flutter (21416): #90     StatefulElement.update (package:flutter/src/widgets/framework.dart:6007)
I/flutter (21416): #91     Element.updateChild (package:flutter/src/widgets/framework.dart:4037)
I/flutter (21416): #92     ComponentElement.performRebuild (package:flutter/src/widgets/framework.dart:5841)
I/flutter (21416): #93     StatefulElement.performRebuild (package:flutter/src/widgets/framework.dart:5982)
I/flutter (21416): #94     Element.rebuild (package:flutter/src/widgets/framework.dart:5529)
I/flutter (21416): #95     BuildScope._tryRebuild (package:flutter/src/widgets/framework.dart:2750)
I/flutter (21416): #96     BuildScope._flushDirtyElements (package:flutter/src/widgets/framework.dart:2807)
I/flutter (21416): #97     BuildOwner.buildScope (package:flutter/src/widgets/framework.dart:3111)
I/flutter (21416): #98     WidgetsBinding.drawFrame (package:flutter/src/widgets/binding.dart:1571)
I/flutter (21416): #99     RendererBinding._handlePersistentFrameCallback (package:flutter/src/rendering/binding.dart:509)
[spm]: ProfilerData event received.
I/flutter (21416): [SPM:perf] 698a51a  buildSpan: 8241µs
I/flutter (21416): [spm] Performance monitoring completed for 698a51a
I/flutter (21416): setState 698a51a
I/flutter (21416): Null check operator used on a null value
I/flutter (21416): #0      _ReorderableListViewState._itemBuilder (package:flutter/src/material/reorderable_list.dart:380)
I/flutter (21416): #1      SliverReorderableListState._itemBuilder (package:flutter/src/widgets/reorderable_list.dart:1146)
I/flutter (21416): #2      SliverChildBuilderDelegate.build (package:flutter/src/widgets/scroll_delegate.dart:552)
I/flutter (21416): #3      SliverMultiBoxAdaptorElement._build (package:flutter/src/widgets/sliver.dart:1055)
I/flutter (21416): #4      SliverMultiBoxAdaptorElement.performRebuild.processElement (package:flutter/src/widgets/sliver.dart:981)
I/flutter (21416): #5      Iterable.forEach (dart:core/iterable.dart:366)
I/flutter (21416): #6      SliverMultiBoxAdaptorElement.performRebuild (package:flutter/src/widgets/sliver.dart:1032)
I/flutter (21416): #7      SliverMultiBoxAdaptorElement.update (package:flutter/src/widgets/sliver.dart:955)
I/flutter (21416): #8      Element.updateChild (package:flutter/src/widgets/framework.dart:4037)
I/flutter (21416): #9      ComponentElement.performRebuild (package:flutter/src/widgets/framework.dart:5841)
I/flutter (21416): #10     StatefulElement.performRebuild (package:flutter/src/widgets/framework.dart:5982)
I/flutter (21416): #11     Element.rebuild (package:flutter/src/widgets/framework.dart:5529)
I/flutter (21416): #12     StatefulElement.update (package:flutter/src/widgets/framework.dart:6007)
I/flutter (21416): #13     Element.updateChild (package:flutter/src/widgets/framework.dart:4037)
I/flutter (21416): #14     SingleChildRenderObjectElement.update (package:flutter/src/widgets/framework.dart:7122)
I/flutter (21416): #15     Element.updateChild (package:flutter/src/widgets/framework.dart:4037)
I/flutter (21416): #16     Element.updateChildren (package:flutter/src/widgets/framework.dart:4191)
I/flutter (21416): #17     MultiChildRenderObjectElement.update (package:flutter/src/widgets/framework.dart:7295)
I/flutter (21416): #18     _ViewportElement.update (package:flutter/src/widgets/viewport.dart:293)
I/flutter (21416): #19     Element.updateChild (package:flutter/src/widgets/framework.dart:4037)
I/flutter (21416): #20     SingleChildRenderObjectElement.update (package:flutter/src/widgets/framework.dart:7122)
I/flutter (21416): #21     Element.updateChild (package:flutter/src/widgets/framework.dart:4037)
I/flutter (21416): #22     SingleChildRenderObjectElement.update (package:flutter/src/widgets/framework.dart:7122)
I/flutter (21416): #23     Element.updateChild (package:flutter/src/widgets/framework.dart:4037)
I/flutter (21416): #24     SingleChildRenderObjectElement.update (package:flutter/src/widgets/framework.dart:7122)
I/flutter (21416): #25     Element.updateChild (package:flutter/src/widgets/framework.dart:4037)
I/flutter (21416): #26     SingleChildRenderObjectElement.update (package:flutter/src/widgets/framework.dart:7122)
I/flutter (21416): #27     Element.updateChild (package:flutter/src/widgets/framework.dart:4037)
I/flutter (21416): #28     ComponentElement.performRebuild (package:flutter/src/widgets/framework.dart:5841)
I/flutter (21416): #29     StatefulElement.performRebuild (package:flutter/src/widgets/framework.dart:5982)
I/flutter (21416): #30     Element.rebuild (package:flutter/src/widgets/framework.dart:5529)
I/flutter (21416): #31     StatefulElement.update (package:flutter/src/widgets/framework.dart:6007)
I/flutter (21416): #32     Element.updateChild (package:flutter/src/widgets/framework.dart:4037)
I/flutter (21416): #33     SingleChildRenderObjectElement.update (package:flutter/src/widgets/framework.dart:7122)
I/flutter (21416): #34     Element.updateChild (package:flutter/src/widgets/framework.dart:4037)
I/flutter (21416): #35     ComponentElement.performRebuild (package:flutter/src/widgets/framework.dart:5841)
I/flutter (21416): #36     Element.rebuild (package:flutter/src/widgets/framework.dart:5529)
I/flutter (21416): #37     ProxyElement.update (package:flutter/src/widgets/framework.dart:6149)
I/flutter (21416): #38     Element.updateChild (package:flutter/src/widgets/framework.dart:4037)
I/flutter (21416): #39     SingleChildRenderObjectElement.update (package:flutter/src/widgets/framework.dart:7122)
I/flutter (21416): #40     Element.updateChild (package:flutter/src/widgets/framework.dart:4037)
I/flutter (21416): #41     ComponentElement.performRebuild (package:flutter/src/widgets/framework.dart:5841)
I/flutter (21416): #42     Element.rebuild (package:flutter/src/widgets/framework.dart:5529)
I/flutter (21416): #43     ProxyElement.update (package:flutter/src/widgets/framework.dart:6149)
I/flutter (21416): #44     Element.updateChild (package:flutter/src/widgets/framework.dart:4037)
I/flutter (21416): #45     SingleChildRenderObjectElement.update (package:flutter/src/widgets/framework.dart:7122)
I/flutter (21416): #46     Element.updateChild (package:flutter/src/widgets/framework.dart:4037)
I/flutter (21416): #47     SingleChildRenderObjectElement.update (package:flutter/src/widgets/framework.dart:7122)
I/flutter (21416): #48     Element.updateChild (package:flutter/src/widgets/framework.dart:4037)
I/flutter (21416): #49     ComponentElement.performRebuild (package:flutter/src/widgets/framework.dart:5841)
I/flutter (21416): #50     StatefulElement.performRebuild (package:flutter/src/widgets/framework.dart:5982)
I/flutter (21416): #51     Element.rebuild (package:flutter/src/widgets/framework.dart:5529)
I/flutter (21416): #52     StatefulElement.update (package:flutter/src/widgets/framework.dart:6007)
I/flutter (21416): #53     Element.updateChild (package:flutter/src/widgets/framework.dart:4037)
I/flutter (21416): #54     ComponentElement.performRebuild (package:flutter/src/widgets/framework.dart:5841)
I/flutter (21416): #55     Element.rebuild (package:flutter/src/widgets/framework.dart:5529)
I/flutter (21416): #56     StatelessElement.update (package:flutter/src/widgets/framework.dart:5895)
I/flutter (21416): #57     Element.updateChild (package:flutter/src/widgets/framework.dart:4037)
I/flutter (21416): #58     SingleChildRenderObjectElement.update (package:flutter/src/widgets/framework.dart:7122)
I/flutter (21416): #59     Element.updateChild (package:flutter/src/widgets/framework.dart:4037)
I/flutter (21416): #60     ComponentElement.performRebuild (package:flutter/src/widgets/framework.dart:5841)
I/flutter (21416): #61     StatefulElement.performRebuild (package:flutter/src/widgets/framework.dart:5982)
I/flutter (21416): #62     Element.rebuild (package:flutter/src/widgets/framework.dart:5529)
I/flutter (21416): #63     StatefulElement.update (package:flutter/src/widgets/framework.dart:6007)
I/flutter (21416): #64     Element.updateChild (package:flutter/src/widgets/framework.dart:4037)
I/flutter (21416): #65     ComponentElement.performRebuild (package:flutter/src/widgets/framework.dart:5841)
I/flutter (21416): #66     Element.rebuild (package:flutter/src/widgets/framework.dart:5529)
I/flutter (21416): #67     ProxyElement.update (package:flutter/src/widgets/framework.dart:6149)
I/flutter (21416): #68     Element.updateChild (package:flutter/src/widgets/framework.dart:4037)
I/flutter (21416): #69     ComponentElement.performRebuild (package:flutter/src/widgets/framework.dart:5841)
I/flutter (21416): #70     StatefulElement.performRebuild (package:flutter/src/widgets/framework.dart:5982)
I/flutter (21416): #71     Element.rebuild (package:flutter/src/widgets/framework.dart:5529)
I/flutter (21416): #72     StatefulElement.update (package:flutter/src/widgets/framework.dart:6007)
I/flutter (21416): #73     Element.updateChild (package:flutter/src/widgets/framework.dart:4037)
I/flutter (21416): #74     ComponentElement.performRebuild (package:flutter/src/widgets/framework.dart:5841)
I/flutter (21416): #75     StatefulElement.performRebuild (package:flutter/src/widgets/framework.dart:5982)
I/flutter (21416): #76     Element.rebuild (package:flutter/src/widgets/framework.dart:5529)
I/flutter (21416): #77     StatefulElement.update (package:flutter/src/widgets/framework.dart:6007)
I/flutter (21416): #78     Element.updateChild (package:flutter/src/widgets/framework.dart:4037)
I/flutter (21416): #79     ComponentElement.performRebuild (package:flutter/src/widgets/framework.dart:5841)
I/flutter (21416): #80     Element.rebuild (package:flutter/src/widgets/framework.dart:5529)
I/flutter (21416): #81     ProxyElement.update (package:flutter/src/widgets/framework.dart:6149)
I/flutter (21416): #82     Element.updateChild (package:flutter/src/widgets/framework.dart:4037)
I/flutter (21416): #83     ComponentElement.performRebuild (package:flutter/src/widgets/framework.dart:5841)
I/flutter (21416): #84     Element.rebuild (package:flutter/src/widgets/framework.dart:5529)
I/flutter (21416): #85     StatelessElement.update (package:flutter/src/widgets/framework.dart:5895)
I/flutter (21416): #86     Element.updateChild (package:flutter/src/widgets/framework.dart:4037)
I/flutter (21416): #87     ComponentElement.performRebuild (package:flutter/src/widgets/framework.dart:5841)
I/flutter (21416): #88     StatefulElement.performRebuild (package:flutter/src/widgets/framework.dart:5982)
I/flutter (21416): #89     Element.rebuild (package:flutter/src/widgets/framework.dart:5529)
I/flutter (21416): #90     StatefulElement.update (package:flutter/src/widgets/framework.dart:6007)
I/flutter (21416): #91     Element.updateChild (package:flutter/src/widgets/framework.dart:4037)
I/flutter (21416): #92     ComponentElement.performRebuild (package:flutter/src/widgets/framework.dart:5841)
I/flutter (21416): #93     StatefulElement.performRebuild (package:flutter/src/widgets/framework.dart:5982)
I/flutter (21416): #94     Element.rebuild (package:flutter/src/widgets/framework.dart:5529)
I/flutter (21416): #95     BuildScope._tryRebuild (package:flutter/src/widgets/framework.dart:2750)
I/flutter (21416): #96     BuildScope._flushDirtyElements (package:flutter/src/widgets/framework.dart:2807)
I/flutter (21416): #97     BuildOwner.buildScope (package:flutter/src/widgets/framework.dart:3111)
I/flutter (21416): #98     WidgetsBinding.drawFrame (package:flutter/src/widgets/binding.dart:1571)
I/flutter (21416): #99     RendererBinding._handlePersistentFrameCallback (package:flutter/src/rendering/binding.dart:509)
I/flutter (21416): [SPM:perf] 698a51a  buildSpan: 8883µs
I/flutter (21416): [spm] Performance monitoring completed for 698a51a
I/flutter (21416): setState 698a51a
[spm]: ProfilerData event received.
I/flutter (21416): Null check operator used on a null value
I/flutter (21416): #0      _ReorderableListViewState._itemBuilder (package:flutter/src/material/reorderable_list.dart:380)
I/flutter (21416): #1      SliverReorderableListState._itemBuilder (package:flutter/src/widgets/reorderable_list.dart:1146)
I/flutter (21416): #2      SliverChildBuilderDelegate.build (package:flutter/src/widgets/scroll_delegate.dart:552)
I/flutter (21416): #3      SliverMultiBoxAdaptorElement._build (package:flutter/src/widgets/sliver.dart:1055)
I/flutter (21416): #4      SliverMultiBoxAdaptorElement.performRebuild.processElement (package:flutter/src/widgets/sliver.dart:981)
I/flutter (21416): #5      Iterable.forEach (dart:core/iterable.dart:366)
I/flutter (21416): #6      SliverMultiBoxAdaptorElement.performRebuild (package:flutter/src/widgets/sliver.dart:1032)
I/flutter (21416): #7      SliverMultiBoxAdaptorElement.update (package:flutter/src/widgets/sliver.dart:955)
I/flutter (21416): #8      Element.updateChild (package:flutter/src/widgets/framework.dart:4037)
I/flutter (21416): #9      ComponentElement.performRebuild (package:flutter/src/widgets/framework.dart:5841)
I/flutter (21416): #10     StatefulElement.performRebuild (package:flutter/src/widgets/framework.dart:5982)
I/flutter (21416): #11     Element.rebuild (package:flutter/src/widgets/framework.dart:5529)
I/flutter (21416): #12     StatefulElement.update (package:flutter/src/widgets/framework.dart:6007)
I/flutter (21416): #13     Element.updateChild (package:flutter/src/widgets/framework.dart:4037)
I/flutter (21416): #14     SingleChildRenderObjectElement.update (package:flutter/src/widgets/framework.dart:7122)
I/flutter (21416): #15     Element.updateChild (package:flutter/src/widgets/framework.dart:4037)
I/flutter (21416): #16     Element.updateChildren (package:flutter/src/widgets/framework.dart:4191)
I/flutter (21416): #17     MultiChildRenderObjectElement.update (package:flutter/src/widgets/framework.dart:7295)
I/flutter (21416): #18     _ViewportElement.update (package:flutter/src/widgets/viewport.dart:293)
I/flutter (21416): #19     Element.updateChild (package:flutter/src/widgets/framework.dart:4037)
I/flutter (21416): #20     SingleChildRenderObjectElement.update (package:flutter/src/widgets/framework.dart:7122)
I/flutter (21416): #21     Element.updateChild (package:flutter/src/widgets/framework.dart:4037)
I/flutter (21416): #22     SingleChildRenderObjectElement.update (package:flutter/src/widgets/framework.dart:7122)
I/flutter (21416): #23     Element.updateChild (package:flutter/src/widgets/framework.dart:4037)
I/flutter (21416): #24     SingleChildRenderObjectElement.update (package:flutter/src/widgets/framework.dart:7122)
I/flutter (21416): #25     Element.updateChild (package:flutter/src/widgets/framework.dart:4037)
I/flutter (21416): #26     SingleChildRenderObjectElement.update (package:flutter/src/widgets/framework.dart:7122)
I/flutter (21416): #27     Element.updateChild (package:flutter/src/widgets/framework.dart:4037)
I/flutter (21416): #28     ComponentElement.performRebuild (package:flutter/src/widgets/framework.dart:5841)
I/flutter (21416): #29     StatefulElement.performRebuild (package:flutter/src/widgets/framework.dart:5982)
I/flutter (21416): #30     Element.rebuild (package:flutter/src/widgets/framework.dart:5529)
I/flutter (21416): #31     StatefulElement.update (package:flutter/src/widgets/framework.dart:6007)
I/flutter (21416): #32     Element.updateChild (package:flutter/src/widgets/framework.dart:4037)
I/flutter (21416): #33     SingleChildRenderObjectElement.update (package:flutter/src/widgets/framework.dart:7122)
I/flutter (21416): #34     Element.updateChild (package:flutter/src/widgets/framework.dart:4037)
I/flutter (21416): #35     ComponentElement.performRebuild (package:flutter/src/widgets/framework.dart:5841)
I/flutter (21416): #36     Element.rebuild (package:flutter/src/widgets/framework.dart:5529)
I/flutter (21416): #37     ProxyElement.update (package:flutter/src/widgets/framework.dart:6149)
I/flutter (21416): #38     Element.updateChild (package:flutter/src/widgets/framework.dart:4037)
I/flutter (21416): #39     SingleChildRenderObjectElement.update (package:flutter/src/widgets/framework.dart:7122)
I/flutter (21416): #40     Element.updateChild (package:flutter/src/widgets/framework.dart:4037)
I/flutter (21416): #41     ComponentElement.performRebuild (package:flutter/src/widgets/framework.dart:5841)
I/flutter (21416): #42     Element.rebuild (package:flutter/src/widgets/framework.dart:5529)
I/flutter (21416): #43     ProxyElement.update (package:flutter/src/widgets/framework.dart:6149)
I/flutter (21416): #44     Element.updateChild (package:flutter/src/widgets/framework.dart:4037)
I/flutter (21416): #45     SingleChildRenderObjectElement.update (package:flutter/src/widgets/framework.dart:7122)
I/flutter (21416): #46     Element.updateChild (package:flutter/src/widgets/framework.dart:4037)
I/flutter (21416): #47     SingleChildRenderObjectElement.update (package:flutter/src/widgets/framework.dart:7122)
I/flutter (21416): #48     Element.updateChild (package:flutter/src/widgets/framework.dart:4037)
I/flutter (21416): #49     ComponentElement.performRebuild (package:flutter/src/widgets/framework.dart:5841)
I/flutter (21416): #50     StatefulElement.performRebuild (package:flutter/src/widgets/framework.dart:5982)
I/flutter (21416): #51     Element.rebuild (package:flutter/src/widgets/framework.dart:5529)
I/flutter (21416): #52     StatefulElement.update (package:flutter/src/widgets/framework.dart:6007)
I/flutter (21416): #53     Element.updateChild (package:flutter/src/widgets/framework.dart:4037)
I/flutter (21416): #54     ComponentElement.performRebuild (package:flutter/src/widgets/framework.dart:5841)
I/flutter (21416): #55     Element.rebuild (package:flutter/src/widgets/framework.dart:5529)
I/flutter (21416): #56     StatelessElement.update (package:flutter/src/widgets/framework.dart:5895)
I/flutter (21416): #57     Element.updateChild (package:flutter/src/widgets/framework.dart:4037)
I/flutter (21416): #58     SingleChildRenderObjectElement.update (package:flutter/src/widgets/framework.dart:7122)
I/flutter (21416): #59     Element.updateChild (package:flutter/src/widgets/framework.dart:4037)
I/flutter (21416): #60     ComponentElement.performRebuild (package:flutter/src/widgets/framework.dart:5841)
I/flutter (21416): #61     StatefulElement.performRebuild (package:flutter/src/widgets/framework.dart:5982)
I/flutter (21416): #62     Element.rebuild (package:flutter/src/widgets/framework.dart:5529)
I/flutter (21416): #63     StatefulElement.update (package:flutter/src/widgets/framework.dart:6007)
I/flutter (21416): #64     Element.updateChild (package:flutter/src/widgets/framework.dart:4037)
I/flutter (21416): #65     ComponentElement.performRebuild (package:flutter/src/widgets/framework.dart:5841)
I/flutter (21416): #66     Element.rebuild (package:flutter/src/widgets/framework.dart:5529)
I/flutter (21416): #67     ProxyElement.update (package:flutter/src/widgets/framework.dart:6149)
I/flutter (21416): #68     Element.updateChild (package:flutter/src/widgets/framework.dart:4037)
I/flutter (21416): #69     ComponentElement.performRebuild (package:flutter/src/widgets/framework.dart:5841)
I/flutter (21416): #70     StatefulElement.performRebuild (package:flutter/src/widgets/framework.dart:5982)
I/flutter (21416): #71     Element.rebuild (package:flutter/src/widgets/framework.dart:5529)
I/flutter (21416): #72     StatefulElement.update (package:flutter/src/widgets/framework.dart:6007)
I/flutter (21416): #73     Element.updateChild (package:flutter/src/widgets/framework.dart:4037)
I/flutter (21416): #74     ComponentElement.performRebuild (package:flutter/src/widgets/framework.dart:5841)
I/flutter (21416): #75     StatefulElement.performRebuild (package:flutter/src/widgets/framework.dart:5982)
I/flutter (21416): #76     Element.rebuild (package:flutter/src/widgets/framework.dart:5529)
I/flutter (21416): #77     StatefulElement.update (package:flutter/src/widgets/framework.dart:6007)
I/flutter (21416): #78     Element.updateChild (package:flutter/src/widgets/framework.dart:4037)
I/flutter (21416): #79     ComponentElement.performRebuild (package:flutter/src/widgets/framework.dart:5841)
I/flutter (21416): #80     Element.rebuild (package:flutter/src/widgets/framework.dart:5529)
I/flutter (21416): #81     ProxyElement.update (package:flutter/src/widgets/framework.dart:6149)
I/flutter (21416): #82     Element.updateChild (package:flutter/src/widgets/framework.dart:4037)
I/flutter (21416): #83     ComponentElement.performRebuild (package:flutter/src/widgets/framework.dart:5841)
I/flutter (21416): #84     Element.rebuild (package:flutter/src/widgets/framework.dart:5529)
I/flutter (21416): #85     StatelessElement.update (package:flutter/src/widgets/framework.dart:5895)
I/flutter (21416): #86     Element.updateChild (package:flutter/src/widgets/framework.dart:4037)
I/flutter (21416): #87     ComponentElement.performRebuild (package:flutter/src/widgets/framework.dart:5841)
I/flutter (21416): #88     StatefulElement.performRebuild (package:flutter/src/widgets/framework.dart:5982)
I/flutter (21416): #89     Element.rebuild (package:flutter/src/widgets/framework.dart:5529)
I/flutter (21416): #90     StatefulElement.update (package:flutter/src/widgets/framework.dart:6007)
I/flutter (21416): #91     Element.updateChild (package:flutter/src/widgets/framework.dart:4037)
I/flutter (21416): #92     ComponentElement.performRebuild (package:flutter/src/widgets/framework.dart:5841)
I/flutter (21416): #93     StatefulElement.performRebuild (package:flutter/src/widgets/framework.dart:5982)
I/flutter (21416): #94     Element.rebuild (package:flutter/src/widgets/framework.dart:5529)
I/flutter (21416): #95     BuildScope._tryRebuild (package:flutter/src/widgets/framework.dart:2750)
I/flutter (21416): #96     BuildScope._flushDirtyElements (package:flutter/src/widgets/framework.dart:2807)
I/flutter (21416): #97     BuildOwner.buildScope (package:flutter/src/widgets/framework.dart:3111)
I/flutter (21416): #98     WidgetsBinding.drawFrame (package:flutter/src/widgets/binding.dart:1571)
I/flutter (21416): #99     RendererBinding._handlePersistentFrameCallback (package:flutter/src/rendering/binding.dart:509)
[spm]: ProfilerData event received.
I/flutter (21416): [SPM:perf] 698a51a  buildSpan: 8829µs
I/flutter (21416): [spm] Performance monitoring completed for 698a51a
I/flutter (21416): setState 698a51a
I/flutter (21416): Null check operator used on a null value
I/flutter (21416): #0      _ReorderableListViewState._itemBuilder (package:flutter/src/material/reorderable_list.dart:380)
I/flutter (21416): #1      SliverReorderableListState._itemBuilder (package:flutter/src/widgets/reorderable_list.dart:1146)
I/flutter (21416): #2      SliverChildBuilderDelegate.build (package:flutter/src/widgets/scroll_delegate.dart:552)
I/flutter (21416): #3      SliverMultiBoxAdaptorElement._build (package:flutter/src/widgets/sliver.dart:1055)
I/flutter (21416): #4      SliverMultiBoxAdaptorElement.performRebuild.processElement (package:flutter/src/widgets/sliver.dart:981)
I/flutter (21416): #5      Iterable.forEach (dart:core/iterable.dart:366)
I/flutter (21416): #6      SliverMultiBoxAdaptorElement.performRebuild (package:flutter/src/widgets/sliver.dart:1032)
I/flutter (21416): #7      SliverMultiBoxAdaptorElement.update (package:flutter/src/widgets/sliver.dart:955)
I/flutter (21416): #8      Element.updateChild (package:flutter/src/widgets/framework.dart:4037)
I/flutter (21416): #9      ComponentElement.performRebuild (package:flutter/src/widgets/framework.dart:5841)
I/flutter (21416): #10     StatefulElement.performRebuild (package:flutter/src/widgets/framework.dart:5982)
I/flutter (21416): #11     Element.rebuild (package:flutter/src/widgets/framework.dart:5529)
I/flutter (21416): #12     StatefulElement.update (package:flutter/src/widgets/framework.dart:6007)
I/flutter (21416): #13     Element.updateChild (package:flutter/src/widgets/framework.dart:4037)
I/flutter (21416): #14     SingleChildRenderObjectElement.update (package:flutter/src/widgets/framework.dart:7122)
I/flutter (21416): #15     Element.updateChild (package:flutter/src/widgets/framework.dart:4037)
I/flutter (21416): #16     Element.updateChildren (package:flutter/src/widgets/framework.dart:4191)
I/flutter (21416): #17     MultiChildRenderObjectElement.update (package:flutter/src/widgets/framework.dart:7295)
I/flutter (21416): #18     _ViewportElement.update (package:flutter/src/widgets/viewport.dart:293)
I/flutter (21416): #19     Element.updateChild (package:flutter/src/widgets/framework.dart:4037)
I/flutter (21416): #20     SingleChildRenderObjectElement.update (package:flutter/src/widgets/framework.dart:7122)
I/flutter (21416): #21     Element.updateChild (package:flutter/src/widgets/framework.dart:4037)
I/flutter (21416): #22     SingleChildRenderObjectElement.update (package:flutter/src/widgets/framework.dart:7122)
I/flutter (21416): #23     Element.updateChild (package:flutter/src/widgets/framework.dart:4037)
I/flutter (21416): #24     SingleChildRenderObjectElement.update (package:flutter/src/widgets/framework.dart:7122)
I/flutter (21416): #25     Element.updateChild (package:flutter/src/widgets/framework.dart:4037)
I/flutter (21416): #26     SingleChildRenderObjectElement.update (package:flutter/src/widgets/framework.dart:7122)
I/flutter (21416): #27     Element.updateChild (package:flutter/src/widgets/framework.dart:4037)
I/flutter (21416): #28     ComponentElement.performRebuild (package:flutter/src/widgets/framework.dart:5841)
I/flutter (21416): #29     StatefulElement.performRebuild (package:flutter/src/widgets/framework.dart:5982)
I/flutter (21416): #30     Element.rebuild (package:flutter/src/widgets/framework.dart:5529)
I/flutter (21416): #31     StatefulElement.update (package:flutter/src/widgets/framework.dart:6007)
I/flutter (21416): #32     Element.updateChild (package:flutter/src/widgets/framework.dart:4037)
I/flutter (21416): #33     SingleChildRenderObjectElement.update (package:flutter/src/widgets/framework.dart:7122)
I/flutter (21416): #34     Element.updateChild (package:flutter/src/widgets/framework.dart:4037)
I/flutter (21416): #35     ComponentElement.performRebuild (package:flutter/src/widgets/framework.dart:5841)
I/flutter (21416): #36     Element.rebuild (package:flutter/src/widgets/framework.dart:5529)
I/flutter (21416): #37     ProxyElement.update (package:flutter/src/widgets/framework.dart:6149)
I/flutter (21416): #38     Element.updateChild (package:flutter/src/widgets/framework.dart:4037)
I/flutter (21416): #39     SingleChildRenderObjectElement.update (package:flutter/src/widgets/framework.dart:7122)
I/flutter (21416): #40     Element.updateChild (package:flutter/src/widgets/framework.dart:4037)
I/flutter (21416): #41     ComponentElement.performRebuild (package:flutter/src/widgets/framework.dart:5841)
I/flutter (21416): #42     Element.rebuild (package:flutter/src/widgets/framework.dart:5529)
I/flutter (21416): #43     ProxyElement.update (package:flutter/src/widgets/framework.dart:6149)
I/flutter (21416): #44     Element.updateChild (package:flutter/src/widgets/framework.dart:4037)
I/flutter (21416): #45     SingleChildRenderObjectElement.update (package:flutter/src/widgets/framework.dart:7122)
I/flutter (21416): #46     Element.updateChild (package:flutter/src/widgets/framework.dart:4037)
I/flutter (21416): #47     SingleChildRenderObjectElement.update (package:flutter/src/widgets/framework.dart:7122)
I/flutter (21416): #48     Element.updateChild (package:flutter/src/widgets/framework.dart:4037)
I/flutter (21416): #49     ComponentElement.performRebuild (package:flutter/src/widgets/framework.dart:5841)
I/flutter (21416): #50     StatefulElement.performRebuild (package:flutter/src/widgets/framework.dart:5982)
I/flutter (21416): #51     Element.rebuild (package:flutter/src/widgets/framework.dart:5529)
I/flutter (21416): #52     StatefulElement.update (package:flutter/src/widgets/framework.dart:6007)
I/flutter (21416): #53     Element.updateChild (package:flutter/src/widgets/framework.dart:4037)
I/flutter (21416): #54     ComponentElement.performRebuild (package:flutter/src/widgets/framework.dart:5841)
I/flutter (21416): #55     Element.rebuild (package:flutter/src/widgets/framework.dart:5529)
I/flutter (21416): #56     StatelessElement.update (package:flutter/src/widgets/framework.dart:5895)
I/flutter (21416): #57     Element.updateChild (package:flutter/src/widgets/framework.dart:4037)
I/flutter (21416): #58     SingleChildRenderObjectElement.update (package:flutter/src/widgets/framework.dart:7122)
I/flutter (21416): #59     Element.updateChild (package:flutter/src/widgets/framework.dart:4037)
I/flutter (21416): #60     ComponentElement.performRebuild (package:flutter/src/widgets/framework.dart:5841)
I/flutter (21416): #61     StatefulElement.performRebuild (package:flutter/src/widgets/framework.dart:5982)
I/flutter (21416): #62     Element.rebuild (package:flutter/src/widgets/framework.dart:5529)
I/flutter (21416): #63     StatefulElement.update (package:flutter/src/widgets/framework.dart:6007)
I/flutter (21416): #64     Element.updateChild (package:flutter/src/widgets/framework.dart:4037)
I/flutter (21416): #65     ComponentElement.performRebuild (package:flutter/src/widgets/framework.dart:5841)
I/flutter (21416): #66     Element.rebuild (package:flutter/src/widgets/framework.dart:5529)
I/flutter (21416): #67     ProxyElement.update (package:flutter/src/widgets/framework.dart:6149)
I/flutter (21416): #68     Element.updateChild (package:flutter/src/widgets/framework.dart:4037)
I/flutter (21416): #69     ComponentElement.performRebuild (package:flutter/src/widgets/framework.dart:5841)
I/flutter (21416): #70     StatefulElement.performRebuild (package:flutter/src/widgets/framework.dart:5982)
I/flutter (21416): #71     Element.rebuild (package:flutter/src/widgets/framework.dart:5529)
I/flutter (21416): #72     StatefulElement.update (package:flutter/src/widgets/framework.dart:6007)
I/flutter (21416): #73     Element.updateChild (package:flutter/src/widgets/framework.dart:4037)
I/flutter (21416): #74     ComponentElement.performRebuild (package:flutter/src/widgets/framework.dart:5841)
I/flutter (21416): #75     StatefulElement.performRebuild (package:flutter/src/widgets/framework.dart:5982)
I/flutter (21416): #76     Element.rebuild (package:flutter/src/widgets/framework.dart:5529)
I/flutter (21416): #77     StatefulElement.update (package:flutter/src/widgets/framework.dart:6007)
I/flutter (21416): #78     Element.updateChild (package:flutter/src/widgets/framework.dart:4037)
I/flutter (21416): #79     ComponentElement.performRebuild (package:flutter/src/widgets/framework.dart:5841)
I/flutter (21416): #80     Element.rebuild (package:flutter/src/widgets/framework.dart:5529)
I/flutter (21416): #81     ProxyElement.update (package:flutter/src/widgets/framework.dart:6149)
I/flutter (21416): #82     Element.updateChild (package:flutter/src/widgets/framework.dart:4037)
I/flutter (21416): #83     ComponentElement.performRebuild (package:flutter/src/widgets/framework.dart:5841)
I/flutter (21416): #84     Element.rebuild (package:flutter/src/widgets/framework.dart:5529)
I/flutter (21416): #85     StatelessElement.update (package:flutter/src/widgets/framework.dart:5895)
I/flutter (21416): #86     Element.updateChild (package:flutter/src/widgets/framework.dart:4037)
I/flutter (21416): #87     ComponentElement.performRebuild (package:flutter/src/widgets/framework.dart:5841)
I/flutter (21416): #88     StatefulElement.performRebuild (package:flutter/src/widgets/framework.dart:5982)
I/flutter (21416): #89     Element.rebuild (package:flutter/src/widgets/framework.dart:5529)
I/flutter (21416): #90     StatefulElement.update (package:flutter/src/widgets/framework.dart:6007)
I/flutter (21416): #91     Element.updateChild (package:flutter/src/widgets/framework.dart:4037)
I/flutter (21416): #92     ComponentElement.performRebuild (package:flutter/src/widgets/framework.dart:5841)
I/flutter (21416): #93     StatefulElement.performRebuild (package:flutter/src/widgets/framework.dart:5982)
I/flutter (21416): #94     Element.rebuild (package:flutter/src/widgets/framework.dart:5529)
I/flutter (21416): #95     BuildScope._tryRebuild (package:flutter/src/widgets/framework.dart:2750)
I/flutter (21416): #96     BuildScope._flushDirtyElements (package:flutter/src/widgets/framework.dart:2807)
I/flutter (21416): #97     BuildOwner.buildScope (package:flutter/src/widgets/framework.dart:3111)
I/flutter (21416): #98     WidgetsBinding.drawFrame (package:flutter/src/widgets/binding.dart:1571)
I/flutter (21416): #99     RendererBinding._handlePersistentFrameCallback (package:flutter/src/rendering/binding.dart:509)
[spm]: ProfilerData event received.
I/flutter (21416): [SPM:perf] 698a51a  buildSpan: 8456µs
I/flutter (21416): [spm] Performance monitoring completed for 698a51a
I/flutter (21416): setState 698a51a
I/flutter (21416): Null check operator used on a null value
I/flutter (21416): #0      _ReorderableListViewState._itemBuilder (package:flutter/src/material/reorderable_list.dart:380)
I/flutter (21416): #1      SliverReorderableListState._itemBuilder (package:flutter/src/widgets/reorderable_list.dart:1146)
I/flutter (21416): #2      SliverChildBuilderDelegate.build (package:flutter/src/widgets/scroll_delegate.dart:552)
I/flutter (21416): #3      SliverMultiBoxAdaptorElement._build (package:flutter/src/widgets/sliver.dart:1055)
I/flutter (21416): #4      SliverMultiBoxAdaptorElement.performRebuild.processElement (package:flutter/src/widgets/sliver.dart:981)
I/flutter (21416): #5      Iterable.forEach (dart:core/iterable.dart:366)
I/flutter (21416): #6      SliverMultiBoxAdaptorElement.performRebuild (package:flutter/src/widgets/sliver.dart:1032)
I/flutter (21416): #7      SliverMultiBoxAdaptorElement.update (package:flutter/src/widgets/sliver.dart:955)
I/flutter (21416): #8      Element.updateChild (package:flutter/src/widgets/framework.dart:4037)
I/flutter (21416): #9      ComponentElement.performRebuild (package:flutter/src/widgets/framework.dart:5841)
I/flutter (21416): #10     StatefulElement.performRebuild (package:flutter/src/widgets/framework.dart:5982)
I/flutter (21416): #11     Element.rebuild (package:flutter/src/widgets/framework.dart:5529)
I/flutter (21416): #12     StatefulElement.update (package:flutter/src/widgets/framework.dart:6007)
I/flutter (21416): #13     Element.updateChild (package:flutter/src/widgets/framework.dart:4037)
I/flutter (21416): #14     SingleChildRenderObjectElement.update (package:flutter/src/widgets/framework.dart:7122)
I/flutter (21416): #15     Element.updateChild (package:flutter/src/widgets/framework.dart:4037)
I/flutter (21416): #16     Element.updateChildren (package:flutter/src/widgets/framework.dart:4191)
I/flutter (21416): #17     MultiChildRenderObjectElement.update (package:flutter/src/widgets/framework.dart:7295)
I/flutter (21416): #18     _ViewportElement.update (package:flutter/src/widgets/viewport.dart:293)
I/flutter (21416): #19     Element.updateChild (package:flutter/src/widgets/framework.dart:4037)
I/flutter (21416): #20     SingleChildRenderObjectElement.update (package:flutter/src/widgets/framework.dart:7122)
I/flutter (21416): #21     Element.updateChild (package:flutter/src/widgets/framework.dart:4037)
I/flutter (21416): #22     SingleChildRenderObjectElement.update (package:flutter/src/widgets/framework.dart:7122)
I/flutter (21416): #23     Element.updateChild (package:flutter/src/widgets/framework.dart:4037)
I/flutter (21416): #24     SingleChildRenderObjectElement.update (package:flutter/src/widgets/framework.dart:7122)
I/flutter (21416): #25     Element.updateChild (package:flutter/src/widgets/framework.dart:4037)
I/flutter (21416): #26     SingleChildRenderObjectElement.update (package:flutter/src/widgets/framework.dart:7122)
I/flutter (21416): #27     Element.updateChild (package:flutter/src/widgets/framework.dart:4037)
I/flutter (21416): #28     ComponentElement.performRebuild (package:flutter/src/widgets/framework.dart:5841)
I/flutter (21416): #29     StatefulElement.performRebuild (package:flutter/src/widgets/framework.dart:5982)
I/flutter (21416): #30     Element.rebuild (package:flutter/src/widgets/framework.dart:5529)
I/flutter (21416): #31     StatefulElement.update (package:flutter/src/widgets/framework.dart:6007)
I/flutter (21416): #32     Element.updateChild (package:flutter/src/widgets/framework.dart:4037)
I/flutter (21416): #33     SingleChildRenderObjectElement.update (package:flutter/src/widgets/framework.dart:7122)
I/flutter (21416): #34     Element.updateChild (package:flutter/src/widgets/framework.dart:4037)
I/flutter (21416): #35     ComponentElement.performRebuild (package:flutter/src/widgets/framework.dart:5841)
I/flutter (21416): #36     Element.rebuild (package:flutter/src/widgets/framework.dart:5529)
I/flutter (21416): #37     ProxyElement.update (package:flutter/src/widgets/framework.dart:6149)
I/flutter (21416): #38     Element.updateChild (package:flutter/src/widgets/framework.dart:4037)
I/flutter (21416): #39     SingleChildRenderObjectElement.update (package:flutter/src/widgets/framework.dart:7122)
I/flutter (21416): #40     Element.updateChild (package:flutter/src/widgets/framework.dart:4037)
I/flutter (21416): #41     ComponentElement.performRebuild (package:flutter/src/widgets/framework.dart:5841)
I/flutter (21416): #42     Element.rebuild (package:flutter/src/widgets/framework.dart:5529)
I/flutter (21416): #43     ProxyElement.update (package:flutter/src/widgets/framework.dart:6149)
I/flutter (21416): #44     Element.updateChild (package:flutter/src/widgets/framework.dart:4037)
I/flutter (21416): #45     SingleChildRenderObjectElement.update (package:flutter/src/widgets/framework.dart:7122)
I/flutter (21416): #46     Element.updateChild (package:flutter/src/widgets/framework.dart:4037)
I/flutter (21416): #47     SingleChildRenderObjectElement.update (package:flutter/src/widgets/framework.dart:7122)
I/flutter (21416): #48     Element.updateChild (package:flutter/src/widgets/framework.dart:4037)
I/flutter (21416): #49     ComponentElement.performRebuild (package:flutter/src/widgets/framework.dart:5841)
I/flutter (21416): #50     StatefulElement.performRebuild (package:flutter/src/widgets/framework.dart:5982)
I/flutter (21416): #51     Element.rebuild (package:flutter/src/widgets/framework.dart:5529)
I/flutter (21416): #52     StatefulElement.update (package:flutter/src/widgets/framework.dart:6007)
I/flutter (21416): #53     Element.updateChild (package:flutter/src/widgets/framework.dart:4037)
I/flutter (21416): #54     ComponentElement.performRebuild (package:flutter/src/widgets/framework.dart:5841)
I/flutter (21416): #55     Element.rebuild (package:flutter/src/widgets/framework.dart:5529)
I/flutter (21416): #56     StatelessElement.update (package:flutter/src/widgets/framework.dart:5895)
I/flutter (21416): #57     Element.updateChild (package:flutter/src/widgets/framework.dart:4037)
I/flutter (21416): #58     SingleChildRenderObjectElement.update (package:flutter/src/widgets/framework.dart:7122)
I/flutter (21416): #59     Element.updateChild (package:flutter/src/widgets/framework.dart:4037)
I/flutter (21416): #60     ComponentElement.performRebuild (package:flutter/src/widgets/framework.dart:5841)
I/flutter (21416): #61     StatefulElement.performRebuild (package:flutter/src/widgets/framework.dart:5982)
I/flutter (21416): #62     Element.rebuild (package:flutter/src/widgets/framework.dart:5529)
I/flutter (21416): #63     StatefulElement.update (package:flutter/src/widgets/framework.dart:6007)
I/flutter (21416): #64     Element.updateChild (package:flutter/src/widgets/framework.dart:4037)
I/flutter (21416): #65     ComponentElement.performRebuild (package:flutter/src/widgets/framework.dart:5841)
I/flutter (21416): #66     Element.rebuild (package:flutter/src/widgets/framework.dart:5529)
I/flutter (21416): #67     ProxyElement.update (package:flutter/src/widgets/framework.dart:6149)
I/flutter (21416): #68     Element.updateChild (package:flutter/src/widgets/framework.dart:4037)
I/flutter (21416): #69     ComponentElement.performRebuild (package:flutter/src/widgets/framework.dart:5841)
I/flutter (21416): #70     StatefulElement.performRebuild (package:flutter/src/widgets/framework.dart:5982)
I/flutter (21416): #71     Element.rebuild (package:flutter/src/widgets/framework.dart:5529)
I/flutter (21416): #72     StatefulElement.update (package:flutter/src/widgets/framework.dart:6007)
I/flutter (21416): #73     Element.updateChild (package:flutter/src/widgets/framework.dart:4037)
I/flutter (21416): #74     ComponentElement.performRebuild (package:flutter/src/widgets/framework.dart:5841)
I/flutter (21416): #75     StatefulElement.performRebuild (package:flutter/src/widgets/framework.dart:5982)
I/flutter (21416): #76     Element.rebuild (package:flutter/src/widgets/framework.dart:5529)
I/flutter (21416): #77     StatefulElement.update (package:flutter/src/widgets/framework.dart:6007)
I/flutter (21416): #78     Element.updateChild (package:flutter/src/widgets/framework.dart:4037)
I/flutter (21416): #79     ComponentElement.performRebuild (package:flutter/src/widgets/framework.dart:5841)
I/flutter (21416): #80     Element.rebuild (package:flutter/src/widgets/framework.dart:5529)
I/flutter (21416): #81     ProxyElement.update (package:flutter/src/widgets/framework.dart:6149)
I/flutter (21416): #82     Element.updateChild (package:flutter/src/widgets/framework.dart:4037)
I/flutter (21416): #83     ComponentElement.performRebuild (package:flutter/src/widgets/framework.dart:5841)
I/flutter (21416): #84     Element.rebuild (package:flutter/src/widgets/framework.dart:5529)
I/flutter (21416): #85     StatelessElement.update (package:flutter/src/widgets/framework.dart:5895)
I/flutter (21416): #86     Element.updateChild (package:flutter/src/widgets/framework.dart:4037)
I/flutter (21416): #87     ComponentElement.performRebuild (package:flutter/src/widgets/framework.dart:5841)
I/flutter (21416): #88     StatefulElement.performRebuild (package:flutter/src/widgets/framework.dart:5982)
I/flutter (21416): #89     Element.rebuild (package:flutter/src/widgets/framework.dart:5529)
I/flutter (21416): #90     StatefulElement.update (package:flutter/src/widgets/framework.dart:6007)
I/flutter (21416): #91     Element.updateChild (package:flutter/src/widgets/framework.dart:4037)
I/flutter (21416): #92     ComponentElement.performRebuild (package:flutter/src/widgets/framework.dart:5841)
I/flutter (21416): #93     StatefulElement.performRebuild (package:flutter/src/widgets/framework.dart:5982)
I/flutter (21416): #94     Element.rebuild (package:flutter/src/widgets/framework.dart:5529)
I/flutter (21416): #95     BuildScope._tryRebuild (package:flutter/src/widgets/framework.dart:2750)
I/flutter (21416): #96     BuildScope._flushDirtyElements (package:flutter/src/widgets/framework.dart:2807)
I/flutter (21416): #97     BuildOwner.buildScope (package:flutter/src/widgets/framework.dart:3111)
I/flutter (21416): #98     WidgetsBinding.drawFrame (package:flutter/src/widgets/binding.dart:1571)
I/flutter (21416): #99     RendererBinding._handlePersistentFrameCallback (package:flutter/src/rendering/binding.dart:509)
[spm]: ProfilerData event received.
I/flutter (21416): [SPM:perf] 698a51a  buildSpan: 8303µs
I/flutter (21416): [spm] Performance monitoring completed for 698a51a
I/flutter (21416): setState 698a51a
I/flutter (21416): Null check operator used on a null value
I/flutter (21416): #0      _ReorderableListViewState._itemBuilder (package:flutter/src/material/reorderable_list.dart:380)
I/flutter (21416): #1      SliverReorderableListState._itemBuilder (package:flutter/src/widgets/reorderable_list.dart:1146)
I/flutter (21416): #2      SliverChildBuilderDelegate.build (package:flutter/src/widgets/scroll_delegate.dart:552)
I/flutter (21416): #3      SliverMultiBoxAdaptorElement._build (package:flutter/src/widgets/sliver.dart:1055)
I/flutter (21416): #4      SliverMultiBoxAdaptorElement.performRebuild.processElement (package:flutter/src/widgets/sliver.dart:981)
I/flutter (21416): #5      Iterable.forEach (dart:core/iterable.dart:366)
I/flutter (21416): #6      SliverMultiBoxAdaptorElement.performRebuild (package:flutter/src/widgets/sliver.dart:1032)
I/flutter (21416): #7      SliverMultiBoxAdaptorElement.update (package:flutter/src/widgets/sliver.dart:955)
I/flutter (21416): #8      Element.updateChild (package:flutter/src/widgets/framework.dart:4037)
I/flutter (21416): #9      ComponentElement.performRebuild (package:flutter/src/widgets/framework.dart:5841)
I/flutter (21416): #10     StatefulElement.performRebuild (package:flutter/src/widgets/framework.dart:5982)
I/flutter (21416): #11     Element.rebuild (package:flutter/src/widgets/framework.dart:5529)
I/flutter (21416): #12     StatefulElement.update (package:flutter/src/widgets/framework.dart:6007)
I/flutter (21416): #13     Element.updateChild (package:flutter/src/widgets/framework.dart:4037)
I/flutter (21416): #14     SingleChildRenderObjectElement.update (package:flutter/src/widgets/framework.dart:7122)
I/flutter (21416): #15     Element.updateChild (package:flutter/src/widgets/framework.dart:4037)
I/flutter (21416): #16     Element.updateChildren (package:flutter/src/widgets/framework.dart:4191)
I/flutter (21416): #17     MultiChildRenderObjectElement.update (package:flutter/src/widgets/framework.dart:7295)
I/flutter (21416): #18     _ViewportElement.update (package:flutter/src/widgets/viewport.dart:293)
I/flutter (21416): #19     Element.updateChild (package:flutter/src/widgets/framework.dart:4037)
I/flutter (21416): #20     SingleChildRenderObjectElement.update (package:flutter/src/widgets/framework.dart:7122)
I/flutter (21416): #21     Element.updateChild (package:flutter/src/widgets/framework.dart:4037)
I/flutter (21416): #22     SingleChildRenderObjectElement.update (package:flutter/src/widgets/framework.dart:7122)
I/flutter (21416): #23     Element.updateChild (package:flutter/src/widgets/framework.dart:4037)
I/flutter (21416): #24     SingleChildRenderObjectElement.update (package:flutter/src/widgets/framework.dart:7122)
I/flutter (21416): #25     Element.updateChild (package:flutter/src/widgets/framework.dart:4037)
I/flutter (21416): #26     SingleChildRenderObjectElement.update (package:flutter/src/widgets/framework.dart:7122)
I/flutter (21416): #27     Element.updateChild (package:flutter/src/widgets/framework.dart:4037)
I/flutter (21416): #28     ComponentElement.performRebuild (package:flutter/src/widgets/framework.dart:5841)
I/flutter (21416): #29     StatefulElement.performRebuild (package:flutter/src/widgets/framework.dart:5982)
I/flutter (21416): #30     Element.rebuild (package:flutter/src/widgets/framework.dart:5529)
I/flutter (21416): #31     StatefulElement.update (package:flutter/src/widgets/framework.dart:6007)
I/flutter (21416): #32     Element.updateChild (package:flutter/src/widgets/framework.dart:4037)
I/flutter (21416): #33     SingleChildRenderObjectElement.update (package:flutter/src/widgets/framework.dart:7122)
I/flutter (21416): #34     Element.updateChild (package:flutter/src/widgets/framework.dart:4037)
I/flutter (21416): #35     ComponentElement.performRebuild (package:flutter/src/widgets/framework.dart:5841)
I/flutter (21416): #36     Element.rebuild (package:flutter/src/widgets/framework.dart:5529)
I/flutter (21416): #37     ProxyElement.update (package:flutter/src/widgets/framework.dart:6149)
I/flutter (21416): #38     Element.updateChild (package:flutter/src/widgets/framework.dart:4037)
I/flutter (21416): #39     SingleChildRenderObjectElement.update (package:flutter/src/widgets/framework.dart:7122)
I/flutter (21416): #40     Element.updateChild (package:flutter/src/widgets/framework.dart:4037)
I/flutter (21416): #41     ComponentElement.performRebuild (package:flutter/src/widgets/framework.dart:5841)
I/flutter (21416): #42     Element.rebuild (package:flutter/src/widgets/framework.dart:5529)
I/flutter (21416): #43     ProxyElement.update (package:flutter/src/widgets/framework.dart:6149)
I/flutter (21416): #44     Element.updateChild (package:flutter/src/widgets/framework.dart:4037)
I/flutter (21416): #45     SingleChildRenderObjectElement.update (package:flutter/src/widgets/framework.dart:7122)
I/flutter (21416): #46     Element.updateChild (package:flutter/src/widgets/framework.dart:4037)
I/flutter (21416): #47     SingleChildRenderObjectElement.update (package:flutter/src/widgets/framework.dart:7122)
I/flutter (21416): #48     Element.updateChild (package:flutter/src/widgets/framework.dart:4037)
I/flutter (21416): #49     ComponentElement.performRebuild (package:flutter/src/widgets/framework.dart:5841)
I/flutter (21416): #50     StatefulElement.performRebuild (package:flutter/src/widgets/framework.dart:5982)
I/flutter (21416): #51     Element.rebuild (package:flutter/src/widgets/framework.dart:5529)
I/flutter (21416): #52     StatefulElement.update (package:flutter/src/widgets/framework.dart:6007)
I/flutter (21416): #53     Element.updateChild (package:flutter/src/widgets/framework.dart:4037)
I/flutter (21416): #54     ComponentElement.performRebuild (package:flutter/src/widgets/framework.dart:5841)
I/flutter (21416): #55     Element.rebuild (package:flutter/src/widgets/framework.dart:5529)
I/flutter (21416): #56     StatelessElement.update (package:flutter/src/widgets/framework.dart:5895)
I/flutter (21416): #57     Element.updateChild (package:flutter/src/widgets/framework.dart:4037)
I/flutter (21416): #58     SingleChildRenderObjectElement.update (package:flutter/src/widgets/framework.dart:7122)
I/flutter (21416): #59     Element.updateChild (package:flutter/src/widgets/framework.dart:4037)
I/flutter (21416): #60     ComponentElement.performRebuild (package:flutter/src/widgets/framework.dart:5841)
I/flutter (21416): #61     StatefulElement.performRebuild (package:flutter/src/widgets/framework.dart:5982)
I/flutter (21416): #62     Element.rebuild (package:flutter/src/widgets/framework.dart:5529)
I/flutter (21416): #63     StatefulElement.update (package:flutter/src/widgets/framework.dart:6007)
I/flutter (21416): #64     Element.updateChild (package:flutter/src/widgets/framework.dart:4037)
I/flutter (21416): #65     ComponentElement.performRebuild (package:flutter/src/widgets/framework.dart:5841)
I/flutter (21416): #66     Element.rebuild (package:flutter/src/widgets/framework.dart:5529)
I/flutter (21416): #67     ProxyElement.update (package:flutter/src/widgets/framework.dart:6149)
I/flutter (21416): #68     Element.updateChild (package:flutter/src/widgets/framework.dart:4037)
I/flutter (21416): #69     ComponentElement.performRebuild (package:flutter/src/widgets/framework.dart:5841)
I/flutter (21416): #70     StatefulElement.performRebuild (package:flutter/src/widgets/framework.dart:5982)
I/flutter (21416): #71     Element.rebuild (package:flutter/src/widgets/framework.dart:5529)
I/flutter (21416): #72     StatefulElement.update (package:flutter/src/widgets/framework.dart:6007)
I/flutter (21416): #73     Element.updateChild (package:flutter/src/widgets/framework.dart:4037)
I/flutter (21416): #74     ComponentElement.performRebuild (package:flutter/src/widgets/framework.dart:5841)
I/flutter (21416): #75     StatefulElement.performRebuild (package:flutter/src/widgets/framework.dart:5982)
I/flutter (21416): #76     Element.rebuild (package:flutter/src/widgets/framework.dart:5529)
I/flutter (21416): #77     StatefulElement.update (package:flutter/src/widgets/framework.dart:6007)
I/flutter (21416): #78     Element.updateChild (package:flutter/src/widgets/framework.dart:4037)
I/flutter (21416): #79     ComponentElement.performRebuild (package:flutter/src/widgets/framework.dart:5841)
I/flutter (21416): #80     Element.rebuild (package:flutter/src/widgets/framework.dart:5529)
I/flutter (21416): #81     ProxyElement.update (package:flutter/src/widgets/framework.dart:6149)
I/flutter (21416): #82     Element.updateChild (package:flutter/src/widgets/framework.dart:4037)
I/flutter (21416): #83     ComponentElement.performRebuild (package:flutter/src/widgets/framework.dart:5841)
I/flutter (21416): #84     Element.rebuild (package:flutter/src/widgets/framework.dart:5529)
I/flutter (21416): #85     StatelessElement.update (package:flutter/src/widgets/framework.dart:5895)
I/flutter (21416): #86     Element.updateChild (package:flutter/src/widgets/framework.dart:4037)
I/flutter (21416): #87     ComponentElement.performRebuild (package:flutter/src/widgets/framework.dart:5841)
I/flutter (21416): #88     StatefulElement.performRebuild (package:flutter/src/widgets/framework.dart:5982)
I/flutter (21416): #89     Element.rebuild (package:flutter/src/widgets/framework.dart:5529)
I/flutter (21416): #90     StatefulElement.update (package:flutter/src/widgets/framework.dart:6007)
I/flutter (21416): #91     Element.updateChild (package:flutter/src/widgets/framework.dart:4037)
I/flutter (21416): #92     ComponentElement.performRebuild (package:flutter/src/widgets/framework.dart:5841)
I/flutter (21416): #93     StatefulElement.performRebuild (package:flutter/src/widgets/framework.dart:5982)
I/flutter (21416): #94     Element.rebuild (package:flutter/src/widgets/framework.dart:5529)
I/flutter (21416): #95     BuildScope._tryRebuild (package:flutter/src/widgets/framework.dart:2750)
I/flutter (21416): #96     BuildScope._flushDirtyElements (package:flutter/src/widgets/framework.dart:2807)
I/flutter (21416): #97     BuildOwner.buildScope (package:flutter/src/widgets/framework.dart:3111)
I/flutter (21416): #98     WidgetsBinding.drawFrame (package:flutter/src/widgets/binding.dart:1571)
I/flutter (21416): #99     RendererBinding._handlePersistentFrameCallback (package:flutter/src/rendering/binding.dart:509)
[spm]: ProfilerData event received.
I/flutter (21416): [SPM:perf] 698a51a  buildSpan: 8384µs
I/flutter (21416): [spm] Performance monitoring completed for 698a51a
I/flutter (21416): setState 698a51a
I/flutter (21416): Null check operator used on a null value
I/flutter (21416): #0      _ReorderableListViewState._itemBuilder (package:flutter/src/material/reorderable_list.dart:380)
I/flutter (21416): #1      SliverReorderableListState._itemBuilder (package:flutter/src/widgets/reorderable_list.dart:1146)
I/flutter (21416): #2      SliverChildBuilderDelegate.build (package:flutter/src/widgets/scroll_delegate.dart:552)
I/flutter (21416): #3      SliverMultiBoxAdaptorElement._build (package:flutter/src/widgets/sliver.dart:1055)
I/flutter (21416): #4      SliverMultiBoxAdaptorElement.performRebuild.processElement (package:flutter/src/widgets/sliver.dart:981)
I/flutter (21416): #5      Iterable.forEach (dart:core/iterable.dart:366)
I/flutter (21416): #6      SliverMultiBoxAdaptorElement.performRebuild (package:flutter/src/widgets/sliver.dart:1032)
I/flutter (21416): #7      SliverMultiBoxAdaptorElement.update (package:flutter/src/widgets/sliver.dart:955)
I/flutter (21416): #8      Element.updateChild (package:flutter/src/widgets/framework.dart:4037)
I/flutter (21416): #9      ComponentElement.performRebuild (package:flutter/src/widgets/framework.dart:5841)
I/flutter (21416): #10     StatefulElement.performRebuild (package:flutter/src/widgets/framework.dart:5982)
I/flutter (21416): #11     Element.rebuild (package:flutter/src/widgets/framework.dart:5529)
I/flutter (21416): #12     StatefulElement.update (package:flutter/src/widgets/framework.dart:6007)
I/flutter (21416): #13     Element.updateChild (package:flutter/src/widgets/framework.dart:4037)
I/flutter (21416): #14     SingleChildRenderObjectElement.update (package:flutter/src/widgets/framework.dart:7122)
I/flutter (21416): #15     Element.updateChild (package:flutter/src/widgets/framework.dart:4037)
I/flutter (21416): #16     Element.updateChildren (package:flutter/src/widgets/framework.dart:4191)
I/flutter (21416): #17     MultiChildRenderObjectElement.update (package:flutter/src/widgets/framework.dart:7295)
I/flutter (21416): #18     _ViewportElement.update (package:flutter/src/widgets/viewport.dart:293)
I/flutter (21416): #19     Element.updateChild (package:flutter/src/widgets/framework.dart:4037)
I/flutter (21416): #20     SingleChildRenderObjectElement.update (package:flutter/src/widgets/framework.dart:7122)
I/flutter (21416): #21     Element.updateChild (package:flutter/src/widgets/framework.dart:4037)
I/flutter (21416): #22     SingleChildRenderObjectElement.update (package:flutter/src/widgets/framework.dart:7122)
I/flutter (21416): #23     Element.updateChild (package:flutter/src/widgets/framework.dart:4037)
I/flutter (21416): #24     SingleChildRenderObjectElement.update (package:flutter/src/widgets/framework.dart:7122)
I/flutter (21416): #25     Element.updateChild (package:flutter/src/widgets/framework.dart:4037)
I/flutter (21416): #26     SingleChildRenderObjectElement.update (package:flutter/src/widgets/framework.dart:7122)
I/flutter (21416): #27     Element.updateChild (package:flutter/src/widgets/framework.dart:4037)
I/flutter (21416): #28     ComponentElement.performRebuild (package:flutter/src/widgets/framework.dart:5841)
I/flutter (21416): #29     StatefulElement.performRebuild (package:flutter/src/widgets/framework.dart:5982)
I/flutter (21416): #30     Element.rebuild (package:flutter/src/widgets/framework.dart:5529)
I/flutter (21416): #31     StatefulElement.update (package:flutter/src/widgets/framework.dart:6007)
I/flutter (21416): #32     Element.updateChild (package:flutter/src/widgets/framework.dart:4037)
I/flutter (21416): #33     SingleChildRenderObjectElement.update (package:flutter/src/widgets/framework.dart:7122)
I/flutter (21416): #34     Element.updateChild (package:flutter/src/widgets/framework.dart:4037)
I/flutter (21416): #35     ComponentElement.performRebuild (package:flutter/src/widgets/framework.dart:5841)
I/flutter (21416): #36     Element.rebuild (package:flutter/src/widgets/framework.dart:5529)
I/flutter (21416): #37     ProxyElement.update (package:flutter/src/widgets/framework.dart:6149)
I/flutter (21416): #38     Element.updateChild (package:flutter/src/widgets/framework.dart:4037)
I/flutter (21416): #39     SingleChildRenderObjectElement.update (package:flutter/src/widgets/framework.dart:7122)
I/flutter (21416): #40     Element.updateChild (package:flutter/src/widgets/framework.dart:4037)
I/flutter (21416): #41     ComponentElement.performRebuild (package:flutter/src/widgets/framework.dart:5841)
I/flutter (21416): #42     Element.rebuild (package:flutter/src/widgets/framework.dart:5529)
I/flutter (21416): #43     ProxyElement.update (package:flutter/src/widgets/framework.dart:6149)
I/flutter (21416): #44     Element.updateChild (package:flutter/src/widgets/framework.dart:4037)
I/flutter (21416): #45     SingleChildRenderObjectElement.update (package:flutter/src/widgets/framework.dart:7122)
I/flutter (21416): #46     Element.updateChild (package:flutter/src/widgets/framework.dart:4037)
I/flutter (21416): #47     SingleChildRenderObjectElement.update (package:flutter/src/widgets/framework.dart:7122)
I/flutter (21416): #48     Element.updateChild (package:flutter/src/widgets/framework.dart:4037)
I/flutter (21416): #49     ComponentElement.performRebuild (package:flutter/src/widgets/framework.dart:5841)
I/flutter (21416): #50     StatefulElement.performRebuild (package:flutter/src/widgets/framework.dart:5982)
I/flutter (21416): #51     Element.rebuild (package:flutter/src/widgets/framework.dart:5529)
I/flutter (21416): #52     StatefulElement.update (package:flutter/src/widgets/framework.dart:6007)
I/flutter (21416): #53     Element.updateChild (package:flutter/src/widgets/framework.dart:4037)
I/flutter (21416): #54     ComponentElement.performRebuild (package:flutter/src/widgets/framework.dart:5841)
I/flutter (21416): #55     Element.rebuild (package:flutter/src/widgets/framework.dart:5529)
I/flutter (21416): #56     StatelessElement.update (package:flutter/src/widgets/framework.dart:5895)
I/flutter (21416): #57     Element.updateChild (package:flutter/src/widgets/framework.dart:4037)
I/flutter (21416): #58     SingleChildRenderObjectElement.update (package:flutter/src/widgets/framework.dart:7122)
I/flutter (21416): #59     Element.updateChild (package:flutter/src/widgets/framework.dart:4037)
I/flutter (21416): #60     ComponentElement.performRebuild (package:flutter/src/widgets/framework.dart:5841)
I/flutter (21416): #61     StatefulElement.performRebuild (package:flutter/src/widgets/framework.dart:5982)
I/flutter (21416): #62     Element.rebuild (package:flutter/src/widgets/framework.dart:5529)
I/flutter (21416): #63     StatefulElement.update (package:flutter/src/widgets/framework.dart:6007)
I/flutter (21416): #64     Element.updateChild (package:flutter/src/widgets/framework.dart:4037)
I/flutter (21416): #65     ComponentElement.performRebuild (package:flutter/src/widgets/framework.dart:5841)
I/flutter (21416): #66     Element.rebuild (package:flutter/src/widgets/framework.dart:5529)
I/flutter (21416): #67     ProxyElement.update (package:flutter/src/widgets/framework.dart:6149)
I/flutter (21416): #68     Element.updateChild (package:flutter/src/widgets/framework.dart:4037)
I/flutter (21416): #69     ComponentElement.performRebuild (package:flutter/src/widgets/framework.dart:5841)
I/flutter (21416): #70     StatefulElement.performRebuild (package:flutter/src/widgets/framework.dart:5982)
I/flutter (21416): #71     Element.rebuild (package:flutter/src/widgets/framework.dart:5529)
I/flutter (21416): #72     StatefulElement.update (package:flutter/src/widgets/framework.dart:6007)
I/flutter (21416): #73     Element.updateChild (package:flutter/src/widgets/framework.dart:4037)
I/flutter (21416): #74     ComponentElement.performRebuild (package:flutter/src/widgets/framework.dart:5841)
I/flutter (21416): #75     StatefulElement.performRebuild (package:flutter/src/widgets/framework.dart:5982)
I/flutter (21416): #76     Element.rebuild (package:flutter/src/widgets/framework.dart:5529)
I/flutter (21416): #77     StatefulElement.update (package:flutter/src/widgets/framework.dart:6007)
I/flutter (21416): #78     Element.updateChild (package:flutter/src/widgets/framework.dart:4037)
I/flutter (21416): #79     ComponentElement.performRebuild (package:flutter/src/widgets/framework.dart:5841)
I/flutter (21416): #80     Element.rebuild (package:flutter/src/widgets/framework.dart:5529)
I/flutter (21416): #81     ProxyElement.update (package:flutter/src/widgets/framework.dart:6149)
I/flutter (21416): #82     Element.updateChild (package:flutter/src/widgets/framework.dart:4037)
I/flutter (21416): #83     ComponentElement.performRebuild (package:flutter/src/widgets/framework.dart:5841)
I/flutter (21416): #84     Element.rebuild (package:flutter/src/widgets/framework.dart:5529)
I/flutter (21416): #85     StatelessElement.update (package:flutter/src/widgets/framework.dart:5895)
I/flutter (21416): #86     Element.updateChild (package:flutter/src/widgets/framework.dart:4037)
I/flutter (21416): #87     ComponentElement.performRebuild (package:flutter/src/widgets/framework.dart:5841)
I/flutter (21416): #88     StatefulElement.performRebuild (package:flutter/src/widgets/framework.dart:5982)
I/flutter (21416): #89     Element.rebuild (package:flutter/src/widgets/framework.dart:5529)
I/flutter (21416): #90     StatefulElement.update (package:flutter/src/widgets/framework.dart:6007)
I/flutter (21416): #91     Element.updateChild (package:flutter/src/widgets/framework.dart:4037)
I/flutter (21416): #92     ComponentElement.performRebuild (package:flutter/src/widgets/framework.dart:5841)
I/flutter (21416): #93     StatefulElement.performRebuild (package:flutter/src/widgets/framework.dart:5982)
I/flutter (21416): #94     Element.rebuild (package:flutter/src/widgets/framework.dart:5529)
I/flutter (21416): #95     BuildScope._tryRebuild (package:flutter/src/widgets/framework.dart:2750)
I/flutter (21416): #96     BuildScope._flushDirtyElements (package:flutter/src/widgets/framework.dart:2807)
I/flutter (21416): #97     BuildOwner.buildScope (package:flutter/src/widgets/framework.dart:3111)
I/flutter (21416): #98     WidgetsBinding.drawFrame (package:flutter/src/widgets/binding.dart:1571)
I/flutter (21416): #99     RendererBinding._handlePersistentFrameCallback (package:flutter/src/rendering/binding.dart:509)
[spm]: ProfilerData event received.
I/flutter (21416): [SPM:perf] 698a51a  buildSpan: 8642µs
I/flutter (21416): [spm] Performance monitoring completed for 698a51a
I/flutter (21416): setState 698a51a
I/flutter (21416): Null check operator used on a null value
I/flutter (21416): #0      _ReorderableListViewState._itemBuilder (package:flutter/src/material/reorderable_list.dart:380)
I/flutter (21416): #1      SliverReorderableListState._itemBuilder (package:flutter/src/widgets/reorderable_list.dart:1146)
I/flutter (21416): #2      SliverChildBuilderDelegate.build (package:flutter/src/widgets/scroll_delegate.dart:552)
I/flutter (21416): #3      SliverMultiBoxAdaptorElement._build (package:flutter/src/widgets/sliver.dart:1055)
I/flutter (21416): #4      SliverMultiBoxAdaptorElement.performRebuild.processElement (package:flutter/src/widgets/sliver.dart:981)
I/flutter (21416): #5      Iterable.forEach (dart:core/iterable.dart:366)
I/flutter (21416): #6      SliverMultiBoxAdaptorElement.performRebuild (package:flutter/src/widgets/sliver.dart:1032)
I/flutter (21416): #7      SliverMultiBoxAdaptorElement.update (package:flutter/src/widgets/sliver.dart:955)
I/flutter (21416): #8      Element.updateChild (package:flutter/src/widgets/framework.dart:4037)
I/flutter (21416): #9      ComponentElement.performRebuild (package:flutter/src/widgets/framework.dart:5841)
I/flutter (21416): #10     StatefulElement.performRebuild (package:flutter/src/widgets/framework.dart:5982)
I/flutter (21416): #11     Element.rebuild (package:flutter/src/widgets/framework.dart:5529)
I/flutter (21416): #12     StatefulElement.update (package:flutter/src/widgets/framework.dart:6007)
I/flutter (21416): #13     Element.updateChild (package:flutter/src/widgets/framework.dart:4037)
I/flutter (21416): #14     SingleChildRenderObjectElement.update (package:flutter/src/widgets/framework.dart:7122)
I/flutter (21416): #15     Element.updateChild (package:flutter/src/widgets/framework.dart:4037)
I/flutter (21416): #16     Element.updateChildren (package:flutter/src/widgets/framework.dart:4191)
I/flutter (21416): #17     MultiChildRenderObjectElement.update (package:flutter/src/widgets/framework.dart:7295)
I/flutter (21416): #18     _ViewportElement.update (package:flutter/src/widgets/viewport.dart:293)
I/flutter (21416): #19     Element.updateChild (package:flutter/src/widgets/framework.dart:4037)
I/flutter (21416): #20     SingleChildRenderObjectElement.update (package:flutter/src/widgets/framework.dart:7122)
I/flutter (21416): #21     Element.updateChild (package:flutter/src/widgets/framework.dart:4037)
I/flutter (21416): #22     SingleChildRenderObjectElement.update (package:flutter/src/widgets/framework.dart:7122)
I/flutter (21416): #23     Element.updateChild (package:flutter/src/widgets/framework.dart:4037)
I/flutter (21416): #24     SingleChildRenderObjectElement.update (package:flutter/src/widgets/framework.dart:7122)
I/flutter (21416): #25     Element.updateChild (package:flutter/src/widgets/framework.dart:4037)
I/flutter (21416): #26     SingleChildRenderObjectElement.update (package:flutter/src/widgets/framework.dart:7122)
I/flutter (21416): #27     Element.updateChild (package:flutter/src/widgets/framework.dart:4037)
I/flutter (21416): #28     ComponentElement.performRebuild (package:flutter/src/widgets/framework.dart:5841)
I/flutter (21416): #29     StatefulElement.performRebuild (package:flutter/src/widgets/framework.dart:5982)
I/flutter (21416): #30     Element.rebuild (package:flutter/src/widgets/framework.dart:5529)
I/flutter (21416): #31     StatefulElement.update (package:flutter/src/widgets/framework.dart:6007)
I/flutter (21416): #32     Element.updateChild (package:flutter/src/widgets/framework.dart:4037)
I/flutter (21416): #33     SingleChildRenderObjectElement.update (package:flutter/src/widgets/framework.dart:7122)
I/flutter (21416): #34     Element.updateChild (package:flutter/src/widgets/framework.dart:4037)
I/flutter (21416): #35     ComponentElement.performRebuild (package:flutter/src/widgets/framework.dart:5841)
I/flutter (21416): #36     Element.rebuild (package:flutter/src/widgets/framework.dart:5529)
I/flutter (21416): #37     ProxyElement.update (package:flutter/src/widgets/framework.dart:6149)
I/flutter (21416): #38     Element.updateChild (package:flutter/src/widgets/framework.dart:4037)
I/flutter (21416): #39     SingleChildRenderObjectElement.update (package:flutter/src/widgets/framework.dart:7122)
I/flutter (21416): #40     Element.updateChild (package:flutter/src/widgets/framework.dart:4037)
I/flutter (21416): #41     ComponentElement.performRebuild (package:flutter/src/widgets/framework.dart:5841)
I/flutter (21416): #42     Element.rebuild (package:flutter/src/widgets/framework.dart:5529)
I/flutter (21416): #43     ProxyElement.update (package:flutter/src/widgets/framework.dart:6149)
I/flutter (21416): #44     Element.updateChild (package:flutter/src/widgets/framework.dart:4037)
I/flutter (21416): #45     SingleChildRenderObjectElement.update (package:flutter/src/widgets/framework.dart:7122)
I/flutter (21416): #46     Element.updateChild (package:flutter/src/widgets/framework.dart:4037)
I/flutter (21416): #47     SingleChildRenderObjectElement.update (package:flutter/src/widgets/framework.dart:7122)
I/flutter (21416): #48     Element.updateChild (package:flutter/src/widgets/framework.dart:4037)
I/flutter (21416): #49     ComponentElement.performRebuild (package:flutter/src/widgets/framework.dart:5841)
I/flutter (21416): #50     StatefulElement.performRebuild (package:flutter/src/widgets/framework.dart:5982)
I/flutter (21416): #51     Element.rebuild (package:flutter/src/widgets/framework.dart:5529)
I/flutter (21416): #52     StatefulElement.update (package:flutter/src/widgets/framework.dart:6007)
I/flutter (21416): #53     Element.updateChild (package:flutter/src/widgets/framework.dart:4037)
I/flutter (21416): #54     ComponentElement.performRebuild (package:flutter/src/widgets/framework.dart:5841)
I/flutter (21416): #55     Element.rebuild (package:flutter/src/widgets/framework.dart:5529)
I/flutter (21416): #56     StatelessElement.update (package:flutter/src/widgets/framework.dart:5895)
I/flutter (21416): #57     Element.updateChild (package:flutter/src/widgets/framework.dart:4037)
I/flutter (21416): #58     SingleChildRenderObjectElement.update (package:flutter/src/widgets/framework.dart:7122)
I/flutter (21416): #59     Element.updateChild (package:flutter/src/widgets/framework.dart:4037)
I/flutter (21416): #60     ComponentElement.performRebuild (package:flutter/src/widgets/framework.dart:5841)
I/flutter (21416): #61     StatefulElement.performRebuild (package:flutter/src/widgets/framework.dart:5982)
I/flutter (21416): #62     Element.rebuild (package:flutter/src/widgets/framework.dart:5529)
I/flutter (21416): #63     StatefulElement.update (package:flutter/src/widgets/framework.dart:6007)
I/flutter (21416): #64     Element.updateChild (package:flutter/src/widgets/framework.dart:4037)
I/flutter (21416): #65     ComponentElement.performRebuild (package:flutter/src/widgets/framework.dart:5841)
I/flutter (21416): #66     Element.rebuild (package:flutter/src/widgets/framework.dart:5529)
I/flutter (21416): #67     ProxyElement.update (package:flutter/src/widgets/framework.dart:6149)
I/flutter (21416): #68     Element.updateChild (package:flutter/src/widgets/framework.dart:4037)
I/flutter (21416): #69     ComponentElement.performRebuild (package:flutter/src/widgets/framework.dart:5841)
I/flutter (21416): #70     StatefulElement.performRebuild (package:flutter/src/widgets/framework.dart:5982)
I/flutter (21416): #71     Element.rebuild (package:flutter/src/widgets/framework.dart:5529)
I/flutter (21416): #72     StatefulElement.update (package:flutter/src/widgets/framework.dart:6007)
I/flutter (21416): #73     Element.updateChild (package:flutter/src/widgets/framework.dart:4037)
I/flutter (21416): #74     ComponentElement.performRebuild (package:flutter/src/widgets/framework.dart:5841)
I/flutter (21416): #75     StatefulElement.performRebuild (package:flutter/src/widgets/framework.dart:5982)
I/flutter (21416): #76     Element.rebuild (package:flutter/src/widgets/framework.dart:5529)
I/flutter (21416): #77     StatefulElement.update (package:flutter/src/widgets/framework.dart:6007)
I/flutter (21416): #78     Element.updateChild (package:flutter/src/widgets/framework.dart:4037)
I/flutter (21416): #79     ComponentElement.performRebuild (package:flutter/src/widgets/framework.dart:5841)
I/flutter (21416): #80     Element.rebuild (package:flutter/src/widgets/framework.dart:5529)
I/flutter (21416): #81     ProxyElement.update (package:flutter/src/widgets/framework.dart:6149)
I/flutter (21416): #82     Element.updateChild (package:flutter/src/widgets/framework.dart:4037)
I/flutter (21416): #83     ComponentElement.performRebuild (package:flutter/src/widgets/framework.dart:5841)
I/flutter (21416): #84     Element.rebuild (package:flutter/src/widgets/framework.dart:5529)
I/flutter (21416): #85     StatelessElement.update (package:flutter/src/widgets/framework.dart:5895)
I/flutter (21416): #86     Element.updateChild (package:flutter/src/widgets/framework.dart:4037)
I/flutter (21416): #87     ComponentElement.performRebuild (package:flutter/src/widgets/framework.dart:5841)
I/flutter (21416): #88     StatefulElement.performRebuild (package:flutter/src/widgets/framework.dart:5982)
I/flutter (21416): #89     Element.rebuild (package:flutter/src/widgets/framework.dart:5529)
I/flutter (21416): #90     StatefulElement.update (package:flutter/src/widgets/framework.dart:6007)
I/flutter (21416): #91     Element.updateChild (package:flutter/src/widgets/framework.dart:4037)
I/flutter (21416): #92     ComponentElement.performRebuild (package:flutter/src/widgets/framework.dart:5841)
I/flutter (21416): #93     StatefulElement.performRebuild (package:flutter/src/widgets/framework.dart:5982)
I/flutter (21416): #94     Element.rebuild (package:flutter/src/widgets/framework.dart:5529)
I/flutter (21416): #95     BuildScope._tryRebuild (package:flutter/src/widgets/framework.dart:2750)
I/flutter (21416): #96     BuildScope._flushDirtyElements (package:flutter/src/widgets/framework.dart:2807)
I/flutter (21416): #97     BuildOwner.buildScope (package:flutter/src/widgets/framework.dart:3111)
I/flutter (21416): #98     WidgetsBinding.drawFrame (package:flutter/src/widgets/binding.dart:1571)
I/flutter (21416): #99     RendererBinding._handlePersistentFrameCallback (package:flutter/src/rendering/binding.dart:509)
[spm]: ProfilerData event received.
I/flutter (21416): [SPM:perf] 698a51a  buildSpan: 8640µs
I/flutter (21416): [spm] Performance monitoring completed for 698a51a
I/flutter (21416): setState 698a51a
I/flutter (21416): Null check operator used on a null value
I/flutter (21416): #0      _ReorderableListViewState._itemBuilder (package:flutter/src/material/reorderable_list.dart:380)
I/flutter (21416): #1      SliverReorderableListState._itemBuilder (package:flutter/src/widgets/reorderable_list.dart:1146)
I/flutter (21416): #2      SliverChildBuilderDelegate.build (package:flutter/src/widgets/scroll_delegate.dart:552)
I/flutter (21416): #3      SliverMultiBoxAdaptorElement._build (package:flutter/src/widgets/sliver.dart:1055)
I/flutter (21416): #4      SliverMultiBoxAdaptorElement.performRebuild.processElement (package:flutter/src/widgets/sliver.dart:981)
I/flutter (21416): #5      Iterable.forEach (dart:core/iterable.dart:366)
I/flutter (21416): #6      SliverMultiBoxAdaptorElement.performRebuild (package:flutter/src/widgets/sliver.dart:1032)
I/flutter (21416): #7      SliverMultiBoxAdaptorElement.update (package:flutter/src/widgets/sliver.dart:955)
I/flutter (21416): #8      Element.updateChild (package:flutter/src/widgets/framework.dart:4037)
I/flutter (21416): #9      ComponentElement.performRebuild (package:flutter/src/widgets/framework.dart:5841)
I/flutter (21416): #10     StatefulElement.performRebuild (package:flutter/src/widgets/framework.dart:5982)
I/flutter (21416): #11     Element.rebuild (package:flutter/src/widgets/framework.dart:5529)
I/flutter (21416): #12     StatefulElement.update (package:flutter/src/widgets/framework.dart:6007)
I/flutter (21416): #13     Element.updateChild (package:flutter/src/widgets/framework.dart:4037)
I/flutter (21416): #14     SingleChildRenderObjectElement.update (package:flutter/src/widgets/framework.dart:7122)
I/flutter (21416): #15     Element.updateChild (package:flutter/src/widgets/framework.dart:4037)
I/flutter (21416): #16     Element.updateChildren (package:flutter/src/widgets/framework.dart:4191)
I/flutter (21416): #17     MultiChildRenderObjectElement.update (package:flutter/src/widgets/framework.dart:7295)
I/flutter (21416): #18     _ViewportElement.update (package:flutter/src/widgets/viewport.dart:293)
I/flutter (21416): #19     Element.updateChild (package:flutter/src/widgets/framework.dart:4037)
I/flutter (21416): #20     SingleChildRenderObjectElement.update (package:flutter/src/widgets/framework.dart:7122)
I/flutter (21416): #21     Element.updateChild (package:flutter/src/widgets/framework.dart:4037)
I/flutter (21416): #22     SingleChildRenderObjectElement.update (package:flutter/src/widgets/framework.dart:7122)
I/flutter (21416): #23     Element.updateChild (package:flutter/src/widgets/framework.dart:4037)
I/flutter (21416): #24     SingleChildRenderObjectElement.update (package:flutter/src/widgets/framework.dart:7122)
I/flutter (21416): #25     Element.updateChild (package:flutter/src/widgets/framework.dart:4037)
I/flutter (21416): #26     SingleChildRenderObjectElement.update (package:flutter/src/widgets/framework.dart:7122)
I/flutter (21416): #27     Element.updateChild (package:flutter/src/widgets/framework.dart:4037)
I/flutter (21416): #28     ComponentElement.performRebuild (package:flutter/src/widgets/framework.dart:5841)
I/flutter (21416): #29     StatefulElement.performRebuild (package:flutter/src/widgets/framework.dart:5982)
I/flutter (21416): #30     Element.rebuild (package:flutter/src/widgets/framework.dart:5529)
I/flutter (21416): #31     StatefulElement.update (package:flutter/src/widgets/framework.dart:6007)
I/flutter (21416): #32     Element.updateChild (package:flutter/src/widgets/framework.dart:4037)
I/flutter (21416): #33     SingleChildRenderObjectElement.update (package:flutter/src/widgets/framework.dart:7122)
I/flutter (21416): #34     Element.updateChild (package:flutter/src/widgets/framework.dart:4037)
I/flutter (21416): #35     ComponentElement.performRebuild (package:flutter/src/widgets/framework.dart:5841)
I/flutter (21416): #36     Element.rebuild (package:flutter/src/widgets/framework.dart:5529)
I/flutter (21416): #37     ProxyElement.update (package:flutter/src/widgets/framework.dart:6149)
I/flutter (21416): #38     Element.updateChild (package:flutter/src/widgets/framework.dart:4037)
I/flutter (21416): #39     SingleChildRenderObjectElement.update (package:flutter/src/widgets/framework.dart:7122)
I/flutter (21416): #40     Element.updateChild (package:flutter/src/widgets/framework.dart:4037)
I/flutter (21416): #41     ComponentElement.performRebuild (package:flutter/src/widgets/framework.dart:5841)
I/flutter (21416): #42     Element.rebuild (package:flutter/src/widgets/framework.dart:5529)
I/flutter (21416): #43     ProxyElement.update (package:flutter/src/widgets/framework.dart:6149)
I/flutter (21416): #44     Element.updateChild (package:flutter/src/widgets/framework.dart:4037)
I/flutter (21416): #45     SingleChildRenderObjectElement.update (package:flutter/src/widgets/framework.dart:7122)
I/flutter (21416): #46     Element.updateChild (package:flutter/src/widgets/framework.dart:4037)
I/flutter (21416): #47     SingleChildRenderObjectElement.update (package:flutter/src/widgets/framework.dart:7122)
I/flutter (21416): #48     Element.updateChild (package:flutter/src/widgets/framework.dart:4037)
I/flutter (21416): #49     ComponentElement.performRebuild (package:flutter/src/widgets/framework.dart:5841)
I/flutter (21416): #50     StatefulElement.performRebuild (package:flutter/src/widgets/framework.dart:5982)
I/flutter (21416): #51     Element.rebuild (package:flutter/src/widgets/framework.dart:5529)
I/flutter (21416): #52     StatefulElement.update (package:flutter/src/widgets/framework.dart:6007)
I/flutter (21416): #53     Element.updateChild (package:flutter/src/widgets/framework.dart:4037)
I/flutter (21416): #54     ComponentElement.performRebuild (package:flutter/src/widgets/framework.dart:5841)
I/flutter (21416): #55     Element.rebuild (package:flutter/src/widgets/framework.dart:5529)
I/flutter (21416): #56     StatelessElement.update (package:flutter/src/widgets/framework.dart:5895)
I/flutter (21416): #57     Element.updateChild (package:flutter/src/widgets/framework.dart:4037)
I/flutter (21416): #58     SingleChildRenderObjectElement.update (package:flutter/src/widgets/framework.dart:7122)
I/flutter (21416): #59     Element.updateChild (package:flutter/src/widgets/framework.dart:4037)
I/flutter (21416): #60     ComponentElement.performRebuild (package:flutter/src/widgets/framework.dart:5841)
I/flutter (21416): #61     StatefulElement.performRebuild (package:flutter/src/widgets/framework.dart:5982)
I/flutter (21416): #62     Element.rebuild (package:flutter/src/widgets/framework.dart:5529)
I/flutter (21416): #63     StatefulElement.update (package:flutter/src/widgets/framework.dart:6007)
I/flutter (21416): #64     Element.updateChild (package:flutter/src/widgets/framework.dart:4037)
I/flutter (21416): #65     ComponentElement.performRebuild (package:flutter/src/widgets/framework.dart:5841)
I/flutter (21416): #66     Element.rebuild (package:flutter/src/widgets/framework.dart:5529)
I/flutter (21416): #67     ProxyElement.update (package:flutter/src/widgets/framework.dart:6149)
I/flutter (21416): #68     Element.updateChild (package:flutter/src/widgets/framework.dart:4037)
I/flutter (21416): #69     ComponentElement.performRebuild (package:flutter/src/widgets/framework.dart:5841)
I/flutter (21416): #70     StatefulElement.performRebuild (package:flutter/src/widgets/framework.dart:5982)
I/flutter (21416): #71     Element.rebuild (package:flutter/src/widgets/framework.dart:5529)
I/flutter (21416): #72     StatefulElement.update (package:flutter/src/widgets/framework.dart:6007)
I/flutter (21416): #73     Element.updateChild (package:flutter/src/widgets/framework.dart:4037)
I/flutter (21416): #74     ComponentElement.performRebuild (package:flutter/src/widgets/framework.dart:5841)
I/flutter (21416): #75     StatefulElement.performRebuild (package:flutter/src/widgets/framework.dart:5982)
I/flutter (21416): #76     Element.rebuild (package:flutter/src/widgets/framework.dart:5529)
I/flutter (21416): #77     StatefulElement.update (package:flutter/src/widgets/framework.dart:6007)
I/flutter (21416): #78     Element.updateChild (package:flutter/src/widgets/framework.dart:4037)
I/flutter (21416): #79     ComponentElement.performRebuild (package:flutter/src/widgets/framework.dart:5841)
I/flutter (21416): #80     Element.rebuild (package:flutter/src/widgets/framework.dart:5529)
I/flutter (21416): #81     ProxyElement.update (package:flutter/src/widgets/framework.dart:6149)
I/flutter (21416): #82     Element.updateChild (package:flutter/src/widgets/framework.dart:4037)
I/flutter (21416): #83     ComponentElement.performRebuild (package:flutter/src/widgets/framework.dart:5841)
I/flutter (21416): #84     Element.rebuild (package:flutter/src/widgets/framework.dart:5529)
I/flutter (21416): #85     StatelessElement.update (package:flutter/src/widgets/framework.dart:5895)
I/flutter (21416): #86     Element.updateChild (package:flutter/src/widgets/framework.dart:4037)
I/flutter (21416): #87     ComponentElement.performRebuild (package:flutter/src/widgets/framework.dart:5841)
I/flutter (21416): #88     StatefulElement.performRebuild (package:flutter/src/widgets/framework.dart:5982)
I/flutter (21416): #89     Element.rebuild (package:flutter/src/widgets/framework.dart:5529)
I/flutter (21416): #90     StatefulElement.update (package:flutter/src/widgets/framework.dart:6007)
I/flutter (21416): #91     Element.updateChild (package:flutter/src/widgets/framework.dart:4037)
I/flutter (21416): #92     ComponentElement.performRebuild (package:flutter/src/widgets/framework.dart:5841)
I/flutter (21416): #93     StatefulElement.performRebuild (package:flutter/src/widgets/framework.dart:5982)
I/flutter (21416): #94     Element.rebuild (package:flutter/src/widgets/framework.dart:5529)
I/flutter (21416): #95     BuildScope._tryRebuild (package:flutter/src/widgets/framework.dart:2750)
I/flutter (21416): #96     BuildScope._flushDirtyElements (package:flutter/src/widgets/framework.dart:2807)
I/flutter (21416): #97     BuildOwner.buildScope (package:flutter/src/widgets/framework.dart:3111)
I/flutter (21416): #98     WidgetsBinding.drawFrame (package:flutter/src/widgets/binding.dart:1571)
I/flutter (21416): #99     RendererBinding._handlePersistentFrameCallback (package:flutter/src/rendering/binding.dart:509)
[spm]: ProfilerData event received.
I/flutter (21416): [SPM:perf] 698a51a  buildSpan: 9471µs
I/flutter (21416): [spm] Performance monitoring completed for 698a51a
I/flutter (21416): Multiple exceptions (31) were detected during the running of the current test, and at least one was unexpected.
I/flutter (21416): #0      debugPrintStack (package:flutter/src/foundation/assertions.dart:1213)
I/flutter (21416): #1      FlutterError.dumpErrorToConsole (package:flutter/src/foundation/assertions.dart:1033)
I/flutter (21416): #2      _defaultTestExceptionReporter (package:flutter_test/src/test_exception_reporter.dart:29)
I/flutter (21416): #3      new IntegrationTestWidgetsFlutterBinding.<anonymous closure> (package:integration_test/integration_test.dart:91)
I/flutter (21416): #4      TestWidgetsFlutterBinding._createTestCompletionHandler.<anonymous closure> (package:flutter_test/src/binding.dart:1713)
I/flutter (21416): <asynchronous suspension>
I/flutter (21416): (elided 6 frames from dart:async)
I/flutter (21416): 01:10 +0: Performance Benchmark [E]
I/flutter (21416):   Test failed. See exception logs above.
I/flutter (21416):   The test description was: Performance Benchmark
I/flutter (21416):   
I/flutter (21416): 01:10 +0 -1: (tearDownAll)
I/flutter (21416): 01:11 +1 -1: Some tests failed.
Failure Details:
Failure in method: Performance Benchmark
Instance of 'FlutterErrorDetails'
end of failure 1



[spm]: Saved 30 profiler events to <ROOT>/dataset/26/redmi9t/raw/20260804-043817/mutation_5/e9.jsonl
[spm]: Reverting injection...
1 issue found. (ran in 0.8s)
WARNING: Your Android app project: app located at: <ROOT>/android/app/build.gradle.kts
applies the Kotlin Gradle Plugin, which will cause build failures in future versions of Flutter. 
Please migrate your app to Built-in Kotlin using this guide: https://docs.flutter.dev/release/breaking-changes/migrate-to-built-in-kotlin/for-app-developers

VMServiceFlutterDriver: Connecting to Flutter application at http://127.0.0.1:35783/zej8f66pzXA=/
[spm]: Detected VM service URI: ws://127.0.0.1:35783/zej8f66pzXA=/ws
VMServiceFlutterDriver: Isolate found with number: 7801868046282027
VMServiceFlutterDriver: Isolate 7801868046282027 is runnable.
VMServiceFlutterDriver: Isolate is paused at start.
VMServiceFlutterDriver: Attempting to resume isolate
VMServiceFlutterDriver: Connected to Flutter application.