iso_ts,epoch,elapsed_s,batt_level,batt_status,batt_temp_c,soc_temp_c,current_ma,event
2026-09-17T02:59:15+03:00,1789603155,0,70,3,29.8,35.8,,run
2026-09-17T02:59:21+03:00,1789603161,6,70,3,29.8,34.9,,run
2026-09-17T02:59:26+03:00,1789603166,11,70,3,29.8,35.5,,run
2026-09-17T02:59:32+03:00,1789603172,17,70,3,29.8,35.5,,run
2026-09-17T02:59:37+03:00,1789603177,22,70,3,29.8,34.9,,run
2026-09-17T02:59:43+03:00,1789603183,28,70,3,29.8,35.2,,run
2026-09-17T02:59:48+03:00,1789603188,33,69,3,29.8,34.9,,run
2026-09-17T02:59:54+03:00,1789603194,39,69,3,29.8,34.6,,run
2026-09-17T02:59:59+03:00,1789603199,44,69,3,29.8,34.3,,run
2026-09-17T03:00:05+03:00,1789603205,50,69,3,29.8,34.9,,run
2026-09-17T03:00:10+03:00,1789603210,55,69,3,29.8,34.3,,run
2026-09-17T03:00:16+03:00,1789603216,61,69,3,29.8,34.0,,run
2026-09-17T03:00:21+03:00,1789603221,66,69,3,29.8,40.8,,run
2026-09-17T03:00:27+03:00,1789603227,72,69,3,29.8,34.3,,run
2026-09-17T03:00:32+03:00,1789603232,77,69,3,29.8,34.3,,run
2026-09-17T03:00:38+03:00,1789603238,83,69,3,29.8,34.3,,run
2026-09-17T03:00:43+03:00,1789603243,88,69,3,29.8,34.3,,run
2026-09-17T03:00:49+03:00,1789603249,94,69,3,29.8,34.6,,run
2026-09-17T03:00:54+03:00,1789603254,99,69,3,29.8,34.0,,run
2026-09-17T03:01:00+03:00,1789603260,105,69,3,29.8,34.3,,run
2026-09-17T03:01:05+03:00,1789603265,110,69,3,29.8,44.8,,run
2026-09-17T03:01:11+03:00,1789603271,116,69,3,29.8,41.7,,run
2026-09-17T03:01:16+03:00,1789603276,121,69,3,29.8,40.2,,run
2026-09-17T03:01:22+03:00,1789603282,127,69,3,29.8,38.9,,run
2026-09-17T03:01:27+03:00,1789603287,132,69,3,29.8,35.5,,run
2026-09-17T03:01:33+03:00,1789603293,138,69,3,29.8,35.5,,run
2026-09-17T03:01:39+03:00,1789603299,144,69,3,29.8,35.5,,run
2026-09-17T03:01:44+03:00,1789603304,149,69,3,29.8,34.6,,run
2026-09-17T03:01:50+03:00,1789603310,155,69,3,29.8,34.3,,run
2026-09-17T03:01:55+03:00,1789603315,160,69,3,29.8,35.2,,run
2026-09-17T03:02:01+03:00,1789603321,166,69,3,29.8,34.6,,run
2026-09-17T03:02:06+03:00,1789603326,171,69,3,29.8,34.6,,run
2026-09-17T03:02:12+03:00,1789603332,177,69,3,29.8,34.6,,run
2026-09-17T03:02:17+03:00,1789603337,182,69,3,29.8,34.9,,run
2026-09-17T03:02:23+03:00,1789603343,188,69,3,29.8,34.6,,run
2026-09-17T03:02:28+03:00,1789603348,193,69,3,29.8,45.7,,run
2026-09-17T03:02:34+03:00,1789603354,199,69,3,29.8,39.5,,run
2026-09-17T03:02:40+03:00,1789603360,205,69,3,29.8,35.5,,run
2026-09-17T03:02:45+03:00,1789603365,210,69,3,29.8,35.2,,run
2026-09-17T03:02:51+03:00,1789603371,216,69,3,29.8,35.2,,run
2026-09-17T03:02:56+03:00,1789603376,221,69,3,29.8,34.3,,run
2026-09-17T03:03:02+03:00,1789603382,227,69,3,29.8,34.6,,run
2026-09-17T03:03:07+03:00,1789603387,232,69,3,29.8,34.6,,run
2026-09-17T03:03:13+03:00,1789603393,238,69,3,29.8,34.3,,run
2026-09-17T03:03:18+03:00,1789603398,243,69,3,29.8,34.6,,run
2026-09-17T03:03:24+03:00,1789603404,249,69,3,29.8,44.5,,run
2026-09-17T03:03:29+03:00,1789603409,254,69,3,29.8,38.0,,run
2026-09-17T03:03:35+03:00,1789603415,260,69,3,29.8,35.5,,run
2026-09-17T03:03:40+03:00,1789603420,265,69,3,29.8,34.6,,run
2026-09-17T03:03:46+03:00,1789603426,271,69,3,29.8,34.9,,run
2026-09-17T03:03:51+03:00,1789603431,276,69,3,29.8,34.9,,run
2026-09-17T03:03:57+03:00,1789603437,282,69,3,29.8,34.6,,run
2026-09-17T03:04:02+03:00,1789603442,287,69,3,29.8,34.6,,run
2026-09-17T03:04:08+03:00,1789603448,293,69,3,29.8,34.3,,run
2026-09-17T03:04:13+03:00,1789603453,298,69,3,29.8,34.9,,run
2026-09-17T03:04:19+03:00,1789603459,304,69,3,29.8,34.9,,run
2026-09-17T03:04:24+03:00,1789603464,309,69,3,29.8,34.6,,run
2026-09-17T03:04:30+03:00,1789603470,315,69,3,29.8,34.6,,run
2026-09-17T03:04:35+03:00,1789603475,320,69,3,29.8,34.9,,run
2026-09-17T03:04:41+03:00,1789603481,326,69,3,29.8,40.8,,run
2026-09-17T03:04:46+03:00,1789603486,331,69,3,29.8,46.7,,run
2026-09-17T03:04:52+03:00,1789603492,337,69,3,29.8,35.8,,run
2026-09-17T03:04:57+03:00,1789603497,342,69,3,29.8,34.9,,run
2026-09-17T03:05:03+03:00,1789603503,348,69,3,29.8,34.3,,run
2026-09-17T03:05:08+03:00,1789603508,353,69,3,29.8,34.3,,run
2026-09-17T03:05:14+03:00,1789603514,359,69,3,29.8,34.3,,run
2026-09-17T03:05:19+03:00,1789603519,364,69,3,29.8,34.0,,run
2026-09-17T03:05:25+03:00,1789603525,370,69,3,29.8,34.0,,run
2026-09-17T03:05:30+03:00,1789603530,375,69,3,29.8,45.7,,run
2026-09-17T03:05:36+03:00,1789603536,381,69,3,29.8,37.7,,run
2026-09-17T03:05:41+03:00,1789603541,386,69,3,29.8,35.8,,run
2026-09-17T03:05:47+03:00,1789603547,392,69,3,29.8,34.6,,run
2026-09-17T03:05:52+03:00,1789603552,397,69,3,29.8,35.2,,run
2026-09-17T03:05:58+03:00,1789603558,403,69,3,29.8,34.9,,run
2026-09-17T03:06:03+03:00,1789603563,408,69,3,29.8,38.9,,run
2026-09-17T03:06:09+03:00,1789603569,414,69,3,29.8,34.6,,run
2026-09-17T03:06:14+03:00,1789603574,419,69,3,29.8,34.6,,run
2026-09-17T03:06:20+03:00,1789603580,425,69,3,29.8,34.6,,run
2026-09-17T03:06:25+03:00,1789603585,430,69,3,29.8,34.3,,run
2026-09-17T03:06:31+03:00,1789603591,436,69,3,29.8,34.3,,run
2026-09-17T03:06:36+03:00,1789603596,441,69,3,29.8,34.6,,run
2026-09-17T03:06:41+03:00,1789603601,446,69,3,29.8,34.3,,run
2026-09-17T03:06:47+03:00,1789603607,452,69,3,29.8,34.6,,run
2026-09-17T03:06:53+03:00,1789603613,458,69,3,29.8,45.1,,run
2026-09-17T03:06:58+03:00,1789603618,463,69,3,29.8,36.8,,run
2026-09-17T03:07:03+03:00,1789603623,468,69,3,29.8,35.5,,run
2026-09-17T03:07:09+03:00,1789603629,474,69,3,29.8,34.9,,run
2026-09-17T03:07:14+03:00,1789603634,479,69,3,29.8,34.6,,run
2026-09-17T03:07:20+03:00,1789603640,485,69,3,29.8,34.3,,run
2026-09-17T03:07:25+03:00,1789603645,490,69,3,29.8,34.3,,run
2026-09-17T03:07:31+03:00,1789603651,496,69,3,29.8,35.2,,run
2026-09-17T03:07:36+03:00,1789603656,501,69,3,29.8,35.8,,run
2026-09-17T03:07:42+03:00,1789603662,507,69,3,29.8,42.3,,run
2026-09-17T03:07:47+03:00,1789603667,512,69,3,29.8,35.5,,run
2026-09-17T03:07:53+03:00,1789603673,518,69,3,29.8,34.9,,run
2026-09-17T03:07:58+03:00,1789603678,523,69,3,29.8,34.6,,run
2026-09-17T03:08:04+03:00,1789603684,529,69,3,29.8,34.6,,run
2026-09-17T03:08:09+03:00,1789603689,534,69,3,29.8,34.6,,run
2026-09-17T03:08:15+03:00,1789603695,540,69,3,29.8,34.6,,run
2026-09-17T03:08:20+03:00,1789603700,545,69,3,29.8,35.8,,run
2026-09-17T03:08:26+03:00,1789603706,551,69,3,29.8,34.6,,run
2026-09-17T03:08:31+03:00,1789603711,556,69,3,29.8,34.9,,run
2026-09-17T03:08:37+03:00,1789603717,562,69,3,29.8,34.9,,run
2026-09-17T03:08:42+03:00,1789603722,567,69,3,29.8,34.6,,run
2026-09-17T03:08:48+03:00,1789603728,573,69,3,29.8,34.6,,run
2026-09-17T03:08:53+03:00,1789603733,578,69,3,29.4,38.3,,run
2026-09-17T03:08:59+03:00,1789603739,584,69,3,29.4,41.7,,run
2026-09-17T03:09:04+03:00,1789603744,589,69,3,29.4,38.3,,run
2026-09-17T03:09:10+03:00,1789603750,595,69,3,29.4,34.9,,run
2026-09-17T03:09:15+03:00,1789603755,600,69,3,29.4,34.9,,run
2026-09-17T03:09:21+03:00,1789603761,606,69,3,29.4,34.6,,run
2026-09-17T03:09:26+03:00,1789603766,611,69,3,29.4,34.3,,run
2026-09-17T03:09:32+03:00,1789603772,617,69,3,29.4,34.9,,run
2026-09-17T03:09:37+03:00,1789603777,622,69,3,29.4,35.2,,run
2026-09-17T03:09:43+03:00,1789603783,628,69,3,29.4,35.8,,run
2026-09-17T03:09:48+03:00,1789603788,633,69,3,29.4,39.2,,run
2026-09-17T03:09:54+03:00,1789603794,639,69,3,29.4,35.8,,run
2026-09-17T03:09:59+03:00,1789603799,644,69,3,29.4,35.8,,run
2026-09-17T03:10:05+03:00,1789603805,650,69,3,29.4,34.6,,run
2026-09-17T03:10:10+03:00,1789603810,655,69,3,29.4,34.6,,run
2026-09-17T03:10:16+03:00,1789603816,661,69,3,29.4,34.6,,run
2026-09-17T03:10:21+03:00,1789603821,666,69,3,29.4,34.3,,run
2026-09-17T03:10:27+03:00,1789603827,672,69,3,29.4,34.3,,run
2026-09-17T03:10:32+03:00,1789603832,677,69,3,29.4,34.0,,run
2026-09-17T03:10:38+03:00,1789603838,683,69,3,29.4,34.3,,run
2026-09-17T03:10:43+03:00,1789603843,688,69,3,29.4,33.7,,run
2026-09-17T03:10:49+03:00,1789603849,694,69,3,29.4,34.6,,run
2026-09-17T03:10:54+03:00,1789603854,699,69,3,29.4,34.3,,run
2026-09-17T03:11:00+03:00,1789603860,705,69,3,29.4,34.3,,run
2026-09-17T03:11:05+03:00,1789603865,710,69,3,29.4,34.6,,run
2026-09-17T03:11:11+03:00,1789603871,716,69,3,29.4,33.7,,run
2026-09-17T03:11:16+03:00,1789603876,721,69,3,29.4,34.6,,run
2026-09-17T03:11:22+03:00,1789603882,727,69,3,29.4,34.6,,run
2026-09-17T03:11:27+03:00,1789603887,732,69,3,29.4,34.0,,run
2026-09-17T03:11:33+03:00,1789603893,738,69,3,29.4,34.3,,run
2026-09-17T03:11:38+03:00,1789603898,743,69,3,29.4,34.6,,run
2026-09-17T03:11:44+03:00,1789603904,749,69,3,29.4,34.0,,run
2026-09-17T03:11:49+03:00,1789603909,754,69,3,29.4,33.7,,run
2026-09-17T03:11:55+03:00,1789603915,760,69,3,29.4,33.7,,run
2026-09-17T03:12:00+03:00,1789603920,765,69,3,29.4,34.0,,run
2026-09-17T03:12:06+03:00,1789603926,771,69,3,29.4,33.7,,run
2026-09-17T03:12:12+03:00,1789603932,777,69,3,29.4,34.0,,run
2026-09-17T03:12:17+03:00,1789603937,782,69,3,29.4,34.0,,run
2026-09-17T03:12:23+03:00,1789603943,788,69,3,29.4,33.7,,run
2026-09-17T03:12:28+03:00,1789603948,793,69,3,29.4,33.4,,run
2026-09-17T03:12:34+03:00,1789603954,799,69,3,29.4,33.7,,run
2026-09-17T03:12:39+03:00,1789603959,804,69,3,29.4,33.7,,run
2026-09-17T03:12:45+03:00,1789603965,810,69,3,29.4,33.7,,run
2026-09-17T03:12:50+03:00,1789603970,815,69,3,29.4,34.0,,run
2026-09-17T03:12:56+03:00,1789603976,821,69,3,29.4,34.0,,run
2026-09-17T03:13:01+03:00,1789603981,826,69,3,29.4,34.3,,run
2026-09-17T03:13:07+03:00,1789603987,832,69,3,29.4,33.7,,run
2026-09-17T03:13:12+03:00,1789603992,837,69,3,29.4,34.0,,run
2026-09-17T03:13:18+03:00,1789603998,843,69,3,29.4,34.6,,run
2026-09-17T03:13:23+03:00,1789604003,848,69,3,29.4,34.0,,run
2026-09-17T03:13:29+03:00,1789604009,854,69,3,29.4,33.4,,run
2026-09-17T03:13:34+03:00,1789604014,859,69,3,29.4,33.7,,run
2026-09-17T03:13:40+03:00,1789604020,865,69,3,29.4,33.7,,run
2026-09-17T03:13:45+03:00,1789604025,870,69,3,29.4,33.7,,run
2026-09-17T03:13:51+03:00,1789604031,876,69,3,29.4,33.4,,run
2026-09-17T03:13:56+03:00,1789604036,881,69,3,29.4,33.7,,run
2026-09-17T03:14:02+03:00,1789604042,887,69,3,29.4,34.0,,run
2026-09-17T03:14:07+03:00,1789604047,892,69,3,29.4,41.7,,run
2026-09-17T03:14:13+03:00,1789604053,898,69,3,29.4,34.9,,run
2026-09-17T03:14:18+03:00,1789604058,903,69,3,29.4,35.5,,run
2026-09-17T03:14:24+03:00,1789604064,909,69,3,29.4,34.3,,run
2026-09-17T03:14:29+03:00,1789604069,914,69,3,29.4,33.7,,run
2026-09-17T03:14:35+03:00,1789604075,920,69,3,29.4,36.4,,run
2026-09-17T03:14:40+03:00,1789604080,925,69,3,29.4,46.0,,run
2026-09-17T03:14:46+03:00,1789604086,931,69,3,29.4,34.9,,run
2026-09-17T03:14:51+03:00,1789604091,936,69,3,29.4,34.6,,run
2026-09-17T03:14:57+03:00,1789604097,942,69,3,29.4,34.6,,run
2026-09-17T03:15:02+03:00,1789604102,947,69,3,29.4,34.3,,run
2026-09-17T03:15:08+03:00,1789604108,953,69,3,29.4,34.6,,run
2026-09-17T03:15:13+03:00,1789604113,958,69,3,29.4,34.3,,run
2026-09-17T03:15:19+03:00,1789604119,964,69,3,29.4,34.0,,run
2026-09-17T03:15:24+03:00,1789604124,969,69,3,29.4,34.3,,run
2026-09-17T03:15:30+03:00,1789604130,975,69,3,29.4,34.0,,run
2026-09-17T03:15:35+03:00,1789604135,980,69,3,29.4,34.0,,run
2026-09-17T03:15:41+03:00,1789604141,986,69,3,29.4,34.3,,run
2026-09-17T03:15:46+03:00,1789604146,991,69,3,29.4,33.7,,run
2026-09-17T03:15:52+03:00,1789604152,997,69,3,29.4,35.2,,run
2026-09-17T03:15:57+03:00,1789604157,1002,69,3,29.4,47.9,,run
2026-09-17T03:16:03+03:00,1789604163,1008,69,3,29.4,36.1,,run
2026-09-17T03:16:08+03:00,1789604168,1013,69,3,29.4,35.8,,run
2026-09-17T03:16:14+03:00,1789604174,1019,69,3,29.4,34.3,,run
2026-09-17T03:16:19+03:00,1789604179,1024,69,3,29.4,34.3,,run
2026-09-17T03:16:25+03:00,1789604185,1030,69,3,29.4,34.6,,run
2026-09-17T03:16:30+03:00,1789604190,1035,69,3,29.4,33.7,,run
2026-09-17T03:16:36+03:00,1789604196,1041,69,3,29.4,34.6,,run
2026-09-17T03:16:41+03:00,1789604201,1046,69,3,29.4,33.7,,run
2026-09-17T03:16:47+03:00,1789604207,1052,69,3,29.4,48.2,,run
2026-09-17T03:16:52+03:00,1789604212,1057,69,3,29.4,36.4,,run
2026-09-17T03:16:58+03:00,1789604218,1063,69,3,29.4,35.8,,run
2026-09-17T03:17:03+03:00,1789604223,1068,69,3,29.4,35.5,,run
2026-09-17T03:17:09+03:00,1789604229,1074,69,3,29.4,34.6,,run
2026-09-17T03:17:14+03:00,1789604234,1079,69,3,29.4,34.6,,run
2026-09-17T03:17:20+03:00,1789604240,1085,69,3,29.4,35.8,,run
2026-09-17T03:17:25+03:00,1789604245,1090,69,3,29.4,34.6,,run
2026-09-17T03:17:31+03:00,1789604251,1096,69,3,29.4,34.6,,run
2026-09-17T03:17:36+03:00,1789604256,1101,69,3,29.4,34.3,,run
2026-09-17T03:17:42+03:00,1789604262,1107,69,3,29.4,34.6,,run
2026-09-17T03:17:47+03:00,1789604267,1112,69,3,29.4,34.9,,run
2026-09-17T03:17:53+03:00,1789604273,1118,69,3,29.4,34.0,,run
2026-09-17T03:17:58+03:00,1789604278,1123,69,3,29.4,38.3,,run
2026-09-17T03:18:04+03:00,1789604284,1129,69,3,29.4,45.1,,run
2026-09-17T03:18:09+03:00,1789604289,1134,69,3,29.4,35.8,,run
2026-09-17T03:18:15+03:00,1789604295,1140,69,3,29.4,35.2,,run
2026-09-17T03:18:20+03:00,1789604300,1145,69,3,29.4,34.6,,run
2026-09-17T03:18:26+03:00,1789604306,1151,69,3,29.4,34.3,,run
2026-09-17T03:18:31+03:00,1789604311,1156,69,3,29.4,34.0,,run
2026-09-17T03:18:37+03:00,1789604317,1162,69,3,29.4,34.3,,run
2026-09-17T03:18:42+03:00,1789604322,1167,69,3,29.4,33.7,,run
2026-09-17T03:18:48+03:00,1789604328,1173,69,3,29.4,36.4,,run
2026-09-17T03:18:53+03:00,1789604333,1178,69,3,29.5,38.3,,run
2026-09-17T03:18:59+03:00,1789604339,1184,69,3,29.5,36.4,,run
2026-09-17T03:19:04+03:00,1789604344,1189,69,3,29.5,35.8,,run
2026-09-17T03:19:10+03:00,1789604350,1195,69,3,29.5,34.3,,run
2026-09-17T03:19:15+03:00,1789604355,1200,69,3,29.5,34.9,,run
2026-09-17T03:19:21+03:00,1789604361,1206,69,3,29.5,34.3,,run
2026-09-17T03:19:26+03:00,1789604366,1211,69,3,29.5,34.6,,run
2026-09-17T03:19:32+03:00,1789604372,1217,69,3,29.5,34.3,,run
2026-09-17T03:19:37+03:00,1789604377,1222,69,3,29.5,34.3,,run
2026-09-17T03:19:43+03:00,1789604383,1228,69,3,29.5,34.0,,run
2026-09-17T03:19:48+03:00,1789604388,1233,69,3,29.5,34.3,,run
2026-09-17T03:19:54+03:00,1789604394,1239,69,3,29.5,34.3,,run
2026-09-17T03:19:59+03:00,1789604399,1244,69,3,29.5,35.2,,run
2026-09-17T03:20:05+03:00,1789604405,1250,69,3,29.5,35.2,,run
2026-09-17T03:20:10+03:00,1789604410,1255,69,3,29.5,47.9,,run
2026-09-17T03:20:16+03:00,1789604416,1261,69,3,29.5,36.4,,run
2026-09-17T03:20:21+03:00,1789604421,1266,69,3,29.5,35.2,,run
2026-09-17T03:20:27+03:00,1789604427,1272,69,3,29.5,34.3,,run
2026-09-17T03:20:33+03:00,1789604433,1278,69,3,29.5,34.0,,run
2026-09-17T03:20:38+03:00,1789604438,1283,69,3,29.5,34.0,,run
2026-09-17T03:20:44+03:00,1789604444,1289,69,3,29.5,34.9,,run
2026-09-17T03:20:49+03:00,1789604449,1294,69,3,29.5,33.7,,run
2026-09-17T03:20:55+03:00,1789604455,1300,69,3,29.5,36.1,,run
2026-09-17T03:21:00+03:00,1789604460,1305,69,3,29.5,40.2,,run
2026-09-17T03:21:06+03:00,1789604466,1311,69,3,29.5,36.1,,run
2026-09-17T03:21:11+03:00,1789604471,1316,69,3,29.5,35.5,,run
2026-09-17T03:21:17+03:00,1789604477,1322,69,3,29.5,34.6,,run
2026-09-17T03:21:22+03:00,1789604482,1327,69,3,29.5,34.6,,run
2026-09-17T03:21:28+03:00,1789604488,1333,69,3,29.5,34.3,,run
2026-09-17T03:21:33+03:00,1789604493,1338,69,3,29.5,34.6,,run
2026-09-17T03:21:39+03:00,1789604499,1344,69,3,29.5,34.3,,run
2026-09-17T03:21:44+03:00,1789604504,1349,69,3,29.5,34.3,,run
2026-09-17T03:21:50+03:00,1789604510,1355,69,3,29.5,34.9,,run
2026-09-17T03:21:55+03:00,1789604515,1360,69,3,29.5,34.6,,run
2026-09-17T03:22:01+03:00,1789604521,1366,69,3,29.5,34.3,,run
2026-09-17T03:22:06+03:00,1789604526,1371,69,3,29.5,34.6,,run
2026-09-17T03:22:12+03:00,1789604532,1377,69,3,29.5,42.0,,run
2026-09-17T03:22:17+03:00,1789604537,1382,69,3,29.5,44.2,,run
2026-09-17T03:22:23+03:00,1789604543,1388,69,3,29.5,37.1,,run
2026-09-17T03:22:28+03:00,1789604548,1393,69,3,29.5,35.5,,run
2026-09-17T03:22:33+03:00,1789604553,1398,69,3,29.5,34.6,,run
2026-09-17T03:22:39+03:00,1789604559,1404,69,3,29.5,34.3,,run
2026-09-17T03:22:45+03:00,1789604565,1410,69,3,29.5,34.6,,run
2026-09-17T03:22:50+03:00,1789604570,1415,69,3,29.5,34.0,,run
2026-09-17T03:22:56+03:00,1789604576,1421,69,3,29.5,34.0,,run
2026-09-17T03:23:01+03:00,1789604581,1426,69,3,29.5,36.1,,run
2026-09-17T03:23:07+03:00,1789604587,1432,69,3,29.5,39.5,,end
2026-09-17T04:36:21+03:00,1789608981,5826,70,3,29.5,39.8,,run
2026-09-17T04:36:26+03:00,1789608986,5831,70,3,29.5,39.8,,run
2026-09-17T04:36:32+03:00,1789608992,5837,70,3,29.5,38.6,,run
2026-09-17T04:36:37+03:00,1789608997,5842,70,3,29.5,38.9,,run
2026-09-17T04:36:42+03:00,1789609002,5847,70,3,29.5,38.3,,run
2026-09-17T04:36:47+03:00,1789609007,5852,70,3,29.5,39.5,,run
2026-09-17T04:36:52+03:00,1789609012,5857,70,3,29.5,50.4,,run
2026-09-17T04:36:58+03:00,1789609018,5863,70,3,29.5,43.2,,run
2026-09-17T04:37:03+03:00,1789609023,5868,70,3,29.5,39.5,,run
2026-09-17T04:37:08+03:00,1789609028,5873,70,3,29.5,40.2,,run
2026-09-17T04:37:13+03:00,1789609033,5878,70,3,29.5,39.8,,run
2026-09-17T04:37:19+03:00,1789609039,5884,70,3,29.5,38.9,,run
2026-09-17T04:37:24+03:00,1789609044,5889,70,3,29.5,40.8,,run
2026-09-17T04:37:29+03:00,1789609049,5894,70,3,29.5,40.2,,run
2026-09-17T04:37:34+03:00,1789609054,5899,70,3,29.5,39.5,,run
2026-09-17T04:37:40+03:00,1789609060,5905,70,3,29.5,39.5,,run
2026-09-17T04:37:45+03:00,1789609065,5910,70,3,29.5,39.2,,run
2026-09-17T04:37:50+03:00,1789609070,5915,70,3,29.5,38.9,,run
2026-09-17T04:37:55+03:00,1789609075,5920,70,3,29.5,38.9,,run
2026-09-17T04:38:00+03:00,1789609080,5925,70,3,29.5,39.2,,run
2026-09-17T04:38:06+03:00,1789609086,5931,70,3,29.5,45.1,,run
2026-09-17T04:38:11+03:00,1789609091,5936,70,3,29.5,49.1,,run
2026-09-17T04:38:16+03:00,1789609096,5941,70,3,29.5,45.1,,run
2026-09-17T04:38:21+03:00,1789609101,5946,70,3,29.5,39.8,,run
2026-09-17T04:38:27+03:00,1789609107,5952,70,3,29.5,39.2,,run
2026-09-17T04:38:32+03:00,1789609112,5957,70,3,29.5,39.8,,run
2026-09-17T04:38:37+03:00,1789609117,5962,70,3,29.5,50.1,,run
2026-09-17T04:38:42+03:00,1789609122,5967,70,3,29.5,41.4,,run
2026-09-17T04:38:48+03:00,1789609127,5972,70,3,29.5,40.2,,run
2026-09-17T04:38:53+03:00,1789609133,5978,70,3,29.5,39.2,,run
2026-09-17T04:38:58+03:00,1789609138,5983,70,3,29.5,40.5,,run
2026-09-17T04:39:03+03:00,1789609143,5988,70,3,29.5,39.2,,run
2026-09-17T04:39:08+03:00,1789609148,5993,70,3,29.5,39.2,,run
2026-09-17T04:39:14+03:00,1789609154,5999,70,3,29.5,39.2,,run
2026-09-17T04:39:19+03:00,1789609159,6004,70,3,29.5,38.9,,run
2026-09-17T04:39:24+03:00,1789609164,6009,70,3,29.5,39.2,,run
2026-09-17T04:39:29+03:00,1789609169,6014,70,3,29.5,38.9,,run
2026-09-17T04:39:34+03:00,1789609174,6019,70,3,29.5,39.5,,run
2026-09-17T04:39:40+03:00,1789609180,6025,70,3,29.5,38.6,,run
2026-09-17T04:39:45+03:00,1789609185,6030,70,3,29.5,38.9,,run
2026-09-17T04:39:50+03:00,1789609190,6035,70,3,29.5,46.7,,run
2026-09-17T04:39:56+03:00,1789609196,6041,70,3,29.5,41.4,,run
2026-09-17T04:40:01+03:00,1789609201,6046,70,3,29.5,40.5,,run
2026-09-17T04:40:06+03:00,1789609206,6051,70,3,29.5,39.5,,run
2026-09-17T04:40:11+03:00,1789609211,6056,70,3,29.5,38.9,,run
2026-09-17T04:40:17+03:00,1789609217,6062,70,3,29.5,39.8,,run
2026-09-17T04:40:22+03:00,1789609222,6067,70,3,29.5,39.8,,run
2026-09-17T04:40:27+03:00,1789609227,6072,70,3,29.5,39.2,,run
2026-09-17T04:40:32+03:00,1789609232,6077,70,3,29.5,39.2,,run
2026-09-17T04:40:37+03:00,1789609237,6082,70,3,29.5,52.8,,run
2026-09-17T04:40:43+03:00,1789609243,6088,70,3,29.5,42.9,,run
2026-09-17T04:40:48+03:00,1789609248,6093,70,3,29.5,39.8,,run
2026-09-17T04:40:53+03:00,1789609253,6098,70,3,29.5,39.8,,run
2026-09-17T04:40:58+03:00,1789609258,6103,70,3,29.5,38.9,,run
2026-09-17T04:41:04+03:00,1789609264,6109,70,3,29.5,38.9,,run
2026-09-17T04:41:09+03:00,1789609269,6114,70,3,29.5,38.9,,run
2026-09-17T04:41:14+03:00,1789609274,6119,70,3,29.5,38.9,,run
2026-09-17T04:41:19+03:00,1789609279,6124,70,3,29.5,38.9,,run
2026-09-17T04:41:24+03:00,1789609284,6129,70,3,29.5,38.9,,run
2026-09-17T04:41:30+03:00,1789609290,6135,70,3,29.5,38.9,,run
2026-09-17T04:41:35+03:00,1789609295,6140,70,3,29.5,38.9,,run
2026-09-17T04:41:40+03:00,1789609300,6145,70,3,29.5,39.5,,run
2026-09-17T04:41:45+03:00,1789609305,6150,70,3,29.5,38.9,,run
2026-09-17T04:41:51+03:00,1789609311,6156,70,3,29.5,41.4,,run
2026-09-17T04:41:56+03:00,1789609316,6161,70,3,29.5,42.6,,run
2026-09-17T04:42:01+03:00,1789609321,6166,70,3,29.5,42.0,,run
2026-09-17T04:42:06+03:00,1789609326,6171,70,3,29.5,39.8,,run
2026-09-17T04:42:11+03:00,1789609331,6176,70,3,29.5,38.6,,run
2026-09-17T04:42:17+03:00,1789609337,6182,70,3,29.5,40.2,,run
2026-09-17T04:42:22+03:00,1789609342,6187,70,3,29.5,45.1,,run
2026-09-17T04:42:27+03:00,1789609347,6192,70,3,29.5,40.2,,run
2026-09-17T04:42:32+03:00,1789609352,6197,70,3,29.5,38.9,,run
2026-09-17T04:42:38+03:00,1789609358,6203,70,3,29.5,38.9,,run
2026-09-17T04:42:43+03:00,1789609363,6208,70,3,29.5,39.8,,run
2026-09-17T04:42:48+03:00,1789609368,6213,70,3,29.5,38.6,,run
2026-09-17T04:42:53+03:00,1789609373,6218,70,3,29.5,38.9,,run
2026-09-17T04:42:59+03:00,1789609378,6223,70,3,29.5,40.5,,run
2026-09-17T04:43:04+03:00,1789609384,6229,69,3,29.8,38.9,,run
2026-09-17T04:43:09+03:00,1789609389,6234,69,3,29.8,38.6,,run
2026-09-17T04:43:14+03:00,1789609394,6239,69,3,29.8,40.2,,run
2026-09-17T04:43:19+03:00,1789609399,6244,69,3,29.8,39.5,,run
2026-09-17T04:43:25+03:00,1789609405,6250,69,3,29.8,39.2,,run
2026-09-17T04:43:30+03:00,1789609410,6255,69,3,29.8,39.2,,run
2026-09-17T04:43:35+03:00,1789609415,6260,69,3,29.8,51.3,,run
2026-09-17T04:43:41+03:00,1789609421,6266,69,3,29.8,41.4,,run
2026-09-17T04:43:46+03:00,1789609426,6271,69,3,29.8,40.2,,run
2026-09-17T04:43:51+03:00,1789609431,6276,69,3,29.8,40.5,,run
2026-09-17T04:43:56+03:00,1789609436,6281,69,3,29.8,39.8,,run
2026-09-17T04:44:01+03:00,1789609441,6286,69,3,29.8,39.5,,run
2026-09-17T04:44:07+03:00,1789609447,6292,69,3,29.8,39.2,,run
2026-09-17T04:44:12+03:00,1789609452,6297,69,3,29.8,38.3,,run
2026-09-17T04:44:17+03:00,1789609457,6302,69,3,29.8,38.0,,run
2026-09-17T04:44:22+03:00,1789609462,6307,69,3,29.8,52.2,,run
2026-09-17T04:44:28+03:00,1789609468,6313,69,3,29.8,41.1,,run
2026-09-17T04:44:33+03:00,1789609473,6318,69,3,29.8,40.2,,run
2026-09-17T04:44:38+03:00,1789609478,6323,69,3,29.8,39.5,,run
2026-09-17T04:44:43+03:00,1789609483,6328,69,3,29.8,39.2,,run
2026-09-17T04:44:48+03:00,1789609488,6333,69,3,29.8,38.9,,run
2026-09-17T04:44:54+03:00,1789609494,6339,69,3,29.8,39.5,,run
2026-09-17T04:44:59+03:00,1789609499,6344,69,3,29.8,42.0,,run
2026-09-17T04:45:04+03:00,1789609504,6349,69,3,29.8,38.6,,run
2026-09-17T04:45:09+03:00,1789609509,6354,69,3,29.8,39.2,,run
2026-09-17T04:45:15+03:00,1789609515,6360,69,3,29.8,39.2,,run
2026-09-17T04:45:20+03:00,1789609520,6365,69,3,29.8,38.6,,run
2026-09-17T04:45:25+03:00,1789609525,6370,69,3,29.8,38.6,,run
2026-09-17T04:45:30+03:00,1789609530,6375,69,3,29.8,38.9,,run
2026-09-17T04:45:35+03:00,1789609535,6380,69,3,29.8,47.9,,run
2026-09-17T04:45:41+03:00,1789609541,6386,69,3,29.8,43.2,,run
2026-09-17T04:45:46+03:00,1789609546,6391,69,3,29.8,43.6,,run
2026-09-17T04:45:51+03:00,1789609551,6396,69,3,29.8,39.5,,run
2026-09-17T04:45:56+03:00,1789609556,6401,69,3,29.8,38.9,,run
2026-09-17T04:46:02+03:00,1789609562,6407,69,3,29.6,39.2,,run
2026-09-17T04:46:07+03:00,1789609567,6412,69,3,29.6,39.8,,run
2026-09-17T04:46:12+03:00,1789609572,6417,69,3,29.6,38.6,,run
2026-09-17T04:46:17+03:00,1789609577,6422,69,3,29.6,38.3,,run
2026-09-17T04:46:22+03:00,1789609582,6427,69,3,29.6,51.6,,run
2026-09-17T04:46:28+03:00,1789609588,6433,69,3,29.6,40.5,,run
2026-09-17T04:46:33+03:00,1789609593,6438,69,3,29.6,40.5,,run
2026-09-17T04:46:38+03:00,1789609598,6443,69,3,29.6,39.8,,run
2026-09-17T04:46:43+03:00,1789609603,6448,69,3,29.6,38.9,,run
2026-09-17T04:46:49+03:00,1789609609,6454,69,3,29.6,39.2,,run
2026-09-17T04:46:54+03:00,1789609614,6459,69,3,29.6,39.2,,run
2026-09-17T04:46:59+03:00,1789609619,6464,69,3,29.6,38.6,,run
2026-09-17T04:47:04+03:00,1789609624,6469,69,3,29.6,39.2,,run
2026-09-17T04:47:10+03:00,1789609630,6475,69,3,29.6,38.3,,run
2026-09-17T04:47:15+03:00,1789609635,6480,69,3,29.6,38.6,,run
2026-09-17T04:47:20+03:00,1789609640,6485,69,3,29.6,38.3,,run
2026-09-17T04:47:25+03:00,1789609645,6490,69,3,29.6,38.6,,run
2026-09-17T04:47:30+03:00,1789609650,6495,69,3,29.6,39.5,,run
2026-09-17T04:47:36+03:00,1789609656,6501,69,3,29.6,47.0,,run
2026-09-17T04:47:41+03:00,1789609661,6506,69,3,29.6,44.5,,run
2026-09-17T04:47:46+03:00,1789609666,6511,69,3,29.6,43.9,,run
2026-09-17T04:47:51+03:00,1789609671,6516,69,3,29.6,39.5,,run
2026-09-17T04:47:56+03:00,1789609676,6521,69,3,29.6,38.3,,run
2026-09-17T04:48:02+03:00,1789609682,6527,69,3,29.6,38.3,,run
2026-09-17T04:48:07+03:00,1789609687,6532,69,3,29.6,38.3,,run
2026-09-17T04:48:12+03:00,1789609692,6537,69,3,29.6,38.0,,run
2026-09-17T04:48:17+03:00,1789609697,6542,69,3,29.6,38.9,,run
2026-09-17T04:48:23+03:00,1789609703,6548,69,3,29.6,50.4,,run
2026-09-17T04:48:28+03:00,1789609708,6553,69,3,29.6,40.8,,run
2026-09-17T04:48:33+03:00,1789609713,6558,69,3,29.6,39.2,,run
2026-09-17T04:48:38+03:00,1789609718,6563,69,3,29.6,38.9,,run
2026-09-17T04:48:44+03:00,1789609724,6569,69,3,29.6,39.8,,run
2026-09-17T04:48:49+03:00,1789609729,6574,69,3,29.6,39.2,,run
2026-09-17T04:48:54+03:00,1789609734,6579,69,3,29.6,39.8,,run
2026-09-17T04:48:59+03:00,1789609739,6584,69,3,29.6,38.9,,run
2026-09-17T04:49:04+03:00,1789609744,6589,69,3,29.6,38.3,,run
2026-09-17T04:49:10+03:00,1789609750,6595,69,3,29.6,38.0,,run
2026-09-17T04:49:15+03:00,1789609755,6600,69,3,29.6,39.2,,run
2026-09-17T04:49:20+03:00,1789609760,6605,69,3,29.6,38.6,,run
2026-09-17T04:49:25+03:00,1789609765,6610,69,3,29.6,39.8,,run
2026-09-17T04:49:31+03:00,1789609771,6616,69,3,29.6,39.8,,run
2026-09-17T04:49:36+03:00,1789609776,6621,69,3,29.6,45.4,,run
2026-09-17T04:49:41+03:00,1789609781,6626,69,3,29.6,43.9,,run
2026-09-17T04:49:46+03:00,1789609786,6631,69,3,29.6,42.3,,run
2026-09-17T04:49:51+03:00,1789609791,6636,69,3,29.6,39.5,,run
2026-09-17T04:49:57+03:00,1789609797,6642,69,3,29.6,39.2,,run
2026-09-17T04:50:02+03:00,1789609802,6647,69,3,29.6,39.2,,run
2026-09-17T04:50:07+03:00,1789609807,6652,69,3,29.6,49.1,,run
2026-09-17T04:50:12+03:00,1789609812,6657,69,3,29.6,39.5,,run
2026-09-17T04:50:18+03:00,1789609818,6663,69,3,29.6,40.2,,run
2026-09-17T04:50:23+03:00,1789609823,6668,69,3,29.6,40.2,,run
2026-09-17T04:50:28+03:00,1789609828,6673,69,3,29.6,38.6,,run
2026-09-17T04:50:33+03:00,1789609833,6678,69,3,29.6,38.9,,run
2026-09-17T04:50:38+03:00,1789609838,6683,69,3,29.6,39.2,,run
2026-09-17T04:50:44+03:00,1789609844,6689,69,3,29.6,39.2,,end
2026-09-17T05:16:28+03:00,1789611388,8233,82,3,34.4,43.2,,run
2026-09-17T05:16:33+03:00,1789611393,8238,82,3,34.4,43.2,,run
2026-09-17T05:16:38+03:00,1789611398,8243,82,3,34.4,43.6,,run
2026-09-17T05:16:44+03:00,1789611404,8249,82,3,34.4,42.9,,run
2026-09-17T05:16:49+03:00,1789611409,8254,82,3,34.4,55.6,,run
2026-09-17T05:16:54+03:00,1789611414,8259,82,3,34.4,45.7,,run
2026-09-17T05:17:00+03:00,1789611420,8265,82,3,34.4,49.7,,run
2026-09-17T05:17:05+03:00,1789611425,8270,82,3,34.4,45.1,,run
2026-09-17T05:17:10+03:00,1789611430,8275,82,3,34.4,44.2,,run
2026-09-17T05:17:15+03:00,1789611435,8280,82,3,34.4,43.9,,run
2026-09-17T05:17:21+03:00,1789611441,8286,82,3,33.5,43.2,,run
2026-09-17T05:17:26+03:00,1789611446,8291,82,3,33.5,42.9,,run
2026-09-17T05:17:31+03:00,1789611451,8296,82,3,33.5,44.2,,run
2026-09-17T05:17:36+03:00,1789611456,8301,82,3,33.5,42.0,,run
2026-09-17T05:17:41+03:00,1789611461,8306,82,3,33.5,42.9,,run
2026-09-17T05:17:47+03:00,1789611467,8312,82,3,33.5,42.3,,run
2026-09-17T05:17:52+03:00,1789611472,8317,82,3,33.5,43.6,,run
2026-09-17T05:17:57+03:00,1789611477,8322,82,3,33.5,43.2,,run
2026-09-17T05:18:02+03:00,1789611482,8327,82,3,33.5,51.3,,run
2026-09-17T05:18:08+03:00,1789611488,8333,82,3,33.5,52.8,,run
2026-09-17T05:18:13+03:00,1789611493,8338,82,3,33.5,46.0,,run
2026-09-17T05:18:18+03:00,1789611498,8343,82,3,33.5,42.3,,run
2026-09-17T05:18:23+03:00,1789611503,8348,82,3,33.5,42.0,,run
2026-09-17T05:18:28+03:00,1789611508,8353,82,3,33.5,41.4,,run
2026-09-17T05:18:34+03:00,1789611514,8359,82,3,33.5,42.0,,run
2026-09-17T05:18:39+03:00,1789611519,8364,82,3,33.5,42.3,,run
2026-09-17T05:18:44+03:00,1789611524,8369,82,3,33.5,42.3,,run
2026-09-17T05:18:49+03:00,1789611529,8374,82,3,33.5,54.1,,run
2026-09-17T05:18:55+03:00,1789611535,8380,82,3,33.5,44.5,,run
2026-09-17T05:19:00+03:00,1789611540,8385,82,3,33.5,42.3,,run
2026-09-17T05:19:05+03:00,1789611545,8390,82,3,33.5,42.6,,run
2026-09-17T05:19:10+03:00,1789611550,8395,82,3,33.5,41.7,,run
2026-09-17T05:19:16+03:00,1789611556,8401,82,3,33.5,42.0,,run
2026-09-17T05:19:21+03:00,1789611561,8406,82,3,33.5,43.2,,run
2026-09-17T05:19:26+03:00,1789611566,8411,82,3,33.5,41.4,,run
2026-09-17T05:19:31+03:00,1789611571,8416,82,3,33.5,41.1,,run
2026-09-17T05:19:37+03:00,1789611577,8422,82,3,33.5,41.1,,run
2026-09-17T05:19:42+03:00,1789611582,8427,82,3,33.5,41.4,,run
2026-09-17T05:19:47+03:00,1789611587,8432,82,3,33.5,40.8,,run
2026-09-17T05:19:52+03:00,1789611592,8437,82,3,33.5,41.4,,run
2026-09-17T05:19:57+03:00,1789611597,8442,82,3,33.5,41.1,,run
2026-09-17T05:20:03+03:00,1789611603,8448,82,3,33.5,46.0,,run
2026-09-17T05:20:08+03:00,1789611608,8453,82,3,33.5,50.1,,run
2026-09-17T05:20:13+03:00,1789611613,8458,82,3,33.5,43.6,,run
2026-09-17T05:20:18+03:00,1789611618,8463,82,3,33.5,41.4,,run
2026-09-17T05:20:24+03:00,1789611624,8469,82,3,33.5,41.4,,run
2026-09-17T05:20:29+03:00,1789611629,8474,82,3,33.5,42.0,,run
2026-09-17T05:20:34+03:00,1789611634,8479,82,3,33.5,50.1,,run
2026-09-17T05:20:39+03:00,1789611639,8484,82,3,33.5,43.9,,run
2026-09-17T05:20:44+03:00,1789611644,8489,82,3,33.5,41.1,,run
2026-09-17T05:20:50+03:00,1789611650,8495,82,3,33.5,41.1,,run
2026-09-17T05:20:55+03:00,1789611655,8500,82,3,33.5,41.1,,run
2026-09-17T05:21:00+03:00,1789611660,8505,82,3,33.5,41.7,,run
2026-09-17T05:21:05+03:00,1789611665,8510,82,3,33.5,41.7,,run
2026-09-17T05:21:11+03:00,1789611671,8516,82,3,33.5,40.5,,run
2026-09-17T05:21:16+03:00,1789611676,8521,82,3,33.5,40.5,,run
2026-09-17T05:21:21+03:00,1789611681,8526,82,3,33.5,42.0,,run
2026-09-17T05:21:26+03:00,1789611686,8531,82,3,33.5,39.8,,run
2026-09-17T05:21:32+03:00,1789611691,8536,82,3,33.5,39.8,,run
2026-09-17T05:21:37+03:00,1789611697,8542,82,3,33.5,39.8,,run
2026-09-17T05:21:42+03:00,1789611702,8547,82,3,33.5,40.2,,run
2026-09-17T05:21:47+03:00,1789611707,8552,82,3,33.5,46.3,,run
2026-09-17T05:21:53+03:00,1789611713,8558,82,3,33.5,43.6,,run
2026-09-17T05:21:58+03:00,1789611718,8563,82,3,33.5,42.9,,run
2026-09-17T05:22:03+03:00,1789611723,8568,82,3,33.5,41.4,,run
2026-09-17T05:22:08+03:00,1789611728,8573,82,3,33.5,40.5,,run
2026-09-17T05:22:14+03:00,1789611734,8579,82,3,33.5,40.2,,run
2026-09-17T05:22:19+03:00,1789611739,8584,82,3,33.5,41.4,,run
2026-09-17T05:22:24+03:00,1789611744,8589,82,3,33.5,40.5,,run
2026-09-17T05:22:29+03:00,1789611749,8594,82,3,33.5,39.8,,run
2026-09-17T05:22:34+03:00,1789611754,8599,82,3,33.5,49.4,,run
2026-09-17T05:22:40+03:00,1789611760,8605,82,3,33.5,42.3,,run
2026-09-17T05:22:45+03:00,1789611765,8610,82,3,33.5,41.7,,run
2026-09-17T05:22:50+03:00,1789611770,8615,82,3,33.5,40.2,,run
2026-09-17T05:22:55+03:00,1789611775,8620,82,3,33.5,40.2,,run
2026-09-17T05:23:00+03:00,1789611780,8625,82,3,33.5,40.8,,run
2026-09-17T05:23:06+03:00,1789611786,8631,82,3,33.5,40.5,,run
2026-09-17T05:23:11+03:00,1789611791,8636,82,3,33.5,40.2,,run
2026-09-17T05:23:16+03:00,1789611796,8641,82,3,33.5,40.5,,run
2026-09-17T05:23:21+03:00,1789611801,8646,82,3,33.5,41.1,,run
2026-09-17T05:23:27+03:00,1789611807,8652,82,3,33.5,39.8,,run
2026-09-17T05:23:32+03:00,1789611812,8657,82,3,33.5,40.2,,run
2026-09-17T05:23:37+03:00,1789611817,8662,82,3,33.5,40.8,,run
2026-09-17T05:23:42+03:00,1789611822,8667,82,3,33.5,39.5,,run
2026-09-17T05:23:47+03:00,1789611827,8672,82,3,33.5,42.9,,run
2026-09-17T05:23:53+03:00,1789611833,8678,82,3,33.5,43.6,,run
2026-09-17T05:23:58+03:00,1789611838,8683,82,3,33.5,42.6,,run
2026-09-17T05:24:03+03:00,1789611843,8688,82,3,33.5,41.4,,run
2026-09-17T05:24:08+03:00,1789611848,8693,82,3,33.5,39.5,,run
2026-09-17T05:24:14+03:00,1789611854,8699,82,3,33.5,44.2,,run
2026-09-17T05:24:19+03:00,1789611859,8704,82,3,33.5,47.0,,run
2026-09-17T05:24:24+03:00,1789611864,8709,82,3,33.5,40.8,,run
2026-09-17T05:24:30+03:00,1789611870,8715,82,3,33.5,41.7,,run
2026-09-17T05:24:35+03:00,1789611875,8720,82,3,33.5,41.1,,run
2026-09-17T05:24:40+03:00,1789611880,8725,82,3,33.5,39.8,,run
2026-09-17T05:24:45+03:00,1789611885,8730,82,3,33.5,39.8,,run
2026-09-17T05:24:50+03:00,1789611890,8735,82,3,33.5,40.8,,run
2026-09-17T05:24:56+03:00,1789611896,8741,82,3,33.5,40.5,,run
2026-09-17T05:25:01+03:00,1789611901,8746,82,3,33.5,39.8,,run
2026-09-17T05:25:06+03:00,1789611906,8751,82,3,33.5,40.2,,run
2026-09-17T05:25:11+03:00,1789611911,8756,82,3,33.5,40.2,,run
2026-09-17T05:25:17+03:00,1789611917,8762,82,3,33.5,40.5,,run
2026-09-17T05:25:22+03:00,1789611922,8767,82,3,33.5,40.5,,run
2026-09-17T05:25:27+03:00,1789611927,8772,82,3,33.5,39.5,,run
2026-09-17T05:25:32+03:00,1789611932,8777,82,3,33.5,50.7,,run
2026-09-17T05:25:38+03:00,1789611938,8783,82,3,33.5,42.3,,run
2026-09-17T05:25:43+03:00,1789611943,8788,82,3,33.5,41.1,,run
2026-09-17T05:25:48+03:00,1789611948,8793,82,3,33.5,39.8,,run
2026-09-17T05:25:53+03:00,1789611953,8798,82,3,33.5,40.5,,run
2026-09-17T05:25:59+03:00,1789611959,8804,82,3,33.5,49.7,,run
2026-09-17T05:26:04+03:00,1789611964,8809,82,3,33.5,42.0,,run
2026-09-17T05:26:09+03:00,1789611969,8814,82,3,30.7,40.2,,run
2026-09-17T05:26:14+03:00,1789611974,8819,82,3,30.7,40.5,,run
2026-09-17T05:26:20+03:00,1789611980,8825,82,3,30.7,41.4,,run
2026-09-17T05:26:25+03:00,1789611985,8830,82,3,30.7,39.5,,run
2026-09-17T05:26:30+03:00,1789611990,8835,82,3,30.7,40.2,,run
2026-09-17T05:26:35+03:00,1789611995,8840,82,3,30.7,39.5,,run
2026-09-17T05:26:41+03:00,1789612001,8846,82,3,30.7,40.5,,run
2026-09-17T05:26:46+03:00,1789612006,8851,82,3,30.7,40.5,,run
2026-09-17T05:26:51+03:00,1789612011,8856,82,3,30.7,40.5,,run
2026-09-17T05:26:56+03:00,1789612016,8861,82,3,30.7,40.2,,run
2026-09-17T05:27:01+03:00,1789612021,8866,82,3,30.7,39.5,,run
2026-09-17T05:27:07+03:00,1789612027,8872,82,3,30.7,38.9,,run
2026-09-17T05:27:12+03:00,1789612032,8877,82,3,30.7,47.3,,run
2026-09-17T05:27:17+03:00,1789612037,8882,82,3,30.7,49.1,,run
2026-09-17T05:27:22+03:00,1789612042,8887,82,3,30.7,45.7,,run
2026-09-17T05:27:28+03:00,1789612048,8893,82,3,30.7,40.8,,run
2026-09-17T05:27:33+03:00,1789612053,8898,82,3,30.7,39.5,,run
2026-09-17T05:27:38+03:00,1789612058,8903,82,3,30.7,39.2,,run
2026-09-17T05:27:43+03:00,1789612063,8908,82,3,30.7,39.8,,run
2026-09-17T05:27:48+03:00,1789612068,8913,82,3,30.7,39.5,,run
2026-09-17T05:27:54+03:00,1789612074,8919,82,3,30.7,39.2,,run
2026-09-17T05:27:59+03:00,1789612079,8924,82,3,30.7,50.7,,run
2026-09-17T05:28:04+03:00,1789612084,8929,82,3,30.7,42.3,,run
2026-09-17T05:28:09+03:00,1789612089,8934,82,3,30.7,40.5,,run
2026-09-17T05:28:15+03:00,1789612095,8940,82,3,30.7,40.2,,run
2026-09-17T05:28:20+03:00,1789612100,8945,82,3,30.7,40.2,,run
2026-09-17T05:28:25+03:00,1789612105,8950,82,3,30.7,39.8,,run
2026-09-17T05:28:30+03:00,1789612110,8955,82,3,30.7,39.5,,run
2026-09-17T05:28:36+03:00,1789612116,8961,82,3,30.7,39.5,,run
2026-09-17T05:28:41+03:00,1789612121,8966,82,3,30.7,39.5,,run
2026-09-17T05:28:46+03:00,1789612126,8971,82,3,30.7,39.5,,run
2026-09-17T05:28:51+03:00,1789612131,8976,82,3,30.7,39.5,,run
2026-09-17T05:28:56+03:00,1789612136,8981,82,3,30.7,39.5,,run
2026-09-17T05:29:02+03:00,1789612142,8987,82,3,30.7,39.5,,run
2026-09-17T05:29:07+03:00,1789612147,8992,82,3,30.7,40.8,,run
2026-09-17T05:29:12+03:00,1789612152,8997,82,3,30.7,40.2,,run
2026-09-17T05:29:17+03:00,1789612157,9002,82,3,30.7,49.4,,run
2026-09-17T05:29:23+03:00,1789612163,9008,82,3,30.7,42.9,,run
2026-09-17T05:29:28+03:00,1789612168,9013,82,3,30.7,43.2,,run
2026-09-17T05:29:33+03:00,1789612173,9018,82,3,30.7,39.5,,run
2026-09-17T05:29:39+03:00,1789612179,9024,82,3,30.7,40.2,,run
2026-09-17T05:29:44+03:00,1789612184,9029,82,3,30.7,40.2,,run
2026-09-17T05:29:49+03:00,1789612189,9034,82,3,30.7,39.5,,run
2026-09-17T05:29:54+03:00,1789612194,9039,82,3,30.7,39.5,,run
2026-09-17T05:29:59+03:00,1789612199,9044,82,3,30.7,39.8,,run
2026-09-17T05:30:05+03:00,1789612205,9050,82,3,30.7,54.1,,run
2026-09-17T05:30:10+03:00,1789612210,9055,82,3,30.7,41.1,,run
2026-09-17T05:30:15+03:00,1789612215,9060,82,3,30.7,39.8,,run
2026-09-17T05:30:20+03:00,1789612220,9065,82,3,30.7,40.2,,run
2026-09-17T05:30:26+03:00,1789612226,9071,82,3,30.7,41.1,,run
2026-09-17T05:30:31+03:00,1789612231,9076,82,3,30.7,39.5,,run
2026-09-17T05:30:36+03:00,1789612236,9081,82,3,30.7,40.8,,run
2026-09-17T05:30:41+03:00,1789612241,9086,82,3,30.7,39.8,,run
2026-09-17T05:30:46+03:00,1789612246,9091,82,3,30.7,39.8,,run
2026-09-17T05:30:52+03:00,1789612252,9097,82,3,30.7,39.2,,run
2026-09-17T05:30:57+03:00,1789612257,9102,82,3,30.7,38.9,,run
2026-09-17T05:31:02+03:00,1789612262,9107,82,3,30.7,39.2,,run
2026-09-17T05:31:07+03:00,1789612267,9112,82,3,30.7,39.5,,run
2026-09-17T05:31:13+03:00,1789612273,9118,82,3,30.7,40.5,,run
2026-09-17T05:31:18+03:00,1789612278,9123,82,3,30.7,42.3,,run
2026-09-17T05:31:23+03:00,1789612283,9128,82,3,30.7,43.9,,run
2026-09-17T05:31:28+03:00,1789612288,9133,82,3,30.7,43.2,,run
2026-09-17T05:31:33+03:00,1789612293,9138,82,3,30.7,40.5,,run
2026-09-17T05:31:39+03:00,1789612299,9144,82,3,30.7,39.5,,run
2026-09-17T05:31:44+03:00,1789612304,9149,82,3,30.7,41.4,,run
2026-09-17T05:31:49+03:00,1789612309,9154,82,3,30.7,45.1,,run
2026-09-17T05:31:54+03:00,1789612314,9159,82,3,30.7,40.5,,run
2026-09-17T05:32:00+03:00,1789612320,9165,82,3,30.7,40.5,,run
2026-09-17T05:32:05+03:00,1789612325,9170,82,3,30.7,40.5,,run
2026-09-17T05:32:10+03:00,1789612330,9175,82,3,30.7,40.2,,run
2026-09-17T05:32:15+03:00,1789612335,9180,82,3,30.7,39.8,,run
2026-09-17T05:32:21+03:00,1789612341,9186,82,3,30.7,40.2,,run
2026-09-17T05:32:26+03:00,1789612346,9191,82,3,30.7,42.0,,run
2026-09-17T05:32:31+03:00,1789612351,9196,82,3,30.7,39.5,,run
2026-09-17T05:32:36+03:00,1789612356,9201,82,3,30.7,40.2,,run
2026-09-17T05:32:41+03:00,1789612361,9206,82,3,30.7,40.2,,run
2026-09-17T05:32:47+03:00,1789612367,9212,82,3,30.7,39.2,,run
2026-09-17T05:32:52+03:00,1789612372,9217,82,3,30.7,39.8,,run
2026-09-17T05:32:57+03:00,1789612377,9222,82,3,30.7,38.9,,run
2026-09-17T05:33:02+03:00,1789612382,9227,82,3,30.7,48.2,,run
2026-09-17T05:33:08+03:00,1789612388,9233,82,3,30.7,42.0,,run
2026-09-17T05:33:13+03:00,1789612393,9238,82,3,30.7,40.8,,run
2026-09-17T05:33:18+03:00,1789612398,9243,82,3,30.7,40.2,,run
2026-09-17T05:33:23+03:00,1789612403,9248,82,3,30.7,39.2,,run
2026-09-17T05:33:29+03:00,1789612409,9254,82,3,30.7,40.5,,run
2026-09-17T05:33:34+03:00,1789612414,9259,82,3,30.7,39.5,,run
2026-09-17T05:33:39+03:00,1789612419,9264,82,3,30.7,39.2,,run
2026-09-17T05:33:44+03:00,1789612424,9269,82,3,30.7,38.6,,run
2026-09-17T05:33:50+03:00,1789612430,9275,82,3,30.7,47.0,,run
2026-09-17T05:33:55+03:00,1789612435,9280,82,3,30.7,41.7,,run
2026-09-17T05:34:00+03:00,1789612440,9285,82,3,30.7,40.2,,run
2026-09-17T05:34:05+03:00,1789612445,9290,82,3,30.7,40.8,,run
2026-09-17T05:34:10+03:00,1789612450,9295,82,3,30.7,39.5,,run
2026-09-17T05:34:16+03:00,1789612456,9301,82,3,30.7,39.5,,run
2026-09-17T05:34:21+03:00,1789612461,9306,82,3,30.7,39.2,,run
2026-09-17T05:34:26+03:00,1789612466,9311,82,3,30.7,41.4,,run
2026-09-17T05:34:31+03:00,1789612471,9316,82,3,30.7,39.5,,run
2026-09-17T05:34:37+03:00,1789612477,9322,82,3,30.7,39.2,,run
2026-09-17T05:34:42+03:00,1789612482,9327,82,3,30.7,39.5,,run
2026-09-17T05:34:47+03:00,1789612487,9332,82,3,30.7,39.8,,run
2026-09-17T05:34:52+03:00,1789612492,9337,82,3,30.7,39.2,,run
2026-09-17T05:34:57+03:00,1789612497,9342,82,3,30.7,39.5,,run
2026-09-17T05:35:03+03:00,1789612503,9348,82,3,30.7,51.9,,run
2026-09-17T05:35:08+03:00,1789612508,9353,82,3,30.7,42.3,,run
2026-09-17T05:35:13+03:00,1789612513,9358,82,3,30.7,41.7,,run
2026-09-17T05:35:19+03:00,1789612519,9364,82,3,30.7,41.1,,run
2026-09-17T05:35:24+03:00,1789612524,9369,81,3,30.3,40.2,,run
2026-09-17T05:35:29+03:00,1789612529,9374,81,3,30.3,40.2,,run
2026-09-17T05:35:34+03:00,1789612534,9379,81,3,30.3,39.2,,run
2026-09-17T05:35:39+03:00,1789612539,9384,81,3,30.3,39.2,,run
2026-09-17T05:35:45+03:00,1789612545,9390,81,3,30.3,41.1,,run
2026-09-17T05:35:50+03:00,1789612550,9395,81,3,30.3,51.9,,run
2026-09-17T05:35:55+03:00,1789612555,9400,81,3,30.3,42.3,,run
2026-09-17T05:36:00+03:00,1789612560,9405,81,3,30.3,41.4,,run
2026-09-17T05:36:06+03:00,1789612566,9411,81,3,30.2,39.8,,run
2026-09-17T05:36:11+03:00,1789612571,9416,81,3,30.2,40.5,,run
2026-09-17T05:36:16+03:00,1789612576,9421,81,3,30.2,40.8,,run
2026-09-17T05:36:21+03:00,1789612581,9426,81,3,30.2,40.5,,run
2026-09-17T05:36:27+03:00,1789612587,9432,81,3,30.2,39.8,,run
2026-09-17T05:36:32+03:00,1789612592,9437,81,3,30.2,40.2,,run
2026-09-17T05:36:37+03:00,1789612597,9442,81,3,30.2,38.9,,run
2026-09-17T05:36:42+03:00,1789612602,9447,81,3,30.2,40.2,,run
2026-09-17T05:36:47+03:00,1789612607,9452,81,3,30.2,43.9,,run
2026-09-17T05:36:53+03:00,1789612613,9458,81,3,30.2,40.2,,run
2026-09-17T05:36:58+03:00,1789612618,9463,81,3,30.2,40.2,,run
2026-09-17T05:37:03+03:00,1789612623,9468,81,3,30.2,42.6,,run
2026-09-17T05:37:08+03:00,1789612628,9473,81,3,30.2,43.6,,run
2026-09-17T05:37:14+03:00,1789612634,9479,81,3,30.2,44.2,,run
2026-09-17T05:37:19+03:00,1789612639,9484,81,3,30.2,39.8,,run
2026-09-17T05:37:24+03:00,1789612644,9489,81,3,30.2,40.2,,run
2026-09-17T05:37:29+03:00,1789612649,9494,81,3,30.2,39.5,,run
2026-09-17T05:37:34+03:00,1789612654,9499,81,3,30.2,39.2,,run
2026-09-17T05:37:40+03:00,1789612660,9505,81,3,30.2,39.8,,run
2026-09-17T05:37:45+03:00,1789612665,9510,81,3,30.2,39.2,,run
2026-09-17T05:37:50+03:00,1789612670,9515,81,3,30.2,53.1,,run
2026-09-17T05:37:55+03:00,1789612675,9520,81,3,30.2,40.8,,run
2026-09-17T05:38:01+03:00,1789612681,9526,81,3,30.2,40.5,,run
2026-09-17T05:38:06+03:00,1789612686,9531,81,3,30.2,39.8,,run
2026-09-17T05:38:11+03:00,1789612691,9536,81,3,30.2,39.2,,run
2026-09-17T05:38:16+03:00,1789612696,9541,81,3,30.2,39.2,,run
2026-09-17T05:38:22+03:00,1789612702,9547,81,3,30.2,40.2,,run
2026-09-17T05:38:27+03:00,1789612707,9552,81,3,30.2,39.2,,run
2026-09-17T05:38:32+03:00,1789612712,9557,81,3,30.2,39.2,,run
2026-09-17T05:38:37+03:00,1789612717,9562,81,3,30.2,39.2,,run
2026-09-17T05:38:42+03:00,1789612722,9567,81,3,30.2,38.9,,run
2026-09-17T05:38:48+03:00,1789612728,9573,81,3,30.2,40.2,,run
2026-09-17T05:38:53+03:00,1789612733,9578,81,3,30.2,39.5,,run
2026-09-17T05:38:58+03:00,1789612738,9583,81,3,30.2,40.2,,run
2026-09-17T05:39:03+03:00,1789612743,9588,81,3,30.2,48.5,,run
2026-09-17T05:39:09+03:00,1789612749,9594,81,3,30.2,44.8,,run
2026-09-17T05:39:14+03:00,1789612754,9599,81,3,30.2,45.4,,run
2026-09-17T05:39:19+03:00,1789612759,9604,81,3,30.2,39.5,,run
2026-09-17T05:39:24+03:00,1789612764,9609,81,3,30.2,39.5,,run
2026-09-17T05:39:29+03:00,1789612769,9614,81,3,30.2,39.5,,run
2026-09-17T05:39:35+03:00,1789612775,9620,81,3,30.2,38.9,,run
2026-09-17T05:39:40+03:00,1789612780,9625,81,3,30.2,39.8,,run
2026-09-17T05:39:45+03:00,1789612785,9630,81,3,30.2,39.2,,run
2026-09-17T05:39:50+03:00,1789612790,9635,81,3,30.2,50.7,,run
2026-09-17T05:39:56+03:00,1789612796,9641,81,3,30.2,42.0,,run
2026-09-17T05:40:01+03:00,1789612801,9646,81,3,30.2,40.8,,run
2026-09-17T05:40:06+03:00,1789612806,9651,81,3,30.2,40.5,,run
2026-09-17T05:40:11+03:00,1789612811,9656,81,3,30.2,40.5,,run
2026-09-17T05:40:17+03:00,1789612817,9662,81,3,30.2,40.2,,run
2026-09-17T05:40:22+03:00,1789612822,9667,81,3,30.2,40.2,,run
2026-09-17T05:40:27+03:00,1789612827,9672,81,3,30.2,39.2,,run
2026-09-17T05:40:32+03:00,1789612832,9677,81,3,30.2,39.8,,run
2026-09-17T05:40:37+03:00,1789612837,9682,81,3,30.2,39.2,,run
2026-09-17T05:40:43+03:00,1789612843,9688,81,3,30.2,40.2,,run
2026-09-17T05:40:48+03:00,1789612848,9693,81,3,30.2,38.9,,run
2026-09-17T05:40:53+03:00,1789612853,9698,81,3,30.2,39.2,,run
2026-09-17T05:40:58+03:00,1789612858,9703,81,3,30.2,40.5,,run
2026-09-17T05:41:04+03:00,1789612864,9709,81,3,30.2,46.0,,run
2026-09-17T05:41:09+03:00,1789612869,9714,81,3,30.2,47.9,,run
2026-09-17T05:41:14+03:00,1789612874,9719,81,3,30.2,42.6,,run
2026-09-17T05:41:19+03:00,1789612879,9724,81,3,30.2,39.8,,run
2026-09-17T05:41:24+03:00,1789612884,9729,81,3,30.2,40.2,,run
2026-09-17T05:41:30+03:00,1789612890,9735,81,3,30.2,40.5,,run
2026-09-17T05:41:35+03:00,1789612895,9740,81,3,30.2,40.2,,run
2026-09-17T05:41:40+03:00,1789612900,9745,81,3,30.2,39.5,,run
2026-09-17T05:41:45+03:00,1789612905,9750,81,3,30.2,40.2,,run
2026-09-17T05:41:51+03:00,1789612911,9756,81,3,30.2,48.5,,run
2026-09-17T05:41:56+03:00,1789612916,9761,81,3,30.2,42.0,,run
2026-09-17T05:42:01+03:00,1789612921,9766,81,3,30.2,40.8,,run
2026-09-17T05:42:06+03:00,1789612926,9771,81,3,30.2,40.5,,run
2026-09-17T05:42:12+03:00,1789612932,9777,81,3,30.2,40.5,,run
2026-09-17T05:42:17+03:00,1789612937,9782,81,3,30.2,39.8,,run
2026-09-17T05:42:22+03:00,1789612942,9787,81,3,30.2,40.5,,run
2026-09-17T05:42:27+03:00,1789612947,9792,81,3,30.2,39.2,,run
2026-09-17T05:42:33+03:00,1789612952,9797,81,3,30.2,41.4,,run
2026-09-17T05:42:38+03:00,1789612958,9803,81,3,30.2,39.8,,run
2026-09-17T05:42:43+03:00,1789612963,9808,81,3,30.2,38.9,,run
2026-09-17T05:42:48+03:00,1789612968,9813,81,3,30.2,38.9,,run
2026-09-17T05:42:53+03:00,1789612973,9818,81,3,30.2,39.5,,run
2026-09-17T05:42:59+03:00,1789612979,9824,81,3,30.2,39.2,,run
2026-09-17T05:43:04+03:00,1789612984,9829,81,3,30.2,39.8,,run
2026-09-17T05:43:09+03:00,1789612989,9834,81,3,30.2,51.0,,run
2026-09-17T05:43:14+03:00,1789612994,9839,81,3,30.2,40.8,,run
2026-09-17T05:43:20+03:00,1789613000,9845,81,3,30.2,39.5,,run
2026-09-17T05:43:25+03:00,1789613005,9850,81,3,30.2,39.8,,run
2026-09-17T05:43:30+03:00,1789613010,9855,81,3,30.2,40.5,,run
2026-09-17T05:43:35+03:00,1789613015,9860,81,3,30.2,50.7,,run
2026-09-17T05:43:41+03:00,1789613021,9866,81,3,30.2,42.0,,run
2026-09-17T05:43:46+03:00,1789613026,9871,81,3,30.2,40.5,,run
2026-09-17T05:43:51+03:00,1789613031,9876,81,3,30.2,40.5,,run
2026-09-17T05:43:56+03:00,1789613036,9881,81,3,30.2,39.5,,run
2026-09-17T05:44:01+03:00,1789613041,9886,81,3,30.2,39.8,,run
2026-09-17T05:44:07+03:00,1789613047,9892,81,3,30.2,41.1,,run
2026-09-17T05:44:12+03:00,1789613052,9897,81,3,30.2,39.5,,run
2026-09-17T05:44:17+03:00,1789613057,9902,81,3,30.2,38.9,,run
2026-09-17T05:44:22+03:00,1789613062,9907,81,3,30.2,40.2,,run
2026-09-17T05:44:27+03:00,1789613067,9912,81,3,30.2,39.2,,run
2026-09-17T05:44:33+03:00,1789613073,9918,81,3,30.2,39.2,,run
2026-09-17T05:44:38+03:00,1789613078,9923,81,3,30.2,39.8,,run
2026-09-17T05:44:43+03:00,1789613083,9928,81,3,30.2,39.8,,run
2026-09-17T05:44:48+03:00,1789613088,9933,81,3,30.2,45.4,,run
2026-09-17T05:44:54+03:00,1789613094,9939,81,3,30.2,48.2,,run
2026-09-17T05:44:59+03:00,1789613099,9944,81,3,30.2,43.6,,run
2026-09-17T05:45:04+03:00,1789613104,9949,81,3,30.2,39.8,,run
2026-09-17T05:45:09+03:00,1789613109,9954,81,3,30.2,39.5,,run
2026-09-17T05:45:14+03:00,1789613114,9959,81,3,30.2,40.2,,run
2026-09-17T05:45:20+03:00,1789613120,9965,81,3,30.2,38.9,,run
2026-09-17T05:45:25+03:00,1789613125,9970,81,3,30.2,38.6,,run
2026-09-17T05:45:30+03:00,1789613130,9975,81,3,30.2,39.5,,run
2026-09-17T05:45:35+03:00,1789613135,9980,81,3,30.2,51.3,,run
2026-09-17T05:45:41+03:00,1789613141,9986,81,3,30.2,42.3,,run
2026-09-17T05:45:46+03:00,1789613146,9991,81,3,30.2,39.8,,run
2026-09-17T05:45:51+03:00,1789613151,9996,81,3,30.2,40.5,,run
2026-09-17T05:45:56+03:00,1789613156,10001,81,3,30.2,39.8,,run
2026-09-17T05:46:02+03:00,1789613162,10007,81,3,30.2,39.5,,run
2026-09-17T05:46:07+03:00,1789613167,10012,81,3,30.1,40.2,,run
2026-09-17T05:46:12+03:00,1789613172,10017,81,3,30.1,39.5,,run
2026-09-17T05:46:17+03:00,1789613177,10022,81,3,30.1,39.8,,run
2026-09-17T05:46:23+03:00,1789613183,10028,81,3,30.1,39.5,,run
2026-09-17T05:46:28+03:00,1789613188,10033,81,3,30.1,39.8,,run
2026-09-17T05:46:33+03:00,1789613193,10038,81,3,30.1,39.8,,run
2026-09-17T05:46:38+03:00,1789613198,10043,81,3,30.1,40.5,,run
2026-09-17T05:46:43+03:00,1789613203,10048,81,3,30.1,41.1,,run
2026-09-17T05:46:49+03:00,1789613209,10054,81,3,30.1,40.5,,run
2026-09-17T05:46:54+03:00,1789613214,10059,81,3,30.1,47.3,,run
2026-09-17T05:46:59+03:00,1789613219,10064,81,3,30.1,41.1,,run
2026-09-17T05:47:04+03:00,1789613224,10069,81,3,30.1,39.5,,run
2026-09-17T05:47:09+03:00,1789613229,10074,80,3,30.1,39.2,,run
2026-09-17T05:47:15+03:00,1789613235,10080,80,3,30.1,39.2,,run
2026-09-17T05:47:20+03:00,1789613240,10085,80,3,30.1,39.5,,run
2026-09-17T05:47:25+03:00,1789613245,10090,80,3,30.1,39.2,,run
2026-09-17T05:47:30+03:00,1789613250,10095,80,3,30.1,39.2,,run
2026-09-17T05:47:36+03:00,1789613256,10101,80,3,30.1,50.4,,run
2026-09-17T05:47:41+03:00,1789613261,10106,80,3,30.1,42.6,,run
2026-09-17T05:47:46+03:00,1789613266,10111,80,3,30.1,40.2,,run
2026-09-17T05:47:51+03:00,1789613271,10116,80,3,30.1,40.5,,run
2026-09-17T05:47:57+03:00,1789613277,10122,80,3,30.1,39.5,,run
2026-09-17T05:48:02+03:00,1789613282,10127,80,3,30.1,40.5,,run
2026-09-17T05:48:07+03:00,1789613287,10132,80,3,30.1,40.5,,run
2026-09-17T05:48:12+03:00,1789613292,10137,80,3,30.1,40.8,,run
2026-09-17T05:48:18+03:00,1789613298,10143,80,3,30.1,45.4,,run
2026-09-17T05:48:23+03:00,1789613303,10148,80,3,30.1,41.4,,run
2026-09-17T05:48:28+03:00,1789613308,10153,80,3,30.1,41.4,,run
2026-09-17T05:48:33+03:00,1789613313,10158,80,3,30.1,40.2,,run
2026-09-17T05:48:38+03:00,1789613318,10163,80,3,30.1,39.8,,run
2026-09-17T05:48:44+03:00,1789613324,10169,80,3,30.1,39.8,,run
2026-09-17T05:48:49+03:00,1789613329,10174,80,3,30.1,39.8,,run
2026-09-17T05:48:54+03:00,1789613334,10179,80,3,30.1,51.3,,run
2026-09-17T05:49:00+03:00,1789613340,10185,80,3,30.1,41.1,,run
2026-09-17T05:49:05+03:00,1789613345,10190,80,3,30.1,40.2,,run
2026-09-17T05:49:10+03:00,1789613350,10195,80,3,30.1,39.5,,run
2026-09-17T05:49:15+03:00,1789613355,10200,80,3,30.1,39.2,,run
2026-09-17T05:49:20+03:00,1789613360,10205,80,3,30.1,51.6,,run
2026-09-17T05:49:26+03:00,1789613366,10211,80,3,30.1,42.0,,run
2026-09-17T05:49:31+03:00,1789613371,10216,80,3,30.1,40.8,,run
2026-09-17T05:49:36+03:00,1789613376,10221,80,3,30.1,39.8,,run
2026-09-17T05:49:42+03:00,1789613381,10226,80,3,30.1,39.5,,run
2026-09-17T05:49:47+03:00,1789613387,10232,80,3,30.1,39.8,,run
2026-09-17T05:49:52+03:00,1789613392,10237,80,3,30.1,40.5,,run
2026-09-17T05:49:57+03:00,1789613397,10242,80,3,30.1,39.2,,run
2026-09-17T05:50:02+03:00,1789613402,10247,80,3,30.1,40.2,,run
2026-09-17T05:50:08+03:00,1789613408,10253,80,3,30.1,39.8,,run
2026-09-17T05:50:13+03:00,1789613413,10258,80,3,30.1,39.5,,run
2026-09-17T05:50:18+03:00,1789613418,10263,80,3,30.1,39.2,,run
2026-09-17T05:50:23+03:00,1789613423,10268,80,3,30.1,40.5,,run
2026-09-17T05:50:28+03:00,1789613428,10273,80,3,30.1,38.9,,run
2026-09-17T05:50:34+03:00,1789613434,10279,80,3,30.1,39.8,,run
2026-09-17T05:50:39+03:00,1789613439,10284,80,3,30.1,50.1,,run
2026-09-17T05:50:44+03:00,1789613444,10289,80,3,30.1,42.0,,run
2026-09-17T05:50:49+03:00,1789613449,10294,80,3,30.1,39.8,,run
2026-09-17T05:50:55+03:00,1789613455,10300,80,3,30.1,40.8,,run
2026-09-17T05:51:00+03:00,1789613460,10305,80,3,30.1,40.5,,run
2026-09-17T05:51:05+03:00,1789613465,10310,80,3,30.1,38.6,,run
2026-09-17T05:51:10+03:00,1789613470,10315,80,3,30.1,39.2,,run
2026-09-17T05:51:16+03:00,1789613476,10321,80,3,30.1,39.2,,run
2026-09-17T05:51:21+03:00,1789613481,10326,80,3,30.1,49.4,,run
2026-09-17T05:51:26+03:00,1789613486,10331,80,3,30.1,43.9,,run
2026-09-17T05:51:31+03:00,1789613491,10336,80,3,30.1,40.5,,run
2026-09-17T05:51:37+03:00,1789613497,10342,80,3,30.1,39.5,,run
2026-09-17T05:51:42+03:00,1789613502,10347,80,3,30.1,40.5,,run
2026-09-17T05:51:47+03:00,1789613507,10352,80,3,30.1,39.2,,run
2026-09-17T05:51:52+03:00,1789613512,10357,80,3,30.1,39.5,,run
2026-09-17T05:51:57+03:00,1789613517,10362,80,3,30.1,39.5,,run
2026-09-17T05:52:03+03:00,1789613523,10368,80,3,30.1,39.2,,run
2026-09-17T05:52:08+03:00,1789613528,10373,80,3,30.1,39.2,,run
2026-09-17T05:52:13+03:00,1789613533,10378,80,3,30.1,39.5,,run
2026-09-17T05:52:18+03:00,1789613538,10383,80,3,30.1,39.2,,run
2026-09-17T05:52:23+03:00,1789613543,10388,80,3,30.1,39.5,,run
2026-09-17T05:52:29+03:00,1789613549,10394,80,3,30.1,39.8,,run
2026-09-17T05:52:34+03:00,1789613554,10399,80,3,30.1,39.2,,run
2026-09-17T05:52:39+03:00,1789613559,10404,80,3,30.1,51.0,,run
2026-09-17T05:52:44+03:00,1789613564,10409,80,3,30.1,41.4,,run
2026-09-17T05:52:50+03:00,1789613570,10415,80,3,30.1,40.5,,run
2026-09-17T05:52:55+03:00,1789613575,10420,80,3,30.1,39.8,,run
2026-09-17T05:53:00+03:00,1789613580,10425,80,3,30.1,39.5,,run
2026-09-17T05:53:05+03:00,1789613585,10430,80,3,30.1,39.5,,run
2026-09-17T05:53:11+03:00,1789613591,10436,80,3,30.1,39.5,,run
2026-09-17T05:53:16+03:00,1789613596,10441,80,3,30.1,46.3,,run
2026-09-17T05:53:21+03:00,1789613601,10446,80,3,30.1,51.3,,run
2026-09-17T05:53:27+03:00,1789613607,10452,80,3,30.1,45.1,,run
2026-09-17T05:53:32+03:00,1789613612,10457,80,3,30.1,46.0,,run
2026-09-17T05:53:37+03:00,1789613617,10462,80,3,30.1,42.6,,run
2026-09-17T05:53:42+03:00,1789613622,10467,80,3,30.1,40.8,,run
2026-09-17T05:53:47+03:00,1789613627,10472,80,3,30.1,41.4,,run
2026-09-17T05:53:53+03:00,1789613633,10478,80,3,30.1,40.2,,run
2026-09-17T05:53:58+03:00,1789613638,10483,80,3,30.1,41.4,,run
2026-09-17T05:54:03+03:00,1789613643,10488,80,3,30.1,40.2,,run
2026-09-17T05:54:08+03:00,1789613648,10493,80,3,30.1,39.8,,run
2026-09-17T05:54:14+03:00,1789613654,10499,80,3,30.1,40.8,,run
2026-09-17T05:54:19+03:00,1789613659,10504,80,3,30.1,39.5,,run
2026-09-17T05:54:24+03:00,1789613664,10509,80,3,30.1,40.2,,run
2026-09-17T05:54:29+03:00,1789613669,10514,80,3,30.1,39.8,,run
2026-09-17T05:54:34+03:00,1789613674,10519,80,3,30.1,40.5,,run
2026-09-17T05:54:40+03:00,1789613680,10525,80,3,30.1,51.3,,run
2026-09-17T05:54:45+03:00,1789613685,10530,80,3,30.1,42.0,,run
2026-09-17T05:54:50+03:00,1789613690,10535,80,3,30.1,40.5,,run
2026-09-17T05:54:55+03:00,1789613695,10540,80,3,30.1,40.2,,run
2026-09-17T05:55:01+03:00,1789613701,10546,80,3,30.1,39.5,,run
2026-09-17T05:55:06+03:00,1789613706,10551,80,3,30.1,41.4,,run
2026-09-17T05:55:11+03:00,1789613711,10556,80,3,30.1,39.5,,run
2026-09-17T05:55:16+03:00,1789613716,10561,80,3,30.1,39.2,,run
2026-09-17T05:55:21+03:00,1789613721,10566,80,3,30.1,49.1,,run
2026-09-17T05:55:27+03:00,1789613727,10572,80,3,30.1,42.3,,run
2026-09-17T05:55:32+03:00,1789613732,10577,80,3,30.1,40.8,,run
2026-09-17T05:55:38+03:00,1789613738,10583,80,3,30.1,39.8,,run
2026-09-17T05:55:43+03:00,1789613743,10588,80,3,30.1,40.5,,run
2026-09-17T05:55:48+03:00,1789613748,10593,80,3,30.1,39.8,,run
2026-09-17T05:55:53+03:00,1789613753,10598,80,3,30.1,39.8,,run
2026-09-17T05:55:58+03:00,1789613758,10603,80,3,30.1,40.5,,run
2026-09-17T05:56:04+03:00,1789613764,10609,80,3,30.1,40.2,,run
2026-09-17T05:56:09+03:00,1789613769,10614,80,3,30.2,39.5,,run
2026-09-17T05:56:14+03:00,1789613774,10619,80,3,30.2,40.2,,run
2026-09-17T05:56:19+03:00,1789613779,10624,80,3,30.2,39.5,,run
2026-09-17T05:56:24+03:00,1789613784,10629,80,3,30.2,40.5,,run
2026-09-17T05:56:30+03:00,1789613790,10635,80,3,30.2,39.2,,run
2026-09-17T05:56:35+03:00,1789613795,10640,80,3,30.2,39.8,,run
2026-09-17T05:56:40+03:00,1789613800,10645,80,3,30.2,50.4,,run
2026-09-17T05:56:45+03:00,1789613805,10650,80,3,30.2,40.8,,run
2026-09-17T05:56:51+03:00,1789613811,10656,80,3,30.2,41.1,,run
2026-09-17T05:56:56+03:00,1789613816,10661,80,3,30.2,39.8,,run
2026-09-17T05:57:01+03:00,1789613821,10666,80,3,30.2,39.8,,run
2026-09-17T05:57:06+03:00,1789613826,10671,80,3,30.2,39.5,,run
2026-09-17T05:57:12+03:00,1789613832,10677,80,3,30.2,40.2,,run
2026-09-17T05:57:17+03:00,1789613837,10682,80,3,30.2,40.2,,run
2026-09-17T05:57:22+03:00,1789613842,10687,80,3,30.2,51.3,,run
2026-09-17T05:57:27+03:00,1789613847,10692,80,3,30.2,42.3,,run
2026-09-17T05:57:33+03:00,1789613853,10698,80,3,30.2,40.2,,run
2026-09-17T05:57:38+03:00,1789613858,10703,80,3,30.2,40.2,,run
2026-09-17T05:57:43+03:00,1789613863,10708,80,3,30.2,39.5,,run
2026-09-17T05:57:48+03:00,1789613868,10713,79,3,30.2,40.5,,run
2026-09-17T05:57:54+03:00,1789613874,10719,79,3,30.2,39.5,,run
2026-09-17T05:57:59+03:00,1789613879,10724,79,3,30.2,39.8,,run
2026-09-17T05:58:04+03:00,1789613884,10729,79,3,30.2,40.8,,run
2026-09-17T05:58:09+03:00,1789613889,10734,79,3,30.2,39.5,,run
2026-09-17T05:58:14+03:00,1789613894,10739,79,3,30.2,39.2,,run
2026-09-17T05:58:20+03:00,1789613900,10745,79,3,30.2,40.2,,run
2026-09-17T05:58:25+03:00,1789613905,10750,79,3,30.2,39.2,,run
2026-09-17T05:58:30+03:00,1789613910,10755,79,3,30.2,39.2,,run
2026-09-17T05:58:35+03:00,1789613915,10760,79,3,30.2,40.2,,run
2026-09-17T05:58:40+03:00,1789613920,10765,79,3,30.2,49.1,,run
2026-09-17T05:58:46+03:00,1789613926,10771,79,3,30.2,41.1,,run
2026-09-17T05:58:51+03:00,1789613931,10776,79,3,30.2,39.8,,run
2026-09-17T05:58:56+03:00,1789613936,10781,79,3,30.2,39.2,,run
2026-09-17T05:59:01+03:00,1789613941,10786,79,3,30.2,39.5,,run
2026-09-17T05:59:07+03:00,1789613947,10792,79,3,30.2,39.2,,run
2026-09-17T05:59:12+03:00,1789613952,10797,79,3,30.2,39.8,,run
2026-09-17T05:59:17+03:00,1789613957,10802,79,3,30.2,38.6,,run
2026-09-17T05:59:22+03:00,1789613962,10807,79,3,30.2,48.2,,run
2026-09-17T05:59:28+03:00,1789613968,10813,79,3,30.2,43.2,,run
2026-09-17T05:59:33+03:00,1789613973,10818,79,3,30.2,40.2,,run
2026-09-17T05:59:38+03:00,1789613978,10823,79,3,30.2,39.8,,run
2026-09-17T05:59:44+03:00,1789613984,10829,79,3,30.2,40.5,,run
2026-09-17T05:59:49+03:00,1789613989,10834,79,3,30.2,39.5,,run
2026-09-17T05:59:54+03:00,1789613994,10839,79,3,30.2,39.8,,run
2026-09-17T05:59:59+03:00,1789613999,10844,79,3,30.2,39.2,,run
2026-09-17T06:00:04+03:00,1789614004,10849,79,3,30.2,39.2,,run
2026-09-17T06:00:10+03:00,1789614010,10855,79,3,30.2,39.5,,run
2026-09-17T06:00:15+03:00,1789614015,10860,79,3,30.2,39.5,,run
2026-09-17T06:00:20+03:00,1789614020,10865,79,3,30.2,39.5,,run
2026-09-17T06:00:25+03:00,1789614025,10870,79,3,30.2,39.5,,run
2026-09-17T06:00:30+03:00,1789614030,10875,79,3,30.2,39.5,,run
2026-09-17T06:00:36+03:00,1789614036,10881,79,3,30.2,39.2,,run
2026-09-17T06:00:41+03:00,1789614041,10886,79,3,30.2,50.7,,run
2026-09-17T06:00:46+03:00,1789614046,10891,79,3,30.2,41.1,,run
2026-09-17T06:00:51+03:00,1789614051,10896,79,3,30.2,40.8,,run
2026-09-17T06:00:57+03:00,1789614057,10902,79,3,30.2,39.8,,run
2026-09-17T06:01:02+03:00,1789614062,10907,79,3,30.2,40.8,,run
2026-09-17T06:01:07+03:00,1789614067,10912,79,3,30.2,38.9,,run
2026-09-17T06:01:12+03:00,1789614072,10917,79,3,30.2,39.2,,run
2026-09-17T06:01:18+03:00,1789614078,10923,79,3,30.2,38.9,,run
2026-09-17T06:01:23+03:00,1789614083,10928,79,3,30.2,47.9,,run
2026-09-17T06:01:28+03:00,1789614088,10933,79,3,30.2,43.9,,run
2026-09-17T06:01:33+03:00,1789614093,10938,79,3,30.2,40.8,,run
2026-09-17T06:01:39+03:00,1789614099,10944,79,3,30.2,39.5,,run
2026-09-17T06:01:44+03:00,1789614104,10949,79,3,30.2,40.5,,run
2026-09-17T06:01:49+03:00,1789614109,10954,79,3,30.2,39.2,,run
2026-09-17T06:01:54+03:00,1789614114,10959,79,3,30.2,39.5,,run
2026-09-17T06:02:00+03:00,1789614120,10965,79,3,30.2,40.2,,run
2026-09-17T06:02:05+03:00,1789614125,10970,79,3,30.2,43.9,,run
2026-09-17T06:02:10+03:00,1789614130,10975,79,3,30.2,40.2,,run
2026-09-17T06:02:15+03:00,1789614135,10980,79,3,30.2,39.2,,run
2026-09-17T06:02:20+03:00,1789614140,10985,79,3,30.2,40.8,,run
2026-09-17T06:02:26+03:00,1789614146,10991,79,3,30.2,40.2,,run
2026-09-17T06:02:31+03:00,1789614151,10996,79,3,30.2,40.5,,run
2026-09-17T06:02:36+03:00,1789614156,11001,79,3,30.2,40.5,,run
2026-09-17T06:02:41+03:00,1789614161,11006,79,3,30.2,50.4,,run
2026-09-17T06:02:47+03:00,1789614167,11012,79,3,30.2,42.0,,run
2026-09-17T06:02:52+03:00,1789614172,11017,79,3,30.2,40.8,,run
2026-09-17T06:02:57+03:00,1789614177,11022,79,3,30.2,40.2,,run
2026-09-17T06:03:02+03:00,1789614182,11027,79,3,30.2,39.8,,run
2026-09-17T06:03:08+03:00,1789614188,11033,79,3,30.2,50.1,,run
2026-09-17T06:03:13+03:00,1789614193,11038,79,3,30.2,42.3,,run
2026-09-17T06:03:18+03:00,1789614198,11043,79,3,30.2,40.2,,run
2026-09-17T06:03:23+03:00,1789614203,11048,79,3,30.2,40.2,,run
2026-09-17T06:03:29+03:00,1789614209,11054,79,3,30.2,39.5,,run
2026-09-17T06:03:34+03:00,1789614214,11059,79,3,30.2,39.5,,run
2026-09-17T06:03:39+03:00,1789614219,11064,79,3,30.2,40.8,,run
2026-09-17T06:03:44+03:00,1789614224,11069,79,3,30.2,39.8,,run
2026-09-17T06:03:50+03:00,1789614230,11075,79,3,30.2,38.9,,run
2026-09-17T06:03:55+03:00,1789614235,11080,79,3,30.2,40.5,,run
2026-09-17T06:04:00+03:00,1789614240,11085,79,3,30.2,39.8,,run
2026-09-17T06:04:05+03:00,1789614245,11090,79,3,30.2,40.2,,run
2026-09-17T06:04:10+03:00,1789614250,11095,79,3,30.2,40.2,,run
2026-09-17T06:04:16+03:00,1789614256,11101,79,3,30.2,39.5,,run
2026-09-17T06:04:21+03:00,1789614261,11106,79,3,30.2,47.3,,run
2026-09-17T06:04:26+03:00,1789614266,11111,79,3,30.2,49.7,,run
2026-09-17T06:04:31+03:00,1789614271,11116,79,3,30.2,46.3,,run
2026-09-17T06:04:37+03:00,1789614277,11122,79,3,30.2,40.2,,run
2026-09-17T06:04:42+03:00,1789614282,11127,79,3,30.2,39.8,,run
2026-09-17T06:04:47+03:00,1789614287,11132,79,3,30.2,38.9,,run
2026-09-17T06:04:52+03:00,1789614292,11137,79,3,30.2,39.8,,run
2026-09-17T06:04:57+03:00,1789614297,11142,79,3,30.2,39.2,,run
2026-09-17T06:05:03+03:00,1789614303,11148,79,3,30.2,38.9,,run
2026-09-17T06:05:08+03:00,1789614308,11153,79,3,30.2,50.7,,run
2026-09-17T06:05:13+03:00,1789614313,11158,79,3,30.2,42.0,,run
2026-09-17T06:05:18+03:00,1789614318,11163,79,3,30.2,40.5,,run
2026-09-17T06:05:24+03:00,1789614324,11169,79,3,30.2,39.8,,run
2026-09-17T06:05:29+03:00,1789614329,11174,79,3,30.2,40.8,,run
2026-09-17T06:05:34+03:00,1789614334,11179,79,3,30.2,39.5,,run
2026-09-17T06:05:39+03:00,1789614339,11184,79,3,30.2,40.8,,run
2026-09-17T06:05:45+03:00,1789614345,11190,79,3,30.2,41.4,,run
2026-09-17T06:05:50+03:00,1789614350,11195,79,3,30.2,40.2,,run
2026-09-17T06:05:55+03:00,1789614355,11200,79,3,30.2,39.5,,run
2026-09-17T06:06:00+03:00,1789614360,11205,79,3,30.2,39.5,,run
2026-09-17T06:06:05+03:00,1789614365,11210,79,3,30.1,38.6,,run
2026-09-17T06:06:11+03:00,1789614371,11216,79,3,30.1,39.2,,run
2026-09-17T06:06:16+03:00,1789614376,11221,79,3,30.1,38.9,,run
2026-09-17T06:06:21+03:00,1789614381,11226,79,3,30.1,46.3,,run
2026-09-17T06:06:26+03:00,1789614386,11231,79,3,30.1,49.1,,run
2026-09-17T06:06:32+03:00,1789614392,11237,79,3,30.1,42.6,,run
2026-09-17T06:06:37+03:00,1789614397,11242,79,3,30.1,40.5,,run
2026-09-17T06:06:42+03:00,1789614402,11247,79,3,30.1,40.2,,run
2026-09-17T06:06:47+03:00,1789614407,11252,79,3,30.1,38.6,,run
2026-09-17T06:06:52+03:00,1789614412,11257,79,3,30.1,51.9,,run
2026-09-17T06:06:58+03:00,1789614418,11263,79,3,30.1,41.7,,run
2026-09-17T06:07:03+03:00,1789614423,11268,79,3,30.1,39.8,,run
2026-09-17T06:07:08+03:00,1789614428,11273,79,3,30.1,40.2,,run
2026-09-17T06:07:13+03:00,1789614433,11278,79,3,30.1,40.2,,run
2026-09-17T06:07:19+03:00,1789614439,11284,79,3,30.1,39.8,,run
2026-09-17T06:07:24+03:00,1789614444,11289,79,3,30.1,39.8,,run
2026-09-17T06:07:29+03:00,1789614449,11294,79,3,30.1,40.2,,run
2026-09-17T06:07:34+03:00,1789614454,11299,79,3,30.1,39.2,,run
2026-09-17T06:07:39+03:00,1789614459,11304,79,3,30.1,38.9,,run
2026-09-17T06:07:45+03:00,1789614465,11310,79,3,30.1,39.8,,run
2026-09-17T06:07:50+03:00,1789614470,11315,79,3,30.1,38.9,,run
2026-09-17T06:07:55+03:00,1789614475,11320,79,3,30.1,39.2,,run
2026-09-17T06:08:00+03:00,1789614480,11325,79,3,30.1,39.2,,run
2026-09-17T06:08:05+03:00,1789614485,11330,79,3,30.1,45.4,,run
2026-09-17T06:08:11+03:00,1789614491,11336,79,3,30.1,43.9,,run
2026-09-17T06:08:16+03:00,1789614496,11341,79,3,30.1,44.5,,run
2026-09-17T06:08:21+03:00,1789614501,11346,79,3,30.1,46.0,,run
2026-09-17T06:08:26+03:00,1789614506,11351,79,3,30.1,42.6,,run
2026-09-17T06:08:32+03:00,1789614512,11357,78,3,30.3,41.1,,run
2026-09-17T06:08:37+03:00,1789614517,11362,78,3,30.3,41.1,,run
2026-09-17T06:08:42+03:00,1789614522,11367,78,3,30.3,40.5,,run
2026-09-17T06:08:47+03:00,1789614527,11372,78,3,30.3,40.2,,run
2026-09-17T06:08:53+03:00,1789614533,11378,78,3,30.3,52.2,,run
2026-09-17T06:08:58+03:00,1789614538,11383,78,3,30.3,42.9,,run
2026-09-17T06:09:03+03:00,1789614543,11388,78,3,30.3,41.7,,run
2026-09-17T06:09:08+03:00,1789614548,11393,78,3,30.3,41.4,,run
2026-09-17T06:09:14+03:00,1789614554,11399,78,3,30.3,39.8,,run
2026-09-17T06:09:19+03:00,1789614559,11404,78,3,30.3,39.2,,run
2026-09-17T06:09:24+03:00,1789614564,11409,78,3,30.3,41.1,,run
2026-09-17T06:09:29+03:00,1789614569,11414,78,3,30.3,39.8,,run
2026-09-17T06:09:34+03:00,1789614574,11419,78,3,30.3,39.2,,run
2026-09-17T06:09:40+03:00,1789614580,11425,78,3,30.3,40.2,,run
2026-09-17T06:09:45+03:00,1789614585,11430,78,3,30.3,39.8,,run
2026-09-17T06:09:50+03:00,1789614590,11435,78,3,30.3,38.9,,run
2026-09-17T06:09:55+03:00,1789614595,11440,78,3,30.3,39.2,,run
2026-09-17T06:10:01+03:00,1789614601,11446,78,3,30.3,39.2,,run
2026-09-17T06:10:06+03:00,1789614606,11451,78,3,30.3,45.4,,run
2026-09-17T06:10:11+03:00,1789614611,11456,78,3,30.3,47.0,,run
2026-09-17T06:10:16+03:00,1789614616,11461,78,3,30.3,44.2,,run
2026-09-17T06:10:21+03:00,1789614621,11466,78,3,30.3,40.5,,run
2026-09-17T06:10:27+03:00,1789614627,11472,78,3,30.3,40.5,,run
2026-09-17T06:10:32+03:00,1789614632,11477,78,3,30.3,39.8,,run
2026-09-17T06:10:37+03:00,1789614637,11482,78,3,30.3,39.5,,run
2026-09-17T06:10:42+03:00,1789614642,11487,78,3,30.3,40.5,,run
2026-09-17T06:10:47+03:00,1789614647,11492,78,3,30.3,39.8,,run
2026-09-17T06:10:53+03:00,1789614653,11498,78,3,30.3,52.8,,run
2026-09-17T06:10:58+03:00,1789614658,11503,78,3,30.3,43.9,,run
2026-09-17T06:11:03+03:00,1789614663,11508,78,3,30.3,41.4,,run
2026-09-17T06:11:09+03:00,1789614669,11514,78,3,30.3,41.4,,run
2026-09-17T06:11:14+03:00,1789614674,11519,78,3,30.3,41.1,,run
2026-09-17T06:11:19+03:00,1789614679,11524,78,3,30.3,41.1,,run
2026-09-17T06:11:24+03:00,1789614684,11529,78,3,30.3,41.7,,run
2026-09-17T06:11:29+03:00,1789614689,11534,78,3,30.3,40.2,,run
2026-09-17T06:11:35+03:00,1789614695,11540,78,3,30.3,39.8,,run
2026-09-17T06:11:40+03:00,1789614700,11545,78,3,30.3,39.8,,run
2026-09-17T06:11:45+03:00,1789614705,11550,78,3,30.3,39.5,,run
2026-09-17T06:11:50+03:00,1789614710,11555,78,3,30.3,39.5,,run
2026-09-17T06:11:56+03:00,1789614716,11561,78,3,30.3,40.2,,run
2026-09-17T06:12:01+03:00,1789614721,11566,78,3,30.3,39.5,,run
2026-09-17T06:12:06+03:00,1789614726,11571,78,3,30.3,39.8,,run
2026-09-17T06:12:11+03:00,1789614731,11576,78,3,30.3,46.7,,run
2026-09-17T06:12:16+03:00,1789614736,11581,78,3,30.3,40.8,,run
2026-09-17T06:12:22+03:00,1789614742,11587,78,3,30.3,40.5,,run
2026-09-17T06:12:27+03:00,1789614747,11592,78,3,30.3,40.8,,run
2026-09-17T06:12:32+03:00,1789614752,11597,78,3,30.3,40.2,,run
2026-09-17T06:12:37+03:00,1789614757,11602,78,3,30.3,40.2,,run
2026-09-17T06:12:43+03:00,1789614763,11608,78,3,30.3,39.5,,run
2026-09-17T06:12:48+03:00,1789614768,11613,78,3,30.3,39.8,,run
2026-09-17T06:12:53+03:00,1789614773,11618,78,3,30.3,48.8,,run
2026-09-17T06:12:58+03:00,1789614778,11623,78,3,30.3,42.9,,run
2026-09-17T06:13:04+03:00,1789614784,11629,78,3,30.3,40.5,,run
2026-09-17T06:13:09+03:00,1789614789,11634,78,3,30.3,40.8,,run
2026-09-17T06:13:14+03:00,1789614794,11639,78,3,30.3,39.5,,run
2026-09-17T06:13:19+03:00,1789614799,11644,78,3,30.3,39.2,,run
2026-09-17T06:13:25+03:00,1789614805,11650,78,3,30.3,40.2,,run
2026-09-17T06:13:30+03:00,1789614810,11655,78,3,30.3,40.8,,run
2026-09-17T06:13:35+03:00,1789614815,11660,78,3,30.3,39.8,,run
2026-09-17T06:13:40+03:00,1789614820,11665,78,3,30.3,40.5,,run
2026-09-17T06:13:45+03:00,1789614825,11670,78,3,30.3,39.2,,run
2026-09-17T06:13:51+03:00,1789614831,11676,78,3,30.3,39.5,,run
2026-09-17T06:13:56+03:00,1789614836,11681,78,3,30.3,39.5,,run
2026-09-17T06:14:01+03:00,1789614841,11686,78,3,30.3,40.8,,run
2026-09-17T06:14:06+03:00,1789614846,11691,78,3,30.3,39.2,,run
2026-09-17T06:14:12+03:00,1789614852,11697,78,3,30.3,49.7,,run
2026-09-17T06:14:17+03:00,1789614857,11702,78,3,30.3,41.4,,run
2026-09-17T06:14:22+03:00,1789614862,11707,78,3,30.3,40.8,,run
2026-09-17T06:14:27+03:00,1789614867,11712,78,3,30.3,39.2,,run
2026-09-17T06:14:32+03:00,1789614872,11717,78,3,30.3,40.2,,run
2026-09-17T06:14:38+03:00,1789614878,11723,78,3,30.3,38.9,,run
2026-09-17T06:14:43+03:00,1789614883,11728,78,3,30.3,39.5,,run
2026-09-17T06:14:48+03:00,1789614888,11733,78,3,30.3,39.8,,run
2026-09-17T06:14:53+03:00,1789614893,11738,78,3,30.3,49.1,,run
2026-09-17T06:14:59+03:00,1789614899,11744,78,3,30.3,43.2,,run
2026-09-17T06:15:04+03:00,1789614904,11749,78,3,30.3,39.5,,run
2026-09-17T06:15:09+03:00,1789614909,11754,78,3,30.3,40.2,,run
2026-09-17T06:15:14+03:00,1789614914,11759,78,3,30.3,41.1,,run
2026-09-17T06:15:20+03:00,1789614920,11765,78,3,30.3,39.2,,run
2026-09-17T06:15:25+03:00,1789614925,11770,78,3,30.3,38.9,,run
2026-09-17T06:15:30+03:00,1789614930,11775,78,3,30.3,39.2,,run
2026-09-17T06:15:35+03:00,1789614935,11780,78,3,30.3,39.8,,run
2026-09-17T06:15:40+03:00,1789614940,11785,78,3,30.3,39.5,,run
2026-09-17T06:15:46+03:00,1789614946,11791,78,3,30.3,40.5,,run
2026-09-17T06:15:51+03:00,1789614951,11796,78,3,30.3,39.5,,run
2026-09-17T06:15:56+03:00,1789614956,11801,78,3,30.3,40.2,,run
2026-09-17T06:16:01+03:00,1789614961,11806,78,3,30.3,40.2,,run
2026-09-17T06:16:07+03:00,1789614967,11812,78,3,30.1,40.5,,run
2026-09-17T06:16:12+03:00,1789614972,11817,78,3,30.1,50.1,,run
2026-09-17T06:16:17+03:00,1789614977,11822,78,3,30.1,41.4,,run
2026-09-17T06:16:22+03:00,1789614982,11827,78,3,30.1,41.4,,run
2026-09-17T06:16:28+03:00,1789614988,11833,78,3,30.1,40.2,,run
2026-09-17T06:16:33+03:00,1789614993,11838,78,3,30.1,40.2,,run
2026-09-17T06:16:38+03:00,1789614998,11843,78,3,30.1,41.1,,run
2026-09-17T06:16:43+03:00,1789615003,11848,78,3,30.1,38.9,,run
2026-09-17T06:16:48+03:00,1789615008,11853,78,3,30.1,40.8,,run
2026-09-17T06:16:54+03:00,1789615014,11859,78,3,30.1,48.2,,run
2026-09-17T06:16:59+03:00,1789615019,11864,78,3,30.1,42.3,,run
2026-09-17T06:17:04+03:00,1789615024,11869,78,3,30.1,41.1,,run
2026-09-17T06:17:10+03:00,1789615030,11875,78,3,30.1,39.8,,run
2026-09-17T06:17:15+03:00,1789615035,11880,78,3,30.1,40.5,,run
2026-09-17T06:17:20+03:00,1789615040,11885,78,3,30.1,38.9,,run
2026-09-17T06:17:25+03:00,1789615045,11890,78,3,30.1,40.2,,run
2026-09-17T06:17:31+03:00,1789615051,11896,78,3,30.1,39.2,,run
2026-09-17T06:17:36+03:00,1789615056,11901,78,3,30.1,40.5,,run
2026-09-17T06:17:41+03:00,1789615061,11906,78,3,30.1,38.9,,run
2026-09-17T06:17:46+03:00,1789615066,11911,78,3,30.1,39.5,,run
2026-09-17T06:17:51+03:00,1789615071,11916,78,3,30.1,39.2,,run
2026-09-17T06:17:57+03:00,1789615077,11922,78,3,30.1,39.2,,run
2026-09-17T06:18:02+03:00,1789615082,11927,78,3,30.1,39.8,,run
2026-09-17T06:18:07+03:00,1789615087,11932,78,3,30.1,39.5,,run
2026-09-17T06:18:12+03:00,1789615092,11937,78,3,30.1,48.8,,run
2026-09-17T06:18:18+03:00,1789615098,11943,78,3,30.1,41.7,,run
2026-09-17T06:18:23+03:00,1789615103,11948,78,3,30.1,41.1,,run
2026-09-17T06:18:28+03:00,1789615108,11953,78,3,30.1,40.2,,run
2026-09-17T06:18:33+03:00,1789615113,11958,78,3,30.1,40.2,,run
2026-09-17T06:18:38+03:00,1789615118,11963,78,3,30.1,39.2,,run
2026-09-17T06:18:44+03:00,1789615124,11969,78,3,30.1,38.9,,run
2026-09-17T06:18:49+03:00,1789615129,11974,78,3,30.1,38.6,,run
2026-09-17T06:18:54+03:00,1789615134,11979,78,3,30.1,47.9,,run
2026-09-17T06:19:00+03:00,1789615140,11985,78,3,30.1,42.6,,run
2026-09-17T06:19:05+03:00,1789615145,11990,78,3,30.1,39.5,,run
2026-09-17T06:19:10+03:00,1789615150,11995,78,3,30.1,40.5,,run
2026-09-17T06:19:15+03:00,1789615155,12000,77,3,30.2,39.2,,run
2026-09-17T06:19:20+03:00,1789615160,12005,77,3,30.2,39.5,,run
2026-09-17T06:19:26+03:00,1789615166,12011,77,3,30.2,40.5,,run
2026-09-17T06:19:31+03:00,1789615171,12016,77,3,30.2,40.2,,run
2026-09-17T06:19:36+03:00,1789615176,12021,77,3,30.2,40.2,,run
2026-09-17T06:19:41+03:00,1789615181,12026,77,3,30.2,42.9,,run
2026-09-17T06:19:47+03:00,1789615187,12032,77,3,30.2,39.8,,run
2026-09-17T06:19:52+03:00,1789615192,12037,77,3,30.2,39.5,,run
2026-09-17T06:19:57+03:00,1789615197,12042,77,3,30.2,39.5,,run
2026-09-17T06:20:02+03:00,1789615202,12047,77,3,30.2,40.2,,run
2026-09-17T06:20:07+03:00,1789615207,12052,77,3,30.2,40.2,,run
2026-09-17T06:20:13+03:00,1789615213,12058,77,3,30.2,50.4,,run
2026-09-17T06:20:18+03:00,1789615218,12063,77,3,30.2,40.8,,run
2026-09-17T06:20:23+03:00,1789615223,12068,77,3,30.2,40.8,,run
2026-09-17T06:20:28+03:00,1789615228,12073,77,3,30.2,39.2,,run
2026-09-17T06:20:34+03:00,1789615234,12079,77,3,30.2,40.2,,run
2026-09-17T06:20:39+03:00,1789615239,12084,77,3,30.2,39.8,,run
2026-09-17T06:20:44+03:00,1789615244,12089,77,3,30.2,40.2,,run
2026-09-17T06:20:49+03:00,1789615249,12094,77,3,30.2,40.5,,run
2026-09-17T06:20:54+03:00,1789615254,12099,77,3,30.2,42.9,,run
2026-09-17T06:21:00+03:00,1789615260,12105,77,3,30.2,46.7,,run
2026-09-17T06:21:05+03:00,1789615265,12110,77,3,30.2,41.1,,run
2026-09-17T06:21:10+03:00,1789615270,12115,77,3,30.2,40.5,,run
2026-09-17T06:21:16+03:00,1789615276,12121,77,3,30.2,39.8,,run
2026-09-17T06:21:21+03:00,1789615281,12126,77,3,30.2,40.2,,run
2026-09-17T06:21:26+03:00,1789615286,12131,77,3,30.2,40.5,,run
2026-09-17T06:21:31+03:00,1789615291,12136,77,3,30.2,40.5,,run
2026-09-17T06:21:36+03:00,1789615296,12141,77,3,30.2,39.5,,run
2026-09-17T06:21:42+03:00,1789615302,12147,77,3,30.2,39.5,,run
2026-09-17T06:21:47+03:00,1789615307,12152,77,3,30.2,39.2,,run
2026-09-17T06:21:52+03:00,1789615312,12157,77,3,30.2,39.8,,run
2026-09-17T06:21:57+03:00,1789615317,12162,77,3,30.2,38.9,,run
2026-09-17T06:22:02+03:00,1789615322,12167,77,3,30.2,40.2,,run
2026-09-17T06:22:08+03:00,1789615328,12173,77,3,30.2,40.2,,run
2026-09-17T06:22:13+03:00,1789615333,12178,77,3,30.2,51.3,,run
2026-09-17T06:22:19+03:00,1789615339,12184,77,3,30.2,42.0,,run
2026-09-17T06:22:24+03:00,1789615344,12189,77,3,30.2,40.8,,run
2026-09-17T06:22:29+03:00,1789615349,12194,77,3,30.2,39.2,,run
2026-09-17T06:22:34+03:00,1789615354,12199,77,3,30.2,40.8,,run
2026-09-17T06:22:39+03:00,1789615359,12204,77,3,30.2,38.9,,run
2026-09-17T06:22:45+03:00,1789615365,12210,77,3,30.2,40.2,,run
2026-09-17T06:22:50+03:00,1789615370,12215,77,3,30.2,39.5,,run
2026-09-17T06:22:55+03:00,1789615375,12220,77,3,30.2,41.7,,run
2026-09-17T06:23:01+03:00,1789615381,12226,77,3,30.2,43.6,,run
2026-09-17T06:23:06+03:00,1789615386,12231,77,3,30.2,41.1,,run
2026-09-17T06:23:11+03:00,1789615391,12236,77,3,30.2,39.8,,run
2026-09-17T06:23:16+03:00,1789615396,12241,77,3,30.2,40.2,,run
2026-09-17T06:23:21+03:00,1789615401,12246,77,3,30.2,40.2,,run
2026-09-17T06:23:27+03:00,1789615407,12252,77,3,30.2,41.1,,run
2026-09-17T06:23:32+03:00,1789615412,12257,77,3,30.2,39.2,,run
2026-09-17T06:23:37+03:00,1789615417,12262,77,3,30.2,39.2,,run
2026-09-17T06:23:42+03:00,1789615422,12267,77,3,30.2,38.9,,run
2026-09-17T06:23:47+03:00,1789615427,12272,77,3,30.2,40.5,,run
2026-09-17T06:23:53+03:00,1789615433,12278,77,3,30.2,40.2,,run
2026-09-17T06:23:58+03:00,1789615438,12283,77,3,30.2,40.5,,run
2026-09-17T06:24:03+03:00,1789615443,12288,77,3,30.2,39.8,,run
2026-09-17T06:24:08+03:00,1789615448,12293,77,3,30.2,38.9,,run
2026-09-17T06:24:14+03:00,1789615454,12299,77,3,30.2,48.2,,run
2026-09-17T06:24:19+03:00,1789615459,12304,77,3,30.2,42.0,,run
2026-09-17T06:24:24+03:00,1789615464,12309,77,3,30.2,40.2,,run
2026-09-17T06:24:30+03:00,1789615470,12315,77,3,30.2,40.5,,run
2026-09-17T06:24:35+03:00,1789615475,12320,77,3,30.1,40.5,,run
2026-09-17T06:24:40+03:00,1789615480,12325,77,3,30.1,40.2,,run
2026-09-17T06:24:45+03:00,1789615485,12330,77,3,30.1,39.5,,run
2026-09-17T06:24:51+03:00,1789615491,12336,77,3,30.1,39.2,,run
2026-09-17T06:24:56+03:00,1789615496,12341,77,3,30.1,38.9,,run
2026-09-17T06:25:01+03:00,1789615501,12346,77,3,30.1,51.0,,run
2026-09-17T06:25:06+03:00,1789615506,12351,77,3,30.1,40.8,,run
2026-09-17T06:25:11+03:00,1789615511,12356,77,3,30.1,40.2,,run
2026-09-17T06:25:17+03:00,1789615517,12362,77,3,30.1,40.2,,run
2026-09-17T06:25:22+03:00,1789615522,12367,77,3,30.1,38.9,,run
2026-09-17T06:25:27+03:00,1789615527,12372,77,3,30.1,39.2,,run
2026-09-17T06:25:32+03:00,1789615532,12377,77,3,30.1,39.5,,run
2026-09-17T06:25:38+03:00,1789615538,12383,77,3,30.1,39.5,,run
2026-09-17T06:25:43+03:00,1789615543,12388,77,3,30.1,38.9,,run
2026-09-17T06:25:48+03:00,1789615548,12393,77,3,30.1,39.2,,run
2026-09-17T06:25:53+03:00,1789615553,12398,77,3,30.1,40.5,,run
2026-09-17T06:25:58+03:00,1789615558,12403,77,3,30.1,42.9,,run
2026-09-17T06:26:04+03:00,1789615564,12409,77,3,30.1,40.5,,run
2026-09-17T06:26:09+03:00,1789615569,12414,77,3,30.1,39.2,,run
2026-09-17T06:26:14+03:00,1789615574,12419,77,3,30.1,46.3,,run
2026-09-17T06:26:19+03:00,1789615579,12424,77,3,30.1,43.9,,run
2026-09-17T06:26:25+03:00,1789615585,12430,77,3,30.1,42.6,,run
2026-09-17T06:26:30+03:00,1789615590,12435,77,3,30.1,40.2,,run
2026-09-17T06:26:35+03:00,1789615595,12440,77,3,30.1,40.2,,run
2026-09-17T06:26:40+03:00,1789615600,12445,77,3,30.1,39.8,,run
2026-09-17T06:26:45+03:00,1789615605,12450,77,3,30.1,38.9,,run
2026-09-17T06:26:51+03:00,1789615611,12456,77,3,30.1,39.2,,run
2026-09-17T06:26:56+03:00,1789615616,12461,77,3,30.1,38.6,,run
2026-09-17T06:27:01+03:00,1789615621,12466,77,3,30.1,51.9,,run
2026-09-17T06:27:06+03:00,1789615626,12471,77,3,30.1,42.0,,run
2026-09-17T06:27:12+03:00,1789615632,12477,77,3,30.1,40.2,,run
2026-09-17T06:27:17+03:00,1789615637,12482,77,3,30.1,39.5,,run
2026-09-17T06:27:22+03:00,1789615642,12487,77,3,30.1,40.5,,run
2026-09-17T06:27:27+03:00,1789615647,12492,77,3,30.1,40.2,,run
2026-09-17T06:27:33+03:00,1789615653,12498,77,3,30.1,39.5,,run
2026-09-17T06:27:38+03:00,1789615658,12503,77,3,30.1,40.2,,run
2026-09-17T06:27:43+03:00,1789615663,12508,77,3,30.1,40.2,,run
2026-09-17T06:27:48+03:00,1789615668,12513,77,3,30.1,38.9,,run
2026-09-17T06:27:53+03:00,1789615673,12518,77,3,30.1,38.9,,run
2026-09-17T06:27:59+03:00,1789615679,12524,77,3,30.1,39.5,,run
2026-09-17T06:28:04+03:00,1789615684,12529,77,3,30.1,39.8,,run
2026-09-17T06:28:09+03:00,1789615689,12534,77,3,30.1,40.2,,run
2026-09-17T06:28:14+03:00,1789615694,12539,77,3,30.1,47.3,,run
2026-09-17T06:28:20+03:00,1789615700,12545,77,3,30.1,48.5,,run
2026-09-17T06:28:25+03:00,1789615705,12550,77,3,30.1,44.5,,run
2026-09-17T06:28:30+03:00,1789615710,12555,77,3,30.1,41.4,,run
2026-09-17T06:28:35+03:00,1789615715,12560,77,3,30.1,39.5,,run
2026-09-17T06:28:40+03:00,1789615720,12565,77,3,30.1,39.5,,run
2026-09-17T06:28:46+03:00,1789615726,12571,77,3,30.1,39.2,,run
2026-09-17T06:28:51+03:00,1789615731,12576,76,3,30.2,39.8,,run
2026-09-17T06:28:56+03:00,1789615736,12581,76,3,30.2,40.2,,run
2026-09-17T06:29:01+03:00,1789615741,12586,76,3,30.2,50.7,,run
2026-09-17T06:29:07+03:00,1789615747,12592,76,3,30.2,43.2,,run
2026-09-17T06:29:12+03:00,1789615752,12597,76,3,30.2,41.4,,run
2026-09-17T06:29:17+03:00,1789615757,12602,76,3,30.2,40.2,,run
2026-09-17T06:29:22+03:00,1789615762,12607,76,3,30.2,39.8,,run
2026-09-17T06:29:28+03:00,1789615768,12613,76,3,30.2,40.5,,run
2026-09-17T06:29:33+03:00,1789615773,12618,76,3,30.2,39.8,,run
2026-09-17T06:29:38+03:00,1789615778,12623,76,3,30.2,40.2,,run
2026-09-17T06:29:43+03:00,1789615783,12628,76,3,30.2,39.5,,run
2026-09-17T06:29:48+03:00,1789615788,12633,76,3,30.2,39.8,,run
2026-09-17T06:29:54+03:00,1789615794,12639,76,3,30.2,40.5,,run
2026-09-17T06:29:59+03:00,1789615799,12644,76,3,30.2,38.9,,run
2026-09-17T06:30:04+03:00,1789615804,12649,76,3,30.2,40.2,,run
2026-09-17T06:30:09+03:00,1789615809,12654,76,3,30.2,40.8,,run
2026-09-17T06:30:15+03:00,1789615815,12660,76,3,30.2,40.2,,run
2026-09-17T06:30:20+03:00,1789615820,12665,76,3,30.2,50.7,,run
2026-09-17T06:30:25+03:00,1789615825,12670,76,3,30.2,41.4,,run
2026-09-17T06:30:30+03:00,1789615830,12675,76,3,30.2,40.8,,run
2026-09-17T06:30:35+03:00,1789615835,12680,76,3,30.2,39.2,,run
2026-09-17T06:30:41+03:00,1789615841,12686,76,3,30.2,39.8,,run
2026-09-17T06:30:46+03:00,1789615846,12691,76,3,30.2,39.8,,run
2026-09-17T06:30:51+03:00,1789615851,12696,76,3,30.2,40.8,,run
2026-09-17T06:30:56+03:00,1789615856,12701,76,3,30.2,40.2,,run
2026-09-17T06:31:02+03:00,1789615862,12707,76,3,30.2,48.5,,run
2026-09-17T06:31:07+03:00,1789615867,12712,76,3,30.2,44.8,,run
2026-09-17T06:31:12+03:00,1789615872,12717,76,3,30.2,40.5,,run
2026-09-17T06:31:17+03:00,1789615877,12722,76,3,30.2,40.5,,run
2026-09-17T06:31:23+03:00,1789615883,12728,76,3,30.2,40.8,,run
2026-09-17T06:31:28+03:00,1789615888,12733,76,3,30.2,39.8,,run
2026-09-17T06:31:33+03:00,1789615893,12738,76,3,30.2,38.9,,run
2026-09-17T06:31:38+03:00,1789615898,12743,76,3,30.2,39.5,,run
2026-09-17T06:31:43+03:00,1789615903,12748,76,3,30.2,38.9,,run
2026-09-17T06:31:49+03:00,1789615909,12754,76,3,30.2,40.2,,run
2026-09-17T06:31:54+03:00,1789615914,12759,76,3,30.2,39.8,,run
2026-09-17T06:31:59+03:00,1789615919,12764,76,3,30.2,40.2,,run
2026-09-17T06:32:04+03:00,1789615924,12769,76,3,30.2,39.2,,run
2026-09-17T06:32:10+03:00,1789615930,12775,76,3,30.2,39.2,,run
2026-09-17T06:32:15+03:00,1789615935,12780,76,3,30.2,40.2,,run
2026-09-17T06:32:20+03:00,1789615940,12785,76,3,30.2,48.8,,run
2026-09-17T06:32:25+03:00,1789615945,12790,76,3,30.2,40.5,,run
2026-09-17T06:32:30+03:00,1789615950,12795,76,3,30.2,40.8,,run
2026-09-17T06:32:36+03:00,1789615956,12801,76,3,30.2,40.2,,run
2026-09-17T06:32:41+03:00,1789615961,12806,76,3,30.2,39.8,,run
2026-09-17T06:32:46+03:00,1789615966,12811,76,3,30.2,51.0,,run
2026-09-17T06:32:52+03:00,1789615972,12817,76,3,30.2,42.0,,run
2026-09-17T06:32:57+03:00,1789615977,12822,76,3,30.2,39.8,,run
2026-09-17T06:33:02+03:00,1789615982,12827,76,3,30.2,39.8,,run
2026-09-17T06:33:07+03:00,1789615987,12832,76,3,30.2,39.2,,run
2026-09-17T06:33:12+03:00,1789615992,12837,76,3,30.2,39.2,,run
2026-09-17T06:33:18+03:00,1789615998,12843,76,3,30.2,39.5,,run
2026-09-17T06:33:23+03:00,1789616003,12848,76,3,30.2,40.5,,run
2026-09-17T06:33:28+03:00,1789616008,12853,76,3,30.2,40.2,,run
2026-09-17T06:33:33+03:00,1789616013,12858,76,3,30.2,39.5,,run
2026-09-17T06:33:39+03:00,1789616019,12864,76,3,30.2,38.9,,run
2026-09-17T06:33:44+03:00,1789616024,12869,76,3,30.2,39.2,,run
2026-09-17T06:33:49+03:00,1789616029,12874,76,3,30.2,39.5,,run
2026-09-17T06:33:54+03:00,1789616034,12879,76,3,30.2,39.2,,run
2026-09-17T06:33:59+03:00,1789616039,12884,76,3,30.2,44.2,,run
2026-09-17T06:34:05+03:00,1789616045,12890,76,3,30.2,43.6,,run
2026-09-17T06:34:10+03:00,1789616050,12895,76,3,30.2,40.8,,run
2026-09-17T06:34:15+03:00,1789616055,12900,76,3,30.2,39.5,,run
2026-09-17T06:34:20+03:00,1789616060,12905,76,3,30.2,39.8,,run
2026-09-17T06:34:26+03:00,1789616066,12911,76,3,30.2,39.5,,run
2026-09-17T06:34:31+03:00,1789616071,12916,76,3,30.2,39.5,,run
2026-09-17T06:34:36+03:00,1789616076,12921,76,3,30.2,39.8,,run
2026-09-17T06:34:41+03:00,1789616081,12926,76,3,30.2,39.2,,run
2026-09-17T06:34:46+03:00,1789616086,12931,76,3,30.2,49.4,,run
2026-09-17T06:34:52+03:00,1789616092,12937,76,3,30.2,42.0,,run
2026-09-17T06:34:57+03:00,1789616097,12942,76,3,30.2,39.8,,run
2026-09-17T06:35:02+03:00,1789616102,12947,76,3,30.2,40.8,,run
2026-09-17T06:35:07+03:00,1789616107,12952,76,3,30.2,38.9,,run
2026-09-17T06:35:13+03:00,1789616113,12958,76,3,30.2,39.8,,run
2026-09-17T06:35:18+03:00,1789616118,12963,76,3,30.2,39.2,,run
2026-09-17T06:35:23+03:00,1789616123,12968,76,3,30.2,39.5,,run
2026-09-17T06:35:28+03:00,1789616128,12973,76,3,30.2,38.9,,run
2026-09-17T06:35:34+03:00,1789616134,12979,76,3,30.2,39.5,,run
2026-09-17T06:35:39+03:00,1789616139,12984,76,3,30.2,38.6,,run
2026-09-17T06:35:44+03:00,1789616144,12989,76,3,30.2,39.2,,run
2026-09-17T06:35:49+03:00,1789616149,12994,76,3,30.2,39.5,,run
2026-09-17T06:35:54+03:00,1789616154,12999,76,3,30.2,39.8,,run
2026-09-17T06:36:00+03:00,1789616160,13005,76,3,30.2,45.7,,run
2026-09-17T06:36:05+03:00,1789616165,13010,76,3,30.1,44.2,,run
2026-09-17T06:36:10+03:00,1789616170,13015,76,3,30.1,45.7,,run
2026-09-17T06:36:15+03:00,1789616175,13020,76,3,30.1,40.5,,run
2026-09-17T06:36:21+03:00,1789616181,13026,76,3,30.1,39.8,,run
2026-09-17T06:36:26+03:00,1789616186,13031,76,3,30.1,38.9,,run
2026-09-17T06:36:31+03:00,1789616191,13036,76,3,30.1,39.2,,run
2026-09-17T06:36:36+03:00,1789616196,13041,76,3,30.1,39.5,,run
2026-09-17T06:36:41+03:00,1789616201,13046,76,3,30.1,38.9,,run
2026-09-17T06:36:47+03:00,1789616207,13052,76,3,30.1,51.6,,run
2026-09-17T06:36:52+03:00,1789616212,13057,76,3,30.1,41.4,,run
2026-09-17T06:36:57+03:00,1789616217,13062,76,3,30.1,40.5,,run
2026-09-17T06:37:02+03:00,1789616222,13067,76,3,30.1,40.2,,run
2026-09-17T06:37:08+03:00,1789616228,13073,76,3,30.1,40.2,,run
2026-09-17T06:37:13+03:00,1789616233,13078,76,3,30.1,42.6,,run
2026-09-17T06:37:18+03:00,1789616238,13083,76,3,30.1,41.7,,run
2026-09-17T06:37:23+03:00,1789616243,13088,76,3,30.1,40.5,,run
2026-09-17T06:37:29+03:00,1789616249,13094,76,3,30.1,39.5,,run
2026-09-17T06:37:34+03:00,1789616254,13099,76,3,30.1,39.2,,run
2026-09-17T06:37:39+03:00,1789616259,13104,76,3,30.1,40.5,,run
2026-09-17T06:37:44+03:00,1789616264,13109,76,3,30.1,38.9,,run
2026-09-17T06:37:49+03:00,1789616269,13114,76,3,30.1,40.8,,run
2026-09-17T06:37:55+03:00,1789616275,13120,76,3,30.1,40.5,,run
2026-09-17T06:38:00+03:00,1789616280,13125,76,3,30.1,46.0,,run
2026-09-17T06:38:05+03:00,1789616285,13130,76,3,30.1,48.2,,run
2026-09-17T06:38:10+03:00,1789616290,13135,76,3,30.1,43.6,,run
2026-09-17T06:38:16+03:00,1789616296,13141,76,3,30.1,40.2,,run
2026-09-17T06:38:21+03:00,1789616301,13146,76,3,30.1,39.8,,run
2026-09-17T06:38:26+03:00,1789616306,13151,76,3,30.1,40.5,,run
2026-09-17T06:38:31+03:00,1789616311,13156,76,3,30.1,38.6,,run
2026-09-17T06:38:36+03:00,1789616316,13161,76,3,30.1,40.2,,run
2026-09-17T06:38:42+03:00,1789616322,13167,76,3,30.1,39.5,,run
2026-09-17T06:38:47+03:00,1789616327,13172,76,3,30.1,51.6,,run
2026-09-17T06:38:52+03:00,1789616332,13177,76,3,30.1,42.0,,run
2026-09-17T06:38:57+03:00,1789616337,13182,76,3,30.1,39.8,,run
2026-09-17T06:39:03+03:00,1789616343,13188,76,3,30.1,39.8,,run
2026-09-17T06:39:08+03:00,1789616348,13193,76,3,30.1,39.8,,run
2026-09-17T06:39:13+03:00,1789616353,13198,76,3,30.1,41.4,,run
2026-09-17T06:39:18+03:00,1789616358,13203,76,3,30.1,39.5,,run
2026-09-17T06:39:24+03:00,1789616364,13209,76,3,30.1,39.8,,run
2026-09-17T06:39:29+03:00,1789616369,13214,76,3,30.1,39.8,,run
2026-09-17T06:39:34+03:00,1789616374,13219,75,3,30.2,40.5,,run
2026-09-17T06:39:39+03:00,1789616379,13224,75,3,30.2,41.1,,run
2026-09-17T06:39:44+03:00,1789616384,13229,75,3,30.2,40.2,,run
2026-09-17T06:39:50+03:00,1789616390,13235,75,3,30.2,38.9,,run
2026-09-17T06:39:55+03:00,1789616395,13240,75,3,30.2,39.8,,run
2026-09-17T06:40:00+03:00,1789616400,13245,75,3,30.2,44.5,,run
2026-09-17T06:40:05+03:00,1789616405,13250,75,3,30.2,47.3,,run
2026-09-17T06:40:11+03:00,1789616411,13256,75,3,30.2,43.9,,run
2026-09-17T06:40:16+03:00,1789616416,13261,75,3,30.2,39.8,,run
2026-09-17T06:40:21+03:00,1789616421,13266,75,3,30.2,39.2,,run
2026-09-17T06:40:26+03:00,1789616426,13271,75,3,30.2,39.5,,run
2026-09-17T06:40:31+03:00,1789616431,13276,75,3,30.2,39.2,,run
2026-09-17T06:40:37+03:00,1789616437,13282,75,3,30.2,39.2,,run
2026-09-17T06:40:42+03:00,1789616442,13287,75,3,30.2,38.6,,run
2026-09-17T06:40:47+03:00,1789616447,13292,75,3,30.2,51.6,,run
2026-09-17T06:40:53+03:00,1789616453,13298,75,3,30.2,41.7,,run
2026-09-17T06:40:58+03:00,1789616458,13303,75,3,30.2,41.1,,run
2026-09-17T06:41:03+03:00,1789616463,13308,75,3,30.2,39.5,,run
2026-09-17T06:41:08+03:00,1789616468,13313,75,3,30.2,40.5,,run
2026-09-17T06:41:13+03:00,1789616473,13318,75,3,30.2,39.2,,run
2026-09-17T06:41:19+03:00,1789616479,13324,75,3,30.2,40.8,,run
2026-09-17T06:41:24+03:00,1789616484,13329,75,3,30.2,39.5,,run
2026-09-17T06:41:29+03:00,1789616489,13334,75,3,30.2,39.5,,run
2026-09-17T06:41:34+03:00,1789616494,13339,75,3,30.2,38.9,,run
2026-09-17T06:41:39+03:00,1789616499,13344,75,3,30.2,39.2,,run
2026-09-17T06:41:45+03:00,1789616505,13350,75,3,30.2,39.2,,run
2026-09-17T06:41:50+03:00,1789616510,13355,75,3,30.2,39.2,,run
2026-09-17T06:41:55+03:00,1789616515,13360,75,3,30.2,39.8,,run
2026-09-17T06:42:00+03:00,1789616520,13365,75,3,30.2,45.4,,run
2026-09-17T06:42:06+03:00,1789616526,13371,75,3,30.2,44.2,,run
2026-09-17T06:42:11+03:00,1789616531,13376,75,3,30.2,45.1,,run
2026-09-17T06:42:16+03:00,1789616536,13381,75,3,30.2,41.1,,run
2026-09-17T06:42:21+03:00,1789616541,13386,75,3,30.2,39.5,,run
2026-09-17T06:42:26+03:00,1789616546,13391,75,3,30.2,40.5,,run
2026-09-17T06:42:32+03:00,1789616552,13397,75,3,30.2,39.2,,run
2026-09-17T06:42:37+03:00,1789616557,13402,75,3,30.2,39.8,,run
2026-09-17T06:42:42+03:00,1789616562,13407,75,3,30.2,38.9,,run
2026-09-17T06:42:47+03:00,1789616567,13412,75,3,30.2,52.2,,run
2026-09-17T06:42:53+03:00,1789616573,13418,75,3,30.2,41.7,,run
2026-09-17T06:42:58+03:00,1789616578,13423,75,3,30.2,39.8,,run
2026-09-17T06:43:03+03:00,1789616583,13428,75,3,30.2,39.2,,run
2026-09-17T06:43:08+03:00,1789616588,13433,75,3,30.2,39.2,,run
2026-09-17T06:43:14+03:00,1789616594,13439,75,3,30.2,39.8,,run
2026-09-17T06:43:19+03:00,1789616599,13444,75,3,30.2,39.2,,run
2026-09-17T06:43:24+03:00,1789616604,13449,75,3,30.2,39.5,,run
2026-09-17T06:43:29+03:00,1789616609,13454,75,3,30.2,39.5,,run
2026-09-17T06:43:35+03:00,1789616615,13460,75,3,30.2,40.5,,run
2026-09-17T06:43:40+03:00,1789616620,13465,75,3,30.2,39.5,,run
2026-09-17T06:43:45+03:00,1789616625,13470,75,3,30.2,40.5,,run
2026-09-17T06:43:50+03:00,1789616630,13475,75,3,30.2,39.2,,run
2026-09-17T06:43:55+03:00,1789616635,13480,75,3,30.2,39.2,,run
2026-09-17T06:44:01+03:00,1789616641,13486,75,3,30.2,47.3,,run
2026-09-17T06:44:06+03:00,1789616646,13491,75,3,30.2,47.9,,run
2026-09-17T06:44:11+03:00,1789616651,13496,75,3,30.2,43.6,,run
2026-09-17T06:44:16+03:00,1789616656,13501,75,3,30.2,40.5,,run
2026-09-17T06:44:22+03:00,1789616662,13507,75,3,30.2,39.5,,run
2026-09-17T06:44:27+03:00,1789616667,13512,75,3,30.2,39.5,,run
2026-09-17T06:44:32+03:00,1789616672,13517,75,3,30.2,39.8,,run
2026-09-17T06:44:37+03:00,1789616677,13522,75,3,30.2,38.9,,run
2026-09-17T06:44:42+03:00,1789616682,13527,75,3,30.2,42.0,,run
2026-09-17T06:44:48+03:00,1789616688,13533,75,3,30.2,52.5,,run
2026-09-17T06:44:53+03:00,1789616693,13538,75,3,30.2,42.0,,run
2026-09-17T06:44:58+03:00,1789616698,13543,75,3,30.2,40.5,,run
2026-09-17T06:45:04+03:00,1789616704,13549,75,3,30.2,39.5,,run
2026-09-17T06:45:09+03:00,1789616709,13554,75,3,30.2,39.2,,run
2026-09-17T06:45:14+03:00,1789616714,13559,75,3,30.2,40.8,,run
2026-09-17T06:45:19+03:00,1789616719,13564,75,3,30.2,39.2,,run
2026-09-17T06:45:24+03:00,1789616724,13569,75,3,30.2,39.5,,run
2026-09-17T06:45:30+03:00,1789616730,13575,75,3,30.2,39.8,,run
2026-09-17T06:45:35+03:00,1789616735,13580,75,3,30.2,39.8,,run
2026-09-17T06:45:40+03:00,1789616740,13585,75,3,30.2,38.9,,run
2026-09-17T06:45:45+03:00,1789616745,13590,75,3,30.2,38.9,,run
2026-09-17T06:45:50+03:00,1789616750,13595,75,3,30.2,39.5,,run
2026-09-17T06:45:56+03:00,1789616756,13601,75,3,30.2,40.2,,run
2026-09-17T06:46:01+03:00,1789616761,13606,75,3,30.2,46.3,,run
2026-09-17T06:46:06+03:00,1789616766,13611,75,3,30.1,45.7,,run
2026-09-17T06:46:11+03:00,1789616771,13616,75,3,30.1,42.9,,run
2026-09-17T06:46:17+03:00,1789616777,13622,75,3,30.1,40.2,,run
2026-09-17T06:46:22+03:00,1789616782,13627,75,3,30.1,40.8,,run
2026-09-17T06:46:27+03:00,1789616787,13632,75,3,30.1,39.5,,run
2026-09-17T06:46:32+03:00,1789616792,13637,75,3,30.1,39.2,,run
2026-09-17T06:46:38+03:00,1789616798,13643,75,3,30.1,39.5,,run
2026-09-17T06:46:43+03:00,1789616803,13648,75,3,30.1,39.8,,run
2026-09-17T06:46:48+03:00,1789616808,13653,75,3,30.1,50.4,,run
2026-09-17T06:46:53+03:00,1789616813,13658,75,3,30.1,41.7,,run
2026-09-17T06:46:59+03:00,1789616819,13664,75,3,30.1,39.8,,run
2026-09-17T06:47:04+03:00,1789616824,13669,75,3,30.1,39.8,,run
2026-09-17T06:47:09+03:00,1789616829,13674,75,3,30.1,40.8,,run
2026-09-17T06:47:14+03:00,1789616834,13679,75,3,30.1,39.5,,run
2026-09-17T06:47:19+03:00,1789616839,13684,75,3,30.1,40.5,,run
2026-09-17T06:47:25+03:00,1789616845,13690,75,3,30.1,40.2,,run
2026-09-17T06:47:30+03:00,1789616850,13695,75,3,30.1,39.5,,run
2026-09-17T06:47:35+03:00,1789616855,13700,75,3,30.1,39.5,,run
2026-09-17T06:47:40+03:00,1789616860,13705,75,3,30.1,39.8,,run
2026-09-17T06:47:45+03:00,1789616865,13710,75,3,30.1,39.5,,run
2026-09-17T06:47:51+03:00,1789616871,13716,75,3,30.1,39.2,,run
2026-09-17T06:47:56+03:00,1789616876,13721,75,3,30.1,39.2,,run
2026-09-17T06:48:01+03:00,1789616881,13726,75,3,30.1,47.3,,run
2026-09-17T06:48:06+03:00,1789616886,13731,75,3,30.1,49.1,,run
2026-09-17T06:48:12+03:00,1789616892,13737,75,3,30.1,44.2,,run
2026-09-17T06:48:17+03:00,1789616897,13742,75,3,30.1,40.5,,run
2026-09-17T06:48:22+03:00,1789616902,13747,75,3,30.1,40.5,,run
2026-09-17T06:48:27+03:00,1789616907,13752,75,3,30.1,38.9,,run
2026-09-17T06:48:33+03:00,1789616913,13758,75,3,30.1,39.2,,run
2026-09-17T06:48:38+03:00,1789616918,13763,75,3,30.1,38.9,,run
2026-09-17T06:48:43+03:00,1789616923,13768,75,3,30.1,39.2,,run
2026-09-17T06:48:48+03:00,1789616928,13773,75,3,30.1,51.3,,run
2026-09-17T06:48:54+03:00,1789616934,13779,75,3,30.1,42.9,,run
2026-09-17T06:48:59+03:00,1789616939,13784,75,3,30.1,39.5,,run
2026-09-17T06:49:04+03:00,1789616944,13789,75,3,30.1,39.8,,run
2026-09-17T06:49:09+03:00,1789616949,13794,75,3,30.1,40.2,,run
2026-09-17T06:49:14+03:00,1789616954,13799,75,3,30.1,40.2,,run
2026-09-17T06:49:20+03:00,1789616960,13805,75,3,30.1,40.5,,run
2026-09-17T06:49:25+03:00,1789616965,13810,75,3,30.1,39.8,,run
2026-09-17T06:49:30+03:00,1789616970,13815,75,3,30.1,40.5,,run
2026-09-17T06:49:35+03:00,1789616975,13820,75,3,30.1,39.8,,run
2026-09-17T06:49:41+03:00,1789616981,13826,75,3,30.1,39.5,,run
2026-09-17T06:49:46+03:00,1789616986,13831,75,3,30.1,38.9,,run
2026-09-17T06:49:51+03:00,1789616991,13836,75,3,30.1,39.2,,run
2026-09-17T06:49:56+03:00,1789616996,13841,75,3,30.1,39.5,,run
2026-09-17T06:50:01+03:00,1789617001,13846,75,3,30.1,43.9,,run
2026-09-17T06:50:07+03:00,1789617007,13852,75,3,30.1,48.2,,run
2026-09-17T06:50:12+03:00,1789617012,13857,75,3,30.1,45.4,,run
2026-09-17T06:50:17+03:00,1789617017,13862,75,3,30.1,39.5,,run
2026-09-17T06:50:22+03:00,1789617022,13867,75,3,30.1,39.8,,run
2026-09-17T06:50:28+03:00,1789617028,13873,75,3,30.1,40.5,,run
2026-09-17T06:50:33+03:00,1789617033,13878,75,3,30.1,40.2,,run
2026-09-17T06:50:38+03:00,1789617038,13883,75,3,30.1,39.2,,run
2026-09-17T06:50:43+03:00,1789617043,13888,75,3,30.1,38.9,,run
2026-09-17T06:50:49+03:00,1789617049,13894,75,3,30.1,50.1,,run
2026-09-17T06:50:54+03:00,1789617054,13899,75,3,30.1,41.7,,run
2026-09-17T06:50:59+03:00,1789617059,13904,75,3,30.1,39.8,,run
2026-09-17T06:51:04+03:00,1789617064,13909,75,3,30.1,39.8,,run
2026-09-17T06:51:10+03:00,1789617070,13915,75,3,30.1,39.5,,run
2026-09-17T06:51:15+03:00,1789617075,13920,75,3,30.1,40.5,,run
2026-09-17T06:51:20+03:00,1789617080,13925,74,3,30.2,39.8,,run
2026-09-17T06:51:25+03:00,1789617085,13930,74,3,30.2,40.2,,run
2026-09-17T06:51:30+03:00,1789617090,13935,74,3,30.2,41.7,,run
2026-09-17T06:51:36+03:00,1789617096,13941,74,3,30.2,38.9,,run
2026-09-17T06:51:41+03:00,1789617101,13946,74,3,30.2,39.8,,run
2026-09-17T06:51:46+03:00,1789617106,13951,74,3,30.2,38.9,,run
2026-09-17T06:51:51+03:00,1789617111,13956,74,3,30.2,38.9,,run
2026-09-17T06:51:56+03:00,1789617116,13961,74,3,30.2,39.8,,run
2026-09-17T06:52:02+03:00,1789617122,13967,74,3,30.2,46.7,,run
2026-09-17T06:52:07+03:00,1789617127,13972,74,3,30.2,48.5,,run
2026-09-17T06:52:12+03:00,1789617132,13977,74,3,30.2,42.9,,run
2026-09-17T06:52:17+03:00,1789617137,13982,74,3,30.2,40.8,,run
2026-09-17T06:52:23+03:00,1789617143,13988,74,3,30.2,40.2,,run
2026-09-17T06:52:28+03:00,1789617148,13993,74,3,30.2,39.5,,run
2026-09-17T06:52:33+03:00,1789617153,13998,74,3,30.2,39.2,,run
2026-09-17T06:52:38+03:00,1789617158,14003,74,3,30.2,38.9,,run
2026-09-17T06:52:44+03:00,1789617164,14009,74,3,30.2,39.2,,run
2026-09-17T06:52:49+03:00,1789617169,14014,74,3,30.2,50.7,,run
2026-09-17T06:52:54+03:00,1789617174,14019,74,3,30.2,42.0,,run
2026-09-17T06:52:59+03:00,1789617179,14024,74,3,30.2,40.5,,run
2026-09-17T06:53:05+03:00,1789617185,14030,74,3,30.2,39.2,,run
2026-09-17T06:53:10+03:00,1789617190,14035,74,3,30.2,39.2,,run
2026-09-17T06:53:15+03:00,1789617195,14040,74,3,30.2,39.2,,run
2026-09-17T06:53:20+03:00,1789617200,14045,74,3,30.2,42.9,,run
2026-09-17T06:53:25+03:00,1789617205,14050,74,3,30.2,40.2,,run
2026-09-17T06:53:31+03:00,1789617211,14056,74,3,30.2,40.5,,run
2026-09-17T06:53:36+03:00,1789617216,14061,74,3,30.2,40.5,,run
2026-09-17T06:53:41+03:00,1789617221,14066,74,3,30.2,39.2,,run
2026-09-17T06:53:46+03:00,1789617226,14071,74,3,30.2,39.8,,run
2026-09-17T06:53:52+03:00,1789617232,14077,74,3,30.2,39.5,,run
2026-09-17T06:53:57+03:00,1789617237,14082,74,3,30.2,41.1,,run
2026-09-17T06:54:02+03:00,1789617242,14087,74,3,30.2,46.3,,run
2026-09-17T06:54:07+03:00,1789617247,14092,74,3,30.2,46.7,,run
2026-09-17T06:54:12+03:00,1789617252,14097,74,3,30.2,44.2,,run
2026-09-17T06:54:18+03:00,1789617258,14103,74,3,30.2,40.2,,run
2026-09-17T06:54:23+03:00,1789617263,14108,74,3,30.2,39.5,,run
2026-09-17T06:54:28+03:00,1789617268,14113,74,3,30.2,39.2,,run
2026-09-17T06:54:33+03:00,1789617273,14118,74,3,30.2,40.2,,run
2026-09-17T06:54:39+03:00,1789617279,14124,74,3,30.2,39.5,,run
2026-09-17T06:54:44+03:00,1789617284,14129,74,3,30.2,38.9,,run
2026-09-17T06:54:49+03:00,1789617289,14134,74,3,30.2,51.0,,run
2026-09-17T06:54:54+03:00,1789617294,14139,74,3,30.2,41.7,,run
2026-09-17T06:55:00+03:00,1789617300,14145,74,3,30.2,41.1,,run
2026-09-17T06:55:05+03:00,1789617305,14150,74,3,30.2,39.8,,run
2026-09-17T06:55:10+03:00,1789617310,14155,74,3,30.2,40.5,,run
2026-09-17T06:55:15+03:00,1789617315,14160,74,3,30.2,40.2,,run
2026-09-17T06:55:20+03:00,1789617320,14165,74,3,30.2,40.8,,run
2026-09-17T06:55:26+03:00,1789617326,14171,74,3,30.2,39.8,,run
2026-09-17T06:55:31+03:00,1789617331,14176,74,3,30.2,43.2,,run
2026-09-17T06:55:36+03:00,1789617336,14181,74,3,30.2,38.9,,run
2026-09-17T06:55:41+03:00,1789617341,14186,74,3,30.2,40.2,,run
2026-09-17T06:55:47+03:00,1789617347,14192,74,3,30.2,39.8,,run
2026-09-17T06:55:52+03:00,1789617352,14197,74,3,30.2,38.9,,run
2026-09-17T06:55:57+03:00,1789617357,14202,74,3,30.2,39.2,,run
2026-09-17T06:56:02+03:00,1789617362,14207,74,3,30.2,47.0,,run
2026-09-17T06:56:07+03:00,1789617367,14212,74,3,30.2,49.7,,run
2026-09-17T06:56:13+03:00,1789617373,14218,74,3,30.2,44.5,,run
2026-09-17T06:56:18+03:00,1789617378,14223,74,3,30.2,40.2,,run
2026-09-17T06:56:23+03:00,1789617383,14228,74,3,30.2,39.2,,run
2026-09-17T06:56:28+03:00,1789617388,14233,74,3,30.2,39.2,,run
2026-09-17T06:56:34+03:00,1789617394,14239,74,3,30.2,39.2,,run
2026-09-17T06:56:39+03:00,1789617399,14244,74,3,30.2,40.2,,run
2026-09-17T06:56:44+03:00,1789617404,14249,74,3,30.2,39.5,,run
2026-09-17T06:56:49+03:00,1789617409,14254,74,3,30.2,51.3,,run
2026-09-17T06:56:55+03:00,1789617415,14260,74,3,30.2,40.8,,run
2026-09-17T06:57:00+03:00,1789617420,14265,74,3,30.2,41.1,,run
2026-09-17T06:57:05+03:00,1789617425,14270,74,3,30.2,40.2,,run
2026-09-17T06:57:10+03:00,1789617430,14275,74,3,30.2,40.2,,run
2026-09-17T06:57:15+03:00,1789617435,14280,74,3,30.2,39.8,,run
2026-09-17T06:57:21+03:00,1789617441,14286,74,3,30.2,42.6,,run
2026-09-17T06:57:26+03:00,1789617446,14291,74,3,30.2,39.8,,run
2026-09-17T06:57:31+03:00,1789617451,14296,74,3,30.2,39.5,,run
2026-09-17T06:57:36+03:00,1789617456,14301,74,3,30.2,39.2,,run
2026-09-17T06:57:42+03:00,1789617462,14307,74,3,30.2,38.9,,run
2026-09-17T06:57:47+03:00,1789617467,14312,74,3,30.2,39.5,,run
2026-09-17T06:57:52+03:00,1789617472,14317,74,3,30.2,40.8,,run
2026-09-17T06:57:57+03:00,1789617477,14322,74,3,30.2,39.2,,run
2026-09-17T06:58:02+03:00,1789617482,14327,74,3,30.2,41.7,,run
2026-09-17T06:58:08+03:00,1789617488,14333,74,3,30.2,45.1,,run
2026-09-17T06:58:13+03:00,1789617493,14338,74,3,30.2,43.6,,run
2026-09-17T06:58:18+03:00,1789617498,14343,74,3,30.2,40.2,,run
2026-09-17T06:58:23+03:00,1789617503,14348,74,3,30.2,39.8,,run
2026-09-17T06:58:29+03:00,1789617509,14354,74,3,30.2,40.2,,run
2026-09-17T06:58:34+03:00,1789617514,14359,74,3,30.2,39.2,,run
2026-09-17T06:58:39+03:00,1789617519,14364,74,3,30.2,39.5,,run
2026-09-17T06:58:44+03:00,1789617524,14369,74,3,30.2,39.2,,run
2026-09-17T06:58:50+03:00,1789617530,14375,74,3,30.2,48.8,,run
2026-09-17T06:58:55+03:00,1789617535,14380,74,3,30.2,41.1,,run
2026-09-17T06:59:00+03:00,1789617540,14385,74,3,30.2,41.1,,run
2026-09-17T06:59:05+03:00,1789617545,14390,74,3,30.2,39.8,,run
2026-09-17T06:59:10+03:00,1789617550,14395,74,3,30.2,38.9,,run
2026-09-17T06:59:16+03:00,1789617556,14401,74,3,30.2,39.2,,run
2026-09-17T06:59:21+03:00,1789617561,14406,74,3,30.2,40.2,,run
2026-09-17T06:59:26+03:00,1789617566,14411,74,3,30.2,39.2,,run
2026-09-17T06:59:31+03:00,1789617571,14416,74,3,30.2,39.2,,run
2026-09-17T06:59:36+03:00,1789617576,14421,74,3,30.2,39.5,,run
2026-09-17T06:59:42+03:00,1789617582,14427,74,3,30.2,38.9,,run
2026-09-17T06:59:47+03:00,1789617587,14432,74,3,30.2,39.2,,run
2026-09-17T06:59:52+03:00,1789617592,14437,74,3,30.2,39.8,,run
2026-09-17T06:59:57+03:00,1789617597,14442,74,3,30.2,40.2,,run
2026-09-17T07:00:03+03:00,1789617603,14448,74,3,30.2,42.3,,run
2026-09-17T07:00:08+03:00,1789617608,14453,74,3,30.2,44.2,,run
2026-09-17T07:00:13+03:00,1789617613,14458,74,3,30.2,42.9,,run
2026-09-17T07:00:18+03:00,1789617618,14463,74,3,30.2,39.8,,run
2026-09-17T07:00:24+03:00,1789617624,14469,74,3,30.2,40.8,,run
2026-09-17T07:00:29+03:00,1789617629,14474,74,3,30.2,39.2,,run
2026-09-17T07:00:34+03:00,1789617634,14479,74,3,30.2,39.2,,run
2026-09-17T07:00:39+03:00,1789617639,14484,74,3,30.2,40.5,,run
2026-09-17T07:00:44+03:00,1789617644,14489,74,3,30.2,38.6,,run
2026-09-17T07:00:50+03:00,1789617650,14495,74,3,30.2,49.4,,run
2026-09-17T07:00:55+03:00,1789617655,14500,74,3,30.2,41.7,,run
2026-09-17T07:01:00+03:00,1789617660,14505,74,3,30.2,40.8,,run
2026-09-17T07:01:05+03:00,1789617665,14510,74,3,30.2,40.8,,run
2026-09-17T07:01:11+03:00,1789617671,14516,74,3,30.2,40.2,,run
2026-09-17T07:01:16+03:00,1789617676,14521,74,3,30.2,39.5,,run
2026-09-17T07:01:21+03:00,1789617681,14526,74,3,30.2,39.2,,run
2026-09-17T07:01:26+03:00,1789617686,14531,74,3,30.2,39.8,,run
2026-09-17T07:01:31+03:00,1789617691,14536,74,3,30.2,39.5,,run
2026-09-17T07:01:37+03:00,1789617697,14542,74,3,30.2,38.9,,run
2026-09-17T07:01:42+03:00,1789617702,14547,74,3,30.2,39.2,,run
2026-09-17T07:01:47+03:00,1789617707,14552,74,3,30.2,38.9,,run
2026-09-17T07:01:52+03:00,1789617712,14557,74,3,30.2,39.2,,run
2026-09-17T07:01:57+03:00,1789617717,14562,74,3,30.2,40.2,,run
2026-09-17T07:02:03+03:00,1789617723,14568,73,3,30.2,46.3,,run
2026-09-17T07:02:08+03:00,1789617728,14573,73,3,30.2,47.3,,run
2026-09-17T07:02:13+03:00,1789617733,14578,73,3,30.2,42.9,,run
2026-09-17T07:02:19+03:00,1789617739,14584,73,3,30.2,41.1,,run
2026-09-17T07:02:24+03:00,1789617744,14589,73,3,30.2,40.2,,run
2026-09-17T07:02:29+03:00,1789617749,14594,73,3,30.2,40.2,,run
2026-09-17T07:02:34+03:00,1789617754,14599,73,3,30.2,39.2,,run
2026-09-17T07:02:40+03:00,1789617760,14605,73,3,30.2,39.2,,run
2026-09-17T07:02:45+03:00,1789617765,14610,73,3,30.2,42.0,,run
2026-09-17T07:02:50+03:00,1789617770,14615,73,3,30.2,46.3,,run
2026-09-17T07:02:55+03:00,1789617775,14620,73,3,30.2,41.7,,run
2026-09-17T07:03:00+03:00,1789617780,14625,73,3,30.2,41.1,,run
2026-09-17T07:03:06+03:00,1789617786,14631,73,3,30.2,41.4,,run
2026-09-17T07:03:11+03:00,1789617791,14636,73,3,30.2,39.8,,run
2026-09-17T07:03:16+03:00,1789617796,14641,73,3,30.2,39.5,,run
2026-09-17T07:03:21+03:00,1789617801,14646,73,3,30.2,40.5,,run
2026-09-17T07:03:27+03:00,1789617807,14652,73,3,30.2,39.5,,run
2026-09-17T07:03:32+03:00,1789617812,14657,73,3,30.2,39.8,,run
2026-09-17T07:03:37+03:00,1789617817,14662,73,3,30.2,39.2,,run
2026-09-17T07:03:42+03:00,1789617822,14667,73,3,30.2,38.6,,run
2026-09-17T07:03:47+03:00,1789617827,14672,73,3,30.2,39.2,,run
2026-09-17T07:03:53+03:00,1789617833,14678,73,3,30.2,40.2,,run
2026-09-17T07:03:58+03:00,1789617838,14683,73,3,30.2,40.5,,run
2026-09-17T07:04:03+03:00,1789617843,14688,73,3,30.2,49.7,,run
2026-09-17T07:04:09+03:00,1789617849,14694,73,3,30.2,41.7,,run
2026-09-17T07:04:14+03:00,1789617854,14699,73,3,30.2,41.7,,run
2026-09-17T07:04:19+03:00,1789617859,14704,73,3,30.2,39.5,,run
2026-09-17T07:04:24+03:00,1789617864,14709,73,3,30.2,40.2,,run
2026-09-17T07:04:29+03:00,1789617869,14714,73,3,30.2,38.9,,run
2026-09-17T07:04:35+03:00,1789617875,14720,73,3,30.2,40.2,,run
2026-09-17T07:04:40+03:00,1789617880,14725,73,3,30.2,39.5,,run
2026-09-17T07:04:45+03:00,1789617885,14730,73,3,30.2,41.1,,run
2026-09-17T07:04:50+03:00,1789617890,14735,73,3,30.2,45.1,,run
2026-09-17T07:04:56+03:00,1789617896,14741,73,3,30.2,39.8,,run
2026-09-17T07:05:01+03:00,1789617901,14746,73,3,30.2,39.8,,run
2026-09-17T07:05:06+03:00,1789617906,14751,73,3,30.2,40.5,,run
2026-09-17T07:05:11+03:00,1789617911,14756,73,3,30.2,39.5,,run
2026-09-17T07:05:17+03:00,1789617917,14762,73,3,30.2,39.8,,run
2026-09-17T07:05:22+03:00,1789617922,14767,73,3,30.2,40.5,,run
2026-09-17T07:05:27+03:00,1789617927,14772,73,3,30.2,39.5,,run
2026-09-17T07:05:32+03:00,1789617932,14777,73,3,30.2,40.5,,run
2026-09-17T07:05:37+03:00,1789617937,14782,73,3,30.2,38.6,,run
2026-09-17T07:05:43+03:00,1789617943,14788,73,3,30.2,39.2,,run
2026-09-17T07:05:48+03:00,1789617948,14793,73,3,30.2,38.9,,run
2026-09-17T07:05:53+03:00,1789617953,14798,73,3,30.2,40.2,,run
2026-09-17T07:05:58+03:00,1789617958,14803,73,3,30.2,39.5,,run
2026-09-17T07:06:03+03:00,1789617963,14808,73,3,30.2,52.5,,run
2026-09-17T07:06:09+03:00,1789617969,14814,73,3,30.2,41.1,,run
2026-09-17T07:06:14+03:00,1789617974,14819,73,3,30.2,41.4,,run
2026-09-17T07:06:20+03:00,1789617980,14825,73,3,30.2,39.5,,run
2026-09-17T07:06:25+03:00,1789617985,14830,73,3,30.2,39.5,,run
2026-09-17T07:06:30+03:00,1789617990,14835,73,3,30.2,39.5,,run
2026-09-17T07:06:35+03:00,1789617995,14840,73,3,30.2,39.5,,run
2026-09-17T07:06:40+03:00,1789618000,14845,73,3,30.2,39.5,,run
2026-09-17T07:06:46+03:00,1789618006,14851,73,3,30.2,43.6,,run
2026-09-17T07:06:51+03:00,1789618011,14856,73,3,30.2,43.2,,run
2026-09-17T07:06:56+03:00,1789618016,14861,73,3,30.2,40.5,,run
2026-09-17T07:07:02+03:00,1789618022,14867,73,3,30.2,40.5,,run
2026-09-17T07:07:07+03:00,1789618027,14872,73,3,30.2,40.2,,run
2026-09-17T07:07:12+03:00,1789618032,14877,73,3,30.2,40.2,,run
2026-09-17T07:07:17+03:00,1789618037,14882,73,3,30.2,39.2,,run
2026-09-17T07:07:22+03:00,1789618042,14887,73,3,30.2,39.5,,run
2026-09-17T07:07:28+03:00,1789618048,14893,73,3,30.2,39.5,,run
2026-09-17T07:07:33+03:00,1789618053,14898,73,3,30.2,39.2,,run
2026-09-17T07:07:38+03:00,1789618058,14903,73,3,30.2,39.8,,run
2026-09-17T07:07:43+03:00,1789618063,14908,73,3,30.2,39.8,,run
2026-09-17T07:07:49+03:00,1789618069,14914,73,3,30.2,39.2,,run
2026-09-17T07:07:54+03:00,1789618074,14919,73,3,30.2,40.5,,run
2026-09-17T07:07:59+03:00,1789618079,14924,73,3,30.2,39.8,,run
2026-09-17T07:08:04+03:00,1789618084,14929,73,3,30.2,50.7,,run
2026-09-17T07:08:10+03:00,1789618090,14935,73,3,30.2,41.7,,run
2026-09-17T07:08:15+03:00,1789618095,14940,73,3,30.2,40.8,,run
2026-09-17T07:08:20+03:00,1789618100,14945,73,3,30.2,39.5,,run
2026-09-17T07:08:25+03:00,1789618105,14950,73,3,30.2,39.2,,run
2026-09-17T07:08:31+03:00,1789618111,14956,73,3,30.2,51.3,,run
2026-09-17T07:08:36+03:00,1789618116,14961,73,3,30.2,43.2,,run
2026-09-17T07:08:41+03:00,1789618121,14966,73,3,30.2,40.8,,run
2026-09-17T07:08:46+03:00,1789618126,14971,73,3,30.2,41.1,,run
2026-09-17T07:08:52+03:00,1789618132,14977,73,3,30.2,41.1,,run
2026-09-17T07:08:57+03:00,1789618137,14982,73,3,30.2,39.2,,run
2026-09-17T07:09:02+03:00,1789618142,14987,73,3,30.2,39.8,,run
2026-09-17T07:09:07+03:00,1789618147,14992,73,3,30.2,39.8,,run
2026-09-17T07:09:13+03:00,1789618153,14998,73,3,30.2,40.2,,run
2026-09-17T07:09:18+03:00,1789618158,15003,73,3,30.2,39.2,,run
2026-09-17T07:09:23+03:00,1789618163,15008,73,3,30.2,38.9,,run
2026-09-17T07:09:28+03:00,1789618168,15013,73,3,30.2,38.6,,run
2026-09-17T07:09:33+03:00,1789618173,15018,73,3,30.2,40.2,,run
2026-09-17T07:09:39+03:00,1789618179,15024,73,3,30.2,40.5,,run
2026-09-17T07:09:44+03:00,1789618184,15029,73,3,30.2,38.9,,run
2026-09-17T07:09:49+03:00,1789618189,15034,73,3,30.2,50.4,,run
2026-09-17T07:09:54+03:00,1789618194,15039,73,3,30.2,41.4,,run
2026-09-17T07:10:00+03:00,1789618200,15045,73,3,30.2,40.5,,run
2026-09-17T07:10:05+03:00,1789618205,15050,73,3,30.2,39.8,,run
2026-09-17T07:10:10+03:00,1789618210,15055,73,3,30.2,39.8,,run
2026-09-17T07:10:15+03:00,1789618215,15060,73,3,30.2,39.8,,run
2026-09-17T07:10:20+03:00,1789618220,15065,73,3,30.2,39.2,,run
2026-09-17T07:10:26+03:00,1789618226,15071,73,3,30.2,39.8,,run
2026-09-17T07:10:31+03:00,1789618231,15076,73,3,30.2,49.4,,run
2026-09-17T07:10:36+03:00,1789618236,15081,73,3,30.2,43.6,,run
2026-09-17T07:10:42+03:00,1789618242,15087,73,3,30.2,40.8,,run
2026-09-17T07:10:47+03:00,1789618247,15092,73,3,30.2,39.8,,run
2026-09-17T07:10:52+03:00,1789618252,15097,73,3,30.2,44.2,,run
2026-09-17T07:10:57+03:00,1789618257,15102,73,3,30.2,41.1,,run
2026-09-17T07:11:03+03:00,1789618263,15108,73,3,30.2,40.8,,run
2026-09-17T07:11:08+03:00,1789618268,15113,73,3,30.2,42.6,,run
2026-09-17T07:11:13+03:00,1789618273,15118,73,3,30.2,39.8,,run
2026-09-17T07:11:18+03:00,1789618278,15123,73,3,30.2,39.2,,run
2026-09-17T07:11:23+03:00,1789618283,15128,73,3,30.2,39.2,,run
2026-09-17T07:11:29+03:00,1789618289,15134,73,3,30.2,39.8,,run
2026-09-17T07:11:34+03:00,1789618294,15139,73,3,30.2,40.2,,run
2026-09-17T07:11:39+03:00,1789618299,15144,73,3,30.2,40.2,,run
2026-09-17T07:11:44+03:00,1789618304,15149,73,3,30.2,40.2,,run
2026-09-17T07:11:50+03:00,1789618310,15155,73,3,30.2,47.9,,run
2026-09-17T07:11:55+03:00,1789618315,15160,73,3,30.2,41.7,,run
2026-09-17T07:12:00+03:00,1789618320,15165,73,3,30.2,40.5,,run
2026-09-17T07:12:05+03:00,1789618325,15170,73,3,30.2,39.8,,run
2026-09-17T07:12:10+03:00,1789618330,15175,73,3,30.2,39.2,,run
2026-09-17T07:12:16+03:00,1789618336,15181,73,3,30.2,51.0,,run
2026-09-17T07:12:21+03:00,1789618341,15186,73,3,30.2,41.4,,run
2026-09-17T07:12:26+03:00,1789618346,15191,73,3,30.2,40.8,,run
2026-09-17T07:12:31+03:00,1789618351,15196,73,3,30.2,40.8,,run
2026-09-17T07:12:37+03:00,1789618357,15202,73,3,30.2,40.8,,run
2026-09-17T07:12:42+03:00,1789618362,15207,72,3,30.3,39.5,,run
2026-09-17T07:12:47+03:00,1789618367,15212,72,3,30.3,40.5,,run
2026-09-17T07:12:52+03:00,1789618372,15217,72,3,30.3,39.5,,run
2026-09-17T07:12:58+03:00,1789618378,15223,72,3,30.3,39.8,,run
2026-09-17T07:13:03+03:00,1789618383,15228,72,3,30.3,40.2,,run
2026-09-17T07:13:08+03:00,1789618388,15233,72,3,30.3,40.2,,run
2026-09-17T07:13:13+03:00,1789618393,15238,72,3,30.3,38.6,,run
2026-09-17T07:13:18+03:00,1789618398,15243,72,3,30.3,40.5,,run
2026-09-17T07:13:24+03:00,1789618404,15249,72,3,30.3,40.5,,run
2026-09-17T07:13:29+03:00,1789618409,15254,72,3,30.3,47.3,,run
2026-09-17T07:13:34+03:00,1789618414,15259,72,3,30.3,47.3,,run
2026-09-17T07:13:39+03:00,1789618419,15264,72,3,30.3,45.4,,run
2026-09-17T07:13:45+03:00,1789618425,15270,72,3,30.3,39.8,,run
2026-09-17T07:13:50+03:00,1789618430,15275,72,3,30.3,40.2,,run
2026-09-17T07:13:55+03:00,1789618435,15280,72,3,30.3,39.5,,run
2026-09-17T07:14:00+03:00,1789618440,15285,72,3,30.3,40.2,,run
2026-09-17T07:14:05+03:00,1789618445,15290,72,3,30.3,39.5,,run
2026-09-17T07:14:11+03:00,1789618451,15296,72,3,30.3,40.2,,run
2026-09-17T07:14:16+03:00,1789618456,15301,72,3,30.3,52.2,,run
2026-09-17T07:14:21+03:00,1789618461,15306,72,3,30.3,41.4,,run
2026-09-17T07:14:26+03:00,1789618466,15311,72,3,30.3,40.2,,run
2026-09-17T07:14:32+03:00,1789618472,15317,72,3,30.3,39.5,,run
2026-09-17T07:14:37+03:00,1789618477,15322,72,3,30.3,39.8,,run
2026-09-17T07:14:42+03:00,1789618482,15327,72,3,30.3,39.5,,run
2026-09-17T07:14:47+03:00,1789618487,15332,72,3,30.3,39.5,,run
2026-09-17T07:14:53+03:00,1789618493,15338,72,3,30.3,40.2,,run
2026-09-17T07:14:58+03:00,1789618498,15343,72,3,30.3,39.2,,run
2026-09-17T07:15:03+03:00,1789618503,15348,72,3,30.3,39.5,,run
2026-09-17T07:15:08+03:00,1789618508,15353,72,3,30.3,39.2,,run
2026-09-17T07:15:13+03:00,1789618513,15358,72,3,30.3,39.2,,run
2026-09-17T07:15:19+03:00,1789618519,15364,72,3,30.3,39.8,,run
2026-09-17T07:15:24+03:00,1789618524,15369,72,3,30.3,38.9,,run
2026-09-17T07:15:29+03:00,1789618529,15374,72,3,30.3,45.7,,run
2026-09-17T07:15:34+03:00,1789618534,15379,72,3,30.3,46.0,,run
2026-09-17T07:15:39+03:00,1789618539,15384,72,3,30.3,44.2,,run
2026-09-17T07:15:45+03:00,1789618545,15390,72,3,30.3,40.5,,run
2026-09-17T07:15:50+03:00,1789618550,15395,72,3,30.3,39.2,,run
2026-09-17T07:15:55+03:00,1789618555,15400,72,3,30.3,39.2,,run
2026-09-17T07:16:00+03:00,1789618560,15405,72,3,30.3,45.1,,run
2026-09-17T07:16:06+03:00,1789618566,15411,72,3,30.2,40.5,,run
2026-09-17T07:16:11+03:00,1789618571,15416,72,3,30.2,40.8,,run
2026-09-17T07:16:16+03:00,1789618576,15421,72,3,30.2,40.8,,run
2026-09-17T07:16:21+03:00,1789618581,15426,72,3,30.2,39.2,,run
2026-09-17T07:16:26+03:00,1789618586,15431,72,3,30.2,39.5,,run
2026-09-17T07:16:32+03:00,1789618592,15437,72,3,30.2,39.8,,run
2026-09-17T07:16:37+03:00,1789618597,15442,72,3,30.2,40.2,,run
2026-09-17T07:16:42+03:00,1789618602,15447,72,3,30.2,38.9,,run
2026-09-17T07:16:47+03:00,1789618607,15452,72,3,30.2,40.5,,run
2026-09-17T07:16:53+03:00,1789618613,15458,72,3,30.2,40.2,,run
2026-09-17T07:16:58+03:00,1789618618,15463,72,3,30.2,39.8,,run
2026-09-17T07:17:03+03:00,1789618623,15468,72,3,30.2,38.6,,run
2026-09-17T07:17:08+03:00,1789618628,15473,72,3,30.2,39.8,,run
2026-09-17T07:17:13+03:00,1789618633,15478,72,3,30.2,51.9,,run
2026-09-17T07:17:19+03:00,1789618639,15484,72,3,30.2,40.5,,run
2026-09-17T07:17:24+03:00,1789618644,15489,72,3,30.2,40.8,,run
2026-09-17T07:17:29+03:00,1789618649,15494,72,3,30.2,40.2,,run
2026-09-17T07:17:35+03:00,1789618655,15500,72,3,30.2,40.5,,run
2026-09-17T07:17:40+03:00,1789618660,15505,72,3,30.2,39.8,,run
2026-09-17T07:17:45+03:00,1789618665,15510,72,3,30.2,39.8,,run
2026-09-17T07:17:50+03:00,1789618670,15515,72,3,30.2,39.2,,run
2026-09-17T07:17:55+03:00,1789618675,15520,72,3,30.2,39.8,,run
2026-09-17T07:18:01+03:00,1789618681,15526,72,3,30.2,44.8,,run
2026-09-17T07:18:06+03:00,1789618686,15531,72,3,30.2,39.8,,run
2026-09-17T07:18:11+03:00,1789618691,15536,72,3,30.2,40.2,,run
2026-09-17T07:18:16+03:00,1789618696,15541,72,3,30.2,43.9,,run
2026-09-17T07:18:22+03:00,1789618702,15547,72,3,30.2,39.8,,run
2026-09-17T07:18:27+03:00,1789618707,15552,72,3,30.2,40.2,,run
2026-09-17T07:18:32+03:00,1789618712,15557,72,3,30.2,40.2,,run
2026-09-17T07:18:37+03:00,1789618717,15562,72,3,30.2,39.5,,run
2026-09-17T07:18:43+03:00,1789618723,15568,72,3,30.2,40.2,,run
2026-09-17T07:18:48+03:00,1789618728,15573,72,3,30.2,40.2,,run
2026-09-17T07:18:53+03:00,1789618733,15578,72,3,30.2,39.8,,run
2026-09-17T07:18:58+03:00,1789618738,15583,72,3,30.2,39.8,,run
2026-09-17T07:19:03+03:00,1789618743,15588,72,3,30.2,38.9,,run
2026-09-17T07:19:09+03:00,1789618749,15594,72,3,30.2,39.2,,run
2026-09-17T07:19:14+03:00,1789618754,15599,72,3,30.2,51.0,,run
2026-09-17T07:19:19+03:00,1789618759,15604,72,3,30.2,40.5,,run
2026-09-17T07:19:25+03:00,1789618765,15610,72,3,30.2,40.2,,run
2026-09-17T07:19:30+03:00,1789618770,15615,72,3,30.2,40.2,,run
2026-09-17T07:19:35+03:00,1789618775,15620,72,3,30.2,40.2,,run
2026-09-17T07:19:40+03:00,1789618780,15625,72,3,30.2,42.0,,run
2026-09-17T07:19:46+03:00,1789618786,15631,72,3,30.2,40.5,,run
2026-09-17T07:19:51+03:00,1789618791,15636,72,3,30.2,39.5,,run
2026-09-17T07:19:56+03:00,1789618796,15641,72,3,30.2,42.0,,run
2026-09-17T07:20:01+03:00,1789618801,15646,72,3,30.2,48.2,,run
2026-09-17T07:20:06+03:00,1789618806,15651,72,3,30.2,40.2,,run
2026-09-17T07:20:12+03:00,1789618812,15657,72,3,30.2,40.2,,run
2026-09-17T07:20:17+03:00,1789618817,15662,72,3,30.2,39.8,,run
2026-09-17T07:20:22+03:00,1789618822,15667,72,3,30.2,40.2,,run
2026-09-17T07:20:27+03:00,1789618827,15672,72,3,30.2,40.2,,run
2026-09-17T07:20:33+03:00,1789618833,15678,72,3,30.2,40.2,,run
2026-09-17T07:20:38+03:00,1789618838,15683,72,3,30.2,39.5,,run
2026-09-17T07:20:43+03:00,1789618843,15688,72,3,30.2,39.8,,run
2026-09-17T07:20:48+03:00,1789618848,15693,72,3,30.2,40.2,,run
2026-09-17T07:20:53+03:00,1789618853,15698,72,3,30.2,39.5,,run
2026-09-17T07:20:59+03:00,1789618859,15704,72,3,30.2,39.8,,run
2026-09-17T07:21:04+03:00,1789618864,15709,72,3,30.2,38.9,,run
2026-09-17T07:21:09+03:00,1789618869,15714,72,3,30.2,40.8,,run
2026-09-17T07:21:14+03:00,1789618874,15719,72,3,30.2,51.3,,run
2026-09-17T07:21:20+03:00,1789618880,15725,72,3,30.2,41.7,,run
2026-09-17T07:21:25+03:00,1789618885,15730,72,3,30.2,41.1,,run
2026-09-17T07:21:30+03:00,1789618890,15735,72,3,30.2,40.5,,run
2026-09-17T07:21:35+03:00,1789618895,15740,72,3,30.2,40.5,,run
2026-09-17T07:21:41+03:00,1789618901,15746,72,3,30.2,38.9,,run
2026-09-17T07:21:46+03:00,1789618906,15751,72,3,30.2,38.9,,run
2026-09-17T07:21:51+03:00,1789618911,15756,72,3,30.2,39.8,,run
2026-09-17T07:21:56+03:00,1789618916,15761,72,3,30.2,48.5,,run
2026-09-17T07:22:02+03:00,1789618922,15767,72,3,30.2,42.9,,run
2026-09-17T07:22:07+03:00,1789618927,15772,72,3,30.2,40.2,,run
2026-09-17T07:22:12+03:00,1789618932,15777,72,3,30.2,39.5,,run
2026-09-17T07:22:17+03:00,1789618937,15782,72,3,30.2,40.5,,run
2026-09-17T07:22:23+03:00,1789618943,15788,72,3,30.2,39.2,,run
2026-09-17T07:22:28+03:00,1789618948,15793,72,3,30.2,39.5,,run
2026-09-17T07:22:33+03:00,1789618953,15798,72,3,30.2,38.9,,run
2026-09-17T07:22:38+03:00,1789618958,15803,72,3,30.2,39.8,,run
2026-09-17T07:22:44+03:00,1789618964,15809,72,3,30.2,38.9,,run
2026-09-17T07:22:49+03:00,1789618969,15814,72,3,30.2,40.2,,run
2026-09-17T07:22:54+03:00,1789618974,15819,72,3,30.2,39.2,,run
2026-09-17T07:22:59+03:00,1789618979,15824,72,3,30.2,39.5,,run
2026-09-17T07:23:04+03:00,1789618984,15829,72,3,30.2,39.8,,run
2026-09-17T07:23:10+03:00,1789618990,15835,72,3,30.2,39.2,,run
2026-09-17T07:23:15+03:00,1789618995,15840,72,3,30.2,51.3,,run
2026-09-17T07:23:20+03:00,1789619000,15845,72,3,30.2,40.5,,run
2026-09-17T07:23:25+03:00,1789619005,15850,72,3,30.2,39.5,,run
2026-09-17T07:23:31+03:00,1789619011,15856,72,3,30.2,40.2,,run
2026-09-17T07:23:36+03:00,1789619016,15861,72,3,30.2,39.5,,run
2026-09-17T07:23:41+03:00,1789619021,15866,72,3,30.2,40.2,,run
2026-09-17T07:23:46+03:00,1789619026,15871,72,3,30.2,39.2,,run
2026-09-17T07:23:51+03:00,1789619031,15876,72,3,30.2,39.8,,run
2026-09-17T07:23:57+03:00,1789619037,15882,72,3,30.2,48.2,,run
2026-09-17T07:24:02+03:00,1789619042,15887,72,3,30.2,41.4,,run
2026-09-17T07:24:07+03:00,1789619047,15892,72,3,30.2,41.1,,run
2026-09-17T07:24:13+03:00,1789619053,15898,72,3,30.2,40.2,,run
2026-09-17T07:24:18+03:00,1789619058,15903,72,3,30.2,39.8,,run
2026-09-17T07:24:23+03:00,1789619063,15908,72,3,30.2,39.8,,run
2026-09-17T07:24:28+03:00,1789619068,15913,71,3,30.2,40.5,,run
2026-09-17T07:24:33+03:00,1789619073,15918,71,3,30.2,39.2,,run
2026-09-17T07:24:39+03:00,1789619079,15924,71,3,30.2,39.2,,run
2026-09-17T07:24:44+03:00,1789619084,15929,71,3,30.2,38.3,,run
2026-09-17T07:24:49+03:00,1789619089,15934,71,3,30.2,38.6,,run
2026-09-17T07:24:54+03:00,1789619094,15939,71,3,30.2,39.5,,run
2026-09-17T07:25:00+03:00,1789619100,15945,71,3,30.2,39.2,,run
2026-09-17T07:25:05+03:00,1789619105,15950,71,3,30.2,39.5,,run
2026-09-17T07:25:10+03:00,1789619110,15955,71,3,30.2,38.9,,run
2026-09-17T07:25:15+03:00,1789619115,15960,71,3,30.2,39.2,,run
2026-09-17T07:25:20+03:00,1789619120,15965,71,3,30.2,38.9,,run
2026-09-17T07:25:26+03:00,1789619126,15971,71,3,30.2,38.6,,run
2026-09-17T07:25:31+03:00,1789619131,15976,71,3,30.2,39.8,,run
2026-09-17T07:25:36+03:00,1789619136,15981,71,3,30.2,38.6,,run
2026-09-17T07:25:41+03:00,1789619141,15986,71,3,30.2,39.5,,run
2026-09-17T07:25:47+03:00,1789619147,15992,71,3,30.2,39.2,,run
2026-09-17T07:25:52+03:00,1789619152,15997,71,3,30.2,39.5,,run
2026-09-17T07:25:57+03:00,1789619157,16002,71,3,30.2,39.5,,run
2026-09-17T07:26:02+03:00,1789619162,16007,71,3,30.2,39.5,,run
2026-09-17T07:26:07+03:00,1789619167,16012,71,3,30.0,40.2,,run
2026-09-17T07:26:13+03:00,1789619173,16018,71,3,30.0,38.6,,run
2026-09-17T07:26:18+03:00,1789619178,16023,71,3,30.0,39.2,,run
2026-09-17T07:26:23+03:00,1789619183,16028,71,3,30.0,38.6,,run
2026-09-17T07:26:28+03:00,1789619188,16033,71,3,30.0,38.6,,run
2026-09-17T07:26:33+03:00,1789619193,16038,71,3,30.0,38.3,,run
2026-09-17T07:26:39+03:00,1789619199,16044,71,3,30.0,39.5,,run
2026-09-17T07:26:44+03:00,1789619204,16049,71,3,30.0,38.9,,run
2026-09-17T07:26:49+03:00,1789619209,16054,71,3,30.0,38.3,,run
2026-09-17T07:26:54+03:00,1789619214,16059,71,3,30.0,39.2,,run
2026-09-17T07:27:00+03:00,1789619220,16065,71,3,30.0,38.9,,run
2026-09-17T07:27:05+03:00,1789619225,16070,71,3,30.0,38.6,,run
2026-09-17T07:27:10+03:00,1789619230,16075,71,3,30.0,38.6,,run
2026-09-17T07:27:15+03:00,1789619235,16080,71,3,30.0,38.6,,run
2026-09-17T07:27:20+03:00,1789619240,16085,71,3,30.0,39.2,,run
2026-09-17T07:27:26+03:00,1789619246,16091,71,3,30.0,38.3,,run
2026-09-17T07:27:31+03:00,1789619251,16096,71,3,30.0,39.2,,run
2026-09-17T07:27:36+03:00,1789619256,16101,71,3,30.0,38.9,,run
2026-09-17T07:27:41+03:00,1789619261,16106,71,3,30.0,38.3,,run
2026-09-17T07:27:46+03:00,1789619266,16111,71,3,30.0,39.5,,run
2026-09-17T07:27:52+03:00,1789619272,16117,71,3,30.0,38.9,,run
2026-09-17T07:27:57+03:00,1789619277,16122,71,3,30.0,38.6,,run
2026-09-17T07:28:02+03:00,1789619282,16127,71,3,30.0,38.6,,run
2026-09-17T07:28:07+03:00,1789619287,16132,71,3,30.0,39.2,,run
2026-09-17T07:28:13+03:00,1789619293,16138,71,3,30.0,38.3,,run
2026-09-17T07:28:18+03:00,1789619298,16143,71,3,30.0,38.0,,run
2026-09-17T07:28:23+03:00,1789619303,16148,71,3,30.0,39.2,,run
2026-09-17T07:28:28+03:00,1789619308,16153,71,3,30.0,41.1,,run
2026-09-17T07:28:33+03:00,1789619313,16158,71,3,30.0,41.4,,run
2026-09-17T07:28:39+03:00,1789619319,16164,71,3,30.0,39.8,,run
2026-09-17T07:28:44+03:00,1789619324,16169,71,3,30.0,39.2,,run
2026-09-17T07:28:49+03:00,1789619329,16174,71,3,30.0,41.7,,run
2026-09-17T07:28:54+03:00,1789619334,16179,71,3,30.0,42.6,,run
2026-09-17T07:29:00+03:00,1789619340,16185,71,3,30.0,40.8,,run
2026-09-17T07:29:05+03:00,1789619345,16190,71,3,30.0,40.5,,run
2026-09-17T07:29:10+03:00,1789619350,16195,71,3,30.0,40.5,,run
2026-09-17T07:29:15+03:00,1789619355,16200,71,3,30.0,40.2,,run
2026-09-17T07:29:20+03:00,1789619360,16205,71,3,30.0,38.9,,run
2026-09-17T07:29:26+03:00,1789619366,16211,71,3,30.0,39.2,,run
2026-09-17T07:29:31+03:00,1789619371,16216,71,3,30.0,38.6,,run
2026-09-17T07:29:36+03:00,1789619376,16221,71,3,30.0,38.9,,run
2026-09-17T07:29:41+03:00,1789619381,16226,71,3,30.0,39.2,,run
2026-09-17T07:29:47+03:00,1789619387,16232,71,3,30.0,38.9,,run
2026-09-17T07:29:52+03:00,1789619392,16237,71,3,30.0,38.6,,run
2026-09-17T07:29:57+03:00,1789619397,16242,71,3,30.0,38.6,,run
2026-09-17T07:30:02+03:00,1789619402,16247,71,3,30.0,39.2,,run
2026-09-17T07:30:07+03:00,1789619407,16252,71,3,30.0,48.8,,run
2026-09-17T07:30:13+03:00,1789619413,16258,71,3,30.0,41.1,,run
2026-09-17T07:30:18+03:00,1789619418,16263,71,3,30.0,40.8,,run
2026-09-17T07:30:23+03:00,1789619423,16268,71,3,30.0,40.5,,run
2026-09-17T07:30:28+03:00,1789619428,16273,71,3,30.0,39.5,,run
2026-09-17T07:30:34+03:00,1789619434,16279,71,3,30.0,39.2,,run
2026-09-17T07:30:39+03:00,1789619439,16284,71,3,30.0,39.5,,run
2026-09-17T07:30:44+03:00,1789619444,16289,71,3,30.0,39.2,,run
2026-09-17T07:30:49+03:00,1789619449,16294,71,3,30.0,49.1,,run
2026-09-17T07:30:55+03:00,1789619455,16300,71,3,30.0,41.7,,run
2026-09-17T07:31:00+03:00,1789619460,16305,71,3,30.0,39.8,,run
2026-09-17T07:31:05+03:00,1789619465,16310,71,3,30.0,40.2,,run
2026-09-17T07:31:10+03:00,1789619470,16315,71,3,30.0,39.8,,run
2026-09-17T07:31:16+03:00,1789619476,16321,71,3,30.0,40.2,,run
2026-09-17T07:31:21+03:00,1789619481,16326,71,3,30.0,40.2,,run
2026-09-17T07:31:26+03:00,1789619486,16331,71,3,30.0,39.5,,run
2026-09-17T07:31:31+03:00,1789619491,16336,71,3,30.0,39.8,,run
2026-09-17T07:31:36+03:00,1789619496,16341,71,3,30.0,38.9,,run
2026-09-17T07:31:42+03:00,1789619502,16347,71,3,30.0,38.9,,run
2026-09-17T07:31:47+03:00,1789619507,16352,71,3,30.0,39.2,,run
2026-09-17T07:31:52+03:00,1789619512,16357,71,3,30.0,40.5,,run
2026-09-17T07:31:57+03:00,1789619517,16362,71,3,30.0,39.2,,run
2026-09-17T07:32:03+03:00,1789619523,16368,71,3,30.0,39.5,,run
2026-09-17T07:32:08+03:00,1789619528,16373,71,3,30.0,50.1,,run
2026-09-17T07:32:13+03:00,1789619533,16378,71,3,30.0,40.8,,run
2026-09-17T07:32:18+03:00,1789619538,16383,71,3,30.0,40.2,,run
2026-09-17T07:32:23+03:00,1789619543,16388,71,3,30.0,40.2,,run
2026-09-17T07:32:29+03:00,1789619549,16394,71,3,30.0,39.5,,run
2026-09-17T07:32:34+03:00,1789619554,16399,71,3,30.0,38.6,,run
2026-09-17T07:32:39+03:00,1789619559,16404,71,3,30.0,39.2,,run
2026-09-17T07:32:44+03:00,1789619564,16409,71,3,30.0,39.5,,run
2026-09-17T07:32:50+03:00,1789619570,16415,71,3,30.0,49.7,,run
2026-09-17T07:32:55+03:00,1789619575,16420,71,3,30.0,42.3,,run
2026-09-17T07:33:00+03:00,1789619580,16425,71,3,30.0,40.2,,run
2026-09-17T07:33:05+03:00,1789619585,16430,71,3,30.0,39.8,,run
2026-09-17T07:33:11+03:00,1789619591,16436,71,3,30.0,39.2,,run
2026-09-17T07:33:16+03:00,1789619596,16441,71,3,30.0,40.5,,run
2026-09-17T07:33:21+03:00,1789619601,16446,71,3,30.0,39.2,,run
2026-09-17T07:33:26+03:00,1789619606,16451,71,3,30.0,39.2,,run
2026-09-17T07:33:32+03:00,1789619612,16457,71,3,30.0,43.2,,run
2026-09-17T07:33:37+03:00,1789619617,16462,71,3,30.0,38.9,,run
2026-09-17T07:33:42+03:00,1789619622,16467,71,3,30.0,38.9,,run
2026-09-17T07:33:47+03:00,1789619627,16472,71,3,30.0,38.6,,run
2026-09-17T07:33:52+03:00,1789619632,16477,71,3,30.0,39.2,,run
2026-09-17T07:33:58+03:00,1789619638,16483,71,3,30.0,39.8,,run
2026-09-17T07:34:03+03:00,1789619643,16488,71,3,30.0,40.5,,run
2026-09-17T07:34:08+03:00,1789619648,16493,71,3,30.0,46.0,,run
2026-09-17T07:34:13+03:00,1789619653,16498,71,3,30.0,39.8,,run
2026-09-17T07:34:19+03:00,1789619659,16504,71,3,30.0,39.5,,run
2026-09-17T07:34:24+03:00,1789619664,16509,71,3,30.0,39.2,,run
2026-09-17T07:34:29+03:00,1789619669,16514,71,3,30.0,39.5,,run
2026-09-17T07:34:34+03:00,1789619674,16519,71,3,30.0,39.8,,run
2026-09-17T07:34:39+03:00,1789619679,16524,71,3,30.0,39.8,,run
2026-09-17T07:34:45+03:00,1789619685,16530,71,3,30.0,38.6,,run
2026-09-17T07:34:50+03:00,1789619690,16535,71,3,30.0,47.9,,run
2026-09-17T07:34:55+03:00,1789619695,16540,71,3,30.0,42.0,,run
2026-09-17T07:35:00+03:00,1789619700,16545,71,3,30.0,41.1,,run
2026-09-17T07:35:06+03:00,1789619706,16551,71,3,30.0,41.1,,run
2026-09-17T07:35:11+03:00,1789619711,16556,71,3,30.0,40.2,,run
2026-09-17T07:35:16+03:00,1789619716,16561,71,3,30.0,39.5,,run
2026-09-17T07:35:21+03:00,1789619721,16566,71,3,30.0,39.5,,run
2026-09-17T07:35:27+03:00,1789619727,16572,71,3,30.0,39.8,,run
2026-09-17T07:35:32+03:00,1789619732,16577,71,3,30.0,39.8,,run
2026-09-17T07:35:37+03:00,1789619737,16582,71,3,30.0,39.8,,run
2026-09-17T07:35:42+03:00,1789619742,16587,71,3,30.0,38.6,,run
2026-09-17T07:35:47+03:00,1789619747,16592,71,3,30.0,42.6,,run
2026-09-17T07:35:53+03:00,1789619753,16598,71,3,30.0,40.5,,run
2026-09-17T07:35:58+03:00,1789619758,16603,71,3,30.0,39.5,,run
2026-09-17T07:36:03+03:00,1789619763,16608,71,3,30.0,39.2,,run
2026-09-17T07:36:08+03:00,1789619768,16613,71,3,30.0,48.2,,run
2026-09-17T07:36:14+03:00,1789619774,16619,71,3,30.0,40.5,,run
2026-09-17T07:36:19+03:00,1789619779,16624,71,3,30.0,41.1,,run
2026-09-17T07:36:24+03:00,1789619784,16629,71,3,30.0,39.8,,run
2026-09-17T07:36:29+03:00,1789619789,16634,71,3,30.0,40.8,,run
2026-09-17T07:36:34+03:00,1789619794,16639,71,3,30.0,49.7,,run
2026-09-17T07:36:40+03:00,1789619800,16645,71,3,30.0,41.1,,run
2026-09-17T07:36:45+03:00,1789619805,16650,71,3,30.0,40.2,,run
2026-09-17T07:36:50+03:00,1789619810,16655,71,3,30.0,40.2,,run
2026-09-17T07:36:55+03:00,1789619815,16660,71,3,30.0,40.2,,run
2026-09-17T07:37:01+03:00,1789619821,16666,71,3,30.0,39.2,,run
2026-09-17T07:37:06+03:00,1789619826,16671,71,3,30.0,40.5,,run
2026-09-17T07:37:11+03:00,1789619831,16676,71,3,30.0,38.9,,run
2026-09-17T07:37:16+03:00,1789619836,16681,71,3,30.0,40.5,,run
2026-09-17T07:37:21+03:00,1789619841,16686,70,3,30.1,39.8,,run
2026-09-17T07:37:27+03:00,1789619847,16692,70,3,30.1,39.8,,run
2026-09-17T07:37:32+03:00,1789619852,16697,70,3,30.1,39.5,,run
2026-09-17T07:37:37+03:00,1789619857,16702,70,3,30.1,39.5,,run
2026-09-17T07:37:42+03:00,1789619862,16707,70,3,30.1,40.5,,run
2026-09-17T07:37:48+03:00,1789619868,16713,70,3,30.1,44.8,,run
2026-09-17T07:37:53+03:00,1789619873,16718,70,3,30.1,45.4,,run
2026-09-17T07:37:58+03:00,1789619878,16723,70,3,30.1,42.9,,run
2026-09-17T07:38:03+03:00,1789619883,16728,70,3,30.1,40.5,,run
2026-09-17T07:38:09+03:00,1789619889,16734,70,3,30.1,39.5,,run
2026-09-17T07:38:14+03:00,1789619894,16739,70,3,30.1,40.5,,run
2026-09-17T07:38:19+03:00,1789619899,16744,70,3,30.1,39.8,,run
2026-09-17T07:38:24+03:00,1789619904,16749,70,3,30.1,39.5,,run
2026-09-17T07:38:29+03:00,1789619909,16754,70,3,30.1,40.2,,run
2026-09-17T07:38:35+03:00,1789619915,16760,70,3,30.1,52.8,,run
2026-09-17T07:38:40+03:00,1789619920,16765,70,3,30.1,41.7,,run
2026-09-17T07:38:45+03:00,1789619925,16770,70,3,30.1,39.5,,run
2026-09-17T07:38:50+03:00,1789619930,16775,70,3,30.1,40.5,,run
2026-09-17T07:38:56+03:00,1789619936,16781,70,3,30.1,39.2,,run
2026-09-17T07:39:01+03:00,1789619941,16786,70,3,30.1,39.8,,run
2026-09-17T07:39:06+03:00,1789619946,16791,70,3,30.1,40.5,,run
2026-09-17T07:39:11+03:00,1789619951,16796,70,3,30.1,39.5,,run
2026-09-17T07:39:16+03:00,1789619956,16801,70,3,30.1,40.5,,run
2026-09-17T07:39:22+03:00,1789619962,16807,70,3,30.1,39.5,,run
2026-09-17T07:39:27+03:00,1789619967,16812,70,3,30.1,40.2,,run
2026-09-17T07:39:32+03:00,1789619972,16817,70,3,30.1,40.5,,run
2026-09-17T07:39:37+03:00,1789619977,16822,70,3,30.1,39.5,,run
2026-09-17T07:39:43+03:00,1789619983,16828,70,3,30.1,39.5,,run
2026-09-17T07:39:48+03:00,1789619988,16833,70,3,30.1,42.3,,run
2026-09-17T07:39:53+03:00,1789619993,16838,70,3,30.1,44.8,,run
2026-09-17T07:39:58+03:00,1789619998,16843,70,3,30.1,42.0,,run
2026-09-17T07:40:03+03:00,1789620003,16848,70,3,30.1,40.5,,run
2026-09-17T07:40:09+03:00,1789620009,16854,70,3,30.1,39.2,,run
2026-09-17T07:40:14+03:00,1789620014,16859,70,3,30.1,41.7,,run
2026-09-17T07:40:19+03:00,1789620019,16864,70,3,30.1,44.5,,run
2026-09-17T07:40:24+03:00,1789620024,16869,70,3,30.1,40.8,,run
2026-09-17T07:40:30+03:00,1789620030,16875,70,3,30.1,40.2,,run
2026-09-17T07:40:35+03:00,1789620035,16880,70,3,30.1,39.8,,run
2026-09-17T07:40:40+03:00,1789620040,16885,70,3,30.1,39.2,,run
2026-09-17T07:40:45+03:00,1789620045,16890,70,3,30.1,40.5,,run
2026-09-17T07:40:51+03:00,1789620051,16896,70,3,30.1,39.5,,run
2026-09-17T07:40:56+03:00,1789620056,16901,70,3,30.1,39.8,,run
2026-09-17T07:41:01+03:00,1789620061,16906,70,3,30.1,39.5,,run
2026-09-17T07:41:06+03:00,1789620066,16911,70,3,30.1,39.2,,run
2026-09-17T07:41:11+03:00,1789620071,16916,70,3,30.1,38.6,,run
2026-09-17T07:41:17+03:00,1789620077,16922,70,3,30.1,40.2,,run
2026-09-17T07:41:22+03:00,1789620082,16927,70,3,30.1,40.2,,run
2026-09-17T07:41:27+03:00,1789620087,16932,70,3,30.1,39.5,,run
2026-09-17T07:41:32+03:00,1789620092,16937,70,3,30.1,48.8,,run
2026-09-17T07:41:38+03:00,1789620098,16943,70,3,30.1,42.3,,run
2026-09-17T07:41:43+03:00,1789620103,16948,70,3,30.1,40.5,,run
2026-09-17T07:41:48+03:00,1789620108,16953,70,3,30.1,40.2,,run
2026-09-17T07:41:54+03:00,1789620114,16959,70,3,30.1,39.2,,run
2026-09-17T07:41:59+03:00,1789620119,16964,70,3,30.1,40.2,,run
2026-09-17T07:42:04+03:00,1789620124,16969,70,3,30.1,39.5,,run
2026-09-17T07:42:09+03:00,1789620129,16974,70,3,30.1,38.9,,run
2026-09-17T07:42:14+03:00,1789620134,16979,70,3,30.1,40.2,,run
2026-09-17T07:42:20+03:00,1789620140,16985,70,3,30.1,43.6,,run
2026-09-17T07:42:25+03:00,1789620145,16990,70,3,30.1,40.8,,run
2026-09-17T07:42:30+03:00,1789620150,16995,70,3,30.1,39.5,,run
2026-09-17T07:42:35+03:00,1789620155,17000,70,3,30.1,39.8,,run
2026-09-17T07:42:41+03:00,1789620161,17006,70,3,30.1,39.2,,run
2026-09-17T07:42:46+03:00,1789620166,17011,70,3,30.1,39.2,,run
2026-09-17T07:42:51+03:00,1789620171,17016,70,3,30.1,39.2,,run
2026-09-17T07:42:56+03:00,1789620176,17021,70,3,30.1,39.5,,run
2026-09-17T07:43:01+03:00,1789620181,17026,70,3,30.1,39.5,,run
2026-09-17T07:43:07+03:00,1789620187,17032,70,3,30.1,39.2,,run
2026-09-17T07:43:12+03:00,1789620192,17037,70,3,30.1,39.8,,run
2026-09-17T07:43:17+03:00,1789620197,17042,70,3,30.1,40.2,,run
2026-09-17T07:43:22+03:00,1789620202,17047,70,3,30.1,39.2,,run
2026-09-17T07:43:27+03:00,1789620207,17052,70,3,30.1,40.2,,run
2026-09-17T07:43:33+03:00,1789620213,17058,70,3,30.1,49.7,,run
2026-09-17T07:43:38+03:00,1789620218,17063,70,3,30.1,41.4,,run
2026-09-17T07:43:43+03:00,1789620223,17068,70,3,30.1,40.2,,run
2026-09-17T07:43:49+03:00,1789620229,17074,70,3,30.1,40.5,,run
2026-09-17T07:43:54+03:00,1789620234,17079,70,3,30.1,39.5,,run
2026-09-17T07:43:59+03:00,1789620239,17084,70,3,30.1,47.3,,run
2026-09-17T07:44:04+03:00,1789620244,17089,70,3,30.1,41.4,,run
2026-09-17T07:44:10+03:00,1789620250,17095,70,3,30.1,40.2,,run
2026-09-17T07:44:15+03:00,1789620255,17100,70,3,30.1,40.2,,run
2026-09-17T07:44:20+03:00,1789620260,17105,70,3,30.1,39.2,,run
2026-09-17T07:44:25+03:00,1789620265,17110,70,3,30.1,40.2,,run
2026-09-17T07:44:31+03:00,1789620271,17116,70,3,30.1,39.5,,run
2026-09-17T07:44:36+03:00,1789620276,17121,70,3,30.1,39.5,,run
2026-09-17T07:44:41+03:00,1789620281,17126,70,3,30.1,39.8,,run
2026-09-17T07:44:46+03:00,1789620286,17131,70,3,30.1,39.2,,run
2026-09-17T07:44:51+03:00,1789620291,17136,70,3,30.1,39.5,,run
2026-09-17T07:44:57+03:00,1789620297,17142,70,3,30.1,39.5,,run
2026-09-17T07:45:02+03:00,1789620302,17147,70,3,30.1,38.9,,run
2026-09-17T07:45:07+03:00,1789620307,17152,70,3,30.1,39.8,,run
2026-09-17T07:45:12+03:00,1789620312,17157,70,3,30.1,46.7,,run
2026-09-17T07:45:17+03:00,1789620317,17162,70,3,30.1,48.2,,run
2026-09-17T07:45:23+03:00,1789620323,17168,70,3,30.1,43.6,,run
2026-09-17T07:45:28+03:00,1789620328,17173,70,3,30.1,40.2,,run
2026-09-17T07:45:33+03:00,1789620333,17178,70,3,30.1,40.5,,run
2026-09-17T07:45:38+03:00,1789620338,17183,70,3,30.1,39.5,,run
2026-09-17T07:45:44+03:00,1789620344,17189,70,3,30.1,39.8,,run
2026-09-17T07:45:49+03:00,1789620349,17194,70,3,30.1,38.9,,run
2026-09-17T07:45:54+03:00,1789620354,17199,70,3,30.1,38.6,,run
2026-09-17T07:45:59+03:00,1789620359,17204,70,3,30.1,49.4,,run
2026-09-17T07:46:05+03:00,1789620365,17210,70,3,30.1,44.8,,run
2026-09-17T07:46:10+03:00,1789620370,17215,70,3,30.1,41.1,,run
2026-09-17T07:46:15+03:00,1789620375,17220,70,3,30.1,39.8,,run
2026-09-17T07:46:20+03:00,1789620380,17225,70,3,30.1,39.8,,run
2026-09-17T07:46:26+03:00,1789620386,17231,70,3,30.1,39.8,,run
2026-09-17T07:46:31+03:00,1789620391,17236,70,3,30.1,39.5,,run
2026-09-17T07:46:36+03:00,1789620396,17241,70,3,30.1,40.2,,run
2026-09-17T07:46:41+03:00,1789620401,17246,70,3,30.1,39.2,,run
2026-09-17T07:46:46+03:00,1789620406,17251,70,3,30.1,39.8,,run
2026-09-17T07:46:52+03:00,1789620412,17257,70,3,30.1,38.9,,run
2026-09-17T07:46:57+03:00,1789620417,17262,70,3,30.1,39.5,,run
2026-09-17T07:47:02+03:00,1789620422,17267,70,3,30.1,40.8,,run
2026-09-17T07:47:07+03:00,1789620427,17272,70,3,30.1,40.8,,run
2026-09-17T07:47:12+03:00,1789620432,17277,70,3,30.1,39.2,,run
2026-09-17T07:47:18+03:00,1789620438,17283,70,3,30.1,50.7,,run
2026-09-17T07:47:23+03:00,1789620443,17288,70,3,30.1,41.4,,run
2026-09-17T07:47:28+03:00,1789620448,17293,70,3,30.1,39.8,,end
