iso_ts,epoch,elapsed_s,batt_level,batt_status,batt_temp_c,soc_temp_c,current_ma,event
2026-07-31T23:46:16+03:00,1785530776,0,76,3,33.1,52.8,,run
2026-07-31T23:46:21+03:00,1785530781,5,76,3,33.1,44.8,,run
2026-07-31T23:46:26+03:00,1785530786,10,76,3,33.1,47.0,,run
2026-07-31T23:46:32+03:00,1785530792,16,76,3,33.1,44.2,,run
2026-07-31T23:46:37+03:00,1785530797,21,76,3,33.1,42.3,,run
2026-07-31T23:46:42+03:00,1785530802,26,76,3,33.1,42.6,,run
2026-07-31T23:46:47+03:00,1785530807,31,76,3,33.1,43.6,,run
2026-07-31T23:46:53+03:00,1785530813,37,76,3,33.1,42.0,,run
2026-07-31T23:46:58+03:00,1785530818,42,76,3,33.1,52.2,,run
2026-07-31T23:47:03+03:00,1785530823,47,76,3,33.1,44.5,,run
2026-07-31T23:47:08+03:00,1785530828,52,76,3,33.1,42.6,,run
2026-07-31T23:47:13+03:00,1785530833,57,76,3,33.1,42.6,,run
2026-07-31T23:47:19+03:00,1785530839,63,76,3,33.1,45.4,,run
2026-07-31T23:47:24+03:00,1785530844,68,76,3,33.1,43.6,,run
2026-07-31T23:47:29+03:00,1785530849,73,76,3,33.1,42.9,,run
2026-07-31T23:47:34+03:00,1785530854,78,76,3,33.1,42.0,,run
2026-07-31T23:47:40+03:00,1785530860,84,76,3,33.1,42.9,,run
2026-07-31T23:47:45+03:00,1785530865,89,76,3,33.1,41.4,,run
2026-07-31T23:47:50+03:00,1785530870,94,76,3,33.1,43.6,,run
2026-07-31T23:47:55+03:00,1785530875,99,76,3,33.1,41.7,,run
2026-07-31T23:48:01+03:00,1785530881,105,76,3,33.1,41.1,,run
2026-07-31T23:48:06+03:00,1785530886,110,76,3,32.3,41.4,,run
2026-07-31T23:48:11+03:00,1785530891,115,76,3,32.3,47.9,,run
2026-07-31T23:48:16+03:00,1785530896,120,76,3,32.3,49.1,,run
2026-07-31T23:48:21+03:00,1785530901,125,76,3,32.3,48.2,,run
2026-07-31T23:48:27+03:00,1785530907,131,76,3,32.3,43.9,,run
2026-07-31T23:48:32+03:00,1785530912,136,76,3,32.3,41.4,,run
2026-07-31T23:48:37+03:00,1785530917,141,76,3,32.3,41.4,,run
2026-07-31T23:48:42+03:00,1785530922,146,76,3,32.3,40.8,,run
2026-07-31T23:48:48+03:00,1785530928,152,76,3,32.3,40.5,,run
2026-07-31T23:48:53+03:00,1785530933,157,76,3,32.3,41.4,,run
2026-07-31T23:48:58+03:00,1785530938,162,76,3,32.3,44.2,,run
2026-07-31T23:49:03+03:00,1785530943,167,76,3,32.3,50.7,,run
2026-07-31T23:49:09+03:00,1785530949,173,76,3,32.3,43.9,,run
2026-07-31T23:49:14+03:00,1785530954,178,76,3,32.3,41.4,,run
2026-07-31T23:49:19+03:00,1785530959,183,76,3,32.3,41.7,,run
2026-07-31T23:49:24+03:00,1785530964,188,76,3,32.3,42.3,,run
2026-07-31T23:49:30+03:00,1785530970,194,76,3,32.3,42.3,,run
2026-07-31T23:49:35+03:00,1785530975,199,76,3,32.3,43.2,,run
2026-07-31T23:49:40+03:00,1785530980,204,76,3,32.3,42.3,,run
2026-07-31T23:49:45+03:00,1785530985,209,76,3,32.3,40.8,,run
2026-07-31T23:49:50+03:00,1785530990,214,76,3,32.3,44.2,,run
2026-07-31T23:49:56+03:00,1785530996,220,76,3,32.3,42.0,,run
2026-07-31T23:50:01+03:00,1785531001,225,76,3,32.3,42.9,,run
2026-07-31T23:50:06+03:00,1785531006,230,76,3,32.3,41.7,,run
2026-07-31T23:50:11+03:00,1785531011,235,76,3,32.3,41.1,,run
2026-07-31T23:50:17+03:00,1785531017,241,76,3,32.3,47.0,,run
2026-07-31T23:50:22+03:00,1785531022,246,76,3,32.3,44.2,,run
2026-07-31T23:50:27+03:00,1785531027,251,76,3,32.3,42.9,,run
2026-07-31T23:50:33+03:00,1785531033,257,76,3,32.3,41.4,,run
2026-07-31T23:50:38+03:00,1785531038,262,76,3,32.3,41.4,,run
2026-07-31T23:50:43+03:00,1785531043,267,76,3,32.3,40.8,,run
2026-07-31T23:50:48+03:00,1785531048,272,76,3,32.3,41.7,,run
2026-07-31T23:50:53+03:00,1785531053,277,76,3,32.3,40.5,,run
2026-07-31T23:50:59+03:00,1785531059,283,76,3,32.3,40.5,,run
2026-07-31T23:51:04+03:00,1785531064,288,76,3,32.3,50.7,,run
2026-07-31T23:51:10+03:00,1785531070,294,76,3,32.3,46.3,,run
2026-07-31T23:51:15+03:00,1785531075,299,76,3,32.3,45.4,,run
2026-07-31T23:51:20+03:00,1785531080,304,76,3,32.3,43.6,,run
2026-07-31T23:51:25+03:00,1785531085,309,76,3,32.3,43.9,,run
2026-07-31T23:51:31+03:00,1785531091,315,76,3,32.3,43.6,,run
2026-07-31T23:51:36+03:00,1785531096,320,76,3,32.3,41.7,,run
2026-07-31T23:51:41+03:00,1785531101,325,76,3,32.3,43.9,,run
2026-07-31T23:51:46+03:00,1785531106,330,76,3,32.3,42.3,,run
2026-07-31T23:51:51+03:00,1785531111,335,76,3,32.3,43.6,,run
2026-07-31T23:51:57+03:00,1785531117,341,76,3,32.3,44.5,,run
2026-07-31T23:52:02+03:00,1785531122,346,76,3,32.3,42.6,,run
2026-07-31T23:52:07+03:00,1785531127,351,76,3,32.3,42.6,,run
2026-07-31T23:52:12+03:00,1785531132,356,76,3,32.3,43.2,,run
2026-07-31T23:52:18+03:00,1785531138,362,76,3,32.3,42.3,,run
2026-07-31T23:52:23+03:00,1785531143,367,76,3,32.3,52.2,,run
2026-07-31T23:52:28+03:00,1785531148,372,76,3,32.3,45.1,,run
2026-07-31T23:52:34+03:00,1785531154,378,76,3,32.3,44.8,,run
2026-07-31T23:52:39+03:00,1785531159,383,76,3,32.3,42.3,,run
2026-07-31T23:52:44+03:00,1785531164,388,76,3,32.3,42.3,,run
2026-07-31T23:52:49+03:00,1785531169,393,76,3,32.3,42.0,,run
2026-07-31T23:52:55+03:00,1785531175,399,76,3,32.3,42.3,,run
2026-07-31T23:53:00+03:00,1785531180,404,76,3,32.3,41.7,,run
2026-07-31T23:53:05+03:00,1785531185,409,76,3,32.3,41.4,,run
2026-07-31T23:53:10+03:00,1785531190,414,76,3,32.3,41.1,,run
2026-07-31T23:53:15+03:00,1785531195,419,76,3,32.3,51.9,,run
2026-07-31T23:53:21+03:00,1785531201,425,76,3,32.3,45.7,,run
2026-07-31T23:53:26+03:00,1785531206,430,76,3,32.3,43.6,,run
2026-07-31T23:53:31+03:00,1785531211,435,76,3,32.3,43.6,,run
2026-07-31T23:53:36+03:00,1785531216,440,76,3,32.3,43.6,,run
2026-07-31T23:53:42+03:00,1785531222,446,76,3,32.3,43.9,,run
2026-07-31T23:53:47+03:00,1785531227,451,76,3,32.3,43.9,,run
2026-07-31T23:53:52+03:00,1785531232,456,76,3,32.3,42.9,,run
2026-07-31T23:53:57+03:00,1785531237,461,76,3,32.3,42.0,,run
2026-07-31T23:54:03+03:00,1785531243,467,76,3,32.3,42.3,,run
2026-07-31T23:54:08+03:00,1785531248,472,76,3,31.8,42.3,,run
2026-07-31T23:54:13+03:00,1785531253,477,76,3,31.8,43.6,,run
2026-07-31T23:54:18+03:00,1785531258,482,76,3,31.8,42.9,,run
2026-07-31T23:54:24+03:00,1785531264,488,76,3,31.8,42.0,,run
2026-07-31T23:54:29+03:00,1785531269,493,76,3,31.8,49.7,,run
2026-07-31T23:54:34+03:00,1785531274,498,76,3,31.8,48.2,,run
2026-07-31T23:54:39+03:00,1785531279,503,76,3,31.8,45.1,,run
2026-07-31T23:54:44+03:00,1785531284,508,76,3,31.8,42.6,,run
2026-07-31T23:54:50+03:00,1785531290,514,76,3,31.8,42.3,,run
2026-07-31T23:54:55+03:00,1785531295,519,76,3,31.8,40.5,,run
2026-07-31T23:55:00+03:00,1785531300,524,76,3,31.8,41.1,,run
2026-07-31T23:55:05+03:00,1785531305,529,76,3,31.8,41.1,,run
2026-07-31T23:55:11+03:00,1785531311,535,76,3,31.8,40.5,,run
2026-07-31T23:55:16+03:00,1785531316,540,76,3,31.8,42.6,,run
2026-07-31T23:55:21+03:00,1785531321,545,76,3,31.8,53.5,,run
2026-07-31T23:55:26+03:00,1785531326,550,76,3,31.8,45.4,,run
2026-07-31T23:55:32+03:00,1785531332,556,76,3,31.8,42.9,,run
2026-07-31T23:55:37+03:00,1785531337,561,76,3,31.9,44.8,,run
2026-07-31T23:55:42+03:00,1785531342,566,75,3,31.9,44.5,,run
2026-07-31T23:55:47+03:00,1785531347,571,75,3,31.9,45.7,,run
2026-07-31T23:55:53+03:00,1785531353,577,75,3,31.9,43.6,,run
2026-07-31T23:55:58+03:00,1785531358,582,75,3,31.9,43.2,,run
2026-07-31T23:56:03+03:00,1785531363,587,75,3,31.9,43.6,,run
2026-07-31T23:56:08+03:00,1785531368,592,75,3,31.9,43.9,,run
2026-07-31T23:56:14+03:00,1785531374,598,75,3,31.9,45.7,,run
2026-07-31T23:56:19+03:00,1785531379,603,75,3,31.9,43.2,,run
2026-07-31T23:56:24+03:00,1785531384,608,75,3,31.9,44.5,,run
2026-07-31T23:56:29+03:00,1785531389,613,75,3,31.9,42.6,,run
2026-07-31T23:56:34+03:00,1785531394,618,75,3,31.9,46.3,,run
2026-07-31T23:56:40+03:00,1785531400,624,75,3,31.9,48.5,,run
2026-07-31T23:56:45+03:00,1785531405,629,75,3,31.9,49.1,,run
2026-07-31T23:56:50+03:00,1785531410,634,75,3,31.9,44.5,,run
2026-07-31T23:56:55+03:00,1785531415,639,75,3,31.9,42.0,,run
2026-07-31T23:57:01+03:00,1785531421,645,75,3,31.9,41.1,,run
2026-07-31T23:57:06+03:00,1785531426,650,75,3,31.9,41.1,,run
2026-07-31T23:57:11+03:00,1785531431,655,75,3,31.9,43.9,,run
2026-07-31T23:57:16+03:00,1785531436,660,75,3,31.9,42.0,,run
2026-07-31T23:57:22+03:00,1785531442,666,75,3,31.9,44.2,,run
2026-07-31T23:57:27+03:00,1785531447,671,75,3,31.9,47.6,,run
2026-07-31T23:57:32+03:00,1785531452,676,75,3,31.9,43.6,,run
2026-07-31T23:57:37+03:00,1785531457,681,75,3,31.9,42.0,,run
2026-07-31T23:57:43+03:00,1785531463,687,75,3,31.9,41.4,,run
2026-07-31T23:57:48+03:00,1785531468,692,75,3,31.9,43.6,,run
2026-07-31T23:57:53+03:00,1785531473,697,75,3,31.9,43.6,,run
2026-07-31T23:57:58+03:00,1785531478,702,75,3,31.9,42.3,,run
2026-07-31T23:58:04+03:00,1785531484,708,75,3,31.9,42.3,,run
2026-07-31T23:58:09+03:00,1785531489,713,75,3,31.9,42.0,,run
2026-07-31T23:58:14+03:00,1785531494,718,75,3,31.9,42.9,,run
2026-07-31T23:58:19+03:00,1785531499,723,75,3,31.9,43.2,,run
2026-07-31T23:58:24+03:00,1785531504,728,75,3,31.9,43.2,,run
2026-07-31T23:58:30+03:00,1785531510,734,75,3,31.9,41.4,,run
2026-07-31T23:58:35+03:00,1785531515,739,75,3,31.9,42.3,,run
2026-07-31T23:58:40+03:00,1785531520,744,75,3,31.9,51.9,,run
2026-07-31T23:58:46+03:00,1785531526,750,75,3,31.9,43.9,,run
2026-07-31T23:58:51+03:00,1785531531,755,75,3,31.9,43.6,,run
2026-07-31T23:58:56+03:00,1785531536,760,75,3,31.9,42.0,,run
2026-07-31T23:59:01+03:00,1785531541,765,75,3,31.9,40.8,,run
2026-07-31T23:59:07+03:00,1785531547,771,75,3,31.9,41.1,,run
2026-07-31T23:59:12+03:00,1785531552,776,75,3,31.9,40.5,,run
2026-07-31T23:59:17+03:00,1785531557,781,75,3,31.9,41.7,,run
2026-07-31T23:59:22+03:00,1785531562,786,75,3,31.9,42.0,,run
2026-07-31T23:59:28+03:00,1785531568,792,75,3,31.9,53.1,,run
2026-07-31T23:59:33+03:00,1785531573,797,75,3,31.9,43.2,,run
2026-07-31T23:59:38+03:00,1785531578,802,75,3,31.9,42.0,,run
2026-07-31T23:59:43+03:00,1785531583,807,75,3,31.9,41.7,,run
2026-07-31T23:59:49+03:00,1785531589,813,75,3,31.9,41.1,,run
2026-07-31T23:59:54+03:00,1785531594,818,75,3,31.9,41.7,,run
2026-07-31T23:59:59+03:00,1785531599,823,75,3,31.9,42.3,,run
2026-08-01T00:00:04+03:00,1785531604,828,75,3,31.9,45.4,,run
2026-08-01T00:00:10+03:00,1785531610,834,75,3,31.9,41.7,,run
2026-08-01T00:00:15+03:00,1785531615,839,75,3,31.9,41.1,,run
2026-08-01T00:00:20+03:00,1785531620,844,75,3,31.9,41.1,,run
2026-08-01T00:00:25+03:00,1785531625,849,75,3,31.9,42.9,,run
2026-08-01T00:00:31+03:00,1785531631,855,75,3,31.9,42.3,,run
2026-08-01T00:00:36+03:00,1785531636,860,75,3,31.9,40.8,,run
2026-08-01T00:00:41+03:00,1785531641,865,75,3,31.9,46.3,,run
2026-08-01T00:00:46+03:00,1785531646,870,75,3,31.9,52.5,,run
2026-08-01T00:00:52+03:00,1785531652,876,75,3,31.9,45.1,,run
2026-08-01T00:00:57+03:00,1785531657,881,75,3,31.9,42.0,,run
2026-08-01T00:01:02+03:00,1785531662,886,75,3,31.9,41.7,,run
2026-08-01T00:01:07+03:00,1785531667,891,75,3,31.9,41.1,,run
2026-08-01T00:01:12+03:00,1785531672,896,75,3,31.9,40.8,,run
2026-08-01T00:01:18+03:00,1785531678,902,75,3,31.9,40.2,,run
2026-08-01T00:01:23+03:00,1785531683,907,75,3,31.9,40.5,,run
2026-08-01T00:01:28+03:00,1785531688,912,75,3,31.9,45.1,,run
2026-08-01T00:01:33+03:00,1785531693,917,75,3,31.9,45.7,,run
2026-08-01T00:01:39+03:00,1785531699,923,75,3,31.9,42.6,,run
2026-08-01T00:01:44+03:00,1785531704,928,75,3,31.9,41.1,,run
2026-08-01T00:01:49+03:00,1785531709,933,75,3,31.9,41.7,,run
2026-08-01T00:01:54+03:00,1785531714,938,75,3,31.9,41.4,,run
2026-08-01T00:02:00+03:00,1785531720,944,75,3,31.9,41.4,,run
2026-08-01T00:02:05+03:00,1785531725,949,75,3,31.9,43.2,,run
2026-08-01T00:02:10+03:00,1785531730,954,75,3,31.9,41.1,,run
2026-08-01T00:02:15+03:00,1785531735,959,75,3,31.9,41.7,,run
2026-08-01T00:02:21+03:00,1785531741,965,75,3,31.9,40.5,,run
2026-08-01T00:02:26+03:00,1785531746,970,75,3,31.9,41.1,,run
2026-08-01T00:02:31+03:00,1785531751,975,75,3,31.9,41.7,,run
2026-08-01T00:02:36+03:00,1785531756,980,75,3,31.9,42.3,,run
2026-08-01T00:02:41+03:00,1785531761,985,75,3,31.9,41.1,,run
2026-08-01T00:02:47+03:00,1785531767,991,75,3,31.9,49.4,,run
2026-08-01T00:02:52+03:00,1785531772,996,75,3,31.9,44.5,,run
2026-08-01T00:02:58+03:00,1785531778,1002,75,3,31.9,44.2,,run
2026-08-01T00:03:03+03:00,1785531783,1007,75,3,31.9,42.9,,run
2026-08-01T00:03:08+03:00,1785531788,1012,75,3,31.9,41.7,,run
2026-08-01T00:03:13+03:00,1785531793,1017,75,3,31.9,40.5,,run
2026-08-01T00:03:18+03:00,1785531798,1022,75,3,31.9,41.7,,run
2026-08-01T00:03:24+03:00,1785531804,1028,75,3,31.9,41.1,,run
2026-08-01T00:03:29+03:00,1785531809,1033,75,3,31.9,39.8,,run
2026-08-01T00:03:34+03:00,1785531814,1038,75,3,31.9,51.3,,run
2026-08-01T00:03:40+03:00,1785531820,1044,75,3,31.9,45.1,,run
2026-08-01T00:03:45+03:00,1785531825,1049,75,3,31.9,42.3,,run
2026-08-01T00:03:50+03:00,1785531830,1054,75,3,31.9,42.9,,run
2026-08-01T00:03:55+03:00,1785531835,1059,75,3,31.9,45.1,,run
2026-08-01T00:04:01+03:00,1785531841,1065,75,3,31.9,43.9,,run
2026-08-01T00:04:06+03:00,1785531846,1070,75,3,31.5,43.2,,run
2026-08-01T00:04:11+03:00,1785531851,1075,75,3,31.5,42.6,,run
2026-08-01T00:04:16+03:00,1785531856,1080,75,3,31.5,41.1,,run
2026-08-01T00:04:22+03:00,1785531862,1086,75,3,31.5,42.9,,run
2026-08-01T00:04:27+03:00,1785531867,1091,75,3,31.5,42.9,,run
2026-08-01T00:04:32+03:00,1785531872,1096,75,3,31.5,44.5,,run
2026-08-01T00:04:37+03:00,1785531877,1101,75,3,31.5,42.0,,run
2026-08-01T00:04:43+03:00,1785531883,1107,75,3,31.5,42.3,,run
2026-08-01T00:04:48+03:00,1785531888,1112,75,3,31.5,42.0,,run
2026-08-01T00:04:53+03:00,1785531893,1117,75,3,31.5,52.5,,run
2026-08-01T00:04:59+03:00,1785531899,1123,75,3,31.5,43.2,,run
2026-08-01T00:05:04+03:00,1785531904,1128,75,3,31.5,41.7,,run
2026-08-01T00:05:09+03:00,1785531909,1133,75,3,31.5,40.5,,run
2026-08-01T00:05:14+03:00,1785531914,1138,75,3,31.5,40.8,,run
2026-08-01T00:05:20+03:00,1785531920,1144,75,3,31.5,39.8,,run
2026-08-01T00:05:25+03:00,1785531925,1149,75,3,31.5,41.7,,run
2026-08-01T00:05:30+03:00,1785531930,1154,75,3,31.5,41.1,,run
2026-08-01T00:05:35+03:00,1785531935,1159,75,3,31.5,40.5,,run
2026-08-01T00:05:41+03:00,1785531941,1165,75,3,31.5,52.2,,run
2026-08-01T00:05:46+03:00,1785531946,1170,75,3,31.5,43.2,,run
2026-08-01T00:05:51+03:00,1785531951,1175,75,3,31.5,42.0,,run
2026-08-01T00:05:56+03:00,1785531956,1180,75,3,31.5,40.2,,run
2026-08-01T00:06:02+03:00,1785531962,1186,75,3,31.5,43.9,,run
2026-08-01T00:06:07+03:00,1785531967,1191,75,3,31.5,41.7,,run
2026-08-01T00:06:12+03:00,1785531972,1196,75,3,31.5,40.8,,run
2026-08-01T00:06:17+03:00,1785531977,1201,75,3,31.5,41.1,,run
2026-08-01T00:06:23+03:00,1785531983,1207,75,3,31.5,41.4,,run
2026-08-01T00:06:28+03:00,1785531988,1212,75,3,31.5,41.1,,run
2026-08-01T00:06:33+03:00,1785531993,1217,75,3,31.5,41.7,,run
2026-08-01T00:06:38+03:00,1785531998,1222,75,3,31.5,40.8,,run
2026-08-01T00:06:44+03:00,1785532004,1228,75,3,31.5,40.2,,run
2026-08-01T00:06:49+03:00,1785532009,1233,75,3,31.5,39.5,,run
2026-08-01T00:06:54+03:00,1785532014,1238,75,3,31.5,45.7,,run
2026-08-01T00:06:59+03:00,1785532019,1243,75,3,31.5,50.4,,run
2026-08-01T00:07:04+03:00,1785532024,1248,75,3,31.5,46.7,,run
2026-08-01T00:07:10+03:00,1785532030,1254,75,3,31.5,40.8,,run
2026-08-01T00:07:15+03:00,1785532035,1259,75,3,31.5,41.7,,run
2026-08-01T00:07:20+03:00,1785532040,1264,75,3,31.5,40.5,,run
2026-08-01T00:07:25+03:00,1785532045,1269,75,3,31.5,40.8,,run
2026-08-01T00:07:31+03:00,1785532051,1275,75,3,31.5,42.3,,run
2026-08-01T00:07:36+03:00,1785532056,1280,75,3,31.5,40.2,,run
2026-08-01T00:07:41+03:00,1785532061,1285,75,3,31.5,53.5,,run
2026-08-01T00:07:46+03:00,1785532066,1290,75,3,31.5,42.6,,run
2026-08-01T00:07:52+03:00,1785532072,1296,75,3,31.5,42.0,,run
2026-08-01T00:07:57+03:00,1785532077,1301,75,3,31.5,40.5,,run
2026-08-01T00:08:02+03:00,1785532082,1306,75,3,31.5,40.5,,run
2026-08-01T00:08:07+03:00,1785532087,1311,75,3,31.5,42.9,,run
2026-08-01T00:08:12+03:00,1785532092,1316,75,3,31.5,40.8,,run
2026-08-01T00:08:18+03:00,1785532098,1322,75,3,31.5,41.4,,run
2026-08-01T00:08:23+03:00,1785532103,1327,75,3,31.5,40.2,,run
2026-08-01T00:08:28+03:00,1785532108,1332,75,3,31.5,40.8,,run
2026-08-01T00:08:33+03:00,1785532113,1337,75,3,31.5,41.7,,run
2026-08-01T00:08:39+03:00,1785532119,1343,75,3,31.5,41.1,,run
2026-08-01T00:08:44+03:00,1785532124,1348,75,3,31.4,41.7,,run
2026-08-01T00:08:49+03:00,1785532129,1353,75,3,31.4,41.4,,run
2026-08-01T00:08:54+03:00,1785532134,1358,75,3,31.4,46.7,,run
2026-08-01T00:08:59+03:00,1785532139,1363,75,3,31.4,46.3,,run
2026-08-01T00:09:05+03:00,1785532145,1369,75,3,31.4,44.2,,run
2026-08-01T00:09:10+03:00,1785532150,1374,75,3,31.4,42.6,,run
2026-08-01T00:09:15+03:00,1785532155,1379,75,3,31.4,41.4,,run
2026-08-01T00:09:20+03:00,1785532160,1384,75,3,31.4,40.5,,run
2026-08-01T00:09:26+03:00,1785532166,1390,75,3,31.4,39.5,,run
2026-08-01T00:09:31+03:00,1785532171,1395,75,3,31.4,40.2,,run
2026-08-01T00:09:36+03:00,1785532176,1400,74,3,31.5,40.2,,run
2026-08-01T00:09:41+03:00,1785532181,1405,74,3,31.5,52.8,,run
2026-08-01T00:09:47+03:00,1785532187,1411,74,3,31.5,43.9,,run
2026-08-01T00:09:52+03:00,1785532192,1416,74,3,31.5,43.2,,run
2026-08-01T00:09:57+03:00,1785532197,1421,74,3,31.5,42.6,,run
2026-08-01T00:10:02+03:00,1785532202,1426,74,3,31.5,42.6,,run
2026-08-01T00:10:07+03:00,1785532207,1431,74,3,31.5,41.1,,run
2026-08-01T00:10:13+03:00,1785532213,1437,74,3,31.5,41.1,,run
2026-08-01T00:10:18+03:00,1785532218,1442,74,3,31.5,42.6,,run
2026-08-01T00:10:23+03:00,1785532223,1447,74,3,31.5,44.8,,run
2026-08-01T00:10:28+03:00,1785532228,1452,74,3,31.5,41.4,,run
2026-08-01T00:10:34+03:00,1785532234,1458,74,3,31.5,41.4,,run
2026-08-01T00:10:39+03:00,1785532239,1463,74,3,31.5,40.8,,run
2026-08-01T00:10:44+03:00,1785532244,1468,74,3,31.5,41.7,,run
2026-08-01T00:10:49+03:00,1785532249,1473,74,3,31.5,42.6,,run
2026-08-01T00:10:54+03:00,1785532254,1478,74,3,31.5,45.1,,run
2026-08-01T00:11:00+03:00,1785532260,1484,74,3,31.5,44.8,,run
2026-08-01T00:11:05+03:00,1785532265,1489,74,3,31.5,42.6,,run
2026-08-01T00:11:10+03:00,1785532270,1494,74,3,31.5,41.7,,run
2026-08-01T00:11:15+03:00,1785532275,1499,74,3,31.5,41.1,,run
2026-08-01T00:11:21+03:00,1785532281,1505,74,3,31.5,52.5,,run
2026-08-01T00:11:26+03:00,1785532286,1510,74,3,31.5,47.0,,run
2026-08-01T00:11:31+03:00,1785532291,1515,74,3,31.5,41.7,,run
2026-08-01T00:11:37+03:00,1785532297,1521,74,3,31.5,42.0,,run
2026-08-01T00:11:42+03:00,1785532302,1526,74,3,31.5,40.8,,run
2026-08-01T00:11:47+03:00,1785532307,1531,74,3,31.5,40.5,,run
2026-08-01T00:11:52+03:00,1785532312,1536,74,3,31.5,40.5,,run
2026-08-01T00:11:58+03:00,1785532318,1542,74,3,31.5,41.7,,run
2026-08-01T00:12:03+03:00,1785532323,1547,74,3,31.5,40.8,,run
2026-08-01T00:12:08+03:00,1785532328,1552,74,3,31.5,42.0,,run
2026-08-01T00:12:13+03:00,1785532333,1557,74,3,31.5,40.8,,run
2026-08-01T00:12:18+03:00,1785532338,1562,74,3,31.5,40.8,,run
2026-08-01T00:12:24+03:00,1785532344,1568,74,3,31.5,40.2,,run
2026-08-01T00:12:29+03:00,1785532349,1573,74,3,31.5,40.5,,run
2026-08-01T00:12:34+03:00,1785532354,1578,74,3,31.5,41.7,,run
2026-08-01T00:12:39+03:00,1785532359,1583,74,3,31.5,51.9,,run
2026-08-01T00:12:45+03:00,1785532365,1589,74,3,31.5,46.3,,run
2026-08-01T00:12:50+03:00,1785532370,1594,74,3,31.5,41.7,,run
2026-08-01T00:12:55+03:00,1785532375,1599,74,3,31.5,40.5,,run
2026-08-01T00:13:01+03:00,1785532381,1605,74,3,31.5,39.8,,run
2026-08-01T00:13:06+03:00,1785532386,1610,74,3,31.5,41.1,,run
2026-08-01T00:13:11+03:00,1785532391,1615,74,3,31.5,40.5,,run
2026-08-01T00:13:16+03:00,1785532396,1620,74,3,31.5,41.1,,run
2026-08-01T00:13:22+03:00,1785532402,1626,74,3,31.5,52.2,,run
2026-08-01T00:13:27+03:00,1785532407,1631,74,3,31.5,43.9,,run
2026-08-01T00:13:32+03:00,1785532412,1636,74,3,31.5,42.9,,run
2026-08-01T00:13:37+03:00,1785532417,1641,74,3,31.5,42.3,,run
2026-08-01T00:13:43+03:00,1785532423,1647,74,3,31.5,43.6,,run
2026-08-01T00:13:48+03:00,1785532428,1652,74,3,31.5,42.6,,run
2026-08-01T00:13:53+03:00,1785532433,1657,74,3,31.5,44.5,,run
2026-08-01T00:13:58+03:00,1785532438,1662,74,3,31.5,41.7,,run
2026-08-01T00:14:04+03:00,1785532444,1668,74,3,31.5,41.1,,run
2026-08-01T00:14:09+03:00,1785532449,1673,74,3,31.6,41.4,,run
2026-08-01T00:14:14+03:00,1785532454,1678,74,3,31.6,44.2,,run
2026-08-01T00:14:19+03:00,1785532459,1683,74,3,31.6,43.9,,run
2026-08-01T00:14:24+03:00,1785532464,1688,74,3,31.6,42.3,,run
2026-08-01T00:14:30+03:00,1785532470,1694,74,3,31.6,43.9,,run
2026-08-01T00:14:35+03:00,1785532475,1699,74,3,31.6,51.3,,run
2026-08-01T00:14:40+03:00,1785532480,1704,74,3,31.6,48.8,,run
2026-08-01T00:14:45+03:00,1785532485,1709,74,3,31.6,46.7,,run
2026-08-01T00:14:51+03:00,1785532491,1715,74,3,31.6,42.6,,run
2026-08-01T00:14:56+03:00,1785532496,1720,74,3,31.6,41.4,,run
2026-08-01T00:15:01+03:00,1785532501,1725,74,3,31.6,40.5,,run
2026-08-01T00:15:06+03:00,1785532506,1730,74,3,31.6,41.1,,run
2026-08-01T00:15:12+03:00,1785532512,1736,74,3,31.6,41.1,,run
2026-08-01T00:15:17+03:00,1785532517,1741,74,3,31.6,42.6,,run
2026-08-01T00:15:22+03:00,1785532522,1746,74,3,31.6,52.5,,run
2026-08-01T00:15:27+03:00,1785532527,1751,74,3,31.6,42.6,,run
2026-08-01T00:15:32+03:00,1785532532,1756,74,3,31.6,42.0,,run
2026-08-01T00:15:38+03:00,1785532538,1762,74,3,31.6,42.0,,run
2026-08-01T00:15:43+03:00,1785532543,1767,74,3,31.6,41.7,,run
2026-08-01T00:15:48+03:00,1785532548,1772,74,3,31.6,41.7,,run
2026-08-01T00:15:53+03:00,1785532553,1777,74,3,31.6,42.0,,run
2026-08-01T00:15:59+03:00,1785532559,1783,74,3,31.6,41.7,,run
2026-08-01T00:16:04+03:00,1785532564,1788,74,3,31.6,40.2,,run
2026-08-01T00:16:09+03:00,1785532569,1793,74,3,31.6,40.5,,run
2026-08-01T00:16:14+03:00,1785532574,1798,74,3,31.6,40.2,,run
2026-08-01T00:16:19+03:00,1785532579,1803,74,3,31.6,44.2,,run
2026-08-01T00:16:25+03:00,1785532585,1809,74,3,31.6,41.4,,run
2026-08-01T00:16:30+03:00,1785532590,1814,74,3,31.6,41.4,,run
2026-08-01T00:16:35+03:00,1785532595,1819,74,3,31.6,48.8,,run
2026-08-01T00:16:40+03:00,1785532600,1824,74,3,31.6,47.0,,run
2026-08-01T00:16:46+03:00,1785532606,1830,74,3,31.6,43.2,,run
2026-08-01T00:16:51+03:00,1785532611,1835,74,3,31.6,42.3,,run
2026-08-01T00:16:56+03:00,1785532616,1840,74,3,31.6,41.1,,run
2026-08-01T00:17:01+03:00,1785532621,1845,74,3,31.6,41.4,,run
2026-08-01T00:17:06+03:00,1785532626,1850,74,3,31.6,40.5,,run
2026-08-01T00:17:12+03:00,1785532632,1856,74,3,31.6,40.8,,run
2026-08-01T00:17:17+03:00,1785532637,1861,74,3,31.6,40.2,,run
2026-08-01T00:17:22+03:00,1785532642,1866,74,3,31.6,52.5,,run
2026-08-01T00:17:27+03:00,1785532647,1871,74,3,31.6,42.9,,run
2026-08-01T00:17:33+03:00,1785532653,1877,74,3,31.6,41.7,,run
2026-08-01T00:17:38+03:00,1785532658,1882,74,3,31.6,43.9,,run
2026-08-01T00:17:43+03:00,1785532663,1887,74,3,31.6,42.0,,run
2026-08-01T00:17:48+03:00,1785532668,1892,74,3,31.6,42.0,,run
2026-08-01T00:17:54+03:00,1785532674,1898,74,3,31.6,40.8,,run
2026-08-01T00:17:59+03:00,1785532679,1903,74,3,31.6,40.5,,run
2026-08-01T00:18:04+03:00,1785532684,1908,74,3,31.6,42.0,,run
2026-08-01T00:18:09+03:00,1785532689,1913,74,3,31.6,41.4,,run
2026-08-01T00:18:14+03:00,1785532694,1918,74,3,31.6,41.4,,run
2026-08-01T00:18:20+03:00,1785532700,1924,74,3,31.6,41.7,,run
2026-08-01T00:18:25+03:00,1785532705,1929,74,3,31.6,41.4,,run
2026-08-01T00:18:30+03:00,1785532710,1934,74,3,31.6,40.5,,run
2026-08-01T00:18:35+03:00,1785532715,1939,74,3,31.6,49.7,,run
2026-08-01T00:18:41+03:00,1785532721,1945,74,3,31.6,46.7,,run
2026-08-01T00:18:46+03:00,1785532726,1950,74,3,31.6,42.9,,run
2026-08-01T00:18:51+03:00,1785532731,1955,74,3,31.6,42.0,,run
2026-08-01T00:18:56+03:00,1785532736,1960,74,3,31.6,41.4,,run
2026-08-01T00:19:01+03:00,1785532741,1965,74,3,31.6,40.2,,run
2026-08-01T00:19:07+03:00,1785532747,1971,74,3,31.6,39.5,,run
2026-08-01T00:19:12+03:00,1785532752,1976,74,3,31.6,40.8,,run
2026-08-01T00:19:17+03:00,1785532757,1981,74,3,31.6,40.2,,run
2026-08-01T00:19:22+03:00,1785532762,1986,74,3,31.6,51.6,,run
2026-08-01T00:19:28+03:00,1785532768,1992,74,3,31.6,46.3,,run
2026-08-01T00:19:34+03:00,1785532774,1998,74,3,31.6,43.6,,run
2026-08-01T00:19:39+03:00,1785532779,2003,74,3,31.6,42.3,,run
2026-08-01T00:19:44+03:00,1785532784,2008,74,3,31.6,44.8,,run
2026-08-01T00:19:49+03:00,1785532789,2013,74,3,31.6,44.5,,run
2026-08-01T00:19:54+03:00,1785532794,2018,74,3,31.6,44.8,,run
2026-08-01T00:20:00+03:00,1785532800,2024,74,3,31.6,44.8,,run
2026-08-01T00:20:05+03:00,1785532805,2029,74,3,31.6,42.3,,run
2026-08-01T00:20:10+03:00,1785532810,2034,74,3,31.6,44.8,,run
2026-08-01T00:20:15+03:00,1785532815,2039,74,3,31.6,44.2,,run
2026-08-01T00:20:21+03:00,1785532821,2045,74,3,31.6,43.2,,run
2026-08-01T00:20:26+03:00,1785532826,2050,74,3,31.6,44.8,,run
2026-08-01T00:20:31+03:00,1785532831,2055,74,3,31.6,42.6,,run
2026-08-01T00:20:36+03:00,1785532836,2060,74,3,31.6,49.1,,run
2026-08-01T00:20:42+03:00,1785532842,2066,74,3,31.6,53.5,,run
2026-08-01T00:20:47+03:00,1785532847,2071,74,3,31.6,46.3,,run
2026-08-01T00:20:52+03:00,1785532852,2076,74,3,31.6,42.6,,run
2026-08-01T00:20:57+03:00,1785532857,2081,74,3,31.6,42.6,,run
2026-08-01T00:21:03+03:00,1785532863,2087,74,3,31.6,40.5,,run
2026-08-01T00:21:08+03:00,1785532868,2092,74,3,31.6,40.8,,run
2026-08-01T00:21:13+03:00,1785532873,2097,74,3,31.6,40.8,,run
2026-08-01T00:21:18+03:00,1785532878,2102,73,3,31.9,42.0,,run
2026-08-01T00:21:24+03:00,1785532884,2108,73,3,31.9,40.2,,run
2026-08-01T00:21:29+03:00,1785532889,2113,73,3,31.9,43.9,,run
2026-08-01T00:21:34+03:00,1785532894,2118,73,3,31.9,45.7,,run
2026-08-01T00:21:40+03:00,1785532900,2124,73,3,31.9,42.0,,run
2026-08-01T00:21:45+03:00,1785532905,2129,73,3,31.9,40.8,,run
2026-08-01T00:21:50+03:00,1785532910,2134,73,3,31.9,43.6,,run
2026-08-01T00:21:55+03:00,1785532915,2139,73,3,31.9,42.3,,run
2026-08-01T00:22:00+03:00,1785532920,2144,73,3,31.9,42.0,,run
2026-08-01T00:22:06+03:00,1785532926,2150,73,3,31.9,41.7,,run
2026-08-01T00:22:11+03:00,1785532931,2155,73,3,31.9,41.1,,run
2026-08-01T00:22:16+03:00,1785532936,2160,73,3,31.9,41.4,,run
2026-08-01T00:22:21+03:00,1785532941,2165,73,3,31.9,42.6,,run
2026-08-01T00:22:27+03:00,1785532947,2171,73,3,31.9,41.1,,run
2026-08-01T00:22:32+03:00,1785532952,2176,73,3,31.9,41.7,,run
2026-08-01T00:22:37+03:00,1785532957,2181,73,3,31.9,40.8,,run
2026-08-01T00:22:42+03:00,1785532962,2186,73,3,31.7,40.2,,run
2026-08-01T00:22:48+03:00,1785532968,2192,73,3,31.7,50.4,,run
2026-08-01T00:22:53+03:00,1785532973,2197,73,3,31.7,43.9,,run
2026-08-01T00:22:58+03:00,1785532978,2202,73,3,31.7,46.7,,run
2026-08-01T00:23:04+03:00,1785532984,2208,73,3,31.7,41.1,,run
2026-08-01T00:23:09+03:00,1785532989,2213,73,3,31.7,41.1,,run
2026-08-01T00:23:14+03:00,1785532994,2218,73,3,31.7,40.2,,run
2026-08-01T00:23:19+03:00,1785532999,2223,73,3,31.7,41.1,,run
2026-08-01T00:23:25+03:00,1785533005,2229,73,3,31.7,41.7,,run
2026-08-01T00:23:30+03:00,1785533010,2234,73,3,31.7,41.4,,run
2026-08-01T00:23:35+03:00,1785533015,2239,73,3,31.7,41.4,,run
2026-08-01T00:23:40+03:00,1785533020,2244,73,3,31.7,52.2,,run
2026-08-01T00:23:46+03:00,1785533026,2250,73,3,31.7,44.2,,run
2026-08-01T00:23:51+03:00,1785533031,2255,73,3,31.7,41.7,,run
2026-08-01T00:23:56+03:00,1785533036,2260,73,3,31.7,45.4,,run
2026-08-01T00:24:01+03:00,1785533041,2265,73,3,31.7,42.9,,run
2026-08-01T00:24:07+03:00,1785533047,2271,73,3,31.8,44.8,,run
2026-08-01T00:24:12+03:00,1785533052,2276,73,3,31.8,42.9,,run
2026-08-01T00:24:17+03:00,1785533057,2281,73,3,31.8,41.7,,run
2026-08-01T00:24:22+03:00,1785533062,2286,73,3,31.8,42.6,,run
2026-08-01T00:24:27+03:00,1785533067,2291,73,3,31.8,42.6,,run
2026-08-01T00:24:33+03:00,1785533073,2297,73,3,31.8,43.6,,run
2026-08-01T00:24:38+03:00,1785533078,2302,73,3,31.8,42.3,,run
2026-08-01T00:24:43+03:00,1785533083,2307,73,3,31.8,41.7,,run
2026-08-01T00:24:48+03:00,1785533088,2312,73,3,31.8,42.6,,run
2026-08-01T00:24:54+03:00,1785533094,2318,73,3,31.8,49.4,,run
2026-08-01T00:24:59+03:00,1785533099,2323,73,3,31.8,53.5,,run
2026-08-01T00:25:04+03:00,1785533104,2328,73,3,31.8,48.2,,run
2026-08-01T00:25:09+03:00,1785533109,2333,73,3,31.8,41.7,,run
2026-08-01T00:25:15+03:00,1785533115,2339,73,3,31.8,40.8,,run
2026-08-01T00:25:20+03:00,1785533120,2344,73,3,31.8,40.8,,run
2026-08-01T00:25:25+03:00,1785533125,2349,73,3,31.8,40.5,,run
2026-08-01T00:25:30+03:00,1785533130,2354,73,3,31.8,42.6,,run
2026-08-01T00:25:36+03:00,1785533136,2360,73,3,31.8,41.4,,run
2026-08-01T00:25:41+03:00,1785533141,2365,73,3,31.8,48.8,,run
2026-08-01T00:25:46+03:00,1785533146,2370,73,3,31.8,44.5,,run
2026-08-01T00:25:52+03:00,1785533152,2376,73,3,31.8,42.6,,run
2026-08-01T00:25:57+03:00,1785533157,2381,73,3,31.8,41.4,,run
2026-08-01T00:26:02+03:00,1785533162,2386,73,3,31.8,42.3,,run
2026-08-01T00:26:07+03:00,1785533167,2391,73,3,31.8,41.7,,run
2026-08-01T00:26:12+03:00,1785533172,2396,73,3,31.8,41.7,,run
2026-08-01T00:26:18+03:00,1785533178,2402,73,3,31.8,41.1,,run
2026-08-01T00:26:23+03:00,1785533183,2407,73,3,31.8,41.4,,run
2026-08-01T00:26:28+03:00,1785533188,2412,73,3,31.8,41.7,,run
2026-08-01T00:26:33+03:00,1785533193,2417,73,3,31.8,42.6,,run
2026-08-01T00:26:39+03:00,1785533199,2423,73,3,31.8,41.1,,run
2026-08-01T00:26:44+03:00,1785533204,2428,73,3,31.8,41.1,,run
2026-08-01T00:26:49+03:00,1785533209,2433,73,3,31.8,42.0,,run
2026-08-01T00:26:54+03:00,1785533214,2438,73,3,31.8,41.1,,run
2026-08-01T00:26:59+03:00,1785533219,2443,73,3,31.8,52.2,,run
2026-08-01T00:27:05+03:00,1785533225,2449,73,3,31.8,43.9,,run
2026-08-01T00:27:10+03:00,1785533230,2454,73,3,31.8,41.7,,run
2026-08-01T00:27:16+03:00,1785533236,2460,73,3,31.8,43.6,,run
2026-08-01T00:27:21+03:00,1785533241,2465,73,3,31.8,41.1,,run
2026-08-01T00:27:26+03:00,1785533246,2470,73,3,31.8,41.4,,run
2026-08-01T00:27:31+03:00,1785533251,2475,73,3,31.8,43.2,,run
2026-08-01T00:27:36+03:00,1785533256,2480,73,3,31.8,41.7,,run
2026-08-01T00:27:42+03:00,1785533262,2486,73,3,31.8,44.2,,run
2026-08-01T00:27:47+03:00,1785533267,2491,73,3,31.8,45.4,,run
2026-08-01T00:27:52+03:00,1785533272,2496,73,3,31.8,42.0,,run
2026-08-01T00:27:57+03:00,1785533277,2501,73,3,31.8,42.0,,run
2026-08-01T00:28:03+03:00,1785533283,2507,73,3,31.8,41.4,,run
2026-08-01T00:28:08+03:00,1785533288,2512,73,3,31.8,43.6,,run
2026-08-01T00:28:13+03:00,1785533293,2517,73,3,31.8,41.7,,run
2026-08-01T00:28:18+03:00,1785533298,2522,73,3,31.8,42.3,,run
2026-08-01T00:28:24+03:00,1785533304,2528,73,3,31.8,41.7,,run
2026-08-01T00:28:29+03:00,1785533309,2533,73,3,31.8,40.8,,run
2026-08-01T00:28:34+03:00,1785533314,2538,73,3,31.8,41.1,,run
2026-08-01T00:28:39+03:00,1785533319,2543,73,3,31.8,42.9,,run
2026-08-01T00:28:44+03:00,1785533324,2548,73,3,31.8,41.4,,run
2026-08-01T00:28:50+03:00,1785533330,2554,73,3,31.8,40.8,,run
2026-08-01T00:28:55+03:00,1785533335,2559,73,3,31.8,40.8,,run
2026-08-01T00:29:00+03:00,1785533340,2564,73,3,31.8,52.2,,run
2026-08-01T00:29:06+03:00,1785533346,2570,73,3,31.8,43.2,,run
2026-08-01T00:29:11+03:00,1785533351,2575,73,3,31.8,43.2,,run
2026-08-01T00:29:16+03:00,1785533356,2580,73,3,31.8,43.2,,run
2026-08-01T00:29:21+03:00,1785533361,2585,73,3,31.8,41.1,,run
2026-08-01T00:29:27+03:00,1785533367,2591,73,3,31.8,40.2,,run
2026-08-01T00:29:32+03:00,1785533372,2596,73,3,31.8,41.1,,run
2026-08-01T00:29:37+03:00,1785533377,2601,73,3,31.8,40.5,,run
2026-08-01T00:29:42+03:00,1785533382,2606,73,3,31.8,44.2,,run
2026-08-01T00:29:48+03:00,1785533388,2612,73,3,31.8,50.4,,run
2026-08-01T00:29:53+03:00,1785533393,2617,73,3,31.8,44.8,,run
2026-08-01T00:29:58+03:00,1785533398,2622,73,3,31.8,41.4,,run
2026-08-01T00:30:03+03:00,1785533403,2627,73,3,31.8,41.1,,run
2026-08-01T00:30:09+03:00,1785533409,2633,73,3,31.8,41.1,,run
2026-08-01T00:30:14+03:00,1785533414,2638,73,3,31.8,40.8,,run
2026-08-01T00:30:19+03:00,1785533419,2643,73,3,31.8,42.0,,run
2026-08-01T00:30:24+03:00,1785533424,2648,73,3,31.8,41.7,,run
2026-08-01T00:30:29+03:00,1785533429,2653,73,3,31.8,41.1,,run
2026-08-01T00:30:35+03:00,1785533435,2659,73,3,31.8,40.5,,run
2026-08-01T00:30:40+03:00,1785533440,2664,73,3,31.8,40.8,,run
2026-08-01T00:30:45+03:00,1785533445,2669,73,3,31.8,40.8,,run
2026-08-01T00:30:50+03:00,1785533450,2674,73,3,31.8,43.6,,run
2026-08-01T00:30:56+03:00,1785533456,2680,73,3,31.8,41.1,,run
2026-08-01T00:31:01+03:00,1785533461,2685,73,3,31.8,46.7,,run
2026-08-01T00:31:06+03:00,1785533466,2690,73,3,31.8,44.5,,run
2026-08-01T00:31:12+03:00,1785533472,2696,73,3,31.8,43.6,,run
2026-08-01T00:31:17+03:00,1785533477,2701,73,3,31.8,41.7,,run
2026-08-01T00:31:22+03:00,1785533482,2706,73,3,31.8,42.6,,run
2026-08-01T00:31:27+03:00,1785533487,2711,73,3,31.8,40.5,,run
2026-08-01T00:31:32+03:00,1785533492,2716,73,3,31.8,42.3,,run
2026-08-01T00:31:38+03:00,1785533498,2722,73,3,31.8,40.5,,run
2026-08-01T00:31:43+03:00,1785533503,2727,73,3,31.8,41.1,,run
2026-08-01T00:31:48+03:00,1785533508,2732,73,3,31.8,52.2,,run
2026-08-01T00:31:54+03:00,1785533514,2738,73,3,31.8,44.8,,run
2026-08-01T00:31:59+03:00,1785533519,2743,72,3,31.8,43.6,,run
2026-08-01T00:32:04+03:00,1785533524,2748,72,3,31.8,41.4,,run
2026-08-01T00:32:10+03:00,1785533530,2754,72,3,31.8,40.8,,run
2026-08-01T00:32:15+03:00,1785533535,2759,72,3,31.8,40.8,,run
2026-08-01T00:32:20+03:00,1785533540,2764,72,3,31.8,42.0,,run
2026-08-01T00:32:25+03:00,1785533545,2769,72,3,31.8,42.0,,run
2026-08-01T00:32:30+03:00,1785533550,2774,72,3,31.8,41.1,,run
2026-08-01T00:32:36+03:00,1785533556,2780,72,3,31.8,40.2,,run
2026-08-01T00:32:41+03:00,1785533561,2785,72,3,31.8,40.5,,run
2026-08-01T00:32:46+03:00,1785533566,2790,72,3,31.8,40.5,,run
2026-08-01T00:32:51+03:00,1785533571,2795,72,3,31.8,43.9,,run
2026-08-01T00:32:57+03:00,1785533577,2801,72,3,31.8,42.3,,run
2026-08-01T00:33:02+03:00,1785533582,2806,72,3,31.8,46.0,,run
2026-08-01T00:33:07+03:00,1785533587,2811,72,3,31.8,51.6,,run
2026-08-01T00:33:12+03:00,1785533592,2816,72,3,31.8,47.0,,run
2026-08-01T00:33:18+03:00,1785533598,2822,72,3,31.8,40.8,,run
2026-08-01T00:33:23+03:00,1785533603,2827,72,3,31.8,42.0,,run
2026-08-01T00:33:28+03:00,1785533608,2832,72,3,31.8,40.5,,run
2026-08-01T00:33:33+03:00,1785533613,2837,72,3,31.8,40.5,,run
2026-08-01T00:33:39+03:00,1785533619,2843,72,3,31.8,39.5,,run
2026-08-01T00:33:44+03:00,1785533624,2848,72,3,31.8,40.2,,run
2026-08-01T00:33:49+03:00,1785533629,2853,72,3,31.8,42.9,,run
2026-08-01T00:33:54+03:00,1785533634,2858,72,3,31.8,48.5,,run
2026-08-01T00:34:00+03:00,1785533640,2864,72,3,31.8,41.7,,run
2026-08-01T00:34:05+03:00,1785533645,2869,72,3,31.4,41.4,,run
2026-08-01T00:34:10+03:00,1785533650,2874,72,3,31.4,40.8,,run
2026-08-01T00:34:15+03:00,1785533655,2879,72,3,31.4,41.7,,run
2026-08-01T00:34:21+03:00,1785533661,2885,72,3,31.4,43.9,,run
2026-08-01T00:34:26+03:00,1785533666,2890,72,3,31.4,41.1,,run
2026-08-01T00:34:31+03:00,1785533671,2895,72,3,31.4,40.8,,run
2026-08-01T00:34:36+03:00,1785533676,2900,72,3,31.4,40.5,,run
2026-08-01T00:34:41+03:00,1785533681,2905,72,3,31.4,40.8,,run
2026-08-01T00:34:47+03:00,1785533687,2911,72,3,31.4,40.8,,run
2026-08-01T00:34:52+03:00,1785533692,2916,72,3,31.4,42.0,,run
2026-08-01T00:34:57+03:00,1785533697,2921,72,3,31.4,41.4,,run
2026-08-01T00:35:02+03:00,1785533702,2926,72,3,31.4,40.2,,run
2026-08-01T00:35:08+03:00,1785533708,2932,72,3,31.4,51.3,,run
2026-08-01T00:35:13+03:00,1785533713,2937,72,3,31.4,42.9,,run
2026-08-01T00:35:18+03:00,1785533718,2942,72,3,31.4,42.0,,run
2026-08-01T00:35:24+03:00,1785533724,2948,72,3,31.4,40.2,,run
2026-08-01T00:35:29+03:00,1785533729,2953,72,3,31.4,40.2,,run
2026-08-01T00:35:34+03:00,1785533734,2958,72,3,31.4,39.2,,run
2026-08-01T00:35:39+03:00,1785533739,2963,72,3,31.4,39.2,,run
2026-08-01T00:35:45+03:00,1785533745,2969,72,3,31.4,39.8,,run
2026-08-01T00:35:50+03:00,1785533750,2974,72,3,31.4,41.4,,run
2026-08-01T00:35:55+03:00,1785533755,2979,72,3,31.4,52.8,,run
2026-08-01T00:36:00+03:00,1785533760,2984,72,3,31.4,42.0,,run
2026-08-01T00:36:06+03:00,1785533766,2990,72,3,31.4,41.7,,run
2026-08-01T00:36:11+03:00,1785533771,2995,72,3,31.4,41.7,,run
2026-08-01T00:36:16+03:00,1785533776,3000,72,3,31.4,40.5,,run
2026-08-01T00:36:21+03:00,1785533781,3005,72,3,31.4,43.6,,run
2026-08-01T00:36:26+03:00,1785533786,3010,72,3,31.4,41.4,,run
2026-08-01T00:36:32+03:00,1785533792,3016,72,3,31.4,42.6,,run
2026-08-01T00:36:37+03:00,1785533797,3021,72,3,31.4,41.4,,run
2026-08-01T00:36:42+03:00,1785533802,3026,72,3,31.4,41.4,,run
2026-08-01T00:36:47+03:00,1785533807,3031,72,3,31.4,42.0,,run
2026-08-01T00:36:53+03:00,1785533813,3037,72,3,31.4,41.4,,run
2026-08-01T00:36:58+03:00,1785533818,3042,72,3,31.4,40.5,,run
2026-08-01T00:37:03+03:00,1785533823,3047,72,3,31.4,40.8,,run
2026-08-01T00:37:08+03:00,1785533828,3052,72,3,31.4,49.7,,run
2026-08-01T00:37:14+03:00,1785533834,3058,72,3,31.4,52.2,,run
2026-08-01T00:37:19+03:00,1785533839,3063,72,3,31.4,44.8,,run
2026-08-01T00:37:24+03:00,1785533844,3068,72,3,31.4,39.8,,run
2026-08-01T00:37:29+03:00,1785533849,3073,72,3,31.4,40.2,,run
2026-08-01T00:37:35+03:00,1785533855,3079,72,3,31.4,40.2,,run
2026-08-01T00:37:40+03:00,1785533860,3084,72,3,31.4,50.7,,run
2026-08-01T00:37:45+03:00,1785533865,3089,72,3,31.4,42.0,,run
2026-08-01T00:37:50+03:00,1785533870,3094,72,3,31.4,42.6,,run
2026-08-01T00:37:56+03:00,1785533876,3100,72,3,31.4,42.6,,run
2026-08-01T00:38:01+03:00,1785533881,3105,72,3,31.4,41.7,,run
2026-08-01T00:38:06+03:00,1785533886,3110,72,3,31.4,40.8,,run
2026-08-01T00:38:11+03:00,1785533891,3115,72,3,31.4,41.1,,run
2026-08-01T00:38:16+03:00,1785533896,3120,72,3,31.4,40.8,,run
2026-08-01T00:38:22+03:00,1785533902,3126,72,3,31.4,43.2,,run
2026-08-01T00:38:27+03:00,1785533907,3131,72,3,31.4,41.4,,run
2026-08-01T00:38:32+03:00,1785533912,3136,72,3,31.4,40.5,,run
2026-08-01T00:38:37+03:00,1785533917,3141,72,3,31.4,41.1,,run
2026-08-01T00:38:43+03:00,1785533923,3147,72,3,31.4,40.5,,run
2026-08-01T00:38:48+03:00,1785533928,3152,72,3,31.4,40.5,,run
2026-08-01T00:38:53+03:00,1785533933,3157,72,3,31.4,44.8,,run
2026-08-01T00:38:58+03:00,1785533938,3162,72,3,31.4,46.7,,run
2026-08-01T00:39:04+03:00,1785533944,3168,72,3,31.4,45.4,,run
2026-08-01T00:39:09+03:00,1785533949,3173,72,3,31.4,39.8,,run
2026-08-01T00:39:14+03:00,1785533954,3178,72,3,31.4,39.2,,run
2026-08-01T00:39:19+03:00,1785533959,3183,72,3,31.4,39.2,,run
2026-08-01T00:39:24+03:00,1785533964,3188,72,3,31.4,38.9,,run
2026-08-01T00:39:30+03:00,1785533970,3194,72,3,31.4,42.3,,run
2026-08-01T00:39:35+03:00,1785533975,3199,72,3,31.4,39.8,,run
2026-08-01T00:39:40+03:00,1785533980,3204,72,3,31.4,44.8,,run
2026-08-01T00:39:46+03:00,1785533986,3210,72,3,31.4,46.7,,run
2026-08-01T00:39:51+03:00,1785533991,3215,72,3,31.4,42.3,,run
2026-08-01T00:39:56+03:00,1785533996,3220,72,3,31.4,41.7,,run
2026-08-01T00:40:01+03:00,1785534001,3225,72,3,31.4,43.6,,run
2026-08-01T00:40:07+03:00,1785534007,3231,72,3,31.4,41.7,,run
2026-08-01T00:40:12+03:00,1785534012,3236,72,3,31.4,42.6,,run
2026-08-01T00:40:17+03:00,1785534017,3241,72,3,31.4,42.6,,run
2026-08-01T00:40:22+03:00,1785534022,3246,72,3,31.4,41.7,,run
2026-08-01T00:40:28+03:00,1785534028,3252,72,3,31.4,41.4,,run
2026-08-01T00:40:33+03:00,1785534033,3257,72,3,31.4,42.6,,run
2026-08-01T00:40:38+03:00,1785534038,3262,72,3,31.4,42.6,,run
2026-08-01T00:40:43+03:00,1785534043,3267,72,3,31.4,42.3,,run
2026-08-01T00:40:48+03:00,1785534048,3272,72,3,31.4,41.4,,run
2026-08-01T00:40:54+03:00,1785534054,3278,72,3,31.4,42.3,,run
2026-08-01T00:40:59+03:00,1785534059,3283,72,3,31.4,52.2,,run
2026-08-01T00:41:05+03:00,1785534065,3289,72,3,31.4,42.6,,run
2026-08-01T00:41:10+03:00,1785534070,3294,72,3,31.4,41.4,,run
2026-08-01T00:41:15+03:00,1785534075,3299,72,3,31.4,40.5,,run
2026-08-01T00:41:21+03:00,1785534081,3305,72,3,31.4,39.5,,run
2026-08-01T00:41:26+03:00,1785534086,3310,72,3,31.4,40.2,,run
2026-08-01T00:41:31+03:00,1785534091,3315,72,3,31.4,40.5,,run
2026-08-01T00:41:36+03:00,1785534096,3320,72,3,31.4,40.5,,run
2026-08-01T00:41:41+03:00,1785534101,3325,72,3,31.4,42.3,,run
2026-08-01T00:41:47+03:00,1785534107,3331,72,3,31.4,52.8,,run
2026-08-01T00:41:52+03:00,1785534112,3336,72,3,31.4,43.9,,run
2026-08-01T00:41:57+03:00,1785534117,3341,72,3,31.4,44.5,,run
2026-08-01T00:42:02+03:00,1785534122,3346,72,3,31.4,43.6,,run
2026-08-01T00:42:08+03:00,1785534128,3352,72,3,31.4,43.9,,run
2026-08-01T00:42:13+03:00,1785534133,3357,72,3,31.4,45.1,,run
2026-08-01T00:42:18+03:00,1785534138,3362,72,3,31.4,43.2,,run
2026-08-01T00:42:23+03:00,1785534143,3367,72,3,31.4,42.9,,run
2026-08-01T00:42:29+03:00,1785534149,3373,72,3,31.4,42.9,,run
2026-08-01T00:42:34+03:00,1785534154,3378,72,3,31.4,42.6,,run
2026-08-01T00:42:39+03:00,1785534159,3383,72,3,31.4,43.6,,run
2026-08-01T00:42:44+03:00,1785534164,3388,72,3,31.4,43.6,,run
2026-08-01T00:42:50+03:00,1785534170,3394,72,3,31.4,42.6,,run
2026-08-01T00:42:55+03:00,1785534175,3399,72,3,31.4,44.2,,run
2026-08-01T00:43:00+03:00,1785534180,3404,72,3,31.4,49.1,,run
2026-08-01T00:43:06+03:00,1785534186,3410,72,3,31.4,44.8,,run
2026-08-01T00:43:11+03:00,1785534191,3415,72,3,31.4,42.3,,run
2026-08-01T00:43:16+03:00,1785534196,3420,72,3,31.4,39.8,,run
2026-08-01T00:43:21+03:00,1785534201,3425,72,3,31.4,39.5,,run
2026-08-01T00:43:26+03:00,1785534206,3430,72,3,31.4,40.2,,run
2026-08-01T00:43:32+03:00,1785534212,3436,72,3,31.4,41.4,,run
2026-08-01T00:43:37+03:00,1785534217,3441,72,3,31.4,39.5,,run
2026-08-01T00:43:42+03:00,1785534222,3446,72,3,31.4,38.9,,run
2026-08-01T00:43:47+03:00,1785534227,3451,71,3,31.0,51.6,,run
2026-08-01T00:43:53+03:00,1785534233,3457,71,3,31.0,42.0,,run
2026-08-01T00:43:58+03:00,1785534238,3462,71,3,31.0,40.5,,run
2026-08-01T00:44:03+03:00,1785534243,3467,71,3,31.0,42.3,,run
2026-08-01T00:44:08+03:00,1785534248,3472,71,3,31.0,42.6,,run
2026-08-01T00:44:14+03:00,1785534254,3478,71,3,31.0,41.1,,run
2026-08-01T00:44:19+03:00,1785534259,3483,71,3,31.0,40.8,,run
2026-08-01T00:44:24+03:00,1785534264,3488,71,3,31.0,39.8,,run
2026-08-01T00:44:29+03:00,1785534269,3493,71,3,31.0,40.8,,run
2026-08-01T00:44:35+03:00,1785534275,3499,71,3,31.0,42.6,,run
2026-08-01T00:44:40+03:00,1785534280,3504,71,3,31.0,41.4,,run
2026-08-01T00:44:45+03:00,1785534285,3509,71,3,31.0,41.4,,run
2026-08-01T00:44:50+03:00,1785534290,3514,71,3,31.0,40.5,,run
2026-08-01T00:44:56+03:00,1785534296,3520,71,3,31.0,40.8,,run
2026-08-01T00:45:01+03:00,1785534301,3525,71,3,31.0,50.4,,run
2026-08-01T00:45:06+03:00,1785534306,3530,71,3,31.0,51.3,,run
2026-08-01T00:45:11+03:00,1785534311,3535,71,3,31.0,45.7,,run
2026-08-01T00:45:17+03:00,1785534317,3541,71,3,31.0,40.2,,run
2026-08-01T00:45:22+03:00,1785534322,3546,71,3,31.0,40.2,,run
2026-08-01T00:45:27+03:00,1785534327,3551,71,3,31.0,39.8,,run
2026-08-01T00:45:32+03:00,1785534332,3556,71,3,31.0,40.2,,run
2026-08-01T00:45:37+03:00,1785534337,3561,71,3,31.0,40.2,,run
2026-08-01T00:45:43+03:00,1785534343,3567,71,3,31.0,40.5,,run
2026-08-01T00:45:48+03:00,1785534348,3572,71,3,31.0,50.1,,run
2026-08-01T00:45:53+03:00,1785534353,3577,71,3,31.0,43.2,,run
2026-08-01T00:45:59+03:00,1785534359,3583,71,3,31.0,40.5,,run
2026-08-01T00:46:04+03:00,1785534364,3588,71,3,31.0,41.1,,run
2026-08-01T00:46:09+03:00,1785534369,3593,71,3,31.0,41.1,,run
2026-08-01T00:46:14+03:00,1785534374,3598,71,3,31.0,42.6,,run
2026-08-01T00:46:20+03:00,1785534380,3604,71,3,31.0,40.5,,run
2026-08-01T00:46:25+03:00,1785534385,3609,71,3,31.0,41.7,,run
2026-08-01T00:46:30+03:00,1785534390,3614,71,3,31.0,41.1,,run
2026-08-01T00:46:35+03:00,1785534395,3619,71,3,31.0,40.2,,run
2026-08-01T00:46:40+03:00,1785534400,3624,71,3,31.0,41.4,,run
2026-08-01T00:46:46+03:00,1785534406,3630,71,3,31.0,41.7,,run
2026-08-01T00:46:51+03:00,1785534411,3635,71,3,31.0,41.1,,run
2026-08-01T00:46:56+03:00,1785534416,3640,71,3,31.0,41.1,,run
2026-08-01T00:47:01+03:00,1785534421,3645,71,3,31.0,40.2,,run
2026-08-01T00:47:07+03:00,1785534427,3651,71,3,31.0,52.5,,run
2026-08-01T00:47:12+03:00,1785534432,3656,71,3,31.0,41.4,,run
2026-08-01T00:47:17+03:00,1785534437,3661,71,3,31.0,41.1,,run
2026-08-01T00:47:23+03:00,1785534443,3667,71,3,31.0,39.8,,run
2026-08-01T00:47:28+03:00,1785534448,3672,71,3,31.0,40.5,,run
2026-08-01T00:47:33+03:00,1785534453,3677,71,3,31.0,39.2,,run
2026-08-01T00:47:38+03:00,1785534458,3682,71,3,31.0,38.9,,run
2026-08-01T00:47:43+03:00,1785534463,3687,71,3,31.0,41.7,,run
2026-08-01T00:47:49+03:00,1785534469,3693,71,3,31.0,40.8,,run
2026-08-01T00:47:54+03:00,1785534474,3698,71,3,31.0,51.6,,run
2026-08-01T00:47:59+03:00,1785534479,3703,71,3,31.0,42.3,,run
2026-08-01T00:48:04+03:00,1785534484,3708,71,3,31.0,40.2,,run
2026-08-01T00:48:10+03:00,1785534490,3714,71,3,31.0,40.2,,run
2026-08-01T00:48:15+03:00,1785534495,3719,71,3,31.0,42.3,,run
2026-08-01T00:48:20+03:00,1785534500,3724,71,3,31.0,41.1,,run
2026-08-01T00:48:25+03:00,1785534505,3729,71,3,31.0,40.5,,run
2026-08-01T00:48:31+03:00,1785534511,3735,71,3,31.0,42.0,,run
2026-08-01T00:48:36+03:00,1785534516,3740,71,3,31.0,42.6,,run
2026-08-01T00:48:41+03:00,1785534521,3745,71,3,31.0,41.4,,run
2026-08-01T00:48:46+03:00,1785534526,3750,71,3,31.0,43.2,,run
2026-08-01T00:48:52+03:00,1785534532,3756,71,3,31.0,40.8,,run
2026-08-01T00:48:57+03:00,1785534537,3761,71,3,31.0,41.4,,run
2026-08-01T00:49:02+03:00,1785534542,3766,71,3,31.0,40.8,,run
2026-08-01T00:49:07+03:00,1785534547,3771,71,3,31.0,43.9,,run
2026-08-01T00:49:12+03:00,1785534552,3776,71,3,31.0,46.0,,run
2026-08-01T00:49:18+03:00,1785534558,3782,71,3,31.0,42.6,,run
2026-08-01T00:49:23+03:00,1785534563,3787,71,3,31.0,39.8,,run
2026-08-01T00:49:28+03:00,1785534568,3792,71,3,31.0,40.8,,run
2026-08-01T00:49:33+03:00,1785534573,3797,71,3,31.0,39.5,,run
2026-08-01T00:49:39+03:00,1785534579,3803,71,3,31.0,38.9,,run
2026-08-01T00:49:44+03:00,1785534584,3808,71,3,31.0,39.5,,run
2026-08-01T00:49:49+03:00,1785534589,3813,71,3,31.0,40.8,,run
2026-08-01T00:49:54+03:00,1785534594,3818,71,3,31.0,50.1,,run
2026-08-01T00:50:00+03:00,1785534600,3824,71,3,31.0,44.5,,run
2026-08-01T00:50:05+03:00,1785534605,3829,71,3,31.0,41.4,,run
2026-08-01T00:50:10+03:00,1785534610,3834,71,3,31.0,41.4,,run
2026-08-01T00:50:16+03:00,1785534616,3840,71,3,31.0,42.3,,run
2026-08-01T00:50:21+03:00,1785534621,3845,71,3,31.0,42.0,,run
2026-08-01T00:50:26+03:00,1785534626,3850,71,3,31.0,41.1,,run
2026-08-01T00:50:31+03:00,1785534631,3855,71,3,31.0,40.5,,run
2026-08-01T00:50:36+03:00,1785534636,3860,71,3,31.0,40.2,,run
2026-08-01T00:50:42+03:00,1785534642,3866,71,3,31.0,41.1,,run
2026-08-01T00:50:47+03:00,1785534647,3871,71,3,31.0,41.1,,run
2026-08-01T00:50:52+03:00,1785534652,3876,71,3,31.0,41.7,,run
2026-08-01T00:50:57+03:00,1785534657,3881,71,3,31.0,40.8,,run
2026-08-01T00:51:03+03:00,1785534663,3887,71,3,31.0,41.4,,run
2026-08-01T00:51:08+03:00,1785534668,3892,71,3,31.0,40.5,,run
2026-08-01T00:51:13+03:00,1785534673,3897,71,3,31.0,51.3,,run
2026-08-01T00:51:19+03:00,1785534679,3903,71,3,31.0,44.8,,run
2026-08-01T00:51:24+03:00,1785534684,3908,71,3,31.0,41.7,,run
2026-08-01T00:51:29+03:00,1785534689,3913,71,3,31.0,40.8,,run
2026-08-01T00:51:34+03:00,1785534694,3918,71,3,31.0,39.8,,run
2026-08-01T00:51:40+03:00,1785534700,3924,71,3,31.0,38.6,,run
2026-08-01T00:51:45+03:00,1785534705,3929,71,3,31.2,40.5,,run
2026-08-01T00:51:50+03:00,1785534710,3934,71,3,31.2,41.1,,run
2026-08-01T00:51:55+03:00,1785534715,3939,71,3,31.2,41.1,,run
2026-08-01T00:52:01+03:00,1785534721,3945,71,3,31.2,53.5,,run
2026-08-01T00:52:06+03:00,1785534726,3950,71,3,31.2,42.3,,run
2026-08-01T00:52:11+03:00,1785534731,3955,71,3,31.2,42.0,,run
2026-08-01T00:52:16+03:00,1785534736,3960,71,3,31.2,41.1,,run
2026-08-01T00:52:22+03:00,1785534742,3966,71,3,31.2,43.9,,run
2026-08-01T00:52:27+03:00,1785534747,3971,71,3,31.2,41.7,,run
2026-08-01T00:52:32+03:00,1785534752,3976,71,3,31.2,41.7,,run
2026-08-01T00:52:37+03:00,1785534757,3981,71,3,31.2,40.2,,run
2026-08-01T00:52:42+03:00,1785534762,3986,71,3,31.2,41.1,,run
2026-08-01T00:52:48+03:00,1785534768,3992,71,3,31.2,41.1,,run
2026-08-01T00:52:53+03:00,1785534773,3997,71,3,31.2,41.7,,run
2026-08-01T00:52:58+03:00,1785534778,4002,71,3,31.2,41.1,,run
2026-08-01T00:53:03+03:00,1785534783,4007,71,3,31.2,41.4,,run
2026-08-01T00:53:09+03:00,1785534789,4013,71,3,31.2,41.1,,run
2026-08-01T00:53:14+03:00,1785534794,4018,71,3,31.2,46.7,,run
2026-08-01T00:53:19+03:00,1785534799,4023,71,3,31.2,54.1,,run
2026-08-01T00:53:24+03:00,1785534804,4028,71,3,31.2,43.2,,run
2026-08-01T00:53:30+03:00,1785534810,4034,71,3,31.2,40.2,,run
2026-08-01T00:53:35+03:00,1785534815,4039,71,3,31.2,39.5,,run
2026-08-01T00:53:40+03:00,1785534820,4044,71,3,31.2,40.8,,run
2026-08-01T00:53:45+03:00,1785534825,4049,71,3,31.2,38.9,,run
2026-08-01T00:53:50+03:00,1785534830,4054,71,3,31.2,40.2,,run
2026-08-01T00:53:56+03:00,1785534836,4060,71,3,31.2,41.7,,run
2026-08-01T00:54:01+03:00,1785534841,4065,71,3,31.2,52.5,,run
2026-08-01T00:54:06+03:00,1785534846,4070,71,3,31.3,43.6,,run
2026-08-01T00:54:12+03:00,1785534852,4076,71,3,31.3,40.8,,run
2026-08-01T00:54:17+03:00,1785534857,4081,71,3,31.3,41.4,,run
2026-08-01T00:54:22+03:00,1785534862,4086,71,3,31.3,41.7,,run
2026-08-01T00:54:27+03:00,1785534867,4091,70,3,31.4,41.4,,run
2026-08-01T00:54:33+03:00,1785534873,4097,70,3,31.4,41.7,,run
2026-08-01T00:54:38+03:00,1785534878,4102,70,3,31.4,40.5,,run
2026-08-01T00:54:43+03:00,1785534883,4107,70,3,31.4,40.8,,run
2026-08-01T00:54:48+03:00,1785534888,4112,70,3,31.4,40.8,,run
2026-08-01T00:54:54+03:00,1785534894,4118,70,3,31.4,42.3,,run
2026-08-01T00:54:59+03:00,1785534899,4123,70,3,31.4,41.1,,run
2026-08-01T00:55:04+03:00,1785534904,4128,70,3,31.4,40.5,,run
2026-08-01T00:55:09+03:00,1785534909,4133,70,3,31.4,40.8,,run
2026-08-01T00:55:14+03:00,1785534914,4138,70,3,31.4,39.8,,run
2026-08-01T00:55:20+03:00,1785534920,4144,70,3,31.4,52.5,,run
2026-08-01T00:55:25+03:00,1785534925,4149,70,3,31.4,41.7,,run
2026-08-01T00:55:30+03:00,1785534930,4154,70,3,31.4,41.1,,run
2026-08-01T00:55:36+03:00,1785534936,4160,70,3,31.4,39.2,,run
2026-08-01T00:55:41+03:00,1785534941,4165,70,3,31.4,40.8,,run
2026-08-01T00:55:46+03:00,1785534946,4170,70,3,31.4,39.2,,run
2026-08-01T00:55:51+03:00,1785534951,4175,70,3,31.4,40.2,,run
2026-08-01T00:55:57+03:00,1785534957,4181,70,3,31.4,40.2,,run
2026-08-01T00:56:02+03:00,1785534962,4186,70,3,31.4,39.8,,run
2026-08-01T00:56:07+03:00,1785534967,4191,70,3,31.4,50.7,,run
2026-08-01T00:56:12+03:00,1785534972,4196,70,3,31.4,42.3,,run
2026-08-01T00:56:18+03:00,1785534978,4202,70,3,31.4,41.1,,run
2026-08-01T00:56:23+03:00,1785534983,4207,70,3,31.4,41.1,,run
2026-08-01T00:56:28+03:00,1785534988,4212,70,3,31.4,42.0,,run
2026-08-01T00:56:33+03:00,1785534993,4217,70,3,31.4,41.7,,run
2026-08-01T00:56:38+03:00,1785534998,4222,70,3,31.4,41.4,,run
2026-08-01T00:56:44+03:00,1785535004,4228,70,3,31.4,40.2,,run
2026-08-01T00:56:49+03:00,1785535009,4233,70,3,31.4,41.1,,run
2026-08-01T00:56:54+03:00,1785535014,4238,70,3,31.4,42.6,,run
2026-08-01T00:56:59+03:00,1785535019,4243,70,3,31.4,41.7,,run
2026-08-01T00:57:05+03:00,1785535025,4249,70,3,31.4,40.8,,run
2026-08-01T00:57:10+03:00,1785535030,4254,70,3,31.4,40.8,,run
2026-08-01T00:57:15+03:00,1785535035,4259,70,3,31.4,41.1,,run
2026-08-01T00:57:20+03:00,1785535040,4264,70,3,31.4,43.9,,run
2026-08-01T00:57:25+03:00,1785535045,4269,70,3,31.4,45.1,,run
2026-08-01T00:57:31+03:00,1785535051,4275,70,3,31.4,44.5,,run
2026-08-01T00:57:36+03:00,1785535056,4280,70,3,31.4,41.4,,run
2026-08-01T00:57:41+03:00,1785535061,4285,70,3,31.4,39.5,,run
2026-08-01T00:57:46+03:00,1785535066,4290,70,3,31.4,39.2,,run
2026-08-01T00:57:52+03:00,1785535072,4296,70,3,31.4,39.5,,run
2026-08-01T00:57:57+03:00,1785535077,4301,70,3,31.4,39.5,,run
2026-08-01T00:58:02+03:00,1785535082,4306,70,3,31.4,40.8,,run
2026-08-01T00:58:07+03:00,1785535087,4311,70,3,31.4,49.4,,run
2026-08-01T00:58:13+03:00,1785535093,4317,70,3,31.4,44.2,,run
2026-08-01T00:58:18+03:00,1785535098,4322,70,3,31.4,40.2,,run
2026-08-01T00:58:23+03:00,1785535103,4327,70,3,31.4,40.8,,run
2026-08-01T00:58:29+03:00,1785535109,4333,70,3,31.4,41.7,,run
2026-08-01T00:58:34+03:00,1785535114,4338,70,3,31.4,42.0,,run
2026-08-01T00:58:39+03:00,1785535119,4343,70,3,31.4,41.7,,run
2026-08-01T00:58:44+03:00,1785535124,4348,70,3,31.4,41.1,,run
2026-08-01T00:58:49+03:00,1785535129,4353,70,3,31.4,41.1,,run
2026-08-01T00:58:55+03:00,1785535135,4359,70,3,31.4,40.5,,run
2026-08-01T00:59:00+03:00,1785535140,4364,70,3,31.4,42.9,,run
2026-08-01T00:59:05+03:00,1785535145,4369,70,3,31.4,41.1,,run
2026-08-01T00:59:10+03:00,1785535150,4374,70,3,31.4,41.1,,run
2026-08-01T00:59:16+03:00,1785535156,4380,70,3,31.4,40.8,,run
2026-08-01T00:59:21+03:00,1785535161,4385,70,3,31.4,40.2,,run
2026-08-01T00:59:26+03:00,1785535166,4390,70,3,31.4,51.9,,run
2026-08-01T00:59:32+03:00,1785535172,4396,70,3,31.4,43.2,,run
2026-08-01T00:59:37+03:00,1785535177,4401,70,3,31.4,41.1,,run
2026-08-01T00:59:42+03:00,1785535182,4406,70,3,31.4,41.7,,run
2026-08-01T00:59:47+03:00,1785535187,4411,70,3,31.4,40.5,,run
2026-08-01T00:59:53+03:00,1785535193,4417,70,3,31.4,40.5,,run
2026-08-01T00:59:58+03:00,1785535198,4422,70,3,31.4,39.5,,run
2026-08-01T01:00:03+03:00,1785535203,4427,70,3,31.4,41.7,,run
2026-08-01T01:00:08+03:00,1785535208,4432,70,3,31.4,39.8,,run
2026-08-01T01:00:14+03:00,1785535214,4438,70,3,31.4,51.6,,run
2026-08-01T01:00:19+03:00,1785535219,4443,70,3,31.4,42.6,,run
2026-08-01T01:00:24+03:00,1785535224,4448,70,3,31.4,42.6,,run
2026-08-01T01:00:29+03:00,1785535229,4453,70,3,31.4,40.8,,run
2026-08-01T01:00:35+03:00,1785535235,4459,70,3,31.4,43.6,,run
2026-08-01T01:00:40+03:00,1785535240,4464,70,3,31.4,41.4,,run
2026-08-01T01:00:45+03:00,1785535245,4469,70,3,31.4,41.7,,run
2026-08-01T01:00:50+03:00,1785535250,4474,70,3,31.4,41.4,,run
2026-08-01T01:00:55+03:00,1785535255,4479,70,3,31.4,40.8,,run
2026-08-01T01:01:01+03:00,1785535261,4485,70,3,31.4,41.1,,run
2026-08-01T01:01:06+03:00,1785535266,4490,70,3,31.4,42.9,,run
2026-08-01T01:01:11+03:00,1785535271,4495,70,3,31.4,41.7,,run
2026-08-01T01:01:16+03:00,1785535276,4500,70,3,31.4,40.5,,run
2026-08-01T01:01:22+03:00,1785535282,4506,70,3,31.4,40.5,,run
2026-08-01T01:01:27+03:00,1785535287,4511,70,3,31.4,47.3,,run
2026-08-01T01:01:32+03:00,1785535292,4516,70,3,31.4,49.4,,run
2026-08-01T01:01:37+03:00,1785535297,4521,70,3,31.4,47.0,,run
2026-08-01T01:01:43+03:00,1785535303,4527,70,3,31.4,40.8,,run
2026-08-01T01:01:48+03:00,1785535308,4532,70,3,31.4,40.2,,run
2026-08-01T01:01:53+03:00,1785535313,4537,70,3,31.4,39.8,,run
2026-08-01T01:01:58+03:00,1785535318,4542,70,3,31.4,39.2,,run
2026-08-01T01:02:03+03:00,1785535323,4547,70,3,31.4,40.5,,run
2026-08-01T01:02:09+03:00,1785535329,4553,70,3,31.4,41.4,,run
2026-08-01T01:02:14+03:00,1785535334,4558,70,3,31.4,51.6,,run
2026-08-01T01:02:20+03:00,1785535340,4564,70,3,31.4,43.6,,run
2026-08-01T01:02:25+03:00,1785535345,4569,70,3,31.4,41.4,,run
2026-08-01T01:02:30+03:00,1785535350,4574,70,3,31.4,40.5,,run
2026-08-01T01:02:35+03:00,1785535355,4579,70,3,31.4,41.7,,run
2026-08-01T01:02:41+03:00,1785535361,4585,70,3,31.4,42.0,,run
2026-08-01T01:02:46+03:00,1785535366,4590,70,3,31.4,40.8,,run
2026-08-01T01:02:51+03:00,1785535371,4595,70,3,31.4,41.1,,run
2026-08-01T01:02:56+03:00,1785535376,4600,70,3,31.4,40.2,,run
2026-08-01T01:03:01+03:00,1785535381,4605,70,3,31.4,40.8,,run
2026-08-01T01:03:07+03:00,1785535387,4611,70,3,31.4,42.3,,run
2026-08-01T01:03:12+03:00,1785535392,4616,70,3,31.4,40.8,,run
2026-08-01T01:03:17+03:00,1785535397,4621,70,3,31.4,40.8,,run
2026-08-01T01:03:22+03:00,1785535402,4626,70,3,31.4,42.0,,run
2026-08-01T01:03:28+03:00,1785535408,4632,70,3,31.4,42.3,,run
2026-08-01T01:03:33+03:00,1785535413,4637,70,3,31.4,51.3,,run
2026-08-01T01:03:38+03:00,1785535418,4642,70,3,31.4,42.0,,run
2026-08-01T01:03:43+03:00,1785535423,4647,70,3,31.4,41.7,,run
2026-08-01T01:03:49+03:00,1785535429,4653,70,3,31.4,40.8,,run
2026-08-01T01:03:54+03:00,1785535434,4658,70,3,31.4,40.8,,run
2026-08-01T01:03:59+03:00,1785535439,4663,70,3,31.4,39.8,,run
2026-08-01T01:04:04+03:00,1785535444,4668,70,3,31.4,40.8,,run
2026-08-01T01:04:10+03:00,1785535450,4674,70,3,31.4,40.5,,run
2026-08-01T01:04:15+03:00,1785535455,4679,70,3,31.4,40.8,,run
2026-08-01T01:04:20+03:00,1785535460,4684,70,3,31.4,53.1,,run
2026-08-01T01:04:25+03:00,1785535465,4689,70,3,31.4,42.9,,run
2026-08-01T01:04:31+03:00,1785535471,4695,70,3,31.4,41.7,,run
2026-08-01T01:04:36+03:00,1785535476,4700,70,3,31.4,41.1,,run
2026-08-01T01:04:41+03:00,1785535481,4705,70,3,31.4,41.4,,run
2026-08-01T01:04:46+03:00,1785535486,4710,70,3,31.4,42.0,,run
2026-08-01T01:04:51+03:00,1785535491,4715,70,3,31.4,41.4,,run
2026-08-01T01:04:57+03:00,1785535497,4721,70,3,31.4,41.1,,run
2026-08-01T01:05:02+03:00,1785535502,4726,70,3,31.4,41.4,,run
2026-08-01T01:05:07+03:00,1785535507,4731,70,3,31.4,42.3,,run
2026-08-01T01:05:12+03:00,1785535512,4736,69,3,31.5,41.1,,run
2026-08-01T01:05:18+03:00,1785535518,4742,69,3,31.5,41.4,,run
2026-08-01T01:05:23+03:00,1785535523,4747,69,3,31.5,39.8,,run
2026-08-01T01:05:28+03:00,1785535528,4752,69,3,31.5,40.5,,run
2026-08-01T01:05:33+03:00,1785535533,4757,69,3,31.5,44.8,,run
2026-08-01T01:05:39+03:00,1785535539,4763,69,3,31.5,47.6,,run
2026-08-01T01:05:44+03:00,1785535544,4768,69,3,31.5,43.9,,run
2026-08-01T01:05:49+03:00,1785535549,4773,69,3,31.5,39.5,,run
2026-08-01T01:05:54+03:00,1785535554,4778,69,3,31.5,39.5,,run
2026-08-01T01:05:59+03:00,1785535559,4783,69,3,31.5,40.5,,run
2026-08-01T01:06:05+03:00,1785535565,4789,69,3,31.5,39.8,,run
2026-08-01T01:06:10+03:00,1785535570,4794,69,3,31.5,39.8,,run
2026-08-01T01:06:15+03:00,1785535575,4799,69,3,31.5,42.6,,run
2026-08-01T01:06:20+03:00,1785535580,4804,69,3,31.5,49.7,,run
2026-08-01T01:06:26+03:00,1785535586,4810,69,3,31.5,43.9,,run
2026-08-01T01:06:31+03:00,1785535591,4815,69,3,31.5,42.3,,run
2026-08-01T01:06:36+03:00,1785535596,4820,69,3,31.5,43.2,,run
2026-08-01T01:06:42+03:00,1785535602,4826,69,3,31.5,42.6,,run
2026-08-01T01:06:47+03:00,1785535607,4831,69,3,31.5,43.2,,run
2026-08-01T01:06:52+03:00,1785535612,4836,69,3,31.5,41.4,,run
2026-08-01T01:06:57+03:00,1785535617,4841,69,3,31.5,41.1,,run
2026-08-01T01:07:03+03:00,1785535623,4847,69,3,31.5,42.9,,run
2026-08-01T01:07:08+03:00,1785535628,4852,69,3,31.5,41.7,,run
2026-08-01T01:07:13+03:00,1785535633,4857,69,3,31.5,42.3,,run
2026-08-01T01:07:18+03:00,1785535638,4862,69,3,31.5,42.3,,run
2026-08-01T01:07:23+03:00,1785535643,4867,69,3,31.5,40.8,,run
2026-08-01T01:07:29+03:00,1785535649,4873,69,3,31.5,41.7,,run
2026-08-01T01:07:34+03:00,1785535654,4878,69,3,31.5,42.0,,run
2026-08-01T01:07:39+03:00,1785535659,4883,69,3,31.5,53.1,,run
2026-08-01T01:07:45+03:00,1785535665,4889,69,3,31.5,44.5,,run
2026-08-01T01:07:50+03:00,1785535670,4894,69,3,31.5,41.4,,run
2026-08-01T01:07:55+03:00,1785535675,4899,69,3,31.5,40.8,,run
2026-08-01T01:08:00+03:00,1785535680,4904,69,3,31.5,41.1,,run
2026-08-01T01:08:06+03:00,1785535686,4910,69,3,31.5,40.2,,run
2026-08-01T01:08:11+03:00,1785535691,4915,69,3,31.5,40.2,,run
2026-08-01T01:08:16+03:00,1785535696,4920,69,3,31.5,38.6,,run
2026-08-01T01:08:21+03:00,1785535701,4925,69,3,31.5,42.0,,run
2026-08-01T01:08:27+03:00,1785535707,4931,69,3,31.5,45.7,,run
2026-08-01T01:08:32+03:00,1785535712,4936,69,3,31.5,42.9,,run
2026-08-01T01:08:37+03:00,1785535717,4941,69,3,31.5,42.0,,run
2026-08-01T01:08:42+03:00,1785535722,4946,69,3,31.5,40.8,,run
2026-08-01T01:08:48+03:00,1785535728,4952,69,3,31.5,41.7,,run
2026-08-01T01:08:53+03:00,1785535733,4957,69,3,31.5,40.5,,run
2026-08-01T01:08:58+03:00,1785535738,4962,69,3,31.5,40.8,,run
2026-08-01T01:09:03+03:00,1785535743,4967,69,3,31.5,42.9,,run
2026-08-01T01:09:08+03:00,1785535748,4972,69,3,31.5,41.7,,run
2026-08-01T01:09:14+03:00,1785535754,4978,69,3,31.5,41.4,,run
2026-08-01T01:09:19+03:00,1785535759,4983,69,3,31.5,40.8,,run
2026-08-01T01:09:24+03:00,1785535764,4988,69,3,31.5,41.4,,run
2026-08-01T01:09:29+03:00,1785535769,4993,69,3,31.5,41.4,,run
2026-08-01T01:09:35+03:00,1785535775,4999,69,3,31.5,41.1,,run
2026-08-01T01:09:40+03:00,1785535780,5004,69,3,31.5,50.1,,run
2026-08-01T01:09:45+03:00,1785535785,5009,69,3,31.5,42.9,,run
2026-08-01T01:09:51+03:00,1785535791,5015,69,3,31.5,42.3,,run
2026-08-01T01:09:56+03:00,1785535796,5020,69,3,31.5,40.8,,run
2026-08-01T01:10:01+03:00,1785535801,5025,69,3,31.5,40.5,,run
2026-08-01T01:10:06+03:00,1785535806,5030,69,3,31.5,47.3,,run
2026-08-01T01:10:12+03:00,1785535812,5036,69,3,31.5,44.2,,run
2026-08-01T01:10:17+03:00,1785535817,5041,69,3,31.5,41.7,,run
2026-08-01T01:10:22+03:00,1785535822,5046,69,3,31.5,41.7,,run
2026-08-01T01:10:28+03:00,1785535828,5052,69,3,31.5,42.3,,run
2026-08-01T01:10:33+03:00,1785535833,5057,69,3,31.5,41.4,,run
2026-08-01T01:10:38+03:00,1785535838,5062,69,3,31.5,40.5,,run
2026-08-01T01:10:43+03:00,1785535843,5067,69,3,31.5,40.8,,run
2026-08-01T01:10:48+03:00,1785535848,5072,69,3,31.5,40.8,,run
2026-08-01T01:10:54+03:00,1785535854,5078,69,3,31.5,41.1,,run
2026-08-01T01:10:59+03:00,1785535859,5083,69,3,31.5,41.1,,run
2026-08-01T01:11:04+03:00,1785535864,5088,69,3,31.5,40.5,,run
2026-08-01T01:11:09+03:00,1785535869,5093,69,3,31.5,40.8,,run
2026-08-01T01:11:15+03:00,1785535875,5099,69,3,31.5,40.5,,run
2026-08-01T01:11:20+03:00,1785535880,5104,69,3,31.5,39.8,,run
2026-08-01T01:11:25+03:00,1785535885,5109,69,3,31.5,51.9,,run
2026-08-01T01:11:31+03:00,1785535891,5115,69,3,31.5,42.6,,run
2026-08-01T01:11:36+03:00,1785535896,5120,69,3,31.5,43.2,,run
2026-08-01T01:11:41+03:00,1785535901,5125,69,3,31.5,42.0,,run
2026-08-01T01:11:47+03:00,1785535907,5131,69,3,31.5,39.5,,run
2026-08-01T01:11:52+03:00,1785535912,5136,69,3,31.5,39.8,,run
2026-08-01T01:11:57+03:00,1785535917,5141,69,3,31.5,40.8,,run
2026-08-01T01:12:02+03:00,1785535922,5146,69,3,31.5,41.7,,run
2026-08-01T01:12:07+03:00,1785535927,5151,69,3,31.5,41.7,,run
2026-08-01T01:12:13+03:00,1785535933,5157,69,3,31.5,49.7,,run
2026-08-01T01:12:18+03:00,1785535938,5162,69,3,31.5,43.2,,run
2026-08-01T01:12:23+03:00,1785535943,5167,69,3,31.5,43.2,,run
2026-08-01T01:12:29+03:00,1785535949,5173,69,3,31.5,42.3,,run
2026-08-01T01:12:34+03:00,1785535954,5178,69,3,31.5,43.6,,run
2026-08-01T01:12:39+03:00,1785535959,5183,69,3,31.5,42.6,,run
2026-08-01T01:12:44+03:00,1785535964,5188,69,3,31.5,41.1,,run
2026-08-01T01:12:49+03:00,1785535969,5193,69,3,31.5,43.6,,run
2026-08-01T01:12:55+03:00,1785535975,5199,69,3,31.5,42.0,,run
2026-08-01T01:13:00+03:00,1785535980,5204,69,3,31.5,42.0,,run
2026-08-01T01:13:05+03:00,1785535985,5209,69,3,31.5,43.2,,run
2026-08-01T01:13:10+03:00,1785535990,5214,69,3,31.5,41.4,,run
2026-08-01T01:13:16+03:00,1785535996,5220,69,3,31.5,42.3,,run
2026-08-01T01:13:21+03:00,1785536001,5225,69,3,31.5,42.9,,run
2026-08-01T01:13:26+03:00,1785536006,5230,69,3,31.5,45.7,,run
2026-08-01T01:13:31+03:00,1785536011,5235,69,3,31.5,44.8,,run
2026-08-01T01:13:37+03:00,1785536017,5241,69,3,31.5,42.9,,run
2026-08-01T01:13:42+03:00,1785536022,5246,69,3,31.5,40.5,,run
2026-08-01T01:13:47+03:00,1785536027,5251,69,3,31.5,41.1,,run
2026-08-01T01:13:52+03:00,1785536032,5256,69,3,31.5,40.8,,run
2026-08-01T01:13:58+03:00,1785536038,5262,69,3,31.5,40.8,,run
2026-08-01T01:14:03+03:00,1785536043,5267,69,3,31.5,40.5,,run
2026-08-01T01:14:08+03:00,1785536048,5272,69,3,31.5,40.2,,run
2026-08-01T01:14:13+03:00,1785536053,5277,69,3,31.5,52.2,,run
2026-08-01T01:14:19+03:00,1785536059,5283,69,3,31.5,47.0,,run
2026-08-01T01:14:24+03:00,1785536064,5288,69,3,31.5,41.1,,run
2026-08-01T01:14:29+03:00,1785536069,5293,69,3,31.5,40.8,,run
2026-08-01T01:14:35+03:00,1785536075,5299,69,3,31.5,43.9,,run
2026-08-01T01:14:40+03:00,1785536080,5304,69,3,31.5,41.4,,run
2026-08-01T01:14:45+03:00,1785536085,5309,69,3,31.5,41.7,,run
2026-08-01T01:14:50+03:00,1785536090,5314,69,3,31.5,41.4,,run
2026-08-01T01:14:55+03:00,1785536095,5319,69,3,31.5,41.1,,run
2026-08-01T01:15:01+03:00,1785536101,5325,69,3,31.5,42.3,,run
2026-08-01T01:15:06+03:00,1785536106,5330,69,3,31.5,42.3,,run
2026-08-01T01:15:11+03:00,1785536111,5335,69,3,31.5,40.8,,run
2026-08-01T01:15:16+03:00,1785536116,5340,69,3,31.5,39.8,,run
2026-08-01T01:15:22+03:00,1785536122,5346,69,3,31.5,43.6,,run
2026-08-01T01:15:27+03:00,1785536127,5351,69,3,31.5,40.8,,run
2026-08-01T01:15:32+03:00,1785536132,5356,69,3,31.5,51.9,,run
2026-08-01T01:15:38+03:00,1785536138,5362,69,3,31.5,42.3,,run
2026-08-01T01:15:43+03:00,1785536143,5367,69,3,31.5,41.4,,run
2026-08-01T01:15:48+03:00,1785536148,5372,69,3,31.5,40.8,,run
2026-08-01T01:15:53+03:00,1785536153,5377,68,3,31.5,39.5,,run
2026-08-01T01:15:59+03:00,1785536159,5383,68,3,31.5,39.5,,run
2026-08-01T01:16:04+03:00,1785536164,5388,68,3,31.5,42.0,,run
2026-08-01T01:16:09+03:00,1785536169,5393,68,3,31.5,39.8,,run
2026-08-01T01:16:14+03:00,1785536174,5398,68,3,31.5,40.2,,run
2026-08-01T01:16:20+03:00,1785536180,5404,68,3,31.5,51.3,,run
2026-08-01T01:16:25+03:00,1785536185,5409,68,3,31.5,42.9,,run
2026-08-01T01:16:30+03:00,1785536190,5414,68,3,31.5,41.1,,run
2026-08-01T01:16:35+03:00,1785536195,5419,68,3,31.5,42.3,,run
2026-08-01T01:16:41+03:00,1785536201,5425,68,3,31.5,42.0,,run
2026-08-01T01:16:46+03:00,1785536206,5430,68,3,31.5,40.8,,run
2026-08-01T01:16:51+03:00,1785536211,5435,68,3,31.5,40.8,,run
2026-08-01T01:16:56+03:00,1785536216,5440,68,3,31.5,40.5,,run
2026-08-01T01:17:02+03:00,1785536222,5446,68,3,31.5,41.4,,run
2026-08-01T01:17:07+03:00,1785536227,5451,68,3,31.5,43.2,,run
2026-08-01T01:17:12+03:00,1785536232,5456,68,3,31.5,41.4,,run
2026-08-01T01:17:17+03:00,1785536237,5461,68,3,31.5,41.4,,run
2026-08-01T01:17:22+03:00,1785536242,5466,68,3,31.5,41.4,,run
2026-08-01T01:17:28+03:00,1785536248,5472,68,3,31.5,39.8,,run
2026-08-01T01:17:33+03:00,1785536253,5477,68,3,31.5,47.6,,run
2026-08-01T01:17:38+03:00,1785536258,5482,68,3,31.5,54.1,,run
2026-08-01T01:17:43+03:00,1785536263,5487,68,3,31.5,45.1,,run
2026-08-01T01:17:49+03:00,1785536269,5493,68,3,31.5,40.8,,run
2026-08-01T01:17:54+03:00,1785536274,5498,68,3,31.5,40.5,,run
2026-08-01T01:17:59+03:00,1785536279,5503,68,3,31.5,40.8,,run
2026-08-01T01:18:04+03:00,1785536284,5508,68,3,31.5,50.1,,run
2026-08-01T01:18:10+03:00,1785536290,5514,68,3,31.5,43.6,,run
2026-08-01T01:18:15+03:00,1785536295,5519,68,3,31.5,42.9,,run
2026-08-01T01:18:20+03:00,1785536300,5524,68,3,31.5,41.7,,run
2026-08-01T01:18:25+03:00,1785536305,5529,68,3,31.5,42.0,,run
2026-08-01T01:18:31+03:00,1785536311,5535,68,3,31.5,40.2,,run
2026-08-01T01:18:36+03:00,1785536316,5540,68,3,31.5,41.1,,run
2026-08-01T01:18:41+03:00,1785536321,5545,68,3,31.5,42.3,,run
2026-08-01T01:18:46+03:00,1785536326,5550,68,3,31.5,41.4,,run
2026-08-01T01:18:52+03:00,1785536332,5556,68,3,31.5,41.1,,run
2026-08-01T01:18:57+03:00,1785536337,5561,68,3,31.5,40.5,,run
2026-08-01T01:19:02+03:00,1785536342,5566,68,3,31.5,41.1,,run
2026-08-01T01:19:07+03:00,1785536347,5571,68,3,31.5,42.9,,run
2026-08-01T01:19:12+03:00,1785536352,5576,68,3,31.5,41.4,,run
2026-08-01T01:19:18+03:00,1785536358,5582,68,3,31.5,43.2,,run
2026-08-01T01:19:23+03:00,1785536363,5587,68,3,31.5,44.8,,run
2026-08-01T01:19:28+03:00,1785536368,5592,68,3,31.5,42.0,,run
2026-08-01T01:19:33+03:00,1785536373,5597,68,3,31.5,41.1,,run
2026-08-01T01:19:39+03:00,1785536379,5603,68,3,31.5,40.2,,run
2026-08-01T01:19:44+03:00,1785536384,5608,68,3,31.5,39.5,,run
2026-08-01T01:19:49+03:00,1785536389,5613,68,3,31.5,41.1,,run
2026-08-01T01:19:54+03:00,1785536394,5618,68,3,31.5,40.8,,run
2026-08-01T01:20:00+03:00,1785536400,5624,68,3,31.5,41.1,,run
2026-08-01T01:20:05+03:00,1785536405,5629,68,3,31.5,52.5,,run
2026-08-01T01:20:11+03:00,1785536411,5635,68,3,31.5,42.3,,run
2026-08-01T01:20:16+03:00,1785536416,5640,68,3,31.5,41.4,,run
2026-08-01T01:20:21+03:00,1785536421,5645,68,3,31.5,44.2,,run
2026-08-01T01:20:26+03:00,1785536426,5650,68,3,31.5,42.3,,run
2026-08-01T01:20:31+03:00,1785536431,5655,68,3,31.5,40.8,,run
2026-08-01T01:20:37+03:00,1785536437,5661,68,3,31.5,40.8,,run
2026-08-01T01:20:42+03:00,1785536442,5666,68,3,31.5,41.1,,run
2026-08-01T01:20:47+03:00,1785536447,5671,68,3,31.5,42.0,,run
2026-08-01T01:20:52+03:00,1785536452,5676,68,3,31.5,41.4,,run
2026-08-01T01:20:58+03:00,1785536458,5682,68,3,31.5,41.1,,run
2026-08-01T01:21:03+03:00,1785536463,5687,68,3,31.5,40.8,,run
2026-08-01T01:21:08+03:00,1785536468,5692,68,3,31.5,41.4,,run
2026-08-01T01:21:13+03:00,1785536473,5697,68,3,31.5,40.8,,run
2026-08-01T01:21:19+03:00,1785536479,5703,68,3,31.5,43.9,,run
2026-08-01T01:21:24+03:00,1785536484,5708,68,3,31.5,51.0,,run
2026-08-01T01:21:29+03:00,1785536489,5713,68,3,31.5,42.3,,run
2026-08-01T01:21:34+03:00,1785536494,5718,68,3,31.5,41.7,,run
2026-08-01T01:21:40+03:00,1785536500,5724,68,3,31.5,40.8,,run
2026-08-01T01:21:45+03:00,1785536505,5729,68,3,31.5,40.2,,run
2026-08-01T01:21:50+03:00,1785536510,5734,68,3,31.5,39.8,,run
2026-08-01T01:21:55+03:00,1785536515,5739,68,3,31.5,40.5,,run
2026-08-01T01:22:00+03:00,1785536520,5744,68,3,31.5,40.8,,run
2026-08-01T01:22:06+03:00,1785536526,5750,68,3,31.5,42.0,,run
2026-08-01T01:22:11+03:00,1785536531,5755,68,3,31.5,45.1,,run
2026-08-01T01:22:16+03:00,1785536536,5760,68,3,31.5,41.1,,run
2026-08-01T01:22:21+03:00,1785536541,5765,68,3,31.5,41.4,,run
2026-08-01T01:22:27+03:00,1785536547,5771,68,3,31.5,41.7,,run
2026-08-01T01:22:32+03:00,1785536552,5776,68,3,31.5,42.0,,run
2026-08-01T01:22:37+03:00,1785536557,5781,68,3,31.5,40.8,,run
2026-08-01T01:22:42+03:00,1785536562,5786,68,3,31.5,40.5,,run
2026-08-01T01:22:48+03:00,1785536568,5792,68,3,31.5,40.5,,run
2026-08-01T01:22:53+03:00,1785536573,5797,68,3,31.5,42.9,,run
2026-08-01T01:22:58+03:00,1785536578,5802,68,3,31.5,40.8,,run
2026-08-01T01:23:03+03:00,1785536583,5807,68,3,31.5,40.2,,run
2026-08-01T01:23:09+03:00,1785536589,5813,68,3,31.5,40.5,,run
2026-08-01T01:23:14+03:00,1785536594,5818,68,3,31.5,40.5,,run
2026-08-01T01:23:19+03:00,1785536599,5823,68,3,31.5,40.8,,run
2026-08-01T01:23:24+03:00,1785536604,5828,68,3,31.5,52.8,,run
2026-08-01T01:23:30+03:00,1785536610,5834,68,3,31.5,42.6,,run
2026-08-01T01:23:35+03:00,1785536615,5839,68,3,31.5,42.6,,run
2026-08-01T01:23:40+03:00,1785536620,5844,68,3,31.5,40.5,,run
2026-08-01T01:23:46+03:00,1785536626,5850,68,3,31.5,38.9,,run
2026-08-01T01:23:51+03:00,1785536631,5855,68,3,31.5,39.5,,run
2026-08-01T01:23:56+03:00,1785536636,5860,68,3,31.5,40.5,,run
2026-08-01T01:24:01+03:00,1785536641,5865,68,3,31.5,41.1,,run
2026-08-01T01:24:06+03:00,1785536646,5870,68,3,31.4,40.8,,run
2026-08-01T01:24:12+03:00,1785536652,5876,68,3,31.4,51.3,,run
2026-08-01T01:24:18+03:00,1785536658,5882,68,3,31.4,45.1,,run
2026-08-01T01:24:23+03:00,1785536663,5887,68,3,31.4,42.0,,run
2026-08-01T01:24:28+03:00,1785536668,5892,68,3,31.4,42.3,,run
2026-08-01T01:24:33+03:00,1785536673,5897,68,3,31.4,41.7,,run
2026-08-01T01:24:38+03:00,1785536678,5902,68,3,31.4,40.5,,run
2026-08-01T01:24:44+03:00,1785536684,5908,68,3,31.4,42.3,,run
2026-08-01T01:24:49+03:00,1785536689,5913,68,3,31.4,41.4,,run
2026-08-01T01:24:54+03:00,1785536694,5918,68,3,31.4,40.2,,run
2026-08-01T01:24:59+03:00,1785536699,5923,68,3,31.4,41.4,,run
2026-08-01T01:25:05+03:00,1785536705,5929,68,3,31.4,40.8,,run
2026-08-01T01:25:10+03:00,1785536710,5934,68,3,31.4,40.5,,run
2026-08-01T01:25:15+03:00,1785536715,5939,68,3,31.4,43.2,,run
2026-08-01T01:25:20+03:00,1785536720,5944,68,3,31.4,40.8,,run
2026-08-01T01:25:26+03:00,1785536726,5950,68,3,31.4,44.2,,run
2026-08-01T01:25:31+03:00,1785536731,5955,68,3,31.4,51.9,,run
2026-08-01T01:25:36+03:00,1785536736,5960,68,3,31.4,41.1,,run
2026-08-01T01:25:41+03:00,1785536741,5965,68,3,31.4,40.8,,run
2026-08-01T01:25:47+03:00,1785536747,5971,68,3,31.4,39.8,,run
2026-08-01T01:25:52+03:00,1785536752,5976,68,3,31.4,40.2,,run
2026-08-01T01:25:57+03:00,1785536757,5981,68,3,31.4,39.8,,run
2026-08-01T01:26:02+03:00,1785536762,5986,68,3,31.4,40.5,,run
2026-08-01T01:26:08+03:00,1785536768,5992,68,3,31.4,40.5,,run
2026-08-01T01:26:13+03:00,1785536773,5997,68,3,31.4,40.5,,run
2026-08-01T01:26:18+03:00,1785536778,6002,68,3,31.4,51.9,,run
2026-08-01T01:26:23+03:00,1785536783,6007,68,3,31.4,42.0,,run
2026-08-01T01:26:29+03:00,1785536789,6013,68,3,31.4,41.4,,run
2026-08-01T01:26:34+03:00,1785536794,6018,68,3,31.4,43.2,,run
2026-08-01T01:26:39+03:00,1785536799,6023,68,3,31.4,40.8,,run
2026-08-01T01:26:44+03:00,1785536804,6028,68,3,31.4,40.8,,run
2026-08-01T01:26:49+03:00,1785536809,6033,68,3,31.4,41.1,,run
2026-08-01T01:26:55+03:00,1785536815,6039,68,3,31.4,40.8,,run
2026-08-01T01:27:00+03:00,1785536820,6044,68,3,31.4,41.7,,run
2026-08-01T01:27:05+03:00,1785536825,6049,68,3,31.4,40.8,,run
2026-08-01T01:27:10+03:00,1785536830,6054,68,3,31.4,41.1,,run
2026-08-01T01:27:16+03:00,1785536836,6060,68,3,31.4,40.2,,run
2026-08-01T01:27:21+03:00,1785536841,6065,68,3,31.4,40.8,,run
2026-08-01T01:27:26+03:00,1785536846,6070,68,3,31.4,40.5,,run
2026-08-01T01:27:31+03:00,1785536851,6075,68,3,31.4,44.5,,run
2026-08-01T01:27:37+03:00,1785536857,6081,67,3,31.5,49.1,,run
2026-08-01T01:27:42+03:00,1785536862,6086,67,3,31.5,43.9,,run
2026-08-01T01:27:47+03:00,1785536867,6091,67,3,31.5,40.8,,run
2026-08-01T01:27:52+03:00,1785536872,6096,67,3,31.5,39.8,,run
2026-08-01T01:27:57+03:00,1785536877,6101,67,3,31.5,39.5,,run
2026-08-01T01:28:03+03:00,1785536883,6107,67,3,31.5,39.5,,run
2026-08-01T01:28:08+03:00,1785536888,6112,67,3,31.5,42.6,,run
2026-08-01T01:28:13+03:00,1785536893,6117,67,3,31.5,40.2,,run
2026-08-01T01:28:18+03:00,1785536898,6122,67,3,31.5,44.8,,run
2026-08-01T01:28:24+03:00,1785536904,6128,67,3,31.5,47.6,,run
2026-08-01T01:28:29+03:00,1785536909,6133,67,3,31.5,41.4,,run
2026-08-01T01:28:34+03:00,1785536914,6138,67,3,31.5,42.0,,run
2026-08-01T01:28:39+03:00,1785536919,6143,67,3,31.5,41.1,,run
2026-08-01T01:28:45+03:00,1785536925,6149,67,3,31.5,42.6,,run
2026-08-01T01:28:50+03:00,1785536930,6154,67,3,31.5,41.4,,run
2026-08-01T01:28:55+03:00,1785536935,6159,67,3,31.5,40.5,,run
2026-08-01T01:29:00+03:00,1785536940,6164,67,3,31.5,40.8,,run
2026-08-01T01:29:06+03:00,1785536946,6170,67,3,31.5,40.5,,run
2026-08-01T01:29:11+03:00,1785536951,6175,67,3,31.5,41.7,,run
2026-08-01T01:29:16+03:00,1785536956,6180,67,3,31.5,42.0,,run
2026-08-01T01:29:21+03:00,1785536961,6185,67,3,31.5,41.1,,run
2026-08-01T01:29:27+03:00,1785536967,6191,67,3,31.5,40.5,,run
2026-08-01T01:29:32+03:00,1785536972,6196,67,3,31.5,40.5,,run
2026-08-01T01:29:37+03:00,1785536977,6201,67,3,31.5,51.6,,run
2026-08-01T01:29:42+03:00,1785536982,6206,67,3,31.5,42.3,,run
2026-08-01T01:29:48+03:00,1785536988,6212,67,3,31.5,42.6,,run
2026-08-01T01:29:53+03:00,1785536993,6217,67,3,31.5,39.8,,run
2026-08-01T01:29:58+03:00,1785536998,6222,67,3,31.5,39.5,,run
2026-08-01T01:30:03+03:00,1785537003,6227,67,3,31.5,39.8,,run
2026-08-01T01:30:09+03:00,1785537009,6233,67,3,31.5,40.2,,run
2026-08-01T01:30:14+03:00,1785537014,6238,67,3,31.5,38.9,,run
2026-08-01T01:30:19+03:00,1785537019,6243,67,3,31.5,40.2,,run
2026-08-01T01:30:24+03:00,1785537024,6248,67,3,31.5,53.5,,run
2026-08-01T01:30:30+03:00,1785537030,6254,67,3,31.5,45.4,,run
2026-08-01T01:30:35+03:00,1785537035,6259,67,3,31.5,42.0,,run
2026-08-01T01:30:41+03:00,1785537041,6265,67,3,31.5,41.4,,run
2026-08-01T01:30:46+03:00,1785537046,6270,67,3,31.5,41.4,,run
2026-08-01T01:30:51+03:00,1785537051,6275,67,3,31.5,40.8,,run
2026-08-01T01:30:56+03:00,1785537056,6280,67,3,31.5,42.0,,run
2026-08-01T01:31:02+03:00,1785537062,6286,67,3,31.5,41.4,,run
2026-08-01T01:31:07+03:00,1785537067,6291,67,3,31.5,41.1,,run
2026-08-01T01:31:12+03:00,1785537072,6296,67,3,31.5,41.1,,run
2026-08-01T01:31:17+03:00,1785537077,6301,67,3,31.5,39.8,,run
2026-08-01T01:31:22+03:00,1785537082,6306,67,3,31.5,41.1,,run
2026-08-01T01:31:28+03:00,1785537088,6312,67,3,31.5,41.1,,run
2026-08-01T01:31:33+03:00,1785537093,6317,67,3,31.5,40.5,,run
2026-08-01T01:31:38+03:00,1785537098,6322,67,3,31.5,45.4,,run
2026-08-01T01:31:43+03:00,1785537103,6327,67,3,31.5,52.5,,run
2026-08-01T01:31:49+03:00,1785537109,6333,67,3,31.5,44.8,,run
2026-08-01T01:31:54+03:00,1785537114,6338,67,3,31.5,40.5,,run
2026-08-01T01:31:59+03:00,1785537119,6343,67,3,31.5,40.2,,run
2026-08-01T01:32:04+03:00,1785537124,6348,67,3,31.5,39.5,,run
2026-08-01T01:32:10+03:00,1785537130,6354,67,3,31.5,39.5,,run
2026-08-01T01:32:15+03:00,1785537135,6359,67,3,31.5,40.5,,run
2026-08-01T01:32:20+03:00,1785537140,6364,67,3,31.5,41.4,,run
2026-08-01T01:32:25+03:00,1785537145,6369,67,3,31.5,43.2,,run
2026-08-01T01:32:31+03:00,1785537151,6375,67,3,31.5,46.0,,run
2026-08-01T01:32:36+03:00,1785537156,6380,67,3,31.5,42.6,,run
2026-08-01T01:32:41+03:00,1785537161,6385,67,3,31.5,41.1,,run
2026-08-01T01:32:46+03:00,1785537166,6390,67,3,31.5,41.4,,run
2026-08-01T01:32:52+03:00,1785537172,6396,67,3,31.5,39.8,,run
2026-08-01T01:32:57+03:00,1785537177,6401,67,3,31.5,41.4,,run
2026-08-01T01:33:02+03:00,1785537182,6406,67,3,31.5,42.3,,run
2026-08-01T01:33:07+03:00,1785537187,6411,67,3,31.5,40.8,,run
2026-08-01T01:33:12+03:00,1785537192,6416,67,3,31.5,40.2,,run
2026-08-01T01:33:18+03:00,1785537198,6422,67,3,31.5,40.8,,run
2026-08-01T01:33:23+03:00,1785537203,6427,67,3,31.5,41.1,,run
2026-08-01T01:33:28+03:00,1785537208,6432,67,3,31.5,40.8,,run
2026-08-01T01:33:33+03:00,1785537213,6437,67,3,31.5,42.0,,run
2026-08-01T01:33:39+03:00,1785537219,6443,67,3,31.5,40.8,,run
2026-08-01T01:33:44+03:00,1785537224,6448,67,3,31.5,50.1,,run
2026-08-01T01:33:49+03:00,1785537229,6453,67,3,31.5,46.0,,run
2026-08-01T01:33:55+03:00,1785537235,6459,67,3,31.5,41.4,,run
2026-08-01T01:34:00+03:00,1785537240,6464,67,3,31.5,39.5,,run
2026-08-01T01:34:05+03:00,1785537245,6469,67,3,31.3,40.2,,run
2026-08-01T01:34:10+03:00,1785537250,6474,67,3,31.3,39.2,,run
2026-08-01T01:34:16+03:00,1785537256,6480,67,3,31.3,40.2,,run
2026-08-01T01:34:21+03:00,1785537261,6485,67,3,31.3,40.2,,run
2026-08-01T01:34:26+03:00,1785537266,6490,67,3,31.3,39.2,,run
2026-08-01T01:34:31+03:00,1785537271,6495,67,3,31.3,51.3,,run
2026-08-01T01:34:36+03:00,1785537276,6500,67,3,31.3,41.1,,run
2026-08-01T01:34:42+03:00,1785537282,6506,67,3,31.3,41.4,,run
2026-08-01T01:34:47+03:00,1785537287,6511,67,3,31.3,41.7,,run
2026-08-01T01:34:52+03:00,1785537292,6516,67,3,31.3,40.5,,run
2026-08-01T01:34:57+03:00,1785537297,6521,67,3,31.3,41.7,,run
2026-08-01T01:35:03+03:00,1785537303,6527,67,3,31.3,40.2,,run
2026-08-01T01:35:08+03:00,1785537308,6532,67,3,31.3,39.8,,run
2026-08-01T01:35:13+03:00,1785537313,6537,67,3,31.3,41.7,,run
2026-08-01T01:35:18+03:00,1785537318,6542,67,3,31.3,41.4,,run
2026-08-01T01:35:24+03:00,1785537324,6548,67,3,31.3,40.8,,run
2026-08-01T01:35:29+03:00,1785537329,6553,67,3,31.3,41.4,,run
2026-08-01T01:35:34+03:00,1785537334,6558,67,3,31.3,40.8,,run
2026-08-01T01:35:39+03:00,1785537339,6563,67,3,31.3,41.4,,run
2026-08-01T01:35:44+03:00,1785537344,6568,67,3,31.3,46.7,,run
2026-08-01T01:35:50+03:00,1785537350,6574,67,3,31.3,46.7,,run
2026-08-01T01:35:55+03:00,1785537355,6579,67,3,31.3,42.6,,run
2026-08-01T01:36:00+03:00,1785537360,6584,67,3,31.3,40.2,,run
2026-08-01T01:36:05+03:00,1785537365,6589,67,3,31.3,39.8,,run
2026-08-01T01:36:11+03:00,1785537371,6595,67,3,31.3,40.2,,run
2026-08-01T01:36:16+03:00,1785537376,6600,67,3,31.3,41.1,,run
2026-08-01T01:36:21+03:00,1785537381,6605,67,3,31.3,39.5,,run
2026-08-01T01:36:26+03:00,1785537386,6610,67,3,31.3,40.2,,run
2026-08-01T01:36:32+03:00,1785537392,6616,67,3,31.3,51.0,,run
2026-08-01T01:36:37+03:00,1785537397,6621,67,3,31.3,42.6,,run
2026-08-01T01:36:43+03:00,1785537403,6627,67,3,31.3,43.6,,run
2026-08-01T01:36:48+03:00,1785537408,6632,67,3,31.3,41.7,,run
2026-08-01T01:36:53+03:00,1785537413,6637,67,3,31.3,40.5,,run
2026-08-01T01:36:58+03:00,1785537418,6642,67,3,31.3,40.2,,run
2026-08-01T01:37:04+03:00,1785537424,6648,67,3,31.3,41.1,,run
2026-08-01T01:37:09+03:00,1785537429,6653,67,3,31.3,41.7,,run
2026-08-01T01:37:14+03:00,1785537434,6658,67,3,31.3,40.8,,run
2026-08-01T01:37:19+03:00,1785537439,6663,67,3,31.3,40.5,,run
2026-08-01T01:37:24+03:00,1785537444,6668,67,3,31.3,40.8,,run
2026-08-01T01:37:30+03:00,1785537450,6674,67,3,31.3,39.8,,run
2026-08-01T01:37:35+03:00,1785537455,6679,67,3,31.3,39.8,,run
2026-08-01T01:37:40+03:00,1785537460,6684,67,3,31.3,41.7,,run
2026-08-01T01:37:45+03:00,1785537465,6689,67,3,31.3,45.4,,run
2026-08-01T01:37:51+03:00,1785537471,6695,67,3,31.3,51.9,,run
2026-08-01T01:37:56+03:00,1785537476,6700,67,3,31.3,45.7,,run
2026-08-01T01:38:01+03:00,1785537481,6705,67,3,31.3,40.5,,run
2026-08-01T01:38:06+03:00,1785537486,6710,67,3,31.3,39.8,,run
2026-08-01T01:38:12+03:00,1785537492,6716,67,3,31.3,40.2,,run
2026-08-01T01:38:17+03:00,1785537497,6721,67,3,31.3,38.9,,run
2026-08-01T01:38:22+03:00,1785537502,6726,66,3,31.1,38.9,,run
2026-08-01T01:38:27+03:00,1785537507,6731,66,3,31.1,41.7,,run
2026-08-01T01:38:33+03:00,1785537513,6737,66,3,31.1,42.3,,run
2026-08-01T01:38:38+03:00,1785537518,6742,66,3,31.1,46.0,,run
2026-08-01T01:38:43+03:00,1785537523,6747,66,3,31.1,40.8,,run
2026-08-01T01:38:48+03:00,1785537528,6752,66,3,31.1,40.5,,run
2026-08-01T01:38:54+03:00,1785537534,6758,66,3,31.1,40.8,,run
2026-08-01T01:38:59+03:00,1785537539,6763,66,3,31.1,41.1,,run
2026-08-01T01:39:04+03:00,1785537544,6768,66,3,31.1,42.0,,run
2026-08-01T01:39:09+03:00,1785537549,6773,66,3,31.1,40.2,,run
2026-08-01T01:39:15+03:00,1785537555,6779,66,3,31.1,44.5,,run
2026-08-01T01:39:20+03:00,1785537560,6784,66,3,31.1,40.5,,run
2026-08-01T01:39:25+03:00,1785537565,6789,66,3,31.1,40.2,,run
2026-08-01T01:39:30+03:00,1785537570,6794,66,3,31.1,41.7,,run
2026-08-01T01:39:36+03:00,1785537576,6800,66,3,31.1,40.5,,run
2026-08-01T01:39:41+03:00,1785537581,6805,66,3,31.1,39.8,,run
2026-08-01T01:39:46+03:00,1785537586,6810,66,3,31.1,40.2,,run
2026-08-01T01:39:51+03:00,1785537591,6815,66,3,31.1,50.7,,run
2026-08-01T01:39:57+03:00,1785537597,6821,66,3,31.1,42.3,,run
2026-08-01T01:40:02+03:00,1785537602,6826,66,3,31.1,42.0,,run
2026-08-01T01:40:07+03:00,1785537607,6831,66,3,31.1,39.8,,run
2026-08-01T01:40:12+03:00,1785537612,6836,66,3,31.1,39.8,,run
2026-08-01T01:40:18+03:00,1785537618,6842,66,3,31.1,40.8,,run
2026-08-01T01:40:23+03:00,1785537623,6847,66,3,31.1,40.2,,run
2026-08-01T01:40:28+03:00,1785537628,6852,66,3,31.1,40.5,,run
2026-08-01T01:40:33+03:00,1785537633,6857,66,3,31.1,41.7,,run
2026-08-01T01:40:39+03:00,1785537639,6863,66,3,31.1,50.1,,run
2026-08-01T01:40:44+03:00,1785537644,6868,66,3,31.1,42.9,,run
2026-08-01T01:40:49+03:00,1785537649,6873,66,3,31.1,40.8,,run
2026-08-01T01:40:54+03:00,1785537654,6878,66,3,31.1,40.8,,run
2026-08-01T01:41:00+03:00,1785537660,6884,66,3,31.1,40.8,,run
2026-08-01T01:41:05+03:00,1785537665,6889,66,3,31.1,39.8,,run
2026-08-01T01:41:10+03:00,1785537670,6894,66,3,31.1,39.8,,run
2026-08-01T01:41:15+03:00,1785537675,6899,66,3,31.1,41.4,,run
2026-08-01T01:41:20+03:00,1785537680,6904,66,3,31.1,41.4,,run
2026-08-01T01:41:26+03:00,1785537686,6910,66,3,31.1,39.5,,run
2026-08-01T01:41:31+03:00,1785537691,6915,66,3,31.1,40.8,,run
2026-08-01T01:41:36+03:00,1785537696,6920,66,3,31.1,39.5,,run
2026-08-01T01:41:41+03:00,1785537701,6925,66,3,31.1,40.2,,run
2026-08-01T01:41:47+03:00,1785537707,6931,66,3,31.1,42.0,,run
2026-08-01T01:41:52+03:00,1785537712,6936,66,3,31.1,43.2,,run
2026-08-01T01:41:57+03:00,1785537717,6941,66,3,31.1,46.0,,run
2026-08-01T01:42:02+03:00,1785537722,6946,66,3,31.1,41.1,,run
2026-08-01T01:42:07+03:00,1785537727,6951,66,3,31.1,40.2,,run
2026-08-01T01:42:13+03:00,1785537733,6957,66,3,31.1,39.2,,run
2026-08-01T01:42:18+03:00,1785537738,6962,66,3,31.1,38.9,,run
2026-08-01T01:42:23+03:00,1785537743,6967,66,3,31.1,39.5,,run
2026-08-01T01:42:28+03:00,1785537748,6972,66,3,31.1,39.8,,run
2026-08-01T01:42:34+03:00,1785537754,6978,66,3,31.1,38.9,,run
2026-08-01T01:42:39+03:00,1785537759,6983,66,3,31.1,51.6,,run
2026-08-01T01:42:45+03:00,1785537765,6989,66,3,31.1,44.5,,run
2026-08-01T01:42:50+03:00,1785537770,6994,66,3,31.1,41.7,,run
2026-08-01T01:42:55+03:00,1785537775,6999,66,3,31.1,40.8,,run
2026-08-01T01:43:00+03:00,1785537780,7004,66,3,31.1,41.4,,run
2026-08-01T01:43:05+03:00,1785537785,7009,66,3,31.1,41.7,,run
2026-08-01T01:43:11+03:00,1785537791,7015,66,3,31.1,42.3,,run
2026-08-01T01:43:16+03:00,1785537796,7020,66,3,31.1,41.7,,run
2026-08-01T01:43:21+03:00,1785537801,7025,66,3,31.1,40.5,,run
2026-08-01T01:43:26+03:00,1785537806,7030,66,3,31.1,40.2,,run
2026-08-01T01:43:32+03:00,1785537812,7036,66,3,31.1,43.9,,run
2026-08-01T01:43:37+03:00,1785537817,7041,66,3,31.1,41.4,,run
2026-08-01T01:43:42+03:00,1785537822,7046,66,3,31.1,42.6,,run
2026-08-01T01:43:47+03:00,1785537827,7051,66,3,31.1,41.4,,run
2026-08-01T01:43:53+03:00,1785537833,7057,66,3,31.1,48.2,,run
2026-08-01T01:43:58+03:00,1785537838,7062,66,3,31.1,50.7,,run
2026-08-01T01:44:03+03:00,1785537843,7067,66,3,31.1,44.2,,run
2026-08-01T01:44:08+03:00,1785537848,7072,66,3,30.6,40.2,,run
2026-08-01T01:44:14+03:00,1785537854,7078,66,3,30.6,38.9,,run
2026-08-01T01:44:19+03:00,1785537859,7083,66,3,30.6,38.3,,run
2026-08-01T01:44:24+03:00,1785537864,7088,66,3,30.6,39.2,,run
2026-08-01T01:44:29+03:00,1785537869,7093,66,3,30.6,39.5,,run
2026-08-01T01:44:34+03:00,1785537874,7098,66,3,30.6,39.2,,run
2026-08-01T01:44:40+03:00,1785537880,7104,66,3,30.6,41.7,,run
2026-08-01T01:44:45+03:00,1785537885,7109,66,3,30.6,44.8,,run
2026-08-01T01:44:50+03:00,1785537890,7114,66,3,30.6,41.7,,run
2026-08-01T01:44:56+03:00,1785537896,7120,66,3,30.6,42.0,,run
2026-08-01T01:45:01+03:00,1785537901,7125,66,3,30.6,40.5,,run
2026-08-01T01:45:06+03:00,1785537906,7130,66,3,30.6,41.1,,run
2026-08-01T01:45:11+03:00,1785537911,7135,66,3,30.6,40.5,,run
2026-08-01T01:45:16+03:00,1785537916,7140,66,3,30.6,39.8,,run
2026-08-01T01:45:22+03:00,1785537922,7146,66,3,30.6,42.6,,run
2026-08-01T01:45:27+03:00,1785537927,7151,66,3,30.6,40.2,,run
2026-08-01T01:45:32+03:00,1785537932,7156,66,3,30.6,39.5,,run
2026-08-01T01:45:37+03:00,1785537937,7161,66,3,30.6,39.2,,run
2026-08-01T01:45:43+03:00,1785537943,7167,66,3,30.6,39.2,,run
2026-08-01T01:45:48+03:00,1785537948,7172,66,3,30.6,40.2,,run
2026-08-01T01:45:53+03:00,1785537953,7177,66,3,30.6,40.5,,run
2026-08-01T01:45:58+03:00,1785537958,7182,66,3,30.6,49.7,,run
2026-08-01T01:46:04+03:00,1785537964,7188,66,3,30.6,41.1,,run
2026-08-01T01:46:09+03:00,1785537969,7193,66,3,30.6,40.5,,run
2026-08-01T01:46:14+03:00,1785537974,7198,66,3,30.6,40.2,,run
2026-08-01T01:46:20+03:00,1785537980,7204,66,3,30.6,38.3,,run
2026-08-01T01:46:25+03:00,1785537985,7209,66,3,30.6,38.3,,run
2026-08-01T01:46:30+03:00,1785537990,7214,66,3,30.6,38.3,,run
2026-08-01T01:46:35+03:00,1785537995,7219,66,3,30.6,38.0,,run
2026-08-01T01:46:40+03:00,1785538000,7224,66,3,30.6,39.5,,run
2026-08-01T01:46:46+03:00,1785538006,7230,66,3,30.6,51.3,,run
2026-08-01T01:46:51+03:00,1785538011,7235,66,3,30.6,41.1,,run
2026-08-01T01:46:56+03:00,1785538016,7240,66,3,30.6,41.1,,run
2026-08-01T01:47:02+03:00,1785538022,7246,66,3,30.6,39.8,,run
2026-08-01T01:47:07+03:00,1785538027,7251,66,3,30.6,38.9,,run
2026-08-01T01:47:12+03:00,1785538032,7256,66,3,30.6,41.4,,run
2026-08-01T01:47:17+03:00,1785538037,7261,66,3,30.6,41.1,,run
2026-08-01T01:47:22+03:00,1785538042,7266,66,3,30.6,40.2,,run
2026-08-01T01:47:28+03:00,1785538048,7272,66,3,30.6,39.2,,run
2026-08-01T01:47:33+03:00,1785538053,7277,66,3,30.6,39.5,,run
2026-08-01T01:47:38+03:00,1785538058,7282,66,3,30.6,39.8,,run
2026-08-01T01:47:43+03:00,1785538063,7287,66,3,30.6,41.1,,run
2026-08-01T01:47:49+03:00,1785538069,7293,66,3,30.6,39.5,,run
2026-08-01T01:47:54+03:00,1785538074,7298,66,3,30.6,40.2,,run
2026-08-01T01:47:59+03:00,1785538079,7303,66,3,30.6,47.0,,run
2026-08-01T01:48:04+03:00,1785538084,7308,66,3,30.6,50.1,,run
2026-08-01T01:48:10+03:00,1785538090,7314,66,3,30.6,43.6,,run
2026-08-01T01:48:15+03:00,1785538095,7319,66,3,30.6,39.5,,run
2026-08-01T01:48:20+03:00,1785538100,7324,66,3,30.6,38.9,,run
2026-08-01T01:48:25+03:00,1785538105,7329,66,3,30.6,38.3,,run
2026-08-01T01:48:30+03:00,1785538110,7334,66,3,30.6,38.0,,run
2026-08-01T01:48:36+03:00,1785538116,7340,66,3,30.6,38.3,,run
2026-08-01T01:48:41+03:00,1785538121,7345,66,3,30.6,38.0,,run
2026-08-01T01:48:46+03:00,1785538126,7350,66,3,30.6,42.3,,run
2026-08-01T01:48:51+03:00,1785538131,7355,66,3,30.6,46.3,,run
2026-08-01T01:48:57+03:00,1785538137,7361,66,3,30.6,41.1,,run
2026-08-01T01:49:02+03:00,1785538142,7366,65,3,30.4,41.1,,run
2026-08-01T01:49:07+03:00,1785538147,7371,65,3,30.4,39.5,,run
2026-08-01T01:49:12+03:00,1785538152,7376,65,3,30.4,40.8,,run
2026-08-01T01:49:18+03:00,1785538158,7382,65,3,30.4,41.1,,run
2026-08-01T01:49:23+03:00,1785538163,7387,65,3,30.4,40.2,,run
2026-08-01T01:49:28+03:00,1785538168,7392,65,3,30.4,39.2,,run
2026-08-01T01:49:33+03:00,1785538173,7397,65,3,30.4,39.8,,run
2026-08-01T01:49:39+03:00,1785538179,7403,65,3,30.4,39.5,,run
2026-08-01T01:49:44+03:00,1785538184,7408,65,3,30.4,39.5,,run
2026-08-01T01:49:49+03:00,1785538189,7413,65,3,30.4,41.4,,run
2026-08-01T01:49:54+03:00,1785538194,7418,65,3,30.4,41.7,,run
2026-08-01T01:49:59+03:00,1785538199,7423,65,3,30.4,41.1,,run
2026-08-01T01:50:05+03:00,1785538205,7429,65,3,30.4,51.0,,run
2026-08-01T01:50:10+03:00,1785538210,7434,65,3,30.4,42.0,,run
2026-08-01T01:50:16+03:00,1785538216,7440,65,3,30.4,41.7,,run
2026-08-01T01:50:21+03:00,1785538221,7445,65,3,30.4,39.8,,run
2026-08-01T01:50:26+03:00,1785538226,7450,65,3,30.4,38.9,,run
2026-08-01T01:50:31+03:00,1785538231,7455,65,3,30.4,50.4,,run
2026-08-01T01:50:37+03:00,1785538237,7461,65,3,30.4,42.0,,run
2026-08-01T01:50:42+03:00,1785538242,7466,65,3,30.4,40.2,,run
2026-08-01T01:50:47+03:00,1785538247,7471,65,3,30.4,42.6,,run
2026-08-01T01:50:52+03:00,1785538252,7476,65,3,30.4,40.5,,run
2026-08-01T01:50:58+03:00,1785538258,7482,65,3,30.4,40.2,,run
2026-08-01T01:51:03+03:00,1785538263,7487,65,3,30.4,39.2,,run
2026-08-01T01:51:08+03:00,1785538268,7492,65,3,30.4,40.2,,run
2026-08-01T01:51:13+03:00,1785538273,7497,65,3,30.4,40.5,,run
2026-08-01T01:51:19+03:00,1785538279,7503,65,3,30.4,41.4,,run
2026-08-01T01:51:24+03:00,1785538284,7508,65,3,30.4,40.5,,run
2026-08-01T01:51:29+03:00,1785538289,7513,65,3,30.4,40.2,,run
2026-08-01T01:51:34+03:00,1785538294,7518,65,3,30.4,39.2,,run
2026-08-01T01:51:39+03:00,1785538299,7523,65,3,30.4,39.2,,run
2026-08-01T01:51:45+03:00,1785538305,7529,65,3,30.4,43.9,,run
2026-08-01T01:51:50+03:00,1785538310,7534,65,3,30.4,50.7,,run
2026-08-01T01:51:55+03:00,1785538315,7539,65,3,30.4,44.5,,run
2026-08-01T01:52:01+03:00,1785538321,7545,65,3,30.4,39.5,,run
2026-08-01T01:52:06+03:00,1785538326,7550,65,3,30.4,38.9,,run
2026-08-01T01:52:11+03:00,1785538331,7555,65,3,30.4,38.3,,run
2026-08-01T01:52:16+03:00,1785538336,7560,65,3,30.4,38.6,,run
2026-08-01T01:52:21+03:00,1785538341,7565,65,3,30.4,38.3,,run
2026-08-01T01:52:27+03:00,1785538347,7571,65,3,30.4,38.3,,run
2026-08-01T01:52:32+03:00,1785538352,7576,65,3,30.4,43.6,,run
2026-08-01T01:52:37+03:00,1785538357,7581,65,3,30.4,42.6,,run
2026-08-01T01:52:43+03:00,1785538363,7587,65,3,30.4,39.8,,run
2026-08-01T01:52:48+03:00,1785538368,7592,65,3,30.4,41.1,,run
2026-08-01T01:52:53+03:00,1785538373,7597,65,3,30.4,40.8,,run
2026-08-01T01:52:58+03:00,1785538378,7602,65,3,30.4,39.5,,run
2026-08-01T01:53:04+03:00,1785538384,7608,65,3,30.4,39.8,,run
2026-08-01T01:53:09+03:00,1785538389,7613,65,3,30.4,38.9,,run
2026-08-01T01:53:14+03:00,1785538394,7618,65,3,30.4,38.6,,run
2026-08-01T01:53:19+03:00,1785538399,7623,65,3,30.4,41.4,,run
2026-08-01T01:53:25+03:00,1785538405,7629,65,3,30.4,40.5,,run
2026-08-01T01:53:30+03:00,1785538410,7634,65,3,30.4,38.9,,run
2026-08-01T01:53:35+03:00,1785538415,7639,65,3,30.4,38.9,,run
2026-08-01T01:53:40+03:00,1785538420,7644,65,3,30.4,40.2,,run
2026-08-01T01:53:45+03:00,1785538425,7649,65,3,30.4,41.4,,run
2026-08-01T01:53:51+03:00,1785538431,7655,65,3,30.4,51.0,,run
2026-08-01T01:53:56+03:00,1785538436,7660,65,3,30.4,42.0,,run
2026-08-01T01:54:02+03:00,1785538442,7666,65,3,30.4,41.4,,run
2026-08-01T01:54:07+03:00,1785538447,7671,65,3,30.3,39.2,,run
2026-08-01T01:54:12+03:00,1785538452,7676,65,3,30.3,38.3,,run
2026-08-01T01:54:17+03:00,1785538457,7681,65,3,30.3,38.9,,run
2026-08-01T01:54:23+03:00,1785538463,7687,65,3,30.3,39.5,,run
2026-08-01T01:54:28+03:00,1785538468,7692,65,3,30.3,41.1,,run
2026-08-01T01:54:33+03:00,1785538473,7697,65,3,30.3,41.4,,run
2026-08-01T01:54:38+03:00,1785538478,7702,65,3,30.3,48.8,,run
2026-08-01T01:54:44+03:00,1785538484,7708,65,3,30.3,41.7,,run
2026-08-01T01:54:49+03:00,1785538489,7713,65,3,30.3,41.4,,run
2026-08-01T01:54:54+03:00,1785538494,7718,65,3,30.3,41.7,,run
2026-08-01T01:54:59+03:00,1785538499,7723,65,3,30.3,41.1,,run
2026-08-01T01:55:05+03:00,1785538505,7729,65,3,30.3,42.3,,run
2026-08-01T01:55:10+03:00,1785538510,7734,65,3,30.3,41.7,,run
2026-08-01T01:55:15+03:00,1785538515,7739,65,3,30.3,41.7,,run
2026-08-01T01:55:20+03:00,1785538520,7744,65,3,30.3,42.0,,run
2026-08-01T01:55:25+03:00,1785538525,7749,65,3,30.3,42.0,,run
2026-08-01T01:55:31+03:00,1785538531,7755,65,3,30.3,40.8,,run
2026-08-01T01:55:36+03:00,1785538536,7760,65,3,30.3,41.1,,run
2026-08-01T01:55:41+03:00,1785538541,7765,65,3,30.3,40.8,,run
2026-08-01T01:55:46+03:00,1785538546,7770,65,3,30.3,40.2,,run
2026-08-01T01:55:52+03:00,1785538552,7776,65,3,30.3,50.4,,run
2026-08-01T01:55:57+03:00,1785538557,7781,65,3,30.3,42.6,,run
2026-08-01T01:56:02+03:00,1785538562,7786,65,3,30.3,43.6,,run
2026-08-01T01:56:08+03:00,1785538568,7792,65,3,30.3,38.9,,run
2026-08-01T01:56:13+03:00,1785538573,7797,65,3,30.3,38.6,,run
2026-08-01T01:56:18+03:00,1785538578,7802,65,3,30.3,39.8,,run
2026-08-01T01:56:23+03:00,1785538583,7807,65,3,30.3,39.8,,run
2026-08-01T01:56:28+03:00,1785538588,7812,65,3,30.3,39.5,,run
2026-08-01T01:56:34+03:00,1785538594,7818,65,3,30.3,38.6,,run
2026-08-01T01:56:39+03:00,1785538599,7823,65,3,30.3,50.4,,run
2026-08-01T01:56:44+03:00,1785538604,7828,65,3,30.3,41.7,,run
2026-08-01T01:56:49+03:00,1785538609,7833,65,3,30.3,41.7,,run
2026-08-01T01:56:55+03:00,1785538615,7839,65,3,30.3,40.8,,run
2026-08-01T01:57:00+03:00,1785538620,7844,65,3,30.3,41.4,,run
2026-08-01T01:57:05+03:00,1785538625,7849,65,3,30.3,40.8,,run
2026-08-01T01:57:10+03:00,1785538630,7854,65,3,30.3,39.5,,run
2026-08-01T01:57:16+03:00,1785538636,7860,65,3,30.3,39.8,,run
2026-08-01T01:57:21+03:00,1785538641,7865,65,3,30.3,38.9,,run
2026-08-01T01:57:26+03:00,1785538646,7870,65,3,30.3,41.4,,run
2026-08-01T01:57:31+03:00,1785538651,7875,65,3,30.3,40.5,,run
2026-08-01T01:57:36+03:00,1785538656,7880,65,3,30.3,40.8,,run
2026-08-01T01:57:42+03:00,1785538662,7886,65,3,30.3,40.5,,run
2026-08-01T01:57:47+03:00,1785538667,7891,65,3,30.3,39.5,,run
2026-08-01T01:57:52+03:00,1785538672,7896,65,3,30.3,47.6,,run
2026-08-01T01:57:57+03:00,1785538677,7901,65,3,30.3,49.1,,run
2026-08-01T01:58:03+03:00,1785538683,7907,65,3,30.3,46.0,,run
2026-08-01T01:58:08+03:00,1785538688,7912,65,3,30.3,39.8,,run
2026-08-01T01:58:13+03:00,1785538693,7917,65,3,30.3,39.2,,run
2026-08-01T01:58:18+03:00,1785538698,7922,65,3,30.3,39.5,,run
2026-08-01T01:58:24+03:00,1785538704,7928,65,3,30.3,38.0,,run
2026-08-01T01:58:29+03:00,1785538709,7933,65,3,30.3,39.2,,run
2026-08-01T01:58:34+03:00,1785538714,7938,65,3,30.3,39.5,,run
2026-08-01T01:58:39+03:00,1785538719,7943,65,3,30.3,50.4,,run
2026-08-01T01:58:45+03:00,1785538725,7949,65,3,30.3,42.9,,run
2026-08-01T01:58:50+03:00,1785538730,7954,65,3,30.3,41.7,,run
2026-08-01T01:58:55+03:00,1785538735,7959,65,3,30.3,41.1,,run
2026-08-01T01:59:00+03:00,1785538740,7964,65,3,30.3,41.1,,run
2026-08-01T01:59:05+03:00,1785538745,7969,65,3,30.3,39.8,,run
2026-08-01T01:59:11+03:00,1785538751,7975,65,3,30.3,41.4,,run
2026-08-01T01:59:16+03:00,1785538756,7980,65,3,30.3,42.6,,run
2026-08-01T01:59:21+03:00,1785538761,7985,65,3,30.3,42.0,,run
2026-08-01T01:59:26+03:00,1785538766,7990,65,3,30.3,41.1,,run
2026-08-01T01:59:32+03:00,1785538772,7996,65,3,30.3,40.2,,run
2026-08-01T01:59:37+03:00,1785538777,8001,65,3,30.3,39.5,,run
2026-08-01T01:59:42+03:00,1785538782,8006,64,3,30.8,42.0,,run
2026-08-01T01:59:47+03:00,1785538787,8011,64,3,30.8,40.8,,run
2026-08-01T01:59:53+03:00,1785538793,8017,64,3,30.8,48.8,,run
2026-08-01T01:59:58+03:00,1785538798,8022,64,3,30.8,51.3,,run
2026-08-01T02:00:03+03:00,1785538803,8027,64,3,30.8,43.9,,run
2026-08-01T02:00:08+03:00,1785538808,8032,64,3,30.8,40.2,,run
2026-08-01T02:00:14+03:00,1785538814,8038,64,3,30.8,39.8,,run
2026-08-01T02:00:19+03:00,1785538819,8043,64,3,30.8,38.6,,run
2026-08-01T02:00:24+03:00,1785538824,8048,64,3,30.8,38.6,,run
2026-08-01T02:00:29+03:00,1785538829,8053,64,3,30.8,39.5,,run
2026-08-01T02:00:34+03:00,1785538834,8058,64,3,30.8,42.6,,run
2026-08-01T02:00:40+03:00,1785538840,8064,64,3,30.8,50.4,,run
2026-08-01T02:00:45+03:00,1785538845,8069,64,3,30.8,42.9,,run
2026-08-01T02:00:51+03:00,1785538851,8075,64,3,30.8,40.8,,run
2026-08-01T02:00:56+03:00,1785538856,8080,64,3,30.8,40.5,,run
2026-08-01T02:01:01+03:00,1785538861,8085,64,3,30.8,40.8,,run
2026-08-01T02:01:06+03:00,1785538866,8090,64,3,30.8,42.6,,run
2026-08-01T02:01:12+03:00,1785538872,8096,64,3,30.8,40.5,,run
2026-08-01T02:01:17+03:00,1785538877,8101,64,3,30.8,40.8,,run
2026-08-01T02:01:22+03:00,1785538882,8106,64,3,30.8,40.8,,run
2026-08-01T02:01:27+03:00,1785538887,8111,64,3,30.8,39.5,,run
2026-08-01T02:01:32+03:00,1785538892,8116,64,3,30.8,40.5,,run
2026-08-01T02:01:38+03:00,1785538898,8122,64,3,30.8,42.0,,run
2026-08-01T02:01:43+03:00,1785538903,8127,64,3,30.8,39.8,,run
2026-08-01T02:01:48+03:00,1785538908,8132,64,3,30.8,40.2,,run
2026-08-01T02:01:53+03:00,1785538913,8137,64,3,30.8,45.4,,run
2026-08-01T02:01:59+03:00,1785538919,8143,64,3,30.8,51.3,,run
2026-08-01T02:02:04+03:00,1785538924,8148,64,3,30.8,46.0,,run
2026-08-01T02:02:09+03:00,1785538929,8153,64,3,30.8,39.8,,run
2026-08-01T02:02:15+03:00,1785538934,8158,64,3,30.8,39.8,,run
2026-08-01T02:02:20+03:00,1785538940,8164,64,3,30.8,38.9,,run
2026-08-01T02:02:25+03:00,1785538945,8169,64,3,30.8,38.9,,run
2026-08-01T02:02:30+03:00,1785538950,8174,64,3,30.8,39.5,,run
2026-08-01T02:02:35+03:00,1785538955,8179,64,3,30.8,39.8,,run
2026-08-01T02:02:41+03:00,1785538961,8185,64,3,30.8,43.9,,run
2026-08-01T02:02:46+03:00,1785538966,8190,64,3,30.8,48.8,,run
2026-08-01T02:02:51+03:00,1785538971,8195,64,3,30.8,42.3,,run
2026-08-01T02:02:56+03:00,1785538976,8200,64,3,30.8,43.2,,run
2026-08-01T02:03:02+03:00,1785538982,8206,64,3,30.8,42.6,,run
2026-08-01T02:03:07+03:00,1785538987,8211,64,3,30.8,43.2,,run
2026-08-01T02:03:12+03:00,1785538992,8216,64,3,30.8,42.9,,run
2026-08-01T02:03:17+03:00,1785538997,8221,64,3,30.8,41.1,,run
2026-08-01T02:03:23+03:00,1785539003,8227,64,3,30.8,40.8,,run
2026-08-01T02:03:28+03:00,1785539008,8232,64,3,30.8,42.9,,run
2026-08-01T02:03:33+03:00,1785539013,8237,64,3,30.8,42.0,,run
2026-08-01T02:03:38+03:00,1785539018,8242,64,3,30.8,43.6,,run
2026-08-01T02:03:44+03:00,1785539024,8248,64,3,30.8,41.4,,run
2026-08-01T02:03:49+03:00,1785539029,8253,64,3,30.8,40.8,,run
2026-08-01T02:03:54+03:00,1785539034,8258,64,3,30.8,42.3,,run
2026-08-01T02:03:59+03:00,1785539039,8263,64,3,30.8,52.5,,run
2026-08-01T02:04:05+03:00,1785539045,8269,64,3,31.0,42.0,,run
2026-08-01T02:04:10+03:00,1785539050,8274,64,3,31.0,42.0,,run
2026-08-01T02:04:15+03:00,1785539055,8279,64,3,31.0,39.8,,run
2026-08-01T02:04:20+03:00,1785539060,8284,64,3,31.0,39.8,,run
2026-08-01T02:04:26+03:00,1785539066,8290,64,3,31.0,39.8,,run
2026-08-01T02:04:31+03:00,1785539071,8295,64,3,31.0,40.5,,run
2026-08-01T02:04:36+03:00,1785539076,8300,64,3,31.0,41.1,,run
2026-08-01T02:04:41+03:00,1785539081,8305,64,3,31.0,42.0,,run
2026-08-01T02:04:47+03:00,1785539087,8311,64,3,31.0,51.3,,run
2026-08-01T02:04:52+03:00,1785539092,8316,64,3,31.0,42.9,,run
2026-08-01T02:04:57+03:00,1785539097,8321,64,3,31.0,44.2,,run
2026-08-01T02:05:02+03:00,1785539102,8326,64,3,31.0,42.9,,run
2026-08-01T02:05:08+03:00,1785539108,8332,64,3,31.0,44.2,,run
2026-08-01T02:05:13+03:00,1785539113,8337,64,3,31.0,43.6,,run
2026-08-01T02:05:18+03:00,1785539118,8342,64,3,31.0,43.9,,run
2026-08-01T02:05:23+03:00,1785539123,8347,64,3,31.0,43.9,,run
2026-08-01T02:05:29+03:00,1785539129,8353,64,3,31.0,42.3,,run
2026-08-01T02:05:34+03:00,1785539134,8358,64,3,31.0,42.9,,run
2026-08-01T02:05:39+03:00,1785539139,8363,64,3,31.0,44.5,,run
2026-08-01T02:05:44+03:00,1785539144,8368,64,3,31.0,43.9,,run
2026-08-01T02:05:49+03:00,1785539149,8373,64,3,31.0,43.2,,run
2026-08-01T02:05:55+03:00,1785539155,8379,64,3,31.0,42.9,,run
2026-08-01T02:06:00+03:00,1785539160,8384,64,3,31.0,52.8,,run
2026-08-01T02:06:05+03:00,1785539165,8389,64,3,31.0,43.9,,run
2026-08-01T02:06:11+03:00,1785539171,8395,64,3,31.0,44.2,,run
2026-08-01T02:06:16+03:00,1785539176,8400,64,3,31.0,40.2,,run
2026-08-01T02:06:21+03:00,1785539181,8405,64,3,31.0,39.8,,run
2026-08-01T02:06:26+03:00,1785539186,8410,64,3,31.0,39.8,,run
2026-08-01T02:06:32+03:00,1785539192,8416,64,3,31.0,40.2,,run
2026-08-01T02:06:37+03:00,1785539197,8421,64,3,31.0,39.5,,run
2026-08-01T02:06:42+03:00,1785539202,8426,64,3,31.0,40.2,,run
2026-08-01T02:06:47+03:00,1785539207,8431,64,3,31.0,51.3,,run
2026-08-01T02:06:53+03:00,1785539213,8437,64,3,31.0,42.3,,run
2026-08-01T02:06:58+03:00,1785539218,8442,64,3,31.0,43.6,,run
2026-08-01T02:07:03+03:00,1785539223,8447,64,3,31.0,42.0,,run
2026-08-01T02:07:08+03:00,1785539228,8452,64,3,31.0,41.7,,run
2026-08-01T02:07:13+03:00,1785539233,8457,64,3,31.0,41.4,,run
2026-08-01T02:07:19+03:00,1785539239,8463,64,3,31.0,41.4,,run
2026-08-01T02:07:24+03:00,1785539244,8468,64,3,31.0,42.3,,run
2026-08-01T02:07:29+03:00,1785539249,8473,64,3,31.0,42.0,,run
2026-08-01T02:07:34+03:00,1785539254,8478,64,3,31.0,41.7,,run
2026-08-01T02:07:40+03:00,1785539260,8484,64,3,31.0,40.5,,run
2026-08-01T02:07:45+03:00,1785539265,8489,64,3,31.0,40.5,,run
2026-08-01T02:07:50+03:00,1785539270,8494,64,3,31.0,39.8,,run
2026-08-01T02:07:55+03:00,1785539275,8499,64,3,31.0,42.0,,run
2026-08-01T02:08:00+03:00,1785539280,8504,64,3,31.0,47.0,,run
2026-08-01T02:08:06+03:00,1785539286,8510,64,3,31.0,52.5,,run
2026-08-01T02:08:11+03:00,1785539291,8515,64,3,31.0,44.5,,run
2026-08-01T02:08:16+03:00,1785539296,8520,64,3,31.0,41.1,,run
2026-08-01T02:08:22+03:00,1785539302,8526,64,3,31.0,40.5,,run
2026-08-01T02:08:27+03:00,1785539307,8531,64,3,31.0,39.8,,run
2026-08-01T02:08:32+03:00,1785539312,8536,64,3,31.0,38.9,,run
2026-08-01T02:08:37+03:00,1785539317,8541,64,3,31.0,39.8,,run
2026-08-01T02:08:42+03:00,1785539322,8546,64,3,31.0,39.5,,run
2026-08-01T02:08:48+03:00,1785539328,8552,64,3,31.0,40.2,,run
2026-08-01T02:08:53+03:00,1785539333,8557,64,3,31.0,51.0,,run
2026-08-01T02:08:58+03:00,1785539338,8562,64,3,31.0,43.2,,run
2026-08-01T02:09:03+03:00,1785539343,8567,64,3,31.0,44.2,,run
2026-08-01T02:09:09+03:00,1785539349,8573,64,3,31.0,44.5,,run
2026-08-01T02:09:14+03:00,1785539354,8578,64,3,31.0,43.6,,run
2026-08-01T02:09:19+03:00,1785539359,8583,64,3,31.0,42.3,,run
2026-08-01T02:09:24+03:00,1785539364,8588,63,3,31.3,42.6,,run
2026-08-01T02:09:30+03:00,1785539370,8594,63,3,31.3,44.8,,run
2026-08-01T02:09:35+03:00,1785539375,8599,63,3,31.3,45.4,,run
2026-08-01T02:09:40+03:00,1785539380,8604,63,3,31.3,44.2,,run
2026-08-01T02:09:45+03:00,1785539385,8609,63,3,31.3,43.2,,run
2026-08-01T02:09:50+03:00,1785539390,8614,63,3,31.3,42.3,,run
2026-08-01T02:09:56+03:00,1785539396,8620,63,3,31.3,42.6,,run
2026-08-01T02:10:01+03:00,1785539401,8625,63,3,31.3,43.2,,run
2026-08-01T02:10:06+03:00,1785539406,8630,63,3,31.3,46.7,,run
2026-08-01T02:10:11+03:00,1785539411,8635,63,3,31.3,45.7,,run
2026-08-01T02:10:17+03:00,1785539417,8641,63,3,31.3,42.9,,run
2026-08-01T02:10:22+03:00,1785539422,8646,63,3,31.3,40.8,,run
2026-08-01T02:10:27+03:00,1785539427,8651,63,3,31.3,39.8,,run
2026-08-01T02:10:32+03:00,1785539432,8656,63,3,31.3,42.0,,run
2026-08-01T02:10:38+03:00,1785539438,8662,63,3,31.3,48.5,,run
2026-08-01T02:10:43+03:00,1785539443,8667,63,3,31.3,43.6,,run
2026-08-01T02:10:48+03:00,1785539448,8672,63,3,31.3,42.0,,run
2026-08-01T02:10:53+03:00,1785539453,8677,63,3,31.3,40.5,,run
2026-08-01T02:10:58+03:00,1785539458,8682,63,3,31.3,40.5,,run
2026-08-01T02:11:04+03:00,1785539464,8688,63,3,31.3,40.5,,run
2026-08-01T02:11:09+03:00,1785539469,8693,63,3,31.3,41.4,,run
2026-08-01T02:11:14+03:00,1785539474,8698,63,3,31.3,42.3,,run
2026-08-01T02:11:19+03:00,1785539479,8703,63,3,31.3,41.1,,run
2026-08-01T02:11:25+03:00,1785539485,8709,63,3,31.3,40.5,,run
2026-08-01T02:11:30+03:00,1785539490,8714,63,3,31.3,41.1,,run
2026-08-01T02:11:35+03:00,1785539495,8719,63,3,31.3,40.2,,run
2026-08-01T02:11:40+03:00,1785539500,8724,63,3,31.3,42.3,,run
2026-08-01T02:11:46+03:00,1785539506,8730,63,3,31.3,41.7,,run
2026-08-01T02:11:51+03:00,1785539511,8735,63,3,31.3,49.7,,run
2026-08-01T02:11:56+03:00,1785539516,8740,63,3,31.3,43.2,,run
2026-08-01T02:12:02+03:00,1785539522,8746,63,3,31.3,44.2,,run
2026-08-01T02:12:07+03:00,1785539527,8751,63,3,31.3,39.8,,run
2026-08-01T02:12:12+03:00,1785539532,8756,63,3,31.3,40.2,,run
2026-08-01T02:12:17+03:00,1785539537,8761,63,3,31.3,40.5,,run
2026-08-01T02:12:22+03:00,1785539542,8766,63,3,31.3,41.4,,run
2026-08-01T02:12:28+03:00,1785539548,8772,63,3,31.3,40.2,,run
2026-08-01T02:12:33+03:00,1785539553,8777,63,3,31.3,41.1,,run
2026-08-01T02:12:38+03:00,1785539558,8782,63,3,31.3,51.3,,run
2026-08-01T02:12:44+03:00,1785539564,8788,63,3,31.3,43.2,,run
2026-08-01T02:12:49+03:00,1785539569,8793,63,3,31.3,42.3,,run
2026-08-01T02:12:54+03:00,1785539574,8798,63,3,31.3,42.3,,run
2026-08-01T02:13:00+03:00,1785539580,8804,63,3,31.3,41.1,,run
2026-08-01T02:13:05+03:00,1785539585,8809,63,3,31.3,40.8,,run
2026-08-01T02:13:10+03:00,1785539590,8814,63,3,31.3,41.1,,run
2026-08-01T02:13:15+03:00,1785539595,8819,63,3,31.3,42.0,,run
2026-08-01T02:13:21+03:00,1785539601,8825,63,3,31.3,40.8,,run
2026-08-01T02:13:26+03:00,1785539606,8830,63,3,31.3,40.5,,run
2026-08-01T02:13:31+03:00,1785539611,8835,63,3,31.3,40.8,,run
2026-08-01T02:13:36+03:00,1785539616,8840,63,3,31.3,40.5,,run
2026-08-01T02:13:41+03:00,1785539621,8845,63,3,31.3,40.5,,run
2026-08-01T02:13:47+03:00,1785539627,8851,63,3,31.3,43.2,,run
2026-08-01T02:13:52+03:00,1785539632,8856,63,3,31.3,46.0,,run
2026-08-01T02:13:57+03:00,1785539637,8861,63,3,31.3,52.5,,run
2026-08-01T02:14:03+03:00,1785539643,8867,63,3,31.3,44.2,,run
2026-08-01T02:14:08+03:00,1785539648,8872,63,3,31.2,40.5,,run
2026-08-01T02:14:13+03:00,1785539653,8877,63,3,31.2,39.5,,run
2026-08-01T02:14:18+03:00,1785539658,8882,63,3,31.2,39.2,,run
2026-08-01T02:14:23+03:00,1785539663,8887,63,3,31.2,38.6,,run
2026-08-01T02:14:29+03:00,1785539669,8893,63,3,31.2,39.8,,run
2026-08-01T02:14:34+03:00,1785539674,8898,63,3,31.2,39.8,,run
2026-08-01T02:14:39+03:00,1785539679,8903,63,3,31.2,51.9,,run
2026-08-01T02:14:44+03:00,1785539684,8908,63,3,31.2,42.0,,run
2026-08-01T02:14:50+03:00,1785539690,8914,63,3,31.2,41.7,,run
2026-08-01T02:14:55+03:00,1785539695,8919,63,3,31.2,42.6,,run
2026-08-01T02:15:00+03:00,1785539700,8924,63,3,31.2,41.7,,run
2026-08-01T02:15:05+03:00,1785539705,8929,63,3,31.2,40.5,,run
2026-08-01T02:15:10+03:00,1785539710,8934,63,3,31.2,41.7,,run
2026-08-01T02:15:16+03:00,1785539716,8940,63,3,31.2,40.2,,run
2026-08-01T02:15:21+03:00,1785539721,8945,63,3,31.2,42.3,,run
2026-08-01T02:15:26+03:00,1785539726,8950,63,3,31.2,40.8,,run
2026-08-01T02:15:31+03:00,1785539731,8955,63,3,31.2,40.2,,run
2026-08-01T02:15:37+03:00,1785539737,8961,63,3,31.2,41.4,,run
2026-08-01T02:15:42+03:00,1785539742,8966,63,3,31.2,40.2,,run
2026-08-01T02:15:47+03:00,1785539747,8971,63,3,31.2,40.5,,run
2026-08-01T02:15:52+03:00,1785539752,8976,63,3,31.2,47.3,,run
2026-08-01T02:15:57+03:00,1785539757,8981,63,3,31.2,52.2,,run
2026-08-01T02:16:03+03:00,1785539763,8987,63,3,31.2,42.3,,run
2026-08-01T02:16:08+03:00,1785539768,8992,63,3,31.2,40.2,,run
2026-08-01T02:16:13+03:00,1785539773,8997,63,3,31.2,41.7,,run
2026-08-01T02:16:18+03:00,1785539778,9002,63,3,31.2,41.1,,run
2026-08-01T02:16:24+03:00,1785539784,9008,63,3,31.2,40.8,,run
2026-08-01T02:16:29+03:00,1785539789,9013,63,3,31.2,39.8,,run
2026-08-01T02:16:34+03:00,1785539794,9018,63,3,31.2,42.3,,run
2026-08-01T02:16:40+03:00,1785539800,9024,63,3,31.2,50.7,,run
2026-08-01T02:16:45+03:00,1785539805,9029,63,3,31.2,43.6,,run
2026-08-01T02:16:50+03:00,1785539810,9034,63,3,31.2,42.3,,run
2026-08-01T02:16:55+03:00,1785539815,9039,63,3,31.2,41.4,,run
2026-08-01T02:17:00+03:00,1785539820,9044,63,3,31.2,40.5,,run
2026-08-01T02:17:06+03:00,1785539826,9050,63,3,31.2,40.8,,run
2026-08-01T02:17:11+03:00,1785539831,9055,63,3,31.2,40.8,,run
2026-08-01T02:17:16+03:00,1785539836,9060,63,3,31.2,42.3,,run
2026-08-01T02:17:21+03:00,1785539841,9065,63,3,31.2,42.0,,run
2026-08-01T02:17:27+03:00,1785539847,9071,63,3,31.2,41.4,,run
2026-08-01T02:17:32+03:00,1785539852,9076,63,3,31.2,41.7,,run
2026-08-01T02:17:37+03:00,1785539857,9081,63,3,31.2,39.8,,run
2026-08-01T02:17:42+03:00,1785539862,9086,63,3,31.2,39.8,,run
2026-08-01T02:17:47+03:00,1785539867,9091,63,3,31.2,42.0,,run
2026-08-01T02:17:53+03:00,1785539873,9097,63,3,31.2,43.6,,run
2026-08-01T02:17:58+03:00,1785539878,9102,63,3,31.2,45.1,,run
2026-08-01T02:18:03+03:00,1785539883,9107,63,3,31.2,42.9,,run
2026-08-01T02:18:08+03:00,1785539888,9112,63,3,31.2,39.8,,run
2026-08-01T02:18:14+03:00,1785539894,9118,63,3,31.2,39.8,,run
2026-08-01T02:18:19+03:00,1785539899,9123,63,3,31.2,39.5,,run
2026-08-01T02:18:24+03:00,1785539904,9128,63,3,31.2,43.9,,run
2026-08-01T02:18:29+03:00,1785539909,9133,63,3,31.2,40.8,,run
2026-08-01T02:18:34+03:00,1785539914,9138,63,3,31.2,50.7,,run
2026-08-01T02:18:40+03:00,1785539920,9144,63,3,31.2,45.4,,run
2026-08-01T02:18:45+03:00,1785539925,9149,63,3,31.2,44.5,,run
2026-08-01T02:18:51+03:00,1785539931,9155,63,3,31.2,42.6,,run
2026-08-01T02:18:56+03:00,1785539936,9160,63,3,31.2,42.9,,run
2026-08-01T02:19:01+03:00,1785539941,9165,62,3,31.2,44.5,,run
2026-08-01T02:19:06+03:00,1785539946,9170,62,3,31.2,43.6,,run
2026-08-01T02:19:12+03:00,1785539952,9176,62,3,31.2,44.2,,run
2026-08-01T02:19:17+03:00,1785539957,9181,62,3,31.2,42.6,,run
2026-08-01T02:19:22+03:00,1785539962,9186,62,3,31.2,42.6,,run
2026-08-01T02:19:27+03:00,1785539967,9191,62,3,31.2,45.1,,run
2026-08-01T02:19:32+03:00,1785539972,9196,62,3,31.2,44.2,,run
2026-08-01T02:19:38+03:00,1785539978,9202,62,3,31.2,42.9,,run
2026-08-01T02:19:43+03:00,1785539983,9207,62,3,31.2,44.8,,run
2026-08-01T02:19:48+03:00,1785539988,9212,62,3,31.2,46.3,,run
2026-08-01T02:19:53+03:00,1785539993,9217,62,3,31.2,52.5,,run
2026-08-01T02:19:59+03:00,1785539999,9223,62,3,31.2,44.8,,run
2026-08-01T02:20:04+03:00,1785540004,9228,62,3,31.2,41.1,,run
2026-08-01T02:20:09+03:00,1785540009,9233,62,3,31.2,40.8,,run
2026-08-01T02:20:14+03:00,1785540014,9238,62,3,31.2,39.8,,run
2026-08-01T02:20:20+03:00,1785540020,9244,62,3,31.2,39.2,,run
2026-08-01T02:20:25+03:00,1785540025,9249,62,3,31.2,41.1,,run
2026-08-01T02:20:30+03:00,1785540030,9254,62,3,31.2,41.4,,run
2026-08-01T02:20:35+03:00,1785540035,9259,62,3,31.2,50.1,,run
2026-08-01T02:20:41+03:00,1785540041,9265,62,3,31.2,44.2,,run
2026-08-01T02:20:46+03:00,1785540046,9270,62,3,31.2,42.3,,run
2026-08-01T02:20:51+03:00,1785540051,9275,62,3,31.2,40.2,,run
2026-08-01T02:20:57+03:00,1785540057,9281,62,3,31.2,43.9,,run
2026-08-01T02:21:02+03:00,1785540062,9286,62,3,31.2,40.8,,run
2026-08-01T02:21:07+03:00,1785540067,9291,62,3,31.2,41.1,,run
2026-08-01T02:21:12+03:00,1785540072,9296,62,3,31.2,40.2,,run
2026-08-01T02:21:17+03:00,1785540077,9301,62,3,31.2,40.2,,run
2026-08-01T02:21:23+03:00,1785540083,9307,62,3,31.2,41.1,,run
2026-08-01T02:21:28+03:00,1785540088,9312,62,3,31.2,41.7,,run
2026-08-01T02:21:33+03:00,1785540093,9317,62,3,31.2,40.8,,run
2026-08-01T02:21:38+03:00,1785540098,9322,62,3,31.2,40.2,,run
2026-08-01T02:21:44+03:00,1785540104,9328,62,3,31.2,40.8,,run
2026-08-01T02:21:49+03:00,1785540109,9333,62,3,31.2,40.2,,run
2026-08-01T02:21:54+03:00,1785540114,9338,62,3,31.2,51.3,,run
2026-08-01T02:22:00+03:00,1785540120,9344,62,3,31.2,42.6,,run
2026-08-01T02:22:05+03:00,1785540125,9349,62,3,31.2,41.4,,run
2026-08-01T02:22:10+03:00,1785540130,9354,62,3,31.2,39.5,,run
2026-08-01T02:22:15+03:00,1785540135,9359,62,3,31.2,39.8,,run
2026-08-01T02:22:21+03:00,1785540141,9365,62,3,31.2,54.7,,run
2026-08-01T02:22:26+03:00,1785540146,9370,62,3,31.2,44.5,,run
2026-08-01T02:22:31+03:00,1785540151,9375,62,3,31.2,41.1,,run
2026-08-01T02:22:36+03:00,1785540156,9380,62,3,31.2,40.8,,run
2026-08-01T02:22:42+03:00,1785540162,9386,62,3,31.2,40.8,,run
2026-08-01T02:22:47+03:00,1785540167,9391,62,3,31.2,40.2,,run
2026-08-01T02:22:52+03:00,1785540172,9396,62,3,31.2,42.3,,run
2026-08-01T02:22:57+03:00,1785540177,9401,62,3,31.2,41.4,,run
2026-08-01T02:23:03+03:00,1785540183,9407,62,3,31.2,41.7,,run
2026-08-01T02:23:08+03:00,1785540188,9412,62,3,31.2,39.8,,run
2026-08-01T02:23:13+03:00,1785540193,9417,62,3,31.2,39.8,,run
2026-08-01T02:23:18+03:00,1785540198,9422,62,3,31.2,39.5,,run
2026-08-01T02:23:24+03:00,1785540204,9428,62,3,31.2,42.3,,run
2026-08-01T02:23:29+03:00,1785540209,9433,62,3,31.2,40.5,,run
2026-08-01T02:23:34+03:00,1785540214,9438,62,3,31.2,45.7,,run
2026-08-01T02:23:39+03:00,1785540219,9443,62,3,31.2,52.2,,run
2026-08-01T02:23:45+03:00,1785540225,9449,62,3,31.2,45.7,,run
2026-08-01T02:23:50+03:00,1785540230,9454,62,3,31.2,41.4,,run
2026-08-01T02:23:55+03:00,1785540235,9459,62,3,31.2,40.5,,run
2026-08-01T02:24:00+03:00,1785540240,9464,62,3,31.2,38.6,,run
2026-08-01T02:24:05+03:00,1785540245,9469,62,3,31.0,38.9,,run
2026-08-01T02:24:11+03:00,1785540251,9475,62,3,31.0,39.8,,run
2026-08-01T02:24:16+03:00,1785540256,9480,62,3,31.0,42.0,,run
2026-08-01T02:24:21+03:00,1785540261,9485,62,3,31.0,53.8,,run
2026-08-01T02:24:27+03:00,1785540267,9491,62,3,31.0,45.4,,run
2026-08-01T02:24:32+03:00,1785540272,9496,62,3,31.0,41.7,,run
2026-08-01T02:24:37+03:00,1785540277,9501,62,3,31.0,42.0,,run
2026-08-01T02:24:42+03:00,1785540282,9506,62,3,31.0,40.8,,run
2026-08-01T02:24:48+03:00,1785540288,9512,62,3,31.0,40.8,,run
2026-08-01T02:24:53+03:00,1785540293,9517,62,3,31.0,42.3,,run
2026-08-01T02:24:58+03:00,1785540298,9522,62,3,31.0,42.0,,run
2026-08-01T02:25:03+03:00,1785540303,9527,62,3,31.0,40.5,,run
2026-08-01T02:25:09+03:00,1785540309,9533,62,3,31.0,40.2,,run
2026-08-01T02:25:14+03:00,1785540314,9538,62,3,31.0,39.8,,run
2026-08-01T02:25:19+03:00,1785540319,9543,62,3,31.0,40.5,,run
2026-08-01T02:25:24+03:00,1785540324,9548,62,3,31.0,42.3,,run
2026-08-01T02:25:29+03:00,1785540329,9553,62,3,31.0,41.1,,run
2026-08-01T02:25:35+03:00,1785540335,9559,62,3,31.0,46.3,,run
2026-08-01T02:25:40+03:00,1785540340,9564,62,3,31.0,52.5,,run
2026-08-01T02:25:45+03:00,1785540345,9569,62,3,31.0,47.0,,run
2026-08-01T02:25:50+03:00,1785540350,9574,62,3,31.0,41.7,,run
2026-08-01T02:25:56+03:00,1785540356,9580,62,3,31.0,39.5,,run
2026-08-01T02:26:01+03:00,1785540361,9585,62,3,31.0,39.5,,run
2026-08-01T02:26:06+03:00,1785540366,9590,62,3,31.0,39.5,,run
2026-08-01T02:26:11+03:00,1785540371,9595,62,3,31.0,39.5,,run
2026-08-01T02:26:17+03:00,1785540377,9601,62,3,31.0,39.2,,run
2026-08-01T02:26:22+03:00,1785540382,9606,62,3,31.0,51.9,,run
2026-08-01T02:26:27+03:00,1785540387,9611,62,3,31.0,45.1,,run
2026-08-01T02:26:33+03:00,1785540393,9617,62,3,31.0,41.1,,run
2026-08-01T02:26:38+03:00,1785540398,9622,62,3,31.0,41.1,,run
2026-08-01T02:26:43+03:00,1785540403,9627,62,3,31.0,42.0,,run
2026-08-01T02:26:48+03:00,1785540408,9632,62,3,31.0,41.1,,run
2026-08-01T02:26:53+03:00,1785540413,9637,62,3,31.0,42.3,,run
2026-08-01T02:26:59+03:00,1785540419,9643,62,3,31.0,43.6,,run
2026-08-01T02:27:04+03:00,1785540424,9648,62,3,31.0,40.2,,run
2026-08-01T02:27:09+03:00,1785540429,9653,62,3,31.0,41.1,,run
2026-08-01T02:27:14+03:00,1785540434,9658,62,3,31.0,39.8,,run
2026-08-01T02:27:20+03:00,1785540440,9664,62,3,31.0,40.5,,run
2026-08-01T02:27:25+03:00,1785540445,9669,62,3,31.0,42.3,,run
2026-08-01T02:27:30+03:00,1785540450,9674,62,3,31.0,41.1,,run
2026-08-01T02:27:35+03:00,1785540455,9679,62,3,31.0,49.7,,run
2026-08-01T02:27:40+03:00,1785540460,9684,62,3,31.0,51.3,,run
2026-08-01T02:27:46+03:00,1785540466,9690,62,3,31.0,46.3,,run
2026-08-01T02:27:51+03:00,1785540471,9695,62,3,31.0,40.5,,run
2026-08-01T02:27:56+03:00,1785540476,9700,62,3,31.0,39.2,,run
2026-08-01T02:28:01+03:00,1785540481,9705,62,3,31.0,39.2,,run
2026-08-01T02:28:07+03:00,1785540487,9711,62,3,31.0,39.5,,run
2026-08-01T02:28:12+03:00,1785540492,9716,62,3,31.0,40.8,,run
2026-08-01T02:28:17+03:00,1785540497,9721,62,3,31.0,41.1,,run
2026-08-01T02:28:22+03:00,1785540502,9726,62,3,31.0,51.9,,run
2026-08-01T02:28:28+03:00,1785540508,9732,62,3,31.0,44.2,,run
2026-08-01T02:28:33+03:00,1785540513,9737,62,3,31.0,43.6,,run
2026-08-01T02:28:38+03:00,1785540518,9742,61,3,31.1,41.4,,run
2026-08-01T02:28:44+03:00,1785540524,9748,61,3,31.1,40.2,,run
2026-08-01T02:28:49+03:00,1785540529,9753,61,3,31.1,40.2,,run
2026-08-01T02:28:54+03:00,1785540534,9758,61,3,31.1,40.2,,run
2026-08-01T02:28:59+03:00,1785540539,9763,61,3,31.1,43.2,,run
2026-08-01T02:29:04+03:00,1785540544,9768,61,3,31.1,40.5,,run
2026-08-01T02:29:10+03:00,1785540550,9774,61,3,31.1,40.8,,run
2026-08-01T02:29:15+03:00,1785540555,9779,61,3,31.1,41.1,,run
2026-08-01T02:29:20+03:00,1785540560,9784,61,3,31.1,41.1,,run
2026-08-01T02:29:25+03:00,1785540565,9789,61,3,31.1,40.8,,run
2026-08-01T02:29:31+03:00,1785540571,9795,61,3,31.1,42.6,,run
2026-08-01T02:29:36+03:00,1785540576,9800,61,3,31.1,48.8,,run
2026-08-01T02:29:41+03:00,1785540581,9805,61,3,31.1,51.6,,run
2026-08-01T02:29:46+03:00,1785540586,9810,61,3,31.1,46.0,,run
2026-08-01T02:29:52+03:00,1785540592,9816,61,3,31.1,39.8,,run
2026-08-01T02:29:57+03:00,1785540597,9821,61,3,31.1,40.5,,run
2026-08-01T02:30:02+03:00,1785540602,9826,61,3,31.1,40.2,,run
2026-08-01T02:30:07+03:00,1785540607,9831,61,3,31.1,39.2,,run
2026-08-01T02:30:13+03:00,1785540613,9837,61,3,31.1,39.2,,run
2026-08-01T02:30:18+03:00,1785540618,9842,61,3,31.1,39.5,,run
2026-08-01T02:30:23+03:00,1785540623,9847,61,3,31.1,51.9,,run
2026-08-01T02:30:29+03:00,1785540629,9853,61,3,31.1,43.9,,run
2026-08-01T02:30:34+03:00,1785540634,9858,61,3,31.1,42.6,,run
2026-08-01T02:30:39+03:00,1785540639,9863,61,3,31.1,41.4,,run
2026-08-01T02:30:44+03:00,1785540644,9868,61,3,31.1,40.2,,run
2026-08-01T02:30:50+03:00,1785540650,9874,61,3,31.1,40.2,,run
2026-08-01T02:30:55+03:00,1785540655,9879,61,3,31.1,40.8,,run
2026-08-01T02:31:00+03:00,1785540660,9884,61,3,31.1,42.6,,run
2026-08-01T02:31:05+03:00,1785540665,9889,61,3,31.1,41.1,,run
2026-08-01T02:31:11+03:00,1785540671,9895,61,3,31.1,41.1,,run
2026-08-01T02:31:16+03:00,1785540676,9900,61,3,31.1,40.5,,run
2026-08-01T02:31:21+03:00,1785540681,9905,61,3,31.1,40.2,,run
2026-08-01T02:31:26+03:00,1785540686,9910,61,3,31.1,42.0,,run
2026-08-01T02:31:31+03:00,1785540691,9915,61,3,31.1,40.5,,run
2026-08-01T02:31:37+03:00,1785540697,9921,61,3,31.1,47.0,,run
2026-08-01T02:31:42+03:00,1785540702,9926,61,3,31.1,50.1,,run
2026-08-01T02:31:47+03:00,1785540707,9931,61,3,31.1,47.0,,run
2026-08-01T02:31:52+03:00,1785540712,9936,61,3,31.1,40.5,,run
2026-08-01T02:31:58+03:00,1785540718,9942,61,3,31.1,39.5,,run
2026-08-01T02:32:03+03:00,1785540723,9947,61,3,31.1,39.5,,run
2026-08-01T02:32:08+03:00,1785540728,9952,61,3,31.1,39.2,,run
2026-08-01T02:32:13+03:00,1785540733,9957,61,3,31.1,39.5,,run
2026-08-01T02:32:19+03:00,1785540739,9963,61,3,31.1,39.8,,run
2026-08-01T02:32:24+03:00,1785540744,9968,61,3,31.1,54.1,,run
2026-08-01T02:32:29+03:00,1785540749,9973,61,3,31.1,43.9,,run
2026-08-01T02:32:35+03:00,1785540755,9979,61,3,31.1,42.6,,run
2026-08-01T02:32:40+03:00,1785540760,9984,61,3,31.1,43.9,,run
2026-08-01T02:32:45+03:00,1785540765,9989,61,3,31.1,41.7,,run
2026-08-01T02:32:50+03:00,1785540770,9994,61,3,31.1,41.4,,run
2026-08-01T02:32:55+03:00,1785540775,9999,61,3,31.1,42.6,,run
2026-08-01T02:33:01+03:00,1785540781,10005,61,3,31.1,41.7,,run
2026-08-01T02:33:06+03:00,1785540786,10010,61,3,31.1,41.1,,run
2026-08-01T02:33:11+03:00,1785540791,10015,61,3,31.1,42.3,,run
2026-08-01T02:33:16+03:00,1785540796,10020,61,3,31.1,41.1,,run
2026-08-01T02:33:22+03:00,1785540802,10026,61,3,31.1,41.7,,run
2026-08-01T02:33:27+03:00,1785540807,10031,61,3,31.1,42.3,,run
2026-08-01T02:33:32+03:00,1785540812,10036,61,3,31.1,40.5,,run
2026-08-01T02:33:37+03:00,1785540817,10041,61,3,31.1,50.1,,run
2026-08-01T02:33:43+03:00,1785540823,10047,61,3,31.1,52.2,,run
2026-08-01T02:33:48+03:00,1785540828,10052,61,3,31.1,45.4,,run
2026-08-01T02:33:53+03:00,1785540833,10057,61,3,31.1,41.1,,run
2026-08-01T02:33:58+03:00,1785540838,10062,61,3,31.1,39.8,,run
2026-08-01T02:34:04+03:00,1785540844,10068,61,3,31.1,40.5,,run
2026-08-01T02:34:09+03:00,1785540849,10073,61,3,31.1,39.5,,run
2026-08-01T02:34:14+03:00,1785540854,10078,61,3,31.1,38.9,,run
2026-08-01T02:34:19+03:00,1785540859,10083,61,3,31.1,39.5,,run
2026-08-01T02:34:25+03:00,1785540865,10089,61,3,31.1,51.9,,run
2026-08-01T02:34:30+03:00,1785540870,10094,61,3,31.1,44.5,,run
2026-08-01T02:34:35+03:00,1785540875,10099,61,3,31.1,42.0,,run
2026-08-01T02:34:41+03:00,1785540881,10105,61,3,31.1,41.1,,run
2026-08-01T02:34:46+03:00,1785540886,10110,61,3,31.1,40.8,,run
2026-08-01T02:34:51+03:00,1785540891,10115,61,3,31.1,40.8,,run
2026-08-01T02:34:56+03:00,1785540896,10120,61,3,31.1,41.7,,run
2026-08-01T02:35:02+03:00,1785540902,10126,61,3,31.1,40.5,,run
2026-08-01T02:35:07+03:00,1785540907,10131,61,3,31.1,40.2,,run
2026-08-01T02:35:12+03:00,1785540912,10136,61,3,31.1,40.5,,run
2026-08-01T02:35:17+03:00,1785540917,10141,61,3,31.1,40.8,,run
2026-08-01T02:35:22+03:00,1785540922,10146,61,3,31.1,40.2,,run
2026-08-01T02:35:28+03:00,1785540928,10152,61,3,31.1,42.3,,run
2026-08-01T02:35:33+03:00,1785540933,10157,61,3,31.1,40.8,,run
2026-08-01T02:35:38+03:00,1785540938,10162,61,3,31.1,45.7,,run
2026-08-01T02:35:43+03:00,1785540943,10167,61,3,31.1,51.6,,run
2026-08-01T02:35:49+03:00,1785540949,10173,61,3,31.1,44.5,,run
2026-08-01T02:35:54+03:00,1785540954,10178,61,3,31.1,41.1,,run
2026-08-01T02:35:59+03:00,1785540959,10183,61,3,31.1,39.8,,run
2026-08-01T02:36:04+03:00,1785540964,10188,61,3,31.1,40.2,,run
2026-08-01T02:36:10+03:00,1785540970,10194,61,3,31.1,39.5,,run
2026-08-01T02:36:15+03:00,1785540975,10199,61,3,31.1,38.9,,run
2026-08-01T02:36:20+03:00,1785540980,10204,61,3,31.1,39.2,,run
2026-08-01T02:36:25+03:00,1785540985,10209,61,3,31.1,44.8,,run
2026-08-01T02:36:31+03:00,1785540991,10215,61,3,31.1,48.8,,run
2026-08-01T02:36:36+03:00,1785540996,10220,61,3,31.1,41.4,,run
2026-08-01T02:36:41+03:00,1785541001,10225,61,3,31.1,41.7,,run
2026-08-01T02:36:46+03:00,1785541006,10230,61,3,31.1,41.1,,run
2026-08-01T02:36:52+03:00,1785541012,10236,61,3,31.1,41.1,,run
2026-08-01T02:36:57+03:00,1785541017,10241,61,3,31.1,41.4,,run
2026-08-01T02:37:02+03:00,1785541022,10246,61,3,31.1,42.0,,run
2026-08-01T02:37:07+03:00,1785541027,10251,61,3,31.1,42.0,,run
2026-08-01T02:37:13+03:00,1785541033,10257,61,3,31.1,40.2,,run
2026-08-01T02:37:18+03:00,1785541038,10262,61,3,31.1,40.5,,run
2026-08-01T02:37:23+03:00,1785541043,10267,61,3,31.1,40.5,,run
2026-08-01T02:37:28+03:00,1785541048,10272,61,3,31.1,42.9,,run
2026-08-01T02:37:33+03:00,1785541053,10277,61,3,31.1,41.4,,run
2026-08-01T02:37:39+03:00,1785541059,10283,61,3,31.1,40.8,,run
2026-08-01T02:37:44+03:00,1785541064,10288,61,3,31.1,50.4,,run
2026-08-01T02:37:49+03:00,1785541069,10293,61,3,31.1,43.2,,run
2026-08-01T02:37:55+03:00,1785541075,10299,61,3,31.1,42.3,,run
2026-08-01T02:38:00+03:00,1785541080,10304,61,3,31.1,40.2,,run
2026-08-01T02:38:05+03:00,1785541085,10309,61,3,31.1,40.5,,run
2026-08-01T02:38:10+03:00,1785541090,10314,61,3,31.1,38.6,,run
2026-08-01T02:38:15+03:00,1785541095,10319,60,3,31.1,39.5,,run
2026-08-01T02:38:21+03:00,1785541101,10325,60,3,31.1,40.2,,run
2026-08-01T02:38:26+03:00,1785541106,10330,60,3,31.1,42.9,,run
2026-08-01T02:38:31+03:00,1785541111,10335,60,3,31.1,47.9,,run
2026-08-01T02:38:36+03:00,1785541116,10340,60,3,31.1,43.6,,run
2026-08-01T02:38:42+03:00,1785541122,10346,60,3,31.1,40.8,,run
2026-08-01T02:38:47+03:00,1785541127,10351,60,3,31.1,41.1,,run
2026-08-01T02:38:52+03:00,1785541132,10356,60,3,31.1,41.1,,run
2026-08-01T02:38:57+03:00,1785541137,10361,60,3,31.1,40.5,,run
2026-08-01T02:39:03+03:00,1785541143,10367,60,3,31.1,41.1,,run
2026-08-01T02:39:08+03:00,1785541148,10372,60,3,31.1,43.9,,run
2026-08-01T02:39:13+03:00,1785541153,10377,60,3,31.1,41.1,,run
2026-08-01T02:39:18+03:00,1785541158,10382,60,3,31.1,41.4,,run
2026-08-01T02:39:23+03:00,1785541163,10387,60,3,31.1,40.5,,run
2026-08-01T02:39:29+03:00,1785541169,10393,60,3,31.1,40.5,,run
2026-08-01T02:39:34+03:00,1785541174,10398,60,3,31.1,42.0,,run
2026-08-01T02:39:39+03:00,1785541179,10403,60,3,31.1,40.8,,run
2026-08-01T02:39:44+03:00,1785541184,10408,60,3,31.1,49.7,,run
2026-08-01T02:39:50+03:00,1785541190,10414,60,3,31.1,42.9,,run
2026-08-01T02:39:55+03:00,1785541195,10419,60,3,31.1,44.2,,run
2026-08-01T02:40:00+03:00,1785541200,10424,60,3,31.1,40.2,,run
2026-08-01T02:40:06+03:00,1785541206,10430,60,3,31.1,39.8,,run
2026-08-01T02:40:11+03:00,1785541211,10435,60,3,31.1,52.8,,run
2026-08-01T02:40:16+03:00,1785541216,10440,60,3,31.1,43.2,,run
2026-08-01T02:40:21+03:00,1785541221,10445,60,3,31.1,40.5,,run
2026-08-01T02:40:27+03:00,1785541227,10451,60,3,31.1,41.1,,run
2026-08-01T02:40:32+03:00,1785541232,10456,60,3,31.1,41.7,,run
2026-08-01T02:40:37+03:00,1785541237,10461,60,3,31.1,41.7,,run
2026-08-01T02:40:42+03:00,1785541242,10466,60,3,31.1,41.4,,run
2026-08-01T02:40:47+03:00,1785541247,10471,60,3,31.1,42.3,,run
2026-08-01T02:40:53+03:00,1785541253,10477,60,3,31.1,41.1,,run
2026-08-01T02:40:58+03:00,1785541258,10482,60,3,31.1,41.4,,run
2026-08-01T02:41:03+03:00,1785541263,10487,60,3,31.1,43.2,,run
2026-08-01T02:41:08+03:00,1785541268,10492,60,3,31.1,41.1,,run
2026-08-01T02:41:14+03:00,1785541274,10498,60,3,31.1,40.8,,run
2026-08-01T02:41:19+03:00,1785541279,10503,60,3,31.1,41.1,,run
2026-08-01T02:41:24+03:00,1785541284,10508,60,3,31.1,47.3,,run
2026-08-01T02:41:29+03:00,1785541289,10513,60,3,31.1,50.4,,run
2026-08-01T02:41:35+03:00,1785541295,10519,60,3,31.1,43.2,,run
2026-08-01T02:41:40+03:00,1785541300,10524,60,3,31.1,41.1,,run
2026-08-01T02:41:45+03:00,1785541305,10529,60,3,31.1,39.5,,run
2026-08-01T02:41:50+03:00,1785541310,10534,60,3,31.1,40.8,,run
2026-08-01T02:41:55+03:00,1785541315,10539,60,3,31.1,39.8,,run
2026-08-01T02:42:01+03:00,1785541321,10545,60,3,31.1,39.5,,run
2026-08-01T02:42:06+03:00,1785541326,10550,60,3,31.1,40.2,,run
2026-08-01T02:42:11+03:00,1785541331,10555,60,3,31.1,52.2,,run
2026-08-01T02:42:17+03:00,1785541337,10561,60,3,31.1,43.9,,run
2026-08-01T02:42:22+03:00,1785541342,10566,60,3,31.1,42.6,,run
2026-08-01T02:42:27+03:00,1785541347,10571,60,3,31.1,41.1,,run
2026-08-01T02:42:32+03:00,1785541352,10576,60,3,31.1,40.5,,run
2026-08-01T02:42:37+03:00,1785541357,10581,60,3,31.1,42.0,,run
2026-08-01T02:42:43+03:00,1785541363,10587,60,3,31.1,42.6,,run
2026-08-01T02:42:48+03:00,1785541368,10592,60,3,31.1,41.4,,run
2026-08-01T02:42:53+03:00,1785541373,10597,60,3,31.1,40.5,,run
2026-08-01T02:42:58+03:00,1785541378,10602,60,3,31.1,40.8,,run
2026-08-01T02:43:04+03:00,1785541384,10608,60,3,31.1,41.1,,run
2026-08-01T02:43:09+03:00,1785541389,10613,60,3,31.1,41.1,,run
2026-08-01T02:43:14+03:00,1785541394,10618,60,3,31.1,41.4,,run
2026-08-01T02:43:19+03:00,1785541399,10623,60,3,31.1,41.7,,run
2026-08-01T02:43:24+03:00,1785541404,10628,60,3,31.1,48.5,,run
2026-08-01T02:43:30+03:00,1785541410,10634,60,3,31.1,50.4,,run
2026-08-01T02:43:35+03:00,1785541415,10639,60,3,31.1,45.7,,run
2026-08-01T02:43:40+03:00,1785541420,10644,60,3,31.1,41.1,,run
2026-08-01T02:43:45+03:00,1785541425,10649,60,3,31.1,39.5,,run
2026-08-01T02:43:51+03:00,1785541431,10655,60,3,31.1,39.8,,run
2026-08-01T02:43:56+03:00,1785541436,10660,60,3,31.1,39.5,,run
2026-08-01T02:44:01+03:00,1785541441,10665,60,3,31.1,40.5,,run
2026-08-01T02:44:06+03:00,1785541446,10670,60,3,31.1,39.5,,run
2026-08-01T02:44:12+03:00,1785541452,10676,60,3,31.1,50.7,,run
2026-08-01T02:44:17+03:00,1785541457,10681,60,3,31.1,42.9,,run
2026-08-01T02:44:22+03:00,1785541462,10686,60,3,31.1,43.9,,run
2026-08-01T02:44:27+03:00,1785541467,10691,60,3,31.1,41.4,,run
2026-08-01T02:44:32+03:00,1785541472,10696,60,3,31.1,41.4,,run
2026-08-01T02:44:38+03:00,1785541478,10702,60,3,31.1,41.1,,run
2026-08-01T02:44:43+03:00,1785541483,10707,60,3,31.1,41.1,,run
2026-08-01T02:44:48+03:00,1785541488,10712,60,3,31.1,40.5,,run
2026-08-01T02:44:53+03:00,1785541493,10717,60,3,31.1,43.9,,run
2026-08-01T02:44:59+03:00,1785541499,10723,60,3,31.1,40.8,,run
2026-08-01T02:45:04+03:00,1785541504,10728,60,3,31.1,41.1,,run
2026-08-01T02:45:09+03:00,1785541509,10733,60,3,31.1,40.5,,run
2026-08-01T02:45:14+03:00,1785541514,10738,60,3,31.1,41.1,,run
2026-08-01T02:45:19+03:00,1785541519,10743,60,3,31.1,41.1,,run
2026-08-01T02:45:25+03:00,1785541525,10749,60,3,31.1,47.9,,run
2026-08-01T02:45:30+03:00,1785541530,10754,60,3,31.1,48.8,,run
2026-08-01T02:45:35+03:00,1785541535,10759,60,3,31.1,42.6,,run
2026-08-01T02:45:40+03:00,1785541540,10764,60,3,31.1,39.8,,run
2026-08-01T02:45:46+03:00,1785541546,10770,60,3,31.1,41.1,,run
2026-08-01T02:45:51+03:00,1785541551,10775,60,3,31.1,39.8,,run
2026-08-01T02:45:56+03:00,1785541556,10780,60,3,31.1,39.2,,run
2026-08-01T02:46:01+03:00,1785541561,10785,60,3,31.1,39.8,,run
2026-08-01T02:46:07+03:00,1785541567,10791,60,3,31.1,42.6,,run
2026-08-01T02:46:12+03:00,1785541572,10796,60,3,31.1,51.6,,run
2026-08-01T02:46:17+03:00,1785541577,10801,60,3,31.1,42.6,,run
2026-08-01T02:46:22+03:00,1785541582,10806,60,3,31.1,42.0,,run
2026-08-01T02:46:28+03:00,1785541588,10812,60,3,31.1,41.1,,run
2026-08-01T02:46:33+03:00,1785541593,10817,60,3,31.1,40.2,,run
2026-08-01T02:46:38+03:00,1785541598,10822,60,3,31.1,40.2,,run
2026-08-01T02:46:43+03:00,1785541603,10827,60,3,31.1,42.3,,run
2026-08-01T02:46:48+03:00,1785541608,10832,60,3,31.1,41.1,,run
2026-08-01T02:46:54+03:00,1785541614,10838,60,3,31.1,40.8,,run
2026-08-01T02:46:59+03:00,1785541619,10843,60,3,31.1,40.2,,run
2026-08-01T02:47:04+03:00,1785541624,10848,60,3,31.1,40.8,,run
2026-08-01T02:47:09+03:00,1785541629,10853,60,3,31.1,41.4,,run
2026-08-01T02:47:15+03:00,1785541635,10859,60,3,31.1,41.7,,run
2026-08-01T02:47:20+03:00,1785541640,10864,60,3,31.1,40.5,,run
2026-08-01T02:47:25+03:00,1785541645,10869,60,3,31.1,51.0,,run
2026-08-01T02:47:31+03:00,1785541651,10875,60,3,31.1,42.9,,run
2026-08-01T02:47:36+03:00,1785541656,10880,60,3,31.1,40.8,,run
2026-08-01T02:47:41+03:00,1785541661,10885,60,3,31.0,40.5,,run
2026-08-01T02:47:46+03:00,1785541666,10890,60,3,31.0,39.8,,run
2026-08-01T02:47:51+03:00,1785541671,10895,59,3,31.0,39.5,,run
2026-08-01T02:47:57+03:00,1785541677,10901,59,3,31.0,42.0,,run
2026-08-01T02:48:02+03:00,1785541682,10906,59,3,31.0,40.2,,run
2026-08-01T02:48:07+03:00,1785541687,10911,59,3,31.0,43.9,,run
2026-08-01T02:48:12+03:00,1785541692,10916,59,3,31.0,44.2,,run
2026-08-01T02:48:18+03:00,1785541698,10922,59,3,31.0,40.5,,run
2026-08-01T02:48:23+03:00,1785541703,10927,59,3,31.0,41.1,,run
2026-08-01T02:48:28+03:00,1785541708,10932,59,3,31.0,41.7,,run
2026-08-01T02:48:33+03:00,1785541713,10937,59,3,31.0,42.3,,run
2026-08-01T02:48:39+03:00,1785541719,10943,59,3,31.0,41.1,,run
2026-08-01T02:48:44+03:00,1785541724,10948,59,3,31.0,40.8,,run
2026-08-01T02:48:49+03:00,1785541729,10953,59,3,31.0,40.2,,run
2026-08-01T02:48:54+03:00,1785541734,10958,59,3,31.0,40.5,,run
2026-08-01T02:48:59+03:00,1785541739,10963,59,3,31.0,42.0,,run
2026-08-01T02:49:05+03:00,1785541745,10969,59,3,31.0,41.1,,run
2026-08-01T02:49:10+03:00,1785541750,10974,59,3,31.0,39.8,,run
2026-08-01T02:49:15+03:00,1785541755,10979,59,3,31.0,40.2,,run
2026-08-01T02:49:20+03:00,1785541760,10984,59,3,31.0,40.5,,run
2026-08-01T02:49:26+03:00,1785541766,10990,59,3,31.0,51.0,,run
2026-08-01T02:49:31+03:00,1785541771,10995,59,3,31.0,43.9,,run
2026-08-01T02:49:37+03:00,1785541777,11001,59,3,31.0,41.1,,run
2026-08-01T02:49:42+03:00,1785541782,11006,59,3,31.0,40.2,,run
2026-08-01T02:49:47+03:00,1785541787,11011,59,3,31.0,40.5,,run
2026-08-01T02:49:52+03:00,1785541792,11016,59,3,31.0,40.5,,run
2026-08-01T02:49:58+03:00,1785541798,11022,59,3,31.0,40.2,,run
2026-08-01T02:50:03+03:00,1785541803,11027,59,3,31.0,40.5,,run
2026-08-01T02:50:08+03:00,1785541808,11032,59,3,31.0,51.9,,run
2026-08-01T02:50:14+03:00,1785541814,11038,59,3,31.0,42.9,,run
2026-08-01T02:50:19+03:00,1785541819,11043,59,3,31.0,41.7,,run
2026-08-01T02:50:24+03:00,1785541824,11048,59,3,31.0,40.5,,run
2026-08-01T02:50:29+03:00,1785541829,11053,59,3,31.0,41.7,,run
2026-08-01T02:50:35+03:00,1785541835,11059,59,3,31.0,43.6,,run
2026-08-01T02:50:40+03:00,1785541840,11064,59,3,31.0,40.8,,run
2026-08-01T02:50:45+03:00,1785541845,11069,59,3,31.0,40.8,,run
2026-08-01T02:50:50+03:00,1785541850,11074,59,3,31.0,41.4,,run
2026-08-01T02:50:56+03:00,1785541856,11080,59,3,31.0,40.2,,run
2026-08-01T02:51:01+03:00,1785541861,11085,59,3,31.0,40.8,,run
2026-08-01T02:51:06+03:00,1785541866,11090,59,3,31.0,42.0,,run
2026-08-01T02:51:11+03:00,1785541871,11095,59,3,31.0,40.8,,run
2026-08-01T02:51:16+03:00,1785541876,11100,59,3,31.0,39.8,,run
2026-08-01T02:51:22+03:00,1785541882,11106,59,3,31.0,44.2,,run
2026-08-01T02:51:27+03:00,1785541887,11111,59,3,31.0,51.6,,run
2026-08-01T02:51:32+03:00,1785541892,11116,59,3,31.0,46.3,,run
2026-08-01T02:51:38+03:00,1785541898,11122,59,3,31.0,40.8,,run
2026-08-01T02:51:43+03:00,1785541903,11127,59,3,31.0,40.5,,run
2026-08-01T02:51:48+03:00,1785541908,11132,59,3,31.0,40.5,,run
2026-08-01T02:51:53+03:00,1785541913,11137,59,3,31.0,49.1,,run
2026-08-01T02:51:59+03:00,1785541919,11143,59,3,31.0,41.7,,run
2026-08-01T02:52:04+03:00,1785541924,11148,59,3,31.0,40.8,,run
2026-08-01T02:52:09+03:00,1785541929,11153,59,3,31.0,44.8,,run
2026-08-01T02:52:14+03:00,1785541934,11158,59,3,31.0,41.7,,run
2026-08-01T02:52:20+03:00,1785541940,11164,59,3,31.0,40.8,,run
2026-08-01T02:52:25+03:00,1785541945,11169,59,3,31.0,40.5,,run
2026-08-01T02:52:30+03:00,1785541950,11174,59,3,31.0,40.2,,run
2026-08-01T02:52:35+03:00,1785541955,11179,59,3,31.0,41.7,,run
2026-08-01T02:52:40+03:00,1785541960,11184,59,3,31.0,41.1,,run
2026-08-01T02:52:46+03:00,1785541966,11190,59,3,31.0,40.2,,run
2026-08-01T02:52:51+03:00,1785541971,11195,59,3,31.0,39.8,,run
2026-08-01T02:52:56+03:00,1785541976,11200,59,3,31.0,40.8,,run
2026-08-01T02:53:01+03:00,1785541981,11205,59,3,31.0,40.2,,run
2026-08-01T02:53:07+03:00,1785541987,11211,59,3,31.0,44.8,,run
2026-08-01T02:53:12+03:00,1785541992,11216,59,3,31.0,44.2,,run
2026-08-01T02:53:17+03:00,1785541997,11221,59,3,31.0,42.6,,run
2026-08-01T02:53:22+03:00,1785542002,11226,59,3,31.0,39.5,,run
2026-08-01T02:53:27+03:00,1785542007,11231,59,3,31.0,40.5,,run
2026-08-01T02:53:33+03:00,1785542013,11237,59,3,31.0,39.2,,run
2026-08-01T02:53:38+03:00,1785542018,11242,59,3,31.0,39.8,,run
2026-08-01T02:53:43+03:00,1785542023,11247,59,3,31.0,41.7,,run
2026-08-01T02:53:48+03:00,1785542028,11252,59,3,31.0,42.0,,run
2026-08-01T02:53:54+03:00,1785542034,11258,59,3,31.0,46.3,,run
2026-08-01T02:53:59+03:00,1785542039,11263,59,3,31.0,43.2,,run
2026-08-01T02:54:04+03:00,1785542044,11268,59,3,31.0,41.7,,run
2026-08-01T02:54:09+03:00,1785542049,11273,59,3,31.0,41.1,,run
2026-08-01T02:54:15+03:00,1785542055,11279,59,3,31.0,40.2,,run
2026-08-01T02:54:20+03:00,1785542060,11284,59,3,31.0,43.2,,run
2026-08-01T02:54:25+03:00,1785542065,11289,59,3,31.0,41.4,,run
2026-08-01T02:54:30+03:00,1785542070,11294,59,3,31.0,41.4,,run
2026-08-01T02:54:36+03:00,1785542076,11300,59,3,31.0,41.1,,run
2026-08-01T02:54:41+03:00,1785542081,11305,59,3,31.0,40.5,,run
2026-08-01T02:54:46+03:00,1785542086,11310,59,3,31.0,40.8,,run
2026-08-01T02:54:51+03:00,1785542091,11315,59,3,31.0,40.8,,run
2026-08-01T02:54:56+03:00,1785542096,11320,59,3,31.0,41.1,,run
2026-08-01T02:55:02+03:00,1785542102,11326,59,3,31.0,41.1,,run
2026-08-01T02:55:07+03:00,1785542107,11331,59,3,31.0,49.7,,run
2026-08-01T02:55:12+03:00,1785542112,11336,59,3,31.0,42.6,,run
2026-08-01T02:55:18+03:00,1785542118,11342,59,3,31.0,41.4,,run
2026-08-01T02:55:23+03:00,1785542123,11347,59,3,31.0,39.8,,run
2026-08-01T02:55:28+03:00,1785542128,11352,59,3,31.0,39.8,,run
2026-08-01T02:55:33+03:00,1785542133,11357,59,3,31.0,38.6,,run
2026-08-01T02:55:39+03:00,1785542139,11363,59,3,31.0,39.2,,run
2026-08-01T02:55:44+03:00,1785542144,11368,59,3,31.0,39.2,,run
2026-08-01T02:55:49+03:00,1785542149,11373,59,3,31.0,42.3,,run
2026-08-01T02:55:54+03:00,1785542154,11378,59,3,31.0,46.0,,run
2026-08-01T02:56:00+03:00,1785542160,11384,59,3,31.0,43.2,,run
2026-08-01T02:56:05+03:00,1785542165,11389,59,3,31.0,41.1,,run
2026-08-01T02:56:10+03:00,1785542170,11394,59,3,31.0,40.8,,run
2026-08-01T02:56:15+03:00,1785542175,11399,59,3,31.0,39.8,,run
2026-08-01T02:56:20+03:00,1785542180,11404,59,3,31.0,39.8,,run
2026-08-01T02:56:26+03:00,1785542186,11410,58,3,31.0,41.1,,run
2026-08-01T02:56:31+03:00,1785542191,11415,58,3,31.0,42.0,,run
2026-08-01T02:56:36+03:00,1785542196,11420,58,3,31.0,40.2,,run
2026-08-01T02:56:41+03:00,1785542201,11425,58,3,31.0,40.5,,run
2026-08-01T02:56:47+03:00,1785542207,11431,58,3,31.0,39.5,,run
2026-08-01T02:56:52+03:00,1785542212,11436,58,3,31.0,40.8,,run
2026-08-01T02:56:57+03:00,1785542217,11441,58,3,31.0,42.9,,run
2026-08-01T02:57:02+03:00,1785542222,11446,58,3,31.0,40.5,,run
2026-08-01T02:57:07+03:00,1785542227,11451,58,3,31.0,49.7,,run
2026-08-01T02:57:13+03:00,1785542233,11457,58,3,31.0,42.9,,run
2026-08-01T02:57:18+03:00,1785542238,11462,58,3,31.0,44.5,,run
2026-08-01T02:57:23+03:00,1785542243,11467,58,3,31.0,40.5,,run
2026-08-01T02:57:29+03:00,1785542249,11473,58,3,31.0,39.5,,run
2026-08-01T02:57:34+03:00,1785542254,11478,58,3,31.0,38.3,,run
2026-08-01T02:57:39+03:00,1785542259,11483,58,3,31.0,39.2,,run
2026-08-01T02:57:44+03:00,1785542264,11488,58,3,31.0,38.9,,run
2026-08-01T02:57:50+03:00,1785542270,11494,58,3,31.0,42.6,,run
2026-08-01T02:57:55+03:00,1785542275,11499,58,3,31.0,44.2,,run
2026-08-01T02:58:00+03:00,1785542280,11504,58,3,31.0,42.6,,run
2026-08-01T02:58:05+03:00,1785542285,11509,58,3,31.0,41.1,,run
2026-08-01T02:58:11+03:00,1785542291,11515,58,3,31.0,41.1,,run
2026-08-01T02:58:16+03:00,1785542296,11520,58,3,31.0,40.2,,run
2026-08-01T02:58:21+03:00,1785542301,11525,58,3,31.0,40.8,,run
2026-08-01T02:58:26+03:00,1785542306,11530,58,3,31.0,41.4,,run
2026-08-01T02:58:32+03:00,1785542312,11536,58,3,31.0,41.7,,run
2026-08-01T02:58:37+03:00,1785542317,11541,58,3,31.0,41.1,,run
2026-08-01T02:58:42+03:00,1785542322,11546,58,3,31.0,40.5,,run
2026-08-01T02:58:47+03:00,1785542327,11551,58,3,31.0,40.2,,run
2026-08-01T02:58:52+03:00,1785542332,11556,58,3,31.0,40.5,,run
2026-08-01T02:58:58+03:00,1785542338,11562,58,3,31.0,41.4,,run
2026-08-01T02:59:03+03:00,1785542343,11567,58,3,31.0,41.4,,run
2026-08-01T02:59:08+03:00,1785542348,11572,58,3,31.0,50.4,,run
2026-08-01T02:59:14+03:00,1785542354,11578,58,3,31.0,42.0,,run
2026-08-01T02:59:19+03:00,1785542359,11583,58,3,31.0,41.4,,run
2026-08-01T02:59:24+03:00,1785542364,11588,58,3,31.0,39.5,,run
2026-08-01T02:59:29+03:00,1785542369,11593,58,3,31.0,39.8,,run
2026-08-01T02:59:35+03:00,1785542375,11599,58,3,31.0,39.2,,run
2026-08-01T02:59:40+03:00,1785542380,11604,58,3,31.0,39.8,,run
2026-08-01T02:59:45+03:00,1785542385,11609,58,3,31.0,39.2,,run
2026-08-01T02:59:50+03:00,1785542390,11614,58,3,31.0,42.0,,run
2026-08-01T02:59:55+03:00,1785542395,11619,58,3,31.0,50.1,,run
2026-08-01T03:00:01+03:00,1785542401,11625,58,3,31.0,44.5,,run
2026-08-01T03:00:06+03:00,1785542406,11630,58,3,31.0,44.5,,run
2026-08-01T03:00:11+03:00,1785542411,11635,58,3,31.0,43.9,,run
2026-08-01T03:00:16+03:00,1785542416,11640,58,3,31.0,42.0,,run
2026-08-01T03:00:22+03:00,1785542422,11646,58,3,31.0,43.6,,run
2026-08-01T03:00:27+03:00,1785542427,11651,58,3,31.0,43.9,,run
2026-08-01T03:00:32+03:00,1785542432,11656,58,3,31.0,43.6,,run
2026-08-01T03:00:37+03:00,1785542437,11661,58,3,31.0,45.4,,run
2026-08-01T03:00:43+03:00,1785542443,11667,58,3,31.0,42.6,,run
2026-08-01T03:00:48+03:00,1785542448,11672,58,3,31.0,42.3,,run
2026-08-01T03:00:53+03:00,1785542453,11677,58,3,31.0,42.6,,run
2026-08-01T03:00:58+03:00,1785542458,11682,58,3,31.0,42.9,,run
2026-08-01T03:01:04+03:00,1785542464,11688,58,3,31.0,43.6,,run
2026-08-01T03:01:09+03:00,1785542469,11693,58,3,31.0,55.0,,run
2026-08-01T03:01:14+03:00,1785542474,11698,58,3,31.0,43.2,,run
2026-08-01T03:01:20+03:00,1785542480,11704,58,3,31.0,42.0,,run
2026-08-01T03:01:25+03:00,1785542485,11709,58,3,31.0,41.1,,run
2026-08-01T03:01:30+03:00,1785542490,11714,58,3,31.0,40.5,,run
2026-08-01T03:01:35+03:00,1785542495,11719,58,3,31.0,39.5,,run
2026-08-01T03:01:41+03:00,1785542501,11725,58,3,31.0,40.2,,run
2026-08-01T03:01:46+03:00,1785542506,11730,58,3,31.0,40.2,,run
2026-08-01T03:01:51+03:00,1785542511,11735,58,3,31.0,51.9,,run
2026-08-01T03:01:57+03:00,1785542517,11741,58,3,31.0,44.5,,run
2026-08-01T03:02:02+03:00,1785542522,11746,58,3,31.0,42.6,,run
2026-08-01T03:02:07+03:00,1785542527,11751,58,3,31.0,41.1,,run
2026-08-01T03:02:13+03:00,1785542533,11757,58,3,31.0,40.8,,run
2026-08-01T03:02:18+03:00,1785542538,11762,58,3,31.0,41.7,,run
2026-08-01T03:02:23+03:00,1785542543,11767,58,3,31.0,41.1,,run
2026-08-01T03:02:28+03:00,1785542548,11772,58,3,31.0,42.3,,run
2026-08-01T03:02:34+03:00,1785542554,11778,58,3,31.0,40.5,,run
2026-08-01T03:02:39+03:00,1785542559,11783,58,3,31.0,40.8,,run
2026-08-01T03:02:44+03:00,1785542564,11788,58,3,31.0,41.1,,run
2026-08-01T03:02:49+03:00,1785542569,11793,58,3,31.0,41.4,,run
2026-08-01T03:02:55+03:00,1785542575,11799,58,3,31.0,41.7,,run
2026-08-01T03:03:00+03:00,1785542580,11804,58,3,31.0,40.8,,run
2026-08-01T03:03:05+03:00,1785542585,11809,58,3,31.0,48.2,,run
2026-08-01T03:03:10+03:00,1785542590,11814,58,3,31.0,52.5,,run
2026-08-01T03:03:16+03:00,1785542596,11820,58,3,31.0,42.0,,run
2026-08-01T03:03:21+03:00,1785542601,11825,58,3,31.0,40.2,,run
2026-08-01T03:03:26+03:00,1785542606,11830,58,3,31.0,40.2,,run
2026-08-01T03:03:31+03:00,1785542611,11835,58,3,31.0,39.8,,run
2026-08-01T03:03:37+03:00,1785542617,11841,58,3,31.0,39.2,,run
2026-08-01T03:03:42+03:00,1785542622,11846,58,3,31.0,39.8,,run
2026-08-01T03:03:47+03:00,1785542627,11851,58,3,31.0,38.9,,run
2026-08-01T03:03:52+03:00,1785542632,11856,58,3,31.0,40.5,,run
2026-08-01T03:03:58+03:00,1785542638,11862,58,3,31.0,45.4,,run
2026-08-01T03:04:03+03:00,1785542643,11867,58,3,31.0,46.0,,run
2026-08-01T03:04:08+03:00,1785542648,11872,58,3,31.0,40.5,,run
2026-08-01T03:04:13+03:00,1785542653,11877,58,3,31.0,40.8,,run
2026-08-01T03:04:19+03:00,1785542659,11883,58,3,31.0,39.5,,run
2026-08-01T03:04:24+03:00,1785542664,11888,58,3,31.0,42.0,,run
2026-08-01T03:04:29+03:00,1785542669,11893,58,3,31.0,40.2,,run
2026-08-01T03:04:34+03:00,1785542674,11898,58,3,31.0,42.9,,run
2026-08-01T03:04:40+03:00,1785542680,11904,58,3,31.0,40.8,,run
2026-08-01T03:04:45+03:00,1785542685,11909,58,3,31.0,40.2,,run
2026-08-01T03:04:50+03:00,1785542690,11914,58,3,31.0,41.4,,run
2026-08-01T03:04:56+03:00,1785542696,11920,58,3,31.0,40.5,,run
2026-08-01T03:05:01+03:00,1785542701,11925,58,3,31.0,39.8,,run
2026-08-01T03:05:06+03:00,1785542706,11930,58,3,31.0,41.4,,run
2026-08-01T03:05:12+03:00,1785542712,11936,58,3,31.0,43.2,,run
2026-08-01T03:05:17+03:00,1785542717,11941,58,3,31.0,51.3,,run
2026-08-01T03:05:23+03:00,1785542723,11947,58,3,31.0,42.0,,run
2026-08-01T03:05:28+03:00,1785542728,11952,58,3,31.0,41.7,,run
2026-08-01T03:05:33+03:00,1785542733,11957,58,3,31.0,41.4,,run
2026-08-01T03:05:39+03:00,1785542739,11963,58,3,31.0,39.5,,run
2026-08-01T03:05:44+03:00,1785542744,11968,58,3,31.0,39.2,,run
2026-08-01T03:05:49+03:00,1785542749,11973,58,3,31.0,40.5,,run
2026-08-01T03:05:55+03:00,1785542755,11979,58,3,31.0,41.1,,run
2026-08-01T03:06:00+03:00,1785542760,11984,58,3,31.0,39.5,,run
2026-08-01T03:06:05+03:00,1785542765,11989,57,3,31.0,39.2,,run
2026-08-01T03:06:10+03:00,1785542770,11994,57,3,31.0,40.2,,run
2026-08-01T03:06:16+03:00,1785542776,12000,57,3,31.0,40.2,,run
2026-08-01T03:06:21+03:00,1785542781,12005,57,3,31.0,51.9,,run
2026-08-01T03:06:26+03:00,1785542786,12010,57,3,31.0,42.9,,run
2026-08-01T03:06:31+03:00,1785542791,12015,57,3,31.0,42.3,,run
2026-08-01T03:06:37+03:00,1785542797,12021,57,3,31.0,41.1,,run
2026-08-01T03:06:42+03:00,1785542802,12026,57,3,31.0,39.8,,run
2026-08-01T03:06:47+03:00,1785542807,12031,57,3,31.0,39.8,,run
2026-08-01T03:06:52+03:00,1785542812,12036,57,3,31.0,39.5,,run
2026-08-01T03:06:57+03:00,1785542817,12041,57,3,31.0,41.7,,run
2026-08-01T03:07:03+03:00,1785542823,12047,57,3,31.0,40.8,,run
2026-08-01T03:07:08+03:00,1785542828,12052,57,3,31.0,40.8,,run
2026-08-01T03:07:13+03:00,1785542833,12057,57,3,31.0,40.8,,run
2026-08-01T03:07:18+03:00,1785542838,12062,57,3,31.0,40.5,,run
2026-08-01T03:07:24+03:00,1785542844,12068,57,3,31.0,41.4,,run
2026-08-01T03:07:29+03:00,1785542849,12073,57,3,31.0,40.5,,run
2026-08-01T03:07:34+03:00,1785542854,12078,57,3,31.0,47.6,,run
2026-08-01T03:07:39+03:00,1785542859,12083,57,3,31.0,50.4,,run
2026-08-01T03:07:45+03:00,1785542865,12089,57,3,31.0,43.9,,run
2026-08-01T03:07:50+03:00,1785542870,12094,57,3,31.0,39.8,,run
2026-08-01T03:07:55+03:00,1785542875,12099,57,3,31.0,40.2,,run
2026-08-01T03:08:00+03:00,1785542880,12104,57,3,31.0,42.3,,run
2026-08-01T03:08:06+03:00,1785542886,12110,57,3,31.0,49.1,,run
2026-08-01T03:08:11+03:00,1785542891,12115,57,3,31.0,41.1,,run
2026-08-01T03:08:16+03:00,1785542896,12120,57,3,31.0,41.1,,run
2026-08-01T03:08:21+03:00,1785542901,12125,57,3,31.0,42.9,,run
2026-08-01T03:08:27+03:00,1785542907,12131,57,3,31.0,43.6,,run
2026-08-01T03:08:32+03:00,1785542912,12136,57,3,31.0,41.4,,run
2026-08-01T03:08:37+03:00,1785542917,12141,57,3,31.0,39.8,,run
2026-08-01T03:08:42+03:00,1785542922,12146,57,3,31.0,39.5,,run
2026-08-01T03:08:47+03:00,1785542927,12151,57,3,31.0,42.0,,run
2026-08-01T03:08:53+03:00,1785542933,12157,57,3,31.0,40.2,,run
2026-08-01T03:08:58+03:00,1785542938,12162,57,3,31.0,40.8,,run
2026-08-01T03:09:03+03:00,1785542943,12167,57,3,31.0,40.5,,run
2026-08-01T03:09:08+03:00,1785542948,12172,57,3,31.0,39.8,,run
2026-08-01T03:09:14+03:00,1785542954,12178,57,3,31.0,39.5,,run
2026-08-01T03:09:19+03:00,1785542959,12183,57,3,31.0,51.0,,run
2026-08-01T03:09:25+03:00,1785542965,12189,57,3,31.0,42.0,,run
2026-08-01T03:09:30+03:00,1785542970,12194,57,3,31.0,40.2,,run
2026-08-01T03:09:35+03:00,1785542975,12199,57,3,31.0,39.5,,run
2026-08-01T03:09:40+03:00,1785542980,12204,57,3,31.0,40.5,,run
2026-08-01T03:09:45+03:00,1785542985,12209,57,3,31.0,39.5,,run
2026-08-01T03:09:51+03:00,1785542991,12215,57,3,31.0,38.6,,run
2026-08-01T03:09:56+03:00,1785542996,12220,57,3,31.0,39.5,,run
2026-08-01T03:10:01+03:00,1785543001,12225,57,3,31.0,50.7,,run
2026-08-01T03:10:06+03:00,1785543006,12230,57,3,31.0,41.7,,run
2026-08-01T03:10:12+03:00,1785543012,12236,57,3,31.0,42.3,,run
2026-08-01T03:10:17+03:00,1785543017,12241,57,3,31.0,41.1,,run
2026-08-01T03:10:22+03:00,1785543022,12246,57,3,31.0,40.8,,run
2026-08-01T03:10:27+03:00,1785543027,12251,57,3,31.0,39.8,,run
2026-08-01T03:10:32+03:00,1785543032,12256,57,3,31.0,40.8,,run
2026-08-01T03:10:38+03:00,1785543038,12262,57,3,31.0,43.2,,run
2026-08-01T03:10:43+03:00,1785543043,12267,57,3,31.0,40.8,,run
2026-08-01T03:10:48+03:00,1785543048,12272,57,3,31.0,40.5,,run
2026-08-01T03:10:53+03:00,1785543053,12277,57,3,31.0,40.2,,run
2026-08-01T03:10:58+03:00,1785543058,12282,57,3,31.0,39.8,,run
2026-08-01T03:11:04+03:00,1785543064,12288,57,3,31.0,41.1,,run
2026-08-01T03:11:09+03:00,1785543069,12293,57,3,31.0,41.4,,run
2026-08-01T03:11:14+03:00,1785543074,12298,57,3,31.0,43.6,,run
2026-08-01T03:11:19+03:00,1785543079,12303,57,3,31.0,44.5,,run
2026-08-01T03:11:25+03:00,1785543085,12309,57,3,31.0,42.3,,run
2026-08-01T03:11:30+03:00,1785543090,12314,57,3,31.0,39.8,,run
2026-08-01T03:11:35+03:00,1785543095,12319,57,3,31.0,39.5,,run
2026-08-01T03:11:40+03:00,1785543100,12324,57,3,31.0,51.3,,run
2026-08-01T03:11:46+03:00,1785543106,12330,57,3,31.0,42.3,,run
2026-08-01T03:11:51+03:00,1785543111,12335,57,3,31.0,42.6,,run
2026-08-01T03:11:56+03:00,1785543116,12340,57,3,31.0,40.8,,run
2026-08-01T03:12:01+03:00,1785543121,12345,57,3,31.0,40.2,,run
2026-08-01T03:12:06+03:00,1785543126,12350,57,3,31.0,40.2,,run
2026-08-01T03:12:12+03:00,1785543132,12356,57,3,31.0,40.2,,run
2026-08-01T03:12:17+03:00,1785543137,12361,57,3,31.0,42.3,,run
2026-08-01T03:12:22+03:00,1785543142,12366,57,3,31.0,41.1,,run
2026-08-01T03:12:27+03:00,1785543147,12371,57,3,31.0,39.8,,run
2026-08-01T03:12:33+03:00,1785543153,12377,57,3,31.0,39.8,,run
2026-08-01T03:12:38+03:00,1785543158,12382,57,3,31.0,40.5,,run
2026-08-01T03:12:43+03:00,1785543163,12387,57,3,31.0,40.5,,run
2026-08-01T03:12:48+03:00,1785543168,12392,57,3,31.0,41.1,,run
2026-08-01T03:12:53+03:00,1785543173,12397,57,3,31.0,47.6,,run
2026-08-01T03:12:59+03:00,1785543179,12403,57,3,31.0,52.8,,run
2026-08-01T03:13:04+03:00,1785543184,12408,57,3,31.0,42.3,,run
2026-08-01T03:13:09+03:00,1785543189,12413,57,3,31.0,40.2,,run
2026-08-01T03:13:14+03:00,1785543194,12418,57,3,31.0,40.8,,run
2026-08-01T03:13:20+03:00,1785543200,12424,57,3,31.0,38.9,,run
2026-08-01T03:13:25+03:00,1785543205,12429,57,3,31.0,39.8,,run
2026-08-01T03:13:30+03:00,1785543210,12434,57,3,31.0,38.9,,run
2026-08-01T03:13:35+03:00,1785543215,12439,57,3,31.0,45.7,,run
2026-08-01T03:13:41+03:00,1785543221,12445,57,3,31.0,45.4,,run
2026-08-01T03:13:46+03:00,1785543226,12450,57,3,31.0,42.0,,run
2026-08-01T03:13:51+03:00,1785543231,12455,57,3,31.0,43.6,,run
2026-08-01T03:13:56+03:00,1785543236,12460,57,3,31.0,41.7,,run
2026-08-01T03:14:01+03:00,1785543241,12465,57,3,31.0,40.8,,run
2026-08-01T03:14:07+03:00,1785543247,12471,57,3,31.0,41.4,,run
2026-08-01T03:14:12+03:00,1785543252,12476,57,3,31.0,40.2,,run
2026-08-01T03:14:17+03:00,1785543257,12481,57,3,31.0,41.1,,run
2026-08-01T03:14:22+03:00,1785543262,12486,57,3,31.0,41.7,,run
2026-08-01T03:14:28+03:00,1785543268,12492,57,3,31.0,40.8,,run
2026-08-01T03:14:33+03:00,1785543273,12497,57,3,31.0,41.7,,run
2026-08-01T03:14:38+03:00,1785543278,12502,57,3,31.0,41.1,,run
2026-08-01T03:14:43+03:00,1785543283,12507,57,3,31.0,41.1,,run
2026-08-01T03:14:48+03:00,1785543288,12512,57,3,31.0,42.9,,run
2026-08-01T03:14:54+03:00,1785543294,12518,57,3,31.0,55.0,,run
2026-08-01T03:14:59+03:00,1785543299,12523,57,3,31.0,41.4,,run
2026-08-01T03:15:04+03:00,1785543304,12528,57,3,31.0,41.1,,run
2026-08-01T03:15:10+03:00,1785543310,12534,57,3,31.0,39.8,,run
2026-08-01T03:15:15+03:00,1785543315,12539,57,3,31.0,39.5,,run
2026-08-01T03:15:20+03:00,1785543320,12544,57,3,31.0,38.9,,run
2026-08-01T03:15:25+03:00,1785543325,12549,57,3,31.0,39.2,,run
2026-08-01T03:15:31+03:00,1785543331,12555,57,3,31.0,38.9,,run
2026-08-01T03:15:36+03:00,1785543336,12560,57,3,31.0,52.8,,run
2026-08-01T03:15:41+03:00,1785543341,12565,57,3,31.0,43.2,,run
2026-08-01T03:15:46+03:00,1785543346,12570,57,3,31.0,43.6,,run
2026-08-01T03:15:52+03:00,1785543352,12576,57,3,31.0,42.9,,run
2026-08-01T03:15:57+03:00,1785543357,12581,57,3,31.0,42.0,,run
2026-08-01T03:16:02+03:00,1785543362,12586,57,3,31.0,40.5,,run
2026-08-01T03:16:07+03:00,1785543367,12591,57,3,31.0,41.4,,run
2026-08-01T03:16:12+03:00,1785543372,12596,57,3,31.0,40.2,,run
2026-08-01T03:16:18+03:00,1785543378,12602,57,3,31.0,43.2,,run
2026-08-01T03:16:23+03:00,1785543383,12607,57,3,31.0,42.6,,run
2026-08-01T03:16:28+03:00,1785543388,12612,57,3,31.0,40.5,,run
2026-08-01T03:16:33+03:00,1785543393,12617,57,3,31.0,41.4,,run
2026-08-01T03:16:38+03:00,1785543398,12622,57,3,31.0,41.1,,run
2026-08-01T03:16:44+03:00,1785543404,12628,56,3,31.0,40.5,,run
2026-08-01T03:16:49+03:00,1785543409,12633,56,3,31.0,47.9,,run
2026-08-01T03:16:54+03:00,1785543414,12638,56,3,31.0,47.6,,run
2026-08-01T03:16:59+03:00,1785543419,12643,56,3,31.0,43.2,,run
2026-08-01T03:17:05+03:00,1785543425,12649,56,3,31.0,39.8,,run
2026-08-01T03:17:10+03:00,1785543430,12654,56,3,31.0,41.1,,run
2026-08-01T03:17:15+03:00,1785543435,12659,56,3,31.0,39.8,,run
2026-08-01T03:17:20+03:00,1785543440,12664,56,3,31.0,38.6,,run
2026-08-01T03:17:26+03:00,1785543446,12670,56,3,31.0,39.8,,run
2026-08-01T03:17:31+03:00,1785543451,12675,56,3,31.0,42.6,,run
2026-08-01T03:17:36+03:00,1785543456,12680,56,3,31.0,49.4,,run
2026-08-01T03:17:41+03:00,1785543461,12685,56,3,31.0,42.6,,run
2026-08-01T03:17:47+03:00,1785543467,12691,56,3,31.0,41.4,,run
2026-08-01T03:17:52+03:00,1785543472,12696,56,3,31.0,41.1,,run
2026-08-01T03:17:57+03:00,1785543477,12701,56,3,31.0,41.4,,run
2026-08-01T03:18:02+03:00,1785543482,12706,56,3,31.0,39.8,,run
2026-08-01T03:18:07+03:00,1785543487,12711,56,3,31.0,43.6,,run
2026-08-01T03:18:13+03:00,1785543493,12717,56,3,31.0,40.8,,run
2026-08-01T03:18:18+03:00,1785543498,12722,56,3,31.0,41.1,,run
2026-08-01T03:18:23+03:00,1785543503,12727,56,3,31.0,40.2,,run
2026-08-01T03:18:28+03:00,1785543508,12732,56,3,31.0,40.8,,run
2026-08-01T03:18:34+03:00,1785543514,12738,56,3,31.0,42.3,,run
2026-08-01T03:18:39+03:00,1785543519,12743,56,3,31.0,42.6,,run
2026-08-01T03:18:44+03:00,1785543524,12748,56,3,31.0,41.1,,run
2026-08-01T03:18:49+03:00,1785543529,12753,56,3,31.0,49.7,,run
2026-08-01T03:18:55+03:00,1785543535,12759,56,3,31.0,42.6,,run
2026-08-01T03:19:00+03:00,1785543540,12764,56,3,31.0,42.3,,run
2026-08-01T03:19:05+03:00,1785543545,12769,56,3,31.0,39.2,,run
2026-08-01T03:19:10+03:00,1785543550,12774,56,3,31.0,40.2,,run
2026-08-01T03:19:16+03:00,1785543556,12780,56,3,31.0,38.6,,run
2026-08-01T03:19:21+03:00,1785543561,12785,56,3,31.0,40.2,,run
2026-08-01T03:19:26+03:00,1785543566,12790,56,3,31.0,38.6,,run
2026-08-01T03:19:31+03:00,1785543571,12795,56,3,31.0,41.7,,run
2026-08-01T03:19:37+03:00,1785543577,12801,56,3,31.0,46.7,,run
2026-08-01T03:19:42+03:00,1785543582,12806,56,3,31.0,42.3,,run
2026-08-01T03:19:47+03:00,1785543587,12811,56,3,31.0,43.2,,run
2026-08-01T03:19:52+03:00,1785543592,12816,56,3,31.0,42.0,,run
2026-08-01T03:19:58+03:00,1785543598,12822,56,3,31.0,40.8,,run
2026-08-01T03:20:03+03:00,1785543603,12827,56,3,31.0,43.2,,run
2026-08-01T03:20:08+03:00,1785543608,12832,56,3,31.0,41.7,,run
2026-08-01T03:20:13+03:00,1785543613,12837,56,3,31.0,44.8,,run
2026-08-01T03:20:18+03:00,1785543618,12842,56,3,31.0,41.1,,run
2026-08-01T03:20:24+03:00,1785543624,12848,56,3,31.0,40.8,,run
2026-08-01T03:20:29+03:00,1785543629,12853,56,3,31.0,42.0,,run
2026-08-01T03:20:34+03:00,1785543634,12858,56,3,31.0,42.9,,run
2026-08-01T03:20:39+03:00,1785543639,12863,56,3,31.0,42.6,,run
2026-08-01T03:20:45+03:00,1785543645,12869,56,3,31.0,42.3,,run
2026-08-01T03:20:50+03:00,1785543650,12874,56,3,31.0,52.2,,run
2026-08-01T03:20:56+03:00,1785543656,12880,56,3,31.0,42.0,,run
2026-08-01T03:21:01+03:00,1785543661,12885,56,3,31.0,41.4,,run
2026-08-01T03:21:06+03:00,1785543666,12890,56,3,31.0,40.5,,run
2026-08-01T03:21:11+03:00,1785543671,12895,56,3,31.0,39.5,,run
2026-08-01T03:21:16+03:00,1785543676,12900,56,3,31.0,39.2,,run
2026-08-01T03:21:22+03:00,1785543682,12906,56,3,31.0,38.9,,run
2026-08-01T03:21:27+03:00,1785543687,12911,56,3,31.0,38.9,,run
2026-08-01T03:21:32+03:00,1785543692,12916,56,3,31.0,49.4,,run
2026-08-01T03:21:38+03:00,1785543698,12922,56,3,31.0,44.5,,run
2026-08-01T03:21:43+03:00,1785543703,12927,56,3,31.0,41.4,,run
2026-08-01T03:21:48+03:00,1785543708,12932,56,3,31.0,40.5,,run
2026-08-01T03:21:53+03:00,1785543713,12937,56,3,31.0,40.5,,run
2026-08-01T03:21:59+03:00,1785543719,12943,56,3,31.0,39.8,,run
2026-08-01T03:22:04+03:00,1785543724,12948,56,3,31.0,42.3,,run
2026-08-01T03:22:09+03:00,1785543729,12953,56,3,31.0,40.8,,run
2026-08-01T03:22:14+03:00,1785543734,12958,56,3,31.0,39.8,,run
2026-08-01T03:22:20+03:00,1785543740,12964,56,3,31.0,40.8,,run
2026-08-01T03:22:25+03:00,1785543745,12969,56,3,31.0,40.2,,run
2026-08-01T03:22:30+03:00,1785543750,12974,56,3,31.0,41.4,,run
2026-08-01T03:22:35+03:00,1785543755,12979,56,3,31.0,40.5,,run
2026-08-01T03:22:40+03:00,1785543760,12984,56,3,31.0,40.2,,run
2026-08-01T03:22:46+03:00,1785543766,12990,56,3,31.0,40.5,,run
2026-08-01T03:22:51+03:00,1785543771,12995,56,3,31.0,51.9,,run
2026-08-01T03:22:57+03:00,1785543776,13000,56,3,31.0,46.3,,run
2026-08-01T03:23:02+03:00,1785543782,13006,56,3,31.0,40.5,,run
2026-08-01T03:23:07+03:00,1785543787,13011,56,3,31.0,40.2,,run
2026-08-01T03:23:12+03:00,1785543792,13016,56,3,31.0,39.2,,run
2026-08-01T03:23:17+03:00,1785543797,13021,56,3,31.0,39.5,,run
2026-08-01T03:23:23+03:00,1785543803,13027,56,3,31.0,40.5,,run
2026-08-01T03:23:28+03:00,1785543808,13032,56,3,31.0,39.8,,run
2026-08-01T03:23:33+03:00,1785543813,13037,56,3,31.0,51.0,,run
2026-08-01T03:23:38+03:00,1785543818,13042,56,3,31.0,42.9,,run
2026-08-01T03:23:44+03:00,1785543824,13048,56,3,31.0,41.1,,run
2026-08-01T03:23:49+03:00,1785543829,13053,56,3,31.0,41.1,,run
2026-08-01T03:23:54+03:00,1785543834,13058,56,3,31.0,40.8,,run
2026-08-01T03:23:59+03:00,1785543839,13063,56,3,31.0,42.3,,run
2026-08-01T03:24:05+03:00,1785543845,13069,56,3,30.9,41.7,,run
2026-08-01T03:24:10+03:00,1785543850,13074,56,3,30.9,41.1,,run
2026-08-01T03:24:15+03:00,1785543855,13079,56,3,30.9,40.5,,run
2026-08-01T03:24:20+03:00,1785543860,13084,56,3,30.9,40.2,,run
2026-08-01T03:24:25+03:00,1785543865,13089,56,3,30.9,40.8,,run
2026-08-01T03:24:31+03:00,1785543871,13095,56,3,30.9,42.6,,run
2026-08-01T03:24:36+03:00,1785543876,13100,56,3,30.9,41.4,,run
2026-08-01T03:24:41+03:00,1785543881,13105,56,3,30.9,40.8,,run
2026-08-01T03:24:46+03:00,1785543886,13110,56,3,30.9,45.7,,run
2026-08-01T03:24:52+03:00,1785543892,13116,56,3,30.9,49.7,,run
2026-08-01T03:24:57+03:00,1785543897,13121,56,3,30.9,43.2,,run
2026-08-01T03:25:02+03:00,1785543902,13126,56,3,30.9,40.5,,run
2026-08-01T03:25:07+03:00,1785543907,13131,56,3,30.9,40.5,,run
2026-08-01T03:25:13+03:00,1785543913,13137,56,3,30.9,40.2,,run
2026-08-01T03:25:18+03:00,1785543918,13142,56,3,30.9,39.2,,run
2026-08-01T03:25:23+03:00,1785543923,13147,56,3,30.9,39.2,,run
2026-08-01T03:25:28+03:00,1785543928,13152,56,3,30.9,40.2,,run
2026-08-01T03:25:33+03:00,1785543933,13157,56,3,30.9,50.4,,run
2026-08-01T03:25:39+03:00,1785543939,13163,56,3,30.9,42.0,,run
2026-08-01T03:25:44+03:00,1785543944,13168,56,3,30.9,41.7,,run
2026-08-01T03:25:49+03:00,1785543949,13173,56,3,30.9,40.8,,run
2026-08-01T03:25:54+03:00,1785543954,13178,56,3,30.9,41.1,,run
2026-08-01T03:26:00+03:00,1785543960,13184,56,3,30.9,41.1,,run
2026-08-01T03:26:05+03:00,1785543965,13189,56,3,30.9,39.5,,run
2026-08-01T03:26:10+03:00,1785543970,13194,56,3,30.9,42.6,,run
2026-08-01T03:26:15+03:00,1785543975,13199,56,3,30.9,41.4,,run
2026-08-01T03:26:21+03:00,1785543981,13205,56,3,30.9,40.5,,run
2026-08-01T03:26:26+03:00,1785543986,13210,56,3,30.9,40.8,,run
2026-08-01T03:26:31+03:00,1785543991,13215,56,3,30.9,39.8,,run
2026-08-01T03:26:36+03:00,1785543996,13220,56,3,30.9,40.8,,run
2026-08-01T03:26:41+03:00,1785544001,13225,56,3,30.9,42.0,,run
2026-08-01T03:26:47+03:00,1785544007,13231,56,3,30.9,44.8,,run
2026-08-01T03:26:52+03:00,1785544012,13236,56,3,30.9,44.5,,run
2026-08-01T03:26:57+03:00,1785544017,13241,56,3,30.9,41.4,,run
2026-08-01T03:27:02+03:00,1785544022,13246,56,3,30.9,39.8,,run
2026-08-01T03:27:08+03:00,1785544028,13252,56,3,30.9,38.9,,run
2026-08-01T03:27:13+03:00,1785544033,13257,56,3,30.9,39.5,,run
2026-08-01T03:27:18+03:00,1785544038,13262,56,3,30.9,42.9,,run
2026-08-01T03:27:23+03:00,1785544043,13267,56,3,30.9,39.5,,run
2026-08-01T03:27:29+03:00,1785544049,13273,55,3,31.0,53.5,,run
2026-08-01T03:27:34+03:00,1785544054,13278,55,3,31.0,42.0,,run
2026-08-01T03:27:39+03:00,1785544059,13283,55,3,31.0,40.5,,run
2026-08-01T03:27:45+03:00,1785544065,13289,55,3,31.0,40.2,,run
2026-08-01T03:27:50+03:00,1785544070,13294,55,3,31.0,42.0,,run
2026-08-01T03:27:55+03:00,1785544075,13299,55,3,31.0,41.7,,run
2026-08-01T03:28:00+03:00,1785544080,13304,55,3,31.0,41.1,,run
2026-08-01T03:28:06+03:00,1785544086,13310,55,3,31.0,41.1,,run
2026-08-01T03:28:11+03:00,1785544091,13315,55,3,31.0,40.2,,run
2026-08-01T03:28:16+03:00,1785544096,13320,55,3,31.0,41.4,,run
2026-08-01T03:28:21+03:00,1785544101,13325,55,3,31.0,41.4,,run
2026-08-01T03:28:26+03:00,1785544106,13330,55,3,31.0,42.0,,run
2026-08-01T03:28:32+03:00,1785544112,13336,55,3,31.0,41.1,,run
2026-08-01T03:28:37+03:00,1785544117,13341,55,3,31.0,40.5,,run
2026-08-01T03:28:42+03:00,1785544122,13346,55,3,31.0,45.4,,run
2026-08-01T03:28:47+03:00,1785544127,13351,55,3,31.0,51.6,,run
2026-08-01T03:28:53+03:00,1785544133,13357,55,3,31.0,42.3,,run
2026-08-01T03:28:58+03:00,1785544138,13362,55,3,31.0,40.2,,run
2026-08-01T03:29:03+03:00,1785544143,13367,55,3,31.0,39.8,,run
2026-08-01T03:29:08+03:00,1785544148,13372,55,3,31.0,39.2,,run
2026-08-01T03:29:14+03:00,1785544154,13378,55,3,31.0,38.6,,run
2026-08-01T03:29:19+03:00,1785544159,13383,55,3,31.0,39.8,,run
2026-08-01T03:29:24+03:00,1785544164,13388,55,3,31.0,42.3,,run
2026-08-01T03:29:29+03:00,1785544169,13393,55,3,31.0,45.7,,run
2026-08-01T03:29:34+03:00,1785544174,13398,55,3,31.0,41.4,,run
2026-08-01T03:29:40+03:00,1785544180,13404,55,3,31.0,41.7,,run
2026-08-01T03:29:45+03:00,1785544185,13409,55,3,31.0,42.6,,run
2026-08-01T03:29:50+03:00,1785544190,13414,55,3,31.0,41.1,,run
2026-08-01T03:29:55+03:00,1785544195,13419,55,3,31.0,41.1,,run
2026-08-01T03:30:01+03:00,1785544201,13425,55,3,31.0,40.8,,run
2026-08-01T03:30:06+03:00,1785544206,13430,55,3,31.0,39.5,,run
2026-08-01T03:30:11+03:00,1785544211,13435,55,3,31.0,41.1,,run
2026-08-01T03:30:16+03:00,1785544216,13440,55,3,31.0,42.0,,run
2026-08-01T03:30:21+03:00,1785544221,13445,55,3,31.0,40.8,,run
2026-08-01T03:30:27+03:00,1785544227,13451,55,3,31.0,40.5,,run
2026-08-01T03:30:32+03:00,1785544232,13456,55,3,31.0,39.5,,run
2026-08-01T03:30:37+03:00,1785544237,13461,55,3,31.0,40.5,,run
2026-08-01T03:30:42+03:00,1785544242,13466,55,3,31.0,50.4,,run
2026-08-01T03:30:48+03:00,1785544248,13472,55,3,31.0,44.2,,run
2026-08-01T03:30:53+03:00,1785544253,13477,55,3,31.0,41.4,,run
2026-08-01T03:30:59+03:00,1785544259,13483,55,3,31.0,39.5,,run
2026-08-01T03:31:04+03:00,1785544264,13488,55,3,31.0,40.2,,run
2026-08-01T03:31:09+03:00,1785544269,13493,55,3,31.0,38.9,,run
2026-08-01T03:31:14+03:00,1785544274,13498,55,3,31.0,38.9,,run
2026-08-01T03:31:20+03:00,1785544280,13504,55,3,31.0,41.7,,run
2026-08-01T03:31:25+03:00,1785544285,13509,55,3,31.0,50.7,,run
2026-08-01T03:31:30+03:00,1785544290,13514,55,3,31.0,45.1,,run
2026-08-01T03:31:35+03:00,1785544295,13519,55,3,31.0,44.8,,run
2026-08-01T03:31:41+03:00,1785544301,13525,55,3,31.0,44.2,,run
2026-08-01T03:31:46+03:00,1785544306,13530,55,3,31.0,43.6,,run
2026-08-01T03:31:51+03:00,1785544311,13535,55,3,31.0,43.6,,run
2026-08-01T03:31:56+03:00,1785544316,13540,55,3,31.0,44.8,,run
2026-08-01T03:32:01+03:00,1785544321,13545,55,3,31.0,43.9,,run
2026-08-01T03:32:07+03:00,1785544327,13551,55,3,31.0,44.5,,run
2026-08-01T03:32:12+03:00,1785544332,13556,55,3,31.0,43.9,,run
2026-08-01T03:32:17+03:00,1785544337,13561,55,3,31.0,44.8,,run
2026-08-01T03:32:22+03:00,1785544342,13566,55,3,31.0,42.9,,run
2026-08-01T03:32:28+03:00,1785544348,13572,55,3,31.0,44.8,,run
2026-08-01T03:32:33+03:00,1785544353,13577,55,3,31.0,44.8,,run
2026-08-01T03:32:38+03:00,1785544358,13582,55,3,31.0,46.7,,run
2026-08-01T03:32:43+03:00,1785544363,13587,55,3,31.0,46.0,,run
2026-08-01T03:32:48+03:00,1785544368,13592,55,3,31.0,43.9,,run
2026-08-01T03:32:54+03:00,1785544374,13598,55,3,31.0,40.5,,run
2026-08-01T03:32:59+03:00,1785544379,13603,55,3,31.0,41.1,,run
2026-08-01T03:33:04+03:00,1785544384,13608,55,3,31.0,50.1,,run
2026-08-01T03:33:10+03:00,1785544390,13614,55,3,31.0,45.1,,run
2026-08-01T03:33:15+03:00,1785544395,13619,55,3,31.0,42.9,,run
2026-08-01T03:33:20+03:00,1785544400,13624,55,3,31.0,42.3,,run
2026-08-01T03:33:25+03:00,1785544405,13629,55,3,31.0,40.5,,run
2026-08-01T03:33:31+03:00,1785544411,13635,55,3,31.0,40.5,,run
2026-08-01T03:33:36+03:00,1785544416,13640,55,3,31.0,40.8,,run
2026-08-01T03:33:41+03:00,1785544421,13645,55,3,31.0,40.2,,run
2026-08-01T03:33:46+03:00,1785544426,13650,55,3,31.0,42.0,,run
2026-08-01T03:33:51+03:00,1785544431,13655,55,3,31.0,41.4,,run
2026-08-01T03:33:57+03:00,1785544437,13661,55,3,31.0,40.5,,run
2026-08-01T03:34:02+03:00,1785544442,13666,55,3,31.0,39.8,,run
2026-08-01T03:34:07+03:00,1785544447,13671,55,3,31.0,41.1,,run
2026-08-01T03:34:12+03:00,1785544452,13676,55,3,31.0,41.7,,run
2026-08-01T03:34:18+03:00,1785544458,13682,55,3,31.0,41.4,,run
2026-08-01T03:34:23+03:00,1785544463,13687,55,3,31.0,51.3,,run
2026-08-01T03:34:28+03:00,1785544468,13692,55,3,31.0,43.6,,run
2026-08-01T03:34:33+03:00,1785544473,13697,55,3,31.0,41.4,,run
2026-08-01T03:34:39+03:00,1785544479,13703,55,3,31.0,39.8,,run
2026-08-01T03:34:44+03:00,1785544484,13708,55,3,31.0,39.2,,run
2026-08-01T03:34:49+03:00,1785544489,13713,55,3,31.0,39.2,,run
2026-08-01T03:34:54+03:00,1785544494,13718,55,3,31.0,40.5,,run
2026-08-01T03:34:59+03:00,1785544499,13723,55,3,31.0,39.8,,run
2026-08-01T03:35:05+03:00,1785544505,13729,55,3,31.0,44.2,,run
2026-08-01T03:35:10+03:00,1785544510,13734,55,3,31.0,44.8,,run
2026-08-01T03:35:15+03:00,1785544515,13739,55,3,31.0,40.5,,run
2026-08-01T03:35:20+03:00,1785544520,13744,55,3,31.0,41.4,,run
2026-08-01T03:35:26+03:00,1785544526,13750,55,3,31.0,40.8,,run
2026-08-01T03:35:31+03:00,1785544531,13755,55,3,31.0,41.7,,run
2026-08-01T03:35:36+03:00,1785544536,13760,55,3,31.0,41.1,,run
2026-08-01T03:35:41+03:00,1785544541,13765,55,3,31.0,40.8,,run
2026-08-01T03:35:47+03:00,1785544547,13771,55,3,31.0,39.8,,run
2026-08-01T03:35:52+03:00,1785544552,13776,55,3,31.0,39.8,,run
2026-08-01T03:35:57+03:00,1785544557,13781,55,3,31.0,41.4,,run
2026-08-01T03:36:02+03:00,1785544562,13786,55,3,31.0,40.8,,run
2026-08-01T03:36:07+03:00,1785544567,13791,55,3,31.0,40.2,,run
2026-08-01T03:36:13+03:00,1785544573,13797,55,3,31.0,40.5,,run
2026-08-01T03:36:18+03:00,1785544578,13802,55,3,31.0,40.2,,run
2026-08-01T03:36:23+03:00,1785544583,13807,55,3,31.0,51.6,,run
2026-08-01T03:36:29+03:00,1785544589,13813,55,3,31.0,42.6,,run
2026-08-01T03:36:34+03:00,1785544594,13818,55,3,31.0,42.3,,run
2026-08-01T03:36:39+03:00,1785544599,13823,55,3,31.0,39.5,,run
2026-08-01T03:36:44+03:00,1785544604,13828,55,3,31.0,40.2,,run
2026-08-01T03:36:50+03:00,1785544610,13834,55,3,31.0,52.2,,run
2026-08-01T03:36:55+03:00,1785544615,13839,55,3,31.0,43.9,,run
2026-08-01T03:37:01+03:00,1785544621,13845,55,3,31.0,42.3,,run
2026-08-01T03:37:06+03:00,1785544626,13850,54,3,31.1,42.0,,run
2026-08-01T03:37:11+03:00,1785544631,13855,54,3,31.1,41.1,,run
2026-08-01T03:37:16+03:00,1785544636,13860,54,3,31.1,42.0,,run
2026-08-01T03:37:22+03:00,1785544642,13866,54,3,31.1,42.3,,run
2026-08-01T03:37:27+03:00,1785544647,13871,54,3,31.1,43.9,,run
2026-08-01T03:37:32+03:00,1785544652,13876,54,3,31.1,43.2,,run
2026-08-01T03:37:37+03:00,1785544657,13881,54,3,31.1,42.0,,run
2026-08-01T03:37:42+03:00,1785544662,13886,54,3,31.1,41.7,,run
2026-08-01T03:37:48+03:00,1785544668,13892,54,3,31.1,40.5,,run
2026-08-01T03:37:53+03:00,1785544673,13897,54,3,31.1,40.8,,run
2026-08-01T03:37:58+03:00,1785544678,13902,54,3,31.1,42.3,,run
2026-08-01T03:38:03+03:00,1785544683,13907,54,3,31.1,45.4,,run
2026-08-01T03:38:09+03:00,1785544689,13913,54,3,31.1,52.8,,run
2026-08-01T03:38:14+03:00,1785544694,13918,54,3,31.1,47.3,,run
2026-08-01T03:38:19+03:00,1785544699,13923,54,3,31.1,41.7,,run
2026-08-01T03:38:25+03:00,1785544705,13929,54,3,31.1,41.1,,run
2026-08-01T03:38:30+03:00,1785544710,13934,54,3,31.1,39.5,,run
2026-08-01T03:38:35+03:00,1785544715,13939,54,3,31.1,40.5,,run
2026-08-01T03:38:40+03:00,1785544720,13944,54,3,31.1,39.8,,run
2026-08-01T03:38:45+03:00,1785544725,13949,54,3,31.1,39.8,,run
2026-08-01T03:38:51+03:00,1785544731,13955,54,3,31.1,51.0,,run
2026-08-01T03:38:56+03:00,1785544736,13960,54,3,31.1,42.9,,run
2026-08-01T03:39:01+03:00,1785544741,13965,54,3,31.1,40.8,,run
2026-08-01T03:39:06+03:00,1785544746,13970,54,3,31.1,41.1,,run
2026-08-01T03:39:12+03:00,1785544752,13976,54,3,31.1,42.9,,run
2026-08-01T03:39:17+03:00,1785544757,13981,54,3,31.1,41.4,,run
2026-08-01T03:39:22+03:00,1785544762,13986,54,3,31.1,40.5,,run
2026-08-01T03:39:27+03:00,1785544767,13991,54,3,31.1,41.1,,run
2026-08-01T03:39:32+03:00,1785544772,13996,54,3,31.1,40.8,,run
2026-08-01T03:39:38+03:00,1785544778,14002,54,3,31.1,41.1,,run
2026-08-01T03:39:43+03:00,1785544783,14007,54,3,31.1,41.1,,run
2026-08-01T03:39:48+03:00,1785544788,14012,54,3,31.1,41.4,,run
2026-08-01T03:39:53+03:00,1785544793,14017,54,3,31.1,40.2,,run
2026-08-01T03:39:59+03:00,1785544799,14023,54,3,31.1,39.8,,run
2026-08-01T03:40:04+03:00,1785544804,14028,54,3,31.1,46.0,,run
2026-08-01T03:40:09+03:00,1785544809,14033,54,3,31.1,49.1,,run
2026-08-01T03:40:14+03:00,1785544814,14038,54,3,31.1,42.6,,run
2026-08-01T03:40:19+03:00,1785544819,14043,54,3,31.1,40.8,,run
2026-08-01T03:40:25+03:00,1785544825,14049,54,3,31.1,39.2,,run
2026-08-01T03:40:30+03:00,1785544830,14054,54,3,31.1,39.8,,run
2026-08-01T03:40:35+03:00,1785544835,14059,54,3,31.1,39.2,,run
2026-08-01T03:40:40+03:00,1785544840,14064,54,3,31.1,39.8,,run
2026-08-01T03:40:46+03:00,1785544846,14070,54,3,31.1,42.3,,run
2026-08-01T03:40:51+03:00,1785544851,14075,54,3,31.1,49.1,,run
2026-08-01T03:40:56+03:00,1785544856,14080,54,3,31.1,44.2,,run
2026-08-01T03:41:01+03:00,1785544861,14085,54,3,31.1,41.1,,run
2026-08-01T03:41:07+03:00,1785544867,14091,54,3,31.1,41.7,,run
2026-08-01T03:41:12+03:00,1785544872,14096,54,3,31.1,40.2,,run
2026-08-01T03:41:17+03:00,1785544877,14101,54,3,31.1,39.8,,run
2026-08-01T03:41:22+03:00,1785544882,14106,54,3,31.1,40.5,,run
2026-08-01T03:41:27+03:00,1785544887,14111,54,3,31.1,42.0,,run
2026-08-01T03:41:33+03:00,1785544893,14117,54,3,31.1,40.8,,run
2026-08-01T03:41:38+03:00,1785544898,14122,54,3,31.1,40.2,,run
2026-08-01T03:41:43+03:00,1785544903,14127,54,3,31.1,39.5,,run
2026-08-01T03:41:48+03:00,1785544908,14132,54,3,31.1,39.8,,run
2026-08-01T03:41:54+03:00,1785544914,14138,54,3,31.1,42.6,,run
2026-08-01T03:41:59+03:00,1785544919,14143,54,3,31.1,39.8,,run
2026-08-01T03:42:04+03:00,1785544924,14148,54,3,31.1,49.1,,run
2026-08-01T03:42:10+03:00,1785544930,14154,54,3,31.1,42.9,,run
2026-08-01T03:42:15+03:00,1785544935,14159,54,3,31.1,44.2,,run
2026-08-01T03:42:20+03:00,1785544940,14164,54,3,31.1,38.9,,run
2026-08-01T03:42:25+03:00,1785544945,14169,54,3,31.1,39.5,,run
2026-08-01T03:42:30+03:00,1785544950,14174,54,3,31.1,50.4,,run
2026-08-01T03:42:36+03:00,1785544956,14180,54,3,31.1,42.6,,run
2026-08-01T03:42:41+03:00,1785544961,14185,54,3,31.1,40.2,,run
2026-08-01T03:42:46+03:00,1785544966,14190,54,3,31.1,40.2,,run
2026-08-01T03:42:52+03:00,1785544972,14196,54,3,31.1,42.9,,run
2026-08-01T03:42:57+03:00,1785544977,14201,54,3,31.1,40.5,,run
2026-08-01T03:43:02+03:00,1785544982,14206,54,3,31.1,41.4,,run
2026-08-01T03:43:07+03:00,1785544987,14211,54,3,31.1,40.5,,run
2026-08-01T03:43:13+03:00,1785544993,14217,54,3,31.1,40.5,,run
2026-08-01T03:43:18+03:00,1785544998,14222,54,3,31.1,41.1,,run
2026-08-01T03:43:23+03:00,1785545003,14227,54,3,31.1,41.1,,run
2026-08-01T03:43:28+03:00,1785545008,14232,54,3,31.1,40.5,,run
2026-08-01T03:43:33+03:00,1785545013,14237,54,3,31.1,40.2,,run
2026-08-01T03:43:39+03:00,1785545019,14243,54,3,31.1,38.9,,run
2026-08-01T03:43:44+03:00,1785545024,14248,54,3,31.1,39.5,,run
2026-08-01T03:43:49+03:00,1785545029,14253,54,3,31.1,51.6,,run
2026-08-01T03:43:55+03:00,1785545035,14259,54,3,31.1,46.7,,run
2026-08-01T03:44:00+03:00,1785545040,14264,54,3,31.1,40.8,,run
2026-08-01T03:44:05+03:00,1785545045,14269,54,3,30.2,38.9,,run
2026-08-01T03:44:10+03:00,1785545050,14274,54,3,30.2,38.9,,run
2026-08-01T03:44:15+03:00,1785545055,14279,54,3,30.2,39.2,,run
2026-08-01T03:44:21+03:00,1785545061,14285,54,3,30.2,41.1,,run
2026-08-01T03:44:26+03:00,1785545066,14290,54,3,30.2,39.8,,run
2026-08-01T03:44:31+03:00,1785545071,14295,54,3,30.2,51.3,,run
2026-08-01T03:44:37+03:00,1785545077,14301,54,3,30.2,42.6,,run
2026-08-01T03:44:42+03:00,1785545082,14306,54,3,30.2,41.1,,run
2026-08-01T03:44:47+03:00,1785545087,14311,54,3,30.2,40.8,,run
2026-08-01T03:44:52+03:00,1785545092,14316,54,3,30.2,40.2,,run
2026-08-01T03:44:57+03:00,1785545097,14321,54,3,30.2,42.0,,run
2026-08-01T03:45:03+03:00,1785545103,14327,54,3,30.2,41.1,,run
2026-08-01T03:45:08+03:00,1785545108,14332,54,3,30.2,39.8,,run
2026-08-01T03:45:13+03:00,1785545113,14337,54,3,30.2,39.8,,run
2026-08-01T03:45:18+03:00,1785545118,14342,54,3,30.2,39.2,,run
2026-08-01T03:45:24+03:00,1785545124,14348,54,3,30.2,40.8,,run
2026-08-01T03:45:29+03:00,1785545129,14353,54,3,30.2,40.8,,run
2026-08-01T03:45:34+03:00,1785545134,14358,54,3,30.2,40.5,,run
2026-08-01T03:45:39+03:00,1785545139,14363,54,3,30.2,39.8,,run
2026-08-01T03:45:44+03:00,1785545144,14368,54,3,30.2,45.1,,run
2026-08-01T03:45:50+03:00,1785545150,14374,54,3,30.2,51.9,,run
2026-08-01T03:45:55+03:00,1785545155,14379,54,3,30.2,40.5,,end
