iso_ts,epoch,elapsed_s,batt_level,batt_status,batt_temp_c,soc_temp_c,current_ma,event
2026-08-03T05:10:49+03:00,1785723049,0,81,3,34.4,55.6,,run
2026-08-03T05:10:55+03:00,1785723055,6,81,3,34.4,48.5,,run
2026-08-03T05:11:00+03:00,1785723060,11,81,3,34.4,50.7,,run
2026-08-03T05:11:05+03:00,1785723065,16,81,3,34.4,48.2,,run
2026-08-03T05:11:10+03:00,1785723070,21,81,3,34.4,46.3,,run
2026-08-03T05:11:15+03:00,1785723075,26,81,3,34.4,47.6,,run
2026-08-03T05:11:21+03:00,1785723081,32,81,3,34.4,48.5,,run
2026-08-03T05:11:26+03:00,1785723086,37,81,3,34.4,47.9,,run
2026-08-03T05:11:31+03:00,1785723091,42,81,3,34.4,47.9,,run
2026-08-03T05:11:37+03:00,1785723097,48,81,3,34.4,55.3,,run
2026-08-03T05:11:42+03:00,1785723102,53,81,3,34.0,50.7,,run
2026-08-03T05:11:47+03:00,1785723107,58,81,3,34.0,47.0,,run
2026-08-03T05:11:52+03:00,1785723112,63,81,3,34.0,46.0,,run
2026-08-03T05:11:57+03:00,1785723117,68,81,3,34.0,45.4,,run
2026-08-03T05:12:03+03:00,1785723123,74,81,3,34.0,45.7,,run
2026-08-03T05:12:08+03:00,1785723128,79,81,3,34.0,48.2,,run
2026-08-03T05:12:13+03:00,1785723133,84,81,3,34.0,47.3,,run
2026-08-03T05:12:18+03:00,1785723138,89,81,3,34.0,47.3,,run
2026-08-03T05:12:24+03:00,1785723144,95,81,3,34.0,45.4,,run
2026-08-03T05:12:29+03:00,1785723149,100,81,3,34.0,44.5,,run
2026-08-03T05:12:34+03:00,1785723154,105,81,3,34.0,43.6,,run
2026-08-03T05:12:39+03:00,1785723159,110,81,3,34.0,43.9,,run
2026-08-03T05:12:44+03:00,1785723164,115,81,3,34.0,44.2,,run
2026-08-03T05:12:50+03:00,1785723170,121,81,3,34.0,52.2,,run
2026-08-03T05:12:55+03:00,1785723175,126,81,3,34.0,45.4,,run
2026-08-03T05:13:01+03:00,1785723181,132,81,3,34.0,46.0,,run
2026-08-03T05:13:06+03:00,1785723186,137,81,3,34.0,43.2,,run
2026-08-03T05:13:11+03:00,1785723191,142,81,3,34.0,42.9,,run
2026-08-03T05:13:16+03:00,1785723196,147,81,3,34.0,43.9,,run
2026-08-03T05:13:22+03:00,1785723202,153,81,3,34.0,42.9,,run
2026-08-03T05:13:27+03:00,1785723207,158,81,3,34.0,45.7,,run
2026-08-03T05:13:32+03:00,1785723212,163,81,3,34.0,47.6,,run
2026-08-03T05:13:37+03:00,1785723217,168,81,3,34.0,52.5,,run
2026-08-03T05:13:43+03:00,1785723223,174,81,3,34.0,46.7,,run
2026-08-03T05:13:48+03:00,1785723228,179,81,3,34.0,44.5,,run
2026-08-03T05:13:53+03:00,1785723233,184,81,3,34.0,43.9,,run
2026-08-03T05:13:58+03:00,1785723238,189,81,3,34.0,43.9,,run
2026-08-03T05:14:04+03:00,1785723244,195,81,3,34.0,43.9,,run
2026-08-03T05:14:09+03:00,1785723249,200,81,3,34.0,43.6,,run
2026-08-03T05:14:14+03:00,1785723254,205,81,3,34.0,42.9,,run
2026-08-03T05:14:19+03:00,1785723259,210,81,3,34.0,47.6,,run
2026-08-03T05:14:25+03:00,1785723265,216,81,3,34.0,44.5,,run
2026-08-03T05:14:30+03:00,1785723270,221,81,3,34.0,42.9,,run
2026-08-03T05:14:35+03:00,1785723275,226,81,3,34.0,44.2,,run
2026-08-03T05:14:40+03:00,1785723280,231,81,3,34.0,44.5,,run
2026-08-03T05:14:45+03:00,1785723285,236,81,3,34.0,43.2,,run
2026-08-03T05:14:51+03:00,1785723291,242,81,3,34.0,41.7,,run
2026-08-03T05:14:56+03:00,1785723296,247,81,3,34.0,52.5,,run
2026-08-03T05:15:01+03:00,1785723301,252,81,3,34.0,45.4,,run
2026-08-03T05:15:07+03:00,1785723307,258,81,3,34.0,43.2,,run
2026-08-03T05:15:12+03:00,1785723312,263,81,3,34.0,43.2,,run
2026-08-03T05:15:17+03:00,1785723317,268,81,3,34.0,44.8,,run
2026-08-03T05:15:22+03:00,1785723322,273,81,3,34.0,43.6,,run
2026-08-03T05:15:28+03:00,1785723328,279,81,3,34.0,42.0,,run
2026-08-03T05:15:33+03:00,1785723333,284,81,3,34.0,41.1,,run
2026-08-03T05:15:38+03:00,1785723338,289,81,3,34.0,44.5,,run
2026-08-03T05:15:43+03:00,1785723343,294,81,3,34.0,55.3,,run
2026-08-03T05:15:49+03:00,1785723349,300,81,3,34.0,45.1,,run
2026-08-03T05:15:54+03:00,1785723354,305,81,3,34.0,42.9,,run
2026-08-03T05:15:59+03:00,1785723359,310,81,3,34.0,45.4,,run
2026-08-03T05:16:05+03:00,1785723365,316,81,3,34.0,42.6,,run
2026-08-03T05:16:10+03:00,1785723370,321,81,3,34.0,42.6,,run
2026-08-03T05:16:15+03:00,1785723375,326,81,3,34.0,42.9,,run
2026-08-03T05:16:20+03:00,1785723380,331,81,3,34.0,41.7,,run
2026-08-03T05:16:25+03:00,1785723385,336,81,3,34.0,47.0,,run
2026-08-03T05:16:31+03:00,1785723391,342,81,3,34.0,44.8,,run
2026-08-03T05:16:36+03:00,1785723396,347,81,3,34.0,43.2,,run
2026-08-03T05:16:41+03:00,1785723401,352,81,3,34.0,43.2,,run
2026-08-03T05:16:46+03:00,1785723406,357,81,3,34.0,42.9,,run
2026-08-03T05:16:52+03:00,1785723412,363,81,3,34.0,42.0,,run
2026-08-03T05:16:57+03:00,1785723417,368,81,3,34.0,42.3,,run
2026-08-03T05:17:02+03:00,1785723422,373,81,3,34.0,52.2,,run
2026-08-03T05:17:07+03:00,1785723427,378,81,3,34.0,45.7,,run
2026-08-03T05:17:13+03:00,1785723433,384,81,3,34.0,43.6,,run
2026-08-03T05:17:18+03:00,1785723438,389,81,3,34.0,42.3,,run
2026-08-03T05:17:23+03:00,1785723443,394,81,3,34.0,42.3,,run
2026-08-03T05:17:28+03:00,1785723448,399,81,3,34.0,40.8,,run
2026-08-03T05:17:34+03:00,1785723454,405,81,3,34.0,41.1,,run
2026-08-03T05:17:39+03:00,1785723459,410,81,3,34.0,43.6,,run
2026-08-03T05:17:44+03:00,1785723464,415,81,3,34.0,40.8,,run
2026-08-03T05:17:49+03:00,1785723469,420,81,3,34.0,54.4,,run
2026-08-03T05:17:55+03:00,1785723475,426,81,3,34.0,45.4,,run
2026-08-03T05:18:00+03:00,1785723480,431,81,3,34.0,43.2,,run
2026-08-03T05:18:06+03:00,1785723486,437,81,3,34.0,44.5,,run
2026-08-03T05:18:11+03:00,1785723491,442,81,3,34.0,43.6,,run
2026-08-03T05:18:16+03:00,1785723496,447,81,3,34.0,41.7,,run
2026-08-03T05:18:21+03:00,1785723501,452,81,3,34.0,42.6,,run
2026-08-03T05:18:27+03:00,1785723507,458,81,3,34.0,41.4,,run
2026-08-03T05:18:32+03:00,1785723512,463,81,3,34.0,42.9,,run
2026-08-03T05:18:37+03:00,1785723517,468,81,3,34.0,45.7,,run
2026-08-03T05:18:42+03:00,1785723522,473,81,3,34.0,46.0,,run
2026-08-03T05:18:48+03:00,1785723528,479,81,3,34.0,42.3,,run
2026-08-03T05:18:53+03:00,1785723533,484,81,3,34.0,41.4,,run
2026-08-03T05:18:58+03:00,1785723538,489,81,3,34.0,41.1,,run
2026-08-03T05:19:03+03:00,1785723543,494,81,3,34.0,42.9,,run
2026-08-03T05:19:08+03:00,1785723548,499,81,3,34.0,52.2,,run
2026-08-03T05:19:14+03:00,1785723554,505,81,3,34.0,45.1,,run
2026-08-03T05:19:19+03:00,1785723559,510,81,3,34.0,42.3,,run
2026-08-03T05:19:24+03:00,1785723564,515,81,3,34.0,43.2,,run
2026-08-03T05:19:30+03:00,1785723570,521,81,3,34.0,41.4,,run
2026-08-03T05:19:35+03:00,1785723575,526,81,3,34.0,42.3,,run
2026-08-03T05:19:40+03:00,1785723580,531,81,3,34.0,41.7,,run
2026-08-03T05:19:45+03:00,1785723585,536,81,3,34.0,41.7,,run
2026-08-03T05:19:50+03:00,1785723590,541,81,3,34.0,41.4,,run
2026-08-03T05:19:56+03:00,1785723596,547,81,3,34.0,51.6,,run
2026-08-03T05:20:02+03:00,1785723602,553,81,3,34.0,47.0,,run
2026-08-03T05:20:07+03:00,1785723607,558,81,3,34.0,44.2,,run
2026-08-03T05:20:12+03:00,1785723612,563,81,3,34.0,44.2,,run
2026-08-03T05:20:17+03:00,1785723617,568,81,3,34.0,42.9,,run
2026-08-03T05:20:22+03:00,1785723622,573,81,3,34.0,43.2,,run
2026-08-03T05:20:28+03:00,1785723628,579,81,3,34.0,41.7,,run
2026-08-03T05:20:33+03:00,1785723633,584,81,3,34.0,41.4,,run
2026-08-03T05:20:38+03:00,1785723638,589,81,3,34.0,41.1,,run
2026-08-03T05:20:43+03:00,1785723643,594,81,3,34.0,43.9,,run
2026-08-03T05:20:49+03:00,1785723649,600,81,3,31.6,47.3,,run
2026-08-03T05:20:54+03:00,1785723654,605,81,3,31.6,45.1,,run
2026-08-03T05:20:59+03:00,1785723659,610,81,3,31.6,43.6,,run
2026-08-03T05:21:04+03:00,1785723664,615,81,3,31.6,41.7,,run
2026-08-03T05:21:10+03:00,1785723670,621,81,3,31.6,42.3,,run
2026-08-03T05:21:15+03:00,1785723675,626,81,3,31.6,52.2,,run
2026-08-03T05:21:20+03:00,1785723680,631,81,3,31.6,42.9,,run
2026-08-03T05:21:26+03:00,1785723686,637,81,3,31.6,42.6,,run
2026-08-03T05:21:31+03:00,1785723691,642,81,3,31.6,41.7,,run
2026-08-03T05:21:36+03:00,1785723696,647,81,3,31.6,41.1,,run
2026-08-03T05:21:41+03:00,1785723701,652,81,3,31.6,41.4,,run
2026-08-03T05:21:47+03:00,1785723707,658,81,3,31.6,42.3,,run
2026-08-03T05:21:52+03:00,1785723712,663,81,3,31.6,40.8,,run
2026-08-03T05:21:57+03:00,1785723717,668,81,3,31.6,41.7,,run
2026-08-03T05:22:02+03:00,1785723722,673,81,3,31.6,49.7,,run
2026-08-03T05:22:08+03:00,1785723728,679,81,3,31.6,47.6,,run
2026-08-03T05:22:13+03:00,1785723733,684,81,3,31.6,45.1,,run
2026-08-03T05:22:18+03:00,1785723738,689,81,3,31.6,42.6,,run
2026-08-03T05:22:23+03:00,1785723743,694,81,3,31.6,43.2,,run
2026-08-03T05:22:29+03:00,1785723749,700,81,3,31.6,42.3,,run
2026-08-03T05:22:34+03:00,1785723754,705,81,3,31.6,42.9,,run
2026-08-03T05:22:39+03:00,1785723759,710,81,3,31.6,41.4,,run
2026-08-03T05:22:44+03:00,1785723764,715,81,3,31.6,42.3,,run
2026-08-03T05:22:50+03:00,1785723770,721,81,3,31.6,41.1,,run
2026-08-03T05:22:55+03:00,1785723775,726,81,3,31.6,44.2,,run
2026-08-03T05:23:00+03:00,1785723780,731,81,3,31.6,44.8,,run
2026-08-03T05:23:05+03:00,1785723785,736,81,3,31.6,43.6,,run
2026-08-03T05:23:10+03:00,1785723790,741,81,3,31.6,41.7,,run
2026-08-03T05:23:16+03:00,1785723796,747,81,3,31.6,41.7,,run
2026-08-03T05:23:21+03:00,1785723801,752,81,3,31.6,51.9,,run
2026-08-03T05:23:26+03:00,1785723806,757,81,3,31.6,42.6,,run
2026-08-03T05:23:32+03:00,1785723812,763,81,3,31.6,43.2,,run
2026-08-03T05:23:37+03:00,1785723817,768,81,3,31.6,42.6,,run
2026-08-03T05:23:42+03:00,1785723822,773,81,3,31.6,42.3,,run
2026-08-03T05:23:47+03:00,1785723827,778,81,3,31.6,40.8,,run
2026-08-03T05:23:53+03:00,1785723833,784,81,3,31.6,41.1,,run
2026-08-03T05:23:58+03:00,1785723838,789,81,3,31.6,40.8,,run
2026-08-03T05:24:03+03:00,1785723843,794,81,3,31.6,43.2,,run
2026-08-03T05:24:08+03:00,1785723848,799,81,3,31.6,54.4,,run
2026-08-03T05:24:14+03:00,1785723854,805,81,3,31.6,44.5,,run
2026-08-03T05:24:19+03:00,1785723859,810,81,3,31.6,46.7,,run
2026-08-03T05:24:25+03:00,1785723865,816,81,3,31.6,44.2,,run
2026-08-03T05:24:30+03:00,1785723870,821,81,3,31.6,41.7,,run
2026-08-03T05:24:35+03:00,1785723875,826,81,3,31.6,42.9,,run
2026-08-03T05:24:40+03:00,1785723880,831,81,3,31.6,43.2,,run
2026-08-03T05:24:45+03:00,1785723885,836,81,3,31.6,43.6,,run
2026-08-03T05:24:51+03:00,1785723891,842,81,3,31.6,42.3,,run
2026-08-03T05:24:56+03:00,1785723896,847,81,3,31.6,40.8,,run
2026-08-03T05:25:01+03:00,1785723901,852,81,3,31.6,41.7,,run
2026-08-03T05:25:06+03:00,1785723906,857,81,3,31.6,41.7,,run
2026-08-03T05:25:12+03:00,1785723912,863,81,3,31.6,44.5,,run
2026-08-03T05:25:17+03:00,1785723917,868,81,3,31.6,42.6,,run
2026-08-03T05:25:22+03:00,1785723922,873,81,3,31.6,49.7,,run
2026-08-03T05:25:27+03:00,1785723927,878,81,3,31.6,45.7,,run
2026-08-03T05:25:33+03:00,1785723933,884,81,3,31.6,46.0,,run
2026-08-03T05:25:38+03:00,1785723938,889,81,3,31.6,42.0,,run
2026-08-03T05:25:43+03:00,1785723943,894,81,3,31.6,42.0,,run
2026-08-03T05:25:48+03:00,1785723948,899,81,3,31.6,41.4,,run
2026-08-03T05:25:53+03:00,1785723953,904,81,3,31.6,42.0,,run
2026-08-03T05:25:59+03:00,1785723959,910,81,3,31.6,41.4,,run
2026-08-03T05:26:04+03:00,1785723964,915,81,3,31.6,40.5,,run
2026-08-03T05:26:09+03:00,1785723969,920,81,3,31.6,40.8,,run
2026-08-03T05:26:14+03:00,1785723974,925,81,3,31.6,52.2,,run
2026-08-03T05:26:20+03:00,1785723980,931,81,3,31.6,45.4,,run
2026-08-03T05:26:25+03:00,1785723985,936,81,3,31.6,45.4,,run
2026-08-03T05:26:31+03:00,1785723991,942,81,3,31.6,46.0,,run
2026-08-03T05:26:36+03:00,1785723996,947,81,3,31.6,42.3,,run
2026-08-03T05:26:41+03:00,1785724001,952,81,3,31.6,41.4,,run
2026-08-03T05:26:46+03:00,1785724006,957,81,3,31.6,41.7,,run
2026-08-03T05:26:51+03:00,1785724011,962,81,3,31.6,41.7,,run
2026-08-03T05:26:57+03:00,1785724017,968,81,3,31.6,42.9,,run
2026-08-03T05:27:02+03:00,1785724022,973,81,3,31.6,41.4,,run
2026-08-03T05:27:07+03:00,1785724027,978,81,3,31.6,40.8,,run
2026-08-03T05:27:12+03:00,1785724032,983,81,3,31.6,40.2,,run
2026-08-03T05:27:18+03:00,1785724038,989,81,3,31.6,45.1,,run
2026-08-03T05:27:23+03:00,1785724043,994,81,3,31.6,43.2,,run
2026-08-03T05:27:28+03:00,1785724048,999,81,3,31.6,49.7,,run
2026-08-03T05:27:33+03:00,1785724053,1004,81,3,31.6,46.3,,run
2026-08-03T05:27:39+03:00,1785724059,1010,81,3,31.6,45.4,,run
2026-08-03T05:27:44+03:00,1785724064,1015,81,3,31.6,43.2,,run
2026-08-03T05:27:49+03:00,1785724069,1020,81,3,31.6,41.1,,run
2026-08-03T05:27:54+03:00,1785724074,1025,81,3,31.6,41.4,,run
2026-08-03T05:28:00+03:00,1785724080,1031,81,3,31.6,41.7,,run
2026-08-03T05:28:05+03:00,1785724085,1036,81,3,31.6,41.4,,run
2026-08-03T05:28:10+03:00,1785724090,1041,81,3,31.6,42.6,,run
2026-08-03T05:28:15+03:00,1785724095,1046,81,3,31.6,40.5,,run
2026-08-03T05:28:21+03:00,1785724101,1052,81,3,31.6,51.3,,run
2026-08-03T05:28:26+03:00,1785724106,1057,81,3,31.6,44.5,,run
2026-08-03T05:28:31+03:00,1785724111,1062,81,3,31.6,42.6,,run
2026-08-03T05:28:37+03:00,1785724117,1068,81,3,31.6,47.0,,run
2026-08-03T05:28:42+03:00,1785724122,1073,81,3,31.6,46.3,,run
2026-08-03T05:28:47+03:00,1785724127,1078,81,3,31.6,42.6,,run
2026-08-03T05:28:52+03:00,1785724132,1083,81,3,31.6,42.9,,run
2026-08-03T05:28:58+03:00,1785724138,1089,81,3,31.6,41.4,,run
2026-08-03T05:29:03+03:00,1785724143,1094,81,3,31.6,40.8,,run
2026-08-03T05:29:08+03:00,1785724148,1099,81,3,31.6,42.0,,run
2026-08-03T05:29:13+03:00,1785724153,1104,81,3,31.6,42.6,,run
2026-08-03T05:29:19+03:00,1785724158,1109,81,3,31.6,42.0,,run
2026-08-03T05:29:24+03:00,1785724164,1115,81,3,31.6,41.1,,run
2026-08-03T05:29:29+03:00,1785724169,1120,81,3,31.6,44.2,,run
2026-08-03T05:29:34+03:00,1785724174,1125,81,3,31.6,43.2,,run
2026-08-03T05:29:39+03:00,1785724179,1130,81,3,31.6,52.2,,run
2026-08-03T05:29:45+03:00,1785724185,1136,81,3,31.6,42.3,,run
2026-08-03T05:29:50+03:00,1785724190,1141,81,3,31.6,42.0,,run
2026-08-03T05:29:55+03:00,1785724195,1146,81,3,31.6,43.2,,run
2026-08-03T05:30:01+03:00,1785724201,1152,81,3,31.6,42.6,,run
2026-08-03T05:30:06+03:00,1785724206,1157,81,3,31.6,42.0,,run
2026-08-03T05:30:11+03:00,1785724211,1162,81,3,31.6,41.7,,run
2026-08-03T05:30:16+03:00,1785724216,1167,81,3,31.6,41.1,,run
2026-08-03T05:30:22+03:00,1785724222,1173,81,3,31.6,42.3,,run
2026-08-03T05:30:27+03:00,1785724227,1178,81,3,31.6,46.7,,run
2026-08-03T05:30:32+03:00,1785724232,1183,81,3,31.6,46.7,,run
2026-08-03T05:30:37+03:00,1785724237,1188,81,3,31.6,42.6,,run
2026-08-03T05:30:42+03:00,1785724242,1193,81,3,31.6,42.6,,run
2026-08-03T05:30:48+03:00,1785724248,1199,81,3,31.3,43.6,,run
2026-08-03T05:30:53+03:00,1785724253,1204,81,3,31.3,44.8,,run
2026-08-03T05:30:58+03:00,1785724258,1209,81,3,31.3,42.6,,run
2026-08-03T05:31:03+03:00,1785724263,1214,81,3,31.3,43.9,,run
2026-08-03T05:31:09+03:00,1785724269,1220,81,3,31.3,40.8,,run
2026-08-03T05:31:14+03:00,1785724274,1225,81,3,31.3,40.8,,run
2026-08-03T05:31:19+03:00,1785724279,1230,81,3,31.3,41.4,,run
2026-08-03T05:31:24+03:00,1785724284,1235,81,3,31.3,40.5,,run
2026-08-03T05:31:30+03:00,1785724290,1241,81,3,31.3,43.2,,run
2026-08-03T05:31:35+03:00,1785724295,1246,81,3,31.3,41.4,,run
2026-08-03T05:31:40+03:00,1785724300,1251,81,3,31.3,45.4,,run
2026-08-03T05:31:45+03:00,1785724305,1256,81,3,31.3,53.8,,run
2026-08-03T05:31:51+03:00,1785724311,1262,81,3,31.3,44.2,,run
2026-08-03T05:31:56+03:00,1785724316,1267,81,3,31.3,42.3,,run
2026-08-03T05:32:01+03:00,1785724321,1272,81,3,31.3,42.3,,run
2026-08-03T05:32:06+03:00,1785724326,1277,81,3,31.3,42.3,,run
2026-08-03T05:32:12+03:00,1785724332,1283,81,3,31.3,42.9,,run
2026-08-03T05:32:17+03:00,1785724337,1288,81,3,31.3,41.1,,run
2026-08-03T05:32:22+03:00,1785724342,1293,81,3,31.3,41.1,,run
2026-08-03T05:32:27+03:00,1785724347,1298,81,3,31.3,40.2,,run
2026-08-03T05:32:33+03:00,1785724353,1304,81,3,31.3,40.8,,run
2026-08-03T05:32:38+03:00,1785724358,1309,81,3,31.3,52.2,,run
2026-08-03T05:32:43+03:00,1785724363,1314,81,3,31.3,42.0,,run
2026-08-03T05:32:48+03:00,1785724368,1319,81,3,31.3,42.0,,run
2026-08-03T05:32:54+03:00,1785724374,1325,81,3,31.3,42.9,,run
2026-08-03T05:32:59+03:00,1785724379,1330,81,3,31.3,42.6,,run
2026-08-03T05:33:04+03:00,1785724384,1335,81,3,31.3,44.5,,run
2026-08-03T05:33:09+03:00,1785724389,1340,81,3,31.3,42.6,,run
2026-08-03T05:33:14+03:00,1785724394,1345,81,3,31.3,42.3,,run
2026-08-03T05:33:20+03:00,1785724400,1351,81,3,31.3,40.8,,run
2026-08-03T05:33:25+03:00,1785724405,1356,81,3,31.3,43.2,,run
2026-08-03T05:33:30+03:00,1785724410,1361,81,3,31.3,42.0,,run
2026-08-03T05:33:35+03:00,1785724415,1366,81,3,31.3,41.1,,run
2026-08-03T05:33:41+03:00,1785724421,1372,81,3,31.3,41.1,,run
2026-08-03T05:33:46+03:00,1785724426,1377,81,3,31.3,41.4,,run
2026-08-03T05:33:51+03:00,1785724431,1382,81,3,31.3,44.8,,run
2026-08-03T05:33:56+03:00,1785724436,1387,81,3,31.3,47.9,,run
2026-08-03T05:34:02+03:00,1785724442,1393,81,3,31.3,47.3,,run
2026-08-03T05:34:07+03:00,1785724447,1398,81,3,31.3,42.6,,run
2026-08-03T05:34:12+03:00,1785724452,1403,81,3,31.3,42.3,,run
2026-08-03T05:34:17+03:00,1785724457,1408,81,3,31.3,41.4,,run
2026-08-03T05:34:23+03:00,1785724463,1414,81,3,31.3,42.6,,run
2026-08-03T05:34:28+03:00,1785724468,1419,81,3,31.3,41.4,,run
2026-08-03T05:34:33+03:00,1785724473,1424,81,3,31.3,42.3,,run
2026-08-03T05:34:38+03:00,1785724478,1429,81,3,31.3,41.7,,run
2026-08-03T05:34:43+03:00,1785724483,1434,81,3,31.3,51.3,,run
2026-08-03T05:34:49+03:00,1785724489,1440,81,3,31.3,43.2,,run
2026-08-03T05:34:54+03:00,1785724494,1445,81,3,31.3,42.0,,run
2026-08-03T05:34:59+03:00,1785724499,1450,81,3,31.3,41.4,,run
2026-08-03T05:35:04+03:00,1785724504,1455,81,3,31.3,42.3,,run
2026-08-03T05:35:10+03:00,1785724510,1461,81,3,31.3,44.5,,run
2026-08-03T05:35:15+03:00,1785724515,1466,81,3,31.3,47.6,,run
2026-08-03T05:35:20+03:00,1785724520,1471,81,3,31.3,42.3,,run
2026-08-03T05:35:25+03:00,1785724525,1476,81,3,31.3,42.3,,run
2026-08-03T05:35:31+03:00,1785724531,1482,81,3,31.3,41.1,,run
2026-08-03T05:35:36+03:00,1785724536,1487,81,3,31.3,41.4,,run
2026-08-03T05:35:41+03:00,1785724541,1492,81,3,31.3,42.9,,run
2026-08-03T05:35:46+03:00,1785724546,1497,81,3,31.3,41.7,,run
2026-08-03T05:35:52+03:00,1785724552,1503,81,3,31.3,42.0,,run
2026-08-03T05:35:57+03:00,1785724557,1508,81,3,31.3,47.9,,run
2026-08-03T05:36:02+03:00,1785724562,1513,81,3,31.3,47.6,,run
2026-08-03T05:36:07+03:00,1785724567,1518,81,3,31.3,44.2,,run
2026-08-03T05:36:12+03:00,1785724572,1523,81,3,31.3,42.3,,run
2026-08-03T05:36:18+03:00,1785724578,1529,81,3,31.3,43.9,,run
2026-08-03T05:36:23+03:00,1785724583,1534,81,3,31.3,42.6,,run
2026-08-03T05:36:28+03:00,1785724588,1539,81,3,31.3,40.5,,run
2026-08-03T05:36:33+03:00,1785724593,1544,81,3,31.3,41.1,,run
2026-08-03T05:36:39+03:00,1785724599,1550,81,3,31.3,41.7,,run
2026-08-03T05:36:44+03:00,1785724604,1555,81,3,31.3,41.4,,run
2026-08-03T05:36:49+03:00,1785724609,1560,80,3,31.4,51.6,,run
2026-08-03T05:36:54+03:00,1785724614,1565,80,3,31.4,44.8,,run
2026-08-03T05:37:00+03:00,1785724620,1571,80,3,31.4,42.6,,run
2026-08-03T05:37:05+03:00,1785724625,1576,80,3,31.4,42.3,,run
2026-08-03T05:37:10+03:00,1785724630,1581,80,3,31.4,41.7,,run
2026-08-03T05:37:15+03:00,1785724635,1586,80,3,31.4,41.4,,run
2026-08-03T05:37:20+03:00,1785724640,1591,80,3,31.4,43.9,,run
2026-08-03T05:37:26+03:00,1785724646,1597,80,3,31.4,46.7,,run
2026-08-03T05:37:31+03:00,1785724651,1602,80,3,31.4,43.2,,run
2026-08-03T05:37:36+03:00,1785724656,1607,80,3,31.4,42.3,,run
2026-08-03T05:37:41+03:00,1785724661,1612,80,3,31.4,42.0,,run
2026-08-03T05:37:47+03:00,1785724667,1618,80,3,31.4,40.8,,run
2026-08-03T05:37:52+03:00,1785724672,1623,80,3,31.4,41.7,,run
2026-08-03T05:37:57+03:00,1785724677,1628,80,3,31.4,43.9,,run
2026-08-03T05:38:02+03:00,1785724682,1633,80,3,31.4,46.3,,run
2026-08-03T05:38:08+03:00,1785724688,1639,80,3,31.4,44.5,,run
2026-08-03T05:38:13+03:00,1785724693,1644,80,3,31.4,49.4,,run
2026-08-03T05:38:18+03:00,1785724698,1649,80,3,31.4,46.0,,run
2026-08-03T05:38:23+03:00,1785724703,1654,80,3,31.4,42.0,,run
2026-08-03T05:38:28+03:00,1785724708,1659,80,3,31.4,41.4,,run
2026-08-03T05:38:34+03:00,1785724714,1665,80,3,31.4,41.7,,run
2026-08-03T05:38:39+03:00,1785724719,1670,80,3,31.4,40.5,,run
2026-08-03T05:38:44+03:00,1785724724,1675,80,3,31.4,42.0,,run
2026-08-03T05:38:49+03:00,1785724729,1680,80,3,31.4,42.0,,run
2026-08-03T05:38:55+03:00,1785724735,1686,80,3,31.4,51.9,,run
2026-08-03T05:39:00+03:00,1785724740,1691,80,3,31.4,42.6,,run
2026-08-03T05:39:05+03:00,1785724745,1696,80,3,31.4,42.9,,run
2026-08-03T05:39:10+03:00,1785724750,1701,80,3,31.4,41.4,,run
2026-08-03T05:39:16+03:00,1785724756,1707,80,3,31.4,43.6,,run
2026-08-03T05:39:21+03:00,1785724761,1712,80,3,31.4,43.2,,run
2026-08-03T05:39:26+03:00,1785724766,1717,80,3,31.4,42.6,,run
2026-08-03T05:39:31+03:00,1785724771,1722,80,3,31.4,47.0,,run
2026-08-03T05:39:37+03:00,1785724777,1728,80,3,31.4,43.2,,run
2026-08-03T05:39:42+03:00,1785724782,1733,80,3,31.4,42.3,,run
2026-08-03T05:39:47+03:00,1785724787,1738,80,3,31.4,42.3,,run
2026-08-03T05:39:52+03:00,1785724792,1743,80,3,31.4,44.2,,run
2026-08-03T05:39:57+03:00,1785724797,1748,80,3,31.4,42.3,,run
2026-08-03T05:40:03+03:00,1785724803,1754,80,3,31.4,41.1,,run
2026-08-03T05:40:08+03:00,1785724808,1759,80,3,31.4,47.3,,run
2026-08-03T05:40:13+03:00,1785724813,1764,80,3,31.4,43.9,,run
2026-08-03T05:40:18+03:00,1785724818,1769,80,3,31.4,42.6,,run
2026-08-03T05:40:24+03:00,1785724824,1775,80,3,31.4,42.9,,run
2026-08-03T05:40:29+03:00,1785724829,1780,80,3,31.4,42.6,,run
2026-08-03T05:40:34+03:00,1785724834,1785,80,3,31.4,42.3,,run
2026-08-03T05:40:39+03:00,1785724839,1790,80,3,31.4,43.2,,run
2026-08-03T05:40:45+03:00,1785724845,1796,80,3,31.4,41.7,,run
2026-08-03T05:40:50+03:00,1785724850,1801,80,3,31.4,40.8,,run
2026-08-03T05:40:55+03:00,1785724855,1806,80,3,31.4,41.1,,run
2026-08-03T05:41:00+03:00,1785724860,1811,80,3,31.4,52.2,,run
2026-08-03T05:41:05+03:00,1785724865,1816,80,3,31.4,43.9,,run
2026-08-03T05:41:11+03:00,1785724871,1822,80,3,31.4,42.0,,run
2026-08-03T05:41:16+03:00,1785724876,1827,80,3,31.4,45.1,,run
2026-08-03T05:41:21+03:00,1785724881,1832,80,3,31.4,42.6,,run
2026-08-03T05:41:26+03:00,1785724886,1837,80,3,31.4,41.7,,run
2026-08-03T05:41:32+03:00,1785724892,1843,80,3,31.4,42.0,,run
2026-08-03T05:41:37+03:00,1785724897,1848,80,3,31.4,41.1,,run
2026-08-03T05:41:42+03:00,1785724902,1853,80,3,31.4,47.6,,run
2026-08-03T05:41:47+03:00,1785724907,1858,80,3,31.4,46.0,,run
2026-08-03T05:41:53+03:00,1785724913,1864,80,3,31.4,42.9,,run
2026-08-03T05:41:58+03:00,1785724918,1869,80,3,31.4,41.4,,run
2026-08-03T05:42:03+03:00,1785724923,1874,80,3,31.4,42.9,,run
2026-08-03T05:42:08+03:00,1785724928,1879,80,3,31.4,41.4,,run
2026-08-03T05:42:13+03:00,1785724933,1884,80,3,31.4,43.9,,run
2026-08-03T05:42:19+03:00,1785724939,1890,80,3,31.4,43.9,,run
2026-08-03T05:42:24+03:00,1785724944,1895,80,3,31.4,45.1,,run
2026-08-03T05:42:29+03:00,1785724949,1900,80,3,31.4,42.9,,run
2026-08-03T05:42:34+03:00,1785724954,1905,80,3,31.4,45.4,,run
2026-08-03T05:42:40+03:00,1785724960,1911,80,3,31.4,46.7,,run
2026-08-03T05:42:45+03:00,1785724965,1916,80,3,31.4,42.0,,run
2026-08-03T05:42:50+03:00,1785724970,1921,80,3,31.4,41.7,,run
2026-08-03T05:42:55+03:00,1785724975,1926,80,3,31.4,45.7,,run
2026-08-03T05:43:01+03:00,1785724981,1932,80,3,31.4,44.2,,run
2026-08-03T05:43:06+03:00,1785724986,1937,80,3,31.4,51.3,,run
2026-08-03T05:43:11+03:00,1785724991,1942,80,3,31.4,42.9,,run
2026-08-03T05:43:16+03:00,1785724996,1947,80,3,31.4,42.6,,run
2026-08-03T05:43:22+03:00,1785725002,1953,80,3,31.4,42.9,,run
2026-08-03T05:43:27+03:00,1785725007,1958,80,3,31.4,41.7,,run
2026-08-03T05:43:32+03:00,1785725012,1963,80,3,31.4,42.3,,run
2026-08-03T05:43:37+03:00,1785725017,1968,80,3,31.4,43.9,,run
2026-08-03T05:43:43+03:00,1785725023,1974,80,3,31.4,42.0,,run
2026-08-03T05:43:48+03:00,1785725028,1979,80,3,31.4,42.3,,run
2026-08-03T05:43:53+03:00,1785725033,1984,80,3,31.4,46.0,,run
2026-08-03T05:43:58+03:00,1785725038,1989,80,3,31.4,44.2,,run
2026-08-03T05:44:03+03:00,1785725043,1994,80,3,31.4,43.6,,run
2026-08-03T05:44:09+03:00,1785725049,2000,80,3,31.4,42.3,,run
2026-08-03T05:44:14+03:00,1785725054,2005,80,3,31.4,43.9,,run
2026-08-03T05:44:19+03:00,1785725059,2010,80,3,31.4,50.7,,run
2026-08-03T05:44:25+03:00,1785725065,2016,80,3,31.4,42.9,,run
2026-08-03T05:44:30+03:00,1785725070,2021,80,3,31.4,42.9,,run
2026-08-03T05:44:35+03:00,1785725075,2026,80,3,31.4,42.3,,run
2026-08-03T05:44:40+03:00,1785725080,2031,80,3,31.4,41.7,,run
2026-08-03T05:44:46+03:00,1785725086,2037,80,3,31.4,47.9,,run
2026-08-03T05:44:51+03:00,1785725091,2042,80,3,31.4,45.1,,run
2026-08-03T05:44:56+03:00,1785725096,2047,80,3,31.4,42.0,,run
2026-08-03T05:45:01+03:00,1785725101,2052,80,3,31.4,41.7,,run
2026-08-03T05:45:07+03:00,1785725107,2058,80,3,31.4,51.6,,run
2026-08-03T05:45:12+03:00,1785725112,2063,80,3,31.4,45.4,,run
2026-08-03T05:45:17+03:00,1785725117,2068,80,3,31.4,43.6,,run
2026-08-03T05:45:23+03:00,1785725123,2074,80,3,31.4,43.2,,run
2026-08-03T05:45:28+03:00,1785725128,2079,80,3,31.4,42.6,,run
2026-08-03T05:45:33+03:00,1785725133,2084,80,3,31.4,41.4,,run
2026-08-03T05:45:38+03:00,1785725138,2089,80,3,31.4,42.0,,run
2026-08-03T05:45:43+03:00,1785725143,2094,80,3,31.4,42.0,,run
2026-08-03T05:45:49+03:00,1785725149,2100,80,3,31.4,43.6,,run
2026-08-03T05:45:54+03:00,1785725154,2105,80,3,31.4,42.0,,run
2026-08-03T05:45:59+03:00,1785725159,2110,80,3,31.4,42.0,,run
2026-08-03T05:46:04+03:00,1785725164,2115,80,3,31.4,44.2,,run
2026-08-03T05:46:10+03:00,1785725170,2121,80,3,31.4,45.4,,run
2026-08-03T05:46:15+03:00,1785725175,2126,80,3,31.4,41.4,,run
2026-08-03T05:46:20+03:00,1785725180,2131,80,3,31.4,42.0,,run
2026-08-03T05:46:25+03:00,1785725185,2136,80,3,31.4,52.2,,run
2026-08-03T05:46:31+03:00,1785725191,2142,80,3,31.4,49.1,,run
2026-08-03T05:46:36+03:00,1785725196,2147,80,3,31.4,42.6,,run
2026-08-03T05:46:41+03:00,1785725201,2152,80,3,31.4,41.4,,run
2026-08-03T05:46:47+03:00,1785725207,2158,80,3,31.4,41.1,,run
2026-08-03T05:46:52+03:00,1785725212,2163,80,3,31.4,44.5,,run
2026-08-03T05:46:57+03:00,1785725217,2168,80,3,31.4,42.9,,run
2026-08-03T05:47:02+03:00,1785725222,2173,80,3,31.4,46.0,,run
2026-08-03T05:47:07+03:00,1785725227,2178,80,3,31.4,43.2,,run
2026-08-03T05:47:13+03:00,1785725233,2184,80,3,31.4,53.1,,run
2026-08-03T05:47:18+03:00,1785725238,2189,80,3,31.4,43.9,,run
2026-08-03T05:47:24+03:00,1785725244,2195,80,3,31.4,41.7,,run
2026-08-03T05:47:29+03:00,1785725249,2200,80,3,31.4,41.7,,run
2026-08-03T05:47:34+03:00,1785725254,2205,79,3,31.5,42.6,,run
2026-08-03T05:47:39+03:00,1785725259,2210,79,3,31.5,42.0,,run
2026-08-03T05:47:44+03:00,1785725264,2215,79,3,31.5,42.6,,run
2026-08-03T05:47:50+03:00,1785725270,2221,79,3,31.5,41.7,,run
2026-08-03T05:47:55+03:00,1785725275,2226,79,3,31.5,41.7,,run
2026-08-03T05:48:00+03:00,1785725280,2231,79,3,31.5,41.1,,run
2026-08-03T05:48:05+03:00,1785725285,2236,79,3,31.5,40.8,,run
2026-08-03T05:48:11+03:00,1785725291,2242,79,3,31.5,47.3,,run
2026-08-03T05:48:16+03:00,1785725296,2247,79,3,31.5,44.5,,run
2026-08-03T05:48:21+03:00,1785725301,2252,79,3,31.5,42.0,,run
2026-08-03T05:48:26+03:00,1785725306,2257,79,3,31.5,42.0,,run
2026-08-03T05:48:31+03:00,1785725311,2262,79,3,31.5,51.6,,run
2026-08-03T05:48:37+03:00,1785725317,2268,79,3,31.5,46.7,,run
2026-08-03T05:48:42+03:00,1785725322,2273,79,3,31.5,42.6,,run
2026-08-03T05:48:47+03:00,1785725327,2278,79,3,31.5,42.9,,run
2026-08-03T05:48:52+03:00,1785725332,2283,79,3,31.5,42.0,,run
2026-08-03T05:48:58+03:00,1785725338,2289,79,3,31.5,40.8,,run
2026-08-03T05:49:03+03:00,1785725343,2294,79,3,31.5,44.8,,run
2026-08-03T05:49:08+03:00,1785725348,2299,79,3,31.5,44.8,,run
2026-08-03T05:49:13+03:00,1785725353,2304,79,3,31.5,41.1,,run
2026-08-03T05:49:19+03:00,1785725359,2310,79,3,31.5,48.2,,run
2026-08-03T05:49:24+03:00,1785725364,2315,79,3,31.5,47.3,,run
2026-08-03T05:49:30+03:00,1785725370,2321,79,3,31.5,45.1,,run
2026-08-03T05:49:35+03:00,1785725375,2326,79,3,31.5,43.2,,run
2026-08-03T05:49:40+03:00,1785725380,2331,79,3,31.5,43.2,,run
2026-08-03T05:49:45+03:00,1785725385,2336,79,3,31.5,44.2,,run
2026-08-03T05:49:50+03:00,1785725390,2341,79,3,31.5,42.9,,run
2026-08-03T05:49:56+03:00,1785725396,2347,79,3,31.5,42.6,,run
2026-08-03T05:50:01+03:00,1785725401,2352,79,3,31.5,42.9,,run
2026-08-03T05:50:06+03:00,1785725406,2357,79,3,31.5,42.9,,run
2026-08-03T05:50:12+03:00,1785725412,2363,79,3,31.5,43.6,,run
2026-08-03T05:50:17+03:00,1785725417,2368,79,3,31.5,42.6,,run
2026-08-03T05:50:22+03:00,1785725422,2373,79,3,31.5,43.6,,run
2026-08-03T05:50:27+03:00,1785725427,2378,79,3,31.5,46.7,,run
2026-08-03T05:50:33+03:00,1785725433,2384,79,3,31.5,44.5,,run
2026-08-03T05:50:38+03:00,1785725438,2389,79,3,31.5,55.3,,run
2026-08-03T05:50:43+03:00,1785725443,2394,79,3,31.5,43.6,,run
2026-08-03T05:50:49+03:00,1785725449,2400,79,3,31.6,43.9,,run
2026-08-03T05:50:54+03:00,1785725454,2405,79,3,31.6,42.3,,run
2026-08-03T05:50:59+03:00,1785725459,2410,79,3,31.6,41.1,,run
2026-08-03T05:51:04+03:00,1785725464,2415,79,3,31.6,42.6,,run
2026-08-03T05:51:10+03:00,1785725470,2421,79,3,31.6,43.6,,run
2026-08-03T05:51:15+03:00,1785725475,2426,79,3,31.6,42.6,,run
2026-08-03T05:51:20+03:00,1785725480,2431,79,3,31.6,43.2,,run
2026-08-03T05:51:25+03:00,1785725485,2436,79,3,31.6,41.4,,run
2026-08-03T05:51:30+03:00,1785725490,2441,79,3,31.6,52.5,,run
2026-08-03T05:51:36+03:00,1785725496,2447,79,3,31.6,44.2,,run
2026-08-03T05:51:41+03:00,1785725501,2452,79,3,31.6,42.6,,run
2026-08-03T05:51:46+03:00,1785725506,2457,79,3,31.6,43.2,,run
2026-08-03T05:51:52+03:00,1785725512,2463,79,3,31.6,41.7,,run
2026-08-03T05:51:57+03:00,1785725517,2468,79,3,31.6,42.6,,run
2026-08-03T05:52:02+03:00,1785725522,2473,79,3,31.6,42.0,,run
2026-08-03T05:52:07+03:00,1785725527,2478,79,3,31.6,41.1,,run
2026-08-03T05:52:12+03:00,1785725532,2483,79,3,31.6,42.9,,run
2026-08-03T05:52:18+03:00,1785725538,2489,79,3,31.6,43.2,,run
2026-08-03T05:52:23+03:00,1785725543,2494,79,3,31.6,42.6,,run
2026-08-03T05:52:28+03:00,1785725548,2499,79,3,31.6,41.7,,run
2026-08-03T05:52:33+03:00,1785725553,2504,79,3,31.6,44.2,,run
2026-08-03T05:52:39+03:00,1785725559,2510,79,3,31.6,42.0,,run
2026-08-03T05:52:44+03:00,1785725564,2515,79,3,31.6,50.7,,run
2026-08-03T05:52:49+03:00,1785725569,2520,79,3,31.6,44.8,,run
2026-08-03T05:52:54+03:00,1785725574,2525,79,3,31.6,46.7,,run
2026-08-03T05:53:00+03:00,1785725580,2531,79,3,31.6,42.3,,run
2026-08-03T05:53:05+03:00,1785725585,2536,79,3,31.6,40.8,,run
2026-08-03T05:53:10+03:00,1785725590,2541,79,3,31.6,41.4,,run
2026-08-03T05:53:15+03:00,1785725595,2546,79,3,31.6,40.5,,run
2026-08-03T05:53:20+03:00,1785725600,2551,79,3,31.6,42.0,,run
2026-08-03T05:53:26+03:00,1785725606,2557,79,3,31.6,41.7,,run
2026-08-03T05:53:31+03:00,1785725611,2562,79,3,31.6,44.8,,run
2026-08-03T05:53:36+03:00,1785725616,2567,79,3,31.6,53.8,,run
2026-08-03T05:53:42+03:00,1785725622,2573,79,3,31.6,44.5,,run
2026-08-03T05:53:47+03:00,1785725627,2578,79,3,31.6,42.6,,run
2026-08-03T05:53:52+03:00,1785725632,2583,79,3,31.6,42.0,,run
2026-08-03T05:53:58+03:00,1785725638,2589,79,3,31.6,42.6,,run
2026-08-03T05:54:03+03:00,1785725643,2594,79,3,31.6,43.9,,run
2026-08-03T05:54:08+03:00,1785725648,2599,79,3,31.6,42.3,,run
2026-08-03T05:54:13+03:00,1785725653,2604,79,3,31.6,41.4,,run
2026-08-03T05:54:18+03:00,1785725658,2609,79,3,31.6,42.3,,run
2026-08-03T05:54:24+03:00,1785725664,2615,79,3,31.6,41.7,,run
2026-08-03T05:54:29+03:00,1785725669,2620,79,3,31.6,42.0,,run
2026-08-03T05:54:34+03:00,1785725674,2625,79,3,31.6,43.2,,run
2026-08-03T05:54:39+03:00,1785725679,2630,79,3,31.6,41.4,,run
2026-08-03T05:54:45+03:00,1785725685,2636,79,3,31.6,44.5,,run
2026-08-03T05:54:50+03:00,1785725690,2641,79,3,31.6,51.0,,run
2026-08-03T05:54:55+03:00,1785725695,2646,79,3,31.6,48.5,,run
2026-08-03T05:55:00+03:00,1785725700,2651,79,3,31.6,45.7,,run
2026-08-03T05:55:06+03:00,1785725706,2657,79,3,31.6,41.4,,run
2026-08-03T05:55:11+03:00,1785725711,2662,79,3,31.6,42.6,,run
2026-08-03T05:55:16+03:00,1785725716,2667,79,3,31.6,43.2,,run
2026-08-03T05:55:21+03:00,1785725721,2672,79,3,31.6,42.6,,run
2026-08-03T05:55:27+03:00,1785725727,2678,79,3,31.6,41.4,,run
2026-08-03T05:55:32+03:00,1785725732,2683,79,3,31.6,40.2,,run
2026-08-03T05:55:37+03:00,1785725737,2688,79,3,31.6,42.0,,run
2026-08-03T05:55:42+03:00,1785725742,2693,79,3,31.6,46.3,,run
2026-08-03T05:55:48+03:00,1785725748,2699,79,3,31.6,46.3,,run
2026-08-03T05:55:53+03:00,1785725753,2704,79,3,31.6,46.0,,run
2026-08-03T05:55:58+03:00,1785725758,2709,79,3,31.6,43.6,,run
2026-08-03T05:56:03+03:00,1785725763,2714,79,3,31.6,42.3,,run
2026-08-03T05:56:08+03:00,1785725768,2719,79,3,31.6,41.7,,run
2026-08-03T05:56:14+03:00,1785725774,2725,79,3,31.6,42.0,,run
2026-08-03T05:56:19+03:00,1785725779,2730,79,3,31.6,40.8,,run
2026-08-03T05:56:24+03:00,1785725784,2735,79,3,31.6,43.2,,run
2026-08-03T05:56:29+03:00,1785725789,2740,79,3,31.6,41.4,,run
2026-08-03T05:56:35+03:00,1785725795,2746,79,3,31.6,41.1,,run
2026-08-03T05:56:40+03:00,1785725800,2751,79,3,31.6,41.4,,run
2026-08-03T05:56:45+03:00,1785725805,2756,79,3,31.6,41.4,,run
2026-08-03T05:56:50+03:00,1785725810,2761,79,3,31.6,42.3,,run
2026-08-03T05:56:56+03:00,1785725816,2767,79,3,31.6,43.9,,run
2026-08-03T05:57:01+03:00,1785725821,2772,79,3,31.6,52.5,,run
2026-08-03T05:57:07+03:00,1785725827,2778,79,3,31.6,44.8,,run
2026-08-03T05:57:12+03:00,1785725832,2783,79,3,31.6,44.8,,run
2026-08-03T05:57:17+03:00,1785725837,2788,79,3,31.6,41.1,,run
2026-08-03T05:57:22+03:00,1785725842,2793,79,3,31.6,42.0,,run
2026-08-03T05:57:28+03:00,1785725848,2799,79,3,31.6,41.7,,run
2026-08-03T05:57:33+03:00,1785725853,2804,79,3,31.6,42.9,,run
2026-08-03T05:57:38+03:00,1785725858,2809,79,3,31.6,42.3,,run
2026-08-03T05:57:43+03:00,1785725863,2814,79,3,31.6,40.5,,run
2026-08-03T05:57:49+03:00,1785725869,2820,79,3,31.6,43.9,,run
2026-08-03T05:57:54+03:00,1785725874,2825,79,3,31.6,49.4,,run
2026-08-03T05:57:59+03:00,1785725879,2830,79,3,31.6,47.3,,run
2026-08-03T05:58:04+03:00,1785725884,2835,79,3,31.6,42.6,,run
2026-08-03T05:58:10+03:00,1785725890,2841,79,3,31.6,42.9,,run
2026-08-03T05:58:15+03:00,1785725895,2846,78,3,31.7,44.2,,run
2026-08-03T05:58:20+03:00,1785725900,2851,78,3,31.7,43.2,,run
2026-08-03T05:58:25+03:00,1785725905,2856,78,3,31.7,42.0,,run
2026-08-03T05:58:31+03:00,1785725911,2862,78,3,31.7,42.0,,run
2026-08-03T05:58:36+03:00,1785725916,2867,78,3,31.7,41.7,,run
2026-08-03T05:58:41+03:00,1785725921,2872,78,3,31.7,41.4,,run
2026-08-03T05:58:46+03:00,1785725926,2877,78,3,31.7,43.9,,run
2026-08-03T05:58:52+03:00,1785725932,2883,78,3,31.7,42.6,,run
2026-08-03T05:58:57+03:00,1785725937,2888,78,3,31.7,41.1,,run
2026-08-03T05:59:02+03:00,1785725942,2893,78,3,31.7,42.3,,run
2026-08-03T05:59:07+03:00,1785725947,2898,78,3,31.7,50.7,,run
2026-08-03T05:59:13+03:00,1785725953,2904,78,3,31.7,44.5,,run
2026-08-03T05:59:18+03:00,1785725958,2909,78,3,31.7,47.9,,run
2026-08-03T05:59:23+03:00,1785725963,2914,78,3,31.7,43.9,,run
2026-08-03T05:59:29+03:00,1785725969,2920,78,3,31.7,43.2,,run
2026-08-03T05:59:34+03:00,1785725974,2925,78,3,31.7,42.3,,run
2026-08-03T05:59:39+03:00,1785725979,2930,78,3,31.7,42.3,,run
2026-08-03T05:59:44+03:00,1785725984,2935,78,3,31.7,41.7,,run
2026-08-03T05:59:49+03:00,1785725989,2940,78,3,31.7,41.4,,run
2026-08-03T05:59:55+03:00,1785725995,2946,78,3,31.7,44.5,,run
2026-08-03T06:00:00+03:00,1785726000,2951,78,3,31.7,48.8,,run
2026-08-03T06:00:05+03:00,1785726005,2956,78,3,31.7,49.1,,run
2026-08-03T06:00:11+03:00,1785726011,2962,78,3,31.7,45.1,,run
2026-08-03T06:00:16+03:00,1785726016,2967,78,3,31.7,42.3,,run
2026-08-03T06:00:21+03:00,1785726021,2972,78,3,31.7,42.9,,run
2026-08-03T06:00:26+03:00,1785726026,2977,78,3,31.7,44.5,,run
2026-08-03T06:00:31+03:00,1785726031,2982,78,3,31.7,43.2,,run
2026-08-03T06:00:37+03:00,1785726037,2988,78,3,31.7,42.3,,run
2026-08-03T06:00:42+03:00,1785726042,2993,78,3,31.7,43.9,,run
2026-08-03T06:00:47+03:00,1785726047,2998,78,3,31.7,42.0,,run
2026-08-03T06:00:52+03:00,1785726052,3003,78,3,31.7,42.0,,run
2026-08-03T06:00:58+03:00,1785726058,3009,78,3,31.7,42.0,,run
2026-08-03T06:01:03+03:00,1785726063,3014,78,3,31.7,42.3,,run
2026-08-03T06:01:08+03:00,1785726068,3019,78,3,31.7,41.7,,run
2026-08-03T06:01:13+03:00,1785726073,3024,78,3,31.7,50.7,,run
2026-08-03T06:01:19+03:00,1785726079,3030,78,3,31.7,44.2,,run
2026-08-03T06:01:24+03:00,1785726084,3035,78,3,31.7,47.3,,run
2026-08-03T06:01:30+03:00,1785726090,3041,78,3,31.7,42.9,,run
2026-08-03T06:01:35+03:00,1785726095,3046,78,3,31.7,42.0,,run
2026-08-03T06:01:40+03:00,1785726100,3051,78,3,31.7,42.0,,run
2026-08-03T06:01:45+03:00,1785726105,3056,78,3,31.7,42.0,,run
2026-08-03T06:01:50+03:00,1785726110,3061,78,3,31.7,41.7,,run
2026-08-03T06:01:56+03:00,1785726116,3067,78,3,31.7,41.7,,run
2026-08-03T06:02:01+03:00,1785726121,3072,78,3,31.7,42.9,,run
2026-08-03T06:02:06+03:00,1785726126,3077,78,3,31.7,49.1,,run
2026-08-03T06:02:12+03:00,1785726132,3083,78,3,31.7,46.0,,run
2026-08-03T06:02:17+03:00,1785726137,3088,78,3,31.7,44.5,,run
2026-08-03T06:02:22+03:00,1785726142,3093,78,3,31.7,45.1,,run
2026-08-03T06:02:27+03:00,1785726147,3098,78,3,31.7,45.7,,run
2026-08-03T06:02:32+03:00,1785726152,3103,78,3,31.7,42.9,,run
2026-08-03T06:02:38+03:00,1785726158,3109,78,3,31.7,42.3,,run
2026-08-03T06:02:43+03:00,1785726163,3114,78,3,31.7,42.6,,run
2026-08-03T06:02:48+03:00,1785726168,3119,78,3,31.7,42.6,,run
2026-08-03T06:02:53+03:00,1785726173,3124,78,3,31.7,42.3,,run
2026-08-03T06:02:59+03:00,1785726179,3130,78,3,31.7,42.6,,run
2026-08-03T06:03:04+03:00,1785726184,3135,78,3,31.7,41.4,,run
2026-08-03T06:03:09+03:00,1785726189,3140,78,3,31.7,42.0,,run
2026-08-03T06:03:14+03:00,1785726194,3145,78,3,31.7,41.7,,run
2026-08-03T06:03:19+03:00,1785726199,3150,78,3,31.7,50.1,,run
2026-08-03T06:03:25+03:00,1785726205,3156,78,3,31.7,43.2,,run
2026-08-03T06:03:30+03:00,1785726210,3161,78,3,31.7,44.5,,run
2026-08-03T06:03:36+03:00,1785726216,3167,78,3,31.7,48.8,,run
2026-08-03T06:03:41+03:00,1785726221,3172,78,3,31.7,43.9,,run
2026-08-03T06:03:46+03:00,1785726226,3177,78,3,31.7,42.0,,run
2026-08-03T06:03:51+03:00,1785726231,3182,78,3,31.7,42.3,,run
2026-08-03T06:03:57+03:00,1785726237,3188,78,3,31.7,41.4,,run
2026-08-03T06:04:02+03:00,1785726242,3193,78,3,31.7,43.2,,run
2026-08-03T06:04:07+03:00,1785726247,3198,78,3,31.7,43.9,,run
2026-08-03T06:04:12+03:00,1785726252,3203,78,3,31.7,48.5,,run
2026-08-03T06:04:18+03:00,1785726258,3209,78,3,31.7,43.9,,run
2026-08-03T06:04:23+03:00,1785726263,3214,78,3,31.7,47.9,,run
2026-08-03T06:04:28+03:00,1785726268,3219,78,3,31.7,43.6,,run
2026-08-03T06:04:33+03:00,1785726273,3224,78,3,31.7,42.3,,run
2026-08-03T06:04:39+03:00,1785726279,3230,78,3,31.7,42.3,,run
2026-08-03T06:04:44+03:00,1785726284,3235,78,3,31.7,43.2,,run
2026-08-03T06:04:49+03:00,1785726289,3240,78,3,31.7,42.6,,run
2026-08-03T06:04:54+03:00,1785726294,3245,78,3,31.7,41.7,,run
2026-08-03T06:05:00+03:00,1785726300,3251,78,3,31.7,42.0,,run
2026-08-03T06:05:05+03:00,1785726305,3256,78,3,31.7,41.7,,run
2026-08-03T06:05:10+03:00,1785726310,3261,78,3,31.7,41.7,,run
2026-08-03T06:05:15+03:00,1785726315,3266,78,3,31.7,42.3,,run
2026-08-03T06:05:20+03:00,1785726320,3271,78,3,31.7,42.0,,run
2026-08-03T06:05:26+03:00,1785726326,3277,78,3,31.7,52.5,,run
2026-08-03T06:05:31+03:00,1785726331,3282,78,3,31.7,43.9,,run
2026-08-03T06:05:36+03:00,1785726336,3287,78,3,31.7,43.2,,run
2026-08-03T06:05:42+03:00,1785726342,3293,78,3,31.7,44.8,,run
2026-08-03T06:05:47+03:00,1785726347,3298,78,3,31.7,44.2,,run
2026-08-03T06:05:52+03:00,1785726352,3303,78,3,31.7,42.9,,run
2026-08-03T06:05:57+03:00,1785726357,3308,78,3,31.7,42.0,,run
2026-08-03T06:06:03+03:00,1785726363,3314,78,3,31.7,42.0,,run
2026-08-03T06:06:08+03:00,1785726368,3319,78,3,31.7,41.1,,run
2026-08-03T06:06:13+03:00,1785726373,3324,78,3,31.7,45.1,,run
2026-08-03T06:06:18+03:00,1785726378,3329,78,3,31.7,51.0,,run
2026-08-03T06:06:24+03:00,1785726384,3335,78,3,31.7,45.1,,run
2026-08-03T06:06:29+03:00,1785726389,3340,78,3,31.7,42.6,,run
2026-08-03T06:06:34+03:00,1785726394,3345,78,3,31.7,46.7,,run
2026-08-03T06:06:39+03:00,1785726399,3350,78,3,31.7,44.5,,run
2026-08-03T06:06:45+03:00,1785726405,3356,78,3,31.7,42.9,,run
2026-08-03T06:06:50+03:00,1785726410,3361,78,3,31.7,42.6,,run
2026-08-03T06:06:55+03:00,1785726415,3366,78,3,31.7,42.9,,run
2026-08-03T06:07:00+03:00,1785726420,3371,78,3,31.7,42.9,,run
2026-08-03T06:07:05+03:00,1785726425,3376,78,3,31.7,42.0,,run
2026-08-03T06:07:11+03:00,1785726431,3382,78,3,31.7,41.1,,run
2026-08-03T06:07:16+03:00,1785726436,3387,78,3,31.7,42.0,,run
2026-08-03T06:07:21+03:00,1785726441,3392,78,3,31.7,42.0,,run
2026-08-03T06:07:26+03:00,1785726446,3397,78,3,31.7,42.9,,run
2026-08-03T06:07:32+03:00,1785726452,3403,78,3,31.7,51.3,,run
2026-08-03T06:07:37+03:00,1785726457,3408,78,3,31.7,43.6,,run
2026-08-03T06:07:42+03:00,1785726462,3413,78,3,31.7,45.1,,run
2026-08-03T06:07:48+03:00,1785726468,3419,78,3,31.7,41.7,,run
2026-08-03T06:07:53+03:00,1785726473,3424,78,3,31.7,47.3,,run
2026-08-03T06:07:58+03:00,1785726478,3429,78,3,31.7,56.5,,run
2026-08-03T06:08:04+03:00,1785726484,3435,78,3,31.7,46.7,,run
2026-08-03T06:08:09+03:00,1785726489,3440,78,3,31.7,43.2,,run
2026-08-03T06:08:14+03:00,1785726494,3445,78,3,31.7,43.6,,run
2026-08-03T06:08:19+03:00,1785726499,3450,78,3,31.7,42.3,,run
2026-08-03T06:08:25+03:00,1785726505,3456,78,3,31.7,40.8,,run
2026-08-03T06:08:30+03:00,1785726510,3461,78,3,31.7,41.7,,run
2026-08-03T06:08:35+03:00,1785726515,3466,78,3,31.7,43.6,,run
2026-08-03T06:08:40+03:00,1785726520,3471,78,3,31.7,42.0,,run
2026-08-03T06:08:46+03:00,1785726526,3477,78,3,31.7,45.4,,run
2026-08-03T06:08:51+03:00,1785726531,3482,78,3,31.7,44.5,,run
2026-08-03T06:08:56+03:00,1785726536,3487,77,3,31.6,42.3,,run
2026-08-03T06:09:01+03:00,1785726541,3492,77,3,31.6,43.2,,run
2026-08-03T06:09:07+03:00,1785726547,3498,77,3,31.6,44.2,,run
2026-08-03T06:09:12+03:00,1785726552,3503,77,3,31.6,46.3,,run
2026-08-03T06:09:17+03:00,1785726557,3508,77,3,31.6,47.3,,run
2026-08-03T06:09:22+03:00,1785726562,3513,77,3,31.6,46.3,,run
2026-08-03T06:09:27+03:00,1785726567,3518,77,3,31.6,42.6,,run
2026-08-03T06:09:33+03:00,1785726573,3524,77,3,31.6,41.4,,run
2026-08-03T06:09:38+03:00,1785726578,3529,77,3,31.6,43.6,,run
2026-08-03T06:09:43+03:00,1785726583,3534,77,3,31.6,42.3,,run
2026-08-03T06:09:48+03:00,1785726588,3539,77,3,31.6,42.0,,run
2026-08-03T06:09:54+03:00,1785726594,3545,77,3,31.6,41.4,,run
2026-08-03T06:09:59+03:00,1785726599,3550,77,3,31.6,40.8,,run
2026-08-03T06:10:04+03:00,1785726604,3555,77,3,31.6,53.1,,run
2026-08-03T06:10:09+03:00,1785726609,3560,77,3,31.6,47.3,,run
2026-08-03T06:10:15+03:00,1785726615,3566,77,3,31.6,43.9,,run
2026-08-03T06:10:20+03:00,1785726620,3571,77,3,31.6,43.9,,run
2026-08-03T06:10:25+03:00,1785726625,3576,77,3,31.6,41.7,,run
2026-08-03T06:10:30+03:00,1785726630,3581,77,3,31.6,46.3,,run
2026-08-03T06:10:36+03:00,1785726636,3587,77,3,31.6,43.9,,run
2026-08-03T06:10:41+03:00,1785726641,3592,77,3,31.6,43.2,,run
2026-08-03T06:10:46+03:00,1785726646,3597,77,3,31.6,44.5,,run
2026-08-03T06:10:51+03:00,1785726651,3602,77,3,31.6,42.0,,run
2026-08-03T06:10:57+03:00,1785726657,3608,77,3,31.6,42.0,,run
2026-08-03T06:11:02+03:00,1785726662,3613,77,3,31.6,42.3,,run
2026-08-03T06:11:07+03:00,1785726667,3618,77,3,31.6,42.6,,run
2026-08-03T06:11:12+03:00,1785726672,3623,77,3,31.6,41.4,,run
2026-08-03T06:11:17+03:00,1785726677,3628,77,3,31.6,48.8,,run
2026-08-03T06:11:23+03:00,1785726683,3634,77,3,31.6,47.9,,run
2026-08-03T06:11:28+03:00,1785726688,3639,77,3,31.6,48.8,,run
2026-08-03T06:11:33+03:00,1785726693,3644,77,3,31.6,43.9,,run
2026-08-03T06:11:38+03:00,1785726698,3649,77,3,31.6,41.4,,run
2026-08-03T06:11:44+03:00,1785726704,3655,77,3,31.6,41.7,,run
2026-08-03T06:11:49+03:00,1785726709,3660,77,3,31.6,41.1,,run
2026-08-03T06:11:54+03:00,1785726714,3665,77,3,31.6,44.8,,run
2026-08-03T06:11:59+03:00,1785726719,3670,77,3,31.6,42.9,,run
2026-08-03T06:12:05+03:00,1785726725,3676,77,3,31.6,41.4,,run
2026-08-03T06:12:10+03:00,1785726730,3681,77,3,31.6,53.1,,run
2026-08-03T06:12:15+03:00,1785726735,3686,77,3,31.6,44.5,,run
2026-08-03T06:12:20+03:00,1785726740,3691,77,3,31.6,45.4,,run
2026-08-03T06:12:26+03:00,1785726746,3697,77,3,31.6,46.3,,run
2026-08-03T06:12:31+03:00,1785726751,3702,77,3,31.6,42.9,,run
2026-08-03T06:12:36+03:00,1785726756,3707,77,3,31.6,43.6,,run
2026-08-03T06:12:41+03:00,1785726761,3712,77,3,31.6,45.4,,run
2026-08-03T06:12:46+03:00,1785726766,3717,77,3,31.6,49.1,,run
2026-08-03T06:12:52+03:00,1785726772,3723,77,3,31.6,44.8,,run
2026-08-03T06:12:57+03:00,1785726777,3728,77,3,31.6,42.9,,run
2026-08-03T06:13:02+03:00,1785726782,3733,77,3,31.6,42.3,,run
2026-08-03T06:13:07+03:00,1785726787,3738,77,3,31.6,42.3,,run
2026-08-03T06:13:13+03:00,1785726793,3744,77,3,31.6,41.7,,run
2026-08-03T06:13:18+03:00,1785726798,3749,77,3,31.6,43.2,,run
2026-08-03T06:13:23+03:00,1785726803,3754,77,3,31.6,47.9,,run
2026-08-03T06:13:28+03:00,1785726808,3759,77,3,31.6,45.1,,run
2026-08-03T06:13:33+03:00,1785726813,3764,77,3,31.6,43.2,,run
2026-08-03T06:13:39+03:00,1785726819,3770,77,3,31.6,42.3,,run
2026-08-03T06:13:44+03:00,1785726824,3775,77,3,31.6,41.7,,run
2026-08-03T06:13:49+03:00,1785726829,3780,77,3,31.6,40.5,,run
2026-08-03T06:13:54+03:00,1785726834,3785,77,3,31.6,40.8,,run
2026-08-03T06:14:00+03:00,1785726840,3791,77,3,31.6,42.0,,run
2026-08-03T06:14:05+03:00,1785726845,3796,77,3,31.6,43.9,,run
2026-08-03T06:14:10+03:00,1785726850,3801,77,3,31.6,42.0,,run
2026-08-03T06:14:15+03:00,1785726855,3806,77,3,31.6,43.2,,run
2026-08-03T06:14:21+03:00,1785726861,3812,77,3,31.6,51.3,,run
2026-08-03T06:14:26+03:00,1785726866,3817,77,3,31.6,42.6,,run
2026-08-03T06:14:31+03:00,1785726871,3822,77,3,31.6,42.6,,run
2026-08-03T06:14:37+03:00,1785726877,3828,77,3,31.6,41.7,,run
2026-08-03T06:14:42+03:00,1785726882,3833,77,3,31.6,44.5,,run
2026-08-03T06:14:47+03:00,1785726887,3838,77,3,31.6,42.3,,run
2026-08-03T06:14:52+03:00,1785726892,3843,77,3,31.6,45.4,,run
2026-08-03T06:14:57+03:00,1785726897,3848,77,3,31.6,44.8,,run
2026-08-03T06:15:03+03:00,1785726903,3854,77,3,31.6,42.0,,run
2026-08-03T06:15:08+03:00,1785726908,3859,77,3,31.6,42.9,,run
2026-08-03T06:15:13+03:00,1785726913,3864,77,3,31.6,43.6,,run
2026-08-03T06:15:18+03:00,1785726918,3869,77,3,31.6,42.0,,run
2026-08-03T06:15:24+03:00,1785726924,3875,77,3,31.6,41.7,,run
2026-08-03T06:15:29+03:00,1785726929,3880,77,3,31.6,41.7,,run
2026-08-03T06:15:34+03:00,1785726934,3885,77,3,31.6,42.6,,run
2026-08-03T06:15:39+03:00,1785726939,3890,77,3,31.6,43.6,,run
2026-08-03T06:15:44+03:00,1785726944,3895,77,3,31.6,43.9,,run
2026-08-03T06:15:50+03:00,1785726950,3901,77,3,31.6,41.4,,run
2026-08-03T06:15:55+03:00,1785726955,3906,77,3,31.6,41.4,,run
2026-08-03T06:16:00+03:00,1785726960,3911,77,3,31.6,42.0,,run
2026-08-03T06:16:05+03:00,1785726965,3916,77,3,31.6,41.7,,run
2026-08-03T06:16:11+03:00,1785726971,3922,77,3,31.6,46.3,,run
2026-08-03T06:16:16+03:00,1785726976,3927,77,3,31.6,43.2,,run
2026-08-03T06:16:21+03:00,1785726981,3932,77,3,31.6,41.4,,run
2026-08-03T06:16:26+03:00,1785726986,3937,77,3,31.6,54.1,,run
2026-08-03T06:16:32+03:00,1785726992,3943,77,3,31.6,44.8,,run
2026-08-03T06:16:37+03:00,1785726997,3948,77,3,31.6,42.0,,run
2026-08-03T06:16:42+03:00,1785727002,3953,77,3,31.6,42.0,,run
2026-08-03T06:16:47+03:00,1785727007,3958,77,3,31.6,42.3,,run
2026-08-03T06:16:53+03:00,1785727013,3964,77,3,31.6,42.0,,run
2026-08-03T06:16:58+03:00,1785727018,3969,77,3,31.6,41.1,,run
2026-08-03T06:17:03+03:00,1785727023,3974,77,3,31.6,46.0,,run
2026-08-03T06:17:08+03:00,1785727028,3979,77,3,31.6,43.6,,run
2026-08-03T06:17:14+03:00,1785727034,3985,77,3,31.6,41.4,,run
2026-08-03T06:17:19+03:00,1785727039,3990,77,3,31.6,42.3,,run
2026-08-03T06:17:24+03:00,1785727044,3995,77,3,31.6,42.3,,run
2026-08-03T06:17:29+03:00,1785727049,4000,77,3,31.6,41.4,,run
2026-08-03T06:17:34+03:00,1785727054,4005,77,3,31.6,41.1,,run
2026-08-03T06:17:40+03:00,1785727060,4011,77,3,31.6,49.4,,run
2026-08-03T06:17:45+03:00,1785727065,4016,77,3,31.6,49.4,,run
2026-08-03T06:17:50+03:00,1785727070,4021,77,3,31.6,46.7,,run
2026-08-03T06:17:55+03:00,1785727075,4026,77,3,31.6,41.7,,run
2026-08-03T06:18:01+03:00,1785727081,4032,77,3,31.6,41.7,,run
2026-08-03T06:18:06+03:00,1785727086,4037,77,3,31.6,40.5,,run
2026-08-03T06:18:11+03:00,1785727091,4042,77,3,31.6,40.5,,run
2026-08-03T06:18:16+03:00,1785727096,4047,77,3,31.6,41.1,,run
2026-08-03T06:18:22+03:00,1785727102,4053,77,3,31.6,40.5,,run
2026-08-03T06:18:27+03:00,1785727107,4058,77,3,31.6,47.3,,run
2026-08-03T06:18:32+03:00,1785727112,4063,76,3,31.4,52.5,,run
2026-08-03T06:18:37+03:00,1785727117,4068,76,3,31.4,44.5,,run
2026-08-03T06:18:43+03:00,1785727123,4074,76,3,31.4,43.9,,run
2026-08-03T06:18:48+03:00,1785727128,4079,76,3,31.4,42.6,,run
2026-08-03T06:18:53+03:00,1785727133,4084,76,3,31.4,42.6,,run
2026-08-03T06:18:58+03:00,1785727138,4089,76,3,31.4,42.0,,run
2026-08-03T06:19:03+03:00,1785727143,4094,76,3,31.4,44.5,,run
2026-08-03T06:19:09+03:00,1785727149,4100,76,3,31.4,43.6,,run
2026-08-03T06:19:14+03:00,1785727154,4105,76,3,31.4,41.4,,run
2026-08-03T06:19:19+03:00,1785727159,4110,76,3,31.4,44.8,,run
2026-08-03T06:19:24+03:00,1785727164,4115,76,3,31.4,42.9,,run
2026-08-03T06:19:30+03:00,1785727170,4121,76,3,31.4,42.0,,run
2026-08-03T06:19:35+03:00,1785727175,4126,76,3,31.4,41.4,,run
2026-08-03T06:19:40+03:00,1785727180,4131,76,3,31.4,43.9,,run
2026-08-03T06:19:45+03:00,1785727185,4136,76,3,31.4,49.7,,run
2026-08-03T06:19:51+03:00,1785727191,4142,76,3,31.4,44.5,,run
2026-08-03T06:19:56+03:00,1785727196,4147,76,3,31.4,46.7,,run
2026-08-03T06:20:01+03:00,1785727201,4152,76,3,31.4,40.8,,run
2026-08-03T06:20:06+03:00,1785727206,4157,76,3,31.4,40.2,,run
2026-08-03T06:20:12+03:00,1785727212,4163,76,3,31.4,40.5,,run
2026-08-03T06:20:17+03:00,1785727217,4168,76,3,31.4,42.0,,run
2026-08-03T06:20:22+03:00,1785727222,4173,76,3,31.4,49.4,,run
2026-08-03T06:20:27+03:00,1785727227,4178,76,3,31.4,44.2,,run
2026-08-03T06:20:33+03:00,1785727233,4184,76,3,31.4,42.0,,run
2026-08-03T06:20:38+03:00,1785727238,4189,76,3,31.4,44.2,,run
2026-08-03T06:20:43+03:00,1785727243,4194,76,3,31.4,43.6,,run
2026-08-03T06:20:48+03:00,1785727248,4199,76,3,31.2,41.7,,run
2026-08-03T06:20:56+03:00,1785727256,4207,76,3,31.2,41.7,,run
2026-08-03T06:21:01+03:00,1785727261,4212,76,3,31.2,41.1,,run
2026-08-03T06:21:06+03:00,1785727266,4217,76,3,31.2,41.7,,run
2026-08-03T06:21:11+03:00,1785727271,4222,76,3,31.2,42.3,,run
2026-08-03T06:21:17+03:00,1785727277,4228,76,3,31.2,41.1,,run
2026-08-03T06:21:22+03:00,1785727282,4233,76,3,31.2,40.5,,run
2026-08-03T06:21:27+03:00,1785727287,4238,76,3,31.2,46.0,,run
2026-08-03T06:21:32+03:00,1785727292,4243,76,3,31.2,42.0,,run
2026-08-03T06:21:38+03:00,1785727298,4249,76,3,31.2,52.5,,run
2026-08-03T06:21:43+03:00,1785727303,4254,76,3,31.2,42.9,,run
2026-08-03T06:21:49+03:00,1785727309,4260,76,3,31.2,41.7,,run
2026-08-03T06:21:54+03:00,1785727314,4265,76,3,31.2,40.8,,run
2026-08-03T06:21:59+03:00,1785727319,4270,76,3,31.2,41.1,,run
2026-08-03T06:22:05+03:00,1785727325,4276,76,3,31.2,41.4,,run
2026-08-03T06:22:10+03:00,1785727330,4281,76,3,31.2,42.0,,run
2026-08-03T06:22:15+03:00,1785727335,4286,76,3,31.2,41.1,,run
2026-08-03T06:22:20+03:00,1785727340,4291,76,3,31.2,40.2,,run
2026-08-03T06:22:25+03:00,1785727345,4296,76,3,31.2,41.1,,run
2026-08-03T06:22:31+03:00,1785727351,4302,76,3,31.2,51.6,,run
2026-08-03T06:22:36+03:00,1785727356,4307,76,3,31.2,42.6,,run
2026-08-03T06:22:41+03:00,1785727361,4312,76,3,31.2,43.9,,run
2026-08-03T06:22:47+03:00,1785727367,4318,76,3,31.2,48.2,,run
2026-08-03T06:22:52+03:00,1785727372,4323,76,3,31.2,43.6,,run
2026-08-03T06:22:57+03:00,1785727377,4328,76,3,31.2,42.0,,run
2026-08-03T06:23:02+03:00,1785727382,4333,76,3,31.2,41.1,,run
2026-08-03T06:23:08+03:00,1785727388,4339,76,3,31.2,41.4,,run
2026-08-03T06:23:13+03:00,1785727393,4344,76,3,31.2,42.0,,run
2026-08-03T06:23:18+03:00,1785727398,4349,76,3,31.2,41.7,,run
2026-08-03T06:23:23+03:00,1785727403,4354,76,3,31.2,44.2,,run
2026-08-03T06:23:29+03:00,1785727409,4360,76,3,31.2,41.7,,run
2026-08-03T06:23:34+03:00,1785727414,4365,76,3,31.2,42.0,,run
2026-08-03T06:23:39+03:00,1785727419,4370,76,3,31.2,41.1,,run
2026-08-03T06:23:44+03:00,1785727424,4375,76,3,31.2,48.8,,run
2026-08-03T06:23:50+03:00,1785727430,4381,76,3,31.2,43.2,,run
2026-08-03T06:23:55+03:00,1785727435,4386,76,3,31.2,41.7,,run
2026-08-03T06:24:00+03:00,1785727440,4391,76,3,31.2,42.6,,run
2026-08-03T06:24:05+03:00,1785727445,4396,76,3,31.2,40.5,,run
2026-08-03T06:24:11+03:00,1785727451,4402,76,3,31.2,41.1,,run
2026-08-03T06:24:16+03:00,1785727456,4407,76,3,31.2,41.4,,run
2026-08-03T06:24:21+03:00,1785727461,4412,76,3,31.2,40.8,,run
2026-08-03T06:24:26+03:00,1785727466,4417,76,3,31.2,40.5,,run
2026-08-03T06:24:32+03:00,1785727472,4423,76,3,31.2,41.4,,run
2026-08-03T06:24:37+03:00,1785727477,4428,76,3,31.2,52.2,,run
2026-08-03T06:24:42+03:00,1785727482,4433,76,3,31.2,46.0,,run
2026-08-03T06:24:47+03:00,1785727487,4438,76,3,31.2,43.2,,run
2026-08-03T06:24:53+03:00,1785727493,4444,76,3,31.2,43.6,,run
2026-08-03T06:24:58+03:00,1785727498,4449,76,3,31.2,42.3,,run
2026-08-03T06:25:03+03:00,1785727503,4454,76,3,31.2,42.0,,run
2026-08-03T06:25:08+03:00,1785727508,4459,76,3,31.2,41.7,,run
2026-08-03T06:25:14+03:00,1785727514,4465,76,3,31.2,41.7,,run
2026-08-03T06:25:19+03:00,1785727519,4470,76,3,31.2,41.1,,run
2026-08-03T06:25:24+03:00,1785727524,4475,76,3,31.2,42.9,,run
2026-08-03T06:25:29+03:00,1785727529,4480,76,3,31.2,41.4,,run
2026-08-03T06:25:34+03:00,1785727534,4485,76,3,31.2,45.1,,run
2026-08-03T06:25:40+03:00,1785727540,4491,76,3,31.2,43.6,,run
2026-08-03T06:25:45+03:00,1785727545,4496,76,3,31.2,41.4,,run
2026-08-03T06:25:50+03:00,1785727550,4501,76,3,31.2,45.1,,run
2026-08-03T06:25:56+03:00,1785727556,4507,76,3,31.2,44.8,,run
2026-08-03T06:26:01+03:00,1785727561,4512,76,3,31.2,43.6,,run
2026-08-03T06:26:06+03:00,1785727566,4517,76,3,31.2,40.8,,run
2026-08-03T06:26:11+03:00,1785727571,4522,76,3,31.2,42.0,,run
2026-08-03T06:26:16+03:00,1785727576,4527,76,3,31.2,41.4,,run
2026-08-03T06:26:22+03:00,1785727582,4533,76,3,31.2,40.5,,run
2026-08-03T06:26:27+03:00,1785727587,4538,76,3,31.2,42.3,,run
2026-08-03T06:26:32+03:00,1785727592,4543,76,3,31.2,41.7,,run
2026-08-03T06:26:37+03:00,1785727597,4548,76,3,31.2,42.3,,run
2026-08-03T06:26:43+03:00,1785727603,4554,76,3,31.2,51.3,,run
2026-08-03T06:26:48+03:00,1785727608,4559,76,3,31.2,43.2,,run
2026-08-03T06:26:53+03:00,1785727613,4564,76,3,31.2,46.0,,run
2026-08-03T06:26:58+03:00,1785727618,4569,76,3,31.2,43.6,,run
2026-08-03T06:27:04+03:00,1785727624,4575,76,3,31.2,45.4,,run
2026-08-03T06:27:09+03:00,1785727629,4580,76,3,31.2,42.0,,run
2026-08-03T06:27:14+03:00,1785727634,4585,76,3,31.2,42.3,,run
2026-08-03T06:27:19+03:00,1785727639,4590,76,3,31.2,42.3,,run
2026-08-03T06:27:25+03:00,1785727645,4596,76,3,31.2,47.0,,run
2026-08-03T06:27:30+03:00,1785727650,4601,76,3,31.2,45.1,,run
2026-08-03T06:27:35+03:00,1785727655,4606,76,3,31.2,46.0,,run
2026-08-03T06:27:40+03:00,1785727660,4611,76,3,31.2,46.3,,run
2026-08-03T06:27:46+03:00,1785727666,4617,76,3,31.2,48.5,,run
2026-08-03T06:27:51+03:00,1785727671,4622,76,3,31.2,44.8,,run
2026-08-03T06:27:56+03:00,1785727676,4627,76,3,31.2,51.3,,run
2026-08-03T06:28:02+03:00,1785727682,4633,76,3,31.2,42.9,,run
2026-08-03T06:28:07+03:00,1785727687,4638,76,3,31.2,43.2,,run
2026-08-03T06:28:12+03:00,1785727692,4643,75,3,31.4,42.0,,run
2026-08-03T06:28:17+03:00,1785727697,4648,75,3,31.4,41.7,,run
2026-08-03T06:28:23+03:00,1785727703,4654,75,3,31.4,40.5,,run
2026-08-03T06:28:28+03:00,1785727708,4659,75,3,31.4,41.1,,run
2026-08-03T06:28:33+03:00,1785727713,4664,75,3,31.4,41.1,,run
2026-08-03T06:28:38+03:00,1785727718,4669,75,3,31.4,41.1,,run
2026-08-03T06:28:43+03:00,1785727723,4674,75,3,31.4,44.8,,run
2026-08-03T06:28:49+03:00,1785727729,4680,75,3,31.4,48.8,,run
2026-08-03T06:28:54+03:00,1785727734,4685,75,3,31.4,42.3,,run
2026-08-03T06:28:59+03:00,1785727739,4690,75,3,31.4,41.7,,run
2026-08-03T06:29:05+03:00,1785727745,4696,75,3,31.4,46.0,,run
2026-08-03T06:29:10+03:00,1785727750,4701,75,3,31.4,44.5,,run
2026-08-03T06:29:15+03:00,1785727755,4706,75,3,31.4,43.2,,run
2026-08-03T06:29:20+03:00,1785727760,4711,75,3,31.4,44.5,,run
2026-08-03T06:29:26+03:00,1785727766,4717,75,3,31.4,42.6,,run
2026-08-03T06:29:31+03:00,1785727771,4722,75,3,31.4,41.7,,run
2026-08-03T06:29:36+03:00,1785727776,4727,75,3,31.4,40.8,,run
2026-08-03T06:29:41+03:00,1785727781,4732,75,3,31.4,40.8,,run
2026-08-03T06:29:46+03:00,1785727786,4737,75,3,31.4,42.0,,run
2026-08-03T06:29:52+03:00,1785727792,4743,75,3,31.4,44.2,,run
2026-08-03T06:29:57+03:00,1785727797,4748,75,3,31.4,43.6,,run
2026-08-03T06:30:02+03:00,1785727802,4753,75,3,31.4,51.9,,run
2026-08-03T06:30:08+03:00,1785727808,4759,75,3,31.4,43.6,,run
2026-08-03T06:30:13+03:00,1785727813,4764,75,3,31.4,43.6,,run
2026-08-03T06:30:18+03:00,1785727818,4769,75,3,31.4,41.1,,run
2026-08-03T06:30:23+03:00,1785727823,4774,75,3,31.4,41.4,,run
2026-08-03T06:30:29+03:00,1785727829,4780,75,3,31.4,40.5,,run
2026-08-03T06:30:34+03:00,1785727834,4785,75,3,31.4,41.7,,run
2026-08-03T06:30:39+03:00,1785727839,4790,75,3,31.4,43.6,,run
2026-08-03T06:30:44+03:00,1785727844,4795,75,3,31.4,45.4,,run
2026-08-03T06:30:50+03:00,1785727850,4801,75,3,31.4,45.7,,run
2026-08-03T06:30:55+03:00,1785727855,4806,75,3,31.4,52.2,,run
2026-08-03T06:31:00+03:00,1785727860,4811,75,3,31.4,44.8,,run
2026-08-03T06:31:05+03:00,1785727865,4816,75,3,31.4,44.2,,run
2026-08-03T06:31:11+03:00,1785727871,4822,75,3,31.4,48.8,,run
2026-08-03T06:31:16+03:00,1785727876,4827,75,3,31.4,48.5,,run
2026-08-03T06:31:21+03:00,1785727881,4832,75,3,31.4,46.0,,run
2026-08-03T06:31:26+03:00,1785727886,4837,75,3,31.4,48.5,,run
2026-08-03T06:31:32+03:00,1785727892,4843,75,3,31.4,43.6,,run
2026-08-03T06:31:37+03:00,1785727897,4848,75,3,31.4,43.2,,run
2026-08-03T06:31:42+03:00,1785727902,4853,75,3,31.4,44.5,,run
2026-08-03T06:31:47+03:00,1785727907,4858,75,3,31.4,45.4,,run
2026-08-03T06:31:52+03:00,1785727912,4863,75,3,31.4,44.5,,run
2026-08-03T06:31:58+03:00,1785727918,4869,75,3,31.4,42.6,,run
2026-08-03T06:32:03+03:00,1785727923,4874,75,3,31.4,41.4,,run
2026-08-03T06:32:08+03:00,1785727928,4879,75,3,31.4,50.4,,run
2026-08-03T06:32:14+03:00,1785727934,4885,75,3,31.4,44.2,,run
2026-08-03T06:32:19+03:00,1785727939,4890,75,3,31.4,47.6,,run
2026-08-03T06:32:24+03:00,1785727944,4895,75,3,31.4,43.6,,run
2026-08-03T06:32:29+03:00,1785727949,4900,75,3,31.4,41.7,,run
2026-08-03T06:32:35+03:00,1785727955,4906,75,3,31.4,42.3,,run
2026-08-03T06:32:40+03:00,1785727960,4911,75,3,31.4,42.3,,run
2026-08-03T06:32:45+03:00,1785727965,4916,75,3,31.4,42.3,,run
2026-08-03T06:32:50+03:00,1785727970,4921,75,3,31.4,40.8,,run
2026-08-03T06:32:55+03:00,1785727975,4926,75,3,31.4,53.5,,run
2026-08-03T06:33:01+03:00,1785727981,4932,75,3,31.4,43.9,,run
2026-08-03T06:33:06+03:00,1785727986,4937,75,3,31.4,43.6,,run
2026-08-03T06:33:12+03:00,1785727992,4943,75,3,31.4,43.9,,run
2026-08-03T06:33:17+03:00,1785727997,4948,75,3,31.4,42.6,,run
2026-08-03T06:33:22+03:00,1785728002,4953,75,3,31.4,41.4,,run
2026-08-03T06:33:27+03:00,1785728007,4958,75,3,31.4,41.1,,run
2026-08-03T06:33:32+03:00,1785728012,4963,75,3,31.4,41.7,,run
2026-08-03T06:33:38+03:00,1785728018,4969,75,3,31.4,48.8,,run
2026-08-03T06:33:43+03:00,1785728023,4974,75,3,31.4,45.7,,run
2026-08-03T06:33:48+03:00,1785728028,4979,75,3,31.4,42.3,,run
2026-08-03T06:33:53+03:00,1785728033,4984,75,3,31.4,42.3,,run
2026-08-03T06:33:59+03:00,1785728039,4990,75,3,31.4,42.3,,run
2026-08-03T06:34:04+03:00,1785728044,4995,75,3,31.4,40.8,,run
2026-08-03T06:34:09+03:00,1785728049,5000,75,3,31.4,42.9,,run
2026-08-03T06:34:14+03:00,1785728054,5005,75,3,31.4,52.8,,run
2026-08-03T06:34:20+03:00,1785728060,5011,75,3,31.4,47.6,,run
2026-08-03T06:34:25+03:00,1785728065,5016,75,3,31.4,41.4,,run
2026-08-03T06:34:30+03:00,1785728070,5021,75,3,31.4,44.2,,run
2026-08-03T06:34:35+03:00,1785728075,5026,75,3,31.4,42.0,,run
2026-08-03T06:34:41+03:00,1785728081,5032,75,3,31.4,40.5,,run
2026-08-03T06:34:46+03:00,1785728086,5037,75,3,31.4,41.4,,run
2026-08-03T06:34:51+03:00,1785728091,5042,75,3,31.4,41.7,,run
2026-08-03T06:34:56+03:00,1785728096,5047,75,3,31.4,41.7,,run
2026-08-03T06:35:02+03:00,1785728102,5053,75,3,31.4,52.8,,run
2026-08-03T06:35:07+03:00,1785728107,5058,75,3,31.4,43.9,,run
2026-08-03T06:35:12+03:00,1785728112,5063,75,3,31.4,42.6,,run
2026-08-03T06:35:17+03:00,1785728117,5068,75,3,31.4,44.2,,run
2026-08-03T06:35:23+03:00,1785728123,5074,75,3,31.4,44.8,,run
2026-08-03T06:35:28+03:00,1785728128,5079,75,3,31.4,44.2,,run
2026-08-03T06:35:33+03:00,1785728133,5084,75,3,31.4,42.6,,run
2026-08-03T06:35:38+03:00,1785728138,5089,75,3,31.4,42.6,,run
2026-08-03T06:35:44+03:00,1785728144,5095,75,3,31.4,46.7,,run
2026-08-03T06:35:49+03:00,1785728149,5100,75,3,31.4,44.8,,run
2026-08-03T06:35:54+03:00,1785728154,5105,75,3,31.4,43.6,,run
2026-08-03T06:35:59+03:00,1785728159,5110,75,3,31.4,42.9,,run
2026-08-03T06:36:05+03:00,1785728165,5116,75,3,31.4,42.9,,run
2026-08-03T06:36:10+03:00,1785728170,5121,75,3,31.4,41.1,,run
2026-08-03T06:36:15+03:00,1785728175,5126,75,3,31.4,47.9,,run
2026-08-03T06:36:20+03:00,1785728180,5131,75,3,31.4,46.0,,run
2026-08-03T06:36:25+03:00,1785728185,5136,75,3,31.4,42.9,,run
2026-08-03T06:36:31+03:00,1785728191,5142,75,3,31.4,40.8,,run
2026-08-03T06:36:36+03:00,1785728196,5147,75,3,31.4,44.2,,run
2026-08-03T06:36:41+03:00,1785728201,5152,75,3,31.4,43.6,,run
2026-08-03T06:36:46+03:00,1785728206,5157,75,3,31.4,48.8,,run
2026-08-03T06:36:52+03:00,1785728212,5163,75,3,31.4,42.9,,run
2026-08-03T06:36:57+03:00,1785728217,5168,75,3,31.4,43.9,,run
2026-08-03T06:37:02+03:00,1785728222,5173,75,3,31.4,43.2,,run
2026-08-03T06:37:07+03:00,1785728227,5178,75,3,31.4,42.9,,run
2026-08-03T06:37:13+03:00,1785728233,5184,75,3,31.4,42.0,,run
2026-08-03T06:37:18+03:00,1785728238,5189,75,3,31.4,42.9,,run
2026-08-03T06:37:23+03:00,1785728243,5194,75,3,31.4,42.6,,run
2026-08-03T06:37:28+03:00,1785728248,5199,75,3,31.4,43.2,,run
2026-08-03T06:37:34+03:00,1785728254,5205,75,3,31.4,42.9,,run
2026-08-03T06:37:39+03:00,1785728259,5210,75,3,31.4,42.3,,run
2026-08-03T06:37:44+03:00,1785728264,5215,75,3,31.4,46.3,,run
2026-08-03T06:37:49+03:00,1785728269,5220,74,3,31.6,43.2,,run
2026-08-03T06:37:54+03:00,1785728274,5225,74,3,31.6,47.0,,run
2026-08-03T06:38:00+03:00,1785728280,5231,74,3,31.6,54.1,,run
2026-08-03T06:38:06+03:00,1785728286,5237,74,3,31.6,44.2,,run
2026-08-03T06:38:11+03:00,1785728291,5242,74,3,31.6,42.6,,run
2026-08-03T06:38:16+03:00,1785728296,5247,74,3,31.6,41.7,,run
2026-08-03T06:38:21+03:00,1785728301,5252,74,3,31.6,41.1,,run
2026-08-03T06:38:27+03:00,1785728307,5258,74,3,31.6,40.8,,run
2026-08-03T06:38:32+03:00,1785728312,5263,74,3,31.6,41.7,,run
2026-08-03T06:38:37+03:00,1785728317,5268,74,3,31.6,42.0,,run
2026-08-03T06:38:42+03:00,1785728322,5273,74,3,31.6,43.9,,run
2026-08-03T06:38:47+03:00,1785728327,5278,74,3,31.6,43.9,,run
2026-08-03T06:38:53+03:00,1785728333,5284,74,3,31.6,53.8,,run
2026-08-03T06:38:58+03:00,1785728338,5289,74,3,31.6,45.4,,run
2026-08-03T06:39:03+03:00,1785728343,5294,74,3,31.6,43.6,,run
2026-08-03T06:39:08+03:00,1785728348,5299,74,3,31.6,42.9,,run
2026-08-03T06:39:14+03:00,1785728354,5305,74,3,31.6,42.6,,run
2026-08-03T06:39:19+03:00,1785728359,5310,74,3,31.6,41.7,,run
2026-08-03T06:39:24+03:00,1785728364,5315,74,3,31.6,43.6,,run
2026-08-03T06:39:29+03:00,1785728369,5320,74,3,31.6,42.6,,run
2026-08-03T06:39:35+03:00,1785728375,5326,74,3,31.6,42.0,,run
2026-08-03T06:39:40+03:00,1785728380,5331,74,3,31.6,40.8,,run
2026-08-03T06:39:45+03:00,1785728385,5336,74,3,31.6,42.0,,run
2026-08-03T06:39:50+03:00,1785728390,5341,74,3,31.6,42.6,,run
2026-08-03T06:39:56+03:00,1785728396,5347,74,3,31.5,43.2,,run
2026-08-03T06:40:01+03:00,1785728401,5352,74,3,31.5,45.1,,run
2026-08-03T06:40:06+03:00,1785728406,5357,74,3,31.5,49.1,,run
2026-08-03T06:40:11+03:00,1785728411,5362,74,3,31.5,45.7,,run
2026-08-03T06:40:17+03:00,1785728416,5367,74,3,31.5,42.9,,run
2026-08-03T06:40:22+03:00,1785728422,5373,74,3,31.5,41.4,,run
2026-08-03T06:40:27+03:00,1785728427,5378,74,3,31.5,41.1,,run
2026-08-03T06:40:32+03:00,1785728432,5383,74,3,31.5,43.2,,run
2026-08-03T06:40:38+03:00,1785728438,5389,74,3,31.5,41.1,,run
2026-08-03T06:40:43+03:00,1785728443,5394,74,3,31.5,41.4,,run
2026-08-03T06:40:48+03:00,1785728448,5399,74,3,31.5,43.2,,run
2026-08-03T06:40:53+03:00,1785728453,5404,74,3,31.5,43.2,,run
2026-08-03T06:40:59+03:00,1785728459,5410,74,3,31.5,51.0,,run
2026-08-03T06:41:04+03:00,1785728464,5415,74,3,31.5,44.8,,run
2026-08-03T06:41:09+03:00,1785728469,5420,74,3,31.5,43.6,,run
2026-08-03T06:41:15+03:00,1785728475,5426,74,3,31.5,42.6,,run
2026-08-03T06:41:20+03:00,1785728480,5431,74,3,31.5,42.9,,run
2026-08-03T06:41:25+03:00,1785728485,5436,74,3,31.5,43.2,,run
2026-08-03T06:41:30+03:00,1785728490,5441,74,3,31.5,44.5,,run
2026-08-03T06:41:36+03:00,1785728496,5447,74,3,31.5,44.8,,run
2026-08-03T06:41:41+03:00,1785728501,5452,74,3,31.5,43.6,,run
2026-08-03T06:41:46+03:00,1785728506,5457,74,3,31.5,42.9,,run
2026-08-03T06:41:51+03:00,1785728511,5462,74,3,31.5,47.9,,run
2026-08-03T06:41:57+03:00,1785728517,5468,74,3,31.5,44.8,,run
2026-08-03T06:42:02+03:00,1785728522,5473,74,3,31.5,44.5,,run
2026-08-03T06:42:07+03:00,1785728527,5478,74,3,31.5,43.9,,run
2026-08-03T06:42:12+03:00,1785728532,5483,74,3,31.5,51.9,,run
2026-08-03T06:42:18+03:00,1785728538,5489,74,3,31.5,44.2,,run
2026-08-03T06:42:23+03:00,1785728543,5494,74,3,31.5,43.9,,run
2026-08-03T06:42:28+03:00,1785728548,5499,74,3,31.5,42.0,,run
2026-08-03T06:42:34+03:00,1785728554,5505,74,3,31.5,41.4,,run
2026-08-03T06:42:39+03:00,1785728559,5510,74,3,31.5,41.1,,run
2026-08-03T06:42:44+03:00,1785728564,5515,74,3,31.5,47.0,,run
2026-08-03T06:42:49+03:00,1785728569,5520,74,3,31.5,41.7,,run
2026-08-03T06:42:55+03:00,1785728575,5526,74,3,31.5,42.9,,run
2026-08-03T06:43:00+03:00,1785728580,5531,74,3,31.5,52.2,,run
2026-08-03T06:43:06+03:00,1785728586,5537,74,3,31.5,47.6,,run
2026-08-03T06:43:11+03:00,1785728591,5542,74,3,31.5,44.5,,run
2026-08-03T06:43:16+03:00,1785728596,5547,74,3,31.5,43.2,,run
2026-08-03T06:43:21+03:00,1785728601,5552,74,3,31.5,41.7,,run
2026-08-03T06:43:27+03:00,1785728607,5558,74,3,31.5,42.6,,run
2026-08-03T06:43:32+03:00,1785728612,5563,74,3,31.5,43.9,,run
2026-08-03T06:43:37+03:00,1785728617,5568,74,3,31.5,44.8,,run
2026-08-03T06:43:42+03:00,1785728622,5573,74,3,31.5,42.6,,run
2026-08-03T06:43:47+03:00,1785728627,5578,74,3,31.5,42.3,,run
2026-08-03T06:43:53+03:00,1785728633,5584,74,3,31.5,42.0,,run
2026-08-03T06:43:58+03:00,1785728638,5589,74,3,31.5,43.2,,run
2026-08-03T06:44:03+03:00,1785728643,5594,74,3,31.5,47.6,,run
2026-08-03T06:44:09+03:00,1785728649,5600,74,3,31.5,44.8,,run
2026-08-03T06:44:14+03:00,1785728654,5605,74,3,31.5,47.6,,run
2026-08-03T06:44:19+03:00,1785728659,5610,74,3,31.5,52.8,,run
2026-08-03T06:44:24+03:00,1785728664,5615,74,3,31.5,44.5,,run
2026-08-03T06:44:30+03:00,1785728670,5621,74,3,31.5,42.0,,run
2026-08-03T06:44:35+03:00,1785728675,5626,74,3,31.5,44.2,,run
2026-08-03T06:44:40+03:00,1785728680,5631,74,3,31.5,40.8,,run
2026-08-03T06:44:45+03:00,1785728685,5636,74,3,31.5,40.8,,run
2026-08-03T06:44:50+03:00,1785728690,5641,74,3,31.5,46.0,,run
2026-08-03T06:44:56+03:00,1785728696,5647,74,3,31.5,43.9,,run
2026-08-03T06:45:01+03:00,1785728701,5652,74,3,31.5,44.2,,run
2026-08-03T06:45:06+03:00,1785728706,5657,74,3,31.5,49.1,,run
2026-08-03T06:45:11+03:00,1785728711,5662,74,3,31.5,43.9,,run
2026-08-03T06:45:17+03:00,1785728717,5668,74,3,31.5,43.6,,run
2026-08-03T06:45:22+03:00,1785728722,5673,74,3,31.5,42.0,,run
2026-08-03T06:45:27+03:00,1785728727,5678,74,3,31.5,43.9,,run
2026-08-03T06:45:32+03:00,1785728732,5683,74,3,31.5,43.9,,run
2026-08-03T06:45:38+03:00,1785728738,5689,74,3,31.5,44.8,,run
2026-08-03T06:45:43+03:00,1785728743,5694,74,3,31.5,42.3,,run
2026-08-03T06:45:48+03:00,1785728748,5699,74,3,31.5,42.6,,run
2026-08-03T06:45:53+03:00,1785728753,5704,74,3,31.5,41.4,,run
2026-08-03T06:45:58+03:00,1785728758,5709,74,3,31.5,42.3,,run
2026-08-03T06:46:04+03:00,1785728764,5715,74,3,31.5,44.2,,run
2026-08-03T06:46:09+03:00,1785728769,5720,74,3,31.5,44.8,,run
2026-08-03T06:46:14+03:00,1785728774,5725,74,3,31.5,46.3,,run
2026-08-03T06:46:19+03:00,1785728779,5730,74,3,31.5,52.8,,run
2026-08-03T06:46:25+03:00,1785728785,5736,74,3,31.5,43.6,,run
2026-08-03T06:46:30+03:00,1785728790,5741,74,3,31.5,43.2,,run
2026-08-03T06:46:35+03:00,1785728795,5746,74,3,31.5,41.1,,run
2026-08-03T06:46:41+03:00,1785728801,5752,74,3,31.5,40.8,,run
2026-08-03T06:46:46+03:00,1785728806,5757,74,3,31.5,40.5,,run
2026-08-03T06:46:51+03:00,1785728811,5762,74,3,31.5,39.8,,run
2026-08-03T06:46:56+03:00,1785728816,5767,74,3,31.5,41.4,,run
2026-08-03T06:47:02+03:00,1785728822,5773,74,3,31.5,46.3,,run
2026-08-03T06:47:07+03:00,1785728827,5778,74,3,31.5,52.5,,run
2026-08-03T06:47:13+03:00,1785728833,5784,74,3,31.5,44.8,,run
2026-08-03T06:47:18+03:00,1785728838,5789,74,3,31.5,42.3,,run
2026-08-03T06:47:23+03:00,1785728843,5794,74,3,31.5,41.4,,run
2026-08-03T06:47:28+03:00,1785728848,5799,73,3,31.5,42.0,,run
2026-08-03T06:47:34+03:00,1785728854,5805,73,3,31.5,42.0,,run
2026-08-03T06:47:39+03:00,1785728859,5810,73,3,31.5,42.3,,run
2026-08-03T06:47:44+03:00,1785728864,5815,73,3,31.5,41.7,,run
2026-08-03T06:47:49+03:00,1785728869,5820,73,3,31.5,42.0,,run
2026-08-03T06:47:54+03:00,1785728874,5825,73,3,31.5,41.4,,run
2026-08-03T06:48:00+03:00,1785728880,5831,73,3,31.5,41.4,,run
2026-08-03T06:48:05+03:00,1785728885,5836,73,3,31.5,42.0,,run
2026-08-03T06:48:10+03:00,1785728890,5841,73,3,31.5,42.6,,run
2026-08-03T06:48:15+03:00,1785728895,5846,73,3,31.5,40.8,,run
2026-08-03T06:48:21+03:00,1785728901,5852,73,3,31.5,48.8,,run
2026-08-03T06:48:26+03:00,1785728906,5857,73,3,31.5,54.1,,run
2026-08-03T06:48:31+03:00,1785728911,5862,73,3,31.5,45.7,,run
2026-08-03T06:48:37+03:00,1785728917,5868,73,3,31.5,42.0,,run
2026-08-03T06:48:42+03:00,1785728922,5873,73,3,31.5,42.9,,run
2026-08-03T06:48:47+03:00,1785728927,5878,73,3,31.5,41.1,,run
2026-08-03T06:48:52+03:00,1785728932,5883,73,3,31.5,51.0,,run
2026-08-03T06:48:58+03:00,1785728938,5889,73,3,31.5,42.6,,run
2026-08-03T06:49:03+03:00,1785728943,5894,73,3,31.5,42.0,,run
2026-08-03T06:49:08+03:00,1785728948,5899,73,3,31.5,44.8,,run
2026-08-03T06:49:13+03:00,1785728953,5904,73,3,31.5,42.6,,run
2026-08-03T06:49:18+03:00,1785728958,5909,73,3,31.5,44.8,,run
2026-08-03T06:49:24+03:00,1785728964,5915,73,3,31.5,43.9,,run
2026-08-03T06:49:29+03:00,1785728969,5920,73,3,31.5,42.0,,run
2026-08-03T06:49:34+03:00,1785728974,5925,73,3,31.5,42.3,,run
2026-08-03T06:49:39+03:00,1785728979,5930,73,3,31.5,41.1,,run
2026-08-03T06:49:45+03:00,1785728985,5936,73,3,31.5,41.1,,run
2026-08-03T06:49:50+03:00,1785728990,5941,73,3,31.5,42.3,,run
2026-08-03T06:49:55+03:00,1785728995,5946,73,3,31.5,42.3,,run
2026-08-03T06:50:00+03:00,1785729000,5951,73,3,31.5,41.4,,run
2026-08-03T06:50:05+03:00,1785729005,5956,73,3,31.5,45.7,,run
2026-08-03T06:50:11+03:00,1785729011,5962,73,3,31.5,46.3,,run
2026-08-03T06:50:16+03:00,1785729016,5967,73,3,31.5,47.0,,run
2026-08-03T06:50:21+03:00,1785729021,5972,73,3,31.5,41.4,,run
2026-08-03T06:50:26+03:00,1785729026,5977,73,3,31.5,45.1,,run
2026-08-03T06:50:32+03:00,1785729032,5983,73,3,31.5,42.9,,run
2026-08-03T06:50:37+03:00,1785729037,5988,73,3,31.5,41.4,,run
2026-08-03T06:50:42+03:00,1785729042,5993,73,3,31.5,42.6,,run
2026-08-03T06:50:48+03:00,1785729048,5999,73,3,31.3,41.4,,run
2026-08-03T06:50:53+03:00,1785729053,6004,73,3,31.3,41.1,,run
2026-08-03T06:50:58+03:00,1785729058,6009,73,3,31.3,43.2,,run
2026-08-03T06:51:03+03:00,1785729063,6014,73,3,31.3,48.5,,run
2026-08-03T06:51:09+03:00,1785729069,6020,73,3,31.3,42.9,,run
2026-08-03T06:51:15+03:00,1785729075,6026,73,3,31.3,46.0,,run
2026-08-03T06:51:22+03:00,1785729082,6033,73,3,31.3,42.6,,run
2026-08-03T06:51:28+03:00,1785729088,6039,73,3,31.3,42.6,,run
2026-08-03T06:51:33+03:00,1785729093,6044,73,3,31.3,42.3,,run
2026-08-03T06:51:39+03:00,1785729099,6050,73,3,31.3,43.6,,run
2026-08-03T06:51:44+03:00,1785729104,6055,73,3,31.3,42.6,,run
2026-08-03T06:51:49+03:00,1785729109,6060,73,3,31.3,41.4,,run
2026-08-03T06:51:54+03:00,1785729114,6065,73,3,31.3,41.4,,run
2026-08-03T06:51:59+03:00,1785729119,6070,73,3,31.3,42.6,,run
2026-08-03T06:52:05+03:00,1785729125,6076,73,3,31.3,41.1,,run
2026-08-03T06:52:10+03:00,1785729130,6081,73,3,31.3,42.9,,run
2026-08-03T06:52:15+03:00,1785729135,6086,73,3,31.3,47.0,,run
2026-08-03T06:52:20+03:00,1785729140,6091,73,3,31.3,48.5,,run
2026-08-03T06:52:26+03:00,1785729146,6097,73,3,31.3,46.7,,run
2026-08-03T06:52:31+03:00,1785729151,6102,73,3,31.3,42.3,,run
2026-08-03T06:52:36+03:00,1785729156,6107,73,3,31.3,43.9,,run
2026-08-03T06:52:41+03:00,1785729161,6112,73,3,31.3,43.2,,run
2026-08-03T06:52:47+03:00,1785729167,6118,73,3,31.3,42.3,,run
2026-08-03T06:52:52+03:00,1785729172,6123,73,3,31.3,40.8,,run
2026-08-03T06:52:57+03:00,1785729177,6128,73,3,31.3,40.5,,run
2026-08-03T06:53:02+03:00,1785729182,6133,73,3,31.3,40.5,,run
2026-08-03T06:53:08+03:00,1785729188,6139,73,3,31.3,44.8,,run
2026-08-03T06:53:13+03:00,1785729193,6144,73,3,31.3,52.8,,run
2026-08-03T06:53:18+03:00,1785729198,6149,73,3,31.3,44.5,,run
2026-08-03T06:53:23+03:00,1785729203,6154,73,3,31.3,43.9,,run
2026-08-03T06:53:29+03:00,1785729209,6160,73,3,31.3,41.7,,run
2026-08-03T06:53:34+03:00,1785729214,6165,73,3,31.3,41.1,,run
2026-08-03T06:53:39+03:00,1785729219,6170,73,3,31.3,42.3,,run
2026-08-03T06:53:44+03:00,1785729224,6175,73,3,31.3,42.0,,run
2026-08-03T06:53:49+03:00,1785729229,6180,73,3,31.3,42.3,,run
2026-08-03T06:53:55+03:00,1785729235,6186,73,3,31.3,41.4,,run
2026-08-03T06:54:00+03:00,1785729240,6191,73,3,31.3,41.1,,run
2026-08-03T06:54:05+03:00,1785729245,6196,73,3,31.3,41.7,,run
2026-08-03T06:54:10+03:00,1785729250,6201,73,3,31.3,41.1,,run
2026-08-03T06:54:16+03:00,1785729256,6207,73,3,31.3,43.6,,run
2026-08-03T06:54:21+03:00,1785729261,6212,73,3,31.3,42.9,,run
2026-08-03T06:54:26+03:00,1785729266,6217,73,3,31.3,50.1,,run
2026-08-03T06:54:31+03:00,1785729271,6222,73,3,31.3,48.5,,run
2026-08-03T06:54:37+03:00,1785729277,6228,73,3,31.3,51.0,,run
2026-08-03T06:54:42+03:00,1785729282,6233,73,3,31.3,41.7,,run
2026-08-03T06:54:47+03:00,1785729287,6238,73,3,31.3,40.8,,run
2026-08-03T06:54:52+03:00,1785729292,6243,73,3,31.3,41.4,,run
2026-08-03T06:54:57+03:00,1785729297,6248,73,3,31.3,40.8,,run
2026-08-03T06:55:03+03:00,1785729303,6254,73,3,31.3,41.7,,run
2026-08-03T06:55:08+03:00,1785729308,6259,73,3,31.3,40.5,,run
2026-08-03T06:55:13+03:00,1785729313,6264,73,3,31.3,41.1,,run
2026-08-03T06:55:18+03:00,1785729318,6269,73,3,31.3,52.5,,run
2026-08-03T06:55:24+03:00,1785729324,6275,73,3,31.3,47.9,,run
2026-08-03T06:55:29+03:00,1785729329,6280,73,3,31.3,47.6,,run
2026-08-03T06:55:34+03:00,1785729334,6285,73,3,31.3,43.9,,run
2026-08-03T06:55:39+03:00,1785729339,6290,73,3,31.3,41.7,,run
2026-08-03T06:55:45+03:00,1785729345,6296,73,3,31.3,41.7,,run
2026-08-03T06:55:50+03:00,1785729350,6301,73,3,31.3,42.6,,run
2026-08-03T06:55:55+03:00,1785729355,6306,73,3,31.3,42.3,,run
2026-08-03T06:56:00+03:00,1785729360,6311,73,3,31.3,41.7,,run
2026-08-03T06:56:06+03:00,1785729366,6317,73,3,31.3,42.0,,run
2026-08-03T06:56:11+03:00,1785729371,6322,73,3,31.3,41.4,,run
2026-08-03T06:56:16+03:00,1785729376,6327,73,3,31.3,41.1,,run
2026-08-03T06:56:21+03:00,1785729381,6332,73,3,31.3,42.3,,run
2026-08-03T06:56:26+03:00,1785729386,6337,73,3,31.3,43.2,,run
2026-08-03T06:56:32+03:00,1785729392,6343,73,3,31.3,47.6,,run
2026-08-03T06:56:37+03:00,1785729397,6348,73,3,31.3,46.0,,run
2026-08-03T06:56:42+03:00,1785729402,6353,73,3,31.3,49.7,,run
2026-08-03T06:56:47+03:00,1785729407,6358,73,3,31.3,43.9,,run
2026-08-03T06:56:53+03:00,1785729413,6364,73,3,31.3,42.0,,run
2026-08-03T06:56:58+03:00,1785729418,6369,73,3,31.3,41.4,,run
2026-08-03T06:57:03+03:00,1785729423,6374,72,3,31.5,40.2,,run
2026-08-03T06:57:08+03:00,1785729428,6379,72,3,31.5,41.1,,run
2026-08-03T06:57:14+03:00,1785729434,6385,72,3,31.5,40.5,,run
2026-08-03T06:57:19+03:00,1785729439,6390,72,3,31.5,43.2,,run
2026-08-03T06:57:24+03:00,1785729444,6395,72,3,31.5,55.9,,run
2026-08-03T06:57:30+03:00,1785729450,6401,72,3,31.5,43.9,,run
2026-08-03T06:57:35+03:00,1785729455,6406,72,3,31.5,45.7,,run
2026-08-03T06:57:40+03:00,1785729460,6411,72,3,31.5,45.1,,run
2026-08-03T06:57:45+03:00,1785729465,6416,72,3,31.5,42.3,,run
2026-08-03T06:57:51+03:00,1785729471,6422,72,3,31.5,41.4,,run
2026-08-03T06:57:56+03:00,1785729476,6427,72,3,31.5,43.6,,run
2026-08-03T06:58:01+03:00,1785729481,6432,72,3,31.5,42.6,,run
2026-08-03T06:58:06+03:00,1785729486,6437,72,3,31.5,42.6,,run
2026-08-03T06:58:12+03:00,1785729492,6443,72,3,31.5,42.3,,run
2026-08-03T06:58:17+03:00,1785729497,6448,72,3,31.5,42.0,,run
2026-08-03T06:58:22+03:00,1785729502,6453,72,3,31.5,41.4,,run
2026-08-03T06:58:27+03:00,1785729507,6458,72,3,31.5,42.6,,run
2026-08-03T06:58:32+03:00,1785729512,6463,72,3,31.5,42.0,,run
2026-08-03T06:58:38+03:00,1785729518,6469,72,3,31.5,47.6,,run
2026-08-03T06:58:43+03:00,1785729523,6474,72,3,31.5,49.7,,run
2026-08-03T06:58:48+03:00,1785729528,6479,72,3,31.5,45.7,,run
2026-08-03T06:58:53+03:00,1785729533,6484,72,3,31.5,44.5,,run
2026-08-03T06:58:59+03:00,1785729539,6490,72,3,31.5,43.2,,run
2026-08-03T06:59:04+03:00,1785729544,6495,72,3,31.5,42.9,,run
2026-08-03T06:59:09+03:00,1785729549,6500,72,3,31.5,41.4,,run
2026-08-03T06:59:14+03:00,1785729554,6505,72,3,31.5,41.4,,run
2026-08-03T06:59:20+03:00,1785729560,6511,72,3,31.5,41.1,,run
2026-08-03T06:59:25+03:00,1785729565,6516,72,3,31.5,42.6,,run
2026-08-03T06:59:30+03:00,1785729570,6521,72,3,31.5,50.1,,run
2026-08-03T06:59:36+03:00,1785729576,6527,72,3,31.5,44.8,,run
2026-08-03T06:59:41+03:00,1785729581,6532,72,3,31.5,42.9,,run
2026-08-03T06:59:46+03:00,1785729586,6537,72,3,31.5,44.2,,run
2026-08-03T06:59:51+03:00,1785729591,6542,72,3,31.5,45.1,,run
2026-08-03T06:59:56+03:00,1785729596,6547,72,3,31.5,43.9,,run
2026-08-03T07:00:02+03:00,1785729602,6553,72,3,31.5,42.6,,run
2026-08-03T07:00:07+03:00,1785729607,6558,72,3,31.5,42.0,,run
2026-08-03T07:00:12+03:00,1785729612,6563,72,3,31.5,42.3,,run
2026-08-03T07:00:17+03:00,1785729617,6568,72,3,31.5,41.1,,run
2026-08-03T07:00:23+03:00,1785729623,6574,72,3,31.5,43.9,,run
2026-08-03T07:00:28+03:00,1785729628,6579,72,3,31.5,42.6,,run
2026-08-03T07:00:33+03:00,1785729633,6584,72,3,31.5,41.7,,run
2026-08-03T07:00:38+03:00,1785729638,6589,72,3,31.5,41.1,,run
2026-08-03T07:00:43+03:00,1785729643,6594,72,3,31.5,41.1,,run
2026-08-03T07:00:49+03:00,1785729649,6600,72,3,31.7,53.1,,run
2026-08-03T07:00:54+03:00,1785729654,6605,72,3,31.7,42.9,,run
2026-08-03T07:00:59+03:00,1785729659,6610,72,3,31.7,41.7,,run
2026-08-03T07:01:05+03:00,1785729665,6616,72,3,31.7,47.6,,run
2026-08-03T07:01:10+03:00,1785729670,6621,72,3,31.7,43.6,,run
2026-08-03T07:01:15+03:00,1785729675,6626,72,3,31.7,42.3,,run
2026-08-03T07:01:20+03:00,1785729680,6631,72,3,31.7,42.6,,run
2026-08-03T07:01:26+03:00,1785729686,6637,72,3,31.7,41.7,,run
2026-08-03T07:01:31+03:00,1785729691,6642,72,3,31.7,40.8,,run
2026-08-03T07:01:36+03:00,1785729696,6647,72,3,31.7,49.7,,run
2026-08-03T07:01:42+03:00,1785729702,6653,72,3,31.7,45.7,,run
2026-08-03T07:01:47+03:00,1785729707,6658,72,3,31.7,43.9,,run
2026-08-03T07:01:52+03:00,1785729712,6663,72,3,31.7,42.6,,run
2026-08-03T07:01:57+03:00,1785729717,6668,72,3,31.7,45.4,,run
2026-08-03T07:02:03+03:00,1785729723,6674,72,3,31.7,46.3,,run
2026-08-03T07:02:08+03:00,1785729728,6679,72,3,31.7,46.0,,run
2026-08-03T07:02:13+03:00,1785729733,6684,72,3,31.7,44.5,,run
2026-08-03T07:02:18+03:00,1785729738,6689,72,3,31.7,43.6,,run
2026-08-03T07:02:23+03:00,1785729743,6694,72,3,31.7,42.9,,run
2026-08-03T07:02:29+03:00,1785729749,6700,72,3,31.7,45.1,,run
2026-08-03T07:02:34+03:00,1785729754,6705,72,3,31.7,44.5,,run
2026-08-03T07:02:39+03:00,1785729759,6710,72,3,31.7,42.9,,run
2026-08-03T07:02:44+03:00,1785729764,6715,72,3,31.7,42.6,,run
2026-08-03T07:02:50+03:00,1785729770,6721,72,3,31.7,43.2,,run
2026-08-03T07:02:55+03:00,1785729775,6726,72,3,31.7,52.2,,run
2026-08-03T07:03:01+03:00,1785729781,6732,72,3,31.7,43.2,,run
2026-08-03T07:03:06+03:00,1785729786,6737,72,3,31.7,41.7,,run
2026-08-03T07:03:11+03:00,1785729791,6742,72,3,31.7,41.1,,run
2026-08-03T07:03:16+03:00,1785729796,6747,72,3,31.7,40.5,,run
2026-08-03T07:03:21+03:00,1785729801,6752,72,3,31.7,52.5,,run
2026-08-03T07:03:27+03:00,1785729807,6758,72,3,31.7,45.7,,run
2026-08-03T07:03:32+03:00,1785729812,6763,72,3,31.7,43.2,,run
2026-08-03T07:03:38+03:00,1785729818,6769,72,3,31.7,43.2,,run
2026-08-03T07:03:43+03:00,1785729823,6774,72,3,31.7,41.7,,run
2026-08-03T07:03:48+03:00,1785729828,6779,72,3,31.7,44.5,,run
2026-08-03T07:03:53+03:00,1785729833,6784,72,3,31.7,43.9,,run
2026-08-03T07:03:59+03:00,1785729839,6790,72,3,31.7,42.3,,run
2026-08-03T07:04:04+03:00,1785729844,6795,72,3,31.7,41.1,,run
2026-08-03T07:04:09+03:00,1785729849,6800,72,3,31.7,42.3,,run
2026-08-03T07:04:14+03:00,1785729854,6805,72,3,31.7,44.2,,run
2026-08-03T07:04:19+03:00,1785729859,6810,72,3,31.7,43.2,,run
2026-08-03T07:04:25+03:00,1785729865,6816,72,3,31.7,47.3,,run
2026-08-03T07:04:30+03:00,1785729870,6821,72,3,31.7,43.2,,run
2026-08-03T07:04:35+03:00,1785729875,6826,72,3,31.7,48.2,,run
2026-08-03T07:04:40+03:00,1785729880,6831,72,3,31.7,49.7,,run
2026-08-03T07:04:46+03:00,1785729886,6837,72,3,31.7,48.8,,run
2026-08-03T07:04:51+03:00,1785729891,6842,72,3,31.7,42.9,,run
2026-08-03T07:04:56+03:00,1785729896,6847,72,3,31.7,42.0,,run
2026-08-03T07:05:01+03:00,1785729901,6852,72,3,31.7,42.6,,run
2026-08-03T07:05:07+03:00,1785729907,6858,72,3,31.7,42.0,,run
2026-08-03T07:05:12+03:00,1785729912,6863,72,3,31.7,42.0,,run
2026-08-03T07:05:17+03:00,1785729917,6868,72,3,31.7,40.5,,run
2026-08-03T07:05:22+03:00,1785729922,6873,72,3,31.7,41.7,,run
2026-08-03T07:05:27+03:00,1785729927,6878,72,3,31.7,52.5,,run
2026-08-03T07:05:33+03:00,1785729933,6884,72,3,31.7,46.7,,run
2026-08-03T07:05:39+03:00,1785729939,6890,72,3,31.7,45.1,,run
2026-08-03T07:05:44+03:00,1785729944,6895,72,3,31.7,43.9,,run
2026-08-03T07:05:49+03:00,1785729949,6900,72,3,31.7,42.9,,run
2026-08-03T07:05:54+03:00,1785729954,6905,72,3,31.7,42.6,,run
2026-08-03T07:06:00+03:00,1785729960,6911,72,3,31.7,43.2,,run
2026-08-03T07:06:05+03:00,1785729965,6916,72,3,31.7,42.0,,run
2026-08-03T07:06:10+03:00,1785729970,6921,72,3,31.7,42.3,,run
2026-08-03T07:06:15+03:00,1785729975,6926,72,3,31.7,40.8,,run
2026-08-03T07:06:20+03:00,1785729980,6931,72,3,31.7,42.0,,run
2026-08-03T07:06:26+03:00,1785729986,6937,72,3,31.7,45.4,,run
2026-08-03T07:06:31+03:00,1785729991,6942,72,3,31.7,44.2,,run
2026-08-03T07:06:36+03:00,1785729996,6947,72,3,31.7,42.3,,run
2026-08-03T07:06:41+03:00,1785730001,6952,72,3,31.7,47.6,,run
2026-08-03T07:06:47+03:00,1785730007,6958,72,3,31.7,50.1,,run
2026-08-03T07:06:52+03:00,1785730012,6963,72,3,31.7,45.7,,run
2026-08-03T07:06:57+03:00,1785730017,6968,72,3,31.7,41.1,,run
2026-08-03T07:07:02+03:00,1785730022,6973,72,3,31.7,41.7,,run
2026-08-03T07:07:08+03:00,1785730028,6979,72,3,31.7,40.8,,run
2026-08-03T07:07:13+03:00,1785730033,6984,72,3,31.7,40.8,,run
2026-08-03T07:07:18+03:00,1785730038,6989,72,3,31.7,40.5,,run
2026-08-03T07:07:23+03:00,1785730043,6994,72,3,31.7,40.5,,run
2026-08-03T07:07:28+03:00,1785730048,6999,72,3,31.7,40.8,,run
2026-08-03T07:07:34+03:00,1785730054,7005,72,3,31.7,51.0,,run
2026-08-03T07:07:39+03:00,1785730059,7010,72,3,31.7,44.2,,run
2026-08-03T07:07:45+03:00,1785730065,7016,71,3,31.5,47.3,,run
2026-08-03T07:07:50+03:00,1785730070,7021,71,3,31.5,43.9,,run
2026-08-03T07:07:55+03:00,1785730075,7026,71,3,31.5,43.2,,run
2026-08-03T07:08:00+03:00,1785730080,7031,71,3,31.5,41.4,,run
2026-08-03T07:08:06+03:00,1785730086,7037,71,3,31.5,41.1,,run
2026-08-03T07:08:11+03:00,1785730091,7042,71,3,31.5,41.7,,run
2026-08-03T07:08:16+03:00,1785730096,7047,71,3,31.5,44.5,,run
2026-08-03T07:08:21+03:00,1785730101,7052,71,3,31.5,42.6,,run
2026-08-03T07:08:27+03:00,1785730107,7058,71,3,31.5,42.3,,run
2026-08-03T07:08:32+03:00,1785730112,7063,71,3,31.5,42.0,,run
2026-08-03T07:08:37+03:00,1785730117,7068,71,3,31.5,42.0,,run
2026-08-03T07:08:42+03:00,1785730122,7073,71,3,31.5,41.7,,run
2026-08-03T07:08:47+03:00,1785730127,7078,71,3,31.5,48.5,,run
2026-08-03T07:08:53+03:00,1785730133,7084,71,3,31.5,54.1,,run
2026-08-03T07:08:58+03:00,1785730138,7089,71,3,31.5,45.4,,run
2026-08-03T07:09:03+03:00,1785730143,7094,71,3,31.5,42.0,,run
2026-08-03T07:09:09+03:00,1785730149,7100,71,3,31.5,40.8,,run
2026-08-03T07:09:14+03:00,1785730154,7105,71,3,31.5,40.8,,run
2026-08-03T07:09:19+03:00,1785730159,7110,71,3,31.5,40.5,,run
2026-08-03T07:09:24+03:00,1785730164,7115,71,3,31.5,41.1,,run
2026-08-03T07:09:29+03:00,1785730169,7120,71,3,31.5,46.0,,run
2026-08-03T07:09:35+03:00,1785730175,7126,71,3,31.5,44.5,,run
2026-08-03T07:09:40+03:00,1785730180,7131,71,3,31.5,51.9,,run
2026-08-03T07:09:46+03:00,1785730186,7137,71,3,31.5,44.8,,run
2026-08-03T07:09:51+03:00,1785730191,7142,71,3,31.5,43.9,,run
2026-08-03T07:09:56+03:00,1785730196,7147,71,3,31.5,42.9,,run
2026-08-03T07:10:01+03:00,1785730201,7152,71,3,31.5,41.4,,run
2026-08-03T07:10:07+03:00,1785730207,7158,71,3,31.5,41.7,,run
2026-08-03T07:10:12+03:00,1785730212,7163,71,3,31.5,40.8,,run
2026-08-03T07:10:17+03:00,1785730217,7168,71,3,31.5,42.3,,run
2026-08-03T07:10:22+03:00,1785730222,7173,71,3,31.5,47.0,,run
2026-08-03T07:10:27+03:00,1785730227,7178,71,3,31.5,45.7,,run
2026-08-03T07:10:33+03:00,1785730233,7184,71,3,31.5,41.7,,run
2026-08-03T07:10:38+03:00,1785730238,7189,71,3,31.5,41.1,,run
2026-08-03T07:10:43+03:00,1785730243,7194,71,3,31.5,41.1,,run
2026-08-03T07:10:48+03:00,1785730248,7199,71,3,31.4,42.0,,run
2026-08-03T07:10:54+03:00,1785730254,7205,71,3,31.4,49.4,,run
2026-08-03T07:10:59+03:00,1785730259,7210,71,3,31.4,51.9,,run
2026-08-03T07:11:04+03:00,1785730264,7215,71,3,31.4,47.0,,run
2026-08-03T07:11:09+03:00,1785730269,7220,71,3,31.4,40.8,,run
2026-08-03T07:11:15+03:00,1785730275,7226,71,3,31.4,42.0,,run
2026-08-03T07:11:20+03:00,1785730280,7231,71,3,31.4,41.7,,run
2026-08-03T07:11:25+03:00,1785730285,7236,71,3,31.4,50.4,,run
2026-08-03T07:11:30+03:00,1785730290,7241,71,3,31.4,44.2,,run
2026-08-03T07:11:36+03:00,1785730296,7247,71,3,31.4,42.9,,run
2026-08-03T07:11:41+03:00,1785730301,7252,71,3,31.4,47.3,,run
2026-08-03T07:11:46+03:00,1785730306,7257,71,3,31.4,46.0,,run
2026-08-03T07:11:51+03:00,1785730311,7262,71,3,31.4,43.9,,run
2026-08-03T07:11:57+03:00,1785730317,7268,71,3,31.4,43.6,,run
2026-08-03T07:12:02+03:00,1785730322,7273,71,3,31.4,42.6,,run
2026-08-03T07:12:07+03:00,1785730327,7278,71,3,31.4,42.3,,run
2026-08-03T07:12:12+03:00,1785730332,7283,71,3,31.4,41.4,,run
2026-08-03T07:12:17+03:00,1785730337,7288,71,3,31.4,42.0,,run
2026-08-03T07:12:23+03:00,1785730343,7294,71,3,31.4,43.2,,run
2026-08-03T07:12:28+03:00,1785730348,7299,71,3,31.4,41.1,,run
2026-08-03T07:12:33+03:00,1785730353,7304,71,3,31.4,45.7,,run
2026-08-03T07:12:38+03:00,1785730358,7309,71,3,31.4,51.0,,run
2026-08-03T07:12:44+03:00,1785730364,7315,71,3,31.4,47.9,,run
2026-08-03T07:12:49+03:00,1785730369,7320,71,3,31.4,45.7,,run
2026-08-03T07:12:54+03:00,1785730374,7325,71,3,31.4,42.6,,run
2026-08-03T07:12:59+03:00,1785730379,7330,71,3,31.4,41.7,,run
2026-08-03T07:13:04+03:00,1785730384,7335,71,3,31.4,40.8,,run
2026-08-03T07:13:10+03:00,1785730390,7341,71,3,31.4,40.8,,run
2026-08-03T07:13:15+03:00,1785730395,7346,71,3,31.4,41.4,,run
2026-08-03T07:13:20+03:00,1785730400,7351,71,3,31.4,41.7,,run
2026-08-03T07:13:25+03:00,1785730405,7356,71,3,31.4,41.4,,run
2026-08-03T07:13:31+03:00,1785730411,7362,71,3,31.4,52.8,,run
2026-08-03T07:13:36+03:00,1785730416,7367,71,3,31.4,43.9,,run
2026-08-03T07:13:41+03:00,1785730421,7372,71,3,31.4,42.3,,run
2026-08-03T07:13:46+03:00,1785730426,7377,71,3,31.4,42.0,,run
2026-08-03T07:13:52+03:00,1785730432,7383,71,3,31.4,45.1,,run
2026-08-03T07:13:57+03:00,1785730437,7388,71,3,31.4,44.5,,run
2026-08-03T07:14:02+03:00,1785730442,7393,71,3,31.4,43.6,,run
2026-08-03T07:14:07+03:00,1785730447,7398,71,3,31.4,42.6,,run
2026-08-03T07:14:13+03:00,1785730453,7404,71,3,31.4,42.0,,run
2026-08-03T07:14:18+03:00,1785730458,7409,71,3,31.4,41.4,,run
2026-08-03T07:14:23+03:00,1785730463,7414,71,3,31.4,41.1,,run
2026-08-03T07:14:28+03:00,1785730468,7419,71,3,31.4,42.0,,run
2026-08-03T07:14:33+03:00,1785730473,7424,71,3,31.4,42.6,,run
2026-08-03T07:14:39+03:00,1785730479,7430,71,3,31.4,41.7,,run
2026-08-03T07:14:44+03:00,1785730484,7435,71,3,31.4,51.3,,run
2026-08-03T07:14:49+03:00,1785730489,7440,71,3,31.4,49.4,,run
2026-08-03T07:14:54+03:00,1785730494,7445,71,3,31.4,46.3,,run
2026-08-03T07:15:00+03:00,1785730500,7451,71,3,31.4,41.7,,run
2026-08-03T07:15:05+03:00,1785730505,7456,71,3,31.4,41.1,,run
2026-08-03T07:15:10+03:00,1785730510,7461,71,3,31.4,40.5,,run
2026-08-03T07:15:15+03:00,1785730515,7466,71,3,31.4,40.2,,run
2026-08-03T07:15:20+03:00,1785730520,7471,71,3,31.4,40.5,,run
2026-08-03T07:15:26+03:00,1785730526,7477,71,3,31.4,40.5,,run
2026-08-03T07:15:31+03:00,1785730531,7482,71,3,31.4,42.0,,run
2026-08-03T07:15:36+03:00,1785730536,7487,71,3,31.4,52.5,,run
2026-08-03T07:15:41+03:00,1785730541,7492,71,3,31.4,44.8,,run
2026-08-03T07:15:47+03:00,1785730547,7498,71,3,31.4,42.6,,run
2026-08-03T07:15:52+03:00,1785730552,7503,71,3,31.4,42.0,,run
2026-08-03T07:15:57+03:00,1785730557,7508,71,3,31.4,42.3,,run
2026-08-03T07:16:02+03:00,1785730562,7513,71,3,31.4,46.7,,run
2026-08-03T07:16:08+03:00,1785730568,7519,71,3,31.4,44.5,,run
2026-08-03T07:16:13+03:00,1785730573,7524,71,3,31.4,44.2,,run
2026-08-03T07:16:18+03:00,1785730578,7529,71,3,31.4,42.6,,run
2026-08-03T07:16:23+03:00,1785730583,7534,71,3,31.4,41.4,,run
2026-08-03T07:16:29+03:00,1785730589,7540,71,3,31.4,41.4,,run
2026-08-03T07:16:34+03:00,1785730594,7545,71,3,31.4,42.9,,run
2026-08-03T07:16:39+03:00,1785730599,7550,71,3,31.4,43.6,,run
2026-08-03T07:16:44+03:00,1785730604,7555,71,3,31.4,43.6,,run
2026-08-03T07:16:50+03:00,1785730610,7561,71,3,31.4,48.2,,run
2026-08-03T07:16:55+03:00,1785730615,7566,71,3,31.4,47.3,,run
2026-08-03T07:17:00+03:00,1785730620,7571,71,3,31.4,46.3,,run
2026-08-03T07:17:05+03:00,1785730625,7576,71,3,31.4,41.4,,run
2026-08-03T07:17:10+03:00,1785730630,7581,71,3,31.4,40.5,,run
2026-08-03T07:17:16+03:00,1785730636,7587,71,3,31.4,40.2,,run
2026-08-03T07:17:21+03:00,1785730641,7592,70,3,31.3,39.8,,run
2026-08-03T07:17:26+03:00,1785730646,7597,70,3,31.3,40.8,,run
2026-08-03T07:17:31+03:00,1785730651,7602,70,3,31.3,40.5,,run
2026-08-03T07:17:37+03:00,1785730657,7608,70,3,31.3,41.4,,run
2026-08-03T07:17:42+03:00,1785730662,7613,70,3,31.3,53.1,,run
2026-08-03T07:17:47+03:00,1785730667,7618,70,3,31.3,44.8,,run
2026-08-03T07:17:53+03:00,1785730673,7624,70,3,31.3,48.2,,run
2026-08-03T07:17:58+03:00,1785730678,7629,70,3,31.3,44.2,,run
2026-08-03T07:18:03+03:00,1785730683,7634,70,3,31.3,42.0,,run
2026-08-03T07:18:08+03:00,1785730688,7639,70,3,31.3,42.3,,run
2026-08-03T07:18:14+03:00,1785730694,7645,70,3,31.3,42.6,,run
2026-08-03T07:18:19+03:00,1785730699,7650,70,3,31.3,42.6,,run
2026-08-03T07:18:24+03:00,1785730704,7655,70,3,31.3,42.0,,run
2026-08-03T07:18:29+03:00,1785730709,7660,70,3,31.3,42.0,,run
2026-08-03T07:18:34+03:00,1785730714,7665,70,3,31.3,41.7,,run
2026-08-03T07:18:40+03:00,1785730720,7671,70,3,31.3,41.1,,run
2026-08-03T07:18:45+03:00,1785730725,7676,70,3,31.3,46.7,,run
2026-08-03T07:18:50+03:00,1785730730,7681,70,3,31.3,42.9,,run
2026-08-03T07:18:55+03:00,1785730735,7686,70,3,31.3,47.6,,run
2026-08-03T07:19:01+03:00,1785730741,7692,70,3,31.3,48.2,,run
2026-08-03T07:19:06+03:00,1785730746,7697,70,3,31.3,44.2,,run
2026-08-03T07:19:11+03:00,1785730751,7702,70,3,31.3,40.8,,run
2026-08-03T07:19:16+03:00,1785730756,7707,70,3,31.3,41.7,,run
2026-08-03T07:19:22+03:00,1785730762,7713,70,3,31.3,41.7,,run
2026-08-03T07:19:27+03:00,1785730767,7718,70,3,31.3,41.1,,run
2026-08-03T07:19:32+03:00,1785730772,7723,70,3,31.3,41.4,,run
2026-08-03T07:19:37+03:00,1785730777,7728,70,3,31.3,42.3,,run
2026-08-03T07:19:42+03:00,1785730782,7733,70,3,31.3,43.9,,run
2026-08-03T07:19:48+03:00,1785730788,7739,70,3,31.3,51.6,,run
2026-08-03T07:19:53+03:00,1785730793,7744,70,3,31.3,42.9,,run
2026-08-03T07:19:58+03:00,1785730798,7749,70,3,31.3,42.3,,run
2026-08-03T07:20:03+03:00,1785730803,7754,70,3,31.3,44.8,,run
2026-08-03T07:20:09+03:00,1785730809,7760,70,3,31.3,43.2,,run
2026-08-03T07:20:14+03:00,1785730814,7765,70,3,31.3,42.0,,run
2026-08-03T07:20:19+03:00,1785730819,7770,70,3,31.3,42.3,,run
2026-08-03T07:20:24+03:00,1785730824,7775,70,3,31.3,42.3,,run
2026-08-03T07:20:30+03:00,1785730830,7781,70,3,31.3,41.1,,run
2026-08-03T07:20:35+03:00,1785730835,7786,70,3,31.3,42.0,,run
2026-08-03T07:20:40+03:00,1785730840,7791,70,3,31.3,40.8,,run
2026-08-03T07:20:45+03:00,1785730845,7796,70,3,31.3,41.1,,run
2026-08-03T07:20:50+03:00,1785730850,7801,70,3,31.0,40.5,,run
2026-08-03T07:20:56+03:00,1785730856,7807,70,3,31.0,46.7,,run
2026-08-03T07:21:01+03:00,1785730861,7812,70,3,31.0,51.6,,run
2026-08-03T07:21:06+03:00,1785730866,7817,70,3,31.0,44.2,,run
2026-08-03T07:21:12+03:00,1785730872,7823,70,3,31.0,41.4,,run
2026-08-03T07:21:17+03:00,1785730877,7828,70,3,31.0,41.1,,run
2026-08-03T07:21:22+03:00,1785730882,7833,70,3,31.0,40.5,,run
2026-08-03T07:21:27+03:00,1785730887,7838,70,3,31.0,39.8,,run
2026-08-03T07:21:33+03:00,1785730893,7844,70,3,31.0,40.2,,run
2026-08-03T07:21:38+03:00,1785730898,7849,70,3,31.0,39.8,,run
2026-08-03T07:21:43+03:00,1785730903,7854,70,3,31.0,41.4,,run
2026-08-03T07:21:48+03:00,1785730908,7859,70,3,31.0,41.1,,run
2026-08-03T07:21:53+03:00,1785730913,7864,70,3,31.0,50.1,,run
2026-08-03T07:21:59+03:00,1785730919,7870,70,3,31.0,42.9,,run
2026-08-03T07:22:04+03:00,1785730924,7875,70,3,31.0,42.9,,run
2026-08-03T07:22:09+03:00,1785730929,7880,70,3,31.0,44.5,,run
2026-08-03T07:22:14+03:00,1785730934,7885,70,3,31.0,45.4,,run
2026-08-03T07:22:20+03:00,1785730940,7891,70,3,31.0,41.7,,run
2026-08-03T07:22:25+03:00,1785730945,7896,70,3,31.0,41.4,,run
2026-08-03T07:22:30+03:00,1785730950,7901,70,3,31.0,41.7,,run
2026-08-03T07:22:35+03:00,1785730955,7906,70,3,31.0,42.3,,run
2026-08-03T07:22:41+03:00,1785730961,7912,70,3,31.0,42.3,,run
2026-08-03T07:22:46+03:00,1785730966,7917,70,3,31.0,43.6,,run
2026-08-03T07:22:51+03:00,1785730971,7922,70,3,31.0,41.4,,run
2026-08-03T07:22:56+03:00,1785730976,7927,70,3,31.0,40.5,,run
2026-08-03T07:23:01+03:00,1785730981,7932,70,3,31.0,42.0,,run
2026-08-03T07:23:07+03:00,1785730987,7938,70,3,31.0,54.4,,run
2026-08-03T07:23:12+03:00,1785730992,7943,70,3,31.0,48.5,,run
2026-08-03T07:23:17+03:00,1785730997,7948,70,3,31.0,46.3,,run
2026-08-03T07:23:22+03:00,1785731002,7953,70,3,31.0,41.4,,run
2026-08-03T07:23:28+03:00,1785731008,7959,70,3,31.0,40.5,,run
2026-08-03T07:23:33+03:00,1785731013,7964,70,3,31.0,40.8,,run
2026-08-03T07:23:38+03:00,1785731018,7969,70,3,31.0,39.8,,run
2026-08-03T07:23:43+03:00,1785731023,7974,70,3,31.0,41.1,,run
2026-08-03T07:23:49+03:00,1785731029,7980,70,3,31.0,40.8,,run
2026-08-03T07:23:54+03:00,1785731034,7985,70,3,31.0,41.1,,run
2026-08-03T07:23:59+03:00,1785731039,7990,70,3,31.0,52.8,,run
2026-08-03T07:24:05+03:00,1785731045,7996,70,3,31.0,43.9,,run
2026-08-03T07:24:10+03:00,1785731050,8001,70,3,31.0,42.6,,run
2026-08-03T07:24:15+03:00,1785731055,8006,70,3,31.0,42.3,,run
2026-08-03T07:24:20+03:00,1785731060,8011,70,3,31.0,42.0,,run
2026-08-03T07:24:26+03:00,1785731066,8017,70,3,31.0,47.6,,run
2026-08-03T07:24:31+03:00,1785731071,8022,70,3,31.0,44.5,,run
2026-08-03T07:24:36+03:00,1785731076,8027,70,3,31.0,43.2,,run
2026-08-03T07:24:41+03:00,1785731081,8032,70,3,31.0,42.3,,run
2026-08-03T07:24:46+03:00,1785731086,8037,70,3,31.0,42.0,,run
2026-08-03T07:24:52+03:00,1785731092,8043,70,3,31.0,42.0,,run
2026-08-03T07:24:57+03:00,1785731097,8048,70,3,31.0,40.5,,run
2026-08-03T07:25:02+03:00,1785731102,8053,70,3,31.0,42.0,,run
2026-08-03T07:25:07+03:00,1785731107,8058,70,3,31.0,42.6,,run
2026-08-03T07:25:13+03:00,1785731113,8064,70,3,31.0,49.1,,run
2026-08-03T07:25:18+03:00,1785731118,8069,70,3,31.0,53.1,,run
2026-08-03T07:25:23+03:00,1785731123,8074,70,3,31.0,47.6,,run
2026-08-03T07:25:29+03:00,1785731129,8080,70,3,31.0,42.0,,run
2026-08-03T07:25:34+03:00,1785731134,8085,70,3,31.0,41.7,,run
2026-08-03T07:25:39+03:00,1785731139,8090,70,3,31.0,41.7,,run
2026-08-03T07:25:44+03:00,1785731144,8095,70,3,31.0,40.8,,run
2026-08-03T07:25:49+03:00,1785731149,8100,70,3,31.0,40.8,,run
2026-08-03T07:25:55+03:00,1785731155,8106,70,3,31.0,41.1,,run
2026-08-03T07:26:00+03:00,1785731160,8111,70,3,31.0,39.8,,run
2026-08-03T07:26:05+03:00,1785731165,8116,70,3,31.0,51.3,,run
2026-08-03T07:26:11+03:00,1785731171,8122,70,3,31.0,44.5,,run
2026-08-03T07:26:16+03:00,1785731176,8127,70,3,31.0,42.9,,run
2026-08-03T07:26:21+03:00,1785731181,8132,70,3,31.0,43.2,,run
2026-08-03T07:26:27+03:00,1785731187,8138,70,3,31.0,41.1,,run
2026-08-03T07:26:32+03:00,1785731192,8143,70,3,31.0,42.9,,run
2026-08-03T07:26:37+03:00,1785731197,8148,70,3,31.0,45.7,,run
2026-08-03T07:26:42+03:00,1785731202,8153,70,3,31.0,45.1,,run
2026-08-03T07:26:47+03:00,1785731207,8158,70,3,31.0,42.3,,run
2026-08-03T07:26:53+03:00,1785731213,8164,70,3,31.0,41.7,,run
2026-08-03T07:26:58+03:00,1785731218,8169,69,3,31.5,41.7,,run
2026-08-03T07:27:03+03:00,1785731223,8174,69,3,31.5,41.1,,run
2026-08-03T07:27:08+03:00,1785731228,8179,69,3,31.5,42.3,,run
2026-08-03T07:27:14+03:00,1785731234,8185,69,3,31.5,42.0,,run
2026-08-03T07:27:19+03:00,1785731239,8190,69,3,31.5,45.4,,run
2026-08-03T07:27:24+03:00,1785731244,8195,69,3,31.5,51.9,,run
2026-08-03T07:27:29+03:00,1785731249,8200,69,3,31.5,50.7,,run
2026-08-03T07:27:35+03:00,1785731255,8206,69,3,31.5,43.2,,run
2026-08-03T07:27:40+03:00,1785731260,8211,69,3,31.5,41.7,,run
2026-08-03T07:27:45+03:00,1785731265,8216,69,3,31.5,43.6,,run
2026-08-03T07:27:50+03:00,1785731270,8221,69,3,31.5,46.3,,run
2026-08-03T07:27:56+03:00,1785731276,8227,69,3,31.5,44.5,,run
2026-08-03T07:28:01+03:00,1785731281,8232,69,3,31.5,42.0,,run
2026-08-03T07:28:06+03:00,1785731286,8237,69,3,31.5,42.9,,run
2026-08-03T07:28:11+03:00,1785731291,8242,69,3,31.5,41.7,,run
2026-08-03T07:28:16+03:00,1785731296,8247,69,3,31.5,40.5,,run
2026-08-03T07:28:22+03:00,1785731302,8253,69,3,31.5,41.7,,run
2026-08-03T07:28:27+03:00,1785731307,8258,69,3,31.5,43.2,,run
2026-08-03T07:28:32+03:00,1785731312,8263,69,3,31.5,41.7,,run
2026-08-03T07:28:37+03:00,1785731317,8268,69,3,31.5,41.7,,run
2026-08-03T07:28:43+03:00,1785731323,8274,69,3,31.5,43.2,,run
2026-08-03T07:28:48+03:00,1785731328,8279,69,3,31.5,44.5,,run
2026-08-03T07:28:53+03:00,1785731333,8284,69,3,31.5,42.0,,run
2026-08-03T07:28:58+03:00,1785731338,8289,69,3,31.5,43.9,,run
2026-08-03T07:29:03+03:00,1785731343,8294,69,3,31.5,52.2,,run
2026-08-03T07:29:09+03:00,1785731349,8300,69,3,31.5,43.2,,run
2026-08-03T07:29:14+03:00,1785731354,8305,69,3,31.5,42.3,,run
2026-08-03T07:29:20+03:00,1785731360,8311,69,3,31.5,41.4,,run
2026-08-03T07:29:25+03:00,1785731365,8316,69,3,31.5,41.7,,run
2026-08-03T07:29:30+03:00,1785731370,8321,69,3,31.5,40.5,,run
2026-08-03T07:29:35+03:00,1785731375,8326,69,3,31.5,42.6,,run
2026-08-03T07:29:41+03:00,1785731381,8332,69,3,31.5,43.9,,run
2026-08-03T07:29:46+03:00,1785731386,8337,69,3,31.5,42.9,,run
2026-08-03T07:29:51+03:00,1785731391,8342,69,3,31.5,52.8,,run
2026-08-03T07:29:57+03:00,1785731397,8348,69,3,31.5,45.4,,run
2026-08-03T07:30:02+03:00,1785731402,8353,69,3,31.5,45.1,,run
2026-08-03T07:30:07+03:00,1785731407,8358,69,3,31.5,42.3,,run
2026-08-03T07:30:12+03:00,1785731412,8363,69,3,31.5,42.9,,run
2026-08-03T07:30:18+03:00,1785731418,8369,69,3,31.5,42.6,,run
2026-08-03T07:30:23+03:00,1785731423,8374,69,3,31.5,41.1,,run
2026-08-03T07:30:28+03:00,1785731428,8379,69,3,31.5,42.9,,run
2026-08-03T07:30:33+03:00,1785731433,8384,69,3,31.5,43.2,,run
2026-08-03T07:30:39+03:00,1785731439,8390,69,3,31.5,42.0,,run
2026-08-03T07:30:44+03:00,1785731444,8395,69,3,31.5,41.1,,run
2026-08-03T07:30:49+03:00,1785731449,8400,69,3,31.5,41.7,,run
2026-08-03T07:30:54+03:00,1785731454,8405,69,3,31.5,43.2,,run
2026-08-03T07:30:59+03:00,1785731459,8410,69,3,31.5,44.5,,run
2026-08-03T07:31:05+03:00,1785731465,8416,69,3,31.5,50.1,,run
2026-08-03T07:31:10+03:00,1785731470,8421,69,3,31.5,47.6,,run
2026-08-03T07:31:15+03:00,1785731475,8426,69,3,31.5,44.5,,run
2026-08-03T07:31:20+03:00,1785731480,8431,69,3,31.5,42.0,,run
2026-08-03T07:31:26+03:00,1785731486,8437,69,3,31.5,41.7,,run
2026-08-03T07:31:31+03:00,1785731491,8442,69,3,31.5,40.8,,run
2026-08-03T07:31:36+03:00,1785731496,8447,69,3,31.5,40.8,,run
2026-08-03T07:31:41+03:00,1785731501,8452,69,3,31.5,39.8,,run
2026-08-03T07:31:47+03:00,1785731507,8458,69,3,31.5,46.3,,run
2026-08-03T07:31:52+03:00,1785731512,8463,69,3,31.5,47.6,,run
2026-08-03T07:31:57+03:00,1785731517,8468,69,3,31.5,45.1,,run
2026-08-03T07:32:02+03:00,1785731522,8473,69,3,31.5,42.0,,run
2026-08-03T07:32:07+03:00,1785731527,8478,69,3,31.5,44.2,,run
2026-08-03T07:32:13+03:00,1785731533,8484,69,3,31.5,42.0,,run
2026-08-03T07:32:18+03:00,1785731538,8489,69,3,31.5,42.6,,run
2026-08-03T07:32:23+03:00,1785731543,8494,69,3,31.5,41.4,,run
2026-08-03T07:32:28+03:00,1785731548,8499,69,3,31.5,42.0,,run
2026-08-03T07:32:34+03:00,1785731554,8505,69,3,31.5,42.0,,run
2026-08-03T07:32:39+03:00,1785731559,8510,69,3,31.5,46.7,,run
2026-08-03T07:32:44+03:00,1785731564,8515,69,3,31.5,42.3,,run
2026-08-03T07:32:49+03:00,1785731569,8520,69,3,31.5,42.6,,run
2026-08-03T07:32:54+03:00,1785731574,8525,69,3,31.5,42.6,,run
2026-08-03T07:33:00+03:00,1785731580,8531,69,3,31.5,41.7,,run
2026-08-03T07:33:05+03:00,1785731585,8536,69,3,31.5,44.5,,run
2026-08-03T07:33:10+03:00,1785731590,8541,69,3,31.5,52.2,,run
2026-08-03T07:33:16+03:00,1785731596,8547,69,3,31.5,46.7,,run
2026-08-03T07:33:21+03:00,1785731601,8552,69,3,31.5,42.3,,run
2026-08-03T07:33:26+03:00,1785731606,8557,69,3,31.5,40.8,,run
2026-08-03T07:33:32+03:00,1785731612,8563,69,3,31.5,43.9,,run
2026-08-03T07:33:37+03:00,1785731617,8568,69,3,31.5,42.6,,run
2026-08-03T07:33:42+03:00,1785731622,8573,69,3,31.5,41.4,,run
2026-08-03T07:33:47+03:00,1785731627,8578,69,3,31.5,42.3,,run
2026-08-03T07:33:52+03:00,1785731632,8583,69,3,31.5,42.9,,run
2026-08-03T07:33:58+03:00,1785731638,8589,69,3,31.5,49.4,,run
2026-08-03T07:34:03+03:00,1785731643,8594,69,3,31.5,43.6,,run
2026-08-03T07:34:08+03:00,1785731648,8599,69,3,31.5,42.0,,run
2026-08-03T07:34:14+03:00,1785731654,8605,69,3,31.5,41.1,,run
2026-08-03T07:34:19+03:00,1785731659,8610,69,3,31.5,43.2,,run
2026-08-03T07:34:24+03:00,1785731664,8615,69,3,31.5,42.3,,run
2026-08-03T07:34:29+03:00,1785731669,8620,69,3,31.5,41.4,,run
2026-08-03T07:34:34+03:00,1785731674,8625,69,3,31.5,42.3,,run
2026-08-03T07:34:40+03:00,1785731680,8631,69,3,31.5,42.0,,run
2026-08-03T07:34:45+03:00,1785731685,8636,69,3,31.5,41.1,,run
2026-08-03T07:34:50+03:00,1785731690,8641,69,3,31.5,45.1,,run
2026-08-03T07:34:55+03:00,1785731695,8646,69,3,31.5,46.0,,run
2026-08-03T07:35:01+03:00,1785731701,8652,69,3,31.5,41.7,,run
2026-08-03T07:35:06+03:00,1785731706,8657,69,3,31.5,41.4,,run
2026-08-03T07:35:11+03:00,1785731711,8662,69,3,31.5,51.0,,run
2026-08-03T07:35:16+03:00,1785731716,8667,69,3,31.5,42.6,,run
2026-08-03T07:35:22+03:00,1785731722,8673,69,3,31.5,42.3,,run
2026-08-03T07:35:27+03:00,1785731727,8678,69,3,31.5,40.8,,run
2026-08-03T07:35:32+03:00,1785731732,8683,69,3,31.5,40.5,,run
2026-08-03T07:35:37+03:00,1785731737,8688,69,3,31.5,41.4,,run
2026-08-03T07:35:43+03:00,1785731743,8694,69,3,31.5,45.1,,run
2026-08-03T07:35:48+03:00,1785731748,8699,69,3,31.5,42.0,,run
2026-08-03T07:35:53+03:00,1785731753,8704,69,3,31.5,41.4,,run
2026-08-03T07:35:58+03:00,1785731758,8709,69,3,31.5,51.9,,run
2026-08-03T07:36:04+03:00,1785731764,8715,69,3,31.5,43.6,,run
2026-08-03T07:36:09+03:00,1785731769,8720,69,3,31.5,44.8,,run
2026-08-03T07:36:14+03:00,1785731774,8725,69,3,31.5,42.6,,run
2026-08-03T07:36:20+03:00,1785731780,8731,69,3,31.5,41.4,,run
2026-08-03T07:36:25+03:00,1785731785,8736,69,3,31.5,41.1,,run
2026-08-03T07:36:30+03:00,1785731790,8741,69,3,31.5,42.0,,run
2026-08-03T07:36:35+03:00,1785731795,8746,69,3,31.5,41.4,,run
2026-08-03T07:36:40+03:00,1785731800,8751,69,3,31.5,43.2,,run
2026-08-03T07:36:46+03:00,1785731806,8757,69,3,31.5,42.0,,run
2026-08-03T07:36:51+03:00,1785731811,8762,69,3,31.5,42.3,,run
2026-08-03T07:36:56+03:00,1785731816,8767,69,3,31.5,41.4,,run
2026-08-03T07:37:01+03:00,1785731821,8772,69,3,31.5,47.9,,run
2026-08-03T07:37:07+03:00,1785731827,8778,69,3,31.5,42.0,,run
2026-08-03T07:37:12+03:00,1785731832,8783,69,3,31.5,47.3,,run
2026-08-03T07:37:17+03:00,1785731837,8788,69,3,31.5,52.2,,run
2026-08-03T07:37:22+03:00,1785731842,8793,69,3,31.5,47.0,,run
2026-08-03T07:37:28+03:00,1785731848,8799,69,3,31.5,41.7,,run
2026-08-03T07:37:33+03:00,1785731853,8804,69,3,31.5,41.1,,run
2026-08-03T07:37:38+03:00,1785731858,8809,69,3,31.5,41.4,,run
2026-08-03T07:37:43+03:00,1785731863,8814,68,3,31.4,50.1,,run
2026-08-03T07:37:49+03:00,1785731869,8820,68,3,31.4,49.7,,run
2026-08-03T07:37:54+03:00,1785731874,8825,68,3,31.4,45.4,,run
2026-08-03T07:37:59+03:00,1785731879,8830,68,3,31.4,43.2,,run
2026-08-03T07:38:04+03:00,1785731884,8835,68,3,31.4,41.7,,run
2026-08-03T07:38:10+03:00,1785731890,8841,68,3,31.4,42.0,,run
2026-08-03T07:38:15+03:00,1785731895,8846,68,3,31.4,42.0,,run
2026-08-03T07:38:20+03:00,1785731900,8851,68,3,31.4,41.4,,run
2026-08-03T07:38:25+03:00,1785731905,8856,68,3,31.4,43.9,,run
2026-08-03T07:38:30+03:00,1785731910,8861,68,3,31.4,41.4,,run
2026-08-03T07:38:36+03:00,1785731916,8867,68,3,31.4,42.3,,run
2026-08-03T07:38:41+03:00,1785731921,8872,68,3,31.4,42.9,,run
2026-08-03T07:38:46+03:00,1785731926,8877,68,3,31.4,41.7,,run
2026-08-03T07:38:51+03:00,1785731931,8882,68,3,31.4,41.1,,run
2026-08-03T07:38:57+03:00,1785731937,8888,68,3,31.4,47.3,,run
2026-08-03T07:39:02+03:00,1785731942,8893,68,3,31.4,46.7,,run
2026-08-03T07:39:07+03:00,1785731947,8898,68,3,31.4,46.0,,run
2026-08-03T07:39:12+03:00,1785731952,8903,68,3,31.4,45.1,,run
2026-08-03T07:39:18+03:00,1785731958,8909,68,3,31.4,41.4,,run
2026-08-03T07:39:23+03:00,1785731963,8914,68,3,31.4,43.2,,run
2026-08-03T07:39:28+03:00,1785731968,8919,68,3,31.4,47.6,,run
2026-08-03T07:39:33+03:00,1785731973,8924,68,3,31.4,43.2,,run
2026-08-03T07:39:39+03:00,1785731979,8930,68,3,31.4,41.7,,run
2026-08-03T07:39:44+03:00,1785731984,8935,68,3,31.4,42.6,,run
2026-08-03T07:39:49+03:00,1785731989,8940,68,3,31.4,42.0,,run
2026-08-03T07:39:54+03:00,1785731994,8945,68,3,31.4,46.7,,run
2026-08-03T07:40:00+03:00,1785732000,8951,68,3,31.4,44.8,,run
2026-08-03T07:40:05+03:00,1785732005,8956,68,3,31.4,43.2,,run
2026-08-03T07:40:10+03:00,1785732010,8961,68,3,31.4,42.3,,run
2026-08-03T07:40:15+03:00,1785732015,8966,68,3,31.4,42.3,,run
2026-08-03T07:40:20+03:00,1785732020,8971,68,3,31.4,41.7,,run
2026-08-03T07:40:26+03:00,1785732026,8977,68,3,31.4,41.4,,run
2026-08-03T07:40:31+03:00,1785732031,8982,68,3,31.4,41.4,,run
2026-08-03T07:40:36+03:00,1785732036,8987,68,3,31.4,42.6,,run
2026-08-03T07:40:41+03:00,1785732041,8992,68,3,31.4,52.5,,run
2026-08-03T07:40:47+03:00,1785732047,8998,68,3,31.4,44.2,,run
2026-08-03T07:40:52+03:00,1785732052,9003,68,3,31.5,46.3,,run
2026-08-03T07:40:58+03:00,1785732057,9008,68,3,31.5,41.4,,run
2026-08-03T07:41:03+03:00,1785732063,9014,68,3,31.5,40.8,,run
2026-08-03T07:41:08+03:00,1785732068,9019,68,3,31.5,41.7,,run
2026-08-03T07:41:13+03:00,1785732073,9024,68,3,31.5,45.4,,run
2026-08-03T07:41:18+03:00,1785732078,9029,68,3,31.5,42.6,,run
2026-08-03T07:41:24+03:00,1785732084,9035,68,3,31.5,41.4,,run
2026-08-03T07:41:29+03:00,1785732089,9040,68,3,31.5,53.5,,run
2026-08-03T07:41:34+03:00,1785732094,9045,68,3,31.5,44.5,,run
2026-08-03T07:41:40+03:00,1785732100,9051,68,3,31.5,42.9,,run
2026-08-03T07:41:45+03:00,1785732105,9056,68,3,31.5,42.9,,run
2026-08-03T07:41:50+03:00,1785732110,9061,68,3,31.5,43.6,,run
2026-08-03T07:41:55+03:00,1785732115,9066,68,3,31.5,43.9,,run
2026-08-03T07:42:00+03:00,1785732120,9071,68,3,31.5,45.4,,run
2026-08-03T07:42:06+03:00,1785732126,9077,68,3,31.5,46.3,,run
2026-08-03T07:42:11+03:00,1785732131,9082,68,3,31.5,43.6,,run
2026-08-03T07:42:16+03:00,1785732136,9087,68,3,31.5,43.2,,run
2026-08-03T07:42:21+03:00,1785732141,9092,68,3,31.5,43.9,,run
2026-08-03T07:42:27+03:00,1785732147,9098,68,3,31.5,45.7,,run
2026-08-03T07:42:32+03:00,1785732152,9103,68,3,31.5,43.9,,run
2026-08-03T07:42:37+03:00,1785732157,9108,68,3,31.5,43.2,,run
2026-08-03T07:42:42+03:00,1785732162,9113,68,3,31.5,50.1,,run
2026-08-03T07:42:48+03:00,1785732168,9119,68,3,31.5,46.3,,run
2026-08-03T07:42:53+03:00,1785732173,9124,68,3,31.5,43.2,,run
2026-08-03T07:42:58+03:00,1785732178,9129,68,3,31.5,42.0,,run
2026-08-03T07:43:03+03:00,1785732183,9134,68,3,31.5,40.8,,run
2026-08-03T07:43:08+03:00,1785732188,9139,68,3,31.5,41.1,,run
2026-08-03T07:43:14+03:00,1785732194,9145,68,3,31.5,40.5,,run
2026-08-03T07:43:19+03:00,1785732199,9150,68,3,31.5,41.7,,run
2026-08-03T07:43:24+03:00,1785732204,9155,68,3,31.5,43.2,,run
2026-08-03T07:43:29+03:00,1785732209,9160,68,3,31.5,43.9,,run
2026-08-03T07:43:35+03:00,1785732215,9166,68,3,31.5,52.2,,run
2026-08-03T07:43:40+03:00,1785732220,9171,68,3,31.5,43.6,,run
2026-08-03T07:43:45+03:00,1785732225,9176,68,3,31.5,42.9,,run
2026-08-03T07:43:50+03:00,1785732230,9181,68,3,31.5,46.0,,run
2026-08-03T07:43:56+03:00,1785732236,9187,68,3,31.5,43.6,,run
2026-08-03T07:44:01+03:00,1785732241,9192,68,3,31.5,42.6,,run
2026-08-03T07:44:06+03:00,1785732246,9197,68,3,31.5,42.9,,run
2026-08-03T07:44:11+03:00,1785732251,9202,68,3,31.5,44.2,,run
2026-08-03T07:44:17+03:00,1785732257,9208,68,3,31.5,42.6,,run
2026-08-03T07:44:22+03:00,1785732262,9213,68,3,31.5,41.7,,run
2026-08-03T07:44:27+03:00,1785732267,9218,68,3,31.5,42.3,,run
2026-08-03T07:44:32+03:00,1785732272,9223,68,3,31.5,41.7,,run
2026-08-03T07:44:37+03:00,1785732277,9228,68,3,31.5,42.9,,run
2026-08-03T07:44:43+03:00,1785732283,9234,68,3,31.5,42.3,,run
2026-08-03T07:44:48+03:00,1785732288,9239,68,3,31.5,49.4,,run
2026-08-03T07:44:53+03:00,1785732293,9244,68,3,31.5,46.3,,run
2026-08-03T07:44:58+03:00,1785732298,9249,68,3,31.5,43.9,,run
2026-08-03T07:45:04+03:00,1785732304,9255,68,3,31.5,42.0,,run
2026-08-03T07:45:09+03:00,1785732309,9260,68,3,31.5,40.8,,run
2026-08-03T07:45:14+03:00,1785732314,9265,68,3,31.5,45.7,,run
2026-08-03T07:45:19+03:00,1785732319,9270,68,3,31.5,41.7,,run
2026-08-03T07:45:24+03:00,1785732324,9275,68,3,31.5,41.7,,run
2026-08-03T07:45:30+03:00,1785732330,9281,68,3,31.5,41.1,,run
2026-08-03T07:45:35+03:00,1785732335,9286,68,3,31.5,44.2,,run
2026-08-03T07:45:40+03:00,1785732340,9291,68,3,31.5,54.1,,run
2026-08-03T07:45:45+03:00,1785732345,9296,68,3,31.5,43.9,,run
2026-08-03T07:45:51+03:00,1785732351,9302,68,3,31.5,44.5,,run
2026-08-03T07:45:56+03:00,1785732356,9307,68,3,31.5,42.6,,run
2026-08-03T07:46:01+03:00,1785732361,9312,68,3,31.5,42.6,,run
2026-08-03T07:46:06+03:00,1785732366,9317,68,3,31.5,42.0,,run
2026-08-03T07:46:12+03:00,1785732372,9323,68,3,31.5,42.3,,run
2026-08-03T07:46:17+03:00,1785732377,9328,68,3,31.5,41.7,,run
2026-08-03T07:46:22+03:00,1785732382,9333,68,3,31.5,43.2,,run
2026-08-03T07:46:27+03:00,1785732387,9338,68,3,31.5,41.4,,run
2026-08-03T07:46:32+03:00,1785732392,9343,68,3,31.5,41.4,,run
2026-08-03T07:46:38+03:00,1785732398,9349,68,3,31.5,41.7,,run
2026-08-03T07:46:43+03:00,1785732403,9354,68,3,31.5,41.1,,run
2026-08-03T07:46:48+03:00,1785732408,9359,68,3,31.5,40.5,,run
2026-08-03T07:46:53+03:00,1785732413,9364,68,3,31.5,45.7,,run
2026-08-03T07:46:59+03:00,1785732419,9370,68,3,31.5,45.1,,run
2026-08-03T07:47:04+03:00,1785732424,9375,68,3,31.5,45.4,,run
2026-08-03T07:47:09+03:00,1785732429,9380,68,3,31.5,42.3,,run
2026-08-03T07:47:14+03:00,1785732434,9385,68,3,31.5,42.3,,run
2026-08-03T07:47:20+03:00,1785732440,9391,67,3,31.6,42.0,,run
2026-08-03T07:47:25+03:00,1785732445,9396,67,3,31.6,42.0,,run
2026-08-03T07:47:30+03:00,1785732450,9401,67,3,31.6,41.1,,run
2026-08-03T07:47:35+03:00,1785732455,9406,67,3,31.6,41.4,,run
2026-08-03T07:47:40+03:00,1785732460,9411,67,3,31.6,50.1,,run
2026-08-03T07:47:46+03:00,1785732466,9417,67,3,31.6,49.1,,run
2026-08-03T07:47:51+03:00,1785732471,9422,67,3,31.6,45.4,,run
2026-08-03T07:47:56+03:00,1785732476,9427,67,3,31.6,42.9,,run
2026-08-03T07:48:02+03:00,1785732482,9433,67,3,31.6,43.2,,run
2026-08-03T07:48:07+03:00,1785732487,9438,67,3,31.6,43.2,,run
2026-08-03T07:48:12+03:00,1785732492,9443,67,3,31.6,42.9,,run
2026-08-03T07:48:17+03:00,1785732497,9448,67,3,31.6,41.4,,run
2026-08-03T07:48:23+03:00,1785732503,9454,67,3,31.6,42.3,,run
2026-08-03T07:48:28+03:00,1785732508,9459,67,3,31.6,42.3,,run
2026-08-03T07:48:33+03:00,1785732513,9464,67,3,31.6,42.0,,run
2026-08-03T07:48:38+03:00,1785732518,9469,67,3,31.6,43.2,,run
2026-08-03T07:48:43+03:00,1785732523,9474,67,3,31.6,41.7,,run
2026-08-03T07:48:49+03:00,1785732529,9480,67,3,31.6,42.0,,run
2026-08-03T07:48:54+03:00,1785732534,9485,67,3,31.6,41.4,,run
2026-08-03T07:48:59+03:00,1785732539,9490,67,3,31.6,52.2,,run
2026-08-03T07:49:05+03:00,1785732545,9496,67,3,31.6,42.3,,run
2026-08-03T07:49:10+03:00,1785732550,9501,67,3,31.6,48.2,,run
2026-08-03T07:49:15+03:00,1785732555,9506,67,3,31.6,42.3,,run
2026-08-03T07:49:20+03:00,1785732560,9511,67,3,31.6,41.7,,run
2026-08-03T07:49:26+03:00,1785732566,9517,67,3,31.6,41.7,,run
2026-08-03T07:49:31+03:00,1785732571,9522,67,3,31.6,42.3,,run
2026-08-03T07:49:36+03:00,1785732576,9527,67,3,31.6,41.7,,run
2026-08-03T07:49:41+03:00,1785732581,9532,67,3,31.6,41.4,,run
2026-08-03T07:49:46+03:00,1785732586,9537,67,3,31.6,51.3,,run
2026-08-03T07:49:52+03:00,1785732592,9543,67,3,31.6,43.6,,run
2026-08-03T07:49:57+03:00,1785732597,9548,67,3,31.6,43.6,,run
2026-08-03T07:50:03+03:00,1785732603,9554,67,3,31.6,45.1,,run
2026-08-03T07:50:08+03:00,1785732608,9559,67,3,31.6,44.8,,run
2026-08-03T07:50:13+03:00,1785732613,9564,67,3,31.6,42.3,,run
2026-08-03T07:50:18+03:00,1785732618,9569,67,3,31.6,41.4,,run
2026-08-03T07:50:24+03:00,1785732624,9575,67,3,31.6,41.7,,run
2026-08-03T07:50:29+03:00,1785732629,9580,67,3,31.6,42.9,,run
2026-08-03T07:50:34+03:00,1785732634,9585,67,3,31.6,42.0,,run
2026-08-03T07:50:40+03:00,1785732640,9591,67,3,31.6,42.0,,run
2026-08-03T07:50:45+03:00,1785732645,9596,67,3,31.6,41.1,,run
2026-08-03T07:50:50+03:00,1785732650,9601,67,3,31.6,41.4,,run
2026-08-03T07:50:55+03:00,1785732655,9606,67,3,31.6,41.1,,run
2026-08-03T07:51:00+03:00,1785732660,9611,67,3,31.6,47.3,,run
2026-08-03T07:51:06+03:00,1785732666,9617,67,3,31.6,51.3,,run
2026-08-03T07:51:11+03:00,1785732671,9622,67,3,31.6,43.2,,run
2026-08-03T07:51:16+03:00,1785732676,9627,67,3,31.6,47.0,,run
2026-08-03T07:51:22+03:00,1785732682,9633,67,3,31.6,43.9,,run
2026-08-03T07:51:27+03:00,1785732687,9638,67,3,31.6,41.7,,run
2026-08-03T07:51:32+03:00,1785732692,9643,67,3,31.6,40.5,,run
2026-08-03T07:51:37+03:00,1785732697,9648,67,3,31.6,41.1,,run
2026-08-03T07:51:42+03:00,1785732702,9653,67,3,31.6,40.8,,run
2026-08-03T07:51:48+03:00,1785732708,9659,67,3,31.6,40.5,,run
2026-08-03T07:51:53+03:00,1785732713,9664,67,3,31.6,43.9,,run
2026-08-03T07:51:58+03:00,1785732718,9669,67,3,31.6,48.5,,run
2026-08-03T07:52:03+03:00,1785732723,9674,67,3,31.6,46.0,,run
2026-08-03T07:52:09+03:00,1785732729,9680,67,3,31.6,47.3,,run
2026-08-03T07:52:14+03:00,1785732734,9685,67,3,31.6,42.0,,run
2026-08-03T07:52:19+03:00,1785732739,9690,67,3,31.6,41.7,,run
2026-08-03T07:52:24+03:00,1785732744,9695,67,3,31.6,42.6,,run
2026-08-03T07:52:30+03:00,1785732750,9701,67,3,31.6,44.2,,run
2026-08-03T07:52:35+03:00,1785732755,9706,67,3,31.6,42.9,,run
2026-08-03T07:52:40+03:00,1785732760,9711,67,3,31.6,42.6,,run
2026-08-03T07:52:45+03:00,1785732765,9716,67,3,31.6,40.5,,run
2026-08-03T07:52:51+03:00,1785732771,9722,67,3,31.6,42.3,,run
2026-08-03T07:52:56+03:00,1785732776,9727,67,3,31.6,42.9,,run
2026-08-03T07:53:01+03:00,1785732781,9732,67,3,31.6,41.7,,run
2026-08-03T07:53:06+03:00,1785732786,9737,67,3,31.6,42.3,,run
2026-08-03T07:53:11+03:00,1785732791,9742,67,3,31.6,51.3,,run
2026-08-03T07:53:17+03:00,1785732797,9748,67,3,31.6,41.7,,run
2026-08-03T07:53:22+03:00,1785732802,9753,67,3,31.6,44.8,,run
2026-08-03T07:53:28+03:00,1785732808,9759,67,3,31.6,43.9,,run
2026-08-03T07:53:33+03:00,1785732813,9764,67,3,31.6,41.7,,run
2026-08-03T07:53:38+03:00,1785732818,9769,67,3,31.6,41.1,,run
2026-08-03T07:53:43+03:00,1785732823,9774,67,3,31.6,40.2,,run
2026-08-03T07:53:49+03:00,1785732829,9780,67,3,31.6,42.9,,run
2026-08-03T07:53:54+03:00,1785732834,9785,67,3,31.6,44.8,,run
2026-08-03T07:53:59+03:00,1785732839,9790,67,3,31.6,43.9,,run
2026-08-03T07:54:04+03:00,1785732844,9795,67,3,31.6,51.9,,run
2026-08-03T07:54:09+03:00,1785732849,9800,67,3,31.6,43.6,,run
2026-08-03T07:54:15+03:00,1785732855,9806,67,3,31.6,48.5,,run
2026-08-03T07:54:20+03:00,1785732860,9811,67,3,31.6,44.5,,run
2026-08-03T07:54:25+03:00,1785732865,9816,67,3,31.6,42.0,,run
2026-08-03T07:54:30+03:00,1785732870,9821,67,3,31.6,42.9,,run
2026-08-03T07:54:36+03:00,1785732876,9827,67,3,31.6,42.3,,run
2026-08-03T07:54:41+03:00,1785732881,9832,67,3,31.6,41.4,,run
2026-08-03T07:54:46+03:00,1785732886,9837,67,3,31.6,41.1,,run
2026-08-03T07:54:51+03:00,1785732891,9842,67,3,31.6,41.7,,run
2026-08-03T07:54:56+03:00,1785732896,9847,67,3,31.6,41.1,,run
2026-08-03T07:55:02+03:00,1785732902,9853,67,3,31.6,42.3,,run
2026-08-03T07:55:07+03:00,1785732907,9858,67,3,31.6,42.9,,run
2026-08-03T07:55:12+03:00,1785732912,9863,67,3,31.6,41.1,,run
2026-08-03T07:55:17+03:00,1785732917,9868,67,3,31.6,51.0,,run
2026-08-03T07:55:23+03:00,1785732923,9874,67,3,31.6,42.9,,run
2026-08-03T07:55:28+03:00,1785732928,9879,67,3,31.6,43.6,,run
2026-08-03T07:55:33+03:00,1785732933,9884,67,3,31.6,45.7,,run
2026-08-03T07:55:39+03:00,1785732939,9890,67,3,31.6,42.3,,run
2026-08-03T07:55:44+03:00,1785732944,9895,67,3,31.6,41.4,,run
2026-08-03T07:55:49+03:00,1785732949,9900,67,3,31.6,40.8,,run
2026-08-03T07:55:54+03:00,1785732954,9905,67,3,31.6,41.1,,run
2026-08-03T07:55:59+03:00,1785732959,9910,67,3,31.6,41.1,,run
2026-08-03T07:56:05+03:00,1785732965,9916,67,3,31.6,53.8,,run
2026-08-03T07:56:10+03:00,1785732970,9921,67,3,31.6,43.2,,run
2026-08-03T07:56:16+03:00,1785732976,9927,67,3,31.6,43.6,,run
2026-08-03T07:56:21+03:00,1785732981,9932,67,3,31.6,47.6,,run
2026-08-03T07:56:26+03:00,1785732986,9937,67,3,31.6,43.6,,run
2026-08-03T07:56:31+03:00,1785732991,9942,67,3,31.6,41.4,,run
2026-08-03T07:56:36+03:00,1785732996,9947,67,3,31.6,42.0,,run
2026-08-03T07:56:42+03:00,1785733002,9953,67,3,31.6,41.1,,run
2026-08-03T07:56:47+03:00,1785733007,9958,67,3,31.6,42.0,,run
2026-08-03T07:56:52+03:00,1785733012,9963,67,3,31.6,43.2,,run
2026-08-03T07:56:57+03:00,1785733017,9968,67,3,31.6,41.1,,run
2026-08-03T07:57:03+03:00,1785733023,9974,67,3,31.6,40.8,,run
2026-08-03T07:57:08+03:00,1785733028,9979,67,3,31.6,40.8,,run
2026-08-03T07:57:13+03:00,1785733033,9984,67,3,31.6,41.7,,run
2026-08-03T07:57:18+03:00,1785733038,9989,67,3,31.6,43.9,,run
2026-08-03T07:57:23+03:00,1785733043,9994,67,3,31.6,53.1,,run
2026-08-03T07:57:29+03:00,1785733049,10000,67,3,31.6,46.0,,run
2026-08-03T07:57:34+03:00,1785733054,10005,67,3,31.6,41.4,,run
2026-08-03T07:57:39+03:00,1785733059,10010,67,3,31.6,46.3,,run
2026-08-03T07:57:44+03:00,1785733064,10015,67,3,31.6,44.2,,run
2026-08-03T07:57:50+03:00,1785733070,10021,67,3,31.6,40.8,,run
2026-08-03T07:57:55+03:00,1785733075,10026,67,3,31.6,40.8,,run
2026-08-03T07:58:00+03:00,1785733080,10031,66,3,31.3,42.0,,run
2026-08-03T07:58:05+03:00,1785733085,10036,66,3,31.3,43.2,,run
2026-08-03T07:58:11+03:00,1785733091,10042,66,3,31.3,49.1,,run
2026-08-03T07:58:16+03:00,1785733096,10047,66,3,31.3,42.0,,run
2026-08-03T07:58:21+03:00,1785733101,10052,66,3,31.3,43.6,,run
2026-08-03T07:58:26+03:00,1785733106,10057,66,3,31.3,42.3,,run
2026-08-03T07:58:32+03:00,1785733112,10063,66,3,31.3,43.9,,run
2026-08-03T07:58:37+03:00,1785733117,10068,66,3,31.3,44.8,,run
2026-08-03T07:58:42+03:00,1785733122,10073,66,3,31.3,43.2,,run
2026-08-03T07:58:47+03:00,1785733127,10078,66,3,31.3,42.9,,run
2026-08-03T07:58:53+03:00,1785733133,10084,66,3,31.3,42.6,,run
2026-08-03T07:58:58+03:00,1785733138,10089,66,3,31.3,43.9,,run
2026-08-03T07:59:03+03:00,1785733143,10094,66,3,31.3,45.1,,run
2026-08-03T07:59:08+03:00,1785733148,10099,66,3,31.3,42.6,,run
2026-08-03T07:59:13+03:00,1785733153,10104,66,3,31.3,41.7,,run
2026-08-03T07:59:19+03:00,1785733159,10110,66,3,31.3,40.8,,run
2026-08-03T07:59:24+03:00,1785733164,10115,66,3,31.3,50.4,,run
2026-08-03T07:59:30+03:00,1785733169,10120,66,3,31.3,42.0,,run
2026-08-03T07:59:35+03:00,1785733175,10126,66,3,31.3,44.8,,run
2026-08-03T07:59:40+03:00,1785733180,10131,66,3,31.3,41.4,,run
2026-08-03T07:59:45+03:00,1785733185,10136,66,3,31.3,41.1,,run
2026-08-03T07:59:50+03:00,1785733190,10141,66,3,31.3,46.0,,run
2026-08-03T07:59:56+03:00,1785733196,10147,66,3,31.3,43.6,,run
2026-08-03T08:00:01+03:00,1785733201,10152,66,3,31.3,42.0,,run
2026-08-03T08:00:06+03:00,1785733206,10157,66,3,31.3,42.9,,run
2026-08-03T08:00:11+03:00,1785733211,10162,66,3,31.3,53.1,,run
2026-08-03T08:00:17+03:00,1785733217,10168,66,3,31.3,44.5,,run
2026-08-03T08:00:22+03:00,1785733222,10173,66,3,31.3,42.9,,run
2026-08-03T08:00:27+03:00,1785733227,10178,66,3,31.3,41.4,,run
2026-08-03T08:00:32+03:00,1785733232,10183,66,3,31.3,40.8,,run
2026-08-03T08:00:38+03:00,1785733238,10189,66,3,31.3,40.8,,run
2026-08-03T08:00:43+03:00,1785733243,10194,66,3,31.3,44.2,,run
2026-08-03T08:00:48+03:00,1785733248,10199,66,3,31.2,45.7,,run
2026-08-03T08:00:53+03:00,1785733253,10204,66,3,31.2,42.6,,run
2026-08-03T08:00:58+03:00,1785733258,10209,66,3,31.2,42.9,,run
2026-08-03T08:01:04+03:00,1785733264,10215,66,3,31.2,41.7,,run
2026-08-03T08:01:09+03:00,1785733269,10220,66,3,31.2,42.0,,run
2026-08-03T08:01:14+03:00,1785733274,10225,66,3,31.2,42.6,,run
2026-08-03T08:01:19+03:00,1785733279,10230,66,3,31.2,43.2,,run
2026-08-03T08:01:25+03:00,1785733285,10236,66,3,31.2,48.8,,run
2026-08-03T08:01:30+03:00,1785733290,10241,66,3,31.2,46.7,,run
2026-08-03T08:01:35+03:00,1785733295,10246,66,3,31.2,44.2,,run
2026-08-03T08:01:40+03:00,1785733300,10251,66,3,31.2,41.7,,run
2026-08-03T08:01:45+03:00,1785733305,10256,66,3,31.2,41.7,,run
2026-08-03T08:01:51+03:00,1785733311,10262,66,3,31.2,40.5,,run
2026-08-03T08:01:56+03:00,1785733316,10267,66,3,31.2,40.8,,run
2026-08-03T08:02:01+03:00,1785733321,10272,66,3,31.2,45.7,,run
2026-08-03T08:02:06+03:00,1785733326,10277,66,3,31.2,42.3,,run
2026-08-03T08:02:12+03:00,1785733332,10283,66,3,31.2,44.5,,run
2026-08-03T08:02:17+03:00,1785733337,10288,66,3,31.2,48.8,,run
2026-08-03T08:02:22+03:00,1785733342,10293,66,3,31.2,45.1,,run
2026-08-03T08:02:27+03:00,1785733347,10298,66,3,31.2,42.9,,run
2026-08-03T08:02:33+03:00,1785733353,10304,66,3,31.2,42.0,,run
2026-08-03T08:02:38+03:00,1785733358,10309,66,3,31.2,41.4,,run
2026-08-03T08:02:43+03:00,1785733363,10314,66,3,31.2,42.0,,run
2026-08-03T08:02:48+03:00,1785733368,10319,66,3,31.2,41.4,,run
2026-08-03T08:02:54+03:00,1785733374,10325,66,3,31.2,47.6,,run
2026-08-03T08:02:59+03:00,1785733379,10330,66,3,31.2,43.9,,run
2026-08-03T08:03:04+03:00,1785733384,10335,66,3,31.2,42.6,,run
2026-08-03T08:03:09+03:00,1785733389,10340,66,3,31.2,42.6,,run
2026-08-03T08:03:15+03:00,1785733395,10346,66,3,31.2,42.3,,run
2026-08-03T08:03:20+03:00,1785733400,10351,66,3,31.2,40.8,,run
2026-08-03T08:03:25+03:00,1785733405,10356,66,3,31.2,44.8,,run
2026-08-03T08:03:30+03:00,1785733410,10361,66,3,31.2,50.7,,run
2026-08-03T08:03:36+03:00,1785733416,10367,66,3,31.2,42.6,,run
2026-08-03T08:03:41+03:00,1785733421,10372,66,3,31.2,43.9,,run
2026-08-03T08:03:46+03:00,1785733426,10377,66,3,31.2,41.4,,run
2026-08-03T08:03:51+03:00,1785733431,10382,66,3,31.2,41.4,,run
2026-08-03T08:03:57+03:00,1785733437,10388,66,3,31.2,40.2,,run
2026-08-03T08:04:02+03:00,1785733442,10393,66,3,31.2,41.1,,run
2026-08-03T08:04:07+03:00,1785733447,10398,66,3,31.2,41.1,,run
2026-08-03T08:04:12+03:00,1785733452,10403,66,3,31.2,46.7,,run
2026-08-03T08:04:18+03:00,1785733458,10409,66,3,31.2,44.2,,run
2026-08-03T08:04:23+03:00,1785733463,10414,66,3,31.2,51.6,,run
2026-08-03T08:04:28+03:00,1785733468,10419,66,3,31.2,44.2,,run
2026-08-03T08:04:33+03:00,1785733473,10424,66,3,31.2,42.0,,run
2026-08-03T08:04:39+03:00,1785733479,10430,66,3,31.2,42.3,,run
2026-08-03T08:04:44+03:00,1785733484,10435,66,3,31.2,41.7,,run
2026-08-03T08:04:49+03:00,1785733489,10440,66,3,31.2,43.6,,run
2026-08-03T08:04:54+03:00,1785733494,10445,66,3,31.2,44.2,,run
2026-08-03T08:05:00+03:00,1785733500,10451,66,3,31.2,47.3,,run
2026-08-03T08:05:05+03:00,1785733505,10456,66,3,31.2,43.6,,run
2026-08-03T08:05:10+03:00,1785733510,10461,66,3,31.2,43.6,,run
2026-08-03T08:05:15+03:00,1785733515,10466,66,3,31.2,42.3,,run
2026-08-03T08:05:20+03:00,1785733520,10471,66,3,31.2,42.3,,run
2026-08-03T08:05:26+03:00,1785733526,10477,66,3,31.2,41.4,,run
2026-08-03T08:05:31+03:00,1785733531,10482,66,3,31.2,43.9,,run
2026-08-03T08:05:36+03:00,1785733536,10487,66,3,31.2,49.4,,run
2026-08-03T08:05:41+03:00,1785733541,10492,66,3,31.2,45.7,,run
2026-08-03T08:05:47+03:00,1785733547,10498,66,3,31.2,45.4,,run
2026-08-03T08:05:52+03:00,1785733552,10503,66,3,31.2,43.6,,run
2026-08-03T08:05:57+03:00,1785733557,10508,66,3,31.2,41.7,,run
2026-08-03T08:06:02+03:00,1785733562,10513,66,3,31.2,41.7,,run
2026-08-03T08:06:08+03:00,1785733568,10519,66,3,31.2,40.8,,run
2026-08-03T08:06:13+03:00,1785733573,10524,66,3,31.2,40.8,,run
2026-08-03T08:06:18+03:00,1785733578,10529,66,3,31.2,43.9,,run
2026-08-03T08:06:23+03:00,1785733583,10534,66,3,31.2,43.2,,run
2026-08-03T08:06:28+03:00,1785733588,10539,66,3,31.2,53.8,,run
2026-08-03T08:06:34+03:00,1785733594,10545,66,3,31.2,45.1,,run
2026-08-03T08:06:39+03:00,1785733599,10550,66,3,31.2,43.6,,run
2026-08-03T08:06:44+03:00,1785733604,10555,66,3,31.2,42.3,,run
2026-08-03T08:06:49+03:00,1785733609,10560,66,3,31.2,41.7,,run
2026-08-03T08:06:55+03:00,1785733615,10566,66,3,31.2,41.4,,run
2026-08-03T08:07:00+03:00,1785733620,10571,66,3,31.2,44.5,,run
2026-08-03T08:07:05+03:00,1785733625,10576,66,3,31.2,41.7,,run
2026-08-03T08:07:10+03:00,1785733630,10581,66,3,31.2,46.0,,run
2026-08-03T08:07:16+03:00,1785733636,10587,66,3,31.2,44.8,,run
2026-08-03T08:07:21+03:00,1785733641,10592,66,3,31.2,42.0,,run
2026-08-03T08:07:26+03:00,1785733646,10597,66,3,31.2,42.0,,run
2026-08-03T08:07:31+03:00,1785733651,10602,66,3,31.2,42.3,,run
2026-08-03T08:07:37+03:00,1785733657,10608,66,3,31.2,42.6,,run
2026-08-03T08:07:42+03:00,1785733662,10613,66,3,31.2,47.0,,run
2026-08-03T08:07:47+03:00,1785733667,10618,66,3,31.2,46.3,,run
2026-08-03T08:07:53+03:00,1785733673,10624,66,3,31.2,43.2,,run
2026-08-03T08:07:58+03:00,1785733678,10629,66,3,31.2,41.4,,run
2026-08-03T08:08:03+03:00,1785733683,10634,66,3,31.2,40.8,,run
2026-08-03T08:08:08+03:00,1785733688,10639,66,3,31.2,41.1,,run
2026-08-03T08:08:13+03:00,1785733693,10644,66,3,31.2,40.5,,run
2026-08-03T08:08:19+03:00,1785733699,10650,66,3,31.2,40.2,,run
2026-08-03T08:08:24+03:00,1785733704,10655,66,3,31.2,40.8,,run
2026-08-03T08:08:29+03:00,1785733709,10660,66,3,31.2,46.3,,run
2026-08-03T08:08:35+03:00,1785733715,10666,66,3,31.2,52.8,,run
2026-08-03T08:08:40+03:00,1785733720,10671,66,3,31.2,43.9,,run
2026-08-03T08:08:45+03:00,1785733725,10676,65,3,31.6,42.0,,run
2026-08-03T08:08:50+03:00,1785733730,10681,65,3,31.6,42.9,,run
2026-08-03T08:08:56+03:00,1785733736,10687,65,3,31.6,42.0,,run
2026-08-03T08:09:01+03:00,1785733741,10692,65,3,31.6,42.0,,run
2026-08-03T08:09:06+03:00,1785733746,10697,65,3,31.6,45.1,,run
2026-08-03T08:09:11+03:00,1785733751,10702,65,3,31.6,42.3,,run
2026-08-03T08:09:17+03:00,1785733757,10708,65,3,31.6,44.8,,run
2026-08-03T08:09:22+03:00,1785733762,10713,65,3,31.6,43.9,,run
2026-08-03T08:09:27+03:00,1785733767,10718,65,3,31.6,41.7,,run
2026-08-03T08:09:32+03:00,1785733772,10723,65,3,31.6,42.3,,run
2026-08-03T08:09:37+03:00,1785733777,10728,65,3,31.6,42.0,,run
2026-08-03T08:09:43+03:00,1785733783,10734,65,3,31.6,43.6,,run
2026-08-03T08:09:48+03:00,1785733788,10739,65,3,31.6,46.0,,run
2026-08-03T08:09:53+03:00,1785733793,10744,65,3,31.6,44.2,,run
2026-08-03T08:09:58+03:00,1785733798,10749,65,3,31.6,43.9,,run
2026-08-03T08:10:04+03:00,1785733804,10755,65,3,31.6,42.0,,run
2026-08-03T08:10:09+03:00,1785733809,10760,65,3,31.6,40.2,,run
2026-08-03T08:10:14+03:00,1785733814,10765,65,3,31.6,41.4,,run
2026-08-03T08:10:19+03:00,1785733819,10770,65,3,31.6,43.2,,run
2026-08-03T08:10:25+03:00,1785733825,10776,65,3,31.6,42.3,,run
2026-08-03T08:10:30+03:00,1785733830,10781,65,3,31.6,42.9,,run
2026-08-03T08:10:35+03:00,1785733835,10786,65,3,31.6,45.1,,run
2026-08-03T08:10:40+03:00,1785733840,10791,65,3,31.6,54.1,,run
2026-08-03T08:10:46+03:00,1785733846,10797,65,3,31.6,46.0,,run
2026-08-03T08:10:51+03:00,1785733851,10802,65,3,31.5,42.0,,run
2026-08-03T08:10:56+03:00,1785733856,10807,65,3,31.5,42.9,,run
2026-08-03T08:11:01+03:00,1785733861,10812,65,3,31.5,41.4,,run
2026-08-03T08:11:07+03:00,1785733867,10818,65,3,31.5,42.0,,run
2026-08-03T08:11:12+03:00,1785733872,10823,65,3,31.5,42.6,,run
2026-08-03T08:11:17+03:00,1785733877,10828,65,3,31.5,41.7,,run
2026-08-03T08:11:22+03:00,1785733882,10833,65,3,31.5,41.1,,run
2026-08-03T08:11:28+03:00,1785733888,10839,65,3,31.5,42.0,,run
2026-08-03T08:11:33+03:00,1785733893,10844,65,3,31.5,45.1,,run
2026-08-03T08:11:38+03:00,1785733898,10849,65,3,31.5,43.6,,run
2026-08-03T08:11:43+03:00,1785733903,10854,65,3,31.5,45.1,,run
2026-08-03T08:11:49+03:00,1785733908,10859,65,3,31.5,41.4,,run
2026-08-03T08:11:54+03:00,1785733914,10865,65,3,31.5,47.0,,run
2026-08-03T08:11:59+03:00,1785733919,10870,65,3,31.5,47.9,,run
2026-08-03T08:12:04+03:00,1785733924,10875,65,3,31.5,45.4,,run
2026-08-03T08:12:09+03:00,1785733929,10880,65,3,31.5,41.4,,run
2026-08-03T08:12:15+03:00,1785733935,10886,65,3,31.5,42.3,,run
2026-08-03T08:12:20+03:00,1785733940,10891,65,3,31.5,40.5,,run
2026-08-03T08:12:25+03:00,1785733945,10896,65,3,31.5,40.5,,run
2026-08-03T08:12:30+03:00,1785733950,10901,65,3,31.5,40.8,,run
2026-08-03T08:12:35+03:00,1785733955,10906,65,3,31.5,40.8,,run
2026-08-03T08:12:41+03:00,1785733961,10912,65,3,31.5,40.8,,run
2026-08-03T08:12:46+03:00,1785733966,10917,65,3,31.5,51.0,,run
2026-08-03T08:12:52+03:00,1785733972,10923,65,3,31.5,51.3,,run
2026-08-03T08:12:57+03:00,1785733977,10928,65,3,31.5,47.9,,run
2026-08-03T08:13:02+03:00,1785733982,10933,65,3,31.5,43.2,,run
2026-08-03T08:13:07+03:00,1785733987,10938,65,3,31.5,42.9,,run
2026-08-03T08:13:13+03:00,1785733993,10944,65,3,31.5,41.4,,run
2026-08-03T08:13:18+03:00,1785733998,10949,65,3,31.5,42.3,,run
2026-08-03T08:13:23+03:00,1785734003,10954,65,3,31.5,42.3,,run
2026-08-03T08:13:28+03:00,1785734008,10959,65,3,31.5,41.1,,run
2026-08-03T08:13:33+03:00,1785734013,10964,65,3,31.5,42.3,,run
2026-08-03T08:13:39+03:00,1785734019,10970,65,3,31.5,43.6,,run
2026-08-03T08:13:44+03:00,1785734024,10975,65,3,31.5,44.2,,run
2026-08-03T08:13:49+03:00,1785734029,10980,65,3,31.5,42.0,,run
2026-08-03T08:13:54+03:00,1785734034,10985,65,3,31.5,42.0,,run
2026-08-03T08:14:00+03:00,1785734040,10991,65,3,31.5,44.5,,run
2026-08-03T08:14:05+03:00,1785734045,10996,65,3,31.5,52.2,,run
2026-08-03T08:14:10+03:00,1785734050,11001,65,3,31.5,42.9,,run
2026-08-03T08:14:16+03:00,1785734056,11007,65,3,31.5,42.6,,run
2026-08-03T08:14:21+03:00,1785734061,11012,65,3,31.5,41.7,,run
2026-08-03T08:14:26+03:00,1785734066,11017,65,3,31.5,41.1,,run
2026-08-03T08:14:31+03:00,1785734071,11022,65,3,31.5,40.5,,run
2026-08-03T08:14:37+03:00,1785734077,11028,65,3,31.5,41.1,,run
2026-08-03T08:14:42+03:00,1785734082,11033,65,3,31.5,45.1,,run
2026-08-03T08:14:47+03:00,1785734087,11038,65,3,31.5,41.4,,run
2026-08-03T08:14:52+03:00,1785734092,11043,65,3,31.5,52.2,,run
2026-08-03T08:14:58+03:00,1785734098,11049,65,3,31.5,43.2,,run
2026-08-03T08:15:03+03:00,1785734103,11054,65,3,31.5,49.4,,run
2026-08-03T08:15:08+03:00,1785734108,11059,65,3,31.5,44.2,,run
2026-08-03T08:15:13+03:00,1785734113,11064,65,3,31.5,42.3,,run
2026-08-03T08:15:18+03:00,1785734118,11069,65,3,31.5,41.4,,run
2026-08-03T08:15:24+03:00,1785734124,11075,65,3,31.5,43.9,,run
2026-08-03T08:15:29+03:00,1785734129,11080,65,3,31.5,42.3,,run
2026-08-03T08:15:34+03:00,1785734134,11085,65,3,31.5,42.0,,run
2026-08-03T08:15:39+03:00,1785734139,11090,65,3,31.5,42.0,,run
2026-08-03T08:15:45+03:00,1785734145,11096,65,3,31.5,41.1,,run
2026-08-03T08:15:50+03:00,1785734150,11101,65,3,31.5,43.9,,run
2026-08-03T08:15:55+03:00,1785734155,11106,65,3,31.5,46.0,,run
2026-08-03T08:16:00+03:00,1785734160,11111,65,3,31.5,43.2,,run
2026-08-03T08:16:05+03:00,1785734165,11116,65,3,31.5,49.1,,run
2026-08-03T08:16:11+03:00,1785734171,11122,65,3,31.5,47.6,,run
2026-08-03T08:16:16+03:00,1785734176,11127,65,3,31.5,47.0,,run
2026-08-03T08:16:21+03:00,1785734181,11132,65,3,31.5,43.2,,run
2026-08-03T08:16:26+03:00,1785734186,11137,65,3,31.5,40.8,,run
2026-08-03T08:16:32+03:00,1785734192,11143,65,3,31.5,42.0,,run
2026-08-03T08:16:37+03:00,1785734197,11148,65,3,31.5,41.1,,run
2026-08-03T08:16:42+03:00,1785734202,11153,65,3,31.5,40.8,,run
2026-08-03T08:16:47+03:00,1785734207,11158,65,3,31.5,41.7,,run
2026-08-03T08:16:52+03:00,1785734212,11163,65,3,31.5,43.9,,run
2026-08-03T08:16:58+03:00,1785734218,11169,65,3,31.5,46.7,,run
2026-08-03T08:17:03+03:00,1785734223,11174,65,3,31.5,46.0,,run
2026-08-03T08:17:08+03:00,1785734228,11179,65,3,31.5,42.3,,run
2026-08-03T08:17:13+03:00,1785734233,11184,65,3,31.5,46.7,,run
2026-08-03T08:17:19+03:00,1785734239,11190,65,3,31.5,44.8,,run
2026-08-03T08:17:24+03:00,1785734244,11195,65,3,31.5,41.7,,run
2026-08-03T08:17:29+03:00,1785734249,11200,65,3,31.5,41.4,,run
2026-08-03T08:17:34+03:00,1785734254,11205,65,3,31.5,42.6,,run
2026-08-03T08:17:40+03:00,1785734260,11211,65,3,31.5,43.2,,run
2026-08-03T08:17:45+03:00,1785734265,11216,65,3,31.5,42.3,,run
2026-08-03T08:17:50+03:00,1785734270,11221,65,3,31.5,41.4,,run
2026-08-03T08:17:55+03:00,1785734275,11226,65,3,31.5,41.4,,run
2026-08-03T08:18:00+03:00,1785734280,11231,65,3,31.5,41.7,,run
2026-08-03T08:18:06+03:00,1785734286,11237,65,3,31.5,45.4,,run
2026-08-03T08:18:11+03:00,1785734291,11242,65,3,31.5,51.0,,run
2026-08-03T08:18:17+03:00,1785734297,11248,65,3,31.5,42.9,,run
2026-08-03T08:18:22+03:00,1785734302,11253,64,3,31.8,45.7,,run
2026-08-03T08:18:27+03:00,1785734307,11258,64,3,31.8,41.4,,run
2026-08-03T08:18:32+03:00,1785734312,11263,64,3,31.8,41.7,,run
2026-08-03T08:18:37+03:00,1785734317,11268,64,3,31.8,41.1,,run
2026-08-03T08:18:43+03:00,1785734323,11274,64,3,31.8,41.4,,run
2026-08-03T08:18:48+03:00,1785734328,11279,64,3,31.8,40.8,,run
2026-08-03T08:18:53+03:00,1785734333,11284,64,3,31.8,40.5,,run
2026-08-03T08:18:58+03:00,1785734338,11289,64,3,31.8,53.1,,run
2026-08-03T08:19:04+03:00,1785734344,11295,64,3,31.8,43.2,,run
2026-08-03T08:19:09+03:00,1785734349,11300,64,3,31.8,42.3,,run
2026-08-03T08:19:14+03:00,1785734354,11305,64,3,31.8,42.3,,run
2026-08-03T08:19:19+03:00,1785734359,11310,64,3,31.8,45.7,,run
2026-08-03T08:19:25+03:00,1785734365,11316,64,3,31.8,43.9,,run
2026-08-03T08:19:30+03:00,1785734370,11321,64,3,31.8,44.2,,run
2026-08-03T08:19:35+03:00,1785734375,11326,64,3,31.8,43.6,,run
2026-08-03T08:19:40+03:00,1785734380,11331,64,3,31.8,42.0,,run
2026-08-03T08:19:45+03:00,1785734385,11336,64,3,31.8,42.3,,run
2026-08-03T08:19:51+03:00,1785734391,11342,64,3,31.8,42.0,,run
2026-08-03T08:19:56+03:00,1785734396,11347,64,3,31.8,41.7,,run
2026-08-03T08:20:01+03:00,1785734401,11352,64,3,31.8,42.0,,run
2026-08-03T08:20:06+03:00,1785734406,11357,64,3,31.8,43.6,,run
2026-08-03T08:20:12+03:00,1785734412,11363,64,3,31.8,50.7,,run
2026-08-03T08:20:17+03:00,1785734417,11368,64,3,31.8,50.7,,run
2026-08-03T08:20:22+03:00,1785734422,11373,64,3,31.8,45.4,,run
2026-08-03T08:20:27+03:00,1785734427,11378,64,3,31.8,42.3,,run
2026-08-03T08:20:32+03:00,1785734432,11383,64,3,31.8,41.4,,run
2026-08-03T08:20:38+03:00,1785734438,11389,64,3,31.8,40.8,,run
2026-08-03T08:20:43+03:00,1785734443,11394,64,3,31.8,40.8,,run
2026-08-03T08:20:48+03:00,1785734448,11399,64,3,31.7,41.1,,run
2026-08-03T08:20:53+03:00,1785734453,11404,64,3,31.7,40.8,,run
2026-08-03T08:20:59+03:00,1785734459,11410,64,3,31.7,46.0,,run
2026-08-03T08:21:04+03:00,1785734464,11415,64,3,31.7,50.4,,run
2026-08-03T08:21:09+03:00,1785734469,11420,64,3,31.7,42.6,,run
2026-08-03T08:21:14+03:00,1785734474,11425,64,3,31.7,42.9,,run
2026-08-03T08:21:20+03:00,1785734480,11431,64,3,31.7,42.3,,run
2026-08-03T08:21:25+03:00,1785734485,11436,64,3,31.7,42.0,,run
2026-08-03T08:21:30+03:00,1785734490,11441,64,3,31.7,43.2,,run
2026-08-03T08:21:35+03:00,1785734495,11446,64,3,31.7,47.0,,run
2026-08-03T08:21:41+03:00,1785734501,11452,64,3,31.7,43.9,,run
2026-08-03T08:21:46+03:00,1785734506,11457,64,3,31.7,42.0,,run
2026-08-03T08:21:51+03:00,1785734511,11462,64,3,31.7,42.0,,run
2026-08-03T08:21:56+03:00,1785734516,11467,64,3,31.7,41.1,,run
2026-08-03T08:22:01+03:00,1785734521,11472,64,3,31.7,42.9,,run
2026-08-03T08:22:07+03:00,1785734527,11478,64,3,31.7,43.6,,run
2026-08-03T08:22:12+03:00,1785734532,11483,64,3,31.7,41.1,,run
2026-08-03T08:22:17+03:00,1785734537,11488,64,3,31.7,51.3,,run
2026-08-03T08:22:23+03:00,1785734543,11494,64,3,31.7,47.9,,run
2026-08-03T08:22:28+03:00,1785734548,11499,64,3,31.7,44.2,,run
2026-08-03T08:22:33+03:00,1785734553,11504,64,3,31.7,42.0,,run
2026-08-03T08:22:38+03:00,1785734558,11509,64,3,31.7,42.3,,run
2026-08-03T08:22:44+03:00,1785734564,11515,64,3,31.7,40.5,,run
2026-08-03T08:22:49+03:00,1785734569,11520,64,3,31.7,40.5,,run
2026-08-03T08:22:54+03:00,1785734574,11525,64,3,31.7,42.6,,run
2026-08-03T08:22:59+03:00,1785734579,11530,64,3,31.7,41.7,,run
2026-08-03T08:23:05+03:00,1785734585,11536,64,3,31.7,54.7,,run
2026-08-03T08:23:10+03:00,1785734590,11541,64,3,31.7,45.7,,run
2026-08-03T08:23:15+03:00,1785734595,11546,64,3,31.7,42.6,,run
2026-08-03T08:23:21+03:00,1785734601,11552,64,3,31.7,41.7,,run
2026-08-03T08:23:26+03:00,1785734606,11557,64,3,31.7,42.6,,run
2026-08-03T08:23:31+03:00,1785734611,11562,64,3,31.7,44.5,,run
2026-08-03T08:23:36+03:00,1785734616,11567,64,3,31.7,45.7,,run
2026-08-03T08:23:42+03:00,1785734622,11573,64,3,31.7,45.4,,run
2026-08-03T08:23:47+03:00,1785734627,11578,64,3,31.7,43.6,,run
2026-08-03T08:23:52+03:00,1785734632,11583,64,3,31.7,43.2,,run
2026-08-03T08:23:57+03:00,1785734637,11588,64,3,31.7,42.0,,run
2026-08-03T08:24:02+03:00,1785734642,11593,64,3,31.7,43.2,,run
2026-08-03T08:24:08+03:00,1785734648,11599,64,3,31.7,42.0,,run
2026-08-03T08:24:13+03:00,1785734653,11604,64,3,31.7,41.4,,run
2026-08-03T08:24:18+03:00,1785734658,11609,64,3,31.7,49.4,,run
2026-08-03T08:24:23+03:00,1785734663,11614,64,3,31.7,47.9,,run
2026-08-03T08:24:29+03:00,1785734669,11620,64,3,31.7,46.0,,run
2026-08-03T08:24:34+03:00,1785734674,11625,64,3,31.7,43.9,,run
2026-08-03T08:24:39+03:00,1785734679,11630,64,3,31.7,41.7,,run
2026-08-03T08:24:44+03:00,1785734684,11635,64,3,31.7,41.4,,run
2026-08-03T08:24:49+03:00,1785734689,11640,64,3,31.7,40.8,,run
2026-08-03T08:24:55+03:00,1785734695,11646,64,3,31.7,41.4,,run
2026-08-03T08:25:00+03:00,1785734700,11651,64,3,31.7,40.2,,run
2026-08-03T08:25:05+03:00,1785734705,11656,64,3,31.7,42.9,,run
2026-08-03T08:25:10+03:00,1785734710,11661,64,3,31.7,47.6,,run
2026-08-03T08:25:16+03:00,1785734716,11667,64,3,31.7,43.9,,run
2026-08-03T08:25:21+03:00,1785734721,11672,64,3,31.7,42.6,,run
2026-08-03T08:25:26+03:00,1785734726,11677,64,3,31.7,41.4,,run
2026-08-03T08:25:31+03:00,1785734731,11682,64,3,31.7,40.8,,run
2026-08-03T08:25:37+03:00,1785734737,11688,64,3,31.7,41.1,,run
2026-08-03T08:25:42+03:00,1785734742,11693,64,3,31.7,42.6,,run
2026-08-03T08:25:47+03:00,1785734747,11698,64,3,31.7,45.7,,run
2026-08-03T08:25:52+03:00,1785734752,11703,64,3,31.7,43.6,,run
2026-08-03T08:25:57+03:00,1785734757,11708,64,3,31.7,47.9,,run
2026-08-03T08:26:03+03:00,1785734763,11714,64,3,31.7,42.6,,run
2026-08-03T08:26:08+03:00,1785734768,11719,64,3,31.7,41.7,,run
2026-08-03T08:26:13+03:00,1785734773,11724,64,3,31.7,41.4,,run
2026-08-03T08:26:18+03:00,1785734778,11729,64,3,31.7,43.2,,run
2026-08-03T08:26:24+03:00,1785734784,11735,64,3,31.7,52.2,,run
2026-08-03T08:26:29+03:00,1785734789,11740,64,3,31.7,42.6,,run
2026-08-03T08:26:35+03:00,1785734795,11746,64,3,31.7,41.4,,run
2026-08-03T08:26:40+03:00,1785734800,11751,64,3,31.7,46.7,,run
2026-08-03T08:26:45+03:00,1785734805,11756,64,3,31.7,43.9,,run
2026-08-03T08:26:50+03:00,1785734810,11761,64,3,31.7,40.2,,run
2026-08-03T08:26:55+03:00,1785734815,11766,64,3,31.7,40.8,,run
2026-08-03T08:27:01+03:00,1785734821,11772,64,3,31.7,40.5,,run
2026-08-03T08:27:06+03:00,1785734826,11777,64,3,31.7,42.0,,run
2026-08-03T08:27:11+03:00,1785734831,11782,64,3,31.7,51.9,,run
2026-08-03T08:27:16+03:00,1785734836,11787,64,3,31.7,42.9,,run
2026-08-03T08:27:22+03:00,1785734842,11793,64,3,31.7,43.2,,run
2026-08-03T08:27:27+03:00,1785734847,11798,64,3,31.7,43.6,,run
2026-08-03T08:27:32+03:00,1785734852,11803,64,3,31.7,41.4,,run
2026-08-03T08:27:37+03:00,1785734857,11808,64,3,31.7,41.4,,run
2026-08-03T08:27:42+03:00,1785734862,11813,64,3,31.7,41.1,,run
2026-08-03T08:27:48+03:00,1785734868,11819,64,3,31.7,41.4,,run
2026-08-03T08:27:53+03:00,1785734873,11824,64,3,31.7,44.2,,run
2026-08-03T08:27:58+03:00,1785734878,11829,63,3,31.4,46.3,,run
2026-08-03T08:28:03+03:00,1785734883,11834,63,3,31.4,44.5,,run
2026-08-03T08:28:09+03:00,1785734889,11840,63,3,31.4,43.2,,run
2026-08-03T08:28:14+03:00,1785734894,11845,63,3,31.4,42.3,,run
2026-08-03T08:28:19+03:00,1785734899,11850,63,3,31.4,41.1,,run
2026-08-03T08:28:24+03:00,1785734904,11855,63,3,31.4,44.5,,run
2026-08-03T08:28:30+03:00,1785734910,11861,63,3,31.4,42.9,,run
2026-08-03T08:28:35+03:00,1785734915,11866,63,3,31.4,42.9,,run
2026-08-03T08:28:40+03:00,1785734920,11871,63,3,31.4,41.4,,run
2026-08-03T08:28:45+03:00,1785734925,11876,63,3,31.4,46.7,,run
2026-08-03T08:28:50+03:00,1785734930,11881,63,3,31.4,42.3,,run
2026-08-03T08:28:56+03:00,1785734936,11887,63,3,31.4,42.6,,run
2026-08-03T08:29:01+03:00,1785734941,11892,63,3,31.4,42.3,,run
2026-08-03T08:29:06+03:00,1785734946,11897,63,3,31.4,41.1,,run
2026-08-03T08:29:11+03:00,1785734951,11902,63,3,31.4,51.9,,run
2026-08-03T08:29:17+03:00,1785734957,11908,63,3,31.4,45.4,,run
2026-08-03T08:29:22+03:00,1785734962,11913,63,3,31.4,45.7,,run
2026-08-03T08:29:28+03:00,1785734968,11919,63,3,31.4,42.6,,run
2026-08-03T08:29:33+03:00,1785734973,11924,63,3,31.4,41.7,,run
2026-08-03T08:29:38+03:00,1785734978,11929,63,3,31.4,42.3,,run
2026-08-03T08:29:43+03:00,1785734983,11934,63,3,31.4,42.6,,run
2026-08-03T08:29:48+03:00,1785734988,11939,63,3,31.4,42.0,,run
2026-08-03T08:29:54+03:00,1785734994,11945,63,3,31.4,42.6,,run
2026-08-03T08:29:59+03:00,1785734999,11950,63,3,31.4,41.4,,run
2026-08-03T08:30:04+03:00,1785735004,11955,63,3,31.4,47.9,,run
2026-08-03T08:30:09+03:00,1785735009,11960,63,3,31.4,43.2,,run
2026-08-03T08:30:15+03:00,1785735015,11966,63,3,31.4,42.0,,run
2026-08-03T08:30:20+03:00,1785735020,11971,63,3,31.4,42.9,,run
2026-08-03T08:30:25+03:00,1785735025,11976,63,3,31.4,48.2,,run
2026-08-03T08:30:30+03:00,1785735030,11981,63,3,31.4,53.5,,run
2026-08-03T08:30:36+03:00,1785735036,11987,63,3,31.4,47.6,,run
2026-08-03T08:30:41+03:00,1785735041,11992,63,3,31.4,42.0,,run
2026-08-03T08:30:46+03:00,1785735046,11997,63,3,31.4,42.0,,run
2026-08-03T08:30:51+03:00,1785735051,12002,63,3,31.5,44.5,,run
2026-08-03T08:30:56+03:00,1785735056,12007,63,3,31.5,42.9,,run
2026-08-03T08:31:02+03:00,1785735062,12013,63,3,31.5,41.7,,run
2026-08-03T08:31:07+03:00,1785735067,12018,63,3,31.5,41.4,,run
2026-08-03T08:31:12+03:00,1785735072,12023,63,3,31.5,43.6,,run
2026-08-03T08:31:17+03:00,1785735077,12028,63,3,31.5,49.1,,run
2026-08-03T08:31:23+03:00,1785735083,12034,63,3,31.5,43.2,,run
2026-08-03T08:31:28+03:00,1785735088,12039,63,3,31.5,43.6,,run
2026-08-03T08:31:33+03:00,1785735093,12044,63,3,31.5,42.0,,run
2026-08-03T08:31:38+03:00,1785735098,12049,63,3,31.5,41.4,,run
2026-08-03T08:31:44+03:00,1785735104,12055,63,3,31.5,42.3,,run
2026-08-03T08:31:49+03:00,1785735109,12060,63,3,31.5,40.8,,run
2026-08-03T08:31:54+03:00,1785735114,12065,63,3,31.5,42.3,,run
2026-08-03T08:31:59+03:00,1785735119,12070,63,3,31.5,43.6,,run
2026-08-03T08:32:04+03:00,1785735124,12075,63,3,31.5,41.7,,run
2026-08-03T08:32:10+03:00,1785735130,12081,63,3,31.5,42.6,,run
2026-08-03T08:32:15+03:00,1785735135,12086,63,3,31.5,45.1,,run
2026-08-03T08:32:20+03:00,1785735140,12091,63,3,31.5,42.3,,run
2026-08-03T08:32:25+03:00,1785735145,12096,63,3,31.5,41.1,,run
2026-08-03T08:32:31+03:00,1785735151,12102,63,3,31.5,51.9,,run
2026-08-03T08:32:36+03:00,1785735156,12107,63,3,31.5,42.9,,run
2026-08-03T08:32:41+03:00,1785735161,12112,63,3,31.5,41.7,,run
2026-08-03T08:32:47+03:00,1785735167,12118,63,3,31.5,42.0,,run
2026-08-03T08:32:52+03:00,1785735172,12123,63,3,31.5,41.1,,run
2026-08-03T08:32:57+03:00,1785735177,12128,63,3,31.5,40.2,,run
2026-08-03T08:33:02+03:00,1785735182,12133,63,3,31.5,46.3,,run
2026-08-03T08:33:08+03:00,1785735188,12139,63,3,31.5,43.2,,run
2026-08-03T08:33:13+03:00,1785735193,12144,63,3,31.5,41.4,,run
2026-08-03T08:33:18+03:00,1785735198,12149,63,3,31.5,54.4,,run
2026-08-03T08:33:24+03:00,1785735204,12155,63,3,31.5,44.5,,run
2026-08-03T08:33:29+03:00,1785735209,12160,63,3,31.5,42.3,,run
2026-08-03T08:33:34+03:00,1785735214,12165,63,3,31.5,43.6,,run
2026-08-03T08:33:39+03:00,1785735219,12170,63,3,31.5,42.3,,run
2026-08-03T08:33:44+03:00,1785735224,12175,63,3,31.5,42.9,,run
2026-08-03T08:33:50+03:00,1785735230,12181,63,3,31.5,41.7,,run
2026-08-03T08:33:55+03:00,1785735235,12186,63,3,31.5,41.1,,run
2026-08-03T08:34:00+03:00,1785735240,12191,63,3,31.5,42.0,,run
2026-08-03T08:34:05+03:00,1785735245,12196,63,3,31.5,42.0,,run
2026-08-03T08:34:11+03:00,1785735250,12201,63,3,31.5,42.0,,run
2026-08-03T08:34:16+03:00,1785735256,12207,63,3,31.5,42.6,,run
2026-08-03T08:34:21+03:00,1785735261,12212,63,3,31.5,47.9,,run
2026-08-03T08:34:26+03:00,1785735266,12217,63,3,31.5,42.0,,run
2026-08-03T08:34:31+03:00,1785735271,12222,63,3,31.5,47.3,,run
2026-08-03T08:34:37+03:00,1785735277,12228,63,3,31.5,46.7,,run
2026-08-03T08:34:42+03:00,1785735282,12233,63,3,31.5,49.7,,run
2026-08-03T08:34:47+03:00,1785735287,12238,63,3,31.5,41.1,,run
2026-08-03T08:34:52+03:00,1785735292,12243,63,3,31.5,41.1,,run
2026-08-03T08:34:58+03:00,1785735298,12249,63,3,31.5,40.2,,run
2026-08-03T08:35:03+03:00,1785735303,12254,63,3,31.5,40.2,,run
2026-08-03T08:35:08+03:00,1785735308,12259,63,3,31.5,44.8,,run
2026-08-03T08:35:13+03:00,1785735313,12264,63,3,31.5,42.3,,run
2026-08-03T08:35:18+03:00,1785735318,12269,63,3,31.5,44.5,,run
2026-08-03T08:35:24+03:00,1785735324,12275,63,3,31.5,47.3,,run
2026-08-03T08:35:29+03:00,1785735329,12280,63,3,31.5,43.2,,run
2026-08-03T08:35:34+03:00,1785735334,12285,63,3,31.5,41.1,,run
2026-08-03T08:35:40+03:00,1785735340,12291,63,3,31.5,41.7,,run
2026-08-03T08:35:45+03:00,1785735345,12296,63,3,31.5,43.2,,run
2026-08-03T08:35:50+03:00,1785735350,12301,63,3,31.5,42.9,,run
2026-08-03T08:35:55+03:00,1785735355,12306,63,3,31.5,47.3,,run
2026-08-03T08:36:00+03:00,1785735360,12311,63,3,31.5,43.2,,run
2026-08-03T08:36:06+03:00,1785735366,12317,63,3,31.5,41.4,,run
2026-08-03T08:36:11+03:00,1785735371,12322,63,3,31.5,42.0,,run
2026-08-03T08:36:16+03:00,1785735376,12327,63,3,31.5,42.6,,run
2026-08-03T08:36:21+03:00,1785735381,12332,63,3,31.5,42.9,,run
2026-08-03T08:36:26+03:00,1785735386,12337,63,3,31.5,44.8,,run
2026-08-03T08:36:32+03:00,1785735392,12343,63,3,31.5,45.1,,run
2026-08-03T08:36:37+03:00,1785735397,12348,63,3,31.5,51.3,,run
2026-08-03T08:36:43+03:00,1785735403,12354,63,3,31.5,42.3,,run
2026-08-03T08:36:48+03:00,1785735408,12359,63,3,31.5,42.6,,run
2026-08-03T08:36:53+03:00,1785735413,12364,63,3,31.5,40.5,,run
2026-08-03T08:36:58+03:00,1785735418,12369,63,3,31.5,40.8,,run
2026-08-03T08:37:03+03:00,1785735423,12374,63,3,31.5,41.4,,run
2026-08-03T08:37:09+03:00,1785735429,12380,63,3,31.5,40.8,,run
2026-08-03T08:37:14+03:00,1785735434,12385,63,3,31.5,44.2,,run
2026-08-03T08:37:19+03:00,1785735439,12390,63,3,31.5,43.2,,run
2026-08-03T08:37:24+03:00,1785735444,12395,63,3,31.5,53.1,,run
2026-08-03T08:37:30+03:00,1785735450,12401,63,3,31.5,43.6,,run
2026-08-03T08:37:35+03:00,1785735455,12406,62,3,31.6,43.6,,run
2026-08-03T08:37:40+03:00,1785735460,12411,62,3,31.6,43.9,,run
2026-08-03T08:37:45+03:00,1785735465,12416,62,3,31.6,41.7,,run
2026-08-03T08:37:50+03:00,1785735470,12421,62,3,31.6,43.2,,run
2026-08-03T08:37:56+03:00,1785735476,12427,62,3,31.6,41.4,,run
2026-08-03T08:38:01+03:00,1785735481,12432,62,3,31.6,41.4,,run
2026-08-03T08:38:06+03:00,1785735486,12437,62,3,31.6,42.9,,run
2026-08-03T08:38:11+03:00,1785735491,12442,62,3,31.6,43.2,,run
2026-08-03T08:38:17+03:00,1785735497,12448,62,3,31.6,42.6,,run
2026-08-03T08:38:22+03:00,1785735502,12453,62,3,31.6,41.7,,run
2026-08-03T08:38:27+03:00,1785735507,12458,62,3,31.6,41.4,,run
2026-08-03T08:38:32+03:00,1785735512,12463,62,3,31.6,45.1,,run
2026-08-03T08:38:38+03:00,1785735518,12469,62,3,31.6,47.6,,run
2026-08-03T08:38:43+03:00,1785735523,12474,62,3,31.6,44.5,,run
2026-08-03T08:38:48+03:00,1785735528,12479,62,3,31.6,43.6,,run
2026-08-03T08:38:53+03:00,1785735533,12484,62,3,31.6,42.3,,run
2026-08-03T08:38:58+03:00,1785735538,12489,62,3,31.6,41.7,,run
2026-08-03T08:39:04+03:00,1785735544,12495,62,3,31.6,41.7,,run
2026-08-03T08:39:09+03:00,1785735549,12500,62,3,31.6,41.1,,run
2026-08-03T08:39:14+03:00,1785735554,12505,62,3,31.6,42.3,,run
2026-08-03T08:39:19+03:00,1785735559,12510,62,3,31.6,42.0,,run
2026-08-03T08:39:24+03:00,1785735564,12515,62,3,31.6,55.0,,run
2026-08-03T08:39:30+03:00,1785735570,12521,62,3,31.6,47.9,,run
2026-08-03T08:39:35+03:00,1785735575,12526,62,3,31.6,45.7,,run
2026-08-03T08:39:41+03:00,1785735581,12532,62,3,31.6,42.3,,run
2026-08-03T08:39:46+03:00,1785735586,12537,62,3,31.6,43.6,,run
2026-08-03T08:39:51+03:00,1785735591,12542,62,3,31.6,43.2,,run
2026-08-03T08:39:56+03:00,1785735596,12547,62,3,31.6,43.6,,run
2026-08-03T08:40:02+03:00,1785735602,12553,62,3,31.6,43.6,,run
2026-08-03T08:40:07+03:00,1785735607,12558,62,3,31.6,44.2,,run
2026-08-03T08:40:12+03:00,1785735612,12563,62,3,31.6,42.0,,run
2026-08-03T08:40:17+03:00,1785735617,12568,62,3,31.6,42.0,,run
2026-08-03T08:40:22+03:00,1785735622,12573,62,3,31.6,42.6,,run
2026-08-03T08:40:28+03:00,1785735628,12579,62,3,31.6,42.6,,run
2026-08-03T08:40:33+03:00,1785735633,12584,62,3,31.6,43.9,,run
2026-08-03T08:40:38+03:00,1785735638,12589,62,3,31.6,47.3,,run
2026-08-03T08:40:43+03:00,1785735643,12594,62,3,31.6,55.3,,run
2026-08-03T08:40:49+03:00,1785735649,12600,62,3,31.7,48.8,,run
2026-08-03T08:40:54+03:00,1785735654,12605,62,3,31.7,43.2,,run
2026-08-03T08:40:59+03:00,1785735659,12610,62,3,31.7,42.0,,run
2026-08-03T08:41:04+03:00,1785735664,12615,62,3,31.7,41.7,,run
2026-08-03T08:41:10+03:00,1785735670,12621,62,3,31.7,40.5,,run
2026-08-03T08:41:15+03:00,1785735675,12626,62,3,31.7,40.8,,run
2026-08-03T08:41:20+03:00,1785735680,12631,62,3,31.7,42.0,,run
2026-08-03T08:41:25+03:00,1785735685,12636,62,3,31.7,43.9,,run
2026-08-03T08:41:31+03:00,1785735691,12642,62,3,31.7,47.3,,run
2026-08-03T08:41:36+03:00,1785735696,12647,62,3,31.7,46.3,,run
2026-08-03T08:41:41+03:00,1785735701,12652,62,3,31.7,45.7,,run
2026-08-03T08:41:46+03:00,1785735706,12657,62,3,31.7,42.9,,run
2026-08-03T08:41:52+03:00,1785735712,12663,62,3,31.7,42.0,,run
2026-08-03T08:41:57+03:00,1785735717,12668,62,3,31.7,42.0,,run
2026-08-03T08:42:02+03:00,1785735722,12673,62,3,31.7,41.4,,run
2026-08-03T08:42:07+03:00,1785735727,12678,62,3,31.7,42.6,,run
2026-08-03T08:42:12+03:00,1785735732,12683,62,3,31.7,44.2,,run
2026-08-03T08:42:18+03:00,1785735738,12689,62,3,31.7,42.6,,run
2026-08-03T08:42:23+03:00,1785735743,12694,62,3,31.7,41.1,,run
2026-08-03T08:42:28+03:00,1785735748,12699,62,3,31.7,41.4,,run
2026-08-03T08:42:33+03:00,1785735753,12704,62,3,31.7,41.1,,run
2026-08-03T08:42:39+03:00,1785735759,12710,62,3,31.7,42.9,,run
2026-08-03T08:42:44+03:00,1785735764,12715,62,3,31.7,51.0,,run
2026-08-03T08:42:50+03:00,1785735770,12721,62,3,31.7,47.3,,run
2026-08-03T08:42:55+03:00,1785735775,12726,62,3,31.7,45.4,,run
2026-08-03T08:43:00+03:00,1785735780,12731,62,3,31.7,42.0,,run
2026-08-03T08:43:05+03:00,1785735785,12736,62,3,31.7,42.9,,run
2026-08-03T08:43:11+03:00,1785735791,12742,62,3,31.7,41.7,,run
2026-08-03T08:43:16+03:00,1785735796,12747,62,3,31.7,41.4,,run
2026-08-03T08:43:21+03:00,1785735801,12752,62,3,31.7,40.8,,run
2026-08-03T08:43:26+03:00,1785735806,12757,62,3,31.7,45.7,,run
2026-08-03T08:43:32+03:00,1785735812,12763,62,3,31.7,54.7,,run
2026-08-03T08:43:37+03:00,1785735817,12768,62,3,31.7,45.1,,run
2026-08-03T08:43:42+03:00,1785735822,12773,62,3,31.7,48.8,,run
2026-08-03T08:43:48+03:00,1785735828,12779,62,3,31.7,44.8,,run
2026-08-03T08:43:53+03:00,1785735833,12784,62,3,31.7,41.7,,run
2026-08-03T08:43:58+03:00,1785735838,12789,62,3,31.7,41.7,,run
2026-08-03T08:44:03+03:00,1785735843,12794,62,3,31.7,41.4,,run
2026-08-03T08:44:08+03:00,1785735848,12799,62,3,31.7,43.9,,run
2026-08-03T08:44:14+03:00,1785735854,12805,62,3,31.7,42.0,,run
2026-08-03T08:44:19+03:00,1785735859,12810,62,3,31.7,42.0,,run
2026-08-03T08:44:24+03:00,1785735864,12815,62,3,31.7,41.1,,run
2026-08-03T08:44:29+03:00,1785735869,12820,62,3,31.7,41.4,,run
2026-08-03T08:44:35+03:00,1785735875,12826,62,3,31.7,41.1,,run
2026-08-03T08:44:40+03:00,1785735880,12831,62,3,31.7,42.9,,run
2026-08-03T08:44:45+03:00,1785735885,12836,62,3,31.7,48.5,,run
2026-08-03T08:44:50+03:00,1785735890,12841,62,3,31.7,47.9,,run
2026-08-03T08:44:55+03:00,1785735895,12846,62,3,31.7,45.1,,run
2026-08-03T08:45:01+03:00,1785735901,12852,62,3,31.7,46.7,,run
2026-08-03T08:45:06+03:00,1785735906,12857,62,3,31.7,43.6,,run
2026-08-03T08:45:11+03:00,1785735911,12862,62,3,31.7,41.1,,run
2026-08-03T08:45:16+03:00,1785735916,12867,62,3,31.7,40.8,,run
2026-08-03T08:45:22+03:00,1785735922,12873,62,3,31.7,42.0,,run
2026-08-03T08:45:27+03:00,1785735927,12878,62,3,31.7,41.7,,run
2026-08-03T08:45:32+03:00,1785735932,12883,62,3,31.7,42.9,,run
2026-08-03T08:45:37+03:00,1785735937,12888,62,3,31.7,51.3,,run
2026-08-03T08:45:43+03:00,1785735943,12894,62,3,31.7,42.3,,run
2026-08-03T08:45:48+03:00,1785735948,12899,62,3,31.7,48.5,,run
2026-08-03T08:45:53+03:00,1785735953,12904,62,3,31.7,45.7,,run
2026-08-03T08:45:58+03:00,1785735958,12909,62,3,31.7,43.2,,run
2026-08-03T08:46:03+03:00,1785735963,12914,62,3,31.7,44.5,,run
2026-08-03T08:46:09+03:00,1785735969,12920,62,3,31.7,42.3,,run
2026-08-03T08:46:14+03:00,1785735974,12925,62,3,31.7,41.7,,run
2026-08-03T08:46:19+03:00,1785735979,12930,62,3,31.7,42.9,,run
2026-08-03T08:46:24+03:00,1785735984,12935,62,3,31.7,43.6,,run
2026-08-03T08:46:30+03:00,1785735990,12941,62,3,31.7,42.0,,run
2026-08-03T08:46:35+03:00,1785735995,12946,62,3,31.7,42.3,,run
2026-08-03T08:46:40+03:00,1785736000,12951,62,3,31.7,42.0,,run
2026-08-03T08:46:45+03:00,1785736005,12956,62,3,31.7,41.1,,run
2026-08-03T08:46:50+03:00,1785736010,12961,62,3,31.7,51.0,,run
2026-08-03T08:46:56+03:00,1785736016,12967,62,3,31.7,43.9,,run
2026-08-03T08:47:01+03:00,1785736021,12972,62,3,31.7,41.7,,run
2026-08-03T08:47:06+03:00,1785736026,12977,62,3,31.7,45.7,,run
2026-08-03T08:47:12+03:00,1785736032,12983,61,3,31.8,43.2,,run
2026-08-03T08:47:17+03:00,1785736037,12988,61,3,31.8,41.4,,run
2026-08-03T08:47:22+03:00,1785736042,12993,61,3,31.8,41.7,,run
2026-08-03T08:47:27+03:00,1785736047,12998,61,3,31.8,41.4,,run
2026-08-03T08:47:33+03:00,1785736053,13004,61,3,31.8,40.8,,run
2026-08-03T08:47:38+03:00,1785736058,13009,61,3,31.8,51.3,,run
2026-08-03T08:47:43+03:00,1785736063,13014,61,3,31.8,43.9,,run
2026-08-03T08:47:49+03:00,1785736069,13020,61,3,31.8,42.3,,run
2026-08-03T08:47:54+03:00,1785736074,13025,61,3,31.8,45.7,,run
2026-08-03T08:47:59+03:00,1785736079,13030,61,3,31.8,42.9,,run
2026-08-03T08:48:04+03:00,1785736084,13035,61,3,31.8,42.0,,run
2026-08-03T08:48:10+03:00,1785736090,13041,61,3,31.8,42.9,,run
2026-08-03T08:48:15+03:00,1785736095,13046,61,3,31.8,42.0,,run
2026-08-03T08:48:20+03:00,1785736100,13051,61,3,31.8,42.3,,run
2026-08-03T08:48:25+03:00,1785736105,13056,61,3,31.8,42.9,,run
2026-08-03T08:48:30+03:00,1785736110,13061,61,3,31.8,42.6,,run
2026-08-03T08:48:36+03:00,1785736116,13067,61,3,31.8,41.1,,run
2026-08-03T08:48:41+03:00,1785736121,13072,61,3,31.8,42.3,,run
2026-08-03T08:48:46+03:00,1785736126,13077,61,3,31.8,41.1,,run
2026-08-03T08:48:51+03:00,1785736131,13082,61,3,31.8,42.3,,run
2026-08-03T08:48:57+03:00,1785736137,13088,61,3,31.8,51.9,,run
2026-08-03T08:49:02+03:00,1785736142,13093,61,3,31.8,46.3,,run
2026-08-03T08:49:07+03:00,1785736147,13098,61,3,31.8,42.3,,run
2026-08-03T08:49:13+03:00,1785736153,13104,61,3,31.8,44.2,,run
2026-08-03T08:49:18+03:00,1785736158,13109,61,3,31.8,41.4,,run
2026-08-03T08:49:23+03:00,1785736163,13114,61,3,31.8,41.1,,run
2026-08-03T08:49:28+03:00,1785736168,13119,61,3,31.8,42.0,,run
2026-08-03T08:49:33+03:00,1785736173,13124,61,3,31.8,41.4,,run
2026-08-03T08:49:39+03:00,1785736179,13130,61,3,31.8,40.8,,run
2026-08-03T08:49:44+03:00,1785736184,13135,61,3,31.8,51.3,,run
2026-08-03T08:49:49+03:00,1785736189,13140,61,3,31.8,43.6,,run
2026-08-03T08:49:54+03:00,1785736194,13145,61,3,31.8,45.4,,run
2026-08-03T08:50:00+03:00,1785736200,13151,61,3,31.8,46.7,,run
2026-08-03T08:50:05+03:00,1785736205,13156,61,3,31.8,45.1,,run
2026-08-03T08:50:10+03:00,1785736210,13161,61,3,31.8,44.2,,run
2026-08-03T08:50:15+03:00,1785736215,13166,61,3,31.8,43.2,,run
2026-08-03T08:50:20+03:00,1785736220,13171,61,3,31.8,44.5,,run
2026-08-03T08:50:26+03:00,1785736226,13177,61,3,31.8,42.6,,run
2026-08-03T08:50:31+03:00,1785736231,13182,61,3,31.8,43.6,,run
2026-08-03T08:50:36+03:00,1785736236,13187,61,3,31.8,43.6,,run
2026-08-03T08:50:41+03:00,1785736241,13192,61,3,31.8,43.2,,run
2026-08-03T08:50:47+03:00,1785736247,13198,61,3,31.8,42.9,,run
2026-08-03T08:50:52+03:00,1785736252,13203,61,3,31.7,43.6,,run
2026-08-03T08:50:57+03:00,1785736257,13208,61,3,31.7,48.2,,run
2026-08-03T08:51:02+03:00,1785736262,13213,61,3,31.7,47.3,,run
2026-08-03T08:51:07+03:00,1785736267,13218,61,3,31.7,44.5,,run
2026-08-03T08:51:13+03:00,1785736273,13224,61,3,31.7,41.1,,run
2026-08-03T08:51:18+03:00,1785736278,13229,61,3,31.7,42.9,,run
2026-08-03T08:51:23+03:00,1785736283,13234,61,3,31.7,45.1,,run
2026-08-03T08:51:28+03:00,1785736288,13239,61,3,31.7,46.7,,run
2026-08-03T08:51:34+03:00,1785736294,13245,61,3,31.7,42.9,,run
2026-08-03T08:51:39+03:00,1785736299,13250,61,3,31.7,42.0,,run
2026-08-03T08:51:44+03:00,1785736304,13255,61,3,31.7,42.3,,run
2026-08-03T08:51:49+03:00,1785736309,13260,61,3,31.7,41.4,,run
2026-08-03T08:51:55+03:00,1785736315,13266,61,3,31.7,43.9,,run
2026-08-03T08:52:00+03:00,1785736320,13271,61,3,31.7,42.0,,run
2026-08-03T08:52:05+03:00,1785736325,13276,61,3,31.7,45.1,,run
2026-08-03T08:52:10+03:00,1785736330,13281,61,3,31.7,42.9,,run
2026-08-03T08:52:15+03:00,1785736335,13286,61,3,31.7,42.3,,run
2026-08-03T08:52:21+03:00,1785736341,13292,61,3,31.7,41.4,,run
2026-08-03T08:52:26+03:00,1785736346,13297,61,3,31.7,41.7,,run
2026-08-03T08:52:31+03:00,1785736351,13302,61,3,31.7,43.6,,run
2026-08-03T08:52:36+03:00,1785736356,13307,61,3,31.7,41.7,,run
2026-08-03T08:52:42+03:00,1785736362,13313,61,3,31.7,51.6,,run
2026-08-03T08:52:47+03:00,1785736367,13318,61,3,31.7,44.8,,run
2026-08-03T08:52:52+03:00,1785736372,13323,61,3,31.7,42.3,,run
2026-08-03T08:52:58+03:00,1785736378,13329,61,3,31.7,41.1,,run
2026-08-03T08:53:03+03:00,1785736383,13334,61,3,31.7,41.7,,run
2026-08-03T08:53:08+03:00,1785736388,13339,61,3,31.7,51.6,,run
2026-08-03T08:53:13+03:00,1785736393,13344,61,3,31.7,43.6,,run
2026-08-03T08:53:19+03:00,1785736399,13350,61,3,31.7,42.9,,run
2026-08-03T08:53:24+03:00,1785736404,13355,61,3,31.7,48.2,,run
2026-08-03T08:53:29+03:00,1785736409,13360,61,3,31.7,45.4,,run
2026-08-03T08:53:34+03:00,1785736414,13365,61,3,31.7,42.6,,run
2026-08-03T08:53:40+03:00,1785736420,13371,61,3,31.7,42.6,,run
2026-08-03T08:53:45+03:00,1785736425,13376,61,3,31.7,41.4,,run
2026-08-03T08:53:50+03:00,1785736430,13381,61,3,31.7,42.0,,run
2026-08-03T08:53:55+03:00,1785736435,13386,61,3,31.7,43.9,,run
2026-08-03T08:54:00+03:00,1785736440,13391,61,3,31.7,42.3,,run
2026-08-03T08:54:06+03:00,1785736446,13397,61,3,31.7,41.7,,run
2026-08-03T08:54:11+03:00,1785736451,13402,61,3,31.7,46.7,,run
2026-08-03T08:54:16+03:00,1785736456,13407,61,3,31.7,43.2,,run
2026-08-03T08:54:21+03:00,1785736461,13412,61,3,31.7,52.2,,run
2026-08-03T08:54:27+03:00,1785736467,13418,61,3,31.7,44.8,,run
2026-08-03T08:54:32+03:00,1785736472,13423,61,3,31.7,43.6,,run
2026-08-03T08:54:37+03:00,1785736477,13428,61,3,31.7,42.3,,run
2026-08-03T08:54:42+03:00,1785736482,13433,61,3,31.7,43.2,,run
2026-08-03T08:54:48+03:00,1785736488,13439,61,3,31.7,51.6,,run
2026-08-03T08:54:53+03:00,1785736493,13444,61,3,31.7,43.2,,run
2026-08-03T08:54:58+03:00,1785736498,13449,61,3,31.7,45.1,,run
2026-08-03T08:55:04+03:00,1785736504,13455,61,3,31.7,43.9,,run
2026-08-03T08:55:09+03:00,1785736509,13460,61,3,31.7,42.6,,run
2026-08-03T08:55:14+03:00,1785736514,13465,61,3,31.7,41.4,,run
2026-08-03T08:55:19+03:00,1785736519,13470,61,3,31.7,42.6,,run
2026-08-03T08:55:25+03:00,1785736525,13476,61,3,31.7,42.3,,run
2026-08-03T08:55:30+03:00,1785736530,13481,61,3,31.7,46.3,,run
2026-08-03T08:55:35+03:00,1785736535,13486,61,3,31.7,44.8,,run
2026-08-03T08:55:40+03:00,1785736540,13491,61,3,31.7,42.6,,run
2026-08-03T08:55:45+03:00,1785736545,13496,61,3,31.7,41.4,,run
2026-08-03T08:55:51+03:00,1785736551,13502,61,3,31.7,48.2,,run
2026-08-03T08:55:56+03:00,1785736556,13507,61,3,31.7,41.7,,run
2026-08-03T08:56:01+03:00,1785736561,13512,61,3,31.7,49.4,,run
2026-08-03T08:56:06+03:00,1785736566,13517,61,3,31.7,51.0,,run
2026-08-03T08:56:12+03:00,1785736572,13523,61,3,31.7,46.7,,run
2026-08-03T08:56:17+03:00,1785736577,13528,61,3,31.7,44.2,,run
2026-08-03T08:56:22+03:00,1785736582,13533,61,3,31.7,47.3,,run
2026-08-03T08:56:27+03:00,1785736587,13538,61,3,31.7,43.6,,run
2026-08-03T08:56:33+03:00,1785736593,13544,61,3,31.7,40.8,,run
2026-08-03T08:56:38+03:00,1785736598,13549,61,3,31.7,41.7,,run
2026-08-03T08:56:43+03:00,1785736603,13554,61,3,31.7,40.8,,run
2026-08-03T08:56:49+03:00,1785736609,13560,61,3,31.7,41.1,,run
2026-08-03T08:56:54+03:00,1785736614,13565,60,3,31.7,53.5,,run
2026-08-03T08:56:59+03:00,1785736619,13570,60,3,31.7,45.4,,run
2026-08-03T08:57:05+03:00,1785736625,13576,60,3,31.7,42.9,,run
2026-08-03T08:57:10+03:00,1785736630,13581,60,3,31.7,43.2,,run
2026-08-03T08:57:15+03:00,1785736635,13586,60,3,31.7,42.3,,run
2026-08-03T08:57:20+03:00,1785736640,13591,60,3,31.7,43.2,,run
2026-08-03T08:57:26+03:00,1785736646,13597,60,3,31.7,41.7,,run
2026-08-03T08:57:31+03:00,1785736651,13602,60,3,31.7,43.2,,run
2026-08-03T08:57:36+03:00,1785736656,13607,60,3,31.7,42.3,,run
2026-08-03T08:57:41+03:00,1785736661,13612,60,3,31.7,45.4,,run
2026-08-03T08:57:47+03:00,1785736667,13618,60,3,31.7,44.8,,run
2026-08-03T08:57:52+03:00,1785736672,13623,60,3,31.7,42.3,,run
2026-08-03T08:57:57+03:00,1785736677,13628,60,3,31.7,42.0,,run
2026-08-03T08:58:02+03:00,1785736682,13633,60,3,31.7,44.2,,run
2026-08-03T08:58:08+03:00,1785736688,13639,60,3,31.7,45.7,,run
2026-08-03T08:58:13+03:00,1785736693,13644,60,3,31.7,53.8,,run
2026-08-03T08:58:18+03:00,1785736698,13649,60,3,31.7,46.0,,run
2026-08-03T08:58:23+03:00,1785736703,13654,60,3,31.7,42.6,,run
2026-08-03T08:58:29+03:00,1785736709,13660,60,3,31.7,42.9,,run
2026-08-03T08:58:34+03:00,1785736714,13665,60,3,31.7,43.2,,run
2026-08-03T08:58:39+03:00,1785736719,13670,60,3,31.7,40.8,,run
2026-08-03T08:58:44+03:00,1785736724,13675,60,3,31.7,41.4,,run
2026-08-03T08:58:49+03:00,1785736729,13680,60,3,31.7,42.0,,run
2026-08-03T08:58:55+03:00,1785736735,13686,60,3,31.7,42.0,,run
2026-08-03T08:59:00+03:00,1785736740,13691,60,3,31.7,52.5,,run
2026-08-03T08:59:05+03:00,1785736745,13696,60,3,31.7,43.2,,run
2026-08-03T08:59:10+03:00,1785736750,13701,60,3,31.7,42.6,,run
2026-08-03T08:59:16+03:00,1785736756,13707,60,3,31.7,44.2,,run
2026-08-03T08:59:21+03:00,1785736761,13712,60,3,31.7,42.0,,run
2026-08-03T08:59:26+03:00,1785736766,13717,60,3,31.7,42.3,,run
2026-08-03T08:59:31+03:00,1785736771,13722,60,3,31.7,41.4,,run
2026-08-03T08:59:36+03:00,1785736776,13727,60,3,31.7,41.4,,run
2026-08-03T08:59:42+03:00,1785736782,13733,60,3,31.7,42.6,,run
2026-08-03T08:59:47+03:00,1785736787,13738,60,3,31.7,47.0,,run
2026-08-03T08:59:52+03:00,1785736792,13743,60,3,31.7,44.2,,run
2026-08-03T08:59:57+03:00,1785736797,13748,60,3,31.7,42.3,,run
2026-08-03T09:00:03+03:00,1785736803,13754,60,3,31.7,42.3,,run
2026-08-03T09:00:08+03:00,1785736808,13759,60,3,31.7,42.0,,run
2026-08-03T09:00:13+03:00,1785736813,13764,60,3,31.7,45.4,,run
2026-08-03T09:00:18+03:00,1785736818,13769,60,3,31.7,47.9,,run
2026-08-03T09:00:24+03:00,1785736824,13775,60,3,31.7,47.0,,run
2026-08-03T09:00:29+03:00,1785736829,13780,60,3,31.7,42.6,,run
2026-08-03T09:00:34+03:00,1785736834,13785,60,3,31.7,41.4,,run
2026-08-03T09:00:39+03:00,1785736839,13790,60,3,31.7,40.8,,run
2026-08-03T09:00:44+03:00,1785736844,13795,60,3,31.7,41.1,,run
2026-08-03T09:00:50+03:00,1785736850,13801,60,3,31.6,44.2,,run
2026-08-03T09:00:55+03:00,1785736855,13806,60,3,31.6,42.0,,run
2026-08-03T09:01:00+03:00,1785736860,13811,60,3,31.6,51.6,,run
2026-08-03T09:01:06+03:00,1785736866,13817,60,3,31.6,44.2,,run
2026-08-03T09:01:11+03:00,1785736871,13822,60,3,31.6,43.2,,run
2026-08-03T09:01:16+03:00,1785736876,13827,60,3,31.6,44.2,,run
2026-08-03T09:01:21+03:00,1785736881,13832,60,3,31.6,42.0,,run
2026-08-03T09:01:27+03:00,1785736887,13838,60,3,31.6,41.4,,run
2026-08-03T09:01:32+03:00,1785736892,13843,60,3,31.6,41.4,,run
2026-08-03T09:01:37+03:00,1785736897,13848,60,3,31.6,46.3,,run
2026-08-03T09:01:42+03:00,1785736902,13853,60,3,31.6,44.5,,run
2026-08-03T09:01:47+03:00,1785736907,13858,60,3,31.6,43.9,,run
2026-08-03T09:01:53+03:00,1785736913,13864,60,3,31.6,43.2,,run
2026-08-03T09:01:58+03:00,1785736918,13869,60,3,31.6,42.3,,run
2026-08-03T09:02:03+03:00,1785736923,13874,60,3,31.6,45.4,,run
2026-08-03T09:02:08+03:00,1785736928,13879,60,3,31.6,43.6,,run
2026-08-03T09:02:14+03:00,1785736934,13885,60,3,31.6,42.3,,run
2026-08-03T09:02:19+03:00,1785736939,13890,60,3,31.6,52.2,,run
2026-08-03T09:02:24+03:00,1785736944,13895,60,3,31.6,46.3,,run
2026-08-03T09:02:29+03:00,1785736949,13900,60,3,31.6,41.7,,run
2026-08-03T09:02:35+03:00,1785736955,13906,60,3,31.6,40.5,,run
2026-08-03T09:02:40+03:00,1785736960,13911,60,3,31.6,43.2,,run
2026-08-03T09:02:45+03:00,1785736965,13916,60,3,31.6,47.0,,run
2026-08-03T09:02:50+03:00,1785736970,13921,60,3,31.6,44.2,,run
2026-08-03T09:02:56+03:00,1785736976,13927,60,3,31.6,42.6,,run
2026-08-03T09:03:01+03:00,1785736981,13932,60,3,31.6,41.1,,run
2026-08-03T09:03:06+03:00,1785736986,13937,60,3,31.6,41.1,,run
2026-08-03T09:03:12+03:00,1785736992,13943,60,3,31.6,41.1,,run
2026-08-03T09:03:17+03:00,1785736997,13948,60,3,31.6,42.3,,run
2026-08-03T09:03:22+03:00,1785737002,13953,60,3,31.6,45.7,,run
2026-08-03T09:03:27+03:00,1785737007,13958,60,3,31.6,45.4,,run
2026-08-03T09:03:32+03:00,1785737012,13963,60,3,31.6,42.9,,run
2026-08-03T09:03:38+03:00,1785737018,13969,60,3,31.6,42.0,,run
2026-08-03T09:03:43+03:00,1785737023,13974,60,3,31.6,41.4,,run
2026-08-03T09:03:48+03:00,1785737028,13979,60,3,31.6,42.3,,run
2026-08-03T09:03:53+03:00,1785737033,13984,60,3,31.6,47.0,,run
2026-08-03T09:03:59+03:00,1785737039,13990,60,3,31.6,51.9,,run
2026-08-03T09:04:04+03:00,1785737044,13995,60,3,31.6,43.2,,run
2026-08-03T09:04:09+03:00,1785737049,14000,60,3,31.6,43.2,,run
2026-08-03T09:04:15+03:00,1785737055,14006,60,3,31.6,41.7,,run
2026-08-03T09:04:20+03:00,1785737060,14011,60,3,31.6,40.5,,run
2026-08-03T09:04:25+03:00,1785737065,14016,60,3,31.6,40.8,,run
2026-08-03T09:04:30+03:00,1785737070,14021,60,3,31.6,41.4,,run
2026-08-03T09:04:36+03:00,1785737076,14027,60,3,31.6,40.8,,run
2026-08-03T09:04:41+03:00,1785737081,14032,60,3,31.6,42.0,,run
2026-08-03T09:04:46+03:00,1785737086,14037,60,3,31.6,51.0,,run
2026-08-03T09:04:52+03:00,1785737092,14043,60,3,31.6,47.0,,run
2026-08-03T09:04:57+03:00,1785737097,14048,60,3,31.6,45.4,,run
2026-08-03T09:05:02+03:00,1785737102,14053,60,3,31.6,43.6,,run
2026-08-03T09:05:08+03:00,1785737108,14059,60,3,31.6,45.7,,run
2026-08-03T09:05:13+03:00,1785737113,14064,60,3,31.6,45.1,,run
2026-08-03T09:05:18+03:00,1785737118,14069,60,3,31.6,44.2,,run
2026-08-03T09:05:23+03:00,1785737123,14074,59,3,31.7,43.9,,run
2026-08-03T09:05:28+03:00,1785737128,14079,59,3,31.7,42.6,,run
2026-08-03T09:05:34+03:00,1785737134,14085,59,3,31.7,41.7,,run
2026-08-03T09:05:39+03:00,1785737139,14090,59,3,31.7,41.1,,run
2026-08-03T09:05:44+03:00,1785737144,14095,59,3,31.7,41.4,,run
2026-08-03T09:05:49+03:00,1785737149,14100,59,3,31.7,41.1,,run
2026-08-03T09:05:55+03:00,1785737155,14106,59,3,31.7,43.9,,run
2026-08-03T09:06:00+03:00,1785737160,14111,59,3,31.7,50.1,,run
2026-08-03T09:06:05+03:00,1785737165,14116,59,3,31.7,53.1,,run
2026-08-03T09:06:10+03:00,1785737170,14121,59,3,31.7,48.2,,run
2026-08-03T09:06:16+03:00,1785737176,14127,59,3,31.7,42.6,,run
2026-08-03T09:06:21+03:00,1785737181,14132,59,3,31.7,42.0,,run
2026-08-03T09:06:26+03:00,1785737186,14137,59,3,31.7,41.7,,run
2026-08-03T09:06:31+03:00,1785737191,14142,59,3,31.7,40.2,,run
2026-08-03T09:06:37+03:00,1785737197,14148,59,3,31.7,40.5,,run
2026-08-03T09:06:42+03:00,1785737202,14153,59,3,31.7,40.5,,run
2026-08-03T09:06:47+03:00,1785737207,14158,59,3,31.7,45.1,,run
2026-08-03T09:06:52+03:00,1785737212,14163,59,3,31.7,44.2,,run
2026-08-03T09:06:58+03:00,1785737218,14169,59,3,31.7,42.0,,run
2026-08-03T09:07:03+03:00,1785737223,14174,59,3,31.7,44.8,,run
2026-08-03T09:07:08+03:00,1785737228,14179,59,3,31.7,42.6,,run
2026-08-03T09:07:13+03:00,1785737233,14184,59,3,31.7,42.3,,run
2026-08-03T09:07:19+03:00,1785737239,14190,59,3,31.7,40.8,,run
2026-08-03T09:07:24+03:00,1785737244,14195,59,3,31.7,46.3,,run
2026-08-03T09:07:29+03:00,1785737249,14200,59,3,31.7,43.2,,run
2026-08-03T09:07:34+03:00,1785737254,14205,59,3,31.7,42.9,,run
2026-08-03T09:07:39+03:00,1785737259,14210,59,3,31.7,42.3,,run
2026-08-03T09:07:45+03:00,1785737265,14216,59,3,31.7,42.0,,run
2026-08-03T09:07:50+03:00,1785737270,14221,59,3,31.7,42.0,,run
2026-08-03T09:07:55+03:00,1785737275,14226,59,3,31.7,41.1,,run
2026-08-03T09:08:00+03:00,1785737280,14231,59,3,31.7,40.8,,run
2026-08-03T09:08:06+03:00,1785737286,14237,59,3,31.7,51.6,,run
2026-08-03T09:08:11+03:00,1785737291,14242,59,3,31.7,47.9,,run
2026-08-03T09:08:16+03:00,1785737296,14247,59,3,31.7,44.2,,run
2026-08-03T09:08:22+03:00,1785737302,14253,59,3,31.7,41.7,,run
2026-08-03T09:08:27+03:00,1785737307,14258,59,3,31.7,41.4,,run
2026-08-03T09:08:32+03:00,1785737312,14263,59,3,31.7,41.4,,run
2026-08-03T09:08:37+03:00,1785737317,14268,59,3,31.7,41.1,,run
2026-08-03T09:08:43+03:00,1785737323,14274,59,3,31.7,40.8,,run
2026-08-03T09:08:48+03:00,1785737328,14279,59,3,31.7,44.2,,run
2026-08-03T09:08:53+03:00,1785737333,14284,59,3,31.7,49.1,,run
2026-08-03T09:08:58+03:00,1785737338,14289,59,3,31.7,44.2,,run
2026-08-03T09:09:03+03:00,1785737343,14294,59,3,31.7,43.2,,run
2026-08-03T09:09:09+03:00,1785737349,14300,59,3,31.7,42.9,,run
2026-08-03T09:09:14+03:00,1785737354,14305,59,3,31.7,42.3,,run
2026-08-03T09:09:19+03:00,1785737359,14310,59,3,31.7,44.8,,run
2026-08-03T09:09:24+03:00,1785737364,14315,59,3,31.7,45.1,,run
2026-08-03T09:09:30+03:00,1785737370,14321,59,3,31.7,45.4,,run
2026-08-03T09:09:35+03:00,1785737375,14326,59,3,31.7,43.6,,run
2026-08-03T09:09:40+03:00,1785737380,14331,59,3,31.7,42.9,,run
2026-08-03T09:09:45+03:00,1785737385,14336,59,3,31.7,41.7,,run
2026-08-03T09:09:51+03:00,1785737391,14342,59,3,31.7,44.5,,run
2026-08-03T09:09:56+03:00,1785737396,14347,59,3,31.7,43.2,,run
2026-08-03T09:10:01+03:00,1785737401,14352,59,3,31.7,42.6,,run
2026-08-03T09:10:06+03:00,1785737406,14357,59,3,31.7,51.3,,run
2026-08-03T09:10:12+03:00,1785737412,14363,59,3,31.7,42.3,,run
2026-08-03T09:10:17+03:00,1785737417,14368,59,3,31.7,46.0,,run
2026-08-03T09:10:22+03:00,1785737422,14373,59,3,31.7,47.0,,run
2026-08-03T09:10:27+03:00,1785737427,14378,59,3,31.7,41.1,,run
2026-08-03T09:10:33+03:00,1785737433,14384,59,3,31.7,40.2,,run
2026-08-03T09:10:38+03:00,1785737438,14389,59,3,31.7,41.4,,run
2026-08-03T09:10:43+03:00,1785737443,14394,59,3,31.7,40.8,,run
2026-08-03T09:10:48+03:00,1785737448,14399,59,3,31.4,41.7,,run
2026-08-03T09:10:54+03:00,1785737454,14405,59,3,31.4,51.9,,run
2026-08-03T09:10:59+03:00,1785737459,14410,59,3,31.4,45.1,,run
2026-08-03T09:11:04+03:00,1785737464,14415,59,3,31.4,42.6,,run
2026-08-03T09:11:09+03:00,1785737469,14420,59,3,31.4,42.0,,run
2026-08-03T09:11:15+03:00,1785737475,14426,59,3,31.4,42.0,,run
2026-08-03T09:11:20+03:00,1785737480,14431,59,3,31.4,41.1,,run
2026-08-03T09:11:25+03:00,1785737485,14436,59,3,31.4,41.7,,run
2026-08-03T09:11:30+03:00,1785737490,14441,59,3,31.4,43.6,,run
2026-08-03T09:11:35+03:00,1785737495,14446,59,3,31.4,46.0,,run
2026-08-03T09:11:41+03:00,1785737501,14452,59,3,31.4,44.5,,run
2026-08-03T09:11:46+03:00,1785737506,14457,59,3,31.4,42.3,,run
2026-08-03T09:11:51+03:00,1785737511,14462,59,3,31.4,42.0,,run
2026-08-03T09:11:56+03:00,1785737516,14467,59,3,31.4,40.8,,run
2026-08-03T09:12:02+03:00,1785737522,14473,59,3,31.4,44.2,,run
2026-08-03T09:12:07+03:00,1785737527,14478,59,3,31.4,48.5,,run
2026-08-03T09:12:12+03:00,1785737532,14483,59,3,31.4,46.0,,run
2026-08-03T09:12:17+03:00,1785737537,14488,59,3,31.4,42.9,,run
2026-08-03T09:12:23+03:00,1785737543,14494,59,3,31.4,41.7,,run
2026-08-03T09:12:28+03:00,1785737548,14499,59,3,31.4,41.1,,run
2026-08-03T09:12:33+03:00,1785737553,14504,59,3,31.4,40.5,,run
2026-08-03T09:12:38+03:00,1785737558,14509,59,3,31.4,40.2,,run
2026-08-03T09:12:43+03:00,1785737563,14514,59,3,31.4,41.1,,run
2026-08-03T09:12:49+03:00,1785737569,14520,59,3,31.4,41.1,,run
2026-08-03T09:12:54+03:00,1785737574,14525,59,3,31.4,50.4,,run
2026-08-03T09:13:00+03:00,1785737580,14531,59,3,31.4,43.2,,run
2026-08-03T09:13:05+03:00,1785737585,14536,59,3,31.4,42.9,,run
2026-08-03T09:13:10+03:00,1785737590,14541,59,3,31.4,42.9,,run
2026-08-03T09:13:15+03:00,1785737595,14546,59,3,31.4,45.1,,run
2026-08-03T09:13:20+03:00,1785737600,14551,59,3,31.4,42.9,,run
2026-08-03T09:13:26+03:00,1785737606,14557,59,3,31.4,47.9,,run
2026-08-03T09:13:31+03:00,1785737611,14562,59,3,31.4,44.2,,run
2026-08-03T09:13:36+03:00,1785737616,14567,59,3,31.4,42.6,,run
2026-08-03T09:13:41+03:00,1785737621,14572,59,3,31.4,43.9,,run
2026-08-03T09:13:47+03:00,1785737627,14578,59,3,31.4,42.3,,run
2026-08-03T09:13:52+03:00,1785737632,14583,59,3,31.4,40.8,,run
2026-08-03T09:13:57+03:00,1785737637,14588,58,3,31.5,41.1,,run
2026-08-03T09:14:02+03:00,1785737642,14593,58,3,31.5,41.7,,run
2026-08-03T09:14:07+03:00,1785737647,14598,58,3,31.5,46.0,,run
2026-08-03T09:14:13+03:00,1785737653,14604,58,3,31.5,52.5,,run
2026-08-03T09:14:18+03:00,1785737658,14609,58,3,31.5,50.4,,run
2026-08-03T09:14:23+03:00,1785737663,14614,58,3,31.5,42.6,,run
2026-08-03T09:14:29+03:00,1785737669,14620,58,3,31.5,41.4,,run
2026-08-03T09:14:34+03:00,1785737674,14625,58,3,31.5,42.0,,run
2026-08-03T09:14:39+03:00,1785737679,14630,58,3,31.5,40.2,,run
2026-08-03T09:14:44+03:00,1785737684,14635,58,3,31.5,41.4,,run
2026-08-03T09:14:49+03:00,1785737689,14640,58,3,31.5,41.1,,run
2026-08-03T09:14:55+03:00,1785737695,14646,58,3,31.5,45.4,,run
2026-08-03T09:15:00+03:00,1785737700,14651,58,3,31.5,50.1,,run
2026-08-03T09:15:05+03:00,1785737705,14656,58,3,31.5,42.6,,run
2026-08-03T09:15:11+03:00,1785737711,14662,58,3,31.5,43.2,,run
2026-08-03T09:15:16+03:00,1785737716,14667,58,3,31.5,43.9,,run
2026-08-03T09:15:21+03:00,1785737721,14672,58,3,31.5,44.2,,run
2026-08-03T09:15:26+03:00,1785737726,14677,58,3,31.5,45.4,,run
2026-08-03T09:15:31+03:00,1785737731,14682,58,3,31.5,46.0,,run
2026-08-03T09:15:37+03:00,1785737737,14688,58,3,31.5,47.0,,run
2026-08-03T09:15:42+03:00,1785737742,14693,58,3,31.5,44.5,,run
2026-08-03T09:15:47+03:00,1785737747,14698,58,3,31.5,42.9,,run
2026-08-03T09:15:52+03:00,1785737752,14703,58,3,31.5,44.2,,run
2026-08-03T09:15:58+03:00,1785737758,14709,58,3,31.5,43.2,,run
2026-08-03T09:16:03+03:00,1785737763,14714,58,3,31.5,42.9,,run
2026-08-03T09:16:08+03:00,1785737768,14719,58,3,31.5,42.6,,run
2026-08-03T09:16:13+03:00,1785737773,14724,58,3,31.5,53.8,,run
2026-08-03T09:16:19+03:00,1785737779,14730,58,3,31.5,45.4,,run
2026-08-03T09:16:24+03:00,1785737784,14735,58,3,31.5,45.1,,run
2026-08-03T09:16:29+03:00,1785737789,14740,58,3,31.5,42.3,,run
2026-08-03T09:16:35+03:00,1785737795,14746,58,3,31.5,42.0,,run
2026-08-03T09:16:40+03:00,1785737800,14751,58,3,31.5,41.4,,run
2026-08-03T09:16:45+03:00,1785737805,14756,58,3,31.5,41.1,,run
2026-08-03T09:16:50+03:00,1785737810,14761,58,3,31.5,42.6,,run
2026-08-03T09:16:55+03:00,1785737815,14766,58,3,31.5,43.6,,run
2026-08-03T09:17:01+03:00,1785737821,14772,58,3,31.5,51.3,,run
2026-08-03T09:17:06+03:00,1785737826,14777,58,3,31.5,43.2,,run
2026-08-03T09:17:11+03:00,1785737831,14782,58,3,31.5,42.3,,run
2026-08-03T09:17:17+03:00,1785737837,14788,58,3,31.5,41.4,,run
2026-08-03T09:17:22+03:00,1785737842,14793,58,3,31.5,41.7,,run
2026-08-03T09:17:27+03:00,1785737847,14798,58,3,31.5,42.3,,run
2026-08-03T09:17:32+03:00,1785737852,14803,58,3,31.5,44.2,,run
2026-08-03T09:17:37+03:00,1785737857,14808,58,3,31.5,45.4,,run
2026-08-03T09:17:43+03:00,1785737863,14814,58,3,31.5,43.9,,run
2026-08-03T09:17:48+03:00,1785737868,14819,58,3,31.5,42.9,,run
2026-08-03T09:17:53+03:00,1785737873,14824,58,3,31.5,41.4,,run
2026-08-03T09:17:58+03:00,1785737878,14829,58,3,31.5,44.5,,run
2026-08-03T09:18:04+03:00,1785737884,14835,58,3,31.5,46.0,,run
2026-08-03T09:18:09+03:00,1785737889,14840,58,3,31.5,45.4,,run
2026-08-03T09:18:14+03:00,1785737894,14845,58,3,31.5,53.1,,run
2026-08-03T09:18:19+03:00,1785737899,14850,58,3,31.5,46.7,,run
2026-08-03T09:18:25+03:00,1785737905,14856,58,3,31.5,51.0,,run
2026-08-03T09:18:30+03:00,1785737910,14861,58,3,31.5,44.5,,run
2026-08-03T09:18:35+03:00,1785737915,14866,58,3,31.5,43.2,,run
2026-08-03T09:18:40+03:00,1785737920,14871,58,3,31.5,56.2,,run
2026-08-03T09:18:46+03:00,1785737926,14877,58,3,31.5,46.7,,run
2026-08-03T09:18:51+03:00,1785737931,14882,58,3,31.5,42.6,,run
2026-08-03T09:18:56+03:00,1785737936,14887,58,3,31.5,42.6,,run
2026-08-03T09:19:02+03:00,1785737942,14893,58,3,31.5,42.3,,run
2026-08-03T09:19:07+03:00,1785737947,14898,58,3,31.5,42.0,,run
2026-08-03T09:19:12+03:00,1785737952,14903,58,3,31.5,41.7,,run
2026-08-03T09:19:17+03:00,1785737957,14908,58,3,31.5,44.2,,run
2026-08-03T09:19:22+03:00,1785737962,14913,58,3,31.5,41.7,,run
2026-08-03T09:19:28+03:00,1785737968,14919,58,3,31.5,42.0,,run
2026-08-03T09:19:33+03:00,1785737973,14924,58,3,31.5,41.4,,run
2026-08-03T09:19:38+03:00,1785737978,14929,58,3,31.5,41.1,,run
2026-08-03T09:19:43+03:00,1785737983,14934,58,3,31.5,45.4,,run
2026-08-03T09:19:49+03:00,1785737989,14940,58,3,31.5,44.5,,run
2026-08-03T09:19:54+03:00,1785737994,14945,58,3,31.5,49.1,,run
2026-08-03T09:19:59+03:00,1785737999,14950,58,3,31.5,48.5,,run
2026-08-03T09:20:04+03:00,1785738004,14955,58,3,31.5,43.6,,run
2026-08-03T09:20:09+03:00,1785738009,14960,58,3,31.5,42.3,,run
2026-08-03T09:20:15+03:00,1785738015,14966,58,3,31.5,41.4,,run
2026-08-03T09:20:20+03:00,1785738020,14971,58,3,31.5,40.8,,run
2026-08-03T09:20:25+03:00,1785738025,14976,58,3,31.5,40.5,,run
2026-08-03T09:20:30+03:00,1785738030,14981,58,3,31.5,39.8,,run
2026-08-03T09:20:36+03:00,1785738036,14987,58,3,31.5,42.9,,run
2026-08-03T09:20:41+03:00,1785738041,14992,58,3,31.5,44.8,,run
2026-08-03T09:20:46+03:00,1785738046,14997,58,3,31.5,44.5,,run
2026-08-03T09:20:51+03:00,1785738051,15002,58,3,31.5,41.4,,run
2026-08-03T09:20:57+03:00,1785738057,15008,58,3,31.5,43.9,,run
2026-08-03T09:21:02+03:00,1785738062,15013,58,3,31.5,42.0,,run
2026-08-03T09:21:07+03:00,1785738067,15018,58,3,31.5,42.6,,run
2026-08-03T09:21:12+03:00,1785738072,15023,58,3,31.5,42.0,,run
2026-08-03T09:21:17+03:00,1785738077,15028,58,3,31.5,42.0,,run
2026-08-03T09:21:23+03:00,1785738083,15034,58,3,31.5,41.1,,run
2026-08-03T09:21:28+03:00,1785738088,15039,58,3,31.5,43.6,,run
2026-08-03T09:21:33+03:00,1785738093,15044,58,3,31.5,41.4,,run
2026-08-03T09:21:38+03:00,1785738098,15049,58,3,31.5,42.3,,run
2026-08-03T09:21:43+03:00,1785738103,15054,58,3,31.5,41.1,,run
2026-08-03T09:21:49+03:00,1785738109,15060,58,3,31.5,45.7,,run
2026-08-03T09:21:54+03:00,1785738114,15065,58,3,31.5,44.2,,run
2026-08-03T09:21:59+03:00,1785738119,15070,58,3,31.5,52.5,,run
2026-08-03T09:22:05+03:00,1785738125,15076,58,3,31.5,45.1,,run
2026-08-03T09:22:10+03:00,1785738130,15081,58,3,31.5,41.7,,run
2026-08-03T09:22:15+03:00,1785738135,15086,58,3,31.5,41.7,,run
2026-08-03T09:22:20+03:00,1785738140,15091,58,3,31.5,43.9,,run
2026-08-03T09:22:26+03:00,1785738146,15097,58,3,31.5,46.7,,run
2026-08-03T09:22:31+03:00,1785738151,15102,57,3,31.5,43.6,,run
2026-08-03T09:22:36+03:00,1785738156,15107,57,3,31.5,43.9,,run
2026-08-03T09:22:42+03:00,1785738162,15113,57,3,31.5,44.8,,run
2026-08-03T09:22:47+03:00,1785738167,15118,57,3,31.5,42.9,,run
2026-08-03T09:22:52+03:00,1785738172,15123,57,3,31.5,41.1,,run
2026-08-03T09:22:57+03:00,1785738177,15128,57,3,31.5,43.2,,run
2026-08-03T09:23:02+03:00,1785738182,15133,57,3,31.5,43.9,,run
2026-08-03T09:23:08+03:00,1785738188,15139,57,3,31.5,42.6,,run
2026-08-03T09:23:13+03:00,1785738193,15144,57,3,31.5,42.0,,run
2026-08-03T09:23:18+03:00,1785738198,15149,57,3,31.5,42.3,,run
2026-08-03T09:23:23+03:00,1785738203,15154,57,3,31.5,40.8,,run
2026-08-03T09:23:29+03:00,1785738209,15160,57,3,31.5,42.9,,run
2026-08-03T09:23:34+03:00,1785738214,15165,57,3,31.5,42.6,,run
2026-08-03T09:23:39+03:00,1785738219,15170,57,3,31.5,51.9,,run
2026-08-03T09:23:45+03:00,1785738225,15176,57,3,31.5,45.7,,run
2026-08-03T09:23:50+03:00,1785738230,15181,57,3,31.5,42.6,,run
2026-08-03T09:23:55+03:00,1785738235,15186,57,3,31.5,42.0,,run
2026-08-03T09:24:00+03:00,1785738240,15191,57,3,31.5,47.9,,run
2026-08-03T09:24:06+03:00,1785738246,15197,57,3,31.5,52.8,,run
2026-08-03T09:24:11+03:00,1785738251,15202,57,3,31.5,43.6,,run
2026-08-03T09:24:16+03:00,1785738256,15207,57,3,31.5,43.2,,run
2026-08-03T09:24:21+03:00,1785738261,15212,57,3,31.5,43.9,,run
2026-08-03T09:24:27+03:00,1785738267,15218,57,3,31.5,41.7,,run
2026-08-03T09:24:32+03:00,1785738272,15223,57,3,31.5,41.4,,run
2026-08-03T09:24:37+03:00,1785738277,15228,57,3,31.5,41.4,,run
2026-08-03T09:24:42+03:00,1785738282,15233,57,3,31.5,41.7,,run
2026-08-03T09:24:47+03:00,1785738287,15238,57,3,31.5,45.7,,run
2026-08-03T09:24:53+03:00,1785738293,15244,57,3,31.5,43.6,,run
2026-08-03T09:24:58+03:00,1785738298,15249,57,3,31.5,41.7,,run
2026-08-03T09:25:03+03:00,1785738303,15254,57,3,31.5,42.6,,run
2026-08-03T09:25:08+03:00,1785738308,15259,57,3,31.5,41.1,,run
2026-08-03T09:25:14+03:00,1785738314,15265,57,3,31.5,40.8,,run
2026-08-03T09:25:19+03:00,1785738319,15270,57,3,31.5,44.8,,run
2026-08-03T09:25:24+03:00,1785738324,15275,57,3,31.5,46.0,,run
2026-08-03T09:25:29+03:00,1785738329,15280,57,3,31.5,42.3,,run
2026-08-03T09:25:34+03:00,1785738334,15285,57,3,31.5,41.1,,run
2026-08-03T09:25:40+03:00,1785738340,15291,57,3,31.5,41.7,,run
2026-08-03T09:25:45+03:00,1785738345,15296,57,3,31.5,40.2,,run
2026-08-03T09:25:50+03:00,1785738350,15301,57,3,31.5,42.3,,run
2026-08-03T09:25:55+03:00,1785738355,15306,57,3,31.5,41.4,,run
2026-08-03T09:26:01+03:00,1785738361,15312,57,3,31.5,40.5,,run
2026-08-03T09:26:06+03:00,1785738366,15317,57,3,31.5,57.5,,run
2026-08-03T09:26:11+03:00,1785738371,15322,57,3,31.5,48.8,,run
2026-08-03T09:26:17+03:00,1785738377,15328,57,3,31.5,44.5,,run
2026-08-03T09:26:22+03:00,1785738382,15333,57,3,31.5,42.6,,run
2026-08-03T09:26:27+03:00,1785738387,15338,57,3,31.5,41.1,,run
2026-08-03T09:26:32+03:00,1785738392,15343,57,3,31.5,43.2,,run
2026-08-03T09:26:38+03:00,1785738398,15349,57,3,31.5,46.7,,run
2026-08-03T09:26:43+03:00,1785738403,15354,57,3,31.5,42.3,,run
2026-08-03T09:26:48+03:00,1785738408,15359,57,3,31.5,41.4,,run
2026-08-03T09:26:53+03:00,1785738413,15364,57,3,31.5,43.9,,run
2026-08-03T09:26:58+03:00,1785738418,15369,57,3,31.5,46.3,,run
2026-08-03T09:27:04+03:00,1785738424,15375,57,3,31.5,42.0,,run
2026-08-03T09:27:09+03:00,1785738429,15380,57,3,31.5,42.6,,run
2026-08-03T09:27:14+03:00,1785738434,15385,57,3,31.5,44.8,,run
2026-08-03T09:27:19+03:00,1785738439,15390,57,3,31.5,45.7,,run
2026-08-03T09:27:25+03:00,1785738445,15396,57,3,31.5,47.6,,run
2026-08-03T09:27:30+03:00,1785738450,15401,57,3,31.5,46.3,,run
2026-08-03T09:27:35+03:00,1785738455,15406,57,3,31.5,40.8,,run
2026-08-03T09:27:40+03:00,1785738460,15411,57,3,31.5,41.7,,run
2026-08-03T09:27:45+03:00,1785738465,15416,57,3,31.5,41.7,,run
2026-08-03T09:27:51+03:00,1785738471,15422,57,3,31.5,40.8,,run
2026-08-03T09:27:56+03:00,1785738476,15427,57,3,31.5,43.6,,run
2026-08-03T09:28:01+03:00,1785738481,15432,57,3,31.5,42.0,,run
2026-08-03T09:28:06+03:00,1785738486,15437,57,3,31.5,45.4,,run
2026-08-03T09:28:12+03:00,1785738492,15443,57,3,31.5,47.3,,run
2026-08-03T09:28:17+03:00,1785738497,15448,57,3,31.5,45.4,,run
2026-08-03T09:28:22+03:00,1785738502,15453,57,3,31.5,46.3,,run
2026-08-03T09:28:27+03:00,1785738507,15458,57,3,31.5,45.7,,run
2026-08-03T09:28:33+03:00,1785738513,15464,57,3,31.5,46.3,,run
2026-08-03T09:28:38+03:00,1785738518,15469,57,3,31.5,44.5,,run
2026-08-03T09:28:43+03:00,1785738523,15474,57,3,31.5,45.4,,run
2026-08-03T09:28:48+03:00,1785738528,15479,57,3,31.5,44.8,,run
2026-08-03T09:28:53+03:00,1785738533,15484,57,3,31.5,44.2,,run
2026-08-03T09:28:59+03:00,1785738539,15490,57,3,31.5,43.2,,run
2026-08-03T09:29:04+03:00,1785738544,15495,57,3,31.5,42.6,,run
2026-08-03T09:29:09+03:00,1785738549,15500,57,3,31.5,43.9,,run
2026-08-03T09:29:14+03:00,1785738554,15505,57,3,31.5,42.9,,run
2026-08-03T09:29:20+03:00,1785738560,15511,57,3,31.5,42.0,,run
2026-08-03T09:29:25+03:00,1785738565,15516,57,3,31.5,51.6,,run
2026-08-03T09:29:30+03:00,1785738570,15521,57,3,31.5,43.6,,run
2026-08-03T09:29:36+03:00,1785738576,15527,57,3,31.5,43.2,,run
2026-08-03T09:29:41+03:00,1785738581,15532,57,3,31.5,42.0,,run
2026-08-03T09:29:46+03:00,1785738586,15537,57,3,31.5,41.7,,run
2026-08-03T09:29:51+03:00,1785738591,15542,57,3,31.5,40.5,,run
2026-08-03T09:29:57+03:00,1785738597,15548,57,3,31.5,41.4,,run
2026-08-03T09:30:02+03:00,1785738602,15553,57,3,31.5,40.8,,run
2026-08-03T09:30:07+03:00,1785738607,15558,57,3,31.5,45.4,,run
2026-08-03T09:30:12+03:00,1785738612,15563,57,3,31.5,53.8,,run
2026-08-03T09:30:17+03:00,1785738617,15568,57,3,31.5,45.7,,run
2026-08-03T09:30:23+03:00,1785738623,15574,57,3,31.5,44.2,,run
2026-08-03T09:30:28+03:00,1785738628,15579,57,3,31.5,42.6,,run
2026-08-03T09:30:33+03:00,1785738633,15584,57,3,31.5,42.3,,run
2026-08-03T09:30:38+03:00,1785738638,15589,57,3,31.5,42.3,,run
2026-08-03T09:30:44+03:00,1785738644,15595,57,3,31.5,42.3,,run
2026-08-03T09:30:49+03:00,1785738649,15600,57,3,31.6,41.7,,run
2026-08-03T09:30:54+03:00,1785738654,15605,57,3,31.6,42.3,,run
2026-08-03T09:30:59+03:00,1785738659,15610,57,3,31.6,44.5,,run
2026-08-03T09:31:04+03:00,1785738664,15615,57,3,31.6,43.2,,run
2026-08-03T09:31:10+03:00,1785738670,15621,57,3,31.6,42.3,,run
2026-08-03T09:31:15+03:00,1785738675,15626,57,3,31.6,41.7,,run
2026-08-03T09:31:20+03:00,1785738680,15631,57,3,31.6,41.7,,run
2026-08-03T09:31:25+03:00,1785738685,15636,57,3,31.6,48.8,,run
2026-08-03T09:31:31+03:00,1785738691,15642,57,3,31.6,44.5,,run
2026-08-03T09:31:36+03:00,1785738696,15647,57,3,31.6,43.9,,run
2026-08-03T09:31:41+03:00,1785738701,15652,57,3,31.6,40.8,,run
2026-08-03T09:31:46+03:00,1785738706,15657,57,3,31.6,42.3,,run
2026-08-03T09:31:51+03:00,1785738711,15662,57,3,31.6,51.0,,run
2026-08-03T09:31:57+03:00,1785738717,15668,57,3,31.6,42.6,,run
2026-08-03T09:32:02+03:00,1785738722,15673,57,3,31.6,42.9,,run
2026-08-03T09:32:08+03:00,1785738728,15679,56,3,31.5,43.9,,run
2026-08-03T09:32:13+03:00,1785738733,15684,56,3,31.5,45.7,,run
2026-08-03T09:32:18+03:00,1785738738,15689,56,3,31.5,44.8,,run
2026-08-03T09:32:23+03:00,1785738743,15694,56,3,31.5,42.3,,run
2026-08-03T09:32:28+03:00,1785738748,15699,56,3,31.5,41.4,,run
2026-08-03T09:32:34+03:00,1785738754,15705,56,3,31.5,41.7,,run
2026-08-03T09:32:39+03:00,1785738759,15710,56,3,31.5,43.6,,run
2026-08-03T09:32:44+03:00,1785738764,15715,56,3,31.5,47.0,,run
2026-08-03T09:32:49+03:00,1785738769,15720,56,3,31.5,43.9,,run
2026-08-03T09:32:55+03:00,1785738775,15726,56,3,31.5,44.5,,run
2026-08-03T09:33:00+03:00,1785738780,15731,56,3,31.5,42.6,,run
2026-08-03T09:33:05+03:00,1785738785,15736,56,3,31.5,47.6,,run
2026-08-03T09:33:10+03:00,1785738790,15741,56,3,31.5,52.5,,run
2026-08-03T09:33:16+03:00,1785738796,15747,56,3,31.5,47.0,,run
2026-08-03T09:33:21+03:00,1785738801,15752,56,3,31.5,41.4,,run
2026-08-03T09:33:26+03:00,1785738806,15757,56,3,31.5,41.7,,run
2026-08-03T09:33:31+03:00,1785738811,15762,56,3,31.5,41.1,,run
2026-08-03T09:33:36+03:00,1785738816,15767,56,3,31.5,40.2,,run
2026-08-03T09:33:42+03:00,1785738822,15773,56,3,31.5,41.7,,run
2026-08-03T09:33:47+03:00,1785738827,15778,56,3,31.5,41.4,,run
2026-08-03T09:33:52+03:00,1785738832,15783,56,3,31.5,43.9,,run
2026-08-03T09:33:57+03:00,1785738837,15788,56,3,31.5,47.3,,run
2026-08-03T09:34:03+03:00,1785738843,15794,56,3,31.5,46.3,,run
2026-08-03T09:34:08+03:00,1785738848,15799,56,3,31.5,45.7,,run
2026-08-03T09:34:13+03:00,1785738853,15804,56,3,31.5,46.0,,run
2026-08-03T09:34:18+03:00,1785738858,15809,56,3,31.5,43.6,,run
2026-08-03T09:34:24+03:00,1785738864,15815,56,3,31.5,42.3,,run
2026-08-03T09:34:29+03:00,1785738869,15820,56,3,31.5,48.2,,run
2026-08-03T09:34:34+03:00,1785738874,15825,56,3,31.5,46.7,,run
2026-08-03T09:34:39+03:00,1785738879,15830,56,3,31.5,44.8,,run
2026-08-03T09:34:44+03:00,1785738884,15835,56,3,31.5,42.6,,run
2026-08-03T09:34:50+03:00,1785738890,15841,56,3,31.5,42.9,,run
2026-08-03T09:34:55+03:00,1785738895,15846,56,3,31.5,41.4,,run
2026-08-03T09:35:00+03:00,1785738900,15851,56,3,31.5,42.0,,run
2026-08-03T09:35:05+03:00,1785738905,15856,56,3,31.5,42.9,,run
2026-08-03T09:35:11+03:00,1785738911,15862,56,3,31.5,51.3,,run
2026-08-03T09:35:16+03:00,1785738916,15867,56,3,31.5,44.5,,run
2026-08-03T09:35:22+03:00,1785738922,15873,56,3,31.5,42.3,,run
2026-08-03T09:35:27+03:00,1785738927,15878,56,3,31.5,40.5,,run
2026-08-03T09:35:32+03:00,1785738932,15883,56,3,31.5,41.1,,run
2026-08-03T09:35:37+03:00,1785738937,15888,56,3,31.5,41.4,,run
2026-08-03T09:35:42+03:00,1785738942,15893,56,3,31.5,40.8,,run
2026-08-03T09:35:48+03:00,1785738948,15899,56,3,31.5,46.7,,run
2026-08-03T09:35:53+03:00,1785738953,15904,56,3,31.5,46.0,,run
2026-08-03T09:35:58+03:00,1785738958,15909,56,3,31.5,53.5,,run
2026-08-03T09:36:04+03:00,1785738964,15915,56,3,31.5,44.2,,run
2026-08-03T09:36:09+03:00,1785738969,15920,56,3,31.5,42.0,,run
2026-08-03T09:36:14+03:00,1785738974,15925,56,3,31.5,41.7,,run
2026-08-03T09:36:19+03:00,1785738979,15930,56,3,31.5,42.3,,run
2026-08-03T09:36:24+03:00,1785738984,15935,56,3,31.5,43.6,,run
2026-08-03T09:36:30+03:00,1785738990,15941,56,3,31.5,42.6,,run
2026-08-03T09:36:35+03:00,1785738995,15946,56,3,31.5,46.3,,run
2026-08-03T09:36:40+03:00,1785739000,15951,56,3,31.5,42.6,,run
2026-08-03T09:36:45+03:00,1785739005,15956,56,3,31.5,41.4,,run
2026-08-03T09:36:51+03:00,1785739011,15962,56,3,31.5,42.0,,run
2026-08-03T09:36:56+03:00,1785739016,15967,56,3,31.5,43.2,,run
2026-08-03T09:37:01+03:00,1785739021,15972,56,3,31.5,42.0,,run
2026-08-03T09:37:06+03:00,1785739026,15977,56,3,31.5,41.4,,run
2026-08-03T09:37:11+03:00,1785739031,15982,56,3,31.5,49.4,,run
2026-08-03T09:37:17+03:00,1785739037,15988,56,3,31.5,42.6,,run
2026-08-03T09:37:22+03:00,1785739042,15993,56,3,31.5,41.7,,run
2026-08-03T09:37:27+03:00,1785739047,15998,56,3,31.5,41.1,,run
2026-08-03T09:37:33+03:00,1785739053,16004,56,3,31.5,41.7,,run
2026-08-03T09:37:38+03:00,1785739058,16009,56,3,31.5,41.1,,run
2026-08-03T09:37:43+03:00,1785739063,16014,56,3,31.5,41.1,,run
2026-08-03T09:37:48+03:00,1785739068,16019,56,3,31.5,44.2,,run
2026-08-03T09:37:53+03:00,1785739073,16024,56,3,31.5,45.1,,run
2026-08-03T09:37:59+03:00,1785739079,16030,56,3,31.5,53.8,,run
2026-08-03T09:38:04+03:00,1785739084,16035,56,3,31.5,42.6,,run
2026-08-03T09:38:09+03:00,1785739089,16040,56,3,31.5,42.9,,run
2026-08-03T09:38:14+03:00,1785739094,16045,56,3,31.5,42.0,,run
2026-08-03T09:38:20+03:00,1785739100,16051,56,3,31.5,42.6,,run
2026-08-03T09:38:25+03:00,1785739105,16056,56,3,31.5,41.7,,run
2026-08-03T09:38:30+03:00,1785739110,16061,56,3,31.5,41.4,,run
2026-08-03T09:38:35+03:00,1785739115,16066,56,3,31.5,45.4,,run
2026-08-03T09:38:41+03:00,1785739121,16072,56,3,31.5,44.5,,run
2026-08-03T09:38:46+03:00,1785739126,16077,56,3,31.5,42.0,,run
2026-08-03T09:38:51+03:00,1785739131,16082,56,3,31.5,42.9,,run
2026-08-03T09:38:56+03:00,1785739136,16087,56,3,31.5,42.6,,run
2026-08-03T09:39:01+03:00,1785739141,16092,56,3,31.5,41.7,,run
2026-08-03T09:39:07+03:00,1785739147,16098,56,3,31.5,41.1,,run
2026-08-03T09:39:12+03:00,1785739152,16103,56,3,31.5,43.2,,run
2026-08-03T09:39:17+03:00,1785739157,16108,56,3,31.5,46.7,,run
2026-08-03T09:39:22+03:00,1785739162,16113,56,3,31.5,43.6,,run
2026-08-03T09:39:28+03:00,1785739168,16119,56,3,31.5,42.0,,run
2026-08-03T09:39:33+03:00,1785739173,16124,56,3,31.5,42.9,,run
2026-08-03T09:39:38+03:00,1785739178,16129,56,3,31.5,51.9,,run
2026-08-03T09:39:43+03:00,1785739183,16134,56,3,31.5,45.4,,run
2026-08-03T09:39:49+03:00,1785739189,16140,56,3,31.5,42.9,,run
2026-08-03T09:39:54+03:00,1785739194,16145,56,3,31.5,45.7,,run
2026-08-03T09:39:59+03:00,1785739199,16150,56,3,31.5,43.9,,run
2026-08-03T09:40:04+03:00,1785739204,16155,56,3,31.5,44.5,,run
2026-08-03T09:40:10+03:00,1785739210,16161,56,3,31.5,42.3,,run
2026-08-03T09:40:15+03:00,1785739215,16166,56,3,31.5,41.7,,run
2026-08-03T09:40:20+03:00,1785739220,16171,56,3,31.5,42.3,,run
2026-08-03T09:40:25+03:00,1785739225,16176,56,3,31.5,41.4,,run
2026-08-03T09:40:30+03:00,1785739230,16181,56,3,31.5,42.0,,run
2026-08-03T09:40:36+03:00,1785739236,16187,56,3,31.5,42.3,,run
2026-08-03T09:40:41+03:00,1785739241,16192,55,3,31.4,47.0,,run
2026-08-03T09:40:46+03:00,1785739246,16197,55,3,31.4,43.6,,run
2026-08-03T09:40:51+03:00,1785739251,16202,55,3,31.3,47.9,,run
2026-08-03T09:40:57+03:00,1785739257,16208,55,3,31.3,48.8,,run
2026-08-03T09:41:02+03:00,1785739262,16213,55,3,31.3,45.7,,run
2026-08-03T09:41:07+03:00,1785739267,16218,55,3,31.3,41.7,,run
2026-08-03T09:41:12+03:00,1785739272,16223,55,3,31.3,41.1,,run
2026-08-03T09:41:17+03:00,1785739277,16228,55,3,31.3,40.2,,run
2026-08-03T09:41:23+03:00,1785739283,16234,55,3,31.3,41.4,,run
2026-08-03T09:41:28+03:00,1785739288,16239,55,3,31.3,40.5,,run
2026-08-03T09:41:33+03:00,1785739293,16244,55,3,31.3,41.1,,run
2026-08-03T09:41:38+03:00,1785739298,16249,55,3,31.3,42.9,,run
2026-08-03T09:41:44+03:00,1785739304,16255,55,3,31.3,49.1,,run
2026-08-03T09:41:49+03:00,1785739309,16260,55,3,31.3,44.2,,run
2026-08-03T09:41:54+03:00,1785739314,16265,55,3,31.3,44.2,,run
2026-08-03T09:41:59+03:00,1785739319,16270,55,3,31.3,47.0,,run
2026-08-03T09:42:05+03:00,1785739325,16276,55,3,31.3,44.5,,run
2026-08-03T09:42:10+03:00,1785739330,16281,55,3,31.3,42.6,,run
2026-08-03T09:42:15+03:00,1785739335,16286,55,3,31.3,44.5,,run
2026-08-03T09:42:20+03:00,1785739340,16291,55,3,31.3,43.9,,run
2026-08-03T09:42:26+03:00,1785739346,16297,55,3,31.3,47.9,,run
2026-08-03T09:42:31+03:00,1785739351,16302,55,3,31.3,45.7,,run
2026-08-03T09:42:36+03:00,1785739356,16307,55,3,31.3,43.9,,run
2026-08-03T09:42:41+03:00,1785739361,16312,55,3,31.3,42.6,,run
2026-08-03T09:42:46+03:00,1785739366,16317,55,3,31.3,45.7,,run
2026-08-03T09:42:52+03:00,1785739372,16323,55,3,31.3,44.5,,run
2026-08-03T09:42:57+03:00,1785739377,16328,55,3,31.3,53.8,,run
2026-08-03T09:43:03+03:00,1785739383,16334,55,3,31.3,46.7,,run
2026-08-03T09:43:08+03:00,1785739388,16339,55,3,31.3,42.3,,run
2026-08-03T09:43:13+03:00,1785739393,16344,55,3,31.3,41.4,,run
2026-08-03T09:43:18+03:00,1785739398,16349,55,3,31.3,42.3,,run
2026-08-03T09:43:24+03:00,1785739404,16355,55,3,31.3,40.8,,run
2026-08-03T09:43:29+03:00,1785739409,16360,55,3,31.3,40.8,,run
2026-08-03T09:43:34+03:00,1785739414,16365,55,3,31.3,43.6,,run
2026-08-03T09:43:39+03:00,1785739419,16370,55,3,31.3,43.6,,run
2026-08-03T09:43:45+03:00,1785739425,16376,55,3,31.3,56.2,,run
2026-08-03T09:43:50+03:00,1785739430,16381,55,3,31.3,46.3,,run
2026-08-03T09:43:55+03:00,1785739435,16386,55,3,31.3,42.9,,run
2026-08-03T09:44:00+03:00,1785739440,16391,55,3,31.3,42.3,,run
2026-08-03T09:44:06+03:00,1785739446,16397,55,3,31.3,42.6,,run
2026-08-03T09:44:11+03:00,1785739451,16402,55,3,31.3,42.9,,run
2026-08-03T09:44:16+03:00,1785739456,16407,55,3,31.3,43.2,,run
2026-08-03T09:44:21+03:00,1785739461,16412,55,3,31.3,42.0,,run
2026-08-03T09:44:26+03:00,1785739466,16417,55,3,31.3,42.0,,run
2026-08-03T09:44:32+03:00,1785739472,16423,55,3,31.3,46.7,,run
2026-08-03T09:44:37+03:00,1785739477,16428,55,3,31.3,44.8,,run
2026-08-03T09:44:42+03:00,1785739482,16433,55,3,31.3,42.9,,run
2026-08-03T09:44:47+03:00,1785739487,16438,55,3,31.3,43.9,,run
2026-08-03T09:44:53+03:00,1785739493,16444,55,3,31.3,42.9,,run
2026-08-03T09:44:58+03:00,1785739498,16449,55,3,31.3,52.2,,run
2026-08-03T09:45:03+03:00,1785739503,16454,55,3,31.3,42.9,,run
2026-08-03T09:45:09+03:00,1785739509,16460,55,3,31.3,42.0,,end
