iso_ts,epoch,elapsed_s,batt_level,batt_status,batt_temp_c,soc_temp_c,current_ma,event
2026-08-14T10:30:56+03:00,1786692656,0,75,3,36.6,57.2,,run
2026-08-14T10:31:01+03:00,1786692661,5,75,3,36.6,51.9,,run
2026-08-14T10:31:06+03:00,1786692666,10,75,3,36.6,54.7,,run
2026-08-14T10:31:11+03:00,1786692671,15,75,3,36.6,50.1,,run
2026-08-14T10:31:17+03:00,1786692677,21,75,3,36.6,51.3,,run
2026-08-14T10:31:22+03:00,1786692682,26,75,3,36.6,51.0,,run
2026-08-14T10:31:27+03:00,1786692687,31,75,3,36.6,49.1,,run
2026-08-14T10:31:32+03:00,1786692692,36,75,3,36.6,49.4,,run
2026-08-14T10:31:38+03:00,1786692698,42,75,3,36.6,51.6,,run
2026-08-14T10:31:43+03:00,1786692703,47,75,3,36.6,52.2,,run
2026-08-14T10:31:48+03:00,1786692708,52,75,3,36.6,49.4,,run
2026-08-14T10:31:53+03:00,1786692713,57,75,3,35.8,57.8,,run
2026-08-14T10:31:59+03:00,1786692719,63,75,3,35.8,52.8,,run
2026-08-14T10:32:04+03:00,1786692724,68,75,3,35.8,49.7,,run
2026-08-14T10:32:09+03:00,1786692729,73,75,3,35.8,48.8,,run
2026-08-14T10:32:15+03:00,1786692735,79,75,3,35.8,46.7,,run
2026-08-14T10:32:20+03:00,1786692740,84,75,3,35.8,49.4,,run
2026-08-14T10:32:25+03:00,1786692745,89,75,3,35.8,48.8,,run
2026-08-14T10:32:30+03:00,1786692750,94,75,3,35.8,49.4,,run
2026-08-14T10:32:35+03:00,1786692755,99,75,3,35.8,47.0,,run
2026-08-14T10:32:41+03:00,1786692761,105,75,3,35.8,45.4,,run
2026-08-14T10:32:46+03:00,1786692766,110,75,3,35.8,49.1,,run
2026-08-14T10:32:51+03:00,1786692771,115,75,3,35.8,47.6,,run
2026-08-14T10:32:56+03:00,1786692776,120,75,3,35.8,47.3,,run
2026-08-14T10:33:02+03:00,1786692782,126,75,3,35.8,47.0,,run
2026-08-14T10:33:07+03:00,1786692787,131,75,3,35.8,46.0,,run
2026-08-14T10:33:12+03:00,1786692792,136,75,3,35.8,55.9,,run
2026-08-14T10:33:18+03:00,1786692798,142,75,3,35.8,47.9,,run
2026-08-14T10:33:23+03:00,1786692803,147,75,3,35.8,45.7,,run
2026-08-14T10:33:28+03:00,1786692808,152,75,3,35.8,45.4,,run
2026-08-14T10:33:33+03:00,1786692813,157,75,3,35.8,46.0,,run
2026-08-14T10:33:38+03:00,1786692818,162,75,3,35.8,49.1,,run
2026-08-14T10:33:44+03:00,1786692824,168,75,3,35.8,47.3,,run
2026-08-14T10:33:49+03:00,1786692829,173,75,3,35.8,45.1,,run
2026-08-14T10:33:54+03:00,1786692834,178,75,3,35.8,47.0,,run
2026-08-14T10:34:00+03:00,1786692840,184,75,3,35.8,50.4,,run
2026-08-14T10:34:05+03:00,1786692845,189,75,3,35.8,50.4,,run
2026-08-14T10:34:10+03:00,1786692850,194,75,3,35.8,47.6,,run
2026-08-14T10:34:15+03:00,1786692855,199,75,3,35.8,45.7,,run
2026-08-14T10:34:21+03:00,1786692861,205,75,3,35.8,46.0,,run
2026-08-14T10:34:26+03:00,1786692866,210,75,3,35.8,46.3,,run
2026-08-14T10:34:31+03:00,1786692871,215,75,3,35.8,45.4,,run
2026-08-14T10:34:36+03:00,1786692876,220,75,3,35.8,44.8,,run
2026-08-14T10:34:41+03:00,1786692881,225,75,3,35.8,44.8,,run
2026-08-14T10:34:47+03:00,1786692887,231,75,3,35.8,43.9,,run
2026-08-14T10:34:52+03:00,1786692892,236,75,3,35.8,46.0,,run
2026-08-14T10:34:57+03:00,1786692897,241,75,3,35.8,51.6,,run
2026-08-14T10:35:02+03:00,1786692902,246,75,3,35.8,47.9,,run
2026-08-14T10:35:08+03:00,1786692908,252,75,3,35.8,46.7,,run
2026-08-14T10:35:13+03:00,1786692913,257,75,3,35.8,54.4,,run
2026-08-14T10:35:19+03:00,1786692919,263,75,3,35.8,45.1,,run
2026-08-14T10:35:24+03:00,1786692924,268,75,3,35.8,45.7,,run
2026-08-14T10:35:29+03:00,1786692929,273,75,3,35.8,43.9,,run
2026-08-14T10:35:34+03:00,1786692934,278,75,3,35.8,43.9,,run
2026-08-14T10:35:39+03:00,1786692939,283,75,3,35.8,44.5,,run
2026-08-14T10:35:45+03:00,1786692945,289,75,3,35.8,43.9,,run
2026-08-14T10:35:50+03:00,1786692950,294,75,3,35.8,43.6,,run
2026-08-14T10:35:55+03:00,1786692955,299,75,3,35.8,52.5,,run
2026-08-14T10:36:01+03:00,1786692961,305,75,3,35.8,48.8,,run
2026-08-14T10:36:06+03:00,1786692966,310,75,3,35.8,45.1,,run
2026-08-14T10:36:11+03:00,1786692971,315,75,3,35.8,47.9,,run
2026-08-14T10:36:16+03:00,1786692976,320,75,3,35.8,49.4,,run
2026-08-14T10:36:22+03:00,1786692982,326,75,3,35.8,46.7,,run
2026-08-14T10:36:27+03:00,1786692987,331,75,3,35.8,46.3,,run
2026-08-14T10:36:32+03:00,1786692992,336,75,3,35.8,45.1,,run
2026-08-14T10:36:37+03:00,1786692997,341,75,3,35.8,44.5,,run
2026-08-14T10:36:43+03:00,1786693003,347,75,3,35.8,44.5,,run
2026-08-14T10:36:48+03:00,1786693008,352,75,3,35.8,43.9,,run
2026-08-14T10:36:53+03:00,1786693013,357,75,3,35.8,44.8,,run
2026-08-14T10:36:58+03:00,1786693018,362,75,3,35.8,48.5,,run
2026-08-14T10:37:03+03:00,1786693023,367,75,3,35.8,48.5,,run
2026-08-14T10:37:09+03:00,1786693029,373,75,3,35.8,46.7,,run
2026-08-14T10:37:14+03:00,1786693034,378,75,3,35.8,55.3,,run
2026-08-14T10:37:20+03:00,1786693040,384,75,3,35.8,48.2,,run
2026-08-14T10:37:25+03:00,1786693045,389,75,3,35.8,46.3,,run
2026-08-14T10:37:30+03:00,1786693050,394,75,3,35.8,44.5,,run
2026-08-14T10:37:35+03:00,1786693055,399,75,3,35.8,43.2,,run
2026-08-14T10:37:41+03:00,1786693061,405,75,3,35.8,44.8,,run
2026-08-14T10:37:46+03:00,1786693066,410,75,3,35.8,43.9,,run
2026-08-14T10:37:51+03:00,1786693071,415,75,3,35.8,42.6,,run
2026-08-14T10:37:56+03:00,1786693076,420,75,3,35.8,45.1,,run
2026-08-14T10:38:02+03:00,1786693082,426,75,3,35.8,50.1,,run
2026-08-14T10:38:07+03:00,1786693087,431,75,3,35.8,43.6,,run
2026-08-14T10:38:12+03:00,1786693092,436,75,3,35.8,47.3,,run
2026-08-14T10:38:17+03:00,1786693097,441,75,3,35.8,45.7,,run
2026-08-14T10:38:23+03:00,1786693103,447,75,3,35.8,51.0,,run
2026-08-14T10:38:28+03:00,1786693108,452,75,3,35.8,45.7,,run
2026-08-14T10:38:33+03:00,1786693113,457,75,3,35.8,45.1,,run
2026-08-14T10:38:38+03:00,1786693118,462,75,3,35.8,43.2,,run
2026-08-14T10:38:44+03:00,1786693124,468,75,3,35.8,44.2,,run
2026-08-14T10:38:49+03:00,1786693129,473,75,3,35.8,42.9,,run
2026-08-14T10:38:54+03:00,1786693134,478,75,3,35.8,46.0,,run
2026-08-14T10:38:59+03:00,1786693139,483,75,3,35.8,46.0,,run
2026-08-14T10:39:04+03:00,1786693144,488,75,3,35.8,43.9,,run
2026-08-14T10:39:10+03:00,1786693150,494,75,3,35.8,53.1,,run
2026-08-14T10:39:15+03:00,1786693155,499,75,3,35.8,54.4,,run
2026-08-14T10:39:20+03:00,1786693160,504,75,3,35.8,45.7,,run
2026-08-14T10:39:26+03:00,1786693166,510,75,3,35.8,44.2,,run
2026-08-14T10:39:31+03:00,1786693171,515,75,3,35.8,43.6,,run
2026-08-14T10:39:36+03:00,1786693176,520,75,3,35.8,45.7,,run
2026-08-14T10:39:41+03:00,1786693181,525,75,3,35.8,44.2,,run
2026-08-14T10:39:47+03:00,1786693187,531,75,3,35.8,42.9,,run
2026-08-14T10:39:52+03:00,1786693192,536,75,3,35.8,42.6,,run
2026-08-14T10:39:57+03:00,1786693197,541,75,3,35.8,44.8,,run
2026-08-14T10:40:02+03:00,1786693202,546,75,3,35.8,46.7,,run
2026-08-14T10:40:08+03:00,1786693208,552,75,3,35.8,44.8,,run
2026-08-14T10:40:13+03:00,1786693213,557,75,3,35.8,45.1,,run
2026-08-14T10:40:18+03:00,1786693218,562,75,3,35.8,43.6,,run
2026-08-14T10:40:23+03:00,1786693223,567,75,3,35.8,46.0,,run
2026-08-14T10:40:29+03:00,1786693229,573,75,3,35.8,51.0,,run
2026-08-14T10:40:34+03:00,1786693234,578,75,3,35.8,46.3,,run
2026-08-14T10:40:39+03:00,1786693239,583,75,3,35.8,44.5,,run
2026-08-14T10:40:44+03:00,1786693244,588,75,3,35.8,42.9,,run
2026-08-14T10:40:49+03:00,1786693249,593,75,3,35.8,43.9,,run
2026-08-14T10:40:55+03:00,1786693255,599,75,3,32.7,46.3,,run
2026-08-14T10:41:00+03:00,1786693260,604,75,3,32.7,44.2,,run
2026-08-14T10:41:05+03:00,1786693265,609,75,3,32.7,42.9,,run
2026-08-14T10:41:10+03:00,1786693270,614,75,3,32.7,42.6,,run
2026-08-14T10:41:16+03:00,1786693276,620,75,3,32.7,53.8,,run
2026-08-14T10:41:22+03:00,1786693282,626,75,3,32.7,47.3,,run
2026-08-14T10:41:27+03:00,1786693287,631,75,3,32.7,47.3,,run
2026-08-14T10:41:32+03:00,1786693292,636,75,3,32.7,44.2,,run
2026-08-14T10:41:37+03:00,1786693297,641,75,3,32.7,44.2,,run
2026-08-14T10:41:43+03:00,1786693303,647,75,3,32.7,42.9,,run
2026-08-14T10:41:48+03:00,1786693308,652,75,3,32.7,42.9,,run
2026-08-14T10:41:53+03:00,1786693313,657,75,3,32.7,44.2,,run
2026-08-14T10:41:58+03:00,1786693318,662,75,3,32.7,45.7,,run
2026-08-14T10:42:04+03:00,1786693324,668,75,3,32.7,47.9,,run
2026-08-14T10:42:09+03:00,1786693329,673,75,3,32.7,46.0,,run
2026-08-14T10:42:14+03:00,1786693334,678,75,3,32.7,43.6,,run
2026-08-14T10:42:19+03:00,1786693339,683,75,3,32.7,43.6,,run
2026-08-14T10:42:24+03:00,1786693344,688,75,3,32.7,42.6,,run
2026-08-14T10:42:30+03:00,1786693350,694,75,3,32.7,42.6,,run
2026-08-14T10:42:35+03:00,1786693355,699,75,3,32.7,45.4,,run
2026-08-14T10:42:40+03:00,1786693360,704,75,3,32.7,49.4,,run
2026-08-14T10:42:45+03:00,1786693365,709,75,3,32.7,47.3,,run
2026-08-14T10:42:51+03:00,1786693371,715,75,3,32.7,43.9,,run
2026-08-14T10:42:56+03:00,1786693376,720,75,3,32.7,43.9,,run
2026-08-14T10:43:01+03:00,1786693381,725,75,3,32.7,42.6,,run
2026-08-14T10:43:06+03:00,1786693386,730,75,3,32.7,43.2,,run
2026-08-14T10:43:12+03:00,1786693392,736,75,3,32.7,43.6,,run
2026-08-14T10:43:17+03:00,1786693397,741,75,3,32.7,52.5,,run
2026-08-14T10:43:22+03:00,1786693402,746,75,3,32.7,46.0,,run
2026-08-14T10:43:28+03:00,1786693408,752,75,3,32.7,50.4,,run
2026-08-14T10:43:33+03:00,1786693413,757,75,3,32.7,46.3,,run
2026-08-14T10:43:38+03:00,1786693418,762,75,3,32.7,43.9,,run
2026-08-14T10:43:43+03:00,1786693423,767,75,3,32.7,43.9,,run
2026-08-14T10:43:49+03:00,1786693429,773,75,3,32.7,43.9,,run
2026-08-14T10:43:54+03:00,1786693434,778,75,3,32.7,42.6,,run
2026-08-14T10:43:59+03:00,1786693439,783,75,3,32.7,46.7,,run
2026-08-14T10:44:04+03:00,1786693444,788,75,3,32.7,51.6,,run
2026-08-14T10:44:10+03:00,1786693450,794,75,3,32.7,46.7,,run
2026-08-14T10:44:15+03:00,1786693455,799,75,3,32.7,43.9,,run
2026-08-14T10:44:20+03:00,1786693460,804,75,3,32.7,44.5,,run
2026-08-14T10:44:25+03:00,1786693465,809,75,3,32.7,42.6,,run
2026-08-14T10:44:30+03:00,1786693470,814,75,3,32.7,42.6,,run
2026-08-14T10:44:36+03:00,1786693476,820,75,3,32.7,43.6,,run
2026-08-14T10:44:41+03:00,1786693481,825,75,3,32.7,43.6,,run
2026-08-14T10:44:46+03:00,1786693486,830,75,3,32.7,48.2,,run
2026-08-14T10:44:51+03:00,1786693491,835,75,3,32.7,47.3,,run
2026-08-14T10:44:57+03:00,1786693497,841,75,3,32.7,49.1,,run
2026-08-14T10:45:02+03:00,1786693502,846,75,3,32.7,45.7,,run
2026-08-14T10:45:07+03:00,1786693507,851,75,3,32.7,43.6,,run
2026-08-14T10:45:12+03:00,1786693512,856,75,3,32.7,42.9,,run
2026-08-14T10:45:17+03:00,1786693517,861,75,3,32.7,51.0,,run
2026-08-14T10:45:23+03:00,1786693523,867,75,3,32.7,47.0,,run
2026-08-14T10:45:28+03:00,1786693528,872,75,3,32.7,44.5,,run
2026-08-14T10:45:34+03:00,1786693534,878,75,3,32.7,45.7,,run
2026-08-14T10:45:39+03:00,1786693539,883,75,3,32.7,49.7,,run
2026-08-14T10:45:44+03:00,1786693544,888,75,3,32.7,44.2,,run
2026-08-14T10:45:49+03:00,1786693549,893,75,3,32.7,43.6,,run
2026-08-14T10:45:54+03:00,1786693554,898,75,3,32.7,42.0,,run
2026-08-14T10:46:00+03:00,1786693560,904,75,3,32.7,45.1,,run
2026-08-14T10:46:05+03:00,1786693565,909,75,3,32.7,55.3,,run
2026-08-14T10:46:10+03:00,1786693570,914,75,3,32.7,45.1,,run
2026-08-14T10:46:15+03:00,1786693575,919,75,3,32.7,44.2,,run
2026-08-14T10:46:21+03:00,1786693581,925,75,3,32.7,44.5,,run
2026-08-14T10:46:26+03:00,1786693586,930,75,3,32.7,45.1,,run
2026-08-14T10:46:31+03:00,1786693591,935,75,3,32.7,44.2,,run
2026-08-14T10:46:36+03:00,1786693596,940,75,3,32.7,44.8,,run
2026-08-14T10:46:42+03:00,1786693602,946,75,3,32.7,43.6,,run
2026-08-14T10:46:47+03:00,1786693607,951,75,3,32.7,43.2,,run
2026-08-14T10:46:52+03:00,1786693612,956,75,3,32.7,42.9,,run
2026-08-14T10:46:57+03:00,1786693617,961,75,3,32.7,48.2,,run
2026-08-14T10:47:02+03:00,1786693622,966,75,3,32.7,44.8,,run
2026-08-14T10:47:08+03:00,1786693628,972,75,3,32.7,43.6,,run
2026-08-14T10:47:13+03:00,1786693633,977,75,3,32.7,45.7,,run
2026-08-14T10:47:18+03:00,1786693638,982,75,3,32.7,49.7,,run
2026-08-14T10:47:23+03:00,1786693643,987,75,3,32.7,48.8,,run
2026-08-14T10:47:29+03:00,1786693649,993,75,3,32.7,44.2,,run
2026-08-14T10:47:34+03:00,1786693654,998,75,3,32.7,42.3,,run
2026-08-14T10:47:39+03:00,1786693659,1003,75,3,32.7,42.0,,run
2026-08-14T10:47:44+03:00,1786693664,1008,75,3,32.7,48.8,,run
2026-08-14T10:47:50+03:00,1786693670,1014,75,3,32.7,44.5,,run
2026-08-14T10:47:55+03:00,1786693675,1019,75,3,32.7,44.2,,run
2026-08-14T10:48:00+03:00,1786693680,1024,75,3,32.7,42.9,,run
2026-08-14T10:48:05+03:00,1786693685,1029,75,3,32.7,55.9,,run
2026-08-14T10:48:11+03:00,1786693691,1035,75,3,32.7,46.7,,run
2026-08-14T10:48:16+03:00,1786693696,1040,75,3,32.7,43.6,,run
2026-08-14T10:48:21+03:00,1786693701,1045,75,3,32.7,42.6,,run
2026-08-14T10:48:26+03:00,1786693706,1050,75,3,32.7,42.6,,run
2026-08-14T10:48:32+03:00,1786693712,1056,75,3,32.7,44.2,,run
2026-08-14T10:48:37+03:00,1786693717,1061,75,3,32.7,45.4,,run
2026-08-14T10:48:42+03:00,1786693722,1066,75,3,32.7,45.4,,run
2026-08-14T10:48:47+03:00,1786693727,1071,75,3,32.7,43.6,,run
2026-08-14T10:48:53+03:00,1786693733,1077,75,3,32.7,42.6,,run
2026-08-14T10:48:58+03:00,1786693738,1082,75,3,32.7,42.6,,run
2026-08-14T10:49:03+03:00,1786693743,1087,75,3,32.7,47.3,,run
2026-08-14T10:49:08+03:00,1786693748,1092,75,3,32.7,48.5,,run
2026-08-14T10:49:14+03:00,1786693754,1098,75,3,32.7,46.0,,run
2026-08-14T10:49:19+03:00,1786693759,1103,75,3,32.7,51.3,,run
2026-08-14T10:49:24+03:00,1786693764,1108,75,3,32.7,49.1,,run
2026-08-14T10:49:29+03:00,1786693769,1113,75,3,32.7,46.7,,run
2026-08-14T10:49:34+03:00,1786693774,1118,75,3,32.7,44.2,,run
2026-08-14T10:49:40+03:00,1786693780,1124,75,3,32.7,42.9,,run
2026-08-14T10:49:45+03:00,1786693785,1129,75,3,32.7,42.6,,run
2026-08-14T10:49:50+03:00,1786693790,1134,75,3,32.7,43.2,,run
2026-08-14T10:49:56+03:00,1786693796,1140,75,3,32.7,44.5,,run
2026-08-14T10:50:01+03:00,1786693801,1145,75,3,32.7,49.4,,run
2026-08-14T10:50:06+03:00,1786693806,1150,75,3,32.7,55.0,,run
2026-08-14T10:50:12+03:00,1786693812,1156,75,3,32.7,47.0,,run
2026-08-14T10:50:17+03:00,1786693817,1161,75,3,32.7,45.1,,run
2026-08-14T10:50:22+03:00,1786693822,1166,75,3,32.7,43.6,,run
2026-08-14T10:50:28+03:00,1786693828,1172,75,3,32.7,43.6,,run
2026-08-14T10:50:33+03:00,1786693833,1177,75,3,32.7,42.9,,run
2026-08-14T10:50:38+03:00,1786693838,1182,75,3,32.7,45.1,,run
2026-08-14T10:50:43+03:00,1786693843,1187,75,3,32.7,43.9,,run
2026-08-14T10:50:49+03:00,1786693849,1193,75,3,32.7,42.6,,run
2026-08-14T10:50:54+03:00,1786693854,1198,75,3,32.7,42.9,,run
2026-08-14T10:50:59+03:00,1786693859,1203,75,3,32.4,48.2,,run
2026-08-14T10:51:04+03:00,1786693864,1208,75,3,32.4,45.7,,run
2026-08-14T10:51:10+03:00,1786693870,1214,75,3,32.4,44.2,,run
2026-08-14T10:51:15+03:00,1786693875,1219,75,3,32.4,49.4,,run
2026-08-14T10:51:20+03:00,1786693880,1224,75,3,32.4,53.8,,run
2026-08-14T10:51:25+03:00,1786693885,1229,75,3,32.4,50.7,,run
2026-08-14T10:51:31+03:00,1786693891,1235,75,3,32.4,50.7,,run
2026-08-14T10:51:36+03:00,1786693896,1240,75,3,32.4,44.5,,run
2026-08-14T10:51:41+03:00,1786693901,1245,75,3,32.4,42.9,,run
2026-08-14T10:51:46+03:00,1786693906,1250,75,3,32.4,42.6,,run
2026-08-14T10:51:51+03:00,1786693911,1255,75,3,32.4,47.6,,run
2026-08-14T10:51:57+03:00,1786693917,1261,75,3,32.4,44.2,,run
2026-08-14T10:52:02+03:00,1786693922,1266,75,3,32.4,47.0,,run
2026-08-14T10:52:07+03:00,1786693927,1271,75,3,32.4,55.0,,run
2026-08-14T10:52:13+03:00,1786693933,1277,75,3,32.4,47.3,,run
2026-08-14T10:52:18+03:00,1786693938,1282,75,3,32.4,43.2,,run
2026-08-14T10:52:23+03:00,1786693943,1287,75,3,32.4,43.6,,run
2026-08-14T10:52:29+03:00,1786693949,1293,75,3,32.4,44.5,,run
2026-08-14T10:52:34+03:00,1786693954,1298,75,3,32.4,44.2,,run
2026-08-14T10:52:39+03:00,1786693959,1303,75,3,32.4,43.9,,run
2026-08-14T10:52:44+03:00,1786693964,1308,75,3,32.4,43.2,,run
2026-08-14T10:52:50+03:00,1786693970,1314,75,3,32.4,43.2,,run
2026-08-14T10:52:55+03:00,1786693975,1319,75,3,32.4,42.9,,run
2026-08-14T10:53:00+03:00,1786693980,1324,75,3,32.4,44.5,,run
2026-08-14T10:53:05+03:00,1786693985,1329,75,3,32.4,43.6,,run
2026-08-14T10:53:10+03:00,1786693990,1334,75,3,32.4,43.6,,run
2026-08-14T10:53:16+03:00,1786693996,1340,75,3,32.4,45.4,,run
2026-08-14T10:53:21+03:00,1786694001,1345,75,3,32.4,46.7,,run
2026-08-14T10:53:26+03:00,1786694006,1350,75,3,32.4,54.7,,run
2026-08-14T10:53:32+03:00,1786694012,1356,75,3,32.4,47.3,,run
2026-08-14T10:53:37+03:00,1786694017,1361,75,3,32.4,45.4,,run
2026-08-14T10:53:42+03:00,1786694022,1366,75,3,32.4,42.9,,run
2026-08-14T10:53:47+03:00,1786694027,1371,75,3,32.4,42.3,,run
2026-08-14T10:53:53+03:00,1786694033,1377,75,3,32.4,44.2,,run
2026-08-14T10:53:58+03:00,1786694038,1382,75,3,32.4,42.6,,run
2026-08-14T10:54:03+03:00,1786694043,1387,75,3,32.4,42.0,,run
2026-08-14T10:54:08+03:00,1786694048,1392,75,3,32.4,48.2,,run
2026-08-14T10:54:14+03:00,1786694054,1398,75,3,32.4,50.1,,run
2026-08-14T10:54:19+03:00,1786694059,1403,75,3,32.4,49.7,,run
2026-08-14T10:54:24+03:00,1786694064,1408,75,3,32.4,44.5,,run
2026-08-14T10:54:29+03:00,1786694069,1413,75,3,32.4,43.2,,run
2026-08-14T10:54:35+03:00,1786694075,1419,75,3,32.4,43.9,,run
2026-08-14T10:54:40+03:00,1786694080,1424,75,3,32.4,44.2,,run
2026-08-14T10:54:45+03:00,1786694085,1429,75,3,32.4,43.2,,run
2026-08-14T10:54:50+03:00,1786694090,1434,75,3,32.4,43.6,,run
2026-08-14T10:54:56+03:00,1786694096,1440,75,3,32.4,43.2,,run
2026-08-14T10:55:01+03:00,1786694101,1445,75,3,32.4,43.9,,run
2026-08-14T10:55:06+03:00,1786694106,1450,75,3,32.4,42.0,,run
2026-08-14T10:55:11+03:00,1786694111,1455,75,3,32.4,46.0,,run
2026-08-14T10:55:16+03:00,1786694116,1460,75,3,32.4,42.9,,run
2026-08-14T10:55:22+03:00,1786694122,1466,75,3,32.4,43.6,,run
2026-08-14T10:55:27+03:00,1786694127,1471,75,3,32.4,52.5,,run
2026-08-14T10:55:32+03:00,1786694132,1476,75,3,32.4,50.4,,run
2026-08-14T10:55:38+03:00,1786694138,1482,75,3,32.4,46.7,,run
2026-08-14T10:55:43+03:00,1786694143,1487,75,3,32.4,45.4,,run
2026-08-14T10:55:48+03:00,1786694148,1492,75,3,32.4,43.6,,run
2026-08-14T10:55:53+03:00,1786694153,1497,75,3,32.4,45.4,,run
2026-08-14T10:55:59+03:00,1786694159,1503,75,3,32.4,43.2,,run
2026-08-14T10:56:04+03:00,1786694164,1508,75,3,32.4,42.9,,run
2026-08-14T10:56:09+03:00,1786694169,1513,75,3,32.4,43.2,,run
2026-08-14T10:56:14+03:00,1786694174,1518,75,3,32.4,53.8,,run
2026-08-14T10:56:20+03:00,1786694180,1524,75,3,32.4,45.7,,run
2026-08-14T10:56:25+03:00,1786694185,1529,75,3,32.4,46.7,,run
2026-08-14T10:56:30+03:00,1786694190,1534,75,3,32.4,49.7,,run
2026-08-14T10:56:35+03:00,1786694195,1539,75,3,32.4,46.0,,run
2026-08-14T10:56:41+03:00,1786694201,1545,75,3,32.4,44.5,,run
2026-08-14T10:56:46+03:00,1786694206,1550,75,3,32.4,44.2,,run
2026-08-14T10:56:51+03:00,1786694211,1555,75,3,32.4,43.6,,run
2026-08-14T10:56:56+03:00,1786694216,1560,75,3,32.4,43.2,,run
2026-08-14T10:57:02+03:00,1786694222,1566,75,3,32.4,45.7,,run
2026-08-14T10:57:07+03:00,1786694227,1571,75,3,32.4,44.2,,run
2026-08-14T10:57:12+03:00,1786694232,1576,75,3,32.4,43.6,,run
2026-08-14T10:57:17+03:00,1786694237,1581,75,3,32.4,43.2,,run
2026-08-14T10:57:22+03:00,1786694242,1586,75,3,32.4,42.0,,run
2026-08-14T10:57:28+03:00,1786694248,1592,75,3,32.4,44.8,,run
2026-08-14T10:57:33+03:00,1786694253,1597,75,3,32.4,44.8,,run
2026-08-14T10:57:38+03:00,1786694258,1602,75,3,32.4,45.1,,run
2026-08-14T10:57:43+03:00,1786694263,1607,75,3,32.4,51.0,,run
2026-08-14T10:57:49+03:00,1786694269,1613,75,3,32.4,46.3,,run
2026-08-14T10:57:54+03:00,1786694274,1618,75,3,32.4,49.1,,run
2026-08-14T10:57:59+03:00,1786694279,1623,75,3,32.4,45.4,,run
2026-08-14T10:58:04+03:00,1786694284,1628,75,3,32.4,43.6,,run
2026-08-14T10:58:10+03:00,1786694290,1634,75,3,32.4,42.9,,run
2026-08-14T10:58:15+03:00,1786694295,1639,75,3,32.4,53.1,,run
2026-08-14T10:58:20+03:00,1786694300,1644,75,3,32.4,46.7,,run
2026-08-14T10:58:25+03:00,1786694305,1649,75,3,32.4,44.8,,run
2026-08-14T10:58:30+03:00,1786694310,1654,75,3,32.4,50.1,,run
2026-08-14T10:58:36+03:00,1786694316,1660,75,3,32.4,48.2,,run
2026-08-14T10:58:41+03:00,1786694321,1665,75,3,32.4,45.7,,run
2026-08-14T10:58:46+03:00,1786694326,1670,75,3,32.4,48.2,,run
2026-08-14T10:58:51+03:00,1786694331,1675,75,3,32.4,46.0,,run
2026-08-14T10:58:57+03:00,1786694337,1681,75,3,32.4,46.0,,run
2026-08-14T10:59:02+03:00,1786694342,1686,75,3,32.4,44.8,,run
2026-08-14T10:59:07+03:00,1786694347,1691,75,3,32.4,45.4,,run
2026-08-14T10:59:12+03:00,1786694352,1696,75,3,32.4,43.9,,run
2026-08-14T10:59:18+03:00,1786694358,1702,75,3,32.4,44.8,,run
2026-08-14T10:59:23+03:00,1786694363,1707,75,3,32.4,44.5,,run
2026-08-14T10:59:28+03:00,1786694368,1712,75,3,32.4,47.3,,run
2026-08-14T10:59:33+03:00,1786694373,1717,75,3,32.4,46.3,,run
2026-08-14T10:59:38+03:00,1786694378,1722,75,3,32.4,45.7,,run
2026-08-14T10:59:44+03:00,1786694384,1728,75,3,32.4,42.6,,run
2026-08-14T10:59:49+03:00,1786694389,1733,75,3,32.4,45.7,,run
2026-08-14T10:59:54+03:00,1786694394,1738,75,3,32.4,49.4,,run
2026-08-14T10:59:59+03:00,1786694399,1743,75,3,32.4,47.3,,run
2026-08-14T11:00:05+03:00,1786694405,1749,74,3,32.5,43.6,,run
2026-08-14T11:00:10+03:00,1786694410,1754,74,3,32.5,44.2,,run
2026-08-14T11:00:15+03:00,1786694415,1759,74,3,32.5,54.1,,run
2026-08-14T11:00:20+03:00,1786694420,1764,74,3,32.5,45.1,,run
2026-08-14T11:00:26+03:00,1786694426,1770,74,3,32.5,44.5,,run
2026-08-14T11:00:31+03:00,1786694431,1775,74,3,32.5,44.5,,run
2026-08-14T11:00:36+03:00,1786694436,1780,74,3,32.5,48.8,,run
2026-08-14T11:00:41+03:00,1786694441,1785,74,3,32.5,47.9,,run
2026-08-14T11:00:47+03:00,1786694447,1791,74,3,32.5,48.5,,run
2026-08-14T11:00:52+03:00,1786694452,1796,74,3,32.5,44.5,,run
2026-08-14T11:00:57+03:00,1786694457,1801,74,3,32.6,43.2,,run
2026-08-14T11:01:02+03:00,1786694462,1806,74,3,32.6,46.7,,run
2026-08-14T11:01:07+03:00,1786694467,1811,74,3,32.6,44.5,,run
2026-08-14T11:01:13+03:00,1786694473,1817,74,3,32.6,43.6,,run
2026-08-14T11:01:18+03:00,1786694478,1822,74,3,32.6,45.7,,run
2026-08-14T11:01:23+03:00,1786694483,1827,74,3,32.6,42.9,,run
2026-08-14T11:01:28+03:00,1786694488,1832,74,3,32.6,49.1,,run
2026-08-14T11:01:34+03:00,1786694494,1838,74,3,32.6,45.7,,run
2026-08-14T11:01:39+03:00,1786694499,1843,74,3,32.6,45.1,,run
2026-08-14T11:01:44+03:00,1786694504,1848,74,3,32.6,44.2,,run
2026-08-14T11:01:49+03:00,1786694509,1853,74,3,32.6,43.2,,run
2026-08-14T11:01:55+03:00,1786694515,1859,74,3,32.6,42.3,,run
2026-08-14T11:02:00+03:00,1786694520,1864,74,3,32.6,45.4,,run
2026-08-14T11:02:05+03:00,1786694525,1869,74,3,32.6,44.5,,run
2026-08-14T11:02:10+03:00,1786694530,1874,74,3,32.6,42.6,,run
2026-08-14T11:02:15+03:00,1786694535,1879,74,3,32.6,52.5,,run
2026-08-14T11:02:21+03:00,1786694541,1885,74,3,32.6,44.2,,run
2026-08-14T11:02:26+03:00,1786694546,1890,74,3,32.6,46.3,,run
2026-08-14T11:02:31+03:00,1786694551,1895,74,3,32.6,47.6,,run
2026-08-14T11:02:36+03:00,1786694556,1900,74,3,32.6,48.2,,run
2026-08-14T11:02:42+03:00,1786694562,1906,74,3,32.6,45.7,,run
2026-08-14T11:02:47+03:00,1786694567,1911,74,3,32.6,48.8,,run
2026-08-14T11:02:52+03:00,1786694572,1916,74,3,32.6,47.9,,run
2026-08-14T11:02:57+03:00,1786694577,1921,74,3,32.6,47.3,,run
2026-08-14T11:03:03+03:00,1786694583,1927,74,3,32.6,43.9,,run
2026-08-14T11:03:08+03:00,1786694588,1932,74,3,32.6,44.8,,run
2026-08-14T11:03:13+03:00,1786694593,1937,74,3,32.6,44.2,,run
2026-08-14T11:03:18+03:00,1786694598,1942,74,3,32.6,45.7,,run
2026-08-14T11:03:23+03:00,1786694603,1947,74,3,32.6,43.9,,run
2026-08-14T11:03:29+03:00,1786694609,1953,74,3,32.6,48.8,,run
2026-08-14T11:03:34+03:00,1786694614,1958,74,3,32.6,48.8,,run
2026-08-14T11:03:39+03:00,1786694619,1963,74,3,32.6,46.0,,run
2026-08-14T11:03:44+03:00,1786694624,1968,74,3,32.6,43.2,,run
2026-08-14T11:03:50+03:00,1786694630,1974,74,3,32.6,45.1,,run
2026-08-14T11:03:55+03:00,1786694635,1979,74,3,32.6,42.6,,run
2026-08-14T11:04:00+03:00,1786694640,1984,74,3,32.6,42.9,,run
2026-08-14T11:04:05+03:00,1786694645,1989,74,3,32.6,42.0,,run
2026-08-14T11:04:10+03:00,1786694650,1994,74,3,32.6,46.7,,run
2026-08-14T11:04:16+03:00,1786694656,2000,74,3,32.6,56.2,,run
2026-08-14T11:04:21+03:00,1786694661,2005,74,3,32.6,47.0,,run
2026-08-14T11:04:26+03:00,1786694666,2010,74,3,32.6,43.6,,run
2026-08-14T11:04:32+03:00,1786694672,2016,74,3,32.6,45.4,,run
2026-08-14T11:04:37+03:00,1786694677,2021,74,3,32.6,42.6,,run
2026-08-14T11:04:42+03:00,1786694682,2026,74,3,32.6,45.4,,run
2026-08-14T11:04:47+03:00,1786694687,2031,74,3,32.6,43.9,,run
2026-08-14T11:04:53+03:00,1786694693,2037,74,3,32.6,46.0,,run
2026-08-14T11:04:58+03:00,1786694698,2042,74,3,32.6,50.7,,run
2026-08-14T11:05:03+03:00,1786694703,2047,74,3,32.6,46.7,,run
2026-08-14T11:05:08+03:00,1786694708,2052,74,3,32.6,44.8,,run
2026-08-14T11:05:14+03:00,1786694714,2058,74,3,32.6,43.6,,run
2026-08-14T11:05:19+03:00,1786694719,2063,74,3,32.6,43.6,,run
2026-08-14T11:05:24+03:00,1786694724,2068,74,3,32.6,42.9,,run
2026-08-14T11:05:29+03:00,1786694729,2073,74,3,32.6,47.9,,run
2026-08-14T11:05:34+03:00,1786694734,2078,74,3,32.6,54.7,,run
2026-08-14T11:05:40+03:00,1786694740,2084,74,3,32.6,48.2,,run
2026-08-14T11:05:45+03:00,1786694745,2089,74,3,32.6,42.3,,run
2026-08-14T11:05:50+03:00,1786694750,2094,74,3,32.6,42.6,,run
2026-08-14T11:05:55+03:00,1786694755,2099,74,3,32.6,41.7,,run
2026-08-14T11:06:01+03:00,1786694761,2105,74,3,32.6,42.6,,run
2026-08-14T11:06:06+03:00,1786694766,2110,74,3,32.6,42.3,,run
2026-08-14T11:06:11+03:00,1786694771,2115,74,3,32.6,42.3,,run
2026-08-14T11:06:16+03:00,1786694776,2120,74,3,32.6,47.9,,run
2026-08-14T11:06:22+03:00,1786694782,2126,74,3,32.6,51.6,,run
2026-08-14T11:06:27+03:00,1786694787,2131,74,3,32.6,44.5,,run
2026-08-14T11:06:32+03:00,1786694792,2136,74,3,32.6,43.6,,run
2026-08-14T11:06:38+03:00,1786694798,2142,74,3,32.6,44.8,,run
2026-08-14T11:06:43+03:00,1786694803,2147,74,3,32.6,44.5,,run
2026-08-14T11:06:48+03:00,1786694808,2152,74,3,32.6,43.9,,run
2026-08-14T11:06:53+03:00,1786694813,2157,74,3,32.6,43.9,,run
2026-08-14T11:06:58+03:00,1786694818,2162,74,3,32.6,43.2,,run
2026-08-14T11:07:04+03:00,1786694824,2168,74,3,32.6,44.8,,run
2026-08-14T11:07:09+03:00,1786694829,2173,74,3,32.6,52.2,,run
2026-08-14T11:07:14+03:00,1786694834,2178,74,3,32.6,44.5,,run
2026-08-14T11:07:19+03:00,1786694839,2183,74,3,32.6,46.3,,run
2026-08-14T11:07:25+03:00,1786694845,2189,74,3,32.6,43.6,,run
2026-08-14T11:07:30+03:00,1786694850,2194,74,3,32.6,43.2,,run
2026-08-14T11:07:35+03:00,1786694855,2199,74,3,32.6,53.1,,run
2026-08-14T11:07:41+03:00,1786694861,2205,74,3,32.6,44.5,,run
2026-08-14T11:07:46+03:00,1786694866,2210,74,3,32.6,43.6,,run
2026-08-14T11:07:51+03:00,1786694871,2215,74,3,32.6,42.6,,run
2026-08-14T11:07:56+03:00,1786694876,2220,74,3,32.6,44.8,,run
2026-08-14T11:08:02+03:00,1786694882,2226,74,3,32.6,44.2,,run
2026-08-14T11:08:07+03:00,1786694887,2231,74,3,32.6,42.3,,run
2026-08-14T11:08:12+03:00,1786694892,2236,74,3,32.6,41.7,,run
2026-08-14T11:08:17+03:00,1786694897,2241,74,3,32.6,52.8,,run
2026-08-14T11:08:23+03:00,1786694903,2247,74,3,32.6,47.3,,run
2026-08-14T11:08:28+03:00,1786694908,2252,74,3,32.6,47.0,,run
2026-08-14T11:08:34+03:00,1786694914,2258,74,3,32.6,46.3,,run
2026-08-14T11:08:39+03:00,1786694919,2263,74,3,32.6,44.2,,run
2026-08-14T11:08:44+03:00,1786694924,2268,74,3,32.6,44.2,,run
2026-08-14T11:08:49+03:00,1786694929,2273,74,3,32.6,43.9,,run
2026-08-14T11:08:54+03:00,1786694934,2278,74,3,32.6,44.5,,run
2026-08-14T11:09:00+03:00,1786694940,2284,74,3,32.6,45.1,,run
2026-08-14T11:09:05+03:00,1786694945,2289,74,3,32.6,42.9,,run
2026-08-14T11:09:10+03:00,1786694950,2294,74,3,32.6,42.6,,run
2026-08-14T11:09:15+03:00,1786694955,2299,74,3,32.6,48.2,,run
2026-08-14T11:09:21+03:00,1786694961,2305,74,3,32.6,43.6,,run
2026-08-14T11:09:26+03:00,1786694966,2310,74,3,32.6,44.5,,run
2026-08-14T11:09:31+03:00,1786694971,2315,74,3,32.6,48.5,,run
2026-08-14T11:09:36+03:00,1786694976,2320,74,3,32.6,51.3,,run
2026-08-14T11:09:42+03:00,1786694982,2326,74,3,32.6,48.8,,run
2026-08-14T11:09:47+03:00,1786694987,2331,74,3,32.6,44.2,,run
2026-08-14T11:09:52+03:00,1786694992,2336,74,3,32.6,43.2,,run
2026-08-14T11:09:57+03:00,1786694997,2341,74,3,32.6,42.3,,run
2026-08-14T11:10:03+03:00,1786695003,2347,74,3,32.6,43.9,,run
2026-08-14T11:10:08+03:00,1786695008,2352,74,3,32.6,43.6,,run
2026-08-14T11:10:13+03:00,1786695013,2357,74,3,32.6,41.7,,run
2026-08-14T11:10:18+03:00,1786695018,2362,74,3,32.6,53.8,,run
2026-08-14T11:10:24+03:00,1786695024,2368,74,3,32.6,45.1,,run
2026-08-14T11:10:29+03:00,1786695029,2373,74,3,32.6,47.0,,run
2026-08-14T11:10:34+03:00,1786695034,2378,74,3,32.6,47.6,,run
2026-08-14T11:10:39+03:00,1786695039,2383,74,3,32.6,45.1,,run
2026-08-14T11:10:45+03:00,1786695045,2389,74,3,32.6,43.2,,run
2026-08-14T11:10:50+03:00,1786695050,2394,74,3,32.6,43.9,,run
2026-08-14T11:10:55+03:00,1786695055,2399,74,3,32.3,43.9,,run
2026-08-14T11:11:00+03:00,1786695060,2404,74,3,32.3,42.6,,run
2026-08-14T11:11:05+03:00,1786695065,2409,74,3,32.3,42.6,,run
2026-08-14T11:11:11+03:00,1786695071,2415,74,3,32.3,42.0,,run
2026-08-14T11:11:16+03:00,1786695076,2420,74,3,32.3,48.5,,run
2026-08-14T11:11:21+03:00,1786695081,2425,74,3,32.3,48.5,,run
2026-08-14T11:11:26+03:00,1786695086,2430,74,3,32.3,49.4,,run
2026-08-14T11:11:32+03:00,1786695092,2436,74,3,32.3,50.7,,run
2026-08-14T11:11:37+03:00,1786695097,2441,74,3,32.3,47.3,,run
2026-08-14T11:11:42+03:00,1786695102,2446,74,3,32.3,47.9,,run
2026-08-14T11:11:47+03:00,1786695107,2451,74,3,32.3,44.2,,run
2026-08-14T11:11:53+03:00,1786695113,2457,74,3,32.3,43.6,,run
2026-08-14T11:11:58+03:00,1786695118,2462,74,3,32.3,41.7,,run
2026-08-14T11:12:03+03:00,1786695123,2467,74,3,32.3,43.6,,run
2026-08-14T11:12:08+03:00,1786695128,2472,74,3,32.3,42.9,,run
2026-08-14T11:12:13+03:00,1786695133,2477,74,3,32.3,44.2,,run
2026-08-14T11:12:19+03:00,1786695139,2483,74,3,32.3,55.6,,run
2026-08-14T11:12:24+03:00,1786695144,2488,74,3,32.3,47.9,,run
2026-08-14T11:12:29+03:00,1786695149,2493,74,3,32.3,44.8,,run
2026-08-14T11:12:35+03:00,1786695155,2499,74,3,32.3,43.9,,run
2026-08-14T11:12:40+03:00,1786695160,2504,74,3,32.3,48.5,,run
2026-08-14T11:12:45+03:00,1786695165,2509,74,3,32.3,50.7,,run
2026-08-14T11:12:50+03:00,1786695170,2514,74,3,32.3,45.4,,run
2026-08-14T11:12:55+03:00,1786695175,2519,73,3,32.4,43.6,,run
2026-08-14T11:13:01+03:00,1786695181,2525,73,3,32.4,45.4,,run
2026-08-14T11:13:06+03:00,1786695186,2530,73,3,32.4,44.5,,run
2026-08-14T11:13:11+03:00,1786695191,2535,73,3,32.4,44.5,,run
2026-08-14T11:13:16+03:00,1786695196,2540,73,3,32.4,45.1,,run
2026-08-14T11:13:22+03:00,1786695202,2546,73,3,32.4,44.2,,run
2026-08-14T11:13:27+03:00,1786695207,2551,73,3,32.4,45.4,,run
2026-08-14T11:13:32+03:00,1786695212,2556,73,3,32.4,51.3,,run
2026-08-14T11:13:37+03:00,1786695217,2561,73,3,32.4,47.6,,run
2026-08-14T11:13:42+03:00,1786695222,2566,73,3,32.4,45.1,,run
2026-08-14T11:13:48+03:00,1786695228,2572,73,3,32.4,46.7,,run
2026-08-14T11:13:53+03:00,1786695233,2577,73,3,32.4,44.5,,run
2026-08-14T11:13:58+03:00,1786695238,2582,73,3,32.4,44.5,,run
2026-08-14T11:14:03+03:00,1786695243,2587,73,3,32.4,45.1,,run
2026-08-14T11:14:09+03:00,1786695249,2593,73,3,32.4,43.9,,run
2026-08-14T11:14:14+03:00,1786695254,2598,73,3,32.4,44.5,,run
2026-08-14T11:14:19+03:00,1786695259,2603,73,3,32.4,52.5,,run
2026-08-14T11:14:24+03:00,1786695264,2608,73,3,32.4,45.4,,run
2026-08-14T11:14:30+03:00,1786695270,2614,73,3,32.4,46.3,,run
2026-08-14T11:14:35+03:00,1786695275,2619,73,3,32.4,45.4,,run
2026-08-14T11:14:40+03:00,1786695280,2624,73,3,32.4,43.9,,run
2026-08-14T11:14:45+03:00,1786695285,2629,73,3,32.4,44.5,,run
2026-08-14T11:14:51+03:00,1786695291,2635,73,3,32.4,48.2,,run
2026-08-14T11:14:56+03:00,1786695296,2640,73,3,32.4,46.0,,run
2026-08-14T11:15:01+03:00,1786695301,2645,73,3,32.4,44.5,,run
2026-08-14T11:15:06+03:00,1786695306,2650,73,3,32.4,44.2,,run
2026-08-14T11:15:11+03:00,1786695311,2655,73,3,32.4,43.9,,run
2026-08-14T11:15:17+03:00,1786695317,2661,73,3,32.4,42.9,,run
2026-08-14T11:15:22+03:00,1786695322,2666,73,3,32.4,43.2,,run
2026-08-14T11:15:27+03:00,1786695327,2671,73,3,32.4,42.6,,run
2026-08-14T11:15:32+03:00,1786695332,2676,73,3,32.4,51.0,,run
2026-08-14T11:15:38+03:00,1786695338,2682,73,3,32.4,51.6,,run
2026-08-14T11:15:43+03:00,1786695343,2687,73,3,32.4,47.6,,run
2026-08-14T11:15:48+03:00,1786695348,2692,73,3,32.4,45.7,,run
2026-08-14T11:15:53+03:00,1786695353,2697,73,3,32.4,44.8,,run
2026-08-14T11:15:59+03:00,1786695359,2703,73,3,32.4,42.9,,run
2026-08-14T11:16:04+03:00,1786695364,2708,73,3,32.4,48.5,,run
2026-08-14T11:16:09+03:00,1786695369,2713,73,3,32.4,44.8,,run
2026-08-14T11:16:14+03:00,1786695374,2718,73,3,32.4,47.3,,run
2026-08-14T11:16:20+03:00,1786695380,2724,73,3,32.4,51.9,,run
2026-08-14T11:16:25+03:00,1786695385,2729,73,3,32.4,44.5,,run
2026-08-14T11:16:30+03:00,1786695390,2734,73,3,32.4,43.6,,run
2026-08-14T11:16:35+03:00,1786695395,2739,73,3,32.4,44.8,,run
2026-08-14T11:16:41+03:00,1786695401,2745,73,3,32.4,43.2,,run
2026-08-14T11:16:46+03:00,1786695406,2750,73,3,32.4,42.9,,run
2026-08-14T11:16:51+03:00,1786695411,2755,73,3,32.4,45.4,,run
2026-08-14T11:16:56+03:00,1786695416,2760,73,3,32.4,46.7,,run
2026-08-14T11:17:02+03:00,1786695422,2766,73,3,32.4,45.1,,run
2026-08-14T11:17:07+03:00,1786695427,2771,73,3,32.4,44.2,,run
2026-08-14T11:17:12+03:00,1786695432,2776,73,3,32.4,43.9,,run
2026-08-14T11:17:17+03:00,1786695437,2781,73,3,32.4,45.4,,run
2026-08-14T11:17:22+03:00,1786695442,2786,73,3,32.4,43.6,,run
2026-08-14T11:17:28+03:00,1786695448,2792,73,3,32.4,42.6,,run
2026-08-14T11:17:33+03:00,1786695453,2797,73,3,32.4,51.6,,run
2026-08-14T11:17:38+03:00,1786695458,2802,73,3,32.4,45.7,,run
2026-08-14T11:17:44+03:00,1786695464,2808,73,3,32.4,51.6,,run
2026-08-14T11:17:49+03:00,1786695469,2813,73,3,32.4,46.0,,run
2026-08-14T11:17:54+03:00,1786695474,2818,73,3,32.4,43.9,,run
2026-08-14T11:17:59+03:00,1786695479,2823,73,3,32.4,45.1,,run
2026-08-14T11:18:05+03:00,1786695485,2829,73,3,32.4,42.6,,run
2026-08-14T11:18:10+03:00,1786695490,2834,73,3,32.4,41.7,,run
2026-08-14T11:18:15+03:00,1786695495,2839,73,3,32.4,51.9,,run
2026-08-14T11:18:21+03:00,1786695501,2845,73,3,32.4,49.1,,run
2026-08-14T11:18:26+03:00,1786695506,2850,73,3,32.4,46.0,,run
2026-08-14T11:18:31+03:00,1786695511,2855,73,3,32.4,46.3,,run
2026-08-14T11:18:36+03:00,1786695516,2860,73,3,32.4,46.0,,run
2026-08-14T11:18:41+03:00,1786695521,2865,73,3,32.4,46.7,,run
2026-08-14T11:18:47+03:00,1786695527,2871,73,3,32.4,45.7,,run
2026-08-14T11:18:52+03:00,1786695532,2876,73,3,32.4,44.8,,run
2026-08-14T11:18:57+03:00,1786695537,2881,73,3,32.4,45.7,,run
2026-08-14T11:19:02+03:00,1786695542,2886,73,3,32.4,47.3,,run
2026-08-14T11:19:08+03:00,1786695548,2892,73,3,32.4,48.8,,run
2026-08-14T11:19:13+03:00,1786695553,2897,73,3,32.4,47.6,,run
2026-08-14T11:19:18+03:00,1786695558,2902,73,3,32.4,45.4,,run
2026-08-14T11:19:23+03:00,1786695563,2907,73,3,32.4,43.9,,run
2026-08-14T11:19:28+03:00,1786695568,2912,73,3,32.4,43.6,,run
2026-08-14T11:19:34+03:00,1786695574,2918,73,3,32.4,53.1,,run
2026-08-14T11:19:39+03:00,1786695579,2923,73,3,32.4,45.7,,run
2026-08-14T11:19:45+03:00,1786695585,2929,73,3,32.4,44.2,,run
2026-08-14T11:19:50+03:00,1786695590,2934,73,3,32.4,48.2,,run
2026-08-14T11:19:55+03:00,1786695595,2939,73,3,32.4,47.6,,run
2026-08-14T11:20:00+03:00,1786695600,2944,73,3,32.4,44.8,,run
2026-08-14T11:20:06+03:00,1786695606,2950,73,3,32.4,43.9,,run
2026-08-14T11:20:11+03:00,1786695611,2955,73,3,32.4,42.6,,run
2026-08-14T11:20:16+03:00,1786695616,2960,73,3,32.4,53.5,,run
2026-08-14T11:20:21+03:00,1786695621,2965,73,3,32.4,47.0,,run
2026-08-14T11:20:27+03:00,1786695627,2971,73,3,32.4,43.9,,run
2026-08-14T11:20:32+03:00,1786695632,2976,73,3,32.4,43.9,,run
2026-08-14T11:20:37+03:00,1786695637,2981,73,3,32.4,48.2,,run
2026-08-14T11:20:42+03:00,1786695642,2986,73,3,32.4,43.9,,run
2026-08-14T11:20:48+03:00,1786695648,2992,73,3,32.4,45.7,,run
2026-08-14T11:20:53+03:00,1786695653,2997,73,3,32.4,45.7,,run
2026-08-14T11:20:58+03:00,1786695658,3002,73,3,32.5,44.2,,run
2026-08-14T11:21:03+03:00,1786695663,3007,73,3,32.5,43.2,,run
2026-08-14T11:21:08+03:00,1786695668,3012,73,3,32.5,47.0,,run
2026-08-14T11:21:14+03:00,1786695674,3018,73,3,32.5,47.9,,run
2026-08-14T11:21:19+03:00,1786695679,3023,73,3,32.5,47.0,,run
2026-08-14T11:21:24+03:00,1786695684,3028,73,3,32.5,46.0,,run
2026-08-14T11:21:29+03:00,1786695689,3033,73,3,32.5,45.7,,run
2026-08-14T11:21:35+03:00,1786695695,3039,73,3,32.5,54.7,,run
2026-08-14T11:21:40+03:00,1786695700,3044,73,3,32.5,50.4,,run
2026-08-14T11:21:45+03:00,1786695705,3049,73,3,32.5,43.9,,run
2026-08-14T11:21:51+03:00,1786695711,3055,73,3,32.5,43.9,,run
2026-08-14T11:21:56+03:00,1786695716,3060,73,3,32.5,49.1,,run
2026-08-14T11:22:01+03:00,1786695721,3065,73,3,32.5,46.7,,run
2026-08-14T11:22:06+03:00,1786695726,3070,73,3,32.5,45.1,,run
2026-08-14T11:22:11+03:00,1786695731,3075,73,3,32.5,42.9,,run
2026-08-14T11:22:17+03:00,1786695737,3081,73,3,32.5,55.3,,run
2026-08-14T11:22:22+03:00,1786695742,3086,73,3,32.5,45.4,,run
2026-08-14T11:22:27+03:00,1786695747,3091,73,3,32.5,44.5,,run
2026-08-14T11:22:33+03:00,1786695753,3097,72,3,32.6,42.6,,run
2026-08-14T11:22:38+03:00,1786695758,3102,72,3,32.6,42.3,,run
2026-08-14T11:22:43+03:00,1786695763,3107,72,3,32.6,44.8,,run
2026-08-14T11:22:48+03:00,1786695768,3112,72,3,32.6,44.8,,run
2026-08-14T11:22:53+03:00,1786695773,3117,72,3,32.6,45.4,,run
2026-08-14T11:22:59+03:00,1786695779,3123,72,3,32.6,43.9,,run
2026-08-14T11:23:04+03:00,1786695784,3128,72,3,32.6,42.9,,run
2026-08-14T11:23:09+03:00,1786695789,3133,72,3,32.6,43.6,,run
2026-08-14T11:23:14+03:00,1786695794,3138,72,3,32.6,47.6,,run
2026-08-14T11:23:20+03:00,1786695800,3144,72,3,32.6,48.5,,run
2026-08-14T11:23:25+03:00,1786695805,3149,72,3,32.6,47.6,,run
2026-08-14T11:23:30+03:00,1786695810,3154,72,3,32.6,50.4,,run
2026-08-14T11:23:35+03:00,1786695815,3159,72,3,32.6,52.2,,run
2026-08-14T11:23:40+03:00,1786695820,3164,72,3,32.6,47.6,,run
2026-08-14T11:23:46+03:00,1786695826,3170,72,3,32.6,43.2,,run
2026-08-14T11:23:51+03:00,1786695831,3175,72,3,32.6,42.6,,run
2026-08-14T11:23:56+03:00,1786695836,3180,72,3,32.6,43.2,,run
2026-08-14T11:24:01+03:00,1786695841,3185,72,3,32.6,46.0,,run
2026-08-14T11:24:07+03:00,1786695847,3191,72,3,32.6,45.1,,run
2026-08-14T11:24:12+03:00,1786695852,3196,72,3,32.6,45.1,,run
2026-08-14T11:24:17+03:00,1786695857,3201,72,3,32.6,54.1,,run
2026-08-14T11:24:22+03:00,1786695862,3206,72,3,32.6,45.7,,run
2026-08-14T11:24:28+03:00,1786695868,3212,72,3,32.6,46.3,,run
2026-08-14T11:24:33+03:00,1786695873,3217,72,3,32.6,45.4,,run
2026-08-14T11:24:38+03:00,1786695878,3222,72,3,32.6,44.5,,run
2026-08-14T11:24:43+03:00,1786695883,3227,72,3,32.6,43.9,,run
2026-08-14T11:24:48+03:00,1786695888,3232,72,3,32.6,43.6,,run
2026-08-14T11:24:54+03:00,1786695894,3238,72,3,32.6,44.2,,run
2026-08-14T11:24:59+03:00,1786695899,3243,72,3,32.6,49.7,,run
2026-08-14T11:25:04+03:00,1786695904,3248,72,3,32.6,45.7,,run
2026-08-14T11:25:09+03:00,1786695909,3253,72,3,32.6,44.5,,run
2026-08-14T11:25:15+03:00,1786695915,3259,72,3,32.6,42.6,,run
2026-08-14T11:25:20+03:00,1786695920,3264,72,3,32.6,46.0,,run
2026-08-14T11:25:25+03:00,1786695925,3269,72,3,32.6,50.4,,run
2026-08-14T11:25:30+03:00,1786695930,3274,72,3,32.6,48.5,,run
2026-08-14T11:25:35+03:00,1786695935,3279,72,3,32.6,46.0,,run
2026-08-14T11:25:41+03:00,1786695941,3285,72,3,32.6,44.8,,run
2026-08-14T11:25:46+03:00,1786695946,3290,72,3,32.6,43.9,,run
2026-08-14T11:25:51+03:00,1786695951,3295,72,3,32.6,45.4,,run
2026-08-14T11:25:56+03:00,1786695956,3300,72,3,32.6,53.5,,run
2026-08-14T11:26:02+03:00,1786695962,3306,72,3,32.6,46.3,,run
2026-08-14T11:26:07+03:00,1786695967,3311,72,3,32.6,46.3,,run
2026-08-14T11:26:12+03:00,1786695972,3316,72,3,32.6,46.3,,run
2026-08-14T11:26:18+03:00,1786695978,3322,72,3,32.6,49.1,,run
2026-08-14T11:26:23+03:00,1786695983,3327,72,3,32.6,43.9,,run
2026-08-14T11:26:28+03:00,1786695988,3332,72,3,32.6,47.9,,run
2026-08-14T11:26:33+03:00,1786695993,3337,72,3,32.6,51.0,,run
2026-08-14T11:26:39+03:00,1786695999,3343,72,3,32.6,45.1,,run
2026-08-14T11:26:44+03:00,1786696004,3348,72,3,32.6,42.9,,run
2026-08-14T11:26:49+03:00,1786696009,3353,72,3,32.6,42.9,,run
2026-08-14T11:26:54+03:00,1786696014,3358,72,3,32.6,42.3,,run
2026-08-14T11:26:59+03:00,1786696019,3363,72,3,32.6,42.3,,run
2026-08-14T11:27:05+03:00,1786696025,3369,72,3,32.6,45.1,,run
2026-08-14T11:27:10+03:00,1786696030,3374,72,3,32.6,46.3,,run
2026-08-14T11:27:15+03:00,1786696035,3379,72,3,32.6,54.7,,run
2026-08-14T11:27:21+03:00,1786696041,3385,72,3,32.6,47.3,,run
2026-08-14T11:27:26+03:00,1786696046,3390,72,3,32.6,43.9,,run
2026-08-14T11:27:31+03:00,1786696051,3395,72,3,32.6,48.2,,run
2026-08-14T11:27:37+03:00,1786696057,3401,72,3,32.6,44.8,,run
2026-08-14T11:27:42+03:00,1786696062,3406,72,3,32.6,44.2,,run
2026-08-14T11:27:47+03:00,1786696067,3411,72,3,32.6,44.2,,run
2026-08-14T11:27:52+03:00,1786696072,3416,72,3,32.6,43.6,,run
2026-08-14T11:27:58+03:00,1786696078,3422,72,3,32.6,52.8,,run
2026-08-14T11:28:03+03:00,1786696083,3427,72,3,32.6,45.4,,run
2026-08-14T11:28:08+03:00,1786696088,3432,72,3,32.6,43.9,,run
2026-08-14T11:28:13+03:00,1786696093,3437,72,3,32.6,46.7,,run
2026-08-14T11:28:19+03:00,1786696099,3443,72,3,32.6,53.8,,run
2026-08-14T11:28:24+03:00,1786696104,3448,72,3,32.6,47.3,,run
2026-08-14T11:28:29+03:00,1786696109,3453,72,3,32.6,44.8,,run
2026-08-14T11:28:34+03:00,1786696114,3458,72,3,32.6,42.6,,run
2026-08-14T11:28:40+03:00,1786696120,3464,72,3,32.6,44.2,,run
2026-08-14T11:28:45+03:00,1786696125,3469,72,3,32.6,42.6,,run
2026-08-14T11:28:50+03:00,1786696130,3474,72,3,32.6,44.5,,run
2026-08-14T11:28:55+03:00,1786696135,3479,72,3,32.6,43.6,,run
2026-08-14T11:29:00+03:00,1786696140,3484,72,3,32.6,42.6,,run
2026-08-14T11:29:06+03:00,1786696146,3490,72,3,32.6,42.6,,run
2026-08-14T11:29:11+03:00,1786696151,3495,72,3,32.6,44.5,,run
2026-08-14T11:29:16+03:00,1786696156,3500,72,3,32.6,45.4,,run
2026-08-14T11:29:21+03:00,1786696161,3505,72,3,32.6,44.8,,run
2026-08-14T11:29:27+03:00,1786696167,3511,72,3,32.6,44.5,,run
2026-08-14T11:29:32+03:00,1786696172,3516,72,3,32.6,44.8,,run
2026-08-14T11:29:37+03:00,1786696177,3521,72,3,32.6,46.7,,run
2026-08-14T11:29:42+03:00,1786696182,3526,72,3,32.6,43.6,,run
2026-08-14T11:29:47+03:00,1786696187,3531,72,3,32.6,43.2,,run
2026-08-14T11:29:53+03:00,1786696193,3537,72,3,32.6,46.0,,run
2026-08-14T11:29:58+03:00,1786696198,3542,72,3,32.6,51.0,,run
2026-08-14T11:30:03+03:00,1786696203,3547,72,3,32.6,47.6,,run
2026-08-14T11:30:08+03:00,1786696208,3552,72,3,32.6,46.7,,run
2026-08-14T11:30:14+03:00,1786696214,3558,72,3,32.6,43.9,,run
2026-08-14T11:30:19+03:00,1786696219,3563,72,3,32.6,46.0,,run
2026-08-14T11:30:24+03:00,1786696224,3568,72,3,32.6,46.3,,run
2026-08-14T11:30:29+03:00,1786696229,3573,72,3,32.6,45.7,,run
2026-08-14T11:30:35+03:00,1786696235,3579,72,3,32.6,43.6,,run
2026-08-14T11:30:40+03:00,1786696240,3584,72,3,32.6,42.9,,run
2026-08-14T11:30:45+03:00,1786696245,3589,72,3,32.6,43.2,,run
2026-08-14T11:30:50+03:00,1786696250,3594,72,3,32.6,42.3,,run
2026-08-14T11:30:55+03:00,1786696255,3599,72,3,32.5,43.6,,run
2026-08-14T11:31:01+03:00,1786696261,3605,72,3,32.5,43.9,,run
2026-08-14T11:31:06+03:00,1786696266,3610,72,3,32.5,43.9,,run
2026-08-14T11:31:11+03:00,1786696271,3615,72,3,32.5,52.5,,run
2026-08-14T11:31:17+03:00,1786696277,3621,72,3,32.5,43.9,,run
2026-08-14T11:31:22+03:00,1786696282,3626,72,3,32.5,45.1,,run
2026-08-14T11:31:27+03:00,1786696287,3631,72,3,32.5,44.5,,run
2026-08-14T11:31:32+03:00,1786696292,3636,72,3,32.5,43.2,,run
2026-08-14T11:31:38+03:00,1786696298,3642,72,3,32.5,41.7,,run
2026-08-14T11:31:43+03:00,1786696303,3647,72,3,32.5,43.6,,run
2026-08-14T11:31:48+03:00,1786696308,3652,72,3,32.5,44.5,,run
2026-08-14T11:31:53+03:00,1786696313,3657,72,3,32.5,54.1,,run
2026-08-14T11:31:59+03:00,1786696319,3663,72,3,32.5,45.1,,run
2026-08-14T11:32:04+03:00,1786696324,3668,72,3,32.5,49.1,,run
2026-08-14T11:32:09+03:00,1786696329,3673,71,3,32.6,51.6,,run
2026-08-14T11:32:15+03:00,1786696335,3679,71,3,32.6,46.7,,run
2026-08-14T11:32:20+03:00,1786696340,3684,71,3,32.6,45.1,,run
2026-08-14T11:32:25+03:00,1786696345,3689,71,3,32.6,45.7,,run
2026-08-14T11:32:30+03:00,1786696350,3694,71,3,32.6,45.7,,run
2026-08-14T11:32:35+03:00,1786696355,3699,71,3,32.6,47.0,,run
2026-08-14T11:32:41+03:00,1786696361,3705,71,3,32.6,44.5,,run
2026-08-14T11:32:46+03:00,1786696366,3710,71,3,32.6,45.4,,run
2026-08-14T11:32:51+03:00,1786696371,3715,71,3,32.6,43.9,,run
2026-08-14T11:32:56+03:00,1786696376,3720,71,3,32.6,44.5,,run
2026-08-14T11:33:02+03:00,1786696382,3726,71,3,32.6,43.9,,run
2026-08-14T11:33:07+03:00,1786696387,3731,71,3,32.6,43.6,,run
2026-08-14T11:33:12+03:00,1786696392,3736,71,3,32.6,54.4,,run
2026-08-14T11:33:17+03:00,1786696397,3741,71,3,32.6,48.5,,run
2026-08-14T11:33:23+03:00,1786696403,3747,71,3,32.6,42.6,,run
2026-08-14T11:33:28+03:00,1786696408,3752,71,3,32.6,48.8,,run
2026-08-14T11:33:33+03:00,1786696413,3757,71,3,32.6,44.5,,run
2026-08-14T11:33:38+03:00,1786696418,3762,71,3,32.6,42.3,,run
2026-08-14T11:33:44+03:00,1786696424,3768,71,3,32.6,44.2,,run
2026-08-14T11:33:49+03:00,1786696429,3773,71,3,32.6,43.9,,run
2026-08-14T11:33:54+03:00,1786696434,3778,71,3,32.6,54.7,,run
2026-08-14T11:34:00+03:00,1786696440,3784,71,3,32.6,47.0,,run
2026-08-14T11:34:05+03:00,1786696445,3789,71,3,32.6,43.6,,run
2026-08-14T11:34:10+03:00,1786696450,3794,71,3,32.6,42.9,,run
2026-08-14T11:34:15+03:00,1786696455,3799,71,3,32.6,50.7,,run
2026-08-14T11:34:21+03:00,1786696461,3805,71,3,32.6,45.7,,run
2026-08-14T11:34:26+03:00,1786696466,3810,71,3,32.6,46.7,,run
2026-08-14T11:34:31+03:00,1786696471,3815,71,3,32.6,45.7,,run
2026-08-14T11:34:36+03:00,1786696476,3820,71,3,32.6,44.2,,run
2026-08-14T11:34:41+03:00,1786696481,3825,71,3,32.6,44.5,,run
2026-08-14T11:34:47+03:00,1786696487,3831,71,3,32.6,42.6,,run
2026-08-14T11:34:52+03:00,1786696492,3836,71,3,32.6,42.9,,run
2026-08-14T11:34:57+03:00,1786696497,3841,71,3,32.6,45.1,,run
2026-08-14T11:35:02+03:00,1786696502,3846,71,3,32.6,43.6,,run
2026-08-14T11:35:07+03:00,1786696507,3851,71,3,32.6,49.1,,run
2026-08-14T11:35:13+03:00,1786696513,3857,71,3,32.6,51.3,,run
2026-08-14T11:35:18+03:00,1786696518,3862,71,3,32.6,44.8,,run
2026-08-14T11:35:23+03:00,1786696523,3867,71,3,32.6,42.9,,run
2026-08-14T11:35:28+03:00,1786696528,3872,71,3,32.6,42.0,,run
2026-08-14T11:35:34+03:00,1786696534,3878,71,3,32.6,46.0,,run
2026-08-14T11:35:39+03:00,1786696539,3883,71,3,32.6,45.7,,run
2026-08-14T11:35:44+03:00,1786696544,3888,71,3,32.6,43.2,,run
2026-08-14T11:35:49+03:00,1786696549,3893,71,3,32.6,45.1,,run
2026-08-14T11:35:55+03:00,1786696555,3899,71,3,32.6,56.5,,run
2026-08-14T11:36:00+03:00,1786696560,3904,71,3,32.6,45.7,,run
2026-08-14T11:36:05+03:00,1786696565,3909,71,3,32.6,44.2,,run
2026-08-14T11:36:10+03:00,1786696570,3914,71,3,32.6,44.2,,run
2026-08-14T11:36:16+03:00,1786696576,3920,71,3,32.6,42.6,,run
2026-08-14T11:36:21+03:00,1786696581,3925,71,3,32.6,50.4,,run
2026-08-14T11:36:26+03:00,1786696586,3930,71,3,32.6,45.1,,run
2026-08-14T11:36:31+03:00,1786696591,3935,71,3,32.6,44.8,,run
2026-08-14T11:36:37+03:00,1786696597,3941,71,3,32.6,46.3,,run
2026-08-14T11:36:42+03:00,1786696602,3946,71,3,32.6,46.0,,run
2026-08-14T11:36:47+03:00,1786696607,3951,71,3,32.6,43.6,,run
2026-08-14T11:36:52+03:00,1786696612,3956,71,3,32.6,42.9,,run
2026-08-14T11:36:57+03:00,1786696617,3961,71,3,32.6,43.6,,run
2026-08-14T11:37:03+03:00,1786696623,3967,71,3,32.6,43.2,,run
2026-08-14T11:37:08+03:00,1786696628,3972,71,3,32.6,51.0,,run
2026-08-14T11:37:13+03:00,1786696633,3977,71,3,32.6,49.7,,run
2026-08-14T11:37:18+03:00,1786696638,3982,71,3,32.6,44.5,,run
2026-08-14T11:37:24+03:00,1786696644,3988,71,3,32.6,42.6,,run
2026-08-14T11:37:29+03:00,1786696649,3993,71,3,32.6,42.6,,run
2026-08-14T11:37:34+03:00,1786696654,3998,71,3,32.6,51.3,,run
2026-08-14T11:37:40+03:00,1786696660,4004,71,3,32.6,50.7,,run
2026-08-14T11:37:45+03:00,1786696665,4009,71,3,32.6,46.0,,run
2026-08-14T11:37:50+03:00,1786696670,4014,71,3,32.6,45.7,,run
2026-08-14T11:37:55+03:00,1786696675,4019,71,3,32.6,46.3,,run
2026-08-14T11:38:01+03:00,1786696681,4025,71,3,32.6,45.4,,run
2026-08-14T11:38:06+03:00,1786696686,4030,71,3,32.6,43.9,,run
2026-08-14T11:38:11+03:00,1786696691,4035,71,3,32.6,43.9,,run
2026-08-14T11:38:16+03:00,1786696696,4040,71,3,32.6,43.9,,run
2026-08-14T11:38:21+03:00,1786696701,4045,71,3,32.6,42.3,,run
2026-08-14T11:38:27+03:00,1786696707,4051,71,3,32.6,48.8,,run
2026-08-14T11:38:32+03:00,1786696712,4056,71,3,32.6,49.4,,run
2026-08-14T11:38:37+03:00,1786696717,4061,71,3,32.6,44.2,,run
2026-08-14T11:38:42+03:00,1786696722,4066,71,3,32.6,43.9,,run
2026-08-14T11:38:48+03:00,1786696728,4072,71,3,32.6,42.9,,run
2026-08-14T11:38:53+03:00,1786696733,4077,71,3,32.6,55.0,,run
2026-08-14T11:38:58+03:00,1786696738,4082,71,3,32.6,48.2,,run
2026-08-14T11:39:04+03:00,1786696744,4088,71,3,32.6,43.6,,run
2026-08-14T11:39:09+03:00,1786696749,4093,71,3,32.6,43.2,,run
2026-08-14T11:39:14+03:00,1786696754,4098,71,3,32.6,42.0,,run
2026-08-14T11:39:19+03:00,1786696759,4103,71,3,32.6,42.0,,run
2026-08-14T11:39:25+03:00,1786696765,4109,71,3,32.6,41.4,,run
2026-08-14T11:39:30+03:00,1786696770,4114,71,3,32.6,43.9,,run
2026-08-14T11:39:35+03:00,1786696775,4119,71,3,32.6,54.4,,run
2026-08-14T11:39:41+03:00,1786696781,4125,71,3,32.6,45.7,,run
2026-08-14T11:39:46+03:00,1786696786,4130,71,3,32.6,45.4,,run
2026-08-14T11:39:51+03:00,1786696791,4135,71,3,32.6,50.4,,run
2026-08-14T11:39:56+03:00,1786696796,4140,71,3,32.6,46.7,,run
2026-08-14T11:40:01+03:00,1786696801,4145,71,3,32.6,43.9,,run
2026-08-14T11:40:07+03:00,1786696807,4151,71,3,32.6,43.9,,run
2026-08-14T11:40:12+03:00,1786696812,4156,71,3,32.6,44.5,,run
2026-08-14T11:40:17+03:00,1786696817,4161,71,3,32.6,44.8,,run
2026-08-14T11:40:22+03:00,1786696822,4166,71,3,32.6,45.4,,run
2026-08-14T11:40:28+03:00,1786696828,4172,71,3,32.6,43.6,,run
2026-08-14T11:40:33+03:00,1786696833,4177,71,3,32.6,44.5,,run
2026-08-14T11:40:38+03:00,1786696838,4182,71,3,32.6,51.0,,run
2026-08-14T11:40:43+03:00,1786696843,4187,71,3,32.6,47.3,,run
2026-08-14T11:40:48+03:00,1786696848,4192,71,3,32.6,50.4,,run
2026-08-14T11:40:54+03:00,1786696854,4198,71,3,32.6,48.2,,run
2026-08-14T11:40:59+03:00,1786696859,4203,71,3,32.6,46.0,,run
2026-08-14T11:41:04+03:00,1786696864,4208,71,3,32.6,44.5,,run
2026-08-14T11:41:09+03:00,1786696869,4213,71,3,32.6,46.7,,run
2026-08-14T11:41:15+03:00,1786696875,4219,71,3,32.6,42.0,,run
2026-08-14T11:41:20+03:00,1786696880,4224,71,3,32.6,41.4,,run
2026-08-14T11:41:25+03:00,1786696885,4229,71,3,32.6,42.3,,run
2026-08-14T11:41:30+03:00,1786696890,4234,71,3,32.6,43.9,,run
2026-08-14T11:41:36+03:00,1786696896,4240,71,3,32.6,53.5,,run
2026-08-14T11:41:41+03:00,1786696901,4245,71,3,32.6,44.2,,run
2026-08-14T11:41:46+03:00,1786696906,4250,70,3,32.6,45.7,,run
2026-08-14T11:41:51+03:00,1786696911,4255,70,3,32.6,45.1,,run
2026-08-14T11:41:57+03:00,1786696917,4261,70,3,32.6,46.0,,run
2026-08-14T11:42:02+03:00,1786696922,4266,70,3,32.6,47.6,,run
2026-08-14T11:42:07+03:00,1786696927,4271,70,3,32.6,44.8,,run
2026-08-14T11:42:12+03:00,1786696932,4276,70,3,32.6,43.6,,run
2026-08-14T11:42:17+03:00,1786696937,4281,70,3,32.6,42.9,,run
2026-08-14T11:42:23+03:00,1786696943,4287,70,3,32.6,44.5,,run
2026-08-14T11:42:28+03:00,1786696948,4292,70,3,32.6,48.5,,run
2026-08-14T11:42:33+03:00,1786696953,4297,70,3,32.6,48.5,,run
2026-08-14T11:42:38+03:00,1786696958,4302,70,3,32.6,45.4,,run
2026-08-14T11:42:44+03:00,1786696964,4308,70,3,32.6,43.9,,run
2026-08-14T11:42:49+03:00,1786696969,4313,70,3,32.6,46.3,,run
2026-08-14T11:42:54+03:00,1786696974,4318,70,3,32.6,45.4,,run
2026-08-14T11:42:59+03:00,1786696979,4323,70,3,32.6,44.5,,run
2026-08-14T11:43:04+03:00,1786696984,4328,70,3,32.6,43.6,,run
2026-08-14T11:43:10+03:00,1786696990,4334,70,3,32.6,41.7,,run
2026-08-14T11:43:15+03:00,1786696995,4339,70,3,32.6,41.7,,run
2026-08-14T11:43:20+03:00,1786697000,4344,70,3,32.6,46.7,,run
2026-08-14T11:43:25+03:00,1786697005,4349,70,3,32.6,43.6,,run
2026-08-14T11:43:31+03:00,1786697011,4355,70,3,32.6,45.7,,run
2026-08-14T11:43:36+03:00,1786697016,4360,70,3,32.6,51.0,,run
2026-08-14T11:43:41+03:00,1786697021,4365,70,3,32.6,44.5,,run
2026-08-14T11:43:46+03:00,1786697026,4370,70,3,32.6,50.1,,run
2026-08-14T11:43:52+03:00,1786697032,4376,70,3,32.6,48.2,,run
2026-08-14T11:43:57+03:00,1786697037,4381,70,3,32.6,44.5,,run
2026-08-14T11:44:02+03:00,1786697042,4386,70,3,32.6,43.6,,run
2026-08-14T11:44:07+03:00,1786697047,4391,70,3,32.6,43.9,,run
2026-08-14T11:44:13+03:00,1786697053,4397,70,3,32.6,45.4,,run
2026-08-14T11:44:18+03:00,1786697058,4402,70,3,32.6,43.6,,run
2026-08-14T11:44:23+03:00,1786697063,4407,70,3,32.6,42.9,,run
2026-08-14T11:44:28+03:00,1786697068,4412,70,3,32.6,43.2,,run
2026-08-14T11:44:34+03:00,1786697074,4418,70,3,32.6,49.7,,run
2026-08-14T11:44:39+03:00,1786697079,4423,70,3,32.6,46.3,,run
2026-08-14T11:44:44+03:00,1786697084,4428,70,3,32.6,44.8,,run
2026-08-14T11:44:49+03:00,1786697089,4433,70,3,32.6,54.1,,run
2026-08-14T11:44:55+03:00,1786697095,4439,70,3,32.6,46.0,,run
2026-08-14T11:45:00+03:00,1786697100,4444,70,3,32.6,43.6,,run
2026-08-14T11:45:05+03:00,1786697105,4449,70,3,32.6,43.2,,run
2026-08-14T11:45:11+03:00,1786697111,4455,70,3,32.6,42.6,,run
2026-08-14T11:45:16+03:00,1786697116,4460,70,3,32.6,41.7,,run
2026-08-14T11:45:21+03:00,1786697121,4465,70,3,32.6,41.4,,run
2026-08-14T11:45:26+03:00,1786697126,4470,70,3,32.6,43.2,,run
2026-08-14T11:45:31+03:00,1786697131,4475,70,3,32.6,55.3,,run
2026-08-14T11:45:37+03:00,1786697137,4481,70,3,32.6,48.2,,run
2026-08-14T11:45:43+03:00,1786697143,4487,70,3,32.6,47.3,,run
2026-08-14T11:45:48+03:00,1786697148,4492,70,3,32.6,44.2,,run
2026-08-14T11:45:53+03:00,1786697153,4497,70,3,32.6,49.1,,run
2026-08-14T11:45:58+03:00,1786697158,4502,70,3,32.6,45.4,,run
2026-08-14T11:46:04+03:00,1786697164,4508,70,3,32.6,44.8,,run
2026-08-14T11:46:09+03:00,1786697169,4513,70,3,32.6,45.1,,run
2026-08-14T11:46:14+03:00,1786697174,4518,70,3,32.6,45.1,,run
2026-08-14T11:46:19+03:00,1786697179,4523,70,3,32.6,44.2,,run
2026-08-14T11:46:24+03:00,1786697184,4528,70,3,32.6,44.2,,run
2026-08-14T11:46:30+03:00,1786697190,4534,70,3,32.6,43.6,,run
2026-08-14T11:46:35+03:00,1786697195,4539,70,3,32.6,42.6,,run
2026-08-14T11:46:40+03:00,1786697200,4544,70,3,32.6,48.5,,run
2026-08-14T11:46:45+03:00,1786697205,4549,70,3,32.6,56.9,,run
2026-08-14T11:46:51+03:00,1786697211,4555,70,3,32.6,57.8,,run
2026-08-14T11:46:56+03:00,1786697216,4560,70,3,32.6,46.3,,run
2026-08-14T11:47:01+03:00,1786697221,4565,70,3,32.6,44.5,,run
2026-08-14T11:47:06+03:00,1786697226,4570,70,3,32.6,42.6,,run
2026-08-14T11:47:12+03:00,1786697231,4575,70,3,32.6,43.9,,run
2026-08-14T11:47:17+03:00,1786697237,4581,70,3,32.6,43.2,,run
2026-08-14T11:47:22+03:00,1786697242,4586,70,3,32.6,42.0,,run
2026-08-14T11:47:27+03:00,1786697247,4591,70,3,32.6,42.6,,run
2026-08-14T11:47:32+03:00,1786697252,4596,70,3,32.6,53.8,,run
2026-08-14T11:47:38+03:00,1786697258,4602,70,3,32.6,47.6,,run
2026-08-14T11:47:43+03:00,1786697263,4607,70,3,32.6,44.2,,run
2026-08-14T11:47:48+03:00,1786697268,4612,70,3,32.6,42.9,,run
2026-08-14T11:47:53+03:00,1786697273,4617,70,3,32.6,45.7,,run
2026-08-14T11:47:59+03:00,1786697279,4623,70,3,32.6,44.8,,run
2026-08-14T11:48:04+03:00,1786697284,4628,70,3,32.6,51.3,,run
2026-08-14T11:48:09+03:00,1786697289,4633,70,3,32.6,44.8,,run
2026-08-14T11:48:14+03:00,1786697294,4638,70,3,32.6,43.9,,run
2026-08-14T11:48:19+03:00,1786697299,4643,70,3,32.6,42.9,,run
2026-08-14T11:48:25+03:00,1786697305,4649,70,3,32.6,42.9,,run
2026-08-14T11:48:30+03:00,1786697310,4654,70,3,32.6,46.0,,run
2026-08-14T11:48:35+03:00,1786697315,4659,70,3,32.6,43.9,,run
2026-08-14T11:48:40+03:00,1786697320,4664,70,3,32.6,43.2,,run
2026-08-14T11:48:46+03:00,1786697326,4670,70,3,32.6,51.9,,run
2026-08-14T11:48:51+03:00,1786697331,4675,70,3,32.6,53.5,,run
2026-08-14T11:48:56+03:00,1786697336,4680,70,3,32.6,47.6,,run
2026-08-14T11:49:01+03:00,1786697341,4685,70,3,32.6,43.6,,run
2026-08-14T11:49:06+03:00,1786697346,4690,70,3,32.6,48.2,,run
2026-08-14T11:49:12+03:00,1786697352,4696,70,3,32.6,43.2,,run
2026-08-14T11:49:17+03:00,1786697357,4701,70,3,32.6,42.6,,run
2026-08-14T11:49:22+03:00,1786697362,4706,70,3,32.6,42.9,,run
2026-08-14T11:49:27+03:00,1786697367,4711,70,3,32.6,43.6,,run
2026-08-14T11:49:33+03:00,1786697373,4717,70,3,32.6,53.1,,run
2026-08-14T11:49:38+03:00,1786697378,4722,70,3,32.6,43.9,,run
2026-08-14T11:49:43+03:00,1786697383,4727,70,3,32.6,46.7,,run
2026-08-14T11:49:48+03:00,1786697388,4732,70,3,32.6,46.0,,run
2026-08-14T11:49:54+03:00,1786697394,4738,70,3,32.6,45.7,,run
2026-08-14T11:49:59+03:00,1786697399,4743,70,3,32.6,45.4,,run
2026-08-14T11:50:04+03:00,1786697404,4748,70,3,32.6,44.8,,run
2026-08-14T11:50:09+03:00,1786697409,4753,70,3,32.6,47.6,,run
2026-08-14T11:50:14+03:00,1786697414,4758,70,3,32.6,47.0,,run
2026-08-14T11:50:20+03:00,1786697420,4764,70,3,32.6,45.1,,run
2026-08-14T11:50:25+03:00,1786697425,4769,70,3,32.6,44.5,,run
2026-08-14T11:50:30+03:00,1786697430,4774,70,3,32.6,44.5,,run
2026-08-14T11:50:35+03:00,1786697435,4779,70,3,32.6,43.6,,run
2026-08-14T11:50:41+03:00,1786697441,4785,70,3,32.6,42.3,,run
2026-08-14T11:50:46+03:00,1786697446,4790,70,3,32.6,45.4,,run
2026-08-14T11:50:51+03:00,1786697451,4795,70,3,32.6,46.3,,run
2026-08-14T11:50:56+03:00,1786697456,4800,70,3,32.7,48.5,,run
2026-08-14T11:51:01+03:00,1786697461,4805,70,3,32.7,46.7,,run
2026-08-14T11:51:07+03:00,1786697467,4811,70,3,32.7,43.6,,run
2026-08-14T11:51:12+03:00,1786697472,4816,70,3,32.7,42.9,,run
2026-08-14T11:51:17+03:00,1786697477,4821,70,3,32.7,42.9,,run
2026-08-14T11:51:22+03:00,1786697482,4826,70,3,32.7,44.8,,run
2026-08-14T11:51:28+03:00,1786697488,4832,69,3,32.7,44.8,,run
2026-08-14T11:51:33+03:00,1786697493,4837,69,3,32.7,51.6,,run
2026-08-14T11:51:38+03:00,1786697498,4842,69,3,32.7,45.7,,run
2026-08-14T11:51:43+03:00,1786697503,4847,69,3,32.7,47.9,,run
2026-08-14T11:51:49+03:00,1786697509,4853,69,3,32.7,48.5,,run
2026-08-14T11:51:54+03:00,1786697514,4858,69,3,32.7,44.2,,run
2026-08-14T11:51:59+03:00,1786697519,4863,69,3,32.7,45.4,,run
2026-08-14T11:52:04+03:00,1786697524,4868,69,3,32.7,44.8,,run
2026-08-14T11:52:09+03:00,1786697529,4873,69,3,32.7,46.0,,run
2026-08-14T11:52:15+03:00,1786697535,4879,69,3,32.7,46.7,,run
2026-08-14T11:52:20+03:00,1786697540,4884,69,3,32.7,50.1,,run
2026-08-14T11:52:25+03:00,1786697545,4889,69,3,32.7,46.3,,run
2026-08-14T11:52:30+03:00,1786697550,4894,69,3,32.7,44.8,,run
2026-08-14T11:52:36+03:00,1786697556,4900,69,3,32.7,44.2,,run
2026-08-14T11:52:41+03:00,1786697561,4905,69,3,32.7,46.0,,run
2026-08-14T11:52:46+03:00,1786697566,4910,69,3,32.7,53.1,,run
2026-08-14T11:52:52+03:00,1786697572,4916,69,3,32.7,45.1,,run
2026-08-14T11:52:57+03:00,1786697577,4921,69,3,32.7,44.2,,run
2026-08-14T11:53:02+03:00,1786697582,4926,69,3,32.7,45.7,,run
2026-08-14T11:53:07+03:00,1786697587,4931,69,3,32.7,44.8,,run
2026-08-14T11:53:13+03:00,1786697593,4937,69,3,32.7,53.5,,run
2026-08-14T11:53:18+03:00,1786697598,4942,69,3,32.7,46.0,,run
2026-08-14T11:53:23+03:00,1786697603,4947,69,3,32.7,44.5,,run
2026-08-14T11:53:28+03:00,1786697608,4952,69,3,32.7,46.7,,run
2026-08-14T11:53:33+03:00,1786697613,4957,69,3,32.7,47.6,,run
2026-08-14T11:53:39+03:00,1786697619,4963,69,3,32.7,45.7,,run
2026-08-14T11:53:44+03:00,1786697624,4968,69,3,32.7,43.6,,run
2026-08-14T11:53:49+03:00,1786697629,4973,69,3,32.7,42.9,,run
2026-08-14T11:53:54+03:00,1786697634,4978,69,3,32.7,42.6,,run
2026-08-14T11:54:00+03:00,1786697640,4984,69,3,32.7,45.1,,run
2026-08-14T11:54:05+03:00,1786697645,4989,69,3,32.7,43.6,,run
2026-08-14T11:54:10+03:00,1786697650,4994,69,3,32.7,42.6,,run
2026-08-14T11:54:15+03:00,1786697655,4999,69,3,32.7,43.2,,run
2026-08-14T11:54:20+03:00,1786697660,5004,69,3,32.7,51.0,,run
2026-08-14T11:54:26+03:00,1786697666,5010,69,3,32.7,49.7,,run
2026-08-14T11:54:31+03:00,1786697671,5015,69,3,32.7,48.8,,run
2026-08-14T11:54:36+03:00,1786697676,5020,69,3,32.7,44.5,,run
2026-08-14T11:54:41+03:00,1786697681,5025,69,3,32.7,42.3,,run
2026-08-14T11:54:47+03:00,1786697687,5031,69,3,32.7,42.0,,run
2026-08-14T11:54:52+03:00,1786697692,5036,69,3,32.7,42.3,,run
2026-08-14T11:54:57+03:00,1786697697,5041,69,3,32.7,42.0,,run
2026-08-14T11:55:02+03:00,1786697702,5046,69,3,32.7,47.3,,run
2026-08-14T11:55:08+03:00,1786697708,5052,69,3,32.7,49.7,,run
2026-08-14T11:55:13+03:00,1786697713,5057,69,3,32.7,52.8,,run
2026-08-14T11:55:18+03:00,1786697718,5062,69,3,32.7,46.0,,run
2026-08-14T11:55:23+03:00,1786697723,5067,69,3,32.7,44.5,,run
2026-08-14T11:55:29+03:00,1786697729,5073,69,3,32.7,44.2,,run
2026-08-14T11:55:34+03:00,1786697734,5078,69,3,32.7,43.6,,run
2026-08-14T11:55:39+03:00,1786697739,5083,69,3,32.7,43.9,,run
2026-08-14T11:55:44+03:00,1786697744,5088,69,3,32.7,44.8,,run
2026-08-14T11:55:49+03:00,1786697749,5093,69,3,32.7,46.7,,run
2026-08-14T11:55:55+03:00,1786697755,5099,69,3,32.7,44.8,,run
2026-08-14T11:56:00+03:00,1786697760,5104,69,3,32.7,44.5,,run
2026-08-14T11:56:05+03:00,1786697765,5109,69,3,32.7,42.6,,run
2026-08-14T11:56:10+03:00,1786697770,5114,69,3,32.7,42.6,,run
2026-08-14T11:56:16+03:00,1786697776,5120,69,3,32.7,42.6,,run
2026-08-14T11:56:21+03:00,1786697781,5125,69,3,32.7,44.5,,run
2026-08-14T11:56:26+03:00,1786697786,5130,69,3,32.7,55.3,,run
2026-08-14T11:56:32+03:00,1786697792,5136,69,3,32.7,49.7,,run
2026-08-14T11:56:37+03:00,1786697797,5141,69,3,32.7,48.5,,run
2026-08-14T11:56:42+03:00,1786697802,5146,69,3,32.7,44.2,,run
2026-08-14T11:56:48+03:00,1786697808,5152,69,3,32.7,43.2,,run
2026-08-14T11:56:53+03:00,1786697813,5157,69,3,32.7,41.7,,run
2026-08-14T11:56:58+03:00,1786697818,5162,69,3,32.7,43.9,,run
2026-08-14T11:57:03+03:00,1786697823,5167,69,3,32.7,43.9,,run
2026-08-14T11:57:09+03:00,1786697829,5173,69,3,32.7,54.1,,run
2026-08-14T11:57:14+03:00,1786697834,5178,69,3,32.7,48.5,,run
2026-08-14T11:57:20+03:00,1786697840,5184,69,3,32.7,47.6,,run
2026-08-14T11:57:25+03:00,1786697845,5189,69,3,32.7,46.7,,run
2026-08-14T11:57:30+03:00,1786697850,5194,69,3,32.7,44.8,,run
2026-08-14T11:57:35+03:00,1786697855,5199,69,3,32.7,43.6,,run
2026-08-14T11:57:40+03:00,1786697860,5204,69,3,32.7,42.9,,run
2026-08-14T11:57:46+03:00,1786697866,5210,69,3,32.7,43.9,,run
2026-08-14T11:57:51+03:00,1786697871,5215,69,3,32.7,43.6,,run
2026-08-14T11:57:56+03:00,1786697876,5220,69,3,32.7,43.6,,run
2026-08-14T11:58:01+03:00,1786697881,5225,69,3,32.7,45.1,,run
2026-08-14T11:58:07+03:00,1786697887,5231,69,3,32.7,44.5,,run
2026-08-14T11:58:12+03:00,1786697892,5236,69,3,32.7,44.2,,run
2026-08-14T11:58:17+03:00,1786697897,5241,69,3,32.7,43.9,,run
2026-08-14T11:58:22+03:00,1786697902,5246,69,3,32.7,42.6,,run
2026-08-14T11:58:27+03:00,1786697907,5251,69,3,32.7,53.8,,run
2026-08-14T11:58:33+03:00,1786697913,5257,69,3,32.7,51.3,,run
2026-08-14T11:58:38+03:00,1786697918,5262,69,3,32.7,45.4,,run
2026-08-14T11:58:43+03:00,1786697923,5267,69,3,32.7,43.9,,run
2026-08-14T11:58:49+03:00,1786697929,5273,69,3,32.7,42.6,,run
2026-08-14T11:58:54+03:00,1786697934,5278,69,3,32.7,43.9,,run
2026-08-14T11:58:59+03:00,1786697939,5283,69,3,32.7,47.6,,run
2026-08-14T11:59:04+03:00,1786697944,5288,69,3,32.7,47.6,,run
2026-08-14T11:59:10+03:00,1786697950,5294,69,3,32.7,55.0,,run
2026-08-14T11:59:15+03:00,1786697955,5299,69,3,32.7,46.0,,run
2026-08-14T11:59:20+03:00,1786697960,5304,69,3,32.7,43.9,,run
2026-08-14T11:59:25+03:00,1786697965,5309,69,3,32.7,42.9,,run
2026-08-14T11:59:31+03:00,1786697971,5315,69,3,32.7,44.8,,run
2026-08-14T11:59:36+03:00,1786697976,5320,69,3,32.7,44.2,,run
2026-08-14T11:59:41+03:00,1786697981,5325,69,3,32.7,43.9,,run
2026-08-14T11:59:46+03:00,1786697986,5330,69,3,32.7,43.9,,run
2026-08-14T11:59:52+03:00,1786697992,5336,69,3,32.7,43.6,,run
2026-08-14T11:59:57+03:00,1786697997,5341,68,3,32.7,43.9,,run
2026-08-14T12:00:02+03:00,1786698002,5346,68,3,32.7,45.1,,run
2026-08-14T12:00:07+03:00,1786698007,5351,68,3,32.7,43.9,,run
2026-08-14T12:00:12+03:00,1786698012,5356,68,3,32.7,48.5,,run
2026-08-14T12:00:18+03:00,1786698018,5362,68,3,32.7,45.1,,run
2026-08-14T12:00:23+03:00,1786698023,5367,68,3,32.7,54.4,,run
2026-08-14T12:00:28+03:00,1786698028,5372,68,3,32.7,53.8,,run
2026-08-14T12:00:33+03:00,1786698033,5377,68,3,32.7,45.4,,run
2026-08-14T12:00:39+03:00,1786698039,5383,68,3,32.7,46.0,,run
2026-08-14T12:00:44+03:00,1786698044,5388,68,3,32.7,43.6,,run
2026-08-14T12:00:49+03:00,1786698049,5393,68,3,32.7,43.2,,run
2026-08-14T12:00:54+03:00,1786698054,5398,68,3,32.7,41.7,,run
2026-08-14T12:01:00+03:00,1786698060,5404,68,3,32.7,44.2,,run
2026-08-14T12:01:05+03:00,1786698065,5409,68,3,32.7,49.4,,run
2026-08-14T12:01:10+03:00,1786698070,5414,68,3,32.7,54.7,,run
2026-08-14T12:01:15+03:00,1786698075,5419,68,3,32.7,51.6,,run
2026-08-14T12:01:21+03:00,1786698081,5425,68,3,32.7,48.2,,run
2026-08-14T12:01:26+03:00,1786698086,5430,68,3,32.7,45.4,,run
2026-08-14T12:01:31+03:00,1786698091,5435,68,3,32.7,44.5,,run
2026-08-14T12:01:36+03:00,1786698096,5440,68,3,32.7,44.5,,run
2026-08-14T12:01:42+03:00,1786698102,5446,68,3,32.7,42.9,,run
2026-08-14T12:01:47+03:00,1786698107,5451,68,3,32.7,44.2,,run
2026-08-14T12:01:52+03:00,1786698112,5456,68,3,32.7,44.5,,run
2026-08-14T12:01:57+03:00,1786698117,5461,68,3,32.7,43.6,,run
2026-08-14T12:02:03+03:00,1786698123,5467,68,3,32.7,43.2,,run
2026-08-14T12:02:08+03:00,1786698128,5472,68,3,32.7,42.9,,run
2026-08-14T12:02:13+03:00,1786698133,5477,68,3,32.7,42.3,,run
2026-08-14T12:02:18+03:00,1786698138,5482,68,3,32.7,43.9,,run
2026-08-14T12:02:23+03:00,1786698143,5487,68,3,32.7,49.1,,run
2026-08-14T12:02:29+03:00,1786698149,5493,68,3,32.7,47.6,,run
2026-08-14T12:02:34+03:00,1786698154,5498,68,3,32.7,45.4,,run
2026-08-14T12:02:39+03:00,1786698159,5503,68,3,32.7,44.2,,run
2026-08-14T12:02:44+03:00,1786698164,5508,68,3,32.7,42.6,,run
2026-08-14T12:02:50+03:00,1786698170,5514,68,3,32.7,42.6,,run
2026-08-14T12:02:55+03:00,1786698175,5519,68,3,32.7,42.9,,run
2026-08-14T12:03:00+03:00,1786698180,5524,68,3,32.7,44.5,,run
2026-08-14T12:03:05+03:00,1786698185,5529,68,3,32.7,47.6,,run
2026-08-14T12:03:11+03:00,1786698191,5535,68,3,32.7,53.1,,run
2026-08-14T12:03:16+03:00,1786698196,5540,68,3,32.7,49.1,,run
2026-08-14T12:03:21+03:00,1786698201,5545,68,3,32.7,52.8,,run
2026-08-14T12:03:27+03:00,1786698207,5551,68,3,32.7,46.3,,run
2026-08-14T12:03:32+03:00,1786698212,5556,68,3,32.7,45.1,,run
2026-08-14T12:03:37+03:00,1786698217,5561,68,3,32.7,44.2,,run
2026-08-14T12:03:42+03:00,1786698222,5566,68,3,32.7,43.6,,run
2026-08-14T12:03:47+03:00,1786698227,5571,68,3,32.7,44.8,,run
2026-08-14T12:03:53+03:00,1786698233,5577,68,3,32.7,45.4,,run
2026-08-14T12:03:58+03:00,1786698238,5582,68,3,32.7,43.9,,run
2026-08-14T12:04:03+03:00,1786698243,5587,68,3,32.7,42.9,,run
2026-08-14T12:04:08+03:00,1786698248,5592,68,3,32.7,42.9,,run
2026-08-14T12:04:14+03:00,1786698254,5598,68,3,32.7,42.9,,run
2026-08-14T12:04:19+03:00,1786698259,5603,68,3,32.7,42.9,,run
2026-08-14T12:04:24+03:00,1786698264,5608,68,3,32.7,52.8,,run
2026-08-14T12:04:30+03:00,1786698270,5614,68,3,32.7,43.6,,run
2026-08-14T12:04:35+03:00,1786698275,5619,68,3,32.7,50.7,,run
2026-08-14T12:04:40+03:00,1786698280,5624,68,3,32.7,43.6,,run
2026-08-14T12:04:45+03:00,1786698285,5629,68,3,32.7,46.7,,run
2026-08-14T12:04:51+03:00,1786698291,5635,68,3,32.7,54.4,,run
2026-08-14T12:04:56+03:00,1786698296,5640,68,3,32.7,44.8,,run
2026-08-14T12:05:01+03:00,1786698301,5645,68,3,32.7,44.2,,run
2026-08-14T12:05:06+03:00,1786698306,5650,68,3,32.7,42.9,,run
2026-08-14T12:05:11+03:00,1786698311,5655,68,3,32.7,47.9,,run
2026-08-14T12:05:17+03:00,1786698317,5661,68,3,32.7,49.7,,run
2026-08-14T12:05:22+03:00,1786698322,5666,68,3,32.7,49.1,,run
2026-08-14T12:05:27+03:00,1786698327,5671,68,3,32.7,47.6,,run
2026-08-14T12:05:32+03:00,1786698332,5676,68,3,32.7,45.4,,run
2026-08-14T12:05:38+03:00,1786698338,5682,68,3,32.7,43.6,,run
2026-08-14T12:05:43+03:00,1786698343,5687,68,3,32.7,43.9,,run
2026-08-14T12:05:48+03:00,1786698348,5692,68,3,32.7,43.6,,run
2026-08-14T12:05:53+03:00,1786698353,5697,68,3,32.7,43.9,,run
2026-08-14T12:05:59+03:00,1786698359,5703,68,3,32.7,45.1,,run
2026-08-14T12:06:04+03:00,1786698364,5708,68,3,32.7,45.4,,run
2026-08-14T12:06:09+03:00,1786698369,5713,68,3,32.7,47.3,,run
2026-08-14T12:06:14+03:00,1786698374,5718,68,3,32.7,48.2,,run
2026-08-14T12:06:19+03:00,1786698379,5723,68,3,32.7,44.8,,run
2026-08-14T12:06:25+03:00,1786698385,5729,68,3,32.7,42.9,,run
2026-08-14T12:06:30+03:00,1786698390,5734,68,3,32.7,42.9,,run
2026-08-14T12:06:35+03:00,1786698395,5739,68,3,32.7,42.0,,run
2026-08-14T12:06:40+03:00,1786698400,5744,68,3,32.7,48.2,,run
2026-08-14T12:06:46+03:00,1786698406,5750,68,3,32.7,46.7,,run
2026-08-14T12:06:51+03:00,1786698411,5755,68,3,32.7,52.5,,run
2026-08-14T12:06:56+03:00,1786698416,5760,68,3,32.7,45.7,,run
2026-08-14T12:07:01+03:00,1786698421,5765,68,3,32.7,43.6,,run
2026-08-14T12:07:07+03:00,1786698427,5771,68,3,32.7,44.5,,run
2026-08-14T12:07:12+03:00,1786698432,5776,68,3,32.7,43.9,,run
2026-08-14T12:07:17+03:00,1786698437,5781,68,3,32.7,44.5,,run
2026-08-14T12:07:22+03:00,1786698442,5786,68,3,32.7,49.4,,run
2026-08-14T12:07:28+03:00,1786698448,5792,68,3,32.7,49.4,,run
2026-08-14T12:07:33+03:00,1786698453,5797,68,3,32.7,45.7,,run
2026-08-14T12:07:38+03:00,1786698458,5802,68,3,32.7,44.8,,run
2026-08-14T12:07:43+03:00,1786698463,5807,68,3,32.7,44.5,,run
2026-08-14T12:07:48+03:00,1786698468,5812,68,3,32.7,43.6,,run
2026-08-14T12:07:54+03:00,1786698474,5818,68,3,32.7,43.2,,run
2026-08-14T12:07:59+03:00,1786698479,5823,68,3,32.7,43.6,,run
2026-08-14T12:08:04+03:00,1786698484,5828,68,3,32.7,51.3,,run
2026-08-14T12:08:10+03:00,1786698490,5834,68,3,32.7,43.6,,run
2026-08-14T12:08:15+03:00,1786698495,5839,68,3,32.7,43.2,,run
2026-08-14T12:08:20+03:00,1786698500,5844,68,3,32.7,42.3,,run
2026-08-14T12:08:25+03:00,1786698505,5849,68,3,32.7,42.6,,run
2026-08-14T12:08:31+03:00,1786698511,5855,68,3,32.7,42.3,,run
2026-08-14T12:08:36+03:00,1786698516,5860,68,3,32.7,42.0,,run
2026-08-14T12:08:41+03:00,1786698521,5865,68,3,32.7,45.4,,run
2026-08-14T12:08:46+03:00,1786698526,5870,68,3,32.7,54.4,,run
2026-08-14T12:08:52+03:00,1786698532,5876,68,3,32.7,48.8,,run
2026-08-14T12:08:58+03:00,1786698538,5882,68,3,32.7,47.3,,run
2026-08-14T12:09:03+03:00,1786698543,5887,68,3,32.7,45.7,,run
2026-08-14T12:09:08+03:00,1786698548,5892,68,3,32.7,44.2,,run
2026-08-14T12:09:13+03:00,1786698553,5897,68,3,32.7,43.9,,run
2026-08-14T12:09:18+03:00,1786698558,5902,68,3,32.7,42.9,,run
2026-08-14T12:09:24+03:00,1786698564,5908,68,3,32.7,44.2,,run
2026-08-14T12:09:29+03:00,1786698569,5913,68,3,32.7,43.6,,run
2026-08-14T12:09:34+03:00,1786698574,5918,67,3,32.8,50.7,,run
2026-08-14T12:09:39+03:00,1786698579,5923,67,3,32.8,48.5,,run
2026-08-14T12:09:45+03:00,1786698585,5929,67,3,32.8,49.1,,run
2026-08-14T12:09:50+03:00,1786698590,5934,67,3,32.8,50.7,,run
2026-08-14T12:09:55+03:00,1786698595,5939,67,3,32.8,46.7,,run
2026-08-14T12:10:00+03:00,1786698600,5944,67,3,32.8,44.8,,run
2026-08-14T12:10:06+03:00,1786698606,5950,67,3,32.8,55.6,,run
2026-08-14T12:10:11+03:00,1786698611,5955,67,3,32.8,50.7,,run
2026-08-14T12:10:16+03:00,1786698616,5960,67,3,32.8,43.2,,run
2026-08-14T12:10:22+03:00,1786698622,5966,67,3,32.8,43.9,,run
2026-08-14T12:10:27+03:00,1786698627,5971,67,3,32.8,43.6,,run
2026-08-14T12:10:32+03:00,1786698632,5976,67,3,32.8,42.6,,run
2026-08-14T12:10:37+03:00,1786698637,5981,67,3,32.8,42.9,,run
2026-08-14T12:10:43+03:00,1786698643,5987,67,3,32.8,43.9,,run
2026-08-14T12:10:48+03:00,1786698648,5992,67,3,32.8,51.9,,run
2026-08-14T12:10:54+03:00,1786698654,5998,67,3,32.8,45.7,,run
2026-08-14T12:10:59+03:00,1786698659,6003,67,3,32.9,43.9,,run
2026-08-14T12:11:04+03:00,1786698664,6008,67,3,32.9,51.0,,run
2026-08-14T12:11:09+03:00,1786698669,6013,67,3,32.9,47.9,,run
2026-08-14T12:11:14+03:00,1786698674,6018,67,3,32.9,47.0,,run
2026-08-14T12:11:20+03:00,1786698680,6024,67,3,32.9,46.0,,run
2026-08-14T12:11:25+03:00,1786698685,6029,67,3,32.9,43.2,,run
2026-08-14T12:11:30+03:00,1786698690,6034,67,3,32.9,50.4,,run
2026-08-14T12:11:35+03:00,1786698695,6039,67,3,32.9,45.7,,run
2026-08-14T12:11:41+03:00,1786698701,6045,67,3,32.9,44.8,,run
2026-08-14T12:11:46+03:00,1786698706,6050,67,3,32.9,45.1,,run
2026-08-14T12:11:51+03:00,1786698711,6055,67,3,32.9,43.6,,run
2026-08-14T12:11:56+03:00,1786698716,6060,67,3,32.9,43.6,,run
2026-08-14T12:12:02+03:00,1786698722,6066,67,3,32.9,46.0,,run
2026-08-14T12:12:07+03:00,1786698727,6071,67,3,32.9,54.7,,run
2026-08-14T12:12:13+03:00,1786698733,6077,67,3,32.9,47.3,,run
2026-08-14T12:12:18+03:00,1786698738,6082,67,3,32.9,43.9,,run
2026-08-14T12:12:23+03:00,1786698743,6087,67,3,32.9,42.3,,run
2026-08-14T12:12:28+03:00,1786698748,6092,67,3,32.9,42.0,,run
2026-08-14T12:12:34+03:00,1786698754,6098,67,3,32.9,42.3,,run
2026-08-14T12:12:39+03:00,1786698759,6103,67,3,32.9,42.6,,run
2026-08-14T12:12:44+03:00,1786698764,6108,67,3,32.9,42.0,,run
2026-08-14T12:12:49+03:00,1786698769,6113,67,3,32.9,53.5,,run
2026-08-14T12:12:55+03:00,1786698775,6119,67,3,32.9,48.5,,run
2026-08-14T12:13:00+03:00,1786698780,6124,67,3,32.9,45.1,,run
2026-08-14T12:13:06+03:00,1786698786,6130,67,3,32.9,44.5,,run
2026-08-14T12:13:11+03:00,1786698791,6135,67,3,32.9,45.7,,run
2026-08-14T12:13:16+03:00,1786698796,6140,67,3,32.9,45.1,,run
2026-08-14T12:13:21+03:00,1786698801,6145,67,3,32.9,43.2,,run
2026-08-14T12:13:26+03:00,1786698806,6150,67,3,32.9,43.9,,run
2026-08-14T12:13:32+03:00,1786698812,6156,67,3,32.9,44.8,,run
2026-08-14T12:13:37+03:00,1786698817,6161,67,3,32.9,51.3,,run
2026-08-14T12:13:42+03:00,1786698822,6166,67,3,32.9,45.7,,run
2026-08-14T12:13:47+03:00,1786698827,6171,67,3,32.9,45.7,,run
2026-08-14T12:13:53+03:00,1786698833,6177,67,3,32.9,43.6,,run
2026-08-14T12:13:58+03:00,1786698838,6182,67,3,32.9,44.5,,run
2026-08-14T12:14:03+03:00,1786698843,6187,67,3,32.9,43.6,,run
2026-08-14T12:14:08+03:00,1786698848,6192,67,3,32.9,54.7,,run
2026-08-14T12:14:14+03:00,1786698854,6198,67,3,32.9,45.7,,run
2026-08-14T12:14:19+03:00,1786698859,6203,67,3,32.9,44.8,,run
2026-08-14T12:14:24+03:00,1786698864,6208,67,3,32.9,44.2,,run
2026-08-14T12:14:29+03:00,1786698869,6213,67,3,32.9,42.6,,run
2026-08-14T12:14:35+03:00,1786698875,6219,67,3,32.9,42.9,,run
2026-08-14T12:14:40+03:00,1786698880,6224,67,3,32.9,43.2,,run
2026-08-14T12:14:45+03:00,1786698885,6229,67,3,32.9,43.9,,run
2026-08-14T12:14:50+03:00,1786698890,6234,67,3,32.9,45.7,,run
2026-08-14T12:14:56+03:00,1786698896,6240,67,3,32.9,50.1,,run
2026-08-14T12:15:01+03:00,1786698901,6245,67,3,32.9,47.0,,run
2026-08-14T12:15:06+03:00,1786698906,6250,67,3,32.9,44.2,,run
2026-08-14T12:15:11+03:00,1786698911,6255,67,3,32.9,43.9,,run
2026-08-14T12:15:17+03:00,1786698917,6261,67,3,32.9,43.2,,run
2026-08-14T12:15:22+03:00,1786698922,6266,67,3,32.9,44.5,,run
2026-08-14T12:15:27+03:00,1786698927,6271,67,3,32.9,44.5,,run
2026-08-14T12:15:32+03:00,1786698932,6276,67,3,32.9,42.9,,run
2026-08-14T12:15:37+03:00,1786698937,6281,67,3,32.9,46.3,,run
2026-08-14T12:15:43+03:00,1786698943,6287,67,3,32.9,48.2,,run
2026-08-14T12:15:48+03:00,1786698948,6292,67,3,32.9,46.7,,run
2026-08-14T12:15:53+03:00,1786698953,6297,67,3,32.9,44.5,,run
2026-08-14T12:15:58+03:00,1786698958,6302,67,3,32.9,44.8,,run
2026-08-14T12:16:04+03:00,1786698964,6308,67,3,32.9,44.2,,run
2026-08-14T12:16:09+03:00,1786698969,6313,67,3,32.9,54.1,,run
2026-08-14T12:16:14+03:00,1786698974,6318,67,3,32.9,44.2,,run
2026-08-14T12:16:20+03:00,1786698980,6324,67,3,32.9,44.2,,run
2026-08-14T12:16:25+03:00,1786698985,6329,67,3,32.9,42.9,,run
2026-08-14T12:16:30+03:00,1786698990,6334,67,3,32.9,47.9,,run
2026-08-14T12:16:35+03:00,1786698995,6339,67,3,32.9,43.6,,run
2026-08-14T12:16:41+03:00,1786699001,6345,67,3,32.9,42.6,,run
2026-08-14T12:16:46+03:00,1786699006,6350,67,3,32.9,42.9,,run
2026-08-14T12:16:51+03:00,1786699011,6355,67,3,32.9,45.1,,run
2026-08-14T12:16:56+03:00,1786699016,6360,67,3,32.9,50.1,,run
2026-08-14T12:17:02+03:00,1786699022,6366,67,3,32.9,51.6,,run
2026-08-14T12:17:07+03:00,1786699027,6371,67,3,32.9,46.3,,run
2026-08-14T12:17:12+03:00,1786699032,6376,67,3,32.9,45.1,,run
2026-08-14T12:17:17+03:00,1786699037,6381,67,3,32.9,43.2,,run
2026-08-14T12:17:22+03:00,1786699042,6386,67,3,32.9,44.2,,run
2026-08-14T12:17:28+03:00,1786699048,6392,67,3,32.9,44.5,,run
2026-08-14T12:17:33+03:00,1786699053,6397,67,3,32.9,46.0,,run
2026-08-14T12:17:38+03:00,1786699058,6402,67,3,32.9,47.0,,run
2026-08-14T12:17:43+03:00,1786699063,6407,67,3,32.9,43.6,,run
2026-08-14T12:17:49+03:00,1786699069,6413,67,3,32.9,49.7,,run
2026-08-14T12:17:54+03:00,1786699074,6418,67,3,32.9,48.5,,run
2026-08-14T12:17:59+03:00,1786699079,6423,67,3,32.9,45.7,,run
2026-08-14T12:18:04+03:00,1786699084,6428,67,3,32.9,43.6,,run
2026-08-14T12:18:10+03:00,1786699090,6434,66,3,33.1,53.5,,run
2026-08-14T12:18:15+03:00,1786699095,6439,66,3,33.1,45.4,,run
2026-08-14T12:18:21+03:00,1786699101,6445,66,3,33.1,45.1,,run
2026-08-14T12:18:26+03:00,1786699106,6450,66,3,33.1,45.4,,run
2026-08-14T12:18:31+03:00,1786699111,6455,66,3,33.1,43.2,,run
2026-08-14T12:18:36+03:00,1786699116,6460,66,3,33.1,59.0,,run
2026-08-14T12:18:42+03:00,1786699122,6466,66,3,33.1,47.9,,run
2026-08-14T12:18:47+03:00,1786699127,6471,66,3,33.1,45.1,,run
2026-08-14T12:18:52+03:00,1786699132,6476,66,3,33.1,43.9,,run
2026-08-14T12:18:57+03:00,1786699137,6481,66,3,33.1,42.6,,run
2026-08-14T12:19:03+03:00,1786699143,6487,66,3,33.1,42.9,,run
2026-08-14T12:19:08+03:00,1786699148,6492,66,3,33.1,42.6,,run
2026-08-14T12:19:13+03:00,1786699153,6497,66,3,33.1,50.1,,run
2026-08-14T12:19:18+03:00,1786699158,6502,66,3,33.1,49.1,,run
2026-08-14T12:19:24+03:00,1786699164,6508,66,3,33.1,45.4,,run
2026-08-14T12:19:29+03:00,1786699169,6513,66,3,33.1,43.6,,run
2026-08-14T12:19:34+03:00,1786699174,6518,66,3,33.1,44.2,,run
2026-08-14T12:19:39+03:00,1786699179,6523,66,3,33.1,43.6,,run
2026-08-14T12:19:44+03:00,1786699184,6528,66,3,33.1,42.9,,run
2026-08-14T12:19:50+03:00,1786699190,6534,66,3,33.1,52.8,,run
2026-08-14T12:19:55+03:00,1786699195,6539,66,3,33.1,56.2,,run
2026-08-14T12:20:00+03:00,1786699200,6544,66,3,33.1,50.7,,run
2026-08-14T12:20:05+03:00,1786699205,6549,66,3,33.1,43.9,,run
2026-08-14T12:20:11+03:00,1786699211,6555,66,3,33.1,43.2,,run
2026-08-14T12:20:16+03:00,1786699216,6560,66,3,33.1,42.6,,run
2026-08-14T12:20:21+03:00,1786699221,6565,66,3,33.1,42.0,,run
2026-08-14T12:20:26+03:00,1786699226,6570,66,3,33.1,42.6,,run
2026-08-14T12:20:32+03:00,1786699232,6576,66,3,33.1,42.6,,run
2026-08-14T12:20:37+03:00,1786699237,6581,66,3,33.1,55.3,,run
2026-08-14T12:20:43+03:00,1786699243,6587,66,3,33.1,47.3,,run
2026-08-14T12:20:48+03:00,1786699248,6592,66,3,33.1,46.7,,run
2026-08-14T12:20:53+03:00,1786699253,6597,66,3,33.1,45.1,,run
2026-08-14T12:20:58+03:00,1786699258,6602,66,3,33.0,44.8,,run
2026-08-14T12:21:03+03:00,1786699263,6607,66,3,33.0,44.2,,run
2026-08-14T12:21:09+03:00,1786699269,6613,66,3,33.0,43.9,,run
2026-08-14T12:21:14+03:00,1786699274,6618,66,3,33.0,48.8,,run
2026-08-14T12:21:19+03:00,1786699279,6623,66,3,33.0,49.1,,run
2026-08-14T12:21:24+03:00,1786699284,6628,66,3,33.0,44.8,,run
2026-08-14T12:21:30+03:00,1786699290,6634,66,3,33.0,43.6,,run
2026-08-14T12:21:35+03:00,1786699295,6639,66,3,33.0,44.2,,run
2026-08-14T12:21:40+03:00,1786699300,6644,66,3,33.0,44.8,,run
2026-08-14T12:21:45+03:00,1786699305,6649,66,3,33.0,43.2,,run
2026-08-14T12:21:51+03:00,1786699311,6655,66,3,33.0,47.6,,run
2026-08-14T12:21:56+03:00,1786699316,6660,66,3,33.0,55.9,,run
2026-08-14T12:22:01+03:00,1786699321,6665,66,3,33.0,48.8,,run
2026-08-14T12:22:06+03:00,1786699326,6670,66,3,33.0,46.7,,run
2026-08-14T12:22:12+03:00,1786699332,6676,66,3,33.0,48.8,,run
2026-08-14T12:22:17+03:00,1786699337,6681,66,3,33.0,44.5,,run
2026-08-14T12:22:22+03:00,1786699342,6686,66,3,33.0,43.6,,run
2026-08-14T12:22:27+03:00,1786699347,6691,66,3,33.0,43.9,,run
2026-08-14T12:22:33+03:00,1786699353,6697,66,3,33.0,42.0,,run
2026-08-14T12:22:38+03:00,1786699358,6702,66,3,33.0,52.8,,run
2026-08-14T12:22:44+03:00,1786699364,6708,66,3,33.0,44.5,,run
2026-08-14T12:22:49+03:00,1786699369,6713,66,3,33.0,45.7,,run
2026-08-14T12:22:54+03:00,1786699374,6718,66,3,33.0,48.5,,run
2026-08-14T12:22:59+03:00,1786699379,6723,66,3,33.0,45.7,,run
2026-08-14T12:23:04+03:00,1786699384,6728,66,3,33.0,43.6,,run
2026-08-14T12:23:10+03:00,1786699390,6734,66,3,33.0,43.2,,run
2026-08-14T12:23:15+03:00,1786699395,6739,66,3,33.0,43.9,,run
2026-08-14T12:23:20+03:00,1786699400,6744,66,3,33.0,46.0,,run
2026-08-14T12:23:25+03:00,1786699405,6749,66,3,33.0,49.1,,run
2026-08-14T12:23:31+03:00,1786699411,6755,66,3,33.0,47.3,,run
2026-08-14T12:23:36+03:00,1786699416,6760,66,3,33.0,44.2,,run
2026-08-14T12:23:41+03:00,1786699421,6765,66,3,33.0,43.9,,run
2026-08-14T12:23:46+03:00,1786699426,6770,66,3,33.0,43.9,,run
2026-08-14T12:23:51+03:00,1786699431,6775,66,3,33.0,49.4,,run
2026-08-14T12:23:57+03:00,1786699437,6781,66,3,33.0,55.0,,run
2026-08-14T12:24:02+03:00,1786699442,6786,66,3,33.0,48.8,,run
2026-08-14T12:24:07+03:00,1786699447,6791,66,3,33.0,44.2,,run
2026-08-14T12:24:13+03:00,1786699453,6797,66,3,33.0,45.7,,run
2026-08-14T12:24:18+03:00,1786699458,6802,66,3,33.0,45.1,,run
2026-08-14T12:24:23+03:00,1786699463,6807,66,3,33.0,45.1,,run
2026-08-14T12:24:28+03:00,1786699468,6812,66,3,33.0,43.6,,run
2026-08-14T12:24:34+03:00,1786699474,6818,66,3,33.0,42.6,,run
2026-08-14T12:24:39+03:00,1786699479,6823,66,3,33.0,53.5,,run
2026-08-14T12:24:45+03:00,1786699485,6829,66,3,33.0,45.4,,run
2026-08-14T12:24:50+03:00,1786699490,6834,66,3,33.0,45.7,,run
2026-08-14T12:24:55+03:00,1786699495,6839,66,3,33.0,43.9,,run
2026-08-14T12:25:00+03:00,1786699500,6844,66,3,33.0,42.9,,run
2026-08-14T12:25:06+03:00,1786699506,6850,66,3,33.0,43.2,,run
2026-08-14T12:25:11+03:00,1786699511,6855,66,3,33.0,47.3,,run
2026-08-14T12:25:16+03:00,1786699516,6860,66,3,33.0,45.7,,run
2026-08-14T12:25:21+03:00,1786699521,6865,66,3,33.0,46.3,,run
2026-08-14T12:25:26+03:00,1786699526,6870,66,3,33.0,46.7,,run
2026-08-14T12:25:32+03:00,1786699532,6876,66,3,33.0,47.9,,run
2026-08-14T12:25:37+03:00,1786699537,6881,66,3,33.0,47.0,,run
2026-08-14T12:25:42+03:00,1786699542,6886,66,3,33.0,44.2,,run
2026-08-14T12:25:47+03:00,1786699547,6891,66,3,33.0,43.2,,run
2026-08-14T12:25:53+03:00,1786699553,6897,66,3,33.0,49.7,,run
2026-08-14T12:25:58+03:00,1786699558,6902,66,3,33.0,56.5,,run
2026-08-14T12:26:03+03:00,1786699563,6907,66,3,33.0,54.1,,run
2026-08-14T12:26:09+03:00,1786699569,6913,66,3,33.0,45.7,,run
2026-08-14T12:26:14+03:00,1786699574,6918,66,3,33.0,43.6,,run
2026-08-14T12:26:19+03:00,1786699579,6923,66,3,33.0,43.9,,run
2026-08-14T12:26:24+03:00,1786699584,6928,66,3,33.0,51.9,,run
2026-08-14T12:26:29+03:00,1786699589,6933,66,3,33.0,45.1,,run
2026-08-14T12:26:35+03:00,1786699595,6939,66,3,33.0,43.6,,run
2026-08-14T12:26:40+03:00,1786699600,6944,66,3,33.0,47.9,,run
2026-08-14T12:26:45+03:00,1786699605,6949,66,3,33.0,46.3,,run
2026-08-14T12:26:50+03:00,1786699610,6954,66,3,33.0,44.5,,run
2026-08-14T12:26:56+03:00,1786699616,6960,66,3,33.0,43.9,,run
2026-08-14T12:27:01+03:00,1786699621,6965,66,3,33.0,44.2,,run
2026-08-14T12:27:06+03:00,1786699626,6970,66,3,33.0,42.6,,run
2026-08-14T12:27:11+03:00,1786699631,6975,66,3,33.0,45.1,,run
2026-08-14T12:27:16+03:00,1786699636,6980,66,3,33.0,44.2,,run
2026-08-14T12:27:22+03:00,1786699642,6986,66,3,33.0,46.3,,run
2026-08-14T12:27:27+03:00,1786699647,6991,66,3,33.0,45.7,,run
2026-08-14T12:27:32+03:00,1786699652,6996,66,3,33.0,45.4,,run
2026-08-14T12:27:37+03:00,1786699657,7001,66,3,33.0,47.3,,run
2026-08-14T12:27:43+03:00,1786699663,7007,66,3,33.0,47.3,,run
2026-08-14T12:27:48+03:00,1786699668,7012,65,3,33.2,48.8,,run
2026-08-14T12:27:53+03:00,1786699673,7017,65,3,33.2,42.9,,run
2026-08-14T12:27:58+03:00,1786699678,7022,65,3,33.2,42.6,,run
2026-08-14T12:28:04+03:00,1786699684,7028,65,3,33.2,41.7,,run
2026-08-14T12:28:09+03:00,1786699689,7033,65,3,33.2,46.3,,run
2026-08-14T12:28:14+03:00,1786699694,7038,65,3,33.2,48.5,,run
2026-08-14T12:28:19+03:00,1786699699,7043,65,3,33.2,45.4,,run
2026-08-14T12:28:24+03:00,1786699704,7048,65,3,33.2,55.3,,run
2026-08-14T12:28:30+03:00,1786699710,7054,65,3,33.2,47.3,,run
2026-08-14T12:28:35+03:00,1786699715,7059,65,3,33.2,46.0,,run
2026-08-14T12:28:40+03:00,1786699720,7064,65,3,33.2,45.1,,run
2026-08-14T12:28:45+03:00,1786699725,7069,65,3,33.2,44.2,,run
2026-08-14T12:28:51+03:00,1786699731,7075,65,3,33.2,49.7,,run
2026-08-14T12:28:56+03:00,1786699736,7080,65,3,33.2,47.6,,run
2026-08-14T12:29:01+03:00,1786699741,7085,65,3,33.2,47.9,,run
2026-08-14T12:29:06+03:00,1786699746,7090,65,3,33.2,44.8,,run
2026-08-14T12:29:12+03:00,1786699752,7096,65,3,33.2,43.9,,run
2026-08-14T12:29:17+03:00,1786699757,7101,65,3,33.2,42.9,,run
2026-08-14T12:29:22+03:00,1786699762,7106,65,3,33.2,43.9,,run
2026-08-14T12:29:27+03:00,1786699767,7111,65,3,33.2,44.8,,run
2026-08-14T12:29:33+03:00,1786699773,7117,65,3,33.2,48.8,,run
2026-08-14T12:29:38+03:00,1786699778,7122,65,3,33.2,53.5,,run
2026-08-14T12:29:43+03:00,1786699783,7127,65,3,33.2,50.1,,run
2026-08-14T12:29:48+03:00,1786699788,7132,65,3,33.2,48.2,,run
2026-08-14T12:29:54+03:00,1786699794,7138,65,3,33.2,43.9,,run
2026-08-14T12:29:59+03:00,1786699799,7143,65,3,33.2,42.3,,run
2026-08-14T12:30:04+03:00,1786699804,7148,65,3,33.2,42.3,,run
2026-08-14T12:30:09+03:00,1786699809,7153,65,3,33.2,42.9,,run
2026-08-14T12:30:14+03:00,1786699814,7158,65,3,33.2,42.9,,run
2026-08-14T12:30:20+03:00,1786699820,7164,65,3,33.2,45.4,,run
2026-08-14T12:30:25+03:00,1786699825,7169,65,3,33.2,55.3,,run
2026-08-14T12:30:30+03:00,1786699830,7174,65,3,33.2,50.7,,run
2026-08-14T12:30:35+03:00,1786699835,7179,65,3,33.2,44.8,,run
2026-08-14T12:30:41+03:00,1786699841,7185,65,3,33.2,43.6,,run
2026-08-14T12:30:46+03:00,1786699846,7190,65,3,33.2,43.6,,run
2026-08-14T12:30:51+03:00,1786699851,7195,65,3,33.2,45.4,,run
2026-08-14T12:30:56+03:00,1786699856,7200,65,3,33.1,44.2,,run
2026-08-14T12:31:02+03:00,1786699862,7206,65,3,33.1,43.6,,run
2026-08-14T12:31:07+03:00,1786699867,7211,65,3,33.1,43.2,,run
2026-08-14T12:31:12+03:00,1786699872,7216,65,3,33.1,47.3,,run
2026-08-14T12:31:17+03:00,1786699877,7221,65,3,33.1,44.2,,run
2026-08-14T12:31:22+03:00,1786699882,7226,65,3,33.1,45.4,,run
2026-08-14T12:31:28+03:00,1786699888,7232,65,3,33.1,44.8,,run
2026-08-14T12:31:33+03:00,1786699893,7237,65,3,33.1,43.2,,run
2026-08-14T12:31:38+03:00,1786699898,7242,65,3,33.1,49.4,,run
2026-08-14T12:31:43+03:00,1786699903,7247,65,3,33.1,55.6,,run
2026-08-14T12:31:49+03:00,1786699909,7253,65,3,33.1,50.4,,run
2026-08-14T12:31:54+03:00,1786699914,7258,65,3,33.1,44.5,,run
2026-08-14T12:31:59+03:00,1786699919,7263,65,3,33.1,42.9,,run
2026-08-14T12:32:04+03:00,1786699924,7268,65,3,33.1,44.5,,run
2026-08-14T12:32:10+03:00,1786699930,7274,65,3,33.1,45.7,,run
2026-08-14T12:32:15+03:00,1786699935,7279,65,3,33.1,42.9,,run
2026-08-14T12:32:20+03:00,1786699940,7284,65,3,33.1,44.2,,run
2026-08-14T12:32:25+03:00,1786699945,7289,65,3,33.1,53.8,,run
2026-08-14T12:32:31+03:00,1786699951,7295,65,3,33.1,47.3,,run
2026-08-14T12:32:36+03:00,1786699956,7300,65,3,33.1,49.7,,run
2026-08-14T12:32:42+03:00,1786699962,7306,65,3,33.1,48.5,,run
2026-08-14T12:32:47+03:00,1786699967,7311,65,3,33.1,45.7,,run
2026-08-14T12:32:52+03:00,1786699972,7316,65,3,33.1,43.9,,run
2026-08-14T12:32:57+03:00,1786699977,7321,65,3,33.1,44.2,,run
2026-08-14T12:33:03+03:00,1786699983,7327,65,3,33.1,43.2,,run
2026-08-14T12:33:08+03:00,1786699988,7332,65,3,33.1,43.9,,run
2026-08-14T12:33:13+03:00,1786699993,7337,65,3,33.1,45.1,,run
2026-08-14T12:33:18+03:00,1786699998,7342,65,3,33.1,43.9,,run
2026-08-14T12:33:23+03:00,1786700003,7347,65,3,33.1,43.6,,run
2026-08-14T12:33:29+03:00,1786700009,7353,65,3,33.1,45.7,,run
2026-08-14T12:33:34+03:00,1786700014,7358,65,3,33.1,43.9,,run
2026-08-14T12:33:39+03:00,1786700019,7363,65,3,33.1,47.0,,run
2026-08-14T12:33:44+03:00,1786700024,7368,65,3,33.1,55.6,,run
2026-08-14T12:33:50+03:00,1786700030,7374,65,3,33.1,49.4,,run
2026-08-14T12:33:55+03:00,1786700035,7379,65,3,33.1,50.4,,run
2026-08-14T12:34:00+03:00,1786700040,7384,65,3,33.1,44.8,,run
2026-08-14T12:34:06+03:00,1786700046,7390,65,3,33.1,47.6,,run
2026-08-14T12:34:11+03:00,1786700051,7395,65,3,33.1,42.9,,run
2026-08-14T12:34:16+03:00,1786700056,7400,65,3,33.1,43.6,,run
2026-08-14T12:34:21+03:00,1786700061,7405,65,3,33.1,45.7,,run
2026-08-14T12:34:27+03:00,1786700067,7411,65,3,33.1,55.9,,run
2026-08-14T12:34:32+03:00,1786700072,7416,65,3,33.1,45.7,,run
2026-08-14T12:34:37+03:00,1786700077,7421,65,3,33.1,45.1,,run
2026-08-14T12:34:43+03:00,1786700083,7427,65,3,33.1,43.6,,run
2026-08-14T12:34:48+03:00,1786700088,7432,65,3,33.1,45.4,,run
2026-08-14T12:34:53+03:00,1786700093,7437,65,3,33.1,44.5,,run
2026-08-14T12:34:58+03:00,1786700098,7442,65,3,33.1,44.8,,run
2026-08-14T12:35:04+03:00,1786700104,7448,65,3,33.1,43.9,,run
2026-08-14T12:35:09+03:00,1786700109,7453,65,3,33.1,43.2,,run
2026-08-14T12:35:14+03:00,1786700114,7458,65,3,33.1,45.1,,run
2026-08-14T12:35:19+03:00,1786700119,7463,65,3,33.1,45.4,,run
2026-08-14T12:35:24+03:00,1786700124,7468,65,3,33.1,46.7,,run
2026-08-14T12:35:30+03:00,1786700130,7474,65,3,33.1,46.0,,run
2026-08-14T12:35:35+03:00,1786700135,7479,65,3,33.1,43.6,,run
2026-08-14T12:35:40+03:00,1786700140,7484,65,3,33.1,54.4,,run
2026-08-14T12:35:45+03:00,1786700145,7489,65,3,33.1,58.7,,run
2026-08-14T12:35:51+03:00,1786700151,7495,65,3,33.1,48.5,,run
2026-08-14T12:35:56+03:00,1786700156,7500,65,3,33.1,46.3,,run
2026-08-14T12:36:01+03:00,1786700161,7505,65,3,33.1,43.9,,run
2026-08-14T12:36:07+03:00,1786700167,7511,65,3,33.1,43.6,,run
2026-08-14T12:36:12+03:00,1786700172,7516,65,3,33.1,43.2,,run
2026-08-14T12:36:17+03:00,1786700177,7521,65,3,33.1,43.2,,run
2026-08-14T12:36:22+03:00,1786700182,7526,64,3,33.2,44.2,,run
2026-08-14T12:36:27+03:00,1786700187,7531,64,3,33.2,55.6,,run
2026-08-14T12:36:33+03:00,1786700193,7537,64,3,33.2,50.7,,run
2026-08-14T12:36:38+03:00,1786700198,7542,64,3,33.2,51.6,,run
2026-08-14T12:36:43+03:00,1786700203,7547,64,3,33.2,46.7,,run
2026-08-14T12:36:49+03:00,1786700209,7553,64,3,33.2,44.5,,run
2026-08-14T12:36:54+03:00,1786700214,7558,64,3,33.2,45.1,,run
2026-08-14T12:36:59+03:00,1786700219,7563,64,3,33.2,44.2,,run
2026-08-14T12:37:04+03:00,1786700224,7568,64,3,33.2,43.9,,run
2026-08-14T12:37:09+03:00,1786700229,7573,64,3,33.2,45.1,,run
2026-08-14T12:37:15+03:00,1786700235,7579,64,3,33.2,43.6,,run
2026-08-14T12:37:20+03:00,1786700240,7584,64,3,33.2,42.9,,run
2026-08-14T12:37:25+03:00,1786700245,7589,64,3,33.2,43.9,,run
2026-08-14T12:37:30+03:00,1786700250,7594,64,3,33.2,43.9,,run
2026-08-14T12:37:36+03:00,1786700256,7600,64,3,33.2,44.5,,run
2026-08-14T12:37:41+03:00,1786700261,7605,64,3,33.2,53.1,,run
2026-08-14T12:37:46+03:00,1786700266,7610,64,3,33.2,53.8,,run
2026-08-14T12:37:51+03:00,1786700271,7615,64,3,33.2,52.5,,run
2026-08-14T12:37:56+03:00,1786700276,7620,64,3,33.2,50.4,,run
2026-08-14T12:38:02+03:00,1786700282,7626,64,3,33.2,45.1,,run
2026-08-14T12:38:07+03:00,1786700287,7631,64,3,33.2,42.9,,run
2026-08-14T12:38:12+03:00,1786700292,7636,64,3,33.2,41.7,,run
2026-08-14T12:38:17+03:00,1786700297,7641,64,3,33.2,43.9,,run
2026-08-14T12:38:23+03:00,1786700303,7647,64,3,33.2,42.0,,run
2026-08-14T12:38:28+03:00,1786700308,7652,64,3,33.2,54.7,,run
2026-08-14T12:38:33+03:00,1786700313,7657,64,3,33.2,47.6,,run
2026-08-14T12:38:39+03:00,1786700319,7663,64,3,33.2,47.6,,run
2026-08-14T12:38:44+03:00,1786700324,7668,64,3,33.2,47.0,,run
2026-08-14T12:38:49+03:00,1786700329,7673,64,3,33.2,44.8,,run
2026-08-14T12:38:54+03:00,1786700334,7678,64,3,33.2,44.8,,run
2026-08-14T12:39:00+03:00,1786700340,7684,64,3,33.2,44.2,,run
2026-08-14T12:39:05+03:00,1786700345,7689,64,3,33.2,45.4,,run
2026-08-14T12:39:10+03:00,1786700350,7694,64,3,33.2,43.6,,run
2026-08-14T12:39:15+03:00,1786700355,7699,64,3,33.2,43.9,,run
2026-08-14T12:39:21+03:00,1786700361,7705,64,3,33.2,43.2,,run
2026-08-14T12:39:26+03:00,1786700366,7710,64,3,33.2,43.6,,run
2026-08-14T12:39:31+03:00,1786700371,7715,64,3,33.2,43.6,,run
2026-08-14T12:39:36+03:00,1786700376,7720,64,3,33.2,46.0,,run
2026-08-14T12:39:41+03:00,1786700381,7725,64,3,33.2,51.3,,run
2026-08-14T12:39:47+03:00,1786700387,7731,64,3,33.2,54.7,,run
2026-08-14T12:39:52+03:00,1786700392,7736,64,3,33.2,47.9,,run
2026-08-14T12:39:57+03:00,1786700397,7741,64,3,33.2,47.6,,run
2026-08-14T12:40:02+03:00,1786700402,7746,64,3,33.2,46.3,,run
2026-08-14T12:40:08+03:00,1786700408,7752,64,3,33.2,43.9,,run
2026-08-14T12:40:13+03:00,1786700413,7757,64,3,33.2,43.6,,run
2026-08-14T12:40:18+03:00,1786700418,7762,64,3,33.2,42.6,,run
2026-08-14T12:40:23+03:00,1786700423,7767,64,3,33.2,42.9,,run
2026-08-14T12:40:29+03:00,1786700429,7773,64,3,33.2,55.6,,run
2026-08-14T12:40:34+03:00,1786700434,7778,64,3,33.2,45.7,,run
2026-08-14T12:40:39+03:00,1786700439,7783,64,3,33.2,46.7,,run
2026-08-14T12:40:45+03:00,1786700445,7789,64,3,33.2,47.3,,run
2026-08-14T12:40:50+03:00,1786700450,7794,64,3,33.2,46.3,,run
2026-08-14T12:40:55+03:00,1786700455,7799,64,3,33.1,46.7,,run
2026-08-14T12:41:00+03:00,1786700460,7804,64,3,33.1,47.6,,run
2026-08-14T12:41:06+03:00,1786700466,7810,64,3,33.1,44.2,,run
2026-08-14T12:41:11+03:00,1786700471,7815,64,3,33.1,45.4,,run
2026-08-14T12:41:16+03:00,1786700476,7820,64,3,33.1,45.4,,run
2026-08-14T12:41:21+03:00,1786700481,7825,64,3,33.1,43.6,,run
2026-08-14T12:41:27+03:00,1786700487,7831,64,3,33.1,42.6,,run
2026-08-14T12:41:32+03:00,1786700492,7836,64,3,33.1,44.2,,run
2026-08-14T12:41:37+03:00,1786700497,7841,64,3,33.1,42.3,,run
2026-08-14T12:41:42+03:00,1786700502,7846,64,3,33.1,47.6,,run
2026-08-14T12:41:48+03:00,1786700508,7852,64,3,33.1,55.3,,run
2026-08-14T12:41:53+03:00,1786700513,7857,64,3,33.1,50.4,,run
2026-08-14T12:41:58+03:00,1786700518,7862,64,3,33.1,42.6,,run
2026-08-14T12:42:03+03:00,1786700523,7867,64,3,33.1,44.8,,run
2026-08-14T12:42:09+03:00,1786700529,7873,64,3,33.1,51.3,,run
2026-08-14T12:42:14+03:00,1786700534,7878,64,3,33.1,48.8,,run
2026-08-14T12:42:19+03:00,1786700539,7883,64,3,33.1,50.4,,run
2026-08-14T12:42:25+03:00,1786700545,7889,64,3,33.1,45.7,,run
2026-08-14T12:42:30+03:00,1786700550,7894,64,3,33.1,43.6,,run
2026-08-14T12:42:35+03:00,1786700555,7899,64,3,33.1,43.9,,run
2026-08-14T12:42:40+03:00,1786700560,7904,64,3,33.1,43.9,,run
2026-08-14T12:42:45+03:00,1786700565,7909,64,3,33.1,43.2,,run
2026-08-14T12:42:51+03:00,1786700571,7915,64,3,33.1,47.0,,run
2026-08-14T12:42:56+03:00,1786700576,7920,64,3,33.1,51.0,,run
2026-08-14T12:43:01+03:00,1786700581,7925,64,3,33.1,46.3,,run
2026-08-14T12:43:06+03:00,1786700586,7930,64,3,33.1,45.4,,run
2026-08-14T12:43:12+03:00,1786700592,7936,64,3,33.1,43.9,,run
2026-08-14T12:43:17+03:00,1786700597,7941,64,3,33.1,43.6,,run
2026-08-14T12:43:22+03:00,1786700602,7946,64,3,33.1,43.2,,run
2026-08-14T12:43:27+03:00,1786700607,7951,64,3,33.1,55.3,,run
2026-08-14T12:43:33+03:00,1786700613,7957,64,3,33.1,44.5,,run
2026-08-14T12:43:38+03:00,1786700618,7962,64,3,33.1,43.6,,run
2026-08-14T12:43:43+03:00,1786700623,7967,64,3,33.1,42.0,,run
2026-08-14T12:43:48+03:00,1786700628,7972,64,3,33.1,42.3,,run
2026-08-14T12:43:54+03:00,1786700634,7978,64,3,33.1,43.2,,run
2026-08-14T12:43:59+03:00,1786700639,7983,64,3,33.1,41.7,,run
2026-08-14T12:44:04+03:00,1786700644,7988,64,3,33.1,42.6,,run
2026-08-14T12:44:09+03:00,1786700649,7993,64,3,33.1,55.0,,run
2026-08-14T12:44:15+03:00,1786700655,7999,64,3,33.1,51.9,,run
2026-08-14T12:44:21+03:00,1786700661,8005,64,3,33.1,46.0,,run
2026-08-14T12:44:26+03:00,1786700666,8010,64,3,33.1,45.4,,run
2026-08-14T12:44:31+03:00,1786700671,8015,64,3,33.1,45.1,,run
2026-08-14T12:44:36+03:00,1786700676,8020,64,3,33.1,43.2,,run
2026-08-14T12:44:41+03:00,1786700681,8025,64,3,33.1,43.6,,run
2026-08-14T12:44:47+03:00,1786700687,8031,64,3,33.1,42.6,,run
2026-08-14T12:44:52+03:00,1786700692,8036,64,3,33.1,45.4,,run
2026-08-14T12:44:57+03:00,1786700697,8041,64,3,33.1,45.4,,run
2026-08-14T12:45:02+03:00,1786700702,8046,64,3,33.1,49.1,,run
2026-08-14T12:45:08+03:00,1786700708,8052,64,3,33.1,45.1,,run
2026-08-14T12:45:13+03:00,1786700713,8057,64,3,33.1,45.4,,run
2026-08-14T12:45:18+03:00,1786700718,8062,64,3,33.1,44.8,,run
2026-08-14T12:45:23+03:00,1786700723,8067,64,3,33.1,43.9,,run
2026-08-14T12:45:28+03:00,1786700728,8072,64,3,33.1,42.9,,run
2026-08-14T12:45:34+03:00,1786700734,8078,64,3,33.1,43.9,,run
2026-08-14T12:45:39+03:00,1786700739,8083,64,3,33.1,44.5,,run
2026-08-14T12:45:44+03:00,1786700744,8088,64,3,33.1,42.3,,run
2026-08-14T12:45:49+03:00,1786700749,8093,64,3,33.1,42.9,,run
2026-08-14T12:45:55+03:00,1786700755,8099,64,3,33.1,42.3,,run
2026-08-14T12:46:00+03:00,1786700760,8104,63,3,33.0,42.6,,run
2026-08-14T12:46:05+03:00,1786700765,8109,63,3,33.0,45.4,,run
2026-08-14T12:46:10+03:00,1786700770,8114,63,3,33.0,43.9,,run
2026-08-14T12:46:15+03:00,1786700775,8119,63,3,33.0,43.2,,run
2026-08-14T12:46:21+03:00,1786700781,8125,63,3,33.0,46.3,,run
2026-08-14T12:46:26+03:00,1786700786,8130,63,3,33.0,44.5,,run
2026-08-14T12:46:31+03:00,1786700791,8135,63,3,33.0,48.2,,run
2026-08-14T12:46:36+03:00,1786700796,8140,63,3,33.0,44.8,,run
2026-08-14T12:46:42+03:00,1786700802,8146,63,3,33.0,43.9,,run
2026-08-14T12:46:47+03:00,1786700807,8151,63,3,33.0,42.6,,run
2026-08-14T12:46:52+03:00,1786700812,8156,63,3,33.0,42.6,,run
2026-08-14T12:46:57+03:00,1786700817,8161,63,3,33.0,42.6,,run
2026-08-14T12:47:02+03:00,1786700822,8166,63,3,33.0,42.6,,run
2026-08-14T12:47:08+03:00,1786700828,8172,63,3,33.0,49.7,,run
2026-08-14T12:47:13+03:00,1786700833,8177,63,3,33.0,45.7,,run
2026-08-14T12:47:18+03:00,1786700838,8182,63,3,33.0,44.2,,run
2026-08-14T12:47:23+03:00,1786700843,8187,63,3,33.0,45.1,,run
2026-08-14T12:47:29+03:00,1786700849,8193,63,3,33.0,44.2,,run
2026-08-14T12:47:34+03:00,1786700854,8198,63,3,33.0,42.0,,run
2026-08-14T12:47:39+03:00,1786700859,8203,63,3,33.0,42.9,,run
2026-08-14T12:47:44+03:00,1786700864,8208,63,3,33.0,44.2,,run
2026-08-14T12:47:49+03:00,1786700869,8213,63,3,33.0,47.0,,run
2026-08-14T12:47:55+03:00,1786700875,8219,63,3,33.0,43.2,,run
2026-08-14T12:48:00+03:00,1786700880,8224,63,3,33.0,43.6,,run
2026-08-14T12:48:05+03:00,1786700885,8229,63,3,33.0,43.2,,run
2026-08-14T12:48:10+03:00,1786700890,8234,63,3,33.0,42.0,,run
2026-08-14T12:48:16+03:00,1786700896,8240,63,3,33.0,43.6,,run
2026-08-14T12:48:21+03:00,1786700901,8245,63,3,33.0,44.2,,run
2026-08-14T12:48:26+03:00,1786700906,8250,63,3,33.0,46.7,,run
2026-08-14T12:48:31+03:00,1786700911,8255,63,3,33.0,50.1,,run
2026-08-14T12:48:37+03:00,1786700917,8261,63,3,33.0,51.0,,run
2026-08-14T12:48:42+03:00,1786700922,8266,63,3,33.0,44.5,,run
2026-08-14T12:48:47+03:00,1786700927,8271,63,3,33.0,48.8,,run
2026-08-14T12:48:52+03:00,1786700932,8276,63,3,33.0,43.9,,run
2026-08-14T12:48:58+03:00,1786700938,8282,63,3,33.0,42.9,,run
2026-08-14T12:49:03+03:00,1786700943,8287,63,3,33.0,52.2,,run
2026-08-14T12:49:08+03:00,1786700948,8292,63,3,33.0,46.3,,run
2026-08-14T12:49:14+03:00,1786700954,8298,63,3,33.0,47.3,,run
2026-08-14T12:49:19+03:00,1786700959,8303,63,3,33.0,48.2,,run
2026-08-14T12:49:24+03:00,1786700964,8308,63,3,33.0,45.7,,run
2026-08-14T12:49:29+03:00,1786700969,8313,63,3,33.0,43.9,,run
2026-08-14T12:49:35+03:00,1786700975,8319,63,3,33.0,49.1,,run
2026-08-14T12:49:40+03:00,1786700980,8324,63,3,33.0,48.8,,run
2026-08-14T12:49:45+03:00,1786700985,8329,63,3,33.0,44.8,,run
2026-08-14T12:49:50+03:00,1786700990,8334,63,3,33.0,47.0,,run
2026-08-14T12:49:55+03:00,1786700995,8339,63,3,33.0,44.8,,run
2026-08-14T12:50:01+03:00,1786701001,8345,63,3,33.0,44.8,,run
2026-08-14T12:50:06+03:00,1786701006,8350,63,3,33.0,45.4,,run
2026-08-14T12:50:11+03:00,1786701011,8355,63,3,33.0,46.3,,run
2026-08-14T12:50:16+03:00,1786701016,8360,63,3,33.0,43.2,,run
2026-08-14T12:50:22+03:00,1786701022,8366,63,3,33.0,54.7,,run
2026-08-14T12:50:27+03:00,1786701027,8371,63,3,33.0,50.1,,run
2026-08-14T12:50:32+03:00,1786701032,8376,63,3,33.0,43.2,,run
2026-08-14T12:50:38+03:00,1786701038,8382,63,3,33.0,51.0,,run
2026-08-14T12:50:43+03:00,1786701043,8387,63,3,33.0,46.7,,run
2026-08-14T12:50:48+03:00,1786701048,8392,63,3,33.0,43.2,,run
2026-08-14T12:50:53+03:00,1786701053,8397,63,3,33.0,43.6,,run
2026-08-14T12:50:58+03:00,1786701058,8402,63,3,33.1,43.2,,run
2026-08-14T12:51:04+03:00,1786701064,8408,63,3,33.1,55.6,,run
2026-08-14T12:51:09+03:00,1786701069,8413,63,3,33.1,51.3,,run
2026-08-14T12:51:15+03:00,1786701075,8419,63,3,33.1,47.9,,run
2026-08-14T12:51:20+03:00,1786701080,8424,63,3,33.1,45.7,,run
2026-08-14T12:51:25+03:00,1786701085,8429,63,3,33.1,45.1,,run
2026-08-14T12:51:30+03:00,1786701090,8434,63,3,33.1,46.0,,run
2026-08-14T12:51:36+03:00,1786701096,8440,63,3,33.1,45.1,,run
2026-08-14T12:51:41+03:00,1786701101,8445,63,3,33.1,45.7,,run
2026-08-14T12:51:46+03:00,1786701106,8450,63,3,33.1,46.3,,run
2026-08-14T12:51:51+03:00,1786701111,8455,63,3,33.1,47.6,,run
2026-08-14T12:51:56+03:00,1786701116,8460,63,3,33.1,44.5,,run
2026-08-14T12:52:02+03:00,1786701122,8466,63,3,33.1,45.4,,run
2026-08-14T12:52:07+03:00,1786701127,8471,63,3,33.1,45.7,,run
2026-08-14T12:52:12+03:00,1786701132,8476,63,3,33.1,45.4,,run
2026-08-14T12:52:17+03:00,1786701137,8481,63,3,33.1,53.8,,run
2026-08-14T12:52:23+03:00,1786701143,8487,63,3,33.1,55.6,,run
2026-08-14T12:52:28+03:00,1786701148,8492,63,3,33.1,51.6,,run
2026-08-14T12:52:33+03:00,1786701153,8497,63,3,33.1,46.0,,run
2026-08-14T12:52:38+03:00,1786701158,8502,63,3,33.1,44.8,,run
2026-08-14T12:52:43+03:00,1786701163,8507,63,3,33.1,43.2,,run
2026-08-14T12:52:49+03:00,1786701169,8513,63,3,33.1,42.6,,run
2026-08-14T12:52:54+03:00,1786701174,8518,63,3,33.1,43.2,,run
2026-08-14T12:52:59+03:00,1786701179,8523,63,3,33.1,43.2,,run
2026-08-14T12:53:04+03:00,1786701184,8528,63,3,33.1,55.0,,run
2026-08-14T12:53:10+03:00,1786701190,8534,63,3,33.1,44.8,,run
2026-08-14T12:53:15+03:00,1786701195,8539,63,3,33.1,47.6,,run
2026-08-14T12:53:20+03:00,1786701200,8544,63,3,33.1,47.0,,run
2026-08-14T12:53:25+03:00,1786701205,8549,62,3,33.3,45.4,,run
2026-08-14T12:53:31+03:00,1786701211,8555,62,3,33.3,43.6,,run
2026-08-14T12:53:36+03:00,1786701216,8560,62,3,33.3,44.8,,run
2026-08-14T12:53:41+03:00,1786701221,8565,62,3,33.3,43.9,,run
2026-08-14T12:53:46+03:00,1786701226,8570,62,3,33.3,43.9,,run
2026-08-14T12:53:51+03:00,1786701231,8575,62,3,33.3,44.2,,run
2026-08-14T12:53:57+03:00,1786701237,8581,62,3,33.3,44.8,,run
2026-08-14T12:54:02+03:00,1786701242,8586,62,3,33.3,48.2,,run
2026-08-14T12:54:07+03:00,1786701247,8591,62,3,33.3,45.1,,run
2026-08-14T12:54:12+03:00,1786701252,8596,62,3,33.3,44.2,,run
2026-08-14T12:54:18+03:00,1786701258,8602,62,3,33.3,45.7,,run
2026-08-14T12:54:23+03:00,1786701263,8607,62,3,33.3,46.7,,run
2026-08-14T12:54:28+03:00,1786701268,8612,62,3,33.3,44.5,,run
2026-08-14T12:54:33+03:00,1786701273,8617,62,3,33.3,42.6,,run
2026-08-14T12:54:38+03:00,1786701278,8622,62,3,33.3,42.6,,run
2026-08-14T12:54:44+03:00,1786701284,8628,62,3,33.3,41.7,,run
2026-08-14T12:54:49+03:00,1786701289,8633,62,3,33.3,42.0,,run
2026-08-14T12:54:54+03:00,1786701294,8638,62,3,33.3,42.9,,run
2026-08-14T12:54:59+03:00,1786701299,8643,62,3,33.3,47.6,,run
2026-08-14T12:55:05+03:00,1786701305,8649,62,3,33.3,52.8,,run
2026-08-14T12:55:10+03:00,1786701310,8654,62,3,33.3,46.0,,run
2026-08-14T12:55:15+03:00,1786701315,8659,62,3,33.3,44.8,,run
2026-08-14T12:55:20+03:00,1786701320,8664,62,3,33.3,44.2,,run
2026-08-14T12:55:26+03:00,1786701326,8670,62,3,33.3,45.4,,run
2026-08-14T12:55:31+03:00,1786701331,8675,62,3,33.3,44.5,,run
2026-08-14T12:55:36+03:00,1786701336,8680,62,3,33.3,43.2,,run
2026-08-14T12:55:41+03:00,1786701341,8685,62,3,33.3,45.1,,run
2026-08-14T12:55:47+03:00,1786701347,8691,62,3,33.3,42.9,,run
2026-08-14T12:55:52+03:00,1786701352,8696,62,3,33.3,43.9,,run
2026-08-14T12:55:57+03:00,1786701357,8701,62,3,33.3,42.9,,run
2026-08-14T12:56:02+03:00,1786701362,8706,62,3,33.3,42.6,,run
2026-08-14T12:56:07+03:00,1786701367,8711,62,3,33.3,48.2,,run
2026-08-14T12:56:13+03:00,1786701373,8717,62,3,33.3,45.1,,run
2026-08-14T12:56:18+03:00,1786701378,8722,62,3,33.3,51.9,,run
2026-08-14T12:56:24+03:00,1786701384,8728,62,3,33.3,44.5,,run
2026-08-14T12:56:29+03:00,1786701389,8733,62,3,33.3,44.2,,run
2026-08-14T12:56:34+03:00,1786701394,8738,62,3,33.3,42.9,,run
2026-08-14T12:56:39+03:00,1786701399,8743,62,3,33.3,42.9,,run
2026-08-14T12:56:45+03:00,1786701405,8749,62,3,33.3,52.8,,run
2026-08-14T12:56:50+03:00,1786701410,8754,62,3,33.3,44.8,,run
2026-08-14T12:56:55+03:00,1786701415,8759,62,3,33.3,44.2,,run
2026-08-14T12:57:00+03:00,1786701420,8764,62,3,33.3,43.6,,run
2026-08-14T12:57:06+03:00,1786701426,8770,62,3,33.3,46.0,,run
2026-08-14T12:57:11+03:00,1786701431,8775,62,3,33.3,44.2,,run
2026-08-14T12:57:16+03:00,1786701436,8780,62,3,33.3,43.2,,run
2026-08-14T12:57:21+03:00,1786701441,8785,62,3,33.3,43.2,,run
2026-08-14T12:57:26+03:00,1786701446,8790,62,3,33.3,43.2,,run
2026-08-14T12:57:32+03:00,1786701452,8796,62,3,33.3,44.8,,run
2026-08-14T12:57:37+03:00,1786701457,8801,62,3,33.3,47.0,,run
2026-08-14T12:57:42+03:00,1786701462,8806,62,3,33.3,46.7,,run
2026-08-14T12:57:47+03:00,1786701467,8811,62,3,33.3,44.2,,run
2026-08-14T12:57:53+03:00,1786701473,8817,62,3,33.3,43.2,,run
2026-08-14T12:57:58+03:00,1786701478,8822,62,3,33.3,46.3,,run
2026-08-14T12:58:03+03:00,1786701483,8827,62,3,33.3,51.0,,run
2026-08-14T12:58:08+03:00,1786701488,8832,62,3,33.3,47.9,,run
2026-08-14T12:58:14+03:00,1786701494,8838,62,3,33.3,46.0,,run
2026-08-14T12:58:19+03:00,1786701499,8843,62,3,33.3,44.5,,run
2026-08-14T12:58:24+03:00,1786701504,8848,62,3,33.3,52.2,,run
2026-08-14T12:58:30+03:00,1786701510,8854,62,3,33.3,46.3,,run
2026-08-14T12:58:35+03:00,1786701515,8859,62,3,33.3,43.6,,run
2026-08-14T12:58:40+03:00,1786701520,8864,62,3,33.3,44.8,,run
2026-08-14T12:58:45+03:00,1786701525,8869,62,3,33.3,43.9,,run
2026-08-14T12:58:50+03:00,1786701530,8874,62,3,33.3,43.2,,run
2026-08-14T12:58:56+03:00,1786701536,8880,62,3,33.3,42.9,,run
2026-08-14T12:59:01+03:00,1786701541,8885,62,3,33.3,43.9,,run
2026-08-14T12:59:06+03:00,1786701546,8890,62,3,33.3,42.9,,run
2026-08-14T12:59:11+03:00,1786701551,8895,62,3,33.3,44.2,,run
2026-08-14T12:59:17+03:00,1786701557,8901,62,3,33.3,43.6,,run
2026-08-14T12:59:22+03:00,1786701562,8906,62,3,33.3,45.7,,run
2026-08-14T12:59:27+03:00,1786701567,8911,62,3,33.3,50.7,,run
2026-08-14T12:59:32+03:00,1786701572,8916,62,3,33.3,45.4,,run
2026-08-14T12:59:37+03:00,1786701577,8921,62,3,33.3,43.6,,run
2026-08-14T12:59:43+03:00,1786701583,8927,62,3,33.3,55.0,,run
2026-08-14T12:59:48+03:00,1786701588,8932,62,3,33.3,51.0,,run
2026-08-14T12:59:53+03:00,1786701593,8937,62,3,33.3,44.5,,run
2026-08-14T12:59:59+03:00,1786701599,8943,62,3,33.3,42.6,,run
2026-08-14T13:00:04+03:00,1786701604,8948,62,3,33.3,42.3,,run
2026-08-14T13:00:09+03:00,1786701609,8953,62,3,33.3,44.5,,run
2026-08-14T13:00:14+03:00,1786701614,8958,62,3,33.3,47.6,,run
2026-08-14T13:00:20+03:00,1786701620,8964,62,3,33.3,45.1,,run
2026-08-14T13:00:25+03:00,1786701625,8969,62,3,33.3,56.5,,run
2026-08-14T13:00:31+03:00,1786701631,8975,62,3,33.3,48.5,,run
2026-08-14T13:00:36+03:00,1786701636,8980,62,3,33.3,44.8,,run
2026-08-14T13:00:41+03:00,1786701641,8985,62,3,33.3,44.8,,run
2026-08-14T13:00:46+03:00,1786701646,8990,62,3,33.3,43.6,,run
2026-08-14T13:00:52+03:00,1786701652,8996,62,3,33.3,43.9,,run
2026-08-14T13:00:57+03:00,1786701657,9001,62,3,33.2,44.8,,run
2026-08-14T13:01:02+03:00,1786701662,9006,62,3,33.2,44.8,,run
2026-08-14T13:01:07+03:00,1786701667,9011,62,3,33.2,44.2,,run
2026-08-14T13:01:13+03:00,1786701673,9017,62,3,33.2,43.9,,run
2026-08-14T13:01:18+03:00,1786701678,9022,62,3,33.2,44.2,,run
2026-08-14T13:01:23+03:00,1786701683,9027,62,3,33.2,43.6,,run
2026-08-14T13:01:28+03:00,1786701688,9032,62,3,33.2,45.4,,run
2026-08-14T13:01:33+03:00,1786701693,9037,62,3,33.2,49.1,,run
2026-08-14T13:01:39+03:00,1786701699,9043,62,3,33.2,51.9,,run
2026-08-14T13:01:44+03:00,1786701704,9048,62,3,33.2,58.1,,run
2026-08-14T13:01:49+03:00,1786701709,9053,62,3,33.2,49.1,,run
2026-08-14T13:01:55+03:00,1786701715,9059,62,3,33.2,43.2,,run
2026-08-14T13:02:00+03:00,1786701720,9064,62,3,33.2,43.6,,run
2026-08-14T13:02:05+03:00,1786701725,9069,62,3,33.2,42.9,,run
2026-08-14T13:02:10+03:00,1786701730,9074,62,3,33.2,42.9,,run
2026-08-14T13:02:15+03:00,1786701735,9079,62,3,33.2,45.1,,run
2026-08-14T13:02:21+03:00,1786701741,9085,62,3,33.2,45.7,,run
2026-08-14T13:02:26+03:00,1786701746,9090,62,3,33.2,56.2,,run
2026-08-14T13:02:31+03:00,1786701751,9095,62,3,33.2,48.2,,run
2026-08-14T13:02:37+03:00,1786701757,9101,62,3,33.2,45.7,,run
2026-08-14T13:02:42+03:00,1786701762,9106,62,3,33.2,44.5,,run
2026-08-14T13:02:47+03:00,1786701767,9111,62,3,33.2,44.2,,run
2026-08-14T13:02:52+03:00,1786701772,9116,62,3,33.2,45.4,,run
2026-08-14T13:02:57+03:00,1786701777,9121,62,3,33.2,45.4,,run
2026-08-14T13:03:03+03:00,1786701783,9127,61,3,33.3,44.5,,run
2026-08-14T13:03:08+03:00,1786701788,9132,61,3,33.3,44.5,,run
2026-08-14T13:03:13+03:00,1786701793,9137,61,3,33.3,43.2,,run
2026-08-14T13:03:18+03:00,1786701798,9142,61,3,33.3,43.9,,run
2026-08-14T13:03:24+03:00,1786701804,9148,61,3,33.3,43.6,,run
2026-08-14T13:03:29+03:00,1786701809,9153,61,3,33.3,45.1,,run
2026-08-14T13:03:34+03:00,1786701814,9158,61,3,33.3,43.2,,run
2026-08-14T13:03:39+03:00,1786701819,9163,61,3,33.3,55.9,,run
2026-08-14T13:03:44+03:00,1786701824,9168,61,3,33.3,57.8,,run
2026-08-14T13:03:50+03:00,1786701830,9174,61,3,33.3,49.7,,run
2026-08-14T13:03:55+03:00,1786701835,9179,61,3,33.3,43.2,,run
2026-08-14T13:04:00+03:00,1786701840,9184,61,3,33.3,43.9,,run
2026-08-14T13:04:05+03:00,1786701845,9189,61,3,33.3,42.6,,run
2026-08-14T13:04:11+03:00,1786701851,9195,61,3,33.3,42.3,,run
2026-08-14T13:04:16+03:00,1786701856,9200,61,3,33.3,43.2,,run
2026-08-14T13:04:21+03:00,1786701861,9205,61,3,33.3,42.6,,run
2026-08-14T13:04:26+03:00,1786701866,9210,61,3,33.3,54.7,,run
2026-08-14T13:04:32+03:00,1786701872,9216,61,3,33.3,52.5,,run
2026-08-14T13:04:37+03:00,1786701877,9221,61,3,33.3,46.7,,run
2026-08-14T13:04:42+03:00,1786701882,9226,61,3,33.3,46.0,,run
2026-08-14T13:04:47+03:00,1786701887,9231,61,3,33.3,45.4,,run
2026-08-14T13:04:53+03:00,1786701893,9237,61,3,33.3,45.1,,run
2026-08-14T13:04:58+03:00,1786701898,9242,61,3,33.3,45.1,,run
2026-08-14T13:05:03+03:00,1786701903,9247,61,3,33.3,44.8,,run
2026-08-14T13:05:08+03:00,1786701908,9252,61,3,33.3,44.5,,run
2026-08-14T13:05:14+03:00,1786701914,9258,61,3,33.3,47.6,,run
2026-08-14T13:05:19+03:00,1786701919,9263,61,3,33.3,44.5,,run
2026-08-14T13:05:24+03:00,1786701924,9268,61,3,33.3,43.9,,run
2026-08-14T13:05:29+03:00,1786701929,9273,61,3,33.3,46.3,,run
2026-08-14T13:05:34+03:00,1786701934,9278,61,3,33.3,45.1,,run
2026-08-14T13:05:40+03:00,1786701940,9284,61,3,33.3,52.5,,run
2026-08-14T13:05:45+03:00,1786701945,9289,61,3,33.3,49.7,,run
2026-08-14T13:05:50+03:00,1786701950,9294,61,3,33.3,51.0,,run
2026-08-14T13:05:55+03:00,1786701955,9299,61,3,33.3,46.3,,run
2026-08-14T13:06:01+03:00,1786701961,9305,61,3,33.3,43.6,,run
2026-08-14T13:06:06+03:00,1786701966,9310,61,3,33.3,42.6,,run
2026-08-14T13:06:11+03:00,1786701971,9315,61,3,33.3,42.6,,run
2026-08-14T13:06:16+03:00,1786701976,9320,61,3,33.3,42.6,,run
2026-08-14T13:06:22+03:00,1786701982,9326,61,3,33.3,49.1,,run
2026-08-14T13:06:27+03:00,1786701987,9331,61,3,33.3,55.3,,run
2026-08-14T13:06:32+03:00,1786701992,9336,61,3,33.3,46.0,,run
2026-08-14T13:06:38+03:00,1786701998,9342,61,3,33.3,44.5,,run
2026-08-14T13:06:43+03:00,1786702003,9347,61,3,33.3,43.9,,run
2026-08-14T13:06:48+03:00,1786702008,9352,61,3,33.3,43.9,,run
2026-08-14T13:06:53+03:00,1786702013,9357,61,3,33.3,45.4,,run
2026-08-14T13:06:59+03:00,1786702019,9363,61,3,33.3,43.9,,run
2026-08-14T13:07:04+03:00,1786702024,9368,61,3,33.3,42.6,,run
2026-08-14T13:07:09+03:00,1786702029,9373,61,3,33.3,42.6,,run
2026-08-14T13:07:14+03:00,1786702034,9378,61,3,33.3,42.6,,run
2026-08-14T13:07:20+03:00,1786702040,9384,61,3,33.3,44.5,,run
2026-08-14T13:07:25+03:00,1786702045,9389,61,3,33.3,44.2,,run
2026-08-14T13:07:30+03:00,1786702050,9394,61,3,33.3,42.9,,run
2026-08-14T13:07:35+03:00,1786702055,9399,61,3,33.3,44.2,,run
2026-08-14T13:07:40+03:00,1786702060,9404,61,3,33.3,45.7,,run
2026-08-14T13:07:46+03:00,1786702066,9410,61,3,33.3,56.2,,run
2026-08-14T13:07:51+03:00,1786702071,9415,61,3,33.3,48.8,,run
2026-08-14T13:07:57+03:00,1786702077,9421,61,3,33.3,43.9,,run
2026-08-14T13:08:02+03:00,1786702082,9426,61,3,33.3,43.2,,run
2026-08-14T13:08:07+03:00,1786702087,9431,61,3,33.3,42.6,,run
2026-08-14T13:08:12+03:00,1786702092,9436,61,3,33.3,48.8,,run
2026-08-14T13:08:17+03:00,1786702097,9441,61,3,33.3,46.7,,run
2026-08-14T13:08:23+03:00,1786702103,9447,61,3,33.3,43.2,,run
2026-08-14T13:08:28+03:00,1786702108,9452,61,3,33.3,54.4,,run
2026-08-14T13:08:33+03:00,1786702113,9457,61,3,33.3,45.7,,run
2026-08-14T13:08:39+03:00,1786702119,9463,61,3,33.3,44.2,,run
2026-08-14T13:08:44+03:00,1786702124,9468,61,3,33.3,43.9,,run
2026-08-14T13:08:49+03:00,1786702129,9473,61,3,33.3,43.2,,run
2026-08-14T13:08:54+03:00,1786702134,9478,61,3,33.3,46.0,,run
2026-08-14T13:09:00+03:00,1786702140,9484,61,3,33.3,44.8,,run
2026-08-14T13:09:05+03:00,1786702145,9489,61,3,33.3,43.9,,run
2026-08-14T13:09:10+03:00,1786702150,9494,61,3,33.3,43.6,,run
2026-08-14T13:09:15+03:00,1786702155,9499,61,3,33.3,45.7,,run
2026-08-14T13:09:20+03:00,1786702160,9504,61,3,33.3,44.2,,run
2026-08-14T13:09:26+03:00,1786702166,9510,61,3,33.3,44.8,,run
2026-08-14T13:09:31+03:00,1786702171,9515,61,3,33.3,50.7,,run
2026-08-14T13:09:36+03:00,1786702176,9520,61,3,33.3,48.5,,run
2026-08-14T13:09:41+03:00,1786702181,9525,61,3,33.3,51.3,,run
2026-08-14T13:09:47+03:00,1786702187,9531,61,3,33.3,57.2,,run
2026-08-14T13:09:52+03:00,1786702192,9536,61,3,33.3,47.6,,run
2026-08-14T13:09:57+03:00,1786702197,9541,61,3,33.3,43.2,,run
2026-08-14T13:10:02+03:00,1786702202,9546,61,3,33.3,47.3,,run
2026-08-14T13:10:08+03:00,1786702208,9552,61,3,33.3,44.2,,run
2026-08-14T13:10:13+03:00,1786702213,9557,61,3,33.3,45.4,,run
2026-08-14T13:10:18+03:00,1786702218,9562,61,3,33.3,45.4,,run
2026-08-14T13:10:23+03:00,1786702223,9567,61,3,33.3,45.7,,run
2026-08-14T13:10:29+03:00,1786702229,9573,61,3,33.3,55.3,,run
2026-08-14T13:10:34+03:00,1786702234,9578,60,3,33.3,45.4,,run
2026-08-14T13:10:40+03:00,1786702240,9584,60,3,33.3,44.8,,run
2026-08-14T13:10:45+03:00,1786702245,9589,60,3,33.3,44.5,,run
2026-08-14T13:10:50+03:00,1786702250,9594,60,3,33.3,43.2,,run
2026-08-14T13:10:55+03:00,1786702255,9599,60,3,33.3,43.9,,run
2026-08-14T13:11:00+03:00,1786702260,9604,60,3,33.3,44.2,,run
2026-08-14T13:11:06+03:00,1786702266,9610,60,3,33.3,44.2,,run
2026-08-14T13:11:11+03:00,1786702271,9615,60,3,33.3,43.9,,run
2026-08-14T13:11:16+03:00,1786702276,9620,60,3,33.3,43.9,,run
2026-08-14T13:11:21+03:00,1786702281,9625,60,3,33.3,42.9,,run
2026-08-14T13:11:27+03:00,1786702287,9631,60,3,33.3,45.7,,run
2026-08-14T13:11:32+03:00,1786702292,9636,60,3,33.3,43.9,,run
2026-08-14T13:11:37+03:00,1786702297,9641,60,3,33.3,49.4,,run
2026-08-14T13:11:42+03:00,1786702302,9646,60,3,33.3,50.1,,run
2026-08-14T13:11:48+03:00,1786702308,9652,60,3,33.3,56.2,,run
2026-08-14T13:11:53+03:00,1786702313,9657,60,3,33.3,48.8,,run
2026-08-14T13:11:58+03:00,1786702318,9662,60,3,33.3,43.2,,run
2026-08-14T13:12:03+03:00,1786702323,9667,60,3,33.3,42.9,,run
2026-08-14T13:12:09+03:00,1786702329,9673,60,3,33.3,42.9,,run
2026-08-14T13:12:14+03:00,1786702334,9678,60,3,33.3,47.3,,run
2026-08-14T13:12:19+03:00,1786702339,9683,60,3,33.3,44.5,,run
2026-08-14T13:12:24+03:00,1786702344,9688,60,3,33.3,47.9,,run
2026-08-14T13:12:30+03:00,1786702350,9694,60,3,33.3,56.9,,run
2026-08-14T13:12:35+03:00,1786702355,9699,60,3,33.3,47.9,,run
2026-08-14T13:12:40+03:00,1786702360,9704,60,3,33.3,45.4,,run
2026-08-14T13:12:46+03:00,1786702366,9710,60,3,33.3,45.4,,run
2026-08-14T13:12:51+03:00,1786702371,9715,60,3,33.3,44.5,,run
2026-08-14T13:12:56+03:00,1786702376,9720,60,3,33.3,44.8,,run
2026-08-14T13:13:01+03:00,1786702381,9725,60,3,33.3,43.2,,run
2026-08-14T13:13:06+03:00,1786702386,9730,60,3,33.3,45.1,,run
2026-08-14T13:13:12+03:00,1786702392,9736,60,3,33.3,46.3,,run
2026-08-14T13:13:17+03:00,1786702397,9741,60,3,33.3,43.9,,run
2026-08-14T13:13:22+03:00,1786702402,9746,60,3,33.3,44.5,,run
2026-08-14T13:13:27+03:00,1786702407,9751,60,3,33.3,43.9,,run
2026-08-14T13:13:33+03:00,1786702413,9757,60,3,33.3,43.6,,run
2026-08-14T13:13:38+03:00,1786702418,9762,60,3,33.3,43.9,,run
2026-08-14T13:13:43+03:00,1786702423,9767,60,3,33.3,51.6,,run
2026-08-14T13:13:48+03:00,1786702428,9772,60,3,33.3,55.6,,run
2026-08-14T13:13:54+03:00,1786702434,9778,60,3,33.3,52.8,,run
2026-08-14T13:13:59+03:00,1786702439,9783,60,3,33.3,45.7,,run
2026-08-14T13:14:04+03:00,1786702444,9788,60,3,33.3,43.2,,run
2026-08-14T13:14:10+03:00,1786702450,9794,60,3,33.3,42.6,,run
2026-08-14T13:14:15+03:00,1786702455,9799,60,3,33.3,42.6,,run
2026-08-14T13:14:20+03:00,1786702460,9804,60,3,33.3,42.6,,run
2026-08-14T13:14:25+03:00,1786702465,9809,60,3,33.3,42.0,,run
2026-08-14T13:14:30+03:00,1786702470,9814,60,3,33.3,54.1,,run
2026-08-14T13:14:36+03:00,1786702476,9820,60,3,33.3,48.5,,run
2026-08-14T13:14:41+03:00,1786702481,9825,60,3,33.3,47.3,,run
2026-08-14T13:14:47+03:00,1786702487,9831,60,3,33.3,45.4,,run
2026-08-14T13:14:52+03:00,1786702492,9836,60,3,33.3,44.8,,run
2026-08-14T13:14:57+03:00,1786702497,9841,60,3,33.3,44.8,,run
2026-08-14T13:15:02+03:00,1786702502,9846,60,3,33.3,44.2,,run
2026-08-14T13:15:08+03:00,1786702508,9852,60,3,33.3,44.2,,run
2026-08-14T13:15:13+03:00,1786702513,9857,60,3,33.3,45.7,,run
2026-08-14T13:15:18+03:00,1786702518,9862,60,3,33.3,44.2,,run
2026-08-14T13:15:23+03:00,1786702523,9867,60,3,33.3,43.2,,run
2026-08-14T13:15:29+03:00,1786702529,9873,60,3,33.3,45.4,,run
2026-08-14T13:15:34+03:00,1786702534,9878,60,3,33.3,43.6,,run
2026-08-14T13:15:39+03:00,1786702539,9883,60,3,33.3,44.5,,run
2026-08-14T13:15:44+03:00,1786702544,9888,60,3,33.3,48.2,,run
2026-08-14T13:15:49+03:00,1786702549,9893,60,3,33.3,55.3,,run
2026-08-14T13:15:55+03:00,1786702555,9899,60,3,33.3,51.6,,run
2026-08-14T13:16:00+03:00,1786702560,9904,60,3,33.3,45.7,,run
2026-08-14T13:16:05+03:00,1786702565,9909,60,3,33.3,49.1,,run
2026-08-14T13:16:11+03:00,1786702571,9915,60,3,33.3,45.4,,run
2026-08-14T13:16:16+03:00,1786702576,9920,60,3,33.3,43.6,,run
2026-08-14T13:16:21+03:00,1786702581,9925,60,3,33.3,43.9,,run
2026-08-14T13:16:26+03:00,1786702586,9930,60,3,33.3,43.9,,run
2026-08-14T13:16:32+03:00,1786702592,9936,60,3,33.3,53.5,,run
2026-08-14T13:16:37+03:00,1786702597,9941,60,3,33.3,47.6,,run
2026-08-14T13:16:42+03:00,1786702602,9946,60,3,33.3,50.7,,run
2026-08-14T13:16:48+03:00,1786702608,9952,60,3,33.3,46.0,,run
2026-08-14T13:16:53+03:00,1786702613,9957,60,3,33.3,46.7,,run
2026-08-14T13:16:58+03:00,1786702618,9962,60,3,33.3,46.0,,run
2026-08-14T13:17:03+03:00,1786702623,9967,60,3,33.3,46.0,,run
2026-08-14T13:17:09+03:00,1786702629,9973,60,3,33.3,43.9,,run
2026-08-14T13:17:14+03:00,1786702634,9978,60,3,33.3,43.6,,run
2026-08-14T13:17:19+03:00,1786702639,9983,60,3,33.3,44.2,,run
2026-08-14T13:17:24+03:00,1786702644,9988,60,3,33.3,45.4,,run
2026-08-14T13:17:30+03:00,1786702650,9994,60,3,33.3,45.1,,run
2026-08-14T13:17:35+03:00,1786702655,9999,60,3,33.3,44.2,,run
2026-08-14T13:17:40+03:00,1786702660,10004,60,3,33.3,43.9,,run
2026-08-14T13:17:45+03:00,1786702665,10009,60,3,33.3,49.1,,run
2026-08-14T13:17:50+03:00,1786702670,10014,60,3,33.3,55.9,,run
2026-08-14T13:17:56+03:00,1786702676,10020,60,3,33.3,48.2,,run
2026-08-14T13:18:01+03:00,1786702681,10025,60,3,33.3,47.9,,run
2026-08-14T13:18:06+03:00,1786702686,10030,60,3,33.3,46.0,,run
2026-08-14T13:18:12+03:00,1786702692,10036,60,3,33.3,43.6,,run
2026-08-14T13:18:17+03:00,1786702697,10041,60,3,33.3,43.2,,run
2026-08-14T13:18:22+03:00,1786702702,10046,60,3,33.3,43.9,,run
2026-08-14T13:18:27+03:00,1786702707,10051,60,3,33.3,44.2,,run
2026-08-14T13:18:33+03:00,1786702713,10057,60,3,33.3,59.0,,run
2026-08-14T13:18:38+03:00,1786702718,10062,60,3,33.3,48.5,,run
2026-08-14T13:18:44+03:00,1786702724,10068,60,3,33.3,45.7,,run
2026-08-14T13:18:49+03:00,1786702729,10073,60,3,33.3,54.1,,run
2026-08-14T13:18:54+03:00,1786702734,10078,60,3,33.3,47.0,,run
2026-08-14T13:18:59+03:00,1786702739,10083,60,3,33.3,45.7,,run
2026-08-14T13:19:05+03:00,1786702745,10089,60,3,33.3,44.2,,run
2026-08-14T13:19:10+03:00,1786702750,10094,59,3,33.8,45.1,,run
2026-08-14T13:19:15+03:00,1786702755,10099,59,3,33.8,46.3,,run
2026-08-14T13:19:20+03:00,1786702760,10104,59,3,33.8,43.9,,run
2026-08-14T13:19:25+03:00,1786702765,10109,59,3,33.8,44.5,,run
2026-08-14T13:19:31+03:00,1786702771,10115,59,3,33.8,42.9,,run
2026-08-14T13:19:36+03:00,1786702776,10120,59,3,33.8,44.2,,run
2026-08-14T13:19:41+03:00,1786702781,10125,59,3,33.8,43.9,,run
2026-08-14T13:19:46+03:00,1786702786,10130,59,3,33.8,48.8,,run
2026-08-14T13:19:52+03:00,1786702792,10136,59,3,33.8,55.6,,run
2026-08-14T13:19:57+03:00,1786702797,10141,59,3,33.8,48.8,,run
2026-08-14T13:20:03+03:00,1786702803,10147,59,3,33.8,44.8,,run
2026-08-14T13:20:08+03:00,1786702808,10152,59,3,33.8,46.7,,run
2026-08-14T13:20:13+03:00,1786702813,10157,59,3,33.8,45.4,,run
2026-08-14T13:20:18+03:00,1786702818,10162,59,3,33.8,43.2,,run
2026-08-14T13:20:23+03:00,1786702823,10167,59,3,33.8,43.9,,run
2026-08-14T13:20:29+03:00,1786702829,10173,59,3,33.8,43.2,,run
2026-08-14T13:20:34+03:00,1786702834,10178,59,3,33.8,56.9,,run
2026-08-14T13:20:40+03:00,1786702840,10184,59,3,33.8,48.2,,run
2026-08-14T13:20:45+03:00,1786702845,10189,59,3,33.8,47.3,,run
2026-08-14T13:20:50+03:00,1786702850,10194,59,3,33.8,45.7,,run
2026-08-14T13:20:55+03:00,1786702855,10199,59,3,33.7,49.4,,run
2026-08-14T13:21:01+03:00,1786702861,10205,59,3,33.7,47.6,,run
2026-08-14T13:21:06+03:00,1786702866,10210,59,3,33.7,48.8,,run
2026-08-14T13:21:11+03:00,1786702871,10215,59,3,33.7,44.8,,run
2026-08-14T13:21:16+03:00,1786702876,10220,59,3,33.7,44.8,,run
2026-08-14T13:21:21+03:00,1786702881,10225,59,3,33.7,45.1,,run
2026-08-14T13:21:27+03:00,1786702887,10231,59,3,33.7,44.2,,run
2026-08-14T13:21:32+03:00,1786702892,10236,59,3,33.7,43.6,,run
2026-08-14T13:21:37+03:00,1786702897,10241,59,3,33.7,44.2,,run
2026-08-14T13:21:42+03:00,1786702902,10246,59,3,33.7,42.9,,run
2026-08-14T13:21:48+03:00,1786702908,10252,59,3,33.7,51.9,,run
2026-08-14T13:21:53+03:00,1786702913,10257,59,3,33.7,56.5,,run
2026-08-14T13:21:58+03:00,1786702918,10262,59,3,33.7,46.3,,run
2026-08-14T13:22:03+03:00,1786702923,10267,59,3,33.7,42.9,,run
2026-08-14T13:22:09+03:00,1786702929,10273,59,3,33.7,45.1,,run
2026-08-14T13:22:14+03:00,1786702934,10278,59,3,33.7,43.6,,run
2026-08-14T13:22:19+03:00,1786702939,10283,59,3,33.7,49.4,,run
2026-08-14T13:22:24+03:00,1786702944,10288,59,3,33.7,45.4,,run
2026-08-14T13:22:30+03:00,1786702950,10294,59,3,33.7,43.6,,run
2026-08-14T13:22:35+03:00,1786702955,10299,59,3,33.7,55.3,,run
2026-08-14T13:22:40+03:00,1786702960,10304,59,3,33.7,47.3,,run
2026-08-14T13:22:46+03:00,1786702966,10310,59,3,33.7,45.1,,run
2026-08-14T13:22:51+03:00,1786702971,10315,59,3,33.7,44.5,,run
2026-08-14T13:22:56+03:00,1786702976,10320,59,3,33.7,48.8,,run
2026-08-14T13:23:01+03:00,1786702981,10325,59,3,33.7,46.3,,run
2026-08-14T13:23:07+03:00,1786702987,10331,59,3,33.7,49.4,,run
2026-08-14T13:23:12+03:00,1786702992,10336,59,3,33.7,49.7,,run
2026-08-14T13:23:17+03:00,1786702997,10341,59,3,33.7,44.8,,run
2026-08-14T13:23:22+03:00,1786703002,10346,59,3,33.7,44.5,,run
2026-08-14T13:23:27+03:00,1786703007,10351,59,3,33.7,44.8,,run
2026-08-14T13:23:33+03:00,1786703013,10357,59,3,33.7,43.6,,run
2026-08-14T13:23:38+03:00,1786703018,10362,59,3,33.7,43.2,,run
2026-08-14T13:23:43+03:00,1786703023,10367,59,3,33.7,46.7,,run
2026-08-14T13:23:48+03:00,1786703028,10372,59,3,33.7,54.1,,run
2026-08-14T13:23:54+03:00,1786703034,10378,59,3,33.7,50.7,,run
2026-08-14T13:23:59+03:00,1786703039,10383,59,3,33.7,46.0,,run
2026-08-14T13:24:04+03:00,1786703044,10388,59,3,33.7,43.2,,run
2026-08-14T13:24:09+03:00,1786703049,10393,59,3,33.7,43.9,,run
2026-08-14T13:24:15+03:00,1786703055,10399,59,3,33.7,43.2,,run
2026-08-14T13:24:20+03:00,1786703060,10404,59,3,33.7,43.9,,run
2026-08-14T13:24:25+03:00,1786703065,10409,59,3,33.7,49.4,,run
2026-08-14T13:24:30+03:00,1786703070,10414,59,3,33.7,47.9,,run
2026-08-14T13:24:35+03:00,1786703075,10419,59,3,33.7,56.5,,run
2026-08-14T13:24:41+03:00,1786703081,10425,59,3,33.7,47.0,,run
2026-08-14T13:24:46+03:00,1786703086,10430,59,3,33.7,44.2,,run
2026-08-14T13:24:51+03:00,1786703091,10435,59,3,33.7,44.5,,run
2026-08-14T13:24:57+03:00,1786703097,10441,59,3,33.7,43.6,,run
2026-08-14T13:25:02+03:00,1786703102,10446,59,3,33.7,45.7,,run
2026-08-14T13:25:07+03:00,1786703107,10451,59,3,33.7,44.2,,run
2026-08-14T13:25:12+03:00,1786703112,10456,59,3,33.7,47.6,,run
2026-08-14T13:25:18+03:00,1786703118,10462,59,3,33.7,47.0,,run
2026-08-14T13:25:23+03:00,1786703123,10467,59,3,33.7,45.7,,run
2026-08-14T13:25:28+03:00,1786703128,10472,59,3,33.7,43.9,,run
2026-08-14T13:25:33+03:00,1786703133,10477,59,3,33.7,43.9,,run
2026-08-14T13:25:38+03:00,1786703138,10482,59,3,33.7,46.3,,run
2026-08-14T13:25:44+03:00,1786703144,10488,59,3,33.7,44.8,,run
2026-08-14T13:25:49+03:00,1786703149,10493,59,3,33.7,49.4,,run
2026-08-14T13:25:54+03:00,1786703154,10498,59,3,33.7,50.1,,run
2026-08-14T13:25:59+03:00,1786703159,10503,59,3,33.7,45.7,,run
2026-08-14T13:26:04+03:00,1786703164,10508,59,3,33.7,43.2,,run
2026-08-14T13:26:10+03:00,1786703170,10514,59,3,33.7,43.9,,run
2026-08-14T13:26:15+03:00,1786703175,10519,59,3,33.7,43.2,,run
2026-08-14T13:26:20+03:00,1786703180,10524,59,3,33.7,42.6,,run
2026-08-14T13:26:25+03:00,1786703185,10529,59,3,33.7,43.6,,run
2026-08-14T13:26:31+03:00,1786703191,10535,59,3,33.7,50.1,,run
2026-08-14T13:26:36+03:00,1786703196,10540,58,3,33.6,55.9,,run
2026-08-14T13:26:41+03:00,1786703201,10545,58,3,33.6,48.5,,run
2026-08-14T13:26:47+03:00,1786703207,10551,58,3,33.6,48.5,,run
2026-08-14T13:26:52+03:00,1786703212,10556,58,3,33.6,46.3,,run
2026-08-14T13:26:57+03:00,1786703217,10561,58,3,33.6,45.4,,run
2026-08-14T13:27:02+03:00,1786703222,10566,58,3,33.6,44.2,,run
2026-08-14T13:27:07+03:00,1786703227,10571,58,3,33.6,46.0,,run
2026-08-14T13:27:13+03:00,1786703233,10577,58,3,33.6,50.1,,run
2026-08-14T13:27:18+03:00,1786703238,10582,58,3,33.6,50.7,,run
2026-08-14T13:27:23+03:00,1786703243,10587,58,3,33.6,48.2,,run
2026-08-14T13:27:28+03:00,1786703248,10592,58,3,33.6,50.7,,run
2026-08-14T13:27:34+03:00,1786703254,10598,58,3,33.6,46.0,,run
2026-08-14T13:27:39+03:00,1786703259,10603,58,3,33.6,43.9,,run
2026-08-14T13:27:44+03:00,1786703264,10608,58,3,33.6,44.8,,run
2026-08-14T13:27:49+03:00,1786703269,10613,58,3,33.6,50.7,,run
2026-08-14T13:27:55+03:00,1786703275,10619,58,3,33.6,57.2,,run
2026-08-14T13:28:00+03:00,1786703280,10624,58,3,33.6,49.4,,run
2026-08-14T13:28:05+03:00,1786703285,10629,58,3,33.6,44.2,,run
2026-08-14T13:28:10+03:00,1786703290,10634,58,3,33.6,42.9,,run
2026-08-14T13:28:16+03:00,1786703296,10640,58,3,33.6,42.6,,run
2026-08-14T13:28:21+03:00,1786703301,10645,58,3,33.6,42.3,,run
2026-08-14T13:28:26+03:00,1786703306,10650,58,3,33.6,42.6,,run
2026-08-14T13:28:31+03:00,1786703311,10655,58,3,33.6,42.6,,run
2026-08-14T13:28:37+03:00,1786703317,10661,58,3,33.6,54.7,,run
2026-08-14T13:28:42+03:00,1786703322,10666,58,3,33.6,48.8,,run
2026-08-14T13:28:47+03:00,1786703327,10671,58,3,33.6,47.6,,run
2026-08-14T13:28:53+03:00,1786703333,10677,58,3,33.6,47.3,,run
2026-08-14T13:28:58+03:00,1786703338,10682,58,3,33.6,44.8,,run
2026-08-14T13:29:03+03:00,1786703343,10687,58,3,33.6,45.1,,run
2026-08-14T13:29:08+03:00,1786703348,10692,58,3,33.6,44.8,,run
2026-08-14T13:29:14+03:00,1786703354,10698,58,3,33.6,43.9,,run
2026-08-14T13:29:19+03:00,1786703359,10703,58,3,33.6,45.7,,run
2026-08-14T13:29:24+03:00,1786703364,10708,58,3,33.6,48.8,,run
2026-08-14T13:29:29+03:00,1786703369,10713,58,3,33.6,51.3,,run
2026-08-14T13:29:35+03:00,1786703375,10719,58,3,33.6,45.7,,run
2026-08-14T13:29:40+03:00,1786703380,10724,58,3,33.6,44.8,,run
2026-08-14T13:29:45+03:00,1786703385,10729,58,3,33.6,46.3,,run
2026-08-14T13:29:50+03:00,1786703390,10734,58,3,33.6,49.7,,run
2026-08-14T13:29:55+03:00,1786703395,10739,58,3,33.6,57.8,,run
2026-08-14T13:30:01+03:00,1786703401,10745,58,3,33.6,50.4,,run
2026-08-14T13:30:06+03:00,1786703406,10750,58,3,33.6,46.0,,run
2026-08-14T13:30:11+03:00,1786703411,10755,58,3,33.6,44.5,,run
2026-08-14T13:30:17+03:00,1786703417,10761,58,3,33.6,43.2,,run
2026-08-14T13:30:22+03:00,1786703422,10766,58,3,33.6,44.2,,run
2026-08-14T13:30:27+03:00,1786703427,10771,58,3,33.6,43.2,,run
2026-08-14T13:30:32+03:00,1786703432,10776,58,3,33.6,43.2,,run
2026-08-14T13:30:37+03:00,1786703437,10781,58,3,33.6,56.9,,run
2026-08-14T13:30:43+03:00,1786703443,10787,58,3,33.6,48.2,,run
2026-08-14T13:30:48+03:00,1786703448,10792,58,3,33.6,49.1,,run
2026-08-14T13:30:54+03:00,1786703454,10798,58,3,33.6,48.2,,run
2026-08-14T13:30:59+03:00,1786703459,10803,58,3,33.7,45.4,,run
2026-08-14T13:31:04+03:00,1786703464,10808,58,3,33.7,43.9,,run
2026-08-14T13:31:09+03:00,1786703469,10813,58,3,33.7,46.0,,run
2026-08-14T13:31:15+03:00,1786703475,10819,58,3,33.7,45.7,,run
2026-08-14T13:31:20+03:00,1786703480,10824,58,3,33.7,45.7,,run
2026-08-14T13:31:25+03:00,1786703485,10829,58,3,33.7,44.2,,run
2026-08-14T13:31:30+03:00,1786703490,10834,58,3,33.7,44.2,,run
2026-08-14T13:31:35+03:00,1786703495,10839,58,3,33.7,52.5,,run
2026-08-14T13:31:41+03:00,1786703501,10845,58,3,33.7,45.4,,run
2026-08-14T13:31:46+03:00,1786703506,10850,58,3,33.7,45.1,,run
2026-08-14T13:31:51+03:00,1786703511,10855,58,3,33.7,53.8,,run
2026-08-14T13:31:56+03:00,1786703516,10860,58,3,33.7,57.5,,run
2026-08-14T13:32:02+03:00,1786703522,10866,58,3,33.7,49.4,,run
2026-08-14T13:32:07+03:00,1786703527,10871,58,3,33.7,45.1,,run
2026-08-14T13:32:12+03:00,1786703532,10876,58,3,33.7,43.2,,run
2026-08-14T13:32:17+03:00,1786703537,10881,58,3,33.7,43.2,,run
2026-08-14T13:32:23+03:00,1786703543,10887,58,3,33.7,42.9,,run
2026-08-14T13:32:28+03:00,1786703548,10892,58,3,33.7,43.9,,run
2026-08-14T13:32:33+03:00,1786703553,10897,58,3,33.7,43.9,,run
2026-08-14T13:32:38+03:00,1786703558,10902,58,3,33.7,55.6,,run
2026-08-14T13:32:44+03:00,1786703564,10908,58,3,33.7,47.3,,run
2026-08-14T13:32:49+03:00,1786703569,10913,58,3,33.7,44.2,,run
2026-08-14T13:32:54+03:00,1786703574,10918,58,3,33.7,49.1,,run
2026-08-14T13:33:00+03:00,1786703580,10924,58,3,33.7,47.9,,run
2026-08-14T13:33:05+03:00,1786703585,10929,58,3,33.7,45.7,,run
2026-08-14T13:33:10+03:00,1786703590,10934,58,3,33.7,44.5,,run
2026-08-14T13:33:15+03:00,1786703595,10939,58,3,33.7,44.5,,run
2026-08-14T13:33:21+03:00,1786703601,10945,58,3,33.7,44.8,,run
2026-08-14T13:33:26+03:00,1786703606,10950,58,3,33.7,49.4,,run
2026-08-14T13:33:31+03:00,1786703611,10955,58,3,33.7,45.4,,run
2026-08-14T13:33:36+03:00,1786703616,10960,58,3,33.7,44.5,,run
2026-08-14T13:33:42+03:00,1786703622,10966,58,3,33.7,48.2,,run
2026-08-14T13:33:47+03:00,1786703627,10971,58,3,33.7,46.0,,run
2026-08-14T13:33:52+03:00,1786703632,10976,58,3,33.7,54.1,,run
2026-08-14T13:33:57+03:00,1786703637,10981,58,3,33.7,51.9,,run
2026-08-14T13:34:03+03:00,1786703643,10987,58,3,33.7,47.0,,run
2026-08-14T13:34:08+03:00,1786703648,10992,58,3,33.7,44.5,,run
2026-08-14T13:34:13+03:00,1786703653,10997,58,3,33.7,46.0,,run
2026-08-14T13:34:18+03:00,1786703658,11002,58,3,33.7,45.4,,run
2026-08-14T13:34:23+03:00,1786703663,11007,58,3,33.7,43.6,,run
2026-08-14T13:34:29+03:00,1786703669,11013,58,3,33.7,43.9,,run
2026-08-14T13:34:34+03:00,1786703674,11018,58,3,33.7,46.3,,run
2026-08-14T13:34:39+03:00,1786703679,11023,58,3,33.7,49.4,,run
2026-08-14T13:34:44+03:00,1786703684,11028,58,3,33.7,45.1,,run
2026-08-14T13:34:50+03:00,1786703690,11034,58,3,33.7,45.4,,run
2026-08-14T13:34:55+03:00,1786703695,11039,58,3,33.7,45.1,,run
2026-08-14T13:35:00+03:00,1786703700,11044,58,3,33.7,46.7,,run
2026-08-14T13:35:05+03:00,1786703705,11049,58,3,33.7,46.3,,run
2026-08-14T13:35:10+03:00,1786703710,11054,57,3,33.9,47.0,,run
2026-08-14T13:35:16+03:00,1786703716,11060,57,3,33.9,46.7,,run
2026-08-14T13:35:21+03:00,1786703721,11065,57,3,33.9,46.0,,run
2026-08-14T13:35:26+03:00,1786703726,11070,57,3,33.9,45.1,,run
2026-08-14T13:35:31+03:00,1786703731,11075,57,3,33.9,44.2,,run
2026-08-14T13:35:37+03:00,1786703737,11081,57,3,33.9,48.5,,run
2026-08-14T13:35:42+03:00,1786703742,11086,57,3,33.9,44.8,,run
2026-08-14T13:35:47+03:00,1786703747,11091,57,3,33.9,47.0,,run
2026-08-14T13:35:52+03:00,1786703752,11096,57,3,33.9,55.3,,run
2026-08-14T13:35:58+03:00,1786703758,11102,57,3,33.9,47.9,,run
2026-08-14T13:36:04+03:00,1786703764,11108,57,3,33.9,44.8,,run
2026-08-14T13:36:09+03:00,1786703769,11113,57,3,33.9,43.9,,run
2026-08-14T13:36:14+03:00,1786703774,11118,57,3,33.9,44.2,,run
2026-08-14T13:36:19+03:00,1786703779,11123,57,3,33.9,42.9,,run
2026-08-14T13:36:25+03:00,1786703785,11129,57,3,33.9,43.6,,run
2026-08-14T13:36:30+03:00,1786703790,11134,57,3,33.9,45.4,,run
2026-08-14T13:36:35+03:00,1786703795,11139,57,3,33.9,57.2,,run
2026-08-14T13:36:41+03:00,1786703801,11145,57,3,33.9,47.6,,run
2026-08-14T13:36:46+03:00,1786703806,11150,57,3,33.9,44.8,,run
2026-08-14T13:36:51+03:00,1786703811,11155,57,3,33.9,44.8,,run
2026-08-14T13:36:56+03:00,1786703816,11160,57,3,33.9,45.1,,run
2026-08-14T13:37:01+03:00,1786703821,11165,57,3,33.9,44.2,,run
2026-08-14T13:37:07+03:00,1786703827,11171,57,3,33.9,44.2,,run
2026-08-14T13:37:12+03:00,1786703832,11176,57,3,33.9,51.6,,run
2026-08-14T13:37:17+03:00,1786703837,11181,57,3,33.9,46.7,,run
2026-08-14T13:37:22+03:00,1786703842,11186,57,3,33.9,44.5,,run
2026-08-14T13:37:28+03:00,1786703848,11192,57,3,33.9,43.9,,run
2026-08-14T13:37:33+03:00,1786703853,11197,57,3,33.9,44.5,,run
2026-08-14T13:37:38+03:00,1786703858,11202,57,3,33.9,43.9,,run
2026-08-14T13:37:43+03:00,1786703863,11207,57,3,33.9,46.0,,run
2026-08-14T13:37:48+03:00,1786703868,11212,57,3,33.9,51.9,,run
2026-08-14T13:37:54+03:00,1786703874,11218,57,3,33.9,55.9,,run
2026-08-14T13:37:59+03:00,1786703879,11223,57,3,33.9,50.7,,run
2026-08-14T13:38:04+03:00,1786703884,11228,57,3,33.9,47.0,,run
2026-08-14T13:38:10+03:00,1786703890,11234,57,3,33.9,44.8,,run
2026-08-14T13:38:15+03:00,1786703895,11239,57,3,33.9,43.2,,run
2026-08-14T13:38:20+03:00,1786703900,11244,57,3,33.9,43.6,,run
2026-08-14T13:38:25+03:00,1786703905,11249,57,3,33.9,44.2,,run
2026-08-14T13:38:30+03:00,1786703910,11254,57,3,33.9,45.7,,run
2026-08-14T13:38:36+03:00,1786703916,11260,57,3,33.9,51.9,,run
2026-08-14T13:38:41+03:00,1786703921,11265,57,3,33.9,50.1,,run
2026-08-14T13:38:46+03:00,1786703926,11270,57,3,33.9,45.7,,run
2026-08-14T13:38:51+03:00,1786703931,11275,57,3,33.9,46.3,,run
2026-08-14T13:38:57+03:00,1786703937,11281,57,3,33.9,43.9,,run
2026-08-14T13:39:02+03:00,1786703942,11286,57,3,33.9,44.5,,run
2026-08-14T13:39:07+03:00,1786703947,11291,57,3,33.9,44.5,,run
2026-08-14T13:39:12+03:00,1786703952,11296,57,3,33.9,44.2,,run
2026-08-14T13:39:18+03:00,1786703958,11302,57,3,33.9,49.1,,run
2026-08-14T13:39:23+03:00,1786703963,11307,57,3,33.9,50.7,,run
2026-08-14T13:39:28+03:00,1786703968,11312,57,3,33.9,46.3,,run
2026-08-14T13:39:33+03:00,1786703973,11317,57,3,33.9,44.5,,run
2026-08-14T13:39:38+03:00,1786703978,11322,57,3,33.9,43.6,,run
2026-08-14T13:39:44+03:00,1786703984,11328,57,3,33.9,44.2,,run
2026-08-14T13:39:49+03:00,1786703989,11333,57,3,33.9,52.8,,run
2026-08-14T13:39:54+03:00,1786703994,11338,57,3,33.9,46.7,,run
2026-08-14T13:40:00+03:00,1786704000,11344,57,3,33.9,44.8,,run
2026-08-14T13:40:05+03:00,1786704005,11349,57,3,33.9,44.8,,run
2026-08-14T13:40:10+03:00,1786704010,11354,57,3,33.9,46.0,,run
2026-08-14T13:40:15+03:00,1786704015,11359,57,3,33.9,44.8,,run
2026-08-14T13:40:20+03:00,1786704020,11364,57,3,33.9,44.2,,run
2026-08-14T13:40:26+03:00,1786704026,11370,57,3,33.9,43.6,,run
2026-08-14T13:40:31+03:00,1786704031,11375,57,3,33.9,56.5,,run
2026-08-14T13:40:36+03:00,1786704036,11380,57,3,33.9,45.4,,run
2026-08-14T13:40:42+03:00,1786704042,11386,57,3,33.9,45.4,,run
2026-08-14T13:40:47+03:00,1786704047,11391,57,3,33.9,45.4,,run
2026-08-14T13:40:52+03:00,1786704052,11396,57,3,33.9,43.9,,run
2026-08-14T13:40:57+03:00,1786704057,11401,57,3,33.7,45.1,,run
2026-08-14T13:41:03+03:00,1786704063,11407,57,3,33.7,44.5,,run
2026-08-14T13:41:08+03:00,1786704068,11412,57,3,33.7,44.5,,run
2026-08-14T13:41:13+03:00,1786704073,11417,57,3,33.7,43.6,,run
2026-08-14T13:41:18+03:00,1786704078,11422,57,3,33.7,47.6,,run
2026-08-14T13:41:23+03:00,1786704083,11427,57,3,33.7,49.4,,run
2026-08-14T13:41:29+03:00,1786704089,11433,57,3,33.7,49.1,,run
2026-08-14T13:41:34+03:00,1786704094,11438,57,3,33.7,45.4,,run
2026-08-14T13:41:39+03:00,1786704099,11443,57,3,33.7,44.2,,run
2026-08-14T13:41:44+03:00,1786704104,11448,57,3,33.7,51.3,,run
2026-08-14T13:41:50+03:00,1786704110,11454,57,3,33.7,55.3,,run
2026-08-14T13:41:55+03:00,1786704115,11459,57,3,33.7,45.1,,run
2026-08-14T13:42:00+03:00,1786704120,11464,57,3,33.7,43.9,,run
2026-08-14T13:42:05+03:00,1786704125,11469,57,3,33.7,43.9,,run
2026-08-14T13:42:11+03:00,1786704131,11475,57,3,33.7,48.8,,run
2026-08-14T13:42:16+03:00,1786704136,11480,57,3,33.7,45.1,,run
2026-08-14T13:42:21+03:00,1786704141,11485,57,3,33.7,42.9,,run
2026-08-14T13:42:26+03:00,1786704146,11490,57,3,33.7,48.8,,run
2026-08-14T13:42:31+03:00,1786704151,11495,57,3,33.7,52.2,,run
2026-08-14T13:42:37+03:00,1786704157,11501,57,3,33.7,45.4,,run
2026-08-14T13:42:42+03:00,1786704162,11506,57,3,33.7,47.0,,run
2026-08-14T13:42:47+03:00,1786704167,11511,57,3,33.7,44.8,,run
2026-08-14T13:42:52+03:00,1786704172,11516,57,3,33.7,45.1,,run
2026-08-14T13:42:58+03:00,1786704178,11522,57,3,33.7,43.9,,run
2026-08-14T13:43:03+03:00,1786704183,11527,57,3,33.7,43.6,,run
2026-08-14T13:43:08+03:00,1786704188,11532,57,3,33.7,47.9,,run
2026-08-14T13:43:13+03:00,1786704193,11537,57,3,33.7,48.5,,run
2026-08-14T13:43:18+03:00,1786704198,11542,57,3,33.7,45.1,,run
2026-08-14T13:43:24+03:00,1786704204,11548,57,3,33.7,44.2,,run
2026-08-14T13:43:29+03:00,1786704209,11553,57,3,33.7,47.9,,run
2026-08-14T13:43:34+03:00,1786704214,11558,57,3,33.7,47.0,,run
2026-08-14T13:43:39+03:00,1786704219,11563,57,3,33.7,44.8,,run
2026-08-14T13:43:45+03:00,1786704225,11569,56,3,33.7,53.8,,run
2026-08-14T13:43:50+03:00,1786704230,11574,56,3,33.7,45.1,,run
2026-08-14T13:43:55+03:00,1786704235,11579,56,3,33.7,46.0,,run
2026-08-14T13:44:01+03:00,1786704241,11585,56,3,33.7,45.4,,run
2026-08-14T13:44:06+03:00,1786704246,11590,56,3,33.7,42.6,,run
2026-08-14T13:44:11+03:00,1786704251,11595,56,3,33.7,42.6,,run
2026-08-14T13:44:16+03:00,1786704256,11600,56,3,33.7,47.9,,run
2026-08-14T13:44:21+03:00,1786704261,11605,56,3,33.7,49.4,,run
2026-08-14T13:44:27+03:00,1786704267,11611,56,3,33.7,54.4,,run
2026-08-14T13:44:32+03:00,1786704272,11616,56,3,33.7,46.7,,run
2026-08-14T13:44:37+03:00,1786704277,11621,56,3,33.7,49.7,,run
2026-08-14T13:44:42+03:00,1786704282,11626,56,3,33.7,48.8,,run
2026-08-14T13:44:48+03:00,1786704288,11632,56,3,33.7,44.8,,run
2026-08-14T13:44:53+03:00,1786704293,11637,56,3,33.7,45.1,,run
2026-08-14T13:44:58+03:00,1786704298,11642,56,3,33.7,43.6,,run
2026-08-14T13:45:03+03:00,1786704303,11647,56,3,33.7,43.2,,run
2026-08-14T13:45:08+03:00,1786704308,11652,56,3,33.7,46.0,,run
2026-08-14T13:45:14+03:00,1786704314,11658,56,3,33.7,44.8,,run
2026-08-14T13:45:19+03:00,1786704319,11663,56,3,33.7,44.2,,run
2026-08-14T13:45:24+03:00,1786704324,11668,56,3,33.7,46.3,,run
2026-08-14T13:45:29+03:00,1786704329,11673,56,3,33.7,44.5,,run
2026-08-14T13:45:35+03:00,1786704335,11679,56,3,33.7,44.2,,run
2026-08-14T13:45:40+03:00,1786704340,11684,56,3,33.7,53.1,,run
2026-08-14T13:45:45+03:00,1786704345,11689,56,3,33.7,58.7,,run
2026-08-14T13:45:50+03:00,1786704350,11694,56,3,33.7,46.3,,run
2026-08-14T13:45:56+03:00,1786704356,11700,56,3,33.7,45.1,,run
2026-08-14T13:46:01+03:00,1786704361,11705,56,3,33.7,44.2,,run
2026-08-14T13:46:06+03:00,1786704366,11710,56,3,33.7,44.2,,run
2026-08-14T13:46:11+03:00,1786704371,11715,56,3,33.7,42.6,,run
2026-08-14T13:46:16+03:00,1786704376,11720,56,3,33.7,43.9,,run
2026-08-14T13:46:22+03:00,1786704382,11726,56,3,33.7,48.5,,run
2026-08-14T13:46:27+03:00,1786704387,11731,56,3,33.7,51.0,,run
2026-08-14T13:46:32+03:00,1786704392,11736,56,3,33.7,46.0,,run
2026-08-14T13:46:38+03:00,1786704398,11742,56,3,33.7,47.3,,run
2026-08-14T13:46:43+03:00,1786704403,11747,56,3,33.7,45.1,,run
2026-08-14T13:46:48+03:00,1786704408,11752,56,3,33.7,45.1,,run
2026-08-14T13:46:53+03:00,1786704413,11757,56,3,33.7,46.0,,run
2026-08-14T13:46:58+03:00,1786704418,11762,56,3,33.7,46.3,,run
2026-08-14T13:47:04+03:00,1786704424,11768,56,3,33.7,44.5,,run
2026-08-14T13:47:09+03:00,1786704429,11773,56,3,33.7,44.8,,run
2026-08-14T13:47:14+03:00,1786704434,11778,56,3,33.7,45.4,,run
2026-08-14T13:47:19+03:00,1786704439,11783,56,3,33.7,44.5,,run
2026-08-14T13:47:25+03:00,1786704445,11789,56,3,33.7,43.6,,run
2026-08-14T13:47:30+03:00,1786704450,11794,56,3,33.7,43.9,,run
2026-08-14T13:47:35+03:00,1786704455,11799,56,3,33.7,45.1,,run
2026-08-14T13:47:40+03:00,1786704460,11804,56,3,33.7,54.7,,run
2026-08-14T13:47:46+03:00,1786704466,11810,56,3,33.7,52.2,,run
2026-08-14T13:47:52+03:00,1786704472,11816,56,3,33.7,46.7,,run
2026-08-14T13:47:57+03:00,1786704477,11821,56,3,33.7,46.3,,run
2026-08-14T13:48:02+03:00,1786704482,11826,56,3,33.7,43.9,,run
2026-08-14T13:48:07+03:00,1786704487,11831,56,3,33.7,43.6,,run
2026-08-14T13:48:12+03:00,1786704492,11836,56,3,33.7,43.6,,run
2026-08-14T13:48:18+03:00,1786704498,11842,56,3,33.7,42.6,,run
2026-08-14T13:48:23+03:00,1786704503,11847,56,3,33.7,57.2,,run
2026-08-14T13:48:28+03:00,1786704508,11852,56,3,33.7,49.1,,run
2026-08-14T13:48:34+03:00,1786704514,11858,56,3,33.7,48.5,,run
2026-08-14T13:48:39+03:00,1786704519,11863,56,3,33.7,46.7,,run
2026-08-14T13:48:44+03:00,1786704524,11868,56,3,33.7,46.3,,run
2026-08-14T13:48:49+03:00,1786704529,11873,56,3,33.7,45.1,,run
2026-08-14T13:48:55+03:00,1786704535,11879,56,3,33.7,44.2,,run
2026-08-14T13:49:00+03:00,1786704540,11884,56,3,33.7,45.1,,run
2026-08-14T13:49:05+03:00,1786704545,11889,56,3,33.7,43.6,,run
2026-08-14T13:49:10+03:00,1786704550,11894,56,3,33.7,46.7,,run
2026-08-14T13:49:15+03:00,1786704555,11899,56,3,33.7,46.3,,run
2026-08-14T13:49:21+03:00,1786704561,11905,56,3,33.7,45.1,,run
2026-08-14T13:49:26+03:00,1786704566,11910,56,3,33.7,44.5,,run
2026-08-14T13:49:31+03:00,1786704571,11915,56,3,33.7,43.6,,run
2026-08-14T13:49:36+03:00,1786704576,11920,56,3,33.7,50.4,,run
2026-08-14T13:49:42+03:00,1786704582,11926,56,3,33.7,55.9,,run
2026-08-14T13:49:47+03:00,1786704587,11931,56,3,33.7,49.4,,run
2026-08-14T13:49:52+03:00,1786704592,11936,56,3,33.7,46.0,,run
2026-08-14T13:49:57+03:00,1786704597,11941,56,3,33.7,47.6,,run
2026-08-14T13:50:03+03:00,1786704603,11947,56,3,33.7,45.7,,run
2026-08-14T13:50:08+03:00,1786704608,11952,56,3,33.7,43.9,,run
2026-08-14T13:50:13+03:00,1786704613,11957,56,3,33.7,44.2,,run
2026-08-14T13:50:18+03:00,1786704618,11962,56,3,33.7,45.1,,run
2026-08-14T13:50:24+03:00,1786704624,11968,56,3,33.7,50.4,,run
2026-08-14T13:50:29+03:00,1786704629,11973,56,3,33.7,45.4,,run
2026-08-14T13:50:34+03:00,1786704634,11978,56,3,33.7,50.7,,run
2026-08-14T13:50:39+03:00,1786704639,11983,56,3,33.7,47.0,,run
2026-08-14T13:50:45+03:00,1786704645,11989,56,3,33.7,45.4,,run
2026-08-14T13:50:50+03:00,1786704650,11994,56,3,33.7,43.9,,run
2026-08-14T13:50:55+03:00,1786704655,11999,56,3,33.7,43.9,,run
2026-08-14T13:51:00+03:00,1786704660,12004,56,3,33.7,44.8,,run
2026-08-14T13:51:05+03:00,1786704665,12009,56,3,33.7,44.2,,run
2026-08-14T13:51:11+03:00,1786704671,12015,56,3,33.7,44.5,,run
2026-08-14T13:51:16+03:00,1786704676,12020,56,3,33.7,43.2,,run
2026-08-14T13:51:21+03:00,1786704681,12025,56,3,33.7,45.7,,run
2026-08-14T13:51:26+03:00,1786704686,12030,56,3,33.7,44.2,,run
2026-08-14T13:51:31+03:00,1786704691,12035,56,3,33.7,43.9,,run
2026-08-14T13:51:37+03:00,1786704697,12041,56,3,33.7,52.2,,run
2026-08-14T13:51:42+03:00,1786704702,12046,56,3,33.7,45.1,,run
2026-08-14T13:51:48+03:00,1786704708,12052,56,3,33.7,45.4,,run
2026-08-14T13:51:53+03:00,1786704713,12057,56,3,33.7,47.9,,run
2026-08-14T13:51:58+03:00,1786704718,12062,56,3,33.7,46.0,,run
2026-08-14T13:52:03+03:00,1786704723,12067,56,3,33.7,43.6,,run
2026-08-14T13:52:08+03:00,1786704728,12072,56,3,33.7,43.9,,run
2026-08-14T13:52:14+03:00,1786704734,12078,56,3,33.7,44.5,,run
2026-08-14T13:52:19+03:00,1786704739,12083,55,3,33.7,54.7,,run
2026-08-14T13:52:24+03:00,1786704744,12088,55,3,33.7,48.5,,run
2026-08-14T13:52:30+03:00,1786704750,12094,55,3,33.7,46.7,,run
2026-08-14T13:52:35+03:00,1786704755,12099,55,3,33.7,48.5,,run
2026-08-14T13:52:40+03:00,1786704760,12104,55,3,33.7,46.7,,run
2026-08-14T13:52:45+03:00,1786704765,12109,55,3,33.7,45.7,,run
2026-08-14T13:52:51+03:00,1786704771,12115,55,3,33.7,45.7,,run
2026-08-14T13:52:56+03:00,1786704776,12120,55,3,33.7,45.7,,run
2026-08-14T13:53:01+03:00,1786704781,12125,55,3,33.7,43.9,,run
2026-08-14T13:53:06+03:00,1786704786,12130,55,3,33.7,44.8,,run
2026-08-14T13:53:11+03:00,1786704791,12135,55,3,33.7,44.2,,run
2026-08-14T13:53:17+03:00,1786704797,12141,55,3,33.7,43.9,,run
2026-08-14T13:53:22+03:00,1786704802,12146,55,3,33.7,44.2,,run
2026-08-14T13:53:27+03:00,1786704807,12151,55,3,33.7,46.3,,run
2026-08-14T13:53:32+03:00,1786704812,12156,55,3,33.7,54.1,,run
2026-08-14T13:53:37+03:00,1786704817,12161,55,3,33.7,57.8,,run
2026-08-14T13:53:43+03:00,1786704823,12167,55,3,33.7,47.3,,run
2026-08-14T13:53:48+03:00,1786704828,12172,55,3,33.7,44.2,,run
2026-08-14T13:53:53+03:00,1786704833,12177,55,3,33.7,45.4,,run
2026-08-14T13:53:58+03:00,1786704838,12182,55,3,33.7,47.0,,run
2026-08-14T13:54:04+03:00,1786704844,12188,55,3,33.7,44.2,,run
2026-08-14T13:54:09+03:00,1786704849,12193,55,3,33.7,44.2,,run
2026-08-14T13:54:14+03:00,1786704854,12198,55,3,33.7,46.3,,run
2026-08-14T13:54:19+03:00,1786704859,12203,55,3,33.7,52.2,,run
2026-08-14T13:54:25+03:00,1786704865,12209,55,3,33.7,45.7,,run
2026-08-14T13:54:30+03:00,1786704870,12214,55,3,33.7,44.5,,run
2026-08-14T13:54:35+03:00,1786704875,12219,55,3,33.7,46.3,,run
2026-08-14T13:54:40+03:00,1786704880,12224,55,3,33.7,50.7,,run
2026-08-14T13:54:46+03:00,1786704886,12230,55,3,33.7,47.3,,run
2026-08-14T13:54:51+03:00,1786704891,12235,55,3,33.7,45.1,,run
2026-08-14T13:54:56+03:00,1786704896,12240,55,3,33.7,44.2,,run
2026-08-14T13:55:01+03:00,1786704901,12245,55,3,33.7,43.9,,run
2026-08-14T13:55:06+03:00,1786704906,12250,55,3,33.7,43.9,,run
2026-08-14T13:55:12+03:00,1786704912,12256,55,3,33.7,45.4,,run
2026-08-14T13:55:17+03:00,1786704917,12261,55,3,33.7,43.9,,run
2026-08-14T13:55:22+03:00,1786704922,12266,55,3,33.7,44.5,,run
2026-08-14T13:55:27+03:00,1786704927,12271,55,3,33.7,43.9,,run
2026-08-14T13:55:33+03:00,1786704933,12277,55,3,33.7,53.8,,run
2026-08-14T13:55:38+03:00,1786704938,12282,55,3,33.7,45.7,,run
2026-08-14T13:55:43+03:00,1786704943,12287,55,3,33.7,46.0,,run
2026-08-14T13:55:49+03:00,1786704949,12293,55,3,33.7,44.5,,run
2026-08-14T13:55:54+03:00,1786704954,12298,55,3,33.7,48.2,,run
2026-08-14T13:55:59+03:00,1786704959,12303,55,3,33.7,45.4,,run
2026-08-14T13:56:04+03:00,1786704964,12308,55,3,33.7,46.3,,run
2026-08-14T13:56:09+03:00,1786704969,12313,55,3,33.7,44.8,,run
2026-08-14T13:56:15+03:00,1786704975,12319,55,3,33.7,53.8,,run
2026-08-14T13:56:20+03:00,1786704980,12324,55,3,33.7,46.3,,run
2026-08-14T13:56:25+03:00,1786704985,12329,55,3,33.7,44.5,,run
2026-08-14T13:56:30+03:00,1786704990,12334,55,3,33.7,43.9,,run
2026-08-14T13:56:36+03:00,1786704996,12340,55,3,33.7,50.1,,run
2026-08-14T13:56:41+03:00,1786705001,12345,55,3,33.7,48.2,,run
2026-08-14T13:56:46+03:00,1786705006,12350,55,3,33.7,53.5,,run
2026-08-14T13:56:51+03:00,1786705011,12355,55,3,33.7,47.3,,run
2026-08-14T13:56:56+03:00,1786705016,12360,55,3,33.7,46.0,,run
2026-08-14T13:57:02+03:00,1786705022,12366,55,3,33.7,43.9,,run
2026-08-14T13:57:07+03:00,1786705027,12371,55,3,33.7,43.9,,run
2026-08-14T13:57:12+03:00,1786705032,12376,55,3,33.7,43.6,,run
2026-08-14T13:57:17+03:00,1786705037,12381,55,3,33.7,45.7,,run
2026-08-14T13:57:23+03:00,1786705043,12387,55,3,33.7,45.1,,run
2026-08-14T13:57:28+03:00,1786705048,12392,55,3,33.7,51.9,,run
2026-08-14T13:57:33+03:00,1786705053,12397,55,3,33.7,48.5,,run
2026-08-14T13:57:38+03:00,1786705058,12402,55,3,33.7,46.3,,run
2026-08-14T13:57:43+03:00,1786705063,12407,55,3,33.7,44.8,,run
2026-08-14T13:57:49+03:00,1786705069,12413,55,3,33.7,43.6,,run
2026-08-14T13:57:54+03:00,1786705074,12418,55,3,33.7,42.9,,run
2026-08-14T13:57:59+03:00,1786705079,12423,55,3,33.7,44.2,,run
2026-08-14T13:58:04+03:00,1786705084,12428,55,3,33.7,49.7,,run
2026-08-14T13:58:10+03:00,1786705090,12434,55,3,33.7,54.1,,run
2026-08-14T13:58:15+03:00,1786705095,12439,55,3,33.7,50.1,,run
2026-08-14T13:58:20+03:00,1786705100,12444,55,3,33.7,45.7,,run
2026-08-14T13:58:26+03:00,1786705106,12450,55,3,33.7,45.1,,run
2026-08-14T13:58:31+03:00,1786705111,12455,55,3,33.7,44.8,,run
2026-08-14T13:58:36+03:00,1786705116,12460,55,3,33.7,43.9,,run
2026-08-14T13:58:41+03:00,1786705121,12465,55,3,33.7,45.4,,run
2026-08-14T13:58:47+03:00,1786705127,12471,55,3,33.7,49.7,,run
2026-08-14T13:58:52+03:00,1786705132,12476,55,3,33.7,48.5,,run
2026-08-14T13:58:57+03:00,1786705137,12481,55,3,33.7,45.1,,run
2026-08-14T13:59:02+03:00,1786705142,12486,55,3,33.7,44.2,,run
2026-08-14T13:59:07+03:00,1786705147,12491,55,3,33.7,44.2,,run
2026-08-14T13:59:13+03:00,1786705153,12497,55,3,33.7,43.9,,run
2026-08-14T13:59:18+03:00,1786705158,12502,55,3,33.7,44.8,,run
2026-08-14T13:59:23+03:00,1786705163,12507,55,3,33.7,46.3,,run
2026-08-14T13:59:28+03:00,1786705168,12512,55,3,33.7,54.1,,run
2026-08-14T13:59:34+03:00,1786705174,12518,55,3,33.7,49.1,,run
2026-08-14T13:59:39+03:00,1786705179,12523,55,3,33.7,43.6,,run
2026-08-14T13:59:44+03:00,1786705184,12528,55,3,33.7,42.9,,run
2026-08-14T13:59:50+03:00,1786705190,12534,55,3,33.7,42.9,,run
2026-08-14T13:59:55+03:00,1786705195,12539,55,3,33.7,42.6,,run
2026-08-14T14:00:00+03:00,1786705200,12544,55,3,33.7,43.2,,run
2026-08-14T14:00:05+03:00,1786705205,12549,55,3,33.7,47.6,,run
2026-08-14T14:00:11+03:00,1786705211,12555,55,3,33.7,55.9,,run
2026-08-14T14:00:16+03:00,1786705216,12560,55,3,33.7,49.4,,run
2026-08-14T14:00:21+03:00,1786705221,12565,55,3,33.7,47.0,,run
2026-08-14T14:00:26+03:00,1786705226,12570,55,3,33.7,44.5,,run
2026-08-14T14:00:32+03:00,1786705232,12576,55,3,33.7,43.9,,run
2026-08-14T14:00:37+03:00,1786705237,12581,55,3,33.7,44.5,,run
2026-08-14T14:00:42+03:00,1786705242,12586,55,3,33.7,44.8,,run
2026-08-14T14:00:47+03:00,1786705247,12591,55,3,33.7,46.7,,run
2026-08-14T14:00:52+03:00,1786705252,12596,55,3,33.7,49.4,,run
2026-08-14T14:00:58+03:00,1786705258,12602,55,3,33.7,48.2,,run
2026-08-14T14:01:03+03:00,1786705263,12607,55,3,33.7,46.3,,run
2026-08-14T14:01:08+03:00,1786705268,12612,55,3,33.7,45.4,,run
2026-08-14T14:01:13+03:00,1786705273,12617,55,3,33.7,44.5,,run
2026-08-14T14:01:19+03:00,1786705279,12623,55,3,33.7,45.1,,run
2026-08-14T14:01:24+03:00,1786705284,12628,55,3,33.7,53.5,,run
2026-08-14T14:01:29+03:00,1786705289,12633,55,3,33.7,49.7,,run
2026-08-14T14:01:34+03:00,1786705294,12638,55,3,33.7,46.7,,run
2026-08-14T14:01:40+03:00,1786705300,12644,55,3,33.7,43.6,,run
2026-08-14T14:01:45+03:00,1786705305,12649,55,3,33.7,43.9,,run
2026-08-14T14:01:50+03:00,1786705310,12654,55,3,33.7,42.9,,run
2026-08-14T14:01:55+03:00,1786705315,12659,54,3,33.8,43.2,,run
2026-08-14T14:02:00+03:00,1786705320,12664,54,3,33.8,43.9,,run
2026-08-14T14:02:06+03:00,1786705326,12670,54,3,33.8,51.9,,run
2026-08-14T14:02:11+03:00,1786705331,12675,54,3,33.8,47.9,,run
2026-08-14T14:02:16+03:00,1786705336,12680,54,3,33.8,47.9,,run
2026-08-14T14:02:22+03:00,1786705342,12686,54,3,33.8,46.3,,run
2026-08-14T14:02:27+03:00,1786705347,12691,54,3,33.8,45.7,,run
2026-08-14T14:02:32+03:00,1786705352,12696,54,3,33.8,44.5,,run
2026-08-14T14:02:37+03:00,1786705357,12701,54,3,33.8,44.5,,run
2026-08-14T14:02:43+03:00,1786705363,12707,54,3,33.8,47.0,,run
2026-08-14T14:02:48+03:00,1786705368,12712,54,3,33.8,44.5,,run
2026-08-14T14:02:53+03:00,1786705373,12717,54,3,33.8,43.9,,run
2026-08-14T14:02:58+03:00,1786705378,12722,54,3,33.8,49.4,,run
2026-08-14T14:03:03+03:00,1786705383,12727,54,3,33.8,47.3,,run
2026-08-14T14:03:09+03:00,1786705389,12733,54,3,33.8,45.4,,run
2026-08-14T14:03:14+03:00,1786705394,12738,54,3,33.8,45.7,,run
2026-08-14T14:03:19+03:00,1786705399,12743,54,3,33.8,46.7,,run
2026-08-14T14:03:24+03:00,1786705404,12748,54,3,33.8,55.0,,run
2026-08-14T14:03:30+03:00,1786705410,12754,54,3,33.8,47.9,,run
2026-08-14T14:03:35+03:00,1786705415,12759,54,3,33.8,45.1,,run
2026-08-14T14:03:40+03:00,1786705420,12764,54,3,33.8,43.9,,run
2026-08-14T14:03:45+03:00,1786705425,12769,54,3,33.8,43.6,,run
2026-08-14T14:03:51+03:00,1786705431,12775,54,3,33.8,43.2,,run
2026-08-14T14:03:56+03:00,1786705436,12780,54,3,33.8,45.4,,run
2026-08-14T14:04:01+03:00,1786705441,12785,54,3,33.8,43.9,,run
2026-08-14T14:04:06+03:00,1786705446,12790,54,3,33.8,55.6,,run
2026-08-14T14:04:12+03:00,1786705452,12796,54,3,33.8,46.7,,run
2026-08-14T14:04:17+03:00,1786705457,12801,54,3,33.8,45.1,,run
2026-08-14T14:04:22+03:00,1786705462,12806,54,3,33.8,51.9,,run
2026-08-14T14:04:27+03:00,1786705467,12811,54,3,33.8,47.9,,run
2026-08-14T14:04:33+03:00,1786705473,12817,54,3,33.8,44.5,,run
2026-08-14T14:04:38+03:00,1786705478,12822,54,3,33.8,48.5,,run
2026-08-14T14:04:43+03:00,1786705483,12827,54,3,33.8,47.3,,run
2026-08-14T14:04:48+03:00,1786705488,12832,54,3,33.8,44.8,,run
2026-08-14T14:04:53+03:00,1786705493,12837,54,3,33.8,45.4,,run
2026-08-14T14:04:59+03:00,1786705499,12843,54,3,33.8,44.2,,run
2026-08-14T14:05:04+03:00,1786705504,12848,54,3,33.8,47.9,,run
2026-08-14T14:05:09+03:00,1786705509,12853,54,3,33.8,52.5,,run
2026-08-14T14:05:14+03:00,1786705514,12858,54,3,33.8,47.9,,run
2026-08-14T14:05:20+03:00,1786705520,12864,54,3,33.8,50.4,,run
2026-08-14T14:05:25+03:00,1786705525,12869,54,3,33.8,48.5,,run
2026-08-14T14:05:30+03:00,1786705530,12874,54,3,33.8,47.9,,run
2026-08-14T14:05:35+03:00,1786705535,12879,54,3,33.8,44.8,,run
2026-08-14T14:05:40+03:00,1786705540,12884,54,3,33.8,43.6,,run
2026-08-14T14:05:46+03:00,1786705546,12890,54,3,33.8,43.9,,run
2026-08-14T14:05:51+03:00,1786705551,12895,54,3,33.8,43.2,,run
2026-08-14T14:05:56+03:00,1786705556,12900,54,3,33.8,45.1,,run
2026-08-14T14:06:01+03:00,1786705561,12905,54,3,33.8,52.5,,run
2026-08-14T14:06:07+03:00,1786705567,12911,54,3,33.8,49.4,,run
2026-08-14T14:06:12+03:00,1786705572,12916,54,3,33.8,45.1,,run
2026-08-14T14:06:17+03:00,1786705577,12921,54,3,33.8,47.3,,run
2026-08-14T14:06:23+03:00,1786705583,12927,54,3,33.8,45.7,,run
2026-08-14T14:06:28+03:00,1786705588,12932,54,3,33.8,49.4,,run
2026-08-14T14:06:33+03:00,1786705593,12937,54,3,33.8,46.7,,run
2026-08-14T14:06:38+03:00,1786705598,12942,54,3,33.8,47.6,,run
2026-08-14T14:06:43+03:00,1786705603,12947,54,3,33.8,47.9,,run
2026-08-14T14:06:49+03:00,1786705609,12953,54,3,33.8,48.8,,run
2026-08-14T14:06:54+03:00,1786705614,12958,54,3,33.8,47.3,,run
2026-08-14T14:06:59+03:00,1786705619,12963,54,3,33.8,46.0,,run
2026-08-14T14:07:04+03:00,1786705624,12968,54,3,33.8,46.0,,run
2026-08-14T14:07:10+03:00,1786705630,12974,54,3,33.8,48.2,,run
2026-08-14T14:07:15+03:00,1786705635,12979,54,3,33.8,53.5,,run
2026-08-14T14:07:20+03:00,1786705640,12984,54,3,33.8,56.5,,run
2026-08-14T14:07:26+03:00,1786705646,12990,54,3,33.8,49.4,,run
2026-08-14T14:07:31+03:00,1786705651,12995,54,3,33.8,44.8,,run
2026-08-14T14:07:36+03:00,1786705656,13000,54,3,33.8,44.8,,run
2026-08-14T14:07:41+03:00,1786705661,13005,54,3,33.8,48.2,,run
2026-08-14T14:07:47+03:00,1786705667,13011,54,3,33.8,50.1,,run
2026-08-14T14:07:52+03:00,1786705672,13016,54,3,33.8,46.0,,run
2026-08-14T14:07:57+03:00,1786705677,13021,54,3,33.8,47.0,,run
2026-08-14T14:08:02+03:00,1786705682,13026,54,3,33.8,44.8,,run
2026-08-14T14:08:07+03:00,1786705687,13031,54,3,33.8,44.8,,run
2026-08-14T14:08:13+03:00,1786705693,13037,54,3,33.8,45.4,,run
2026-08-14T14:08:18+03:00,1786705698,13042,54,3,33.8,44.2,,run
2026-08-14T14:08:23+03:00,1786705703,13047,54,3,33.8,45.1,,run
2026-08-14T14:08:28+03:00,1786705708,13052,54,3,33.8,46.3,,run
2026-08-14T14:08:34+03:00,1786705714,13058,54,3,33.8,51.6,,run
2026-08-14T14:08:39+03:00,1786705719,13063,54,3,33.8,47.6,,run
2026-08-14T14:08:44+03:00,1786705724,13068,54,3,33.8,45.7,,run
2026-08-14T14:08:49+03:00,1786705729,13073,54,3,33.8,45.7,,run
2026-08-14T14:08:55+03:00,1786705735,13079,54,3,33.8,45.4,,run
2026-08-14T14:09:00+03:00,1786705740,13084,54,3,33.8,54.1,,run
2026-08-14T14:09:05+03:00,1786705745,13089,54,3,33.8,48.2,,run
2026-08-14T14:09:11+03:00,1786705751,13095,54,3,33.8,46.3,,run
2026-08-14T14:09:16+03:00,1786705756,13100,54,3,33.8,46.3,,run
2026-08-14T14:09:21+03:00,1786705761,13105,54,3,33.8,51.3,,run
2026-08-14T14:09:26+03:00,1786705766,13110,54,3,33.8,55.9,,run
2026-08-14T14:09:32+03:00,1786705772,13116,54,3,33.8,46.0,,run
2026-08-14T14:09:37+03:00,1786705777,13121,54,3,33.8,46.3,,run
2026-08-14T14:09:42+03:00,1786705782,13126,54,3,33.8,47.9,,run
2026-08-14T14:09:47+03:00,1786705787,13131,54,3,33.8,45.1,,run
2026-08-14T14:09:53+03:00,1786705793,13137,54,3,33.8,48.5,,run
2026-08-14T14:09:58+03:00,1786705798,13142,54,3,33.8,49.1,,run
2026-08-14T14:10:03+03:00,1786705803,13147,54,3,33.8,46.0,,run
2026-08-14T14:10:08+03:00,1786705808,13152,54,3,33.8,45.1,,run
2026-08-14T14:10:13+03:00,1786705813,13157,54,3,33.8,45.1,,run
2026-08-14T14:10:19+03:00,1786705819,13163,54,3,33.8,46.7,,run
2026-08-14T14:10:24+03:00,1786705824,13168,54,3,33.8,45.1,,run
2026-08-14T14:10:29+03:00,1786705829,13173,53,3,34.3,45.4,,run
2026-08-14T14:10:34+03:00,1786705834,13178,53,3,34.3,44.8,,run
2026-08-14T14:10:40+03:00,1786705840,13184,53,3,34.3,56.2,,run
2026-08-14T14:10:45+03:00,1786705845,13189,53,3,34.3,52.2,,run
2026-08-14T14:10:50+03:00,1786705850,13194,53,3,34.3,48.2,,run
2026-08-14T14:10:55+03:00,1786705855,13199,53,3,34.3,44.5,,run
2026-08-14T14:11:01+03:00,1786705861,13205,53,3,34.3,45.7,,run
2026-08-14T14:11:06+03:00,1786705866,13210,53,3,34.3,54.7,,run
2026-08-14T14:11:11+03:00,1786705871,13215,53,3,34.3,47.3,,run
2026-08-14T14:11:16+03:00,1786705876,13220,53,3,34.3,45.7,,run
2026-08-14T14:11:22+03:00,1786705882,13226,53,3,34.3,47.6,,run
2026-08-14T14:11:27+03:00,1786705887,13231,53,3,34.3,51.3,,run
2026-08-14T14:11:32+03:00,1786705892,13236,53,3,34.3,49.4,,run
2026-08-14T14:11:37+03:00,1786705897,13241,53,3,34.3,47.0,,run
2026-08-14T14:11:43+03:00,1786705903,13247,53,3,34.3,46.0,,run
2026-08-14T14:11:48+03:00,1786705908,13252,53,3,34.3,45.7,,run
2026-08-14T14:11:53+03:00,1786705913,13257,53,3,34.3,46.0,,run
2026-08-14T14:11:58+03:00,1786705918,13262,53,3,34.3,45.7,,run
2026-08-14T14:12:03+03:00,1786705923,13267,53,3,34.3,45.7,,run
2026-08-14T14:12:09+03:00,1786705929,13273,53,3,34.3,46.0,,run
2026-08-14T14:12:14+03:00,1786705934,13278,53,3,34.3,46.0,,run
2026-08-14T14:12:19+03:00,1786705939,13283,53,3,34.3,51.9,,run
2026-08-14T14:12:24+03:00,1786705944,13288,53,3,34.3,50.1,,run
2026-08-14T14:12:30+03:00,1786705950,13294,53,3,34.3,47.0,,run
2026-08-14T14:12:35+03:00,1786705955,13299,53,3,34.3,44.8,,run
2026-08-14T14:12:40+03:00,1786705960,13304,53,3,34.3,44.2,,run
2026-08-14T14:12:45+03:00,1786705965,13309,53,3,34.3,44.2,,run
2026-08-14T14:12:51+03:00,1786705971,13315,53,3,34.3,48.2,,run
2026-08-14T14:12:56+03:00,1786705976,13320,53,3,34.3,47.0,,run
2026-08-14T14:13:01+03:00,1786705981,13325,53,3,34.3,46.7,,run
2026-08-14T14:13:06+03:00,1786705986,13330,53,3,34.3,49.4,,run
2026-08-14T14:13:12+03:00,1786705992,13336,53,3,34.3,47.6,,run
2026-08-14T14:13:17+03:00,1786705997,13341,53,3,34.3,45.1,,run
2026-08-14T14:13:22+03:00,1786706002,13346,53,3,34.3,45.4,,run
2026-08-14T14:13:27+03:00,1786706007,13351,53,3,34.3,46.0,,run
2026-08-14T14:13:32+03:00,1786706012,13356,53,3,34.3,49.1,,run
2026-08-14T14:13:38+03:00,1786706018,13362,53,3,34.3,47.9,,run
2026-08-14T14:13:43+03:00,1786706023,13367,53,3,34.3,47.9,,run
2026-08-14T14:13:48+03:00,1786706028,13372,53,3,34.3,46.3,,run
2026-08-14T14:13:53+03:00,1786706033,13377,53,3,34.3,45.1,,run
2026-08-14T14:13:59+03:00,1786706039,13383,53,3,34.3,45.1,,run
2026-08-14T14:14:04+03:00,1786706044,13388,53,3,34.3,44.8,,run
2026-08-14T14:14:09+03:00,1786706049,13393,53,3,34.3,45.1,,run
2026-08-14T14:14:14+03:00,1786706054,13398,53,3,34.3,49.7,,run
2026-08-14T14:14:19+03:00,1786706059,13403,53,3,34.3,57.8,,run
2026-08-14T14:14:25+03:00,1786706065,13409,53,3,34.3,47.0,,run
2026-08-14T14:14:30+03:00,1786706070,13414,53,3,34.3,45.7,,run
2026-08-14T14:14:35+03:00,1786706075,13419,53,3,34.3,44.5,,run
2026-08-14T14:14:41+03:00,1786706081,13425,53,3,34.3,44.2,,run
2026-08-14T14:14:46+03:00,1786706086,13430,53,3,34.3,44.2,,run
2026-08-14T14:14:51+03:00,1786706091,13435,53,3,34.3,50.1,,run
2026-08-14T14:14:56+03:00,1786706096,13440,53,3,34.3,46.0,,run
2026-08-14T14:15:02+03:00,1786706102,13446,53,3,34.3,57.8,,run
2026-08-14T14:15:07+03:00,1786706107,13451,53,3,34.3,47.3,,run
2026-08-14T14:15:12+03:00,1786706112,13456,53,3,34.3,45.4,,run
2026-08-14T14:15:18+03:00,1786706118,13462,53,3,34.3,44.8,,run
2026-08-14T14:15:23+03:00,1786706123,13467,53,3,34.3,47.6,,run
2026-08-14T14:15:28+03:00,1786706128,13472,53,3,34.3,46.0,,run
2026-08-14T14:15:33+03:00,1786706133,13477,53,3,34.3,46.0,,run
2026-08-14T14:15:39+03:00,1786706139,13483,53,3,34.3,53.1,,run
2026-08-14T14:15:44+03:00,1786706144,13488,53,3,34.3,49.4,,run
2026-08-14T14:15:49+03:00,1786706149,13493,53,3,34.3,47.0,,run
2026-08-14T14:15:55+03:00,1786706155,13499,53,3,34.3,47.3,,run
2026-08-14T14:16:00+03:00,1786706160,13504,53,3,34.3,46.3,,run
2026-08-14T14:16:05+03:00,1786706165,13509,53,3,34.3,45.4,,run
2026-08-14T14:16:10+03:00,1786706170,13514,53,3,34.3,45.1,,run
2026-08-14T14:16:15+03:00,1786706175,13519,53,3,34.3,54.7,,run
2026-08-14T14:16:21+03:00,1786706181,13525,53,3,34.3,53.1,,run
2026-08-14T14:16:26+03:00,1786706186,13530,53,3,34.3,47.3,,run
2026-08-14T14:16:31+03:00,1786706191,13535,53,3,34.3,47.3,,run
2026-08-14T14:16:36+03:00,1786706196,13540,53,3,34.3,45.7,,run
2026-08-14T14:16:42+03:00,1786706202,13546,53,3,34.3,44.2,,run
2026-08-14T14:16:47+03:00,1786706207,13551,53,3,34.3,44.5,,run
2026-08-14T14:16:52+03:00,1786706212,13556,53,3,34.3,49.4,,run
2026-08-14T14:16:57+03:00,1786706217,13561,53,3,34.3,53.5,,run
2026-08-14T14:17:03+03:00,1786706223,13567,53,3,34.3,53.1,,run
2026-08-14T14:17:08+03:00,1786706228,13572,53,3,34.3,48.2,,run
2026-08-14T14:17:13+03:00,1786706233,13577,53,3,34.3,47.0,,run
2026-08-14T14:17:18+03:00,1786706238,13582,53,3,34.3,46.7,,run
2026-08-14T14:17:23+03:00,1786706243,13587,53,3,34.3,45.7,,run
2026-08-14T14:17:29+03:00,1786706249,13593,53,3,34.3,46.0,,run
2026-08-14T14:17:34+03:00,1786706254,13598,53,3,34.3,45.7,,run
2026-08-14T14:17:39+03:00,1786706259,13603,53,3,34.3,50.7,,run
2026-08-14T14:17:44+03:00,1786706264,13608,53,3,34.3,49.7,,run
2026-08-14T14:17:50+03:00,1786706270,13614,53,3,34.3,46.7,,run
2026-08-14T14:17:55+03:00,1786706275,13619,53,3,34.3,46.0,,run
2026-08-14T14:18:00+03:00,1786706280,13624,53,3,34.3,48.2,,run
2026-08-14T14:18:05+03:00,1786706285,13629,53,3,34.3,46.3,,run
2026-08-14T14:18:10+03:00,1786706290,13634,53,3,34.3,45.1,,run
2026-08-14T14:18:16+03:00,1786706296,13640,53,3,34.3,54.1,,run
2026-08-14T14:18:21+03:00,1786706301,13645,53,3,34.3,47.6,,run
2026-08-14T14:18:27+03:00,1786706307,13651,53,3,34.3,47.3,,run
2026-08-14T14:18:32+03:00,1786706312,13656,53,3,34.3,44.8,,run
2026-08-14T14:18:37+03:00,1786706317,13661,53,3,34.3,45.4,,run
2026-08-14T14:18:42+03:00,1786706322,13666,53,3,34.3,55.6,,run
2026-08-14T14:18:48+03:00,1786706328,13672,53,3,34.3,47.9,,run
2026-08-14T14:18:53+03:00,1786706333,13677,53,3,34.3,45.4,,run
2026-08-14T14:18:58+03:00,1786706338,13682,53,3,34.3,49.4,,run
2026-08-14T14:19:03+03:00,1786706343,13687,53,3,34.3,48.5,,run
2026-08-14T14:19:08+03:00,1786706348,13692,53,3,34.3,48.5,,run
2026-08-14T14:19:14+03:00,1786706354,13698,53,3,34.3,47.0,,run
2026-08-14T14:19:19+03:00,1786706359,13703,53,3,34.3,46.7,,run
2026-08-14T14:19:24+03:00,1786706364,13708,53,3,34.3,45.4,,run
2026-08-14T14:19:29+03:00,1786706369,13713,53,3,34.3,45.4,,run
2026-08-14T14:19:35+03:00,1786706375,13719,53,3,34.3,45.7,,run
2026-08-14T14:19:40+03:00,1786706380,13724,53,3,34.3,47.0,,run
2026-08-14T14:19:45+03:00,1786706385,13729,53,3,34.3,52.8,,run
2026-08-14T14:19:50+03:00,1786706390,13734,53,3,34.3,49.7,,run
2026-08-14T14:19:55+03:00,1786706395,13739,53,3,34.3,56.2,,run
2026-08-14T14:20:01+03:00,1786706401,13745,53,3,34.3,48.5,,run
2026-08-14T14:20:06+03:00,1786706406,13750,52,3,34.9,48.8,,run
2026-08-14T14:20:11+03:00,1786706411,13755,52,3,34.9,44.8,,run
2026-08-14T14:20:17+03:00,1786706417,13761,52,3,34.9,47.3,,run
2026-08-14T14:20:22+03:00,1786706422,13766,52,3,34.9,44.5,,run
2026-08-14T14:20:27+03:00,1786706427,13771,52,3,34.9,44.5,,run
2026-08-14T14:20:32+03:00,1786706432,13776,52,3,34.9,43.9,,run
2026-08-14T14:20:37+03:00,1786706437,13781,52,3,34.9,55.6,,run
2026-08-14T14:20:43+03:00,1786706443,13787,52,3,34.9,49.1,,run
2026-08-14T14:20:48+03:00,1786706448,13792,52,3,34.9,46.0,,run
2026-08-14T14:20:54+03:00,1786706454,13798,52,3,34.9,45.7,,run
2026-08-14T14:20:59+03:00,1786706459,13803,52,3,34.7,48.5,,run
2026-08-14T14:21:04+03:00,1786706464,13808,52,3,34.7,52.8,,run
2026-08-14T14:21:09+03:00,1786706469,13813,52,3,34.7,48.8,,run
2026-08-14T14:21:14+03:00,1786706474,13818,52,3,34.7,47.3,,run
2026-08-14T14:21:20+03:00,1786706480,13824,52,3,34.7,45.7,,run
2026-08-14T14:21:25+03:00,1786706485,13829,52,3,34.7,45.7,,run
2026-08-14T14:21:30+03:00,1786706490,13834,52,3,34.7,51.9,,run
2026-08-14T14:21:35+03:00,1786706495,13839,52,3,34.7,50.4,,run
2026-08-14T14:21:41+03:00,1786706501,13845,52,3,34.7,47.6,,run
2026-08-14T14:21:46+03:00,1786706506,13850,52,3,34.7,45.7,,run
2026-08-14T14:21:51+03:00,1786706511,13855,52,3,34.7,46.0,,run
2026-08-14T14:21:56+03:00,1786706516,13860,52,3,34.7,56.2,,run
2026-08-14T14:22:02+03:00,1786706522,13866,52,3,34.7,48.2,,run
2026-08-14T14:22:07+03:00,1786706527,13871,52,3,34.7,45.1,,run
2026-08-14T14:22:12+03:00,1786706532,13876,52,3,34.7,46.3,,run
2026-08-14T14:22:17+03:00,1786706537,13881,52,3,34.7,44.2,,run
2026-08-14T14:22:23+03:00,1786706543,13887,52,3,34.7,46.7,,run
2026-08-14T14:22:28+03:00,1786706548,13892,52,3,34.7,47.0,,run
2026-08-14T14:22:33+03:00,1786706553,13897,52,3,34.7,45.4,,run
2026-08-14T14:22:38+03:00,1786706558,13902,52,3,34.7,51.6,,run
2026-08-14T14:22:44+03:00,1786706564,13908,52,3,34.7,50.1,,run
2026-08-14T14:22:49+03:00,1786706569,13913,52,3,34.7,50.4,,run
2026-08-14T14:22:54+03:00,1786706574,13918,52,3,34.7,52.8,,run
2026-08-14T14:23:00+03:00,1786706580,13924,52,3,34.7,47.6,,run
2026-08-14T14:23:05+03:00,1786706585,13929,52,3,34.7,46.7,,run
2026-08-14T14:23:10+03:00,1786706590,13934,52,3,34.7,48.8,,run
2026-08-14T14:23:15+03:00,1786706595,13939,52,3,34.7,49.1,,run
2026-08-14T14:23:21+03:00,1786706601,13945,52,3,34.7,53.8,,run
2026-08-14T14:23:26+03:00,1786706606,13950,52,3,34.7,47.9,,run
2026-08-14T14:23:31+03:00,1786706611,13955,52,3,34.7,45.7,,run
2026-08-14T14:23:36+03:00,1786706616,13960,52,3,34.7,46.0,,run
2026-08-14T14:23:41+03:00,1786706621,13965,52,3,34.7,47.9,,run
2026-08-14T14:23:47+03:00,1786706627,13971,52,3,34.7,46.7,,run
2026-08-14T14:23:52+03:00,1786706632,13976,52,3,34.7,45.7,,run
2026-08-14T14:23:57+03:00,1786706637,13981,52,3,34.7,55.6,,run
2026-08-14T14:24:03+03:00,1786706643,13987,52,3,34.7,48.2,,run
2026-08-14T14:24:08+03:00,1786706648,13992,52,3,34.7,46.0,,run
2026-08-14T14:24:13+03:00,1786706653,13997,52,3,34.7,44.2,,run
2026-08-14T14:24:18+03:00,1786706658,14002,52,3,34.7,44.5,,run
2026-08-14T14:24:24+03:00,1786706664,14008,52,3,34.7,50.7,,run
2026-08-14T14:24:29+03:00,1786706669,14013,52,3,34.7,45.7,,run
2026-08-14T14:24:34+03:00,1786706674,14018,52,3,34.7,45.7,,run
2026-08-14T14:24:39+03:00,1786706679,14023,52,3,34.7,59.0,,run
2026-08-14T14:24:45+03:00,1786706685,14029,52,3,34.7,51.9,,run
2026-08-14T14:24:50+03:00,1786706690,14034,52,3,34.7,48.2,,run
2026-08-14T14:24:55+03:00,1786706695,14039,52,3,34.7,45.7,,run
2026-08-14T14:25:00+03:00,1786706700,14044,52,3,34.7,45.1,,run
2026-08-14T14:25:06+03:00,1786706706,14050,52,3,34.7,54.7,,run
2026-08-14T14:25:11+03:00,1786706711,14055,52,3,34.7,47.3,,run
2026-08-14T14:25:16+03:00,1786706716,14060,52,3,34.7,49.1,,run
2026-08-14T14:25:21+03:00,1786706721,14065,52,3,34.7,48.2,,run
2026-08-14T14:25:26+03:00,1786706726,14070,52,3,34.7,47.3,,run
2026-08-14T14:25:32+03:00,1786706732,14076,52,3,34.7,48.5,,run
2026-08-14T14:25:37+03:00,1786706737,14081,52,3,34.7,46.0,,run
2026-08-14T14:25:42+03:00,1786706742,14086,52,3,34.7,45.4,,run
2026-08-14T14:25:47+03:00,1786706747,14091,52,3,34.7,46.7,,run
2026-08-14T14:25:53+03:00,1786706753,14097,52,3,34.7,54.1,,run
2026-08-14T14:25:58+03:00,1786706758,14102,52,3,34.7,54.7,,run
2026-08-14T14:26:03+03:00,1786706763,14107,52,3,34.7,46.7,,run
2026-08-14T14:26:08+03:00,1786706768,14112,52,3,34.7,45.7,,run
2026-08-14T14:26:13+03:00,1786706773,14117,52,3,34.7,44.2,,run
2026-08-14T14:26:19+03:00,1786706779,14123,52,3,34.7,45.4,,run
2026-08-14T14:26:24+03:00,1786706784,14128,52,3,34.7,48.5,,run
2026-08-14T14:26:29+03:00,1786706789,14133,52,3,34.7,45.7,,run
2026-08-14T14:26:34+03:00,1786706794,14138,52,3,34.7,49.4,,run
2026-08-14T14:26:40+03:00,1786706800,14144,52,3,34.7,52.8,,run
2026-08-14T14:26:45+03:00,1786706805,14149,52,3,34.7,46.3,,run
2026-08-14T14:26:50+03:00,1786706810,14154,52,3,34.7,46.0,,run
2026-08-14T14:26:55+03:00,1786706815,14159,52,3,34.7,47.6,,run
2026-08-14T14:27:01+03:00,1786706821,14165,52,3,34.7,47.0,,run
2026-08-14T14:27:06+03:00,1786706826,14170,52,3,34.7,46.3,,run
2026-08-14T14:27:11+03:00,1786706831,14175,52,3,34.7,53.5,,run
2026-08-14T14:27:16+03:00,1786706836,14180,52,3,34.7,49.4,,run
2026-08-14T14:27:22+03:00,1786706842,14186,52,3,34.7,45.4,,run
2026-08-14T14:27:27+03:00,1786706847,14191,52,3,34.7,45.7,,run
2026-08-14T14:27:32+03:00,1786706852,14196,52,3,34.7,46.0,,run
2026-08-14T14:27:37+03:00,1786706857,14201,52,3,34.7,49.1,,run
2026-08-14T14:27:42+03:00,1786706862,14206,52,3,34.7,47.9,,run
2026-08-14T14:27:48+03:00,1786706868,14212,52,3,34.7,45.4,,run
2026-08-14T14:27:53+03:00,1786706873,14217,52,3,34.7,55.0,,run
2026-08-14T14:27:58+03:00,1786706878,14222,52,3,34.7,46.7,,run
2026-08-14T14:28:04+03:00,1786706884,14228,52,3,34.7,45.7,,run
2026-08-14T14:28:09+03:00,1786706889,14233,52,3,34.7,43.9,,run
2026-08-14T14:28:14+03:00,1786706894,14238,52,3,34.7,44.5,,run
2026-08-14T14:28:19+03:00,1786706899,14243,52,3,34.7,43.6,,run
2026-08-14T14:28:24+03:00,1786706904,14248,52,3,34.7,43.6,,run
2026-08-14T14:28:30+03:00,1786706910,14254,52,3,34.7,52.5,,run
2026-08-14T14:28:35+03:00,1786706915,14259,52,3,34.7,57.2,,run
2026-08-14T14:28:41+03:00,1786706921,14265,51,3,34.8,48.5,,run
2026-08-14T14:28:46+03:00,1786706926,14270,51,3,34.8,47.6,,run
2026-08-14T14:28:51+03:00,1786706931,14275,51,3,34.8,46.0,,run
2026-08-14T14:28:56+03:00,1786706936,14280,51,3,34.8,46.0,,run
2026-08-14T14:29:02+03:00,1786706942,14286,51,3,34.8,47.9,,run
2026-08-14T14:29:07+03:00,1786706947,14291,51,3,34.8,46.0,,run
2026-08-14T14:29:12+03:00,1786706952,14296,51,3,34.8,48.2,,run
2026-08-14T14:29:17+03:00,1786706957,14301,51,3,34.8,53.1,,run
2026-08-14T14:29:22+03:00,1786706962,14306,51,3,34.8,49.1,,run
2026-08-14T14:29:28+03:00,1786706968,14312,51,3,34.8,46.7,,run
2026-08-14T14:29:33+03:00,1786706973,14317,51,3,34.8,47.0,,run
2026-08-14T14:29:38+03:00,1786706978,14322,51,3,34.8,46.0,,run
2026-08-14T14:29:43+03:00,1786706983,14327,51,3,34.8,45.7,,run
2026-08-14T14:29:49+03:00,1786706989,14333,51,3,34.8,53.8,,run
2026-08-14T14:29:54+03:00,1786706994,14338,51,3,34.8,57.5,,run
2026-08-14T14:29:59+03:00,1786706999,14343,51,3,34.8,49.1,,run
2026-08-14T14:30:05+03:00,1786707005,14349,51,3,34.8,44.8,,run
2026-08-14T14:30:10+03:00,1786707010,14354,51,3,34.8,44.5,,run
2026-08-14T14:30:15+03:00,1786707015,14359,51,3,34.8,44.5,,run
2026-08-14T14:30:20+03:00,1786707020,14364,51,3,34.8,43.6,,run
2026-08-14T14:30:25+03:00,1786707025,14369,51,3,34.8,44.8,,run
2026-08-14T14:30:31+03:00,1786707031,14375,51,3,34.8,47.6,,run
2026-08-14T14:30:36+03:00,1786707036,14380,51,3,34.8,55.6,,run
2026-08-14T14:30:41+03:00,1786707041,14385,51,3,34.8,49.7,,run
2026-08-14T14:30:47+03:00,1786707047,14391,51,3,34.8,49.7,,run
2026-08-14T14:30:52+03:00,1786707052,14396,51,3,34.8,45.7,,run
2026-08-14T14:30:57+03:00,1786707057,14401,51,3,34.8,46.0,,run
2026-08-14T14:31:02+03:00,1786707062,14406,51,3,34.8,46.0,,run
2026-08-14T14:31:07+03:00,1786707067,14411,51,3,34.8,46.3,,run
2026-08-14T14:31:13+03:00,1786707073,14417,51,3,34.8,45.4,,run
2026-08-14T14:31:18+03:00,1786707078,14422,51,3,34.8,50.7,,run
2026-08-14T14:31:23+03:00,1786707083,14427,51,3,34.8,51.3,,run
2026-08-14T14:31:28+03:00,1786707088,14432,51,3,34.8,49.4,,run
2026-08-14T14:31:34+03:00,1786707094,14438,51,3,34.8,46.3,,run
2026-08-14T14:31:39+03:00,1786707099,14443,51,3,34.8,46.3,,run
2026-08-14T14:31:44+03:00,1786707104,14448,51,3,34.8,44.8,,run
2026-08-14T14:31:49+03:00,1786707109,14453,51,3,34.8,55.9,,run
2026-08-14T14:31:55+03:00,1786707115,14459,51,3,34.8,47.0,,run
2026-08-14T14:32:00+03:00,1786707120,14464,51,3,34.8,46.7,,run
2026-08-14T14:32:05+03:00,1786707125,14469,51,3,34.8,50.4,,run
2026-08-14T14:32:11+03:00,1786707131,14475,51,3,34.8,45.1,,run
2026-08-14T14:32:16+03:00,1786707136,14480,51,3,34.8,43.9,,run
2026-08-14T14:32:21+03:00,1786707141,14485,51,3,34.8,44.8,,run
2026-08-14T14:32:26+03:00,1786707146,14490,51,3,34.8,46.0,,run
2026-08-14T14:32:32+03:00,1786707152,14496,51,3,34.8,58.1,,run
2026-08-14T14:32:37+03:00,1786707157,14501,51,3,34.8,47.3,,run
2026-08-14T14:32:42+03:00,1786707162,14506,51,3,34.8,51.3,,run
2026-08-14T14:32:48+03:00,1786707168,14512,51,3,34.8,47.0,,run
2026-08-14T14:32:53+03:00,1786707173,14517,51,3,34.8,45.7,,run
2026-08-14T14:32:58+03:00,1786707178,14522,51,3,34.8,47.3,,run
2026-08-14T14:33:03+03:00,1786707183,14527,51,3,34.8,47.0,,run
2026-08-14T14:33:09+03:00,1786707189,14533,51,3,34.8,51.6,,run
2026-08-14T14:33:14+03:00,1786707194,14538,51,3,34.8,48.2,,run
2026-08-14T14:33:19+03:00,1786707199,14543,51,3,34.8,47.6,,run
2026-08-14T14:33:24+03:00,1786707204,14548,51,3,34.8,45.7,,run
2026-08-14T14:33:29+03:00,1786707209,14553,51,3,34.8,49.1,,run
2026-08-14T14:33:35+03:00,1786707215,14559,51,3,34.8,48.2,,run
2026-08-14T14:33:40+03:00,1786707220,14564,51,3,34.8,48.5,,run
2026-08-14T14:33:45+03:00,1786707225,14569,51,3,34.8,52.2,,run
2026-08-14T14:33:50+03:00,1786707230,14574,51,3,34.8,51.0,,run
2026-08-14T14:33:56+03:00,1786707236,14580,51,3,34.8,46.3,,run
2026-08-14T14:34:01+03:00,1786707241,14585,51,3,34.8,45.7,,run
2026-08-14T14:34:06+03:00,1786707246,14590,51,3,34.8,45.7,,run
2026-08-14T14:34:11+03:00,1786707251,14595,51,3,34.8,54.4,,run
2026-08-14T14:34:17+03:00,1786707257,14601,51,3,34.8,50.1,,run
2026-08-14T14:34:22+03:00,1786707262,14606,51,3,34.8,47.6,,run
2026-08-14T14:34:27+03:00,1786707267,14611,51,3,34.8,50.1,,run
2026-08-14T14:34:32+03:00,1786707272,14616,51,3,34.8,48.5,,run
2026-08-14T14:34:38+03:00,1786707278,14622,51,3,34.8,48.5,,run
2026-08-14T14:34:43+03:00,1786707283,14627,51,3,34.8,49.4,,run
2026-08-14T14:34:48+03:00,1786707288,14632,51,3,34.8,47.0,,run
2026-08-14T14:34:53+03:00,1786707293,14637,51,3,34.8,45.1,,run
2026-08-14T14:34:58+03:00,1786707298,14642,51,3,34.8,46.0,,run
2026-08-14T14:35:04+03:00,1786707304,14648,51,3,34.8,46.0,,run
2026-08-14T14:35:09+03:00,1786707309,14653,51,3,34.8,47.3,,run
2026-08-14T14:35:14+03:00,1786707314,14658,51,3,34.8,47.6,,run
2026-08-14T14:35:19+03:00,1786707319,14663,51,3,34.8,51.0,,run
2026-08-14T14:35:24+03:00,1786707324,14668,51,3,34.8,47.3,,run
2026-08-14T14:35:30+03:00,1786707330,14674,51,3,34.8,56.9,,run
2026-08-14T14:35:35+03:00,1786707335,14679,51,3,34.8,51.3,,run
2026-08-14T14:35:41+03:00,1786707341,14685,51,3,34.8,46.3,,run
2026-08-14T14:35:46+03:00,1786707346,14690,51,3,34.8,47.0,,run
2026-08-14T14:35:51+03:00,1786707351,14695,51,3,34.8,45.1,,run
2026-08-14T14:35:56+03:00,1786707356,14700,51,3,34.8,45.4,,run
2026-08-14T14:36:01+03:00,1786707361,14705,51,3,34.8,44.5,,run
2026-08-14T14:36:07+03:00,1786707367,14711,51,3,34.8,45.7,,run
2026-08-14T14:36:12+03:00,1786707372,14716,51,3,34.8,57.2,,run
2026-08-14T14:36:17+03:00,1786707377,14721,51,3,34.8,48.8,,run
2026-08-14T14:36:22+03:00,1786707382,14726,51,3,34.8,47.3,,run
2026-08-14T14:36:28+03:00,1786707388,14732,51,3,34.8,45.1,,run
2026-08-14T14:36:33+03:00,1786707393,14737,51,3,34.8,45.7,,run
2026-08-14T14:36:38+03:00,1786707398,14742,51,3,34.8,51.0,,run
2026-08-14T14:36:43+03:00,1786707403,14747,51,3,34.8,49.7,,run
2026-08-14T14:36:49+03:00,1786707409,14753,51,3,34.8,47.9,,run
2026-08-14T14:36:54+03:00,1786707414,14758,51,3,34.8,46.0,,run
2026-08-14T14:36:59+03:00,1786707419,14763,51,3,34.8,46.0,,run
2026-08-14T14:37:04+03:00,1786707424,14768,51,3,34.8,45.7,,run
2026-08-14T14:37:09+03:00,1786707429,14773,51,3,34.8,46.3,,run
2026-08-14T14:37:15+03:00,1786707435,14779,51,3,34.8,47.0,,run
2026-08-14T14:37:20+03:00,1786707440,14784,51,3,34.8,46.0,,run
2026-08-14T14:37:25+03:00,1786707445,14789,51,3,34.8,57.8,,run
2026-08-14T14:37:30+03:00,1786707450,14794,51,3,34.8,56.9,,run
2026-08-14T14:37:36+03:00,1786707456,14800,51,3,34.8,50.4,,run
2026-08-14T14:37:41+03:00,1786707461,14805,51,3,34.8,51.3,,run
2026-08-14T14:37:46+03:00,1786707466,14810,51,3,34.8,45.7,,run
2026-08-14T14:37:51+03:00,1786707471,14815,51,3,34.8,54.7,,run
2026-08-14T14:37:57+03:00,1786707477,14821,51,3,34.8,48.5,,run
2026-08-14T14:38:02+03:00,1786707482,14826,51,3,34.8,46.7,,run
2026-08-14T14:38:07+03:00,1786707487,14831,51,3,34.8,47.6,,run
2026-08-14T14:38:13+03:00,1786707493,14837,51,3,34.8,48.5,,run
2026-08-14T14:38:18+03:00,1786707498,14842,51,3,34.8,46.3,,run
2026-08-14T14:38:23+03:00,1786707503,14847,51,3,34.8,47.6,,run
2026-08-14T14:38:28+03:00,1786707508,14852,51,3,34.8,46.0,,run
2026-08-14T14:38:33+03:00,1786707513,14857,51,3,34.8,46.0,,run
2026-08-14T14:38:39+03:00,1786707519,14863,51,3,34.8,44.8,,run
2026-08-14T14:38:44+03:00,1786707524,14868,51,3,34.8,45.1,,run
2026-08-14T14:38:49+03:00,1786707529,14873,51,3,34.8,52.2,,run
2026-08-14T14:38:54+03:00,1786707534,14878,51,3,34.8,49.7,,run
2026-08-14T14:39:00+03:00,1786707540,14884,51,3,34.8,47.0,,run
2026-08-14T14:39:05+03:00,1786707545,14889,51,3,34.8,46.0,,run
2026-08-14T14:39:10+03:00,1786707550,14894,51,3,34.8,55.9,,run
2026-08-14T14:39:16+03:00,1786707556,14900,51,3,34.8,48.5,,run
2026-08-14T14:39:21+03:00,1786707561,14905,50,3,34.9,45.1,,run
2026-08-14T14:39:26+03:00,1786707566,14910,50,3,34.9,46.3,,run
2026-08-14T14:39:31+03:00,1786707571,14915,50,3,34.9,49.4,,run
2026-08-14T14:39:37+03:00,1786707577,14921,50,3,34.9,49.7,,run
2026-08-14T14:39:42+03:00,1786707582,14926,50,3,34.9,46.3,,run
2026-08-14T14:39:47+03:00,1786707587,14931,50,3,34.9,47.9,,run
2026-08-14T14:39:52+03:00,1786707592,14936,50,3,34.9,46.0,,run
2026-08-14T14:39:57+03:00,1786707597,14941,50,3,34.9,47.6,,run
2026-08-14T14:40:03+03:00,1786707603,14947,50,3,34.9,46.3,,run
2026-08-14T14:40:08+03:00,1786707608,14952,50,3,34.9,45.7,,run
2026-08-14T14:40:13+03:00,1786707613,14957,50,3,34.9,46.7,,run
2026-08-14T14:40:18+03:00,1786707618,14962,50,3,34.9,45.7,,run
2026-08-14T14:40:24+03:00,1786707624,14968,50,3,34.9,44.8,,run
2026-08-14T14:40:29+03:00,1786707629,14973,50,3,34.9,44.8,,run
2026-08-14T14:40:34+03:00,1786707634,14978,50,3,34.9,45.1,,run
2026-08-14T14:40:39+03:00,1786707639,14983,50,3,34.9,45.4,,run
2026-08-14T14:40:44+03:00,1786707644,14988,50,3,34.9,47.6,,run
2026-08-14T14:40:50+03:00,1786707650,14994,50,3,34.9,56.5,,run
2026-08-14T14:40:56+03:00,1786707656,15000,50,3,34.8,49.4,,run
2026-08-14T14:41:01+03:00,1786707661,15005,50,3,34.8,47.9,,run
2026-08-14T14:41:06+03:00,1786707666,15010,50,3,34.8,45.1,,run
2026-08-14T14:41:11+03:00,1786707671,15015,50,3,34.8,44.2,,run
2026-08-14T14:41:17+03:00,1786707677,15021,50,3,34.8,44.8,,run
2026-08-14T14:41:22+03:00,1786707682,15026,50,3,34.8,48.5,,run
2026-08-14T14:41:27+03:00,1786707687,15031,50,3,34.8,45.1,,run
2026-08-14T14:41:32+03:00,1786707692,15036,50,3,34.8,61.5,,run
2026-08-14T14:41:38+03:00,1786707698,15042,50,3,34.8,51.9,,run
2026-08-14T14:41:43+03:00,1786707703,15047,50,3,34.8,47.9,,run
2026-08-14T14:41:48+03:00,1786707708,15052,50,3,34.8,45.7,,run
2026-08-14T14:41:53+03:00,1786707713,15057,50,3,34.8,45.4,,run
2026-08-14T14:41:59+03:00,1786707719,15063,50,3,34.8,45.7,,run
2026-08-14T14:42:04+03:00,1786707724,15068,50,3,34.8,47.0,,run
2026-08-14T14:42:09+03:00,1786707729,15073,50,3,34.8,50.1,,run
2026-08-14T14:42:14+03:00,1786707734,15078,50,3,34.8,47.3,,run
2026-08-14T14:42:20+03:00,1786707740,15084,50,3,34.8,45.4,,run
2026-08-14T14:42:25+03:00,1786707745,15089,50,3,34.8,45.1,,run
2026-08-14T14:42:30+03:00,1786707750,15094,50,3,34.8,46.0,,run
2026-08-14T14:42:35+03:00,1786707755,15099,50,3,34.8,46.7,,run
2026-08-14T14:42:40+03:00,1786707760,15104,50,3,34.8,45.1,,run
2026-08-14T14:42:46+03:00,1786707766,15110,50,3,34.8,51.3,,run
2026-08-14T14:42:51+03:00,1786707771,15115,50,3,34.8,55.9,,run
2026-08-14T14:42:56+03:00,1786707776,15120,50,3,34.8,53.1,,run
2026-08-14T14:43:01+03:00,1786707781,15125,50,3,34.8,47.9,,run
2026-08-14T14:43:07+03:00,1786707787,15131,50,3,34.8,45.4,,run
2026-08-14T14:43:12+03:00,1786707792,15136,50,3,34.8,45.1,,run
2026-08-14T14:43:17+03:00,1786707797,15141,50,3,34.8,43.9,,run
2026-08-14T14:43:22+03:00,1786707802,15146,50,3,34.8,44.5,,run
2026-08-14T14:43:28+03:00,1786707808,15152,50,3,34.8,45.7,,run
2026-08-14T14:43:33+03:00,1786707813,15157,50,3,34.8,55.0,,run
2026-08-14T14:43:38+03:00,1786707818,15162,50,3,34.8,50.1,,run
2026-08-14T14:43:43+03:00,1786707823,15167,50,3,34.8,52.5,,run
2026-08-14T14:43:49+03:00,1786707829,15173,50,3,34.8,51.0,,run
2026-08-14T14:43:54+03:00,1786707834,15178,50,3,34.8,48.2,,run
2026-08-14T14:43:59+03:00,1786707839,15183,50,3,34.8,47.0,,run
2026-08-14T14:44:04+03:00,1786707844,15188,50,3,34.8,47.9,,run
2026-08-14T14:44:09+03:00,1786707849,15193,50,3,34.8,47.0,,run
2026-08-14T14:44:15+03:00,1786707855,15199,50,3,34.8,45.7,,run
2026-08-14T14:44:20+03:00,1786707860,15204,50,3,34.8,48.2,,run
2026-08-14T14:44:25+03:00,1786707865,15209,50,3,34.8,47.3,,run
2026-08-14T14:44:30+03:00,1786707870,15214,50,3,34.8,46.3,,run
2026-08-14T14:44:36+03:00,1786707876,15220,50,3,34.8,45.4,,run
2026-08-14T14:44:41+03:00,1786707881,15225,50,3,34.8,45.4,,run
2026-08-14T14:44:46+03:00,1786707886,15230,50,3,34.8,54.4,,run
2026-08-14T14:44:52+03:00,1786707892,15236,50,3,34.8,46.7,,run
2026-08-14T14:44:57+03:00,1786707897,15241,50,3,34.8,46.3,,run
2026-08-14T14:45:02+03:00,1786707902,15246,50,3,34.8,49.1,,run
2026-08-14T14:45:07+03:00,1786707907,15251,50,3,34.8,47.0,,run
2026-08-14T14:45:12+03:00,1786707912,15256,50,3,34.8,44.5,,run
2026-08-14T14:45:18+03:00,1786707918,15262,50,3,34.8,44.5,,run
2026-08-14T14:45:23+03:00,1786707923,15267,50,3,34.8,45.1,,run
2026-08-14T14:45:28+03:00,1786707928,15272,50,3,34.8,54.4,,run
2026-08-14T14:45:34+03:00,1786707934,15278,50,3,34.8,47.0,,run
2026-08-14T14:45:39+03:00,1786707939,15283,50,3,34.8,48.8,,run
2026-08-14T14:45:44+03:00,1786707944,15288,50,3,34.8,47.9,,run
2026-08-14T14:45:49+03:00,1786707949,15293,50,3,34.8,52.2,,run
2026-08-14T14:45:55+03:00,1786707955,15299,50,3,34.8,47.3,,run
2026-08-14T14:46:00+03:00,1786707960,15304,50,3,34.8,46.7,,run
2026-08-14T14:46:05+03:00,1786707965,15309,50,3,34.8,45.7,,run
2026-08-14T14:46:10+03:00,1786707970,15314,50,3,34.8,47.6,,run
2026-08-14T14:46:16+03:00,1786707976,15320,50,3,34.8,47.0,,run
2026-08-14T14:46:21+03:00,1786707981,15325,50,3,34.8,45.4,,run
2026-08-14T14:46:26+03:00,1786707986,15330,50,3,34.8,45.7,,run
2026-08-14T14:46:31+03:00,1786707991,15335,50,3,34.8,45.1,,run
2026-08-14T14:46:36+03:00,1786707996,15340,50,3,34.8,47.0,,run
2026-08-14T14:46:42+03:00,1786708002,15346,50,3,34.8,50.7,,run
2026-08-14T14:46:47+03:00,1786708007,15351,50,3,34.8,57.2,,run
2026-08-14T14:46:52+03:00,1786708012,15356,50,3,34.8,51.0,,run
2026-08-14T14:46:58+03:00,1786708018,15362,50,3,34.8,44.8,,run
2026-08-14T14:47:03+03:00,1786708023,15367,50,3,34.8,51.6,,run
2026-08-14T14:47:08+03:00,1786708028,15372,50,3,34.8,49.7,,run
2026-08-14T14:47:13+03:00,1786708033,15377,50,3,34.8,52.2,,run
2026-08-14T14:47:19+03:00,1786708039,15383,50,3,34.8,46.3,,run
2026-08-14T14:47:24+03:00,1786708044,15388,50,3,34.8,46.3,,run
2026-08-14T14:47:29+03:00,1786708049,15393,50,3,34.8,44.8,,run
2026-08-14T14:47:34+03:00,1786708054,15398,50,3,34.8,46.0,,run
2026-08-14T14:47:40+03:00,1786708060,15404,50,3,34.8,48.8,,run
2026-08-14T14:47:45+03:00,1786708065,15409,50,3,34.8,45.7,,run
2026-08-14T14:47:50+03:00,1786708070,15414,50,3,34.8,53.8,,run
2026-08-14T14:47:55+03:00,1786708075,15419,50,3,34.8,49.7,,run
2026-08-14T14:48:01+03:00,1786708081,15425,50,3,34.8,47.3,,run
2026-08-14T14:48:06+03:00,1786708086,15430,50,3,34.8,47.3,,run
2026-08-14T14:48:11+03:00,1786708091,15435,50,3,34.8,47.0,,run
2026-08-14T14:48:16+03:00,1786708096,15440,50,3,34.8,47.0,,run
2026-08-14T14:48:21+03:00,1786708101,15445,50,3,34.8,46.3,,run
2026-08-14T14:48:27+03:00,1786708107,15451,50,3,34.8,56.2,,run
2026-08-14T14:48:32+03:00,1786708112,15456,50,3,34.8,53.5,,run
2026-08-14T14:48:38+03:00,1786708118,15462,50,3,34.8,46.3,,run
2026-08-14T14:48:43+03:00,1786708123,15467,50,3,34.8,44.8,,run
2026-08-14T14:48:48+03:00,1786708128,15472,50,3,34.8,45.4,,run
2026-08-14T14:48:53+03:00,1786708133,15477,50,3,34.8,46.0,,run
2026-08-14T14:48:58+03:00,1786708138,15482,49,3,35.1,45.1,,run
2026-08-14T14:49:04+03:00,1786708144,15488,49,3,35.1,45.7,,run
2026-08-14T14:49:09+03:00,1786708149,15493,49,3,35.1,58.4,,run
2026-08-14T14:49:14+03:00,1786708154,15498,49,3,35.1,55.3,,run
2026-08-14T14:49:20+03:00,1786708160,15504,49,3,35.1,47.9,,run
2026-08-14T14:49:25+03:00,1786708165,15509,49,3,35.1,46.0,,run
2026-08-14T14:49:30+03:00,1786708170,15514,49,3,35.1,46.3,,run
2026-08-14T14:49:35+03:00,1786708175,15519,49,3,35.1,45.7,,run
2026-08-14T14:49:41+03:00,1786708181,15525,49,3,35.1,53.5,,run
2026-08-14T14:49:46+03:00,1786708186,15530,49,3,35.1,50.7,,run
2026-08-14T14:49:51+03:00,1786708191,15535,49,3,35.1,47.6,,run
2026-08-14T14:49:56+03:00,1786708196,15540,49,3,35.1,46.0,,run
2026-08-14T14:50:01+03:00,1786708201,15545,49,3,35.1,47.6,,run
2026-08-14T14:50:07+03:00,1786708207,15551,49,3,35.1,46.3,,run
2026-08-14T14:50:12+03:00,1786708212,15556,49,3,35.1,45.7,,run
2026-08-14T14:50:17+03:00,1786708217,15561,49,3,35.1,46.7,,run
2026-08-14T14:50:22+03:00,1786708222,15566,49,3,35.1,55.3,,run
2026-08-14T14:50:28+03:00,1786708228,15572,49,3,35.1,52.8,,run
2026-08-14T14:50:33+03:00,1786708233,15577,49,3,35.1,47.9,,run
2026-08-14T14:50:38+03:00,1786708238,15582,49,3,35.1,45.1,,run
2026-08-14T14:50:43+03:00,1786708243,15587,49,3,35.1,49.1,,run
2026-08-14T14:50:48+03:00,1786708248,15592,49,3,35.1,46.0,,run
2026-08-14T14:50:54+03:00,1786708254,15598,49,3,35.1,43.9,,run
2026-08-14T14:50:59+03:00,1786708259,15603,49,3,34.9,53.1,,run
2026-08-14T14:51:04+03:00,1786708264,15608,49,3,34.9,49.4,,run
2026-08-14T14:51:09+03:00,1786708269,15613,49,3,34.9,51.9,,run
2026-08-14T14:51:15+03:00,1786708275,15619,49,3,34.9,48.5,,run
2026-08-14T14:51:20+03:00,1786708280,15624,49,3,34.9,47.9,,run
2026-08-14T14:51:25+03:00,1786708285,15629,49,3,34.9,45.7,,run
2026-08-14T14:51:30+03:00,1786708290,15634,49,3,34.9,46.3,,run
2026-08-14T14:51:36+03:00,1786708296,15640,49,3,34.9,45.1,,run
2026-08-14T14:51:41+03:00,1786708301,15645,49,3,34.9,50.1,,run
2026-08-14T14:51:46+03:00,1786708306,15650,49,3,34.9,49.7,,run
2026-08-14T14:51:51+03:00,1786708311,15655,49,3,34.9,47.9,,run
2026-08-14T14:51:56+03:00,1786708316,15660,49,3,34.9,47.6,,run
2026-08-14T14:52:02+03:00,1786708322,15666,49,3,34.9,45.4,,run
2026-08-14T14:52:07+03:00,1786708327,15671,49,3,34.9,45.7,,run
2026-08-14T14:52:12+03:00,1786708332,15676,49,3,34.9,48.5,,run
2026-08-14T14:52:17+03:00,1786708337,15681,49,3,34.9,46.3,,run
2026-08-14T14:52:23+03:00,1786708343,15687,49,3,34.9,54.7,,run
2026-08-14T14:52:28+03:00,1786708348,15692,49,3,34.9,47.3,,run
2026-08-14T14:52:33+03:00,1786708353,15697,49,3,34.9,45.7,,run
2026-08-14T14:52:38+03:00,1786708358,15702,49,3,34.9,44.8,,run
2026-08-14T14:52:44+03:00,1786708364,15708,49,3,34.9,44.8,,run
2026-08-14T14:52:49+03:00,1786708369,15713,49,3,34.9,45.4,,run
2026-08-14T14:52:54+03:00,1786708374,15718,49,3,34.9,44.2,,run
2026-08-14T14:52:59+03:00,1786708379,15723,49,3,34.9,47.3,,run
2026-08-14T14:53:05+03:00,1786708385,15729,49,3,34.9,57.5,,run
2026-08-14T14:53:10+03:00,1786708390,15734,49,3,34.9,50.4,,run
2026-08-14T14:53:16+03:00,1786708396,15740,49,3,34.9,47.9,,run
2026-08-14T14:53:21+03:00,1786708401,15745,49,3,34.9,46.3,,run
2026-08-14T14:53:26+03:00,1786708406,15750,49,3,34.9,47.3,,run
2026-08-14T14:53:31+03:00,1786708411,15755,49,3,34.9,50.7,,run
2026-08-14T14:53:37+03:00,1786708417,15761,49,3,34.9,47.3,,run
2026-08-14T14:53:42+03:00,1786708422,15766,49,3,34.9,46.3,,run
2026-08-14T14:53:47+03:00,1786708427,15771,49,3,34.9,46.0,,run
2026-08-14T14:53:52+03:00,1786708432,15776,49,3,34.9,48.2,,run
2026-08-14T14:53:57+03:00,1786708437,15781,49,3,34.9,48.2,,run
2026-08-14T14:54:03+03:00,1786708443,15787,49,3,34.9,46.0,,run
2026-08-14T14:54:08+03:00,1786708448,15792,49,3,34.9,45.4,,run
2026-08-14T14:54:13+03:00,1786708453,15797,49,3,34.9,45.4,,run
2026-08-14T14:54:18+03:00,1786708458,15802,49,3,34.9,44.5,,run
2026-08-14T14:54:24+03:00,1786708464,15808,49,3,34.9,57.2,,run
2026-08-14T14:54:29+03:00,1786708469,15813,49,3,34.9,53.5,,run
2026-08-14T14:54:34+03:00,1786708474,15818,49,3,34.9,45.7,,run
2026-08-14T14:54:40+03:00,1786708480,15824,49,3,34.9,45.4,,run
2026-08-14T14:54:45+03:00,1786708485,15829,49,3,34.9,47.0,,run
2026-08-14T14:54:50+03:00,1786708490,15834,49,3,34.9,54.7,,run
2026-08-14T14:54:55+03:00,1786708495,15839,49,3,34.9,52.2,,run
2026-08-14T14:55:01+03:00,1786708501,15845,49,3,34.9,47.9,,run
2026-08-14T14:55:06+03:00,1786708506,15850,49,3,34.9,48.8,,run
2026-08-14T14:55:11+03:00,1786708511,15855,49,3,34.9,47.9,,run
2026-08-14T14:55:16+03:00,1786708516,15860,49,3,34.9,49.7,,run
2026-08-14T14:55:21+03:00,1786708521,15865,49,3,34.9,54.4,,run
2026-08-14T14:55:27+03:00,1786708527,15871,49,3,34.9,49.7,,run
2026-08-14T14:55:32+03:00,1786708532,15876,49,3,34.9,47.9,,run
2026-08-14T14:55:37+03:00,1786708537,15881,49,3,34.9,49.1,,run
2026-08-14T14:55:42+03:00,1786708542,15886,49,3,34.9,46.3,,run
2026-08-14T14:55:48+03:00,1786708548,15892,49,3,34.9,46.0,,run
2026-08-14T14:55:53+03:00,1786708553,15897,49,3,34.9,46.7,,run
2026-08-14T14:55:58+03:00,1786708558,15902,49,3,34.9,46.7,,run
2026-08-14T14:56:03+03:00,1786708563,15907,49,3,34.9,54.7,,run
2026-08-14T14:56:09+03:00,1786708569,15913,49,3,34.9,47.9,,run
2026-08-14T14:56:14+03:00,1786708574,15918,49,3,34.9,46.3,,run
2026-08-14T14:56:19+03:00,1786708579,15923,49,3,34.9,44.8,,run
2026-08-14T14:56:24+03:00,1786708584,15928,49,3,34.9,44.5,,run
2026-08-14T14:56:30+03:00,1786708590,15934,49,3,34.9,44.2,,run
2026-08-14T14:56:35+03:00,1786708595,15939,49,3,34.9,47.0,,run
2026-08-14T14:56:40+03:00,1786708600,15944,49,3,34.9,50.4,,run
2026-08-14T14:56:45+03:00,1786708605,15949,49,3,34.9,56.5,,run
2026-08-14T14:56:51+03:00,1786708611,15955,49,3,34.9,50.4,,run
2026-08-14T14:56:56+03:00,1786708616,15960,49,3,34.9,46.7,,run
2026-08-14T14:57:02+03:00,1786708622,15966,49,3,34.9,46.0,,run
2026-08-14T14:57:07+03:00,1786708627,15971,49,3,34.9,48.8,,run
2026-08-14T14:57:12+03:00,1786708632,15976,49,3,34.9,47.0,,run
2026-08-14T14:57:17+03:00,1786708637,15981,49,3,34.9,45.4,,run
2026-08-14T14:57:22+03:00,1786708642,15986,49,3,34.9,52.8,,run
2026-08-14T14:57:28+03:00,1786708648,15992,49,3,34.9,51.0,,run
2026-08-14T14:57:33+03:00,1786708653,15997,48,3,35.3,47.6,,run
2026-08-14T14:57:38+03:00,1786708658,16002,48,3,35.3,47.0,,run
2026-08-14T14:57:43+03:00,1786708663,16007,48,3,35.3,45.7,,run
2026-08-14T14:57:49+03:00,1786708669,16013,48,3,35.3,46.0,,run
2026-08-14T14:57:54+03:00,1786708674,16018,48,3,35.3,46.7,,run
2026-08-14T14:57:59+03:00,1786708679,16023,48,3,35.3,52.2,,run
2026-08-14T14:58:04+03:00,1786708684,16028,48,3,35.3,58.7,,run
2026-08-14T14:58:10+03:00,1786708690,16034,48,3,35.3,48.5,,run
2026-08-14T14:58:15+03:00,1786708695,16039,48,3,35.3,46.0,,run
2026-08-14T14:58:20+03:00,1786708700,16044,48,3,35.3,45.1,,run
2026-08-14T14:58:25+03:00,1786708705,16049,48,3,35.3,43.9,,run
2026-08-14T14:58:31+03:00,1786708711,16055,48,3,35.3,44.8,,run
2026-08-14T14:58:36+03:00,1786708716,16060,48,3,35.3,45.1,,run
2026-08-14T14:58:41+03:00,1786708721,16065,48,3,35.3,50.7,,run
2026-08-14T14:58:46+03:00,1786708726,16070,48,3,35.3,58.7,,run
2026-08-14T14:58:52+03:00,1786708732,16076,48,3,35.3,53.1,,run
2026-08-14T14:58:57+03:00,1786708737,16081,48,3,35.3,48.2,,run
2026-08-14T14:59:02+03:00,1786708742,16086,48,3,35.3,46.0,,run
2026-08-14T14:59:07+03:00,1786708747,16091,48,3,35.3,47.3,,run
2026-08-14T14:59:12+03:00,1786708752,16096,48,3,35.3,45.4,,run
2026-08-14T14:59:18+03:00,1786708758,16102,48,3,35.3,46.7,,run
2026-08-14T14:59:23+03:00,1786708763,16107,48,3,35.3,45.1,,run
2026-08-14T14:59:28+03:00,1786708768,16112,48,3,35.3,51.3,,run
2026-08-14T14:59:33+03:00,1786708773,16117,48,3,35.3,47.6,,run
2026-08-14T14:59:39+03:00,1786708779,16123,48,3,35.3,52.5,,run
2026-08-14T14:59:44+03:00,1786708784,16128,48,3,35.3,48.2,,run
2026-08-14T14:59:49+03:00,1786708789,16133,48,3,35.3,46.7,,run
2026-08-14T14:59:54+03:00,1786708794,16138,48,3,35.3,46.0,,run
2026-08-14T14:59:59+03:00,1786708799,16143,48,3,35.3,49.1,,run
2026-08-14T15:00:05+03:00,1786708805,16149,48,3,35.3,49.4,,run
2026-08-14T15:00:10+03:00,1786708810,16154,48,3,35.3,47.0,,end
