# sample_id=2907/rev_002_f4caa300 exec_index=10 ok=False perf_lines=30 vm_events=30 battery_pct=85 soc_temp_millic=40800 battery_temp_c=31.1 charging=False preflight_started=2026-09-15T01:03:25.239281+00:00 started=2026-09-15T01:03:27.572923+00:00 ts=2026-09-15T01:05:44.938118+00:00
[spm]: Running flutter analyze...
Resolving dependencies...
Downloading packages...
  _fe_analyzer_shared 100.0.0 (108.0.0 available)
  analyzer 13.0.0 (14.4.0 available)
  async 2.13.0 (2.13.1 available)
  clock 1.1.2 (1.1.3 available)
  cupertino_icons 1.0.8 (1.0.9 available)
  glob 2.1.3 (2.2.0 available)
  lints 6.0.0 (6.1.0 available)
  matcher 0.12.19 (0.12.20 available)
  material_color_utilities 0.13.0 (0.13.1 available)
  meta 1.18.0 (1.19.0 available)
  package_config 2.2.0 (3.0.0 available)
  platform 3.1.6 (3.2.0 available)
  process 5.0.5 (5.0.6 available)
  pub_semver 2.2.0 (2.2.1 available)
  source_span 1.10.1 (1.10.2 available)
  stack_trace 1.12.1 (1.12.2 available)
  test_api 0.7.11 (0.7.14 available)
  vector_math 2.2.0 (2.4.2 available)
  vm_service 15.0.2 (15.3.0 available)
  webdriver 3.1.0 (3.2.0 available)
  yaml 3.1.3 (3.1.4 available)
Got dependencies!
21 packages have newer versions incompatible with dependency constraints.
Try `flutter pub outdated` for more information.
Analyzing lib...                                                

   info • The part-of directive uses a library name. Try converting the directive to use the URI of the library • lib/dependencies.dart:46:1 • use_string_in_part_of_directives
   info • Unnecessary 'late' modifier. Try removing the 'late' • lib/dependencies.dart:56:1 • unnecessary_late
   info • Unnecessary 'late' modifier. Try removing the 'late' • lib/dependencies.dart:61:1 • unnecessary_late
   info • Unnecessary 'late' modifier. Try removing the 'late' • lib/dependencies.dart:65:1 • unnecessary_late
   info • Unnecessary 'late' modifier. Try removing the 'late' • lib/dependencies.dart:70:1 • unnecessary_late
   info • Unnecessary 'late' modifier. Try removing the 'late' • lib/dependencies.dart:124:1 • unnecessary_late
   info • Redundant initialization to 'null'. Try removing the initializer • lib/dependencies.dart:124:14 • avoid_init_to_null
   info • Unnecessary 'late' modifier. Try removing the 'late' • lib/dependencies.dart:128:1 • unnecessary_late
   info • Redundant initialization to 'null'. Try removing the initializer • lib/dependencies.dart:146:11 • avoid_init_to_null
   info • Library names are not necessary. Remove the library name • lib/generated_widget.dart:2:9 • unnecessary_library_name
   info • 'withOpacity' is deprecated and shouldn't be used. Use .withValues() to avoid precision loss. Try replacing the use of the deprecated member with the replacement • lib/generated_widget.dart:52:35 • deprecated_member_use
   info • Use a 'SizedBox' to add whitespace to a layout. Try using a 'SizedBox' rather than a 'Container' • lib/generated_widget.dart:67:14 • sized_box_for_whitespace
   info • 'withOpacity' is deprecated and shouldn't be used. Use .withValues() to avoid precision loss. Try replacing the use of the deprecated member with the replacement • lib/generated_widget.dart:115:33 • deprecated_member_use
   info • 'withOpacity' is deprecated and shouldn't be used. Use .withValues() to avoid precision loss. Try replacing the use of the deprecated member with the replacement • lib/generated_widget.dart:117:52 • deprecated_member_use
   info • 'withOpacity' is deprecated and shouldn't be used. Use .withValues() to avoid precision loss. Try replacing the use of the deprecated member with the replacement • lib/generated_widget.dart:123:35 • deprecated_member_use
   info • 'withOpacity' is deprecated and shouldn't be used. Use .withValues() to avoid precision loss. Try replacing the use of the deprecated member with the replacement • lib/generated_widget.dart:139:52 • deprecated_member_use
   info • 'withOpacity' is deprecated and shouldn't be used. Use .withValues() to avoid precision loss. Try replacing the use of the deprecated member with the replacement • lib/generated_widget.dart:164:32 • deprecated_member_use
warning • This case is covered by the previous cases. Try removing the case clause, or restructuring the preceding patterns • lib/generated_widget.dart:492:7 • unreachable_switch_case
   info • The constant name 'VIEW_TYPE_LAYOUT_ROW' isn't a lowerCamelCase identifier. Try changing the name to follow the lowerCamelCase style • lib/generated_widget.dart:515:20 • constant_identifier_names
   info • The constant name 'VIEW_TYPE_LAYOUT_COLUMN' isn't a lowerCamelCase identifier. Try changing the name to follow the lowerCamelCase style • lib/generated_widget.dart:516:20 • constant_identifier_names
   info • The constant name 'VIEW_TYPE_LAYOUT_CONTAINER' isn't a lowerCamelCase identifier. Try changing the name to follow the lowerCamelCase style • lib/generated_widget.dart:517:20 • constant_identifier_names
   info • The constant name 'VIEW_TYPE_LAYOUT_CENTER' isn't a lowerCamelCase identifier. Try changing the name to follow the lowerCamelCase style • lib/generated_widget.dart:518:20 • constant_identifier_names
   info • The constant name 'VIEW_TYPE_WIDGET_TEXT' isn't a lowerCamelCase identifier. Try changing the name to follow the lowerCamelCase style • lib/generated_widget.dart:521:20 • constant_identifier_names
   info • The constant name 'VIEW_TYPE_WIDGET_TEXTFIELD' isn't a lowerCamelCase identifier. Try changing the name to follow the lowerCamelCase style • lib/generated_widget.dart:522:20 • constant_identifier_names
   info • The constant name 'VIEW_TYPE_WIDGET_ICON' isn't a lowerCamelCase identifier. Try changing the name to follow the lowerCamelCase style • lib/generated_widget.dart:523:20 • constant_identifier_names
   info • The constant name 'VIEW_TYPE_WIDGET_ELEVATEDBUTTON' isn't a lowerCamelCase identifier. Try changing the name to follow the lowerCamelCase style • lib/generated_widget.dart:526:20 • constant_identifier_names
   info • The constant name 'VIEW_TYPE_WIDGET_ICONBUTTON' isn't a lowerCamelCase identifier. Try changing the name to follow the lowerCamelCase style • lib/generated_widget.dart:527:20 • constant_identifier_names
   info • The constant name 'VIEW_TYPE_WIDGET_CHECKBOX' isn't a lowerCamelCase identifier. Try changing the name to follow the lowerCamelCase style • lib/generated_widget.dart:528:20 • constant_identifier_names
   info • The constant name 'VIEW_TYPE_WIDGET_CARD' isn't a lowerCamelCase identifier. Try changing the name to follow the lowerCamelCase style • lib/generated_widget.dart:531:20 • constant_identifier_names
   info • The constant name 'VIEW_TYPE_WIDGET_CHIP' isn't a lowerCamelCase identifier. Try changing the name to follow the lowerCamelCase style • lib/generated_widget.dart:532:20 • constant_identifier_names
   info • The constant name 'VIEW_TYPE_WIDGET_DIVIDER' isn't a lowerCamelCase identifier. Try changing the name to follow the lowerCamelCase style • lib/generated_widget.dart:533:20 • constant_identifier_names
   info • The constant name 'VIEW_TYPE_WIDGET_APPBAR' isn't a lowerCamelCase identifier. Try changing the name to follow the lowerCamelCase style • lib/generated_widget.dart:536:20 • constant_identifier_names
   info • The constant name 'VIEW_TYPE_WIDGET_BOTTOMNAVIGATIONBAR' isn't a lowerCamelCase identifier. Try changing the name to follow the lowerCamelCase style • lib/generated_widget.dart:537:20 • constant_identifier_names
   info • The constant name 'VIEW_TYPE_WIDGET_FLOATINGACTIONBUTTON' isn't a lowerCamelCase identifier. Try changing the name to follow the lowerCamelCase style • lib/generated_widget.dart:538:20 • constant_identifier_names
   info • The constant name 'MATCH_PARENT' isn't a lowerCamelCase identifier. Try changing the name to follow the lowerCamelCase style • lib/generated_widget.dart:701:20 • constant_identifier_names
   info • The constant name 'WRAP_CONTENT' isn't a lowerCamelCase identifier. Try changing the name to follow the lowerCamelCase style • lib/generated_widget.dart:702:20 • constant_identifier_names
   info • The constant name 'GRAVITY_NONE' isn't a lowerCamelCase identifier. Try changing the name to follow the lowerCamelCase style • lib/generated_widget.dart:703:20 • constant_identifier_names
   info • The constant name 'GRAVITY_LEFT' isn't a lowerCamelCase identifier. Try changing the name to follow the lowerCamelCase style • lib/generated_widget.dart:704:20 • constant_identifier_names
   info • The constant name 'GRAVITY_TOP' isn't a lowerCamelCase identifier. Try changing the name to follow the lowerCamelCase style • lib/generated_widget.dart:705:20 • constant_identifier_names
   info • The constant name 'GRAVITY_RIGHT' isn't a lowerCamelCase identifier. Try changing the name to follow the lowerCamelCase style • lib/generated_widget.dart:706:20 • constant_identifier_names
   info • The constant name 'GRAVITY_BOTTOM' isn't a lowerCamelCase identifier. Try changing the name to follow the lowerCamelCase style • lib/generated_widget.dart:707:20 • constant_identifier_names
   info • The constant name 'GRAVITY_CENTER_HORIZONTAL' isn't a lowerCamelCase identifier. Try changing the name to follow the lowerCamelCase style • lib/generated_widget.dart:708:20 • constant_identifier_names
   info • The constant name 'GRAVITY_CENTER_VERTICAL' isn't a lowerCamelCase identifier. Try changing the name to follow the lowerCamelCase style • lib/generated_widget.dart:709:20 • constant_identifier_names
   info • The constant name 'GRAVITY_CENTER' isn't a lowerCamelCase identifier. Try changing the name to follow the lowerCamelCase style • lib/generated_widget.dart:710:20 • constant_identifier_names
   info • The constant name 'ORIENTATION_VERTICAL' isn't a lowerCamelCase identifier. Try changing the name to follow the lowerCamelCase style • lib/generated_widget.dart:711:20 • constant_identifier_names
   info • The constant name 'ORIENTATION_HORIZONTAL' isn't a lowerCamelCase identifier. Try changing the name to follow the lowerCamelCase style • lib/generated_widget.dart:712:20 • constant_identifier_names

[spm]: Injecting profiler code...
[spm]: Starting app...
Running Gradle task 'assembleProfile'...                        
Running Gradle task 'assembleProfile'...                         2,825ms
✓ Built build/app/outputs/flutter-apk/app-profile.apk (26.8MB)
Installing build/app/outputs/flutter-apk/app-profile.apk...        25.9s
D/DecorView[](19266): getWindowModeFromSystem  windowmode is 1
D/DecorView[](19266): getWindowModeFromSystem  windowmode is 1
D/DecorView[](19266): updateDecorCaptionStatus displayWindowDecor is false
W/Looper  (19266): PerfMonitor looperActivity : package=com.example.benchmark_container/.MainActivity time=427ms latency=414ms running=0ms  procState=-1  historyMsgCount=3 (msgIndex=3 wall=411ms seq=3 h=android.app.ActivityThread$H w=110)
W/Looper  (19266): PerfMonitor looperActivity : package=com.example.benchmark_container/.MainActivity time=0ms latency=842ms running=0ms  procState=-1  historyMsgCount=4 (msgIndex=3 wall=411ms seq=3 h=android.app.ActivityThread$H w=110) (msgIndex=4 wall=427ms seq=4 late=414ms h=android.app.ActivityThread$H w=159)
D/SurfaceView(19266): UPDATE null, mIsCastMode = false
D/hw-ProcessState(19266): Binder ioctl to enable oneway spam detection failed: Invalid argument
W/Looper  (19266): PerfMonitor longMsg : seq=8 plan=04:04:14.883 late=454ms wall=1756ms running=0ms h=android.view.Choreographer$FrameHandler c=android.view.Choreographer$FrameDisplayEventReceiver procState=-1
W/Looper  (19266): PerfMonitor doFrame : time=1756ms vsyncFrame=0 latency=454ms procState=-1 historyMsgCount=7 (msgIndex=3 wall=1756ms seq=8 late=454ms h=android.view.Choreographer$FrameHandler c=android.view.Choreographer$FrameDisplayEventReceiver) (msgIndex=4 wall=427ms seq=4 h=android.app.ActivityThread$H w=159)
I/Choreographer(19266): Skipped 98 frames!  The application may be doing too much work on its main thread.
D/SurfaceView(19266): UPDATE Surface(name=SurfaceView[com.example.benchmark_container/com.example.benchmark_container.MainActivity])/@0x9ac515, mIsProjectionMode = false
W/Looper  (19266): PerfMonitor doFrame : time=2ms vsyncFrame=0 latency=1650ms procState=-1 historyMsgCount=4
[spm]: Connected to Dart VM service.
I/flutter (19266): 00:00 +0: Performance Benchmark
E/hmark_containe(19266): open libmigui.so failed! dlopen - dlopen failed: library "libmigui.so" not found
D/hmark_containe(19266): MiuiProcessManagerServiceStub setSchedFifo
I/MiuiProcessManagerImpl(19266): setSchedFifo pid:19266, mode:3
D/DecorView[](19266): onWindowFocusChanged hasWindowFocus true
I/flutter (19266): type 'MultiChildLayoutParentData' is not a subtype of type 'StackParentData' in type cast
I/flutter (19266): #0      Positioned.applyParentData (package:flutter/src/widgets/basic.dart:5171)
I/flutter (19266): #1      RenderObjectElement._updateParentData (package:flutter/src/widgets/framework.dart:6901)
I/flutter (19266): #2      RenderObjectElement.attachRenderObject (package:flutter/src/widgets/framework.dart:6945)
I/flutter (19266): #3      RenderObjectElement.mount (package:flutter/src/widgets/framework.dart:6801)
I/flutter (19266): #4      SingleChildRenderObjectElement.mount (package:flutter/src/widgets/framework.dart:7114)
I/flutter (19266): #5      Element.inflateWidget (package:flutter/src/widgets/framework.dart:4587)
I/flutter (19266): #6      Element.updateChild (package:flutter/src/widgets/framework.dart:4059)
I/flutter (19266): #7      ComponentElement.performRebuild (package:flutter/src/widgets/framework.dart:5841)
I/flutter (19266): #8      Element.rebuild (package:flutter/src/widgets/framework.dart:5529)
I/flutter (19266): #9      ComponentElement._firstBuild (package:flutter/src/widgets/framework.dart:5799)
I/flutter (19266): #10     ComponentElement.mount (package:flutter/src/widgets/framework.dart:5793)
I/flutter (19266): #11     Element.inflateWidget (package:flutter/src/widgets/framework.dart:4587)
I/flutter (19266): #12     Element.updateChild (package:flutter/src/widgets/framework.dart:4059)
I/flutter (19266): #13     ComponentElement.performRebuild (package:flutter/src/widgets/framework.dart:5841)
I/flutter (19266): #14     StatefulElement.performRebuild (package:flutter/src/widgets/framework.dart:5982)
I/flutter (19266): #15     Element.rebuild (package:flutter/src/widgets/framework.dart:5529)
I/flutter (19266): #16     ComponentElement._firstBuild (package:flutter/src/widgets/framework.dart:5799)
I/flutter (19266): #17     StatefulElement._firstBuild (package:flutter/src/widgets/framework.dart:5973)
I/flutter (19266): #18     ComponentElement.mount (package:flutter/src/widgets/framework.dart:5793)
I/flutter (19266): #19     Element.inflateWidget (package:flutter/src/widgets/framework.dart:4587)
I/flutter (19266): #20     Element.updateChild (package:flutter/src/widgets/framework.dart:4059)
I/flutter (19266): #21     ComponentElement.performRebuild (package:flutter/src/widgets/framework.dart:5841)
I/flutter (19266): #22     Element.rebuild (package:flutter/src/widgets/framework.dart:5529)
I/flutter (19266): #23     ComponentElement._firstBuild (package:flutter/src/widgets/framework.dart:5799)
I/flutter (19266): #24     ComponentElement.mount (package:flutter/src/widgets/framework.dart:5793)
I/flutter (19266): #25     Element.inflateWidget (package:flutter/src/widgets/framework.dart:4587)
I/flutter (19266): #26     Element.updateChild (package:flutter/src/widgets/framework.dart:4059)
I/flutter (19266): #27     ComponentElement.performRebuild (package:flutter/src/widgets/framework.dart:5841)
I/flutter (19266): #28     Element.rebuild (package:flutter/src/widgets/framework.dart:5529)
I/flutter (19266): #29     ComponentElement._firstBuild (package:flutter/src/widgets/framework.dart:5799)
I/flutter (19266): #30     ComponentElement.mount (package:flutter/src/widgets/framework.dart:5793)
I/flutter (19266): #31     Element.inflateWidget (package:flutter/src/widgets/framework.dart:4587)
I/flutter (19266): #32     Element.updateChild (package:flutter/src/widgets/framework.dart:4059)
I/flutter (19266): #33     ComponentElement.performRebuild (package:flutter/src/widgets/framework.dart:5841)
I/flutter (19266): #34     Element.rebuild (package:flutter/src/widgets/framework.dart:5529)
I/flutter (19266): #35     ComponentElement._firstBuild (package:flutter/src/widgets/framework.dart:5799)
I/flutter (19266): #36     ComponentElement.mount (package:flutter/src/widgets/framework.dart:5793)
I/flutter (19266): #37     Element.inflateWidget (package:flutter/src/widgets/framework.dart:4587)
I/flutter (19266): #38     Element.updateChild (package:flutter/src/widgets/framework.dart:4059)
I/flutter (19266): #39     ComponentElement.performRebuild (package:flutter/src/widgets/framework.dart:5841)
I/flutter (19266): #40     Element.rebuild (package:flutter/src/widgets/framework.dart:5529)
I/flutter (19266): #41     ComponentElement._firstBuild (package:flutter/src/widgets/framework.dart:5799)
I/flutter (19266): #42     ComponentElement.mount (package:flutter/src/widgets/framework.dart:5793)
I/flutter (19266): #43     Element.inflateWidget (package:flutter/src/widgets/framework.dart:4587)
I/flutter (19266): #44     MultiChildRenderObjectElement.inflateWidget (package:flutter/src/widgets/framework.dart:7264)
I/flutter (19266): #45     MultiChildRenderObjectElement.mount (package:flutter/src/widgets/framework.dart:7279)
I/flutter (19266): #46     Element.inflateWidget (package:flutter/src/widgets/framework.dart:4587)
I/flutter (19266): #47     Element.updateChild (package:flutter/src/widgets/framework.dart:4059)
I/flutter (19266): #48     ComponentElement.performRebuild (package:flutter/src/widgets/framework.dart:5841)
I/flutter (19266): #49     Element.rebuild (package:flutter/src/widgets/framework.dart:5529)
I/flutter (19266): #50     ComponentElement._firstBuild (package:flutter/src/widgets/framework.dart:5799)
I/flutter (19266): #51     ComponentElement.mount (package:flutter/src/widgets/framework.dart:5793)
I/flutter (19266): #52     Element.inflateWidget (package:flutter/src/widgets/framework.dart:4587)
I/flutter (19266): #53     Element.updateChild (package:flutter/src/widgets/framework.dart:4059)
I/flutter (19266): #54     ComponentElement.performRebuild (package:flutter/src/widgets/framework.dart:5841)
I/flutter (19266): #55     StatefulElement.performRebuild (package:flutter/src/widgets/framework.dart:5982)
I/flutter (19266): #56     Element.rebuild (package:flutter/src/widgets/framework.dart:5529)
I/flutter (19266): #57     ComponentElement._firstBuild (package:flutter/src/widgets/framework.dart:5799)
I/flutter (19266): #58     StatefulElement._firstBuild (package:flutter/src/widgets/framework.dart:5973)
I/flutter (19266): #59     ComponentElement.mount (package:flutter/src/widgets/framework.dart:5793)
I/flutter (19266): #60     Element.inflateWidget (package:flutter/src/widgets/framework.dart:4587)
I/flutter (19266): #61     Element.updateChild (package:flutter/src/widgets/framework.dart:4059)
I/flutter (19266): #62     ComponentElement.performRebuild (package:flutter/src/widgets/framework.dart:5841)
I/flutter (19266): #63     Element.rebuild (package:flutter/src/widgets/framework.dart:5529)
I/flutter (19266): #64     ComponentElement._firstBuild (package:flutter/src/widgets/framework.dart:5799)
I/flutter (19266): #65     ComponentElement.mount (package:flutter/src/widgets/framework.dart:5793)
I/flutter (19266): #66     Element.inflateWidget (package:flutter/src/widgets/framework.dart:4587)
I/flutter (19266): #67     Element.updateChild (package:flutter/src/widgets/framework.dart:4059)
I/flutter (19266): #68     ComponentElement.performRebuild (package:flutter/src/widgets/framework.dart:5841)
I/flutter (19266): #69     Element.rebuild (package:flutter/src/widgets/framework.dart:5529)
I/flutter (19266): #70     ComponentElement._firstBuild (package:flutter/src/widgets/framework.dart:5799)
I/flutter (19266): #71     ComponentElement.mount (package:flutter/src/widgets/framework.dart:5793)
I/flutter (19266): #72     Element.inflateWidget (package:flutter/src/widgets/framework.dart:4587)
I/flutter (19266): #73     Element.updateChild (package:flutter/src/widgets/framework.dart:4059)
I/flutter (19266): #74     ComponentElement.performRebuild (package:flutter/src/widgets/framework.dart:5841)
I/flutter (19266): #75     StatefulElement.performRebuild (package:flutter/src/widgets/framework.dart:5982)
I/flutter (19266): #76     Element.rebuild (package:flutter/src/widgets/framework.dart:5529)
I/flutter (19266): #77     ComponentElement._firstBuild (package:flutter/src/widgets/framework.dart:5799)
I/flutter (19266): #78     StatefulElement._firstBuild (package:flutter/src/widgets/framework.dart:5973)
I/flutter (19266): #79     ComponentElement.mount (package:flutter/src/widgets/framework.dart:5793)
I/flutter (19266): #80     Element.inflateWidget (package:flutter/src/widgets/framework.dart:4587)
I/flutter (19266): #81     Element.updateChild (package:flutter/src/widgets/framework.dart:4059)
I/flutter (19266): #82     SingleChildRenderObjectElement.mount (package:flutter/src/widgets/framework.dart:7115)
I/flutter (19266): #83     Element.inflateWidget (package:flutter/src/widgets/framework.dart:4587)
I/flutter (19266): #84     Element.updateChild (package:flutter/src/widgets/framework.dart:4059)
I/flutter (19266): #85     ComponentElement.performRebuild (package:flutter/src/widgets/framework.dart:5841)
I/flutter (19266): #86     Element.rebuild (package:flutter/src/widgets/framework.dart:5529)
I/flutter (19266): #87     ComponentElement._firstBuild (package:flutter/src/widgets/framework.dart:5799)
I/flutter (19266): #88     ComponentElement.mount (package:flutter/src/widgets/framework.dart:5793)
I/flutter (19266): #89     Element.inflateWidget (package:flutter/src/widgets/framework.dart:4587)
I/flutter (19266): #90     Element.updateChild (package:flutter/src/widgets/framework.dart:4059)
I/flutter (19266): #91     SingleChildRenderObjectElement.mount (package:flutter/src/widgets/framework.dart:7115)
I/flutter (19266): #92     Element.inflateWidget (package:flutter/src/widgets/framework.dart:4587)
I/flutter (19266): #93     Element.updateChild (package:flutter/src/widgets/framework.dart:4059)
I/flutter (19266): #94     ComponentElement.performRebuild (package:flutter/src/widgets/framework.dart:5841)
I/flutter (19266): #95     StatefulElement.performRebuild (package:flutter/src/widgets/framework.dart:5982)
I/flutter (19266): #96     Element.rebuild (package:flutter/src/widgets/framework.dart:5529)
I/flutter (19266): #97     ComponentElement._firstBuild (package:flutter/src/widgets/framework.dart:5799)
I/flutter (19266): #98     StatefulElement._firstBuild (package:flutter/src/widgets/framework.dart:5973)
I/flutter (19266): #99     ComponentElement.mount (package:flutter/src/widgets/framework.dart:5793)
I/flutter (19266): type 'MultiChildLayoutParentData' is not a subtype of type 'StackParentData' in type cast
I/flutter (19266): #0      Positioned.applyParentData (package:flutter/src/widgets/basic.dart:5171)
I/flutter (19266): #1      RenderObjectElement._updateParentData (package:flutter/src/widgets/framework.dart:6901)
I/flutter (19266): #2      RenderObjectElement.attachRenderObject (package:flutter/src/widgets/framework.dart:6945)
I/flutter (19266): #3      RenderObjectElement.mount (package:flutter/src/widgets/framework.dart:6801)
I/flutter (19266): #4      Element.inflateWidget (package:flutter/src/widgets/framework.dart:4587)
I/flutter (19266): #5      Element.updateChild (package:flutter/src/widgets/framework.dart:4059)
I/flutter (19266): #6      ComponentElement.performRebuild (package:flutter/src/widgets/framework.dart:5858)
I/flutter (19266): #7      Element.rebuild (package:flutter/src/widgets/framework.dart:5529)
I/flutter (19266): #8      ComponentElement._firstBuild (package:flutter/src/widgets/framework.dart:5799)
I/flutter (19266): #9      ComponentElement.mount (package:flutter/src/widgets/framework.dart:5793)
I/flutter (19266): #10     Element.inflateWidget (package:flutter/src/widgets/framework.dart:4587)
I/flutter (19266): #11     Element.updateChild (package:flutter/src/widgets/framework.dart:4059)
I/flutter (19266): #12     ComponentElement.performRebuild (package:flutter/src/widgets/framework.dart:5841)
I/flutter (19266): #13     StatefulElement.performRebuild (package:flutter/src/widgets/framework.dart:5982)
I/flutter (19266): #14     Element.rebuild (package:flutter/src/widgets/framework.dart:5529)
I/flutter (19266): #15     ComponentElement._firstBuild (package:flutter/src/widgets/framework.dart:5799)
I/flutter (19266): #16     StatefulElement._firstBuild (package:flutter/src/widgets/framework.dart:5973)
I/flutter (19266): #17     ComponentElement.mount (package:flutter/src/widgets/framework.dart:5793)
I/flutter (19266): #18     Element.inflateWidget (package:flutter/src/widgets/framework.dart:4587)
I/flutter (19266): #19     Element.updateChild (package:flutter/src/widgets/framework.dart:4059)
I/flutter (19266): #20     ComponentElement.performRebuild (package:flutter/src/widgets/framework.dart:5841)
I/flutter (19266): #21     Element.rebuild (package:flutter/src/widgets/framework.dart:5529)
I/flutter (19266): #22     ComponentElement._firstBuild (package:flutter/src/widgets/framework.dart:5799)
I/flutter (19266): #23     ComponentElement.mount (package:flutter/src/widgets/framework.dart:5793)
I/flutter (19266): #24     Element.inflateWidget (package:flutter/src/widgets/framework.dart:4587)
I/flutter (19266): #25     Element.updateChild (package:flutter/src/widgets/framework.dart:4059)
I/flutter (19266): #26     ComponentElement.performRebuild (package:flutter/src/widgets/framework.dart:5841)
I/flutter (19266): #27     Element.rebuild (package:flutter/src/widgets/framework.dart:5529)
I/flutter (19266): #28     ComponentElement._firstBuild (package:flutter/src/widgets/framework.dart:5799)
I/flutter (19266): #29     ComponentElement.mount (package:flutter/src/widgets/framework.dart:5793)
I/flutter (19266): #30     Element.inflateWidget (package:flutter/src/widgets/framework.dart:4587)
I/flutter (19266): #31     Element.updateChild (package:flutter/src/widgets/framework.dart:4059)
I/flutter (19266): #32     ComponentElement.performRebuild (package:flutter/src/widgets/framework.dart:5841)
I/flutter (19266): #33     Element.rebuild (package:flutter/src/widgets/framework.dart:5529)
I/flutter (19266): #34     ComponentElement._firstBuild (package:flutter/src/widgets/framework.dart:5799)
I/flutter (19266): #35     ComponentElement.mount (package:flutter/src/widgets/framework.dart:5793)
I/flutter (19266): #36     Element.inflateWidget (package:flutter/src/widgets/framework.dart:4587)
I/flutter (19266): #37     Element.updateChild (package:flutter/src/widgets/framework.dart:4059)
I/flutter (19266): #38     ComponentElement.performRebuild (package:flutter/src/widgets/framework.dart:5841)
I/flutter (19266): #39     Element.rebuild (package:flutter/src/widgets/framework.dart:5529)
I/flutter (19266): #40     ComponentElement._firstBuild (package:flutter/src/widgets/framework.dart:5799)
I/flutter (19266): #41     ComponentElement.mount (package:flutter/src/widgets/framework.dart:5793)
I/flutter (19266): #42     Element.inflateWidget (package:flutter/src/widgets/framework.dart:4587)
I/flutter (19266): #43     MultiChildRenderObjectElement.inflateWidget (package:flutter/src/widgets/framework.dart:7264)
I/flutter (19266): #44     MultiChildRenderObjectElement.mount (package:flutter/src/widgets/framework.dart:7279)
I/flutter (19266): #45     Element.inflateWidget (package:flutter/src/widgets/framework.dart:4587)
I/flutter (19266): #46     Element.updateChild (package:flutter/src/widgets/framework.dart:4059)
I/flutter (19266): #47     ComponentElement.performRebuild (package:flutter/src/widgets/framework.dart:5841)
D/DecorView[](19266): getWindowModeFromSystem  windowmode is 1
D/DecorView[](19266): updateDecorCaptionStatus displayWindowDecor is false
D/ProfileInstaller(19266): Installing profile for com.example.benchmark_container
I/flutter (19266): #48     Element.rebuild (package:flutter/src/widgets/framework.dart:5529)
I/flutter (19266): #49     ComponentElement._firstBuild (package:flutter/src/widgets/framework.dart:5799)
I/flutter (19266): #50     ComponentElement.mount (package:flutter/src/widgets/framework.dart:5793)
I/flutter (19266): #51     Element.inflateWidget (package:flutter/src/widgets/framework.dart:4587)
I/flutter (19266): #52     Element.updateChild (package:flutter/src/widgets/framework.dart:4059)
I/flutter (19266): #53     ComponentElement.performRebuild (package:flutter/src/widgets/framework.dart:5841)
I/flutter (19266): #54     StatefulElement.performRebuild (package:flutter/src/widgets/framework.dart:5982)
I/flutter (19266): #55     Element.rebuild (package:flutter/src/widgets/framework.dart:5529)
I/flutter (19266): #56     ComponentElement._firstBuild (package:flutter/src/widgets/framework.dart:5799)
I/flutter (19266): #57     StatefulElement._firstBuild (package:flutter/src/widgets/framework.dart:5973)
I/flutter (19266): #58     ComponentElement.mount (package:flutter/src/widgets/framework.dart:5793)
I/flutter (19266): #59     Element.inflateWidget (package:flutter/src/widgets/framework.dart:4587)
I/flutter (19266): #60     Element.updateChild (package:flutter/src/widgets/framework.dart:4059)
I/flutter (19266): #61     ComponentElement.performRebuild (package:flutter/src/widgets/framework.dart:5841)
I/flutter (19266): #62     Element.rebuild (package:flutter/src/widgets/framework.dart:5529)
I/flutter (19266): #63     ComponentElement._firstBuild (package:flutter/src/widgets/framework.dart:5799)
I/flutter (19266): #64     ComponentElement.mount (package:flutter/src/widgets/framework.dart:5793)
I/flutter (19266): #65     Element.inflateWidget (package:flutter/src/widgets/framework.dart:4587)
I/flutter (19266): #66     Element.updateChild (package:flutter/src/widgets/framework.dart:4059)
I/flutter (19266): #67     ComponentElement.performRebuild (package:flutter/src/widgets/framework.dart:5841)
I/flutter (19266): #68     Element.rebuild (package:flutter/src/widgets/framework.dart:5529)
I/flutter (19266): #69     ComponentElement._firstBuild (package:flutter/src/widgets/framework.dart:5799)
I/flutter (19266): #70     ComponentElement.mount (package:flutter/src/widgets/framework.dart:5793)
I/flutter (19266): #71     Element.inflateWidget (package:flutter/src/widgets/framework.dart:4587)
I/flutter (19266): #72     Element.updateChild (package:flutter/src/widgets/framework.dart:4059)
I/flutter (19266): #73     ComponentElement.performRebuild (package:flutter/src/widgets/framework.dart:5841)
I/flutter (19266): #74     StatefulElement.performRebuild (package:flutter/src/widgets/framework.dart:5982)
I/flutter (19266): #75     Element.rebuild (package:flutter/src/widgets/framework.dart:5529)
I/flutter (19266): #76     ComponentElement._firstBuild (package:flutter/src/widgets/framework.dart:5799)
I/flutter (19266): #77     StatefulElement._firstBuild (package:flutter/src/widgets/framework.dart:5973)
I/flutter (19266): #78     ComponentElement.mount (package:flutter/src/widgets/framework.dart:5793)
I/flutter (19266): #79     Element.inflateWidget (package:flutter/src/widgets/framework.dart:4587)
I/flutter (19266): #80     Element.updateChild (package:flutter/src/widgets/framework.dart:4059)
I/flutter (19266): #81     SingleChildRenderObjectElement.mount (package:flutter/src/widgets/framework.dart:7115)
I/flutter (19266): #82     Element.inflateWidget (package:flutter/src/widgets/framework.dart:4587)
I/flutter (19266): #83     Element.updateChild (package:flutter/src/widgets/framework.dart:4059)
I/flutter (19266): #84     ComponentElement.performRebuild (package:flutter/src/widgets/framework.dart:5841)
I/flutter (19266): #85     Element.rebuild (package:flutter/src/widgets/framework.dart:5529)
I/flutter (19266): #86     ComponentElement._firstBuild (package:flutter/src/widgets/framework.dart:5799)
I/flutter (19266): #87     ComponentElement.mount (package:flutter/src/widgets/framework.dart:5793)
I/flutter (19266): #88     Element.inflateWidget (package:flutter/src/widgets/framework.dart:4587)
I/flutter (19266): #89     Element.updateChild (package:flutter/src/widgets/framework.dart:4059)
I/flutter (19266): #90     SingleChildRenderObjectElement.mount (package:flutter/src/widgets/framework.dart:7115)
I/flutter (19266): #91     Element.inflateWidget (package:flutter/src/widgets/framework.dart:4587)
I/flutter (19266): #92     Element.updateChild (package:flutter/src/widgets/framework.dart:4059)
I/flutter (19266): #93     ComponentElement.performRebuild (package:flutter/src/widgets/framework.dart:5841)
I/flutter (19266): #94     StatefulElement.performRebuild (package:flutter/src/widgets/framework.dart:5982)
I/flutter (19266): #95     Element.rebuild (package:flutter/src/widgets/framework.dart:5529)
I/flutter (19266): #96     ComponentElement._firstBuild (package:flutter/src/widgets/framework.dart:5799)
I/flutter (19266): #97     StatefulElement._firstBuild (package:flutter/src/widgets/framework.dart:5973)
I/flutter (19266): #98     ComponentElement.mount (package:flutter/src/widgets/framework.dart:5793)
I/flutter (19266): #99     Element.inflateWidget (package:flutter/src/widgets/framework.dart:4587)
I/flutter (19266): type 'MultiChildLayoutParentData' is not a subtype of type 'StackParentData' in type cast
I/flutter (19266): #0      Positioned.applyParentData (package:flutter/src/widgets/basic.dart:5171)
I/flutter (19266): #1      RenderObjectElement._updateParentData (package:flutter/src/widgets/framework.dart:6901)
I/flutter (19266): #2      RenderObjectElement.attachRenderObject (package:flutter/src/widgets/framework.dart:6945)
I/flutter (19266): #3      RenderObjectElement.mount (package:flutter/src/widgets/framework.dart:6801)
I/flutter (19266): #4      SingleChildRenderObjectElement.mount (package:flutter/src/widgets/framework.dart:7114)
I/flutter (19266): #5      Element.inflateWidget (package:flutter/src/widgets/framework.dart:4587)
I/flutter (19266): #6      Element.updateChild (package:flutter/src/widgets/framework.dart:4059)
I/flutter (19266): #7      ComponentElement.performRebuild (package:flutter/src/widgets/framework.dart:5841)
I/flutter (19266): #8      Element.rebuild (package:flutter/src/widgets/framework.dart:5529)
I/flutter (19266): #9      ComponentElement._firstBuild (package:flutter/src/widgets/framework.dart:5799)
I/flutter (19266): #10     ComponentElement.mount (package:flutter/src/widgets/framework.dart:5793)
I/flutter (19266): #11     Element.inflateWidget (package:flutter/src/widgets/framework.dart:4587)
I/flutter (19266): #12     Element.updateChild (package:flutter/src/widgets/framework.dart:4053)
I/flutter (19266): #13     ComponentElement.performRebuild (package:flutter/src/widgets/framework.dart:5841)
I/flutter (19266): #14     StatefulElement.performRebuild (package:flutter/src/widgets/framework.dart:5982)
I/flutter (19266): #15     Element.rebuild (package:flutter/src/widgets/framework.dart:5529)
I/flutter (19266): #16     BuildScope._tryRebuild (package:flutter/src/widgets/framework.dart:2750)
I/flutter (19266): #17     BuildScope._flushDirtyElements (package:flutter/src/widgets/framework.dart:2807)
I/flutter (19266): #18     BuildOwner.buildScope (package:flutter/src/widgets/framework.dart:3111)
I/flutter (19266): #19     WidgetsBinding.drawFrame (package:flutter/src/widgets/binding.dart:1571)
I/flutter (19266): #20     RendererBinding._handlePersistentFrameCallback (package:flutter/src/rendering/binding.dart:509)
I/flutter (19266): #21     SchedulerBinding._invokeFrameCallback (package:flutter/src/scheduler/binding.dart:1430)
I/flutter (19266): #22     SchedulerBinding.handleDrawFrame (package:flutter/src/scheduler/binding.dart:1345)
I/flutter (19266): #23     LiveTestWidgetsFlutterBinding.handleDrawFrame (package:flutter_test/src/binding.dart:2811)
I/flutter (19266): #24     SchedulerBinding._handleDrawFrame (package:flutter/src/scheduler/binding.dart:1198)
I/flutter (19266): #28     _invoke (dart:ui/hooks.dart:425)
I/flutter (19266): #29     PlatformDispatcher._drawFrame (dart:ui/platform_dispatcher.dart:447)
I/flutter (19266): #30     _drawFrame (dart:ui/hooks.dart:395)
I/flutter (19266): (elided 3 frames from dart:async)
I/flutter (19266): type 'MultiChildLayoutParentData' is not a subtype of type 'StackParentData' in type cast
I/flutter (19266): #0      Positioned.applyParentData (package:flutter/src/widgets/basic.dart:5171)
I/flutter (19266): #1      RenderObjectElement._updateParentData (package:flutter/src/widgets/framework.dart:6901)
I/flutter (19266): #2      RenderObjectElement.attachRenderObject (package:flutter/src/widgets/framework.dart:6945)
I/flutter (19266): #3      RenderObjectElement.mount (package:flutter/src/widgets/framework.dart:6801)
I/flutter (19266): #4      Element.inflateWidget (package:flutter/src/widgets/framework.dart:4587)
I/flutter (19266): #5      Element.updateChild (package:flutter/src/widgets/framework.dart:4059)
I/flutter (19266): #6      ComponentElement.performRebuild (package:flutter/src/widgets/framework.dart:5858)
I/flutter (19266): #7      Element.rebuild (package:flutter/src/widgets/framework.dart:5529)
I/flutter (19266): #8      ComponentElement._firstBuild (package:flutter/src/widgets/framework.dart:5799)
I/flutter (19266): #9      ComponentElement.mount (package:flutter/src/widgets/framework.dart:5793)
I/flutter (19266): #10     Element.inflateWidget (package:flutter/src/widgets/framework.dart:4587)
I/flutter (19266): #11     Element.updateChild (package:flutter/src/widgets/framework.dart:4053)
I/flutter (19266): #12     ComponentElement.performRebuild (package:flutter/src/widgets/framework.dart:5841)
I/flutter (19266): #13     StatefulElement.performRebuild (package:flutter/src/widgets/framework.dart:5982)
I/flutter (19266): #14     Element.rebuild (package:flutter/src/widgets/framework.dart:5529)
I/flutter (19266): #15     BuildScope._tryRebuild (package:flutter/src/widgets/framework.dart:2750)
I/flutter (19266): #16     BuildScope._flushDirtyElements (package:flutter/src/widgets/framework.dart:2807)
I/flutter (19266): #17     BuildOwner.buildScope (package:flutter/src/widgets/framework.dart:3111)
I/flutter (19266): #18     WidgetsBinding.drawFrame (package:flutter/src/widgets/binding.dart:1571)
I/flutter (19266): #19     RendererBinding._handlePersistentFrameCallback (package:flutter/src/rendering/binding.dart:509)
I/flutter (19266): #20     SchedulerBinding._invokeFrameCallback (package:flutter/src/scheduler/binding.dart:1430)
I/flutter (19266): #21     SchedulerBinding.handleDrawFrame (package:flutter/src/scheduler/binding.dart:1345)
I/flutter (19266): #22     LiveTestWidgetsFlutterBinding.handleDrawFrame (package:flutter_test/src/binding.dart:2811)
I/flutter (19266): #23     SchedulerBinding._handleDrawFrame (package:flutter/src/scheduler/binding.dart:1198)
I/flutter (19266): #27     _invoke (dart:ui/hooks.dart:425)
I/flutter (19266): #28     PlatformDispatcher._drawFrame (dart:ui/platform_dispatcher.dart:447)
I/flutter (19266): #29     _drawFrame (dart:ui/hooks.dart:395)
I/flutter (19266): (elided 3 frames from dart:async)
I/flutter (19266): [SPM:perf] 698a51a  buildSpan: 5636µs
I/flutter (19266): [spm] Performance monitoring completed for 698a51a
[spm]: ProfilerData event received.
I/flutter (19266): type 'MultiChildLayoutParentData' is not a subtype of type 'StackParentData' in type cast
I/flutter (19266): #0      Positioned.applyParentData (package:flutter/src/widgets/basic.dart:5171)
I/flutter (19266): #1      RenderObjectElement._updateParentData (package:flutter/src/widgets/framework.dart:6901)
I/flutter (19266): #2      RenderObjectElement.attachRenderObject (package:flutter/src/widgets/framework.dart:6945)
I/flutter (19266): #3      RenderObjectElement.mount (package:flutter/src/widgets/framework.dart:6801)
I/flutter (19266): #4      SingleChildRenderObjectElement.mount (package:flutter/src/widgets/framework.dart:7114)
I/flutter (19266): #5      Element.inflateWidget (package:flutter/src/widgets/framework.dart:4587)
I/flutter (19266): #6      Element.updateChild (package:flutter/src/widgets/framework.dart:4059)
I/flutter (19266): #7      ComponentElement.performRebuild (package:flutter/src/widgets/framework.dart:5841)
I/flutter (19266): #8      Element.rebuild (package:flutter/src/widgets/framework.dart:5529)
I/flutter (19266): #9      ComponentElement._firstBuild (package:flutter/src/widgets/framework.dart:5799)
I/flutter (19266): #10     ComponentElement.mount (package:flutter/src/widgets/framework.dart:5793)
I/flutter (19266): #11     Element.inflateWidget (package:flutter/src/widgets/framework.dart:4587)
I/flutter (19266): #12     Element.updateChild (package:flutter/src/widgets/framework.dart:4053)
I/flutter (19266): #13     ComponentElement.performRebuild (package:flutter/src/widgets/framework.dart:5841)
I/flutter (19266): #14     StatefulElement.performRebuild (package:flutter/src/widgets/framework.dart:5982)
I/flutter (19266): #15     Element.rebuild (package:flutter/src/widgets/framework.dart:5529)
I/flutter (19266): #16     BuildScope._tryRebuild (package:flutter/src/widgets/framework.dart:2750)
I/flutter (19266): #17     BuildScope._flushDirtyElements (package:flutter/src/widgets/framework.dart:2807)
I/flutter (19266): #18     BuildOwner.buildScope (package:flutter/src/widgets/framework.dart:3111)
I/flutter (19266): #19     WidgetsBinding.drawFrame (package:flutter/src/widgets/binding.dart:1571)
I/flutter (19266): #20     RendererBinding._handlePersistentFrameCallback (package:flutter/src/rendering/binding.dart:509)
I/flutter (19266): #21     SchedulerBinding._invokeFrameCallback (package:flutter/src/scheduler/binding.dart:1430)
I/flutter (19266): #22     SchedulerBinding.handleDrawFrame (package:flutter/src/scheduler/binding.dart:1345)
I/flutter (19266): #23     LiveTestWidgetsFlutterBinding.handleDrawFrame (package:flutter_test/src/binding.dart:2811)
I/flutter (19266): #24     SchedulerBinding._handleDrawFrame (package:flutter/src/scheduler/binding.dart:1198)
I/flutter (19266): #28     _invoke (dart:ui/hooks.dart:425)
I/flutter (19266): #29     PlatformDispatcher._drawFrame (dart:ui/platform_dispatcher.dart:447)
I/flutter (19266): #30     _drawFrame (dart:ui/hooks.dart:395)
I/flutter (19266): (elided 3 frames from dart:async)
I/flutter (19266): type 'MultiChildLayoutParentData' is not a subtype of type 'StackParentData' in type cast
I/flutter (19266): #0      Positioned.applyParentData (package:flutter/src/widgets/basic.dart:5171)
I/flutter (19266): #1      RenderObjectElement._updateParentData (package:flutter/src/widgets/framework.dart:6901)
I/flutter (19266): #2      RenderObjectElement.attachRenderObject (package:flutter/src/widgets/framework.dart:6945)
I/flutter (19266): #3      RenderObjectElement.mount (package:flutter/src/widgets/framework.dart:6801)
I/flutter (19266): #4      Element.inflateWidget (package:flutter/src/widgets/framework.dart:4587)
I/flutter (19266): #5      Element.updateChild (package:flutter/src/widgets/framework.dart:4059)
I/flutter (19266): #6      ComponentElement.performRebuild (package:flutter/src/widgets/framework.dart:5858)
I/flutter (19266): #7      Element.rebuild (package:flutter/src/widgets/framework.dart:5529)
I/flutter (19266): #8      ComponentElement._firstBuild (package:flutter/src/widgets/framework.dart:5799)
I/flutter (19266): #9      ComponentElement.mount (package:flutter/src/widgets/framework.dart:5793)
I/flutter (19266): #10     Element.inflateWidget (package:flutter/src/widgets/framework.dart:4587)
I/flutter (19266): #11     Element.updateChild (package:flutter/src/widgets/framework.dart:4053)
I/flutter (19266): #12     ComponentElement.performRebuild (package:flutter/src/widgets/framework.dart:5841)
I/flutter (19266): #13     StatefulElement.performRebuild (package:flutter/src/widgets/framework.dart:5982)
I/flutter (19266): #14     Element.rebuild (package:flutter/src/widgets/framework.dart:5529)
I/flutter (19266): #15     BuildScope._tryRebuild (package:flutter/src/widgets/framework.dart:2750)
I/flutter (19266): #16     BuildScope._flushDirtyElements (package:flutter/src/widgets/framework.dart:2807)
I/flutter (19266): #17     BuildOwner.buildScope (package:flutter/src/widgets/framework.dart:3111)
I/flutter (19266): #18     WidgetsBinding.drawFrame (package:flutter/src/widgets/binding.dart:1571)
I/flutter (19266): #19     RendererBinding._handlePersistentFrameCallback (package:flutter/src/rendering/binding.dart:509)
I/flutter (19266): #20     SchedulerBinding._invokeFrameCallback (package:flutter/src/scheduler/binding.dart:1430)
I/flutter (19266): #21     SchedulerBinding.handleDrawFrame (package:flutter/src/scheduler/binding.dart:1345)
I/flutter (19266): #22     LiveTestWidgetsFlutterBinding.handleDrawFrame (package:flutter_test/src/binding.dart:2811)
I/flutter (19266): #23     SchedulerBinding._handleDrawFrame (package:flutter/src/scheduler/binding.dart:1198)
I/flutter (19266): #27     _invoke (dart:ui/hooks.dart:425)
I/flutter (19266): #28     PlatformDispatcher._drawFrame (dart:ui/platform_dispatcher.dart:447)
I/flutter (19266): #29     _drawFrame (dart:ui/hooks.dart:395)
I/flutter (19266): (elided 3 frames from dart:async)
[spm]: ProfilerData event received.
I/flutter (19266): [SPM:perf] 698a51a  buildSpan: 8000µs
I/flutter (19266): [spm] Performance monitoring completed for 698a51a
I/flutter (19266): type 'MultiChildLayoutParentData' is not a subtype of type 'StackParentData' in type cast
I/flutter (19266): #0      Positioned.applyParentData (package:flutter/src/widgets/basic.dart:5171)
I/flutter (19266): #1      RenderObjectElement._updateParentData (package:flutter/src/widgets/framework.dart:6901)
I/flutter (19266): #2      RenderObjectElement.attachRenderObject (package:flutter/src/widgets/framework.dart:6945)
I/flutter (19266): #3      RenderObjectElement.mount (package:flutter/src/widgets/framework.dart:6801)
I/flutter (19266): #4      SingleChildRenderObjectElement.mount (package:flutter/src/widgets/framework.dart:7114)
I/flutter (19266): #5      Element.inflateWidget (package:flutter/src/widgets/framework.dart:4587)
I/flutter (19266): #6      Element.updateChild (package:flutter/src/widgets/framework.dart:4059)
I/flutter (19266): #7      ComponentElement.performRebuild (package:flutter/src/widgets/framework.dart:5841)
I/flutter (19266): #8      Element.rebuild (package:flutter/src/widgets/framework.dart:5529)
I/flutter (19266): #9      ComponentElement._firstBuild (package:flutter/src/widgets/framework.dart:5799)
I/flutter (19266): #10     ComponentElement.mount (package:flutter/src/widgets/framework.dart:5793)
I/flutter (19266): #11     Element.inflateWidget (package:flutter/src/widgets/framework.dart:4587)
I/flutter (19266): #12     Element.updateChild (package:flutter/src/widgets/framework.dart:4053)
I/flutter (19266): #13     ComponentElement.performRebuild (package:flutter/src/widgets/framework.dart:5841)
I/flutter (19266): #14     StatefulElement.performRebuild (package:flutter/src/widgets/framework.dart:5982)
I/flutter (19266): #15     Element.rebuild (package:flutter/src/widgets/framework.dart:5529)
I/flutter (19266): #16     BuildScope._tryRebuild (package:flutter/src/widgets/framework.dart:2750)
I/flutter (19266): #17     BuildScope._flushDirtyElements (package:flutter/src/widgets/framework.dart:2807)
I/flutter (19266): #18     BuildOwner.buildScope (package:flutter/src/widgets/framework.dart:3111)
I/flutter (19266): #19     WidgetsBinding.drawFrame (package:flutter/src/widgets/binding.dart:1571)
I/flutter (19266): #20     RendererBinding._handlePersistentFrameCallback (package:flutter/src/rendering/binding.dart:509)
I/flutter (19266): #21     SchedulerBinding._invokeFrameCallback (package:flutter/src/scheduler/binding.dart:1430)
I/flutter (19266): #22     SchedulerBinding.handleDrawFrame (package:flutter/src/scheduler/binding.dart:1345)
I/flutter (19266): #23     LiveTestWidgetsFlutterBinding.handleDrawFrame (package:flutter_test/src/binding.dart:2811)
I/flutter (19266): #24     SchedulerBinding._handleDrawFrame (package:flutter/src/scheduler/binding.dart:1198)
I/flutter (19266): #28     _invoke (dart:ui/hooks.dart:425)
I/flutter (19266): #29     PlatformDispatcher._drawFrame (dart:ui/platform_dispatcher.dart:447)
I/flutter (19266): #30     _drawFrame (dart:ui/hooks.dart:395)
I/flutter (19266): (elided 3 frames from dart:async)
I/flutter (19266): type 'MultiChildLayoutParentData' is not a subtype of type 'StackParentData' in type cast
I/flutter (19266): #0      Positioned.applyParentData (package:flutter/src/widgets/basic.dart:5171)
I/flutter (19266): #1      RenderObjectElement._updateParentData (package:flutter/src/widgets/framework.dart:6901)
I/flutter (19266): #2      RenderObjectElement.attachRenderObject (package:flutter/src/widgets/framework.dart:6945)
I/flutter (19266): #3      RenderObjectElement.mount (package:flutter/src/widgets/framework.dart:6801)
I/flutter (19266): #4      Element.inflateWidget (package:flutter/src/widgets/framework.dart:4587)
I/flutter (19266): #5      Element.updateChild (package:flutter/src/widgets/framework.dart:4059)
I/flutter (19266): #6      ComponentElement.performRebuild (package:flutter/src/widgets/framework.dart:5858)
I/flutter (19266): #7      Element.rebuild (package:flutter/src/widgets/framework.dart:5529)
I/flutter (19266): #8      ComponentElement._firstBuild (package:flutter/src/widgets/framework.dart:5799)
I/flutter (19266): #9      ComponentElement.mount (package:flutter/src/widgets/framework.dart:5793)
I/flutter (19266): #10     Element.inflateWidget (package:flutter/src/widgets/framework.dart:4587)
I/flutter (19266): #11     Element.updateChild (package:flutter/src/widgets/framework.dart:4053)
I/flutter (19266): #12     ComponentElement.performRebuild (package:flutter/src/widgets/framework.dart:5841)
I/flutter (19266): #13     StatefulElement.performRebuild (package:flutter/src/widgets/framework.dart:5982)
I/flutter (19266): #14     Element.rebuild (package:flutter/src/widgets/framework.dart:5529)
I/flutter (19266): #15     BuildScope._tryRebuild (package:flutter/src/widgets/framework.dart:2750)
I/flutter (19266): #16     BuildScope._flushDirtyElements (package:flutter/src/widgets/framework.dart:2807)
I/flutter (19266): #17     BuildOwner.buildScope (package:flutter/src/widgets/framework.dart:3111)
I/flutter (19266): #18     WidgetsBinding.drawFrame (package:flutter/src/widgets/binding.dart:1571)
I/flutter (19266): #19     RendererBinding._handlePersistentFrameCallback (package:flutter/src/rendering/binding.dart:509)
I/flutter (19266): #20     SchedulerBinding._invokeFrameCallback (package:flutter/src/scheduler/binding.dart:1430)
I/flutter (19266): #21     SchedulerBinding.handleDrawFrame (package:flutter/src/scheduler/binding.dart:1345)
I/flutter (19266): #22     LiveTestWidgetsFlutterBinding.handleDrawFrame (package:flutter_test/src/binding.dart:2811)
I/flutter (19266): #23     SchedulerBinding._handleDrawFrame (package:flutter/src/scheduler/binding.dart:1198)
I/flutter (19266): #27     _invoke (dart:ui/hooks.dart:425)
I/flutter (19266): #28     PlatformDispatcher._drawFrame (dart:ui/platform_dispatcher.dart:447)
I/flutter (19266): #29     _drawFrame (dart:ui/hooks.dart:395)
I/flutter (19266): (elided 3 frames from dart:async)
I/flutter (19266): [SPM:perf] 698a51a  buildSpan: 5388µs
I/flutter (19266): [spm] Performance monitoring completed for 698a51a
[spm]: ProfilerData event received.
I/flutter (19266): type 'MultiChildLayoutParentData' is not a subtype of type 'StackParentData' in type cast
I/flutter (19266): #0      Positioned.applyParentData (package:flutter/src/widgets/basic.dart:5171)
I/flutter (19266): #1      RenderObjectElement._updateParentData (package:flutter/src/widgets/framework.dart:6901)
I/flutter (19266): #2      RenderObjectElement.attachRenderObject (package:flutter/src/widgets/framework.dart:6945)
I/flutter (19266): #3      RenderObjectElement.mount (package:flutter/src/widgets/framework.dart:6801)
I/flutter (19266): #4      SingleChildRenderObjectElement.mount (package:flutter/src/widgets/framework.dart:7114)
I/flutter (19266): #5      Element.inflateWidget (package:flutter/src/widgets/framework.dart:4587)
I/flutter (19266): #6      Element.updateChild (package:flutter/src/widgets/framework.dart:4059)
I/flutter (19266): #7      ComponentElement.performRebuild (package:flutter/src/widgets/framework.dart:5841)
I/flutter (19266): #8      Element.rebuild (package:flutter/src/widgets/framework.dart:5529)
I/flutter (19266): #9      ComponentElement._firstBuild (package:flutter/src/widgets/framework.dart:5799)
I/flutter (19266): #10     ComponentElement.mount (package:flutter/src/widgets/framework.dart:5793)
I/flutter (19266): #11     Element.inflateWidget (package:flutter/src/widgets/framework.dart:4587)
I/flutter (19266): #12     Element.updateChild (package:flutter/src/widgets/framework.dart:4053)
I/flutter (19266): #13     ComponentElement.performRebuild (package:flutter/src/widgets/framework.dart:5841)
I/flutter (19266): #14     StatefulElement.performRebuild (package:flutter/src/widgets/framework.dart:5982)
I/flutter (19266): #15     Element.rebuild (package:flutter/src/widgets/framework.dart:5529)
I/flutter (19266): #16     BuildScope._tryRebuild (package:flutter/src/widgets/framework.dart:2750)
I/flutter (19266): #17     BuildScope._flushDirtyElements (package:flutter/src/widgets/framework.dart:2807)
I/flutter (19266): #18     BuildOwner.buildScope (package:flutter/src/widgets/framework.dart:3111)
I/flutter (19266): #19     WidgetsBinding.drawFrame (package:flutter/src/widgets/binding.dart:1571)
I/flutter (19266): #20     RendererBinding._handlePersistentFrameCallback (package:flutter/src/rendering/binding.dart:509)
I/flutter (19266): #21     SchedulerBinding._invokeFrameCallback (package:flutter/src/scheduler/binding.dart:1430)
I/flutter (19266): #22     SchedulerBinding.handleDrawFrame (package:flutter/src/scheduler/binding.dart:1345)
I/flutter (19266): #23     LiveTestWidgetsFlutterBinding.handleDrawFrame (package:flutter_test/src/binding.dart:2811)
I/flutter (19266): #24     SchedulerBinding._handleDrawFrame (package:flutter/src/scheduler/binding.dart:1198)
I/flutter (19266): #28     _invoke (dart:ui/hooks.dart:425)
I/flutter (19266): #29     PlatformDispatcher._drawFrame (dart:ui/platform_dispatcher.dart:447)
I/flutter (19266): #30     _drawFrame (dart:ui/hooks.dart:395)
I/flutter (19266): (elided 3 frames from dart:async)
I/flutter (19266): type 'MultiChildLayoutParentData' is not a subtype of type 'StackParentData' in type cast
I/flutter (19266): #0      Positioned.applyParentData (package:flutter/src/widgets/basic.dart:5171)
I/flutter (19266): #1      RenderObjectElement._updateParentData (package:flutter/src/widgets/framework.dart:6901)
I/flutter (19266): #2      RenderObjectElement.attachRenderObject (package:flutter/src/widgets/framework.dart:6945)
I/flutter (19266): #3      RenderObjectElement.mount (package:flutter/src/widgets/framework.dart:6801)
I/flutter (19266): #4      Element.inflateWidget (package:flutter/src/widgets/framework.dart:4587)
I/flutter (19266): #5      Element.updateChild (package:flutter/src/widgets/framework.dart:4059)
I/flutter (19266): #6      ComponentElement.performRebuild (package:flutter/src/widgets/framework.dart:5858)
I/flutter (19266): #7      Element.rebuild (package:flutter/src/widgets/framework.dart:5529)
I/flutter (19266): #8      ComponentElement._firstBuild (package:flutter/src/widgets/framework.dart:5799)
I/flutter (19266): #9      ComponentElement.mount (package:flutter/src/widgets/framework.dart:5793)
I/flutter (19266): #10     Element.inflateWidget (package:flutter/src/widgets/framework.dart:4587)
I/flutter (19266): #11     Element.updateChild (package:flutter/src/widgets/framework.dart:4053)
I/flutter (19266): #12     ComponentElement.performRebuild (package:flutter/src/widgets/framework.dart:5841)
I/flutter (19266): #13     StatefulElement.performRebuild (package:flutter/src/widgets/framework.dart:5982)
I/flutter (19266): #14     Element.rebuild (package:flutter/src/widgets/framework.dart:5529)
I/flutter (19266): #15     BuildScope._tryRebuild (package:flutter/src/widgets/framework.dart:2750)
I/flutter (19266): #16     BuildScope._flushDirtyElements (package:flutter/src/widgets/framework.dart:2807)
I/flutter (19266): #17     BuildOwner.buildScope (package:flutter/src/widgets/framework.dart:3111)
I/flutter (19266): #18     WidgetsBinding.drawFrame (package:flutter/src/widgets/binding.dart:1571)
I/flutter (19266): #19     RendererBinding._handlePersistentFrameCallback (package:flutter/src/rendering/binding.dart:509)
I/flutter (19266): #20     SchedulerBinding._invokeFrameCallback (package:flutter/src/scheduler/binding.dart:1430)
I/flutter (19266): #21     SchedulerBinding.handleDrawFrame (package:flutter/src/scheduler/binding.dart:1345)
I/flutter (19266): #22     LiveTestWidgetsFlutterBinding.handleDrawFrame (package:flutter_test/src/binding.dart:2811)
I/flutter (19266): #23     SchedulerBinding._handleDrawFrame (package:flutter/src/scheduler/binding.dart:1198)
I/flutter (19266): #27     _invoke (dart:ui/hooks.dart:425)
I/flutter (19266): #28     PlatformDispatcher._drawFrame (dart:ui/platform_dispatcher.dart:447)
I/flutter (19266): #29     _drawFrame (dart:ui/hooks.dart:395)
I/flutter (19266): (elided 3 frames from dart:async)
[spm]: ProfilerData event received.
I/flutter (19266): [SPM:perf] 698a51a  buildSpan: 5305µs
I/flutter (19266): [spm] Performance monitoring completed for 698a51a
I/flutter (19266): type 'MultiChildLayoutParentData' is not a subtype of type 'StackParentData' in type cast
I/flutter (19266): #0      Positioned.applyParentData (package:flutter/src/widgets/basic.dart:5171)
I/flutter (19266): #1      RenderObjectElement._updateParentData (package:flutter/src/widgets/framework.dart:6901)
I/flutter (19266): #2      RenderObjectElement.attachRenderObject (package:flutter/src/widgets/framework.dart:6945)
I/flutter (19266): #3      RenderObjectElement.mount (package:flutter/src/widgets/framework.dart:6801)
I/flutter (19266): #4      SingleChildRenderObjectElement.mount (package:flutter/src/widgets/framework.dart:7114)
I/flutter (19266): #5      Element.inflateWidget (package:flutter/src/widgets/framework.dart:4587)
I/flutter (19266): #6      Element.updateChild (package:flutter/src/widgets/framework.dart:4059)
I/flutter (19266): #7      ComponentElement.performRebuild (package:flutter/src/widgets/framework.dart:5841)
I/flutter (19266): #8      Element.rebuild (package:flutter/src/widgets/framework.dart:5529)
I/flutter (19266): #9      ComponentElement._firstBuild (package:flutter/src/widgets/framework.dart:5799)
I/flutter (19266): #10     ComponentElement.mount (package:flutter/src/widgets/framework.dart:5793)
I/flutter (19266): #11     Element.inflateWidget (package:flutter/src/widgets/framework.dart:4587)
I/flutter (19266): #12     Element.updateChild (package:flutter/src/widgets/framework.dart:4053)
I/flutter (19266): #13     ComponentElement.performRebuild (package:flutter/src/widgets/framework.dart:5841)
I/flutter (19266): #14     StatefulElement.performRebuild (package:flutter/src/widgets/framework.dart:5982)
I/flutter (19266): #15     Element.rebuild (package:flutter/src/widgets/framework.dart:5529)
I/flutter (19266): #16     BuildScope._tryRebuild (package:flutter/src/widgets/framework.dart:2750)
I/flutter (19266): #17     BuildScope._flushDirtyElements (package:flutter/src/widgets/framework.dart:2807)
I/flutter (19266): #18     BuildOwner.buildScope (package:flutter/src/widgets/framework.dart:3111)
I/flutter (19266): #19     WidgetsBinding.drawFrame (package:flutter/src/widgets/binding.dart:1571)
I/flutter (19266): #20     RendererBinding._handlePersistentFrameCallback (package:flutter/src/rendering/binding.dart:509)
I/flutter (19266): #21     SchedulerBinding._invokeFrameCallback (package:flutter/src/scheduler/binding.dart:1430)
I/flutter (19266): #22     SchedulerBinding.handleDrawFrame (package:flutter/src/scheduler/binding.dart:1345)
I/flutter (19266): #23     LiveTestWidgetsFlutterBinding.handleDrawFrame (package:flutter_test/src/binding.dart:2811)
I/flutter (19266): #24     SchedulerBinding._handleDrawFrame (package:flutter/src/scheduler/binding.dart:1198)
I/flutter (19266): #28     _invoke (dart:ui/hooks.dart:425)
I/flutter (19266): #29     PlatformDispatcher._drawFrame (dart:ui/platform_dispatcher.dart:447)
I/flutter (19266): #30     _drawFrame (dart:ui/hooks.dart:395)
I/flutter (19266): (elided 3 frames from dart:async)
I/flutter (19266): type 'MultiChildLayoutParentData' is not a subtype of type 'StackParentData' in type cast
I/flutter (19266): #0      Positioned.applyParentData (package:flutter/src/widgets/basic.dart:5171)
I/flutter (19266): #1      RenderObjectElement._updateParentData (package:flutter/src/widgets/framework.dart:6901)
I/flutter (19266): #2      RenderObjectElement.attachRenderObject (package:flutter/src/widgets/framework.dart:6945)
I/flutter (19266): #3      RenderObjectElement.mount (package:flutter/src/widgets/framework.dart:6801)
I/flutter (19266): #4      Element.inflateWidget (package:flutter/src/widgets/framework.dart:4587)
I/flutter (19266): #5      Element.updateChild (package:flutter/src/widgets/framework.dart:4059)
I/flutter (19266): #6      ComponentElement.performRebuild (package:flutter/src/widgets/framework.dart:5858)
I/flutter (19266): #7      Element.rebuild (package:flutter/src/widgets/framework.dart:5529)
I/flutter (19266): #8      ComponentElement._firstBuild (package:flutter/src/widgets/framework.dart:5799)
I/flutter (19266): #9      ComponentElement.mount (package:flutter/src/widgets/framework.dart:5793)
I/flutter (19266): #10     Element.inflateWidget (package:flutter/src/widgets/framework.dart:4587)
I/flutter (19266): #11     Element.updateChild (package:flutter/src/widgets/framework.dart:4053)
I/flutter (19266): #12     ComponentElement.performRebuild (package:flutter/src/widgets/framework.dart:5841)
I/flutter (19266): #13     StatefulElement.performRebuild (package:flutter/src/widgets/framework.dart:5982)
I/flutter (19266): #14     Element.rebuild (package:flutter/src/widgets/framework.dart:5529)
I/flutter (19266): #15     BuildScope._tryRebuild (package:flutter/src/widgets/framework.dart:2750)
I/flutter (19266): #16     BuildScope._flushDirtyElements (package:flutter/src/widgets/framework.dart:2807)
I/flutter (19266): #17     BuildOwner.buildScope (package:flutter/src/widgets/framework.dart:3111)
I/flutter (19266): #18     WidgetsBinding.drawFrame (package:flutter/src/widgets/binding.dart:1571)
I/flutter (19266): #19     RendererBinding._handlePersistentFrameCallback (package:flutter/src/rendering/binding.dart:509)
I/flutter (19266): #20     SchedulerBinding._invokeFrameCallback (package:flutter/src/scheduler/binding.dart:1430)
I/flutter (19266): #21     SchedulerBinding.handleDrawFrame (package:flutter/src/scheduler/binding.dart:1345)
I/flutter (19266): #22     LiveTestWidgetsFlutterBinding.handleDrawFrame (package:flutter_test/src/binding.dart:2811)
I/flutter (19266): #23     SchedulerBinding._handleDrawFrame (package:flutter/src/scheduler/binding.dart:1198)
I/flutter (19266): #27     _invoke (dart:ui/hooks.dart:425)
I/flutter (19266): #28     PlatformDispatcher._drawFrame (dart:ui/platform_dispatcher.dart:447)
I/flutter (19266): #29     _drawFrame (dart:ui/hooks.dart:395)
I/flutter (19266): (elided 3 frames from dart:async)
I/flutter (19266): [SPM:perf] 698a51a  buildSpan: 5419µs
[spm]: ProfilerData event received.
I/flutter (19266): [spm] Performance monitoring completed for 698a51a
I/flutter (19266): type 'MultiChildLayoutParentData' is not a subtype of type 'StackParentData' in type cast
I/flutter (19266): #0      Positioned.applyParentData (package:flutter/src/widgets/basic.dart:5171)
I/flutter (19266): #1      RenderObjectElement._updateParentData (package:flutter/src/widgets/framework.dart:6901)
I/flutter (19266): #2      RenderObjectElement.attachRenderObject (package:flutter/src/widgets/framework.dart:6945)
I/flutter (19266): #3      RenderObjectElement.mount (package:flutter/src/widgets/framework.dart:6801)
I/flutter (19266): #4      SingleChildRenderObjectElement.mount (package:flutter/src/widgets/framework.dart:7114)
I/flutter (19266): #5      Element.inflateWidget (package:flutter/src/widgets/framework.dart:4587)
I/flutter (19266): #6      Element.updateChild (package:flutter/src/widgets/framework.dart:4059)
I/flutter (19266): #7      ComponentElement.performRebuild (package:flutter/src/widgets/framework.dart:5841)
I/flutter (19266): #8      Element.rebuild (package:flutter/src/widgets/framework.dart:5529)
I/flutter (19266): #9      ComponentElement._firstBuild (package:flutter/src/widgets/framework.dart:5799)
I/flutter (19266): #10     ComponentElement.mount (package:flutter/src/widgets/framework.dart:5793)
I/flutter (19266): #11     Element.inflateWidget (package:flutter/src/widgets/framework.dart:4587)
I/flutter (19266): #12     Element.updateChild (package:flutter/src/widgets/framework.dart:4053)
I/flutter (19266): #13     ComponentElement.performRebuild (package:flutter/src/widgets/framework.dart:5841)
I/flutter (19266): #14     StatefulElement.performRebuild (package:flutter/src/widgets/framework.dart:5982)
I/flutter (19266): #15     Element.rebuild (package:flutter/src/widgets/framework.dart:5529)
I/flutter (19266): #16     BuildScope._tryRebuild (package:flutter/src/widgets/framework.dart:2750)
I/flutter (19266): #17     BuildScope._flushDirtyElements (package:flutter/src/widgets/framework.dart:2807)
I/flutter (19266): #18     BuildOwner.buildScope (package:flutter/src/widgets/framework.dart:3111)
I/flutter (19266): #19     WidgetsBinding.drawFrame (package:flutter/src/widgets/binding.dart:1571)
I/flutter (19266): #20     RendererBinding._handlePersistentFrameCallback (package:flutter/src/rendering/binding.dart:509)
I/flutter (19266): #21     SchedulerBinding._invokeFrameCallback (package:flutter/src/scheduler/binding.dart:1430)
I/flutter (19266): #22     SchedulerBinding.handleDrawFrame (package:flutter/src/scheduler/binding.dart:1345)
I/flutter (19266): #23     LiveTestWidgetsFlutterBinding.handleDrawFrame (package:flutter_test/src/binding.dart:2811)
I/flutter (19266): #24     SchedulerBinding._handleDrawFrame (package:flutter/src/scheduler/binding.dart:1198)
I/flutter (19266): #28     _invoke (dart:ui/hooks.dart:425)
I/flutter (19266): #29     PlatformDispatcher._drawFrame (dart:ui/platform_dispatcher.dart:447)
I/flutter (19266): #30     _drawFrame (dart:ui/hooks.dart:395)
I/flutter (19266): (elided 3 frames from dart:async)
I/flutter (19266): type 'MultiChildLayoutParentData' is not a subtype of type 'StackParentData' in type cast
I/flutter (19266): #0      Positioned.applyParentData (package:flutter/src/widgets/basic.dart:5171)
I/flutter (19266): #1      RenderObjectElement._updateParentData (package:flutter/src/widgets/framework.dart:6901)
I/flutter (19266): #2      RenderObjectElement.attachRenderObject (package:flutter/src/widgets/framework.dart:6945)
I/flutter (19266): #3      RenderObjectElement.mount (package:flutter/src/widgets/framework.dart:6801)
I/flutter (19266): #4      Element.inflateWidget (package:flutter/src/widgets/framework.dart:4587)
I/flutter (19266): #5      Element.updateChild (package:flutter/src/widgets/framework.dart:4059)
I/flutter (19266): #6      ComponentElement.performRebuild (package:flutter/src/widgets/framework.dart:5858)
I/flutter (19266): #7      Element.rebuild (package:flutter/src/widgets/framework.dart:5529)
I/flutter (19266): #8      ComponentElement._firstBuild (package:flutter/src/widgets/framework.dart:5799)
I/flutter (19266): #9      ComponentElement.mount (package:flutter/src/widgets/framework.dart:5793)
I/flutter (19266): #10     Element.inflateWidget (package:flutter/src/widgets/framework.dart:4587)
I/flutter (19266): #11     Element.updateChild (package:flutter/src/widgets/framework.dart:4053)
I/flutter (19266): #12     ComponentElement.performRebuild (package:flutter/src/widgets/framework.dart:5841)
I/flutter (19266): #13     StatefulElement.performRebuild (package:flutter/src/widgets/framework.dart:5982)
I/flutter (19266): #14     Element.rebuild (package:flutter/src/widgets/framework.dart:5529)
I/flutter (19266): #15     BuildScope._tryRebuild (package:flutter/src/widgets/framework.dart:2750)
I/flutter (19266): #16     BuildScope._flushDirtyElements (package:flutter/src/widgets/framework.dart:2807)
I/flutter (19266): #17     BuildOwner.buildScope (package:flutter/src/widgets/framework.dart:3111)
I/flutter (19266): #18     WidgetsBinding.drawFrame (package:flutter/src/widgets/binding.dart:1571)
I/flutter (19266): #19     RendererBinding._handlePersistentFrameCallback (package:flutter/src/rendering/binding.dart:509)
I/flutter (19266): #20     SchedulerBinding._invokeFrameCallback (package:flutter/src/scheduler/binding.dart:1430)
I/flutter (19266): #21     SchedulerBinding.handleDrawFrame (package:flutter/src/scheduler/binding.dart:1345)
I/flutter (19266): #22     LiveTestWidgetsFlutterBinding.handleDrawFrame (package:flutter_test/src/binding.dart:2811)
I/flutter (19266): #23     SchedulerBinding._handleDrawFrame (package:flutter/src/scheduler/binding.dart:1198)
I/flutter (19266): #27     _invoke (dart:ui/hooks.dart:425)
I/flutter (19266): #28     PlatformDispatcher._drawFrame (dart:ui/platform_dispatcher.dart:447)
I/flutter (19266): #29     _drawFrame (dart:ui/hooks.dart:395)
I/flutter (19266): (elided 3 frames from dart:async)
[spm]: ProfilerData event received.
I/flutter (19266): [SPM:perf] 698a51a  buildSpan: 5462µs
I/flutter (19266): [spm] Performance monitoring completed for 698a51a
I/flutter (19266): type 'MultiChildLayoutParentData' is not a subtype of type 'StackParentData' in type cast
I/flutter (19266): #0      Positioned.applyParentData (package:flutter/src/widgets/basic.dart:5171)
I/flutter (19266): #1      RenderObjectElement._updateParentData (package:flutter/src/widgets/framework.dart:6901)
I/flutter (19266): #2      RenderObjectElement.attachRenderObject (package:flutter/src/widgets/framework.dart:6945)
I/flutter (19266): #3      RenderObjectElement.mount (package:flutter/src/widgets/framework.dart:6801)
I/flutter (19266): #4      SingleChildRenderObjectElement.mount (package:flutter/src/widgets/framework.dart:7114)
I/flutter (19266): #5      Element.inflateWidget (package:flutter/src/widgets/framework.dart:4587)
I/flutter (19266): #6      Element.updateChild (package:flutter/src/widgets/framework.dart:4059)
I/flutter (19266): #7      ComponentElement.performRebuild (package:flutter/src/widgets/framework.dart:5841)
I/flutter (19266): #8      Element.rebuild (package:flutter/src/widgets/framework.dart:5529)
I/flutter (19266): #9      ComponentElement._firstBuild (package:flutter/src/widgets/framework.dart:5799)
I/flutter (19266): #10     ComponentElement.mount (package:flutter/src/widgets/framework.dart:5793)
I/flutter (19266): #11     Element.inflateWidget (package:flutter/src/widgets/framework.dart:4587)
I/flutter (19266): #12     Element.updateChild (package:flutter/src/widgets/framework.dart:4053)
I/flutter (19266): #13     ComponentElement.performRebuild (package:flutter/src/widgets/framework.dart:5841)
I/flutter (19266): #14     StatefulElement.performRebuild (package:flutter/src/widgets/framework.dart:5982)
I/flutter (19266): #15     Element.rebuild (package:flutter/src/widgets/framework.dart:5529)
I/flutter (19266): #16     BuildScope._tryRebuild (package:flutter/src/widgets/framework.dart:2750)
I/flutter (19266): #17     BuildScope._flushDirtyElements (package:flutter/src/widgets/framework.dart:2807)
I/flutter (19266): #18     BuildOwner.buildScope (package:flutter/src/widgets/framework.dart:3111)
I/flutter (19266): #19     WidgetsBinding.drawFrame (package:flutter/src/widgets/binding.dart:1571)
I/flutter (19266): #20     RendererBinding._handlePersistentFrameCallback (package:flutter/src/rendering/binding.dart:509)
I/flutter (19266): #21     SchedulerBinding._invokeFrameCallback (package:flutter/src/scheduler/binding.dart:1430)
I/flutter (19266): #22     SchedulerBinding.handleDrawFrame (package:flutter/src/scheduler/binding.dart:1345)
I/flutter (19266): #23     LiveTestWidgetsFlutterBinding.handleDrawFrame (package:flutter_test/src/binding.dart:2811)
I/flutter (19266): #24     SchedulerBinding._handleDrawFrame (package:flutter/src/scheduler/binding.dart:1198)
I/flutter (19266): #28     _invoke (dart:ui/hooks.dart:425)
I/flutter (19266): #29     PlatformDispatcher._drawFrame (dart:ui/platform_dispatcher.dart:447)
I/flutter (19266): #30     _drawFrame (dart:ui/hooks.dart:395)
I/flutter (19266): (elided 3 frames from dart:async)
I/flutter (19266): type 'MultiChildLayoutParentData' is not a subtype of type 'StackParentData' in type cast
I/flutter (19266): #0      Positioned.applyParentData (package:flutter/src/widgets/basic.dart:5171)
I/flutter (19266): #1      RenderObjectElement._updateParentData (package:flutter/src/widgets/framework.dart:6901)
I/flutter (19266): #2      RenderObjectElement.attachRenderObject (package:flutter/src/widgets/framework.dart:6945)
I/flutter (19266): #3      RenderObjectElement.mount (package:flutter/src/widgets/framework.dart:6801)
I/flutter (19266): #4      Element.inflateWidget (package:flutter/src/widgets/framework.dart:4587)
I/flutter (19266): #5      Element.updateChild (package:flutter/src/widgets/framework.dart:4059)
I/flutter (19266): #6      ComponentElement.performRebuild (package:flutter/src/widgets/framework.dart:5858)
I/flutter (19266): #7      Element.rebuild (package:flutter/src/widgets/framework.dart:5529)
I/flutter (19266): #8      ComponentElement._firstBuild (package:flutter/src/widgets/framework.dart:5799)
I/flutter (19266): #9      ComponentElement.mount (package:flutter/src/widgets/framework.dart:5793)
I/flutter (19266): #10     Element.inflateWidget (package:flutter/src/widgets/framework.dart:4587)
I/flutter (19266): #11     Element.updateChild (package:flutter/src/widgets/framework.dart:4053)
I/flutter (19266): #12     ComponentElement.performRebuild (package:flutter/src/widgets/framework.dart:5841)
I/flutter (19266): #13     StatefulElement.performRebuild (package:flutter/src/widgets/framework.dart:5982)
I/flutter (19266): #14     Element.rebuild (package:flutter/src/widgets/framework.dart:5529)
I/flutter (19266): #15     BuildScope._tryRebuild (package:flutter/src/widgets/framework.dart:2750)
I/flutter (19266): #16     BuildScope._flushDirtyElements (package:flutter/src/widgets/framework.dart:2807)
I/flutter (19266): #17     BuildOwner.buildScope (package:flutter/src/widgets/framework.dart:3111)
I/flutter (19266): #18     WidgetsBinding.drawFrame (package:flutter/src/widgets/binding.dart:1571)
I/flutter (19266): #19     RendererBinding._handlePersistentFrameCallback (package:flutter/src/rendering/binding.dart:509)
I/flutter (19266): #20     SchedulerBinding._invokeFrameCallback (package:flutter/src/scheduler/binding.dart:1430)
I/flutter (19266): #21     SchedulerBinding.handleDrawFrame (package:flutter/src/scheduler/binding.dart:1345)
I/flutter (19266): #22     LiveTestWidgetsFlutterBinding.handleDrawFrame (package:flutter_test/src/binding.dart:2811)
I/flutter (19266): #23     SchedulerBinding._handleDrawFrame (package:flutter/src/scheduler/binding.dart:1198)
I/flutter (19266): #27     _invoke (dart:ui/hooks.dart:425)
I/flutter (19266): #28     PlatformDispatcher._drawFrame (dart:ui/platform_dispatcher.dart:447)
I/flutter (19266): #29     _drawFrame (dart:ui/hooks.dart:395)
I/flutter (19266): (elided 3 frames from dart:async)
[spm]: ProfilerData event received.
I/flutter (19266): [SPM:perf] 698a51a  buildSpan: 5375µs
I/flutter (19266): [spm] Performance monitoring completed for 698a51a
I/flutter (19266): type 'MultiChildLayoutParentData' is not a subtype of type 'StackParentData' in type cast
I/flutter (19266): #0      Positioned.applyParentData (package:flutter/src/widgets/basic.dart:5171)
I/flutter (19266): #1      RenderObjectElement._updateParentData (package:flutter/src/widgets/framework.dart:6901)
I/flutter (19266): #2      RenderObjectElement.attachRenderObject (package:flutter/src/widgets/framework.dart:6945)
I/flutter (19266): #3      RenderObjectElement.mount (package:flutter/src/widgets/framework.dart:6801)
I/flutter (19266): #4      SingleChildRenderObjectElement.mount (package:flutter/src/widgets/framework.dart:7114)
I/flutter (19266): #5      Element.inflateWidget (package:flutter/src/widgets/framework.dart:4587)
I/flutter (19266): #6      Element.updateChild (package:flutter/src/widgets/framework.dart:4059)
I/flutter (19266): #7      ComponentElement.performRebuild (package:flutter/src/widgets/framework.dart:5841)
I/flutter (19266): #8      Element.rebuild (package:flutter/src/widgets/framework.dart:5529)
I/flutter (19266): #9      ComponentElement._firstBuild (package:flutter/src/widgets/framework.dart:5799)
I/flutter (19266): #10     ComponentElement.mount (package:flutter/src/widgets/framework.dart:5793)
I/flutter (19266): #11     Element.inflateWidget (package:flutter/src/widgets/framework.dart:4587)
I/flutter (19266): #12     Element.updateChild (package:flutter/src/widgets/framework.dart:4053)
I/flutter (19266): #13     ComponentElement.performRebuild (package:flutter/src/widgets/framework.dart:5841)
I/flutter (19266): #14     StatefulElement.performRebuild (package:flutter/src/widgets/framework.dart:5982)
I/flutter (19266): #15     Element.rebuild (package:flutter/src/widgets/framework.dart:5529)
I/flutter (19266): #16     BuildScope._tryRebuild (package:flutter/src/widgets/framework.dart:2750)
I/flutter (19266): #17     BuildScope._flushDirtyElements (package:flutter/src/widgets/framework.dart:2807)
I/flutter (19266): #18     BuildOwner.buildScope (package:flutter/src/widgets/framework.dart:3111)
I/flutter (19266): #19     WidgetsBinding.drawFrame (package:flutter/src/widgets/binding.dart:1571)
I/flutter (19266): #20     RendererBinding._handlePersistentFrameCallback (package:flutter/src/rendering/binding.dart:509)
I/flutter (19266): #21     SchedulerBinding._invokeFrameCallback (package:flutter/src/scheduler/binding.dart:1430)
I/flutter (19266): #22     SchedulerBinding.handleDrawFrame (package:flutter/src/scheduler/binding.dart:1345)
I/flutter (19266): #23     LiveTestWidgetsFlutterBinding.handleDrawFrame (package:flutter_test/src/binding.dart:2811)
I/flutter (19266): #24     SchedulerBinding._handleDrawFrame (package:flutter/src/scheduler/binding.dart:1198)
I/flutter (19266): #28     _invoke (dart:ui/hooks.dart:425)
I/flutter (19266): #29     PlatformDispatcher._drawFrame (dart:ui/platform_dispatcher.dart:447)
I/flutter (19266): #30     _drawFrame (dart:ui/hooks.dart:395)
I/flutter (19266): (elided 3 frames from dart:async)
I/flutter (19266): type 'MultiChildLayoutParentData' is not a subtype of type 'StackParentData' in type cast
I/flutter (19266): #0      Positioned.applyParentData (package:flutter/src/widgets/basic.dart:5171)
I/flutter (19266): #1      RenderObjectElement._updateParentData (package:flutter/src/widgets/framework.dart:6901)
I/flutter (19266): #2      RenderObjectElement.attachRenderObject (package:flutter/src/widgets/framework.dart:6945)
I/flutter (19266): #3      RenderObjectElement.mount (package:flutter/src/widgets/framework.dart:6801)
I/flutter (19266): #4      Element.inflateWidget (package:flutter/src/widgets/framework.dart:4587)
I/flutter (19266): #5      Element.updateChild (package:flutter/src/widgets/framework.dart:4059)
I/flutter (19266): #6      ComponentElement.performRebuild (package:flutter/src/widgets/framework.dart:5858)
I/flutter (19266): #7      Element.rebuild (package:flutter/src/widgets/framework.dart:5529)
I/flutter (19266): #8      ComponentElement._firstBuild (package:flutter/src/widgets/framework.dart:5799)
I/flutter (19266): #9      ComponentElement.mount (package:flutter/src/widgets/framework.dart:5793)
I/flutter (19266): #10     Element.inflateWidget (package:flutter/src/widgets/framework.dart:4587)
I/flutter (19266): #11     Element.updateChild (package:flutter/src/widgets/framework.dart:4053)
I/flutter (19266): #12     ComponentElement.performRebuild (package:flutter/src/widgets/framework.dart:5841)
I/flutter (19266): #13     StatefulElement.performRebuild (package:flutter/src/widgets/framework.dart:5982)
I/flutter (19266): #14     Element.rebuild (package:flutter/src/widgets/framework.dart:5529)
I/flutter (19266): #15     BuildScope._tryRebuild (package:flutter/src/widgets/framework.dart:2750)
I/flutter (19266): #16     BuildScope._flushDirtyElements (package:flutter/src/widgets/framework.dart:2807)
I/flutter (19266): #17     BuildOwner.buildScope (package:flutter/src/widgets/framework.dart:3111)
I/flutter (19266): #18     WidgetsBinding.drawFrame (package:flutter/src/widgets/binding.dart:1571)
I/flutter (19266): #19     RendererBinding._handlePersistentFrameCallback (package:flutter/src/rendering/binding.dart:509)
I/flutter (19266): #20     SchedulerBinding._invokeFrameCallback (package:flutter/src/scheduler/binding.dart:1430)
I/flutter (19266): #21     SchedulerBinding.handleDrawFrame (package:flutter/src/scheduler/binding.dart:1345)
I/flutter (19266): #22     LiveTestWidgetsFlutterBinding.handleDrawFrame (package:flutter_test/src/binding.dart:2811)
I/flutter (19266): #23     SchedulerBinding._handleDrawFrame (package:flutter/src/scheduler/binding.dart:1198)
I/flutter (19266): #27     _invoke (dart:ui/hooks.dart:425)
I/flutter (19266): #28     PlatformDispatcher._drawFrame (dart:ui/platform_dispatcher.dart:447)
I/flutter (19266): #29     _drawFrame (dart:ui/hooks.dart:395)
I/flutter (19266): (elided 3 frames from dart:async)
I/flutter (19266): [SPM:perf] 698a51a  buildSpan: 5483µs
I/flutter (19266): [spm] Performance monitoring completed for 698a51a
[spm]: ProfilerData event received.
I/flutter (19266): type 'MultiChildLayoutParentData' is not a subtype of type 'StackParentData' in type cast
I/flutter (19266): #0      Positioned.applyParentData (package:flutter/src/widgets/basic.dart:5171)
I/flutter (19266): #1      RenderObjectElement._updateParentData (package:flutter/src/widgets/framework.dart:6901)
I/flutter (19266): #2      RenderObjectElement.attachRenderObject (package:flutter/src/widgets/framework.dart:6945)
I/flutter (19266): #3      RenderObjectElement.mount (package:flutter/src/widgets/framework.dart:6801)
I/flutter (19266): #4      SingleChildRenderObjectElement.mount (package:flutter/src/widgets/framework.dart:7114)
I/flutter (19266): #5      Element.inflateWidget (package:flutter/src/widgets/framework.dart:4587)
I/flutter (19266): #6      Element.updateChild (package:flutter/src/widgets/framework.dart:4059)
I/flutter (19266): #7      ComponentElement.performRebuild (package:flutter/src/widgets/framework.dart:5841)
I/flutter (19266): #8      Element.rebuild (package:flutter/src/widgets/framework.dart:5529)
I/flutter (19266): #9      ComponentElement._firstBuild (package:flutter/src/widgets/framework.dart:5799)
I/flutter (19266): #10     ComponentElement.mount (package:flutter/src/widgets/framework.dart:5793)
I/flutter (19266): #11     Element.inflateWidget (package:flutter/src/widgets/framework.dart:4587)
I/flutter (19266): #12     Element.updateChild (package:flutter/src/widgets/framework.dart:4053)
I/flutter (19266): #13     ComponentElement.performRebuild (package:flutter/src/widgets/framework.dart:5841)
I/flutter (19266): #14     StatefulElement.performRebuild (package:flutter/src/widgets/framework.dart:5982)
I/flutter (19266): #15     Element.rebuild (package:flutter/src/widgets/framework.dart:5529)
I/flutter (19266): #16     BuildScope._tryRebuild (package:flutter/src/widgets/framework.dart:2750)
I/flutter (19266): #17     BuildScope._flushDirtyElements (package:flutter/src/widgets/framework.dart:2807)
I/flutter (19266): #18     BuildOwner.buildScope (package:flutter/src/widgets/framework.dart:3111)
I/flutter (19266): #19     WidgetsBinding.drawFrame (package:flutter/src/widgets/binding.dart:1571)
I/flutter (19266): #20     RendererBinding._handlePersistentFrameCallback (package:flutter/src/rendering/binding.dart:509)
I/flutter (19266): #21     SchedulerBinding._invokeFrameCallback (package:flutter/src/scheduler/binding.dart:1430)
I/flutter (19266): #22     SchedulerBinding.handleDrawFrame (package:flutter/src/scheduler/binding.dart:1345)
I/flutter (19266): #23     LiveTestWidgetsFlutterBinding.handleDrawFrame (package:flutter_test/src/binding.dart:2811)
I/flutter (19266): #24     SchedulerBinding._handleDrawFrame (package:flutter/src/scheduler/binding.dart:1198)
I/flutter (19266): #28     _invoke (dart:ui/hooks.dart:425)
I/flutter (19266): #29     PlatformDispatcher._drawFrame (dart:ui/platform_dispatcher.dart:447)
I/flutter (19266): #30     _drawFrame (dart:ui/hooks.dart:395)
I/flutter (19266): (elided 3 frames from dart:async)
I/flutter (19266): type 'MultiChildLayoutParentData' is not a subtype of type 'StackParentData' in type cast
I/flutter (19266): #0      Positioned.applyParentData (package:flutter/src/widgets/basic.dart:5171)
I/flutter (19266): #1      RenderObjectElement._updateParentData (package:flutter/src/widgets/framework.dart:6901)
I/flutter (19266): #2      RenderObjectElement.attachRenderObject (package:flutter/src/widgets/framework.dart:6945)
I/flutter (19266): #3      RenderObjectElement.mount (package:flutter/src/widgets/framework.dart:6801)
I/flutter (19266): #4      Element.inflateWidget (package:flutter/src/widgets/framework.dart:4587)
I/flutter (19266): #5      Element.updateChild (package:flutter/src/widgets/framework.dart:4059)
I/flutter (19266): #6      ComponentElement.performRebuild (package:flutter/src/widgets/framework.dart:5858)
I/flutter (19266): #7      Element.rebuild (package:flutter/src/widgets/framework.dart:5529)
I/flutter (19266): #8      ComponentElement._firstBuild (package:flutter/src/widgets/framework.dart:5799)
I/flutter (19266): #9      ComponentElement.mount (package:flutter/src/widgets/framework.dart:5793)
I/flutter (19266): #10     Element.inflateWidget (package:flutter/src/widgets/framework.dart:4587)
I/flutter (19266): #11     Element.updateChild (package:flutter/src/widgets/framework.dart:4053)
I/flutter (19266): #12     ComponentElement.performRebuild (package:flutter/src/widgets/framework.dart:5841)
I/flutter (19266): #13     StatefulElement.performRebuild (package:flutter/src/widgets/framework.dart:5982)
I/flutter (19266): #14     Element.rebuild (package:flutter/src/widgets/framework.dart:5529)
I/flutter (19266): #15     BuildScope._tryRebuild (package:flutter/src/widgets/framework.dart:2750)
I/flutter (19266): #16     BuildScope._flushDirtyElements (package:flutter/src/widgets/framework.dart:2807)
I/flutter (19266): #17     BuildOwner.buildScope (package:flutter/src/widgets/framework.dart:3111)
I/flutter (19266): #18     WidgetsBinding.drawFrame (package:flutter/src/widgets/binding.dart:1571)
I/flutter (19266): #19     RendererBinding._handlePersistentFrameCallback (package:flutter/src/rendering/binding.dart:509)
I/flutter (19266): #20     SchedulerBinding._invokeFrameCallback (package:flutter/src/scheduler/binding.dart:1430)
I/flutter (19266): #21     SchedulerBinding.handleDrawFrame (package:flutter/src/scheduler/binding.dart:1345)
I/flutter (19266): #22     LiveTestWidgetsFlutterBinding.handleDrawFrame (package:flutter_test/src/binding.dart:2811)
I/flutter (19266): #23     SchedulerBinding._handleDrawFrame (package:flutter/src/scheduler/binding.dart:1198)
I/flutter (19266): #27     _invoke (dart:ui/hooks.dart:425)
I/flutter (19266): #28     PlatformDispatcher._drawFrame (dart:ui/platform_dispatcher.dart:447)
I/flutter (19266): #29     _drawFrame (dart:ui/hooks.dart:395)
I/flutter (19266): (elided 3 frames from dart:async)
I/flutter (19266): [SPM:perf] 698a51a  buildSpan: 5663µs
I/flutter (19266): [spm] Performance monitoring completed for 698a51a
[spm]: ProfilerData event received.
I/flutter (19266): type 'MultiChildLayoutParentData' is not a subtype of type 'StackParentData' in type cast
I/flutter (19266): #0      Positioned.applyParentData (package:flutter/src/widgets/basic.dart:5171)
I/flutter (19266): #1      RenderObjectElement._updateParentData (package:flutter/src/widgets/framework.dart:6901)
I/flutter (19266): #2      RenderObjectElement.attachRenderObject (package:flutter/src/widgets/framework.dart:6945)
I/flutter (19266): #3      RenderObjectElement.mount (package:flutter/src/widgets/framework.dart:6801)
I/flutter (19266): #4      SingleChildRenderObjectElement.mount (package:flutter/src/widgets/framework.dart:7114)
I/flutter (19266): #5      Element.inflateWidget (package:flutter/src/widgets/framework.dart:4587)
I/flutter (19266): #6      Element.updateChild (package:flutter/src/widgets/framework.dart:4059)
I/flutter (19266): #7      ComponentElement.performRebuild (package:flutter/src/widgets/framework.dart:5841)
I/flutter (19266): #8      Element.rebuild (package:flutter/src/widgets/framework.dart:5529)
I/flutter (19266): #9      ComponentElement._firstBuild (package:flutter/src/widgets/framework.dart:5799)
I/flutter (19266): #10     ComponentElement.mount (package:flutter/src/widgets/framework.dart:5793)
I/flutter (19266): #11     Element.inflateWidget (package:flutter/src/widgets/framework.dart:4587)
I/flutter (19266): #12     Element.updateChild (package:flutter/src/widgets/framework.dart:4053)
I/flutter (19266): #13     ComponentElement.performRebuild (package:flutter/src/widgets/framework.dart:5841)
I/flutter (19266): #14     StatefulElement.performRebuild (package:flutter/src/widgets/framework.dart:5982)
I/flutter (19266): #15     Element.rebuild (package:flutter/src/widgets/framework.dart:5529)
I/flutter (19266): #16     BuildScope._tryRebuild (package:flutter/src/widgets/framework.dart:2750)
I/flutter (19266): #17     BuildScope._flushDirtyElements (package:flutter/src/widgets/framework.dart:2807)
I/flutter (19266): #18     BuildOwner.buildScope (package:flutter/src/widgets/framework.dart:3111)
I/flutter (19266): #19     WidgetsBinding.drawFrame (package:flutter/src/widgets/binding.dart:1571)
I/flutter (19266): #20     RendererBinding._handlePersistentFrameCallback (package:flutter/src/rendering/binding.dart:509)
I/flutter (19266): #21     SchedulerBinding._invokeFrameCallback (package:flutter/src/scheduler/binding.dart:1430)
I/flutter (19266): #22     SchedulerBinding.handleDrawFrame (package:flutter/src/scheduler/binding.dart:1345)
I/flutter (19266): #23     LiveTestWidgetsFlutterBinding.handleDrawFrame (package:flutter_test/src/binding.dart:2811)
I/flutter (19266): #24     SchedulerBinding._handleDrawFrame (package:flutter/src/scheduler/binding.dart:1198)
I/flutter (19266): #28     _invoke (dart:ui/hooks.dart:425)
I/flutter (19266): #29     PlatformDispatcher._drawFrame (dart:ui/platform_dispatcher.dart:447)
I/flutter (19266): #30     _drawFrame (dart:ui/hooks.dart:395)
I/flutter (19266): (elided 3 frames from dart:async)
I/flutter (19266): type 'MultiChildLayoutParentData' is not a subtype of type 'StackParentData' in type cast
I/flutter (19266): #0      Positioned.applyParentData (package:flutter/src/widgets/basic.dart:5171)
I/flutter (19266): #1      RenderObjectElement._updateParentData (package:flutter/src/widgets/framework.dart:6901)
I/flutter (19266): #2      RenderObjectElement.attachRenderObject (package:flutter/src/widgets/framework.dart:6945)
I/flutter (19266): #3      RenderObjectElement.mount (package:flutter/src/widgets/framework.dart:6801)
I/flutter (19266): #4      Element.inflateWidget (package:flutter/src/widgets/framework.dart:4587)
I/flutter (19266): #5      Element.updateChild (package:flutter/src/widgets/framework.dart:4059)
I/flutter (19266): #6      ComponentElement.performRebuild (package:flutter/src/widgets/framework.dart:5858)
I/flutter (19266): #7      Element.rebuild (package:flutter/src/widgets/framework.dart:5529)
I/flutter (19266): #8      ComponentElement._firstBuild (package:flutter/src/widgets/framework.dart:5799)
I/flutter (19266): #9      ComponentElement.mount (package:flutter/src/widgets/framework.dart:5793)
I/flutter (19266): #10     Element.inflateWidget (package:flutter/src/widgets/framework.dart:4587)
I/flutter (19266): #11     Element.updateChild (package:flutter/src/widgets/framework.dart:4053)
I/flutter (19266): #12     ComponentElement.performRebuild (package:flutter/src/widgets/framework.dart:5841)
I/flutter (19266): #13     StatefulElement.performRebuild (package:flutter/src/widgets/framework.dart:5982)
I/flutter (19266): #14     Element.rebuild (package:flutter/src/widgets/framework.dart:5529)
I/flutter (19266): #15     BuildScope._tryRebuild (package:flutter/src/widgets/framework.dart:2750)
I/flutter (19266): #16     BuildScope._flushDirtyElements (package:flutter/src/widgets/framework.dart:2807)
I/flutter (19266): #17     BuildOwner.buildScope (package:flutter/src/widgets/framework.dart:3111)
I/flutter (19266): #18     WidgetsBinding.drawFrame (package:flutter/src/widgets/binding.dart:1571)
I/flutter (19266): #19     RendererBinding._handlePersistentFrameCallback (package:flutter/src/rendering/binding.dart:509)
I/flutter (19266): #20     SchedulerBinding._invokeFrameCallback (package:flutter/src/scheduler/binding.dart:1430)
I/flutter (19266): #21     SchedulerBinding.handleDrawFrame (package:flutter/src/scheduler/binding.dart:1345)
I/flutter (19266): #22     LiveTestWidgetsFlutterBinding.handleDrawFrame (package:flutter_test/src/binding.dart:2811)
I/flutter (19266): #23     SchedulerBinding._handleDrawFrame (package:flutter/src/scheduler/binding.dart:1198)
I/flutter (19266): #27     _invoke (dart:ui/hooks.dart:425)
I/flutter (19266): #28     PlatformDispatcher._drawFrame (dart:ui/platform_dispatcher.dart:447)
I/flutter (19266): #29     _drawFrame (dart:ui/hooks.dart:395)
I/flutter (19266): (elided 3 frames from dart:async)
[spm]: ProfilerData event received.
I/flutter (19266): [SPM:perf] 698a51a  buildSpan: 5463µs
I/flutter (19266): [spm] Performance monitoring completed for 698a51a
I/flutter (19266): type 'MultiChildLayoutParentData' is not a subtype of type 'StackParentData' in type cast
I/flutter (19266): #0      Positioned.applyParentData (package:flutter/src/widgets/basic.dart:5171)
I/flutter (19266): #1      RenderObjectElement._updateParentData (package:flutter/src/widgets/framework.dart:6901)
I/flutter (19266): #2      RenderObjectElement.attachRenderObject (package:flutter/src/widgets/framework.dart:6945)
I/flutter (19266): #3      RenderObjectElement.mount (package:flutter/src/widgets/framework.dart:6801)
I/flutter (19266): #4      SingleChildRenderObjectElement.mount (package:flutter/src/widgets/framework.dart:7114)
I/flutter (19266): #5      Element.inflateWidget (package:flutter/src/widgets/framework.dart:4587)
I/flutter (19266): #6      Element.updateChild (package:flutter/src/widgets/framework.dart:4059)
I/flutter (19266): #7      ComponentElement.performRebuild (package:flutter/src/widgets/framework.dart:5841)
I/flutter (19266): #8      Element.rebuild (package:flutter/src/widgets/framework.dart:5529)
I/flutter (19266): #9      ComponentElement._firstBuild (package:flutter/src/widgets/framework.dart:5799)
I/flutter (19266): #10     ComponentElement.mount (package:flutter/src/widgets/framework.dart:5793)
I/flutter (19266): #11     Element.inflateWidget (package:flutter/src/widgets/framework.dart:4587)
I/flutter (19266): #12     Element.updateChild (package:flutter/src/widgets/framework.dart:4053)
I/flutter (19266): #13     ComponentElement.performRebuild (package:flutter/src/widgets/framework.dart:5841)
I/flutter (19266): #14     StatefulElement.performRebuild (package:flutter/src/widgets/framework.dart:5982)
I/flutter (19266): #15     Element.rebuild (package:flutter/src/widgets/framework.dart:5529)
I/flutter (19266): #16     BuildScope._tryRebuild (package:flutter/src/widgets/framework.dart:2750)
I/flutter (19266): #17     BuildScope._flushDirtyElements (package:flutter/src/widgets/framework.dart:2807)
I/flutter (19266): #18     BuildOwner.buildScope (package:flutter/src/widgets/framework.dart:3111)
I/flutter (19266): #19     WidgetsBinding.drawFrame (package:flutter/src/widgets/binding.dart:1571)
I/flutter (19266): #20     RendererBinding._handlePersistentFrameCallback (package:flutter/src/rendering/binding.dart:509)
I/flutter (19266): #21     SchedulerBinding._invokeFrameCallback (package:flutter/src/scheduler/binding.dart:1430)
I/flutter (19266): #22     SchedulerBinding.handleDrawFrame (package:flutter/src/scheduler/binding.dart:1345)
I/flutter (19266): #23     LiveTestWidgetsFlutterBinding.handleDrawFrame (package:flutter_test/src/binding.dart:2811)
I/flutter (19266): #24     SchedulerBinding._handleDrawFrame (package:flutter/src/scheduler/binding.dart:1198)
I/flutter (19266): #28     _invoke (dart:ui/hooks.dart:425)
I/flutter (19266): #29     PlatformDispatcher._drawFrame (dart:ui/platform_dispatcher.dart:447)
I/flutter (19266): #30     _drawFrame (dart:ui/hooks.dart:395)
I/flutter (19266): (elided 3 frames from dart:async)
I/flutter (19266): type 'MultiChildLayoutParentData' is not a subtype of type 'StackParentData' in type cast
I/flutter (19266): #0      Positioned.applyParentData (package:flutter/src/widgets/basic.dart:5171)
I/flutter (19266): #1      RenderObjectElement._updateParentData (package:flutter/src/widgets/framework.dart:6901)
I/flutter (19266): #2      RenderObjectElement.attachRenderObject (package:flutter/src/widgets/framework.dart:6945)
I/flutter (19266): #3      RenderObjectElement.mount (package:flutter/src/widgets/framework.dart:6801)
I/flutter (19266): #4      Element.inflateWidget (package:flutter/src/widgets/framework.dart:4587)
I/flutter (19266): #5      Element.updateChild (package:flutter/src/widgets/framework.dart:4059)
I/flutter (19266): #6      ComponentElement.performRebuild (package:flutter/src/widgets/framework.dart:5858)
I/flutter (19266): #7      Element.rebuild (package:flutter/src/widgets/framework.dart:5529)
I/flutter (19266): #8      ComponentElement._firstBuild (package:flutter/src/widgets/framework.dart:5799)
I/flutter (19266): #9      ComponentElement.mount (package:flutter/src/widgets/framework.dart:5793)
I/flutter (19266): #10     Element.inflateWidget (package:flutter/src/widgets/framework.dart:4587)
I/flutter (19266): #11     Element.updateChild (package:flutter/src/widgets/framework.dart:4053)
I/flutter (19266): #12     ComponentElement.performRebuild (package:flutter/src/widgets/framework.dart:5841)
I/flutter (19266): #13     StatefulElement.performRebuild (package:flutter/src/widgets/framework.dart:5982)
I/flutter (19266): #14     Element.rebuild (package:flutter/src/widgets/framework.dart:5529)
I/flutter (19266): #15     BuildScope._tryRebuild (package:flutter/src/widgets/framework.dart:2750)
I/flutter (19266): #16     BuildScope._flushDirtyElements (package:flutter/src/widgets/framework.dart:2807)
I/flutter (19266): #17     BuildOwner.buildScope (package:flutter/src/widgets/framework.dart:3111)
I/flutter (19266): #18     WidgetsBinding.drawFrame (package:flutter/src/widgets/binding.dart:1571)
I/flutter (19266): #19     RendererBinding._handlePersistentFrameCallback (package:flutter/src/rendering/binding.dart:509)
I/flutter (19266): #20     SchedulerBinding._invokeFrameCallback (package:flutter/src/scheduler/binding.dart:1430)
I/flutter (19266): #21     SchedulerBinding.handleDrawFrame (package:flutter/src/scheduler/binding.dart:1345)
I/flutter (19266): #22     LiveTestWidgetsFlutterBinding.handleDrawFrame (package:flutter_test/src/binding.dart:2811)
I/flutter (19266): #23     SchedulerBinding._handleDrawFrame (package:flutter/src/scheduler/binding.dart:1198)
I/flutter (19266): #27     _invoke (dart:ui/hooks.dart:425)
I/flutter (19266): #28     PlatformDispatcher._drawFrame (dart:ui/platform_dispatcher.dart:447)
I/flutter (19266): #29     _drawFrame (dart:ui/hooks.dart:395)
I/flutter (19266): (elided 3 frames from dart:async)
I/flutter (19266): [SPM:perf] 698a51a  buildSpan: 5557µs
I/flutter (19266): [spm] Performance monitoring completed for 698a51a
[spm]: ProfilerData event received.
I/flutter (19266): type 'MultiChildLayoutParentData' is not a subtype of type 'StackParentData' in type cast
I/flutter (19266): #0      Positioned.applyParentData (package:flutter/src/widgets/basic.dart:5171)
I/flutter (19266): #1      RenderObjectElement._updateParentData (package:flutter/src/widgets/framework.dart:6901)
I/flutter (19266): #2      RenderObjectElement.attachRenderObject (package:flutter/src/widgets/framework.dart:6945)
I/flutter (19266): #3      RenderObjectElement.mount (package:flutter/src/widgets/framework.dart:6801)
I/flutter (19266): #4      SingleChildRenderObjectElement.mount (package:flutter/src/widgets/framework.dart:7114)
I/flutter (19266): #5      Element.inflateWidget (package:flutter/src/widgets/framework.dart:4587)
I/flutter (19266): #6      Element.updateChild (package:flutter/src/widgets/framework.dart:4059)
I/flutter (19266): #7      ComponentElement.performRebuild (package:flutter/src/widgets/framework.dart:5841)
I/flutter (19266): #8      Element.rebuild (package:flutter/src/widgets/framework.dart:5529)
I/flutter (19266): #9      ComponentElement._firstBuild (package:flutter/src/widgets/framework.dart:5799)
I/flutter (19266): #10     ComponentElement.mount (package:flutter/src/widgets/framework.dart:5793)
I/flutter (19266): #11     Element.inflateWidget (package:flutter/src/widgets/framework.dart:4587)
I/flutter (19266): #12     Element.updateChild (package:flutter/src/widgets/framework.dart:4053)
I/flutter (19266): #13     ComponentElement.performRebuild (package:flutter/src/widgets/framework.dart:5841)
I/flutter (19266): #14     StatefulElement.performRebuild (package:flutter/src/widgets/framework.dart:5982)
I/flutter (19266): #15     Element.rebuild (package:flutter/src/widgets/framework.dart:5529)
I/flutter (19266): #16     BuildScope._tryRebuild (package:flutter/src/widgets/framework.dart:2750)
I/flutter (19266): #17     BuildScope._flushDirtyElements (package:flutter/src/widgets/framework.dart:2807)
I/flutter (19266): #18     BuildOwner.buildScope (package:flutter/src/widgets/framework.dart:3111)
I/flutter (19266): #19     WidgetsBinding.drawFrame (package:flutter/src/widgets/binding.dart:1571)
I/flutter (19266): #20     RendererBinding._handlePersistentFrameCallback (package:flutter/src/rendering/binding.dart:509)
I/flutter (19266): #21     SchedulerBinding._invokeFrameCallback (package:flutter/src/scheduler/binding.dart:1430)
I/flutter (19266): #22     SchedulerBinding.handleDrawFrame (package:flutter/src/scheduler/binding.dart:1345)
I/flutter (19266): #23     LiveTestWidgetsFlutterBinding.handleDrawFrame (package:flutter_test/src/binding.dart:2811)
I/flutter (19266): #24     SchedulerBinding._handleDrawFrame (package:flutter/src/scheduler/binding.dart:1198)
I/flutter (19266): #28     _invoke (dart:ui/hooks.dart:425)
I/flutter (19266): #29     PlatformDispatcher._drawFrame (dart:ui/platform_dispatcher.dart:447)
I/flutter (19266): #30     _drawFrame (dart:ui/hooks.dart:395)
I/flutter (19266): (elided 3 frames from dart:async)
I/flutter (19266): type 'MultiChildLayoutParentData' is not a subtype of type 'StackParentData' in type cast
I/flutter (19266): #0      Positioned.applyParentData (package:flutter/src/widgets/basic.dart:5171)
I/flutter (19266): #1      RenderObjectElement._updateParentData (package:flutter/src/widgets/framework.dart:6901)
I/flutter (19266): #2      RenderObjectElement.attachRenderObject (package:flutter/src/widgets/framework.dart:6945)
I/flutter (19266): #3      RenderObjectElement.mount (package:flutter/src/widgets/framework.dart:6801)
I/flutter (19266): #4      Element.inflateWidget (package:flutter/src/widgets/framework.dart:4587)
I/flutter (19266): #5      Element.updateChild (package:flutter/src/widgets/framework.dart:4059)
I/flutter (19266): #6      ComponentElement.performRebuild (package:flutter/src/widgets/framework.dart:5858)
I/flutter (19266): #7      Element.rebuild (package:flutter/src/widgets/framework.dart:5529)
I/flutter (19266): #8      ComponentElement._firstBuild (package:flutter/src/widgets/framework.dart:5799)
I/flutter (19266): #9      ComponentElement.mount (package:flutter/src/widgets/framework.dart:5793)
I/flutter (19266): #10     Element.inflateWidget (package:flutter/src/widgets/framework.dart:4587)
I/flutter (19266): #11     Element.updateChild (package:flutter/src/widgets/framework.dart:4053)
I/flutter (19266): #12     ComponentElement.performRebuild (package:flutter/src/widgets/framework.dart:5841)
I/flutter (19266): #13     StatefulElement.performRebuild (package:flutter/src/widgets/framework.dart:5982)
I/flutter (19266): #14     Element.rebuild (package:flutter/src/widgets/framework.dart:5529)
I/flutter (19266): #15     BuildScope._tryRebuild (package:flutter/src/widgets/framework.dart:2750)
I/flutter (19266): #16     BuildScope._flushDirtyElements (package:flutter/src/widgets/framework.dart:2807)
I/flutter (19266): #17     BuildOwner.buildScope (package:flutter/src/widgets/framework.dart:3111)
I/flutter (19266): #18     WidgetsBinding.drawFrame (package:flutter/src/widgets/binding.dart:1571)
I/flutter (19266): #19     RendererBinding._handlePersistentFrameCallback (package:flutter/src/rendering/binding.dart:509)
I/flutter (19266): #20     SchedulerBinding._invokeFrameCallback (package:flutter/src/scheduler/binding.dart:1430)
I/flutter (19266): #21     SchedulerBinding.handleDrawFrame (package:flutter/src/scheduler/binding.dart:1345)
I/flutter (19266): #22     LiveTestWidgetsFlutterBinding.handleDrawFrame (package:flutter_test/src/binding.dart:2811)
I/flutter (19266): #23     SchedulerBinding._handleDrawFrame (package:flutter/src/scheduler/binding.dart:1198)
I/flutter (19266): #27     _invoke (dart:ui/hooks.dart:425)
I/flutter (19266): #28     PlatformDispatcher._drawFrame (dart:ui/platform_dispatcher.dart:447)
I/flutter (19266): #29     _drawFrame (dart:ui/hooks.dart:395)
I/flutter (19266): (elided 3 frames from dart:async)
I/flutter (19266): [SPM:perf] 698a51a  buildSpan: 5574µs
I/flutter (19266): [spm] Performance monitoring completed for 698a51a
[spm]: ProfilerData event received.
I/flutter (19266): type 'MultiChildLayoutParentData' is not a subtype of type 'StackParentData' in type cast
I/flutter (19266): #0      Positioned.applyParentData (package:flutter/src/widgets/basic.dart:5171)
I/flutter (19266): #1      RenderObjectElement._updateParentData (package:flutter/src/widgets/framework.dart:6901)
I/flutter (19266): #2      RenderObjectElement.attachRenderObject (package:flutter/src/widgets/framework.dart:6945)
I/flutter (19266): #3      RenderObjectElement.mount (package:flutter/src/widgets/framework.dart:6801)
I/flutter (19266): #4      SingleChildRenderObjectElement.mount (package:flutter/src/widgets/framework.dart:7114)
I/flutter (19266): #5      Element.inflateWidget (package:flutter/src/widgets/framework.dart:4587)
I/flutter (19266): #6      Element.updateChild (package:flutter/src/widgets/framework.dart:4059)
I/flutter (19266): #7      ComponentElement.performRebuild (package:flutter/src/widgets/framework.dart:5841)
I/flutter (19266): #8      Element.rebuild (package:flutter/src/widgets/framework.dart:5529)
I/flutter (19266): #9      ComponentElement._firstBuild (package:flutter/src/widgets/framework.dart:5799)
I/flutter (19266): #10     ComponentElement.mount (package:flutter/src/widgets/framework.dart:5793)
I/flutter (19266): #11     Element.inflateWidget (package:flutter/src/widgets/framework.dart:4587)
I/flutter (19266): #12     Element.updateChild (package:flutter/src/widgets/framework.dart:4053)
I/flutter (19266): #13     ComponentElement.performRebuild (package:flutter/src/widgets/framework.dart:5841)
I/flutter (19266): #14     StatefulElement.performRebuild (package:flutter/src/widgets/framework.dart:5982)
I/flutter (19266): #15     Element.rebuild (package:flutter/src/widgets/framework.dart:5529)
I/flutter (19266): #16     BuildScope._tryRebuild (package:flutter/src/widgets/framework.dart:2750)
I/flutter (19266): #17     BuildScope._flushDirtyElements (package:flutter/src/widgets/framework.dart:2807)
I/flutter (19266): #18     BuildOwner.buildScope (package:flutter/src/widgets/framework.dart:3111)
I/flutter (19266): #19     WidgetsBinding.drawFrame (package:flutter/src/widgets/binding.dart:1571)
I/flutter (19266): #20     RendererBinding._handlePersistentFrameCallback (package:flutter/src/rendering/binding.dart:509)
I/flutter (19266): #21     SchedulerBinding._invokeFrameCallback (package:flutter/src/scheduler/binding.dart:1430)
I/flutter (19266): #22     SchedulerBinding.handleDrawFrame (package:flutter/src/scheduler/binding.dart:1345)
I/flutter (19266): #23     LiveTestWidgetsFlutterBinding.handleDrawFrame (package:flutter_test/src/binding.dart:2811)
I/flutter (19266): #24     SchedulerBinding._handleDrawFrame (package:flutter/src/scheduler/binding.dart:1198)
I/flutter (19266): #28     _invoke (dart:ui/hooks.dart:425)
I/flutter (19266): #29     PlatformDispatcher._drawFrame (dart:ui/platform_dispatcher.dart:447)
I/flutter (19266): #30     _drawFrame (dart:ui/hooks.dart:395)
I/flutter (19266): (elided 3 frames from dart:async)
I/flutter (19266): type 'MultiChildLayoutParentData' is not a subtype of type 'StackParentData' in type cast
I/flutter (19266): #0      Positioned.applyParentData (package:flutter/src/widgets/basic.dart:5171)
I/flutter (19266): #1      RenderObjectElement._updateParentData (package:flutter/src/widgets/framework.dart:6901)
I/flutter (19266): #2      RenderObjectElement.attachRenderObject (package:flutter/src/widgets/framework.dart:6945)
I/flutter (19266): #3      RenderObjectElement.mount (package:flutter/src/widgets/framework.dart:6801)
I/flutter (19266): #4      Element.inflateWidget (package:flutter/src/widgets/framework.dart:4587)
I/flutter (19266): #5      Element.updateChild (package:flutter/src/widgets/framework.dart:4059)
I/flutter (19266): #6      ComponentElement.performRebuild (package:flutter/src/widgets/framework.dart:5858)
I/flutter (19266): #7      Element.rebuild (package:flutter/src/widgets/framework.dart:5529)
I/flutter (19266): #8      ComponentElement._firstBuild (package:flutter/src/widgets/framework.dart:5799)
I/flutter (19266): #9      ComponentElement.mount (package:flutter/src/widgets/framework.dart:5793)
I/flutter (19266): #10     Element.inflateWidget (package:flutter/src/widgets/framework.dart:4587)
I/flutter (19266): #11     Element.updateChild (package:flutter/src/widgets/framework.dart:4053)
I/flutter (19266): #12     ComponentElement.performRebuild (package:flutter/src/widgets/framework.dart:5841)
I/flutter (19266): #13     StatefulElement.performRebuild (package:flutter/src/widgets/framework.dart:5982)
I/flutter (19266): #14     Element.rebuild (package:flutter/src/widgets/framework.dart:5529)
I/flutter (19266): #15     BuildScope._tryRebuild (package:flutter/src/widgets/framework.dart:2750)
I/flutter (19266): #16     BuildScope._flushDirtyElements (package:flutter/src/widgets/framework.dart:2807)
I/flutter (19266): #17     BuildOwner.buildScope (package:flutter/src/widgets/framework.dart:3111)
I/flutter (19266): #18     WidgetsBinding.drawFrame (package:flutter/src/widgets/binding.dart:1571)
I/flutter (19266): #19     RendererBinding._handlePersistentFrameCallback (package:flutter/src/rendering/binding.dart:509)
I/flutter (19266): #20     SchedulerBinding._invokeFrameCallback (package:flutter/src/scheduler/binding.dart:1430)
I/flutter (19266): #21     SchedulerBinding.handleDrawFrame (package:flutter/src/scheduler/binding.dart:1345)
I/flutter (19266): #22     LiveTestWidgetsFlutterBinding.handleDrawFrame (package:flutter_test/src/binding.dart:2811)
I/flutter (19266): #23     SchedulerBinding._handleDrawFrame (package:flutter/src/scheduler/binding.dart:1198)
I/flutter (19266): #27     _invoke (dart:ui/hooks.dart:425)
I/flutter (19266): #28     PlatformDispatcher._drawFrame (dart:ui/platform_dispatcher.dart:447)
I/flutter (19266): #29     _drawFrame (dart:ui/hooks.dart:395)
I/flutter (19266): (elided 3 frames from dart:async)
[spm]: ProfilerData event received.
I/flutter (19266): [SPM:perf] 698a51a  buildSpan: 5417µs
I/flutter (19266): [spm] Performance monitoring completed for 698a51a
I/flutter (19266): type 'MultiChildLayoutParentData' is not a subtype of type 'StackParentData' in type cast
I/flutter (19266): #0      Positioned.applyParentData (package:flutter/src/widgets/basic.dart:5171)
I/flutter (19266): #1      RenderObjectElement._updateParentData (package:flutter/src/widgets/framework.dart:6901)
I/flutter (19266): #2      RenderObjectElement.attachRenderObject (package:flutter/src/widgets/framework.dart:6945)
I/flutter (19266): #3      RenderObjectElement.mount (package:flutter/src/widgets/framework.dart:6801)
I/flutter (19266): #4      SingleChildRenderObjectElement.mount (package:flutter/src/widgets/framework.dart:7114)
I/flutter (19266): #5      Element.inflateWidget (package:flutter/src/widgets/framework.dart:4587)
I/flutter (19266): #6      Element.updateChild (package:flutter/src/widgets/framework.dart:4059)
I/flutter (19266): #7      ComponentElement.performRebuild (package:flutter/src/widgets/framework.dart:5841)
I/flutter (19266): #8      Element.rebuild (package:flutter/src/widgets/framework.dart:5529)
I/flutter (19266): #9      ComponentElement._firstBuild (package:flutter/src/widgets/framework.dart:5799)
I/flutter (19266): #10     ComponentElement.mount (package:flutter/src/widgets/framework.dart:5793)
I/flutter (19266): #11     Element.inflateWidget (package:flutter/src/widgets/framework.dart:4587)
I/flutter (19266): #12     Element.updateChild (package:flutter/src/widgets/framework.dart:4053)
I/flutter (19266): #13     ComponentElement.performRebuild (package:flutter/src/widgets/framework.dart:5841)
I/flutter (19266): #14     StatefulElement.performRebuild (package:flutter/src/widgets/framework.dart:5982)
I/flutter (19266): #15     Element.rebuild (package:flutter/src/widgets/framework.dart:5529)
I/flutter (19266): #16     BuildScope._tryRebuild (package:flutter/src/widgets/framework.dart:2750)
I/flutter (19266): #17     BuildScope._flushDirtyElements (package:flutter/src/widgets/framework.dart:2807)
I/flutter (19266): #18     BuildOwner.buildScope (package:flutter/src/widgets/framework.dart:3111)
I/flutter (19266): #19     WidgetsBinding.drawFrame (package:flutter/src/widgets/binding.dart:1571)
I/flutter (19266): #20     RendererBinding._handlePersistentFrameCallback (package:flutter/src/rendering/binding.dart:509)
I/flutter (19266): #21     SchedulerBinding._invokeFrameCallback (package:flutter/src/scheduler/binding.dart:1430)
I/flutter (19266): #22     SchedulerBinding.handleDrawFrame (package:flutter/src/scheduler/binding.dart:1345)
I/flutter (19266): #23     LiveTestWidgetsFlutterBinding.handleDrawFrame (package:flutter_test/src/binding.dart:2811)
I/flutter (19266): #24     SchedulerBinding._handleDrawFrame (package:flutter/src/scheduler/binding.dart:1198)
I/flutter (19266): #28     _invoke (dart:ui/hooks.dart:425)
I/flutter (19266): #29     PlatformDispatcher._drawFrame (dart:ui/platform_dispatcher.dart:447)
I/flutter (19266): #30     _drawFrame (dart:ui/hooks.dart:395)
I/flutter (19266): (elided 3 frames from dart:async)
I/flutter (19266): type 'MultiChildLayoutParentData' is not a subtype of type 'StackParentData' in type cast
I/flutter (19266): #0      Positioned.applyParentData (package:flutter/src/widgets/basic.dart:5171)
I/flutter (19266): #1      RenderObjectElement._updateParentData (package:flutter/src/widgets/framework.dart:6901)
I/flutter (19266): #2      RenderObjectElement.attachRenderObject (package:flutter/src/widgets/framework.dart:6945)
I/flutter (19266): #3      RenderObjectElement.mount (package:flutter/src/widgets/framework.dart:6801)
I/flutter (19266): #4      Element.inflateWidget (package:flutter/src/widgets/framework.dart:4587)
I/flutter (19266): #5      Element.updateChild (package:flutter/src/widgets/framework.dart:4059)
I/flutter (19266): #6      ComponentElement.performRebuild (package:flutter/src/widgets/framework.dart:5858)
I/flutter (19266): #7      Element.rebuild (package:flutter/src/widgets/framework.dart:5529)
I/flutter (19266): #8      ComponentElement._firstBuild (package:flutter/src/widgets/framework.dart:5799)
I/flutter (19266): #9      ComponentElement.mount (package:flutter/src/widgets/framework.dart:5793)
I/flutter (19266): #10     Element.inflateWidget (package:flutter/src/widgets/framework.dart:4587)
I/flutter (19266): #11     Element.updateChild (package:flutter/src/widgets/framework.dart:4053)
I/flutter (19266): #12     ComponentElement.performRebuild (package:flutter/src/widgets/framework.dart:5841)
I/flutter (19266): #13     StatefulElement.performRebuild (package:flutter/src/widgets/framework.dart:5982)
I/flutter (19266): #14     Element.rebuild (package:flutter/src/widgets/framework.dart:5529)
I/flutter (19266): #15     BuildScope._tryRebuild (package:flutter/src/widgets/framework.dart:2750)
I/flutter (19266): #16     BuildScope._flushDirtyElements (package:flutter/src/widgets/framework.dart:2807)
I/flutter (19266): #17     BuildOwner.buildScope (package:flutter/src/widgets/framework.dart:3111)
I/flutter (19266): #18     WidgetsBinding.drawFrame (package:flutter/src/widgets/binding.dart:1571)
I/flutter (19266): #19     RendererBinding._handlePersistentFrameCallback (package:flutter/src/rendering/binding.dart:509)
I/flutter (19266): #20     SchedulerBinding._invokeFrameCallback (package:flutter/src/scheduler/binding.dart:1430)
I/flutter (19266): #21     SchedulerBinding.handleDrawFrame (package:flutter/src/scheduler/binding.dart:1345)
I/flutter (19266): #22     LiveTestWidgetsFlutterBinding.handleDrawFrame (package:flutter_test/src/binding.dart:2811)
I/flutter (19266): #23     SchedulerBinding._handleDrawFrame (package:flutter/src/scheduler/binding.dart:1198)
I/flutter (19266): #27     _invoke (dart:ui/hooks.dart:425)
I/flutter (19266): #28     PlatformDispatcher._drawFrame (dart:ui/platform_dispatcher.dart:447)
I/flutter (19266): #29     _drawFrame (dart:ui/hooks.dart:395)
I/flutter (19266): (elided 3 frames from dart:async)
I/flutter (19266): [SPM:perf] 698a51a  buildSpan: 5380µs
I/flutter (19266): [spm] Performance monitoring completed for 698a51a
[spm]: ProfilerData event received.
I/flutter (19266): type 'MultiChildLayoutParentData' is not a subtype of type 'StackParentData' in type cast
I/flutter (19266): #0      Positioned.applyParentData (package:flutter/src/widgets/basic.dart:5171)
I/flutter (19266): #1      RenderObjectElement._updateParentData (package:flutter/src/widgets/framework.dart:6901)
I/flutter (19266): #2      RenderObjectElement.attachRenderObject (package:flutter/src/widgets/framework.dart:6945)
I/flutter (19266): #3      RenderObjectElement.mount (package:flutter/src/widgets/framework.dart:6801)
I/flutter (19266): #4      SingleChildRenderObjectElement.mount (package:flutter/src/widgets/framework.dart:7114)
I/flutter (19266): #5      Element.inflateWidget (package:flutter/src/widgets/framework.dart:4587)
I/flutter (19266): #6      Element.updateChild (package:flutter/src/widgets/framework.dart:4059)
I/flutter (19266): #7      ComponentElement.performRebuild (package:flutter/src/widgets/framework.dart:5841)
I/flutter (19266): #8      Element.rebuild (package:flutter/src/widgets/framework.dart:5529)
I/flutter (19266): #9      ComponentElement._firstBuild (package:flutter/src/widgets/framework.dart:5799)
I/flutter (19266): #10     ComponentElement.mount (package:flutter/src/widgets/framework.dart:5793)
I/flutter (19266): #11     Element.inflateWidget (package:flutter/src/widgets/framework.dart:4587)
I/flutter (19266): #12     Element.updateChild (package:flutter/src/widgets/framework.dart:4053)
I/flutter (19266): #13     ComponentElement.performRebuild (package:flutter/src/widgets/framework.dart:5841)
I/flutter (19266): #14     StatefulElement.performRebuild (package:flutter/src/widgets/framework.dart:5982)
I/flutter (19266): #15     Element.rebuild (package:flutter/src/widgets/framework.dart:5529)
I/flutter (19266): #16     BuildScope._tryRebuild (package:flutter/src/widgets/framework.dart:2750)
I/flutter (19266): #17     BuildScope._flushDirtyElements (package:flutter/src/widgets/framework.dart:2807)
I/flutter (19266): #18     BuildOwner.buildScope (package:flutter/src/widgets/framework.dart:3111)
I/flutter (19266): #19     WidgetsBinding.drawFrame (package:flutter/src/widgets/binding.dart:1571)
I/flutter (19266): #20     RendererBinding._handlePersistentFrameCallback (package:flutter/src/rendering/binding.dart:509)
I/flutter (19266): #21     SchedulerBinding._invokeFrameCallback (package:flutter/src/scheduler/binding.dart:1430)
I/flutter (19266): #22     SchedulerBinding.handleDrawFrame (package:flutter/src/scheduler/binding.dart:1345)
I/flutter (19266): #23     LiveTestWidgetsFlutterBinding.handleDrawFrame (package:flutter_test/src/binding.dart:2811)
I/flutter (19266): #24     SchedulerBinding._handleDrawFrame (package:flutter/src/scheduler/binding.dart:1198)
I/flutter (19266): #28     _invoke (dart:ui/hooks.dart:425)
I/flutter (19266): #29     PlatformDispatcher._drawFrame (dart:ui/platform_dispatcher.dart:447)
I/flutter (19266): #30     _drawFrame (dart:ui/hooks.dart:395)
I/flutter (19266): (elided 3 frames from dart:async)
I/flutter (19266): type 'MultiChildLayoutParentData' is not a subtype of type 'StackParentData' in type cast
I/flutter (19266): #0      Positioned.applyParentData (package:flutter/src/widgets/basic.dart:5171)
I/flutter (19266): #1      RenderObjectElement._updateParentData (package:flutter/src/widgets/framework.dart:6901)
I/flutter (19266): #2      RenderObjectElement.attachRenderObject (package:flutter/src/widgets/framework.dart:6945)
I/flutter (19266): #3      RenderObjectElement.mount (package:flutter/src/widgets/framework.dart:6801)
I/flutter (19266): #4      Element.inflateWidget (package:flutter/src/widgets/framework.dart:4587)
I/flutter (19266): #5      Element.updateChild (package:flutter/src/widgets/framework.dart:4059)
I/flutter (19266): #6      ComponentElement.performRebuild (package:flutter/src/widgets/framework.dart:5858)
I/flutter (19266): #7      Element.rebuild (package:flutter/src/widgets/framework.dart:5529)
I/flutter (19266): #8      ComponentElement._firstBuild (package:flutter/src/widgets/framework.dart:5799)
I/flutter (19266): #9      ComponentElement.mount (package:flutter/src/widgets/framework.dart:5793)
I/flutter (19266): #10     Element.inflateWidget (package:flutter/src/widgets/framework.dart:4587)
I/flutter (19266): #11     Element.updateChild (package:flutter/src/widgets/framework.dart:4053)
I/flutter (19266): #12     ComponentElement.performRebuild (package:flutter/src/widgets/framework.dart:5841)
I/flutter (19266): #13     StatefulElement.performRebuild (package:flutter/src/widgets/framework.dart:5982)
I/flutter (19266): #14     Element.rebuild (package:flutter/src/widgets/framework.dart:5529)
I/flutter (19266): #15     BuildScope._tryRebuild (package:flutter/src/widgets/framework.dart:2750)
I/flutter (19266): #16     BuildScope._flushDirtyElements (package:flutter/src/widgets/framework.dart:2807)
I/flutter (19266): #17     BuildOwner.buildScope (package:flutter/src/widgets/framework.dart:3111)
I/flutter (19266): #18     WidgetsBinding.drawFrame (package:flutter/src/widgets/binding.dart:1571)
I/flutter (19266): #19     RendererBinding._handlePersistentFrameCallback (package:flutter/src/rendering/binding.dart:509)
I/flutter (19266): #20     SchedulerBinding._invokeFrameCallback (package:flutter/src/scheduler/binding.dart:1430)
I/flutter (19266): #21     SchedulerBinding.handleDrawFrame (package:flutter/src/scheduler/binding.dart:1345)
I/flutter (19266): #22     LiveTestWidgetsFlutterBinding.handleDrawFrame (package:flutter_test/src/binding.dart:2811)
I/flutter (19266): #23     SchedulerBinding._handleDrawFrame (package:flutter/src/scheduler/binding.dart:1198)
I/flutter (19266): #27     _invoke (dart:ui/hooks.dart:425)
I/flutter (19266): #28     PlatformDispatcher._drawFrame (dart:ui/platform_dispatcher.dart:447)
I/flutter (19266): #29     _drawFrame (dart:ui/hooks.dart:395)
I/flutter (19266): (elided 3 frames from dart:async)
I/flutter (19266): [SPM:perf] 698a51a  buildSpan: 5486µs
I/flutter (19266): [spm] Performance monitoring completed for 698a51a
[spm]: ProfilerData event received.
I/flutter (19266): type 'MultiChildLayoutParentData' is not a subtype of type 'StackParentData' in type cast
I/flutter (19266): #0      Positioned.applyParentData (package:flutter/src/widgets/basic.dart:5171)
I/flutter (19266): #1      RenderObjectElement._updateParentData (package:flutter/src/widgets/framework.dart:6901)
I/flutter (19266): #2      RenderObjectElement.attachRenderObject (package:flutter/src/widgets/framework.dart:6945)
I/flutter (19266): #3      RenderObjectElement.mount (package:flutter/src/widgets/framework.dart:6801)
I/flutter (19266): #4      SingleChildRenderObjectElement.mount (package:flutter/src/widgets/framework.dart:7114)
I/flutter (19266): #5      Element.inflateWidget (package:flutter/src/widgets/framework.dart:4587)
I/flutter (19266): #6      Element.updateChild (package:flutter/src/widgets/framework.dart:4059)
I/flutter (19266): #7      ComponentElement.performRebuild (package:flutter/src/widgets/framework.dart:5841)
I/flutter (19266): #8      Element.rebuild (package:flutter/src/widgets/framework.dart:5529)
I/flutter (19266): #9      ComponentElement._firstBuild (package:flutter/src/widgets/framework.dart:5799)
I/flutter (19266): #10     ComponentElement.mount (package:flutter/src/widgets/framework.dart:5793)
I/flutter (19266): #11     Element.inflateWidget (package:flutter/src/widgets/framework.dart:4587)
I/flutter (19266): #12     Element.updateChild (package:flutter/src/widgets/framework.dart:4053)
I/flutter (19266): #13     ComponentElement.performRebuild (package:flutter/src/widgets/framework.dart:5841)
I/flutter (19266): #14     StatefulElement.performRebuild (package:flutter/src/widgets/framework.dart:5982)
I/flutter (19266): #15     Element.rebuild (package:flutter/src/widgets/framework.dart:5529)
I/flutter (19266): #16     BuildScope._tryRebuild (package:flutter/src/widgets/framework.dart:2750)
I/flutter (19266): #17     BuildScope._flushDirtyElements (package:flutter/src/widgets/framework.dart:2807)
I/flutter (19266): #18     BuildOwner.buildScope (package:flutter/src/widgets/framework.dart:3111)
I/flutter (19266): #19     WidgetsBinding.drawFrame (package:flutter/src/widgets/binding.dart:1571)
I/flutter (19266): #20     RendererBinding._handlePersistentFrameCallback (package:flutter/src/rendering/binding.dart:509)
I/flutter (19266): #21     SchedulerBinding._invokeFrameCallback (package:flutter/src/scheduler/binding.dart:1430)
I/flutter (19266): #22     SchedulerBinding.handleDrawFrame (package:flutter/src/scheduler/binding.dart:1345)
I/flutter (19266): #23     LiveTestWidgetsFlutterBinding.handleDrawFrame (package:flutter_test/src/binding.dart:2811)
I/flutter (19266): #24     SchedulerBinding._handleDrawFrame (package:flutter/src/scheduler/binding.dart:1198)
I/flutter (19266): #28     _invoke (dart:ui/hooks.dart:425)
I/flutter (19266): #29     PlatformDispatcher._drawFrame (dart:ui/platform_dispatcher.dart:447)
I/flutter (19266): #30     _drawFrame (dart:ui/hooks.dart:395)
I/flutter (19266): (elided 3 frames from dart:async)
I/flutter (19266): type 'MultiChildLayoutParentData' is not a subtype of type 'StackParentData' in type cast
I/flutter (19266): #0      Positioned.applyParentData (package:flutter/src/widgets/basic.dart:5171)
I/flutter (19266): #1      RenderObjectElement._updateParentData (package:flutter/src/widgets/framework.dart:6901)
I/flutter (19266): #2      RenderObjectElement.attachRenderObject (package:flutter/src/widgets/framework.dart:6945)
I/flutter (19266): #3      RenderObjectElement.mount (package:flutter/src/widgets/framework.dart:6801)
I/flutter (19266): #4      Element.inflateWidget (package:flutter/src/widgets/framework.dart:4587)
I/flutter (19266): #5      Element.updateChild (package:flutter/src/widgets/framework.dart:4059)
I/flutter (19266): #6      ComponentElement.performRebuild (package:flutter/src/widgets/framework.dart:5858)
I/flutter (19266): #7      Element.rebuild (package:flutter/src/widgets/framework.dart:5529)
I/flutter (19266): #8      ComponentElement._firstBuild (package:flutter/src/widgets/framework.dart:5799)
I/flutter (19266): #9      ComponentElement.mount (package:flutter/src/widgets/framework.dart:5793)
I/flutter (19266): #10     Element.inflateWidget (package:flutter/src/widgets/framework.dart:4587)
I/flutter (19266): #11     Element.updateChild (package:flutter/src/widgets/framework.dart:4053)
I/flutter (19266): #12     ComponentElement.performRebuild (package:flutter/src/widgets/framework.dart:5841)
I/flutter (19266): #13     StatefulElement.performRebuild (package:flutter/src/widgets/framework.dart:5982)
I/flutter (19266): #14     Element.rebuild (package:flutter/src/widgets/framework.dart:5529)
I/flutter (19266): #15     BuildScope._tryRebuild (package:flutter/src/widgets/framework.dart:2750)
I/flutter (19266): #16     BuildScope._flushDirtyElements (package:flutter/src/widgets/framework.dart:2807)
I/flutter (19266): #17     BuildOwner.buildScope (package:flutter/src/widgets/framework.dart:3111)
I/flutter (19266): #18     WidgetsBinding.drawFrame (package:flutter/src/widgets/binding.dart:1571)
I/flutter (19266): #19     RendererBinding._handlePersistentFrameCallback (package:flutter/src/rendering/binding.dart:509)
I/flutter (19266): #20     SchedulerBinding._invokeFrameCallback (package:flutter/src/scheduler/binding.dart:1430)
I/flutter (19266): #21     SchedulerBinding.handleDrawFrame (package:flutter/src/scheduler/binding.dart:1345)
I/flutter (19266): #22     LiveTestWidgetsFlutterBinding.handleDrawFrame (package:flutter_test/src/binding.dart:2811)
I/flutter (19266): #23     SchedulerBinding._handleDrawFrame (package:flutter/src/scheduler/binding.dart:1198)
I/flutter (19266): #27     _invoke (dart:ui/hooks.dart:425)
I/flutter (19266): #28     PlatformDispatcher._drawFrame (dart:ui/platform_dispatcher.dart:447)
I/flutter (19266): #29     _drawFrame (dart:ui/hooks.dart:395)
I/flutter (19266): (elided 3 frames from dart:async)
[spm]: ProfilerData event received.
I/flutter (19266): [SPM:perf] 698a51a  buildSpan: 5589µs
I/flutter (19266): [spm] Performance monitoring completed for 698a51a
I/flutter (19266): type 'MultiChildLayoutParentData' is not a subtype of type 'StackParentData' in type cast
I/flutter (19266): #0      Positioned.applyParentData (package:flutter/src/widgets/basic.dart:5171)
I/flutter (19266): #1      RenderObjectElement._updateParentData (package:flutter/src/widgets/framework.dart:6901)
I/flutter (19266): #2      RenderObjectElement.attachRenderObject (package:flutter/src/widgets/framework.dart:6945)
I/flutter (19266): #3      RenderObjectElement.mount (package:flutter/src/widgets/framework.dart:6801)
I/flutter (19266): #4      SingleChildRenderObjectElement.mount (package:flutter/src/widgets/framework.dart:7114)
I/flutter (19266): #5      Element.inflateWidget (package:flutter/src/widgets/framework.dart:4587)
I/flutter (19266): #6      Element.updateChild (package:flutter/src/widgets/framework.dart:4059)
I/flutter (19266): #7      ComponentElement.performRebuild (package:flutter/src/widgets/framework.dart:5841)
I/flutter (19266): #8      Element.rebuild (package:flutter/src/widgets/framework.dart:5529)
I/flutter (19266): #9      ComponentElement._firstBuild (package:flutter/src/widgets/framework.dart:5799)
I/flutter (19266): #10     ComponentElement.mount (package:flutter/src/widgets/framework.dart:5793)
I/flutter (19266): #11     Element.inflateWidget (package:flutter/src/widgets/framework.dart:4587)
I/flutter (19266): #12     Element.updateChild (package:flutter/src/widgets/framework.dart:4053)
I/flutter (19266): #13     ComponentElement.performRebuild (package:flutter/src/widgets/framework.dart:5841)
I/flutter (19266): #14     StatefulElement.performRebuild (package:flutter/src/widgets/framework.dart:5982)
I/flutter (19266): #15     Element.rebuild (package:flutter/src/widgets/framework.dart:5529)
I/flutter (19266): #16     BuildScope._tryRebuild (package:flutter/src/widgets/framework.dart:2750)
I/flutter (19266): #17     BuildScope._flushDirtyElements (package:flutter/src/widgets/framework.dart:2807)
I/flutter (19266): #18     BuildOwner.buildScope (package:flutter/src/widgets/framework.dart:3111)
I/flutter (19266): #19     WidgetsBinding.drawFrame (package:flutter/src/widgets/binding.dart:1571)
I/flutter (19266): #20     RendererBinding._handlePersistentFrameCallback (package:flutter/src/rendering/binding.dart:509)
I/flutter (19266): #21     SchedulerBinding._invokeFrameCallback (package:flutter/src/scheduler/binding.dart:1430)
I/flutter (19266): #22     SchedulerBinding.handleDrawFrame (package:flutter/src/scheduler/binding.dart:1345)
I/flutter (19266): #23     LiveTestWidgetsFlutterBinding.handleDrawFrame (package:flutter_test/src/binding.dart:2811)
I/flutter (19266): #24     SchedulerBinding._handleDrawFrame (package:flutter/src/scheduler/binding.dart:1198)
I/flutter (19266): #28     _invoke (dart:ui/hooks.dart:425)
I/flutter (19266): #29     PlatformDispatcher._drawFrame (dart:ui/platform_dispatcher.dart:447)
I/flutter (19266): #30     _drawFrame (dart:ui/hooks.dart:395)
I/flutter (19266): (elided 3 frames from dart:async)
I/flutter (19266): type 'MultiChildLayoutParentData' is not a subtype of type 'StackParentData' in type cast
I/flutter (19266): #0      Positioned.applyParentData (package:flutter/src/widgets/basic.dart:5171)
I/flutter (19266): #1      RenderObjectElement._updateParentData (package:flutter/src/widgets/framework.dart:6901)
I/flutter (19266): #2      RenderObjectElement.attachRenderObject (package:flutter/src/widgets/framework.dart:6945)
I/flutter (19266): #3      RenderObjectElement.mount (package:flutter/src/widgets/framework.dart:6801)
I/flutter (19266): #4      Element.inflateWidget (package:flutter/src/widgets/framework.dart:4587)
I/flutter (19266): #5      Element.updateChild (package:flutter/src/widgets/framework.dart:4059)
I/flutter (19266): #6      ComponentElement.performRebuild (package:flutter/src/widgets/framework.dart:5858)
I/flutter (19266): #7      Element.rebuild (package:flutter/src/widgets/framework.dart:5529)
I/flutter (19266): #8      ComponentElement._firstBuild (package:flutter/src/widgets/framework.dart:5799)
I/flutter (19266): #9      ComponentElement.mount (package:flutter/src/widgets/framework.dart:5793)
I/flutter (19266): #10     Element.inflateWidget (package:flutter/src/widgets/framework.dart:4587)
I/flutter (19266): #11     Element.updateChild (package:flutter/src/widgets/framework.dart:4053)
I/flutter (19266): #12     ComponentElement.performRebuild (package:flutter/src/widgets/framework.dart:5841)
I/flutter (19266): #13     StatefulElement.performRebuild (package:flutter/src/widgets/framework.dart:5982)
I/flutter (19266): #14     Element.rebuild (package:flutter/src/widgets/framework.dart:5529)
I/flutter (19266): #15     BuildScope._tryRebuild (package:flutter/src/widgets/framework.dart:2750)
I/flutter (19266): #16     BuildScope._flushDirtyElements (package:flutter/src/widgets/framework.dart:2807)
I/flutter (19266): #17     BuildOwner.buildScope (package:flutter/src/widgets/framework.dart:3111)
I/flutter (19266): #18     WidgetsBinding.drawFrame (package:flutter/src/widgets/binding.dart:1571)
I/flutter (19266): #19     RendererBinding._handlePersistentFrameCallback (package:flutter/src/rendering/binding.dart:509)
I/flutter (19266): #20     SchedulerBinding._invokeFrameCallback (package:flutter/src/scheduler/binding.dart:1430)
I/flutter (19266): #21     SchedulerBinding.handleDrawFrame (package:flutter/src/scheduler/binding.dart:1345)
I/flutter (19266): #22     LiveTestWidgetsFlutterBinding.handleDrawFrame (package:flutter_test/src/binding.dart:2811)
I/flutter (19266): #23     SchedulerBinding._handleDrawFrame (package:flutter/src/scheduler/binding.dart:1198)
I/flutter (19266): #27     _invoke (dart:ui/hooks.dart:425)
I/flutter (19266): #28     PlatformDispatcher._drawFrame (dart:ui/platform_dispatcher.dart:447)
I/flutter (19266): #29     _drawFrame (dart:ui/hooks.dart:395)
I/flutter (19266): (elided 3 frames from dart:async)
[spm]: ProfilerData event received.
I/flutter (19266): [SPM:perf] 698a51a  buildSpan: 5509µs
I/flutter (19266): [spm] Performance monitoring completed for 698a51a
I/flutter (19266): type 'MultiChildLayoutParentData' is not a subtype of type 'StackParentData' in type cast
I/flutter (19266): #0      Positioned.applyParentData (package:flutter/src/widgets/basic.dart:5171)
I/flutter (19266): #1      RenderObjectElement._updateParentData (package:flutter/src/widgets/framework.dart:6901)
I/flutter (19266): #2      RenderObjectElement.attachRenderObject (package:flutter/src/widgets/framework.dart:6945)
I/flutter (19266): #3      RenderObjectElement.mount (package:flutter/src/widgets/framework.dart:6801)
I/flutter (19266): #4      SingleChildRenderObjectElement.mount (package:flutter/src/widgets/framework.dart:7114)
I/flutter (19266): #5      Element.inflateWidget (package:flutter/src/widgets/framework.dart:4587)
I/flutter (19266): #6      Element.updateChild (package:flutter/src/widgets/framework.dart:4059)
I/flutter (19266): #7      ComponentElement.performRebuild (package:flutter/src/widgets/framework.dart:5841)
I/flutter (19266): #8      Element.rebuild (package:flutter/src/widgets/framework.dart:5529)
I/flutter (19266): #9      ComponentElement._firstBuild (package:flutter/src/widgets/framework.dart:5799)
I/flutter (19266): #10     ComponentElement.mount (package:flutter/src/widgets/framework.dart:5793)
I/flutter (19266): #11     Element.inflateWidget (package:flutter/src/widgets/framework.dart:4587)
I/flutter (19266): #12     Element.updateChild (package:flutter/src/widgets/framework.dart:4053)
I/flutter (19266): #13     ComponentElement.performRebuild (package:flutter/src/widgets/framework.dart:5841)
I/flutter (19266): #14     StatefulElement.performRebuild (package:flutter/src/widgets/framework.dart:5982)
I/flutter (19266): #15     Element.rebuild (package:flutter/src/widgets/framework.dart:5529)
I/flutter (19266): #16     BuildScope._tryRebuild (package:flutter/src/widgets/framework.dart:2750)
I/flutter (19266): #17     BuildScope._flushDirtyElements (package:flutter/src/widgets/framework.dart:2807)
I/flutter (19266): #18     BuildOwner.buildScope (package:flutter/src/widgets/framework.dart:3111)
I/flutter (19266): #19     WidgetsBinding.drawFrame (package:flutter/src/widgets/binding.dart:1571)
I/flutter (19266): #20     RendererBinding._handlePersistentFrameCallback (package:flutter/src/rendering/binding.dart:509)
I/flutter (19266): #21     SchedulerBinding._invokeFrameCallback (package:flutter/src/scheduler/binding.dart:1430)
I/flutter (19266): #22     SchedulerBinding.handleDrawFrame (package:flutter/src/scheduler/binding.dart:1345)
I/flutter (19266): #23     LiveTestWidgetsFlutterBinding.handleDrawFrame (package:flutter_test/src/binding.dart:2811)
I/flutter (19266): #24     SchedulerBinding._handleDrawFrame (package:flutter/src/scheduler/binding.dart:1198)
I/flutter (19266): #28     _invoke (dart:ui/hooks.dart:425)
I/flutter (19266): #29     PlatformDispatcher._drawFrame (dart:ui/platform_dispatcher.dart:447)
I/flutter (19266): #30     _drawFrame (dart:ui/hooks.dart:395)
I/flutter (19266): (elided 3 frames from dart:async)
I/flutter (19266): type 'MultiChildLayoutParentData' is not a subtype of type 'StackParentData' in type cast
I/flutter (19266): #0      Positioned.applyParentData (package:flutter/src/widgets/basic.dart:5171)
I/flutter (19266): #1      RenderObjectElement._updateParentData (package:flutter/src/widgets/framework.dart:6901)
I/flutter (19266): #2      RenderObjectElement.attachRenderObject (package:flutter/src/widgets/framework.dart:6945)
I/flutter (19266): #3      RenderObjectElement.mount (package:flutter/src/widgets/framework.dart:6801)
I/flutter (19266): #4      Element.inflateWidget (package:flutter/src/widgets/framework.dart:4587)
I/flutter (19266): #5      Element.updateChild (package:flutter/src/widgets/framework.dart:4059)
I/flutter (19266): #6      ComponentElement.performRebuild (package:flutter/src/widgets/framework.dart:5858)
I/flutter (19266): #7      Element.rebuild (package:flutter/src/widgets/framework.dart:5529)
I/flutter (19266): #8      ComponentElement._firstBuild (package:flutter/src/widgets/framework.dart:5799)
I/flutter (19266): #9      ComponentElement.mount (package:flutter/src/widgets/framework.dart:5793)
I/flutter (19266): #10     Element.inflateWidget (package:flutter/src/widgets/framework.dart:4587)
I/flutter (19266): #11     Element.updateChild (package:flutter/src/widgets/framework.dart:4053)
I/flutter (19266): #12     ComponentElement.performRebuild (package:flutter/src/widgets/framework.dart:5841)
I/flutter (19266): #13     StatefulElement.performRebuild (package:flutter/src/widgets/framework.dart:5982)
I/flutter (19266): #14     Element.rebuild (package:flutter/src/widgets/framework.dart:5529)
I/flutter (19266): #15     BuildScope._tryRebuild (package:flutter/src/widgets/framework.dart:2750)
I/flutter (19266): #16     BuildScope._flushDirtyElements (package:flutter/src/widgets/framework.dart:2807)
I/flutter (19266): #17     BuildOwner.buildScope (package:flutter/src/widgets/framework.dart:3111)
I/flutter (19266): #18     WidgetsBinding.drawFrame (package:flutter/src/widgets/binding.dart:1571)
I/flutter (19266): #19     RendererBinding._handlePersistentFrameCallback (package:flutter/src/rendering/binding.dart:509)
I/flutter (19266): #20     SchedulerBinding._invokeFrameCallback (package:flutter/src/scheduler/binding.dart:1430)
I/flutter (19266): #21     SchedulerBinding.handleDrawFrame (package:flutter/src/scheduler/binding.dart:1345)
I/flutter (19266): #22     LiveTestWidgetsFlutterBinding.handleDrawFrame (package:flutter_test/src/binding.dart:2811)
I/flutter (19266): #23     SchedulerBinding._handleDrawFrame (package:flutter/src/scheduler/binding.dart:1198)
I/flutter (19266): #27     _invoke (dart:ui/hooks.dart:425)
I/flutter (19266): #28     PlatformDispatcher._drawFrame (dart:ui/platform_dispatcher.dart:447)
I/flutter (19266): #29     _drawFrame (dart:ui/hooks.dart:395)
I/flutter (19266): (elided 3 frames from dart:async)
[spm]: ProfilerData event received.
I/flutter (19266): [SPM:perf] 698a51a  buildSpan: 5399µs
I/flutter (19266): [spm] Performance monitoring completed for 698a51a
I/flutter (19266): type 'MultiChildLayoutParentData' is not a subtype of type 'StackParentData' in type cast
I/flutter (19266): #0      Positioned.applyParentData (package:flutter/src/widgets/basic.dart:5171)
I/flutter (19266): #1      RenderObjectElement._updateParentData (package:flutter/src/widgets/framework.dart:6901)
I/flutter (19266): #2      RenderObjectElement.attachRenderObject (package:flutter/src/widgets/framework.dart:6945)
I/flutter (19266): #3      RenderObjectElement.mount (package:flutter/src/widgets/framework.dart:6801)
I/flutter (19266): #4      SingleChildRenderObjectElement.mount (package:flutter/src/widgets/framework.dart:7114)
I/flutter (19266): #5      Element.inflateWidget (package:flutter/src/widgets/framework.dart:4587)
I/flutter (19266): #6      Element.updateChild (package:flutter/src/widgets/framework.dart:4059)
I/flutter (19266): #7      ComponentElement.performRebuild (package:flutter/src/widgets/framework.dart:5841)
I/flutter (19266): #8      Element.rebuild (package:flutter/src/widgets/framework.dart:5529)
I/flutter (19266): #9      ComponentElement._firstBuild (package:flutter/src/widgets/framework.dart:5799)
I/flutter (19266): #10     ComponentElement.mount (package:flutter/src/widgets/framework.dart:5793)
I/flutter (19266): #11     Element.inflateWidget (package:flutter/src/widgets/framework.dart:4587)
I/flutter (19266): #12     Element.updateChild (package:flutter/src/widgets/framework.dart:4053)
I/flutter (19266): #13     ComponentElement.performRebuild (package:flutter/src/widgets/framework.dart:5841)
I/flutter (19266): #14     StatefulElement.performRebuild (package:flutter/src/widgets/framework.dart:5982)
I/flutter (19266): #15     Element.rebuild (package:flutter/src/widgets/framework.dart:5529)
I/flutter (19266): #16     BuildScope._tryRebuild (package:flutter/src/widgets/framework.dart:2750)
I/flutter (19266): #17     BuildScope._flushDirtyElements (package:flutter/src/widgets/framework.dart:2807)
I/flutter (19266): #18     BuildOwner.buildScope (package:flutter/src/widgets/framework.dart:3111)
I/flutter (19266): #19     WidgetsBinding.drawFrame (package:flutter/src/widgets/binding.dart:1571)
I/flutter (19266): #20     RendererBinding._handlePersistentFrameCallback (package:flutter/src/rendering/binding.dart:509)
I/flutter (19266): #21     SchedulerBinding._invokeFrameCallback (package:flutter/src/scheduler/binding.dart:1430)
I/flutter (19266): #22     SchedulerBinding.handleDrawFrame (package:flutter/src/scheduler/binding.dart:1345)
I/flutter (19266): #23     LiveTestWidgetsFlutterBinding.handleDrawFrame (package:flutter_test/src/binding.dart:2811)
I/flutter (19266): #24     SchedulerBinding._handleDrawFrame (package:flutter/src/scheduler/binding.dart:1198)
I/flutter (19266): #28     _invoke (dart:ui/hooks.dart:425)
I/flutter (19266): #29     PlatformDispatcher._drawFrame (dart:ui/platform_dispatcher.dart:447)
I/flutter (19266): #30     _drawFrame (dart:ui/hooks.dart:395)
I/flutter (19266): (elided 3 frames from dart:async)
I/flutter (19266): type 'MultiChildLayoutParentData' is not a subtype of type 'StackParentData' in type cast
I/flutter (19266): #0      Positioned.applyParentData (package:flutter/src/widgets/basic.dart:5171)
I/flutter (19266): #1      RenderObjectElement._updateParentData (package:flutter/src/widgets/framework.dart:6901)
I/flutter (19266): #2      RenderObjectElement.attachRenderObject (package:flutter/src/widgets/framework.dart:6945)
I/flutter (19266): #3      RenderObjectElement.mount (package:flutter/src/widgets/framework.dart:6801)
I/flutter (19266): #4      Element.inflateWidget (package:flutter/src/widgets/framework.dart:4587)
I/flutter (19266): #5      Element.updateChild (package:flutter/src/widgets/framework.dart:4059)
I/flutter (19266): #6      ComponentElement.performRebuild (package:flutter/src/widgets/framework.dart:5858)
I/flutter (19266): #7      Element.rebuild (package:flutter/src/widgets/framework.dart:5529)
I/flutter (19266): #8      ComponentElement._firstBuild (package:flutter/src/widgets/framework.dart:5799)
I/flutter (19266): #9      ComponentElement.mount (package:flutter/src/widgets/framework.dart:5793)
I/flutter (19266): #10     Element.inflateWidget (package:flutter/src/widgets/framework.dart:4587)
I/flutter (19266): #11     Element.updateChild (package:flutter/src/widgets/framework.dart:4053)
I/flutter (19266): #12     ComponentElement.performRebuild (package:flutter/src/widgets/framework.dart:5841)
I/flutter (19266): #13     StatefulElement.performRebuild (package:flutter/src/widgets/framework.dart:5982)
I/flutter (19266): #14     Element.rebuild (package:flutter/src/widgets/framework.dart:5529)
I/flutter (19266): #15     BuildScope._tryRebuild (package:flutter/src/widgets/framework.dart:2750)
I/flutter (19266): #16     BuildScope._flushDirtyElements (package:flutter/src/widgets/framework.dart:2807)
I/flutter (19266): #17     BuildOwner.buildScope (package:flutter/src/widgets/framework.dart:3111)
I/flutter (19266): #18     WidgetsBinding.drawFrame (package:flutter/src/widgets/binding.dart:1571)
I/flutter (19266): #19     RendererBinding._handlePersistentFrameCallback (package:flutter/src/rendering/binding.dart:509)
I/flutter (19266): #20     SchedulerBinding._invokeFrameCallback (package:flutter/src/scheduler/binding.dart:1430)
I/flutter (19266): #21     SchedulerBinding.handleDrawFrame (package:flutter/src/scheduler/binding.dart:1345)
I/flutter (19266): #22     LiveTestWidgetsFlutterBinding.handleDrawFrame (package:flutter_test/src/binding.dart:2811)
I/flutter (19266): #23     SchedulerBinding._handleDrawFrame (package:flutter/src/scheduler/binding.dart:1198)
I/flutter (19266): #27     _invoke (dart:ui/hooks.dart:425)
I/flutter (19266): #28     PlatformDispatcher._drawFrame (dart:ui/platform_dispatcher.dart:447)
I/flutter (19266): #29     _drawFrame (dart:ui/hooks.dart:395)
I/flutter (19266): (elided 3 frames from dart:async)
[spm]: ProfilerData event received.
I/flutter (19266): [SPM:perf] 698a51a  buildSpan: 5451µs
I/flutter (19266): [spm] Performance monitoring completed for 698a51a
I/flutter (19266): type 'MultiChildLayoutParentData' is not a subtype of type 'StackParentData' in type cast
I/flutter (19266): #0      Positioned.applyParentData (package:flutter/src/widgets/basic.dart:5171)
I/flutter (19266): #1      RenderObjectElement._updateParentData (package:flutter/src/widgets/framework.dart:6901)
I/flutter (19266): #2      RenderObjectElement.attachRenderObject (package:flutter/src/widgets/framework.dart:6945)
I/flutter (19266): #3      RenderObjectElement.mount (package:flutter/src/widgets/framework.dart:6801)
I/flutter (19266): #4      SingleChildRenderObjectElement.mount (package:flutter/src/widgets/framework.dart:7114)
I/flutter (19266): #5      Element.inflateWidget (package:flutter/src/widgets/framework.dart:4587)
I/flutter (19266): #6      Element.updateChild (package:flutter/src/widgets/framework.dart:4059)
I/flutter (19266): #7      ComponentElement.performRebuild (package:flutter/src/widgets/framework.dart:5841)
I/flutter (19266): #8      Element.rebuild (package:flutter/src/widgets/framework.dart:5529)
I/flutter (19266): #9      ComponentElement._firstBuild (package:flutter/src/widgets/framework.dart:5799)
I/flutter (19266): #10     ComponentElement.mount (package:flutter/src/widgets/framework.dart:5793)
I/flutter (19266): #11     Element.inflateWidget (package:flutter/src/widgets/framework.dart:4587)
I/flutter (19266): #12     Element.updateChild (package:flutter/src/widgets/framework.dart:4053)
I/flutter (19266): #13     ComponentElement.performRebuild (package:flutter/src/widgets/framework.dart:5841)
I/flutter (19266): #14     StatefulElement.performRebuild (package:flutter/src/widgets/framework.dart:5982)
I/flutter (19266): #15     Element.rebuild (package:flutter/src/widgets/framework.dart:5529)
I/flutter (19266): #16     BuildScope._tryRebuild (package:flutter/src/widgets/framework.dart:2750)
I/flutter (19266): #17     BuildScope._flushDirtyElements (package:flutter/src/widgets/framework.dart:2807)
I/flutter (19266): #18     BuildOwner.buildScope (package:flutter/src/widgets/framework.dart:3111)
I/flutter (19266): #19     WidgetsBinding.drawFrame (package:flutter/src/widgets/binding.dart:1571)
I/flutter (19266): #20     RendererBinding._handlePersistentFrameCallback (package:flutter/src/rendering/binding.dart:509)
I/flutter (19266): #21     SchedulerBinding._invokeFrameCallback (package:flutter/src/scheduler/binding.dart:1430)
I/flutter (19266): #22     SchedulerBinding.handleDrawFrame (package:flutter/src/scheduler/binding.dart:1345)
I/flutter (19266): #23     LiveTestWidgetsFlutterBinding.handleDrawFrame (package:flutter_test/src/binding.dart:2811)
I/flutter (19266): #24     SchedulerBinding._handleDrawFrame (package:flutter/src/scheduler/binding.dart:1198)
I/flutter (19266): #28     _invoke (dart:ui/hooks.dart:425)
I/flutter (19266): #29     PlatformDispatcher._drawFrame (dart:ui/platform_dispatcher.dart:447)
I/flutter (19266): #30     _drawFrame (dart:ui/hooks.dart:395)
I/flutter (19266): (elided 3 frames from dart:async)
I/flutter (19266): type 'MultiChildLayoutParentData' is not a subtype of type 'StackParentData' in type cast
I/flutter (19266): #0      Positioned.applyParentData (package:flutter/src/widgets/basic.dart:5171)
I/flutter (19266): #1      RenderObjectElement._updateParentData (package:flutter/src/widgets/framework.dart:6901)
I/flutter (19266): #2      RenderObjectElement.attachRenderObject (package:flutter/src/widgets/framework.dart:6945)
I/flutter (19266): #3      RenderObjectElement.mount (package:flutter/src/widgets/framework.dart:6801)
I/flutter (19266): #4      Element.inflateWidget (package:flutter/src/widgets/framework.dart:4587)
I/flutter (19266): #5      Element.updateChild (package:flutter/src/widgets/framework.dart:4059)
I/flutter (19266): #6      ComponentElement.performRebuild (package:flutter/src/widgets/framework.dart:5858)
I/flutter (19266): #7      Element.rebuild (package:flutter/src/widgets/framework.dart:5529)
I/flutter (19266): #8      ComponentElement._firstBuild (package:flutter/src/widgets/framework.dart:5799)
I/flutter (19266): #9      ComponentElement.mount (package:flutter/src/widgets/framework.dart:5793)
I/flutter (19266): #10     Element.inflateWidget (package:flutter/src/widgets/framework.dart:4587)
I/flutter (19266): #11     Element.updateChild (package:flutter/src/widgets/framework.dart:4053)
I/flutter (19266): #12     ComponentElement.performRebuild (package:flutter/src/widgets/framework.dart:5841)
I/flutter (19266): #13     StatefulElement.performRebuild (package:flutter/src/widgets/framework.dart:5982)
I/flutter (19266): #14     Element.rebuild (package:flutter/src/widgets/framework.dart:5529)
I/flutter (19266): #15     BuildScope._tryRebuild (package:flutter/src/widgets/framework.dart:2750)
I/flutter (19266): #16     BuildScope._flushDirtyElements (package:flutter/src/widgets/framework.dart:2807)
I/flutter (19266): #17     BuildOwner.buildScope (package:flutter/src/widgets/framework.dart:3111)
I/flutter (19266): #18     WidgetsBinding.drawFrame (package:flutter/src/widgets/binding.dart:1571)
I/flutter (19266): #19     RendererBinding._handlePersistentFrameCallback (package:flutter/src/rendering/binding.dart:509)
I/flutter (19266): #20     SchedulerBinding._invokeFrameCallback (package:flutter/src/scheduler/binding.dart:1430)
I/flutter (19266): #21     SchedulerBinding.handleDrawFrame (package:flutter/src/scheduler/binding.dart:1345)
I/flutter (19266): #22     LiveTestWidgetsFlutterBinding.handleDrawFrame (package:flutter_test/src/binding.dart:2811)
I/flutter (19266): #23     SchedulerBinding._handleDrawFrame (package:flutter/src/scheduler/binding.dart:1198)
I/flutter (19266): #27     _invoke (dart:ui/hooks.dart:425)
I/flutter (19266): #28     PlatformDispatcher._drawFrame (dart:ui/platform_dispatcher.dart:447)
I/flutter (19266): #29     _drawFrame (dart:ui/hooks.dart:395)
I/flutter (19266): (elided 3 frames from dart:async)
[spm]: ProfilerData event received.
I/flutter (19266): [SPM:perf] 698a51a  buildSpan: 5919µs
I/flutter (19266): [spm] Performance monitoring completed for 698a51a
I/flutter (19266): type 'MultiChildLayoutParentData' is not a subtype of type 'StackParentData' in type cast
I/flutter (19266): #0      Positioned.applyParentData (package:flutter/src/widgets/basic.dart:5171)
I/flutter (19266): #1      RenderObjectElement._updateParentData (package:flutter/src/widgets/framework.dart:6901)
I/flutter (19266): #2      RenderObjectElement.attachRenderObject (package:flutter/src/widgets/framework.dart:6945)
I/flutter (19266): #3      RenderObjectElement.mount (package:flutter/src/widgets/framework.dart:6801)
I/flutter (19266): #4      SingleChildRenderObjectElement.mount (package:flutter/src/widgets/framework.dart:7114)
I/flutter (19266): #5      Element.inflateWidget (package:flutter/src/widgets/framework.dart:4587)
I/flutter (19266): #6      Element.updateChild (package:flutter/src/widgets/framework.dart:4059)
I/flutter (19266): #7      ComponentElement.performRebuild (package:flutter/src/widgets/framework.dart:5841)
I/flutter (19266): #8      Element.rebuild (package:flutter/src/widgets/framework.dart:5529)
I/flutter (19266): #9      ComponentElement._firstBuild (package:flutter/src/widgets/framework.dart:5799)
I/flutter (19266): #10     ComponentElement.mount (package:flutter/src/widgets/framework.dart:5793)
I/flutter (19266): #11     Element.inflateWidget (package:flutter/src/widgets/framework.dart:4587)
I/flutter (19266): #12     Element.updateChild (package:flutter/src/widgets/framework.dart:4053)
I/flutter (19266): #13     ComponentElement.performRebuild (package:flutter/src/widgets/framework.dart:5841)
I/flutter (19266): #14     StatefulElement.performRebuild (package:flutter/src/widgets/framework.dart:5982)
I/flutter (19266): #15     Element.rebuild (package:flutter/src/widgets/framework.dart:5529)
I/flutter (19266): #16     BuildScope._tryRebuild (package:flutter/src/widgets/framework.dart:2750)
I/flutter (19266): #17     BuildScope._flushDirtyElements (package:flutter/src/widgets/framework.dart:2807)
I/flutter (19266): #18     BuildOwner.buildScope (package:flutter/src/widgets/framework.dart:3111)
I/flutter (19266): #19     WidgetsBinding.drawFrame (package:flutter/src/widgets/binding.dart:1571)
I/flutter (19266): #20     RendererBinding._handlePersistentFrameCallback (package:flutter/src/rendering/binding.dart:509)
I/flutter (19266): #21     SchedulerBinding._invokeFrameCallback (package:flutter/src/scheduler/binding.dart:1430)
I/flutter (19266): #22     SchedulerBinding.handleDrawFrame (package:flutter/src/scheduler/binding.dart:1345)
I/flutter (19266): #23     LiveTestWidgetsFlutterBinding.handleDrawFrame (package:flutter_test/src/binding.dart:2811)
I/flutter (19266): #24     SchedulerBinding._handleDrawFrame (package:flutter/src/scheduler/binding.dart:1198)
I/flutter (19266): #28     _invoke (dart:ui/hooks.dart:425)
I/flutter (19266): #29     PlatformDispatcher._drawFrame (dart:ui/platform_dispatcher.dart:447)
I/flutter (19266): #30     _drawFrame (dart:ui/hooks.dart:395)
I/flutter (19266): (elided 3 frames from dart:async)
I/flutter (19266): type 'MultiChildLayoutParentData' is not a subtype of type 'StackParentData' in type cast
I/flutter (19266): #0      Positioned.applyParentData (package:flutter/src/widgets/basic.dart:5171)
I/flutter (19266): #1      RenderObjectElement._updateParentData (package:flutter/src/widgets/framework.dart:6901)
I/flutter (19266): #2      RenderObjectElement.attachRenderObject (package:flutter/src/widgets/framework.dart:6945)
I/flutter (19266): #3      RenderObjectElement.mount (package:flutter/src/widgets/framework.dart:6801)
I/flutter (19266): #4      Element.inflateWidget (package:flutter/src/widgets/framework.dart:4587)
I/flutter (19266): #5      Element.updateChild (package:flutter/src/widgets/framework.dart:4059)
I/flutter (19266): #6      ComponentElement.performRebuild (package:flutter/src/widgets/framework.dart:5858)
I/flutter (19266): #7      Element.rebuild (package:flutter/src/widgets/framework.dart:5529)
I/flutter (19266): #8      ComponentElement._firstBuild (package:flutter/src/widgets/framework.dart:5799)
I/flutter (19266): #9      ComponentElement.mount (package:flutter/src/widgets/framework.dart:5793)
I/flutter (19266): #10     Element.inflateWidget (package:flutter/src/widgets/framework.dart:4587)
I/flutter (19266): #11     Element.updateChild (package:flutter/src/widgets/framework.dart:4053)
I/flutter (19266): #12     ComponentElement.performRebuild (package:flutter/src/widgets/framework.dart:5841)
I/flutter (19266): #13     StatefulElement.performRebuild (package:flutter/src/widgets/framework.dart:5982)
I/flutter (19266): #14     Element.rebuild (package:flutter/src/widgets/framework.dart:5529)
I/flutter (19266): #15     BuildScope._tryRebuild (package:flutter/src/widgets/framework.dart:2750)
I/flutter (19266): #16     BuildScope._flushDirtyElements (package:flutter/src/widgets/framework.dart:2807)
I/flutter (19266): #17     BuildOwner.buildScope (package:flutter/src/widgets/framework.dart:3111)
I/flutter (19266): #18     WidgetsBinding.drawFrame (package:flutter/src/widgets/binding.dart:1571)
I/flutter (19266): #19     RendererBinding._handlePersistentFrameCallback (package:flutter/src/rendering/binding.dart:509)
I/flutter (19266): #20     SchedulerBinding._invokeFrameCallback (package:flutter/src/scheduler/binding.dart:1430)
I/flutter (19266): #21     SchedulerBinding.handleDrawFrame (package:flutter/src/scheduler/binding.dart:1345)
I/flutter (19266): #22     LiveTestWidgetsFlutterBinding.handleDrawFrame (package:flutter_test/src/binding.dart:2811)
I/flutter (19266): #23     SchedulerBinding._handleDrawFrame (package:flutter/src/scheduler/binding.dart:1198)
I/flutter (19266): #27     _invoke (dart:ui/hooks.dart:425)
I/flutter (19266): #28     PlatformDispatcher._drawFrame (dart:ui/platform_dispatcher.dart:447)
I/flutter (19266): #29     _drawFrame (dart:ui/hooks.dart:395)
I/flutter (19266): (elided 3 frames from dart:async)
[spm]: ProfilerData event received.
I/flutter (19266): [SPM:perf] 698a51a  buildSpan: 5398µs
I/flutter (19266): [spm] Performance monitoring completed for 698a51a
I/flutter (19266): type 'MultiChildLayoutParentData' is not a subtype of type 'StackParentData' in type cast
I/flutter (19266): #0      Positioned.applyParentData (package:flutter/src/widgets/basic.dart:5171)
I/flutter (19266): #1      RenderObjectElement._updateParentData (package:flutter/src/widgets/framework.dart:6901)
I/flutter (19266): #2      RenderObjectElement.attachRenderObject (package:flutter/src/widgets/framework.dart:6945)
I/flutter (19266): #3      RenderObjectElement.mount (package:flutter/src/widgets/framework.dart:6801)
I/flutter (19266): #4      SingleChildRenderObjectElement.mount (package:flutter/src/widgets/framework.dart:7114)
I/flutter (19266): #5      Element.inflateWidget (package:flutter/src/widgets/framework.dart:4587)
I/flutter (19266): #6      Element.updateChild (package:flutter/src/widgets/framework.dart:4059)
I/flutter (19266): #7      ComponentElement.performRebuild (package:flutter/src/widgets/framework.dart:5841)
I/flutter (19266): #8      Element.rebuild (package:flutter/src/widgets/framework.dart:5529)
I/flutter (19266): #9      ComponentElement._firstBuild (package:flutter/src/widgets/framework.dart:5799)
I/flutter (19266): #10     ComponentElement.mount (package:flutter/src/widgets/framework.dart:5793)
I/flutter (19266): #11     Element.inflateWidget (package:flutter/src/widgets/framework.dart:4587)
I/flutter (19266): #12     Element.updateChild (package:flutter/src/widgets/framework.dart:4053)
I/flutter (19266): #13     ComponentElement.performRebuild (package:flutter/src/widgets/framework.dart:5841)
I/flutter (19266): #14     StatefulElement.performRebuild (package:flutter/src/widgets/framework.dart:5982)
I/flutter (19266): #15     Element.rebuild (package:flutter/src/widgets/framework.dart:5529)
I/flutter (19266): #16     BuildScope._tryRebuild (package:flutter/src/widgets/framework.dart:2750)
I/flutter (19266): #17     BuildScope._flushDirtyElements (package:flutter/src/widgets/framework.dart:2807)
I/flutter (19266): #18     BuildOwner.buildScope (package:flutter/src/widgets/framework.dart:3111)
I/flutter (19266): #19     WidgetsBinding.drawFrame (package:flutter/src/widgets/binding.dart:1571)
I/flutter (19266): #20     RendererBinding._handlePersistentFrameCallback (package:flutter/src/rendering/binding.dart:509)
I/flutter (19266): #21     SchedulerBinding._invokeFrameCallback (package:flutter/src/scheduler/binding.dart:1430)
I/flutter (19266): #22     SchedulerBinding.handleDrawFrame (package:flutter/src/scheduler/binding.dart:1345)
I/flutter (19266): #23     LiveTestWidgetsFlutterBinding.handleDrawFrame (package:flutter_test/src/binding.dart:2811)
I/flutter (19266): #24     SchedulerBinding._handleDrawFrame (package:flutter/src/scheduler/binding.dart:1198)
I/flutter (19266): #28     _invoke (dart:ui/hooks.dart:425)
I/flutter (19266): #29     PlatformDispatcher._drawFrame (dart:ui/platform_dispatcher.dart:447)
I/flutter (19266): #30     _drawFrame (dart:ui/hooks.dart:395)
I/flutter (19266): (elided 3 frames from dart:async)
I/flutter (19266): type 'MultiChildLayoutParentData' is not a subtype of type 'StackParentData' in type cast
I/flutter (19266): #0      Positioned.applyParentData (package:flutter/src/widgets/basic.dart:5171)
I/flutter (19266): #1      RenderObjectElement._updateParentData (package:flutter/src/widgets/framework.dart:6901)
I/flutter (19266): #2      RenderObjectElement.attachRenderObject (package:flutter/src/widgets/framework.dart:6945)
I/flutter (19266): #3      RenderObjectElement.mount (package:flutter/src/widgets/framework.dart:6801)
I/flutter (19266): #4      Element.inflateWidget (package:flutter/src/widgets/framework.dart:4587)
I/flutter (19266): #5      Element.updateChild (package:flutter/src/widgets/framework.dart:4059)
I/flutter (19266): #6      ComponentElement.performRebuild (package:flutter/src/widgets/framework.dart:5858)
I/flutter (19266): #7      Element.rebuild (package:flutter/src/widgets/framework.dart:5529)
I/flutter (19266): #8      ComponentElement._firstBuild (package:flutter/src/widgets/framework.dart:5799)
I/flutter (19266): #9      ComponentElement.mount (package:flutter/src/widgets/framework.dart:5793)
I/flutter (19266): #10     Element.inflateWidget (package:flutter/src/widgets/framework.dart:4587)
I/flutter (19266): #11     Element.updateChild (package:flutter/src/widgets/framework.dart:4053)
I/flutter (19266): #12     ComponentElement.performRebuild (package:flutter/src/widgets/framework.dart:5841)
I/flutter (19266): #13     StatefulElement.performRebuild (package:flutter/src/widgets/framework.dart:5982)
I/flutter (19266): #14     Element.rebuild (package:flutter/src/widgets/framework.dart:5529)
I/flutter (19266): #15     BuildScope._tryRebuild (package:flutter/src/widgets/framework.dart:2750)
I/flutter (19266): #16     BuildScope._flushDirtyElements (package:flutter/src/widgets/framework.dart:2807)
I/flutter (19266): #17     BuildOwner.buildScope (package:flutter/src/widgets/framework.dart:3111)
I/flutter (19266): #18     WidgetsBinding.drawFrame (package:flutter/src/widgets/binding.dart:1571)
I/flutter (19266): #19     RendererBinding._handlePersistentFrameCallback (package:flutter/src/rendering/binding.dart:509)
I/flutter (19266): #20     SchedulerBinding._invokeFrameCallback (package:flutter/src/scheduler/binding.dart:1430)
I/flutter (19266): #21     SchedulerBinding.handleDrawFrame (package:flutter/src/scheduler/binding.dart:1345)
I/flutter (19266): #22     LiveTestWidgetsFlutterBinding.handleDrawFrame (package:flutter_test/src/binding.dart:2811)
I/flutter (19266): #23     SchedulerBinding._handleDrawFrame (package:flutter/src/scheduler/binding.dart:1198)
I/flutter (19266): #27     _invoke (dart:ui/hooks.dart:425)
I/flutter (19266): #28     PlatformDispatcher._drawFrame (dart:ui/platform_dispatcher.dart:447)
I/flutter (19266): #29     _drawFrame (dart:ui/hooks.dart:395)
I/flutter (19266): (elided 3 frames from dart:async)
[spm]: ProfilerData event received.
I/flutter (19266): [SPM:perf] 698a51a  buildSpan: 5485µs
I/flutter (19266): [spm] Performance monitoring completed for 698a51a
I/flutter (19266): type 'MultiChildLayoutParentData' is not a subtype of type 'StackParentData' in type cast
I/flutter (19266): #0      Positioned.applyParentData (package:flutter/src/widgets/basic.dart:5171)
I/flutter (19266): #1      RenderObjectElement._updateParentData (package:flutter/src/widgets/framework.dart:6901)
I/flutter (19266): #2      RenderObjectElement.attachRenderObject (package:flutter/src/widgets/framework.dart:6945)
I/flutter (19266): #3      RenderObjectElement.mount (package:flutter/src/widgets/framework.dart:6801)
I/flutter (19266): #4      SingleChildRenderObjectElement.mount (package:flutter/src/widgets/framework.dart:7114)
I/flutter (19266): #5      Element.inflateWidget (package:flutter/src/widgets/framework.dart:4587)
I/flutter (19266): #6      Element.updateChild (package:flutter/src/widgets/framework.dart:4059)
I/flutter (19266): #7      ComponentElement.performRebuild (package:flutter/src/widgets/framework.dart:5841)
I/flutter (19266): #8      Element.rebuild (package:flutter/src/widgets/framework.dart:5529)
I/flutter (19266): #9      ComponentElement._firstBuild (package:flutter/src/widgets/framework.dart:5799)
I/flutter (19266): #10     ComponentElement.mount (package:flutter/src/widgets/framework.dart:5793)
I/flutter (19266): #11     Element.inflateWidget (package:flutter/src/widgets/framework.dart:4587)
I/flutter (19266): #12     Element.updateChild (package:flutter/src/widgets/framework.dart:4053)
I/flutter (19266): #13     ComponentElement.performRebuild (package:flutter/src/widgets/framework.dart:5841)
I/flutter (19266): #14     StatefulElement.performRebuild (package:flutter/src/widgets/framework.dart:5982)
I/flutter (19266): #15     Element.rebuild (package:flutter/src/widgets/framework.dart:5529)
I/flutter (19266): #16     BuildScope._tryRebuild (package:flutter/src/widgets/framework.dart:2750)
I/flutter (19266): #17     BuildScope._flushDirtyElements (package:flutter/src/widgets/framework.dart:2807)
I/flutter (19266): #18     BuildOwner.buildScope (package:flutter/src/widgets/framework.dart:3111)
I/flutter (19266): #19     WidgetsBinding.drawFrame (package:flutter/src/widgets/binding.dart:1571)
I/flutter (19266): #20     RendererBinding._handlePersistentFrameCallback (package:flutter/src/rendering/binding.dart:509)
I/flutter (19266): #21     SchedulerBinding._invokeFrameCallback (package:flutter/src/scheduler/binding.dart:1430)
I/flutter (19266): #22     SchedulerBinding.handleDrawFrame (package:flutter/src/scheduler/binding.dart:1345)
I/flutter (19266): #23     LiveTestWidgetsFlutterBinding.handleDrawFrame (package:flutter_test/src/binding.dart:2811)
I/flutter (19266): #24     SchedulerBinding._handleDrawFrame (package:flutter/src/scheduler/binding.dart:1198)
I/flutter (19266): #28     _invoke (dart:ui/hooks.dart:425)
I/flutter (19266): #29     PlatformDispatcher._drawFrame (dart:ui/platform_dispatcher.dart:447)
I/flutter (19266): #30     _drawFrame (dart:ui/hooks.dart:395)
I/flutter (19266): (elided 3 frames from dart:async)
I/flutter (19266): type 'MultiChildLayoutParentData' is not a subtype of type 'StackParentData' in type cast
I/flutter (19266): #0      Positioned.applyParentData (package:flutter/src/widgets/basic.dart:5171)
I/flutter (19266): #1      RenderObjectElement._updateParentData (package:flutter/src/widgets/framework.dart:6901)
I/flutter (19266): #2      RenderObjectElement.attachRenderObject (package:flutter/src/widgets/framework.dart:6945)
I/flutter (19266): #3      RenderObjectElement.mount (package:flutter/src/widgets/framework.dart:6801)
I/flutter (19266): #4      Element.inflateWidget (package:flutter/src/widgets/framework.dart:4587)
I/flutter (19266): #5      Element.updateChild (package:flutter/src/widgets/framework.dart:4059)
I/flutter (19266): #6      ComponentElement.performRebuild (package:flutter/src/widgets/framework.dart:5858)
I/flutter (19266): #7      Element.rebuild (package:flutter/src/widgets/framework.dart:5529)
I/flutter (19266): #8      ComponentElement._firstBuild (package:flutter/src/widgets/framework.dart:5799)
I/flutter (19266): #9      ComponentElement.mount (package:flutter/src/widgets/framework.dart:5793)
I/flutter (19266): #10     Element.inflateWidget (package:flutter/src/widgets/framework.dart:4587)
I/flutter (19266): #11     Element.updateChild (package:flutter/src/widgets/framework.dart:4053)
I/flutter (19266): #12     ComponentElement.performRebuild (package:flutter/src/widgets/framework.dart:5841)
I/flutter (19266): #13     StatefulElement.performRebuild (package:flutter/src/widgets/framework.dart:5982)
I/flutter (19266): #14     Element.rebuild (package:flutter/src/widgets/framework.dart:5529)
I/flutter (19266): #15     BuildScope._tryRebuild (package:flutter/src/widgets/framework.dart:2750)
I/flutter (19266): #16     BuildScope._flushDirtyElements (package:flutter/src/widgets/framework.dart:2807)
I/flutter (19266): #17     BuildOwner.buildScope (package:flutter/src/widgets/framework.dart:3111)
I/flutter (19266): #18     WidgetsBinding.drawFrame (package:flutter/src/widgets/binding.dart:1571)
I/flutter (19266): #19     RendererBinding._handlePersistentFrameCallback (package:flutter/src/rendering/binding.dart:509)
I/flutter (19266): #20     SchedulerBinding._invokeFrameCallback (package:flutter/src/scheduler/binding.dart:1430)
I/flutter (19266): #21     SchedulerBinding.handleDrawFrame (package:flutter/src/scheduler/binding.dart:1345)
I/flutter (19266): #22     LiveTestWidgetsFlutterBinding.handleDrawFrame (package:flutter_test/src/binding.dart:2811)
I/flutter (19266): #23     SchedulerBinding._handleDrawFrame (package:flutter/src/scheduler/binding.dart:1198)
I/flutter (19266): #27     _invoke (dart:ui/hooks.dart:425)
I/flutter (19266): #28     PlatformDispatcher._drawFrame (dart:ui/platform_dispatcher.dart:447)
I/flutter (19266): #29     _drawFrame (dart:ui/hooks.dart:395)
I/flutter (19266): (elided 3 frames from dart:async)
I/flutter (19266): [SPM:perf] 698a51a  buildSpan: 5522µs
I/flutter (19266): [spm] Performance monitoring completed for 698a51a
[spm]: ProfilerData event received.
I/flutter (19266): type 'MultiChildLayoutParentData' is not a subtype of type 'StackParentData' in type cast
I/flutter (19266): #0      Positioned.applyParentData (package:flutter/src/widgets/basic.dart:5171)
I/flutter (19266): #1      RenderObjectElement._updateParentData (package:flutter/src/widgets/framework.dart:6901)
I/flutter (19266): #2      RenderObjectElement.attachRenderObject (package:flutter/src/widgets/framework.dart:6945)
I/flutter (19266): #3      RenderObjectElement.mount (package:flutter/src/widgets/framework.dart:6801)
I/flutter (19266): #4      SingleChildRenderObjectElement.mount (package:flutter/src/widgets/framework.dart:7114)
I/flutter (19266): #5      Element.inflateWidget (package:flutter/src/widgets/framework.dart:4587)
I/flutter (19266): #6      Element.updateChild (package:flutter/src/widgets/framework.dart:4059)
I/flutter (19266): #7      ComponentElement.performRebuild (package:flutter/src/widgets/framework.dart:5841)
I/flutter (19266): #8      Element.rebuild (package:flutter/src/widgets/framework.dart:5529)
I/flutter (19266): #9      ComponentElement._firstBuild (package:flutter/src/widgets/framework.dart:5799)
I/flutter (19266): #10     ComponentElement.mount (package:flutter/src/widgets/framework.dart:5793)
I/flutter (19266): #11     Element.inflateWidget (package:flutter/src/widgets/framework.dart:4587)
I/flutter (19266): #12     Element.updateChild (package:flutter/src/widgets/framework.dart:4053)
I/flutter (19266): #13     ComponentElement.performRebuild (package:flutter/src/widgets/framework.dart:5841)
I/flutter (19266): #14     StatefulElement.performRebuild (package:flutter/src/widgets/framework.dart:5982)
I/flutter (19266): #15     Element.rebuild (package:flutter/src/widgets/framework.dart:5529)
I/flutter (19266): #16     BuildScope._tryRebuild (package:flutter/src/widgets/framework.dart:2750)
I/flutter (19266): #17     BuildScope._flushDirtyElements (package:flutter/src/widgets/framework.dart:2807)
I/flutter (19266): #18     BuildOwner.buildScope (package:flutter/src/widgets/framework.dart:3111)
I/flutter (19266): #19     WidgetsBinding.drawFrame (package:flutter/src/widgets/binding.dart:1571)
I/flutter (19266): #20     RendererBinding._handlePersistentFrameCallback (package:flutter/src/rendering/binding.dart:509)
I/flutter (19266): #21     SchedulerBinding._invokeFrameCallback (package:flutter/src/scheduler/binding.dart:1430)
I/flutter (19266): #22     SchedulerBinding.handleDrawFrame (package:flutter/src/scheduler/binding.dart:1345)
I/flutter (19266): #23     LiveTestWidgetsFlutterBinding.handleDrawFrame (package:flutter_test/src/binding.dart:2811)
I/flutter (19266): #24     SchedulerBinding._handleDrawFrame (package:flutter/src/scheduler/binding.dart:1198)
I/flutter (19266): #28     _invoke (dart:ui/hooks.dart:425)
I/flutter (19266): #29     PlatformDispatcher._drawFrame (dart:ui/platform_dispatcher.dart:447)
I/flutter (19266): #30     _drawFrame (dart:ui/hooks.dart:395)
I/flutter (19266): (elided 3 frames from dart:async)
I/flutter (19266): type 'MultiChildLayoutParentData' is not a subtype of type 'StackParentData' in type cast
I/flutter (19266): #0      Positioned.applyParentData (package:flutter/src/widgets/basic.dart:5171)
I/flutter (19266): #1      RenderObjectElement._updateParentData (package:flutter/src/widgets/framework.dart:6901)
I/flutter (19266): #2      RenderObjectElement.attachRenderObject (package:flutter/src/widgets/framework.dart:6945)
I/flutter (19266): #3      RenderObjectElement.mount (package:flutter/src/widgets/framework.dart:6801)
I/flutter (19266): #4      Element.inflateWidget (package:flutter/src/widgets/framework.dart:4587)
I/flutter (19266): #5      Element.updateChild (package:flutter/src/widgets/framework.dart:4059)
I/flutter (19266): #6      ComponentElement.performRebuild (package:flutter/src/widgets/framework.dart:5858)
I/flutter (19266): #7      Element.rebuild (package:flutter/src/widgets/framework.dart:5529)
I/flutter (19266): #8      ComponentElement._firstBuild (package:flutter/src/widgets/framework.dart:5799)
I/flutter (19266): #9      ComponentElement.mount (package:flutter/src/widgets/framework.dart:5793)
I/flutter (19266): #10     Element.inflateWidget (package:flutter/src/widgets/framework.dart:4587)
I/flutter (19266): #11     Element.updateChild (package:flutter/src/widgets/framework.dart:4053)
I/flutter (19266): #12     ComponentElement.performRebuild (package:flutter/src/widgets/framework.dart:5841)
I/flutter (19266): #13     StatefulElement.performRebuild (package:flutter/src/widgets/framework.dart:5982)
I/flutter (19266): #14     Element.rebuild (package:flutter/src/widgets/framework.dart:5529)
I/flutter (19266): #15     BuildScope._tryRebuild (package:flutter/src/widgets/framework.dart:2750)
I/flutter (19266): #16     BuildScope._flushDirtyElements (package:flutter/src/widgets/framework.dart:2807)
I/flutter (19266): #17     BuildOwner.buildScope (package:flutter/src/widgets/framework.dart:3111)
I/flutter (19266): #18     WidgetsBinding.drawFrame (package:flutter/src/widgets/binding.dart:1571)
I/flutter (19266): #19     RendererBinding._handlePersistentFrameCallback (package:flutter/src/rendering/binding.dart:509)
I/flutter (19266): #20     SchedulerBinding._invokeFrameCallback (package:flutter/src/scheduler/binding.dart:1430)
I/flutter (19266): #21     SchedulerBinding.handleDrawFrame (package:flutter/src/scheduler/binding.dart:1345)
I/flutter (19266): #22     LiveTestWidgetsFlutterBinding.handleDrawFrame (package:flutter_test/src/binding.dart:2811)
I/flutter (19266): #23     SchedulerBinding._handleDrawFrame (package:flutter/src/scheduler/binding.dart:1198)
I/flutter (19266): #27     _invoke (dart:ui/hooks.dart:425)
I/flutter (19266): #28     PlatformDispatcher._drawFrame (dart:ui/platform_dispatcher.dart:447)
I/flutter (19266): #29     _drawFrame (dart:ui/hooks.dart:395)
I/flutter (19266): (elided 3 frames from dart:async)
[spm]: ProfilerData event received.
I/flutter (19266): [SPM:perf] 698a51a  buildSpan: 5480µs
I/flutter (19266): [spm] Performance monitoring completed for 698a51a
I/flutter (19266): type 'MultiChildLayoutParentData' is not a subtype of type 'StackParentData' in type cast
I/flutter (19266): #0      Positioned.applyParentData (package:flutter/src/widgets/basic.dart:5171)
I/flutter (19266): #1      RenderObjectElement._updateParentData (package:flutter/src/widgets/framework.dart:6901)
I/flutter (19266): #2      RenderObjectElement.attachRenderObject (package:flutter/src/widgets/framework.dart:6945)
I/flutter (19266): #3      RenderObjectElement.mount (package:flutter/src/widgets/framework.dart:6801)
I/flutter (19266): #4      SingleChildRenderObjectElement.mount (package:flutter/src/widgets/framework.dart:7114)
I/flutter (19266): #5      Element.inflateWidget (package:flutter/src/widgets/framework.dart:4587)
I/flutter (19266): #6      Element.updateChild (package:flutter/src/widgets/framework.dart:4059)
I/flutter (19266): #7      ComponentElement.performRebuild (package:flutter/src/widgets/framework.dart:5841)
I/flutter (19266): #8      Element.rebuild (package:flutter/src/widgets/framework.dart:5529)
I/flutter (19266): #9      ComponentElement._firstBuild (package:flutter/src/widgets/framework.dart:5799)
I/flutter (19266): #10     ComponentElement.mount (package:flutter/src/widgets/framework.dart:5793)
I/flutter (19266): #11     Element.inflateWidget (package:flutter/src/widgets/framework.dart:4587)
I/flutter (19266): #12     Element.updateChild (package:flutter/src/widgets/framework.dart:4053)
I/flutter (19266): #13     ComponentElement.performRebuild (package:flutter/src/widgets/framework.dart:5841)
I/flutter (19266): #14     StatefulElement.performRebuild (package:flutter/src/widgets/framework.dart:5982)
I/flutter (19266): #15     Element.rebuild (package:flutter/src/widgets/framework.dart:5529)
I/flutter (19266): #16     BuildScope._tryRebuild (package:flutter/src/widgets/framework.dart:2750)
I/flutter (19266): #17     BuildScope._flushDirtyElements (package:flutter/src/widgets/framework.dart:2807)
I/flutter (19266): #18     BuildOwner.buildScope (package:flutter/src/widgets/framework.dart:3111)
I/flutter (19266): #19     WidgetsBinding.drawFrame (package:flutter/src/widgets/binding.dart:1571)
I/flutter (19266): #20     RendererBinding._handlePersistentFrameCallback (package:flutter/src/rendering/binding.dart:509)
I/flutter (19266): #21     SchedulerBinding._invokeFrameCallback (package:flutter/src/scheduler/binding.dart:1430)
I/flutter (19266): #22     SchedulerBinding.handleDrawFrame (package:flutter/src/scheduler/binding.dart:1345)
I/flutter (19266): #23     LiveTestWidgetsFlutterBinding.handleDrawFrame (package:flutter_test/src/binding.dart:2811)
I/flutter (19266): #24     SchedulerBinding._handleDrawFrame (package:flutter/src/scheduler/binding.dart:1198)
I/flutter (19266): #28     _invoke (dart:ui/hooks.dart:425)
I/flutter (19266): #29     PlatformDispatcher._drawFrame (dart:ui/platform_dispatcher.dart:447)
I/flutter (19266): #30     _drawFrame (dart:ui/hooks.dart:395)
I/flutter (19266): (elided 3 frames from dart:async)
I/flutter (19266): type 'MultiChildLayoutParentData' is not a subtype of type 'StackParentData' in type cast
I/flutter (19266): #0      Positioned.applyParentData (package:flutter/src/widgets/basic.dart:5171)
I/flutter (19266): #1      RenderObjectElement._updateParentData (package:flutter/src/widgets/framework.dart:6901)
I/flutter (19266): #2      RenderObjectElement.attachRenderObject (package:flutter/src/widgets/framework.dart:6945)
I/flutter (19266): #3      RenderObjectElement.mount (package:flutter/src/widgets/framework.dart:6801)
I/flutter (19266): #4      Element.inflateWidget (package:flutter/src/widgets/framework.dart:4587)
I/flutter (19266): #5      Element.updateChild (package:flutter/src/widgets/framework.dart:4059)
I/flutter (19266): #6      ComponentElement.performRebuild (package:flutter/src/widgets/framework.dart:5858)
I/flutter (19266): #7      Element.rebuild (package:flutter/src/widgets/framework.dart:5529)
I/flutter (19266): #8      ComponentElement._firstBuild (package:flutter/src/widgets/framework.dart:5799)
I/flutter (19266): #9      ComponentElement.mount (package:flutter/src/widgets/framework.dart:5793)
I/flutter (19266): #10     Element.inflateWidget (package:flutter/src/widgets/framework.dart:4587)
I/flutter (19266): #11     Element.updateChild (package:flutter/src/widgets/framework.dart:4053)
I/flutter (19266): #12     ComponentElement.performRebuild (package:flutter/src/widgets/framework.dart:5841)
I/flutter (19266): #13     StatefulElement.performRebuild (package:flutter/src/widgets/framework.dart:5982)
I/flutter (19266): #14     Element.rebuild (package:flutter/src/widgets/framework.dart:5529)
I/flutter (19266): #15     BuildScope._tryRebuild (package:flutter/src/widgets/framework.dart:2750)
I/flutter (19266): #16     BuildScope._flushDirtyElements (package:flutter/src/widgets/framework.dart:2807)
I/flutter (19266): #17     BuildOwner.buildScope (package:flutter/src/widgets/framework.dart:3111)
I/flutter (19266): #18     WidgetsBinding.drawFrame (package:flutter/src/widgets/binding.dart:1571)
I/flutter (19266): #19     RendererBinding._handlePersistentFrameCallback (package:flutter/src/rendering/binding.dart:509)
I/flutter (19266): #20     SchedulerBinding._invokeFrameCallback (package:flutter/src/scheduler/binding.dart:1430)
I/flutter (19266): #21     SchedulerBinding.handleDrawFrame (package:flutter/src/scheduler/binding.dart:1345)
I/flutter (19266): #22     LiveTestWidgetsFlutterBinding.handleDrawFrame (package:flutter_test/src/binding.dart:2811)
I/flutter (19266): #23     SchedulerBinding._handleDrawFrame (package:flutter/src/scheduler/binding.dart:1198)
I/flutter (19266): #27     _invoke (dart:ui/hooks.dart:425)
I/flutter (19266): #28     PlatformDispatcher._drawFrame (dart:ui/platform_dispatcher.dart:447)
I/flutter (19266): #29     _drawFrame (dart:ui/hooks.dart:395)
I/flutter (19266): (elided 3 frames from dart:async)
[spm]: ProfilerData event received.
I/flutter (19266): [SPM:perf] 698a51a  buildSpan: 5542µs
I/flutter (19266): [spm] Performance monitoring completed for 698a51a
I/flutter (19266): type 'MultiChildLayoutParentData' is not a subtype of type 'StackParentData' in type cast
I/flutter (19266): #0      Positioned.applyParentData (package:flutter/src/widgets/basic.dart:5171)
I/flutter (19266): #1      RenderObjectElement._updateParentData (package:flutter/src/widgets/framework.dart:6901)
I/flutter (19266): #2      RenderObjectElement.attachRenderObject (package:flutter/src/widgets/framework.dart:6945)
I/flutter (19266): #3      RenderObjectElement.mount (package:flutter/src/widgets/framework.dart:6801)
I/flutter (19266): #4      SingleChildRenderObjectElement.mount (package:flutter/src/widgets/framework.dart:7114)
I/flutter (19266): #5      Element.inflateWidget (package:flutter/src/widgets/framework.dart:4587)
I/flutter (19266): #6      Element.updateChild (package:flutter/src/widgets/framework.dart:4059)
I/flutter (19266): #7      ComponentElement.performRebuild (package:flutter/src/widgets/framework.dart:5841)
I/flutter (19266): #8      Element.rebuild (package:flutter/src/widgets/framework.dart:5529)
I/flutter (19266): #9      ComponentElement._firstBuild (package:flutter/src/widgets/framework.dart:5799)
I/flutter (19266): #10     ComponentElement.mount (package:flutter/src/widgets/framework.dart:5793)
I/flutter (19266): #11     Element.inflateWidget (package:flutter/src/widgets/framework.dart:4587)
I/flutter (19266): #12     Element.updateChild (package:flutter/src/widgets/framework.dart:4053)
I/flutter (19266): #13     ComponentElement.performRebuild (package:flutter/src/widgets/framework.dart:5841)
I/flutter (19266): #14     StatefulElement.performRebuild (package:flutter/src/widgets/framework.dart:5982)
I/flutter (19266): #15     Element.rebuild (package:flutter/src/widgets/framework.dart:5529)
I/flutter (19266): #16     BuildScope._tryRebuild (package:flutter/src/widgets/framework.dart:2750)
I/flutter (19266): #17     BuildScope._flushDirtyElements (package:flutter/src/widgets/framework.dart:2807)
I/flutter (19266): #18     BuildOwner.buildScope (package:flutter/src/widgets/framework.dart:3111)
I/flutter (19266): #19     WidgetsBinding.drawFrame (package:flutter/src/widgets/binding.dart:1571)
I/flutter (19266): #20     RendererBinding._handlePersistentFrameCallback (package:flutter/src/rendering/binding.dart:509)
I/flutter (19266): #21     SchedulerBinding._invokeFrameCallback (package:flutter/src/scheduler/binding.dart:1430)
I/flutter (19266): #22     SchedulerBinding.handleDrawFrame (package:flutter/src/scheduler/binding.dart:1345)
I/flutter (19266): #23     LiveTestWidgetsFlutterBinding.handleDrawFrame (package:flutter_test/src/binding.dart:2811)
I/flutter (19266): #24     SchedulerBinding._handleDrawFrame (package:flutter/src/scheduler/binding.dart:1198)
I/flutter (19266): #28     _invoke (dart:ui/hooks.dart:425)
I/flutter (19266): #29     PlatformDispatcher._drawFrame (dart:ui/platform_dispatcher.dart:447)
I/flutter (19266): #30     _drawFrame (dart:ui/hooks.dart:395)
I/flutter (19266): (elided 3 frames from dart:async)
I/flutter (19266): type 'MultiChildLayoutParentData' is not a subtype of type 'StackParentData' in type cast
I/flutter (19266): #0      Positioned.applyParentData (package:flutter/src/widgets/basic.dart:5171)
I/flutter (19266): #1      RenderObjectElement._updateParentData (package:flutter/src/widgets/framework.dart:6901)
I/flutter (19266): #2      RenderObjectElement.attachRenderObject (package:flutter/src/widgets/framework.dart:6945)
I/flutter (19266): #3      RenderObjectElement.mount (package:flutter/src/widgets/framework.dart:6801)
I/flutter (19266): #4      Element.inflateWidget (package:flutter/src/widgets/framework.dart:4587)
I/flutter (19266): #5      Element.updateChild (package:flutter/src/widgets/framework.dart:4059)
I/flutter (19266): #6      ComponentElement.performRebuild (package:flutter/src/widgets/framework.dart:5858)
I/flutter (19266): #7      Element.rebuild (package:flutter/src/widgets/framework.dart:5529)
I/flutter (19266): #8      ComponentElement._firstBuild (package:flutter/src/widgets/framework.dart:5799)
I/flutter (19266): #9      ComponentElement.mount (package:flutter/src/widgets/framework.dart:5793)
I/flutter (19266): #10     Element.inflateWidget (package:flutter/src/widgets/framework.dart:4587)
I/flutter (19266): #11     Element.updateChild (package:flutter/src/widgets/framework.dart:4053)
I/flutter (19266): #12     ComponentElement.performRebuild (package:flutter/src/widgets/framework.dart:5841)
I/flutter (19266): #13     StatefulElement.performRebuild (package:flutter/src/widgets/framework.dart:5982)
I/flutter (19266): #14     Element.rebuild (package:flutter/src/widgets/framework.dart:5529)
I/flutter (19266): #15     BuildScope._tryRebuild (package:flutter/src/widgets/framework.dart:2750)
I/flutter (19266): #16     BuildScope._flushDirtyElements (package:flutter/src/widgets/framework.dart:2807)
I/flutter (19266): #17     BuildOwner.buildScope (package:flutter/src/widgets/framework.dart:3111)
I/flutter (19266): #18     WidgetsBinding.drawFrame (package:flutter/src/widgets/binding.dart:1571)
I/flutter (19266): #19     RendererBinding._handlePersistentFrameCallback (package:flutter/src/rendering/binding.dart:509)
I/flutter (19266): #20     SchedulerBinding._invokeFrameCallback (package:flutter/src/scheduler/binding.dart:1430)
I/flutter (19266): #21     SchedulerBinding.handleDrawFrame (package:flutter/src/scheduler/binding.dart:1345)
I/flutter (19266): #22     LiveTestWidgetsFlutterBinding.handleDrawFrame (package:flutter_test/src/binding.dart:2811)
I/flutter (19266): #23     SchedulerBinding._handleDrawFrame (package:flutter/src/scheduler/binding.dart:1198)
I/flutter (19266): #27     _invoke (dart:ui/hooks.dart:425)
I/flutter (19266): #28     PlatformDispatcher._drawFrame (dart:ui/platform_dispatcher.dart:447)
I/flutter (19266): #29     _drawFrame (dart:ui/hooks.dart:395)
I/flutter (19266): (elided 3 frames from dart:async)
I/flutter (19266): [SPM:perf] 698a51a  buildSpan: 5641µs
I/flutter (19266): [spm] Performance monitoring completed for 698a51a
[spm]: ProfilerData event received.
I/flutter (19266): type 'MultiChildLayoutParentData' is not a subtype of type 'StackParentData' in type cast
I/flutter (19266): #0      Positioned.applyParentData (package:flutter/src/widgets/basic.dart:5171)
I/flutter (19266): #1      RenderObjectElement._updateParentData (package:flutter/src/widgets/framework.dart:6901)
I/flutter (19266): #2      RenderObjectElement.attachRenderObject (package:flutter/src/widgets/framework.dart:6945)
I/flutter (19266): #3      RenderObjectElement.mount (package:flutter/src/widgets/framework.dart:6801)
I/flutter (19266): #4      SingleChildRenderObjectElement.mount (package:flutter/src/widgets/framework.dart:7114)
I/flutter (19266): #5      Element.inflateWidget (package:flutter/src/widgets/framework.dart:4587)
I/flutter (19266): #6      Element.updateChild (package:flutter/src/widgets/framework.dart:4059)
I/flutter (19266): #7      ComponentElement.performRebuild (package:flutter/src/widgets/framework.dart:5841)
I/flutter (19266): #8      Element.rebuild (package:flutter/src/widgets/framework.dart:5529)
I/flutter (19266): #9      ComponentElement._firstBuild (package:flutter/src/widgets/framework.dart:5799)
I/flutter (19266): #10     ComponentElement.mount (package:flutter/src/widgets/framework.dart:5793)
I/flutter (19266): #11     Element.inflateWidget (package:flutter/src/widgets/framework.dart:4587)
I/flutter (19266): #12     Element.updateChild (package:flutter/src/widgets/framework.dart:4053)
I/flutter (19266): #13     ComponentElement.performRebuild (package:flutter/src/widgets/framework.dart:5841)
I/flutter (19266): #14     StatefulElement.performRebuild (package:flutter/src/widgets/framework.dart:5982)
I/flutter (19266): #15     Element.rebuild (package:flutter/src/widgets/framework.dart:5529)
I/flutter (19266): #16     BuildScope._tryRebuild (package:flutter/src/widgets/framework.dart:2750)
I/flutter (19266): #17     BuildScope._flushDirtyElements (package:flutter/src/widgets/framework.dart:2807)
I/flutter (19266): #18     BuildOwner.buildScope (package:flutter/src/widgets/framework.dart:3111)
I/flutter (19266): #19     WidgetsBinding.drawFrame (package:flutter/src/widgets/binding.dart:1571)
I/flutter (19266): #20     RendererBinding._handlePersistentFrameCallback (package:flutter/src/rendering/binding.dart:509)
I/flutter (19266): #21     SchedulerBinding._invokeFrameCallback (package:flutter/src/scheduler/binding.dart:1430)
I/flutter (19266): #22     SchedulerBinding.handleDrawFrame (package:flutter/src/scheduler/binding.dart:1345)
I/flutter (19266): #23     LiveTestWidgetsFlutterBinding.handleDrawFrame (package:flutter_test/src/binding.dart:2811)
I/flutter (19266): #24     SchedulerBinding._handleDrawFrame (package:flutter/src/scheduler/binding.dart:1198)
I/flutter (19266): #28     _invoke (dart:ui/hooks.dart:425)
I/flutter (19266): #29     PlatformDispatcher._drawFrame (dart:ui/platform_dispatcher.dart:447)
I/flutter (19266): #30     _drawFrame (dart:ui/hooks.dart:395)
I/flutter (19266): (elided 3 frames from dart:async)
I/flutter (19266): type 'MultiChildLayoutParentData' is not a subtype of type 'StackParentData' in type cast
I/flutter (19266): #0      Positioned.applyParentData (package:flutter/src/widgets/basic.dart:5171)
I/flutter (19266): #1      RenderObjectElement._updateParentData (package:flutter/src/widgets/framework.dart:6901)
I/flutter (19266): #2      RenderObjectElement.attachRenderObject (package:flutter/src/widgets/framework.dart:6945)
I/flutter (19266): #3      RenderObjectElement.mount (package:flutter/src/widgets/framework.dart:6801)
I/flutter (19266): #4      Element.inflateWidget (package:flutter/src/widgets/framework.dart:4587)
I/flutter (19266): #5      Element.updateChild (package:flutter/src/widgets/framework.dart:4059)
I/flutter (19266): #6      ComponentElement.performRebuild (package:flutter/src/widgets/framework.dart:5858)
I/flutter (19266): #7      Element.rebuild (package:flutter/src/widgets/framework.dart:5529)
I/flutter (19266): #8      ComponentElement._firstBuild (package:flutter/src/widgets/framework.dart:5799)
I/flutter (19266): #9      ComponentElement.mount (package:flutter/src/widgets/framework.dart:5793)
I/flutter (19266): #10     Element.inflateWidget (package:flutter/src/widgets/framework.dart:4587)
I/flutter (19266): #11     Element.updateChild (package:flutter/src/widgets/framework.dart:4053)
I/flutter (19266): #12     ComponentElement.performRebuild (package:flutter/src/widgets/framework.dart:5841)
I/flutter (19266): #13     StatefulElement.performRebuild (package:flutter/src/widgets/framework.dart:5982)
I/flutter (19266): #14     Element.rebuild (package:flutter/src/widgets/framework.dart:5529)
I/flutter (19266): #15     BuildScope._tryRebuild (package:flutter/src/widgets/framework.dart:2750)
I/flutter (19266): #16     BuildScope._flushDirtyElements (package:flutter/src/widgets/framework.dart:2807)
I/flutter (19266): #17     BuildOwner.buildScope (package:flutter/src/widgets/framework.dart:3111)
I/flutter (19266): #18     WidgetsBinding.drawFrame (package:flutter/src/widgets/binding.dart:1571)
I/flutter (19266): #19     RendererBinding._handlePersistentFrameCallback (package:flutter/src/rendering/binding.dart:509)
I/flutter (19266): #20     SchedulerBinding._invokeFrameCallback (package:flutter/src/scheduler/binding.dart:1430)
I/flutter (19266): #21     SchedulerBinding.handleDrawFrame (package:flutter/src/scheduler/binding.dart:1345)
I/flutter (19266): #22     LiveTestWidgetsFlutterBinding.handleDrawFrame (package:flutter_test/src/binding.dart:2811)
I/flutter (19266): #23     SchedulerBinding._handleDrawFrame (package:flutter/src/scheduler/binding.dart:1198)
I/flutter (19266): #27     _invoke (dart:ui/hooks.dart:425)
I/flutter (19266): #28     PlatformDispatcher._drawFrame (dart:ui/platform_dispatcher.dart:447)
I/flutter (19266): #29     _drawFrame (dart:ui/hooks.dart:395)
I/flutter (19266): (elided 3 frames from dart:async)
[spm]: ProfilerData event received.
I/flutter (19266): [SPM:perf] 698a51a  buildSpan: 5374µs
I/flutter (19266): [spm] Performance monitoring completed for 698a51a
I/flutter (19266): type 'MultiChildLayoutParentData' is not a subtype of type 'StackParentData' in type cast
I/flutter (19266): #0      Positioned.applyParentData (package:flutter/src/widgets/basic.dart:5171)
I/flutter (19266): #1      RenderObjectElement._updateParentData (package:flutter/src/widgets/framework.dart:6901)
I/flutter (19266): #2      RenderObjectElement.attachRenderObject (package:flutter/src/widgets/framework.dart:6945)
I/flutter (19266): #3      RenderObjectElement.mount (package:flutter/src/widgets/framework.dart:6801)
I/flutter (19266): #4      SingleChildRenderObjectElement.mount (package:flutter/src/widgets/framework.dart:7114)
I/flutter (19266): #5      Element.inflateWidget (package:flutter/src/widgets/framework.dart:4587)
I/flutter (19266): #6      Element.updateChild (package:flutter/src/widgets/framework.dart:4059)
I/flutter (19266): #7      ComponentElement.performRebuild (package:flutter/src/widgets/framework.dart:5841)
I/flutter (19266): #8      Element.rebuild (package:flutter/src/widgets/framework.dart:5529)
I/flutter (19266): #9      ComponentElement._firstBuild (package:flutter/src/widgets/framework.dart:5799)
I/flutter (19266): #10     ComponentElement.mount (package:flutter/src/widgets/framework.dart:5793)
I/flutter (19266): #11     Element.inflateWidget (package:flutter/src/widgets/framework.dart:4587)
I/flutter (19266): #12     Element.updateChild (package:flutter/src/widgets/framework.dart:4053)
I/flutter (19266): #13     ComponentElement.performRebuild (package:flutter/src/widgets/framework.dart:5841)
I/flutter (19266): #14     StatefulElement.performRebuild (package:flutter/src/widgets/framework.dart:5982)
I/flutter (19266): #15     Element.rebuild (package:flutter/src/widgets/framework.dart:5529)
I/flutter (19266): #16     BuildScope._tryRebuild (package:flutter/src/widgets/framework.dart:2750)
I/flutter (19266): #17     BuildScope._flushDirtyElements (package:flutter/src/widgets/framework.dart:2807)
I/flutter (19266): #18     BuildOwner.buildScope (package:flutter/src/widgets/framework.dart:3111)
I/flutter (19266): #19     WidgetsBinding.drawFrame (package:flutter/src/widgets/binding.dart:1571)
I/flutter (19266): #20     RendererBinding._handlePersistentFrameCallback (package:flutter/src/rendering/binding.dart:509)
I/flutter (19266): #21     SchedulerBinding._invokeFrameCallback (package:flutter/src/scheduler/binding.dart:1430)
I/flutter (19266): #22     SchedulerBinding.handleDrawFrame (package:flutter/src/scheduler/binding.dart:1345)
I/flutter (19266): #23     LiveTestWidgetsFlutterBinding.handleDrawFrame (package:flutter_test/src/binding.dart:2811)
I/flutter (19266): #24     SchedulerBinding._handleDrawFrame (package:flutter/src/scheduler/binding.dart:1198)
I/flutter (19266): #28     _invoke (dart:ui/hooks.dart:425)
I/flutter (19266): #29     PlatformDispatcher._drawFrame (dart:ui/platform_dispatcher.dart:447)
I/flutter (19266): #30     _drawFrame (dart:ui/hooks.dart:395)
I/flutter (19266): (elided 3 frames from dart:async)
I/flutter (19266): type 'MultiChildLayoutParentData' is not a subtype of type 'StackParentData' in type cast
I/flutter (19266): #0      Positioned.applyParentData (package:flutter/src/widgets/basic.dart:5171)
I/flutter (19266): #1      RenderObjectElement._updateParentData (package:flutter/src/widgets/framework.dart:6901)
I/flutter (19266): #2      RenderObjectElement.attachRenderObject (package:flutter/src/widgets/framework.dart:6945)
I/flutter (19266): #3      RenderObjectElement.mount (package:flutter/src/widgets/framework.dart:6801)
I/flutter (19266): #4      Element.inflateWidget (package:flutter/src/widgets/framework.dart:4587)
I/flutter (19266): #5      Element.updateChild (package:flutter/src/widgets/framework.dart:4059)
I/flutter (19266): #6      ComponentElement.performRebuild (package:flutter/src/widgets/framework.dart:5858)
I/flutter (19266): #7      Element.rebuild (package:flutter/src/widgets/framework.dart:5529)
I/flutter (19266): #8      ComponentElement._firstBuild (package:flutter/src/widgets/framework.dart:5799)
I/flutter (19266): #9      ComponentElement.mount (package:flutter/src/widgets/framework.dart:5793)
I/flutter (19266): #10     Element.inflateWidget (package:flutter/src/widgets/framework.dart:4587)
I/flutter (19266): #11     Element.updateChild (package:flutter/src/widgets/framework.dart:4053)
I/flutter (19266): #12     ComponentElement.performRebuild (package:flutter/src/widgets/framework.dart:5841)
I/flutter (19266): #13     StatefulElement.performRebuild (package:flutter/src/widgets/framework.dart:5982)
I/flutter (19266): #14     Element.rebuild (package:flutter/src/widgets/framework.dart:5529)
I/flutter (19266): #15     BuildScope._tryRebuild (package:flutter/src/widgets/framework.dart:2750)
I/flutter (19266): #16     BuildScope._flushDirtyElements (package:flutter/src/widgets/framework.dart:2807)
I/flutter (19266): #17     BuildOwner.buildScope (package:flutter/src/widgets/framework.dart:3111)
I/flutter (19266): #18     WidgetsBinding.drawFrame (package:flutter/src/widgets/binding.dart:1571)
I/flutter (19266): #19     RendererBinding._handlePersistentFrameCallback (package:flutter/src/rendering/binding.dart:509)
I/flutter (19266): #20     SchedulerBinding._invokeFrameCallback (package:flutter/src/scheduler/binding.dart:1430)
I/flutter (19266): #21     SchedulerBinding.handleDrawFrame (package:flutter/src/scheduler/binding.dart:1345)
I/flutter (19266): #22     LiveTestWidgetsFlutterBinding.handleDrawFrame (package:flutter_test/src/binding.dart:2811)
I/flutter (19266): #23     SchedulerBinding._handleDrawFrame (package:flutter/src/scheduler/binding.dart:1198)
I/flutter (19266): #27     _invoke (dart:ui/hooks.dart:425)
I/flutter (19266): #28     PlatformDispatcher._drawFrame (dart:ui/platform_dispatcher.dart:447)
I/flutter (19266): #29     _drawFrame (dart:ui/hooks.dart:395)
I/flutter (19266): (elided 3 frames from dart:async)
I/flutter (19266): [SPM:perf] 698a51a  buildSpan: 5480µs
I/flutter (19266): [spm] Performance monitoring completed for 698a51a
[spm]: ProfilerData event received.
I/flutter (19266): type 'MultiChildLayoutParentData' is not a subtype of type 'StackParentData' in type cast
I/flutter (19266): #0      Positioned.applyParentData (package:flutter/src/widgets/basic.dart:5171)
I/flutter (19266): #1      RenderObjectElement._updateParentData (package:flutter/src/widgets/framework.dart:6901)
I/flutter (19266): #2      RenderObjectElement.attachRenderObject (package:flutter/src/widgets/framework.dart:6945)
I/flutter (19266): #3      RenderObjectElement.mount (package:flutter/src/widgets/framework.dart:6801)
I/flutter (19266): #4      SingleChildRenderObjectElement.mount (package:flutter/src/widgets/framework.dart:7114)
I/flutter (19266): #5      Element.inflateWidget (package:flutter/src/widgets/framework.dart:4587)
I/flutter (19266): #6      Element.updateChild (package:flutter/src/widgets/framework.dart:4059)
I/flutter (19266): #7      ComponentElement.performRebuild (package:flutter/src/widgets/framework.dart:5841)
I/flutter (19266): #8      Element.rebuild (package:flutter/src/widgets/framework.dart:5529)
I/flutter (19266): #9      ComponentElement._firstBuild (package:flutter/src/widgets/framework.dart:5799)
I/flutter (19266): #10     ComponentElement.mount (package:flutter/src/widgets/framework.dart:5793)
I/flutter (19266): #11     Element.inflateWidget (package:flutter/src/widgets/framework.dart:4587)
I/flutter (19266): #12     Element.updateChild (package:flutter/src/widgets/framework.dart:4053)
I/flutter (19266): #13     ComponentElement.performRebuild (package:flutter/src/widgets/framework.dart:5841)
I/flutter (19266): #14     StatefulElement.performRebuild (package:flutter/src/widgets/framework.dart:5982)
I/flutter (19266): #15     Element.rebuild (package:flutter/src/widgets/framework.dart:5529)
I/flutter (19266): #16     BuildScope._tryRebuild (package:flutter/src/widgets/framework.dart:2750)
I/flutter (19266): #17     BuildScope._flushDirtyElements (package:flutter/src/widgets/framework.dart:2807)
I/flutter (19266): #18     BuildOwner.buildScope (package:flutter/src/widgets/framework.dart:3111)
I/flutter (19266): #19     WidgetsBinding.drawFrame (package:flutter/src/widgets/binding.dart:1571)
I/flutter (19266): #20     RendererBinding._handlePersistentFrameCallback (package:flutter/src/rendering/binding.dart:509)
I/flutter (19266): #21     SchedulerBinding._invokeFrameCallback (package:flutter/src/scheduler/binding.dart:1430)
I/flutter (19266): #22     SchedulerBinding.handleDrawFrame (package:flutter/src/scheduler/binding.dart:1345)
I/flutter (19266): #23     LiveTestWidgetsFlutterBinding.handleDrawFrame (package:flutter_test/src/binding.dart:2811)
I/flutter (19266): #24     SchedulerBinding._handleDrawFrame (package:flutter/src/scheduler/binding.dart:1198)
I/flutter (19266): #28     _invoke (dart:ui/hooks.dart:425)
I/flutter (19266): #29     PlatformDispatcher._drawFrame (dart:ui/platform_dispatcher.dart:447)
I/flutter (19266): #30     _drawFrame (dart:ui/hooks.dart:395)
I/flutter (19266): (elided 3 frames from dart:async)
I/flutter (19266): type 'MultiChildLayoutParentData' is not a subtype of type 'StackParentData' in type cast
I/flutter (19266): #0      Positioned.applyParentData (package:flutter/src/widgets/basic.dart:5171)
I/flutter (19266): #1      RenderObjectElement._updateParentData (package:flutter/src/widgets/framework.dart:6901)
I/flutter (19266): #2      RenderObjectElement.attachRenderObject (package:flutter/src/widgets/framework.dart:6945)
I/flutter (19266): #3      RenderObjectElement.mount (package:flutter/src/widgets/framework.dart:6801)
I/flutter (19266): #4      Element.inflateWidget (package:flutter/src/widgets/framework.dart:4587)
I/flutter (19266): #5      Element.updateChild (package:flutter/src/widgets/framework.dart:4059)
I/flutter (19266): #6      ComponentElement.performRebuild (package:flutter/src/widgets/framework.dart:5858)
I/flutter (19266): #7      Element.rebuild (package:flutter/src/widgets/framework.dart:5529)
I/flutter (19266): #8      ComponentElement._firstBuild (package:flutter/src/widgets/framework.dart:5799)
I/flutter (19266): #9      ComponentElement.mount (package:flutter/src/widgets/framework.dart:5793)
I/flutter (19266): #10     Element.inflateWidget (package:flutter/src/widgets/framework.dart:4587)
I/flutter (19266): #11     Element.updateChild (package:flutter/src/widgets/framework.dart:4053)
I/flutter (19266): #12     ComponentElement.performRebuild (package:flutter/src/widgets/framework.dart:5841)
I/flutter (19266): #13     StatefulElement.performRebuild (package:flutter/src/widgets/framework.dart:5982)
I/flutter (19266): #14     Element.rebuild (package:flutter/src/widgets/framework.dart:5529)
I/flutter (19266): #15     BuildScope._tryRebuild (package:flutter/src/widgets/framework.dart:2750)
I/flutter (19266): #16     BuildScope._flushDirtyElements (package:flutter/src/widgets/framework.dart:2807)
I/flutter (19266): #17     BuildOwner.buildScope (package:flutter/src/widgets/framework.dart:3111)
I/flutter (19266): #18     WidgetsBinding.drawFrame (package:flutter/src/widgets/binding.dart:1571)
I/flutter (19266): #19     RendererBinding._handlePersistentFrameCallback (package:flutter/src/rendering/binding.dart:509)
I/flutter (19266): #20     SchedulerBinding._invokeFrameCallback (package:flutter/src/scheduler/binding.dart:1430)
I/flutter (19266): #21     SchedulerBinding.handleDrawFrame (package:flutter/src/scheduler/binding.dart:1345)
I/flutter (19266): #22     LiveTestWidgetsFlutterBinding.handleDrawFrame (package:flutter_test/src/binding.dart:2811)
I/flutter (19266): #23     SchedulerBinding._handleDrawFrame (package:flutter/src/scheduler/binding.dart:1198)
I/flutter (19266): #27     _invoke (dart:ui/hooks.dart:425)
I/flutter (19266): #28     PlatformDispatcher._drawFrame (dart:ui/platform_dispatcher.dart:447)
I/flutter (19266): #29     _drawFrame (dart:ui/hooks.dart:395)
I/flutter (19266): (elided 3 frames from dart:async)
I/flutter (19266): [SPM:perf] 698a51a  buildSpan: 5606µs
I/flutter (19266): [spm] Performance monitoring completed for 698a51a
[spm]: ProfilerData event received.
I/flutter (19266): type 'MultiChildLayoutParentData' is not a subtype of type 'StackParentData' in type cast
I/flutter (19266): #0      Positioned.applyParentData (package:flutter/src/widgets/basic.dart:5171)
I/flutter (19266): #1      RenderObjectElement._updateParentData (package:flutter/src/widgets/framework.dart:6901)
I/flutter (19266): #2      RenderObjectElement.attachRenderObject (package:flutter/src/widgets/framework.dart:6945)
I/flutter (19266): #3      RenderObjectElement.mount (package:flutter/src/widgets/framework.dart:6801)
I/flutter (19266): #4      SingleChildRenderObjectElement.mount (package:flutter/src/widgets/framework.dart:7114)
I/flutter (19266): #5      Element.inflateWidget (package:flutter/src/widgets/framework.dart:4587)
I/flutter (19266): #6      Element.updateChild (package:flutter/src/widgets/framework.dart:4059)
I/flutter (19266): #7      ComponentElement.performRebuild (package:flutter/src/widgets/framework.dart:5841)
I/flutter (19266): #8      Element.rebuild (package:flutter/src/widgets/framework.dart:5529)
I/flutter (19266): #9      ComponentElement._firstBuild (package:flutter/src/widgets/framework.dart:5799)
I/flutter (19266): #10     ComponentElement.mount (package:flutter/src/widgets/framework.dart:5793)
I/flutter (19266): #11     Element.inflateWidget (package:flutter/src/widgets/framework.dart:4587)
I/flutter (19266): #12     Element.updateChild (package:flutter/src/widgets/framework.dart:4053)
I/flutter (19266): #13     ComponentElement.performRebuild (package:flutter/src/widgets/framework.dart:5841)
I/flutter (19266): #14     StatefulElement.performRebuild (package:flutter/src/widgets/framework.dart:5982)
I/flutter (19266): #15     Element.rebuild (package:flutter/src/widgets/framework.dart:5529)
I/flutter (19266): #16     BuildScope._tryRebuild (package:flutter/src/widgets/framework.dart:2750)
I/flutter (19266): #17     BuildScope._flushDirtyElements (package:flutter/src/widgets/framework.dart:2807)
I/flutter (19266): #18     BuildOwner.buildScope (package:flutter/src/widgets/framework.dart:3111)
I/flutter (19266): #19     WidgetsBinding.drawFrame (package:flutter/src/widgets/binding.dart:1571)
I/flutter (19266): #20     RendererBinding._handlePersistentFrameCallback (package:flutter/src/rendering/binding.dart:509)
I/flutter (19266): #21     SchedulerBinding._invokeFrameCallback (package:flutter/src/scheduler/binding.dart:1430)
I/flutter (19266): #22     SchedulerBinding.handleDrawFrame (package:flutter/src/scheduler/binding.dart:1345)
I/flutter (19266): #23     LiveTestWidgetsFlutterBinding.handleDrawFrame (package:flutter_test/src/binding.dart:2811)
I/flutter (19266): #24     SchedulerBinding._handleDrawFrame (package:flutter/src/scheduler/binding.dart:1198)
I/flutter (19266): #28     _invoke (dart:ui/hooks.dart:425)
I/flutter (19266): #29     PlatformDispatcher._drawFrame (dart:ui/platform_dispatcher.dart:447)
I/flutter (19266): #30     _drawFrame (dart:ui/hooks.dart:395)
I/flutter (19266): (elided 3 frames from dart:async)
I/flutter (19266): type 'MultiChildLayoutParentData' is not a subtype of type 'StackParentData' in type cast
I/flutter (19266): #0      Positioned.applyParentData (package:flutter/src/widgets/basic.dart:5171)
I/flutter (19266): #1      RenderObjectElement._updateParentData (package:flutter/src/widgets/framework.dart:6901)
I/flutter (19266): #2      RenderObjectElement.attachRenderObject (package:flutter/src/widgets/framework.dart:6945)
I/flutter (19266): #3      RenderObjectElement.mount (package:flutter/src/widgets/framework.dart:6801)
I/flutter (19266): #4      Element.inflateWidget (package:flutter/src/widgets/framework.dart:4587)
I/flutter (19266): #5      Element.updateChild (package:flutter/src/widgets/framework.dart:4059)
I/flutter (19266): #6      ComponentElement.performRebuild (package:flutter/src/widgets/framework.dart:5858)
I/flutter (19266): #7      Element.rebuild (package:flutter/src/widgets/framework.dart:5529)
I/flutter (19266): #8      ComponentElement._firstBuild (package:flutter/src/widgets/framework.dart:5799)
I/flutter (19266): #9      ComponentElement.mount (package:flutter/src/widgets/framework.dart:5793)
I/flutter (19266): #10     Element.inflateWidget (package:flutter/src/widgets/framework.dart:4587)
I/flutter (19266): #11     Element.updateChild (package:flutter/src/widgets/framework.dart:4053)
I/flutter (19266): #12     ComponentElement.performRebuild (package:flutter/src/widgets/framework.dart:5841)
I/flutter (19266): #13     StatefulElement.performRebuild (package:flutter/src/widgets/framework.dart:5982)
I/flutter (19266): #14     Element.rebuild (package:flutter/src/widgets/framework.dart:5529)
I/flutter (19266): #15     BuildScope._tryRebuild (package:flutter/src/widgets/framework.dart:2750)
I/flutter (19266): #16     BuildScope._flushDirtyElements (package:flutter/src/widgets/framework.dart:2807)
I/flutter (19266): #17     BuildOwner.buildScope (package:flutter/src/widgets/framework.dart:3111)
I/flutter (19266): #18     WidgetsBinding.drawFrame (package:flutter/src/widgets/binding.dart:1571)
I/flutter (19266): #19     RendererBinding._handlePersistentFrameCallback (package:flutter/src/rendering/binding.dart:509)
I/flutter (19266): #20     SchedulerBinding._invokeFrameCallback (package:flutter/src/scheduler/binding.dart:1430)
I/flutter (19266): #21     SchedulerBinding.handleDrawFrame (package:flutter/src/scheduler/binding.dart:1345)
I/flutter (19266): #22     LiveTestWidgetsFlutterBinding.handleDrawFrame (package:flutter_test/src/binding.dart:2811)
I/flutter (19266): #23     SchedulerBinding._handleDrawFrame (package:flutter/src/scheduler/binding.dart:1198)
I/flutter (19266): #27     _invoke (dart:ui/hooks.dart:425)
I/flutter (19266): #28     PlatformDispatcher._drawFrame (dart:ui/platform_dispatcher.dart:447)
I/flutter (19266): #29     _drawFrame (dart:ui/hooks.dart:395)
I/flutter (19266): (elided 3 frames from dart:async)
[spm]: ProfilerData event received.
I/flutter (19266): [SPM:perf] 698a51a  buildSpan: 5415µs
I/flutter (19266): [spm] Performance monitoring completed for 698a51a
I/flutter (19266): Multiple exceptions (62) were detected during the running of the current test, and at least one was unexpected.
I/flutter (19266): #0      debugPrintStack (package:flutter/src/foundation/assertions.dart:1213)
I/flutter (19266): #1      FlutterError.dumpErrorToConsole (package:flutter/src/foundation/assertions.dart:1033)
I/flutter (19266): #2      _defaultTestExceptionReporter (package:flutter_test/src/test_exception_reporter.dart:29)
I/flutter (19266): #3      new IntegrationTestWidgetsFlutterBinding.<anonymous closure> (package:integration_test/integration_test.dart:91)
I/flutter (19266): #4      TestWidgetsFlutterBinding._createTestCompletionHandler.<anonymous closure> (package:flutter_test/src/binding.dart:1713)
I/flutter (19266): <asynchronous suspension>
I/flutter (19266): (elided 6 frames from dart:async)
I/flutter (19266): 01:10 +0: Performance Benchmark [E]
I/flutter (19266):   Test failed. See exception logs above.
I/flutter (19266):   The test description was: Performance Benchmark
I/flutter (19266):   
I/flutter (19266): 01:10 +0 -1: (tearDownAll)
I/flutter (19266): 01:11 +1 -1: Some tests failed.
Failure Details:
Failure in method: Performance Benchmark
Instance of 'FlutterErrorDetails'
end of failure 1



[spm]: Saved 30 profiler events to <ROOT>/dataset-new_samples/2907/redmi9t/raw/20260913-233913/rev_002_f4caa300/e10.jsonl
[spm]: Reverting injection...
46 issues found. (ran in 1.0s)
WARNING: Your Android app project: app located at: <ROOT>/android/app/build.gradle.kts
applies the Kotlin Gradle Plugin, which will cause build failures in future versions of Flutter. 
Please migrate your app to Built-in Kotlin using this guide: https://docs.flutter.dev/release/breaking-changes/migrate-to-built-in-kotlin/for-app-developers

VMServiceFlutterDriver: Connecting to Flutter application at http://127.0.0.1:43403/XuPuaTd4l5c=/
[spm]: Detected VM service URI: ws://127.0.0.1:43403/XuPuaTd4l5c=/ws
VMServiceFlutterDriver: Isolate found with number: 7092852170585903
VMServiceFlutterDriver: Isolate 7092852170585903 is runnable.
VMServiceFlutterDriver: Isolate is paused at start.
VMServiceFlutterDriver: Attempting to resume isolate
VMServiceFlutterDriver: Connected to Flutter application.
VMServiceFlutterDriver: request_data message is taking a long time to complete...