# sample_id=2907/rev_002_f4caa300 exec_index=14 ok=False perf_lines=30 vm_events=30 battery_pct=85 soc_temp_millic=40800 battery_temp_c=32.0 charging=False preflight_started=2026-09-15T01:00:33.950855+00:00 started=2026-09-15T01:00:36.303237+00:00 ts=2026-09-15T01:03:25.224083+00:00
[spm]: Running flutter analyze...
Resolving dependencies...
Downloading packages...
  _fe_analyzer_shared 100.0.0 (108.0.0 available)
  analyzer 13.0.0 (14.4.0 available)
  async 2.13.0 (2.13.1 available)
  clock 1.1.2 (1.1.3 available)
  cupertino_icons 1.0.8 (1.0.9 available)
  glob 2.1.3 (2.2.0 available)
  lints 6.0.0 (6.1.0 available)
  matcher 0.12.19 (0.12.20 available)
  material_color_utilities 0.13.0 (0.13.1 available)
  meta 1.18.0 (1.19.0 available)
  package_config 2.2.0 (3.0.0 available)
  platform 3.1.6 (3.2.0 available)
  process 5.0.5 (5.0.6 available)
  pub_semver 2.2.0 (2.2.1 available)
  source_span 1.10.1 (1.10.2 available)
  stack_trace 1.12.1 (1.12.2 available)
  test_api 0.7.11 (0.7.14 available)
  vector_math 2.2.0 (2.4.2 available)
  vm_service 15.0.2 (15.3.0 available)
  webdriver 3.1.0 (3.2.0 available)
  yaml 3.1.3 (3.1.4 available)
Got dependencies!
21 packages have newer versions incompatible with dependency constraints.
Try `flutter pub outdated` for more information.
Analyzing lib...                                                

   info • The part-of directive uses a library name. Try converting the directive to use the URI of the library • lib/dependencies.dart:46:1 • use_string_in_part_of_directives
   info • Unnecessary 'late' modifier. Try removing the 'late' • lib/dependencies.dart:56:1 • unnecessary_late
   info • Unnecessary 'late' modifier. Try removing the 'late' • lib/dependencies.dart:61:1 • unnecessary_late
   info • Unnecessary 'late' modifier. Try removing the 'late' • lib/dependencies.dart:65:1 • unnecessary_late
   info • Unnecessary 'late' modifier. Try removing the 'late' • lib/dependencies.dart:70:1 • unnecessary_late
   info • Unnecessary 'late' modifier. Try removing the 'late' • lib/dependencies.dart:124:1 • unnecessary_late
   info • Redundant initialization to 'null'. Try removing the initializer • lib/dependencies.dart:124:14 • avoid_init_to_null
   info • Unnecessary 'late' modifier. Try removing the 'late' • lib/dependencies.dart:128:1 • unnecessary_late
   info • Redundant initialization to 'null'. Try removing the initializer • lib/dependencies.dart:146:11 • avoid_init_to_null
   info • Library names are not necessary. Remove the library name • lib/generated_widget.dart:2:9 • unnecessary_library_name
   info • 'withOpacity' is deprecated and shouldn't be used. Use .withValues() to avoid precision loss. Try replacing the use of the deprecated member with the replacement • lib/generated_widget.dart:52:35 • deprecated_member_use
   info • Use a 'SizedBox' to add whitespace to a layout. Try using a 'SizedBox' rather than a 'Container' • lib/generated_widget.dart:67:14 • sized_box_for_whitespace
   info • 'withOpacity' is deprecated and shouldn't be used. Use .withValues() to avoid precision loss. Try replacing the use of the deprecated member with the replacement • lib/generated_widget.dart:115:33 • deprecated_member_use
   info • 'withOpacity' is deprecated and shouldn't be used. Use .withValues() to avoid precision loss. Try replacing the use of the deprecated member with the replacement • lib/generated_widget.dart:117:52 • deprecated_member_use
   info • 'withOpacity' is deprecated and shouldn't be used. Use .withValues() to avoid precision loss. Try replacing the use of the deprecated member with the replacement • lib/generated_widget.dart:123:35 • deprecated_member_use
   info • 'withOpacity' is deprecated and shouldn't be used. Use .withValues() to avoid precision loss. Try replacing the use of the deprecated member with the replacement • lib/generated_widget.dart:139:52 • deprecated_member_use
   info • 'withOpacity' is deprecated and shouldn't be used. Use .withValues() to avoid precision loss. Try replacing the use of the deprecated member with the replacement • lib/generated_widget.dart:164:32 • deprecated_member_use
warning • This case is covered by the previous cases. Try removing the case clause, or restructuring the preceding patterns • lib/generated_widget.dart:492:7 • unreachable_switch_case
   info • The constant name 'VIEW_TYPE_LAYOUT_ROW' isn't a lowerCamelCase identifier. Try changing the name to follow the lowerCamelCase style • lib/generated_widget.dart:515:20 • constant_identifier_names
   info • The constant name 'VIEW_TYPE_LAYOUT_COLUMN' isn't a lowerCamelCase identifier. Try changing the name to follow the lowerCamelCase style • lib/generated_widget.dart:516:20 • constant_identifier_names
   info • The constant name 'VIEW_TYPE_LAYOUT_CONTAINER' isn't a lowerCamelCase identifier. Try changing the name to follow the lowerCamelCase style • lib/generated_widget.dart:517:20 • constant_identifier_names
   info • The constant name 'VIEW_TYPE_LAYOUT_CENTER' isn't a lowerCamelCase identifier. Try changing the name to follow the lowerCamelCase style • lib/generated_widget.dart:518:20 • constant_identifier_names
   info • The constant name 'VIEW_TYPE_WIDGET_TEXT' isn't a lowerCamelCase identifier. Try changing the name to follow the lowerCamelCase style • lib/generated_widget.dart:521:20 • constant_identifier_names
   info • The constant name 'VIEW_TYPE_WIDGET_TEXTFIELD' isn't a lowerCamelCase identifier. Try changing the name to follow the lowerCamelCase style • lib/generated_widget.dart:522:20 • constant_identifier_names
   info • The constant name 'VIEW_TYPE_WIDGET_ICON' isn't a lowerCamelCase identifier. Try changing the name to follow the lowerCamelCase style • lib/generated_widget.dart:523:20 • constant_identifier_names
   info • The constant name 'VIEW_TYPE_WIDGET_ELEVATEDBUTTON' isn't a lowerCamelCase identifier. Try changing the name to follow the lowerCamelCase style • lib/generated_widget.dart:526:20 • constant_identifier_names
   info • The constant name 'VIEW_TYPE_WIDGET_ICONBUTTON' isn't a lowerCamelCase identifier. Try changing the name to follow the lowerCamelCase style • lib/generated_widget.dart:527:20 • constant_identifier_names
   info • The constant name 'VIEW_TYPE_WIDGET_CHECKBOX' isn't a lowerCamelCase identifier. Try changing the name to follow the lowerCamelCase style • lib/generated_widget.dart:528:20 • constant_identifier_names
   info • The constant name 'VIEW_TYPE_WIDGET_CARD' isn't a lowerCamelCase identifier. Try changing the name to follow the lowerCamelCase style • lib/generated_widget.dart:531:20 • constant_identifier_names
   info • The constant name 'VIEW_TYPE_WIDGET_CHIP' isn't a lowerCamelCase identifier. Try changing the name to follow the lowerCamelCase style • lib/generated_widget.dart:532:20 • constant_identifier_names
   info • The constant name 'VIEW_TYPE_WIDGET_DIVIDER' isn't a lowerCamelCase identifier. Try changing the name to follow the lowerCamelCase style • lib/generated_widget.dart:533:20 • constant_identifier_names
   info • The constant name 'VIEW_TYPE_WIDGET_APPBAR' isn't a lowerCamelCase identifier. Try changing the name to follow the lowerCamelCase style • lib/generated_widget.dart:536:20 • constant_identifier_names
   info • The constant name 'VIEW_TYPE_WIDGET_BOTTOMNAVIGATIONBAR' isn't a lowerCamelCase identifier. Try changing the name to follow the lowerCamelCase style • lib/generated_widget.dart:537:20 • constant_identifier_names
   info • The constant name 'VIEW_TYPE_WIDGET_FLOATINGACTIONBUTTON' isn't a lowerCamelCase identifier. Try changing the name to follow the lowerCamelCase style • lib/generated_widget.dart:538:20 • constant_identifier_names
   info • The constant name 'MATCH_PARENT' isn't a lowerCamelCase identifier. Try changing the name to follow the lowerCamelCase style • lib/generated_widget.dart:701:20 • constant_identifier_names
   info • The constant name 'WRAP_CONTENT' isn't a lowerCamelCase identifier. Try changing the name to follow the lowerCamelCase style • lib/generated_widget.dart:702:20 • constant_identifier_names
   info • The constant name 'GRAVITY_NONE' isn't a lowerCamelCase identifier. Try changing the name to follow the lowerCamelCase style • lib/generated_widget.dart:703:20 • constant_identifier_names
   info • The constant name 'GRAVITY_LEFT' isn't a lowerCamelCase identifier. Try changing the name to follow the lowerCamelCase style • lib/generated_widget.dart:704:20 • constant_identifier_names
   info • The constant name 'GRAVITY_TOP' isn't a lowerCamelCase identifier. Try changing the name to follow the lowerCamelCase style • lib/generated_widget.dart:705:20 • constant_identifier_names
   info • The constant name 'GRAVITY_RIGHT' isn't a lowerCamelCase identifier. Try changing the name to follow the lowerCamelCase style • lib/generated_widget.dart:706:20 • constant_identifier_names
   info • The constant name 'GRAVITY_BOTTOM' isn't a lowerCamelCase identifier. Try changing the name to follow the lowerCamelCase style • lib/generated_widget.dart:707:20 • constant_identifier_names
   info • The constant name 'GRAVITY_CENTER_HORIZONTAL' isn't a lowerCamelCase identifier. Try changing the name to follow the lowerCamelCase style • lib/generated_widget.dart:708:20 • constant_identifier_names
   info • The constant name 'GRAVITY_CENTER_VERTICAL' isn't a lowerCamelCase identifier. Try changing the name to follow the lowerCamelCase style • lib/generated_widget.dart:709:20 • constant_identifier_names
   info • The constant name 'GRAVITY_CENTER' isn't a lowerCamelCase identifier. Try changing the name to follow the lowerCamelCase style • lib/generated_widget.dart:710:20 • constant_identifier_names
   info • The constant name 'ORIENTATION_VERTICAL' isn't a lowerCamelCase identifier. Try changing the name to follow the lowerCamelCase style • lib/generated_widget.dart:711:20 • constant_identifier_names
   info • The constant name 'ORIENTATION_HORIZONTAL' isn't a lowerCamelCase identifier. Try changing the name to follow the lowerCamelCase style • lib/generated_widget.dart:712:20 • constant_identifier_names

[spm]: Injecting profiler code...
[spm]: Starting app...
Running Gradle task 'assembleProfile'...                        
Running Gradle task 'assembleProfile'...                           25.1s
✓ Built build/app/outputs/flutter-apk/app-profile.apk (26.8MB)
Installing build/app/outputs/flutter-apk/app-profile.apk...        25.8s
D/MiuiMultiWindowUtils(17478): freeform resolution args raw data:{  "zizhan":{    "freeform_args": {      "inner":{        "vertical_portrait":{"aspect_ratio":0.626, "original_ratio":0.5643,"original_scale":0.74,"top_margin":0.168,"left_margin":0.484},        "horizontal_portrait":{"aspect_ratio":0.626, "original_ratio":0.5643,"original_scale":0.74,"top_margin":0.1222,"left_margin":0.59745},        "vertical_landscape":{"aspect_ratio":1.6, "original_ratio":1,"original_scale":0.604,"top_margin":0.2596,"left_margin":0.2624},        "horizontal_landscape":{"aspect_ratio":1.6, "original_ratio":1,"original_scale":0.604,"top_margin":0.213,"left_margin":0.3758}      },      "outer":{        "vertical_portrait":{"aspect_ratio":0.626, "original_ratio":1,"original_scale":0.74,"top_margin":0.0753,"left_margin":-1},        "horizontal_portrait":{"aspect_ratio":0.626, "original_ratio":1,"original_scale":0.5756,"top_margin":-1,"left_margin":0.0753},        "vertical_landscape":{"aspect_ratio":1.6, "original_ratio":0.6847,"original_scale":0.587,"top_margin":0.0753,"left_margin":-1},        "horizontal_landscape":{"aspect_ratio":1.6, "original_ratio":0.6847,"original_scale":0.587,"top_margin":-1,"left_margin":0.0753}}    },    "mini_freeform_args":{      "inner":{        "vertical_portrait":{"aspect_ratio":0.626, "original_ratio":0.147},        "horizontal_portrait":{"aspect_ratio":0.626, "original_ratio":0.147},        "vertical_landscape":{"aspect_ratio":1.6, "original_ratio":0.165},        "horizontal_landscape":{"aspect_ratio":1.6, "original_ratio":0.165}      },      "outer":{        "vertical_portrait":{"aspect_ratio":0.626, "original_ratio":0.26},        "horizontal_portrait":{"aspect_ratio":0.626, "original_ratio":0.26},        "vertical_landscape":{"aspect_ratio":1.6, "original_ratio":0.293},        "horizontal_landscape":{"aspect_ratio":1.6, "original_ratio":0.293}}    }  },  "wide_default":{    "freeform_args": {        "vertical_portrait":{"aspect_ratio":0.625, "original_ratio":0.5806,"original_scale":0.7574,"top_margin":0.125,"left_margin":0.392},        "horizontal_portrait":{"aspect_ratio":0.625, "original_ratio":0.5806,"original_scale":0.7574,"top_margin":-1,"left_margin":0.6415},        "vertical_landscape":{"aspect_ratio":1.6, "original_ratio":1,"original_scale":0.5153,"top_margin":0.125,"left_margin":0.206},        "horizontal_landscape":{"aspect_ratio":1.6, "original_ratio":1,"original_scale":0.5153,"top_margin":-1,"left_margin":0.456}    },    "mini_freeform_args":{        "vertical_portrait":{"aspect_ratio":0.5625, "original_ratio":0.144},        "horizontal_portrait":{"aspect_ratio":0.5625, "original_ratio":0.144},        "vertical_landscape":{"aspect_ratio":-1, "original_ratio":0.144},        "horizontal_landscape":{"aspect_ratio":-1, "original_ratio":0.144}    }  },  "narrow_default": {    "freeform_args": {        "vertical_portrait":{"aspect_ratio":0.5625, "original_ratio":1,"original_scale":0.7182,"top_margin":0.142,"left_margin":-1},        "horizontal_portrait":{"aspect_ratio":0.8, "original_ratio":1,"original_scale":0.7182,"top_margin":-1,"left_margin":0.05},        "vertical_landscape":{"aspect_ratio":1.6, "original_ratio":0.6545,"original_scale":0.4473,"top_margin":0.142,"left_margin":-1},        "horizontal_landscape":{"aspect_ratio":1.6, "original_ratio":0.6545,"original_scale":0.4473,"top_margin":-1,"left_margin":0.05}    },    "mini_freeform_args":{        "vertical_portrait":{"aspect_ratio":0.5625, "original_ratio":0.3},        "horizontal_portrait":{"aspect_ratio":0.5625, "original_ratio":0.3},        "vertical_landscape":{"aspect_ratio":1.7778, "original_ratio":0.3},        "horizontal_landscape":{"aspect_ratio":1.7778, "original_ratio":0.3}    }  },  "regular_default": {    "freeform_args": {      "vertical_portrait":{"aspect_ratio":0.625, "original_ratio":1,"original_scale":0.7,"top_margin":0.109,"left_margin":-1},      "horizontal_portrait":{"aspect_ratio":0.6667, "original_ratio":1,"original_scale":0.6102,"top_margin":-1,"left_margin":0.026},      "vertical_landscape":{"asp
E/MiuiMultiWindowUtils(17478): initFreeFormResolutionArgs failed, device is lime
D/IS_CTS_MODE(17478): true
D/MULTI_WINDOW_SWITCH_ENABLED(17478): false
D/IS_CTS_MODE(17478): true
D/MULTI_WINDOW_SWITCH_ENABLED(17478): false
D/IS_CTS_MODE(17478): true
D/MULTI_WINDOW_SWITCH_ENABLED(17478): false
D/DecorView[](17478): getWindowModeFromSystem  windowmode is 1
D/DecorView[](17478): getWindowModeFromSystem  windowmode is 1
D/DecorView[](17478): updateDecorCaptionStatus displayWindowDecor is false
W/Looper  (17478): PerfMonitor looperActivity : package=com.example.benchmark_container/.MainActivity time=479ms latency=425ms running=0ms  procState=-1  historyMsgCount=2 (msgIndex=1 wall=479ms seq=4 late=425ms h=android.app.ActivityThread$H w=159) (msgIndex=2 wall=442ms seq=3 h=android.app.ActivityThread$H w=110)
W/Looper  (17478): PerfMonitor looperActivity : package=com.example.benchmark_container/.MainActivity time=0ms latency=905ms running=0ms  procState=-1  historyMsgCount=4 (msgIndex=2 wall=479ms seq=4 late=425ms h=android.app.ActivityThread$H w=159) (msgIndex=3 wall=442ms seq=3 h=android.app.ActivityThread$H w=110) (msgIndex=4 wall=479ms seq=4 late=425ms h=android.app.ActivityThread$H w=159)
D/SurfaceView(17478): UPDATE null, mIsCastMode = false
D/hw-ProcessState(17478): Binder ioctl to enable oneway spam detection failed: Invalid argument
W/Looper  (17478): PerfMonitor longMsg : seq=8 plan=04:01:45.667 late=497ms wall=1796ms running=0ms h=android.view.Choreographer$FrameHandler c=android.view.Choreographer$FrameDisplayEventReceiver procState=-1
W/Looper  (17478): PerfMonitor doFrame : time=1796ms vsyncFrame=0 latency=497ms procState=-1 historyMsgCount=7 (msgIndex=2 wall=479ms seq=4 h=android.app.ActivityThread$H w=159) (msgIndex=3 wall=1796ms seq=8 late=497ms h=android.view.Choreographer$FrameHandler c=android.view.Choreographer$FrameDisplayEventReceiver) (msgIndex=4 wall=479ms seq=4 h=android.app.ActivityThread$H w=159)
I/Choreographer(17478): Skipped 99 frames!  The application may be doing too much work on its main thread.
D/SurfaceView(17478): UPDATE Surface(name=SurfaceView[com.example.benchmark_container/com.example.benchmark_container.MainActivity])/@0x9ac515, mIsProjectionMode = false
W/Looper  (17478): PerfMonitor doFrame : time=2ms vsyncFrame=0 latency=1666ms procState=-1 historyMsgCount=5
[spm]: Connected to Dart VM service.
I/flutter (17478): 00:00 +0: Performance Benchmark
E/hmark_containe(17478): open libmigui.so failed! dlopen - dlopen failed: library "libmigui.so" not found
D/hmark_containe(17478): MiuiProcessManagerServiceStub setSchedFifo
I/MiuiProcessManagerImpl(17478): setSchedFifo pid:17478, mode:3
D/DecorView[](17478): onWindowFocusChanged hasWindowFocus true
I/flutter (17478): type 'MultiChildLayoutParentData' is not a subtype of type 'StackParentData' in type cast
I/flutter (17478): #0      Positioned.applyParentData (package:flutter/src/widgets/basic.dart:5171)
I/flutter (17478): #1      RenderObjectElement._updateParentData (package:flutter/src/widgets/framework.dart:6901)
I/flutter (17478): #2      RenderObjectElement.attachRenderObject (package:flutter/src/widgets/framework.dart:6945)
I/flutter (17478): #3      RenderObjectElement.mount (package:flutter/src/widgets/framework.dart:6801)
I/flutter (17478): #4      SingleChildRenderObjectElement.mount (package:flutter/src/widgets/framework.dart:7114)
I/flutter (17478): #5      Element.inflateWidget (package:flutter/src/widgets/framework.dart:4587)
I/flutter (17478): #6      Element.updateChild (package:flutter/src/widgets/framework.dart:4059)
I/flutter (17478): #7      ComponentElement.performRebuild (package:flutter/src/widgets/framework.dart:5841)
I/flutter (17478): #8      Element.rebuild (package:flutter/src/widgets/framework.dart:5529)
I/flutter (17478): #9      ComponentElement._firstBuild (package:flutter/src/widgets/framework.dart:5799)
I/flutter (17478): #10     ComponentElement.mount (package:flutter/src/widgets/framework.dart:5793)
I/flutter (17478): #11     Element.inflateWidget (package:flutter/src/widgets/framework.dart:4587)
I/flutter (17478): #12     Element.updateChild (package:flutter/src/widgets/framework.dart:4059)
I/flutter (17478): #13     ComponentElement.performRebuild (package:flutter/src/widgets/framework.dart:5841)
I/flutter (17478): #14     StatefulElement.performRebuild (package:flutter/src/widgets/framework.dart:5982)
I/flutter (17478): #15     Element.rebuild (package:flutter/src/widgets/framework.dart:5529)
I/flutter (17478): #16     ComponentElement._firstBuild (package:flutter/src/widgets/framework.dart:5799)
I/flutter (17478): #17     StatefulElement._firstBuild (package:flutter/src/widgets/framework.dart:5973)
I/flutter (17478): #18     ComponentElement.mount (package:flutter/src/widgets/framework.dart:5793)
I/flutter (17478): #19     Element.inflateWidget (package:flutter/src/widgets/framework.dart:4587)
I/flutter (17478): #20     Element.updateChild (package:flutter/src/widgets/framework.dart:4059)
I/flutter (17478): #21     ComponentElement.performRebuild (package:flutter/src/widgets/framework.dart:5841)
I/flutter (17478): #22     Element.rebuild (package:flutter/src/widgets/framework.dart:5529)
I/flutter (17478): #23     ComponentElement._firstBuild (package:flutter/src/widgets/framework.dart:5799)
I/flutter (17478): #24     ComponentElement.mount (package:flutter/src/widgets/framework.dart:5793)
I/flutter (17478): #25     Element.inflateWidget (package:flutter/src/widgets/framework.dart:4587)
I/flutter (17478): #26     Element.updateChild (package:flutter/src/widgets/framework.dart:4059)
I/flutter (17478): #27     ComponentElement.performRebuild (package:flutter/src/widgets/framework.dart:5841)
I/flutter (17478): #28     Element.rebuild (package:flutter/src/widgets/framework.dart:5529)
I/flutter (17478): #29     ComponentElement._firstBuild (package:flutter/src/widgets/framework.dart:5799)
I/flutter (17478): #30     ComponentElement.mount (package:flutter/src/widgets/framework.dart:5793)
I/flutter (17478): #31     Element.inflateWidget (package:flutter/src/widgets/framework.dart:4587)
I/flutter (17478): #32     Element.updateChild (package:flutter/src/widgets/framework.dart:4059)
I/flutter (17478): #33     ComponentElement.performRebuild (package:flutter/src/widgets/framework.dart:5841)
I/flutter (17478): #34     Element.rebuild (package:flutter/src/widgets/framework.dart:5529)
I/flutter (17478): #35     ComponentElement._firstBuild (package:flutter/src/widgets/framework.dart:5799)
I/flutter (17478): #36     ComponentElement.mount (package:flutter/src/widgets/framework.dart:5793)
I/flutter (17478): #37     Element.inflateWidget (package:flutter/src/widgets/framework.dart:4587)
I/flutter (17478): #38     Element.updateChild (package:flutter/src/widgets/framework.dart:4059)
I/flutter (17478): #39     ComponentElement.performRebuild (package:flutter/src/widgets/framework.dart:5841)
I/flutter (17478): #40     Element.rebuild (package:flutter/src/widgets/framework.dart:5529)
I/flutter (17478): #41     ComponentElement._firstBuild (package:flutter/src/widgets/framework.dart:5799)
I/flutter (17478): #42     ComponentElement.mount (package:flutter/src/widgets/framework.dart:5793)
I/flutter (17478): #43     Element.inflateWidget (package:flutter/src/widgets/framework.dart:4587)
I/flutter (17478): #44     MultiChildRenderObjectElement.inflateWidget (package:flutter/src/widgets/framework.dart:7264)
I/flutter (17478): #45     MultiChildRenderObjectElement.mount (package:flutter/src/widgets/framework.dart:7279)
I/flutter (17478): #46     Element.inflateWidget (package:flutter/src/widgets/framework.dart:4587)
I/flutter (17478): #47     Element.updateChild (package:flutter/src/widgets/framework.dart:4059)
I/flutter (17478): #48     ComponentElement.performRebuild (package:flutter/src/widgets/framework.dart:5841)
I/flutter (17478): #49     Element.rebuild (package:flutter/src/widgets/framework.dart:5529)
I/flutter (17478): #50     ComponentElement._firstBuild (package:flutter/src/widgets/framework.dart:5799)
I/flutter (17478): #51     ComponentElement.mount (package:flutter/src/widgets/framework.dart:5793)
I/flutter (17478): #52     Element.inflateWidget (package:flutter/src/widgets/framework.dart:4587)
I/flutter (17478): #53     Element.updateChild (package:flutter/src/widgets/framework.dart:4059)
I/flutter (17478): #54     ComponentElement.performRebuild (package:flutter/src/widgets/framework.dart:5841)
I/flutter (17478): #55     StatefulElement.performRebuild (package:flutter/src/widgets/framework.dart:5982)
I/flutter (17478): #56     Element.rebuild (package:flutter/src/widgets/framework.dart:5529)
I/flutter (17478): #57     ComponentElement._firstBuild (package:flutter/src/widgets/framework.dart:5799)
I/flutter (17478): #58     StatefulElement._firstBuild (package:flutter/src/widgets/framework.dart:5973)
I/flutter (17478): #59     ComponentElement.mount (package:flutter/src/widgets/framework.dart:5793)
I/flutter (17478): #60     Element.inflateWidget (package:flutter/src/widgets/framework.dart:4587)
I/flutter (17478): #61     Element.updateChild (package:flutter/src/widgets/framework.dart:4059)
I/flutter (17478): #62     ComponentElement.performRebuild (package:flutter/src/widgets/framework.dart:5841)
I/flutter (17478): #63     Element.rebuild (package:flutter/src/widgets/framework.dart:5529)
I/flutter (17478): #64     ComponentElement._firstBuild (package:flutter/src/widgets/framework.dart:5799)
I/flutter (17478): #65     ComponentElement.mount (package:flutter/src/widgets/framework.dart:5793)
I/flutter (17478): #66     Element.inflateWidget (package:flutter/src/widgets/framework.dart:4587)
I/flutter (17478): #67     Element.updateChild (package:flutter/src/widgets/framework.dart:4059)
I/flutter (17478): #68     ComponentElement.performRebuild (package:flutter/src/widgets/framework.dart:5841)
I/flutter (17478): #69     Element.rebuild (package:flutter/src/widgets/framework.dart:5529)
I/flutter (17478): #70     ComponentElement._firstBuild (package:flutter/src/widgets/framework.dart:5799)
I/flutter (17478): #71     ComponentElement.mount (package:flutter/src/widgets/framework.dart:5793)
I/flutter (17478): #72     Element.inflateWidget (package:flutter/src/widgets/framework.dart:4587)
I/flutter (17478): #73     Element.updateChild (package:flutter/src/widgets/framework.dart:4059)
I/flutter (17478): #74     ComponentElement.performRebuild (package:flutter/src/widgets/framework.dart:5841)
I/flutter (17478): #75     StatefulElement.performRebuild (package:flutter/src/widgets/framework.dart:5982)
I/flutter (17478): #76     Element.rebuild (package:flutter/src/widgets/framework.dart:5529)
I/flutter (17478): #77     ComponentElement._firstBuild (package:flutter/src/widgets/framework.dart:5799)
I/flutter (17478): #78     StatefulElement._firstBuild (package:flutter/src/widgets/framework.dart:5973)
I/flutter (17478): #79     ComponentElement.mount (package:flutter/src/widgets/framework.dart:5793)
I/flutter (17478): #80     Element.inflateWidget (package:flutter/src/widgets/framework.dart:4587)
I/flutter (17478): #81     Element.updateChild (package:flutter/src/widgets/framework.dart:4059)
I/flutter (17478): #82     SingleChildRenderObjectElement.mount (package:flutter/src/widgets/framework.dart:7115)
I/flutter (17478): #83     Element.inflateWidget (package:flutter/src/widgets/framework.dart:4587)
I/flutter (17478): #84     Element.updateChild (package:flutter/src/widgets/framework.dart:4059)
I/flutter (17478): #85     ComponentElement.performRebuild (package:flutter/src/widgets/framework.dart:5841)
I/flutter (17478): #86     Element.rebuild (package:flutter/src/widgets/framework.dart:5529)
I/flutter (17478): #87     ComponentElement._firstBuild (package:flutter/src/widgets/framework.dart:5799)
I/flutter (17478): #88     ComponentElement.mount (package:flutter/src/widgets/framework.dart:5793)
I/flutter (17478): #89     Element.inflateWidget (package:flutter/src/widgets/framework.dart:4587)
I/flutter (17478): #90     Element.updateChild (package:flutter/src/widgets/framework.dart:4059)
I/flutter (17478): #91     SingleChildRenderObjectElement.mount (package:flutter/src/widgets/framework.dart:7115)
I/flutter (17478): #92     Element.inflateWidget (package:flutter/src/widgets/framework.dart:4587)
I/flutter (17478): #93     Element.updateChild (package:flutter/src/widgets/framework.dart:4059)
I/flutter (17478): #94     ComponentElement.performRebuild (package:flutter/src/widgets/framework.dart:5841)
I/flutter (17478): #95     StatefulElement.performRebuild (package:flutter/src/widgets/framework.dart:5982)
I/flutter (17478): #96     Element.rebuild (package:flutter/src/widgets/framework.dart:5529)
I/flutter (17478): #97     ComponentElement._firstBuild (package:flutter/src/widgets/framework.dart:5799)
I/flutter (17478): #98     StatefulElement._firstBuild (package:flutter/src/widgets/framework.dart:5973)
I/flutter (17478): #99     ComponentElement.mount (package:flutter/src/widgets/framework.dart:5793)
I/flutter (17478): type 'MultiChildLayoutParentData' is not a subtype of type 'StackParentData' in type cast
I/flutter (17478): #0      Positioned.applyParentData (package:flutter/src/widgets/basic.dart:5171)
I/flutter (17478): #1      RenderObjectElement._updateParentData (package:flutter/src/widgets/framework.dart:6901)
I/flutter (17478): #2      RenderObjectElement.attachRenderObject (package:flutter/src/widgets/framework.dart:6945)
I/flutter (17478): #3      RenderObjectElement.mount (package:flutter/src/widgets/framework.dart:6801)
I/flutter (17478): #4      Element.inflateWidget (package:flutter/src/widgets/framework.dart:4587)
I/flutter (17478): #5      Element.updateChild (package:flutter/src/widgets/framework.dart:4059)
I/flutter (17478): #6      ComponentElement.performRebuild (package:flutter/src/widgets/framework.dart:5858)
I/flutter (17478): #7      Element.rebuild (package:flutter/src/widgets/framework.dart:5529)
I/flutter (17478): #8      ComponentElement._firstBuild (package:flutter/src/widgets/framework.dart:5799)
I/flutter (17478): #9      ComponentElement.mount (package:flutter/src/widgets/framework.dart:5793)
I/flutter (17478): #10     Element.inflateWidget (package:flutter/src/widgets/framework.dart:4587)
I/flutter (17478): #11     Element.updateChild (package:flutter/src/widgets/framework.dart:4059)
I/flutter (17478): #12     ComponentElement.performRebuild (package:flutter/src/widgets/framework.dart:5841)
I/flutter (17478): #13     StatefulElement.performRebuild (package:flutter/src/widgets/framework.dart:5982)
I/flutter (17478): #14     Element.rebuild (package:flutter/src/widgets/framework.dart:5529)
I/flutter (17478): #15     ComponentElement._firstBuild (package:flutter/src/widgets/framework.dart:5799)
I/flutter (17478): #16     StatefulElement._firstBuild (package:flutter/src/widgets/framework.dart:5973)
I/flutter (17478): #17     ComponentElement.mount (package:flutter/src/widgets/framework.dart:5793)
I/flutter (17478): #18     Element.inflateWidget (package:flutter/src/widgets/framework.dart:4587)
I/flutter (17478): #19     Element.updateChild (package:flutter/src/widgets/framework.dart:4059)
I/flutter (17478): #20     ComponentElement.performRebuild (package:flutter/src/widgets/framework.dart:5841)
I/flutter (17478): #21     Element.rebuild (package:flutter/src/widgets/framework.dart:5529)
I/flutter (17478): #22     ComponentElement._firstBuild (package:flutter/src/widgets/framework.dart:5799)
I/flutter (17478): #23     ComponentElement.mount (package:flutter/src/widgets/framework.dart:5793)
I/flutter (17478): #24     Element.inflateWidget (package:flutter/src/widgets/framework.dart:4587)
I/flutter (17478): #25     Element.updateChild (package:flutter/src/widgets/framework.dart:4059)
I/flutter (17478): #26     ComponentElement.performRebuild (package:flutter/src/widgets/framework.dart:5841)
I/flutter (17478): #27     Element.rebuild (package:flutter/src/widgets/framework.dart:5529)
I/flutter (17478): #28     ComponentElement._firstBuild (package:flutter/src/widgets/framework.dart:5799)
I/flutter (17478): #29     ComponentElement.mount (package:flutter/src/widgets/framework.dart:5793)
I/flutter (17478): #30     Element.inflateWidget (package:flutter/src/widgets/framework.dart:4587)
I/flutter (17478): #31     Element.updateChild (package:flutter/src/widgets/framework.dart:4059)
I/flutter (17478): #32     ComponentElement.performRebuild (package:flutter/src/widgets/framework.dart:5841)
I/flutter (17478): #33     Element.rebuild (package:flutter/src/widgets/framework.dart:5529)
I/flutter (17478): #34     ComponentElement._firstBuild (package:flutter/src/widgets/framework.dart:5799)
I/flutter (17478): #35     ComponentElement.mount (package:flutter/src/widgets/framework.dart:5793)
I/flutter (17478): #36     Element.inflateWidget (package:flutter/src/widgets/framework.dart:4587)
I/flutter (17478): #37     Element.updateChild (package:flutter/src/widgets/framework.dart:4059)
I/flutter (17478): #38     ComponentElement.performRebuild (package:flutter/src/widgets/framework.dart:5841)
I/flutter (17478): #39     Element.rebuild (package:flutter/src/widgets/framework.dart:5529)
I/flutter (17478): #40     ComponentElement._firstBuild (package:flutter/src/widgets/framework.dart:5799)
I/flutter (17478): #41     ComponentElement.mount (package:flutter/src/widgets/framework.dart:5793)
I/flutter (17478): #42     Element.inflateWidget (package:flutter/src/widgets/framework.dart:4587)
I/flutter (17478): #43     MultiChildRenderObjectElement.inflateWidget (package:flutter/src/widgets/framework.dart:7264)
I/flutter (17478): #44     MultiChildRenderObjectElement.mount (package:flutter/src/widgets/framework.dart:7279)
I/flutter (17478): #45     Element.inflateWidget (package:flutter/src/widgets/framework.dart:4587)
I/flutter (17478): #46     Element.updateChild (package:flutter/src/widgets/framework.dart:4059)
I/flutter (17478): #47     ComponentElement.performRebuild (package:flutter/src/widgets/framework.dart:5841)
D/DecorView[](17478): getWindowModeFromSystem  windowmode is 1
D/DecorView[](17478): updateDecorCaptionStatus displayWindowDecor is false
I/flutter (17478): #48     Element.rebuild (package:flutter/src/widgets/framework.dart:5529)
I/flutter (17478): #49     ComponentElement._firstBuild (package:flutter/src/widgets/framework.dart:5799)
I/flutter (17478): #50     ComponentElement.mount (package:flutter/src/widgets/framework.dart:5793)
I/flutter (17478): #51     Element.inflateWidget (package:flutter/src/widgets/framework.dart:4587)
I/flutter (17478): #52     Element.updateChild (package:flutter/src/widgets/framework.dart:4059)
I/flutter (17478): #53     ComponentElement.performRebuild (package:flutter/src/widgets/framework.dart:5841)
I/flutter (17478): #54     StatefulElement.performRebuild (package:flutter/src/widgets/framework.dart:5982)
I/flutter (17478): #55     Element.rebuild (package:flutter/src/widgets/framework.dart:5529)
I/flutter (17478): #56     ComponentElement._firstBuild (package:flutter/src/widgets/framework.dart:5799)
I/flutter (17478): #57     StatefulElement._firstBuild (package:flutter/src/widgets/framework.dart:5973)
I/flutter (17478): #58     ComponentElement.mount (package:flutter/src/widgets/framework.dart:5793)
I/flutter (17478): #59     Element.inflateWidget (package:flutter/src/widgets/framework.dart:4587)
I/flutter (17478): #60     Element.updateChild (package:flutter/src/widgets/framework.dart:4059)
I/flutter (17478): #61     ComponentElement.performRebuild (package:flutter/src/widgets/framework.dart:5841)
I/flutter (17478): #62     Element.rebuild (package:flutter/src/widgets/framework.dart:5529)
I/flutter (17478): #63     ComponentElement._firstBuild (package:flutter/src/widgets/framework.dart:5799)
I/flutter (17478): #64     ComponentElement.mount (package:flutter/src/widgets/framework.dart:5793)
I/flutter (17478): #65     Element.inflateWidget (package:flutter/src/widgets/framework.dart:4587)
I/flutter (17478): #66     Element.updateChild (package:flutter/src/widgets/framework.dart:4059)
I/flutter (17478): #67     ComponentElement.performRebuild (package:flutter/src/widgets/framework.dart:5841)
I/flutter (17478): #68     Element.rebuild (package:flutter/src/widgets/framework.dart:5529)
I/flutter (17478): #69     ComponentElement._firstBuild (package:flutter/src/widgets/framework.dart:5799)
I/flutter (17478): #70     ComponentElement.mount (package:flutter/src/widgets/framework.dart:5793)
I/flutter (17478): #71     Element.inflateWidget (package:flutter/src/widgets/framework.dart:4587)
I/flutter (17478): #72     Element.updateChild (package:flutter/src/widgets/framework.dart:4059)
I/flutter (17478): #73     ComponentElement.performRebuild (package:flutter/src/widgets/framework.dart:5841)
I/flutter (17478): #74     StatefulElement.performRebuild (package:flutter/src/widgets/framework.dart:5982)
I/flutter (17478): #75     Element.rebuild (package:flutter/src/widgets/framework.dart:5529)
I/flutter (17478): #76     ComponentElement._firstBuild (package:flutter/src/widgets/framework.dart:5799)
I/flutter (17478): #77     StatefulElement._firstBuild (package:flutter/src/widgets/framework.dart:5973)
I/flutter (17478): #78     ComponentElement.mount (package:flutter/src/widgets/framework.dart:5793)
I/flutter (17478): #79     Element.inflateWidget (package:flutter/src/widgets/framework.dart:4587)
I/flutter (17478): #80     Element.updateChild (package:flutter/src/widgets/framework.dart:4059)
I/flutter (17478): #81     SingleChildRenderObjectElement.mount (package:flutter/src/widgets/framework.dart:7115)
I/flutter (17478): #82     Element.inflateWidget (package:flutter/src/widgets/framework.dart:4587)
I/flutter (17478): #83     Element.updateChild (package:flutter/src/widgets/framework.dart:4059)
I/flutter (17478): #84     ComponentElement.performRebuild (package:flutter/src/widgets/framework.dart:5841)
I/flutter (17478): #85     Element.rebuild (package:flutter/src/widgets/framework.dart:5529)
I/flutter (17478): #86     ComponentElement._firstBuild (package:flutter/src/widgets/framework.dart:5799)
I/flutter (17478): #87     ComponentElement.mount (package:flutter/src/widgets/framework.dart:5793)
I/flutter (17478): #88     Element.inflateWidget (package:flutter/src/widgets/framework.dart:4587)
I/flutter (17478): #89     Element.updateChild (package:flutter/src/widgets/framework.dart:4059)
I/flutter (17478): #90     SingleChildRenderObjectElement.mount (package:flutter/src/widgets/framework.dart:7115)
I/flutter (17478): #91     Element.inflateWidget (package:flutter/src/widgets/framework.dart:4587)
I/flutter (17478): #92     Element.updateChild (package:flutter/src/widgets/framework.dart:4059)
I/flutter (17478): #93     ComponentElement.performRebuild (package:flutter/src/widgets/framework.dart:5841)
I/flutter (17478): #94     StatefulElement.performRebuild (package:flutter/src/widgets/framework.dart:5982)
I/flutter (17478): #95     Element.rebuild (package:flutter/src/widgets/framework.dart:5529)
I/flutter (17478): #96     ComponentElement._firstBuild (package:flutter/src/widgets/framework.dart:5799)
I/flutter (17478): #97     StatefulElement._firstBuild (package:flutter/src/widgets/framework.dart:5973)
I/flutter (17478): #98     ComponentElement.mount (package:flutter/src/widgets/framework.dart:5793)
I/flutter (17478): #99     Element.inflateWidget (package:flutter/src/widgets/framework.dart:4587)
D/ProfileInstaller(17478): Installing profile for com.example.benchmark_container
I/flutter (17478): type 'MultiChildLayoutParentData' is not a subtype of type 'StackParentData' in type cast
I/flutter (17478): #0      Positioned.applyParentData (package:flutter/src/widgets/basic.dart:5171)
I/flutter (17478): #1      RenderObjectElement._updateParentData (package:flutter/src/widgets/framework.dart:6901)
I/flutter (17478): #2      RenderObjectElement.attachRenderObject (package:flutter/src/widgets/framework.dart:6945)
I/flutter (17478): #3      RenderObjectElement.mount (package:flutter/src/widgets/framework.dart:6801)
I/flutter (17478): #4      SingleChildRenderObjectElement.mount (package:flutter/src/widgets/framework.dart:7114)
I/flutter (17478): #5      Element.inflateWidget (package:flutter/src/widgets/framework.dart:4587)
I/flutter (17478): #6      Element.updateChild (package:flutter/src/widgets/framework.dart:4059)
I/flutter (17478): #7      ComponentElement.performRebuild (package:flutter/src/widgets/framework.dart:5841)
I/flutter (17478): #8      Element.rebuild (package:flutter/src/widgets/framework.dart:5529)
I/flutter (17478): #9      ComponentElement._firstBuild (package:flutter/src/widgets/framework.dart:5799)
I/flutter (17478): #10     ComponentElement.mount (package:flutter/src/widgets/framework.dart:5793)
I/flutter (17478): #11     Element.inflateWidget (package:flutter/src/widgets/framework.dart:4587)
I/flutter (17478): #12     Element.updateChild (package:flutter/src/widgets/framework.dart:4053)
I/flutter (17478): #13     ComponentElement.performRebuild (package:flutter/src/widgets/framework.dart:5841)
I/flutter (17478): #14     StatefulElement.performRebuild (package:flutter/src/widgets/framework.dart:5982)
I/flutter (17478): #15     Element.rebuild (package:flutter/src/widgets/framework.dart:5529)
I/flutter (17478): #16     BuildScope._tryRebuild (package:flutter/src/widgets/framework.dart:2750)
I/flutter (17478): #17     BuildScope._flushDirtyElements (package:flutter/src/widgets/framework.dart:2807)
I/flutter (17478): #18     BuildOwner.buildScope (package:flutter/src/widgets/framework.dart:3111)
I/flutter (17478): #19     WidgetsBinding.drawFrame (package:flutter/src/widgets/binding.dart:1571)
I/flutter (17478): #20     RendererBinding._handlePersistentFrameCallback (package:flutter/src/rendering/binding.dart:509)
I/flutter (17478): #21     SchedulerBinding._invokeFrameCallback (package:flutter/src/scheduler/binding.dart:1430)
I/flutter (17478): #22     SchedulerBinding.handleDrawFrame (package:flutter/src/scheduler/binding.dart:1345)
I/flutter (17478): #23     LiveTestWidgetsFlutterBinding.handleDrawFrame (package:flutter_test/src/binding.dart:2811)
I/flutter (17478): #24     SchedulerBinding._handleDrawFrame (package:flutter/src/scheduler/binding.dart:1198)
I/flutter (17478): #28     _invoke (dart:ui/hooks.dart:425)
I/flutter (17478): #29     PlatformDispatcher._drawFrame (dart:ui/platform_dispatcher.dart:447)
I/flutter (17478): #30     _drawFrame (dart:ui/hooks.dart:395)
I/flutter (17478): (elided 3 frames from dart:async)
I/flutter (17478): type 'MultiChildLayoutParentData' is not a subtype of type 'StackParentData' in type cast
I/flutter (17478): #0      Positioned.applyParentData (package:flutter/src/widgets/basic.dart:5171)
I/flutter (17478): #1      RenderObjectElement._updateParentData (package:flutter/src/widgets/framework.dart:6901)
I/flutter (17478): #2      RenderObjectElement.attachRenderObject (package:flutter/src/widgets/framework.dart:6945)
I/flutter (17478): #3      RenderObjectElement.mount (package:flutter/src/widgets/framework.dart:6801)
I/flutter (17478): #4      Element.inflateWidget (package:flutter/src/widgets/framework.dart:4587)
I/flutter (17478): #5      Element.updateChild (package:flutter/src/widgets/framework.dart:4059)
I/flutter (17478): #6      ComponentElement.performRebuild (package:flutter/src/widgets/framework.dart:5858)
I/flutter (17478): #7      Element.rebuild (package:flutter/src/widgets/framework.dart:5529)
I/flutter (17478): #8      ComponentElement._firstBuild (package:flutter/src/widgets/framework.dart:5799)
I/flutter (17478): #9      ComponentElement.mount (package:flutter/src/widgets/framework.dart:5793)
I/flutter (17478): #10     Element.inflateWidget (package:flutter/src/widgets/framework.dart:4587)
I/flutter (17478): #11     Element.updateChild (package:flutter/src/widgets/framework.dart:4053)
I/flutter (17478): #12     ComponentElement.performRebuild (package:flutter/src/widgets/framework.dart:5841)
I/flutter (17478): #13     StatefulElement.performRebuild (package:flutter/src/widgets/framework.dart:5982)
I/flutter (17478): #14     Element.rebuild (package:flutter/src/widgets/framework.dart:5529)
I/flutter (17478): #15     BuildScope._tryRebuild (package:flutter/src/widgets/framework.dart:2750)
I/flutter (17478): #16     BuildScope._flushDirtyElements (package:flutter/src/widgets/framework.dart:2807)
I/flutter (17478): #17     BuildOwner.buildScope (package:flutter/src/widgets/framework.dart:3111)
I/flutter (17478): #18     WidgetsBinding.drawFrame (package:flutter/src/widgets/binding.dart:1571)
I/flutter (17478): #19     RendererBinding._handlePersistentFrameCallback (package:flutter/src/rendering/binding.dart:509)
I/flutter (17478): #20     SchedulerBinding._invokeFrameCallback (package:flutter/src/scheduler/binding.dart:1430)
I/flutter (17478): #21     SchedulerBinding.handleDrawFrame (package:flutter/src/scheduler/binding.dart:1345)
I/flutter (17478): #22     LiveTestWidgetsFlutterBinding.handleDrawFrame (package:flutter_test/src/binding.dart:2811)
I/flutter (17478): #23     SchedulerBinding._handleDrawFrame (package:flutter/src/scheduler/binding.dart:1198)
I/flutter (17478): #27     _invoke (dart:ui/hooks.dart:425)
I/flutter (17478): #28     PlatformDispatcher._drawFrame (dart:ui/platform_dispatcher.dart:447)
I/flutter (17478): #29     _drawFrame (dart:ui/hooks.dart:395)
I/flutter (17478): (elided 3 frames from dart:async)
[spm]: ProfilerData event received.
I/flutter (17478): [SPM:perf] 698a51a  buildSpan: 6112µs
I/flutter (17478): [spm] Performance monitoring completed for 698a51a
I/flutter (17478): type 'MultiChildLayoutParentData' is not a subtype of type 'StackParentData' in type cast
I/flutter (17478): #0      Positioned.applyParentData (package:flutter/src/widgets/basic.dart:5171)
I/flutter (17478): #1      RenderObjectElement._updateParentData (package:flutter/src/widgets/framework.dart:6901)
I/flutter (17478): #2      RenderObjectElement.attachRenderObject (package:flutter/src/widgets/framework.dart:6945)
I/flutter (17478): #3      RenderObjectElement.mount (package:flutter/src/widgets/framework.dart:6801)
I/flutter (17478): #4      SingleChildRenderObjectElement.mount (package:flutter/src/widgets/framework.dart:7114)
I/flutter (17478): #5      Element.inflateWidget (package:flutter/src/widgets/framework.dart:4587)
I/flutter (17478): #6      Element.updateChild (package:flutter/src/widgets/framework.dart:4059)
I/flutter (17478): #7      ComponentElement.performRebuild (package:flutter/src/widgets/framework.dart:5841)
I/flutter (17478): #8      Element.rebuild (package:flutter/src/widgets/framework.dart:5529)
I/flutter (17478): #9      ComponentElement._firstBuild (package:flutter/src/widgets/framework.dart:5799)
I/flutter (17478): #10     ComponentElement.mount (package:flutter/src/widgets/framework.dart:5793)
I/flutter (17478): #11     Element.inflateWidget (package:flutter/src/widgets/framework.dart:4587)
I/flutter (17478): #12     Element.updateChild (package:flutter/src/widgets/framework.dart:4053)
I/flutter (17478): #13     ComponentElement.performRebuild (package:flutter/src/widgets/framework.dart:5841)
I/flutter (17478): #14     StatefulElement.performRebuild (package:flutter/src/widgets/framework.dart:5982)
I/flutter (17478): #15     Element.rebuild (package:flutter/src/widgets/framework.dart:5529)
I/flutter (17478): #16     BuildScope._tryRebuild (package:flutter/src/widgets/framework.dart:2750)
I/flutter (17478): #17     BuildScope._flushDirtyElements (package:flutter/src/widgets/framework.dart:2807)
I/flutter (17478): #18     BuildOwner.buildScope (package:flutter/src/widgets/framework.dart:3111)
I/flutter (17478): #19     WidgetsBinding.drawFrame (package:flutter/src/widgets/binding.dart:1571)
I/flutter (17478): #20     RendererBinding._handlePersistentFrameCallback (package:flutter/src/rendering/binding.dart:509)
I/flutter (17478): #21     SchedulerBinding._invokeFrameCallback (package:flutter/src/scheduler/binding.dart:1430)
I/flutter (17478): #22     SchedulerBinding.handleDrawFrame (package:flutter/src/scheduler/binding.dart:1345)
I/flutter (17478): #23     LiveTestWidgetsFlutterBinding.handleDrawFrame (package:flutter_test/src/binding.dart:2811)
I/flutter (17478): #24     SchedulerBinding._handleDrawFrame (package:flutter/src/scheduler/binding.dart:1198)
I/flutter (17478): #28     _invoke (dart:ui/hooks.dart:425)
I/flutter (17478): #29     PlatformDispatcher._drawFrame (dart:ui/platform_dispatcher.dart:447)
I/flutter (17478): #30     _drawFrame (dart:ui/hooks.dart:395)
I/flutter (17478): (elided 3 frames from dart:async)
I/flutter (17478): type 'MultiChildLayoutParentData' is not a subtype of type 'StackParentData' in type cast
I/flutter (17478): #0      Positioned.applyParentData (package:flutter/src/widgets/basic.dart:5171)
I/flutter (17478): #1      RenderObjectElement._updateParentData (package:flutter/src/widgets/framework.dart:6901)
I/flutter (17478): #2      RenderObjectElement.attachRenderObject (package:flutter/src/widgets/framework.dart:6945)
I/flutter (17478): #3      RenderObjectElement.mount (package:flutter/src/widgets/framework.dart:6801)
I/flutter (17478): #4      Element.inflateWidget (package:flutter/src/widgets/framework.dart:4587)
I/flutter (17478): #5      Element.updateChild (package:flutter/src/widgets/framework.dart:4059)
I/flutter (17478): #6      ComponentElement.performRebuild (package:flutter/src/widgets/framework.dart:5858)
I/flutter (17478): #7      Element.rebuild (package:flutter/src/widgets/framework.dart:5529)
I/flutter (17478): #8      ComponentElement._firstBuild (package:flutter/src/widgets/framework.dart:5799)
I/flutter (17478): #9      ComponentElement.mount (package:flutter/src/widgets/framework.dart:5793)
I/flutter (17478): #10     Element.inflateWidget (package:flutter/src/widgets/framework.dart:4587)
I/flutter (17478): #11     Element.updateChild (package:flutter/src/widgets/framework.dart:4053)
I/flutter (17478): #12     ComponentElement.performRebuild (package:flutter/src/widgets/framework.dart:5841)
I/flutter (17478): #13     StatefulElement.performRebuild (package:flutter/src/widgets/framework.dart:5982)
I/flutter (17478): #14     Element.rebuild (package:flutter/src/widgets/framework.dart:5529)
I/flutter (17478): #15     BuildScope._tryRebuild (package:flutter/src/widgets/framework.dart:2750)
I/flutter (17478): #16     BuildScope._flushDirtyElements (package:flutter/src/widgets/framework.dart:2807)
I/flutter (17478): #17     BuildOwner.buildScope (package:flutter/src/widgets/framework.dart:3111)
I/flutter (17478): #18     WidgetsBinding.drawFrame (package:flutter/src/widgets/binding.dart:1571)
I/flutter (17478): #19     RendererBinding._handlePersistentFrameCallback (package:flutter/src/rendering/binding.dart:509)
I/flutter (17478): #20     SchedulerBinding._invokeFrameCallback (package:flutter/src/scheduler/binding.dart:1430)
I/flutter (17478): #21     SchedulerBinding.handleDrawFrame (package:flutter/src/scheduler/binding.dart:1345)
I/flutter (17478): #22     LiveTestWidgetsFlutterBinding.handleDrawFrame (package:flutter_test/src/binding.dart:2811)
I/flutter (17478): #23     SchedulerBinding._handleDrawFrame (package:flutter/src/scheduler/binding.dart:1198)
I/flutter (17478): #27     _invoke (dart:ui/hooks.dart:425)
I/flutter (17478): #28     PlatformDispatcher._drawFrame (dart:ui/platform_dispatcher.dart:447)
I/flutter (17478): #29     _drawFrame (dart:ui/hooks.dart:395)
I/flutter (17478): (elided 3 frames from dart:async)
I/flutter (17478): [SPM:perf] 698a51a  buildSpan: 7542µs
I/flutter (17478): [spm] Performance monitoring completed for 698a51a
[spm]: ProfilerData event received.
I/flutter (17478): type 'MultiChildLayoutParentData' is not a subtype of type 'StackParentData' in type cast
I/flutter (17478): #0      Positioned.applyParentData (package:flutter/src/widgets/basic.dart:5171)
I/flutter (17478): #1      RenderObjectElement._updateParentData (package:flutter/src/widgets/framework.dart:6901)
I/flutter (17478): #2      RenderObjectElement.attachRenderObject (package:flutter/src/widgets/framework.dart:6945)
I/flutter (17478): #3      RenderObjectElement.mount (package:flutter/src/widgets/framework.dart:6801)
I/flutter (17478): #4      SingleChildRenderObjectElement.mount (package:flutter/src/widgets/framework.dart:7114)
I/flutter (17478): #5      Element.inflateWidget (package:flutter/src/widgets/framework.dart:4587)
I/flutter (17478): #6      Element.updateChild (package:flutter/src/widgets/framework.dart:4059)
I/flutter (17478): #7      ComponentElement.performRebuild (package:flutter/src/widgets/framework.dart:5841)
I/flutter (17478): #8      Element.rebuild (package:flutter/src/widgets/framework.dart:5529)
I/flutter (17478): #9      ComponentElement._firstBuild (package:flutter/src/widgets/framework.dart:5799)
I/flutter (17478): #10     ComponentElement.mount (package:flutter/src/widgets/framework.dart:5793)
I/flutter (17478): #11     Element.inflateWidget (package:flutter/src/widgets/framework.dart:4587)
I/flutter (17478): #12     Element.updateChild (package:flutter/src/widgets/framework.dart:4053)
I/flutter (17478): #13     ComponentElement.performRebuild (package:flutter/src/widgets/framework.dart:5841)
I/flutter (17478): #14     StatefulElement.performRebuild (package:flutter/src/widgets/framework.dart:5982)
I/flutter (17478): #15     Element.rebuild (package:flutter/src/widgets/framework.dart:5529)
I/flutter (17478): #16     BuildScope._tryRebuild (package:flutter/src/widgets/framework.dart:2750)
I/flutter (17478): #17     BuildScope._flushDirtyElements (package:flutter/src/widgets/framework.dart:2807)
I/flutter (17478): #18     BuildOwner.buildScope (package:flutter/src/widgets/framework.dart:3111)
I/flutter (17478): #19     WidgetsBinding.drawFrame (package:flutter/src/widgets/binding.dart:1571)
I/flutter (17478): #20     RendererBinding._handlePersistentFrameCallback (package:flutter/src/rendering/binding.dart:509)
I/flutter (17478): #21     SchedulerBinding._invokeFrameCallback (package:flutter/src/scheduler/binding.dart:1430)
I/flutter (17478): #22     SchedulerBinding.handleDrawFrame (package:flutter/src/scheduler/binding.dart:1345)
I/flutter (17478): #23     LiveTestWidgetsFlutterBinding.handleDrawFrame (package:flutter_test/src/binding.dart:2811)
I/flutter (17478): #24     SchedulerBinding._handleDrawFrame (package:flutter/src/scheduler/binding.dart:1198)
I/flutter (17478): #28     _invoke (dart:ui/hooks.dart:425)
I/flutter (17478): #29     PlatformDispatcher._drawFrame (dart:ui/platform_dispatcher.dart:447)
I/flutter (17478): #30     _drawFrame (dart:ui/hooks.dart:395)
I/flutter (17478): (elided 3 frames from dart:async)
I/flutter (17478): type 'MultiChildLayoutParentData' is not a subtype of type 'StackParentData' in type cast
I/flutter (17478): #0      Positioned.applyParentData (package:flutter/src/widgets/basic.dart:5171)
I/flutter (17478): #1      RenderObjectElement._updateParentData (package:flutter/src/widgets/framework.dart:6901)
I/flutter (17478): #2      RenderObjectElement.attachRenderObject (package:flutter/src/widgets/framework.dart:6945)
I/flutter (17478): #3      RenderObjectElement.mount (package:flutter/src/widgets/framework.dart:6801)
I/flutter (17478): #4      Element.inflateWidget (package:flutter/src/widgets/framework.dart:4587)
I/flutter (17478): #5      Element.updateChild (package:flutter/src/widgets/framework.dart:4059)
I/flutter (17478): #6      ComponentElement.performRebuild (package:flutter/src/widgets/framework.dart:5858)
I/flutter (17478): #7      Element.rebuild (package:flutter/src/widgets/framework.dart:5529)
I/flutter (17478): #8      ComponentElement._firstBuild (package:flutter/src/widgets/framework.dart:5799)
I/flutter (17478): #9      ComponentElement.mount (package:flutter/src/widgets/framework.dart:5793)
I/flutter (17478): #10     Element.inflateWidget (package:flutter/src/widgets/framework.dart:4587)
I/flutter (17478): #11     Element.updateChild (package:flutter/src/widgets/framework.dart:4053)
I/flutter (17478): #12     ComponentElement.performRebuild (package:flutter/src/widgets/framework.dart:5841)
I/flutter (17478): #13     StatefulElement.performRebuild (package:flutter/src/widgets/framework.dart:5982)
I/flutter (17478): #14     Element.rebuild (package:flutter/src/widgets/framework.dart:5529)
I/flutter (17478): #15     BuildScope._tryRebuild (package:flutter/src/widgets/framework.dart:2750)
I/flutter (17478): #16     BuildScope._flushDirtyElements (package:flutter/src/widgets/framework.dart:2807)
I/flutter (17478): #17     BuildOwner.buildScope (package:flutter/src/widgets/framework.dart:3111)
I/flutter (17478): #18     WidgetsBinding.drawFrame (package:flutter/src/widgets/binding.dart:1571)
I/flutter (17478): #19     RendererBinding._handlePersistentFrameCallback (package:flutter/src/rendering/binding.dart:509)
I/flutter (17478): #20     SchedulerBinding._invokeFrameCallback (package:flutter/src/scheduler/binding.dart:1430)
I/flutter (17478): #21     SchedulerBinding.handleDrawFrame (package:flutter/src/scheduler/binding.dart:1345)
I/flutter (17478): #22     LiveTestWidgetsFlutterBinding.handleDrawFrame (package:flutter_test/src/binding.dart:2811)
I/flutter (17478): #23     SchedulerBinding._handleDrawFrame (package:flutter/src/scheduler/binding.dart:1198)
I/flutter (17478): #27     _invoke (dart:ui/hooks.dart:425)
I/flutter (17478): #28     PlatformDispatcher._drawFrame (dart:ui/platform_dispatcher.dart:447)
I/flutter (17478): #29     _drawFrame (dart:ui/hooks.dart:395)
I/flutter (17478): (elided 3 frames from dart:async)
I/flutter (17478): [SPM:perf] 698a51a  buildSpan: 5500µs
I/flutter (17478): [spm] Performance monitoring completed for 698a51a
[spm]: ProfilerData event received.
I/flutter (17478): type 'MultiChildLayoutParentData' is not a subtype of type 'StackParentData' in type cast
I/flutter (17478): #0      Positioned.applyParentData (package:flutter/src/widgets/basic.dart:5171)
I/flutter (17478): #1      RenderObjectElement._updateParentData (package:flutter/src/widgets/framework.dart:6901)
I/flutter (17478): #2      RenderObjectElement.attachRenderObject (package:flutter/src/widgets/framework.dart:6945)
I/flutter (17478): #3      RenderObjectElement.mount (package:flutter/src/widgets/framework.dart:6801)
I/flutter (17478): #4      SingleChildRenderObjectElement.mount (package:flutter/src/widgets/framework.dart:7114)
I/flutter (17478): #5      Element.inflateWidget (package:flutter/src/widgets/framework.dart:4587)
I/flutter (17478): #6      Element.updateChild (package:flutter/src/widgets/framework.dart:4059)
I/flutter (17478): #7      ComponentElement.performRebuild (package:flutter/src/widgets/framework.dart:5841)
I/flutter (17478): #8      Element.rebuild (package:flutter/src/widgets/framework.dart:5529)
I/flutter (17478): #9      ComponentElement._firstBuild (package:flutter/src/widgets/framework.dart:5799)
I/flutter (17478): #10     ComponentElement.mount (package:flutter/src/widgets/framework.dart:5793)
I/flutter (17478): #11     Element.inflateWidget (package:flutter/src/widgets/framework.dart:4587)
I/flutter (17478): #12     Element.updateChild (package:flutter/src/widgets/framework.dart:4053)
I/flutter (17478): #13     ComponentElement.performRebuild (package:flutter/src/widgets/framework.dart:5841)
I/flutter (17478): #14     StatefulElement.performRebuild (package:flutter/src/widgets/framework.dart:5982)
I/flutter (17478): #15     Element.rebuild (package:flutter/src/widgets/framework.dart:5529)
I/flutter (17478): #16     BuildScope._tryRebuild (package:flutter/src/widgets/framework.dart:2750)
I/flutter (17478): #17     BuildScope._flushDirtyElements (package:flutter/src/widgets/framework.dart:2807)
I/flutter (17478): #18     BuildOwner.buildScope (package:flutter/src/widgets/framework.dart:3111)
I/flutter (17478): #19     WidgetsBinding.drawFrame (package:flutter/src/widgets/binding.dart:1571)
I/flutter (17478): #20     RendererBinding._handlePersistentFrameCallback (package:flutter/src/rendering/binding.dart:509)
I/flutter (17478): #21     SchedulerBinding._invokeFrameCallback (package:flutter/src/scheduler/binding.dart:1430)
I/flutter (17478): #22     SchedulerBinding.handleDrawFrame (package:flutter/src/scheduler/binding.dart:1345)
I/flutter (17478): #23     LiveTestWidgetsFlutterBinding.handleDrawFrame (package:flutter_test/src/binding.dart:2811)
I/flutter (17478): #24     SchedulerBinding._handleDrawFrame (package:flutter/src/scheduler/binding.dart:1198)
I/flutter (17478): #28     _invoke (dart:ui/hooks.dart:425)
I/flutter (17478): #29     PlatformDispatcher._drawFrame (dart:ui/platform_dispatcher.dart:447)
I/flutter (17478): #30     _drawFrame (dart:ui/hooks.dart:395)
I/flutter (17478): (elided 3 frames from dart:async)
I/flutter (17478): type 'MultiChildLayoutParentData' is not a subtype of type 'StackParentData' in type cast
I/flutter (17478): #0      Positioned.applyParentData (package:flutter/src/widgets/basic.dart:5171)
I/flutter (17478): #1      RenderObjectElement._updateParentData (package:flutter/src/widgets/framework.dart:6901)
I/flutter (17478): #2      RenderObjectElement.attachRenderObject (package:flutter/src/widgets/framework.dart:6945)
I/flutter (17478): #3      RenderObjectElement.mount (package:flutter/src/widgets/framework.dart:6801)
I/flutter (17478): #4      Element.inflateWidget (package:flutter/src/widgets/framework.dart:4587)
I/flutter (17478): #5      Element.updateChild (package:flutter/src/widgets/framework.dart:4059)
I/flutter (17478): #6      ComponentElement.performRebuild (package:flutter/src/widgets/framework.dart:5858)
I/flutter (17478): #7      Element.rebuild (package:flutter/src/widgets/framework.dart:5529)
I/flutter (17478): #8      ComponentElement._firstBuild (package:flutter/src/widgets/framework.dart:5799)
I/flutter (17478): #9      ComponentElement.mount (package:flutter/src/widgets/framework.dart:5793)
I/flutter (17478): #10     Element.inflateWidget (package:flutter/src/widgets/framework.dart:4587)
I/flutter (17478): #11     Element.updateChild (package:flutter/src/widgets/framework.dart:4053)
I/flutter (17478): #12     ComponentElement.performRebuild (package:flutter/src/widgets/framework.dart:5841)
I/flutter (17478): #13     StatefulElement.performRebuild (package:flutter/src/widgets/framework.dart:5982)
I/flutter (17478): #14     Element.rebuild (package:flutter/src/widgets/framework.dart:5529)
I/flutter (17478): #15     BuildScope._tryRebuild (package:flutter/src/widgets/framework.dart:2750)
I/flutter (17478): #16     BuildScope._flushDirtyElements (package:flutter/src/widgets/framework.dart:2807)
I/flutter (17478): #17     BuildOwner.buildScope (package:flutter/src/widgets/framework.dart:3111)
I/flutter (17478): #18     WidgetsBinding.drawFrame (package:flutter/src/widgets/binding.dart:1571)
I/flutter (17478): #19     RendererBinding._handlePersistentFrameCallback (package:flutter/src/rendering/binding.dart:509)
I/flutter (17478): #20     SchedulerBinding._invokeFrameCallback (package:flutter/src/scheduler/binding.dart:1430)
I/flutter (17478): #21     SchedulerBinding.handleDrawFrame (package:flutter/src/scheduler/binding.dart:1345)
I/flutter (17478): #22     LiveTestWidgetsFlutterBinding.handleDrawFrame (package:flutter_test/src/binding.dart:2811)
I/flutter (17478): #23     SchedulerBinding._handleDrawFrame (package:flutter/src/scheduler/binding.dart:1198)
I/flutter (17478): #27     _invoke (dart:ui/hooks.dart:425)
I/flutter (17478): #28     PlatformDispatcher._drawFrame (dart:ui/platform_dispatcher.dart:447)
I/flutter (17478): #29     _drawFrame (dart:ui/hooks.dart:395)
I/flutter (17478): (elided 3 frames from dart:async)
I/flutter (17478): [SPM:perf] 698a51a  buildSpan: 5388µs
I/flutter (17478): [spm] Performance monitoring completed for 698a51a
[spm]: ProfilerData event received.
I/flutter (17478): type 'MultiChildLayoutParentData' is not a subtype of type 'StackParentData' in type cast
I/flutter (17478): #0      Positioned.applyParentData (package:flutter/src/widgets/basic.dart:5171)
I/flutter (17478): #1      RenderObjectElement._updateParentData (package:flutter/src/widgets/framework.dart:6901)
I/flutter (17478): #2      RenderObjectElement.attachRenderObject (package:flutter/src/widgets/framework.dart:6945)
I/flutter (17478): #3      RenderObjectElement.mount (package:flutter/src/widgets/framework.dart:6801)
I/flutter (17478): #4      SingleChildRenderObjectElement.mount (package:flutter/src/widgets/framework.dart:7114)
I/flutter (17478): #5      Element.inflateWidget (package:flutter/src/widgets/framework.dart:4587)
I/flutter (17478): #6      Element.updateChild (package:flutter/src/widgets/framework.dart:4059)
I/flutter (17478): #7      ComponentElement.performRebuild (package:flutter/src/widgets/framework.dart:5841)
I/flutter (17478): #8      Element.rebuild (package:flutter/src/widgets/framework.dart:5529)
I/flutter (17478): #9      ComponentElement._firstBuild (package:flutter/src/widgets/framework.dart:5799)
I/flutter (17478): #10     ComponentElement.mount (package:flutter/src/widgets/framework.dart:5793)
I/flutter (17478): #11     Element.inflateWidget (package:flutter/src/widgets/framework.dart:4587)
I/flutter (17478): #12     Element.updateChild (package:flutter/src/widgets/framework.dart:4053)
I/flutter (17478): #13     ComponentElement.performRebuild (package:flutter/src/widgets/framework.dart:5841)
I/flutter (17478): #14     StatefulElement.performRebuild (package:flutter/src/widgets/framework.dart:5982)
I/flutter (17478): #15     Element.rebuild (package:flutter/src/widgets/framework.dart:5529)
I/flutter (17478): #16     BuildScope._tryRebuild (package:flutter/src/widgets/framework.dart:2750)
I/flutter (17478): #17     BuildScope._flushDirtyElements (package:flutter/src/widgets/framework.dart:2807)
I/flutter (17478): #18     BuildOwner.buildScope (package:flutter/src/widgets/framework.dart:3111)
I/flutter (17478): #19     WidgetsBinding.drawFrame (package:flutter/src/widgets/binding.dart:1571)
I/flutter (17478): #20     RendererBinding._handlePersistentFrameCallback (package:flutter/src/rendering/binding.dart:509)
I/flutter (17478): #21     SchedulerBinding._invokeFrameCallback (package:flutter/src/scheduler/binding.dart:1430)
I/flutter (17478): #22     SchedulerBinding.handleDrawFrame (package:flutter/src/scheduler/binding.dart:1345)
I/flutter (17478): #23     LiveTestWidgetsFlutterBinding.handleDrawFrame (package:flutter_test/src/binding.dart:2811)
I/flutter (17478): #24     SchedulerBinding._handleDrawFrame (package:flutter/src/scheduler/binding.dart:1198)
I/flutter (17478): #28     _invoke (dart:ui/hooks.dart:425)
I/flutter (17478): #29     PlatformDispatcher._drawFrame (dart:ui/platform_dispatcher.dart:447)
I/flutter (17478): #30     _drawFrame (dart:ui/hooks.dart:395)
I/flutter (17478): (elided 3 frames from dart:async)
I/flutter (17478): type 'MultiChildLayoutParentData' is not a subtype of type 'StackParentData' in type cast
I/flutter (17478): #0      Positioned.applyParentData (package:flutter/src/widgets/basic.dart:5171)
I/flutter (17478): #1      RenderObjectElement._updateParentData (package:flutter/src/widgets/framework.dart:6901)
I/flutter (17478): #2      RenderObjectElement.attachRenderObject (package:flutter/src/widgets/framework.dart:6945)
I/flutter (17478): #3      RenderObjectElement.mount (package:flutter/src/widgets/framework.dart:6801)
I/flutter (17478): #4      Element.inflateWidget (package:flutter/src/widgets/framework.dart:4587)
I/flutter (17478): #5      Element.updateChild (package:flutter/src/widgets/framework.dart:4059)
I/flutter (17478): #6      ComponentElement.performRebuild (package:flutter/src/widgets/framework.dart:5858)
I/flutter (17478): #7      Element.rebuild (package:flutter/src/widgets/framework.dart:5529)
I/flutter (17478): #8      ComponentElement._firstBuild (package:flutter/src/widgets/framework.dart:5799)
I/flutter (17478): #9      ComponentElement.mount (package:flutter/src/widgets/framework.dart:5793)
I/flutter (17478): #10     Element.inflateWidget (package:flutter/src/widgets/framework.dart:4587)
I/flutter (17478): #11     Element.updateChild (package:flutter/src/widgets/framework.dart:4053)
I/flutter (17478): #12     ComponentElement.performRebuild (package:flutter/src/widgets/framework.dart:5841)
I/flutter (17478): #13     StatefulElement.performRebuild (package:flutter/src/widgets/framework.dart:5982)
I/flutter (17478): #14     Element.rebuild (package:flutter/src/widgets/framework.dart:5529)
I/flutter (17478): #15     BuildScope._tryRebuild (package:flutter/src/widgets/framework.dart:2750)
I/flutter (17478): #16     BuildScope._flushDirtyElements (package:flutter/src/widgets/framework.dart:2807)
I/flutter (17478): #17     BuildOwner.buildScope (package:flutter/src/widgets/framework.dart:3111)
I/flutter (17478): #18     WidgetsBinding.drawFrame (package:flutter/src/widgets/binding.dart:1571)
I/flutter (17478): #19     RendererBinding._handlePersistentFrameCallback (package:flutter/src/rendering/binding.dart:509)
I/flutter (17478): #20     SchedulerBinding._invokeFrameCallback (package:flutter/src/scheduler/binding.dart:1430)
I/flutter (17478): #21     SchedulerBinding.handleDrawFrame (package:flutter/src/scheduler/binding.dart:1345)
I/flutter (17478): #22     LiveTestWidgetsFlutterBinding.handleDrawFrame (package:flutter_test/src/binding.dart:2811)
I/flutter (17478): #23     SchedulerBinding._handleDrawFrame (package:flutter/src/scheduler/binding.dart:1198)
I/flutter (17478): #27     _invoke (dart:ui/hooks.dart:425)
I/flutter (17478): #28     PlatformDispatcher._drawFrame (dart:ui/platform_dispatcher.dart:447)
I/flutter (17478): #29     _drawFrame (dart:ui/hooks.dart:395)
I/flutter (17478): (elided 3 frames from dart:async)
[spm]: ProfilerData event received.
I/flutter (17478): [SPM:perf] 698a51a  buildSpan: 5474µs
I/flutter (17478): [spm] Performance monitoring completed for 698a51a
I/flutter (17478): type 'MultiChildLayoutParentData' is not a subtype of type 'StackParentData' in type cast
I/flutter (17478): #0      Positioned.applyParentData (package:flutter/src/widgets/basic.dart:5171)
I/flutter (17478): #1      RenderObjectElement._updateParentData (package:flutter/src/widgets/framework.dart:6901)
I/flutter (17478): #2      RenderObjectElement.attachRenderObject (package:flutter/src/widgets/framework.dart:6945)
I/flutter (17478): #3      RenderObjectElement.mount (package:flutter/src/widgets/framework.dart:6801)
I/flutter (17478): #4      SingleChildRenderObjectElement.mount (package:flutter/src/widgets/framework.dart:7114)
I/flutter (17478): #5      Element.inflateWidget (package:flutter/src/widgets/framework.dart:4587)
I/flutter (17478): #6      Element.updateChild (package:flutter/src/widgets/framework.dart:4059)
I/flutter (17478): #7      ComponentElement.performRebuild (package:flutter/src/widgets/framework.dart:5841)
I/flutter (17478): #8      Element.rebuild (package:flutter/src/widgets/framework.dart:5529)
I/flutter (17478): #9      ComponentElement._firstBuild (package:flutter/src/widgets/framework.dart:5799)
I/flutter (17478): #10     ComponentElement.mount (package:flutter/src/widgets/framework.dart:5793)
I/flutter (17478): #11     Element.inflateWidget (package:flutter/src/widgets/framework.dart:4587)
I/flutter (17478): #12     Element.updateChild (package:flutter/src/widgets/framework.dart:4053)
I/flutter (17478): #13     ComponentElement.performRebuild (package:flutter/src/widgets/framework.dart:5841)
I/flutter (17478): #14     StatefulElement.performRebuild (package:flutter/src/widgets/framework.dart:5982)
I/flutter (17478): #15     Element.rebuild (package:flutter/src/widgets/framework.dart:5529)
I/flutter (17478): #16     BuildScope._tryRebuild (package:flutter/src/widgets/framework.dart:2750)
I/flutter (17478): #17     BuildScope._flushDirtyElements (package:flutter/src/widgets/framework.dart:2807)
I/flutter (17478): #18     BuildOwner.buildScope (package:flutter/src/widgets/framework.dart:3111)
I/flutter (17478): #19     WidgetsBinding.drawFrame (package:flutter/src/widgets/binding.dart:1571)
I/flutter (17478): #20     RendererBinding._handlePersistentFrameCallback (package:flutter/src/rendering/binding.dart:509)
I/flutter (17478): #21     SchedulerBinding._invokeFrameCallback (package:flutter/src/scheduler/binding.dart:1430)
I/flutter (17478): #22     SchedulerBinding.handleDrawFrame (package:flutter/src/scheduler/binding.dart:1345)
I/flutter (17478): #23     LiveTestWidgetsFlutterBinding.handleDrawFrame (package:flutter_test/src/binding.dart:2811)
I/flutter (17478): #24     SchedulerBinding._handleDrawFrame (package:flutter/src/scheduler/binding.dart:1198)
I/flutter (17478): #28     _invoke (dart:ui/hooks.dart:425)
I/flutter (17478): #29     PlatformDispatcher._drawFrame (dart:ui/platform_dispatcher.dart:447)
I/flutter (17478): #30     _drawFrame (dart:ui/hooks.dart:395)
I/flutter (17478): (elided 3 frames from dart:async)
I/flutter (17478): type 'MultiChildLayoutParentData' is not a subtype of type 'StackParentData' in type cast
I/flutter (17478): #0      Positioned.applyParentData (package:flutter/src/widgets/basic.dart:5171)
I/flutter (17478): #1      RenderObjectElement._updateParentData (package:flutter/src/widgets/framework.dart:6901)
I/flutter (17478): #2      RenderObjectElement.attachRenderObject (package:flutter/src/widgets/framework.dart:6945)
I/flutter (17478): #3      RenderObjectElement.mount (package:flutter/src/widgets/framework.dart:6801)
I/flutter (17478): #4      Element.inflateWidget (package:flutter/src/widgets/framework.dart:4587)
I/flutter (17478): #5      Element.updateChild (package:flutter/src/widgets/framework.dart:4059)
I/flutter (17478): #6      ComponentElement.performRebuild (package:flutter/src/widgets/framework.dart:5858)
I/flutter (17478): #7      Element.rebuild (package:flutter/src/widgets/framework.dart:5529)
I/flutter (17478): #8      ComponentElement._firstBuild (package:flutter/src/widgets/framework.dart:5799)
I/flutter (17478): #9      ComponentElement.mount (package:flutter/src/widgets/framework.dart:5793)
I/flutter (17478): #10     Element.inflateWidget (package:flutter/src/widgets/framework.dart:4587)
I/flutter (17478): #11     Element.updateChild (package:flutter/src/widgets/framework.dart:4053)
I/flutter (17478): #12     ComponentElement.performRebuild (package:flutter/src/widgets/framework.dart:5841)
I/flutter (17478): #13     StatefulElement.performRebuild (package:flutter/src/widgets/framework.dart:5982)
I/flutter (17478): #14     Element.rebuild (package:flutter/src/widgets/framework.dart:5529)
I/flutter (17478): #15     BuildScope._tryRebuild (package:flutter/src/widgets/framework.dart:2750)
I/flutter (17478): #16     BuildScope._flushDirtyElements (package:flutter/src/widgets/framework.dart:2807)
I/flutter (17478): #17     BuildOwner.buildScope (package:flutter/src/widgets/framework.dart:3111)
I/flutter (17478): #18     WidgetsBinding.drawFrame (package:flutter/src/widgets/binding.dart:1571)
I/flutter (17478): #19     RendererBinding._handlePersistentFrameCallback (package:flutter/src/rendering/binding.dart:509)
I/flutter (17478): #20     SchedulerBinding._invokeFrameCallback (package:flutter/src/scheduler/binding.dart:1430)
I/flutter (17478): #21     SchedulerBinding.handleDrawFrame (package:flutter/src/scheduler/binding.dart:1345)
I/flutter (17478): #22     LiveTestWidgetsFlutterBinding.handleDrawFrame (package:flutter_test/src/binding.dart:2811)
I/flutter (17478): #23     SchedulerBinding._handleDrawFrame (package:flutter/src/scheduler/binding.dart:1198)
I/flutter (17478): #27     _invoke (dart:ui/hooks.dart:425)
I/flutter (17478): #28     PlatformDispatcher._drawFrame (dart:ui/platform_dispatcher.dart:447)
I/flutter (17478): #29     _drawFrame (dart:ui/hooks.dart:395)
I/flutter (17478): (elided 3 frames from dart:async)
I/flutter (17478): [SPM:perf] 698a51a  buildSpan: 5341µs
I/flutter (17478): [spm] Performance monitoring completed for 698a51a
[spm]: ProfilerData event received.
I/flutter (17478): type 'MultiChildLayoutParentData' is not a subtype of type 'StackParentData' in type cast
I/flutter (17478): #0      Positioned.applyParentData (package:flutter/src/widgets/basic.dart:5171)
I/flutter (17478): #1      RenderObjectElement._updateParentData (package:flutter/src/widgets/framework.dart:6901)
I/flutter (17478): #2      RenderObjectElement.attachRenderObject (package:flutter/src/widgets/framework.dart:6945)
I/flutter (17478): #3      RenderObjectElement.mount (package:flutter/src/widgets/framework.dart:6801)
I/flutter (17478): #4      SingleChildRenderObjectElement.mount (package:flutter/src/widgets/framework.dart:7114)
I/flutter (17478): #5      Element.inflateWidget (package:flutter/src/widgets/framework.dart:4587)
I/flutter (17478): #6      Element.updateChild (package:flutter/src/widgets/framework.dart:4059)
I/flutter (17478): #7      ComponentElement.performRebuild (package:flutter/src/widgets/framework.dart:5841)
I/flutter (17478): #8      Element.rebuild (package:flutter/src/widgets/framework.dart:5529)
I/flutter (17478): #9      ComponentElement._firstBuild (package:flutter/src/widgets/framework.dart:5799)
I/flutter (17478): #10     ComponentElement.mount (package:flutter/src/widgets/framework.dart:5793)
I/flutter (17478): #11     Element.inflateWidget (package:flutter/src/widgets/framework.dart:4587)
I/flutter (17478): #12     Element.updateChild (package:flutter/src/widgets/framework.dart:4053)
I/flutter (17478): #13     ComponentElement.performRebuild (package:flutter/src/widgets/framework.dart:5841)
I/flutter (17478): #14     StatefulElement.performRebuild (package:flutter/src/widgets/framework.dart:5982)
I/flutter (17478): #15     Element.rebuild (package:flutter/src/widgets/framework.dart:5529)
I/flutter (17478): #16     BuildScope._tryRebuild (package:flutter/src/widgets/framework.dart:2750)
I/flutter (17478): #17     BuildScope._flushDirtyElements (package:flutter/src/widgets/framework.dart:2807)
I/flutter (17478): #18     BuildOwner.buildScope (package:flutter/src/widgets/framework.dart:3111)
I/flutter (17478): #19     WidgetsBinding.drawFrame (package:flutter/src/widgets/binding.dart:1571)
I/flutter (17478): #20     RendererBinding._handlePersistentFrameCallback (package:flutter/src/rendering/binding.dart:509)
I/flutter (17478): #21     SchedulerBinding._invokeFrameCallback (package:flutter/src/scheduler/binding.dart:1430)
I/flutter (17478): #22     SchedulerBinding.handleDrawFrame (package:flutter/src/scheduler/binding.dart:1345)
I/flutter (17478): #23     LiveTestWidgetsFlutterBinding.handleDrawFrame (package:flutter_test/src/binding.dart:2811)
I/flutter (17478): #24     SchedulerBinding._handleDrawFrame (package:flutter/src/scheduler/binding.dart:1198)
I/flutter (17478): #28     _invoke (dart:ui/hooks.dart:425)
I/flutter (17478): #29     PlatformDispatcher._drawFrame (dart:ui/platform_dispatcher.dart:447)
I/flutter (17478): #30     _drawFrame (dart:ui/hooks.dart:395)
I/flutter (17478): (elided 3 frames from dart:async)
I/flutter (17478): type 'MultiChildLayoutParentData' is not a subtype of type 'StackParentData' in type cast
I/flutter (17478): #0      Positioned.applyParentData (package:flutter/src/widgets/basic.dart:5171)
I/flutter (17478): #1      RenderObjectElement._updateParentData (package:flutter/src/widgets/framework.dart:6901)
I/flutter (17478): #2      RenderObjectElement.attachRenderObject (package:flutter/src/widgets/framework.dart:6945)
I/flutter (17478): #3      RenderObjectElement.mount (package:flutter/src/widgets/framework.dart:6801)
I/flutter (17478): #4      Element.inflateWidget (package:flutter/src/widgets/framework.dart:4587)
I/flutter (17478): #5      Element.updateChild (package:flutter/src/widgets/framework.dart:4059)
I/flutter (17478): #6      ComponentElement.performRebuild (package:flutter/src/widgets/framework.dart:5858)
I/flutter (17478): #7      Element.rebuild (package:flutter/src/widgets/framework.dart:5529)
I/flutter (17478): #8      ComponentElement._firstBuild (package:flutter/src/widgets/framework.dart:5799)
I/flutter (17478): #9      ComponentElement.mount (package:flutter/src/widgets/framework.dart:5793)
I/flutter (17478): #10     Element.inflateWidget (package:flutter/src/widgets/framework.dart:4587)
I/flutter (17478): #11     Element.updateChild (package:flutter/src/widgets/framework.dart:4053)
I/flutter (17478): #12     ComponentElement.performRebuild (package:flutter/src/widgets/framework.dart:5841)
I/flutter (17478): #13     StatefulElement.performRebuild (package:flutter/src/widgets/framework.dart:5982)
I/flutter (17478): #14     Element.rebuild (package:flutter/src/widgets/framework.dart:5529)
I/flutter (17478): #15     BuildScope._tryRebuild (package:flutter/src/widgets/framework.dart:2750)
I/flutter (17478): #16     BuildScope._flushDirtyElements (package:flutter/src/widgets/framework.dart:2807)
I/flutter (17478): #17     BuildOwner.buildScope (package:flutter/src/widgets/framework.dart:3111)
I/flutter (17478): #18     WidgetsBinding.drawFrame (package:flutter/src/widgets/binding.dart:1571)
I/flutter (17478): #19     RendererBinding._handlePersistentFrameCallback (package:flutter/src/rendering/binding.dart:509)
I/flutter (17478): #20     SchedulerBinding._invokeFrameCallback (package:flutter/src/scheduler/binding.dart:1430)
I/flutter (17478): #21     SchedulerBinding.handleDrawFrame (package:flutter/src/scheduler/binding.dart:1345)
I/flutter (17478): #22     LiveTestWidgetsFlutterBinding.handleDrawFrame (package:flutter_test/src/binding.dart:2811)
I/flutter (17478): #23     SchedulerBinding._handleDrawFrame (package:flutter/src/scheduler/binding.dart:1198)
I/flutter (17478): #27     _invoke (dart:ui/hooks.dart:425)
I/flutter (17478): #28     PlatformDispatcher._drawFrame (dart:ui/platform_dispatcher.dart:447)
I/flutter (17478): #29     _drawFrame (dart:ui/hooks.dart:395)
I/flutter (17478): (elided 3 frames from dart:async)
[spm]: ProfilerData event received.
I/flutter (17478): [SPM:perf] 698a51a  buildSpan: 5313µs
I/flutter (17478): [spm] Performance monitoring completed for 698a51a
I/flutter (17478): type 'MultiChildLayoutParentData' is not a subtype of type 'StackParentData' in type cast
I/flutter (17478): #0      Positioned.applyParentData (package:flutter/src/widgets/basic.dart:5171)
I/flutter (17478): #1      RenderObjectElement._updateParentData (package:flutter/src/widgets/framework.dart:6901)
I/flutter (17478): #2      RenderObjectElement.attachRenderObject (package:flutter/src/widgets/framework.dart:6945)
I/flutter (17478): #3      RenderObjectElement.mount (package:flutter/src/widgets/framework.dart:6801)
I/flutter (17478): #4      SingleChildRenderObjectElement.mount (package:flutter/src/widgets/framework.dart:7114)
I/flutter (17478): #5      Element.inflateWidget (package:flutter/src/widgets/framework.dart:4587)
I/flutter (17478): #6      Element.updateChild (package:flutter/src/widgets/framework.dart:4059)
I/flutter (17478): #7      ComponentElement.performRebuild (package:flutter/src/widgets/framework.dart:5841)
I/flutter (17478): #8      Element.rebuild (package:flutter/src/widgets/framework.dart:5529)
I/flutter (17478): #9      ComponentElement._firstBuild (package:flutter/src/widgets/framework.dart:5799)
I/flutter (17478): #10     ComponentElement.mount (package:flutter/src/widgets/framework.dart:5793)
I/flutter (17478): #11     Element.inflateWidget (package:flutter/src/widgets/framework.dart:4587)
I/flutter (17478): #12     Element.updateChild (package:flutter/src/widgets/framework.dart:4053)
I/flutter (17478): #13     ComponentElement.performRebuild (package:flutter/src/widgets/framework.dart:5841)
I/flutter (17478): #14     StatefulElement.performRebuild (package:flutter/src/widgets/framework.dart:5982)
I/flutter (17478): #15     Element.rebuild (package:flutter/src/widgets/framework.dart:5529)
I/flutter (17478): #16     BuildScope._tryRebuild (package:flutter/src/widgets/framework.dart:2750)
I/flutter (17478): #17     BuildScope._flushDirtyElements (package:flutter/src/widgets/framework.dart:2807)
I/flutter (17478): #18     BuildOwner.buildScope (package:flutter/src/widgets/framework.dart:3111)
I/flutter (17478): #19     WidgetsBinding.drawFrame (package:flutter/src/widgets/binding.dart:1571)
I/flutter (17478): #20     RendererBinding._handlePersistentFrameCallback (package:flutter/src/rendering/binding.dart:509)
I/flutter (17478): #21     SchedulerBinding._invokeFrameCallback (package:flutter/src/scheduler/binding.dart:1430)
I/flutter (17478): #22     SchedulerBinding.handleDrawFrame (package:flutter/src/scheduler/binding.dart:1345)
I/flutter (17478): #23     LiveTestWidgetsFlutterBinding.handleDrawFrame (package:flutter_test/src/binding.dart:2811)
I/flutter (17478): #24     SchedulerBinding._handleDrawFrame (package:flutter/src/scheduler/binding.dart:1198)
I/flutter (17478): #28     _invoke (dart:ui/hooks.dart:425)
I/flutter (17478): #29     PlatformDispatcher._drawFrame (dart:ui/platform_dispatcher.dart:447)
I/flutter (17478): #30     _drawFrame (dart:ui/hooks.dart:395)
I/flutter (17478): (elided 3 frames from dart:async)
I/flutter (17478): type 'MultiChildLayoutParentData' is not a subtype of type 'StackParentData' in type cast
I/flutter (17478): #0      Positioned.applyParentData (package:flutter/src/widgets/basic.dart:5171)
I/flutter (17478): #1      RenderObjectElement._updateParentData (package:flutter/src/widgets/framework.dart:6901)
I/flutter (17478): #2      RenderObjectElement.attachRenderObject (package:flutter/src/widgets/framework.dart:6945)
I/flutter (17478): #3      RenderObjectElement.mount (package:flutter/src/widgets/framework.dart:6801)
I/flutter (17478): #4      Element.inflateWidget (package:flutter/src/widgets/framework.dart:4587)
I/flutter (17478): #5      Element.updateChild (package:flutter/src/widgets/framework.dart:4059)
I/flutter (17478): #6      ComponentElement.performRebuild (package:flutter/src/widgets/framework.dart:5858)
I/flutter (17478): #7      Element.rebuild (package:flutter/src/widgets/framework.dart:5529)
I/flutter (17478): #8      ComponentElement._firstBuild (package:flutter/src/widgets/framework.dart:5799)
I/flutter (17478): #9      ComponentElement.mount (package:flutter/src/widgets/framework.dart:5793)
I/flutter (17478): #10     Element.inflateWidget (package:flutter/src/widgets/framework.dart:4587)
I/flutter (17478): #11     Element.updateChild (package:flutter/src/widgets/framework.dart:4053)
I/flutter (17478): #12     ComponentElement.performRebuild (package:flutter/src/widgets/framework.dart:5841)
I/flutter (17478): #13     StatefulElement.performRebuild (package:flutter/src/widgets/framework.dart:5982)
I/flutter (17478): #14     Element.rebuild (package:flutter/src/widgets/framework.dart:5529)
I/flutter (17478): #15     BuildScope._tryRebuild (package:flutter/src/widgets/framework.dart:2750)
I/flutter (17478): #16     BuildScope._flushDirtyElements (package:flutter/src/widgets/framework.dart:2807)
I/flutter (17478): #17     BuildOwner.buildScope (package:flutter/src/widgets/framework.dart:3111)
I/flutter (17478): #18     WidgetsBinding.drawFrame (package:flutter/src/widgets/binding.dart:1571)
I/flutter (17478): #19     RendererBinding._handlePersistentFrameCallback (package:flutter/src/rendering/binding.dart:509)
I/flutter (17478): #20     SchedulerBinding._invokeFrameCallback (package:flutter/src/scheduler/binding.dart:1430)
I/flutter (17478): #21     SchedulerBinding.handleDrawFrame (package:flutter/src/scheduler/binding.dart:1345)
I/flutter (17478): #22     LiveTestWidgetsFlutterBinding.handleDrawFrame (package:flutter_test/src/binding.dart:2811)
I/flutter (17478): #23     SchedulerBinding._handleDrawFrame (package:flutter/src/scheduler/binding.dart:1198)
I/flutter (17478): #27     _invoke (dart:ui/hooks.dart:425)
I/flutter (17478): #28     PlatformDispatcher._drawFrame (dart:ui/platform_dispatcher.dart:447)
I/flutter (17478): #29     _drawFrame (dart:ui/hooks.dart:395)
I/flutter (17478): (elided 3 frames from dart:async)
[spm]: ProfilerData event received.
I/flutter (17478): [SPM:perf] 698a51a  buildSpan: 5689µs
I/flutter (17478): [spm] Performance monitoring completed for 698a51a
I/flutter (17478): type 'MultiChildLayoutParentData' is not a subtype of type 'StackParentData' in type cast
I/flutter (17478): #0      Positioned.applyParentData (package:flutter/src/widgets/basic.dart:5171)
I/flutter (17478): #1      RenderObjectElement._updateParentData (package:flutter/src/widgets/framework.dart:6901)
I/flutter (17478): #2      RenderObjectElement.attachRenderObject (package:flutter/src/widgets/framework.dart:6945)
I/flutter (17478): #3      RenderObjectElement.mount (package:flutter/src/widgets/framework.dart:6801)
I/flutter (17478): #4      SingleChildRenderObjectElement.mount (package:flutter/src/widgets/framework.dart:7114)
I/flutter (17478): #5      Element.inflateWidget (package:flutter/src/widgets/framework.dart:4587)
I/flutter (17478): #6      Element.updateChild (package:flutter/src/widgets/framework.dart:4059)
I/flutter (17478): #7      ComponentElement.performRebuild (package:flutter/src/widgets/framework.dart:5841)
I/flutter (17478): #8      Element.rebuild (package:flutter/src/widgets/framework.dart:5529)
I/flutter (17478): #9      ComponentElement._firstBuild (package:flutter/src/widgets/framework.dart:5799)
I/flutter (17478): #10     ComponentElement.mount (package:flutter/src/widgets/framework.dart:5793)
I/flutter (17478): #11     Element.inflateWidget (package:flutter/src/widgets/framework.dart:4587)
I/flutter (17478): #12     Element.updateChild (package:flutter/src/widgets/framework.dart:4053)
I/flutter (17478): #13     ComponentElement.performRebuild (package:flutter/src/widgets/framework.dart:5841)
I/flutter (17478): #14     StatefulElement.performRebuild (package:flutter/src/widgets/framework.dart:5982)
I/flutter (17478): #15     Element.rebuild (package:flutter/src/widgets/framework.dart:5529)
I/flutter (17478): #16     BuildScope._tryRebuild (package:flutter/src/widgets/framework.dart:2750)
I/flutter (17478): #17     BuildScope._flushDirtyElements (package:flutter/src/widgets/framework.dart:2807)
I/flutter (17478): #18     BuildOwner.buildScope (package:flutter/src/widgets/framework.dart:3111)
I/flutter (17478): #19     WidgetsBinding.drawFrame (package:flutter/src/widgets/binding.dart:1571)
I/flutter (17478): #20     RendererBinding._handlePersistentFrameCallback (package:flutter/src/rendering/binding.dart:509)
I/flutter (17478): #21     SchedulerBinding._invokeFrameCallback (package:flutter/src/scheduler/binding.dart:1430)
I/flutter (17478): #22     SchedulerBinding.handleDrawFrame (package:flutter/src/scheduler/binding.dart:1345)
I/flutter (17478): #23     LiveTestWidgetsFlutterBinding.handleDrawFrame (package:flutter_test/src/binding.dart:2811)
I/flutter (17478): #24     SchedulerBinding._handleDrawFrame (package:flutter/src/scheduler/binding.dart:1198)
I/flutter (17478): #28     _invoke (dart:ui/hooks.dart:425)
I/flutter (17478): #29     PlatformDispatcher._drawFrame (dart:ui/platform_dispatcher.dart:447)
I/flutter (17478): #30     _drawFrame (dart:ui/hooks.dart:395)
I/flutter (17478): (elided 3 frames from dart:async)
I/flutter (17478): type 'MultiChildLayoutParentData' is not a subtype of type 'StackParentData' in type cast
I/flutter (17478): #0      Positioned.applyParentData (package:flutter/src/widgets/basic.dart:5171)
I/flutter (17478): #1      RenderObjectElement._updateParentData (package:flutter/src/widgets/framework.dart:6901)
I/flutter (17478): #2      RenderObjectElement.attachRenderObject (package:flutter/src/widgets/framework.dart:6945)
I/flutter (17478): #3      RenderObjectElement.mount (package:flutter/src/widgets/framework.dart:6801)
I/flutter (17478): #4      Element.inflateWidget (package:flutter/src/widgets/framework.dart:4587)
I/flutter (17478): #5      Element.updateChild (package:flutter/src/widgets/framework.dart:4059)
I/flutter (17478): #6      ComponentElement.performRebuild (package:flutter/src/widgets/framework.dart:5858)
I/flutter (17478): #7      Element.rebuild (package:flutter/src/widgets/framework.dart:5529)
I/flutter (17478): #8      ComponentElement._firstBuild (package:flutter/src/widgets/framework.dart:5799)
I/flutter (17478): #9      ComponentElement.mount (package:flutter/src/widgets/framework.dart:5793)
I/flutter (17478): #10     Element.inflateWidget (package:flutter/src/widgets/framework.dart:4587)
I/flutter (17478): #11     Element.updateChild (package:flutter/src/widgets/framework.dart:4053)
I/flutter (17478): #12     ComponentElement.performRebuild (package:flutter/src/widgets/framework.dart:5841)
I/flutter (17478): #13     StatefulElement.performRebuild (package:flutter/src/widgets/framework.dart:5982)
I/flutter (17478): #14     Element.rebuild (package:flutter/src/widgets/framework.dart:5529)
I/flutter (17478): #15     BuildScope._tryRebuild (package:flutter/src/widgets/framework.dart:2750)
I/flutter (17478): #16     BuildScope._flushDirtyElements (package:flutter/src/widgets/framework.dart:2807)
I/flutter (17478): #17     BuildOwner.buildScope (package:flutter/src/widgets/framework.dart:3111)
I/flutter (17478): #18     WidgetsBinding.drawFrame (package:flutter/src/widgets/binding.dart:1571)
I/flutter (17478): #19     RendererBinding._handlePersistentFrameCallback (package:flutter/src/rendering/binding.dart:509)
I/flutter (17478): #20     SchedulerBinding._invokeFrameCallback (package:flutter/src/scheduler/binding.dart:1430)
I/flutter (17478): #21     SchedulerBinding.handleDrawFrame (package:flutter/src/scheduler/binding.dart:1345)
I/flutter (17478): #22     LiveTestWidgetsFlutterBinding.handleDrawFrame (package:flutter_test/src/binding.dart:2811)
I/flutter (17478): #23     SchedulerBinding._handleDrawFrame (package:flutter/src/scheduler/binding.dart:1198)
I/flutter (17478): #27     _invoke (dart:ui/hooks.dart:425)
I/flutter (17478): #28     PlatformDispatcher._drawFrame (dart:ui/platform_dispatcher.dart:447)
I/flutter (17478): #29     _drawFrame (dart:ui/hooks.dart:395)
I/flutter (17478): (elided 3 frames from dart:async)
[spm]: ProfilerData event received.
I/flutter (17478): [SPM:perf] 698a51a  buildSpan: 5442µs
I/flutter (17478): [spm] Performance monitoring completed for 698a51a
I/flutter (17478): type 'MultiChildLayoutParentData' is not a subtype of type 'StackParentData' in type cast
I/flutter (17478): #0      Positioned.applyParentData (package:flutter/src/widgets/basic.dart:5171)
I/flutter (17478): #1      RenderObjectElement._updateParentData (package:flutter/src/widgets/framework.dart:6901)
I/flutter (17478): #2      RenderObjectElement.attachRenderObject (package:flutter/src/widgets/framework.dart:6945)
I/flutter (17478): #3      RenderObjectElement.mount (package:flutter/src/widgets/framework.dart:6801)
I/flutter (17478): #4      SingleChildRenderObjectElement.mount (package:flutter/src/widgets/framework.dart:7114)
I/flutter (17478): #5      Element.inflateWidget (package:flutter/src/widgets/framework.dart:4587)
I/flutter (17478): #6      Element.updateChild (package:flutter/src/widgets/framework.dart:4059)
I/flutter (17478): #7      ComponentElement.performRebuild (package:flutter/src/widgets/framework.dart:5841)
I/flutter (17478): #8      Element.rebuild (package:flutter/src/widgets/framework.dart:5529)
I/flutter (17478): #9      ComponentElement._firstBuild (package:flutter/src/widgets/framework.dart:5799)
I/flutter (17478): #10     ComponentElement.mount (package:flutter/src/widgets/framework.dart:5793)
I/flutter (17478): #11     Element.inflateWidget (package:flutter/src/widgets/framework.dart:4587)
I/flutter (17478): #12     Element.updateChild (package:flutter/src/widgets/framework.dart:4053)
I/flutter (17478): #13     ComponentElement.performRebuild (package:flutter/src/widgets/framework.dart:5841)
I/flutter (17478): #14     StatefulElement.performRebuild (package:flutter/src/widgets/framework.dart:5982)
I/flutter (17478): #15     Element.rebuild (package:flutter/src/widgets/framework.dart:5529)
I/flutter (17478): #16     BuildScope._tryRebuild (package:flutter/src/widgets/framework.dart:2750)
I/flutter (17478): #17     BuildScope._flushDirtyElements (package:flutter/src/widgets/framework.dart:2807)
I/flutter (17478): #18     BuildOwner.buildScope (package:flutter/src/widgets/framework.dart:3111)
I/flutter (17478): #19     WidgetsBinding.drawFrame (package:flutter/src/widgets/binding.dart:1571)
I/flutter (17478): #20     RendererBinding._handlePersistentFrameCallback (package:flutter/src/rendering/binding.dart:509)
I/flutter (17478): #21     SchedulerBinding._invokeFrameCallback (package:flutter/src/scheduler/binding.dart:1430)
I/flutter (17478): #22     SchedulerBinding.handleDrawFrame (package:flutter/src/scheduler/binding.dart:1345)
I/flutter (17478): #23     LiveTestWidgetsFlutterBinding.handleDrawFrame (package:flutter_test/src/binding.dart:2811)
I/flutter (17478): #24     SchedulerBinding._handleDrawFrame (package:flutter/src/scheduler/binding.dart:1198)
I/flutter (17478): #28     _invoke (dart:ui/hooks.dart:425)
I/flutter (17478): #29     PlatformDispatcher._drawFrame (dart:ui/platform_dispatcher.dart:447)
I/flutter (17478): #30     _drawFrame (dart:ui/hooks.dart:395)
I/flutter (17478): (elided 3 frames from dart:async)
I/flutter (17478): type 'MultiChildLayoutParentData' is not a subtype of type 'StackParentData' in type cast
I/flutter (17478): #0      Positioned.applyParentData (package:flutter/src/widgets/basic.dart:5171)
I/flutter (17478): #1      RenderObjectElement._updateParentData (package:flutter/src/widgets/framework.dart:6901)
I/flutter (17478): #2      RenderObjectElement.attachRenderObject (package:flutter/src/widgets/framework.dart:6945)
I/flutter (17478): #3      RenderObjectElement.mount (package:flutter/src/widgets/framework.dart:6801)
I/flutter (17478): #4      Element.inflateWidget (package:flutter/src/widgets/framework.dart:4587)
I/flutter (17478): #5      Element.updateChild (package:flutter/src/widgets/framework.dart:4059)
I/flutter (17478): #6      ComponentElement.performRebuild (package:flutter/src/widgets/framework.dart:5858)
I/flutter (17478): #7      Element.rebuild (package:flutter/src/widgets/framework.dart:5529)
I/flutter (17478): #8      ComponentElement._firstBuild (package:flutter/src/widgets/framework.dart:5799)
I/flutter (17478): #9      ComponentElement.mount (package:flutter/src/widgets/framework.dart:5793)
I/flutter (17478): #10     Element.inflateWidget (package:flutter/src/widgets/framework.dart:4587)
I/flutter (17478): #11     Element.updateChild (package:flutter/src/widgets/framework.dart:4053)
I/flutter (17478): #12     ComponentElement.performRebuild (package:flutter/src/widgets/framework.dart:5841)
I/flutter (17478): #13     StatefulElement.performRebuild (package:flutter/src/widgets/framework.dart:5982)
I/flutter (17478): #14     Element.rebuild (package:flutter/src/widgets/framework.dart:5529)
I/flutter (17478): #15     BuildScope._tryRebuild (package:flutter/src/widgets/framework.dart:2750)
I/flutter (17478): #16     BuildScope._flushDirtyElements (package:flutter/src/widgets/framework.dart:2807)
I/flutter (17478): #17     BuildOwner.buildScope (package:flutter/src/widgets/framework.dart:3111)
I/flutter (17478): #18     WidgetsBinding.drawFrame (package:flutter/src/widgets/binding.dart:1571)
I/flutter (17478): #19     RendererBinding._handlePersistentFrameCallback (package:flutter/src/rendering/binding.dart:509)
I/flutter (17478): #20     SchedulerBinding._invokeFrameCallback (package:flutter/src/scheduler/binding.dart:1430)
I/flutter (17478): #21     SchedulerBinding.handleDrawFrame (package:flutter/src/scheduler/binding.dart:1345)
I/flutter (17478): #22     LiveTestWidgetsFlutterBinding.handleDrawFrame (package:flutter_test/src/binding.dart:2811)
I/flutter (17478): #23     SchedulerBinding._handleDrawFrame (package:flutter/src/scheduler/binding.dart:1198)
I/flutter (17478): #27     _invoke (dart:ui/hooks.dart:425)
I/flutter (17478): #28     PlatformDispatcher._drawFrame (dart:ui/platform_dispatcher.dart:447)
I/flutter (17478): #29     _drawFrame (dart:ui/hooks.dart:395)
I/flutter (17478): (elided 3 frames from dart:async)
I/flutter (17478): [SPM:perf] 698a51a  buildSpan: 5293µs
I/flutter (17478): [spm] Performance monitoring completed for 698a51a
[spm]: ProfilerData event received.
I/flutter (17478): type 'MultiChildLayoutParentData' is not a subtype of type 'StackParentData' in type cast
I/flutter (17478): #0      Positioned.applyParentData (package:flutter/src/widgets/basic.dart:5171)
I/flutter (17478): #1      RenderObjectElement._updateParentData (package:flutter/src/widgets/framework.dart:6901)
I/flutter (17478): #2      RenderObjectElement.attachRenderObject (package:flutter/src/widgets/framework.dart:6945)
I/flutter (17478): #3      RenderObjectElement.mount (package:flutter/src/widgets/framework.dart:6801)
I/flutter (17478): #4      SingleChildRenderObjectElement.mount (package:flutter/src/widgets/framework.dart:7114)
I/flutter (17478): #5      Element.inflateWidget (package:flutter/src/widgets/framework.dart:4587)
I/flutter (17478): #6      Element.updateChild (package:flutter/src/widgets/framework.dart:4059)
I/flutter (17478): #7      ComponentElement.performRebuild (package:flutter/src/widgets/framework.dart:5841)
I/flutter (17478): #8      Element.rebuild (package:flutter/src/widgets/framework.dart:5529)
I/flutter (17478): #9      ComponentElement._firstBuild (package:flutter/src/widgets/framework.dart:5799)
I/flutter (17478): #10     ComponentElement.mount (package:flutter/src/widgets/framework.dart:5793)
I/flutter (17478): #11     Element.inflateWidget (package:flutter/src/widgets/framework.dart:4587)
I/flutter (17478): #12     Element.updateChild (package:flutter/src/widgets/framework.dart:4053)
I/flutter (17478): #13     ComponentElement.performRebuild (package:flutter/src/widgets/framework.dart:5841)
I/flutter (17478): #14     StatefulElement.performRebuild (package:flutter/src/widgets/framework.dart:5982)
I/flutter (17478): #15     Element.rebuild (package:flutter/src/widgets/framework.dart:5529)
I/flutter (17478): #16     BuildScope._tryRebuild (package:flutter/src/widgets/framework.dart:2750)
I/flutter (17478): #17     BuildScope._flushDirtyElements (package:flutter/src/widgets/framework.dart:2807)
I/flutter (17478): #18     BuildOwner.buildScope (package:flutter/src/widgets/framework.dart:3111)
I/flutter (17478): #19     WidgetsBinding.drawFrame (package:flutter/src/widgets/binding.dart:1571)
I/flutter (17478): #20     RendererBinding._handlePersistentFrameCallback (package:flutter/src/rendering/binding.dart:509)
I/flutter (17478): #21     SchedulerBinding._invokeFrameCallback (package:flutter/src/scheduler/binding.dart:1430)
I/flutter (17478): #22     SchedulerBinding.handleDrawFrame (package:flutter/src/scheduler/binding.dart:1345)
I/flutter (17478): #23     LiveTestWidgetsFlutterBinding.handleDrawFrame (package:flutter_test/src/binding.dart:2811)
I/flutter (17478): #24     SchedulerBinding._handleDrawFrame (package:flutter/src/scheduler/binding.dart:1198)
I/flutter (17478): #28     _invoke (dart:ui/hooks.dart:425)
I/flutter (17478): #29     PlatformDispatcher._drawFrame (dart:ui/platform_dispatcher.dart:447)
I/flutter (17478): #30     _drawFrame (dart:ui/hooks.dart:395)
I/flutter (17478): (elided 3 frames from dart:async)
I/flutter (17478): type 'MultiChildLayoutParentData' is not a subtype of type 'StackParentData' in type cast
I/flutter (17478): #0      Positioned.applyParentData (package:flutter/src/widgets/basic.dart:5171)
I/flutter (17478): #1      RenderObjectElement._updateParentData (package:flutter/src/widgets/framework.dart:6901)
I/flutter (17478): #2      RenderObjectElement.attachRenderObject (package:flutter/src/widgets/framework.dart:6945)
I/flutter (17478): #3      RenderObjectElement.mount (package:flutter/src/widgets/framework.dart:6801)
I/flutter (17478): #4      Element.inflateWidget (package:flutter/src/widgets/framework.dart:4587)
I/flutter (17478): #5      Element.updateChild (package:flutter/src/widgets/framework.dart:4059)
I/flutter (17478): #6      ComponentElement.performRebuild (package:flutter/src/widgets/framework.dart:5858)
I/flutter (17478): #7      Element.rebuild (package:flutter/src/widgets/framework.dart:5529)
I/flutter (17478): #8      ComponentElement._firstBuild (package:flutter/src/widgets/framework.dart:5799)
I/flutter (17478): #9      ComponentElement.mount (package:flutter/src/widgets/framework.dart:5793)
I/flutter (17478): #10     Element.inflateWidget (package:flutter/src/widgets/framework.dart:4587)
I/flutter (17478): #11     Element.updateChild (package:flutter/src/widgets/framework.dart:4053)
I/flutter (17478): #12     ComponentElement.performRebuild (package:flutter/src/widgets/framework.dart:5841)
I/flutter (17478): #13     StatefulElement.performRebuild (package:flutter/src/widgets/framework.dart:5982)
I/flutter (17478): #14     Element.rebuild (package:flutter/src/widgets/framework.dart:5529)
I/flutter (17478): #15     BuildScope._tryRebuild (package:flutter/src/widgets/framework.dart:2750)
I/flutter (17478): #16     BuildScope._flushDirtyElements (package:flutter/src/widgets/framework.dart:2807)
I/flutter (17478): #17     BuildOwner.buildScope (package:flutter/src/widgets/framework.dart:3111)
I/flutter (17478): #18     WidgetsBinding.drawFrame (package:flutter/src/widgets/binding.dart:1571)
I/flutter (17478): #19     RendererBinding._handlePersistentFrameCallback (package:flutter/src/rendering/binding.dart:509)
I/flutter (17478): #20     SchedulerBinding._invokeFrameCallback (package:flutter/src/scheduler/binding.dart:1430)
I/flutter (17478): #21     SchedulerBinding.handleDrawFrame (package:flutter/src/scheduler/binding.dart:1345)
I/flutter (17478): #22     LiveTestWidgetsFlutterBinding.handleDrawFrame (package:flutter_test/src/binding.dart:2811)
I/flutter (17478): #23     SchedulerBinding._handleDrawFrame (package:flutter/src/scheduler/binding.dart:1198)
I/flutter (17478): #27     _invoke (dart:ui/hooks.dart:425)
I/flutter (17478): #28     PlatformDispatcher._drawFrame (dart:ui/platform_dispatcher.dart:447)
I/flutter (17478): #29     _drawFrame (dart:ui/hooks.dart:395)
I/flutter (17478): (elided 3 frames from dart:async)
[spm]: ProfilerData event received.
I/flutter (17478): [SPM:perf] 698a51a  buildSpan: 5287µs
I/flutter (17478): [spm] Performance monitoring completed for 698a51a
I/flutter (17478): type 'MultiChildLayoutParentData' is not a subtype of type 'StackParentData' in type cast
I/flutter (17478): #0      Positioned.applyParentData (package:flutter/src/widgets/basic.dart:5171)
I/flutter (17478): #1      RenderObjectElement._updateParentData (package:flutter/src/widgets/framework.dart:6901)
I/flutter (17478): #2      RenderObjectElement.attachRenderObject (package:flutter/src/widgets/framework.dart:6945)
I/flutter (17478): #3      RenderObjectElement.mount (package:flutter/src/widgets/framework.dart:6801)
I/flutter (17478): #4      SingleChildRenderObjectElement.mount (package:flutter/src/widgets/framework.dart:7114)
I/flutter (17478): #5      Element.inflateWidget (package:flutter/src/widgets/framework.dart:4587)
I/flutter (17478): #6      Element.updateChild (package:flutter/src/widgets/framework.dart:4059)
I/flutter (17478): #7      ComponentElement.performRebuild (package:flutter/src/widgets/framework.dart:5841)
I/flutter (17478): #8      Element.rebuild (package:flutter/src/widgets/framework.dart:5529)
I/flutter (17478): #9      ComponentElement._firstBuild (package:flutter/src/widgets/framework.dart:5799)
I/flutter (17478): #10     ComponentElement.mount (package:flutter/src/widgets/framework.dart:5793)
I/flutter (17478): #11     Element.inflateWidget (package:flutter/src/widgets/framework.dart:4587)
I/flutter (17478): #12     Element.updateChild (package:flutter/src/widgets/framework.dart:4053)
I/flutter (17478): #13     ComponentElement.performRebuild (package:flutter/src/widgets/framework.dart:5841)
I/flutter (17478): #14     StatefulElement.performRebuild (package:flutter/src/widgets/framework.dart:5982)
I/flutter (17478): #15     Element.rebuild (package:flutter/src/widgets/framework.dart:5529)
I/flutter (17478): #16     BuildScope._tryRebuild (package:flutter/src/widgets/framework.dart:2750)
I/flutter (17478): #17     BuildScope._flushDirtyElements (package:flutter/src/widgets/framework.dart:2807)
I/flutter (17478): #18     BuildOwner.buildScope (package:flutter/src/widgets/framework.dart:3111)
I/flutter (17478): #19     WidgetsBinding.drawFrame (package:flutter/src/widgets/binding.dart:1571)
I/flutter (17478): #20     RendererBinding._handlePersistentFrameCallback (package:flutter/src/rendering/binding.dart:509)
I/flutter (17478): #21     SchedulerBinding._invokeFrameCallback (package:flutter/src/scheduler/binding.dart:1430)
I/flutter (17478): #22     SchedulerBinding.handleDrawFrame (package:flutter/src/scheduler/binding.dart:1345)
I/flutter (17478): #23     LiveTestWidgetsFlutterBinding.handleDrawFrame (package:flutter_test/src/binding.dart:2811)
I/flutter (17478): #24     SchedulerBinding._handleDrawFrame (package:flutter/src/scheduler/binding.dart:1198)
I/flutter (17478): #28     _invoke (dart:ui/hooks.dart:425)
I/flutter (17478): #29     PlatformDispatcher._drawFrame (dart:ui/platform_dispatcher.dart:447)
I/flutter (17478): #30     _drawFrame (dart:ui/hooks.dart:395)
I/flutter (17478): (elided 3 frames from dart:async)
I/flutter (17478): type 'MultiChildLayoutParentData' is not a subtype of type 'StackParentData' in type cast
I/flutter (17478): #0      Positioned.applyParentData (package:flutter/src/widgets/basic.dart:5171)
I/flutter (17478): #1      RenderObjectElement._updateParentData (package:flutter/src/widgets/framework.dart:6901)
I/flutter (17478): #2      RenderObjectElement.attachRenderObject (package:flutter/src/widgets/framework.dart:6945)
I/flutter (17478): #3      RenderObjectElement.mount (package:flutter/src/widgets/framework.dart:6801)
I/flutter (17478): #4      Element.inflateWidget (package:flutter/src/widgets/framework.dart:4587)
I/flutter (17478): #5      Element.updateChild (package:flutter/src/widgets/framework.dart:4059)
I/flutter (17478): #6      ComponentElement.performRebuild (package:flutter/src/widgets/framework.dart:5858)
I/flutter (17478): #7      Element.rebuild (package:flutter/src/widgets/framework.dart:5529)
I/flutter (17478): #8      ComponentElement._firstBuild (package:flutter/src/widgets/framework.dart:5799)
I/flutter (17478): #9      ComponentElement.mount (package:flutter/src/widgets/framework.dart:5793)
I/flutter (17478): #10     Element.inflateWidget (package:flutter/src/widgets/framework.dart:4587)
I/flutter (17478): #11     Element.updateChild (package:flutter/src/widgets/framework.dart:4053)
I/flutter (17478): #12     ComponentElement.performRebuild (package:flutter/src/widgets/framework.dart:5841)
I/flutter (17478): #13     StatefulElement.performRebuild (package:flutter/src/widgets/framework.dart:5982)
I/flutter (17478): #14     Element.rebuild (package:flutter/src/widgets/framework.dart:5529)
I/flutter (17478): #15     BuildScope._tryRebuild (package:flutter/src/widgets/framework.dart:2750)
I/flutter (17478): #16     BuildScope._flushDirtyElements (package:flutter/src/widgets/framework.dart:2807)
I/flutter (17478): #17     BuildOwner.buildScope (package:flutter/src/widgets/framework.dart:3111)
I/flutter (17478): #18     WidgetsBinding.drawFrame (package:flutter/src/widgets/binding.dart:1571)
I/flutter (17478): #19     RendererBinding._handlePersistentFrameCallback (package:flutter/src/rendering/binding.dart:509)
I/flutter (17478): #20     SchedulerBinding._invokeFrameCallback (package:flutter/src/scheduler/binding.dart:1430)
I/flutter (17478): #21     SchedulerBinding.handleDrawFrame (package:flutter/src/scheduler/binding.dart:1345)
I/flutter (17478): #22     LiveTestWidgetsFlutterBinding.handleDrawFrame (package:flutter_test/src/binding.dart:2811)
I/flutter (17478): #23     SchedulerBinding._handleDrawFrame (package:flutter/src/scheduler/binding.dart:1198)
I/flutter (17478): #27     _invoke (dart:ui/hooks.dart:425)
I/flutter (17478): #28     PlatformDispatcher._drawFrame (dart:ui/platform_dispatcher.dart:447)
I/flutter (17478): #29     _drawFrame (dart:ui/hooks.dart:395)
I/flutter (17478): (elided 3 frames from dart:async)
[spm]: ProfilerData event received.
I/flutter (17478): [SPM:perf] 698a51a  buildSpan: 5464µs
I/flutter (17478): [spm] Performance monitoring completed for 698a51a
I/flutter (17478): type 'MultiChildLayoutParentData' is not a subtype of type 'StackParentData' in type cast
I/flutter (17478): #0      Positioned.applyParentData (package:flutter/src/widgets/basic.dart:5171)
I/flutter (17478): #1      RenderObjectElement._updateParentData (package:flutter/src/widgets/framework.dart:6901)
I/flutter (17478): #2      RenderObjectElement.attachRenderObject (package:flutter/src/widgets/framework.dart:6945)
I/flutter (17478): #3      RenderObjectElement.mount (package:flutter/src/widgets/framework.dart:6801)
I/flutter (17478): #4      SingleChildRenderObjectElement.mount (package:flutter/src/widgets/framework.dart:7114)
I/flutter (17478): #5      Element.inflateWidget (package:flutter/src/widgets/framework.dart:4587)
I/flutter (17478): #6      Element.updateChild (package:flutter/src/widgets/framework.dart:4059)
I/flutter (17478): #7      ComponentElement.performRebuild (package:flutter/src/widgets/framework.dart:5841)
I/flutter (17478): #8      Element.rebuild (package:flutter/src/widgets/framework.dart:5529)
I/flutter (17478): #9      ComponentElement._firstBuild (package:flutter/src/widgets/framework.dart:5799)
I/flutter (17478): #10     ComponentElement.mount (package:flutter/src/widgets/framework.dart:5793)
I/flutter (17478): #11     Element.inflateWidget (package:flutter/src/widgets/framework.dart:4587)
I/flutter (17478): #12     Element.updateChild (package:flutter/src/widgets/framework.dart:4053)
I/flutter (17478): #13     ComponentElement.performRebuild (package:flutter/src/widgets/framework.dart:5841)
I/flutter (17478): #14     StatefulElement.performRebuild (package:flutter/src/widgets/framework.dart:5982)
I/flutter (17478): #15     Element.rebuild (package:flutter/src/widgets/framework.dart:5529)
I/flutter (17478): #16     BuildScope._tryRebuild (package:flutter/src/widgets/framework.dart:2750)
I/flutter (17478): #17     BuildScope._flushDirtyElements (package:flutter/src/widgets/framework.dart:2807)
I/flutter (17478): #18     BuildOwner.buildScope (package:flutter/src/widgets/framework.dart:3111)
I/flutter (17478): #19     WidgetsBinding.drawFrame (package:flutter/src/widgets/binding.dart:1571)
I/flutter (17478): #20     RendererBinding._handlePersistentFrameCallback (package:flutter/src/rendering/binding.dart:509)
I/flutter (17478): #21     SchedulerBinding._invokeFrameCallback (package:flutter/src/scheduler/binding.dart:1430)
I/flutter (17478): #22     SchedulerBinding.handleDrawFrame (package:flutter/src/scheduler/binding.dart:1345)
I/flutter (17478): #23     LiveTestWidgetsFlutterBinding.handleDrawFrame (package:flutter_test/src/binding.dart:2811)
I/flutter (17478): #24     SchedulerBinding._handleDrawFrame (package:flutter/src/scheduler/binding.dart:1198)
I/flutter (17478): #28     _invoke (dart:ui/hooks.dart:425)
I/flutter (17478): #29     PlatformDispatcher._drawFrame (dart:ui/platform_dispatcher.dart:447)
I/flutter (17478): #30     _drawFrame (dart:ui/hooks.dart:395)
I/flutter (17478): (elided 3 frames from dart:async)
I/flutter (17478): type 'MultiChildLayoutParentData' is not a subtype of type 'StackParentData' in type cast
I/flutter (17478): #0      Positioned.applyParentData (package:flutter/src/widgets/basic.dart:5171)
I/flutter (17478): #1      RenderObjectElement._updateParentData (package:flutter/src/widgets/framework.dart:6901)
I/flutter (17478): #2      RenderObjectElement.attachRenderObject (package:flutter/src/widgets/framework.dart:6945)
I/flutter (17478): #3      RenderObjectElement.mount (package:flutter/src/widgets/framework.dart:6801)
I/flutter (17478): #4      Element.inflateWidget (package:flutter/src/widgets/framework.dart:4587)
I/flutter (17478): #5      Element.updateChild (package:flutter/src/widgets/framework.dart:4059)
I/flutter (17478): #6      ComponentElement.performRebuild (package:flutter/src/widgets/framework.dart:5858)
I/flutter (17478): #7      Element.rebuild (package:flutter/src/widgets/framework.dart:5529)
I/flutter (17478): #8      ComponentElement._firstBuild (package:flutter/src/widgets/framework.dart:5799)
I/flutter (17478): #9      ComponentElement.mount (package:flutter/src/widgets/framework.dart:5793)
I/flutter (17478): #10     Element.inflateWidget (package:flutter/src/widgets/framework.dart:4587)
I/flutter (17478): #11     Element.updateChild (package:flutter/src/widgets/framework.dart:4053)
I/flutter (17478): #12     ComponentElement.performRebuild (package:flutter/src/widgets/framework.dart:5841)
I/flutter (17478): #13     StatefulElement.performRebuild (package:flutter/src/widgets/framework.dart:5982)
I/flutter (17478): #14     Element.rebuild (package:flutter/src/widgets/framework.dart:5529)
I/flutter (17478): #15     BuildScope._tryRebuild (package:flutter/src/widgets/framework.dart:2750)
I/flutter (17478): #16     BuildScope._flushDirtyElements (package:flutter/src/widgets/framework.dart:2807)
I/flutter (17478): #17     BuildOwner.buildScope (package:flutter/src/widgets/framework.dart:3111)
I/flutter (17478): #18     WidgetsBinding.drawFrame (package:flutter/src/widgets/binding.dart:1571)
I/flutter (17478): #19     RendererBinding._handlePersistentFrameCallback (package:flutter/src/rendering/binding.dart:509)
I/flutter (17478): #20     SchedulerBinding._invokeFrameCallback (package:flutter/src/scheduler/binding.dart:1430)
I/flutter (17478): #21     SchedulerBinding.handleDrawFrame (package:flutter/src/scheduler/binding.dart:1345)
I/flutter (17478): #22     LiveTestWidgetsFlutterBinding.handleDrawFrame (package:flutter_test/src/binding.dart:2811)
I/flutter (17478): #23     SchedulerBinding._handleDrawFrame (package:flutter/src/scheduler/binding.dart:1198)
I/flutter (17478): #27     _invoke (dart:ui/hooks.dart:425)
I/flutter (17478): #28     PlatformDispatcher._drawFrame (dart:ui/platform_dispatcher.dart:447)
I/flutter (17478): #29     _drawFrame (dart:ui/hooks.dart:395)
I/flutter (17478): (elided 3 frames from dart:async)
[spm]: ProfilerData event received.
I/flutter (17478): [SPM:perf] 698a51a  buildSpan: 5416µs
I/flutter (17478): [spm] Performance monitoring completed for 698a51a
I/flutter (17478): type 'MultiChildLayoutParentData' is not a subtype of type 'StackParentData' in type cast
I/flutter (17478): #0      Positioned.applyParentData (package:flutter/src/widgets/basic.dart:5171)
I/flutter (17478): #1      RenderObjectElement._updateParentData (package:flutter/src/widgets/framework.dart:6901)
I/flutter (17478): #2      RenderObjectElement.attachRenderObject (package:flutter/src/widgets/framework.dart:6945)
I/flutter (17478): #3      RenderObjectElement.mount (package:flutter/src/widgets/framework.dart:6801)
I/flutter (17478): #4      SingleChildRenderObjectElement.mount (package:flutter/src/widgets/framework.dart:7114)
I/flutter (17478): #5      Element.inflateWidget (package:flutter/src/widgets/framework.dart:4587)
I/flutter (17478): #6      Element.updateChild (package:flutter/src/widgets/framework.dart:4059)
I/flutter (17478): #7      ComponentElement.performRebuild (package:flutter/src/widgets/framework.dart:5841)
I/flutter (17478): #8      Element.rebuild (package:flutter/src/widgets/framework.dart:5529)
I/flutter (17478): #9      ComponentElement._firstBuild (package:flutter/src/widgets/framework.dart:5799)
I/flutter (17478): #10     ComponentElement.mount (package:flutter/src/widgets/framework.dart:5793)
I/flutter (17478): #11     Element.inflateWidget (package:flutter/src/widgets/framework.dart:4587)
I/flutter (17478): #12     Element.updateChild (package:flutter/src/widgets/framework.dart:4053)
I/flutter (17478): #13     ComponentElement.performRebuild (package:flutter/src/widgets/framework.dart:5841)
I/flutter (17478): #14     StatefulElement.performRebuild (package:flutter/src/widgets/framework.dart:5982)
I/flutter (17478): #15     Element.rebuild (package:flutter/src/widgets/framework.dart:5529)
I/flutter (17478): #16     BuildScope._tryRebuild (package:flutter/src/widgets/framework.dart:2750)
I/flutter (17478): #17     BuildScope._flushDirtyElements (package:flutter/src/widgets/framework.dart:2807)
I/flutter (17478): #18     BuildOwner.buildScope (package:flutter/src/widgets/framework.dart:3111)
I/flutter (17478): #19     WidgetsBinding.drawFrame (package:flutter/src/widgets/binding.dart:1571)
I/flutter (17478): #20     RendererBinding._handlePersistentFrameCallback (package:flutter/src/rendering/binding.dart:509)
I/flutter (17478): #21     SchedulerBinding._invokeFrameCallback (package:flutter/src/scheduler/binding.dart:1430)
I/flutter (17478): #22     SchedulerBinding.handleDrawFrame (package:flutter/src/scheduler/binding.dart:1345)
I/flutter (17478): #23     LiveTestWidgetsFlutterBinding.handleDrawFrame (package:flutter_test/src/binding.dart:2811)
I/flutter (17478): #24     SchedulerBinding._handleDrawFrame (package:flutter/src/scheduler/binding.dart:1198)
I/flutter (17478): #28     _invoke (dart:ui/hooks.dart:425)
I/flutter (17478): #29     PlatformDispatcher._drawFrame (dart:ui/platform_dispatcher.dart:447)
I/flutter (17478): #30     _drawFrame (dart:ui/hooks.dart:395)
I/flutter (17478): (elided 3 frames from dart:async)
I/flutter (17478): type 'MultiChildLayoutParentData' is not a subtype of type 'StackParentData' in type cast
I/flutter (17478): #0      Positioned.applyParentData (package:flutter/src/widgets/basic.dart:5171)
I/flutter (17478): #1      RenderObjectElement._updateParentData (package:flutter/src/widgets/framework.dart:6901)
I/flutter (17478): #2      RenderObjectElement.attachRenderObject (package:flutter/src/widgets/framework.dart:6945)
I/flutter (17478): #3      RenderObjectElement.mount (package:flutter/src/widgets/framework.dart:6801)
I/flutter (17478): #4      Element.inflateWidget (package:flutter/src/widgets/framework.dart:4587)
I/flutter (17478): #5      Element.updateChild (package:flutter/src/widgets/framework.dart:4059)
I/flutter (17478): #6      ComponentElement.performRebuild (package:flutter/src/widgets/framework.dart:5858)
I/flutter (17478): #7      Element.rebuild (package:flutter/src/widgets/framework.dart:5529)
I/flutter (17478): #8      ComponentElement._firstBuild (package:flutter/src/widgets/framework.dart:5799)
I/flutter (17478): #9      ComponentElement.mount (package:flutter/src/widgets/framework.dart:5793)
I/flutter (17478): #10     Element.inflateWidget (package:flutter/src/widgets/framework.dart:4587)
I/flutter (17478): #11     Element.updateChild (package:flutter/src/widgets/framework.dart:4053)
I/flutter (17478): #12     ComponentElement.performRebuild (package:flutter/src/widgets/framework.dart:5841)
I/flutter (17478): #13     StatefulElement.performRebuild (package:flutter/src/widgets/framework.dart:5982)
I/flutter (17478): #14     Element.rebuild (package:flutter/src/widgets/framework.dart:5529)
I/flutter (17478): #15     BuildScope._tryRebuild (package:flutter/src/widgets/framework.dart:2750)
I/flutter (17478): #16     BuildScope._flushDirtyElements (package:flutter/src/widgets/framework.dart:2807)
I/flutter (17478): #17     BuildOwner.buildScope (package:flutter/src/widgets/framework.dart:3111)
I/flutter (17478): #18     WidgetsBinding.drawFrame (package:flutter/src/widgets/binding.dart:1571)
I/flutter (17478): #19     RendererBinding._handlePersistentFrameCallback (package:flutter/src/rendering/binding.dart:509)
I/flutter (17478): #20     SchedulerBinding._invokeFrameCallback (package:flutter/src/scheduler/binding.dart:1430)
I/flutter (17478): #21     SchedulerBinding.handleDrawFrame (package:flutter/src/scheduler/binding.dart:1345)
I/flutter (17478): #22     LiveTestWidgetsFlutterBinding.handleDrawFrame (package:flutter_test/src/binding.dart:2811)
I/flutter (17478): #23     SchedulerBinding._handleDrawFrame (package:flutter/src/scheduler/binding.dart:1198)
I/flutter (17478): #27     _invoke (dart:ui/hooks.dart:425)
I/flutter (17478): #28     PlatformDispatcher._drawFrame (dart:ui/platform_dispatcher.dart:447)
I/flutter (17478): #29     _drawFrame (dart:ui/hooks.dart:395)
I/flutter (17478): (elided 3 frames from dart:async)
I/flutter (17478): [SPM:perf] 698a51a  buildSpan: 5356µs
I/flutter (17478): [spm] Performance monitoring completed for 698a51a
[spm]: ProfilerData event received.
I/flutter (17478): type 'MultiChildLayoutParentData' is not a subtype of type 'StackParentData' in type cast
I/flutter (17478): #0      Positioned.applyParentData (package:flutter/src/widgets/basic.dart:5171)
I/flutter (17478): #1      RenderObjectElement._updateParentData (package:flutter/src/widgets/framework.dart:6901)
I/flutter (17478): #2      RenderObjectElement.attachRenderObject (package:flutter/src/widgets/framework.dart:6945)
I/flutter (17478): #3      RenderObjectElement.mount (package:flutter/src/widgets/framework.dart:6801)
I/flutter (17478): #4      SingleChildRenderObjectElement.mount (package:flutter/src/widgets/framework.dart:7114)
I/flutter (17478): #5      Element.inflateWidget (package:flutter/src/widgets/framework.dart:4587)
I/flutter (17478): #6      Element.updateChild (package:flutter/src/widgets/framework.dart:4059)
I/flutter (17478): #7      ComponentElement.performRebuild (package:flutter/src/widgets/framework.dart:5841)
I/flutter (17478): #8      Element.rebuild (package:flutter/src/widgets/framework.dart:5529)
I/flutter (17478): #9      ComponentElement._firstBuild (package:flutter/src/widgets/framework.dart:5799)
I/flutter (17478): #10     ComponentElement.mount (package:flutter/src/widgets/framework.dart:5793)
I/flutter (17478): #11     Element.inflateWidget (package:flutter/src/widgets/framework.dart:4587)
I/flutter (17478): #12     Element.updateChild (package:flutter/src/widgets/framework.dart:4053)
I/flutter (17478): #13     ComponentElement.performRebuild (package:flutter/src/widgets/framework.dart:5841)
I/flutter (17478): #14     StatefulElement.performRebuild (package:flutter/src/widgets/framework.dart:5982)
I/flutter (17478): #15     Element.rebuild (package:flutter/src/widgets/framework.dart:5529)
I/flutter (17478): #16     BuildScope._tryRebuild (package:flutter/src/widgets/framework.dart:2750)
I/flutter (17478): #17     BuildScope._flushDirtyElements (package:flutter/src/widgets/framework.dart:2807)
I/flutter (17478): #18     BuildOwner.buildScope (package:flutter/src/widgets/framework.dart:3111)
I/flutter (17478): #19     WidgetsBinding.drawFrame (package:flutter/src/widgets/binding.dart:1571)
I/flutter (17478): #20     RendererBinding._handlePersistentFrameCallback (package:flutter/src/rendering/binding.dart:509)
I/flutter (17478): #21     SchedulerBinding._invokeFrameCallback (package:flutter/src/scheduler/binding.dart:1430)
I/flutter (17478): #22     SchedulerBinding.handleDrawFrame (package:flutter/src/scheduler/binding.dart:1345)
I/flutter (17478): #23     LiveTestWidgetsFlutterBinding.handleDrawFrame (package:flutter_test/src/binding.dart:2811)
I/flutter (17478): #24     SchedulerBinding._handleDrawFrame (package:flutter/src/scheduler/binding.dart:1198)
I/flutter (17478): #28     _invoke (dart:ui/hooks.dart:425)
I/flutter (17478): #29     PlatformDispatcher._drawFrame (dart:ui/platform_dispatcher.dart:447)
I/flutter (17478): #30     _drawFrame (dart:ui/hooks.dart:395)
I/flutter (17478): (elided 3 frames from dart:async)
I/flutter (17478): type 'MultiChildLayoutParentData' is not a subtype of type 'StackParentData' in type cast
I/flutter (17478): #0      Positioned.applyParentData (package:flutter/src/widgets/basic.dart:5171)
I/flutter (17478): #1      RenderObjectElement._updateParentData (package:flutter/src/widgets/framework.dart:6901)
I/flutter (17478): #2      RenderObjectElement.attachRenderObject (package:flutter/src/widgets/framework.dart:6945)
I/flutter (17478): #3      RenderObjectElement.mount (package:flutter/src/widgets/framework.dart:6801)
I/flutter (17478): #4      Element.inflateWidget (package:flutter/src/widgets/framework.dart:4587)
I/flutter (17478): #5      Element.updateChild (package:flutter/src/widgets/framework.dart:4059)
I/flutter (17478): #6      ComponentElement.performRebuild (package:flutter/src/widgets/framework.dart:5858)
I/flutter (17478): #7      Element.rebuild (package:flutter/src/widgets/framework.dart:5529)
I/flutter (17478): #8      ComponentElement._firstBuild (package:flutter/src/widgets/framework.dart:5799)
I/flutter (17478): #9      ComponentElement.mount (package:flutter/src/widgets/framework.dart:5793)
I/flutter (17478): #10     Element.inflateWidget (package:flutter/src/widgets/framework.dart:4587)
I/flutter (17478): #11     Element.updateChild (package:flutter/src/widgets/framework.dart:4053)
I/flutter (17478): #12     ComponentElement.performRebuild (package:flutter/src/widgets/framework.dart:5841)
I/flutter (17478): #13     StatefulElement.performRebuild (package:flutter/src/widgets/framework.dart:5982)
I/flutter (17478): #14     Element.rebuild (package:flutter/src/widgets/framework.dart:5529)
I/flutter (17478): #15     BuildScope._tryRebuild (package:flutter/src/widgets/framework.dart:2750)
I/flutter (17478): #16     BuildScope._flushDirtyElements (package:flutter/src/widgets/framework.dart:2807)
I/flutter (17478): #17     BuildOwner.buildScope (package:flutter/src/widgets/framework.dart:3111)
I/flutter (17478): #18     WidgetsBinding.drawFrame (package:flutter/src/widgets/binding.dart:1571)
I/flutter (17478): #19     RendererBinding._handlePersistentFrameCallback (package:flutter/src/rendering/binding.dart:509)
I/flutter (17478): #20     SchedulerBinding._invokeFrameCallback (package:flutter/src/scheduler/binding.dart:1430)
I/flutter (17478): #21     SchedulerBinding.handleDrawFrame (package:flutter/src/scheduler/binding.dart:1345)
I/flutter (17478): #22     LiveTestWidgetsFlutterBinding.handleDrawFrame (package:flutter_test/src/binding.dart:2811)
I/flutter (17478): #23     SchedulerBinding._handleDrawFrame (package:flutter/src/scheduler/binding.dart:1198)
I/flutter (17478): #27     _invoke (dart:ui/hooks.dart:425)
I/flutter (17478): #28     PlatformDispatcher._drawFrame (dart:ui/platform_dispatcher.dart:447)
I/flutter (17478): #29     _drawFrame (dart:ui/hooks.dart:395)
I/flutter (17478): (elided 3 frames from dart:async)
[spm]: ProfilerData event received.
I/flutter (17478): [SPM:perf] 698a51a  buildSpan: 5560µs
I/flutter (17478): [spm] Performance monitoring completed for 698a51a
I/flutter (17478): type 'MultiChildLayoutParentData' is not a subtype of type 'StackParentData' in type cast
I/flutter (17478): #0      Positioned.applyParentData (package:flutter/src/widgets/basic.dart:5171)
I/flutter (17478): #1      RenderObjectElement._updateParentData (package:flutter/src/widgets/framework.dart:6901)
I/flutter (17478): #2      RenderObjectElement.attachRenderObject (package:flutter/src/widgets/framework.dart:6945)
I/flutter (17478): #3      RenderObjectElement.mount (package:flutter/src/widgets/framework.dart:6801)
I/flutter (17478): #4      SingleChildRenderObjectElement.mount (package:flutter/src/widgets/framework.dart:7114)
I/flutter (17478): #5      Element.inflateWidget (package:flutter/src/widgets/framework.dart:4587)
I/flutter (17478): #6      Element.updateChild (package:flutter/src/widgets/framework.dart:4059)
I/flutter (17478): #7      ComponentElement.performRebuild (package:flutter/src/widgets/framework.dart:5841)
I/flutter (17478): #8      Element.rebuild (package:flutter/src/widgets/framework.dart:5529)
I/flutter (17478): #9      ComponentElement._firstBuild (package:flutter/src/widgets/framework.dart:5799)
I/flutter (17478): #10     ComponentElement.mount (package:flutter/src/widgets/framework.dart:5793)
I/flutter (17478): #11     Element.inflateWidget (package:flutter/src/widgets/framework.dart:4587)
I/flutter (17478): #12     Element.updateChild (package:flutter/src/widgets/framework.dart:4053)
I/flutter (17478): #13     ComponentElement.performRebuild (package:flutter/src/widgets/framework.dart:5841)
I/flutter (17478): #14     StatefulElement.performRebuild (package:flutter/src/widgets/framework.dart:5982)
I/flutter (17478): #15     Element.rebuild (package:flutter/src/widgets/framework.dart:5529)
I/flutter (17478): #16     BuildScope._tryRebuild (package:flutter/src/widgets/framework.dart:2750)
I/flutter (17478): #17     BuildScope._flushDirtyElements (package:flutter/src/widgets/framework.dart:2807)
I/flutter (17478): #18     BuildOwner.buildScope (package:flutter/src/widgets/framework.dart:3111)
I/flutter (17478): #19     WidgetsBinding.drawFrame (package:flutter/src/widgets/binding.dart:1571)
I/flutter (17478): #20     RendererBinding._handlePersistentFrameCallback (package:flutter/src/rendering/binding.dart:509)
I/flutter (17478): #21     SchedulerBinding._invokeFrameCallback (package:flutter/src/scheduler/binding.dart:1430)
I/flutter (17478): #22     SchedulerBinding.handleDrawFrame (package:flutter/src/scheduler/binding.dart:1345)
I/flutter (17478): #23     LiveTestWidgetsFlutterBinding.handleDrawFrame (package:flutter_test/src/binding.dart:2811)
I/flutter (17478): #24     SchedulerBinding._handleDrawFrame (package:flutter/src/scheduler/binding.dart:1198)
I/flutter (17478): #28     _invoke (dart:ui/hooks.dart:425)
I/flutter (17478): #29     PlatformDispatcher._drawFrame (dart:ui/platform_dispatcher.dart:447)
I/flutter (17478): #30     _drawFrame (dart:ui/hooks.dart:395)
I/flutter (17478): (elided 3 frames from dart:async)
I/flutter (17478): type 'MultiChildLayoutParentData' is not a subtype of type 'StackParentData' in type cast
I/flutter (17478): #0      Positioned.applyParentData (package:flutter/src/widgets/basic.dart:5171)
I/flutter (17478): #1      RenderObjectElement._updateParentData (package:flutter/src/widgets/framework.dart:6901)
I/flutter (17478): #2      RenderObjectElement.attachRenderObject (package:flutter/src/widgets/framework.dart:6945)
I/flutter (17478): #3      RenderObjectElement.mount (package:flutter/src/widgets/framework.dart:6801)
I/flutter (17478): #4      Element.inflateWidget (package:flutter/src/widgets/framework.dart:4587)
I/flutter (17478): #5      Element.updateChild (package:flutter/src/widgets/framework.dart:4059)
I/flutter (17478): #6      ComponentElement.performRebuild (package:flutter/src/widgets/framework.dart:5858)
I/flutter (17478): #7      Element.rebuild (package:flutter/src/widgets/framework.dart:5529)
I/flutter (17478): #8      ComponentElement._firstBuild (package:flutter/src/widgets/framework.dart:5799)
I/flutter (17478): #9      ComponentElement.mount (package:flutter/src/widgets/framework.dart:5793)
I/flutter (17478): #10     Element.inflateWidget (package:flutter/src/widgets/framework.dart:4587)
I/flutter (17478): #11     Element.updateChild (package:flutter/src/widgets/framework.dart:4053)
I/flutter (17478): #12     ComponentElement.performRebuild (package:flutter/src/widgets/framework.dart:5841)
I/flutter (17478): #13     StatefulElement.performRebuild (package:flutter/src/widgets/framework.dart:5982)
I/flutter (17478): #14     Element.rebuild (package:flutter/src/widgets/framework.dart:5529)
I/flutter (17478): #15     BuildScope._tryRebuild (package:flutter/src/widgets/framework.dart:2750)
I/flutter (17478): #16     BuildScope._flushDirtyElements (package:flutter/src/widgets/framework.dart:2807)
I/flutter (17478): #17     BuildOwner.buildScope (package:flutter/src/widgets/framework.dart:3111)
I/flutter (17478): #18     WidgetsBinding.drawFrame (package:flutter/src/widgets/binding.dart:1571)
I/flutter (17478): #19     RendererBinding._handlePersistentFrameCallback (package:flutter/src/rendering/binding.dart:509)
I/flutter (17478): #20     SchedulerBinding._invokeFrameCallback (package:flutter/src/scheduler/binding.dart:1430)
I/flutter (17478): #21     SchedulerBinding.handleDrawFrame (package:flutter/src/scheduler/binding.dart:1345)
I/flutter (17478): #22     LiveTestWidgetsFlutterBinding.handleDrawFrame (package:flutter_test/src/binding.dart:2811)
I/flutter (17478): #23     SchedulerBinding._handleDrawFrame (package:flutter/src/scheduler/binding.dart:1198)
I/flutter (17478): #27     _invoke (dart:ui/hooks.dart:425)
I/flutter (17478): #28     PlatformDispatcher._drawFrame (dart:ui/platform_dispatcher.dart:447)
I/flutter (17478): #29     _drawFrame (dart:ui/hooks.dart:395)
I/flutter (17478): (elided 3 frames from dart:async)
I/flutter (17478): [SPM:perf] 698a51a  buildSpan: 5375µs
I/flutter (17478): [spm] Performance monitoring completed for 698a51a
[spm]: ProfilerData event received.
I/flutter (17478): type 'MultiChildLayoutParentData' is not a subtype of type 'StackParentData' in type cast
I/flutter (17478): #0      Positioned.applyParentData (package:flutter/src/widgets/basic.dart:5171)
I/flutter (17478): #1      RenderObjectElement._updateParentData (package:flutter/src/widgets/framework.dart:6901)
I/flutter (17478): #2      RenderObjectElement.attachRenderObject (package:flutter/src/widgets/framework.dart:6945)
I/flutter (17478): #3      RenderObjectElement.mount (package:flutter/src/widgets/framework.dart:6801)
I/flutter (17478): #4      SingleChildRenderObjectElement.mount (package:flutter/src/widgets/framework.dart:7114)
I/flutter (17478): #5      Element.inflateWidget (package:flutter/src/widgets/framework.dart:4587)
I/flutter (17478): #6      Element.updateChild (package:flutter/src/widgets/framework.dart:4059)
I/flutter (17478): #7      ComponentElement.performRebuild (package:flutter/src/widgets/framework.dart:5841)
I/flutter (17478): #8      Element.rebuild (package:flutter/src/widgets/framework.dart:5529)
I/flutter (17478): #9      ComponentElement._firstBuild (package:flutter/src/widgets/framework.dart:5799)
I/flutter (17478): #10     ComponentElement.mount (package:flutter/src/widgets/framework.dart:5793)
I/flutter (17478): #11     Element.inflateWidget (package:flutter/src/widgets/framework.dart:4587)
I/flutter (17478): #12     Element.updateChild (package:flutter/src/widgets/framework.dart:4053)
I/flutter (17478): #13     ComponentElement.performRebuild (package:flutter/src/widgets/framework.dart:5841)
I/flutter (17478): #14     StatefulElement.performRebuild (package:flutter/src/widgets/framework.dart:5982)
I/flutter (17478): #15     Element.rebuild (package:flutter/src/widgets/framework.dart:5529)
I/flutter (17478): #16     BuildScope._tryRebuild (package:flutter/src/widgets/framework.dart:2750)
I/flutter (17478): #17     BuildScope._flushDirtyElements (package:flutter/src/widgets/framework.dart:2807)
I/flutter (17478): #18     BuildOwner.buildScope (package:flutter/src/widgets/framework.dart:3111)
I/flutter (17478): #19     WidgetsBinding.drawFrame (package:flutter/src/widgets/binding.dart:1571)
I/flutter (17478): #20     RendererBinding._handlePersistentFrameCallback (package:flutter/src/rendering/binding.dart:509)
I/flutter (17478): #21     SchedulerBinding._invokeFrameCallback (package:flutter/src/scheduler/binding.dart:1430)
I/flutter (17478): #22     SchedulerBinding.handleDrawFrame (package:flutter/src/scheduler/binding.dart:1345)
I/flutter (17478): #23     LiveTestWidgetsFlutterBinding.handleDrawFrame (package:flutter_test/src/binding.dart:2811)
I/flutter (17478): #24     SchedulerBinding._handleDrawFrame (package:flutter/src/scheduler/binding.dart:1198)
I/flutter (17478): #28     _invoke (dart:ui/hooks.dart:425)
I/flutter (17478): #29     PlatformDispatcher._drawFrame (dart:ui/platform_dispatcher.dart:447)
I/flutter (17478): #30     _drawFrame (dart:ui/hooks.dart:395)
I/flutter (17478): (elided 3 frames from dart:async)
I/flutter (17478): type 'MultiChildLayoutParentData' is not a subtype of type 'StackParentData' in type cast
I/flutter (17478): #0      Positioned.applyParentData (package:flutter/src/widgets/basic.dart:5171)
I/flutter (17478): #1      RenderObjectElement._updateParentData (package:flutter/src/widgets/framework.dart:6901)
I/flutter (17478): #2      RenderObjectElement.attachRenderObject (package:flutter/src/widgets/framework.dart:6945)
I/flutter (17478): #3      RenderObjectElement.mount (package:flutter/src/widgets/framework.dart:6801)
I/flutter (17478): #4      Element.inflateWidget (package:flutter/src/widgets/framework.dart:4587)
I/flutter (17478): #5      Element.updateChild (package:flutter/src/widgets/framework.dart:4059)
I/flutter (17478): #6      ComponentElement.performRebuild (package:flutter/src/widgets/framework.dart:5858)
I/flutter (17478): #7      Element.rebuild (package:flutter/src/widgets/framework.dart:5529)
I/flutter (17478): #8      ComponentElement._firstBuild (package:flutter/src/widgets/framework.dart:5799)
I/flutter (17478): #9      ComponentElement.mount (package:flutter/src/widgets/framework.dart:5793)
I/flutter (17478): #10     Element.inflateWidget (package:flutter/src/widgets/framework.dart:4587)
I/flutter (17478): #11     Element.updateChild (package:flutter/src/widgets/framework.dart:4053)
I/flutter (17478): #12     ComponentElement.performRebuild (package:flutter/src/widgets/framework.dart:5841)
I/flutter (17478): #13     StatefulElement.performRebuild (package:flutter/src/widgets/framework.dart:5982)
I/flutter (17478): #14     Element.rebuild (package:flutter/src/widgets/framework.dart:5529)
I/flutter (17478): #15     BuildScope._tryRebuild (package:flutter/src/widgets/framework.dart:2750)
I/flutter (17478): #16     BuildScope._flushDirtyElements (package:flutter/src/widgets/framework.dart:2807)
I/flutter (17478): #17     BuildOwner.buildScope (package:flutter/src/widgets/framework.dart:3111)
I/flutter (17478): #18     WidgetsBinding.drawFrame (package:flutter/src/widgets/binding.dart:1571)
I/flutter (17478): #19     RendererBinding._handlePersistentFrameCallback (package:flutter/src/rendering/binding.dart:509)
I/flutter (17478): #20     SchedulerBinding._invokeFrameCallback (package:flutter/src/scheduler/binding.dart:1430)
I/flutter (17478): #21     SchedulerBinding.handleDrawFrame (package:flutter/src/scheduler/binding.dart:1345)
I/flutter (17478): #22     LiveTestWidgetsFlutterBinding.handleDrawFrame (package:flutter_test/src/binding.dart:2811)
I/flutter (17478): #23     SchedulerBinding._handleDrawFrame (package:flutter/src/scheduler/binding.dart:1198)
I/flutter (17478): #27     _invoke (dart:ui/hooks.dart:425)
I/flutter (17478): #28     PlatformDispatcher._drawFrame (dart:ui/platform_dispatcher.dart:447)
I/flutter (17478): #29     _drawFrame (dart:ui/hooks.dart:395)
I/flutter (17478): (elided 3 frames from dart:async)
[spm]: ProfilerData event received.
I/flutter (17478): [SPM:perf] 698a51a  buildSpan: 5299µs
I/flutter (17478): [spm] Performance monitoring completed for 698a51a
I/flutter (17478): type 'MultiChildLayoutParentData' is not a subtype of type 'StackParentData' in type cast
I/flutter (17478): #0      Positioned.applyParentData (package:flutter/src/widgets/basic.dart:5171)
I/flutter (17478): #1      RenderObjectElement._updateParentData (package:flutter/src/widgets/framework.dart:6901)
I/flutter (17478): #2      RenderObjectElement.attachRenderObject (package:flutter/src/widgets/framework.dart:6945)
I/flutter (17478): #3      RenderObjectElement.mount (package:flutter/src/widgets/framework.dart:6801)
I/flutter (17478): #4      SingleChildRenderObjectElement.mount (package:flutter/src/widgets/framework.dart:7114)
I/flutter (17478): #5      Element.inflateWidget (package:flutter/src/widgets/framework.dart:4587)
I/flutter (17478): #6      Element.updateChild (package:flutter/src/widgets/framework.dart:4059)
I/flutter (17478): #7      ComponentElement.performRebuild (package:flutter/src/widgets/framework.dart:5841)
I/flutter (17478): #8      Element.rebuild (package:flutter/src/widgets/framework.dart:5529)
I/flutter (17478): #9      ComponentElement._firstBuild (package:flutter/src/widgets/framework.dart:5799)
I/flutter (17478): #10     ComponentElement.mount (package:flutter/src/widgets/framework.dart:5793)
I/flutter (17478): #11     Element.inflateWidget (package:flutter/src/widgets/framework.dart:4587)
I/flutter (17478): #12     Element.updateChild (package:flutter/src/widgets/framework.dart:4053)
I/flutter (17478): #13     ComponentElement.performRebuild (package:flutter/src/widgets/framework.dart:5841)
I/flutter (17478): #14     StatefulElement.performRebuild (package:flutter/src/widgets/framework.dart:5982)
I/flutter (17478): #15     Element.rebuild (package:flutter/src/widgets/framework.dart:5529)
I/flutter (17478): #16     BuildScope._tryRebuild (package:flutter/src/widgets/framework.dart:2750)
I/flutter (17478): #17     BuildScope._flushDirtyElements (package:flutter/src/widgets/framework.dart:2807)
I/flutter (17478): #18     BuildOwner.buildScope (package:flutter/src/widgets/framework.dart:3111)
I/flutter (17478): #19     WidgetsBinding.drawFrame (package:flutter/src/widgets/binding.dart:1571)
I/flutter (17478): #20     RendererBinding._handlePersistentFrameCallback (package:flutter/src/rendering/binding.dart:509)
I/flutter (17478): #21     SchedulerBinding._invokeFrameCallback (package:flutter/src/scheduler/binding.dart:1430)
I/flutter (17478): #22     SchedulerBinding.handleDrawFrame (package:flutter/src/scheduler/binding.dart:1345)
I/flutter (17478): #23     LiveTestWidgetsFlutterBinding.handleDrawFrame (package:flutter_test/src/binding.dart:2811)
I/flutter (17478): #24     SchedulerBinding._handleDrawFrame (package:flutter/src/scheduler/binding.dart:1198)
I/flutter (17478): #28     _invoke (dart:ui/hooks.dart:425)
I/flutter (17478): #29     PlatformDispatcher._drawFrame (dart:ui/platform_dispatcher.dart:447)
I/flutter (17478): #30     _drawFrame (dart:ui/hooks.dart:395)
I/flutter (17478): (elided 3 frames from dart:async)
I/flutter (17478): type 'MultiChildLayoutParentData' is not a subtype of type 'StackParentData' in type cast
I/flutter (17478): #0      Positioned.applyParentData (package:flutter/src/widgets/basic.dart:5171)
I/flutter (17478): #1      RenderObjectElement._updateParentData (package:flutter/src/widgets/framework.dart:6901)
I/flutter (17478): #2      RenderObjectElement.attachRenderObject (package:flutter/src/widgets/framework.dart:6945)
I/flutter (17478): #3      RenderObjectElement.mount (package:flutter/src/widgets/framework.dart:6801)
I/flutter (17478): #4      Element.inflateWidget (package:flutter/src/widgets/framework.dart:4587)
I/flutter (17478): #5      Element.updateChild (package:flutter/src/widgets/framework.dart:4059)
I/flutter (17478): #6      ComponentElement.performRebuild (package:flutter/src/widgets/framework.dart:5858)
I/flutter (17478): #7      Element.rebuild (package:flutter/src/widgets/framework.dart:5529)
I/flutter (17478): #8      ComponentElement._firstBuild (package:flutter/src/widgets/framework.dart:5799)
I/flutter (17478): #9      ComponentElement.mount (package:flutter/src/widgets/framework.dart:5793)
I/flutter (17478): #10     Element.inflateWidget (package:flutter/src/widgets/framework.dart:4587)
I/flutter (17478): #11     Element.updateChild (package:flutter/src/widgets/framework.dart:4053)
I/flutter (17478): #12     ComponentElement.performRebuild (package:flutter/src/widgets/framework.dart:5841)
I/flutter (17478): #13     StatefulElement.performRebuild (package:flutter/src/widgets/framework.dart:5982)
I/flutter (17478): #14     Element.rebuild (package:flutter/src/widgets/framework.dart:5529)
I/flutter (17478): #15     BuildScope._tryRebuild (package:flutter/src/widgets/framework.dart:2750)
I/flutter (17478): #16     BuildScope._flushDirtyElements (package:flutter/src/widgets/framework.dart:2807)
I/flutter (17478): #17     BuildOwner.buildScope (package:flutter/src/widgets/framework.dart:3111)
I/flutter (17478): #18     WidgetsBinding.drawFrame (package:flutter/src/widgets/binding.dart:1571)
I/flutter (17478): #19     RendererBinding._handlePersistentFrameCallback (package:flutter/src/rendering/binding.dart:509)
I/flutter (17478): #20     SchedulerBinding._invokeFrameCallback (package:flutter/src/scheduler/binding.dart:1430)
I/flutter (17478): #21     SchedulerBinding.handleDrawFrame (package:flutter/src/scheduler/binding.dart:1345)
I/flutter (17478): #22     LiveTestWidgetsFlutterBinding.handleDrawFrame (package:flutter_test/src/binding.dart:2811)
I/flutter (17478): #23     SchedulerBinding._handleDrawFrame (package:flutter/src/scheduler/binding.dart:1198)
I/flutter (17478): #27     _invoke (dart:ui/hooks.dart:425)
I/flutter (17478): #28     PlatformDispatcher._drawFrame (dart:ui/platform_dispatcher.dart:447)
I/flutter (17478): #29     _drawFrame (dart:ui/hooks.dart:395)
I/flutter (17478): (elided 3 frames from dart:async)
I/flutter (17478): [SPM:perf] 698a51a  buildSpan: 5322µs
I/flutter (17478): [spm] Performance monitoring completed for 698a51a
[spm]: ProfilerData event received.
I/flutter (17478): type 'MultiChildLayoutParentData' is not a subtype of type 'StackParentData' in type cast
I/flutter (17478): #0      Positioned.applyParentData (package:flutter/src/widgets/basic.dart:5171)
I/flutter (17478): #1      RenderObjectElement._updateParentData (package:flutter/src/widgets/framework.dart:6901)
I/flutter (17478): #2      RenderObjectElement.attachRenderObject (package:flutter/src/widgets/framework.dart:6945)
I/flutter (17478): #3      RenderObjectElement.mount (package:flutter/src/widgets/framework.dart:6801)
I/flutter (17478): #4      SingleChildRenderObjectElement.mount (package:flutter/src/widgets/framework.dart:7114)
I/flutter (17478): #5      Element.inflateWidget (package:flutter/src/widgets/framework.dart:4587)
I/flutter (17478): #6      Element.updateChild (package:flutter/src/widgets/framework.dart:4059)
I/flutter (17478): #7      ComponentElement.performRebuild (package:flutter/src/widgets/framework.dart:5841)
I/flutter (17478): #8      Element.rebuild (package:flutter/src/widgets/framework.dart:5529)
I/flutter (17478): #9      ComponentElement._firstBuild (package:flutter/src/widgets/framework.dart:5799)
I/flutter (17478): #10     ComponentElement.mount (package:flutter/src/widgets/framework.dart:5793)
I/flutter (17478): #11     Element.inflateWidget (package:flutter/src/widgets/framework.dart:4587)
I/flutter (17478): #12     Element.updateChild (package:flutter/src/widgets/framework.dart:4053)
I/flutter (17478): #13     ComponentElement.performRebuild (package:flutter/src/widgets/framework.dart:5841)
I/flutter (17478): #14     StatefulElement.performRebuild (package:flutter/src/widgets/framework.dart:5982)
I/flutter (17478): #15     Element.rebuild (package:flutter/src/widgets/framework.dart:5529)
I/flutter (17478): #16     BuildScope._tryRebuild (package:flutter/src/widgets/framework.dart:2750)
I/flutter (17478): #17     BuildScope._flushDirtyElements (package:flutter/src/widgets/framework.dart:2807)
I/flutter (17478): #18     BuildOwner.buildScope (package:flutter/src/widgets/framework.dart:3111)
I/flutter (17478): #19     WidgetsBinding.drawFrame (package:flutter/src/widgets/binding.dart:1571)
I/flutter (17478): #20     RendererBinding._handlePersistentFrameCallback (package:flutter/src/rendering/binding.dart:509)
I/flutter (17478): #21     SchedulerBinding._invokeFrameCallback (package:flutter/src/scheduler/binding.dart:1430)
I/flutter (17478): #22     SchedulerBinding.handleDrawFrame (package:flutter/src/scheduler/binding.dart:1345)
I/flutter (17478): #23     LiveTestWidgetsFlutterBinding.handleDrawFrame (package:flutter_test/src/binding.dart:2811)
I/flutter (17478): #24     SchedulerBinding._handleDrawFrame (package:flutter/src/scheduler/binding.dart:1198)
I/flutter (17478): #28     _invoke (dart:ui/hooks.dart:425)
I/flutter (17478): #29     PlatformDispatcher._drawFrame (dart:ui/platform_dispatcher.dart:447)
I/flutter (17478): #30     _drawFrame (dart:ui/hooks.dart:395)
I/flutter (17478): (elided 3 frames from dart:async)
I/flutter (17478): type 'MultiChildLayoutParentData' is not a subtype of type 'StackParentData' in type cast
I/flutter (17478): #0      Positioned.applyParentData (package:flutter/src/widgets/basic.dart:5171)
I/flutter (17478): #1      RenderObjectElement._updateParentData (package:flutter/src/widgets/framework.dart:6901)
I/flutter (17478): #2      RenderObjectElement.attachRenderObject (package:flutter/src/widgets/framework.dart:6945)
I/flutter (17478): #3      RenderObjectElement.mount (package:flutter/src/widgets/framework.dart:6801)
I/flutter (17478): #4      Element.inflateWidget (package:flutter/src/widgets/framework.dart:4587)
I/flutter (17478): #5      Element.updateChild (package:flutter/src/widgets/framework.dart:4059)
I/flutter (17478): #6      ComponentElement.performRebuild (package:flutter/src/widgets/framework.dart:5858)
I/flutter (17478): #7      Element.rebuild (package:flutter/src/widgets/framework.dart:5529)
I/flutter (17478): #8      ComponentElement._firstBuild (package:flutter/src/widgets/framework.dart:5799)
I/flutter (17478): #9      ComponentElement.mount (package:flutter/src/widgets/framework.dart:5793)
I/flutter (17478): #10     Element.inflateWidget (package:flutter/src/widgets/framework.dart:4587)
I/flutter (17478): #11     Element.updateChild (package:flutter/src/widgets/framework.dart:4053)
I/flutter (17478): #12     ComponentElement.performRebuild (package:flutter/src/widgets/framework.dart:5841)
I/flutter (17478): #13     StatefulElement.performRebuild (package:flutter/src/widgets/framework.dart:5982)
I/flutter (17478): #14     Element.rebuild (package:flutter/src/widgets/framework.dart:5529)
I/flutter (17478): #15     BuildScope._tryRebuild (package:flutter/src/widgets/framework.dart:2750)
I/flutter (17478): #16     BuildScope._flushDirtyElements (package:flutter/src/widgets/framework.dart:2807)
I/flutter (17478): #17     BuildOwner.buildScope (package:flutter/src/widgets/framework.dart:3111)
I/flutter (17478): #18     WidgetsBinding.drawFrame (package:flutter/src/widgets/binding.dart:1571)
I/flutter (17478): #19     RendererBinding._handlePersistentFrameCallback (package:flutter/src/rendering/binding.dart:509)
I/flutter (17478): #20     SchedulerBinding._invokeFrameCallback (package:flutter/src/scheduler/binding.dart:1430)
I/flutter (17478): #21     SchedulerBinding.handleDrawFrame (package:flutter/src/scheduler/binding.dart:1345)
I/flutter (17478): #22     LiveTestWidgetsFlutterBinding.handleDrawFrame (package:flutter_test/src/binding.dart:2811)
I/flutter (17478): #23     SchedulerBinding._handleDrawFrame (package:flutter/src/scheduler/binding.dart:1198)
I/flutter (17478): #27     _invoke (dart:ui/hooks.dart:425)
I/flutter (17478): #28     PlatformDispatcher._drawFrame (dart:ui/platform_dispatcher.dart:447)
I/flutter (17478): #29     _drawFrame (dart:ui/hooks.dart:395)
I/flutter (17478): (elided 3 frames from dart:async)
I/flutter (17478): [SPM:perf] 698a51a  buildSpan: 5407µs
I/flutter (17478): [spm] Performance monitoring completed for 698a51a
[spm]: ProfilerData event received.
I/flutter (17478): type 'MultiChildLayoutParentData' is not a subtype of type 'StackParentData' in type cast
I/flutter (17478): #0      Positioned.applyParentData (package:flutter/src/widgets/basic.dart:5171)
I/flutter (17478): #1      RenderObjectElement._updateParentData (package:flutter/src/widgets/framework.dart:6901)
I/flutter (17478): #2      RenderObjectElement.attachRenderObject (package:flutter/src/widgets/framework.dart:6945)
I/flutter (17478): #3      RenderObjectElement.mount (package:flutter/src/widgets/framework.dart:6801)
I/flutter (17478): #4      SingleChildRenderObjectElement.mount (package:flutter/src/widgets/framework.dart:7114)
I/flutter (17478): #5      Element.inflateWidget (package:flutter/src/widgets/framework.dart:4587)
I/flutter (17478): #6      Element.updateChild (package:flutter/src/widgets/framework.dart:4059)
I/flutter (17478): #7      ComponentElement.performRebuild (package:flutter/src/widgets/framework.dart:5841)
I/flutter (17478): #8      Element.rebuild (package:flutter/src/widgets/framework.dart:5529)
I/flutter (17478): #9      ComponentElement._firstBuild (package:flutter/src/widgets/framework.dart:5799)
I/flutter (17478): #10     ComponentElement.mount (package:flutter/src/widgets/framework.dart:5793)
I/flutter (17478): #11     Element.inflateWidget (package:flutter/src/widgets/framework.dart:4587)
I/flutter (17478): #12     Element.updateChild (package:flutter/src/widgets/framework.dart:4053)
I/flutter (17478): #13     ComponentElement.performRebuild (package:flutter/src/widgets/framework.dart:5841)
I/flutter (17478): #14     StatefulElement.performRebuild (package:flutter/src/widgets/framework.dart:5982)
I/flutter (17478): #15     Element.rebuild (package:flutter/src/widgets/framework.dart:5529)
I/flutter (17478): #16     BuildScope._tryRebuild (package:flutter/src/widgets/framework.dart:2750)
I/flutter (17478): #17     BuildScope._flushDirtyElements (package:flutter/src/widgets/framework.dart:2807)
I/flutter (17478): #18     BuildOwner.buildScope (package:flutter/src/widgets/framework.dart:3111)
I/flutter (17478): #19     WidgetsBinding.drawFrame (package:flutter/src/widgets/binding.dart:1571)
I/flutter (17478): #20     RendererBinding._handlePersistentFrameCallback (package:flutter/src/rendering/binding.dart:509)
I/flutter (17478): #21     SchedulerBinding._invokeFrameCallback (package:flutter/src/scheduler/binding.dart:1430)
I/flutter (17478): #22     SchedulerBinding.handleDrawFrame (package:flutter/src/scheduler/binding.dart:1345)
I/flutter (17478): #23     LiveTestWidgetsFlutterBinding.handleDrawFrame (package:flutter_test/src/binding.dart:2811)
I/flutter (17478): #24     SchedulerBinding._handleDrawFrame (package:flutter/src/scheduler/binding.dart:1198)
I/flutter (17478): #28     _invoke (dart:ui/hooks.dart:425)
I/flutter (17478): #29     PlatformDispatcher._drawFrame (dart:ui/platform_dispatcher.dart:447)
I/flutter (17478): #30     _drawFrame (dart:ui/hooks.dart:395)
I/flutter (17478): (elided 3 frames from dart:async)
I/flutter (17478): type 'MultiChildLayoutParentData' is not a subtype of type 'StackParentData' in type cast
I/flutter (17478): #0      Positioned.applyParentData (package:flutter/src/widgets/basic.dart:5171)
I/flutter (17478): #1      RenderObjectElement._updateParentData (package:flutter/src/widgets/framework.dart:6901)
I/flutter (17478): #2      RenderObjectElement.attachRenderObject (package:flutter/src/widgets/framework.dart:6945)
I/flutter (17478): #3      RenderObjectElement.mount (package:flutter/src/widgets/framework.dart:6801)
I/flutter (17478): #4      Element.inflateWidget (package:flutter/src/widgets/framework.dart:4587)
I/flutter (17478): #5      Element.updateChild (package:flutter/src/widgets/framework.dart:4059)
I/flutter (17478): #6      ComponentElement.performRebuild (package:flutter/src/widgets/framework.dart:5858)
I/flutter (17478): #7      Element.rebuild (package:flutter/src/widgets/framework.dart:5529)
I/flutter (17478): #8      ComponentElement._firstBuild (package:flutter/src/widgets/framework.dart:5799)
I/flutter (17478): #9      ComponentElement.mount (package:flutter/src/widgets/framework.dart:5793)
I/flutter (17478): #10     Element.inflateWidget (package:flutter/src/widgets/framework.dart:4587)
I/flutter (17478): #11     Element.updateChild (package:flutter/src/widgets/framework.dart:4053)
I/flutter (17478): #12     ComponentElement.performRebuild (package:flutter/src/widgets/framework.dart:5841)
I/flutter (17478): #13     StatefulElement.performRebuild (package:flutter/src/widgets/framework.dart:5982)
I/flutter (17478): #14     Element.rebuild (package:flutter/src/widgets/framework.dart:5529)
I/flutter (17478): #15     BuildScope._tryRebuild (package:flutter/src/widgets/framework.dart:2750)
I/flutter (17478): #16     BuildScope._flushDirtyElements (package:flutter/src/widgets/framework.dart:2807)
I/flutter (17478): #17     BuildOwner.buildScope (package:flutter/src/widgets/framework.dart:3111)
I/flutter (17478): #18     WidgetsBinding.drawFrame (package:flutter/src/widgets/binding.dart:1571)
I/flutter (17478): #19     RendererBinding._handlePersistentFrameCallback (package:flutter/src/rendering/binding.dart:509)
I/flutter (17478): #20     SchedulerBinding._invokeFrameCallback (package:flutter/src/scheduler/binding.dart:1430)
I/flutter (17478): #21     SchedulerBinding.handleDrawFrame (package:flutter/src/scheduler/binding.dart:1345)
I/flutter (17478): #22     LiveTestWidgetsFlutterBinding.handleDrawFrame (package:flutter_test/src/binding.dart:2811)
I/flutter (17478): #23     SchedulerBinding._handleDrawFrame (package:flutter/src/scheduler/binding.dart:1198)
I/flutter (17478): #27     _invoke (dart:ui/hooks.dart:425)
I/flutter (17478): #28     PlatformDispatcher._drawFrame (dart:ui/platform_dispatcher.dart:447)
I/flutter (17478): #29     _drawFrame (dart:ui/hooks.dart:395)
I/flutter (17478): (elided 3 frames from dart:async)
[spm]: ProfilerData event received.
I/flutter (17478): [SPM:perf] 698a51a  buildSpan: 5426µs
I/flutter (17478): [spm] Performance monitoring completed for 698a51a
I/flutter (17478): type 'MultiChildLayoutParentData' is not a subtype of type 'StackParentData' in type cast
I/flutter (17478): #0      Positioned.applyParentData (package:flutter/src/widgets/basic.dart:5171)
I/flutter (17478): #1      RenderObjectElement._updateParentData (package:flutter/src/widgets/framework.dart:6901)
I/flutter (17478): #2      RenderObjectElement.attachRenderObject (package:flutter/src/widgets/framework.dart:6945)
I/flutter (17478): #3      RenderObjectElement.mount (package:flutter/src/widgets/framework.dart:6801)
I/flutter (17478): #4      SingleChildRenderObjectElement.mount (package:flutter/src/widgets/framework.dart:7114)
I/flutter (17478): #5      Element.inflateWidget (package:flutter/src/widgets/framework.dart:4587)
I/flutter (17478): #6      Element.updateChild (package:flutter/src/widgets/framework.dart:4059)
I/flutter (17478): #7      ComponentElement.performRebuild (package:flutter/src/widgets/framework.dart:5841)
I/flutter (17478): #8      Element.rebuild (package:flutter/src/widgets/framework.dart:5529)
I/flutter (17478): #9      ComponentElement._firstBuild (package:flutter/src/widgets/framework.dart:5799)
I/flutter (17478): #10     ComponentElement.mount (package:flutter/src/widgets/framework.dart:5793)
I/flutter (17478): #11     Element.inflateWidget (package:flutter/src/widgets/framework.dart:4587)
I/flutter (17478): #12     Element.updateChild (package:flutter/src/widgets/framework.dart:4053)
I/flutter (17478): #13     ComponentElement.performRebuild (package:flutter/src/widgets/framework.dart:5841)
I/flutter (17478): #14     StatefulElement.performRebuild (package:flutter/src/widgets/framework.dart:5982)
I/flutter (17478): #15     Element.rebuild (package:flutter/src/widgets/framework.dart:5529)
I/flutter (17478): #16     BuildScope._tryRebuild (package:flutter/src/widgets/framework.dart:2750)
I/flutter (17478): #17     BuildScope._flushDirtyElements (package:flutter/src/widgets/framework.dart:2807)
I/flutter (17478): #18     BuildOwner.buildScope (package:flutter/src/widgets/framework.dart:3111)
I/flutter (17478): #19     WidgetsBinding.drawFrame (package:flutter/src/widgets/binding.dart:1571)
I/flutter (17478): #20     RendererBinding._handlePersistentFrameCallback (package:flutter/src/rendering/binding.dart:509)
I/flutter (17478): #21     SchedulerBinding._invokeFrameCallback (package:flutter/src/scheduler/binding.dart:1430)
I/flutter (17478): #22     SchedulerBinding.handleDrawFrame (package:flutter/src/scheduler/binding.dart:1345)
I/flutter (17478): #23     LiveTestWidgetsFlutterBinding.handleDrawFrame (package:flutter_test/src/binding.dart:2811)
I/flutter (17478): #24     SchedulerBinding._handleDrawFrame (package:flutter/src/scheduler/binding.dart:1198)
I/flutter (17478): #28     _invoke (dart:ui/hooks.dart:425)
I/flutter (17478): #29     PlatformDispatcher._drawFrame (dart:ui/platform_dispatcher.dart:447)
I/flutter (17478): #30     _drawFrame (dart:ui/hooks.dart:395)
I/flutter (17478): (elided 3 frames from dart:async)
I/flutter (17478): type 'MultiChildLayoutParentData' is not a subtype of type 'StackParentData' in type cast
I/flutter (17478): #0      Positioned.applyParentData (package:flutter/src/widgets/basic.dart:5171)
I/flutter (17478): #1      RenderObjectElement._updateParentData (package:flutter/src/widgets/framework.dart:6901)
I/flutter (17478): #2      RenderObjectElement.attachRenderObject (package:flutter/src/widgets/framework.dart:6945)
I/flutter (17478): #3      RenderObjectElement.mount (package:flutter/src/widgets/framework.dart:6801)
I/flutter (17478): #4      Element.inflateWidget (package:flutter/src/widgets/framework.dart:4587)
I/flutter (17478): #5      Element.updateChild (package:flutter/src/widgets/framework.dart:4059)
I/flutter (17478): #6      ComponentElement.performRebuild (package:flutter/src/widgets/framework.dart:5858)
I/flutter (17478): #7      Element.rebuild (package:flutter/src/widgets/framework.dart:5529)
I/flutter (17478): #8      ComponentElement._firstBuild (package:flutter/src/widgets/framework.dart:5799)
I/flutter (17478): #9      ComponentElement.mount (package:flutter/src/widgets/framework.dart:5793)
I/flutter (17478): #10     Element.inflateWidget (package:flutter/src/widgets/framework.dart:4587)
I/flutter (17478): #11     Element.updateChild (package:flutter/src/widgets/framework.dart:4053)
I/flutter (17478): #12     ComponentElement.performRebuild (package:flutter/src/widgets/framework.dart:5841)
I/flutter (17478): #13     StatefulElement.performRebuild (package:flutter/src/widgets/framework.dart:5982)
I/flutter (17478): #14     Element.rebuild (package:flutter/src/widgets/framework.dart:5529)
I/flutter (17478): #15     BuildScope._tryRebuild (package:flutter/src/widgets/framework.dart:2750)
I/flutter (17478): #16     BuildScope._flushDirtyElements (package:flutter/src/widgets/framework.dart:2807)
I/flutter (17478): #17     BuildOwner.buildScope (package:flutter/src/widgets/framework.dart:3111)
I/flutter (17478): #18     WidgetsBinding.drawFrame (package:flutter/src/widgets/binding.dart:1571)
I/flutter (17478): #19     RendererBinding._handlePersistentFrameCallback (package:flutter/src/rendering/binding.dart:509)
I/flutter (17478): #20     SchedulerBinding._invokeFrameCallback (package:flutter/src/scheduler/binding.dart:1430)
I/flutter (17478): #21     SchedulerBinding.handleDrawFrame (package:flutter/src/scheduler/binding.dart:1345)
I/flutter (17478): #22     LiveTestWidgetsFlutterBinding.handleDrawFrame (package:flutter_test/src/binding.dart:2811)
I/flutter (17478): #23     SchedulerBinding._handleDrawFrame (package:flutter/src/scheduler/binding.dart:1198)
I/flutter (17478): #27     _invoke (dart:ui/hooks.dart:425)
I/flutter (17478): #28     PlatformDispatcher._drawFrame (dart:ui/platform_dispatcher.dart:447)
I/flutter (17478): #29     _drawFrame (dart:ui/hooks.dart:395)
I/flutter (17478): (elided 3 frames from dart:async)
I/flutter (17478): [SPM:perf] 698a51a  buildSpan: 5324µs
I/flutter (17478): [spm] Performance monitoring completed for 698a51a
[spm]: ProfilerData event received.
I/flutter (17478): type 'MultiChildLayoutParentData' is not a subtype of type 'StackParentData' in type cast
I/flutter (17478): #0      Positioned.applyParentData (package:flutter/src/widgets/basic.dart:5171)
I/flutter (17478): #1      RenderObjectElement._updateParentData (package:flutter/src/widgets/framework.dart:6901)
I/flutter (17478): #2      RenderObjectElement.attachRenderObject (package:flutter/src/widgets/framework.dart:6945)
I/flutter (17478): #3      RenderObjectElement.mount (package:flutter/src/widgets/framework.dart:6801)
I/flutter (17478): #4      SingleChildRenderObjectElement.mount (package:flutter/src/widgets/framework.dart:7114)
I/flutter (17478): #5      Element.inflateWidget (package:flutter/src/widgets/framework.dart:4587)
I/flutter (17478): #6      Element.updateChild (package:flutter/src/widgets/framework.dart:4059)
I/flutter (17478): #7      ComponentElement.performRebuild (package:flutter/src/widgets/framework.dart:5841)
I/flutter (17478): #8      Element.rebuild (package:flutter/src/widgets/framework.dart:5529)
I/flutter (17478): #9      ComponentElement._firstBuild (package:flutter/src/widgets/framework.dart:5799)
I/flutter (17478): #10     ComponentElement.mount (package:flutter/src/widgets/framework.dart:5793)
I/flutter (17478): #11     Element.inflateWidget (package:flutter/src/widgets/framework.dart:4587)
I/flutter (17478): #12     Element.updateChild (package:flutter/src/widgets/framework.dart:4053)
I/flutter (17478): #13     ComponentElement.performRebuild (package:flutter/src/widgets/framework.dart:5841)
I/flutter (17478): #14     StatefulElement.performRebuild (package:flutter/src/widgets/framework.dart:5982)
I/flutter (17478): #15     Element.rebuild (package:flutter/src/widgets/framework.dart:5529)
I/flutter (17478): #16     BuildScope._tryRebuild (package:flutter/src/widgets/framework.dart:2750)
I/flutter (17478): #17     BuildScope._flushDirtyElements (package:flutter/src/widgets/framework.dart:2807)
I/flutter (17478): #18     BuildOwner.buildScope (package:flutter/src/widgets/framework.dart:3111)
I/flutter (17478): #19     WidgetsBinding.drawFrame (package:flutter/src/widgets/binding.dart:1571)
I/flutter (17478): #20     RendererBinding._handlePersistentFrameCallback (package:flutter/src/rendering/binding.dart:509)
I/flutter (17478): #21     SchedulerBinding._invokeFrameCallback (package:flutter/src/scheduler/binding.dart:1430)
I/flutter (17478): #22     SchedulerBinding.handleDrawFrame (package:flutter/src/scheduler/binding.dart:1345)
I/flutter (17478): #23     LiveTestWidgetsFlutterBinding.handleDrawFrame (package:flutter_test/src/binding.dart:2811)
I/flutter (17478): #24     SchedulerBinding._handleDrawFrame (package:flutter/src/scheduler/binding.dart:1198)
I/flutter (17478): #28     _invoke (dart:ui/hooks.dart:425)
I/flutter (17478): #29     PlatformDispatcher._drawFrame (dart:ui/platform_dispatcher.dart:447)
I/flutter (17478): #30     _drawFrame (dart:ui/hooks.dart:395)
I/flutter (17478): (elided 3 frames from dart:async)
I/flutter (17478): type 'MultiChildLayoutParentData' is not a subtype of type 'StackParentData' in type cast
I/flutter (17478): #0      Positioned.applyParentData (package:flutter/src/widgets/basic.dart:5171)
I/flutter (17478): #1      RenderObjectElement._updateParentData (package:flutter/src/widgets/framework.dart:6901)
I/flutter (17478): #2      RenderObjectElement.attachRenderObject (package:flutter/src/widgets/framework.dart:6945)
I/flutter (17478): #3      RenderObjectElement.mount (package:flutter/src/widgets/framework.dart:6801)
I/flutter (17478): #4      Element.inflateWidget (package:flutter/src/widgets/framework.dart:4587)
I/flutter (17478): #5      Element.updateChild (package:flutter/src/widgets/framework.dart:4059)
I/flutter (17478): #6      ComponentElement.performRebuild (package:flutter/src/widgets/framework.dart:5858)
I/flutter (17478): #7      Element.rebuild (package:flutter/src/widgets/framework.dart:5529)
I/flutter (17478): #8      ComponentElement._firstBuild (package:flutter/src/widgets/framework.dart:5799)
I/flutter (17478): #9      ComponentElement.mount (package:flutter/src/widgets/framework.dart:5793)
I/flutter (17478): #10     Element.inflateWidget (package:flutter/src/widgets/framework.dart:4587)
I/flutter (17478): #11     Element.updateChild (package:flutter/src/widgets/framework.dart:4053)
I/flutter (17478): #12     ComponentElement.performRebuild (package:flutter/src/widgets/framework.dart:5841)
I/flutter (17478): #13     StatefulElement.performRebuild (package:flutter/src/widgets/framework.dart:5982)
I/flutter (17478): #14     Element.rebuild (package:flutter/src/widgets/framework.dart:5529)
I/flutter (17478): #15     BuildScope._tryRebuild (package:flutter/src/widgets/framework.dart:2750)
I/flutter (17478): #16     BuildScope._flushDirtyElements (package:flutter/src/widgets/framework.dart:2807)
I/flutter (17478): #17     BuildOwner.buildScope (package:flutter/src/widgets/framework.dart:3111)
I/flutter (17478): #18     WidgetsBinding.drawFrame (package:flutter/src/widgets/binding.dart:1571)
I/flutter (17478): #19     RendererBinding._handlePersistentFrameCallback (package:flutter/src/rendering/binding.dart:509)
I/flutter (17478): #20     SchedulerBinding._invokeFrameCallback (package:flutter/src/scheduler/binding.dart:1430)
I/flutter (17478): #21     SchedulerBinding.handleDrawFrame (package:flutter/src/scheduler/binding.dart:1345)
I/flutter (17478): #22     LiveTestWidgetsFlutterBinding.handleDrawFrame (package:flutter_test/src/binding.dart:2811)
I/flutter (17478): #23     SchedulerBinding._handleDrawFrame (package:flutter/src/scheduler/binding.dart:1198)
I/flutter (17478): #27     _invoke (dart:ui/hooks.dart:425)
I/flutter (17478): #28     PlatformDispatcher._drawFrame (dart:ui/platform_dispatcher.dart:447)
I/flutter (17478): #29     _drawFrame (dart:ui/hooks.dart:395)
I/flutter (17478): (elided 3 frames from dart:async)
[spm]: ProfilerData event received.
I/flutter (17478): [SPM:perf] 698a51a  buildSpan: 5639µs
I/flutter (17478): [spm] Performance monitoring completed for 698a51a
I/flutter (17478): type 'MultiChildLayoutParentData' is not a subtype of type 'StackParentData' in type cast
I/flutter (17478): #0      Positioned.applyParentData (package:flutter/src/widgets/basic.dart:5171)
I/flutter (17478): #1      RenderObjectElement._updateParentData (package:flutter/src/widgets/framework.dart:6901)
I/flutter (17478): #2      RenderObjectElement.attachRenderObject (package:flutter/src/widgets/framework.dart:6945)
I/flutter (17478): #3      RenderObjectElement.mount (package:flutter/src/widgets/framework.dart:6801)
I/flutter (17478): #4      SingleChildRenderObjectElement.mount (package:flutter/src/widgets/framework.dart:7114)
I/flutter (17478): #5      Element.inflateWidget (package:flutter/src/widgets/framework.dart:4587)
I/flutter (17478): #6      Element.updateChild (package:flutter/src/widgets/framework.dart:4059)
I/flutter (17478): #7      ComponentElement.performRebuild (package:flutter/src/widgets/framework.dart:5841)
I/flutter (17478): #8      Element.rebuild (package:flutter/src/widgets/framework.dart:5529)
I/flutter (17478): #9      ComponentElement._firstBuild (package:flutter/src/widgets/framework.dart:5799)
I/flutter (17478): #10     ComponentElement.mount (package:flutter/src/widgets/framework.dart:5793)
I/flutter (17478): #11     Element.inflateWidget (package:flutter/src/widgets/framework.dart:4587)
I/flutter (17478): #12     Element.updateChild (package:flutter/src/widgets/framework.dart:4053)
I/flutter (17478): #13     ComponentElement.performRebuild (package:flutter/src/widgets/framework.dart:5841)
I/flutter (17478): #14     StatefulElement.performRebuild (package:flutter/src/widgets/framework.dart:5982)
I/flutter (17478): #15     Element.rebuild (package:flutter/src/widgets/framework.dart:5529)
I/flutter (17478): #16     BuildScope._tryRebuild (package:flutter/src/widgets/framework.dart:2750)
I/flutter (17478): #17     BuildScope._flushDirtyElements (package:flutter/src/widgets/framework.dart:2807)
I/flutter (17478): #18     BuildOwner.buildScope (package:flutter/src/widgets/framework.dart:3111)
I/flutter (17478): #19     WidgetsBinding.drawFrame (package:flutter/src/widgets/binding.dart:1571)
I/flutter (17478): #20     RendererBinding._handlePersistentFrameCallback (package:flutter/src/rendering/binding.dart:509)
I/flutter (17478): #21     SchedulerBinding._invokeFrameCallback (package:flutter/src/scheduler/binding.dart:1430)
I/flutter (17478): #22     SchedulerBinding.handleDrawFrame (package:flutter/src/scheduler/binding.dart:1345)
I/flutter (17478): #23     LiveTestWidgetsFlutterBinding.handleDrawFrame (package:flutter_test/src/binding.dart:2811)
I/flutter (17478): #24     SchedulerBinding._handleDrawFrame (package:flutter/src/scheduler/binding.dart:1198)
I/flutter (17478): #28     _invoke (dart:ui/hooks.dart:425)
I/flutter (17478): #29     PlatformDispatcher._drawFrame (dart:ui/platform_dispatcher.dart:447)
I/flutter (17478): #30     _drawFrame (dart:ui/hooks.dart:395)
I/flutter (17478): (elided 3 frames from dart:async)
I/flutter (17478): type 'MultiChildLayoutParentData' is not a subtype of type 'StackParentData' in type cast
I/flutter (17478): #0      Positioned.applyParentData (package:flutter/src/widgets/basic.dart:5171)
I/flutter (17478): #1      RenderObjectElement._updateParentData (package:flutter/src/widgets/framework.dart:6901)
I/flutter (17478): #2      RenderObjectElement.attachRenderObject (package:flutter/src/widgets/framework.dart:6945)
I/flutter (17478): #3      RenderObjectElement.mount (package:flutter/src/widgets/framework.dart:6801)
I/flutter (17478): #4      Element.inflateWidget (package:flutter/src/widgets/framework.dart:4587)
I/flutter (17478): #5      Element.updateChild (package:flutter/src/widgets/framework.dart:4059)
I/flutter (17478): #6      ComponentElement.performRebuild (package:flutter/src/widgets/framework.dart:5858)
I/flutter (17478): #7      Element.rebuild (package:flutter/src/widgets/framework.dart:5529)
I/flutter (17478): #8      ComponentElement._firstBuild (package:flutter/src/widgets/framework.dart:5799)
I/flutter (17478): #9      ComponentElement.mount (package:flutter/src/widgets/framework.dart:5793)
I/flutter (17478): #10     Element.inflateWidget (package:flutter/src/widgets/framework.dart:4587)
I/flutter (17478): #11     Element.updateChild (package:flutter/src/widgets/framework.dart:4053)
I/flutter (17478): #12     ComponentElement.performRebuild (package:flutter/src/widgets/framework.dart:5841)
I/flutter (17478): #13     StatefulElement.performRebuild (package:flutter/src/widgets/framework.dart:5982)
I/flutter (17478): #14     Element.rebuild (package:flutter/src/widgets/framework.dart:5529)
I/flutter (17478): #15     BuildScope._tryRebuild (package:flutter/src/widgets/framework.dart:2750)
I/flutter (17478): #16     BuildScope._flushDirtyElements (package:flutter/src/widgets/framework.dart:2807)
I/flutter (17478): #17     BuildOwner.buildScope (package:flutter/src/widgets/framework.dart:3111)
I/flutter (17478): #18     WidgetsBinding.drawFrame (package:flutter/src/widgets/binding.dart:1571)
I/flutter (17478): #19     RendererBinding._handlePersistentFrameCallback (package:flutter/src/rendering/binding.dart:509)
I/flutter (17478): #20     SchedulerBinding._invokeFrameCallback (package:flutter/src/scheduler/binding.dart:1430)
I/flutter (17478): #21     SchedulerBinding.handleDrawFrame (package:flutter/src/scheduler/binding.dart:1345)
I/flutter (17478): #22     LiveTestWidgetsFlutterBinding.handleDrawFrame (package:flutter_test/src/binding.dart:2811)
I/flutter (17478): #23     SchedulerBinding._handleDrawFrame (package:flutter/src/scheduler/binding.dart:1198)
I/flutter (17478): #27     _invoke (dart:ui/hooks.dart:425)
I/flutter (17478): #28     PlatformDispatcher._drawFrame (dart:ui/platform_dispatcher.dart:447)
I/flutter (17478): #29     _drawFrame (dart:ui/hooks.dart:395)
I/flutter (17478): (elided 3 frames from dart:async)
[spm]: ProfilerData event received.
I/flutter (17478): [SPM:perf] 698a51a  buildSpan: 5602µs
I/flutter (17478): [spm] Performance monitoring completed for 698a51a
I/flutter (17478): type 'MultiChildLayoutParentData' is not a subtype of type 'StackParentData' in type cast
I/flutter (17478): #0      Positioned.applyParentData (package:flutter/src/widgets/basic.dart:5171)
I/flutter (17478): #1      RenderObjectElement._updateParentData (package:flutter/src/widgets/framework.dart:6901)
I/flutter (17478): #2      RenderObjectElement.attachRenderObject (package:flutter/src/widgets/framework.dart:6945)
I/flutter (17478): #3      RenderObjectElement.mount (package:flutter/src/widgets/framework.dart:6801)
I/flutter (17478): #4      SingleChildRenderObjectElement.mount (package:flutter/src/widgets/framework.dart:7114)
I/flutter (17478): #5      Element.inflateWidget (package:flutter/src/widgets/framework.dart:4587)
I/flutter (17478): #6      Element.updateChild (package:flutter/src/widgets/framework.dart:4059)
I/flutter (17478): #7      ComponentElement.performRebuild (package:flutter/src/widgets/framework.dart:5841)
I/flutter (17478): #8      Element.rebuild (package:flutter/src/widgets/framework.dart:5529)
I/flutter (17478): #9      ComponentElement._firstBuild (package:flutter/src/widgets/framework.dart:5799)
I/flutter (17478): #10     ComponentElement.mount (package:flutter/src/widgets/framework.dart:5793)
I/flutter (17478): #11     Element.inflateWidget (package:flutter/src/widgets/framework.dart:4587)
I/flutter (17478): #12     Element.updateChild (package:flutter/src/widgets/framework.dart:4053)
I/flutter (17478): #13     ComponentElement.performRebuild (package:flutter/src/widgets/framework.dart:5841)
I/flutter (17478): #14     StatefulElement.performRebuild (package:flutter/src/widgets/framework.dart:5982)
I/flutter (17478): #15     Element.rebuild (package:flutter/src/widgets/framework.dart:5529)
I/flutter (17478): #16     BuildScope._tryRebuild (package:flutter/src/widgets/framework.dart:2750)
I/flutter (17478): #17     BuildScope._flushDirtyElements (package:flutter/src/widgets/framework.dart:2807)
I/flutter (17478): #18     BuildOwner.buildScope (package:flutter/src/widgets/framework.dart:3111)
I/flutter (17478): #19     WidgetsBinding.drawFrame (package:flutter/src/widgets/binding.dart:1571)
I/flutter (17478): #20     RendererBinding._handlePersistentFrameCallback (package:flutter/src/rendering/binding.dart:509)
I/flutter (17478): #21     SchedulerBinding._invokeFrameCallback (package:flutter/src/scheduler/binding.dart:1430)
I/flutter (17478): #22     SchedulerBinding.handleDrawFrame (package:flutter/src/scheduler/binding.dart:1345)
I/flutter (17478): #23     LiveTestWidgetsFlutterBinding.handleDrawFrame (package:flutter_test/src/binding.dart:2811)
I/flutter (17478): #24     SchedulerBinding._handleDrawFrame (package:flutter/src/scheduler/binding.dart:1198)
I/flutter (17478): #28     _invoke (dart:ui/hooks.dart:425)
I/flutter (17478): #29     PlatformDispatcher._drawFrame (dart:ui/platform_dispatcher.dart:447)
I/flutter (17478): #30     _drawFrame (dart:ui/hooks.dart:395)
I/flutter (17478): (elided 3 frames from dart:async)
I/flutter (17478): type 'MultiChildLayoutParentData' is not a subtype of type 'StackParentData' in type cast
I/flutter (17478): #0      Positioned.applyParentData (package:flutter/src/widgets/basic.dart:5171)
I/flutter (17478): #1      RenderObjectElement._updateParentData (package:flutter/src/widgets/framework.dart:6901)
I/flutter (17478): #2      RenderObjectElement.attachRenderObject (package:flutter/src/widgets/framework.dart:6945)
I/flutter (17478): #3      RenderObjectElement.mount (package:flutter/src/widgets/framework.dart:6801)
I/flutter (17478): #4      Element.inflateWidget (package:flutter/src/widgets/framework.dart:4587)
I/flutter (17478): #5      Element.updateChild (package:flutter/src/widgets/framework.dart:4059)
I/flutter (17478): #6      ComponentElement.performRebuild (package:flutter/src/widgets/framework.dart:5858)
I/flutter (17478): #7      Element.rebuild (package:flutter/src/widgets/framework.dart:5529)
I/flutter (17478): #8      ComponentElement._firstBuild (package:flutter/src/widgets/framework.dart:5799)
I/flutter (17478): #9      ComponentElement.mount (package:flutter/src/widgets/framework.dart:5793)
I/flutter (17478): #10     Element.inflateWidget (package:flutter/src/widgets/framework.dart:4587)
I/flutter (17478): #11     Element.updateChild (package:flutter/src/widgets/framework.dart:4053)
I/flutter (17478): #12     ComponentElement.performRebuild (package:flutter/src/widgets/framework.dart:5841)
I/flutter (17478): #13     StatefulElement.performRebuild (package:flutter/src/widgets/framework.dart:5982)
I/flutter (17478): #14     Element.rebuild (package:flutter/src/widgets/framework.dart:5529)
I/flutter (17478): #15     BuildScope._tryRebuild (package:flutter/src/widgets/framework.dart:2750)
I/flutter (17478): #16     BuildScope._flushDirtyElements (package:flutter/src/widgets/framework.dart:2807)
I/flutter (17478): #17     BuildOwner.buildScope (package:flutter/src/widgets/framework.dart:3111)
I/flutter (17478): #18     WidgetsBinding.drawFrame (package:flutter/src/widgets/binding.dart:1571)
I/flutter (17478): #19     RendererBinding._handlePersistentFrameCallback (package:flutter/src/rendering/binding.dart:509)
I/flutter (17478): #20     SchedulerBinding._invokeFrameCallback (package:flutter/src/scheduler/binding.dart:1430)
I/flutter (17478): #21     SchedulerBinding.handleDrawFrame (package:flutter/src/scheduler/binding.dart:1345)
I/flutter (17478): #22     LiveTestWidgetsFlutterBinding.handleDrawFrame (package:flutter_test/src/binding.dart:2811)
I/flutter (17478): #23     SchedulerBinding._handleDrawFrame (package:flutter/src/scheduler/binding.dart:1198)
I/flutter (17478): #27     _invoke (dart:ui/hooks.dart:425)
I/flutter (17478): #28     PlatformDispatcher._drawFrame (dart:ui/platform_dispatcher.dart:447)
I/flutter (17478): #29     _drawFrame (dart:ui/hooks.dart:395)
I/flutter (17478): (elided 3 frames from dart:async)
[spm]: ProfilerData event received.
I/flutter (17478): [SPM:perf] 698a51a  buildSpan: 5354µs
I/flutter (17478): [spm] Performance monitoring completed for 698a51a
I/flutter (17478): type 'MultiChildLayoutParentData' is not a subtype of type 'StackParentData' in type cast
I/flutter (17478): #0      Positioned.applyParentData (package:flutter/src/widgets/basic.dart:5171)
I/flutter (17478): #1      RenderObjectElement._updateParentData (package:flutter/src/widgets/framework.dart:6901)
I/flutter (17478): #2      RenderObjectElement.attachRenderObject (package:flutter/src/widgets/framework.dart:6945)
I/flutter (17478): #3      RenderObjectElement.mount (package:flutter/src/widgets/framework.dart:6801)
I/flutter (17478): #4      SingleChildRenderObjectElement.mount (package:flutter/src/widgets/framework.dart:7114)
I/flutter (17478): #5      Element.inflateWidget (package:flutter/src/widgets/framework.dart:4587)
I/flutter (17478): #6      Element.updateChild (package:flutter/src/widgets/framework.dart:4059)
I/flutter (17478): #7      ComponentElement.performRebuild (package:flutter/src/widgets/framework.dart:5841)
I/flutter (17478): #8      Element.rebuild (package:flutter/src/widgets/framework.dart:5529)
I/flutter (17478): #9      ComponentElement._firstBuild (package:flutter/src/widgets/framework.dart:5799)
I/flutter (17478): #10     ComponentElement.mount (package:flutter/src/widgets/framework.dart:5793)
I/flutter (17478): #11     Element.inflateWidget (package:flutter/src/widgets/framework.dart:4587)
I/flutter (17478): #12     Element.updateChild (package:flutter/src/widgets/framework.dart:4053)
I/flutter (17478): #13     ComponentElement.performRebuild (package:flutter/src/widgets/framework.dart:5841)
I/flutter (17478): #14     StatefulElement.performRebuild (package:flutter/src/widgets/framework.dart:5982)
I/flutter (17478): #15     Element.rebuild (package:flutter/src/widgets/framework.dart:5529)
I/flutter (17478): #16     BuildScope._tryRebuild (package:flutter/src/widgets/framework.dart:2750)
I/flutter (17478): #17     BuildScope._flushDirtyElements (package:flutter/src/widgets/framework.dart:2807)
I/flutter (17478): #18     BuildOwner.buildScope (package:flutter/src/widgets/framework.dart:3111)
I/flutter (17478): #19     WidgetsBinding.drawFrame (package:flutter/src/widgets/binding.dart:1571)
I/flutter (17478): #20     RendererBinding._handlePersistentFrameCallback (package:flutter/src/rendering/binding.dart:509)
I/flutter (17478): #21     SchedulerBinding._invokeFrameCallback (package:flutter/src/scheduler/binding.dart:1430)
I/flutter (17478): #22     SchedulerBinding.handleDrawFrame (package:flutter/src/scheduler/binding.dart:1345)
I/flutter (17478): #23     LiveTestWidgetsFlutterBinding.handleDrawFrame (package:flutter_test/src/binding.dart:2811)
I/flutter (17478): #24     SchedulerBinding._handleDrawFrame (package:flutter/src/scheduler/binding.dart:1198)
I/flutter (17478): #28     _invoke (dart:ui/hooks.dart:425)
I/flutter (17478): #29     PlatformDispatcher._drawFrame (dart:ui/platform_dispatcher.dart:447)
I/flutter (17478): #30     _drawFrame (dart:ui/hooks.dart:395)
I/flutter (17478): (elided 3 frames from dart:async)
I/flutter (17478): type 'MultiChildLayoutParentData' is not a subtype of type 'StackParentData' in type cast
I/flutter (17478): #0      Positioned.applyParentData (package:flutter/src/widgets/basic.dart:5171)
I/flutter (17478): #1      RenderObjectElement._updateParentData (package:flutter/src/widgets/framework.dart:6901)
I/flutter (17478): #2      RenderObjectElement.attachRenderObject (package:flutter/src/widgets/framework.dart:6945)
I/flutter (17478): #3      RenderObjectElement.mount (package:flutter/src/widgets/framework.dart:6801)
I/flutter (17478): #4      Element.inflateWidget (package:flutter/src/widgets/framework.dart:4587)
I/flutter (17478): #5      Element.updateChild (package:flutter/src/widgets/framework.dart:4059)
I/flutter (17478): #6      ComponentElement.performRebuild (package:flutter/src/widgets/framework.dart:5858)
I/flutter (17478): #7      Element.rebuild (package:flutter/src/widgets/framework.dart:5529)
I/flutter (17478): #8      ComponentElement._firstBuild (package:flutter/src/widgets/framework.dart:5799)
I/flutter (17478): #9      ComponentElement.mount (package:flutter/src/widgets/framework.dart:5793)
I/flutter (17478): #10     Element.inflateWidget (package:flutter/src/widgets/framework.dart:4587)
I/flutter (17478): #11     Element.updateChild (package:flutter/src/widgets/framework.dart:4053)
I/flutter (17478): #12     ComponentElement.performRebuild (package:flutter/src/widgets/framework.dart:5841)
I/flutter (17478): #13     StatefulElement.performRebuild (package:flutter/src/widgets/framework.dart:5982)
I/flutter (17478): #14     Element.rebuild (package:flutter/src/widgets/framework.dart:5529)
I/flutter (17478): #15     BuildScope._tryRebuild (package:flutter/src/widgets/framework.dart:2750)
I/flutter (17478): #16     BuildScope._flushDirtyElements (package:flutter/src/widgets/framework.dart:2807)
I/flutter (17478): #17     BuildOwner.buildScope (package:flutter/src/widgets/framework.dart:3111)
I/flutter (17478): #18     WidgetsBinding.drawFrame (package:flutter/src/widgets/binding.dart:1571)
I/flutter (17478): #19     RendererBinding._handlePersistentFrameCallback (package:flutter/src/rendering/binding.dart:509)
I/flutter (17478): #20     SchedulerBinding._invokeFrameCallback (package:flutter/src/scheduler/binding.dart:1430)
I/flutter (17478): #21     SchedulerBinding.handleDrawFrame (package:flutter/src/scheduler/binding.dart:1345)
I/flutter (17478): #22     LiveTestWidgetsFlutterBinding.handleDrawFrame (package:flutter_test/src/binding.dart:2811)
I/flutter (17478): #23     SchedulerBinding._handleDrawFrame (package:flutter/src/scheduler/binding.dart:1198)
I/flutter (17478): #27     _invoke (dart:ui/hooks.dart:425)
I/flutter (17478): #28     PlatformDispatcher._drawFrame (dart:ui/platform_dispatcher.dart:447)
I/flutter (17478): #29     _drawFrame (dart:ui/hooks.dart:395)
I/flutter (17478): (elided 3 frames from dart:async)
[spm]: ProfilerData event received.
I/flutter (17478): [SPM:perf] 698a51a  buildSpan: 5395µs
I/flutter (17478): [spm] Performance monitoring completed for 698a51a
I/flutter (17478): type 'MultiChildLayoutParentData' is not a subtype of type 'StackParentData' in type cast
I/flutter (17478): #0      Positioned.applyParentData (package:flutter/src/widgets/basic.dart:5171)
I/flutter (17478): #1      RenderObjectElement._updateParentData (package:flutter/src/widgets/framework.dart:6901)
I/flutter (17478): #2      RenderObjectElement.attachRenderObject (package:flutter/src/widgets/framework.dart:6945)
I/flutter (17478): #3      RenderObjectElement.mount (package:flutter/src/widgets/framework.dart:6801)
I/flutter (17478): #4      SingleChildRenderObjectElement.mount (package:flutter/src/widgets/framework.dart:7114)
I/flutter (17478): #5      Element.inflateWidget (package:flutter/src/widgets/framework.dart:4587)
I/flutter (17478): #6      Element.updateChild (package:flutter/src/widgets/framework.dart:4059)
I/flutter (17478): #7      ComponentElement.performRebuild (package:flutter/src/widgets/framework.dart:5841)
I/flutter (17478): #8      Element.rebuild (package:flutter/src/widgets/framework.dart:5529)
I/flutter (17478): #9      ComponentElement._firstBuild (package:flutter/src/widgets/framework.dart:5799)
I/flutter (17478): #10     ComponentElement.mount (package:flutter/src/widgets/framework.dart:5793)
I/flutter (17478): #11     Element.inflateWidget (package:flutter/src/widgets/framework.dart:4587)
I/flutter (17478): #12     Element.updateChild (package:flutter/src/widgets/framework.dart:4053)
I/flutter (17478): #13     ComponentElement.performRebuild (package:flutter/src/widgets/framework.dart:5841)
I/flutter (17478): #14     StatefulElement.performRebuild (package:flutter/src/widgets/framework.dart:5982)
I/flutter (17478): #15     Element.rebuild (package:flutter/src/widgets/framework.dart:5529)
I/flutter (17478): #16     BuildScope._tryRebuild (package:flutter/src/widgets/framework.dart:2750)
I/flutter (17478): #17     BuildScope._flushDirtyElements (package:flutter/src/widgets/framework.dart:2807)
I/flutter (17478): #18     BuildOwner.buildScope (package:flutter/src/widgets/framework.dart:3111)
I/flutter (17478): #19     WidgetsBinding.drawFrame (package:flutter/src/widgets/binding.dart:1571)
I/flutter (17478): #20     RendererBinding._handlePersistentFrameCallback (package:flutter/src/rendering/binding.dart:509)
I/flutter (17478): #21     SchedulerBinding._invokeFrameCallback (package:flutter/src/scheduler/binding.dart:1430)
I/flutter (17478): #22     SchedulerBinding.handleDrawFrame (package:flutter/src/scheduler/binding.dart:1345)
I/flutter (17478): #23     LiveTestWidgetsFlutterBinding.handleDrawFrame (package:flutter_test/src/binding.dart:2811)
I/flutter (17478): #24     SchedulerBinding._handleDrawFrame (package:flutter/src/scheduler/binding.dart:1198)
I/flutter (17478): #28     _invoke (dart:ui/hooks.dart:425)
I/flutter (17478): #29     PlatformDispatcher._drawFrame (dart:ui/platform_dispatcher.dart:447)
I/flutter (17478): #30     _drawFrame (dart:ui/hooks.dart:395)
I/flutter (17478): (elided 3 frames from dart:async)
I/flutter (17478): type 'MultiChildLayoutParentData' is not a subtype of type 'StackParentData' in type cast
I/flutter (17478): #0      Positioned.applyParentData (package:flutter/src/widgets/basic.dart:5171)
I/flutter (17478): #1      RenderObjectElement._updateParentData (package:flutter/src/widgets/framework.dart:6901)
I/flutter (17478): #2      RenderObjectElement.attachRenderObject (package:flutter/src/widgets/framework.dart:6945)
I/flutter (17478): #3      RenderObjectElement.mount (package:flutter/src/widgets/framework.dart:6801)
I/flutter (17478): #4      Element.inflateWidget (package:flutter/src/widgets/framework.dart:4587)
I/flutter (17478): #5      Element.updateChild (package:flutter/src/widgets/framework.dart:4059)
I/flutter (17478): #6      ComponentElement.performRebuild (package:flutter/src/widgets/framework.dart:5858)
I/flutter (17478): #7      Element.rebuild (package:flutter/src/widgets/framework.dart:5529)
I/flutter (17478): #8      ComponentElement._firstBuild (package:flutter/src/widgets/framework.dart:5799)
I/flutter (17478): #9      ComponentElement.mount (package:flutter/src/widgets/framework.dart:5793)
I/flutter (17478): #10     Element.inflateWidget (package:flutter/src/widgets/framework.dart:4587)
I/flutter (17478): #11     Element.updateChild (package:flutter/src/widgets/framework.dart:4053)
I/flutter (17478): #12     ComponentElement.performRebuild (package:flutter/src/widgets/framework.dart:5841)
I/flutter (17478): #13     StatefulElement.performRebuild (package:flutter/src/widgets/framework.dart:5982)
I/flutter (17478): #14     Element.rebuild (package:flutter/src/widgets/framework.dart:5529)
I/flutter (17478): #15     BuildScope._tryRebuild (package:flutter/src/widgets/framework.dart:2750)
I/flutter (17478): #16     BuildScope._flushDirtyElements (package:flutter/src/widgets/framework.dart:2807)
I/flutter (17478): #17     BuildOwner.buildScope (package:flutter/src/widgets/framework.dart:3111)
I/flutter (17478): #18     WidgetsBinding.drawFrame (package:flutter/src/widgets/binding.dart:1571)
I/flutter (17478): #19     RendererBinding._handlePersistentFrameCallback (package:flutter/src/rendering/binding.dart:509)
I/flutter (17478): #20     SchedulerBinding._invokeFrameCallback (package:flutter/src/scheduler/binding.dart:1430)
I/flutter (17478): #21     SchedulerBinding.handleDrawFrame (package:flutter/src/scheduler/binding.dart:1345)
I/flutter (17478): #22     LiveTestWidgetsFlutterBinding.handleDrawFrame (package:flutter_test/src/binding.dart:2811)
I/flutter (17478): #23     SchedulerBinding._handleDrawFrame (package:flutter/src/scheduler/binding.dart:1198)
I/flutter (17478): #27     _invoke (dart:ui/hooks.dart:425)
I/flutter (17478): #28     PlatformDispatcher._drawFrame (dart:ui/platform_dispatcher.dart:447)
I/flutter (17478): #29     _drawFrame (dart:ui/hooks.dart:395)
I/flutter (17478): (elided 3 frames from dart:async)
I/flutter (17478): [SPM:perf] 698a51a  buildSpan: 5427µs
I/flutter (17478): [spm] Performance monitoring completed for 698a51a
[spm]: ProfilerData event received.
I/flutter (17478): type 'MultiChildLayoutParentData' is not a subtype of type 'StackParentData' in type cast
I/flutter (17478): #0      Positioned.applyParentData (package:flutter/src/widgets/basic.dart:5171)
I/flutter (17478): #1      RenderObjectElement._updateParentData (package:flutter/src/widgets/framework.dart:6901)
I/flutter (17478): #2      RenderObjectElement.attachRenderObject (package:flutter/src/widgets/framework.dart:6945)
I/flutter (17478): #3      RenderObjectElement.mount (package:flutter/src/widgets/framework.dart:6801)
I/flutter (17478): #4      SingleChildRenderObjectElement.mount (package:flutter/src/widgets/framework.dart:7114)
I/flutter (17478): #5      Element.inflateWidget (package:flutter/src/widgets/framework.dart:4587)
I/flutter (17478): #6      Element.updateChild (package:flutter/src/widgets/framework.dart:4059)
I/flutter (17478): #7      ComponentElement.performRebuild (package:flutter/src/widgets/framework.dart:5841)
I/flutter (17478): #8      Element.rebuild (package:flutter/src/widgets/framework.dart:5529)
I/flutter (17478): #9      ComponentElement._firstBuild (package:flutter/src/widgets/framework.dart:5799)
I/flutter (17478): #10     ComponentElement.mount (package:flutter/src/widgets/framework.dart:5793)
I/flutter (17478): #11     Element.inflateWidget (package:flutter/src/widgets/framework.dart:4587)
I/flutter (17478): #12     Element.updateChild (package:flutter/src/widgets/framework.dart:4053)
I/flutter (17478): #13     ComponentElement.performRebuild (package:flutter/src/widgets/framework.dart:5841)
I/flutter (17478): #14     StatefulElement.performRebuild (package:flutter/src/widgets/framework.dart:5982)
I/flutter (17478): #15     Element.rebuild (package:flutter/src/widgets/framework.dart:5529)
I/flutter (17478): #16     BuildScope._tryRebuild (package:flutter/src/widgets/framework.dart:2750)
I/flutter (17478): #17     BuildScope._flushDirtyElements (package:flutter/src/widgets/framework.dart:2807)
I/flutter (17478): #18     BuildOwner.buildScope (package:flutter/src/widgets/framework.dart:3111)
I/flutter (17478): #19     WidgetsBinding.drawFrame (package:flutter/src/widgets/binding.dart:1571)
I/flutter (17478): #20     RendererBinding._handlePersistentFrameCallback (package:flutter/src/rendering/binding.dart:509)
I/flutter (17478): #21     SchedulerBinding._invokeFrameCallback (package:flutter/src/scheduler/binding.dart:1430)
I/flutter (17478): #22     SchedulerBinding.handleDrawFrame (package:flutter/src/scheduler/binding.dart:1345)
I/flutter (17478): #23     LiveTestWidgetsFlutterBinding.handleDrawFrame (package:flutter_test/src/binding.dart:2811)
I/flutter (17478): #24     SchedulerBinding._handleDrawFrame (package:flutter/src/scheduler/binding.dart:1198)
I/flutter (17478): #28     _invoke (dart:ui/hooks.dart:425)
I/flutter (17478): #29     PlatformDispatcher._drawFrame (dart:ui/platform_dispatcher.dart:447)
I/flutter (17478): #30     _drawFrame (dart:ui/hooks.dart:395)
I/flutter (17478): (elided 3 frames from dart:async)
I/flutter (17478): type 'MultiChildLayoutParentData' is not a subtype of type 'StackParentData' in type cast
I/flutter (17478): #0      Positioned.applyParentData (package:flutter/src/widgets/basic.dart:5171)
I/flutter (17478): #1      RenderObjectElement._updateParentData (package:flutter/src/widgets/framework.dart:6901)
I/flutter (17478): #2      RenderObjectElement.attachRenderObject (package:flutter/src/widgets/framework.dart:6945)
I/flutter (17478): #3      RenderObjectElement.mount (package:flutter/src/widgets/framework.dart:6801)
I/flutter (17478): #4      Element.inflateWidget (package:flutter/src/widgets/framework.dart:4587)
I/flutter (17478): #5      Element.updateChild (package:flutter/src/widgets/framework.dart:4059)
I/flutter (17478): #6      ComponentElement.performRebuild (package:flutter/src/widgets/framework.dart:5858)
I/flutter (17478): #7      Element.rebuild (package:flutter/src/widgets/framework.dart:5529)
I/flutter (17478): #8      ComponentElement._firstBuild (package:flutter/src/widgets/framework.dart:5799)
I/flutter (17478): #9      ComponentElement.mount (package:flutter/src/widgets/framework.dart:5793)
I/flutter (17478): #10     Element.inflateWidget (package:flutter/src/widgets/framework.dart:4587)
I/flutter (17478): #11     Element.updateChild (package:flutter/src/widgets/framework.dart:4053)
I/flutter (17478): #12     ComponentElement.performRebuild (package:flutter/src/widgets/framework.dart:5841)
I/flutter (17478): #13     StatefulElement.performRebuild (package:flutter/src/widgets/framework.dart:5982)
I/flutter (17478): #14     Element.rebuild (package:flutter/src/widgets/framework.dart:5529)
I/flutter (17478): #15     BuildScope._tryRebuild (package:flutter/src/widgets/framework.dart:2750)
I/flutter (17478): #16     BuildScope._flushDirtyElements (package:flutter/src/widgets/framework.dart:2807)
I/flutter (17478): #17     BuildOwner.buildScope (package:flutter/src/widgets/framework.dart:3111)
I/flutter (17478): #18     WidgetsBinding.drawFrame (package:flutter/src/widgets/binding.dart:1571)
I/flutter (17478): #19     RendererBinding._handlePersistentFrameCallback (package:flutter/src/rendering/binding.dart:509)
I/flutter (17478): #20     SchedulerBinding._invokeFrameCallback (package:flutter/src/scheduler/binding.dart:1430)
I/flutter (17478): #21     SchedulerBinding.handleDrawFrame (package:flutter/src/scheduler/binding.dart:1345)
I/flutter (17478): #22     LiveTestWidgetsFlutterBinding.handleDrawFrame (package:flutter_test/src/binding.dart:2811)
I/flutter (17478): #23     SchedulerBinding._handleDrawFrame (package:flutter/src/scheduler/binding.dart:1198)
I/flutter (17478): #27     _invoke (dart:ui/hooks.dart:425)
I/flutter (17478): #28     PlatformDispatcher._drawFrame (dart:ui/platform_dispatcher.dart:447)
I/flutter (17478): #29     _drawFrame (dart:ui/hooks.dart:395)
I/flutter (17478): (elided 3 frames from dart:async)
I/flutter (17478): [SPM:perf] 698a51a  buildSpan: 5447µs
I/flutter (17478): [spm] Performance monitoring completed for 698a51a
[spm]: ProfilerData event received.
I/flutter (17478): type 'MultiChildLayoutParentData' is not a subtype of type 'StackParentData' in type cast
I/flutter (17478): #0      Positioned.applyParentData (package:flutter/src/widgets/basic.dart:5171)
I/flutter (17478): #1      RenderObjectElement._updateParentData (package:flutter/src/widgets/framework.dart:6901)
I/flutter (17478): #2      RenderObjectElement.attachRenderObject (package:flutter/src/widgets/framework.dart:6945)
I/flutter (17478): #3      RenderObjectElement.mount (package:flutter/src/widgets/framework.dart:6801)
I/flutter (17478): #4      SingleChildRenderObjectElement.mount (package:flutter/src/widgets/framework.dart:7114)
I/flutter (17478): #5      Element.inflateWidget (package:flutter/src/widgets/framework.dart:4587)
I/flutter (17478): #6      Element.updateChild (package:flutter/src/widgets/framework.dart:4059)
I/flutter (17478): #7      ComponentElement.performRebuild (package:flutter/src/widgets/framework.dart:5841)
I/flutter (17478): #8      Element.rebuild (package:flutter/src/widgets/framework.dart:5529)
I/flutter (17478): #9      ComponentElement._firstBuild (package:flutter/src/widgets/framework.dart:5799)
I/flutter (17478): #10     ComponentElement.mount (package:flutter/src/widgets/framework.dart:5793)
I/flutter (17478): #11     Element.inflateWidget (package:flutter/src/widgets/framework.dart:4587)
I/flutter (17478): #12     Element.updateChild (package:flutter/src/widgets/framework.dart:4053)
I/flutter (17478): #13     ComponentElement.performRebuild (package:flutter/src/widgets/framework.dart:5841)
I/flutter (17478): #14     StatefulElement.performRebuild (package:flutter/src/widgets/framework.dart:5982)
I/flutter (17478): #15     Element.rebuild (package:flutter/src/widgets/framework.dart:5529)
I/flutter (17478): #16     BuildScope._tryRebuild (package:flutter/src/widgets/framework.dart:2750)
I/flutter (17478): #17     BuildScope._flushDirtyElements (package:flutter/src/widgets/framework.dart:2807)
I/flutter (17478): #18     BuildOwner.buildScope (package:flutter/src/widgets/framework.dart:3111)
I/flutter (17478): #19     WidgetsBinding.drawFrame (package:flutter/src/widgets/binding.dart:1571)
I/flutter (17478): #20     RendererBinding._handlePersistentFrameCallback (package:flutter/src/rendering/binding.dart:509)
I/flutter (17478): #21     SchedulerBinding._invokeFrameCallback (package:flutter/src/scheduler/binding.dart:1430)
I/flutter (17478): #22     SchedulerBinding.handleDrawFrame (package:flutter/src/scheduler/binding.dart:1345)
I/flutter (17478): #23     LiveTestWidgetsFlutterBinding.handleDrawFrame (package:flutter_test/src/binding.dart:2811)
I/flutter (17478): #24     SchedulerBinding._handleDrawFrame (package:flutter/src/scheduler/binding.dart:1198)
I/flutter (17478): #28     _invoke (dart:ui/hooks.dart:425)
I/flutter (17478): #29     PlatformDispatcher._drawFrame (dart:ui/platform_dispatcher.dart:447)
I/flutter (17478): #30     _drawFrame (dart:ui/hooks.dart:395)
I/flutter (17478): (elided 3 frames from dart:async)
I/flutter (17478): type 'MultiChildLayoutParentData' is not a subtype of type 'StackParentData' in type cast
I/flutter (17478): #0      Positioned.applyParentData (package:flutter/src/widgets/basic.dart:5171)
I/flutter (17478): #1      RenderObjectElement._updateParentData (package:flutter/src/widgets/framework.dart:6901)
I/flutter (17478): #2      RenderObjectElement.attachRenderObject (package:flutter/src/widgets/framework.dart:6945)
I/flutter (17478): #3      RenderObjectElement.mount (package:flutter/src/widgets/framework.dart:6801)
I/flutter (17478): #4      Element.inflateWidget (package:flutter/src/widgets/framework.dart:4587)
I/flutter (17478): #5      Element.updateChild (package:flutter/src/widgets/framework.dart:4059)
I/flutter (17478): #6      ComponentElement.performRebuild (package:flutter/src/widgets/framework.dart:5858)
I/flutter (17478): #7      Element.rebuild (package:flutter/src/widgets/framework.dart:5529)
I/flutter (17478): #8      ComponentElement._firstBuild (package:flutter/src/widgets/framework.dart:5799)
I/flutter (17478): #9      ComponentElement.mount (package:flutter/src/widgets/framework.dart:5793)
I/flutter (17478): #10     Element.inflateWidget (package:flutter/src/widgets/framework.dart:4587)
I/flutter (17478): #11     Element.updateChild (package:flutter/src/widgets/framework.dart:4053)
I/flutter (17478): #12     ComponentElement.performRebuild (package:flutter/src/widgets/framework.dart:5841)
I/flutter (17478): #13     StatefulElement.performRebuild (package:flutter/src/widgets/framework.dart:5982)
I/flutter (17478): #14     Element.rebuild (package:flutter/src/widgets/framework.dart:5529)
I/flutter (17478): #15     BuildScope._tryRebuild (package:flutter/src/widgets/framework.dart:2750)
I/flutter (17478): #16     BuildScope._flushDirtyElements (package:flutter/src/widgets/framework.dart:2807)
I/flutter (17478): #17     BuildOwner.buildScope (package:flutter/src/widgets/framework.dart:3111)
I/flutter (17478): #18     WidgetsBinding.drawFrame (package:flutter/src/widgets/binding.dart:1571)
I/flutter (17478): #19     RendererBinding._handlePersistentFrameCallback (package:flutter/src/rendering/binding.dart:509)
I/flutter (17478): #20     SchedulerBinding._invokeFrameCallback (package:flutter/src/scheduler/binding.dart:1430)
I/flutter (17478): #21     SchedulerBinding.handleDrawFrame (package:flutter/src/scheduler/binding.dart:1345)
I/flutter (17478): #22     LiveTestWidgetsFlutterBinding.handleDrawFrame (package:flutter_test/src/binding.dart:2811)
I/flutter (17478): #23     SchedulerBinding._handleDrawFrame (package:flutter/src/scheduler/binding.dart:1198)
I/flutter (17478): #27     _invoke (dart:ui/hooks.dart:425)
I/flutter (17478): #28     PlatformDispatcher._drawFrame (dart:ui/platform_dispatcher.dart:447)
I/flutter (17478): #29     _drawFrame (dart:ui/hooks.dart:395)
I/flutter (17478): (elided 3 frames from dart:async)
[spm]: ProfilerData event received.
I/flutter (17478): [SPM:perf] 698a51a  buildSpan: 5369µs
I/flutter (17478): [spm] Performance monitoring completed for 698a51a
I/flutter (17478): type 'MultiChildLayoutParentData' is not a subtype of type 'StackParentData' in type cast
I/flutter (17478): #0      Positioned.applyParentData (package:flutter/src/widgets/basic.dart:5171)
I/flutter (17478): #1      RenderObjectElement._updateParentData (package:flutter/src/widgets/framework.dart:6901)
I/flutter (17478): #2      RenderObjectElement.attachRenderObject (package:flutter/src/widgets/framework.dart:6945)
I/flutter (17478): #3      RenderObjectElement.mount (package:flutter/src/widgets/framework.dart:6801)
I/flutter (17478): #4      SingleChildRenderObjectElement.mount (package:flutter/src/widgets/framework.dart:7114)
I/flutter (17478): #5      Element.inflateWidget (package:flutter/src/widgets/framework.dart:4587)
I/flutter (17478): #6      Element.updateChild (package:flutter/src/widgets/framework.dart:4059)
I/flutter (17478): #7      ComponentElement.performRebuild (package:flutter/src/widgets/framework.dart:5841)
I/flutter (17478): #8      Element.rebuild (package:flutter/src/widgets/framework.dart:5529)
I/flutter (17478): #9      ComponentElement._firstBuild (package:flutter/src/widgets/framework.dart:5799)
I/flutter (17478): #10     ComponentElement.mount (package:flutter/src/widgets/framework.dart:5793)
I/flutter (17478): #11     Element.inflateWidget (package:flutter/src/widgets/framework.dart:4587)
I/flutter (17478): #12     Element.updateChild (package:flutter/src/widgets/framework.dart:4053)
I/flutter (17478): #13     ComponentElement.performRebuild (package:flutter/src/widgets/framework.dart:5841)
I/flutter (17478): #14     StatefulElement.performRebuild (package:flutter/src/widgets/framework.dart:5982)
I/flutter (17478): #15     Element.rebuild (package:flutter/src/widgets/framework.dart:5529)
I/flutter (17478): #16     BuildScope._tryRebuild (package:flutter/src/widgets/framework.dart:2750)
I/flutter (17478): #17     BuildScope._flushDirtyElements (package:flutter/src/widgets/framework.dart:2807)
I/flutter (17478): #18     BuildOwner.buildScope (package:flutter/src/widgets/framework.dart:3111)
I/flutter (17478): #19     WidgetsBinding.drawFrame (package:flutter/src/widgets/binding.dart:1571)
I/flutter (17478): #20     RendererBinding._handlePersistentFrameCallback (package:flutter/src/rendering/binding.dart:509)
I/flutter (17478): #21     SchedulerBinding._invokeFrameCallback (package:flutter/src/scheduler/binding.dart:1430)
I/flutter (17478): #22     SchedulerBinding.handleDrawFrame (package:flutter/src/scheduler/binding.dart:1345)
I/flutter (17478): #23     LiveTestWidgetsFlutterBinding.handleDrawFrame (package:flutter_test/src/binding.dart:2811)
I/flutter (17478): #24     SchedulerBinding._handleDrawFrame (package:flutter/src/scheduler/binding.dart:1198)
I/flutter (17478): #28     _invoke (dart:ui/hooks.dart:425)
I/flutter (17478): #29     PlatformDispatcher._drawFrame (dart:ui/platform_dispatcher.dart:447)
I/flutter (17478): #30     _drawFrame (dart:ui/hooks.dart:395)
I/flutter (17478): (elided 3 frames from dart:async)
I/flutter (17478): type 'MultiChildLayoutParentData' is not a subtype of type 'StackParentData' in type cast
I/flutter (17478): #0      Positioned.applyParentData (package:flutter/src/widgets/basic.dart:5171)
I/flutter (17478): #1      RenderObjectElement._updateParentData (package:flutter/src/widgets/framework.dart:6901)
I/flutter (17478): #2      RenderObjectElement.attachRenderObject (package:flutter/src/widgets/framework.dart:6945)
I/flutter (17478): #3      RenderObjectElement.mount (package:flutter/src/widgets/framework.dart:6801)
I/flutter (17478): #4      Element.inflateWidget (package:flutter/src/widgets/framework.dart:4587)
I/flutter (17478): #5      Element.updateChild (package:flutter/src/widgets/framework.dart:4059)
I/flutter (17478): #6      ComponentElement.performRebuild (package:flutter/src/widgets/framework.dart:5858)
I/flutter (17478): #7      Element.rebuild (package:flutter/src/widgets/framework.dart:5529)
I/flutter (17478): #8      ComponentElement._firstBuild (package:flutter/src/widgets/framework.dart:5799)
I/flutter (17478): #9      ComponentElement.mount (package:flutter/src/widgets/framework.dart:5793)
I/flutter (17478): #10     Element.inflateWidget (package:flutter/src/widgets/framework.dart:4587)
I/flutter (17478): #11     Element.updateChild (package:flutter/src/widgets/framework.dart:4053)
I/flutter (17478): #12     ComponentElement.performRebuild (package:flutter/src/widgets/framework.dart:5841)
I/flutter (17478): #13     StatefulElement.performRebuild (package:flutter/src/widgets/framework.dart:5982)
I/flutter (17478): #14     Element.rebuild (package:flutter/src/widgets/framework.dart:5529)
I/flutter (17478): #15     BuildScope._tryRebuild (package:flutter/src/widgets/framework.dart:2750)
I/flutter (17478): #16     BuildScope._flushDirtyElements (package:flutter/src/widgets/framework.dart:2807)
I/flutter (17478): #17     BuildOwner.buildScope (package:flutter/src/widgets/framework.dart:3111)
I/flutter (17478): #18     WidgetsBinding.drawFrame (package:flutter/src/widgets/binding.dart:1571)
I/flutter (17478): #19     RendererBinding._handlePersistentFrameCallback (package:flutter/src/rendering/binding.dart:509)
I/flutter (17478): #20     SchedulerBinding._invokeFrameCallback (package:flutter/src/scheduler/binding.dart:1430)
I/flutter (17478): #21     SchedulerBinding.handleDrawFrame (package:flutter/src/scheduler/binding.dart:1345)
I/flutter (17478): #22     LiveTestWidgetsFlutterBinding.handleDrawFrame (package:flutter_test/src/binding.dart:2811)
I/flutter (17478): #23     SchedulerBinding._handleDrawFrame (package:flutter/src/scheduler/binding.dart:1198)
I/flutter (17478): #27     _invoke (dart:ui/hooks.dart:425)
I/flutter (17478): #28     PlatformDispatcher._drawFrame (dart:ui/platform_dispatcher.dart:447)
I/flutter (17478): #29     _drawFrame (dart:ui/hooks.dart:395)
I/flutter (17478): (elided 3 frames from dart:async)
[spm]: ProfilerData event received.
I/flutter (17478): [SPM:perf] 698a51a  buildSpan: 5670µs
I/flutter (17478): [spm] Performance monitoring completed for 698a51a
I/flutter (17478): type 'MultiChildLayoutParentData' is not a subtype of type 'StackParentData' in type cast
I/flutter (17478): #0      Positioned.applyParentData (package:flutter/src/widgets/basic.dart:5171)
I/flutter (17478): #1      RenderObjectElement._updateParentData (package:flutter/src/widgets/framework.dart:6901)
I/flutter (17478): #2      RenderObjectElement.attachRenderObject (package:flutter/src/widgets/framework.dart:6945)
I/flutter (17478): #3      RenderObjectElement.mount (package:flutter/src/widgets/framework.dart:6801)
I/flutter (17478): #4      SingleChildRenderObjectElement.mount (package:flutter/src/widgets/framework.dart:7114)
I/flutter (17478): #5      Element.inflateWidget (package:flutter/src/widgets/framework.dart:4587)
I/flutter (17478): #6      Element.updateChild (package:flutter/src/widgets/framework.dart:4059)
I/flutter (17478): #7      ComponentElement.performRebuild (package:flutter/src/widgets/framework.dart:5841)
I/flutter (17478): #8      Element.rebuild (package:flutter/src/widgets/framework.dart:5529)
I/flutter (17478): #9      ComponentElement._firstBuild (package:flutter/src/widgets/framework.dart:5799)
I/flutter (17478): #10     ComponentElement.mount (package:flutter/src/widgets/framework.dart:5793)
I/flutter (17478): #11     Element.inflateWidget (package:flutter/src/widgets/framework.dart:4587)
I/flutter (17478): #12     Element.updateChild (package:flutter/src/widgets/framework.dart:4053)
I/flutter (17478): #13     ComponentElement.performRebuild (package:flutter/src/widgets/framework.dart:5841)
I/flutter (17478): #14     StatefulElement.performRebuild (package:flutter/src/widgets/framework.dart:5982)
I/flutter (17478): #15     Element.rebuild (package:flutter/src/widgets/framework.dart:5529)
I/flutter (17478): #16     BuildScope._tryRebuild (package:flutter/src/widgets/framework.dart:2750)
I/flutter (17478): #17     BuildScope._flushDirtyElements (package:flutter/src/widgets/framework.dart:2807)
I/flutter (17478): #18     BuildOwner.buildScope (package:flutter/src/widgets/framework.dart:3111)
I/flutter (17478): #19     WidgetsBinding.drawFrame (package:flutter/src/widgets/binding.dart:1571)
I/flutter (17478): #20     RendererBinding._handlePersistentFrameCallback (package:flutter/src/rendering/binding.dart:509)
I/flutter (17478): #21     SchedulerBinding._invokeFrameCallback (package:flutter/src/scheduler/binding.dart:1430)
I/flutter (17478): #22     SchedulerBinding.handleDrawFrame (package:flutter/src/scheduler/binding.dart:1345)
I/flutter (17478): #23     LiveTestWidgetsFlutterBinding.handleDrawFrame (package:flutter_test/src/binding.dart:2811)
I/flutter (17478): #24     SchedulerBinding._handleDrawFrame (package:flutter/src/scheduler/binding.dart:1198)
I/flutter (17478): #28     _invoke (dart:ui/hooks.dart:425)
I/flutter (17478): #29     PlatformDispatcher._drawFrame (dart:ui/platform_dispatcher.dart:447)
I/flutter (17478): #30     _drawFrame (dart:ui/hooks.dart:395)
I/flutter (17478): (elided 3 frames from dart:async)
I/flutter (17478): type 'MultiChildLayoutParentData' is not a subtype of type 'StackParentData' in type cast
I/flutter (17478): #0      Positioned.applyParentData (package:flutter/src/widgets/basic.dart:5171)
I/flutter (17478): #1      RenderObjectElement._updateParentData (package:flutter/src/widgets/framework.dart:6901)
I/flutter (17478): #2      RenderObjectElement.attachRenderObject (package:flutter/src/widgets/framework.dart:6945)
I/flutter (17478): #3      RenderObjectElement.mount (package:flutter/src/widgets/framework.dart:6801)
I/flutter (17478): #4      Element.inflateWidget (package:flutter/src/widgets/framework.dart:4587)
I/flutter (17478): #5      Element.updateChild (package:flutter/src/widgets/framework.dart:4059)
I/flutter (17478): #6      ComponentElement.performRebuild (package:flutter/src/widgets/framework.dart:5858)
I/flutter (17478): #7      Element.rebuild (package:flutter/src/widgets/framework.dart:5529)
I/flutter (17478): #8      ComponentElement._firstBuild (package:flutter/src/widgets/framework.dart:5799)
I/flutter (17478): #9      ComponentElement.mount (package:flutter/src/widgets/framework.dart:5793)
I/flutter (17478): #10     Element.inflateWidget (package:flutter/src/widgets/framework.dart:4587)
I/flutter (17478): #11     Element.updateChild (package:flutter/src/widgets/framework.dart:4053)
I/flutter (17478): #12     ComponentElement.performRebuild (package:flutter/src/widgets/framework.dart:5841)
I/flutter (17478): #13     StatefulElement.performRebuild (package:flutter/src/widgets/framework.dart:5982)
I/flutter (17478): #14     Element.rebuild (package:flutter/src/widgets/framework.dart:5529)
I/flutter (17478): #15     BuildScope._tryRebuild (package:flutter/src/widgets/framework.dart:2750)
I/flutter (17478): #16     BuildScope._flushDirtyElements (package:flutter/src/widgets/framework.dart:2807)
I/flutter (17478): #17     BuildOwner.buildScope (package:flutter/src/widgets/framework.dart:3111)
I/flutter (17478): #18     WidgetsBinding.drawFrame (package:flutter/src/widgets/binding.dart:1571)
I/flutter (17478): #19     RendererBinding._handlePersistentFrameCallback (package:flutter/src/rendering/binding.dart:509)
I/flutter (17478): #20     SchedulerBinding._invokeFrameCallback (package:flutter/src/scheduler/binding.dart:1430)
I/flutter (17478): #21     SchedulerBinding.handleDrawFrame (package:flutter/src/scheduler/binding.dart:1345)
I/flutter (17478): #22     LiveTestWidgetsFlutterBinding.handleDrawFrame (package:flutter_test/src/binding.dart:2811)
I/flutter (17478): #23     SchedulerBinding._handleDrawFrame (package:flutter/src/scheduler/binding.dart:1198)
I/flutter (17478): #27     _invoke (dart:ui/hooks.dart:425)
I/flutter (17478): #28     PlatformDispatcher._drawFrame (dart:ui/platform_dispatcher.dart:447)
I/flutter (17478): #29     _drawFrame (dart:ui/hooks.dart:395)
I/flutter (17478): (elided 3 frames from dart:async)
[spm]: ProfilerData event received.
I/flutter (17478): [SPM:perf] 698a51a  buildSpan: 5451µs
I/flutter (17478): [spm] Performance monitoring completed for 698a51a
I/flutter (17478): Multiple exceptions (62) were detected during the running of the current test, and at least one was unexpected.
I/flutter (17478): #0      debugPrintStack (package:flutter/src/foundation/assertions.dart:1213)
I/flutter (17478): #1      FlutterError.dumpErrorToConsole (package:flutter/src/foundation/assertions.dart:1033)
I/flutter (17478): #2      _defaultTestExceptionReporter (package:flutter_test/src/test_exception_reporter.dart:29)
I/flutter (17478): #3      new IntegrationTestWidgetsFlutterBinding.<anonymous closure> (package:integration_test/integration_test.dart:91)
I/flutter (17478): #4      TestWidgetsFlutterBinding._createTestCompletionHandler.<anonymous closure> (package:flutter_test/src/binding.dart:1713)
I/flutter (17478): <asynchronous suspension>
I/flutter (17478): (elided 6 frames from dart:async)
I/flutter (17478): 01:10 +0: Performance Benchmark [E]
I/flutter (17478):   Test failed. See exception logs above.
I/flutter (17478):   The test description was: Performance Benchmark
I/flutter (17478):   
I/flutter (17478): 01:10 +0 -1: (tearDownAll)
I/flutter (17478): 01:11 +1 -1: Some tests failed.
Failure Details:
Failure in method: Performance Benchmark
Instance of 'FlutterErrorDetails'
end of failure 1



[spm]: Saved 30 profiler events to <ROOT>/dataset-new_samples/2907/redmi9t/raw/20260913-233913/rev_002_f4caa300/e14.jsonl
[spm]: Reverting injection...
46 issues found. (ran in 1.0s)
WARNING: Your Android app project: app located at: <ROOT>/android/app/build.gradle.kts
applies the Kotlin Gradle Plugin, which will cause build failures in future versions of Flutter. 
Please migrate your app to Built-in Kotlin using this guide: https://docs.flutter.dev/release/breaking-changes/migrate-to-built-in-kotlin/for-app-developers

VMServiceFlutterDriver: Connecting to Flutter application at http://127.0.0.1:43639/XCcyeDw2wD8=/
[spm]: Detected VM service URI: ws://127.0.0.1:43639/XCcyeDw2wD8=/ws
VMServiceFlutterDriver: Isolate found with number: 418572849288659
VMServiceFlutterDriver: Isolate 418572849288659 is runnable.
VMServiceFlutterDriver: Isolate is paused at start.
VMServiceFlutterDriver: Attempting to resume isolate
VMServiceFlutterDriver: Connected to Flutter application.
VMServiceFlutterDriver: request_data message is taking a long time to complete...