iso_ts,epoch,elapsed_s,batt_level,batt_status,batt_temp_c,soc_temp_c,current_ma,event
2026-09-18T11:27:35+03:00,1789720055,0,60,3,29.8,39.8,,run
2026-09-18T11:27:40+03:00,1789720060,5,60,3,29.8,38.9,,run
2026-09-18T11:27:45+03:00,1789720065,10,60,3,29.8,39.5,,run
2026-09-18T11:27:51+03:00,1789720071,16,60,3,29.8,38.0,,run
2026-09-18T11:27:56+03:00,1789720076,21,60,3,29.8,40.8,,run
2026-09-18T11:28:01+03:00,1789720081,26,60,3,29.8,38.9,,run
2026-09-18T11:28:06+03:00,1789720086,31,60,3,29.8,38.9,,run
2026-09-18T11:28:12+03:00,1789720092,37,60,3,29.8,39.5,,run
2026-09-18T11:28:17+03:00,1789720097,42,60,3,29.8,38.6,,run
2026-09-18T11:28:22+03:00,1789720102,47,60,3,29.8,38.9,,run
2026-09-18T11:28:27+03:00,1789720107,52,60,3,29.8,38.9,,run
2026-09-18T11:28:32+03:00,1789720112,57,60,3,29.8,38.9,,run
2026-09-18T11:28:38+03:00,1789720118,63,60,3,29.8,38.0,,run
2026-09-18T11:28:43+03:00,1789720123,68,60,3,29.8,38.3,,run
2026-09-18T11:28:48+03:00,1789720128,73,60,3,29.8,38.6,,run
2026-09-18T11:28:53+03:00,1789720133,78,60,3,29.8,38.3,,run
2026-09-18T11:28:59+03:00,1789720139,84,60,3,29.8,38.6,,run
2026-09-18T11:29:04+03:00,1789720144,89,60,3,29.8,38.6,,run
2026-09-18T11:29:09+03:00,1789720149,94,60,3,29.8,51.9,,run
2026-09-18T11:29:14+03:00,1789720154,99,60,3,29.8,40.2,,run
2026-09-18T11:29:20+03:00,1789720160,105,60,3,29.8,39.2,,run
2026-09-18T11:29:25+03:00,1789720165,110,60,3,29.8,39.2,,run
2026-09-18T11:29:30+03:00,1789720170,115,60,3,29.8,39.5,,run
2026-09-18T11:29:35+03:00,1789720175,120,60,3,29.8,38.9,,run
2026-09-18T11:29:40+03:00,1789720180,125,60,3,29.8,39.8,,run
2026-09-18T11:29:46+03:00,1789720186,131,60,3,29.8,39.2,,run
2026-09-18T11:29:51+03:00,1789720191,136,60,3,29.8,38.9,,run
2026-09-18T11:29:56+03:00,1789720196,141,60,3,29.8,38.6,,run
2026-09-18T11:30:01+03:00,1789720201,146,60,3,29.8,39.2,,run
2026-09-18T11:30:07+03:00,1789720207,152,60,3,29.8,38.6,,run
2026-09-18T11:30:12+03:00,1789720212,157,60,3,29.8,38.3,,run
2026-09-18T11:30:17+03:00,1789720217,162,60,3,29.8,38.6,,run
2026-09-18T11:30:22+03:00,1789720222,167,60,3,29.8,40.2,,run
2026-09-18T11:30:27+03:00,1789720227,172,60,3,29.8,49.4,,run
2026-09-18T11:30:33+03:00,1789720233,178,60,3,29.8,40.8,,run
2026-09-18T11:30:38+03:00,1789720238,183,60,3,29.8,39.5,,run
2026-09-18T11:30:43+03:00,1789720243,188,60,3,29.8,39.2,,run
2026-09-18T11:30:48+03:00,1789720248,193,60,3,29.8,38.9,,run
2026-09-18T11:30:54+03:00,1789720254,199,60,3,29.8,39.2,,run
2026-09-18T11:30:59+03:00,1789720259,204,60,3,29.8,39.8,,run
2026-09-18T11:31:04+03:00,1789720264,209,60,3,29.8,38.6,,run
2026-09-18T11:31:09+03:00,1789720269,214,60,3,29.8,40.2,,run
2026-09-18T11:31:15+03:00,1789720275,220,60,3,29.8,43.9,,run
2026-09-18T11:31:20+03:00,1789720280,225,60,3,29.8,40.2,,run
2026-09-18T11:31:25+03:00,1789720285,230,60,3,29.8,38.9,,run
2026-09-18T11:31:30+03:00,1789720290,235,60,3,29.8,39.2,,run
2026-09-18T11:31:36+03:00,1789720296,241,60,3,29.8,39.2,,run
2026-09-18T11:31:41+03:00,1789720301,246,60,3,29.8,39.2,,run
2026-09-18T11:31:46+03:00,1789720306,251,60,3,29.8,39.2,,run
2026-09-18T11:31:51+03:00,1789720311,256,60,3,29.8,39.2,,run
2026-09-18T11:31:57+03:00,1789720317,262,60,3,29.8,39.2,,run
2026-09-18T11:32:02+03:00,1789720322,267,60,3,29.8,38.6,,run
2026-09-18T11:32:07+03:00,1789720327,272,60,3,29.8,39.5,,run
2026-09-18T11:32:12+03:00,1789720332,277,60,3,29.8,39.8,,run
2026-09-18T11:32:17+03:00,1789720337,282,60,3,29.8,39.2,,run
2026-09-18T11:32:23+03:00,1789720343,288,60,3,29.8,39.2,,run
2026-09-18T11:32:28+03:00,1789720348,293,60,3,29.8,44.2,,run
2026-09-18T11:32:33+03:00,1789720353,298,60,3,29.8,47.6,,run
2026-09-18T11:32:38+03:00,1789720358,303,60,3,29.8,44.8,,run
2026-09-18T11:32:44+03:00,1789720364,309,60,3,29.8,40.2,,run
2026-09-18T11:32:49+03:00,1789720369,314,60,3,29.8,40.2,,run
2026-09-18T11:32:54+03:00,1789720374,319,60,3,29.8,39.2,,run
2026-09-18T11:32:59+03:00,1789720379,324,60,3,29.8,38.6,,run
2026-09-18T11:33:04+03:00,1789720384,329,60,3,29.8,38.6,,run
2026-09-18T11:33:10+03:00,1789720390,335,60,3,29.8,38.6,,run
2026-09-18T11:33:15+03:00,1789720395,340,60,3,29.8,47.3,,run
2026-09-18T11:33:20+03:00,1789720400,345,60,3,29.8,43.6,,run
2026-09-18T11:33:26+03:00,1789720406,351,60,3,29.8,40.2,,run
2026-09-18T11:33:31+03:00,1789720411,356,60,3,29.8,39.2,,run
2026-09-18T11:33:36+03:00,1789720416,361,60,3,29.8,38.6,,run
2026-09-18T11:33:41+03:00,1789720421,366,60,3,29.8,40.5,,run
2026-09-18T11:33:46+03:00,1789720426,371,60,3,29.8,39.2,,run
2026-09-18T11:33:52+03:00,1789720432,377,60,3,29.8,38.9,,run
2026-09-18T11:33:57+03:00,1789720437,382,60,3,29.8,39.5,,run
2026-09-18T11:34:02+03:00,1789720442,387,60,3,29.8,39.2,,run
2026-09-18T11:34:07+03:00,1789720447,392,60,3,29.8,38.3,,run
2026-09-18T11:34:13+03:00,1789720453,398,60,3,29.8,39.5,,run
2026-09-18T11:34:18+03:00,1789720458,403,60,3,29.8,39.2,,run
2026-09-18T11:34:23+03:00,1789720463,408,60,3,29.8,38.6,,run
2026-09-18T11:34:28+03:00,1789720468,413,60,3,29.8,39.2,,run
2026-09-18T11:34:33+03:00,1789720473,418,60,3,29.8,45.7,,run
2026-09-18T11:34:39+03:00,1789720479,424,60,3,29.8,45.1,,run
2026-09-18T11:34:44+03:00,1789720484,429,60,3,29.8,41.7,,run
2026-09-18T11:34:49+03:00,1789720489,434,60,3,29.8,38.9,,run
2026-09-18T11:34:54+03:00,1789720494,439,60,3,29.8,39.2,,run
2026-09-18T11:35:00+03:00,1789720500,445,60,3,29.8,38.9,,run
2026-09-18T11:35:05+03:00,1789720505,450,60,3,29.8,38.6,,run
2026-09-18T11:35:10+03:00,1789720510,455,60,3,29.8,38.3,,run
2026-09-18T11:35:15+03:00,1789720515,460,60,3,29.8,38.3,,run
2026-09-18T11:35:20+03:00,1789720520,465,59,3,29.9,51.0,,run
2026-09-18T11:35:26+03:00,1789720526,471,59,3,29.9,42.0,,run
2026-09-18T11:35:31+03:00,1789720531,476,59,3,29.9,39.5,,run
2026-09-18T11:35:36+03:00,1789720536,481,59,3,29.9,41.4,,run
2026-09-18T11:35:42+03:00,1789720542,487,59,3,29.9,40.2,,run
2026-09-18T11:35:47+03:00,1789720547,492,59,3,29.9,39.8,,run
2026-09-18T11:35:52+03:00,1789720552,497,59,3,29.9,39.5,,run
2026-09-18T11:35:57+03:00,1789720557,502,59,3,29.9,38.3,,run
2026-09-18T11:36:02+03:00,1789720562,507,59,3,29.9,38.6,,run
2026-09-18T11:36:08+03:00,1789720568,513,59,3,29.9,39.2,,run
2026-09-18T11:36:13+03:00,1789720573,518,59,3,29.9,38.6,,run
2026-09-18T11:36:18+03:00,1789720578,523,59,3,29.9,38.9,,run
2026-09-18T11:36:23+03:00,1789720583,528,59,3,29.9,39.2,,run
2026-09-18T11:36:29+03:00,1789720589,534,59,3,29.9,39.5,,run
2026-09-18T11:36:34+03:00,1789720594,539,59,3,29.9,39.8,,run
2026-09-18T11:36:39+03:00,1789720599,544,59,3,29.9,47.6,,run
2026-09-18T11:36:45+03:00,1789720605,550,59,3,29.9,44.5,,run
2026-09-18T11:36:50+03:00,1789720610,555,59,3,29.9,40.5,,run
2026-09-18T11:36:55+03:00,1789720615,560,59,3,29.9,40.8,,run
2026-09-18T11:37:00+03:00,1789720620,565,59,3,29.9,39.8,,run
2026-09-18T11:37:06+03:00,1789720626,571,59,3,29.9,39.8,,run
2026-09-18T11:37:11+03:00,1789720631,576,59,3,29.9,39.2,,run
2026-09-18T11:37:16+03:00,1789720636,581,59,3,29.9,38.3,,run
2026-09-18T11:37:21+03:00,1789720641,586,59,3,29.9,39.2,,run
2026-09-18T11:37:26+03:00,1789720646,591,59,3,29.9,51.9,,run
2026-09-18T11:37:32+03:00,1789720652,597,59,3,29.9,41.4,,run
2026-09-18T11:37:37+03:00,1789720657,602,59,3,29.9,40.2,,run
2026-09-18T11:37:42+03:00,1789720662,607,59,3,29.9,40.8,,run
2026-09-18T11:37:47+03:00,1789720667,612,59,3,29.9,40.5,,run
2026-09-18T11:37:53+03:00,1789720673,618,59,3,29.9,39.2,,run
2026-09-18T11:37:58+03:00,1789720678,623,59,3,29.9,38.6,,run
2026-09-18T11:38:03+03:00,1789720683,628,59,3,29.9,38.6,,run
2026-09-18T11:38:08+03:00,1789720688,633,59,3,29.9,39.2,,run
2026-09-18T11:38:13+03:00,1789720693,638,59,3,29.9,39.2,,run
2026-09-18T11:38:19+03:00,1789720699,644,59,3,29.9,38.6,,run
2026-09-18T11:38:24+03:00,1789720704,649,59,3,29.9,39.8,,run
2026-09-18T11:38:29+03:00,1789720709,654,59,3,29.9,40.5,,run
2026-09-18T11:38:34+03:00,1789720714,659,59,3,29.9,39.5,,run
2026-09-18T11:38:39+03:00,1789720719,664,59,3,29.9,41.4,,run
2026-09-18T11:38:45+03:00,1789720725,670,59,3,29.9,51.0,,run
2026-09-18T11:38:50+03:00,1789720730,675,59,3,29.9,40.8,,run
2026-09-18T11:38:55+03:00,1789720735,680,59,3,29.9,40.2,,run
2026-09-18T11:39:01+03:00,1789720741,686,59,3,29.9,39.5,,run
2026-09-18T11:39:06+03:00,1789720746,691,59,3,29.9,39.5,,run
2026-09-18T11:39:11+03:00,1789720751,696,59,3,29.9,38.3,,run
2026-09-18T11:39:16+03:00,1789720756,701,59,3,29.9,39.5,,run
2026-09-18T11:39:22+03:00,1789720762,707,59,3,29.9,38.6,,run
2026-09-18T11:39:27+03:00,1789720767,712,59,3,29.9,38.0,,run
2026-09-18T11:39:32+03:00,1789720772,717,59,3,29.9,51.9,,run
2026-09-18T11:39:37+03:00,1789720777,722,59,3,29.9,41.1,,run
2026-09-18T11:39:43+03:00,1789720783,728,59,3,29.9,40.2,,run
2026-09-18T11:39:48+03:00,1789720788,733,59,3,29.9,39.8,,run
2026-09-18T11:39:53+03:00,1789720793,738,59,3,29.9,39.2,,run
2026-09-18T11:39:58+03:00,1789720798,743,59,3,29.9,39.5,,run
2026-09-18T11:40:03+03:00,1789720803,748,59,3,29.9,39.5,,run
2026-09-18T11:40:09+03:00,1789720809,754,59,3,29.9,39.2,,run
2026-09-18T11:40:14+03:00,1789720814,759,59,3,29.9,39.5,,run
2026-09-18T11:40:19+03:00,1789720819,764,59,3,29.9,38.6,,run
2026-09-18T11:40:24+03:00,1789720824,769,59,3,29.9,38.6,,run
2026-09-18T11:40:30+03:00,1789720830,775,59,3,29.9,38.3,,run
2026-09-18T11:40:35+03:00,1789720835,780,59,3,29.9,39.8,,run
2026-09-18T11:40:40+03:00,1789720840,785,59,3,29.9,38.9,,run
2026-09-18T11:40:45+03:00,1789720845,790,59,3,29.9,40.2,,run
2026-09-18T11:40:50+03:00,1789720850,795,59,3,29.9,48.5,,run
2026-09-18T11:40:56+03:00,1789720856,801,59,3,29.9,40.2,,run
2026-09-18T11:41:01+03:00,1789720861,806,59,3,29.9,40.8,,run
2026-09-18T11:41:06+03:00,1789720866,811,59,3,29.9,39.2,,run
2026-09-18T11:41:11+03:00,1789720871,816,59,3,29.9,39.5,,run
2026-09-18T11:41:17+03:00,1789720877,822,59,3,29.9,39.2,,run
2026-09-18T11:41:22+03:00,1789720882,827,59,3,29.9,38.3,,run
2026-09-18T11:41:27+03:00,1789720887,832,59,3,29.9,38.9,,run
2026-09-18T11:41:32+03:00,1789720892,837,59,3,29.9,40.8,,run
2026-09-18T11:41:38+03:00,1789720898,843,59,3,29.9,44.2,,run
2026-09-18T11:41:43+03:00,1789720903,848,59,3,29.9,39.5,,run
2026-09-18T11:41:48+03:00,1789720908,853,59,3,29.9,39.2,,run
2026-09-18T11:41:53+03:00,1789720913,858,59,3,29.9,39.5,,run
2026-09-18T11:41:58+03:00,1789720918,863,59,3,29.9,39.5,,run
2026-09-18T11:42:04+03:00,1789720924,869,59,3,29.9,39.8,,run
2026-09-18T11:42:09+03:00,1789720929,874,59,3,29.9,39.5,,run
2026-09-18T11:42:14+03:00,1789720934,879,59,3,29.9,39.5,,run
2026-09-18T11:42:19+03:00,1789720939,884,59,3,29.9,39.2,,run
2026-09-18T11:42:25+03:00,1789720945,890,59,3,29.9,38.9,,run
2026-09-18T11:42:30+03:00,1789720950,895,59,3,29.9,39.2,,run
2026-09-18T11:42:35+03:00,1789720955,900,59,3,29.9,39.2,,run
2026-09-18T11:42:40+03:00,1789720960,905,59,3,29.9,38.6,,run
2026-09-18T11:42:45+03:00,1789720965,910,59,3,29.9,38.9,,run
2026-09-18T11:42:51+03:00,1789720971,916,59,3,29.9,47.9,,run
2026-09-18T11:42:56+03:00,1789720976,921,59,3,29.9,41.1,,run
2026-09-18T11:43:01+03:00,1789720981,926,59,3,29.9,40.8,,run
2026-09-18T11:43:07+03:00,1789720987,932,59,3,29.9,38.9,,run
2026-09-18T11:43:12+03:00,1789720992,937,59,3,29.9,39.8,,run
2026-09-18T11:43:17+03:00,1789720997,942,59,3,29.9,39.8,,run
2026-09-18T11:43:22+03:00,1789721002,947,59,3,29.9,38.3,,run
2026-09-18T11:43:27+03:00,1789721007,952,59,3,29.9,38.6,,run
2026-09-18T11:43:33+03:00,1789721013,958,59,3,29.9,38.0,,run
2026-09-18T11:43:38+03:00,1789721018,963,59,3,29.8,52.2,,run
2026-09-18T11:43:43+03:00,1789721023,968,59,3,29.8,40.5,,run
2026-09-18T11:43:48+03:00,1789721028,973,59,3,29.8,39.5,,run
2026-09-18T11:43:54+03:00,1789721034,979,59,3,29.8,39.5,,run
2026-09-18T11:43:59+03:00,1789721039,984,59,3,29.8,39.5,,run
2026-09-18T11:44:04+03:00,1789721044,989,59,3,29.8,39.5,,run
2026-09-18T11:44:09+03:00,1789721049,994,59,3,29.8,39.8,,run
2026-09-18T11:44:14+03:00,1789721054,999,59,3,29.8,39.8,,run
2026-09-18T11:44:20+03:00,1789721060,1005,59,3,29.8,38.9,,run
2026-09-18T11:44:25+03:00,1789721065,1010,59,3,29.8,38.6,,run
2026-09-18T11:44:30+03:00,1789721070,1015,59,3,29.8,39.8,,run
2026-09-18T11:44:35+03:00,1789721075,1020,59,3,29.8,38.9,,run
2026-09-18T11:44:41+03:00,1789721081,1026,59,3,29.8,40.2,,run
2026-09-18T11:44:46+03:00,1789721086,1031,59,3,29.8,39.8,,run
2026-09-18T11:44:51+03:00,1789721091,1036,59,3,29.8,42.3,,run
2026-09-18T11:44:56+03:00,1789721096,1041,59,3,29.8,45.7,,run
2026-09-18T11:45:02+03:00,1789721102,1047,59,3,29.8,42.9,,run
2026-09-18T11:45:07+03:00,1789721107,1052,59,3,29.8,39.8,,run
2026-09-18T11:45:12+03:00,1789721112,1057,59,3,29.8,38.6,,run
2026-09-18T11:45:17+03:00,1789721117,1062,59,3,29.8,38.9,,run
2026-09-18T11:45:22+03:00,1789721122,1067,59,3,29.8,38.0,,run
2026-09-18T11:45:28+03:00,1789721128,1073,59,3,29.8,42.9,,run
2026-09-18T11:45:33+03:00,1789721133,1078,59,3,29.8,39.2,,run
2026-09-18T11:45:38+03:00,1789721138,1083,59,3,29.8,51.3,,run
2026-09-18T11:45:43+03:00,1789721143,1088,59,3,29.8,44.8,,run
2026-09-18T11:45:49+03:00,1789721149,1094,59,3,29.8,40.5,,run
2026-09-18T11:45:54+03:00,1789721154,1099,59,3,29.8,39.5,,run
2026-09-18T11:45:59+03:00,1789721159,1104,59,3,29.8,39.2,,run
2026-09-18T11:46:04+03:00,1789721164,1109,58,3,30.0,39.8,,run
2026-09-18T11:46:10+03:00,1789721170,1115,58,3,30.0,39.8,,run
2026-09-18T11:46:15+03:00,1789721175,1120,58,3,30.0,39.2,,run
2026-09-18T11:46:20+03:00,1789721180,1125,58,3,30.0,38.9,,run
2026-09-18T11:46:25+03:00,1789721185,1130,58,3,30.0,38.9,,run
2026-09-18T11:46:30+03:00,1789721190,1135,58,3,30.0,38.6,,run
2026-09-18T11:46:36+03:00,1789721196,1141,58,3,30.0,39.5,,run
2026-09-18T11:46:41+03:00,1789721201,1146,58,3,30.0,39.8,,run
2026-09-18T11:46:46+03:00,1789721206,1151,58,3,30.0,39.2,,run
2026-09-18T11:46:51+03:00,1789721211,1156,58,3,30.0,45.4,,run
2026-09-18T11:46:57+03:00,1789721217,1162,58,3,30.0,48.5,,run
2026-09-18T11:47:02+03:00,1789721222,1167,58,3,30.0,41.1,,run
2026-09-18T11:47:07+03:00,1789721227,1172,58,3,30.0,40.5,,run
2026-09-18T11:47:13+03:00,1789721233,1178,58,3,30.0,39.8,,run
2026-09-18T11:47:18+03:00,1789721238,1183,58,3,30.0,38.9,,run
2026-09-18T11:47:23+03:00,1789721243,1188,58,3,30.0,38.6,,run
2026-09-18T11:47:28+03:00,1789721248,1193,58,3,30.0,39.5,,run
2026-09-18T11:47:33+03:00,1789721253,1198,58,3,30.0,39.5,,run
2026-09-18T11:47:39+03:00,1789721259,1204,58,3,30.0,38.0,,run
2026-09-18T11:47:44+03:00,1789721264,1209,58,3,30.0,51.0,,run
2026-09-18T11:47:49+03:00,1789721269,1214,58,3,30.0,40.5,,run
2026-09-18T11:47:54+03:00,1789721274,1219,58,3,30.0,40.2,,run
2026-09-18T11:48:00+03:00,1789721280,1225,58,3,30.0,40.8,,run
2026-09-18T11:48:05+03:00,1789721285,1230,58,3,30.0,39.2,,run
2026-09-18T11:48:10+03:00,1789721290,1235,58,3,30.0,39.8,,run
2026-09-18T11:48:15+03:00,1789721295,1240,58,3,30.0,39.2,,run
2026-09-18T11:48:20+03:00,1789721300,1245,58,3,30.0,38.9,,run
2026-09-18T11:48:26+03:00,1789721306,1251,58,3,30.0,38.9,,run
2026-09-18T11:48:31+03:00,1789721311,1256,58,3,30.0,39.5,,run
2026-09-18T11:48:36+03:00,1789721316,1261,58,3,30.0,38.9,,run
2026-09-18T11:48:41+03:00,1789721321,1266,58,3,30.0,38.6,,run
2026-09-18T11:48:47+03:00,1789721327,1272,58,3,30.0,40.2,,run
2026-09-18T11:48:52+03:00,1789721332,1277,58,3,30.0,38.6,,run
2026-09-18T11:48:57+03:00,1789721337,1282,58,3,30.0,42.9,,run
2026-09-18T11:49:02+03:00,1789721342,1287,58,3,30.0,42.6,,run
2026-09-18T11:49:08+03:00,1789721348,1293,58,3,30.0,41.1,,run
2026-09-18T11:49:13+03:00,1789721353,1298,58,3,30.0,39.5,,run
2026-09-18T11:49:18+03:00,1789721358,1303,58,3,30.0,39.2,,run
2026-09-18T11:49:23+03:00,1789721363,1308,58,3,30.0,49.7,,run
2026-09-18T11:49:29+03:00,1789721369,1314,58,3,30.0,41.4,,run
2026-09-18T11:49:34+03:00,1789721374,1319,58,3,30.0,40.8,,run
2026-09-18T11:49:39+03:00,1789721379,1324,58,3,30.0,39.8,,run
2026-09-18T11:49:44+03:00,1789721384,1329,58,3,30.0,39.5,,run
2026-09-18T11:49:50+03:00,1789721390,1335,58,3,30.0,39.2,,run
2026-09-18T11:49:55+03:00,1789721395,1340,58,3,30.0,38.9,,run
2026-09-18T11:50:00+03:00,1789721400,1345,58,3,30.0,39.5,,run
2026-09-18T11:50:05+03:00,1789721405,1350,58,3,30.0,39.2,,run
2026-09-18T11:50:10+03:00,1789721410,1355,58,3,30.0,38.6,,run
2026-09-18T11:50:16+03:00,1789721416,1361,58,3,30.0,38.9,,run
2026-09-18T11:50:21+03:00,1789721421,1366,58,3,30.0,39.2,,run
2026-09-18T11:50:26+03:00,1789721426,1371,58,3,30.0,38.9,,run
2026-09-18T11:50:31+03:00,1789721431,1376,58,3,30.0,38.9,,run
2026-09-18T11:50:37+03:00,1789721437,1382,58,3,30.0,42.3,,run
2026-09-18T11:50:42+03:00,1789721442,1387,58,3,30.0,48.8,,run
2026-09-18T11:50:47+03:00,1789721447,1392,58,3,30.0,44.5,,run
2026-09-18T11:50:52+03:00,1789721452,1397,58,3,30.0,39.8,,run
2026-09-18T11:50:57+03:00,1789721457,1402,58,3,30.0,38.9,,run
2026-09-18T11:51:03+03:00,1789721463,1408,58,3,30.0,41.4,,run
2026-09-18T11:51:08+03:00,1789721468,1413,58,3,30.0,44.5,,run
2026-09-18T11:51:13+03:00,1789721473,1418,58,3,30.0,40.8,,run
2026-09-18T11:51:18+03:00,1789721478,1423,58,3,30.0,38.9,,run
2026-09-18T11:51:24+03:00,1789721484,1429,58,3,30.0,40.2,,run
2026-09-18T11:51:29+03:00,1789721489,1434,58,3,30.0,39.2,,run
2026-09-18T11:51:34+03:00,1789721494,1439,58,3,30.0,39.5,,run
2026-09-18T11:51:39+03:00,1789721499,1444,58,3,30.0,38.9,,run
2026-09-18T11:51:45+03:00,1789721505,1450,58,3,30.0,39.5,,run
2026-09-18T11:51:50+03:00,1789721510,1455,58,3,30.0,39.5,,run
2026-09-18T11:51:55+03:00,1789721515,1460,58,3,30.0,38.9,,run
2026-09-18T11:52:00+03:00,1789721520,1465,58,3,30.0,39.5,,run
2026-09-18T11:52:05+03:00,1789721525,1470,58,3,30.0,38.0,,run
2026-09-18T11:52:11+03:00,1789721531,1476,58,3,30.0,38.6,,run
2026-09-18T11:52:16+03:00,1789721536,1481,58,3,30.0,38.9,,run
2026-09-18T11:52:21+03:00,1789721541,1486,58,3,30.0,49.4,,run
2026-09-18T11:52:27+03:00,1789721547,1492,58,3,30.0,39.8,,run
2026-09-18T11:52:32+03:00,1789721552,1497,58,3,30.0,39.8,,run
2026-09-18T11:52:37+03:00,1789721557,1502,58,3,30.0,38.9,,run
2026-09-18T11:52:42+03:00,1789721562,1507,58,3,30.0,38.6,,run
2026-09-18T11:52:47+03:00,1789721567,1512,58,3,30.0,38.9,,run
2026-09-18T11:52:53+03:00,1789721573,1518,58,3,29.8,38.0,,run
2026-09-18T11:52:58+03:00,1789721578,1523,58,3,29.8,39.2,,run
2026-09-18T11:53:03+03:00,1789721583,1528,58,3,29.8,39.8,,run
2026-09-18T11:53:08+03:00,1789721588,1533,58,3,29.8,44.5,,run
2026-09-18T11:53:14+03:00,1789721594,1539,58,3,29.8,39.8,,run
2026-09-18T11:53:19+03:00,1789721599,1544,58,3,29.8,47.3,,run
2026-09-18T11:53:24+03:00,1789721604,1549,58,3,29.8,41.1,,run
2026-09-18T11:53:29+03:00,1789721609,1554,58,3,29.8,40.2,,run
2026-09-18T11:53:35+03:00,1789721615,1560,58,3,29.9,39.5,,run
2026-09-18T11:53:40+03:00,1789721620,1565,58,3,29.9,40.5,,run
2026-09-18T11:53:45+03:00,1789721625,1570,58,3,29.9,39.8,,run
2026-09-18T11:53:50+03:00,1789721630,1575,58,3,29.9,38.9,,run
2026-09-18T11:53:55+03:00,1789721635,1580,58,3,29.9,39.8,,run
2026-09-18T11:54:01+03:00,1789721641,1586,58,3,29.9,38.6,,run
2026-09-18T11:54:06+03:00,1789721646,1591,58,3,29.9,39.8,,run
2026-09-18T11:54:11+03:00,1789721651,1596,58,3,29.9,39.5,,run
2026-09-18T11:54:16+03:00,1789721656,1601,58,3,29.9,39.8,,run
2026-09-18T11:54:22+03:00,1789721662,1607,58,3,29.9,46.7,,run
2026-09-18T11:54:27+03:00,1789721667,1612,58,3,29.9,42.0,,run
2026-09-18T11:54:32+03:00,1789721672,1617,58,3,29.9,40.5,,run
2026-09-18T11:54:38+03:00,1789721678,1623,58,3,29.9,40.2,,run
2026-09-18T11:54:43+03:00,1789721683,1628,58,3,29.9,40.2,,run
2026-09-18T11:54:48+03:00,1789721688,1633,58,3,29.9,39.5,,run
2026-09-18T11:54:53+03:00,1789721693,1638,58,3,29.9,39.5,,run
2026-09-18T11:54:58+03:00,1789721698,1643,58,3,29.9,38.9,,run
2026-09-18T11:55:04+03:00,1789721704,1649,58,3,29.9,38.3,,run
2026-09-18T11:55:09+03:00,1789721709,1654,58,3,29.9,54.1,,run
2026-09-18T11:55:14+03:00,1789721714,1659,58,3,29.9,42.0,,run
2026-09-18T11:55:19+03:00,1789721719,1664,58,3,29.9,40.2,,run
2026-09-18T11:55:25+03:00,1789721725,1670,58,3,29.9,39.2,,run
2026-09-18T11:55:30+03:00,1789721730,1675,58,3,29.9,39.8,,run
2026-09-18T11:55:35+03:00,1789721735,1680,58,3,29.9,39.5,,run
2026-09-18T11:55:40+03:00,1789721740,1685,58,3,29.9,39.5,,run
2026-09-18T11:55:46+03:00,1789721746,1691,58,3,29.9,38.9,,run
2026-09-18T11:55:51+03:00,1789721751,1696,58,3,29.9,39.2,,run
2026-09-18T11:55:56+03:00,1789721756,1701,58,3,29.9,39.5,,run
2026-09-18T11:56:01+03:00,1789721761,1706,58,3,29.9,39.5,,run
2026-09-18T11:56:06+03:00,1789721766,1711,58,3,29.9,39.5,,run
2026-09-18T11:56:12+03:00,1789721772,1717,58,3,29.9,39.5,,run
2026-09-18T11:56:17+03:00,1789721777,1722,58,3,29.9,38.9,,run
2026-09-18T11:56:22+03:00,1789721782,1727,58,3,29.9,43.9,,run
2026-09-18T11:56:27+03:00,1789721787,1732,58,3,29.9,46.3,,run
2026-09-18T11:56:33+03:00,1789721793,1738,58,3,29.9,42.3,,run
2026-09-18T11:56:38+03:00,1789721798,1743,58,3,29.9,39.8,,run
2026-09-18T11:56:43+03:00,1789721803,1748,58,3,29.9,39.2,,run
2026-09-18T11:56:48+03:00,1789721808,1753,57,3,30.0,38.9,,run
2026-09-18T11:56:53+03:00,1789721813,1758,57,3,30.0,39.8,,run
2026-09-18T11:56:59+03:00,1789721819,1764,57,3,30.0,38.6,,run
2026-09-18T11:57:04+03:00,1789721824,1769,57,3,30.0,39.2,,run
2026-09-18T11:57:09+03:00,1789721829,1774,57,3,30.0,50.1,,run
2026-09-18T11:57:15+03:00,1789721835,1780,57,3,30.0,41.1,,run
2026-09-18T11:57:20+03:00,1789721840,1785,57,3,30.0,40.5,,run
2026-09-18T11:57:25+03:00,1789721845,1790,57,3,30.0,39.5,,run
2026-09-18T11:57:30+03:00,1789721850,1795,57,3,30.0,39.5,,run
2026-09-18T11:57:36+03:00,1789721856,1801,57,3,30.0,39.8,,run
2026-09-18T11:57:41+03:00,1789721861,1806,57,3,30.0,40.2,,run
2026-09-18T11:57:46+03:00,1789721866,1811,57,3,30.0,39.2,,run
2026-09-18T11:57:51+03:00,1789721871,1816,57,3,30.0,39.5,,run
2026-09-18T11:57:56+03:00,1789721876,1821,57,3,30.0,39.5,,run
2026-09-18T11:58:02+03:00,1789721882,1827,57,3,30.0,39.5,,run
2026-09-18T11:58:07+03:00,1789721887,1832,57,3,30.0,39.5,,run
2026-09-18T11:58:12+03:00,1789721892,1837,57,3,30.0,40.2,,run
2026-09-18T11:58:17+03:00,1789721897,1842,57,3,30.0,39.8,,run
2026-09-18T11:58:23+03:00,1789721903,1848,57,3,30.0,38.6,,run
2026-09-18T11:58:28+03:00,1789721908,1853,57,3,30.0,47.3,,run
2026-09-18T11:58:33+03:00,1789721913,1858,57,3,30.0,42.6,,run
2026-09-18T11:58:38+03:00,1789721918,1863,57,3,30.0,39.5,,run
2026-09-18T11:58:44+03:00,1789721924,1869,57,3,30.0,38.9,,run
2026-09-18T11:58:49+03:00,1789721929,1874,57,3,30.0,39.5,,run
2026-09-18T11:58:54+03:00,1789721934,1879,57,3,30.0,52.8,,run
2026-09-18T11:58:59+03:00,1789721939,1884,57,3,30.0,40.8,,run
2026-09-18T11:59:04+03:00,1789721944,1889,57,3,30.0,40.5,,run
2026-09-18T11:59:10+03:00,1789721950,1895,57,3,30.0,40.5,,run
2026-09-18T11:59:15+03:00,1789721955,1900,57,3,30.0,38.9,,run
2026-09-18T11:59:20+03:00,1789721960,1905,57,3,30.0,39.8,,run
2026-09-18T11:59:25+03:00,1789721965,1910,57,3,30.0,39.8,,run
2026-09-18T11:59:31+03:00,1789721971,1916,57,3,30.0,39.2,,run
2026-09-18T11:59:36+03:00,1789721976,1921,57,3,30.0,39.5,,run
2026-09-18T11:59:41+03:00,1789721981,1926,57,3,30.0,39.5,,run
2026-09-18T11:59:46+03:00,1789721986,1931,57,3,30.0,39.2,,run
2026-09-18T11:59:51+03:00,1789721991,1936,57,3,30.0,38.9,,run
2026-09-18T11:59:57+03:00,1789721997,1942,57,3,29.9,38.9,,run
2026-09-18T12:00:02+03:00,1789722002,1947,57,3,29.9,40.5,,run
2026-09-18T12:00:07+03:00,1789722007,1952,57,3,29.9,43.2,,run
2026-09-18T12:00:12+03:00,1789722012,1957,57,3,29.9,42.9,,run
2026-09-18T12:00:18+03:00,1789722018,1963,57,3,29.9,42.6,,run
2026-09-18T12:00:23+03:00,1789722023,1968,57,3,29.9,39.2,,run
2026-09-18T12:00:28+03:00,1789722028,1973,57,3,29.9,39.2,,run
2026-09-18T12:00:33+03:00,1789722033,1978,57,3,29.9,39.8,,run
2026-09-18T12:00:38+03:00,1789722038,1983,57,3,29.9,39.2,,run
2026-09-18T12:00:44+03:00,1789722044,1989,57,3,29.9,39.5,,run
2026-09-18T12:00:49+03:00,1789722049,1994,57,3,29.9,38.6,,run
2026-09-18T12:00:54+03:00,1789722054,1999,57,3,29.9,51.0,,run
2026-09-18T12:01:00+03:00,1789722060,2005,57,3,29.9,41.1,,run
2026-09-18T12:01:05+03:00,1789722065,2010,57,3,29.9,40.2,,run
2026-09-18T12:01:10+03:00,1789722070,2015,57,3,29.9,39.2,,run
2026-09-18T12:01:15+03:00,1789722075,2020,57,3,29.9,40.5,,run
2026-09-18T12:01:21+03:00,1789722080,2025,57,3,29.9,38.9,,run
2026-09-18T12:01:26+03:00,1789722086,2031,57,3,29.9,38.9,,run
2026-09-18T12:01:31+03:00,1789722091,2036,57,3,29.9,39.2,,run
2026-09-18T12:01:36+03:00,1789722096,2041,57,3,29.9,39.2,,run
2026-09-18T12:01:41+03:00,1789722101,2046,57,3,29.9,39.2,,run
2026-09-18T12:01:47+03:00,1789722107,2052,57,3,29.9,39.2,,run
2026-09-18T12:01:52+03:00,1789722112,2057,57,3,29.9,39.2,,run
2026-09-18T12:01:57+03:00,1789722117,2062,57,3,29.9,39.5,,run
2026-09-18T12:02:02+03:00,1789722122,2067,57,3,29.9,39.5,,run
2026-09-18T12:02:07+03:00,1789722127,2072,57,3,29.9,43.9,,run
2026-09-18T12:02:13+03:00,1789722133,2078,57,3,29.9,50.4,,run
2026-09-18T12:02:18+03:00,1789722138,2083,57,3,29.9,45.4,,run
2026-09-18T12:02:23+03:00,1789722143,2088,57,3,29.9,39.8,,run
2026-09-18T12:02:28+03:00,1789722148,2093,57,3,29.9,39.8,,run
2026-09-18T12:02:34+03:00,1789722154,2099,57,3,29.9,40.8,,run
2026-09-18T12:02:39+03:00,1789722159,2104,57,3,29.9,46.0,,run
2026-09-18T12:02:44+03:00,1789722164,2109,57,3,29.9,39.8,,run
2026-09-18T12:02:49+03:00,1789722169,2114,57,3,29.9,41.1,,run
2026-09-18T12:02:55+03:00,1789722175,2120,57,3,29.9,40.8,,run
2026-09-18T12:03:00+03:00,1789722180,2125,57,3,29.9,39.2,,run
2026-09-18T12:03:05+03:00,1789722185,2130,57,3,29.9,39.2,,run
2026-09-18T12:03:10+03:00,1789722190,2135,57,3,29.9,40.2,,run
2026-09-18T12:03:15+03:00,1789722195,2140,57,3,29.9,39.2,,run
2026-09-18T12:03:21+03:00,1789722201,2146,57,3,29.9,39.5,,run
2026-09-18T12:03:26+03:00,1789722206,2151,57,3,29.9,39.5,,run
2026-09-18T12:03:31+03:00,1789722211,2156,57,3,29.9,38.6,,run
2026-09-18T12:03:36+03:00,1789722216,2161,57,3,29.9,38.6,,run
2026-09-18T12:03:42+03:00,1789722222,2167,57,3,29.9,39.5,,run
2026-09-18T12:03:47+03:00,1789722227,2172,57,3,29.9,38.9,,run
2026-09-18T12:03:52+03:00,1789722232,2177,57,3,29.9,52.2,,run
2026-09-18T12:03:58+03:00,1789722238,2183,57,3,29.9,41.1,,run
2026-09-18T12:04:03+03:00,1789722243,2188,57,3,29.9,40.5,,run
2026-09-18T12:04:08+03:00,1789722248,2193,57,3,29.9,39.8,,run
2026-09-18T12:04:13+03:00,1789722253,2198,57,3,29.9,39.5,,run
2026-09-18T12:04:19+03:00,1789722259,2204,57,3,29.9,39.2,,run
2026-09-18T12:04:24+03:00,1789722264,2209,57,3,29.9,38.6,,run
2026-09-18T12:04:29+03:00,1789722269,2214,57,3,29.9,39.5,,run
2026-09-18T12:04:34+03:00,1789722274,2219,57,3,29.9,41.1,,run
2026-09-18T12:04:40+03:00,1789722280,2225,57,3,29.9,43.2,,run
2026-09-18T12:04:45+03:00,1789722285,2230,57,3,29.9,39.8,,run
2026-09-18T12:04:50+03:00,1789722290,2235,57,3,29.9,40.5,,run
2026-09-18T12:04:55+03:00,1789722295,2240,57,3,29.9,41.1,,run
2026-09-18T12:05:00+03:00,1789722300,2245,57,3,29.9,39.8,,run
2026-09-18T12:05:06+03:00,1789722306,2251,57,3,29.9,38.9,,run
2026-09-18T12:05:11+03:00,1789722311,2256,57,3,29.9,39.8,,run
2026-09-18T12:05:16+03:00,1789722316,2261,57,3,29.9,39.2,,run
2026-09-18T12:05:21+03:00,1789722321,2266,57,3,29.9,38.6,,run
2026-09-18T12:05:27+03:00,1789722327,2272,57,3,29.9,38.9,,run
2026-09-18T12:05:32+03:00,1789722332,2277,57,3,29.9,38.6,,run
2026-09-18T12:05:37+03:00,1789722337,2282,57,3,29.9,39.8,,run
2026-09-18T12:05:42+03:00,1789722342,2287,57,3,29.9,38.9,,run
2026-09-18T12:05:47+03:00,1789722347,2292,57,3,29.9,39.2,,run
2026-09-18T12:05:53+03:00,1789722353,2298,57,3,29.9,47.6,,run
2026-09-18T12:05:58+03:00,1789722358,2303,57,3,29.9,41.1,,run
2026-09-18T12:06:03+03:00,1789722363,2308,57,3,29.9,41.4,,run
2026-09-18T12:06:09+03:00,1789722369,2314,57,3,29.9,38.9,,run
2026-09-18T12:06:14+03:00,1789722374,2319,57,3,29.9,39.5,,run
2026-09-18T12:06:19+03:00,1789722379,2324,57,3,29.9,52.5,,run
2026-09-18T12:06:24+03:00,1789722384,2329,57,3,29.9,41.4,,run
2026-09-18T12:06:30+03:00,1789722390,2335,57,3,29.9,40.2,,run
2026-09-18T12:06:35+03:00,1789722395,2340,57,3,29.9,39.5,,run
2026-09-18T12:06:40+03:00,1789722400,2345,57,3,29.9,40.2,,run
2026-09-18T12:06:45+03:00,1789722405,2350,57,3,29.9,39.8,,run
2026-09-18T12:06:50+03:00,1789722410,2355,57,3,29.9,39.8,,run
2026-09-18T12:06:56+03:00,1789722416,2361,57,3,29.9,39.5,,run
2026-09-18T12:07:01+03:00,1789722421,2366,57,3,29.9,38.9,,run
2026-09-18T12:07:06+03:00,1789722426,2371,57,3,29.9,39.2,,run
2026-09-18T12:07:11+03:00,1789722431,2376,57,3,29.9,38.9,,run
2026-09-18T12:07:16+03:00,1789722436,2381,57,3,29.9,38.6,,run
2026-09-18T12:07:22+03:00,1789722442,2387,57,3,29.9,39.2,,run
2026-09-18T12:07:27+03:00,1789722447,2392,56,3,29.9,39.2,,run
2026-09-18T12:07:32+03:00,1789722452,2397,56,3,29.9,48.2,,run
2026-09-18T12:07:37+03:00,1789722457,2402,56,3,29.9,43.9,,run
2026-09-18T12:07:43+03:00,1789722463,2408,56,3,29.9,42.3,,run
2026-09-18T12:07:48+03:00,1789722468,2413,56,3,29.9,40.5,,run
2026-09-18T12:07:53+03:00,1789722473,2418,56,3,29.9,39.5,,run
2026-09-18T12:07:58+03:00,1789722478,2423,56,3,29.9,40.2,,run
2026-09-18T12:08:03+03:00,1789722483,2428,56,3,29.9,39.2,,run
2026-09-18T12:08:09+03:00,1789722489,2434,56,3,29.9,38.9,,run
2026-09-18T12:08:14+03:00,1789722494,2439,56,3,29.9,38.6,,run
2026-09-18T12:08:19+03:00,1789722499,2444,56,3,29.9,50.4,,run
2026-09-18T12:08:25+03:00,1789722505,2450,56,3,29.9,40.8,,run
2026-09-18T12:08:30+03:00,1789722510,2455,56,3,29.9,39.8,,run
2026-09-18T12:08:35+03:00,1789722515,2460,56,3,29.9,39.5,,run
2026-09-18T12:08:40+03:00,1789722520,2465,56,3,29.9,40.2,,run
2026-09-18T12:08:45+03:00,1789722525,2470,56,3,29.9,38.9,,run
2026-09-18T12:08:51+03:00,1789722531,2476,56,3,29.9,38.6,,run
2026-09-18T12:08:56+03:00,1789722536,2481,56,3,29.9,39.5,,run
2026-09-18T12:09:01+03:00,1789722541,2486,56,3,29.9,38.9,,run
2026-09-18T12:09:06+03:00,1789722546,2491,56,3,29.9,38.6,,run
2026-09-18T12:09:12+03:00,1789722552,2497,56,3,29.9,38.6,,run
2026-09-18T12:09:17+03:00,1789722557,2502,56,3,29.9,38.6,,run
2026-09-18T12:09:22+03:00,1789722562,2507,56,3,29.9,38.6,,run
2026-09-18T12:09:27+03:00,1789722567,2512,56,3,29.9,38.9,,run
2026-09-18T12:09:32+03:00,1789722572,2517,56,3,29.9,43.2,,run
2026-09-18T12:09:38+03:00,1789722578,2523,56,3,29.9,49.4,,run
2026-09-18T12:09:43+03:00,1789722583,2528,56,3,29.9,44.5,,run
2026-09-18T12:09:48+03:00,1789722588,2533,56,3,29.9,38.9,,run
2026-09-18T12:09:53+03:00,1789722593,2538,56,3,29.9,38.9,,run
2026-09-18T12:09:59+03:00,1789722599,2544,56,3,29.9,40.8,,run
2026-09-18T12:10:04+03:00,1789722604,2549,56,3,29.9,47.6,,run
2026-09-18T12:10:09+03:00,1789722609,2554,56,3,29.9,40.2,,run
2026-09-18T12:10:14+03:00,1789722614,2559,56,3,29.9,40.2,,run
2026-09-18T12:10:20+03:00,1789722620,2565,56,3,29.9,39.2,,run
2026-09-18T12:10:25+03:00,1789722625,2570,56,3,29.9,39.8,,run
2026-09-18T12:10:30+03:00,1789722630,2575,56,3,29.9,38.9,,run
2026-09-18T12:10:35+03:00,1789722635,2580,56,3,29.9,39.2,,run
2026-09-18T12:10:41+03:00,1789722640,2585,56,3,29.9,39.2,,run
2026-09-18T12:10:46+03:00,1789722646,2591,56,3,29.9,38.6,,run
2026-09-18T12:10:51+03:00,1789722651,2596,56,3,29.9,42.3,,run
2026-09-18T12:10:56+03:00,1789722656,2601,56,3,29.9,40.5,,run
2026-09-18T12:11:01+03:00,1789722661,2606,56,3,29.9,39.2,,run
2026-09-18T12:11:07+03:00,1789722667,2612,56,3,29.9,40.5,,run
2026-09-18T12:11:12+03:00,1789722672,2617,56,3,29.9,38.9,,run
2026-09-18T12:11:17+03:00,1789722677,2622,56,3,29.9,51.6,,run
2026-09-18T12:11:23+03:00,1789722683,2628,56,3,29.9,42.0,,run
2026-09-18T12:11:28+03:00,1789722688,2633,56,3,29.9,40.5,,run
2026-09-18T12:11:33+03:00,1789722693,2638,56,3,29.9,39.2,,run
2026-09-18T12:11:38+03:00,1789722698,2643,56,3,29.9,38.9,,run
2026-09-18T12:11:44+03:00,1789722704,2649,56,3,29.9,49.7,,run
2026-09-18T12:11:49+03:00,1789722709,2654,56,3,29.9,41.1,,run
2026-09-18T12:11:54+03:00,1789722714,2659,56,3,29.9,41.1,,run
2026-09-18T12:11:59+03:00,1789722719,2664,56,3,29.9,39.5,,run
2026-09-18T12:12:04+03:00,1789722724,2669,56,3,29.9,39.8,,run
2026-09-18T12:12:10+03:00,1789722730,2675,56,3,29.9,39.5,,run
2026-09-18T12:12:15+03:00,1789722735,2680,56,3,29.9,39.5,,run
2026-09-18T12:12:20+03:00,1789722740,2685,56,3,29.9,39.5,,run
2026-09-18T12:12:25+03:00,1789722745,2690,56,3,29.9,38.9,,run
2026-09-18T12:12:31+03:00,1789722751,2696,56,3,29.9,38.9,,run
2026-09-18T12:12:36+03:00,1789722756,2701,56,3,29.9,39.2,,run
2026-09-18T12:12:41+03:00,1789722761,2706,56,3,29.9,38.6,,run
2026-09-18T12:12:46+03:00,1789722766,2711,56,3,29.9,38.9,,run
2026-09-18T12:12:51+03:00,1789722771,2716,56,3,29.9,39.8,,run
2026-09-18T12:12:57+03:00,1789722777,2722,56,3,29.9,47.9,,run
2026-09-18T12:13:02+03:00,1789722782,2727,56,3,29.9,41.4,,run
2026-09-18T12:13:07+03:00,1789722787,2732,56,3,29.9,40.8,,run
2026-09-18T12:13:13+03:00,1789722793,2738,56,3,29.9,39.5,,run
2026-09-18T12:13:18+03:00,1789722798,2743,56,3,29.9,38.6,,run
2026-09-18T12:13:23+03:00,1789722803,2748,56,3,29.9,38.9,,run
2026-09-18T12:13:28+03:00,1789722808,2753,56,3,29.9,38.9,,run
2026-09-18T12:13:33+03:00,1789722813,2758,56,3,29.9,39.2,,run
2026-09-18T12:13:39+03:00,1789722819,2764,56,3,29.9,39.2,,run
2026-09-18T12:13:44+03:00,1789722824,2769,56,3,29.9,52.5,,run
2026-09-18T12:13:49+03:00,1789722829,2774,56,3,29.9,40.5,,run
2026-09-18T12:13:55+03:00,1789722834,2779,56,3,29.9,39.8,,run
2026-09-18T12:14:00+03:00,1789722840,2785,56,3,29.9,40.2,,run
2026-09-18T12:14:05+03:00,1789722845,2790,56,3,29.9,39.2,,run
2026-09-18T12:14:10+03:00,1789722850,2795,56,3,29.9,40.5,,run
2026-09-18T12:14:15+03:00,1789722855,2800,56,3,29.9,39.8,,run
2026-09-18T12:14:21+03:00,1789722861,2806,56,3,29.9,38.6,,run
2026-09-18T12:14:26+03:00,1789722866,2811,56,3,29.9,39.5,,run
2026-09-18T12:14:31+03:00,1789722871,2816,56,3,29.9,39.8,,run
2026-09-18T12:14:36+03:00,1789722876,2821,56,3,29.9,39.5,,run
2026-09-18T12:14:41+03:00,1789722881,2826,56,3,29.9,39.2,,run
2026-09-18T12:14:47+03:00,1789722887,2832,56,3,29.9,39.8,,run
2026-09-18T12:14:52+03:00,1789722892,2837,56,3,29.9,39.2,,run
2026-09-18T12:14:57+03:00,1789722897,2842,56,3,29.9,47.9,,run
2026-09-18T12:15:02+03:00,1789722902,2847,56,3,29.9,47.9,,run
2026-09-18T12:15:08+03:00,1789722908,2853,56,3,29.9,44.5,,run
2026-09-18T12:15:13+03:00,1789722913,2858,56,3,29.9,39.5,,run
2026-09-18T12:15:18+03:00,1789722918,2863,56,3,29.9,40.2,,run
2026-09-18T12:15:23+03:00,1789722923,2868,56,3,29.9,39.5,,run
2026-09-18T12:15:28+03:00,1789722928,2873,56,3,29.9,38.3,,run
2026-09-18T12:15:34+03:00,1789722934,2879,56,3,29.9,39.2,,run
2026-09-18T12:15:39+03:00,1789722939,2884,56,3,29.9,38.3,,run
2026-09-18T12:15:44+03:00,1789722944,2889,56,3,29.9,48.2,,run
2026-09-18T12:15:50+03:00,1789722950,2895,56,3,29.9,42.0,,run
2026-09-18T12:15:55+03:00,1789722955,2900,56,3,29.9,39.5,,run
2026-09-18T12:16:00+03:00,1789722960,2905,56,3,29.9,40.2,,run
2026-09-18T12:16:05+03:00,1789722965,2910,56,3,29.9,39.2,,run
2026-09-18T12:16:11+03:00,1789722971,2916,56,3,29.9,39.5,,run
2026-09-18T12:16:16+03:00,1789722976,2921,56,3,29.9,38.9,,run
2026-09-18T12:16:21+03:00,1789722981,2926,56,3,29.9,39.8,,run
2026-09-18T12:16:26+03:00,1789722986,2931,56,3,29.9,38.9,,run
2026-09-18T12:16:31+03:00,1789722991,2936,56,3,29.9,39.2,,run
2026-09-18T12:16:37+03:00,1789722997,2942,56,3,29.9,38.6,,run
2026-09-18T12:16:42+03:00,1789723002,2947,56,3,29.9,39.8,,run
2026-09-18T12:16:47+03:00,1789723007,2952,56,3,29.9,39.2,,run
2026-09-18T12:16:52+03:00,1789723012,2957,56,3,29.9,39.5,,run
2026-09-18T12:16:58+03:00,1789723018,2963,56,3,29.9,38.6,,run
2026-09-18T12:17:03+03:00,1789723023,2968,56,3,29.9,49.7,,run
2026-09-18T12:17:08+03:00,1789723028,2973,56,3,29.9,40.2,,run
2026-09-18T12:17:13+03:00,1789723033,2978,56,3,29.9,39.8,,run
2026-09-18T12:17:19+03:00,1789723039,2984,56,3,29.9,38.6,,run
2026-09-18T12:17:24+03:00,1789723044,2989,56,3,29.9,39.2,,run
2026-09-18T12:17:29+03:00,1789723049,2994,56,3,29.9,39.2,,run
2026-09-18T12:17:34+03:00,1789723054,2999,56,3,29.9,39.2,,run
2026-09-18T12:17:39+03:00,1789723059,3004,56,3,29.9,38.6,,run
2026-09-18T12:17:45+03:00,1789723065,3010,56,3,29.9,39.8,,run
2026-09-18T12:17:50+03:00,1789723070,3015,56,3,29.9,43.9,,run
2026-09-18T12:17:55+03:00,1789723075,3020,56,3,29.9,40.2,,run
2026-09-18T12:18:00+03:00,1789723080,3025,56,3,29.9,40.5,,run
2026-09-18T12:18:06+03:00,1789723086,3031,56,3,29.9,39.5,,run
2026-09-18T12:18:11+03:00,1789723091,3036,56,3,29.9,39.2,,run
2026-09-18T12:18:16+03:00,1789723096,3041,56,3,29.9,38.9,,run
2026-09-18T12:18:21+03:00,1789723101,3046,56,3,29.9,39.8,,run
2026-09-18T12:18:27+03:00,1789723106,3051,56,3,29.9,39.8,,run
2026-09-18T12:18:32+03:00,1789723112,3057,56,3,29.9,38.6,,run
2026-09-18T12:18:37+03:00,1789723117,3062,56,3,29.9,39.5,,run
2026-09-18T12:18:42+03:00,1789723122,3067,56,3,29.9,38.9,,run
2026-09-18T12:18:47+03:00,1789723127,3072,56,3,29.9,38.6,,run
2026-09-18T12:18:53+03:00,1789723133,3078,56,3,29.9,38.6,,run
2026-09-18T12:18:58+03:00,1789723138,3083,56,3,29.9,38.6,,run
2026-09-18T12:19:03+03:00,1789723143,3088,56,3,29.9,47.9,,run
2026-09-18T12:19:09+03:00,1789723149,3094,56,3,29.9,42.6,,run
2026-09-18T12:19:14+03:00,1789723154,3099,55,3,29.9,40.2,,run
2026-09-18T12:19:19+03:00,1789723159,3104,55,3,29.9,39.8,,run
2026-09-18T12:19:24+03:00,1789723164,3109,55,3,29.9,39.8,,run
2026-09-18T12:19:30+03:00,1789723169,3114,55,3,29.9,39.2,,run
2026-09-18T12:19:35+03:00,1789723175,3120,55,3,29.9,39.2,,run
2026-09-18T12:19:40+03:00,1789723180,3125,55,3,29.9,40.5,,run
2026-09-18T12:19:45+03:00,1789723185,3130,55,3,29.9,39.2,,run
2026-09-18T12:19:50+03:00,1789723190,3135,55,3,29.9,52.2,,run
2026-09-18T12:19:56+03:00,1789723196,3141,55,3,29.9,41.1,,run
2026-09-18T12:20:01+03:00,1789723201,3146,55,3,29.9,40.5,,run
2026-09-18T12:20:06+03:00,1789723206,3151,55,3,29.9,40.2,,run
2026-09-18T12:20:11+03:00,1789723211,3156,55,3,29.9,39.5,,run
2026-09-18T12:20:17+03:00,1789723217,3162,55,3,29.9,38.6,,run
2026-09-18T12:20:22+03:00,1789723222,3167,55,3,29.9,41.7,,run
2026-09-18T12:20:27+03:00,1789723227,3172,55,3,29.9,39.2,,run
2026-09-18T12:20:32+03:00,1789723232,3177,55,3,29.9,39.5,,run
2026-09-18T12:20:37+03:00,1789723237,3182,55,3,29.9,39.2,,run
2026-09-18T12:20:43+03:00,1789723243,3188,55,3,29.9,39.2,,run
2026-09-18T12:20:48+03:00,1789723248,3193,55,3,29.9,38.9,,run
2026-09-18T12:20:53+03:00,1789723253,3198,55,3,29.9,39.5,,run
2026-09-18T12:20:58+03:00,1789723258,3203,55,3,29.9,39.8,,run
2026-09-18T12:21:04+03:00,1789723264,3209,55,3,29.9,40.8,,run
2026-09-18T12:21:09+03:00,1789723269,3214,55,3,29.9,46.0,,run
2026-09-18T12:21:14+03:00,1789723274,3219,55,3,29.9,41.7,,run
2026-09-18T12:21:19+03:00,1789723279,3224,55,3,29.9,39.5,,run
2026-09-18T12:21:25+03:00,1789723285,3230,55,3,29.9,40.2,,run
2026-09-18T12:21:30+03:00,1789723290,3235,55,3,29.9,38.6,,run
2026-09-18T12:21:35+03:00,1789723295,3240,55,3,29.9,39.2,,run
2026-09-18T12:21:40+03:00,1789723300,3245,55,3,29.9,39.2,,run
2026-09-18T12:21:45+03:00,1789723305,3250,55,3,29.9,38.3,,run
2026-09-18T12:21:51+03:00,1789723311,3256,55,3,29.9,50.4,,run
2026-09-18T12:21:56+03:00,1789723316,3261,55,3,29.9,40.8,,run
2026-09-18T12:22:01+03:00,1789723321,3266,55,3,29.9,40.2,,run
2026-09-18T12:22:06+03:00,1789723326,3271,55,3,29.9,40.5,,run
2026-09-18T12:22:12+03:00,1789723332,3277,55,3,29.9,39.2,,run
2026-09-18T12:22:17+03:00,1789723337,3282,55,3,29.9,39.5,,run
2026-09-18T12:22:22+03:00,1789723342,3287,55,3,29.9,39.2,,run
2026-09-18T12:22:27+03:00,1789723347,3292,55,3,29.9,39.2,,run
2026-09-18T12:22:33+03:00,1789723353,3298,55,3,29.9,39.8,,run
2026-09-18T12:22:38+03:00,1789723358,3303,55,3,29.9,39.2,,run
2026-09-18T12:22:43+03:00,1789723363,3308,55,3,29.9,38.9,,run
2026-09-18T12:22:48+03:00,1789723368,3313,55,3,29.9,39.2,,run
2026-09-18T12:22:53+03:00,1789723373,3318,55,3,29.9,38.6,,run
2026-09-18T12:22:59+03:00,1789723379,3324,55,3,29.9,39.5,,run
2026-09-18T12:23:04+03:00,1789723384,3329,55,3,29.9,48.5,,run
2026-09-18T12:23:09+03:00,1789723389,3334,55,3,29.9,45.1,,run
2026-09-18T12:23:14+03:00,1789723394,3339,55,3,29.9,41.7,,run
2026-09-18T12:23:20+03:00,1789723400,3345,55,3,29.9,40.2,,run
2026-09-18T12:23:25+03:00,1789723405,3350,55,3,29.9,38.9,,run
2026-09-18T12:23:30+03:00,1789723410,3355,55,3,29.9,39.2,,run
2026-09-18T12:23:35+03:00,1789723415,3360,55,3,29.9,39.2,,run
2026-09-18T12:23:40+03:00,1789723420,3365,55,3,29.9,38.3,,run
2026-09-18T12:23:46+03:00,1789723426,3371,55,3,29.9,39.5,,run
2026-09-18T12:23:51+03:00,1789723431,3376,55,3,29.9,49.7,,run
2026-09-18T12:23:57+03:00,1789723437,3382,55,3,29.9,41.1,,run
2026-09-18T12:24:02+03:00,1789723442,3387,55,3,29.9,40.5,,run
2026-09-18T12:24:07+03:00,1789723447,3392,55,3,29.9,40.2,,run
2026-09-18T12:24:12+03:00,1789723452,3397,55,3,29.9,39.5,,run
2026-09-18T12:24:17+03:00,1789723457,3402,55,3,29.9,38.6,,run
2026-09-18T12:24:23+03:00,1789723463,3408,55,3,29.9,38.6,,run
2026-09-18T12:24:28+03:00,1789723468,3413,55,3,29.9,41.1,,run
2026-09-18T12:24:33+03:00,1789723473,3418,55,3,29.9,38.9,,run
2026-09-18T12:24:38+03:00,1789723478,3423,55,3,29.9,38.6,,run
2026-09-18T12:24:43+03:00,1789723483,3428,55,3,29.9,38.6,,run
2026-09-18T12:24:49+03:00,1789723489,3434,55,3,29.9,38.9,,run
2026-09-18T12:24:54+03:00,1789723494,3439,55,3,29.9,38.6,,run
2026-09-18T12:24:59+03:00,1789723499,3444,55,3,29.9,38.6,,run
2026-09-18T12:25:04+03:00,1789723504,3449,55,3,29.9,42.0,,run
2026-09-18T12:25:10+03:00,1789723510,3455,55,3,29.9,50.1,,run
2026-09-18T12:25:15+03:00,1789723515,3460,55,3,29.9,43.2,,run
2026-09-18T12:25:20+03:00,1789723520,3465,55,3,29.9,39.8,,run
2026-09-18T12:25:25+03:00,1789723525,3470,55,3,29.9,38.9,,run
2026-09-18T12:25:31+03:00,1789723531,3476,55,3,29.9,38.6,,run
2026-09-18T12:25:36+03:00,1789723536,3481,55,3,29.9,38.9,,run
2026-09-18T12:25:41+03:00,1789723541,3486,55,3,29.9,39.2,,run
2026-09-18T12:25:46+03:00,1789723546,3491,55,3,29.9,39.2,,run
2026-09-18T12:25:51+03:00,1789723551,3496,55,3,29.9,41.4,,run
2026-09-18T12:25:57+03:00,1789723557,3502,55,3,29.9,45.4,,run
2026-09-18T12:26:02+03:00,1789723562,3507,55,3,29.9,39.8,,run
2026-09-18T12:26:07+03:00,1789723567,3512,55,3,29.9,40.5,,run
2026-09-18T12:26:12+03:00,1789723572,3517,55,3,29.9,38.6,,run
2026-09-18T12:26:18+03:00,1789723578,3523,55,3,29.9,39.2,,run
2026-09-18T12:26:23+03:00,1789723583,3528,55,3,29.9,38.9,,run
2026-09-18T12:26:28+03:00,1789723588,3533,55,3,29.9,39.5,,run
2026-09-18T12:26:33+03:00,1789723593,3538,55,3,29.9,39.5,,run
2026-09-18T12:26:38+03:00,1789723598,3543,55,3,29.9,38.9,,run
2026-09-18T12:26:44+03:00,1789723604,3549,55,3,29.9,39.2,,run
2026-09-18T12:26:49+03:00,1789723609,3554,55,3,29.9,38.9,,run
2026-09-18T12:26:54+03:00,1789723614,3559,55,3,29.9,38.3,,run
2026-09-18T12:26:59+03:00,1789723619,3564,55,3,29.9,38.9,,run
2026-09-18T12:27:05+03:00,1789723625,3570,55,3,29.9,39.8,,run
2026-09-18T12:27:10+03:00,1789723630,3575,55,3,29.9,50.4,,run
2026-09-18T12:27:15+03:00,1789723635,3580,55,3,29.9,41.4,,run
2026-09-18T12:27:21+03:00,1789723641,3586,55,3,29.9,39.8,,run
2026-09-18T12:27:26+03:00,1789723646,3591,55,3,29.9,39.8,,run
2026-09-18T12:27:31+03:00,1789723651,3596,55,3,29.9,38.6,,run
2026-09-18T12:27:36+03:00,1789723656,3601,55,3,29.9,38.6,,run
2026-09-18T12:27:42+03:00,1789723662,3607,55,3,29.9,38.6,,run
2026-09-18T12:27:47+03:00,1789723667,3612,55,3,29.9,39.2,,run
2026-09-18T12:27:52+03:00,1789723672,3617,55,3,29.9,39.8,,run
2026-09-18T12:27:57+03:00,1789723677,3622,55,3,29.9,45.1,,run
2026-09-18T12:28:03+03:00,1789723683,3628,55,3,29.9,40.8,,run
2026-09-18T12:28:08+03:00,1789723688,3633,55,3,29.9,39.2,,run
2026-09-18T12:28:13+03:00,1789723693,3638,55,3,29.9,38.9,,run
2026-09-18T12:28:18+03:00,1789723698,3643,55,3,29.9,39.8,,run
2026-09-18T12:28:23+03:00,1789723703,3648,55,3,29.9,39.8,,run
2026-09-18T12:28:29+03:00,1789723709,3654,55,3,29.9,40.2,,run
2026-09-18T12:28:34+03:00,1789723714,3659,55,3,29.9,39.8,,run
2026-09-18T12:28:39+03:00,1789723719,3664,55,3,29.9,40.2,,run
2026-09-18T12:28:44+03:00,1789723724,3669,55,3,29.9,39.2,,run
2026-09-18T12:28:49+03:00,1789723729,3674,55,3,29.9,39.8,,run
2026-09-18T12:28:55+03:00,1789723735,3680,55,3,29.9,40.2,,run
2026-09-18T12:29:00+03:00,1789723740,3685,55,3,29.9,39.2,,run
2026-09-18T12:29:05+03:00,1789723745,3690,55,3,29.9,38.9,,run
2026-09-18T12:29:10+03:00,1789723750,3695,55,3,29.9,49.7,,run
2026-09-18T12:29:16+03:00,1789723756,3701,55,3,29.9,42.6,,run
2026-09-18T12:29:21+03:00,1789723761,3706,55,3,29.9,40.5,,run
2026-09-18T12:29:26+03:00,1789723766,3711,55,3,29.9,39.8,,run
2026-09-18T12:29:32+03:00,1789723772,3717,55,3,29.9,41.1,,run
2026-09-18T12:29:37+03:00,1789723777,3722,55,3,29.9,47.9,,run
2026-09-18T12:29:42+03:00,1789723782,3727,55,3,29.9,42.3,,run
2026-09-18T12:29:47+03:00,1789723787,3732,55,3,29.9,40.2,,run
2026-09-18T12:29:52+03:00,1789723792,3737,55,3,29.9,38.9,,run
2026-09-18T12:29:58+03:00,1789723798,3743,54,3,30.0,40.8,,run
2026-09-18T12:30:03+03:00,1789723803,3748,54,3,30.0,40.5,,run
2026-09-18T12:30:08+03:00,1789723808,3753,54,3,30.0,39.8,,run
2026-09-18T12:30:13+03:00,1789723813,3758,54,3,30.0,38.9,,run
2026-09-18T12:30:19+03:00,1789723819,3764,54,3,30.0,40.2,,run
2026-09-18T12:30:24+03:00,1789723824,3769,54,3,30.0,38.6,,run
2026-09-18T12:30:29+03:00,1789723829,3774,54,3,30.0,39.5,,run
2026-09-18T12:30:34+03:00,1789723834,3779,54,3,30.0,39.5,,run
2026-09-18T12:30:39+03:00,1789723839,3784,54,3,30.0,39.5,,run
2026-09-18T12:30:45+03:00,1789723845,3790,54,3,30.0,38.6,,run
2026-09-18T12:30:50+03:00,1789723850,3795,54,3,30.0,47.3,,run
2026-09-18T12:30:55+03:00,1789723855,3800,54,3,30.0,44.8,,run
2026-09-18T12:31:00+03:00,1789723860,3805,54,3,30.0,41.7,,run
2026-09-18T12:31:06+03:00,1789723866,3811,54,3,30.0,39.2,,run
2026-09-18T12:31:11+03:00,1789723871,3816,54,3,30.0,39.5,,run
2026-09-18T12:31:16+03:00,1789723876,3821,54,3,30.0,38.6,,run
2026-09-18T12:31:21+03:00,1789723881,3826,54,3,30.0,39.5,,run
2026-09-18T12:31:26+03:00,1789723886,3831,54,3,30.0,38.3,,run
2026-09-18T12:31:32+03:00,1789723892,3837,54,3,30.0,38.6,,run
2026-09-18T12:31:37+03:00,1789723897,3842,54,3,30.0,51.3,,run
2026-09-18T12:31:43+03:00,1789723903,3848,54,3,30.0,41.7,,run
2026-09-18T12:31:48+03:00,1789723908,3853,54,3,30.0,40.5,,run
2026-09-18T12:31:53+03:00,1789723913,3858,54,3,30.0,39.5,,run
2026-09-18T12:31:58+03:00,1789723918,3863,54,3,30.0,39.8,,run
2026-09-18T12:32:03+03:00,1789723923,3868,54,3,30.0,38.9,,run
2026-09-18T12:32:09+03:00,1789723929,3874,54,3,30.0,38.6,,run
2026-09-18T12:32:14+03:00,1789723934,3879,54,3,30.0,39.2,,run
2026-09-18T12:32:19+03:00,1789723939,3884,54,3,30.0,38.9,,run
2026-09-18T12:32:24+03:00,1789723944,3889,54,3,30.0,39.2,,run
2026-09-18T12:32:30+03:00,1789723950,3895,54,3,30.0,39.2,,run
2026-09-18T12:32:35+03:00,1789723955,3900,54,3,30.0,39.5,,run
2026-09-18T12:32:40+03:00,1789723960,3905,54,3,30.0,40.2,,run
2026-09-18T12:32:45+03:00,1789723965,3910,54,3,30.0,39.2,,run
2026-09-18T12:32:50+03:00,1789723970,3915,54,3,30.0,42.3,,run
2026-09-18T12:32:56+03:00,1789723976,3921,54,3,30.0,48.5,,run
2026-09-18T12:33:01+03:00,1789723981,3926,54,3,30.0,44.5,,run
2026-09-18T12:33:06+03:00,1789723986,3931,54,3,30.0,40.5,,run
2026-09-18T12:33:11+03:00,1789723991,3936,54,3,30.0,39.5,,run
2026-09-18T12:33:17+03:00,1789723997,3942,54,3,30.0,40.2,,run
2026-09-18T12:33:22+03:00,1789724002,3947,54,3,30.0,40.2,,run
2026-09-18T12:33:27+03:00,1789724007,3952,54,3,30.0,38.3,,run
2026-09-18T12:33:32+03:00,1789724012,3957,54,3,30.0,38.9,,run
2026-09-18T12:33:38+03:00,1789724018,3963,54,3,29.9,48.2,,run
2026-09-18T12:33:43+03:00,1789724023,3968,54,3,29.9,42.6,,run
2026-09-18T12:33:48+03:00,1789724028,3973,54,3,29.9,39.8,,run
2026-09-18T12:33:54+03:00,1789724034,3979,54,3,29.9,40.8,,run
2026-09-18T12:33:59+03:00,1789724039,3984,54,3,29.9,39.2,,run
2026-09-18T12:34:04+03:00,1789724044,3989,54,3,29.9,39.8,,run
2026-09-18T12:34:09+03:00,1789724049,3994,54,3,29.9,40.5,,run
2026-09-18T12:34:14+03:00,1789724054,3999,54,3,29.9,40.2,,run
2026-09-18T12:34:20+03:00,1789724060,4005,54,3,29.9,39.2,,run
2026-09-18T12:34:25+03:00,1789724065,4010,54,3,29.9,39.5,,run
2026-09-18T12:34:30+03:00,1789724070,4015,54,3,29.9,39.2,,run
2026-09-18T12:34:35+03:00,1789724075,4020,54,3,29.9,39.2,,run
2026-09-18T12:34:40+03:00,1789724080,4025,54,3,29.9,38.6,,run
2026-09-18T12:34:46+03:00,1789724086,4031,54,3,29.9,39.2,,run
2026-09-18T12:34:51+03:00,1789724091,4036,54,3,29.9,39.5,,run
2026-09-18T12:34:56+03:00,1789724096,4041,54,3,29.9,50.1,,run
2026-09-18T12:35:02+03:00,1789724102,4047,54,3,29.9,40.8,,run
2026-09-18T12:35:07+03:00,1789724107,4052,54,3,29.9,39.5,,run
2026-09-18T12:35:12+03:00,1789724112,4057,54,3,29.9,38.6,,run
2026-09-18T12:35:17+03:00,1789724117,4062,54,3,29.9,38.9,,run
2026-09-18T12:35:23+03:00,1789724123,4068,54,3,29.9,39.8,,run
2026-09-18T12:35:28+03:00,1789724128,4073,54,3,29.9,39.5,,run
2026-09-18T12:35:33+03:00,1789724133,4078,54,3,29.9,40.2,,run
2026-09-18T12:35:38+03:00,1789724138,4083,54,3,29.9,39.8,,run
2026-09-18T12:35:44+03:00,1789724144,4089,54,3,29.9,43.9,,run
2026-09-18T12:35:49+03:00,1789724149,4094,54,3,29.9,40.5,,run
2026-09-18T12:35:54+03:00,1789724154,4099,54,3,29.9,39.5,,run
2026-09-18T12:35:59+03:00,1789724159,4104,54,3,29.9,40.2,,run
2026-09-18T12:36:04+03:00,1789724164,4109,54,3,29.9,39.2,,run
2026-09-18T12:36:10+03:00,1789724170,4115,54,3,29.9,39.2,,run
2026-09-18T12:36:15+03:00,1789724175,4120,54,3,29.9,38.9,,run
2026-09-18T12:36:20+03:00,1789724180,4125,54,3,29.9,39.8,,run
2026-09-18T12:36:25+03:00,1789724185,4130,54,3,29.9,39.5,,run
2026-09-18T12:36:31+03:00,1789724191,4136,54,3,29.9,39.5,,run
2026-09-18T12:36:36+03:00,1789724196,4141,54,3,29.9,38.9,,run
2026-09-18T12:36:41+03:00,1789724201,4146,54,3,29.9,39.2,,run
2026-09-18T12:36:46+03:00,1789724206,4151,54,3,29.9,38.6,,run
2026-09-18T12:36:51+03:00,1789724211,4156,54,3,29.9,38.6,,run
2026-09-18T12:36:57+03:00,1789724217,4162,54,3,29.9,47.0,,run
2026-09-18T12:37:02+03:00,1789724222,4167,54,3,29.9,42.6,,run
2026-09-18T12:37:07+03:00,1789724227,4172,54,3,29.9,39.8,,run
2026-09-18T12:37:13+03:00,1789724233,4178,54,3,29.9,42.9,,run
2026-09-18T12:37:18+03:00,1789724238,4183,54,3,29.9,39.8,,run
2026-09-18T12:37:23+03:00,1789724243,4188,54,3,29.9,38.6,,run
2026-09-18T12:37:28+03:00,1789724248,4193,54,3,29.9,39.2,,run
2026-09-18T12:37:33+03:00,1789724253,4198,54,3,29.9,38.3,,run
2026-09-18T12:37:39+03:00,1789724259,4204,54,3,29.9,38.3,,run
2026-09-18T12:37:44+03:00,1789724264,4209,54,3,29.9,51.3,,run
2026-09-18T12:37:49+03:00,1789724269,4214,54,3,29.9,42.0,,run
2026-09-18T12:37:54+03:00,1789724274,4219,54,3,29.9,39.8,,run
2026-09-18T12:38:00+03:00,1789724280,4225,54,3,29.9,39.8,,run
2026-09-18T12:38:05+03:00,1789724285,4230,54,3,29.9,40.2,,run
2026-09-18T12:38:10+03:00,1789724290,4235,54,3,29.9,39.2,,run
2026-09-18T12:38:15+03:00,1789724295,4240,54,3,29.9,39.2,,run
2026-09-18T12:38:21+03:00,1789724301,4246,54,3,29.9,40.5,,run
2026-09-18T12:38:26+03:00,1789724306,4251,54,3,29.9,39.2,,run
2026-09-18T12:38:31+03:00,1789724311,4256,54,3,29.9,39.5,,run
2026-09-18T12:38:36+03:00,1789724316,4261,54,3,29.9,39.5,,run
2026-09-18T12:38:41+03:00,1789724321,4266,54,3,29.9,39.2,,run
2026-09-18T12:38:47+03:00,1789724327,4272,54,3,29.9,39.2,,run
2026-09-18T12:38:52+03:00,1789724332,4277,54,3,29.9,39.2,,run
2026-09-18T12:38:57+03:00,1789724337,4282,54,3,29.9,43.2,,run
2026-09-18T12:39:02+03:00,1789724342,4287,54,3,29.9,45.4,,run
2026-09-18T12:39:08+03:00,1789724348,4293,54,3,29.9,42.3,,run
2026-09-18T12:39:13+03:00,1789724353,4298,54,3,29.9,39.5,,run
2026-09-18T12:39:18+03:00,1789724358,4303,54,3,29.9,39.8,,run
2026-09-18T12:39:23+03:00,1789724363,4308,54,3,29.9,38.6,,run
2026-09-18T12:39:29+03:00,1789724369,4314,54,3,29.9,39.2,,run
2026-09-18T12:39:34+03:00,1789724374,4319,54,3,29.9,39.8,,run
2026-09-18T12:39:39+03:00,1789724379,4324,54,3,29.9,39.2,,run
2026-09-18T12:39:44+03:00,1789724384,4329,54,3,29.9,49.1,,run
2026-09-18T12:39:50+03:00,1789724390,4335,54,3,29.9,41.4,,run
2026-09-18T12:39:55+03:00,1789724395,4340,54,3,29.9,40.8,,run
2026-09-18T12:40:00+03:00,1789724400,4345,54,3,29.9,39.8,,run
2026-09-18T12:40:05+03:00,1789724405,4350,54,3,29.9,39.5,,run
2026-09-18T12:40:10+03:00,1789724410,4355,54,3,29.9,39.5,,run
2026-09-18T12:40:16+03:00,1789724416,4361,54,3,29.9,39.5,,run
2026-09-18T12:40:21+03:00,1789724421,4366,54,3,29.9,39.8,,run
2026-09-18T12:40:26+03:00,1789724426,4371,54,3,29.9,39.5,,run
2026-09-18T12:40:31+03:00,1789724431,4376,54,3,29.9,38.6,,run
2026-09-18T12:40:37+03:00,1789724437,4382,54,3,29.9,38.9,,run
2026-09-18T12:40:42+03:00,1789724442,4387,54,3,29.9,39.2,,run
2026-09-18T12:40:47+03:00,1789724447,4392,54,3,29.9,39.5,,run
2026-09-18T12:40:52+03:00,1789724452,4397,54,3,29.9,39.5,,run
2026-09-18T12:40:57+03:00,1789724457,4402,54,3,29.9,43.9,,run
2026-09-18T12:41:03+03:00,1789724463,4408,54,3,29.9,49.7,,run
2026-09-18T12:41:08+03:00,1789724468,4413,54,3,29.9,43.9,,run
2026-09-18T12:41:13+03:00,1789724473,4418,54,3,29.9,40.2,,run
2026-09-18T12:41:18+03:00,1789724478,4423,54,3,29.9,39.5,,run
2026-09-18T12:41:24+03:00,1789724484,4429,54,3,29.9,41.7,,run
2026-09-18T12:41:29+03:00,1789724489,4434,54,3,29.9,42.0,,run
2026-09-18T12:41:34+03:00,1789724494,4439,54,3,29.9,40.5,,run
2026-09-18T12:41:39+03:00,1789724499,4444,54,3,29.9,39.8,,run
2026-09-18T12:41:45+03:00,1789724505,4450,54,3,29.9,38.6,,run
2026-09-18T12:41:50+03:00,1789724510,4455,54,3,29.9,39.2,,run
2026-09-18T12:41:55+03:00,1789724515,4460,54,3,29.9,39.5,,run
2026-09-18T12:42:00+03:00,1789724520,4465,54,3,29.9,39.5,,run
2026-09-18T12:42:05+03:00,1789724525,4470,54,3,29.9,38.6,,run
2026-09-18T12:42:11+03:00,1789724531,4476,54,3,29.9,38.9,,run
2026-09-18T12:42:16+03:00,1789724536,4481,54,3,29.9,39.5,,run
2026-09-18T12:42:21+03:00,1789724541,4486,54,3,29.9,40.2,,run
2026-09-18T12:42:26+03:00,1789724546,4491,54,3,29.9,39.8,,run
2026-09-18T12:42:32+03:00,1789724552,4497,54,3,29.9,39.8,,run
2026-09-18T12:42:37+03:00,1789724557,4502,54,3,29.9,38.3,,run
2026-09-18T12:42:42+03:00,1789724562,4507,54,3,29.9,49.1,,run
2026-09-18T12:42:47+03:00,1789724567,4512,53,3,30.0,40.2,,run
2026-09-18T12:42:53+03:00,1789724573,4518,53,3,30.0,39.5,,run
2026-09-18T12:42:58+03:00,1789724578,4523,53,3,30.0,39.5,,run
2026-09-18T12:43:03+03:00,1789724583,4528,53,3,30.0,39.2,,run
2026-09-18T12:43:08+03:00,1789724588,4533,53,3,30.0,47.0,,run
2026-09-18T12:43:14+03:00,1789724594,4539,53,3,30.0,40.8,,run
2026-09-18T12:43:19+03:00,1789724599,4544,53,3,30.0,39.5,,run
2026-09-18T12:43:24+03:00,1789724604,4549,53,3,30.0,39.8,,run
2026-09-18T12:43:29+03:00,1789724609,4554,53,3,30.0,39.5,,run
2026-09-18T12:43:34+03:00,1789724614,4559,53,3,30.0,39.2,,run
2026-09-18T12:43:40+03:00,1789724620,4565,53,3,30.0,38.9,,run
2026-09-18T12:43:45+03:00,1789724625,4570,53,3,30.0,39.8,,run
2026-09-18T12:43:50+03:00,1789724630,4575,53,3,30.0,39.2,,run
2026-09-18T12:43:55+03:00,1789724635,4580,53,3,30.0,39.2,,run
2026-09-18T12:44:01+03:00,1789724641,4586,53,3,30.0,38.9,,run
2026-09-18T12:44:06+03:00,1789724646,4591,53,3,30.0,38.9,,run
2026-09-18T12:44:11+03:00,1789724651,4596,53,3,30.0,39.2,,run
2026-09-18T12:44:16+03:00,1789724656,4601,53,3,30.0,39.2,,run
2026-09-18T12:44:21+03:00,1789724661,4606,53,3,30.0,49.1,,run
2026-09-18T12:44:27+03:00,1789724667,4612,53,3,30.0,41.1,,run
2026-09-18T12:44:32+03:00,1789724672,4617,53,3,30.0,41.1,,run
2026-09-18T12:44:37+03:00,1789724677,4622,53,3,30.0,38.6,,run
2026-09-18T12:44:43+03:00,1789724683,4628,53,3,30.0,40.2,,run
2026-09-18T12:44:48+03:00,1789724688,4633,53,3,30.0,38.6,,run
2026-09-18T12:44:53+03:00,1789724693,4638,53,3,30.0,38.3,,run
2026-09-18T12:44:58+03:00,1789724698,4643,53,3,30.0,38.0,,run
2026-09-18T12:45:03+03:00,1789724703,4648,53,3,30.0,38.6,,run
2026-09-18T12:45:09+03:00,1789724709,4654,53,3,30.0,50.7,,run
2026-09-18T12:45:14+03:00,1789724714,4659,53,3,30.0,41.7,,run
2026-09-18T12:45:19+03:00,1789724719,4664,53,3,30.0,40.5,,run
2026-09-18T12:45:24+03:00,1789724724,4669,53,3,30.0,40.8,,run
2026-09-18T12:45:30+03:00,1789724730,4675,53,3,30.0,39.2,,run
2026-09-18T12:45:35+03:00,1789724735,4680,53,3,30.0,38.6,,run
2026-09-18T12:45:40+03:00,1789724740,4685,53,3,30.0,39.2,,run
2026-09-18T12:45:45+03:00,1789724745,4690,53,3,30.0,39.2,,run
2026-09-18T12:45:51+03:00,1789724751,4696,53,3,30.0,39.5,,run
2026-09-18T12:45:56+03:00,1789724756,4701,53,3,30.0,39.8,,run
2026-09-18T12:46:01+03:00,1789724761,4706,53,3,30.0,39.8,,run
2026-09-18T12:46:06+03:00,1789724766,4711,53,3,30.0,40.2,,run
2026-09-18T12:46:11+03:00,1789724771,4716,53,3,30.0,39.8,,run
2026-09-18T12:46:17+03:00,1789724777,4722,53,3,30.0,39.5,,run
2026-09-18T12:46:22+03:00,1789724782,4727,53,3,30.0,45.7,,run
2026-09-18T12:46:27+03:00,1789724787,4732,53,3,30.0,45.1,,run
2026-09-18T12:46:32+03:00,1789724792,4737,53,3,30.0,42.6,,run
2026-09-18T12:46:37+03:00,1789724797,4742,53,3,30.0,39.8,,run
2026-09-18T12:46:43+03:00,1789724803,4748,53,3,30.0,38.9,,run
2026-09-18T12:46:48+03:00,1789724808,4753,53,3,30.0,39.2,,run
2026-09-18T12:46:53+03:00,1789724813,4758,53,3,30.0,38.9,,run
2026-09-18T12:46:58+03:00,1789724818,4763,53,3,30.0,38.6,,run
2026-09-18T12:47:04+03:00,1789724824,4769,53,3,30.0,38.9,,run
2026-09-18T12:47:09+03:00,1789724829,4774,53,3,30.0,49.4,,run
2026-09-18T12:47:14+03:00,1789724834,4779,53,3,30.0,41.4,,run
2026-09-18T12:47:19+03:00,1789724839,4784,53,3,30.0,40.8,,run
2026-09-18T12:47:25+03:00,1789724845,4790,53,3,30.0,40.2,,run
2026-09-18T12:47:30+03:00,1789724850,4795,53,3,30.0,39.8,,run
2026-09-18T12:47:35+03:00,1789724855,4800,53,3,30.0,39.2,,run
2026-09-18T12:47:40+03:00,1789724860,4805,53,3,30.0,38.9,,run
2026-09-18T12:47:45+03:00,1789724865,4810,53,3,30.0,39.5,,run
2026-09-18T12:47:51+03:00,1789724871,4816,53,3,30.0,39.8,,run
2026-09-18T12:47:56+03:00,1789724876,4821,53,3,30.0,39.2,,run
2026-09-18T12:48:01+03:00,1789724881,4826,53,3,30.0,39.5,,run
2026-09-18T12:48:06+03:00,1789724886,4831,53,3,30.0,39.2,,run
2026-09-18T12:48:11+03:00,1789724891,4836,53,3,30.0,40.5,,run
2026-09-18T12:48:17+03:00,1789724897,4842,53,3,30.0,39.2,,run
2026-09-18T12:48:22+03:00,1789724902,4847,53,3,30.0,38.9,,run
2026-09-18T12:48:27+03:00,1789724907,4852,53,3,30.0,49.7,,run
2026-09-18T12:48:32+03:00,1789724912,4857,53,3,30.0,44.5,,run
2026-09-18T12:48:38+03:00,1789724918,4863,53,3,30.0,39.8,,run
2026-09-18T12:48:43+03:00,1789724923,4868,53,3,30.0,39.8,,run
2026-09-18T12:48:48+03:00,1789724928,4873,53,3,30.0,39.2,,run
2026-09-18T12:48:53+03:00,1789724933,4878,53,3,30.0,39.2,,run
2026-09-18T12:48:59+03:00,1789724939,4884,53,3,30.0,38.3,,run
2026-09-18T12:49:04+03:00,1789724944,4889,53,3,30.0,38.6,,run
2026-09-18T12:49:09+03:00,1789724949,4894,53,3,30.0,41.7,,run
2026-09-18T12:49:14+03:00,1789724954,4899,53,3,30.0,44.5,,run
2026-09-18T12:49:20+03:00,1789724960,4905,53,3,30.0,39.8,,run
2026-09-18T12:49:25+03:00,1789724965,4910,53,3,30.0,40.8,,run
2026-09-18T12:49:30+03:00,1789724970,4915,53,3,30.0,39.2,,run
2026-09-18T12:49:35+03:00,1789724975,4920,53,3,30.0,39.2,,run
2026-09-18T12:49:40+03:00,1789724980,4925,53,3,30.0,39.2,,run
2026-09-18T12:49:46+03:00,1789724986,4931,53,3,30.0,38.9,,run
2026-09-18T12:49:51+03:00,1789724991,4936,53,3,30.0,39.8,,run
2026-09-18T12:49:56+03:00,1789724996,4941,53,3,30.0,38.9,,run
2026-09-18T12:50:01+03:00,1789725001,4946,53,3,30.0,38.9,,run
2026-09-18T12:50:07+03:00,1789725007,4952,53,3,30.0,38.6,,run
2026-09-18T12:50:12+03:00,1789725012,4957,53,3,30.0,38.6,,run
2026-09-18T12:50:17+03:00,1789725017,4962,53,3,30.0,38.9,,run
2026-09-18T12:50:22+03:00,1789725022,4967,53,3,30.0,39.8,,run
2026-09-18T12:50:27+03:00,1789725027,4972,53,3,30.0,49.7,,run
2026-09-18T12:50:33+03:00,1789725033,4978,53,3,30.0,42.3,,run
2026-09-18T12:50:38+03:00,1789725038,4983,53,3,30.0,40.8,,run
2026-09-18T12:50:43+03:00,1789725043,4988,53,3,30.0,39.5,,run
2026-09-18T12:50:49+03:00,1789725049,4994,53,3,30.0,39.5,,run
2026-09-18T12:50:54+03:00,1789725054,4999,53,3,30.0,39.2,,run
2026-09-18T12:50:59+03:00,1789725059,5004,53,3,30.0,38.9,,run
2026-09-18T12:51:04+03:00,1789725064,5009,53,3,30.0,38.9,,run
2026-09-18T12:51:10+03:00,1789725070,5015,53,3,30.0,38.6,,run
2026-09-18T12:51:15+03:00,1789725075,5020,53,3,30.0,52.2,,run
2026-09-18T12:51:20+03:00,1789725080,5025,53,3,30.0,41.1,,run
2026-09-18T12:51:25+03:00,1789725085,5030,53,3,30.0,39.8,,run
2026-09-18T12:51:30+03:00,1789725090,5035,53,3,30.0,40.2,,run
2026-09-18T12:51:36+03:00,1789725096,5041,53,3,30.0,39.5,,run
2026-09-18T12:51:41+03:00,1789725101,5046,53,3,30.0,39.2,,run
2026-09-18T12:51:46+03:00,1789725106,5051,53,3,30.0,39.5,,run
2026-09-18T12:51:51+03:00,1789725111,5056,53,3,30.0,39.2,,run
2026-09-18T12:51:57+03:00,1789725117,5062,53,3,30.0,38.9,,run
2026-09-18T12:52:02+03:00,1789725122,5067,53,3,30.0,40.2,,run
2026-09-18T12:52:07+03:00,1789725127,5072,53,3,30.0,39.2,,run
2026-09-18T12:52:12+03:00,1789725132,5077,53,3,30.0,38.6,,run
2026-09-18T12:52:17+03:00,1789725137,5082,53,3,30.0,40.2,,run
2026-09-18T12:52:23+03:00,1789725143,5088,53,3,30.0,40.2,,run
2026-09-18T12:52:28+03:00,1789725148,5093,53,3,30.0,41.7,,run
2026-09-18T12:52:33+03:00,1789725153,5098,53,3,30.0,44.8,,run
2026-09-18T12:52:38+03:00,1789725158,5103,53,3,30.0,40.8,,run
2026-09-18T12:52:44+03:00,1789725164,5109,53,3,30.0,39.5,,run
2026-09-18T12:52:49+03:00,1789725169,5114,53,3,30.0,40.5,,run
2026-09-18T12:52:54+03:00,1789725174,5119,53,3,29.9,39.8,,run
2026-09-18T12:52:59+03:00,1789725179,5124,53,3,29.9,39.8,,run
2026-09-18T12:53:04+03:00,1789725184,5129,53,3,29.9,38.0,,run
2026-09-18T12:53:10+03:00,1789725190,5135,53,3,29.9,38.6,,run
2026-09-18T12:53:15+03:00,1789725195,5140,53,3,29.9,49.7,,run
2026-09-18T12:53:20+03:00,1789725200,5145,53,3,29.9,43.2,,run
2026-09-18T12:53:26+03:00,1789725206,5151,53,3,29.9,41.4,,run
2026-09-18T12:53:31+03:00,1789725211,5156,53,3,29.9,40.2,,run
2026-09-18T12:53:36+03:00,1789725216,5161,53,3,30.0,38.6,,run
2026-09-18T12:53:41+03:00,1789725221,5166,53,3,30.0,38.3,,run
2026-09-18T12:53:46+03:00,1789725226,5171,53,3,30.0,39.8,,run
2026-09-18T12:53:52+03:00,1789725232,5177,53,3,30.0,39.2,,run
2026-09-18T12:53:57+03:00,1789725237,5182,53,3,30.0,40.2,,run
2026-09-18T12:54:02+03:00,1789725242,5187,53,3,30.0,40.2,,run
2026-09-18T12:54:07+03:00,1789725247,5192,53,3,30.0,38.6,,run
2026-09-18T12:54:12+03:00,1789725252,5197,53,3,30.0,38.3,,run
2026-09-18T12:54:18+03:00,1789725258,5203,53,3,30.0,38.9,,run
2026-09-18T12:54:23+03:00,1789725263,5208,53,3,30.0,38.9,,run
2026-09-18T12:54:28+03:00,1789725268,5213,53,3,30.0,39.5,,run
2026-09-18T12:54:33+03:00,1789725273,5218,53,3,30.0,38.3,,run
2026-09-18T12:54:39+03:00,1789725279,5224,53,3,30.0,38.0,,run
2026-09-18T12:54:44+03:00,1789725284,5229,53,3,30.0,38.6,,run
2026-09-18T12:54:49+03:00,1789725289,5234,53,3,30.0,38.6,,run
2026-09-18T12:54:54+03:00,1789725294,5239,53,3,30.0,38.6,,run
2026-09-18T12:54:59+03:00,1789725299,5244,53,3,30.0,39.5,,run
2026-09-18T12:55:05+03:00,1789725305,5250,53,3,30.0,38.3,,run
2026-09-18T12:55:10+03:00,1789725310,5255,53,3,30.0,38.9,,run
2026-09-18T12:55:15+03:00,1789725315,5260,53,3,30.0,38.6,,run
2026-09-18T12:55:20+03:00,1789725320,5265,53,3,30.0,39.5,,run
2026-09-18T12:55:26+03:00,1789725326,5271,53,3,30.0,38.9,,run
2026-09-18T12:55:31+03:00,1789725331,5276,53,3,30.0,38.6,,run
2026-09-18T12:55:36+03:00,1789725336,5281,52,3,29.8,39.8,,run
2026-09-18T12:55:41+03:00,1789725341,5286,52,3,29.8,38.0,,run
2026-09-18T12:55:46+03:00,1789725346,5291,52,3,29.8,38.6,,run
2026-09-18T12:55:52+03:00,1789725352,5297,52,3,29.8,38.6,,run
2026-09-18T12:55:57+03:00,1789725357,5302,52,3,29.8,38.6,,run
2026-09-18T12:56:02+03:00,1789725362,5307,52,3,29.8,39.2,,run
2026-09-18T12:56:07+03:00,1789725367,5312,52,3,29.8,39.2,,run
2026-09-18T12:56:13+03:00,1789725373,5318,52,3,29.8,39.2,,run
2026-09-18T12:56:18+03:00,1789725378,5323,52,3,29.8,38.0,,run
2026-09-18T12:56:23+03:00,1789725383,5328,52,3,29.8,38.0,,run
2026-09-18T12:56:28+03:00,1789725388,5333,52,3,29.8,38.6,,run
2026-09-18T12:56:33+03:00,1789725393,5338,52,3,29.8,38.9,,run
2026-09-18T12:56:39+03:00,1789725399,5344,52,3,29.8,38.3,,run
2026-09-18T12:56:44+03:00,1789725404,5349,52,3,29.8,38.3,,run
2026-09-18T12:56:49+03:00,1789725409,5354,52,3,29.8,38.0,,run
2026-09-18T12:56:54+03:00,1789725414,5359,52,3,29.8,38.9,,run
2026-09-18T12:56:59+03:00,1789725419,5364,52,3,29.8,38.3,,run
2026-09-18T12:57:05+03:00,1789725425,5370,52,3,29.8,39.2,,run
2026-09-18T12:57:10+03:00,1789725430,5375,52,3,29.8,38.3,,run
2026-09-18T12:57:15+03:00,1789725435,5380,52,3,29.8,38.0,,run
2026-09-18T12:57:20+03:00,1789725440,5385,52,3,29.8,38.6,,run
2026-09-18T12:57:26+03:00,1789725446,5391,52,3,29.8,38.3,,run
2026-09-18T12:57:31+03:00,1789725451,5396,52,3,29.8,38.6,,run
2026-09-18T12:57:36+03:00,1789725456,5401,52,3,29.8,38.0,,run
2026-09-18T12:57:41+03:00,1789725461,5406,52,3,29.8,40.8,,run
2026-09-18T12:57:46+03:00,1789725466,5411,52,3,29.8,42.3,,run
2026-09-18T12:57:52+03:00,1789725472,5417,52,3,29.8,39.2,,run
2026-09-18T12:57:57+03:00,1789725477,5422,52,3,29.8,38.6,,run
2026-09-18T12:58:02+03:00,1789725482,5427,52,3,29.8,38.9,,run
2026-09-18T12:58:07+03:00,1789725487,5432,52,3,29.8,47.9,,run
2026-09-18T12:58:13+03:00,1789725493,5438,52,3,29.8,39.2,,run
2026-09-18T12:58:18+03:00,1789725498,5443,52,3,29.8,38.9,,run
2026-09-18T12:58:23+03:00,1789725503,5448,52,3,29.8,38.9,,run
2026-09-18T12:58:28+03:00,1789725508,5453,52,3,29.8,38.6,,run
2026-09-18T12:58:34+03:00,1789725514,5459,52,3,29.8,39.2,,run
2026-09-18T12:58:39+03:00,1789725519,5464,52,3,29.8,38.9,,run
2026-09-18T12:58:44+03:00,1789725524,5469,52,3,29.8,38.3,,run
2026-09-18T12:58:49+03:00,1789725529,5474,52,3,29.8,39.5,,run
2026-09-18T12:58:54+03:00,1789725534,5479,52,3,29.8,39.2,,run
2026-09-18T12:59:00+03:00,1789725540,5485,52,3,29.8,39.5,,run
2026-09-18T12:59:05+03:00,1789725545,5490,52,3,29.8,38.6,,run
2026-09-18T12:59:10+03:00,1789725550,5495,52,3,29.8,38.9,,run
2026-09-18T12:59:15+03:00,1789725555,5500,52,3,29.8,38.6,,run
2026-09-18T12:59:20+03:00,1789725560,5505,52,3,29.8,47.6,,run
2026-09-18T12:59:26+03:00,1789725566,5511,52,3,29.8,41.1,,run
2026-09-18T12:59:31+03:00,1789725571,5516,52,3,29.8,39.8,,run
2026-09-18T12:59:36+03:00,1789725576,5521,52,3,29.8,39.5,,run
2026-09-18T12:59:42+03:00,1789725582,5527,52,3,29.8,40.2,,run
2026-09-18T12:59:47+03:00,1789725587,5532,52,3,29.8,39.2,,run
2026-09-18T12:59:52+03:00,1789725592,5537,52,3,29.8,39.2,,run
2026-09-18T12:59:57+03:00,1789725597,5542,52,3,29.8,39.5,,run
2026-09-18T13:00:03+03:00,1789725603,5548,52,3,29.8,38.6,,run
2026-09-18T13:00:08+03:00,1789725608,5553,52,3,29.8,47.9,,run
2026-09-18T13:00:13+03:00,1789725613,5558,52,3,29.8,41.4,,run
2026-09-18T13:00:18+03:00,1789725618,5563,52,3,29.8,40.2,,run
2026-09-18T13:00:23+03:00,1789725623,5568,52,3,29.8,40.8,,run
2026-09-18T13:00:29+03:00,1789725629,5574,52,3,29.8,38.9,,run
2026-09-18T13:00:34+03:00,1789725634,5579,52,3,29.8,39.5,,run
2026-09-18T13:00:39+03:00,1789725639,5584,52,3,29.8,39.2,,run
2026-09-18T13:00:44+03:00,1789725644,5589,52,3,29.8,38.6,,run
2026-09-18T13:00:50+03:00,1789725650,5595,52,3,29.8,39.2,,run
2026-09-18T13:00:55+03:00,1789725655,5600,52,3,29.8,39.2,,run
2026-09-18T13:01:00+03:00,1789725660,5605,52,3,29.8,39.5,,run
2026-09-18T13:01:05+03:00,1789725665,5610,52,3,29.8,39.5,,run
2026-09-18T13:01:10+03:00,1789725670,5615,52,3,29.8,38.3,,run
2026-09-18T13:01:16+03:00,1789725676,5621,52,3,29.8,38.6,,run
2026-09-18T13:01:21+03:00,1789725681,5626,52,3,29.8,46.0,,run
2026-09-18T13:01:26+03:00,1789725686,5631,52,3,29.8,40.5,,run
2026-09-18T13:01:32+03:00,1789725692,5637,52,3,29.8,41.1,,run
2026-09-18T13:01:37+03:00,1789725697,5642,52,3,29.8,38.9,,run
2026-09-18T13:01:42+03:00,1789725702,5647,52,3,29.8,39.8,,run
2026-09-18T13:01:47+03:00,1789725707,5652,52,3,29.8,39.2,,run
2026-09-18T13:01:53+03:00,1789725713,5658,52,3,29.8,40.5,,run
2026-09-18T13:01:58+03:00,1789725718,5663,52,3,29.8,38.9,,run
2026-09-18T13:02:03+03:00,1789725723,5668,52,3,29.8,41.1,,run
2026-09-18T13:02:08+03:00,1789725728,5673,52,3,29.8,52.8,,run
2026-09-18T13:02:13+03:00,1789725733,5678,52,3,29.8,41.4,,run
2026-09-18T13:02:19+03:00,1789725739,5684,52,3,29.8,41.7,,run
2026-09-18T13:02:24+03:00,1789725744,5689,52,3,29.8,40.5,,run
2026-09-18T13:02:29+03:00,1789725749,5694,52,3,29.8,39.5,,run
2026-09-18T13:02:34+03:00,1789725754,5699,52,3,29.8,39.2,,run
2026-09-18T13:02:40+03:00,1789725760,5705,52,3,29.8,40.5,,run
2026-09-18T13:02:45+03:00,1789725765,5710,52,3,29.8,40.5,,run
2026-09-18T13:02:50+03:00,1789725770,5715,52,3,29.8,38.9,,run
2026-09-18T13:02:55+03:00,1789725775,5720,52,3,29.8,39.5,,run
2026-09-18T13:03:00+03:00,1789725780,5725,52,3,29.8,39.5,,run
2026-09-18T13:03:06+03:00,1789725786,5731,52,3,29.8,40.2,,run
2026-09-18T13:03:11+03:00,1789725791,5736,52,3,29.8,40.2,,run
2026-09-18T13:03:16+03:00,1789725796,5741,52,3,29.8,39.8,,run
2026-09-18T13:03:21+03:00,1789725801,5746,52,3,29.8,43.9,,run
2026-09-18T13:03:27+03:00,1789725807,5752,52,3,29.8,47.6,,run
2026-09-18T13:03:32+03:00,1789725812,5757,52,3,29.8,45.4,,run
2026-09-18T13:03:37+03:00,1789725817,5762,52,3,30.0,39.5,,run
2026-09-18T13:03:42+03:00,1789725822,5767,52,3,30.0,39.2,,run
2026-09-18T13:03:47+03:00,1789725827,5772,52,3,30.0,41.1,,run
2026-09-18T13:03:53+03:00,1789725833,5778,52,3,30.0,47.3,,run
2026-09-18T13:03:58+03:00,1789725838,5783,52,3,30.0,40.5,,run
2026-09-18T13:04:03+03:00,1789725843,5788,52,3,30.0,40.2,,run
2026-09-18T13:04:08+03:00,1789725848,5793,52,3,30.0,39.8,,run
2026-09-18T13:04:14+03:00,1789725854,5799,52,3,30.0,40.2,,run
2026-09-18T13:04:19+03:00,1789725859,5804,52,3,30.0,39.5,,run
2026-09-18T13:04:24+03:00,1789725864,5809,52,3,30.0,39.2,,run
2026-09-18T13:04:29+03:00,1789725869,5814,52,3,30.0,40.2,,run
2026-09-18T13:04:35+03:00,1789725875,5820,52,3,30.0,38.9,,run
2026-09-18T13:04:40+03:00,1789725880,5825,52,3,30.0,39.5,,run
2026-09-18T13:04:45+03:00,1789725885,5830,52,3,30.0,39.5,,run
2026-09-18T13:04:50+03:00,1789725890,5835,52,3,30.0,39.5,,run
2026-09-18T13:04:55+03:00,1789725895,5840,52,3,30.0,39.5,,run
2026-09-18T13:05:01+03:00,1789725901,5846,52,3,30.0,39.2,,run
2026-09-18T13:05:06+03:00,1789725906,5851,52,3,30.0,50.4,,run
2026-09-18T13:05:11+03:00,1789725911,5856,52,3,30.0,41.7,,run
2026-09-18T13:05:17+03:00,1789725917,5862,52,3,30.0,40.2,,run
2026-09-18T13:05:22+03:00,1789725922,5867,52,3,30.0,40.2,,run
2026-09-18T13:05:27+03:00,1789725927,5872,52,3,30.0,39.8,,run
2026-09-18T13:05:32+03:00,1789725932,5877,52,3,30.0,38.9,,run
2026-09-18T13:05:37+03:00,1789725937,5882,52,3,30.0,39.2,,run
2026-09-18T13:05:43+03:00,1789725943,5888,52,3,30.0,38.6,,run
2026-09-18T13:05:48+03:00,1789725948,5893,52,3,30.0,38.9,,run
2026-09-18T13:05:53+03:00,1789725953,5898,52,3,30.0,49.1,,run
2026-09-18T13:05:58+03:00,1789725958,5903,52,3,30.0,40.2,,run
2026-09-18T13:06:04+03:00,1789725964,5909,52,3,30.0,39.8,,run
2026-09-18T13:06:09+03:00,1789725969,5914,52,3,30.0,39.5,,run
2026-09-18T13:06:14+03:00,1789725974,5919,52,3,30.0,39.2,,run
2026-09-18T13:06:19+03:00,1789725979,5924,52,3,30.0,39.2,,run
2026-09-18T13:06:24+03:00,1789725984,5929,52,3,30.0,39.2,,run
2026-09-18T13:06:30+03:00,1789725990,5935,52,3,30.0,38.9,,run
2026-09-18T13:06:35+03:00,1789725995,5940,52,3,30.0,39.2,,run
2026-09-18T13:06:40+03:00,1789726000,5945,52,3,30.0,38.9,,run
2026-09-18T13:06:45+03:00,1789726005,5950,52,3,30.0,38.6,,run
2026-09-18T13:06:51+03:00,1789726011,5956,52,3,30.0,42.3,,run
2026-09-18T13:06:56+03:00,1789726016,5961,52,3,30.0,40.5,,run
2026-09-18T13:07:01+03:00,1789726021,5966,52,3,30.0,39.2,,run
2026-09-18T13:07:06+03:00,1789726026,5971,52,3,30.0,46.3,,run
2026-09-18T13:07:12+03:00,1789726032,5977,52,3,30.0,43.9,,run
2026-09-18T13:07:17+03:00,1789726037,5982,52,3,30.0,41.4,,run
2026-09-18T13:07:22+03:00,1789726042,5987,52,3,30.0,39.5,,run
2026-09-18T13:07:27+03:00,1789726047,5992,52,3,30.0,38.6,,run
2026-09-18T13:07:33+03:00,1789726053,5998,52,3,30.0,38.3,,run
2026-09-18T13:07:38+03:00,1789726058,6003,52,3,30.0,40.5,,run
2026-09-18T13:07:43+03:00,1789726063,6008,52,3,30.0,38.3,,run
2026-09-18T13:07:48+03:00,1789726068,6013,52,3,30.0,38.6,,run
2026-09-18T13:07:53+03:00,1789726073,6018,52,3,30.0,50.7,,run
2026-09-18T13:07:59+03:00,1789726079,6024,52,3,30.0,42.0,,run
2026-09-18T13:08:04+03:00,1789726084,6029,52,3,30.0,39.5,,run
2026-09-18T13:08:09+03:00,1789726089,6034,52,3,30.0,39.8,,run
2026-09-18T13:08:15+03:00,1789726095,6040,52,3,30.0,38.9,,run
2026-09-18T13:08:20+03:00,1789726100,6045,52,3,30.0,40.5,,run
2026-09-18T13:08:25+03:00,1789726105,6050,51,3,30.1,41.1,,run
2026-09-18T13:08:30+03:00,1789726110,6055,51,3,30.1,39.5,,run
2026-09-18T13:08:35+03:00,1789726115,6060,51,3,30.1,39.2,,run
2026-09-18T13:08:41+03:00,1789726121,6066,51,3,30.1,39.5,,run
2026-09-18T13:08:46+03:00,1789726126,6071,51,3,30.1,39.5,,run
2026-09-18T13:08:51+03:00,1789726131,6076,51,3,30.1,39.5,,run
2026-09-18T13:08:56+03:00,1789726136,6081,51,3,30.1,38.9,,run
2026-09-18T13:09:02+03:00,1789726142,6087,51,3,30.1,38.9,,run
2026-09-18T13:09:07+03:00,1789726147,6092,51,3,30.1,44.8,,run
2026-09-18T13:09:12+03:00,1789726152,6097,51,3,30.1,47.0,,run
2026-09-18T13:09:17+03:00,1789726157,6102,51,3,30.1,44.2,,run
2026-09-18T13:09:22+03:00,1789726162,6107,51,3,30.1,39.5,,run
2026-09-18T13:09:28+03:00,1789726168,6113,51,3,30.1,39.2,,run
2026-09-18T13:09:33+03:00,1789726173,6118,51,3,30.1,38.6,,run
2026-09-18T13:09:38+03:00,1789726178,6123,51,3,30.1,38.9,,run
2026-09-18T13:09:43+03:00,1789726183,6128,51,3,30.1,38.0,,run
2026-09-18T13:09:49+03:00,1789726189,6134,51,3,30.1,38.9,,run
2026-09-18T13:09:54+03:00,1789726194,6139,51,3,30.1,48.2,,run
2026-09-18T13:09:59+03:00,1789726199,6144,51,3,30.1,42.0,,run
2026-09-18T13:10:05+03:00,1789726205,6150,51,3,30.1,40.5,,run
2026-09-18T13:10:10+03:00,1789726210,6155,51,3,30.1,39.5,,run
2026-09-18T13:10:15+03:00,1789726215,6160,51,3,30.1,40.2,,run
2026-09-18T13:10:20+03:00,1789726220,6165,51,3,30.1,39.5,,run
2026-09-18T13:10:25+03:00,1789726225,6170,51,3,30.1,38.9,,run
2026-09-18T13:10:31+03:00,1789726231,6176,51,3,30.1,39.8,,run
2026-09-18T13:10:36+03:00,1789726236,6181,51,3,30.1,38.9,,run
2026-09-18T13:10:41+03:00,1789726241,6186,51,3,30.1,39.2,,run
2026-09-18T13:10:46+03:00,1789726246,6191,51,3,30.1,38.9,,run
2026-09-18T13:10:52+03:00,1789726252,6197,51,3,30.1,42.9,,run
2026-09-18T13:10:57+03:00,1789726257,6202,51,3,30.1,40.5,,run
2026-09-18T13:11:02+03:00,1789726262,6207,51,3,30.1,39.5,,run
2026-09-18T13:11:07+03:00,1789726267,6212,51,3,30.1,40.2,,run
2026-09-18T13:11:12+03:00,1789726272,6217,51,3,30.1,45.7,,run
2026-09-18T13:11:18+03:00,1789726278,6223,51,3,30.1,41.4,,run
2026-09-18T13:11:23+03:00,1789726283,6228,51,3,30.1,39.8,,run
2026-09-18T13:11:28+03:00,1789726288,6233,51,3,30.1,39.2,,run
2026-09-18T13:11:33+03:00,1789726293,6238,51,3,30.1,39.5,,run
2026-09-18T13:11:39+03:00,1789726299,6244,51,3,30.1,39.2,,run
2026-09-18T13:11:44+03:00,1789726304,6249,51,3,30.1,39.2,,run
2026-09-18T13:11:49+03:00,1789726309,6254,51,3,30.1,38.3,,run
2026-09-18T13:11:54+03:00,1789726314,6259,51,3,30.1,40.2,,run
2026-09-18T13:12:00+03:00,1789726320,6265,51,3,30.1,44.5,,run
2026-09-18T13:12:05+03:00,1789726325,6270,51,3,30.1,40.8,,run
2026-09-18T13:12:10+03:00,1789726330,6275,51,3,30.1,40.5,,run
2026-09-18T13:12:15+03:00,1789726335,6280,51,3,30.1,40.2,,run
2026-09-18T13:12:20+03:00,1789726340,6285,51,3,30.1,39.2,,run
2026-09-18T13:12:26+03:00,1789726346,6291,51,3,30.1,39.2,,run
2026-09-18T13:12:31+03:00,1789726351,6296,51,3,30.1,38.9,,run
2026-09-18T13:12:36+03:00,1789726356,6301,51,3,30.1,39.8,,run
2026-09-18T13:12:41+03:00,1789726361,6306,51,3,30.1,39.2,,run
2026-09-18T13:12:47+03:00,1789726367,6312,51,3,30.1,38.6,,run
2026-09-18T13:12:52+03:00,1789726372,6317,51,3,30.1,38.9,,run
2026-09-18T13:12:57+03:00,1789726377,6322,51,3,30.1,39.2,,run
2026-09-18T13:13:02+03:00,1789726382,6327,51,3,30.1,40.5,,run
2026-09-18T13:13:07+03:00,1789726387,6332,51,3,30.1,39.2,,run
2026-09-18T13:13:13+03:00,1789726393,6338,51,3,30.1,51.9,,run
2026-09-18T13:13:18+03:00,1789726398,6343,51,3,30.1,41.1,,run
2026-09-18T13:13:23+03:00,1789726403,6348,51,3,30.1,40.5,,run
2026-09-18T13:13:29+03:00,1789726409,6354,51,3,30.1,39.5,,run
2026-09-18T13:13:34+03:00,1789726414,6359,51,3,30.1,38.9,,run
2026-09-18T13:13:39+03:00,1789726419,6364,51,3,30.0,38.9,,run
2026-09-18T13:13:44+03:00,1789726424,6369,51,3,30.0,39.2,,run
2026-09-18T13:13:49+03:00,1789726429,6374,51,3,30.0,38.9,,run
2026-09-18T13:13:55+03:00,1789726435,6380,51,3,30.0,39.2,,run
2026-09-18T13:14:00+03:00,1789726440,6385,51,3,30.0,51.6,,run
2026-09-18T13:14:05+03:00,1789726445,6390,51,3,30.0,41.1,,run
2026-09-18T13:14:10+03:00,1789726450,6395,51,3,30.0,40.2,,run
2026-09-18T13:14:16+03:00,1789726456,6401,51,3,30.0,39.8,,run
2026-09-18T13:14:21+03:00,1789726461,6406,51,3,30.0,39.8,,run
2026-09-18T13:14:26+03:00,1789726466,6411,51,3,30.0,38.9,,run
2026-09-18T13:14:31+03:00,1789726471,6416,51,3,30.0,40.2,,run
2026-09-18T13:14:37+03:00,1789726477,6422,51,3,30.0,40.5,,run
2026-09-18T13:14:42+03:00,1789726482,6427,51,3,30.0,39.8,,run
2026-09-18T13:14:47+03:00,1789726487,6432,51,3,30.0,39.8,,run
2026-09-18T13:14:52+03:00,1789726492,6437,51,3,30.0,38.6,,run
2026-09-18T13:14:57+03:00,1789726497,6442,51,3,30.0,39.5,,run
2026-09-18T13:15:03+03:00,1789726503,6448,51,3,30.0,39.2,,run
2026-09-18T13:15:08+03:00,1789726508,6453,51,3,30.0,39.5,,run
2026-09-18T13:15:13+03:00,1789726513,6458,51,3,30.0,41.4,,run
2026-09-18T13:15:18+03:00,1789726518,6463,51,3,30.0,44.5,,run
2026-09-18T13:15:24+03:00,1789726524,6469,51,3,30.0,41.7,,run
2026-09-18T13:15:29+03:00,1789726529,6474,51,3,30.0,39.2,,run
2026-09-18T13:15:34+03:00,1789726534,6479,51,3,30.0,39.5,,run
2026-09-18T13:15:39+03:00,1789726539,6484,51,3,30.0,39.2,,run
2026-09-18T13:15:45+03:00,1789726544,6489,51,3,30.0,38.9,,run
2026-09-18T13:15:50+03:00,1789726550,6495,51,3,30.0,38.6,,run
2026-09-18T13:15:55+03:00,1789726555,6500,51,3,30.0,38.9,,run
2026-09-18T13:16:00+03:00,1789726560,6505,51,3,30.0,50.1,,run
2026-09-18T13:16:05+03:00,1789726565,6510,51,3,30.0,41.4,,run
2026-09-18T13:16:11+03:00,1789726571,6516,51,3,30.0,40.2,,run
2026-09-18T13:16:16+03:00,1789726576,6521,51,3,30.0,39.2,,run
2026-09-18T13:16:21+03:00,1789726581,6526,51,3,30.0,39.5,,run
2026-09-18T13:16:26+03:00,1789726586,6531,51,3,30.0,40.2,,run
2026-09-18T13:16:32+03:00,1789726592,6537,51,3,30.0,40.2,,run
2026-09-18T13:16:37+03:00,1789726597,6542,51,3,30.0,38.9,,run
2026-09-18T13:16:42+03:00,1789726602,6547,51,3,30.0,39.8,,run
2026-09-18T13:16:47+03:00,1789726607,6552,51,3,30.0,38.9,,run
2026-09-18T13:16:52+03:00,1789726612,6557,51,3,30.0,39.5,,run
2026-09-18T13:16:58+03:00,1789726618,6563,51,3,30.0,38.9,,run
2026-09-18T13:17:03+03:00,1789726623,6568,51,3,30.0,39.5,,run
2026-09-18T13:17:08+03:00,1789726628,6573,51,3,30.0,38.9,,run
2026-09-18T13:17:13+03:00,1789726633,6578,51,3,30.0,46.3,,run
2026-09-18T13:17:19+03:00,1789726639,6584,51,3,30.0,43.2,,run
2026-09-18T13:17:24+03:00,1789726644,6589,51,3,30.0,44.5,,run
2026-09-18T13:17:29+03:00,1789726649,6594,51,3,30.0,39.2,,run
2026-09-18T13:17:34+03:00,1789726654,6599,51,3,30.0,39.2,,run
2026-09-18T13:17:39+03:00,1789726659,6604,51,3,30.0,39.2,,run
2026-09-18T13:17:45+03:00,1789726665,6610,51,3,30.0,38.9,,run
2026-09-18T13:17:50+03:00,1789726670,6615,51,3,30.0,40.2,,run
2026-09-18T13:17:55+03:00,1789726675,6620,51,3,30.0,39.2,,run
2026-09-18T13:18:00+03:00,1789726680,6625,51,3,30.0,48.2,,run
2026-09-18T13:18:06+03:00,1789726686,6631,51,3,30.0,42.0,,run
2026-09-18T13:18:11+03:00,1789726691,6636,51,3,30.0,39.8,,run
2026-09-18T13:18:16+03:00,1789726696,6641,51,3,30.0,39.8,,run
2026-09-18T13:18:22+03:00,1789726702,6647,51,3,30.0,39.5,,run
2026-09-18T13:18:27+03:00,1789726707,6652,51,3,30.0,39.8,,run
2026-09-18T13:18:32+03:00,1789726712,6657,51,3,30.0,39.5,,run
2026-09-18T13:18:37+03:00,1789726717,6662,51,3,30.0,39.5,,run
2026-09-18T13:18:42+03:00,1789726722,6667,51,3,30.0,38.9,,run
2026-09-18T13:18:48+03:00,1789726728,6673,51,3,30.0,39.2,,run
2026-09-18T13:18:53+03:00,1789726733,6678,51,3,30.0,39.2,,run
2026-09-18T13:18:58+03:00,1789726738,6683,51,3,30.0,38.9,,run
2026-09-18T13:19:03+03:00,1789726743,6688,51,3,30.0,38.6,,run
2026-09-18T13:19:09+03:00,1789726749,6694,51,3,30.0,40.2,,run
2026-09-18T13:19:14+03:00,1789726754,6699,51,3,30.0,39.2,,run
2026-09-18T13:19:19+03:00,1789726759,6704,51,3,30.0,48.5,,run
2026-09-18T13:19:24+03:00,1789726764,6709,51,3,30.0,41.7,,run
2026-09-18T13:19:29+03:00,1789726769,6714,51,3,30.0,39.8,,run
2026-09-18T13:19:35+03:00,1789726775,6720,51,3,30.0,39.8,,run
2026-09-18T13:19:40+03:00,1789726780,6725,51,3,30.0,43.6,,run
2026-09-18T13:19:45+03:00,1789726785,6730,51,3,30.0,39.8,,run
2026-09-18T13:19:50+03:00,1789726790,6735,51,3,30.0,39.8,,run
2026-09-18T13:19:56+03:00,1789726796,6741,51,3,30.0,39.5,,run
2026-09-18T13:20:01+03:00,1789726801,6746,51,3,30.0,41.4,,run
2026-09-18T13:20:06+03:00,1789726806,6751,51,3,30.0,43.9,,run
2026-09-18T13:20:11+03:00,1789726811,6756,50,3,30.0,41.1,,run
2026-09-18T13:20:17+03:00,1789726817,6762,50,3,30.0,40.5,,run
2026-09-18T13:20:22+03:00,1789726822,6767,50,3,30.0,40.5,,run
2026-09-18T13:20:27+03:00,1789726827,6772,50,3,30.0,40.2,,run
2026-09-18T13:20:32+03:00,1789726832,6777,50,3,30.0,39.8,,run
2026-09-18T13:20:37+03:00,1789726837,6782,50,3,30.0,39.5,,run
2026-09-18T13:20:43+03:00,1789726843,6788,50,3,30.0,38.9,,run
2026-09-18T13:20:48+03:00,1789726848,6793,50,3,30.0,39.8,,run
2026-09-18T13:20:53+03:00,1789726853,6798,50,3,30.0,39.8,,run
2026-09-18T13:20:58+03:00,1789726858,6803,50,3,30.0,40.2,,run
2026-09-18T13:21:04+03:00,1789726864,6809,50,3,30.0,39.5,,run
2026-09-18T13:21:09+03:00,1789726869,6814,50,3,30.0,38.6,,run
2026-09-18T13:21:14+03:00,1789726874,6819,50,3,30.0,39.2,,run
2026-09-18T13:21:19+03:00,1789726879,6824,50,3,30.0,48.8,,run
2026-09-18T13:21:25+03:00,1789726885,6830,50,3,30.0,41.4,,run
2026-09-18T13:21:30+03:00,1789726890,6835,50,3,30.0,40.8,,run
2026-09-18T13:21:35+03:00,1789726895,6840,50,3,30.0,39.5,,run
2026-09-18T13:21:40+03:00,1789726900,6845,50,3,30.0,39.2,,run
2026-09-18T13:21:46+03:00,1789726906,6851,50,3,30.0,38.6,,run
2026-09-18T13:21:51+03:00,1789726911,6856,50,3,30.0,38.6,,run
2026-09-18T13:21:56+03:00,1789726916,6861,50,3,30.0,38.9,,run
2026-09-18T13:22:01+03:00,1789726921,6866,50,3,30.0,39.8,,run
2026-09-18T13:22:07+03:00,1789726927,6872,50,3,30.0,45.4,,run
2026-09-18T13:22:12+03:00,1789726932,6877,50,3,30.0,40.2,,run
2026-09-18T13:22:17+03:00,1789726937,6882,50,3,30.0,39.8,,run
2026-09-18T13:22:22+03:00,1789726942,6887,50,3,30.0,40.2,,run
2026-09-18T13:22:27+03:00,1789726947,6892,50,3,30.0,38.9,,run
2026-09-18T13:22:33+03:00,1789726953,6898,50,3,30.0,39.5,,run
2026-09-18T13:22:38+03:00,1789726958,6903,50,3,30.0,39.2,,run
2026-09-18T13:22:43+03:00,1789726963,6908,50,3,30.0,38.9,,run
2026-09-18T13:22:48+03:00,1789726968,6913,50,3,30.0,38.6,,run
2026-09-18T13:22:54+03:00,1789726974,6919,50,3,30.0,38.3,,run
2026-09-18T13:22:59+03:00,1789726979,6924,50,3,30.0,39.2,,run
2026-09-18T13:23:04+03:00,1789726984,6929,50,3,30.0,39.5,,run
2026-09-18T13:23:09+03:00,1789726989,6934,50,3,30.0,39.2,,run
2026-09-18T13:23:14+03:00,1789726994,6939,50,3,30.0,38.9,,run
2026-09-18T13:23:20+03:00,1789727000,6945,50,3,30.0,47.6,,run
2026-09-18T13:23:25+03:00,1789727005,6950,50,3,30.0,40.8,,run
2026-09-18T13:23:31+03:00,1789727011,6956,50,3,30.0,41.1,,run
2026-09-18T13:23:36+03:00,1789727016,6961,50,3,29.9,38.6,,run
2026-09-18T13:23:41+03:00,1789727021,6966,50,3,29.9,39.2,,run
2026-09-18T13:23:46+03:00,1789727026,6971,50,3,29.9,38.3,,run
2026-09-18T13:23:51+03:00,1789727031,6976,50,3,29.9,38.3,,run
2026-09-18T13:23:57+03:00,1789727037,6982,50,3,29.9,38.3,,run
2026-09-18T13:24:02+03:00,1789727042,6987,50,3,29.9,38.6,,run
2026-09-18T13:24:07+03:00,1789727047,6992,50,3,29.9,50.1,,run
2026-09-18T13:24:12+03:00,1789727052,6997,50,3,29.9,41.1,,run
2026-09-18T13:24:18+03:00,1789727058,7003,50,3,29.9,40.8,,run
2026-09-18T13:24:23+03:00,1789727063,7008,50,3,29.9,39.8,,run
2026-09-18T13:24:28+03:00,1789727068,7013,50,3,29.9,39.8,,run
2026-09-18T13:24:33+03:00,1789727073,7018,50,3,29.9,38.9,,run
2026-09-18T13:24:38+03:00,1789727078,7023,50,3,29.9,38.6,,run
2026-09-18T13:24:44+03:00,1789727084,7029,50,3,29.9,39.8,,run
2026-09-18T13:24:49+03:00,1789727089,7034,50,3,29.9,38.6,,run
2026-09-18T13:24:54+03:00,1789727094,7039,50,3,29.9,38.9,,run
2026-09-18T13:24:59+03:00,1789727099,7044,50,3,29.9,39.2,,run
2026-09-18T13:25:04+03:00,1789727104,7049,50,3,29.9,40.2,,run
2026-09-18T13:25:10+03:00,1789727110,7055,50,3,29.9,38.3,,run
2026-09-18T13:25:15+03:00,1789727115,7060,50,3,29.9,38.3,,run
2026-09-18T13:25:20+03:00,1789727120,7065,50,3,29.9,47.9,,run
2026-09-18T13:25:25+03:00,1789727125,7070,50,3,29.9,45.1,,run
2026-09-18T13:25:31+03:00,1789727131,7076,50,3,29.9,41.1,,run
2026-09-18T13:25:36+03:00,1789727136,7081,50,3,29.9,38.6,,run
2026-09-18T13:25:41+03:00,1789727141,7086,50,3,29.9,38.9,,run
2026-09-18T13:25:46+03:00,1789727146,7091,50,3,29.9,38.6,,run
2026-09-18T13:25:51+03:00,1789727151,7096,50,3,29.9,37.7,,run
2026-09-18T13:25:57+03:00,1789727157,7102,50,3,29.9,38.9,,run
2026-09-18T13:26:02+03:00,1789727162,7107,50,3,29.9,38.0,,run
2026-09-18T13:26:07+03:00,1789727167,7112,50,3,29.9,49.7,,run
2026-09-18T13:26:13+03:00,1789727173,7118,50,3,29.9,42.3,,run
2026-09-18T13:26:18+03:00,1789727178,7123,50,3,29.9,40.2,,run
2026-09-18T13:26:23+03:00,1789727183,7128,50,3,29.9,39.5,,run
2026-09-18T13:26:28+03:00,1789727188,7133,50,3,29.9,39.2,,run
2026-09-18T13:26:33+03:00,1789727193,7138,50,3,29.9,39.5,,run
2026-09-18T13:26:39+03:00,1789727199,7144,50,3,29.9,39.5,,run
2026-09-18T13:26:44+03:00,1789727204,7149,50,3,29.9,38.0,,run
2026-09-18T13:26:49+03:00,1789727209,7154,50,3,29.9,39.8,,run
2026-09-18T13:26:54+03:00,1789727214,7159,50,3,29.9,39.5,,run
2026-09-18T13:27:00+03:00,1789727220,7165,50,3,29.9,38.9,,run
2026-09-18T13:27:05+03:00,1789727225,7170,50,3,29.9,38.9,,run
2026-09-18T13:27:10+03:00,1789727230,7175,50,3,29.9,38.9,,run
2026-09-18T13:27:15+03:00,1789727235,7180,50,3,29.9,39.2,,run
2026-09-18T13:27:20+03:00,1789727240,7185,50,3,29.9,43.2,,run
2026-09-18T13:27:26+03:00,1789727246,7191,50,3,29.9,49.7,,run
2026-09-18T13:27:31+03:00,1789727251,7196,50,3,29.9,43.6,,run
2026-09-18T13:27:36+03:00,1789727256,7201,50,3,29.9,39.2,,run
2026-09-18T13:27:41+03:00,1789727261,7206,50,3,29.9,39.5,,run
2026-09-18T13:27:47+03:00,1789727267,7212,50,3,29.9,38.3,,run
2026-09-18T13:27:52+03:00,1789727272,7217,50,3,29.9,38.0,,run
2026-09-18T13:27:57+03:00,1789727277,7222,50,3,29.9,38.6,,run
2026-09-18T13:28:02+03:00,1789727282,7227,50,3,29.9,38.3,,run
2026-09-18T13:28:07+03:00,1789727287,7232,50,3,29.9,47.9,,run
2026-09-18T13:28:13+03:00,1789727293,7238,50,3,29.9,42.0,,run
2026-09-18T13:28:18+03:00,1789727298,7243,50,3,29.9,39.8,,run
2026-09-18T13:28:23+03:00,1789727303,7248,50,3,29.9,39.8,,run
2026-09-18T13:28:29+03:00,1789727309,7254,50,3,29.9,40.2,,run
2026-09-18T13:28:34+03:00,1789727314,7259,50,3,29.9,40.5,,run
2026-09-18T13:28:39+03:00,1789727319,7264,50,3,29.9,39.5,,run
2026-09-18T13:28:44+03:00,1789727324,7269,50,3,29.9,39.2,,run
2026-09-18T13:28:50+03:00,1789727330,7275,50,3,29.9,39.8,,run
2026-09-18T13:28:55+03:00,1789727335,7280,50,3,29.9,39.2,,run
2026-09-18T13:29:00+03:00,1789727340,7285,50,3,29.9,39.8,,run
2026-09-18T13:29:05+03:00,1789727345,7290,50,3,29.9,38.3,,run
2026-09-18T13:29:10+03:00,1789727350,7295,50,3,29.9,40.2,,run
2026-09-18T13:29:16+03:00,1789727356,7301,50,3,29.9,40.2,,run
2026-09-18T13:29:21+03:00,1789727361,7306,50,3,29.9,39.5,,run
2026-09-18T13:29:26+03:00,1789727366,7311,50,3,29.9,49.1,,run
2026-09-18T13:29:31+03:00,1789727371,7316,50,3,29.9,42.0,,run
2026-09-18T13:29:37+03:00,1789727377,7322,50,3,29.9,39.8,,run
2026-09-18T13:29:42+03:00,1789727382,7327,50,3,29.9,40.2,,run
2026-09-18T13:29:47+03:00,1789727387,7332,50,3,29.9,38.6,,run
2026-09-18T13:29:52+03:00,1789727392,7337,50,3,29.9,38.3,,run
2026-09-18T13:29:57+03:00,1789727397,7342,50,3,29.9,39.5,,run
2026-09-18T13:30:03+03:00,1789727403,7348,50,3,29.9,39.2,,run
2026-09-18T13:30:08+03:00,1789727408,7353,50,3,29.9,40.8,,run
2026-09-18T13:30:13+03:00,1789727413,7358,50,3,29.9,43.9,,run
2026-09-18T13:30:18+03:00,1789727418,7363,50,3,29.9,40.2,,run
2026-09-18T13:30:24+03:00,1789727424,7369,50,3,29.9,39.2,,run
2026-09-18T13:30:29+03:00,1789727429,7374,50,3,29.9,38.9,,run
2026-09-18T13:30:34+03:00,1789727434,7379,50,3,29.9,38.9,,run
2026-09-18T13:30:39+03:00,1789727439,7384,50,3,29.9,39.2,,run
2026-09-18T13:30:44+03:00,1789727444,7389,50,3,29.9,39.2,,run
2026-09-18T13:30:50+03:00,1789727450,7395,50,3,29.9,38.9,,run
2026-09-18T13:30:55+03:00,1789727455,7400,50,3,29.9,39.2,,run
2026-09-18T13:31:00+03:00,1789727460,7405,50,3,29.9,39.8,,run
2026-09-18T13:31:05+03:00,1789727465,7410,50,3,29.9,39.5,,run
2026-09-18T13:31:11+03:00,1789727471,7416,50,3,29.9,39.5,,run
2026-09-18T13:31:16+03:00,1789727476,7421,50,3,29.9,39.2,,run
2026-09-18T13:31:21+03:00,1789727481,7426,50,3,29.9,38.6,,run
2026-09-18T13:31:26+03:00,1789727486,7431,50,3,29.9,50.7,,run
2026-09-18T13:31:32+03:00,1789727492,7437,50,3,29.9,39.8,,run
2026-09-18T13:31:37+03:00,1789727497,7442,50,3,29.9,40.5,,run
2026-09-18T13:31:42+03:00,1789727502,7447,50,3,29.9,40.2,,run
2026-09-18T13:31:48+03:00,1789727508,7453,50,3,29.9,39.2,,run
2026-09-18T13:31:53+03:00,1789727513,7458,50,3,29.9,38.6,,run
2026-09-18T13:31:58+03:00,1789727518,7463,50,3,29.9,38.6,,run
2026-09-18T13:32:03+03:00,1789727523,7468,50,3,29.9,38.3,,run
2026-09-18T13:32:08+03:00,1789727528,7473,50,3,29.9,39.2,,run
2026-09-18T13:32:14+03:00,1789727534,7479,50,3,29.9,47.9,,run
2026-09-18T13:32:19+03:00,1789727539,7484,50,3,29.9,39.5,,run
2026-09-18T13:32:24+03:00,1789727544,7489,50,3,29.9,39.8,,run
2026-09-18T13:32:29+03:00,1789727549,7494,50,3,29.9,39.2,,run
2026-09-18T13:32:35+03:00,1789727555,7500,50,3,29.9,39.2,,run
2026-09-18T13:32:40+03:00,1789727560,7505,50,3,29.9,39.5,,run
2026-09-18T13:32:45+03:00,1789727565,7510,50,3,29.9,40.2,,run
2026-09-18T13:32:50+03:00,1789727570,7515,50,3,29.9,38.9,,run
2026-09-18T13:32:56+03:00,1789727576,7521,50,3,29.9,38.9,,run
2026-09-18T13:33:01+03:00,1789727581,7526,50,3,29.8,41.7,,run
2026-09-18T13:33:06+03:00,1789727586,7531,49,3,29.8,39.2,,run
2026-09-18T13:33:11+03:00,1789727591,7536,49,3,29.8,39.5,,run
2026-09-18T13:33:16+03:00,1789727596,7541,49,3,29.8,38.9,,run
2026-09-18T13:33:22+03:00,1789727602,7547,49,3,29.8,39.2,,run
2026-09-18T13:33:27+03:00,1789727607,7552,49,3,29.8,47.9,,run
2026-09-18T13:33:32+03:00,1789727612,7557,49,3,29.8,40.5,,run
2026-09-18T13:33:38+03:00,1789727618,7563,49,3,29.8,40.2,,run
2026-09-18T13:33:43+03:00,1789727623,7568,49,3,29.8,39.5,,run
2026-09-18T13:33:48+03:00,1789727628,7573,49,3,29.8,39.2,,run
2026-09-18T13:33:53+03:00,1789727633,7578,49,3,29.8,38.3,,run
2026-09-18T13:33:59+03:00,1789727639,7584,49,3,29.8,38.6,,run
2026-09-18T13:34:04+03:00,1789727644,7589,49,3,29.8,39.5,,run
2026-09-18T13:34:09+03:00,1789727649,7594,49,3,29.8,37.7,,run
2026-09-18T13:34:14+03:00,1789727654,7599,49,3,29.8,50.7,,run
2026-09-18T13:34:19+03:00,1789727659,7604,49,3,29.8,40.5,,run
2026-09-18T13:34:25+03:00,1789727665,7610,49,3,29.8,40.2,,run
2026-09-18T13:34:30+03:00,1789727670,7615,49,3,29.8,38.6,,run
2026-09-18T13:34:35+03:00,1789727675,7620,49,3,29.8,38.9,,run
2026-09-18T13:34:40+03:00,1789727680,7625,49,3,29.8,38.3,,run
2026-09-18T13:34:46+03:00,1789727686,7631,49,3,29.8,39.5,,run
2026-09-18T13:34:51+03:00,1789727691,7636,49,3,29.8,39.2,,run
2026-09-18T13:34:56+03:00,1789727696,7641,49,3,29.8,39.2,,run
2026-09-18T13:35:01+03:00,1789727701,7646,49,3,29.8,38.3,,run
2026-09-18T13:35:06+03:00,1789727706,7651,49,3,29.8,38.6,,run
2026-09-18T13:35:12+03:00,1789727712,7657,49,3,29.8,38.6,,run
2026-09-18T13:35:17+03:00,1789727717,7662,49,3,29.8,39.5,,run
2026-09-18T13:35:22+03:00,1789727722,7667,49,3,29.8,39.5,,run
2026-09-18T13:35:27+03:00,1789727727,7672,49,3,29.8,40.8,,run
2026-09-18T13:35:33+03:00,1789727733,7678,49,3,29.8,44.2,,run
2026-09-18T13:35:38+03:00,1789727738,7683,49,3,29.8,42.0,,run
2026-09-18T13:35:43+03:00,1789727743,7688,49,3,29.8,38.6,,run
2026-09-18T13:35:48+03:00,1789727748,7693,49,3,29.8,39.8,,run
2026-09-18T13:35:53+03:00,1789727753,7698,49,3,29.8,39.5,,run
2026-09-18T13:35:59+03:00,1789727759,7704,49,3,29.8,39.5,,run
2026-09-18T13:36:04+03:00,1789727764,7709,49,3,29.8,38.6,,run
2026-09-18T13:36:09+03:00,1789727769,7714,49,3,29.8,38.3,,run
2026-09-18T13:36:14+03:00,1789727774,7719,49,3,29.8,50.7,,run
2026-09-18T13:36:20+03:00,1789727780,7725,49,3,29.8,42.6,,run
2026-09-18T13:36:25+03:00,1789727785,7730,49,3,29.8,39.5,,run
2026-09-18T13:36:30+03:00,1789727790,7735,49,3,29.8,38.6,,run
2026-09-18T13:36:35+03:00,1789727795,7740,49,3,29.8,38.9,,run
2026-09-18T13:36:41+03:00,1789727801,7746,49,3,29.8,39.8,,run
2026-09-18T13:36:46+03:00,1789727806,7751,49,3,29.8,39.5,,run
2026-09-18T13:36:51+03:00,1789727811,7756,49,3,29.8,39.2,,run
2026-09-18T13:36:56+03:00,1789727816,7761,49,3,29.8,40.2,,run
2026-09-18T13:37:02+03:00,1789727822,7767,49,3,29.8,38.9,,run
2026-09-18T13:37:07+03:00,1789727827,7772,49,3,29.8,38.3,,run
2026-09-18T13:37:12+03:00,1789727832,7777,49,3,29.8,42.6,,run
2026-09-18T13:37:17+03:00,1789727837,7782,49,3,29.8,39.5,,run
2026-09-18T13:37:22+03:00,1789727842,7787,49,3,29.8,39.8,,run
2026-09-18T13:37:28+03:00,1789727848,7793,49,3,29.8,45.1,,run
2026-09-18T13:37:33+03:00,1789727853,7798,49,3,29.8,47.3,,run
2026-09-18T13:37:38+03:00,1789727858,7803,49,3,29.8,44.2,,run
2026-09-18T13:37:43+03:00,1789727863,7808,49,3,29.8,39.2,,run
2026-09-18T13:37:49+03:00,1789727869,7814,49,3,29.8,38.6,,run
2026-09-18T13:37:54+03:00,1789727874,7819,49,3,29.8,38.6,,run
2026-09-18T13:37:59+03:00,1789727879,7824,49,3,29.8,38.3,,run
2026-09-18T13:38:04+03:00,1789727884,7829,49,3,29.8,38.9,,run
2026-09-18T13:38:09+03:00,1789727889,7834,49,3,29.8,39.2,,run
2026-09-18T13:38:15+03:00,1789727895,7840,49,3,29.8,49.4,,run
2026-09-18T13:38:20+03:00,1789727900,7845,49,3,29.8,42.0,,run
2026-09-18T13:38:25+03:00,1789727905,7850,49,3,29.8,40.2,,run
2026-09-18T13:38:31+03:00,1789727911,7856,49,3,29.8,38.9,,run
2026-09-18T13:38:36+03:00,1789727916,7861,49,3,29.8,39.2,,run
2026-09-18T13:38:41+03:00,1789727921,7866,49,3,29.8,38.9,,run
2026-09-18T13:38:46+03:00,1789727926,7871,49,3,29.8,40.5,,run
2026-09-18T13:38:51+03:00,1789727931,7876,49,3,29.8,40.5,,run
2026-09-18T13:38:57+03:00,1789727937,7882,49,3,29.8,39.8,,run
2026-09-18T13:39:02+03:00,1789727942,7887,49,3,29.8,39.2,,run
2026-09-18T13:39:07+03:00,1789727947,7892,49,3,29.8,39.5,,run
2026-09-18T13:39:12+03:00,1789727952,7897,49,3,29.8,38.6,,run
2026-09-18T13:39:17+03:00,1789727957,7902,49,3,29.8,38.9,,run
2026-09-18T13:39:23+03:00,1789727963,7908,49,3,29.8,39.5,,run
2026-09-18T13:39:28+03:00,1789727968,7913,49,3,29.8,39.2,,run
2026-09-18T13:39:33+03:00,1789727973,7918,49,3,29.8,45.4,,run
2026-09-18T13:39:38+03:00,1789727978,7923,49,3,29.8,40.2,,run
2026-09-18T13:39:44+03:00,1789727984,7929,49,3,29.8,40.2,,run
2026-09-18T13:39:49+03:00,1789727989,7934,49,3,29.8,39.8,,run
2026-09-18T13:39:54+03:00,1789727994,7939,49,3,29.8,39.2,,run
2026-09-18T13:39:59+03:00,1789727999,7944,49,3,29.8,39.2,,run
2026-09-18T13:40:05+03:00,1789728005,7950,49,3,29.8,38.6,,run
2026-09-18T13:40:10+03:00,1789728010,7955,49,3,29.8,38.9,,run
2026-09-18T13:40:15+03:00,1789728015,7960,49,3,29.8,40.5,,run
2026-09-18T13:40:20+03:00,1789728020,7965,49,3,29.8,43.9,,run
2026-09-18T13:40:26+03:00,1789728026,7971,49,3,29.8,40.2,,run
2026-09-18T13:40:31+03:00,1789728031,7976,49,3,29.8,40.8,,run
2026-09-18T13:40:36+03:00,1789728036,7981,49,3,29.8,40.2,,run
2026-09-18T13:40:41+03:00,1789728041,7986,49,3,29.8,40.5,,run
2026-09-18T13:40:46+03:00,1789728046,7991,49,3,29.8,39.8,,run
2026-09-18T13:40:52+03:00,1789728052,7997,49,3,29.8,39.2,,run
2026-09-18T13:40:57+03:00,1789728057,8002,49,3,29.8,38.6,,run
2026-09-18T13:41:02+03:00,1789728062,8007,49,3,29.8,38.3,,run
2026-09-18T13:41:07+03:00,1789728067,8012,49,3,29.8,38.6,,run
2026-09-18T13:41:13+03:00,1789728073,8018,49,3,29.8,39.2,,run
2026-09-18T13:41:18+03:00,1789728078,8023,49,3,29.8,39.5,,run
2026-09-18T13:41:23+03:00,1789728083,8028,49,3,29.8,39.2,,run
2026-09-18T13:41:28+03:00,1789728088,8033,49,3,29.8,40.2,,run
2026-09-18T13:41:33+03:00,1789728093,8038,49,3,29.8,49.7,,run
2026-09-18T13:41:39+03:00,1789728099,8044,49,3,29.8,41.7,,run
2026-09-18T13:41:44+03:00,1789728104,8049,49,3,29.8,40.2,,run
2026-09-18T13:41:50+03:00,1789728110,8055,49,3,29.8,39.2,,run
2026-09-18T13:41:55+03:00,1789728115,8060,49,3,29.8,38.9,,run
2026-09-18T13:42:00+03:00,1789728120,8065,49,3,29.8,38.6,,run
2026-09-18T13:42:05+03:00,1789728125,8070,49,3,29.8,38.3,,run
2026-09-18T13:42:10+03:00,1789728130,8075,49,3,29.8,39.5,,run
2026-09-18T13:42:16+03:00,1789728136,8081,49,3,29.8,37.7,,run
2026-09-18T13:42:21+03:00,1789728141,8086,49,3,29.8,47.9,,run
2026-09-18T13:42:26+03:00,1789728146,8091,49,3,29.8,41.1,,run
2026-09-18T13:42:31+03:00,1789728151,8096,49,3,29.8,39.8,,run
2026-09-18T13:42:37+03:00,1789728157,8102,49,3,29.8,40.5,,run
2026-09-18T13:42:42+03:00,1789728162,8107,49,3,29.8,39.5,,run
2026-09-18T13:42:47+03:00,1789728167,8112,49,3,29.8,38.9,,run
2026-09-18T13:42:52+03:00,1789728172,8117,49,3,29.8,39.8,,run
2026-09-18T13:42:57+03:00,1789728177,8122,49,3,29.8,38.3,,run
2026-09-18T13:43:03+03:00,1789728183,8128,49,3,29.8,39.2,,run
2026-09-18T13:43:08+03:00,1789728188,8133,49,3,29.8,38.3,,run
2026-09-18T13:43:13+03:00,1789728193,8138,49,3,29.8,38.0,,run
2026-09-18T13:43:18+03:00,1789728198,8143,49,3,29.8,39.5,,run
2026-09-18T13:43:23+03:00,1789728203,8148,49,3,29.8,39.2,,run
2026-09-18T13:43:29+03:00,1789728209,8154,49,3,29.8,39.2,,run
2026-09-18T13:43:34+03:00,1789728214,8159,49,3,29.8,48.5,,run
2026-09-18T13:43:39+03:00,1789728219,8164,49,3,29.8,41.7,,run
2026-09-18T13:43:45+03:00,1789728225,8170,49,3,29.8,41.1,,run
2026-09-18T13:43:50+03:00,1789728230,8175,49,3,29.8,39.8,,run
2026-09-18T13:43:55+03:00,1789728235,8180,49,3,29.8,39.8,,run
2026-09-18T13:44:00+03:00,1789728240,8185,49,3,29.8,38.9,,run
2026-09-18T13:44:06+03:00,1789728246,8191,49,3,29.8,38.3,,run
2026-09-18T13:44:11+03:00,1789728251,8196,49,3,29.8,38.0,,run
2026-09-18T13:44:16+03:00,1789728256,8201,49,3,29.8,38.9,,run
2026-09-18T13:44:21+03:00,1789728261,8206,49,3,29.8,51.0,,run
2026-09-18T13:44:26+03:00,1789728266,8211,49,3,29.8,41.7,,run
2026-09-18T13:44:32+03:00,1789728272,8217,49,3,29.8,39.8,,run
2026-09-18T13:44:37+03:00,1789728277,8222,49,3,29.8,39.8,,run
2026-09-18T13:44:42+03:00,1789728282,8227,49,3,29.8,39.2,,run
2026-09-18T13:44:47+03:00,1789728287,8232,48,3,29.8,40.2,,run
2026-09-18T13:44:53+03:00,1789728293,8238,48,3,29.8,39.2,,run
2026-09-18T13:44:58+03:00,1789728298,8243,48,3,29.8,39.5,,run
2026-09-18T13:45:03+03:00,1789728303,8248,48,3,29.8,38.6,,run
2026-09-18T13:45:08+03:00,1789728308,8253,48,3,29.8,38.9,,run
2026-09-18T13:45:13+03:00,1789728313,8258,48,3,29.8,38.9,,run
2026-09-18T13:45:19+03:00,1789728319,8264,48,3,29.8,38.6,,run
2026-09-18T13:45:24+03:00,1789728324,8269,48,3,29.8,39.2,,run
2026-09-18T13:45:29+03:00,1789728329,8274,48,3,29.8,38.3,,run
2026-09-18T13:45:34+03:00,1789728334,8279,48,3,29.8,46.0,,run
2026-09-18T13:45:40+03:00,1789728340,8285,48,3,29.8,48.2,,run
2026-09-18T13:45:45+03:00,1789728345,8290,48,3,29.8,43.9,,run
2026-09-18T13:45:50+03:00,1789728350,8295,48,3,29.8,39.8,,run
2026-09-18T13:45:55+03:00,1789728355,8300,48,3,29.8,39.5,,run
2026-09-18T13:46:00+03:00,1789728360,8305,48,3,29.8,40.8,,run
2026-09-18T13:46:06+03:00,1789728366,8311,48,3,29.8,38.9,,run
2026-09-18T13:46:11+03:00,1789728371,8316,48,3,29.8,39.2,,run
2026-09-18T13:46:16+03:00,1789728376,8321,48,3,29.8,39.5,,run
2026-09-18T13:46:21+03:00,1789728381,8326,48,3,29.8,48.2,,run
2026-09-18T13:46:27+03:00,1789728387,8332,48,3,29.8,41.7,,run
2026-09-18T13:46:32+03:00,1789728392,8337,48,3,29.8,39.5,,run
2026-09-18T13:46:37+03:00,1789728397,8342,48,3,29.8,40.5,,run
2026-09-18T13:46:43+03:00,1789728403,8348,48,3,29.8,39.8,,run
2026-09-18T13:46:48+03:00,1789728408,8353,48,3,29.8,39.2,,run
2026-09-18T13:46:53+03:00,1789728413,8358,48,3,29.8,39.5,,run
2026-09-18T13:46:58+03:00,1789728418,8363,48,3,29.8,38.9,,run
2026-09-18T13:47:04+03:00,1789728424,8369,48,3,29.8,39.2,,run
2026-09-18T13:47:09+03:00,1789728429,8374,48,3,29.8,38.9,,run
2026-09-18T13:47:14+03:00,1789728434,8379,48,3,29.8,39.2,,run
2026-09-18T13:47:19+03:00,1789728439,8384,48,3,29.8,38.9,,run
2026-09-18T13:47:24+03:00,1789728444,8389,48,3,29.8,39.8,,run
2026-09-18T13:47:30+03:00,1789728450,8395,48,3,29.8,39.5,,run
2026-09-18T13:47:35+03:00,1789728455,8400,48,3,29.8,39.8,,run
2026-09-18T13:47:40+03:00,1789728460,8405,48,3,29.8,49.4,,run
2026-09-18T13:47:45+03:00,1789728465,8410,48,3,29.8,45.1,,run
2026-09-18T13:47:51+03:00,1789728471,8416,48,3,29.8,39.8,,run
2026-09-18T13:47:56+03:00,1789728476,8421,48,3,29.8,39.2,,run
2026-09-18T13:48:01+03:00,1789728481,8426,48,3,29.8,39.5,,run
2026-09-18T13:48:06+03:00,1789728486,8431,48,3,29.8,38.0,,run
2026-09-18T13:48:11+03:00,1789728491,8436,48,3,29.8,38.6,,run
2026-09-18T13:48:17+03:00,1789728497,8442,48,3,29.8,38.6,,run
2026-09-18T13:48:22+03:00,1789728502,8447,48,3,29.8,44.2,,run
2026-09-18T13:48:27+03:00,1789728507,8452,48,3,29.8,42.6,,run
2026-09-18T13:48:33+03:00,1789728513,8458,48,3,29.8,39.5,,run
2026-09-18T13:48:38+03:00,1789728518,8463,48,3,29.8,40.2,,run
2026-09-18T13:48:43+03:00,1789728523,8468,48,3,29.8,40.2,,run
2026-09-18T13:48:48+03:00,1789728528,8473,48,3,29.8,39.8,,run
2026-09-18T13:48:54+03:00,1789728534,8479,48,3,29.8,38.9,,run
2026-09-18T13:48:59+03:00,1789728539,8484,48,3,29.8,38.9,,run
2026-09-18T13:49:04+03:00,1789728544,8489,48,3,29.8,39.2,,run
2026-09-18T13:49:09+03:00,1789728549,8494,48,3,29.8,39.2,,run
2026-09-18T13:49:14+03:00,1789728554,8499,48,3,29.8,38.6,,run
2026-09-18T13:49:20+03:00,1789728560,8505,48,3,29.8,39.8,,run
2026-09-18T13:49:25+03:00,1789728565,8510,48,3,29.8,38.6,,run
2026-09-18T13:49:30+03:00,1789728570,8515,48,3,29.8,38.9,,run
2026-09-18T13:49:35+03:00,1789728575,8520,48,3,29.8,38.6,,run
2026-09-18T13:49:41+03:00,1789728581,8526,48,3,29.8,50.4,,run
2026-09-18T13:49:46+03:00,1789728586,8531,48,3,29.8,40.8,,run
2026-09-18T13:49:51+03:00,1789728591,8536,48,3,29.8,40.2,,run
2026-09-18T13:49:57+03:00,1789728597,8542,48,3,29.8,38.9,,run
2026-09-18T13:50:02+03:00,1789728602,8547,48,3,29.8,39.5,,run
2026-09-18T13:50:07+03:00,1789728607,8552,48,3,29.8,38.0,,run
2026-09-18T13:50:12+03:00,1789728612,8557,48,3,29.8,38.6,,run
2026-09-18T13:50:17+03:00,1789728617,8562,48,3,29.8,38.6,,run
2026-09-18T13:50:23+03:00,1789728623,8568,48,3,29.8,40.8,,run
2026-09-18T13:50:28+03:00,1789728628,8573,48,3,29.8,44.2,,run
2026-09-18T13:50:33+03:00,1789728633,8578,48,3,29.8,39.5,,run
2026-09-18T13:50:38+03:00,1789728638,8583,48,3,29.8,39.8,,run
2026-09-18T13:50:44+03:00,1789728644,8589,48,3,29.8,39.2,,run
2026-09-18T13:50:49+03:00,1789728649,8594,48,3,29.8,39.5,,run
2026-09-18T13:50:54+03:00,1789728654,8599,48,3,29.8,39.5,,run
2026-09-18T13:50:59+03:00,1789728659,8604,48,3,29.8,38.6,,run
2026-09-18T13:51:05+03:00,1789728665,8610,48,3,29.8,39.8,,run
2026-09-18T13:51:10+03:00,1789728670,8615,48,3,29.8,38.9,,run
2026-09-18T13:51:15+03:00,1789728675,8620,48,3,29.8,39.5,,run
2026-09-18T13:51:20+03:00,1789728680,8625,48,3,29.8,38.6,,run
2026-09-18T13:51:25+03:00,1789728685,8630,48,3,29.8,40.8,,run
2026-09-18T13:51:31+03:00,1789728691,8636,48,3,29.8,39.2,,run
2026-09-18T13:51:36+03:00,1789728696,8641,48,3,29.8,39.2,,run
2026-09-18T13:51:41+03:00,1789728701,8646,48,3,29.8,50.4,,run
2026-09-18T13:51:47+03:00,1789728707,8652,48,3,29.8,41.7,,run
2026-09-18T13:51:52+03:00,1789728712,8657,48,3,29.8,39.8,,run
2026-09-18T13:51:57+03:00,1789728717,8662,48,3,29.8,38.9,,run
2026-09-18T13:52:02+03:00,1789728722,8667,48,3,29.8,39.8,,run
2026-09-18T13:52:08+03:00,1789728728,8673,48,3,29.8,38.3,,run
2026-09-18T13:52:13+03:00,1789728733,8678,48,3,29.8,39.2,,run
2026-09-18T13:52:18+03:00,1789728738,8683,48,3,29.8,38.6,,run
2026-09-18T13:52:23+03:00,1789728743,8688,48,3,29.8,39.2,,run
2026-09-18T13:52:28+03:00,1789728748,8693,48,3,29.8,52.2,,run
2026-09-18T13:52:34+03:00,1789728754,8699,48,3,29.8,41.4,,run
2026-09-18T13:52:39+03:00,1789728759,8704,48,3,29.8,40.2,,run
2026-09-18T13:52:44+03:00,1789728764,8709,48,3,29.8,39.8,,run
2026-09-18T13:52:49+03:00,1789728769,8714,48,3,29.8,39.2,,run
2026-09-18T13:52:55+03:00,1789728775,8720,48,3,29.8,39.5,,run
2026-09-18T13:53:00+03:00,1789728780,8725,48,3,29.8,39.8,,run
2026-09-18T13:53:05+03:00,1789728785,8730,48,3,29.8,38.9,,run
2026-09-18T13:53:10+03:00,1789728790,8735,48,3,29.8,38.9,,run
2026-09-18T13:53:15+03:00,1789728795,8740,48,3,29.8,38.9,,run
2026-09-18T13:53:21+03:00,1789728801,8746,48,3,29.8,41.7,,run
2026-09-18T13:53:26+03:00,1789728806,8751,48,3,29.8,40.2,,run
2026-09-18T13:53:31+03:00,1789728811,8756,48,3,29.8,39.5,,run
2026-09-18T13:53:36+03:00,1789728816,8761,48,3,29.7,39.2,,run
2026-09-18T13:53:42+03:00,1789728822,8767,48,3,29.7,41.7,,run
2026-09-18T13:53:47+03:00,1789728827,8772,48,3,29.7,44.2,,run
2026-09-18T13:53:52+03:00,1789728832,8777,48,3,29.7,42.0,,run
2026-09-18T13:53:57+03:00,1789728837,8782,48,3,29.7,39.8,,run
2026-09-18T13:54:02+03:00,1789728842,8787,48,3,29.7,39.8,,run
2026-09-18T13:54:08+03:00,1789728848,8793,48,3,29.7,39.2,,run
2026-09-18T13:54:13+03:00,1789728853,8798,48,3,29.7,39.2,,run
2026-09-18T13:54:18+03:00,1789728858,8803,48,3,29.7,38.9,,run
2026-09-18T13:54:23+03:00,1789728863,8808,48,3,29.7,38.9,,run
2026-09-18T13:54:29+03:00,1789728869,8814,48,3,29.7,49.7,,run
2026-09-18T13:54:34+03:00,1789728874,8819,48,3,29.7,42.9,,run
2026-09-18T13:54:39+03:00,1789728879,8824,48,3,29.7,40.2,,run
2026-09-18T13:54:44+03:00,1789728884,8829,48,3,29.7,39.8,,run
2026-09-18T13:54:50+03:00,1789728890,8835,48,3,29.7,39.2,,run
2026-09-18T13:54:55+03:00,1789728895,8840,48,3,29.7,39.2,,run
2026-09-18T13:55:00+03:00,1789728900,8845,48,3,29.7,39.5,,run
2026-09-18T13:55:05+03:00,1789728905,8850,48,3,29.7,39.5,,run
2026-09-18T13:55:11+03:00,1789728911,8856,48,3,29.7,39.2,,run
2026-09-18T13:55:16+03:00,1789728916,8861,48,3,29.7,40.2,,run
2026-09-18T13:55:21+03:00,1789728921,8866,48,3,29.7,38.9,,run
2026-09-18T13:55:26+03:00,1789728926,8871,48,3,29.7,38.3,,run
2026-09-18T13:55:31+03:00,1789728931,8876,48,3,29.7,38.9,,run
2026-09-18T13:55:37+03:00,1789728937,8882,48,3,29.7,39.8,,run
2026-09-18T13:55:42+03:00,1789728942,8887,48,3,29.7,45.4,,run
2026-09-18T13:55:47+03:00,1789728947,8892,48,3,29.7,48.5,,run
2026-09-18T13:55:52+03:00,1789728952,8897,48,3,29.7,43.9,,run
2026-09-18T13:55:58+03:00,1789728958,8903,48,3,29.7,39.8,,run
2026-09-18T13:56:03+03:00,1789728963,8908,48,3,29.7,39.2,,run
2026-09-18T13:56:08+03:00,1789728968,8913,48,3,29.7,38.6,,run
2026-09-18T13:56:13+03:00,1789728973,8918,48,3,29.7,38.9,,run
2026-09-18T13:56:18+03:00,1789728978,8923,48,3,29.7,38.6,,run
2026-09-18T13:56:24+03:00,1789728984,8929,48,3,29.7,41.7,,run
2026-09-18T13:56:29+03:00,1789728989,8934,48,3,29.7,49.4,,run
2026-09-18T13:56:34+03:00,1789728994,8939,47,3,29.9,42.3,,run
2026-09-18T13:56:40+03:00,1789729000,8945,47,3,29.9,39.5,,run
2026-09-18T13:56:45+03:00,1789729005,8950,47,3,29.9,40.8,,run
2026-09-18T13:56:50+03:00,1789729010,8955,47,3,29.9,39.2,,run
2026-09-18T13:56:55+03:00,1789729015,8960,47,3,29.9,38.9,,run
2026-09-18T13:57:00+03:00,1789729020,8965,47,3,29.9,39.8,,run
2026-09-18T13:57:06+03:00,1789729026,8971,47,3,29.9,39.2,,run
2026-09-18T13:57:11+03:00,1789729031,8976,47,3,29.9,38.6,,run
2026-09-18T13:57:16+03:00,1789729036,8981,47,3,29.9,39.2,,run
2026-09-18T13:57:21+03:00,1789729041,8986,47,3,29.9,38.6,,run
2026-09-18T13:57:27+03:00,1789729047,8992,47,3,29.9,39.2,,run
2026-09-18T13:57:32+03:00,1789729052,8997,47,3,29.9,38.3,,run
2026-09-18T13:57:37+03:00,1789729057,9002,47,3,29.9,38.9,,run
2026-09-18T13:57:42+03:00,1789729062,9007,47,3,29.9,39.5,,run
2026-09-18T13:57:47+03:00,1789729067,9012,47,3,29.9,49.4,,run
2026-09-18T13:57:53+03:00,1789729073,9018,47,3,29.9,39.8,,run
2026-09-18T13:57:58+03:00,1789729078,9023,47,3,29.9,39.8,,run
2026-09-18T13:58:03+03:00,1789729083,9028,47,3,29.9,38.6,,run
2026-09-18T13:58:09+03:00,1789729089,9034,47,3,29.9,39.2,,run
2026-09-18T13:58:14+03:00,1789729094,9039,47,3,29.9,38.6,,run
2026-09-18T13:58:19+03:00,1789729099,9044,47,3,29.9,39.2,,run
2026-09-18T13:58:24+03:00,1789729104,9049,47,3,29.9,38.3,,run
2026-09-18T13:58:29+03:00,1789729109,9054,47,3,29.9,40.5,,run
2026-09-18T13:58:35+03:00,1789729115,9060,47,3,29.9,44.2,,run
2026-09-18T13:58:40+03:00,1789729120,9065,47,3,29.9,40.2,,run
2026-09-18T13:58:45+03:00,1789729125,9070,47,3,29.9,39.2,,run
2026-09-18T13:58:50+03:00,1789729130,9075,47,3,29.9,38.9,,run
2026-09-18T13:58:56+03:00,1789729136,9081,47,3,29.9,39.2,,run
2026-09-18T13:59:01+03:00,1789729141,9086,47,3,29.9,39.5,,run
2026-09-18T13:59:06+03:00,1789729146,9091,47,3,29.9,39.5,,run
2026-09-18T13:59:11+03:00,1789729151,9096,47,3,29.9,38.9,,run
2026-09-18T13:59:16+03:00,1789729156,9101,47,3,29.9,39.5,,run
2026-09-18T13:59:22+03:00,1789729162,9107,47,3,29.9,39.5,,run
2026-09-18T13:59:27+03:00,1789729167,9112,47,3,29.9,39.2,,run
2026-09-18T13:59:32+03:00,1789729172,9117,47,3,29.9,38.9,,run
2026-09-18T13:59:37+03:00,1789729177,9122,47,3,29.9,39.2,,run
2026-09-18T13:59:43+03:00,1789729183,9128,47,3,29.9,38.6,,run
2026-09-18T13:59:48+03:00,1789729188,9133,47,3,29.9,46.7,,run
2026-09-18T13:59:53+03:00,1789729193,9138,47,3,29.9,41.1,,run
2026-09-18T13:59:59+03:00,1789729199,9144,47,3,29.9,40.8,,run
2026-09-18T14:00:04+03:00,1789729204,9149,47,3,29.9,40.5,,run
2026-09-18T14:00:09+03:00,1789729209,9154,47,3,29.9,39.5,,run
2026-09-18T14:00:14+03:00,1789729214,9159,47,3,29.9,39.5,,run
2026-09-18T14:00:19+03:00,1789729219,9164,47,3,29.9,39.8,,run
2026-09-18T14:00:25+03:00,1789729225,9170,47,3,29.9,38.0,,run
2026-09-18T14:00:30+03:00,1789729230,9175,47,3,29.9,38.0,,run
2026-09-18T14:00:35+03:00,1789729235,9180,47,3,29.9,50.7,,run
2026-09-18T14:00:40+03:00,1789729240,9185,47,3,29.9,41.4,,run
2026-09-18T14:00:46+03:00,1789729246,9191,47,3,29.9,39.5,,run
2026-09-18T14:00:51+03:00,1789729251,9196,47,3,29.9,41.7,,run
2026-09-18T14:00:56+03:00,1789729256,9201,47,3,29.9,40.2,,run
2026-09-18T14:01:01+03:00,1789729261,9206,47,3,29.9,39.5,,run
2026-09-18T14:01:07+03:00,1789729267,9212,47,3,29.9,40.2,,run
2026-09-18T14:01:12+03:00,1789729272,9217,47,3,29.9,38.9,,run
2026-09-18T14:01:17+03:00,1789729277,9222,47,3,29.9,38.6,,run
2026-09-18T14:01:22+03:00,1789729282,9227,47,3,29.9,39.2,,run
2026-09-18T14:01:27+03:00,1789729287,9232,47,3,29.9,38.6,,run
2026-09-18T14:01:33+03:00,1789729293,9238,47,3,29.9,38.3,,run
2026-09-18T14:01:38+03:00,1789729298,9243,47,3,29.9,38.9,,run
2026-09-18T14:01:43+03:00,1789729303,9248,47,3,29.9,38.9,,run
2026-09-18T14:01:48+03:00,1789729308,9253,47,3,29.9,45.7,,run
2026-09-18T14:01:54+03:00,1789729314,9259,47,3,29.9,43.9,,run
2026-09-18T14:01:59+03:00,1789729319,9264,47,3,29.9,41.7,,run
2026-09-18T14:02:04+03:00,1789729324,9269,47,3,29.9,44.8,,run
2026-09-18T14:02:09+03:00,1789729329,9274,47,3,29.9,40.5,,run
2026-09-18T14:02:15+03:00,1789729335,9280,47,3,29.9,48.5,,run
2026-09-18T14:02:20+03:00,1789729340,9285,47,3,29.9,42.0,,run
2026-09-18T14:02:25+03:00,1789729345,9290,47,3,29.9,41.1,,run
2026-09-18T14:02:30+03:00,1789729350,9295,47,3,29.9,39.2,,run
2026-09-18T14:02:36+03:00,1789729356,9301,47,3,29.9,40.2,,run
2026-09-18T14:02:41+03:00,1789729361,9306,47,3,29.9,39.2,,run
2026-09-18T14:02:46+03:00,1789729366,9311,47,3,29.9,39.2,,run
2026-09-18T14:02:51+03:00,1789729371,9316,47,3,29.9,39.2,,run
2026-09-18T14:02:57+03:00,1789729377,9322,47,3,29.9,39.2,,run
2026-09-18T14:03:02+03:00,1789729382,9327,47,3,29.9,38.9,,run
2026-09-18T14:03:07+03:00,1789729387,9332,47,3,29.9,38.9,,run
2026-09-18T14:03:12+03:00,1789729392,9337,47,3,29.9,39.2,,run
2026-09-18T14:03:17+03:00,1789729397,9342,47,3,29.9,40.5,,run
2026-09-18T14:03:23+03:00,1789729403,9348,47,3,29.9,39.8,,run
2026-09-18T14:03:28+03:00,1789729408,9353,47,3,29.9,40.2,,run
2026-09-18T14:03:33+03:00,1789729413,9358,47,3,29.9,47.9,,run
2026-09-18T14:03:38+03:00,1789729418,9363,47,3,29.9,43.9,,run
2026-09-18T14:03:44+03:00,1789729424,9369,47,3,29.9,40.2,,run
2026-09-18T14:03:49+03:00,1789729429,9374,47,3,29.9,38.9,,run
2026-09-18T14:03:54+03:00,1789729434,9379,47,3,29.9,39.5,,run
2026-09-18T14:03:59+03:00,1789729439,9384,47,3,29.9,39.5,,run
2026-09-18T14:04:04+03:00,1789729444,9389,47,3,29.9,39.5,,run
2026-09-18T14:04:10+03:00,1789729450,9395,47,3,29.9,38.3,,run
2026-09-18T14:04:15+03:00,1789729455,9400,47,3,29.9,42.3,,run
2026-09-18T14:04:20+03:00,1789729460,9405,47,3,29.9,43.9,,run
2026-09-18T14:04:26+03:00,1789729466,9411,47,3,29.9,40.5,,run
2026-09-18T14:04:31+03:00,1789729471,9416,47,3,29.9,39.5,,run
2026-09-18T14:04:36+03:00,1789729476,9421,47,3,29.9,40.2,,run
2026-09-18T14:04:41+03:00,1789729481,9426,47,3,29.9,39.2,,run
2026-09-18T14:04:46+03:00,1789729486,9431,47,3,29.9,40.2,,run
2026-09-18T14:04:52+03:00,1789729492,9437,47,3,29.9,39.2,,run
2026-09-18T14:04:57+03:00,1789729497,9442,47,3,29.9,39.8,,run
2026-09-18T14:05:02+03:00,1789729502,9447,47,3,29.9,39.5,,run
2026-09-18T14:05:07+03:00,1789729507,9452,47,3,29.9,39.5,,run
2026-09-18T14:05:12+03:00,1789729512,9457,47,3,29.9,39.8,,run
2026-09-18T14:05:18+03:00,1789729518,9463,47,3,29.9,38.9,,run
2026-09-18T14:05:23+03:00,1789729523,9468,47,3,29.9,39.2,,run
2026-09-18T14:05:28+03:00,1789729528,9473,47,3,29.9,39.8,,run
2026-09-18T14:05:33+03:00,1789729533,9478,47,3,29.9,49.7,,run
2026-09-18T14:05:39+03:00,1789729539,9484,47,3,29.9,40.5,,run
2026-09-18T14:05:44+03:00,1789729544,9489,47,3,29.9,39.5,,run
2026-09-18T14:05:49+03:00,1789729549,9494,47,3,29.9,38.6,,run
2026-09-18T14:05:54+03:00,1789729554,9499,47,3,29.9,39.5,,run
2026-09-18T14:06:00+03:00,1789729560,9505,47,3,29.9,38.9,,run
2026-09-18T14:06:05+03:00,1789729565,9510,47,3,29.9,39.5,,run
2026-09-18T14:06:10+03:00,1789729570,9515,47,3,29.9,38.3,,run
2026-09-18T14:06:15+03:00,1789729575,9520,47,3,29.9,41.1,,run
2026-09-18T14:06:21+03:00,1789729581,9526,47,3,29.9,44.2,,run
2026-09-18T14:06:26+03:00,1789729586,9531,47,3,29.9,39.8,,run
2026-09-18T14:06:31+03:00,1789729591,9536,47,3,29.9,39.2,,run
2026-09-18T14:06:36+03:00,1789729596,9541,47,3,29.9,39.5,,run
2026-09-18T14:06:41+03:00,1789729601,9546,47,3,29.9,38.9,,run
2026-09-18T14:06:47+03:00,1789729607,9552,47,3,29.9,39.8,,run
2026-09-18T14:06:52+03:00,1789729612,9557,47,3,29.9,38.9,,run
2026-09-18T14:06:57+03:00,1789729617,9562,47,3,29.9,39.2,,run
2026-09-18T14:07:02+03:00,1789729622,9567,47,3,29.9,38.9,,run
2026-09-18T14:07:08+03:00,1789729628,9573,47,3,29.9,38.6,,run
2026-09-18T14:07:13+03:00,1789729633,9578,47,3,29.9,38.6,,run
2026-09-18T14:07:18+03:00,1789729638,9583,47,3,29.9,38.6,,run
2026-09-18T14:07:23+03:00,1789729643,9588,47,3,29.9,38.9,,run
2026-09-18T14:07:28+03:00,1789729648,9593,47,3,29.9,38.9,,run
2026-09-18T14:07:34+03:00,1789729654,9599,47,3,29.9,47.0,,run
2026-09-18T14:07:39+03:00,1789729659,9604,47,3,29.9,42.6,,run
2026-09-18T14:07:44+03:00,1789729664,9609,47,3,29.9,40.2,,run
2026-09-18T14:07:50+03:00,1789729670,9615,47,3,29.9,39.2,,run
2026-09-18T14:07:55+03:00,1789729675,9620,47,3,29.9,39.5,,run
2026-09-18T14:08:00+03:00,1789729680,9625,47,3,29.9,38.3,,run
2026-09-18T14:08:05+03:00,1789729685,9630,47,3,29.9,39.2,,run
2026-09-18T14:08:11+03:00,1789729691,9636,47,3,29.9,38.3,,run
2026-09-18T14:08:16+03:00,1789729696,9641,47,3,29.9,38.9,,run
2026-09-18T14:08:21+03:00,1789729701,9646,46,3,30.0,51.6,,run
2026-09-18T14:08:26+03:00,1789729706,9651,46,3,30.0,40.8,,run
2026-09-18T14:08:31+03:00,1789729711,9656,46,3,30.0,40.8,,run
2026-09-18T14:08:37+03:00,1789729717,9662,46,3,30.0,39.8,,run
2026-09-18T14:08:42+03:00,1789729722,9667,46,3,30.0,39.8,,run
2026-09-18T14:08:47+03:00,1789729727,9672,46,3,30.0,38.9,,run
2026-09-18T14:08:52+03:00,1789729732,9677,46,3,30.0,40.2,,run
2026-09-18T14:08:58+03:00,1789729738,9683,46,3,30.0,38.9,,run
2026-09-18T14:09:03+03:00,1789729743,9688,46,3,30.0,38.9,,run
2026-09-18T14:09:08+03:00,1789729748,9693,46,3,30.0,38.9,,run
2026-09-18T14:09:13+03:00,1789729753,9698,46,3,30.0,39.5,,run
2026-09-18T14:09:18+03:00,1789729758,9703,46,3,30.0,38.9,,run
2026-09-18T14:09:24+03:00,1789729764,9709,46,3,30.0,39.2,,run
2026-09-18T14:09:29+03:00,1789729769,9714,46,3,30.0,39.5,,run
2026-09-18T14:09:34+03:00,1789729774,9719,46,3,30.0,46.7,,run
2026-09-18T14:09:39+03:00,1789729779,9724,46,3,30.0,45.1,,run
2026-09-18T14:09:45+03:00,1789729785,9730,46,3,30.0,42.6,,run
2026-09-18T14:09:50+03:00,1789729790,9735,46,3,30.0,39.2,,run
2026-09-18T14:09:55+03:00,1789729795,9740,46,3,30.0,39.5,,run
2026-09-18T14:10:00+03:00,1789729800,9745,46,3,30.0,39.5,,run
2026-09-18T14:10:05+03:00,1789729805,9750,46,3,30.0,38.6,,run
2026-09-18T14:10:11+03:00,1789729811,9756,46,3,30.0,38.3,,run
2026-09-18T14:10:16+03:00,1789729816,9761,46,3,30.0,38.0,,run
2026-09-18T14:10:21+03:00,1789729821,9766,46,3,30.0,53.5,,run
2026-09-18T14:10:27+03:00,1789729827,9772,46,3,30.0,41.1,,run
2026-09-18T14:10:32+03:00,1789729832,9777,46,3,30.0,39.5,,run
2026-09-18T14:10:37+03:00,1789729837,9782,46,3,30.0,39.5,,run
2026-09-18T14:10:42+03:00,1789729842,9787,46,3,30.0,38.9,,run
2026-09-18T14:10:48+03:00,1789729848,9793,46,3,30.0,39.5,,run
2026-09-18T14:10:53+03:00,1789729853,9798,46,3,30.0,42.3,,run
2026-09-18T14:10:58+03:00,1789729858,9803,46,3,30.0,39.5,,run
2026-09-18T14:11:03+03:00,1789729863,9808,46,3,30.0,39.5,,run
2026-09-18T14:11:08+03:00,1789729868,9813,46,3,30.0,38.9,,run
2026-09-18T14:11:14+03:00,1789729874,9819,46,3,30.0,40.8,,run
2026-09-18T14:11:19+03:00,1789729879,9824,46,3,30.0,39.2,,run
2026-09-18T14:11:24+03:00,1789729884,9829,46,3,30.0,38.6,,run
2026-09-18T14:11:29+03:00,1789729889,9834,46,3,30.0,39.8,,run
2026-09-18T14:11:35+03:00,1789729894,9839,46,3,30.0,39.2,,run
2026-09-18T14:11:40+03:00,1789729900,9845,46,3,30.0,47.3,,run
2026-09-18T14:11:45+03:00,1789729905,9850,46,3,30.0,43.9,,run
2026-09-18T14:11:50+03:00,1789729910,9855,46,3,30.0,39.5,,run
2026-09-18T14:11:55+03:00,1789729915,9860,46,3,30.0,38.9,,run
2026-09-18T14:12:01+03:00,1789729921,9866,46,3,30.0,39.8,,run
2026-09-18T14:12:06+03:00,1789729926,9871,46,3,30.0,38.9,,run
2026-09-18T14:12:11+03:00,1789729931,9876,46,3,30.0,39.2,,run
2026-09-18T14:12:16+03:00,1789729936,9881,46,3,30.0,39.2,,run
2026-09-18T14:12:22+03:00,1789729942,9887,46,3,30.0,49.1,,run
2026-09-18T14:12:27+03:00,1789729947,9892,46,3,30.0,42.9,,run
2026-09-18T14:12:32+03:00,1789729952,9897,46,3,30.0,41.1,,run
2026-09-18T14:12:37+03:00,1789729957,9902,46,3,30.0,40.8,,run
2026-09-18T14:12:43+03:00,1789729963,9908,46,3,30.0,41.1,,run
2026-09-18T14:12:48+03:00,1789729968,9913,46,3,30.0,40.2,,run
2026-09-18T14:12:53+03:00,1789729973,9918,46,3,30.0,39.5,,run
2026-09-18T14:12:58+03:00,1789729978,9923,46,3,30.0,38.9,,run
2026-09-18T14:13:04+03:00,1789729984,9929,46,3,30.0,39.8,,run
2026-09-18T14:13:09+03:00,1789729989,9934,46,3,30.0,39.5,,run
2026-09-18T14:13:14+03:00,1789729994,9939,46,3,30.0,39.8,,run
2026-09-18T14:13:19+03:00,1789729999,9944,46,3,30.0,40.2,,run
2026-09-18T14:13:24+03:00,1789730004,9949,46,3,30.0,39.8,,run
2026-09-18T14:13:30+03:00,1789730010,9955,46,3,30.0,40.2,,run
2026-09-18T14:13:35+03:00,1789730015,9960,46,3,29.9,39.5,,run
2026-09-18T14:13:40+03:00,1789730020,9965,46,3,29.9,48.2,,run
2026-09-18T14:13:45+03:00,1789730025,9970,46,3,29.9,40.5,,run
2026-09-18T14:13:51+03:00,1789730031,9976,46,3,29.9,39.5,,run
2026-09-18T14:13:56+03:00,1789730036,9981,46,3,29.9,39.2,,run
2026-09-18T14:14:01+03:00,1789730041,9986,46,3,29.9,39.2,,run
2026-09-18T14:14:06+03:00,1789730046,9991,46,3,29.9,38.6,,run
2026-09-18T14:14:12+03:00,1789730052,9997,46,3,29.9,39.5,,run
2026-09-18T14:14:17+03:00,1789730057,10002,46,3,29.9,39.8,,run
2026-09-18T14:14:22+03:00,1789730062,10007,46,3,29.9,40.2,,run
2026-09-18T14:14:27+03:00,1789730067,10012,46,3,29.9,44.5,,run
2026-09-18T14:14:32+03:00,1789730072,10017,46,3,29.9,40.2,,run
2026-09-18T14:14:38+03:00,1789730078,10023,46,3,29.9,39.2,,run
2026-09-18T14:14:43+03:00,1789730083,10028,46,3,29.9,40.2,,run
2026-09-18T14:14:48+03:00,1789730088,10033,46,3,29.9,39.5,,run
2026-09-18T14:14:53+03:00,1789730093,10038,46,3,29.9,39.2,,run
2026-09-18T14:14:59+03:00,1789730099,10044,46,3,29.9,40.2,,run
2026-09-18T14:15:04+03:00,1789730104,10049,46,3,29.9,39.8,,run
2026-09-18T14:15:09+03:00,1789730109,10054,46,3,29.9,38.9,,run
2026-09-18T14:15:14+03:00,1789730114,10059,46,3,29.9,39.2,,run
2026-09-18T14:15:19+03:00,1789730119,10064,46,3,29.9,39.2,,run
2026-09-18T14:15:25+03:00,1789730125,10070,46,3,29.9,38.9,,run
2026-09-18T14:15:30+03:00,1789730130,10075,46,3,29.9,39.5,,run
2026-09-18T14:15:35+03:00,1789730135,10080,46,3,29.9,39.8,,run
2026-09-18T14:15:40+03:00,1789730140,10085,46,3,29.9,47.3,,run
2026-09-18T14:15:46+03:00,1789730146,10091,46,3,29.9,42.3,,run
2026-09-18T14:15:51+03:00,1789730151,10096,46,3,29.9,40.5,,run
2026-09-18T14:15:56+03:00,1789730156,10101,46,3,29.9,39.8,,run
2026-09-18T14:16:01+03:00,1789730161,10106,46,3,29.9,39.8,,run
2026-09-18T14:16:07+03:00,1789730167,10112,46,3,29.9,39.8,,run
2026-09-18T14:16:12+03:00,1789730172,10117,46,3,29.9,40.2,,run
2026-09-18T14:16:17+03:00,1789730177,10122,46,3,29.9,40.2,,run
2026-09-18T14:16:22+03:00,1789730182,10127,46,3,29.9,38.0,,run
2026-09-18T14:16:28+03:00,1789730188,10133,46,3,29.9,52.8,,run
2026-09-18T14:16:33+03:00,1789730193,10138,46,3,29.9,40.5,,run
2026-09-18T14:16:38+03:00,1789730198,10143,46,3,29.9,39.8,,run
2026-09-18T14:16:43+03:00,1789730203,10148,46,3,29.9,39.2,,run
2026-09-18T14:16:49+03:00,1789730209,10154,46,3,29.9,39.8,,run
2026-09-18T14:16:54+03:00,1789730214,10159,46,3,29.9,39.8,,run
2026-09-18T14:16:59+03:00,1789730219,10164,46,3,29.9,39.5,,run
2026-09-18T14:17:04+03:00,1789730224,10169,46,3,29.9,38.9,,run
2026-09-18T14:17:09+03:00,1789730229,10174,46,3,29.9,40.2,,run
2026-09-18T14:17:15+03:00,1789730235,10180,46,3,29.9,38.9,,run
2026-09-18T14:17:20+03:00,1789730240,10185,46,3,29.9,39.8,,run
2026-09-18T14:17:25+03:00,1789730245,10190,46,3,29.9,38.9,,run
2026-09-18T14:17:30+03:00,1789730250,10195,46,3,29.9,39.5,,run
2026-09-18T14:17:35+03:00,1789730255,10200,46,3,29.9,39.8,,run
2026-09-18T14:17:41+03:00,1789730261,10206,46,3,29.9,43.2,,run
2026-09-18T14:17:46+03:00,1789730266,10211,46,3,29.9,45.1,,run
2026-09-18T14:17:51+03:00,1789730271,10216,46,3,29.9,41.1,,run
2026-09-18T14:17:56+03:00,1789730276,10221,46,3,29.9,38.9,,run
2026-09-18T14:18:02+03:00,1789730282,10227,46,3,29.9,38.9,,run
2026-09-18T14:18:07+03:00,1789730287,10232,46,3,29.9,48.5,,run
2026-09-18T14:18:12+03:00,1789730292,10237,46,3,29.9,41.4,,run
2026-09-18T14:18:18+03:00,1789730298,10243,46,3,29.9,40.2,,run
2026-09-18T14:18:23+03:00,1789730303,10248,46,3,29.9,40.2,,run
2026-09-18T14:18:28+03:00,1789730308,10253,46,3,29.9,39.8,,run
2026-09-18T14:18:33+03:00,1789730313,10258,46,3,29.9,39.5,,run
2026-09-18T14:18:38+03:00,1789730318,10263,46,3,29.9,39.5,,run
2026-09-18T14:18:44+03:00,1789730324,10269,46,3,29.9,39.2,,run
2026-09-18T14:18:49+03:00,1789730329,10274,46,3,29.9,39.8,,run
2026-09-18T14:18:54+03:00,1789730334,10279,46,3,29.9,39.2,,run
2026-09-18T14:18:59+03:00,1789730339,10284,46,3,29.9,39.2,,run
2026-09-18T14:19:05+03:00,1789730345,10290,45,3,30.1,38.6,,run
2026-09-18T14:19:10+03:00,1789730350,10295,45,3,30.1,39.8,,run
2026-09-18T14:19:15+03:00,1789730355,10300,45,3,30.1,38.9,,run
2026-09-18T14:19:20+03:00,1789730360,10305,45,3,30.1,39.2,,run
2026-09-18T14:19:25+03:00,1789730365,10310,45,3,30.1,47.6,,run
2026-09-18T14:19:31+03:00,1789730371,10316,45,3,30.1,45.1,,run
2026-09-18T14:19:36+03:00,1789730376,10321,45,3,30.1,39.8,,run
2026-09-18T14:19:41+03:00,1789730381,10326,45,3,30.1,40.8,,run
2026-09-18T14:19:46+03:00,1789730386,10331,45,3,30.1,40.2,,run
2026-09-18T14:19:52+03:00,1789730392,10337,45,3,30.1,39.2,,run
2026-09-18T14:19:57+03:00,1789730397,10342,45,3,30.1,38.9,,run
2026-09-18T14:20:02+03:00,1789730402,10347,45,3,30.1,38.6,,run
2026-09-18T14:20:07+03:00,1789730407,10352,45,3,30.1,41.7,,run
2026-09-18T14:20:13+03:00,1789730413,10358,45,3,30.1,45.7,,run
2026-09-18T14:20:18+03:00,1789730418,10363,45,3,30.1,39.5,,run
2026-09-18T14:20:23+03:00,1789730423,10368,45,3,30.1,39.8,,run
2026-09-18T14:20:28+03:00,1789730428,10373,45,3,30.1,40.2,,run
2026-09-18T14:20:33+03:00,1789730433,10378,45,3,30.1,40.5,,run
2026-09-18T14:20:39+03:00,1789730439,10384,45,3,30.1,40.2,,run
2026-09-18T14:20:44+03:00,1789730444,10389,45,3,30.1,39.5,,run
2026-09-18T14:20:49+03:00,1789730449,10394,45,3,30.1,39.5,,run
2026-09-18T14:20:54+03:00,1789730454,10399,45,3,30.1,39.5,,run
2026-09-18T14:21:00+03:00,1789730460,10405,45,3,30.1,40.2,,run
2026-09-18T14:21:05+03:00,1789730465,10410,45,3,30.1,39.2,,run
2026-09-18T14:21:10+03:00,1789730470,10415,45,3,30.1,38.6,,run
2026-09-18T14:21:15+03:00,1789730475,10420,45,3,30.1,39.5,,run
2026-09-18T14:21:20+03:00,1789730480,10425,45,3,30.1,39.5,,run
2026-09-18T14:21:26+03:00,1789730486,10431,45,3,30.1,51.0,,run
2026-09-18T14:21:31+03:00,1789730491,10436,45,3,30.1,41.7,,run
2026-09-18T14:21:37+03:00,1789730497,10442,45,3,30.1,40.8,,run
2026-09-18T14:21:42+03:00,1789730502,10447,45,3,30.1,39.5,,run
2026-09-18T14:21:47+03:00,1789730507,10452,45,3,30.1,39.8,,run
2026-09-18T14:21:52+03:00,1789730512,10457,45,3,30.1,39.8,,run
2026-09-18T14:21:57+03:00,1789730517,10462,45,3,30.1,38.9,,run
2026-09-18T14:22:03+03:00,1789730523,10468,45,3,30.1,38.9,,run
2026-09-18T14:22:08+03:00,1789730528,10473,45,3,30.1,40.8,,run
2026-09-18T14:22:13+03:00,1789730533,10478,45,3,30.1,47.3,,run
2026-09-18T14:22:19+03:00,1789730539,10484,45,3,30.1,41.1,,run
2026-09-18T14:22:24+03:00,1789730544,10489,45,3,30.1,40.5,,run
2026-09-18T14:22:29+03:00,1789730549,10494,45,3,30.1,39.5,,run
2026-09-18T14:22:34+03:00,1789730554,10499,45,3,30.1,40.2,,run
2026-09-18T14:22:39+03:00,1789730559,10504,45,3,30.1,40.5,,run
2026-09-18T14:22:45+03:00,1789730565,10510,45,3,30.1,39.5,,run
2026-09-18T14:22:50+03:00,1789730570,10515,45,3,30.1,39.2,,run
2026-09-18T14:22:55+03:00,1789730575,10520,45,3,30.1,39.5,,run
2026-09-18T14:23:00+03:00,1789730580,10525,45,3,30.1,38.6,,run
2026-09-18T14:23:06+03:00,1789730586,10531,45,3,30.1,39.2,,run
2026-09-18T14:23:11+03:00,1789730591,10536,45,3,30.1,40.2,,run
2026-09-18T14:23:16+03:00,1789730596,10541,45,3,30.1,39.8,,run
2026-09-18T14:23:21+03:00,1789730601,10546,45,3,30.1,39.2,,run
2026-09-18T14:23:26+03:00,1789730606,10551,45,3,30.1,50.7,,run
2026-09-18T14:23:32+03:00,1789730612,10557,45,3,30.1,41.1,,run
2026-09-18T14:23:38+03:00,1789730618,10563,45,3,30.1,40.8,,run
2026-09-18T14:23:43+03:00,1789730623,10568,45,3,30.1,39.8,,run
2026-09-18T14:23:48+03:00,1789730628,10573,45,3,30.1,39.2,,run
2026-09-18T14:23:53+03:00,1789730633,10578,45,3,30.1,52.5,,run
2026-09-18T14:23:58+03:00,1789730638,10583,45,3,30.1,41.4,,run
2026-09-18T14:24:04+03:00,1789730644,10589,45,3,30.1,40.2,,run
2026-09-18T14:24:09+03:00,1789730649,10594,45,3,30.1,40.2,,run
2026-09-18T14:24:14+03:00,1789730654,10599,45,3,30.1,39.8,,run
2026-09-18T14:24:19+03:00,1789730659,10604,45,3,30.1,39.2,,run
2026-09-18T14:24:25+03:00,1789730665,10610,45,3,30.1,41.1,,run
2026-09-18T14:24:30+03:00,1789730670,10615,45,3,30.1,39.8,,run
2026-09-18T14:24:35+03:00,1789730675,10620,45,3,30.1,39.8,,run
2026-09-18T14:24:40+03:00,1789730680,10625,45,3,30.1,38.6,,run
2026-09-18T14:24:45+03:00,1789730685,10630,45,3,30.1,39.2,,run
2026-09-18T14:24:51+03:00,1789730691,10636,45,3,30.1,39.8,,run
2026-09-18T14:24:56+03:00,1789730696,10641,45,3,30.1,38.9,,run
2026-09-18T14:25:01+03:00,1789730701,10646,45,3,30.1,39.2,,run
2026-09-18T14:25:06+03:00,1789730706,10651,45,3,30.1,44.2,,run
2026-09-18T14:25:12+03:00,1789730712,10657,45,3,30.1,42.9,,run
2026-09-18T14:25:17+03:00,1789730717,10662,45,3,30.1,40.5,,run
2026-09-18T14:25:22+03:00,1789730722,10667,45,3,30.1,39.8,,run
2026-09-18T14:25:27+03:00,1789730727,10672,45,3,30.1,40.5,,run
2026-09-18T14:25:33+03:00,1789730733,10678,45,3,30.1,38.9,,run
2026-09-18T14:25:38+03:00,1789730738,10683,45,3,30.1,39.8,,run
2026-09-18T14:25:43+03:00,1789730743,10688,45,3,30.1,39.8,,run
2026-09-18T14:25:48+03:00,1789730748,10693,45,3,30.1,38.6,,run
2026-09-18T14:25:53+03:00,1789730753,10698,45,3,30.1,51.3,,run
2026-09-18T14:25:59+03:00,1789730759,10704,45,3,30.1,42.0,,run
2026-09-18T14:26:04+03:00,1789730764,10709,45,3,30.1,39.8,,run
2026-09-18T14:26:09+03:00,1789730769,10714,45,3,30.1,39.8,,run
2026-09-18T14:26:14+03:00,1789730774,10719,45,3,30.1,39.8,,run
2026-09-18T14:26:20+03:00,1789730780,10725,45,3,30.1,40.2,,run
2026-09-18T14:26:25+03:00,1789730785,10730,45,3,30.1,40.5,,run
2026-09-18T14:26:30+03:00,1789730790,10735,45,3,30.1,38.9,,run
2026-09-18T14:26:35+03:00,1789730795,10740,45,3,30.1,39.5,,run
2026-09-18T14:26:41+03:00,1789730801,10746,45,3,30.1,39.8,,run
2026-09-18T14:26:46+03:00,1789730806,10751,45,3,30.1,39.5,,run
2026-09-18T14:26:51+03:00,1789730811,10756,45,3,30.1,39.5,,run
2026-09-18T14:26:56+03:00,1789730816,10761,45,3,30.1,38.9,,run
2026-09-18T14:27:01+03:00,1789730821,10766,45,3,30.1,40.2,,run
2026-09-18T14:27:07+03:00,1789730827,10772,45,3,30.1,39.8,,run
2026-09-18T14:27:12+03:00,1789730832,10777,45,3,30.1,45.1,,run
2026-09-18T14:27:17+03:00,1789730837,10782,45,3,30.1,44.2,,run
2026-09-18T14:27:22+03:00,1789730842,10787,45,3,30.1,38.9,,run
2026-09-18T14:27:28+03:00,1789730848,10793,45,3,30.1,39.2,,run
2026-09-18T14:27:33+03:00,1789730853,10798,45,3,30.1,40.5,,run
2026-09-18T14:27:38+03:00,1789730858,10803,45,3,30.1,47.0,,run
2026-09-18T14:27:43+03:00,1789730863,10808,45,3,30.1,41.4,,run
2026-09-18T14:27:49+03:00,1789730869,10814,45,3,30.1,40.2,,run
2026-09-18T14:27:54+03:00,1789730874,10819,45,3,30.1,40.2,,run
2026-09-18T14:27:59+03:00,1789730879,10824,45,3,30.1,39.2,,run
2026-09-18T14:28:04+03:00,1789730884,10829,45,3,30.1,40.5,,run
2026-09-18T14:28:09+03:00,1789730889,10834,45,3,30.1,40.8,,run
2026-09-18T14:28:15+03:00,1789730895,10840,45,3,30.1,38.9,,run
2026-09-18T14:28:20+03:00,1789730900,10845,45,3,30.1,39.8,,run
2026-09-18T14:28:25+03:00,1789730905,10850,45,3,30.1,42.6,,run
2026-09-18T14:28:30+03:00,1789730910,10855,45,3,30.1,39.5,,run
2026-09-18T14:28:36+03:00,1789730916,10861,45,3,30.1,40.5,,run
2026-09-18T14:28:41+03:00,1789730921,10866,45,3,30.1,40.2,,run
2026-09-18T14:28:46+03:00,1789730926,10871,45,3,30.1,40.2,,run
2026-09-18T14:28:51+03:00,1789730931,10876,45,3,30.1,50.7,,run
2026-09-18T14:28:57+03:00,1789730937,10882,45,3,30.1,40.2,,run
2026-09-18T14:29:02+03:00,1789730942,10887,45,3,30.1,40.5,,run
2026-09-18T14:29:07+03:00,1789730947,10892,45,3,30.1,40.2,,run
2026-09-18T14:29:13+03:00,1789730953,10898,45,3,30.1,39.2,,run
2026-09-18T14:29:18+03:00,1789730958,10903,45,3,30.1,39.2,,run
2026-09-18T14:29:23+03:00,1789730963,10908,45,3,30.1,39.8,,run
2026-09-18T14:29:28+03:00,1789730968,10913,45,3,30.1,39.5,,run
2026-09-18T14:29:33+03:00,1789730973,10918,45,3,30.1,39.5,,run
2026-09-18T14:29:39+03:00,1789730979,10924,45,3,30.1,46.3,,run
2026-09-18T14:29:44+03:00,1789730984,10929,44,3,30.2,41.1,,run
2026-09-18T14:29:49+03:00,1789730989,10934,44,3,30.2,40.2,,run
2026-09-18T14:29:54+03:00,1789730994,10939,44,3,30.2,40.2,,run
2026-09-18T14:30:00+03:00,1789731000,10945,44,3,30.2,40.2,,run
2026-09-18T14:30:05+03:00,1789731005,10950,44,3,30.2,39.5,,run
2026-09-18T14:30:10+03:00,1789731010,10955,44,3,30.2,40.2,,run
2026-09-18T14:30:15+03:00,1789731015,10960,44,3,30.2,39.5,,run
2026-09-18T14:30:20+03:00,1789731020,10965,44,3,30.2,39.8,,run
2026-09-18T14:30:26+03:00,1789731026,10971,44,3,30.2,39.5,,run
2026-09-18T14:30:31+03:00,1789731031,10976,44,3,30.2,39.8,,run
2026-09-18T14:30:36+03:00,1789731036,10981,44,3,30.2,42.6,,run
2026-09-18T14:30:41+03:00,1789731041,10986,44,3,30.2,40.5,,run
2026-09-18T14:30:47+03:00,1789731047,10992,44,3,30.2,39.8,,run
2026-09-18T14:30:52+03:00,1789731052,10997,44,3,30.2,49.1,,run
2026-09-18T14:30:57+03:00,1789731057,11002,44,3,30.2,42.9,,run
2026-09-18T14:31:03+03:00,1789731063,11008,44,3,30.2,41.1,,run
2026-09-18T14:31:08+03:00,1789731068,11013,44,3,30.2,39.2,,run
2026-09-18T14:31:13+03:00,1789731073,11018,44,3,30.2,39.5,,run
2026-09-18T14:31:18+03:00,1789731078,11023,44,3,30.2,39.2,,run
2026-09-18T14:31:24+03:00,1789731084,11029,44,3,30.2,39.2,,run
2026-09-18T14:31:29+03:00,1789731089,11034,44,3,30.2,39.8,,run
2026-09-18T14:31:34+03:00,1789731094,11039,44,3,30.2,39.2,,run
2026-09-18T14:31:39+03:00,1789731099,11044,44,3,30.2,52.2,,run
2026-09-18T14:31:44+03:00,1789731104,11049,44,3,30.2,41.7,,run
2026-09-18T14:31:50+03:00,1789731110,11055,44,3,30.2,41.4,,run
2026-09-18T14:31:55+03:00,1789731115,11060,44,3,30.2,40.5,,run
2026-09-18T14:32:00+03:00,1789731120,11065,44,3,30.2,39.8,,run
2026-09-18T14:32:05+03:00,1789731125,11070,44,3,30.2,39.2,,run
2026-09-18T14:32:11+03:00,1789731131,11076,44,3,30.2,40.2,,run
2026-09-18T14:32:16+03:00,1789731136,11081,44,3,30.2,39.8,,run
2026-09-18T14:32:21+03:00,1789731141,11086,44,3,30.2,38.9,,run
2026-09-18T14:32:26+03:00,1789731146,11091,44,3,30.2,39.2,,run
2026-09-18T14:32:31+03:00,1789731151,11096,44,3,30.2,39.5,,run
2026-09-18T14:32:37+03:00,1789731157,11102,44,3,30.2,39.2,,run
2026-09-18T14:32:42+03:00,1789731162,11107,44,3,30.2,39.8,,run
2026-09-18T14:32:47+03:00,1789731167,11112,44,3,30.2,40.5,,run
2026-09-18T14:32:52+03:00,1789731172,11117,44,3,30.2,45.1,,run
2026-09-18T14:32:58+03:00,1789731178,11123,44,3,30.2,46.3,,run
2026-09-18T14:33:03+03:00,1789731183,11128,44,3,30.2,43.6,,run
2026-09-18T14:33:08+03:00,1789731188,11133,44,3,30.2,39.2,,run
2026-09-18T14:33:13+03:00,1789731193,11138,44,3,30.2,40.5,,run
2026-09-18T14:33:18+03:00,1789731198,11143,44,3,30.2,38.9,,run
2026-09-18T14:33:24+03:00,1789731204,11149,44,3,30.2,39.5,,run
2026-09-18T14:33:29+03:00,1789731209,11154,44,3,30.2,39.2,,run
2026-09-18T14:33:34+03:00,1789731214,11159,44,3,30.2,38.6,,run
2026-09-18T14:33:39+03:00,1789731219,11164,44,3,30.1,49.1,,run
2026-09-18T14:33:45+03:00,1789731225,11170,44,3,30.1,42.0,,run
2026-09-18T14:33:50+03:00,1789731230,11175,44,3,30.1,40.2,,run
2026-09-18T14:33:55+03:00,1789731235,11180,44,3,30.1,40.2,,run
2026-09-18T14:34:00+03:00,1789731240,11185,44,3,30.1,39.8,,run
2026-09-18T14:34:06+03:00,1789731246,11191,44,3,30.1,40.2,,run
2026-09-18T14:34:11+03:00,1789731251,11196,44,3,30.1,40.5,,run
2026-09-18T14:34:16+03:00,1789731256,11201,44,3,30.1,38.9,,run
2026-09-18T14:34:21+03:00,1789731261,11206,44,3,30.1,40.2,,run
2026-09-18T14:34:27+03:00,1789731267,11212,44,3,30.1,39.2,,run
2026-09-18T14:34:32+03:00,1789731272,11217,44,3,30.1,39.8,,run
2026-09-18T14:34:37+03:00,1789731277,11222,44,3,30.1,38.9,,run
2026-09-18T14:34:42+03:00,1789731282,11227,44,3,30.1,39.8,,run
2026-09-18T14:34:47+03:00,1789731287,11232,44,3,30.1,39.5,,run
2026-09-18T14:34:53+03:00,1789731293,11238,44,3,30.1,40.5,,run
2026-09-18T14:34:58+03:00,1789731298,11243,44,3,30.1,47.9,,run
2026-09-18T14:35:03+03:00,1789731303,11248,44,3,30.1,42.6,,run
2026-09-18T14:35:08+03:00,1789731308,11253,44,3,30.1,40.5,,run
2026-09-18T14:35:14+03:00,1789731314,11259,44,3,30.1,39.5,,run
2026-09-18T14:35:19+03:00,1789731319,11264,44,3,30.1,40.2,,run
2026-09-18T14:35:24+03:00,1789731324,11269,44,3,30.1,39.8,,run
2026-09-18T14:35:29+03:00,1789731329,11274,44,3,30.1,38.3,,run
2026-09-18T14:35:35+03:00,1789731335,11280,44,3,30.1,39.2,,run
2026-09-18T14:35:40+03:00,1789731340,11285,44,3,30.1,40.5,,run
2026-09-18T14:35:45+03:00,1789731345,11290,44,3,30.1,42.9,,run
2026-09-18T14:35:50+03:00,1789731350,11295,44,3,30.1,39.5,,run
2026-09-18T14:35:55+03:00,1789731355,11300,44,3,30.1,39.5,,run
2026-09-18T14:36:01+03:00,1789731361,11306,44,3,30.1,38.9,,run
2026-09-18T14:36:06+03:00,1789731366,11311,44,3,30.1,39.2,,run
2026-09-18T14:36:11+03:00,1789731371,11316,44,3,30.1,39.5,,run
2026-09-18T14:36:16+03:00,1789731376,11321,44,3,30.1,39.2,,run
2026-09-18T14:36:22+03:00,1789731382,11327,44,3,30.1,38.6,,run
2026-09-18T14:36:27+03:00,1789731387,11332,44,3,30.1,39.5,,run
2026-09-18T14:36:32+03:00,1789731392,11337,44,3,30.1,38.6,,run
2026-09-18T14:36:37+03:00,1789731397,11342,44,3,30.1,38.6,,run
2026-09-18T14:36:42+03:00,1789731402,11347,44,3,30.1,38.3,,run
2026-09-18T14:36:48+03:00,1789731408,11353,44,3,30.1,38.6,,run
2026-09-18T14:36:53+03:00,1789731413,11358,44,3,30.1,38.9,,run
2026-09-18T14:36:58+03:00,1789731418,11363,44,3,30.1,38.9,,run
2026-09-18T14:37:03+03:00,1789731423,11368,44,3,30.1,39.2,,run
2026-09-18T14:37:09+03:00,1789731429,11374,44,3,30.1,39.2,,run
2026-09-18T14:37:14+03:00,1789731434,11379,44,3,30.1,39.5,,run
2026-09-18T14:37:19+03:00,1789731439,11384,44,3,30.1,39.8,,run
2026-09-18T14:37:24+03:00,1789731444,11389,44,3,30.1,39.8,,run
2026-09-18T14:37:29+03:00,1789731449,11394,44,3,30.1,39.5,,run
2026-09-18T14:37:35+03:00,1789731455,11400,44,3,30.1,39.2,,run
2026-09-18T14:37:40+03:00,1789731460,11405,44,3,30.1,38.6,,run
2026-09-18T14:37:45+03:00,1789731465,11410,44,3,30.1,39.5,,run
2026-09-18T14:37:50+03:00,1789731470,11415,44,3,30.1,40.2,,run
2026-09-18T14:37:55+03:00,1789731475,11420,44,3,30.1,39.8,,run
2026-09-18T14:38:01+03:00,1789731481,11426,44,3,30.1,39.2,,run
2026-09-18T14:38:06+03:00,1789731486,11431,44,3,30.1,39.2,,run
2026-09-18T14:38:11+03:00,1789731491,11436,44,3,30.1,39.5,,run
2026-09-18T14:38:16+03:00,1789731496,11441,44,3,30.1,39.5,,run
2026-09-18T14:38:22+03:00,1789731502,11447,44,3,30.1,39.8,,run
2026-09-18T14:38:27+03:00,1789731507,11452,44,3,30.1,38.3,,run
2026-09-18T14:38:32+03:00,1789731512,11457,44,3,30.1,39.5,,run
2026-09-18T14:38:37+03:00,1789731517,11462,44,3,30.1,39.5,,run
2026-09-18T14:38:42+03:00,1789731522,11467,44,3,30.1,39.2,,run
2026-09-18T14:38:48+03:00,1789731528,11473,44,3,30.1,39.5,,run
2026-09-18T14:38:53+03:00,1789731533,11478,44,3,30.1,39.2,,run
2026-09-18T14:38:58+03:00,1789731538,11483,44,3,30.1,38.9,,run
2026-09-18T14:39:03+03:00,1789731543,11488,44,3,30.1,38.9,,run
2026-09-18T14:39:09+03:00,1789731549,11494,44,3,30.1,38.6,,run
2026-09-18T14:39:14+03:00,1789731554,11499,44,3,30.1,40.2,,run
2026-09-18T14:39:19+03:00,1789731559,11504,44,3,30.1,38.9,,run
2026-09-18T14:39:24+03:00,1789731564,11509,44,3,30.1,38.6,,run
2026-09-18T14:39:29+03:00,1789731569,11514,44,3,30.1,39.5,,run
2026-09-18T14:39:35+03:00,1789731575,11520,44,3,30.1,39.2,,run
2026-09-18T14:39:40+03:00,1789731580,11525,44,3,30.1,38.9,,run
2026-09-18T14:39:45+03:00,1789731585,11530,44,3,30.1,38.9,,run
2026-09-18T14:39:50+03:00,1789731590,11535,44,3,30.1,39.2,,run
2026-09-18T14:39:55+03:00,1789731595,11540,44,3,30.1,38.3,,run
2026-09-18T14:40:01+03:00,1789731601,11546,44,3,30.1,39.2,,run
2026-09-18T14:40:06+03:00,1789731606,11551,44,3,30.1,43.9,,run
2026-09-18T14:40:11+03:00,1789731611,11556,44,3,30.1,38.9,,run
2026-09-18T14:40:17+03:00,1789731617,11562,44,3,30.1,39.8,,run
2026-09-18T14:40:22+03:00,1789731622,11567,44,3,30.1,38.6,,run
2026-09-18T14:40:27+03:00,1789731627,11572,44,3,30.1,38.6,,run
2026-09-18T14:40:32+03:00,1789731632,11577,44,3,30.1,49.1,,run
2026-09-18T14:40:38+03:00,1789731638,11583,44,3,30.1,41.7,,run
2026-09-18T14:40:43+03:00,1789731643,11588,44,3,30.1,39.8,,run
2026-09-18T14:40:48+03:00,1789731648,11593,44,3,30.1,38.9,,run
2026-09-18T14:40:53+03:00,1789731653,11598,44,3,30.1,38.9,,run
2026-09-18T14:40:58+03:00,1789731658,11603,44,3,30.1,39.2,,run
2026-09-18T14:41:04+03:00,1789731664,11609,44,3,30.1,39.5,,run
2026-09-18T14:41:09+03:00,1789731669,11614,44,3,30.1,38.6,,run
2026-09-18T14:41:14+03:00,1789731674,11619,44,3,30.1,38.6,,run
2026-09-18T14:41:19+03:00,1789731679,11624,44,3,30.1,38.6,,run
2026-09-18T14:41:25+03:00,1789731685,11630,44,3,30.1,38.6,,run
2026-09-18T14:41:30+03:00,1789731690,11635,44,3,30.1,38.9,,run
2026-09-18T14:41:35+03:00,1789731695,11640,44,3,30.1,39.2,,run
2026-09-18T14:41:40+03:00,1789731700,11645,44,3,30.1,38.9,,run
2026-09-18T14:41:45+03:00,1789731705,11650,44,3,30.1,46.0,,run
2026-09-18T14:41:51+03:00,1789731711,11656,44,3,30.1,47.9,,run
2026-09-18T14:41:56+03:00,1789731716,11661,44,3,30.1,43.2,,run
2026-09-18T14:42:01+03:00,1789731721,11666,44,3,30.1,40.5,,run
2026-09-18T14:42:06+03:00,1789731726,11671,44,3,30.1,39.2,,run
2026-09-18T14:42:12+03:00,1789731732,11677,44,3,30.1,39.2,,run
2026-09-18T14:42:17+03:00,1789731737,11682,44,3,30.1,38.9,,run
2026-09-18T14:42:22+03:00,1789731742,11687,44,3,30.1,38.9,,run
2026-09-18T14:42:27+03:00,1789731747,11692,44,3,30.1,38.6,,run
2026-09-18T14:42:32+03:00,1789731752,11697,44,3,30.1,46.3,,run
2026-09-18T14:42:38+03:00,1789731758,11703,43,3,30.0,41.1,,run
2026-09-18T14:42:43+03:00,1789731763,11708,43,3,30.0,39.5,,run
2026-09-18T14:42:48+03:00,1789731768,11713,43,3,30.0,39.2,,run
2026-09-18T14:42:53+03:00,1789731773,11718,43,3,30.0,39.5,,run
2026-09-18T14:42:59+03:00,1789731779,11724,43,3,30.0,39.8,,run
2026-09-18T14:43:04+03:00,1789731784,11729,43,3,30.0,38.9,,run
2026-09-18T14:43:09+03:00,1789731789,11734,43,3,30.0,38.6,,run
2026-09-18T14:43:14+03:00,1789731794,11739,43,3,30.0,38.9,,run
2026-09-18T14:43:19+03:00,1789731799,11744,43,3,30.0,38.6,,run
2026-09-18T14:43:25+03:00,1789731805,11750,43,3,30.0,39.8,,run
2026-09-18T14:43:30+03:00,1789731810,11755,43,3,30.0,38.3,,run
2026-09-18T14:43:35+03:00,1789731815,11760,43,3,30.0,38.9,,run
2026-09-18T14:43:40+03:00,1789731820,11765,43,3,30.0,39.2,,run
2026-09-18T14:43:46+03:00,1789731826,11771,43,3,30.0,41.7,,run
2026-09-18T14:43:51+03:00,1789731831,11776,43,3,30.0,49.1,,run
2026-09-18T14:43:56+03:00,1789731836,11781,43,3,30.0,43.2,,run
2026-09-18T14:44:01+03:00,1789731841,11786,43,3,30.0,39.8,,run
2026-09-18T14:44:06+03:00,1789731846,11791,43,3,30.0,39.2,,run
2026-09-18T14:44:12+03:00,1789731852,11797,43,3,30.0,39.2,,run
2026-09-18T14:44:17+03:00,1789731857,11802,43,3,30.0,38.9,,run
2026-09-18T14:44:22+03:00,1789731862,11807,43,3,30.0,38.9,,run
2026-09-18T14:44:27+03:00,1789731867,11812,43,3,30.0,39.5,,run
2026-09-18T14:44:33+03:00,1789731873,11818,43,3,30.0,40.8,,run
2026-09-18T14:44:38+03:00,1789731878,11823,43,3,30.0,45.7,,run
2026-09-18T14:44:43+03:00,1789731883,11828,43,3,30.0,40.2,,run
2026-09-18T14:44:48+03:00,1789731888,11833,43,3,30.0,39.2,,run
2026-09-18T14:44:54+03:00,1789731894,11839,43,3,30.0,39.8,,run
2026-09-18T14:44:59+03:00,1789731899,11844,43,3,30.0,39.2,,run
2026-09-18T14:45:04+03:00,1789731904,11849,43,3,30.0,40.2,,run
2026-09-18T14:45:09+03:00,1789731909,11854,43,3,30.0,39.5,,run
2026-09-18T14:45:14+03:00,1789731914,11859,43,3,30.0,39.2,,run
2026-09-18T14:45:20+03:00,1789731920,11865,43,3,30.0,39.8,,run
2026-09-18T14:45:25+03:00,1789731925,11870,43,3,30.0,39.2,,run
2026-09-18T14:45:30+03:00,1789731930,11875,43,3,30.0,39.2,,run
2026-09-18T14:45:35+03:00,1789731935,11880,43,3,30.0,38.9,,run
2026-09-18T14:45:40+03:00,1789731940,11885,43,3,30.0,39.2,,run
2026-09-18T14:45:46+03:00,1789731946,11891,43,3,30.0,39.5,,run
2026-09-18T14:45:51+03:00,1789731951,11896,43,3,30.0,49.1,,run
2026-09-18T14:45:57+03:00,1789731957,11902,43,3,30.0,44.2,,run
2026-09-18T14:46:02+03:00,1789731962,11907,43,3,30.0,42.3,,run
2026-09-18T14:46:07+03:00,1789731967,11912,43,3,30.0,39.5,,run
2026-09-18T14:46:12+03:00,1789731972,11917,43,3,30.0,40.2,,run
2026-09-18T14:46:18+03:00,1789731978,11923,43,3,30.0,39.8,,run
2026-09-18T14:46:23+03:00,1789731983,11928,43,3,30.0,38.9,,run
2026-09-18T14:46:28+03:00,1789731988,11933,43,3,30.0,38.6,,run
2026-09-18T14:46:33+03:00,1789731993,11938,43,3,30.0,39.5,,run
2026-09-18T14:46:38+03:00,1789731998,11943,43,3,30.0,53.1,,run
2026-09-18T14:46:44+03:00,1789732004,11949,43,3,30.0,40.8,,run
2026-09-18T14:46:49+03:00,1789732009,11954,43,3,30.0,40.5,,run
2026-09-18T14:46:54+03:00,1789732014,11959,43,3,30.0,39.2,,run
2026-09-18T14:46:59+03:00,1789732019,11964,43,3,30.0,40.2,,run
2026-09-18T14:47:05+03:00,1789732025,11970,43,3,30.0,39.2,,run
2026-09-18T14:47:10+03:00,1789732030,11975,43,3,30.0,39.8,,run
2026-09-18T14:47:15+03:00,1789732035,11980,43,3,30.0,39.2,,run
2026-09-18T14:47:20+03:00,1789732040,11985,43,3,30.0,40.5,,run
2026-09-18T14:47:25+03:00,1789732045,11990,43,3,30.0,38.6,,run
2026-09-18T14:47:31+03:00,1789732051,11996,43,3,30.0,39.5,,run
2026-09-18T14:47:36+03:00,1789732056,12001,43,3,30.0,39.5,,run
2026-09-18T14:47:41+03:00,1789732061,12006,43,3,30.0,40.5,,run
2026-09-18T14:47:46+03:00,1789732066,12011,43,3,30.0,40.2,,run
2026-09-18T14:47:52+03:00,1789732072,12017,43,3,30.0,42.0,,run
2026-09-18T14:47:57+03:00,1789732077,12022,43,3,30.0,44.5,,run
2026-09-18T14:48:02+03:00,1789732082,12027,43,3,30.0,42.3,,run
2026-09-18T14:48:07+03:00,1789732087,12032,43,3,30.0,39.5,,run
2026-09-18T14:48:12+03:00,1789732092,12037,43,3,30.0,39.5,,run
2026-09-18T14:48:18+03:00,1789732098,12043,43,3,30.0,38.3,,run
2026-09-18T14:48:23+03:00,1789732103,12048,43,3,30.0,39.5,,run
2026-09-18T14:48:28+03:00,1789732108,12053,43,3,30.0,38.9,,run
2026-09-18T14:48:33+03:00,1789732113,12058,43,3,30.0,39.8,,run
2026-09-18T14:48:39+03:00,1789732119,12064,43,3,30.0,49.7,,run
2026-09-18T14:48:44+03:00,1789732124,12069,43,3,30.0,42.0,,run
2026-09-18T14:48:49+03:00,1789732129,12074,43,3,30.0,40.5,,run
2026-09-18T14:48:54+03:00,1789732134,12079,43,3,30.0,40.2,,run
2026-09-18T14:49:00+03:00,1789732140,12085,43,3,30.0,39.8,,run
2026-09-18T14:49:05+03:00,1789732145,12090,43,3,30.0,40.2,,run
2026-09-18T14:49:10+03:00,1789732150,12095,43,3,30.0,38.9,,run
2026-09-18T14:49:15+03:00,1789732155,12100,43,3,30.0,39.5,,run
2026-09-18T14:49:21+03:00,1789732161,12106,43,3,30.0,39.2,,run
2026-09-18T14:49:26+03:00,1789732166,12111,43,3,30.0,39.5,,run
2026-09-18T14:49:31+03:00,1789732171,12116,43,3,30.0,38.6,,run
2026-09-18T14:49:36+03:00,1789732176,12121,43,3,30.0,39.8,,run
2026-09-18T14:49:41+03:00,1789732181,12126,43,3,30.0,39.8,,run
2026-09-18T14:49:47+03:00,1789732187,12132,43,3,30.0,39.2,,run
2026-09-18T14:49:52+03:00,1789732192,12137,43,3,30.0,44.2,,run
2026-09-18T14:49:57+03:00,1789732197,12142,43,3,30.0,47.3,,run
2026-09-18T14:50:02+03:00,1789732202,12147,43,3,30.0,43.2,,run
2026-09-18T14:50:07+03:00,1789732207,12152,43,3,30.0,40.2,,run
2026-09-18T14:50:13+03:00,1789732213,12158,43,3,30.0,39.2,,run
2026-09-18T14:50:18+03:00,1789732218,12163,43,3,30.0,38.9,,run
2026-09-18T14:50:23+03:00,1789732223,12168,43,3,30.0,38.6,,run
2026-09-18T14:50:28+03:00,1789732228,12173,43,3,30.0,38.6,,run
2026-09-18T14:50:34+03:00,1789732234,12179,43,3,30.0,38.6,,run
2026-09-18T14:50:39+03:00,1789732239,12184,43,3,30.0,47.9,,run
2026-09-18T14:50:44+03:00,1789732244,12189,43,3,30.0,41.4,,run
2026-09-18T14:50:50+03:00,1789732250,12195,43,3,30.0,40.5,,run
2026-09-18T14:50:55+03:00,1789732255,12200,43,3,30.0,40.5,,run
2026-09-18T14:51:00+03:00,1789732260,12205,43,3,30.0,39.8,,run
2026-09-18T14:51:05+03:00,1789732265,12210,43,3,30.0,39.8,,run
2026-09-18T14:51:10+03:00,1789732270,12215,43,3,30.0,39.2,,run
2026-09-18T14:51:16+03:00,1789732276,12221,43,3,30.0,39.5,,run
2026-09-18T14:51:21+03:00,1789732281,12226,43,3,30.0,39.8,,run
2026-09-18T14:51:26+03:00,1789732286,12231,43,3,30.0,39.2,,run
2026-09-18T14:51:31+03:00,1789732291,12236,43,3,30.0,39.8,,run
2026-09-18T14:51:37+03:00,1789732297,12242,43,3,30.0,38.6,,run
2026-09-18T14:51:42+03:00,1789732302,12247,43,3,30.0,39.5,,run
2026-09-18T14:51:47+03:00,1789732307,12252,43,3,30.0,39.5,,run
2026-09-18T14:51:52+03:00,1789732312,12257,43,3,30.0,38.9,,run
2026-09-18T14:51:57+03:00,1789732317,12262,43,3,30.0,47.6,,run
2026-09-18T14:52:03+03:00,1789732323,12268,43,3,30.0,44.2,,run
2026-09-18T14:52:08+03:00,1789732328,12273,43,3,30.0,40.2,,run
2026-09-18T14:52:13+03:00,1789732333,12278,43,3,30.0,39.8,,run
2026-09-18T14:52:18+03:00,1789732338,12283,43,3,30.0,39.5,,run
2026-09-18T14:52:24+03:00,1789732344,12289,43,3,30.0,44.5,,run
2026-09-18T14:52:29+03:00,1789732349,12294,43,3,30.0,40.2,,run
2026-09-18T14:52:34+03:00,1789732354,12299,43,3,30.0,40.5,,run
2026-09-18T14:52:39+03:00,1789732359,12304,43,3,30.0,39.8,,run
2026-09-18T14:52:45+03:00,1789732365,12310,43,3,30.0,39.5,,run
2026-09-18T14:52:50+03:00,1789732370,12315,43,3,30.0,39.5,,run
2026-09-18T14:52:55+03:00,1789732375,12320,43,3,30.0,39.5,,run
2026-09-18T14:53:00+03:00,1789732380,12325,43,3,30.0,39.5,,run
2026-09-18T14:53:05+03:00,1789732385,12330,43,3,30.0,39.5,,run
2026-09-18T14:53:11+03:00,1789732391,12336,43,3,30.0,40.2,,run
2026-09-18T14:53:16+03:00,1789732396,12341,43,3,30.0,38.6,,run
2026-09-18T14:53:21+03:00,1789732401,12346,43,3,30.0,41.4,,run
2026-09-18T14:53:26+03:00,1789732406,12351,43,3,30.0,39.8,,run
2026-09-18T14:53:32+03:00,1789732412,12357,43,3,30.0,40.5,,run
2026-09-18T14:53:37+03:00,1789732417,12362,43,3,30.1,50.4,,run
2026-09-18T14:53:42+03:00,1789732422,12367,43,3,30.1,41.1,,run
2026-09-18T14:53:48+03:00,1789732428,12373,43,3,30.1,40.8,,run
2026-09-18T14:53:53+03:00,1789732433,12378,43,3,30.1,38.9,,run
2026-09-18T14:53:58+03:00,1789732438,12383,43,3,30.1,39.2,,run
2026-09-18T14:54:03+03:00,1789732443,12388,43,3,30.1,39.8,,run
2026-09-18T14:54:08+03:00,1789732448,12393,43,3,30.1,39.2,,run
2026-09-18T14:54:14+03:00,1789732454,12399,43,3,30.1,38.9,,run
2026-09-18T14:54:19+03:00,1789732459,12404,43,3,30.1,40.2,,run
2026-09-18T14:54:24+03:00,1789732464,12409,42,3,30.1,47.6,,run
2026-09-18T14:54:29+03:00,1789732469,12414,42,3,30.1,40.5,,run
2026-09-18T14:54:35+03:00,1789732475,12420,42,3,30.1,39.5,,run
2026-09-18T14:54:40+03:00,1789732480,12425,42,3,30.1,40.8,,run
2026-09-18T14:54:45+03:00,1789732485,12430,42,3,30.1,40.2,,run
2026-09-18T14:54:50+03:00,1789732490,12435,42,3,30.1,40.2,,run
2026-09-18T14:54:56+03:00,1789732496,12441,42,3,30.1,39.8,,run
2026-09-18T14:55:01+03:00,1789732501,12446,42,3,30.1,39.5,,run
2026-09-18T14:55:06+03:00,1789732506,12451,42,3,30.1,39.2,,run
2026-09-18T14:55:11+03:00,1789732511,12456,42,3,30.1,39.5,,run
2026-09-18T14:55:16+03:00,1789732516,12461,42,3,30.1,39.8,,run
2026-09-18T14:55:22+03:00,1789732522,12467,42,3,30.1,39.2,,run
2026-09-18T14:55:27+03:00,1789732527,12472,42,3,30.1,40.2,,run
2026-09-18T14:55:32+03:00,1789732532,12477,42,3,30.1,39.5,,run
2026-09-18T14:55:37+03:00,1789732537,12482,42,3,30.1,42.3,,run
2026-09-18T14:55:43+03:00,1789732543,12488,42,3,30.1,43.2,,run
2026-09-18T14:55:48+03:00,1789732548,12493,42,3,30.1,41.4,,run
2026-09-18T14:55:53+03:00,1789732553,12498,42,3,30.1,39.5,,run
2026-09-18T14:55:58+03:00,1789732558,12503,42,3,30.1,39.5,,run
2026-09-18T14:56:04+03:00,1789732564,12509,42,3,30.1,50.1,,run
2026-09-18T14:56:09+03:00,1789732569,12514,42,3,30.1,43.6,,run
2026-09-18T14:56:14+03:00,1789732574,12519,42,3,30.1,40.2,,run
2026-09-18T14:56:20+03:00,1789732580,12525,42,3,30.1,39.8,,run
2026-09-18T14:56:25+03:00,1789732585,12530,42,3,30.1,41.1,,run
2026-09-18T14:56:30+03:00,1789732590,12535,42,3,30.1,40.5,,run
2026-09-18T14:56:35+03:00,1789732595,12540,42,3,30.1,40.8,,run
2026-09-18T14:56:40+03:00,1789732600,12545,42,3,30.1,40.5,,run
2026-09-18T14:56:46+03:00,1789732606,12551,42,3,30.1,40.2,,run
2026-09-18T14:56:51+03:00,1789732611,12556,42,3,30.1,39.8,,run
2026-09-18T14:56:56+03:00,1789732616,12561,42,3,30.1,40.5,,run
2026-09-18T14:57:01+03:00,1789732621,12566,42,3,30.1,40.2,,run
2026-09-18T14:57:07+03:00,1789732627,12572,42,3,30.1,39.8,,run
2026-09-18T14:57:12+03:00,1789732632,12577,42,3,30.1,39.5,,run
2026-09-18T14:57:17+03:00,1789732637,12582,42,3,30.1,39.5,,run
2026-09-18T14:57:22+03:00,1789732642,12587,42,3,30.1,49.7,,run
2026-09-18T14:57:28+03:00,1789732648,12593,42,3,30.1,45.4,,run
2026-09-18T14:57:33+03:00,1789732653,12598,42,3,30.1,39.5,,run
2026-09-18T14:57:38+03:00,1789732658,12603,42,3,30.1,39.5,,run
2026-09-18T14:57:43+03:00,1789732663,12608,42,3,30.1,38.9,,run
2026-09-18T14:57:48+03:00,1789732668,12613,42,3,30.1,39.2,,run
2026-09-18T14:57:54+03:00,1789732674,12619,42,3,30.1,39.5,,run
2026-09-18T14:57:59+03:00,1789732679,12624,42,3,30.1,38.6,,run
2026-09-18T14:58:04+03:00,1789732684,12629,42,3,30.1,41.7,,run
2026-09-18T14:58:09+03:00,1789732689,12634,42,3,30.1,42.9,,run
2026-09-18T14:58:15+03:00,1789732695,12640,42,3,30.1,40.5,,run
2026-09-18T14:58:20+03:00,1789732700,12645,42,3,30.1,40.5,,run
2026-09-18T14:58:25+03:00,1789732705,12650,42,3,30.1,39.8,,run
2026-09-18T14:58:30+03:00,1789732710,12655,42,3,30.1,39.8,,run
2026-09-18T14:58:35+03:00,1789732715,12660,42,3,30.1,39.8,,run
2026-09-18T14:58:41+03:00,1789732721,12666,42,3,30.1,39.2,,run
2026-09-18T14:58:46+03:00,1789732726,12671,42,3,30.1,40.2,,run
2026-09-18T14:58:51+03:00,1789732731,12676,42,3,30.1,39.8,,run
2026-09-18T14:58:56+03:00,1789732736,12681,42,3,30.1,39.2,,run
2026-09-18T14:59:02+03:00,1789732742,12687,42,3,30.1,39.5,,run
2026-09-18T14:59:07+03:00,1789732747,12692,42,3,30.1,39.2,,run
2026-09-18T14:59:12+03:00,1789732752,12697,42,3,30.1,39.2,,run
2026-09-18T14:59:17+03:00,1789732757,12702,42,3,30.1,39.5,,run
2026-09-18T14:59:22+03:00,1789732762,12707,42,3,30.1,49.4,,run
2026-09-18T14:59:28+03:00,1789732768,12713,42,3,30.1,40.8,,run
2026-09-18T14:59:33+03:00,1789732773,12718,42,3,30.1,40.8,,run
2026-09-18T14:59:38+03:00,1789732778,12723,42,3,30.1,38.9,,run
2026-09-18T14:59:44+03:00,1789732784,12729,42,3,30.1,39.2,,run
2026-09-18T14:59:49+03:00,1789732789,12734,42,3,30.1,39.2,,run
2026-09-18T14:59:54+03:00,1789732794,12739,42,3,30.1,39.8,,run
2026-09-18T14:59:59+03:00,1789732799,12744,42,3,30.1,39.2,,run
2026-09-18T15:00:04+03:00,1789732804,12749,42,3,30.1,38.6,,run
2026-09-18T15:00:10+03:00,1789732810,12755,42,3,30.1,52.2,,run
2026-09-18T15:00:15+03:00,1789732815,12760,42,3,30.1,41.1,,run
2026-09-18T15:00:20+03:00,1789732820,12765,42,3,30.1,40.2,,run
2026-09-18T15:00:25+03:00,1789732825,12770,42,3,30.1,39.8,,run
2026-09-18T15:00:31+03:00,1789732831,12776,42,3,30.1,39.5,,run
2026-09-18T15:00:36+03:00,1789732836,12781,42,3,30.1,38.9,,run
2026-09-18T15:00:41+03:00,1789732841,12786,42,3,30.1,40.2,,run
2026-09-18T15:00:46+03:00,1789732846,12791,42,3,30.1,38.9,,run
2026-09-18T15:00:52+03:00,1789732852,12797,42,3,30.1,40.5,,run
2026-09-18T15:00:57+03:00,1789732857,12802,42,3,30.1,38.9,,run
2026-09-18T15:01:02+03:00,1789732862,12807,42,3,30.1,39.2,,run
2026-09-18T15:01:07+03:00,1789732867,12812,42,3,30.1,39.5,,run
2026-09-18T15:01:12+03:00,1789732872,12817,42,3,30.1,39.5,,run
2026-09-18T15:01:18+03:00,1789732878,12823,42,3,30.1,38.9,,run
2026-09-18T15:01:23+03:00,1789732883,12828,42,3,30.1,42.6,,run
2026-09-18T15:01:28+03:00,1789732888,12833,42,3,30.1,44.2,,run
2026-09-18T15:01:33+03:00,1789732893,12838,42,3,30.1,42.6,,run
2026-09-18T15:01:39+03:00,1789732899,12844,42,3,30.1,39.5,,run
2026-09-18T15:01:44+03:00,1789732904,12849,42,3,30.1,39.2,,run
2026-09-18T15:01:49+03:00,1789732909,12854,42,3,30.1,49.4,,run
2026-09-18T15:01:54+03:00,1789732914,12859,42,3,30.1,43.6,,run
2026-09-18T15:02:00+03:00,1789732920,12865,42,3,30.1,40.8,,run
2026-09-18T15:02:05+03:00,1789732925,12870,42,3,30.1,44.5,,run
2026-09-18T15:02:10+03:00,1789732930,12875,42,3,30.1,41.1,,run
2026-09-18T15:02:15+03:00,1789732935,12880,42,3,30.1,39.8,,run
2026-09-18T15:02:21+03:00,1789732941,12886,42,3,30.1,40.8,,run
2026-09-18T15:02:26+03:00,1789732946,12891,42,3,30.1,40.5,,run
2026-09-18T15:02:31+03:00,1789732951,12896,42,3,30.1,39.8,,run
2026-09-18T15:02:36+03:00,1789732956,12901,42,3,30.1,39.5,,run
2026-09-18T15:02:41+03:00,1789732961,12906,42,3,30.1,39.8,,run
2026-09-18T15:02:47+03:00,1789732967,12912,42,3,30.1,38.9,,run
2026-09-18T15:02:52+03:00,1789732972,12917,42,3,30.1,39.5,,run
2026-09-18T15:02:57+03:00,1789732977,12922,42,3,30.1,39.8,,run
2026-09-18T15:03:02+03:00,1789732982,12927,42,3,30.1,45.4,,run
2026-09-18T15:03:08+03:00,1789732988,12933,42,3,30.1,49.1,,run
2026-09-18T15:03:13+03:00,1789732993,12938,42,3,30.1,46.0,,run
2026-09-18T15:03:18+03:00,1789732998,12943,42,3,30.1,39.8,,run
2026-09-18T15:03:23+03:00,1789733003,12948,42,3,30.1,39.5,,run
2026-09-18T15:03:29+03:00,1789733009,12954,42,3,30.1,38.9,,run
2026-09-18T15:03:34+03:00,1789733014,12959,42,3,30.1,39.5,,run
2026-09-18T15:03:39+03:00,1789733019,12964,42,3,30.1,38.6,,run
2026-09-18T15:03:44+03:00,1789733024,12969,42,3,30.1,38.9,,run
2026-09-18T15:03:49+03:00,1789733029,12974,42,3,30.1,42.9,,run
2026-09-18T15:03:55+03:00,1789733035,12980,42,3,30.1,47.0,,run
2026-09-18T15:04:00+03:00,1789733040,12985,41,3,30.2,39.8,,run
2026-09-18T15:04:05+03:00,1789733045,12990,41,3,30.2,40.5,,run
2026-09-18T15:04:10+03:00,1789733050,12995,41,3,30.2,39.5,,run
2026-09-18T15:04:16+03:00,1789733056,13001,41,3,30.2,39.5,,run
2026-09-18T15:04:21+03:00,1789733061,13006,41,3,30.2,38.9,,run
2026-09-18T15:04:26+03:00,1789733066,13011,41,3,30.2,40.5,,run
2026-09-18T15:04:31+03:00,1789733071,13016,41,3,30.2,38.6,,run
2026-09-18T15:04:36+03:00,1789733076,13021,41,3,30.2,39.5,,run
2026-09-18T15:04:42+03:00,1789733082,13027,41,3,30.2,39.2,,run
2026-09-18T15:04:47+03:00,1789733087,13032,41,3,30.2,39.5,,run
2026-09-18T15:04:52+03:00,1789733092,13037,41,3,30.2,40.2,,run
2026-09-18T15:04:57+03:00,1789733097,13042,41,3,30.2,39.2,,run
2026-09-18T15:05:03+03:00,1789733103,13048,41,3,30.2,39.8,,run
2026-09-18T15:05:08+03:00,1789733108,13053,41,3,30.2,49.4,,run
2026-09-18T15:05:13+03:00,1789733113,13058,41,3,30.2,40.8,,run
2026-09-18T15:05:19+03:00,1789733119,13064,41,3,30.2,40.5,,end
