iso_ts,epoch,elapsed_s,batt_level,batt_status,batt_temp_c,soc_temp_c,current_ma,event
2026-08-02T01:58:54+03:00,1785625134,0,84,3,31.3,45.1,,run
2026-08-02T01:58:59+03:00,1785625139,5,84,3,31.3,41.7,,run
2026-08-02T01:59:04+03:00,1785625144,10,84,3,31.3,43.9,,run
2026-08-02T01:59:10+03:00,1785625150,16,84,3,31.3,39.8,,run
2026-08-02T01:59:15+03:00,1785625155,21,84,3,31.3,39.2,,run
2026-08-02T01:59:21+03:00,1785625161,27,84,3,31.3,38.0,,run
2026-08-02T01:59:26+03:00,1785625166,32,84,3,31.3,38.0,,run
2026-08-02T01:59:32+03:00,1785625172,38,84,3,31.3,43.9,,run
2026-08-02T01:59:37+03:00,1785625177,43,84,3,31.3,47.6,,run
2026-08-02T01:59:42+03:00,1785625182,48,84,3,31.3,39.8,,run
2026-08-02T01:59:48+03:00,1785625188,54,84,3,31.3,38.6,,run
2026-08-02T01:59:53+03:00,1785625193,59,84,3,31.3,39.2,,run
2026-08-02T01:59:59+03:00,1785625199,65,84,3,31.3,38.6,,run
2026-08-02T02:00:04+03:00,1785625204,70,84,3,31.3,41.4,,run
2026-08-02T02:00:09+03:00,1785625209,75,84,3,31.3,42.0,,run
2026-08-02T02:00:15+03:00,1785625215,81,84,3,31.3,40.5,,run
2026-08-02T02:00:20+03:00,1785625220,86,84,3,31.3,38.6,,run
2026-08-02T02:00:26+03:00,1785625226,92,84,3,31.3,38.3,,run
2026-08-02T02:00:31+03:00,1785625231,97,84,3,31.3,38.0,,run
2026-08-02T02:00:36+03:00,1785625236,102,84,3,31.3,40.8,,run
2026-08-02T02:00:42+03:00,1785625242,108,84,3,31.3,42.0,,run
2026-08-02T02:00:47+03:00,1785625247,113,84,3,31.3,46.0,,run
2026-08-02T02:00:53+03:00,1785625253,119,84,3,31.3,49.1,,run
2026-08-02T02:00:58+03:00,1785625258,124,84,3,31.3,44.5,,run
2026-08-02T02:01:03+03:00,1785625263,129,84,3,31.3,38.9,,run
2026-08-02T02:01:09+03:00,1785625269,135,84,3,31.3,38.6,,run
2026-08-02T02:01:14+03:00,1785625274,140,84,3,31.3,38.0,,run
2026-08-02T02:01:20+03:00,1785625280,146,84,3,31.3,40.8,,run
2026-08-02T02:01:25+03:00,1785625285,151,84,3,31.3,38.9,,run
2026-08-02T02:01:30+03:00,1785625290,156,84,3,31.3,40.5,,run
2026-08-02T02:01:36+03:00,1785625296,162,84,3,31.3,49.7,,run
2026-08-02T02:01:41+03:00,1785625301,167,84,3,31.3,41.4,,run
2026-08-02T02:01:47+03:00,1785625307,173,84,3,31.3,38.6,,run
2026-08-02T02:01:52+03:00,1785625312,178,84,3,31.3,38.3,,run
2026-08-02T02:01:58+03:00,1785625318,184,84,3,31.3,42.3,,run
2026-08-02T02:02:03+03:00,1785625323,189,84,3,31.3,39.8,,run
2026-08-02T02:02:08+03:00,1785625328,194,84,3,31.3,37.7,,run
2026-08-02T02:02:14+03:00,1785625334,200,84,3,31.3,37.4,,run
2026-08-02T02:02:19+03:00,1785625339,205,84,3,31.3,38.0,,run
2026-08-02T02:02:25+03:00,1785625345,211,84,3,31.3,38.9,,run
2026-08-02T02:02:30+03:00,1785625350,216,84,3,31.3,42.0,,run
2026-08-02T02:02:36+03:00,1785625356,222,84,3,31.3,38.0,,run
2026-08-02T02:02:41+03:00,1785625361,227,84,3,31.3,37.4,,run
2026-08-02T02:02:46+03:00,1785625366,232,84,3,31.3,37.7,,run
2026-08-02T02:02:52+03:00,1785625372,238,84,3,31.3,37.4,,run
2026-08-02T02:02:57+03:00,1785625377,243,84,3,31.3,37.7,,run
2026-08-02T02:03:03+03:00,1785625383,249,84,3,31.3,41.4,,run
2026-08-02T02:03:08+03:00,1785625388,254,84,3,31.3,38.3,,run
2026-08-02T02:03:13+03:00,1785625393,259,84,3,31.3,38.0,,run
2026-08-02T02:03:19+03:00,1785625399,265,84,3,31.3,37.4,,run
2026-08-02T02:03:24+03:00,1785625404,270,84,3,31.3,37.7,,run
2026-08-02T02:03:30+03:00,1785625410,276,84,3,31.3,39.2,,run
2026-08-02T02:03:35+03:00,1785625415,281,84,3,31.3,41.7,,run
2026-08-02T02:03:41+03:00,1785625421,287,84,3,31.3,37.4,,run
2026-08-02T02:03:46+03:00,1785625426,292,84,3,31.3,37.4,,run
2026-08-02T02:03:51+03:00,1785625431,297,84,3,31.3,36.8,,run
2026-08-02T02:03:57+03:00,1785625437,303,84,3,31.3,37.1,,run
2026-08-02T02:04:02+03:00,1785625442,308,84,3,31.3,38.9,,run
2026-08-02T02:04:08+03:00,1785625448,314,84,3,31.3,41.1,,run
2026-08-02T02:04:13+03:00,1785625453,319,84,3,31.3,38.0,,run
2026-08-02T02:04:18+03:00,1785625458,324,84,3,31.3,37.7,,run
2026-08-02T02:04:24+03:00,1785625464,330,84,3,31.3,37.1,,run
2026-08-02T02:04:29+03:00,1785625469,335,84,3,31.3,37.1,,run
2026-08-02T02:04:35+03:00,1785625475,341,84,3,31.3,39.5,,run
2026-08-02T02:04:40+03:00,1785625480,346,84,3,31.3,40.5,,run
2026-08-02T02:04:46+03:00,1785625486,352,84,3,31.3,36.8,,run
2026-08-02T02:04:51+03:00,1785625491,357,84,3,31.3,37.7,,run
2026-08-02T02:04:56+03:00,1785625496,362,84,3,31.3,37.1,,run
2026-08-02T02:05:02+03:00,1785625502,368,84,3,31.3,37.1,,run
2026-08-02T02:05:07+03:00,1785625507,373,84,3,31.3,38.6,,run
2026-08-02T02:05:13+03:00,1785625513,379,84,3,31.3,40.2,,run
2026-08-02T02:05:18+03:00,1785625518,384,84,3,31.3,37.4,,run
2026-08-02T02:05:24+03:00,1785625524,390,84,3,31.3,37.1,,run
2026-08-02T02:05:29+03:00,1785625529,395,84,3,31.3,36.8,,run
2026-08-02T02:05:35+03:00,1785625535,401,84,3,31.3,36.8,,run
2026-08-02T02:05:40+03:00,1785625540,406,84,3,31.3,38.9,,run
2026-08-02T02:05:45+03:00,1785625545,411,84,3,31.3,39.8,,run
2026-08-02T02:05:51+03:00,1785625551,417,84,3,31.3,37.7,,run
2026-08-02T02:05:56+03:00,1785625556,422,84,3,31.3,37.4,,run
2026-08-02T02:06:02+03:00,1785625562,428,84,3,31.3,50.4,,run
2026-08-02T02:06:07+03:00,1785625567,433,84,3,31.3,38.3,,run
2026-08-02T02:06:13+03:00,1785625573,439,84,3,31.3,39.8,,run
2026-08-02T02:06:18+03:00,1785625578,444,84,3,31.3,39.2,,run
2026-08-02T02:06:23+03:00,1785625583,449,84,3,31.3,38.3,,run
2026-08-02T02:06:29+03:00,1785625589,455,84,3,31.3,52.2,,run
2026-08-02T02:06:34+03:00,1785625594,460,84,3,31.3,40.2,,run
2026-08-02T02:06:40+03:00,1785625600,466,84,3,31.3,38.3,,run
2026-08-02T02:06:45+03:00,1785625605,471,84,3,31.3,38.0,,run
2026-08-02T02:06:50+03:00,1785625610,476,84,3,31.3,42.0,,run
2026-08-02T02:06:56+03:00,1785625616,482,84,3,31.3,38.9,,run
2026-08-02T02:07:01+03:00,1785625621,487,84,3,31.3,38.9,,run
2026-08-02T02:07:07+03:00,1785625627,493,84,3,31.3,38.0,,run
2026-08-02T02:07:12+03:00,1785625632,498,84,3,31.3,38.0,,run
2026-08-02T02:07:18+03:00,1785625638,504,84,3,31.3,38.3,,run
2026-08-02T02:07:23+03:00,1785625643,509,84,3,31.3,42.0,,run
2026-08-02T02:07:28+03:00,1785625648,514,84,3,31.3,38.6,,run
2026-08-02T02:07:34+03:00,1785625654,520,84,3,31.3,38.0,,run
2026-08-02T02:07:39+03:00,1785625659,525,84,3,31.3,38.0,,run
2026-08-02T02:07:45+03:00,1785625665,531,84,3,31.3,49.7,,run
2026-08-02T02:07:50+03:00,1785625670,536,84,3,31.3,38.6,,run
2026-08-02T02:07:56+03:00,1785625676,542,84,3,31.3,40.8,,run
2026-08-02T02:08:01+03:00,1785625681,547,84,3,31.3,43.6,,run
2026-08-02T02:08:06+03:00,1785625686,552,84,3,31.3,38.3,,run
2026-08-02T02:08:12+03:00,1785625692,558,84,3,31.3,38.0,,run
2026-08-02T02:08:17+03:00,1785625697,563,84,3,31.3,37.1,,run
2026-08-02T02:08:23+03:00,1785625703,569,84,3,31.3,39.2,,run
2026-08-02T02:08:28+03:00,1785625708,574,84,3,31.3,41.7,,run
2026-08-02T02:08:34+03:00,1785625714,580,84,3,31.3,49.7,,run
2026-08-02T02:08:39+03:00,1785625719,585,84,3,31.3,42.6,,run
2026-08-02T02:08:44+03:00,1785625724,590,83,3,31.0,41.7,,run
2026-08-02T02:08:50+03:00,1785625730,596,83,3,31.0,39.5,,run
2026-08-02T02:08:55+03:00,1785625735,601,83,3,31.1,38.6,,run
2026-08-02T02:09:01+03:00,1785625741,607,83,3,31.1,38.3,,run
2026-08-02T02:09:06+03:00,1785625746,612,83,3,31.1,42.3,,run
2026-08-02T02:09:11+03:00,1785625751,617,83,3,31.1,39.8,,run
2026-08-02T02:09:17+03:00,1785625757,623,83,3,31.1,38.0,,run
2026-08-02T02:09:22+03:00,1785625762,628,83,3,31.1,38.3,,run
2026-08-02T02:09:28+03:00,1785625768,634,83,3,31.1,38.0,,run
2026-08-02T02:09:34+03:00,1785625774,640,83,3,31.1,42.3,,run
2026-08-02T02:09:39+03:00,1785625779,645,83,3,31.1,38.6,,run
2026-08-02T02:09:44+03:00,1785625784,650,83,3,31.1,38.0,,run
2026-08-02T02:09:50+03:00,1785625790,656,83,3,31.1,49.7,,run
2026-08-02T02:09:55+03:00,1785625795,661,83,3,31.1,39.5,,run
2026-08-02T02:10:01+03:00,1785625801,667,83,3,31.1,39.2,,run
2026-08-02T02:10:06+03:00,1785625806,672,83,3,31.1,40.5,,run
2026-08-02T02:10:11+03:00,1785625811,677,83,3,31.1,38.0,,run
2026-08-02T02:10:17+03:00,1785625817,683,83,3,31.1,38.3,,run
2026-08-02T02:10:23+03:00,1785625823,689,83,3,31.1,37.7,,run
2026-08-02T02:10:28+03:00,1785625828,694,83,3,31.1,39.5,,run
2026-08-02T02:10:34+03:00,1785625834,700,83,3,31.1,40.5,,run
2026-08-02T02:10:39+03:00,1785625839,705,83,3,31.1,47.3,,run
2026-08-02T02:10:44+03:00,1785625844,710,83,3,31.1,39.8,,run
2026-08-02T02:10:50+03:00,1785625850,716,83,3,31.1,38.6,,run
2026-08-02T02:10:55+03:00,1785625855,721,83,3,31.1,38.6,,run
2026-08-02T02:11:01+03:00,1785625861,727,83,3,31.1,39.2,,run
2026-08-02T02:11:06+03:00,1785625866,732,83,3,31.1,42.6,,run
2026-08-02T02:11:12+03:00,1785625872,738,83,3,31.1,39.2,,run
2026-08-02T02:11:17+03:00,1785625877,743,83,3,31.1,38.3,,run
2026-08-02T02:11:23+03:00,1785625883,749,83,3,31.1,38.3,,run
2026-08-02T02:11:28+03:00,1785625888,754,83,3,31.1,38.0,,run
2026-08-02T02:11:34+03:00,1785625894,760,83,3,31.1,40.2,,run
2026-08-02T02:11:39+03:00,1785625899,765,83,3,31.1,42.0,,run
2026-08-02T02:11:44+03:00,1785625904,770,83,3,31.1,38.6,,run
2026-08-02T02:11:50+03:00,1785625910,776,83,3,31.1,44.8,,run
2026-08-02T02:11:55+03:00,1785625915,781,83,3,31.1,46.7,,run
2026-08-02T02:12:01+03:00,1785625921,787,83,3,31.1,40.5,,run
2026-08-02T02:12:06+03:00,1785625926,792,83,3,31.1,38.3,,run
2026-08-02T02:12:11+03:00,1785625931,797,83,3,31.1,43.2,,run
2026-08-02T02:12:17+03:00,1785625937,803,83,3,31.1,41.7,,run
2026-08-02T02:12:22+03:00,1785625942,808,83,3,31.1,38.0,,run
2026-08-02T02:12:28+03:00,1785625948,814,83,3,31.1,37.7,,run
2026-08-02T02:12:33+03:00,1785625953,819,83,3,31.1,37.4,,run
2026-08-02T02:12:39+03:00,1785625959,825,83,3,31.1,40.5,,run
2026-08-02T02:12:44+03:00,1785625964,830,83,3,31.1,43.6,,run
2026-08-02T02:12:50+03:00,1785625970,836,83,3,31.1,43.2,,run
2026-08-02T02:12:55+03:00,1785625975,841,83,3,31.1,38.9,,run
2026-08-02T02:13:00+03:00,1785625980,846,83,3,31.1,38.9,,run
2026-08-02T02:13:06+03:00,1785625986,852,83,3,31.1,38.3,,run
2026-08-02T02:13:11+03:00,1785625991,857,83,3,31.1,38.0,,run
2026-08-02T02:13:17+03:00,1785625997,863,83,3,31.1,39.5,,run
2026-08-02T02:13:22+03:00,1785626002,868,83,3,31.1,42.6,,run
2026-08-02T02:13:27+03:00,1785626007,873,83,3,31.1,38.9,,run
2026-08-02T02:13:33+03:00,1785626013,879,83,3,31.1,38.0,,run
2026-08-02T02:13:38+03:00,1785626018,884,83,3,31.1,38.0,,run
2026-08-02T02:13:44+03:00,1785626024,890,83,3,31.1,38.3,,run
2026-08-02T02:13:49+03:00,1785626029,895,83,3,31.1,39.8,,run
2026-08-02T02:13:55+03:00,1785626035,901,83,3,31.1,45.7,,run
2026-08-02T02:14:00+03:00,1785626040,906,83,3,31.1,48.2,,run
2026-08-02T02:14:05+03:00,1785626045,911,83,3,31.1,43.9,,run
2026-08-02T02:14:11+03:00,1785626051,917,83,3,31.1,38.6,,run
2026-08-02T02:14:16+03:00,1785626056,922,83,3,31.1,37.7,,run
2026-08-02T02:14:22+03:00,1785626062,928,83,3,31.1,37.7,,run
2026-08-02T02:14:27+03:00,1785626067,933,83,3,31.1,38.3,,run
2026-08-02T02:14:33+03:00,1785626073,939,83,3,31.1,41.7,,run
2026-08-02T02:14:38+03:00,1785626078,944,83,3,31.1,38.3,,run
2026-08-02T02:14:43+03:00,1785626083,949,83,3,31.1,39.5,,run
2026-08-02T02:14:49+03:00,1785626089,955,83,3,31.1,42.3,,run
2026-08-02T02:14:54+03:00,1785626094,960,83,3,31.1,38.6,,run
2026-08-02T02:15:00+03:00,1785626100,966,83,3,31.1,39.5,,run
2026-08-02T02:15:05+03:00,1785626105,971,83,3,31.1,40.5,,run
2026-08-02T02:15:11+03:00,1785626111,977,83,3,31.1,41.1,,run
2026-08-02T02:15:16+03:00,1785626116,982,83,3,31.1,38.9,,run
2026-08-02T02:15:21+03:00,1785626121,987,83,3,31.1,38.3,,run
2026-08-02T02:15:27+03:00,1785626127,993,83,3,31.1,38.0,,run
2026-08-02T02:15:32+03:00,1785626132,998,83,3,31.1,38.0,,run
2026-08-02T02:15:38+03:00,1785626138,1004,83,3,31.1,40.5,,run
2026-08-02T02:15:43+03:00,1785626143,1009,83,3,31.1,39.8,,run
2026-08-02T02:15:48+03:00,1785626148,1014,83,3,31.1,38.0,,run
2026-08-02T02:15:54+03:00,1785626154,1020,83,3,31.1,37.4,,run
2026-08-02T02:15:59+03:00,1785626159,1025,83,3,31.1,44.8,,run
2026-08-02T02:16:05+03:00,1785626165,1031,83,3,31.1,45.4,,run
2026-08-02T02:16:10+03:00,1785626170,1036,83,3,31.1,44.8,,run
2026-08-02T02:16:16+03:00,1785626176,1042,83,3,31.1,38.6,,run
2026-08-02T02:16:21+03:00,1785626181,1047,83,3,31.1,41.4,,run
2026-08-02T02:16:26+03:00,1785626186,1052,83,3,31.1,38.9,,run
2026-08-02T02:16:32+03:00,1785626192,1058,83,3,31.1,37.7,,run
2026-08-02T02:16:37+03:00,1785626197,1063,83,3,31.1,37.1,,run
2026-08-02T02:16:43+03:00,1785626203,1069,83,3,31.1,37.1,,run
2026-08-02T02:16:48+03:00,1785626208,1074,83,3,31.1,48.8,,run
2026-08-02T02:16:54+03:00,1785626214,1080,83,3,31.1,44.5,,run
2026-08-02T02:16:59+03:00,1785626219,1085,83,3,31.1,43.6,,run
2026-08-02T02:17:05+03:00,1785626225,1091,83,3,31.1,42.9,,run
2026-08-02T02:17:10+03:00,1785626230,1096,83,3,31.1,41.7,,run
2026-08-02T02:17:15+03:00,1785626235,1101,83,3,31.1,43.9,,run
2026-08-02T02:17:21+03:00,1785626241,1107,83,3,31.1,40.8,,run
2026-08-02T02:17:26+03:00,1785626246,1112,83,3,31.1,39.5,,run
2026-08-02T02:17:31+03:00,1785626251,1117,83,3,31.1,42.0,,run
2026-08-02T02:17:37+03:00,1785626257,1123,83,3,31.1,42.0,,run
2026-08-02T02:17:42+03:00,1785626262,1128,83,3,31.1,43.9,,run
2026-08-02T02:17:47+03:00,1785626267,1133,83,3,31.1,42.0,,run
2026-08-02T02:17:53+03:00,1785626273,1139,83,3,31.1,42.0,,run
2026-08-02T02:17:58+03:00,1785626278,1144,83,3,31.1,40.2,,run
2026-08-02T02:18:04+03:00,1785626284,1150,83,3,31.1,46.7,,run
2026-08-02T02:18:09+03:00,1785626289,1155,83,3,31.1,43.2,,run
2026-08-02T02:18:14+03:00,1785626294,1160,83,3,31.1,47.6,,run
2026-08-02T02:18:20+03:00,1785626300,1166,83,3,31.1,39.8,,run
2026-08-02T02:18:25+03:00,1785626305,1171,83,3,31.1,38.3,,run
2026-08-02T02:18:31+03:00,1785626311,1177,83,3,31.1,38.3,,run
2026-08-02T02:18:36+03:00,1785626316,1182,83,3,31.1,39.5,,run
2026-08-02T02:18:42+03:00,1785626322,1188,83,3,31.1,41.4,,run
2026-08-02T02:18:47+03:00,1785626327,1193,83,3,31.1,38.3,,run
2026-08-02T02:18:52+03:00,1785626332,1198,83,3,31.1,40.2,,run
2026-08-02T02:18:58+03:00,1785626338,1204,83,3,31.1,44.8,,run
2026-08-02T02:19:03+03:00,1785626343,1209,83,3,31.1,39.5,,run
2026-08-02T02:19:09+03:00,1785626349,1215,83,3,31.1,39.2,,run
2026-08-02T02:19:14+03:00,1785626354,1220,83,3,31.1,38.6,,run
2026-08-02T02:19:20+03:00,1785626360,1226,83,3,31.1,42.0,,run
2026-08-02T02:19:25+03:00,1785626365,1231,83,3,31.1,39.5,,run
2026-08-02T02:19:31+03:00,1785626371,1237,83,3,31.1,38.9,,run
2026-08-02T02:19:36+03:00,1785626376,1242,83,3,31.1,38.0,,run
2026-08-02T02:19:41+03:00,1785626381,1247,83,3,31.1,38.3,,run
2026-08-02T02:19:47+03:00,1785626387,1253,83,3,31.1,39.2,,run
2026-08-02T02:19:52+03:00,1785626392,1258,83,3,31.1,42.3,,run
2026-08-02T02:19:58+03:00,1785626398,1264,83,3,31.1,38.3,,run
2026-08-02T02:20:03+03:00,1785626403,1269,83,3,31.1,38.3,,run
2026-08-02T02:20:09+03:00,1785626409,1275,83,3,31.1,47.3,,run
2026-08-02T02:20:14+03:00,1785626414,1280,83,3,31.1,40.5,,run
2026-08-02T02:20:20+03:00,1785626420,1286,83,3,31.1,39.8,,run
2026-08-02T02:20:25+03:00,1785626425,1291,83,3,31.1,39.5,,run
2026-08-02T02:20:31+03:00,1785626431,1297,82,3,31.1,38.3,,run
2026-08-02T02:20:36+03:00,1785626436,1302,82,3,31.1,38.0,,run
2026-08-02T02:20:41+03:00,1785626441,1307,82,3,31.1,38.3,,run
2026-08-02T02:20:47+03:00,1785626447,1313,82,3,31.1,37.4,,run
2026-08-02T02:20:52+03:00,1785626452,1318,82,3,31.1,38.6,,run
2026-08-02T02:20:58+03:00,1785626458,1324,82,3,31.1,49.7,,run
2026-08-02T02:21:04+03:00,1785626464,1330,82,3,31.1,44.8,,run
2026-08-02T02:21:09+03:00,1785626469,1335,82,3,31.1,39.2,,run
2026-08-02T02:21:14+03:00,1785626474,1340,82,3,31.1,39.5,,run
2026-08-02T02:21:20+03:00,1785626480,1346,82,3,31.1,38.0,,run
2026-08-02T02:21:25+03:00,1785626485,1351,82,3,31.1,37.7,,run
2026-08-02T02:21:31+03:00,1785626491,1357,82,3,31.1,40.2,,run
2026-08-02T02:21:36+03:00,1785626496,1362,82,3,31.1,42.6,,run
2026-08-02T02:21:41+03:00,1785626501,1367,82,3,31.1,38.3,,run
2026-08-02T02:21:47+03:00,1785626507,1373,82,3,31.1,38.3,,run
2026-08-02T02:21:52+03:00,1785626512,1378,82,3,31.1,38.0,,run
2026-08-02T02:21:58+03:00,1785626518,1384,82,3,31.1,37.4,,run
2026-08-02T02:22:03+03:00,1785626523,1389,82,3,31.1,41.1,,run
2026-08-02T02:22:09+03:00,1785626529,1395,82,3,31.1,38.6,,run
2026-08-02T02:22:14+03:00,1785626534,1400,82,3,31.1,47.3,,run
2026-08-02T02:22:20+03:00,1785626540,1406,82,3,31.1,39.8,,run
2026-08-02T02:22:25+03:00,1785626545,1411,82,3,31.1,39.2,,run
2026-08-02T02:22:31+03:00,1785626551,1417,82,3,31.1,38.3,,run
2026-08-02T02:22:36+03:00,1785626556,1422,82,3,31.1,38.9,,run
2026-08-02T02:22:42+03:00,1785626562,1428,82,3,31.1,41.7,,run
2026-08-02T02:22:47+03:00,1785626567,1433,82,3,31.1,38.3,,run
2026-08-02T02:22:52+03:00,1785626572,1438,82,3,31.1,38.0,,run
2026-08-02T02:22:58+03:00,1785626578,1444,82,3,31.1,49.4,,run
2026-08-02T02:23:04+03:00,1785626584,1450,82,3,31.1,42.6,,run
2026-08-02T02:23:09+03:00,1785626589,1455,82,3,31.1,38.6,,run
2026-08-02T02:23:14+03:00,1785626594,1460,82,3,31.1,40.8,,run
2026-08-02T02:23:20+03:00,1785626600,1466,82,3,31.1,39.5,,run
2026-08-02T02:23:25+03:00,1785626605,1471,82,3,31.1,38.9,,run
2026-08-02T02:23:31+03:00,1785626611,1477,82,3,31.1,37.7,,run
2026-08-02T02:23:36+03:00,1785626616,1482,82,3,31.1,38.6,,run
2026-08-02T02:23:42+03:00,1785626622,1488,82,3,31.1,39.2,,run
2026-08-02T02:23:47+03:00,1785626627,1493,82,3,31.1,42.0,,run
2026-08-02T02:23:52+03:00,1785626632,1498,82,3,31.1,38.6,,run
2026-08-02T02:23:58+03:00,1785626638,1504,82,3,31.1,37.7,,run
2026-08-02T02:24:03+03:00,1785626643,1509,82,3,31.1,38.3,,run
2026-08-02T02:24:09+03:00,1785626649,1515,82,3,31.1,37.7,,run
2026-08-02T02:24:14+03:00,1785626654,1520,82,3,31.1,41.7,,run
2026-08-02T02:24:20+03:00,1785626660,1526,82,3,31.1,42.6,,run
2026-08-02T02:24:25+03:00,1785626665,1531,82,3,31.1,43.6,,run
2026-08-02T02:24:30+03:00,1785626670,1536,82,3,31.1,38.0,,run
2026-08-02T02:24:36+03:00,1785626676,1542,82,3,31.1,38.3,,run
2026-08-02T02:24:41+03:00,1785626681,1547,82,3,31.1,38.0,,run
2026-08-02T02:24:47+03:00,1785626687,1553,82,3,31.1,38.0,,run
2026-08-02T02:24:52+03:00,1785626692,1558,82,3,31.1,40.5,,run
2026-08-02T02:24:57+03:00,1785626697,1563,82,3,31.1,39.2,,run
2026-08-02T02:25:03+03:00,1785626703,1569,82,3,31.1,45.4,,run
2026-08-02T02:25:08+03:00,1785626708,1574,82,3,31.1,43.2,,run
2026-08-02T02:25:14+03:00,1785626714,1580,82,3,31.1,39.5,,run
2026-08-02T02:25:19+03:00,1785626719,1585,82,3,31.1,38.3,,run
2026-08-02T02:25:25+03:00,1785626725,1591,82,3,31.1,38.6,,run
2026-08-02T02:25:30+03:00,1785626730,1596,82,3,31.1,38.3,,run
2026-08-02T02:25:36+03:00,1785626736,1602,82,3,31.1,40.8,,run
2026-08-02T02:25:41+03:00,1785626741,1607,82,3,31.1,41.7,,run
2026-08-02T02:25:46+03:00,1785626746,1612,82,3,31.1,38.3,,run
2026-08-02T02:25:52+03:00,1785626752,1618,82,3,31.1,38.0,,run
2026-08-02T02:25:57+03:00,1785626757,1623,82,3,31.1,38.3,,run
2026-08-02T02:26:03+03:00,1785626763,1629,82,3,31.1,38.3,,run
2026-08-02T02:26:08+03:00,1785626768,1634,82,3,31.1,39.8,,run
2026-08-02T02:26:13+03:00,1785626773,1639,82,3,31.1,47.6,,run
2026-08-02T02:26:19+03:00,1785626779,1645,82,3,31.1,47.9,,run
2026-08-02T02:26:24+03:00,1785626784,1650,82,3,31.1,43.6,,run
2026-08-02T02:26:29+03:00,1785626789,1655,82,3,31.1,38.6,,run
2026-08-02T02:26:35+03:00,1785626795,1661,82,3,31.1,38.3,,run
2026-08-02T02:26:40+03:00,1785626800,1666,82,3,31.1,38.0,,run
2026-08-02T02:26:46+03:00,1785626806,1672,82,3,31.1,41.1,,run
2026-08-02T02:26:51+03:00,1785626811,1677,82,3,31.1,38.0,,run
2026-08-02T02:26:57+03:00,1785626817,1683,82,3,31.1,38.9,,run
2026-08-02T02:27:02+03:00,1785626822,1688,82,3,31.1,52.2,,run
2026-08-02T02:27:08+03:00,1785626828,1694,82,3,31.1,40.2,,run
2026-08-02T02:27:13+03:00,1785626833,1699,82,3,31.1,38.3,,run
2026-08-02T02:27:19+03:00,1785626839,1705,82,3,31.1,40.5,,run
2026-08-02T02:27:24+03:00,1785626844,1710,82,3,31.1,41.4,,run
2026-08-02T02:27:29+03:00,1785626849,1715,82,3,31.1,38.9,,run
2026-08-02T02:27:35+03:00,1785626855,1721,82,3,31.1,38.3,,run
2026-08-02T02:27:40+03:00,1785626860,1726,82,3,31.1,38.0,,run
2026-08-02T02:27:46+03:00,1785626866,1732,82,3,31.1,38.9,,run
2026-08-02T02:27:51+03:00,1785626871,1737,82,3,31.1,40.8,,run
2026-08-02T02:27:57+03:00,1785626877,1743,82,3,31.1,39.8,,run
2026-08-02T02:28:02+03:00,1785626882,1748,82,3,31.1,38.3,,run
2026-08-02T02:28:07+03:00,1785626887,1753,82,3,31.1,38.6,,run
2026-08-02T02:28:13+03:00,1785626893,1759,82,3,31.1,38.0,,run
2026-08-02T02:28:18+03:00,1785626898,1764,82,3,31.1,51.6,,run
2026-08-02T02:28:24+03:00,1785626904,1770,82,3,31.1,42.6,,run
2026-08-02T02:28:29+03:00,1785626909,1775,82,3,31.1,40.2,,run
2026-08-02T02:28:34+03:00,1785626914,1780,82,3,31.1,40.2,,run
2026-08-02T02:28:40+03:00,1785626920,1786,82,3,31.1,38.0,,run
2026-08-02T02:28:45+03:00,1785626925,1791,82,3,31.1,37.7,,run
2026-08-02T02:28:51+03:00,1785626931,1797,82,3,31.1,38.0,,run
2026-08-02T02:28:56+03:00,1785626936,1802,82,3,31.1,38.0,,run
2026-08-02T02:29:02+03:00,1785626942,1808,82,3,31.1,51.9,,run
2026-08-02T02:29:07+03:00,1785626947,1813,82,3,31.1,44.8,,run
2026-08-02T02:29:13+03:00,1785626953,1819,82,3,31.1,39.5,,run
2026-08-02T02:29:18+03:00,1785626958,1824,82,3,31.1,38.9,,run
2026-08-02T02:29:23+03:00,1785626963,1829,82,3,31.1,38.0,,run
2026-08-02T02:29:29+03:00,1785626969,1835,82,3,31.1,38.3,,run
2026-08-02T02:29:34+03:00,1785626974,1840,82,3,31.1,40.2,,run
2026-08-02T02:29:40+03:00,1785626980,1846,82,3,31.1,42.6,,run
2026-08-02T02:29:45+03:00,1785626985,1851,82,3,31.1,39.2,,run
2026-08-02T02:29:50+03:00,1785626990,1856,82,3,31.1,38.3,,run
2026-08-02T02:29:56+03:00,1785626996,1862,82,3,31.1,38.0,,run
2026-08-02T02:30:01+03:00,1785627001,1867,82,3,31.1,38.3,,run
2026-08-02T02:30:07+03:00,1785627007,1873,82,3,31.1,40.5,,run
2026-08-02T02:30:12+03:00,1785627012,1878,82,3,31.1,42.6,,run
2026-08-02T02:30:18+03:00,1785627017,1883,82,3,31.1,49.1,,run
2026-08-02T02:30:23+03:00,1785627023,1889,82,3,31.1,40.5,,run
2026-08-02T02:30:29+03:00,1785627029,1895,82,3,31.1,39.8,,run
2026-08-02T02:30:34+03:00,1785627034,1900,82,3,31.1,39.2,,run
2026-08-02T02:30:39+03:00,1785627039,1905,82,3,31.1,38.6,,run
2026-08-02T02:30:45+03:00,1785627045,1911,82,3,31.1,38.9,,run
2026-08-02T02:30:50+03:00,1785627050,1916,82,3,31.1,42.0,,run
2026-08-02T02:30:56+03:00,1785627056,1922,82,3,31.1,37.7,,run
2026-08-02T02:31:01+03:00,1785627061,1927,82,3,31.1,38.0,,run
2026-08-02T02:31:07+03:00,1785627067,1933,82,3,31.1,46.3,,run
2026-08-02T02:31:12+03:00,1785627072,1938,81,3,31.2,44.8,,run
2026-08-02T02:31:17+03:00,1785627077,1943,81,3,31.2,39.5,,run
2026-08-02T02:31:23+03:00,1785627083,1949,81,3,31.2,39.8,,run
2026-08-02T02:31:28+03:00,1785627088,1954,81,3,31.2,42.9,,run
2026-08-02T02:31:34+03:00,1785627094,1960,81,3,31.2,38.9,,run
2026-08-02T02:31:39+03:00,1785627099,1965,81,3,31.2,38.6,,run
2026-08-02T02:31:45+03:00,1785627105,1971,81,3,31.2,38.0,,run
2026-08-02T02:31:50+03:00,1785627110,1976,81,3,31.2,37.7,,run
2026-08-02T02:31:56+03:00,1785627116,1982,81,3,31.2,40.5,,run
2026-08-02T02:32:01+03:00,1785627121,1987,81,3,31.2,41.4,,run
2026-08-02T02:32:06+03:00,1785627126,1992,81,3,31.2,38.9,,run
2026-08-02T02:32:12+03:00,1785627132,1998,81,3,31.2,38.3,,run
2026-08-02T02:32:17+03:00,1785627137,2003,81,3,31.2,38.3,,run
2026-08-02T02:32:23+03:00,1785627143,2009,81,3,31.2,41.1,,run
2026-08-02T02:32:28+03:00,1785627148,2014,81,3,31.2,42.0,,run
2026-08-02T02:32:34+03:00,1785627154,2020,81,3,31.2,40.2,,run
2026-08-02T02:32:39+03:00,1785627159,2025,81,3,31.2,38.0,,run
2026-08-02T02:32:45+03:00,1785627165,2031,81,3,31.2,38.0,,run
2026-08-02T02:32:50+03:00,1785627170,2036,81,3,31.2,37.4,,run
2026-08-02T02:32:56+03:00,1785627176,2042,81,3,31.2,38.0,,run
2026-08-02T02:33:01+03:00,1785627181,2047,81,3,31.2,37.4,,run
2026-08-02T02:33:06+03:00,1785627186,2052,81,3,31.2,39.5,,run
2026-08-02T02:33:12+03:00,1785627192,2058,81,3,31.2,44.8,,run
2026-08-02T02:33:17+03:00,1785627197,2063,81,3,31.2,38.6,,run
2026-08-02T02:33:23+03:00,1785627203,2069,81,3,31.2,38.3,,run
2026-08-02T02:33:28+03:00,1785627208,2074,81,3,31.2,40.5,,run
2026-08-02T02:33:34+03:00,1785627214,2080,81,3,31.2,42.3,,run
2026-08-02T02:33:39+03:00,1785627219,2085,81,3,31.2,38.6,,run
2026-08-02T02:33:45+03:00,1785627225,2091,81,3,31.2,38.0,,run
2026-08-02T02:33:50+03:00,1785627230,2096,81,3,31.2,38.0,,run
2026-08-02T02:33:55+03:00,1785627235,2101,81,3,31.2,38.0,,run
2026-08-02T02:34:01+03:00,1785627241,2107,81,3,31.2,39.8,,run
2026-08-02T02:34:06+03:00,1785627246,2112,81,3,31.2,41.7,,run
2026-08-02T02:34:12+03:00,1785627252,2118,81,3,31.2,38.0,,run
2026-08-02T02:34:17+03:00,1785627257,2123,81,3,31.2,38.0,,run
2026-08-02T02:34:22+03:00,1785627262,2128,81,3,31.2,45.4,,run
2026-08-02T02:34:28+03:00,1785627268,2134,81,3,31.2,46.0,,run
2026-08-02T02:34:33+03:00,1785627273,2139,81,3,31.2,41.1,,run
2026-08-02T02:34:39+03:00,1785627279,2145,81,3,31.2,38.3,,run
2026-08-02T02:34:44+03:00,1785627284,2150,81,3,31.2,38.0,,run
2026-08-02T02:34:50+03:00,1785627290,2156,81,3,31.2,37.7,,run
2026-08-02T02:34:55+03:00,1785627295,2161,81,3,31.2,37.7,,run
2026-08-02T02:35:00+03:00,1785627300,2166,81,3,31.2,39.5,,run
2026-08-02T02:35:06+03:00,1785627306,2172,81,3,31.2,40.8,,run
2026-08-02T02:35:11+03:00,1785627311,2177,81,3,31.2,51.0,,run
2026-08-02T02:35:17+03:00,1785627317,2183,81,3,31.2,40.5,,run
2026-08-02T02:35:22+03:00,1785627322,2188,81,3,31.2,38.6,,run
2026-08-02T02:35:27+03:00,1785627327,2193,81,3,31.2,38.6,,run
2026-08-02T02:35:33+03:00,1785627333,2199,81,3,31.2,38.3,,run
2026-08-02T02:35:38+03:00,1785627338,2204,81,3,31.2,40.5,,run
2026-08-02T02:35:44+03:00,1785627344,2210,81,3,31.2,41.7,,run
2026-08-02T02:35:49+03:00,1785627349,2215,81,3,31.2,38.6,,run
2026-08-02T02:35:55+03:00,1785627355,2221,81,3,31.2,38.6,,run
2026-08-02T02:36:00+03:00,1785627360,2226,81,3,31.2,38.3,,run
2026-08-02T02:36:05+03:00,1785627365,2231,81,3,31.2,37.7,,run
2026-08-02T02:36:11+03:00,1785627371,2237,81,3,31.2,40.2,,run
2026-08-02T02:36:16+03:00,1785627376,2242,81,3,31.2,41.4,,run
2026-08-02T02:36:22+03:00,1785627382,2248,81,3,31.2,38.6,,run
2026-08-02T02:36:27+03:00,1785627387,2253,81,3,31.2,52.2,,run
2026-08-02T02:36:33+03:00,1785627393,2259,81,3,31.2,43.6,,run
2026-08-02T02:36:38+03:00,1785627398,2264,81,3,31.2,38.6,,run
2026-08-02T02:36:43+03:00,1785627403,2269,81,3,31.2,38.0,,run
2026-08-02T02:36:49+03:00,1785627409,2275,81,3,31.2,37.7,,run
2026-08-02T02:36:54+03:00,1785627414,2280,81,3,31.2,37.1,,run
2026-08-02T02:37:00+03:00,1785627420,2286,81,3,31.2,37.4,,run
2026-08-02T02:37:05+03:00,1785627425,2291,81,3,31.2,38.0,,run
2026-08-02T02:37:11+03:00,1785627431,2297,81,3,31.2,51.9,,run
2026-08-02T02:37:16+03:00,1785627436,2302,81,3,31.2,40.5,,run
2026-08-02T02:37:22+03:00,1785627442,2308,81,3,31.2,41.4,,run
2026-08-02T02:37:27+03:00,1785627447,2313,81,3,31.2,43.2,,run
2026-08-02T02:37:32+03:00,1785627452,2318,81,3,31.2,39.2,,run
2026-08-02T02:37:38+03:00,1785627458,2324,81,3,31.2,42.0,,run
2026-08-02T02:37:43+03:00,1785627463,2329,81,3,31.2,40.2,,run
2026-08-02T02:37:49+03:00,1785627469,2335,81,3,31.2,39.2,,run
2026-08-02T02:37:54+03:00,1785627474,2340,81,3,31.2,40.8,,run
2026-08-02T02:37:59+03:00,1785627479,2345,81,3,31.2,43.2,,run
2026-08-02T02:38:05+03:00,1785627485,2351,81,3,31.2,39.2,,run
2026-08-02T02:38:10+03:00,1785627490,2356,81,3,31.2,42.3,,run
2026-08-02T02:38:16+03:00,1785627496,2362,81,3,31.2,42.3,,run
2026-08-02T02:38:21+03:00,1785627501,2367,81,3,31.2,39.5,,run
2026-08-02T02:38:26+03:00,1785627506,2372,81,3,31.2,50.7,,run
2026-08-02T02:38:32+03:00,1785627512,2378,81,3,31.2,40.5,,run
2026-08-02T02:38:37+03:00,1785627517,2383,81,3,31.2,38.9,,run
2026-08-02T02:38:43+03:00,1785627523,2389,81,3,31.2,38.9,,run
2026-08-02T02:38:48+03:00,1785627528,2394,81,3,31.2,37.4,,run
2026-08-02T02:38:54+03:00,1785627534,2400,81,3,31.2,37.7,,run
2026-08-02T02:38:59+03:00,1785627539,2405,81,3,31.2,39.8,,run
2026-08-02T02:39:05+03:00,1785627545,2411,81,3,31.2,38.9,,run
2026-08-02T02:39:10+03:00,1785627550,2416,81,3,31.2,49.1,,run
2026-08-02T02:39:16+03:00,1785627556,2422,81,3,31.2,41.1,,run
2026-08-02T02:39:21+03:00,1785627561,2427,81,3,31.2,39.2,,run
2026-08-02T02:39:27+03:00,1785627567,2433,81,3,31.2,38.9,,run
2026-08-02T02:39:32+03:00,1785627572,2438,81,3,31.2,40.8,,run
2026-08-02T02:39:37+03:00,1785627577,2443,81,3,31.2,42.9,,run
2026-08-02T02:39:43+03:00,1785627583,2449,81,3,31.2,38.3,,run
2026-08-02T02:39:48+03:00,1785627588,2454,81,3,31.2,38.9,,run
2026-08-02T02:39:54+03:00,1785627594,2460,81,3,31.2,38.0,,run
2026-08-02T02:39:59+03:00,1785627599,2465,81,3,31.2,37.7,,run
2026-08-02T02:40:05+03:00,1785627605,2471,81,3,31.2,41.7,,run
2026-08-02T02:40:10+03:00,1785627610,2476,81,3,31.2,40.2,,run
2026-08-02T02:40:15+03:00,1785627615,2481,81,3,31.2,38.9,,run
2026-08-02T02:40:21+03:00,1785627621,2487,81,3,31.2,38.3,,run
2026-08-02T02:40:26+03:00,1785627626,2492,81,3,31.2,44.5,,run
2026-08-02T02:40:32+03:00,1785627632,2498,81,3,31.2,40.5,,run
2026-08-02T02:40:37+03:00,1785627637,2503,81,3,31.2,42.9,,run
2026-08-02T02:40:42+03:00,1785627642,2508,81,3,31.2,38.0,,run
2026-08-02T02:40:48+03:00,1785627648,2514,81,3,31.2,37.7,,run
2026-08-02T02:40:53+03:00,1785627653,2519,81,3,31.2,37.1,,run
2026-08-02T02:40:59+03:00,1785627659,2525,81,3,31.2,37.1,,run
2026-08-02T02:41:04+03:00,1785627664,2530,81,3,31.2,37.7,,run
2026-08-02T02:41:10+03:00,1785627670,2536,81,3,31.2,39.8,,run
2026-08-02T02:41:15+03:00,1785627675,2541,81,3,31.2,42.3,,run
2026-08-02T02:41:21+03:00,1785627681,2547,81,3,31.2,39.5,,run
2026-08-02T02:41:26+03:00,1785627686,2552,81,3,31.2,41.4,,run
2026-08-02T02:41:31+03:00,1785627691,2557,81,3,31.2,39.8,,run
2026-08-02T02:41:37+03:00,1785627697,2563,81,3,31.2,38.3,,run
2026-08-02T02:41:42+03:00,1785627702,2568,81,3,31.2,38.9,,run
2026-08-02T02:41:48+03:00,1785627708,2574,81,3,31.2,38.3,,run
2026-08-02T02:41:53+03:00,1785627713,2579,80,3,31.2,39.2,,run
2026-08-02T02:41:59+03:00,1785627719,2585,80,3,31.2,40.8,,run
2026-08-02T02:42:04+03:00,1785627724,2590,80,3,31.2,40.5,,run
2026-08-02T02:42:09+03:00,1785627729,2595,80,3,31.2,38.9,,run
2026-08-02T02:42:15+03:00,1785627735,2601,80,3,31.2,38.3,,run
2026-08-02T02:42:20+03:00,1785627740,2606,80,3,31.2,38.3,,run
2026-08-02T02:42:26+03:00,1785627746,2612,80,3,31.2,47.6,,run
2026-08-02T02:42:31+03:00,1785627751,2617,80,3,31.2,45.4,,run
2026-08-02T02:42:37+03:00,1785627757,2623,80,3,31.2,39.5,,run
2026-08-02T02:42:42+03:00,1785627762,2628,80,3,31.2,38.6,,run
2026-08-02T02:42:47+03:00,1785627767,2633,80,3,31.2,38.0,,run
2026-08-02T02:42:53+03:00,1785627773,2639,80,3,31.2,38.0,,run
2026-08-02T02:42:58+03:00,1785627778,2644,80,3,31.2,38.3,,run
2026-08-02T02:43:04+03:00,1785627784,2650,80,3,31.2,38.3,,run
2026-08-02T02:43:09+03:00,1785627789,2655,80,3,31.2,39.5,,run
2026-08-02T02:43:15+03:00,1785627795,2661,80,3,31.2,48.8,,run
2026-08-02T02:43:20+03:00,1785627800,2666,80,3,31.2,39.2,,run
2026-08-02T02:43:26+03:00,1785627806,2672,80,3,31.2,38.9,,run
2026-08-02T02:43:31+03:00,1785627811,2677,80,3,31.2,38.3,,run
2026-08-02T02:43:36+03:00,1785627816,2682,80,3,31.2,40.8,,run
2026-08-02T02:43:42+03:00,1785627822,2688,80,3,31.2,43.2,,run
2026-08-02T02:43:47+03:00,1785627827,2693,80,3,31.2,38.9,,run
2026-08-02T02:43:53+03:00,1785627833,2699,80,3,31.2,38.3,,run
2026-08-02T02:43:58+03:00,1785627838,2704,80,3,31.2,38.0,,run
2026-08-02T02:44:04+03:00,1785627844,2710,80,3,31.2,38.0,,run
2026-08-02T02:44:09+03:00,1785627849,2715,80,3,31.2,40.5,,run
2026-08-02T02:44:14+03:00,1785627854,2720,80,3,31.2,42.6,,run
2026-08-02T02:44:20+03:00,1785627860,2726,80,3,31.2,38.6,,run
2026-08-02T02:44:25+03:00,1785627865,2731,80,3,31.2,42.9,,run
2026-08-02T02:44:31+03:00,1785627871,2737,80,3,31.2,52.5,,run
2026-08-02T02:44:36+03:00,1785627876,2742,80,3,31.2,43.9,,run
2026-08-02T02:44:41+03:00,1785627881,2747,80,3,31.2,38.6,,run
2026-08-02T02:44:47+03:00,1785627887,2753,80,3,31.2,38.0,,run
2026-08-02T02:44:52+03:00,1785627892,2758,80,3,31.2,37.4,,run
2026-08-02T02:44:58+03:00,1785627898,2764,80,3,31.2,37.1,,run
2026-08-02T02:45:03+03:00,1785627903,2769,80,3,31.2,38.0,,run
2026-08-02T02:45:09+03:00,1785627909,2775,80,3,31.2,39.8,,run
2026-08-02T02:45:14+03:00,1785627914,2780,80,3,31.2,49.7,,run
2026-08-02T02:45:20+03:00,1785627920,2786,80,3,31.2,43.6,,run
2026-08-02T02:45:25+03:00,1785627925,2791,80,3,31.2,39.8,,run
2026-08-02T02:45:30+03:00,1785627930,2796,80,3,31.2,38.6,,run
2026-08-02T02:45:36+03:00,1785627936,2802,80,3,31.2,38.6,,run
2026-08-02T02:45:41+03:00,1785627941,2807,80,3,31.2,38.3,,run
2026-08-02T02:45:47+03:00,1785627947,2813,80,3,31.2,40.5,,run
2026-08-02T02:45:52+03:00,1785627952,2818,80,3,31.2,42.3,,run
2026-08-02T02:45:57+03:00,1785627957,2823,80,3,31.2,38.6,,run
2026-08-02T02:46:03+03:00,1785627963,2829,80,3,31.2,38.9,,run
2026-08-02T02:46:08+03:00,1785627968,2834,80,3,31.2,38.3,,run
2026-08-02T02:46:14+03:00,1785627974,2840,80,3,31.2,37.7,,run
2026-08-02T02:46:19+03:00,1785627979,2845,80,3,31.2,40.8,,run
2026-08-02T02:46:25+03:00,1785627985,2851,80,3,31.2,41.7,,run
2026-08-02T02:46:30+03:00,1785627990,2856,80,3,31.2,50.4,,run
2026-08-02T02:46:36+03:00,1785627996,2862,80,3,31.2,39.2,,run
2026-08-02T02:46:41+03:00,1785628001,2867,80,3,31.2,38.9,,run
2026-08-02T02:46:46+03:00,1785628006,2872,80,3,31.2,38.9,,run
2026-08-02T02:46:52+03:00,1785628012,2878,80,3,31.2,37.7,,run
2026-08-02T02:46:57+03:00,1785628017,2883,80,3,31.2,37.7,,run
2026-08-02T02:47:03+03:00,1785628023,2889,80,3,31.2,41.4,,run
2026-08-02T02:47:08+03:00,1785628028,2894,80,3,31.2,37.4,,run
2026-08-02T02:47:14+03:00,1785628034,2900,80,3,31.2,52.2,,run
2026-08-02T02:47:20+03:00,1785628040,2906,80,3,31.2,40.5,,run
2026-08-02T02:47:25+03:00,1785628045,2911,80,3,31.2,38.6,,run
2026-08-02T02:47:31+03:00,1785628051,2917,80,3,31.2,40.5,,run
2026-08-02T02:47:36+03:00,1785628056,2922,80,3,31.2,40.8,,run
2026-08-02T02:47:41+03:00,1785628061,2927,80,3,31.2,38.6,,run
2026-08-02T02:47:47+03:00,1785628067,2933,80,3,31.2,38.6,,run
2026-08-02T02:47:52+03:00,1785628072,2938,80,3,31.2,38.3,,run
2026-08-02T02:47:58+03:00,1785628078,2944,80,3,31.2,38.9,,run
2026-08-02T02:48:03+03:00,1785628083,2949,80,3,31.2,42.3,,run
2026-08-02T02:48:08+03:00,1785628088,2954,80,3,31.2,38.9,,run
2026-08-02T02:48:14+03:00,1785628094,2960,80,3,31.2,38.0,,run
2026-08-02T02:48:19+03:00,1785628099,2965,80,3,31.2,38.0,,run
2026-08-02T02:48:25+03:00,1785628105,2971,80,3,31.2,38.0,,run
2026-08-02T02:48:30+03:00,1785628110,2976,80,3,31.2,49.4,,run
2026-08-02T02:48:36+03:00,1785628116,2982,80,3,31.2,39.5,,run
2026-08-02T02:48:41+03:00,1785628121,2987,80,3,31.2,39.2,,run
2026-08-02T02:48:47+03:00,1785628127,2993,80,3,31.2,38.0,,run
2026-08-02T02:48:52+03:00,1785628132,2998,80,3,31.2,38.0,,run
2026-08-02T02:48:58+03:00,1785628138,3004,80,3,31.2,37.1,,run
2026-08-02T02:49:03+03:00,1785628143,3009,80,3,31.2,37.1,,run
2026-08-02T02:49:09+03:00,1785628149,3015,80,3,31.2,41.1,,run
2026-08-02T02:49:14+03:00,1785628154,3020,80,3,31.2,49.4,,run
2026-08-02T02:49:20+03:00,1785628160,3026,80,3,31.2,40.8,,run
2026-08-02T02:49:25+03:00,1785628165,3031,80,3,31.2,39.5,,run
2026-08-02T02:49:31+03:00,1785628171,3037,80,3,31.2,38.9,,run
2026-08-02T02:49:36+03:00,1785628176,3042,80,3,31.2,38.3,,run
2026-08-02T02:49:42+03:00,1785628182,3048,80,3,31.2,38.3,,run
2026-08-02T02:49:47+03:00,1785628187,3053,80,3,31.2,38.3,,run
2026-08-02T02:49:52+03:00,1785628192,3058,80,3,31.2,37.4,,run
2026-08-02T02:49:58+03:00,1785628198,3064,80,3,31.2,38.0,,run
2026-08-02T02:50:03+03:00,1785628203,3069,80,3,31.2,37.7,,run
2026-08-02T02:50:09+03:00,1785628209,3075,80,3,31.2,38.0,,run
2026-08-02T02:50:14+03:00,1785628214,3080,80,3,31.2,37.4,,run
2026-08-02T02:50:20+03:00,1785628220,3086,80,3,31.2,39.5,,run
2026-08-02T02:50:25+03:00,1785628225,3091,80,3,31.2,37.7,,run
2026-08-02T02:50:31+03:00,1785628231,3097,80,3,31.2,48.2,,run
2026-08-02T02:50:36+03:00,1785628236,3102,80,3,31.2,39.5,,run
2026-08-02T02:50:42+03:00,1785628242,3108,80,3,31.2,39.2,,run
2026-08-02T02:50:47+03:00,1785628247,3113,80,3,31.2,38.3,,run
2026-08-02T02:50:53+03:00,1785628253,3119,80,3,31.2,37.4,,run
2026-08-02T02:50:58+03:00,1785628258,3124,80,3,31.2,38.0,,run
2026-08-02T02:51:03+03:00,1785628263,3129,80,3,31.2,38.0,,run
2026-08-02T02:51:09+03:00,1785628269,3135,80,3,31.2,39.5,,run
2026-08-02T02:51:14+03:00,1785628274,3140,80,3,31.2,48.8,,run
2026-08-02T02:51:20+03:00,1785628280,3146,80,3,31.2,41.1,,run
2026-08-02T02:51:26+03:00,1785628286,3152,80,3,31.2,39.2,,run
2026-08-02T02:51:31+03:00,1785628291,3157,79,3,31.3,38.9,,run
2026-08-02T02:51:36+03:00,1785628296,3162,79,3,31.3,38.0,,run
2026-08-02T02:51:42+03:00,1785628302,3168,79,3,31.3,40.2,,run
2026-08-02T02:51:47+03:00,1785628307,3173,79,3,31.3,42.3,,run
2026-08-02T02:51:53+03:00,1785628313,3179,79,3,31.3,39.2,,run
2026-08-02T02:51:58+03:00,1785628318,3184,79,3,31.3,38.0,,run
2026-08-02T02:52:04+03:00,1785628324,3190,79,3,31.3,38.0,,run
2026-08-02T02:52:09+03:00,1785628329,3195,79,3,31.3,38.0,,run
2026-08-02T02:52:15+03:00,1785628335,3201,79,3,31.3,41.7,,run
2026-08-02T02:52:20+03:00,1785628340,3206,79,3,31.3,41.7,,run
2026-08-02T02:52:25+03:00,1785628345,3211,79,3,31.3,38.0,,run
2026-08-02T02:52:31+03:00,1785628351,3217,79,3,31.3,42.6,,run
2026-08-02T02:52:36+03:00,1785628356,3222,79,3,31.3,40.5,,run
2026-08-02T02:52:42+03:00,1785628362,3228,79,3,31.3,46.0,,run
2026-08-02T02:52:47+03:00,1785628367,3233,79,3,31.3,38.0,,run
2026-08-02T02:52:53+03:00,1785628373,3239,79,3,31.3,38.3,,run
2026-08-02T02:52:58+03:00,1785628378,3244,79,3,31.3,36.8,,run
2026-08-02T02:53:04+03:00,1785628384,3250,79,3,31.3,37.4,,run
2026-08-02T02:53:09+03:00,1785628389,3255,79,3,31.3,38.0,,run
2026-08-02T02:53:15+03:00,1785628395,3261,79,3,31.3,51.6,,run
2026-08-02T02:53:20+03:00,1785628400,3266,79,3,31.3,42.0,,run
2026-08-02T02:53:26+03:00,1785628406,3272,79,3,31.3,42.3,,run
2026-08-02T02:53:31+03:00,1785628411,3277,79,3,31.3,44.2,,run
2026-08-02T02:53:36+03:00,1785628416,3282,79,3,31.3,43.9,,run
2026-08-02T02:53:42+03:00,1785628422,3288,79,3,31.3,42.9,,run
2026-08-02T02:53:47+03:00,1785628427,3293,79,3,31.3,39.2,,run
2026-08-02T02:53:52+03:00,1785628432,3298,79,3,31.3,38.6,,run
2026-08-02T02:53:58+03:00,1785628438,3304,79,3,31.3,38.3,,run
2026-08-02T02:54:03+03:00,1785628443,3309,79,3,31.3,40.5,,run
2026-08-02T02:54:09+03:00,1785628449,3315,79,3,31.3,41.4,,run
2026-08-02T02:54:14+03:00,1785628454,3320,79,3,31.3,39.2,,run
2026-08-02T02:54:19+03:00,1785628459,3325,79,3,31.3,39.5,,run
2026-08-02T02:54:25+03:00,1785628465,3331,79,3,31.3,38.3,,run
2026-08-02T02:54:30+03:00,1785628470,3336,79,3,31.3,47.0,,run
2026-08-02T02:54:36+03:00,1785628476,3342,79,3,31.3,42.0,,run
2026-08-02T02:54:41+03:00,1785628481,3347,79,3,31.3,39.5,,run
2026-08-02T02:54:47+03:00,1785628487,3353,79,3,31.3,38.3,,run
2026-08-02T02:54:52+03:00,1785628492,3358,79,3,31.3,37.4,,run
2026-08-02T02:54:58+03:00,1785628498,3364,79,3,31.3,37.4,,run
2026-08-02T02:55:03+03:00,1785628503,3369,79,3,31.3,38.0,,run
2026-08-02T02:55:09+03:00,1785628509,3375,79,3,31.3,38.0,,run
2026-08-02T02:55:14+03:00,1785628514,3380,79,3,31.3,39.8,,run
2026-08-02T02:55:20+03:00,1785628520,3386,79,3,31.3,42.6,,run
2026-08-02T02:55:25+03:00,1785628525,3391,79,3,31.3,39.2,,run
2026-08-02T02:55:30+03:00,1785628530,3396,79,3,31.3,38.3,,run
2026-08-02T02:55:36+03:00,1785628536,3402,79,3,31.3,40.5,,run
2026-08-02T02:55:41+03:00,1785628541,3407,79,3,31.3,42.3,,run
2026-08-02T02:55:47+03:00,1785628547,3413,79,3,31.3,38.6,,run
2026-08-02T02:55:52+03:00,1785628552,3418,79,3,31.3,38.6,,run
2026-08-02T02:55:58+03:00,1785628558,3424,79,3,31.3,38.3,,run
2026-08-02T02:56:03+03:00,1785628563,3429,79,3,31.3,37.4,,run
2026-08-02T02:56:08+03:00,1785628568,3434,79,3,31.3,40.8,,run
2026-08-02T02:56:14+03:00,1785628574,3440,79,3,31.3,38.6,,run
2026-08-02T02:56:19+03:00,1785628579,3445,79,3,31.3,37.7,,run
2026-08-02T02:56:25+03:00,1785628585,3451,79,3,31.3,38.3,,run
2026-08-02T02:56:30+03:00,1785628590,3456,79,3,31.3,44.2,,run
2026-08-02T02:56:36+03:00,1785628596,3462,79,3,31.3,45.7,,run
2026-08-02T02:56:41+03:00,1785628601,3467,79,3,31.3,40.2,,run
2026-08-02T02:56:46+03:00,1785628606,3472,79,3,31.3,37.4,,run
2026-08-02T02:56:52+03:00,1785628612,3478,79,3,31.3,37.7,,run
2026-08-02T02:56:57+03:00,1785628617,3483,79,3,31.3,37.4,,run
2026-08-02T02:57:03+03:00,1785628623,3489,79,3,31.3,39.2,,run
2026-08-02T02:57:08+03:00,1785628628,3494,79,3,31.3,39.8,,run
2026-08-02T02:57:13+03:00,1785628633,3499,79,3,31.3,42.0,,run
2026-08-02T02:57:19+03:00,1785628639,3505,79,3,31.3,50.7,,run
2026-08-02T02:57:24+03:00,1785628644,3510,79,3,31.3,43.9,,run
2026-08-02T02:57:30+03:00,1785628650,3516,79,3,31.3,39.2,,run
2026-08-02T02:57:35+03:00,1785628655,3521,79,3,31.3,38.0,,run
2026-08-02T02:57:40+03:00,1785628660,3526,79,3,31.3,38.0,,run
2026-08-02T02:57:46+03:00,1785628666,3532,79,3,31.3,38.0,,run
2026-08-02T02:57:51+03:00,1785628671,3537,79,3,31.3,41.1,,run
2026-08-02T02:57:57+03:00,1785628677,3543,79,3,31.3,40.5,,run
2026-08-02T02:58:02+03:00,1785628682,3548,79,3,31.3,38.3,,run
2026-08-02T02:58:08+03:00,1785628688,3554,79,3,31.3,37.1,,run
2026-08-02T02:58:13+03:00,1785628693,3559,79,3,31.3,38.0,,run
2026-08-02T02:58:19+03:00,1785628699,3565,79,3,31.3,38.0,,run
2026-08-02T02:58:24+03:00,1785628704,3570,79,3,31.3,42.3,,run
2026-08-02T02:58:29+03:00,1785628709,3575,79,3,31.3,38.9,,run
2026-08-02T02:58:35+03:00,1785628715,3581,79,3,31.3,52.2,,run
2026-08-02T02:58:40+03:00,1785628720,3586,79,3,31.3,42.6,,run
2026-08-02T02:58:46+03:00,1785628726,3592,79,3,31.3,37.4,,run
2026-08-02T02:58:51+03:00,1785628731,3597,79,3,31.3,38.6,,run
2026-08-02T02:58:57+03:00,1785628737,3603,79,3,30.9,39.2,,run
2026-08-02T02:59:02+03:00,1785628742,3608,79,3,30.9,41.4,,run
2026-08-02T02:59:07+03:00,1785628747,3613,79,3,30.9,38.6,,run
2026-08-02T02:59:13+03:00,1785628753,3619,79,3,30.9,38.6,,run
2026-08-02T02:59:18+03:00,1785628758,3624,79,3,30.9,38.3,,run
2026-08-02T02:59:24+03:00,1785628764,3630,79,3,30.9,40.2,,run
2026-08-02T02:59:29+03:00,1785628769,3635,79,3,30.9,42.9,,run
2026-08-02T02:59:35+03:00,1785628775,3641,79,3,30.9,38.3,,run
2026-08-02T02:59:40+03:00,1785628780,3646,79,3,30.9,38.0,,run
2026-08-02T02:59:46+03:00,1785628786,3652,79,3,30.9,37.4,,run
2026-08-02T02:59:51+03:00,1785628791,3657,79,3,30.9,38.0,,run
2026-08-02T02:59:56+03:00,1785628796,3662,79,3,30.9,39.8,,run
2026-08-02T03:00:02+03:00,1785628802,3668,79,3,30.9,45.7,,run
2026-08-02T03:00:07+03:00,1785628807,3673,79,3,30.9,38.6,,run
2026-08-02T03:00:13+03:00,1785628813,3679,79,3,30.9,48.5,,run
2026-08-02T03:00:18+03:00,1785628818,3684,79,3,30.9,41.7,,run
2026-08-02T03:00:24+03:00,1785628824,3690,79,3,30.9,38.6,,run
2026-08-02T03:00:29+03:00,1785628829,3695,79,3,30.9,38.0,,run
2026-08-02T03:00:35+03:00,1785628835,3701,79,3,30.9,37.1,,run
2026-08-02T03:00:40+03:00,1785628840,3706,79,3,30.9,37.4,,run
2026-08-02T03:00:46+03:00,1785628846,3712,79,3,30.9,37.1,,run
2026-08-02T03:00:51+03:00,1785628851,3717,79,3,30.9,38.0,,run
2026-08-02T03:00:57+03:00,1785628857,3723,79,3,30.9,38.9,,run
2026-08-02T03:01:02+03:00,1785628862,3728,79,3,30.9,43.6,,run
2026-08-02T03:01:08+03:00,1785628868,3734,79,3,30.9,38.3,,run
2026-08-02T03:01:13+03:00,1785628873,3739,79,3,30.9,38.0,,run
2026-08-02T03:01:18+03:00,1785628878,3744,79,3,30.9,40.2,,run
2026-08-02T03:01:24+03:00,1785628884,3750,79,3,30.9,42.9,,run
2026-08-02T03:01:29+03:00,1785628889,3755,79,3,30.9,38.3,,run
2026-08-02T03:01:35+03:00,1785628895,3761,79,3,30.9,38.6,,run
2026-08-02T03:01:40+03:00,1785628900,3766,79,3,30.9,38.3,,run
2026-08-02T03:01:46+03:00,1785628906,3772,79,3,30.9,37.4,,run
2026-08-02T03:01:51+03:00,1785628911,3777,79,3,30.9,40.5,,run
2026-08-02T03:01:56+03:00,1785628916,3782,79,3,30.9,40.2,,run
2026-08-02T03:02:02+03:00,1785628922,3788,79,3,30.9,38.6,,run
2026-08-02T03:02:07+03:00,1785628927,3793,79,3,30.9,38.3,,run
2026-08-02T03:02:13+03:00,1785628933,3799,78,3,30.8,46.0,,run
2026-08-02T03:02:18+03:00,1785628938,3804,78,3,30.8,42.6,,run
2026-08-02T03:02:24+03:00,1785628944,3810,78,3,30.8,39.5,,run
2026-08-02T03:02:29+03:00,1785628949,3815,78,3,30.8,37.7,,run
2026-08-02T03:02:34+03:00,1785628954,3820,78,3,30.8,37.1,,run
2026-08-02T03:02:40+03:00,1785628960,3826,78,3,30.8,37.1,,run
2026-08-02T03:02:45+03:00,1785628965,3831,78,3,30.8,38.6,,run
2026-08-02T03:02:51+03:00,1785628971,3837,78,3,30.8,41.1,,run
2026-08-02T03:02:56+03:00,1785628976,3842,78,3,30.8,39.8,,run
2026-08-02T03:03:02+03:00,1785628982,3848,78,3,30.8,49.7,,run
2026-08-02T03:03:07+03:00,1785628987,3853,78,3,30.8,38.9,,run
2026-08-02T03:03:13+03:00,1785628993,3859,78,3,30.8,37.7,,run
2026-08-02T03:03:18+03:00,1785628998,3864,78,3,30.8,38.0,,run
2026-08-02T03:03:24+03:00,1785629004,3870,78,3,30.8,40.2,,run
2026-08-02T03:03:29+03:00,1785629009,3875,78,3,30.8,42.3,,run
2026-08-02T03:03:34+03:00,1785629014,3880,78,3,30.8,38.9,,run
2026-08-02T03:03:40+03:00,1785629020,3886,78,3,30.8,38.0,,run
2026-08-02T03:03:45+03:00,1785629025,3891,78,3,30.8,37.7,,run
2026-08-02T03:03:51+03:00,1785629031,3897,78,3,30.8,37.7,,run
2026-08-02T03:03:56+03:00,1785629036,3902,78,3,30.8,40.2,,run
2026-08-02T03:04:01+03:00,1785629041,3907,78,3,30.8,41.1,,run
2026-08-02T03:04:07+03:00,1785629047,3913,78,3,30.8,37.7,,run
2026-08-02T03:04:12+03:00,1785629052,3918,78,3,30.8,41.4,,run
2026-08-02T03:04:18+03:00,1785629058,3924,78,3,30.8,51.6,,run
2026-08-02T03:04:23+03:00,1785629063,3929,78,3,30.8,45.7,,run
2026-08-02T03:04:29+03:00,1785629069,3935,78,3,30.8,38.9,,run
2026-08-02T03:04:34+03:00,1785629074,3940,78,3,30.8,38.3,,run
2026-08-02T03:04:40+03:00,1785629080,3946,78,3,30.8,37.1,,run
2026-08-02T03:04:45+03:00,1785629085,3951,78,3,30.8,37.4,,run
2026-08-02T03:04:50+03:00,1785629090,3956,78,3,30.8,37.1,,run
2026-08-02T03:04:56+03:00,1785629096,3962,78,3,30.8,39.2,,run
2026-08-02T03:05:01+03:00,1785629101,3967,78,3,30.8,51.0,,run
2026-08-02T03:05:07+03:00,1785629107,3973,78,3,30.8,42.3,,run
2026-08-02T03:05:12+03:00,1785629112,3978,78,3,30.8,43.2,,run
2026-08-02T03:05:17+03:00,1785629117,3983,78,3,30.8,38.9,,run
2026-08-02T03:05:23+03:00,1785629123,3989,78,3,30.8,38.3,,run
2026-08-02T03:05:28+03:00,1785629128,3994,78,3,30.8,38.3,,run
2026-08-02T03:05:34+03:00,1785629134,4000,78,3,30.8,37.7,,run
2026-08-02T03:05:39+03:00,1785629139,4005,78,3,30.8,41.1,,run
2026-08-02T03:05:45+03:00,1785629145,4011,78,3,30.8,39.2,,run
2026-08-02T03:05:50+03:00,1785629150,4016,78,3,30.8,38.3,,run
2026-08-02T03:05:55+03:00,1785629155,4021,78,3,30.8,37.4,,run
2026-08-02T03:06:01+03:00,1785629161,4027,78,3,30.8,37.7,,run
2026-08-02T03:06:06+03:00,1785629166,4032,78,3,30.8,38.3,,run
2026-08-02T03:06:12+03:00,1785629172,4038,78,3,30.8,42.0,,run
2026-08-02T03:06:17+03:00,1785629177,4043,78,3,30.8,52.2,,run
2026-08-02T03:06:23+03:00,1785629183,4049,78,3,30.8,40.5,,run
2026-08-02T03:06:28+03:00,1785629188,4054,78,3,30.8,38.3,,run
2026-08-02T03:06:34+03:00,1785629194,4060,78,3,30.8,37.7,,run
2026-08-02T03:06:39+03:00,1785629199,4065,78,3,30.8,37.4,,run
2026-08-02T03:06:45+03:00,1785629205,4071,78,3,30.8,37.4,,run
2026-08-02T03:06:50+03:00,1785629210,4076,78,3,30.8,36.8,,run
2026-08-02T03:06:56+03:00,1785629216,4082,78,3,30.8,37.4,,run
2026-08-02T03:07:01+03:00,1785629221,4087,78,3,30.8,51.6,,run
2026-08-02T03:07:07+03:00,1785629227,4093,78,3,30.8,41.1,,run
2026-08-02T03:07:12+03:00,1785629232,4098,78,3,30.8,39.8,,run
2026-08-02T03:07:18+03:00,1785629238,4104,78,3,30.8,39.8,,run
2026-08-02T03:07:23+03:00,1785629243,4109,78,3,30.8,42.9,,run
2026-08-02T03:07:28+03:00,1785629248,4114,78,3,30.8,38.6,,run
2026-08-02T03:07:34+03:00,1785629254,4120,78,3,30.8,41.4,,run
2026-08-02T03:07:39+03:00,1785629259,4125,78,3,30.8,40.2,,run
2026-08-02T03:07:44+03:00,1785629264,4130,78,3,30.8,39.2,,run
2026-08-02T03:07:50+03:00,1785629270,4136,78,3,30.8,38.6,,run
2026-08-02T03:07:55+03:00,1785629275,4141,78,3,30.8,41.7,,run
2026-08-02T03:08:01+03:00,1785629281,4147,78,3,30.8,38.9,,run
2026-08-02T03:08:06+03:00,1785629286,4152,78,3,30.8,40.5,,run
2026-08-02T03:08:11+03:00,1785629291,4157,78,3,30.8,42.0,,run
2026-08-02T03:08:17+03:00,1785629297,4163,78,3,30.8,50.4,,run
2026-08-02T03:08:22+03:00,1785629302,4168,78,3,30.8,39.8,,run
2026-08-02T03:08:28+03:00,1785629308,4174,78,3,30.8,44.8,,run
2026-08-02T03:08:33+03:00,1785629313,4179,78,3,30.8,37.7,,run
2026-08-02T03:08:38+03:00,1785629318,4184,78,3,30.8,37.4,,run
2026-08-02T03:08:44+03:00,1785629324,4190,78,3,30.8,36.8,,run
2026-08-02T03:08:49+03:00,1785629329,4195,78,3,30.8,37.4,,run
2026-08-02T03:08:55+03:00,1785629335,4201,78,3,30.7,38.3,,run
2026-08-02T03:09:00+03:00,1785629340,4206,78,3,30.7,49.1,,run
2026-08-02T03:09:06+03:00,1785629346,4212,78,3,30.7,40.8,,run
2026-08-02T03:09:12+03:00,1785629352,4218,78,3,30.7,38.6,,run
2026-08-02T03:09:17+03:00,1785629357,4223,78,3,30.7,38.0,,run
2026-08-02T03:09:23+03:00,1785629363,4229,78,3,30.7,38.3,,run
2026-08-02T03:09:28+03:00,1785629368,4234,78,3,30.7,39.8,,run
2026-08-02T03:09:34+03:00,1785629374,4240,78,3,30.7,42.0,,run
2026-08-02T03:09:39+03:00,1785629379,4245,78,3,30.7,38.3,,run
2026-08-02T03:09:44+03:00,1785629384,4250,78,3,30.7,38.3,,run
2026-08-02T03:09:50+03:00,1785629390,4256,78,3,30.7,37.4,,run
2026-08-02T03:09:55+03:00,1785629395,4261,78,3,30.7,37.7,,run
2026-08-02T03:10:01+03:00,1785629401,4267,78,3,30.7,40.2,,run
2026-08-02T03:10:06+03:00,1785629406,4272,78,3,30.7,39.5,,run
2026-08-02T03:10:11+03:00,1785629411,4277,78,3,30.7,38.0,,run
2026-08-02T03:10:17+03:00,1785629417,4283,78,3,30.7,48.2,,run
2026-08-02T03:10:22+03:00,1785629422,4288,78,3,30.7,39.5,,run
2026-08-02T03:10:28+03:00,1785629428,4294,78,3,30.7,42.9,,run
2026-08-02T03:10:33+03:00,1785629433,4299,78,3,30.7,37.4,,run
2026-08-02T03:10:39+03:00,1785629439,4305,78,3,30.7,37.1,,run
2026-08-02T03:10:44+03:00,1785629444,4310,78,3,30.7,38.3,,run
2026-08-02T03:10:50+03:00,1785629450,4316,78,3,30.7,42.3,,run
2026-08-02T03:10:55+03:00,1785629455,4321,78,3,30.7,38.6,,run
2026-08-02T03:11:01+03:00,1785629461,4327,78,3,30.7,42.3,,run
2026-08-02T03:11:06+03:00,1785629466,4332,78,3,30.7,38.9,,run
2026-08-02T03:11:11+03:00,1785629471,4337,78,3,30.7,38.3,,run
2026-08-02T03:11:17+03:00,1785629477,4343,78,3,30.7,38.0,,run
2026-08-02T03:11:22+03:00,1785629482,4348,78,3,30.7,37.7,,run
2026-08-02T03:11:28+03:00,1785629488,4354,78,3,30.7,39.8,,run
2026-08-02T03:11:33+03:00,1785629493,4359,78,3,30.7,41.7,,run
2026-08-02T03:11:39+03:00,1785629499,4365,78,3,30.7,38.6,,run
2026-08-02T03:11:44+03:00,1785629504,4370,78,3,30.7,38.0,,run
2026-08-02T03:11:49+03:00,1785629509,4375,78,3,30.7,38.3,,run
2026-08-02T03:11:55+03:00,1785629515,4381,78,3,30.7,37.4,,run
2026-08-02T03:12:00+03:00,1785629520,4386,78,3,30.7,44.5,,run
2026-08-02T03:12:06+03:00,1785629526,4392,78,3,30.7,52.2,,run
2026-08-02T03:12:11+03:00,1785629531,4397,78,3,30.7,42.9,,run
2026-08-02T03:12:17+03:00,1785629537,4403,78,3,30.7,37.4,,run
2026-08-02T03:12:22+03:00,1785629542,4408,78,3,30.7,37.7,,run
2026-08-02T03:12:27+03:00,1785629547,4413,78,3,30.7,37.1,,run
2026-08-02T03:12:33+03:00,1785629553,4419,78,3,30.7,36.8,,run
2026-08-02T03:12:39+03:00,1785629559,4425,78,3,30.7,37.1,,run
2026-08-02T03:12:44+03:00,1785629564,4430,78,3,30.7,38.9,,run
2026-08-02T03:12:50+03:00,1785629570,4436,78,3,30.7,39.5,,run
2026-08-02T03:12:55+03:00,1785629575,4441,77,3,30.6,52.2,,run
2026-08-02T03:13:00+03:00,1785629580,4446,77,3,30.6,39.5,,run
2026-08-02T03:13:06+03:00,1785629586,4452,77,3,30.6,41.1,,run
2026-08-02T03:13:11+03:00,1785629591,4457,77,3,30.6,41.7,,run
2026-08-02T03:13:17+03:00,1785629597,4463,77,3,30.6,38.6,,run
2026-08-02T03:13:22+03:00,1785629602,4468,77,3,30.6,40.8,,run
2026-08-02T03:13:27+03:00,1785629607,4473,77,3,30.6,39.8,,run
2026-08-02T03:13:33+03:00,1785629613,4479,77,3,30.6,38.9,,run
2026-08-02T03:13:38+03:00,1785629618,4484,77,3,30.6,40.5,,run
2026-08-02T03:13:44+03:00,1785629624,4490,77,3,30.6,41.7,,run
2026-08-02T03:13:49+03:00,1785629629,4495,77,3,30.6,38.6,,run
2026-08-02T03:13:55+03:00,1785629635,4501,77,3,30.6,40.8,,run
2026-08-02T03:14:00+03:00,1785629640,4506,77,3,30.6,39.8,,run
2026-08-02T03:14:05+03:00,1785629645,4511,77,3,30.6,38.6,,run
2026-08-02T03:14:11+03:00,1785629651,4517,77,3,30.6,52.2,,run
2026-08-02T03:14:16+03:00,1785629656,4522,77,3,30.6,38.9,,run
2026-08-02T03:14:22+03:00,1785629662,4528,77,3,30.6,38.6,,run
2026-08-02T03:14:27+03:00,1785629667,4533,77,3,30.6,37.7,,run
2026-08-02T03:14:33+03:00,1785629673,4539,77,3,30.6,37.1,,run
2026-08-02T03:14:38+03:00,1785629678,4544,77,3,30.6,36.4,,run
2026-08-02T03:14:44+03:00,1785629684,4550,77,3,30.6,37.1,,run
2026-08-02T03:14:49+03:00,1785629689,4555,77,3,30.6,36.8,,run
2026-08-02T03:14:55+03:00,1785629695,4561,77,3,30.6,37.7,,run
2026-08-02T03:15:00+03:00,1785629700,4566,77,3,30.6,41.4,,run
2026-08-02T03:15:06+03:00,1785629706,4572,77,3,30.6,49.4,,run
2026-08-02T03:15:11+03:00,1785629711,4577,77,3,30.6,42.9,,run
2026-08-02T03:15:17+03:00,1785629717,4583,77,3,30.6,38.6,,run
2026-08-02T03:15:22+03:00,1785629722,4588,77,3,30.6,37.4,,run
2026-08-02T03:15:28+03:00,1785629728,4594,77,3,30.6,39.5,,run
2026-08-02T03:15:33+03:00,1785629733,4599,77,3,30.6,42.0,,run
2026-08-02T03:15:39+03:00,1785629739,4605,77,3,30.6,38.3,,run
2026-08-02T03:15:44+03:00,1785629744,4610,77,3,30.6,38.0,,run
2026-08-02T03:15:49+03:00,1785629749,4615,77,3,30.6,37.4,,run
2026-08-02T03:15:55+03:00,1785629755,4621,77,3,30.6,37.4,,run
2026-08-02T03:16:00+03:00,1785629760,4626,77,3,30.6,39.2,,run
2026-08-02T03:16:06+03:00,1785629766,4632,77,3,30.6,40.2,,run
2026-08-02T03:16:11+03:00,1785629771,4637,77,3,30.6,38.0,,run
2026-08-02T03:16:17+03:00,1785629777,4643,77,3,30.6,37.4,,run
2026-08-02T03:16:22+03:00,1785629782,4648,77,3,30.6,38.9,,run
2026-08-02T03:16:28+03:00,1785629788,4654,77,3,30.6,44.5,,run
2026-08-02T03:16:33+03:00,1785629793,4659,77,3,30.6,44.2,,run
2026-08-02T03:16:38+03:00,1785629798,4664,77,3,30.6,37.4,,run
2026-08-02T03:16:44+03:00,1785629804,4670,77,3,30.6,37.1,,run
2026-08-02T03:16:49+03:00,1785629809,4675,77,3,30.6,37.1,,run
2026-08-02T03:16:55+03:00,1785629815,4681,77,3,30.6,36.8,,run
2026-08-02T03:17:00+03:00,1785629820,4686,77,3,30.6,37.7,,run
2026-08-02T03:17:06+03:00,1785629826,4692,77,3,30.6,36.8,,run
2026-08-02T03:17:11+03:00,1785629831,4697,77,3,30.6,39.2,,run
2026-08-02T03:17:17+03:00,1785629837,4703,77,3,30.6,39.5,,run
2026-08-02T03:17:22+03:00,1785629842,4708,77,3,30.6,42.3,,run
2026-08-02T03:17:28+03:00,1785629848,4714,77,3,30.6,38.6,,run
2026-08-02T03:17:33+03:00,1785629853,4719,77,3,30.6,38.0,,run
2026-08-02T03:17:39+03:00,1785629859,4725,77,3,30.6,38.0,,run
2026-08-02T03:17:44+03:00,1785629864,4730,77,3,30.6,39.8,,run
2026-08-02T03:17:49+03:00,1785629869,4735,77,3,30.6,41.4,,run
2026-08-02T03:17:55+03:00,1785629875,4741,77,3,30.6,38.0,,run
2026-08-02T03:18:00+03:00,1785629880,4746,77,3,30.6,37.4,,run
2026-08-02T03:18:06+03:00,1785629886,4752,77,3,30.6,37.1,,run
2026-08-02T03:18:11+03:00,1785629891,4757,77,3,30.6,39.5,,run
2026-08-02T03:18:17+03:00,1785629897,4763,77,3,30.6,41.7,,run
2026-08-02T03:18:22+03:00,1785629902,4768,77,3,30.6,39.2,,run
2026-08-02T03:18:28+03:00,1785629908,4774,77,3,30.6,38.0,,run
2026-08-02T03:18:33+03:00,1785629913,4779,77,3,30.6,45.1,,run
2026-08-02T03:18:39+03:00,1785629919,4785,77,3,30.6,41.4,,run
2026-08-02T03:18:44+03:00,1785629924,4790,77,3,30.6,43.2,,run
2026-08-02T03:18:49+03:00,1785629929,4795,77,3,30.6,37.7,,run
2026-08-02T03:18:55+03:00,1785629935,4801,77,3,30.5,37.4,,run
2026-08-02T03:19:00+03:00,1785629940,4806,77,3,30.5,37.4,,run
2026-08-02T03:19:06+03:00,1785629946,4812,77,3,30.5,36.8,,run
2026-08-02T03:19:11+03:00,1785629951,4817,77,3,30.5,37.1,,run
2026-08-02T03:19:17+03:00,1785629957,4823,77,3,30.5,36.8,,run
2026-08-02T03:19:22+03:00,1785629962,4828,77,3,30.5,37.1,,run
2026-08-02T03:19:28+03:00,1785629968,4834,77,3,30.5,38.0,,run
2026-08-02T03:19:33+03:00,1785629973,4839,77,3,30.5,49.7,,run
2026-08-02T03:19:39+03:00,1785629979,4845,77,3,30.5,40.2,,run
2026-08-02T03:19:44+03:00,1785629984,4850,77,3,30.5,38.6,,run
2026-08-02T03:19:50+03:00,1785629990,4856,77,3,30.5,37.7,,run
2026-08-02T03:19:55+03:00,1785629995,4861,77,3,30.5,39.8,,run
2026-08-02T03:20:01+03:00,1785630001,4867,77,3,30.5,41.7,,run
2026-08-02T03:20:06+03:00,1785630006,4872,77,3,30.5,38.3,,run
2026-08-02T03:20:11+03:00,1785630011,4877,77,3,30.5,37.4,,run
2026-08-02T03:20:17+03:00,1785630017,4883,77,3,30.5,37.7,,run
2026-08-02T03:20:22+03:00,1785630022,4888,77,3,30.5,38.6,,run
2026-08-02T03:20:28+03:00,1785630028,4894,77,3,30.5,41.7,,run
2026-08-02T03:20:33+03:00,1785630033,4899,77,3,30.5,38.0,,run
2026-08-02T03:20:39+03:00,1785630039,4905,77,3,30.5,37.4,,run
2026-08-02T03:20:44+03:00,1785630044,4910,77,3,30.5,37.4,,run
2026-08-02T03:20:50+03:00,1785630050,4916,77,3,30.5,49.1,,run
2026-08-02T03:20:55+03:00,1785630055,4921,77,3,30.5,38.9,,run
2026-08-02T03:21:01+03:00,1785630061,4927,77,3,30.5,37.7,,run
2026-08-02T03:21:06+03:00,1785630066,4932,77,3,30.5,37.7,,run
2026-08-02T03:21:12+03:00,1785630072,4938,77,3,30.5,36.4,,run
2026-08-02T03:21:17+03:00,1785630077,4943,77,3,30.5,36.4,,run
2026-08-02T03:21:23+03:00,1785630083,4949,77,3,30.5,37.4,,run
2026-08-02T03:21:28+03:00,1785630088,4954,77,3,30.5,37.4,,run
2026-08-02T03:21:34+03:00,1785630094,4960,77,3,30.5,37.1,,run
2026-08-02T03:21:39+03:00,1785630099,4965,77,3,30.5,38.3,,run
2026-08-02T03:21:45+03:00,1785630105,4971,77,3,30.5,52.5,,run
2026-08-02T03:21:50+03:00,1785630110,4976,77,3,30.5,40.8,,run
2026-08-02T03:21:56+03:00,1785630116,4982,77,3,30.5,40.2,,run
2026-08-02T03:22:01+03:00,1785630121,4987,77,3,30.5,37.7,,run
2026-08-02T03:22:07+03:00,1785630127,4993,77,3,30.5,37.7,,run
2026-08-02T03:22:12+03:00,1785630132,4998,77,3,30.5,39.5,,run
2026-08-02T03:22:18+03:00,1785630138,5004,77,3,30.5,41.7,,run
2026-08-02T03:22:23+03:00,1785630143,5009,77,3,30.5,37.7,,run
2026-08-02T03:22:28+03:00,1785630148,5014,77,3,30.5,37.7,,run
2026-08-02T03:22:34+03:00,1785630154,5020,77,3,30.5,37.1,,run
2026-08-02T03:22:39+03:00,1785630159,5025,77,3,30.5,37.1,,run
2026-08-02T03:22:45+03:00,1785630165,5031,77,3,30.5,40.8,,run
2026-08-02T03:22:50+03:00,1785630170,5036,77,3,30.5,38.3,,run
2026-08-02T03:22:56+03:00,1785630176,5042,77,3,30.5,38.0,,run
2026-08-02T03:23:01+03:00,1785630181,5047,77,3,30.5,48.8,,run
2026-08-02T03:23:07+03:00,1785630187,5053,77,3,30.5,38.9,,run
2026-08-02T03:23:12+03:00,1785630192,5058,77,3,30.5,38.3,,run
2026-08-02T03:23:18+03:00,1785630198,5064,77,3,30.5,37.1,,run
2026-08-02T03:23:23+03:00,1785630203,5069,77,3,30.5,36.8,,run
2026-08-02T03:23:29+03:00,1785630209,5075,77,3,30.5,37.1,,run
2026-08-02T03:23:34+03:00,1785630214,5080,77,3,30.5,37.4,,run
2026-08-02T03:23:40+03:00,1785630220,5086,76,3,30.4,40.2,,run
2026-08-02T03:23:45+03:00,1785630225,5091,76,3,30.4,37.7,,run
2026-08-02T03:23:50+03:00,1785630230,5096,76,3,30.4,37.1,,run
2026-08-02T03:23:56+03:00,1785630236,5102,76,3,30.4,51.0,,run
2026-08-02T03:24:01+03:00,1785630241,5107,76,3,30.4,40.2,,run
2026-08-02T03:24:07+03:00,1785630247,5113,76,3,30.4,38.0,,run
2026-08-02T03:24:12+03:00,1785630252,5118,76,3,30.4,40.2,,run
2026-08-02T03:24:18+03:00,1785630258,5124,76,3,30.4,41.4,,run
2026-08-02T03:24:23+03:00,1785630263,5129,76,3,30.4,41.7,,run
2026-08-02T03:24:28+03:00,1785630268,5134,76,3,30.4,40.8,,run
2026-08-02T03:24:34+03:00,1785630274,5140,76,3,30.4,38.3,,run
2026-08-02T03:24:39+03:00,1785630279,5145,76,3,30.4,38.9,,run
2026-08-02T03:24:45+03:00,1785630285,5151,76,3,30.4,40.5,,run
2026-08-02T03:24:50+03:00,1785630290,5156,76,3,30.4,41.1,,run
2026-08-02T03:24:55+03:00,1785630295,5161,76,3,30.4,41.7,,run
2026-08-02T03:25:01+03:00,1785630301,5167,76,3,30.4,38.9,,run
2026-08-02T03:25:06+03:00,1785630306,5172,76,3,30.4,37.4,,run
2026-08-02T03:25:12+03:00,1785630312,5178,76,3,30.4,47.9,,run
2026-08-02T03:25:17+03:00,1785630317,5183,76,3,30.4,39.5,,run
2026-08-02T03:25:23+03:00,1785630323,5189,76,3,30.4,44.8,,run
2026-08-02T03:25:28+03:00,1785630328,5194,76,3,30.4,37.4,,run
2026-08-02T03:25:34+03:00,1785630334,5200,76,3,30.4,37.1,,run
2026-08-02T03:25:39+03:00,1785630339,5205,76,3,30.4,36.8,,run
2026-08-02T03:25:45+03:00,1785630345,5211,76,3,30.4,37.1,,run
2026-08-02T03:25:50+03:00,1785630350,5216,76,3,30.4,37.1,,run
2026-08-02T03:25:56+03:00,1785630356,5222,76,3,30.4,40.2,,run
2026-08-02T03:26:01+03:00,1785630361,5227,76,3,30.4,38.0,,run
2026-08-02T03:26:06+03:00,1785630366,5232,76,3,30.4,39.2,,run
2026-08-02T03:26:12+03:00,1785630372,5238,76,3,30.4,43.2,,run
2026-08-02T03:26:17+03:00,1785630377,5243,76,3,30.4,38.6,,run
2026-08-02T03:26:23+03:00,1785630383,5249,76,3,30.4,38.3,,run
2026-08-02T03:26:28+03:00,1785630388,5254,76,3,30.4,40.5,,run
2026-08-02T03:26:34+03:00,1785630394,5260,76,3,30.4,41.1,,run
2026-08-02T03:26:39+03:00,1785630399,5265,76,3,30.4,38.9,,run
2026-08-02T03:26:45+03:00,1785630405,5271,76,3,30.4,38.0,,run
2026-08-02T03:26:50+03:00,1785630410,5276,76,3,30.4,36.8,,run
2026-08-02T03:26:56+03:00,1785630416,5282,76,3,30.4,37.1,,run
2026-08-02T03:27:01+03:00,1785630421,5287,76,3,30.4,41.1,,run
2026-08-02T03:27:06+03:00,1785630426,5292,76,3,30.4,38.3,,run
2026-08-02T03:27:12+03:00,1785630432,5298,76,3,30.4,38.0,,run
2026-08-02T03:27:17+03:00,1785630437,5303,76,3,30.4,37.4,,run
2026-08-02T03:27:23+03:00,1785630443,5309,76,3,30.4,41.4,,run
2026-08-02T03:27:28+03:00,1785630448,5314,76,3,30.4,51.9,,run
2026-08-02T03:27:34+03:00,1785630454,5320,76,3,30.4,42.9,,run
2026-08-02T03:27:39+03:00,1785630459,5325,76,3,30.4,37.7,,run
2026-08-02T03:27:44+03:00,1785630464,5330,76,3,30.4,37.4,,run
2026-08-02T03:27:50+03:00,1785630470,5336,76,3,30.4,38.6,,run
2026-08-02T03:27:55+03:00,1785630475,5341,76,3,30.4,45.1,,run
2026-08-02T03:28:01+03:00,1785630481,5347,76,3,30.4,40.5,,run
2026-08-02T03:28:06+03:00,1785630486,5352,76,3,30.4,43.2,,run
2026-08-02T03:28:12+03:00,1785630492,5358,76,3,30.4,38.0,,run
2026-08-02T03:28:17+03:00,1785630497,5363,76,3,30.4,38.0,,run
2026-08-02T03:28:23+03:00,1785630503,5369,76,3,30.4,38.0,,run
2026-08-02T03:28:28+03:00,1785630508,5374,76,3,30.4,37.7,,run
2026-08-02T03:28:33+03:00,1785630513,5379,76,3,30.4,40.8,,run
2026-08-02T03:28:39+03:00,1785630519,5385,76,3,30.4,38.9,,run
2026-08-02T03:28:44+03:00,1785630524,5390,76,3,30.4,37.4,,run
2026-08-02T03:28:50+03:00,1785630530,5396,76,3,30.4,37.4,,run
2026-08-02T03:28:55+03:00,1785630535,5401,76,3,30.4,38.0,,run
2026-08-02T03:29:01+03:00,1785630541,5407,76,3,30.4,38.6,,run
2026-08-02T03:29:06+03:00,1785630546,5412,76,3,30.4,45.1,,run
2026-08-02T03:29:11+03:00,1785630551,5417,76,3,30.4,49.7,,run
2026-08-02T03:29:17+03:00,1785630557,5423,76,3,30.4,44.8,,run
2026-08-02T03:29:22+03:00,1785630562,5428,76,3,30.4,38.0,,run
2026-08-02T03:29:28+03:00,1785630568,5434,76,3,30.4,36.1,,run
2026-08-02T03:29:33+03:00,1785630573,5439,76,3,30.4,37.1,,run
2026-08-02T03:29:39+03:00,1785630579,5445,76,3,30.4,36.4,,run
2026-08-02T03:29:44+03:00,1785630584,5450,76,3,30.4,37.1,,run
2026-08-02T03:29:50+03:00,1785630590,5456,76,3,30.4,38.3,,run
2026-08-02T03:29:55+03:00,1785630595,5461,76,3,30.4,47.3,,run
2026-08-02T03:30:01+03:00,1785630601,5467,76,3,30.4,45.1,,run
2026-08-02T03:30:06+03:00,1785630606,5472,76,3,30.4,41.4,,run
2026-08-02T03:30:11+03:00,1785630611,5477,76,3,30.4,38.6,,run
2026-08-02T03:30:17+03:00,1785630617,5483,76,3,30.4,37.4,,run
2026-08-02T03:30:22+03:00,1785630622,5488,76,3,30.4,38.0,,run
2026-08-02T03:30:27+03:00,1785630627,5493,76,3,30.4,37.4,,run
2026-08-02T03:30:33+03:00,1785630633,5499,76,3,30.4,40.8,,run
2026-08-02T03:30:38+03:00,1785630638,5504,76,3,30.4,38.9,,run
2026-08-02T03:30:44+03:00,1785630644,5510,76,3,30.4,38.3,,run
2026-08-02T03:30:49+03:00,1785630649,5515,76,3,30.4,37.4,,run
2026-08-02T03:30:54+03:00,1785630654,5520,76,3,30.4,37.7,,run
2026-08-02T03:31:00+03:00,1785630660,5526,76,3,30.4,37.4,,run
2026-08-02T03:31:05+03:00,1785630665,5531,76,3,30.4,39.8,,run
2026-08-02T03:31:11+03:00,1785630671,5537,76,3,30.4,45.7,,run
2026-08-02T03:31:16+03:00,1785630676,5542,76,3,30.3,40.8,,run
2026-08-02T03:31:22+03:00,1785630682,5548,76,3,30.3,40.2,,run
2026-08-02T03:31:27+03:00,1785630687,5553,76,3,30.3,37.7,,run
2026-08-02T03:31:33+03:00,1785630693,5559,76,3,30.3,36.1,,run
2026-08-02T03:31:38+03:00,1785630698,5564,76,3,30.3,37.4,,run
2026-08-02T03:31:44+03:00,1785630704,5570,76,3,30.3,37.4,,run
2026-08-02T03:31:49+03:00,1785630709,5575,76,3,30.3,36.8,,run
2026-08-02T03:31:54+03:00,1785630714,5580,76,3,30.3,36.4,,run
2026-08-02T03:32:00+03:00,1785630720,5586,76,3,30.3,51.6,,run
2026-08-02T03:32:05+03:00,1785630725,5591,76,3,30.3,41.4,,run
2026-08-02T03:32:11+03:00,1785630731,5597,76,3,30.3,42.3,,run
2026-08-02T03:32:16+03:00,1785630736,5602,76,3,30.3,38.6,,run
2026-08-02T03:32:22+03:00,1785630742,5608,76,3,30.3,38.3,,run
2026-08-02T03:32:27+03:00,1785630747,5613,76,3,30.3,38.0,,run
2026-08-02T03:32:33+03:00,1785630753,5619,76,3,30.3,37.7,,run
2026-08-02T03:32:38+03:00,1785630758,5624,76,3,30.3,39.8,,run
2026-08-02T03:32:43+03:00,1785630763,5629,76,3,30.3,41.4,,run
2026-08-02T03:32:49+03:00,1785630769,5635,76,3,30.3,37.7,,run
2026-08-02T03:32:54+03:00,1785630774,5640,76,3,30.3,37.7,,run
2026-08-02T03:33:00+03:00,1785630780,5646,76,3,30.3,37.7,,run
2026-08-02T03:33:05+03:00,1785630785,5651,76,3,30.3,37.4,,run
2026-08-02T03:33:11+03:00,1785630791,5657,76,3,30.3,41.4,,run
2026-08-02T03:33:16+03:00,1785630796,5662,76,3,30.3,48.2,,run
2026-08-02T03:33:22+03:00,1785630802,5668,76,3,30.3,38.9,,run
2026-08-02T03:33:27+03:00,1785630807,5673,76,3,30.3,38.0,,run
2026-08-02T03:33:32+03:00,1785630812,5678,76,3,30.3,36.8,,run
2026-08-02T03:33:38+03:00,1785630818,5684,76,3,30.3,37.4,,run
2026-08-02T03:33:43+03:00,1785630823,5689,76,3,30.3,37.4,,run
2026-08-02T03:33:49+03:00,1785630829,5695,76,3,30.3,35.8,,run
2026-08-02T03:33:54+03:00,1785630834,5700,76,3,30.3,39.2,,run
2026-08-02T03:34:00+03:00,1785630840,5706,76,3,30.3,44.5,,run
2026-08-02T03:34:05+03:00,1785630845,5711,76,3,30.3,41.1,,run
2026-08-02T03:34:11+03:00,1785630851,5717,76,3,30.3,38.9,,run
2026-08-02T03:34:16+03:00,1785630856,5722,76,3,30.3,37.4,,run
2026-08-02T03:34:22+03:00,1785630862,5728,75,3,30.1,38.3,,run
2026-08-02T03:34:27+03:00,1785630867,5733,75,3,30.1,39.8,,run
2026-08-02T03:34:32+03:00,1785630872,5738,75,3,30.1,42.3,,run
2026-08-02T03:34:38+03:00,1785630878,5744,75,3,30.1,38.0,,run
2026-08-02T03:34:43+03:00,1785630883,5749,75,3,30.1,37.7,,run
2026-08-02T03:34:49+03:00,1785630889,5755,75,3,30.1,37.4,,run
2026-08-02T03:34:54+03:00,1785630894,5760,75,3,30.1,37.4,,run
2026-08-02T03:35:00+03:00,1785630900,5766,75,3,30.1,41.7,,run
2026-08-02T03:35:05+03:00,1785630905,5771,75,3,30.1,39.2,,run
2026-08-02T03:35:10+03:00,1785630910,5776,75,3,30.1,37.4,,run
2026-08-02T03:35:16+03:00,1785630916,5782,75,3,30.1,41.1,,run
2026-08-02T03:35:21+03:00,1785630921,5787,75,3,30.1,40.5,,run
2026-08-02T03:35:27+03:00,1785630927,5793,75,3,30.1,38.6,,run
2026-08-02T03:35:32+03:00,1785630932,5798,75,3,30.1,36.8,,run
2026-08-02T03:35:38+03:00,1785630938,5804,75,3,30.1,37.1,,run
2026-08-02T03:35:43+03:00,1785630943,5809,75,3,30.1,36.1,,run
2026-08-02T03:35:49+03:00,1785630949,5815,75,3,30.1,36.4,,run
2026-08-02T03:35:54+03:00,1785630954,5820,75,3,30.1,37.1,,run
2026-08-02T03:36:00+03:00,1785630960,5826,75,3,30.1,36.8,,run
2026-08-02T03:36:05+03:00,1785630965,5831,75,3,30.1,48.8,,run
2026-08-02T03:36:10+03:00,1785630970,5836,75,3,30.1,38.3,,run
2026-08-02T03:36:16+03:00,1785630976,5842,75,3,30.1,37.4,,run
2026-08-02T03:36:21+03:00,1785630981,5847,75,3,30.1,39.8,,run
2026-08-02T03:36:27+03:00,1785630987,5853,75,3,30.1,41.1,,run
2026-08-02T03:36:32+03:00,1785630992,5858,75,3,30.1,38.3,,run
2026-08-02T03:36:38+03:00,1785630998,5864,75,3,30.1,37.7,,run
2026-08-02T03:36:43+03:00,1785631003,5869,75,3,30.1,37.4,,run
2026-08-02T03:36:48+03:00,1785631008,5874,75,3,30.1,36.8,,run
2026-08-02T03:36:54+03:00,1785631014,5880,75,3,30.1,40.2,,run
2026-08-02T03:36:59+03:00,1785631019,5885,75,3,30.1,40.5,,run
2026-08-02T03:37:05+03:00,1785631025,5891,75,3,30.1,37.7,,run
2026-08-02T03:37:10+03:00,1785631030,5896,75,3,30.1,38.0,,run
2026-08-02T03:37:16+03:00,1785631036,5902,75,3,30.1,37.1,,run
2026-08-02T03:37:21+03:00,1785631041,5907,75,3,30.1,50.4,,run
2026-08-02T03:37:27+03:00,1785631047,5913,75,3,30.1,38.3,,run
2026-08-02T03:37:32+03:00,1785631052,5918,75,3,30.1,37.7,,run
2026-08-02T03:37:38+03:00,1785631058,5924,75,3,30.1,37.4,,run
2026-08-02T03:37:43+03:00,1785631063,5929,75,3,30.1,36.1,,run
2026-08-02T03:37:49+03:00,1785631069,5935,75,3,30.1,35.8,,run
2026-08-02T03:37:54+03:00,1785631074,5940,75,3,30.1,36.1,,run
2026-08-02T03:38:00+03:00,1785631080,5946,75,3,30.1,36.1,,run
2026-08-02T03:38:05+03:00,1785631085,5951,75,3,30.1,48.8,,run
2026-08-02T03:38:11+03:00,1785631091,5957,75,3,30.1,41.1,,run
2026-08-02T03:38:17+03:00,1785631097,5963,75,3,30.1,41.4,,run
2026-08-02T03:38:22+03:00,1785631102,5968,75,3,30.1,38.3,,run
2026-08-02T03:38:27+03:00,1785631107,5973,75,3,30.1,37.7,,run
2026-08-02T03:38:33+03:00,1785631113,5979,75,3,30.1,37.7,,run
2026-08-02T03:38:38+03:00,1785631118,5984,75,3,30.1,37.4,,run
2026-08-02T03:38:44+03:00,1785631124,5990,75,3,30.1,38.6,,run
2026-08-02T03:38:49+03:00,1785631129,5995,75,3,30.1,40.2,,run
2026-08-02T03:38:54+03:00,1785631134,6000,75,3,29.8,38.3,,run
2026-08-02T03:39:00+03:00,1785631140,6006,75,3,29.8,37.4,,run
2026-08-02T03:39:05+03:00,1785631145,6011,75,3,29.8,36.8,,run
2026-08-02T03:39:11+03:00,1785631151,6017,75,3,29.8,36.8,,run
2026-08-02T03:39:16+03:00,1785631156,6022,75,3,29.8,38.9,,run
2026-08-02T03:39:22+03:00,1785631162,6028,75,3,29.8,42.9,,run
2026-08-02T03:39:27+03:00,1785631167,6033,75,3,29.8,40.8,,run
2026-08-02T03:39:32+03:00,1785631172,6038,75,3,29.8,38.9,,run
2026-08-02T03:39:38+03:00,1785631178,6044,75,3,29.8,37.1,,run
2026-08-02T03:39:43+03:00,1785631183,6049,75,3,29.8,36.8,,run
2026-08-02T03:39:49+03:00,1785631189,6055,75,3,29.8,49.1,,run
2026-08-02T03:39:54+03:00,1785631194,6060,75,3,29.8,41.1,,run
2026-08-02T03:40:00+03:00,1785631200,6066,75,3,29.8,42.3,,run
2026-08-02T03:40:05+03:00,1785631205,6071,75,3,29.8,37.4,,run
2026-08-02T03:40:11+03:00,1785631211,6077,75,3,29.8,37.1,,run
2026-08-02T03:40:16+03:00,1785631216,6082,75,3,29.8,37.1,,run
2026-08-02T03:40:22+03:00,1785631222,6088,75,3,29.8,37.4,,run
2026-08-02T03:40:27+03:00,1785631227,6093,75,3,29.8,39.5,,run
2026-08-02T03:40:32+03:00,1785631232,6098,75,3,29.8,38.6,,run
2026-08-02T03:40:38+03:00,1785631238,6104,75,3,29.8,36.8,,run
2026-08-02T03:40:43+03:00,1785631243,6109,75,3,29.8,36.4,,run
2026-08-02T03:40:49+03:00,1785631249,6115,75,3,29.8,36.4,,run
2026-08-02T03:40:54+03:00,1785631254,6120,75,3,29.8,37.4,,run
2026-08-02T03:41:00+03:00,1785631260,6126,75,3,29.8,41.1,,run
2026-08-02T03:41:05+03:00,1785631265,6131,75,3,29.8,48.2,,run
2026-08-02T03:41:11+03:00,1785631271,6137,75,3,29.8,37.7,,run
2026-08-02T03:41:16+03:00,1785631276,6142,75,3,29.8,37.4,,run
2026-08-02T03:41:21+03:00,1785631281,6147,75,3,29.8,37.1,,run
2026-08-02T03:41:27+03:00,1785631287,6153,75,3,29.8,35.8,,run
2026-08-02T03:41:32+03:00,1785631292,6158,75,3,29.8,36.1,,run
2026-08-02T03:41:38+03:00,1785631298,6164,75,3,29.8,35.5,,run
2026-08-02T03:41:43+03:00,1785631303,6169,75,3,29.8,38.9,,run
2026-08-02T03:41:49+03:00,1785631309,6175,75,3,29.8,39.5,,run
2026-08-02T03:41:54+03:00,1785631314,6180,75,3,29.8,46.3,,run
2026-08-02T03:41:59+03:00,1785631319,6185,75,3,29.8,39.2,,run
2026-08-02T03:42:05+03:00,1785631325,6191,75,3,29.8,37.7,,run
2026-08-02T03:42:10+03:00,1785631330,6196,75,3,29.8,36.8,,run
2026-08-02T03:42:16+03:00,1785631336,6202,75,3,29.8,36.8,,run
2026-08-02T03:42:21+03:00,1785631341,6207,75,3,29.8,38.6,,run
2026-08-02T03:42:27+03:00,1785631347,6213,75,3,29.8,41.1,,run
2026-08-02T03:42:32+03:00,1785631352,6218,75,3,29.8,38.0,,run
2026-08-02T03:42:37+03:00,1785631357,6223,75,3,29.8,37.1,,run
2026-08-02T03:42:43+03:00,1785631363,6229,75,3,29.8,36.8,,run
2026-08-02T03:42:48+03:00,1785631368,6234,75,3,29.8,36.8,,run
2026-08-02T03:42:54+03:00,1785631374,6240,75,3,29.8,38.6,,run
2026-08-02T03:42:59+03:00,1785631379,6245,75,3,29.8,41.1,,run
2026-08-02T03:43:05+03:00,1785631385,6251,75,3,29.8,44.5,,run
2026-08-02T03:43:10+03:00,1785631390,6256,75,3,29.8,41.1,,run
2026-08-02T03:43:15+03:00,1785631395,6261,75,3,29.8,39.2,,run
2026-08-02T03:43:21+03:00,1785631401,6267,75,3,29.8,36.1,,run
2026-08-02T03:43:26+03:00,1785631406,6272,75,3,29.8,36.1,,run
2026-08-02T03:43:32+03:00,1785631412,6278,75,3,29.8,37.1,,run
2026-08-02T03:43:37+03:00,1785631417,6283,75,3,29.8,38.0,,run
2026-08-02T03:43:43+03:00,1785631423,6289,75,3,29.8,39.5,,run
2026-08-02T03:43:48+03:00,1785631428,6294,75,3,29.8,36.8,,run
2026-08-02T03:43:53+03:00,1785631433,6299,75,3,29.8,49.1,,run
2026-08-02T03:43:59+03:00,1785631439,6305,75,3,29.8,38.6,,run
2026-08-02T03:44:04+03:00,1785631444,6310,75,3,29.8,37.7,,run
2026-08-02T03:44:10+03:00,1785631450,6316,75,3,29.8,37.4,,run
2026-08-02T03:44:15+03:00,1785631455,6321,75,3,29.8,39.5,,run
2026-08-02T03:44:21+03:00,1785631461,6327,75,3,29.8,41.7,,run
2026-08-02T03:44:26+03:00,1785631466,6332,75,3,29.8,37.7,,run
2026-08-02T03:44:31+03:00,1785631471,6337,75,3,29.8,37.1,,run
2026-08-02T03:44:37+03:00,1785631477,6343,75,3,29.8,37.1,,run
2026-08-02T03:44:42+03:00,1785631482,6348,75,3,29.8,36.1,,run
2026-08-02T03:44:48+03:00,1785631488,6354,75,3,29.8,39.2,,run
2026-08-02T03:44:53+03:00,1785631493,6359,75,3,29.8,38.9,,run
2026-08-02T03:44:58+03:00,1785631498,6364,75,3,29.8,37.7,,run
2026-08-02T03:45:04+03:00,1785631504,6370,74,3,29.8,36.8,,run
2026-08-02T03:45:09+03:00,1785631509,6375,74,3,29.8,49.7,,run
2026-08-02T03:45:15+03:00,1785631515,6381,74,3,29.8,38.9,,run
2026-08-02T03:45:20+03:00,1785631520,6386,74,3,29.8,37.4,,run
2026-08-02T03:45:26+03:00,1785631526,6392,74,3,29.8,36.4,,run
2026-08-02T03:45:31+03:00,1785631531,6397,74,3,29.8,36.4,,run
2026-08-02T03:45:37+03:00,1785631537,6403,74,3,29.8,36.1,,run
2026-08-02T03:45:42+03:00,1785631542,6408,74,3,29.8,36.1,,run
2026-08-02T03:45:48+03:00,1785631548,6414,74,3,29.8,36.1,,run
2026-08-02T03:45:53+03:00,1785631553,6419,74,3,29.8,51.3,,run
2026-08-02T03:45:59+03:00,1785631559,6425,74,3,29.8,40.8,,run
2026-08-02T03:46:04+03:00,1785631564,6430,74,3,29.8,41.4,,run
2026-08-02T03:46:09+03:00,1785631569,6435,74,3,29.8,37.7,,run
2026-08-02T03:46:15+03:00,1785631575,6441,74,3,29.8,37.4,,run
2026-08-02T03:46:20+03:00,1785631580,6446,74,3,29.8,36.4,,run
2026-08-02T03:46:26+03:00,1785631586,6452,74,3,29.8,36.8,,run
2026-08-02T03:46:31+03:00,1785631591,6457,74,3,29.8,38.9,,run
2026-08-02T03:46:37+03:00,1785631597,6463,74,3,29.8,41.1,,run
2026-08-02T03:46:42+03:00,1785631602,6468,74,3,29.8,37.7,,run
2026-08-02T03:46:47+03:00,1785631607,6473,74,3,29.8,36.8,,run
2026-08-02T03:46:53+03:00,1785631613,6479,74,3,29.8,36.8,,run
2026-08-02T03:46:58+03:00,1785631618,6484,74,3,29.8,36.8,,run
2026-08-02T03:47:04+03:00,1785631624,6490,74,3,29.8,38.0,,run
2026-08-02T03:47:09+03:00,1785631629,6495,74,3,29.8,47.3,,run
2026-08-02T03:47:15+03:00,1785631635,6501,74,3,29.8,38.0,,run
2026-08-02T03:47:20+03:00,1785631640,6506,74,3,29.8,38.0,,run
2026-08-02T03:47:26+03:00,1785631646,6512,74,3,29.8,36.1,,run
2026-08-02T03:47:31+03:00,1785631651,6517,74,3,29.8,36.4,,run
2026-08-02T03:47:37+03:00,1785631657,6523,74,3,29.8,36.1,,run
2026-08-02T03:47:42+03:00,1785631662,6528,74,3,29.8,36.8,,run
2026-08-02T03:47:48+03:00,1785631668,6534,74,3,29.8,39.8,,run
2026-08-02T03:47:53+03:00,1785631673,6539,74,3,29.8,48.8,,run
2026-08-02T03:47:59+03:00,1785631679,6545,74,3,29.8,39.2,,run
2026-08-02T03:48:04+03:00,1785631684,6550,74,3,29.8,37.4,,run
2026-08-02T03:48:10+03:00,1785631690,6556,74,3,29.8,37.4,,run
2026-08-02T03:48:15+03:00,1785631695,6561,74,3,29.8,38.0,,run
2026-08-02T03:48:20+03:00,1785631700,6566,74,3,29.8,41.7,,run
2026-08-02T03:48:26+03:00,1785631706,6572,74,3,29.8,37.7,,run
2026-08-02T03:48:31+03:00,1785631711,6577,74,3,29.8,37.7,,run
2026-08-02T03:48:37+03:00,1785631717,6583,74,3,29.8,36.4,,run
2026-08-02T03:48:42+03:00,1785631722,6588,74,3,29.8,37.4,,run
2026-08-02T03:48:48+03:00,1785631728,6594,74,3,29.8,38.6,,run
2026-08-02T03:48:53+03:00,1785631733,6599,74,3,29.6,40.2,,run
2026-08-02T03:48:58+03:00,1785631738,6604,74,3,29.6,37.4,,run
2026-08-02T03:49:04+03:00,1785631744,6610,74,3,29.6,37.1,,run
2026-08-02T03:49:09+03:00,1785631749,6615,74,3,29.6,38.3,,run
2026-08-02T03:49:15+03:00,1785631755,6621,74,3,29.6,40.8,,run
2026-08-02T03:49:20+03:00,1785631760,6626,74,3,29.6,37.7,,run
2026-08-02T03:49:25+03:00,1785631765,6631,74,3,29.6,37.4,,run
2026-08-02T03:49:31+03:00,1785631771,6637,74,3,29.6,36.8,,run
2026-08-02T03:49:36+03:00,1785631776,6642,74,3,29.6,36.1,,run
2026-08-02T03:49:42+03:00,1785631782,6648,74,3,29.6,36.1,,run
2026-08-02T03:49:47+03:00,1785631787,6653,74,3,29.6,36.4,,run
2026-08-02T03:49:53+03:00,1785631793,6659,74,3,29.6,38.3,,run
2026-08-02T03:49:58+03:00,1785631798,6664,74,3,29.6,46.0,,run
2026-08-02T03:50:04+03:00,1785631804,6670,74,3,29.6,38.6,,run
2026-08-02T03:50:09+03:00,1785631809,6675,74,3,29.6,41.4,,run
2026-08-02T03:50:15+03:00,1785631815,6681,74,3,29.6,37.7,,run
2026-08-02T03:50:20+03:00,1785631820,6686,74,3,29.6,37.7,,run
2026-08-02T03:50:26+03:00,1785631826,6692,74,3,29.6,37.1,,run
2026-08-02T03:50:31+03:00,1785631831,6697,74,3,29.6,36.1,,run
2026-08-02T03:50:36+03:00,1785631836,6702,74,3,29.6,38.3,,run
2026-08-02T03:50:42+03:00,1785631842,6708,74,3,29.6,40.8,,run
2026-08-02T03:50:47+03:00,1785631847,6713,74,3,29.6,37.1,,run
2026-08-02T03:50:53+03:00,1785631853,6719,74,3,29.6,36.4,,run
2026-08-02T03:50:58+03:00,1785631858,6724,74,3,29.6,39.5,,run
2026-08-02T03:51:03+03:00,1785631863,6729,74,3,29.6,36.4,,run
2026-08-02T03:51:09+03:00,1785631869,6735,74,3,29.6,42.3,,run
2026-08-02T03:51:14+03:00,1785631874,6740,74,3,29.6,42.6,,run
2026-08-02T03:51:20+03:00,1785631880,6746,74,3,29.6,38.9,,run
2026-08-02T03:51:25+03:00,1785631885,6751,74,3,29.6,36.8,,run
2026-08-02T03:51:31+03:00,1785631891,6757,74,3,29.6,36.8,,run
2026-08-02T03:51:36+03:00,1785631896,6762,74,3,29.6,35.8,,run
2026-08-02T03:51:42+03:00,1785631902,6768,74,3,29.6,35.5,,run
2026-08-02T03:51:47+03:00,1785631907,6773,74,3,29.6,38.3,,run
2026-08-02T03:51:52+03:00,1785631912,6778,74,3,29.6,37.4,,run
2026-08-02T03:51:58+03:00,1785631918,6784,74,3,29.6,50.4,,run
2026-08-02T03:52:03+03:00,1785631923,6789,74,3,29.6,38.6,,run
2026-08-02T03:52:09+03:00,1785631929,6795,74,3,29.6,37.4,,run
2026-08-02T03:52:14+03:00,1785631934,6800,74,3,29.6,37.1,,run
2026-08-02T03:52:19+03:00,1785631939,6805,74,3,29.6,38.0,,run
2026-08-02T03:52:25+03:00,1785631945,6811,74,3,29.6,41.1,,run
2026-08-02T03:52:30+03:00,1785631950,6816,74,3,29.6,37.4,,run
2026-08-02T03:52:36+03:00,1785631956,6822,74,3,29.6,37.4,,run
2026-08-02T03:52:41+03:00,1785631961,6827,74,3,29.6,36.8,,run
2026-08-02T03:52:46+03:00,1785631966,6832,74,3,29.6,36.4,,run
2026-08-02T03:52:52+03:00,1785631972,6838,74,3,29.6,38.6,,run
2026-08-02T03:52:57+03:00,1785631977,6843,74,3,29.6,40.2,,run
2026-08-02T03:53:03+03:00,1785631983,6849,74,3,29.6,37.1,,run
2026-08-02T03:53:08+03:00,1785631988,6854,74,3,29.6,36.1,,run
2026-08-02T03:53:14+03:00,1785631994,6860,74,3,29.6,49.4,,run
2026-08-02T03:53:19+03:00,1785631999,6865,74,3,29.6,38.6,,run
2026-08-02T03:53:25+03:00,1785632005,6871,74,3,29.6,38.6,,run
2026-08-02T03:53:30+03:00,1785632010,6876,74,3,29.6,36.1,,run
2026-08-02T03:53:36+03:00,1785632016,6882,74,3,29.6,37.4,,run
2026-08-02T03:53:41+03:00,1785632021,6887,74,3,29.6,44.2,,run
2026-08-02T03:53:47+03:00,1785632027,6893,74,3,29.6,38.3,,run
2026-08-02T03:53:52+03:00,1785632032,6898,74,3,29.6,37.1,,run
2026-08-02T03:53:57+03:00,1785632037,6903,74,3,29.6,37.1,,run
2026-08-02T03:54:03+03:00,1785632043,6909,74,3,29.6,37.4,,run
2026-08-02T03:54:08+03:00,1785632048,6914,74,3,29.6,39.2,,run
2026-08-02T03:54:14+03:00,1785632054,6920,74,3,29.6,41.7,,run
2026-08-02T03:54:19+03:00,1785632059,6925,74,3,29.6,38.0,,run
2026-08-02T03:54:25+03:00,1785632065,6931,74,3,29.6,38.0,,run
2026-08-02T03:54:30+03:00,1785632070,6936,74,3,29.6,37.4,,run
2026-08-02T03:54:35+03:00,1785632075,6941,74,3,29.6,36.8,,run
2026-08-02T03:54:41+03:00,1785632081,6947,74,3,29.6,39.5,,run
2026-08-02T03:54:46+03:00,1785632086,6952,74,3,29.6,40.2,,run
2026-08-02T03:54:52+03:00,1785632092,6958,74,3,29.6,45.4,,run
2026-08-02T03:54:57+03:00,1785632097,6963,74,3,29.6,45.4,,run
2026-08-02T03:55:02+03:00,1785632102,6968,74,3,29.6,44.5,,run
2026-08-02T03:55:08+03:00,1785632108,6974,74,3,29.6,37.4,,run
2026-08-02T03:55:13+03:00,1785632113,6979,74,3,29.6,36.1,,run
2026-08-02T03:55:19+03:00,1785632119,6985,74,3,29.6,35.8,,run
2026-08-02T03:55:24+03:00,1785632124,6990,74,3,29.6,36.1,,run
2026-08-02T03:55:30+03:00,1785632130,6996,74,3,29.6,38.3,,run
2026-08-02T03:55:35+03:00,1785632135,7001,74,3,29.6,37.4,,run
2026-08-02T03:55:40+03:00,1785632140,7006,73,3,29.7,50.7,,run
2026-08-02T03:55:46+03:00,1785632146,7012,73,3,29.7,38.6,,run
2026-08-02T03:55:51+03:00,1785632151,7017,73,3,29.7,37.7,,run
2026-08-02T03:55:57+03:00,1785632157,7023,73,3,29.7,38.3,,run
2026-08-02T03:56:02+03:00,1785632162,7028,73,3,29.7,38.0,,run
2026-08-02T03:56:08+03:00,1785632168,7034,73,3,29.7,41.4,,run
2026-08-02T03:56:13+03:00,1785632173,7039,73,3,29.7,37.4,,run
2026-08-02T03:56:18+03:00,1785632178,7044,73,3,29.7,36.8,,run
2026-08-02T03:56:24+03:00,1785632184,7050,73,3,29.7,37.1,,run
2026-08-02T03:56:29+03:00,1785632189,7055,73,3,29.7,36.4,,run
2026-08-02T03:56:35+03:00,1785632195,7061,73,3,29.7,37.7,,run
2026-08-02T03:56:40+03:00,1785632200,7066,73,3,29.7,40.5,,run
2026-08-02T03:56:45+03:00,1785632205,7071,73,3,29.7,38.0,,run
2026-08-02T03:56:51+03:00,1785632211,7077,73,3,29.7,36.8,,run
2026-08-02T03:56:56+03:00,1785632216,7082,73,3,29.7,49.7,,run
2026-08-02T03:57:02+03:00,1785632222,7088,73,3,29.7,39.2,,run
2026-08-02T03:57:07+03:00,1785632227,7093,73,3,29.7,36.8,,run
2026-08-02T03:57:13+03:00,1785632233,7099,73,3,29.7,36.1,,run
2026-08-02T03:57:18+03:00,1785632238,7104,73,3,29.7,36.1,,run
2026-08-02T03:57:24+03:00,1785632244,7110,73,3,29.7,35.8,,run
2026-08-02T03:57:29+03:00,1785632249,7115,73,3,29.7,36.4,,run
2026-08-02T03:57:35+03:00,1785632255,7121,73,3,29.7,36.4,,run
2026-08-02T03:57:40+03:00,1785632260,7126,73,3,29.7,48.5,,run
2026-08-02T03:57:46+03:00,1785632266,7132,73,3,29.7,38.6,,run
2026-08-02T03:57:51+03:00,1785632271,7137,73,3,29.7,38.9,,run
2026-08-02T03:57:57+03:00,1785632277,7143,73,3,29.7,41.7,,run
2026-08-02T03:58:02+03:00,1785632282,7148,73,3,29.7,37.7,,run
2026-08-02T03:58:07+03:00,1785632287,7153,73,3,29.7,37.1,,run
2026-08-02T03:58:13+03:00,1785632293,7159,73,3,29.7,36.8,,run
2026-08-02T03:58:18+03:00,1785632298,7164,73,3,29.7,37.1,,run
2026-08-02T03:58:24+03:00,1785632304,7170,73,3,29.7,39.2,,run
2026-08-02T03:58:29+03:00,1785632309,7175,73,3,29.7,39.5,,run
2026-08-02T03:58:34+03:00,1785632314,7180,73,3,29.7,36.8,,run
2026-08-02T03:58:40+03:00,1785632320,7186,73,3,29.7,36.8,,run
2026-08-02T03:58:45+03:00,1785632325,7191,73,3,29.7,36.4,,run
2026-08-02T03:58:51+03:00,1785632331,7197,73,3,29.7,36.4,,run
2026-08-02T03:58:56+03:00,1785632336,7202,73,3,29.5,51.3,,run
2026-08-02T03:59:02+03:00,1785632342,7208,73,3,29.5,38.0,,run
2026-08-02T03:59:07+03:00,1785632347,7213,73,3,29.5,37.7,,run
2026-08-02T03:59:13+03:00,1785632353,7219,73,3,29.5,36.4,,run
2026-08-02T03:59:18+03:00,1785632358,7224,73,3,29.5,36.4,,run
2026-08-02T03:59:24+03:00,1785632364,7230,73,3,29.5,36.1,,run
2026-08-02T03:59:29+03:00,1785632369,7235,73,3,29.5,40.5,,run
2026-08-02T03:59:35+03:00,1785632375,7241,73,3,29.5,36.4,,run
2026-08-02T03:59:40+03:00,1785632380,7246,73,3,29.5,51.0,,run
2026-08-02T03:59:46+03:00,1785632386,7252,73,3,29.5,39.8,,run
2026-08-02T03:59:51+03:00,1785632391,7257,73,3,29.5,37.7,,run
2026-08-02T03:59:57+03:00,1785632397,7263,73,3,29.5,39.2,,run
2026-08-02T04:00:02+03:00,1785632402,7268,73,3,29.5,42.9,,run
2026-08-02T04:00:07+03:00,1785632407,7273,73,3,29.5,37.7,,run
2026-08-02T04:00:13+03:00,1785632413,7279,73,3,29.5,37.1,,run
2026-08-02T04:00:18+03:00,1785632418,7284,73,3,29.5,37.4,,run
2026-08-02T04:00:24+03:00,1785632424,7290,73,3,29.5,36.4,,run
2026-08-02T04:00:29+03:00,1785632429,7295,73,3,29.5,38.6,,run
2026-08-02T04:00:35+03:00,1785632435,7301,73,3,29.5,40.5,,run
2026-08-02T04:00:40+03:00,1785632440,7306,73,3,29.5,37.4,,run
2026-08-02T04:00:45+03:00,1785632445,7311,73,3,29.5,37.4,,run
2026-08-02T04:00:51+03:00,1785632451,7317,73,3,29.5,36.4,,run
2026-08-02T04:00:56+03:00,1785632456,7322,73,3,29.5,42.3,,run
2026-08-02T04:01:02+03:00,1785632462,7328,73,3,29.5,38.6,,run
2026-08-02T04:01:07+03:00,1785632467,7333,73,3,29.5,37.4,,run
2026-08-02T04:01:13+03:00,1785632473,7339,73,3,29.5,37.1,,run
2026-08-02T04:01:18+03:00,1785632478,7344,73,3,29.5,36.4,,run
2026-08-02T04:01:24+03:00,1785632484,7350,73,3,29.5,48.8,,run
2026-08-02T04:01:29+03:00,1785632489,7355,73,3,29.5,38.6,,run
2026-08-02T04:01:35+03:00,1785632495,7361,73,3,29.5,40.8,,run
2026-08-02T04:01:40+03:00,1785632500,7366,73,3,29.5,37.4,,run
2026-08-02T04:01:45+03:00,1785632505,7371,73,3,29.5,37.1,,run
2026-08-02T04:01:51+03:00,1785632511,7377,73,3,29.5,39.5,,run
2026-08-02T04:01:56+03:00,1785632516,7382,73,3,29.5,38.0,,run
2026-08-02T04:02:02+03:00,1785632522,7388,73,3,29.5,37.1,,run
2026-08-02T04:02:07+03:00,1785632527,7393,73,3,29.5,37.1,,run
2026-08-02T04:02:13+03:00,1785632533,7399,73,3,29.5,36.4,,run
2026-08-02T04:02:18+03:00,1785632538,7404,73,3,29.5,36.4,,run
2026-08-02T04:02:23+03:00,1785632543,7409,73,3,29.5,40.5,,run
2026-08-02T04:02:29+03:00,1785632549,7415,73,3,29.5,38.6,,run
2026-08-02T04:02:34+03:00,1785632554,7420,73,3,29.5,37.4,,run
2026-08-02T04:02:40+03:00,1785632560,7426,73,3,29.5,50.4,,run
2026-08-02T04:02:45+03:00,1785632565,7431,73,3,29.5,38.0,,run
2026-08-02T04:02:51+03:00,1785632571,7437,73,3,29.5,36.8,,run
2026-08-02T04:02:56+03:00,1785632576,7442,73,3,29.5,36.4,,run
2026-08-02T04:03:02+03:00,1785632582,7448,73,3,29.5,35.8,,run
2026-08-02T04:03:07+03:00,1785632587,7453,73,3,29.5,36.4,,run
2026-08-02T04:03:12+03:00,1785632592,7458,73,3,29.5,37.7,,run
2026-08-02T04:03:18+03:00,1785632598,7464,73,3,29.5,38.3,,run
2026-08-02T04:03:23+03:00,1785632603,7469,73,3,29.5,48.5,,run
2026-08-02T04:03:29+03:00,1785632609,7475,73,3,29.5,38.3,,run
2026-08-02T04:03:34+03:00,1785632614,7480,73,3,29.5,37.4,,run
2026-08-02T04:03:40+03:00,1785632620,7486,73,3,29.5,39.5,,run
2026-08-02T04:03:45+03:00,1785632625,7491,73,3,29.5,40.8,,run
2026-08-02T04:03:50+03:00,1785632630,7496,73,3,29.5,36.8,,run
2026-08-02T04:03:56+03:00,1785632636,7502,73,3,29.5,37.7,,run
2026-08-02T04:04:01+03:00,1785632641,7507,73,3,29.5,37.4,,run
2026-08-02T04:04:07+03:00,1785632647,7513,73,3,29.5,37.1,,run
2026-08-02T04:04:12+03:00,1785632652,7518,73,3,29.5,38.0,,run
2026-08-02T04:04:18+03:00,1785632658,7524,73,3,29.5,38.3,,run
2026-08-02T04:04:23+03:00,1785632663,7529,73,3,29.5,37.1,,run
2026-08-02T04:04:29+03:00,1785632669,7535,73,3,29.5,36.4,,run
2026-08-02T04:04:34+03:00,1785632674,7540,73,3,29.5,36.4,,run
2026-08-02T04:04:40+03:00,1785632680,7546,73,3,29.5,46.7,,run
2026-08-02T04:04:45+03:00,1785632685,7551,73,3,29.5,38.6,,run
2026-08-02T04:04:51+03:00,1785632691,7557,73,3,29.5,39.2,,run
2026-08-02T04:04:56+03:00,1785632696,7562,73,3,29.5,36.4,,run
2026-08-02T04:05:02+03:00,1785632702,7568,73,3,29.5,36.1,,run
2026-08-02T04:05:07+03:00,1785632707,7573,73,3,29.5,36.1,,run
2026-08-02T04:05:12+03:00,1785632712,7578,73,3,29.5,36.4,,run
2026-08-02T04:05:18+03:00,1785632718,7584,73,3,29.5,36.4,,run
2026-08-02T04:05:23+03:00,1785632723,7589,73,3,29.5,40.5,,run
2026-08-02T04:05:29+03:00,1785632729,7595,73,3,29.5,45.4,,run
2026-08-02T04:05:34+03:00,1785632734,7600,73,3,29.5,41.7,,run
2026-08-02T04:05:40+03:00,1785632740,7606,73,3,29.5,37.7,,run
2026-08-02T04:05:45+03:00,1785632745,7611,73,3,29.5,37.1,,run
2026-08-02T04:05:50+03:00,1785632750,7616,73,3,29.5,36.4,,run
2026-08-02T04:05:56+03:00,1785632756,7622,73,3,29.5,37.4,,run
2026-08-02T04:06:01+03:00,1785632761,7627,73,3,29.5,40.5,,run
2026-08-02T04:06:07+03:00,1785632767,7633,73,3,29.5,38.0,,run
2026-08-02T04:06:12+03:00,1785632772,7638,73,3,29.5,36.8,,run
2026-08-02T04:06:18+03:00,1785632778,7644,73,3,29.5,36.4,,run
2026-08-02T04:06:23+03:00,1785632783,7649,73,3,29.5,36.8,,run
2026-08-02T04:06:29+03:00,1785632789,7655,73,3,29.5,38.3,,run
2026-08-02T04:06:34+03:00,1785632794,7660,73,3,29.5,38.9,,run
2026-08-02T04:06:39+03:00,1785632799,7665,73,3,29.5,46.7,,run
2026-08-02T04:06:45+03:00,1785632805,7671,73,3,29.5,41.4,,run
2026-08-02T04:06:50+03:00,1785632810,7676,73,3,29.5,38.6,,run
2026-08-02T04:06:56+03:00,1785632816,7682,73,3,29.5,37.4,,run
2026-08-02T04:07:01+03:00,1785632821,7687,73,3,29.5,36.4,,run
2026-08-02T04:07:07+03:00,1785632827,7693,73,3,29.5,36.1,,run
2026-08-02T04:07:12+03:00,1785632832,7698,73,3,29.5,36.8,,run
2026-08-02T04:07:18+03:00,1785632838,7704,73,3,29.5,39.8,,run
2026-08-02T04:07:23+03:00,1785632843,7709,73,3,29.5,37.7,,run
2026-08-02T04:07:28+03:00,1785632848,7714,72,3,29.6,49.1,,run
2026-08-02T04:07:34+03:00,1785632854,7720,72,3,29.6,38.6,,run
2026-08-02T04:07:39+03:00,1785632859,7725,72,3,29.6,37.1,,run
2026-08-02T04:07:45+03:00,1785632865,7731,72,3,29.6,36.8,,run
2026-08-02T04:07:50+03:00,1785632870,7736,72,3,29.6,39.2,,run
2026-08-02T04:07:55+03:00,1785632875,7741,72,3,29.6,40.5,,run
2026-08-02T04:08:01+03:00,1785632881,7747,72,3,29.6,37.4,,run
2026-08-02T04:08:06+03:00,1785632886,7752,72,3,29.6,36.8,,run
2026-08-02T04:08:12+03:00,1785632892,7758,72,3,29.6,36.8,,run
2026-08-02T04:08:17+03:00,1785632897,7763,72,3,29.6,36.8,,run
2026-08-02T04:08:23+03:00,1785632903,7769,72,3,29.6,39.2,,run
2026-08-02T04:08:28+03:00,1785632908,7774,72,3,29.6,40.8,,run
2026-08-02T04:08:33+03:00,1785632913,7779,72,3,29.6,37.1,,run
2026-08-02T04:08:39+03:00,1785632919,7785,72,3,29.6,36.1,,run
2026-08-02T04:08:44+03:00,1785632924,7790,72,3,29.6,50.7,,run
2026-08-02T04:08:50+03:00,1785632930,7796,72,3,29.6,41.4,,run
2026-08-02T04:08:55+03:00,1785632935,7801,72,3,29.5,37.1,,run
2026-08-02T04:09:01+03:00,1785632941,7807,72,3,29.5,36.4,,run
2026-08-02T04:09:06+03:00,1785632946,7812,72,3,29.5,35.2,,run
2026-08-02T04:09:11+03:00,1785632951,7817,72,3,29.5,35.8,,run
2026-08-02T04:09:17+03:00,1785632957,7823,72,3,29.5,36.1,,run
2026-08-02T04:09:22+03:00,1785632962,7828,72,3,29.5,36.8,,run
2026-08-02T04:09:28+03:00,1785632968,7834,72,3,29.5,51.0,,run
2026-08-02T04:09:33+03:00,1785632973,7839,72,3,29.5,38.3,,run
2026-08-02T04:09:39+03:00,1785632979,7845,72,3,29.5,39.5,,run
2026-08-02T04:09:44+03:00,1785632984,7850,72,3,29.5,41.1,,run
2026-08-02T04:09:50+03:00,1785632990,7856,72,3,29.5,37.1,,run
2026-08-02T04:09:55+03:00,1785632995,7861,72,3,29.5,36.4,,run
2026-08-02T04:10:01+03:00,1785633001,7867,72,3,29.5,37.1,,run
2026-08-02T04:10:06+03:00,1785633006,7872,72,3,29.5,36.1,,run
2026-08-02T04:10:11+03:00,1785633011,7877,72,3,29.5,39.5,,run
2026-08-02T04:10:17+03:00,1785633017,7883,72,3,29.5,37.7,,run
2026-08-02T04:10:22+03:00,1785633022,7888,72,3,29.5,36.8,,run
2026-08-02T04:10:28+03:00,1785633028,7894,72,3,29.5,37.1,,run
2026-08-02T04:10:33+03:00,1785633033,7899,72,3,29.5,36.1,,run
2026-08-02T04:10:39+03:00,1785633039,7905,72,3,29.5,36.4,,run
2026-08-02T04:10:44+03:00,1785633044,7910,72,3,29.5,48.5,,run
2026-08-02T04:10:50+03:00,1785633050,7916,72,3,29.5,38.3,,run
2026-08-02T04:10:55+03:00,1785633055,7921,72,3,29.5,36.8,,run
2026-08-02T04:11:01+03:00,1785633061,7927,72,3,29.5,36.4,,run
2026-08-02T04:11:06+03:00,1785633066,7932,72,3,29.5,35.8,,run
2026-08-02T04:11:12+03:00,1785633072,7938,72,3,29.5,35.8,,run
2026-08-02T04:11:17+03:00,1785633077,7943,72,3,29.5,38.0,,run
2026-08-02T04:11:22+03:00,1785633082,7948,72,3,29.5,37.1,,run
2026-08-02T04:11:28+03:00,1785633088,7954,72,3,29.5,49.4,,run
2026-08-02T04:11:33+03:00,1785633093,7959,72,3,29.5,39.5,,run
2026-08-02T04:11:39+03:00,1785633099,7965,72,3,29.5,38.0,,run
2026-08-02T04:11:44+03:00,1785633104,7970,72,3,29.5,37.4,,run
2026-08-02T04:11:50+03:00,1785633110,7976,72,3,29.5,39.8,,run
2026-08-02T04:11:55+03:00,1785633115,7981,72,3,29.5,39.2,,run
2026-08-02T04:12:00+03:00,1785633120,7986,72,3,29.5,37.4,,run
2026-08-02T04:12:06+03:00,1785633126,7992,72,3,29.5,36.8,,run
2026-08-02T04:12:11+03:00,1785633131,7997,72,3,29.5,36.1,,run
2026-08-02T04:12:17+03:00,1785633137,8003,72,3,29.5,36.4,,run
2026-08-02T04:12:22+03:00,1785633142,8008,72,3,29.5,40.2,,run
2026-08-02T04:12:28+03:00,1785633148,8014,72,3,29.5,38.0,,run
2026-08-02T04:12:33+03:00,1785633153,8019,72,3,29.5,37.1,,run
2026-08-02T04:12:38+03:00,1785633158,8024,72,3,29.5,36.1,,run
2026-08-02T04:12:44+03:00,1785633164,8030,72,3,29.5,41.4,,run
2026-08-02T04:12:49+03:00,1785633169,8035,72,3,29.5,38.6,,run
2026-08-02T04:12:55+03:00,1785633175,8041,72,3,29.5,42.0,,run
2026-08-02T04:13:00+03:00,1785633180,8046,72,3,29.5,36.4,,run
2026-08-02T04:13:06+03:00,1785633186,8052,72,3,29.5,36.4,,run
2026-08-02T04:13:11+03:00,1785633191,8057,72,3,29.5,35.5,,run
2026-08-02T04:13:17+03:00,1785633197,8063,72,3,29.5,35.8,,run
2026-08-02T04:13:22+03:00,1785633202,8068,72,3,29.5,36.1,,run
2026-08-02T04:13:28+03:00,1785633208,8074,72,3,29.5,39.5,,run
2026-08-02T04:13:33+03:00,1785633213,8079,72,3,29.5,45.1,,run
2026-08-02T04:13:39+03:00,1785633219,8085,72,3,29.5,38.9,,run
2026-08-02T04:13:44+03:00,1785633224,8090,72,3,29.5,38.0,,run
2026-08-02T04:13:49+03:00,1785633229,8095,72,3,29.5,37.4,,run
2026-08-02T04:13:55+03:00,1785633235,8101,72,3,29.5,36.8,,run
2026-08-02T04:14:00+03:00,1785633240,8106,72,3,29.5,38.3,,run
2026-08-02T04:14:06+03:00,1785633246,8112,72,3,29.5,41.4,,run
2026-08-02T04:14:11+03:00,1785633251,8117,72,3,29.5,37.1,,run
2026-08-02T04:14:17+03:00,1785633257,8123,72,3,29.5,37.1,,run
2026-08-02T04:14:22+03:00,1785633262,8128,72,3,29.5,36.1,,run
2026-08-02T04:14:28+03:00,1785633268,8134,72,3,29.5,36.1,,run
2026-08-02T04:14:33+03:00,1785633273,8139,72,3,29.5,39.2,,run
2026-08-02T04:14:39+03:00,1785633279,8145,72,3,29.5,39.5,,run
2026-08-02T04:14:44+03:00,1785633284,8150,72,3,29.5,43.9,,run
2026-08-02T04:14:49+03:00,1785633289,8155,72,3,29.5,41.7,,run
2026-08-02T04:14:55+03:00,1785633295,8161,72,3,29.5,43.6,,run
2026-08-02T04:15:00+03:00,1785633300,8166,72,3,29.5,37.4,,run
2026-08-02T04:15:06+03:00,1785633306,8172,72,3,29.5,36.4,,run
2026-08-02T04:15:11+03:00,1785633311,8177,72,3,29.5,36.1,,run
2026-08-02T04:15:17+03:00,1785633317,8183,72,3,29.5,40.5,,run
2026-08-02T04:15:22+03:00,1785633322,8188,72,3,29.5,37.4,,run
2026-08-02T04:15:27+03:00,1785633327,8193,72,3,29.5,36.1,,run
2026-08-02T04:15:33+03:00,1785633333,8199,72,3,29.5,48.8,,run
2026-08-02T04:15:38+03:00,1785633338,8204,72,3,29.5,38.3,,run
2026-08-02T04:15:44+03:00,1785633344,8210,72,3,29.5,37.7,,run
2026-08-02T04:15:49+03:00,1785633349,8215,72,3,29.5,38.9,,run
2026-08-02T04:15:54+03:00,1785633354,8220,72,3,29.5,41.1,,run
2026-08-02T04:16:00+03:00,1785633360,8226,72,3,29.5,37.7,,run
2026-08-02T04:16:05+03:00,1785633365,8231,72,3,29.5,36.4,,run
2026-08-02T04:16:11+03:00,1785633371,8237,72,3,29.5,36.8,,run
2026-08-02T04:16:16+03:00,1785633376,8242,72,3,29.5,36.4,,run
2026-08-02T04:16:22+03:00,1785633382,8248,72,3,29.5,38.6,,run
2026-08-02T04:16:27+03:00,1785633387,8253,72,3,29.5,40.2,,run
2026-08-02T04:16:32+03:00,1785633392,8258,72,3,29.5,36.8,,run
2026-08-02T04:16:38+03:00,1785633398,8264,72,3,29.5,37.1,,run
2026-08-02T04:16:43+03:00,1785633403,8269,72,3,29.5,37.4,,run
2026-08-02T04:16:49+03:00,1785633409,8275,72,3,29.5,49.7,,run
2026-08-02T04:16:54+03:00,1785633414,8280,72,3,29.5,40.5,,run
2026-08-02T04:17:00+03:00,1785633420,8286,72,3,29.5,36.8,,run
2026-08-02T04:17:05+03:00,1785633425,8291,72,3,29.5,36.1,,run
2026-08-02T04:17:11+03:00,1785633431,8297,72,3,29.5,38.3,,run
2026-08-02T04:17:16+03:00,1785633436,8302,72,3,29.5,44.2,,run
2026-08-02T04:17:22+03:00,1785633442,8308,72,3,29.5,38.0,,run
2026-08-02T04:17:27+03:00,1785633447,8313,72,3,29.5,37.4,,run
2026-08-02T04:17:33+03:00,1785633453,8319,72,3,29.5,37.4,,run
2026-08-02T04:17:38+03:00,1785633458,8324,72,3,29.5,36.4,,run
2026-08-02T04:17:44+03:00,1785633464,8330,72,3,29.5,40.2,,run
2026-08-02T04:17:49+03:00,1785633469,8335,72,3,29.5,38.6,,run
2026-08-02T04:17:54+03:00,1785633474,8340,72,3,29.5,37.1,,run
2026-08-02T04:18:00+03:00,1785633480,8346,72,3,29.5,36.8,,run
2026-08-02T04:18:05+03:00,1785633485,8351,72,3,29.5,36.8,,run
2026-08-02T04:18:11+03:00,1785633491,8357,71,3,29.4,37.4,,run
2026-08-02T04:18:16+03:00,1785633496,8362,71,3,29.4,40.8,,run
2026-08-02T04:18:21+03:00,1785633501,8367,71,3,29.4,37.4,,run
2026-08-02T04:18:27+03:00,1785633507,8373,71,3,29.4,45.4,,run
2026-08-02T04:18:32+03:00,1785633512,8378,71,3,29.4,46.3,,run
2026-08-02T04:18:38+03:00,1785633518,8384,71,3,29.4,46.0,,run
2026-08-02T04:18:43+03:00,1785633523,8389,71,3,29.4,40.5,,run
2026-08-02T04:18:48+03:00,1785633528,8394,71,3,29.4,40.5,,run
2026-08-02T04:18:54+03:00,1785633534,8400,71,3,29.6,39.2,,run
2026-08-02T04:18:59+03:00,1785633539,8405,71,3,29.6,36.4,,run
2026-08-02T04:19:05+03:00,1785633545,8411,71,3,29.6,36.8,,run
2026-08-02T04:19:10+03:00,1785633550,8416,71,3,29.6,36.4,,run
2026-08-02T04:19:15+03:00,1785633555,8421,71,3,29.6,49.4,,run
2026-08-02T04:19:21+03:00,1785633561,8427,71,3,29.6,40.8,,run
2026-08-02T04:19:26+03:00,1785633566,8432,71,3,29.6,42.6,,run
2026-08-02T04:19:31+03:00,1785633571,8437,71,3,29.6,37.7,,run
2026-08-02T04:19:37+03:00,1785633577,8443,71,3,29.6,37.4,,run
2026-08-02T04:19:42+03:00,1785633582,8448,71,3,29.6,36.8,,run
2026-08-02T04:19:48+03:00,1785633588,8454,71,3,29.6,36.4,,run
2026-08-02T04:19:53+03:00,1785633593,8459,71,3,29.6,39.2,,run
2026-08-02T04:19:59+03:00,1785633599,8465,71,3,29.6,40.8,,run
2026-08-02T04:20:04+03:00,1785633604,8470,71,3,29.6,37.4,,run
2026-08-02T04:20:10+03:00,1785633610,8476,71,3,29.6,37.1,,run
2026-08-02T04:20:15+03:00,1785633615,8481,71,3,29.6,37.1,,run
2026-08-02T04:20:20+03:00,1785633620,8486,71,3,29.6,36.8,,run
2026-08-02T04:20:26+03:00,1785633626,8492,71,3,29.6,39.5,,run
2026-08-02T04:20:31+03:00,1785633631,8497,71,3,29.6,53.1,,run
2026-08-02T04:20:37+03:00,1785633637,8503,71,3,29.6,37.7,,run
2026-08-02T04:20:42+03:00,1785633642,8508,71,3,29.6,37.4,,run
2026-08-02T04:20:48+03:00,1785633648,8514,71,3,29.6,36.4,,run
2026-08-02T04:20:53+03:00,1785633653,8519,71,3,29.6,36.1,,run
2026-08-02T04:20:59+03:00,1785633659,8525,71,3,29.6,35.8,,run
2026-08-02T04:21:04+03:00,1785633664,8530,71,3,29.6,37.7,,run
2026-08-02T04:21:10+03:00,1785633670,8536,71,3,29.6,36.1,,run
2026-08-02T04:21:15+03:00,1785633675,8541,71,3,29.6,50.1,,run
2026-08-02T04:21:21+03:00,1785633681,8547,71,3,29.6,38.0,,run
2026-08-02T04:21:26+03:00,1785633686,8552,71,3,29.6,38.9,,run
2026-08-02T04:21:32+03:00,1785633692,8558,71,3,29.6,42.3,,run
2026-08-02T04:21:37+03:00,1785633697,8563,71,3,29.6,37.7,,run
2026-08-02T04:21:42+03:00,1785633702,8568,71,3,29.6,37.1,,run
2026-08-02T04:21:48+03:00,1785633708,8574,71,3,29.6,36.8,,run
2026-08-02T04:21:53+03:00,1785633713,8579,71,3,29.6,36.1,,run
2026-08-02T04:21:59+03:00,1785633719,8585,71,3,29.6,39.2,,run
2026-08-02T04:22:04+03:00,1785633724,8590,71,3,29.6,40.5,,run
2026-08-02T04:22:10+03:00,1785633730,8596,71,3,29.6,37.4,,run
2026-08-02T04:22:15+03:00,1785633735,8601,71,3,29.6,36.8,,run
2026-08-02T04:22:20+03:00,1785633740,8606,71,3,29.6,36.1,,run
2026-08-02T04:22:26+03:00,1785633746,8612,71,3,29.6,36.8,,run
2026-08-02T04:22:31+03:00,1785633751,8617,71,3,29.6,47.9,,run
2026-08-02T04:22:37+03:00,1785633757,8623,71,3,29.6,37.7,,run
2026-08-02T04:22:43+03:00,1785633763,8629,71,3,29.6,37.1,,run
2026-08-02T04:22:48+03:00,1785633768,8634,71,3,29.6,36.1,,run
2026-08-02T04:22:54+03:00,1785633774,8640,71,3,29.6,35.8,,run
2026-08-02T04:22:59+03:00,1785633779,8645,71,3,29.6,35.5,,run
2026-08-02T04:23:05+03:00,1785633785,8651,71,3,29.6,35.8,,run
2026-08-02T04:23:10+03:00,1785633790,8656,71,3,29.6,38.9,,run
2026-08-02T04:23:15+03:00,1785633795,8661,71,3,29.6,39.2,,run
2026-08-02T04:23:21+03:00,1785633801,8667,71,3,29.6,41.1,,run
2026-08-02T04:23:26+03:00,1785633806,8672,71,3,29.6,37.4,,run
2026-08-02T04:23:32+03:00,1785633812,8678,71,3,29.6,37.1,,run
2026-08-02T04:23:37+03:00,1785633817,8683,71,3,29.6,36.8,,run
2026-08-02T04:23:43+03:00,1785633823,8689,71,3,29.6,39.2,,run
2026-08-02T04:23:48+03:00,1785633828,8694,71,3,29.6,41.7,,run
2026-08-02T04:23:53+03:00,1785633833,8699,71,3,29.6,37.1,,run
2026-08-02T04:23:59+03:00,1785633839,8705,71,3,29.6,36.8,,run
2026-08-02T04:24:04+03:00,1785633844,8710,71,3,29.6,36.1,,run
2026-08-02T04:24:10+03:00,1785633850,8716,71,3,29.6,36.4,,run
2026-08-02T04:24:15+03:00,1785633855,8721,71,3,29.6,39.2,,run
2026-08-02T04:24:21+03:00,1785633861,8727,71,3,29.6,39.8,,run
2026-08-02T04:24:26+03:00,1785633866,8732,71,3,29.6,37.4,,run
2026-08-02T04:24:31+03:00,1785633871,8737,71,3,29.6,44.8,,run
2026-08-02T04:24:37+03:00,1785633877,8743,71,3,29.6,41.4,,run
2026-08-02T04:24:42+03:00,1785633882,8748,71,3,29.6,38.9,,run
2026-08-02T04:24:48+03:00,1785633888,8754,71,3,29.6,36.1,,run
2026-08-02T04:24:53+03:00,1785633893,8759,71,3,29.6,35.8,,run
2026-08-02T04:24:59+03:00,1785633899,8765,71,3,29.6,36.1,,run
2026-08-02T04:25:04+03:00,1785633904,8770,71,3,29.6,36.1,,run
2026-08-02T04:25:10+03:00,1785633910,8776,71,3,29.6,36.4,,run
2026-08-02T04:25:15+03:00,1785633915,8781,71,3,29.6,37.7,,run
2026-08-02T04:25:21+03:00,1785633921,8787,71,3,29.6,47.0,,run
2026-08-02T04:25:26+03:00,1785633926,8792,71,3,29.6,37.7,,run
2026-08-02T04:25:32+03:00,1785633932,8798,71,3,29.6,37.7,,run
2026-08-02T04:25:37+03:00,1785633937,8803,71,3,29.6,38.6,,run
2026-08-02T04:25:42+03:00,1785633942,8808,71,3,29.6,41.4,,run
2026-08-02T04:25:48+03:00,1785633948,8814,71,3,29.6,37.4,,run
2026-08-02T04:25:53+03:00,1785633953,8819,71,3,29.6,36.8,,run
2026-08-02T04:25:59+03:00,1785633959,8825,71,3,29.6,36.1,,run
2026-08-02T04:26:04+03:00,1785633964,8830,71,3,29.6,35.8,,run
2026-08-02T04:26:10+03:00,1785633970,8836,71,3,29.6,38.6,,run
2026-08-02T04:26:15+03:00,1785633975,8841,71,3,29.6,40.2,,run
2026-08-02T04:26:20+03:00,1785633980,8846,71,3,29.6,37.4,,run
2026-08-02T04:26:26+03:00,1785633986,8852,71,3,29.6,37.1,,run
2026-08-02T04:26:31+03:00,1785633991,8857,71,3,29.6,41.1,,run
2026-08-02T04:26:37+03:00,1785633997,8863,71,3,29.6,48.5,,run
2026-08-02T04:26:42+03:00,1785634002,8868,71,3,29.6,43.2,,run
2026-08-02T04:26:47+03:00,1785634007,8873,71,3,29.6,36.8,,run
2026-08-02T04:26:53+03:00,1785634013,8879,71,3,29.6,36.8,,run
2026-08-02T04:26:58+03:00,1785634018,8884,71,3,29.6,45.1,,run
2026-08-02T04:27:04+03:00,1785634024,8890,71,3,29.6,39.8,,run
2026-08-02T04:27:09+03:00,1785634029,8895,71,3,29.6,36.8,,run
2026-08-02T04:27:15+03:00,1785634035,8901,71,3,29.6,36.1,,run
2026-08-02T04:27:20+03:00,1785634040,8906,71,3,29.6,38.9,,run
2026-08-02T04:27:26+03:00,1785634046,8912,71,3,29.6,38.3,,run
2026-08-02T04:27:31+03:00,1785634051,8917,71,3,29.6,36.8,,run
2026-08-02T04:27:36+03:00,1785634056,8922,71,3,29.6,37.4,,run
2026-08-02T04:27:42+03:00,1785634062,8928,71,3,29.6,36.1,,run
2026-08-02T04:27:47+03:00,1785634067,8933,71,3,29.6,37.4,,run
2026-08-02T04:27:53+03:00,1785634073,8939,71,3,29.6,40.2,,run
2026-08-02T04:27:58+03:00,1785634078,8944,71,3,29.6,37.4,,run
2026-08-02T04:28:04+03:00,1785634084,8950,71,3,29.6,37.4,,run
2026-08-02T04:28:09+03:00,1785634089,8955,71,3,29.6,36.1,,run
2026-08-02T04:28:14+03:00,1785634094,8960,71,3,29.6,39.2,,run
2026-08-02T04:28:20+03:00,1785634100,8966,71,3,29.6,39.5,,run
2026-08-02T04:28:25+03:00,1785634105,8971,71,3,29.6,38.3,,run
2026-08-02T04:28:31+03:00,1785634111,8977,71,3,29.6,36.1,,run
2026-08-02T04:28:36+03:00,1785634116,8982,71,3,29.6,36.1,,run
2026-08-02T04:28:42+03:00,1785634122,8988,71,3,29.6,50.1,,run
2026-08-02T04:28:47+03:00,1785634127,8993,71,3,29.6,42.9,,run
2026-08-02T04:28:53+03:00,1785634133,8999,71,3,29.3,37.7,,run
2026-08-02T04:28:58+03:00,1785634138,9004,71,3,29.3,37.1,,run
2026-08-02T04:29:03+03:00,1785634143,9009,71,3,29.3,37.1,,run
2026-08-02T04:29:09+03:00,1785634149,9015,71,3,29.3,36.1,,run
2026-08-02T04:29:14+03:00,1785634154,9020,71,3,29.3,38.9,,run
2026-08-02T04:29:20+03:00,1785634160,9026,71,3,29.3,40.8,,run
2026-08-02T04:29:25+03:00,1785634165,9031,71,3,29.3,36.8,,run
2026-08-02T04:29:31+03:00,1785634171,9037,71,3,29.3,41.4,,run
2026-08-02T04:29:36+03:00,1785634176,9042,71,3,29.3,37.1,,run
2026-08-02T04:29:41+03:00,1785634181,9047,71,3,29.3,36.8,,run
2026-08-02T04:29:47+03:00,1785634187,9053,71,3,29.3,38.6,,run
2026-08-02T04:29:52+03:00,1785634192,9058,71,3,29.3,40.5,,run
2026-08-02T04:29:58+03:00,1785634198,9064,70,3,29.3,47.3,,run
2026-08-02T04:30:03+03:00,1785634203,9069,70,3,29.3,38.3,,run
2026-08-02T04:30:09+03:00,1785634209,9075,70,3,29.3,37.4,,run
2026-08-02T04:30:14+03:00,1785634214,9080,70,3,29.3,36.1,,run
2026-08-02T04:30:20+03:00,1785634220,9086,70,3,29.3,36.4,,run
2026-08-02T04:30:25+03:00,1785634225,9091,70,3,29.3,36.1,,run
2026-08-02T04:30:31+03:00,1785634231,9097,70,3,29.3,36.1,,run
2026-08-02T04:30:36+03:00,1785634236,9102,70,3,29.3,38.6,,run
2026-08-02T04:30:41+03:00,1785634241,9107,70,3,29.3,38.6,,run
2026-08-02T04:30:47+03:00,1785634247,9113,70,3,29.3,46.7,,run
2026-08-02T04:30:52+03:00,1785634252,9118,70,3,29.3,38.3,,run
2026-08-02T04:30:57+03:00,1785634257,9123,70,3,29.3,37.1,,run
2026-08-02T04:31:03+03:00,1785634263,9129,70,3,29.3,37.1,,run
2026-08-02T04:31:08+03:00,1785634268,9134,70,3,29.3,36.8,,run
2026-08-02T04:31:14+03:00,1785634274,9140,70,3,29.3,39.5,,run
2026-08-02T04:31:19+03:00,1785634279,9145,70,3,29.3,39.5,,run
2026-08-02T04:31:25+03:00,1785634285,9151,70,3,29.3,37.1,,run
2026-08-02T04:31:30+03:00,1785634290,9156,70,3,29.3,37.1,,run
2026-08-02T04:31:36+03:00,1785634296,9162,70,3,29.3,36.1,,run
2026-08-02T04:31:41+03:00,1785634301,9167,70,3,29.3,36.1,,run
2026-08-02T04:31:46+03:00,1785634306,9172,70,3,29.3,40.2,,run
2026-08-02T04:31:52+03:00,1785634312,9178,70,3,29.3,38.3,,run
2026-08-02T04:31:57+03:00,1785634317,9183,70,3,29.3,43.9,,run
2026-08-02T04:32:03+03:00,1785634323,9189,70,3,29.3,40.5,,run
2026-08-02T04:32:08+03:00,1785634328,9194,70,3,29.3,37.7,,run
2026-08-02T04:32:14+03:00,1785634334,9200,70,3,29.3,36.8,,run
2026-08-02T04:32:19+03:00,1785634339,9205,70,3,29.3,36.1,,run
2026-08-02T04:32:25+03:00,1785634345,9211,70,3,29.3,35.8,,run
2026-08-02T04:32:30+03:00,1785634350,9216,70,3,29.3,35.8,,run
2026-08-02T04:32:35+03:00,1785634355,9221,70,3,29.3,39.2,,run
2026-08-02T04:32:41+03:00,1785634361,9227,70,3,29.3,37.1,,run
2026-08-02T04:32:46+03:00,1785634366,9232,70,3,29.3,50.1,,run
2026-08-02T04:32:52+03:00,1785634372,9238,70,3,29.3,37.7,,run
2026-08-02T04:32:57+03:00,1785634377,9243,70,3,29.3,36.8,,run
2026-08-02T04:33:03+03:00,1785634383,9249,70,3,29.3,37.1,,run
2026-08-02T04:33:08+03:00,1785634388,9254,70,3,29.3,40.5,,run
2026-08-02T04:33:13+03:00,1785634393,9259,70,3,29.3,38.6,,run
2026-08-02T04:33:19+03:00,1785634399,9265,70,3,29.3,37.4,,run
2026-08-02T04:33:24+03:00,1785634404,9270,70,3,29.3,36.8,,run
2026-08-02T04:33:30+03:00,1785634410,9276,70,3,29.3,37.1,,run
2026-08-02T04:33:35+03:00,1785634415,9281,70,3,29.3,37.4,,run
2026-08-02T04:33:41+03:00,1785634421,9287,70,3,29.3,40.5,,run
2026-08-02T04:33:46+03:00,1785634426,9292,70,3,29.3,37.1,,run
2026-08-02T04:33:51+03:00,1785634431,9297,70,3,29.3,37.4,,run
2026-08-02T04:33:57+03:00,1785634437,9303,70,3,29.3,36.4,,run
2026-08-02T04:34:02+03:00,1785634442,9308,70,3,29.3,49.1,,run
2026-08-02T04:34:08+03:00,1785634448,9314,70,3,29.3,40.8,,run
2026-08-02T04:34:13+03:00,1785634453,9319,70,3,29.3,36.8,,run
2026-08-02T04:34:19+03:00,1785634459,9325,70,3,29.3,36.1,,run
2026-08-02T04:34:24+03:00,1785634464,9330,70,3,29.3,35.2,,run
2026-08-02T04:34:30+03:00,1785634470,9336,70,3,29.3,35.8,,run
2026-08-02T04:34:35+03:00,1785634475,9341,70,3,29.3,36.1,,run
2026-08-02T04:34:41+03:00,1785634481,9347,70,3,29.3,35.8,,run
2026-08-02T04:34:46+03:00,1785634486,9352,70,3,29.3,50.7,,run
2026-08-02T04:34:52+03:00,1785634492,9358,70,3,29.3,41.1,,run
2026-08-02T04:34:57+03:00,1785634497,9363,70,3,29.3,41.7,,run
2026-08-02T04:35:02+03:00,1785634502,9368,70,3,29.3,38.6,,run
2026-08-02T04:35:08+03:00,1785634508,9374,70,3,29.3,38.3,,run
2026-08-02T04:35:13+03:00,1785634513,9379,70,3,29.3,37.1,,run
2026-08-02T04:35:19+03:00,1785634519,9385,70,3,29.3,39.2,,run
2026-08-02T04:35:24+03:00,1785634524,9390,70,3,29.3,40.5,,run
2026-08-02T04:35:29+03:00,1785634529,9395,70,3,29.3,40.2,,run
2026-08-02T04:35:35+03:00,1785634535,9401,70,3,29.3,40.8,,run
2026-08-02T04:35:40+03:00,1785634540,9406,70,3,29.3,38.0,,run
2026-08-02T04:35:45+03:00,1785634545,9411,70,3,29.3,36.8,,run
2026-08-02T04:35:51+03:00,1785634551,9417,70,3,29.3,38.6,,run
2026-08-02T04:35:56+03:00,1785634556,9422,70,3,29.3,40.5,,run
2026-08-02T04:36:02+03:00,1785634562,9428,70,3,29.3,47.9,,run
2026-08-02T04:36:07+03:00,1785634567,9433,70,3,29.3,38.6,,run
2026-08-02T04:36:13+03:00,1785634573,9439,70,3,29.3,37.4,,run
2026-08-02T04:36:18+03:00,1785634578,9444,70,3,29.3,36.4,,run
2026-08-02T04:36:24+03:00,1785634584,9450,70,3,29.3,37.1,,run
2026-08-02T04:36:29+03:00,1785634589,9455,70,3,29.3,36.1,,run
2026-08-02T04:36:35+03:00,1785634595,9461,70,3,29.3,36.1,,run
2026-08-02T04:36:40+03:00,1785634600,9466,70,3,29.3,37.7,,run
2026-08-02T04:36:46+03:00,1785634606,9472,70,3,29.3,41.4,,run
2026-08-02T04:36:51+03:00,1785634611,9477,70,3,29.3,40.5,,run
2026-08-02T04:36:56+03:00,1785634616,9482,70,3,29.3,38.0,,run
2026-08-02T04:37:02+03:00,1785634622,9488,70,3,29.3,37.1,,run
2026-08-02T04:37:07+03:00,1785634627,9493,70,3,29.3,37.7,,run
2026-08-02T04:37:13+03:00,1785634633,9499,70,3,29.3,38.9,,run
2026-08-02T04:37:18+03:00,1785634638,9504,70,3,29.3,40.8,,run
2026-08-02T04:37:23+03:00,1785634643,9509,70,3,29.3,37.1,,run
2026-08-02T04:37:29+03:00,1785634649,9515,70,3,29.3,36.4,,run
2026-08-02T04:37:34+03:00,1785634654,9520,70,3,29.3,37.1,,run
2026-08-02T04:37:40+03:00,1785634660,9526,70,3,29.3,36.1,,run
2026-08-02T04:37:45+03:00,1785634665,9531,70,3,29.3,38.9,,run
2026-08-02T04:37:51+03:00,1785634671,9537,70,3,29.3,39.8,,run
2026-08-02T04:37:56+03:00,1785634676,9542,70,3,29.3,37.1,,run
2026-08-02T04:38:01+03:00,1785634681,9547,70,3,29.3,40.2,,run
2026-08-02T04:38:07+03:00,1785634687,9553,70,3,29.3,39.8,,run
2026-08-02T04:38:12+03:00,1785634692,9558,70,3,29.3,38.6,,run
2026-08-02T04:38:18+03:00,1785634698,9564,70,3,29.3,36.1,,run
2026-08-02T04:38:23+03:00,1785634703,9569,70,3,29.3,36.1,,run
2026-08-02T04:38:29+03:00,1785634709,9575,70,3,29.3,36.1,,run
2026-08-02T04:38:34+03:00,1785634714,9580,70,3,29.3,36.1,,run
2026-08-02T04:38:40+03:00,1785634720,9586,70,3,29.3,36.1,,run
2026-08-02T04:38:45+03:00,1785634725,9591,70,3,29.3,37.7,,run
2026-08-02T04:38:51+03:00,1785634731,9597,70,3,29.3,42.9,,run
2026-08-02T04:38:56+03:00,1785634736,9602,70,3,29.4,42.0,,run
2026-08-02T04:39:02+03:00,1785634742,9608,70,3,29.4,39.8,,run
2026-08-02T04:39:07+03:00,1785634747,9613,70,3,29.4,42.0,,run
2026-08-02T04:39:12+03:00,1785634752,9618,70,3,29.4,38.6,,run
2026-08-02T04:39:18+03:00,1785634758,9624,70,3,29.4,38.0,,run
2026-08-02T04:39:23+03:00,1785634763,9629,70,3,29.4,39.5,,run
2026-08-02T04:39:29+03:00,1785634769,9635,70,3,29.4,41.7,,run
2026-08-02T04:39:34+03:00,1785634774,9640,70,3,29.4,38.3,,run
2026-08-02T04:39:39+03:00,1785634779,9645,70,3,29.4,41.7,,run
2026-08-02T04:39:45+03:00,1785634785,9651,70,3,29.4,38.3,,run
2026-08-02T04:39:50+03:00,1785634790,9656,70,3,29.4,37.7,,run
2026-08-02T04:39:56+03:00,1785634796,9662,70,3,29.4,38.9,,run
2026-08-02T04:40:01+03:00,1785634801,9667,70,3,29.4,44.5,,run
2026-08-02T04:40:06+03:00,1785634806,9672,70,3,29.4,47.0,,run
2026-08-02T04:40:12+03:00,1785634812,9678,70,3,29.4,44.2,,run
2026-08-02T04:40:17+03:00,1785634817,9683,70,3,29.4,36.8,,run
2026-08-02T04:40:23+03:00,1785634823,9689,70,3,29.4,35.8,,run
2026-08-02T04:40:28+03:00,1785634828,9694,70,3,29.4,36.1,,run
2026-08-02T04:40:33+03:00,1785634833,9699,70,3,29.4,35.8,,run
2026-08-02T04:40:39+03:00,1785634839,9705,69,3,29.4,36.1,,run
2026-08-02T04:40:44+03:00,1785634844,9710,69,3,29.4,37.7,,run
2026-08-02T04:40:50+03:00,1785634850,9716,69,3,29.4,50.4,,run
2026-08-02T04:40:55+03:00,1785634855,9721,69,3,29.4,42.6,,run
2026-08-02T04:41:01+03:00,1785634861,9727,69,3,29.4,38.0,,run
2026-08-02T04:41:06+03:00,1785634866,9732,69,3,29.4,36.8,,run
2026-08-02T04:41:12+03:00,1785634872,9738,69,3,29.4,37.4,,run
2026-08-02T04:41:17+03:00,1785634877,9743,69,3,29.4,37.1,,run
2026-08-02T04:41:23+03:00,1785634883,9749,69,3,29.4,38.6,,run
2026-08-02T04:41:28+03:00,1785634888,9754,69,3,29.4,38.3,,run
2026-08-02T04:41:33+03:00,1785634893,9759,69,3,29.4,37.1,,run
2026-08-02T04:41:39+03:00,1785634899,9765,69,3,29.4,37.1,,run
2026-08-02T04:41:44+03:00,1785634904,9770,69,3,29.4,36.4,,run
2026-08-02T04:41:50+03:00,1785634910,9776,69,3,29.4,36.4,,run
2026-08-02T04:41:55+03:00,1785634915,9781,69,3,29.4,39.8,,run
2026-08-02T04:42:01+03:00,1785634921,9787,69,3,29.4,37.7,,run
2026-08-02T04:42:06+03:00,1785634926,9792,69,3,29.4,48.8,,run
2026-08-02T04:42:12+03:00,1785634932,9798,69,3,29.4,37.4,,run
2026-08-02T04:42:17+03:00,1785634937,9803,69,3,29.4,37.4,,run
2026-08-02T04:42:23+03:00,1785634943,9809,69,3,29.4,35.8,,run
2026-08-02T04:42:28+03:00,1785634948,9814,69,3,29.4,35.8,,run
2026-08-02T04:42:34+03:00,1785634954,9820,69,3,29.4,35.8,,run
2026-08-02T04:42:39+03:00,1785634959,9825,69,3,29.4,38.3,,run
2026-08-02T04:42:44+03:00,1785634964,9830,69,3,29.4,37.7,,run
2026-08-02T04:42:50+03:00,1785634970,9836,69,3,29.4,36.1,,run
2026-08-02T04:42:55+03:00,1785634975,9841,69,3,29.4,49.4,,run
2026-08-02T04:43:01+03:00,1785634981,9847,69,3,29.4,39.2,,run
2026-08-02T04:43:06+03:00,1785634986,9852,69,3,29.4,37.1,,run
2026-08-02T04:43:12+03:00,1785634992,9858,69,3,29.4,37.4,,run
2026-08-02T04:43:17+03:00,1785634997,9863,69,3,29.4,40.2,,run
2026-08-02T04:43:23+03:00,1785635003,9869,69,3,29.4,38.3,,run
2026-08-02T04:43:28+03:00,1785635008,9874,69,3,29.4,36.8,,run
2026-08-02T04:43:33+03:00,1785635013,9879,69,3,29.4,36.4,,run
2026-08-02T04:43:39+03:00,1785635019,9885,69,3,29.4,36.4,,run
2026-08-02T04:43:44+03:00,1785635024,9890,69,3,29.4,38.0,,run
2026-08-02T04:43:50+03:00,1785635030,9896,69,3,29.4,40.5,,run
2026-08-02T04:43:55+03:00,1785635035,9901,69,3,29.4,37.1,,run
2026-08-02T04:44:01+03:00,1785635041,9907,69,3,29.4,36.1,,run
2026-08-02T04:44:06+03:00,1785635046,9912,69,3,29.4,36.4,,run
2026-08-02T04:44:12+03:00,1785635052,9918,69,3,29.4,47.0,,run
2026-08-02T04:44:17+03:00,1785635057,9923,69,3,29.4,38.3,,run
2026-08-02T04:44:22+03:00,1785635062,9928,69,3,29.4,38.0,,run
2026-08-02T04:44:28+03:00,1785635068,9934,69,3,29.4,36.1,,run
2026-08-02T04:44:33+03:00,1785635073,9939,69,3,29.4,35.5,,run
2026-08-02T04:44:39+03:00,1785635079,9945,69,3,29.4,35.8,,run
2026-08-02T04:44:44+03:00,1785635084,9950,69,3,29.4,35.5,,run
2026-08-02T04:44:50+03:00,1785635090,9956,69,3,29.4,39.2,,run
2026-08-02T04:44:55+03:00,1785635095,9961,69,3,29.4,36.1,,run
2026-08-02T04:45:01+03:00,1785635101,9967,69,3,29.4,48.5,,run
2026-08-02T04:45:06+03:00,1785635106,9972,69,3,29.4,38.0,,run
2026-08-02T04:45:11+03:00,1785635111,9977,69,3,29.4,37.1,,run
2026-08-02T04:45:17+03:00,1785635117,9983,69,3,29.4,37.4,,run
2026-08-02T04:45:22+03:00,1785635122,9988,69,3,29.4,37.7,,run
2026-08-02T04:45:28+03:00,1785635128,9994,69,3,29.4,40.8,,run
2026-08-02T04:45:33+03:00,1785635133,9999,69,3,29.4,37.4,,run
2026-08-02T04:45:39+03:00,1785635139,10005,69,3,29.4,36.4,,run
2026-08-02T04:45:44+03:00,1785635144,10010,69,3,29.4,37.1,,run
2026-08-02T04:45:49+03:00,1785635149,10015,69,3,29.4,37.1,,run
2026-08-02T04:45:55+03:00,1785635155,10021,69,3,29.4,38.3,,run
2026-08-02T04:46:00+03:00,1785635160,10026,69,3,29.4,40.2,,run
2026-08-02T04:46:06+03:00,1785635166,10032,69,3,29.4,37.1,,run
2026-08-02T04:46:11+03:00,1785635171,10037,69,3,29.4,36.8,,run
2026-08-02T04:46:17+03:00,1785635177,10043,69,3,29.4,48.8,,run
2026-08-02T04:46:22+03:00,1785635182,10048,69,3,29.4,37.1,,run
2026-08-02T04:46:28+03:00,1785635188,10054,69,3,29.4,37.1,,run
2026-08-02T04:46:33+03:00,1785635193,10059,69,3,29.4,35.8,,run
2026-08-02T04:46:39+03:00,1785635199,10065,69,3,29.4,36.1,,run
2026-08-02T04:46:44+03:00,1785635204,10070,69,3,29.4,34.9,,run
2026-08-02T04:46:50+03:00,1785635210,10076,69,3,29.4,36.4,,run
2026-08-02T04:46:55+03:00,1785635215,10081,69,3,29.4,36.4,,run
2026-08-02T04:47:01+03:00,1785635221,10087,69,3,29.4,47.9,,run
2026-08-02T04:47:06+03:00,1785635226,10092,69,3,29.4,38.0,,run
2026-08-02T04:47:12+03:00,1785635232,10098,69,3,29.4,38.9,,run
2026-08-02T04:47:17+03:00,1785635237,10103,69,3,29.4,40.8,,run
2026-08-02T04:47:22+03:00,1785635242,10108,69,3,29.4,36.1,,run
2026-08-02T04:47:28+03:00,1785635248,10114,69,3,29.4,37.1,,run
2026-08-02T04:47:33+03:00,1785635253,10119,69,3,29.4,36.8,,run
2026-08-02T04:47:39+03:00,1785635259,10125,69,3,29.4,35.8,,run
2026-08-02T04:47:44+03:00,1785635264,10130,69,3,29.4,37.7,,run
2026-08-02T04:47:50+03:00,1785635270,10136,69,3,29.4,39.8,,run
2026-08-02T04:47:55+03:00,1785635275,10141,69,3,29.4,36.4,,run
2026-08-02T04:48:00+03:00,1785635280,10146,69,3,29.4,36.1,,run
2026-08-02T04:48:06+03:00,1785635286,10152,69,3,29.4,35.8,,run
2026-08-02T04:48:11+03:00,1785635291,10157,69,3,29.4,36.1,,run
2026-08-02T04:48:17+03:00,1785635297,10163,69,3,29.4,38.3,,run
2026-08-02T04:48:22+03:00,1785635302,10168,69,3,29.4,37.1,,run
2026-08-02T04:48:27+03:00,1785635307,10173,69,3,29.4,35.5,,run
2026-08-02T04:48:33+03:00,1785635313,10179,69,3,29.4,35.5,,run
2026-08-02T04:48:38+03:00,1785635318,10184,69,3,29.4,35.2,,run
2026-08-02T04:48:44+03:00,1785635324,10190,69,3,29.4,35.5,,run
2026-08-02T04:48:49+03:00,1785635329,10195,69,3,29.4,38.3,,run
2026-08-02T04:48:55+03:00,1785635335,10201,69,3,29.2,38.6,,run
2026-08-02T04:49:00+03:00,1785635340,10206,69,3,29.2,35.5,,run
2026-08-02T04:49:05+03:00,1785635345,10211,69,3,29.2,35.8,,run
2026-08-02T04:49:11+03:00,1785635351,10217,69,3,29.2,35.2,,run
2026-08-02T04:49:16+03:00,1785635356,10222,69,3,29.2,35.8,,run
2026-08-02T04:49:22+03:00,1785635362,10228,69,3,29.2,38.3,,run
2026-08-02T04:49:27+03:00,1785635367,10233,69,3,29.2,35.8,,run
2026-08-02T04:49:33+03:00,1785635373,10239,69,3,29.2,35.5,,run
2026-08-02T04:49:38+03:00,1785635378,10244,69,3,29.2,35.8,,run
2026-08-02T04:49:43+03:00,1785635383,10249,69,3,29.2,35.8,,run
2026-08-02T04:49:49+03:00,1785635389,10255,69,3,29.2,36.1,,run
2026-08-02T04:49:54+03:00,1785635394,10260,69,3,29.2,39.2,,run
2026-08-02T04:50:00+03:00,1785635400,10266,69,3,29.2,36.1,,run
2026-08-02T04:50:05+03:00,1785635405,10271,69,3,29.2,35.8,,run
2026-08-02T04:50:11+03:00,1785635411,10277,69,3,29.2,35.2,,run
2026-08-02T04:50:16+03:00,1785635416,10282,69,3,29.2,35.2,,run
2026-08-02T04:50:21+03:00,1785635421,10287,69,3,29.2,36.4,,run
2026-08-02T04:50:27+03:00,1785635427,10293,69,3,29.2,39.5,,run
2026-08-02T04:50:32+03:00,1785635432,10298,69,3,29.2,36.4,,run
2026-08-02T04:50:38+03:00,1785635438,10304,69,3,29.2,36.1,,run
2026-08-02T04:50:43+03:00,1785635443,10309,69,3,29.2,35.5,,run
2026-08-02T04:50:49+03:00,1785635449,10315,69,3,29.2,35.5,,run
2026-08-02T04:50:54+03:00,1785635454,10320,69,3,29.2,37.7,,run
2026-08-02T04:50:59+03:00,1785635459,10325,69,3,29.2,39.8,,run
2026-08-02T04:51:05+03:00,1785635465,10331,69,3,29.2,36.8,,run
2026-08-02T04:51:10+03:00,1785635470,10336,69,3,29.2,35.2,,run
2026-08-02T04:51:16+03:00,1785635476,10342,69,3,29.2,35.8,,run
2026-08-02T04:51:21+03:00,1785635481,10347,69,3,29.2,35.5,,run
2026-08-02T04:51:27+03:00,1785635487,10353,69,3,29.2,47.3,,run
2026-08-02T04:51:32+03:00,1785635492,10358,69,3,29.2,36.1,,run
2026-08-02T04:51:38+03:00,1785635498,10364,69,3,29.2,36.4,,run
2026-08-02T04:51:43+03:00,1785635503,10369,69,3,29.2,35.5,,run
2026-08-02T04:51:49+03:00,1785635509,10375,69,3,29.2,34.9,,run
2026-08-02T04:51:54+03:00,1785635514,10380,69,3,29.2,47.9,,run
2026-08-02T04:52:00+03:00,1785635520,10386,69,3,29.2,38.6,,run
2026-08-02T04:52:05+03:00,1785635525,10391,69,3,29.2,37.1,,run
2026-08-02T04:52:10+03:00,1785635530,10396,69,3,29.2,37.4,,run
2026-08-02T04:52:16+03:00,1785635536,10402,69,3,29.2,37.4,,run
2026-08-02T04:52:21+03:00,1785635541,10407,69,3,29.2,38.3,,run
2026-08-02T04:52:27+03:00,1785635547,10413,69,3,29.2,37.7,,run
2026-08-02T04:52:32+03:00,1785635552,10418,69,3,29.2,36.8,,run
2026-08-02T04:52:37+03:00,1785635557,10423,69,3,29.2,36.4,,run
2026-08-02T04:52:43+03:00,1785635563,10429,69,3,29.2,36.4,,run
2026-08-02T04:52:48+03:00,1785635568,10434,69,3,29.2,38.0,,run
2026-08-02T04:52:54+03:00,1785635574,10440,69,3,29.2,40.2,,run
2026-08-02T04:52:59+03:00,1785635579,10445,69,3,29.2,37.1,,run
2026-08-02T04:53:05+03:00,1785635585,10451,69,3,29.2,36.8,,run
2026-08-02T04:53:10+03:00,1785635590,10456,69,3,29.2,47.3,,run
2026-08-02T04:53:16+03:00,1785635596,10462,69,3,29.2,37.4,,run
2026-08-02T04:53:21+03:00,1785635601,10467,69,3,29.2,37.4,,run
2026-08-02T04:53:27+03:00,1785635607,10473,68,3,29.2,36.1,,run
2026-08-02T04:53:32+03:00,1785635612,10478,68,3,29.2,35.8,,run
2026-08-02T04:53:38+03:00,1785635618,10484,68,3,29.2,35.2,,run
2026-08-02T04:53:43+03:00,1785635623,10489,68,3,29.2,35.8,,run
2026-08-02T04:53:48+03:00,1785635628,10494,68,3,29.2,39.2,,run
2026-08-02T04:53:54+03:00,1785635634,10500,68,3,29.2,46.7,,run
2026-08-02T04:53:59+03:00,1785635639,10505,68,3,29.2,40.8,,run
2026-08-02T04:54:05+03:00,1785635645,10511,68,3,29.2,37.1,,run
2026-08-02T04:54:10+03:00,1785635650,10516,68,3,29.2,36.1,,run
2026-08-02T04:54:16+03:00,1785635656,10522,68,3,29.2,38.9,,run
2026-08-02T04:54:21+03:00,1785635661,10527,68,3,29.2,41.4,,run
2026-08-02T04:54:27+03:00,1785635667,10533,68,3,29.2,37.4,,run
2026-08-02T04:54:32+03:00,1785635672,10538,68,3,29.2,36.4,,run
2026-08-02T04:54:38+03:00,1785635678,10544,68,3,29.2,36.1,,run
2026-08-02T04:54:43+03:00,1785635683,10549,68,3,29.2,35.8,,run
2026-08-02T04:54:49+03:00,1785635689,10555,68,3,29.2,40.2,,run
2026-08-02T04:54:54+03:00,1785635694,10560,68,3,29.2,37.7,,run
2026-08-02T04:54:59+03:00,1785635699,10565,68,3,29.2,36.8,,run
2026-08-02T04:55:04+03:00,1785635704,10570,68,3,29.2,36.4,,run
2026-08-02T04:55:10+03:00,1785635710,10576,68,3,29.2,38.0,,run
2026-08-02T04:55:15+03:00,1785635715,10581,68,3,29.2,39.2,,run
2026-08-02T04:55:21+03:00,1785635721,10587,68,3,29.2,37.7,,run
2026-08-02T04:55:26+03:00,1785635726,10592,68,3,29.2,35.8,,run
2026-08-02T04:55:32+03:00,1785635732,10598,68,3,29.2,36.1,,run
2026-08-02T04:55:37+03:00,1785635737,10603,68,3,29.2,35.2,,run
2026-08-02T04:55:43+03:00,1785635743,10609,68,3,29.2,36.4,,run
2026-08-02T04:55:48+03:00,1785635748,10614,68,3,29.2,36.4,,run
2026-08-02T04:55:54+03:00,1785635754,10620,68,3,29.2,37.7,,run
2026-08-02T04:55:59+03:00,1785635759,10625,68,3,29.2,42.9,,run
2026-08-02T04:56:05+03:00,1785635765,10631,68,3,29.2,41.1,,run
2026-08-02T04:56:10+03:00,1785635770,10636,68,3,29.2,38.3,,run
2026-08-02T04:56:15+03:00,1785635775,10641,68,3,29.2,36.8,,run
2026-08-02T04:56:21+03:00,1785635781,10647,68,3,29.2,36.4,,run
2026-08-02T04:56:26+03:00,1785635786,10652,68,3,29.2,36.1,,run
2026-08-02T04:56:32+03:00,1785635792,10658,68,3,29.2,38.3,,run
2026-08-02T04:56:37+03:00,1785635797,10663,68,3,29.2,40.8,,run
2026-08-02T04:56:43+03:00,1785635803,10669,68,3,29.2,36.8,,run
2026-08-02T04:56:48+03:00,1785635808,10674,68,3,29.2,36.8,,run
2026-08-02T04:56:54+03:00,1785635814,10680,68,3,29.2,36.1,,run
2026-08-02T04:56:59+03:00,1785635819,10685,68,3,29.2,36.4,,run
2026-08-02T04:57:05+03:00,1785635825,10691,68,3,29.2,39.8,,run
2026-08-02T04:57:10+03:00,1785635830,10696,68,3,29.2,45.1,,run
2026-08-02T04:57:15+03:00,1785635835,10701,68,3,29.2,46.3,,run
2026-08-02T04:57:21+03:00,1785635841,10707,68,3,29.2,41.7,,run
2026-08-02T04:57:26+03:00,1785635846,10712,68,3,29.2,35.8,,run
2026-08-02T04:57:31+03:00,1785635851,10717,68,3,29.2,35.8,,run
2026-08-02T04:57:37+03:00,1785635857,10723,68,3,29.2,36.1,,run
2026-08-02T04:57:42+03:00,1785635862,10728,68,3,29.2,35.2,,run
2026-08-02T04:57:48+03:00,1785635868,10734,68,3,29.2,35.8,,run
2026-08-02T04:57:53+03:00,1785635873,10739,68,3,29.2,37.7,,run
2026-08-02T04:57:59+03:00,1785635879,10745,68,3,29.2,51.0,,run
2026-08-02T04:58:04+03:00,1785635884,10750,68,3,29.2,42.0,,run
2026-08-02T04:58:10+03:00,1785635890,10756,68,3,29.2,37.7,,run
2026-08-02T04:58:15+03:00,1785635895,10761,68,3,29.2,37.1,,run
2026-08-02T04:58:20+03:00,1785635900,10766,68,3,29.2,36.1,,run
2026-08-02T04:58:26+03:00,1785635906,10772,68,3,29.2,36.8,,run
2026-08-02T04:58:31+03:00,1785635911,10777,68,3,29.2,38.9,,run
2026-08-02T04:58:37+03:00,1785635917,10783,68,3,29.2,40.2,,run
2026-08-02T04:58:42+03:00,1785635922,10788,68,3,29.2,37.1,,run
2026-08-02T04:58:48+03:00,1785635928,10794,68,3,29.2,36.4,,run
2026-08-02T04:58:53+03:00,1785635933,10799,68,3,29.2,35.8,,run
2026-08-02T04:58:59+03:00,1785635939,10805,68,3,29.2,36.4,,run
2026-08-02T04:59:04+03:00,1785635944,10810,68,3,29.2,39.8,,run
2026-08-02T04:59:09+03:00,1785635949,10815,68,3,29.2,37.7,,run
2026-08-02T04:59:15+03:00,1785635955,10821,68,3,29.2,48.5,,run
2026-08-02T04:59:20+03:00,1785635960,10826,68,3,29.2,37.4,,run
2026-08-02T04:59:26+03:00,1785635966,10832,68,3,29.2,37.4,,run
2026-08-02T04:59:31+03:00,1785635971,10837,68,3,29.2,36.1,,run
2026-08-02T04:59:37+03:00,1785635977,10843,68,3,29.2,35.8,,run
2026-08-02T04:59:42+03:00,1785635982,10848,68,3,29.2,35.5,,run
2026-08-02T04:59:48+03:00,1785635988,10854,68,3,29.2,39.5,,run
2026-08-02T04:59:53+03:00,1785635993,10859,68,3,29.2,36.1,,run
2026-08-02T04:59:59+03:00,1785635999,10865,68,3,29.2,49.4,,run
2026-08-02T05:00:04+03:00,1785636004,10870,68,3,29.2,42.0,,run
2026-08-02T05:00:10+03:00,1785636010,10876,68,3,29.2,37.4,,run
2026-08-02T05:00:15+03:00,1785636015,10881,68,3,29.2,38.9,,run
2026-08-02T05:00:20+03:00,1785636020,10886,68,3,29.2,40.5,,run
2026-08-02T05:00:26+03:00,1785636026,10892,68,3,29.2,37.1,,run
2026-08-02T05:00:31+03:00,1785636031,10897,68,3,29.2,36.4,,run
2026-08-02T05:00:37+03:00,1785636037,10903,68,3,29.2,36.4,,run
2026-08-02T05:00:42+03:00,1785636042,10908,68,3,29.2,36.1,,run
2026-08-02T05:00:48+03:00,1785636048,10914,68,3,29.2,38.3,,run
2026-08-02T05:00:53+03:00,1785636053,10919,68,3,29.2,40.8,,run
2026-08-02T05:00:58+03:00,1785636058,10924,68,3,29.2,37.4,,run
2026-08-02T05:01:04+03:00,1785636064,10930,68,3,29.2,36.4,,run
2026-08-02T05:01:09+03:00,1785636069,10935,68,3,29.2,35.8,,run
2026-08-02T05:01:15+03:00,1785636075,10941,68,3,29.2,37.4,,run
2026-08-02T05:01:20+03:00,1785636080,10946,68,3,29.2,38.6,,run
2026-08-02T05:01:26+03:00,1785636086,10952,68,3,29.2,37.7,,run
2026-08-02T05:01:31+03:00,1785636091,10957,68,3,29.2,36.4,,run
2026-08-02T05:01:36+03:00,1785636096,10962,68,3,29.2,36.1,,run
2026-08-02T05:01:42+03:00,1785636102,10968,68,3,29.2,35.8,,run
2026-08-02T05:01:47+03:00,1785636107,10973,68,3,29.2,36.8,,run
2026-08-02T05:01:53+03:00,1785636113,10979,68,3,29.2,36.1,,run
2026-08-02T05:01:58+03:00,1785636118,10984,68,3,29.2,37.4,,run
2026-08-02T05:02:04+03:00,1785636124,10990,68,3,29.2,45.4,,run
2026-08-02T05:02:09+03:00,1785636129,10995,68,3,29.2,39.8,,run
2026-08-02T05:02:15+03:00,1785636135,11001,68,3,29.2,40.2,,run
2026-08-02T05:02:20+03:00,1785636140,11006,68,3,29.2,36.8,,run
2026-08-02T05:02:25+03:00,1785636145,11011,68,3,29.2,37.7,,run
2026-08-02T05:02:31+03:00,1785636151,11017,68,3,29.2,36.4,,run
2026-08-02T05:02:36+03:00,1785636156,11022,68,3,29.2,36.4,,run
2026-08-02T05:02:42+03:00,1785636162,11028,68,3,29.2,38.6,,run
2026-08-02T05:02:47+03:00,1785636167,11033,68,3,29.2,39.8,,run
2026-08-02T05:02:53+03:00,1785636173,11039,68,3,29.2,36.1,,run
2026-08-02T05:02:58+03:00,1785636178,11044,68,3,29.2,36.4,,run
2026-08-02T05:03:03+03:00,1785636183,11049,68,3,29.2,35.8,,run
2026-08-02T05:03:09+03:00,1785636189,11055,68,3,29.2,41.1,,run
2026-08-02T05:03:14+03:00,1785636194,11060,68,3,29.2,41.4,,run
2026-08-02T05:03:20+03:00,1785636200,11066,68,3,29.2,47.9,,run
2026-08-02T05:03:25+03:00,1785636205,11071,68,3,29.2,45.4,,run
2026-08-02T05:03:31+03:00,1785636211,11077,68,3,29.2,36.8,,run
2026-08-02T05:03:36+03:00,1785636216,11082,68,3,29.2,36.4,,run
2026-08-02T05:03:41+03:00,1785636221,11087,68,3,29.2,35.8,,run
2026-08-02T05:03:47+03:00,1785636227,11093,68,3,29.2,36.1,,run
2026-08-02T05:03:52+03:00,1785636232,11098,68,3,29.2,35.5,,run
2026-08-02T05:03:58+03:00,1785636238,11104,68,3,29.2,37.1,,run
2026-08-02T05:04:03+03:00,1785636243,11109,68,3,29.2,50.4,,run
2026-08-02T05:04:09+03:00,1785636249,11115,68,3,29.2,42.6,,run
2026-08-02T05:04:14+03:00,1785636254,11120,68,3,29.2,38.3,,run
2026-08-02T05:04:19+03:00,1785636259,11125,68,3,29.2,37.4,,run
2026-08-02T05:04:25+03:00,1785636265,11131,68,3,29.2,37.4,,run
2026-08-02T05:04:30+03:00,1785636270,11136,68,3,29.2,36.8,,run
2026-08-02T05:04:36+03:00,1785636276,11142,68,3,29.2,38.0,,run
2026-08-02T05:04:41+03:00,1785636281,11147,68,3,29.2,39.5,,run
2026-08-02T05:04:46+03:00,1785636286,11152,68,3,29.2,39.5,,run
2026-08-02T05:04:52+03:00,1785636292,11158,68,3,29.2,36.8,,run
2026-08-02T05:04:57+03:00,1785636297,11163,68,3,29.2,38.0,,run
2026-08-02T05:05:03+03:00,1785636303,11169,68,3,29.2,36.8,,run
2026-08-02T05:05:08+03:00,1785636308,11174,68,3,29.2,36.1,,run
2026-08-02T05:05:14+03:00,1785636314,11180,67,3,29.3,40.2,,run
2026-08-02T05:05:19+03:00,1785636319,11185,67,3,29.3,47.9,,run
2026-08-02T05:05:25+03:00,1785636325,11191,67,3,29.3,38.0,,run
2026-08-02T05:05:30+03:00,1785636330,11196,67,3,29.3,38.3,,run
2026-08-02T05:05:36+03:00,1785636336,11202,67,3,29.3,36.4,,run
2026-08-02T05:05:41+03:00,1785636341,11207,67,3,29.3,35.8,,run
2026-08-02T05:05:47+03:00,1785636347,11213,67,3,29.3,35.8,,run
2026-08-02T05:05:52+03:00,1785636352,11218,67,3,29.3,36.1,,run
2026-08-02T05:05:58+03:00,1785636358,11224,67,3,29.3,38.0,,run
2026-08-02T05:06:03+03:00,1785636363,11229,67,3,29.3,47.3,,run
2026-08-02T05:06:08+03:00,1785636368,11234,67,3,29.3,39.2,,run
2026-08-02T05:06:14+03:00,1785636374,11240,67,3,29.3,37.1,,run
2026-08-02T05:06:19+03:00,1785636379,11245,67,3,29.3,37.1,,run
2026-08-02T05:06:25+03:00,1785636385,11251,67,3,29.3,37.1,,run
2026-08-02T05:06:30+03:00,1785636390,11256,67,3,29.3,40.8,,run
2026-08-02T05:06:36+03:00,1785636396,11262,67,3,29.3,37.1,,run
2026-08-02T05:06:41+03:00,1785636401,11267,67,3,29.3,36.8,,run
2026-08-02T05:06:46+03:00,1785636406,11272,67,3,29.3,36.1,,run
2026-08-02T05:06:52+03:00,1785636412,11278,67,3,29.3,36.1,,run
2026-08-02T05:06:57+03:00,1785636417,11283,67,3,29.3,38.0,,run
2026-08-02T05:07:03+03:00,1785636423,11289,67,3,29.3,40.8,,run
2026-08-02T05:07:08+03:00,1785636428,11294,67,3,29.3,37.1,,run
2026-08-02T05:07:14+03:00,1785636434,11300,67,3,29.3,36.1,,run
2026-08-02T05:07:19+03:00,1785636439,11305,67,3,29.3,38.3,,run
2026-08-02T05:07:25+03:00,1785636445,11311,67,3,29.3,38.6,,run
2026-08-02T05:07:30+03:00,1785636450,11316,67,3,29.3,37.4,,run
2026-08-02T05:07:35+03:00,1785636455,11321,67,3,29.3,35.8,,run
2026-08-02T05:07:41+03:00,1785636461,11327,67,3,29.3,35.8,,run
2026-08-02T05:07:46+03:00,1785636466,11332,67,3,29.3,35.5,,run
2026-08-02T05:07:52+03:00,1785636472,11338,67,3,29.3,35.8,,run
2026-08-02T05:07:57+03:00,1785636477,11343,67,3,29.3,35.8,,run
2026-08-02T05:08:03+03:00,1785636483,11349,67,3,29.3,38.3,,run
2026-08-02T05:08:08+03:00,1785636488,11354,67,3,29.3,41.1,,run
2026-08-02T05:08:14+03:00,1785636494,11360,67,3,29.3,39.8,,run
2026-08-02T05:08:19+03:00,1785636499,11365,67,3,29.3,39.8,,run
2026-08-02T05:08:24+03:00,1785636504,11370,67,3,29.3,37.4,,run
2026-08-02T05:08:30+03:00,1785636510,11376,67,3,29.3,37.1,,run
2026-08-02T05:08:35+03:00,1785636515,11381,67,3,29.3,36.1,,run
2026-08-02T05:08:41+03:00,1785636521,11387,67,3,29.3,37.1,,run
2026-08-02T05:08:46+03:00,1785636526,11392,67,3,29.3,40.5,,run
2026-08-02T05:08:52+03:00,1785636532,11398,67,3,29.3,37.1,,run
2026-08-02T05:08:57+03:00,1785636537,11403,67,3,29.3,36.4,,run
2026-08-02T05:09:03+03:00,1785636543,11409,67,3,29.3,36.4,,run
2026-08-02T05:09:08+03:00,1785636548,11414,67,3,29.3,36.1,,run
2026-08-02T05:09:14+03:00,1785636554,11420,67,3,29.3,37.4,,run
2026-08-02T05:09:19+03:00,1785636559,11425,67,3,29.3,47.0,,run
2026-08-02T05:09:24+03:00,1785636564,11430,67,3,29.3,47.3,,run
2026-08-02T05:09:30+03:00,1785636570,11436,67,3,29.3,42.9,,run
2026-08-02T05:09:35+03:00,1785636575,11441,67,3,29.3,36.4,,run
2026-08-02T05:09:41+03:00,1785636580,11446,67,3,29.3,36.4,,run
2026-08-02T05:09:46+03:00,1785636586,11452,67,3,29.3,36.1,,run
2026-08-02T05:09:51+03:00,1785636591,11457,67,3,29.3,35.2,,run
2026-08-02T05:09:57+03:00,1785636597,11463,67,3,29.3,38.0,,run
2026-08-02T05:10:02+03:00,1785636602,11468,67,3,29.3,38.9,,run
2026-08-02T05:10:08+03:00,1785636608,11474,67,3,29.3,36.4,,run
2026-08-02T05:10:13+03:00,1785636613,11479,67,3,29.3,51.9,,run
2026-08-02T05:10:19+03:00,1785636619,11485,67,3,29.3,42.6,,run
2026-08-02T05:10:24+03:00,1785636624,11490,67,3,29.3,38.0,,run
2026-08-02T05:10:30+03:00,1785636630,11496,67,3,29.3,37.4,,run
2026-08-02T05:10:35+03:00,1785636635,11501,67,3,29.3,39.5,,run
2026-08-02T05:10:41+03:00,1785636641,11507,67,3,29.3,40.8,,run
2026-08-02T05:10:46+03:00,1785636646,11512,67,3,29.3,37.7,,run
2026-08-02T05:10:51+03:00,1785636651,11517,67,3,29.3,39.5,,run
2026-08-02T05:10:57+03:00,1785636657,11523,67,3,29.3,41.1,,run
2026-08-02T05:11:02+03:00,1785636662,11528,67,3,29.3,37.7,,run
2026-08-02T05:11:07+03:00,1785636667,11533,67,3,29.3,38.0,,run
2026-08-02T05:11:13+03:00,1785636673,11539,67,3,29.3,42.3,,run
2026-08-02T05:11:18+03:00,1785636678,11544,67,3,29.3,38.3,,run
2026-08-02T05:11:24+03:00,1785636684,11550,67,3,29.3,38.9,,run
2026-08-02T05:11:29+03:00,1785636689,11555,67,3,29.3,46.7,,run
2026-08-02T05:11:35+03:00,1785636695,11561,67,3,29.3,38.6,,run
2026-08-02T05:11:40+03:00,1785636700,11566,67,3,29.3,38.3,,run
2026-08-02T05:11:46+03:00,1785636706,11572,67,3,29.3,35.8,,run
2026-08-02T05:11:51+03:00,1785636711,11577,67,3,29.3,36.1,,run
2026-08-02T05:11:57+03:00,1785636717,11583,67,3,29.3,36.1,,run
2026-08-02T05:12:02+03:00,1785636722,11588,67,3,29.3,36.1,,run
2026-08-02T05:12:07+03:00,1785636727,11593,67,3,29.3,36.8,,run
2026-08-02T05:12:13+03:00,1785636733,11599,67,3,29.3,40.2,,run
2026-08-02T05:12:18+03:00,1785636738,11604,67,3,29.3,38.3,,run
2026-08-02T05:12:24+03:00,1785636744,11610,67,3,29.3,49.1,,run
2026-08-02T05:12:29+03:00,1785636749,11615,67,3,29.3,38.0,,run
2026-08-02T05:12:35+03:00,1785636755,11621,67,3,29.3,36.8,,run
2026-08-02T05:12:40+03:00,1785636760,11626,67,3,29.3,37.1,,run
2026-08-02T05:12:46+03:00,1785636766,11632,67,3,29.3,38.3,,run
2026-08-02T05:12:51+03:00,1785636771,11637,67,3,29.3,41.1,,run
2026-08-02T05:12:56+03:00,1785636776,11642,67,3,29.3,37.7,,run
2026-08-02T05:13:02+03:00,1785636782,11648,67,3,29.3,37.1,,run
2026-08-02T05:13:07+03:00,1785636787,11653,67,3,29.3,37.4,,run
2026-08-02T05:13:13+03:00,1785636793,11659,67,3,29.3,36.4,,run
2026-08-02T05:13:18+03:00,1785636798,11664,67,3,29.3,38.3,,run
2026-08-02T05:13:24+03:00,1785636804,11670,67,3,29.3,38.9,,run
2026-08-02T05:13:29+03:00,1785636809,11675,67,3,29.3,36.4,,run
2026-08-02T05:13:34+03:00,1785636814,11680,67,3,29.3,37.4,,run
2026-08-02T05:13:40+03:00,1785636820,11686,67,3,29.3,50.7,,run
2026-08-02T05:13:45+03:00,1785636825,11691,67,3,29.3,40.8,,run
2026-08-02T05:13:51+03:00,1785636831,11697,67,3,29.3,36.8,,run
2026-08-02T05:13:56+03:00,1785636836,11702,67,3,29.3,36.8,,run
2026-08-02T05:14:02+03:00,1785636842,11708,67,3,29.3,35.5,,run
2026-08-02T05:14:07+03:00,1785636847,11713,67,3,29.3,35.2,,run
2026-08-02T05:14:13+03:00,1785636853,11719,67,3,29.3,36.1,,run
2026-08-02T05:14:18+03:00,1785636858,11724,67,3,29.3,36.1,,run
2026-08-02T05:14:24+03:00,1785636864,11730,67,3,29.3,49.7,,run
2026-08-02T05:14:29+03:00,1785636869,11735,67,3,29.3,42.9,,run
2026-08-02T05:14:35+03:00,1785636875,11741,67,3,29.3,39.8,,run
2026-08-02T05:14:40+03:00,1785636880,11746,67,3,29.3,37.7,,run
2026-08-02T05:14:45+03:00,1785636885,11751,67,3,29.3,37.1,,run
2026-08-02T05:14:51+03:00,1785636891,11757,67,3,29.3,36.4,,run
2026-08-02T05:14:56+03:00,1785636896,11762,67,3,29.3,37.4,,run
2026-08-02T05:15:02+03:00,1785636902,11768,67,3,29.3,40.5,,run
2026-08-02T05:15:07+03:00,1785636907,11773,67,3,29.3,37.4,,run
2026-08-02T05:15:12+03:00,1785636912,11778,67,3,29.3,37.4,,run
2026-08-02T05:15:18+03:00,1785636918,11784,67,3,29.3,37.1,,run
2026-08-02T05:15:23+03:00,1785636923,11789,67,3,29.3,35.8,,run
2026-08-02T05:15:29+03:00,1785636929,11795,67,3,29.3,36.4,,run
2026-08-02T05:15:34+03:00,1785636934,11800,67,3,29.3,40.8,,run
2026-08-02T05:15:40+03:00,1785636940,11806,67,3,29.3,47.6,,run
2026-08-02T05:15:45+03:00,1785636945,11811,67,3,29.3,38.3,,run
2026-08-02T05:15:51+03:00,1785636951,11817,67,3,29.3,37.4,,run
2026-08-02T05:15:56+03:00,1785636956,11822,66,3,29.3,36.1,,run
2026-08-02T05:16:02+03:00,1785636962,11828,66,3,29.3,35.8,,run
2026-08-02T05:16:07+03:00,1785636967,11833,66,3,29.3,35.5,,run
2026-08-02T05:16:13+03:00,1785636973,11839,66,3,29.3,37.7,,run
2026-08-02T05:16:18+03:00,1785636978,11844,66,3,29.3,39.8,,run
2026-08-02T05:16:24+03:00,1785636984,11850,66,3,29.3,38.6,,run
2026-08-02T05:16:29+03:00,1785636989,11855,66,3,29.3,44.8,,run
2026-08-02T05:16:34+03:00,1785636994,11860,66,3,29.3,37.1,,run
2026-08-02T05:16:40+03:00,1785637000,11866,66,3,29.3,36.8,,run
2026-08-02T05:16:45+03:00,1785637005,11871,66,3,29.3,36.4,,run
2026-08-02T05:16:51+03:00,1785637011,11877,66,3,29.3,38.9,,run
2026-08-02T05:16:56+03:00,1785637016,11882,66,3,29.3,42.0,,run
2026-08-02T05:17:02+03:00,1785637022,11888,66,3,29.3,37.4,,run
2026-08-02T05:17:07+03:00,1785637027,11893,66,3,29.3,36.8,,run
2026-08-02T05:17:13+03:00,1785637033,11899,66,3,29.3,36.4,,run
2026-08-02T05:17:18+03:00,1785637038,11904,66,3,29.3,36.4,,run
2026-08-02T05:17:24+03:00,1785637044,11910,66,3,29.3,38.9,,run
2026-08-02T05:17:29+03:00,1785637049,11915,66,3,29.3,38.9,,run
2026-08-02T05:17:34+03:00,1785637054,11920,66,3,29.3,36.8,,run
2026-08-02T05:17:40+03:00,1785637060,11926,66,3,29.3,43.9,,run
2026-08-02T05:17:45+03:00,1785637065,11931,66,3,29.3,40.5,,run
2026-08-02T05:17:50+03:00,1785637070,11936,66,3,29.3,37.7,,run
2026-08-02T05:17:56+03:00,1785637076,11942,66,3,29.3,36.4,,run
2026-08-02T05:18:01+03:00,1785637081,11947,66,3,29.3,36.8,,run
2026-08-02T05:18:07+03:00,1785637087,11953,66,3,29.3,35.5,,run
2026-08-02T05:18:12+03:00,1785637092,11958,66,3,29.3,36.4,,run
2026-08-02T05:18:18+03:00,1785637098,11964,66,3,29.3,35.8,,run
2026-08-02T05:18:23+03:00,1785637103,11969,66,3,29.3,37.1,,run
2026-08-02T05:18:29+03:00,1785637109,11975,66,3,29.3,49.4,,run
2026-08-02T05:18:34+03:00,1785637114,11980,66,3,29.3,38.3,,run
2026-08-02T05:18:40+03:00,1785637120,11986,66,3,29.3,37.4,,run
2026-08-02T05:18:45+03:00,1785637125,11991,66,3,29.3,39.8,,run
2026-08-02T05:18:51+03:00,1785637131,11997,66,3,29.3,38.3,,run
2026-08-02T05:18:56+03:00,1785637136,12002,66,3,29.3,36.8,,run
2026-08-02T05:19:01+03:00,1785637141,12007,66,3,29.3,36.8,,run
2026-08-02T05:19:07+03:00,1785637147,12013,66,3,29.3,36.4,,run
2026-08-02T05:19:12+03:00,1785637152,12018,66,3,29.3,36.8,,run
2026-08-02T05:19:18+03:00,1785637158,12024,66,3,29.3,39.8,,run
2026-08-02T05:19:23+03:00,1785637163,12029,66,3,29.3,37.1,,run
2026-08-02T05:19:28+03:00,1785637168,12034,66,3,29.3,36.4,,run
2026-08-02T05:19:34+03:00,1785637174,12040,66,3,29.3,36.8,,run
2026-08-02T05:19:39+03:00,1785637179,12045,66,3,29.3,36.1,,run
2026-08-02T05:19:45+03:00,1785637185,12051,66,3,29.3,49.7,,run
2026-08-02T05:19:50+03:00,1785637190,12056,66,3,29.3,40.2,,run
2026-08-02T05:19:56+03:00,1785637196,12062,66,3,29.3,36.1,,run
2026-08-02T05:20:01+03:00,1785637201,12067,66,3,29.3,36.1,,run
2026-08-02T05:20:07+03:00,1785637207,12073,66,3,29.3,35.8,,run
2026-08-02T05:20:12+03:00,1785637212,12078,66,3,29.3,35.5,,run
2026-08-02T05:20:18+03:00,1785637218,12084,66,3,29.3,35.5,,run
2026-08-02T05:20:23+03:00,1785637223,12089,66,3,29.3,35.2,,run
2026-08-02T05:20:29+03:00,1785637229,12095,66,3,29.3,50.1,,run
2026-08-02T05:20:34+03:00,1785637234,12100,66,3,29.3,40.5,,run
2026-08-02T05:20:40+03:00,1785637240,12106,66,3,29.3,41.1,,run
2026-08-02T05:20:45+03:00,1785637245,12111,66,3,29.3,37.4,,run
2026-08-02T05:20:50+03:00,1785637250,12116,66,3,29.3,37.1,,run
2026-08-02T05:20:56+03:00,1785637256,12122,66,3,29.3,36.1,,run
2026-08-02T05:21:01+03:00,1785637261,12127,66,3,29.3,36.8,,run
2026-08-02T05:21:07+03:00,1785637267,12133,66,3,29.3,39.8,,run
2026-08-02T05:21:12+03:00,1785637272,12138,66,3,29.3,38.3,,run
2026-08-02T05:21:17+03:00,1785637277,12143,66,3,29.3,36.8,,run
2026-08-02T05:21:23+03:00,1785637283,12149,66,3,29.3,36.1,,run
2026-08-02T05:21:28+03:00,1785637288,12154,66,3,29.3,35.8,,run
2026-08-02T05:21:34+03:00,1785637294,12160,66,3,29.3,35.8,,run
2026-08-02T05:21:39+03:00,1785637299,12165,66,3,29.3,39.8,,run
2026-08-02T05:21:45+03:00,1785637305,12171,66,3,29.3,48.5,,run
2026-08-02T05:21:50+03:00,1785637310,12176,66,3,29.3,38.3,,run
2026-08-02T05:21:56+03:00,1785637316,12182,66,3,29.3,36.4,,run
2026-08-02T05:22:01+03:00,1785637321,12187,66,3,29.3,35.8,,run
2026-08-02T05:22:07+03:00,1785637327,12193,66,3,29.3,35.8,,run
2026-08-02T05:22:12+03:00,1785637332,12198,66,3,29.3,35.5,,run
2026-08-02T05:22:18+03:00,1785637338,12204,66,3,29.3,36.8,,run
2026-08-02T05:22:23+03:00,1785637343,12209,66,3,29.3,40.2,,run
2026-08-02T05:22:29+03:00,1785637349,12215,66,3,29.3,38.3,,run
2026-08-02T05:22:34+03:00,1785637354,12220,66,3,29.3,40.5,,run
2026-08-02T05:22:40+03:00,1785637360,12226,66,3,29.3,36.8,,run
2026-08-02T05:22:45+03:00,1785637365,12231,66,3,29.3,37.4,,run
2026-08-02T05:22:51+03:00,1785637371,12237,66,3,29.3,37.1,,run
2026-08-02T05:22:56+03:00,1785637376,12242,66,3,29.3,38.3,,run
2026-08-02T05:23:01+03:00,1785637381,12247,66,3,29.3,40.5,,run
2026-08-02T05:23:07+03:00,1785637387,12253,66,3,29.3,37.4,,run
2026-08-02T05:23:12+03:00,1785637392,12258,66,3,29.3,36.8,,run
2026-08-02T05:23:18+03:00,1785637398,12264,66,3,29.3,36.1,,run
2026-08-02T05:23:23+03:00,1785637403,12269,66,3,29.3,36.8,,run
2026-08-02T05:23:29+03:00,1785637409,12275,66,3,29.3,38.9,,run
2026-08-02T05:23:34+03:00,1785637414,12280,66,3,29.3,39.5,,run
2026-08-02T05:23:39+03:00,1785637419,12285,66,3,29.3,36.8,,run
2026-08-02T05:23:45+03:00,1785637425,12291,66,3,29.3,44.8,,run
2026-08-02T05:23:50+03:00,1785637430,12296,66,3,29.3,41.7,,run
2026-08-02T05:23:56+03:00,1785637436,12302,66,3,29.3,43.6,,run
2026-08-02T05:24:01+03:00,1785637441,12307,66,3,29.3,37.1,,run
2026-08-02T05:24:07+03:00,1785637447,12313,66,3,29.3,35.8,,run
2026-08-02T05:24:12+03:00,1785637452,12318,66,3,29.3,35.8,,run
2026-08-02T05:24:18+03:00,1785637458,12324,66,3,29.3,37.1,,run
2026-08-02T05:24:23+03:00,1785637463,12329,66,3,29.3,39.8,,run
2026-08-02T05:24:28+03:00,1785637468,12334,66,3,29.3,36.4,,run
2026-08-02T05:24:34+03:00,1785637474,12340,66,3,29.3,50.4,,run
2026-08-02T05:24:39+03:00,1785637479,12345,66,3,29.3,38.6,,run
2026-08-02T05:24:45+03:00,1785637485,12351,66,3,29.3,37.1,,run
2026-08-02T05:24:50+03:00,1785637490,12356,66,3,29.3,37.7,,run
2026-08-02T05:24:56+03:00,1785637496,12362,66,3,29.3,40.8,,run
2026-08-02T05:25:01+03:00,1785637501,12367,66,3,29.3,37.4,,run
2026-08-02T05:25:06+03:00,1785637506,12372,66,3,29.3,36.1,,run
2026-08-02T05:25:12+03:00,1785637512,12378,66,3,29.3,37.1,,run
2026-08-02T05:25:17+03:00,1785637517,12383,66,3,29.3,36.4,,run
2026-08-02T05:25:23+03:00,1785637523,12389,66,3,29.3,38.6,,run
2026-08-02T05:25:28+03:00,1785637528,12394,66,3,29.3,40.5,,run
2026-08-02T05:25:34+03:00,1785637534,12400,66,3,29.3,37.1,,run
2026-08-02T05:25:39+03:00,1785637539,12405,66,3,29.3,37.4,,run
2026-08-02T05:25:45+03:00,1785637545,12411,66,3,29.3,36.4,,run
2026-08-02T05:25:50+03:00,1785637550,12416,66,3,29.3,40.8,,run
2026-08-02T05:25:56+03:00,1785637556,12422,66,3,29.3,38.3,,run
2026-08-02T05:26:01+03:00,1785637561,12427,66,3,29.3,37.4,,run
2026-08-02T05:26:07+03:00,1785637567,12433,66,3,29.3,37.1,,run
2026-08-02T05:26:12+03:00,1785637572,12438,66,3,29.3,36.1,,run
2026-08-02T05:26:18+03:00,1785637578,12444,66,3,29.3,35.5,,run
2026-08-02T05:26:23+03:00,1785637583,12449,66,3,29.3,36.1,,run
2026-08-02T05:26:29+03:00,1785637589,12455,66,3,29.3,35.2,,run
2026-08-02T05:26:34+03:00,1785637594,12460,66,3,29.3,38.9,,run
2026-08-02T05:26:40+03:00,1785637600,12466,66,3,29.3,51.0,,run
2026-08-02T05:26:45+03:00,1785637605,12471,66,3,29.3,40.5,,run
2026-08-02T05:26:50+03:00,1785637610,12476,66,3,29.3,38.6,,run
2026-08-02T05:26:56+03:00,1785637616,12482,66,3,29.3,36.4,,run
2026-08-02T05:27:01+03:00,1785637621,12487,66,3,29.3,37.1,,run
2026-08-02T05:27:07+03:00,1785637627,12493,66,3,29.3,35.8,,run
2026-08-02T05:27:12+03:00,1785637632,12498,66,3,29.3,37.4,,run
2026-08-02T05:27:18+03:00,1785637638,12504,66,3,29.3,39.5,,run
2026-08-02T05:27:23+03:00,1785637643,12509,66,3,29.3,35.8,,run
2026-08-02T05:27:28+03:00,1785637648,12514,66,3,29.3,35.8,,run
2026-08-02T05:27:34+03:00,1785637654,12520,66,3,29.3,35.8,,run
2026-08-02T05:27:39+03:00,1785637659,12525,66,3,29.3,35.8,,run
2026-08-02T05:27:45+03:00,1785637665,12531,66,3,29.3,38.6,,run
2026-08-02T05:27:50+03:00,1785637670,12536,66,3,29.3,37.1,,run
2026-08-02T05:27:56+03:00,1785637676,12542,66,3,29.3,35.8,,run
2026-08-02T05:28:01+03:00,1785637681,12547,66,3,29.3,35.8,,run
2026-08-02T05:28:07+03:00,1785637687,12553,66,3,29.3,35.2,,run
2026-08-02T05:28:12+03:00,1785637692,12558,66,3,29.3,36.1,,run
2026-08-02T05:28:17+03:00,1785637697,12563,66,3,29.3,39.5,,run
2026-08-02T05:28:23+03:00,1785637703,12569,66,3,29.3,35.8,,run
2026-08-02T05:28:28+03:00,1785637708,12574,66,3,29.3,35.8,,run
2026-08-02T05:28:34+03:00,1785637714,12580,66,3,29.3,35.5,,run
2026-08-02T05:28:39+03:00,1785637719,12585,66,3,29.3,35.5,,run
2026-08-02T05:28:45+03:00,1785637725,12591,65,3,29.1,38.3,,run
2026-08-02T05:28:50+03:00,1785637730,12596,65,3,29.1,37.7,,run
2026-08-02T05:28:55+03:00,1785637735,12601,65,3,29.0,35.8,,run
2026-08-02T05:29:01+03:00,1785637741,12607,65,3,29.0,36.1,,run
2026-08-02T05:29:06+03:00,1785637746,12612,65,3,29.0,35.2,,run
2026-08-02T05:29:12+03:00,1785637752,12618,65,3,29.0,35.5,,run
2026-08-02T05:29:17+03:00,1785637757,12623,65,3,29.0,39.2,,run
2026-08-02T05:29:23+03:00,1785637763,12629,65,3,29.0,36.1,,run
2026-08-02T05:29:28+03:00,1785637768,12634,65,3,29.0,35.2,,run
2026-08-02T05:29:34+03:00,1785637774,12640,65,3,29.0,34.9,,run
2026-08-02T05:29:39+03:00,1785637779,12645,65,3,29.0,35.5,,run
2026-08-02T05:29:45+03:00,1785637785,12651,65,3,29.0,37.4,,run
2026-08-02T05:29:50+03:00,1785637790,12656,65,3,29.0,39.5,,run
2026-08-02T05:29:55+03:00,1785637795,12661,65,3,29.0,35.2,,run
2026-08-02T05:30:01+03:00,1785637801,12667,65,3,29.0,35.8,,run
2026-08-02T05:30:06+03:00,1785637806,12672,65,3,29.0,35.5,,run
2026-08-02T05:30:12+03:00,1785637812,12678,65,3,29.0,35.2,,run
2026-08-02T05:30:17+03:00,1785637817,12683,65,3,29.0,37.7,,run
2026-08-02T05:30:22+03:00,1785637822,12688,65,3,29.0,36.4,,run
2026-08-02T05:30:28+03:00,1785637828,12694,65,3,29.0,35.8,,run
2026-08-02T05:30:33+03:00,1785637833,12699,65,3,29.0,35.2,,run
2026-08-02T05:30:39+03:00,1785637839,12705,65,3,29.0,35.8,,run
2026-08-02T05:30:44+03:00,1785637844,12710,65,3,29.0,36.1,,run
2026-08-02T05:30:50+03:00,1785637850,12716,65,3,29.0,38.3,,run
2026-08-02T05:30:55+03:00,1785637855,12721,65,3,29.0,36.1,,run
2026-08-02T05:31:00+03:00,1785637860,12726,65,3,29.0,35.2,,run
2026-08-02T05:31:06+03:00,1785637866,12732,65,3,29.0,38.3,,run
2026-08-02T05:31:11+03:00,1785637871,12737,65,3,29.0,41.1,,run
2026-08-02T05:31:17+03:00,1785637877,12743,65,3,29.0,35.5,,run
2026-08-02T05:31:22+03:00,1785637882,12748,65,3,29.0,35.5,,run
2026-08-02T05:31:28+03:00,1785637888,12754,65,3,29.0,35.2,,run
2026-08-02T05:31:33+03:00,1785637893,12759,65,3,29.0,35.8,,run
2026-08-02T05:31:39+03:00,1785637899,12765,65,3,29.0,50.1,,run
2026-08-02T05:31:44+03:00,1785637904,12770,65,3,29.0,42.3,,run
2026-08-02T05:31:49+03:00,1785637909,12775,65,3,29.0,37.4,,run
2026-08-02T05:31:55+03:00,1785637915,12781,65,3,29.0,37.7,,run
2026-08-02T05:32:00+03:00,1785637920,12786,65,3,29.0,40.8,,run
2026-08-02T05:32:06+03:00,1785637926,12792,65,3,29.0,37.4,,run
2026-08-02T05:32:11+03:00,1785637931,12797,65,3,29.0,38.9,,run
2026-08-02T05:32:16+03:00,1785637936,12802,65,3,29.0,39.5,,run
2026-08-02T05:32:22+03:00,1785637942,12808,65,3,29.0,37.4,,run
2026-08-02T05:32:27+03:00,1785637947,12813,65,3,29.0,39.2,,run
2026-08-02T05:32:33+03:00,1785637953,12819,65,3,29.0,41.1,,run
2026-08-02T05:32:38+03:00,1785637958,12824,65,3,29.0,37.1,,run
2026-08-02T05:32:43+03:00,1785637963,12829,65,3,29.0,39.2,,run
2026-08-02T05:32:49+03:00,1785637969,12835,65,3,29.0,41.1,,run
2026-08-02T05:32:54+03:00,1785637974,12840,65,3,29.0,47.3,,run
2026-08-02T05:33:00+03:00,1785637980,12846,65,3,29.0,37.7,,run
2026-08-02T05:33:05+03:00,1785637985,12851,65,3,29.0,38.6,,run
2026-08-02T05:33:11+03:00,1785637991,12857,65,3,29.0,36.1,,run
2026-08-02T05:33:16+03:00,1785637996,12862,65,3,29.0,35.2,,run
2026-08-02T05:33:22+03:00,1785638002,12868,65,3,29.0,35.8,,run
2026-08-02T05:33:27+03:00,1785638007,12873,65,3,29.0,36.1,,run
2026-08-02T05:33:33+03:00,1785638013,12879,65,3,29.0,37.7,,run
2026-08-02T05:33:38+03:00,1785638018,12884,65,3,29.0,36.8,,run
2026-08-02T05:33:43+03:00,1785638023,12889,65,3,29.0,51.0,,run
2026-08-02T05:33:49+03:00,1785638029,12895,65,3,29.0,38.9,,run
2026-08-02T05:33:55+03:00,1785638035,12901,65,3,29.0,36.8,,run
2026-08-02T05:34:00+03:00,1785638040,12906,65,3,29.0,37.1,,run
2026-08-02T05:34:06+03:00,1785638046,12912,65,3,29.0,38.0,,run
2026-08-02T05:34:11+03:00,1785638051,12917,65,3,29.0,40.8,,run
2026-08-02T05:34:16+03:00,1785638056,12922,65,3,29.0,37.4,,run
2026-08-02T05:34:22+03:00,1785638062,12928,65,3,29.0,36.1,,run
2026-08-02T05:34:27+03:00,1785638067,12933,65,3,29.0,36.4,,run
2026-08-02T05:34:33+03:00,1785638073,12939,65,3,29.0,36.4,,run
2026-08-02T05:34:38+03:00,1785638078,12944,65,3,29.0,38.6,,run
2026-08-02T05:34:44+03:00,1785638084,12950,65,3,29.0,40.2,,run
2026-08-02T05:34:49+03:00,1785638089,12955,65,3,29.0,36.4,,run
2026-08-02T05:34:54+03:00,1785638094,12960,65,3,29.0,36.1,,run
2026-08-02T05:35:00+03:00,1785638100,12966,65,3,29.0,48.5,,run
2026-08-02T05:35:05+03:00,1785638105,12971,65,3,29.0,40.2,,run
2026-08-02T05:35:11+03:00,1785638111,12977,65,3,29.0,37.4,,run
2026-08-02T05:35:16+03:00,1785638116,12982,65,3,29.0,36.4,,run
2026-08-02T05:35:22+03:00,1785638122,12988,65,3,29.0,35.8,,run
2026-08-02T05:35:27+03:00,1785638127,12993,65,3,29.0,35.2,,run
2026-08-02T05:35:33+03:00,1785638133,12999,65,3,29.0,36.4,,run
2026-08-02T05:35:38+03:00,1785638138,13004,65,3,29.0,39.5,,run
2026-08-02T05:35:43+03:00,1785638143,13009,65,3,29.0,36.8,,run
2026-08-02T05:35:49+03:00,1785638149,13015,65,3,29.0,48.8,,run
2026-08-02T05:35:54+03:00,1785638154,13020,65,3,29.0,37.4,,run
2026-08-02T05:36:00+03:00,1785638160,13026,65,3,29.0,36.8,,run
2026-08-02T05:36:05+03:00,1785638165,13031,65,3,29.0,36.8,,run
2026-08-02T05:36:11+03:00,1785638171,13037,65,3,29.0,40.8,,run
2026-08-02T05:36:16+03:00,1785638176,13042,65,3,29.0,37.4,,run
2026-08-02T05:36:21+03:00,1785638181,13047,65,3,29.0,37.1,,run
2026-08-02T05:36:27+03:00,1785638187,13053,65,3,29.0,36.4,,run
2026-08-02T05:36:32+03:00,1785638192,13058,65,3,29.0,35.8,,run
2026-08-02T05:36:38+03:00,1785638198,13064,65,3,29.0,37.7,,run
2026-08-02T05:36:43+03:00,1785638203,13069,65,3,29.0,40.5,,run
2026-08-02T05:36:49+03:00,1785638209,13075,65,3,29.0,36.8,,run
2026-08-02T05:36:54+03:00,1785638214,13080,65,3,29.0,36.4,,run
2026-08-02T05:37:00+03:00,1785638220,13086,65,3,29.0,36.1,,run
2026-08-02T05:37:05+03:00,1785638225,13091,65,3,29.0,49.4,,run
2026-08-02T05:37:11+03:00,1785638231,13097,65,3,29.0,37.1,,run
2026-08-02T05:37:16+03:00,1785638236,13102,65,3,29.0,36.8,,run
2026-08-02T05:37:22+03:00,1785638242,13108,65,3,29.0,36.1,,run
2026-08-02T05:37:27+03:00,1785638247,13113,65,3,29.0,36.1,,run
2026-08-02T05:37:32+03:00,1785638252,13118,65,3,29.0,35.5,,run
2026-08-02T05:37:38+03:00,1785638258,13124,65,3,29.0,36.1,,run
2026-08-02T05:37:43+03:00,1785638263,13129,65,3,29.0,35.5,,run
2026-08-02T05:37:49+03:00,1785638269,13135,65,3,29.0,41.4,,run
2026-08-02T05:37:54+03:00,1785638274,13140,65,3,29.0,45.4,,run
2026-08-02T05:38:00+03:00,1785638280,13146,65,3,29.0,37.4,,run
2026-08-02T05:38:05+03:00,1785638285,13151,65,3,29.0,36.4,,run
2026-08-02T05:38:11+03:00,1785638291,13157,65,3,29.0,37.1,,run
2026-08-02T05:38:16+03:00,1785638296,13162,65,3,29.0,36.1,,run
2026-08-02T05:38:22+03:00,1785638302,13168,65,3,29.0,39.5,,run
2026-08-02T05:38:27+03:00,1785638307,13173,65,3,29.0,37.4,,run
2026-08-02T05:38:32+03:00,1785638312,13178,65,3,29.0,36.4,,run
2026-08-02T05:38:38+03:00,1785638318,13184,65,3,29.0,36.8,,run
2026-08-02T05:38:43+03:00,1785638323,13189,65,3,29.0,36.8,,run
2026-08-02T05:38:49+03:00,1785638329,13195,65,3,29.0,38.3,,run
2026-08-02T05:38:54+03:00,1785638334,13200,65,3,29.2,40.2,,run
2026-08-02T05:39:00+03:00,1785638340,13206,65,3,29.2,37.1,,run
2026-08-02T05:39:05+03:00,1785638345,13211,65,3,29.2,45.7,,run
2026-08-02T05:39:11+03:00,1785638351,13217,65,3,29.2,40.8,,run
2026-08-02T05:39:16+03:00,1785638356,13222,65,3,29.2,42.6,,run
2026-08-02T05:39:21+03:00,1785638361,13227,65,3,29.2,36.4,,run
2026-08-02T05:39:27+03:00,1785638367,13233,65,3,29.2,36.1,,run
2026-08-02T05:39:32+03:00,1785638372,13238,65,3,29.2,35.5,,run
2026-08-02T05:39:38+03:00,1785638378,13244,65,3,29.2,37.1,,run
2026-08-02T05:39:43+03:00,1785638383,13249,65,3,29.2,36.4,,run
2026-08-02T05:39:49+03:00,1785638389,13255,65,3,29.2,35.8,,run
2026-08-02T05:39:54+03:00,1785638394,13260,65,3,29.2,49.7,,run
2026-08-02T05:40:00+03:00,1785638400,13266,65,3,29.2,41.1,,run
2026-08-02T05:40:05+03:00,1785638405,13271,65,3,29.2,36.8,,run
2026-08-02T05:40:11+03:00,1785638411,13277,65,3,29.2,38.6,,run
2026-08-02T05:40:16+03:00,1785638416,13282,65,3,29.2,38.0,,run
2026-08-02T05:40:21+03:00,1785638421,13287,65,3,29.2,37.7,,run
2026-08-02T05:40:27+03:00,1785638427,13293,65,3,29.2,36.8,,run
2026-08-02T05:40:32+03:00,1785638432,13298,64,3,29.3,36.8,,run
2026-08-02T05:40:38+03:00,1785638438,13304,64,3,29.3,38.0,,run
2026-08-02T05:40:43+03:00,1785638443,13309,64,3,29.3,41.1,,run
2026-08-02T05:40:49+03:00,1785638449,13315,64,3,29.3,37.7,,run
2026-08-02T05:40:54+03:00,1785638454,13320,64,3,29.3,36.8,,run
2026-08-02T05:41:00+03:00,1785638460,13326,64,3,29.3,36.4,,run
2026-08-02T05:41:05+03:00,1785638465,13331,64,3,29.3,35.8,,run
2026-08-02T05:41:10+03:00,1785638470,13336,64,3,29.3,45.7,,run
2026-08-02T05:41:16+03:00,1785638476,13342,64,3,29.3,38.6,,run
2026-08-02T05:41:22+03:00,1785638482,13348,64,3,29.3,37.7,,run
2026-08-02T05:41:27+03:00,1785638487,13353,64,3,29.3,36.4,,run
2026-08-02T05:41:33+03:00,1785638493,13359,64,3,29.3,36.1,,run
2026-08-02T05:41:38+03:00,1785638498,13364,64,3,29.3,35.8,,run
2026-08-02T05:41:44+03:00,1785638504,13370,64,3,29.3,35.5,,run
2026-08-02T05:41:49+03:00,1785638509,13375,64,3,29.3,35.8,,run
2026-08-02T05:41:54+03:00,1785638514,13380,64,3,29.3,39.5,,run
2026-08-02T05:42:00+03:00,1785638520,13386,64,3,29.3,50.4,,run
2026-08-02T05:42:05+03:00,1785638525,13391,64,3,29.3,38.9,,run
2026-08-02T05:42:11+03:00,1785638531,13397,64,3,29.3,37.1,,run
2026-08-02T05:42:16+03:00,1785638536,13402,64,3,29.3,36.4,,run
2026-08-02T05:42:22+03:00,1785638542,13408,64,3,29.3,36.4,,run
2026-08-02T05:42:27+03:00,1785638547,13413,64,3,29.3,38.6,,run
2026-08-02T05:42:32+03:00,1785638552,13418,64,3,29.3,40.8,,run
2026-08-02T05:42:38+03:00,1785638558,13424,64,3,29.3,37.4,,run
2026-08-02T05:42:43+03:00,1785638563,13429,64,3,29.3,37.1,,run
2026-08-02T05:42:49+03:00,1785638569,13435,64,3,29.3,37.1,,run
2026-08-02T05:42:54+03:00,1785638574,13440,64,3,29.3,35.8,,run
2026-08-02T05:43:00+03:00,1785638580,13446,64,3,29.3,39.8,,run
2026-08-02T05:43:05+03:00,1785638585,13451,64,3,29.3,37.1,,run
2026-08-02T05:43:10+03:00,1785638590,13456,64,3,29.3,36.4,,run
2026-08-02T05:43:16+03:00,1785638596,13462,64,3,29.3,51.3,,run
2026-08-02T05:43:22+03:00,1785638601,13467,64,3,29.3,38.6,,run
2026-08-02T05:43:27+03:00,1785638607,13473,64,3,29.3,37.1,,run
2026-08-02T05:43:32+03:00,1785638612,13478,64,3,29.3,35.8,,run
2026-08-02T05:43:38+03:00,1785638618,13484,64,3,29.3,36.8,,run
2026-08-02T05:43:43+03:00,1785638623,13489,64,3,29.3,36.8,,run
2026-08-02T05:43:49+03:00,1785638629,13495,64,3,29.3,37.7,,run
2026-08-02T05:43:54+03:00,1785638634,13500,64,3,29.3,41.4,,run
2026-08-02T05:44:00+03:00,1785638640,13506,64,3,29.3,42.6,,run
2026-08-02T05:44:05+03:00,1785638645,13511,64,3,29.3,47.6,,run
2026-08-02T05:44:10+03:00,1785638650,13516,64,3,29.3,42.9,,run
2026-08-02T05:44:16+03:00,1785638656,13522,64,3,29.3,38.3,,run
2026-08-02T05:44:21+03:00,1785638661,13527,64,3,29.3,37.1,,run
2026-08-02T05:44:27+03:00,1785638667,13533,64,3,29.3,38.0,,run
2026-08-02T05:44:32+03:00,1785638672,13538,64,3,29.3,37.1,,run
2026-08-02T05:44:38+03:00,1785638678,13544,64,3,29.3,38.9,,run
2026-08-02T05:44:43+03:00,1785638683,13549,64,3,29.3,39.2,,run
2026-08-02T05:44:48+03:00,1785638688,13554,64,3,29.3,37.4,,run
2026-08-02T05:44:54+03:00,1785638694,13560,64,3,29.3,36.8,,run
2026-08-02T05:44:59+03:00,1785638699,13565,64,3,29.3,36.4,,run
2026-08-02T05:45:05+03:00,1785638705,13571,64,3,29.3,36.1,,run
2026-08-02T05:45:10+03:00,1785638710,13576,64,3,29.3,38.6,,run
2026-08-02T05:45:15+03:00,1785638715,13581,64,3,29.3,39.8,,run
2026-08-02T05:45:21+03:00,1785638721,13587,64,3,29.3,51.0,,run
2026-08-02T05:45:26+03:00,1785638726,13592,64,3,29.3,42.6,,run
2026-08-02T05:45:32+03:00,1785638732,13598,64,3,29.3,36.1,,run
2026-08-02T05:45:37+03:00,1785638737,13603,64,3,29.3,38.0,,run
2026-08-02T05:45:42+03:00,1785638742,13608,64,3,29.3,36.4,,run
2026-08-02T05:45:48+03:00,1785638748,13614,64,3,29.3,35.5,,run
2026-08-02T05:45:53+03:00,1785638753,13619,64,3,29.3,35.8,,run
2026-08-02T05:45:59+03:00,1785638759,13625,64,3,29.3,35.5,,run
2026-08-02T05:46:04+03:00,1785638764,13630,64,3,29.3,50.1,,run
2026-08-02T05:46:10+03:00,1785638770,13636,64,3,29.3,39.5,,run
2026-08-02T05:46:15+03:00,1785638775,13641,64,3,29.3,40.5,,run
2026-08-02T05:46:20+03:00,1785638780,13646,64,3,29.3,37.4,,run
2026-08-02T05:46:26+03:00,1785638786,13652,64,3,29.3,37.4,,run
2026-08-02T05:46:31+03:00,1785638791,13657,64,3,29.3,37.4,,run
2026-08-02T05:46:37+03:00,1785638797,13663,64,3,29.3,36.1,,run
2026-08-02T05:46:42+03:00,1785638802,13668,64,3,29.3,38.6,,run
2026-08-02T05:46:48+03:00,1785638808,13674,64,3,29.3,40.5,,run
2026-08-02T05:46:53+03:00,1785638813,13679,64,3,29.3,37.4,,run
2026-08-02T05:46:58+03:00,1785638818,13684,64,3,29.3,36.4,,run
2026-08-02T05:47:04+03:00,1785638824,13690,64,3,29.3,36.8,,run
2026-08-02T05:47:09+03:00,1785638829,13695,64,3,29.3,36.1,,run
2026-08-02T05:47:15+03:00,1785638835,13701,64,3,29.3,39.5,,run
2026-08-02T05:47:20+03:00,1785638840,13706,64,3,29.3,48.8,,run
2026-08-02T05:47:26+03:00,1785638846,13712,64,3,29.3,37.7,,run
2026-08-02T05:47:31+03:00,1785638851,13717,64,3,29.3,36.8,,run
2026-08-02T05:47:37+03:00,1785638857,13723,64,3,29.3,36.4,,run
2026-08-02T05:47:42+03:00,1785638862,13728,64,3,29.3,36.4,,run
2026-08-02T05:47:48+03:00,1785638868,13734,64,3,29.3,35.5,,run
2026-08-02T05:47:53+03:00,1785638873,13739,64,3,29.3,37.4,,run
2026-08-02T05:47:59+03:00,1785638879,13745,64,3,29.3,39.2,,run
2026-08-02T05:48:04+03:00,1785638884,13750,64,3,29.3,38.6,,run
2026-08-02T05:48:09+03:00,1785638889,13755,64,3,29.3,42.3,,run
2026-08-02T05:48:15+03:00,1785638895,13761,64,3,29.3,37.7,,run
2026-08-02T05:48:20+03:00,1785638900,13766,64,3,29.3,37.1,,run
2026-08-02T05:48:26+03:00,1785638906,13772,64,3,29.3,36.4,,run
2026-08-02T05:48:31+03:00,1785638911,13777,64,3,29.3,38.9,,run
2026-08-02T05:48:37+03:00,1785638917,13783,64,3,29.3,41.1,,run
2026-08-02T05:48:42+03:00,1785638922,13788,64,3,29.3,36.8,,run
2026-08-02T05:48:47+03:00,1785638927,13793,64,3,29.3,36.4,,run
2026-08-02T05:48:53+03:00,1785638933,13799,64,3,29.3,36.4,,run
2026-08-02T05:48:58+03:00,1785638938,13804,64,3,29.3,36.4,,run
2026-08-02T05:49:04+03:00,1785638944,13810,64,3,29.3,38.3,,run
2026-08-02T05:49:09+03:00,1785638949,13815,64,3,29.3,39.8,,run
2026-08-02T05:49:14+03:00,1785638954,13820,64,3,29.3,36.8,,run
2026-08-02T05:49:20+03:00,1785638960,13826,64,3,29.3,42.0,,run
2026-08-02T05:49:25+03:00,1785638965,13831,64,3,29.3,47.9,,run
2026-08-02T05:49:31+03:00,1785638971,13837,64,3,29.3,43.6,,run
2026-08-02T05:49:36+03:00,1785638976,13842,64,3,29.3,36.8,,run
2026-08-02T05:49:42+03:00,1785638982,13848,64,3,29.3,36.1,,run
2026-08-02T05:49:47+03:00,1785638987,13853,64,3,29.3,37.4,,run
2026-08-02T05:49:53+03:00,1785638993,13859,64,3,29.3,39.2,,run
2026-08-02T05:49:58+03:00,1785638998,13864,64,3,29.3,38.0,,run
2026-08-02T05:50:04+03:00,1785639004,13870,64,3,29.3,37.4,,run
2026-08-02T05:50:09+03:00,1785639009,13875,64,3,29.3,36.4,,run
2026-08-02T05:50:14+03:00,1785639014,13880,64,3,29.3,40.8,,run
2026-08-02T05:50:20+03:00,1785639020,13886,64,3,29.3,38.0,,run
2026-08-02T05:50:25+03:00,1785639025,13891,64,3,29.3,36.8,,run
2026-08-02T05:50:31+03:00,1785639031,13897,64,3,29.3,36.8,,run
2026-08-02T05:50:36+03:00,1785639036,13902,64,3,29.3,37.4,,run
2026-08-02T05:50:42+03:00,1785639042,13908,64,3,29.3,38.6,,run
2026-08-02T05:50:47+03:00,1785639047,13913,64,3,29.3,40.5,,run
2026-08-02T05:50:52+03:00,1785639052,13918,64,3,29.3,36.8,,run
2026-08-02T05:50:58+03:00,1785639058,13924,64,3,29.3,36.4,,run
2026-08-02T05:51:03+03:00,1785639063,13929,64,3,29.3,39.2,,run
2026-08-02T05:51:09+03:00,1785639069,13935,64,3,29.3,40.5,,run
2026-08-02T05:51:14+03:00,1785639074,13940,63,3,29.4,40.2,,run
2026-08-02T05:51:20+03:00,1785639080,13946,63,3,29.4,36.4,,run
2026-08-02T05:51:25+03:00,1785639085,13951,63,3,29.4,36.8,,run
2026-08-02T05:51:31+03:00,1785639091,13957,63,3,29.4,47.9,,run
2026-08-02T05:51:36+03:00,1785639096,13962,63,3,29.4,38.6,,run
2026-08-02T05:51:42+03:00,1785639102,13968,63,3,29.4,39.2,,run
2026-08-02T05:51:47+03:00,1785639107,13973,63,3,29.4,38.9,,run
2026-08-02T05:51:52+03:00,1785639112,13978,63,3,29.4,36.4,,run
2026-08-02T05:51:58+03:00,1785639118,13984,63,3,29.4,37.4,,run
2026-08-02T05:52:03+03:00,1785639123,13989,63,3,29.4,36.4,,run
2026-08-02T05:52:09+03:00,1785639129,13995,63,3,29.4,36.4,,run
2026-08-02T05:52:14+03:00,1785639134,14000,63,3,29.4,40.8,,run
2026-08-02T05:52:20+03:00,1785639140,14006,63,3,29.4,37.4,,run
2026-08-02T05:52:25+03:00,1785639145,14011,63,3,29.4,36.8,,run
2026-08-02T05:52:31+03:00,1785639151,14017,63,3,29.4,36.1,,run
2026-08-02T05:52:36+03:00,1785639156,14022,63,3,29.4,37.1,,run
2026-08-02T05:52:42+03:00,1785639162,14028,63,3,29.4,38.3,,run
2026-08-02T05:52:47+03:00,1785639167,14033,63,3,29.4,47.0,,run
2026-08-02T05:52:53+03:00,1785639173,14039,63,3,29.4,38.0,,run
2026-08-02T05:52:58+03:00,1785639178,14044,63,3,29.4,38.3,,run
2026-08-02T05:53:04+03:00,1785639184,14050,63,3,29.4,36.1,,run
2026-08-02T05:53:09+03:00,1785639189,14055,63,3,29.4,36.1,,run
2026-08-02T05:53:14+03:00,1785639194,14060,63,3,29.4,50.7,,run
2026-08-02T05:53:20+03:00,1785639200,14066,63,3,29.4,38.9,,run
2026-08-02T05:53:25+03:00,1785639205,14071,63,3,29.4,37.4,,run
2026-08-02T05:53:31+03:00,1785639211,14077,63,3,29.4,37.7,,run
2026-08-02T05:53:36+03:00,1785639216,14082,63,3,29.4,36.1,,run
2026-08-02T05:53:42+03:00,1785639222,14088,63,3,29.4,39.5,,run
2026-08-02T05:53:47+03:00,1785639227,14093,63,3,29.4,40.2,,run
2026-08-02T05:53:52+03:00,1785639232,14098,63,3,29.4,37.7,,run
2026-08-02T05:53:58+03:00,1785639238,14104,63,3,29.4,36.8,,run
2026-08-02T05:54:03+03:00,1785639243,14109,63,3,29.4,36.8,,run
2026-08-02T05:54:09+03:00,1785639249,14115,63,3,29.4,36.1,,run
2026-08-02T05:54:14+03:00,1785639254,14120,63,3,29.4,39.5,,run
2026-08-02T05:54:20+03:00,1785639260,14126,63,3,29.4,36.8,,run
2026-08-02T05:54:25+03:00,1785639265,14131,63,3,29.4,36.8,,run
2026-08-02T05:54:31+03:00,1785639271,14137,63,3,29.4,47.9,,run
2026-08-02T05:54:36+03:00,1785639276,14142,63,3,29.4,38.0,,run
2026-08-02T05:54:42+03:00,1785639282,14148,63,3,29.4,37.1,,run
2026-08-02T05:54:47+03:00,1785639287,14153,63,3,29.4,36.1,,run
2026-08-02T05:54:53+03:00,1785639293,14159,63,3,29.4,35.8,,run
2026-08-02T05:54:58+03:00,1785639298,14164,63,3,29.4,35.2,,run
2026-08-02T05:55:04+03:00,1785639304,14170,63,3,29.4,39.2,,run
2026-08-02T05:55:09+03:00,1785639309,14175,63,3,29.4,36.4,,run
2026-08-02T05:55:14+03:00,1785639314,14180,63,3,29.4,37.7,,run
2026-08-02T05:55:20+03:00,1785639320,14186,63,3,29.4,47.3,,run
2026-08-02T05:55:25+03:00,1785639325,14191,63,3,29.4,37.4,,run
2026-08-02T05:55:31+03:00,1785639331,14197,63,3,29.4,39.2,,run
2026-08-02T05:55:36+03:00,1785639336,14202,63,3,29.4,39.5,,run
2026-08-02T05:55:42+03:00,1785639342,14208,63,3,29.4,37.1,,run
2026-08-02T05:55:47+03:00,1785639347,14213,63,3,29.4,37.1,,run
2026-08-02T05:55:53+03:00,1785639353,14219,63,3,29.4,36.4,,run
2026-08-02T05:55:58+03:00,1785639358,14224,63,3,29.4,36.1,,run
2026-08-02T05:56:04+03:00,1785639364,14230,63,3,29.4,40.2,,run
2026-08-02T05:56:09+03:00,1785639369,14235,63,3,29.4,36.8,,run
2026-08-02T05:56:14+03:00,1785639374,14240,63,3,29.4,36.4,,run
2026-08-02T05:56:20+03:00,1785639380,14246,63,3,29.4,36.4,,run
2026-08-02T05:56:25+03:00,1785639385,14251,63,3,29.4,37.1,,run
2026-08-02T05:56:31+03:00,1785639391,14257,63,3,29.4,40.8,,run
2026-08-02T05:56:36+03:00,1785639396,14262,63,3,29.4,51.0,,run
2026-08-02T05:56:42+03:00,1785639402,14268,63,3,29.4,41.4,,run
2026-08-02T05:56:47+03:00,1785639407,14273,63,3,29.4,36.4,,run
2026-08-02T05:56:53+03:00,1785639413,14279,63,3,29.4,36.4,,run
2026-08-02T05:56:58+03:00,1785639418,14284,63,3,29.4,35.8,,run
2026-08-02T05:57:03+03:00,1785639423,14289,63,3,29.4,35.8,,run
2026-08-02T05:57:09+03:00,1785639429,14295,63,3,29.4,36.4,,run
2026-08-02T05:57:14+03:00,1785639434,14300,63,3,29.4,37.4,,run
2026-08-02T05:57:20+03:00,1785639440,14306,63,3,29.4,40.5,,run
2026-08-02T05:57:25+03:00,1785639445,14311,63,3,29.4,42.9,,run
2026-08-02T05:57:31+03:00,1785639451,14317,63,3,29.4,41.7,,run
2026-08-02T05:57:36+03:00,1785639456,14322,63,3,29.4,37.7,,run
2026-08-02T05:57:41+03:00,1785639461,14327,63,3,29.4,36.8,,run
2026-08-02T05:57:47+03:00,1785639467,14333,63,3,29.4,37.1,,run
2026-08-02T05:57:52+03:00,1785639472,14338,63,3,29.4,36.4,,run
2026-08-02T05:57:58+03:00,1785639478,14344,63,3,29.4,38.3,,run
2026-08-02T05:58:03+03:00,1785639483,14349,63,3,29.4,40.5,,run
2026-08-02T05:58:08+03:00,1785639488,14354,63,3,29.4,37.4,,run
2026-08-02T05:58:14+03:00,1785639494,14360,63,3,29.4,36.8,,run
2026-08-02T05:58:19+03:00,1785639499,14365,63,3,29.4,36.4,,run
2026-08-02T05:58:25+03:00,1785639505,14371,63,3,29.4,36.4,,run
2026-08-02T05:58:30+03:00,1785639510,14376,63,3,29.4,38.3,,run
2026-08-02T05:58:36+03:00,1785639516,14382,63,3,29.4,44.5,,run
2026-08-02T05:58:41+03:00,1785639521,14387,63,3,29.4,49.1,,run
2026-08-02T05:58:46+03:00,1785639526,14392,63,3,29.4,37.7,,run
2026-08-02T05:58:52+03:00,1785639532,14398,63,3,29.3,36.8,,run
2026-08-02T05:58:57+03:00,1785639537,14403,63,3,29.3,36.4,,run
2026-08-02T05:59:03+03:00,1785639543,14409,63,3,29.3,35.8,,run
2026-08-02T05:59:08+03:00,1785639548,14414,63,3,29.3,35.8,,run
2026-08-02T05:59:14+03:00,1785639554,14420,63,3,29.3,35.8,,run
2026-08-02T05:59:19+03:00,1785639559,14425,63,3,29.3,36.1,,run
2026-08-02T05:59:25+03:00,1785639565,14431,63,3,29.3,41.7,,run
2026-08-02T05:59:30+03:00,1785639570,14436,63,3,29.3,41.4,,run
2026-08-02T05:59:35+03:00,1785639575,14441,63,3,29.3,37.4,,run
2026-08-02T05:59:41+03:00,1785639581,14447,63,3,29.3,37.4,,run
2026-08-02T05:59:46+03:00,1785639586,14452,63,3,29.3,37.1,,run
2026-08-02T05:59:52+03:00,1785639592,14458,63,3,29.3,38.6,,run
2026-08-02T05:59:57+03:00,1785639597,14463,63,3,29.3,41.1,,run
2026-08-02T06:00:03+03:00,1785639603,14469,63,3,29.3,37.1,,run
2026-08-02T06:00:08+03:00,1785639608,14474,63,3,29.3,36.8,,run
2026-08-02T06:00:14+03:00,1785639614,14480,63,3,29.3,36.1,,run
2026-08-02T06:00:19+03:00,1785639619,14485,63,3,29.3,36.1,,run
2026-08-02T06:00:24+03:00,1785639624,14490,63,3,29.3,38.9,,run
2026-08-02T06:00:30+03:00,1785639630,14496,63,3,29.3,41.1,,run
2026-08-02T06:00:35+03:00,1785639635,14501,63,3,29.3,37.1,,run
2026-08-02T06:00:41+03:00,1785639641,14507,63,3,29.3,45.4,,run
2026-08-02T06:00:46+03:00,1785639646,14512,63,3,29.3,40.2,,run
2026-08-02T06:00:52+03:00,1785639652,14518,63,3,29.3,39.8,,run
2026-08-02T06:00:57+03:00,1785639657,14523,63,3,29.3,37.1,,run
2026-08-02T06:01:02+03:00,1785639662,14528,63,3,29.3,35.8,,run
2026-08-02T06:01:08+03:00,1785639668,14534,63,3,29.3,35.8,,run
2026-08-02T06:01:13+03:00,1785639673,14539,63,3,29.3,50.4,,run
2026-08-02T06:01:19+03:00,1785639679,14545,63,3,29.3,41.1,,run
2026-08-02T06:01:24+03:00,1785639684,14550,63,3,29.3,42.6,,run
2026-08-02T06:01:30+03:00,1785639690,14556,63,3,29.3,37.1,,run
2026-08-02T06:01:35+03:00,1785639695,14561,63,3,29.3,37.1,,run
2026-08-02T06:01:41+03:00,1785639701,14567,63,3,29.3,36.8,,run
2026-08-02T06:01:46+03:00,1785639706,14572,63,3,29.3,36.4,,run
2026-08-02T06:01:52+03:00,1785639712,14578,63,3,29.3,38.6,,run
2026-08-02T06:01:57+03:00,1785639717,14583,62,3,29.3,39.2,,run
2026-08-02T06:02:02+03:00,1785639722,14588,62,3,29.3,36.8,,run
2026-08-02T06:02:08+03:00,1785639728,14594,62,3,29.3,36.8,,run
2026-08-02T06:02:13+03:00,1785639733,14599,62,3,29.3,36.8,,run
2026-08-02T06:02:19+03:00,1785639739,14605,62,3,29.3,36.4,,run
2026-08-02T06:02:24+03:00,1785639744,14610,62,3,29.3,38.9,,run
2026-08-02T06:02:30+03:00,1785639750,14616,62,3,29.3,47.6,,run
2026-08-02T06:02:35+03:00,1785639755,14621,62,3,29.3,37.7,,run
2026-08-02T06:02:41+03:00,1785639761,14627,62,3,29.3,37.4,,run
2026-08-02T06:02:46+03:00,1785639766,14632,62,3,29.3,36.1,,run
2026-08-02T06:02:52+03:00,1785639772,14638,62,3,29.3,35.8,,run
2026-08-02T06:02:57+03:00,1785639777,14643,62,3,29.3,36.1,,run
2026-08-02T06:03:03+03:00,1785639783,14649,62,3,29.3,36.4,,run
2026-08-02T06:03:08+03:00,1785639788,14654,62,3,29.3,39.8,,run
2026-08-02T06:03:13+03:00,1785639793,14659,62,3,29.3,36.4,,run
2026-08-02T06:03:19+03:00,1785639799,14665,62,3,29.3,51.0,,run
2026-08-02T06:03:25+03:00,1785639805,14671,62,3,29.3,39.2,,run
2026-08-02T06:03:30+03:00,1785639810,14676,62,3,29.3,38.3,,run
2026-08-02T06:03:35+03:00,1785639815,14681,62,3,29.3,36.8,,run
2026-08-02T06:03:41+03:00,1785639821,14687,62,3,29.3,36.4,,run
2026-08-02T06:03:46+03:00,1785639826,14692,62,3,29.3,38.9,,run
2026-08-02T06:03:52+03:00,1785639832,14698,62,3,29.3,38.0,,run
2026-08-02T06:03:57+03:00,1785639837,14703,62,3,29.3,36.4,,run
2026-08-02T06:04:03+03:00,1785639842,14708,62,3,29.3,36.1,,run
2026-08-02T06:04:08+03:00,1785639848,14714,62,3,29.3,36.4,,run
2026-08-02T06:04:13+03:00,1785639853,14719,62,3,29.3,36.4,,run
2026-08-02T06:04:19+03:00,1785639859,14725,62,3,29.3,40.8,,run
2026-08-02T06:04:24+03:00,1785639864,14730,62,3,29.3,37.1,,run
2026-08-02T06:04:30+03:00,1785639870,14736,62,3,29.3,36.1,,run
2026-08-02T06:04:35+03:00,1785639875,14741,62,3,29.3,49.4,,run
2026-08-02T06:04:41+03:00,1785639881,14747,62,3,29.3,38.3,,run
2026-08-02T06:04:46+03:00,1785639886,14752,62,3,29.3,37.1,,run
2026-08-02T06:04:52+03:00,1785639892,14758,62,3,29.3,36.4,,run
2026-08-02T06:04:57+03:00,1785639897,14763,62,3,29.3,36.1,,run
2026-08-02T06:05:03+03:00,1785639903,14769,62,3,29.3,35.2,,run
2026-08-02T06:05:08+03:00,1785639908,14774,62,3,29.3,38.0,,run
2026-08-02T06:05:13+03:00,1785639913,14779,62,3,29.3,36.1,,run
2026-08-02T06:05:19+03:00,1785639919,14785,62,3,29.3,38.0,,run
2026-08-02T06:05:24+03:00,1785639924,14790,62,3,29.3,46.0,,run
2026-08-02T06:05:30+03:00,1785639930,14796,62,3,29.3,38.0,,run
2026-08-02T06:05:35+03:00,1785639935,14801,62,3,29.3,37.1,,run
2026-08-02T06:05:41+03:00,1785639941,14807,62,3,29.3,36.8,,run
2026-08-02T06:05:46+03:00,1785639946,14812,62,3,29.3,40.5,,run
2026-08-02T06:05:51+03:00,1785639951,14817,62,3,29.3,37.4,,run
2026-08-02T06:05:57+03:00,1785639957,14823,62,3,29.3,36.8,,run
2026-08-02T06:06:02+03:00,1785639962,14828,62,3,29.3,36.1,,run
2026-08-02T06:06:08+03:00,1785639968,14834,62,3,29.3,36.1,,run
2026-08-02T06:06:13+03:00,1785639973,14839,62,3,29.3,38.0,,run
2026-08-02T06:06:19+03:00,1785639979,14845,62,3,29.3,40.8,,run
2026-08-02T06:06:24+03:00,1785639984,14850,62,3,29.3,37.7,,run
2026-08-02T06:06:29+03:00,1785639989,14855,62,3,29.3,36.8,,run
2026-08-02T06:06:35+03:00,1785639995,14861,62,3,29.3,42.3,,run
2026-08-02T06:06:40+03:00,1785640000,14866,62,3,29.3,48.5,,run
2026-08-02T06:06:46+03:00,1785640006,14872,62,3,29.3,41.7,,run
2026-08-02T06:06:51+03:00,1785640011,14877,62,3,29.3,36.1,,run
2026-08-02T06:06:56+03:00,1785640016,14882,62,3,29.3,35.8,,run
2026-08-02T06:07:02+03:00,1785640022,14888,62,3,29.3,36.4,,run
2026-08-02T06:07:07+03:00,1785640027,14893,62,3,29.3,35.5,,run
2026-08-02T06:07:13+03:00,1785640033,14899,62,3,29.3,35.5,,run
2026-08-02T06:07:18+03:00,1785640038,14904,62,3,29.3,37.1,,run
2026-08-02T06:07:24+03:00,1785640044,14910,62,3,29.3,38.9,,run
2026-08-02T06:07:29+03:00,1785640049,14915,62,3,29.3,44.5,,run
2026-08-02T06:07:35+03:00,1785640055,14921,62,3,29.3,41.7,,run
2026-08-02T06:07:40+03:00,1785640060,14926,62,3,29.3,37.7,,run
2026-08-02T06:07:45+03:00,1785640065,14931,62,3,29.3,36.4,,run
2026-08-02T06:07:51+03:00,1785640071,14937,62,3,29.3,36.4,,run
2026-08-02T06:07:56+03:00,1785640076,14942,62,3,29.3,36.1,,run
2026-08-02T06:08:02+03:00,1785640082,14948,62,3,29.3,39.2,,run
2026-08-02T06:08:07+03:00,1785640087,14953,62,3,29.3,38.0,,run
2026-08-02T06:08:13+03:00,1785640093,14959,62,3,29.3,36.4,,run
2026-08-02T06:08:18+03:00,1785640098,14964,62,3,29.3,36.4,,run
2026-08-02T06:08:24+03:00,1785640104,14970,62,3,29.3,36.1,,run
2026-08-02T06:08:29+03:00,1785640109,14975,62,3,29.3,36.1,,run
2026-08-02T06:08:34+03:00,1785640114,14980,62,3,29.3,40.2,,run
2026-08-02T06:08:40+03:00,1785640120,14986,62,3,29.3,41.7,,run
2026-08-02T06:08:45+03:00,1785640125,14991,62,3,29.3,50.1,,run
2026-08-02T06:08:51+03:00,1785640131,14997,62,3,29.3,42.0,,run
2026-08-02T06:08:56+03:00,1785640136,15002,62,3,29.1,36.4,,run
2026-08-02T06:09:02+03:00,1785640142,15008,62,3,29.1,35.5,,run
2026-08-02T06:09:07+03:00,1785640147,15013,62,3,29.1,35.5,,run
2026-08-02T06:09:12+03:00,1785640152,15018,62,3,29.1,35.5,,run
2026-08-02T06:09:18+03:00,1785640158,15024,62,3,29.1,36.1,,run
2026-08-02T06:09:23+03:00,1785640163,15029,62,3,29.1,38.0,,run
2026-08-02T06:09:29+03:00,1785640169,15035,62,3,29.1,49.4,,run
2026-08-02T06:09:34+03:00,1785640174,15040,62,3,29.1,43.6,,run
2026-08-02T06:09:40+03:00,1785640180,15046,62,3,29.1,38.0,,run
2026-08-02T06:09:45+03:00,1785640185,15051,62,3,29.1,37.1,,run
2026-08-02T06:09:51+03:00,1785640191,15057,62,3,29.1,37.1,,run
2026-08-02T06:09:56+03:00,1785640196,15062,62,3,29.1,37.4,,run
2026-08-02T06:10:02+03:00,1785640202,15068,62,3,29.1,38.9,,run
2026-08-02T06:10:07+03:00,1785640207,15073,62,3,29.1,38.3,,run
2026-08-02T06:10:12+03:00,1785640212,15078,62,3,29.1,36.1,,run
2026-08-02T06:10:18+03:00,1785640218,15084,62,3,29.1,36.1,,run
2026-08-02T06:10:23+03:00,1785640223,15089,62,3,29.1,36.4,,run
2026-08-02T06:10:29+03:00,1785640229,15095,62,3,29.1,36.4,,run
2026-08-02T06:10:34+03:00,1785640234,15100,62,3,29.1,40.2,,run
2026-08-02T06:10:40+03:00,1785640240,15106,62,3,29.1,37.4,,run
2026-08-02T06:10:45+03:00,1785640245,15111,62,3,29.1,47.3,,run
2026-08-02T06:10:51+03:00,1785640251,15117,62,3,29.1,38.0,,run
2026-08-02T06:10:56+03:00,1785640256,15122,62,3,29.1,37.1,,run
2026-08-02T06:11:02+03:00,1785640262,15128,62,3,29.1,36.1,,run
2026-08-02T06:11:07+03:00,1785640267,15133,62,3,29.1,37.1,,run
2026-08-02T06:11:13+03:00,1785640273,15139,62,3,29.1,35.2,,run
2026-08-02T06:11:18+03:00,1785640278,15144,62,3,29.1,37.7,,run
2026-08-02T06:11:23+03:00,1785640283,15149,62,3,29.1,38.9,,run
2026-08-02T06:11:29+03:00,1785640289,15155,62,3,29.1,38.3,,run
2026-08-02T06:11:34+03:00,1785640294,15160,62,3,29.1,40.8,,run
2026-08-02T06:11:40+03:00,1785640300,15166,62,3,29.1,37.4,,run
2026-08-02T06:11:45+03:00,1785640305,15171,62,3,29.1,36.1,,run
2026-08-02T06:11:51+03:00,1785640311,15177,62,3,29.1,36.4,,run
2026-08-02T06:11:56+03:00,1785640316,15182,62,3,29.1,37.4,,run
2026-08-02T06:12:02+03:00,1785640322,15188,62,3,29.1,40.5,,run
2026-08-02T06:12:07+03:00,1785640327,15193,62,3,29.1,37.7,,run
2026-08-02T06:12:12+03:00,1785640332,15198,62,3,29.1,37.1,,run
2026-08-02T06:12:18+03:00,1785640338,15204,62,3,29.1,36.1,,run
2026-08-02T06:12:23+03:00,1785640343,15209,62,3,29.1,36.4,,run
2026-08-02T06:12:29+03:00,1785640349,15215,62,3,29.1,38.3,,run
2026-08-02T06:12:34+03:00,1785640354,15220,62,3,29.1,40.5,,run
2026-08-02T06:12:40+03:00,1785640360,15226,61,3,29.2,36.8,,run
2026-08-02T06:12:45+03:00,1785640365,15231,61,3,29.2,43.2,,run
2026-08-02T06:12:50+03:00,1785640370,15236,61,3,29.2,48.8,,run
2026-08-02T06:12:56+03:00,1785640376,15242,61,3,29.2,42.0,,run
2026-08-02T06:13:01+03:00,1785640381,15247,61,3,29.2,36.1,,run
2026-08-02T06:13:07+03:00,1785640387,15253,61,3,29.2,36.1,,run
2026-08-02T06:13:12+03:00,1785640392,15258,61,3,29.2,35.5,,run
2026-08-02T06:13:18+03:00,1785640398,15264,61,3,29.2,36.8,,run
2026-08-02T06:13:23+03:00,1785640403,15269,61,3,29.2,37.4,,run
2026-08-02T06:13:29+03:00,1785640409,15275,61,3,29.2,40.2,,run
2026-08-02T06:13:34+03:00,1785640414,15280,61,3,29.2,50.7,,run
2026-08-02T06:13:40+03:00,1785640420,15286,61,3,29.2,38.9,,run
2026-08-02T06:13:45+03:00,1785640425,15291,61,3,29.2,37.4,,run
2026-08-02T06:13:50+03:00,1785640430,15296,61,3,29.2,36.8,,run
2026-08-02T06:13:56+03:00,1785640436,15302,61,3,29.2,36.8,,run
2026-08-02T06:14:01+03:00,1785640441,15307,61,3,29.2,37.4,,run
2026-08-02T06:14:07+03:00,1785640447,15313,61,3,29.2,40.8,,run
2026-08-02T06:14:12+03:00,1785640452,15318,61,3,29.2,38.0,,run
2026-08-02T06:14:17+03:00,1785640457,15323,61,3,29.2,37.4,,run
2026-08-02T06:14:23+03:00,1785640463,15329,61,3,29.2,38.3,,run
2026-08-02T06:14:28+03:00,1785640468,15334,61,3,29.2,37.1,,run
2026-08-02T06:14:34+03:00,1785640474,15340,61,3,29.2,37.1,,run
2026-08-02T06:14:39+03:00,1785640479,15345,61,3,29.2,39.2,,run
2026-08-02T06:14:45+03:00,1785640485,15351,61,3,29.2,38.3,,run
2026-08-02T06:14:50+03:00,1785640490,15356,61,3,29.2,47.9,,run
2026-08-02T06:14:56+03:00,1785640496,15362,61,3,29.2,37.7,,run
2026-08-02T06:15:01+03:00,1785640501,15367,61,3,29.2,37.4,,run
2026-08-02T06:15:07+03:00,1785640507,15373,61,3,29.2,36.4,,run
2026-08-02T06:15:12+03:00,1785640512,15378,61,3,29.2,36.1,,run
2026-08-02T06:15:18+03:00,1785640518,15384,61,3,29.2,35.5,,run
2026-08-02T06:15:23+03:00,1785640523,15389,61,3,29.2,39.2,,run
2026-08-02T06:15:28+03:00,1785640528,15394,61,3,29.2,36.1,,run
2026-08-02T06:15:34+03:00,1785640534,15400,61,3,29.2,38.3,,run
2026-08-02T06:15:39+03:00,1785640539,15405,61,3,29.2,42.6,,run
2026-08-02T06:15:45+03:00,1785640545,15411,61,3,29.2,36.8,,run
2026-08-02T06:15:50+03:00,1785640550,15416,61,3,29.2,36.4,,run
2026-08-02T06:15:56+03:00,1785640556,15422,61,3,29.2,38.3,,run
2026-08-02T06:16:01+03:00,1785640561,15427,61,3,29.2,39.5,,run
2026-08-02T06:16:07+03:00,1785640567,15433,61,3,29.2,37.7,,run
2026-08-02T06:16:12+03:00,1785640572,15438,61,3,29.2,37.1,,run
2026-08-02T06:16:17+03:00,1785640577,15443,61,3,29.2,36.1,,run
2026-08-02T06:16:23+03:00,1785640583,15449,61,3,29.2,36.8,,run
2026-08-02T06:16:28+03:00,1785640588,15454,61,3,29.2,38.3,,run
2026-08-02T06:16:34+03:00,1785640594,15460,61,3,29.2,38.9,,run
2026-08-02T06:16:39+03:00,1785640599,15465,61,3,29.2,37.1,,run
2026-08-02T06:16:44+03:00,1785640604,15470,61,3,29.2,36.1,,run
2026-08-02T06:16:50+03:00,1785640610,15476,61,3,29.2,41.1,,run
2026-08-02T06:16:55+03:00,1785640615,15481,61,3,29.2,42.9,,run
2026-08-02T06:17:01+03:00,1785640621,15487,61,3,29.2,42.6,,run
2026-08-02T06:17:06+03:00,1785640626,15492,61,3,29.2,36.4,,run
2026-08-02T06:17:12+03:00,1785640632,15498,61,3,29.2,36.4,,run
2026-08-02T06:17:17+03:00,1785640637,15503,61,3,29.2,38.0,,run
2026-08-02T06:17:23+03:00,1785640643,15509,61,3,29.2,41.1,,run
2026-08-02T06:17:28+03:00,1785640648,15514,61,3,29.2,37.4,,run
2026-08-02T06:17:34+03:00,1785640654,15520,61,3,29.2,36.8,,run
2026-08-02T06:17:39+03:00,1785640659,15525,61,3,29.2,38.0,,run
2026-08-02T06:17:44+03:00,1785640664,15530,61,3,29.2,41.4,,run
2026-08-02T06:17:50+03:00,1785640670,15536,61,3,29.2,37.1,,run
2026-08-02T06:17:55+03:00,1785640675,15541,61,3,29.2,37.1,,run
2026-08-02T06:18:01+03:00,1785640681,15547,61,3,29.2,36.4,,run
2026-08-02T06:18:06+03:00,1785640686,15552,61,3,29.2,36.1,,run
2026-08-02T06:18:12+03:00,1785640692,15558,61,3,29.2,39.5,,run
2026-08-02T06:18:17+03:00,1785640697,15563,61,3,29.2,38.6,,run
2026-08-02T06:18:22+03:00,1785640702,15568,61,3,29.2,37.4,,run
2026-08-02T06:18:28+03:00,1785640708,15574,61,3,29.2,36.1,,run
2026-08-02T06:18:33+03:00,1785640713,15579,61,3,29.2,38.3,,run
2026-08-02T06:18:39+03:00,1785640719,15585,61,3,29.2,39.8,,run
2026-08-02T06:18:44+03:00,1785640724,15590,61,3,29.2,38.3,,run
2026-08-02T06:18:50+03:00,1785640730,15596,61,3,29.2,35.8,,run
2026-08-02T06:18:55+03:00,1785640735,15601,61,3,29.1,36.1,,run
2026-08-02T06:19:01+03:00,1785640741,15607,61,3,29.1,35.2,,run
2026-08-02T06:19:06+03:00,1785640746,15612,61,3,29.1,36.1,,run
2026-08-02T06:19:12+03:00,1785640752,15618,61,3,29.1,36.1,,run
2026-08-02T06:19:17+03:00,1785640757,15623,61,3,29.1,36.1,,run
2026-08-02T06:19:23+03:00,1785640763,15629,61,3,29.1,48.5,,run
2026-08-02T06:19:28+03:00,1785640768,15634,61,3,29.1,38.9,,run
2026-08-02T06:19:33+03:00,1785640773,15639,61,3,29.1,37.4,,run
2026-08-02T06:19:39+03:00,1785640779,15645,61,3,29.1,39.5,,run
2026-08-02T06:19:44+03:00,1785640784,15650,61,3,29.1,41.1,,run
2026-08-02T06:19:50+03:00,1785640790,15656,61,3,29.1,40.5,,run
2026-08-02T06:19:55+03:00,1785640795,15661,61,3,29.1,38.0,,run
2026-08-02T06:20:00+03:00,1785640800,15666,61,3,29.1,37.4,,run
2026-08-02T06:20:06+03:00,1785640806,15672,61,3,29.1,36.8,,run
2026-08-02T06:20:11+03:00,1785640811,15677,61,3,29.1,38.0,,run
2026-08-02T06:20:17+03:00,1785640817,15683,61,3,29.1,40.5,,run
2026-08-02T06:20:22+03:00,1785640822,15688,61,3,29.1,40.5,,run
2026-08-02T06:20:27+03:00,1785640827,15693,61,3,29.1,39.5,,run
2026-08-02T06:20:33+03:00,1785640833,15699,61,3,29.1,37.1,,run
2026-08-02T06:20:38+03:00,1785640838,15704,61,3,29.1,50.7,,run
2026-08-02T06:20:44+03:00,1785640844,15710,61,3,29.1,38.6,,run
2026-08-02T06:20:49+03:00,1785640849,15715,61,3,29.1,37.7,,run
2026-08-02T06:20:55+03:00,1785640855,15721,61,3,29.1,35.8,,run
2026-08-02T06:21:00+03:00,1785640860,15726,61,3,29.1,35.8,,run
2026-08-02T06:21:06+03:00,1785640866,15732,61,3,29.1,47.6,,run
2026-08-02T06:21:11+03:00,1785640871,15737,61,3,29.1,38.3,,run
2026-08-02T06:21:16+03:00,1785640876,15742,61,3,29.1,37.1,,run
2026-08-02T06:21:22+03:00,1785640882,15748,61,3,29.1,36.8,,run
2026-08-02T06:21:27+03:00,1785640887,15753,61,3,29.1,38.9,,run
2026-08-02T06:21:33+03:00,1785640893,15759,61,3,29.1,39.8,,run
2026-08-02T06:21:38+03:00,1785640898,15764,61,3,29.1,36.8,,run
2026-08-02T06:21:44+03:00,1785640904,15770,61,3,29.1,37.1,,run
2026-08-02T06:21:49+03:00,1785640909,15775,61,3,29.1,36.8,,run
2026-08-02T06:21:54+03:00,1785640914,15780,61,3,29.1,36.4,,run
2026-08-02T06:22:00+03:00,1785640920,15786,61,3,29.1,39.2,,run
2026-08-02T06:22:05+03:00,1785640925,15791,61,3,29.1,38.0,,run
2026-08-02T06:22:11+03:00,1785640931,15797,61,3,29.1,36.8,,run
2026-08-02T06:22:16+03:00,1785640936,15802,60,3,29.2,36.4,,run
2026-08-02T06:22:22+03:00,1785640942,15808,60,3,29.2,49.7,,run
2026-08-02T06:22:27+03:00,1785640947,15813,60,3,29.2,37.7,,run
2026-08-02T06:22:33+03:00,1785640953,15819,60,3,29.2,36.8,,run
2026-08-02T06:22:38+03:00,1785640958,15824,60,3,29.2,36.1,,run
2026-08-02T06:22:44+03:00,1785640964,15830,60,3,29.2,36.8,,run
2026-08-02T06:22:49+03:00,1785640969,15835,60,3,29.2,47.3,,run
2026-08-02T06:22:54+03:00,1785640974,15840,60,3,29.2,37.7,,run
2026-08-02T06:23:00+03:00,1785640980,15846,60,3,29.2,38.9,,run
2026-08-02T06:23:05+03:00,1785640985,15851,60,3,29.2,40.2,,run
2026-08-02T06:23:11+03:00,1785640991,15857,60,3,29.2,36.8,,run
2026-08-02T06:23:16+03:00,1785640996,15862,60,3,29.2,36.1,,run
2026-08-02T06:23:22+03:00,1785641002,15868,60,3,29.2,37.1,,run
2026-08-02T06:23:27+03:00,1785641007,15873,60,3,29.2,38.0,,run
2026-08-02T06:23:33+03:00,1785641013,15879,60,3,29.2,40.8,,run
2026-08-02T06:23:38+03:00,1785641018,15884,60,3,29.2,37.1,,run
2026-08-02T06:23:43+03:00,1785641023,15889,60,3,29.2,36.4,,run
2026-08-02T06:23:49+03:00,1785641029,15895,60,3,29.2,36.1,,run
2026-08-02T06:23:54+03:00,1785641034,15900,60,3,29.2,36.1,,run
2026-08-02T06:24:00+03:00,1785641040,15906,60,3,29.2,41.4,,run
2026-08-02T06:24:05+03:00,1785641045,15911,60,3,29.2,50.1,,run
2026-08-02T06:24:11+03:00,1785641051,15917,60,3,29.2,41.7,,run
2026-08-02T06:24:16+03:00,1785641056,15922,60,3,29.2,36.8,,run
2026-08-02T06:24:22+03:00,1785641062,15928,60,3,29.2,36.1,,run
2026-08-02T06:24:27+03:00,1785641067,15933,60,3,29.2,36.4,,run
2026-08-02T06:24:33+03:00,1785641073,15939,60,3,29.2,35.5,,run
2026-08-02T06:24:38+03:00,1785641078,15944,60,3,29.2,35.5,,run
2026-08-02T06:24:43+03:00,1785641083,15949,60,3,29.2,36.4,,run
2026-08-02T06:24:49+03:00,1785641089,15955,60,3,29.2,48.2,,run
2026-08-02T06:24:55+03:00,1785641095,15961,60,3,29.2,38.6,,run
2026-08-02T06:25:00+03:00,1785641100,15966,60,3,29.2,36.8,,run
2026-08-02T06:25:06+03:00,1785641106,15972,60,3,29.2,37.4,,run
2026-08-02T06:25:11+03:00,1785641111,15977,60,3,29.2,36.8,,run
2026-08-02T06:25:17+03:00,1785641117,15983,60,3,29.2,38.3,,run
2026-08-02T06:25:22+03:00,1785641122,15988,60,3,29.2,40.8,,run
2026-08-02T06:25:27+03:00,1785641127,15993,60,3,29.2,36.8,,run
2026-08-02T06:25:33+03:00,1785641133,15999,60,3,29.2,36.4,,run
2026-08-02T06:25:38+03:00,1785641138,16004,60,3,29.2,36.4,,run
2026-08-02T06:25:44+03:00,1785641144,16010,60,3,29.2,36.4,,run
2026-08-02T06:25:49+03:00,1785641149,16015,60,3,29.2,39.5,,run
2026-08-02T06:25:55+03:00,1785641155,16021,60,3,29.2,37.1,,run
2026-08-02T06:26:00+03:00,1785641160,16026,60,3,29.2,36.8,,run
2026-08-02T06:26:05+03:00,1785641165,16031,60,3,29.2,48.8,,run
2026-08-02T06:26:11+03:00,1785641171,16037,60,3,29.2,38.3,,run
2026-08-02T06:26:16+03:00,1785641176,16042,60,3,29.2,38.3,,run
2026-08-02T06:26:22+03:00,1785641182,16048,60,3,29.2,36.4,,run
2026-08-02T06:26:27+03:00,1785641187,16053,60,3,29.2,36.1,,run
2026-08-02T06:26:33+03:00,1785641193,16059,60,3,29.2,35.8,,run
2026-08-02T06:26:38+03:00,1785641198,16064,60,3,29.2,35.5,,run
2026-08-02T06:26:44+03:00,1785641204,16070,60,3,29.2,35.8,,run
2026-08-02T06:26:49+03:00,1785641209,16075,60,3,29.2,40.2,,run
2026-08-02T06:26:55+03:00,1785641215,16081,60,3,29.2,47.6,,run
2026-08-02T06:27:00+03:00,1785641220,16086,60,3,29.2,41.7,,run
2026-08-02T06:27:05+03:00,1785641225,16091,60,3,29.2,38.0,,run
2026-08-02T06:27:11+03:00,1785641231,16097,60,3,29.2,37.4,,run
2026-08-02T06:27:16+03:00,1785641236,16102,60,3,29.2,36.8,,run
2026-08-02T06:27:22+03:00,1785641242,16108,60,3,29.2,36.4,,run
2026-08-02T06:27:27+03:00,1785641247,16113,60,3,29.2,38.9,,run
2026-08-02T06:27:33+03:00,1785641253,16119,60,3,29.2,38.6,,run
2026-08-02T06:27:38+03:00,1785641258,16124,60,3,29.2,36.8,,run
2026-08-02T06:27:43+03:00,1785641263,16129,60,3,29.2,36.8,,run
2026-08-02T06:27:49+03:00,1785641269,16135,60,3,29.2,36.1,,run
2026-08-02T06:27:54+03:00,1785641274,16140,60,3,29.2,37.1,,run
2026-08-02T06:28:00+03:00,1785641280,16146,60,3,29.2,39.5,,run
2026-08-02T06:28:05+03:00,1785641285,16151,60,3,29.2,41.1,,run
2026-08-02T06:28:11+03:00,1785641291,16157,60,3,29.2,51.6,,run
2026-08-02T06:28:16+03:00,1785641296,16162,60,3,29.2,41.1,,run
2026-08-02T06:28:21+03:00,1785641301,16167,60,3,29.2,36.1,,run
2026-08-02T06:28:27+03:00,1785641307,16173,60,3,29.2,37.1,,run
2026-08-02T06:28:32+03:00,1785641312,16178,60,3,29.2,35.5,,run
2026-08-02T06:28:38+03:00,1785641318,16184,60,3,29.2,35.2,,run
2026-08-02T06:28:43+03:00,1785641323,16189,60,3,29.2,35.8,,run
2026-08-02T06:28:49+03:00,1785641329,16195,60,3,29.2,36.4,,run
2026-08-02T06:28:54+03:00,1785641334,16200,60,3,29.1,47.3,,run
2026-08-02T06:29:00+03:00,1785641340,16206,60,3,29.1,43.2,,run
2026-08-02T06:29:05+03:00,1785641345,16211,60,3,29.1,38.6,,run
2026-08-02T06:29:11+03:00,1785641351,16217,60,3,29.1,37.1,,run
2026-08-02T06:29:16+03:00,1785641356,16222,60,3,29.1,36.1,,run
2026-08-02T06:29:22+03:00,1785641362,16228,60,3,29.1,37.1,,run
2026-08-02T06:29:27+03:00,1785641367,16233,60,3,29.1,38.3,,run
2026-08-02T06:29:33+03:00,1785641373,16239,60,3,29.1,40.2,,run
2026-08-02T06:29:38+03:00,1785641378,16244,60,3,29.1,37.1,,run
2026-08-02T06:29:43+03:00,1785641383,16249,60,3,29.1,36.8,,run
2026-08-02T06:29:49+03:00,1785641389,16255,60,3,29.1,36.1,,run
2026-08-02T06:29:54+03:00,1785641394,16260,60,3,29.1,35.8,,run
2026-08-02T06:30:00+03:00,1785641400,16266,60,3,29.1,39.5,,run
2026-08-02T06:30:05+03:00,1785641405,16271,60,3,29.1,38.3,,run
2026-08-02T06:30:10+03:00,1785641410,16276,60,3,29.1,39.8,,run
2026-08-02T06:30:16+03:00,1785641416,16282,60,3,29.1,39.5,,run
2026-08-02T06:30:21+03:00,1785641421,16287,60,3,29.1,38.0,,run
2026-08-02T06:30:27+03:00,1785641427,16293,60,3,29.1,36.4,,run
2026-08-02T06:30:32+03:00,1785641432,16298,60,3,29.1,35.8,,run
2026-08-02T06:30:38+03:00,1785641438,16304,60,3,29.1,48.2,,run
2026-08-02T06:30:43+03:00,1785641443,16309,60,3,29.1,38.6,,run
2026-08-02T06:30:49+03:00,1785641449,16315,60,3,29.1,37.1,,run
2026-08-02T06:30:54+03:00,1785641454,16320,60,3,29.1,36.8,,run
2026-08-02T06:31:00+03:00,1785641460,16326,60,3,29.1,36.1,,run
2026-08-02T06:31:05+03:00,1785641465,16331,60,3,29.1,36.4,,run
2026-08-02T06:31:11+03:00,1785641471,16337,60,3,29.1,35.8,,run
2026-08-02T06:31:16+03:00,1785641476,16342,60,3,29.1,36.1,,run
2026-08-02T06:31:22+03:00,1785641482,16348,60,3,29.1,36.1,,run
2026-08-02T06:31:27+03:00,1785641487,16353,60,3,29.1,36.1,,run
2026-08-02T06:31:33+03:00,1785641493,16359,60,3,29.1,36.4,,run
2026-08-02T06:31:38+03:00,1785641498,16364,60,3,29.1,38.0,,run
2026-08-02T06:31:44+03:00,1785641504,16370,60,3,29.1,40.5,,run
2026-08-02T06:31:49+03:00,1785641509,16375,60,3,29.1,36.1,,run
2026-08-02T06:31:54+03:00,1785641514,16380,60,3,29.1,48.5,,run
2026-08-02T06:32:00+03:00,1785641520,16386,60,3,29.1,37.7,,run
2026-08-02T06:32:05+03:00,1785641525,16391,60,3,29.1,36.8,,run
2026-08-02T06:32:11+03:00,1785641531,16397,60,3,29.1,36.4,,run
2026-08-02T06:32:16+03:00,1785641536,16402,60,3,29.1,35.8,,run
2026-08-02T06:32:22+03:00,1785641542,16408,60,3,29.1,35.8,,run
2026-08-02T06:32:27+03:00,1785641547,16413,60,3,29.1,37.7,,run
2026-08-02T06:32:33+03:00,1785641553,16419,60,3,29.1,38.0,,run
2026-08-02T06:32:38+03:00,1785641558,16424,60,3,29.1,38.0,,run
2026-08-02T06:32:44+03:00,1785641564,16430,60,3,29.1,43.9,,run
2026-08-02T06:32:49+03:00,1785641569,16435,60,3,29.1,42.3,,run
2026-08-02T06:32:54+03:00,1785641574,16440,60,3,29.1,38.3,,run
2026-08-02T06:33:00+03:00,1785641580,16446,59,3,29.1,37.1,,run
2026-08-02T06:33:05+03:00,1785641585,16451,59,3,29.1,39.5,,run
2026-08-02T06:33:11+03:00,1785641591,16457,59,3,29.1,39.8,,run
2026-08-02T06:33:16+03:00,1785641596,16462,59,3,29.1,38.6,,run
2026-08-02T06:33:21+03:00,1785641601,16467,59,3,29.1,41.1,,run
2026-08-02T06:33:27+03:00,1785641607,16473,59,3,29.1,37.7,,run
2026-08-02T06:33:32+03:00,1785641612,16478,59,3,29.1,37.4,,run
2026-08-02T06:33:38+03:00,1785641618,16484,59,3,29.1,38.6,,run
2026-08-02T06:33:43+03:00,1785641623,16489,59,3,29.1,40.5,,run
2026-08-02T06:33:48+03:00,1785641628,16494,59,3,29.1,38.3,,run
2026-08-02T06:33:54+03:00,1785641634,16500,59,3,29.1,41.4,,run
2026-08-02T06:33:59+03:00,1785641639,16505,59,3,29.1,51.6,,run
2026-08-02T06:34:05+03:00,1785641645,16511,59,3,29.1,40.2,,run
2026-08-02T06:34:10+03:00,1785641650,16516,59,3,29.1,37.1,,run
2026-08-02T06:34:15+03:00,1785641655,16521,59,3,29.1,36.1,,run
2026-08-02T06:34:21+03:00,1785641661,16527,59,3,29.1,35.8,,run
2026-08-02T06:34:26+03:00,1785641666,16532,59,3,29.1,35.8,,run
2026-08-02T06:34:32+03:00,1785641672,16538,59,3,29.1,35.8,,run
2026-08-02T06:34:37+03:00,1785641677,16543,59,3,29.1,35.2,,run
2026-08-02T06:34:43+03:00,1785641683,16549,59,3,29.1,39.2,,run
2026-08-02T06:34:48+03:00,1785641688,16554,59,3,29.1,42.9,,run
2026-08-02T06:34:54+03:00,1785641694,16560,59,3,29.1,41.4,,run
2026-08-02T06:34:59+03:00,1785641699,16565,59,3,29.1,37.4,,run
2026-08-02T06:35:04+03:00,1785641704,16570,59,3,29.1,36.4,,run
2026-08-02T06:35:10+03:00,1785641710,16576,59,3,29.1,36.8,,run
2026-08-02T06:35:15+03:00,1785641715,16581,59,3,29.1,36.1,,run
2026-08-02T06:35:21+03:00,1785641721,16587,59,3,29.1,38.9,,run
2026-08-02T06:35:26+03:00,1785641726,16592,59,3,29.1,39.5,,run
2026-08-02T06:35:31+03:00,1785641731,16597,59,3,29.1,36.8,,run
2026-08-02T06:35:37+03:00,1785641737,16603,59,3,29.1,36.4,,run
2026-08-02T06:35:42+03:00,1785641742,16608,59,3,29.1,36.1,,run
2026-08-02T06:35:48+03:00,1785641748,16614,59,3,29.1,35.8,,run
2026-08-02T06:35:53+03:00,1785641753,16619,59,3,29.1,39.2,,run
2026-08-02T06:35:59+03:00,1785641759,16625,59,3,29.1,45.4,,run
2026-08-02T06:36:04+03:00,1785641764,16630,59,3,29.1,46.7,,run
2026-08-02T06:36:09+03:00,1785641769,16635,59,3,29.1,38.3,,run
2026-08-02T06:36:15+03:00,1785641775,16641,59,3,29.1,36.4,,run
2026-08-02T06:36:20+03:00,1785641780,16646,59,3,29.1,36.8,,run
2026-08-02T06:36:26+03:00,1785641786,16652,59,3,29.1,35.2,,run
2026-08-02T06:36:31+03:00,1785641791,16657,59,3,29.1,35.8,,run
2026-08-02T06:36:37+03:00,1785641797,16663,59,3,29.1,37.4,,run
2026-08-02T06:36:42+03:00,1785641802,16668,59,3,29.1,38.9,,run
2026-08-02T06:36:48+03:00,1785641808,16674,59,3,29.1,37.1,,run
2026-08-02T06:36:53+03:00,1785641813,16679,59,3,29.1,47.6,,run
2026-08-02T06:36:59+03:00,1785641819,16685,59,3,29.1,37.7,,run
2026-08-02T06:37:04+03:00,1785641824,16690,59,3,29.1,36.4,,run
2026-08-02T06:37:10+03:00,1785641830,16696,59,3,29.1,39.8,,run
2026-08-02T06:37:15+03:00,1785641835,16701,59,3,29.1,37.7,,run
2026-08-02T06:37:20+03:00,1785641840,16706,59,3,29.1,36.4,,run
2026-08-02T06:37:26+03:00,1785641846,16712,59,3,29.1,36.4,,run
2026-08-02T06:37:31+03:00,1785641851,16717,59,3,29.1,36.4,,run
2026-08-02T06:37:37+03:00,1785641857,16723,59,3,29.1,37.4,,run
2026-08-02T06:37:42+03:00,1785641862,16728,59,3,29.1,40.2,,run
2026-08-02T06:37:47+03:00,1785641867,16733,59,3,29.1,36.8,,run
2026-08-02T06:37:53+03:00,1785641873,16739,59,3,29.1,35.8,,run
2026-08-02T06:37:58+03:00,1785641878,16744,59,3,29.1,35.8,,run
2026-08-02T06:38:04+03:00,1785641884,16750,59,3,29.1,36.1,,run
2026-08-02T06:38:09+03:00,1785641889,16755,59,3,29.1,50.7,,run
2026-08-02T06:38:15+03:00,1785641895,16761,59,3,29.1,37.7,,run
2026-08-02T06:38:20+03:00,1785641900,16766,59,3,29.1,36.8,,run
2026-08-02T06:38:26+03:00,1785641906,16772,59,3,29.1,35.8,,run
2026-08-02T06:38:31+03:00,1785641911,16777,59,3,29.1,35.8,,run
2026-08-02T06:38:37+03:00,1785641917,16783,59,3,29.1,48.2,,run
2026-08-02T06:38:43+03:00,1785641923,16789,59,3,29.1,38.3,,run
2026-08-02T06:38:48+03:00,1785641928,16794,59,3,29.1,38.6,,run
2026-08-02T06:38:54+03:00,1785641934,16800,59,3,29.1,41.4,,run
2026-08-02T06:38:59+03:00,1785641939,16805,59,3,29.1,37.7,,run
2026-08-02T06:39:04+03:00,1785641944,16810,59,3,29.1,37.1,,run
2026-08-02T06:39:10+03:00,1785641950,16816,59,3,29.1,36.4,,run
2026-08-02T06:39:15+03:00,1785641955,16821,59,3,29.1,36.1,,run
2026-08-02T06:39:21+03:00,1785641961,16827,59,3,29.1,38.6,,run
2026-08-02T06:39:26+03:00,1785641966,16832,59,3,29.1,38.3,,run
2026-08-02T06:39:31+03:00,1785641971,16837,59,3,29.1,36.8,,run
2026-08-02T06:39:37+03:00,1785641977,16843,59,3,29.1,36.4,,run
2026-08-02T06:39:42+03:00,1785641982,16848,59,3,29.1,36.1,,run
2026-08-02T06:39:48+03:00,1785641988,16854,59,3,29.1,36.1,,run
2026-08-02T06:39:53+03:00,1785641993,16859,59,3,29.1,46.7,,run
2026-08-02T06:39:59+03:00,1785641999,16865,59,3,29.1,38.0,,run
2026-08-02T06:40:04+03:00,1785642004,16870,59,3,29.1,39.5,,run
2026-08-02T06:40:10+03:00,1785642010,16876,59,3,29.1,36.4,,run
2026-08-02T06:40:15+03:00,1785642015,16881,59,3,29.1,35.2,,run
2026-08-02T06:40:21+03:00,1785642021,16887,59,3,29.1,36.4,,run
2026-08-02T06:40:26+03:00,1785642026,16892,59,3,29.1,35.2,,run
2026-08-02T06:40:32+03:00,1785642032,16898,59,3,29.1,35.5,,run
2026-08-02T06:40:37+03:00,1785642037,16903,59,3,29.1,38.9,,run
2026-08-02T06:40:43+03:00,1785642043,16909,59,3,29.1,49.4,,run
2026-08-02T06:40:48+03:00,1785642048,16914,59,3,29.1,42.6,,run
2026-08-02T06:40:53+03:00,1785642053,16919,59,3,29.1,38.0,,run
2026-08-02T06:40:59+03:00,1785642059,16925,59,3,29.1,37.4,,run
2026-08-02T06:41:04+03:00,1785642064,16930,59,3,29.1,36.4,,run
2026-08-02T06:41:10+03:00,1785642070,16936,59,3,29.1,36.8,,run
2026-08-02T06:41:15+03:00,1785642075,16941,59,3,29.1,39.2,,run
2026-08-02T06:41:21+03:00,1785642081,16947,59,3,29.1,37.1,,run
2026-08-02T06:41:26+03:00,1785642086,16952,59,3,29.1,37.1,,run
2026-08-02T06:41:31+03:00,1785642091,16957,59,3,29.1,36.4,,run
2026-08-02T06:41:37+03:00,1785642097,16963,59,3,29.1,36.1,,run
2026-08-02T06:41:42+03:00,1785642102,16968,59,3,29.1,37.7,,run
2026-08-02T06:41:48+03:00,1785642108,16974,59,3,29.1,40.8,,run
2026-08-02T06:41:53+03:00,1785642113,16979,59,3,29.1,36.8,,run
2026-08-02T06:41:59+03:00,1785642119,16985,59,3,29.1,48.5,,run
2026-08-02T06:42:04+03:00,1785642124,16990,59,3,29.1,37.4,,run
2026-08-02T06:42:10+03:00,1785642130,16996,59,3,29.1,36.8,,run
2026-08-02T06:42:15+03:00,1785642135,17001,59,3,29.1,36.4,,run
2026-08-02T06:42:21+03:00,1785642141,17007,59,3,29.1,36.1,,run
2026-08-02T06:42:26+03:00,1785642146,17012,59,3,29.1,35.2,,run
2026-08-02T06:42:32+03:00,1785642152,17018,59,3,29.1,40.2,,run
2026-08-02T06:42:37+03:00,1785642157,17023,59,3,29.1,36.8,,run
2026-08-02T06:42:42+03:00,1785642162,17028,59,3,29.1,37.4,,run
2026-08-02T06:42:48+03:00,1785642168,17034,59,3,29.1,47.3,,run
2026-08-02T06:42:53+03:00,1785642173,17039,59,3,29.1,37.7,,run
2026-08-02T06:42:59+03:00,1785642179,17045,59,3,29.1,37.1,,run
2026-08-02T06:43:04+03:00,1785642184,17050,59,3,29.1,38.6,,run
2026-08-02T06:43:10+03:00,1785642190,17056,59,3,29.1,40.8,,run
2026-08-02T06:43:15+03:00,1785642195,17061,59,3,29.1,36.8,,run
2026-08-02T06:43:21+03:00,1785642201,17067,59,3,29.1,36.1,,run
2026-08-02T06:43:26+03:00,1785642206,17072,59,3,29.1,37.1,,run
2026-08-02T06:43:32+03:00,1785642212,17078,59,3,29.1,36.4,,run
2026-08-02T06:43:37+03:00,1785642217,17083,58,3,29.2,40.2,,run
2026-08-02T06:43:42+03:00,1785642222,17088,58,3,29.2,37.7,,run
2026-08-02T06:43:48+03:00,1785642228,17094,58,3,29.2,36.4,,run
2026-08-02T06:43:53+03:00,1785642233,17099,58,3,29.2,36.1,,run
2026-08-02T06:43:59+03:00,1785642239,17105,58,3,29.2,42.0,,run
2026-08-02T06:44:04+03:00,1785642244,17110,58,3,29.2,51.6,,run
2026-08-02T06:44:09+03:00,1785642249,17115,58,3,29.2,37.4,,run
2026-08-02T06:44:15+03:00,1785642255,17121,58,3,29.2,36.1,,end
