iso_ts,epoch,elapsed_s,batt_level,batt_status,batt_temp_c,soc_temp_c,current_ma,event
2026-09-18T09:03:45+03:00,1789711425,0,72,3,30.0,41.1,,run
2026-09-18T09:03:50+03:00,1789711430,5,72,3,30.0,39.5,,run
2026-09-18T09:03:55+03:00,1789711435,10,72,3,30.0,39.5,,run
2026-09-18T09:04:00+03:00,1789711440,15,72,3,30.0,38.6,,run
2026-09-18T09:04:06+03:00,1789711446,21,72,3,30.0,39.8,,run
2026-09-18T09:04:11+03:00,1789711451,26,72,3,30.0,38.9,,run
2026-09-18T09:04:16+03:00,1789711456,31,72,3,30.0,39.8,,run
2026-09-18T09:04:21+03:00,1789711461,36,72,3,30.0,39.2,,run
2026-09-18T09:04:27+03:00,1789711467,42,72,3,30.0,38.3,,run
2026-09-18T09:04:32+03:00,1789711472,47,72,3,30.0,38.9,,run
2026-09-18T09:04:37+03:00,1789711477,52,72,3,30.0,38.9,,run
2026-09-18T09:04:42+03:00,1789711482,57,72,3,30.0,40.2,,run
2026-09-18T09:04:48+03:00,1789711488,63,72,3,30.0,38.0,,run
2026-09-18T09:04:53+03:00,1789711493,68,72,3,30.0,38.6,,run
2026-09-18T09:04:58+03:00,1789711498,73,72,3,30.0,39.2,,run
2026-09-18T09:05:03+03:00,1789711503,78,72,3,30.0,39.5,,run
2026-09-18T09:05:08+03:00,1789711508,83,72,3,30.0,38.3,,run
2026-09-18T09:05:14+03:00,1789711514,89,72,3,30.0,50.4,,run
2026-09-18T09:05:19+03:00,1789711519,94,72,3,30.0,40.8,,run
2026-09-18T09:05:24+03:00,1789711524,99,72,3,30.0,40.2,,run
2026-09-18T09:05:29+03:00,1789711529,104,72,3,30.0,39.2,,run
2026-09-18T09:05:35+03:00,1789711535,110,72,3,30.0,38.9,,run
2026-09-18T09:05:40+03:00,1789711540,115,72,3,30.0,39.2,,run
2026-09-18T09:05:45+03:00,1789711545,120,72,3,30.0,38.6,,run
2026-09-18T09:05:50+03:00,1789711550,125,72,3,30.0,39.2,,run
2026-09-18T09:05:56+03:00,1789711556,131,72,3,30.0,38.6,,run
2026-09-18T09:06:01+03:00,1789711561,136,72,3,30.0,38.9,,run
2026-09-18T09:06:06+03:00,1789711566,141,72,3,30.0,39.5,,run
2026-09-18T09:06:11+03:00,1789711571,146,72,3,30.0,38.9,,run
2026-09-18T09:06:16+03:00,1789711576,151,72,3,30.0,38.3,,run
2026-09-18T09:06:22+03:00,1789711582,157,72,3,30.0,38.6,,run
2026-09-18T09:06:27+03:00,1789711587,162,72,3,30.0,40.5,,run
2026-09-18T09:06:32+03:00,1789711592,167,72,3,30.0,48.5,,run
2026-09-18T09:06:38+03:00,1789711598,173,72,3,30.0,41.7,,run
2026-09-18T09:06:43+03:00,1789711603,178,72,3,30.0,39.2,,run
2026-09-18T09:06:48+03:00,1789711608,183,72,3,30.0,38.6,,run
2026-09-18T09:06:53+03:00,1789711613,188,72,3,30.0,38.3,,run
2026-09-18T09:06:58+03:00,1789711618,193,72,3,30.0,38.3,,run
2026-09-18T09:07:04+03:00,1789711624,199,72,3,30.0,39.2,,run
2026-09-18T09:07:09+03:00,1789711629,204,72,3,30.0,39.2,,run
2026-09-18T09:07:14+03:00,1789711634,209,72,3,30.0,52.2,,run
2026-09-18T09:07:20+03:00,1789711640,215,72,3,30.0,40.8,,run
2026-09-18T09:07:25+03:00,1789711645,220,72,3,30.0,40.2,,run
2026-09-18T09:07:30+03:00,1789711650,225,72,3,30.0,39.5,,run
2026-09-18T09:07:35+03:00,1789711655,230,72,3,30.0,39.5,,run
2026-09-18T09:07:41+03:00,1789711661,236,72,3,30.0,39.5,,run
2026-09-18T09:07:46+03:00,1789711666,241,72,3,30.0,39.2,,run
2026-09-18T09:07:51+03:00,1789711671,246,72,3,30.0,39.8,,run
2026-09-18T09:07:56+03:00,1789711676,251,72,3,30.0,38.3,,run
2026-09-18T09:08:01+03:00,1789711681,256,72,3,30.0,39.2,,run
2026-09-18T09:08:07+03:00,1789711687,262,72,3,30.0,39.5,,run
2026-09-18T09:08:12+03:00,1789711692,267,72,3,30.0,38.6,,run
2026-09-18T09:08:17+03:00,1789711697,272,72,3,30.0,39.2,,run
2026-09-18T09:08:22+03:00,1789711702,277,72,3,30.0,39.5,,run
2026-09-18T09:08:28+03:00,1789711708,283,72,3,30.0,43.9,,run
2026-09-18T09:08:33+03:00,1789711713,288,72,3,30.0,48.5,,run
2026-09-18T09:08:38+03:00,1789711718,293,72,3,30.0,41.7,,run
2026-09-18T09:08:43+03:00,1789711723,298,72,3,30.0,39.5,,run
2026-09-18T09:08:49+03:00,1789711729,304,72,3,30.0,39.8,,run
2026-09-18T09:08:54+03:00,1789711734,309,72,3,30.0,39.2,,run
2026-09-18T09:08:59+03:00,1789711739,314,72,3,30.0,38.9,,run
2026-09-18T09:09:04+03:00,1789711744,319,72,3,30.0,38.0,,run
2026-09-18T09:09:10+03:00,1789711750,325,72,3,30.0,38.3,,run
2026-09-18T09:09:15+03:00,1789711755,330,72,3,30.0,47.9,,run
2026-09-18T09:09:20+03:00,1789711760,335,72,3,30.0,42.9,,run
2026-09-18T09:09:26+03:00,1789711766,341,72,3,30.0,40.2,,run
2026-09-18T09:09:31+03:00,1789711771,346,72,3,30.0,39.2,,run
2026-09-18T09:09:36+03:00,1789711776,351,72,3,30.0,42.0,,run
2026-09-18T09:09:41+03:00,1789711781,356,72,3,30.0,39.8,,run
2026-09-18T09:09:46+03:00,1789711786,361,72,3,30.0,39.5,,run
2026-09-18T09:09:52+03:00,1789711792,367,72,3,30.0,38.6,,run
2026-09-18T09:09:57+03:00,1789711797,372,72,3,30.0,38.3,,run
2026-09-18T09:10:02+03:00,1789711802,377,72,3,30.0,39.2,,run
2026-09-18T09:10:07+03:00,1789711807,382,72,3,30.0,38.6,,run
2026-09-18T09:10:12+03:00,1789711812,387,72,3,30.0,38.6,,run
2026-09-18T09:10:18+03:00,1789711818,393,72,3,30.0,39.8,,run
2026-09-18T09:10:23+03:00,1789711823,398,72,3,30.0,40.2,,run
2026-09-18T09:10:28+03:00,1789711828,403,72,3,30.0,39.5,,run
2026-09-18T09:10:33+03:00,1789711833,408,72,3,30.0,42.6,,run
2026-09-18T09:10:39+03:00,1789711839,414,72,3,30.0,45.4,,run
2026-09-18T09:10:44+03:00,1789711844,419,72,3,30.0,42.0,,run
2026-09-18T09:10:49+03:00,1789711849,424,72,3,30.0,39.5,,run
2026-09-18T09:10:54+03:00,1789711854,429,72,3,30.0,41.7,,run
2026-09-18T09:10:59+03:00,1789711859,434,72,3,30.0,40.2,,run
2026-09-18T09:11:05+03:00,1789711865,440,72,3,30.0,39.2,,run
2026-09-18T09:11:10+03:00,1789711870,445,72,3,30.0,38.9,,run
2026-09-18T09:11:15+03:00,1789711875,450,72,3,30.0,42.0,,run
2026-09-18T09:11:20+03:00,1789711880,455,72,3,30.0,45.1,,run
2026-09-18T09:11:26+03:00,1789711886,461,72,3,30.0,39.8,,run
2026-09-18T09:11:31+03:00,1789711891,466,72,3,30.0,41.1,,run
2026-09-18T09:11:36+03:00,1789711896,471,72,3,30.0,40.5,,run
2026-09-18T09:11:41+03:00,1789711901,476,72,3,30.0,39.5,,run
2026-09-18T09:11:47+03:00,1789711907,482,72,3,30.0,39.5,,run
2026-09-18T09:11:52+03:00,1789711912,487,72,3,30.0,38.9,,run
2026-09-18T09:11:57+03:00,1789711917,492,72,3,30.0,38.9,,run
2026-09-18T09:12:02+03:00,1789711922,497,72,3,30.0,38.9,,run
2026-09-18T09:12:07+03:00,1789711927,502,72,3,30.0,38.9,,run
2026-09-18T09:12:13+03:00,1789711933,508,72,3,30.0,39.5,,run
2026-09-18T09:12:18+03:00,1789711938,513,72,3,30.0,39.8,,run
2026-09-18T09:12:23+03:00,1789711943,518,72,3,30.0,38.6,,run
2026-09-18T09:12:28+03:00,1789711948,523,72,3,30.0,39.2,,run
2026-09-18T09:12:34+03:00,1789711954,529,72,3,30.0,46.0,,run
2026-09-18T09:12:39+03:00,1789711959,534,72,3,30.0,47.3,,run
2026-09-18T09:12:44+03:00,1789711964,539,72,3,30.0,43.2,,run
2026-09-18T09:12:49+03:00,1789711969,544,72,3,30.0,40.5,,run
2026-09-18T09:12:54+03:00,1789711974,549,72,3,30.0,39.2,,run
2026-09-18T09:13:00+03:00,1789711980,555,72,3,30.0,39.2,,run
2026-09-18T09:13:05+03:00,1789711985,560,71,3,29.9,39.2,,run
2026-09-18T09:13:10+03:00,1789711990,565,71,3,29.9,38.3,,run
2026-09-18T09:13:15+03:00,1789711995,570,71,3,29.9,39.2,,run
2026-09-18T09:13:21+03:00,1789712001,576,71,3,29.9,47.0,,run
2026-09-18T09:13:26+03:00,1789712006,581,71,3,29.9,41.4,,run
2026-09-18T09:13:31+03:00,1789712011,586,71,3,29.9,39.5,,run
2026-09-18T09:13:36+03:00,1789712016,591,71,3,29.9,42.3,,run
2026-09-18T09:13:41+03:00,1789712021,596,71,3,29.9,39.2,,run
2026-09-18T09:13:47+03:00,1789712027,602,71,3,29.9,39.5,,run
2026-09-18T09:13:52+03:00,1789712032,607,71,3,29.9,38.9,,run
2026-09-18T09:13:57+03:00,1789712037,612,71,3,29.9,38.9,,run
2026-09-18T09:14:02+03:00,1789712042,617,71,3,29.9,39.2,,run
2026-09-18T09:14:08+03:00,1789712048,623,71,3,29.9,38.9,,run
2026-09-18T09:14:13+03:00,1789712053,628,71,3,29.9,39.2,,run
2026-09-18T09:14:18+03:00,1789712058,633,71,3,29.9,38.6,,run
2026-09-18T09:14:23+03:00,1789712063,638,71,3,29.9,38.6,,run
2026-09-18T09:14:28+03:00,1789712068,643,71,3,29.9,39.2,,run
2026-09-18T09:14:34+03:00,1789712074,649,71,3,29.9,49.1,,run
2026-09-18T09:14:39+03:00,1789712079,654,71,3,29.9,42.9,,run
2026-09-18T09:14:44+03:00,1789712084,659,71,3,29.9,41.1,,run
2026-09-18T09:14:50+03:00,1789712090,665,71,3,29.9,40.2,,run
2026-09-18T09:14:55+03:00,1789712095,670,71,3,29.9,38.9,,run
2026-09-18T09:15:00+03:00,1789712100,675,71,3,29.9,39.2,,run
2026-09-18T09:15:05+03:00,1789712105,680,71,3,29.9,40.2,,run
2026-09-18T09:15:10+03:00,1789712110,685,71,3,29.9,38.9,,run
2026-09-18T09:15:16+03:00,1789712116,691,71,3,29.9,48.2,,run
2026-09-18T09:15:21+03:00,1789712121,696,71,3,29.9,41.7,,run
2026-09-18T09:15:26+03:00,1789712126,701,71,3,29.9,39.8,,run
2026-09-18T09:15:32+03:00,1789712132,707,71,3,29.9,38.9,,run
2026-09-18T09:15:37+03:00,1789712137,712,71,3,29.9,40.2,,run
2026-09-18T09:15:42+03:00,1789712142,717,71,3,29.9,39.2,,run
2026-09-18T09:15:47+03:00,1789712147,722,71,3,29.9,38.9,,run
2026-09-18T09:15:53+03:00,1789712153,728,71,3,29.9,39.8,,run
2026-09-18T09:15:58+03:00,1789712158,733,71,3,29.9,39.2,,run
2026-09-18T09:16:03+03:00,1789712163,738,71,3,29.9,39.5,,run
2026-09-18T09:16:08+03:00,1789712168,743,71,3,29.9,38.9,,run
2026-09-18T09:16:13+03:00,1789712173,748,71,3,29.9,39.8,,run
2026-09-18T09:16:19+03:00,1789712179,754,71,3,29.9,40.2,,run
2026-09-18T09:16:24+03:00,1789712184,759,71,3,29.9,40.5,,run
2026-09-18T09:16:29+03:00,1789712189,764,71,3,29.9,39.2,,run
2026-09-18T09:16:34+03:00,1789712194,769,71,3,29.9,45.4,,run
2026-09-18T09:16:40+03:00,1789712200,775,71,3,29.9,43.9,,run
2026-09-18T09:16:45+03:00,1789712205,780,71,3,29.9,39.8,,run
2026-09-18T09:16:50+03:00,1789712210,785,71,3,29.9,38.6,,run
2026-09-18T09:16:55+03:00,1789712215,790,71,3,29.9,39.2,,run
2026-09-18T09:17:00+03:00,1789712220,795,71,3,29.9,40.2,,run
2026-09-18T09:17:06+03:00,1789712226,801,71,3,29.9,38.9,,run
2026-09-18T09:17:11+03:00,1789712231,806,71,3,29.9,38.0,,run
2026-09-18T09:17:16+03:00,1789712236,811,71,3,29.9,49.7,,run
2026-09-18T09:17:21+03:00,1789712241,816,71,3,29.9,41.1,,run
2026-09-18T09:17:27+03:00,1789712247,822,71,3,29.9,39.8,,run
2026-09-18T09:17:32+03:00,1789712252,827,71,3,29.9,38.9,,run
2026-09-18T09:17:37+03:00,1789712257,832,71,3,29.9,39.5,,run
2026-09-18T09:17:42+03:00,1789712262,837,71,3,29.9,39.5,,run
2026-09-18T09:17:47+03:00,1789712267,842,71,3,29.9,39.2,,run
2026-09-18T09:17:53+03:00,1789712273,848,71,3,29.9,39.5,,run
2026-09-18T09:17:58+03:00,1789712278,853,71,3,29.9,39.2,,run
2026-09-18T09:18:03+03:00,1789712283,858,71,3,29.9,38.6,,run
2026-09-18T09:18:08+03:00,1789712288,863,71,3,29.9,40.2,,run
2026-09-18T09:18:14+03:00,1789712294,869,71,3,29.9,38.6,,run
2026-09-18T09:18:19+03:00,1789712299,874,71,3,29.9,38.9,,run
2026-09-18T09:18:24+03:00,1789712304,879,71,3,29.9,38.9,,run
2026-09-18T09:18:29+03:00,1789712309,884,71,3,29.9,39.2,,run
2026-09-18T09:18:34+03:00,1789712314,889,71,3,29.9,47.0,,run
2026-09-18T09:18:40+03:00,1789712320,895,71,3,29.9,41.4,,run
2026-09-18T09:18:45+03:00,1789712325,900,71,3,29.9,40.5,,run
2026-09-18T09:18:50+03:00,1789712330,905,71,3,29.9,38.9,,run
2026-09-18T09:18:55+03:00,1789712335,910,71,3,29.9,39.5,,run
2026-09-18T09:19:01+03:00,1789712341,916,71,3,29.9,39.5,,run
2026-09-18T09:19:06+03:00,1789712346,921,71,3,29.9,38.6,,run
2026-09-18T09:19:11+03:00,1789712351,926,71,3,29.9,38.3,,run
2026-09-18T09:19:16+03:00,1789712356,931,71,3,29.9,50.1,,run
2026-09-18T09:19:21+03:00,1789712361,936,71,3,29.9,40.8,,run
2026-09-18T09:19:27+03:00,1789712367,942,71,3,29.9,39.8,,run
2026-09-18T09:19:32+03:00,1789712372,947,71,3,29.9,38.6,,run
2026-09-18T09:19:37+03:00,1789712377,952,71,3,29.9,38.6,,run
2026-09-18T09:19:42+03:00,1789712382,957,71,3,29.9,40.8,,run
2026-09-18T09:19:48+03:00,1789712388,963,71,3,29.9,38.9,,run
2026-09-18T09:19:53+03:00,1789712393,968,71,3,29.9,38.9,,run
2026-09-18T09:19:58+03:00,1789712398,973,71,3,29.9,40.2,,run
2026-09-18T09:20:03+03:00,1789712403,978,71,3,29.9,38.9,,run
2026-09-18T09:20:08+03:00,1789712408,983,71,3,29.9,40.2,,run
2026-09-18T09:20:14+03:00,1789712414,989,71,3,29.9,39.2,,run
2026-09-18T09:20:19+03:00,1789712419,994,71,3,29.9,40.5,,run
2026-09-18T09:20:24+03:00,1789712424,999,71,3,29.9,38.9,,run
2026-09-18T09:20:29+03:00,1789712429,1004,71,3,29.9,42.3,,run
2026-09-18T09:20:35+03:00,1789712435,1010,71,3,29.9,46.7,,run
2026-09-18T09:20:40+03:00,1789712440,1015,71,3,29.9,42.6,,run
2026-09-18T09:20:45+03:00,1789712445,1020,71,3,29.9,39.5,,run
2026-09-18T09:20:50+03:00,1789712450,1025,71,3,29.9,39.2,,run
2026-09-18T09:20:55+03:00,1789712455,1030,71,3,29.9,38.6,,run
2026-09-18T09:21:01+03:00,1789712461,1036,71,3,29.9,39.8,,run
2026-09-18T09:21:06+03:00,1789712466,1041,71,3,29.9,38.3,,run
2026-09-18T09:21:11+03:00,1789712471,1046,71,3,29.9,39.8,,run
2026-09-18T09:21:16+03:00,1789712476,1051,71,3,29.9,46.3,,run
2026-09-18T09:21:22+03:00,1789712482,1057,71,3,29.9,40.2,,run
2026-09-18T09:21:27+03:00,1789712487,1062,71,3,29.9,40.8,,run
2026-09-18T09:21:32+03:00,1789712492,1067,71,3,29.9,39.5,,run
2026-09-18T09:21:37+03:00,1789712497,1072,71,3,29.9,39.8,,run
2026-09-18T09:21:43+03:00,1789712503,1078,71,3,29.9,39.2,,run
2026-09-18T09:21:48+03:00,1789712508,1083,71,3,29.9,39.8,,run
2026-09-18T09:21:53+03:00,1789712513,1088,71,3,29.9,39.2,,run
2026-09-18T09:21:58+03:00,1789712518,1093,71,3,29.9,39.8,,run
2026-09-18T09:22:03+03:00,1789712523,1098,71,3,29.9,38.9,,run
2026-09-18T09:22:09+03:00,1789712529,1104,71,3,29.9,39.8,,run
2026-09-18T09:22:14+03:00,1789712534,1109,71,3,29.9,39.2,,run
2026-09-18T09:22:19+03:00,1789712539,1114,71,3,29.9,39.2,,run
2026-09-18T09:22:24+03:00,1789712544,1119,71,3,29.9,39.5,,run
2026-09-18T09:22:29+03:00,1789712549,1124,71,3,29.9,49.1,,run
2026-09-18T09:22:35+03:00,1789712555,1130,71,3,29.9,41.7,,run
2026-09-18T09:22:40+03:00,1789712560,1135,71,3,29.9,40.2,,run
2026-09-18T09:22:46+03:00,1789712566,1141,71,3,29.9,39.2,,run
2026-09-18T09:22:51+03:00,1789712571,1146,71,3,29.9,38.3,,run
2026-09-18T09:22:56+03:00,1789712576,1151,71,3,29.9,50.4,,run
2026-09-18T09:23:01+03:00,1789712581,1156,71,3,29.9,40.5,,run
2026-09-18T09:23:06+03:00,1789712586,1161,71,3,29.9,40.2,,run
2026-09-18T09:23:12+03:00,1789712592,1167,71,3,29.9,40.5,,run
2026-09-18T09:23:17+03:00,1789712597,1172,71,3,29.9,40.2,,run
2026-09-18T09:23:22+03:00,1789712602,1177,71,3,29.9,39.8,,run
2026-09-18T09:23:27+03:00,1789712607,1182,71,3,29.9,39.5,,run
2026-09-18T09:23:33+03:00,1789712613,1188,71,3,29.9,39.8,,run
2026-09-18T09:23:38+03:00,1789712618,1193,71,3,29.9,39.2,,run
2026-09-18T09:23:43+03:00,1789712623,1198,71,3,29.9,38.9,,run
2026-09-18T09:23:48+03:00,1789712628,1203,71,3,29.9,38.6,,run
2026-09-18T09:23:53+03:00,1789712633,1208,71,3,29.9,39.2,,run
2026-09-18T09:23:59+03:00,1789712639,1214,71,3,29.9,39.8,,run
2026-09-18T09:24:04+03:00,1789712644,1219,71,3,29.9,38.6,,run
2026-09-18T09:24:09+03:00,1789712649,1224,71,3,29.9,44.8,,run
2026-09-18T09:24:15+03:00,1789712655,1230,71,3,29.9,41.7,,run
2026-09-18T09:24:20+03:00,1789712660,1235,71,3,29.9,41.1,,run
2026-09-18T09:24:25+03:00,1789712665,1240,71,3,29.9,39.2,,run
2026-09-18T09:24:30+03:00,1789712670,1245,71,3,29.9,38.6,,run
2026-09-18T09:24:36+03:00,1789712676,1251,71,3,29.9,39.2,,run
2026-09-18T09:24:41+03:00,1789712681,1256,71,3,29.9,38.0,,run
2026-09-18T09:24:46+03:00,1789712686,1261,71,3,29.9,39.2,,run
2026-09-18T09:24:51+03:00,1789712691,1266,71,3,29.9,47.9,,run
2026-09-18T09:24:57+03:00,1789712697,1272,71,3,29.9,42.6,,run
2026-09-18T09:25:02+03:00,1789712702,1277,71,3,29.9,39.5,,run
2026-09-18T09:25:07+03:00,1789712707,1282,71,3,29.9,40.2,,run
2026-09-18T09:25:12+03:00,1789712712,1287,71,3,29.9,39.8,,run
2026-09-18T09:25:18+03:00,1789712718,1293,71,3,29.9,39.2,,run
2026-09-18T09:25:23+03:00,1789712723,1298,71,3,29.9,38.9,,run
2026-09-18T09:25:28+03:00,1789712728,1303,71,3,29.9,39.5,,run
2026-09-18T09:25:33+03:00,1789712733,1308,71,3,29.9,38.6,,run
2026-09-18T09:25:38+03:00,1789712738,1313,71,3,29.9,38.6,,run
2026-09-18T09:25:44+03:00,1789712744,1319,71,3,29.9,38.9,,run
2026-09-18T09:25:49+03:00,1789712749,1324,71,3,29.9,38.6,,run
2026-09-18T09:25:54+03:00,1789712754,1329,70,3,29.9,39.8,,run
2026-09-18T09:25:59+03:00,1789712759,1334,70,3,29.9,38.6,,run
2026-09-18T09:26:05+03:00,1789712765,1340,70,3,29.9,39.2,,run
2026-09-18T09:26:10+03:00,1789712770,1345,70,3,29.9,49.4,,run
2026-09-18T09:26:15+03:00,1789712775,1350,70,3,29.9,40.5,,run
2026-09-18T09:26:20+03:00,1789712780,1355,70,3,29.9,38.9,,run
2026-09-18T09:26:26+03:00,1789712786,1361,70,3,29.9,40.2,,run
2026-09-18T09:26:31+03:00,1789712791,1366,70,3,29.9,39.5,,run
2026-09-18T09:26:36+03:00,1789712796,1371,70,3,29.9,38.9,,run
2026-09-18T09:26:41+03:00,1789712801,1376,70,3,29.9,38.0,,run
2026-09-18T09:26:46+03:00,1789712806,1381,70,3,29.9,38.3,,run
2026-09-18T09:26:52+03:00,1789712812,1387,70,3,29.9,50.1,,run
2026-09-18T09:26:57+03:00,1789712817,1392,70,3,29.9,40.8,,run
2026-09-18T09:27:02+03:00,1789712822,1397,70,3,29.9,39.2,,run
2026-09-18T09:27:08+03:00,1789712828,1403,70,3,29.9,40.2,,run
2026-09-18T09:27:13+03:00,1789712833,1408,70,3,29.9,39.5,,run
2026-09-18T09:27:18+03:00,1789712838,1413,70,3,29.9,38.9,,run
2026-09-18T09:27:23+03:00,1789712843,1418,70,3,29.9,40.2,,run
2026-09-18T09:27:28+03:00,1789712848,1423,70,3,29.9,38.9,,run
2026-09-18T09:27:34+03:00,1789712854,1429,70,3,29.9,39.5,,run
2026-09-18T09:27:39+03:00,1789712859,1434,70,3,29.9,39.2,,run
2026-09-18T09:27:44+03:00,1789712864,1439,70,3,29.9,38.6,,run
2026-09-18T09:27:49+03:00,1789712869,1444,70,3,29.9,38.6,,run
2026-09-18T09:27:54+03:00,1789712874,1449,70,3,29.9,38.9,,run
2026-09-18T09:28:00+03:00,1789712880,1455,70,3,29.9,39.8,,run
2026-09-18T09:28:05+03:00,1789712885,1460,70,3,29.9,46.0,,run
2026-09-18T09:28:10+03:00,1789712890,1465,70,3,29.9,43.9,,run
2026-09-18T09:28:15+03:00,1789712895,1470,70,3,29.9,42.9,,run
2026-09-18T09:28:21+03:00,1789712901,1476,70,3,29.9,39.5,,run
2026-09-18T09:28:26+03:00,1789712906,1481,70,3,29.9,41.4,,run
2026-09-18T09:28:31+03:00,1789712911,1486,70,3,29.9,39.2,,run
2026-09-18T09:28:36+03:00,1789712916,1491,70,3,29.9,38.9,,run
2026-09-18T09:28:42+03:00,1789712922,1497,70,3,29.9,38.3,,run
2026-09-18T09:28:47+03:00,1789712927,1502,70,3,29.9,39.5,,run
2026-09-18T09:28:52+03:00,1789712932,1507,70,3,29.9,47.0,,run
2026-09-18T09:28:57+03:00,1789712937,1512,70,3,29.9,40.8,,run
2026-09-18T09:29:02+03:00,1789712942,1517,70,3,29.9,39.2,,run
2026-09-18T09:29:08+03:00,1789712948,1523,70,3,29.9,40.5,,run
2026-09-18T09:29:13+03:00,1789712953,1528,70,3,29.9,40.2,,run
2026-09-18T09:29:18+03:00,1789712958,1533,70,3,29.9,39.2,,run
2026-09-18T09:29:23+03:00,1789712963,1538,70,3,29.9,40.5,,run
2026-09-18T09:29:29+03:00,1789712969,1544,70,3,29.9,38.9,,run
2026-09-18T09:29:34+03:00,1789712974,1549,70,3,29.9,39.5,,run
2026-09-18T09:29:39+03:00,1789712979,1554,70,3,29.9,38.9,,run
2026-09-18T09:29:44+03:00,1789712984,1559,70,3,29.9,38.9,,run
2026-09-18T09:29:49+03:00,1789712989,1564,70,3,29.9,39.2,,run
2026-09-18T09:29:55+03:00,1789712995,1570,70,3,29.9,39.8,,run
2026-09-18T09:30:00+03:00,1789713000,1575,70,3,29.9,39.8,,run
2026-09-18T09:30:05+03:00,1789713005,1580,70,3,29.9,47.6,,run
2026-09-18T09:30:11+03:00,1789713011,1586,70,3,29.9,42.6,,run
2026-09-18T09:30:16+03:00,1789713016,1591,70,3,29.9,41.4,,run
2026-09-18T09:30:21+03:00,1789713021,1596,70,3,29.9,39.2,,run
2026-09-18T09:30:26+03:00,1789713026,1601,70,3,29.9,38.9,,run
2026-09-18T09:30:31+03:00,1789713031,1606,70,3,29.9,38.6,,run
2026-09-18T09:30:37+03:00,1789713037,1612,70,3,29.9,39.8,,run
2026-09-18T09:30:42+03:00,1789713042,1617,70,3,29.9,38.3,,run
2026-09-18T09:30:47+03:00,1789713047,1622,70,3,29.9,47.3,,run
2026-09-18T09:30:52+03:00,1789713052,1627,70,3,29.9,41.1,,run
2026-09-18T09:30:58+03:00,1789713058,1633,70,3,29.9,42.9,,run
2026-09-18T09:31:03+03:00,1789713063,1638,70,3,29.9,41.7,,run
2026-09-18T09:31:08+03:00,1789713068,1643,70,3,29.9,39.2,,run
2026-09-18T09:31:13+03:00,1789713073,1648,70,3,29.9,39.8,,run
2026-09-18T09:31:19+03:00,1789713079,1654,70,3,29.9,38.6,,run
2026-09-18T09:31:24+03:00,1789713084,1659,70,3,29.9,39.2,,run
2026-09-18T09:31:29+03:00,1789713089,1664,70,3,29.9,39.2,,run
2026-09-18T09:31:34+03:00,1789713094,1669,70,3,29.9,38.9,,run
2026-09-18T09:31:40+03:00,1789713100,1675,70,3,29.9,39.8,,run
2026-09-18T09:31:45+03:00,1789713105,1680,70,3,29.9,38.6,,run
2026-09-18T09:31:50+03:00,1789713110,1685,70,3,29.9,39.5,,run
2026-09-18T09:31:55+03:00,1789713115,1690,70,3,29.9,39.2,,run
2026-09-18T09:32:00+03:00,1789713120,1695,70,3,29.9,44.5,,run
2026-09-18T09:32:06+03:00,1789713126,1701,70,3,29.9,50.1,,run
2026-09-18T09:32:11+03:00,1789713131,1706,70,3,29.9,44.2,,run
2026-09-18T09:32:16+03:00,1789713136,1711,70,3,29.9,39.5,,run
2026-09-18T09:32:21+03:00,1789713141,1716,70,3,29.9,39.2,,run
2026-09-18T09:32:27+03:00,1789713147,1722,70,3,29.9,38.9,,run
2026-09-18T09:32:32+03:00,1789713152,1727,70,3,29.9,38.3,,run
2026-09-18T09:32:37+03:00,1789713157,1732,70,3,29.9,38.3,,run
2026-09-18T09:32:42+03:00,1789713162,1737,70,3,29.9,38.3,,run
2026-09-18T09:32:47+03:00,1789713167,1742,70,3,29.9,52.5,,run
2026-09-18T09:32:53+03:00,1789713173,1748,70,3,29.9,40.5,,run
2026-09-18T09:32:58+03:00,1789713178,1753,70,3,29.9,39.5,,run
2026-09-18T09:33:03+03:00,1789713183,1758,70,3,29.9,40.2,,run
2026-09-18T09:33:08+03:00,1789713188,1763,70,3,29.9,39.2,,run
2026-09-18T09:33:14+03:00,1789713194,1769,70,3,29.9,39.5,,run
2026-09-18T09:33:19+03:00,1789713199,1774,70,3,29.9,38.6,,run
2026-09-18T09:33:24+03:00,1789713204,1779,70,3,29.9,39.5,,run
2026-09-18T09:33:29+03:00,1789713209,1784,70,3,29.9,39.8,,run
2026-09-18T09:33:34+03:00,1789713214,1789,70,3,29.9,38.6,,run
2026-09-18T09:33:40+03:00,1789713220,1795,70,3,29.9,39.8,,run
2026-09-18T09:33:45+03:00,1789713225,1800,70,3,29.9,38.9,,run
2026-09-18T09:33:50+03:00,1789713230,1805,70,3,29.9,39.5,,run
2026-09-18T09:33:55+03:00,1789713235,1810,70,3,29.9,39.5,,run
2026-09-18T09:34:01+03:00,1789713241,1816,70,3,29.9,42.0,,run
2026-09-18T09:34:06+03:00,1789713246,1821,70,3,29.9,42.6,,run
2026-09-18T09:34:11+03:00,1789713251,1826,70,3,29.9,41.1,,run
2026-09-18T09:34:16+03:00,1789713256,1831,70,3,29.9,39.8,,run
2026-09-18T09:34:21+03:00,1789713261,1836,70,3,29.9,38.9,,run
2026-09-18T09:34:27+03:00,1789713267,1842,70,3,29.9,39.8,,run
2026-09-18T09:34:32+03:00,1789713272,1847,70,3,29.9,39.5,,run
2026-09-18T09:34:37+03:00,1789713277,1852,70,3,29.9,38.9,,run
2026-09-18T09:34:42+03:00,1789713282,1857,70,3,29.9,42.0,,run
2026-09-18T09:34:48+03:00,1789713288,1863,70,3,29.9,42.3,,run
2026-09-18T09:34:53+03:00,1789713293,1868,70,3,29.9,40.8,,run
2026-09-18T09:34:58+03:00,1789713298,1873,70,3,29.9,38.9,,run
2026-09-18T09:35:03+03:00,1789713303,1878,70,3,29.9,39.5,,run
2026-09-18T09:35:09+03:00,1789713309,1884,70,3,29.9,38.6,,run
2026-09-18T09:35:14+03:00,1789713314,1889,70,3,29.9,40.2,,run
2026-09-18T09:35:19+03:00,1789713319,1894,70,3,29.9,38.9,,run
2026-09-18T09:35:24+03:00,1789713324,1899,70,3,29.9,39.2,,run
2026-09-18T09:35:30+03:00,1789713330,1905,70,3,29.9,39.5,,run
2026-09-18T09:35:35+03:00,1789713335,1910,70,3,29.9,38.6,,run
2026-09-18T09:35:40+03:00,1789713340,1915,70,3,29.9,38.9,,run
2026-09-18T09:35:45+03:00,1789713345,1920,70,3,29.9,39.8,,run
2026-09-18T09:35:50+03:00,1789713350,1925,70,3,29.9,39.8,,run
2026-09-18T09:35:56+03:00,1789713356,1931,70,3,29.9,38.6,,run
2026-09-18T09:36:01+03:00,1789713361,1936,70,3,29.9,46.3,,run
2026-09-18T09:36:06+03:00,1789713366,1941,70,3,29.9,40.8,,run
2026-09-18T09:36:11+03:00,1789713371,1946,70,3,29.9,40.2,,run
2026-09-18T09:36:17+03:00,1789713377,1952,70,3,29.9,39.5,,run
2026-09-18T09:36:22+03:00,1789713382,1957,70,3,29.9,38.6,,run
2026-09-18T09:36:27+03:00,1789713387,1962,70,3,29.9,39.2,,run
2026-09-18T09:36:32+03:00,1789713392,1967,70,3,29.9,38.6,,run
2026-09-18T09:36:37+03:00,1789713397,1972,70,3,29.9,38.6,,run
2026-09-18T09:36:43+03:00,1789713403,1978,70,3,29.9,48.8,,run
2026-09-18T09:36:48+03:00,1789713408,1983,70,3,29.9,40.2,,run
2026-09-18T09:36:53+03:00,1789713413,1988,70,3,29.9,39.8,,run
2026-09-18T09:36:58+03:00,1789713418,1993,70,3,29.9,39.5,,run
2026-09-18T09:37:04+03:00,1789713424,1999,70,3,29.9,38.9,,run
2026-09-18T09:37:09+03:00,1789713429,2004,70,3,29.9,38.6,,run
2026-09-18T09:37:14+03:00,1789713434,2009,70,3,29.9,39.8,,run
2026-09-18T09:37:19+03:00,1789713439,2014,70,3,29.9,39.5,,run
2026-09-18T09:37:24+03:00,1789713444,2019,70,3,29.9,39.2,,run
2026-09-18T09:37:30+03:00,1789713450,2025,70,3,29.9,38.6,,run
2026-09-18T09:37:35+03:00,1789713455,2030,70,3,29.9,38.6,,run
2026-09-18T09:37:40+03:00,1789713460,2035,70,3,29.9,39.8,,run
2026-09-18T09:37:45+03:00,1789713465,2040,70,3,29.9,39.8,,run
2026-09-18T09:37:51+03:00,1789713471,2046,70,3,29.9,39.5,,run
2026-09-18T09:37:56+03:00,1789713476,2051,70,3,29.9,42.6,,run
2026-09-18T09:38:01+03:00,1789713481,2056,70,3,29.9,42.9,,run
2026-09-18T09:38:06+03:00,1789713486,2061,70,3,29.9,41.4,,run
2026-09-18T09:38:12+03:00,1789713492,2067,70,3,29.9,40.5,,run
2026-09-18T09:38:17+03:00,1789713497,2072,70,3,29.9,39.5,,run
2026-09-18T09:38:22+03:00,1789713502,2077,70,3,29.9,48.8,,run
2026-09-18T09:38:27+03:00,1789713507,2082,70,3,29.9,43.2,,run
2026-09-18T09:38:33+03:00,1789713513,2088,70,3,29.9,39.8,,run
2026-09-18T09:38:38+03:00,1789713518,2093,70,3,29.9,39.8,,run
2026-09-18T09:38:43+03:00,1789713523,2098,70,3,29.9,40.5,,run
2026-09-18T09:38:48+03:00,1789713528,2103,69,3,30.0,38.9,,run
2026-09-18T09:38:54+03:00,1789713534,2109,69,3,30.0,39.8,,run
2026-09-18T09:38:59+03:00,1789713539,2114,69,3,30.0,38.9,,run
2026-09-18T09:39:04+03:00,1789713544,2119,69,3,30.0,39.5,,run
2026-09-18T09:39:09+03:00,1789713549,2124,69,3,30.0,39.8,,run
2026-09-18T09:39:14+03:00,1789713554,2129,69,3,30.0,38.3,,run
2026-09-18T09:39:20+03:00,1789713560,2135,69,3,30.0,38.9,,run
2026-09-18T09:39:25+03:00,1789713565,2140,69,3,30.0,39.5,,run
2026-09-18T09:39:30+03:00,1789713570,2145,69,3,30.0,38.6,,run
2026-09-18T09:39:35+03:00,1789713575,2150,69,3,30.0,39.2,,run
2026-09-18T09:39:40+03:00,1789713580,2155,69,3,30.0,49.4,,run
2026-09-18T09:39:46+03:00,1789713586,2161,69,3,30.0,40.5,,run
2026-09-18T09:39:51+03:00,1789713591,2166,69,3,30.0,40.2,,run
2026-09-18T09:39:56+03:00,1789713596,2171,69,3,30.0,40.2,,run
2026-09-18T09:40:01+03:00,1789713601,2176,69,3,30.0,39.8,,run
2026-09-18T09:40:07+03:00,1789713607,2182,69,3,30.0,39.8,,run
2026-09-18T09:40:12+03:00,1789713612,2187,69,3,30.0,38.0,,run
2026-09-18T09:40:17+03:00,1789713617,2192,69,3,30.0,38.9,,run
2026-09-18T09:40:22+03:00,1789713622,2197,69,3,30.0,53.5,,run
2026-09-18T09:40:28+03:00,1789713628,2203,69,3,30.0,41.4,,run
2026-09-18T09:40:33+03:00,1789713633,2208,69,3,30.0,40.5,,run
2026-09-18T09:40:38+03:00,1789713638,2213,69,3,30.0,39.5,,run
2026-09-18T09:40:43+03:00,1789713643,2218,69,3,30.0,39.2,,run
2026-09-18T09:40:49+03:00,1789713649,2224,69,3,30.0,39.2,,run
2026-09-18T09:40:54+03:00,1789713654,2229,69,3,30.0,39.5,,run
2026-09-18T09:40:59+03:00,1789713659,2234,69,3,30.0,39.8,,run
2026-09-18T09:41:04+03:00,1789713664,2239,69,3,30.0,39.2,,run
2026-09-18T09:41:09+03:00,1789713669,2244,69,3,30.0,39.8,,run
2026-09-18T09:41:15+03:00,1789713675,2250,69,3,30.0,38.6,,run
2026-09-18T09:41:20+03:00,1789713680,2255,69,3,30.0,42.0,,run
2026-09-18T09:41:25+03:00,1789713685,2260,69,3,30.0,40.2,,run
2026-09-18T09:41:30+03:00,1789713690,2265,69,3,30.0,38.9,,run
2026-09-18T09:41:36+03:00,1789713696,2271,69,3,30.0,45.1,,run
2026-09-18T09:41:41+03:00,1789713701,2276,69,3,30.0,43.6,,run
2026-09-18T09:41:46+03:00,1789713706,2281,69,3,30.0,41.1,,run
2026-09-18T09:41:51+03:00,1789713711,2286,69,3,30.0,39.8,,run
2026-09-18T09:41:56+03:00,1789713716,2291,69,3,30.0,38.6,,run
2026-09-18T09:42:02+03:00,1789713722,2297,69,3,30.0,38.3,,run
2026-09-18T09:42:07+03:00,1789713727,2302,69,3,30.0,38.3,,run
2026-09-18T09:42:12+03:00,1789713732,2307,69,3,30.0,38.6,,run
2026-09-18T09:42:17+03:00,1789713737,2312,69,3,30.0,41.7,,run
2026-09-18T09:42:23+03:00,1789713743,2318,69,3,30.0,45.1,,run
2026-09-18T09:42:28+03:00,1789713748,2323,69,3,30.0,38.9,,run
2026-09-18T09:42:33+03:00,1789713753,2328,69,3,30.0,40.5,,run
2026-09-18T09:42:38+03:00,1789713758,2333,69,3,30.0,38.9,,run
2026-09-18T09:42:44+03:00,1789713764,2339,69,3,30.0,39.5,,run
2026-09-18T09:42:49+03:00,1789713769,2344,69,3,30.0,39.8,,run
2026-09-18T09:42:54+03:00,1789713774,2349,69,3,30.0,39.2,,run
2026-09-18T09:42:59+03:00,1789713779,2354,69,3,30.0,39.2,,run
2026-09-18T09:43:05+03:00,1789713785,2360,69,3,30.0,38.9,,run
2026-09-18T09:43:10+03:00,1789713790,2365,69,3,30.0,38.6,,run
2026-09-18T09:43:15+03:00,1789713795,2370,69,3,30.0,38.3,,run
2026-09-18T09:43:20+03:00,1789713800,2375,69,3,30.0,39.5,,run
2026-09-18T09:43:25+03:00,1789713805,2380,69,3,30.0,39.2,,run
2026-09-18T09:43:31+03:00,1789713811,2386,69,3,30.0,38.9,,run
2026-09-18T09:43:36+03:00,1789713816,2391,69,3,29.8,51.3,,run
2026-09-18T09:43:42+03:00,1789713822,2397,69,3,29.8,42.3,,run
2026-09-18T09:43:47+03:00,1789713827,2402,69,3,29.8,39.8,,run
2026-09-18T09:43:52+03:00,1789713832,2407,69,3,29.8,39.2,,run
2026-09-18T09:43:57+03:00,1789713837,2412,69,3,29.8,38.6,,run
2026-09-18T09:44:02+03:00,1789713842,2417,69,3,29.8,51.6,,run
2026-09-18T09:44:08+03:00,1789713848,2423,69,3,29.8,41.7,,run
2026-09-18T09:44:13+03:00,1789713853,2428,69,3,29.8,41.1,,run
2026-09-18T09:44:18+03:00,1789713858,2433,69,3,29.8,39.8,,run
2026-09-18T09:44:23+03:00,1789713863,2438,69,3,29.8,40.2,,run
2026-09-18T09:44:29+03:00,1789713869,2444,69,3,29.8,40.2,,run
2026-09-18T09:44:34+03:00,1789713874,2449,69,3,29.8,39.2,,run
2026-09-18T09:44:39+03:00,1789713879,2454,69,3,29.8,40.2,,run
2026-09-18T09:44:44+03:00,1789713884,2459,69,3,29.8,38.6,,run
2026-09-18T09:44:49+03:00,1789713889,2464,69,3,29.8,39.2,,run
2026-09-18T09:44:55+03:00,1789713895,2470,69,3,29.8,38.3,,run
2026-09-18T09:45:00+03:00,1789713900,2475,69,3,29.8,38.9,,run
2026-09-18T09:45:05+03:00,1789713905,2480,69,3,29.8,38.6,,run
2026-09-18T09:45:10+03:00,1789713910,2485,69,3,29.8,39.2,,run
2026-09-18T09:45:16+03:00,1789713916,2491,69,3,29.8,46.0,,run
2026-09-18T09:45:21+03:00,1789713921,2496,69,3,29.8,42.0,,run
2026-09-18T09:45:26+03:00,1789713926,2501,69,3,29.8,42.0,,run
2026-09-18T09:45:31+03:00,1789713931,2506,69,3,29.8,39.5,,run
2026-09-18T09:45:37+03:00,1789713937,2512,69,3,29.8,38.9,,run
2026-09-18T09:45:42+03:00,1789713942,2517,69,3,29.8,39.5,,run
2026-09-18T09:45:47+03:00,1789713947,2522,69,3,29.8,39.5,,run
2026-09-18T09:45:52+03:00,1789713952,2527,69,3,29.9,38.9,,run
2026-09-18T09:45:57+03:00,1789713957,2532,69,3,29.9,43.2,,run
2026-09-18T09:46:03+03:00,1789713963,2538,69,3,29.9,46.7,,run
2026-09-18T09:46:08+03:00,1789713968,2543,69,3,29.9,40.2,,run
2026-09-18T09:46:13+03:00,1789713973,2548,69,3,29.9,40.8,,run
2026-09-18T09:46:18+03:00,1789713978,2553,69,3,29.9,39.5,,run
2026-09-18T09:46:24+03:00,1789713984,2559,69,3,29.9,39.2,,run
2026-09-18T09:46:29+03:00,1789713989,2564,69,3,29.9,39.8,,run
2026-09-18T09:46:34+03:00,1789713994,2569,69,3,29.9,39.2,,run
2026-09-18T09:46:39+03:00,1789713999,2574,69,3,29.9,39.8,,run
2026-09-18T09:46:45+03:00,1789714005,2580,69,3,29.9,39.8,,run
2026-09-18T09:46:50+03:00,1789714010,2585,69,3,29.9,39.5,,run
2026-09-18T09:46:55+03:00,1789714015,2590,69,3,29.9,38.6,,run
2026-09-18T09:47:00+03:00,1789714020,2595,69,3,29.9,39.5,,run
2026-09-18T09:47:05+03:00,1789714025,2600,69,3,29.9,39.5,,run
2026-09-18T09:47:11+03:00,1789714031,2606,69,3,29.9,40.8,,run
2026-09-18T09:47:16+03:00,1789714036,2611,69,3,29.9,50.4,,run
2026-09-18T09:47:22+03:00,1789714042,2617,69,3,29.9,42.6,,run
2026-09-18T09:47:27+03:00,1789714047,2622,69,3,29.9,40.5,,run
2026-09-18T09:47:32+03:00,1789714052,2627,69,3,29.9,39.8,,run
2026-09-18T09:47:37+03:00,1789714057,2632,69,3,29.9,38.3,,run
2026-09-18T09:47:42+03:00,1789714062,2637,69,3,29.9,38.3,,run
2026-09-18T09:47:48+03:00,1789714068,2643,69,3,29.9,39.2,,run
2026-09-18T09:47:53+03:00,1789714073,2648,69,3,29.9,38.6,,run
2026-09-18T09:47:58+03:00,1789714078,2653,69,3,29.9,51.6,,run
2026-09-18T09:48:03+03:00,1789714083,2658,69,3,29.9,42.3,,run
2026-09-18T09:48:09+03:00,1789714089,2664,69,3,29.9,40.2,,run
2026-09-18T09:48:14+03:00,1789714094,2669,69,3,29.9,39.8,,run
2026-09-18T09:48:19+03:00,1789714099,2674,69,3,29.9,40.2,,run
2026-09-18T09:48:24+03:00,1789714104,2679,69,3,29.9,39.8,,run
2026-09-18T09:48:30+03:00,1789714110,2685,69,3,29.9,39.8,,run
2026-09-18T09:48:35+03:00,1789714115,2690,69,3,29.9,38.9,,run
2026-09-18T09:48:40+03:00,1789714120,2695,69,3,29.9,39.2,,run
2026-09-18T09:48:45+03:00,1789714125,2700,69,3,29.9,39.2,,run
2026-09-18T09:48:50+03:00,1789714130,2705,69,3,29.9,38.9,,run
2026-09-18T09:48:56+03:00,1789714136,2711,69,3,29.9,39.2,,run
2026-09-18T09:49:01+03:00,1789714141,2716,69,3,29.9,38.6,,run
2026-09-18T09:49:06+03:00,1789714146,2721,69,3,29.9,39.5,,run
2026-09-18T09:49:11+03:00,1789714151,2726,69,3,29.9,46.0,,run
2026-09-18T09:49:17+03:00,1789714157,2732,69,3,29.9,50.1,,run
2026-09-18T09:49:22+03:00,1789714162,2737,69,3,29.9,46.0,,run
2026-09-18T09:49:27+03:00,1789714167,2742,69,3,29.9,39.5,,run
2026-09-18T09:49:32+03:00,1789714172,2747,69,3,29.9,38.9,,run
2026-09-18T09:49:38+03:00,1789714178,2753,69,3,29.9,39.5,,run
2026-09-18T09:49:43+03:00,1789714183,2758,69,3,29.9,38.3,,run
2026-09-18T09:49:48+03:00,1789714188,2763,69,3,29.9,38.6,,run
2026-09-18T09:49:53+03:00,1789714193,2768,69,3,29.9,38.9,,run
2026-09-18T09:49:58+03:00,1789714198,2773,69,3,29.9,51.6,,run
2026-09-18T09:50:04+03:00,1789714204,2779,69,3,29.9,40.2,,run
2026-09-18T09:50:09+03:00,1789714209,2784,69,3,29.9,39.8,,run
2026-09-18T09:50:14+03:00,1789714214,2789,69,3,29.9,40.5,,run
2026-09-18T09:50:19+03:00,1789714219,2794,69,3,29.9,39.8,,run
2026-09-18T09:50:25+03:00,1789714225,2800,69,3,29.9,39.2,,run
2026-09-18T09:50:30+03:00,1789714230,2805,69,3,29.9,39.2,,run
2026-09-18T09:50:35+03:00,1789714235,2810,69,3,29.9,38.6,,run
2026-09-18T09:50:40+03:00,1789714240,2815,69,3,29.9,39.5,,run
2026-09-18T09:50:45+03:00,1789714245,2820,69,3,29.9,38.9,,run
2026-09-18T09:50:51+03:00,1789714251,2826,69,3,29.9,38.6,,run
2026-09-18T09:50:56+03:00,1789714256,2831,69,3,29.9,38.9,,run
2026-09-18T09:51:01+03:00,1789714261,2836,69,3,29.9,39.8,,run
2026-09-18T09:51:06+03:00,1789714266,2841,69,3,29.9,38.9,,run
2026-09-18T09:51:11+03:00,1789714271,2846,69,3,29.9,43.2,,run
2026-09-18T09:51:17+03:00,1789714277,2852,69,3,29.9,43.6,,run
2026-09-18T09:51:22+03:00,1789714282,2857,69,3,29.9,41.4,,run
2026-09-18T09:51:27+03:00,1789714287,2862,69,3,29.9,38.9,,run
2026-09-18T09:51:32+03:00,1789714292,2867,69,3,29.9,38.9,,run
2026-09-18T09:51:38+03:00,1789714298,2873,68,3,30.0,38.9,,run
2026-09-18T09:51:43+03:00,1789714303,2878,68,3,30.0,38.6,,run
2026-09-18T09:51:48+03:00,1789714308,2883,68,3,30.0,38.6,,run
2026-09-18T09:51:53+03:00,1789714313,2888,68,3,30.0,40.2,,run
2026-09-18T09:51:59+03:00,1789714319,2894,68,3,30.0,44.5,,run
2026-09-18T09:52:04+03:00,1789714324,2899,68,3,30.0,40.2,,run
2026-09-18T09:52:09+03:00,1789714329,2904,68,3,30.0,39.2,,run
2026-09-18T09:52:14+03:00,1789714334,2909,68,3,30.0,38.9,,run
2026-09-18T09:52:19+03:00,1789714339,2914,68,3,30.0,39.2,,run
2026-09-18T09:52:25+03:00,1789714345,2920,68,3,30.0,39.2,,run
2026-09-18T09:52:30+03:00,1789714350,2925,68,3,30.0,41.4,,run
2026-09-18T09:52:35+03:00,1789714355,2930,68,3,30.0,39.5,,run
2026-09-18T09:52:40+03:00,1789714360,2935,68,3,30.0,38.6,,run
2026-09-18T09:52:46+03:00,1789714366,2941,68,3,30.0,39.8,,run
2026-09-18T09:52:51+03:00,1789714371,2946,68,3,30.0,39.2,,run
2026-09-18T09:52:56+03:00,1789714376,2951,68,3,30.0,39.2,,run
2026-09-18T09:53:01+03:00,1789714381,2956,68,3,30.0,39.2,,run
2026-09-18T09:53:06+03:00,1789714386,2961,68,3,30.0,38.6,,run
2026-09-18T09:53:12+03:00,1789714392,2967,68,3,30.0,48.5,,run
2026-09-18T09:53:17+03:00,1789714397,2972,68,3,30.0,45.4,,run
2026-09-18T09:53:22+03:00,1789714402,2977,68,3,30.0,41.7,,run
2026-09-18T09:53:28+03:00,1789714408,2983,68,3,30.0,39.5,,run
2026-09-18T09:53:33+03:00,1789714413,2988,68,3,30.0,39.2,,run
2026-09-18T09:53:38+03:00,1789714418,2993,68,3,29.9,39.8,,run
2026-09-18T09:53:43+03:00,1789714423,2998,68,3,29.9,39.2,,run
2026-09-18T09:53:49+03:00,1789714429,3004,68,3,29.9,38.6,,run
2026-09-18T09:53:54+03:00,1789714434,3009,68,3,29.9,51.6,,run
2026-09-18T09:53:59+03:00,1789714439,3014,68,3,29.9,42.3,,run
2026-09-18T09:54:04+03:00,1789714444,3019,68,3,29.9,39.8,,run
2026-09-18T09:54:10+03:00,1789714450,3025,68,3,29.9,40.8,,run
2026-09-18T09:54:15+03:00,1789714455,3030,68,3,29.9,40.2,,run
2026-09-18T09:54:20+03:00,1789714460,3035,68,3,29.9,39.2,,run
2026-09-18T09:54:25+03:00,1789714465,3040,68,3,29.9,39.8,,run
2026-09-18T09:54:30+03:00,1789714470,3045,68,3,29.9,39.5,,run
2026-09-18T09:54:36+03:00,1789714476,3051,68,3,29.9,38.9,,run
2026-09-18T09:54:41+03:00,1789714481,3056,68,3,29.9,38.6,,run
2026-09-18T09:54:46+03:00,1789714486,3061,68,3,29.9,39.8,,run
2026-09-18T09:54:51+03:00,1789714491,3066,68,3,29.9,38.6,,run
2026-09-18T09:54:57+03:00,1789714496,3071,68,3,29.9,39.2,,run
2026-09-18T09:55:02+03:00,1789714502,3077,68,3,29.9,39.8,,run
2026-09-18T09:55:07+03:00,1789714507,3082,68,3,29.9,44.8,,run
2026-09-18T09:55:12+03:00,1789714512,3087,68,3,29.9,49.4,,run
2026-09-18T09:55:17+03:00,1789714517,3092,68,3,29.9,44.2,,run
2026-09-18T09:55:23+03:00,1789714523,3098,68,3,29.9,39.2,,run
2026-09-18T09:55:28+03:00,1789714528,3103,68,3,29.9,39.5,,run
2026-09-18T09:55:33+03:00,1789714533,3108,68,3,29.9,41.7,,run
2026-09-18T09:55:38+03:00,1789714538,3113,68,3,29.9,45.4,,run
2026-09-18T09:55:44+03:00,1789714544,3119,68,3,29.9,40.2,,run
2026-09-18T09:55:49+03:00,1789714549,3124,68,3,29.9,39.5,,run
2026-09-18T09:55:54+03:00,1789714554,3129,68,3,29.9,40.2,,run
2026-09-18T09:55:59+03:00,1789714559,3134,68,3,29.9,39.8,,run
2026-09-18T09:56:04+03:00,1789714564,3139,68,3,29.9,38.9,,run
2026-09-18T09:56:10+03:00,1789714570,3145,68,3,29.9,39.2,,run
2026-09-18T09:56:15+03:00,1789714575,3150,68,3,29.9,39.2,,run
2026-09-18T09:56:20+03:00,1789714580,3155,68,3,29.9,39.5,,run
2026-09-18T09:56:25+03:00,1789714585,3160,68,3,29.9,40.2,,run
2026-09-18T09:56:31+03:00,1789714591,3166,68,3,29.9,39.8,,run
2026-09-18T09:56:36+03:00,1789714596,3171,68,3,29.9,39.2,,run
2026-09-18T09:56:41+03:00,1789714601,3176,68,3,29.9,39.2,,run
2026-09-18T09:56:46+03:00,1789714606,3181,68,3,29.9,39.5,,run
2026-09-18T09:56:51+03:00,1789714611,3186,68,3,29.9,49.1,,run
2026-09-18T09:56:57+03:00,1789714617,3192,68,3,29.9,40.8,,run
2026-09-18T09:57:02+03:00,1789714622,3197,68,3,29.9,40.5,,run
2026-09-18T09:57:07+03:00,1789714627,3202,68,3,29.9,39.2,,run
2026-09-18T09:57:13+03:00,1789714633,3208,68,3,29.9,38.9,,run
2026-09-18T09:57:18+03:00,1789714638,3213,68,3,29.9,38.3,,run
2026-09-18T09:57:23+03:00,1789714643,3218,68,3,29.9,39.2,,run
2026-09-18T09:57:28+03:00,1789714648,3223,68,3,29.9,39.2,,run
2026-09-18T09:57:34+03:00,1789714654,3229,68,3,29.9,49.7,,run
2026-09-18T09:57:39+03:00,1789714659,3234,68,3,29.9,42.0,,run
2026-09-18T09:57:44+03:00,1789714664,3239,68,3,29.9,39.2,,run
2026-09-18T09:57:49+03:00,1789714669,3244,68,3,29.9,39.5,,run
2026-09-18T09:57:55+03:00,1789714675,3250,68,3,29.9,39.8,,run
2026-09-18T09:58:00+03:00,1789714680,3255,68,3,29.9,39.2,,run
2026-09-18T09:58:05+03:00,1789714685,3260,68,3,29.9,39.5,,run
2026-09-18T09:58:10+03:00,1789714690,3265,68,3,29.9,39.5,,run
2026-09-18T09:58:16+03:00,1789714695,3270,68,3,29.9,39.5,,run
2026-09-18T09:58:21+03:00,1789714701,3276,68,3,29.9,39.2,,run
2026-09-18T09:58:26+03:00,1789714706,3281,68,3,29.9,38.3,,run
2026-09-18T09:58:31+03:00,1789714711,3286,68,3,29.9,38.6,,run
2026-09-18T09:58:36+03:00,1789714716,3291,68,3,29.9,38.6,,run
2026-09-18T09:58:42+03:00,1789714722,3297,68,3,29.9,39.5,,run
2026-09-18T09:58:47+03:00,1789714727,3302,68,3,29.9,44.8,,run
2026-09-18T09:58:52+03:00,1789714732,3307,68,3,29.9,43.2,,run
2026-09-18T09:58:57+03:00,1789714737,3312,68,3,29.9,43.6,,run
2026-09-18T09:59:03+03:00,1789714743,3318,68,3,29.9,39.2,,run
2026-09-18T09:59:08+03:00,1789714748,3323,68,3,29.9,39.8,,run
2026-09-18T09:59:13+03:00,1789714753,3328,68,3,29.9,39.5,,run
2026-09-18T09:59:18+03:00,1789714758,3333,68,3,29.9,38.9,,run
2026-09-18T09:59:23+03:00,1789714763,3338,68,3,29.9,38.6,,run
2026-09-18T09:59:29+03:00,1789714769,3344,68,3,29.9,39.2,,run
2026-09-18T09:59:34+03:00,1789714774,3349,68,3,29.9,47.9,,run
2026-09-18T09:59:39+03:00,1789714779,3354,68,3,29.9,39.5,,run
2026-09-18T09:59:44+03:00,1789714784,3359,68,3,29.9,39.5,,run
2026-09-18T09:59:50+03:00,1789714790,3365,68,3,29.9,40.5,,run
2026-09-18T09:59:55+03:00,1789714795,3370,68,3,29.9,38.6,,run
2026-09-18T10:00:00+03:00,1789714800,3375,68,3,29.9,39.8,,run
2026-09-18T10:00:05+03:00,1789714805,3380,68,3,29.9,39.2,,run
2026-09-18T10:00:10+03:00,1789714810,3385,68,3,29.9,38.9,,run
2026-09-18T10:00:16+03:00,1789714816,3391,68,3,29.9,39.5,,run
2026-09-18T10:00:21+03:00,1789714821,3396,68,3,29.9,39.5,,run
2026-09-18T10:00:26+03:00,1789714826,3401,68,3,29.9,38.6,,run
2026-09-18T10:00:31+03:00,1789714831,3406,68,3,29.9,39.2,,run
2026-09-18T10:00:37+03:00,1789714837,3412,68,3,29.9,38.9,,run
2026-09-18T10:00:42+03:00,1789714842,3417,68,3,29.9,39.5,,run
2026-09-18T10:00:47+03:00,1789714847,3422,68,3,29.9,42.6,,run
2026-09-18T10:00:52+03:00,1789714852,3427,68,3,29.9,41.7,,run
2026-09-18T10:00:57+03:00,1789714857,3432,68,3,29.9,40.8,,run
2026-09-18T10:01:03+03:00,1789714863,3438,68,3,29.9,39.2,,run
2026-09-18T10:01:08+03:00,1789714868,3443,68,3,29.9,39.8,,run
2026-09-18T10:01:13+03:00,1789714873,3448,68,3,29.9,38.6,,run
2026-09-18T10:01:18+03:00,1789714878,3453,68,3,29.9,39.5,,run
2026-09-18T10:01:24+03:00,1789714884,3459,68,3,29.9,38.3,,run
2026-09-18T10:01:29+03:00,1789714889,3464,68,3,29.9,41.7,,run
2026-09-18T10:01:34+03:00,1789714894,3469,68,3,29.9,42.6,,run
2026-09-18T10:01:39+03:00,1789714899,3474,68,3,29.9,40.2,,run
2026-09-18T10:01:45+03:00,1789714905,3480,68,3,29.9,39.8,,run
2026-09-18T10:01:50+03:00,1789714910,3485,68,3,29.9,39.2,,run
2026-09-18T10:01:55+03:00,1789714915,3490,68,3,29.9,40.5,,run
2026-09-18T10:02:00+03:00,1789714920,3495,68,3,29.9,40.5,,run
2026-09-18T10:02:05+03:00,1789714925,3500,68,3,29.9,44.2,,run
2026-09-18T10:02:11+03:00,1789714931,3506,68,3,29.9,39.8,,run
2026-09-18T10:02:16+03:00,1789714936,3511,68,3,29.9,39.8,,run
2026-09-18T10:02:21+03:00,1789714941,3516,68,3,29.9,39.5,,run
2026-09-18T10:02:26+03:00,1789714946,3521,68,3,29.9,39.2,,run
2026-09-18T10:02:32+03:00,1789714952,3527,68,3,29.9,39.2,,run
2026-09-18T10:02:37+03:00,1789714957,3532,68,3,29.9,39.2,,run
2026-09-18T10:02:42+03:00,1789714962,3537,68,3,29.9,38.9,,run
2026-09-18T10:02:47+03:00,1789714967,3542,68,3,29.9,45.7,,run
2026-09-18T10:02:52+03:00,1789714972,3547,68,3,29.9,42.0,,run
2026-09-18T10:02:58+03:00,1789714978,3553,68,3,29.9,40.2,,run
2026-09-18T10:03:03+03:00,1789714983,3558,68,3,29.9,39.5,,run
2026-09-18T10:03:08+03:00,1789714988,3563,68,3,29.9,39.5,,run
2026-09-18T10:03:13+03:00,1789714993,3568,68,3,29.9,40.2,,run
2026-09-18T10:03:19+03:00,1789714999,3574,68,3,29.9,39.5,,run
2026-09-18T10:03:24+03:00,1789715004,3579,67,3,30.0,39.2,,run
2026-09-18T10:03:29+03:00,1789715009,3584,67,3,30.0,49.7,,run
2026-09-18T10:03:34+03:00,1789715014,3589,67,3,30.0,42.0,,run
2026-09-18T10:03:40+03:00,1789715020,3595,67,3,30.0,40.8,,run
2026-09-18T10:03:45+03:00,1789715025,3600,67,3,30.0,40.8,,run
2026-09-18T10:03:50+03:00,1789715030,3605,67,3,30.0,40.5,,run
2026-09-18T10:03:55+03:00,1789715035,3610,67,3,30.0,40.2,,run
2026-09-18T10:04:00+03:00,1789715040,3615,67,3,30.0,39.5,,run
2026-09-18T10:04:06+03:00,1789715046,3621,67,3,30.0,39.8,,run
2026-09-18T10:04:11+03:00,1789715051,3626,67,3,30.0,39.8,,run
2026-09-18T10:04:16+03:00,1789715056,3631,67,3,30.0,38.9,,run
2026-09-18T10:04:21+03:00,1789715061,3636,67,3,30.0,38.9,,run
2026-09-18T10:04:26+03:00,1789715066,3641,67,3,30.0,38.6,,run
2026-09-18T10:04:32+03:00,1789715072,3647,67,3,30.0,38.6,,run
2026-09-18T10:04:37+03:00,1789715077,3652,67,3,30.0,39.2,,run
2026-09-18T10:04:42+03:00,1789715082,3657,67,3,30.0,46.0,,run
2026-09-18T10:04:47+03:00,1789715087,3662,67,3,30.0,47.3,,run
2026-09-18T10:04:53+03:00,1789715093,3668,67,3,30.0,42.0,,run
2026-09-18T10:04:58+03:00,1789715098,3673,67,3,30.0,40.5,,run
2026-09-18T10:05:03+03:00,1789715103,3678,67,3,30.0,39.8,,run
2026-09-18T10:05:08+03:00,1789715108,3683,67,3,30.0,51.0,,run
2026-09-18T10:05:14+03:00,1789715114,3689,67,3,30.0,42.6,,run
2026-09-18T10:05:19+03:00,1789715119,3694,67,3,30.0,40.5,,run
2026-09-18T10:05:24+03:00,1789715124,3699,67,3,30.0,39.8,,run
2026-09-18T10:05:29+03:00,1789715129,3704,67,3,30.0,39.8,,run
2026-09-18T10:05:35+03:00,1789715135,3710,67,3,30.0,38.9,,run
2026-09-18T10:05:40+03:00,1789715140,3715,67,3,30.0,38.6,,run
2026-09-18T10:05:45+03:00,1789715145,3720,67,3,30.0,39.8,,run
2026-09-18T10:05:50+03:00,1789715150,3725,67,3,30.0,39.8,,run
2026-09-18T10:05:56+03:00,1789715156,3731,67,3,30.0,39.5,,run
2026-09-18T10:06:01+03:00,1789715161,3736,67,3,30.0,39.2,,run
2026-09-18T10:06:06+03:00,1789715166,3741,67,3,30.0,38.9,,run
2026-09-18T10:06:11+03:00,1789715171,3746,67,3,30.0,38.9,,run
2026-09-18T10:06:16+03:00,1789715176,3751,67,3,30.0,39.8,,run
2026-09-18T10:06:22+03:00,1789715182,3757,67,3,30.0,39.8,,run
2026-09-18T10:06:27+03:00,1789715187,3762,67,3,30.0,49.1,,run
2026-09-18T10:06:32+03:00,1789715192,3767,67,3,30.0,40.5,,run
2026-09-18T10:06:38+03:00,1789715198,3773,67,3,30.0,41.1,,run
2026-09-18T10:06:43+03:00,1789715203,3778,67,3,30.0,39.8,,run
2026-09-18T10:06:48+03:00,1789715208,3783,67,3,30.0,39.2,,run
2026-09-18T10:06:53+03:00,1789715213,3788,67,3,30.0,38.6,,run
2026-09-18T10:06:58+03:00,1789715218,3793,67,3,30.0,38.6,,run
2026-09-18T10:07:04+03:00,1789715224,3799,67,3,30.0,39.2,,run
2026-09-18T10:07:09+03:00,1789715229,3804,67,3,30.0,50.7,,run
2026-09-18T10:07:14+03:00,1789715234,3809,67,3,30.0,41.1,,run
2026-09-18T10:07:19+03:00,1789715239,3814,67,3,30.0,38.9,,run
2026-09-18T10:07:25+03:00,1789715245,3820,67,3,30.0,39.2,,run
2026-09-18T10:07:30+03:00,1789715250,3825,67,3,30.0,38.9,,run
2026-09-18T10:07:35+03:00,1789715255,3830,67,3,30.0,39.5,,run
2026-09-18T10:07:40+03:00,1789715260,3835,67,3,30.0,39.2,,run
2026-09-18T10:07:46+03:00,1789715266,3841,67,3,30.0,39.5,,run
2026-09-18T10:07:51+03:00,1789715271,3846,67,3,30.0,39.5,,run
2026-09-18T10:07:56+03:00,1789715276,3851,67,3,30.0,39.2,,run
2026-09-18T10:08:01+03:00,1789715281,3856,67,3,30.0,39.2,,run
2026-09-18T10:08:06+03:00,1789715286,3861,67,3,30.0,39.2,,run
2026-09-18T10:08:12+03:00,1789715292,3867,67,3,30.0,40.2,,run
2026-09-18T10:08:17+03:00,1789715297,3872,67,3,30.0,39.5,,run
2026-09-18T10:08:22+03:00,1789715302,3877,67,3,30.0,46.7,,run
2026-09-18T10:08:27+03:00,1789715307,3882,67,3,30.0,44.5,,run
2026-09-18T10:08:33+03:00,1789715313,3888,67,3,30.0,43.9,,run
2026-09-18T10:08:38+03:00,1789715318,3893,67,3,30.0,39.5,,run
2026-09-18T10:08:43+03:00,1789715323,3898,67,3,30.0,38.9,,run
2026-09-18T10:08:48+03:00,1789715328,3903,67,3,30.0,39.5,,run
2026-09-18T10:08:54+03:00,1789715334,3909,67,3,30.0,45.4,,run
2026-09-18T10:08:59+03:00,1789715339,3914,67,3,30.0,41.1,,run
2026-09-18T10:09:04+03:00,1789715344,3919,67,3,30.0,39.2,,run
2026-09-18T10:09:09+03:00,1789715349,3924,67,3,30.0,50.4,,run
2026-09-18T10:09:15+03:00,1789715355,3930,67,3,30.0,41.1,,run
2026-09-18T10:09:20+03:00,1789715360,3935,67,3,30.0,40.2,,run
2026-09-18T10:09:25+03:00,1789715365,3940,67,3,30.0,40.5,,run
2026-09-18T10:09:30+03:00,1789715370,3945,67,3,30.0,40.2,,run
2026-09-18T10:09:35+03:00,1789715375,3950,67,3,30.0,39.2,,run
2026-09-18T10:09:41+03:00,1789715381,3956,67,3,30.0,39.8,,run
2026-09-18T10:09:46+03:00,1789715386,3961,67,3,30.0,39.5,,run
2026-09-18T10:09:51+03:00,1789715391,3966,67,3,30.0,39.5,,run
2026-09-18T10:09:56+03:00,1789715396,3971,67,3,30.0,38.9,,run
2026-09-18T10:10:02+03:00,1789715402,3977,67,3,30.0,40.5,,run
2026-09-18T10:10:07+03:00,1789715407,3982,67,3,30.0,39.8,,run
2026-09-18T10:10:12+03:00,1789715412,3987,67,3,30.0,39.2,,run
2026-09-18T10:10:17+03:00,1789715417,3992,67,3,30.0,39.2,,run
2026-09-18T10:10:22+03:00,1789715422,3997,67,3,30.0,42.9,,run
2026-09-18T10:10:28+03:00,1789715428,4003,67,3,30.0,43.9,,run
2026-09-18T10:10:33+03:00,1789715433,4008,67,3,30.0,41.7,,run
2026-09-18T10:10:38+03:00,1789715438,4013,67,3,30.0,40.2,,run
2026-09-18T10:10:44+03:00,1789715444,4019,67,3,30.0,39.5,,run
2026-09-18T10:10:49+03:00,1789715449,4024,67,3,30.0,39.2,,run
2026-09-18T10:10:54+03:00,1789715454,4029,67,3,30.0,40.2,,run
2026-09-18T10:10:59+03:00,1789715459,4034,67,3,30.0,40.2,,run
2026-09-18T10:11:04+03:00,1789715464,4039,67,3,30.0,48.5,,run
2026-09-18T10:11:10+03:00,1789715470,4045,67,3,30.0,42.6,,run
2026-09-18T10:11:15+03:00,1789715475,4050,67,3,30.0,40.2,,run
2026-09-18T10:11:20+03:00,1789715480,4055,67,3,30.0,39.5,,run
2026-09-18T10:11:26+03:00,1789715486,4061,67,3,30.0,40.5,,run
2026-09-18T10:11:31+03:00,1789715491,4066,67,3,30.0,39.8,,run
2026-09-18T10:11:36+03:00,1789715496,4071,67,3,30.0,39.5,,run
2026-09-18T10:11:41+03:00,1789715501,4076,67,3,30.0,39.5,,run
2026-09-18T10:11:47+03:00,1789715507,4082,67,3,30.0,39.2,,run
2026-09-18T10:11:52+03:00,1789715512,4087,67,3,30.0,39.8,,run
2026-09-18T10:11:57+03:00,1789715517,4092,67,3,30.0,39.5,,run
2026-09-18T10:12:02+03:00,1789715522,4097,67,3,30.0,39.2,,run
2026-09-18T10:12:07+03:00,1789715527,4102,67,3,30.0,39.8,,run
2026-09-18T10:12:13+03:00,1789715533,4108,67,3,30.0,39.2,,run
2026-09-18T10:12:18+03:00,1789715538,4113,67,3,30.0,39.2,,run
2026-09-18T10:12:23+03:00,1789715543,4118,67,3,30.0,47.9,,run
2026-09-18T10:12:28+03:00,1789715548,4123,67,3,30.0,40.8,,run
2026-09-18T10:12:34+03:00,1789715554,4129,67,3,30.0,40.2,,run
2026-09-18T10:12:39+03:00,1789715559,4134,67,3,30.0,39.5,,run
2026-09-18T10:12:44+03:00,1789715564,4139,67,3,30.0,38.9,,run
2026-09-18T10:12:49+03:00,1789715569,4144,67,3,30.0,39.2,,run
2026-09-18T10:12:54+03:00,1789715574,4149,67,3,30.0,38.9,,run
2026-09-18T10:13:00+03:00,1789715580,4155,67,3,30.0,39.8,,run
2026-09-18T10:13:05+03:00,1789715585,4160,67,3,30.0,51.3,,run
2026-09-18T10:13:10+03:00,1789715590,4165,67,3,30.0,41.4,,run
2026-09-18T10:13:15+03:00,1789715595,4170,67,3,30.0,40.5,,run
2026-09-18T10:13:21+03:00,1789715601,4176,67,3,30.0,40.5,,run
2026-09-18T10:13:26+03:00,1789715606,4181,67,3,30.0,39.8,,run
2026-09-18T10:13:31+03:00,1789715611,4186,67,3,30.0,39.8,,run
2026-09-18T10:13:36+03:00,1789715616,4191,67,3,29.9,39.2,,run
2026-09-18T10:13:42+03:00,1789715622,4197,67,3,29.9,39.5,,run
2026-09-18T10:13:47+03:00,1789715627,4202,67,3,29.9,38.6,,run
2026-09-18T10:13:52+03:00,1789715632,4207,67,3,29.9,39.2,,run
2026-09-18T10:13:57+03:00,1789715637,4212,67,3,29.9,39.5,,run
2026-09-18T10:14:02+03:00,1789715642,4217,67,3,29.9,39.2,,run
2026-09-18T10:14:08+03:00,1789715648,4223,67,3,29.9,39.5,,run
2026-09-18T10:14:13+03:00,1789715653,4228,67,3,29.9,39.8,,run
2026-09-18T10:14:18+03:00,1789715658,4233,67,3,29.9,47.9,,run
2026-09-18T10:14:23+03:00,1789715663,4238,67,3,29.9,43.6,,run
2026-09-18T10:14:28+03:00,1789715668,4243,67,3,29.9,42.0,,run
2026-09-18T10:14:34+03:00,1789715674,4249,67,3,29.9,39.8,,run
2026-09-18T10:14:39+03:00,1789715679,4254,67,3,29.9,39.2,,run
2026-09-18T10:14:44+03:00,1789715684,4259,67,3,29.9,39.5,,run
2026-09-18T10:14:49+03:00,1789715689,4264,67,3,29.9,39.2,,run
2026-09-18T10:14:55+03:00,1789715695,4270,67,3,29.9,39.5,,run
2026-09-18T10:15:00+03:00,1789715700,4275,67,3,29.9,38.9,,run
2026-09-18T10:15:05+03:00,1789715705,4280,67,3,29.9,47.0,,run
2026-09-18T10:15:10+03:00,1789715710,4285,67,3,29.9,40.5,,run
2026-09-18T10:15:15+03:00,1789715715,4290,67,3,29.9,39.5,,run
2026-09-18T10:15:21+03:00,1789715721,4296,67,3,29.9,40.5,,run
2026-09-18T10:15:26+03:00,1789715726,4301,67,3,29.9,39.8,,run
2026-09-18T10:15:31+03:00,1789715731,4306,67,3,29.9,40.2,,run
2026-09-18T10:15:36+03:00,1789715736,4311,67,3,29.9,39.2,,run
2026-09-18T10:15:42+03:00,1789715742,4317,67,3,29.9,40.2,,run
2026-09-18T10:15:47+03:00,1789715747,4322,67,3,29.9,38.6,,run
2026-09-18T10:15:52+03:00,1789715752,4327,67,3,29.9,39.2,,run
2026-09-18T10:15:57+03:00,1789715757,4332,67,3,29.9,39.5,,run
2026-09-18T10:16:02+03:00,1789715762,4337,67,3,29.9,38.3,,run
2026-09-18T10:16:08+03:00,1789715768,4343,67,3,29.9,39.8,,run
2026-09-18T10:16:13+03:00,1789715773,4348,66,3,29.9,39.5,,run
2026-09-18T10:16:18+03:00,1789715778,4353,66,3,29.9,46.3,,run
2026-09-18T10:16:24+03:00,1789715784,4359,66,3,29.9,42.6,,run
2026-09-18T10:16:29+03:00,1789715789,4364,66,3,29.9,40.8,,run
2026-09-18T10:16:34+03:00,1789715794,4369,66,3,29.9,38.6,,run
2026-09-18T10:16:39+03:00,1789715799,4374,66,3,29.9,39.5,,run
2026-09-18T10:16:44+03:00,1789715804,4379,66,3,29.9,50.7,,run
2026-09-18T10:16:50+03:00,1789715810,4385,66,3,29.9,41.7,,run
2026-09-18T10:16:55+03:00,1789715815,4390,66,3,29.9,39.8,,run
2026-09-18T10:17:00+03:00,1789715820,4395,66,3,29.9,40.5,,run
2026-09-18T10:17:06+03:00,1789715826,4401,66,3,29.9,38.9,,run
2026-09-18T10:17:11+03:00,1789715831,4406,66,3,29.9,40.5,,run
2026-09-18T10:17:16+03:00,1789715836,4411,66,3,29.9,38.9,,run
2026-09-18T10:17:21+03:00,1789715841,4416,66,3,29.9,40.2,,run
2026-09-18T10:17:26+03:00,1789715846,4421,66,3,29.9,39.2,,run
2026-09-18T10:17:32+03:00,1789715852,4427,66,3,29.9,38.6,,run
2026-09-18T10:17:37+03:00,1789715857,4432,66,3,29.9,38.9,,run
2026-09-18T10:17:42+03:00,1789715862,4437,66,3,29.9,42.6,,run
2026-09-18T10:17:47+03:00,1789715867,4442,66,3,29.9,40.2,,run
2026-09-18T10:17:53+03:00,1789715873,4448,66,3,29.9,39.5,,run
2026-09-18T10:17:58+03:00,1789715878,4453,66,3,29.9,47.6,,run
2026-09-18T10:18:03+03:00,1789715883,4458,66,3,29.9,50.4,,run
2026-09-18T10:18:08+03:00,1789715888,4463,66,3,29.9,44.5,,run
2026-09-18T10:18:13+03:00,1789715893,4468,66,3,29.9,39.2,,run
2026-09-18T10:18:19+03:00,1789715899,4474,66,3,29.9,39.2,,run
2026-09-18T10:18:24+03:00,1789715904,4479,66,3,29.9,38.6,,run
2026-09-18T10:18:29+03:00,1789715909,4484,66,3,29.9,39.5,,run
2026-09-18T10:18:34+03:00,1789715914,4489,66,3,29.9,39.2,,run
2026-09-18T10:18:40+03:00,1789715920,4495,66,3,29.9,38.6,,run
2026-09-18T10:18:45+03:00,1789715925,4500,66,3,29.9,52.8,,run
2026-09-18T10:18:50+03:00,1789715930,4505,66,3,29.9,41.7,,run
2026-09-18T10:18:55+03:00,1789715935,4510,66,3,29.9,39.8,,run
2026-09-18T10:19:01+03:00,1789715941,4516,66,3,29.9,40.5,,run
2026-09-18T10:19:06+03:00,1789715946,4521,66,3,29.9,39.8,,run
2026-09-18T10:19:11+03:00,1789715951,4526,66,3,29.9,40.2,,run
2026-09-18T10:19:16+03:00,1789715956,4531,66,3,29.9,39.5,,run
2026-09-18T10:19:21+03:00,1789715961,4536,66,3,29.9,39.8,,run
2026-09-18T10:19:27+03:00,1789715967,4542,66,3,29.9,38.6,,run
2026-09-18T10:19:32+03:00,1789715972,4547,66,3,29.9,39.5,,run
2026-09-18T10:19:37+03:00,1789715977,4552,66,3,29.9,38.9,,run
2026-09-18T10:19:42+03:00,1789715982,4557,66,3,29.9,39.2,,run
2026-09-18T10:19:48+03:00,1789715988,4563,66,3,29.9,40.5,,run
2026-09-18T10:19:53+03:00,1789715993,4568,66,3,29.9,38.9,,run
2026-09-18T10:19:58+03:00,1789715998,4573,66,3,29.9,47.9,,run
2026-09-18T10:20:04+03:00,1789716004,4579,66,3,29.9,43.2,,run
2026-09-18T10:20:09+03:00,1789716009,4584,66,3,29.9,40.8,,run
2026-09-18T10:20:14+03:00,1789716014,4589,66,3,29.9,39.5,,run
2026-09-18T10:20:19+03:00,1789716019,4594,66,3,29.9,40.8,,run
2026-09-18T10:20:25+03:00,1789716025,4600,66,3,29.9,39.8,,run
2026-09-18T10:20:30+03:00,1789716030,4605,66,3,29.9,38.9,,run
2026-09-18T10:20:35+03:00,1789716035,4610,66,3,29.9,38.3,,run
2026-09-18T10:20:40+03:00,1789716040,4615,66,3,29.9,41.7,,run
2026-09-18T10:20:46+03:00,1789716046,4621,66,3,29.9,43.6,,run
2026-09-18T10:20:51+03:00,1789716051,4626,66,3,29.9,39.8,,run
2026-09-18T10:20:56+03:00,1789716056,4631,66,3,29.9,39.5,,run
2026-09-18T10:21:01+03:00,1789716061,4636,66,3,29.9,38.9,,run
2026-09-18T10:21:07+03:00,1789716067,4642,66,3,29.9,38.9,,run
2026-09-18T10:21:12+03:00,1789716072,4647,66,3,29.9,39.2,,run
2026-09-18T10:21:17+03:00,1789716077,4652,66,3,29.9,38.9,,run
2026-09-18T10:21:22+03:00,1789716082,4657,66,3,29.9,38.9,,run
2026-09-18T10:21:27+03:00,1789716087,4662,66,3,29.9,39.5,,run
2026-09-18T10:21:33+03:00,1789716093,4668,66,3,29.9,38.9,,run
2026-09-18T10:21:38+03:00,1789716098,4673,66,3,29.9,39.5,,run
2026-09-18T10:21:43+03:00,1789716103,4678,66,3,29.9,38.6,,run
2026-09-18T10:21:48+03:00,1789716108,4683,66,3,29.9,39.8,,run
2026-09-18T10:21:53+03:00,1789716113,4688,66,3,29.9,39.5,,run
2026-09-18T10:21:59+03:00,1789716119,4694,66,3,29.9,49.4,,run
2026-09-18T10:22:04+03:00,1789716124,4699,66,3,29.9,41.4,,run
2026-09-18T10:22:09+03:00,1789716129,4704,66,3,29.9,40.5,,run
2026-09-18T10:22:15+03:00,1789716135,4710,66,3,29.9,39.8,,run
2026-09-18T10:22:20+03:00,1789716140,4715,66,3,29.9,38.6,,run
2026-09-18T10:22:25+03:00,1789716145,4720,66,3,29.9,39.2,,run
2026-09-18T10:22:30+03:00,1789716150,4725,66,3,29.9,39.2,,run
2026-09-18T10:22:35+03:00,1789716155,4730,66,3,29.9,38.3,,run
2026-09-18T10:22:41+03:00,1789716161,4736,66,3,29.9,51.0,,run
2026-09-18T10:22:46+03:00,1789716166,4741,66,3,29.9,42.3,,run
2026-09-18T10:22:51+03:00,1789716171,4746,66,3,29.9,39.8,,run
2026-09-18T10:22:56+03:00,1789716176,4751,66,3,29.9,40.8,,run
2026-09-18T10:23:02+03:00,1789716182,4757,66,3,29.9,39.2,,run
2026-09-18T10:23:07+03:00,1789716187,4762,66,3,29.9,39.8,,run
2026-09-18T10:23:12+03:00,1789716192,4767,66,3,29.9,38.6,,run
2026-09-18T10:23:17+03:00,1789716197,4772,66,3,29.9,38.6,,run
2026-09-18T10:23:23+03:00,1789716203,4778,66,3,29.9,39.2,,run
2026-09-18T10:23:28+03:00,1789716208,4783,66,3,29.9,38.6,,run
2026-09-18T10:23:33+03:00,1789716213,4788,66,3,29.9,39.8,,run
2026-09-18T10:23:38+03:00,1789716218,4793,66,3,29.9,39.2,,run
2026-09-18T10:23:43+03:00,1789716223,4798,66,3,29.9,38.3,,run
2026-09-18T10:23:49+03:00,1789716229,4804,66,3,29.9,38.9,,run
2026-09-18T10:23:54+03:00,1789716234,4809,66,3,29.9,44.2,,run
2026-09-18T10:23:59+03:00,1789716239,4814,66,3,29.9,48.2,,run
2026-09-18T10:24:04+03:00,1789716244,4819,66,3,29.9,43.2,,run
2026-09-18T10:24:10+03:00,1789716250,4825,66,3,29.9,39.8,,run
2026-09-18T10:24:15+03:00,1789716255,4830,66,3,29.9,39.5,,run
2026-09-18T10:24:20+03:00,1789716260,4835,66,3,29.9,39.5,,run
2026-09-18T10:24:25+03:00,1789716265,4840,66,3,29.9,39.2,,run
2026-09-18T10:24:31+03:00,1789716271,4846,66,3,29.9,39.2,,run
2026-09-18T10:24:36+03:00,1789716276,4851,66,3,29.9,39.2,,run
2026-09-18T10:24:41+03:00,1789716281,4856,66,3,29.9,52.2,,run
2026-09-18T10:24:46+03:00,1789716286,4861,66,3,29.9,40.8,,run
2026-09-18T10:24:51+03:00,1789716291,4866,66,3,29.9,40.2,,run
2026-09-18T10:24:57+03:00,1789716297,4872,66,3,29.9,39.5,,run
2026-09-18T10:25:02+03:00,1789716302,4877,66,3,29.9,40.2,,run
2026-09-18T10:25:07+03:00,1789716307,4882,66,3,29.9,39.8,,run
2026-09-18T10:25:12+03:00,1789716312,4887,66,3,29.9,39.8,,run
2026-09-18T10:25:18+03:00,1789716318,4893,66,3,29.9,39.2,,run
2026-09-18T10:25:23+03:00,1789716323,4898,66,3,29.9,38.6,,run
2026-09-18T10:25:28+03:00,1789716328,4903,66,3,29.9,38.6,,run
2026-09-18T10:25:33+03:00,1789716333,4908,66,3,29.9,39.5,,run
2026-09-18T10:25:38+03:00,1789716338,4913,66,3,29.9,38.6,,run
2026-09-18T10:25:44+03:00,1789716344,4919,66,3,29.9,38.9,,run
2026-09-18T10:25:49+03:00,1789716349,4924,66,3,29.9,39.5,,run
2026-09-18T10:25:54+03:00,1789716354,4929,66,3,29.9,45.4,,run
2026-09-18T10:25:59+03:00,1789716359,4934,66,3,29.9,46.0,,run
2026-09-18T10:26:04+03:00,1789716364,4939,66,3,29.9,42.0,,run
2026-09-18T10:26:10+03:00,1789716370,4945,66,3,29.9,39.5,,run
2026-09-18T10:26:15+03:00,1789716375,4950,66,3,29.9,39.2,,run
2026-09-18T10:26:20+03:00,1789716380,4955,66,3,29.9,38.9,,run
2026-09-18T10:26:25+03:00,1789716385,4960,66,3,29.9,38.6,,run
2026-09-18T10:26:31+03:00,1789716391,4966,66,3,29.9,40.2,,run
2026-09-18T10:26:36+03:00,1789716396,4971,66,3,29.9,39.5,,run
2026-09-18T10:26:41+03:00,1789716401,4976,66,3,29.9,45.7,,run
2026-09-18T10:26:46+03:00,1789716406,4981,66,3,29.9,40.2,,run
2026-09-18T10:26:51+03:00,1789716411,4986,66,3,29.9,39.5,,run
2026-09-18T10:26:57+03:00,1789716417,4992,66,3,29.9,39.5,,run
2026-09-18T10:27:02+03:00,1789716422,4997,66,3,29.9,39.5,,run
2026-09-18T10:27:07+03:00,1789716427,5002,66,3,29.9,39.8,,run
2026-09-18T10:27:12+03:00,1789716432,5007,66,3,29.9,40.5,,run
2026-09-18T10:27:18+03:00,1789716438,5013,66,3,29.9,38.9,,run
2026-09-18T10:27:23+03:00,1789716443,5018,66,3,29.9,41.1,,run
2026-09-18T10:27:28+03:00,1789716448,5023,66,3,29.9,39.2,,run
2026-09-18T10:27:33+03:00,1789716453,5028,66,3,29.9,38.9,,run
2026-09-18T10:27:38+03:00,1789716458,5033,66,3,29.9,38.9,,run
2026-09-18T10:27:44+03:00,1789716464,5039,66,3,29.9,38.9,,run
2026-09-18T10:27:49+03:00,1789716469,5044,66,3,29.9,39.2,,run
2026-09-18T10:27:54+03:00,1789716474,5049,66,3,29.9,48.2,,run
2026-09-18T10:28:00+03:00,1789716480,5055,65,3,30.0,42.3,,run
2026-09-18T10:28:05+03:00,1789716485,5060,65,3,30.0,41.1,,run
2026-09-18T10:28:10+03:00,1789716490,5065,65,3,30.0,39.2,,run
2026-09-18T10:28:15+03:00,1789716495,5070,65,3,30.0,40.2,,run
2026-09-18T10:28:21+03:00,1789716501,5076,65,3,30.0,52.8,,run
2026-09-18T10:28:26+03:00,1789716506,5081,65,3,30.0,41.4,,run
2026-09-18T10:28:31+03:00,1789716511,5086,65,3,30.0,40.5,,run
2026-09-18T10:28:36+03:00,1789716516,5091,65,3,30.0,39.8,,run
2026-09-18T10:28:42+03:00,1789716522,5097,65,3,30.0,40.5,,run
2026-09-18T10:28:47+03:00,1789716527,5102,65,3,30.0,39.5,,run
2026-09-18T10:28:52+03:00,1789716532,5107,65,3,30.0,38.9,,run
2026-09-18T10:28:57+03:00,1789716537,5112,65,3,30.0,39.2,,run
2026-09-18T10:29:02+03:00,1789716542,5117,65,3,30.0,39.5,,run
2026-09-18T10:29:08+03:00,1789716548,5123,65,3,30.0,38.6,,run
2026-09-18T10:29:13+03:00,1789716553,5128,65,3,30.0,39.5,,run
2026-09-18T10:29:18+03:00,1789716558,5133,65,3,30.0,39.8,,run
2026-09-18T10:29:23+03:00,1789716563,5138,65,3,30.0,38.9,,run
2026-09-18T10:29:29+03:00,1789716569,5144,65,3,30.0,39.5,,run
2026-09-18T10:29:34+03:00,1789716574,5149,65,3,30.0,42.0,,run
2026-09-18T10:29:39+03:00,1789716579,5154,65,3,30.0,44.5,,run
2026-09-18T10:29:44+03:00,1789716584,5159,65,3,30.0,42.6,,run
2026-09-18T10:29:49+03:00,1789716589,5164,65,3,30.0,38.9,,run
2026-09-18T10:29:55+03:00,1789716595,5170,65,3,30.0,39.5,,run
2026-09-18T10:30:00+03:00,1789716600,5175,65,3,30.0,39.5,,run
2026-09-18T10:30:05+03:00,1789716605,5180,65,3,30.0,38.9,,run
2026-09-18T10:30:10+03:00,1789716610,5185,65,3,30.0,38.3,,run
2026-09-18T10:30:16+03:00,1789716616,5191,65,3,30.0,39.2,,run
2026-09-18T10:30:21+03:00,1789716621,5196,65,3,30.0,46.0,,run
2026-09-18T10:30:26+03:00,1789716626,5201,65,3,30.0,40.8,,run
2026-09-18T10:30:31+03:00,1789716631,5206,65,3,30.0,39.5,,run
2026-09-18T10:30:37+03:00,1789716637,5212,65,3,30.0,40.2,,run
2026-09-18T10:30:42+03:00,1789716642,5217,65,3,30.0,40.2,,run
2026-09-18T10:30:47+03:00,1789716647,5222,65,3,30.0,39.5,,run
2026-09-18T10:30:52+03:00,1789716652,5227,65,3,30.0,38.9,,run
2026-09-18T10:30:57+03:00,1789716657,5232,65,3,30.0,38.9,,run
2026-09-18T10:31:03+03:00,1789716663,5238,65,3,30.0,39.5,,run
2026-09-18T10:31:08+03:00,1789716668,5243,65,3,30.0,38.9,,run
2026-09-18T10:31:13+03:00,1789716673,5248,65,3,30.0,39.2,,run
2026-09-18T10:31:18+03:00,1789716678,5253,65,3,30.0,38.9,,run
2026-09-18T10:31:23+03:00,1789716683,5258,65,3,30.0,39.2,,run
2026-09-18T10:31:29+03:00,1789716689,5264,65,3,30.0,38.6,,run
2026-09-18T10:31:34+03:00,1789716694,5269,65,3,30.0,45.4,,run
2026-09-18T10:31:39+03:00,1789716699,5274,65,3,30.0,43.2,,run
2026-09-18T10:31:45+03:00,1789716705,5280,65,3,30.0,41.7,,run
2026-09-18T10:31:50+03:00,1789716710,5285,65,3,30.0,40.2,,run
2026-09-18T10:31:55+03:00,1789716715,5290,65,3,30.0,39.8,,run
2026-09-18T10:32:00+03:00,1789716720,5295,65,3,30.0,39.8,,run
2026-09-18T10:32:05+03:00,1789716725,5300,65,3,30.0,39.5,,run
2026-09-18T10:32:11+03:00,1789716731,5306,65,3,30.0,39.8,,run
2026-09-18T10:32:16+03:00,1789716736,5311,65,3,30.0,48.8,,run
2026-09-18T10:32:21+03:00,1789716741,5316,65,3,30.0,42.0,,run
2026-09-18T10:32:27+03:00,1789716747,5322,65,3,30.0,39.8,,run
2026-09-18T10:32:32+03:00,1789716752,5327,65,3,30.0,39.8,,run
2026-09-18T10:32:37+03:00,1789716757,5332,65,3,30.0,39.5,,run
2026-09-18T10:32:42+03:00,1789716762,5337,65,3,30.0,38.9,,run
2026-09-18T10:32:48+03:00,1789716768,5343,65,3,30.0,39.5,,run
2026-09-18T10:32:53+03:00,1789716773,5348,65,3,30.0,38.6,,run
2026-09-18T10:32:58+03:00,1789716778,5353,65,3,30.0,40.5,,run
2026-09-18T10:33:03+03:00,1789716783,5358,65,3,30.0,39.5,,run
2026-09-18T10:33:08+03:00,1789716788,5363,65,3,30.0,38.3,,run
2026-09-18T10:33:14+03:00,1789716794,5369,65,3,30.0,38.6,,run
2026-09-18T10:33:19+03:00,1789716799,5374,65,3,30.0,39.5,,run
2026-09-18T10:33:24+03:00,1789716804,5379,65,3,30.0,39.5,,run
2026-09-18T10:33:29+03:00,1789716809,5384,65,3,30.0,39.2,,run
2026-09-18T10:33:35+03:00,1789716815,5390,65,3,30.0,48.8,,run
2026-09-18T10:33:40+03:00,1789716820,5395,65,3,30.0,41.4,,run
2026-09-18T10:33:45+03:00,1789716825,5400,65,3,30.0,39.8,,run
2026-09-18T10:33:50+03:00,1789716830,5405,65,3,30.0,39.2,,run
2026-09-18T10:33:55+03:00,1789716835,5410,65,3,30.0,39.2,,run
2026-09-18T10:34:01+03:00,1789716841,5416,65,3,30.0,46.7,,run
2026-09-18T10:34:06+03:00,1789716846,5421,65,3,30.0,40.2,,run
2026-09-18T10:34:11+03:00,1789716851,5426,65,3,30.0,40.2,,run
2026-09-18T10:34:16+03:00,1789716856,5431,65,3,30.0,39.8,,run
2026-09-18T10:34:22+03:00,1789716862,5437,65,3,30.0,39.2,,run
2026-09-18T10:34:27+03:00,1789716867,5442,65,3,30.0,38.9,,run
2026-09-18T10:34:32+03:00,1789716872,5447,65,3,30.0,39.5,,run
2026-09-18T10:34:37+03:00,1789716877,5452,65,3,30.0,39.8,,run
2026-09-18T10:34:42+03:00,1789716882,5457,65,3,30.0,38.9,,run
2026-09-18T10:34:48+03:00,1789716888,5463,65,3,30.0,38.9,,run
2026-09-18T10:34:53+03:00,1789716893,5468,65,3,30.0,39.2,,run
2026-09-18T10:34:58+03:00,1789716898,5473,65,3,30.0,39.2,,run
2026-09-18T10:35:03+03:00,1789716903,5478,65,3,30.0,38.9,,run
2026-09-18T10:35:09+03:00,1789716909,5484,65,3,30.0,38.6,,run
2026-09-18T10:35:14+03:00,1789716914,5489,65,3,30.0,50.1,,run
2026-09-18T10:35:20+03:00,1789716920,5495,65,3,30.0,43.9,,run
2026-09-18T10:35:25+03:00,1789716925,5500,65,3,30.0,40.5,,run
2026-09-18T10:35:30+03:00,1789716930,5505,65,3,30.0,39.2,,run
2026-09-18T10:35:35+03:00,1789716935,5510,65,3,30.0,39.5,,run
2026-09-18T10:35:40+03:00,1789716940,5515,65,3,30.0,39.8,,run
2026-09-18T10:35:46+03:00,1789716946,5521,65,3,30.0,39.5,,run
2026-09-18T10:35:51+03:00,1789716951,5526,65,3,30.0,38.9,,run
2026-09-18T10:35:56+03:00,1789716956,5531,65,3,30.0,48.8,,run
2026-09-18T10:36:02+03:00,1789716962,5537,65,3,30.0,43.2,,run
2026-09-18T10:36:07+03:00,1789716967,5542,65,3,30.0,39.5,,run
2026-09-18T10:36:12+03:00,1789716972,5547,65,3,30.0,40.8,,run
2026-09-18T10:36:17+03:00,1789716977,5552,65,3,30.0,39.2,,run
2026-09-18T10:36:22+03:00,1789716982,5557,65,3,30.0,39.5,,run
2026-09-18T10:36:28+03:00,1789716988,5563,65,3,30.0,39.2,,run
2026-09-18T10:36:33+03:00,1789716993,5568,65,3,30.0,38.9,,run
2026-09-18T10:36:38+03:00,1789716998,5573,65,3,30.0,38.9,,run
2026-09-18T10:36:43+03:00,1789717003,5578,65,3,30.0,40.2,,run
2026-09-18T10:36:49+03:00,1789717009,5584,65,3,30.0,39.8,,run
2026-09-18T10:36:54+03:00,1789717014,5589,65,3,30.0,38.6,,run
2026-09-18T10:36:59+03:00,1789717019,5594,65,3,30.0,38.6,,run
2026-09-18T10:37:04+03:00,1789717024,5599,65,3,30.0,38.9,,run
2026-09-18T10:37:09+03:00,1789717029,5604,65,3,30.0,38.9,,run
2026-09-18T10:37:15+03:00,1789717035,5610,65,3,30.0,50.1,,run
2026-09-18T10:37:20+03:00,1789717040,5615,65,3,30.0,41.7,,run
2026-09-18T10:37:25+03:00,1789717045,5620,65,3,30.0,39.8,,run
2026-09-18T10:37:31+03:00,1789717051,5626,65,3,30.0,39.2,,run
2026-09-18T10:37:36+03:00,1789717056,5631,65,3,30.0,38.9,,run
2026-09-18T10:37:41+03:00,1789717061,5636,65,3,30.0,39.5,,run
2026-09-18T10:37:46+03:00,1789717066,5641,65,3,30.0,38.9,,run
2026-09-18T10:37:51+03:00,1789717071,5646,65,3,30.0,38.6,,run
2026-09-18T10:37:57+03:00,1789717077,5652,65,3,30.0,50.4,,run
2026-09-18T10:38:02+03:00,1789717082,5657,65,3,30.0,43.2,,run
2026-09-18T10:38:07+03:00,1789717087,5662,65,3,30.0,39.5,,run
2026-09-18T10:38:12+03:00,1789717092,5667,65,3,30.0,40.2,,run
2026-09-18T10:38:18+03:00,1789717098,5673,65,3,30.0,40.2,,run
2026-09-18T10:38:23+03:00,1789717103,5678,65,3,30.0,40.5,,run
2026-09-18T10:38:28+03:00,1789717108,5683,65,3,30.0,39.5,,run
2026-09-18T10:38:33+03:00,1789717113,5688,65,3,30.0,39.5,,run
2026-09-18T10:38:39+03:00,1789717119,5694,65,3,30.0,40.2,,run
2026-09-18T10:38:44+03:00,1789717124,5699,65,3,30.0,38.6,,run
2026-09-18T10:38:49+03:00,1789717129,5704,65,3,30.0,38.9,,run
2026-09-18T10:38:54+03:00,1789717134,5709,65,3,30.0,38.6,,run
2026-09-18T10:38:59+03:00,1789717139,5714,65,3,30.0,38.6,,run
2026-09-18T10:39:05+03:00,1789717145,5720,65,3,30.0,39.8,,run
2026-09-18T10:39:10+03:00,1789717150,5725,65,3,30.0,46.3,,run
2026-09-18T10:39:15+03:00,1789717155,5730,65,3,30.0,50.4,,run
2026-09-18T10:39:20+03:00,1789717160,5735,65,3,30.0,44.5,,run
2026-09-18T10:39:26+03:00,1789717166,5741,65,3,30.0,39.8,,run
2026-09-18T10:39:31+03:00,1789717171,5746,65,3,30.0,38.6,,run
2026-09-18T10:39:36+03:00,1789717176,5751,65,3,30.0,38.9,,run
2026-09-18T10:39:41+03:00,1789717181,5756,65,3,30.0,39.2,,run
2026-09-18T10:39:46+03:00,1789717186,5761,64,3,30.0,38.3,,run
2026-09-18T10:39:52+03:00,1789717192,5767,64,3,30.0,38.9,,run
2026-09-18T10:39:57+03:00,1789717197,5772,64,3,30.0,51.9,,run
2026-09-18T10:40:02+03:00,1789717202,5777,64,3,30.0,40.5,,run
2026-09-18T10:40:07+03:00,1789717207,5782,64,3,30.0,40.2,,run
2026-09-18T10:40:13+03:00,1789717213,5788,64,3,30.0,39.8,,run
2026-09-18T10:40:18+03:00,1789717218,5793,64,3,30.0,39.8,,run
2026-09-18T10:40:23+03:00,1789717223,5798,64,3,30.0,39.8,,run
2026-09-18T10:40:28+03:00,1789717228,5803,64,3,30.0,40.5,,run
2026-09-18T10:40:33+03:00,1789717233,5808,64,3,30.0,40.2,,run
2026-09-18T10:40:39+03:00,1789717239,5814,64,3,30.0,39.5,,run
2026-09-18T10:40:44+03:00,1789717244,5819,64,3,30.0,39.2,,run
2026-09-18T10:40:49+03:00,1789717249,5824,64,3,30.0,38.9,,run
2026-09-18T10:40:54+03:00,1789717254,5829,64,3,30.0,39.2,,run
2026-09-18T10:41:00+03:00,1789717260,5835,64,3,30.0,39.5,,run
2026-09-18T10:41:05+03:00,1789717265,5840,64,3,30.0,39.2,,run
2026-09-18T10:41:10+03:00,1789717270,5845,64,3,30.0,40.5,,run
2026-09-18T10:41:15+03:00,1789717275,5850,64,3,30.0,43.2,,run
2026-09-18T10:41:20+03:00,1789717280,5855,64,3,30.0,41.4,,run
2026-09-18T10:41:26+03:00,1789717286,5861,64,3,30.0,38.9,,run
2026-09-18T10:41:31+03:00,1789717291,5866,64,3,30.0,39.5,,run
2026-09-18T10:41:36+03:00,1789717296,5871,64,3,30.0,48.2,,run
2026-09-18T10:41:41+03:00,1789717301,5876,64,3,30.0,41.4,,run
2026-09-18T10:41:47+03:00,1789717307,5882,64,3,30.0,38.9,,run
2026-09-18T10:41:52+03:00,1789717312,5887,64,3,30.0,39.5,,run
2026-09-18T10:41:57+03:00,1789717317,5892,64,3,30.0,38.9,,run
2026-09-18T10:42:02+03:00,1789717322,5897,64,3,30.0,40.2,,run
2026-09-18T10:42:07+03:00,1789717327,5902,64,3,30.0,38.6,,run
2026-09-18T10:42:13+03:00,1789717333,5908,64,3,30.0,40.2,,run
2026-09-18T10:42:18+03:00,1789717338,5913,64,3,30.0,38.6,,run
2026-09-18T10:42:23+03:00,1789717343,5918,64,3,30.0,39.5,,run
2026-09-18T10:42:28+03:00,1789717348,5923,64,3,30.0,39.8,,run
2026-09-18T10:42:34+03:00,1789717354,5929,64,3,30.0,39.2,,run
2026-09-18T10:42:39+03:00,1789717359,5934,64,3,30.0,39.5,,run
2026-09-18T10:42:44+03:00,1789717364,5939,64,3,30.0,39.5,,run
2026-09-18T10:42:49+03:00,1789717369,5944,64,3,30.0,44.5,,run
2026-09-18T10:42:54+03:00,1789717374,5949,64,3,30.0,43.2,,run
2026-09-18T10:43:00+03:00,1789717380,5955,64,3,30.0,45.1,,run
2026-09-18T10:43:05+03:00,1789717385,5960,64,3,30.0,38.6,,run
2026-09-18T10:43:10+03:00,1789717390,5965,64,3,30.0,39.8,,run
2026-09-18T10:43:15+03:00,1789717395,5970,64,3,30.0,39.2,,run
2026-09-18T10:43:21+03:00,1789717401,5976,64,3,30.0,38.9,,run
2026-09-18T10:43:26+03:00,1789717406,5981,64,3,30.0,40.2,,run
2026-09-18T10:43:31+03:00,1789717411,5986,64,3,30.0,39.2,,run
2026-09-18T10:43:36+03:00,1789717416,5991,64,3,30.0,46.7,,run
2026-09-18T10:43:41+03:00,1789717421,5996,64,3,30.0,39.5,,run
2026-09-18T10:43:47+03:00,1789717427,6002,64,3,30.0,39.5,,run
2026-09-18T10:43:52+03:00,1789717432,6007,64,3,30.0,39.8,,run
2026-09-18T10:43:57+03:00,1789717437,6012,64,3,30.0,38.9,,run
2026-09-18T10:44:02+03:00,1789717442,6017,64,3,30.0,42.3,,run
2026-09-18T10:44:08+03:00,1789717448,6023,64,3,30.0,40.8,,run
2026-09-18T10:44:13+03:00,1789717453,6028,64,3,30.0,40.2,,run
2026-09-18T10:44:18+03:00,1789717458,6033,64,3,30.0,38.9,,run
2026-09-18T10:44:23+03:00,1789717463,6038,64,3,30.0,39.2,,run
2026-09-18T10:44:28+03:00,1789717468,6043,64,3,30.0,39.5,,run
2026-09-18T10:44:34+03:00,1789717474,6049,64,3,30.0,39.2,,run
2026-09-18T10:44:39+03:00,1789717479,6054,64,3,30.0,38.9,,run
2026-09-18T10:44:44+03:00,1789717484,6059,64,3,30.0,39.2,,run
2026-09-18T10:44:49+03:00,1789717489,6064,64,3,30.0,47.0,,run
2026-09-18T10:44:55+03:00,1789717495,6070,64,3,30.0,42.9,,run
2026-09-18T10:45:00+03:00,1789717500,6075,64,3,30.0,41.1,,run
2026-09-18T10:45:05+03:00,1789717505,6080,64,3,30.0,40.2,,run
2026-09-18T10:45:10+03:00,1789717510,6085,64,3,30.0,39.8,,run
2026-09-18T10:45:16+03:00,1789717516,6091,64,3,30.0,39.5,,run
2026-09-18T10:45:21+03:00,1789717521,6096,64,3,30.0,39.5,,run
2026-09-18T10:45:26+03:00,1789717526,6101,64,3,30.0,39.2,,run
2026-09-18T10:45:31+03:00,1789717531,6106,64,3,30.0,49.1,,run
2026-09-18T10:45:37+03:00,1789717537,6112,64,3,30.0,42.3,,run
2026-09-18T10:45:42+03:00,1789717542,6117,64,3,30.0,41.1,,run
2026-09-18T10:45:47+03:00,1789717547,6122,64,3,30.0,39.8,,run
2026-09-18T10:45:53+03:00,1789717553,6128,64,3,30.0,39.8,,run
2026-09-18T10:45:58+03:00,1789717558,6133,64,3,30.0,39.8,,run
2026-09-18T10:46:03+03:00,1789717563,6138,64,3,30.0,39.2,,run
2026-09-18T10:46:08+03:00,1789717568,6143,64,3,30.0,38.9,,run
2026-09-18T10:46:13+03:00,1789717573,6148,64,3,30.0,40.5,,run
2026-09-18T10:46:19+03:00,1789717579,6154,64,3,30.0,39.8,,run
2026-09-18T10:46:24+03:00,1789717584,6159,64,3,30.0,39.5,,run
2026-09-18T10:46:29+03:00,1789717589,6164,64,3,30.0,39.5,,run
2026-09-18T10:46:34+03:00,1789717594,6169,64,3,30.0,39.2,,run
2026-09-18T10:46:39+03:00,1789717599,6174,64,3,30.0,39.8,,run
2026-09-18T10:46:45+03:00,1789717605,6180,64,3,30.0,40.2,,run
2026-09-18T10:46:50+03:00,1789717610,6185,64,3,30.0,47.3,,run
2026-09-18T10:46:55+03:00,1789717615,6190,64,3,30.0,42.9,,run
2026-09-18T10:47:00+03:00,1789717620,6195,64,3,30.0,39.8,,run
2026-09-18T10:47:06+03:00,1789717626,6201,64,3,30.0,38.6,,run
2026-09-18T10:47:11+03:00,1789717631,6206,64,3,30.0,40.5,,run
2026-09-18T10:47:16+03:00,1789717636,6211,64,3,30.0,44.2,,run
2026-09-18T10:47:21+03:00,1789717641,6216,64,3,30.0,40.8,,run
2026-09-18T10:47:27+03:00,1789717647,6222,64,3,30.0,39.8,,run
2026-09-18T10:47:32+03:00,1789717652,6227,64,3,30.0,39.8,,run
2026-09-18T10:47:37+03:00,1789717657,6232,64,3,30.0,39.5,,run
2026-09-18T10:47:42+03:00,1789717662,6237,64,3,30.0,40.2,,run
2026-09-18T10:47:47+03:00,1789717667,6242,64,3,30.0,39.8,,run
2026-09-18T10:47:53+03:00,1789717673,6248,64,3,30.0,40.2,,run
2026-09-18T10:47:58+03:00,1789717678,6253,64,3,30.0,40.2,,run
2026-09-18T10:48:03+03:00,1789717683,6258,64,3,30.0,39.5,,run
2026-09-18T10:48:08+03:00,1789717688,6263,64,3,30.0,38.6,,run
2026-09-18T10:48:14+03:00,1789717694,6269,64,3,30.0,39.5,,run
2026-09-18T10:48:19+03:00,1789717699,6274,64,3,30.0,39.2,,run
2026-09-18T10:48:24+03:00,1789717704,6279,64,3,30.0,39.8,,run
2026-09-18T10:48:29+03:00,1789717709,6284,64,3,30.0,51.3,,run
2026-09-18T10:48:35+03:00,1789717715,6290,64,3,30.0,42.0,,run
2026-09-18T10:48:40+03:00,1789717720,6295,64,3,30.0,41.1,,run
2026-09-18T10:48:45+03:00,1789717725,6300,64,3,30.0,39.2,,run
2026-09-18T10:48:50+03:00,1789717730,6305,64,3,30.0,42.6,,run
2026-09-18T10:48:56+03:00,1789717736,6311,64,3,30.0,49.7,,run
2026-09-18T10:49:01+03:00,1789717741,6316,64,3,30.0,41.4,,run
2026-09-18T10:49:06+03:00,1789717746,6321,64,3,30.0,39.5,,run
2026-09-18T10:49:11+03:00,1789717751,6326,64,3,30.0,39.8,,run
2026-09-18T10:49:17+03:00,1789717757,6332,64,3,30.0,39.2,,run
2026-09-18T10:49:22+03:00,1789717762,6337,64,3,30.0,39.2,,run
2026-09-18T10:49:27+03:00,1789717767,6342,64,3,30.0,39.2,,run
2026-09-18T10:49:32+03:00,1789717772,6347,64,3,30.0,38.9,,run
2026-09-18T10:49:38+03:00,1789717778,6353,64,3,30.0,39.2,,run
2026-09-18T10:49:43+03:00,1789717783,6358,64,3,30.0,39.2,,run
2026-09-18T10:49:48+03:00,1789717788,6363,64,3,30.0,39.5,,run
2026-09-18T10:49:53+03:00,1789717793,6368,64,3,30.0,38.6,,run
2026-09-18T10:49:58+03:00,1789717798,6373,64,3,30.0,38.9,,run
2026-09-18T10:50:04+03:00,1789717804,6379,64,3,30.0,38.6,,run
2026-09-18T10:50:09+03:00,1789717809,6384,64,3,30.0,41.1,,run
2026-09-18T10:50:14+03:00,1789717814,6389,64,3,30.0,44.5,,run
2026-09-18T10:50:19+03:00,1789717819,6394,64,3,30.0,42.0,,run
2026-09-18T10:50:25+03:00,1789717825,6400,64,3,30.0,39.2,,run
2026-09-18T10:50:30+03:00,1789717830,6405,64,3,30.0,38.9,,run
2026-09-18T10:50:35+03:00,1789717835,6410,64,3,30.0,38.9,,run
2026-09-18T10:50:40+03:00,1789717840,6415,64,3,30.0,38.3,,run
2026-09-18T10:50:45+03:00,1789717845,6420,64,3,30.0,38.6,,run
2026-09-18T10:50:51+03:00,1789717851,6426,64,3,30.0,41.1,,run
2026-09-18T10:50:56+03:00,1789717856,6431,64,3,30.0,44.5,,run
2026-09-18T10:51:01+03:00,1789717861,6436,64,3,30.0,40.5,,run
2026-09-18T10:51:06+03:00,1789717866,6441,64,3,30.0,40.5,,run
2026-09-18T10:51:12+03:00,1789717872,6447,64,3,30.0,39.8,,run
2026-09-18T10:51:17+03:00,1789717877,6452,64,3,30.0,39.5,,run
2026-09-18T10:51:22+03:00,1789717882,6457,64,3,30.0,38.9,,run
2026-09-18T10:51:27+03:00,1789717887,6462,64,3,30.0,39.2,,run
2026-09-18T10:51:33+03:00,1789717893,6468,63,3,29.8,38.6,,run
2026-09-18T10:51:38+03:00,1789717898,6473,63,3,29.8,38.9,,run
2026-09-18T10:51:43+03:00,1789717903,6478,63,3,29.8,39.2,,run
2026-09-18T10:51:48+03:00,1789717908,6483,63,3,29.8,38.6,,run
2026-09-18T10:51:53+03:00,1789717913,6488,63,3,29.8,39.2,,run
2026-09-18T10:51:59+03:00,1789717919,6494,63,3,29.8,38.9,,run
2026-09-18T10:52:04+03:00,1789717924,6499,63,3,29.8,38.9,,run
2026-09-18T10:52:09+03:00,1789717929,6504,63,3,29.8,48.8,,run
2026-09-18T10:52:15+03:00,1789717935,6510,63,3,29.8,40.5,,run
2026-09-18T10:52:20+03:00,1789717940,6515,63,3,29.8,39.2,,run
2026-09-18T10:52:25+03:00,1789717945,6520,63,3,29.8,39.2,,run
2026-09-18T10:52:30+03:00,1789717950,6525,63,3,29.8,38.3,,run
2026-09-18T10:52:36+03:00,1789717956,6531,63,3,29.8,38.3,,run
2026-09-18T10:52:41+03:00,1789717961,6536,63,3,29.8,38.9,,run
2026-09-18T10:52:46+03:00,1789717966,6541,63,3,29.8,41.4,,run
2026-09-18T10:52:51+03:00,1789717971,6546,63,3,29.8,50.4,,run
2026-09-18T10:52:57+03:00,1789717977,6552,63,3,29.8,42.9,,run
2026-09-18T10:53:02+03:00,1789717982,6557,63,3,29.8,39.8,,run
2026-09-18T10:53:07+03:00,1789717987,6562,63,3,29.8,40.5,,run
2026-09-18T10:53:12+03:00,1789717992,6567,63,3,29.8,40.2,,run
2026-09-18T10:53:17+03:00,1789717997,6572,63,3,29.8,39.5,,run
2026-09-18T10:53:23+03:00,1789718003,6578,63,3,29.8,40.2,,run
2026-09-18T10:53:28+03:00,1789718008,6583,63,3,29.8,39.5,,run
2026-09-18T10:53:33+03:00,1789718013,6588,63,3,29.8,39.5,,run
2026-09-18T10:53:38+03:00,1789718018,6593,63,3,29.8,39.8,,run
2026-09-18T10:53:44+03:00,1789718024,6599,63,3,29.8,39.2,,run
2026-09-18T10:53:49+03:00,1789718029,6604,63,3,29.8,39.8,,run
2026-09-18T10:53:54+03:00,1789718034,6609,63,3,29.8,39.5,,run
2026-09-18T10:53:59+03:00,1789718039,6614,63,3,29.8,38.6,,run
2026-09-18T10:54:04+03:00,1789718044,6619,63,3,29.8,42.9,,run
2026-09-18T10:54:10+03:00,1789718050,6625,63,3,29.8,48.5,,run
2026-09-18T10:54:15+03:00,1789718055,6630,63,3,29.8,45.1,,run
2026-09-18T10:54:20+03:00,1789718060,6635,63,3,29.8,39.8,,run
2026-09-18T10:54:25+03:00,1789718065,6640,63,3,29.8,39.8,,run
2026-09-18T10:54:31+03:00,1789718071,6646,63,3,29.8,39.2,,run
2026-09-18T10:54:36+03:00,1789718076,6651,63,3,29.8,39.2,,run
2026-09-18T10:54:41+03:00,1789718081,6656,63,3,29.8,38.9,,run
2026-09-18T10:54:46+03:00,1789718086,6661,63,3,29.8,38.0,,run
2026-09-18T10:54:51+03:00,1789718091,6666,63,3,29.8,53.5,,run
2026-09-18T10:54:57+03:00,1789718097,6672,63,3,29.8,40.2,,run
2026-09-18T10:55:02+03:00,1789718102,6677,63,3,29.8,40.2,,run
2026-09-18T10:55:07+03:00,1789718107,6682,63,3,29.8,39.2,,run
2026-09-18T10:55:12+03:00,1789718112,6687,63,3,29.8,39.5,,run
2026-09-18T10:55:18+03:00,1789718118,6693,63,3,29.8,38.9,,run
2026-09-18T10:55:23+03:00,1789718123,6698,63,3,29.8,39.5,,run
2026-09-18T10:55:28+03:00,1789718128,6703,63,3,29.8,38.6,,run
2026-09-18T10:55:33+03:00,1789718133,6708,63,3,29.8,39.2,,run
2026-09-18T10:55:39+03:00,1789718139,6714,63,3,29.8,38.6,,run
2026-09-18T10:55:44+03:00,1789718144,6719,63,3,29.8,39.8,,run
2026-09-18T10:55:49+03:00,1789718149,6724,63,3,29.8,39.2,,run
2026-09-18T10:55:54+03:00,1789718154,6729,63,3,29.8,40.2,,run
2026-09-18T10:55:59+03:00,1789718159,6734,63,3,29.8,40.2,,run
2026-09-18T10:56:05+03:00,1789718165,6740,63,3,29.8,43.9,,run
2026-09-18T10:56:10+03:00,1789718170,6745,63,3,29.8,44.8,,run
2026-09-18T10:56:15+03:00,1789718175,6750,63,3,29.8,42.9,,run
2026-09-18T10:56:20+03:00,1789718180,6755,63,3,29.8,38.9,,run
2026-09-18T10:56:26+03:00,1789718186,6761,63,3,29.8,39.2,,run
2026-09-18T10:56:31+03:00,1789718191,6766,63,3,29.8,39.2,,run
2026-09-18T10:56:36+03:00,1789718196,6771,63,3,29.8,38.6,,run
2026-09-18T10:56:41+03:00,1789718201,6776,63,3,29.8,38.3,,run
2026-09-18T10:56:47+03:00,1789718207,6782,63,3,29.8,39.8,,run
2026-09-18T10:56:52+03:00,1789718212,6787,63,3,29.8,44.5,,run
2026-09-18T10:56:57+03:00,1789718217,6792,63,3,29.8,39.5,,run
2026-09-18T10:57:02+03:00,1789718222,6797,63,3,29.8,40.5,,run
2026-09-18T10:57:08+03:00,1789718228,6803,63,3,29.8,39.8,,run
2026-09-18T10:57:13+03:00,1789718233,6808,63,3,29.8,38.9,,run
2026-09-18T10:57:18+03:00,1789718238,6813,63,3,29.8,39.2,,run
2026-09-18T10:57:23+03:00,1789718243,6818,63,3,29.8,39.5,,run
2026-09-18T10:57:28+03:00,1789718248,6823,63,3,29.8,39.2,,run
2026-09-18T10:57:34+03:00,1789718254,6829,63,3,29.8,38.3,,run
2026-09-18T10:57:39+03:00,1789718259,6834,63,3,29.8,38.9,,run
2026-09-18T10:57:44+03:00,1789718264,6839,63,3,29.8,38.3,,run
2026-09-18T10:57:49+03:00,1789718269,6844,63,3,29.8,39.5,,run
2026-09-18T10:57:55+03:00,1789718275,6850,63,3,29.8,39.2,,run
2026-09-18T10:58:00+03:00,1789718280,6855,63,3,29.8,38.9,,run
2026-09-18T10:58:05+03:00,1789718285,6860,63,3,29.8,49.4,,run
2026-09-18T10:58:11+03:00,1789718291,6866,63,3,29.8,41.7,,run
2026-09-18T10:58:16+03:00,1789718296,6871,63,3,29.8,40.2,,run
2026-09-18T10:58:21+03:00,1789718301,6876,63,3,29.8,39.2,,run
2026-09-18T10:58:26+03:00,1789718306,6881,63,3,29.8,38.9,,run
2026-09-18T10:58:31+03:00,1789718311,6886,63,3,29.8,39.2,,run
2026-09-18T10:58:37+03:00,1789718317,6892,63,3,29.8,39.5,,run
2026-09-18T10:58:42+03:00,1789718322,6897,63,3,29.8,38.9,,run
2026-09-18T10:58:47+03:00,1789718327,6902,63,3,29.8,51.0,,run
2026-09-18T10:58:53+03:00,1789718333,6908,63,3,29.8,40.8,,run
2026-09-18T10:58:58+03:00,1789718338,6913,63,3,29.8,39.2,,run
2026-09-18T10:59:03+03:00,1789718343,6918,63,3,29.8,40.5,,run
2026-09-18T10:59:08+03:00,1789718348,6923,63,3,29.8,39.2,,run
2026-09-18T10:59:13+03:00,1789718353,6928,63,3,29.8,39.8,,run
2026-09-18T10:59:19+03:00,1789718359,6934,63,3,29.8,39.5,,run
2026-09-18T10:59:24+03:00,1789718364,6939,63,3,29.8,38.3,,run
2026-09-18T10:59:29+03:00,1789718369,6944,63,3,29.8,39.2,,run
2026-09-18T10:59:34+03:00,1789718374,6949,63,3,29.8,37.4,,run
2026-09-18T10:59:40+03:00,1789718380,6955,63,3,29.8,38.9,,run
2026-09-18T10:59:45+03:00,1789718385,6960,63,3,29.8,39.5,,run
2026-09-18T10:59:50+03:00,1789718390,6965,63,3,29.8,39.5,,run
2026-09-18T10:59:55+03:00,1789718395,6970,63,3,29.8,39.2,,run
2026-09-18T11:00:00+03:00,1789718400,6975,63,3,29.8,39.5,,run
2026-09-18T11:00:06+03:00,1789718406,6981,63,3,29.8,49.7,,run
2026-09-18T11:00:11+03:00,1789718411,6986,63,3,29.8,43.2,,run
2026-09-18T11:00:16+03:00,1789718416,6991,63,3,29.8,39.2,,run
2026-09-18T11:00:21+03:00,1789718421,6996,63,3,29.8,38.9,,run
2026-09-18T11:00:27+03:00,1789718427,7002,63,3,29.8,39.2,,run
2026-09-18T11:00:32+03:00,1789718432,7007,63,3,29.8,44.8,,run
2026-09-18T11:00:37+03:00,1789718437,7012,63,3,29.8,40.2,,run
2026-09-18T11:00:42+03:00,1789718442,7017,63,3,29.8,39.2,,run
2026-09-18T11:00:47+03:00,1789718447,7022,63,3,29.8,39.2,,run
2026-09-18T11:00:53+03:00,1789718453,7028,63,3,29.8,39.2,,run
2026-09-18T11:00:58+03:00,1789718458,7033,63,3,29.8,39.5,,run
2026-09-18T11:01:03+03:00,1789718463,7038,63,3,29.8,38.6,,run
2026-09-18T11:01:08+03:00,1789718468,7043,63,3,29.8,39.2,,run
2026-09-18T11:01:14+03:00,1789718474,7049,63,3,29.8,38.6,,run
2026-09-18T11:01:19+03:00,1789718479,7054,63,3,29.8,38.3,,run
2026-09-18T11:01:24+03:00,1789718484,7059,63,3,29.8,38.0,,run
2026-09-18T11:01:29+03:00,1789718489,7064,63,3,29.8,38.3,,run
2026-09-18T11:01:34+03:00,1789718494,7069,63,3,29.8,41.7,,run
2026-09-18T11:01:40+03:00,1789718500,7075,63,3,29.8,39.2,,run
2026-09-18T11:01:45+03:00,1789718505,7080,63,3,29.8,49.7,,run
2026-09-18T11:01:50+03:00,1789718510,7085,63,3,29.8,42.0,,run
2026-09-18T11:01:56+03:00,1789718516,7091,63,3,29.8,40.2,,run
2026-09-18T11:02:01+03:00,1789718521,7096,63,3,29.8,39.5,,run
2026-09-18T11:02:06+03:00,1789718526,7101,63,3,29.8,39.2,,run
2026-09-18T11:02:11+03:00,1789718531,7106,62,3,29.7,39.5,,run
2026-09-18T11:02:17+03:00,1789718537,7112,62,3,29.7,38.9,,run
2026-09-18T11:02:22+03:00,1789718542,7117,62,3,29.7,39.2,,run
2026-09-18T11:02:27+03:00,1789718547,7122,62,3,29.7,52.5,,run
2026-09-18T11:02:33+03:00,1789718553,7128,62,3,29.7,41.4,,run
2026-09-18T11:02:38+03:00,1789718558,7133,62,3,29.7,40.5,,run
2026-09-18T11:02:43+03:00,1789718563,7138,62,3,29.7,40.2,,run
2026-09-18T11:02:48+03:00,1789718568,7143,62,3,29.7,39.5,,run
2026-09-18T11:02:53+03:00,1789718573,7148,62,3,29.7,40.5,,run
2026-09-18T11:02:59+03:00,1789718579,7154,62,3,29.7,38.9,,run
2026-09-18T11:03:04+03:00,1789718584,7159,62,3,29.7,38.9,,run
2026-09-18T11:03:09+03:00,1789718589,7164,62,3,29.7,38.9,,run
2026-09-18T11:03:14+03:00,1789718594,7169,62,3,29.7,39.2,,run
2026-09-18T11:03:20+03:00,1789718600,7175,62,3,29.7,39.5,,run
2026-09-18T11:03:25+03:00,1789718605,7180,62,3,29.7,39.5,,run
2026-09-18T11:03:30+03:00,1789718610,7185,62,3,29.7,38.9,,run
2026-09-18T11:03:35+03:00,1789718615,7190,62,3,29.6,38.6,,run
2026-09-18T11:03:40+03:00,1789718620,7195,62,3,29.6,42.6,,run
2026-09-18T11:03:46+03:00,1789718626,7201,62,3,29.6,47.3,,run
2026-09-18T11:03:51+03:00,1789718631,7206,62,3,29.6,44.8,,run
2026-09-18T11:03:56+03:00,1789718636,7211,62,3,29.6,39.2,,run
2026-09-18T11:04:01+03:00,1789718641,7216,62,3,29.6,39.2,,run
2026-09-18T11:04:07+03:00,1789718647,7222,62,3,29.6,40.8,,run
2026-09-18T11:04:12+03:00,1789718652,7227,62,3,29.6,42.6,,run
2026-09-18T11:04:17+03:00,1789718657,7232,62,3,29.6,40.2,,run
2026-09-18T11:04:22+03:00,1789718662,7237,62,3,29.6,40.2,,run
2026-09-18T11:04:28+03:00,1789718668,7243,62,3,29.6,39.5,,run
2026-09-18T11:04:33+03:00,1789718673,7248,62,3,29.6,38.9,,run
2026-09-18T11:04:38+03:00,1789718678,7253,62,3,29.6,39.2,,run
2026-09-18T11:04:43+03:00,1789718683,7258,62,3,29.6,38.9,,run
2026-09-18T11:04:48+03:00,1789718688,7263,62,3,29.6,39.2,,run
2026-09-18T11:04:54+03:00,1789718694,7269,62,3,29.6,38.6,,run
2026-09-18T11:04:59+03:00,1789718699,7274,62,3,29.6,38.9,,run
2026-09-18T11:05:04+03:00,1789718704,7279,62,3,29.6,38.9,,run
2026-09-18T11:05:09+03:00,1789718709,7284,62,3,29.6,38.3,,run
2026-09-18T11:05:15+03:00,1789718715,7290,62,3,29.6,39.5,,run
2026-09-18T11:05:20+03:00,1789718720,7295,62,3,29.6,39.2,,run
2026-09-18T11:05:25+03:00,1789718725,7300,62,3,29.6,50.4,,run
2026-09-18T11:05:31+03:00,1789718731,7306,62,3,29.6,40.5,,run
2026-09-18T11:05:36+03:00,1789718736,7311,62,3,29.6,40.2,,run
2026-09-18T11:05:41+03:00,1789718741,7316,62,3,29.6,38.9,,run
2026-09-18T11:05:46+03:00,1789718746,7321,62,3,29.6,38.3,,run
2026-09-18T11:05:51+03:00,1789718751,7326,62,3,29.6,48.5,,run
2026-09-18T11:05:57+03:00,1789718757,7332,62,3,29.6,40.2,,run
2026-09-18T11:06:02+03:00,1789718762,7337,62,3,29.6,38.6,,run
2026-09-18T11:06:07+03:00,1789718767,7342,62,3,29.6,39.5,,run
2026-09-18T11:06:12+03:00,1789718772,7347,62,3,29.6,39.2,,run
2026-09-18T11:06:18+03:00,1789718778,7353,62,3,29.6,38.6,,run
2026-09-18T11:06:23+03:00,1789718783,7358,62,3,29.6,38.3,,run
2026-09-18T11:06:28+03:00,1789718788,7363,62,3,29.6,38.3,,run
2026-09-18T11:06:33+03:00,1789718793,7368,62,3,29.6,38.9,,run
2026-09-18T11:06:38+03:00,1789718798,7373,62,3,29.6,38.9,,run
2026-09-18T11:06:44+03:00,1789718804,7379,62,3,29.6,38.6,,run
2026-09-18T11:06:49+03:00,1789718809,7384,62,3,29.6,38.0,,run
2026-09-18T11:06:54+03:00,1789718814,7389,62,3,29.6,38.6,,run
2026-09-18T11:06:59+03:00,1789718819,7394,62,3,29.6,39.2,,run
2026-09-18T11:07:05+03:00,1789718825,7400,62,3,29.6,46.7,,run
2026-09-18T11:07:10+03:00,1789718830,7405,62,3,29.6,42.0,,run
2026-09-18T11:07:15+03:00,1789718835,7410,62,3,29.6,39.8,,run
2026-09-18T11:07:20+03:00,1789718840,7415,62,3,29.6,39.2,,run
2026-09-18T11:07:26+03:00,1789718846,7421,62,3,29.6,39.5,,run
2026-09-18T11:07:31+03:00,1789718851,7426,62,3,29.6,50.4,,run
2026-09-18T11:07:36+03:00,1789718856,7431,62,3,29.6,41.1,,run
2026-09-18T11:07:41+03:00,1789718861,7436,62,3,29.6,39.8,,run
2026-09-18T11:07:47+03:00,1789718867,7442,62,3,29.6,40.8,,run
2026-09-18T11:07:52+03:00,1789718872,7447,62,3,29.6,39.2,,run
2026-09-18T11:07:57+03:00,1789718877,7452,62,3,29.6,39.8,,run
2026-09-18T11:08:02+03:00,1789718882,7457,62,3,29.6,39.2,,run
2026-09-18T11:08:08+03:00,1789718888,7463,62,3,29.6,39.8,,run
2026-09-18T11:08:13+03:00,1789718893,7468,62,3,29.6,39.2,,run
2026-09-18T11:08:18+03:00,1789718898,7473,62,3,29.6,39.2,,run
2026-09-18T11:08:23+03:00,1789718903,7478,62,3,29.6,39.2,,run
2026-09-18T11:08:28+03:00,1789718908,7483,62,3,29.6,39.2,,run
2026-09-18T11:08:34+03:00,1789718914,7489,62,3,29.6,39.2,,run
2026-09-18T11:08:39+03:00,1789718919,7494,62,3,29.6,38.9,,run
2026-09-18T11:08:44+03:00,1789718924,7499,62,3,29.6,43.6,,run
2026-09-18T11:08:49+03:00,1789718929,7504,62,3,29.6,47.9,,run
2026-09-18T11:08:55+03:00,1789718935,7510,62,3,29.6,43.2,,run
2026-09-18T11:09:00+03:00,1789718940,7515,62,3,29.6,38.9,,run
2026-09-18T11:09:05+03:00,1789718945,7520,62,3,29.6,39.5,,run
2026-09-18T11:09:10+03:00,1789718950,7525,62,3,29.6,38.6,,run
2026-09-18T11:09:15+03:00,1789718955,7530,62,3,29.6,39.5,,run
2026-09-18T11:09:21+03:00,1789718961,7536,62,3,29.6,38.3,,run
2026-09-18T11:09:26+03:00,1789718966,7541,62,3,29.6,38.0,,run
2026-09-18T11:09:31+03:00,1789718971,7546,62,3,29.6,51.6,,run
2026-09-18T11:09:36+03:00,1789718976,7551,62,3,29.6,40.2,,run
2026-09-18T11:09:42+03:00,1789718982,7557,62,3,29.6,39.5,,run
2026-09-18T11:09:47+03:00,1789718987,7562,62,3,29.6,39.8,,run
2026-09-18T11:09:52+03:00,1789718992,7567,62,3,29.6,38.6,,run
2026-09-18T11:09:57+03:00,1789718997,7572,62,3,29.6,38.6,,run
2026-09-18T11:10:03+03:00,1789719003,7578,62,3,29.6,38.9,,run
2026-09-18T11:10:08+03:00,1789719008,7583,62,3,29.6,38.6,,run
2026-09-18T11:10:13+03:00,1789719013,7588,62,3,29.6,38.3,,run
2026-09-18T11:10:18+03:00,1789719018,7593,62,3,29.6,38.6,,run
2026-09-18T11:10:23+03:00,1789719023,7598,62,3,29.6,40.2,,run
2026-09-18T11:10:29+03:00,1789719029,7604,62,3,29.6,39.2,,run
2026-09-18T11:10:34+03:00,1789719034,7609,62,3,29.6,39.5,,run
2026-09-18T11:10:39+03:00,1789719039,7614,62,3,29.6,39.5,,run
2026-09-18T11:10:44+03:00,1789719044,7619,62,3,29.6,41.1,,run
2026-09-18T11:10:50+03:00,1789719050,7625,62,3,29.6,42.9,,run
2026-09-18T11:10:55+03:00,1789719055,7630,62,3,29.6,41.4,,run
2026-09-18T11:11:00+03:00,1789719060,7635,62,3,29.6,40.2,,run
2026-09-18T11:11:05+03:00,1789719065,7640,62,3,29.6,39.2,,run
2026-09-18T11:11:10+03:00,1789719070,7645,62,3,29.6,38.9,,run
2026-09-18T11:11:16+03:00,1789719076,7651,62,3,29.6,38.0,,run
2026-09-18T11:11:21+03:00,1789719081,7656,62,3,29.6,38.0,,run
2026-09-18T11:11:26+03:00,1789719086,7661,62,3,29.6,39.5,,run
2026-09-18T11:11:31+03:00,1789719091,7666,62,3,29.6,46.0,,run
2026-09-18T11:11:37+03:00,1789719097,7672,62,3,29.6,39.8,,run
2026-09-18T11:11:42+03:00,1789719102,7677,62,3,29.6,39.5,,run
2026-09-18T11:11:47+03:00,1789719107,7682,62,3,29.6,39.5,,run
2026-09-18T11:11:52+03:00,1789719112,7687,62,3,29.6,38.9,,run
2026-09-18T11:11:57+03:00,1789719117,7692,62,3,29.6,38.3,,run
2026-09-18T11:12:03+03:00,1789719123,7698,62,3,29.6,38.6,,run
2026-09-18T11:12:08+03:00,1789719128,7703,62,3,29.6,39.2,,run
2026-09-18T11:12:13+03:00,1789719133,7708,62,3,29.6,38.6,,run
2026-09-18T11:12:18+03:00,1789719138,7713,62,3,29.6,39.2,,run
2026-09-18T11:12:24+03:00,1789719144,7719,62,3,29.6,38.9,,run
2026-09-18T11:12:29+03:00,1789719149,7724,62,3,29.6,39.2,,run
2026-09-18T11:12:34+03:00,1789719154,7729,62,3,29.6,38.6,,run
2026-09-18T11:12:39+03:00,1789719159,7734,62,3,29.6,38.9,,run
2026-09-18T11:12:44+03:00,1789719164,7739,62,3,29.6,49.4,,run
2026-09-18T11:12:50+03:00,1789719170,7745,62,3,29.6,40.8,,run
2026-09-18T11:12:55+03:00,1789719175,7750,62,3,29.6,40.2,,run
2026-09-18T11:13:00+03:00,1789719180,7755,62,3,29.6,39.5,,run
2026-09-18T11:13:06+03:00,1789719186,7761,62,3,29.6,38.6,,run
2026-09-18T11:13:11+03:00,1789719191,7766,62,3,29.6,38.3,,run
2026-09-18T11:13:16+03:00,1789719196,7771,62,3,29.6,38.9,,run
2026-09-18T11:13:21+03:00,1789719201,7776,62,3,29.6,38.3,,run
2026-09-18T11:13:27+03:00,1789719207,7782,62,3,29.6,49.4,,run
2026-09-18T11:13:32+03:00,1789719212,7787,62,3,29.6,42.0,,run
2026-09-18T11:13:37+03:00,1789719217,7792,62,3,29.6,39.5,,run
2026-09-18T11:13:42+03:00,1789719222,7797,62,3,29.6,39.2,,run
2026-09-18T11:13:48+03:00,1789719228,7803,62,3,29.6,38.9,,run
2026-09-18T11:13:53+03:00,1789719233,7808,62,3,29.6,39.5,,run
2026-09-18T11:13:58+03:00,1789719238,7813,61,3,29.7,40.5,,run
2026-09-18T11:14:03+03:00,1789719243,7818,61,3,29.7,39.5,,run
2026-09-18T11:14:08+03:00,1789719248,7823,61,3,29.7,39.8,,run
2026-09-18T11:14:14+03:00,1789719254,7829,61,3,29.7,39.5,,run
2026-09-18T11:14:19+03:00,1789719259,7834,61,3,29.7,38.9,,run
2026-09-18T11:14:24+03:00,1789719264,7839,61,3,29.7,38.3,,run
2026-09-18T11:14:29+03:00,1789719269,7844,61,3,29.7,38.9,,run
2026-09-18T11:14:35+03:00,1789719275,7850,61,3,29.7,39.8,,run
2026-09-18T11:14:40+03:00,1789719280,7855,61,3,29.7,38.9,,run
2026-09-18T11:14:45+03:00,1789719285,7860,61,3,29.7,48.2,,run
2026-09-18T11:14:50+03:00,1789719290,7865,61,3,29.7,44.8,,run
2026-09-18T11:14:56+03:00,1789719296,7871,61,3,29.7,39.5,,run
2026-09-18T11:15:01+03:00,1789719301,7876,61,3,29.7,39.2,,run
2026-09-18T11:15:06+03:00,1789719306,7881,61,3,29.7,40.5,,run
2026-09-18T11:15:11+03:00,1789719311,7886,61,3,29.7,43.9,,run
2026-09-18T11:15:16+03:00,1789719316,7891,61,3,29.7,39.5,,run
2026-09-18T11:15:22+03:00,1789719322,7897,61,3,29.7,40.2,,run
2026-09-18T11:15:27+03:00,1789719327,7902,61,3,29.7,40.2,,run
2026-09-18T11:15:32+03:00,1789719332,7907,61,3,29.7,39.5,,run
2026-09-18T11:15:37+03:00,1789719337,7912,61,3,29.7,38.9,,run
2026-09-18T11:15:43+03:00,1789719343,7918,61,3,29.7,39.2,,run
2026-09-18T11:15:48+03:00,1789719348,7923,61,3,29.7,39.2,,run
2026-09-18T11:15:53+03:00,1789719353,7928,61,3,29.7,38.9,,run
2026-09-18T11:15:58+03:00,1789719358,7933,61,3,29.7,38.6,,run
2026-09-18T11:16:03+03:00,1789719363,7938,61,3,29.7,39.5,,run
2026-09-18T11:16:09+03:00,1789719369,7944,61,3,29.7,40.2,,run
2026-09-18T11:16:14+03:00,1789719374,7949,61,3,29.7,40.2,,run
2026-09-18T11:16:19+03:00,1789719379,7954,61,3,29.7,39.2,,run
2026-09-18T11:16:24+03:00,1789719384,7959,61,3,29.7,48.5,,run
2026-09-18T11:16:30+03:00,1789719390,7965,61,3,29.7,41.7,,run
2026-09-18T11:16:35+03:00,1789719395,7970,61,3,29.7,39.5,,run
2026-09-18T11:16:40+03:00,1789719400,7975,61,3,29.7,39.2,,run
2026-09-18T11:16:45+03:00,1789719405,7980,61,3,29.7,39.8,,run
2026-09-18T11:16:51+03:00,1789719411,7986,61,3,29.7,38.0,,run
2026-09-18T11:16:56+03:00,1789719416,7991,61,3,29.7,38.3,,run
2026-09-18T11:17:01+03:00,1789719421,7996,61,3,29.7,38.0,,run
2026-09-18T11:17:06+03:00,1789719426,8001,61,3,29.7,47.0,,run
2026-09-18T11:17:12+03:00,1789719432,8007,61,3,29.7,42.3,,run
2026-09-18T11:17:17+03:00,1789719437,8012,61,3,29.7,39.2,,run
2026-09-18T11:17:22+03:00,1789719442,8017,61,3,29.7,38.9,,run
2026-09-18T11:17:28+03:00,1789719448,8023,61,3,29.7,40.5,,run
2026-09-18T11:17:33+03:00,1789719453,8028,61,3,29.7,38.6,,run
2026-09-18T11:17:38+03:00,1789719458,8033,61,3,29.7,38.9,,run
2026-09-18T11:17:43+03:00,1789719463,8038,61,3,29.7,38.6,,run
2026-09-18T11:17:48+03:00,1789719468,8043,61,3,29.7,38.6,,run
2026-09-18T11:17:54+03:00,1789719474,8049,61,3,29.7,38.9,,run
2026-09-18T11:17:59+03:00,1789719479,8054,61,3,29.7,38.3,,run
2026-09-18T11:18:04+03:00,1789719484,8059,61,3,29.7,39.2,,run
2026-09-18T11:18:09+03:00,1789719489,8064,61,3,29.7,38.6,,run
2026-09-18T11:18:14+03:00,1789719494,8069,61,3,29.7,38.6,,run
2026-09-18T11:18:20+03:00,1789719500,8075,61,3,29.7,39.2,,run
2026-09-18T11:18:25+03:00,1789719505,8080,61,3,29.7,47.0,,run
2026-09-18T11:18:30+03:00,1789719510,8085,61,3,29.7,40.8,,run
2026-09-18T11:18:35+03:00,1789719515,8090,61,3,29.7,39.2,,run
2026-09-18T11:18:41+03:00,1789719521,8096,61,3,29.7,39.8,,run
2026-09-18T11:18:46+03:00,1789719526,8101,61,3,29.7,38.6,,run
2026-09-18T11:18:51+03:00,1789719531,8106,61,3,29.7,44.2,,run
2026-09-18T11:18:56+03:00,1789719536,8111,61,3,29.7,40.5,,run
2026-09-18T11:19:02+03:00,1789719542,8117,61,3,29.7,40.5,,run
2026-09-18T11:19:07+03:00,1789719547,8122,61,3,29.7,42.3,,run
2026-09-18T11:19:12+03:00,1789719552,8127,61,3,29.7,40.5,,run
2026-09-18T11:19:17+03:00,1789719557,8132,61,3,29.7,38.9,,run
2026-09-18T11:19:22+03:00,1789719562,8137,61,3,29.7,38.9,,run
2026-09-18T11:19:28+03:00,1789719568,8143,61,3,29.7,39.2,,run
2026-09-18T11:19:33+03:00,1789719573,8148,61,3,29.7,38.9,,run
2026-09-18T11:19:38+03:00,1789719578,8153,61,3,29.7,38.9,,run
2026-09-18T11:19:43+03:00,1789719583,8158,61,3,29.7,38.3,,run
2026-09-18T11:19:48+03:00,1789719588,8163,61,3,29.7,38.9,,run
2026-09-18T11:19:54+03:00,1789719594,8169,61,3,29.7,38.9,,run
2026-09-18T11:19:59+03:00,1789719599,8174,61,3,29.7,39.8,,run
2026-09-18T11:20:04+03:00,1789719604,8179,61,3,29.7,48.5,,run
2026-09-18T11:20:10+03:00,1789719610,8185,61,3,29.7,42.0,,run
2026-09-18T11:20:15+03:00,1789719615,8190,61,3,29.7,40.5,,run
2026-09-18T11:20:20+03:00,1789719620,8195,61,3,29.7,39.8,,run
2026-09-18T11:20:25+03:00,1789719625,8200,61,3,29.7,38.6,,run
2026-09-18T11:20:31+03:00,1789719631,8206,61,3,29.7,38.9,,run
2026-09-18T11:20:36+03:00,1789719636,8211,61,3,29.7,38.3,,run
2026-09-18T11:20:41+03:00,1789719641,8216,61,3,29.7,39.5,,run
2026-09-18T11:20:46+03:00,1789719646,8221,61,3,29.7,47.9,,run
2026-09-18T11:20:52+03:00,1789719652,8227,61,3,29.7,42.3,,run
2026-09-18T11:20:57+03:00,1789719657,8232,61,3,29.7,40.2,,run
2026-09-18T11:21:02+03:00,1789719662,8237,61,3,29.7,38.9,,run
2026-09-18T11:21:07+03:00,1789719667,8242,61,3,29.7,39.2,,run
2026-09-18T11:21:13+03:00,1789719673,8248,61,3,29.7,38.6,,run
2026-09-18T11:21:18+03:00,1789719678,8253,61,3,29.7,40.2,,run
2026-09-18T11:21:23+03:00,1789719683,8258,61,3,29.7,39.5,,run
2026-09-18T11:21:28+03:00,1789719688,8263,61,3,29.7,39.5,,run
2026-09-18T11:21:33+03:00,1789719693,8268,61,3,29.7,39.5,,run
2026-09-18T11:21:39+03:00,1789719699,8274,61,3,29.7,38.6,,run
2026-09-18T11:21:44+03:00,1789719704,8279,61,3,29.7,38.6,,run
2026-09-18T11:21:49+03:00,1789719709,8284,61,3,29.7,39.2,,run
2026-09-18T11:21:54+03:00,1789719714,8289,61,3,29.7,39.8,,run
2026-09-18T11:22:00+03:00,1789719720,8295,61,3,29.7,38.6,,run
2026-09-18T11:22:05+03:00,1789719725,8300,61,3,29.7,44.5,,run
2026-09-18T11:22:10+03:00,1789719730,8305,61,3,29.7,43.2,,run
2026-09-18T11:22:15+03:00,1789719735,8310,61,3,29.7,39.8,,run
2026-09-18T11:22:20+03:00,1789719740,8315,61,3,29.7,39.2,,run
2026-09-18T11:22:26+03:00,1789719746,8321,61,3,29.7,39.5,,run
2026-09-18T11:22:31+03:00,1789719751,8326,61,3,29.7,43.6,,run
2026-09-18T11:22:36+03:00,1789719756,8331,61,3,29.7,40.5,,run
2026-09-18T11:22:41+03:00,1789719761,8336,61,3,29.7,39.2,,run
2026-09-18T11:22:47+03:00,1789719767,8342,61,3,29.7,38.9,,run
2026-09-18T11:22:52+03:00,1789719772,8347,61,3,29.7,39.2,,run
2026-09-18T11:22:57+03:00,1789719777,8352,61,3,29.7,40.2,,run
2026-09-18T11:23:02+03:00,1789719782,8357,61,3,29.7,39.5,,run
2026-09-18T11:23:07+03:00,1789719787,8362,61,3,29.7,38.9,,run
2026-09-18T11:23:13+03:00,1789719793,8368,61,3,29.7,38.9,,run
2026-09-18T11:23:18+03:00,1789719798,8373,61,3,29.7,38.3,,run
2026-09-18T11:23:23+03:00,1789719803,8378,61,3,29.7,38.0,,run
2026-09-18T11:23:28+03:00,1789719808,8383,61,3,29.7,38.6,,run
2026-09-18T11:23:34+03:00,1789719814,8389,61,3,29.7,38.6,,run
2026-09-18T11:23:39+03:00,1789719819,8394,61,3,29.6,39.2,,run
2026-09-18T11:23:44+03:00,1789719824,8399,61,3,29.6,49.1,,run
2026-09-18T11:23:50+03:00,1789719830,8405,61,3,29.6,42.0,,run
2026-09-18T11:23:55+03:00,1789719835,8410,61,3,29.6,39.5,,run
2026-09-18T11:24:00+03:00,1789719840,8415,61,3,29.6,38.9,,run
2026-09-18T11:24:05+03:00,1789719845,8420,61,3,29.6,39.2,,run
2026-09-18T11:24:10+03:00,1789719850,8425,61,3,29.6,38.3,,run
2026-09-18T11:24:16+03:00,1789719856,8431,61,3,29.6,38.6,,run
2026-09-18T11:24:21+03:00,1789719861,8436,61,3,29.6,39.2,,run
2026-09-18T11:24:26+03:00,1789719866,8441,61,3,29.6,49.1,,run
2026-09-18T11:24:32+03:00,1789719872,8447,61,3,29.6,40.8,,run
2026-09-18T11:24:37+03:00,1789719877,8452,61,3,29.6,39.2,,run
2026-09-18T11:24:42+03:00,1789719882,8457,60,3,29.8,38.9,,run
2026-09-18T11:24:47+03:00,1789719887,8462,60,3,29.8,39.8,,run
2026-09-18T11:24:52+03:00,1789719892,8467,60,3,29.8,39.5,,run
2026-09-18T11:24:58+03:00,1789719898,8473,60,3,29.8,38.9,,run
2026-09-18T11:25:03+03:00,1789719903,8478,60,3,29.8,39.5,,run
2026-09-18T11:25:08+03:00,1789719908,8483,60,3,29.8,38.9,,run
2026-09-18T11:25:13+03:00,1789719913,8488,60,3,29.8,38.6,,run
2026-09-18T11:25:19+03:00,1789719919,8494,60,3,29.8,39.2,,run
2026-09-18T11:25:24+03:00,1789719924,8499,60,3,29.8,38.9,,run
2026-09-18T11:25:29+03:00,1789719929,8504,60,3,29.8,39.8,,run
2026-09-18T11:25:34+03:00,1789719934,8509,60,3,29.8,38.9,,run
2026-09-18T11:25:39+03:00,1789719939,8514,60,3,29.8,39.5,,run
2026-09-18T11:25:45+03:00,1789719945,8520,60,3,29.8,49.7,,run
2026-09-18T11:25:50+03:00,1789719950,8525,60,3,29.8,45.1,,run
2026-09-18T11:25:55+03:00,1789719955,8530,60,3,29.8,39.5,,run
2026-09-18T11:26:00+03:00,1789719960,8535,60,3,29.8,38.6,,run
2026-09-18T11:26:06+03:00,1789719966,8541,60,3,29.8,39.8,,run
2026-09-18T11:26:11+03:00,1789719971,8546,60,3,29.8,44.5,,run
2026-09-18T11:26:16+03:00,1789719976,8551,60,3,29.8,39.8,,run
2026-09-18T11:26:21+03:00,1789719981,8556,60,3,29.8,39.5,,run
2026-09-18T11:26:27+03:00,1789719987,8562,60,3,29.8,39.8,,run
2026-09-18T11:26:32+03:00,1789719992,8567,60,3,29.8,39.2,,run
2026-09-18T11:26:37+03:00,1789719997,8572,60,3,29.8,39.8,,run
2026-09-18T11:26:42+03:00,1789720002,8577,60,3,29.8,38.6,,run
2026-09-18T11:26:47+03:00,1789720007,8582,60,3,29.8,38.6,,run
2026-09-18T11:26:53+03:00,1789720013,8588,60,3,29.8,39.2,,run
2026-09-18T11:26:58+03:00,1789720018,8593,60,3,29.8,38.9,,run
2026-09-18T11:27:03+03:00,1789720023,8598,60,3,29.8,38.9,,run
2026-09-18T11:27:08+03:00,1789720028,8603,60,3,29.8,39.2,,run
2026-09-18T11:27:14+03:00,1789720034,8609,60,3,29.8,38.9,,run
2026-09-18T11:27:19+03:00,1789720039,8614,60,3,29.8,38.9,,run
2026-09-18T11:27:24+03:00,1789720044,8619,60,3,29.8,49.7,,run
2026-09-18T11:27:29+03:00,1789720049,8624,60,3,29.8,41.4,,run
2026-09-18T11:27:35+03:00,1789720055,8630,60,3,29.8,39.8,,end
