# sample_id=2819/rev_007_d58a0ef0 exec_index=11 ok=False perf_lines=30 vm_events=30 battery_pct=50 soc_temp_millic=42300 battery_temp_c=31.3 charging=False preflight_started=2026-09-13T17:17:54.164491+00:00 started=2026-09-13T17:17:56.853409+00:00 ts=2026-09-13T17:20:04.912357+00:00
[spm]: Running flutter analyze...
Resolving dependencies...
Downloading packages...
  _fe_analyzer_shared 100.0.0 (108.0.0 available)
  analyzer 13.0.0 (14.4.0 available)
  async 2.13.0 (2.13.1 available)
  clock 1.1.2 (1.1.3 available)
  cupertino_icons 1.0.8 (1.0.9 available)
  glob 2.1.3 (2.2.0 available)
  lints 6.0.0 (6.1.0 available)
  matcher 0.12.19 (0.12.20 available)
  material_color_utilities 0.13.0 (0.13.1 available)
  meta 1.18.0 (1.19.0 available)
  package_config 2.2.0 (3.0.0 available)
  platform 3.1.6 (3.2.0 available)
  process 5.0.5 (5.0.6 available)
  pub_semver 2.2.0 (2.2.1 available)
  source_span 1.10.1 (1.10.2 available)
  stack_trace 1.12.1 (1.12.2 available)
  test_api 0.7.11 (0.7.14 available)
  vector_math 2.2.0 (2.4.2 available)
  vm_service 15.0.2 (15.3.0 available)
  webdriver 3.1.0 (3.2.0 available)
  yaml 3.1.3 (3.1.4 available)
Got dependencies!
21 packages have newer versions incompatible with dependency constraints.
Try `flutter pub outdated` for more information.
Analyzing lib...                                                

   info • The part-of directive uses a library name. Try converting the directive to use the URI of the library • lib/dependencies.dart:46:1 • use_string_in_part_of_directives
   info • Redundant initialization to 'null'. Try removing the initializer • lib/dependencies.dart:89:9 • avoid_init_to_null
   info • Redundant initialization to 'null'. Try removing the initializer • lib/dependencies.dart:93:15 • avoid_init_to_null
   info • Redundant initialization to 'null'. Try removing the initializer • lib/dependencies.dart:111:6 • avoid_init_to_null
   info • Constructors in '@immutable' classes should be declared as 'const'. Try adding 'const' to the constructor declaration • lib/dependencies.dart:140:3 • prefer_const_constructors_in_immutables
   info • Constructors in '@immutable' classes should be declared as 'const'. Try adding 'const' to the constructor declaration • lib/dependencies.dart:391:3 • prefer_const_constructors_in_immutables
   info • Constructors in '@immutable' classes should be declared as 'const'. Try adding 'const' to the constructor declaration • lib/dependencies.dart:415:3 • prefer_const_constructors_in_immutables
   info • Constructors in '@immutable' classes should be declared as 'const'. Try adding 'const' to the constructor declaration • lib/dependencies.dart:439:3 • prefer_const_constructors_in_immutables
   info • Constructors in '@immutable' classes should be declared as 'const'. Try adding 'const' to the constructor declaration • lib/dependencies.dart:461:3 • prefer_const_constructors_in_immutables
   info • Constructors in '@immutable' classes should be declared as 'const'. Try adding 'const' to the constructor declaration • lib/dependencies.dart:483:3 • prefer_const_constructors_in_immutables
   info • Library names are not necessary. Remove the library name • lib/generated_widget.dart:2:9 • unnecessary_library_name

[spm]: Injecting profiler code...
[spm]: Starting app...
Running Gradle task 'assembleProfile'...                        
Running Gradle task 'assembleProfile'...                           23.5s
✓ Built build/app/outputs/flutter-apk/app-profile.apk (26.8MB)
Installing build/app/outputs/flutter-apk/app-profile.apk...      1,383ms
D/DecorView[]( 5239): getWindowModeFromSystem  windowmode is 1
D/DecorView[]( 5239): getWindowModeFromSystem  windowmode is 1
D/DecorView[]( 5239): updateDecorCaptionStatus displayWindowDecor is false
W/Looper  ( 5239): PerfMonitor looperActivity : package=com.example.benchmark_container/.MainActivity time=365ms latency=329ms running=0ms  procState=-1  historyMsgCount=2 (msgIndex=1 wall=365ms seq=4 late=329ms h=android.app.ActivityThread$H w=159) (msgIndex=2 wall=344ms seq=3 h=android.app.ActivityThread$H w=110)
W/Looper  ( 5239): PerfMonitor looperActivity : package=com.example.benchmark_container/.MainActivity time=0ms latency=695ms running=0ms  procState=-1  historyMsgCount=4 (msgIndex=2 wall=365ms seq=4 h=android.app.ActivityThread$H w=159) (msgIndex=3 wall=344ms seq=3 h=android.app.ActivityThread$H w=110) (msgIndex=4 wall=365ms seq=4 h=android.app.ActivityThread$H w=159)
D/SurfaceView( 5239): UPDATE null, mIsCastMode = false
D/hw-ProcessState( 5239): Binder ioctl to enable oneway spam detection failed: Invalid argument
W/Looper  ( 5239): PerfMonitor longMsg : seq=8 plan=20:18:39.238 late=365ms wall=1644ms running=0ms h=android.view.Choreographer$FrameHandler c=android.view.Choreographer$FrameDisplayEventReceiver procState=-1
W/Looper  ( 5239): PerfMonitor doFrame : time=1644ms vsyncFrame=0 latency=365ms procState=-1 historyMsgCount=4 (msgIndex=1 wall=1644ms seq=8 late=365ms h=android.view.Choreographer$FrameHandler c=android.view.Choreographer$FrameDisplayEventReceiver)
I/Choreographer( 5239): Skipped 93 frames!  The application may be doing too much work on its main thread.
D/SurfaceView( 5239): UPDATE Surface(name=SurfaceView[com.example.benchmark_container/com.example.benchmark_container.MainActivity])/@0x739554a, mIsProjectionMode = false
W/Looper  ( 5239): PerfMonitor doFrame : time=3ms vsyncFrame=0 latency=1564ms procState=-1 historyMsgCount=4
[spm]: Connected to Dart VM service.
I/flutter ( 5239): 00:00 +0: Performance Benchmark
E/hmark_containe( 5239): open libmigui.so failed! dlopen - dlopen failed: library "libmigui.so" not found
D/hmark_containe( 5239): MiuiProcessManagerServiceStub setSchedFifo
I/MiuiProcessManagerImpl( 5239): setSchedFifo pid:5239, mode:3
D/DecorView[]( 5239): onWindowFocusChanged hasWindowFocus true
D/DecorView[]( 5239): getWindowModeFromSystem  windowmode is 1
D/DecorView[]( 5239): updateDecorCaptionStatus displayWindowDecor is false
D/ProfileInstaller( 5239): Installing profile for com.example.benchmark_container
I/flutter ( 5239): type '_Stub' is not a subtype of type 'Color?'
I/flutter ( 5239): #0      LeagueCard.build (package:benchmark_container/generated_widget.dart:125)
I/flutter ( 5239): #1      StatelessElement.build (package:flutter/src/widgets/framework.dart:5889)
I/flutter ( 5239): #2      ComponentElement.performRebuild (package:flutter/src/widgets/framework.dart:5817)
I/flutter ( 5239): #3      Element.rebuild (package:flutter/src/widgets/framework.dart:5529)
I/flutter ( 5239): #4      ComponentElement._firstBuild (package:flutter/src/widgets/framework.dart:5799)
I/flutter ( 5239): #5      ComponentElement.mount (package:flutter/src/widgets/framework.dart:5793)
I/flutter ( 5239): #6      Element.inflateWidget (package:flutter/src/widgets/framework.dart:4587)
I/flutter ( 5239): #7      Element.updateChild (package:flutter/src/widgets/framework.dart:4059)
I/flutter ( 5239): #8      SingleChildRenderObjectElement.mount (package:flutter/src/widgets/framework.dart:7115)
I/flutter ( 5239): #9      Element.inflateWidget (package:flutter/src/widgets/framework.dart:4587)
I/flutter ( 5239): #10     Element.updateChild (package:flutter/src/widgets/framework.dart:4059)
I/flutter ( 5239): #11     ComponentElement.performRebuild (package:flutter/src/widgets/framework.dart:5841)
I/flutter ( 5239): #12     StatefulElement.performRebuild (package:flutter/src/widgets/framework.dart:5982)
I/flutter ( 5239): #13     Element.rebuild (package:flutter/src/widgets/framework.dart:5529)
I/flutter ( 5239): #14     ComponentElement._firstBuild (package:flutter/src/widgets/framework.dart:5799)
I/flutter ( 5239): #15     StatefulElement._firstBuild (package:flutter/src/widgets/framework.dart:5973)
I/flutter ( 5239): #16     ComponentElement.mount (package:flutter/src/widgets/framework.dart:5793)
I/flutter ( 5239): #17     Element.inflateWidget (package:flutter/src/widgets/framework.dart:4587)
I/flutter ( 5239): #18     Element.updateChild (package:flutter/src/widgets/framework.dart:4059)
I/flutter ( 5239): #19     ComponentElement.performRebuild (package:flutter/src/widgets/framework.dart:5841)
I/flutter ( 5239): #20     Element.rebuild (package:flutter/src/widgets/framework.dart:5529)
I/flutter ( 5239): #21     ComponentElement._firstBuild (package:flutter/src/widgets/framework.dart:5799)
I/flutter ( 5239): #22     ComponentElement.mount (package:flutter/src/widgets/framework.dart:5793)
I/flutter ( 5239): #23     Element.inflateWidget (package:flutter/src/widgets/framework.dart:4587)
I/flutter ( 5239): #24     Element.updateChild (package:flutter/src/widgets/framework.dart:4059)
I/flutter ( 5239): #25     SingleChildRenderObjectElement.mount (package:flutter/src/widgets/framework.dart:7115)
I/flutter ( 5239): #26     Element.inflateWidget (package:flutter/src/widgets/framework.dart:4587)
I/flutter ( 5239): #27     Element.updateChild (package:flutter/src/widgets/framework.dart:4059)
I/flutter ( 5239): #28     ComponentElement.performRebuild (package:flutter/src/widgets/framework.dart:5841)
I/flutter ( 5239): #29     Element.rebuild (package:flutter/src/widgets/framework.dart:5529)
I/flutter ( 5239): #30     ComponentElement._firstBuild (package:flutter/src/widgets/framework.dart:5799)
I/flutter ( 5239): #31     ComponentElement.mount (package:flutter/src/widgets/framework.dart:5793)
I/flutter ( 5239): #32     Element.inflateWidget (package:flutter/src/widgets/framework.dart:4587)
I/flutter ( 5239): #33     Element.updateChild (package:flutter/src/widgets/framework.dart:4059)
I/flutter ( 5239): #34     ComponentElement.performRebuild (package:flutter/src/widgets/framework.dart:5841)
I/flutter ( 5239): #35     Element.rebuild (package:flutter/src/widgets/framework.dart:5529)
I/flutter ( 5239): #36     ComponentElement._firstBuild (package:flutter/src/widgets/framework.dart:5799)
I/flutter ( 5239): #37     ComponentElement.mount (package:flutter/src/widgets/framework.dart:5793)
I/flutter ( 5239): #38     Element.inflateWidget (package:flutter/src/widgets/framework.dart:4587)
I/flutter ( 5239): #39     Element.updateChild (package:flutter/src/widgets/framework.dart:4059)
I/flutter ( 5239): #40     SingleChildRenderObjectElement.mount (package:flutter/src/widgets/framework.dart:7115)
I/flutter ( 5239): #41     Element.inflateWidget (package:flutter/src/widgets/framework.dart:4587)
I/flutter ( 5239): #42     Element.updateChild (package:flutter/src/widgets/framework.dart:4059)
I/flutter ( 5239): #43     SingleChildRenderObjectElement.mount (package:flutter/src/widgets/framework.dart:7115)
I/flutter ( 5239): #44     Element.inflateWidget (package:flutter/src/widgets/framework.dart:4587)
I/flutter ( 5239): #45     Element.updateChild (package:flutter/src/widgets/framework.dart:4059)
I/flutter ( 5239): #46     ComponentElement.performRebuild (package:flutter/src/widgets/framework.dart:5841)
I/flutter ( 5239): #47     Element.rebuild (package:flutter/src/widgets/framework.dart:5529)
I/flutter ( 5239): #48     ComponentElement._firstBuild (package:flutter/src/widgets/framework.dart:5799)
I/flutter ( 5239): #49     ComponentElement.mount (package:flutter/src/widgets/framework.dart:5793)
I/flutter ( 5239): #50     Element.inflateWidget (package:flutter/src/widgets/framework.dart:4587)
I/flutter ( 5239): #51     Element.updateChild (package:flutter/src/widgets/framework.dart:4059)
I/flutter ( 5239): #52     ComponentElement.performRebuild (package:flutter/src/widgets/framework.dart:5841)
I/flutter ( 5239): #53     StatefulElement.performRebuild (package:flutter/src/widgets/framework.dart:5982)
I/flutter ( 5239): #54     Element.rebuild (package:flutter/src/widgets/framework.dart:5529)
I/flutter ( 5239): #55     ComponentElement._firstBuild (package:flutter/src/widgets/framework.dart:5799)
I/flutter ( 5239): #56     StatefulElement._firstBuild (package:flutter/src/widgets/framework.dart:5973)
I/flutter ( 5239): #57     ComponentElement.mount (package:flutter/src/widgets/framework.dart:5793)
I/flutter ( 5239): #58     Element.inflateWidget (package:flutter/src/widgets/framework.dart:4587)
I/flutter ( 5239): #59     Element.updateChild (package:flutter/src/widgets/framework.dart:4059)
I/flutter ( 5239): #60     ComponentElement.performRebuild (package:flutter/src/widgets/framework.dart:5841)
I/flutter ( 5239): #61     Element.rebuild (package:flutter/src/widgets/framework.dart:5529)
I/flutter ( 5239): #62     ComponentElement._firstBuild (package:flutter/src/widgets/framework.dart:5799)
I/flutter ( 5239): #63     ComponentElement.mount (package:flutter/src/widgets/framework.dart:5793)
I/flutter ( 5239): #64     Element.inflateWidget (package:flutter/src/widgets/framework.dart:4587)
I/flutter ( 5239): #65     Element.updateChild (package:flutter/src/widgets/framework.dart:4059)
I/flutter ( 5239): #66     ComponentElement.performRebuild (package:flutter/src/widgets/framework.dart:5841)
I/flutter ( 5239): #67     StatefulElement.performRebuild (package:flutter/src/widgets/framework.dart:5982)
I/flutter ( 5239): #68     Element.rebuild (package:flutter/src/widgets/framework.dart:5529)
I/flutter ( 5239): #69     ComponentElement._firstBuild (package:flutter/src/widgets/framework.dart:5799)
I/flutter ( 5239): #70     StatefulElement._firstBuild (package:flutter/src/widgets/framework.dart:5973)
I/flutter ( 5239): #71     ComponentElement.mount (package:flutter/src/widgets/framework.dart:5793)
I/flutter ( 5239): #72     Element.inflateWidget (package:flutter/src/widgets/framework.dart:4587)
I/flutter ( 5239): #73     Element.updateChild (package:flutter/src/widgets/framework.dart:4059)
I/flutter ( 5239): #74     ComponentElement.performRebuild (package:flutter/src/widgets/framework.dart:5841)
I/flutter ( 5239): #75     Element.rebuild (package:flutter/src/widgets/framework.dart:5529)
I/flutter ( 5239): #76     ComponentElement._firstBuild (package:flutter/src/widgets/framework.dart:5799)
I/flutter ( 5239): #77     ComponentElement.mount (package:flutter/src/widgets/framework.dart:5793)
I/flutter ( 5239): #78     Element.inflateWidget (package:flutter/src/widgets/framework.dart:4587)
I/flutter ( 5239): #79     Element.updateChild (package:flutter/src/widgets/framework.dart:4059)
I/flutter ( 5239): #80     ComponentElement.performRebuild (package:flutter/src/widgets/framework.dart:5841)
I/flutter ( 5239): #81     StatefulElement.performRebuild (package:flutter/src/widgets/framework.dart:5982)
I/flutter ( 5239): #82     Element.rebuild (package:flutter/src/widgets/framework.dart:5529)
I/flutter ( 5239): #83     ComponentElement._firstBuild (package:flutter/src/widgets/framework.dart:5799)
I/flutter ( 5239): #84     StatefulElement._firstBuild (package:flutter/src/widgets/framework.dart:5973)
I/flutter ( 5239): #85     ComponentElement.mount (package:flutter/src/widgets/framework.dart:5793)
I/flutter ( 5239): #86     Element.inflateWidget (package:flutter/src/widgets/framework.dart:4587)
I/flutter ( 5239): #87     Element.updateChild (package:flutter/src/widgets/framework.dart:4059)
I/flutter ( 5239): #88     ComponentElement.performRebuild (package:flutter/src/widgets/framework.dart:5841)
I/flutter ( 5239): #89     Element.rebuild (package:flutter/src/widgets/framework.dart:5529)
I/flutter ( 5239): #90     ComponentElement._firstBuild (package:flutter/src/widgets/framework.dart:5799)
I/flutter ( 5239): #91     ComponentElement.mount (package:flutter/src/widgets/framework.dart:5793)
I/flutter ( 5239): #92     Element.inflateWidget (package:flutter/src/widgets/framework.dart:4587)
I/flutter ( 5239): #93     Element.updateChild (package:flutter/src/widgets/framework.dart:4059)
I/flutter ( 5239): #94     SingleChildRenderObjectElement.mount (package:flutter/src/widgets/framework.dart:7115)
I/flutter ( 5239): #95     Element.inflateWidget (package:flutter/src/widgets/framework.dart:4587)
I/flutter ( 5239): #96     Element.updateChild (package:flutter/src/widgets/framework.dart:4059)
I/flutter ( 5239): #97     SingleChildRenderObjectElement.mount (package:flutter/src/widgets/framework.dart:7115)
I/flutter ( 5239): #98     Element.inflateWidget (package:flutter/src/widgets/framework.dart:4587)
I/flutter ( 5239): #99     Element.updateChild (package:flutter/src/widgets/framework.dart:4059)
I/flutter ( 5239): type '_Stub' is not a subtype of type 'Color?'
I/flutter ( 5239): #0      LeagueCard.build (package:benchmark_container/generated_widget.dart:125)
I/flutter ( 5239): #1      StatelessElement.build (package:flutter/src/widgets/framework.dart:5889)
I/flutter ( 5239): #2      ComponentElement.performRebuild (package:flutter/src/widgets/framework.dart:5817)
I/flutter ( 5239): #3      Element.rebuild (package:flutter/src/widgets/framework.dart:5529)
I/flutter ( 5239): #4      StatelessElement.update (package:flutter/src/widgets/framework.dart:5895)
I/flutter ( 5239): #5      Element.updateChild (package:flutter/src/widgets/framework.dart:4037)
I/flutter ( 5239): #6      SingleChildRenderObjectElement.update (package:flutter/src/widgets/framework.dart:7122)
I/flutter ( 5239): #7      Element.updateChild (package:flutter/src/widgets/framework.dart:4037)
I/flutter ( 5239): #8      ComponentElement.performRebuild (package:flutter/src/widgets/framework.dart:5841)
I/flutter ( 5239): #9      StatefulElement.performRebuild (package:flutter/src/widgets/framework.dart:5982)
I/flutter ( 5239): #10     Element.rebuild (package:flutter/src/widgets/framework.dart:5529)
I/flutter ( 5239): #11     StatefulElement.update (package:flutter/src/widgets/framework.dart:6007)
I/flutter ( 5239): #12     Element.updateChild (package:flutter/src/widgets/framework.dart:4037)
I/flutter ( 5239): #13     ComponentElement.performRebuild (package:flutter/src/widgets/framework.dart:5841)
I/flutter ( 5239): #14     Element.rebuild (package:flutter/src/widgets/framework.dart:5529)
I/flutter ( 5239): #15     StatelessElement.update (package:flutter/src/widgets/framework.dart:5895)
I/flutter ( 5239): #16     Element.updateChild (package:flutter/src/widgets/framework.dart:4037)
I/flutter ( 5239): #17     SingleChildRenderObjectElement.update (package:flutter/src/widgets/framework.dart:7122)
I/flutter ( 5239): #18     Element.updateChild (package:flutter/src/widgets/framework.dart:4037)
I/flutter ( 5239): #19     ComponentElement.performRebuild (package:flutter/src/widgets/framework.dart:5841)
I/flutter ( 5239): #20     Element.rebuild (package:flutter/src/widgets/framework.dart:5529)
I/flutter ( 5239): #21     ProxyElement.update (package:flutter/src/widgets/framework.dart:6149)
I/flutter ( 5239): #22     Element.updateChild (package:flutter/src/widgets/framework.dart:4037)
I/flutter ( 5239): #23     ComponentElement.performRebuild (package:flutter/src/widgets/framework.dart:5841)
I/flutter ( 5239): #24     Element.rebuild (package:flutter/src/widgets/framework.dart:5529)
I/flutter ( 5239): #25     StatelessElement.update (package:flutter/src/widgets/framework.dart:5895)
I/flutter ( 5239): #26     Element.updateChild (package:flutter/src/widgets/framework.dart:4037)
I/flutter ( 5239): #27     SingleChildRenderObjectElement.update (package:flutter/src/widgets/framework.dart:7122)
I/flutter ( 5239): #28     Element.updateChild (package:flutter/src/widgets/framework.dart:4037)
I/flutter ( 5239): #29     SingleChildRenderObjectElement.update (package:flutter/src/widgets/framework.dart:7122)
I/flutter ( 5239): #30     Element.updateChild (package:flutter/src/widgets/framework.dart:4037)
I/flutter ( 5239): #31     ComponentElement.performRebuild (package:flutter/src/widgets/framework.dart:5841)
I/flutter ( 5239): #32     Element.rebuild (package:flutter/src/widgets/framework.dart:5529)
I/flutter ( 5239): #33     ProxyElement.update (package:flutter/src/widgets/framework.dart:6149)
I/flutter ( 5239): #34     _InheritedNotifierElement.update (package:flutter/src/widgets/inherited_notifier.dart:108)
I/flutter ( 5239): #35     Element.updateChild (package:flutter/src/widgets/framework.dart:4037)
I/flutter ( 5239): #36     ComponentElement.performRebuild (package:flutter/src/widgets/framework.dart:5841)
I/flutter ( 5239): #37     StatefulElement.performRebuild (package:flutter/src/widgets/framework.dart:5982)
I/flutter ( 5239): #38     Element.rebuild (package:flutter/src/widgets/framework.dart:5529)
I/flutter ( 5239): #39     StatefulElement.update (package:flutter/src/widgets/framework.dart:6007)
I/flutter ( 5239): #40     Element.updateChild (package:flutter/src/widgets/framework.dart:4037)
I/flutter ( 5239): #41     ComponentElement.performRebuild (package:flutter/src/widgets/framework.dart:5841)
I/flutter ( 5239): #42     Element.rebuild (package:flutter/src/widgets/framework.dart:5529)
I/flutter ( 5239): #43     ProxyElement.update (package:flutter/src/widgets/framework.dart:6149)
I/flutter ( 5239): #44     Element.updateChild (package:flutter/src/widgets/framework.dart:4037)
I/flutter ( 5239): #45     ComponentElement.performRebuild (package:flutter/src/widgets/framework.dart:5841)
I/flutter ( 5239): #46     StatefulElement.performRebuild (package:flutter/src/widgets/framework.dart:5982)
I/flutter ( 5239): #47     Element.rebuild (package:flutter/src/widgets/framework.dart:5529)
I/flutter ( 5239): #48     StatefulElement.update (package:flutter/src/widgets/framework.dart:6007)
I/flutter ( 5239): #49     Element.updateChild (package:flutter/src/widgets/framework.dart:4037)
[spm]: ProfilerData event received.
I/flutter ( 5239): #50     ComponentElement.performRebuild (package:flutter/src/widgets/framework.dart:5841)
I/flutter ( 5239): #51     Element.rebuild (package:flutter/src/widgets/framework.dart:5529)
I/flutter ( 5239): #52     ProxyElement.update (package:flutter/src/widgets/framework.dart:6149)
I/flutter ( 5239): #53     Element.updateChild (package:flutter/src/widgets/framework.dart:4037)
I/flutter ( 5239): #54     ComponentElement.performRebuild (package:flutter/src/widgets/framework.dart:5841)
I/flutter ( 5239): #55     StatefulElement.performRebuild (package:flutter/src/widgets/framework.dart:5982)
I/flutter ( 5239): #56     Element.rebuild (package:flutter/src/widgets/framework.dart:5529)
I/flutter ( 5239): #57     StatefulElement.update (package:flutter/src/widgets/framework.dart:6007)
I/flutter ( 5239): #58     Element.updateChild (package:flutter/src/widgets/framework.dart:4037)
I/flutter ( 5239): #59     ComponentElement.performRebuild (package:flutter/src/widgets/framework.dart:5841)
I/flutter ( 5239): #60     Element.rebuild (package:flutter/src/widgets/framework.dart:5529)
I/flutter ( 5239): #61     StatelessElement.update (package:flutter/src/widgets/framework.dart:5895)
I/flutter ( 5239): #62     Element.updateChild (package:flutter/src/widgets/framework.dart:4037)
I/flutter ( 5239): #63     SingleChildRenderObjectElement.update (package:flutter/src/widgets/framework.dart:7122)
I/flutter ( 5239): #64     Element.updateChild (package:flutter/src/widgets/framework.dart:4037)
I/flutter ( 5239): #65     SingleChildRenderObjectElement.update (package:flutter/src/widgets/framework.dart:7122)
I/flutter ( 5239): #66     Element.updateChild (package:flutter/src/widgets/framework.dart:4037)
I/flutter ( 5239): #67     SingleChildRenderObjectElement.update (package:flutter/src/widgets/framework.dart:7122)
I/flutter ( 5239): #68     Element.updateChild (package:flutter/src/widgets/framework.dart:4037)
I/flutter ( 5239): #69     ComponentElement.performRebuild (package:flutter/src/widgets/framework.dart:5841)
I/flutter ( 5239): #70     StatefulElement.performRebuild (package:flutter/src/widgets/framework.dart:5982)
I/flutter ( 5239): #71     Element.rebuild (package:flutter/src/widgets/framework.dart:5529)
I/flutter ( 5239): #72     StatefulElement.update (package:flutter/src/widgets/framework.dart:6007)
I/flutter ( 5239): #73     Element.updateChild (package:flutter/src/widgets/framework.dart:4037)
I/flutter ( 5239): #74     ComponentElement.performRebuild (package:flutter/src/widgets/framework.dart:5841)
I/flutter ( 5239): #75     Element.rebuild (package:flutter/src/widgets/framework.dart:5529)
I/flutter ( 5239): #76     ProxyElement.update (package:flutter/src/widgets/framework.dart:6149)
I/flutter ( 5239): #77     Element.updateChild (package:flutter/src/widgets/framework.dart:4037)
I/flutter ( 5239): #78     ComponentElement.performRebuild (package:flutter/src/widgets/framework.dart:5841)
I/flutter ( 5239): #79     Element.rebuild (package:flutter/src/widgets/framework.dart:5529)
I/flutter ( 5239): #80     ProxyElement.update (package:flutter/src/widgets/framework.dart:6149)
I/flutter ( 5239): #81     Element.updateChild (package:flutter/src/widgets/framework.dart:4037)
I/flutter ( 5239): #82     ComponentElement.performRebuild (package:flutter/src/widgets/framework.dart:5841)
I/flutter ( 5239): #83     StatefulElement.performRebuild (package:flutter/src/widgets/framework.dart:5982)
I/flutter ( 5239): #84     Element.rebuild (package:flutter/src/widgets/framework.dart:5529)
I/flutter ( 5239): #85     StatefulElement.update (package:flutter/src/widgets/framework.dart:6007)
I/flutter ( 5239): #86     Element.updateChild (package:flutter/src/widgets/framework.dart:4037)
I/flutter ( 5239): #87     ComponentElement.performRebuild (package:flutter/src/widgets/framework.dart:5841)
I/flutter ( 5239): #88     Element.rebuild (package:flutter/src/widgets/framework.dart:5529)
I/flutter ( 5239): #89     StatelessElement.update (package:flutter/src/widgets/framework.dart:5895)
I/flutter ( 5239): #90     Element.updateChild (package:flutter/src/widgets/framework.dart:4037)
I/flutter ( 5239): #91     SliverMultiBoxAdaptorElement.updateChild (package:flutter/src/widgets/sliver.dart:1086)
I/flutter ( 5239): #92     SliverMultiBoxAdaptorElement.performRebuild.processElement (package:flutter/src/widgets/sliver.dart:979)
I/flutter ( 5239): #93     Iterable.forEach (dart:core/iterable.dart:366)
I/flutter ( 5239): #94     SliverMultiBoxAdaptorElement.performRebuild (package:flutter/src/widgets/sliver.dart:1032)
I/flutter ( 5239): #95     SliverMultiBoxAdaptorElement.update (package:flutter/src/widgets/sliver.dart:955)
I/flutter ( 5239): #96     Element.updateChild (package:flutter/src/widgets/framework.dart:4037)
I/flutter ( 5239): #97     ComponentElement.performRebuild (package:flutter/src/widgets/framework.dart:5841)
I/flutter ( 5239): #98     Element.rebuild (package:flutter/src/widgets/framework.dart:5529)
I/flutter ( 5239): #99     ProxyElement.update (package:flutter/src/widgets/framework.dart:6149)
I/flutter ( 5239): [SPM:perf] 698a51a  buildSpan: 19037µs
I/flutter ( 5239): [spm] Performance monitoring completed for 698a51a
I/flutter ( 5239): type '_Stub' is not a subtype of type 'Color?'
I/flutter ( 5239): #0      LeagueCard.build (package:benchmark_container/generated_widget.dart:125)
I/flutter ( 5239): #1      StatelessElement.build (package:flutter/src/widgets/framework.dart:5889)
I/flutter ( 5239): #2      ComponentElement.performRebuild (package:flutter/src/widgets/framework.dart:5817)
I/flutter ( 5239): #3      Element.rebuild (package:flutter/src/widgets/framework.dart:5529)
I/flutter ( 5239): #4      StatelessElement.update (package:flutter/src/widgets/framework.dart:5895)
I/flutter ( 5239): #5      Element.updateChild (package:flutter/src/widgets/framework.dart:4037)
I/flutter ( 5239): #6      SingleChildRenderObjectElement.update (package:flutter/src/widgets/framework.dart:7122)
I/flutter ( 5239): #7      Element.updateChild (package:flutter/src/widgets/framework.dart:4037)
I/flutter ( 5239): #8      ComponentElement.performRebuild (package:flutter/src/widgets/framework.dart:5841)
I/flutter ( 5239): #9      StatefulElement.performRebuild (package:flutter/src/widgets/framework.dart:5982)
I/flutter ( 5239): #10     Element.rebuild (package:flutter/src/widgets/framework.dart:5529)
I/flutter ( 5239): #11     StatefulElement.update (package:flutter/src/widgets/framework.dart:6007)
I/flutter ( 5239): #12     Element.updateChild (package:flutter/src/widgets/framework.dart:4037)
I/flutter ( 5239): #13     ComponentElement.performRebuild (package:flutter/src/widgets/framework.dart:5841)
I/flutter ( 5239): #14     Element.rebuild (package:flutter/src/widgets/framework.dart:5529)
I/flutter ( 5239): #15     StatelessElement.update (package:flutter/src/widgets/framework.dart:5895)
I/flutter ( 5239): #16     Element.updateChild (package:flutter/src/widgets/framework.dart:4037)
I/flutter ( 5239): #17     SingleChildRenderObjectElement.update (package:flutter/src/widgets/framework.dart:7122)
I/flutter ( 5239): #18     Element.updateChild (package:flutter/src/widgets/framework.dart:4037)
I/flutter ( 5239): #19     ComponentElement.performRebuild (package:flutter/src/widgets/framework.dart:5841)
I/flutter ( 5239): #20     Element.rebuild (package:flutter/src/widgets/framework.dart:5529)
I/flutter ( 5239): #21     ProxyElement.update (package:flutter/src/widgets/framework.dart:6149)
I/flutter ( 5239): #22     Element.updateChild (package:flutter/src/widgets/framework.dart:4037)
I/flutter ( 5239): #23     ComponentElement.performRebuild (package:flutter/src/widgets/framework.dart:5841)
I/flutter ( 5239): #24     Element.rebuild (package:flutter/src/widgets/framework.dart:5529)
I/flutter ( 5239): #25     StatelessElement.update (package:flutter/src/widgets/framework.dart:5895)
I/flutter ( 5239): #26     Element.updateChild (package:flutter/src/widgets/framework.dart:4037)
I/flutter ( 5239): #27     SingleChildRenderObjectElement.update (package:flutter/src/widgets/framework.dart:7122)
I/flutter ( 5239): #28     Element.updateChild (package:flutter/src/widgets/framework.dart:4037)
I/flutter ( 5239): #29     SingleChildRenderObjectElement.update (package:flutter/src/widgets/framework.dart:7122)
I/flutter ( 5239): #30     Element.updateChild (package:flutter/src/widgets/framework.dart:4037)
I/flutter ( 5239): #31     ComponentElement.performRebuild (package:flutter/src/widgets/framework.dart:5841)
I/flutter ( 5239): #32     Element.rebuild (package:flutter/src/widgets/framework.dart:5529)
I/flutter ( 5239): #33     ProxyElement.update (package:flutter/src/widgets/framework.dart:6149)
I/flutter ( 5239): #34     _InheritedNotifierElement.update (package:flutter/src/widgets/inherited_notifier.dart:108)
I/flutter ( 5239): #35     Element.updateChild (package:flutter/src/widgets/framework.dart:4037)
I/flutter ( 5239): #36     ComponentElement.performRebuild (package:flutter/src/widgets/framework.dart:5841)
I/flutter ( 5239): #37     StatefulElement.performRebuild (package:flutter/src/widgets/framework.dart:5982)
I/flutter ( 5239): #38     Element.rebuild (package:flutter/src/widgets/framework.dart:5529)
I/flutter ( 5239): #39     StatefulElement.update (package:flutter/src/widgets/framework.dart:6007)
I/flutter ( 5239): #40     Element.updateChild (package:flutter/src/widgets/framework.dart:4037)
I/flutter ( 5239): #41     ComponentElement.performRebuild (package:flutter/src/widgets/framework.dart:5841)
I/flutter ( 5239): #42     Element.rebuild (package:flutter/src/widgets/framework.dart:5529)
I/flutter ( 5239): #43     ProxyElement.update (package:flutter/src/widgets/framework.dart:6149)
I/flutter ( 5239): #44     Element.updateChild (package:flutter/src/widgets/framework.dart:4037)
I/flutter ( 5239): #45     ComponentElement.performRebuild (package:flutter/src/widgets/framework.dart:5841)
I/flutter ( 5239): #46     StatefulElement.performRebuild (package:flutter/src/widgets/framework.dart:5982)
I/flutter ( 5239): #47     Element.rebuild (package:flutter/src/widgets/framework.dart:5529)
I/flutter ( 5239): #48     StatefulElement.update (package:flutter/src/widgets/framework.dart:6007)
I/flutter ( 5239): #49     Element.updateChild (package:flutter/src/widgets/framework.dart:4037)
I/flutter ( 5239): #50     ComponentElement.performRebuild (package:flutter/src/widgets/framework.dart:5841)
I/flutter ( 5239): #51     Element.rebuild (package:flutter/src/widgets/framework.dart:5529)
I/flutter ( 5239): #52     ProxyElement.update (package:flutter/src/widgets/framework.dart:6149)
I/flutter ( 5239): #53     Element.updateChild (package:flutter/src/widgets/framework.dart:4037)
I/flutter ( 5239): #54     ComponentElement.performRebuild (package:flutter/src/widgets/framework.dart:5841)
I/flutter ( 5239): #55     StatefulElement.performRebuild (package:flutter/src/widgets/framework.dart:5982)
I/flutter ( 5239): #56     Element.rebuild (package:flutter/src/widgets/framework.dart:5529)
I/flutter ( 5239): #57     StatefulElement.update (package:flutter/src/widgets/framework.dart:6007)
I/flutter ( 5239): #58     Element.updateChild (package:flutter/src/widgets/framework.dart:4037)
I/flutter ( 5239): #59     ComponentElement.performRebuild (package:flutter/src/widgets/framework.dart:5841)
I/flutter ( 5239): #60     Element.rebuild (package:flutter/src/widgets/framework.dart:5529)
I/flutter ( 5239): #61     StatelessElement.update (package:flutter/src/widgets/framework.dart:5895)
I/flutter ( 5239): #62     Element.updateChild (package:flutter/src/widgets/framework.dart:4037)
I/flutter ( 5239): #63     SingleChildRenderObjectElement.update (package:flutter/src/widgets/framework.dart:7122)
I/flutter ( 5239): #64     Element.updateChild (package:flutter/src/widgets/framework.dart:4037)
I/flutter ( 5239): #65     SingleChildRenderObjectElement.update (package:flutter/src/widgets/framework.dart:7122)
I/flutter ( 5239): #66     Element.updateChild (package:flutter/src/widgets/framework.dart:4037)
I/flutter ( 5239): #67     SingleChildRenderObjectElement.update (package:flutter/src/widgets/framework.dart:7122)
I/flutter ( 5239): #68     Element.updateChild (package:flutter/src/widgets/framework.dart:4037)
I/flutter ( 5239): #69     ComponentElement.performRebuild (package:flutter/src/widgets/framework.dart:5841)
I/flutter ( 5239): #70     StatefulElement.performRebuild (package:flutter/src/widgets/framework.dart:5982)
I/flutter ( 5239): #71     Element.rebuild (package:flutter/src/widgets/framework.dart:5529)
I/flutter ( 5239): #72     StatefulElement.update (package:flutter/src/widgets/framework.dart:6007)
I/flutter ( 5239): #73     Element.updateChild (package:flutter/src/widgets/framework.dart:4037)
I/flutter ( 5239): #74     ComponentElement.performRebuild (package:flutter/src/widgets/framework.dart:5841)
I/flutter ( 5239): #75     Element.rebuild (package:flutter/src/widgets/framework.dart:5529)
I/flutter ( 5239): #76     ProxyElement.update (package:flutter/src/widgets/framework.dart:6149)
I/flutter ( 5239): #77     Element.updateChild (package:flutter/src/widgets/framework.dart:4037)
I/flutter ( 5239): #78     ComponentElement.performRebuild (package:flutter/src/widgets/framework.dart:5841)
I/flutter ( 5239): #79     Element.rebuild (package:flutter/src/widgets/framework.dart:5529)
I/flutter ( 5239): #80     ProxyElement.update (package:flutter/src/widgets/framework.dart:6149)
I/flutter ( 5239): #81     Element.updateChild (package:flutter/src/widgets/framework.dart:4037)
I/flutter ( 5239): #82     ComponentElement.performRebuild (package:flutter/src/widgets/framework.dart:5841)
I/flutter ( 5239): #83     StatefulElement.performRebuild (package:flutter/src/widgets/framework.dart:5982)
I/flutter ( 5239): #84     Element.rebuild (package:flutter/src/widgets/framework.dart:5529)
I/flutter ( 5239): #85     StatefulElement.update (package:flutter/src/widgets/framework.dart:6007)
I/flutter ( 5239): #86     Element.updateChild (package:flutter/src/widgets/framework.dart:4037)
I/flutter ( 5239): #87     ComponentElement.performRebuild (package:flutter/src/widgets/framework.dart:5841)
I/flutter ( 5239): #88     Element.rebuild (package:flutter/src/widgets/framework.dart:5529)
I/flutter ( 5239): #89     StatelessElement.update (package:flutter/src/widgets/framework.dart:5895)
I/flutter ( 5239): #90     Element.updateChild (package:flutter/src/widgets/framework.dart:4037)
I/flutter ( 5239): #91     SliverMultiBoxAdaptorElement.updateChild (package:flutter/src/widgets/sliver.dart:1086)
I/flutter ( 5239): #92     SliverMultiBoxAdaptorElement.performRebuild.processElement (package:flutter/src/widgets/sliver.dart:979)
I/flutter ( 5239): #93     Iterable.forEach (dart:core/iterable.dart:366)
I/flutter ( 5239): #94     SliverMultiBoxAdaptorElement.performRebuild (package:flutter/src/widgets/sliver.dart:1032)
I/flutter ( 5239): #95     SliverMultiBoxAdaptorElement.update (package:flutter/src/widgets/sliver.dart:955)
I/flutter ( 5239): #96     Element.updateChild (package:flutter/src/widgets/framework.dart:4037)
I/flutter ( 5239): #97     ComponentElement.performRebuild (package:flutter/src/widgets/framework.dart:5841)
I/flutter ( 5239): #98     Element.rebuild (package:flutter/src/widgets/framework.dart:5529)
I/flutter ( 5239): #99     ProxyElement.update (package:flutter/src/widgets/framework.dart:6149)
[spm]: ProfilerData event received.
I/flutter ( 5239): [SPM:perf] 698a51a  buildSpan: 10374µs
I/flutter ( 5239): [spm] Performance monitoring completed for 698a51a
I/flutter ( 5239): type '_Stub' is not a subtype of type 'Color?'
I/flutter ( 5239): #0      LeagueCard.build (package:benchmark_container/generated_widget.dart:125)
I/flutter ( 5239): #1      StatelessElement.build (package:flutter/src/widgets/framework.dart:5889)
I/flutter ( 5239): #2      ComponentElement.performRebuild (package:flutter/src/widgets/framework.dart:5817)
I/flutter ( 5239): #3      Element.rebuild (package:flutter/src/widgets/framework.dart:5529)
I/flutter ( 5239): #4      StatelessElement.update (package:flutter/src/widgets/framework.dart:5895)
I/flutter ( 5239): #5      Element.updateChild (package:flutter/src/widgets/framework.dart:4037)
I/flutter ( 5239): #6      SingleChildRenderObjectElement.update (package:flutter/src/widgets/framework.dart:7122)
I/flutter ( 5239): #7      Element.updateChild (package:flutter/src/widgets/framework.dart:4037)
I/flutter ( 5239): #8      ComponentElement.performRebuild (package:flutter/src/widgets/framework.dart:5841)
I/flutter ( 5239): #9      StatefulElement.performRebuild (package:flutter/src/widgets/framework.dart:5982)
I/flutter ( 5239): #10     Element.rebuild (package:flutter/src/widgets/framework.dart:5529)
I/flutter ( 5239): #11     StatefulElement.update (package:flutter/src/widgets/framework.dart:6007)
I/flutter ( 5239): #12     Element.updateChild (package:flutter/src/widgets/framework.dart:4037)
I/flutter ( 5239): #13     ComponentElement.performRebuild (package:flutter/src/widgets/framework.dart:5841)
I/flutter ( 5239): #14     Element.rebuild (package:flutter/src/widgets/framework.dart:5529)
I/flutter ( 5239): #15     StatelessElement.update (package:flutter/src/widgets/framework.dart:5895)
I/flutter ( 5239): #16     Element.updateChild (package:flutter/src/widgets/framework.dart:4037)
I/flutter ( 5239): #17     SingleChildRenderObjectElement.update (package:flutter/src/widgets/framework.dart:7122)
I/flutter ( 5239): #18     Element.updateChild (package:flutter/src/widgets/framework.dart:4037)
I/flutter ( 5239): #19     ComponentElement.performRebuild (package:flutter/src/widgets/framework.dart:5841)
I/flutter ( 5239): #20     Element.rebuild (package:flutter/src/widgets/framework.dart:5529)
I/flutter ( 5239): #21     ProxyElement.update (package:flutter/src/widgets/framework.dart:6149)
I/flutter ( 5239): #22     Element.updateChild (package:flutter/src/widgets/framework.dart:4037)
I/flutter ( 5239): #23     ComponentElement.performRebuild (package:flutter/src/widgets/framework.dart:5841)
I/flutter ( 5239): #24     Element.rebuild (package:flutter/src/widgets/framework.dart:5529)
I/flutter ( 5239): #25     StatelessElement.update (package:flutter/src/widgets/framework.dart:5895)
I/flutter ( 5239): #26     Element.updateChild (package:flutter/src/widgets/framework.dart:4037)
I/flutter ( 5239): #27     SingleChildRenderObjectElement.update (package:flutter/src/widgets/framework.dart:7122)
I/flutter ( 5239): #28     Element.updateChild (package:flutter/src/widgets/framework.dart:4037)
I/flutter ( 5239): #29     SingleChildRenderObjectElement.update (package:flutter/src/widgets/framework.dart:7122)
I/flutter ( 5239): #30     Element.updateChild (package:flutter/src/widgets/framework.dart:4037)
I/flutter ( 5239): #31     ComponentElement.performRebuild (package:flutter/src/widgets/framework.dart:5841)
I/flutter ( 5239): #32     Element.rebuild (package:flutter/src/widgets/framework.dart:5529)
I/flutter ( 5239): #33     ProxyElement.update (package:flutter/src/widgets/framework.dart:6149)
I/flutter ( 5239): #34     _InheritedNotifierElement.update (package:flutter/src/widgets/inherited_notifier.dart:108)
I/flutter ( 5239): #35     Element.updateChild (package:flutter/src/widgets/framework.dart:4037)
I/flutter ( 5239): #36     ComponentElement.performRebuild (package:flutter/src/widgets/framework.dart:5841)
I/flutter ( 5239): #37     StatefulElement.performRebuild (package:flutter/src/widgets/framework.dart:5982)
I/flutter ( 5239): #38     Element.rebuild (package:flutter/src/widgets/framework.dart:5529)
I/flutter ( 5239): #39     StatefulElement.update (package:flutter/src/widgets/framework.dart:6007)
I/flutter ( 5239): #40     Element.updateChild (package:flutter/src/widgets/framework.dart:4037)
I/flutter ( 5239): #41     ComponentElement.performRebuild (package:flutter/src/widgets/framework.dart:5841)
I/flutter ( 5239): #42     Element.rebuild (package:flutter/src/widgets/framework.dart:5529)
I/flutter ( 5239): #43     ProxyElement.update (package:flutter/src/widgets/framework.dart:6149)
I/flutter ( 5239): #44     Element.updateChild (package:flutter/src/widgets/framework.dart:4037)
I/flutter ( 5239): #45     ComponentElement.performRebuild (package:flutter/src/widgets/framework.dart:5841)
I/flutter ( 5239): #46     StatefulElement.performRebuild (package:flutter/src/widgets/framework.dart:5982)
I/flutter ( 5239): #47     Element.rebuild (package:flutter/src/widgets/framework.dart:5529)
I/flutter ( 5239): #48     StatefulElement.update (package:flutter/src/widgets/framework.dart:6007)
I/flutter ( 5239): #49     Element.updateChild (package:flutter/src/widgets/framework.dart:4037)
I/flutter ( 5239): #50     ComponentElement.performRebuild (package:flutter/src/widgets/framework.dart:5841)
I/flutter ( 5239): #51     Element.rebuild (package:flutter/src/widgets/framework.dart:5529)
I/flutter ( 5239): #52     ProxyElement.update (package:flutter/src/widgets/framework.dart:6149)
I/flutter ( 5239): #53     Element.updateChild (package:flutter/src/widgets/framework.dart:4037)
I/flutter ( 5239): #54     ComponentElement.performRebuild (package:flutter/src/widgets/framework.dart:5841)
I/flutter ( 5239): #55     StatefulElement.performRebuild (package:flutter/src/widgets/framework.dart:5982)
I/flutter ( 5239): #56     Element.rebuild (package:flutter/src/widgets/framework.dart:5529)
I/flutter ( 5239): #57     StatefulElement.update (package:flutter/src/widgets/framework.dart:6007)
I/flutter ( 5239): #58     Element.updateChild (package:flutter/src/widgets/framework.dart:4037)
I/flutter ( 5239): #59     ComponentElement.performRebuild (package:flutter/src/widgets/framework.dart:5841)
I/flutter ( 5239): #60     Element.rebuild (package:flutter/src/widgets/framework.dart:5529)
I/flutter ( 5239): #61     StatelessElement.update (package:flutter/src/widgets/framework.dart:5895)
I/flutter ( 5239): #62     Element.updateChild (package:flutter/src/widgets/framework.dart:4037)
I/flutter ( 5239): #63     SingleChildRenderObjectElement.update (package:flutter/src/widgets/framework.dart:7122)
I/flutter ( 5239): #64     Element.updateChild (package:flutter/src/widgets/framework.dart:4037)
I/flutter ( 5239): #65     SingleChildRenderObjectElement.update (package:flutter/src/widgets/framework.dart:7122)
I/flutter ( 5239): #66     Element.updateChild (package:flutter/src/widgets/framework.dart:4037)
I/flutter ( 5239): #67     SingleChildRenderObjectElement.update (package:flutter/src/widgets/framework.dart:7122)
I/flutter ( 5239): #68     Element.updateChild (package:flutter/src/widgets/framework.dart:4037)
I/flutter ( 5239): #69     ComponentElement.performRebuild (package:flutter/src/widgets/framework.dart:5841)
I/flutter ( 5239): #70     StatefulElement.performRebuild (package:flutter/src/widgets/framework.dart:5982)
I/flutter ( 5239): #71     Element.rebuild (package:flutter/src/widgets/framework.dart:5529)
I/flutter ( 5239): #72     StatefulElement.update (package:flutter/src/widgets/framework.dart:6007)
I/flutter ( 5239): #73     Element.updateChild (package:flutter/src/widgets/framework.dart:4037)
I/flutter ( 5239): #74     ComponentElement.performRebuild (package:flutter/src/widgets/framework.dart:5841)
I/flutter ( 5239): #75     Element.rebuild (package:flutter/src/widgets/framework.dart:5529)
I/flutter ( 5239): #76     ProxyElement.update (package:flutter/src/widgets/framework.dart:6149)
I/flutter ( 5239): #77     Element.updateChild (package:flutter/src/widgets/framework.dart:4037)
I/flutter ( 5239): #78     ComponentElement.performRebuild (package:flutter/src/widgets/framework.dart:5841)
I/flutter ( 5239): #79     Element.rebuild (package:flutter/src/widgets/framework.dart:5529)
I/flutter ( 5239): #80     ProxyElement.update (package:flutter/src/widgets/framework.dart:6149)
I/flutter ( 5239): #81     Element.updateChild (package:flutter/src/widgets/framework.dart:4037)
I/flutter ( 5239): #82     ComponentElement.performRebuild (package:flutter/src/widgets/framework.dart:5841)
I/flutter ( 5239): #83     StatefulElement.performRebuild (package:flutter/src/widgets/framework.dart:5982)
I/flutter ( 5239): #84     Element.rebuild (package:flutter/src/widgets/framework.dart:5529)
I/flutter ( 5239): #85     StatefulElement.update (package:flutter/src/widgets/framework.dart:6007)
I/flutter ( 5239): #86     Element.updateChild (package:flutter/src/widgets/framework.dart:4037)
I/flutter ( 5239): #87     ComponentElement.performRebuild (package:flutter/src/widgets/framework.dart:5841)
I/flutter ( 5239): #88     Element.rebuild (package:flutter/src/widgets/framework.dart:5529)
I/flutter ( 5239): #89     StatelessElement.update (package:flutter/src/widgets/framework.dart:5895)
I/flutter ( 5239): #90     Element.updateChild (package:flutter/src/widgets/framework.dart:4037)
I/flutter ( 5239): #91     SliverMultiBoxAdaptorElement.updateChild (package:flutter/src/widgets/sliver.dart:1086)
I/flutter ( 5239): #92     SliverMultiBoxAdaptorElement.performRebuild.processElement (package:flutter/src/widgets/sliver.dart:979)
I/flutter ( 5239): #93     Iterable.forEach (dart:core/iterable.dart:366)
I/flutter ( 5239): #94     SliverMultiBoxAdaptorElement.performRebuild (package:flutter/src/widgets/sliver.dart:1032)
I/flutter ( 5239): #95     SliverMultiBoxAdaptorElement.update (package:flutter/src/widgets/sliver.dart:955)
I/flutter ( 5239): #96     Element.updateChild (package:flutter/src/widgets/framework.dart:4037)
I/flutter ( 5239): #97     ComponentElement.performRebuild (package:flutter/src/widgets/framework.dart:5841)
I/flutter ( 5239): #98     Element.rebuild (package:flutter/src/widgets/framework.dart:5529)
I/flutter ( 5239): #99     ProxyElement.update (package:flutter/src/widgets/framework.dart:6149)
I/flutter ( 5239): [SPM:perf] 698a51a  buildSpan: 10535µs
I/flutter ( 5239): [spm] Performance monitoring completed for 698a51a
[spm]: ProfilerData event received.
I/flutter ( 5239): type '_Stub' is not a subtype of type 'Color?'
I/flutter ( 5239): #0      LeagueCard.build (package:benchmark_container/generated_widget.dart:125)
I/flutter ( 5239): #1      StatelessElement.build (package:flutter/src/widgets/framework.dart:5889)
I/flutter ( 5239): #2      ComponentElement.performRebuild (package:flutter/src/widgets/framework.dart:5817)
I/flutter ( 5239): #3      Element.rebuild (package:flutter/src/widgets/framework.dart:5529)
I/flutter ( 5239): #4      StatelessElement.update (package:flutter/src/widgets/framework.dart:5895)
I/flutter ( 5239): #5      Element.updateChild (package:flutter/src/widgets/framework.dart:4037)
I/flutter ( 5239): #6      SingleChildRenderObjectElement.update (package:flutter/src/widgets/framework.dart:7122)
I/flutter ( 5239): #7      Element.updateChild (package:flutter/src/widgets/framework.dart:4037)
I/flutter ( 5239): #8      ComponentElement.performRebuild (package:flutter/src/widgets/framework.dart:5841)
I/flutter ( 5239): #9      StatefulElement.performRebuild (package:flutter/src/widgets/framework.dart:5982)
I/flutter ( 5239): #10     Element.rebuild (package:flutter/src/widgets/framework.dart:5529)
I/flutter ( 5239): #11     StatefulElement.update (package:flutter/src/widgets/framework.dart:6007)
I/flutter ( 5239): #12     Element.updateChild (package:flutter/src/widgets/framework.dart:4037)
I/flutter ( 5239): #13     ComponentElement.performRebuild (package:flutter/src/widgets/framework.dart:5841)
I/flutter ( 5239): #14     Element.rebuild (package:flutter/src/widgets/framework.dart:5529)
I/flutter ( 5239): #15     StatelessElement.update (package:flutter/src/widgets/framework.dart:5895)
I/flutter ( 5239): #16     Element.updateChild (package:flutter/src/widgets/framework.dart:4037)
I/flutter ( 5239): #17     SingleChildRenderObjectElement.update (package:flutter/src/widgets/framework.dart:7122)
I/flutter ( 5239): #18     Element.updateChild (package:flutter/src/widgets/framework.dart:4037)
I/flutter ( 5239): #19     ComponentElement.performRebuild (package:flutter/src/widgets/framework.dart:5841)
I/flutter ( 5239): #20     Element.rebuild (package:flutter/src/widgets/framework.dart:5529)
I/flutter ( 5239): #21     ProxyElement.update (package:flutter/src/widgets/framework.dart:6149)
I/flutter ( 5239): #22     Element.updateChild (package:flutter/src/widgets/framework.dart:4037)
I/flutter ( 5239): #23     ComponentElement.performRebuild (package:flutter/src/widgets/framework.dart:5841)
I/flutter ( 5239): #24     Element.rebuild (package:flutter/src/widgets/framework.dart:5529)
I/flutter ( 5239): #25     StatelessElement.update (package:flutter/src/widgets/framework.dart:5895)
I/flutter ( 5239): #26     Element.updateChild (package:flutter/src/widgets/framework.dart:4037)
I/flutter ( 5239): #27     SingleChildRenderObjectElement.update (package:flutter/src/widgets/framework.dart:7122)
I/flutter ( 5239): #28     Element.updateChild (package:flutter/src/widgets/framework.dart:4037)
I/flutter ( 5239): #29     SingleChildRenderObjectElement.update (package:flutter/src/widgets/framework.dart:7122)
I/flutter ( 5239): #30     Element.updateChild (package:flutter/src/widgets/framework.dart:4037)
I/flutter ( 5239): #31     ComponentElement.performRebuild (package:flutter/src/widgets/framework.dart:5841)
I/flutter ( 5239): #32     Element.rebuild (package:flutter/src/widgets/framework.dart:5529)
I/flutter ( 5239): #33     ProxyElement.update (package:flutter/src/widgets/framework.dart:6149)
I/flutter ( 5239): #34     _InheritedNotifierElement.update (package:flutter/src/widgets/inherited_notifier.dart:108)
I/flutter ( 5239): #35     Element.updateChild (package:flutter/src/widgets/framework.dart:4037)
I/flutter ( 5239): #36     ComponentElement.performRebuild (package:flutter/src/widgets/framework.dart:5841)
I/flutter ( 5239): #37     StatefulElement.performRebuild (package:flutter/src/widgets/framework.dart:5982)
I/flutter ( 5239): #38     Element.rebuild (package:flutter/src/widgets/framework.dart:5529)
I/flutter ( 5239): #39     StatefulElement.update (package:flutter/src/widgets/framework.dart:6007)
I/flutter ( 5239): #40     Element.updateChild (package:flutter/src/widgets/framework.dart:4037)
I/flutter ( 5239): #41     ComponentElement.performRebuild (package:flutter/src/widgets/framework.dart:5841)
I/flutter ( 5239): #42     Element.rebuild (package:flutter/src/widgets/framework.dart:5529)
I/flutter ( 5239): #43     ProxyElement.update (package:flutter/src/widgets/framework.dart:6149)
I/flutter ( 5239): #44     Element.updateChild (package:flutter/src/widgets/framework.dart:4037)
I/flutter ( 5239): #45     ComponentElement.performRebuild (package:flutter/src/widgets/framework.dart:5841)
I/flutter ( 5239): #46     StatefulElement.performRebuild (package:flutter/src/widgets/framework.dart:5982)
I/flutter ( 5239): #47     Element.rebuild (package:flutter/src/widgets/framework.dart:5529)
I/flutter ( 5239): #48     StatefulElement.update (package:flutter/src/widgets/framework.dart:6007)
I/flutter ( 5239): #49     Element.updateChild (package:flutter/src/widgets/framework.dart:4037)
I/flutter ( 5239): #50     ComponentElement.performRebuild (package:flutter/src/widgets/framework.dart:5841)
I/flutter ( 5239): #51     Element.rebuild (package:flutter/src/widgets/framework.dart:5529)
I/flutter ( 5239): #52     ProxyElement.update (package:flutter/src/widgets/framework.dart:6149)
I/flutter ( 5239): #53     Element.updateChild (package:flutter/src/widgets/framework.dart:4037)
I/flutter ( 5239): #54     ComponentElement.performRebuild (package:flutter/src/widgets/framework.dart:5841)
I/flutter ( 5239): #55     StatefulElement.performRebuild (package:flutter/src/widgets/framework.dart:5982)
I/flutter ( 5239): #56     Element.rebuild (package:flutter/src/widgets/framework.dart:5529)
I/flutter ( 5239): #57     StatefulElement.update (package:flutter/src/widgets/framework.dart:6007)
I/flutter ( 5239): #58     Element.updateChild (package:flutter/src/widgets/framework.dart:4037)
I/flutter ( 5239): #59     ComponentElement.performRebuild (package:flutter/src/widgets/framework.dart:5841)
I/flutter ( 5239): #60     Element.rebuild (package:flutter/src/widgets/framework.dart:5529)
I/flutter ( 5239): #61     StatelessElement.update (package:flutter/src/widgets/framework.dart:5895)
I/flutter ( 5239): #62     Element.updateChild (package:flutter/src/widgets/framework.dart:4037)
I/flutter ( 5239): #63     SingleChildRenderObjectElement.update (package:flutter/src/widgets/framework.dart:7122)
I/flutter ( 5239): #64     Element.updateChild (package:flutter/src/widgets/framework.dart:4037)
I/flutter ( 5239): #65     SingleChildRenderObjectElement.update (package:flutter/src/widgets/framework.dart:7122)
I/flutter ( 5239): #66     Element.updateChild (package:flutter/src/widgets/framework.dart:4037)
I/flutter ( 5239): #67     SingleChildRenderObjectElement.update (package:flutter/src/widgets/framework.dart:7122)
I/flutter ( 5239): #68     Element.updateChild (package:flutter/src/widgets/framework.dart:4037)
I/flutter ( 5239): #69     ComponentElement.performRebuild (package:flutter/src/widgets/framework.dart:5841)
I/flutter ( 5239): #70     StatefulElement.performRebuild (package:flutter/src/widgets/framework.dart:5982)
I/flutter ( 5239): #71     Element.rebuild (package:flutter/src/widgets/framework.dart:5529)
I/flutter ( 5239): #72     StatefulElement.update (package:flutter/src/widgets/framework.dart:6007)
I/flutter ( 5239): #73     Element.updateChild (package:flutter/src/widgets/framework.dart:4037)
I/flutter ( 5239): #74     ComponentElement.performRebuild (package:flutter/src/widgets/framework.dart:5841)
I/flutter ( 5239): #75     Element.rebuild (package:flutter/src/widgets/framework.dart:5529)
I/flutter ( 5239): #76     ProxyElement.update (package:flutter/src/widgets/framework.dart:6149)
I/flutter ( 5239): #77     Element.updateChild (package:flutter/src/widgets/framework.dart:4037)
I/flutter ( 5239): #78     ComponentElement.performRebuild (package:flutter/src/widgets/framework.dart:5841)
I/flutter ( 5239): #79     Element.rebuild (package:flutter/src/widgets/framework.dart:5529)
I/flutter ( 5239): #80     ProxyElement.update (package:flutter/src/widgets/framework.dart:6149)
I/flutter ( 5239): #81     Element.updateChild (package:flutter/src/widgets/framework.dart:4037)
I/flutter ( 5239): #82     ComponentElement.performRebuild (package:flutter/src/widgets/framework.dart:5841)
I/flutter ( 5239): #83     StatefulElement.performRebuild (package:flutter/src/widgets/framework.dart:5982)
I/flutter ( 5239): #84     Element.rebuild (package:flutter/src/widgets/framework.dart:5529)
I/flutter ( 5239): #85     StatefulElement.update (package:flutter/src/widgets/framework.dart:6007)
I/flutter ( 5239): #86     Element.updateChild (package:flutter/src/widgets/framework.dart:4037)
I/flutter ( 5239): #87     ComponentElement.performRebuild (package:flutter/src/widgets/framework.dart:5841)
I/flutter ( 5239): #88     Element.rebuild (package:flutter/src/widgets/framework.dart:5529)
I/flutter ( 5239): #89     StatelessElement.update (package:flutter/src/widgets/framework.dart:5895)
I/flutter ( 5239): #90     Element.updateChild (package:flutter/src/widgets/framework.dart:4037)
I/flutter ( 5239): #91     SliverMultiBoxAdaptorElement.updateChild (package:flutter/src/widgets/sliver.dart:1086)
I/flutter ( 5239): #92     SliverMultiBoxAdaptorElement.performRebuild.processElement (package:flutter/src/widgets/sliver.dart:979)
I/flutter ( 5239): #93     Iterable.forEach (dart:core/iterable.dart:366)
I/flutter ( 5239): #94     SliverMultiBoxAdaptorElement.performRebuild (package:flutter/src/widgets/sliver.dart:1032)
I/flutter ( 5239): #95     SliverMultiBoxAdaptorElement.update (package:flutter/src/widgets/sliver.dart:955)
I/flutter ( 5239): #96     Element.updateChild (package:flutter/src/widgets/framework.dart:4037)
I/flutter ( 5239): #97     ComponentElement.performRebuild (package:flutter/src/widgets/framework.dart:5841)
I/flutter ( 5239): #98     Element.rebuild (package:flutter/src/widgets/framework.dart:5529)
I/flutter ( 5239): #99     ProxyElement.update (package:flutter/src/widgets/framework.dart:6149)
[spm]: ProfilerData event received.
I/flutter ( 5239): [SPM:perf] 698a51a  buildSpan: 9348µs
I/flutter ( 5239): [spm] Performance monitoring completed for 698a51a
I/flutter ( 5239): type '_Stub' is not a subtype of type 'Color?'
I/flutter ( 5239): #0      LeagueCard.build (package:benchmark_container/generated_widget.dart:125)
I/flutter ( 5239): #1      StatelessElement.build (package:flutter/src/widgets/framework.dart:5889)
I/flutter ( 5239): #2      ComponentElement.performRebuild (package:flutter/src/widgets/framework.dart:5817)
I/flutter ( 5239): #3      Element.rebuild (package:flutter/src/widgets/framework.dart:5529)
I/flutter ( 5239): #4      StatelessElement.update (package:flutter/src/widgets/framework.dart:5895)
I/flutter ( 5239): #5      Element.updateChild (package:flutter/src/widgets/framework.dart:4037)
I/flutter ( 5239): #6      SingleChildRenderObjectElement.update (package:flutter/src/widgets/framework.dart:7122)
I/flutter ( 5239): #7      Element.updateChild (package:flutter/src/widgets/framework.dart:4037)
I/flutter ( 5239): #8      ComponentElement.performRebuild (package:flutter/src/widgets/framework.dart:5841)
I/flutter ( 5239): #9      StatefulElement.performRebuild (package:flutter/src/widgets/framework.dart:5982)
I/flutter ( 5239): #10     Element.rebuild (package:flutter/src/widgets/framework.dart:5529)
I/flutter ( 5239): #11     StatefulElement.update (package:flutter/src/widgets/framework.dart:6007)
I/flutter ( 5239): #12     Element.updateChild (package:flutter/src/widgets/framework.dart:4037)
I/flutter ( 5239): #13     ComponentElement.performRebuild (package:flutter/src/widgets/framework.dart:5841)
I/flutter ( 5239): #14     Element.rebuild (package:flutter/src/widgets/framework.dart:5529)
I/flutter ( 5239): #15     StatelessElement.update (package:flutter/src/widgets/framework.dart:5895)
I/flutter ( 5239): #16     Element.updateChild (package:flutter/src/widgets/framework.dart:4037)
I/flutter ( 5239): #17     SingleChildRenderObjectElement.update (package:flutter/src/widgets/framework.dart:7122)
I/flutter ( 5239): #18     Element.updateChild (package:flutter/src/widgets/framework.dart:4037)
I/flutter ( 5239): #19     ComponentElement.performRebuild (package:flutter/src/widgets/framework.dart:5841)
I/flutter ( 5239): #20     Element.rebuild (package:flutter/src/widgets/framework.dart:5529)
I/flutter ( 5239): #21     ProxyElement.update (package:flutter/src/widgets/framework.dart:6149)
I/flutter ( 5239): #22     Element.updateChild (package:flutter/src/widgets/framework.dart:4037)
I/flutter ( 5239): #23     ComponentElement.performRebuild (package:flutter/src/widgets/framework.dart:5841)
I/flutter ( 5239): #24     Element.rebuild (package:flutter/src/widgets/framework.dart:5529)
I/flutter ( 5239): #25     StatelessElement.update (package:flutter/src/widgets/framework.dart:5895)
I/flutter ( 5239): #26     Element.updateChild (package:flutter/src/widgets/framework.dart:4037)
I/flutter ( 5239): #27     SingleChildRenderObjectElement.update (package:flutter/src/widgets/framework.dart:7122)
I/flutter ( 5239): #28     Element.updateChild (package:flutter/src/widgets/framework.dart:4037)
I/flutter ( 5239): #29     SingleChildRenderObjectElement.update (package:flutter/src/widgets/framework.dart:7122)
I/flutter ( 5239): #30     Element.updateChild (package:flutter/src/widgets/framework.dart:4037)
I/flutter ( 5239): #31     ComponentElement.performRebuild (package:flutter/src/widgets/framework.dart:5841)
I/flutter ( 5239): #32     Element.rebuild (package:flutter/src/widgets/framework.dart:5529)
I/flutter ( 5239): #33     ProxyElement.update (package:flutter/src/widgets/framework.dart:6149)
I/flutter ( 5239): #34     _InheritedNotifierElement.update (package:flutter/src/widgets/inherited_notifier.dart:108)
I/flutter ( 5239): #35     Element.updateChild (package:flutter/src/widgets/framework.dart:4037)
I/flutter ( 5239): #36     ComponentElement.performRebuild (package:flutter/src/widgets/framework.dart:5841)
I/flutter ( 5239): #37     StatefulElement.performRebuild (package:flutter/src/widgets/framework.dart:5982)
I/flutter ( 5239): #38     Element.rebuild (package:flutter/src/widgets/framework.dart:5529)
I/flutter ( 5239): #39     StatefulElement.update (package:flutter/src/widgets/framework.dart:6007)
I/flutter ( 5239): #40     Element.updateChild (package:flutter/src/widgets/framework.dart:4037)
I/flutter ( 5239): #41     ComponentElement.performRebuild (package:flutter/src/widgets/framework.dart:5841)
I/flutter ( 5239): #42     Element.rebuild (package:flutter/src/widgets/framework.dart:5529)
I/flutter ( 5239): #43     ProxyElement.update (package:flutter/src/widgets/framework.dart:6149)
I/flutter ( 5239): #44     Element.updateChild (package:flutter/src/widgets/framework.dart:4037)
I/flutter ( 5239): #45     ComponentElement.performRebuild (package:flutter/src/widgets/framework.dart:5841)
I/flutter ( 5239): #46     StatefulElement.performRebuild (package:flutter/src/widgets/framework.dart:5982)
I/flutter ( 5239): #47     Element.rebuild (package:flutter/src/widgets/framework.dart:5529)
I/flutter ( 5239): #48     StatefulElement.update (package:flutter/src/widgets/framework.dart:6007)
I/flutter ( 5239): #49     Element.updateChild (package:flutter/src/widgets/framework.dart:4037)
I/flutter ( 5239): #50     ComponentElement.performRebuild (package:flutter/src/widgets/framework.dart:5841)
I/flutter ( 5239): #51     Element.rebuild (package:flutter/src/widgets/framework.dart:5529)
I/flutter ( 5239): #52     ProxyElement.update (package:flutter/src/widgets/framework.dart:6149)
I/flutter ( 5239): #53     Element.updateChild (package:flutter/src/widgets/framework.dart:4037)
I/flutter ( 5239): #54     ComponentElement.performRebuild (package:flutter/src/widgets/framework.dart:5841)
I/flutter ( 5239): #55     StatefulElement.performRebuild (package:flutter/src/widgets/framework.dart:5982)
I/flutter ( 5239): #56     Element.rebuild (package:flutter/src/widgets/framework.dart:5529)
I/flutter ( 5239): #57     StatefulElement.update (package:flutter/src/widgets/framework.dart:6007)
I/flutter ( 5239): #58     Element.updateChild (package:flutter/src/widgets/framework.dart:4037)
I/flutter ( 5239): #59     ComponentElement.performRebuild (package:flutter/src/widgets/framework.dart:5841)
I/flutter ( 5239): #60     Element.rebuild (package:flutter/src/widgets/framework.dart:5529)
I/flutter ( 5239): #61     StatelessElement.update (package:flutter/src/widgets/framework.dart:5895)
I/flutter ( 5239): #62     Element.updateChild (package:flutter/src/widgets/framework.dart:4037)
I/flutter ( 5239): #63     SingleChildRenderObjectElement.update (package:flutter/src/widgets/framework.dart:7122)
I/flutter ( 5239): #64     Element.updateChild (package:flutter/src/widgets/framework.dart:4037)
I/flutter ( 5239): #65     SingleChildRenderObjectElement.update (package:flutter/src/widgets/framework.dart:7122)
I/flutter ( 5239): #66     Element.updateChild (package:flutter/src/widgets/framework.dart:4037)
I/flutter ( 5239): #67     SingleChildRenderObjectElement.update (package:flutter/src/widgets/framework.dart:7122)
I/flutter ( 5239): #68     Element.updateChild (package:flutter/src/widgets/framework.dart:4037)
I/flutter ( 5239): #69     ComponentElement.performRebuild (package:flutter/src/widgets/framework.dart:5841)
I/flutter ( 5239): #70     StatefulElement.performRebuild (package:flutter/src/widgets/framework.dart:5982)
I/flutter ( 5239): #71     Element.rebuild (package:flutter/src/widgets/framework.dart:5529)
I/flutter ( 5239): #72     StatefulElement.update (package:flutter/src/widgets/framework.dart:6007)
I/flutter ( 5239): #73     Element.updateChild (package:flutter/src/widgets/framework.dart:4037)
I/flutter ( 5239): #74     ComponentElement.performRebuild (package:flutter/src/widgets/framework.dart:5841)
I/flutter ( 5239): #75     Element.rebuild (package:flutter/src/widgets/framework.dart:5529)
I/flutter ( 5239): #76     ProxyElement.update (package:flutter/src/widgets/framework.dart:6149)
I/flutter ( 5239): #77     Element.updateChild (package:flutter/src/widgets/framework.dart:4037)
I/flutter ( 5239): #78     ComponentElement.performRebuild (package:flutter/src/widgets/framework.dart:5841)
I/flutter ( 5239): #79     Element.rebuild (package:flutter/src/widgets/framework.dart:5529)
I/flutter ( 5239): #80     ProxyElement.update (package:flutter/src/widgets/framework.dart:6149)
I/flutter ( 5239): #81     Element.updateChild (package:flutter/src/widgets/framework.dart:4037)
I/flutter ( 5239): #82     ComponentElement.performRebuild (package:flutter/src/widgets/framework.dart:5841)
I/flutter ( 5239): #83     StatefulElement.performRebuild (package:flutter/src/widgets/framework.dart:5982)
I/flutter ( 5239): #84     Element.rebuild (package:flutter/src/widgets/framework.dart:5529)
I/flutter ( 5239): #85     StatefulElement.update (package:flutter/src/widgets/framework.dart:6007)
I/flutter ( 5239): #86     Element.updateChild (package:flutter/src/widgets/framework.dart:4037)
I/flutter ( 5239): #87     ComponentElement.performRebuild (package:flutter/src/widgets/framework.dart:5841)
I/flutter ( 5239): #88     Element.rebuild (package:flutter/src/widgets/framework.dart:5529)
I/flutter ( 5239): #89     StatelessElement.update (package:flutter/src/widgets/framework.dart:5895)
I/flutter ( 5239): #90     Element.updateChild (package:flutter/src/widgets/framework.dart:4037)
I/flutter ( 5239): #91     SliverMultiBoxAdaptorElement.updateChild (package:flutter/src/widgets/sliver.dart:1086)
I/flutter ( 5239): #92     SliverMultiBoxAdaptorElement.performRebuild.processElement (package:flutter/src/widgets/sliver.dart:979)
I/flutter ( 5239): #93     Iterable.forEach (dart:core/iterable.dart:366)
I/flutter ( 5239): #94     SliverMultiBoxAdaptorElement.performRebuild (package:flutter/src/widgets/sliver.dart:1032)
I/flutter ( 5239): #95     SliverMultiBoxAdaptorElement.update (package:flutter/src/widgets/sliver.dart:955)
I/flutter ( 5239): #96     Element.updateChild (package:flutter/src/widgets/framework.dart:4037)
I/flutter ( 5239): #97     ComponentElement.performRebuild (package:flutter/src/widgets/framework.dart:5841)
I/flutter ( 5239): #98     Element.rebuild (package:flutter/src/widgets/framework.dart:5529)
I/flutter ( 5239): #99     ProxyElement.update (package:flutter/src/widgets/framework.dart:6149)
[spm]: ProfilerData event received.
I/flutter ( 5239): [SPM:perf] 698a51a  buildSpan: 9331µs
I/flutter ( 5239): [spm] Performance monitoring completed for 698a51a
I/flutter ( 5239): type '_Stub' is not a subtype of type 'Color?'
I/flutter ( 5239): #0      LeagueCard.build (package:benchmark_container/generated_widget.dart:125)
I/flutter ( 5239): #1      StatelessElement.build (package:flutter/src/widgets/framework.dart:5889)
I/flutter ( 5239): #2      ComponentElement.performRebuild (package:flutter/src/widgets/framework.dart:5817)
I/flutter ( 5239): #3      Element.rebuild (package:flutter/src/widgets/framework.dart:5529)
I/flutter ( 5239): #4      StatelessElement.update (package:flutter/src/widgets/framework.dart:5895)
I/flutter ( 5239): #5      Element.updateChild (package:flutter/src/widgets/framework.dart:4037)
I/flutter ( 5239): #6      SingleChildRenderObjectElement.update (package:flutter/src/widgets/framework.dart:7122)
I/flutter ( 5239): #7      Element.updateChild (package:flutter/src/widgets/framework.dart:4037)
I/flutter ( 5239): #8      ComponentElement.performRebuild (package:flutter/src/widgets/framework.dart:5841)
I/flutter ( 5239): #9      StatefulElement.performRebuild (package:flutter/src/widgets/framework.dart:5982)
I/flutter ( 5239): #10     Element.rebuild (package:flutter/src/widgets/framework.dart:5529)
I/flutter ( 5239): #11     StatefulElement.update (package:flutter/src/widgets/framework.dart:6007)
I/flutter ( 5239): #12     Element.updateChild (package:flutter/src/widgets/framework.dart:4037)
I/flutter ( 5239): #13     ComponentElement.performRebuild (package:flutter/src/widgets/framework.dart:5841)
I/flutter ( 5239): #14     Element.rebuild (package:flutter/src/widgets/framework.dart:5529)
I/flutter ( 5239): #15     StatelessElement.update (package:flutter/src/widgets/framework.dart:5895)
I/flutter ( 5239): #16     Element.updateChild (package:flutter/src/widgets/framework.dart:4037)
I/flutter ( 5239): #17     SingleChildRenderObjectElement.update (package:flutter/src/widgets/framework.dart:7122)
I/flutter ( 5239): #18     Element.updateChild (package:flutter/src/widgets/framework.dart:4037)
I/flutter ( 5239): #19     ComponentElement.performRebuild (package:flutter/src/widgets/framework.dart:5841)
I/flutter ( 5239): #20     Element.rebuild (package:flutter/src/widgets/framework.dart:5529)
I/flutter ( 5239): #21     ProxyElement.update (package:flutter/src/widgets/framework.dart:6149)
I/flutter ( 5239): #22     Element.updateChild (package:flutter/src/widgets/framework.dart:4037)
I/flutter ( 5239): #23     ComponentElement.performRebuild (package:flutter/src/widgets/framework.dart:5841)
I/flutter ( 5239): #24     Element.rebuild (package:flutter/src/widgets/framework.dart:5529)
I/flutter ( 5239): #25     StatelessElement.update (package:flutter/src/widgets/framework.dart:5895)
I/flutter ( 5239): #26     Element.updateChild (package:flutter/src/widgets/framework.dart:4037)
I/flutter ( 5239): #27     SingleChildRenderObjectElement.update (package:flutter/src/widgets/framework.dart:7122)
I/flutter ( 5239): #28     Element.updateChild (package:flutter/src/widgets/framework.dart:4037)
I/flutter ( 5239): #29     SingleChildRenderObjectElement.update (package:flutter/src/widgets/framework.dart:7122)
I/flutter ( 5239): #30     Element.updateChild (package:flutter/src/widgets/framework.dart:4037)
I/flutter ( 5239): #31     ComponentElement.performRebuild (package:flutter/src/widgets/framework.dart:5841)
I/flutter ( 5239): #32     Element.rebuild (package:flutter/src/widgets/framework.dart:5529)
I/flutter ( 5239): #33     ProxyElement.update (package:flutter/src/widgets/framework.dart:6149)
I/flutter ( 5239): #34     _InheritedNotifierElement.update (package:flutter/src/widgets/inherited_notifier.dart:108)
I/flutter ( 5239): #35     Element.updateChild (package:flutter/src/widgets/framework.dart:4037)
I/flutter ( 5239): #36     ComponentElement.performRebuild (package:flutter/src/widgets/framework.dart:5841)
I/flutter ( 5239): #37     StatefulElement.performRebuild (package:flutter/src/widgets/framework.dart:5982)
I/flutter ( 5239): #38     Element.rebuild (package:flutter/src/widgets/framework.dart:5529)
I/flutter ( 5239): #39     StatefulElement.update (package:flutter/src/widgets/framework.dart:6007)
I/flutter ( 5239): #40     Element.updateChild (package:flutter/src/widgets/framework.dart:4037)
I/flutter ( 5239): #41     ComponentElement.performRebuild (package:flutter/src/widgets/framework.dart:5841)
I/flutter ( 5239): #42     Element.rebuild (package:flutter/src/widgets/framework.dart:5529)
I/flutter ( 5239): #43     ProxyElement.update (package:flutter/src/widgets/framework.dart:6149)
I/flutter ( 5239): #44     Element.updateChild (package:flutter/src/widgets/framework.dart:4037)
I/flutter ( 5239): #45     ComponentElement.performRebuild (package:flutter/src/widgets/framework.dart:5841)
I/flutter ( 5239): #46     StatefulElement.performRebuild (package:flutter/src/widgets/framework.dart:5982)
I/flutter ( 5239): #47     Element.rebuild (package:flutter/src/widgets/framework.dart:5529)
I/flutter ( 5239): #48     StatefulElement.update (package:flutter/src/widgets/framework.dart:6007)
I/flutter ( 5239): #49     Element.updateChild (package:flutter/src/widgets/framework.dart:4037)
I/flutter ( 5239): #50     ComponentElement.performRebuild (package:flutter/src/widgets/framework.dart:5841)
I/flutter ( 5239): #51     Element.rebuild (package:flutter/src/widgets/framework.dart:5529)
I/flutter ( 5239): #52     ProxyElement.update (package:flutter/src/widgets/framework.dart:6149)
I/flutter ( 5239): #53     Element.updateChild (package:flutter/src/widgets/framework.dart:4037)
I/flutter ( 5239): #54     ComponentElement.performRebuild (package:flutter/src/widgets/framework.dart:5841)
I/flutter ( 5239): #55     StatefulElement.performRebuild (package:flutter/src/widgets/framework.dart:5982)
I/flutter ( 5239): #56     Element.rebuild (package:flutter/src/widgets/framework.dart:5529)
I/flutter ( 5239): #57     StatefulElement.update (package:flutter/src/widgets/framework.dart:6007)
I/flutter ( 5239): #58     Element.updateChild (package:flutter/src/widgets/framework.dart:4037)
I/flutter ( 5239): #59     ComponentElement.performRebuild (package:flutter/src/widgets/framework.dart:5841)
I/flutter ( 5239): #60     Element.rebuild (package:flutter/src/widgets/framework.dart:5529)
I/flutter ( 5239): #61     StatelessElement.update (package:flutter/src/widgets/framework.dart:5895)
I/flutter ( 5239): #62     Element.updateChild (package:flutter/src/widgets/framework.dart:4037)
I/flutter ( 5239): #63     SingleChildRenderObjectElement.update (package:flutter/src/widgets/framework.dart:7122)
I/flutter ( 5239): #64     Element.updateChild (package:flutter/src/widgets/framework.dart:4037)
I/flutter ( 5239): #65     SingleChildRenderObjectElement.update (package:flutter/src/widgets/framework.dart:7122)
I/flutter ( 5239): #66     Element.updateChild (package:flutter/src/widgets/framework.dart:4037)
I/flutter ( 5239): #67     SingleChildRenderObjectElement.update (package:flutter/src/widgets/framework.dart:7122)
I/flutter ( 5239): #68     Element.updateChild (package:flutter/src/widgets/framework.dart:4037)
I/flutter ( 5239): #69     ComponentElement.performRebuild (package:flutter/src/widgets/framework.dart:5841)
I/flutter ( 5239): #70     StatefulElement.performRebuild (package:flutter/src/widgets/framework.dart:5982)
I/flutter ( 5239): #71     Element.rebuild (package:flutter/src/widgets/framework.dart:5529)
I/flutter ( 5239): #72     StatefulElement.update (package:flutter/src/widgets/framework.dart:6007)
I/flutter ( 5239): #73     Element.updateChild (package:flutter/src/widgets/framework.dart:4037)
I/flutter ( 5239): #74     ComponentElement.performRebuild (package:flutter/src/widgets/framework.dart:5841)
I/flutter ( 5239): #75     Element.rebuild (package:flutter/src/widgets/framework.dart:5529)
I/flutter ( 5239): #76     ProxyElement.update (package:flutter/src/widgets/framework.dart:6149)
I/flutter ( 5239): #77     Element.updateChild (package:flutter/src/widgets/framework.dart:4037)
I/flutter ( 5239): #78     ComponentElement.performRebuild (package:flutter/src/widgets/framework.dart:5841)
I/flutter ( 5239): #79     Element.rebuild (package:flutter/src/widgets/framework.dart:5529)
I/flutter ( 5239): #80     ProxyElement.update (package:flutter/src/widgets/framework.dart:6149)
I/flutter ( 5239): #81     Element.updateChild (package:flutter/src/widgets/framework.dart:4037)
I/flutter ( 5239): #82     ComponentElement.performRebuild (package:flutter/src/widgets/framework.dart:5841)
I/flutter ( 5239): #83     StatefulElement.performRebuild (package:flutter/src/widgets/framework.dart:5982)
I/flutter ( 5239): #84     Element.rebuild (package:flutter/src/widgets/framework.dart:5529)
I/flutter ( 5239): #85     StatefulElement.update (package:flutter/src/widgets/framework.dart:6007)
I/flutter ( 5239): #86     Element.updateChild (package:flutter/src/widgets/framework.dart:4037)
I/flutter ( 5239): #87     ComponentElement.performRebuild (package:flutter/src/widgets/framework.dart:5841)
I/flutter ( 5239): #88     Element.rebuild (package:flutter/src/widgets/framework.dart:5529)
I/flutter ( 5239): #89     StatelessElement.update (package:flutter/src/widgets/framework.dart:5895)
I/flutter ( 5239): #90     Element.updateChild (package:flutter/src/widgets/framework.dart:4037)
I/flutter ( 5239): #91     SliverMultiBoxAdaptorElement.updateChild (package:flutter/src/widgets/sliver.dart:1086)
I/flutter ( 5239): #92     SliverMultiBoxAdaptorElement.performRebuild.processElement (package:flutter/src/widgets/sliver.dart:979)
I/flutter ( 5239): #93     Iterable.forEach (dart:core/iterable.dart:366)
I/flutter ( 5239): #94     SliverMultiBoxAdaptorElement.performRebuild (package:flutter/src/widgets/sliver.dart:1032)
I/flutter ( 5239): #95     SliverMultiBoxAdaptorElement.update (package:flutter/src/widgets/sliver.dart:955)
I/flutter ( 5239): #96     Element.updateChild (package:flutter/src/widgets/framework.dart:4037)
I/flutter ( 5239): #97     ComponentElement.performRebuild (package:flutter/src/widgets/framework.dart:5841)
I/flutter ( 5239): #98     Element.rebuild (package:flutter/src/widgets/framework.dart:5529)
I/flutter ( 5239): #99     ProxyElement.update (package:flutter/src/widgets/framework.dart:6149)
[spm]: ProfilerData event received.
I/flutter ( 5239): [SPM:perf] 698a51a  buildSpan: 10452µs
I/flutter ( 5239): [spm] Performance monitoring completed for 698a51a
I/flutter ( 5239): type '_Stub' is not a subtype of type 'Color?'
I/flutter ( 5239): #0      LeagueCard.build (package:benchmark_container/generated_widget.dart:125)
I/flutter ( 5239): #1      StatelessElement.build (package:flutter/src/widgets/framework.dart:5889)
I/flutter ( 5239): #2      ComponentElement.performRebuild (package:flutter/src/widgets/framework.dart:5817)
I/flutter ( 5239): #3      Element.rebuild (package:flutter/src/widgets/framework.dart:5529)
I/flutter ( 5239): #4      StatelessElement.update (package:flutter/src/widgets/framework.dart:5895)
I/flutter ( 5239): #5      Element.updateChild (package:flutter/src/widgets/framework.dart:4037)
I/flutter ( 5239): #6      SingleChildRenderObjectElement.update (package:flutter/src/widgets/framework.dart:7122)
I/flutter ( 5239): #7      Element.updateChild (package:flutter/src/widgets/framework.dart:4037)
I/flutter ( 5239): #8      ComponentElement.performRebuild (package:flutter/src/widgets/framework.dart:5841)
I/flutter ( 5239): #9      StatefulElement.performRebuild (package:flutter/src/widgets/framework.dart:5982)
I/flutter ( 5239): #10     Element.rebuild (package:flutter/src/widgets/framework.dart:5529)
I/flutter ( 5239): #11     StatefulElement.update (package:flutter/src/widgets/framework.dart:6007)
I/flutter ( 5239): #12     Element.updateChild (package:flutter/src/widgets/framework.dart:4037)
I/flutter ( 5239): #13     ComponentElement.performRebuild (package:flutter/src/widgets/framework.dart:5841)
I/flutter ( 5239): #14     Element.rebuild (package:flutter/src/widgets/framework.dart:5529)
I/flutter ( 5239): #15     StatelessElement.update (package:flutter/src/widgets/framework.dart:5895)
I/flutter ( 5239): #16     Element.updateChild (package:flutter/src/widgets/framework.dart:4037)
I/flutter ( 5239): #17     SingleChildRenderObjectElement.update (package:flutter/src/widgets/framework.dart:7122)
I/flutter ( 5239): #18     Element.updateChild (package:flutter/src/widgets/framework.dart:4037)
I/flutter ( 5239): #19     ComponentElement.performRebuild (package:flutter/src/widgets/framework.dart:5841)
I/flutter ( 5239): #20     Element.rebuild (package:flutter/src/widgets/framework.dart:5529)
I/flutter ( 5239): #21     ProxyElement.update (package:flutter/src/widgets/framework.dart:6149)
I/flutter ( 5239): #22     Element.updateChild (package:flutter/src/widgets/framework.dart:4037)
I/flutter ( 5239): #23     ComponentElement.performRebuild (package:flutter/src/widgets/framework.dart:5841)
I/flutter ( 5239): #24     Element.rebuild (package:flutter/src/widgets/framework.dart:5529)
I/flutter ( 5239): #25     StatelessElement.update (package:flutter/src/widgets/framework.dart:5895)
I/flutter ( 5239): #26     Element.updateChild (package:flutter/src/widgets/framework.dart:4037)
I/flutter ( 5239): #27     SingleChildRenderObjectElement.update (package:flutter/src/widgets/framework.dart:7122)
I/flutter ( 5239): #28     Element.updateChild (package:flutter/src/widgets/framework.dart:4037)
I/flutter ( 5239): #29     SingleChildRenderObjectElement.update (package:flutter/src/widgets/framework.dart:7122)
I/flutter ( 5239): #30     Element.updateChild (package:flutter/src/widgets/framework.dart:4037)
I/flutter ( 5239): #31     ComponentElement.performRebuild (package:flutter/src/widgets/framework.dart:5841)
I/flutter ( 5239): #32     Element.rebuild (package:flutter/src/widgets/framework.dart:5529)
I/flutter ( 5239): #33     ProxyElement.update (package:flutter/src/widgets/framework.dart:6149)
I/flutter ( 5239): #34     _InheritedNotifierElement.update (package:flutter/src/widgets/inherited_notifier.dart:108)
I/flutter ( 5239): #35     Element.updateChild (package:flutter/src/widgets/framework.dart:4037)
I/flutter ( 5239): #36     ComponentElement.performRebuild (package:flutter/src/widgets/framework.dart:5841)
I/flutter ( 5239): #37     StatefulElement.performRebuild (package:flutter/src/widgets/framework.dart:5982)
I/flutter ( 5239): #38     Element.rebuild (package:flutter/src/widgets/framework.dart:5529)
I/flutter ( 5239): #39     StatefulElement.update (package:flutter/src/widgets/framework.dart:6007)
I/flutter ( 5239): #40     Element.updateChild (package:flutter/src/widgets/framework.dart:4037)
I/flutter ( 5239): #41     ComponentElement.performRebuild (package:flutter/src/widgets/framework.dart:5841)
I/flutter ( 5239): #42     Element.rebuild (package:flutter/src/widgets/framework.dart:5529)
I/flutter ( 5239): #43     ProxyElement.update (package:flutter/src/widgets/framework.dart:6149)
I/flutter ( 5239): #44     Element.updateChild (package:flutter/src/widgets/framework.dart:4037)
I/flutter ( 5239): #45     ComponentElement.performRebuild (package:flutter/src/widgets/framework.dart:5841)
I/flutter ( 5239): #46     StatefulElement.performRebuild (package:flutter/src/widgets/framework.dart:5982)
I/flutter ( 5239): #47     Element.rebuild (package:flutter/src/widgets/framework.dart:5529)
I/flutter ( 5239): #48     StatefulElement.update (package:flutter/src/widgets/framework.dart:6007)
I/flutter ( 5239): #49     Element.updateChild (package:flutter/src/widgets/framework.dart:4037)
I/flutter ( 5239): #50     ComponentElement.performRebuild (package:flutter/src/widgets/framework.dart:5841)
I/flutter ( 5239): #51     Element.rebuild (package:flutter/src/widgets/framework.dart:5529)
I/flutter ( 5239): #52     ProxyElement.update (package:flutter/src/widgets/framework.dart:6149)
I/flutter ( 5239): #53     Element.updateChild (package:flutter/src/widgets/framework.dart:4037)
I/flutter ( 5239): #54     ComponentElement.performRebuild (package:flutter/src/widgets/framework.dart:5841)
I/flutter ( 5239): #55     StatefulElement.performRebuild (package:flutter/src/widgets/framework.dart:5982)
I/flutter ( 5239): #56     Element.rebuild (package:flutter/src/widgets/framework.dart:5529)
I/flutter ( 5239): #57     StatefulElement.update (package:flutter/src/widgets/framework.dart:6007)
I/flutter ( 5239): #58     Element.updateChild (package:flutter/src/widgets/framework.dart:4037)
I/flutter ( 5239): #59     ComponentElement.performRebuild (package:flutter/src/widgets/framework.dart:5841)
I/flutter ( 5239): #60     Element.rebuild (package:flutter/src/widgets/framework.dart:5529)
I/flutter ( 5239): #61     StatelessElement.update (package:flutter/src/widgets/framework.dart:5895)
I/flutter ( 5239): #62     Element.updateChild (package:flutter/src/widgets/framework.dart:4037)
I/flutter ( 5239): #63     SingleChildRenderObjectElement.update (package:flutter/src/widgets/framework.dart:7122)
I/flutter ( 5239): #64     Element.updateChild (package:flutter/src/widgets/framework.dart:4037)
I/flutter ( 5239): #65     SingleChildRenderObjectElement.update (package:flutter/src/widgets/framework.dart:7122)
I/flutter ( 5239): #66     Element.updateChild (package:flutter/src/widgets/framework.dart:4037)
I/flutter ( 5239): #67     SingleChildRenderObjectElement.update (package:flutter/src/widgets/framework.dart:7122)
I/flutter ( 5239): #68     Element.updateChild (package:flutter/src/widgets/framework.dart:4037)
I/flutter ( 5239): #69     ComponentElement.performRebuild (package:flutter/src/widgets/framework.dart:5841)
I/flutter ( 5239): #70     StatefulElement.performRebuild (package:flutter/src/widgets/framework.dart:5982)
I/flutter ( 5239): #71     Element.rebuild (package:flutter/src/widgets/framework.dart:5529)
I/flutter ( 5239): #72     StatefulElement.update (package:flutter/src/widgets/framework.dart:6007)
I/flutter ( 5239): #73     Element.updateChild (package:flutter/src/widgets/framework.dart:4037)
I/flutter ( 5239): #74     ComponentElement.performRebuild (package:flutter/src/widgets/framework.dart:5841)
I/flutter ( 5239): #75     Element.rebuild (package:flutter/src/widgets/framework.dart:5529)
I/flutter ( 5239): #76     ProxyElement.update (package:flutter/src/widgets/framework.dart:6149)
I/flutter ( 5239): #77     Element.updateChild (package:flutter/src/widgets/framework.dart:4037)
I/flutter ( 5239): #78     ComponentElement.performRebuild (package:flutter/src/widgets/framework.dart:5841)
I/flutter ( 5239): #79     Element.rebuild (package:flutter/src/widgets/framework.dart:5529)
I/flutter ( 5239): #80     ProxyElement.update (package:flutter/src/widgets/framework.dart:6149)
I/flutter ( 5239): #81     Element.updateChild (package:flutter/src/widgets/framework.dart:4037)
I/flutter ( 5239): #82     ComponentElement.performRebuild (package:flutter/src/widgets/framework.dart:5841)
I/flutter ( 5239): #83     StatefulElement.performRebuild (package:flutter/src/widgets/framework.dart:5982)
I/flutter ( 5239): #84     Element.rebuild (package:flutter/src/widgets/framework.dart:5529)
I/flutter ( 5239): #85     StatefulElement.update (package:flutter/src/widgets/framework.dart:6007)
I/flutter ( 5239): #86     Element.updateChild (package:flutter/src/widgets/framework.dart:4037)
I/flutter ( 5239): #87     ComponentElement.performRebuild (package:flutter/src/widgets/framework.dart:5841)
I/flutter ( 5239): #88     Element.rebuild (package:flutter/src/widgets/framework.dart:5529)
I/flutter ( 5239): #89     StatelessElement.update (package:flutter/src/widgets/framework.dart:5895)
I/flutter ( 5239): #90     Element.updateChild (package:flutter/src/widgets/framework.dart:4037)
I/flutter ( 5239): #91     SliverMultiBoxAdaptorElement.updateChild (package:flutter/src/widgets/sliver.dart:1086)
I/flutter ( 5239): #92     SliverMultiBoxAdaptorElement.performRebuild.processElement (package:flutter/src/widgets/sliver.dart:979)
I/flutter ( 5239): #93     Iterable.forEach (dart:core/iterable.dart:366)
I/flutter ( 5239): #94     SliverMultiBoxAdaptorElement.performRebuild (package:flutter/src/widgets/sliver.dart:1032)
I/flutter ( 5239): #95     SliverMultiBoxAdaptorElement.update (package:flutter/src/widgets/sliver.dart:955)
I/flutter ( 5239): #96     Element.updateChild (package:flutter/src/widgets/framework.dart:4037)
I/flutter ( 5239): #97     ComponentElement.performRebuild (package:flutter/src/widgets/framework.dart:5841)
I/flutter ( 5239): #98     Element.rebuild (package:flutter/src/widgets/framework.dart:5529)
I/flutter ( 5239): #99     ProxyElement.update (package:flutter/src/widgets/framework.dart:6149)
[spm]: ProfilerData event received.
I/flutter ( 5239): [SPM:perf] 698a51a  buildSpan: 10243µs
I/flutter ( 5239): [spm] Performance monitoring completed for 698a51a
I/flutter ( 5239): type '_Stub' is not a subtype of type 'Color?'
I/flutter ( 5239): #0      LeagueCard.build (package:benchmark_container/generated_widget.dart:125)
I/flutter ( 5239): #1      StatelessElement.build (package:flutter/src/widgets/framework.dart:5889)
I/flutter ( 5239): #2      ComponentElement.performRebuild (package:flutter/src/widgets/framework.dart:5817)
I/flutter ( 5239): #3      Element.rebuild (package:flutter/src/widgets/framework.dart:5529)
I/flutter ( 5239): #4      StatelessElement.update (package:flutter/src/widgets/framework.dart:5895)
I/flutter ( 5239): #5      Element.updateChild (package:flutter/src/widgets/framework.dart:4037)
I/flutter ( 5239): #6      SingleChildRenderObjectElement.update (package:flutter/src/widgets/framework.dart:7122)
I/flutter ( 5239): #7      Element.updateChild (package:flutter/src/widgets/framework.dart:4037)
I/flutter ( 5239): #8      ComponentElement.performRebuild (package:flutter/src/widgets/framework.dart:5841)
I/flutter ( 5239): #9      StatefulElement.performRebuild (package:flutter/src/widgets/framework.dart:5982)
I/flutter ( 5239): #10     Element.rebuild (package:flutter/src/widgets/framework.dart:5529)
I/flutter ( 5239): #11     StatefulElement.update (package:flutter/src/widgets/framework.dart:6007)
I/flutter ( 5239): #12     Element.updateChild (package:flutter/src/widgets/framework.dart:4037)
I/flutter ( 5239): #13     ComponentElement.performRebuild (package:flutter/src/widgets/framework.dart:5841)
I/flutter ( 5239): #14     Element.rebuild (package:flutter/src/widgets/framework.dart:5529)
I/flutter ( 5239): #15     StatelessElement.update (package:flutter/src/widgets/framework.dart:5895)
I/flutter ( 5239): #16     Element.updateChild (package:flutter/src/widgets/framework.dart:4037)
I/flutter ( 5239): #17     SingleChildRenderObjectElement.update (package:flutter/src/widgets/framework.dart:7122)
I/flutter ( 5239): #18     Element.updateChild (package:flutter/src/widgets/framework.dart:4037)
I/flutter ( 5239): #19     ComponentElement.performRebuild (package:flutter/src/widgets/framework.dart:5841)
I/flutter ( 5239): #20     Element.rebuild (package:flutter/src/widgets/framework.dart:5529)
I/flutter ( 5239): #21     ProxyElement.update (package:flutter/src/widgets/framework.dart:6149)
I/flutter ( 5239): #22     Element.updateChild (package:flutter/src/widgets/framework.dart:4037)
I/flutter ( 5239): #23     ComponentElement.performRebuild (package:flutter/src/widgets/framework.dart:5841)
I/flutter ( 5239): #24     Element.rebuild (package:flutter/src/widgets/framework.dart:5529)
I/flutter ( 5239): #25     StatelessElement.update (package:flutter/src/widgets/framework.dart:5895)
I/flutter ( 5239): #26     Element.updateChild (package:flutter/src/widgets/framework.dart:4037)
I/flutter ( 5239): #27     SingleChildRenderObjectElement.update (package:flutter/src/widgets/framework.dart:7122)
I/flutter ( 5239): #28     Element.updateChild (package:flutter/src/widgets/framework.dart:4037)
I/flutter ( 5239): #29     SingleChildRenderObjectElement.update (package:flutter/src/widgets/framework.dart:7122)
I/flutter ( 5239): #30     Element.updateChild (package:flutter/src/widgets/framework.dart:4037)
I/flutter ( 5239): #31     ComponentElement.performRebuild (package:flutter/src/widgets/framework.dart:5841)
I/flutter ( 5239): #32     Element.rebuild (package:flutter/src/widgets/framework.dart:5529)
I/flutter ( 5239): #33     ProxyElement.update (package:flutter/src/widgets/framework.dart:6149)
I/flutter ( 5239): #34     _InheritedNotifierElement.update (package:flutter/src/widgets/inherited_notifier.dart:108)
I/flutter ( 5239): #35     Element.updateChild (package:flutter/src/widgets/framework.dart:4037)
I/flutter ( 5239): #36     ComponentElement.performRebuild (package:flutter/src/widgets/framework.dart:5841)
I/flutter ( 5239): #37     StatefulElement.performRebuild (package:flutter/src/widgets/framework.dart:5982)
I/flutter ( 5239): #38     Element.rebuild (package:flutter/src/widgets/framework.dart:5529)
I/flutter ( 5239): #39     StatefulElement.update (package:flutter/src/widgets/framework.dart:6007)
I/flutter ( 5239): #40     Element.updateChild (package:flutter/src/widgets/framework.dart:4037)
I/flutter ( 5239): #41     ComponentElement.performRebuild (package:flutter/src/widgets/framework.dart:5841)
I/flutter ( 5239): #42     Element.rebuild (package:flutter/src/widgets/framework.dart:5529)
I/flutter ( 5239): #43     ProxyElement.update (package:flutter/src/widgets/framework.dart:6149)
I/flutter ( 5239): #44     Element.updateChild (package:flutter/src/widgets/framework.dart:4037)
I/flutter ( 5239): #45     ComponentElement.performRebuild (package:flutter/src/widgets/framework.dart:5841)
I/flutter ( 5239): #46     StatefulElement.performRebuild (package:flutter/src/widgets/framework.dart:5982)
I/flutter ( 5239): #47     Element.rebuild (package:flutter/src/widgets/framework.dart:5529)
I/flutter ( 5239): #48     StatefulElement.update (package:flutter/src/widgets/framework.dart:6007)
I/flutter ( 5239): #49     Element.updateChild (package:flutter/src/widgets/framework.dart:4037)
I/flutter ( 5239): #50     ComponentElement.performRebuild (package:flutter/src/widgets/framework.dart:5841)
I/flutter ( 5239): #51     Element.rebuild (package:flutter/src/widgets/framework.dart:5529)
I/flutter ( 5239): #52     ProxyElement.update (package:flutter/src/widgets/framework.dart:6149)
I/flutter ( 5239): #53     Element.updateChild (package:flutter/src/widgets/framework.dart:4037)
I/flutter ( 5239): #54     ComponentElement.performRebuild (package:flutter/src/widgets/framework.dart:5841)
I/flutter ( 5239): #55     StatefulElement.performRebuild (package:flutter/src/widgets/framework.dart:5982)
I/flutter ( 5239): #56     Element.rebuild (package:flutter/src/widgets/framework.dart:5529)
I/flutter ( 5239): #57     StatefulElement.update (package:flutter/src/widgets/framework.dart:6007)
I/flutter ( 5239): #58     Element.updateChild (package:flutter/src/widgets/framework.dart:4037)
I/flutter ( 5239): #59     ComponentElement.performRebuild (package:flutter/src/widgets/framework.dart:5841)
I/flutter ( 5239): #60     Element.rebuild (package:flutter/src/widgets/framework.dart:5529)
I/flutter ( 5239): #61     StatelessElement.update (package:flutter/src/widgets/framework.dart:5895)
I/flutter ( 5239): #62     Element.updateChild (package:flutter/src/widgets/framework.dart:4037)
I/flutter ( 5239): #63     SingleChildRenderObjectElement.update (package:flutter/src/widgets/framework.dart:7122)
I/flutter ( 5239): #64     Element.updateChild (package:flutter/src/widgets/framework.dart:4037)
I/flutter ( 5239): #65     SingleChildRenderObjectElement.update (package:flutter/src/widgets/framework.dart:7122)
I/flutter ( 5239): #66     Element.updateChild (package:flutter/src/widgets/framework.dart:4037)
I/flutter ( 5239): #67     SingleChildRenderObjectElement.update (package:flutter/src/widgets/framework.dart:7122)
I/flutter ( 5239): #68     Element.updateChild (package:flutter/src/widgets/framework.dart:4037)
I/flutter ( 5239): #69     ComponentElement.performRebuild (package:flutter/src/widgets/framework.dart:5841)
I/flutter ( 5239): #70     StatefulElement.performRebuild (package:flutter/src/widgets/framework.dart:5982)
I/flutter ( 5239): #71     Element.rebuild (package:flutter/src/widgets/framework.dart:5529)
I/flutter ( 5239): #72     StatefulElement.update (package:flutter/src/widgets/framework.dart:6007)
I/flutter ( 5239): #73     Element.updateChild (package:flutter/src/widgets/framework.dart:4037)
I/flutter ( 5239): #74     ComponentElement.performRebuild (package:flutter/src/widgets/framework.dart:5841)
I/flutter ( 5239): #75     Element.rebuild (package:flutter/src/widgets/framework.dart:5529)
I/flutter ( 5239): #76     ProxyElement.update (package:flutter/src/widgets/framework.dart:6149)
I/flutter ( 5239): #77     Element.updateChild (package:flutter/src/widgets/framework.dart:4037)
I/flutter ( 5239): #78     ComponentElement.performRebuild (package:flutter/src/widgets/framework.dart:5841)
I/flutter ( 5239): #79     Element.rebuild (package:flutter/src/widgets/framework.dart:5529)
I/flutter ( 5239): #80     ProxyElement.update (package:flutter/src/widgets/framework.dart:6149)
I/flutter ( 5239): #81     Element.updateChild (package:flutter/src/widgets/framework.dart:4037)
I/flutter ( 5239): #82     ComponentElement.performRebuild (package:flutter/src/widgets/framework.dart:5841)
I/flutter ( 5239): #83     StatefulElement.performRebuild (package:flutter/src/widgets/framework.dart:5982)
I/flutter ( 5239): #84     Element.rebuild (package:flutter/src/widgets/framework.dart:5529)
I/flutter ( 5239): #85     StatefulElement.update (package:flutter/src/widgets/framework.dart:6007)
I/flutter ( 5239): #86     Element.updateChild (package:flutter/src/widgets/framework.dart:4037)
I/flutter ( 5239): #87     ComponentElement.performRebuild (package:flutter/src/widgets/framework.dart:5841)
I/flutter ( 5239): #88     Element.rebuild (package:flutter/src/widgets/framework.dart:5529)
I/flutter ( 5239): #89     StatelessElement.update (package:flutter/src/widgets/framework.dart:5895)
I/flutter ( 5239): #90     Element.updateChild (package:flutter/src/widgets/framework.dart:4037)
I/flutter ( 5239): #91     SliverMultiBoxAdaptorElement.updateChild (package:flutter/src/widgets/sliver.dart:1086)
I/flutter ( 5239): #92     SliverMultiBoxAdaptorElement.performRebuild.processElement (package:flutter/src/widgets/sliver.dart:979)
I/flutter ( 5239): #93     Iterable.forEach (dart:core/iterable.dart:366)
I/flutter ( 5239): #94     SliverMultiBoxAdaptorElement.performRebuild (package:flutter/src/widgets/sliver.dart:1032)
I/flutter ( 5239): #95     SliverMultiBoxAdaptorElement.update (package:flutter/src/widgets/sliver.dart:955)
I/flutter ( 5239): #96     Element.updateChild (package:flutter/src/widgets/framework.dart:4037)
I/flutter ( 5239): #97     ComponentElement.performRebuild (package:flutter/src/widgets/framework.dart:5841)
I/flutter ( 5239): #98     Element.rebuild (package:flutter/src/widgets/framework.dart:5529)
I/flutter ( 5239): #99     ProxyElement.update (package:flutter/src/widgets/framework.dart:6149)
I/flutter ( 5239): [SPM:perf] 698a51a  buildSpan: 10055µs
I/flutter ( 5239): [spm] Performance monitoring completed for 698a51a
[spm]: ProfilerData event received.
I/flutter ( 5239): type '_Stub' is not a subtype of type 'Color?'
I/flutter ( 5239): #0      LeagueCard.build (package:benchmark_container/generated_widget.dart:125)
I/flutter ( 5239): #1      StatelessElement.build (package:flutter/src/widgets/framework.dart:5889)
I/flutter ( 5239): #2      ComponentElement.performRebuild (package:flutter/src/widgets/framework.dart:5817)
I/flutter ( 5239): #3      Element.rebuild (package:flutter/src/widgets/framework.dart:5529)
I/flutter ( 5239): #4      StatelessElement.update (package:flutter/src/widgets/framework.dart:5895)
I/flutter ( 5239): #5      Element.updateChild (package:flutter/src/widgets/framework.dart:4037)
I/flutter ( 5239): #6      SingleChildRenderObjectElement.update (package:flutter/src/widgets/framework.dart:7122)
I/flutter ( 5239): #7      Element.updateChild (package:flutter/src/widgets/framework.dart:4037)
I/flutter ( 5239): #8      ComponentElement.performRebuild (package:flutter/src/widgets/framework.dart:5841)
I/flutter ( 5239): #9      StatefulElement.performRebuild (package:flutter/src/widgets/framework.dart:5982)
I/flutter ( 5239): #10     Element.rebuild (package:flutter/src/widgets/framework.dart:5529)
I/flutter ( 5239): #11     StatefulElement.update (package:flutter/src/widgets/framework.dart:6007)
I/flutter ( 5239): #12     Element.updateChild (package:flutter/src/widgets/framework.dart:4037)
I/flutter ( 5239): #13     ComponentElement.performRebuild (package:flutter/src/widgets/framework.dart:5841)
I/flutter ( 5239): #14     Element.rebuild (package:flutter/src/widgets/framework.dart:5529)
I/flutter ( 5239): #15     StatelessElement.update (package:flutter/src/widgets/framework.dart:5895)
I/flutter ( 5239): #16     Element.updateChild (package:flutter/src/widgets/framework.dart:4037)
I/flutter ( 5239): #17     SingleChildRenderObjectElement.update (package:flutter/src/widgets/framework.dart:7122)
I/flutter ( 5239): #18     Element.updateChild (package:flutter/src/widgets/framework.dart:4037)
I/flutter ( 5239): #19     ComponentElement.performRebuild (package:flutter/src/widgets/framework.dart:5841)
I/flutter ( 5239): #20     Element.rebuild (package:flutter/src/widgets/framework.dart:5529)
I/flutter ( 5239): #21     ProxyElement.update (package:flutter/src/widgets/framework.dart:6149)
I/flutter ( 5239): #22     Element.updateChild (package:flutter/src/widgets/framework.dart:4037)
I/flutter ( 5239): #23     ComponentElement.performRebuild (package:flutter/src/widgets/framework.dart:5841)
I/flutter ( 5239): #24     Element.rebuild (package:flutter/src/widgets/framework.dart:5529)
I/flutter ( 5239): #25     StatelessElement.update (package:flutter/src/widgets/framework.dart:5895)
I/flutter ( 5239): #26     Element.updateChild (package:flutter/src/widgets/framework.dart:4037)
I/flutter ( 5239): #27     SingleChildRenderObjectElement.update (package:flutter/src/widgets/framework.dart:7122)
I/flutter ( 5239): #28     Element.updateChild (package:flutter/src/widgets/framework.dart:4037)
I/flutter ( 5239): #29     SingleChildRenderObjectElement.update (package:flutter/src/widgets/framework.dart:7122)
I/flutter ( 5239): #30     Element.updateChild (package:flutter/src/widgets/framework.dart:4037)
I/flutter ( 5239): #31     ComponentElement.performRebuild (package:flutter/src/widgets/framework.dart:5841)
I/flutter ( 5239): #32     Element.rebuild (package:flutter/src/widgets/framework.dart:5529)
I/flutter ( 5239): #33     ProxyElement.update (package:flutter/src/widgets/framework.dart:6149)
I/flutter ( 5239): #34     _InheritedNotifierElement.update (package:flutter/src/widgets/inherited_notifier.dart:108)
I/flutter ( 5239): #35     Element.updateChild (package:flutter/src/widgets/framework.dart:4037)
I/flutter ( 5239): #36     ComponentElement.performRebuild (package:flutter/src/widgets/framework.dart:5841)
I/flutter ( 5239): #37     StatefulElement.performRebuild (package:flutter/src/widgets/framework.dart:5982)
I/flutter ( 5239): #38     Element.rebuild (package:flutter/src/widgets/framework.dart:5529)
I/flutter ( 5239): #39     StatefulElement.update (package:flutter/src/widgets/framework.dart:6007)
I/flutter ( 5239): #40     Element.updateChild (package:flutter/src/widgets/framework.dart:4037)
I/flutter ( 5239): #41     ComponentElement.performRebuild (package:flutter/src/widgets/framework.dart:5841)
I/flutter ( 5239): #42     Element.rebuild (package:flutter/src/widgets/framework.dart:5529)
I/flutter ( 5239): #43     ProxyElement.update (package:flutter/src/widgets/framework.dart:6149)
I/flutter ( 5239): #44     Element.updateChild (package:flutter/src/widgets/framework.dart:4037)
I/flutter ( 5239): #45     ComponentElement.performRebuild (package:flutter/src/widgets/framework.dart:5841)
I/flutter ( 5239): #46     StatefulElement.performRebuild (package:flutter/src/widgets/framework.dart:5982)
I/flutter ( 5239): #47     Element.rebuild (package:flutter/src/widgets/framework.dart:5529)
I/flutter ( 5239): #48     StatefulElement.update (package:flutter/src/widgets/framework.dart:6007)
I/flutter ( 5239): #49     Element.updateChild (package:flutter/src/widgets/framework.dart:4037)
I/flutter ( 5239): #50     ComponentElement.performRebuild (package:flutter/src/widgets/framework.dart:5841)
I/flutter ( 5239): #51     Element.rebuild (package:flutter/src/widgets/framework.dart:5529)
I/flutter ( 5239): #52     ProxyElement.update (package:flutter/src/widgets/framework.dart:6149)
I/flutter ( 5239): #53     Element.updateChild (package:flutter/src/widgets/framework.dart:4037)
I/flutter ( 5239): #54     ComponentElement.performRebuild (package:flutter/src/widgets/framework.dart:5841)
I/flutter ( 5239): #55     StatefulElement.performRebuild (package:flutter/src/widgets/framework.dart:5982)
I/flutter ( 5239): #56     Element.rebuild (package:flutter/src/widgets/framework.dart:5529)
I/flutter ( 5239): #57     StatefulElement.update (package:flutter/src/widgets/framework.dart:6007)
I/flutter ( 5239): #58     Element.updateChild (package:flutter/src/widgets/framework.dart:4037)
I/flutter ( 5239): #59     ComponentElement.performRebuild (package:flutter/src/widgets/framework.dart:5841)
I/flutter ( 5239): #60     Element.rebuild (package:flutter/src/widgets/framework.dart:5529)
I/flutter ( 5239): #61     StatelessElement.update (package:flutter/src/widgets/framework.dart:5895)
I/flutter ( 5239): #62     Element.updateChild (package:flutter/src/widgets/framework.dart:4037)
I/flutter ( 5239): #63     SingleChildRenderObjectElement.update (package:flutter/src/widgets/framework.dart:7122)
I/flutter ( 5239): #64     Element.updateChild (package:flutter/src/widgets/framework.dart:4037)
I/flutter ( 5239): #65     SingleChildRenderObjectElement.update (package:flutter/src/widgets/framework.dart:7122)
I/flutter ( 5239): #66     Element.updateChild (package:flutter/src/widgets/framework.dart:4037)
I/flutter ( 5239): #67     SingleChildRenderObjectElement.update (package:flutter/src/widgets/framework.dart:7122)
I/flutter ( 5239): #68     Element.updateChild (package:flutter/src/widgets/framework.dart:4037)
I/flutter ( 5239): #69     ComponentElement.performRebuild (package:flutter/src/widgets/framework.dart:5841)
I/flutter ( 5239): #70     StatefulElement.performRebuild (package:flutter/src/widgets/framework.dart:5982)
I/flutter ( 5239): #71     Element.rebuild (package:flutter/src/widgets/framework.dart:5529)
I/flutter ( 5239): #72     StatefulElement.update (package:flutter/src/widgets/framework.dart:6007)
I/flutter ( 5239): #73     Element.updateChild (package:flutter/src/widgets/framework.dart:4037)
I/flutter ( 5239): #74     ComponentElement.performRebuild (package:flutter/src/widgets/framework.dart:5841)
I/flutter ( 5239): #75     Element.rebuild (package:flutter/src/widgets/framework.dart:5529)
I/flutter ( 5239): #76     ProxyElement.update (package:flutter/src/widgets/framework.dart:6149)
I/flutter ( 5239): #77     Element.updateChild (package:flutter/src/widgets/framework.dart:4037)
I/flutter ( 5239): #78     ComponentElement.performRebuild (package:flutter/src/widgets/framework.dart:5841)
I/flutter ( 5239): #79     Element.rebuild (package:flutter/src/widgets/framework.dart:5529)
I/flutter ( 5239): #80     ProxyElement.update (package:flutter/src/widgets/framework.dart:6149)
I/flutter ( 5239): #81     Element.updateChild (package:flutter/src/widgets/framework.dart:4037)
I/flutter ( 5239): #82     ComponentElement.performRebuild (package:flutter/src/widgets/framework.dart:5841)
I/flutter ( 5239): #83     StatefulElement.performRebuild (package:flutter/src/widgets/framework.dart:5982)
I/flutter ( 5239): #84     Element.rebuild (package:flutter/src/widgets/framework.dart:5529)
I/flutter ( 5239): #85     StatefulElement.update (package:flutter/src/widgets/framework.dart:6007)
I/flutter ( 5239): #86     Element.updateChild (package:flutter/src/widgets/framework.dart:4037)
I/flutter ( 5239): #87     ComponentElement.performRebuild (package:flutter/src/widgets/framework.dart:5841)
I/flutter ( 5239): #88     Element.rebuild (package:flutter/src/widgets/framework.dart:5529)
I/flutter ( 5239): #89     StatelessElement.update (package:flutter/src/widgets/framework.dart:5895)
I/flutter ( 5239): #90     Element.updateChild (package:flutter/src/widgets/framework.dart:4037)
I/flutter ( 5239): #91     SliverMultiBoxAdaptorElement.updateChild (package:flutter/src/widgets/sliver.dart:1086)
I/flutter ( 5239): #92     SliverMultiBoxAdaptorElement.performRebuild.processElement (package:flutter/src/widgets/sliver.dart:979)
I/flutter ( 5239): #93     Iterable.forEach (dart:core/iterable.dart:366)
I/flutter ( 5239): #94     SliverMultiBoxAdaptorElement.performRebuild (package:flutter/src/widgets/sliver.dart:1032)
I/flutter ( 5239): #95     SliverMultiBoxAdaptorElement.update (package:flutter/src/widgets/sliver.dart:955)
I/flutter ( 5239): #96     Element.updateChild (package:flutter/src/widgets/framework.dart:4037)
I/flutter ( 5239): #97     ComponentElement.performRebuild (package:flutter/src/widgets/framework.dart:5841)
I/flutter ( 5239): #98     Element.rebuild (package:flutter/src/widgets/framework.dart:5529)
I/flutter ( 5239): #99     ProxyElement.update (package:flutter/src/widgets/framework.dart:6149)
[spm]: ProfilerData event received.
I/flutter ( 5239): [SPM:perf] 698a51a  buildSpan: 9921µs
I/flutter ( 5239): [spm] Performance monitoring completed for 698a51a
I/flutter ( 5239): type '_Stub' is not a subtype of type 'Color?'
I/flutter ( 5239): #0      LeagueCard.build (package:benchmark_container/generated_widget.dart:125)
I/flutter ( 5239): #1      StatelessElement.build (package:flutter/src/widgets/framework.dart:5889)
I/flutter ( 5239): #2      ComponentElement.performRebuild (package:flutter/src/widgets/framework.dart:5817)
I/flutter ( 5239): #3      Element.rebuild (package:flutter/src/widgets/framework.dart:5529)
I/flutter ( 5239): #4      StatelessElement.update (package:flutter/src/widgets/framework.dart:5895)
I/flutter ( 5239): #5      Element.updateChild (package:flutter/src/widgets/framework.dart:4037)
I/flutter ( 5239): #6      SingleChildRenderObjectElement.update (package:flutter/src/widgets/framework.dart:7122)
I/flutter ( 5239): #7      Element.updateChild (package:flutter/src/widgets/framework.dart:4037)
I/flutter ( 5239): #8      ComponentElement.performRebuild (package:flutter/src/widgets/framework.dart:5841)
I/flutter ( 5239): #9      StatefulElement.performRebuild (package:flutter/src/widgets/framework.dart:5982)
I/flutter ( 5239): #10     Element.rebuild (package:flutter/src/widgets/framework.dart:5529)
I/flutter ( 5239): #11     StatefulElement.update (package:flutter/src/widgets/framework.dart:6007)
I/flutter ( 5239): #12     Element.updateChild (package:flutter/src/widgets/framework.dart:4037)
I/flutter ( 5239): #13     ComponentElement.performRebuild (package:flutter/src/widgets/framework.dart:5841)
I/flutter ( 5239): #14     Element.rebuild (package:flutter/src/widgets/framework.dart:5529)
I/flutter ( 5239): #15     StatelessElement.update (package:flutter/src/widgets/framework.dart:5895)
I/flutter ( 5239): #16     Element.updateChild (package:flutter/src/widgets/framework.dart:4037)
I/flutter ( 5239): #17     SingleChildRenderObjectElement.update (package:flutter/src/widgets/framework.dart:7122)
I/flutter ( 5239): #18     Element.updateChild (package:flutter/src/widgets/framework.dart:4037)
I/flutter ( 5239): #19     ComponentElement.performRebuild (package:flutter/src/widgets/framework.dart:5841)
I/flutter ( 5239): #20     Element.rebuild (package:flutter/src/widgets/framework.dart:5529)
I/flutter ( 5239): #21     ProxyElement.update (package:flutter/src/widgets/framework.dart:6149)
I/flutter ( 5239): #22     Element.updateChild (package:flutter/src/widgets/framework.dart:4037)
I/flutter ( 5239): #23     ComponentElement.performRebuild (package:flutter/src/widgets/framework.dart:5841)
I/flutter ( 5239): #24     Element.rebuild (package:flutter/src/widgets/framework.dart:5529)
I/flutter ( 5239): #25     StatelessElement.update (package:flutter/src/widgets/framework.dart:5895)
I/flutter ( 5239): #26     Element.updateChild (package:flutter/src/widgets/framework.dart:4037)
I/flutter ( 5239): #27     SingleChildRenderObjectElement.update (package:flutter/src/widgets/framework.dart:7122)
I/flutter ( 5239): #28     Element.updateChild (package:flutter/src/widgets/framework.dart:4037)
I/flutter ( 5239): #29     SingleChildRenderObjectElement.update (package:flutter/src/widgets/framework.dart:7122)
I/flutter ( 5239): #30     Element.updateChild (package:flutter/src/widgets/framework.dart:4037)
I/flutter ( 5239): #31     ComponentElement.performRebuild (package:flutter/src/widgets/framework.dart:5841)
I/flutter ( 5239): #32     Element.rebuild (package:flutter/src/widgets/framework.dart:5529)
I/flutter ( 5239): #33     ProxyElement.update (package:flutter/src/widgets/framework.dart:6149)
I/flutter ( 5239): #34     _InheritedNotifierElement.update (package:flutter/src/widgets/inherited_notifier.dart:108)
I/flutter ( 5239): #35     Element.updateChild (package:flutter/src/widgets/framework.dart:4037)
I/flutter ( 5239): #36     ComponentElement.performRebuild (package:flutter/src/widgets/framework.dart:5841)
I/flutter ( 5239): #37     StatefulElement.performRebuild (package:flutter/src/widgets/framework.dart:5982)
I/flutter ( 5239): #38     Element.rebuild (package:flutter/src/widgets/framework.dart:5529)
I/flutter ( 5239): #39     StatefulElement.update (package:flutter/src/widgets/framework.dart:6007)
I/flutter ( 5239): #40     Element.updateChild (package:flutter/src/widgets/framework.dart:4037)
I/flutter ( 5239): #41     ComponentElement.performRebuild (package:flutter/src/widgets/framework.dart:5841)
I/flutter ( 5239): #42     Element.rebuild (package:flutter/src/widgets/framework.dart:5529)
I/flutter ( 5239): #43     ProxyElement.update (package:flutter/src/widgets/framework.dart:6149)
I/flutter ( 5239): #44     Element.updateChild (package:flutter/src/widgets/framework.dart:4037)
I/flutter ( 5239): #45     ComponentElement.performRebuild (package:flutter/src/widgets/framework.dart:5841)
I/flutter ( 5239): #46     StatefulElement.performRebuild (package:flutter/src/widgets/framework.dart:5982)
I/flutter ( 5239): #47     Element.rebuild (package:flutter/src/widgets/framework.dart:5529)
I/flutter ( 5239): #48     StatefulElement.update (package:flutter/src/widgets/framework.dart:6007)
I/flutter ( 5239): #49     Element.updateChild (package:flutter/src/widgets/framework.dart:4037)
I/flutter ( 5239): #50     ComponentElement.performRebuild (package:flutter/src/widgets/framework.dart:5841)
I/flutter ( 5239): #51     Element.rebuild (package:flutter/src/widgets/framework.dart:5529)
I/flutter ( 5239): #52     ProxyElement.update (package:flutter/src/widgets/framework.dart:6149)
I/flutter ( 5239): #53     Element.updateChild (package:flutter/src/widgets/framework.dart:4037)
I/flutter ( 5239): #54     ComponentElement.performRebuild (package:flutter/src/widgets/framework.dart:5841)
I/flutter ( 5239): #55     StatefulElement.performRebuild (package:flutter/src/widgets/framework.dart:5982)
I/flutter ( 5239): #56     Element.rebuild (package:flutter/src/widgets/framework.dart:5529)
I/flutter ( 5239): #57     StatefulElement.update (package:flutter/src/widgets/framework.dart:6007)
I/flutter ( 5239): #58     Element.updateChild (package:flutter/src/widgets/framework.dart:4037)
I/flutter ( 5239): #59     ComponentElement.performRebuild (package:flutter/src/widgets/framework.dart:5841)
I/flutter ( 5239): #60     Element.rebuild (package:flutter/src/widgets/framework.dart:5529)
I/flutter ( 5239): #61     StatelessElement.update (package:flutter/src/widgets/framework.dart:5895)
I/flutter ( 5239): #62     Element.updateChild (package:flutter/src/widgets/framework.dart:4037)
I/flutter ( 5239): #63     SingleChildRenderObjectElement.update (package:flutter/src/widgets/framework.dart:7122)
I/flutter ( 5239): #64     Element.updateChild (package:flutter/src/widgets/framework.dart:4037)
I/flutter ( 5239): #65     SingleChildRenderObjectElement.update (package:flutter/src/widgets/framework.dart:7122)
I/flutter ( 5239): #66     Element.updateChild (package:flutter/src/widgets/framework.dart:4037)
I/flutter ( 5239): #67     SingleChildRenderObjectElement.update (package:flutter/src/widgets/framework.dart:7122)
I/flutter ( 5239): #68     Element.updateChild (package:flutter/src/widgets/framework.dart:4037)
I/flutter ( 5239): #69     ComponentElement.performRebuild (package:flutter/src/widgets/framework.dart:5841)
I/flutter ( 5239): #70     StatefulElement.performRebuild (package:flutter/src/widgets/framework.dart:5982)
I/flutter ( 5239): #71     Element.rebuild (package:flutter/src/widgets/framework.dart:5529)
I/flutter ( 5239): #72     StatefulElement.update (package:flutter/src/widgets/framework.dart:6007)
I/flutter ( 5239): #73     Element.updateChild (package:flutter/src/widgets/framework.dart:4037)
I/flutter ( 5239): #74     ComponentElement.performRebuild (package:flutter/src/widgets/framework.dart:5841)
I/flutter ( 5239): #75     Element.rebuild (package:flutter/src/widgets/framework.dart:5529)
I/flutter ( 5239): #76     ProxyElement.update (package:flutter/src/widgets/framework.dart:6149)
I/flutter ( 5239): #77     Element.updateChild (package:flutter/src/widgets/framework.dart:4037)
I/flutter ( 5239): #78     ComponentElement.performRebuild (package:flutter/src/widgets/framework.dart:5841)
I/flutter ( 5239): #79     Element.rebuild (package:flutter/src/widgets/framework.dart:5529)
I/flutter ( 5239): #80     ProxyElement.update (package:flutter/src/widgets/framework.dart:6149)
I/flutter ( 5239): #81     Element.updateChild (package:flutter/src/widgets/framework.dart:4037)
I/flutter ( 5239): #82     ComponentElement.performRebuild (package:flutter/src/widgets/framework.dart:5841)
I/flutter ( 5239): #83     StatefulElement.performRebuild (package:flutter/src/widgets/framework.dart:5982)
I/flutter ( 5239): #84     Element.rebuild (package:flutter/src/widgets/framework.dart:5529)
I/flutter ( 5239): #85     StatefulElement.update (package:flutter/src/widgets/framework.dart:6007)
I/flutter ( 5239): #86     Element.updateChild (package:flutter/src/widgets/framework.dart:4037)
I/flutter ( 5239): #87     ComponentElement.performRebuild (package:flutter/src/widgets/framework.dart:5841)
I/flutter ( 5239): #88     Element.rebuild (package:flutter/src/widgets/framework.dart:5529)
I/flutter ( 5239): #89     StatelessElement.update (package:flutter/src/widgets/framework.dart:5895)
I/flutter ( 5239): #90     Element.updateChild (package:flutter/src/widgets/framework.dart:4037)
I/flutter ( 5239): #91     SliverMultiBoxAdaptorElement.updateChild (package:flutter/src/widgets/sliver.dart:1086)
I/flutter ( 5239): #92     SliverMultiBoxAdaptorElement.performRebuild.processElement (package:flutter/src/widgets/sliver.dart:979)
I/flutter ( 5239): #93     Iterable.forEach (dart:core/iterable.dart:366)
I/flutter ( 5239): #94     SliverMultiBoxAdaptorElement.performRebuild (package:flutter/src/widgets/sliver.dart:1032)
I/flutter ( 5239): #95     SliverMultiBoxAdaptorElement.update (package:flutter/src/widgets/sliver.dart:955)
I/flutter ( 5239): #96     Element.updateChild (package:flutter/src/widgets/framework.dart:4037)
I/flutter ( 5239): #97     ComponentElement.performRebuild (package:flutter/src/widgets/framework.dart:5841)
I/flutter ( 5239): #98     Element.rebuild (package:flutter/src/widgets/framework.dart:5529)
I/flutter ( 5239): #99     ProxyElement.update (package:flutter/src/widgets/framework.dart:6149)
[spm]: ProfilerData event received.
I/flutter ( 5239): [SPM:perf] 698a51a  buildSpan: 10275µs
I/flutter ( 5239): [spm] Performance monitoring completed for 698a51a
I/flutter ( 5239): type '_Stub' is not a subtype of type 'Color?'
I/flutter ( 5239): #0      LeagueCard.build (package:benchmark_container/generated_widget.dart:125)
I/flutter ( 5239): #1      StatelessElement.build (package:flutter/src/widgets/framework.dart:5889)
I/flutter ( 5239): #2      ComponentElement.performRebuild (package:flutter/src/widgets/framework.dart:5817)
I/flutter ( 5239): #3      Element.rebuild (package:flutter/src/widgets/framework.dart:5529)
I/flutter ( 5239): #4      StatelessElement.update (package:flutter/src/widgets/framework.dart:5895)
I/flutter ( 5239): #5      Element.updateChild (package:flutter/src/widgets/framework.dart:4037)
I/flutter ( 5239): #6      SingleChildRenderObjectElement.update (package:flutter/src/widgets/framework.dart:7122)
I/flutter ( 5239): #7      Element.updateChild (package:flutter/src/widgets/framework.dart:4037)
I/flutter ( 5239): #8      ComponentElement.performRebuild (package:flutter/src/widgets/framework.dart:5841)
I/flutter ( 5239): #9      StatefulElement.performRebuild (package:flutter/src/widgets/framework.dart:5982)
I/flutter ( 5239): #10     Element.rebuild (package:flutter/src/widgets/framework.dart:5529)
I/flutter ( 5239): #11     StatefulElement.update (package:flutter/src/widgets/framework.dart:6007)
I/flutter ( 5239): #12     Element.updateChild (package:flutter/src/widgets/framework.dart:4037)
I/flutter ( 5239): #13     ComponentElement.performRebuild (package:flutter/src/widgets/framework.dart:5841)
I/flutter ( 5239): #14     Element.rebuild (package:flutter/src/widgets/framework.dart:5529)
I/flutter ( 5239): #15     StatelessElement.update (package:flutter/src/widgets/framework.dart:5895)
I/flutter ( 5239): #16     Element.updateChild (package:flutter/src/widgets/framework.dart:4037)
I/flutter ( 5239): #17     SingleChildRenderObjectElement.update (package:flutter/src/widgets/framework.dart:7122)
I/flutter ( 5239): #18     Element.updateChild (package:flutter/src/widgets/framework.dart:4037)
I/flutter ( 5239): #19     ComponentElement.performRebuild (package:flutter/src/widgets/framework.dart:5841)
I/flutter ( 5239): #20     Element.rebuild (package:flutter/src/widgets/framework.dart:5529)
I/flutter ( 5239): #21     ProxyElement.update (package:flutter/src/widgets/framework.dart:6149)
I/flutter ( 5239): #22     Element.updateChild (package:flutter/src/widgets/framework.dart:4037)
I/flutter ( 5239): #23     ComponentElement.performRebuild (package:flutter/src/widgets/framework.dart:5841)
I/flutter ( 5239): #24     Element.rebuild (package:flutter/src/widgets/framework.dart:5529)
I/flutter ( 5239): #25     StatelessElement.update (package:flutter/src/widgets/framework.dart:5895)
I/flutter ( 5239): #26     Element.updateChild (package:flutter/src/widgets/framework.dart:4037)
I/flutter ( 5239): #27     SingleChildRenderObjectElement.update (package:flutter/src/widgets/framework.dart:7122)
I/flutter ( 5239): #28     Element.updateChild (package:flutter/src/widgets/framework.dart:4037)
I/flutter ( 5239): #29     SingleChildRenderObjectElement.update (package:flutter/src/widgets/framework.dart:7122)
I/flutter ( 5239): #30     Element.updateChild (package:flutter/src/widgets/framework.dart:4037)
I/flutter ( 5239): #31     ComponentElement.performRebuild (package:flutter/src/widgets/framework.dart:5841)
I/flutter ( 5239): #32     Element.rebuild (package:flutter/src/widgets/framework.dart:5529)
I/flutter ( 5239): #33     ProxyElement.update (package:flutter/src/widgets/framework.dart:6149)
I/flutter ( 5239): #34     _InheritedNotifierElement.update (package:flutter/src/widgets/inherited_notifier.dart:108)
I/flutter ( 5239): #35     Element.updateChild (package:flutter/src/widgets/framework.dart:4037)
I/flutter ( 5239): #36     ComponentElement.performRebuild (package:flutter/src/widgets/framework.dart:5841)
I/flutter ( 5239): #37     StatefulElement.performRebuild (package:flutter/src/widgets/framework.dart:5982)
I/flutter ( 5239): #38     Element.rebuild (package:flutter/src/widgets/framework.dart:5529)
I/flutter ( 5239): #39     StatefulElement.update (package:flutter/src/widgets/framework.dart:6007)
I/flutter ( 5239): #40     Element.updateChild (package:flutter/src/widgets/framework.dart:4037)
I/flutter ( 5239): #41     ComponentElement.performRebuild (package:flutter/src/widgets/framework.dart:5841)
I/flutter ( 5239): #42     Element.rebuild (package:flutter/src/widgets/framework.dart:5529)
I/flutter ( 5239): #43     ProxyElement.update (package:flutter/src/widgets/framework.dart:6149)
I/flutter ( 5239): #44     Element.updateChild (package:flutter/src/widgets/framework.dart:4037)
I/flutter ( 5239): #45     ComponentElement.performRebuild (package:flutter/src/widgets/framework.dart:5841)
I/flutter ( 5239): #46     StatefulElement.performRebuild (package:flutter/src/widgets/framework.dart:5982)
I/flutter ( 5239): #47     Element.rebuild (package:flutter/src/widgets/framework.dart:5529)
I/flutter ( 5239): #48     StatefulElement.update (package:flutter/src/widgets/framework.dart:6007)
I/flutter ( 5239): #49     Element.updateChild (package:flutter/src/widgets/framework.dart:4037)
I/flutter ( 5239): #50     ComponentElement.performRebuild (package:flutter/src/widgets/framework.dart:5841)
I/flutter ( 5239): #51     Element.rebuild (package:flutter/src/widgets/framework.dart:5529)
I/flutter ( 5239): #52     ProxyElement.update (package:flutter/src/widgets/framework.dart:6149)
I/flutter ( 5239): #53     Element.updateChild (package:flutter/src/widgets/framework.dart:4037)
I/flutter ( 5239): #54     ComponentElement.performRebuild (package:flutter/src/widgets/framework.dart:5841)
I/flutter ( 5239): #55     StatefulElement.performRebuild (package:flutter/src/widgets/framework.dart:5982)
I/flutter ( 5239): #56     Element.rebuild (package:flutter/src/widgets/framework.dart:5529)
I/flutter ( 5239): #57     StatefulElement.update (package:flutter/src/widgets/framework.dart:6007)
I/flutter ( 5239): #58     Element.updateChild (package:flutter/src/widgets/framework.dart:4037)
I/flutter ( 5239): #59     ComponentElement.performRebuild (package:flutter/src/widgets/framework.dart:5841)
I/flutter ( 5239): #60     Element.rebuild (package:flutter/src/widgets/framework.dart:5529)
I/flutter ( 5239): #61     StatelessElement.update (package:flutter/src/widgets/framework.dart:5895)
I/flutter ( 5239): #62     Element.updateChild (package:flutter/src/widgets/framework.dart:4037)
I/flutter ( 5239): #63     SingleChildRenderObjectElement.update (package:flutter/src/widgets/framework.dart:7122)
I/flutter ( 5239): #64     Element.updateChild (package:flutter/src/widgets/framework.dart:4037)
I/flutter ( 5239): #65     SingleChildRenderObjectElement.update (package:flutter/src/widgets/framework.dart:7122)
I/flutter ( 5239): #66     Element.updateChild (package:flutter/src/widgets/framework.dart:4037)
I/flutter ( 5239): #67     SingleChildRenderObjectElement.update (package:flutter/src/widgets/framework.dart:7122)
I/flutter ( 5239): #68     Element.updateChild (package:flutter/src/widgets/framework.dart:4037)
I/flutter ( 5239): #69     ComponentElement.performRebuild (package:flutter/src/widgets/framework.dart:5841)
I/flutter ( 5239): #70     StatefulElement.performRebuild (package:flutter/src/widgets/framework.dart:5982)
I/flutter ( 5239): #71     Element.rebuild (package:flutter/src/widgets/framework.dart:5529)
I/flutter ( 5239): #72     StatefulElement.update (package:flutter/src/widgets/framework.dart:6007)
I/flutter ( 5239): #73     Element.updateChild (package:flutter/src/widgets/framework.dart:4037)
I/flutter ( 5239): #74     ComponentElement.performRebuild (package:flutter/src/widgets/framework.dart:5841)
I/flutter ( 5239): #75     Element.rebuild (package:flutter/src/widgets/framework.dart:5529)
I/flutter ( 5239): #76     ProxyElement.update (package:flutter/src/widgets/framework.dart:6149)
I/flutter ( 5239): #77     Element.updateChild (package:flutter/src/widgets/framework.dart:4037)
I/flutter ( 5239): #78     ComponentElement.performRebuild (package:flutter/src/widgets/framework.dart:5841)
I/flutter ( 5239): #79     Element.rebuild (package:flutter/src/widgets/framework.dart:5529)
I/flutter ( 5239): #80     ProxyElement.update (package:flutter/src/widgets/framework.dart:6149)
I/flutter ( 5239): #81     Element.updateChild (package:flutter/src/widgets/framework.dart:4037)
I/flutter ( 5239): #82     ComponentElement.performRebuild (package:flutter/src/widgets/framework.dart:5841)
I/flutter ( 5239): #83     StatefulElement.performRebuild (package:flutter/src/widgets/framework.dart:5982)
I/flutter ( 5239): #84     Element.rebuild (package:flutter/src/widgets/framework.dart:5529)
I/flutter ( 5239): #85     StatefulElement.update (package:flutter/src/widgets/framework.dart:6007)
I/flutter ( 5239): #86     Element.updateChild (package:flutter/src/widgets/framework.dart:4037)
I/flutter ( 5239): #87     ComponentElement.performRebuild (package:flutter/src/widgets/framework.dart:5841)
I/flutter ( 5239): #88     Element.rebuild (package:flutter/src/widgets/framework.dart:5529)
I/flutter ( 5239): #89     StatelessElement.update (package:flutter/src/widgets/framework.dart:5895)
I/flutter ( 5239): #90     Element.updateChild (package:flutter/src/widgets/framework.dart:4037)
I/flutter ( 5239): #91     SliverMultiBoxAdaptorElement.updateChild (package:flutter/src/widgets/sliver.dart:1086)
I/flutter ( 5239): #92     SliverMultiBoxAdaptorElement.performRebuild.processElement (package:flutter/src/widgets/sliver.dart:979)
I/flutter ( 5239): #93     Iterable.forEach (dart:core/iterable.dart:366)
I/flutter ( 5239): #94     SliverMultiBoxAdaptorElement.performRebuild (package:flutter/src/widgets/sliver.dart:1032)
I/flutter ( 5239): #95     SliverMultiBoxAdaptorElement.update (package:flutter/src/widgets/sliver.dart:955)
I/flutter ( 5239): #96     Element.updateChild (package:flutter/src/widgets/framework.dart:4037)
I/flutter ( 5239): #97     ComponentElement.performRebuild (package:flutter/src/widgets/framework.dart:5841)
I/flutter ( 5239): #98     Element.rebuild (package:flutter/src/widgets/framework.dart:5529)
I/flutter ( 5239): #99     ProxyElement.update (package:flutter/src/widgets/framework.dart:6149)
I/flutter ( 5239): [SPM:perf] 698a51a  buildSpan: 10429µs
I/flutter ( 5239): [spm] Performance monitoring completed for 698a51a
[spm]: ProfilerData event received.
I/flutter ( 5239): type '_Stub' is not a subtype of type 'Color?'
I/flutter ( 5239): #0      LeagueCard.build (package:benchmark_container/generated_widget.dart:125)
I/flutter ( 5239): #1      StatelessElement.build (package:flutter/src/widgets/framework.dart:5889)
I/flutter ( 5239): #2      ComponentElement.performRebuild (package:flutter/src/widgets/framework.dart:5817)
I/flutter ( 5239): #3      Element.rebuild (package:flutter/src/widgets/framework.dart:5529)
I/flutter ( 5239): #4      StatelessElement.update (package:flutter/src/widgets/framework.dart:5895)
I/flutter ( 5239): #5      Element.updateChild (package:flutter/src/widgets/framework.dart:4037)
I/flutter ( 5239): #6      SingleChildRenderObjectElement.update (package:flutter/src/widgets/framework.dart:7122)
I/flutter ( 5239): #7      Element.updateChild (package:flutter/src/widgets/framework.dart:4037)
I/flutter ( 5239): #8      ComponentElement.performRebuild (package:flutter/src/widgets/framework.dart:5841)
I/flutter ( 5239): #9      StatefulElement.performRebuild (package:flutter/src/widgets/framework.dart:5982)
I/flutter ( 5239): #10     Element.rebuild (package:flutter/src/widgets/framework.dart:5529)
I/flutter ( 5239): #11     StatefulElement.update (package:flutter/src/widgets/framework.dart:6007)
I/flutter ( 5239): #12     Element.updateChild (package:flutter/src/widgets/framework.dart:4037)
I/flutter ( 5239): #13     ComponentElement.performRebuild (package:flutter/src/widgets/framework.dart:5841)
I/flutter ( 5239): #14     Element.rebuild (package:flutter/src/widgets/framework.dart:5529)
I/flutter ( 5239): #15     StatelessElement.update (package:flutter/src/widgets/framework.dart:5895)
I/flutter ( 5239): #16     Element.updateChild (package:flutter/src/widgets/framework.dart:4037)
I/flutter ( 5239): #17     SingleChildRenderObjectElement.update (package:flutter/src/widgets/framework.dart:7122)
I/flutter ( 5239): #18     Element.updateChild (package:flutter/src/widgets/framework.dart:4037)
I/flutter ( 5239): #19     ComponentElement.performRebuild (package:flutter/src/widgets/framework.dart:5841)
I/flutter ( 5239): #20     Element.rebuild (package:flutter/src/widgets/framework.dart:5529)
I/flutter ( 5239): #21     ProxyElement.update (package:flutter/src/widgets/framework.dart:6149)
I/flutter ( 5239): #22     Element.updateChild (package:flutter/src/widgets/framework.dart:4037)
I/flutter ( 5239): #23     ComponentElement.performRebuild (package:flutter/src/widgets/framework.dart:5841)
I/flutter ( 5239): #24     Element.rebuild (package:flutter/src/widgets/framework.dart:5529)
I/flutter ( 5239): #25     StatelessElement.update (package:flutter/src/widgets/framework.dart:5895)
I/flutter ( 5239): #26     Element.updateChild (package:flutter/src/widgets/framework.dart:4037)
I/flutter ( 5239): #27     SingleChildRenderObjectElement.update (package:flutter/src/widgets/framework.dart:7122)
I/flutter ( 5239): #28     Element.updateChild (package:flutter/src/widgets/framework.dart:4037)
I/flutter ( 5239): #29     SingleChildRenderObjectElement.update (package:flutter/src/widgets/framework.dart:7122)
I/flutter ( 5239): #30     Element.updateChild (package:flutter/src/widgets/framework.dart:4037)
I/flutter ( 5239): #31     ComponentElement.performRebuild (package:flutter/src/widgets/framework.dart:5841)
I/flutter ( 5239): #32     Element.rebuild (package:flutter/src/widgets/framework.dart:5529)
I/flutter ( 5239): #33     ProxyElement.update (package:flutter/src/widgets/framework.dart:6149)
I/flutter ( 5239): #34     _InheritedNotifierElement.update (package:flutter/src/widgets/inherited_notifier.dart:108)
I/flutter ( 5239): #35     Element.updateChild (package:flutter/src/widgets/framework.dart:4037)
I/flutter ( 5239): #36     ComponentElement.performRebuild (package:flutter/src/widgets/framework.dart:5841)
I/flutter ( 5239): #37     StatefulElement.performRebuild (package:flutter/src/widgets/framework.dart:5982)
I/flutter ( 5239): #38     Element.rebuild (package:flutter/src/widgets/framework.dart:5529)
I/flutter ( 5239): #39     StatefulElement.update (package:flutter/src/widgets/framework.dart:6007)
I/flutter ( 5239): #40     Element.updateChild (package:flutter/src/widgets/framework.dart:4037)
I/flutter ( 5239): #41     ComponentElement.performRebuild (package:flutter/src/widgets/framework.dart:5841)
I/flutter ( 5239): #42     Element.rebuild (package:flutter/src/widgets/framework.dart:5529)
I/flutter ( 5239): #43     ProxyElement.update (package:flutter/src/widgets/framework.dart:6149)
I/flutter ( 5239): #44     Element.updateChild (package:flutter/src/widgets/framework.dart:4037)
I/flutter ( 5239): #45     ComponentElement.performRebuild (package:flutter/src/widgets/framework.dart:5841)
I/flutter ( 5239): #46     StatefulElement.performRebuild (package:flutter/src/widgets/framework.dart:5982)
I/flutter ( 5239): #47     Element.rebuild (package:flutter/src/widgets/framework.dart:5529)
I/flutter ( 5239): #48     StatefulElement.update (package:flutter/src/widgets/framework.dart:6007)
I/flutter ( 5239): #49     Element.updateChild (package:flutter/src/widgets/framework.dart:4037)
I/flutter ( 5239): #50     ComponentElement.performRebuild (package:flutter/src/widgets/framework.dart:5841)
I/flutter ( 5239): #51     Element.rebuild (package:flutter/src/widgets/framework.dart:5529)
I/flutter ( 5239): #52     ProxyElement.update (package:flutter/src/widgets/framework.dart:6149)
I/flutter ( 5239): #53     Element.updateChild (package:flutter/src/widgets/framework.dart:4037)
I/flutter ( 5239): #54     ComponentElement.performRebuild (package:flutter/src/widgets/framework.dart:5841)
I/flutter ( 5239): #55     StatefulElement.performRebuild (package:flutter/src/widgets/framework.dart:5982)
I/flutter ( 5239): #56     Element.rebuild (package:flutter/src/widgets/framework.dart:5529)
I/flutter ( 5239): #57     StatefulElement.update (package:flutter/src/widgets/framework.dart:6007)
I/flutter ( 5239): #58     Element.updateChild (package:flutter/src/widgets/framework.dart:4037)
I/flutter ( 5239): #59     ComponentElement.performRebuild (package:flutter/src/widgets/framework.dart:5841)
I/flutter ( 5239): #60     Element.rebuild (package:flutter/src/widgets/framework.dart:5529)
I/flutter ( 5239): #61     StatelessElement.update (package:flutter/src/widgets/framework.dart:5895)
I/flutter ( 5239): #62     Element.updateChild (package:flutter/src/widgets/framework.dart:4037)
I/flutter ( 5239): #63     SingleChildRenderObjectElement.update (package:flutter/src/widgets/framework.dart:7122)
I/flutter ( 5239): #64     Element.updateChild (package:flutter/src/widgets/framework.dart:4037)
I/flutter ( 5239): #65     SingleChildRenderObjectElement.update (package:flutter/src/widgets/framework.dart:7122)
I/flutter ( 5239): #66     Element.updateChild (package:flutter/src/widgets/framework.dart:4037)
I/flutter ( 5239): #67     SingleChildRenderObjectElement.update (package:flutter/src/widgets/framework.dart:7122)
I/flutter ( 5239): #68     Element.updateChild (package:flutter/src/widgets/framework.dart:4037)
I/flutter ( 5239): #69     ComponentElement.performRebuild (package:flutter/src/widgets/framework.dart:5841)
I/flutter ( 5239): #70     StatefulElement.performRebuild (package:flutter/src/widgets/framework.dart:5982)
I/flutter ( 5239): #71     Element.rebuild (package:flutter/src/widgets/framework.dart:5529)
I/flutter ( 5239): #72     StatefulElement.update (package:flutter/src/widgets/framework.dart:6007)
I/flutter ( 5239): #73     Element.updateChild (package:flutter/src/widgets/framework.dart:4037)
I/flutter ( 5239): #74     ComponentElement.performRebuild (package:flutter/src/widgets/framework.dart:5841)
I/flutter ( 5239): #75     Element.rebuild (package:flutter/src/widgets/framework.dart:5529)
I/flutter ( 5239): #76     ProxyElement.update (package:flutter/src/widgets/framework.dart:6149)
I/flutter ( 5239): #77     Element.updateChild (package:flutter/src/widgets/framework.dart:4037)
I/flutter ( 5239): #78     ComponentElement.performRebuild (package:flutter/src/widgets/framework.dart:5841)
I/flutter ( 5239): #79     Element.rebuild (package:flutter/src/widgets/framework.dart:5529)
I/flutter ( 5239): #80     ProxyElement.update (package:flutter/src/widgets/framework.dart:6149)
I/flutter ( 5239): #81     Element.updateChild (package:flutter/src/widgets/framework.dart:4037)
I/flutter ( 5239): #82     ComponentElement.performRebuild (package:flutter/src/widgets/framework.dart:5841)
I/flutter ( 5239): #83     StatefulElement.performRebuild (package:flutter/src/widgets/framework.dart:5982)
I/flutter ( 5239): #84     Element.rebuild (package:flutter/src/widgets/framework.dart:5529)
I/flutter ( 5239): #85     StatefulElement.update (package:flutter/src/widgets/framework.dart:6007)
I/flutter ( 5239): #86     Element.updateChild (package:flutter/src/widgets/framework.dart:4037)
I/flutter ( 5239): #87     ComponentElement.performRebuild (package:flutter/src/widgets/framework.dart:5841)
I/flutter ( 5239): #88     Element.rebuild (package:flutter/src/widgets/framework.dart:5529)
I/flutter ( 5239): #89     StatelessElement.update (package:flutter/src/widgets/framework.dart:5895)
I/flutter ( 5239): #90     Element.updateChild (package:flutter/src/widgets/framework.dart:4037)
I/flutter ( 5239): #91     SliverMultiBoxAdaptorElement.updateChild (package:flutter/src/widgets/sliver.dart:1086)
I/flutter ( 5239): #92     SliverMultiBoxAdaptorElement.performRebuild.processElement (package:flutter/src/widgets/sliver.dart:979)
I/flutter ( 5239): #93     Iterable.forEach (dart:core/iterable.dart:366)
I/flutter ( 5239): #94     SliverMultiBoxAdaptorElement.performRebuild (package:flutter/src/widgets/sliver.dart:1032)
I/flutter ( 5239): #95     SliverMultiBoxAdaptorElement.update (package:flutter/src/widgets/sliver.dart:955)
I/flutter ( 5239): #96     Element.updateChild (package:flutter/src/widgets/framework.dart:4037)
I/flutter ( 5239): #97     ComponentElement.performRebuild (package:flutter/src/widgets/framework.dart:5841)
I/flutter ( 5239): #98     Element.rebuild (package:flutter/src/widgets/framework.dart:5529)
I/flutter ( 5239): #99     ProxyElement.update (package:flutter/src/widgets/framework.dart:6149)
[spm]: ProfilerData event received.
I/flutter ( 5239): [SPM:perf] 698a51a  buildSpan: 9510µs
I/flutter ( 5239): [spm] Performance monitoring completed for 698a51a
I/flutter ( 5239): type '_Stub' is not a subtype of type 'Color?'
I/flutter ( 5239): #0      LeagueCard.build (package:benchmark_container/generated_widget.dart:125)
I/flutter ( 5239): #1      StatelessElement.build (package:flutter/src/widgets/framework.dart:5889)
I/flutter ( 5239): #2      ComponentElement.performRebuild (package:flutter/src/widgets/framework.dart:5817)
I/flutter ( 5239): #3      Element.rebuild (package:flutter/src/widgets/framework.dart:5529)
I/flutter ( 5239): #4      StatelessElement.update (package:flutter/src/widgets/framework.dart:5895)
I/flutter ( 5239): #5      Element.updateChild (package:flutter/src/widgets/framework.dart:4037)
I/flutter ( 5239): #6      SingleChildRenderObjectElement.update (package:flutter/src/widgets/framework.dart:7122)
I/flutter ( 5239): #7      Element.updateChild (package:flutter/src/widgets/framework.dart:4037)
I/flutter ( 5239): #8      ComponentElement.performRebuild (package:flutter/src/widgets/framework.dart:5841)
I/flutter ( 5239): #9      StatefulElement.performRebuild (package:flutter/src/widgets/framework.dart:5982)
I/flutter ( 5239): #10     Element.rebuild (package:flutter/src/widgets/framework.dart:5529)
I/flutter ( 5239): #11     StatefulElement.update (package:flutter/src/widgets/framework.dart:6007)
I/flutter ( 5239): #12     Element.updateChild (package:flutter/src/widgets/framework.dart:4037)
I/flutter ( 5239): #13     ComponentElement.performRebuild (package:flutter/src/widgets/framework.dart:5841)
I/flutter ( 5239): #14     Element.rebuild (package:flutter/src/widgets/framework.dart:5529)
I/flutter ( 5239): #15     StatelessElement.update (package:flutter/src/widgets/framework.dart:5895)
I/flutter ( 5239): #16     Element.updateChild (package:flutter/src/widgets/framework.dart:4037)
I/flutter ( 5239): #17     SingleChildRenderObjectElement.update (package:flutter/src/widgets/framework.dart:7122)
I/flutter ( 5239): #18     Element.updateChild (package:flutter/src/widgets/framework.dart:4037)
I/flutter ( 5239): #19     ComponentElement.performRebuild (package:flutter/src/widgets/framework.dart:5841)
I/flutter ( 5239): #20     Element.rebuild (package:flutter/src/widgets/framework.dart:5529)
I/flutter ( 5239): #21     ProxyElement.update (package:flutter/src/widgets/framework.dart:6149)
I/flutter ( 5239): #22     Element.updateChild (package:flutter/src/widgets/framework.dart:4037)
I/flutter ( 5239): #23     ComponentElement.performRebuild (package:flutter/src/widgets/framework.dart:5841)
I/flutter ( 5239): #24     Element.rebuild (package:flutter/src/widgets/framework.dart:5529)
I/flutter ( 5239): #25     StatelessElement.update (package:flutter/src/widgets/framework.dart:5895)
I/flutter ( 5239): #26     Element.updateChild (package:flutter/src/widgets/framework.dart:4037)
I/flutter ( 5239): #27     SingleChildRenderObjectElement.update (package:flutter/src/widgets/framework.dart:7122)
I/flutter ( 5239): #28     Element.updateChild (package:flutter/src/widgets/framework.dart:4037)
I/flutter ( 5239): #29     SingleChildRenderObjectElement.update (package:flutter/src/widgets/framework.dart:7122)
I/flutter ( 5239): #30     Element.updateChild (package:flutter/src/widgets/framework.dart:4037)
I/flutter ( 5239): #31     ComponentElement.performRebuild (package:flutter/src/widgets/framework.dart:5841)
I/flutter ( 5239): #32     Element.rebuild (package:flutter/src/widgets/framework.dart:5529)
I/flutter ( 5239): #33     ProxyElement.update (package:flutter/src/widgets/framework.dart:6149)
I/flutter ( 5239): #34     _InheritedNotifierElement.update (package:flutter/src/widgets/inherited_notifier.dart:108)
I/flutter ( 5239): #35     Element.updateChild (package:flutter/src/widgets/framework.dart:4037)
I/flutter ( 5239): #36     ComponentElement.performRebuild (package:flutter/src/widgets/framework.dart:5841)
I/flutter ( 5239): #37     StatefulElement.performRebuild (package:flutter/src/widgets/framework.dart:5982)
I/flutter ( 5239): #38     Element.rebuild (package:flutter/src/widgets/framework.dart:5529)
I/flutter ( 5239): #39     StatefulElement.update (package:flutter/src/widgets/framework.dart:6007)
I/flutter ( 5239): #40     Element.updateChild (package:flutter/src/widgets/framework.dart:4037)
I/flutter ( 5239): #41     ComponentElement.performRebuild (package:flutter/src/widgets/framework.dart:5841)
I/flutter ( 5239): #42     Element.rebuild (package:flutter/src/widgets/framework.dart:5529)
I/flutter ( 5239): #43     ProxyElement.update (package:flutter/src/widgets/framework.dart:6149)
I/flutter ( 5239): #44     Element.updateChild (package:flutter/src/widgets/framework.dart:4037)
I/flutter ( 5239): #45     ComponentElement.performRebuild (package:flutter/src/widgets/framework.dart:5841)
I/flutter ( 5239): #46     StatefulElement.performRebuild (package:flutter/src/widgets/framework.dart:5982)
I/flutter ( 5239): #47     Element.rebuild (package:flutter/src/widgets/framework.dart:5529)
I/flutter ( 5239): #48     StatefulElement.update (package:flutter/src/widgets/framework.dart:6007)
I/flutter ( 5239): #49     Element.updateChild (package:flutter/src/widgets/framework.dart:4037)
I/flutter ( 5239): #50     ComponentElement.performRebuild (package:flutter/src/widgets/framework.dart:5841)
I/flutter ( 5239): #51     Element.rebuild (package:flutter/src/widgets/framework.dart:5529)
I/flutter ( 5239): #52     ProxyElement.update (package:flutter/src/widgets/framework.dart:6149)
I/flutter ( 5239): #53     Element.updateChild (package:flutter/src/widgets/framework.dart:4037)
I/flutter ( 5239): #54     ComponentElement.performRebuild (package:flutter/src/widgets/framework.dart:5841)
I/flutter ( 5239): #55     StatefulElement.performRebuild (package:flutter/src/widgets/framework.dart:5982)
I/flutter ( 5239): #56     Element.rebuild (package:flutter/src/widgets/framework.dart:5529)
I/flutter ( 5239): #57     StatefulElement.update (package:flutter/src/widgets/framework.dart:6007)
I/flutter ( 5239): #58     Element.updateChild (package:flutter/src/widgets/framework.dart:4037)
I/flutter ( 5239): #59     ComponentElement.performRebuild (package:flutter/src/widgets/framework.dart:5841)
I/flutter ( 5239): #60     Element.rebuild (package:flutter/src/widgets/framework.dart:5529)
I/flutter ( 5239): #61     StatelessElement.update (package:flutter/src/widgets/framework.dart:5895)
I/flutter ( 5239): #62     Element.updateChild (package:flutter/src/widgets/framework.dart:4037)
I/flutter ( 5239): #63     SingleChildRenderObjectElement.update (package:flutter/src/widgets/framework.dart:7122)
I/flutter ( 5239): #64     Element.updateChild (package:flutter/src/widgets/framework.dart:4037)
I/flutter ( 5239): #65     SingleChildRenderObjectElement.update (package:flutter/src/widgets/framework.dart:7122)
I/flutter ( 5239): #66     Element.updateChild (package:flutter/src/widgets/framework.dart:4037)
I/flutter ( 5239): #67     SingleChildRenderObjectElement.update (package:flutter/src/widgets/framework.dart:7122)
I/flutter ( 5239): #68     Element.updateChild (package:flutter/src/widgets/framework.dart:4037)
I/flutter ( 5239): #69     ComponentElement.performRebuild (package:flutter/src/widgets/framework.dart:5841)
I/flutter ( 5239): #70     StatefulElement.performRebuild (package:flutter/src/widgets/framework.dart:5982)
I/flutter ( 5239): #71     Element.rebuild (package:flutter/src/widgets/framework.dart:5529)
I/flutter ( 5239): #72     StatefulElement.update (package:flutter/src/widgets/framework.dart:6007)
I/flutter ( 5239): #73     Element.updateChild (package:flutter/src/widgets/framework.dart:4037)
I/flutter ( 5239): #74     ComponentElement.performRebuild (package:flutter/src/widgets/framework.dart:5841)
I/flutter ( 5239): #75     Element.rebuild (package:flutter/src/widgets/framework.dart:5529)
I/flutter ( 5239): #76     ProxyElement.update (package:flutter/src/widgets/framework.dart:6149)
I/flutter ( 5239): #77     Element.updateChild (package:flutter/src/widgets/framework.dart:4037)
I/flutter ( 5239): #78     ComponentElement.performRebuild (package:flutter/src/widgets/framework.dart:5841)
I/flutter ( 5239): #79     Element.rebuild (package:flutter/src/widgets/framework.dart:5529)
I/flutter ( 5239): #80     ProxyElement.update (package:flutter/src/widgets/framework.dart:6149)
I/flutter ( 5239): #81     Element.updateChild (package:flutter/src/widgets/framework.dart:4037)
I/flutter ( 5239): #82     ComponentElement.performRebuild (package:flutter/src/widgets/framework.dart:5841)
I/flutter ( 5239): #83     StatefulElement.performRebuild (package:flutter/src/widgets/framework.dart:5982)
I/flutter ( 5239): #84     Element.rebuild (package:flutter/src/widgets/framework.dart:5529)
I/flutter ( 5239): #85     StatefulElement.update (package:flutter/src/widgets/framework.dart:6007)
I/flutter ( 5239): #86     Element.updateChild (package:flutter/src/widgets/framework.dart:4037)
I/flutter ( 5239): #87     ComponentElement.performRebuild (package:flutter/src/widgets/framework.dart:5841)
I/flutter ( 5239): #88     Element.rebuild (package:flutter/src/widgets/framework.dart:5529)
I/flutter ( 5239): #89     StatelessElement.update (package:flutter/src/widgets/framework.dart:5895)
I/flutter ( 5239): #90     Element.updateChild (package:flutter/src/widgets/framework.dart:4037)
I/flutter ( 5239): #91     SliverMultiBoxAdaptorElement.updateChild (package:flutter/src/widgets/sliver.dart:1086)
I/flutter ( 5239): #92     SliverMultiBoxAdaptorElement.performRebuild.processElement (package:flutter/src/widgets/sliver.dart:979)
I/flutter ( 5239): #93     Iterable.forEach (dart:core/iterable.dart:366)
I/flutter ( 5239): #94     SliverMultiBoxAdaptorElement.performRebuild (package:flutter/src/widgets/sliver.dart:1032)
I/flutter ( 5239): #95     SliverMultiBoxAdaptorElement.update (package:flutter/src/widgets/sliver.dart:955)
I/flutter ( 5239): #96     Element.updateChild (package:flutter/src/widgets/framework.dart:4037)
I/flutter ( 5239): #97     ComponentElement.performRebuild (package:flutter/src/widgets/framework.dart:5841)
I/flutter ( 5239): #98     Element.rebuild (package:flutter/src/widgets/framework.dart:5529)
I/flutter ( 5239): #99     ProxyElement.update (package:flutter/src/widgets/framework.dart:6149)
[spm]: ProfilerData event received.
I/flutter ( 5239): [SPM:perf] 698a51a  buildSpan: 10712µs
I/flutter ( 5239): [spm] Performance monitoring completed for 698a51a
I/flutter ( 5239): type '_Stub' is not a subtype of type 'Color?'
I/flutter ( 5239): #0      LeagueCard.build (package:benchmark_container/generated_widget.dart:125)
I/flutter ( 5239): #1      StatelessElement.build (package:flutter/src/widgets/framework.dart:5889)
I/flutter ( 5239): #2      ComponentElement.performRebuild (package:flutter/src/widgets/framework.dart:5817)
I/flutter ( 5239): #3      Element.rebuild (package:flutter/src/widgets/framework.dart:5529)
I/flutter ( 5239): #4      StatelessElement.update (package:flutter/src/widgets/framework.dart:5895)
I/flutter ( 5239): #5      Element.updateChild (package:flutter/src/widgets/framework.dart:4037)
I/flutter ( 5239): #6      SingleChildRenderObjectElement.update (package:flutter/src/widgets/framework.dart:7122)
I/flutter ( 5239): #7      Element.updateChild (package:flutter/src/widgets/framework.dart:4037)
I/flutter ( 5239): #8      ComponentElement.performRebuild (package:flutter/src/widgets/framework.dart:5841)
I/flutter ( 5239): #9      StatefulElement.performRebuild (package:flutter/src/widgets/framework.dart:5982)
I/flutter ( 5239): #10     Element.rebuild (package:flutter/src/widgets/framework.dart:5529)
I/flutter ( 5239): #11     StatefulElement.update (package:flutter/src/widgets/framework.dart:6007)
I/flutter ( 5239): #12     Element.updateChild (package:flutter/src/widgets/framework.dart:4037)
I/flutter ( 5239): #13     ComponentElement.performRebuild (package:flutter/src/widgets/framework.dart:5841)
I/flutter ( 5239): #14     Element.rebuild (package:flutter/src/widgets/framework.dart:5529)
I/flutter ( 5239): #15     StatelessElement.update (package:flutter/src/widgets/framework.dart:5895)
I/flutter ( 5239): #16     Element.updateChild (package:flutter/src/widgets/framework.dart:4037)
I/flutter ( 5239): #17     SingleChildRenderObjectElement.update (package:flutter/src/widgets/framework.dart:7122)
I/flutter ( 5239): #18     Element.updateChild (package:flutter/src/widgets/framework.dart:4037)
I/flutter ( 5239): #19     ComponentElement.performRebuild (package:flutter/src/widgets/framework.dart:5841)
I/flutter ( 5239): #20     Element.rebuild (package:flutter/src/widgets/framework.dart:5529)
I/flutter ( 5239): #21     ProxyElement.update (package:flutter/src/widgets/framework.dart:6149)
I/flutter ( 5239): #22     Element.updateChild (package:flutter/src/widgets/framework.dart:4037)
I/flutter ( 5239): #23     ComponentElement.performRebuild (package:flutter/src/widgets/framework.dart:5841)
I/flutter ( 5239): #24     Element.rebuild (package:flutter/src/widgets/framework.dart:5529)
I/flutter ( 5239): #25     StatelessElement.update (package:flutter/src/widgets/framework.dart:5895)
I/flutter ( 5239): #26     Element.updateChild (package:flutter/src/widgets/framework.dart:4037)
I/flutter ( 5239): #27     SingleChildRenderObjectElement.update (package:flutter/src/widgets/framework.dart:7122)
I/flutter ( 5239): #28     Element.updateChild (package:flutter/src/widgets/framework.dart:4037)
I/flutter ( 5239): #29     SingleChildRenderObjectElement.update (package:flutter/src/widgets/framework.dart:7122)
I/flutter ( 5239): #30     Element.updateChild (package:flutter/src/widgets/framework.dart:4037)
I/flutter ( 5239): #31     ComponentElement.performRebuild (package:flutter/src/widgets/framework.dart:5841)
I/flutter ( 5239): #32     Element.rebuild (package:flutter/src/widgets/framework.dart:5529)
I/flutter ( 5239): #33     ProxyElement.update (package:flutter/src/widgets/framework.dart:6149)
I/flutter ( 5239): #34     _InheritedNotifierElement.update (package:flutter/src/widgets/inherited_notifier.dart:108)
I/flutter ( 5239): #35     Element.updateChild (package:flutter/src/widgets/framework.dart:4037)
I/flutter ( 5239): #36     ComponentElement.performRebuild (package:flutter/src/widgets/framework.dart:5841)
I/flutter ( 5239): #37     StatefulElement.performRebuild (package:flutter/src/widgets/framework.dart:5982)
I/flutter ( 5239): #38     Element.rebuild (package:flutter/src/widgets/framework.dart:5529)
I/flutter ( 5239): #39     StatefulElement.update (package:flutter/src/widgets/framework.dart:6007)
I/flutter ( 5239): #40     Element.updateChild (package:flutter/src/widgets/framework.dart:4037)
I/flutter ( 5239): #41     ComponentElement.performRebuild (package:flutter/src/widgets/framework.dart:5841)
I/flutter ( 5239): #42     Element.rebuild (package:flutter/src/widgets/framework.dart:5529)
I/flutter ( 5239): #43     ProxyElement.update (package:flutter/src/widgets/framework.dart:6149)
I/flutter ( 5239): #44     Element.updateChild (package:flutter/src/widgets/framework.dart:4037)
I/flutter ( 5239): #45     ComponentElement.performRebuild (package:flutter/src/widgets/framework.dart:5841)
I/flutter ( 5239): #46     StatefulElement.performRebuild (package:flutter/src/widgets/framework.dart:5982)
I/flutter ( 5239): #47     Element.rebuild (package:flutter/src/widgets/framework.dart:5529)
I/flutter ( 5239): #48     StatefulElement.update (package:flutter/src/widgets/framework.dart:6007)
I/flutter ( 5239): #49     Element.updateChild (package:flutter/src/widgets/framework.dart:4037)
I/flutter ( 5239): #50     ComponentElement.performRebuild (package:flutter/src/widgets/framework.dart:5841)
I/flutter ( 5239): #51     Element.rebuild (package:flutter/src/widgets/framework.dart:5529)
I/flutter ( 5239): #52     ProxyElement.update (package:flutter/src/widgets/framework.dart:6149)
I/flutter ( 5239): #53     Element.updateChild (package:flutter/src/widgets/framework.dart:4037)
I/flutter ( 5239): #54     ComponentElement.performRebuild (package:flutter/src/widgets/framework.dart:5841)
I/flutter ( 5239): #55     StatefulElement.performRebuild (package:flutter/src/widgets/framework.dart:5982)
I/flutter ( 5239): #56     Element.rebuild (package:flutter/src/widgets/framework.dart:5529)
I/flutter ( 5239): #57     StatefulElement.update (package:flutter/src/widgets/framework.dart:6007)
I/flutter ( 5239): #58     Element.updateChild (package:flutter/src/widgets/framework.dart:4037)
I/flutter ( 5239): #59     ComponentElement.performRebuild (package:flutter/src/widgets/framework.dart:5841)
I/flutter ( 5239): #60     Element.rebuild (package:flutter/src/widgets/framework.dart:5529)
I/flutter ( 5239): #61     StatelessElement.update (package:flutter/src/widgets/framework.dart:5895)
I/flutter ( 5239): #62     Element.updateChild (package:flutter/src/widgets/framework.dart:4037)
I/flutter ( 5239): #63     SingleChildRenderObjectElement.update (package:flutter/src/widgets/framework.dart:7122)
I/flutter ( 5239): #64     Element.updateChild (package:flutter/src/widgets/framework.dart:4037)
I/flutter ( 5239): #65     SingleChildRenderObjectElement.update (package:flutter/src/widgets/framework.dart:7122)
I/flutter ( 5239): #66     Element.updateChild (package:flutter/src/widgets/framework.dart:4037)
I/flutter ( 5239): #67     SingleChildRenderObjectElement.update (package:flutter/src/widgets/framework.dart:7122)
I/flutter ( 5239): #68     Element.updateChild (package:flutter/src/widgets/framework.dart:4037)
I/flutter ( 5239): #69     ComponentElement.performRebuild (package:flutter/src/widgets/framework.dart:5841)
I/flutter ( 5239): #70     StatefulElement.performRebuild (package:flutter/src/widgets/framework.dart:5982)
I/flutter ( 5239): #71     Element.rebuild (package:flutter/src/widgets/framework.dart:5529)
I/flutter ( 5239): #72     StatefulElement.update (package:flutter/src/widgets/framework.dart:6007)
I/flutter ( 5239): #73     Element.updateChild (package:flutter/src/widgets/framework.dart:4037)
I/flutter ( 5239): #74     ComponentElement.performRebuild (package:flutter/src/widgets/framework.dart:5841)
I/flutter ( 5239): #75     Element.rebuild (package:flutter/src/widgets/framework.dart:5529)
I/flutter ( 5239): #76     ProxyElement.update (package:flutter/src/widgets/framework.dart:6149)
I/flutter ( 5239): #77     Element.updateChild (package:flutter/src/widgets/framework.dart:4037)
I/flutter ( 5239): #78     ComponentElement.performRebuild (package:flutter/src/widgets/framework.dart:5841)
I/flutter ( 5239): #79     Element.rebuild (package:flutter/src/widgets/framework.dart:5529)
I/flutter ( 5239): #80     ProxyElement.update (package:flutter/src/widgets/framework.dart:6149)
I/flutter ( 5239): #81     Element.updateChild (package:flutter/src/widgets/framework.dart:4037)
I/flutter ( 5239): #82     ComponentElement.performRebuild (package:flutter/src/widgets/framework.dart:5841)
I/flutter ( 5239): #83     StatefulElement.performRebuild (package:flutter/src/widgets/framework.dart:5982)
I/flutter ( 5239): #84     Element.rebuild (package:flutter/src/widgets/framework.dart:5529)
I/flutter ( 5239): #85     StatefulElement.update (package:flutter/src/widgets/framework.dart:6007)
I/flutter ( 5239): #86     Element.updateChild (package:flutter/src/widgets/framework.dart:4037)
I/flutter ( 5239): #87     ComponentElement.performRebuild (package:flutter/src/widgets/framework.dart:5841)
I/flutter ( 5239): #88     Element.rebuild (package:flutter/src/widgets/framework.dart:5529)
I/flutter ( 5239): #89     StatelessElement.update (package:flutter/src/widgets/framework.dart:5895)
I/flutter ( 5239): #90     Element.updateChild (package:flutter/src/widgets/framework.dart:4037)
I/flutter ( 5239): #91     SliverMultiBoxAdaptorElement.updateChild (package:flutter/src/widgets/sliver.dart:1086)
I/flutter ( 5239): #92     SliverMultiBoxAdaptorElement.performRebuild.processElement (package:flutter/src/widgets/sliver.dart:979)
I/flutter ( 5239): #93     Iterable.forEach (dart:core/iterable.dart:366)
I/flutter ( 5239): #94     SliverMultiBoxAdaptorElement.performRebuild (package:flutter/src/widgets/sliver.dart:1032)
I/flutter ( 5239): #95     SliverMultiBoxAdaptorElement.update (package:flutter/src/widgets/sliver.dart:955)
I/flutter ( 5239): #96     Element.updateChild (package:flutter/src/widgets/framework.dart:4037)
I/flutter ( 5239): #97     ComponentElement.performRebuild (package:flutter/src/widgets/framework.dart:5841)
I/flutter ( 5239): #98     Element.rebuild (package:flutter/src/widgets/framework.dart:5529)
I/flutter ( 5239): #99     ProxyElement.update (package:flutter/src/widgets/framework.dart:6149)
I/flutter ( 5239): [SPM:perf] 698a51a  buildSpan: 9911µs
I/flutter ( 5239): [spm] Performance monitoring completed for 698a51a
[spm]: ProfilerData event received.
I/flutter ( 5239): type '_Stub' is not a subtype of type 'Color?'
I/flutter ( 5239): #0      LeagueCard.build (package:benchmark_container/generated_widget.dart:125)
I/flutter ( 5239): #1      StatelessElement.build (package:flutter/src/widgets/framework.dart:5889)
I/flutter ( 5239): #2      ComponentElement.performRebuild (package:flutter/src/widgets/framework.dart:5817)
I/flutter ( 5239): #3      Element.rebuild (package:flutter/src/widgets/framework.dart:5529)
I/flutter ( 5239): #4      StatelessElement.update (package:flutter/src/widgets/framework.dart:5895)
I/flutter ( 5239): #5      Element.updateChild (package:flutter/src/widgets/framework.dart:4037)
I/flutter ( 5239): #6      SingleChildRenderObjectElement.update (package:flutter/src/widgets/framework.dart:7122)
I/flutter ( 5239): #7      Element.updateChild (package:flutter/src/widgets/framework.dart:4037)
I/flutter ( 5239): #8      ComponentElement.performRebuild (package:flutter/src/widgets/framework.dart:5841)
I/flutter ( 5239): #9      StatefulElement.performRebuild (package:flutter/src/widgets/framework.dart:5982)
I/flutter ( 5239): #10     Element.rebuild (package:flutter/src/widgets/framework.dart:5529)
I/flutter ( 5239): #11     StatefulElement.update (package:flutter/src/widgets/framework.dart:6007)
I/flutter ( 5239): #12     Element.updateChild (package:flutter/src/widgets/framework.dart:4037)
I/flutter ( 5239): #13     ComponentElement.performRebuild (package:flutter/src/widgets/framework.dart:5841)
I/flutter ( 5239): #14     Element.rebuild (package:flutter/src/widgets/framework.dart:5529)
I/flutter ( 5239): #15     StatelessElement.update (package:flutter/src/widgets/framework.dart:5895)
I/flutter ( 5239): #16     Element.updateChild (package:flutter/src/widgets/framework.dart:4037)
I/flutter ( 5239): #17     SingleChildRenderObjectElement.update (package:flutter/src/widgets/framework.dart:7122)
I/flutter ( 5239): #18     Element.updateChild (package:flutter/src/widgets/framework.dart:4037)
I/flutter ( 5239): #19     ComponentElement.performRebuild (package:flutter/src/widgets/framework.dart:5841)
I/flutter ( 5239): #20     Element.rebuild (package:flutter/src/widgets/framework.dart:5529)
I/flutter ( 5239): #21     ProxyElement.update (package:flutter/src/widgets/framework.dart:6149)
I/flutter ( 5239): #22     Element.updateChild (package:flutter/src/widgets/framework.dart:4037)
I/flutter ( 5239): #23     ComponentElement.performRebuild (package:flutter/src/widgets/framework.dart:5841)
I/flutter ( 5239): #24     Element.rebuild (package:flutter/src/widgets/framework.dart:5529)
I/flutter ( 5239): #25     StatelessElement.update (package:flutter/src/widgets/framework.dart:5895)
I/flutter ( 5239): #26     Element.updateChild (package:flutter/src/widgets/framework.dart:4037)
I/flutter ( 5239): #27     SingleChildRenderObjectElement.update (package:flutter/src/widgets/framework.dart:7122)
I/flutter ( 5239): #28     Element.updateChild (package:flutter/src/widgets/framework.dart:4037)
I/flutter ( 5239): #29     SingleChildRenderObjectElement.update (package:flutter/src/widgets/framework.dart:7122)
I/flutter ( 5239): #30     Element.updateChild (package:flutter/src/widgets/framework.dart:4037)
I/flutter ( 5239): #31     ComponentElement.performRebuild (package:flutter/src/widgets/framework.dart:5841)
I/flutter ( 5239): #32     Element.rebuild (package:flutter/src/widgets/framework.dart:5529)
I/flutter ( 5239): #33     ProxyElement.update (package:flutter/src/widgets/framework.dart:6149)
I/flutter ( 5239): #34     _InheritedNotifierElement.update (package:flutter/src/widgets/inherited_notifier.dart:108)
I/flutter ( 5239): #35     Element.updateChild (package:flutter/src/widgets/framework.dart:4037)
I/flutter ( 5239): #36     ComponentElement.performRebuild (package:flutter/src/widgets/framework.dart:5841)
I/flutter ( 5239): #37     StatefulElement.performRebuild (package:flutter/src/widgets/framework.dart:5982)
I/flutter ( 5239): #38     Element.rebuild (package:flutter/src/widgets/framework.dart:5529)
I/flutter ( 5239): #39     StatefulElement.update (package:flutter/src/widgets/framework.dart:6007)
I/flutter ( 5239): #40     Element.updateChild (package:flutter/src/widgets/framework.dart:4037)
I/flutter ( 5239): #41     ComponentElement.performRebuild (package:flutter/src/widgets/framework.dart:5841)
I/flutter ( 5239): #42     Element.rebuild (package:flutter/src/widgets/framework.dart:5529)
I/flutter ( 5239): #43     ProxyElement.update (package:flutter/src/widgets/framework.dart:6149)
I/flutter ( 5239): #44     Element.updateChild (package:flutter/src/widgets/framework.dart:4037)
I/flutter ( 5239): #45     ComponentElement.performRebuild (package:flutter/src/widgets/framework.dart:5841)
I/flutter ( 5239): #46     StatefulElement.performRebuild (package:flutter/src/widgets/framework.dart:5982)
I/flutter ( 5239): #47     Element.rebuild (package:flutter/src/widgets/framework.dart:5529)
I/flutter ( 5239): #48     StatefulElement.update (package:flutter/src/widgets/framework.dart:6007)
I/flutter ( 5239): #49     Element.updateChild (package:flutter/src/widgets/framework.dart:4037)
I/flutter ( 5239): #50     ComponentElement.performRebuild (package:flutter/src/widgets/framework.dart:5841)
I/flutter ( 5239): #51     Element.rebuild (package:flutter/src/widgets/framework.dart:5529)
I/flutter ( 5239): #52     ProxyElement.update (package:flutter/src/widgets/framework.dart:6149)
I/flutter ( 5239): #53     Element.updateChild (package:flutter/src/widgets/framework.dart:4037)
I/flutter ( 5239): #54     ComponentElement.performRebuild (package:flutter/src/widgets/framework.dart:5841)
I/flutter ( 5239): #55     StatefulElement.performRebuild (package:flutter/src/widgets/framework.dart:5982)
I/flutter ( 5239): #56     Element.rebuild (package:flutter/src/widgets/framework.dart:5529)
I/flutter ( 5239): #57     StatefulElement.update (package:flutter/src/widgets/framework.dart:6007)
I/flutter ( 5239): #58     Element.updateChild (package:flutter/src/widgets/framework.dart:4037)
I/flutter ( 5239): #59     ComponentElement.performRebuild (package:flutter/src/widgets/framework.dart:5841)
I/flutter ( 5239): #60     Element.rebuild (package:flutter/src/widgets/framework.dart:5529)
I/flutter ( 5239): #61     StatelessElement.update (package:flutter/src/widgets/framework.dart:5895)
I/flutter ( 5239): #62     Element.updateChild (package:flutter/src/widgets/framework.dart:4037)
I/flutter ( 5239): #63     SingleChildRenderObjectElement.update (package:flutter/src/widgets/framework.dart:7122)
I/flutter ( 5239): #64     Element.updateChild (package:flutter/src/widgets/framework.dart:4037)
I/flutter ( 5239): #65     SingleChildRenderObjectElement.update (package:flutter/src/widgets/framework.dart:7122)
I/flutter ( 5239): #66     Element.updateChild (package:flutter/src/widgets/framework.dart:4037)
I/flutter ( 5239): #67     SingleChildRenderObjectElement.update (package:flutter/src/widgets/framework.dart:7122)
I/flutter ( 5239): #68     Element.updateChild (package:flutter/src/widgets/framework.dart:4037)
I/flutter ( 5239): #69     ComponentElement.performRebuild (package:flutter/src/widgets/framework.dart:5841)
I/flutter ( 5239): #70     StatefulElement.performRebuild (package:flutter/src/widgets/framework.dart:5982)
I/flutter ( 5239): #71     Element.rebuild (package:flutter/src/widgets/framework.dart:5529)
I/flutter ( 5239): #72     StatefulElement.update (package:flutter/src/widgets/framework.dart:6007)
I/flutter ( 5239): #73     Element.updateChild (package:flutter/src/widgets/framework.dart:4037)
I/flutter ( 5239): #74     ComponentElement.performRebuild (package:flutter/src/widgets/framework.dart:5841)
I/flutter ( 5239): #75     Element.rebuild (package:flutter/src/widgets/framework.dart:5529)
I/flutter ( 5239): #76     ProxyElement.update (package:flutter/src/widgets/framework.dart:6149)
I/flutter ( 5239): #77     Element.updateChild (package:flutter/src/widgets/framework.dart:4037)
I/flutter ( 5239): #78     ComponentElement.performRebuild (package:flutter/src/widgets/framework.dart:5841)
I/flutter ( 5239): #79     Element.rebuild (package:flutter/src/widgets/framework.dart:5529)
I/flutter ( 5239): #80     ProxyElement.update (package:flutter/src/widgets/framework.dart:6149)
I/flutter ( 5239): #81     Element.updateChild (package:flutter/src/widgets/framework.dart:4037)
I/flutter ( 5239): #82     ComponentElement.performRebuild (package:flutter/src/widgets/framework.dart:5841)
I/flutter ( 5239): #83     StatefulElement.performRebuild (package:flutter/src/widgets/framework.dart:5982)
I/flutter ( 5239): #84     Element.rebuild (package:flutter/src/widgets/framework.dart:5529)
I/flutter ( 5239): #85     StatefulElement.update (package:flutter/src/widgets/framework.dart:6007)
I/flutter ( 5239): #86     Element.updateChild (package:flutter/src/widgets/framework.dart:4037)
I/flutter ( 5239): #87     ComponentElement.performRebuild (package:flutter/src/widgets/framework.dart:5841)
I/flutter ( 5239): #88     Element.rebuild (package:flutter/src/widgets/framework.dart:5529)
I/flutter ( 5239): #89     StatelessElement.update (package:flutter/src/widgets/framework.dart:5895)
I/flutter ( 5239): #90     Element.updateChild (package:flutter/src/widgets/framework.dart:4037)
I/flutter ( 5239): #91     SliverMultiBoxAdaptorElement.updateChild (package:flutter/src/widgets/sliver.dart:1086)
I/flutter ( 5239): #92     SliverMultiBoxAdaptorElement.performRebuild.processElement (package:flutter/src/widgets/sliver.dart:979)
I/flutter ( 5239): #93     Iterable.forEach (dart:core/iterable.dart:366)
I/flutter ( 5239): #94     SliverMultiBoxAdaptorElement.performRebuild (package:flutter/src/widgets/sliver.dart:1032)
I/flutter ( 5239): #95     SliverMultiBoxAdaptorElement.update (package:flutter/src/widgets/sliver.dart:955)
I/flutter ( 5239): #96     Element.updateChild (package:flutter/src/widgets/framework.dart:4037)
I/flutter ( 5239): #97     ComponentElement.performRebuild (package:flutter/src/widgets/framework.dart:5841)
I/flutter ( 5239): #98     Element.rebuild (package:flutter/src/widgets/framework.dart:5529)
I/flutter ( 5239): #99     ProxyElement.update (package:flutter/src/widgets/framework.dart:6149)
I/flutter ( 5239): [SPM:perf] 698a51a  buildSpan: 11594µs
I/flutter ( 5239): [spm] Performance monitoring completed for 698a51a
[spm]: ProfilerData event received.
I/flutter ( 5239): type '_Stub' is not a subtype of type 'Color?'
I/flutter ( 5239): #0      LeagueCard.build (package:benchmark_container/generated_widget.dart:125)
I/flutter ( 5239): #1      StatelessElement.build (package:flutter/src/widgets/framework.dart:5889)
I/flutter ( 5239): #2      ComponentElement.performRebuild (package:flutter/src/widgets/framework.dart:5817)
I/flutter ( 5239): #3      Element.rebuild (package:flutter/src/widgets/framework.dart:5529)
I/flutter ( 5239): #4      StatelessElement.update (package:flutter/src/widgets/framework.dart:5895)
I/flutter ( 5239): #5      Element.updateChild (package:flutter/src/widgets/framework.dart:4037)
I/flutter ( 5239): #6      SingleChildRenderObjectElement.update (package:flutter/src/widgets/framework.dart:7122)
I/flutter ( 5239): #7      Element.updateChild (package:flutter/src/widgets/framework.dart:4037)
I/flutter ( 5239): #8      ComponentElement.performRebuild (package:flutter/src/widgets/framework.dart:5841)
I/flutter ( 5239): #9      StatefulElement.performRebuild (package:flutter/src/widgets/framework.dart:5982)
I/flutter ( 5239): #10     Element.rebuild (package:flutter/src/widgets/framework.dart:5529)
I/flutter ( 5239): #11     StatefulElement.update (package:flutter/src/widgets/framework.dart:6007)
I/flutter ( 5239): #12     Element.updateChild (package:flutter/src/widgets/framework.dart:4037)
I/flutter ( 5239): #13     ComponentElement.performRebuild (package:flutter/src/widgets/framework.dart:5841)
I/flutter ( 5239): #14     Element.rebuild (package:flutter/src/widgets/framework.dart:5529)
I/flutter ( 5239): #15     StatelessElement.update (package:flutter/src/widgets/framework.dart:5895)
I/flutter ( 5239): #16     Element.updateChild (package:flutter/src/widgets/framework.dart:4037)
I/flutter ( 5239): #17     SingleChildRenderObjectElement.update (package:flutter/src/widgets/framework.dart:7122)
I/flutter ( 5239): #18     Element.updateChild (package:flutter/src/widgets/framework.dart:4037)
I/flutter ( 5239): #19     ComponentElement.performRebuild (package:flutter/src/widgets/framework.dart:5841)
I/flutter ( 5239): #20     Element.rebuild (package:flutter/src/widgets/framework.dart:5529)
I/flutter ( 5239): #21     ProxyElement.update (package:flutter/src/widgets/framework.dart:6149)
I/flutter ( 5239): #22     Element.updateChild (package:flutter/src/widgets/framework.dart:4037)
I/flutter ( 5239): #23     ComponentElement.performRebuild (package:flutter/src/widgets/framework.dart:5841)
I/flutter ( 5239): #24     Element.rebuild (package:flutter/src/widgets/framework.dart:5529)
I/flutter ( 5239): #25     StatelessElement.update (package:flutter/src/widgets/framework.dart:5895)
I/flutter ( 5239): #26     Element.updateChild (package:flutter/src/widgets/framework.dart:4037)
I/flutter ( 5239): #27     SingleChildRenderObjectElement.update (package:flutter/src/widgets/framework.dart:7122)
I/flutter ( 5239): #28     Element.updateChild (package:flutter/src/widgets/framework.dart:4037)
I/flutter ( 5239): #29     SingleChildRenderObjectElement.update (package:flutter/src/widgets/framework.dart:7122)
I/flutter ( 5239): #30     Element.updateChild (package:flutter/src/widgets/framework.dart:4037)
I/flutter ( 5239): #31     ComponentElement.performRebuild (package:flutter/src/widgets/framework.dart:5841)
I/flutter ( 5239): #32     Element.rebuild (package:flutter/src/widgets/framework.dart:5529)
I/flutter ( 5239): #33     ProxyElement.update (package:flutter/src/widgets/framework.dart:6149)
I/flutter ( 5239): #34     _InheritedNotifierElement.update (package:flutter/src/widgets/inherited_notifier.dart:108)
I/flutter ( 5239): #35     Element.updateChild (package:flutter/src/widgets/framework.dart:4037)
I/flutter ( 5239): #36     ComponentElement.performRebuild (package:flutter/src/widgets/framework.dart:5841)
I/flutter ( 5239): #37     StatefulElement.performRebuild (package:flutter/src/widgets/framework.dart:5982)
I/flutter ( 5239): #38     Element.rebuild (package:flutter/src/widgets/framework.dart:5529)
I/flutter ( 5239): #39     StatefulElement.update (package:flutter/src/widgets/framework.dart:6007)
I/flutter ( 5239): #40     Element.updateChild (package:flutter/src/widgets/framework.dart:4037)
I/flutter ( 5239): #41     ComponentElement.performRebuild (package:flutter/src/widgets/framework.dart:5841)
I/flutter ( 5239): #42     Element.rebuild (package:flutter/src/widgets/framework.dart:5529)
I/flutter ( 5239): #43     ProxyElement.update (package:flutter/src/widgets/framework.dart:6149)
I/flutter ( 5239): #44     Element.updateChild (package:flutter/src/widgets/framework.dart:4037)
I/flutter ( 5239): #45     ComponentElement.performRebuild (package:flutter/src/widgets/framework.dart:5841)
I/flutter ( 5239): #46     StatefulElement.performRebuild (package:flutter/src/widgets/framework.dart:5982)
I/flutter ( 5239): #47     Element.rebuild (package:flutter/src/widgets/framework.dart:5529)
I/flutter ( 5239): #48     StatefulElement.update (package:flutter/src/widgets/framework.dart:6007)
I/flutter ( 5239): #49     Element.updateChild (package:flutter/src/widgets/framework.dart:4037)
I/flutter ( 5239): #50     ComponentElement.performRebuild (package:flutter/src/widgets/framework.dart:5841)
I/flutter ( 5239): #51     Element.rebuild (package:flutter/src/widgets/framework.dart:5529)
I/flutter ( 5239): #52     ProxyElement.update (package:flutter/src/widgets/framework.dart:6149)
I/flutter ( 5239): #53     Element.updateChild (package:flutter/src/widgets/framework.dart:4037)
I/flutter ( 5239): #54     ComponentElement.performRebuild (package:flutter/src/widgets/framework.dart:5841)
I/flutter ( 5239): #55     StatefulElement.performRebuild (package:flutter/src/widgets/framework.dart:5982)
I/flutter ( 5239): #56     Element.rebuild (package:flutter/src/widgets/framework.dart:5529)
I/flutter ( 5239): #57     StatefulElement.update (package:flutter/src/widgets/framework.dart:6007)
I/flutter ( 5239): #58     Element.updateChild (package:flutter/src/widgets/framework.dart:4037)
I/flutter ( 5239): #59     ComponentElement.performRebuild (package:flutter/src/widgets/framework.dart:5841)
I/flutter ( 5239): #60     Element.rebuild (package:flutter/src/widgets/framework.dart:5529)
I/flutter ( 5239): #61     StatelessElement.update (package:flutter/src/widgets/framework.dart:5895)
I/flutter ( 5239): #62     Element.updateChild (package:flutter/src/widgets/framework.dart:4037)
I/flutter ( 5239): #63     SingleChildRenderObjectElement.update (package:flutter/src/widgets/framework.dart:7122)
I/flutter ( 5239): #64     Element.updateChild (package:flutter/src/widgets/framework.dart:4037)
I/flutter ( 5239): #65     SingleChildRenderObjectElement.update (package:flutter/src/widgets/framework.dart:7122)
I/flutter ( 5239): #66     Element.updateChild (package:flutter/src/widgets/framework.dart:4037)
I/flutter ( 5239): #67     SingleChildRenderObjectElement.update (package:flutter/src/widgets/framework.dart:7122)
I/flutter ( 5239): #68     Element.updateChild (package:flutter/src/widgets/framework.dart:4037)
I/flutter ( 5239): #69     ComponentElement.performRebuild (package:flutter/src/widgets/framework.dart:5841)
I/flutter ( 5239): #70     StatefulElement.performRebuild (package:flutter/src/widgets/framework.dart:5982)
I/flutter ( 5239): #71     Element.rebuild (package:flutter/src/widgets/framework.dart:5529)
I/flutter ( 5239): #72     StatefulElement.update (package:flutter/src/widgets/framework.dart:6007)
I/flutter ( 5239): #73     Element.updateChild (package:flutter/src/widgets/framework.dart:4037)
I/flutter ( 5239): #74     ComponentElement.performRebuild (package:flutter/src/widgets/framework.dart:5841)
I/flutter ( 5239): #75     Element.rebuild (package:flutter/src/widgets/framework.dart:5529)
I/flutter ( 5239): #76     ProxyElement.update (package:flutter/src/widgets/framework.dart:6149)
I/flutter ( 5239): #77     Element.updateChild (package:flutter/src/widgets/framework.dart:4037)
I/flutter ( 5239): #78     ComponentElement.performRebuild (package:flutter/src/widgets/framework.dart:5841)
I/flutter ( 5239): #79     Element.rebuild (package:flutter/src/widgets/framework.dart:5529)
I/flutter ( 5239): #80     ProxyElement.update (package:flutter/src/widgets/framework.dart:6149)
I/flutter ( 5239): #81     Element.updateChild (package:flutter/src/widgets/framework.dart:4037)
I/flutter ( 5239): #82     ComponentElement.performRebuild (package:flutter/src/widgets/framework.dart:5841)
I/flutter ( 5239): #83     StatefulElement.performRebuild (package:flutter/src/widgets/framework.dart:5982)
I/flutter ( 5239): #84     Element.rebuild (package:flutter/src/widgets/framework.dart:5529)
I/flutter ( 5239): #85     StatefulElement.update (package:flutter/src/widgets/framework.dart:6007)
I/flutter ( 5239): #86     Element.updateChild (package:flutter/src/widgets/framework.dart:4037)
I/flutter ( 5239): #87     ComponentElement.performRebuild (package:flutter/src/widgets/framework.dart:5841)
I/flutter ( 5239): #88     Element.rebuild (package:flutter/src/widgets/framework.dart:5529)
I/flutter ( 5239): #89     StatelessElement.update (package:flutter/src/widgets/framework.dart:5895)
I/flutter ( 5239): #90     Element.updateChild (package:flutter/src/widgets/framework.dart:4037)
I/flutter ( 5239): #91     SliverMultiBoxAdaptorElement.updateChild (package:flutter/src/widgets/sliver.dart:1086)
I/flutter ( 5239): #92     SliverMultiBoxAdaptorElement.performRebuild.processElement (package:flutter/src/widgets/sliver.dart:979)
I/flutter ( 5239): #93     Iterable.forEach (dart:core/iterable.dart:366)
I/flutter ( 5239): #94     SliverMultiBoxAdaptorElement.performRebuild (package:flutter/src/widgets/sliver.dart:1032)
I/flutter ( 5239): #95     SliverMultiBoxAdaptorElement.update (package:flutter/src/widgets/sliver.dart:955)
I/flutter ( 5239): #96     Element.updateChild (package:flutter/src/widgets/framework.dart:4037)
I/flutter ( 5239): #97     ComponentElement.performRebuild (package:flutter/src/widgets/framework.dart:5841)
I/flutter ( 5239): #98     Element.rebuild (package:flutter/src/widgets/framework.dart:5529)
I/flutter ( 5239): #99     ProxyElement.update (package:flutter/src/widgets/framework.dart:6149)
[spm]: ProfilerData event received.
I/flutter ( 5239): [SPM:perf] 698a51a  buildSpan: 11678µs
I/flutter ( 5239): [spm] Performance monitoring completed for 698a51a
I/flutter ( 5239): type '_Stub' is not a subtype of type 'Color?'
I/flutter ( 5239): #0      LeagueCard.build (package:benchmark_container/generated_widget.dart:125)
I/flutter ( 5239): #1      StatelessElement.build (package:flutter/src/widgets/framework.dart:5889)
I/flutter ( 5239): #2      ComponentElement.performRebuild (package:flutter/src/widgets/framework.dart:5817)
I/flutter ( 5239): #3      Element.rebuild (package:flutter/src/widgets/framework.dart:5529)
I/flutter ( 5239): #4      StatelessElement.update (package:flutter/src/widgets/framework.dart:5895)
I/flutter ( 5239): #5      Element.updateChild (package:flutter/src/widgets/framework.dart:4037)
I/flutter ( 5239): #6      SingleChildRenderObjectElement.update (package:flutter/src/widgets/framework.dart:7122)
I/flutter ( 5239): #7      Element.updateChild (package:flutter/src/widgets/framework.dart:4037)
I/flutter ( 5239): #8      ComponentElement.performRebuild (package:flutter/src/widgets/framework.dart:5841)
I/flutter ( 5239): #9      StatefulElement.performRebuild (package:flutter/src/widgets/framework.dart:5982)
I/flutter ( 5239): #10     Element.rebuild (package:flutter/src/widgets/framework.dart:5529)
I/flutter ( 5239): #11     StatefulElement.update (package:flutter/src/widgets/framework.dart:6007)
I/flutter ( 5239): #12     Element.updateChild (package:flutter/src/widgets/framework.dart:4037)
I/flutter ( 5239): #13     ComponentElement.performRebuild (package:flutter/src/widgets/framework.dart:5841)
I/flutter ( 5239): #14     Element.rebuild (package:flutter/src/widgets/framework.dart:5529)
I/flutter ( 5239): #15     StatelessElement.update (package:flutter/src/widgets/framework.dart:5895)
I/flutter ( 5239): #16     Element.updateChild (package:flutter/src/widgets/framework.dart:4037)
I/flutter ( 5239): #17     SingleChildRenderObjectElement.update (package:flutter/src/widgets/framework.dart:7122)
I/flutter ( 5239): #18     Element.updateChild (package:flutter/src/widgets/framework.dart:4037)
I/flutter ( 5239): #19     ComponentElement.performRebuild (package:flutter/src/widgets/framework.dart:5841)
I/flutter ( 5239): #20     Element.rebuild (package:flutter/src/widgets/framework.dart:5529)
I/flutter ( 5239): #21     ProxyElement.update (package:flutter/src/widgets/framework.dart:6149)
I/flutter ( 5239): #22     Element.updateChild (package:flutter/src/widgets/framework.dart:4037)
I/flutter ( 5239): #23     ComponentElement.performRebuild (package:flutter/src/widgets/framework.dart:5841)
I/flutter ( 5239): #24     Element.rebuild (package:flutter/src/widgets/framework.dart:5529)
I/flutter ( 5239): #25     StatelessElement.update (package:flutter/src/widgets/framework.dart:5895)
I/flutter ( 5239): #26     Element.updateChild (package:flutter/src/widgets/framework.dart:4037)
I/flutter ( 5239): #27     SingleChildRenderObjectElement.update (package:flutter/src/widgets/framework.dart:7122)
I/flutter ( 5239): #28     Element.updateChild (package:flutter/src/widgets/framework.dart:4037)
I/flutter ( 5239): #29     SingleChildRenderObjectElement.update (package:flutter/src/widgets/framework.dart:7122)
I/flutter ( 5239): #30     Element.updateChild (package:flutter/src/widgets/framework.dart:4037)
I/flutter ( 5239): #31     ComponentElement.performRebuild (package:flutter/src/widgets/framework.dart:5841)
I/flutter ( 5239): #32     Element.rebuild (package:flutter/src/widgets/framework.dart:5529)
I/flutter ( 5239): #33     ProxyElement.update (package:flutter/src/widgets/framework.dart:6149)
I/flutter ( 5239): #34     _InheritedNotifierElement.update (package:flutter/src/widgets/inherited_notifier.dart:108)
I/flutter ( 5239): #35     Element.updateChild (package:flutter/src/widgets/framework.dart:4037)
I/flutter ( 5239): #36     ComponentElement.performRebuild (package:flutter/src/widgets/framework.dart:5841)
I/flutter ( 5239): #37     StatefulElement.performRebuild (package:flutter/src/widgets/framework.dart:5982)
I/flutter ( 5239): #38     Element.rebuild (package:flutter/src/widgets/framework.dart:5529)
I/flutter ( 5239): #39     StatefulElement.update (package:flutter/src/widgets/framework.dart:6007)
I/flutter ( 5239): #40     Element.updateChild (package:flutter/src/widgets/framework.dart:4037)
I/flutter ( 5239): #41     ComponentElement.performRebuild (package:flutter/src/widgets/framework.dart:5841)
I/flutter ( 5239): #42     Element.rebuild (package:flutter/src/widgets/framework.dart:5529)
I/flutter ( 5239): #43     ProxyElement.update (package:flutter/src/widgets/framework.dart:6149)
I/flutter ( 5239): #44     Element.updateChild (package:flutter/src/widgets/framework.dart:4037)
I/flutter ( 5239): #45     ComponentElement.performRebuild (package:flutter/src/widgets/framework.dart:5841)
I/flutter ( 5239): #46     StatefulElement.performRebuild (package:flutter/src/widgets/framework.dart:5982)
I/flutter ( 5239): #47     Element.rebuild (package:flutter/src/widgets/framework.dart:5529)
I/flutter ( 5239): #48     StatefulElement.update (package:flutter/src/widgets/framework.dart:6007)
I/flutter ( 5239): #49     Element.updateChild (package:flutter/src/widgets/framework.dart:4037)
I/flutter ( 5239): #50     ComponentElement.performRebuild (package:flutter/src/widgets/framework.dart:5841)
I/flutter ( 5239): #51     Element.rebuild (package:flutter/src/widgets/framework.dart:5529)
I/flutter ( 5239): #52     ProxyElement.update (package:flutter/src/widgets/framework.dart:6149)
I/flutter ( 5239): #53     Element.updateChild (package:flutter/src/widgets/framework.dart:4037)
I/flutter ( 5239): #54     ComponentElement.performRebuild (package:flutter/src/widgets/framework.dart:5841)
I/flutter ( 5239): #55     StatefulElement.performRebuild (package:flutter/src/widgets/framework.dart:5982)
I/flutter ( 5239): #56     Element.rebuild (package:flutter/src/widgets/framework.dart:5529)
I/flutter ( 5239): #57     StatefulElement.update (package:flutter/src/widgets/framework.dart:6007)
I/flutter ( 5239): #58     Element.updateChild (package:flutter/src/widgets/framework.dart:4037)
I/flutter ( 5239): #59     ComponentElement.performRebuild (package:flutter/src/widgets/framework.dart:5841)
I/flutter ( 5239): #60     Element.rebuild (package:flutter/src/widgets/framework.dart:5529)
I/flutter ( 5239): #61     StatelessElement.update (package:flutter/src/widgets/framework.dart:5895)
I/flutter ( 5239): #62     Element.updateChild (package:flutter/src/widgets/framework.dart:4037)
I/flutter ( 5239): #63     SingleChildRenderObjectElement.update (package:flutter/src/widgets/framework.dart:7122)
I/flutter ( 5239): #64     Element.updateChild (package:flutter/src/widgets/framework.dart:4037)
I/flutter ( 5239): #65     SingleChildRenderObjectElement.update (package:flutter/src/widgets/framework.dart:7122)
I/flutter ( 5239): #66     Element.updateChild (package:flutter/src/widgets/framework.dart:4037)
I/flutter ( 5239): #67     SingleChildRenderObjectElement.update (package:flutter/src/widgets/framework.dart:7122)
I/flutter ( 5239): #68     Element.updateChild (package:flutter/src/widgets/framework.dart:4037)
I/flutter ( 5239): #69     ComponentElement.performRebuild (package:flutter/src/widgets/framework.dart:5841)
I/flutter ( 5239): #70     StatefulElement.performRebuild (package:flutter/src/widgets/framework.dart:5982)
I/flutter ( 5239): #71     Element.rebuild (package:flutter/src/widgets/framework.dart:5529)
I/flutter ( 5239): #72     StatefulElement.update (package:flutter/src/widgets/framework.dart:6007)
I/flutter ( 5239): #73     Element.updateChild (package:flutter/src/widgets/framework.dart:4037)
I/flutter ( 5239): #74     ComponentElement.performRebuild (package:flutter/src/widgets/framework.dart:5841)
I/flutter ( 5239): #75     Element.rebuild (package:flutter/src/widgets/framework.dart:5529)
I/flutter ( 5239): #76     ProxyElement.update (package:flutter/src/widgets/framework.dart:6149)
I/flutter ( 5239): #77     Element.updateChild (package:flutter/src/widgets/framework.dart:4037)
I/flutter ( 5239): #78     ComponentElement.performRebuild (package:flutter/src/widgets/framework.dart:5841)
I/flutter ( 5239): #79     Element.rebuild (package:flutter/src/widgets/framework.dart:5529)
I/flutter ( 5239): #80     ProxyElement.update (package:flutter/src/widgets/framework.dart:6149)
I/flutter ( 5239): #81     Element.updateChild (package:flutter/src/widgets/framework.dart:4037)
I/flutter ( 5239): #82     ComponentElement.performRebuild (package:flutter/src/widgets/framework.dart:5841)
I/flutter ( 5239): #83     StatefulElement.performRebuild (package:flutter/src/widgets/framework.dart:5982)
I/flutter ( 5239): #84     Element.rebuild (package:flutter/src/widgets/framework.dart:5529)
I/flutter ( 5239): #85     StatefulElement.update (package:flutter/src/widgets/framework.dart:6007)
I/flutter ( 5239): #86     Element.updateChild (package:flutter/src/widgets/framework.dart:4037)
I/flutter ( 5239): #87     ComponentElement.performRebuild (package:flutter/src/widgets/framework.dart:5841)
I/flutter ( 5239): #88     Element.rebuild (package:flutter/src/widgets/framework.dart:5529)
I/flutter ( 5239): #89     StatelessElement.update (package:flutter/src/widgets/framework.dart:5895)
I/flutter ( 5239): #90     Element.updateChild (package:flutter/src/widgets/framework.dart:4037)
I/flutter ( 5239): #91     SliverMultiBoxAdaptorElement.updateChild (package:flutter/src/widgets/sliver.dart:1086)
I/flutter ( 5239): #92     SliverMultiBoxAdaptorElement.performRebuild.processElement (package:flutter/src/widgets/sliver.dart:979)
I/flutter ( 5239): #93     Iterable.forEach (dart:core/iterable.dart:366)
I/flutter ( 5239): #94     SliverMultiBoxAdaptorElement.performRebuild (package:flutter/src/widgets/sliver.dart:1032)
I/flutter ( 5239): #95     SliverMultiBoxAdaptorElement.update (package:flutter/src/widgets/sliver.dart:955)
I/flutter ( 5239): #96     Element.updateChild (package:flutter/src/widgets/framework.dart:4037)
I/flutter ( 5239): #97     ComponentElement.performRebuild (package:flutter/src/widgets/framework.dart:5841)
I/flutter ( 5239): #98     Element.rebuild (package:flutter/src/widgets/framework.dart:5529)
I/flutter ( 5239): #99     ProxyElement.update (package:flutter/src/widgets/framework.dart:6149)
[spm]: ProfilerData event received.
I/flutter ( 5239): [SPM:perf] 698a51a  buildSpan: 10913µs
I/flutter ( 5239): [spm] Performance monitoring completed for 698a51a
I/flutter ( 5239): type '_Stub' is not a subtype of type 'Color?'
I/flutter ( 5239): #0      LeagueCard.build (package:benchmark_container/generated_widget.dart:125)
I/flutter ( 5239): #1      StatelessElement.build (package:flutter/src/widgets/framework.dart:5889)
I/flutter ( 5239): #2      ComponentElement.performRebuild (package:flutter/src/widgets/framework.dart:5817)
I/flutter ( 5239): #3      Element.rebuild (package:flutter/src/widgets/framework.dart:5529)
I/flutter ( 5239): #4      StatelessElement.update (package:flutter/src/widgets/framework.dart:5895)
I/flutter ( 5239): #5      Element.updateChild (package:flutter/src/widgets/framework.dart:4037)
I/flutter ( 5239): #6      SingleChildRenderObjectElement.update (package:flutter/src/widgets/framework.dart:7122)
I/flutter ( 5239): #7      Element.updateChild (package:flutter/src/widgets/framework.dart:4037)
I/flutter ( 5239): #8      ComponentElement.performRebuild (package:flutter/src/widgets/framework.dart:5841)
I/flutter ( 5239): #9      StatefulElement.performRebuild (package:flutter/src/widgets/framework.dart:5982)
I/flutter ( 5239): #10     Element.rebuild (package:flutter/src/widgets/framework.dart:5529)
I/flutter ( 5239): #11     StatefulElement.update (package:flutter/src/widgets/framework.dart:6007)
I/flutter ( 5239): #12     Element.updateChild (package:flutter/src/widgets/framework.dart:4037)
I/flutter ( 5239): #13     ComponentElement.performRebuild (package:flutter/src/widgets/framework.dart:5841)
I/flutter ( 5239): #14     Element.rebuild (package:flutter/src/widgets/framework.dart:5529)
I/flutter ( 5239): #15     StatelessElement.update (package:flutter/src/widgets/framework.dart:5895)
I/flutter ( 5239): #16     Element.updateChild (package:flutter/src/widgets/framework.dart:4037)
I/flutter ( 5239): #17     SingleChildRenderObjectElement.update (package:flutter/src/widgets/framework.dart:7122)
I/flutter ( 5239): #18     Element.updateChild (package:flutter/src/widgets/framework.dart:4037)
I/flutter ( 5239): #19     ComponentElement.performRebuild (package:flutter/src/widgets/framework.dart:5841)
I/flutter ( 5239): #20     Element.rebuild (package:flutter/src/widgets/framework.dart:5529)
I/flutter ( 5239): #21     ProxyElement.update (package:flutter/src/widgets/framework.dart:6149)
I/flutter ( 5239): #22     Element.updateChild (package:flutter/src/widgets/framework.dart:4037)
I/flutter ( 5239): #23     ComponentElement.performRebuild (package:flutter/src/widgets/framework.dart:5841)
I/flutter ( 5239): #24     Element.rebuild (package:flutter/src/widgets/framework.dart:5529)
I/flutter ( 5239): #25     StatelessElement.update (package:flutter/src/widgets/framework.dart:5895)
I/flutter ( 5239): #26     Element.updateChild (package:flutter/src/widgets/framework.dart:4037)
I/flutter ( 5239): #27     SingleChildRenderObjectElement.update (package:flutter/src/widgets/framework.dart:7122)
I/flutter ( 5239): #28     Element.updateChild (package:flutter/src/widgets/framework.dart:4037)
I/flutter ( 5239): #29     SingleChildRenderObjectElement.update (package:flutter/src/widgets/framework.dart:7122)
I/flutter ( 5239): #30     Element.updateChild (package:flutter/src/widgets/framework.dart:4037)
I/flutter ( 5239): #31     ComponentElement.performRebuild (package:flutter/src/widgets/framework.dart:5841)
I/flutter ( 5239): #32     Element.rebuild (package:flutter/src/widgets/framework.dart:5529)
I/flutter ( 5239): #33     ProxyElement.update (package:flutter/src/widgets/framework.dart:6149)
I/flutter ( 5239): #34     _InheritedNotifierElement.update (package:flutter/src/widgets/inherited_notifier.dart:108)
I/flutter ( 5239): #35     Element.updateChild (package:flutter/src/widgets/framework.dart:4037)
I/flutter ( 5239): #36     ComponentElement.performRebuild (package:flutter/src/widgets/framework.dart:5841)
I/flutter ( 5239): #37     StatefulElement.performRebuild (package:flutter/src/widgets/framework.dart:5982)
I/flutter ( 5239): #38     Element.rebuild (package:flutter/src/widgets/framework.dart:5529)
I/flutter ( 5239): #39     StatefulElement.update (package:flutter/src/widgets/framework.dart:6007)
I/flutter ( 5239): #40     Element.updateChild (package:flutter/src/widgets/framework.dart:4037)
I/flutter ( 5239): #41     ComponentElement.performRebuild (package:flutter/src/widgets/framework.dart:5841)
I/flutter ( 5239): #42     Element.rebuild (package:flutter/src/widgets/framework.dart:5529)
I/flutter ( 5239): #43     ProxyElement.update (package:flutter/src/widgets/framework.dart:6149)
I/flutter ( 5239): #44     Element.updateChild (package:flutter/src/widgets/framework.dart:4037)
I/flutter ( 5239): #45     ComponentElement.performRebuild (package:flutter/src/widgets/framework.dart:5841)
I/flutter ( 5239): #46     StatefulElement.performRebuild (package:flutter/src/widgets/framework.dart:5982)
I/flutter ( 5239): #47     Element.rebuild (package:flutter/src/widgets/framework.dart:5529)
I/flutter ( 5239): #48     StatefulElement.update (package:flutter/src/widgets/framework.dart:6007)
I/flutter ( 5239): #49     Element.updateChild (package:flutter/src/widgets/framework.dart:4037)
I/flutter ( 5239): #50     ComponentElement.performRebuild (package:flutter/src/widgets/framework.dart:5841)
I/flutter ( 5239): #51     Element.rebuild (package:flutter/src/widgets/framework.dart:5529)
I/flutter ( 5239): #52     ProxyElement.update (package:flutter/src/widgets/framework.dart:6149)
I/flutter ( 5239): #53     Element.updateChild (package:flutter/src/widgets/framework.dart:4037)
I/flutter ( 5239): #54     ComponentElement.performRebuild (package:flutter/src/widgets/framework.dart:5841)
I/flutter ( 5239): #55     StatefulElement.performRebuild (package:flutter/src/widgets/framework.dart:5982)
I/flutter ( 5239): #56     Element.rebuild (package:flutter/src/widgets/framework.dart:5529)
I/flutter ( 5239): #57     StatefulElement.update (package:flutter/src/widgets/framework.dart:6007)
I/flutter ( 5239): #58     Element.updateChild (package:flutter/src/widgets/framework.dart:4037)
I/flutter ( 5239): #59     ComponentElement.performRebuild (package:flutter/src/widgets/framework.dart:5841)
I/flutter ( 5239): #60     Element.rebuild (package:flutter/src/widgets/framework.dart:5529)
I/flutter ( 5239): #61     StatelessElement.update (package:flutter/src/widgets/framework.dart:5895)
I/flutter ( 5239): #62     Element.updateChild (package:flutter/src/widgets/framework.dart:4037)
I/flutter ( 5239): #63     SingleChildRenderObjectElement.update (package:flutter/src/widgets/framework.dart:7122)
I/flutter ( 5239): #64     Element.updateChild (package:flutter/src/widgets/framework.dart:4037)
I/flutter ( 5239): #65     SingleChildRenderObjectElement.update (package:flutter/src/widgets/framework.dart:7122)
I/flutter ( 5239): #66     Element.updateChild (package:flutter/src/widgets/framework.dart:4037)
I/flutter ( 5239): #67     SingleChildRenderObjectElement.update (package:flutter/src/widgets/framework.dart:7122)
I/flutter ( 5239): #68     Element.updateChild (package:flutter/src/widgets/framework.dart:4037)
I/flutter ( 5239): #69     ComponentElement.performRebuild (package:flutter/src/widgets/framework.dart:5841)
I/flutter ( 5239): #70     StatefulElement.performRebuild (package:flutter/src/widgets/framework.dart:5982)
I/flutter ( 5239): #71     Element.rebuild (package:flutter/src/widgets/framework.dart:5529)
I/flutter ( 5239): #72     StatefulElement.update (package:flutter/src/widgets/framework.dart:6007)
I/flutter ( 5239): #73     Element.updateChild (package:flutter/src/widgets/framework.dart:4037)
I/flutter ( 5239): #74     ComponentElement.performRebuild (package:flutter/src/widgets/framework.dart:5841)
I/flutter ( 5239): #75     Element.rebuild (package:flutter/src/widgets/framework.dart:5529)
I/flutter ( 5239): #76     ProxyElement.update (package:flutter/src/widgets/framework.dart:6149)
I/flutter ( 5239): #77     Element.updateChild (package:flutter/src/widgets/framework.dart:4037)
I/flutter ( 5239): #78     ComponentElement.performRebuild (package:flutter/src/widgets/framework.dart:5841)
I/flutter ( 5239): #79     Element.rebuild (package:flutter/src/widgets/framework.dart:5529)
I/flutter ( 5239): #80     ProxyElement.update (package:flutter/src/widgets/framework.dart:6149)
I/flutter ( 5239): #81     Element.updateChild (package:flutter/src/widgets/framework.dart:4037)
I/flutter ( 5239): #82     ComponentElement.performRebuild (package:flutter/src/widgets/framework.dart:5841)
I/flutter ( 5239): #83     StatefulElement.performRebuild (package:flutter/src/widgets/framework.dart:5982)
I/flutter ( 5239): #84     Element.rebuild (package:flutter/src/widgets/framework.dart:5529)
I/flutter ( 5239): #85     StatefulElement.update (package:flutter/src/widgets/framework.dart:6007)
I/flutter ( 5239): #86     Element.updateChild (package:flutter/src/widgets/framework.dart:4037)
I/flutter ( 5239): #87     ComponentElement.performRebuild (package:flutter/src/widgets/framework.dart:5841)
I/flutter ( 5239): #88     Element.rebuild (package:flutter/src/widgets/framework.dart:5529)
I/flutter ( 5239): #89     StatelessElement.update (package:flutter/src/widgets/framework.dart:5895)
I/flutter ( 5239): #90     Element.updateChild (package:flutter/src/widgets/framework.dart:4037)
I/flutter ( 5239): #91     SliverMultiBoxAdaptorElement.updateChild (package:flutter/src/widgets/sliver.dart:1086)
I/flutter ( 5239): #92     SliverMultiBoxAdaptorElement.performRebuild.processElement (package:flutter/src/widgets/sliver.dart:979)
I/flutter ( 5239): #93     Iterable.forEach (dart:core/iterable.dart:366)
I/flutter ( 5239): #94     SliverMultiBoxAdaptorElement.performRebuild (package:flutter/src/widgets/sliver.dart:1032)
I/flutter ( 5239): #95     SliverMultiBoxAdaptorElement.update (package:flutter/src/widgets/sliver.dart:955)
I/flutter ( 5239): #96     Element.updateChild (package:flutter/src/widgets/framework.dart:4037)
I/flutter ( 5239): #97     ComponentElement.performRebuild (package:flutter/src/widgets/framework.dart:5841)
I/flutter ( 5239): #98     Element.rebuild (package:flutter/src/widgets/framework.dart:5529)
I/flutter ( 5239): #99     ProxyElement.update (package:flutter/src/widgets/framework.dart:6149)
I/flutter ( 5239): [SPM:perf] 698a51a  buildSpan: 11757µs
I/flutter ( 5239): [spm] Performance monitoring completed for 698a51a
[spm]: ProfilerData event received.
I/flutter ( 5239): type '_Stub' is not a subtype of type 'Color?'
I/flutter ( 5239): #0      LeagueCard.build (package:benchmark_container/generated_widget.dart:125)
I/flutter ( 5239): #1      StatelessElement.build (package:flutter/src/widgets/framework.dart:5889)
I/flutter ( 5239): #2      ComponentElement.performRebuild (package:flutter/src/widgets/framework.dart:5817)
I/flutter ( 5239): #3      Element.rebuild (package:flutter/src/widgets/framework.dart:5529)
I/flutter ( 5239): #4      StatelessElement.update (package:flutter/src/widgets/framework.dart:5895)
I/flutter ( 5239): #5      Element.updateChild (package:flutter/src/widgets/framework.dart:4037)
I/flutter ( 5239): #6      SingleChildRenderObjectElement.update (package:flutter/src/widgets/framework.dart:7122)
I/flutter ( 5239): #7      Element.updateChild (package:flutter/src/widgets/framework.dart:4037)
I/flutter ( 5239): #8      ComponentElement.performRebuild (package:flutter/src/widgets/framework.dart:5841)
I/flutter ( 5239): #9      StatefulElement.performRebuild (package:flutter/src/widgets/framework.dart:5982)
I/flutter ( 5239): #10     Element.rebuild (package:flutter/src/widgets/framework.dart:5529)
I/flutter ( 5239): #11     StatefulElement.update (package:flutter/src/widgets/framework.dart:6007)
I/flutter ( 5239): #12     Element.updateChild (package:flutter/src/widgets/framework.dart:4037)
I/flutter ( 5239): #13     ComponentElement.performRebuild (package:flutter/src/widgets/framework.dart:5841)
I/flutter ( 5239): #14     Element.rebuild (package:flutter/src/widgets/framework.dart:5529)
I/flutter ( 5239): #15     StatelessElement.update (package:flutter/src/widgets/framework.dart:5895)
I/flutter ( 5239): #16     Element.updateChild (package:flutter/src/widgets/framework.dart:4037)
I/flutter ( 5239): #17     SingleChildRenderObjectElement.update (package:flutter/src/widgets/framework.dart:7122)
I/flutter ( 5239): #18     Element.updateChild (package:flutter/src/widgets/framework.dart:4037)
I/flutter ( 5239): #19     ComponentElement.performRebuild (package:flutter/src/widgets/framework.dart:5841)
I/flutter ( 5239): #20     Element.rebuild (package:flutter/src/widgets/framework.dart:5529)
I/flutter ( 5239): #21     ProxyElement.update (package:flutter/src/widgets/framework.dart:6149)
I/flutter ( 5239): #22     Element.updateChild (package:flutter/src/widgets/framework.dart:4037)
I/flutter ( 5239): #23     ComponentElement.performRebuild (package:flutter/src/widgets/framework.dart:5841)
I/flutter ( 5239): #24     Element.rebuild (package:flutter/src/widgets/framework.dart:5529)
I/flutter ( 5239): #25     StatelessElement.update (package:flutter/src/widgets/framework.dart:5895)
I/flutter ( 5239): #26     Element.updateChild (package:flutter/src/widgets/framework.dart:4037)
I/flutter ( 5239): #27     SingleChildRenderObjectElement.update (package:flutter/src/widgets/framework.dart:7122)
I/flutter ( 5239): #28     Element.updateChild (package:flutter/src/widgets/framework.dart:4037)
I/flutter ( 5239): #29     SingleChildRenderObjectElement.update (package:flutter/src/widgets/framework.dart:7122)
I/flutter ( 5239): #30     Element.updateChild (package:flutter/src/widgets/framework.dart:4037)
I/flutter ( 5239): #31     ComponentElement.performRebuild (package:flutter/src/widgets/framework.dart:5841)
I/flutter ( 5239): #32     Element.rebuild (package:flutter/src/widgets/framework.dart:5529)
I/flutter ( 5239): #33     ProxyElement.update (package:flutter/src/widgets/framework.dart:6149)
I/flutter ( 5239): #34     _InheritedNotifierElement.update (package:flutter/src/widgets/inherited_notifier.dart:108)
I/flutter ( 5239): #35     Element.updateChild (package:flutter/src/widgets/framework.dart:4037)
I/flutter ( 5239): #36     ComponentElement.performRebuild (package:flutter/src/widgets/framework.dart:5841)
I/flutter ( 5239): #37     StatefulElement.performRebuild (package:flutter/src/widgets/framework.dart:5982)
I/flutter ( 5239): #38     Element.rebuild (package:flutter/src/widgets/framework.dart:5529)
I/flutter ( 5239): #39     StatefulElement.update (package:flutter/src/widgets/framework.dart:6007)
I/flutter ( 5239): #40     Element.updateChild (package:flutter/src/widgets/framework.dart:4037)
I/flutter ( 5239): #41     ComponentElement.performRebuild (package:flutter/src/widgets/framework.dart:5841)
I/flutter ( 5239): #42     Element.rebuild (package:flutter/src/widgets/framework.dart:5529)
I/flutter ( 5239): #43     ProxyElement.update (package:flutter/src/widgets/framework.dart:6149)
I/flutter ( 5239): #44     Element.updateChild (package:flutter/src/widgets/framework.dart:4037)
I/flutter ( 5239): #45     ComponentElement.performRebuild (package:flutter/src/widgets/framework.dart:5841)
I/flutter ( 5239): #46     StatefulElement.performRebuild (package:flutter/src/widgets/framework.dart:5982)
I/flutter ( 5239): #47     Element.rebuild (package:flutter/src/widgets/framework.dart:5529)
I/flutter ( 5239): #48     StatefulElement.update (package:flutter/src/widgets/framework.dart:6007)
I/flutter ( 5239): #49     Element.updateChild (package:flutter/src/widgets/framework.dart:4037)
I/flutter ( 5239): #50     ComponentElement.performRebuild (package:flutter/src/widgets/framework.dart:5841)
I/flutter ( 5239): #51     Element.rebuild (package:flutter/src/widgets/framework.dart:5529)
I/flutter ( 5239): #52     ProxyElement.update (package:flutter/src/widgets/framework.dart:6149)
I/flutter ( 5239): #53     Element.updateChild (package:flutter/src/widgets/framework.dart:4037)
I/flutter ( 5239): #54     ComponentElement.performRebuild (package:flutter/src/widgets/framework.dart:5841)
I/flutter ( 5239): #55     StatefulElement.performRebuild (package:flutter/src/widgets/framework.dart:5982)
I/flutter ( 5239): #56     Element.rebuild (package:flutter/src/widgets/framework.dart:5529)
I/flutter ( 5239): #57     StatefulElement.update (package:flutter/src/widgets/framework.dart:6007)
I/flutter ( 5239): #58     Element.updateChild (package:flutter/src/widgets/framework.dart:4037)
I/flutter ( 5239): #59     ComponentElement.performRebuild (package:flutter/src/widgets/framework.dart:5841)
I/flutter ( 5239): #60     Element.rebuild (package:flutter/src/widgets/framework.dart:5529)
I/flutter ( 5239): #61     StatelessElement.update (package:flutter/src/widgets/framework.dart:5895)
I/flutter ( 5239): #62     Element.updateChild (package:flutter/src/widgets/framework.dart:4037)
I/flutter ( 5239): #63     SingleChildRenderObjectElement.update (package:flutter/src/widgets/framework.dart:7122)
I/flutter ( 5239): #64     Element.updateChild (package:flutter/src/widgets/framework.dart:4037)
I/flutter ( 5239): #65     SingleChildRenderObjectElement.update (package:flutter/src/widgets/framework.dart:7122)
I/flutter ( 5239): #66     Element.updateChild (package:flutter/src/widgets/framework.dart:4037)
I/flutter ( 5239): #67     SingleChildRenderObjectElement.update (package:flutter/src/widgets/framework.dart:7122)
I/flutter ( 5239): #68     Element.updateChild (package:flutter/src/widgets/framework.dart:4037)
I/flutter ( 5239): #69     ComponentElement.performRebuild (package:flutter/src/widgets/framework.dart:5841)
I/flutter ( 5239): #70     StatefulElement.performRebuild (package:flutter/src/widgets/framework.dart:5982)
I/flutter ( 5239): #71     Element.rebuild (package:flutter/src/widgets/framework.dart:5529)
I/flutter ( 5239): #72     StatefulElement.update (package:flutter/src/widgets/framework.dart:6007)
I/flutter ( 5239): #73     Element.updateChild (package:flutter/src/widgets/framework.dart:4037)
I/flutter ( 5239): #74     ComponentElement.performRebuild (package:flutter/src/widgets/framework.dart:5841)
I/flutter ( 5239): #75     Element.rebuild (package:flutter/src/widgets/framework.dart:5529)
I/flutter ( 5239): #76     ProxyElement.update (package:flutter/src/widgets/framework.dart:6149)
I/flutter ( 5239): #77     Element.updateChild (package:flutter/src/widgets/framework.dart:4037)
I/flutter ( 5239): #78     ComponentElement.performRebuild (package:flutter/src/widgets/framework.dart:5841)
I/flutter ( 5239): #79     Element.rebuild (package:flutter/src/widgets/framework.dart:5529)
I/flutter ( 5239): #80     ProxyElement.update (package:flutter/src/widgets/framework.dart:6149)
I/flutter ( 5239): #81     Element.updateChild (package:flutter/src/widgets/framework.dart:4037)
I/flutter ( 5239): #82     ComponentElement.performRebuild (package:flutter/src/widgets/framework.dart:5841)
I/flutter ( 5239): #83     StatefulElement.performRebuild (package:flutter/src/widgets/framework.dart:5982)
I/flutter ( 5239): #84     Element.rebuild (package:flutter/src/widgets/framework.dart:5529)
I/flutter ( 5239): #85     StatefulElement.update (package:flutter/src/widgets/framework.dart:6007)
I/flutter ( 5239): #86     Element.updateChild (package:flutter/src/widgets/framework.dart:4037)
I/flutter ( 5239): #87     ComponentElement.performRebuild (package:flutter/src/widgets/framework.dart:5841)
I/flutter ( 5239): #88     Element.rebuild (package:flutter/src/widgets/framework.dart:5529)
I/flutter ( 5239): #89     StatelessElement.update (package:flutter/src/widgets/framework.dart:5895)
I/flutter ( 5239): #90     Element.updateChild (package:flutter/src/widgets/framework.dart:4037)
I/flutter ( 5239): #91     SliverMultiBoxAdaptorElement.updateChild (package:flutter/src/widgets/sliver.dart:1086)
I/flutter ( 5239): #92     SliverMultiBoxAdaptorElement.performRebuild.processElement (package:flutter/src/widgets/sliver.dart:979)
I/flutter ( 5239): #93     Iterable.forEach (dart:core/iterable.dart:366)
I/flutter ( 5239): #94     SliverMultiBoxAdaptorElement.performRebuild (package:flutter/src/widgets/sliver.dart:1032)
I/flutter ( 5239): #95     SliverMultiBoxAdaptorElement.update (package:flutter/src/widgets/sliver.dart:955)
I/flutter ( 5239): #96     Element.updateChild (package:flutter/src/widgets/framework.dart:4037)
I/flutter ( 5239): #97     ComponentElement.performRebuild (package:flutter/src/widgets/framework.dart:5841)
I/flutter ( 5239): #98     Element.rebuild (package:flutter/src/widgets/framework.dart:5529)
I/flutter ( 5239): #99     ProxyElement.update (package:flutter/src/widgets/framework.dart:6149)
I/flutter ( 5239): [SPM:perf] 698a51a  buildSpan: 11136µs
I/flutter ( 5239): [spm] Performance monitoring completed for 698a51a
[spm]: ProfilerData event received.
I/flutter ( 5239): type '_Stub' is not a subtype of type 'Color?'
I/flutter ( 5239): #0      LeagueCard.build (package:benchmark_container/generated_widget.dart:125)
I/flutter ( 5239): #1      StatelessElement.build (package:flutter/src/widgets/framework.dart:5889)
I/flutter ( 5239): #2      ComponentElement.performRebuild (package:flutter/src/widgets/framework.dart:5817)
I/flutter ( 5239): #3      Element.rebuild (package:flutter/src/widgets/framework.dart:5529)
I/flutter ( 5239): #4      StatelessElement.update (package:flutter/src/widgets/framework.dart:5895)
I/flutter ( 5239): #5      Element.updateChild (package:flutter/src/widgets/framework.dart:4037)
I/flutter ( 5239): #6      SingleChildRenderObjectElement.update (package:flutter/src/widgets/framework.dart:7122)
I/flutter ( 5239): #7      Element.updateChild (package:flutter/src/widgets/framework.dart:4037)
I/flutter ( 5239): #8      ComponentElement.performRebuild (package:flutter/src/widgets/framework.dart:5841)
I/flutter ( 5239): #9      StatefulElement.performRebuild (package:flutter/src/widgets/framework.dart:5982)
I/flutter ( 5239): #10     Element.rebuild (package:flutter/src/widgets/framework.dart:5529)
I/flutter ( 5239): #11     StatefulElement.update (package:flutter/src/widgets/framework.dart:6007)
I/flutter ( 5239): #12     Element.updateChild (package:flutter/src/widgets/framework.dart:4037)
I/flutter ( 5239): #13     ComponentElement.performRebuild (package:flutter/src/widgets/framework.dart:5841)
I/flutter ( 5239): #14     Element.rebuild (package:flutter/src/widgets/framework.dart:5529)
I/flutter ( 5239): #15     StatelessElement.update (package:flutter/src/widgets/framework.dart:5895)
I/flutter ( 5239): #16     Element.updateChild (package:flutter/src/widgets/framework.dart:4037)
I/flutter ( 5239): #17     SingleChildRenderObjectElement.update (package:flutter/src/widgets/framework.dart:7122)
I/flutter ( 5239): #18     Element.updateChild (package:flutter/src/widgets/framework.dart:4037)
I/flutter ( 5239): #19     ComponentElement.performRebuild (package:flutter/src/widgets/framework.dart:5841)
I/flutter ( 5239): #20     Element.rebuild (package:flutter/src/widgets/framework.dart:5529)
I/flutter ( 5239): #21     ProxyElement.update (package:flutter/src/widgets/framework.dart:6149)
I/flutter ( 5239): #22     Element.updateChild (package:flutter/src/widgets/framework.dart:4037)
I/flutter ( 5239): #23     ComponentElement.performRebuild (package:flutter/src/widgets/framework.dart:5841)
I/flutter ( 5239): #24     Element.rebuild (package:flutter/src/widgets/framework.dart:5529)
I/flutter ( 5239): #25     StatelessElement.update (package:flutter/src/widgets/framework.dart:5895)
I/flutter ( 5239): #26     Element.updateChild (package:flutter/src/widgets/framework.dart:4037)
I/flutter ( 5239): #27     SingleChildRenderObjectElement.update (package:flutter/src/widgets/framework.dart:7122)
I/flutter ( 5239): #28     Element.updateChild (package:flutter/src/widgets/framework.dart:4037)
I/flutter ( 5239): #29     SingleChildRenderObjectElement.update (package:flutter/src/widgets/framework.dart:7122)
I/flutter ( 5239): #30     Element.updateChild (package:flutter/src/widgets/framework.dart:4037)
I/flutter ( 5239): #31     ComponentElement.performRebuild (package:flutter/src/widgets/framework.dart:5841)
I/flutter ( 5239): #32     Element.rebuild (package:flutter/src/widgets/framework.dart:5529)
I/flutter ( 5239): #33     ProxyElement.update (package:flutter/src/widgets/framework.dart:6149)
I/flutter ( 5239): #34     _InheritedNotifierElement.update (package:flutter/src/widgets/inherited_notifier.dart:108)
I/flutter ( 5239): #35     Element.updateChild (package:flutter/src/widgets/framework.dart:4037)
I/flutter ( 5239): #36     ComponentElement.performRebuild (package:flutter/src/widgets/framework.dart:5841)
I/flutter ( 5239): #37     StatefulElement.performRebuild (package:flutter/src/widgets/framework.dart:5982)
I/flutter ( 5239): #38     Element.rebuild (package:flutter/src/widgets/framework.dart:5529)
I/flutter ( 5239): #39     StatefulElement.update (package:flutter/src/widgets/framework.dart:6007)
I/flutter ( 5239): #40     Element.updateChild (package:flutter/src/widgets/framework.dart:4037)
I/flutter ( 5239): #41     ComponentElement.performRebuild (package:flutter/src/widgets/framework.dart:5841)
I/flutter ( 5239): #42     Element.rebuild (package:flutter/src/widgets/framework.dart:5529)
I/flutter ( 5239): #43     ProxyElement.update (package:flutter/src/widgets/framework.dart:6149)
I/flutter ( 5239): #44     Element.updateChild (package:flutter/src/widgets/framework.dart:4037)
I/flutter ( 5239): #45     ComponentElement.performRebuild (package:flutter/src/widgets/framework.dart:5841)
I/flutter ( 5239): #46     StatefulElement.performRebuild (package:flutter/src/widgets/framework.dart:5982)
I/flutter ( 5239): #47     Element.rebuild (package:flutter/src/widgets/framework.dart:5529)
I/flutter ( 5239): #48     StatefulElement.update (package:flutter/src/widgets/framework.dart:6007)
I/flutter ( 5239): #49     Element.updateChild (package:flutter/src/widgets/framework.dart:4037)
I/flutter ( 5239): #50     ComponentElement.performRebuild (package:flutter/src/widgets/framework.dart:5841)
I/flutter ( 5239): #51     Element.rebuild (package:flutter/src/widgets/framework.dart:5529)
I/flutter ( 5239): #52     ProxyElement.update (package:flutter/src/widgets/framework.dart:6149)
I/flutter ( 5239): #53     Element.updateChild (package:flutter/src/widgets/framework.dart:4037)
I/flutter ( 5239): #54     ComponentElement.performRebuild (package:flutter/src/widgets/framework.dart:5841)
I/flutter ( 5239): #55     StatefulElement.performRebuild (package:flutter/src/widgets/framework.dart:5982)
I/flutter ( 5239): #56     Element.rebuild (package:flutter/src/widgets/framework.dart:5529)
I/flutter ( 5239): #57     StatefulElement.update (package:flutter/src/widgets/framework.dart:6007)
I/flutter ( 5239): #58     Element.updateChild (package:flutter/src/widgets/framework.dart:4037)
I/flutter ( 5239): #59     ComponentElement.performRebuild (package:flutter/src/widgets/framework.dart:5841)
I/flutter ( 5239): #60     Element.rebuild (package:flutter/src/widgets/framework.dart:5529)
I/flutter ( 5239): #61     StatelessElement.update (package:flutter/src/widgets/framework.dart:5895)
I/flutter ( 5239): #62     Element.updateChild (package:flutter/src/widgets/framework.dart:4037)
I/flutter ( 5239): #63     SingleChildRenderObjectElement.update (package:flutter/src/widgets/framework.dart:7122)
I/flutter ( 5239): #64     Element.updateChild (package:flutter/src/widgets/framework.dart:4037)
I/flutter ( 5239): #65     SingleChildRenderObjectElement.update (package:flutter/src/widgets/framework.dart:7122)
I/flutter ( 5239): #66     Element.updateChild (package:flutter/src/widgets/framework.dart:4037)
I/flutter ( 5239): #67     SingleChildRenderObjectElement.update (package:flutter/src/widgets/framework.dart:7122)
I/flutter ( 5239): #68     Element.updateChild (package:flutter/src/widgets/framework.dart:4037)
I/flutter ( 5239): #69     ComponentElement.performRebuild (package:flutter/src/widgets/framework.dart:5841)
I/flutter ( 5239): #70     StatefulElement.performRebuild (package:flutter/src/widgets/framework.dart:5982)
I/flutter ( 5239): #71     Element.rebuild (package:flutter/src/widgets/framework.dart:5529)
I/flutter ( 5239): #72     StatefulElement.update (package:flutter/src/widgets/framework.dart:6007)
I/flutter ( 5239): #73     Element.updateChild (package:flutter/src/widgets/framework.dart:4037)
I/flutter ( 5239): #74     ComponentElement.performRebuild (package:flutter/src/widgets/framework.dart:5841)
I/flutter ( 5239): #75     Element.rebuild (package:flutter/src/widgets/framework.dart:5529)
I/flutter ( 5239): #76     ProxyElement.update (package:flutter/src/widgets/framework.dart:6149)
I/flutter ( 5239): #77     Element.updateChild (package:flutter/src/widgets/framework.dart:4037)
I/flutter ( 5239): #78     ComponentElement.performRebuild (package:flutter/src/widgets/framework.dart:5841)
I/flutter ( 5239): #79     Element.rebuild (package:flutter/src/widgets/framework.dart:5529)
I/flutter ( 5239): #80     ProxyElement.update (package:flutter/src/widgets/framework.dart:6149)
I/flutter ( 5239): #81     Element.updateChild (package:flutter/src/widgets/framework.dart:4037)
I/flutter ( 5239): #82     ComponentElement.performRebuild (package:flutter/src/widgets/framework.dart:5841)
I/flutter ( 5239): #83     StatefulElement.performRebuild (package:flutter/src/widgets/framework.dart:5982)
I/flutter ( 5239): #84     Element.rebuild (package:flutter/src/widgets/framework.dart:5529)
I/flutter ( 5239): #85     StatefulElement.update (package:flutter/src/widgets/framework.dart:6007)
I/flutter ( 5239): #86     Element.updateChild (package:flutter/src/widgets/framework.dart:4037)
I/flutter ( 5239): #87     ComponentElement.performRebuild (package:flutter/src/widgets/framework.dart:5841)
I/flutter ( 5239): #88     Element.rebuild (package:flutter/src/widgets/framework.dart:5529)
I/flutter ( 5239): #89     StatelessElement.update (package:flutter/src/widgets/framework.dart:5895)
I/flutter ( 5239): #90     Element.updateChild (package:flutter/src/widgets/framework.dart:4037)
I/flutter ( 5239): #91     SliverMultiBoxAdaptorElement.updateChild (package:flutter/src/widgets/sliver.dart:1086)
I/flutter ( 5239): #92     SliverMultiBoxAdaptorElement.performRebuild.processElement (package:flutter/src/widgets/sliver.dart:979)
I/flutter ( 5239): #93     Iterable.forEach (dart:core/iterable.dart:366)
I/flutter ( 5239): #94     SliverMultiBoxAdaptorElement.performRebuild (package:flutter/src/widgets/sliver.dart:1032)
I/flutter ( 5239): #95     SliverMultiBoxAdaptorElement.update (package:flutter/src/widgets/sliver.dart:955)
I/flutter ( 5239): #96     Element.updateChild (package:flutter/src/widgets/framework.dart:4037)
I/flutter ( 5239): #97     ComponentElement.performRebuild (package:flutter/src/widgets/framework.dart:5841)
I/flutter ( 5239): #98     Element.rebuild (package:flutter/src/widgets/framework.dart:5529)
I/flutter ( 5239): #99     ProxyElement.update (package:flutter/src/widgets/framework.dart:6149)
I/flutter ( 5239): [SPM:perf] 698a51a  buildSpan: 11524µs
I/flutter ( 5239): [spm] Performance monitoring completed for 698a51a
[spm]: ProfilerData event received.
I/flutter ( 5239): type '_Stub' is not a subtype of type 'Color?'
I/flutter ( 5239): #0      LeagueCard.build (package:benchmark_container/generated_widget.dart:125)
I/flutter ( 5239): #1      StatelessElement.build (package:flutter/src/widgets/framework.dart:5889)
I/flutter ( 5239): #2      ComponentElement.performRebuild (package:flutter/src/widgets/framework.dart:5817)
I/flutter ( 5239): #3      Element.rebuild (package:flutter/src/widgets/framework.dart:5529)
I/flutter ( 5239): #4      StatelessElement.update (package:flutter/src/widgets/framework.dart:5895)
I/flutter ( 5239): #5      Element.updateChild (package:flutter/src/widgets/framework.dart:4037)
I/flutter ( 5239): #6      SingleChildRenderObjectElement.update (package:flutter/src/widgets/framework.dart:7122)
I/flutter ( 5239): #7      Element.updateChild (package:flutter/src/widgets/framework.dart:4037)
I/flutter ( 5239): #8      ComponentElement.performRebuild (package:flutter/src/widgets/framework.dart:5841)
I/flutter ( 5239): #9      StatefulElement.performRebuild (package:flutter/src/widgets/framework.dart:5982)
I/flutter ( 5239): #10     Element.rebuild (package:flutter/src/widgets/framework.dart:5529)
I/flutter ( 5239): #11     StatefulElement.update (package:flutter/src/widgets/framework.dart:6007)
I/flutter ( 5239): #12     Element.updateChild (package:flutter/src/widgets/framework.dart:4037)
I/flutter ( 5239): #13     ComponentElement.performRebuild (package:flutter/src/widgets/framework.dart:5841)
I/flutter ( 5239): #14     Element.rebuild (package:flutter/src/widgets/framework.dart:5529)
I/flutter ( 5239): #15     StatelessElement.update (package:flutter/src/widgets/framework.dart:5895)
I/flutter ( 5239): #16     Element.updateChild (package:flutter/src/widgets/framework.dart:4037)
I/flutter ( 5239): #17     SingleChildRenderObjectElement.update (package:flutter/src/widgets/framework.dart:7122)
I/flutter ( 5239): #18     Element.updateChild (package:flutter/src/widgets/framework.dart:4037)
I/flutter ( 5239): #19     ComponentElement.performRebuild (package:flutter/src/widgets/framework.dart:5841)
I/flutter ( 5239): #20     Element.rebuild (package:flutter/src/widgets/framework.dart:5529)
I/flutter ( 5239): #21     ProxyElement.update (package:flutter/src/widgets/framework.dart:6149)
I/flutter ( 5239): #22     Element.updateChild (package:flutter/src/widgets/framework.dart:4037)
I/flutter ( 5239): #23     ComponentElement.performRebuild (package:flutter/src/widgets/framework.dart:5841)
I/flutter ( 5239): #24     Element.rebuild (package:flutter/src/widgets/framework.dart:5529)
I/flutter ( 5239): #25     StatelessElement.update (package:flutter/src/widgets/framework.dart:5895)
I/flutter ( 5239): #26     Element.updateChild (package:flutter/src/widgets/framework.dart:4037)
I/flutter ( 5239): #27     SingleChildRenderObjectElement.update (package:flutter/src/widgets/framework.dart:7122)
I/flutter ( 5239): #28     Element.updateChild (package:flutter/src/widgets/framework.dart:4037)
I/flutter ( 5239): #29     SingleChildRenderObjectElement.update (package:flutter/src/widgets/framework.dart:7122)
I/flutter ( 5239): #30     Element.updateChild (package:flutter/src/widgets/framework.dart:4037)
I/flutter ( 5239): #31     ComponentElement.performRebuild (package:flutter/src/widgets/framework.dart:5841)
I/flutter ( 5239): #32     Element.rebuild (package:flutter/src/widgets/framework.dart:5529)
I/flutter ( 5239): #33     ProxyElement.update (package:flutter/src/widgets/framework.dart:6149)
I/flutter ( 5239): #34     _InheritedNotifierElement.update (package:flutter/src/widgets/inherited_notifier.dart:108)
I/flutter ( 5239): #35     Element.updateChild (package:flutter/src/widgets/framework.dart:4037)
I/flutter ( 5239): #36     ComponentElement.performRebuild (package:flutter/src/widgets/framework.dart:5841)
I/flutter ( 5239): #37     StatefulElement.performRebuild (package:flutter/src/widgets/framework.dart:5982)
I/flutter ( 5239): #38     Element.rebuild (package:flutter/src/widgets/framework.dart:5529)
I/flutter ( 5239): #39     StatefulElement.update (package:flutter/src/widgets/framework.dart:6007)
I/flutter ( 5239): #40     Element.updateChild (package:flutter/src/widgets/framework.dart:4037)
I/flutter ( 5239): #41     ComponentElement.performRebuild (package:flutter/src/widgets/framework.dart:5841)
I/flutter ( 5239): #42     Element.rebuild (package:flutter/src/widgets/framework.dart:5529)
I/flutter ( 5239): #43     ProxyElement.update (package:flutter/src/widgets/framework.dart:6149)
I/flutter ( 5239): #44     Element.updateChild (package:flutter/src/widgets/framework.dart:4037)
I/flutter ( 5239): #45     ComponentElement.performRebuild (package:flutter/src/widgets/framework.dart:5841)
I/flutter ( 5239): #46     StatefulElement.performRebuild (package:flutter/src/widgets/framework.dart:5982)
I/flutter ( 5239): #47     Element.rebuild (package:flutter/src/widgets/framework.dart:5529)
I/flutter ( 5239): #48     StatefulElement.update (package:flutter/src/widgets/framework.dart:6007)
I/flutter ( 5239): #49     Element.updateChild (package:flutter/src/widgets/framework.dart:4037)
I/flutter ( 5239): #50     ComponentElement.performRebuild (package:flutter/src/widgets/framework.dart:5841)
I/flutter ( 5239): #51     Element.rebuild (package:flutter/src/widgets/framework.dart:5529)
I/flutter ( 5239): #52     ProxyElement.update (package:flutter/src/widgets/framework.dart:6149)
I/flutter ( 5239): #53     Element.updateChild (package:flutter/src/widgets/framework.dart:4037)
I/flutter ( 5239): #54     ComponentElement.performRebuild (package:flutter/src/widgets/framework.dart:5841)
I/flutter ( 5239): #55     StatefulElement.performRebuild (package:flutter/src/widgets/framework.dart:5982)
I/flutter ( 5239): #56     Element.rebuild (package:flutter/src/widgets/framework.dart:5529)
I/flutter ( 5239): #57     StatefulElement.update (package:flutter/src/widgets/framework.dart:6007)
I/flutter ( 5239): #58     Element.updateChild (package:flutter/src/widgets/framework.dart:4037)
I/flutter ( 5239): #59     ComponentElement.performRebuild (package:flutter/src/widgets/framework.dart:5841)
I/flutter ( 5239): #60     Element.rebuild (package:flutter/src/widgets/framework.dart:5529)
I/flutter ( 5239): #61     StatelessElement.update (package:flutter/src/widgets/framework.dart:5895)
I/flutter ( 5239): #62     Element.updateChild (package:flutter/src/widgets/framework.dart:4037)
I/flutter ( 5239): #63     SingleChildRenderObjectElement.update (package:flutter/src/widgets/framework.dart:7122)
I/flutter ( 5239): #64     Element.updateChild (package:flutter/src/widgets/framework.dart:4037)
I/flutter ( 5239): #65     SingleChildRenderObjectElement.update (package:flutter/src/widgets/framework.dart:7122)
I/flutter ( 5239): #66     Element.updateChild (package:flutter/src/widgets/framework.dart:4037)
I/flutter ( 5239): #67     SingleChildRenderObjectElement.update (package:flutter/src/widgets/framework.dart:7122)
I/flutter ( 5239): #68     Element.updateChild (package:flutter/src/widgets/framework.dart:4037)
I/flutter ( 5239): #69     ComponentElement.performRebuild (package:flutter/src/widgets/framework.dart:5841)
I/flutter ( 5239): #70     StatefulElement.performRebuild (package:flutter/src/widgets/framework.dart:5982)
I/flutter ( 5239): #71     Element.rebuild (package:flutter/src/widgets/framework.dart:5529)
I/flutter ( 5239): #72     StatefulElement.update (package:flutter/src/widgets/framework.dart:6007)
I/flutter ( 5239): #73     Element.updateChild (package:flutter/src/widgets/framework.dart:4037)
I/flutter ( 5239): #74     ComponentElement.performRebuild (package:flutter/src/widgets/framework.dart:5841)
I/flutter ( 5239): #75     Element.rebuild (package:flutter/src/widgets/framework.dart:5529)
I/flutter ( 5239): #76     ProxyElement.update (package:flutter/src/widgets/framework.dart:6149)
I/flutter ( 5239): #77     Element.updateChild (package:flutter/src/widgets/framework.dart:4037)
I/flutter ( 5239): #78     ComponentElement.performRebuild (package:flutter/src/widgets/framework.dart:5841)
I/flutter ( 5239): #79     Element.rebuild (package:flutter/src/widgets/framework.dart:5529)
I/flutter ( 5239): #80     ProxyElement.update (package:flutter/src/widgets/framework.dart:6149)
I/flutter ( 5239): #81     Element.updateChild (package:flutter/src/widgets/framework.dart:4037)
I/flutter ( 5239): #82     ComponentElement.performRebuild (package:flutter/src/widgets/framework.dart:5841)
I/flutter ( 5239): #83     StatefulElement.performRebuild (package:flutter/src/widgets/framework.dart:5982)
I/flutter ( 5239): #84     Element.rebuild (package:flutter/src/widgets/framework.dart:5529)
I/flutter ( 5239): #85     StatefulElement.update (package:flutter/src/widgets/framework.dart:6007)
I/flutter ( 5239): #86     Element.updateChild (package:flutter/src/widgets/framework.dart:4037)
I/flutter ( 5239): #87     ComponentElement.performRebuild (package:flutter/src/widgets/framework.dart:5841)
I/flutter ( 5239): #88     Element.rebuild (package:flutter/src/widgets/framework.dart:5529)
I/flutter ( 5239): #89     StatelessElement.update (package:flutter/src/widgets/framework.dart:5895)
I/flutter ( 5239): #90     Element.updateChild (package:flutter/src/widgets/framework.dart:4037)
I/flutter ( 5239): #91     SliverMultiBoxAdaptorElement.updateChild (package:flutter/src/widgets/sliver.dart:1086)
I/flutter ( 5239): #92     SliverMultiBoxAdaptorElement.performRebuild.processElement (package:flutter/src/widgets/sliver.dart:979)
I/flutter ( 5239): #93     Iterable.forEach (dart:core/iterable.dart:366)
I/flutter ( 5239): #94     SliverMultiBoxAdaptorElement.performRebuild (package:flutter/src/widgets/sliver.dart:1032)
I/flutter ( 5239): #95     SliverMultiBoxAdaptorElement.update (package:flutter/src/widgets/sliver.dart:955)
I/flutter ( 5239): #96     Element.updateChild (package:flutter/src/widgets/framework.dart:4037)
I/flutter ( 5239): #97     ComponentElement.performRebuild (package:flutter/src/widgets/framework.dart:5841)
I/flutter ( 5239): #98     Element.rebuild (package:flutter/src/widgets/framework.dart:5529)
I/flutter ( 5239): #99     ProxyElement.update (package:flutter/src/widgets/framework.dart:6149)
[spm]: ProfilerData event received.
I/flutter ( 5239): [SPM:perf] 698a51a  buildSpan: 11180µs
I/flutter ( 5239): [spm] Performance monitoring completed for 698a51a
I/flutter ( 5239): type '_Stub' is not a subtype of type 'Color?'
I/flutter ( 5239): #0      LeagueCard.build (package:benchmark_container/generated_widget.dart:125)
I/flutter ( 5239): #1      StatelessElement.build (package:flutter/src/widgets/framework.dart:5889)
I/flutter ( 5239): #2      ComponentElement.performRebuild (package:flutter/src/widgets/framework.dart:5817)
I/flutter ( 5239): #3      Element.rebuild (package:flutter/src/widgets/framework.dart:5529)
I/flutter ( 5239): #4      StatelessElement.update (package:flutter/src/widgets/framework.dart:5895)
I/flutter ( 5239): #5      Element.updateChild (package:flutter/src/widgets/framework.dart:4037)
I/flutter ( 5239): #6      SingleChildRenderObjectElement.update (package:flutter/src/widgets/framework.dart:7122)
I/flutter ( 5239): #7      Element.updateChild (package:flutter/src/widgets/framework.dart:4037)
I/flutter ( 5239): #8      ComponentElement.performRebuild (package:flutter/src/widgets/framework.dart:5841)
I/flutter ( 5239): #9      StatefulElement.performRebuild (package:flutter/src/widgets/framework.dart:5982)
I/flutter ( 5239): #10     Element.rebuild (package:flutter/src/widgets/framework.dart:5529)
I/flutter ( 5239): #11     StatefulElement.update (package:flutter/src/widgets/framework.dart:6007)
I/flutter ( 5239): #12     Element.updateChild (package:flutter/src/widgets/framework.dart:4037)
I/flutter ( 5239): #13     ComponentElement.performRebuild (package:flutter/src/widgets/framework.dart:5841)
I/flutter ( 5239): #14     Element.rebuild (package:flutter/src/widgets/framework.dart:5529)
I/flutter ( 5239): #15     StatelessElement.update (package:flutter/src/widgets/framework.dart:5895)
I/flutter ( 5239): #16     Element.updateChild (package:flutter/src/widgets/framework.dart:4037)
I/flutter ( 5239): #17     SingleChildRenderObjectElement.update (package:flutter/src/widgets/framework.dart:7122)
I/flutter ( 5239): #18     Element.updateChild (package:flutter/src/widgets/framework.dart:4037)
I/flutter ( 5239): #19     ComponentElement.performRebuild (package:flutter/src/widgets/framework.dart:5841)
I/flutter ( 5239): #20     Element.rebuild (package:flutter/src/widgets/framework.dart:5529)
I/flutter ( 5239): #21     ProxyElement.update (package:flutter/src/widgets/framework.dart:6149)
I/flutter ( 5239): #22     Element.updateChild (package:flutter/src/widgets/framework.dart:4037)
I/flutter ( 5239): #23     ComponentElement.performRebuild (package:flutter/src/widgets/framework.dart:5841)
I/flutter ( 5239): #24     Element.rebuild (package:flutter/src/widgets/framework.dart:5529)
I/flutter ( 5239): #25     StatelessElement.update (package:flutter/src/widgets/framework.dart:5895)
I/flutter ( 5239): #26     Element.updateChild (package:flutter/src/widgets/framework.dart:4037)
I/flutter ( 5239): #27     SingleChildRenderObjectElement.update (package:flutter/src/widgets/framework.dart:7122)
I/flutter ( 5239): #28     Element.updateChild (package:flutter/src/widgets/framework.dart:4037)
I/flutter ( 5239): #29     SingleChildRenderObjectElement.update (package:flutter/src/widgets/framework.dart:7122)
I/flutter ( 5239): #30     Element.updateChild (package:flutter/src/widgets/framework.dart:4037)
I/flutter ( 5239): #31     ComponentElement.performRebuild (package:flutter/src/widgets/framework.dart:5841)
I/flutter ( 5239): #32     Element.rebuild (package:flutter/src/widgets/framework.dart:5529)
I/flutter ( 5239): #33     ProxyElement.update (package:flutter/src/widgets/framework.dart:6149)
I/flutter ( 5239): #34     _InheritedNotifierElement.update (package:flutter/src/widgets/inherited_notifier.dart:108)
I/flutter ( 5239): #35     Element.updateChild (package:flutter/src/widgets/framework.dart:4037)
I/flutter ( 5239): #36     ComponentElement.performRebuild (package:flutter/src/widgets/framework.dart:5841)
I/flutter ( 5239): #37     StatefulElement.performRebuild (package:flutter/src/widgets/framework.dart:5982)
I/flutter ( 5239): #38     Element.rebuild (package:flutter/src/widgets/framework.dart:5529)
I/flutter ( 5239): #39     StatefulElement.update (package:flutter/src/widgets/framework.dart:6007)
I/flutter ( 5239): #40     Element.updateChild (package:flutter/src/widgets/framework.dart:4037)
I/flutter ( 5239): #41     ComponentElement.performRebuild (package:flutter/src/widgets/framework.dart:5841)
I/flutter ( 5239): #42     Element.rebuild (package:flutter/src/widgets/framework.dart:5529)
I/flutter ( 5239): #43     ProxyElement.update (package:flutter/src/widgets/framework.dart:6149)
I/flutter ( 5239): #44     Element.updateChild (package:flutter/src/widgets/framework.dart:4037)
I/flutter ( 5239): #45     ComponentElement.performRebuild (package:flutter/src/widgets/framework.dart:5841)
I/flutter ( 5239): #46     StatefulElement.performRebuild (package:flutter/src/widgets/framework.dart:5982)
I/flutter ( 5239): #47     Element.rebuild (package:flutter/src/widgets/framework.dart:5529)
I/flutter ( 5239): #48     StatefulElement.update (package:flutter/src/widgets/framework.dart:6007)
I/flutter ( 5239): #49     Element.updateChild (package:flutter/src/widgets/framework.dart:4037)
I/flutter ( 5239): #50     ComponentElement.performRebuild (package:flutter/src/widgets/framework.dart:5841)
I/flutter ( 5239): #51     Element.rebuild (package:flutter/src/widgets/framework.dart:5529)
I/flutter ( 5239): #52     ProxyElement.update (package:flutter/src/widgets/framework.dart:6149)
I/flutter ( 5239): #53     Element.updateChild (package:flutter/src/widgets/framework.dart:4037)
I/flutter ( 5239): #54     ComponentElement.performRebuild (package:flutter/src/widgets/framework.dart:5841)
I/flutter ( 5239): #55     StatefulElement.performRebuild (package:flutter/src/widgets/framework.dart:5982)
I/flutter ( 5239): #56     Element.rebuild (package:flutter/src/widgets/framework.dart:5529)
I/flutter ( 5239): #57     StatefulElement.update (package:flutter/src/widgets/framework.dart:6007)
I/flutter ( 5239): #58     Element.updateChild (package:flutter/src/widgets/framework.dart:4037)
I/flutter ( 5239): #59     ComponentElement.performRebuild (package:flutter/src/widgets/framework.dart:5841)
I/flutter ( 5239): #60     Element.rebuild (package:flutter/src/widgets/framework.dart:5529)
I/flutter ( 5239): #61     StatelessElement.update (package:flutter/src/widgets/framework.dart:5895)
I/flutter ( 5239): #62     Element.updateChild (package:flutter/src/widgets/framework.dart:4037)
I/flutter ( 5239): #63     SingleChildRenderObjectElement.update (package:flutter/src/widgets/framework.dart:7122)
I/flutter ( 5239): #64     Element.updateChild (package:flutter/src/widgets/framework.dart:4037)
I/flutter ( 5239): #65     SingleChildRenderObjectElement.update (package:flutter/src/widgets/framework.dart:7122)
I/flutter ( 5239): #66     Element.updateChild (package:flutter/src/widgets/framework.dart:4037)
I/flutter ( 5239): #67     SingleChildRenderObjectElement.update (package:flutter/src/widgets/framework.dart:7122)
I/flutter ( 5239): #68     Element.updateChild (package:flutter/src/widgets/framework.dart:4037)
I/flutter ( 5239): #69     ComponentElement.performRebuild (package:flutter/src/widgets/framework.dart:5841)
I/flutter ( 5239): #70     StatefulElement.performRebuild (package:flutter/src/widgets/framework.dart:5982)
I/flutter ( 5239): #71     Element.rebuild (package:flutter/src/widgets/framework.dart:5529)
I/flutter ( 5239): #72     StatefulElement.update (package:flutter/src/widgets/framework.dart:6007)
I/flutter ( 5239): #73     Element.updateChild (package:flutter/src/widgets/framework.dart:4037)
I/flutter ( 5239): #74     ComponentElement.performRebuild (package:flutter/src/widgets/framework.dart:5841)
I/flutter ( 5239): #75     Element.rebuild (package:flutter/src/widgets/framework.dart:5529)
I/flutter ( 5239): #76     ProxyElement.update (package:flutter/src/widgets/framework.dart:6149)
I/flutter ( 5239): #77     Element.updateChild (package:flutter/src/widgets/framework.dart:4037)
I/flutter ( 5239): #78     ComponentElement.performRebuild (package:flutter/src/widgets/framework.dart:5841)
I/flutter ( 5239): #79     Element.rebuild (package:flutter/src/widgets/framework.dart:5529)
I/flutter ( 5239): #80     ProxyElement.update (package:flutter/src/widgets/framework.dart:6149)
I/flutter ( 5239): #81     Element.updateChild (package:flutter/src/widgets/framework.dart:4037)
I/flutter ( 5239): #82     ComponentElement.performRebuild (package:flutter/src/widgets/framework.dart:5841)
I/flutter ( 5239): #83     StatefulElement.performRebuild (package:flutter/src/widgets/framework.dart:5982)
I/flutter ( 5239): #84     Element.rebuild (package:flutter/src/widgets/framework.dart:5529)
I/flutter ( 5239): #85     StatefulElement.update (package:flutter/src/widgets/framework.dart:6007)
I/flutter ( 5239): #86     Element.updateChild (package:flutter/src/widgets/framework.dart:4037)
I/flutter ( 5239): #87     ComponentElement.performRebuild (package:flutter/src/widgets/framework.dart:5841)
I/flutter ( 5239): #88     Element.rebuild (package:flutter/src/widgets/framework.dart:5529)
I/flutter ( 5239): #89     StatelessElement.update (package:flutter/src/widgets/framework.dart:5895)
I/flutter ( 5239): #90     Element.updateChild (package:flutter/src/widgets/framework.dart:4037)
I/flutter ( 5239): #91     SliverMultiBoxAdaptorElement.updateChild (package:flutter/src/widgets/sliver.dart:1086)
I/flutter ( 5239): #92     SliverMultiBoxAdaptorElement.performRebuild.processElement (package:flutter/src/widgets/sliver.dart:979)
I/flutter ( 5239): #93     Iterable.forEach (dart:core/iterable.dart:366)
I/flutter ( 5239): #94     SliverMultiBoxAdaptorElement.performRebuild (package:flutter/src/widgets/sliver.dart:1032)
I/flutter ( 5239): #95     SliverMultiBoxAdaptorElement.update (package:flutter/src/widgets/sliver.dart:955)
I/flutter ( 5239): #96     Element.updateChild (package:flutter/src/widgets/framework.dart:4037)
I/flutter ( 5239): #97     ComponentElement.performRebuild (package:flutter/src/widgets/framework.dart:5841)
I/flutter ( 5239): #98     Element.rebuild (package:flutter/src/widgets/framework.dart:5529)
I/flutter ( 5239): #99     ProxyElement.update (package:flutter/src/widgets/framework.dart:6149)
[spm]: ProfilerData event received.
I/flutter ( 5239): [SPM:perf] 698a51a  buildSpan: 11000µs
I/flutter ( 5239): [spm] Performance monitoring completed for 698a51a
I/flutter ( 5239): type '_Stub' is not a subtype of type 'Color?'
I/flutter ( 5239): #0      LeagueCard.build (package:benchmark_container/generated_widget.dart:125)
I/flutter ( 5239): #1      StatelessElement.build (package:flutter/src/widgets/framework.dart:5889)
I/flutter ( 5239): #2      ComponentElement.performRebuild (package:flutter/src/widgets/framework.dart:5817)
I/flutter ( 5239): #3      Element.rebuild (package:flutter/src/widgets/framework.dart:5529)
I/flutter ( 5239): #4      StatelessElement.update (package:flutter/src/widgets/framework.dart:5895)
I/flutter ( 5239): #5      Element.updateChild (package:flutter/src/widgets/framework.dart:4037)
I/flutter ( 5239): #6      SingleChildRenderObjectElement.update (package:flutter/src/widgets/framework.dart:7122)
I/flutter ( 5239): #7      Element.updateChild (package:flutter/src/widgets/framework.dart:4037)
I/flutter ( 5239): #8      ComponentElement.performRebuild (package:flutter/src/widgets/framework.dart:5841)
I/flutter ( 5239): #9      StatefulElement.performRebuild (package:flutter/src/widgets/framework.dart:5982)
I/flutter ( 5239): #10     Element.rebuild (package:flutter/src/widgets/framework.dart:5529)
I/flutter ( 5239): #11     StatefulElement.update (package:flutter/src/widgets/framework.dart:6007)
I/flutter ( 5239): #12     Element.updateChild (package:flutter/src/widgets/framework.dart:4037)
I/flutter ( 5239): #13     ComponentElement.performRebuild (package:flutter/src/widgets/framework.dart:5841)
I/flutter ( 5239): #14     Element.rebuild (package:flutter/src/widgets/framework.dart:5529)
I/flutter ( 5239): #15     StatelessElement.update (package:flutter/src/widgets/framework.dart:5895)
I/flutter ( 5239): #16     Element.updateChild (package:flutter/src/widgets/framework.dart:4037)
I/flutter ( 5239): #17     SingleChildRenderObjectElement.update (package:flutter/src/widgets/framework.dart:7122)
I/flutter ( 5239): #18     Element.updateChild (package:flutter/src/widgets/framework.dart:4037)
I/flutter ( 5239): #19     ComponentElement.performRebuild (package:flutter/src/widgets/framework.dart:5841)
I/flutter ( 5239): #20     Element.rebuild (package:flutter/src/widgets/framework.dart:5529)
I/flutter ( 5239): #21     ProxyElement.update (package:flutter/src/widgets/framework.dart:6149)
I/flutter ( 5239): #22     Element.updateChild (package:flutter/src/widgets/framework.dart:4037)
I/flutter ( 5239): #23     ComponentElement.performRebuild (package:flutter/src/widgets/framework.dart:5841)
I/flutter ( 5239): #24     Element.rebuild (package:flutter/src/widgets/framework.dart:5529)
I/flutter ( 5239): #25     StatelessElement.update (package:flutter/src/widgets/framework.dart:5895)
I/flutter ( 5239): #26     Element.updateChild (package:flutter/src/widgets/framework.dart:4037)
I/flutter ( 5239): #27     SingleChildRenderObjectElement.update (package:flutter/src/widgets/framework.dart:7122)
I/flutter ( 5239): #28     Element.updateChild (package:flutter/src/widgets/framework.dart:4037)
I/flutter ( 5239): #29     SingleChildRenderObjectElement.update (package:flutter/src/widgets/framework.dart:7122)
I/flutter ( 5239): #30     Element.updateChild (package:flutter/src/widgets/framework.dart:4037)
I/flutter ( 5239): #31     ComponentElement.performRebuild (package:flutter/src/widgets/framework.dart:5841)
I/flutter ( 5239): #32     Element.rebuild (package:flutter/src/widgets/framework.dart:5529)
I/flutter ( 5239): #33     ProxyElement.update (package:flutter/src/widgets/framework.dart:6149)
I/flutter ( 5239): #34     _InheritedNotifierElement.update (package:flutter/src/widgets/inherited_notifier.dart:108)
I/flutter ( 5239): #35     Element.updateChild (package:flutter/src/widgets/framework.dart:4037)
I/flutter ( 5239): #36     ComponentElement.performRebuild (package:flutter/src/widgets/framework.dart:5841)
I/flutter ( 5239): #37     StatefulElement.performRebuild (package:flutter/src/widgets/framework.dart:5982)
I/flutter ( 5239): #38     Element.rebuild (package:flutter/src/widgets/framework.dart:5529)
I/flutter ( 5239): #39     StatefulElement.update (package:flutter/src/widgets/framework.dart:6007)
I/flutter ( 5239): #40     Element.updateChild (package:flutter/src/widgets/framework.dart:4037)
I/flutter ( 5239): #41     ComponentElement.performRebuild (package:flutter/src/widgets/framework.dart:5841)
I/flutter ( 5239): #42     Element.rebuild (package:flutter/src/widgets/framework.dart:5529)
I/flutter ( 5239): #43     ProxyElement.update (package:flutter/src/widgets/framework.dart:6149)
I/flutter ( 5239): #44     Element.updateChild (package:flutter/src/widgets/framework.dart:4037)
I/flutter ( 5239): #45     ComponentElement.performRebuild (package:flutter/src/widgets/framework.dart:5841)
I/flutter ( 5239): #46     StatefulElement.performRebuild (package:flutter/src/widgets/framework.dart:5982)
I/flutter ( 5239): #47     Element.rebuild (package:flutter/src/widgets/framework.dart:5529)
I/flutter ( 5239): #48     StatefulElement.update (package:flutter/src/widgets/framework.dart:6007)
I/flutter ( 5239): #49     Element.updateChild (package:flutter/src/widgets/framework.dart:4037)
I/flutter ( 5239): #50     ComponentElement.performRebuild (package:flutter/src/widgets/framework.dart:5841)
I/flutter ( 5239): #51     Element.rebuild (package:flutter/src/widgets/framework.dart:5529)
I/flutter ( 5239): #52     ProxyElement.update (package:flutter/src/widgets/framework.dart:6149)
I/flutter ( 5239): #53     Element.updateChild (package:flutter/src/widgets/framework.dart:4037)
I/flutter ( 5239): #54     ComponentElement.performRebuild (package:flutter/src/widgets/framework.dart:5841)
I/flutter ( 5239): #55     StatefulElement.performRebuild (package:flutter/src/widgets/framework.dart:5982)
I/flutter ( 5239): #56     Element.rebuild (package:flutter/src/widgets/framework.dart:5529)
I/flutter ( 5239): #57     StatefulElement.update (package:flutter/src/widgets/framework.dart:6007)
I/flutter ( 5239): #58     Element.updateChild (package:flutter/src/widgets/framework.dart:4037)
I/flutter ( 5239): #59     ComponentElement.performRebuild (package:flutter/src/widgets/framework.dart:5841)
I/flutter ( 5239): #60     Element.rebuild (package:flutter/src/widgets/framework.dart:5529)
I/flutter ( 5239): #61     StatelessElement.update (package:flutter/src/widgets/framework.dart:5895)
I/flutter ( 5239): #62     Element.updateChild (package:flutter/src/widgets/framework.dart:4037)
I/flutter ( 5239): #63     SingleChildRenderObjectElement.update (package:flutter/src/widgets/framework.dart:7122)
I/flutter ( 5239): #64     Element.updateChild (package:flutter/src/widgets/framework.dart:4037)
I/flutter ( 5239): #65     SingleChildRenderObjectElement.update (package:flutter/src/widgets/framework.dart:7122)
I/flutter ( 5239): #66     Element.updateChild (package:flutter/src/widgets/framework.dart:4037)
I/flutter ( 5239): #67     SingleChildRenderObjectElement.update (package:flutter/src/widgets/framework.dart:7122)
I/flutter ( 5239): #68     Element.updateChild (package:flutter/src/widgets/framework.dart:4037)
I/flutter ( 5239): #69     ComponentElement.performRebuild (package:flutter/src/widgets/framework.dart:5841)
I/flutter ( 5239): #70     StatefulElement.performRebuild (package:flutter/src/widgets/framework.dart:5982)
I/flutter ( 5239): #71     Element.rebuild (package:flutter/src/widgets/framework.dart:5529)
I/flutter ( 5239): #72     StatefulElement.update (package:flutter/src/widgets/framework.dart:6007)
I/flutter ( 5239): #73     Element.updateChild (package:flutter/src/widgets/framework.dart:4037)
I/flutter ( 5239): #74     ComponentElement.performRebuild (package:flutter/src/widgets/framework.dart:5841)
I/flutter ( 5239): #75     Element.rebuild (package:flutter/src/widgets/framework.dart:5529)
I/flutter ( 5239): #76     ProxyElement.update (package:flutter/src/widgets/framework.dart:6149)
I/flutter ( 5239): #77     Element.updateChild (package:flutter/src/widgets/framework.dart:4037)
I/flutter ( 5239): #78     ComponentElement.performRebuild (package:flutter/src/widgets/framework.dart:5841)
I/flutter ( 5239): #79     Element.rebuild (package:flutter/src/widgets/framework.dart:5529)
I/flutter ( 5239): #80     ProxyElement.update (package:flutter/src/widgets/framework.dart:6149)
I/flutter ( 5239): #81     Element.updateChild (package:flutter/src/widgets/framework.dart:4037)
I/flutter ( 5239): #82     ComponentElement.performRebuild (package:flutter/src/widgets/framework.dart:5841)
I/flutter ( 5239): #83     StatefulElement.performRebuild (package:flutter/src/widgets/framework.dart:5982)
I/flutter ( 5239): #84     Element.rebuild (package:flutter/src/widgets/framework.dart:5529)
I/flutter ( 5239): #85     StatefulElement.update (package:flutter/src/widgets/framework.dart:6007)
I/flutter ( 5239): #86     Element.updateChild (package:flutter/src/widgets/framework.dart:4037)
I/flutter ( 5239): #87     ComponentElement.performRebuild (package:flutter/src/widgets/framework.dart:5841)
I/flutter ( 5239): #88     Element.rebuild (package:flutter/src/widgets/framework.dart:5529)
I/flutter ( 5239): #89     StatelessElement.update (package:flutter/src/widgets/framework.dart:5895)
I/flutter ( 5239): #90     Element.updateChild (package:flutter/src/widgets/framework.dart:4037)
I/flutter ( 5239): #91     SliverMultiBoxAdaptorElement.updateChild (package:flutter/src/widgets/sliver.dart:1086)
I/flutter ( 5239): #92     SliverMultiBoxAdaptorElement.performRebuild.processElement (package:flutter/src/widgets/sliver.dart:979)
I/flutter ( 5239): #93     Iterable.forEach (dart:core/iterable.dart:366)
I/flutter ( 5239): #94     SliverMultiBoxAdaptorElement.performRebuild (package:flutter/src/widgets/sliver.dart:1032)
I/flutter ( 5239): #95     SliverMultiBoxAdaptorElement.update (package:flutter/src/widgets/sliver.dart:955)
I/flutter ( 5239): #96     Element.updateChild (package:flutter/src/widgets/framework.dart:4037)
I/flutter ( 5239): #97     ComponentElement.performRebuild (package:flutter/src/widgets/framework.dart:5841)
I/flutter ( 5239): #98     Element.rebuild (package:flutter/src/widgets/framework.dart:5529)
I/flutter ( 5239): #99     ProxyElement.update (package:flutter/src/widgets/framework.dart:6149)
[spm]: ProfilerData event received.
I/flutter ( 5239): [SPM:perf] 698a51a  buildSpan: 9441µs
I/flutter ( 5239): [spm] Performance monitoring completed for 698a51a
I/flutter ( 5239): type '_Stub' is not a subtype of type 'Color?'
I/flutter ( 5239): #0      LeagueCard.build (package:benchmark_container/generated_widget.dart:125)
I/flutter ( 5239): #1      StatelessElement.build (package:flutter/src/widgets/framework.dart:5889)
I/flutter ( 5239): #2      ComponentElement.performRebuild (package:flutter/src/widgets/framework.dart:5817)
I/flutter ( 5239): #3      Element.rebuild (package:flutter/src/widgets/framework.dart:5529)
I/flutter ( 5239): #4      StatelessElement.update (package:flutter/src/widgets/framework.dart:5895)
I/flutter ( 5239): #5      Element.updateChild (package:flutter/src/widgets/framework.dart:4037)
I/flutter ( 5239): #6      SingleChildRenderObjectElement.update (package:flutter/src/widgets/framework.dart:7122)
I/flutter ( 5239): #7      Element.updateChild (package:flutter/src/widgets/framework.dart:4037)
I/flutter ( 5239): #8      ComponentElement.performRebuild (package:flutter/src/widgets/framework.dart:5841)
I/flutter ( 5239): #9      StatefulElement.performRebuild (package:flutter/src/widgets/framework.dart:5982)
I/flutter ( 5239): #10     Element.rebuild (package:flutter/src/widgets/framework.dart:5529)
I/flutter ( 5239): #11     StatefulElement.update (package:flutter/src/widgets/framework.dart:6007)
I/flutter ( 5239): #12     Element.updateChild (package:flutter/src/widgets/framework.dart:4037)
I/flutter ( 5239): #13     ComponentElement.performRebuild (package:flutter/src/widgets/framework.dart:5841)
I/flutter ( 5239): #14     Element.rebuild (package:flutter/src/widgets/framework.dart:5529)
I/flutter ( 5239): #15     StatelessElement.update (package:flutter/src/widgets/framework.dart:5895)
I/flutter ( 5239): #16     Element.updateChild (package:flutter/src/widgets/framework.dart:4037)
I/flutter ( 5239): #17     SingleChildRenderObjectElement.update (package:flutter/src/widgets/framework.dart:7122)
I/flutter ( 5239): #18     Element.updateChild (package:flutter/src/widgets/framework.dart:4037)
I/flutter ( 5239): #19     ComponentElement.performRebuild (package:flutter/src/widgets/framework.dart:5841)
I/flutter ( 5239): #20     Element.rebuild (package:flutter/src/widgets/framework.dart:5529)
I/flutter ( 5239): #21     ProxyElement.update (package:flutter/src/widgets/framework.dart:6149)
I/flutter ( 5239): #22     Element.updateChild (package:flutter/src/widgets/framework.dart:4037)
I/flutter ( 5239): #23     ComponentElement.performRebuild (package:flutter/src/widgets/framework.dart:5841)
I/flutter ( 5239): #24     Element.rebuild (package:flutter/src/widgets/framework.dart:5529)
I/flutter ( 5239): #25     StatelessElement.update (package:flutter/src/widgets/framework.dart:5895)
I/flutter ( 5239): #26     Element.updateChild (package:flutter/src/widgets/framework.dart:4037)
I/flutter ( 5239): #27     SingleChildRenderObjectElement.update (package:flutter/src/widgets/framework.dart:7122)
I/flutter ( 5239): #28     Element.updateChild (package:flutter/src/widgets/framework.dart:4037)
I/flutter ( 5239): #29     SingleChildRenderObjectElement.update (package:flutter/src/widgets/framework.dart:7122)
I/flutter ( 5239): #30     Element.updateChild (package:flutter/src/widgets/framework.dart:4037)
I/flutter ( 5239): #31     ComponentElement.performRebuild (package:flutter/src/widgets/framework.dart:5841)
I/flutter ( 5239): #32     Element.rebuild (package:flutter/src/widgets/framework.dart:5529)
I/flutter ( 5239): #33     ProxyElement.update (package:flutter/src/widgets/framework.dart:6149)
I/flutter ( 5239): #34     _InheritedNotifierElement.update (package:flutter/src/widgets/inherited_notifier.dart:108)
I/flutter ( 5239): #35     Element.updateChild (package:flutter/src/widgets/framework.dart:4037)
I/flutter ( 5239): #36     ComponentElement.performRebuild (package:flutter/src/widgets/framework.dart:5841)
I/flutter ( 5239): #37     StatefulElement.performRebuild (package:flutter/src/widgets/framework.dart:5982)
I/flutter ( 5239): #38     Element.rebuild (package:flutter/src/widgets/framework.dart:5529)
I/flutter ( 5239): #39     StatefulElement.update (package:flutter/src/widgets/framework.dart:6007)
I/flutter ( 5239): #40     Element.updateChild (package:flutter/src/widgets/framework.dart:4037)
I/flutter ( 5239): #41     ComponentElement.performRebuild (package:flutter/src/widgets/framework.dart:5841)
I/flutter ( 5239): #42     Element.rebuild (package:flutter/src/widgets/framework.dart:5529)
I/flutter ( 5239): #43     ProxyElement.update (package:flutter/src/widgets/framework.dart:6149)
I/flutter ( 5239): #44     Element.updateChild (package:flutter/src/widgets/framework.dart:4037)
I/flutter ( 5239): #45     ComponentElement.performRebuild (package:flutter/src/widgets/framework.dart:5841)
I/flutter ( 5239): #46     StatefulElement.performRebuild (package:flutter/src/widgets/framework.dart:5982)
I/flutter ( 5239): #47     Element.rebuild (package:flutter/src/widgets/framework.dart:5529)
I/flutter ( 5239): #48     StatefulElement.update (package:flutter/src/widgets/framework.dart:6007)
I/flutter ( 5239): #49     Element.updateChild (package:flutter/src/widgets/framework.dart:4037)
I/flutter ( 5239): #50     ComponentElement.performRebuild (package:flutter/src/widgets/framework.dart:5841)
I/flutter ( 5239): #51     Element.rebuild (package:flutter/src/widgets/framework.dart:5529)
I/flutter ( 5239): #52     ProxyElement.update (package:flutter/src/widgets/framework.dart:6149)
I/flutter ( 5239): #53     Element.updateChild (package:flutter/src/widgets/framework.dart:4037)
I/flutter ( 5239): #54     ComponentElement.performRebuild (package:flutter/src/widgets/framework.dart:5841)
I/flutter ( 5239): #55     StatefulElement.performRebuild (package:flutter/src/widgets/framework.dart:5982)
I/flutter ( 5239): #56     Element.rebuild (package:flutter/src/widgets/framework.dart:5529)
I/flutter ( 5239): #57     StatefulElement.update (package:flutter/src/widgets/framework.dart:6007)
I/flutter ( 5239): #58     Element.updateChild (package:flutter/src/widgets/framework.dart:4037)
I/flutter ( 5239): #59     ComponentElement.performRebuild (package:flutter/src/widgets/framework.dart:5841)
I/flutter ( 5239): #60     Element.rebuild (package:flutter/src/widgets/framework.dart:5529)
I/flutter ( 5239): #61     StatelessElement.update (package:flutter/src/widgets/framework.dart:5895)
I/flutter ( 5239): #62     Element.updateChild (package:flutter/src/widgets/framework.dart:4037)
I/flutter ( 5239): #63     SingleChildRenderObjectElement.update (package:flutter/src/widgets/framework.dart:7122)
I/flutter ( 5239): #64     Element.updateChild (package:flutter/src/widgets/framework.dart:4037)
I/flutter ( 5239): #65     SingleChildRenderObjectElement.update (package:flutter/src/widgets/framework.dart:7122)
I/flutter ( 5239): #66     Element.updateChild (package:flutter/src/widgets/framework.dart:4037)
I/flutter ( 5239): #67     SingleChildRenderObjectElement.update (package:flutter/src/widgets/framework.dart:7122)
I/flutter ( 5239): #68     Element.updateChild (package:flutter/src/widgets/framework.dart:4037)
I/flutter ( 5239): #69     ComponentElement.performRebuild (package:flutter/src/widgets/framework.dart:5841)
I/flutter ( 5239): #70     StatefulElement.performRebuild (package:flutter/src/widgets/framework.dart:5982)
I/flutter ( 5239): #71     Element.rebuild (package:flutter/src/widgets/framework.dart:5529)
I/flutter ( 5239): #72     StatefulElement.update (package:flutter/src/widgets/framework.dart:6007)
I/flutter ( 5239): #73     Element.updateChild (package:flutter/src/widgets/framework.dart:4037)
I/flutter ( 5239): #74     ComponentElement.performRebuild (package:flutter/src/widgets/framework.dart:5841)
I/flutter ( 5239): #75     Element.rebuild (package:flutter/src/widgets/framework.dart:5529)
I/flutter ( 5239): #76     ProxyElement.update (package:flutter/src/widgets/framework.dart:6149)
I/flutter ( 5239): #77     Element.updateChild (package:flutter/src/widgets/framework.dart:4037)
I/flutter ( 5239): #78     ComponentElement.performRebuild (package:flutter/src/widgets/framework.dart:5841)
I/flutter ( 5239): #79     Element.rebuild (package:flutter/src/widgets/framework.dart:5529)
I/flutter ( 5239): #80     ProxyElement.update (package:flutter/src/widgets/framework.dart:6149)
I/flutter ( 5239): #81     Element.updateChild (package:flutter/src/widgets/framework.dart:4037)
I/flutter ( 5239): #82     ComponentElement.performRebuild (package:flutter/src/widgets/framework.dart:5841)
I/flutter ( 5239): #83     StatefulElement.performRebuild (package:flutter/src/widgets/framework.dart:5982)
I/flutter ( 5239): #84     Element.rebuild (package:flutter/src/widgets/framework.dart:5529)
I/flutter ( 5239): #85     StatefulElement.update (package:flutter/src/widgets/framework.dart:6007)
I/flutter ( 5239): #86     Element.updateChild (package:flutter/src/widgets/framework.dart:4037)
I/flutter ( 5239): #87     ComponentElement.performRebuild (package:flutter/src/widgets/framework.dart:5841)
I/flutter ( 5239): #88     Element.rebuild (package:flutter/src/widgets/framework.dart:5529)
I/flutter ( 5239): #89     StatelessElement.update (package:flutter/src/widgets/framework.dart:5895)
I/flutter ( 5239): #90     Element.updateChild (package:flutter/src/widgets/framework.dart:4037)
I/flutter ( 5239): #91     SliverMultiBoxAdaptorElement.updateChild (package:flutter/src/widgets/sliver.dart:1086)
I/flutter ( 5239): #92     SliverMultiBoxAdaptorElement.performRebuild.processElement (package:flutter/src/widgets/sliver.dart:979)
I/flutter ( 5239): #93     Iterable.forEach (dart:core/iterable.dart:366)
I/flutter ( 5239): #94     SliverMultiBoxAdaptorElement.performRebuild (package:flutter/src/widgets/sliver.dart:1032)
I/flutter ( 5239): #95     SliverMultiBoxAdaptorElement.update (package:flutter/src/widgets/sliver.dart:955)
I/flutter ( 5239): #96     Element.updateChild (package:flutter/src/widgets/framework.dart:4037)
I/flutter ( 5239): #97     ComponentElement.performRebuild (package:flutter/src/widgets/framework.dart:5841)
I/flutter ( 5239): #98     Element.rebuild (package:flutter/src/widgets/framework.dart:5529)
I/flutter ( 5239): #99     ProxyElement.update (package:flutter/src/widgets/framework.dart:6149)
I/flutter ( 5239): [SPM:perf] 698a51a  buildSpan: 10818µs
I/flutter ( 5239): [spm] Performance monitoring completed for 698a51a
[spm]: ProfilerData event received.
I/flutter ( 5239): type '_Stub' is not a subtype of type 'Color?'
I/flutter ( 5239): #0      LeagueCard.build (package:benchmark_container/generated_widget.dart:125)
I/flutter ( 5239): #1      StatelessElement.build (package:flutter/src/widgets/framework.dart:5889)
I/flutter ( 5239): #2      ComponentElement.performRebuild (package:flutter/src/widgets/framework.dart:5817)
I/flutter ( 5239): #3      Element.rebuild (package:flutter/src/widgets/framework.dart:5529)
I/flutter ( 5239): #4      StatelessElement.update (package:flutter/src/widgets/framework.dart:5895)
I/flutter ( 5239): #5      Element.updateChild (package:flutter/src/widgets/framework.dart:4037)
I/flutter ( 5239): #6      SingleChildRenderObjectElement.update (package:flutter/src/widgets/framework.dart:7122)
I/flutter ( 5239): #7      Element.updateChild (package:flutter/src/widgets/framework.dart:4037)
I/flutter ( 5239): #8      ComponentElement.performRebuild (package:flutter/src/widgets/framework.dart:5841)
I/flutter ( 5239): #9      StatefulElement.performRebuild (package:flutter/src/widgets/framework.dart:5982)
I/flutter ( 5239): #10     Element.rebuild (package:flutter/src/widgets/framework.dart:5529)
I/flutter ( 5239): #11     StatefulElement.update (package:flutter/src/widgets/framework.dart:6007)
I/flutter ( 5239): #12     Element.updateChild (package:flutter/src/widgets/framework.dart:4037)
I/flutter ( 5239): #13     ComponentElement.performRebuild (package:flutter/src/widgets/framework.dart:5841)
I/flutter ( 5239): #14     Element.rebuild (package:flutter/src/widgets/framework.dart:5529)
I/flutter ( 5239): #15     StatelessElement.update (package:flutter/src/widgets/framework.dart:5895)
I/flutter ( 5239): #16     Element.updateChild (package:flutter/src/widgets/framework.dart:4037)
I/flutter ( 5239): #17     SingleChildRenderObjectElement.update (package:flutter/src/widgets/framework.dart:7122)
I/flutter ( 5239): #18     Element.updateChild (package:flutter/src/widgets/framework.dart:4037)
I/flutter ( 5239): #19     ComponentElement.performRebuild (package:flutter/src/widgets/framework.dart:5841)
I/flutter ( 5239): #20     Element.rebuild (package:flutter/src/widgets/framework.dart:5529)
I/flutter ( 5239): #21     ProxyElement.update (package:flutter/src/widgets/framework.dart:6149)
I/flutter ( 5239): #22     Element.updateChild (package:flutter/src/widgets/framework.dart:4037)
I/flutter ( 5239): #23     ComponentElement.performRebuild (package:flutter/src/widgets/framework.dart:5841)
I/flutter ( 5239): #24     Element.rebuild (package:flutter/src/widgets/framework.dart:5529)
I/flutter ( 5239): #25     StatelessElement.update (package:flutter/src/widgets/framework.dart:5895)
I/flutter ( 5239): #26     Element.updateChild (package:flutter/src/widgets/framework.dart:4037)
I/flutter ( 5239): #27     SingleChildRenderObjectElement.update (package:flutter/src/widgets/framework.dart:7122)
I/flutter ( 5239): #28     Element.updateChild (package:flutter/src/widgets/framework.dart:4037)
I/flutter ( 5239): #29     SingleChildRenderObjectElement.update (package:flutter/src/widgets/framework.dart:7122)
I/flutter ( 5239): #30     Element.updateChild (package:flutter/src/widgets/framework.dart:4037)
I/flutter ( 5239): #31     ComponentElement.performRebuild (package:flutter/src/widgets/framework.dart:5841)
I/flutter ( 5239): #32     Element.rebuild (package:flutter/src/widgets/framework.dart:5529)
I/flutter ( 5239): #33     ProxyElement.update (package:flutter/src/widgets/framework.dart:6149)
I/flutter ( 5239): #34     _InheritedNotifierElement.update (package:flutter/src/widgets/inherited_notifier.dart:108)
I/flutter ( 5239): #35     Element.updateChild (package:flutter/src/widgets/framework.dart:4037)
I/flutter ( 5239): #36     ComponentElement.performRebuild (package:flutter/src/widgets/framework.dart:5841)
I/flutter ( 5239): #37     StatefulElement.performRebuild (package:flutter/src/widgets/framework.dart:5982)
I/flutter ( 5239): #38     Element.rebuild (package:flutter/src/widgets/framework.dart:5529)
I/flutter ( 5239): #39     StatefulElement.update (package:flutter/src/widgets/framework.dart:6007)
I/flutter ( 5239): #40     Element.updateChild (package:flutter/src/widgets/framework.dart:4037)
I/flutter ( 5239): #41     ComponentElement.performRebuild (package:flutter/src/widgets/framework.dart:5841)
I/flutter ( 5239): #42     Element.rebuild (package:flutter/src/widgets/framework.dart:5529)
I/flutter ( 5239): #43     ProxyElement.update (package:flutter/src/widgets/framework.dart:6149)
I/flutter ( 5239): #44     Element.updateChild (package:flutter/src/widgets/framework.dart:4037)
I/flutter ( 5239): #45     ComponentElement.performRebuild (package:flutter/src/widgets/framework.dart:5841)
I/flutter ( 5239): #46     StatefulElement.performRebuild (package:flutter/src/widgets/framework.dart:5982)
I/flutter ( 5239): #47     Element.rebuild (package:flutter/src/widgets/framework.dart:5529)
I/flutter ( 5239): #48     StatefulElement.update (package:flutter/src/widgets/framework.dart:6007)
I/flutter ( 5239): #49     Element.updateChild (package:flutter/src/widgets/framework.dart:4037)
I/flutter ( 5239): #50     ComponentElement.performRebuild (package:flutter/src/widgets/framework.dart:5841)
I/flutter ( 5239): #51     Element.rebuild (package:flutter/src/widgets/framework.dart:5529)
I/flutter ( 5239): #52     ProxyElement.update (package:flutter/src/widgets/framework.dart:6149)
I/flutter ( 5239): #53     Element.updateChild (package:flutter/src/widgets/framework.dart:4037)
I/flutter ( 5239): #54     ComponentElement.performRebuild (package:flutter/src/widgets/framework.dart:5841)
I/flutter ( 5239): #55     StatefulElement.performRebuild (package:flutter/src/widgets/framework.dart:5982)
I/flutter ( 5239): #56     Element.rebuild (package:flutter/src/widgets/framework.dart:5529)
I/flutter ( 5239): #57     StatefulElement.update (package:flutter/src/widgets/framework.dart:6007)
I/flutter ( 5239): #58     Element.updateChild (package:flutter/src/widgets/framework.dart:4037)
I/flutter ( 5239): #59     ComponentElement.performRebuild (package:flutter/src/widgets/framework.dart:5841)
I/flutter ( 5239): #60     Element.rebuild (package:flutter/src/widgets/framework.dart:5529)
I/flutter ( 5239): #61     StatelessElement.update (package:flutter/src/widgets/framework.dart:5895)
I/flutter ( 5239): #62     Element.updateChild (package:flutter/src/widgets/framework.dart:4037)
I/flutter ( 5239): #63     SingleChildRenderObjectElement.update (package:flutter/src/widgets/framework.dart:7122)
I/flutter ( 5239): #64     Element.updateChild (package:flutter/src/widgets/framework.dart:4037)
I/flutter ( 5239): #65     SingleChildRenderObjectElement.update (package:flutter/src/widgets/framework.dart:7122)
I/flutter ( 5239): #66     Element.updateChild (package:flutter/src/widgets/framework.dart:4037)
I/flutter ( 5239): #67     SingleChildRenderObjectElement.update (package:flutter/src/widgets/framework.dart:7122)
I/flutter ( 5239): #68     Element.updateChild (package:flutter/src/widgets/framework.dart:4037)
I/flutter ( 5239): #69     ComponentElement.performRebuild (package:flutter/src/widgets/framework.dart:5841)
I/flutter ( 5239): #70     StatefulElement.performRebuild (package:flutter/src/widgets/framework.dart:5982)
I/flutter ( 5239): #71     Element.rebuild (package:flutter/src/widgets/framework.dart:5529)
I/flutter ( 5239): #72     StatefulElement.update (package:flutter/src/widgets/framework.dart:6007)
I/flutter ( 5239): #73     Element.updateChild (package:flutter/src/widgets/framework.dart:4037)
I/flutter ( 5239): #74     ComponentElement.performRebuild (package:flutter/src/widgets/framework.dart:5841)
I/flutter ( 5239): #75     Element.rebuild (package:flutter/src/widgets/framework.dart:5529)
I/flutter ( 5239): #76     ProxyElement.update (package:flutter/src/widgets/framework.dart:6149)
I/flutter ( 5239): #77     Element.updateChild (package:flutter/src/widgets/framework.dart:4037)
I/flutter ( 5239): #78     ComponentElement.performRebuild (package:flutter/src/widgets/framework.dart:5841)
I/flutter ( 5239): #79     Element.rebuild (package:flutter/src/widgets/framework.dart:5529)
I/flutter ( 5239): #80     ProxyElement.update (package:flutter/src/widgets/framework.dart:6149)
I/flutter ( 5239): #81     Element.updateChild (package:flutter/src/widgets/framework.dart:4037)
I/flutter ( 5239): #82     ComponentElement.performRebuild (package:flutter/src/widgets/framework.dart:5841)
I/flutter ( 5239): #83     StatefulElement.performRebuild (package:flutter/src/widgets/framework.dart:5982)
I/flutter ( 5239): #84     Element.rebuild (package:flutter/src/widgets/framework.dart:5529)
I/flutter ( 5239): #85     StatefulElement.update (package:flutter/src/widgets/framework.dart:6007)
I/flutter ( 5239): #86     Element.updateChild (package:flutter/src/widgets/framework.dart:4037)
I/flutter ( 5239): #87     ComponentElement.performRebuild (package:flutter/src/widgets/framework.dart:5841)
I/flutter ( 5239): #88     Element.rebuild (package:flutter/src/widgets/framework.dart:5529)
I/flutter ( 5239): #89     StatelessElement.update (package:flutter/src/widgets/framework.dart:5895)
I/flutter ( 5239): #90     Element.updateChild (package:flutter/src/widgets/framework.dart:4037)
I/flutter ( 5239): #91     SliverMultiBoxAdaptorElement.updateChild (package:flutter/src/widgets/sliver.dart:1086)
I/flutter ( 5239): #92     SliverMultiBoxAdaptorElement.performRebuild.processElement (package:flutter/src/widgets/sliver.dart:979)
I/flutter ( 5239): #93     Iterable.forEach (dart:core/iterable.dart:366)
I/flutter ( 5239): #94     SliverMultiBoxAdaptorElement.performRebuild (package:flutter/src/widgets/sliver.dart:1032)
I/flutter ( 5239): #95     SliverMultiBoxAdaptorElement.update (package:flutter/src/widgets/sliver.dart:955)
I/flutter ( 5239): #96     Element.updateChild (package:flutter/src/widgets/framework.dart:4037)
I/flutter ( 5239): #97     ComponentElement.performRebuild (package:flutter/src/widgets/framework.dart:5841)
I/flutter ( 5239): #98     Element.rebuild (package:flutter/src/widgets/framework.dart:5529)
I/flutter ( 5239): #99     ProxyElement.update (package:flutter/src/widgets/framework.dart:6149)
I/flutter ( 5239): [SPM:perf] 698a51a  buildSpan: 11222µs
I/flutter ( 5239): [spm] Performance monitoring completed for 698a51a
[spm]: ProfilerData event received.
I/flutter ( 5239): type '_Stub' is not a subtype of type 'Color?'
I/flutter ( 5239): #0      LeagueCard.build (package:benchmark_container/generated_widget.dart:125)
I/flutter ( 5239): #1      StatelessElement.build (package:flutter/src/widgets/framework.dart:5889)
I/flutter ( 5239): #2      ComponentElement.performRebuild (package:flutter/src/widgets/framework.dart:5817)
I/flutter ( 5239): #3      Element.rebuild (package:flutter/src/widgets/framework.dart:5529)
I/flutter ( 5239): #4      StatelessElement.update (package:flutter/src/widgets/framework.dart:5895)
I/flutter ( 5239): #5      Element.updateChild (package:flutter/src/widgets/framework.dart:4037)
I/flutter ( 5239): #6      SingleChildRenderObjectElement.update (package:flutter/src/widgets/framework.dart:7122)
I/flutter ( 5239): #7      Element.updateChild (package:flutter/src/widgets/framework.dart:4037)
I/flutter ( 5239): #8      ComponentElement.performRebuild (package:flutter/src/widgets/framework.dart:5841)
I/flutter ( 5239): #9      StatefulElement.performRebuild (package:flutter/src/widgets/framework.dart:5982)
I/flutter ( 5239): #10     Element.rebuild (package:flutter/src/widgets/framework.dart:5529)
I/flutter ( 5239): #11     StatefulElement.update (package:flutter/src/widgets/framework.dart:6007)
I/flutter ( 5239): #12     Element.updateChild (package:flutter/src/widgets/framework.dart:4037)
I/flutter ( 5239): #13     ComponentElement.performRebuild (package:flutter/src/widgets/framework.dart:5841)
I/flutter ( 5239): #14     Element.rebuild (package:flutter/src/widgets/framework.dart:5529)
I/flutter ( 5239): #15     StatelessElement.update (package:flutter/src/widgets/framework.dart:5895)
I/flutter ( 5239): #16     Element.updateChild (package:flutter/src/widgets/framework.dart:4037)
I/flutter ( 5239): #17     SingleChildRenderObjectElement.update (package:flutter/src/widgets/framework.dart:7122)
I/flutter ( 5239): #18     Element.updateChild (package:flutter/src/widgets/framework.dart:4037)
I/flutter ( 5239): #19     ComponentElement.performRebuild (package:flutter/src/widgets/framework.dart:5841)
I/flutter ( 5239): #20     Element.rebuild (package:flutter/src/widgets/framework.dart:5529)
I/flutter ( 5239): #21     ProxyElement.update (package:flutter/src/widgets/framework.dart:6149)
I/flutter ( 5239): #22     Element.updateChild (package:flutter/src/widgets/framework.dart:4037)
I/flutter ( 5239): #23     ComponentElement.performRebuild (package:flutter/src/widgets/framework.dart:5841)
I/flutter ( 5239): #24     Element.rebuild (package:flutter/src/widgets/framework.dart:5529)
I/flutter ( 5239): #25     StatelessElement.update (package:flutter/src/widgets/framework.dart:5895)
I/flutter ( 5239): #26     Element.updateChild (package:flutter/src/widgets/framework.dart:4037)
I/flutter ( 5239): #27     SingleChildRenderObjectElement.update (package:flutter/src/widgets/framework.dart:7122)
I/flutter ( 5239): #28     Element.updateChild (package:flutter/src/widgets/framework.dart:4037)
I/flutter ( 5239): #29     SingleChildRenderObjectElement.update (package:flutter/src/widgets/framework.dart:7122)
I/flutter ( 5239): #30     Element.updateChild (package:flutter/src/widgets/framework.dart:4037)
I/flutter ( 5239): #31     ComponentElement.performRebuild (package:flutter/src/widgets/framework.dart:5841)
I/flutter ( 5239): #32     Element.rebuild (package:flutter/src/widgets/framework.dart:5529)
I/flutter ( 5239): #33     ProxyElement.update (package:flutter/src/widgets/framework.dart:6149)
I/flutter ( 5239): #34     _InheritedNotifierElement.update (package:flutter/src/widgets/inherited_notifier.dart:108)
I/flutter ( 5239): #35     Element.updateChild (package:flutter/src/widgets/framework.dart:4037)
I/flutter ( 5239): #36     ComponentElement.performRebuild (package:flutter/src/widgets/framework.dart:5841)
I/flutter ( 5239): #37     StatefulElement.performRebuild (package:flutter/src/widgets/framework.dart:5982)
I/flutter ( 5239): #38     Element.rebuild (package:flutter/src/widgets/framework.dart:5529)
I/flutter ( 5239): #39     StatefulElement.update (package:flutter/src/widgets/framework.dart:6007)
I/flutter ( 5239): #40     Element.updateChild (package:flutter/src/widgets/framework.dart:4037)
I/flutter ( 5239): #41     ComponentElement.performRebuild (package:flutter/src/widgets/framework.dart:5841)
I/flutter ( 5239): #42     Element.rebuild (package:flutter/src/widgets/framework.dart:5529)
I/flutter ( 5239): #43     ProxyElement.update (package:flutter/src/widgets/framework.dart:6149)
I/flutter ( 5239): #44     Element.updateChild (package:flutter/src/widgets/framework.dart:4037)
I/flutter ( 5239): #45     ComponentElement.performRebuild (package:flutter/src/widgets/framework.dart:5841)
I/flutter ( 5239): #46     StatefulElement.performRebuild (package:flutter/src/widgets/framework.dart:5982)
I/flutter ( 5239): #47     Element.rebuild (package:flutter/src/widgets/framework.dart:5529)
I/flutter ( 5239): #48     StatefulElement.update (package:flutter/src/widgets/framework.dart:6007)
I/flutter ( 5239): #49     Element.updateChild (package:flutter/src/widgets/framework.dart:4037)
I/flutter ( 5239): #50     ComponentElement.performRebuild (package:flutter/src/widgets/framework.dart:5841)
I/flutter ( 5239): #51     Element.rebuild (package:flutter/src/widgets/framework.dart:5529)
I/flutter ( 5239): #52     ProxyElement.update (package:flutter/src/widgets/framework.dart:6149)
I/flutter ( 5239): #53     Element.updateChild (package:flutter/src/widgets/framework.dart:4037)
I/flutter ( 5239): #54     ComponentElement.performRebuild (package:flutter/src/widgets/framework.dart:5841)
I/flutter ( 5239): #55     StatefulElement.performRebuild (package:flutter/src/widgets/framework.dart:5982)
I/flutter ( 5239): #56     Element.rebuild (package:flutter/src/widgets/framework.dart:5529)
I/flutter ( 5239): #57     StatefulElement.update (package:flutter/src/widgets/framework.dart:6007)
I/flutter ( 5239): #58     Element.updateChild (package:flutter/src/widgets/framework.dart:4037)
I/flutter ( 5239): #59     ComponentElement.performRebuild (package:flutter/src/widgets/framework.dart:5841)
I/flutter ( 5239): #60     Element.rebuild (package:flutter/src/widgets/framework.dart:5529)
I/flutter ( 5239): #61     StatelessElement.update (package:flutter/src/widgets/framework.dart:5895)
I/flutter ( 5239): #62     Element.updateChild (package:flutter/src/widgets/framework.dart:4037)
I/flutter ( 5239): #63     SingleChildRenderObjectElement.update (package:flutter/src/widgets/framework.dart:7122)
I/flutter ( 5239): #64     Element.updateChild (package:flutter/src/widgets/framework.dart:4037)
I/flutter ( 5239): #65     SingleChildRenderObjectElement.update (package:flutter/src/widgets/framework.dart:7122)
I/flutter ( 5239): #66     Element.updateChild (package:flutter/src/widgets/framework.dart:4037)
I/flutter ( 5239): #67     SingleChildRenderObjectElement.update (package:flutter/src/widgets/framework.dart:7122)
I/flutter ( 5239): #68     Element.updateChild (package:flutter/src/widgets/framework.dart:4037)
I/flutter ( 5239): #69     ComponentElement.performRebuild (package:flutter/src/widgets/framework.dart:5841)
I/flutter ( 5239): #70     StatefulElement.performRebuild (package:flutter/src/widgets/framework.dart:5982)
I/flutter ( 5239): #71     Element.rebuild (package:flutter/src/widgets/framework.dart:5529)
I/flutter ( 5239): #72     StatefulElement.update (package:flutter/src/widgets/framework.dart:6007)
I/flutter ( 5239): #73     Element.updateChild (package:flutter/src/widgets/framework.dart:4037)
I/flutter ( 5239): #74     ComponentElement.performRebuild (package:flutter/src/widgets/framework.dart:5841)
I/flutter ( 5239): #75     Element.rebuild (package:flutter/src/widgets/framework.dart:5529)
I/flutter ( 5239): #76     ProxyElement.update (package:flutter/src/widgets/framework.dart:6149)
I/flutter ( 5239): #77     Element.updateChild (package:flutter/src/widgets/framework.dart:4037)
I/flutter ( 5239): #78     ComponentElement.performRebuild (package:flutter/src/widgets/framework.dart:5841)
I/flutter ( 5239): #79     Element.rebuild (package:flutter/src/widgets/framework.dart:5529)
I/flutter ( 5239): #80     ProxyElement.update (package:flutter/src/widgets/framework.dart:6149)
I/flutter ( 5239): #81     Element.updateChild (package:flutter/src/widgets/framework.dart:4037)
I/flutter ( 5239): #82     ComponentElement.performRebuild (package:flutter/src/widgets/framework.dart:5841)
I/flutter ( 5239): #83     StatefulElement.performRebuild (package:flutter/src/widgets/framework.dart:5982)
I/flutter ( 5239): #84     Element.rebuild (package:flutter/src/widgets/framework.dart:5529)
I/flutter ( 5239): #85     StatefulElement.update (package:flutter/src/widgets/framework.dart:6007)
I/flutter ( 5239): #86     Element.updateChild (package:flutter/src/widgets/framework.dart:4037)
I/flutter ( 5239): #87     ComponentElement.performRebuild (package:flutter/src/widgets/framework.dart:5841)
I/flutter ( 5239): #88     Element.rebuild (package:flutter/src/widgets/framework.dart:5529)
I/flutter ( 5239): #89     StatelessElement.update (package:flutter/src/widgets/framework.dart:5895)
I/flutter ( 5239): #90     Element.updateChild (package:flutter/src/widgets/framework.dart:4037)
I/flutter ( 5239): #91     SliverMultiBoxAdaptorElement.updateChild (package:flutter/src/widgets/sliver.dart:1086)
I/flutter ( 5239): #92     SliverMultiBoxAdaptorElement.performRebuild.processElement (package:flutter/src/widgets/sliver.dart:979)
I/flutter ( 5239): #93     Iterable.forEach (dart:core/iterable.dart:366)
I/flutter ( 5239): #94     SliverMultiBoxAdaptorElement.performRebuild (package:flutter/src/widgets/sliver.dart:1032)
I/flutter ( 5239): #95     SliverMultiBoxAdaptorElement.update (package:flutter/src/widgets/sliver.dart:955)
I/flutter ( 5239): #96     Element.updateChild (package:flutter/src/widgets/framework.dart:4037)
I/flutter ( 5239): #97     ComponentElement.performRebuild (package:flutter/src/widgets/framework.dart:5841)
I/flutter ( 5239): #98     Element.rebuild (package:flutter/src/widgets/framework.dart:5529)
I/flutter ( 5239): #99     ProxyElement.update (package:flutter/src/widgets/framework.dart:6149)
I/flutter ( 5239): [SPM:perf] 698a51a  buildSpan: 11361µs
[spm]: ProfilerData event received.
I/flutter ( 5239): [spm] Performance monitoring completed for 698a51a
I/flutter ( 5239): type '_Stub' is not a subtype of type 'Color?'
I/flutter ( 5239): #0      LeagueCard.build (package:benchmark_container/generated_widget.dart:125)
I/flutter ( 5239): #1      StatelessElement.build (package:flutter/src/widgets/framework.dart:5889)
I/flutter ( 5239): #2      ComponentElement.performRebuild (package:flutter/src/widgets/framework.dart:5817)
I/flutter ( 5239): #3      Element.rebuild (package:flutter/src/widgets/framework.dart:5529)
I/flutter ( 5239): #4      StatelessElement.update (package:flutter/src/widgets/framework.dart:5895)
I/flutter ( 5239): #5      Element.updateChild (package:flutter/src/widgets/framework.dart:4037)
I/flutter ( 5239): #6      SingleChildRenderObjectElement.update (package:flutter/src/widgets/framework.dart:7122)
I/flutter ( 5239): #7      Element.updateChild (package:flutter/src/widgets/framework.dart:4037)
I/flutter ( 5239): #8      ComponentElement.performRebuild (package:flutter/src/widgets/framework.dart:5841)
I/flutter ( 5239): #9      StatefulElement.performRebuild (package:flutter/src/widgets/framework.dart:5982)
I/flutter ( 5239): #10     Element.rebuild (package:flutter/src/widgets/framework.dart:5529)
I/flutter ( 5239): #11     StatefulElement.update (package:flutter/src/widgets/framework.dart:6007)
I/flutter ( 5239): #12     Element.updateChild (package:flutter/src/widgets/framework.dart:4037)
I/flutter ( 5239): #13     ComponentElement.performRebuild (package:flutter/src/widgets/framework.dart:5841)
I/flutter ( 5239): #14     Element.rebuild (package:flutter/src/widgets/framework.dart:5529)
I/flutter ( 5239): #15     StatelessElement.update (package:flutter/src/widgets/framework.dart:5895)
I/flutter ( 5239): #16     Element.updateChild (package:flutter/src/widgets/framework.dart:4037)
I/flutter ( 5239): #17     SingleChildRenderObjectElement.update (package:flutter/src/widgets/framework.dart:7122)
I/flutter ( 5239): #18     Element.updateChild (package:flutter/src/widgets/framework.dart:4037)
I/flutter ( 5239): #19     ComponentElement.performRebuild (package:flutter/src/widgets/framework.dart:5841)
I/flutter ( 5239): #20     Element.rebuild (package:flutter/src/widgets/framework.dart:5529)
I/flutter ( 5239): #21     ProxyElement.update (package:flutter/src/widgets/framework.dart:6149)
I/flutter ( 5239): #22     Element.updateChild (package:flutter/src/widgets/framework.dart:4037)
I/flutter ( 5239): #23     ComponentElement.performRebuild (package:flutter/src/widgets/framework.dart:5841)
I/flutter ( 5239): #24     Element.rebuild (package:flutter/src/widgets/framework.dart:5529)
I/flutter ( 5239): #25     StatelessElement.update (package:flutter/src/widgets/framework.dart:5895)
I/flutter ( 5239): #26     Element.updateChild (package:flutter/src/widgets/framework.dart:4037)
I/flutter ( 5239): #27     SingleChildRenderObjectElement.update (package:flutter/src/widgets/framework.dart:7122)
I/flutter ( 5239): #28     Element.updateChild (package:flutter/src/widgets/framework.dart:4037)
I/flutter ( 5239): #29     SingleChildRenderObjectElement.update (package:flutter/src/widgets/framework.dart:7122)
I/flutter ( 5239): #30     Element.updateChild (package:flutter/src/widgets/framework.dart:4037)
I/flutter ( 5239): #31     ComponentElement.performRebuild (package:flutter/src/widgets/framework.dart:5841)
I/flutter ( 5239): #32     Element.rebuild (package:flutter/src/widgets/framework.dart:5529)
I/flutter ( 5239): #33     ProxyElement.update (package:flutter/src/widgets/framework.dart:6149)
I/flutter ( 5239): #34     _InheritedNotifierElement.update (package:flutter/src/widgets/inherited_notifier.dart:108)
I/flutter ( 5239): #35     Element.updateChild (package:flutter/src/widgets/framework.dart:4037)
I/flutter ( 5239): #36     ComponentElement.performRebuild (package:flutter/src/widgets/framework.dart:5841)
I/flutter ( 5239): #37     StatefulElement.performRebuild (package:flutter/src/widgets/framework.dart:5982)
I/flutter ( 5239): #38     Element.rebuild (package:flutter/src/widgets/framework.dart:5529)
I/flutter ( 5239): #39     StatefulElement.update (package:flutter/src/widgets/framework.dart:6007)
I/flutter ( 5239): #40     Element.updateChild (package:flutter/src/widgets/framework.dart:4037)
I/flutter ( 5239): #41     ComponentElement.performRebuild (package:flutter/src/widgets/framework.dart:5841)
I/flutter ( 5239): #42     Element.rebuild (package:flutter/src/widgets/framework.dart:5529)
I/flutter ( 5239): #43     ProxyElement.update (package:flutter/src/widgets/framework.dart:6149)
I/flutter ( 5239): #44     Element.updateChild (package:flutter/src/widgets/framework.dart:4037)
I/flutter ( 5239): #45     ComponentElement.performRebuild (package:flutter/src/widgets/framework.dart:5841)
I/flutter ( 5239): #46     StatefulElement.performRebuild (package:flutter/src/widgets/framework.dart:5982)
I/flutter ( 5239): #47     Element.rebuild (package:flutter/src/widgets/framework.dart:5529)
I/flutter ( 5239): #48     StatefulElement.update (package:flutter/src/widgets/framework.dart:6007)
I/flutter ( 5239): #49     Element.updateChild (package:flutter/src/widgets/framework.dart:4037)
I/flutter ( 5239): #50     ComponentElement.performRebuild (package:flutter/src/widgets/framework.dart:5841)
I/flutter ( 5239): #51     Element.rebuild (package:flutter/src/widgets/framework.dart:5529)
I/flutter ( 5239): #52     ProxyElement.update (package:flutter/src/widgets/framework.dart:6149)
I/flutter ( 5239): #53     Element.updateChild (package:flutter/src/widgets/framework.dart:4037)
I/flutter ( 5239): #54     ComponentElement.performRebuild (package:flutter/src/widgets/framework.dart:5841)
I/flutter ( 5239): #55     StatefulElement.performRebuild (package:flutter/src/widgets/framework.dart:5982)
I/flutter ( 5239): #56     Element.rebuild (package:flutter/src/widgets/framework.dart:5529)
I/flutter ( 5239): #57     StatefulElement.update (package:flutter/src/widgets/framework.dart:6007)
I/flutter ( 5239): #58     Element.updateChild (package:flutter/src/widgets/framework.dart:4037)
I/flutter ( 5239): #59     ComponentElement.performRebuild (package:flutter/src/widgets/framework.dart:5841)
I/flutter ( 5239): #60     Element.rebuild (package:flutter/src/widgets/framework.dart:5529)
I/flutter ( 5239): #61     StatelessElement.update (package:flutter/src/widgets/framework.dart:5895)
I/flutter ( 5239): #62     Element.updateChild (package:flutter/src/widgets/framework.dart:4037)
I/flutter ( 5239): #63     SingleChildRenderObjectElement.update (package:flutter/src/widgets/framework.dart:7122)
I/flutter ( 5239): #64     Element.updateChild (package:flutter/src/widgets/framework.dart:4037)
I/flutter ( 5239): #65     SingleChildRenderObjectElement.update (package:flutter/src/widgets/framework.dart:7122)
I/flutter ( 5239): #66     Element.updateChild (package:flutter/src/widgets/framework.dart:4037)
I/flutter ( 5239): #67     SingleChildRenderObjectElement.update (package:flutter/src/widgets/framework.dart:7122)
I/flutter ( 5239): #68     Element.updateChild (package:flutter/src/widgets/framework.dart:4037)
I/flutter ( 5239): #69     ComponentElement.performRebuild (package:flutter/src/widgets/framework.dart:5841)
I/flutter ( 5239): #70     StatefulElement.performRebuild (package:flutter/src/widgets/framework.dart:5982)
I/flutter ( 5239): #71     Element.rebuild (package:flutter/src/widgets/framework.dart:5529)
I/flutter ( 5239): #72     StatefulElement.update (package:flutter/src/widgets/framework.dart:6007)
I/flutter ( 5239): #73     Element.updateChild (package:flutter/src/widgets/framework.dart:4037)
I/flutter ( 5239): #74     ComponentElement.performRebuild (package:flutter/src/widgets/framework.dart:5841)
I/flutter ( 5239): #75     Element.rebuild (package:flutter/src/widgets/framework.dart:5529)
I/flutter ( 5239): #76     ProxyElement.update (package:flutter/src/widgets/framework.dart:6149)
I/flutter ( 5239): #77     Element.updateChild (package:flutter/src/widgets/framework.dart:4037)
I/flutter ( 5239): #78     ComponentElement.performRebuild (package:flutter/src/widgets/framework.dart:5841)
I/flutter ( 5239): #79     Element.rebuild (package:flutter/src/widgets/framework.dart:5529)
I/flutter ( 5239): #80     ProxyElement.update (package:flutter/src/widgets/framework.dart:6149)
I/flutter ( 5239): #81     Element.updateChild (package:flutter/src/widgets/framework.dart:4037)
I/flutter ( 5239): #82     ComponentElement.performRebuild (package:flutter/src/widgets/framework.dart:5841)
I/flutter ( 5239): #83     StatefulElement.performRebuild (package:flutter/src/widgets/framework.dart:5982)
I/flutter ( 5239): #84     Element.rebuild (package:flutter/src/widgets/framework.dart:5529)
I/flutter ( 5239): #85     StatefulElement.update (package:flutter/src/widgets/framework.dart:6007)
I/flutter ( 5239): #86     Element.updateChild (package:flutter/src/widgets/framework.dart:4037)
I/flutter ( 5239): #87     ComponentElement.performRebuild (package:flutter/src/widgets/framework.dart:5841)
I/flutter ( 5239): #88     Element.rebuild (package:flutter/src/widgets/framework.dart:5529)
I/flutter ( 5239): #89     StatelessElement.update (package:flutter/src/widgets/framework.dart:5895)
I/flutter ( 5239): #90     Element.updateChild (package:flutter/src/widgets/framework.dart:4037)
I/flutter ( 5239): #91     SliverMultiBoxAdaptorElement.updateChild (package:flutter/src/widgets/sliver.dart:1086)
I/flutter ( 5239): #92     SliverMultiBoxAdaptorElement.performRebuild.processElement (package:flutter/src/widgets/sliver.dart:979)
I/flutter ( 5239): #93     Iterable.forEach (dart:core/iterable.dart:366)
I/flutter ( 5239): #94     SliverMultiBoxAdaptorElement.performRebuild (package:flutter/src/widgets/sliver.dart:1032)
I/flutter ( 5239): #95     SliverMultiBoxAdaptorElement.update (package:flutter/src/widgets/sliver.dart:955)
I/flutter ( 5239): #96     Element.updateChild (package:flutter/src/widgets/framework.dart:4037)
I/flutter ( 5239): #97     ComponentElement.performRebuild (package:flutter/src/widgets/framework.dart:5841)
I/flutter ( 5239): #98     Element.rebuild (package:flutter/src/widgets/framework.dart:5529)
I/flutter ( 5239): #99     ProxyElement.update (package:flutter/src/widgets/framework.dart:6149)
[spm]: ProfilerData event received.
I/flutter ( 5239): [SPM:perf] 698a51a  buildSpan: 11208µs
I/flutter ( 5239): [spm] Performance monitoring completed for 698a51a
I/flutter ( 5239): type '_Stub' is not a subtype of type 'Color?'
I/flutter ( 5239): #0      LeagueCard.build (package:benchmark_container/generated_widget.dart:125)
I/flutter ( 5239): #1      StatelessElement.build (package:flutter/src/widgets/framework.dart:5889)
I/flutter ( 5239): #2      ComponentElement.performRebuild (package:flutter/src/widgets/framework.dart:5817)
I/flutter ( 5239): #3      Element.rebuild (package:flutter/src/widgets/framework.dart:5529)
I/flutter ( 5239): #4      StatelessElement.update (package:flutter/src/widgets/framework.dart:5895)
I/flutter ( 5239): #5      Element.updateChild (package:flutter/src/widgets/framework.dart:4037)
I/flutter ( 5239): #6      SingleChildRenderObjectElement.update (package:flutter/src/widgets/framework.dart:7122)
I/flutter ( 5239): #7      Element.updateChild (package:flutter/src/widgets/framework.dart:4037)
I/flutter ( 5239): #8      ComponentElement.performRebuild (package:flutter/src/widgets/framework.dart:5841)
I/flutter ( 5239): #9      StatefulElement.performRebuild (package:flutter/src/widgets/framework.dart:5982)
I/flutter ( 5239): #10     Element.rebuild (package:flutter/src/widgets/framework.dart:5529)
I/flutter ( 5239): #11     StatefulElement.update (package:flutter/src/widgets/framework.dart:6007)
I/flutter ( 5239): #12     Element.updateChild (package:flutter/src/widgets/framework.dart:4037)
I/flutter ( 5239): #13     ComponentElement.performRebuild (package:flutter/src/widgets/framework.dart:5841)
I/flutter ( 5239): #14     Element.rebuild (package:flutter/src/widgets/framework.dart:5529)
I/flutter ( 5239): #15     StatelessElement.update (package:flutter/src/widgets/framework.dart:5895)
I/flutter ( 5239): #16     Element.updateChild (package:flutter/src/widgets/framework.dart:4037)
I/flutter ( 5239): #17     SingleChildRenderObjectElement.update (package:flutter/src/widgets/framework.dart:7122)
I/flutter ( 5239): #18     Element.updateChild (package:flutter/src/widgets/framework.dart:4037)
I/flutter ( 5239): #19     ComponentElement.performRebuild (package:flutter/src/widgets/framework.dart:5841)
I/flutter ( 5239): #20     Element.rebuild (package:flutter/src/widgets/framework.dart:5529)
I/flutter ( 5239): #21     ProxyElement.update (package:flutter/src/widgets/framework.dart:6149)
I/flutter ( 5239): #22     Element.updateChild (package:flutter/src/widgets/framework.dart:4037)
I/flutter ( 5239): #23     ComponentElement.performRebuild (package:flutter/src/widgets/framework.dart:5841)
I/flutter ( 5239): #24     Element.rebuild (package:flutter/src/widgets/framework.dart:5529)
I/flutter ( 5239): #25     StatelessElement.update (package:flutter/src/widgets/framework.dart:5895)
I/flutter ( 5239): #26     Element.updateChild (package:flutter/src/widgets/framework.dart:4037)
I/flutter ( 5239): #27     SingleChildRenderObjectElement.update (package:flutter/src/widgets/framework.dart:7122)
I/flutter ( 5239): #28     Element.updateChild (package:flutter/src/widgets/framework.dart:4037)
I/flutter ( 5239): #29     SingleChildRenderObjectElement.update (package:flutter/src/widgets/framework.dart:7122)
I/flutter ( 5239): #30     Element.updateChild (package:flutter/src/widgets/framework.dart:4037)
I/flutter ( 5239): #31     ComponentElement.performRebuild (package:flutter/src/widgets/framework.dart:5841)
I/flutter ( 5239): #32     Element.rebuild (package:flutter/src/widgets/framework.dart:5529)
I/flutter ( 5239): #33     ProxyElement.update (package:flutter/src/widgets/framework.dart:6149)
I/flutter ( 5239): #34     _InheritedNotifierElement.update (package:flutter/src/widgets/inherited_notifier.dart:108)
I/flutter ( 5239): #35     Element.updateChild (package:flutter/src/widgets/framework.dart:4037)
I/flutter ( 5239): #36     ComponentElement.performRebuild (package:flutter/src/widgets/framework.dart:5841)
I/flutter ( 5239): #37     StatefulElement.performRebuild (package:flutter/src/widgets/framework.dart:5982)
I/flutter ( 5239): #38     Element.rebuild (package:flutter/src/widgets/framework.dart:5529)
I/flutter ( 5239): #39     StatefulElement.update (package:flutter/src/widgets/framework.dart:6007)
I/flutter ( 5239): #40     Element.updateChild (package:flutter/src/widgets/framework.dart:4037)
I/flutter ( 5239): #41     ComponentElement.performRebuild (package:flutter/src/widgets/framework.dart:5841)
I/flutter ( 5239): #42     Element.rebuild (package:flutter/src/widgets/framework.dart:5529)
I/flutter ( 5239): #43     ProxyElement.update (package:flutter/src/widgets/framework.dart:6149)
I/flutter ( 5239): #44     Element.updateChild (package:flutter/src/widgets/framework.dart:4037)
I/flutter ( 5239): #45     ComponentElement.performRebuild (package:flutter/src/widgets/framework.dart:5841)
I/flutter ( 5239): #46     StatefulElement.performRebuild (package:flutter/src/widgets/framework.dart:5982)
I/flutter ( 5239): #47     Element.rebuild (package:flutter/src/widgets/framework.dart:5529)
I/flutter ( 5239): #48     StatefulElement.update (package:flutter/src/widgets/framework.dart:6007)
I/flutter ( 5239): #49     Element.updateChild (package:flutter/src/widgets/framework.dart:4037)
I/flutter ( 5239): #50     ComponentElement.performRebuild (package:flutter/src/widgets/framework.dart:5841)
I/flutter ( 5239): #51     Element.rebuild (package:flutter/src/widgets/framework.dart:5529)
I/flutter ( 5239): #52     ProxyElement.update (package:flutter/src/widgets/framework.dart:6149)
I/flutter ( 5239): #53     Element.updateChild (package:flutter/src/widgets/framework.dart:4037)
I/flutter ( 5239): #54     ComponentElement.performRebuild (package:flutter/src/widgets/framework.dart:5841)
I/flutter ( 5239): #55     StatefulElement.performRebuild (package:flutter/src/widgets/framework.dart:5982)
I/flutter ( 5239): #56     Element.rebuild (package:flutter/src/widgets/framework.dart:5529)
I/flutter ( 5239): #57     StatefulElement.update (package:flutter/src/widgets/framework.dart:6007)
I/flutter ( 5239): #58     Element.updateChild (package:flutter/src/widgets/framework.dart:4037)
I/flutter ( 5239): #59     ComponentElement.performRebuild (package:flutter/src/widgets/framework.dart:5841)
I/flutter ( 5239): #60     Element.rebuild (package:flutter/src/widgets/framework.dart:5529)
I/flutter ( 5239): #61     StatelessElement.update (package:flutter/src/widgets/framework.dart:5895)
I/flutter ( 5239): #62     Element.updateChild (package:flutter/src/widgets/framework.dart:4037)
I/flutter ( 5239): #63     SingleChildRenderObjectElement.update (package:flutter/src/widgets/framework.dart:7122)
I/flutter ( 5239): #64     Element.updateChild (package:flutter/src/widgets/framework.dart:4037)
I/flutter ( 5239): #65     SingleChildRenderObjectElement.update (package:flutter/src/widgets/framework.dart:7122)
I/flutter ( 5239): #66     Element.updateChild (package:flutter/src/widgets/framework.dart:4037)
I/flutter ( 5239): #67     SingleChildRenderObjectElement.update (package:flutter/src/widgets/framework.dart:7122)
I/flutter ( 5239): #68     Element.updateChild (package:flutter/src/widgets/framework.dart:4037)
I/flutter ( 5239): #69     ComponentElement.performRebuild (package:flutter/src/widgets/framework.dart:5841)
I/flutter ( 5239): #70     StatefulElement.performRebuild (package:flutter/src/widgets/framework.dart:5982)
I/flutter ( 5239): #71     Element.rebuild (package:flutter/src/widgets/framework.dart:5529)
I/flutter ( 5239): #72     StatefulElement.update (package:flutter/src/widgets/framework.dart:6007)
I/flutter ( 5239): #73     Element.updateChild (package:flutter/src/widgets/framework.dart:4037)
I/flutter ( 5239): #74     ComponentElement.performRebuild (package:flutter/src/widgets/framework.dart:5841)
I/flutter ( 5239): #75     Element.rebuild (package:flutter/src/widgets/framework.dart:5529)
I/flutter ( 5239): #76     ProxyElement.update (package:flutter/src/widgets/framework.dart:6149)
I/flutter ( 5239): #77     Element.updateChild (package:flutter/src/widgets/framework.dart:4037)
I/flutter ( 5239): #78     ComponentElement.performRebuild (package:flutter/src/widgets/framework.dart:5841)
I/flutter ( 5239): #79     Element.rebuild (package:flutter/src/widgets/framework.dart:5529)
I/flutter ( 5239): #80     ProxyElement.update (package:flutter/src/widgets/framework.dart:6149)
I/flutter ( 5239): #81     Element.updateChild (package:flutter/src/widgets/framework.dart:4037)
I/flutter ( 5239): #82     ComponentElement.performRebuild (package:flutter/src/widgets/framework.dart:5841)
I/flutter ( 5239): #83     StatefulElement.performRebuild (package:flutter/src/widgets/framework.dart:5982)
I/flutter ( 5239): #84     Element.rebuild (package:flutter/src/widgets/framework.dart:5529)
I/flutter ( 5239): #85     StatefulElement.update (package:flutter/src/widgets/framework.dart:6007)
I/flutter ( 5239): #86     Element.updateChild (package:flutter/src/widgets/framework.dart:4037)
I/flutter ( 5239): #87     ComponentElement.performRebuild (package:flutter/src/widgets/framework.dart:5841)
I/flutter ( 5239): #88     Element.rebuild (package:flutter/src/widgets/framework.dart:5529)
I/flutter ( 5239): #89     StatelessElement.update (package:flutter/src/widgets/framework.dart:5895)
I/flutter ( 5239): #90     Element.updateChild (package:flutter/src/widgets/framework.dart:4037)
I/flutter ( 5239): #91     SliverMultiBoxAdaptorElement.updateChild (package:flutter/src/widgets/sliver.dart:1086)
I/flutter ( 5239): #92     SliverMultiBoxAdaptorElement.performRebuild.processElement (package:flutter/src/widgets/sliver.dart:979)
I/flutter ( 5239): #93     Iterable.forEach (dart:core/iterable.dart:366)
I/flutter ( 5239): #94     SliverMultiBoxAdaptorElement.performRebuild (package:flutter/src/widgets/sliver.dart:1032)
I/flutter ( 5239): #95     SliverMultiBoxAdaptorElement.update (package:flutter/src/widgets/sliver.dart:955)
I/flutter ( 5239): #96     Element.updateChild (package:flutter/src/widgets/framework.dart:4037)
I/flutter ( 5239): #97     ComponentElement.performRebuild (package:flutter/src/widgets/framework.dart:5841)
I/flutter ( 5239): #98     Element.rebuild (package:flutter/src/widgets/framework.dart:5529)
I/flutter ( 5239): #99     ProxyElement.update (package:flutter/src/widgets/framework.dart:6149)
[spm]: ProfilerData event received.
I/flutter ( 5239): [SPM:perf] 698a51a  buildSpan: 9686µs
I/flutter ( 5239): [spm] Performance monitoring completed for 698a51a
I/flutter ( 5239): type '_Stub' is not a subtype of type 'Color?'
I/flutter ( 5239): #0      LeagueCard.build (package:benchmark_container/generated_widget.dart:125)
I/flutter ( 5239): #1      StatelessElement.build (package:flutter/src/widgets/framework.dart:5889)
I/flutter ( 5239): #2      ComponentElement.performRebuild (package:flutter/src/widgets/framework.dart:5817)
I/flutter ( 5239): #3      Element.rebuild (package:flutter/src/widgets/framework.dart:5529)
I/flutter ( 5239): #4      StatelessElement.update (package:flutter/src/widgets/framework.dart:5895)
I/flutter ( 5239): #5      Element.updateChild (package:flutter/src/widgets/framework.dart:4037)
I/flutter ( 5239): #6      SingleChildRenderObjectElement.update (package:flutter/src/widgets/framework.dart:7122)
I/flutter ( 5239): #7      Element.updateChild (package:flutter/src/widgets/framework.dart:4037)
I/flutter ( 5239): #8      ComponentElement.performRebuild (package:flutter/src/widgets/framework.dart:5841)
I/flutter ( 5239): #9      StatefulElement.performRebuild (package:flutter/src/widgets/framework.dart:5982)
I/flutter ( 5239): #10     Element.rebuild (package:flutter/src/widgets/framework.dart:5529)
I/flutter ( 5239): #11     StatefulElement.update (package:flutter/src/widgets/framework.dart:6007)
I/flutter ( 5239): #12     Element.updateChild (package:flutter/src/widgets/framework.dart:4037)
I/flutter ( 5239): #13     ComponentElement.performRebuild (package:flutter/src/widgets/framework.dart:5841)
I/flutter ( 5239): #14     Element.rebuild (package:flutter/src/widgets/framework.dart:5529)
I/flutter ( 5239): #15     StatelessElement.update (package:flutter/src/widgets/framework.dart:5895)
I/flutter ( 5239): #16     Element.updateChild (package:flutter/src/widgets/framework.dart:4037)
I/flutter ( 5239): #17     SingleChildRenderObjectElement.update (package:flutter/src/widgets/framework.dart:7122)
I/flutter ( 5239): #18     Element.updateChild (package:flutter/src/widgets/framework.dart:4037)
I/flutter ( 5239): #19     ComponentElement.performRebuild (package:flutter/src/widgets/framework.dart:5841)
I/flutter ( 5239): #20     Element.rebuild (package:flutter/src/widgets/framework.dart:5529)
I/flutter ( 5239): #21     ProxyElement.update (package:flutter/src/widgets/framework.dart:6149)
I/flutter ( 5239): #22     Element.updateChild (package:flutter/src/widgets/framework.dart:4037)
I/flutter ( 5239): #23     ComponentElement.performRebuild (package:flutter/src/widgets/framework.dart:5841)
I/flutter ( 5239): #24     Element.rebuild (package:flutter/src/widgets/framework.dart:5529)
I/flutter ( 5239): #25     StatelessElement.update (package:flutter/src/widgets/framework.dart:5895)
I/flutter ( 5239): #26     Element.updateChild (package:flutter/src/widgets/framework.dart:4037)
I/flutter ( 5239): #27     SingleChildRenderObjectElement.update (package:flutter/src/widgets/framework.dart:7122)
I/flutter ( 5239): #28     Element.updateChild (package:flutter/src/widgets/framework.dart:4037)
I/flutter ( 5239): #29     SingleChildRenderObjectElement.update (package:flutter/src/widgets/framework.dart:7122)
I/flutter ( 5239): #30     Element.updateChild (package:flutter/src/widgets/framework.dart:4037)
I/flutter ( 5239): #31     ComponentElement.performRebuild (package:flutter/src/widgets/framework.dart:5841)
I/flutter ( 5239): #32     Element.rebuild (package:flutter/src/widgets/framework.dart:5529)
I/flutter ( 5239): #33     ProxyElement.update (package:flutter/src/widgets/framework.dart:6149)
I/flutter ( 5239): #34     _InheritedNotifierElement.update (package:flutter/src/widgets/inherited_notifier.dart:108)
I/flutter ( 5239): #35     Element.updateChild (package:flutter/src/widgets/framework.dart:4037)
I/flutter ( 5239): #36     ComponentElement.performRebuild (package:flutter/src/widgets/framework.dart:5841)
I/flutter ( 5239): #37     StatefulElement.performRebuild (package:flutter/src/widgets/framework.dart:5982)
I/flutter ( 5239): #38     Element.rebuild (package:flutter/src/widgets/framework.dart:5529)
I/flutter ( 5239): #39     StatefulElement.update (package:flutter/src/widgets/framework.dart:6007)
I/flutter ( 5239): #40     Element.updateChild (package:flutter/src/widgets/framework.dart:4037)
I/flutter ( 5239): #41     ComponentElement.performRebuild (package:flutter/src/widgets/framework.dart:5841)
I/flutter ( 5239): #42     Element.rebuild (package:flutter/src/widgets/framework.dart:5529)
I/flutter ( 5239): #43     ProxyElement.update (package:flutter/src/widgets/framework.dart:6149)
I/flutter ( 5239): #44     Element.updateChild (package:flutter/src/widgets/framework.dart:4037)
I/flutter ( 5239): #45     ComponentElement.performRebuild (package:flutter/src/widgets/framework.dart:5841)
I/flutter ( 5239): #46     StatefulElement.performRebuild (package:flutter/src/widgets/framework.dart:5982)
I/flutter ( 5239): #47     Element.rebuild (package:flutter/src/widgets/framework.dart:5529)
I/flutter ( 5239): #48     StatefulElement.update (package:flutter/src/widgets/framework.dart:6007)
I/flutter ( 5239): #49     Element.updateChild (package:flutter/src/widgets/framework.dart:4037)
I/flutter ( 5239): #50     ComponentElement.performRebuild (package:flutter/src/widgets/framework.dart:5841)
I/flutter ( 5239): #51     Element.rebuild (package:flutter/src/widgets/framework.dart:5529)
I/flutter ( 5239): #52     ProxyElement.update (package:flutter/src/widgets/framework.dart:6149)
I/flutter ( 5239): #53     Element.updateChild (package:flutter/src/widgets/framework.dart:4037)
I/flutter ( 5239): #54     ComponentElement.performRebuild (package:flutter/src/widgets/framework.dart:5841)
I/flutter ( 5239): #55     StatefulElement.performRebuild (package:flutter/src/widgets/framework.dart:5982)
I/flutter ( 5239): #56     Element.rebuild (package:flutter/src/widgets/framework.dart:5529)
I/flutter ( 5239): #57     StatefulElement.update (package:flutter/src/widgets/framework.dart:6007)
I/flutter ( 5239): #58     Element.updateChild (package:flutter/src/widgets/framework.dart:4037)
I/flutter ( 5239): #59     ComponentElement.performRebuild (package:flutter/src/widgets/framework.dart:5841)
I/flutter ( 5239): #60     Element.rebuild (package:flutter/src/widgets/framework.dart:5529)
I/flutter ( 5239): #61     StatelessElement.update (package:flutter/src/widgets/framework.dart:5895)
I/flutter ( 5239): #62     Element.updateChild (package:flutter/src/widgets/framework.dart:4037)
I/flutter ( 5239): #63     SingleChildRenderObjectElement.update (package:flutter/src/widgets/framework.dart:7122)
I/flutter ( 5239): #64     Element.updateChild (package:flutter/src/widgets/framework.dart:4037)
I/flutter ( 5239): #65     SingleChildRenderObjectElement.update (package:flutter/src/widgets/framework.dart:7122)
I/flutter ( 5239): #66     Element.updateChild (package:flutter/src/widgets/framework.dart:4037)
I/flutter ( 5239): #67     SingleChildRenderObjectElement.update (package:flutter/src/widgets/framework.dart:7122)
I/flutter ( 5239): #68     Element.updateChild (package:flutter/src/widgets/framework.dart:4037)
I/flutter ( 5239): #69     ComponentElement.performRebuild (package:flutter/src/widgets/framework.dart:5841)
I/flutter ( 5239): #70     StatefulElement.performRebuild (package:flutter/src/widgets/framework.dart:5982)
I/flutter ( 5239): #71     Element.rebuild (package:flutter/src/widgets/framework.dart:5529)
I/flutter ( 5239): #72     StatefulElement.update (package:flutter/src/widgets/framework.dart:6007)
I/flutter ( 5239): #73     Element.updateChild (package:flutter/src/widgets/framework.dart:4037)
I/flutter ( 5239): #74     ComponentElement.performRebuild (package:flutter/src/widgets/framework.dart:5841)
I/flutter ( 5239): #75     Element.rebuild (package:flutter/src/widgets/framework.dart:5529)
I/flutter ( 5239): #76     ProxyElement.update (package:flutter/src/widgets/framework.dart:6149)
I/flutter ( 5239): #77     Element.updateChild (package:flutter/src/widgets/framework.dart:4037)
I/flutter ( 5239): #78     ComponentElement.performRebuild (package:flutter/src/widgets/framework.dart:5841)
I/flutter ( 5239): #79     Element.rebuild (package:flutter/src/widgets/framework.dart:5529)
I/flutter ( 5239): #80     ProxyElement.update (package:flutter/src/widgets/framework.dart:6149)
I/flutter ( 5239): #81     Element.updateChild (package:flutter/src/widgets/framework.dart:4037)
I/flutter ( 5239): #82     ComponentElement.performRebuild (package:flutter/src/widgets/framework.dart:5841)
I/flutter ( 5239): #83     StatefulElement.performRebuild (package:flutter/src/widgets/framework.dart:5982)
I/flutter ( 5239): #84     Element.rebuild (package:flutter/src/widgets/framework.dart:5529)
I/flutter ( 5239): #85     StatefulElement.update (package:flutter/src/widgets/framework.dart:6007)
I/flutter ( 5239): #86     Element.updateChild (package:flutter/src/widgets/framework.dart:4037)
I/flutter ( 5239): #87     ComponentElement.performRebuild (package:flutter/src/widgets/framework.dart:5841)
I/flutter ( 5239): #88     Element.rebuild (package:flutter/src/widgets/framework.dart:5529)
I/flutter ( 5239): #89     StatelessElement.update (package:flutter/src/widgets/framework.dart:5895)
I/flutter ( 5239): #90     Element.updateChild (package:flutter/src/widgets/framework.dart:4037)
I/flutter ( 5239): #91     SliverMultiBoxAdaptorElement.updateChild (package:flutter/src/widgets/sliver.dart:1086)
I/flutter ( 5239): #92     SliverMultiBoxAdaptorElement.performRebuild.processElement (package:flutter/src/widgets/sliver.dart:979)
I/flutter ( 5239): #93     Iterable.forEach (dart:core/iterable.dart:366)
I/flutter ( 5239): #94     SliverMultiBoxAdaptorElement.performRebuild (package:flutter/src/widgets/sliver.dart:1032)
I/flutter ( 5239): #95     SliverMultiBoxAdaptorElement.update (package:flutter/src/widgets/sliver.dart:955)
I/flutter ( 5239): #96     Element.updateChild (package:flutter/src/widgets/framework.dart:4037)
I/flutter ( 5239): #97     ComponentElement.performRebuild (package:flutter/src/widgets/framework.dart:5841)
I/flutter ( 5239): #98     Element.rebuild (package:flutter/src/widgets/framework.dart:5529)
I/flutter ( 5239): #99     ProxyElement.update (package:flutter/src/widgets/framework.dart:6149)
I/flutter ( 5239): [SPM:perf] 698a51a  buildSpan: 12652µs
I/flutter ( 5239): [spm] Performance monitoring completed for 698a51a
[spm]: ProfilerData event received.
I/flutter ( 5239): type '_Stub' is not a subtype of type 'Color?'
I/flutter ( 5239): #0      LeagueCard.build (package:benchmark_container/generated_widget.dart:125)
I/flutter ( 5239): #1      StatelessElement.build (package:flutter/src/widgets/framework.dart:5889)
I/flutter ( 5239): #2      ComponentElement.performRebuild (package:flutter/src/widgets/framework.dart:5817)
I/flutter ( 5239): #3      Element.rebuild (package:flutter/src/widgets/framework.dart:5529)
I/flutter ( 5239): #4      StatelessElement.update (package:flutter/src/widgets/framework.dart:5895)
I/flutter ( 5239): #5      Element.updateChild (package:flutter/src/widgets/framework.dart:4037)
I/flutter ( 5239): #6      SingleChildRenderObjectElement.update (package:flutter/src/widgets/framework.dart:7122)
I/flutter ( 5239): #7      Element.updateChild (package:flutter/src/widgets/framework.dart:4037)
I/flutter ( 5239): #8      ComponentElement.performRebuild (package:flutter/src/widgets/framework.dart:5841)
I/flutter ( 5239): #9      StatefulElement.performRebuild (package:flutter/src/widgets/framework.dart:5982)
I/flutter ( 5239): #10     Element.rebuild (package:flutter/src/widgets/framework.dart:5529)
I/flutter ( 5239): #11     StatefulElement.update (package:flutter/src/widgets/framework.dart:6007)
I/flutter ( 5239): #12     Element.updateChild (package:flutter/src/widgets/framework.dart:4037)
I/flutter ( 5239): #13     ComponentElement.performRebuild (package:flutter/src/widgets/framework.dart:5841)
I/flutter ( 5239): #14     Element.rebuild (package:flutter/src/widgets/framework.dart:5529)
I/flutter ( 5239): #15     StatelessElement.update (package:flutter/src/widgets/framework.dart:5895)
I/flutter ( 5239): #16     Element.updateChild (package:flutter/src/widgets/framework.dart:4037)
I/flutter ( 5239): #17     SingleChildRenderObjectElement.update (package:flutter/src/widgets/framework.dart:7122)
I/flutter ( 5239): #18     Element.updateChild (package:flutter/src/widgets/framework.dart:4037)
I/flutter ( 5239): #19     ComponentElement.performRebuild (package:flutter/src/widgets/framework.dart:5841)
I/flutter ( 5239): #20     Element.rebuild (package:flutter/src/widgets/framework.dart:5529)
I/flutter ( 5239): #21     ProxyElement.update (package:flutter/src/widgets/framework.dart:6149)
I/flutter ( 5239): #22     Element.updateChild (package:flutter/src/widgets/framework.dart:4037)
I/flutter ( 5239): #23     ComponentElement.performRebuild (package:flutter/src/widgets/framework.dart:5841)
I/flutter ( 5239): #24     Element.rebuild (package:flutter/src/widgets/framework.dart:5529)
I/flutter ( 5239): #25     StatelessElement.update (package:flutter/src/widgets/framework.dart:5895)
I/flutter ( 5239): #26     Element.updateChild (package:flutter/src/widgets/framework.dart:4037)
I/flutter ( 5239): #27     SingleChildRenderObjectElement.update (package:flutter/src/widgets/framework.dart:7122)
I/flutter ( 5239): #28     Element.updateChild (package:flutter/src/widgets/framework.dart:4037)
I/flutter ( 5239): #29     SingleChildRenderObjectElement.update (package:flutter/src/widgets/framework.dart:7122)
I/flutter ( 5239): #30     Element.updateChild (package:flutter/src/widgets/framework.dart:4037)
I/flutter ( 5239): #31     ComponentElement.performRebuild (package:flutter/src/widgets/framework.dart:5841)
I/flutter ( 5239): #32     Element.rebuild (package:flutter/src/widgets/framework.dart:5529)
I/flutter ( 5239): #33     ProxyElement.update (package:flutter/src/widgets/framework.dart:6149)
I/flutter ( 5239): #34     _InheritedNotifierElement.update (package:flutter/src/widgets/inherited_notifier.dart:108)
I/flutter ( 5239): #35     Element.updateChild (package:flutter/src/widgets/framework.dart:4037)
I/flutter ( 5239): #36     ComponentElement.performRebuild (package:flutter/src/widgets/framework.dart:5841)
I/flutter ( 5239): #37     StatefulElement.performRebuild (package:flutter/src/widgets/framework.dart:5982)
I/flutter ( 5239): #38     Element.rebuild (package:flutter/src/widgets/framework.dart:5529)
I/flutter ( 5239): #39     StatefulElement.update (package:flutter/src/widgets/framework.dart:6007)
I/flutter ( 5239): #40     Element.updateChild (package:flutter/src/widgets/framework.dart:4037)
I/flutter ( 5239): #41     ComponentElement.performRebuild (package:flutter/src/widgets/framework.dart:5841)
I/flutter ( 5239): #42     Element.rebuild (package:flutter/src/widgets/framework.dart:5529)
I/flutter ( 5239): #43     ProxyElement.update (package:flutter/src/widgets/framework.dart:6149)
I/flutter ( 5239): #44     Element.updateChild (package:flutter/src/widgets/framework.dart:4037)
I/flutter ( 5239): #45     ComponentElement.performRebuild (package:flutter/src/widgets/framework.dart:5841)
I/flutter ( 5239): #46     StatefulElement.performRebuild (package:flutter/src/widgets/framework.dart:5982)
I/flutter ( 5239): #47     Element.rebuild (package:flutter/src/widgets/framework.dart:5529)
I/flutter ( 5239): #48     StatefulElement.update (package:flutter/src/widgets/framework.dart:6007)
I/flutter ( 5239): #49     Element.updateChild (package:flutter/src/widgets/framework.dart:4037)
I/flutter ( 5239): #50     ComponentElement.performRebuild (package:flutter/src/widgets/framework.dart:5841)
I/flutter ( 5239): #51     Element.rebuild (package:flutter/src/widgets/framework.dart:5529)
I/flutter ( 5239): #52     ProxyElement.update (package:flutter/src/widgets/framework.dart:6149)
I/flutter ( 5239): #53     Element.updateChild (package:flutter/src/widgets/framework.dart:4037)
I/flutter ( 5239): #54     ComponentElement.performRebuild (package:flutter/src/widgets/framework.dart:5841)
I/flutter ( 5239): #55     StatefulElement.performRebuild (package:flutter/src/widgets/framework.dart:5982)
I/flutter ( 5239): #56     Element.rebuild (package:flutter/src/widgets/framework.dart:5529)
I/flutter ( 5239): #57     StatefulElement.update (package:flutter/src/widgets/framework.dart:6007)
I/flutter ( 5239): #58     Element.updateChild (package:flutter/src/widgets/framework.dart:4037)
I/flutter ( 5239): #59     ComponentElement.performRebuild (package:flutter/src/widgets/framework.dart:5841)
I/flutter ( 5239): #60     Element.rebuild (package:flutter/src/widgets/framework.dart:5529)
I/flutter ( 5239): #61     StatelessElement.update (package:flutter/src/widgets/framework.dart:5895)
I/flutter ( 5239): #62     Element.updateChild (package:flutter/src/widgets/framework.dart:4037)
I/flutter ( 5239): #63     SingleChildRenderObjectElement.update (package:flutter/src/widgets/framework.dart:7122)
I/flutter ( 5239): #64     Element.updateChild (package:flutter/src/widgets/framework.dart:4037)
I/flutter ( 5239): #65     SingleChildRenderObjectElement.update (package:flutter/src/widgets/framework.dart:7122)
I/flutter ( 5239): #66     Element.updateChild (package:flutter/src/widgets/framework.dart:4037)
I/flutter ( 5239): #67     SingleChildRenderObjectElement.update (package:flutter/src/widgets/framework.dart:7122)
I/flutter ( 5239): #68     Element.updateChild (package:flutter/src/widgets/framework.dart:4037)
I/flutter ( 5239): #69     ComponentElement.performRebuild (package:flutter/src/widgets/framework.dart:5841)
I/flutter ( 5239): #70     StatefulElement.performRebuild (package:flutter/src/widgets/framework.dart:5982)
I/flutter ( 5239): #71     Element.rebuild (package:flutter/src/widgets/framework.dart:5529)
I/flutter ( 5239): #72     StatefulElement.update (package:flutter/src/widgets/framework.dart:6007)
I/flutter ( 5239): #73     Element.updateChild (package:flutter/src/widgets/framework.dart:4037)
I/flutter ( 5239): #74     ComponentElement.performRebuild (package:flutter/src/widgets/framework.dart:5841)
I/flutter ( 5239): #75     Element.rebuild (package:flutter/src/widgets/framework.dart:5529)
I/flutter ( 5239): #76     ProxyElement.update (package:flutter/src/widgets/framework.dart:6149)
I/flutter ( 5239): #77     Element.updateChild (package:flutter/src/widgets/framework.dart:4037)
I/flutter ( 5239): #78     ComponentElement.performRebuild (package:flutter/src/widgets/framework.dart:5841)
I/flutter ( 5239): #79     Element.rebuild (package:flutter/src/widgets/framework.dart:5529)
I/flutter ( 5239): #80     ProxyElement.update (package:flutter/src/widgets/framework.dart:6149)
I/flutter ( 5239): #81     Element.updateChild (package:flutter/src/widgets/framework.dart:4037)
I/flutter ( 5239): #82     ComponentElement.performRebuild (package:flutter/src/widgets/framework.dart:5841)
I/flutter ( 5239): #83     StatefulElement.performRebuild (package:flutter/src/widgets/framework.dart:5982)
I/flutter ( 5239): #84     Element.rebuild (package:flutter/src/widgets/framework.dart:5529)
I/flutter ( 5239): #85     StatefulElement.update (package:flutter/src/widgets/framework.dart:6007)
I/flutter ( 5239): #86     Element.updateChild (package:flutter/src/widgets/framework.dart:4037)
I/flutter ( 5239): #87     ComponentElement.performRebuild (package:flutter/src/widgets/framework.dart:5841)
I/flutter ( 5239): #88     Element.rebuild (package:flutter/src/widgets/framework.dart:5529)
I/flutter ( 5239): #89     StatelessElement.update (package:flutter/src/widgets/framework.dart:5895)
I/flutter ( 5239): #90     Element.updateChild (package:flutter/src/widgets/framework.dart:4037)
I/flutter ( 5239): #91     SliverMultiBoxAdaptorElement.updateChild (package:flutter/src/widgets/sliver.dart:1086)
I/flutter ( 5239): #92     SliverMultiBoxAdaptorElement.performRebuild.processElement (package:flutter/src/widgets/sliver.dart:979)
I/flutter ( 5239): #93     Iterable.forEach (dart:core/iterable.dart:366)
I/flutter ( 5239): #94     SliverMultiBoxAdaptorElement.performRebuild (package:flutter/src/widgets/sliver.dart:1032)
I/flutter ( 5239): #95     SliverMultiBoxAdaptorElement.update (package:flutter/src/widgets/sliver.dart:955)
I/flutter ( 5239): #96     Element.updateChild (package:flutter/src/widgets/framework.dart:4037)
I/flutter ( 5239): #97     ComponentElement.performRebuild (package:flutter/src/widgets/framework.dart:5841)
I/flutter ( 5239): #98     Element.rebuild (package:flutter/src/widgets/framework.dart:5529)
I/flutter ( 5239): #99     ProxyElement.update (package:flutter/src/widgets/framework.dart:6149)
I/flutter ( 5239): [SPM:perf] 698a51a  buildSpan: 11199µs
I/flutter ( 5239): [spm] Performance monitoring completed for 698a51a
[spm]: ProfilerData event received.
I/flutter ( 5239): Multiple exceptions (31) were detected during the running of the current test, and at least one was unexpected.
I/flutter ( 5239): #0      debugPrintStack (package:flutter/src/foundation/assertions.dart:1213)
I/flutter ( 5239): #1      FlutterError.dumpErrorToConsole (package:flutter/src/foundation/assertions.dart:1033)
I/flutter ( 5239): #2      _defaultTestExceptionReporter (package:flutter_test/src/test_exception_reporter.dart:29)
I/flutter ( 5239): #3      new IntegrationTestWidgetsFlutterBinding.<anonymous closure> (package:integration_test/integration_test.dart:91)
I/flutter ( 5239): #4      TestWidgetsFlutterBinding._createTestCompletionHandler.<anonymous closure> (package:flutter_test/src/binding.dart:1713)
I/flutter ( 5239): <asynchronous suspension>
I/flutter ( 5239): (elided 6 frames from dart:async)
I/flutter ( 5239): 01:10 +0: Performance Benchmark [E]
I/flutter ( 5239):   Test failed. See exception logs above.
I/flutter ( 5239):   The test description was: Performance Benchmark
I/flutter ( 5239):   
I/flutter ( 5239): 01:10 +0 -1: (tearDownAll)
I/flutter ( 5239): 01:11 +1 -1: Some tests failed.
Failure Details:
Failure in method: Performance Benchmark
Instance of 'FlutterErrorDetails'
end of failure 1



[spm]: Saved 30 profiler events to <ROOT>/dataset-new_samples/2819/redmi9t/raw/20260913-201009/rev_007_d58a0ef0/e11.jsonl
[spm]: Reverting injection...
11 issues found. (ran in 1.0s)
WARNING: Your Android app project: app located at: <ROOT>/android/app/build.gradle.kts
applies the Kotlin Gradle Plugin, which will cause build failures in future versions of Flutter. 
Please migrate your app to Built-in Kotlin using this guide: https://docs.flutter.dev/release/breaking-changes/migrate-to-built-in-kotlin/for-app-developers

VMServiceFlutterDriver: Connecting to Flutter application at http://127.0.0.1:42781/NqWmrIPT75E=/
[spm]: Detected VM service URI: ws://127.0.0.1:42781/NqWmrIPT75E=/ws
VMServiceFlutterDriver: Isolate found with number: 8545269928326267
VMServiceFlutterDriver: Isolate 8545269928326267 is runnable.
VMServiceFlutterDriver: Isolate is paused at start.
VMServiceFlutterDriver: Attempting to resume isolate
VMServiceFlutterDriver: Connected to Flutter application.
VMServiceFlutterDriver: request_data message is taking a long time to complete...