# sample_id=2819/rev_007_d58a0ef0 exec_index=4 ok=False perf_lines=30 vm_events=30 battery_pct=50 soc_temp_millic=37400 battery_temp_c=31.3 charging=False preflight_started=2026-09-13T17:11:16.685617+00:00 started=2026-09-13T17:11:19.415083+00:00 ts=2026-09-13T17:13:30.975121+00:00
[spm]: Running flutter analyze...
Resolving dependencies...
Downloading packages...
  _fe_analyzer_shared 100.0.0 (108.0.0 available)
  analyzer 13.0.0 (14.4.0 available)
  async 2.13.0 (2.13.1 available)
  clock 1.1.2 (1.1.3 available)
  cupertino_icons 1.0.8 (1.0.9 available)
  glob 2.1.3 (2.2.0 available)
  lints 6.0.0 (6.1.0 available)
  matcher 0.12.19 (0.12.20 available)
  material_color_utilities 0.13.0 (0.13.1 available)
  meta 1.18.0 (1.19.0 available)
  package_config 2.2.0 (3.0.0 available)
  platform 3.1.6 (3.2.0 available)
  process 5.0.5 (5.0.6 available)
  pub_semver 2.2.0 (2.2.1 available)
  source_span 1.10.1 (1.10.2 available)
  stack_trace 1.12.1 (1.12.2 available)
  test_api 0.7.11 (0.7.14 available)
  vector_math 2.2.0 (2.4.2 available)
  vm_service 15.0.2 (15.3.0 available)
  webdriver 3.1.0 (3.2.0 available)
  yaml 3.1.3 (3.1.4 available)
Got dependencies!
21 packages have newer versions incompatible with dependency constraints.
Try `flutter pub outdated` for more information.
Analyzing lib...                                                

   info • The part-of directive uses a library name. Try converting the directive to use the URI of the library • lib/dependencies.dart:46:1 • use_string_in_part_of_directives
   info • Redundant initialization to 'null'. Try removing the initializer • lib/dependencies.dart:89:9 • avoid_init_to_null
   info • Redundant initialization to 'null'. Try removing the initializer • lib/dependencies.dart:93:15 • avoid_init_to_null
   info • Redundant initialization to 'null'. Try removing the initializer • lib/dependencies.dart:111:6 • avoid_init_to_null
   info • Constructors in '@immutable' classes should be declared as 'const'. Try adding 'const' to the constructor declaration • lib/dependencies.dart:140:3 • prefer_const_constructors_in_immutables
   info • Constructors in '@immutable' classes should be declared as 'const'. Try adding 'const' to the constructor declaration • lib/dependencies.dart:391:3 • prefer_const_constructors_in_immutables
   info • Constructors in '@immutable' classes should be declared as 'const'. Try adding 'const' to the constructor declaration • lib/dependencies.dart:415:3 • prefer_const_constructors_in_immutables
   info • Constructors in '@immutable' classes should be declared as 'const'. Try adding 'const' to the constructor declaration • lib/dependencies.dart:439:3 • prefer_const_constructors_in_immutables
   info • Constructors in '@immutable' classes should be declared as 'const'. Try adding 'const' to the constructor declaration • lib/dependencies.dart:461:3 • prefer_const_constructors_in_immutables
   info • Constructors in '@immutable' classes should be declared as 'const'. Try adding 'const' to the constructor declaration • lib/dependencies.dart:483:3 • prefer_const_constructors_in_immutables
   info • Library names are not necessary. Remove the library name • lib/generated_widget.dart:2:9 • unnecessary_library_name

[spm]: Injecting profiler code...
[spm]: Starting app...
Running Gradle task 'assembleProfile'...                        
Running Gradle task 'assembleProfile'...                           22.9s
✓ Built build/app/outputs/flutter-apk/app-profile.apk (26.8MB)
Installing build/app/outputs/flutter-apk/app-profile.apk...      1,241ms
I/hmark_containe(13804): hiddenapi: Accessing hidden method Landroid/view/accessibility/AccessibilityNodeInfo;->getSourceNodeId()J (runtime_flags=0, domain=platform, api=unsupported,test-api) from Lio/flutter/view/AccessibilityViewEmbedder$ReflectionAccessors; (domain=app, TargetSdkVersion=36) using reflection: allowed
I/hmark_containe(13804): hiddenapi: Accessing hidden method Landroid/view/accessibility/AccessibilityRecord;->getSourceNodeId()J (runtime_flags=0, domain=platform, api=unsupported) from Lio/flutter/view/AccessibilityViewEmbedder$ReflectionAccessors; (domain=app, TargetSdkVersion=36) using reflection: allowed
I/hmark_containe(13804): hiddenapi: Accessing hidden field Landroid/view/accessibility/AccessibilityNodeInfo;->mChildNodeIds:Landroid/util/LongArray; (runtime_flags=0, domain=platform, api=unsupported) from Lio/flutter/view/AccessibilityViewEmbedder$ReflectionAccessors; (domain=app, TargetSdkVersion=36) using reflection: allowed
I/hmark_containe(13804): hiddenapi: Accessing hidden method Landroid/util/LongArray;->get(I)J (runtime_flags=0, domain=platform, api=unsupported) from Lio/flutter/view/AccessibilityViewEmbedder$ReflectionAccessors; (domain=app, TargetSdkVersion=36) using reflection: allowed
D/MiuiMultiWindowUtils(13804): freeform resolution args raw data:{  "zizhan":{    "freeform_args": {      "inner":{        "vertical_portrait":{"aspect_ratio":0.626, "original_ratio":0.5643,"original_scale":0.74,"top_margin":0.168,"left_margin":0.484},        "horizontal_portrait":{"aspect_ratio":0.626, "original_ratio":0.5643,"original_scale":0.74,"top_margin":0.1222,"left_margin":0.59745},        "vertical_landscape":{"aspect_ratio":1.6, "original_ratio":1,"original_scale":0.604,"top_margin":0.2596,"left_margin":0.2624},        "horizontal_landscape":{"aspect_ratio":1.6, "original_ratio":1,"original_scale":0.604,"top_margin":0.213,"left_margin":0.3758}      },      "outer":{        "vertical_portrait":{"aspect_ratio":0.626, "original_ratio":1,"original_scale":0.74,"top_margin":0.0753,"left_margin":-1},        "horizontal_portrait":{"aspect_ratio":0.626, "original_ratio":1,"original_scale":0.5756,"top_margin":-1,"left_margin":0.0753},        "vertical_landscape":{"aspect_ratio":1.6, "original_ratio":0.6847,"original_scale":0.587,"top_margin":0.0753,"left_margin":-1},        "horizontal_landscape":{"aspect_ratio":1.6, "original_ratio":0.6847,"original_scale":0.587,"top_margin":-1,"left_margin":0.0753}}    },    "mini_freeform_args":{      "inner":{        "vertical_portrait":{"aspect_ratio":0.626, "original_ratio":0.147},        "horizontal_portrait":{"aspect_ratio":0.626, "original_ratio":0.147},        "vertical_landscape":{"aspect_ratio":1.6, "original_ratio":0.165},        "horizontal_landscape":{"aspect_ratio":1.6, "original_ratio":0.165}      },      "outer":{        "vertical_portrait":{"aspect_ratio":0.626, "original_ratio":0.26},        "horizontal_portrait":{"aspect_ratio":0.626, "original_ratio":0.26},        "vertical_landscape":{"aspect_ratio":1.6, "original_ratio":0.293},        "horizontal_landscape":{"aspect_ratio":1.6, "original_ratio":0.293}}    }  },  "wide_default":{    "freeform_args": {        "vertical_portrait":{"aspect_ratio":0.625, "original_ratio":0.5806,"original_scale":0.7574,"top_margin":0.125,"left_margin":0.392},        "horizontal_portrait":{"aspect_ratio":0.625, "original_ratio":0.5806,"original_scale":0.7574,"top_margin":-1,"left_margin":0.6415},        "vertical_landscape":{"aspect_ratio":1.6, "original_ratio":1,"original_scale":0.5153,"top_margin":0.125,"left_margin":0.206},        "horizontal_landscape":{"aspect_ratio":1.6, "original_ratio":1,"original_scale":0.5153,"top_margin":-1,"left_margin":0.456}    },    "mini_freeform_args":{        "vertical_portrait":{"aspect_ratio":0.5625, "original_ratio":0.144},        "horizontal_portrait":{"aspect_ratio":0.5625, "original_ratio":0.144},        "vertical_landscape":{"aspect_ratio":-1, "original_ratio":0.144},        "horizontal_landscape":{"aspect_ratio":-1, "original_ratio":0.144}    }  },  "narrow_default": {    "freeform_args": {        "vertical_portrait":{"aspect_ratio":0.5625, "original_ratio":1,"original_scale":0.7182,"top_margin":0.142,"left_margin":-1},        "horizontal_portrait":{"aspect_ratio":0.8, "original_ratio":1,"original_scale":0.7182,"top_margin":-1,"left_margin":0.05},        "vertical_landscape":{"aspect_ratio":1.6, "original_ratio":0.6545,"original_scale":0.4473,"top_margin":0.142,"left_margin":-1},        "horizontal_landscape":{"aspect_ratio":1.6, "original_ratio":0.6545,"original_scale":0.4473,"top_margin":-1,"left_margin":0.05}    },    "mini_freeform_args":{        "vertical_portrait":{"aspect_ratio":0.5625, "original_ratio":0.3},        "horizontal_portrait":{"aspect_ratio":0.5625, "original_ratio":0.3},        "vertical_landscape":{"aspect_ratio":1.7778, "original_ratio":0.3},        "horizontal_landscape":{"aspect_ratio":1.7778, "original_ratio":0.3}    }  },  "regular_default": {    "freeform_args": {      "vertical_portrait":{"aspect_ratio":0.625, "original_ratio":1,"original_scale":0.7,"top_margin":0.109,"left_margin":-1},      "horizontal_portrait":{"aspect_ratio":0.6667, "original_ratio":1,"original_scale":0.6102,"top_margin":-1,"left_margin":0.026},      "vertical_landscape":{"asp
E/MiuiMultiWindowUtils(13804): initFreeFormResolutionArgs failed, device is lime
D/IS_CTS_MODE(13804): true
D/MULTI_WINDOW_SWITCH_ENABLED(13804): false
D/IS_CTS_MODE(13804): true
D/MULTI_WINDOW_SWITCH_ENABLED(13804): false
D/IS_CTS_MODE(13804): true
D/MULTI_WINDOW_SWITCH_ENABLED(13804): false
D/DecorView[](13804): getWindowModeFromSystem  windowmode is 1
D/DecorView[](13804): getWindowModeFromSystem  windowmode is 1
D/DecorView[](13804): updateDecorCaptionStatus displayWindowDecor is false
W/Looper  (13804): PerfMonitor looperActivity : package=com.example.benchmark_container/.MainActivity time=340ms latency=354ms running=0ms  procState=-1  historyMsgCount=2 (msgIndex=1 wall=340ms seq=4 late=354ms h=android.app.ActivityThread$H w=159) (msgIndex=2 wall=380ms seq=3 h=android.app.ActivityThread$H w=110)
W/Looper  (13804): PerfMonitor looperActivity : package=com.example.benchmark_container/.MainActivity time=0ms latency=696ms running=0ms  procState=-1  historyMsgCount=4 (msgIndex=2 wall=340ms seq=4 h=android.app.ActivityThread$H w=159) (msgIndex=3 wall=380ms seq=3 h=android.app.ActivityThread$H w=110) (msgIndex=4 wall=340ms seq=4 h=android.app.ActivityThread$H w=159)
D/SurfaceView(13804): UPDATE null, mIsCastMode = false
D/hw-ProcessState(13804): Binder ioctl to enable oneway spam detection failed: Invalid argument
W/Looper  (13804): PerfMonitor longMsg : seq=8 plan=20:12:02.555 late=343ms wall=1666ms running=0ms h=android.view.Choreographer$FrameHandler c=android.view.Choreographer$FrameDisplayEventReceiver procState=-1
W/Looper  (13804): PerfMonitor doFrame : time=1666ms vsyncFrame=0 latency=343ms procState=-1 historyMsgCount=4 (msgIndex=1 wall=1666ms seq=8 late=343ms h=android.view.Choreographer$FrameHandler c=android.view.Choreographer$FrameDisplayEventReceiver)
I/Choreographer(13804): Skipped 94 frames!  The application may be doing too much work on its main thread.
D/SurfaceView(13804): UPDATE Surface(name=SurfaceView[com.example.benchmark_container/com.example.benchmark_container.MainActivity])/@0x739554a, mIsProjectionMode = false
W/Looper  (13804): PerfMonitor doFrame : time=3ms vsyncFrame=0 latency=1582ms procState=-1 historyMsgCount=4
[spm]: Connected to Dart VM service.
I/flutter (13804): 00:00 +0: Performance Benchmark
E/hmark_containe(13804): open libmigui.so failed! dlopen - dlopen failed: library "libmigui.so" not found
D/hmark_containe(13804): MiuiProcessManagerServiceStub setSchedFifo
I/MiuiProcessManagerImpl(13804): setSchedFifo pid:13804, mode:3
D/DecorView[](13804): onWindowFocusChanged hasWindowFocus true
D/DecorView[](13804): getWindowModeFromSystem  windowmode is 1
D/DecorView[](13804): updateDecorCaptionStatus displayWindowDecor is false
D/ProfileInstaller(13804): Installing profile for com.example.benchmark_container
I/flutter (13804): type '_Stub' is not a subtype of type 'Color?'
I/flutter (13804): #0      LeagueCard.build (package:benchmark_container/generated_widget.dart:125)
I/flutter (13804): #1      StatelessElement.build (package:flutter/src/widgets/framework.dart:5889)
I/flutter (13804): #2      ComponentElement.performRebuild (package:flutter/src/widgets/framework.dart:5817)
I/flutter (13804): #3      Element.rebuild (package:flutter/src/widgets/framework.dart:5529)
I/flutter (13804): #4      ComponentElement._firstBuild (package:flutter/src/widgets/framework.dart:5799)
I/flutter (13804): #5      ComponentElement.mount (package:flutter/src/widgets/framework.dart:5793)
I/flutter (13804): #6      Element.inflateWidget (package:flutter/src/widgets/framework.dart:4587)
I/flutter (13804): #7      Element.updateChild (package:flutter/src/widgets/framework.dart:4059)
I/flutter (13804): #8      SingleChildRenderObjectElement.mount (package:flutter/src/widgets/framework.dart:7115)
I/flutter (13804): #9      Element.inflateWidget (package:flutter/src/widgets/framework.dart:4587)
I/flutter (13804): #10     Element.updateChild (package:flutter/src/widgets/framework.dart:4059)
I/flutter (13804): #11     ComponentElement.performRebuild (package:flutter/src/widgets/framework.dart:5841)
I/flutter (13804): #12     StatefulElement.performRebuild (package:flutter/src/widgets/framework.dart:5982)
I/flutter (13804): #13     Element.rebuild (package:flutter/src/widgets/framework.dart:5529)
I/flutter (13804): #14     ComponentElement._firstBuild (package:flutter/src/widgets/framework.dart:5799)
I/flutter (13804): #15     StatefulElement._firstBuild (package:flutter/src/widgets/framework.dart:5973)
I/flutter (13804): #16     ComponentElement.mount (package:flutter/src/widgets/framework.dart:5793)
I/flutter (13804): #17     Element.inflateWidget (package:flutter/src/widgets/framework.dart:4587)
I/flutter (13804): #18     Element.updateChild (package:flutter/src/widgets/framework.dart:4059)
I/flutter (13804): #19     ComponentElement.performRebuild (package:flutter/src/widgets/framework.dart:5841)
I/flutter (13804): #20     Element.rebuild (package:flutter/src/widgets/framework.dart:5529)
I/flutter (13804): #21     ComponentElement._firstBuild (package:flutter/src/widgets/framework.dart:5799)
I/flutter (13804): #22     ComponentElement.mount (package:flutter/src/widgets/framework.dart:5793)
I/flutter (13804): #23     Element.inflateWidget (package:flutter/src/widgets/framework.dart:4587)
I/flutter (13804): #24     Element.updateChild (package:flutter/src/widgets/framework.dart:4059)
I/flutter (13804): #25     SingleChildRenderObjectElement.mount (package:flutter/src/widgets/framework.dart:7115)
I/flutter (13804): #26     Element.inflateWidget (package:flutter/src/widgets/framework.dart:4587)
I/flutter (13804): #27     Element.updateChild (package:flutter/src/widgets/framework.dart:4059)
I/flutter (13804): #28     ComponentElement.performRebuild (package:flutter/src/widgets/framework.dart:5841)
I/flutter (13804): #29     Element.rebuild (package:flutter/src/widgets/framework.dart:5529)
I/flutter (13804): #30     ComponentElement._firstBuild (package:flutter/src/widgets/framework.dart:5799)
I/flutter (13804): #31     ComponentElement.mount (package:flutter/src/widgets/framework.dart:5793)
I/flutter (13804): #32     Element.inflateWidget (package:flutter/src/widgets/framework.dart:4587)
I/flutter (13804): #33     Element.updateChild (package:flutter/src/widgets/framework.dart:4059)
I/flutter (13804): #34     ComponentElement.performRebuild (package:flutter/src/widgets/framework.dart:5841)
I/flutter (13804): #35     Element.rebuild (package:flutter/src/widgets/framework.dart:5529)
I/flutter (13804): #36     ComponentElement._firstBuild (package:flutter/src/widgets/framework.dart:5799)
I/flutter (13804): #37     ComponentElement.mount (package:flutter/src/widgets/framework.dart:5793)
I/flutter (13804): #38     Element.inflateWidget (package:flutter/src/widgets/framework.dart:4587)
I/flutter (13804): #39     Element.updateChild (package:flutter/src/widgets/framework.dart:4059)
I/flutter (13804): #40     SingleChildRenderObjectElement.mount (package:flutter/src/widgets/framework.dart:7115)
I/flutter (13804): #41     Element.inflateWidget (package:flutter/src/widgets/framework.dart:4587)
I/flutter (13804): #42     Element.updateChild (package:flutter/src/widgets/framework.dart:4059)
I/flutter (13804): #43     SingleChildRenderObjectElement.mount (package:flutter/src/widgets/framework.dart:7115)
I/flutter (13804): #44     Element.inflateWidget (package:flutter/src/widgets/framework.dart:4587)
I/flutter (13804): #45     Element.updateChild (package:flutter/src/widgets/framework.dart:4059)
I/flutter (13804): #46     ComponentElement.performRebuild (package:flutter/src/widgets/framework.dart:5841)
I/flutter (13804): #47     Element.rebuild (package:flutter/src/widgets/framework.dart:5529)
I/flutter (13804): #48     ComponentElement._firstBuild (package:flutter/src/widgets/framework.dart:5799)
I/flutter (13804): #49     ComponentElement.mount (package:flutter/src/widgets/framework.dart:5793)
I/flutter (13804): #50     Element.inflateWidget (package:flutter/src/widgets/framework.dart:4587)
I/flutter (13804): #51     Element.updateChild (package:flutter/src/widgets/framework.dart:4059)
I/flutter (13804): #52     ComponentElement.performRebuild (package:flutter/src/widgets/framework.dart:5841)
I/flutter (13804): #53     StatefulElement.performRebuild (package:flutter/src/widgets/framework.dart:5982)
I/flutter (13804): #54     Element.rebuild (package:flutter/src/widgets/framework.dart:5529)
I/flutter (13804): #55     ComponentElement._firstBuild (package:flutter/src/widgets/framework.dart:5799)
I/flutter (13804): #56     StatefulElement._firstBuild (package:flutter/src/widgets/framework.dart:5973)
I/flutter (13804): #57     ComponentElement.mount (package:flutter/src/widgets/framework.dart:5793)
I/flutter (13804): #58     Element.inflateWidget (package:flutter/src/widgets/framework.dart:4587)
I/flutter (13804): #59     Element.updateChild (package:flutter/src/widgets/framework.dart:4059)
I/flutter (13804): #60     ComponentElement.performRebuild (package:flutter/src/widgets/framework.dart:5841)
I/flutter (13804): #61     Element.rebuild (package:flutter/src/widgets/framework.dart:5529)
I/flutter (13804): #62     ComponentElement._firstBuild (package:flutter/src/widgets/framework.dart:5799)
I/flutter (13804): #63     ComponentElement.mount (package:flutter/src/widgets/framework.dart:5793)
I/flutter (13804): #64     Element.inflateWidget (package:flutter/src/widgets/framework.dart:4587)
I/flutter (13804): #65     Element.updateChild (package:flutter/src/widgets/framework.dart:4059)
I/flutter (13804): #66     ComponentElement.performRebuild (package:flutter/src/widgets/framework.dart:5841)
I/flutter (13804): #67     StatefulElement.performRebuild (package:flutter/src/widgets/framework.dart:5982)
I/flutter (13804): #68     Element.rebuild (package:flutter/src/widgets/framework.dart:5529)
I/flutter (13804): #69     ComponentElement._firstBuild (package:flutter/src/widgets/framework.dart:5799)
I/flutter (13804): #70     StatefulElement._firstBuild (package:flutter/src/widgets/framework.dart:5973)
I/flutter (13804): #71     ComponentElement.mount (package:flutter/src/widgets/framework.dart:5793)
I/flutter (13804): #72     Element.inflateWidget (package:flutter/src/widgets/framework.dart:4587)
I/flutter (13804): #73     Element.updateChild (package:flutter/src/widgets/framework.dart:4059)
I/flutter (13804): #74     ComponentElement.performRebuild (package:flutter/src/widgets/framework.dart:5841)
I/flutter (13804): #75     Element.rebuild (package:flutter/src/widgets/framework.dart:5529)
I/flutter (13804): #76     ComponentElement._firstBuild (package:flutter/src/widgets/framework.dart:5799)
I/flutter (13804): #77     ComponentElement.mount (package:flutter/src/widgets/framework.dart:5793)
I/flutter (13804): #78     Element.inflateWidget (package:flutter/src/widgets/framework.dart:4587)
I/flutter (13804): #79     Element.updateChild (package:flutter/src/widgets/framework.dart:4059)
I/flutter (13804): #80     ComponentElement.performRebuild (package:flutter/src/widgets/framework.dart:5841)
I/flutter (13804): #81     StatefulElement.performRebuild (package:flutter/src/widgets/framework.dart:5982)
I/flutter (13804): #82     Element.rebuild (package:flutter/src/widgets/framework.dart:5529)
I/flutter (13804): #83     ComponentElement._firstBuild (package:flutter/src/widgets/framework.dart:5799)
I/flutter (13804): #84     StatefulElement._firstBuild (package:flutter/src/widgets/framework.dart:5973)
I/flutter (13804): #85     ComponentElement.mount (package:flutter/src/widgets/framework.dart:5793)
I/flutter (13804): #86     Element.inflateWidget (package:flutter/src/widgets/framework.dart:4587)
I/flutter (13804): #87     Element.updateChild (package:flutter/src/widgets/framework.dart:4059)
I/flutter (13804): #88     ComponentElement.performRebuild (package:flutter/src/widgets/framework.dart:5841)
I/flutter (13804): #89     Element.rebuild (package:flutter/src/widgets/framework.dart:5529)
I/flutter (13804): #90     ComponentElement._firstBuild (package:flutter/src/widgets/framework.dart:5799)
I/flutter (13804): #91     ComponentElement.mount (package:flutter/src/widgets/framework.dart:5793)
I/flutter (13804): #92     Element.inflateWidget (package:flutter/src/widgets/framework.dart:4587)
I/flutter (13804): #93     Element.updateChild (package:flutter/src/widgets/framework.dart:4059)
I/flutter (13804): #94     SingleChildRenderObjectElement.mount (package:flutter/src/widgets/framework.dart:7115)
I/flutter (13804): #95     Element.inflateWidget (package:flutter/src/widgets/framework.dart:4587)
I/flutter (13804): #96     Element.updateChild (package:flutter/src/widgets/framework.dart:4059)
I/flutter (13804): #97     SingleChildRenderObjectElement.mount (package:flutter/src/widgets/framework.dart:7115)
I/flutter (13804): #98     Element.inflateWidget (package:flutter/src/widgets/framework.dart:4587)
I/flutter (13804): #99     Element.updateChild (package:flutter/src/widgets/framework.dart:4059)
I/flutter (13804): type '_Stub' is not a subtype of type 'Color?'
I/flutter (13804): #0      LeagueCard.build (package:benchmark_container/generated_widget.dart:125)
I/flutter (13804): #1      StatelessElement.build (package:flutter/src/widgets/framework.dart:5889)
I/flutter (13804): #2      ComponentElement.performRebuild (package:flutter/src/widgets/framework.dart:5817)
I/flutter (13804): #3      Element.rebuild (package:flutter/src/widgets/framework.dart:5529)
I/flutter (13804): #4      StatelessElement.update (package:flutter/src/widgets/framework.dart:5895)
I/flutter (13804): #5      Element.updateChild (package:flutter/src/widgets/framework.dart:4037)
I/flutter (13804): #6      SingleChildRenderObjectElement.update (package:flutter/src/widgets/framework.dart:7122)
I/flutter (13804): #7      Element.updateChild (package:flutter/src/widgets/framework.dart:4037)
I/flutter (13804): #8      ComponentElement.performRebuild (package:flutter/src/widgets/framework.dart:5841)
I/flutter (13804): #9      StatefulElement.performRebuild (package:flutter/src/widgets/framework.dart:5982)
I/flutter (13804): #10     Element.rebuild (package:flutter/src/widgets/framework.dart:5529)
I/flutter (13804): #11     StatefulElement.update (package:flutter/src/widgets/framework.dart:6007)
I/flutter (13804): #12     Element.updateChild (package:flutter/src/widgets/framework.dart:4037)
I/flutter (13804): #13     ComponentElement.performRebuild (package:flutter/src/widgets/framework.dart:5841)
I/flutter (13804): #14     Element.rebuild (package:flutter/src/widgets/framework.dart:5529)
I/flutter (13804): #15     StatelessElement.update (package:flutter/src/widgets/framework.dart:5895)
I/flutter (13804): #16     Element.updateChild (package:flutter/src/widgets/framework.dart:4037)
I/flutter (13804): #17     SingleChildRenderObjectElement.update (package:flutter/src/widgets/framework.dart:7122)
I/flutter (13804): #18     Element.updateChild (package:flutter/src/widgets/framework.dart:4037)
I/flutter (13804): #19     ComponentElement.performRebuild (package:flutter/src/widgets/framework.dart:5841)
I/flutter (13804): #20     Element.rebuild (package:flutter/src/widgets/framework.dart:5529)
I/flutter (13804): #21     ProxyElement.update (package:flutter/src/widgets/framework.dart:6149)
I/flutter (13804): #22     Element.updateChild (package:flutter/src/widgets/framework.dart:4037)
I/flutter (13804): #23     ComponentElement.performRebuild (package:flutter/src/widgets/framework.dart:5841)
I/flutter (13804): #24     Element.rebuild (package:flutter/src/widgets/framework.dart:5529)
I/flutter (13804): #25     StatelessElement.update (package:flutter/src/widgets/framework.dart:5895)
I/flutter (13804): #26     Element.updateChild (package:flutter/src/widgets/framework.dart:4037)
I/flutter (13804): #27     SingleChildRenderObjectElement.update (package:flutter/src/widgets/framework.dart:7122)
I/flutter (13804): #28     Element.updateChild (package:flutter/src/widgets/framework.dart:4037)
I/flutter (13804): #29     SingleChildRenderObjectElement.update (package:flutter/src/widgets/framework.dart:7122)
I/flutter (13804): #30     Element.updateChild (package:flutter/src/widgets/framework.dart:4037)
I/flutter (13804): #31     ComponentElement.performRebuild (package:flutter/src/widgets/framework.dart:5841)
I/flutter (13804): #32     Element.rebuild (package:flutter/src/widgets/framework.dart:5529)
I/flutter (13804): #33     ProxyElement.update (package:flutter/src/widgets/framework.dart:6149)
I/flutter (13804): #34     _InheritedNotifierElement.update (package:flutter/src/widgets/inherited_notifier.dart:108)
I/flutter (13804): #35     Element.updateChild (package:flutter/src/widgets/framework.dart:4037)
I/flutter (13804): #36     ComponentElement.performRebuild (package:flutter/src/widgets/framework.dart:5841)
I/flutter (13804): #37     StatefulElement.performRebuild (package:flutter/src/widgets/framework.dart:5982)
I/flutter (13804): #38     Element.rebuild (package:flutter/src/widgets/framework.dart:5529)
I/flutter (13804): #39     StatefulElement.update (package:flutter/src/widgets/framework.dart:6007)
I/flutter (13804): #40     Element.updateChild (package:flutter/src/widgets/framework.dart:4037)
I/flutter (13804): #41     ComponentElement.performRebuild (package:flutter/src/widgets/framework.dart:5841)
I/flutter (13804): #42     Element.rebuild (package:flutter/src/widgets/framework.dart:5529)
I/flutter (13804): #43     ProxyElement.update (package:flutter/src/widgets/framework.dart:6149)
I/flutter (13804): #44     Element.updateChild (package:flutter/src/widgets/framework.dart:4037)
I/flutter (13804): #45     ComponentElement.performRebuild (package:flutter/src/widgets/framework.dart:5841)
I/flutter (13804): #46     StatefulElement.performRebuild (package:flutter/src/widgets/framework.dart:5982)
I/flutter (13804): #47     Element.rebuild (package:flutter/src/widgets/framework.dart:5529)
I/flutter (13804): #48     StatefulElement.update (package:flutter/src/widgets/framework.dart:6007)
I/flutter (13804): #49     Element.updateChild (package:flutter/src/widgets/framework.dart:4037)
[spm]: ProfilerData event received.
I/flutter (13804): #50     ComponentElement.performRebuild (package:flutter/src/widgets/framework.dart:5841)
I/flutter (13804): #51     Element.rebuild (package:flutter/src/widgets/framework.dart:5529)
I/flutter (13804): #52     ProxyElement.update (package:flutter/src/widgets/framework.dart:6149)
I/flutter (13804): #53     Element.updateChild (package:flutter/src/widgets/framework.dart:4037)
I/flutter (13804): #54     ComponentElement.performRebuild (package:flutter/src/widgets/framework.dart:5841)
I/flutter (13804): #55     StatefulElement.performRebuild (package:flutter/src/widgets/framework.dart:5982)
I/flutter (13804): #56     Element.rebuild (package:flutter/src/widgets/framework.dart:5529)
I/flutter (13804): #57     StatefulElement.update (package:flutter/src/widgets/framework.dart:6007)
I/flutter (13804): #58     Element.updateChild (package:flutter/src/widgets/framework.dart:4037)
I/flutter (13804): #59     ComponentElement.performRebuild (package:flutter/src/widgets/framework.dart:5841)
I/flutter (13804): #60     Element.rebuild (package:flutter/src/widgets/framework.dart:5529)
I/flutter (13804): #61     StatelessElement.update (package:flutter/src/widgets/framework.dart:5895)
I/flutter (13804): #62     Element.updateChild (package:flutter/src/widgets/framework.dart:4037)
I/flutter (13804): #63     SingleChildRenderObjectElement.update (package:flutter/src/widgets/framework.dart:7122)
I/flutter (13804): #64     Element.updateChild (package:flutter/src/widgets/framework.dart:4037)
I/flutter (13804): #65     SingleChildRenderObjectElement.update (package:flutter/src/widgets/framework.dart:7122)
I/flutter (13804): #66     Element.updateChild (package:flutter/src/widgets/framework.dart:4037)
I/flutter (13804): #67     SingleChildRenderObjectElement.update (package:flutter/src/widgets/framework.dart:7122)
I/flutter (13804): #68     Element.updateChild (package:flutter/src/widgets/framework.dart:4037)
I/flutter (13804): #69     ComponentElement.performRebuild (package:flutter/src/widgets/framework.dart:5841)
I/flutter (13804): #70     StatefulElement.performRebuild (package:flutter/src/widgets/framework.dart:5982)
I/flutter (13804): #71     Element.rebuild (package:flutter/src/widgets/framework.dart:5529)
I/flutter (13804): #72     StatefulElement.update (package:flutter/src/widgets/framework.dart:6007)
I/flutter (13804): #73     Element.updateChild (package:flutter/src/widgets/framework.dart:4037)
I/flutter (13804): #74     ComponentElement.performRebuild (package:flutter/src/widgets/framework.dart:5841)
I/flutter (13804): #75     Element.rebuild (package:flutter/src/widgets/framework.dart:5529)
I/flutter (13804): #76     ProxyElement.update (package:flutter/src/widgets/framework.dart:6149)
I/flutter (13804): #77     Element.updateChild (package:flutter/src/widgets/framework.dart:4037)
I/flutter (13804): #78     ComponentElement.performRebuild (package:flutter/src/widgets/framework.dart:5841)
I/flutter (13804): #79     Element.rebuild (package:flutter/src/widgets/framework.dart:5529)
I/flutter (13804): #80     ProxyElement.update (package:flutter/src/widgets/framework.dart:6149)
I/flutter (13804): #81     Element.updateChild (package:flutter/src/widgets/framework.dart:4037)
I/flutter (13804): #82     ComponentElement.performRebuild (package:flutter/src/widgets/framework.dart:5841)
I/flutter (13804): #83     StatefulElement.performRebuild (package:flutter/src/widgets/framework.dart:5982)
I/flutter (13804): #84     Element.rebuild (package:flutter/src/widgets/framework.dart:5529)
I/flutter (13804): #85     StatefulElement.update (package:flutter/src/widgets/framework.dart:6007)
I/flutter (13804): #86     Element.updateChild (package:flutter/src/widgets/framework.dart:4037)
I/flutter (13804): #87     ComponentElement.performRebuild (package:flutter/src/widgets/framework.dart:5841)
I/flutter (13804): #88     Element.rebuild (package:flutter/src/widgets/framework.dart:5529)
I/flutter (13804): #89     StatelessElement.update (package:flutter/src/widgets/framework.dart:5895)
I/flutter (13804): #90     Element.updateChild (package:flutter/src/widgets/framework.dart:4037)
I/flutter (13804): #91     SliverMultiBoxAdaptorElement.updateChild (package:flutter/src/widgets/sliver.dart:1086)
I/flutter (13804): #92     SliverMultiBoxAdaptorElement.performRebuild.processElement (package:flutter/src/widgets/sliver.dart:979)
I/flutter (13804): #93     Iterable.forEach (dart:core/iterable.dart:366)
I/flutter (13804): #94     SliverMultiBoxAdaptorElement.performRebuild (package:flutter/src/widgets/sliver.dart:1032)
I/flutter (13804): #95     SliverMultiBoxAdaptorElement.update (package:flutter/src/widgets/sliver.dart:955)
I/flutter (13804): #96     Element.updateChild (package:flutter/src/widgets/framework.dart:4037)
I/flutter (13804): #97     ComponentElement.performRebuild (package:flutter/src/widgets/framework.dart:5841)
I/flutter (13804): #98     Element.rebuild (package:flutter/src/widgets/framework.dart:5529)
I/flutter (13804): #99     ProxyElement.update (package:flutter/src/widgets/framework.dart:6149)
I/flutter (13804): [SPM:perf] 698a51a  buildSpan: 19172µs
I/flutter (13804): [spm] Performance monitoring completed for 698a51a
I/flutter (13804): type '_Stub' is not a subtype of type 'Color?'
I/flutter (13804): #0      LeagueCard.build (package:benchmark_container/generated_widget.dart:125)
I/flutter (13804): #1      StatelessElement.build (package:flutter/src/widgets/framework.dart:5889)
I/flutter (13804): #2      ComponentElement.performRebuild (package:flutter/src/widgets/framework.dart:5817)
I/flutter (13804): #3      Element.rebuild (package:flutter/src/widgets/framework.dart:5529)
I/flutter (13804): #4      StatelessElement.update (package:flutter/src/widgets/framework.dart:5895)
I/flutter (13804): #5      Element.updateChild (package:flutter/src/widgets/framework.dart:4037)
I/flutter (13804): #6      SingleChildRenderObjectElement.update (package:flutter/src/widgets/framework.dart:7122)
I/flutter (13804): #7      Element.updateChild (package:flutter/src/widgets/framework.dart:4037)
I/flutter (13804): #8      ComponentElement.performRebuild (package:flutter/src/widgets/framework.dart:5841)
I/flutter (13804): #9      StatefulElement.performRebuild (package:flutter/src/widgets/framework.dart:5982)
I/flutter (13804): #10     Element.rebuild (package:flutter/src/widgets/framework.dart:5529)
I/flutter (13804): #11     StatefulElement.update (package:flutter/src/widgets/framework.dart:6007)
I/flutter (13804): #12     Element.updateChild (package:flutter/src/widgets/framework.dart:4037)
I/flutter (13804): #13     ComponentElement.performRebuild (package:flutter/src/widgets/framework.dart:5841)
I/flutter (13804): #14     Element.rebuild (package:flutter/src/widgets/framework.dart:5529)
I/flutter (13804): #15     StatelessElement.update (package:flutter/src/widgets/framework.dart:5895)
I/flutter (13804): #16     Element.updateChild (package:flutter/src/widgets/framework.dart:4037)
I/flutter (13804): #17     SingleChildRenderObjectElement.update (package:flutter/src/widgets/framework.dart:7122)
I/flutter (13804): #18     Element.updateChild (package:flutter/src/widgets/framework.dart:4037)
I/flutter (13804): #19     ComponentElement.performRebuild (package:flutter/src/widgets/framework.dart:5841)
I/flutter (13804): #20     Element.rebuild (package:flutter/src/widgets/framework.dart:5529)
I/flutter (13804): #21     ProxyElement.update (package:flutter/src/widgets/framework.dart:6149)
I/flutter (13804): #22     Element.updateChild (package:flutter/src/widgets/framework.dart:4037)
I/flutter (13804): #23     ComponentElement.performRebuild (package:flutter/src/widgets/framework.dart:5841)
I/flutter (13804): #24     Element.rebuild (package:flutter/src/widgets/framework.dart:5529)
I/flutter (13804): #25     StatelessElement.update (package:flutter/src/widgets/framework.dart:5895)
I/flutter (13804): #26     Element.updateChild (package:flutter/src/widgets/framework.dart:4037)
I/flutter (13804): #27     SingleChildRenderObjectElement.update (package:flutter/src/widgets/framework.dart:7122)
I/flutter (13804): #28     Element.updateChild (package:flutter/src/widgets/framework.dart:4037)
I/flutter (13804): #29     SingleChildRenderObjectElement.update (package:flutter/src/widgets/framework.dart:7122)
I/flutter (13804): #30     Element.updateChild (package:flutter/src/widgets/framework.dart:4037)
I/flutter (13804): #31     ComponentElement.performRebuild (package:flutter/src/widgets/framework.dart:5841)
I/flutter (13804): #32     Element.rebuild (package:flutter/src/widgets/framework.dart:5529)
I/flutter (13804): #33     ProxyElement.update (package:flutter/src/widgets/framework.dart:6149)
I/flutter (13804): #34     _InheritedNotifierElement.update (package:flutter/src/widgets/inherited_notifier.dart:108)
I/flutter (13804): #35     Element.updateChild (package:flutter/src/widgets/framework.dart:4037)
I/flutter (13804): #36     ComponentElement.performRebuild (package:flutter/src/widgets/framework.dart:5841)
I/flutter (13804): #37     StatefulElement.performRebuild (package:flutter/src/widgets/framework.dart:5982)
I/flutter (13804): #38     Element.rebuild (package:flutter/src/widgets/framework.dart:5529)
I/flutter (13804): #39     StatefulElement.update (package:flutter/src/widgets/framework.dart:6007)
I/flutter (13804): #40     Element.updateChild (package:flutter/src/widgets/framework.dart:4037)
I/flutter (13804): #41     ComponentElement.performRebuild (package:flutter/src/widgets/framework.dart:5841)
I/flutter (13804): #42     Element.rebuild (package:flutter/src/widgets/framework.dart:5529)
I/flutter (13804): #43     ProxyElement.update (package:flutter/src/widgets/framework.dart:6149)
I/flutter (13804): #44     Element.updateChild (package:flutter/src/widgets/framework.dart:4037)
I/flutter (13804): #45     ComponentElement.performRebuild (package:flutter/src/widgets/framework.dart:5841)
I/flutter (13804): #46     StatefulElement.performRebuild (package:flutter/src/widgets/framework.dart:5982)
I/flutter (13804): #47     Element.rebuild (package:flutter/src/widgets/framework.dart:5529)
I/flutter (13804): #48     StatefulElement.update (package:flutter/src/widgets/framework.dart:6007)
I/flutter (13804): #49     Element.updateChild (package:flutter/src/widgets/framework.dart:4037)
I/flutter (13804): #50     ComponentElement.performRebuild (package:flutter/src/widgets/framework.dart:5841)
I/flutter (13804): #51     Element.rebuild (package:flutter/src/widgets/framework.dart:5529)
I/flutter (13804): #52     ProxyElement.update (package:flutter/src/widgets/framework.dart:6149)
I/flutter (13804): #53     Element.updateChild (package:flutter/src/widgets/framework.dart:4037)
I/flutter (13804): #54     ComponentElement.performRebuild (package:flutter/src/widgets/framework.dart:5841)
I/flutter (13804): #55     StatefulElement.performRebuild (package:flutter/src/widgets/framework.dart:5982)
I/flutter (13804): #56     Element.rebuild (package:flutter/src/widgets/framework.dart:5529)
I/flutter (13804): #57     StatefulElement.update (package:flutter/src/widgets/framework.dart:6007)
I/flutter (13804): #58     Element.updateChild (package:flutter/src/widgets/framework.dart:4037)
I/flutter (13804): #59     ComponentElement.performRebuild (package:flutter/src/widgets/framework.dart:5841)
I/flutter (13804): #60     Element.rebuild (package:flutter/src/widgets/framework.dart:5529)
I/flutter (13804): #61     StatelessElement.update (package:flutter/src/widgets/framework.dart:5895)
I/flutter (13804): #62     Element.updateChild (package:flutter/src/widgets/framework.dart:4037)
I/flutter (13804): #63     SingleChildRenderObjectElement.update (package:flutter/src/widgets/framework.dart:7122)
I/flutter (13804): #64     Element.updateChild (package:flutter/src/widgets/framework.dart:4037)
I/flutter (13804): #65     SingleChildRenderObjectElement.update (package:flutter/src/widgets/framework.dart:7122)
I/flutter (13804): #66     Element.updateChild (package:flutter/src/widgets/framework.dart:4037)
I/flutter (13804): #67     SingleChildRenderObjectElement.update (package:flutter/src/widgets/framework.dart:7122)
I/flutter (13804): #68     Element.updateChild (package:flutter/src/widgets/framework.dart:4037)
I/flutter (13804): #69     ComponentElement.performRebuild (package:flutter/src/widgets/framework.dart:5841)
I/flutter (13804): #70     StatefulElement.performRebuild (package:flutter/src/widgets/framework.dart:5982)
I/flutter (13804): #71     Element.rebuild (package:flutter/src/widgets/framework.dart:5529)
I/flutter (13804): #72     StatefulElement.update (package:flutter/src/widgets/framework.dart:6007)
I/flutter (13804): #73     Element.updateChild (package:flutter/src/widgets/framework.dart:4037)
I/flutter (13804): #74     ComponentElement.performRebuild (package:flutter/src/widgets/framework.dart:5841)
I/flutter (13804): #75     Element.rebuild (package:flutter/src/widgets/framework.dart:5529)
I/flutter (13804): #76     ProxyElement.update (package:flutter/src/widgets/framework.dart:6149)
I/flutter (13804): #77     Element.updateChild (package:flutter/src/widgets/framework.dart:4037)
I/flutter (13804): #78     ComponentElement.performRebuild (package:flutter/src/widgets/framework.dart:5841)
I/flutter (13804): #79     Element.rebuild (package:flutter/src/widgets/framework.dart:5529)
I/flutter (13804): #80     ProxyElement.update (package:flutter/src/widgets/framework.dart:6149)
I/flutter (13804): #81     Element.updateChild (package:flutter/src/widgets/framework.dart:4037)
I/flutter (13804): #82     ComponentElement.performRebuild (package:flutter/src/widgets/framework.dart:5841)
I/flutter (13804): #83     StatefulElement.performRebuild (package:flutter/src/widgets/framework.dart:5982)
I/flutter (13804): #84     Element.rebuild (package:flutter/src/widgets/framework.dart:5529)
I/flutter (13804): #85     StatefulElement.update (package:flutter/src/widgets/framework.dart:6007)
I/flutter (13804): #86     Element.updateChild (package:flutter/src/widgets/framework.dart:4037)
I/flutter (13804): #87     ComponentElement.performRebuild (package:flutter/src/widgets/framework.dart:5841)
I/flutter (13804): #88     Element.rebuild (package:flutter/src/widgets/framework.dart:5529)
I/flutter (13804): #89     StatelessElement.update (package:flutter/src/widgets/framework.dart:5895)
I/flutter (13804): #90     Element.updateChild (package:flutter/src/widgets/framework.dart:4037)
I/flutter (13804): #91     SliverMultiBoxAdaptorElement.updateChild (package:flutter/src/widgets/sliver.dart:1086)
I/flutter (13804): #92     SliverMultiBoxAdaptorElement.performRebuild.processElement (package:flutter/src/widgets/sliver.dart:979)
I/flutter (13804): #93     Iterable.forEach (dart:core/iterable.dart:366)
I/flutter (13804): #94     SliverMultiBoxAdaptorElement.performRebuild (package:flutter/src/widgets/sliver.dart:1032)
I/flutter (13804): #95     SliverMultiBoxAdaptorElement.update (package:flutter/src/widgets/sliver.dart:955)
I/flutter (13804): #96     Element.updateChild (package:flutter/src/widgets/framework.dart:4037)
I/flutter (13804): #97     ComponentElement.performRebuild (package:flutter/src/widgets/framework.dart:5841)
I/flutter (13804): #98     Element.rebuild (package:flutter/src/widgets/framework.dart:5529)
I/flutter (13804): #99     ProxyElement.update (package:flutter/src/widgets/framework.dart:6149)
[spm]: ProfilerData event received.
I/flutter (13804): [SPM:perf] 698a51a  buildSpan: 10814µs
I/flutter (13804): [spm] Performance monitoring completed for 698a51a
I/flutter (13804): type '_Stub' is not a subtype of type 'Color?'
I/flutter (13804): #0      LeagueCard.build (package:benchmark_container/generated_widget.dart:125)
I/flutter (13804): #1      StatelessElement.build (package:flutter/src/widgets/framework.dart:5889)
I/flutter (13804): #2      ComponentElement.performRebuild (package:flutter/src/widgets/framework.dart:5817)
I/flutter (13804): #3      Element.rebuild (package:flutter/src/widgets/framework.dart:5529)
I/flutter (13804): #4      StatelessElement.update (package:flutter/src/widgets/framework.dart:5895)
I/flutter (13804): #5      Element.updateChild (package:flutter/src/widgets/framework.dart:4037)
I/flutter (13804): #6      SingleChildRenderObjectElement.update (package:flutter/src/widgets/framework.dart:7122)
I/flutter (13804): #7      Element.updateChild (package:flutter/src/widgets/framework.dart:4037)
I/flutter (13804): #8      ComponentElement.performRebuild (package:flutter/src/widgets/framework.dart:5841)
I/flutter (13804): #9      StatefulElement.performRebuild (package:flutter/src/widgets/framework.dart:5982)
I/flutter (13804): #10     Element.rebuild (package:flutter/src/widgets/framework.dart:5529)
I/flutter (13804): #11     StatefulElement.update (package:flutter/src/widgets/framework.dart:6007)
I/flutter (13804): #12     Element.updateChild (package:flutter/src/widgets/framework.dart:4037)
I/flutter (13804): #13     ComponentElement.performRebuild (package:flutter/src/widgets/framework.dart:5841)
I/flutter (13804): #14     Element.rebuild (package:flutter/src/widgets/framework.dart:5529)
I/flutter (13804): #15     StatelessElement.update (package:flutter/src/widgets/framework.dart:5895)
I/flutter (13804): #16     Element.updateChild (package:flutter/src/widgets/framework.dart:4037)
I/flutter (13804): #17     SingleChildRenderObjectElement.update (package:flutter/src/widgets/framework.dart:7122)
I/flutter (13804): #18     Element.updateChild (package:flutter/src/widgets/framework.dart:4037)
I/flutter (13804): #19     ComponentElement.performRebuild (package:flutter/src/widgets/framework.dart:5841)
I/flutter (13804): #20     Element.rebuild (package:flutter/src/widgets/framework.dart:5529)
I/flutter (13804): #21     ProxyElement.update (package:flutter/src/widgets/framework.dart:6149)
I/flutter (13804): #22     Element.updateChild (package:flutter/src/widgets/framework.dart:4037)
I/flutter (13804): #23     ComponentElement.performRebuild (package:flutter/src/widgets/framework.dart:5841)
I/flutter (13804): #24     Element.rebuild (package:flutter/src/widgets/framework.dart:5529)
I/flutter (13804): #25     StatelessElement.update (package:flutter/src/widgets/framework.dart:5895)
I/flutter (13804): #26     Element.updateChild (package:flutter/src/widgets/framework.dart:4037)
I/flutter (13804): #27     SingleChildRenderObjectElement.update (package:flutter/src/widgets/framework.dart:7122)
I/flutter (13804): #28     Element.updateChild (package:flutter/src/widgets/framework.dart:4037)
I/flutter (13804): #29     SingleChildRenderObjectElement.update (package:flutter/src/widgets/framework.dart:7122)
I/flutter (13804): #30     Element.updateChild (package:flutter/src/widgets/framework.dart:4037)
I/flutter (13804): #31     ComponentElement.performRebuild (package:flutter/src/widgets/framework.dart:5841)
I/flutter (13804): #32     Element.rebuild (package:flutter/src/widgets/framework.dart:5529)
I/flutter (13804): #33     ProxyElement.update (package:flutter/src/widgets/framework.dart:6149)
I/flutter (13804): #34     _InheritedNotifierElement.update (package:flutter/src/widgets/inherited_notifier.dart:108)
I/flutter (13804): #35     Element.updateChild (package:flutter/src/widgets/framework.dart:4037)
I/flutter (13804): #36     ComponentElement.performRebuild (package:flutter/src/widgets/framework.dart:5841)
I/flutter (13804): #37     StatefulElement.performRebuild (package:flutter/src/widgets/framework.dart:5982)
I/flutter (13804): #38     Element.rebuild (package:flutter/src/widgets/framework.dart:5529)
I/flutter (13804): #39     StatefulElement.update (package:flutter/src/widgets/framework.dart:6007)
I/flutter (13804): #40     Element.updateChild (package:flutter/src/widgets/framework.dart:4037)
I/flutter (13804): #41     ComponentElement.performRebuild (package:flutter/src/widgets/framework.dart:5841)
I/flutter (13804): #42     Element.rebuild (package:flutter/src/widgets/framework.dart:5529)
I/flutter (13804): #43     ProxyElement.update (package:flutter/src/widgets/framework.dart:6149)
I/flutter (13804): #44     Element.updateChild (package:flutter/src/widgets/framework.dart:4037)
I/flutter (13804): #45     ComponentElement.performRebuild (package:flutter/src/widgets/framework.dart:5841)
I/flutter (13804): #46     StatefulElement.performRebuild (package:flutter/src/widgets/framework.dart:5982)
I/flutter (13804): #47     Element.rebuild (package:flutter/src/widgets/framework.dart:5529)
I/flutter (13804): #48     StatefulElement.update (package:flutter/src/widgets/framework.dart:6007)
I/flutter (13804): #49     Element.updateChild (package:flutter/src/widgets/framework.dart:4037)
I/flutter (13804): #50     ComponentElement.performRebuild (package:flutter/src/widgets/framework.dart:5841)
I/flutter (13804): #51     Element.rebuild (package:flutter/src/widgets/framework.dart:5529)
I/flutter (13804): #52     ProxyElement.update (package:flutter/src/widgets/framework.dart:6149)
I/flutter (13804): #53     Element.updateChild (package:flutter/src/widgets/framework.dart:4037)
I/flutter (13804): #54     ComponentElement.performRebuild (package:flutter/src/widgets/framework.dart:5841)
I/flutter (13804): #55     StatefulElement.performRebuild (package:flutter/src/widgets/framework.dart:5982)
I/flutter (13804): #56     Element.rebuild (package:flutter/src/widgets/framework.dart:5529)
I/flutter (13804): #57     StatefulElement.update (package:flutter/src/widgets/framework.dart:6007)
I/flutter (13804): #58     Element.updateChild (package:flutter/src/widgets/framework.dart:4037)
I/flutter (13804): #59     ComponentElement.performRebuild (package:flutter/src/widgets/framework.dart:5841)
I/flutter (13804): #60     Element.rebuild (package:flutter/src/widgets/framework.dart:5529)
I/flutter (13804): #61     StatelessElement.update (package:flutter/src/widgets/framework.dart:5895)
I/flutter (13804): #62     Element.updateChild (package:flutter/src/widgets/framework.dart:4037)
I/flutter (13804): #63     SingleChildRenderObjectElement.update (package:flutter/src/widgets/framework.dart:7122)
I/flutter (13804): #64     Element.updateChild (package:flutter/src/widgets/framework.dart:4037)
I/flutter (13804): #65     SingleChildRenderObjectElement.update (package:flutter/src/widgets/framework.dart:7122)
I/flutter (13804): #66     Element.updateChild (package:flutter/src/widgets/framework.dart:4037)
I/flutter (13804): #67     SingleChildRenderObjectElement.update (package:flutter/src/widgets/framework.dart:7122)
I/flutter (13804): #68     Element.updateChild (package:flutter/src/widgets/framework.dart:4037)
I/flutter (13804): #69     ComponentElement.performRebuild (package:flutter/src/widgets/framework.dart:5841)
I/flutter (13804): #70     StatefulElement.performRebuild (package:flutter/src/widgets/framework.dart:5982)
I/flutter (13804): #71     Element.rebuild (package:flutter/src/widgets/framework.dart:5529)
I/flutter (13804): #72     StatefulElement.update (package:flutter/src/widgets/framework.dart:6007)
I/flutter (13804): #73     Element.updateChild (package:flutter/src/widgets/framework.dart:4037)
I/flutter (13804): #74     ComponentElement.performRebuild (package:flutter/src/widgets/framework.dart:5841)
I/flutter (13804): #75     Element.rebuild (package:flutter/src/widgets/framework.dart:5529)
I/flutter (13804): #76     ProxyElement.update (package:flutter/src/widgets/framework.dart:6149)
I/flutter (13804): #77     Element.updateChild (package:flutter/src/widgets/framework.dart:4037)
I/flutter (13804): #78     ComponentElement.performRebuild (package:flutter/src/widgets/framework.dart:5841)
I/flutter (13804): #79     Element.rebuild (package:flutter/src/widgets/framework.dart:5529)
I/flutter (13804): #80     ProxyElement.update (package:flutter/src/widgets/framework.dart:6149)
I/flutter (13804): #81     Element.updateChild (package:flutter/src/widgets/framework.dart:4037)
I/flutter (13804): #82     ComponentElement.performRebuild (package:flutter/src/widgets/framework.dart:5841)
I/flutter (13804): #83     StatefulElement.performRebuild (package:flutter/src/widgets/framework.dart:5982)
I/flutter (13804): #84     Element.rebuild (package:flutter/src/widgets/framework.dart:5529)
I/flutter (13804): #85     StatefulElement.update (package:flutter/src/widgets/framework.dart:6007)
I/flutter (13804): #86     Element.updateChild (package:flutter/src/widgets/framework.dart:4037)
I/flutter (13804): #87     ComponentElement.performRebuild (package:flutter/src/widgets/framework.dart:5841)
I/flutter (13804): #88     Element.rebuild (package:flutter/src/widgets/framework.dart:5529)
I/flutter (13804): #89     StatelessElement.update (package:flutter/src/widgets/framework.dart:5895)
I/flutter (13804): #90     Element.updateChild (package:flutter/src/widgets/framework.dart:4037)
I/flutter (13804): #91     SliverMultiBoxAdaptorElement.updateChild (package:flutter/src/widgets/sliver.dart:1086)
I/flutter (13804): #92     SliverMultiBoxAdaptorElement.performRebuild.processElement (package:flutter/src/widgets/sliver.dart:979)
I/flutter (13804): #93     Iterable.forEach (dart:core/iterable.dart:366)
I/flutter (13804): #94     SliverMultiBoxAdaptorElement.performRebuild (package:flutter/src/widgets/sliver.dart:1032)
I/flutter (13804): #95     SliverMultiBoxAdaptorElement.update (package:flutter/src/widgets/sliver.dart:955)
I/flutter (13804): #96     Element.updateChild (package:flutter/src/widgets/framework.dart:4037)
I/flutter (13804): #97     ComponentElement.performRebuild (package:flutter/src/widgets/framework.dart:5841)
I/flutter (13804): #98     Element.rebuild (package:flutter/src/widgets/framework.dart:5529)
I/flutter (13804): #99     ProxyElement.update (package:flutter/src/widgets/framework.dart:6149)
[spm]: ProfilerData event received.
I/flutter (13804): [SPM:perf] 698a51a  buildSpan: 9943µs
I/flutter (13804): [spm] Performance monitoring completed for 698a51a
I/flutter (13804): type '_Stub' is not a subtype of type 'Color?'
I/flutter (13804): #0      LeagueCard.build (package:benchmark_container/generated_widget.dart:125)
I/flutter (13804): #1      StatelessElement.build (package:flutter/src/widgets/framework.dart:5889)
I/flutter (13804): #2      ComponentElement.performRebuild (package:flutter/src/widgets/framework.dart:5817)
I/flutter (13804): #3      Element.rebuild (package:flutter/src/widgets/framework.dart:5529)
I/flutter (13804): #4      StatelessElement.update (package:flutter/src/widgets/framework.dart:5895)
I/flutter (13804): #5      Element.updateChild (package:flutter/src/widgets/framework.dart:4037)
I/flutter (13804): #6      SingleChildRenderObjectElement.update (package:flutter/src/widgets/framework.dart:7122)
I/flutter (13804): #7      Element.updateChild (package:flutter/src/widgets/framework.dart:4037)
I/flutter (13804): #8      ComponentElement.performRebuild (package:flutter/src/widgets/framework.dart:5841)
I/flutter (13804): #9      StatefulElement.performRebuild (package:flutter/src/widgets/framework.dart:5982)
I/flutter (13804): #10     Element.rebuild (package:flutter/src/widgets/framework.dart:5529)
I/flutter (13804): #11     StatefulElement.update (package:flutter/src/widgets/framework.dart:6007)
I/flutter (13804): #12     Element.updateChild (package:flutter/src/widgets/framework.dart:4037)
I/flutter (13804): #13     ComponentElement.performRebuild (package:flutter/src/widgets/framework.dart:5841)
I/flutter (13804): #14     Element.rebuild (package:flutter/src/widgets/framework.dart:5529)
I/flutter (13804): #15     StatelessElement.update (package:flutter/src/widgets/framework.dart:5895)
I/flutter (13804): #16     Element.updateChild (package:flutter/src/widgets/framework.dart:4037)
I/flutter (13804): #17     SingleChildRenderObjectElement.update (package:flutter/src/widgets/framework.dart:7122)
I/flutter (13804): #18     Element.updateChild (package:flutter/src/widgets/framework.dart:4037)
I/flutter (13804): #19     ComponentElement.performRebuild (package:flutter/src/widgets/framework.dart:5841)
I/flutter (13804): #20     Element.rebuild (package:flutter/src/widgets/framework.dart:5529)
I/flutter (13804): #21     ProxyElement.update (package:flutter/src/widgets/framework.dart:6149)
I/flutter (13804): #22     Element.updateChild (package:flutter/src/widgets/framework.dart:4037)
I/flutter (13804): #23     ComponentElement.performRebuild (package:flutter/src/widgets/framework.dart:5841)
I/flutter (13804): #24     Element.rebuild (package:flutter/src/widgets/framework.dart:5529)
I/flutter (13804): #25     StatelessElement.update (package:flutter/src/widgets/framework.dart:5895)
I/flutter (13804): #26     Element.updateChild (package:flutter/src/widgets/framework.dart:4037)
I/flutter (13804): #27     SingleChildRenderObjectElement.update (package:flutter/src/widgets/framework.dart:7122)
I/flutter (13804): #28     Element.updateChild (package:flutter/src/widgets/framework.dart:4037)
I/flutter (13804): #29     SingleChildRenderObjectElement.update (package:flutter/src/widgets/framework.dart:7122)
I/flutter (13804): #30     Element.updateChild (package:flutter/src/widgets/framework.dart:4037)
I/flutter (13804): #31     ComponentElement.performRebuild (package:flutter/src/widgets/framework.dart:5841)
I/flutter (13804): #32     Element.rebuild (package:flutter/src/widgets/framework.dart:5529)
I/flutter (13804): #33     ProxyElement.update (package:flutter/src/widgets/framework.dart:6149)
I/flutter (13804): #34     _InheritedNotifierElement.update (package:flutter/src/widgets/inherited_notifier.dart:108)
I/flutter (13804): #35     Element.updateChild (package:flutter/src/widgets/framework.dart:4037)
I/flutter (13804): #36     ComponentElement.performRebuild (package:flutter/src/widgets/framework.dart:5841)
I/flutter (13804): #37     StatefulElement.performRebuild (package:flutter/src/widgets/framework.dart:5982)
I/flutter (13804): #38     Element.rebuild (package:flutter/src/widgets/framework.dart:5529)
I/flutter (13804): #39     StatefulElement.update (package:flutter/src/widgets/framework.dart:6007)
I/flutter (13804): #40     Element.updateChild (package:flutter/src/widgets/framework.dart:4037)
I/flutter (13804): #41     ComponentElement.performRebuild (package:flutter/src/widgets/framework.dart:5841)
I/flutter (13804): #42     Element.rebuild (package:flutter/src/widgets/framework.dart:5529)
I/flutter (13804): #43     ProxyElement.update (package:flutter/src/widgets/framework.dart:6149)
I/flutter (13804): #44     Element.updateChild (package:flutter/src/widgets/framework.dart:4037)
I/flutter (13804): #45     ComponentElement.performRebuild (package:flutter/src/widgets/framework.dart:5841)
I/flutter (13804): #46     StatefulElement.performRebuild (package:flutter/src/widgets/framework.dart:5982)
I/flutter (13804): #47     Element.rebuild (package:flutter/src/widgets/framework.dart:5529)
I/flutter (13804): #48     StatefulElement.update (package:flutter/src/widgets/framework.dart:6007)
I/flutter (13804): #49     Element.updateChild (package:flutter/src/widgets/framework.dart:4037)
I/flutter (13804): #50     ComponentElement.performRebuild (package:flutter/src/widgets/framework.dart:5841)
I/flutter (13804): #51     Element.rebuild (package:flutter/src/widgets/framework.dart:5529)
I/flutter (13804): #52     ProxyElement.update (package:flutter/src/widgets/framework.dart:6149)
I/flutter (13804): #53     Element.updateChild (package:flutter/src/widgets/framework.dart:4037)
I/flutter (13804): #54     ComponentElement.performRebuild (package:flutter/src/widgets/framework.dart:5841)
I/flutter (13804): #55     StatefulElement.performRebuild (package:flutter/src/widgets/framework.dart:5982)
I/flutter (13804): #56     Element.rebuild (package:flutter/src/widgets/framework.dart:5529)
I/flutter (13804): #57     StatefulElement.update (package:flutter/src/widgets/framework.dart:6007)
I/flutter (13804): #58     Element.updateChild (package:flutter/src/widgets/framework.dart:4037)
I/flutter (13804): #59     ComponentElement.performRebuild (package:flutter/src/widgets/framework.dart:5841)
I/flutter (13804): #60     Element.rebuild (package:flutter/src/widgets/framework.dart:5529)
I/flutter (13804): #61     StatelessElement.update (package:flutter/src/widgets/framework.dart:5895)
I/flutter (13804): #62     Element.updateChild (package:flutter/src/widgets/framework.dart:4037)
I/flutter (13804): #63     SingleChildRenderObjectElement.update (package:flutter/src/widgets/framework.dart:7122)
I/flutter (13804): #64     Element.updateChild (package:flutter/src/widgets/framework.dart:4037)
I/flutter (13804): #65     SingleChildRenderObjectElement.update (package:flutter/src/widgets/framework.dart:7122)
I/flutter (13804): #66     Element.updateChild (package:flutter/src/widgets/framework.dart:4037)
I/flutter (13804): #67     SingleChildRenderObjectElement.update (package:flutter/src/widgets/framework.dart:7122)
I/flutter (13804): #68     Element.updateChild (package:flutter/src/widgets/framework.dart:4037)
I/flutter (13804): #69     ComponentElement.performRebuild (package:flutter/src/widgets/framework.dart:5841)
I/flutter (13804): #70     StatefulElement.performRebuild (package:flutter/src/widgets/framework.dart:5982)
I/flutter (13804): #71     Element.rebuild (package:flutter/src/widgets/framework.dart:5529)
I/flutter (13804): #72     StatefulElement.update (package:flutter/src/widgets/framework.dart:6007)
I/flutter (13804): #73     Element.updateChild (package:flutter/src/widgets/framework.dart:4037)
I/flutter (13804): #74     ComponentElement.performRebuild (package:flutter/src/widgets/framework.dart:5841)
I/flutter (13804): #75     Element.rebuild (package:flutter/src/widgets/framework.dart:5529)
I/flutter (13804): #76     ProxyElement.update (package:flutter/src/widgets/framework.dart:6149)
I/flutter (13804): #77     Element.updateChild (package:flutter/src/widgets/framework.dart:4037)
I/flutter (13804): #78     ComponentElement.performRebuild (package:flutter/src/widgets/framework.dart:5841)
I/flutter (13804): #79     Element.rebuild (package:flutter/src/widgets/framework.dart:5529)
I/flutter (13804): #80     ProxyElement.update (package:flutter/src/widgets/framework.dart:6149)
I/flutter (13804): #81     Element.updateChild (package:flutter/src/widgets/framework.dart:4037)
I/flutter (13804): #82     ComponentElement.performRebuild (package:flutter/src/widgets/framework.dart:5841)
I/flutter (13804): #83     StatefulElement.performRebuild (package:flutter/src/widgets/framework.dart:5982)
I/flutter (13804): #84     Element.rebuild (package:flutter/src/widgets/framework.dart:5529)
I/flutter (13804): #85     StatefulElement.update (package:flutter/src/widgets/framework.dart:6007)
I/flutter (13804): #86     Element.updateChild (package:flutter/src/widgets/framework.dart:4037)
I/flutter (13804): #87     ComponentElement.performRebuild (package:flutter/src/widgets/framework.dart:5841)
I/flutter (13804): #88     Element.rebuild (package:flutter/src/widgets/framework.dart:5529)
I/flutter (13804): #89     StatelessElement.update (package:flutter/src/widgets/framework.dart:5895)
I/flutter (13804): #90     Element.updateChild (package:flutter/src/widgets/framework.dart:4037)
I/flutter (13804): #91     SliverMultiBoxAdaptorElement.updateChild (package:flutter/src/widgets/sliver.dart:1086)
I/flutter (13804): #92     SliverMultiBoxAdaptorElement.performRebuild.processElement (package:flutter/src/widgets/sliver.dart:979)
I/flutter (13804): #93     Iterable.forEach (dart:core/iterable.dart:366)
I/flutter (13804): #94     SliverMultiBoxAdaptorElement.performRebuild (package:flutter/src/widgets/sliver.dart:1032)
I/flutter (13804): #95     SliverMultiBoxAdaptorElement.update (package:flutter/src/widgets/sliver.dart:955)
I/flutter (13804): #96     Element.updateChild (package:flutter/src/widgets/framework.dart:4037)
I/flutter (13804): #97     ComponentElement.performRebuild (package:flutter/src/widgets/framework.dart:5841)
I/flutter (13804): #98     Element.rebuild (package:flutter/src/widgets/framework.dart:5529)
I/flutter (13804): #99     ProxyElement.update (package:flutter/src/widgets/framework.dart:6149)
[spm]: ProfilerData event received.
I/flutter (13804): [SPM:perf] 698a51a  buildSpan: 11124µs
I/flutter (13804): [spm] Performance monitoring completed for 698a51a
I/flutter (13804): type '_Stub' is not a subtype of type 'Color?'
I/flutter (13804): #0      LeagueCard.build (package:benchmark_container/generated_widget.dart:125)
I/flutter (13804): #1      StatelessElement.build (package:flutter/src/widgets/framework.dart:5889)
I/flutter (13804): #2      ComponentElement.performRebuild (package:flutter/src/widgets/framework.dart:5817)
I/flutter (13804): #3      Element.rebuild (package:flutter/src/widgets/framework.dart:5529)
I/flutter (13804): #4      StatelessElement.update (package:flutter/src/widgets/framework.dart:5895)
I/flutter (13804): #5      Element.updateChild (package:flutter/src/widgets/framework.dart:4037)
I/flutter (13804): #6      SingleChildRenderObjectElement.update (package:flutter/src/widgets/framework.dart:7122)
I/flutter (13804): #7      Element.updateChild (package:flutter/src/widgets/framework.dart:4037)
I/flutter (13804): #8      ComponentElement.performRebuild (package:flutter/src/widgets/framework.dart:5841)
I/flutter (13804): #9      StatefulElement.performRebuild (package:flutter/src/widgets/framework.dart:5982)
I/flutter (13804): #10     Element.rebuild (package:flutter/src/widgets/framework.dart:5529)
I/flutter (13804): #11     StatefulElement.update (package:flutter/src/widgets/framework.dart:6007)
I/flutter (13804): #12     Element.updateChild (package:flutter/src/widgets/framework.dart:4037)
I/flutter (13804): #13     ComponentElement.performRebuild (package:flutter/src/widgets/framework.dart:5841)
I/flutter (13804): #14     Element.rebuild (package:flutter/src/widgets/framework.dart:5529)
I/flutter (13804): #15     StatelessElement.update (package:flutter/src/widgets/framework.dart:5895)
I/flutter (13804): #16     Element.updateChild (package:flutter/src/widgets/framework.dart:4037)
I/flutter (13804): #17     SingleChildRenderObjectElement.update (package:flutter/src/widgets/framework.dart:7122)
I/flutter (13804): #18     Element.updateChild (package:flutter/src/widgets/framework.dart:4037)
I/flutter (13804): #19     ComponentElement.performRebuild (package:flutter/src/widgets/framework.dart:5841)
I/flutter (13804): #20     Element.rebuild (package:flutter/src/widgets/framework.dart:5529)
I/flutter (13804): #21     ProxyElement.update (package:flutter/src/widgets/framework.dart:6149)
I/flutter (13804): #22     Element.updateChild (package:flutter/src/widgets/framework.dart:4037)
I/flutter (13804): #23     ComponentElement.performRebuild (package:flutter/src/widgets/framework.dart:5841)
I/flutter (13804): #24     Element.rebuild (package:flutter/src/widgets/framework.dart:5529)
I/flutter (13804): #25     StatelessElement.update (package:flutter/src/widgets/framework.dart:5895)
I/flutter (13804): #26     Element.updateChild (package:flutter/src/widgets/framework.dart:4037)
I/flutter (13804): #27     SingleChildRenderObjectElement.update (package:flutter/src/widgets/framework.dart:7122)
I/flutter (13804): #28     Element.updateChild (package:flutter/src/widgets/framework.dart:4037)
I/flutter (13804): #29     SingleChildRenderObjectElement.update (package:flutter/src/widgets/framework.dart:7122)
I/flutter (13804): #30     Element.updateChild (package:flutter/src/widgets/framework.dart:4037)
I/flutter (13804): #31     ComponentElement.performRebuild (package:flutter/src/widgets/framework.dart:5841)
I/flutter (13804): #32     Element.rebuild (package:flutter/src/widgets/framework.dart:5529)
I/flutter (13804): #33     ProxyElement.update (package:flutter/src/widgets/framework.dart:6149)
I/flutter (13804): #34     _InheritedNotifierElement.update (package:flutter/src/widgets/inherited_notifier.dart:108)
I/flutter (13804): #35     Element.updateChild (package:flutter/src/widgets/framework.dart:4037)
I/flutter (13804): #36     ComponentElement.performRebuild (package:flutter/src/widgets/framework.dart:5841)
I/flutter (13804): #37     StatefulElement.performRebuild (package:flutter/src/widgets/framework.dart:5982)
I/flutter (13804): #38     Element.rebuild (package:flutter/src/widgets/framework.dart:5529)
I/flutter (13804): #39     StatefulElement.update (package:flutter/src/widgets/framework.dart:6007)
I/flutter (13804): #40     Element.updateChild (package:flutter/src/widgets/framework.dart:4037)
I/flutter (13804): #41     ComponentElement.performRebuild (package:flutter/src/widgets/framework.dart:5841)
I/flutter (13804): #42     Element.rebuild (package:flutter/src/widgets/framework.dart:5529)
I/flutter (13804): #43     ProxyElement.update (package:flutter/src/widgets/framework.dart:6149)
I/flutter (13804): #44     Element.updateChild (package:flutter/src/widgets/framework.dart:4037)
I/flutter (13804): #45     ComponentElement.performRebuild (package:flutter/src/widgets/framework.dart:5841)
I/flutter (13804): #46     StatefulElement.performRebuild (package:flutter/src/widgets/framework.dart:5982)
I/flutter (13804): #47     Element.rebuild (package:flutter/src/widgets/framework.dart:5529)
I/flutter (13804): #48     StatefulElement.update (package:flutter/src/widgets/framework.dart:6007)
I/flutter (13804): #49     Element.updateChild (package:flutter/src/widgets/framework.dart:4037)
I/flutter (13804): #50     ComponentElement.performRebuild (package:flutter/src/widgets/framework.dart:5841)
I/flutter (13804): #51     Element.rebuild (package:flutter/src/widgets/framework.dart:5529)
I/flutter (13804): #52     ProxyElement.update (package:flutter/src/widgets/framework.dart:6149)
I/flutter (13804): #53     Element.updateChild (package:flutter/src/widgets/framework.dart:4037)
I/flutter (13804): #54     ComponentElement.performRebuild (package:flutter/src/widgets/framework.dart:5841)
I/flutter (13804): #55     StatefulElement.performRebuild (package:flutter/src/widgets/framework.dart:5982)
I/flutter (13804): #56     Element.rebuild (package:flutter/src/widgets/framework.dart:5529)
I/flutter (13804): #57     StatefulElement.update (package:flutter/src/widgets/framework.dart:6007)
I/flutter (13804): #58     Element.updateChild (package:flutter/src/widgets/framework.dart:4037)
I/flutter (13804): #59     ComponentElement.performRebuild (package:flutter/src/widgets/framework.dart:5841)
I/flutter (13804): #60     Element.rebuild (package:flutter/src/widgets/framework.dart:5529)
I/flutter (13804): #61     StatelessElement.update (package:flutter/src/widgets/framework.dart:5895)
I/flutter (13804): #62     Element.updateChild (package:flutter/src/widgets/framework.dart:4037)
I/flutter (13804): #63     SingleChildRenderObjectElement.update (package:flutter/src/widgets/framework.dart:7122)
I/flutter (13804): #64     Element.updateChild (package:flutter/src/widgets/framework.dart:4037)
I/flutter (13804): #65     SingleChildRenderObjectElement.update (package:flutter/src/widgets/framework.dart:7122)
I/flutter (13804): #66     Element.updateChild (package:flutter/src/widgets/framework.dart:4037)
I/flutter (13804): #67     SingleChildRenderObjectElement.update (package:flutter/src/widgets/framework.dart:7122)
I/flutter (13804): #68     Element.updateChild (package:flutter/src/widgets/framework.dart:4037)
I/flutter (13804): #69     ComponentElement.performRebuild (package:flutter/src/widgets/framework.dart:5841)
I/flutter (13804): #70     StatefulElement.performRebuild (package:flutter/src/widgets/framework.dart:5982)
I/flutter (13804): #71     Element.rebuild (package:flutter/src/widgets/framework.dart:5529)
I/flutter (13804): #72     StatefulElement.update (package:flutter/src/widgets/framework.dart:6007)
I/flutter (13804): #73     Element.updateChild (package:flutter/src/widgets/framework.dart:4037)
I/flutter (13804): #74     ComponentElement.performRebuild (package:flutter/src/widgets/framework.dart:5841)
I/flutter (13804): #75     Element.rebuild (package:flutter/src/widgets/framework.dart:5529)
I/flutter (13804): #76     ProxyElement.update (package:flutter/src/widgets/framework.dart:6149)
I/flutter (13804): #77     Element.updateChild (package:flutter/src/widgets/framework.dart:4037)
I/flutter (13804): #78     ComponentElement.performRebuild (package:flutter/src/widgets/framework.dart:5841)
I/flutter (13804): #79     Element.rebuild (package:flutter/src/widgets/framework.dart:5529)
I/flutter (13804): #80     ProxyElement.update (package:flutter/src/widgets/framework.dart:6149)
I/flutter (13804): #81     Element.updateChild (package:flutter/src/widgets/framework.dart:4037)
I/flutter (13804): #82     ComponentElement.performRebuild (package:flutter/src/widgets/framework.dart:5841)
I/flutter (13804): #83     StatefulElement.performRebuild (package:flutter/src/widgets/framework.dart:5982)
I/flutter (13804): #84     Element.rebuild (package:flutter/src/widgets/framework.dart:5529)
I/flutter (13804): #85     StatefulElement.update (package:flutter/src/widgets/framework.dart:6007)
I/flutter (13804): #86     Element.updateChild (package:flutter/src/widgets/framework.dart:4037)
I/flutter (13804): #87     ComponentElement.performRebuild (package:flutter/src/widgets/framework.dart:5841)
I/flutter (13804): #88     Element.rebuild (package:flutter/src/widgets/framework.dart:5529)
I/flutter (13804): #89     StatelessElement.update (package:flutter/src/widgets/framework.dart:5895)
I/flutter (13804): #90     Element.updateChild (package:flutter/src/widgets/framework.dart:4037)
I/flutter (13804): #91     SliverMultiBoxAdaptorElement.updateChild (package:flutter/src/widgets/sliver.dart:1086)
I/flutter (13804): #92     SliverMultiBoxAdaptorElement.performRebuild.processElement (package:flutter/src/widgets/sliver.dart:979)
I/flutter (13804): #93     Iterable.forEach (dart:core/iterable.dart:366)
I/flutter (13804): #94     SliverMultiBoxAdaptorElement.performRebuild (package:flutter/src/widgets/sliver.dart:1032)
I/flutter (13804): #95     SliverMultiBoxAdaptorElement.update (package:flutter/src/widgets/sliver.dart:955)
I/flutter (13804): #96     Element.updateChild (package:flutter/src/widgets/framework.dart:4037)
I/flutter (13804): #97     ComponentElement.performRebuild (package:flutter/src/widgets/framework.dart:5841)
I/flutter (13804): #98     Element.rebuild (package:flutter/src/widgets/framework.dart:5529)
I/flutter (13804): #99     ProxyElement.update (package:flutter/src/widgets/framework.dart:6149)
[spm]: ProfilerData event received.
I/flutter (13804): [SPM:perf] 698a51a  buildSpan: 10178µs
I/flutter (13804): [spm] Performance monitoring completed for 698a51a
I/flutter (13804): type '_Stub' is not a subtype of type 'Color?'
I/flutter (13804): #0      LeagueCard.build (package:benchmark_container/generated_widget.dart:125)
I/flutter (13804): #1      StatelessElement.build (package:flutter/src/widgets/framework.dart:5889)
I/flutter (13804): #2      ComponentElement.performRebuild (package:flutter/src/widgets/framework.dart:5817)
I/flutter (13804): #3      Element.rebuild (package:flutter/src/widgets/framework.dart:5529)
I/flutter (13804): #4      StatelessElement.update (package:flutter/src/widgets/framework.dart:5895)
I/flutter (13804): #5      Element.updateChild (package:flutter/src/widgets/framework.dart:4037)
I/flutter (13804): #6      SingleChildRenderObjectElement.update (package:flutter/src/widgets/framework.dart:7122)
I/flutter (13804): #7      Element.updateChild (package:flutter/src/widgets/framework.dart:4037)
I/flutter (13804): #8      ComponentElement.performRebuild (package:flutter/src/widgets/framework.dart:5841)
I/flutter (13804): #9      StatefulElement.performRebuild (package:flutter/src/widgets/framework.dart:5982)
I/flutter (13804): #10     Element.rebuild (package:flutter/src/widgets/framework.dart:5529)
I/flutter (13804): #11     StatefulElement.update (package:flutter/src/widgets/framework.dart:6007)
I/flutter (13804): #12     Element.updateChild (package:flutter/src/widgets/framework.dart:4037)
I/flutter (13804): #13     ComponentElement.performRebuild (package:flutter/src/widgets/framework.dart:5841)
I/flutter (13804): #14     Element.rebuild (package:flutter/src/widgets/framework.dart:5529)
I/flutter (13804): #15     StatelessElement.update (package:flutter/src/widgets/framework.dart:5895)
I/flutter (13804): #16     Element.updateChild (package:flutter/src/widgets/framework.dart:4037)
I/flutter (13804): #17     SingleChildRenderObjectElement.update (package:flutter/src/widgets/framework.dart:7122)
I/flutter (13804): #18     Element.updateChild (package:flutter/src/widgets/framework.dart:4037)
I/flutter (13804): #19     ComponentElement.performRebuild (package:flutter/src/widgets/framework.dart:5841)
I/flutter (13804): #20     Element.rebuild (package:flutter/src/widgets/framework.dart:5529)
I/flutter (13804): #21     ProxyElement.update (package:flutter/src/widgets/framework.dart:6149)
I/flutter (13804): #22     Element.updateChild (package:flutter/src/widgets/framework.dart:4037)
I/flutter (13804): #23     ComponentElement.performRebuild (package:flutter/src/widgets/framework.dart:5841)
I/flutter (13804): #24     Element.rebuild (package:flutter/src/widgets/framework.dart:5529)
I/flutter (13804): #25     StatelessElement.update (package:flutter/src/widgets/framework.dart:5895)
I/flutter (13804): #26     Element.updateChild (package:flutter/src/widgets/framework.dart:4037)
I/flutter (13804): #27     SingleChildRenderObjectElement.update (package:flutter/src/widgets/framework.dart:7122)
I/flutter (13804): #28     Element.updateChild (package:flutter/src/widgets/framework.dart:4037)
I/flutter (13804): #29     SingleChildRenderObjectElement.update (package:flutter/src/widgets/framework.dart:7122)
I/flutter (13804): #30     Element.updateChild (package:flutter/src/widgets/framework.dart:4037)
I/flutter (13804): #31     ComponentElement.performRebuild (package:flutter/src/widgets/framework.dart:5841)
I/flutter (13804): #32     Element.rebuild (package:flutter/src/widgets/framework.dart:5529)
I/flutter (13804): #33     ProxyElement.update (package:flutter/src/widgets/framework.dart:6149)
I/flutter (13804): #34     _InheritedNotifierElement.update (package:flutter/src/widgets/inherited_notifier.dart:108)
I/flutter (13804): #35     Element.updateChild (package:flutter/src/widgets/framework.dart:4037)
I/flutter (13804): #36     ComponentElement.performRebuild (package:flutter/src/widgets/framework.dart:5841)
I/flutter (13804): #37     StatefulElement.performRebuild (package:flutter/src/widgets/framework.dart:5982)
I/flutter (13804): #38     Element.rebuild (package:flutter/src/widgets/framework.dart:5529)
I/flutter (13804): #39     StatefulElement.update (package:flutter/src/widgets/framework.dart:6007)
I/flutter (13804): #40     Element.updateChild (package:flutter/src/widgets/framework.dart:4037)
I/flutter (13804): #41     ComponentElement.performRebuild (package:flutter/src/widgets/framework.dart:5841)
I/flutter (13804): #42     Element.rebuild (package:flutter/src/widgets/framework.dart:5529)
I/flutter (13804): #43     ProxyElement.update (package:flutter/src/widgets/framework.dart:6149)
I/flutter (13804): #44     Element.updateChild (package:flutter/src/widgets/framework.dart:4037)
I/flutter (13804): #45     ComponentElement.performRebuild (package:flutter/src/widgets/framework.dart:5841)
I/flutter (13804): #46     StatefulElement.performRebuild (package:flutter/src/widgets/framework.dart:5982)
I/flutter (13804): #47     Element.rebuild (package:flutter/src/widgets/framework.dart:5529)
I/flutter (13804): #48     StatefulElement.update (package:flutter/src/widgets/framework.dart:6007)
I/flutter (13804): #49     Element.updateChild (package:flutter/src/widgets/framework.dart:4037)
I/flutter (13804): #50     ComponentElement.performRebuild (package:flutter/src/widgets/framework.dart:5841)
I/flutter (13804): #51     Element.rebuild (package:flutter/src/widgets/framework.dart:5529)
I/flutter (13804): #52     ProxyElement.update (package:flutter/src/widgets/framework.dart:6149)
I/flutter (13804): #53     Element.updateChild (package:flutter/src/widgets/framework.dart:4037)
I/flutter (13804): #54     ComponentElement.performRebuild (package:flutter/src/widgets/framework.dart:5841)
I/flutter (13804): #55     StatefulElement.performRebuild (package:flutter/src/widgets/framework.dart:5982)
I/flutter (13804): #56     Element.rebuild (package:flutter/src/widgets/framework.dart:5529)
I/flutter (13804): #57     StatefulElement.update (package:flutter/src/widgets/framework.dart:6007)
I/flutter (13804): #58     Element.updateChild (package:flutter/src/widgets/framework.dart:4037)
I/flutter (13804): #59     ComponentElement.performRebuild (package:flutter/src/widgets/framework.dart:5841)
I/flutter (13804): #60     Element.rebuild (package:flutter/src/widgets/framework.dart:5529)
I/flutter (13804): #61     StatelessElement.update (package:flutter/src/widgets/framework.dart:5895)
I/flutter (13804): #62     Element.updateChild (package:flutter/src/widgets/framework.dart:4037)
I/flutter (13804): #63     SingleChildRenderObjectElement.update (package:flutter/src/widgets/framework.dart:7122)
I/flutter (13804): #64     Element.updateChild (package:flutter/src/widgets/framework.dart:4037)
I/flutter (13804): #65     SingleChildRenderObjectElement.update (package:flutter/src/widgets/framework.dart:7122)
I/flutter (13804): #66     Element.updateChild (package:flutter/src/widgets/framework.dart:4037)
I/flutter (13804): #67     SingleChildRenderObjectElement.update (package:flutter/src/widgets/framework.dart:7122)
I/flutter (13804): #68     Element.updateChild (package:flutter/src/widgets/framework.dart:4037)
I/flutter (13804): #69     ComponentElement.performRebuild (package:flutter/src/widgets/framework.dart:5841)
I/flutter (13804): #70     StatefulElement.performRebuild (package:flutter/src/widgets/framework.dart:5982)
I/flutter (13804): #71     Element.rebuild (package:flutter/src/widgets/framework.dart:5529)
I/flutter (13804): #72     StatefulElement.update (package:flutter/src/widgets/framework.dart:6007)
I/flutter (13804): #73     Element.updateChild (package:flutter/src/widgets/framework.dart:4037)
I/flutter (13804): #74     ComponentElement.performRebuild (package:flutter/src/widgets/framework.dart:5841)
I/flutter (13804): #75     Element.rebuild (package:flutter/src/widgets/framework.dart:5529)
I/flutter (13804): #76     ProxyElement.update (package:flutter/src/widgets/framework.dart:6149)
I/flutter (13804): #77     Element.updateChild (package:flutter/src/widgets/framework.dart:4037)
I/flutter (13804): #78     ComponentElement.performRebuild (package:flutter/src/widgets/framework.dart:5841)
I/flutter (13804): #79     Element.rebuild (package:flutter/src/widgets/framework.dart:5529)
I/flutter (13804): #80     ProxyElement.update (package:flutter/src/widgets/framework.dart:6149)
I/flutter (13804): #81     Element.updateChild (package:flutter/src/widgets/framework.dart:4037)
I/flutter (13804): #82     ComponentElement.performRebuild (package:flutter/src/widgets/framework.dart:5841)
I/flutter (13804): #83     StatefulElement.performRebuild (package:flutter/src/widgets/framework.dart:5982)
I/flutter (13804): #84     Element.rebuild (package:flutter/src/widgets/framework.dart:5529)
I/flutter (13804): #85     StatefulElement.update (package:flutter/src/widgets/framework.dart:6007)
I/flutter (13804): #86     Element.updateChild (package:flutter/src/widgets/framework.dart:4037)
I/flutter (13804): #87     ComponentElement.performRebuild (package:flutter/src/widgets/framework.dart:5841)
I/flutter (13804): #88     Element.rebuild (package:flutter/src/widgets/framework.dart:5529)
I/flutter (13804): #89     StatelessElement.update (package:flutter/src/widgets/framework.dart:5895)
I/flutter (13804): #90     Element.updateChild (package:flutter/src/widgets/framework.dart:4037)
I/flutter (13804): #91     SliverMultiBoxAdaptorElement.updateChild (package:flutter/src/widgets/sliver.dart:1086)
I/flutter (13804): #92     SliverMultiBoxAdaptorElement.performRebuild.processElement (package:flutter/src/widgets/sliver.dart:979)
I/flutter (13804): #93     Iterable.forEach (dart:core/iterable.dart:366)
I/flutter (13804): #94     SliverMultiBoxAdaptorElement.performRebuild (package:flutter/src/widgets/sliver.dart:1032)
I/flutter (13804): #95     SliverMultiBoxAdaptorElement.update (package:flutter/src/widgets/sliver.dart:955)
I/flutter (13804): #96     Element.updateChild (package:flutter/src/widgets/framework.dart:4037)
I/flutter (13804): #97     ComponentElement.performRebuild (package:flutter/src/widgets/framework.dart:5841)
I/flutter (13804): #98     Element.rebuild (package:flutter/src/widgets/framework.dart:5529)
I/flutter (13804): #99     ProxyElement.update (package:flutter/src/widgets/framework.dart:6149)
[spm]: ProfilerData event received.
I/flutter (13804): [SPM:perf] 698a51a  buildSpan: 10911µs
I/flutter (13804): [spm] Performance monitoring completed for 698a51a
I/flutter (13804): type '_Stub' is not a subtype of type 'Color?'
I/flutter (13804): #0      LeagueCard.build (package:benchmark_container/generated_widget.dart:125)
I/flutter (13804): #1      StatelessElement.build (package:flutter/src/widgets/framework.dart:5889)
I/flutter (13804): #2      ComponentElement.performRebuild (package:flutter/src/widgets/framework.dart:5817)
I/flutter (13804): #3      Element.rebuild (package:flutter/src/widgets/framework.dart:5529)
I/flutter (13804): #4      StatelessElement.update (package:flutter/src/widgets/framework.dart:5895)
I/flutter (13804): #5      Element.updateChild (package:flutter/src/widgets/framework.dart:4037)
I/flutter (13804): #6      SingleChildRenderObjectElement.update (package:flutter/src/widgets/framework.dart:7122)
I/flutter (13804): #7      Element.updateChild (package:flutter/src/widgets/framework.dart:4037)
I/flutter (13804): #8      ComponentElement.performRebuild (package:flutter/src/widgets/framework.dart:5841)
I/flutter (13804): #9      StatefulElement.performRebuild (package:flutter/src/widgets/framework.dart:5982)
I/flutter (13804): #10     Element.rebuild (package:flutter/src/widgets/framework.dart:5529)
I/flutter (13804): #11     StatefulElement.update (package:flutter/src/widgets/framework.dart:6007)
I/flutter (13804): #12     Element.updateChild (package:flutter/src/widgets/framework.dart:4037)
I/flutter (13804): #13     ComponentElement.performRebuild (package:flutter/src/widgets/framework.dart:5841)
I/flutter (13804): #14     Element.rebuild (package:flutter/src/widgets/framework.dart:5529)
I/flutter (13804): #15     StatelessElement.update (package:flutter/src/widgets/framework.dart:5895)
I/flutter (13804): #16     Element.updateChild (package:flutter/src/widgets/framework.dart:4037)
I/flutter (13804): #17     SingleChildRenderObjectElement.update (package:flutter/src/widgets/framework.dart:7122)
I/flutter (13804): #18     Element.updateChild (package:flutter/src/widgets/framework.dart:4037)
I/flutter (13804): #19     ComponentElement.performRebuild (package:flutter/src/widgets/framework.dart:5841)
I/flutter (13804): #20     Element.rebuild (package:flutter/src/widgets/framework.dart:5529)
I/flutter (13804): #21     ProxyElement.update (package:flutter/src/widgets/framework.dart:6149)
I/flutter (13804): #22     Element.updateChild (package:flutter/src/widgets/framework.dart:4037)
I/flutter (13804): #23     ComponentElement.performRebuild (package:flutter/src/widgets/framework.dart:5841)
I/flutter (13804): #24     Element.rebuild (package:flutter/src/widgets/framework.dart:5529)
I/flutter (13804): #25     StatelessElement.update (package:flutter/src/widgets/framework.dart:5895)
I/flutter (13804): #26     Element.updateChild (package:flutter/src/widgets/framework.dart:4037)
I/flutter (13804): #27     SingleChildRenderObjectElement.update (package:flutter/src/widgets/framework.dart:7122)
I/flutter (13804): #28     Element.updateChild (package:flutter/src/widgets/framework.dart:4037)
I/flutter (13804): #29     SingleChildRenderObjectElement.update (package:flutter/src/widgets/framework.dart:7122)
I/flutter (13804): #30     Element.updateChild (package:flutter/src/widgets/framework.dart:4037)
I/flutter (13804): #31     ComponentElement.performRebuild (package:flutter/src/widgets/framework.dart:5841)
I/flutter (13804): #32     Element.rebuild (package:flutter/src/widgets/framework.dart:5529)
I/flutter (13804): #33     ProxyElement.update (package:flutter/src/widgets/framework.dart:6149)
I/flutter (13804): #34     _InheritedNotifierElement.update (package:flutter/src/widgets/inherited_notifier.dart:108)
I/flutter (13804): #35     Element.updateChild (package:flutter/src/widgets/framework.dart:4037)
I/flutter (13804): #36     ComponentElement.performRebuild (package:flutter/src/widgets/framework.dart:5841)
I/flutter (13804): #37     StatefulElement.performRebuild (package:flutter/src/widgets/framework.dart:5982)
I/flutter (13804): #38     Element.rebuild (package:flutter/src/widgets/framework.dart:5529)
I/flutter (13804): #39     StatefulElement.update (package:flutter/src/widgets/framework.dart:6007)
I/flutter (13804): #40     Element.updateChild (package:flutter/src/widgets/framework.dart:4037)
I/flutter (13804): #41     ComponentElement.performRebuild (package:flutter/src/widgets/framework.dart:5841)
I/flutter (13804): #42     Element.rebuild (package:flutter/src/widgets/framework.dart:5529)
I/flutter (13804): #43     ProxyElement.update (package:flutter/src/widgets/framework.dart:6149)
I/flutter (13804): #44     Element.updateChild (package:flutter/src/widgets/framework.dart:4037)
I/flutter (13804): #45     ComponentElement.performRebuild (package:flutter/src/widgets/framework.dart:5841)
I/flutter (13804): #46     StatefulElement.performRebuild (package:flutter/src/widgets/framework.dart:5982)
I/flutter (13804): #47     Element.rebuild (package:flutter/src/widgets/framework.dart:5529)
I/flutter (13804): #48     StatefulElement.update (package:flutter/src/widgets/framework.dart:6007)
I/flutter (13804): #49     Element.updateChild (package:flutter/src/widgets/framework.dart:4037)
I/flutter (13804): #50     ComponentElement.performRebuild (package:flutter/src/widgets/framework.dart:5841)
I/flutter (13804): #51     Element.rebuild (package:flutter/src/widgets/framework.dart:5529)
I/flutter (13804): #52     ProxyElement.update (package:flutter/src/widgets/framework.dart:6149)
I/flutter (13804): #53     Element.updateChild (package:flutter/src/widgets/framework.dart:4037)
I/flutter (13804): #54     ComponentElement.performRebuild (package:flutter/src/widgets/framework.dart:5841)
I/flutter (13804): #55     StatefulElement.performRebuild (package:flutter/src/widgets/framework.dart:5982)
I/flutter (13804): #56     Element.rebuild (package:flutter/src/widgets/framework.dart:5529)
I/flutter (13804): #57     StatefulElement.update (package:flutter/src/widgets/framework.dart:6007)
I/flutter (13804): #58     Element.updateChild (package:flutter/src/widgets/framework.dart:4037)
I/flutter (13804): #59     ComponentElement.performRebuild (package:flutter/src/widgets/framework.dart:5841)
I/flutter (13804): #60     Element.rebuild (package:flutter/src/widgets/framework.dart:5529)
I/flutter (13804): #61     StatelessElement.update (package:flutter/src/widgets/framework.dart:5895)
I/flutter (13804): #62     Element.updateChild (package:flutter/src/widgets/framework.dart:4037)
I/flutter (13804): #63     SingleChildRenderObjectElement.update (package:flutter/src/widgets/framework.dart:7122)
I/flutter (13804): #64     Element.updateChild (package:flutter/src/widgets/framework.dart:4037)
I/flutter (13804): #65     SingleChildRenderObjectElement.update (package:flutter/src/widgets/framework.dart:7122)
I/flutter (13804): #66     Element.updateChild (package:flutter/src/widgets/framework.dart:4037)
I/flutter (13804): #67     SingleChildRenderObjectElement.update (package:flutter/src/widgets/framework.dart:7122)
I/flutter (13804): #68     Element.updateChild (package:flutter/src/widgets/framework.dart:4037)
I/flutter (13804): #69     ComponentElement.performRebuild (package:flutter/src/widgets/framework.dart:5841)
I/flutter (13804): #70     StatefulElement.performRebuild (package:flutter/src/widgets/framework.dart:5982)
I/flutter (13804): #71     Element.rebuild (package:flutter/src/widgets/framework.dart:5529)
I/flutter (13804): #72     StatefulElement.update (package:flutter/src/widgets/framework.dart:6007)
I/flutter (13804): #73     Element.updateChild (package:flutter/src/widgets/framework.dart:4037)
I/flutter (13804): #74     ComponentElement.performRebuild (package:flutter/src/widgets/framework.dart:5841)
I/flutter (13804): #75     Element.rebuild (package:flutter/src/widgets/framework.dart:5529)
I/flutter (13804): #76     ProxyElement.update (package:flutter/src/widgets/framework.dart:6149)
I/flutter (13804): #77     Element.updateChild (package:flutter/src/widgets/framework.dart:4037)
I/flutter (13804): #78     ComponentElement.performRebuild (package:flutter/src/widgets/framework.dart:5841)
I/flutter (13804): #79     Element.rebuild (package:flutter/src/widgets/framework.dart:5529)
I/flutter (13804): #80     ProxyElement.update (package:flutter/src/widgets/framework.dart:6149)
I/flutter (13804): #81     Element.updateChild (package:flutter/src/widgets/framework.dart:4037)
I/flutter (13804): #82     ComponentElement.performRebuild (package:flutter/src/widgets/framework.dart:5841)
I/flutter (13804): #83     StatefulElement.performRebuild (package:flutter/src/widgets/framework.dart:5982)
I/flutter (13804): #84     Element.rebuild (package:flutter/src/widgets/framework.dart:5529)
I/flutter (13804): #85     StatefulElement.update (package:flutter/src/widgets/framework.dart:6007)
I/flutter (13804): #86     Element.updateChild (package:flutter/src/widgets/framework.dart:4037)
I/flutter (13804): #87     ComponentElement.performRebuild (package:flutter/src/widgets/framework.dart:5841)
I/flutter (13804): #88     Element.rebuild (package:flutter/src/widgets/framework.dart:5529)
I/flutter (13804): #89     StatelessElement.update (package:flutter/src/widgets/framework.dart:5895)
I/flutter (13804): #90     Element.updateChild (package:flutter/src/widgets/framework.dart:4037)
I/flutter (13804): #91     SliverMultiBoxAdaptorElement.updateChild (package:flutter/src/widgets/sliver.dart:1086)
I/flutter (13804): #92     SliverMultiBoxAdaptorElement.performRebuild.processElement (package:flutter/src/widgets/sliver.dart:979)
I/flutter (13804): #93     Iterable.forEach (dart:core/iterable.dart:366)
I/flutter (13804): #94     SliverMultiBoxAdaptorElement.performRebuild (package:flutter/src/widgets/sliver.dart:1032)
I/flutter (13804): #95     SliverMultiBoxAdaptorElement.update (package:flutter/src/widgets/sliver.dart:955)
I/flutter (13804): #96     Element.updateChild (package:flutter/src/widgets/framework.dart:4037)
I/flutter (13804): #97     ComponentElement.performRebuild (package:flutter/src/widgets/framework.dart:5841)
I/flutter (13804): #98     Element.rebuild (package:flutter/src/widgets/framework.dart:5529)
I/flutter (13804): #99     ProxyElement.update (package:flutter/src/widgets/framework.dart:6149)
I/flutter (13804): [SPM:perf] 698a51a  buildSpan: 10923µs
[spm]: ProfilerData event received.
I/flutter (13804): [spm] Performance monitoring completed for 698a51a
I/flutter (13804): type '_Stub' is not a subtype of type 'Color?'
I/flutter (13804): #0      LeagueCard.build (package:benchmark_container/generated_widget.dart:125)
I/flutter (13804): #1      StatelessElement.build (package:flutter/src/widgets/framework.dart:5889)
I/flutter (13804): #2      ComponentElement.performRebuild (package:flutter/src/widgets/framework.dart:5817)
I/flutter (13804): #3      Element.rebuild (package:flutter/src/widgets/framework.dart:5529)
I/flutter (13804): #4      StatelessElement.update (package:flutter/src/widgets/framework.dart:5895)
I/flutter (13804): #5      Element.updateChild (package:flutter/src/widgets/framework.dart:4037)
I/flutter (13804): #6      SingleChildRenderObjectElement.update (package:flutter/src/widgets/framework.dart:7122)
I/flutter (13804): #7      Element.updateChild (package:flutter/src/widgets/framework.dart:4037)
I/flutter (13804): #8      ComponentElement.performRebuild (package:flutter/src/widgets/framework.dart:5841)
I/flutter (13804): #9      StatefulElement.performRebuild (package:flutter/src/widgets/framework.dart:5982)
I/flutter (13804): #10     Element.rebuild (package:flutter/src/widgets/framework.dart:5529)
I/flutter (13804): #11     StatefulElement.update (package:flutter/src/widgets/framework.dart:6007)
I/flutter (13804): #12     Element.updateChild (package:flutter/src/widgets/framework.dart:4037)
I/flutter (13804): #13     ComponentElement.performRebuild (package:flutter/src/widgets/framework.dart:5841)
I/flutter (13804): #14     Element.rebuild (package:flutter/src/widgets/framework.dart:5529)
I/flutter (13804): #15     StatelessElement.update (package:flutter/src/widgets/framework.dart:5895)
I/flutter (13804): #16     Element.updateChild (package:flutter/src/widgets/framework.dart:4037)
I/flutter (13804): #17     SingleChildRenderObjectElement.update (package:flutter/src/widgets/framework.dart:7122)
I/flutter (13804): #18     Element.updateChild (package:flutter/src/widgets/framework.dart:4037)
I/flutter (13804): #19     ComponentElement.performRebuild (package:flutter/src/widgets/framework.dart:5841)
I/flutter (13804): #20     Element.rebuild (package:flutter/src/widgets/framework.dart:5529)
I/flutter (13804): #21     ProxyElement.update (package:flutter/src/widgets/framework.dart:6149)
I/flutter (13804): #22     Element.updateChild (package:flutter/src/widgets/framework.dart:4037)
I/flutter (13804): #23     ComponentElement.performRebuild (package:flutter/src/widgets/framework.dart:5841)
I/flutter (13804): #24     Element.rebuild (package:flutter/src/widgets/framework.dart:5529)
I/flutter (13804): #25     StatelessElement.update (package:flutter/src/widgets/framework.dart:5895)
I/flutter (13804): #26     Element.updateChild (package:flutter/src/widgets/framework.dart:4037)
I/flutter (13804): #27     SingleChildRenderObjectElement.update (package:flutter/src/widgets/framework.dart:7122)
I/flutter (13804): #28     Element.updateChild (package:flutter/src/widgets/framework.dart:4037)
I/flutter (13804): #29     SingleChildRenderObjectElement.update (package:flutter/src/widgets/framework.dart:7122)
I/flutter (13804): #30     Element.updateChild (package:flutter/src/widgets/framework.dart:4037)
I/flutter (13804): #31     ComponentElement.performRebuild (package:flutter/src/widgets/framework.dart:5841)
I/flutter (13804): #32     Element.rebuild (package:flutter/src/widgets/framework.dart:5529)
I/flutter (13804): #33     ProxyElement.update (package:flutter/src/widgets/framework.dart:6149)
I/flutter (13804): #34     _InheritedNotifierElement.update (package:flutter/src/widgets/inherited_notifier.dart:108)
I/flutter (13804): #35     Element.updateChild (package:flutter/src/widgets/framework.dart:4037)
I/flutter (13804): #36     ComponentElement.performRebuild (package:flutter/src/widgets/framework.dart:5841)
I/flutter (13804): #37     StatefulElement.performRebuild (package:flutter/src/widgets/framework.dart:5982)
I/flutter (13804): #38     Element.rebuild (package:flutter/src/widgets/framework.dart:5529)
I/flutter (13804): #39     StatefulElement.update (package:flutter/src/widgets/framework.dart:6007)
I/flutter (13804): #40     Element.updateChild (package:flutter/src/widgets/framework.dart:4037)
I/flutter (13804): #41     ComponentElement.performRebuild (package:flutter/src/widgets/framework.dart:5841)
I/flutter (13804): #42     Element.rebuild (package:flutter/src/widgets/framework.dart:5529)
I/flutter (13804): #43     ProxyElement.update (package:flutter/src/widgets/framework.dart:6149)
I/flutter (13804): #44     Element.updateChild (package:flutter/src/widgets/framework.dart:4037)
I/flutter (13804): #45     ComponentElement.performRebuild (package:flutter/src/widgets/framework.dart:5841)
I/flutter (13804): #46     StatefulElement.performRebuild (package:flutter/src/widgets/framework.dart:5982)
I/flutter (13804): #47     Element.rebuild (package:flutter/src/widgets/framework.dart:5529)
I/flutter (13804): #48     StatefulElement.update (package:flutter/src/widgets/framework.dart:6007)
I/flutter (13804): #49     Element.updateChild (package:flutter/src/widgets/framework.dart:4037)
I/flutter (13804): #50     ComponentElement.performRebuild (package:flutter/src/widgets/framework.dart:5841)
I/flutter (13804): #51     Element.rebuild (package:flutter/src/widgets/framework.dart:5529)
I/flutter (13804): #52     ProxyElement.update (package:flutter/src/widgets/framework.dart:6149)
I/flutter (13804): #53     Element.updateChild (package:flutter/src/widgets/framework.dart:4037)
I/flutter (13804): #54     ComponentElement.performRebuild (package:flutter/src/widgets/framework.dart:5841)
I/flutter (13804): #55     StatefulElement.performRebuild (package:flutter/src/widgets/framework.dart:5982)
I/flutter (13804): #56     Element.rebuild (package:flutter/src/widgets/framework.dart:5529)
I/flutter (13804): #57     StatefulElement.update (package:flutter/src/widgets/framework.dart:6007)
I/flutter (13804): #58     Element.updateChild (package:flutter/src/widgets/framework.dart:4037)
I/flutter (13804): #59     ComponentElement.performRebuild (package:flutter/src/widgets/framework.dart:5841)
I/flutter (13804): #60     Element.rebuild (package:flutter/src/widgets/framework.dart:5529)
I/flutter (13804): #61     StatelessElement.update (package:flutter/src/widgets/framework.dart:5895)
I/flutter (13804): #62     Element.updateChild (package:flutter/src/widgets/framework.dart:4037)
I/flutter (13804): #63     SingleChildRenderObjectElement.update (package:flutter/src/widgets/framework.dart:7122)
I/flutter (13804): #64     Element.updateChild (package:flutter/src/widgets/framework.dart:4037)
I/flutter (13804): #65     SingleChildRenderObjectElement.update (package:flutter/src/widgets/framework.dart:7122)
I/flutter (13804): #66     Element.updateChild (package:flutter/src/widgets/framework.dart:4037)
I/flutter (13804): #67     SingleChildRenderObjectElement.update (package:flutter/src/widgets/framework.dart:7122)
I/flutter (13804): #68     Element.updateChild (package:flutter/src/widgets/framework.dart:4037)
I/flutter (13804): #69     ComponentElement.performRebuild (package:flutter/src/widgets/framework.dart:5841)
I/flutter (13804): #70     StatefulElement.performRebuild (package:flutter/src/widgets/framework.dart:5982)
I/flutter (13804): #71     Element.rebuild (package:flutter/src/widgets/framework.dart:5529)
I/flutter (13804): #72     StatefulElement.update (package:flutter/src/widgets/framework.dart:6007)
I/flutter (13804): #73     Element.updateChild (package:flutter/src/widgets/framework.dart:4037)
I/flutter (13804): #74     ComponentElement.performRebuild (package:flutter/src/widgets/framework.dart:5841)
I/flutter (13804): #75     Element.rebuild (package:flutter/src/widgets/framework.dart:5529)
I/flutter (13804): #76     ProxyElement.update (package:flutter/src/widgets/framework.dart:6149)
I/flutter (13804): #77     Element.updateChild (package:flutter/src/widgets/framework.dart:4037)
I/flutter (13804): #78     ComponentElement.performRebuild (package:flutter/src/widgets/framework.dart:5841)
I/flutter (13804): #79     Element.rebuild (package:flutter/src/widgets/framework.dart:5529)
I/flutter (13804): #80     ProxyElement.update (package:flutter/src/widgets/framework.dart:6149)
I/flutter (13804): #81     Element.updateChild (package:flutter/src/widgets/framework.dart:4037)
I/flutter (13804): #82     ComponentElement.performRebuild (package:flutter/src/widgets/framework.dart:5841)
I/flutter (13804): #83     StatefulElement.performRebuild (package:flutter/src/widgets/framework.dart:5982)
I/flutter (13804): #84     Element.rebuild (package:flutter/src/widgets/framework.dart:5529)
I/flutter (13804): #85     StatefulElement.update (package:flutter/src/widgets/framework.dart:6007)
I/flutter (13804): #86     Element.updateChild (package:flutter/src/widgets/framework.dart:4037)
I/flutter (13804): #87     ComponentElement.performRebuild (package:flutter/src/widgets/framework.dart:5841)
I/flutter (13804): #88     Element.rebuild (package:flutter/src/widgets/framework.dart:5529)
I/flutter (13804): #89     StatelessElement.update (package:flutter/src/widgets/framework.dart:5895)
I/flutter (13804): #90     Element.updateChild (package:flutter/src/widgets/framework.dart:4037)
I/flutter (13804): #91     SliverMultiBoxAdaptorElement.updateChild (package:flutter/src/widgets/sliver.dart:1086)
I/flutter (13804): #92     SliverMultiBoxAdaptorElement.performRebuild.processElement (package:flutter/src/widgets/sliver.dart:979)
I/flutter (13804): #93     Iterable.forEach (dart:core/iterable.dart:366)
I/flutter (13804): #94     SliverMultiBoxAdaptorElement.performRebuild (package:flutter/src/widgets/sliver.dart:1032)
I/flutter (13804): #95     SliverMultiBoxAdaptorElement.update (package:flutter/src/widgets/sliver.dart:955)
I/flutter (13804): #96     Element.updateChild (package:flutter/src/widgets/framework.dart:4037)
I/flutter (13804): #97     ComponentElement.performRebuild (package:flutter/src/widgets/framework.dart:5841)
I/flutter (13804): #98     Element.rebuild (package:flutter/src/widgets/framework.dart:5529)
I/flutter (13804): #99     ProxyElement.update (package:flutter/src/widgets/framework.dart:6149)
[spm]: ProfilerData event received.
I/flutter (13804): [SPM:perf] 698a51a  buildSpan: 11084µs
I/flutter (13804): [spm] Performance monitoring completed for 698a51a
I/flutter (13804): type '_Stub' is not a subtype of type 'Color?'
I/flutter (13804): #0      LeagueCard.build (package:benchmark_container/generated_widget.dart:125)
I/flutter (13804): #1      StatelessElement.build (package:flutter/src/widgets/framework.dart:5889)
I/flutter (13804): #2      ComponentElement.performRebuild (package:flutter/src/widgets/framework.dart:5817)
I/flutter (13804): #3      Element.rebuild (package:flutter/src/widgets/framework.dart:5529)
I/flutter (13804): #4      StatelessElement.update (package:flutter/src/widgets/framework.dart:5895)
I/flutter (13804): #5      Element.updateChild (package:flutter/src/widgets/framework.dart:4037)
I/flutter (13804): #6      SingleChildRenderObjectElement.update (package:flutter/src/widgets/framework.dart:7122)
I/flutter (13804): #7      Element.updateChild (package:flutter/src/widgets/framework.dart:4037)
I/flutter (13804): #8      ComponentElement.performRebuild (package:flutter/src/widgets/framework.dart:5841)
I/flutter (13804): #9      StatefulElement.performRebuild (package:flutter/src/widgets/framework.dart:5982)
I/flutter (13804): #10     Element.rebuild (package:flutter/src/widgets/framework.dart:5529)
I/flutter (13804): #11     StatefulElement.update (package:flutter/src/widgets/framework.dart:6007)
I/flutter (13804): #12     Element.updateChild (package:flutter/src/widgets/framework.dart:4037)
I/flutter (13804): #13     ComponentElement.performRebuild (package:flutter/src/widgets/framework.dart:5841)
I/flutter (13804): #14     Element.rebuild (package:flutter/src/widgets/framework.dart:5529)
I/flutter (13804): #15     StatelessElement.update (package:flutter/src/widgets/framework.dart:5895)
I/flutter (13804): #16     Element.updateChild (package:flutter/src/widgets/framework.dart:4037)
I/flutter (13804): #17     SingleChildRenderObjectElement.update (package:flutter/src/widgets/framework.dart:7122)
I/flutter (13804): #18     Element.updateChild (package:flutter/src/widgets/framework.dart:4037)
I/flutter (13804): #19     ComponentElement.performRebuild (package:flutter/src/widgets/framework.dart:5841)
I/flutter (13804): #20     Element.rebuild (package:flutter/src/widgets/framework.dart:5529)
I/flutter (13804): #21     ProxyElement.update (package:flutter/src/widgets/framework.dart:6149)
I/flutter (13804): #22     Element.updateChild (package:flutter/src/widgets/framework.dart:4037)
I/flutter (13804): #23     ComponentElement.performRebuild (package:flutter/src/widgets/framework.dart:5841)
I/flutter (13804): #24     Element.rebuild (package:flutter/src/widgets/framework.dart:5529)
I/flutter (13804): #25     StatelessElement.update (package:flutter/src/widgets/framework.dart:5895)
I/flutter (13804): #26     Element.updateChild (package:flutter/src/widgets/framework.dart:4037)
I/flutter (13804): #27     SingleChildRenderObjectElement.update (package:flutter/src/widgets/framework.dart:7122)
I/flutter (13804): #28     Element.updateChild (package:flutter/src/widgets/framework.dart:4037)
I/flutter (13804): #29     SingleChildRenderObjectElement.update (package:flutter/src/widgets/framework.dart:7122)
I/flutter (13804): #30     Element.updateChild (package:flutter/src/widgets/framework.dart:4037)
I/flutter (13804): #31     ComponentElement.performRebuild (package:flutter/src/widgets/framework.dart:5841)
I/flutter (13804): #32     Element.rebuild (package:flutter/src/widgets/framework.dart:5529)
I/flutter (13804): #33     ProxyElement.update (package:flutter/src/widgets/framework.dart:6149)
I/flutter (13804): #34     _InheritedNotifierElement.update (package:flutter/src/widgets/inherited_notifier.dart:108)
I/flutter (13804): #35     Element.updateChild (package:flutter/src/widgets/framework.dart:4037)
I/flutter (13804): #36     ComponentElement.performRebuild (package:flutter/src/widgets/framework.dart:5841)
I/flutter (13804): #37     StatefulElement.performRebuild (package:flutter/src/widgets/framework.dart:5982)
I/flutter (13804): #38     Element.rebuild (package:flutter/src/widgets/framework.dart:5529)
I/flutter (13804): #39     StatefulElement.update (package:flutter/src/widgets/framework.dart:6007)
I/flutter (13804): #40     Element.updateChild (package:flutter/src/widgets/framework.dart:4037)
I/flutter (13804): #41     ComponentElement.performRebuild (package:flutter/src/widgets/framework.dart:5841)
I/flutter (13804): #42     Element.rebuild (package:flutter/src/widgets/framework.dart:5529)
I/flutter (13804): #43     ProxyElement.update (package:flutter/src/widgets/framework.dart:6149)
I/flutter (13804): #44     Element.updateChild (package:flutter/src/widgets/framework.dart:4037)
I/flutter (13804): #45     ComponentElement.performRebuild (package:flutter/src/widgets/framework.dart:5841)
I/flutter (13804): #46     StatefulElement.performRebuild (package:flutter/src/widgets/framework.dart:5982)
I/flutter (13804): #47     Element.rebuild (package:flutter/src/widgets/framework.dart:5529)
I/flutter (13804): #48     StatefulElement.update (package:flutter/src/widgets/framework.dart:6007)
I/flutter (13804): #49     Element.updateChild (package:flutter/src/widgets/framework.dart:4037)
I/flutter (13804): #50     ComponentElement.performRebuild (package:flutter/src/widgets/framework.dart:5841)
I/flutter (13804): #51     Element.rebuild (package:flutter/src/widgets/framework.dart:5529)
I/flutter (13804): #52     ProxyElement.update (package:flutter/src/widgets/framework.dart:6149)
I/flutter (13804): #53     Element.updateChild (package:flutter/src/widgets/framework.dart:4037)
I/flutter (13804): #54     ComponentElement.performRebuild (package:flutter/src/widgets/framework.dart:5841)
I/flutter (13804): #55     StatefulElement.performRebuild (package:flutter/src/widgets/framework.dart:5982)
I/flutter (13804): #56     Element.rebuild (package:flutter/src/widgets/framework.dart:5529)
I/flutter (13804): #57     StatefulElement.update (package:flutter/src/widgets/framework.dart:6007)
I/flutter (13804): #58     Element.updateChild (package:flutter/src/widgets/framework.dart:4037)
I/flutter (13804): #59     ComponentElement.performRebuild (package:flutter/src/widgets/framework.dart:5841)
I/flutter (13804): #60     Element.rebuild (package:flutter/src/widgets/framework.dart:5529)
I/flutter (13804): #61     StatelessElement.update (package:flutter/src/widgets/framework.dart:5895)
I/flutter (13804): #62     Element.updateChild (package:flutter/src/widgets/framework.dart:4037)
I/flutter (13804): #63     SingleChildRenderObjectElement.update (package:flutter/src/widgets/framework.dart:7122)
I/flutter (13804): #64     Element.updateChild (package:flutter/src/widgets/framework.dart:4037)
I/flutter (13804): #65     SingleChildRenderObjectElement.update (package:flutter/src/widgets/framework.dart:7122)
I/flutter (13804): #66     Element.updateChild (package:flutter/src/widgets/framework.dart:4037)
I/flutter (13804): #67     SingleChildRenderObjectElement.update (package:flutter/src/widgets/framework.dart:7122)
I/flutter (13804): #68     Element.updateChild (package:flutter/src/widgets/framework.dart:4037)
I/flutter (13804): #69     ComponentElement.performRebuild (package:flutter/src/widgets/framework.dart:5841)
I/flutter (13804): #70     StatefulElement.performRebuild (package:flutter/src/widgets/framework.dart:5982)
I/flutter (13804): #71     Element.rebuild (package:flutter/src/widgets/framework.dart:5529)
I/flutter (13804): #72     StatefulElement.update (package:flutter/src/widgets/framework.dart:6007)
I/flutter (13804): #73     Element.updateChild (package:flutter/src/widgets/framework.dart:4037)
I/flutter (13804): #74     ComponentElement.performRebuild (package:flutter/src/widgets/framework.dart:5841)
I/flutter (13804): #75     Element.rebuild (package:flutter/src/widgets/framework.dart:5529)
I/flutter (13804): #76     ProxyElement.update (package:flutter/src/widgets/framework.dart:6149)
I/flutter (13804): #77     Element.updateChild (package:flutter/src/widgets/framework.dart:4037)
I/flutter (13804): #78     ComponentElement.performRebuild (package:flutter/src/widgets/framework.dart:5841)
I/flutter (13804): #79     Element.rebuild (package:flutter/src/widgets/framework.dart:5529)
I/flutter (13804): #80     ProxyElement.update (package:flutter/src/widgets/framework.dart:6149)
I/flutter (13804): #81     Element.updateChild (package:flutter/src/widgets/framework.dart:4037)
I/flutter (13804): #82     ComponentElement.performRebuild (package:flutter/src/widgets/framework.dart:5841)
I/flutter (13804): #83     StatefulElement.performRebuild (package:flutter/src/widgets/framework.dart:5982)
I/flutter (13804): #84     Element.rebuild (package:flutter/src/widgets/framework.dart:5529)
I/flutter (13804): #85     StatefulElement.update (package:flutter/src/widgets/framework.dart:6007)
I/flutter (13804): #86     Element.updateChild (package:flutter/src/widgets/framework.dart:4037)
I/flutter (13804): #88     Element.rebuild (package:flutter/src/widgets/framework.dart:5529)
I/flutter (13804): #89     StatelessElement.update (package:flutter/src/widgets/framework.dart:5895)
I/flutter (13804): #90     Element.updateChild (package:flutter/src/widgets/framework.dart:4037)
I/flutter (13804): #91     SliverMultiBoxAdaptorElement.updateChild (package:flutter/src/widgets/sliver.dart:1086)
I/flutter (13804): #92     SliverMultiBoxAdaptorElement.performRebuild.processElement (package:flutter/src/widgets/sliver.dart:979)
I/flutter (13804): #93     Iterable.forEach (dart:core/iterable.dart:366)
I/flutter (13804): #94     SliverMultiBoxAdaptorElement.performRebuild (package:flutter/src/widgets/sliver.dart:1032)
I/flutter (13804): #95     SliverMultiBoxAdaptorElement.update (package:flutter/src/widgets/sliver.dart:955)
I/flutter (13804): #96     Element.updateChild (package:flutter/src/widgets/framework.dart:4037)
I/flutter (13804): #97     ComponentElement.performRebuild (package:flutter/src/widgets/framework.dart:5841)
I/flutter (13804): #98     Element.rebuild (package:flutter/src/widgets/framework.dart:5529)
I/flutter (13804): #99     ProxyElement.update (package:flutter/src/widgets/framework.dart:6149)
[spm]: ProfilerData event received.
I/flutter (13804): [SPM:perf] 698a51a  buildSpan: 9999µs
I/flutter (13804): [spm] Performance monitoring completed for 698a51a
I/flutter (13804): type '_Stub' is not a subtype of type 'Color?'
I/flutter (13804): #0      LeagueCard.build (package:benchmark_container/generated_widget.dart:125)
I/flutter (13804): #1      StatelessElement.build (package:flutter/src/widgets/framework.dart:5889)
I/flutter (13804): #2      ComponentElement.performRebuild (package:flutter/src/widgets/framework.dart:5817)
I/flutter (13804): #3      Element.rebuild (package:flutter/src/widgets/framework.dart:5529)
I/flutter (13804): #4      StatelessElement.update (package:flutter/src/widgets/framework.dart:5895)
I/flutter (13804): #5      Element.updateChild (package:flutter/src/widgets/framework.dart:4037)
I/flutter (13804): #6      SingleChildRenderObjectElement.update (package:flutter/src/widgets/framework.dart:7122)
I/flutter (13804): #7      Element.updateChild (package:flutter/src/widgets/framework.dart:4037)
I/flutter (13804): #8      ComponentElement.performRebuild (package:flutter/src/widgets/framework.dart:5841)
I/flutter (13804): #9      StatefulElement.performRebuild (package:flutter/src/widgets/framework.dart:5982)
I/flutter (13804): #10     Element.rebuild (package:flutter/src/widgets/framework.dart:5529)
I/flutter (13804): #11     StatefulElement.update (package:flutter/src/widgets/framework.dart:6007)
I/flutter (13804): #12     Element.updateChild (package:flutter/src/widgets/framework.dart:4037)
I/flutter (13804): #13     ComponentElement.performRebuild (package:flutter/src/widgets/framework.dart:5841)
I/flutter (13804): #14     Element.rebuild (package:flutter/src/widgets/framework.dart:5529)
I/flutter (13804): #15     StatelessElement.update (package:flutter/src/widgets/framework.dart:5895)
I/flutter (13804): #16     Element.updateChild (package:flutter/src/widgets/framework.dart:4037)
I/flutter (13804): #17     SingleChildRenderObjectElement.update (package:flutter/src/widgets/framework.dart:7122)
I/flutter (13804): #18     Element.updateChild (package:flutter/src/widgets/framework.dart:4037)
I/flutter (13804): #19     ComponentElement.performRebuild (package:flutter/src/widgets/framework.dart:5841)
I/flutter (13804): #20     Element.rebuild (package:flutter/src/widgets/framework.dart:5529)
I/flutter (13804): #21     ProxyElement.update (package:flutter/src/widgets/framework.dart:6149)
I/flutter (13804): #22     Element.updateChild (package:flutter/src/widgets/framework.dart:4037)
I/flutter (13804): #23     ComponentElement.performRebuild (package:flutter/src/widgets/framework.dart:5841)
I/flutter (13804): #24     Element.rebuild (package:flutter/src/widgets/framework.dart:5529)
I/flutter (13804): #25     StatelessElement.update (package:flutter/src/widgets/framework.dart:5895)
I/flutter (13804): #26     Element.updateChild (package:flutter/src/widgets/framework.dart:4037)
I/flutter (13804): #27     SingleChildRenderObjectElement.update (package:flutter/src/widgets/framework.dart:7122)
I/flutter (13804): #28     Element.updateChild (package:flutter/src/widgets/framework.dart:4037)
I/flutter (13804): #29     SingleChildRenderObjectElement.update (package:flutter/src/widgets/framework.dart:7122)
I/flutter (13804): #30     Element.updateChild (package:flutter/src/widgets/framework.dart:4037)
I/flutter (13804): #31     ComponentElement.performRebuild (package:flutter/src/widgets/framework.dart:5841)
I/flutter (13804): #32     Element.rebuild (package:flutter/src/widgets/framework.dart:5529)
I/flutter (13804): #33     ProxyElement.update (package:flutter/src/widgets/framework.dart:6149)
I/flutter (13804): #34     _InheritedNotifierElement.update (package:flutter/src/widgets/inherited_notifier.dart:108)
I/flutter (13804): #35     Element.updateChild (package:flutter/src/widgets/framework.dart:4037)
I/flutter (13804): #36     ComponentElement.performRebuild (package:flutter/src/widgets/framework.dart:5841)
I/flutter (13804): #37     StatefulElement.performRebuild (package:flutter/src/widgets/framework.dart:5982)
I/flutter (13804): #38     Element.rebuild (package:flutter/src/widgets/framework.dart:5529)
I/flutter (13804): #39     StatefulElement.update (package:flutter/src/widgets/framework.dart:6007)
I/flutter (13804): #40     Element.updateChild (package:flutter/src/widgets/framework.dart:4037)
I/flutter (13804): #41     ComponentElement.performRebuild (package:flutter/src/widgets/framework.dart:5841)
I/flutter (13804): #42     Element.rebuild (package:flutter/src/widgets/framework.dart:5529)
I/flutter (13804): #43     ProxyElement.update (package:flutter/src/widgets/framework.dart:6149)
I/flutter (13804): #44     Element.updateChild (package:flutter/src/widgets/framework.dart:4037)
I/flutter (13804): #45     ComponentElement.performRebuild (package:flutter/src/widgets/framework.dart:5841)
I/flutter (13804): #46     StatefulElement.performRebuild (package:flutter/src/widgets/framework.dart:5982)
I/flutter (13804): #47     Element.rebuild (package:flutter/src/widgets/framework.dart:5529)
I/flutter (13804): #48     StatefulElement.update (package:flutter/src/widgets/framework.dart:6007)
I/flutter (13804): #49     Element.updateChild (package:flutter/src/widgets/framework.dart:4037)
I/flutter (13804): #50     ComponentElement.performRebuild (package:flutter/src/widgets/framework.dart:5841)
I/flutter (13804): #51     Element.rebuild (package:flutter/src/widgets/framework.dart:5529)
I/flutter (13804): #52     ProxyElement.update (package:flutter/src/widgets/framework.dart:6149)
I/flutter (13804): #53     Element.updateChild (package:flutter/src/widgets/framework.dart:4037)
I/flutter (13804): #54     ComponentElement.performRebuild (package:flutter/src/widgets/framework.dart:5841)
I/flutter (13804): #55     StatefulElement.performRebuild (package:flutter/src/widgets/framework.dart:5982)
I/flutter (13804): #56     Element.rebuild (package:flutter/src/widgets/framework.dart:5529)
I/flutter (13804): #57     StatefulElement.update (package:flutter/src/widgets/framework.dart:6007)
I/flutter (13804): #58     Element.updateChild (package:flutter/src/widgets/framework.dart:4037)
I/flutter (13804): #59     ComponentElement.performRebuild (package:flutter/src/widgets/framework.dart:5841)
I/flutter (13804): #60     Element.rebuild (package:flutter/src/widgets/framework.dart:5529)
I/flutter (13804): #61     StatelessElement.update (package:flutter/src/widgets/framework.dart:5895)
I/flutter (13804): #62     Element.updateChild (package:flutter/src/widgets/framework.dart:4037)
I/flutter (13804): #63     SingleChildRenderObjectElement.update (package:flutter/src/widgets/framework.dart:7122)
I/flutter (13804): #64     Element.updateChild (package:flutter/src/widgets/framework.dart:4037)
I/flutter (13804): #65     SingleChildRenderObjectElement.update (package:flutter/src/widgets/framework.dart:7122)
I/flutter (13804): #66     Element.updateChild (package:flutter/src/widgets/framework.dart:4037)
I/flutter (13804): #67     SingleChildRenderObjectElement.update (package:flutter/src/widgets/framework.dart:7122)
I/flutter (13804): #68     Element.updateChild (package:flutter/src/widgets/framework.dart:4037)
I/flutter (13804): #69     ComponentElement.performRebuild (package:flutter/src/widgets/framework.dart:5841)
I/flutter (13804): #70     StatefulElement.performRebuild (package:flutter/src/widgets/framework.dart:5982)
I/flutter (13804): #71     Element.rebuild (package:flutter/src/widgets/framework.dart:5529)
I/flutter (13804): #72     StatefulElement.update (package:flutter/src/widgets/framework.dart:6007)
I/flutter (13804): #73     Element.updateChild (package:flutter/src/widgets/framework.dart:4037)
I/flutter (13804): #74     ComponentElement.performRebuild (package:flutter/src/widgets/framework.dart:5841)
I/flutter (13804): #75     Element.rebuild (package:flutter/src/widgets/framework.dart:5529)
I/flutter (13804): #76     ProxyElement.update (package:flutter/src/widgets/framework.dart:6149)
I/flutter (13804): #77     Element.updateChild (package:flutter/src/widgets/framework.dart:4037)
I/flutter (13804): #78     ComponentElement.performRebuild (package:flutter/src/widgets/framework.dart:5841)
I/flutter (13804): #79     Element.rebuild (package:flutter/src/widgets/framework.dart:5529)
I/flutter (13804): #80     ProxyElement.update (package:flutter/src/widgets/framework.dart:6149)
I/flutter (13804): #81     Element.updateChild (package:flutter/src/widgets/framework.dart:4037)
I/flutter (13804): #82     ComponentElement.performRebuild (package:flutter/src/widgets/framework.dart:5841)
I/flutter (13804): #83     StatefulElement.performRebuild (package:flutter/src/widgets/framework.dart:5982)
I/flutter (13804): #84     Element.rebuild (package:flutter/src/widgets/framework.dart:5529)
I/flutter (13804): #85     StatefulElement.update (package:flutter/src/widgets/framework.dart:6007)
I/flutter (13804): #86     Element.updateChild (package:flutter/src/widgets/framework.dart:4037)
I/flutter (13804): #87     ComponentElement.performRebuild (package:flutter/src/widgets/framework.dart:5841)
I/flutter (13804): #88     Element.rebuild (package:flutter/src/widgets/framework.dart:5529)
I/flutter (13804): #89     StatelessElement.update (package:flutter/src/widgets/framework.dart:5895)
I/flutter (13804): #90     Element.updateChild (package:flutter/src/widgets/framework.dart:4037)
I/flutter (13804): #91     SliverMultiBoxAdaptorElement.updateChild (package:flutter/src/widgets/sliver.dart:1086)
I/flutter (13804): #92     SliverMultiBoxAdaptorElement.performRebuild.processElement (package:flutter/src/widgets/sliver.dart:979)
I/flutter (13804): #93     Iterable.forEach (dart:core/iterable.dart:366)
I/flutter (13804): #94     SliverMultiBoxAdaptorElement.performRebuild (package:flutter/src/widgets/sliver.dart:1032)
I/flutter (13804): #95     SliverMultiBoxAdaptorElement.update (package:flutter/src/widgets/sliver.dart:955)
I/flutter (13804): #96     Element.updateChild (package:flutter/src/widgets/framework.dart:4037)
I/flutter (13804): #97     ComponentElement.performRebuild (package:flutter/src/widgets/framework.dart:5841)
I/flutter (13804): #98     Element.rebuild (package:flutter/src/widgets/framework.dart:5529)
I/flutter (13804): #99     ProxyElement.update (package:flutter/src/widgets/framework.dart:6149)
[spm]: ProfilerData event received.
I/flutter (13804): [SPM:perf] 698a51a  buildSpan: 10388µs
I/flutter (13804): [spm] Performance monitoring completed for 698a51a
I/flutter (13804): type '_Stub' is not a subtype of type 'Color?'
I/flutter (13804): #0      LeagueCard.build (package:benchmark_container/generated_widget.dart:125)
I/flutter (13804): #1      StatelessElement.build (package:flutter/src/widgets/framework.dart:5889)
I/flutter (13804): #2      ComponentElement.performRebuild (package:flutter/src/widgets/framework.dart:5817)
I/flutter (13804): #3      Element.rebuild (package:flutter/src/widgets/framework.dart:5529)
I/flutter (13804): #4      StatelessElement.update (package:flutter/src/widgets/framework.dart:5895)
I/flutter (13804): #5      Element.updateChild (package:flutter/src/widgets/framework.dart:4037)
I/flutter (13804): #6      SingleChildRenderObjectElement.update (package:flutter/src/widgets/framework.dart:7122)
I/flutter (13804): #7      Element.updateChild (package:flutter/src/widgets/framework.dart:4037)
I/flutter (13804): #8      ComponentElement.performRebuild (package:flutter/src/widgets/framework.dart:5841)
I/flutter (13804): #9      StatefulElement.performRebuild (package:flutter/src/widgets/framework.dart:5982)
I/flutter (13804): #10     Element.rebuild (package:flutter/src/widgets/framework.dart:5529)
I/flutter (13804): #11     StatefulElement.update (package:flutter/src/widgets/framework.dart:6007)
I/flutter (13804): #12     Element.updateChild (package:flutter/src/widgets/framework.dart:4037)
I/flutter (13804): #13     ComponentElement.performRebuild (package:flutter/src/widgets/framework.dart:5841)
I/flutter (13804): #14     Element.rebuild (package:flutter/src/widgets/framework.dart:5529)
I/flutter (13804): #15     StatelessElement.update (package:flutter/src/widgets/framework.dart:5895)
I/flutter (13804): #16     Element.updateChild (package:flutter/src/widgets/framework.dart:4037)
I/flutter (13804): #17     SingleChildRenderObjectElement.update (package:flutter/src/widgets/framework.dart:7122)
I/flutter (13804): #18     Element.updateChild (package:flutter/src/widgets/framework.dart:4037)
I/flutter (13804): #19     ComponentElement.performRebuild (package:flutter/src/widgets/framework.dart:5841)
I/flutter (13804): #20     Element.rebuild (package:flutter/src/widgets/framework.dart:5529)
I/flutter (13804): #21     ProxyElement.update (package:flutter/src/widgets/framework.dart:6149)
I/flutter (13804): #22     Element.updateChild (package:flutter/src/widgets/framework.dart:4037)
I/flutter (13804): #23     ComponentElement.performRebuild (package:flutter/src/widgets/framework.dart:5841)
I/flutter (13804): #24     Element.rebuild (package:flutter/src/widgets/framework.dart:5529)
I/flutter (13804): #25     StatelessElement.update (package:flutter/src/widgets/framework.dart:5895)
I/flutter (13804): #26     Element.updateChild (package:flutter/src/widgets/framework.dart:4037)
I/flutter (13804): #27     SingleChildRenderObjectElement.update (package:flutter/src/widgets/framework.dart:7122)
I/flutter (13804): #28     Element.updateChild (package:flutter/src/widgets/framework.dart:4037)
I/flutter (13804): #29     SingleChildRenderObjectElement.update (package:flutter/src/widgets/framework.dart:7122)
I/flutter (13804): #30     Element.updateChild (package:flutter/src/widgets/framework.dart:4037)
I/flutter (13804): #31     ComponentElement.performRebuild (package:flutter/src/widgets/framework.dart:5841)
I/flutter (13804): #32     Element.rebuild (package:flutter/src/widgets/framework.dart:5529)
I/flutter (13804): #33     ProxyElement.update (package:flutter/src/widgets/framework.dart:6149)
I/flutter (13804): #34     _InheritedNotifierElement.update (package:flutter/src/widgets/inherited_notifier.dart:108)
I/flutter (13804): #35     Element.updateChild (package:flutter/src/widgets/framework.dart:4037)
I/flutter (13804): #36     ComponentElement.performRebuild (package:flutter/src/widgets/framework.dart:5841)
I/flutter (13804): #37     StatefulElement.performRebuild (package:flutter/src/widgets/framework.dart:5982)
I/flutter (13804): #38     Element.rebuild (package:flutter/src/widgets/framework.dart:5529)
I/flutter (13804): #39     StatefulElement.update (package:flutter/src/widgets/framework.dart:6007)
I/flutter (13804): #40     Element.updateChild (package:flutter/src/widgets/framework.dart:4037)
I/flutter (13804): #41     ComponentElement.performRebuild (package:flutter/src/widgets/framework.dart:5841)
I/flutter (13804): #42     Element.rebuild (package:flutter/src/widgets/framework.dart:5529)
I/flutter (13804): #43     ProxyElement.update (package:flutter/src/widgets/framework.dart:6149)
I/flutter (13804): #44     Element.updateChild (package:flutter/src/widgets/framework.dart:4037)
I/flutter (13804): #45     ComponentElement.performRebuild (package:flutter/src/widgets/framework.dart:5841)
I/flutter (13804): #46     StatefulElement.performRebuild (package:flutter/src/widgets/framework.dart:5982)
I/flutter (13804): #47     Element.rebuild (package:flutter/src/widgets/framework.dart:5529)
I/flutter (13804): #48     StatefulElement.update (package:flutter/src/widgets/framework.dart:6007)
I/flutter (13804): #49     Element.updateChild (package:flutter/src/widgets/framework.dart:4037)
I/flutter (13804): #50     ComponentElement.performRebuild (package:flutter/src/widgets/framework.dart:5841)
I/flutter (13804): #51     Element.rebuild (package:flutter/src/widgets/framework.dart:5529)
I/flutter (13804): #52     ProxyElement.update (package:flutter/src/widgets/framework.dart:6149)
I/flutter (13804): #53     Element.updateChild (package:flutter/src/widgets/framework.dart:4037)
I/flutter (13804): #54     ComponentElement.performRebuild (package:flutter/src/widgets/framework.dart:5841)
I/flutter (13804): #55     StatefulElement.performRebuild (package:flutter/src/widgets/framework.dart:5982)
I/flutter (13804): #56     Element.rebuild (package:flutter/src/widgets/framework.dart:5529)
I/flutter (13804): #57     StatefulElement.update (package:flutter/src/widgets/framework.dart:6007)
I/flutter (13804): #58     Element.updateChild (package:flutter/src/widgets/framework.dart:4037)
I/flutter (13804): #59     ComponentElement.performRebuild (package:flutter/src/widgets/framework.dart:5841)
I/flutter (13804): #60     Element.rebuild (package:flutter/src/widgets/framework.dart:5529)
I/flutter (13804): #61     StatelessElement.update (package:flutter/src/widgets/framework.dart:5895)
I/flutter (13804): #62     Element.updateChild (package:flutter/src/widgets/framework.dart:4037)
I/flutter (13804): #63     SingleChildRenderObjectElement.update (package:flutter/src/widgets/framework.dart:7122)
I/flutter (13804): #64     Element.updateChild (package:flutter/src/widgets/framework.dart:4037)
I/flutter (13804): #65     SingleChildRenderObjectElement.update (package:flutter/src/widgets/framework.dart:7122)
I/flutter (13804): #66     Element.updateChild (package:flutter/src/widgets/framework.dart:4037)
I/flutter (13804): #67     SingleChildRenderObjectElement.update (package:flutter/src/widgets/framework.dart:7122)
I/flutter (13804): #68     Element.updateChild (package:flutter/src/widgets/framework.dart:4037)
I/flutter (13804): #69     ComponentElement.performRebuild (package:flutter/src/widgets/framework.dart:5841)
I/flutter (13804): #70     StatefulElement.performRebuild (package:flutter/src/widgets/framework.dart:5982)
I/flutter (13804): #71     Element.rebuild (package:flutter/src/widgets/framework.dart:5529)
I/flutter (13804): #72     StatefulElement.update (package:flutter/src/widgets/framework.dart:6007)
I/flutter (13804): #73     Element.updateChild (package:flutter/src/widgets/framework.dart:4037)
I/flutter (13804): #74     ComponentElement.performRebuild (package:flutter/src/widgets/framework.dart:5841)
I/flutter (13804): #75     Element.rebuild (package:flutter/src/widgets/framework.dart:5529)
I/flutter (13804): #76     ProxyElement.update (package:flutter/src/widgets/framework.dart:6149)
I/flutter (13804): #77     Element.updateChild (package:flutter/src/widgets/framework.dart:4037)
I/flutter (13804): #78     ComponentElement.performRebuild (package:flutter/src/widgets/framework.dart:5841)
I/flutter (13804): #79     Element.rebuild (package:flutter/src/widgets/framework.dart:5529)
I/flutter (13804): #80     ProxyElement.update (package:flutter/src/widgets/framework.dart:6149)
I/flutter (13804): #81     Element.updateChild (package:flutter/src/widgets/framework.dart:4037)
I/flutter (13804): #82     ComponentElement.performRebuild (package:flutter/src/widgets/framework.dart:5841)
I/flutter (13804): #83     StatefulElement.performRebuild (package:flutter/src/widgets/framework.dart:5982)
I/flutter (13804): #84     Element.rebuild (package:flutter/src/widgets/framework.dart:5529)
I/flutter (13804): #85     StatefulElement.update (package:flutter/src/widgets/framework.dart:6007)
I/flutter (13804): #86     Element.updateChild (package:flutter/src/widgets/framework.dart:4037)
I/flutter (13804): #87     ComponentElement.performRebuild (package:flutter/src/widgets/framework.dart:5841)
I/flutter (13804): #88     Element.rebuild (package:flutter/src/widgets/framework.dart:5529)
I/flutter (13804): #89     StatelessElement.update (package:flutter/src/widgets/framework.dart:5895)
I/flutter (13804): #90     Element.updateChild (package:flutter/src/widgets/framework.dart:4037)
I/flutter (13804): #91     SliverMultiBoxAdaptorElement.updateChild (package:flutter/src/widgets/sliver.dart:1086)
I/flutter (13804): #92     SliverMultiBoxAdaptorElement.performRebuild.processElement (package:flutter/src/widgets/sliver.dart:979)
I/flutter (13804): #93     Iterable.forEach (dart:core/iterable.dart:366)
I/flutter (13804): #94     SliverMultiBoxAdaptorElement.performRebuild (package:flutter/src/widgets/sliver.dart:1032)
I/flutter (13804): #95     SliverMultiBoxAdaptorElement.update (package:flutter/src/widgets/sliver.dart:955)
I/flutter (13804): #96     Element.updateChild (package:flutter/src/widgets/framework.dart:4037)
I/flutter (13804): #97     ComponentElement.performRebuild (package:flutter/src/widgets/framework.dart:5841)
I/flutter (13804): #98     Element.rebuild (package:flutter/src/widgets/framework.dart:5529)
I/flutter (13804): #99     ProxyElement.update (package:flutter/src/widgets/framework.dart:6149)
[spm]: ProfilerData event received.
I/flutter (13804): [SPM:perf] 698a51a  buildSpan: 11151µs
I/flutter (13804): [spm] Performance monitoring completed for 698a51a
I/flutter (13804): type '_Stub' is not a subtype of type 'Color?'
I/flutter (13804): #0      LeagueCard.build (package:benchmark_container/generated_widget.dart:125)
I/flutter (13804): #1      StatelessElement.build (package:flutter/src/widgets/framework.dart:5889)
I/flutter (13804): #2      ComponentElement.performRebuild (package:flutter/src/widgets/framework.dart:5817)
I/flutter (13804): #3      Element.rebuild (package:flutter/src/widgets/framework.dart:5529)
I/flutter (13804): #4      StatelessElement.update (package:flutter/src/widgets/framework.dart:5895)
I/flutter (13804): #5      Element.updateChild (package:flutter/src/widgets/framework.dart:4037)
I/flutter (13804): #6      SingleChildRenderObjectElement.update (package:flutter/src/widgets/framework.dart:7122)
I/flutter (13804): #7      Element.updateChild (package:flutter/src/widgets/framework.dart:4037)
I/flutter (13804): #8      ComponentElement.performRebuild (package:flutter/src/widgets/framework.dart:5841)
I/flutter (13804): #9      StatefulElement.performRebuild (package:flutter/src/widgets/framework.dart:5982)
I/flutter (13804): #10     Element.rebuild (package:flutter/src/widgets/framework.dart:5529)
I/flutter (13804): #11     StatefulElement.update (package:flutter/src/widgets/framework.dart:6007)
I/flutter (13804): #12     Element.updateChild (package:flutter/src/widgets/framework.dart:4037)
I/flutter (13804): #13     ComponentElement.performRebuild (package:flutter/src/widgets/framework.dart:5841)
I/flutter (13804): #14     Element.rebuild (package:flutter/src/widgets/framework.dart:5529)
I/flutter (13804): #15     StatelessElement.update (package:flutter/src/widgets/framework.dart:5895)
I/flutter (13804): #16     Element.updateChild (package:flutter/src/widgets/framework.dart:4037)
I/flutter (13804): #17     SingleChildRenderObjectElement.update (package:flutter/src/widgets/framework.dart:7122)
I/flutter (13804): #18     Element.updateChild (package:flutter/src/widgets/framework.dart:4037)
I/flutter (13804): #19     ComponentElement.performRebuild (package:flutter/src/widgets/framework.dart:5841)
I/flutter (13804): #20     Element.rebuild (package:flutter/src/widgets/framework.dart:5529)
I/flutter (13804): #21     ProxyElement.update (package:flutter/src/widgets/framework.dart:6149)
I/flutter (13804): #22     Element.updateChild (package:flutter/src/widgets/framework.dart:4037)
I/flutter (13804): #23     ComponentElement.performRebuild (package:flutter/src/widgets/framework.dart:5841)
I/flutter (13804): #24     Element.rebuild (package:flutter/src/widgets/framework.dart:5529)
I/flutter (13804): #25     StatelessElement.update (package:flutter/src/widgets/framework.dart:5895)
I/flutter (13804): #26     Element.updateChild (package:flutter/src/widgets/framework.dart:4037)
I/flutter (13804): #27     SingleChildRenderObjectElement.update (package:flutter/src/widgets/framework.dart:7122)
I/flutter (13804): #28     Element.updateChild (package:flutter/src/widgets/framework.dart:4037)
I/flutter (13804): #29     SingleChildRenderObjectElement.update (package:flutter/src/widgets/framework.dart:7122)
I/flutter (13804): #30     Element.updateChild (package:flutter/src/widgets/framework.dart:4037)
I/flutter (13804): #31     ComponentElement.performRebuild (package:flutter/src/widgets/framework.dart:5841)
I/flutter (13804): #32     Element.rebuild (package:flutter/src/widgets/framework.dart:5529)
I/flutter (13804): #33     ProxyElement.update (package:flutter/src/widgets/framework.dart:6149)
I/flutter (13804): #34     _InheritedNotifierElement.update (package:flutter/src/widgets/inherited_notifier.dart:108)
I/flutter (13804): #35     Element.updateChild (package:flutter/src/widgets/framework.dart:4037)
I/flutter (13804): #36     ComponentElement.performRebuild (package:flutter/src/widgets/framework.dart:5841)
I/flutter (13804): #37     StatefulElement.performRebuild (package:flutter/src/widgets/framework.dart:5982)
I/flutter (13804): #38     Element.rebuild (package:flutter/src/widgets/framework.dart:5529)
I/flutter (13804): #39     StatefulElement.update (package:flutter/src/widgets/framework.dart:6007)
I/flutter (13804): #40     Element.updateChild (package:flutter/src/widgets/framework.dart:4037)
I/flutter (13804): #41     ComponentElement.performRebuild (package:flutter/src/widgets/framework.dart:5841)
I/flutter (13804): #42     Element.rebuild (package:flutter/src/widgets/framework.dart:5529)
I/flutter (13804): #43     ProxyElement.update (package:flutter/src/widgets/framework.dart:6149)
I/flutter (13804): #44     Element.updateChild (package:flutter/src/widgets/framework.dart:4037)
I/flutter (13804): #45     ComponentElement.performRebuild (package:flutter/src/widgets/framework.dart:5841)
I/flutter (13804): #46     StatefulElement.performRebuild (package:flutter/src/widgets/framework.dart:5982)
I/flutter (13804): #47     Element.rebuild (package:flutter/src/widgets/framework.dart:5529)
I/flutter (13804): #48     StatefulElement.update (package:flutter/src/widgets/framework.dart:6007)
I/flutter (13804): #49     Element.updateChild (package:flutter/src/widgets/framework.dart:4037)
I/flutter (13804): #50     ComponentElement.performRebuild (package:flutter/src/widgets/framework.dart:5841)
I/flutter (13804): #51     Element.rebuild (package:flutter/src/widgets/framework.dart:5529)
I/flutter (13804): #52     ProxyElement.update (package:flutter/src/widgets/framework.dart:6149)
I/flutter (13804): #53     Element.updateChild (package:flutter/src/widgets/framework.dart:4037)
I/flutter (13804): #54     ComponentElement.performRebuild (package:flutter/src/widgets/framework.dart:5841)
I/flutter (13804): #55     StatefulElement.performRebuild (package:flutter/src/widgets/framework.dart:5982)
I/flutter (13804): #56     Element.rebuild (package:flutter/src/widgets/framework.dart:5529)
I/flutter (13804): #57     StatefulElement.update (package:flutter/src/widgets/framework.dart:6007)
I/flutter (13804): #58     Element.updateChild (package:flutter/src/widgets/framework.dart:4037)
I/flutter (13804): #59     ComponentElement.performRebuild (package:flutter/src/widgets/framework.dart:5841)
I/flutter (13804): #60     Element.rebuild (package:flutter/src/widgets/framework.dart:5529)
I/flutter (13804): #61     StatelessElement.update (package:flutter/src/widgets/framework.dart:5895)
I/flutter (13804): #62     Element.updateChild (package:flutter/src/widgets/framework.dart:4037)
I/flutter (13804): #63     SingleChildRenderObjectElement.update (package:flutter/src/widgets/framework.dart:7122)
I/flutter (13804): #64     Element.updateChild (package:flutter/src/widgets/framework.dart:4037)
I/flutter (13804): #65     SingleChildRenderObjectElement.update (package:flutter/src/widgets/framework.dart:7122)
I/flutter (13804): #66     Element.updateChild (package:flutter/src/widgets/framework.dart:4037)
I/flutter (13804): #67     SingleChildRenderObjectElement.update (package:flutter/src/widgets/framework.dart:7122)
I/flutter (13804): #68     Element.updateChild (package:flutter/src/widgets/framework.dart:4037)
I/flutter (13804): #69     ComponentElement.performRebuild (package:flutter/src/widgets/framework.dart:5841)
I/flutter (13804): #70     StatefulElement.performRebuild (package:flutter/src/widgets/framework.dart:5982)
I/flutter (13804): #71     Element.rebuild (package:flutter/src/widgets/framework.dart:5529)
I/flutter (13804): #72     StatefulElement.update (package:flutter/src/widgets/framework.dart:6007)
I/flutter (13804): #73     Element.updateChild (package:flutter/src/widgets/framework.dart:4037)
I/flutter (13804): #74     ComponentElement.performRebuild (package:flutter/src/widgets/framework.dart:5841)
I/flutter (13804): #75     Element.rebuild (package:flutter/src/widgets/framework.dart:5529)
I/flutter (13804): #76     ProxyElement.update (package:flutter/src/widgets/framework.dart:6149)
I/flutter (13804): #77     Element.updateChild (package:flutter/src/widgets/framework.dart:4037)
I/flutter (13804): #78     ComponentElement.performRebuild (package:flutter/src/widgets/framework.dart:5841)
I/flutter (13804): #79     Element.rebuild (package:flutter/src/widgets/framework.dart:5529)
I/flutter (13804): #80     ProxyElement.update (package:flutter/src/widgets/framework.dart:6149)
I/flutter (13804): #81     Element.updateChild (package:flutter/src/widgets/framework.dart:4037)
I/flutter (13804): #82     ComponentElement.performRebuild (package:flutter/src/widgets/framework.dart:5841)
I/flutter (13804): #83     StatefulElement.performRebuild (package:flutter/src/widgets/framework.dart:5982)
I/flutter (13804): #84     Element.rebuild (package:flutter/src/widgets/framework.dart:5529)
I/flutter (13804): #85     StatefulElement.update (package:flutter/src/widgets/framework.dart:6007)
I/flutter (13804): #86     Element.updateChild (package:flutter/src/widgets/framework.dart:4037)
I/flutter (13804): #87     ComponentElement.performRebuild (package:flutter/src/widgets/framework.dart:5841)
I/flutter (13804): #88     Element.rebuild (package:flutter/src/widgets/framework.dart:5529)
I/flutter (13804): #89     StatelessElement.update (package:flutter/src/widgets/framework.dart:5895)
I/flutter (13804): #90     Element.updateChild (package:flutter/src/widgets/framework.dart:4037)
I/flutter (13804): #91     SliverMultiBoxAdaptorElement.updateChild (package:flutter/src/widgets/sliver.dart:1086)
I/flutter (13804): #92     SliverMultiBoxAdaptorElement.performRebuild.processElement (package:flutter/src/widgets/sliver.dart:979)
I/flutter (13804): #93     Iterable.forEach (dart:core/iterable.dart:366)
I/flutter (13804): #94     SliverMultiBoxAdaptorElement.performRebuild (package:flutter/src/widgets/sliver.dart:1032)
I/flutter (13804): #95     SliverMultiBoxAdaptorElement.update (package:flutter/src/widgets/sliver.dart:955)
I/flutter (13804): #96     Element.updateChild (package:flutter/src/widgets/framework.dart:4037)
I/flutter (13804): #97     ComponentElement.performRebuild (package:flutter/src/widgets/framework.dart:5841)
I/flutter (13804): #98     Element.rebuild (package:flutter/src/widgets/framework.dart:5529)
I/flutter (13804): #99     ProxyElement.update (package:flutter/src/widgets/framework.dart:6149)
[spm]: ProfilerData event received.
I/flutter (13804): [SPM:perf] 698a51a  buildSpan: 10587µs
I/flutter (13804): [spm] Performance monitoring completed for 698a51a
I/flutter (13804): type '_Stub' is not a subtype of type 'Color?'
I/flutter (13804): #0      LeagueCard.build (package:benchmark_container/generated_widget.dart:125)
I/flutter (13804): #1      StatelessElement.build (package:flutter/src/widgets/framework.dart:5889)
I/flutter (13804): #2      ComponentElement.performRebuild (package:flutter/src/widgets/framework.dart:5817)
I/flutter (13804): #3      Element.rebuild (package:flutter/src/widgets/framework.dart:5529)
I/flutter (13804): #4      StatelessElement.update (package:flutter/src/widgets/framework.dart:5895)
I/flutter (13804): #5      Element.updateChild (package:flutter/src/widgets/framework.dart:4037)
I/flutter (13804): #6      SingleChildRenderObjectElement.update (package:flutter/src/widgets/framework.dart:7122)
I/flutter (13804): #7      Element.updateChild (package:flutter/src/widgets/framework.dart:4037)
I/flutter (13804): #8      ComponentElement.performRebuild (package:flutter/src/widgets/framework.dart:5841)
I/flutter (13804): #9      StatefulElement.performRebuild (package:flutter/src/widgets/framework.dart:5982)
I/flutter (13804): #10     Element.rebuild (package:flutter/src/widgets/framework.dart:5529)
I/flutter (13804): #11     StatefulElement.update (package:flutter/src/widgets/framework.dart:6007)
I/flutter (13804): #12     Element.updateChild (package:flutter/src/widgets/framework.dart:4037)
I/flutter (13804): #13     ComponentElement.performRebuild (package:flutter/src/widgets/framework.dart:5841)
I/flutter (13804): #14     Element.rebuild (package:flutter/src/widgets/framework.dart:5529)
I/flutter (13804): #15     StatelessElement.update (package:flutter/src/widgets/framework.dart:5895)
I/flutter (13804): #16     Element.updateChild (package:flutter/src/widgets/framework.dart:4037)
I/flutter (13804): #17     SingleChildRenderObjectElement.update (package:flutter/src/widgets/framework.dart:7122)
I/flutter (13804): #18     Element.updateChild (package:flutter/src/widgets/framework.dart:4037)
I/flutter (13804): #19     ComponentElement.performRebuild (package:flutter/src/widgets/framework.dart:5841)
I/flutter (13804): #20     Element.rebuild (package:flutter/src/widgets/framework.dart:5529)
I/flutter (13804): #21     ProxyElement.update (package:flutter/src/widgets/framework.dart:6149)
I/flutter (13804): #22     Element.updateChild (package:flutter/src/widgets/framework.dart:4037)
I/flutter (13804): #23     ComponentElement.performRebuild (package:flutter/src/widgets/framework.dart:5841)
I/flutter (13804): #24     Element.rebuild (package:flutter/src/widgets/framework.dart:5529)
I/flutter (13804): #25     StatelessElement.update (package:flutter/src/widgets/framework.dart:5895)
I/flutter (13804): #26     Element.updateChild (package:flutter/src/widgets/framework.dart:4037)
I/flutter (13804): #27     SingleChildRenderObjectElement.update (package:flutter/src/widgets/framework.dart:7122)
I/flutter (13804): #28     Element.updateChild (package:flutter/src/widgets/framework.dart:4037)
I/flutter (13804): #29     SingleChildRenderObjectElement.update (package:flutter/src/widgets/framework.dart:7122)
I/flutter (13804): #30     Element.updateChild (package:flutter/src/widgets/framework.dart:4037)
I/flutter (13804): #31     ComponentElement.performRebuild (package:flutter/src/widgets/framework.dart:5841)
I/flutter (13804): #32     Element.rebuild (package:flutter/src/widgets/framework.dart:5529)
I/flutter (13804): #33     ProxyElement.update (package:flutter/src/widgets/framework.dart:6149)
I/flutter (13804): #34     _InheritedNotifierElement.update (package:flutter/src/widgets/inherited_notifier.dart:108)
I/flutter (13804): #35     Element.updateChild (package:flutter/src/widgets/framework.dart:4037)
I/flutter (13804): #36     ComponentElement.performRebuild (package:flutter/src/widgets/framework.dart:5841)
I/flutter (13804): #37     StatefulElement.performRebuild (package:flutter/src/widgets/framework.dart:5982)
I/flutter (13804): #38     Element.rebuild (package:flutter/src/widgets/framework.dart:5529)
I/flutter (13804): #39     StatefulElement.update (package:flutter/src/widgets/framework.dart:6007)
I/flutter (13804): #40     Element.updateChild (package:flutter/src/widgets/framework.dart:4037)
I/flutter (13804): #41     ComponentElement.performRebuild (package:flutter/src/widgets/framework.dart:5841)
I/flutter (13804): #42     Element.rebuild (package:flutter/src/widgets/framework.dart:5529)
I/flutter (13804): #43     ProxyElement.update (package:flutter/src/widgets/framework.dart:6149)
I/flutter (13804): #44     Element.updateChild (package:flutter/src/widgets/framework.dart:4037)
I/flutter (13804): #45     ComponentElement.performRebuild (package:flutter/src/widgets/framework.dart:5841)
I/flutter (13804): #46     StatefulElement.performRebuild (package:flutter/src/widgets/framework.dart:5982)
I/flutter (13804): #47     Element.rebuild (package:flutter/src/widgets/framework.dart:5529)
I/flutter (13804): #48     StatefulElement.update (package:flutter/src/widgets/framework.dart:6007)
I/flutter (13804): #49     Element.updateChild (package:flutter/src/widgets/framework.dart:4037)
I/flutter (13804): #50     ComponentElement.performRebuild (package:flutter/src/widgets/framework.dart:5841)
I/flutter (13804): #51     Element.rebuild (package:flutter/src/widgets/framework.dart:5529)
I/flutter (13804): #52     ProxyElement.update (package:flutter/src/widgets/framework.dart:6149)
I/flutter (13804): #53     Element.updateChild (package:flutter/src/widgets/framework.dart:4037)
I/flutter (13804): #54     ComponentElement.performRebuild (package:flutter/src/widgets/framework.dart:5841)
I/flutter (13804): #55     StatefulElement.performRebuild (package:flutter/src/widgets/framework.dart:5982)
I/flutter (13804): #56     Element.rebuild (package:flutter/src/widgets/framework.dart:5529)
I/flutter (13804): #57     StatefulElement.update (package:flutter/src/widgets/framework.dart:6007)
I/flutter (13804): #58     Element.updateChild (package:flutter/src/widgets/framework.dart:4037)
I/flutter (13804): #59     ComponentElement.performRebuild (package:flutter/src/widgets/framework.dart:5841)
I/flutter (13804): #60     Element.rebuild (package:flutter/src/widgets/framework.dart:5529)
I/flutter (13804): #61     StatelessElement.update (package:flutter/src/widgets/framework.dart:5895)
I/flutter (13804): #62     Element.updateChild (package:flutter/src/widgets/framework.dart:4037)
I/flutter (13804): #63     SingleChildRenderObjectElement.update (package:flutter/src/widgets/framework.dart:7122)
I/flutter (13804): #64     Element.updateChild (package:flutter/src/widgets/framework.dart:4037)
I/flutter (13804): #65     SingleChildRenderObjectElement.update (package:flutter/src/widgets/framework.dart:7122)
I/flutter (13804): #66     Element.updateChild (package:flutter/src/widgets/framework.dart:4037)
I/flutter (13804): #67     SingleChildRenderObjectElement.update (package:flutter/src/widgets/framework.dart:7122)
I/flutter (13804): #68     Element.updateChild (package:flutter/src/widgets/framework.dart:4037)
I/flutter (13804): #69     ComponentElement.performRebuild (package:flutter/src/widgets/framework.dart:5841)
I/flutter (13804): #70     StatefulElement.performRebuild (package:flutter/src/widgets/framework.dart:5982)
I/flutter (13804): #71     Element.rebuild (package:flutter/src/widgets/framework.dart:5529)
I/flutter (13804): #72     StatefulElement.update (package:flutter/src/widgets/framework.dart:6007)
I/flutter (13804): #73     Element.updateChild (package:flutter/src/widgets/framework.dart:4037)
I/flutter (13804): #74     ComponentElement.performRebuild (package:flutter/src/widgets/framework.dart:5841)
I/flutter (13804): #75     Element.rebuild (package:flutter/src/widgets/framework.dart:5529)
I/flutter (13804): #76     ProxyElement.update (package:flutter/src/widgets/framework.dart:6149)
I/flutter (13804): #77     Element.updateChild (package:flutter/src/widgets/framework.dart:4037)
I/flutter (13804): #78     ComponentElement.performRebuild (package:flutter/src/widgets/framework.dart:5841)
I/flutter (13804): #79     Element.rebuild (package:flutter/src/widgets/framework.dart:5529)
I/flutter (13804): #80     ProxyElement.update (package:flutter/src/widgets/framework.dart:6149)
I/flutter (13804): #81     Element.updateChild (package:flutter/src/widgets/framework.dart:4037)
I/flutter (13804): #82     ComponentElement.performRebuild (package:flutter/src/widgets/framework.dart:5841)
I/flutter (13804): #83     StatefulElement.performRebuild (package:flutter/src/widgets/framework.dart:5982)
I/flutter (13804): #84     Element.rebuild (package:flutter/src/widgets/framework.dart:5529)
I/flutter (13804): #85     StatefulElement.update (package:flutter/src/widgets/framework.dart:6007)
I/flutter (13804): #86     Element.updateChild (package:flutter/src/widgets/framework.dart:4037)
I/flutter (13804): #87     ComponentElement.performRebuild (package:flutter/src/widgets/framework.dart:5841)
I/flutter (13804): #88     Element.rebuild (package:flutter/src/widgets/framework.dart:5529)
I/flutter (13804): #89     StatelessElement.update (package:flutter/src/widgets/framework.dart:5895)
I/flutter (13804): #90     Element.updateChild (package:flutter/src/widgets/framework.dart:4037)
I/flutter (13804): #91     SliverMultiBoxAdaptorElement.updateChild (package:flutter/src/widgets/sliver.dart:1086)
I/flutter (13804): #92     SliverMultiBoxAdaptorElement.performRebuild.processElement (package:flutter/src/widgets/sliver.dart:979)
I/flutter (13804): #93     Iterable.forEach (dart:core/iterable.dart:366)
I/flutter (13804): #94     SliverMultiBoxAdaptorElement.performRebuild (package:flutter/src/widgets/sliver.dart:1032)
I/flutter (13804): #95     SliverMultiBoxAdaptorElement.update (package:flutter/src/widgets/sliver.dart:955)
I/flutter (13804): #96     Element.updateChild (package:flutter/src/widgets/framework.dart:4037)
I/flutter (13804): #97     ComponentElement.performRebuild (package:flutter/src/widgets/framework.dart:5841)
I/flutter (13804): #98     Element.rebuild (package:flutter/src/widgets/framework.dart:5529)
I/flutter (13804): #99     ProxyElement.update (package:flutter/src/widgets/framework.dart:6149)
[spm]: ProfilerData event received.
I/flutter (13804): [SPM:perf] 698a51a  buildSpan: 11520µs
I/flutter (13804): [spm] Performance monitoring completed for 698a51a
I/flutter (13804): type '_Stub' is not a subtype of type 'Color?'
I/flutter (13804): #0      LeagueCard.build (package:benchmark_container/generated_widget.dart:125)
I/flutter (13804): #1      StatelessElement.build (package:flutter/src/widgets/framework.dart:5889)
I/flutter (13804): #2      ComponentElement.performRebuild (package:flutter/src/widgets/framework.dart:5817)
I/flutter (13804): #3      Element.rebuild (package:flutter/src/widgets/framework.dart:5529)
I/flutter (13804): #4      StatelessElement.update (package:flutter/src/widgets/framework.dart:5895)
I/flutter (13804): #5      Element.updateChild (package:flutter/src/widgets/framework.dart:4037)
I/flutter (13804): #6      SingleChildRenderObjectElement.update (package:flutter/src/widgets/framework.dart:7122)
I/flutter (13804): #7      Element.updateChild (package:flutter/src/widgets/framework.dart:4037)
I/flutter (13804): #8      ComponentElement.performRebuild (package:flutter/src/widgets/framework.dart:5841)
I/flutter (13804): #9      StatefulElement.performRebuild (package:flutter/src/widgets/framework.dart:5982)
I/flutter (13804): #10     Element.rebuild (package:flutter/src/widgets/framework.dart:5529)
I/flutter (13804): #11     StatefulElement.update (package:flutter/src/widgets/framework.dart:6007)
I/flutter (13804): #12     Element.updateChild (package:flutter/src/widgets/framework.dart:4037)
I/flutter (13804): #13     ComponentElement.performRebuild (package:flutter/src/widgets/framework.dart:5841)
I/flutter (13804): #14     Element.rebuild (package:flutter/src/widgets/framework.dart:5529)
I/flutter (13804): #15     StatelessElement.update (package:flutter/src/widgets/framework.dart:5895)
I/flutter (13804): #16     Element.updateChild (package:flutter/src/widgets/framework.dart:4037)
I/flutter (13804): #17     SingleChildRenderObjectElement.update (package:flutter/src/widgets/framework.dart:7122)
I/flutter (13804): #18     Element.updateChild (package:flutter/src/widgets/framework.dart:4037)
I/flutter (13804): #19     ComponentElement.performRebuild (package:flutter/src/widgets/framework.dart:5841)
I/flutter (13804): #20     Element.rebuild (package:flutter/src/widgets/framework.dart:5529)
I/flutter (13804): #21     ProxyElement.update (package:flutter/src/widgets/framework.dart:6149)
I/flutter (13804): #22     Element.updateChild (package:flutter/src/widgets/framework.dart:4037)
I/flutter (13804): #23     ComponentElement.performRebuild (package:flutter/src/widgets/framework.dart:5841)
I/flutter (13804): #24     Element.rebuild (package:flutter/src/widgets/framework.dart:5529)
I/flutter (13804): #25     StatelessElement.update (package:flutter/src/widgets/framework.dart:5895)
I/flutter (13804): #26     Element.updateChild (package:flutter/src/widgets/framework.dart:4037)
I/flutter (13804): #27     SingleChildRenderObjectElement.update (package:flutter/src/widgets/framework.dart:7122)
I/flutter (13804): #28     Element.updateChild (package:flutter/src/widgets/framework.dart:4037)
I/flutter (13804): #29     SingleChildRenderObjectElement.update (package:flutter/src/widgets/framework.dart:7122)
I/flutter (13804): #30     Element.updateChild (package:flutter/src/widgets/framework.dart:4037)
I/flutter (13804): #31     ComponentElement.performRebuild (package:flutter/src/widgets/framework.dart:5841)
I/flutter (13804): #32     Element.rebuild (package:flutter/src/widgets/framework.dart:5529)
I/flutter (13804): #33     ProxyElement.update (package:flutter/src/widgets/framework.dart:6149)
I/flutter (13804): #34     _InheritedNotifierElement.update (package:flutter/src/widgets/inherited_notifier.dart:108)
I/flutter (13804): #35     Element.updateChild (package:flutter/src/widgets/framework.dart:4037)
I/flutter (13804): #36     ComponentElement.performRebuild (package:flutter/src/widgets/framework.dart:5841)
I/flutter (13804): #37     StatefulElement.performRebuild (package:flutter/src/widgets/framework.dart:5982)
I/flutter (13804): #38     Element.rebuild (package:flutter/src/widgets/framework.dart:5529)
I/flutter (13804): #39     StatefulElement.update (package:flutter/src/widgets/framework.dart:6007)
I/flutter (13804): #40     Element.updateChild (package:flutter/src/widgets/framework.dart:4037)
I/flutter (13804): #41     ComponentElement.performRebuild (package:flutter/src/widgets/framework.dart:5841)
I/flutter (13804): #42     Element.rebuild (package:flutter/src/widgets/framework.dart:5529)
I/flutter (13804): #43     ProxyElement.update (package:flutter/src/widgets/framework.dart:6149)
I/flutter (13804): #44     Element.updateChild (package:flutter/src/widgets/framework.dart:4037)
I/flutter (13804): #45     ComponentElement.performRebuild (package:flutter/src/widgets/framework.dart:5841)
I/flutter (13804): #46     StatefulElement.performRebuild (package:flutter/src/widgets/framework.dart:5982)
I/flutter (13804): #47     Element.rebuild (package:flutter/src/widgets/framework.dart:5529)
I/flutter (13804): #48     StatefulElement.update (package:flutter/src/widgets/framework.dart:6007)
I/flutter (13804): #49     Element.updateChild (package:flutter/src/widgets/framework.dart:4037)
I/flutter (13804): #50     ComponentElement.performRebuild (package:flutter/src/widgets/framework.dart:5841)
I/flutter (13804): #51     Element.rebuild (package:flutter/src/widgets/framework.dart:5529)
I/flutter (13804): #52     ProxyElement.update (package:flutter/src/widgets/framework.dart:6149)
I/flutter (13804): #53     Element.updateChild (package:flutter/src/widgets/framework.dart:4037)
I/flutter (13804): #54     ComponentElement.performRebuild (package:flutter/src/widgets/framework.dart:5841)
I/flutter (13804): #55     StatefulElement.performRebuild (package:flutter/src/widgets/framework.dart:5982)
I/flutter (13804): #56     Element.rebuild (package:flutter/src/widgets/framework.dart:5529)
I/flutter (13804): #57     StatefulElement.update (package:flutter/src/widgets/framework.dart:6007)
I/flutter (13804): #58     Element.updateChild (package:flutter/src/widgets/framework.dart:4037)
I/flutter (13804): #59     ComponentElement.performRebuild (package:flutter/src/widgets/framework.dart:5841)
I/flutter (13804): #60     Element.rebuild (package:flutter/src/widgets/framework.dart:5529)
I/flutter (13804): #61     StatelessElement.update (package:flutter/src/widgets/framework.dart:5895)
I/flutter (13804): #62     Element.updateChild (package:flutter/src/widgets/framework.dart:4037)
I/flutter (13804): #63     SingleChildRenderObjectElement.update (package:flutter/src/widgets/framework.dart:7122)
I/flutter (13804): #64     Element.updateChild (package:flutter/src/widgets/framework.dart:4037)
I/flutter (13804): #65     SingleChildRenderObjectElement.update (package:flutter/src/widgets/framework.dart:7122)
I/flutter (13804): #66     Element.updateChild (package:flutter/src/widgets/framework.dart:4037)
I/flutter (13804): #67     SingleChildRenderObjectElement.update (package:flutter/src/widgets/framework.dart:7122)
I/flutter (13804): #68     Element.updateChild (package:flutter/src/widgets/framework.dart:4037)
I/flutter (13804): #69     ComponentElement.performRebuild (package:flutter/src/widgets/framework.dart:5841)
I/flutter (13804): #70     StatefulElement.performRebuild (package:flutter/src/widgets/framework.dart:5982)
I/flutter (13804): #71     Element.rebuild (package:flutter/src/widgets/framework.dart:5529)
I/flutter (13804): #72     StatefulElement.update (package:flutter/src/widgets/framework.dart:6007)
I/flutter (13804): #73     Element.updateChild (package:flutter/src/widgets/framework.dart:4037)
I/flutter (13804): #74     ComponentElement.performRebuild (package:flutter/src/widgets/framework.dart:5841)
I/flutter (13804): #75     Element.rebuild (package:flutter/src/widgets/framework.dart:5529)
I/flutter (13804): #76     ProxyElement.update (package:flutter/src/widgets/framework.dart:6149)
I/flutter (13804): #77     Element.updateChild (package:flutter/src/widgets/framework.dart:4037)
I/flutter (13804): #78     ComponentElement.performRebuild (package:flutter/src/widgets/framework.dart:5841)
I/flutter (13804): #79     Element.rebuild (package:flutter/src/widgets/framework.dart:5529)
I/flutter (13804): #80     ProxyElement.update (package:flutter/src/widgets/framework.dart:6149)
I/flutter (13804): #81     Element.updateChild (package:flutter/src/widgets/framework.dart:4037)
I/flutter (13804): #82     ComponentElement.performRebuild (package:flutter/src/widgets/framework.dart:5841)
I/flutter (13804): #83     StatefulElement.performRebuild (package:flutter/src/widgets/framework.dart:5982)
I/flutter (13804): #84     Element.rebuild (package:flutter/src/widgets/framework.dart:5529)
I/flutter (13804): #85     StatefulElement.update (package:flutter/src/widgets/framework.dart:6007)
I/flutter (13804): #86     Element.updateChild (package:flutter/src/widgets/framework.dart:4037)
I/flutter (13804): #87     ComponentElement.performRebuild (package:flutter/src/widgets/framework.dart:5841)
I/flutter (13804): #89     StatelessElement.update (package:flutter/src/widgets/framework.dart:5895)
I/flutter (13804): #90     Element.updateChild (package:flutter/src/widgets/framework.dart:4037)
I/flutter (13804): #91     SliverMultiBoxAdaptorElement.updateChild (package:flutter/src/widgets/sliver.dart:1086)
I/flutter (13804): #92     SliverMultiBoxAdaptorElement.performRebuild.processElement (package:flutter/src/widgets/sliver.dart:979)
I/flutter (13804): #93     Iterable.forEach (dart:core/iterable.dart:366)
I/flutter (13804): #94     SliverMultiBoxAdaptorElement.performRebuild (package:flutter/src/widgets/sliver.dart:1032)
I/flutter (13804): #95     SliverMultiBoxAdaptorElement.update (package:flutter/src/widgets/sliver.dart:955)
I/flutter (13804): #96     Element.updateChild (package:flutter/src/widgets/framework.dart:4037)
I/flutter (13804): #97     ComponentElement.performRebuild (package:flutter/src/widgets/framework.dart:5841)
I/flutter (13804): #98     Element.rebuild (package:flutter/src/widgets/framework.dart:5529)
I/flutter (13804): #99     ProxyElement.update (package:flutter/src/widgets/framework.dart:6149)
[spm]: ProfilerData event received.
I/flutter (13804): [SPM:perf] 698a51a  buildSpan: 11043µs
I/flutter (13804): [spm] Performance monitoring completed for 698a51a
I/flutter (13804): type '_Stub' is not a subtype of type 'Color?'
I/flutter (13804): #0      LeagueCard.build (package:benchmark_container/generated_widget.dart:125)
I/flutter (13804): #1      StatelessElement.build (package:flutter/src/widgets/framework.dart:5889)
I/flutter (13804): #2      ComponentElement.performRebuild (package:flutter/src/widgets/framework.dart:5817)
I/flutter (13804): #3      Element.rebuild (package:flutter/src/widgets/framework.dart:5529)
I/flutter (13804): #4      StatelessElement.update (package:flutter/src/widgets/framework.dart:5895)
I/flutter (13804): #5      Element.updateChild (package:flutter/src/widgets/framework.dart:4037)
I/flutter (13804): #6      SingleChildRenderObjectElement.update (package:flutter/src/widgets/framework.dart:7122)
I/flutter (13804): #7      Element.updateChild (package:flutter/src/widgets/framework.dart:4037)
I/flutter (13804): #8      ComponentElement.performRebuild (package:flutter/src/widgets/framework.dart:5841)
I/flutter (13804): #9      StatefulElement.performRebuild (package:flutter/src/widgets/framework.dart:5982)
I/flutter (13804): #10     Element.rebuild (package:flutter/src/widgets/framework.dart:5529)
I/flutter (13804): #11     StatefulElement.update (package:flutter/src/widgets/framework.dart:6007)
I/flutter (13804): #12     Element.updateChild (package:flutter/src/widgets/framework.dart:4037)
I/flutter (13804): #13     ComponentElement.performRebuild (package:flutter/src/widgets/framework.dart:5841)
I/flutter (13804): #14     Element.rebuild (package:flutter/src/widgets/framework.dart:5529)
I/flutter (13804): #15     StatelessElement.update (package:flutter/src/widgets/framework.dart:5895)
I/flutter (13804): #16     Element.updateChild (package:flutter/src/widgets/framework.dart:4037)
I/flutter (13804): #17     SingleChildRenderObjectElement.update (package:flutter/src/widgets/framework.dart:7122)
I/flutter (13804): #18     Element.updateChild (package:flutter/src/widgets/framework.dart:4037)
I/flutter (13804): #19     ComponentElement.performRebuild (package:flutter/src/widgets/framework.dart:5841)
I/flutter (13804): #20     Element.rebuild (package:flutter/src/widgets/framework.dart:5529)
I/flutter (13804): #21     ProxyElement.update (package:flutter/src/widgets/framework.dart:6149)
I/flutter (13804): #22     Element.updateChild (package:flutter/src/widgets/framework.dart:4037)
I/flutter (13804): #23     ComponentElement.performRebuild (package:flutter/src/widgets/framework.dart:5841)
I/flutter (13804): #24     Element.rebuild (package:flutter/src/widgets/framework.dart:5529)
I/flutter (13804): #25     StatelessElement.update (package:flutter/src/widgets/framework.dart:5895)
I/flutter (13804): #26     Element.updateChild (package:flutter/src/widgets/framework.dart:4037)
I/flutter (13804): #27     SingleChildRenderObjectElement.update (package:flutter/src/widgets/framework.dart:7122)
I/flutter (13804): #28     Element.updateChild (package:flutter/src/widgets/framework.dart:4037)
I/flutter (13804): #29     SingleChildRenderObjectElement.update (package:flutter/src/widgets/framework.dart:7122)
I/flutter (13804): #30     Element.updateChild (package:flutter/src/widgets/framework.dart:4037)
I/flutter (13804): #31     ComponentElement.performRebuild (package:flutter/src/widgets/framework.dart:5841)
I/flutter (13804): #32     Element.rebuild (package:flutter/src/widgets/framework.dart:5529)
I/flutter (13804): #33     ProxyElement.update (package:flutter/src/widgets/framework.dart:6149)
I/flutter (13804): #34     _InheritedNotifierElement.update (package:flutter/src/widgets/inherited_notifier.dart:108)
I/flutter (13804): #35     Element.updateChild (package:flutter/src/widgets/framework.dart:4037)
I/flutter (13804): #36     ComponentElement.performRebuild (package:flutter/src/widgets/framework.dart:5841)
I/flutter (13804): #37     StatefulElement.performRebuild (package:flutter/src/widgets/framework.dart:5982)
I/flutter (13804): #38     Element.rebuild (package:flutter/src/widgets/framework.dart:5529)
I/flutter (13804): #39     StatefulElement.update (package:flutter/src/widgets/framework.dart:6007)
I/flutter (13804): #40     Element.updateChild (package:flutter/src/widgets/framework.dart:4037)
I/flutter (13804): #41     ComponentElement.performRebuild (package:flutter/src/widgets/framework.dart:5841)
I/flutter (13804): #42     Element.rebuild (package:flutter/src/widgets/framework.dart:5529)
I/flutter (13804): #43     ProxyElement.update (package:flutter/src/widgets/framework.dart:6149)
I/flutter (13804): #44     Element.updateChild (package:flutter/src/widgets/framework.dart:4037)
I/flutter (13804): #45     ComponentElement.performRebuild (package:flutter/src/widgets/framework.dart:5841)
I/flutter (13804): #46     StatefulElement.performRebuild (package:flutter/src/widgets/framework.dart:5982)
I/flutter (13804): #47     Element.rebuild (package:flutter/src/widgets/framework.dart:5529)
I/flutter (13804): #48     StatefulElement.update (package:flutter/src/widgets/framework.dart:6007)
I/flutter (13804): #49     Element.updateChild (package:flutter/src/widgets/framework.dart:4037)
I/flutter (13804): #50     ComponentElement.performRebuild (package:flutter/src/widgets/framework.dart:5841)
I/flutter (13804): #51     Element.rebuild (package:flutter/src/widgets/framework.dart:5529)
I/flutter (13804): #52     ProxyElement.update (package:flutter/src/widgets/framework.dart:6149)
I/flutter (13804): #53     Element.updateChild (package:flutter/src/widgets/framework.dart:4037)
I/flutter (13804): #54     ComponentElement.performRebuild (package:flutter/src/widgets/framework.dart:5841)
I/flutter (13804): #55     StatefulElement.performRebuild (package:flutter/src/widgets/framework.dart:5982)
I/flutter (13804): #56     Element.rebuild (package:flutter/src/widgets/framework.dart:5529)
I/flutter (13804): #57     StatefulElement.update (package:flutter/src/widgets/framework.dart:6007)
I/flutter (13804): #58     Element.updateChild (package:flutter/src/widgets/framework.dart:4037)
I/flutter (13804): #59     ComponentElement.performRebuild (package:flutter/src/widgets/framework.dart:5841)
I/flutter (13804): #60     Element.rebuild (package:flutter/src/widgets/framework.dart:5529)
I/flutter (13804): #61     StatelessElement.update (package:flutter/src/widgets/framework.dart:5895)
I/flutter (13804): #62     Element.updateChild (package:flutter/src/widgets/framework.dart:4037)
I/flutter (13804): #63     SingleChildRenderObjectElement.update (package:flutter/src/widgets/framework.dart:7122)
I/flutter (13804): #64     Element.updateChild (package:flutter/src/widgets/framework.dart:4037)
I/flutter (13804): #65     SingleChildRenderObjectElement.update (package:flutter/src/widgets/framework.dart:7122)
I/flutter (13804): #66     Element.updateChild (package:flutter/src/widgets/framework.dart:4037)
I/flutter (13804): #67     SingleChildRenderObjectElement.update (package:flutter/src/widgets/framework.dart:7122)
I/flutter (13804): #68     Element.updateChild (package:flutter/src/widgets/framework.dart:4037)
I/flutter (13804): #69     ComponentElement.performRebuild (package:flutter/src/widgets/framework.dart:5841)
I/flutter (13804): #70     StatefulElement.performRebuild (package:flutter/src/widgets/framework.dart:5982)
I/flutter (13804): #71     Element.rebuild (package:flutter/src/widgets/framework.dart:5529)
I/flutter (13804): #72     StatefulElement.update (package:flutter/src/widgets/framework.dart:6007)
I/flutter (13804): #73     Element.updateChild (package:flutter/src/widgets/framework.dart:4037)
I/flutter (13804): #74     ComponentElement.performRebuild (package:flutter/src/widgets/framework.dart:5841)
I/flutter (13804): #75     Element.rebuild (package:flutter/src/widgets/framework.dart:5529)
I/flutter (13804): #76     ProxyElement.update (package:flutter/src/widgets/framework.dart:6149)
I/flutter (13804): #77     Element.updateChild (package:flutter/src/widgets/framework.dart:4037)
I/flutter (13804): #78     ComponentElement.performRebuild (package:flutter/src/widgets/framework.dart:5841)
I/flutter (13804): #79     Element.rebuild (package:flutter/src/widgets/framework.dart:5529)
I/flutter (13804): #80     ProxyElement.update (package:flutter/src/widgets/framework.dart:6149)
I/flutter (13804): #81     Element.updateChild (package:flutter/src/widgets/framework.dart:4037)
I/flutter (13804): #82     ComponentElement.performRebuild (package:flutter/src/widgets/framework.dart:5841)
I/flutter (13804): #83     StatefulElement.performRebuild (package:flutter/src/widgets/framework.dart:5982)
I/flutter (13804): #84     Element.rebuild (package:flutter/src/widgets/framework.dart:5529)
I/flutter (13804): #85     StatefulElement.update (package:flutter/src/widgets/framework.dart:6007)
I/flutter (13804): #86     Element.updateChild (package:flutter/src/widgets/framework.dart:4037)
I/flutter (13804): #87     ComponentElement.performRebuild (package:flutter/src/widgets/framework.dart:5841)
I/flutter (13804): #88     Element.rebuild (package:flutter/src/widgets/framework.dart:5529)
I/flutter (13804): #89     StatelessElement.update (package:flutter/src/widgets/framework.dart:5895)
I/flutter (13804): #90     Element.updateChild (package:flutter/src/widgets/framework.dart:4037)
I/flutter (13804): #91     SliverMultiBoxAdaptorElement.updateChild (package:flutter/src/widgets/sliver.dart:1086)
I/flutter (13804): #92     SliverMultiBoxAdaptorElement.performRebuild.processElement (package:flutter/src/widgets/sliver.dart:979)
I/flutter (13804): #93     Iterable.forEach (dart:core/iterable.dart:366)
I/flutter (13804): #94     SliverMultiBoxAdaptorElement.performRebuild (package:flutter/src/widgets/sliver.dart:1032)
I/flutter (13804): #95     SliverMultiBoxAdaptorElement.update (package:flutter/src/widgets/sliver.dart:955)
I/flutter (13804): #96     Element.updateChild (package:flutter/src/widgets/framework.dart:4037)
I/flutter (13804): #97     ComponentElement.performRebuild (package:flutter/src/widgets/framework.dart:5841)
I/flutter (13804): #98     Element.rebuild (package:flutter/src/widgets/framework.dart:5529)
I/flutter (13804): #99     ProxyElement.update (package:flutter/src/widgets/framework.dart:6149)
[spm]: ProfilerData event received.
I/flutter (13804): [SPM:perf] 698a51a  buildSpan: 9897µs
I/flutter (13804): [spm] Performance monitoring completed for 698a51a
I/flutter (13804): type '_Stub' is not a subtype of type 'Color?'
I/flutter (13804): #0      LeagueCard.build (package:benchmark_container/generated_widget.dart:125)
I/flutter (13804): #1      StatelessElement.build (package:flutter/src/widgets/framework.dart:5889)
I/flutter (13804): #2      ComponentElement.performRebuild (package:flutter/src/widgets/framework.dart:5817)
I/flutter (13804): #3      Element.rebuild (package:flutter/src/widgets/framework.dart:5529)
I/flutter (13804): #4      StatelessElement.update (package:flutter/src/widgets/framework.dart:5895)
I/flutter (13804): #5      Element.updateChild (package:flutter/src/widgets/framework.dart:4037)
I/flutter (13804): #6      SingleChildRenderObjectElement.update (package:flutter/src/widgets/framework.dart:7122)
I/flutter (13804): #7      Element.updateChild (package:flutter/src/widgets/framework.dart:4037)
I/flutter (13804): #8      ComponentElement.performRebuild (package:flutter/src/widgets/framework.dart:5841)
I/flutter (13804): #9      StatefulElement.performRebuild (package:flutter/src/widgets/framework.dart:5982)
I/flutter (13804): #10     Element.rebuild (package:flutter/src/widgets/framework.dart:5529)
I/flutter (13804): #11     StatefulElement.update (package:flutter/src/widgets/framework.dart:6007)
I/flutter (13804): #12     Element.updateChild (package:flutter/src/widgets/framework.dart:4037)
I/flutter (13804): #13     ComponentElement.performRebuild (package:flutter/src/widgets/framework.dart:5841)
I/flutter (13804): #14     Element.rebuild (package:flutter/src/widgets/framework.dart:5529)
I/flutter (13804): #15     StatelessElement.update (package:flutter/src/widgets/framework.dart:5895)
I/flutter (13804): #16     Element.updateChild (package:flutter/src/widgets/framework.dart:4037)
I/flutter (13804): #17     SingleChildRenderObjectElement.update (package:flutter/src/widgets/framework.dart:7122)
I/flutter (13804): #18     Element.updateChild (package:flutter/src/widgets/framework.dart:4037)
I/flutter (13804): #19     ComponentElement.performRebuild (package:flutter/src/widgets/framework.dart:5841)
I/flutter (13804): #20     Element.rebuild (package:flutter/src/widgets/framework.dart:5529)
I/flutter (13804): #21     ProxyElement.update (package:flutter/src/widgets/framework.dart:6149)
I/flutter (13804): #22     Element.updateChild (package:flutter/src/widgets/framework.dart:4037)
I/flutter (13804): #23     ComponentElement.performRebuild (package:flutter/src/widgets/framework.dart:5841)
I/flutter (13804): #24     Element.rebuild (package:flutter/src/widgets/framework.dart:5529)
I/flutter (13804): #25     StatelessElement.update (package:flutter/src/widgets/framework.dart:5895)
I/flutter (13804): #26     Element.updateChild (package:flutter/src/widgets/framework.dart:4037)
I/flutter (13804): #27     SingleChildRenderObjectElement.update (package:flutter/src/widgets/framework.dart:7122)
I/flutter (13804): #28     Element.updateChild (package:flutter/src/widgets/framework.dart:4037)
I/flutter (13804): #29     SingleChildRenderObjectElement.update (package:flutter/src/widgets/framework.dart:7122)
I/flutter (13804): #30     Element.updateChild (package:flutter/src/widgets/framework.dart:4037)
I/flutter (13804): #31     ComponentElement.performRebuild (package:flutter/src/widgets/framework.dart:5841)
I/flutter (13804): #32     Element.rebuild (package:flutter/src/widgets/framework.dart:5529)
I/flutter (13804): #33     ProxyElement.update (package:flutter/src/widgets/framework.dart:6149)
I/flutter (13804): #34     _InheritedNotifierElement.update (package:flutter/src/widgets/inherited_notifier.dart:108)
I/flutter (13804): #35     Element.updateChild (package:flutter/src/widgets/framework.dart:4037)
I/flutter (13804): #36     ComponentElement.performRebuild (package:flutter/src/widgets/framework.dart:5841)
I/flutter (13804): #37     StatefulElement.performRebuild (package:flutter/src/widgets/framework.dart:5982)
I/flutter (13804): #38     Element.rebuild (package:flutter/src/widgets/framework.dart:5529)
I/flutter (13804): #39     StatefulElement.update (package:flutter/src/widgets/framework.dart:6007)
I/flutter (13804): #40     Element.updateChild (package:flutter/src/widgets/framework.dart:4037)
I/flutter (13804): #41     ComponentElement.performRebuild (package:flutter/src/widgets/framework.dart:5841)
I/flutter (13804): #42     Element.rebuild (package:flutter/src/widgets/framework.dart:5529)
I/flutter (13804): #43     ProxyElement.update (package:flutter/src/widgets/framework.dart:6149)
I/flutter (13804): #44     Element.updateChild (package:flutter/src/widgets/framework.dart:4037)
I/flutter (13804): #45     ComponentElement.performRebuild (package:flutter/src/widgets/framework.dart:5841)
I/flutter (13804): #46     StatefulElement.performRebuild (package:flutter/src/widgets/framework.dart:5982)
I/flutter (13804): #47     Element.rebuild (package:flutter/src/widgets/framework.dart:5529)
I/flutter (13804): #48     StatefulElement.update (package:flutter/src/widgets/framework.dart:6007)
I/flutter (13804): #49     Element.updateChild (package:flutter/src/widgets/framework.dart:4037)
I/flutter (13804): #50     ComponentElement.performRebuild (package:flutter/src/widgets/framework.dart:5841)
I/flutter (13804): #51     Element.rebuild (package:flutter/src/widgets/framework.dart:5529)
I/flutter (13804): #52     ProxyElement.update (package:flutter/src/widgets/framework.dart:6149)
I/flutter (13804): #53     Element.updateChild (package:flutter/src/widgets/framework.dart:4037)
I/flutter (13804): #54     ComponentElement.performRebuild (package:flutter/src/widgets/framework.dart:5841)
I/flutter (13804): #55     StatefulElement.performRebuild (package:flutter/src/widgets/framework.dart:5982)
I/flutter (13804): #56     Element.rebuild (package:flutter/src/widgets/framework.dart:5529)
I/flutter (13804): #57     StatefulElement.update (package:flutter/src/widgets/framework.dart:6007)
I/flutter (13804): #58     Element.updateChild (package:flutter/src/widgets/framework.dart:4037)
I/flutter (13804): #59     ComponentElement.performRebuild (package:flutter/src/widgets/framework.dart:5841)
I/flutter (13804): #60     Element.rebuild (package:flutter/src/widgets/framework.dart:5529)
I/flutter (13804): #61     StatelessElement.update (package:flutter/src/widgets/framework.dart:5895)
I/flutter (13804): #62     Element.updateChild (package:flutter/src/widgets/framework.dart:4037)
I/flutter (13804): #63     SingleChildRenderObjectElement.update (package:flutter/src/widgets/framework.dart:7122)
I/flutter (13804): #64     Element.updateChild (package:flutter/src/widgets/framework.dart:4037)
I/flutter (13804): #65     SingleChildRenderObjectElement.update (package:flutter/src/widgets/framework.dart:7122)
I/flutter (13804): #66     Element.updateChild (package:flutter/src/widgets/framework.dart:4037)
I/flutter (13804): #67     SingleChildRenderObjectElement.update (package:flutter/src/widgets/framework.dart:7122)
I/flutter (13804): #68     Element.updateChild (package:flutter/src/widgets/framework.dart:4037)
I/flutter (13804): #69     ComponentElement.performRebuild (package:flutter/src/widgets/framework.dart:5841)
I/flutter (13804): #70     StatefulElement.performRebuild (package:flutter/src/widgets/framework.dart:5982)
I/flutter (13804): #71     Element.rebuild (package:flutter/src/widgets/framework.dart:5529)
I/flutter (13804): #72     StatefulElement.update (package:flutter/src/widgets/framework.dart:6007)
I/flutter (13804): #73     Element.updateChild (package:flutter/src/widgets/framework.dart:4037)
I/flutter (13804): #74     ComponentElement.performRebuild (package:flutter/src/widgets/framework.dart:5841)
I/flutter (13804): #75     Element.rebuild (package:flutter/src/widgets/framework.dart:5529)
I/flutter (13804): #76     ProxyElement.update (package:flutter/src/widgets/framework.dart:6149)
I/flutter (13804): #77     Element.updateChild (package:flutter/src/widgets/framework.dart:4037)
I/flutter (13804): #78     ComponentElement.performRebuild (package:flutter/src/widgets/framework.dart:5841)
I/flutter (13804): #79     Element.rebuild (package:flutter/src/widgets/framework.dart:5529)
I/flutter (13804): #80     ProxyElement.update (package:flutter/src/widgets/framework.dart:6149)
I/flutter (13804): #81     Element.updateChild (package:flutter/src/widgets/framework.dart:4037)
I/flutter (13804): #82     ComponentElement.performRebuild (package:flutter/src/widgets/framework.dart:5841)
I/flutter (13804): #83     StatefulElement.performRebuild (package:flutter/src/widgets/framework.dart:5982)
I/flutter (13804): #84     Element.rebuild (package:flutter/src/widgets/framework.dart:5529)
I/flutter (13804): #85     StatefulElement.update (package:flutter/src/widgets/framework.dart:6007)
I/flutter (13804): #86     Element.updateChild (package:flutter/src/widgets/framework.dart:4037)
I/flutter (13804): #87     ComponentElement.performRebuild (package:flutter/src/widgets/framework.dart:5841)
I/flutter (13804): #88     Element.rebuild (package:flutter/src/widgets/framework.dart:5529)
I/flutter (13804): #89     StatelessElement.update (package:flutter/src/widgets/framework.dart:5895)
I/flutter (13804): #90     Element.updateChild (package:flutter/src/widgets/framework.dart:4037)
I/flutter (13804): #91     SliverMultiBoxAdaptorElement.updateChild (package:flutter/src/widgets/sliver.dart:1086)
I/flutter (13804): #92     SliverMultiBoxAdaptorElement.performRebuild.processElement (package:flutter/src/widgets/sliver.dart:979)
I/flutter (13804): #93     Iterable.forEach (dart:core/iterable.dart:366)
I/flutter (13804): #94     SliverMultiBoxAdaptorElement.performRebuild (package:flutter/src/widgets/sliver.dart:1032)
I/flutter (13804): #95     SliverMultiBoxAdaptorElement.update (package:flutter/src/widgets/sliver.dart:955)
I/flutter (13804): #96     Element.updateChild (package:flutter/src/widgets/framework.dart:4037)
I/flutter (13804): #97     ComponentElement.performRebuild (package:flutter/src/widgets/framework.dart:5841)
I/flutter (13804): #98     Element.rebuild (package:flutter/src/widgets/framework.dart:5529)
I/flutter (13804): #99     ProxyElement.update (package:flutter/src/widgets/framework.dart:6149)
[spm]: ProfilerData event received.
I/flutter (13804): [SPM:perf] 698a51a  buildSpan: 10198µs
I/flutter (13804): [spm] Performance monitoring completed for 698a51a
I/flutter (13804): type '_Stub' is not a subtype of type 'Color?'
I/flutter (13804): #0      LeagueCard.build (package:benchmark_container/generated_widget.dart:125)
I/flutter (13804): #1      StatelessElement.build (package:flutter/src/widgets/framework.dart:5889)
I/flutter (13804): #2      ComponentElement.performRebuild (package:flutter/src/widgets/framework.dart:5817)
I/flutter (13804): #3      Element.rebuild (package:flutter/src/widgets/framework.dart:5529)
I/flutter (13804): #4      StatelessElement.update (package:flutter/src/widgets/framework.dart:5895)
I/flutter (13804): #5      Element.updateChild (package:flutter/src/widgets/framework.dart:4037)
I/flutter (13804): #6      SingleChildRenderObjectElement.update (package:flutter/src/widgets/framework.dart:7122)
I/flutter (13804): #7      Element.updateChild (package:flutter/src/widgets/framework.dart:4037)
I/flutter (13804): #8      ComponentElement.performRebuild (package:flutter/src/widgets/framework.dart:5841)
I/flutter (13804): #9      StatefulElement.performRebuild (package:flutter/src/widgets/framework.dart:5982)
I/flutter (13804): #10     Element.rebuild (package:flutter/src/widgets/framework.dart:5529)
I/flutter (13804): #11     StatefulElement.update (package:flutter/src/widgets/framework.dart:6007)
I/flutter (13804): #12     Element.updateChild (package:flutter/src/widgets/framework.dart:4037)
I/flutter (13804): #13     ComponentElement.performRebuild (package:flutter/src/widgets/framework.dart:5841)
I/flutter (13804): #14     Element.rebuild (package:flutter/src/widgets/framework.dart:5529)
I/flutter (13804): #15     StatelessElement.update (package:flutter/src/widgets/framework.dart:5895)
I/flutter (13804): #16     Element.updateChild (package:flutter/src/widgets/framework.dart:4037)
I/flutter (13804): #17     SingleChildRenderObjectElement.update (package:flutter/src/widgets/framework.dart:7122)
I/flutter (13804): #18     Element.updateChild (package:flutter/src/widgets/framework.dart:4037)
I/flutter (13804): #19     ComponentElement.performRebuild (package:flutter/src/widgets/framework.dart:5841)
I/flutter (13804): #20     Element.rebuild (package:flutter/src/widgets/framework.dart:5529)
I/flutter (13804): #21     ProxyElement.update (package:flutter/src/widgets/framework.dart:6149)
I/flutter (13804): #22     Element.updateChild (package:flutter/src/widgets/framework.dart:4037)
I/flutter (13804): #23     ComponentElement.performRebuild (package:flutter/src/widgets/framework.dart:5841)
I/flutter (13804): #24     Element.rebuild (package:flutter/src/widgets/framework.dart:5529)
I/flutter (13804): #25     StatelessElement.update (package:flutter/src/widgets/framework.dart:5895)
I/flutter (13804): #26     Element.updateChild (package:flutter/src/widgets/framework.dart:4037)
I/flutter (13804): #27     SingleChildRenderObjectElement.update (package:flutter/src/widgets/framework.dart:7122)
I/flutter (13804): #28     Element.updateChild (package:flutter/src/widgets/framework.dart:4037)
I/flutter (13804): #29     SingleChildRenderObjectElement.update (package:flutter/src/widgets/framework.dart:7122)
I/flutter (13804): #30     Element.updateChild (package:flutter/src/widgets/framework.dart:4037)
I/flutter (13804): #31     ComponentElement.performRebuild (package:flutter/src/widgets/framework.dart:5841)
I/flutter (13804): #32     Element.rebuild (package:flutter/src/widgets/framework.dart:5529)
I/flutter (13804): #33     ProxyElement.update (package:flutter/src/widgets/framework.dart:6149)
I/flutter (13804): #34     _InheritedNotifierElement.update (package:flutter/src/widgets/inherited_notifier.dart:108)
I/flutter (13804): #35     Element.updateChild (package:flutter/src/widgets/framework.dart:4037)
I/flutter (13804): #36     ComponentElement.performRebuild (package:flutter/src/widgets/framework.dart:5841)
I/flutter (13804): #37     StatefulElement.performRebuild (package:flutter/src/widgets/framework.dart:5982)
I/flutter (13804): #38     Element.rebuild (package:flutter/src/widgets/framework.dart:5529)
I/flutter (13804): #39     StatefulElement.update (package:flutter/src/widgets/framework.dart:6007)
I/flutter (13804): #40     Element.updateChild (package:flutter/src/widgets/framework.dart:4037)
I/flutter (13804): #41     ComponentElement.performRebuild (package:flutter/src/widgets/framework.dart:5841)
I/flutter (13804): #42     Element.rebuild (package:flutter/src/widgets/framework.dart:5529)
I/flutter (13804): #43     ProxyElement.update (package:flutter/src/widgets/framework.dart:6149)
I/flutter (13804): #44     Element.updateChild (package:flutter/src/widgets/framework.dart:4037)
I/flutter (13804): #45     ComponentElement.performRebuild (package:flutter/src/widgets/framework.dart:5841)
I/flutter (13804): #46     StatefulElement.performRebuild (package:flutter/src/widgets/framework.dart:5982)
I/flutter (13804): #47     Element.rebuild (package:flutter/src/widgets/framework.dart:5529)
I/flutter (13804): #48     StatefulElement.update (package:flutter/src/widgets/framework.dart:6007)
I/flutter (13804): #49     Element.updateChild (package:flutter/src/widgets/framework.dart:4037)
I/flutter (13804): #50     ComponentElement.performRebuild (package:flutter/src/widgets/framework.dart:5841)
I/flutter (13804): #51     Element.rebuild (package:flutter/src/widgets/framework.dart:5529)
I/flutter (13804): #52     ProxyElement.update (package:flutter/src/widgets/framework.dart:6149)
I/flutter (13804): #53     Element.updateChild (package:flutter/src/widgets/framework.dart:4037)
I/flutter (13804): #54     ComponentElement.performRebuild (package:flutter/src/widgets/framework.dart:5841)
I/flutter (13804): #55     StatefulElement.performRebuild (package:flutter/src/widgets/framework.dart:5982)
I/flutter (13804): #56     Element.rebuild (package:flutter/src/widgets/framework.dart:5529)
I/flutter (13804): #57     StatefulElement.update (package:flutter/src/widgets/framework.dart:6007)
I/flutter (13804): #58     Element.updateChild (package:flutter/src/widgets/framework.dart:4037)
I/flutter (13804): #59     ComponentElement.performRebuild (package:flutter/src/widgets/framework.dart:5841)
I/flutter (13804): #60     Element.rebuild (package:flutter/src/widgets/framework.dart:5529)
I/flutter (13804): #61     StatelessElement.update (package:flutter/src/widgets/framework.dart:5895)
I/flutter (13804): #62     Element.updateChild (package:flutter/src/widgets/framework.dart:4037)
I/flutter (13804): #63     SingleChildRenderObjectElement.update (package:flutter/src/widgets/framework.dart:7122)
I/flutter (13804): #64     Element.updateChild (package:flutter/src/widgets/framework.dart:4037)
I/flutter (13804): #65     SingleChildRenderObjectElement.update (package:flutter/src/widgets/framework.dart:7122)
I/flutter (13804): #66     Element.updateChild (package:flutter/src/widgets/framework.dart:4037)
I/flutter (13804): #67     SingleChildRenderObjectElement.update (package:flutter/src/widgets/framework.dart:7122)
I/flutter (13804): #68     Element.updateChild (package:flutter/src/widgets/framework.dart:4037)
I/flutter (13804): #69     ComponentElement.performRebuild (package:flutter/src/widgets/framework.dart:5841)
I/flutter (13804): #70     StatefulElement.performRebuild (package:flutter/src/widgets/framework.dart:5982)
I/flutter (13804): #71     Element.rebuild (package:flutter/src/widgets/framework.dart:5529)
I/flutter (13804): #72     StatefulElement.update (package:flutter/src/widgets/framework.dart:6007)
I/flutter (13804): #73     Element.updateChild (package:flutter/src/widgets/framework.dart:4037)
I/flutter (13804): #74     ComponentElement.performRebuild (package:flutter/src/widgets/framework.dart:5841)
I/flutter (13804): #75     Element.rebuild (package:flutter/src/widgets/framework.dart:5529)
I/flutter (13804): #76     ProxyElement.update (package:flutter/src/widgets/framework.dart:6149)
I/flutter (13804): #77     Element.updateChild (package:flutter/src/widgets/framework.dart:4037)
I/flutter (13804): #78     ComponentElement.performRebuild (package:flutter/src/widgets/framework.dart:5841)
I/flutter (13804): #79     Element.rebuild (package:flutter/src/widgets/framework.dart:5529)
I/flutter (13804): #80     ProxyElement.update (package:flutter/src/widgets/framework.dart:6149)
I/flutter (13804): #81     Element.updateChild (package:flutter/src/widgets/framework.dart:4037)
I/flutter (13804): #82     ComponentElement.performRebuild (package:flutter/src/widgets/framework.dart:5841)
I/flutter (13804): #83     StatefulElement.performRebuild (package:flutter/src/widgets/framework.dart:5982)
I/flutter (13804): #84     Element.rebuild (package:flutter/src/widgets/framework.dart:5529)
I/flutter (13804): #85     StatefulElement.update (package:flutter/src/widgets/framework.dart:6007)
I/flutter (13804): #86     Element.updateChild (package:flutter/src/widgets/framework.dart:4037)
I/flutter (13804): #87     ComponentElement.performRebuild (package:flutter/src/widgets/framework.dart:5841)
I/flutter (13804): #88     Element.rebuild (package:flutter/src/widgets/framework.dart:5529)
I/flutter (13804): #89     StatelessElement.update (package:flutter/src/widgets/framework.dart:5895)
I/flutter (13804): #90     Element.updateChild (package:flutter/src/widgets/framework.dart:4037)
I/flutter (13804): #91     SliverMultiBoxAdaptorElement.updateChild (package:flutter/src/widgets/sliver.dart:1086)
I/flutter (13804): #92     SliverMultiBoxAdaptorElement.performRebuild.processElement (package:flutter/src/widgets/sliver.dart:979)
I/flutter (13804): #93     Iterable.forEach (dart:core/iterable.dart:366)
I/flutter (13804): #94     SliverMultiBoxAdaptorElement.performRebuild (package:flutter/src/widgets/sliver.dart:1032)
I/flutter (13804): #95     SliverMultiBoxAdaptorElement.update (package:flutter/src/widgets/sliver.dart:955)
I/flutter (13804): #96     Element.updateChild (package:flutter/src/widgets/framework.dart:4037)
I/flutter (13804): #97     ComponentElement.performRebuild (package:flutter/src/widgets/framework.dart:5841)
I/flutter (13804): #98     Element.rebuild (package:flutter/src/widgets/framework.dart:5529)
I/flutter (13804): #99     ProxyElement.update (package:flutter/src/widgets/framework.dart:6149)
[spm]: ProfilerData event received.
I/flutter (13804): [SPM:perf] 698a51a  buildSpan: 10382µs
I/flutter (13804): [spm] Performance monitoring completed for 698a51a
I/flutter (13804): type '_Stub' is not a subtype of type 'Color?'
I/flutter (13804): #0      LeagueCard.build (package:benchmark_container/generated_widget.dart:125)
I/flutter (13804): #1      StatelessElement.build (package:flutter/src/widgets/framework.dart:5889)
I/flutter (13804): #2      ComponentElement.performRebuild (package:flutter/src/widgets/framework.dart:5817)
I/flutter (13804): #3      Element.rebuild (package:flutter/src/widgets/framework.dart:5529)
I/flutter (13804): #4      StatelessElement.update (package:flutter/src/widgets/framework.dart:5895)
I/flutter (13804): #5      Element.updateChild (package:flutter/src/widgets/framework.dart:4037)
I/flutter (13804): #6      SingleChildRenderObjectElement.update (package:flutter/src/widgets/framework.dart:7122)
I/flutter (13804): #7      Element.updateChild (package:flutter/src/widgets/framework.dart:4037)
I/flutter (13804): #8      ComponentElement.performRebuild (package:flutter/src/widgets/framework.dart:5841)
I/flutter (13804): #9      StatefulElement.performRebuild (package:flutter/src/widgets/framework.dart:5982)
I/flutter (13804): #10     Element.rebuild (package:flutter/src/widgets/framework.dart:5529)
I/flutter (13804): #11     StatefulElement.update (package:flutter/src/widgets/framework.dart:6007)
I/flutter (13804): #12     Element.updateChild (package:flutter/src/widgets/framework.dart:4037)
I/flutter (13804): #13     ComponentElement.performRebuild (package:flutter/src/widgets/framework.dart:5841)
I/flutter (13804): #14     Element.rebuild (package:flutter/src/widgets/framework.dart:5529)
I/flutter (13804): #15     StatelessElement.update (package:flutter/src/widgets/framework.dart:5895)
I/flutter (13804): #16     Element.updateChild (package:flutter/src/widgets/framework.dart:4037)
I/flutter (13804): #17     SingleChildRenderObjectElement.update (package:flutter/src/widgets/framework.dart:7122)
I/flutter (13804): #18     Element.updateChild (package:flutter/src/widgets/framework.dart:4037)
I/flutter (13804): #19     ComponentElement.performRebuild (package:flutter/src/widgets/framework.dart:5841)
I/flutter (13804): #20     Element.rebuild (package:flutter/src/widgets/framework.dart:5529)
I/flutter (13804): #21     ProxyElement.update (package:flutter/src/widgets/framework.dart:6149)
I/flutter (13804): #22     Element.updateChild (package:flutter/src/widgets/framework.dart:4037)
I/flutter (13804): #23     ComponentElement.performRebuild (package:flutter/src/widgets/framework.dart:5841)
I/flutter (13804): #24     Element.rebuild (package:flutter/src/widgets/framework.dart:5529)
I/flutter (13804): #25     StatelessElement.update (package:flutter/src/widgets/framework.dart:5895)
I/flutter (13804): #26     Element.updateChild (package:flutter/src/widgets/framework.dart:4037)
I/flutter (13804): #27     SingleChildRenderObjectElement.update (package:flutter/src/widgets/framework.dart:7122)
I/flutter (13804): #28     Element.updateChild (package:flutter/src/widgets/framework.dart:4037)
I/flutter (13804): #29     SingleChildRenderObjectElement.update (package:flutter/src/widgets/framework.dart:7122)
I/flutter (13804): #30     Element.updateChild (package:flutter/src/widgets/framework.dart:4037)
I/flutter (13804): #31     ComponentElement.performRebuild (package:flutter/src/widgets/framework.dart:5841)
I/flutter (13804): #32     Element.rebuild (package:flutter/src/widgets/framework.dart:5529)
I/flutter (13804): #33     ProxyElement.update (package:flutter/src/widgets/framework.dart:6149)
I/flutter (13804): #34     _InheritedNotifierElement.update (package:flutter/src/widgets/inherited_notifier.dart:108)
I/flutter (13804): #35     Element.updateChild (package:flutter/src/widgets/framework.dart:4037)
I/flutter (13804): #36     ComponentElement.performRebuild (package:flutter/src/widgets/framework.dart:5841)
I/flutter (13804): #37     StatefulElement.performRebuild (package:flutter/src/widgets/framework.dart:5982)
I/flutter (13804): #38     Element.rebuild (package:flutter/src/widgets/framework.dart:5529)
I/flutter (13804): #39     StatefulElement.update (package:flutter/src/widgets/framework.dart:6007)
I/flutter (13804): #40     Element.updateChild (package:flutter/src/widgets/framework.dart:4037)
I/flutter (13804): #41     ComponentElement.performRebuild (package:flutter/src/widgets/framework.dart:5841)
I/flutter (13804): #42     Element.rebuild (package:flutter/src/widgets/framework.dart:5529)
I/flutter (13804): #43     ProxyElement.update (package:flutter/src/widgets/framework.dart:6149)
I/flutter (13804): #44     Element.updateChild (package:flutter/src/widgets/framework.dart:4037)
I/flutter (13804): #45     ComponentElement.performRebuild (package:flutter/src/widgets/framework.dart:5841)
I/flutter (13804): #46     StatefulElement.performRebuild (package:flutter/src/widgets/framework.dart:5982)
I/flutter (13804): #47     Element.rebuild (package:flutter/src/widgets/framework.dart:5529)
I/flutter (13804): #48     StatefulElement.update (package:flutter/src/widgets/framework.dart:6007)
I/flutter (13804): #49     Element.updateChild (package:flutter/src/widgets/framework.dart:4037)
I/flutter (13804): #50     ComponentElement.performRebuild (package:flutter/src/widgets/framework.dart:5841)
I/flutter (13804): #51     Element.rebuild (package:flutter/src/widgets/framework.dart:5529)
I/flutter (13804): #52     ProxyElement.update (package:flutter/src/widgets/framework.dart:6149)
I/flutter (13804): #53     Element.updateChild (package:flutter/src/widgets/framework.dart:4037)
I/flutter (13804): #54     ComponentElement.performRebuild (package:flutter/src/widgets/framework.dart:5841)
I/flutter (13804): #55     StatefulElement.performRebuild (package:flutter/src/widgets/framework.dart:5982)
I/flutter (13804): #56     Element.rebuild (package:flutter/src/widgets/framework.dart:5529)
I/flutter (13804): #57     StatefulElement.update (package:flutter/src/widgets/framework.dart:6007)
I/flutter (13804): #58     Element.updateChild (package:flutter/src/widgets/framework.dart:4037)
I/flutter (13804): #59     ComponentElement.performRebuild (package:flutter/src/widgets/framework.dart:5841)
I/flutter (13804): #60     Element.rebuild (package:flutter/src/widgets/framework.dart:5529)
I/flutter (13804): #61     StatelessElement.update (package:flutter/src/widgets/framework.dart:5895)
I/flutter (13804): #62     Element.updateChild (package:flutter/src/widgets/framework.dart:4037)
I/flutter (13804): #63     SingleChildRenderObjectElement.update (package:flutter/src/widgets/framework.dart:7122)
I/flutter (13804): #64     Element.updateChild (package:flutter/src/widgets/framework.dart:4037)
I/flutter (13804): #65     SingleChildRenderObjectElement.update (package:flutter/src/widgets/framework.dart:7122)
I/flutter (13804): #66     Element.updateChild (package:flutter/src/widgets/framework.dart:4037)
I/flutter (13804): #67     SingleChildRenderObjectElement.update (package:flutter/src/widgets/framework.dart:7122)
I/flutter (13804): #68     Element.updateChild (package:flutter/src/widgets/framework.dart:4037)
I/flutter (13804): #69     ComponentElement.performRebuild (package:flutter/src/widgets/framework.dart:5841)
I/flutter (13804): #70     StatefulElement.performRebuild (package:flutter/src/widgets/framework.dart:5982)
I/flutter (13804): #71     Element.rebuild (package:flutter/src/widgets/framework.dart:5529)
I/flutter (13804): #72     StatefulElement.update (package:flutter/src/widgets/framework.dart:6007)
I/flutter (13804): #73     Element.updateChild (package:flutter/src/widgets/framework.dart:4037)
I/flutter (13804): #74     ComponentElement.performRebuild (package:flutter/src/widgets/framework.dart:5841)
I/flutter (13804): #75     Element.rebuild (package:flutter/src/widgets/framework.dart:5529)
I/flutter (13804): #76     ProxyElement.update (package:flutter/src/widgets/framework.dart:6149)
I/flutter (13804): #77     Element.updateChild (package:flutter/src/widgets/framework.dart:4037)
I/flutter (13804): #78     ComponentElement.performRebuild (package:flutter/src/widgets/framework.dart:5841)
I/flutter (13804): #79     Element.rebuild (package:flutter/src/widgets/framework.dart:5529)
I/flutter (13804): #80     ProxyElement.update (package:flutter/src/widgets/framework.dart:6149)
I/flutter (13804): #81     Element.updateChild (package:flutter/src/widgets/framework.dart:4037)
I/flutter (13804): #82     ComponentElement.performRebuild (package:flutter/src/widgets/framework.dart:5841)
I/flutter (13804): #83     StatefulElement.performRebuild (package:flutter/src/widgets/framework.dart:5982)
I/flutter (13804): #84     Element.rebuild (package:flutter/src/widgets/framework.dart:5529)
I/flutter (13804): #85     StatefulElement.update (package:flutter/src/widgets/framework.dart:6007)
I/flutter (13804): #86     Element.updateChild (package:flutter/src/widgets/framework.dart:4037)
I/flutter (13804): #87     ComponentElement.performRebuild (package:flutter/src/widgets/framework.dart:5841)
I/flutter (13804): #88     Element.rebuild (package:flutter/src/widgets/framework.dart:5529)
I/flutter (13804): #89     StatelessElement.update (package:flutter/src/widgets/framework.dart:5895)
I/flutter (13804): #90     Element.updateChild (package:flutter/src/widgets/framework.dart:4037)
I/flutter (13804): #91     SliverMultiBoxAdaptorElement.updateChild (package:flutter/src/widgets/sliver.dart:1086)
I/flutter (13804): #92     SliverMultiBoxAdaptorElement.performRebuild.processElement (package:flutter/src/widgets/sliver.dart:979)
I/flutter (13804): #93     Iterable.forEach (dart:core/iterable.dart:366)
I/flutter (13804): #94     SliverMultiBoxAdaptorElement.performRebuild (package:flutter/src/widgets/sliver.dart:1032)
I/flutter (13804): #95     SliverMultiBoxAdaptorElement.update (package:flutter/src/widgets/sliver.dart:955)
I/flutter (13804): #96     Element.updateChild (package:flutter/src/widgets/framework.dart:4037)
I/flutter (13804): #97     ComponentElement.performRebuild (package:flutter/src/widgets/framework.dart:5841)
I/flutter (13804): #98     Element.rebuild (package:flutter/src/widgets/framework.dart:5529)
I/flutter (13804): #99     ProxyElement.update (package:flutter/src/widgets/framework.dart:6149)
[spm]: ProfilerData event received.
I/flutter (13804): [SPM:perf] 698a51a  buildSpan: 11488µs
I/flutter (13804): [spm] Performance monitoring completed for 698a51a
I/flutter (13804): type '_Stub' is not a subtype of type 'Color?'
I/flutter (13804): #0      LeagueCard.build (package:benchmark_container/generated_widget.dart:125)
I/flutter (13804): #1      StatelessElement.build (package:flutter/src/widgets/framework.dart:5889)
I/flutter (13804): #2      ComponentElement.performRebuild (package:flutter/src/widgets/framework.dart:5817)
I/flutter (13804): #3      Element.rebuild (package:flutter/src/widgets/framework.dart:5529)
I/flutter (13804): #4      StatelessElement.update (package:flutter/src/widgets/framework.dart:5895)
I/flutter (13804): #5      Element.updateChild (package:flutter/src/widgets/framework.dart:4037)
I/flutter (13804): #6      SingleChildRenderObjectElement.update (package:flutter/src/widgets/framework.dart:7122)
I/flutter (13804): #7      Element.updateChild (package:flutter/src/widgets/framework.dart:4037)
I/flutter (13804): #8      ComponentElement.performRebuild (package:flutter/src/widgets/framework.dart:5841)
I/flutter (13804): #9      StatefulElement.performRebuild (package:flutter/src/widgets/framework.dart:5982)
I/flutter (13804): #10     Element.rebuild (package:flutter/src/widgets/framework.dart:5529)
I/flutter (13804): #11     StatefulElement.update (package:flutter/src/widgets/framework.dart:6007)
I/flutter (13804): #12     Element.updateChild (package:flutter/src/widgets/framework.dart:4037)
I/flutter (13804): #13     ComponentElement.performRebuild (package:flutter/src/widgets/framework.dart:5841)
I/flutter (13804): #14     Element.rebuild (package:flutter/src/widgets/framework.dart:5529)
I/flutter (13804): #15     StatelessElement.update (package:flutter/src/widgets/framework.dart:5895)
I/flutter (13804): #16     Element.updateChild (package:flutter/src/widgets/framework.dart:4037)
I/flutter (13804): #17     SingleChildRenderObjectElement.update (package:flutter/src/widgets/framework.dart:7122)
I/flutter (13804): #18     Element.updateChild (package:flutter/src/widgets/framework.dart:4037)
I/flutter (13804): #19     ComponentElement.performRebuild (package:flutter/src/widgets/framework.dart:5841)
I/flutter (13804): #20     Element.rebuild (package:flutter/src/widgets/framework.dart:5529)
I/flutter (13804): #21     ProxyElement.update (package:flutter/src/widgets/framework.dart:6149)
I/flutter (13804): #22     Element.updateChild (package:flutter/src/widgets/framework.dart:4037)
I/flutter (13804): #23     ComponentElement.performRebuild (package:flutter/src/widgets/framework.dart:5841)
I/flutter (13804): #24     Element.rebuild (package:flutter/src/widgets/framework.dart:5529)
I/flutter (13804): #25     StatelessElement.update (package:flutter/src/widgets/framework.dart:5895)
I/flutter (13804): #26     Element.updateChild (package:flutter/src/widgets/framework.dart:4037)
I/flutter (13804): #27     SingleChildRenderObjectElement.update (package:flutter/src/widgets/framework.dart:7122)
I/flutter (13804): #28     Element.updateChild (package:flutter/src/widgets/framework.dart:4037)
I/flutter (13804): #29     SingleChildRenderObjectElement.update (package:flutter/src/widgets/framework.dart:7122)
I/flutter (13804): #30     Element.updateChild (package:flutter/src/widgets/framework.dart:4037)
I/flutter (13804): #31     ComponentElement.performRebuild (package:flutter/src/widgets/framework.dart:5841)
I/flutter (13804): #32     Element.rebuild (package:flutter/src/widgets/framework.dart:5529)
I/flutter (13804): #33     ProxyElement.update (package:flutter/src/widgets/framework.dart:6149)
I/flutter (13804): #34     _InheritedNotifierElement.update (package:flutter/src/widgets/inherited_notifier.dart:108)
I/flutter (13804): #35     Element.updateChild (package:flutter/src/widgets/framework.dart:4037)
I/flutter (13804): #36     ComponentElement.performRebuild (package:flutter/src/widgets/framework.dart:5841)
I/flutter (13804): #37     StatefulElement.performRebuild (package:flutter/src/widgets/framework.dart:5982)
I/flutter (13804): #38     Element.rebuild (package:flutter/src/widgets/framework.dart:5529)
I/flutter (13804): #39     StatefulElement.update (package:flutter/src/widgets/framework.dart:6007)
I/flutter (13804): #40     Element.updateChild (package:flutter/src/widgets/framework.dart:4037)
I/flutter (13804): #41     ComponentElement.performRebuild (package:flutter/src/widgets/framework.dart:5841)
I/flutter (13804): #42     Element.rebuild (package:flutter/src/widgets/framework.dart:5529)
I/flutter (13804): #43     ProxyElement.update (package:flutter/src/widgets/framework.dart:6149)
I/flutter (13804): #44     Element.updateChild (package:flutter/src/widgets/framework.dart:4037)
I/flutter (13804): #45     ComponentElement.performRebuild (package:flutter/src/widgets/framework.dart:5841)
I/flutter (13804): #46     StatefulElement.performRebuild (package:flutter/src/widgets/framework.dart:5982)
I/flutter (13804): #47     Element.rebuild (package:flutter/src/widgets/framework.dart:5529)
I/flutter (13804): #48     StatefulElement.update (package:flutter/src/widgets/framework.dart:6007)
I/flutter (13804): #49     Element.updateChild (package:flutter/src/widgets/framework.dart:4037)
I/flutter (13804): #50     ComponentElement.performRebuild (package:flutter/src/widgets/framework.dart:5841)
I/flutter (13804): #51     Element.rebuild (package:flutter/src/widgets/framework.dart:5529)
I/flutter (13804): #52     ProxyElement.update (package:flutter/src/widgets/framework.dart:6149)
I/flutter (13804): #53     Element.updateChild (package:flutter/src/widgets/framework.dart:4037)
I/flutter (13804): #54     ComponentElement.performRebuild (package:flutter/src/widgets/framework.dart:5841)
I/flutter (13804): #55     StatefulElement.performRebuild (package:flutter/src/widgets/framework.dart:5982)
I/flutter (13804): #56     Element.rebuild (package:flutter/src/widgets/framework.dart:5529)
I/flutter (13804): #57     StatefulElement.update (package:flutter/src/widgets/framework.dart:6007)
I/flutter (13804): #58     Element.updateChild (package:flutter/src/widgets/framework.dart:4037)
I/flutter (13804): #59     ComponentElement.performRebuild (package:flutter/src/widgets/framework.dart:5841)
I/flutter (13804): #60     Element.rebuild (package:flutter/src/widgets/framework.dart:5529)
I/flutter (13804): #61     StatelessElement.update (package:flutter/src/widgets/framework.dart:5895)
I/flutter (13804): #62     Element.updateChild (package:flutter/src/widgets/framework.dart:4037)
I/flutter (13804): #63     SingleChildRenderObjectElement.update (package:flutter/src/widgets/framework.dart:7122)
I/flutter (13804): #64     Element.updateChild (package:flutter/src/widgets/framework.dart:4037)
I/flutter (13804): #65     SingleChildRenderObjectElement.update (package:flutter/src/widgets/framework.dart:7122)
I/flutter (13804): #66     Element.updateChild (package:flutter/src/widgets/framework.dart:4037)
I/flutter (13804): #67     SingleChildRenderObjectElement.update (package:flutter/src/widgets/framework.dart:7122)
I/flutter (13804): #68     Element.updateChild (package:flutter/src/widgets/framework.dart:4037)
I/flutter (13804): #69     ComponentElement.performRebuild (package:flutter/src/widgets/framework.dart:5841)
I/flutter (13804): #70     StatefulElement.performRebuild (package:flutter/src/widgets/framework.dart:5982)
I/flutter (13804): #71     Element.rebuild (package:flutter/src/widgets/framework.dart:5529)
I/flutter (13804): #72     StatefulElement.update (package:flutter/src/widgets/framework.dart:6007)
I/flutter (13804): #73     Element.updateChild (package:flutter/src/widgets/framework.dart:4037)
I/flutter (13804): #74     ComponentElement.performRebuild (package:flutter/src/widgets/framework.dart:5841)
I/flutter (13804): #75     Element.rebuild (package:flutter/src/widgets/framework.dart:5529)
I/flutter (13804): #76     ProxyElement.update (package:flutter/src/widgets/framework.dart:6149)
I/flutter (13804): #77     Element.updateChild (package:flutter/src/widgets/framework.dart:4037)
I/flutter (13804): #78     ComponentElement.performRebuild (package:flutter/src/widgets/framework.dart:5841)
I/flutter (13804): #79     Element.rebuild (package:flutter/src/widgets/framework.dart:5529)
I/flutter (13804): #80     ProxyElement.update (package:flutter/src/widgets/framework.dart:6149)
I/flutter (13804): #81     Element.updateChild (package:flutter/src/widgets/framework.dart:4037)
I/flutter (13804): #82     ComponentElement.performRebuild (package:flutter/src/widgets/framework.dart:5841)
I/flutter (13804): #83     StatefulElement.performRebuild (package:flutter/src/widgets/framework.dart:5982)
I/flutter (13804): #84     Element.rebuild (package:flutter/src/widgets/framework.dart:5529)
I/flutter (13804): #85     StatefulElement.update (package:flutter/src/widgets/framework.dart:6007)
I/flutter (13804): #86     Element.updateChild (package:flutter/src/widgets/framework.dart:4037)
I/flutter (13804): #87     ComponentElement.performRebuild (package:flutter/src/widgets/framework.dart:5841)
I/flutter (13804): #88     Element.rebuild (package:flutter/src/widgets/framework.dart:5529)
I/flutter (13804): #89     StatelessElement.update (package:flutter/src/widgets/framework.dart:5895)
I/flutter (13804): #90     Element.updateChild (package:flutter/src/widgets/framework.dart:4037)
I/flutter (13804): #91     SliverMultiBoxAdaptorElement.updateChild (package:flutter/src/widgets/sliver.dart:1086)
I/flutter (13804): #92     SliverMultiBoxAdaptorElement.performRebuild.processElement (package:flutter/src/widgets/sliver.dart:979)
I/flutter (13804): #93     Iterable.forEach (dart:core/iterable.dart:366)
I/flutter (13804): #94     SliverMultiBoxAdaptorElement.performRebuild (package:flutter/src/widgets/sliver.dart:1032)
I/flutter (13804): #95     SliverMultiBoxAdaptorElement.update (package:flutter/src/widgets/sliver.dart:955)
I/flutter (13804): #96     Element.updateChild (package:flutter/src/widgets/framework.dart:4037)
I/flutter (13804): #97     ComponentElement.performRebuild (package:flutter/src/widgets/framework.dart:5841)
I/flutter (13804): #98     Element.rebuild (package:flutter/src/widgets/framework.dart:5529)
I/flutter (13804): #99     ProxyElement.update (package:flutter/src/widgets/framework.dart:6149)
I/flutter (13804): [SPM:perf] 698a51a  buildSpan: 10876µs
I/flutter (13804): [spm] Performance monitoring completed for 698a51a
[spm]: ProfilerData event received.
I/flutter (13804): type '_Stub' is not a subtype of type 'Color?'
I/flutter (13804): #0      LeagueCard.build (package:benchmark_container/generated_widget.dart:125)
I/flutter (13804): #1      StatelessElement.build (package:flutter/src/widgets/framework.dart:5889)
I/flutter (13804): #2      ComponentElement.performRebuild (package:flutter/src/widgets/framework.dart:5817)
I/flutter (13804): #3      Element.rebuild (package:flutter/src/widgets/framework.dart:5529)
I/flutter (13804): #4      StatelessElement.update (package:flutter/src/widgets/framework.dart:5895)
I/flutter (13804): #5      Element.updateChild (package:flutter/src/widgets/framework.dart:4037)
I/flutter (13804): #6      SingleChildRenderObjectElement.update (package:flutter/src/widgets/framework.dart:7122)
I/flutter (13804): #7      Element.updateChild (package:flutter/src/widgets/framework.dart:4037)
I/flutter (13804): #8      ComponentElement.performRebuild (package:flutter/src/widgets/framework.dart:5841)
I/flutter (13804): #9      StatefulElement.performRebuild (package:flutter/src/widgets/framework.dart:5982)
I/flutter (13804): #10     Element.rebuild (package:flutter/src/widgets/framework.dart:5529)
I/flutter (13804): #11     StatefulElement.update (package:flutter/src/widgets/framework.dart:6007)
I/flutter (13804): #12     Element.updateChild (package:flutter/src/widgets/framework.dart:4037)
I/flutter (13804): #13     ComponentElement.performRebuild (package:flutter/src/widgets/framework.dart:5841)
I/flutter (13804): #14     Element.rebuild (package:flutter/src/widgets/framework.dart:5529)
I/flutter (13804): #15     StatelessElement.update (package:flutter/src/widgets/framework.dart:5895)
I/flutter (13804): #16     Element.updateChild (package:flutter/src/widgets/framework.dart:4037)
I/flutter (13804): #17     SingleChildRenderObjectElement.update (package:flutter/src/widgets/framework.dart:7122)
I/flutter (13804): #18     Element.updateChild (package:flutter/src/widgets/framework.dart:4037)
I/flutter (13804): #19     ComponentElement.performRebuild (package:flutter/src/widgets/framework.dart:5841)
I/flutter (13804): #20     Element.rebuild (package:flutter/src/widgets/framework.dart:5529)
I/flutter (13804): #21     ProxyElement.update (package:flutter/src/widgets/framework.dart:6149)
I/flutter (13804): #22     Element.updateChild (package:flutter/src/widgets/framework.dart:4037)
I/flutter (13804): #23     ComponentElement.performRebuild (package:flutter/src/widgets/framework.dart:5841)
I/flutter (13804): #24     Element.rebuild (package:flutter/src/widgets/framework.dart:5529)
I/flutter (13804): #25     StatelessElement.update (package:flutter/src/widgets/framework.dart:5895)
I/flutter (13804): #26     Element.updateChild (package:flutter/src/widgets/framework.dart:4037)
I/flutter (13804): #27     SingleChildRenderObjectElement.update (package:flutter/src/widgets/framework.dart:7122)
I/flutter (13804): #28     Element.updateChild (package:flutter/src/widgets/framework.dart:4037)
I/flutter (13804): #29     SingleChildRenderObjectElement.update (package:flutter/src/widgets/framework.dart:7122)
I/flutter (13804): #30     Element.updateChild (package:flutter/src/widgets/framework.dart:4037)
I/flutter (13804): #31     ComponentElement.performRebuild (package:flutter/src/widgets/framework.dart:5841)
I/flutter (13804): #32     Element.rebuild (package:flutter/src/widgets/framework.dart:5529)
I/flutter (13804): #33     ProxyElement.update (package:flutter/src/widgets/framework.dart:6149)
I/flutter (13804): #34     _InheritedNotifierElement.update (package:flutter/src/widgets/inherited_notifier.dart:108)
I/flutter (13804): #35     Element.updateChild (package:flutter/src/widgets/framework.dart:4037)
I/flutter (13804): #36     ComponentElement.performRebuild (package:flutter/src/widgets/framework.dart:5841)
I/flutter (13804): #37     StatefulElement.performRebuild (package:flutter/src/widgets/framework.dart:5982)
I/flutter (13804): #38     Element.rebuild (package:flutter/src/widgets/framework.dart:5529)
I/flutter (13804): #39     StatefulElement.update (package:flutter/src/widgets/framework.dart:6007)
I/flutter (13804): #40     Element.updateChild (package:flutter/src/widgets/framework.dart:4037)
I/flutter (13804): #41     ComponentElement.performRebuild (package:flutter/src/widgets/framework.dart:5841)
I/flutter (13804): #42     Element.rebuild (package:flutter/src/widgets/framework.dart:5529)
I/flutter (13804): #43     ProxyElement.update (package:flutter/src/widgets/framework.dart:6149)
I/flutter (13804): #44     Element.updateChild (package:flutter/src/widgets/framework.dart:4037)
I/flutter (13804): #45     ComponentElement.performRebuild (package:flutter/src/widgets/framework.dart:5841)
I/flutter (13804): #46     StatefulElement.performRebuild (package:flutter/src/widgets/framework.dart:5982)
I/flutter (13804): #47     Element.rebuild (package:flutter/src/widgets/framework.dart:5529)
I/flutter (13804): #48     StatefulElement.update (package:flutter/src/widgets/framework.dart:6007)
I/flutter (13804): #49     Element.updateChild (package:flutter/src/widgets/framework.dart:4037)
I/flutter (13804): #50     ComponentElement.performRebuild (package:flutter/src/widgets/framework.dart:5841)
I/flutter (13804): #51     Element.rebuild (package:flutter/src/widgets/framework.dart:5529)
I/flutter (13804): #52     ProxyElement.update (package:flutter/src/widgets/framework.dart:6149)
I/flutter (13804): #53     Element.updateChild (package:flutter/src/widgets/framework.dart:4037)
I/flutter (13804): #54     ComponentElement.performRebuild (package:flutter/src/widgets/framework.dart:5841)
I/flutter (13804): #55     StatefulElement.performRebuild (package:flutter/src/widgets/framework.dart:5982)
I/flutter (13804): #56     Element.rebuild (package:flutter/src/widgets/framework.dart:5529)
I/flutter (13804): #57     StatefulElement.update (package:flutter/src/widgets/framework.dart:6007)
I/flutter (13804): #58     Element.updateChild (package:flutter/src/widgets/framework.dart:4037)
I/flutter (13804): #59     ComponentElement.performRebuild (package:flutter/src/widgets/framework.dart:5841)
I/flutter (13804): #60     Element.rebuild (package:flutter/src/widgets/framework.dart:5529)
I/flutter (13804): #61     StatelessElement.update (package:flutter/src/widgets/framework.dart:5895)
I/flutter (13804): #62     Element.updateChild (package:flutter/src/widgets/framework.dart:4037)
I/flutter (13804): #63     SingleChildRenderObjectElement.update (package:flutter/src/widgets/framework.dart:7122)
I/flutter (13804): #64     Element.updateChild (package:flutter/src/widgets/framework.dart:4037)
I/flutter (13804): #65     SingleChildRenderObjectElement.update (package:flutter/src/widgets/framework.dart:7122)
I/flutter (13804): #66     Element.updateChild (package:flutter/src/widgets/framework.dart:4037)
I/flutter (13804): #67     SingleChildRenderObjectElement.update (package:flutter/src/widgets/framework.dart:7122)
I/flutter (13804): #68     Element.updateChild (package:flutter/src/widgets/framework.dart:4037)
I/flutter (13804): #69     ComponentElement.performRebuild (package:flutter/src/widgets/framework.dart:5841)
I/flutter (13804): #70     StatefulElement.performRebuild (package:flutter/src/widgets/framework.dart:5982)
I/flutter (13804): #71     Element.rebuild (package:flutter/src/widgets/framework.dart:5529)
I/flutter (13804): #72     StatefulElement.update (package:flutter/src/widgets/framework.dart:6007)
I/flutter (13804): #73     Element.updateChild (package:flutter/src/widgets/framework.dart:4037)
I/flutter (13804): #74     ComponentElement.performRebuild (package:flutter/src/widgets/framework.dart:5841)
I/flutter (13804): #75     Element.rebuild (package:flutter/src/widgets/framework.dart:5529)
I/flutter (13804): #76     ProxyElement.update (package:flutter/src/widgets/framework.dart:6149)
I/flutter (13804): #77     Element.updateChild (package:flutter/src/widgets/framework.dart:4037)
I/flutter (13804): #78     ComponentElement.performRebuild (package:flutter/src/widgets/framework.dart:5841)
I/flutter (13804): #79     Element.rebuild (package:flutter/src/widgets/framework.dart:5529)
I/flutter (13804): #80     ProxyElement.update (package:flutter/src/widgets/framework.dart:6149)
I/flutter (13804): #81     Element.updateChild (package:flutter/src/widgets/framework.dart:4037)
I/flutter (13804): #82     ComponentElement.performRebuild (package:flutter/src/widgets/framework.dart:5841)
I/flutter (13804): #83     StatefulElement.performRebuild (package:flutter/src/widgets/framework.dart:5982)
I/flutter (13804): #84     Element.rebuild (package:flutter/src/widgets/framework.dart:5529)
I/flutter (13804): #85     StatefulElement.update (package:flutter/src/widgets/framework.dart:6007)
I/flutter (13804): #86     Element.updateChild (package:flutter/src/widgets/framework.dart:4037)
I/flutter (13804): #87     ComponentElement.performRebuild (package:flutter/src/widgets/framework.dart:5841)
I/flutter (13804): #88     Element.rebuild (package:flutter/src/widgets/framework.dart:5529)
I/flutter (13804): #89     StatelessElement.update (package:flutter/src/widgets/framework.dart:5895)
I/flutter (13804): #90     Element.updateChild (package:flutter/src/widgets/framework.dart:4037)
I/flutter (13804): #91     SliverMultiBoxAdaptorElement.updateChild (package:flutter/src/widgets/sliver.dart:1086)
I/flutter (13804): #92     SliverMultiBoxAdaptorElement.performRebuild.processElement (package:flutter/src/widgets/sliver.dart:979)
I/flutter (13804): #93     Iterable.forEach (dart:core/iterable.dart:366)
I/flutter (13804): #94     SliverMultiBoxAdaptorElement.performRebuild (package:flutter/src/widgets/sliver.dart:1032)
I/flutter (13804): #95     SliverMultiBoxAdaptorElement.update (package:flutter/src/widgets/sliver.dart:955)
I/flutter (13804): #96     Element.updateChild (package:flutter/src/widgets/framework.dart:4037)
I/flutter (13804): #97     ComponentElement.performRebuild (package:flutter/src/widgets/framework.dart:5841)
I/flutter (13804): #98     Element.rebuild (package:flutter/src/widgets/framework.dart:5529)
I/flutter (13804): #99     ProxyElement.update (package:flutter/src/widgets/framework.dart:6149)
[spm]: ProfilerData event received.
I/flutter (13804): [SPM:perf] 698a51a  buildSpan: 9891µs
I/flutter (13804): [spm] Performance monitoring completed for 698a51a
I/flutter (13804): type '_Stub' is not a subtype of type 'Color?'
I/flutter (13804): #0      LeagueCard.build (package:benchmark_container/generated_widget.dart:125)
I/flutter (13804): #1      StatelessElement.build (package:flutter/src/widgets/framework.dart:5889)
I/flutter (13804): #2      ComponentElement.performRebuild (package:flutter/src/widgets/framework.dart:5817)
I/flutter (13804): #3      Element.rebuild (package:flutter/src/widgets/framework.dart:5529)
I/flutter (13804): #4      StatelessElement.update (package:flutter/src/widgets/framework.dart:5895)
I/flutter (13804): #5      Element.updateChild (package:flutter/src/widgets/framework.dart:4037)
I/flutter (13804): #6      SingleChildRenderObjectElement.update (package:flutter/src/widgets/framework.dart:7122)
I/flutter (13804): #7      Element.updateChild (package:flutter/src/widgets/framework.dart:4037)
I/flutter (13804): #8      ComponentElement.performRebuild (package:flutter/src/widgets/framework.dart:5841)
I/flutter (13804): #9      StatefulElement.performRebuild (package:flutter/src/widgets/framework.dart:5982)
I/flutter (13804): #10     Element.rebuild (package:flutter/src/widgets/framework.dart:5529)
I/flutter (13804): #11     StatefulElement.update (package:flutter/src/widgets/framework.dart:6007)
I/flutter (13804): #12     Element.updateChild (package:flutter/src/widgets/framework.dart:4037)
I/flutter (13804): #13     ComponentElement.performRebuild (package:flutter/src/widgets/framework.dart:5841)
I/flutter (13804): #14     Element.rebuild (package:flutter/src/widgets/framework.dart:5529)
I/flutter (13804): #15     StatelessElement.update (package:flutter/src/widgets/framework.dart:5895)
I/flutter (13804): #16     Element.updateChild (package:flutter/src/widgets/framework.dart:4037)
I/flutter (13804): #17     SingleChildRenderObjectElement.update (package:flutter/src/widgets/framework.dart:7122)
I/flutter (13804): #18     Element.updateChild (package:flutter/src/widgets/framework.dart:4037)
I/flutter (13804): #19     ComponentElement.performRebuild (package:flutter/src/widgets/framework.dart:5841)
I/flutter (13804): #20     Element.rebuild (package:flutter/src/widgets/framework.dart:5529)
I/flutter (13804): #21     ProxyElement.update (package:flutter/src/widgets/framework.dart:6149)
I/flutter (13804): #22     Element.updateChild (package:flutter/src/widgets/framework.dart:4037)
I/flutter (13804): #23     ComponentElement.performRebuild (package:flutter/src/widgets/framework.dart:5841)
I/flutter (13804): #24     Element.rebuild (package:flutter/src/widgets/framework.dart:5529)
I/flutter (13804): #25     StatelessElement.update (package:flutter/src/widgets/framework.dart:5895)
I/flutter (13804): #26     Element.updateChild (package:flutter/src/widgets/framework.dart:4037)
I/flutter (13804): #27     SingleChildRenderObjectElement.update (package:flutter/src/widgets/framework.dart:7122)
I/flutter (13804): #28     Element.updateChild (package:flutter/src/widgets/framework.dart:4037)
I/flutter (13804): #29     SingleChildRenderObjectElement.update (package:flutter/src/widgets/framework.dart:7122)
I/flutter (13804): #30     Element.updateChild (package:flutter/src/widgets/framework.dart:4037)
I/flutter (13804): #31     ComponentElement.performRebuild (package:flutter/src/widgets/framework.dart:5841)
I/flutter (13804): #32     Element.rebuild (package:flutter/src/widgets/framework.dart:5529)
I/flutter (13804): #33     ProxyElement.update (package:flutter/src/widgets/framework.dart:6149)
I/flutter (13804): #34     _InheritedNotifierElement.update (package:flutter/src/widgets/inherited_notifier.dart:108)
I/flutter (13804): #35     Element.updateChild (package:flutter/src/widgets/framework.dart:4037)
I/flutter (13804): #36     ComponentElement.performRebuild (package:flutter/src/widgets/framework.dart:5841)
I/flutter (13804): #37     StatefulElement.performRebuild (package:flutter/src/widgets/framework.dart:5982)
I/flutter (13804): #38     Element.rebuild (package:flutter/src/widgets/framework.dart:5529)
I/flutter (13804): #39     StatefulElement.update (package:flutter/src/widgets/framework.dart:6007)
I/flutter (13804): #40     Element.updateChild (package:flutter/src/widgets/framework.dart:4037)
I/flutter (13804): #41     ComponentElement.performRebuild (package:flutter/src/widgets/framework.dart:5841)
I/flutter (13804): #42     Element.rebuild (package:flutter/src/widgets/framework.dart:5529)
I/flutter (13804): #43     ProxyElement.update (package:flutter/src/widgets/framework.dart:6149)
I/flutter (13804): #44     Element.updateChild (package:flutter/src/widgets/framework.dart:4037)
I/flutter (13804): #45     ComponentElement.performRebuild (package:flutter/src/widgets/framework.dart:5841)
I/flutter (13804): #46     StatefulElement.performRebuild (package:flutter/src/widgets/framework.dart:5982)
I/flutter (13804): #47     Element.rebuild (package:flutter/src/widgets/framework.dart:5529)
I/flutter (13804): #48     StatefulElement.update (package:flutter/src/widgets/framework.dart:6007)
I/flutter (13804): #49     Element.updateChild (package:flutter/src/widgets/framework.dart:4037)
I/flutter (13804): #50     ComponentElement.performRebuild (package:flutter/src/widgets/framework.dart:5841)
I/flutter (13804): #51     Element.rebuild (package:flutter/src/widgets/framework.dart:5529)
I/flutter (13804): #52     ProxyElement.update (package:flutter/src/widgets/framework.dart:6149)
I/flutter (13804): #53     Element.updateChild (package:flutter/src/widgets/framework.dart:4037)
I/flutter (13804): #54     ComponentElement.performRebuild (package:flutter/src/widgets/framework.dart:5841)
I/flutter (13804): #55     StatefulElement.performRebuild (package:flutter/src/widgets/framework.dart:5982)
I/flutter (13804): #56     Element.rebuild (package:flutter/src/widgets/framework.dart:5529)
I/flutter (13804): #57     StatefulElement.update (package:flutter/src/widgets/framework.dart:6007)
I/flutter (13804): #58     Element.updateChild (package:flutter/src/widgets/framework.dart:4037)
I/flutter (13804): #59     ComponentElement.performRebuild (package:flutter/src/widgets/framework.dart:5841)
I/flutter (13804): #60     Element.rebuild (package:flutter/src/widgets/framework.dart:5529)
I/flutter (13804): #61     StatelessElement.update (package:flutter/src/widgets/framework.dart:5895)
I/flutter (13804): #62     Element.updateChild (package:flutter/src/widgets/framework.dart:4037)
I/flutter (13804): #63     SingleChildRenderObjectElement.update (package:flutter/src/widgets/framework.dart:7122)
I/flutter (13804): #64     Element.updateChild (package:flutter/src/widgets/framework.dart:4037)
I/flutter (13804): #65     SingleChildRenderObjectElement.update (package:flutter/src/widgets/framework.dart:7122)
I/flutter (13804): #66     Element.updateChild (package:flutter/src/widgets/framework.dart:4037)
I/flutter (13804): #67     SingleChildRenderObjectElement.update (package:flutter/src/widgets/framework.dart:7122)
I/flutter (13804): #68     Element.updateChild (package:flutter/src/widgets/framework.dart:4037)
I/flutter (13804): #69     ComponentElement.performRebuild (package:flutter/src/widgets/framework.dart:5841)
I/flutter (13804): #70     StatefulElement.performRebuild (package:flutter/src/widgets/framework.dart:5982)
I/flutter (13804): #71     Element.rebuild (package:flutter/src/widgets/framework.dart:5529)
I/flutter (13804): #72     StatefulElement.update (package:flutter/src/widgets/framework.dart:6007)
I/flutter (13804): #73     Element.updateChild (package:flutter/src/widgets/framework.dart:4037)
I/flutter (13804): #74     ComponentElement.performRebuild (package:flutter/src/widgets/framework.dart:5841)
I/flutter (13804): #75     Element.rebuild (package:flutter/src/widgets/framework.dart:5529)
I/flutter (13804): #76     ProxyElement.update (package:flutter/src/widgets/framework.dart:6149)
I/flutter (13804): #77     Element.updateChild (package:flutter/src/widgets/framework.dart:4037)
I/flutter (13804): #78     ComponentElement.performRebuild (package:flutter/src/widgets/framework.dart:5841)
I/flutter (13804): #79     Element.rebuild (package:flutter/src/widgets/framework.dart:5529)
I/flutter (13804): #80     ProxyElement.update (package:flutter/src/widgets/framework.dart:6149)
I/flutter (13804): #81     Element.updateChild (package:flutter/src/widgets/framework.dart:4037)
I/flutter (13804): #82     ComponentElement.performRebuild (package:flutter/src/widgets/framework.dart:5841)
I/flutter (13804): #83     StatefulElement.performRebuild (package:flutter/src/widgets/framework.dart:5982)
I/flutter (13804): #84     Element.rebuild (package:flutter/src/widgets/framework.dart:5529)
I/flutter (13804): #85     StatefulElement.update (package:flutter/src/widgets/framework.dart:6007)
I/flutter (13804): #86     Element.updateChild (package:flutter/src/widgets/framework.dart:4037)
I/flutter (13804): #87     ComponentElement.performRebuild (package:flutter/src/widgets/framework.dart:5841)
I/flutter (13804): #88     Element.rebuild (package:flutter/src/widgets/framework.dart:5529)
I/flutter (13804): #89     StatelessElement.update (package:flutter/src/widgets/framework.dart:5895)
I/flutter (13804): #90     Element.updateChild (package:flutter/src/widgets/framework.dart:4037)
I/flutter (13804): #91     SliverMultiBoxAdaptorElement.updateChild (package:flutter/src/widgets/sliver.dart:1086)
I/flutter (13804): #92     SliverMultiBoxAdaptorElement.performRebuild.processElement (package:flutter/src/widgets/sliver.dart:979)
I/flutter (13804): #93     Iterable.forEach (dart:core/iterable.dart:366)
I/flutter (13804): #94     SliverMultiBoxAdaptorElement.performRebuild (package:flutter/src/widgets/sliver.dart:1032)
I/flutter (13804): #95     SliverMultiBoxAdaptorElement.update (package:flutter/src/widgets/sliver.dart:955)
I/flutter (13804): #96     Element.updateChild (package:flutter/src/widgets/framework.dart:4037)
I/flutter (13804): #97     ComponentElement.performRebuild (package:flutter/src/widgets/framework.dart:5841)
I/flutter (13804): #98     Element.rebuild (package:flutter/src/widgets/framework.dart:5529)
I/flutter (13804): #99     ProxyElement.update (package:flutter/src/widgets/framework.dart:6149)
[spm]: ProfilerData event received.
I/flutter (13804): [SPM:perf] 698a51a  buildSpan: 11562µs
I/flutter (13804): [spm] Performance monitoring completed for 698a51a
I/flutter (13804): type '_Stub' is not a subtype of type 'Color?'
I/flutter (13804): #0      LeagueCard.build (package:benchmark_container/generated_widget.dart:125)
I/flutter (13804): #1      StatelessElement.build (package:flutter/src/widgets/framework.dart:5889)
I/flutter (13804): #2      ComponentElement.performRebuild (package:flutter/src/widgets/framework.dart:5817)
I/flutter (13804): #3      Element.rebuild (package:flutter/src/widgets/framework.dart:5529)
I/flutter (13804): #4      StatelessElement.update (package:flutter/src/widgets/framework.dart:5895)
I/flutter (13804): #5      Element.updateChild (package:flutter/src/widgets/framework.dart:4037)
I/flutter (13804): #6      SingleChildRenderObjectElement.update (package:flutter/src/widgets/framework.dart:7122)
I/flutter (13804): #7      Element.updateChild (package:flutter/src/widgets/framework.dart:4037)
I/flutter (13804): #8      ComponentElement.performRebuild (package:flutter/src/widgets/framework.dart:5841)
I/flutter (13804): #9      StatefulElement.performRebuild (package:flutter/src/widgets/framework.dart:5982)
I/flutter (13804): #10     Element.rebuild (package:flutter/src/widgets/framework.dart:5529)
I/flutter (13804): #11     StatefulElement.update (package:flutter/src/widgets/framework.dart:6007)
I/flutter (13804): #12     Element.updateChild (package:flutter/src/widgets/framework.dart:4037)
I/flutter (13804): #13     ComponentElement.performRebuild (package:flutter/src/widgets/framework.dart:5841)
I/flutter (13804): #14     Element.rebuild (package:flutter/src/widgets/framework.dart:5529)
I/flutter (13804): #15     StatelessElement.update (package:flutter/src/widgets/framework.dart:5895)
I/flutter (13804): #16     Element.updateChild (package:flutter/src/widgets/framework.dart:4037)
I/flutter (13804): #17     SingleChildRenderObjectElement.update (package:flutter/src/widgets/framework.dart:7122)
I/flutter (13804): #18     Element.updateChild (package:flutter/src/widgets/framework.dart:4037)
I/flutter (13804): #19     ComponentElement.performRebuild (package:flutter/src/widgets/framework.dart:5841)
I/flutter (13804): #20     Element.rebuild (package:flutter/src/widgets/framework.dart:5529)
I/flutter (13804): #21     ProxyElement.update (package:flutter/src/widgets/framework.dart:6149)
I/flutter (13804): #22     Element.updateChild (package:flutter/src/widgets/framework.dart:4037)
I/flutter (13804): #23     ComponentElement.performRebuild (package:flutter/src/widgets/framework.dart:5841)
I/flutter (13804): #24     Element.rebuild (package:flutter/src/widgets/framework.dart:5529)
I/flutter (13804): #25     StatelessElement.update (package:flutter/src/widgets/framework.dart:5895)
I/flutter (13804): #26     Element.updateChild (package:flutter/src/widgets/framework.dart:4037)
I/flutter (13804): #27     SingleChildRenderObjectElement.update (package:flutter/src/widgets/framework.dart:7122)
I/flutter (13804): #28     Element.updateChild (package:flutter/src/widgets/framework.dart:4037)
I/flutter (13804): #29     SingleChildRenderObjectElement.update (package:flutter/src/widgets/framework.dart:7122)
I/flutter (13804): #30     Element.updateChild (package:flutter/src/widgets/framework.dart:4037)
I/flutter (13804): #31     ComponentElement.performRebuild (package:flutter/src/widgets/framework.dart:5841)
I/flutter (13804): #32     Element.rebuild (package:flutter/src/widgets/framework.dart:5529)
I/flutter (13804): #33     ProxyElement.update (package:flutter/src/widgets/framework.dart:6149)
I/flutter (13804): #34     _InheritedNotifierElement.update (package:flutter/src/widgets/inherited_notifier.dart:108)
I/flutter (13804): #35     Element.updateChild (package:flutter/src/widgets/framework.dart:4037)
I/flutter (13804): #36     ComponentElement.performRebuild (package:flutter/src/widgets/framework.dart:5841)
I/flutter (13804): #37     StatefulElement.performRebuild (package:flutter/src/widgets/framework.dart:5982)
I/flutter (13804): #38     Element.rebuild (package:flutter/src/widgets/framework.dart:5529)
I/flutter (13804): #39     StatefulElement.update (package:flutter/src/widgets/framework.dart:6007)
I/flutter (13804): #40     Element.updateChild (package:flutter/src/widgets/framework.dart:4037)
I/flutter (13804): #41     ComponentElement.performRebuild (package:flutter/src/widgets/framework.dart:5841)
I/flutter (13804): #42     Element.rebuild (package:flutter/src/widgets/framework.dart:5529)
I/flutter (13804): #43     ProxyElement.update (package:flutter/src/widgets/framework.dart:6149)
I/flutter (13804): #44     Element.updateChild (package:flutter/src/widgets/framework.dart:4037)
I/flutter (13804): #45     ComponentElement.performRebuild (package:flutter/src/widgets/framework.dart:5841)
I/flutter (13804): #46     StatefulElement.performRebuild (package:flutter/src/widgets/framework.dart:5982)
I/flutter (13804): #47     Element.rebuild (package:flutter/src/widgets/framework.dart:5529)
I/flutter (13804): #48     StatefulElement.update (package:flutter/src/widgets/framework.dart:6007)
I/flutter (13804): #49     Element.updateChild (package:flutter/src/widgets/framework.dart:4037)
I/flutter (13804): #50     ComponentElement.performRebuild (package:flutter/src/widgets/framework.dart:5841)
I/flutter (13804): #51     Element.rebuild (package:flutter/src/widgets/framework.dart:5529)
I/flutter (13804): #52     ProxyElement.update (package:flutter/src/widgets/framework.dart:6149)
I/flutter (13804): #53     Element.updateChild (package:flutter/src/widgets/framework.dart:4037)
I/flutter (13804): #54     ComponentElement.performRebuild (package:flutter/src/widgets/framework.dart:5841)
I/flutter (13804): #55     StatefulElement.performRebuild (package:flutter/src/widgets/framework.dart:5982)
I/flutter (13804): #56     Element.rebuild (package:flutter/src/widgets/framework.dart:5529)
I/flutter (13804): #57     StatefulElement.update (package:flutter/src/widgets/framework.dart:6007)
I/flutter (13804): #58     Element.updateChild (package:flutter/src/widgets/framework.dart:4037)
I/flutter (13804): #59     ComponentElement.performRebuild (package:flutter/src/widgets/framework.dart:5841)
I/flutter (13804): #60     Element.rebuild (package:flutter/src/widgets/framework.dart:5529)
I/flutter (13804): #61     StatelessElement.update (package:flutter/src/widgets/framework.dart:5895)
I/flutter (13804): #62     Element.updateChild (package:flutter/src/widgets/framework.dart:4037)
I/flutter (13804): #63     SingleChildRenderObjectElement.update (package:flutter/src/widgets/framework.dart:7122)
I/flutter (13804): #64     Element.updateChild (package:flutter/src/widgets/framework.dart:4037)
I/flutter (13804): #65     SingleChildRenderObjectElement.update (package:flutter/src/widgets/framework.dart:7122)
I/flutter (13804): #66     Element.updateChild (package:flutter/src/widgets/framework.dart:4037)
I/flutter (13804): #67     SingleChildRenderObjectElement.update (package:flutter/src/widgets/framework.dart:7122)
I/flutter (13804): #68     Element.updateChild (package:flutter/src/widgets/framework.dart:4037)
I/flutter (13804): #69     ComponentElement.performRebuild (package:flutter/src/widgets/framework.dart:5841)
I/flutter (13804): #70     StatefulElement.performRebuild (package:flutter/src/widgets/framework.dart:5982)
I/flutter (13804): #71     Element.rebuild (package:flutter/src/widgets/framework.dart:5529)
I/flutter (13804): #72     StatefulElement.update (package:flutter/src/widgets/framework.dart:6007)
I/flutter (13804): #73     Element.updateChild (package:flutter/src/widgets/framework.dart:4037)
I/flutter (13804): #74     ComponentElement.performRebuild (package:flutter/src/widgets/framework.dart:5841)
I/flutter (13804): #75     Element.rebuild (package:flutter/src/widgets/framework.dart:5529)
I/flutter (13804): #76     ProxyElement.update (package:flutter/src/widgets/framework.dart:6149)
I/flutter (13804): #77     Element.updateChild (package:flutter/src/widgets/framework.dart:4037)
I/flutter (13804): #78     ComponentElement.performRebuild (package:flutter/src/widgets/framework.dart:5841)
I/flutter (13804): #79     Element.rebuild (package:flutter/src/widgets/framework.dart:5529)
I/flutter (13804): #80     ProxyElement.update (package:flutter/src/widgets/framework.dart:6149)
I/flutter (13804): #81     Element.updateChild (package:flutter/src/widgets/framework.dart:4037)
I/flutter (13804): #82     ComponentElement.performRebuild (package:flutter/src/widgets/framework.dart:5841)
I/flutter (13804): #83     StatefulElement.performRebuild (package:flutter/src/widgets/framework.dart:5982)
I/flutter (13804): #84     Element.rebuild (package:flutter/src/widgets/framework.dart:5529)
I/flutter (13804): #85     StatefulElement.update (package:flutter/src/widgets/framework.dart:6007)
I/flutter (13804): #86     Element.updateChild (package:flutter/src/widgets/framework.dart:4037)
I/flutter (13804): #87     ComponentElement.performRebuild (package:flutter/src/widgets/framework.dart:5841)
I/flutter (13804): #88     Element.rebuild (package:flutter/src/widgets/framework.dart:5529)
I/flutter (13804): #89     StatelessElement.update (package:flutter/src/widgets/framework.dart:5895)
I/flutter (13804): #90     Element.updateChild (package:flutter/src/widgets/framework.dart:4037)
I/flutter (13804): #91     SliverMultiBoxAdaptorElement.updateChild (package:flutter/src/widgets/sliver.dart:1086)
I/flutter (13804): #92     SliverMultiBoxAdaptorElement.performRebuild.processElement (package:flutter/src/widgets/sliver.dart:979)
I/flutter (13804): #93     Iterable.forEach (dart:core/iterable.dart:366)
I/flutter (13804): #94     SliverMultiBoxAdaptorElement.performRebuild (package:flutter/src/widgets/sliver.dart:1032)
I/flutter (13804): #95     SliverMultiBoxAdaptorElement.update (package:flutter/src/widgets/sliver.dart:955)
I/flutter (13804): #96     Element.updateChild (package:flutter/src/widgets/framework.dart:4037)
I/flutter (13804): #97     ComponentElement.performRebuild (package:flutter/src/widgets/framework.dart:5841)
I/flutter (13804): #98     Element.rebuild (package:flutter/src/widgets/framework.dart:5529)
I/flutter (13804): #99     ProxyElement.update (package:flutter/src/widgets/framework.dart:6149)
[spm]: ProfilerData event received.
I/flutter (13804): [SPM:perf] 698a51a  buildSpan: 10883µs
I/flutter (13804): [spm] Performance monitoring completed for 698a51a
I/flutter (13804): type '_Stub' is not a subtype of type 'Color?'
I/flutter (13804): #0      LeagueCard.build (package:benchmark_container/generated_widget.dart:125)
I/flutter (13804): #1      StatelessElement.build (package:flutter/src/widgets/framework.dart:5889)
I/flutter (13804): #2      ComponentElement.performRebuild (package:flutter/src/widgets/framework.dart:5817)
I/flutter (13804): #3      Element.rebuild (package:flutter/src/widgets/framework.dart:5529)
I/flutter (13804): #4      StatelessElement.update (package:flutter/src/widgets/framework.dart:5895)
I/flutter (13804): #5      Element.updateChild (package:flutter/src/widgets/framework.dart:4037)
I/flutter (13804): #6      SingleChildRenderObjectElement.update (package:flutter/src/widgets/framework.dart:7122)
I/flutter (13804): #7      Element.updateChild (package:flutter/src/widgets/framework.dart:4037)
I/flutter (13804): #8      ComponentElement.performRebuild (package:flutter/src/widgets/framework.dart:5841)
I/flutter (13804): #9      StatefulElement.performRebuild (package:flutter/src/widgets/framework.dart:5982)
I/flutter (13804): #10     Element.rebuild (package:flutter/src/widgets/framework.dart:5529)
I/flutter (13804): #11     StatefulElement.update (package:flutter/src/widgets/framework.dart:6007)
I/flutter (13804): #12     Element.updateChild (package:flutter/src/widgets/framework.dart:4037)
I/flutter (13804): #13     ComponentElement.performRebuild (package:flutter/src/widgets/framework.dart:5841)
I/flutter (13804): #14     Element.rebuild (package:flutter/src/widgets/framework.dart:5529)
I/flutter (13804): #15     StatelessElement.update (package:flutter/src/widgets/framework.dart:5895)
I/flutter (13804): #16     Element.updateChild (package:flutter/src/widgets/framework.dart:4037)
I/flutter (13804): #17     SingleChildRenderObjectElement.update (package:flutter/src/widgets/framework.dart:7122)
I/flutter (13804): #18     Element.updateChild (package:flutter/src/widgets/framework.dart:4037)
I/flutter (13804): #19     ComponentElement.performRebuild (package:flutter/src/widgets/framework.dart:5841)
I/flutter (13804): #20     Element.rebuild (package:flutter/src/widgets/framework.dart:5529)
I/flutter (13804): #21     ProxyElement.update (package:flutter/src/widgets/framework.dart:6149)
I/flutter (13804): #22     Element.updateChild (package:flutter/src/widgets/framework.dart:4037)
I/flutter (13804): #23     ComponentElement.performRebuild (package:flutter/src/widgets/framework.dart:5841)
I/flutter (13804): #24     Element.rebuild (package:flutter/src/widgets/framework.dart:5529)
I/flutter (13804): #25     StatelessElement.update (package:flutter/src/widgets/framework.dart:5895)
I/flutter (13804): #26     Element.updateChild (package:flutter/src/widgets/framework.dart:4037)
I/flutter (13804): #27     SingleChildRenderObjectElement.update (package:flutter/src/widgets/framework.dart:7122)
I/flutter (13804): #28     Element.updateChild (package:flutter/src/widgets/framework.dart:4037)
I/flutter (13804): #29     SingleChildRenderObjectElement.update (package:flutter/src/widgets/framework.dart:7122)
I/flutter (13804): #30     Element.updateChild (package:flutter/src/widgets/framework.dart:4037)
I/flutter (13804): #31     ComponentElement.performRebuild (package:flutter/src/widgets/framework.dart:5841)
I/flutter (13804): #32     Element.rebuild (package:flutter/src/widgets/framework.dart:5529)
I/flutter (13804): #33     ProxyElement.update (package:flutter/src/widgets/framework.dart:6149)
I/flutter (13804): #34     _InheritedNotifierElement.update (package:flutter/src/widgets/inherited_notifier.dart:108)
I/flutter (13804): #35     Element.updateChild (package:flutter/src/widgets/framework.dart:4037)
I/flutter (13804): #36     ComponentElement.performRebuild (package:flutter/src/widgets/framework.dart:5841)
I/flutter (13804): #37     StatefulElement.performRebuild (package:flutter/src/widgets/framework.dart:5982)
I/flutter (13804): #38     Element.rebuild (package:flutter/src/widgets/framework.dart:5529)
I/flutter (13804): #39     StatefulElement.update (package:flutter/src/widgets/framework.dart:6007)
I/flutter (13804): #40     Element.updateChild (package:flutter/src/widgets/framework.dart:4037)
I/flutter (13804): #41     ComponentElement.performRebuild (package:flutter/src/widgets/framework.dart:5841)
I/flutter (13804): #42     Element.rebuild (package:flutter/src/widgets/framework.dart:5529)
I/flutter (13804): #43     ProxyElement.update (package:flutter/src/widgets/framework.dart:6149)
I/flutter (13804): #44     Element.updateChild (package:flutter/src/widgets/framework.dart:4037)
I/flutter (13804): #45     ComponentElement.performRebuild (package:flutter/src/widgets/framework.dart:5841)
I/flutter (13804): #46     StatefulElement.performRebuild (package:flutter/src/widgets/framework.dart:5982)
I/flutter (13804): #47     Element.rebuild (package:flutter/src/widgets/framework.dart:5529)
I/flutter (13804): #48     StatefulElement.update (package:flutter/src/widgets/framework.dart:6007)
I/flutter (13804): #49     Element.updateChild (package:flutter/src/widgets/framework.dart:4037)
I/flutter (13804): #50     ComponentElement.performRebuild (package:flutter/src/widgets/framework.dart:5841)
I/flutter (13804): #51     Element.rebuild (package:flutter/src/widgets/framework.dart:5529)
I/flutter (13804): #52     ProxyElement.update (package:flutter/src/widgets/framework.dart:6149)
I/flutter (13804): #53     Element.updateChild (package:flutter/src/widgets/framework.dart:4037)
I/flutter (13804): #54     ComponentElement.performRebuild (package:flutter/src/widgets/framework.dart:5841)
I/flutter (13804): #55     StatefulElement.performRebuild (package:flutter/src/widgets/framework.dart:5982)
I/flutter (13804): #56     Element.rebuild (package:flutter/src/widgets/framework.dart:5529)
I/flutter (13804): #57     StatefulElement.update (package:flutter/src/widgets/framework.dart:6007)
I/flutter (13804): #58     Element.updateChild (package:flutter/src/widgets/framework.dart:4037)
I/flutter (13804): #59     ComponentElement.performRebuild (package:flutter/src/widgets/framework.dart:5841)
I/flutter (13804): #60     Element.rebuild (package:flutter/src/widgets/framework.dart:5529)
I/flutter (13804): #61     StatelessElement.update (package:flutter/src/widgets/framework.dart:5895)
I/flutter (13804): #62     Element.updateChild (package:flutter/src/widgets/framework.dart:4037)
I/flutter (13804): #63     SingleChildRenderObjectElement.update (package:flutter/src/widgets/framework.dart:7122)
I/flutter (13804): #64     Element.updateChild (package:flutter/src/widgets/framework.dart:4037)
I/flutter (13804): #65     SingleChildRenderObjectElement.update (package:flutter/src/widgets/framework.dart:7122)
I/flutter (13804): #66     Element.updateChild (package:flutter/src/widgets/framework.dart:4037)
I/flutter (13804): #67     SingleChildRenderObjectElement.update (package:flutter/src/widgets/framework.dart:7122)
I/flutter (13804): #68     Element.updateChild (package:flutter/src/widgets/framework.dart:4037)
I/flutter (13804): #69     ComponentElement.performRebuild (package:flutter/src/widgets/framework.dart:5841)
I/flutter (13804): #70     StatefulElement.performRebuild (package:flutter/src/widgets/framework.dart:5982)
I/flutter (13804): #71     Element.rebuild (package:flutter/src/widgets/framework.dart:5529)
I/flutter (13804): #72     StatefulElement.update (package:flutter/src/widgets/framework.dart:6007)
I/flutter (13804): #73     Element.updateChild (package:flutter/src/widgets/framework.dart:4037)
I/flutter (13804): #74     ComponentElement.performRebuild (package:flutter/src/widgets/framework.dart:5841)
I/flutter (13804): #75     Element.rebuild (package:flutter/src/widgets/framework.dart:5529)
I/flutter (13804): #76     ProxyElement.update (package:flutter/src/widgets/framework.dart:6149)
I/flutter (13804): #77     Element.updateChild (package:flutter/src/widgets/framework.dart:4037)
I/flutter (13804): #78     ComponentElement.performRebuild (package:flutter/src/widgets/framework.dart:5841)
I/flutter (13804): #79     Element.rebuild (package:flutter/src/widgets/framework.dart:5529)
I/flutter (13804): #80     ProxyElement.update (package:flutter/src/widgets/framework.dart:6149)
I/flutter (13804): #81     Element.updateChild (package:flutter/src/widgets/framework.dart:4037)
I/flutter (13804): #82     ComponentElement.performRebuild (package:flutter/src/widgets/framework.dart:5841)
I/flutter (13804): #83     StatefulElement.performRebuild (package:flutter/src/widgets/framework.dart:5982)
I/flutter (13804): #84     Element.rebuild (package:flutter/src/widgets/framework.dart:5529)
I/flutter (13804): #85     StatefulElement.update (package:flutter/src/widgets/framework.dart:6007)
I/flutter (13804): #86     Element.updateChild (package:flutter/src/widgets/framework.dart:4037)
I/flutter (13804): #87     ComponentElement.performRebuild (package:flutter/src/widgets/framework.dart:5841)
I/flutter (13804): #88     Element.rebuild (package:flutter/src/widgets/framework.dart:5529)
I/flutter (13804): #89     StatelessElement.update (package:flutter/src/widgets/framework.dart:5895)
I/flutter (13804): #90     Element.updateChild (package:flutter/src/widgets/framework.dart:4037)
I/flutter (13804): #91     SliverMultiBoxAdaptorElement.updateChild (package:flutter/src/widgets/sliver.dart:1086)
I/flutter (13804): #92     SliverMultiBoxAdaptorElement.performRebuild.processElement (package:flutter/src/widgets/sliver.dart:979)
I/flutter (13804): #93     Iterable.forEach (dart:core/iterable.dart:366)
I/flutter (13804): #94     SliverMultiBoxAdaptorElement.performRebuild (package:flutter/src/widgets/sliver.dart:1032)
I/flutter (13804): #95     SliverMultiBoxAdaptorElement.update (package:flutter/src/widgets/sliver.dart:955)
I/flutter (13804): #96     Element.updateChild (package:flutter/src/widgets/framework.dart:4037)
I/flutter (13804): #97     ComponentElement.performRebuild (package:flutter/src/widgets/framework.dart:5841)
I/flutter (13804): #98     Element.rebuild (package:flutter/src/widgets/framework.dart:5529)
I/flutter (13804): #99     ProxyElement.update (package:flutter/src/widgets/framework.dart:6149)
[spm]: ProfilerData event received.
I/flutter (13804): [SPM:perf] 698a51a  buildSpan: 10871µs
I/flutter (13804): [spm] Performance monitoring completed for 698a51a
I/flutter (13804): type '_Stub' is not a subtype of type 'Color?'
I/flutter (13804): #0      LeagueCard.build (package:benchmark_container/generated_widget.dart:125)
I/flutter (13804): #1      StatelessElement.build (package:flutter/src/widgets/framework.dart:5889)
I/flutter (13804): #2      ComponentElement.performRebuild (package:flutter/src/widgets/framework.dart:5817)
I/flutter (13804): #3      Element.rebuild (package:flutter/src/widgets/framework.dart:5529)
I/flutter (13804): #4      StatelessElement.update (package:flutter/src/widgets/framework.dart:5895)
I/flutter (13804): #5      Element.updateChild (package:flutter/src/widgets/framework.dart:4037)
I/flutter (13804): #6      SingleChildRenderObjectElement.update (package:flutter/src/widgets/framework.dart:7122)
I/flutter (13804): #7      Element.updateChild (package:flutter/src/widgets/framework.dart:4037)
I/flutter (13804): #8      ComponentElement.performRebuild (package:flutter/src/widgets/framework.dart:5841)
I/flutter (13804): #9      StatefulElement.performRebuild (package:flutter/src/widgets/framework.dart:5982)
I/flutter (13804): #10     Element.rebuild (package:flutter/src/widgets/framework.dart:5529)
I/flutter (13804): #11     StatefulElement.update (package:flutter/src/widgets/framework.dart:6007)
I/flutter (13804): #12     Element.updateChild (package:flutter/src/widgets/framework.dart:4037)
I/flutter (13804): #13     ComponentElement.performRebuild (package:flutter/src/widgets/framework.dart:5841)
I/flutter (13804): #14     Element.rebuild (package:flutter/src/widgets/framework.dart:5529)
I/flutter (13804): #15     StatelessElement.update (package:flutter/src/widgets/framework.dart:5895)
I/flutter (13804): #16     Element.updateChild (package:flutter/src/widgets/framework.dart:4037)
I/flutter (13804): #17     SingleChildRenderObjectElement.update (package:flutter/src/widgets/framework.dart:7122)
I/flutter (13804): #18     Element.updateChild (package:flutter/src/widgets/framework.dart:4037)
I/flutter (13804): #19     ComponentElement.performRebuild (package:flutter/src/widgets/framework.dart:5841)
I/flutter (13804): #20     Element.rebuild (package:flutter/src/widgets/framework.dart:5529)
I/flutter (13804): #21     ProxyElement.update (package:flutter/src/widgets/framework.dart:6149)
I/flutter (13804): #22     Element.updateChild (package:flutter/src/widgets/framework.dart:4037)
I/flutter (13804): #23     ComponentElement.performRebuild (package:flutter/src/widgets/framework.dart:5841)
I/flutter (13804): #24     Element.rebuild (package:flutter/src/widgets/framework.dart:5529)
I/flutter (13804): #25     StatelessElement.update (package:flutter/src/widgets/framework.dart:5895)
I/flutter (13804): #26     Element.updateChild (package:flutter/src/widgets/framework.dart:4037)
I/flutter (13804): #27     SingleChildRenderObjectElement.update (package:flutter/src/widgets/framework.dart:7122)
I/flutter (13804): #28     Element.updateChild (package:flutter/src/widgets/framework.dart:4037)
I/flutter (13804): #29     SingleChildRenderObjectElement.update (package:flutter/src/widgets/framework.dart:7122)
I/flutter (13804): #30     Element.updateChild (package:flutter/src/widgets/framework.dart:4037)
I/flutter (13804): #31     ComponentElement.performRebuild (package:flutter/src/widgets/framework.dart:5841)
I/flutter (13804): #32     Element.rebuild (package:flutter/src/widgets/framework.dart:5529)
I/flutter (13804): #33     ProxyElement.update (package:flutter/src/widgets/framework.dart:6149)
I/flutter (13804): #34     _InheritedNotifierElement.update (package:flutter/src/widgets/inherited_notifier.dart:108)
I/flutter (13804): #35     Element.updateChild (package:flutter/src/widgets/framework.dart:4037)
I/flutter (13804): #36     ComponentElement.performRebuild (package:flutter/src/widgets/framework.dart:5841)
I/flutter (13804): #37     StatefulElement.performRebuild (package:flutter/src/widgets/framework.dart:5982)
I/flutter (13804): #38     Element.rebuild (package:flutter/src/widgets/framework.dart:5529)
I/flutter (13804): #39     StatefulElement.update (package:flutter/src/widgets/framework.dart:6007)
I/flutter (13804): #40     Element.updateChild (package:flutter/src/widgets/framework.dart:4037)
I/flutter (13804): #41     ComponentElement.performRebuild (package:flutter/src/widgets/framework.dart:5841)
I/flutter (13804): #42     Element.rebuild (package:flutter/src/widgets/framework.dart:5529)
I/flutter (13804): #43     ProxyElement.update (package:flutter/src/widgets/framework.dart:6149)
I/flutter (13804): #44     Element.updateChild (package:flutter/src/widgets/framework.dart:4037)
I/flutter (13804): #45     ComponentElement.performRebuild (package:flutter/src/widgets/framework.dart:5841)
I/flutter (13804): #46     StatefulElement.performRebuild (package:flutter/src/widgets/framework.dart:5982)
I/flutter (13804): #47     Element.rebuild (package:flutter/src/widgets/framework.dart:5529)
I/flutter (13804): #48     StatefulElement.update (package:flutter/src/widgets/framework.dart:6007)
I/flutter (13804): #49     Element.updateChild (package:flutter/src/widgets/framework.dart:4037)
I/flutter (13804): #50     ComponentElement.performRebuild (package:flutter/src/widgets/framework.dart:5841)
I/flutter (13804): #51     Element.rebuild (package:flutter/src/widgets/framework.dart:5529)
I/flutter (13804): #52     ProxyElement.update (package:flutter/src/widgets/framework.dart:6149)
I/flutter (13804): #53     Element.updateChild (package:flutter/src/widgets/framework.dart:4037)
I/flutter (13804): #54     ComponentElement.performRebuild (package:flutter/src/widgets/framework.dart:5841)
I/flutter (13804): #55     StatefulElement.performRebuild (package:flutter/src/widgets/framework.dart:5982)
I/flutter (13804): #56     Element.rebuild (package:flutter/src/widgets/framework.dart:5529)
I/flutter (13804): #57     StatefulElement.update (package:flutter/src/widgets/framework.dart:6007)
I/flutter (13804): #58     Element.updateChild (package:flutter/src/widgets/framework.dart:4037)
I/flutter (13804): #59     ComponentElement.performRebuild (package:flutter/src/widgets/framework.dart:5841)
I/flutter (13804): #60     Element.rebuild (package:flutter/src/widgets/framework.dart:5529)
I/flutter (13804): #61     StatelessElement.update (package:flutter/src/widgets/framework.dart:5895)
I/flutter (13804): #62     Element.updateChild (package:flutter/src/widgets/framework.dart:4037)
I/flutter (13804): #63     SingleChildRenderObjectElement.update (package:flutter/src/widgets/framework.dart:7122)
I/flutter (13804): #64     Element.updateChild (package:flutter/src/widgets/framework.dart:4037)
I/flutter (13804): #65     SingleChildRenderObjectElement.update (package:flutter/src/widgets/framework.dart:7122)
I/flutter (13804): #66     Element.updateChild (package:flutter/src/widgets/framework.dart:4037)
I/flutter (13804): #67     SingleChildRenderObjectElement.update (package:flutter/src/widgets/framework.dart:7122)
I/flutter (13804): #68     Element.updateChild (package:flutter/src/widgets/framework.dart:4037)
I/flutter (13804): #69     ComponentElement.performRebuild (package:flutter/src/widgets/framework.dart:5841)
I/flutter (13804): #70     StatefulElement.performRebuild (package:flutter/src/widgets/framework.dart:5982)
I/flutter (13804): #71     Element.rebuild (package:flutter/src/widgets/framework.dart:5529)
I/flutter (13804): #72     StatefulElement.update (package:flutter/src/widgets/framework.dart:6007)
I/flutter (13804): #73     Element.updateChild (package:flutter/src/widgets/framework.dart:4037)
I/flutter (13804): #74     ComponentElement.performRebuild (package:flutter/src/widgets/framework.dart:5841)
I/flutter (13804): #75     Element.rebuild (package:flutter/src/widgets/framework.dart:5529)
I/flutter (13804): #76     ProxyElement.update (package:flutter/src/widgets/framework.dart:6149)
I/flutter (13804): #77     Element.updateChild (package:flutter/src/widgets/framework.dart:4037)
I/flutter (13804): #78     ComponentElement.performRebuild (package:flutter/src/widgets/framework.dart:5841)
I/flutter (13804): #79     Element.rebuild (package:flutter/src/widgets/framework.dart:5529)
I/flutter (13804): #80     ProxyElement.update (package:flutter/src/widgets/framework.dart:6149)
I/flutter (13804): #81     Element.updateChild (package:flutter/src/widgets/framework.dart:4037)
I/flutter (13804): #82     ComponentElement.performRebuild (package:flutter/src/widgets/framework.dart:5841)
I/flutter (13804): #83     StatefulElement.performRebuild (package:flutter/src/widgets/framework.dart:5982)
I/flutter (13804): #84     Element.rebuild (package:flutter/src/widgets/framework.dart:5529)
I/flutter (13804): #85     StatefulElement.update (package:flutter/src/widgets/framework.dart:6007)
I/flutter (13804): #86     Element.updateChild (package:flutter/src/widgets/framework.dart:4037)
I/flutter (13804): #87     ComponentElement.performRebuild (package:flutter/src/widgets/framework.dart:5841)
I/flutter (13804): #88     Element.rebuild (package:flutter/src/widgets/framework.dart:5529)
I/flutter (13804): #89     StatelessElement.update (package:flutter/src/widgets/framework.dart:5895)
I/flutter (13804): #90     Element.updateChild (package:flutter/src/widgets/framework.dart:4037)
I/flutter (13804): #91     SliverMultiBoxAdaptorElement.updateChild (package:flutter/src/widgets/sliver.dart:1086)
I/flutter (13804): #92     SliverMultiBoxAdaptorElement.performRebuild.processElement (package:flutter/src/widgets/sliver.dart:979)
I/flutter (13804): #93     Iterable.forEach (dart:core/iterable.dart:366)
I/flutter (13804): #94     SliverMultiBoxAdaptorElement.performRebuild (package:flutter/src/widgets/sliver.dart:1032)
I/flutter (13804): #95     SliverMultiBoxAdaptorElement.update (package:flutter/src/widgets/sliver.dart:955)
I/flutter (13804): #96     Element.updateChild (package:flutter/src/widgets/framework.dart:4037)
I/flutter (13804): #97     ComponentElement.performRebuild (package:flutter/src/widgets/framework.dart:5841)
I/flutter (13804): #98     Element.rebuild (package:flutter/src/widgets/framework.dart:5529)
I/flutter (13804): #99     ProxyElement.update (package:flutter/src/widgets/framework.dart:6149)
[spm]: ProfilerData event received.
I/flutter (13804): [SPM:perf] 698a51a  buildSpan: 11360µs
I/flutter (13804): [spm] Performance monitoring completed for 698a51a
I/flutter (13804): type '_Stub' is not a subtype of type 'Color?'
I/flutter (13804): #0      LeagueCard.build (package:benchmark_container/generated_widget.dart:125)
I/flutter (13804): #1      StatelessElement.build (package:flutter/src/widgets/framework.dart:5889)
I/flutter (13804): #2      ComponentElement.performRebuild (package:flutter/src/widgets/framework.dart:5817)
I/flutter (13804): #3      Element.rebuild (package:flutter/src/widgets/framework.dart:5529)
I/flutter (13804): #4      StatelessElement.update (package:flutter/src/widgets/framework.dart:5895)
I/flutter (13804): #5      Element.updateChild (package:flutter/src/widgets/framework.dart:4037)
I/flutter (13804): #6      SingleChildRenderObjectElement.update (package:flutter/src/widgets/framework.dart:7122)
I/flutter (13804): #7      Element.updateChild (package:flutter/src/widgets/framework.dart:4037)
I/flutter (13804): #8      ComponentElement.performRebuild (package:flutter/src/widgets/framework.dart:5841)
I/flutter (13804): #9      StatefulElement.performRebuild (package:flutter/src/widgets/framework.dart:5982)
I/flutter (13804): #10     Element.rebuild (package:flutter/src/widgets/framework.dart:5529)
I/flutter (13804): #11     StatefulElement.update (package:flutter/src/widgets/framework.dart:6007)
I/flutter (13804): #12     Element.updateChild (package:flutter/src/widgets/framework.dart:4037)
I/flutter (13804): #13     ComponentElement.performRebuild (package:flutter/src/widgets/framework.dart:5841)
I/flutter (13804): #14     Element.rebuild (package:flutter/src/widgets/framework.dart:5529)
I/flutter (13804): #15     StatelessElement.update (package:flutter/src/widgets/framework.dart:5895)
I/flutter (13804): #16     Element.updateChild (package:flutter/src/widgets/framework.dart:4037)
I/flutter (13804): #17     SingleChildRenderObjectElement.update (package:flutter/src/widgets/framework.dart:7122)
I/flutter (13804): #18     Element.updateChild (package:flutter/src/widgets/framework.dart:4037)
I/flutter (13804): #19     ComponentElement.performRebuild (package:flutter/src/widgets/framework.dart:5841)
I/flutter (13804): #20     Element.rebuild (package:flutter/src/widgets/framework.dart:5529)
I/flutter (13804): #21     ProxyElement.update (package:flutter/src/widgets/framework.dart:6149)
I/flutter (13804): #22     Element.updateChild (package:flutter/src/widgets/framework.dart:4037)
I/flutter (13804): #23     ComponentElement.performRebuild (package:flutter/src/widgets/framework.dart:5841)
I/flutter (13804): #24     Element.rebuild (package:flutter/src/widgets/framework.dart:5529)
I/flutter (13804): #25     StatelessElement.update (package:flutter/src/widgets/framework.dart:5895)
I/flutter (13804): #26     Element.updateChild (package:flutter/src/widgets/framework.dart:4037)
I/flutter (13804): #27     SingleChildRenderObjectElement.update (package:flutter/src/widgets/framework.dart:7122)
I/flutter (13804): #28     Element.updateChild (package:flutter/src/widgets/framework.dart:4037)
I/flutter (13804): #29     SingleChildRenderObjectElement.update (package:flutter/src/widgets/framework.dart:7122)
I/flutter (13804): #30     Element.updateChild (package:flutter/src/widgets/framework.dart:4037)
I/flutter (13804): #31     ComponentElement.performRebuild (package:flutter/src/widgets/framework.dart:5841)
I/flutter (13804): #32     Element.rebuild (package:flutter/src/widgets/framework.dart:5529)
I/flutter (13804): #33     ProxyElement.update (package:flutter/src/widgets/framework.dart:6149)
I/flutter (13804): #34     _InheritedNotifierElement.update (package:flutter/src/widgets/inherited_notifier.dart:108)
I/flutter (13804): #35     Element.updateChild (package:flutter/src/widgets/framework.dart:4037)
I/flutter (13804): #36     ComponentElement.performRebuild (package:flutter/src/widgets/framework.dart:5841)
I/flutter (13804): #37     StatefulElement.performRebuild (package:flutter/src/widgets/framework.dart:5982)
I/flutter (13804): #38     Element.rebuild (package:flutter/src/widgets/framework.dart:5529)
I/flutter (13804): #39     StatefulElement.update (package:flutter/src/widgets/framework.dart:6007)
I/flutter (13804): #40     Element.updateChild (package:flutter/src/widgets/framework.dart:4037)
I/flutter (13804): #41     ComponentElement.performRebuild (package:flutter/src/widgets/framework.dart:5841)
I/flutter (13804): #42     Element.rebuild (package:flutter/src/widgets/framework.dart:5529)
I/flutter (13804): #43     ProxyElement.update (package:flutter/src/widgets/framework.dart:6149)
I/flutter (13804): #44     Element.updateChild (package:flutter/src/widgets/framework.dart:4037)
I/flutter (13804): #45     ComponentElement.performRebuild (package:flutter/src/widgets/framework.dart:5841)
I/flutter (13804): #46     StatefulElement.performRebuild (package:flutter/src/widgets/framework.dart:5982)
I/flutter (13804): #47     Element.rebuild (package:flutter/src/widgets/framework.dart:5529)
I/flutter (13804): #48     StatefulElement.update (package:flutter/src/widgets/framework.dart:6007)
I/flutter (13804): #49     Element.updateChild (package:flutter/src/widgets/framework.dart:4037)
I/flutter (13804): #50     ComponentElement.performRebuild (package:flutter/src/widgets/framework.dart:5841)
I/flutter (13804): #51     Element.rebuild (package:flutter/src/widgets/framework.dart:5529)
I/flutter (13804): #52     ProxyElement.update (package:flutter/src/widgets/framework.dart:6149)
I/flutter (13804): #53     Element.updateChild (package:flutter/src/widgets/framework.dart:4037)
I/flutter (13804): #54     ComponentElement.performRebuild (package:flutter/src/widgets/framework.dart:5841)
I/flutter (13804): #55     StatefulElement.performRebuild (package:flutter/src/widgets/framework.dart:5982)
I/flutter (13804): #56     Element.rebuild (package:flutter/src/widgets/framework.dart:5529)
I/flutter (13804): #57     StatefulElement.update (package:flutter/src/widgets/framework.dart:6007)
I/flutter (13804): #58     Element.updateChild (package:flutter/src/widgets/framework.dart:4037)
I/flutter (13804): #59     ComponentElement.performRebuild (package:flutter/src/widgets/framework.dart:5841)
I/flutter (13804): #60     Element.rebuild (package:flutter/src/widgets/framework.dart:5529)
I/flutter (13804): #61     StatelessElement.update (package:flutter/src/widgets/framework.dart:5895)
I/flutter (13804): #62     Element.updateChild (package:flutter/src/widgets/framework.dart:4037)
I/flutter (13804): #63     SingleChildRenderObjectElement.update (package:flutter/src/widgets/framework.dart:7122)
I/flutter (13804): #64     Element.updateChild (package:flutter/src/widgets/framework.dart:4037)
I/flutter (13804): #65     SingleChildRenderObjectElement.update (package:flutter/src/widgets/framework.dart:7122)
I/flutter (13804): #66     Element.updateChild (package:flutter/src/widgets/framework.dart:4037)
I/flutter (13804): #67     SingleChildRenderObjectElement.update (package:flutter/src/widgets/framework.dart:7122)
I/flutter (13804): #68     Element.updateChild (package:flutter/src/widgets/framework.dart:4037)
I/flutter (13804): #69     ComponentElement.performRebuild (package:flutter/src/widgets/framework.dart:5841)
I/flutter (13804): #70     StatefulElement.performRebuild (package:flutter/src/widgets/framework.dart:5982)
I/flutter (13804): #71     Element.rebuild (package:flutter/src/widgets/framework.dart:5529)
I/flutter (13804): #72     StatefulElement.update (package:flutter/src/widgets/framework.dart:6007)
I/flutter (13804): #73     Element.updateChild (package:flutter/src/widgets/framework.dart:4037)
I/flutter (13804): #74     ComponentElement.performRebuild (package:flutter/src/widgets/framework.dart:5841)
I/flutter (13804): #75     Element.rebuild (package:flutter/src/widgets/framework.dart:5529)
I/flutter (13804): #76     ProxyElement.update (package:flutter/src/widgets/framework.dart:6149)
I/flutter (13804): #77     Element.updateChild (package:flutter/src/widgets/framework.dart:4037)
I/flutter (13804): #78     ComponentElement.performRebuild (package:flutter/src/widgets/framework.dart:5841)
I/flutter (13804): #79     Element.rebuild (package:flutter/src/widgets/framework.dart:5529)
I/flutter (13804): #80     ProxyElement.update (package:flutter/src/widgets/framework.dart:6149)
I/flutter (13804): #81     Element.updateChild (package:flutter/src/widgets/framework.dart:4037)
I/flutter (13804): #82     ComponentElement.performRebuild (package:flutter/src/widgets/framework.dart:5841)
I/flutter (13804): #83     StatefulElement.performRebuild (package:flutter/src/widgets/framework.dart:5982)
I/flutter (13804): #84     Element.rebuild (package:flutter/src/widgets/framework.dart:5529)
I/flutter (13804): #85     StatefulElement.update (package:flutter/src/widgets/framework.dart:6007)
I/flutter (13804): #86     Element.updateChild (package:flutter/src/widgets/framework.dart:4037)
I/flutter (13804): #87     ComponentElement.performRebuild (package:flutter/src/widgets/framework.dart:5841)
I/flutter (13804): #88     Element.rebuild (package:flutter/src/widgets/framework.dart:5529)
I/flutter (13804): #89     StatelessElement.update (package:flutter/src/widgets/framework.dart:5895)
I/flutter (13804): #90     Element.updateChild (package:flutter/src/widgets/framework.dart:4037)
I/flutter (13804): #91     SliverMultiBoxAdaptorElement.updateChild (package:flutter/src/widgets/sliver.dart:1086)
I/flutter (13804): #92     SliverMultiBoxAdaptorElement.performRebuild.processElement (package:flutter/src/widgets/sliver.dart:979)
I/flutter (13804): #93     Iterable.forEach (dart:core/iterable.dart:366)
I/flutter (13804): #94     SliverMultiBoxAdaptorElement.performRebuild (package:flutter/src/widgets/sliver.dart:1032)
I/flutter (13804): #95     SliverMultiBoxAdaptorElement.update (package:flutter/src/widgets/sliver.dart:955)
I/flutter (13804): #96     Element.updateChild (package:flutter/src/widgets/framework.dart:4037)
I/flutter (13804): #97     ComponentElement.performRebuild (package:flutter/src/widgets/framework.dart:5841)
I/flutter (13804): #98     Element.rebuild (package:flutter/src/widgets/framework.dart:5529)
I/flutter (13804): #99     ProxyElement.update (package:flutter/src/widgets/framework.dart:6149)
[spm]: ProfilerData event received.
I/flutter (13804): [SPM:perf] 698a51a  buildSpan: 11360µs
I/flutter (13804): [spm] Performance monitoring completed for 698a51a
I/flutter (13804): type '_Stub' is not a subtype of type 'Color?'
I/flutter (13804): #0      LeagueCard.build (package:benchmark_container/generated_widget.dart:125)
I/flutter (13804): #1      StatelessElement.build (package:flutter/src/widgets/framework.dart:5889)
I/flutter (13804): #2      ComponentElement.performRebuild (package:flutter/src/widgets/framework.dart:5817)
I/flutter (13804): #3      Element.rebuild (package:flutter/src/widgets/framework.dart:5529)
I/flutter (13804): #4      StatelessElement.update (package:flutter/src/widgets/framework.dart:5895)
I/flutter (13804): #5      Element.updateChild (package:flutter/src/widgets/framework.dart:4037)
I/flutter (13804): #6      SingleChildRenderObjectElement.update (package:flutter/src/widgets/framework.dart:7122)
I/flutter (13804): #7      Element.updateChild (package:flutter/src/widgets/framework.dart:4037)
I/flutter (13804): #8      ComponentElement.performRebuild (package:flutter/src/widgets/framework.dart:5841)
I/flutter (13804): #9      StatefulElement.performRebuild (package:flutter/src/widgets/framework.dart:5982)
I/flutter (13804): #10     Element.rebuild (package:flutter/src/widgets/framework.dart:5529)
I/flutter (13804): #11     StatefulElement.update (package:flutter/src/widgets/framework.dart:6007)
I/flutter (13804): #12     Element.updateChild (package:flutter/src/widgets/framework.dart:4037)
I/flutter (13804): #13     ComponentElement.performRebuild (package:flutter/src/widgets/framework.dart:5841)
I/flutter (13804): #14     Element.rebuild (package:flutter/src/widgets/framework.dart:5529)
I/flutter (13804): #15     StatelessElement.update (package:flutter/src/widgets/framework.dart:5895)
I/flutter (13804): #16     Element.updateChild (package:flutter/src/widgets/framework.dart:4037)
I/flutter (13804): #17     SingleChildRenderObjectElement.update (package:flutter/src/widgets/framework.dart:7122)
I/flutter (13804): #18     Element.updateChild (package:flutter/src/widgets/framework.dart:4037)
I/flutter (13804): #19     ComponentElement.performRebuild (package:flutter/src/widgets/framework.dart:5841)
I/flutter (13804): #20     Element.rebuild (package:flutter/src/widgets/framework.dart:5529)
I/flutter (13804): #21     ProxyElement.update (package:flutter/src/widgets/framework.dart:6149)
I/flutter (13804): #22     Element.updateChild (package:flutter/src/widgets/framework.dart:4037)
I/flutter (13804): #23     ComponentElement.performRebuild (package:flutter/src/widgets/framework.dart:5841)
I/flutter (13804): #24     Element.rebuild (package:flutter/src/widgets/framework.dart:5529)
I/flutter (13804): #25     StatelessElement.update (package:flutter/src/widgets/framework.dart:5895)
I/flutter (13804): #26     Element.updateChild (package:flutter/src/widgets/framework.dart:4037)
I/flutter (13804): #27     SingleChildRenderObjectElement.update (package:flutter/src/widgets/framework.dart:7122)
I/flutter (13804): #28     Element.updateChild (package:flutter/src/widgets/framework.dart:4037)
I/flutter (13804): #29     SingleChildRenderObjectElement.update (package:flutter/src/widgets/framework.dart:7122)
I/flutter (13804): #30     Element.updateChild (package:flutter/src/widgets/framework.dart:4037)
I/flutter (13804): #31     ComponentElement.performRebuild (package:flutter/src/widgets/framework.dart:5841)
I/flutter (13804): #32     Element.rebuild (package:flutter/src/widgets/framework.dart:5529)
I/flutter (13804): #33     ProxyElement.update (package:flutter/src/widgets/framework.dart:6149)
I/flutter (13804): #34     _InheritedNotifierElement.update (package:flutter/src/widgets/inherited_notifier.dart:108)
I/flutter (13804): #35     Element.updateChild (package:flutter/src/widgets/framework.dart:4037)
I/flutter (13804): #36     ComponentElement.performRebuild (package:flutter/src/widgets/framework.dart:5841)
I/flutter (13804): #37     StatefulElement.performRebuild (package:flutter/src/widgets/framework.dart:5982)
I/flutter (13804): #38     Element.rebuild (package:flutter/src/widgets/framework.dart:5529)
I/flutter (13804): #39     StatefulElement.update (package:flutter/src/widgets/framework.dart:6007)
I/flutter (13804): #40     Element.updateChild (package:flutter/src/widgets/framework.dart:4037)
I/flutter (13804): #41     ComponentElement.performRebuild (package:flutter/src/widgets/framework.dart:5841)
I/flutter (13804): #42     Element.rebuild (package:flutter/src/widgets/framework.dart:5529)
I/flutter (13804): #43     ProxyElement.update (package:flutter/src/widgets/framework.dart:6149)
I/flutter (13804): #44     Element.updateChild (package:flutter/src/widgets/framework.dart:4037)
I/flutter (13804): #45     ComponentElement.performRebuild (package:flutter/src/widgets/framework.dart:5841)
I/flutter (13804): #46     StatefulElement.performRebuild (package:flutter/src/widgets/framework.dart:5982)
I/flutter (13804): #47     Element.rebuild (package:flutter/src/widgets/framework.dart:5529)
I/flutter (13804): #48     StatefulElement.update (package:flutter/src/widgets/framework.dart:6007)
I/flutter (13804): #49     Element.updateChild (package:flutter/src/widgets/framework.dart:4037)
I/flutter (13804): #50     ComponentElement.performRebuild (package:flutter/src/widgets/framework.dart:5841)
I/flutter (13804): #51     Element.rebuild (package:flutter/src/widgets/framework.dart:5529)
I/flutter (13804): #52     ProxyElement.update (package:flutter/src/widgets/framework.dart:6149)
I/flutter (13804): #53     Element.updateChild (package:flutter/src/widgets/framework.dart:4037)
I/flutter (13804): #54     ComponentElement.performRebuild (package:flutter/src/widgets/framework.dart:5841)
I/flutter (13804): #55     StatefulElement.performRebuild (package:flutter/src/widgets/framework.dart:5982)
I/flutter (13804): #56     Element.rebuild (package:flutter/src/widgets/framework.dart:5529)
I/flutter (13804): #57     StatefulElement.update (package:flutter/src/widgets/framework.dart:6007)
I/flutter (13804): #58     Element.updateChild (package:flutter/src/widgets/framework.dart:4037)
I/flutter (13804): #59     ComponentElement.performRebuild (package:flutter/src/widgets/framework.dart:5841)
I/flutter (13804): #60     Element.rebuild (package:flutter/src/widgets/framework.dart:5529)
I/flutter (13804): #61     StatelessElement.update (package:flutter/src/widgets/framework.dart:5895)
I/flutter (13804): #62     Element.updateChild (package:flutter/src/widgets/framework.dart:4037)
I/flutter (13804): #63     SingleChildRenderObjectElement.update (package:flutter/src/widgets/framework.dart:7122)
I/flutter (13804): #64     Element.updateChild (package:flutter/src/widgets/framework.dart:4037)
I/flutter (13804): #65     SingleChildRenderObjectElement.update (package:flutter/src/widgets/framework.dart:7122)
I/flutter (13804): #66     Element.updateChild (package:flutter/src/widgets/framework.dart:4037)
I/flutter (13804): #67     SingleChildRenderObjectElement.update (package:flutter/src/widgets/framework.dart:7122)
I/flutter (13804): #68     Element.updateChild (package:flutter/src/widgets/framework.dart:4037)
I/flutter (13804): #69     ComponentElement.performRebuild (package:flutter/src/widgets/framework.dart:5841)
I/flutter (13804): #70     StatefulElement.performRebuild (package:flutter/src/widgets/framework.dart:5982)
I/flutter (13804): #71     Element.rebuild (package:flutter/src/widgets/framework.dart:5529)
I/flutter (13804): #72     StatefulElement.update (package:flutter/src/widgets/framework.dart:6007)
I/flutter (13804): #73     Element.updateChild (package:flutter/src/widgets/framework.dart:4037)
I/flutter (13804): #74     ComponentElement.performRebuild (package:flutter/src/widgets/framework.dart:5841)
I/flutter (13804): #75     Element.rebuild (package:flutter/src/widgets/framework.dart:5529)
I/flutter (13804): #76     ProxyElement.update (package:flutter/src/widgets/framework.dart:6149)
I/flutter (13804): #77     Element.updateChild (package:flutter/src/widgets/framework.dart:4037)
I/flutter (13804): #78     ComponentElement.performRebuild (package:flutter/src/widgets/framework.dart:5841)
I/flutter (13804): #79     Element.rebuild (package:flutter/src/widgets/framework.dart:5529)
I/flutter (13804): #80     ProxyElement.update (package:flutter/src/widgets/framework.dart:6149)
I/flutter (13804): #81     Element.updateChild (package:flutter/src/widgets/framework.dart:4037)
I/flutter (13804): #82     ComponentElement.performRebuild (package:flutter/src/widgets/framework.dart:5841)
I/flutter (13804): #83     StatefulElement.performRebuild (package:flutter/src/widgets/framework.dart:5982)
I/flutter (13804): #84     Element.rebuild (package:flutter/src/widgets/framework.dart:5529)
I/flutter (13804): #85     StatefulElement.update (package:flutter/src/widgets/framework.dart:6007)
I/flutter (13804): #86     Element.updateChild (package:flutter/src/widgets/framework.dart:4037)
I/flutter (13804): #87     ComponentElement.performRebuild (package:flutter/src/widgets/framework.dart:5841)
I/flutter (13804): #88     Element.rebuild (package:flutter/src/widgets/framework.dart:5529)
I/flutter (13804): #89     StatelessElement.update (package:flutter/src/widgets/framework.dart:5895)
I/flutter (13804): #90     Element.updateChild (package:flutter/src/widgets/framework.dart:4037)
I/flutter (13804): #91     SliverMultiBoxAdaptorElement.updateChild (package:flutter/src/widgets/sliver.dart:1086)
I/flutter (13804): #92     SliverMultiBoxAdaptorElement.performRebuild.processElement (package:flutter/src/widgets/sliver.dart:979)
I/flutter (13804): #93     Iterable.forEach (dart:core/iterable.dart:366)
I/flutter (13804): #94     SliverMultiBoxAdaptorElement.performRebuild (package:flutter/src/widgets/sliver.dart:1032)
I/flutter (13804): #95     SliverMultiBoxAdaptorElement.update (package:flutter/src/widgets/sliver.dart:955)
I/flutter (13804): #96     Element.updateChild (package:flutter/src/widgets/framework.dart:4037)
I/flutter (13804): #97     ComponentElement.performRebuild (package:flutter/src/widgets/framework.dart:5841)
I/flutter (13804): #98     Element.rebuild (package:flutter/src/widgets/framework.dart:5529)
I/flutter (13804): #99     ProxyElement.update (package:flutter/src/widgets/framework.dart:6149)
[spm]: ProfilerData event received.
I/flutter (13804): [SPM:perf] 698a51a  buildSpan: 10333µs
I/flutter (13804): [spm] Performance monitoring completed for 698a51a
I/flutter (13804): type '_Stub' is not a subtype of type 'Color?'
I/flutter (13804): #0      LeagueCard.build (package:benchmark_container/generated_widget.dart:125)
I/flutter (13804): #1      StatelessElement.build (package:flutter/src/widgets/framework.dart:5889)
I/flutter (13804): #2      ComponentElement.performRebuild (package:flutter/src/widgets/framework.dart:5817)
I/flutter (13804): #3      Element.rebuild (package:flutter/src/widgets/framework.dart:5529)
I/flutter (13804): #4      StatelessElement.update (package:flutter/src/widgets/framework.dart:5895)
I/flutter (13804): #5      Element.updateChild (package:flutter/src/widgets/framework.dart:4037)
I/flutter (13804): #6      SingleChildRenderObjectElement.update (package:flutter/src/widgets/framework.dart:7122)
I/flutter (13804): #7      Element.updateChild (package:flutter/src/widgets/framework.dart:4037)
I/flutter (13804): #8      ComponentElement.performRebuild (package:flutter/src/widgets/framework.dart:5841)
I/flutter (13804): #9      StatefulElement.performRebuild (package:flutter/src/widgets/framework.dart:5982)
I/flutter (13804): #10     Element.rebuild (package:flutter/src/widgets/framework.dart:5529)
I/flutter (13804): #11     StatefulElement.update (package:flutter/src/widgets/framework.dart:6007)
I/flutter (13804): #12     Element.updateChild (package:flutter/src/widgets/framework.dart:4037)
I/flutter (13804): #13     ComponentElement.performRebuild (package:flutter/src/widgets/framework.dart:5841)
I/flutter (13804): #14     Element.rebuild (package:flutter/src/widgets/framework.dart:5529)
I/flutter (13804): #15     StatelessElement.update (package:flutter/src/widgets/framework.dart:5895)
I/flutter (13804): #16     Element.updateChild (package:flutter/src/widgets/framework.dart:4037)
I/flutter (13804): #17     SingleChildRenderObjectElement.update (package:flutter/src/widgets/framework.dart:7122)
I/flutter (13804): #18     Element.updateChild (package:flutter/src/widgets/framework.dart:4037)
I/flutter (13804): #19     ComponentElement.performRebuild (package:flutter/src/widgets/framework.dart:5841)
I/flutter (13804): #20     Element.rebuild (package:flutter/src/widgets/framework.dart:5529)
I/flutter (13804): #21     ProxyElement.update (package:flutter/src/widgets/framework.dart:6149)
I/flutter (13804): #22     Element.updateChild (package:flutter/src/widgets/framework.dart:4037)
I/flutter (13804): #23     ComponentElement.performRebuild (package:flutter/src/widgets/framework.dart:5841)
I/flutter (13804): #24     Element.rebuild (package:flutter/src/widgets/framework.dart:5529)
I/flutter (13804): #25     StatelessElement.update (package:flutter/src/widgets/framework.dart:5895)
I/flutter (13804): #26     Element.updateChild (package:flutter/src/widgets/framework.dart:4037)
I/flutter (13804): #27     SingleChildRenderObjectElement.update (package:flutter/src/widgets/framework.dart:7122)
I/flutter (13804): #28     Element.updateChild (package:flutter/src/widgets/framework.dart:4037)
I/flutter (13804): #29     SingleChildRenderObjectElement.update (package:flutter/src/widgets/framework.dart:7122)
I/flutter (13804): #30     Element.updateChild (package:flutter/src/widgets/framework.dart:4037)
I/flutter (13804): #31     ComponentElement.performRebuild (package:flutter/src/widgets/framework.dart:5841)
I/flutter (13804): #32     Element.rebuild (package:flutter/src/widgets/framework.dart:5529)
I/flutter (13804): #33     ProxyElement.update (package:flutter/src/widgets/framework.dart:6149)
I/flutter (13804): #34     _InheritedNotifierElement.update (package:flutter/src/widgets/inherited_notifier.dart:108)
I/flutter (13804): #35     Element.updateChild (package:flutter/src/widgets/framework.dart:4037)
I/flutter (13804): #36     ComponentElement.performRebuild (package:flutter/src/widgets/framework.dart:5841)
I/flutter (13804): #37     StatefulElement.performRebuild (package:flutter/src/widgets/framework.dart:5982)
I/flutter (13804): #38     Element.rebuild (package:flutter/src/widgets/framework.dart:5529)
I/flutter (13804): #39     StatefulElement.update (package:flutter/src/widgets/framework.dart:6007)
I/flutter (13804): #40     Element.updateChild (package:flutter/src/widgets/framework.dart:4037)
I/flutter (13804): #41     ComponentElement.performRebuild (package:flutter/src/widgets/framework.dart:5841)
I/flutter (13804): #42     Element.rebuild (package:flutter/src/widgets/framework.dart:5529)
I/flutter (13804): #43     ProxyElement.update (package:flutter/src/widgets/framework.dart:6149)
I/flutter (13804): #44     Element.updateChild (package:flutter/src/widgets/framework.dart:4037)
I/flutter (13804): #45     ComponentElement.performRebuild (package:flutter/src/widgets/framework.dart:5841)
I/flutter (13804): #46     StatefulElement.performRebuild (package:flutter/src/widgets/framework.dart:5982)
I/flutter (13804): #47     Element.rebuild (package:flutter/src/widgets/framework.dart:5529)
I/flutter (13804): #48     StatefulElement.update (package:flutter/src/widgets/framework.dart:6007)
I/flutter (13804): #49     Element.updateChild (package:flutter/src/widgets/framework.dart:4037)
I/flutter (13804): #50     ComponentElement.performRebuild (package:flutter/src/widgets/framework.dart:5841)
I/flutter (13804): #51     Element.rebuild (package:flutter/src/widgets/framework.dart:5529)
I/flutter (13804): #52     ProxyElement.update (package:flutter/src/widgets/framework.dart:6149)
I/flutter (13804): #53     Element.updateChild (package:flutter/src/widgets/framework.dart:4037)
I/flutter (13804): #54     ComponentElement.performRebuild (package:flutter/src/widgets/framework.dart:5841)
I/flutter (13804): #55     StatefulElement.performRebuild (package:flutter/src/widgets/framework.dart:5982)
I/flutter (13804): #56     Element.rebuild (package:flutter/src/widgets/framework.dart:5529)
I/flutter (13804): #57     StatefulElement.update (package:flutter/src/widgets/framework.dart:6007)
I/flutter (13804): #58     Element.updateChild (package:flutter/src/widgets/framework.dart:4037)
I/flutter (13804): #59     ComponentElement.performRebuild (package:flutter/src/widgets/framework.dart:5841)
I/flutter (13804): #60     Element.rebuild (package:flutter/src/widgets/framework.dart:5529)
I/flutter (13804): #61     StatelessElement.update (package:flutter/src/widgets/framework.dart:5895)
I/flutter (13804): #62     Element.updateChild (package:flutter/src/widgets/framework.dart:4037)
I/flutter (13804): #63     SingleChildRenderObjectElement.update (package:flutter/src/widgets/framework.dart:7122)
I/flutter (13804): #64     Element.updateChild (package:flutter/src/widgets/framework.dart:4037)
I/flutter (13804): #65     SingleChildRenderObjectElement.update (package:flutter/src/widgets/framework.dart:7122)
I/flutter (13804): #66     Element.updateChild (package:flutter/src/widgets/framework.dart:4037)
I/flutter (13804): #67     SingleChildRenderObjectElement.update (package:flutter/src/widgets/framework.dart:7122)
I/flutter (13804): #68     Element.updateChild (package:flutter/src/widgets/framework.dart:4037)
I/flutter (13804): #69     ComponentElement.performRebuild (package:flutter/src/widgets/framework.dart:5841)
I/flutter (13804): #70     StatefulElement.performRebuild (package:flutter/src/widgets/framework.dart:5982)
I/flutter (13804): #71     Element.rebuild (package:flutter/src/widgets/framework.dart:5529)
I/flutter (13804): #72     StatefulElement.update (package:flutter/src/widgets/framework.dart:6007)
I/flutter (13804): #73     Element.updateChild (package:flutter/src/widgets/framework.dart:4037)
I/flutter (13804): #74     ComponentElement.performRebuild (package:flutter/src/widgets/framework.dart:5841)
I/flutter (13804): #75     Element.rebuild (package:flutter/src/widgets/framework.dart:5529)
I/flutter (13804): #76     ProxyElement.update (package:flutter/src/widgets/framework.dart:6149)
I/flutter (13804): #77     Element.updateChild (package:flutter/src/widgets/framework.dart:4037)
I/flutter (13804): #78     ComponentElement.performRebuild (package:flutter/src/widgets/framework.dart:5841)
I/flutter (13804): #79     Element.rebuild (package:flutter/src/widgets/framework.dart:5529)
I/flutter (13804): #80     ProxyElement.update (package:flutter/src/widgets/framework.dart:6149)
I/flutter (13804): #81     Element.updateChild (package:flutter/src/widgets/framework.dart:4037)
I/flutter (13804): #82     ComponentElement.performRebuild (package:flutter/src/widgets/framework.dart:5841)
I/flutter (13804): #83     StatefulElement.performRebuild (package:flutter/src/widgets/framework.dart:5982)
I/flutter (13804): #84     Element.rebuild (package:flutter/src/widgets/framework.dart:5529)
I/flutter (13804): #85     StatefulElement.update (package:flutter/src/widgets/framework.dart:6007)
I/flutter (13804): #86     Element.updateChild (package:flutter/src/widgets/framework.dart:4037)
I/flutter (13804): #87     ComponentElement.performRebuild (package:flutter/src/widgets/framework.dart:5841)
I/flutter (13804): #88     Element.rebuild (package:flutter/src/widgets/framework.dart:5529)
I/flutter (13804): #89     StatelessElement.update (package:flutter/src/widgets/framework.dart:5895)
I/flutter (13804): #90     Element.updateChild (package:flutter/src/widgets/framework.dart:4037)
I/flutter (13804): #91     SliverMultiBoxAdaptorElement.updateChild (package:flutter/src/widgets/sliver.dart:1086)
I/flutter (13804): #92     SliverMultiBoxAdaptorElement.performRebuild.processElement (package:flutter/src/widgets/sliver.dart:979)
I/flutter (13804): #93     Iterable.forEach (dart:core/iterable.dart:366)
I/flutter (13804): #94     SliverMultiBoxAdaptorElement.performRebuild (package:flutter/src/widgets/sliver.dart:1032)
I/flutter (13804): #95     SliverMultiBoxAdaptorElement.update (package:flutter/src/widgets/sliver.dart:955)
I/flutter (13804): #96     Element.updateChild (package:flutter/src/widgets/framework.dart:4037)
I/flutter (13804): #97     ComponentElement.performRebuild (package:flutter/src/widgets/framework.dart:5841)
I/flutter (13804): #98     Element.rebuild (package:flutter/src/widgets/framework.dart:5529)
I/flutter (13804): #99     ProxyElement.update (package:flutter/src/widgets/framework.dart:6149)
[spm]: ProfilerData event received.
I/flutter (13804): [SPM:perf] 698a51a  buildSpan: 10377µs
I/flutter (13804): [spm] Performance monitoring completed for 698a51a
I/flutter (13804): #0      LeagueCard.build (package:benchmark_container/generated_widget.dart:125)
I/flutter (13804): #1      StatelessElement.build (package:flutter/src/widgets/framework.dart:5889)
I/flutter (13804): #2      ComponentElement.performRebuild (package:flutter/src/widgets/framework.dart:5817)
I/flutter (13804): #3      Element.rebuild (package:flutter/src/widgets/framework.dart:5529)
I/flutter (13804): #4      StatelessElement.update (package:flutter/src/widgets/framework.dart:5895)
I/flutter (13804): #5      Element.updateChild (package:flutter/src/widgets/framework.dart:4037)
I/flutter (13804): #6      SingleChildRenderObjectElement.update (package:flutter/src/widgets/framework.dart:7122)
I/flutter (13804): #7      Element.updateChild (package:flutter/src/widgets/framework.dart:4037)
I/flutter (13804): #8      ComponentElement.performRebuild (package:flutter/src/widgets/framework.dart:5841)
I/flutter (13804): #9      StatefulElement.performRebuild (package:flutter/src/widgets/framework.dart:5982)
I/flutter (13804): #10     Element.rebuild (package:flutter/src/widgets/framework.dart:5529)
I/flutter (13804): #11     StatefulElement.update (package:flutter/src/widgets/framework.dart:6007)
I/flutter (13804): #12     Element.updateChild (package:flutter/src/widgets/framework.dart:4037)
I/flutter (13804): #13     ComponentElement.performRebuild (package:flutter/src/widgets/framework.dart:5841)
I/flutter (13804): #14     Element.rebuild (package:flutter/src/widgets/framework.dart:5529)
I/flutter (13804): #15     StatelessElement.update (package:flutter/src/widgets/framework.dart:5895)
I/flutter (13804): #16     Element.updateChild (package:flutter/src/widgets/framework.dart:4037)
I/flutter (13804): #17     SingleChildRenderObjectElement.update (package:flutter/src/widgets/framework.dart:7122)
I/flutter (13804): #18     Element.updateChild (package:flutter/src/widgets/framework.dart:4037)
I/flutter (13804): #19     ComponentElement.performRebuild (package:flutter/src/widgets/framework.dart:5841)
I/flutter (13804): #20     Element.rebuild (package:flutter/src/widgets/framework.dart:5529)
I/flutter (13804): #21     ProxyElement.update (package:flutter/src/widgets/framework.dart:6149)
I/flutter (13804): #22     Element.updateChild (package:flutter/src/widgets/framework.dart:4037)
I/flutter (13804): #23     ComponentElement.performRebuild (package:flutter/src/widgets/framework.dart:5841)
I/flutter (13804): #24     Element.rebuild (package:flutter/src/widgets/framework.dart:5529)
I/flutter (13804): #25     StatelessElement.update (package:flutter/src/widgets/framework.dart:5895)
I/flutter (13804): #26     Element.updateChild (package:flutter/src/widgets/framework.dart:4037)
I/flutter (13804): #27     SingleChildRenderObjectElement.update (package:flutter/src/widgets/framework.dart:7122)
I/flutter (13804): #28     Element.updateChild (package:flutter/src/widgets/framework.dart:4037)
I/flutter (13804): #29     SingleChildRenderObjectElement.update (package:flutter/src/widgets/framework.dart:7122)
I/flutter (13804): #30     Element.updateChild (package:flutter/src/widgets/framework.dart:4037)
I/flutter (13804): #31     ComponentElement.performRebuild (package:flutter/src/widgets/framework.dart:5841)
I/flutter (13804): #32     Element.rebuild (package:flutter/src/widgets/framework.dart:5529)
I/flutter (13804): #33     ProxyElement.update (package:flutter/src/widgets/framework.dart:6149)
I/flutter (13804): #34     _InheritedNotifierElement.update (package:flutter/src/widgets/inherited_notifier.dart:108)
I/flutter (13804): #35     Element.updateChild (package:flutter/src/widgets/framework.dart:4037)
I/flutter (13804): #36     ComponentElement.performRebuild (package:flutter/src/widgets/framework.dart:5841)
I/flutter (13804): #37     StatefulElement.performRebuild (package:flutter/src/widgets/framework.dart:5982)
I/flutter (13804): #38     Element.rebuild (package:flutter/src/widgets/framework.dart:5529)
I/flutter (13804): #39     StatefulElement.update (package:flutter/src/widgets/framework.dart:6007)
I/flutter (13804): #40     Element.updateChild (package:flutter/src/widgets/framework.dart:4037)
I/flutter (13804): #41     ComponentElement.performRebuild (package:flutter/src/widgets/framework.dart:5841)
I/flutter (13804): #42     Element.rebuild (package:flutter/src/widgets/framework.dart:5529)
I/flutter (13804): #43     ProxyElement.update (package:flutter/src/widgets/framework.dart:6149)
I/flutter (13804): #44     Element.updateChild (package:flutter/src/widgets/framework.dart:4037)
I/flutter (13804): #45     ComponentElement.performRebuild (package:flutter/src/widgets/framework.dart:5841)
I/flutter (13804): #46     StatefulElement.performRebuild (package:flutter/src/widgets/framework.dart:5982)
I/flutter (13804): #47     Element.rebuild (package:flutter/src/widgets/framework.dart:5529)
I/flutter (13804): #48     StatefulElement.update (package:flutter/src/widgets/framework.dart:6007)
I/flutter (13804): #49     Element.updateChild (package:flutter/src/widgets/framework.dart:4037)
I/flutter (13804): #50     ComponentElement.performRebuild (package:flutter/src/widgets/framework.dart:5841)
I/flutter (13804): #51     Element.rebuild (package:flutter/src/widgets/framework.dart:5529)
I/flutter (13804): #52     ProxyElement.update (package:flutter/src/widgets/framework.dart:6149)
I/flutter (13804): #53     Element.updateChild (package:flutter/src/widgets/framework.dart:4037)
I/flutter (13804): #54     ComponentElement.performRebuild (package:flutter/src/widgets/framework.dart:5841)
I/flutter (13804): #55     StatefulElement.performRebuild (package:flutter/src/widgets/framework.dart:5982)
I/flutter (13804): #56     Element.rebuild (package:flutter/src/widgets/framework.dart:5529)
I/flutter (13804): #57     StatefulElement.update (package:flutter/src/widgets/framework.dart:6007)
I/flutter (13804): #58     Element.updateChild (package:flutter/src/widgets/framework.dart:4037)
I/flutter (13804): #59     ComponentElement.performRebuild (package:flutter/src/widgets/framework.dart:5841)
I/flutter (13804): #60     Element.rebuild (package:flutter/src/widgets/framework.dart:5529)
I/flutter (13804): #61     StatelessElement.update (package:flutter/src/widgets/framework.dart:5895)
I/flutter (13804): #62     Element.updateChild (package:flutter/src/widgets/framework.dart:4037)
I/flutter (13804): #63     SingleChildRenderObjectElement.update (package:flutter/src/widgets/framework.dart:7122)
I/flutter (13804): #64     Element.updateChild (package:flutter/src/widgets/framework.dart:4037)
I/flutter (13804): #65     SingleChildRenderObjectElement.update (package:flutter/src/widgets/framework.dart:7122)
I/flutter (13804): #66     Element.updateChild (package:flutter/src/widgets/framework.dart:4037)
I/flutter (13804): #67     SingleChildRenderObjectElement.update (package:flutter/src/widgets/framework.dart:7122)
I/flutter (13804): #68     Element.updateChild (package:flutter/src/widgets/framework.dart:4037)
I/flutter (13804): #69     ComponentElement.performRebuild (package:flutter/src/widgets/framework.dart:5841)
I/flutter (13804): #70     StatefulElement.performRebuild (package:flutter/src/widgets/framework.dart:5982)
I/flutter (13804): #71     Element.rebuild (package:flutter/src/widgets/framework.dart:5529)
I/flutter (13804): #72     StatefulElement.update (package:flutter/src/widgets/framework.dart:6007)
I/flutter (13804): #73     Element.updateChild (package:flutter/src/widgets/framework.dart:4037)
I/flutter (13804): #74     ComponentElement.performRebuild (package:flutter/src/widgets/framework.dart:5841)
I/flutter (13804): #75     Element.rebuild (package:flutter/src/widgets/framework.dart:5529)
I/flutter (13804): #76     ProxyElement.update (package:flutter/src/widgets/framework.dart:6149)
I/flutter (13804): #77     Element.updateChild (package:flutter/src/widgets/framework.dart:4037)
I/flutter (13804): #78     ComponentElement.performRebuild (package:flutter/src/widgets/framework.dart:5841)
I/flutter (13804): #79     Element.rebuild (package:flutter/src/widgets/framework.dart:5529)
I/flutter (13804): #80     ProxyElement.update (package:flutter/src/widgets/framework.dart:6149)
I/flutter (13804): #81     Element.updateChild (package:flutter/src/widgets/framework.dart:4037)
I/flutter (13804): #82     ComponentElement.performRebuild (package:flutter/src/widgets/framework.dart:5841)
I/flutter (13804): #83     StatefulElement.performRebuild (package:flutter/src/widgets/framework.dart:5982)
I/flutter (13804): #84     Element.rebuild (package:flutter/src/widgets/framework.dart:5529)
I/flutter (13804): #85     StatefulElement.update (package:flutter/src/widgets/framework.dart:6007)
I/flutter (13804): #86     Element.updateChild (package:flutter/src/widgets/framework.dart:4037)
I/flutter (13804): #87     ComponentElement.performRebuild (package:flutter/src/widgets/framework.dart:5841)
I/flutter (13804): #88     Element.rebuild (package:flutter/src/widgets/framework.dart:5529)
I/flutter (13804): #89     StatelessElement.update (package:flutter/src/widgets/framework.dart:5895)
I/flutter (13804): #90     Element.updateChild (package:flutter/src/widgets/framework.dart:4037)
I/flutter (13804): #91     SliverMultiBoxAdaptorElement.updateChild (package:flutter/src/widgets/sliver.dart:1086)
I/flutter (13804): #92     SliverMultiBoxAdaptorElement.performRebuild.processElement (package:flutter/src/widgets/sliver.dart:979)
I/flutter (13804): #93     Iterable.forEach (dart:core/iterable.dart:366)
I/flutter (13804): #94     SliverMultiBoxAdaptorElement.performRebuild (package:flutter/src/widgets/sliver.dart:1032)
I/flutter (13804): #95     SliverMultiBoxAdaptorElement.update (package:flutter/src/widgets/sliver.dart:955)
I/flutter (13804): #96     Element.updateChild (package:flutter/src/widgets/framework.dart:4037)
I/flutter (13804): #97     ComponentElement.performRebuild (package:flutter/src/widgets/framework.dart:5841)
I/flutter (13804): #98     Element.rebuild (package:flutter/src/widgets/framework.dart:5529)
I/flutter (13804): #99     ProxyElement.update (package:flutter/src/widgets/framework.dart:6149)
I/flutter (13804): [SPM:perf] 698a51a  buildSpan: 9562µs
I/flutter (13804): [spm] Performance monitoring completed for 698a51a
[spm]: ProfilerData event received.
I/flutter (13804): type '_Stub' is not a subtype of type 'Color?'
I/flutter (13804): #0      LeagueCard.build (package:benchmark_container/generated_widget.dart:125)
I/flutter (13804): #1      StatelessElement.build (package:flutter/src/widgets/framework.dart:5889)
I/flutter (13804): #2      ComponentElement.performRebuild (package:flutter/src/widgets/framework.dart:5817)
I/flutter (13804): #3      Element.rebuild (package:flutter/src/widgets/framework.dart:5529)
I/flutter (13804): #4      StatelessElement.update (package:flutter/src/widgets/framework.dart:5895)
I/flutter (13804): #5      Element.updateChild (package:flutter/src/widgets/framework.dart:4037)
I/flutter (13804): #6      SingleChildRenderObjectElement.update (package:flutter/src/widgets/framework.dart:7122)
I/flutter (13804): #7      Element.updateChild (package:flutter/src/widgets/framework.dart:4037)
I/flutter (13804): #8      ComponentElement.performRebuild (package:flutter/src/widgets/framework.dart:5841)
I/flutter (13804): #9      StatefulElement.performRebuild (package:flutter/src/widgets/framework.dart:5982)
I/flutter (13804): #10     Element.rebuild (package:flutter/src/widgets/framework.dart:5529)
I/flutter (13804): #11     StatefulElement.update (package:flutter/src/widgets/framework.dart:6007)
I/flutter (13804): #12     Element.updateChild (package:flutter/src/widgets/framework.dart:4037)
I/flutter (13804): #13     ComponentElement.performRebuild (package:flutter/src/widgets/framework.dart:5841)
I/flutter (13804): #14     Element.rebuild (package:flutter/src/widgets/framework.dart:5529)
I/flutter (13804): #15     StatelessElement.update (package:flutter/src/widgets/framework.dart:5895)
I/flutter (13804): #16     Element.updateChild (package:flutter/src/widgets/framework.dart:4037)
I/flutter (13804): #17     SingleChildRenderObjectElement.update (package:flutter/src/widgets/framework.dart:7122)
I/flutter (13804): #18     Element.updateChild (package:flutter/src/widgets/framework.dart:4037)
I/flutter (13804): #19     ComponentElement.performRebuild (package:flutter/src/widgets/framework.dart:5841)
I/flutter (13804): #20     Element.rebuild (package:flutter/src/widgets/framework.dart:5529)
I/flutter (13804): #21     ProxyElement.update (package:flutter/src/widgets/framework.dart:6149)
I/flutter (13804): #22     Element.updateChild (package:flutter/src/widgets/framework.dart:4037)
I/flutter (13804): #23     ComponentElement.performRebuild (package:flutter/src/widgets/framework.dart:5841)
I/flutter (13804): #24     Element.rebuild (package:flutter/src/widgets/framework.dart:5529)
I/flutter (13804): #25     StatelessElement.update (package:flutter/src/widgets/framework.dart:5895)
I/flutter (13804): #26     Element.updateChild (package:flutter/src/widgets/framework.dart:4037)
I/flutter (13804): #27     SingleChildRenderObjectElement.update (package:flutter/src/widgets/framework.dart:7122)
I/flutter (13804): #28     Element.updateChild (package:flutter/src/widgets/framework.dart:4037)
I/flutter (13804): #29     SingleChildRenderObjectElement.update (package:flutter/src/widgets/framework.dart:7122)
I/flutter (13804): #30     Element.updateChild (package:flutter/src/widgets/framework.dart:4037)
I/flutter (13804): #31     ComponentElement.performRebuild (package:flutter/src/widgets/framework.dart:5841)
I/flutter (13804): #32     Element.rebuild (package:flutter/src/widgets/framework.dart:5529)
I/flutter (13804): #33     ProxyElement.update (package:flutter/src/widgets/framework.dart:6149)
I/flutter (13804): #34     _InheritedNotifierElement.update (package:flutter/src/widgets/inherited_notifier.dart:108)
I/flutter (13804): #35     Element.updateChild (package:flutter/src/widgets/framework.dart:4037)
I/flutter (13804): #36     ComponentElement.performRebuild (package:flutter/src/widgets/framework.dart:5841)
I/flutter (13804): #37     StatefulElement.performRebuild (package:flutter/src/widgets/framework.dart:5982)
I/flutter (13804): #38     Element.rebuild (package:flutter/src/widgets/framework.dart:5529)
I/flutter (13804): #39     StatefulElement.update (package:flutter/src/widgets/framework.dart:6007)
I/flutter (13804): #40     Element.updateChild (package:flutter/src/widgets/framework.dart:4037)
I/flutter (13804): #41     ComponentElement.performRebuild (package:flutter/src/widgets/framework.dart:5841)
I/flutter (13804): #42     Element.rebuild (package:flutter/src/widgets/framework.dart:5529)
I/flutter (13804): #43     ProxyElement.update (package:flutter/src/widgets/framework.dart:6149)
I/flutter (13804): #44     Element.updateChild (package:flutter/src/widgets/framework.dart:4037)
I/flutter (13804): #45     ComponentElement.performRebuild (package:flutter/src/widgets/framework.dart:5841)
I/flutter (13804): #46     StatefulElement.performRebuild (package:flutter/src/widgets/framework.dart:5982)
I/flutter (13804): #47     Element.rebuild (package:flutter/src/widgets/framework.dart:5529)
I/flutter (13804): #48     StatefulElement.update (package:flutter/src/widgets/framework.dart:6007)
I/flutter (13804): #49     Element.updateChild (package:flutter/src/widgets/framework.dart:4037)
I/flutter (13804): #50     ComponentElement.performRebuild (package:flutter/src/widgets/framework.dart:5841)
I/flutter (13804): #51     Element.rebuild (package:flutter/src/widgets/framework.dart:5529)
I/flutter (13804): #52     ProxyElement.update (package:flutter/src/widgets/framework.dart:6149)
I/flutter (13804): #53     Element.updateChild (package:flutter/src/widgets/framework.dart:4037)
I/flutter (13804): #54     ComponentElement.performRebuild (package:flutter/src/widgets/framework.dart:5841)
I/flutter (13804): #55     StatefulElement.performRebuild (package:flutter/src/widgets/framework.dart:5982)
I/flutter (13804): #56     Element.rebuild (package:flutter/src/widgets/framework.dart:5529)
I/flutter (13804): #57     StatefulElement.update (package:flutter/src/widgets/framework.dart:6007)
I/flutter (13804): #58     Element.updateChild (package:flutter/src/widgets/framework.dart:4037)
I/flutter (13804): #59     ComponentElement.performRebuild (package:flutter/src/widgets/framework.dart:5841)
I/flutter (13804): #60     Element.rebuild (package:flutter/src/widgets/framework.dart:5529)
I/flutter (13804): #61     StatelessElement.update (package:flutter/src/widgets/framework.dart:5895)
I/flutter (13804): #62     Element.updateChild (package:flutter/src/widgets/framework.dart:4037)
I/flutter (13804): #63     SingleChildRenderObjectElement.update (package:flutter/src/widgets/framework.dart:7122)
I/flutter (13804): #64     Element.updateChild (package:flutter/src/widgets/framework.dart:4037)
I/flutter (13804): #65     SingleChildRenderObjectElement.update (package:flutter/src/widgets/framework.dart:7122)
I/flutter (13804): #66     Element.updateChild (package:flutter/src/widgets/framework.dart:4037)
I/flutter (13804): #67     SingleChildRenderObjectElement.update (package:flutter/src/widgets/framework.dart:7122)
I/flutter (13804): #68     Element.updateChild (package:flutter/src/widgets/framework.dart:4037)
I/flutter (13804): #69     ComponentElement.performRebuild (package:flutter/src/widgets/framework.dart:5841)
I/flutter (13804): #70     StatefulElement.performRebuild (package:flutter/src/widgets/framework.dart:5982)
I/flutter (13804): #71     Element.rebuild (package:flutter/src/widgets/framework.dart:5529)
I/flutter (13804): #72     StatefulElement.update (package:flutter/src/widgets/framework.dart:6007)
I/flutter (13804): #73     Element.updateChild (package:flutter/src/widgets/framework.dart:4037)
I/flutter (13804): #74     ComponentElement.performRebuild (package:flutter/src/widgets/framework.dart:5841)
I/flutter (13804): #75     Element.rebuild (package:flutter/src/widgets/framework.dart:5529)
I/flutter (13804): #76     ProxyElement.update (package:flutter/src/widgets/framework.dart:6149)
I/flutter (13804): #77     Element.updateChild (package:flutter/src/widgets/framework.dart:4037)
I/flutter (13804): #78     ComponentElement.performRebuild (package:flutter/src/widgets/framework.dart:5841)
I/flutter (13804): #79     Element.rebuild (package:flutter/src/widgets/framework.dart:5529)
I/flutter (13804): #80     ProxyElement.update (package:flutter/src/widgets/framework.dart:6149)
I/flutter (13804): #81     Element.updateChild (package:flutter/src/widgets/framework.dart:4037)
I/flutter (13804): #82     ComponentElement.performRebuild (package:flutter/src/widgets/framework.dart:5841)
I/flutter (13804): #83     StatefulElement.performRebuild (package:flutter/src/widgets/framework.dart:5982)
I/flutter (13804): #84     Element.rebuild (package:flutter/src/widgets/framework.dart:5529)
I/flutter (13804): #85     StatefulElement.update (package:flutter/src/widgets/framework.dart:6007)
I/flutter (13804): #86     Element.updateChild (package:flutter/src/widgets/framework.dart:4037)
I/flutter (13804): #87     ComponentElement.performRebuild (package:flutter/src/widgets/framework.dart:5841)
I/flutter (13804): #88     Element.rebuild (package:flutter/src/widgets/framework.dart:5529)
I/flutter (13804): #89     StatelessElement.update (package:flutter/src/widgets/framework.dart:5895)
I/flutter (13804): #90     Element.updateChild (package:flutter/src/widgets/framework.dart:4037)
I/flutter (13804): #91     SliverMultiBoxAdaptorElement.updateChild (package:flutter/src/widgets/sliver.dart:1086)
I/flutter (13804): #92     SliverMultiBoxAdaptorElement.performRebuild.processElement (package:flutter/src/widgets/sliver.dart:979)
I/flutter (13804): #93     Iterable.forEach (dart:core/iterable.dart:366)
I/flutter (13804): #94     SliverMultiBoxAdaptorElement.performRebuild (package:flutter/src/widgets/sliver.dart:1032)
I/flutter (13804): #95     SliverMultiBoxAdaptorElement.update (package:flutter/src/widgets/sliver.dart:955)
I/flutter (13804): #96     Element.updateChild (package:flutter/src/widgets/framework.dart:4037)
I/flutter (13804): #97     ComponentElement.performRebuild (package:flutter/src/widgets/framework.dart:5841)
I/flutter (13804): #98     Element.rebuild (package:flutter/src/widgets/framework.dart:5529)
I/flutter (13804): #99     ProxyElement.update (package:flutter/src/widgets/framework.dart:6149)
[spm]: ProfilerData event received.
I/flutter (13804): [SPM:perf] 698a51a  buildSpan: 10017µs
I/flutter (13804): [spm] Performance monitoring completed for 698a51a
I/flutter (13804): type '_Stub' is not a subtype of type 'Color?'
I/flutter (13804): #0      LeagueCard.build (package:benchmark_container/generated_widget.dart:125)
I/flutter (13804): #1      StatelessElement.build (package:flutter/src/widgets/framework.dart:5889)
I/flutter (13804): #2      ComponentElement.performRebuild (package:flutter/src/widgets/framework.dart:5817)
I/flutter (13804): #3      Element.rebuild (package:flutter/src/widgets/framework.dart:5529)
I/flutter (13804): #4      StatelessElement.update (package:flutter/src/widgets/framework.dart:5895)
I/flutter (13804): #5      Element.updateChild (package:flutter/src/widgets/framework.dart:4037)
I/flutter (13804): #6      SingleChildRenderObjectElement.update (package:flutter/src/widgets/framework.dart:7122)
I/flutter (13804): #7      Element.updateChild (package:flutter/src/widgets/framework.dart:4037)
I/flutter (13804): #8      ComponentElement.performRebuild (package:flutter/src/widgets/framework.dart:5841)
I/flutter (13804): #9      StatefulElement.performRebuild (package:flutter/src/widgets/framework.dart:5982)
I/flutter (13804): #10     Element.rebuild (package:flutter/src/widgets/framework.dart:5529)
I/flutter (13804): #11     StatefulElement.update (package:flutter/src/widgets/framework.dart:6007)
I/flutter (13804): #12     Element.updateChild (package:flutter/src/widgets/framework.dart:4037)
I/flutter (13804): #13     ComponentElement.performRebuild (package:flutter/src/widgets/framework.dart:5841)
I/flutter (13804): #14     Element.rebuild (package:flutter/src/widgets/framework.dart:5529)
I/flutter (13804): #15     StatelessElement.update (package:flutter/src/widgets/framework.dart:5895)
I/flutter (13804): #16     Element.updateChild (package:flutter/src/widgets/framework.dart:4037)
I/flutter (13804): #17     SingleChildRenderObjectElement.update (package:flutter/src/widgets/framework.dart:7122)
I/flutter (13804): #18     Element.updateChild (package:flutter/src/widgets/framework.dart:4037)
I/flutter (13804): #19     ComponentElement.performRebuild (package:flutter/src/widgets/framework.dart:5841)
I/flutter (13804): #20     Element.rebuild (package:flutter/src/widgets/framework.dart:5529)
I/flutter (13804): #21     ProxyElement.update (package:flutter/src/widgets/framework.dart:6149)
I/flutter (13804): #22     Element.updateChild (package:flutter/src/widgets/framework.dart:4037)
I/flutter (13804): #23     ComponentElement.performRebuild (package:flutter/src/widgets/framework.dart:5841)
I/flutter (13804): #24     Element.rebuild (package:flutter/src/widgets/framework.dart:5529)
I/flutter (13804): #25     StatelessElement.update (package:flutter/src/widgets/framework.dart:5895)
I/flutter (13804): #26     Element.updateChild (package:flutter/src/widgets/framework.dart:4037)
I/flutter (13804): #27     SingleChildRenderObjectElement.update (package:flutter/src/widgets/framework.dart:7122)
I/flutter (13804): #28     Element.updateChild (package:flutter/src/widgets/framework.dart:4037)
I/flutter (13804): #29     SingleChildRenderObjectElement.update (package:flutter/src/widgets/framework.dart:7122)
I/flutter (13804): #30     Element.updateChild (package:flutter/src/widgets/framework.dart:4037)
I/flutter (13804): #31     ComponentElement.performRebuild (package:flutter/src/widgets/framework.dart:5841)
I/flutter (13804): #32     Element.rebuild (package:flutter/src/widgets/framework.dart:5529)
I/flutter (13804): #33     ProxyElement.update (package:flutter/src/widgets/framework.dart:6149)
I/flutter (13804): #34     _InheritedNotifierElement.update (package:flutter/src/widgets/inherited_notifier.dart:108)
I/flutter (13804): #35     Element.updateChild (package:flutter/src/widgets/framework.dart:4037)
I/flutter (13804): #36     ComponentElement.performRebuild (package:flutter/src/widgets/framework.dart:5841)
I/flutter (13804): #37     StatefulElement.performRebuild (package:flutter/src/widgets/framework.dart:5982)
I/flutter (13804): #38     Element.rebuild (package:flutter/src/widgets/framework.dart:5529)
I/flutter (13804): #39     StatefulElement.update (package:flutter/src/widgets/framework.dart:6007)
I/flutter (13804): #40     Element.updateChild (package:flutter/src/widgets/framework.dart:4037)
I/flutter (13804): #41     ComponentElement.performRebuild (package:flutter/src/widgets/framework.dart:5841)
I/flutter (13804): #42     Element.rebuild (package:flutter/src/widgets/framework.dart:5529)
I/flutter (13804): #43     ProxyElement.update (package:flutter/src/widgets/framework.dart:6149)
I/flutter (13804): #44     Element.updateChild (package:flutter/src/widgets/framework.dart:4037)
I/flutter (13804): #45     ComponentElement.performRebuild (package:flutter/src/widgets/framework.dart:5841)
I/flutter (13804): #46     StatefulElement.performRebuild (package:flutter/src/widgets/framework.dart:5982)
I/flutter (13804): #47     Element.rebuild (package:flutter/src/widgets/framework.dart:5529)
I/flutter (13804): #48     StatefulElement.update (package:flutter/src/widgets/framework.dart:6007)
I/flutter (13804): #49     Element.updateChild (package:flutter/src/widgets/framework.dart:4037)
I/flutter (13804): #50     ComponentElement.performRebuild (package:flutter/src/widgets/framework.dart:5841)
I/flutter (13804): #51     Element.rebuild (package:flutter/src/widgets/framework.dart:5529)
I/flutter (13804): #52     ProxyElement.update (package:flutter/src/widgets/framework.dart:6149)
I/flutter (13804): #53     Element.updateChild (package:flutter/src/widgets/framework.dart:4037)
I/flutter (13804): #54     ComponentElement.performRebuild (package:flutter/src/widgets/framework.dart:5841)
I/flutter (13804): #55     StatefulElement.performRebuild (package:flutter/src/widgets/framework.dart:5982)
I/flutter (13804): #56     Element.rebuild (package:flutter/src/widgets/framework.dart:5529)
I/flutter (13804): #57     StatefulElement.update (package:flutter/src/widgets/framework.dart:6007)
I/flutter (13804): #58     Element.updateChild (package:flutter/src/widgets/framework.dart:4037)
I/flutter (13804): #59     ComponentElement.performRebuild (package:flutter/src/widgets/framework.dart:5841)
I/flutter (13804): #60     Element.rebuild (package:flutter/src/widgets/framework.dart:5529)
I/flutter (13804): #61     StatelessElement.update (package:flutter/src/widgets/framework.dart:5895)
I/flutter (13804): #62     Element.updateChild (package:flutter/src/widgets/framework.dart:4037)
I/flutter (13804): #63     SingleChildRenderObjectElement.update (package:flutter/src/widgets/framework.dart:7122)
I/flutter (13804): #64     Element.updateChild (package:flutter/src/widgets/framework.dart:4037)
I/flutter (13804): #65     SingleChildRenderObjectElement.update (package:flutter/src/widgets/framework.dart:7122)
I/flutter (13804): #66     Element.updateChild (package:flutter/src/widgets/framework.dart:4037)
I/flutter (13804): #67     SingleChildRenderObjectElement.update (package:flutter/src/widgets/framework.dart:7122)
I/flutter (13804): #68     Element.updateChild (package:flutter/src/widgets/framework.dart:4037)
I/flutter (13804): #69     ComponentElement.performRebuild (package:flutter/src/widgets/framework.dart:5841)
I/flutter (13804): #70     StatefulElement.performRebuild (package:flutter/src/widgets/framework.dart:5982)
I/flutter (13804): #71     Element.rebuild (package:flutter/src/widgets/framework.dart:5529)
I/flutter (13804): #72     StatefulElement.update (package:flutter/src/widgets/framework.dart:6007)
I/flutter (13804): #73     Element.updateChild (package:flutter/src/widgets/framework.dart:4037)
I/flutter (13804): #74     ComponentElement.performRebuild (package:flutter/src/widgets/framework.dart:5841)
I/flutter (13804): #75     Element.rebuild (package:flutter/src/widgets/framework.dart:5529)
I/flutter (13804): #76     ProxyElement.update (package:flutter/src/widgets/framework.dart:6149)
I/flutter (13804): #77     Element.updateChild (package:flutter/src/widgets/framework.dart:4037)
I/flutter (13804): #78     ComponentElement.performRebuild (package:flutter/src/widgets/framework.dart:5841)
I/flutter (13804): #79     Element.rebuild (package:flutter/src/widgets/framework.dart:5529)
I/flutter (13804): #80     ProxyElement.update (package:flutter/src/widgets/framework.dart:6149)
I/flutter (13804): #81     Element.updateChild (package:flutter/src/widgets/framework.dart:4037)
I/flutter (13804): #82     ComponentElement.performRebuild (package:flutter/src/widgets/framework.dart:5841)
I/flutter (13804): #83     StatefulElement.performRebuild (package:flutter/src/widgets/framework.dart:5982)
I/flutter (13804): #84     Element.rebuild (package:flutter/src/widgets/framework.dart:5529)
I/flutter (13804): #85     StatefulElement.update (package:flutter/src/widgets/framework.dart:6007)
I/flutter (13804): #86     Element.updateChild (package:flutter/src/widgets/framework.dart:4037)
I/flutter (13804): #87     ComponentElement.performRebuild (package:flutter/src/widgets/framework.dart:5841)
I/flutter (13804): #88     Element.rebuild (package:flutter/src/widgets/framework.dart:5529)
I/flutter (13804): #89     StatelessElement.update (package:flutter/src/widgets/framework.dart:5895)
I/flutter (13804): #90     Element.updateChild (package:flutter/src/widgets/framework.dart:4037)
I/flutter (13804): #91     SliverMultiBoxAdaptorElement.updateChild (package:flutter/src/widgets/sliver.dart:1086)
I/flutter (13804): #92     SliverMultiBoxAdaptorElement.performRebuild.processElement (package:flutter/src/widgets/sliver.dart:979)
I/flutter (13804): #93     Iterable.forEach (dart:core/iterable.dart:366)
I/flutter (13804): #94     SliverMultiBoxAdaptorElement.performRebuild (package:flutter/src/widgets/sliver.dart:1032)
I/flutter (13804): #95     SliverMultiBoxAdaptorElement.update (package:flutter/src/widgets/sliver.dart:955)
I/flutter (13804): #96     Element.updateChild (package:flutter/src/widgets/framework.dart:4037)
I/flutter (13804): #97     ComponentElement.performRebuild (package:flutter/src/widgets/framework.dart:5841)
I/flutter (13804): #98     Element.rebuild (package:flutter/src/widgets/framework.dart:5529)
I/flutter (13804): #99     ProxyElement.update (package:flutter/src/widgets/framework.dart:6149)
I/flutter (13804): [SPM:perf] 698a51a  buildSpan: 11518µs
[spm]: ProfilerData event received.
I/flutter (13804): [spm] Performance monitoring completed for 698a51a
I/flutter (13804): Multiple exceptions (31) were detected during the running of the current test, and at least one was unexpected.
I/flutter (13804): #0      debugPrintStack (package:flutter/src/foundation/assertions.dart:1213)
I/flutter (13804): #1      FlutterError.dumpErrorToConsole (package:flutter/src/foundation/assertions.dart:1033)
I/flutter (13804): #2      _defaultTestExceptionReporter (package:flutter_test/src/test_exception_reporter.dart:29)
I/flutter (13804): #3      new IntegrationTestWidgetsFlutterBinding.<anonymous closure> (package:integration_test/integration_test.dart:91)
I/flutter (13804): #4      TestWidgetsFlutterBinding._createTestCompletionHandler.<anonymous closure> (package:flutter_test/src/binding.dart:1713)
I/flutter (13804): <asynchronous suspension>
I/flutter (13804): (elided 6 frames from dart:async)
I/flutter (13804): 01:13 +0: Performance Benchmark [E]
I/flutter (13804):   Test failed. See exception logs above.
I/flutter (13804):   The test description was: Performance Benchmark
I/flutter (13804):   
I/flutter (13804): 01:13 +0 -1: (tearDownAll)
I/flutter (13804): 01:14 +1 -1: Some tests failed.
I/Choreographer(13804): Skipped 57 frames!  The application may be doing too much work on its main thread.
W/Looper  (13804): PerfMonitor doFrame : time=5ms vsyncFrame=0 latency=962ms procState=-1 historyMsgCount=6
I/OpenGLRenderer(13804): Davey! duration=972ms; Flags=0, FrameTimelineVsyncId=14459136, IntendedVsync=439621411870958, Vsync=439622361870920, InputEventId=0, HandleInputStart=439622374402660, AnimationStart=439622374408233, PerformTraversalsStart=439622374411931, DrawStart=439622375632452, FrameDeadline=439621428537624, FrameInterval=439622374055108, FrameStartTime=16666666, SyncQueued=439622376414431, SyncStart=439622376567192, IssueDrawCommandsStart=439622376743025, SwapBuffers=439622378443285, FrameCompleted=439622384961202, DequeueBufferDuration=81458, QueueBufferDuration=1743646, GpuCompleted=439622384961202, SwapBuffersCompleted=439622381018233, DisplayPresentTime=267686783132959668, 
[SPM:shot] wrote <ROOT>/dataset-new_samples/2819/redmi9t/shots/2819__rev_007_d58a0ef0.png (28135 bytes)
Failure Details:
Failure in method: Performance Benchmark
Instance of 'FlutterErrorDetails'
end of failure 1



[spm]: Saved 30 profiler events to <ROOT>/dataset-new_samples/2819/redmi9t/raw/20260913-201009/rev_007_d58a0ef0/e4.jsonl
[spm]: Reverting injection...
11 issues found. (ran in 1.3s)
WARNING: Your Android app project: app located at: <ROOT>/android/app/build.gradle.kts
applies the Kotlin Gradle Plugin, which will cause build failures in future versions of Flutter. 
Please migrate your app to Built-in Kotlin using this guide: https://docs.flutter.dev/release/breaking-changes/migrate-to-built-in-kotlin/for-app-developers

VMServiceFlutterDriver: Connecting to Flutter application at http://127.0.0.1:45091/V0w_HQzGMxM=/
[spm]: Detected VM service URI: ws://127.0.0.1:45091/V0w_HQzGMxM=/ws
VMServiceFlutterDriver: Isolate found with number: 4220134360885979
VMServiceFlutterDriver: Isolate 4220134360885979 is runnable.
VMServiceFlutterDriver: Isolate is paused at start.
VMServiceFlutterDriver: Attempting to resume isolate
VMServiceFlutterDriver: Connected to Flutter application.
VMServiceFlutterDriver: request_data message is taking a long time to complete...