iso_ts,epoch,elapsed_s,batt_level,batt_status,batt_temp_c,soc_temp_c,current_ma,event
2026-09-18T06:39:54+03:00,1789702794,0,85,3,29.4,39.2,,run
2026-09-18T06:39:59+03:00,1789702799,5,85,3,29.4,38.0,,run
2026-09-18T06:40:04+03:00,1789702804,10,85,3,29.4,38.0,,run
2026-09-18T06:40:10+03:00,1789702810,16,85,3,29.4,38.3,,run
2026-09-18T06:40:15+03:00,1789702815,21,85,3,29.4,38.9,,run
2026-09-18T06:40:20+03:00,1789702820,26,85,3,29.4,38.3,,run
2026-09-18T06:40:25+03:00,1789702825,31,85,3,29.4,38.0,,run
2026-09-18T06:40:30+03:00,1789702830,36,85,3,29.4,38.9,,run
2026-09-18T06:40:36+03:00,1789702836,42,85,3,29.4,38.3,,run
2026-09-18T06:40:41+03:00,1789702841,47,85,3,29.4,38.3,,run
2026-09-18T06:40:46+03:00,1789702846,52,85,3,29.4,38.6,,run
2026-09-18T06:40:51+03:00,1789702851,57,85,3,29.4,38.3,,run
2026-09-18T06:40:57+03:00,1789702857,63,85,3,29.4,37.7,,run
2026-09-18T06:41:02+03:00,1789702862,68,85,3,29.4,37.7,,run
2026-09-18T06:41:07+03:00,1789702867,73,85,3,29.4,41.4,,run
2026-09-18T06:41:12+03:00,1789702872,78,85,3,29.4,42.6,,run
2026-09-18T06:41:18+03:00,1789702878,84,85,3,29.4,39.2,,run
2026-09-18T06:41:23+03:00,1789702883,89,85,3,29.4,38.9,,run
2026-09-18T06:41:28+03:00,1789702888,94,85,3,29.4,39.8,,run
2026-09-18T06:41:33+03:00,1789702893,99,85,3,29.4,39.2,,run
2026-09-18T06:41:38+03:00,1789702898,104,85,3,29.4,38.6,,run
2026-09-18T06:41:44+03:00,1789702904,110,85,3,29.4,38.6,,run
2026-09-18T06:41:49+03:00,1789702909,115,85,3,29.4,38.9,,run
2026-09-18T06:41:54+03:00,1789702914,120,85,3,29.4,38.3,,run
2026-09-18T06:41:59+03:00,1789702919,125,85,3,29.4,38.0,,run
2026-09-18T06:42:04+03:00,1789702924,130,85,3,29.4,39.8,,run
2026-09-18T06:42:10+03:00,1789702930,136,85,3,29.4,37.7,,run
2026-09-18T06:42:15+03:00,1789702935,141,85,3,29.4,38.9,,run
2026-09-18T06:42:20+03:00,1789702940,146,85,3,29.4,39.2,,run
2026-09-18T06:42:25+03:00,1789702945,151,85,3,29.4,47.6,,run
2026-09-18T06:42:31+03:00,1789702951,157,85,3,29.4,44.8,,run
2026-09-18T06:42:36+03:00,1789702956,162,85,3,29.4,43.9,,run
2026-09-18T06:42:41+03:00,1789702961,167,85,3,29.4,38.6,,run
2026-09-18T06:42:46+03:00,1789702966,172,85,3,29.4,39.5,,run
2026-09-18T06:42:51+03:00,1789702971,177,85,3,29.4,38.0,,run
2026-09-18T06:42:57+03:00,1789702977,183,85,3,29.4,48.5,,run
2026-09-18T06:43:02+03:00,1789702982,188,85,3,29.4,40.8,,run
2026-09-18T06:43:07+03:00,1789702987,193,85,3,29.4,40.5,,run
2026-09-18T06:43:12+03:00,1789702992,198,85,3,29.4,38.9,,run
2026-09-18T06:43:18+03:00,1789702998,204,85,3,29.4,39.2,,run
2026-09-18T06:43:23+03:00,1789703003,209,85,3,29.4,38.6,,run
2026-09-18T06:43:28+03:00,1789703008,214,85,3,29.4,39.5,,run
2026-09-18T06:43:33+03:00,1789703013,219,85,3,29.4,38.9,,run
2026-09-18T06:43:38+03:00,1789703018,224,85,3,29.5,39.5,,run
2026-09-18T06:43:44+03:00,1789703024,230,85,3,29.5,38.6,,run
2026-09-18T06:43:49+03:00,1789703029,235,85,3,29.5,38.9,,run
2026-09-18T06:43:54+03:00,1789703034,240,85,3,29.5,38.6,,run
2026-09-18T06:43:59+03:00,1789703039,245,85,3,29.5,38.6,,run
2026-09-18T06:44:05+03:00,1789703045,251,85,3,29.5,39.5,,run
2026-09-18T06:44:10+03:00,1789703050,256,85,3,29.5,39.8,,run
2026-09-18T06:44:15+03:00,1789703055,261,85,3,29.5,46.7,,run
2026-09-18T06:44:20+03:00,1789703060,266,85,3,29.5,40.2,,run
2026-09-18T06:44:25+03:00,1789703065,271,84,3,29.6,38.9,,run
2026-09-18T06:44:31+03:00,1789703071,277,84,3,29.6,38.6,,run
2026-09-18T06:44:36+03:00,1789703076,282,84,3,29.6,38.9,,run
2026-09-18T06:44:41+03:00,1789703081,287,84,3,29.6,51.3,,run
2026-09-18T06:44:46+03:00,1789703086,292,84,3,29.6,41.7,,run
2026-09-18T06:44:52+03:00,1789703092,298,84,3,29.6,39.5,,run
2026-09-18T06:44:57+03:00,1789703097,303,84,3,29.6,38.9,,run
2026-09-18T06:45:02+03:00,1789703102,308,84,3,29.6,39.2,,run
2026-09-18T06:45:07+03:00,1789703107,313,84,3,29.6,39.8,,run
2026-09-18T06:45:13+03:00,1789703113,319,84,3,29.6,39.8,,run
2026-09-18T06:45:18+03:00,1789703118,324,84,3,29.6,39.5,,run
2026-09-18T06:45:23+03:00,1789703123,329,84,3,29.6,38.3,,run
2026-09-18T06:45:28+03:00,1789703128,334,84,3,29.6,39.2,,run
2026-09-18T06:45:33+03:00,1789703133,339,84,3,29.6,38.6,,run
2026-09-18T06:45:39+03:00,1789703139,345,84,3,29.6,38.3,,run
2026-09-18T06:45:44+03:00,1789703144,350,84,3,29.6,38.3,,run
2026-09-18T06:45:49+03:00,1789703149,355,84,3,29.6,38.9,,run
2026-09-18T06:45:54+03:00,1789703154,360,84,3,29.6,43.2,,run
2026-09-18T06:46:00+03:00,1789703160,366,84,3,29.6,47.3,,run
2026-09-18T06:46:05+03:00,1789703165,371,84,3,29.6,41.4,,run
2026-09-18T06:46:10+03:00,1789703170,376,84,3,29.6,40.5,,run
2026-09-18T06:46:16+03:00,1789703176,382,84,3,29.6,39.8,,run
2026-09-18T06:46:21+03:00,1789703181,387,84,3,29.6,39.8,,run
2026-09-18T06:46:26+03:00,1789703186,392,84,3,29.6,47.6,,run
2026-09-18T06:46:32+03:00,1789703192,398,84,3,29.6,42.3,,run
2026-09-18T06:46:37+03:00,1789703197,403,84,3,29.6,39.5,,run
2026-09-18T06:46:42+03:00,1789703202,408,84,3,29.6,38.9,,run
2026-09-18T06:46:47+03:00,1789703207,413,84,3,29.6,38.9,,run
2026-09-18T06:46:52+03:00,1789703212,418,84,3,29.6,39.8,,run
2026-09-18T06:46:58+03:00,1789703218,424,84,3,29.6,39.5,,run
2026-09-18T06:47:03+03:00,1789703223,429,84,3,29.6,39.2,,run
2026-09-18T06:47:08+03:00,1789703228,434,84,3,29.6,38.9,,run
2026-09-18T06:47:13+03:00,1789703233,439,84,3,29.6,38.6,,run
2026-09-18T06:47:18+03:00,1789703238,444,84,3,29.6,38.9,,run
2026-09-18T06:47:24+03:00,1789703244,450,84,3,29.6,38.9,,run
2026-09-18T06:47:29+03:00,1789703249,455,84,3,29.6,38.9,,run
2026-09-18T06:47:34+03:00,1789703254,460,84,3,29.6,38.6,,run
2026-09-18T06:47:39+03:00,1789703259,465,84,3,29.6,43.6,,run
2026-09-18T06:47:45+03:00,1789703265,471,84,3,29.6,46.3,,run
2026-09-18T06:47:50+03:00,1789703270,476,84,3,29.6,42.3,,run
2026-09-18T06:47:55+03:00,1789703275,481,84,3,29.6,40.8,,run
2026-09-18T06:48:01+03:00,1789703281,487,84,3,29.6,38.9,,run
2026-09-18T06:48:06+03:00,1789703286,492,84,3,29.6,38.9,,run
2026-09-18T06:48:11+03:00,1789703291,497,84,3,29.6,38.9,,run
2026-09-18T06:48:16+03:00,1789703296,502,84,3,29.6,42.6,,run
2026-09-18T06:48:21+03:00,1789703301,507,84,3,29.6,38.9,,run
2026-09-18T06:48:27+03:00,1789703307,513,84,3,29.6,40.2,,run
2026-09-18T06:48:32+03:00,1789703312,518,84,3,29.6,44.5,,run
2026-09-18T06:48:37+03:00,1789703317,523,84,3,29.6,40.2,,run
2026-09-18T06:48:42+03:00,1789703322,528,84,3,29.6,38.9,,run
2026-09-18T06:48:48+03:00,1789703328,534,84,3,29.6,38.9,,run
2026-09-18T06:48:53+03:00,1789703333,539,84,3,29.6,38.3,,run
2026-09-18T06:48:58+03:00,1789703338,544,84,3,29.6,38.6,,run
2026-09-18T06:49:03+03:00,1789703343,549,84,3,29.6,39.8,,run
2026-09-18T06:49:08+03:00,1789703348,554,84,3,29.6,39.2,,run
2026-09-18T06:49:14+03:00,1789703354,560,84,3,29.6,38.6,,run
2026-09-18T06:49:19+03:00,1789703359,565,84,3,29.6,38.6,,run
2026-09-18T06:49:24+03:00,1789703364,570,84,3,29.6,39.5,,run
2026-09-18T06:49:29+03:00,1789703369,575,84,3,29.6,38.6,,run
2026-09-18T06:49:35+03:00,1789703375,581,84,3,29.6,39.8,,run
2026-09-18T06:49:40+03:00,1789703380,586,84,3,29.6,38.9,,run
2026-09-18T06:49:45+03:00,1789703385,591,84,3,29.6,47.0,,run
2026-09-18T06:49:51+03:00,1789703391,597,84,3,29.6,41.1,,run
2026-09-18T06:49:56+03:00,1789703396,602,84,3,29.6,40.2,,run
2026-09-18T06:50:01+03:00,1789703401,607,84,3,29.6,39.5,,run
2026-09-18T06:50:06+03:00,1789703406,612,84,3,29.6,39.5,,run
2026-09-18T06:50:11+03:00,1789703411,617,84,3,29.6,38.9,,run
2026-09-18T06:50:17+03:00,1789703417,623,84,3,29.6,38.6,,run
2026-09-18T06:50:22+03:00,1789703422,628,84,3,29.6,38.9,,run
2026-09-18T06:50:27+03:00,1789703427,633,84,3,29.6,40.8,,run
2026-09-18T06:50:32+03:00,1789703432,638,84,3,29.6,43.6,,run
2026-09-18T06:50:38+03:00,1789703438,644,84,3,29.6,40.2,,run
2026-09-18T06:50:43+03:00,1789703443,649,84,3,29.6,38.9,,run
2026-09-18T06:50:48+03:00,1789703448,654,84,3,29.6,39.2,,run
2026-09-18T06:50:53+03:00,1789703453,659,84,3,29.6,39.2,,run
2026-09-18T06:50:59+03:00,1789703459,665,84,3,29.6,38.9,,run
2026-09-18T06:51:04+03:00,1789703464,670,84,3,29.6,39.5,,run
2026-09-18T06:51:09+03:00,1789703469,675,84,3,29.6,40.2,,run
2026-09-18T06:51:14+03:00,1789703474,680,84,3,29.6,38.9,,run
2026-09-18T06:51:19+03:00,1789703479,685,84,3,29.6,38.6,,run
2026-09-18T06:51:25+03:00,1789703485,691,84,3,29.6,40.2,,run
2026-09-18T06:51:30+03:00,1789703490,696,84,3,29.6,38.3,,run
2026-09-18T06:51:35+03:00,1789703495,701,84,3,29.6,38.9,,run
2026-09-18T06:51:40+03:00,1789703500,706,84,3,29.6,38.6,,run
2026-09-18T06:51:46+03:00,1789703506,712,84,3,29.6,49.7,,run
2026-09-18T06:51:51+03:00,1789703511,717,84,3,29.6,39.5,,run
2026-09-18T06:51:56+03:00,1789703516,722,84,3,29.6,39.5,,run
2026-09-18T06:52:02+03:00,1789703522,728,84,3,29.6,39.2,,run
2026-09-18T06:52:07+03:00,1789703527,733,84,3,29.6,38.9,,run
2026-09-18T06:52:12+03:00,1789703532,738,84,3,29.6,47.3,,run
2026-09-18T06:52:17+03:00,1789703537,743,84,3,29.6,41.1,,run
2026-09-18T06:52:22+03:00,1789703542,748,84,3,29.6,39.8,,run
2026-09-18T06:52:28+03:00,1789703548,754,84,3,29.6,39.5,,run
2026-09-18T06:52:33+03:00,1789703553,759,84,3,29.6,39.2,,run
2026-09-18T06:52:38+03:00,1789703558,764,84,3,29.6,38.9,,run
2026-09-18T06:52:43+03:00,1789703563,769,84,3,29.6,38.6,,run
2026-09-18T06:52:49+03:00,1789703569,775,84,3,29.6,38.3,,run
2026-09-18T06:52:54+03:00,1789703574,780,84,3,29.6,38.6,,run
2026-09-18T06:52:59+03:00,1789703579,785,84,3,29.6,38.9,,run
2026-09-18T06:53:04+03:00,1789703584,790,84,3,29.6,38.9,,run
2026-09-18T06:53:09+03:00,1789703589,795,84,3,29.6,40.2,,run
2026-09-18T06:53:15+03:00,1789703595,801,84,3,29.6,38.6,,run
2026-09-18T06:53:20+03:00,1789703600,806,84,3,29.6,46.0,,run
2026-09-18T06:53:25+03:00,1789703605,811,84,3,29.6,41.4,,run
2026-09-18T06:53:30+03:00,1789703610,816,84,3,29.6,51.0,,run
2026-09-18T06:53:36+03:00,1789703616,822,84,3,29.7,42.3,,run
2026-09-18T06:53:41+03:00,1789703621,827,84,3,29.7,40.8,,run
2026-09-18T06:53:46+03:00,1789703626,832,84,3,29.7,40.2,,run
2026-09-18T06:53:52+03:00,1789703632,838,84,3,29.7,39.8,,run
2026-09-18T06:53:57+03:00,1789703637,843,84,3,29.7,39.8,,run
2026-09-18T06:54:02+03:00,1789703642,848,83,3,29.8,39.8,,run
2026-09-18T06:54:07+03:00,1789703647,853,83,3,29.8,38.6,,run
2026-09-18T06:54:13+03:00,1789703653,859,83,3,29.8,47.0,,run
2026-09-18T06:54:18+03:00,1789703658,864,83,3,29.8,43.2,,run
2026-09-18T06:54:23+03:00,1789703663,869,83,3,29.8,41.7,,run
2026-09-18T06:54:29+03:00,1789703669,875,83,3,29.8,39.2,,run
2026-09-18T06:54:34+03:00,1789703674,880,83,3,29.8,40.5,,run
2026-09-18T06:54:39+03:00,1789703679,885,83,3,29.8,39.5,,run
2026-09-18T06:54:44+03:00,1789703684,890,83,3,29.8,39.8,,run
2026-09-18T06:54:49+03:00,1789703689,895,83,3,29.8,39.2,,run
2026-09-18T06:54:55+03:00,1789703695,901,83,3,29.8,39.8,,run
2026-09-18T06:55:00+03:00,1789703700,906,83,3,29.8,39.5,,run
2026-09-18T06:55:05+03:00,1789703705,911,83,3,29.8,39.2,,run
2026-09-18T06:55:10+03:00,1789703710,916,83,3,29.8,40.2,,run
2026-09-18T06:55:15+03:00,1789703715,921,83,3,29.8,39.2,,run
2026-09-18T06:55:21+03:00,1789703721,927,83,3,29.8,39.2,,run
2026-09-18T06:55:26+03:00,1789703726,932,83,3,29.8,39.5,,run
2026-09-18T06:55:31+03:00,1789703731,937,83,3,29.8,44.5,,run
2026-09-18T06:55:36+03:00,1789703736,942,83,3,29.8,41.4,,run
2026-09-18T06:55:42+03:00,1789703742,948,83,3,29.8,39.8,,run
2026-09-18T06:55:47+03:00,1789703747,953,83,3,29.8,39.2,,run
2026-09-18T06:55:52+03:00,1789703752,958,83,3,29.8,39.5,,run
2026-09-18T06:55:57+03:00,1789703757,963,83,3,29.8,38.9,,run
2026-09-18T06:56:02+03:00,1789703762,968,83,3,29.8,39.5,,run
2026-09-18T06:56:08+03:00,1789703768,974,83,3,29.8,39.2,,run
2026-09-18T06:56:13+03:00,1789703773,979,83,3,29.8,49.1,,run
2026-09-18T06:56:18+03:00,1789703778,984,83,3,29.8,41.4,,run
2026-09-18T06:56:24+03:00,1789703784,990,83,3,29.8,40.8,,run
2026-09-18T06:56:29+03:00,1789703789,995,83,3,29.8,39.8,,run
2026-09-18T06:56:34+03:00,1789703794,1000,83,3,29.8,40.2,,run
2026-09-18T06:56:39+03:00,1789703799,1005,83,3,29.8,39.8,,run
2026-09-18T06:56:45+03:00,1789703805,1011,83,3,29.8,39.8,,run
2026-09-18T06:56:50+03:00,1789703810,1016,83,3,29.8,38.9,,run
2026-09-18T06:56:55+03:00,1789703815,1021,83,3,29.8,38.3,,run
2026-09-18T06:57:00+03:00,1789703820,1026,83,3,29.8,38.3,,run
2026-09-18T06:57:05+03:00,1789703825,1031,83,3,29.8,38.6,,run
2026-09-18T06:57:11+03:00,1789703831,1037,83,3,29.8,38.3,,run
2026-09-18T06:57:16+03:00,1789703836,1042,83,3,29.8,39.5,,run
2026-09-18T06:57:21+03:00,1789703841,1047,83,3,29.8,38.6,,run
2026-09-18T06:57:26+03:00,1789703846,1052,83,3,29.8,39.2,,run
2026-09-18T06:57:32+03:00,1789703852,1058,83,3,29.8,49.7,,run
2026-09-18T06:57:37+03:00,1789703857,1063,83,3,29.8,41.4,,run
2026-09-18T06:57:42+03:00,1789703862,1068,83,3,29.8,39.2,,run
2026-09-18T06:57:47+03:00,1789703867,1073,83,3,29.8,39.5,,run
2026-09-18T06:57:53+03:00,1789703873,1079,83,3,29.8,39.5,,run
2026-09-18T06:57:58+03:00,1789703878,1084,83,3,29.8,51.6,,run
2026-09-18T06:58:03+03:00,1789703883,1089,83,3,29.8,40.5,,run
2026-09-18T06:58:08+03:00,1789703888,1094,83,3,29.8,40.2,,run
2026-09-18T06:58:14+03:00,1789703894,1100,83,3,29.8,39.5,,run
2026-09-18T06:58:19+03:00,1789703899,1105,83,3,29.8,40.2,,run
2026-09-18T06:58:24+03:00,1789703904,1110,83,3,29.8,39.8,,run
2026-09-18T06:58:29+03:00,1789703909,1115,83,3,29.8,39.8,,run
2026-09-18T06:58:34+03:00,1789703914,1120,83,3,29.8,38.6,,run
2026-09-18T06:58:40+03:00,1789703920,1126,83,3,29.8,38.9,,run
2026-09-18T06:58:45+03:00,1789703925,1131,83,3,29.8,39.5,,run
2026-09-18T06:58:50+03:00,1789703930,1136,83,3,29.8,38.9,,run
2026-09-18T06:58:55+03:00,1789703935,1141,83,3,29.8,41.4,,run
2026-09-18T06:59:00+03:00,1789703940,1146,83,3,29.8,39.8,,run
2026-09-18T06:59:06+03:00,1789703946,1152,83,3,29.8,39.2,,run
2026-09-18T06:59:11+03:00,1789703951,1157,83,3,29.8,43.9,,run
2026-09-18T06:59:16+03:00,1789703956,1162,83,3,29.8,45.4,,run
2026-09-18T06:59:21+03:00,1789703961,1167,83,3,29.8,42.3,,run
2026-09-18T06:59:27+03:00,1789703967,1173,83,3,29.8,39.2,,run
2026-09-18T06:59:32+03:00,1789703972,1178,83,3,29.8,38.6,,run
2026-09-18T06:59:37+03:00,1789703977,1183,83,3,29.8,38.6,,run
2026-09-18T06:59:42+03:00,1789703982,1188,83,3,29.8,38.3,,run
2026-09-18T06:59:48+03:00,1789703988,1194,83,3,29.8,38.0,,run
2026-09-18T06:59:53+03:00,1789703993,1199,83,3,29.8,37.7,,run
2026-09-18T06:59:58+03:00,1789703998,1204,83,3,29.8,51.6,,run
2026-09-18T07:00:03+03:00,1789704003,1209,83,3,29.8,40.8,,run
2026-09-18T07:00:09+03:00,1789704009,1215,83,3,29.8,39.5,,run
2026-09-18T07:00:14+03:00,1789704014,1220,83,3,29.8,38.6,,run
2026-09-18T07:00:19+03:00,1789704019,1225,83,3,29.8,39.5,,run
2026-09-18T07:00:24+03:00,1789704024,1230,83,3,29.8,39.5,,run
2026-09-18T07:00:29+03:00,1789704029,1235,83,3,29.8,38.9,,run
2026-09-18T07:00:35+03:00,1789704035,1241,83,3,29.8,38.6,,run
2026-09-18T07:00:40+03:00,1789704040,1246,83,3,29.8,39.2,,run
2026-09-18T07:00:45+03:00,1789704045,1251,83,3,29.8,39.2,,run
2026-09-18T07:00:50+03:00,1789704050,1256,83,3,29.8,39.5,,run
2026-09-18T07:00:55+03:00,1789704055,1261,83,3,29.8,39.8,,run
2026-09-18T07:01:01+03:00,1789704061,1267,83,3,29.8,39.2,,run
2026-09-18T07:01:06+03:00,1789704066,1272,83,3,29.8,39.8,,run
2026-09-18T07:01:11+03:00,1789704071,1277,83,3,29.8,42.0,,run
2026-09-18T07:01:16+03:00,1789704076,1282,83,3,29.8,43.9,,run
2026-09-18T07:01:22+03:00,1789704082,1288,83,3,29.8,41.1,,run
2026-09-18T07:01:27+03:00,1789704087,1293,83,3,29.8,38.9,,run
2026-09-18T07:01:32+03:00,1789704092,1298,83,3,29.8,38.3,,run
2026-09-18T07:01:37+03:00,1789704097,1303,83,3,29.8,39.2,,run
2026-09-18T07:01:43+03:00,1789704103,1309,83,3,29.8,39.5,,run
2026-09-18T07:01:48+03:00,1789704108,1314,83,3,29.8,38.0,,run
2026-09-18T07:01:53+03:00,1789704113,1319,83,3,29.8,38.3,,run
2026-09-18T07:01:58+03:00,1789704118,1324,83,3,29.8,53.5,,run
2026-09-18T07:02:04+03:00,1789704124,1330,83,3,29.8,41.7,,run
2026-09-18T07:02:09+03:00,1789704129,1335,83,3,29.8,41.4,,run
2026-09-18T07:02:14+03:00,1789704134,1340,83,3,29.8,39.5,,run
2026-09-18T07:02:19+03:00,1789704139,1345,83,3,29.8,40.2,,run
2026-09-18T07:02:24+03:00,1789704144,1350,83,3,29.8,40.2,,run
2026-09-18T07:02:30+03:00,1789704150,1356,83,3,29.8,39.2,,run
2026-09-18T07:02:35+03:00,1789704155,1361,83,3,29.8,40.2,,run
2026-09-18T07:02:40+03:00,1789704160,1366,83,3,29.8,40.2,,run
2026-09-18T07:02:45+03:00,1789704165,1371,83,3,29.8,39.5,,run
2026-09-18T07:02:51+03:00,1789704171,1377,83,3,29.8,38.6,,run
2026-09-18T07:02:56+03:00,1789704176,1382,83,3,29.8,39.2,,run
2026-09-18T07:03:01+03:00,1789704181,1387,83,3,29.8,39.5,,run
2026-09-18T07:03:06+03:00,1789704186,1392,83,3,29.8,39.8,,run
2026-09-18T07:03:11+03:00,1789704191,1397,83,3,29.8,44.2,,run
2026-09-18T07:03:17+03:00,1789704197,1403,83,3,29.8,45.1,,run
2026-09-18T07:03:22+03:00,1789704202,1408,83,3,29.8,41.4,,run
2026-09-18T07:03:27+03:00,1789704207,1413,83,3,29.8,40.5,,run
2026-09-18T07:03:32+03:00,1789704212,1418,83,3,29.8,39.2,,run
2026-09-18T07:03:38+03:00,1789704218,1424,83,3,29.8,39.2,,run
2026-09-18T07:03:43+03:00,1789704223,1429,83,3,29.8,39.5,,run
2026-09-18T07:03:48+03:00,1789704228,1434,83,3,29.8,38.3,,run
2026-09-18T07:03:53+03:00,1789704233,1439,83,3,29.8,38.9,,run
2026-09-18T07:03:58+03:00,1789704238,1444,83,3,29.8,51.9,,run
2026-09-18T07:04:04+03:00,1789704244,1450,83,3,29.8,40.8,,run
2026-09-18T07:04:09+03:00,1789704249,1455,83,3,29.8,40.5,,run
2026-09-18T07:04:14+03:00,1789704254,1460,83,3,29.8,40.8,,run
2026-09-18T07:04:19+03:00,1789704259,1465,83,3,29.8,38.9,,run
2026-09-18T07:04:25+03:00,1789704265,1471,83,3,29.8,40.2,,run
2026-09-18T07:04:30+03:00,1789704270,1476,83,3,29.8,40.2,,run
2026-09-18T07:04:35+03:00,1789704275,1481,83,3,29.8,39.8,,run
2026-09-18T07:04:40+03:00,1789704280,1486,83,3,29.8,39.2,,run
2026-09-18T07:04:45+03:00,1789704285,1491,82,3,29.8,38.6,,run
2026-09-18T07:04:51+03:00,1789704291,1497,82,3,29.8,39.8,,run
2026-09-18T07:04:56+03:00,1789704296,1502,82,3,29.8,39.8,,run
2026-09-18T07:05:01+03:00,1789704301,1507,82,3,29.8,38.9,,run
2026-09-18T07:05:06+03:00,1789704306,1512,82,3,29.8,39.5,,run
2026-09-18T07:05:12+03:00,1789704312,1518,82,3,29.8,42.0,,run
2026-09-18T07:05:17+03:00,1789704317,1523,82,3,29.8,44.2,,run
2026-09-18T07:05:22+03:00,1789704322,1528,82,3,29.8,41.7,,run
2026-09-18T07:05:27+03:00,1789704327,1533,82,3,29.8,40.2,,run
2026-09-18T07:05:33+03:00,1789704333,1539,82,3,29.8,39.2,,run
2026-09-18T07:05:38+03:00,1789704338,1544,82,3,29.8,38.3,,run
2026-09-18T07:05:43+03:00,1789704343,1549,82,3,29.8,38.6,,run
2026-09-18T07:05:48+03:00,1789704348,1554,82,3,29.8,38.6,,run
2026-09-18T07:05:53+03:00,1789704353,1559,82,3,29.8,39.2,,run
2026-09-18T07:05:59+03:00,1789704359,1565,82,3,29.8,53.1,,run
2026-09-18T07:06:04+03:00,1789704364,1570,82,3,29.8,41.1,,run
2026-09-18T07:06:09+03:00,1789704369,1575,82,3,29.8,39.5,,run
2026-09-18T07:06:14+03:00,1789704374,1580,82,3,29.8,39.2,,run
2026-09-18T07:06:20+03:00,1789704380,1586,82,3,29.8,39.5,,run
2026-09-18T07:06:25+03:00,1789704385,1591,82,3,29.8,39.8,,run
2026-09-18T07:06:30+03:00,1789704390,1596,82,3,29.8,39.8,,run
2026-09-18T07:06:35+03:00,1789704395,1601,82,3,29.8,38.9,,run
2026-09-18T07:06:41+03:00,1789704401,1607,82,3,29.8,38.9,,run
2026-09-18T07:06:46+03:00,1789704406,1612,82,3,29.8,39.5,,run
2026-09-18T07:06:51+03:00,1789704411,1617,82,3,29.8,39.2,,run
2026-09-18T07:06:56+03:00,1789704416,1622,82,3,29.8,39.2,,run
2026-09-18T07:07:01+03:00,1789704421,1627,82,3,29.8,38.6,,run
2026-09-18T07:07:07+03:00,1789704427,1633,82,3,29.8,39.2,,run
2026-09-18T07:07:12+03:00,1789704432,1638,82,3,29.8,43.2,,run
2026-09-18T07:07:17+03:00,1789704437,1643,82,3,29.8,44.5,,run
2026-09-18T07:07:22+03:00,1789704442,1648,82,3,29.8,42.0,,run
2026-09-18T07:07:28+03:00,1789704448,1654,82,3,29.8,39.8,,run
2026-09-18T07:07:33+03:00,1789704453,1659,82,3,29.8,39.2,,run
2026-09-18T07:07:38+03:00,1789704458,1664,82,3,29.8,39.5,,run
2026-09-18T07:07:43+03:00,1789704463,1669,82,3,29.8,38.6,,run
2026-09-18T07:07:48+03:00,1789704468,1674,82,3,29.8,38.3,,run
2026-09-18T07:07:54+03:00,1789704474,1680,82,3,29.8,38.3,,run
2026-09-18T07:07:59+03:00,1789704479,1685,82,3,29.8,54.4,,run
2026-09-18T07:08:04+03:00,1789704484,1690,82,3,29.8,40.8,,run
2026-09-18T07:08:09+03:00,1789704489,1695,82,3,29.8,39.8,,run
2026-09-18T07:08:15+03:00,1789704495,1701,82,3,29.8,38.9,,run
2026-09-18T07:08:20+03:00,1789704500,1706,82,3,29.8,39.2,,run
2026-09-18T07:08:25+03:00,1789704505,1711,82,3,29.8,39.2,,run
2026-09-18T07:08:30+03:00,1789704510,1716,82,3,29.8,38.6,,run
2026-09-18T07:08:36+03:00,1789704515,1721,82,3,29.8,38.6,,run
2026-09-18T07:08:41+03:00,1789704521,1727,82,3,29.8,39.5,,run
2026-09-18T07:08:46+03:00,1789704526,1732,82,3,29.8,39.5,,run
2026-09-18T07:08:51+03:00,1789704531,1737,82,3,29.8,38.6,,run
2026-09-18T07:08:56+03:00,1789704536,1742,82,3,29.8,38.9,,run
2026-09-18T07:09:02+03:00,1789704542,1748,82,3,29.8,39.8,,run
2026-09-18T07:09:07+03:00,1789704547,1753,82,3,29.8,38.3,,run
2026-09-18T07:09:12+03:00,1789704552,1758,82,3,29.8,43.2,,run
2026-09-18T07:09:17+03:00,1789704557,1763,82,3,29.8,44.2,,run
2026-09-18T07:09:23+03:00,1789704563,1769,82,3,29.8,41.7,,run
2026-09-18T07:09:28+03:00,1789704568,1774,82,3,29.8,39.5,,run
2026-09-18T07:09:33+03:00,1789704573,1779,82,3,29.8,38.9,,run
2026-09-18T07:09:38+03:00,1789704578,1784,82,3,29.8,38.3,,run
2026-09-18T07:09:43+03:00,1789704583,1789,82,3,29.8,39.5,,run
2026-09-18T07:09:49+03:00,1789704589,1795,82,3,29.8,39.2,,run
2026-09-18T07:09:54+03:00,1789704594,1800,82,3,29.8,38.3,,run
2026-09-18T07:09:59+03:00,1789704599,1805,82,3,29.8,49.7,,run
2026-09-18T07:10:04+03:00,1789704604,1810,82,3,29.8,40.8,,run
2026-09-18T07:10:10+03:00,1789704610,1816,82,3,29.8,39.5,,run
2026-09-18T07:10:15+03:00,1789704615,1821,82,3,29.8,38.6,,run
2026-09-18T07:10:20+03:00,1789704620,1826,82,3,29.8,39.5,,run
2026-09-18T07:10:25+03:00,1789704625,1831,82,3,29.8,38.3,,run
2026-09-18T07:10:30+03:00,1789704630,1836,82,3,29.8,38.9,,run
2026-09-18T07:10:36+03:00,1789704636,1842,82,3,29.8,38.9,,run
2026-09-18T07:10:41+03:00,1789704641,1847,82,3,29.8,39.2,,run
2026-09-18T07:10:46+03:00,1789704646,1852,82,3,29.8,38.3,,run
2026-09-18T07:10:51+03:00,1789704651,1857,82,3,29.8,40.8,,run
2026-09-18T07:10:57+03:00,1789704657,1863,82,3,29.8,39.5,,run
2026-09-18T07:11:02+03:00,1789704662,1868,82,3,29.8,39.5,,run
2026-09-18T07:11:07+03:00,1789704667,1873,82,3,29.8,39.8,,run
2026-09-18T07:11:12+03:00,1789704672,1878,82,3,29.8,42.6,,run
2026-09-18T07:11:18+03:00,1789704678,1884,82,3,29.8,43.2,,run
2026-09-18T07:11:23+03:00,1789704683,1889,82,3,29.8,43.2,,run
2026-09-18T07:11:28+03:00,1789704688,1894,82,3,29.8,39.8,,run
2026-09-18T07:11:33+03:00,1789704693,1899,82,3,29.8,38.9,,run
2026-09-18T07:11:38+03:00,1789704698,1904,82,3,29.8,39.8,,run
2026-09-18T07:11:44+03:00,1789704704,1910,82,3,29.8,39.5,,run
2026-09-18T07:11:49+03:00,1789704709,1915,82,3,29.8,39.5,,run
2026-09-18T07:11:54+03:00,1789704714,1920,82,3,29.8,39.2,,run
2026-09-18T07:11:59+03:00,1789704719,1925,82,3,29.8,50.4,,run
2026-09-18T07:12:05+03:00,1789704725,1931,82,3,29.8,40.2,,run
2026-09-18T07:12:10+03:00,1789704730,1936,82,3,29.8,39.8,,run
2026-09-18T07:12:15+03:00,1789704735,1941,82,3,29.8,38.9,,run
2026-09-18T07:12:20+03:00,1789704740,1946,82,3,29.8,38.9,,run
2026-09-18T07:12:25+03:00,1789704745,1951,82,3,29.8,39.2,,run
2026-09-18T07:12:31+03:00,1789704751,1957,82,3,29.8,38.9,,run
2026-09-18T07:12:36+03:00,1789704756,1962,82,3,29.8,39.5,,run
2026-09-18T07:12:41+03:00,1789704761,1967,82,3,29.8,38.6,,run
2026-09-18T07:12:46+03:00,1789704766,1972,82,3,29.8,39.5,,run
2026-09-18T07:12:51+03:00,1789704771,1977,82,3,29.8,38.6,,run
2026-09-18T07:12:57+03:00,1789704777,1983,82,3,29.8,38.9,,run
2026-09-18T07:13:02+03:00,1789704782,1988,82,3,29.8,39.2,,run
2026-09-18T07:13:07+03:00,1789704787,1993,82,3,29.8,39.5,,run
2026-09-18T07:13:12+03:00,1789704792,1998,82,3,29.8,49.1,,run
2026-09-18T07:13:18+03:00,1789704798,2004,82,3,29.8,42.3,,run
2026-09-18T07:13:23+03:00,1789704803,2009,82,3,29.8,40.2,,run
2026-09-18T07:13:28+03:00,1789704808,2014,82,3,29.8,38.9,,run
2026-09-18T07:13:33+03:00,1789704813,2019,82,3,29.8,38.9,,run
2026-09-18T07:13:39+03:00,1789704819,2025,82,3,29.8,50.4,,run
2026-09-18T07:13:44+03:00,1789704824,2030,82,3,29.8,41.4,,run
2026-09-18T07:13:49+03:00,1789704829,2035,82,3,29.8,39.5,,run
2026-09-18T07:13:55+03:00,1789704835,2041,82,3,29.8,39.5,,run
2026-09-18T07:14:00+03:00,1789704840,2046,82,3,29.8,39.5,,run
2026-09-18T07:14:05+03:00,1789704845,2051,82,3,29.8,40.2,,run
2026-09-18T07:14:10+03:00,1789704850,2056,82,3,29.8,40.2,,run
2026-09-18T07:14:15+03:00,1789704855,2061,82,3,29.8,40.2,,run
2026-09-18T07:14:21+03:00,1789704861,2067,81,3,29.8,38.9,,run
2026-09-18T07:14:26+03:00,1789704866,2072,81,3,29.8,39.8,,run
2026-09-18T07:14:31+03:00,1789704871,2077,81,3,29.8,39.5,,run
2026-09-18T07:14:36+03:00,1789704876,2082,81,3,29.8,39.2,,run
2026-09-18T07:14:41+03:00,1789704881,2087,81,3,29.8,40.2,,run
2026-09-18T07:14:47+03:00,1789704887,2093,81,3,29.8,38.6,,run
2026-09-18T07:14:52+03:00,1789704892,2098,81,3,29.8,47.0,,run
2026-09-18T07:14:57+03:00,1789704897,2103,81,3,29.8,47.6,,run
2026-09-18T07:15:02+03:00,1789704902,2108,81,3,29.8,44.2,,run
2026-09-18T07:15:08+03:00,1789704908,2114,81,3,29.8,42.0,,run
2026-09-18T07:15:13+03:00,1789704913,2119,81,3,29.8,38.3,,run
2026-09-18T07:15:18+03:00,1789704918,2124,81,3,29.8,38.3,,run
2026-09-18T07:15:23+03:00,1789704923,2129,81,3,29.8,38.6,,run
2026-09-18T07:15:29+03:00,1789704929,2135,81,3,29.8,38.3,,run
2026-09-18T07:15:34+03:00,1789704934,2140,81,3,29.8,38.9,,run
2026-09-18T07:15:39+03:00,1789704939,2145,81,3,29.8,50.1,,run
2026-09-18T07:15:44+03:00,1789704944,2150,81,3,29.8,40.8,,run
2026-09-18T07:15:50+03:00,1789704950,2156,81,3,29.8,40.2,,run
2026-09-18T07:15:55+03:00,1789704955,2161,81,3,29.8,39.8,,run
2026-09-18T07:16:00+03:00,1789704960,2166,81,3,29.8,40.2,,run
2026-09-18T07:16:05+03:00,1789704965,2171,81,3,29.8,39.8,,run
2026-09-18T07:16:10+03:00,1789704970,2176,81,3,29.8,39.5,,run
2026-09-18T07:16:16+03:00,1789704976,2182,81,3,29.8,39.5,,run
2026-09-18T07:16:21+03:00,1789704981,2187,81,3,29.8,39.5,,run
2026-09-18T07:16:26+03:00,1789704986,2192,81,3,29.8,38.9,,run
2026-09-18T07:16:31+03:00,1789704991,2197,81,3,29.8,39.2,,run
2026-09-18T07:16:37+03:00,1789704997,2203,81,3,29.8,40.2,,run
2026-09-18T07:16:42+03:00,1789705002,2208,81,3,29.8,39.5,,run
2026-09-18T07:16:47+03:00,1789705007,2213,81,3,29.8,39.2,,run
2026-09-18T07:16:52+03:00,1789705012,2218,81,3,29.8,46.3,,run
2026-09-18T07:16:57+03:00,1789705017,2223,81,3,29.8,45.7,,run
2026-09-18T07:17:03+03:00,1789705023,2229,81,3,29.8,43.9,,run
2026-09-18T07:17:08+03:00,1789705028,2234,81,3,29.8,39.5,,run
2026-09-18T07:17:13+03:00,1789705033,2239,81,3,29.8,39.8,,run
2026-09-18T07:17:18+03:00,1789705038,2244,81,3,29.8,39.2,,run
2026-09-18T07:17:24+03:00,1789705044,2250,81,3,29.8,38.6,,run
2026-09-18T07:17:29+03:00,1789705049,2255,81,3,29.8,38.0,,run
2026-09-18T07:17:34+03:00,1789705054,2260,81,3,29.8,38.3,,run
2026-09-18T07:17:39+03:00,1789705059,2265,81,3,29.8,51.0,,run
2026-09-18T07:17:45+03:00,1789705065,2271,81,3,29.8,41.1,,run
2026-09-18T07:17:50+03:00,1789705070,2276,81,3,29.8,39.2,,run
2026-09-18T07:17:55+03:00,1789705075,2281,81,3,29.8,40.8,,run
2026-09-18T07:18:00+03:00,1789705080,2286,81,3,29.8,39.2,,run
2026-09-18T07:18:06+03:00,1789705086,2292,81,3,29.8,38.9,,run
2026-09-18T07:18:11+03:00,1789705091,2297,81,3,29.8,39.2,,run
2026-09-18T07:18:16+03:00,1789705096,2302,81,3,29.8,38.9,,run
2026-09-18T07:18:21+03:00,1789705101,2307,81,3,29.8,38.6,,run
2026-09-18T07:18:26+03:00,1789705106,2312,81,3,29.8,38.6,,run
2026-09-18T07:18:32+03:00,1789705112,2318,81,3,29.8,38.3,,run
2026-09-18T07:18:37+03:00,1789705117,2323,81,3,29.8,38.6,,run
2026-09-18T07:18:42+03:00,1789705122,2328,81,3,29.8,40.2,,run
2026-09-18T07:18:47+03:00,1789705127,2333,81,3,29.8,39.8,,run
2026-09-18T07:18:53+03:00,1789705133,2339,81,3,29.8,45.1,,run
2026-09-18T07:18:58+03:00,1789705138,2344,81,3,29.8,49.1,,run
2026-09-18T07:19:03+03:00,1789705143,2349,81,3,29.8,45.7,,run
2026-09-18T07:19:08+03:00,1789705148,2354,81,3,29.8,39.2,,run
2026-09-18T07:19:14+03:00,1789705154,2360,81,3,29.8,38.6,,run
2026-09-18T07:19:19+03:00,1789705159,2365,81,3,29.8,40.2,,run
2026-09-18T07:19:24+03:00,1789705164,2370,81,3,29.8,43.6,,run
2026-09-18T07:19:29+03:00,1789705169,2375,81,3,29.8,39.8,,run
2026-09-18T07:19:35+03:00,1789705175,2381,81,3,29.8,39.8,,run
2026-09-18T07:19:40+03:00,1789705180,2386,81,3,29.8,42.3,,run
2026-09-18T07:19:45+03:00,1789705185,2391,81,3,29.8,40.5,,run
2026-09-18T07:19:50+03:00,1789705190,2396,81,3,29.8,38.9,,run
2026-09-18T07:19:55+03:00,1789705195,2401,81,3,29.8,40.2,,run
2026-09-18T07:20:01+03:00,1789705201,2407,81,3,29.8,40.2,,run
2026-09-18T07:20:06+03:00,1789705206,2412,81,3,29.8,39.8,,run
2026-09-18T07:20:11+03:00,1789705211,2417,81,3,29.8,38.9,,run
2026-09-18T07:20:16+03:00,1789705216,2422,81,3,29.8,39.5,,run
2026-09-18T07:20:22+03:00,1789705222,2428,81,3,29.8,39.8,,run
2026-09-18T07:20:27+03:00,1789705227,2433,81,3,29.8,39.2,,run
2026-09-18T07:20:32+03:00,1789705232,2438,81,3,29.8,38.9,,run
2026-09-18T07:20:37+03:00,1789705237,2443,81,3,29.8,49.7,,run
2026-09-18T07:20:43+03:00,1789705243,2449,81,3,29.8,40.2,,run
2026-09-18T07:20:48+03:00,1789705248,2454,81,3,29.8,39.5,,run
2026-09-18T07:20:53+03:00,1789705253,2459,81,3,29.8,39.5,,run
2026-09-18T07:20:58+03:00,1789705258,2464,81,3,29.8,39.8,,run
2026-09-18T07:21:04+03:00,1789705264,2470,81,3,29.8,39.5,,run
2026-09-18T07:21:09+03:00,1789705269,2475,81,3,29.8,40.2,,run
2026-09-18T07:21:14+03:00,1789705274,2480,81,3,29.8,38.6,,run
2026-09-18T07:21:19+03:00,1789705279,2485,81,3,29.8,48.5,,run
2026-09-18T07:21:25+03:00,1789705285,2491,81,3,29.8,42.0,,run
2026-09-18T07:21:30+03:00,1789705290,2496,81,3,29.8,40.2,,run
2026-09-18T07:21:35+03:00,1789705295,2501,81,3,29.8,39.8,,run
2026-09-18T07:21:41+03:00,1789705301,2507,81,3,29.8,40.5,,run
2026-09-18T07:21:46+03:00,1789705306,2512,81,3,29.8,39.2,,run
2026-09-18T07:21:51+03:00,1789705311,2517,81,3,29.8,39.8,,run
2026-09-18T07:21:56+03:00,1789705316,2522,81,3,29.8,38.6,,run
2026-09-18T07:22:02+03:00,1789705322,2528,81,3,29.8,40.5,,run
2026-09-18T07:22:07+03:00,1789705327,2533,81,3,29.8,38.3,,run
2026-09-18T07:22:12+03:00,1789705332,2538,81,3,29.8,39.5,,run
2026-09-18T07:22:17+03:00,1789705337,2543,81,3,29.8,39.8,,run
2026-09-18T07:22:22+03:00,1789705342,2548,81,3,29.8,39.2,,run
2026-09-18T07:22:28+03:00,1789705348,2554,81,3,29.8,39.5,,run
2026-09-18T07:22:33+03:00,1789705353,2559,81,3,29.8,38.6,,run
2026-09-18T07:22:38+03:00,1789705358,2564,81,3,29.8,48.2,,run
2026-09-18T07:22:43+03:00,1789705363,2569,81,3,29.8,40.5,,run
2026-09-18T07:22:49+03:00,1789705369,2575,81,3,29.8,39.8,,run
2026-09-18T07:22:54+03:00,1789705374,2580,81,3,29.8,38.6,,run
2026-09-18T07:22:59+03:00,1789705379,2585,81,3,29.8,39.8,,run
2026-09-18T07:23:04+03:00,1789705384,2590,81,3,29.8,38.9,,run
2026-09-18T07:23:09+03:00,1789705389,2595,81,3,29.8,41.1,,run
2026-09-18T07:23:15+03:00,1789705395,2601,81,3,29.8,38.3,,run
2026-09-18T07:23:20+03:00,1789705400,2606,81,3,29.8,48.5,,run
2026-09-18T07:23:25+03:00,1789705405,2611,81,3,29.8,41.4,,run
2026-09-18T07:23:31+03:00,1789705411,2617,81,3,29.8,39.5,,run
2026-09-18T07:23:36+03:00,1789705416,2622,81,3,29.8,38.9,,run
2026-09-18T07:23:41+03:00,1789705421,2627,81,3,29.8,39.5,,run
2026-09-18T07:23:46+03:00,1789705426,2632,81,3,29.8,39.8,,run
2026-09-18T07:23:52+03:00,1789705432,2638,81,3,29.8,39.8,,run
2026-09-18T07:23:57+03:00,1789705437,2643,81,3,29.8,39.2,,run
2026-09-18T07:24:02+03:00,1789705442,2648,81,3,29.8,39.2,,run
2026-09-18T07:24:07+03:00,1789705447,2653,81,3,29.8,38.6,,run
2026-09-18T07:24:12+03:00,1789705452,2658,81,3,29.8,38.6,,run
2026-09-18T07:24:18+03:00,1789705458,2664,81,3,29.8,39.2,,run
2026-09-18T07:24:23+03:00,1789705463,2669,81,3,29.8,39.2,,run
2026-09-18T07:24:28+03:00,1789705468,2674,81,3,29.8,38.9,,run
2026-09-18T07:24:33+03:00,1789705473,2679,81,3,29.8,39.2,,run
2026-09-18T07:24:38+03:00,1789705478,2684,81,3,29.8,46.0,,run
2026-09-18T07:24:44+03:00,1789705484,2690,81,3,29.8,42.0,,run
2026-09-18T07:24:49+03:00,1789705489,2695,81,3,29.8,40.5,,run
2026-09-18T07:24:54+03:00,1789705494,2700,81,3,29.8,39.8,,run
2026-09-18T07:24:59+03:00,1789705499,2705,81,3,29.8,39.5,,run
2026-09-18T07:25:05+03:00,1789705505,2711,81,3,29.8,39.8,,run
2026-09-18T07:25:10+03:00,1789705510,2716,81,3,29.8,39.2,,run
2026-09-18T07:25:15+03:00,1789705515,2721,81,3,29.8,38.3,,run
2026-09-18T07:25:20+03:00,1789705520,2726,81,3,29.8,48.2,,run
2026-09-18T07:25:26+03:00,1789705526,2732,81,3,29.8,41.4,,run
2026-09-18T07:25:31+03:00,1789705531,2737,81,3,29.8,39.5,,run
2026-09-18T07:25:36+03:00,1789705536,2742,81,3,29.8,39.2,,run
2026-09-18T07:25:41+03:00,1789705541,2747,81,3,29.8,39.2,,run
2026-09-18T07:25:47+03:00,1789705547,2753,81,3,29.8,39.2,,run
2026-09-18T07:25:52+03:00,1789705552,2758,81,3,29.8,39.5,,run
2026-09-18T07:25:57+03:00,1789705557,2763,81,3,29.8,39.8,,run
2026-09-18T07:26:02+03:00,1789705562,2768,81,3,29.8,39.8,,run
2026-09-18T07:26:08+03:00,1789705568,2774,80,3,29.8,39.8,,run
2026-09-18T07:26:13+03:00,1789705573,2779,80,3,29.8,39.2,,run
2026-09-18T07:26:18+03:00,1789705578,2784,80,3,29.8,39.2,,run
2026-09-18T07:26:23+03:00,1789705583,2789,80,3,29.8,39.2,,run
2026-09-18T07:26:28+03:00,1789705588,2794,80,3,29.8,38.9,,run
2026-09-18T07:26:34+03:00,1789705594,2800,80,3,29.8,39.2,,run
2026-09-18T07:26:39+03:00,1789705599,2805,80,3,29.8,47.6,,run
2026-09-18T07:26:44+03:00,1789705604,2810,80,3,29.8,39.5,,run
2026-09-18T07:26:49+03:00,1789705609,2815,80,3,29.8,39.2,,run
2026-09-18T07:26:55+03:00,1789705615,2821,80,3,29.8,38.9,,run
2026-09-18T07:27:00+03:00,1789705620,2826,80,3,29.8,39.2,,run
2026-09-18T07:27:05+03:00,1789705625,2831,80,3,29.8,39.5,,run
2026-09-18T07:27:10+03:00,1789705630,2836,80,3,29.8,38.0,,run
2026-09-18T07:27:16+03:00,1789705636,2842,80,3,29.8,38.6,,run
2026-09-18T07:27:21+03:00,1789705641,2847,80,3,29.8,52.2,,run
2026-09-18T07:27:26+03:00,1789705646,2852,80,3,29.8,41.1,,run
2026-09-18T07:27:31+03:00,1789705651,2857,80,3,29.8,39.5,,run
2026-09-18T07:27:37+03:00,1789705657,2863,80,3,29.8,40.5,,run
2026-09-18T07:27:42+03:00,1789705662,2868,80,3,29.8,39.2,,run
2026-09-18T07:27:47+03:00,1789705667,2873,80,3,29.8,39.2,,run
2026-09-18T07:27:52+03:00,1789705672,2878,80,3,29.8,38.9,,run
2026-09-18T07:27:58+03:00,1789705678,2884,80,3,29.8,39.8,,run
2026-09-18T07:28:03+03:00,1789705683,2889,80,3,29.8,39.2,,run
2026-09-18T07:28:08+03:00,1789705688,2894,80,3,29.8,38.3,,run
2026-09-18T07:28:13+03:00,1789705693,2899,80,3,29.8,38.6,,run
2026-09-18T07:28:18+03:00,1789705698,2904,80,3,29.8,38.3,,run
2026-09-18T07:28:24+03:00,1789705704,2910,80,3,29.8,39.2,,run
2026-09-18T07:28:29+03:00,1789705709,2915,80,3,29.8,40.5,,run
2026-09-18T07:28:34+03:00,1789705714,2920,80,3,29.8,42.6,,run
2026-09-18T07:28:39+03:00,1789705719,2925,80,3,29.8,50.7,,run
2026-09-18T07:28:45+03:00,1789705725,2931,80,3,29.8,44.5,,run
2026-09-18T07:28:50+03:00,1789705730,2936,80,3,29.8,39.5,,run
2026-09-18T07:28:55+03:00,1789705735,2941,80,3,29.8,39.8,,run
2026-09-18T07:29:00+03:00,1789705740,2946,80,3,29.8,39.2,,run
2026-09-18T07:29:05+03:00,1789705745,2951,80,3,29.8,39.5,,run
2026-09-18T07:29:11+03:00,1789705751,2957,80,3,29.8,38.9,,run
2026-09-18T07:29:16+03:00,1789705756,2962,80,3,29.8,38.6,,run
2026-09-18T07:29:21+03:00,1789705761,2967,80,3,29.8,49.4,,run
2026-09-18T07:29:27+03:00,1789705767,2973,80,3,29.8,42.0,,run
2026-09-18T07:29:32+03:00,1789705772,2978,80,3,29.8,40.5,,run
2026-09-18T07:29:37+03:00,1789705777,2983,80,3,29.8,40.5,,run
2026-09-18T07:29:42+03:00,1789705782,2988,80,3,29.8,39.5,,run
2026-09-18T07:29:47+03:00,1789705787,2993,80,3,29.8,39.8,,run
2026-09-18T07:29:53+03:00,1789705793,2999,80,3,29.8,39.5,,run
2026-09-18T07:29:58+03:00,1789705798,3004,80,3,29.8,40.2,,run
2026-09-18T07:30:03+03:00,1789705803,3009,80,3,29.8,40.2,,run
2026-09-18T07:30:08+03:00,1789705808,3014,80,3,29.8,41.4,,run
2026-09-18T07:30:14+03:00,1789705814,3020,80,3,29.8,38.9,,run
2026-09-18T07:30:19+03:00,1789705819,3025,80,3,29.8,38.6,,run
2026-09-18T07:30:24+03:00,1789705824,3030,80,3,29.8,39.8,,run
2026-09-18T07:30:29+03:00,1789705829,3035,80,3,29.8,39.2,,run
2026-09-18T07:30:34+03:00,1789705834,3040,80,3,29.8,46.3,,run
2026-09-18T07:30:40+03:00,1789705840,3046,80,3,29.8,47.3,,run
2026-09-18T07:30:45+03:00,1789705845,3051,80,3,29.8,43.6,,run
2026-09-18T07:30:50+03:00,1789705850,3056,80,3,29.8,39.2,,run
2026-09-18T07:30:55+03:00,1789705855,3061,80,3,29.8,38.9,,run
2026-09-18T07:31:01+03:00,1789705861,3067,80,3,29.8,40.8,,run
2026-09-18T07:31:06+03:00,1789705866,3072,80,3,29.8,44.2,,run
2026-09-18T07:31:11+03:00,1789705871,3077,80,3,29.8,41.4,,run
2026-09-18T07:31:16+03:00,1789705876,3082,80,3,29.8,39.5,,run
2026-09-18T07:31:22+03:00,1789705882,3088,80,3,29.8,39.8,,run
2026-09-18T07:31:27+03:00,1789705887,3093,80,3,29.8,40.8,,run
2026-09-18T07:31:32+03:00,1789705892,3098,80,3,29.8,39.2,,run
2026-09-18T07:31:37+03:00,1789705897,3103,80,3,29.8,39.2,,run
2026-09-18T07:31:42+03:00,1789705902,3108,80,3,29.8,38.9,,run
2026-09-18T07:31:48+03:00,1789705908,3114,80,3,29.8,38.6,,run
2026-09-18T07:31:53+03:00,1789705913,3119,80,3,29.8,41.7,,run
2026-09-18T07:31:58+03:00,1789705918,3124,80,3,29.8,39.2,,run
2026-09-18T07:32:03+03:00,1789705923,3129,80,3,29.8,42.0,,run
2026-09-18T07:32:09+03:00,1789705929,3135,80,3,29.8,39.2,,run
2026-09-18T07:32:14+03:00,1789705934,3140,80,3,29.8,38.9,,run
2026-09-18T07:32:19+03:00,1789705939,3145,80,3,29.8,51.0,,run
2026-09-18T07:32:25+03:00,1789705945,3151,80,3,29.8,41.1,,run
2026-09-18T07:32:30+03:00,1789705950,3156,80,3,29.8,40.5,,run
2026-09-18T07:32:35+03:00,1789705955,3161,80,3,29.8,38.6,,run
2026-09-18T07:32:40+03:00,1789705960,3166,80,3,29.8,38.6,,run
2026-09-18T07:32:45+03:00,1789705965,3171,80,3,29.8,38.3,,run
2026-09-18T07:32:51+03:00,1789705971,3177,80,3,29.8,39.5,,run
2026-09-18T07:32:56+03:00,1789705976,3182,80,3,29.8,38.3,,run
2026-09-18T07:33:01+03:00,1789705981,3187,80,3,29.8,49.4,,run
2026-09-18T07:33:07+03:00,1789705987,3193,80,3,29.8,44.2,,run
2026-09-18T07:33:12+03:00,1789705992,3198,80,3,29.8,39.8,,run
2026-09-18T07:33:17+03:00,1789705997,3203,80,3,29.8,39.8,,run
2026-09-18T07:33:22+03:00,1789706002,3208,80,3,29.8,40.5,,run
2026-09-18T07:33:28+03:00,1789706008,3214,80,3,29.8,40.2,,run
2026-09-18T07:33:33+03:00,1789706013,3219,80,3,29.8,38.6,,run
2026-09-18T07:33:38+03:00,1789706018,3224,80,3,29.8,38.6,,run
2026-09-18T07:33:43+03:00,1789706023,3229,80,3,29.8,38.9,,run
2026-09-18T07:33:48+03:00,1789706028,3234,80,3,29.8,39.2,,run
2026-09-18T07:33:54+03:00,1789706034,3240,80,3,29.8,38.6,,run
2026-09-18T07:33:59+03:00,1789706039,3245,80,3,29.8,39.2,,run
2026-09-18T07:34:04+03:00,1789706044,3250,80,3,29.8,39.2,,run
2026-09-18T07:34:09+03:00,1789706049,3255,80,3,29.8,38.6,,run
2026-09-18T07:34:14+03:00,1789706054,3260,80,3,29.8,39.2,,run
2026-09-18T07:34:20+03:00,1789706060,3266,80,3,29.8,49.1,,run
2026-09-18T07:34:25+03:00,1789706065,3271,80,3,29.8,41.4,,run
2026-09-18T07:34:30+03:00,1789706070,3276,80,3,29.8,40.5,,run
2026-09-18T07:34:36+03:00,1789706076,3282,80,3,29.8,39.2,,run
2026-09-18T07:34:41+03:00,1789706081,3287,80,3,29.8,38.0,,run
2026-09-18T07:34:46+03:00,1789706086,3292,80,3,29.8,38.0,,run
2026-09-18T07:34:51+03:00,1789706091,3297,80,3,29.8,39.2,,run
2026-09-18T07:34:56+03:00,1789706096,3302,80,3,29.8,38.3,,run
2026-09-18T07:35:02+03:00,1789706102,3308,80,3,29.8,51.0,,run
2026-09-18T07:35:07+03:00,1789706107,3313,80,3,29.8,42.0,,run
2026-09-18T07:35:13+03:00,1789706113,3319,80,3,29.8,39.8,,run
2026-09-18T07:35:18+03:00,1789706118,3324,80,3,29.8,39.2,,run
2026-09-18T07:35:23+03:00,1789706123,3329,80,3,29.8,39.5,,run
2026-09-18T07:35:28+03:00,1789706128,3334,80,3,29.8,39.5,,run
2026-09-18T07:35:33+03:00,1789706133,3339,80,3,29.8,39.2,,run
2026-09-18T07:35:39+03:00,1789706139,3345,80,3,29.8,38.9,,run
2026-09-18T07:35:44+03:00,1789706144,3350,80,3,29.8,38.6,,run
2026-09-18T07:35:49+03:00,1789706149,3355,80,3,29.8,38.3,,run
2026-09-18T07:35:54+03:00,1789706154,3360,80,3,29.8,38.9,,run
2026-09-18T07:36:00+03:00,1789706160,3366,80,3,29.8,39.5,,run
2026-09-18T07:36:05+03:00,1789706165,3371,80,3,29.8,38.6,,run
2026-09-18T07:36:10+03:00,1789706170,3376,80,3,29.8,39.8,,run
2026-09-18T07:36:15+03:00,1789706175,3381,80,3,29.8,45.1,,run
2026-09-18T07:36:20+03:00,1789706180,3386,80,3,29.8,43.2,,run
2026-09-18T07:36:26+03:00,1789706186,3392,80,3,29.8,43.2,,run
2026-09-18T07:36:31+03:00,1789706191,3397,80,3,29.8,38.9,,run
2026-09-18T07:36:36+03:00,1789706196,3402,80,3,29.8,39.2,,run
2026-09-18T07:36:41+03:00,1789706201,3407,80,3,29.8,38.9,,run
2026-09-18T07:36:47+03:00,1789706207,3413,80,3,29.8,40.2,,run
2026-09-18T07:36:52+03:00,1789706212,3418,79,3,29.8,39.2,,run
2026-09-18T07:36:57+03:00,1789706217,3423,79,3,29.8,38.3,,run
2026-09-18T07:37:02+03:00,1789706222,3428,79,3,29.8,49.7,,run
2026-09-18T07:37:08+03:00,1789706228,3434,79,3,29.8,40.8,,run
2026-09-18T07:37:13+03:00,1789706233,3439,79,3,29.8,45.1,,run
2026-09-18T07:37:18+03:00,1789706238,3444,79,3,29.8,40.2,,run
2026-09-18T07:37:23+03:00,1789706243,3449,79,3,29.8,40.2,,run
2026-09-18T07:37:29+03:00,1789706249,3455,79,3,29.8,39.2,,run
2026-09-18T07:37:34+03:00,1789706254,3460,79,3,29.8,38.6,,run
2026-09-18T07:37:39+03:00,1789706259,3465,79,3,29.8,38.9,,run
2026-09-18T07:37:44+03:00,1789706264,3470,79,3,29.8,40.2,,run
2026-09-18T07:37:49+03:00,1789706269,3475,79,3,29.8,39.8,,run
2026-09-18T07:37:55+03:00,1789706275,3481,79,3,29.8,38.6,,run
2026-09-18T07:38:00+03:00,1789706280,3486,79,3,29.8,39.2,,run
2026-09-18T07:38:05+03:00,1789706285,3491,79,3,29.8,38.9,,run
2026-09-18T07:38:10+03:00,1789706290,3496,79,3,29.8,39.2,,run
2026-09-18T07:38:16+03:00,1789706296,3502,79,3,29.8,45.7,,run
2026-09-18T07:38:21+03:00,1789706301,3507,79,3,29.8,47.3,,run
2026-09-18T07:38:26+03:00,1789706306,3512,79,3,29.8,43.2,,run
2026-09-18T07:38:31+03:00,1789706311,3517,79,3,29.8,40.2,,run
2026-09-18T07:38:36+03:00,1789706316,3522,79,3,29.8,39.2,,run
2026-09-18T07:38:42+03:00,1789706322,3528,79,3,29.8,39.2,,run
2026-09-18T07:38:47+03:00,1789706327,3533,79,3,29.8,38.6,,run
2026-09-18T07:38:52+03:00,1789706332,3538,79,3,29.8,38.6,,run
2026-09-18T07:38:57+03:00,1789706337,3543,79,3,29.8,38.9,,run
2026-09-18T07:39:03+03:00,1789706343,3549,79,3,29.8,50.4,,run
2026-09-18T07:39:08+03:00,1789706348,3554,79,3,29.8,41.7,,run
2026-09-18T07:39:13+03:00,1789706353,3559,79,3,29.8,41.7,,run
2026-09-18T07:39:18+03:00,1789706358,3564,79,3,29.8,39.2,,run
2026-09-18T07:39:24+03:00,1789706364,3570,79,3,29.8,40.2,,run
2026-09-18T07:39:29+03:00,1789706369,3575,79,3,29.8,39.2,,run
2026-09-18T07:39:34+03:00,1789706374,3580,79,3,29.8,39.2,,run
2026-09-18T07:39:39+03:00,1789706379,3585,79,3,29.8,39.8,,run
2026-09-18T07:39:44+03:00,1789706384,3590,79,3,29.8,38.6,,run
2026-09-18T07:39:50+03:00,1789706390,3596,79,3,29.8,39.2,,run
2026-09-18T07:39:55+03:00,1789706395,3601,79,3,29.8,38.6,,run
2026-09-18T07:40:00+03:00,1789706400,3606,79,3,29.8,39.2,,run
2026-09-18T07:40:05+03:00,1789706405,3611,79,3,29.8,39.2,,run
2026-09-18T07:40:11+03:00,1789706411,3617,79,3,29.8,39.8,,run
2026-09-18T07:40:16+03:00,1789706416,3622,79,3,29.8,47.0,,run
2026-09-18T07:40:21+03:00,1789706421,3627,79,3,29.8,47.9,,run
2026-09-18T07:40:26+03:00,1789706426,3632,79,3,29.8,41.1,,run
2026-09-18T07:40:31+03:00,1789706431,3637,79,3,29.8,40.2,,run
2026-09-18T07:40:37+03:00,1789706437,3643,79,3,29.8,39.2,,run
2026-09-18T07:40:42+03:00,1789706442,3648,79,3,29.8,42.6,,run
2026-09-18T07:40:47+03:00,1789706447,3653,79,3,29.8,47.0,,run
2026-09-18T07:40:53+03:00,1789706453,3659,79,3,29.8,40.8,,run
2026-09-18T07:40:58+03:00,1789706458,3664,79,3,29.8,39.8,,run
2026-09-18T07:41:03+03:00,1789706463,3669,79,3,29.8,38.9,,run
2026-09-18T07:41:08+03:00,1789706468,3674,79,3,29.8,39.8,,run
2026-09-18T07:41:13+03:00,1789706473,3679,79,3,29.8,39.8,,run
2026-09-18T07:41:19+03:00,1789706479,3685,79,3,29.8,39.2,,run
2026-09-18T07:41:24+03:00,1789706484,3690,79,3,29.8,38.6,,run
2026-09-18T07:41:29+03:00,1789706489,3695,79,3,29.8,38.6,,run
2026-09-18T07:41:34+03:00,1789706494,3700,79,3,29.8,38.3,,run
2026-09-18T07:41:40+03:00,1789706499,3705,79,3,29.8,39.5,,run
2026-09-18T07:41:45+03:00,1789706505,3711,79,3,29.8,38.6,,run
2026-09-18T07:41:50+03:00,1789706510,3716,79,3,29.8,39.5,,run
2026-09-18T07:41:55+03:00,1789706515,3721,79,3,29.8,38.9,,run
2026-09-18T07:42:00+03:00,1789706520,3726,79,3,29.8,49.1,,run
2026-09-18T07:42:06+03:00,1789706526,3732,79,3,29.8,42.0,,run
2026-09-18T07:42:11+03:00,1789706531,3737,79,3,29.8,39.8,,run
2026-09-18T07:42:16+03:00,1789706536,3742,79,3,29.8,39.2,,run
2026-09-18T07:42:22+03:00,1789706542,3748,79,3,29.8,39.8,,run
2026-09-18T07:42:27+03:00,1789706547,3753,79,3,29.8,38.3,,run
2026-09-18T07:42:32+03:00,1789706552,3758,79,3,29.8,38.3,,run
2026-09-18T07:42:37+03:00,1789706557,3763,79,3,29.8,37.7,,run
2026-09-18T07:42:43+03:00,1789706563,3769,79,3,29.8,49.1,,run
2026-09-18T07:42:48+03:00,1789706568,3774,79,3,29.8,42.0,,run
2026-09-18T07:42:53+03:00,1789706573,3779,79,3,29.8,39.2,,run
2026-09-18T07:42:59+03:00,1789706579,3785,79,3,29.8,39.5,,run
2026-09-18T07:43:04+03:00,1789706584,3790,79,3,29.8,39.8,,run
2026-09-18T07:43:09+03:00,1789706589,3795,79,3,29.8,38.9,,run
2026-09-18T07:43:14+03:00,1789706594,3800,79,3,29.8,39.2,,run
2026-09-18T07:43:19+03:00,1789706599,3805,79,3,29.8,38.6,,run
2026-09-18T07:43:25+03:00,1789706605,3811,79,3,29.8,39.2,,run
2026-09-18T07:43:30+03:00,1789706610,3816,79,3,29.8,39.5,,run
2026-09-18T07:43:35+03:00,1789706615,3821,79,3,29.8,39.5,,run
2026-09-18T07:43:40+03:00,1789706620,3826,79,3,29.8,39.2,,run
2026-09-18T07:43:46+03:00,1789706626,3832,79,3,29.8,39.2,,run
2026-09-18T07:43:51+03:00,1789706631,3837,79,3,29.8,39.5,,run
2026-09-18T07:43:56+03:00,1789706636,3842,79,3,29.8,39.5,,run
2026-09-18T07:44:01+03:00,1789706641,3847,79,3,29.8,51.0,,run
2026-09-18T07:44:07+03:00,1789706647,3853,79,3,29.8,40.5,,run
2026-09-18T07:44:12+03:00,1789706652,3858,79,3,29.8,39.8,,run
2026-09-18T07:44:17+03:00,1789706657,3863,79,3,29.8,39.2,,run
2026-09-18T07:44:22+03:00,1789706662,3868,79,3,29.8,40.2,,run
2026-09-18T07:44:28+03:00,1789706668,3874,79,3,29.8,40.2,,run
2026-09-18T07:44:33+03:00,1789706673,3879,79,3,29.8,39.8,,run
2026-09-18T07:44:38+03:00,1789706678,3884,79,3,29.8,38.3,,run
2026-09-18T07:44:43+03:00,1789706683,3889,79,3,29.8,49.4,,run
2026-09-18T07:44:49+03:00,1789706689,3895,79,3,29.8,42.0,,run
2026-09-18T07:44:54+03:00,1789706694,3900,79,3,29.8,39.8,,run
2026-09-18T07:44:59+03:00,1789706699,3905,79,3,29.8,39.2,,run
2026-09-18T07:45:04+03:00,1789706704,3910,79,3,29.8,40.2,,run
2026-09-18T07:45:10+03:00,1789706710,3916,79,3,29.8,39.2,,run
2026-09-18T07:45:15+03:00,1789706715,3921,79,3,29.8,39.2,,run
2026-09-18T07:45:20+03:00,1789706720,3926,79,3,29.8,40.2,,run
2026-09-18T07:45:25+03:00,1789706725,3931,79,3,29.8,38.6,,run
2026-09-18T07:45:31+03:00,1789706731,3937,79,3,29.8,38.9,,run
2026-09-18T07:45:36+03:00,1789706736,3942,79,3,29.8,38.9,,run
2026-09-18T07:45:41+03:00,1789706741,3947,79,3,29.8,38.9,,run
2026-09-18T07:45:46+03:00,1789706746,3952,79,3,29.8,40.2,,run
2026-09-18T07:45:51+03:00,1789706751,3957,79,3,29.8,40.2,,run
2026-09-18T07:45:57+03:00,1789706757,3963,79,3,29.8,39.5,,run
2026-09-18T07:46:02+03:00,1789706762,3968,79,3,29.8,51.3,,run
2026-09-18T07:46:07+03:00,1789706767,3973,79,3,29.8,40.5,,run
2026-09-18T07:46:12+03:00,1789706772,3978,79,3,29.8,39.8,,run
2026-09-18T07:46:18+03:00,1789706778,3984,79,3,29.8,39.8,,run
2026-09-18T07:46:23+03:00,1789706783,3989,79,3,29.8,39.5,,run
2026-09-18T07:46:28+03:00,1789706788,3994,79,3,29.8,39.2,,run
2026-09-18T07:46:33+03:00,1789706793,3999,79,3,29.8,40.2,,run
2026-09-18T07:46:38+03:00,1789706798,4004,79,3,29.8,39.5,,run
2026-09-18T07:46:44+03:00,1789706804,4010,79,3,29.8,48.8,,run
2026-09-18T07:46:49+03:00,1789706809,4015,79,3,29.8,41.7,,run
2026-09-18T07:46:55+03:00,1789706815,4021,79,3,29.8,40.8,,run
2026-09-18T07:47:00+03:00,1789706820,4026,79,3,29.8,39.5,,run
2026-09-18T07:47:05+03:00,1789706825,4031,79,3,29.8,39.8,,run
2026-09-18T07:47:10+03:00,1789706830,4036,79,3,29.8,39.8,,run
2026-09-18T07:47:15+03:00,1789706835,4041,79,3,29.8,39.5,,run
2026-09-18T07:47:21+03:00,1789706841,4047,79,3,29.8,39.8,,run
2026-09-18T07:47:26+03:00,1789706846,4052,79,3,29.8,40.2,,run
2026-09-18T07:47:31+03:00,1789706851,4057,78,3,29.9,39.5,,run
2026-09-18T07:47:36+03:00,1789706856,4062,78,3,29.9,39.5,,run
2026-09-18T07:47:42+03:00,1789706862,4068,78,3,29.9,38.6,,run
2026-09-18T07:47:47+03:00,1789706867,4073,78,3,29.9,39.8,,run
2026-09-18T07:47:52+03:00,1789706872,4078,78,3,29.9,38.6,,run
2026-09-18T07:47:57+03:00,1789706877,4083,78,3,29.9,38.9,,run
2026-09-18T07:48:02+03:00,1789706882,4088,78,3,29.9,48.5,,run
2026-09-18T07:48:08+03:00,1789706888,4094,78,3,29.9,42.0,,run
2026-09-18T07:48:13+03:00,1789706893,4099,78,3,29.9,39.5,,run
2026-09-18T07:48:18+03:00,1789706898,4104,78,3,29.9,39.2,,run
2026-09-18T07:48:23+03:00,1789706903,4109,78,3,29.9,39.2,,run
2026-09-18T07:48:29+03:00,1789706909,4115,78,3,29.9,38.9,,run
2026-09-18T07:48:34+03:00,1789706914,4120,78,3,29.9,38.3,,run
2026-09-18T07:48:39+03:00,1789706919,4125,78,3,29.9,38.9,,run
2026-09-18T07:48:44+03:00,1789706924,4130,78,3,29.9,51.3,,run
2026-09-18T07:48:50+03:00,1789706930,4136,78,3,29.9,41.7,,run
2026-09-18T07:48:55+03:00,1789706935,4141,78,3,29.9,40.2,,run
2026-09-18T07:49:00+03:00,1789706940,4146,78,3,29.9,39.5,,run
2026-09-18T07:49:05+03:00,1789706945,4151,78,3,29.9,39.5,,run
2026-09-18T07:49:11+03:00,1789706951,4157,78,3,29.9,39.5,,run
2026-09-18T07:49:16+03:00,1789706956,4162,78,3,29.9,39.5,,run
2026-09-18T07:49:21+03:00,1789706961,4167,78,3,29.9,40.2,,run
2026-09-18T07:49:26+03:00,1789706966,4172,78,3,29.9,38.9,,run
2026-09-18T07:49:32+03:00,1789706972,4178,78,3,29.9,38.9,,run
2026-09-18T07:49:37+03:00,1789706977,4183,78,3,29.9,39.5,,run
2026-09-18T07:49:42+03:00,1789706982,4188,78,3,29.9,39.5,,run
2026-09-18T07:49:47+03:00,1789706987,4193,78,3,29.9,38.3,,run
2026-09-18T07:49:52+03:00,1789706992,4198,78,3,29.9,38.9,,run
2026-09-18T07:49:58+03:00,1789706998,4204,78,3,29.9,39.5,,run
2026-09-18T07:50:03+03:00,1789707003,4209,78,3,29.9,47.9,,run
2026-09-18T07:50:08+03:00,1789707008,4214,78,3,29.9,41.1,,run
2026-09-18T07:50:13+03:00,1789707013,4219,78,3,29.9,39.8,,run
2026-09-18T07:50:19+03:00,1789707019,4225,78,3,29.9,39.8,,run
2026-09-18T07:50:24+03:00,1789707024,4230,78,3,29.9,39.8,,run
2026-09-18T07:50:29+03:00,1789707029,4235,78,3,29.9,38.6,,run
2026-09-18T07:50:34+03:00,1789707034,4240,78,3,29.9,38.0,,run
2026-09-18T07:50:39+03:00,1789707039,4245,78,3,29.9,38.6,,run
2026-09-18T07:50:45+03:00,1789707045,4251,78,3,29.9,50.1,,run
2026-09-18T07:50:50+03:00,1789707050,4256,78,3,29.9,41.1,,run
2026-09-18T07:50:55+03:00,1789707055,4261,78,3,29.9,39.8,,run
2026-09-18T07:51:01+03:00,1789707061,4267,78,3,29.9,40.2,,run
2026-09-18T07:51:06+03:00,1789707066,4272,78,3,29.9,39.8,,run
2026-09-18T07:51:11+03:00,1789707071,4277,78,3,29.9,38.9,,run
2026-09-18T07:51:16+03:00,1789707076,4282,78,3,29.9,40.2,,run
2026-09-18T07:51:21+03:00,1789707081,4287,78,3,29.9,38.9,,run
2026-09-18T07:51:27+03:00,1789707087,4293,78,3,29.9,39.8,,run
2026-09-18T07:51:32+03:00,1789707092,4298,78,3,29.9,39.2,,run
2026-09-18T07:51:37+03:00,1789707097,4303,78,3,29.9,39.2,,run
2026-09-18T07:51:42+03:00,1789707102,4308,78,3,29.9,39.8,,run
2026-09-18T07:51:48+03:00,1789707108,4314,78,3,29.9,38.9,,run
2026-09-18T07:51:53+03:00,1789707113,4319,78,3,29.9,38.3,,run
2026-09-18T07:51:58+03:00,1789707118,4324,78,3,29.9,42.3,,run
2026-09-18T07:52:03+03:00,1789707123,4329,78,3,29.9,50.4,,run
2026-09-18T07:52:08+03:00,1789707128,4334,78,3,29.9,43.6,,run
2026-09-18T07:52:14+03:00,1789707134,4340,78,3,29.9,39.5,,run
2026-09-18T07:52:19+03:00,1789707139,4345,78,3,29.9,39.2,,run
2026-09-18T07:52:24+03:00,1789707144,4350,78,3,29.9,41.7,,run
2026-09-18T07:52:29+03:00,1789707149,4355,78,3,29.9,44.5,,run
2026-09-18T07:52:35+03:00,1789707155,4361,78,3,29.9,39.8,,run
2026-09-18T07:52:40+03:00,1789707160,4366,78,3,29.9,40.2,,run
2026-09-18T07:52:45+03:00,1789707165,4371,78,3,29.9,39.2,,run
2026-09-18T07:52:50+03:00,1789707170,4376,78,3,29.9,39.5,,run
2026-09-18T07:52:56+03:00,1789707176,4382,78,3,29.9,38.6,,run
2026-09-18T07:53:01+03:00,1789707181,4387,78,3,29.9,39.8,,run
2026-09-18T07:53:06+03:00,1789707186,4392,78,3,29.9,42.3,,run
2026-09-18T07:53:11+03:00,1789707191,4397,78,3,29.9,40.8,,run
2026-09-18T07:53:16+03:00,1789707196,4402,78,3,29.9,40.2,,run
2026-09-18T07:53:22+03:00,1789707202,4408,78,3,29.9,40.2,,run
2026-09-18T07:53:27+03:00,1789707207,4413,78,3,29.9,39.2,,run
2026-09-18T07:53:32+03:00,1789707212,4418,78,3,29.9,39.2,,run
2026-09-18T07:53:37+03:00,1789707217,4423,78,3,29.8,38.9,,run
2026-09-18T07:53:43+03:00,1789707223,4429,78,3,29.8,52.2,,run
2026-09-18T07:53:48+03:00,1789707228,4434,78,3,29.8,40.2,,run
2026-09-18T07:53:53+03:00,1789707233,4439,78,3,29.8,39.8,,run
2026-09-18T07:53:58+03:00,1789707238,4444,78,3,29.8,39.5,,run
2026-09-18T07:54:04+03:00,1789707244,4450,78,3,29.8,39.2,,run
2026-09-18T07:54:09+03:00,1789707249,4455,78,3,29.8,39.8,,run
2026-09-18T07:54:14+03:00,1789707254,4460,78,3,29.8,38.3,,run
2026-09-18T07:54:19+03:00,1789707259,4465,78,3,29.8,38.9,,run
2026-09-18T07:54:25+03:00,1789707265,4471,78,3,29.8,48.2,,run
2026-09-18T07:54:30+03:00,1789707270,4476,78,3,29.8,42.3,,run
2026-09-18T07:54:35+03:00,1789707275,4481,78,3,29.8,39.8,,run
2026-09-18T07:54:40+03:00,1789707280,4486,78,3,29.8,39.8,,run
2026-09-18T07:54:46+03:00,1789707286,4492,78,3,29.8,40.2,,run
2026-09-18T07:54:51+03:00,1789707291,4497,78,3,29.8,39.5,,run
2026-09-18T07:54:56+03:00,1789707296,4502,78,3,29.8,39.5,,run
2026-09-18T07:55:01+03:00,1789707301,4507,78,3,29.8,39.2,,run
2026-09-18T07:55:07+03:00,1789707307,4513,78,3,29.8,38.9,,run
2026-09-18T07:55:12+03:00,1789707312,4518,78,3,29.8,38.9,,run
2026-09-18T07:55:17+03:00,1789707317,4523,78,3,29.8,39.2,,run
2026-09-18T07:55:22+03:00,1789707322,4528,78,3,29.8,38.6,,run
2026-09-18T07:55:27+03:00,1789707327,4533,78,3,29.8,39.5,,run
2026-09-18T07:55:33+03:00,1789707333,4539,78,3,29.8,38.9,,run
2026-09-18T07:55:38+03:00,1789707338,4544,78,3,29.8,39.2,,run
2026-09-18T07:55:43+03:00,1789707343,4549,78,3,29.8,49.4,,run
2026-09-18T07:55:48+03:00,1789707348,4554,78,3,29.8,40.8,,run
2026-09-18T07:55:54+03:00,1789707354,4560,78,3,29.8,40.2,,run
2026-09-18T07:55:59+03:00,1789707359,4565,78,3,29.8,38.6,,run
2026-09-18T07:56:04+03:00,1789707364,4570,78,3,29.8,38.6,,run
2026-09-18T07:56:09+03:00,1789707369,4575,78,3,29.8,39.2,,run
2026-09-18T07:56:15+03:00,1789707375,4581,78,3,29.8,38.3,,run
2026-09-18T07:56:20+03:00,1789707380,4586,78,3,29.8,38.3,,run
2026-09-18T07:56:25+03:00,1789707385,4591,78,3,29.8,47.6,,run
2026-09-18T07:56:31+03:00,1789707391,4597,78,3,29.8,42.3,,run
2026-09-18T07:56:36+03:00,1789707396,4602,78,3,29.8,40.2,,run
2026-09-18T07:56:41+03:00,1789707401,4607,78,3,29.8,40.5,,run
2026-09-18T07:56:46+03:00,1789707406,4612,78,3,29.8,40.2,,run
2026-09-18T07:56:51+03:00,1789707411,4617,78,3,29.8,39.2,,run
2026-09-18T07:56:57+03:00,1789707417,4623,78,3,29.8,40.2,,run
2026-09-18T07:57:02+03:00,1789707422,4628,78,3,29.8,39.5,,run
2026-09-18T07:57:07+03:00,1789707427,4633,78,3,29.8,40.2,,run
2026-09-18T07:57:12+03:00,1789707432,4638,78,3,29.8,39.2,,run
2026-09-18T07:57:17+03:00,1789707437,4643,78,3,29.8,39.5,,run
2026-09-18T07:57:23+03:00,1789707443,4649,78,3,29.8,39.2,,run
2026-09-18T07:57:28+03:00,1789707448,4654,78,3,29.8,38.9,,run
2026-09-18T07:57:33+03:00,1789707453,4659,78,3,29.8,38.9,,run
2026-09-18T07:57:38+03:00,1789707458,4664,78,3,29.8,38.9,,run
2026-09-18T07:57:44+03:00,1789707464,4670,78,3,29.8,49.7,,run
2026-09-18T07:57:49+03:00,1789707469,4675,78,3,29.8,42.9,,run
2026-09-18T07:57:54+03:00,1789707474,4680,78,3,29.8,42.0,,run
2026-09-18T07:57:59+03:00,1789707479,4685,78,3,29.8,38.6,,run
2026-09-18T07:58:05+03:00,1789707485,4691,78,3,29.8,39.5,,run
2026-09-18T07:58:10+03:00,1789707490,4696,78,3,29.8,39.2,,run
2026-09-18T07:58:15+03:00,1789707495,4701,78,3,29.8,38.9,,run
2026-09-18T07:58:20+03:00,1789707500,4706,78,3,29.8,39.2,,run
2026-09-18T07:58:25+03:00,1789707505,4711,78,3,29.8,49.4,,run
2026-09-18T07:58:31+03:00,1789707511,4717,78,3,29.8,42.0,,run
2026-09-18T07:58:36+03:00,1789707516,4722,78,3,29.8,40.5,,run
2026-09-18T07:58:41+03:00,1789707521,4727,78,3,29.8,38.6,,run
2026-09-18T07:58:46+03:00,1789707526,4732,78,3,29.8,39.2,,run
2026-09-18T07:58:52+03:00,1789707532,4738,78,3,29.8,39.2,,run
2026-09-18T07:58:57+03:00,1789707537,4743,78,3,29.8,40.2,,run
2026-09-18T07:59:02+03:00,1789707542,4748,78,3,29.8,38.6,,run
2026-09-18T07:59:07+03:00,1789707547,4753,78,3,29.8,40.2,,run
2026-09-18T07:59:13+03:00,1789707553,4759,78,3,29.8,38.9,,run
2026-09-18T07:59:18+03:00,1789707558,4764,77,3,29.9,39.2,,run
2026-09-18T07:59:23+03:00,1789707563,4769,77,3,29.9,39.5,,run
2026-09-18T07:59:28+03:00,1789707568,4774,77,3,29.9,39.5,,run
2026-09-18T07:59:33+03:00,1789707573,4779,77,3,29.9,38.3,,run
2026-09-18T07:59:39+03:00,1789707579,4785,77,3,29.9,38.6,,run
2026-09-18T07:59:44+03:00,1789707584,4790,77,3,29.9,48.2,,run
2026-09-18T07:59:49+03:00,1789707589,4795,77,3,29.9,41.1,,run
2026-09-18T07:59:54+03:00,1789707594,4800,77,3,29.9,39.8,,run
2026-09-18T08:00:00+03:00,1789707600,4806,77,3,29.9,40.2,,run
2026-09-18T08:00:05+03:00,1789707605,4811,77,3,29.9,38.9,,run
2026-09-18T08:00:10+03:00,1789707610,4816,77,3,29.9,38.3,,run
2026-09-18T08:00:15+03:00,1789707615,4821,77,3,29.9,38.0,,run
2026-09-18T08:00:21+03:00,1789707621,4827,77,3,29.9,38.0,,run
2026-09-18T08:00:26+03:00,1789707626,4832,77,3,29.9,49.4,,run
2026-09-18T08:00:31+03:00,1789707631,4837,77,3,29.9,41.1,,run
2026-09-18T08:00:37+03:00,1789707637,4843,77,3,29.9,40.2,,run
2026-09-18T08:00:42+03:00,1789707642,4848,77,3,29.9,39.5,,run
2026-09-18T08:00:47+03:00,1789707647,4853,77,3,29.9,39.2,,run
2026-09-18T08:00:52+03:00,1789707652,4858,77,3,29.9,38.9,,run
2026-09-18T08:00:57+03:00,1789707657,4863,77,3,29.9,39.5,,run
2026-09-18T08:01:03+03:00,1789707663,4869,77,3,29.9,39.8,,run
2026-09-18T08:01:08+03:00,1789707668,4874,77,3,29.9,40.2,,run
2026-09-18T08:01:13+03:00,1789707673,4879,77,3,29.9,38.3,,run
2026-09-18T08:01:18+03:00,1789707678,4884,77,3,29.9,39.2,,run
2026-09-18T08:01:24+03:00,1789707684,4890,77,3,29.9,39.2,,run
2026-09-18T08:01:29+03:00,1789707689,4895,77,3,29.9,39.5,,run
2026-09-18T08:01:34+03:00,1789707694,4900,77,3,29.9,38.9,,run
2026-09-18T08:01:39+03:00,1789707699,4905,77,3,29.9,39.5,,run
2026-09-18T08:01:44+03:00,1789707704,4910,77,3,29.9,50.4,,run
2026-09-18T08:01:50+03:00,1789707710,4916,77,3,29.9,40.2,,run
2026-09-18T08:01:55+03:00,1789707715,4921,77,3,29.9,41.4,,run
2026-09-18T08:02:00+03:00,1789707720,4926,77,3,29.9,40.2,,run
2026-09-18T08:02:05+03:00,1789707725,4931,77,3,29.9,39.2,,run
2026-09-18T08:02:11+03:00,1789707731,4937,77,3,29.9,38.0,,run
2026-09-18T08:02:16+03:00,1789707736,4942,77,3,29.9,38.9,,run
2026-09-18T08:02:21+03:00,1789707741,4947,77,3,29.9,39.2,,run
2026-09-18T08:02:26+03:00,1789707746,4952,77,3,29.9,52.8,,run
2026-09-18T08:02:32+03:00,1789707752,4958,77,3,29.9,41.1,,run
2026-09-18T08:02:37+03:00,1789707757,4963,77,3,29.9,39.8,,run
2026-09-18T08:02:42+03:00,1789707762,4968,77,3,29.9,40.2,,run
2026-09-18T08:02:47+03:00,1789707767,4973,77,3,29.9,40.2,,run
2026-09-18T08:02:53+03:00,1789707773,4979,77,3,29.9,38.9,,run
2026-09-18T08:02:58+03:00,1789707778,4984,77,3,29.9,39.8,,run
2026-09-18T08:03:03+03:00,1789707783,4989,77,3,29.9,40.2,,run
2026-09-18T08:03:08+03:00,1789707788,4994,77,3,29.9,38.6,,run
2026-09-18T08:03:14+03:00,1789707794,5000,77,3,29.9,39.8,,run
2026-09-18T08:03:19+03:00,1789707799,5005,77,3,29.9,38.9,,run
2026-09-18T08:03:24+03:00,1789707804,5010,77,3,29.9,40.2,,run
2026-09-18T08:03:29+03:00,1789707809,5015,77,3,29.9,39.5,,run
2026-09-18T08:03:34+03:00,1789707814,5020,77,3,29.8,39.5,,run
2026-09-18T08:03:40+03:00,1789707820,5026,77,3,29.8,38.6,,run
2026-09-18T08:03:45+03:00,1789707825,5031,77,3,29.8,49.4,,run
2026-09-18T08:03:50+03:00,1789707830,5036,77,3,29.8,44.2,,run
2026-09-18T08:03:55+03:00,1789707835,5041,77,3,29.8,39.2,,run
2026-09-18T08:04:01+03:00,1789707841,5047,77,3,29.8,39.8,,run
2026-09-18T08:04:06+03:00,1789707846,5052,77,3,29.8,40.5,,run
2026-09-18T08:04:11+03:00,1789707851,5057,77,3,29.8,44.2,,run
2026-09-18T08:04:16+03:00,1789707856,5062,77,3,29.8,40.8,,run
2026-09-18T08:04:22+03:00,1789707862,5068,77,3,29.8,39.2,,run
2026-09-18T08:04:27+03:00,1789707867,5073,77,3,29.8,39.2,,run
2026-09-18T08:04:32+03:00,1789707872,5078,77,3,29.8,39.2,,run
2026-09-18T08:04:37+03:00,1789707877,5083,77,3,29.8,41.4,,run
2026-09-18T08:04:42+03:00,1789707882,5088,77,3,29.8,38.9,,run
2026-09-18T08:04:48+03:00,1789707888,5094,77,3,29.8,39.2,,run
2026-09-18T08:04:53+03:00,1789707893,5099,77,3,29.8,39.2,,run
2026-09-18T08:04:58+03:00,1789707898,5104,77,3,29.8,38.9,,run
2026-09-18T08:05:03+03:00,1789707903,5109,77,3,29.8,38.9,,run
2026-09-18T08:05:09+03:00,1789707909,5115,77,3,29.8,38.6,,run
2026-09-18T08:05:14+03:00,1789707914,5120,77,3,29.8,39.5,,run
2026-09-18T08:05:19+03:00,1789707919,5125,77,3,29.8,39.5,,run
2026-09-18T08:05:24+03:00,1789707924,5130,77,3,29.8,47.6,,run
2026-09-18T08:05:30+03:00,1789707930,5136,77,3,29.8,41.4,,run
2026-09-18T08:05:35+03:00,1789707935,5141,77,3,29.8,40.2,,run
2026-09-18T08:05:40+03:00,1789707940,5146,77,3,29.8,38.9,,run
2026-09-18T08:05:45+03:00,1789707945,5151,77,3,29.8,38.9,,run
2026-09-18T08:05:51+03:00,1789707951,5157,77,3,29.8,38.3,,run
2026-09-18T08:05:56+03:00,1789707956,5162,77,3,29.8,39.5,,run
2026-09-18T08:06:01+03:00,1789707961,5167,77,3,29.8,38.6,,run
2026-09-18T08:06:06+03:00,1789707966,5172,77,3,29.8,40.5,,run
2026-09-18T08:06:12+03:00,1789707972,5178,77,3,29.8,47.0,,run
2026-09-18T08:06:17+03:00,1789707977,5183,77,3,29.8,40.2,,run
2026-09-18T08:06:22+03:00,1789707982,5188,77,3,29.8,39.8,,run
2026-09-18T08:06:27+03:00,1789707987,5193,77,3,29.8,38.9,,run
2026-09-18T08:06:32+03:00,1789707992,5198,77,3,29.8,39.5,,run
2026-09-18T08:06:38+03:00,1789707998,5204,77,3,29.8,38.9,,run
2026-09-18T08:06:43+03:00,1789708003,5209,77,3,29.8,39.5,,run
2026-09-18T08:06:48+03:00,1789708008,5214,77,3,29.8,38.9,,run
2026-09-18T08:06:53+03:00,1789708013,5219,77,3,29.8,38.9,,run
2026-09-18T08:06:58+03:00,1789708018,5224,77,3,29.8,38.6,,run
2026-09-18T08:07:04+03:00,1789708024,5230,77,3,29.8,38.9,,run
2026-09-18T08:07:09+03:00,1789708029,5235,77,3,29.8,41.4,,run
2026-09-18T08:07:14+03:00,1789708034,5240,77,3,29.8,40.2,,run
2026-09-18T08:07:19+03:00,1789708039,5245,77,3,29.8,38.9,,run
2026-09-18T08:07:25+03:00,1789708045,5251,77,3,29.8,47.9,,run
2026-09-18T08:07:30+03:00,1789708050,5256,77,3,29.8,40.8,,run
2026-09-18T08:07:35+03:00,1789708055,5261,77,3,29.8,40.8,,run
2026-09-18T08:07:40+03:00,1789708060,5266,77,3,29.8,39.5,,run
2026-09-18T08:07:46+03:00,1789708066,5272,77,3,29.8,39.2,,run
2026-09-18T08:07:51+03:00,1789708071,5277,77,3,29.8,39.5,,run
2026-09-18T08:07:56+03:00,1789708076,5282,77,3,29.8,38.3,,run
2026-09-18T08:08:01+03:00,1789708081,5287,77,3,29.8,38.6,,run
2026-09-18T08:08:07+03:00,1789708087,5293,77,3,29.8,40.8,,run
2026-09-18T08:08:12+03:00,1789708092,5298,77,3,29.8,43.6,,run
2026-09-18T08:08:17+03:00,1789708097,5303,77,3,29.8,40.5,,run
2026-09-18T08:08:22+03:00,1789708102,5308,77,3,29.8,39.8,,run
2026-09-18T08:08:28+03:00,1789708108,5314,77,3,29.8,39.5,,run
2026-09-18T08:08:33+03:00,1789708113,5319,77,3,29.8,38.9,,run
2026-09-18T08:08:38+03:00,1789708118,5324,77,3,29.8,38.9,,run
2026-09-18T08:08:43+03:00,1789708123,5329,77,3,29.8,39.5,,run
2026-09-18T08:08:48+03:00,1789708128,5334,77,3,29.8,38.6,,run
2026-09-18T08:08:54+03:00,1789708134,5340,77,3,29.8,39.5,,run
2026-09-18T08:08:59+03:00,1789708139,5345,77,3,29.8,38.6,,run
2026-09-18T08:09:04+03:00,1789708144,5350,77,3,29.8,38.6,,run
2026-09-18T08:09:09+03:00,1789708149,5355,77,3,29.8,38.6,,run
2026-09-18T08:09:14+03:00,1789708154,5360,77,3,29.8,38.9,,run
2026-09-18T08:09:20+03:00,1789708160,5366,77,3,29.8,39.5,,run
2026-09-18T08:09:25+03:00,1789708165,5371,77,3,29.8,49.7,,run
2026-09-18T08:09:30+03:00,1789708170,5376,77,3,29.8,41.1,,run
2026-09-18T08:09:36+03:00,1789708176,5382,77,3,29.8,40.2,,run
2026-09-18T08:09:41+03:00,1789708181,5387,77,3,29.8,39.5,,run
2026-09-18T08:09:46+03:00,1789708186,5392,77,3,29.8,39.5,,run
2026-09-18T08:09:51+03:00,1789708191,5397,77,3,29.8,46.7,,run
2026-09-18T08:09:56+03:00,1789708196,5402,77,3,29.8,40.2,,run
2026-09-18T08:10:02+03:00,1789708202,5408,77,3,29.8,39.5,,run
2026-09-18T08:10:07+03:00,1789708207,5413,77,3,29.8,39.8,,run
2026-09-18T08:10:12+03:00,1789708212,5418,77,3,29.8,39.5,,run
2026-09-18T08:10:17+03:00,1789708217,5423,77,3,29.8,39.5,,run
2026-09-18T08:10:23+03:00,1789708223,5429,77,3,29.8,39.2,,run
2026-09-18T08:10:28+03:00,1789708228,5434,77,3,29.8,38.6,,run
2026-09-18T08:10:33+03:00,1789708233,5439,77,3,29.8,38.3,,run
2026-09-18T08:10:38+03:00,1789708238,5444,77,3,29.8,39.5,,run
2026-09-18T08:10:43+03:00,1789708243,5449,77,3,29.8,40.2,,run
2026-09-18T08:10:49+03:00,1789708249,5455,77,3,29.8,39.2,,run
2026-09-18T08:10:54+03:00,1789708254,5460,77,3,29.8,39.5,,run
2026-09-18T08:10:59+03:00,1789708259,5465,77,3,29.8,39.5,,run
2026-09-18T08:11:04+03:00,1789708264,5470,77,3,29.8,47.3,,run
2026-09-18T08:11:10+03:00,1789708270,5476,77,3,29.8,40.8,,run
2026-09-18T08:11:15+03:00,1789708275,5481,77,3,29.8,39.8,,run
2026-09-18T08:11:20+03:00,1789708280,5486,77,3,29.8,40.2,,run
2026-09-18T08:11:25+03:00,1789708285,5491,77,3,29.8,39.8,,run
2026-09-18T08:11:31+03:00,1789708291,5497,77,3,29.8,39.2,,run
2026-09-18T08:11:36+03:00,1789708296,5502,77,3,29.8,39.5,,run
2026-09-18T08:11:41+03:00,1789708301,5507,77,3,29.8,38.0,,run
2026-09-18T08:11:46+03:00,1789708306,5512,77,3,29.8,40.2,,run
2026-09-18T08:11:52+03:00,1789708312,5518,77,3,29.8,48.2,,run
2026-09-18T08:11:57+03:00,1789708317,5523,77,3,29.8,40.2,,run
2026-09-18T08:12:02+03:00,1789708322,5528,77,3,29.8,39.8,,run
2026-09-18T08:12:07+03:00,1789708327,5533,76,3,29.9,40.5,,run
2026-09-18T08:12:13+03:00,1789708333,5539,76,3,29.9,39.8,,run
2026-09-18T08:12:18+03:00,1789708338,5544,76,3,29.9,39.5,,run
2026-09-18T08:12:23+03:00,1789708343,5549,76,3,29.9,39.5,,run
2026-09-18T08:12:28+03:00,1789708348,5554,76,3,29.9,39.2,,run
2026-09-18T08:12:33+03:00,1789708353,5559,76,3,29.9,40.2,,run
2026-09-18T08:12:39+03:00,1789708359,5565,76,3,29.9,39.2,,run
2026-09-18T08:12:44+03:00,1789708364,5570,76,3,29.9,38.6,,run
2026-09-18T08:12:49+03:00,1789708369,5575,76,3,29.9,39.5,,run
2026-09-18T08:12:54+03:00,1789708374,5580,76,3,29.9,39.8,,run
2026-09-18T08:13:00+03:00,1789708380,5586,76,3,29.9,39.5,,run
2026-09-18T08:13:05+03:00,1789708385,5591,76,3,29.9,48.8,,run
2026-09-18T08:13:10+03:00,1789708390,5596,76,3,29.9,42.0,,run
2026-09-18T08:13:15+03:00,1789708395,5601,76,3,29.9,39.8,,run
2026-09-18T08:13:21+03:00,1789708401,5607,76,3,29.9,38.9,,run
2026-09-18T08:13:26+03:00,1789708406,5612,76,3,29.9,39.2,,run
2026-09-18T08:13:31+03:00,1789708411,5617,76,3,29.9,39.2,,run
2026-09-18T08:13:36+03:00,1789708416,5622,76,3,29.8,38.6,,run
2026-09-18T08:13:42+03:00,1789708422,5628,76,3,29.8,38.9,,run
2026-09-18T08:13:47+03:00,1789708427,5633,76,3,29.8,49.4,,run
2026-09-18T08:13:52+03:00,1789708432,5638,76,3,29.8,43.2,,run
2026-09-18T08:13:58+03:00,1789708438,5644,76,3,29.8,40.2,,run
2026-09-18T08:14:03+03:00,1789708443,5649,76,3,29.8,39.8,,run
2026-09-18T08:14:08+03:00,1789708448,5654,76,3,29.8,39.5,,run
2026-09-18T08:14:13+03:00,1789708453,5659,76,3,29.8,40.2,,run
2026-09-18T08:14:18+03:00,1789708458,5664,76,3,29.8,38.9,,run
2026-09-18T08:14:24+03:00,1789708464,5670,76,3,29.8,39.5,,run
2026-09-18T08:14:29+03:00,1789708469,5675,76,3,29.8,40.8,,run
2026-09-18T08:14:34+03:00,1789708474,5680,76,3,29.8,39.5,,run
2026-09-18T08:14:39+03:00,1789708479,5685,76,3,29.8,38.6,,run
2026-09-18T08:14:45+03:00,1789708485,5691,76,3,29.8,39.5,,run
2026-09-18T08:14:50+03:00,1789708490,5696,76,3,29.8,39.2,,run
2026-09-18T08:14:55+03:00,1789708495,5701,76,3,29.8,39.8,,run
2026-09-18T08:15:00+03:00,1789708500,5706,76,3,29.8,39.2,,run
2026-09-18T08:15:05+03:00,1789708505,5711,76,3,29.8,50.1,,run
2026-09-18T08:15:11+03:00,1789708511,5717,76,3,29.8,40.5,,run
2026-09-18T08:15:16+03:00,1789708516,5722,76,3,29.8,40.2,,run
2026-09-18T08:15:21+03:00,1789708521,5727,76,3,29.8,39.8,,run
2026-09-18T08:15:27+03:00,1789708527,5733,76,3,29.8,39.5,,run
2026-09-18T08:15:32+03:00,1789708532,5738,76,3,29.8,38.6,,run
2026-09-18T08:15:37+03:00,1789708537,5743,76,3,29.8,39.5,,run
2026-09-18T08:15:42+03:00,1789708542,5748,76,3,29.8,38.3,,run
2026-09-18T08:15:48+03:00,1789708548,5754,76,3,29.8,49.1,,run
2026-09-18T08:15:53+03:00,1789708553,5759,76,3,29.8,43.2,,run
2026-09-18T08:15:58+03:00,1789708558,5764,76,3,29.8,40.5,,run
2026-09-18T08:16:04+03:00,1789708564,5770,76,3,29.8,40.8,,run
2026-09-18T08:16:09+03:00,1789708569,5775,76,3,29.8,39.2,,run
2026-09-18T08:16:14+03:00,1789708574,5780,76,3,29.8,39.5,,run
2026-09-18T08:16:19+03:00,1789708579,5785,76,3,29.8,39.8,,run
2026-09-18T08:16:25+03:00,1789708585,5791,76,3,29.8,38.9,,run
2026-09-18T08:16:30+03:00,1789708590,5796,76,3,29.8,38.9,,run
2026-09-18T08:16:35+03:00,1789708595,5801,76,3,29.8,38.3,,run
2026-09-18T08:16:40+03:00,1789708600,5806,76,3,29.8,38.6,,run
2026-09-18T08:16:45+03:00,1789708605,5811,76,3,29.8,38.3,,run
2026-09-18T08:16:51+03:00,1789708611,5817,76,3,29.8,40.8,,run
2026-09-18T08:16:56+03:00,1789708616,5822,76,3,29.8,39.2,,run
2026-09-18T08:17:01+03:00,1789708621,5827,76,3,29.8,43.9,,run
2026-09-18T08:17:06+03:00,1789708626,5832,76,3,29.8,50.4,,run
2026-09-18T08:17:12+03:00,1789708632,5838,76,3,29.8,43.2,,run
2026-09-18T08:17:17+03:00,1789708637,5843,76,3,29.8,39.2,,run
2026-09-18T08:17:22+03:00,1789708642,5848,76,3,29.8,39.5,,run
2026-09-18T08:17:27+03:00,1789708647,5853,76,3,29.8,38.9,,run
2026-09-18T08:17:33+03:00,1789708653,5859,76,3,29.8,50.7,,run
2026-09-18T08:17:38+03:00,1789708658,5864,76,3,29.8,40.8,,run
2026-09-18T08:17:43+03:00,1789708663,5869,76,3,29.8,40.8,,run
2026-09-18T08:17:48+03:00,1789708668,5874,76,3,29.8,40.8,,run
2026-09-18T08:17:53+03:00,1789708673,5879,76,3,29.8,39.5,,run
2026-09-18T08:17:59+03:00,1789708679,5885,76,3,29.8,40.5,,run
2026-09-18T08:18:04+03:00,1789708684,5890,76,3,29.8,39.2,,run
2026-09-18T08:18:09+03:00,1789708689,5895,76,3,29.8,38.9,,run
2026-09-18T08:18:14+03:00,1789708694,5900,76,3,29.8,38.9,,run
2026-09-18T08:18:20+03:00,1789708700,5906,76,3,29.8,38.6,,run
2026-09-18T08:18:25+03:00,1789708705,5911,76,3,29.8,39.8,,run
2026-09-18T08:18:30+03:00,1789708710,5916,76,3,29.8,38.9,,run
2026-09-18T08:18:35+03:00,1789708715,5921,76,3,29.8,39.8,,run
2026-09-18T08:18:40+03:00,1789708720,5926,76,3,29.8,40.2,,run
2026-09-18T08:18:46+03:00,1789708726,5932,76,3,29.8,42.0,,run
2026-09-18T08:18:51+03:00,1789708731,5937,76,3,29.8,42.0,,run
2026-09-18T08:18:56+03:00,1789708736,5942,76,3,29.8,42.3,,run
2026-09-18T08:19:01+03:00,1789708741,5947,76,3,29.8,39.2,,run
2026-09-18T08:19:07+03:00,1789708747,5953,76,3,29.8,38.9,,run
2026-09-18T08:19:12+03:00,1789708752,5958,76,3,29.8,40.2,,run
2026-09-18T08:19:17+03:00,1789708757,5963,76,3,29.8,38.9,,run
2026-09-18T08:19:22+03:00,1789708762,5968,76,3,29.8,38.0,,run
2026-09-18T08:19:27+03:00,1789708767,5973,76,3,29.8,40.2,,run
2026-09-18T08:19:33+03:00,1789708773,5979,76,3,29.8,47.9,,run
2026-09-18T08:19:38+03:00,1789708778,5984,76,3,29.8,42.0,,run
2026-09-18T08:19:43+03:00,1789708783,5989,76,3,29.8,39.8,,run
2026-09-18T08:19:48+03:00,1789708788,5994,76,3,29.8,41.1,,run
2026-09-18T08:19:54+03:00,1789708794,6000,76,3,29.8,39.8,,run
2026-09-18T08:19:59+03:00,1789708799,6005,76,3,29.8,39.2,,run
2026-09-18T08:20:04+03:00,1789708804,6010,76,3,29.8,39.2,,run
2026-09-18T08:20:09+03:00,1789708809,6015,76,3,29.8,39.5,,run
2026-09-18T08:20:15+03:00,1789708815,6021,76,3,29.8,39.5,,run
2026-09-18T08:20:20+03:00,1789708820,6026,76,3,29.8,38.9,,run
2026-09-18T08:20:25+03:00,1789708825,6031,76,3,29.8,39.2,,run
2026-09-18T08:20:30+03:00,1789708830,6036,76,3,29.8,39.5,,run
2026-09-18T08:20:35+03:00,1789708835,6041,76,3,29.8,39.5,,run
2026-09-18T08:20:41+03:00,1789708841,6047,76,3,29.8,39.5,,run
2026-09-18T08:20:46+03:00,1789708846,6052,76,3,29.8,46.3,,run
2026-09-18T08:20:51+03:00,1789708851,6057,76,3,29.8,42.0,,run
2026-09-18T08:20:56+03:00,1789708856,6062,76,3,29.8,41.1,,run
2026-09-18T08:21:02+03:00,1789708862,6068,76,3,29.8,39.2,,run
2026-09-18T08:21:07+03:00,1789708867,6073,76,3,29.8,39.2,,run
2026-09-18T08:21:12+03:00,1789708872,6078,76,3,29.8,39.2,,run
2026-09-18T08:21:17+03:00,1789708877,6083,76,3,29.8,40.8,,run
2026-09-18T08:21:23+03:00,1789708883,6089,76,3,29.8,38.9,,run
2026-09-18T08:21:28+03:00,1789708888,6094,76,3,29.8,39.2,,run
2026-09-18T08:21:33+03:00,1789708893,6099,76,3,29.8,46.0,,run
2026-09-18T08:21:38+03:00,1789708898,6104,76,3,29.8,40.2,,run
2026-09-18T08:21:44+03:00,1789708904,6110,76,3,29.8,39.8,,run
2026-09-18T08:21:49+03:00,1789708909,6115,76,3,29.8,38.9,,run
2026-09-18T08:21:54+03:00,1789708914,6120,76,3,29.8,39.2,,run
2026-09-18T08:21:59+03:00,1789708919,6125,76,3,29.8,41.1,,run
2026-09-18T08:22:04+03:00,1789708924,6130,76,3,29.8,39.5,,run
2026-09-18T08:22:10+03:00,1789708930,6136,76,3,29.8,40.2,,run
2026-09-18T08:22:15+03:00,1789708935,6141,76,3,29.8,38.6,,run
2026-09-18T08:22:20+03:00,1789708940,6146,76,3,29.8,38.9,,run
2026-09-18T08:22:25+03:00,1789708945,6151,76,3,29.8,39.5,,run
2026-09-18T08:22:30+03:00,1789708950,6156,76,3,29.8,39.5,,run
2026-09-18T08:22:36+03:00,1789708956,6162,76,3,29.8,38.6,,run
2026-09-18T08:22:41+03:00,1789708961,6167,76,3,29.8,38.6,,run
2026-09-18T08:22:46+03:00,1789708966,6172,76,3,29.8,49.1,,run
2026-09-18T08:22:52+03:00,1789708972,6178,76,3,29.8,41.7,,run
2026-09-18T08:22:57+03:00,1789708977,6183,76,3,29.8,40.5,,run
2026-09-18T08:23:02+03:00,1789708982,6188,76,3,29.8,39.2,,run
2026-09-18T08:23:07+03:00,1789708987,6193,76,3,29.8,39.2,,run
2026-09-18T08:23:13+03:00,1789708993,6199,76,3,29.8,50.1,,run
2026-09-18T08:23:18+03:00,1789708998,6204,76,3,29.8,40.5,,run
2026-09-18T08:23:23+03:00,1789709003,6209,76,3,29.8,40.5,,run
2026-09-18T08:23:28+03:00,1789709008,6214,76,3,29.8,39.5,,run
2026-09-18T08:23:33+03:00,1789709013,6219,76,3,29.8,39.8,,run
2026-09-18T08:23:39+03:00,1789709019,6225,76,3,29.9,39.5,,run
2026-09-18T08:23:44+03:00,1789709024,6230,76,3,29.9,40.2,,run
2026-09-18T08:23:49+03:00,1789709029,6235,76,3,29.9,39.8,,run
2026-09-18T08:23:54+03:00,1789709034,6240,75,3,29.9,38.9,,run
2026-09-18T08:24:00+03:00,1789709040,6246,75,3,29.9,39.2,,run
2026-09-18T08:24:05+03:00,1789709045,6251,75,3,29.9,39.2,,run
2026-09-18T08:24:10+03:00,1789709050,6256,75,3,29.9,38.3,,run
2026-09-18T08:24:15+03:00,1789709055,6261,75,3,29.9,38.9,,run
2026-09-18T08:24:20+03:00,1789709060,6266,75,3,29.9,39.5,,run
2026-09-18T08:24:26+03:00,1789709066,6272,75,3,29.9,42.0,,run
2026-09-18T08:24:31+03:00,1789709071,6277,75,3,29.9,43.2,,run
2026-09-18T08:24:36+03:00,1789709076,6282,75,3,29.9,41.7,,run
2026-09-18T08:24:41+03:00,1789709081,6287,75,3,29.9,40.2,,run
2026-09-18T08:24:47+03:00,1789709087,6293,75,3,29.9,38.9,,run
2026-09-18T08:24:52+03:00,1789709092,6298,75,3,29.9,51.9,,run
2026-09-18T08:24:57+03:00,1789709097,6303,75,3,29.9,41.7,,run
2026-09-18T08:25:02+03:00,1789709102,6308,75,3,29.9,39.8,,run
2026-09-18T08:25:08+03:00,1789709108,6314,75,3,29.9,38.9,,run
2026-09-18T08:25:13+03:00,1789709113,6319,75,3,29.9,39.5,,run
2026-09-18T08:25:18+03:00,1789709118,6324,75,3,29.9,39.5,,run
2026-09-18T08:25:23+03:00,1789709123,6329,75,3,29.9,38.6,,run
2026-09-18T08:25:29+03:00,1789709129,6335,75,3,29.9,40.2,,run
2026-09-18T08:25:34+03:00,1789709134,6340,75,3,29.9,38.9,,run
2026-09-18T08:25:39+03:00,1789709139,6345,75,3,29.9,39.2,,run
2026-09-18T08:25:44+03:00,1789709144,6350,75,3,29.9,38.6,,run
2026-09-18T08:25:49+03:00,1789709149,6355,75,3,29.9,38.9,,run
2026-09-18T08:25:55+03:00,1789709155,6361,75,3,29.9,38.3,,run
2026-09-18T08:26:00+03:00,1789709160,6366,75,3,29.9,38.3,,run
2026-09-18T08:26:05+03:00,1789709165,6371,75,3,29.9,46.3,,run
2026-09-18T08:26:10+03:00,1789709170,6376,75,3,29.9,48.5,,run
2026-09-18T08:26:16+03:00,1789709176,6382,75,3,29.9,43.6,,run
2026-09-18T08:26:21+03:00,1789709181,6387,75,3,29.9,38.9,,run
2026-09-18T08:26:26+03:00,1789709186,6392,75,3,29.9,39.2,,run
2026-09-18T08:26:31+03:00,1789709191,6397,75,3,29.9,39.5,,run
2026-09-18T08:26:36+03:00,1789709196,6402,75,3,29.9,38.9,,run
2026-09-18T08:26:42+03:00,1789709202,6408,75,3,29.9,38.3,,run
2026-09-18T08:26:47+03:00,1789709207,6413,75,3,29.9,38.6,,run
2026-09-18T08:26:52+03:00,1789709212,6418,75,3,29.9,51.0,,run
2026-09-18T08:26:57+03:00,1789709217,6423,75,3,29.9,40.5,,run
2026-09-18T08:27:03+03:00,1789709223,6429,75,3,29.9,40.2,,run
2026-09-18T08:27:08+03:00,1789709228,6434,75,3,29.9,40.8,,run
2026-09-18T08:27:13+03:00,1789709233,6439,75,3,29.9,39.8,,run
2026-09-18T08:27:18+03:00,1789709238,6444,75,3,29.9,39.8,,run
2026-09-18T08:27:23+03:00,1789709243,6449,75,3,29.9,40.2,,run
2026-09-18T08:27:29+03:00,1789709249,6455,75,3,29.9,38.9,,run
2026-09-18T08:27:34+03:00,1789709254,6460,75,3,29.9,38.9,,run
2026-09-18T08:27:39+03:00,1789709259,6465,75,3,29.9,38.9,,run
2026-09-18T08:27:44+03:00,1789709264,6470,75,3,29.9,38.6,,run
2026-09-18T08:27:50+03:00,1789709270,6476,75,3,29.9,39.8,,run
2026-09-18T08:27:55+03:00,1789709275,6481,75,3,29.9,39.2,,run
2026-09-18T08:28:00+03:00,1789709280,6486,75,3,29.9,38.6,,run
2026-09-18T08:28:05+03:00,1789709285,6491,75,3,29.9,43.6,,run
2026-09-18T08:28:10+03:00,1789709290,6496,75,3,29.9,44.2,,run
2026-09-18T08:28:16+03:00,1789709296,6502,75,3,29.9,44.5,,run
2026-09-18T08:28:21+03:00,1789709301,6507,75,3,29.9,40.5,,run
2026-09-18T08:28:26+03:00,1789709306,6512,75,3,29.9,38.9,,run
2026-09-18T08:28:31+03:00,1789709311,6517,75,3,29.9,40.2,,run
2026-09-18T08:28:37+03:00,1789709317,6523,75,3,29.9,38.6,,run
2026-09-18T08:28:42+03:00,1789709322,6528,75,3,29.9,38.0,,run
2026-09-18T08:28:47+03:00,1789709327,6533,75,3,29.9,38.3,,run
2026-09-18T08:28:52+03:00,1789709332,6538,75,3,29.9,50.1,,run
2026-09-18T08:28:58+03:00,1789709338,6544,75,3,29.9,40.8,,run
2026-09-18T08:29:03+03:00,1789709343,6549,75,3,29.9,40.2,,run
2026-09-18T08:29:08+03:00,1789709348,6554,75,3,29.9,40.8,,run
2026-09-18T08:29:13+03:00,1789709353,6559,75,3,29.9,40.5,,run
2026-09-18T08:29:18+03:00,1789709358,6564,75,3,29.9,38.9,,run
2026-09-18T08:29:24+03:00,1789709364,6570,75,3,29.9,39.5,,run
2026-09-18T08:29:29+03:00,1789709369,6575,75,3,29.9,39.2,,run
2026-09-18T08:29:34+03:00,1789709374,6580,75,3,29.9,38.9,,run
2026-09-18T08:29:39+03:00,1789709379,6585,75,3,29.9,38.9,,run
2026-09-18T08:29:45+03:00,1789709385,6591,75,3,29.9,38.3,,run
2026-09-18T08:29:50+03:00,1789709390,6596,75,3,29.9,40.2,,run
2026-09-18T08:29:55+03:00,1789709395,6601,75,3,29.9,38.9,,run
2026-09-18T08:30:00+03:00,1789709400,6606,75,3,29.9,39.8,,run
2026-09-18T08:30:05+03:00,1789709405,6611,75,3,29.9,48.2,,run
2026-09-18T08:30:11+03:00,1789709411,6617,75,3,29.9,45.1,,run
2026-09-18T08:30:16+03:00,1789709416,6622,75,3,29.9,41.1,,run
2026-09-18T08:30:21+03:00,1789709421,6627,75,3,29.9,38.6,,run
2026-09-18T08:30:26+03:00,1789709426,6632,75,3,29.9,38.6,,run
2026-09-18T08:30:32+03:00,1789709432,6638,75,3,29.9,39.5,,run
2026-09-18T08:30:37+03:00,1789709437,6643,75,3,29.9,39.8,,run
2026-09-18T08:30:42+03:00,1789709442,6648,75,3,29.9,39.2,,run
2026-09-18T08:30:47+03:00,1789709447,6653,75,3,29.9,38.9,,run
2026-09-18T08:30:52+03:00,1789709452,6658,75,3,29.9,51.9,,run
2026-09-18T08:30:58+03:00,1789709458,6664,75,3,29.9,41.1,,run
2026-09-18T08:31:03+03:00,1789709463,6669,75,3,29.9,40.5,,run
2026-09-18T08:31:08+03:00,1789709468,6674,75,3,29.9,40.8,,run
2026-09-18T08:31:13+03:00,1789709473,6679,75,3,29.9,40.5,,run
2026-09-18T08:31:19+03:00,1789709479,6685,75,3,29.9,39.2,,run
2026-09-18T08:31:24+03:00,1789709484,6690,75,3,29.9,39.5,,run
2026-09-18T08:31:29+03:00,1789709489,6695,75,3,29.9,39.2,,run
2026-09-18T08:31:34+03:00,1789709494,6700,75,3,29.9,38.9,,run
2026-09-18T08:31:40+03:00,1789709500,6706,75,3,29.9,38.9,,run
2026-09-18T08:31:45+03:00,1789709505,6711,75,3,29.9,39.5,,run
2026-09-18T08:31:50+03:00,1789709510,6716,75,3,29.9,39.2,,run
2026-09-18T08:31:55+03:00,1789709515,6721,75,3,29.9,38.9,,run
2026-09-18T08:32:00+03:00,1789709520,6726,75,3,29.9,40.2,,run
2026-09-18T08:32:06+03:00,1789709526,6732,75,3,29.9,48.2,,run
2026-09-18T08:32:11+03:00,1789709531,6737,75,3,29.9,46.0,,run
2026-09-18T08:32:16+03:00,1789709536,6742,75,3,29.9,45.4,,run
2026-09-18T08:32:21+03:00,1789709541,6747,75,3,29.9,39.2,,run
2026-09-18T08:32:27+03:00,1789709547,6753,75,3,29.9,38.9,,run
2026-09-18T08:32:32+03:00,1789709552,6758,75,3,29.9,39.5,,run
2026-09-18T08:32:37+03:00,1789709557,6763,75,3,29.9,38.3,,run
2026-09-18T08:32:42+03:00,1789709562,6768,75,3,29.9,38.9,,run
2026-09-18T08:32:47+03:00,1789709567,6773,75,3,29.9,38.0,,run
2026-09-18T08:32:53+03:00,1789709573,6779,75,3,29.9,50.7,,run
2026-09-18T08:32:58+03:00,1789709578,6784,75,3,29.9,41.7,,run
2026-09-18T08:33:03+03:00,1789709583,6789,75,3,29.9,39.8,,run
2026-09-18T08:33:08+03:00,1789709588,6794,75,3,29.9,39.2,,run
2026-09-18T08:33:14+03:00,1789709594,6800,75,3,29.9,39.2,,run
2026-09-18T08:33:19+03:00,1789709599,6805,75,3,29.9,38.6,,run
2026-09-18T08:33:24+03:00,1789709604,6810,75,3,29.9,40.2,,run
2026-09-18T08:33:29+03:00,1789709609,6815,75,3,29.9,39.8,,run
2026-09-18T08:33:34+03:00,1789709614,6820,75,3,29.9,38.6,,run
2026-09-18T08:33:40+03:00,1789709620,6826,75,3,29.9,39.5,,run
2026-09-18T08:33:45+03:00,1789709625,6831,75,3,29.9,39.5,,run
2026-09-18T08:33:50+03:00,1789709630,6836,75,3,29.9,38.6,,run
2026-09-18T08:33:55+03:00,1789709635,6841,75,3,29.9,38.9,,run
2026-09-18T08:34:01+03:00,1789709641,6847,75,3,29.9,39.2,,run
2026-09-18T08:34:06+03:00,1789709646,6852,75,3,29.9,46.7,,run
2026-09-18T08:34:11+03:00,1789709651,6857,75,3,29.9,43.9,,run
2026-09-18T08:34:16+03:00,1789709656,6862,75,3,29.9,42.6,,run
2026-09-18T08:34:21+03:00,1789709661,6867,75,3,29.9,38.9,,run
2026-09-18T08:34:27+03:00,1789709667,6873,75,3,29.9,39.8,,run
2026-09-18T08:34:32+03:00,1789709672,6878,75,3,29.9,38.9,,run
2026-09-18T08:34:37+03:00,1789709677,6883,75,3,29.9,38.9,,run
2026-09-18T08:34:42+03:00,1789709682,6888,75,3,29.9,39.2,,run
2026-09-18T08:34:48+03:00,1789709688,6894,75,3,29.9,39.2,,run
2026-09-18T08:34:53+03:00,1789709693,6899,75,3,29.9,48.2,,run
2026-09-18T08:34:58+03:00,1789709698,6904,75,3,29.9,40.2,,run
2026-09-18T08:35:03+03:00,1789709703,6909,75,3,29.9,39.8,,run
2026-09-18T08:35:08+03:00,1789709708,6914,75,3,29.9,40.5,,run
2026-09-18T08:35:14+03:00,1789709714,6920,75,3,29.9,38.9,,run
2026-09-18T08:35:19+03:00,1789709719,6925,75,3,29.9,38.9,,run
2026-09-18T08:35:24+03:00,1789709724,6930,75,3,29.9,39.2,,run
2026-09-18T08:35:29+03:00,1789709729,6935,75,3,29.9,39.2,,run
2026-09-18T08:35:35+03:00,1789709735,6941,75,3,29.9,39.2,,run
2026-09-18T08:35:40+03:00,1789709740,6946,74,3,29.8,38.9,,run
2026-09-18T08:35:45+03:00,1789709745,6951,74,3,29.8,38.6,,run
2026-09-18T08:35:50+03:00,1789709750,6956,74,3,29.8,40.2,,run
2026-09-18T08:35:55+03:00,1789709755,6961,74,3,29.8,39.8,,run
2026-09-18T08:36:01+03:00,1789709761,6967,74,3,29.8,38.6,,run
2026-09-18T08:36:06+03:00,1789709766,6972,74,3,29.8,41.4,,run
2026-09-18T08:36:11+03:00,1789709771,6977,74,3,29.8,41.1,,run
2026-09-18T08:36:16+03:00,1789709776,6982,74,3,29.8,41.4,,run
2026-09-18T08:36:22+03:00,1789709782,6988,74,3,29.8,39.8,,run
2026-09-18T08:36:27+03:00,1789709787,6993,74,3,29.8,38.9,,run
2026-09-18T08:36:32+03:00,1789709792,6998,74,3,29.8,49.1,,run
2026-09-18T08:36:37+03:00,1789709797,7003,74,3,29.8,41.4,,run
2026-09-18T08:36:43+03:00,1789709803,7009,74,3,29.8,39.2,,run
2026-09-18T08:36:48+03:00,1789709808,7014,74,3,29.8,39.5,,run
2026-09-18T08:36:53+03:00,1789709813,7019,74,3,29.8,39.5,,run
2026-09-18T08:36:58+03:00,1789709818,7024,74,3,29.8,42.9,,run
2026-09-18T08:37:03+03:00,1789709823,7029,74,3,29.8,40.5,,run
2026-09-18T08:37:09+03:00,1789709829,7035,74,3,29.8,39.2,,run
2026-09-18T08:37:14+03:00,1789709834,7040,74,3,29.8,40.5,,run
2026-09-18T08:37:19+03:00,1789709839,7045,74,3,29.8,40.2,,run
2026-09-18T08:37:24+03:00,1789709844,7050,74,3,29.8,40.2,,run
2026-09-18T08:37:30+03:00,1789709850,7056,74,3,29.8,40.2,,run
2026-09-18T08:37:35+03:00,1789709855,7061,74,3,29.8,38.9,,run
2026-09-18T08:37:40+03:00,1789709860,7066,74,3,29.8,39.8,,run
2026-09-18T08:37:45+03:00,1789709865,7071,74,3,29.8,45.1,,run
2026-09-18T08:37:50+03:00,1789709870,7076,74,3,29.8,47.3,,run
2026-09-18T08:37:56+03:00,1789709876,7082,74,3,29.8,44.5,,run
2026-09-18T08:38:01+03:00,1789709881,7087,74,3,29.8,39.2,,run
2026-09-18T08:38:06+03:00,1789709886,7092,74,3,29.8,39.2,,run
2026-09-18T08:38:11+03:00,1789709891,7097,74,3,29.8,38.9,,run
2026-09-18T08:38:17+03:00,1789709897,7103,74,3,29.8,38.6,,run
2026-09-18T08:38:22+03:00,1789709902,7108,74,3,29.8,39.2,,run
2026-09-18T08:38:27+03:00,1789709907,7113,74,3,29.8,38.3,,run
2026-09-18T08:38:32+03:00,1789709912,7118,74,3,29.8,49.7,,run
2026-09-18T08:38:38+03:00,1789709918,7124,74,3,29.8,41.7,,run
2026-09-18T08:38:43+03:00,1789709923,7129,74,3,29.8,40.2,,run
2026-09-18T08:38:48+03:00,1789709928,7134,74,3,29.8,40.2,,run
2026-09-18T08:38:53+03:00,1789709933,7139,74,3,29.8,39.2,,run
2026-09-18T08:38:59+03:00,1789709939,7145,74,3,29.8,39.2,,run
2026-09-18T08:39:04+03:00,1789709944,7150,74,3,29.8,39.8,,run
2026-09-18T08:39:09+03:00,1789709949,7155,74,3,29.8,39.5,,run
2026-09-18T08:39:14+03:00,1789709954,7160,74,3,29.8,39.2,,run
2026-09-18T08:39:19+03:00,1789709959,7165,74,3,29.8,39.2,,run
2026-09-18T08:39:25+03:00,1789709965,7171,74,3,29.8,40.2,,run
2026-09-18T08:39:30+03:00,1789709970,7176,74,3,29.8,39.2,,run
2026-09-18T08:39:35+03:00,1789709975,7181,74,3,29.8,39.5,,run
2026-09-18T08:39:40+03:00,1789709980,7186,74,3,29.8,40.2,,run
2026-09-18T08:39:46+03:00,1789709986,7192,74,3,29.8,43.6,,run
2026-09-18T08:39:51+03:00,1789709991,7197,74,3,29.8,49.4,,run
2026-09-18T08:39:56+03:00,1789709996,7202,74,3,29.8,45.4,,run
2026-09-18T08:40:01+03:00,1789710001,7207,74,3,29.8,40.5,,run
2026-09-18T08:40:06+03:00,1789710006,7212,74,3,29.8,39.2,,run
2026-09-18T08:40:12+03:00,1789710012,7218,74,3,29.8,40.8,,run
2026-09-18T08:40:17+03:00,1789710017,7223,74,3,29.8,42.3,,run
2026-09-18T08:40:22+03:00,1789710022,7228,74,3,29.8,39.5,,run
2026-09-18T08:40:27+03:00,1789710027,7233,74,3,29.8,38.9,,run
2026-09-18T08:40:33+03:00,1789710033,7239,74,3,29.8,39.2,,run
2026-09-18T08:40:38+03:00,1789710038,7244,74,3,29.8,38.9,,run
2026-09-18T08:40:43+03:00,1789710043,7249,74,3,29.8,39.8,,run
2026-09-18T08:40:48+03:00,1789710048,7254,74,3,29.8,38.9,,run
2026-09-18T08:40:54+03:00,1789710054,7260,74,3,29.8,38.9,,run
2026-09-18T08:40:59+03:00,1789710059,7265,74,3,29.8,39.2,,run
2026-09-18T08:41:04+03:00,1789710064,7270,74,3,29.8,39.8,,run
2026-09-18T08:41:09+03:00,1789710069,7275,74,3,29.8,38.6,,run
2026-09-18T08:41:14+03:00,1789710074,7280,74,3,29.8,38.9,,run
2026-09-18T08:41:20+03:00,1789710080,7286,74,3,29.8,38.9,,run
2026-09-18T08:41:25+03:00,1789710085,7291,74,3,29.8,38.3,,run
2026-09-18T08:41:30+03:00,1789710090,7296,74,3,29.8,48.8,,run
2026-09-18T08:41:35+03:00,1789710095,7301,74,3,29.8,40.8,,run
2026-09-18T08:41:41+03:00,1789710101,7307,74,3,29.8,40.5,,run
2026-09-18T08:41:46+03:00,1789710106,7312,74,3,29.8,39.5,,run
2026-09-18T08:41:51+03:00,1789710111,7317,74,3,29.8,38.9,,run
2026-09-18T08:41:56+03:00,1789710116,7322,74,3,29.8,43.9,,run
2026-09-18T08:42:02+03:00,1789710122,7328,74,3,29.8,40.2,,run
2026-09-18T08:42:07+03:00,1789710127,7333,74,3,29.8,38.9,,run
2026-09-18T08:42:12+03:00,1789710132,7338,74,3,29.8,38.9,,run
2026-09-18T08:42:17+03:00,1789710137,7343,74,3,29.8,39.2,,run
2026-09-18T08:42:22+03:00,1789710142,7348,74,3,29.8,38.9,,run
2026-09-18T08:42:28+03:00,1789710148,7354,74,3,29.8,39.2,,run
2026-09-18T08:42:33+03:00,1789710153,7359,74,3,29.8,38.6,,run
2026-09-18T08:42:38+03:00,1789710158,7364,74,3,29.8,39.2,,run
2026-09-18T08:42:43+03:00,1789710163,7369,74,3,29.8,38.9,,run
2026-09-18T08:42:49+03:00,1789710169,7375,74,3,29.8,39.2,,run
2026-09-18T08:42:54+03:00,1789710174,7380,74,3,29.8,39.5,,run
2026-09-18T08:42:59+03:00,1789710179,7385,74,3,29.8,39.5,,run
2026-09-18T08:43:04+03:00,1789710184,7390,74,3,29.8,39.2,,run
2026-09-18T08:43:09+03:00,1789710189,7395,74,3,29.8,47.6,,run
2026-09-18T08:43:15+03:00,1789710195,7401,74,3,29.8,40.8,,run
2026-09-18T08:43:20+03:00,1789710200,7406,74,3,29.8,40.5,,run
2026-09-18T08:43:25+03:00,1789710205,7411,74,3,29.8,40.2,,run
2026-09-18T08:43:31+03:00,1789710211,7417,74,3,29.8,39.2,,run
2026-09-18T08:43:36+03:00,1789710216,7422,74,3,29.9,49.7,,run
2026-09-18T08:43:41+03:00,1789710221,7427,74,3,29.9,40.2,,run
2026-09-18T08:43:46+03:00,1789710226,7432,74,3,29.9,39.8,,run
2026-09-18T08:43:52+03:00,1789710232,7438,74,3,29.9,39.5,,run
2026-09-18T08:43:57+03:00,1789710237,7443,74,3,29.9,40.2,,run
2026-09-18T08:44:02+03:00,1789710242,7448,74,3,29.9,39.8,,run
2026-09-18T08:44:07+03:00,1789710247,7453,74,3,29.9,39.2,,run
2026-09-18T08:44:12+03:00,1789710252,7458,74,3,29.9,39.5,,run
2026-09-18T08:44:18+03:00,1789710258,7464,74,3,29.9,41.7,,run
2026-09-18T08:44:23+03:00,1789710263,7469,74,3,29.9,39.5,,run
2026-09-18T08:44:28+03:00,1789710268,7474,74,3,29.9,40.5,,run
2026-09-18T08:44:33+03:00,1789710273,7479,74,3,29.9,39.8,,run
2026-09-18T08:44:39+03:00,1789710279,7485,74,3,29.9,40.5,,run
2026-09-18T08:44:44+03:00,1789710284,7490,74,3,29.9,39.2,,run
2026-09-18T08:44:49+03:00,1789710289,7495,74,3,29.9,41.7,,run
2026-09-18T08:44:54+03:00,1789710294,7500,74,3,29.9,41.4,,run
2026-09-18T08:44:59+03:00,1789710299,7505,74,3,29.9,42.0,,run
2026-09-18T08:45:05+03:00,1789710305,7511,74,3,29.9,40.5,,run
2026-09-18T08:45:10+03:00,1789710310,7516,74,3,29.9,39.2,,run
2026-09-18T08:45:15+03:00,1789710315,7521,74,3,29.9,39.2,,run
2026-09-18T08:45:20+03:00,1789710320,7526,74,3,29.9,39.2,,run
2026-09-18T08:45:26+03:00,1789710326,7532,74,3,29.9,38.0,,run
2026-09-18T08:45:31+03:00,1789710331,7537,74,3,29.9,38.9,,run
2026-09-18T08:45:36+03:00,1789710336,7542,74,3,29.9,50.4,,run
2026-09-18T08:45:41+03:00,1789710341,7547,74,3,29.9,40.8,,run
2026-09-18T08:45:46+03:00,1789710346,7552,74,3,29.9,44.8,,run
2026-09-18T08:45:52+03:00,1789710352,7558,74,3,29.9,40.5,,run
2026-09-18T08:45:57+03:00,1789710357,7563,74,3,29.9,40.5,,run
2026-09-18T08:46:02+03:00,1789710362,7568,74,3,29.9,39.8,,run
2026-09-18T08:46:07+03:00,1789710367,7573,74,3,29.9,39.5,,run
2026-09-18T08:46:13+03:00,1789710373,7579,74,3,29.9,39.8,,run
2026-09-18T08:46:18+03:00,1789710378,7584,74,3,29.9,39.5,,run
2026-09-18T08:46:23+03:00,1789710383,7589,74,3,29.9,39.2,,run
2026-09-18T08:46:28+03:00,1789710388,7594,74,3,29.9,39.8,,run
2026-09-18T08:46:33+03:00,1789710393,7599,74,3,29.9,43.2,,run
2026-09-18T08:46:39+03:00,1789710399,7605,74,3,29.9,40.2,,run
2026-09-18T08:46:44+03:00,1789710404,7610,74,3,29.9,38.9,,run
2026-09-18T08:46:49+03:00,1789710409,7615,74,3,29.9,44.2,,run
2026-09-18T08:46:54+03:00,1789710414,7620,74,3,29.9,45.4,,run
2026-09-18T08:47:00+03:00,1789710420,7626,74,3,29.9,41.1,,run
2026-09-18T08:47:05+03:00,1789710425,7631,74,3,29.9,40.2,,run
2026-09-18T08:47:10+03:00,1789710430,7636,74,3,29.9,39.8,,run
2026-09-18T08:47:15+03:00,1789710435,7641,74,3,29.9,39.2,,run
2026-09-18T08:47:20+03:00,1789710440,7646,74,3,29.9,38.6,,run
2026-09-18T08:47:26+03:00,1789710446,7652,74,3,29.9,38.6,,run
2026-09-18T08:47:31+03:00,1789710451,7657,74,3,29.9,39.2,,run
2026-09-18T08:47:36+03:00,1789710456,7662,74,3,29.9,49.4,,run
2026-09-18T08:47:41+03:00,1789710461,7667,74,3,29.9,40.8,,run
2026-09-18T08:47:47+03:00,1789710467,7673,74,3,29.9,40.2,,run
2026-09-18T08:47:52+03:00,1789710472,7678,74,3,29.9,40.2,,run
2026-09-18T08:47:57+03:00,1789710477,7683,74,3,29.9,39.5,,run
2026-09-18T08:48:02+03:00,1789710482,7688,74,3,29.9,39.8,,run
2026-09-18T08:48:07+03:00,1789710487,7693,74,3,29.9,39.5,,run
2026-09-18T08:48:13+03:00,1789710493,7699,74,3,29.9,38.9,,run
2026-09-18T08:48:18+03:00,1789710498,7704,74,3,29.9,38.9,,run
2026-09-18T08:48:23+03:00,1789710503,7709,74,3,29.9,39.2,,run
2026-09-18T08:48:28+03:00,1789710508,7714,73,3,29.9,39.8,,run
2026-09-18T08:48:34+03:00,1789710514,7720,73,3,29.9,39.5,,run
2026-09-18T08:48:39+03:00,1789710519,7725,73,3,29.9,40.2,,run
2026-09-18T08:48:44+03:00,1789710524,7730,73,3,29.9,38.9,,run
2026-09-18T08:48:49+03:00,1789710529,7735,73,3,29.9,45.4,,run
2026-09-18T08:48:55+03:00,1789710535,7741,73,3,29.9,42.3,,run
2026-09-18T08:49:00+03:00,1789710540,7746,73,3,29.9,41.1,,run
2026-09-18T08:49:05+03:00,1789710545,7751,73,3,29.9,39.8,,run
2026-09-18T08:49:10+03:00,1789710550,7756,73,3,29.9,39.5,,run
2026-09-18T08:49:16+03:00,1789710556,7762,73,3,29.9,38.9,,run
2026-09-18T08:49:21+03:00,1789710561,7767,73,3,29.9,38.9,,run
2026-09-18T08:49:26+03:00,1789710566,7772,73,3,29.9,38.6,,run
2026-09-18T08:49:31+03:00,1789710571,7777,73,3,29.9,39.2,,run
2026-09-18T08:49:37+03:00,1789710577,7783,73,3,29.9,50.4,,run
2026-09-18T08:49:42+03:00,1789710582,7788,73,3,29.9,40.2,,run
2026-09-18T08:49:47+03:00,1789710587,7793,73,3,29.9,39.8,,run
2026-09-18T08:49:52+03:00,1789710592,7798,73,3,29.9,40.2,,run
2026-09-18T08:49:57+03:00,1789710597,7803,73,3,29.9,39.5,,run
2026-09-18T08:50:03+03:00,1789710603,7809,73,3,29.9,39.5,,run
2026-09-18T08:50:08+03:00,1789710608,7814,73,3,29.9,38.9,,run
2026-09-18T08:50:13+03:00,1789710613,7819,73,3,29.9,39.8,,run
2026-09-18T08:50:18+03:00,1789710618,7824,73,3,29.9,39.5,,run
2026-09-18T08:50:23+03:00,1789710623,7829,73,3,29.9,38.6,,run
2026-09-18T08:50:29+03:00,1789710629,7835,73,3,29.9,39.2,,run
2026-09-18T08:50:34+03:00,1789710634,7840,73,3,29.9,39.2,,run
2026-09-18T08:50:39+03:00,1789710639,7845,73,3,29.9,38.9,,run
2026-09-18T08:50:44+03:00,1789710644,7850,73,3,29.9,39.2,,run
2026-09-18T08:50:50+03:00,1789710650,7856,73,3,29.9,42.3,,run
2026-09-18T08:50:55+03:00,1789710655,7861,73,3,29.9,42.9,,run
2026-09-18T08:51:00+03:00,1789710660,7866,73,3,29.9,42.6,,run
2026-09-18T08:51:05+03:00,1789710665,7871,73,3,29.9,39.8,,run
2026-09-18T08:51:11+03:00,1789710671,7877,73,3,29.9,40.2,,run
2026-09-18T08:51:16+03:00,1789710676,7882,73,3,29.9,47.9,,run
2026-09-18T08:51:21+03:00,1789710681,7887,73,3,29.9,43.6,,run
2026-09-18T08:51:26+03:00,1789710686,7892,73,3,29.9,39.5,,run
2026-09-18T08:51:31+03:00,1789710691,7897,73,3,29.9,40.8,,run
2026-09-18T08:51:37+03:00,1789710697,7903,73,3,29.9,39.2,,run
2026-09-18T08:51:42+03:00,1789710702,7908,73,3,29.9,39.2,,run
2026-09-18T08:51:47+03:00,1789710707,7913,73,3,29.9,39.8,,run
2026-09-18T08:51:52+03:00,1789710712,7918,73,3,29.9,39.5,,run
2026-09-18T08:51:58+03:00,1789710718,7924,73,3,29.9,38.6,,run
2026-09-18T08:52:03+03:00,1789710723,7929,73,3,29.9,38.9,,run
2026-09-18T08:52:08+03:00,1789710728,7934,73,3,29.9,39.5,,run
2026-09-18T08:52:13+03:00,1789710733,7939,73,3,29.9,38.3,,run
2026-09-18T08:52:18+03:00,1789710738,7944,73,3,29.9,39.2,,run
2026-09-18T08:52:24+03:00,1789710744,7950,73,3,29.9,38.6,,run
2026-09-18T08:52:29+03:00,1789710749,7955,73,3,29.9,42.9,,run
2026-09-18T08:52:34+03:00,1789710754,7960,73,3,29.9,43.6,,run
2026-09-18T08:52:39+03:00,1789710759,7965,73,3,29.9,42.9,,run
2026-09-18T08:52:45+03:00,1789710765,7971,73,3,29.9,39.5,,run
2026-09-18T08:52:50+03:00,1789710770,7976,73,3,29.9,40.2,,run
2026-09-18T08:52:55+03:00,1789710775,7981,73,3,29.8,39.2,,run
2026-09-18T08:53:00+03:00,1789710780,7986,73,3,29.8,41.4,,run
2026-09-18T08:53:06+03:00,1789710786,7992,73,3,29.8,38.0,,run
2026-09-18T08:53:11+03:00,1789710791,7997,73,3,29.8,38.9,,run
2026-09-18T08:53:16+03:00,1789710796,8002,73,3,29.8,49.1,,run
2026-09-18T08:53:21+03:00,1789710801,8007,73,3,29.8,43.6,,run
2026-09-18T08:53:27+03:00,1789710807,8013,73,3,29.8,41.7,,run
2026-09-18T08:53:32+03:00,1789710812,8018,73,3,29.8,39.5,,run
2026-09-18T08:53:37+03:00,1789710817,8023,73,3,29.9,39.2,,run
2026-09-18T08:53:42+03:00,1789710822,8028,73,3,29.9,38.9,,run
2026-09-18T08:53:47+03:00,1789710827,8033,73,3,29.9,40.2,,run
2026-09-18T08:53:53+03:00,1789710833,8039,73,3,29.9,39.8,,run
2026-09-18T08:53:58+03:00,1789710838,8044,73,3,29.9,39.2,,run
2026-09-18T08:54:03+03:00,1789710843,8049,73,3,29.9,39.5,,run
2026-09-18T08:54:08+03:00,1789710848,8054,73,3,29.9,38.9,,run
2026-09-18T08:54:13+03:00,1789710853,8059,73,3,29.9,39.2,,run
2026-09-18T08:54:19+03:00,1789710859,8065,73,3,29.9,39.2,,run
2026-09-18T08:54:24+03:00,1789710864,8070,73,3,29.9,39.2,,run
2026-09-18T08:54:29+03:00,1789710869,8075,73,3,29.9,47.6,,run
2026-09-18T08:54:34+03:00,1789710874,8080,73,3,29.9,47.6,,run
2026-09-18T08:54:40+03:00,1789710880,8086,73,3,29.9,45.7,,run
2026-09-18T08:54:45+03:00,1789710885,8091,73,3,29.9,39.5,,run
2026-09-18T08:54:50+03:00,1789710890,8096,73,3,29.9,41.4,,run
2026-09-18T08:54:55+03:00,1789710895,8101,73,3,29.9,47.0,,run
2026-09-18T08:55:01+03:00,1789710901,8107,73,3,29.9,41.4,,run
2026-09-18T08:55:06+03:00,1789710906,8112,73,3,29.9,40.2,,run
2026-09-18T08:55:11+03:00,1789710911,8117,73,3,29.9,40.2,,run
2026-09-18T08:55:16+03:00,1789710916,8122,73,3,29.9,40.5,,run
2026-09-18T08:55:22+03:00,1789710922,8128,73,3,29.9,39.5,,run
2026-09-18T08:55:27+03:00,1789710927,8133,73,3,29.9,38.9,,run
2026-09-18T08:55:32+03:00,1789710932,8138,73,3,29.9,38.9,,run
2026-09-18T08:55:37+03:00,1789710937,8143,73,3,29.9,39.2,,run
2026-09-18T08:55:43+03:00,1789710943,8149,73,3,29.9,38.6,,run
2026-09-18T08:55:48+03:00,1789710948,8154,73,3,29.9,39.2,,run
2026-09-18T08:55:53+03:00,1789710953,8159,73,3,29.9,39.2,,run
2026-09-18T08:55:58+03:00,1789710958,8164,73,3,29.9,39.5,,run
2026-09-18T08:56:03+03:00,1789710963,8169,73,3,29.9,40.5,,run
2026-09-18T08:56:09+03:00,1789710969,8175,73,3,29.9,38.6,,run
2026-09-18T08:56:14+03:00,1789710974,8180,73,3,29.9,44.5,,run
2026-09-18T08:56:19+03:00,1789710979,8185,73,3,29.9,43.2,,run
2026-09-18T08:56:24+03:00,1789710984,8190,73,3,29.9,39.8,,run
2026-09-18T08:56:30+03:00,1789710990,8196,73,3,29.9,39.5,,run
2026-09-18T08:56:35+03:00,1789710995,8201,73,3,29.9,38.3,,run
2026-09-18T08:56:40+03:00,1789711000,8206,73,3,29.9,40.2,,run
2026-09-18T08:56:45+03:00,1789711005,8211,73,3,29.9,38.6,,run
2026-09-18T08:56:50+03:00,1789711010,8216,73,3,29.9,38.6,,run
2026-09-18T08:56:56+03:00,1789711016,8222,73,3,29.9,48.5,,run
2026-09-18T08:57:01+03:00,1789711021,8227,73,3,29.9,42.0,,run
2026-09-18T08:57:06+03:00,1789711026,8232,73,3,29.9,40.2,,run
2026-09-18T08:57:12+03:00,1789711032,8238,73,3,29.9,40.2,,run
2026-09-18T08:57:17+03:00,1789711037,8243,73,3,29.9,39.5,,run
2026-09-18T08:57:22+03:00,1789711042,8248,73,3,29.9,40.2,,run
2026-09-18T08:57:27+03:00,1789711047,8253,73,3,29.9,39.2,,run
2026-09-18T08:57:33+03:00,1789711053,8259,73,3,29.9,39.2,,run
2026-09-18T08:57:38+03:00,1789711058,8264,73,3,29.9,38.6,,run
2026-09-18T08:57:43+03:00,1789711063,8269,73,3,29.9,39.5,,run
2026-09-18T08:57:48+03:00,1789711068,8274,73,3,29.9,39.5,,run
2026-09-18T08:57:53+03:00,1789711073,8279,73,3,29.9,39.5,,run
2026-09-18T08:57:59+03:00,1789711079,8285,73,3,29.9,41.1,,run
2026-09-18T08:58:04+03:00,1789711084,8290,73,3,29.9,39.2,,run
2026-09-18T08:58:09+03:00,1789711089,8295,73,3,29.9,39.5,,run
2026-09-18T08:58:14+03:00,1789711094,8300,73,3,29.9,49.1,,run
2026-09-18T08:58:20+03:00,1789711100,8306,73,3,29.9,40.5,,run
2026-09-18T08:58:25+03:00,1789711105,8311,73,3,29.9,39.5,,run
2026-09-18T08:58:30+03:00,1789711110,8316,73,3,29.9,39.2,,run
2026-09-18T08:58:35+03:00,1789711115,8321,73,3,29.9,39.2,,run
2026-09-18T08:58:40+03:00,1789711120,8326,73,3,29.9,45.1,,run
2026-09-18T08:58:46+03:00,1789711126,8332,73,3,29.9,40.5,,run
2026-09-18T08:58:51+03:00,1789711131,8337,73,3,29.9,40.2,,run
2026-09-18T08:58:56+03:00,1789711136,8342,73,3,29.9,39.2,,run
2026-09-18T08:59:01+03:00,1789711141,8347,73,3,29.9,39.5,,run
2026-09-18T08:59:07+03:00,1789711147,8353,73,3,29.9,39.8,,run
2026-09-18T08:59:12+03:00,1789711152,8358,73,3,29.9,39.2,,run
2026-09-18T08:59:17+03:00,1789711157,8363,73,3,29.9,39.8,,run
2026-09-18T08:59:22+03:00,1789711162,8368,73,3,29.9,38.6,,run
2026-09-18T08:59:27+03:00,1789711167,8373,73,3,29.9,38.9,,run
2026-09-18T08:59:33+03:00,1789711173,8379,73,3,29.9,38.6,,run
2026-09-18T08:59:38+03:00,1789711178,8384,73,3,29.9,38.3,,run
2026-09-18T08:59:43+03:00,1789711183,8389,73,3,29.9,38.3,,run
2026-09-18T08:59:48+03:00,1789711188,8394,73,3,29.9,38.6,,run
2026-09-18T08:59:54+03:00,1789711194,8400,73,3,29.9,48.5,,run
2026-09-18T08:59:59+03:00,1789711199,8405,73,3,29.9,39.8,,run
2026-09-18T09:00:04+03:00,1789711204,8410,73,3,29.9,39.8,,run
2026-09-18T09:00:10+03:00,1789711210,8416,73,3,29.9,39.2,,run
2026-09-18T09:00:15+03:00,1789711215,8421,73,3,29.9,38.9,,run
2026-09-18T09:00:20+03:00,1789711220,8426,73,3,29.9,39.2,,run
2026-09-18T09:00:25+03:00,1789711225,8431,73,3,29.9,38.3,,run
2026-09-18T09:00:30+03:00,1789711230,8436,73,3,29.9,38.9,,run
2026-09-18T09:00:36+03:00,1789711236,8442,73,3,29.9,47.9,,run
2026-09-18T09:00:41+03:00,1789711241,8447,73,3,29.9,41.7,,run
2026-09-18T09:00:46+03:00,1789711246,8452,73,3,29.9,39.2,,run
2026-09-18T09:00:52+03:00,1789711252,8458,73,3,29.9,39.8,,run
2026-09-18T09:00:57+03:00,1789711257,8463,73,3,29.9,38.9,,run
2026-09-18T09:01:02+03:00,1789711262,8468,73,3,29.9,38.6,,run
2026-09-18T09:01:07+03:00,1789711267,8473,73,3,29.9,39.8,,run
2026-09-18T09:01:13+03:00,1789711273,8479,73,3,29.9,39.2,,run
2026-09-18T09:01:18+03:00,1789711278,8484,72,3,29.9,39.2,,run
2026-09-18T09:01:23+03:00,1789711283,8489,72,3,29.9,38.3,,run
2026-09-18T09:01:28+03:00,1789711288,8494,72,3,29.9,38.6,,run
2026-09-18T09:01:33+03:00,1789711293,8499,72,3,29.9,39.5,,run
2026-09-18T09:01:39+03:00,1789711299,8505,72,3,29.9,39.2,,run
2026-09-18T09:01:44+03:00,1789711304,8510,72,3,29.9,40.2,,run
2026-09-18T09:01:49+03:00,1789711309,8515,72,3,29.9,38.9,,run
2026-09-18T09:01:54+03:00,1789711314,8520,72,3,29.9,51.6,,run
2026-09-18T09:02:00+03:00,1789711320,8526,72,3,29.9,42.3,,run
2026-09-18T09:02:05+03:00,1789711325,8531,72,3,29.9,42.0,,run
2026-09-18T09:02:10+03:00,1789711330,8536,72,3,29.9,41.7,,run
2026-09-18T09:02:15+03:00,1789711335,8541,72,3,29.9,39.5,,run
2026-09-18T09:02:21+03:00,1789711341,8547,72,3,29.9,45.7,,run
2026-09-18T09:02:26+03:00,1789711346,8552,72,3,29.9,41.4,,run
2026-09-18T09:02:31+03:00,1789711351,8557,72,3,29.9,41.1,,run
2026-09-18T09:02:36+03:00,1789711356,8562,72,3,29.9,39.8,,run
2026-09-18T09:02:41+03:00,1789711361,8567,72,3,29.9,40.5,,run
2026-09-18T09:02:47+03:00,1789711367,8573,72,3,29.9,40.2,,run
2026-09-18T09:02:52+03:00,1789711372,8578,72,3,29.9,38.9,,run
2026-09-18T09:02:57+03:00,1789711377,8583,72,3,29.9,39.8,,run
2026-09-18T09:03:02+03:00,1789711382,8588,72,3,29.9,39.8,,run
2026-09-18T09:03:07+03:00,1789711387,8593,72,3,29.9,39.5,,run
2026-09-18T09:03:13+03:00,1789711393,8599,72,3,29.9,38.9,,run
2026-09-18T09:03:18+03:00,1789711398,8604,72,3,29.9,38.6,,run
2026-09-18T09:03:23+03:00,1789711403,8609,72,3,29.9,38.9,,run
2026-09-18T09:03:28+03:00,1789711408,8614,72,3,29.9,39.2,,run
2026-09-18T09:03:34+03:00,1789711414,8620,72,3,29.9,47.0,,run
2026-09-18T09:03:39+03:00,1789711419,8625,72,3,30.0,42.0,,run
2026-09-18T09:03:44+03:00,1789711424,8630,72,3,30.0,40.2,,end
