iso_ts,epoch,elapsed_s,batt_level,batt_status,batt_temp_c,soc_temp_c,current_ma,event
2026-09-12T18:02:55+03:00,1789225375,0,78,3,33.4,53.1,,run
2026-09-12T18:03:01+03:00,1789225381,6,78,3,33.4,41.4,,run
2026-09-12T18:03:06+03:00,1789225386,11,78,3,33.4,39.5,,run
2026-09-12T18:03:12+03:00,1789225392,17,78,3,33.4,38.9,,run
2026-09-12T18:03:17+03:00,1789225397,22,78,3,33.4,39.2,,run
2026-09-12T18:03:23+03:00,1789225403,28,78,3,33.4,38.3,,run
2026-09-12T18:03:28+03:00,1789225408,33,78,3,33.4,38.3,,run
2026-09-12T18:03:34+03:00,1789225414,39,78,3,33.4,38.3,,run
2026-09-12T18:03:39+03:00,1789225419,44,78,3,33.4,46.3,,run
2026-09-12T18:03:45+03:00,1789225425,50,78,3,33.4,43.6,,run
2026-09-12T18:03:50+03:00,1789225430,55,78,3,33.4,43.2,,run
2026-09-12T18:03:55+03:00,1789225435,60,78,3,33.4,43.2,,run
2026-09-12T18:04:01+03:00,1789225441,66,78,3,33.4,42.0,,run
2026-09-12T18:04:06+03:00,1789225446,71,78,3,33.4,42.9,,run
2026-09-12T18:04:11+03:00,1789225451,76,78,3,33.4,42.0,,run
2026-09-12T18:04:17+03:00,1789225457,82,78,3,33.4,39.8,,run
2026-09-12T18:04:22+03:00,1789225462,87,78,3,33.4,39.5,,run
2026-09-12T18:04:28+03:00,1789225468,93,78,3,33.4,40.2,,run
2026-09-12T18:04:33+03:00,1789225473,98,78,3,33.4,46.0,,run
2026-09-12T18:04:39+03:00,1789225479,104,78,3,33.4,39.5,,run
2026-09-12T18:04:44+03:00,1789225484,109,78,3,33.4,46.3,,run
2026-09-12T18:04:49+03:00,1789225489,114,78,3,33.4,47.9,,run
2026-09-12T18:04:55+03:00,1789225495,120,78,3,33.4,46.7,,run
2026-09-12T18:05:00+03:00,1789225500,125,78,3,33.4,43.2,,run
2026-09-12T18:05:06+03:00,1789225506,131,78,3,33.4,44.8,,run
2026-09-12T18:05:11+03:00,1789225511,136,78,3,33.4,47.3,,run
2026-09-12T18:05:16+03:00,1789225516,141,78,3,33.4,47.6,,run
2026-09-12T18:05:21+03:00,1789225521,146,78,3,33.4,48.8,,run
2026-09-12T18:05:27+03:00,1789225527,152,78,3,33.4,41.4,,run
2026-09-12T18:05:32+03:00,1789225532,157,78,3,33.4,40.5,,run
2026-09-12T18:05:38+03:00,1789225538,163,78,3,33.4,39.2,,run
2026-09-12T18:05:43+03:00,1789225543,168,78,3,33.4,47.3,,run
2026-09-12T18:05:48+03:00,1789225548,173,78,3,33.4,50.7,,run
2026-09-12T18:05:54+03:00,1789225554,179,78,3,33.4,49.4,,run
2026-09-12T18:05:59+03:00,1789225559,184,78,3,33.4,44.8,,run
2026-09-12T18:06:05+03:00,1789225565,190,78,3,33.4,40.2,,run
2026-09-12T18:06:10+03:00,1789225570,195,78,3,33.4,42.9,,run
2026-09-12T18:06:16+03:00,1789225576,201,78,3,33.4,39.2,,run
2026-09-12T18:06:21+03:00,1789225581,206,78,3,33.4,38.9,,run
2026-09-12T18:06:27+03:00,1789225587,212,78,3,33.4,38.9,,run
2026-09-12T18:06:32+03:00,1789225592,217,78,3,33.4,40.2,,run
2026-09-12T18:06:38+03:00,1789225598,223,78,3,33.4,51.3,,run
2026-09-12T18:06:43+03:00,1789225603,228,78,3,33.4,41.7,,run
2026-09-12T18:06:49+03:00,1789225609,234,78,3,33.4,42.3,,run
2026-09-12T18:06:54+03:00,1789225614,239,78,3,33.4,42.3,,run
2026-09-12T18:06:59+03:00,1789225619,244,78,3,33.4,44.2,,run
2026-09-12T18:07:05+03:00,1789225625,250,78,3,33.4,43.9,,run
2026-09-12T18:07:10+03:00,1789225630,255,78,3,33.4,43.9,,run
2026-09-12T18:07:16+03:00,1789225636,261,78,3,33.4,40.8,,run
2026-09-12T18:07:21+03:00,1789225641,266,78,3,33.4,39.8,,run
2026-09-12T18:07:26+03:00,1789225646,271,78,3,33.4,40.8,,run
2026-09-12T18:07:32+03:00,1789225652,277,78,3,33.4,38.9,,run
2026-09-12T18:07:37+03:00,1789225657,282,78,3,33.4,39.2,,run
2026-09-12T18:07:43+03:00,1789225663,288,77,3,33.5,39.5,,run
2026-09-12T18:07:48+03:00,1789225668,293,77,3,33.5,39.5,,run
2026-09-12T18:07:54+03:00,1789225674,299,77,3,33.5,42.0,,run
2026-09-12T18:07:59+03:00,1789225679,304,77,3,33.5,52.5,,run
2026-09-12T18:08:05+03:00,1789225685,310,77,3,33.5,40.5,,run
2026-09-12T18:08:10+03:00,1789225690,315,77,3,33.5,41.1,,run
2026-09-12T18:08:16+03:00,1789225696,321,77,3,33.5,39.5,,run
2026-09-12T18:08:21+03:00,1789225701,326,77,3,33.5,38.6,,run
2026-09-12T18:08:27+03:00,1789225707,332,77,3,33.5,38.6,,run
2026-09-12T18:08:32+03:00,1789225712,337,77,3,33.5,38.6,,run
2026-09-12T18:08:38+03:00,1789225718,343,77,3,33.5,38.9,,run
2026-09-12T18:08:43+03:00,1789225723,348,77,3,33.5,38.0,,run
2026-09-12T18:08:49+03:00,1789225729,354,77,3,33.5,52.5,,run
2026-09-12T18:08:54+03:00,1789225734,359,77,3,33.5,50.1,,run
2026-09-12T18:09:00+03:00,1789225740,365,77,3,33.5,42.3,,run
2026-09-12T18:09:05+03:00,1789225745,370,77,3,33.5,45.1,,run
2026-09-12T18:09:10+03:00,1789225750,375,77,3,33.5,48.8,,run
2026-09-12T18:09:16+03:00,1789225756,381,77,3,33.5,44.2,,run
2026-09-12T18:09:21+03:00,1789225761,386,77,3,33.5,43.6,,run
2026-09-12T18:09:26+03:00,1789225766,391,77,3,33.5,42.0,,run
2026-09-12T18:09:32+03:00,1789225772,397,77,3,33.5,43.6,,run
2026-09-12T18:09:37+03:00,1789225777,402,77,3,33.5,44.8,,run
2026-09-12T18:09:42+03:00,1789225782,407,77,3,33.5,43.6,,run
2026-09-12T18:09:48+03:00,1789225788,413,77,3,33.5,41.7,,run
2026-09-12T18:09:53+03:00,1789225793,418,77,3,33.5,40.8,,run
2026-09-12T18:09:59+03:00,1789225799,424,77,3,33.5,39.8,,run
2026-09-12T18:10:04+03:00,1789225804,429,77,3,33.5,46.0,,run
2026-09-12T18:10:09+03:00,1789225809,434,77,3,33.5,47.0,,run
2026-09-12T18:10:15+03:00,1789225815,440,77,3,33.5,43.6,,run
2026-09-12T18:10:20+03:00,1789225820,445,77,3,33.5,39.5,,run
2026-09-12T18:10:26+03:00,1789225826,451,77,3,33.5,38.6,,run
2026-09-12T18:10:31+03:00,1789225831,456,77,3,33.5,38.6,,run
2026-09-12T18:10:37+03:00,1789225837,462,77,3,33.5,38.6,,run
2026-09-12T18:10:42+03:00,1789225842,467,77,3,33.5,38.6,,run
2026-09-12T18:10:48+03:00,1789225848,473,77,3,33.5,43.9,,run
2026-09-12T18:10:53+03:00,1789225853,478,77,3,33.5,42.3,,run
2026-09-12T18:10:59+03:00,1789225859,484,77,3,33.5,48.8,,run
2026-09-12T18:11:04+03:00,1789225864,489,77,3,33.5,45.7,,run
2026-09-12T18:11:09+03:00,1789225869,494,77,3,33.5,44.2,,run
2026-09-12T18:11:15+03:00,1789225875,500,77,3,33.5,43.9,,run
2026-09-12T18:11:20+03:00,1789225880,505,77,3,33.5,42.9,,run
2026-09-12T18:11:26+03:00,1789225886,511,77,3,33.5,41.4,,run
2026-09-12T18:11:31+03:00,1789225891,516,77,3,33.5,40.5,,run
2026-09-12T18:11:37+03:00,1789225897,522,77,3,33.5,39.5,,run
2026-09-12T18:11:42+03:00,1789225902,527,77,3,33.5,39.2,,run
2026-09-12T18:11:47+03:00,1789225907,532,77,3,33.5,38.9,,run
2026-09-12T18:11:53+03:00,1789225913,538,77,3,33.5,40.5,,run
2026-09-12T18:11:58+03:00,1789225918,543,77,3,33.5,47.9,,run
2026-09-12T18:12:04+03:00,1789225924,549,77,3,33.5,40.2,,run
2026-09-12T18:12:09+03:00,1789225929,554,77,3,33.5,44.5,,run
2026-09-12T18:12:15+03:00,1789225935,560,77,3,33.5,48.5,,run
2026-09-12T18:12:20+03:00,1789225940,565,77,3,33.5,41.1,,run
2026-09-12T18:12:26+03:00,1789225946,571,77,3,33.5,41.4,,run
2026-09-12T18:12:31+03:00,1789225951,576,77,3,33.5,38.9,,run
2026-09-12T18:12:37+03:00,1789225957,582,77,3,33.5,38.6,,run
2026-09-12T18:12:42+03:00,1789225962,587,77,3,33.5,38.0,,run
2026-09-12T18:12:48+03:00,1789225968,593,77,3,33.5,44.8,,run
2026-09-12T18:12:53+03:00,1789225973,598,77,3,33.5,39.8,,run
2026-09-12T18:12:58+03:00,1789225978,603,77,3,33.3,39.2,,run
2026-09-12T18:13:04+03:00,1789225984,609,77,3,33.3,51.9,,run
2026-09-12T18:13:10+03:00,1789225990,615,77,3,33.3,43.9,,run
2026-09-12T18:13:15+03:00,1789225995,620,77,3,33.3,41.7,,run
2026-09-12T18:13:21+03:00,1789226001,626,77,3,33.3,42.9,,run
2026-09-12T18:13:26+03:00,1789226006,631,77,3,33.3,43.2,,run
2026-09-12T18:13:31+03:00,1789226011,636,77,3,33.3,42.6,,run
2026-09-12T18:13:37+03:00,1789226017,642,77,3,33.3,40.5,,run
2026-09-12T18:13:42+03:00,1789226022,647,77,3,33.3,39.5,,run
2026-09-12T18:13:47+03:00,1789226027,652,77,3,33.3,38.9,,run
2026-09-12T18:13:53+03:00,1789226033,658,77,3,33.3,43.2,,run
2026-09-12T18:13:58+03:00,1789226038,663,77,3,33.3,39.5,,run
2026-09-12T18:14:04+03:00,1789226044,669,77,3,33.3,39.2,,run
2026-09-12T18:14:09+03:00,1789226049,674,77,3,33.3,38.9,,run
2026-09-12T18:14:15+03:00,1789226055,680,77,3,33.3,48.2,,run
2026-09-12T18:14:20+03:00,1789226060,685,77,3,33.3,51.3,,run
2026-09-12T18:14:26+03:00,1789226066,691,77,3,33.3,42.0,,run
2026-09-12T18:14:31+03:00,1789226071,696,77,3,33.3,42.6,,run
2026-09-12T18:14:37+03:00,1789226077,702,77,3,33.3,39.2,,run
2026-09-12T18:14:42+03:00,1789226082,707,77,3,33.3,38.6,,run
2026-09-12T18:14:48+03:00,1789226088,713,77,3,33.3,38.0,,run
2026-09-12T18:14:53+03:00,1789226093,718,77,3,33.3,38.3,,run
2026-09-12T18:14:59+03:00,1789226099,724,77,3,33.3,38.0,,run
2026-09-12T18:15:04+03:00,1789226104,729,77,3,33.3,41.1,,run
2026-09-12T18:15:10+03:00,1789226110,735,77,3,33.3,52.8,,run
2026-09-12T18:15:15+03:00,1789226115,740,77,3,33.3,42.0,,run
2026-09-12T18:15:20+03:00,1789226120,745,77,3,33.3,40.2,,run
2026-09-12T18:15:26+03:00,1789226126,751,77,3,33.3,40.2,,run
2026-09-12T18:15:31+03:00,1789226131,756,77,3,33.3,42.0,,run
2026-09-12T18:15:37+03:00,1789226137,762,77,3,33.3,41.4,,run
2026-09-12T18:15:42+03:00,1789226142,767,77,3,33.3,42.9,,run
2026-09-12T18:15:48+03:00,1789226148,773,77,3,33.3,42.6,,run
2026-09-12T18:15:53+03:00,1789226153,778,77,3,33.3,42.9,,run
2026-09-12T18:15:58+03:00,1789226158,783,77,3,33.3,43.9,,run
2026-09-12T18:16:04+03:00,1789226164,789,77,3,33.3,43.9,,run
2026-09-12T18:16:09+03:00,1789226169,794,77,3,33.3,40.5,,run
2026-09-12T18:16:14+03:00,1789226174,799,77,3,33.3,39.8,,run
2026-09-12T18:16:20+03:00,1789226180,805,77,3,33.3,43.6,,run
2026-09-12T18:16:25+03:00,1789226185,810,77,3,33.3,51.9,,run
2026-09-12T18:16:31+03:00,1789226191,816,77,3,33.3,47.6,,run
2026-09-12T18:16:36+03:00,1789226196,821,77,3,33.3,46.0,,run
2026-09-12T18:16:41+03:00,1789226201,826,77,3,33.3,39.5,,run
2026-09-12T18:16:47+03:00,1789226207,832,77,3,33.3,39.2,,run
2026-09-12T18:16:52+03:00,1789226212,837,77,3,33.3,37.7,,run
2026-09-12T18:16:58+03:00,1789226218,843,77,3,33.3,51.6,,run
2026-09-12T18:17:04+03:00,1789226224,849,77,3,33.3,45.4,,run
2026-09-12T18:17:09+03:00,1789226229,854,77,3,33.3,39.8,,run
2026-09-12T18:17:15+03:00,1789226235,860,77,3,33.3,47.9,,run
2026-09-12T18:17:20+03:00,1789226240,865,77,3,33.3,47.3,,run
2026-09-12T18:17:25+03:00,1789226245,870,77,3,33.3,42.3,,run
2026-09-12T18:17:31+03:00,1789226251,876,77,3,33.3,41.1,,run
2026-09-12T18:17:36+03:00,1789226256,881,77,3,33.3,40.8,,run
2026-09-12T18:17:41+03:00,1789226261,886,77,3,33.3,39.8,,run
2026-09-12T18:17:47+03:00,1789226267,892,77,3,33.3,41.7,,run
2026-09-12T18:17:52+03:00,1789226272,897,77,3,33.3,42.9,,run
2026-09-12T18:17:58+03:00,1789226278,903,77,3,33.3,43.6,,run
2026-09-12T18:18:03+03:00,1789226283,908,77,3,33.3,43.9,,run
2026-09-12T18:18:08+03:00,1789226288,913,77,3,33.3,43.2,,run
2026-09-12T18:18:14+03:00,1789226294,919,77,3,33.3,42.0,,run
2026-09-12T18:18:19+03:00,1789226299,924,77,3,33.3,41.7,,run
2026-09-12T18:18:25+03:00,1789226305,930,77,3,33.3,41.4,,run
2026-09-12T18:18:30+03:00,1789226310,935,77,3,33.3,38.6,,run
2026-09-12T18:18:36+03:00,1789226316,941,77,3,33.3,38.3,,run
2026-09-12T18:18:41+03:00,1789226321,946,77,3,33.3,46.0,,run
2026-09-12T18:18:46+03:00,1789226326,951,77,3,33.3,39.8,,run
2026-09-12T18:18:52+03:00,1789226332,957,77,3,33.3,39.8,,run
2026-09-12T18:18:57+03:00,1789226337,962,77,3,33.3,38.9,,run
2026-09-12T18:19:03+03:00,1789226343,968,77,3,33.3,40.5,,run
2026-09-12T18:19:08+03:00,1789226348,973,77,3,33.3,42.6,,run
2026-09-12T18:19:14+03:00,1789226354,979,77,3,33.3,40.2,,run
2026-09-12T18:19:19+03:00,1789226359,984,77,3,33.3,43.9,,run
2026-09-12T18:19:25+03:00,1789226365,990,77,3,33.3,42.9,,run
2026-09-12T18:19:30+03:00,1789226370,995,77,3,33.3,47.6,,run
2026-09-12T18:19:35+03:00,1789226375,1000,77,3,33.3,44.2,,run
2026-09-12T18:19:41+03:00,1789226381,1006,77,3,33.3,43.9,,run
2026-09-12T18:19:46+03:00,1789226386,1011,77,3,33.3,44.5,,run
2026-09-12T18:19:51+03:00,1789226391,1016,77,3,33.3,43.2,,run
2026-09-12T18:19:57+03:00,1789226397,1022,77,3,33.3,40.5,,run
2026-09-12T18:20:02+03:00,1789226402,1027,77,3,33.3,40.2,,run
2026-09-12T18:20:08+03:00,1789226408,1033,77,3,33.3,40.2,,run
2026-09-12T18:20:13+03:00,1789226413,1038,77,3,33.3,39.5,,run
2026-09-12T18:20:19+03:00,1789226419,1044,77,3,33.3,48.2,,run
2026-09-12T18:20:24+03:00,1789226424,1049,77,3,33.3,43.2,,run
2026-09-12T18:20:30+03:00,1789226430,1055,77,3,33.3,46.3,,run
2026-09-12T18:20:35+03:00,1789226435,1060,77,3,33.3,38.9,,run
2026-09-12T18:20:41+03:00,1789226441,1066,77,3,33.3,38.3,,run
2026-09-12T18:20:46+03:00,1789226446,1071,77,3,33.3,43.9,,run
2026-09-12T18:20:51+03:00,1789226451,1076,77,3,33.3,41.4,,run
2026-09-12T18:20:57+03:00,1789226457,1082,77,3,33.3,43.9,,run
2026-09-12T18:21:02+03:00,1789226462,1087,77,3,33.3,42.3,,run
2026-09-12T18:21:07+03:00,1789226467,1092,77,3,33.3,42.0,,run
2026-09-12T18:21:13+03:00,1789226473,1098,77,3,33.3,49.7,,run
2026-09-12T18:21:18+03:00,1789226478,1103,77,3,33.3,41.1,,run
2026-09-12T18:21:24+03:00,1789226484,1109,77,3,33.3,40.2,,run
2026-09-12T18:21:29+03:00,1789226489,1114,77,3,33.3,41.1,,run
2026-09-12T18:21:35+03:00,1789226495,1120,76,3,33.6,46.0,,run
2026-09-12T18:21:40+03:00,1789226500,1125,76,3,33.6,44.8,,run
2026-09-12T18:21:46+03:00,1789226506,1131,76,3,33.6,40.2,,run
2026-09-12T18:21:51+03:00,1789226511,1136,76,3,33.6,41.1,,run
2026-09-12T18:21:57+03:00,1789226517,1142,76,3,33.6,39.5,,run
2026-09-12T18:22:02+03:00,1789226522,1147,76,3,33.6,41.4,,run
2026-09-12T18:22:07+03:00,1789226527,1152,76,3,33.6,42.0,,run
2026-09-12T18:22:13+03:00,1789226533,1158,76,3,33.6,43.9,,run
2026-09-12T18:22:18+03:00,1789226538,1163,76,3,33.6,43.2,,run
2026-09-12T18:22:23+03:00,1789226543,1168,76,3,33.6,47.0,,run
2026-09-12T18:22:29+03:00,1789226549,1174,76,3,33.6,52.5,,run
2026-09-12T18:22:34+03:00,1789226554,1179,76,3,33.6,39.8,,run
2026-09-12T18:22:40+03:00,1789226560,1185,76,3,33.6,39.2,,run
2026-09-12T18:22:45+03:00,1789226565,1190,76,3,33.6,38.9,,run
2026-09-12T18:22:51+03:00,1789226571,1196,76,3,33.6,38.6,,run
2026-09-12T18:22:56+03:00,1789226576,1201,76,3,33.5,43.9,,run
2026-09-12T18:23:02+03:00,1789226582,1207,76,3,33.5,40.8,,run
2026-09-12T18:23:07+03:00,1789226587,1212,76,3,33.5,38.9,,run
2026-09-12T18:23:13+03:00,1789226593,1218,76,3,33.5,41.4,,run
2026-09-12T18:23:18+03:00,1789226598,1223,76,3,33.5,47.9,,run
2026-09-12T18:23:24+03:00,1789226604,1229,76,3,33.5,41.4,,run
2026-09-12T18:23:29+03:00,1789226609,1234,76,3,33.5,45.7,,run
2026-09-12T18:23:34+03:00,1789226614,1239,76,3,33.5,48.8,,run
2026-09-12T18:23:40+03:00,1789226620,1245,76,3,33.5,44.8,,run
2026-09-12T18:23:45+03:00,1789226625,1250,76,3,33.5,43.6,,run
2026-09-12T18:23:50+03:00,1789226630,1255,76,3,33.5,44.8,,run
2026-09-12T18:23:55+03:00,1789226635,1260,76,3,33.5,43.9,,run
2026-09-12T18:24:01+03:00,1789226641,1266,76,3,33.5,42.3,,run
2026-09-12T18:24:06+03:00,1789226646,1271,76,3,33.5,39.8,,run
2026-09-12T18:24:12+03:00,1789226652,1277,76,3,33.5,40.2,,run
2026-09-12T18:24:17+03:00,1789226657,1282,76,3,33.5,38.6,,run
2026-09-12T18:24:23+03:00,1789226663,1288,76,3,33.5,38.9,,run
2026-09-12T18:24:28+03:00,1789226668,1293,76,3,33.5,39.2,,run
2026-09-12T18:24:34+03:00,1789226674,1299,76,3,33.5,52.2,,run
2026-09-12T18:24:39+03:00,1789226679,1304,76,3,33.5,40.5,,run
2026-09-12T18:24:45+03:00,1789226685,1310,76,3,33.5,39.2,,run
2026-09-12T18:24:50+03:00,1789226690,1315,76,3,33.5,45.7,,run
2026-09-12T18:24:55+03:00,1789226695,1320,76,3,33.5,41.7,,run
2026-09-12T18:25:01+03:00,1789226701,1326,76,3,33.5,38.9,,run
2026-09-12T18:25:06+03:00,1789226706,1331,76,3,33.5,38.9,,run
2026-09-12T18:25:12+03:00,1789226712,1337,76,3,33.5,38.6,,run
2026-09-12T18:25:17+03:00,1789226717,1342,76,3,33.5,45.4,,run
2026-09-12T18:25:23+03:00,1789226723,1348,76,3,33.5,41.7,,run
2026-09-12T18:25:29+03:00,1789226729,1354,76,3,33.5,41.4,,run
2026-09-12T18:25:34+03:00,1789226734,1359,76,3,33.5,41.7,,run
2026-09-12T18:25:39+03:00,1789226739,1364,76,3,33.5,47.0,,run
2026-09-12T18:25:45+03:00,1789226745,1370,76,3,33.5,44.8,,run
2026-09-12T18:25:50+03:00,1789226750,1375,76,3,33.5,42.6,,run
2026-09-12T18:25:55+03:00,1789226755,1380,76,3,33.5,42.9,,run
2026-09-12T18:26:01+03:00,1789226761,1386,76,3,33.5,43.6,,run
2026-09-12T18:26:06+03:00,1789226766,1391,76,3,33.5,42.3,,run
2026-09-12T18:26:11+03:00,1789226771,1396,76,3,33.5,40.5,,run
2026-09-12T18:26:17+03:00,1789226777,1402,76,3,33.5,39.5,,run
2026-09-12T18:26:22+03:00,1789226782,1407,76,3,33.5,39.5,,run
2026-09-12T18:26:28+03:00,1789226788,1413,76,3,33.5,38.9,,run
2026-09-12T18:26:33+03:00,1789226793,1418,76,3,33.5,40.2,,run
2026-09-12T18:26:39+03:00,1789226799,1424,76,3,33.5,52.8,,run
2026-09-12T18:26:44+03:00,1789226804,1429,76,3,33.5,40.5,,run
2026-09-12T18:26:50+03:00,1789226810,1435,76,3,33.5,39.2,,run
2026-09-12T18:26:55+03:00,1789226815,1440,76,3,33.5,38.0,,run
2026-09-12T18:27:01+03:00,1789226821,1446,76,3,33.5,43.6,,run
2026-09-12T18:27:06+03:00,1789226826,1451,76,3,33.5,41.1,,run
2026-09-12T18:27:12+03:00,1789226832,1457,76,3,33.5,40.2,,run
2026-09-12T18:27:17+03:00,1789226837,1462,76,3,33.5,38.9,,run
2026-09-12T18:27:22+03:00,1789226842,1467,76,3,33.5,38.3,,run
2026-09-12T18:27:28+03:00,1789226848,1473,76,3,33.5,51.6,,run
2026-09-12T18:27:33+03:00,1789226853,1478,76,3,33.5,40.5,,run
2026-09-12T18:27:39+03:00,1789226859,1484,76,3,33.5,39.5,,run
2026-09-12T18:27:44+03:00,1789226864,1489,76,3,33.5,39.8,,run
2026-09-12T18:27:50+03:00,1789226870,1495,76,3,33.5,45.1,,run
2026-09-12T18:27:55+03:00,1789226875,1500,76,3,33.5,41.1,,run
2026-09-12T18:28:01+03:00,1789226881,1506,76,3,33.5,41.1,,run
2026-09-12T18:28:06+03:00,1789226886,1511,76,3,33.5,41.4,,run
2026-09-12T18:28:12+03:00,1789226892,1517,76,3,33.5,41.7,,run
2026-09-12T18:28:17+03:00,1789226897,1522,76,3,33.5,46.0,,run
2026-09-12T18:28:22+03:00,1789226902,1527,76,3,33.5,42.6,,run
2026-09-12T18:28:27+03:00,1789226907,1532,76,3,33.5,42.3,,run
2026-09-12T18:28:33+03:00,1789226913,1538,76,3,33.5,42.9,,run
2026-09-12T18:28:38+03:00,1789226918,1543,76,3,33.5,42.9,,run
2026-09-12T18:28:43+03:00,1789226923,1548,76,3,33.5,52.2,,run
2026-09-12T18:28:49+03:00,1789226929,1554,76,3,33.5,39.8,,run
2026-09-12T18:28:55+03:00,1789226935,1560,76,3,33.5,39.2,,run
2026-09-12T18:29:00+03:00,1789226940,1565,76,3,33.5,40.5,,run
2026-09-12T18:29:06+03:00,1789226946,1571,76,3,33.5,38.3,,run
2026-09-12T18:29:11+03:00,1789226951,1576,76,3,33.5,52.5,,run
2026-09-12T18:29:17+03:00,1789226957,1582,76,3,33.5,48.2,,run
2026-09-12T18:29:22+03:00,1789226962,1587,76,3,33.5,41.4,,run
2026-09-12T18:29:28+03:00,1789226968,1593,76,3,33.5,42.9,,run
2026-09-12T18:29:33+03:00,1789226973,1598,76,3,33.5,41.1,,run
2026-09-12T18:29:39+03:00,1789226979,1604,76,3,33.5,42.0,,run
2026-09-12T18:29:44+03:00,1789226984,1609,76,3,33.5,42.6,,run
2026-09-12T18:29:49+03:00,1789226989,1614,76,3,33.5,41.1,,run
2026-09-12T18:29:55+03:00,1789226995,1620,76,3,33.5,41.7,,run
2026-09-12T18:30:00+03:00,1789227000,1625,76,3,33.5,46.3,,run
2026-09-12T18:30:06+03:00,1789227006,1631,76,3,33.5,47.9,,run
2026-09-12T18:30:11+03:00,1789227011,1636,76,3,33.5,40.5,,run
2026-09-12T18:30:16+03:00,1789227016,1641,76,3,33.5,40.2,,run
2026-09-12T18:30:22+03:00,1789227022,1647,76,3,33.5,41.4,,run
2026-09-12T18:30:27+03:00,1789227027,1652,76,3,33.5,51.6,,run
2026-09-12T18:30:33+03:00,1789227033,1658,76,3,33.5,40.8,,run
2026-09-12T18:30:38+03:00,1789227038,1663,76,3,33.5,39.8,,run
2026-09-12T18:30:44+03:00,1789227044,1669,76,3,33.5,38.3,,run
2026-09-12T18:30:49+03:00,1789227049,1674,76,3,33.5,39.5,,run
2026-09-12T18:30:55+03:00,1789227055,1680,76,3,33.5,38.0,,run
2026-09-12T18:31:00+03:00,1789227060,1685,76,3,33.5,38.0,,run
2026-09-12T18:31:06+03:00,1789227066,1691,76,3,33.5,37.7,,run
2026-09-12T18:31:11+03:00,1789227071,1696,76,3,33.5,38.0,,run
2026-09-12T18:31:17+03:00,1789227077,1702,76,3,33.5,48.8,,run
2026-09-12T18:31:22+03:00,1789227082,1707,76,3,33.5,48.5,,run
2026-09-12T18:31:27+03:00,1789227087,1712,76,3,33.5,45.7,,run
2026-09-12T18:31:33+03:00,1789227093,1718,76,3,33.5,42.6,,run
2026-09-12T18:31:38+03:00,1789227098,1723,76,3,33.5,42.6,,run
2026-09-12T18:31:43+03:00,1789227103,1728,76,3,33.5,43.2,,run
2026-09-12T18:31:49+03:00,1789227109,1734,76,3,33.5,42.6,,run
2026-09-12T18:31:54+03:00,1789227114,1739,76,3,33.5,42.9,,run
2026-09-12T18:31:59+03:00,1789227119,1744,76,3,33.5,39.5,,run
2026-09-12T18:32:05+03:00,1789227125,1750,76,3,33.5,39.2,,run
2026-09-12T18:32:10+03:00,1789227130,1755,76,3,33.5,46.7,,run
2026-09-12T18:32:16+03:00,1789227136,1761,76,3,33.5,42.3,,run
2026-09-12T18:32:21+03:00,1789227141,1766,76,3,33.5,39.8,,run
2026-09-12T18:32:27+03:00,1789227146,1771,76,3,33.5,38.9,,run
2026-09-12T18:32:32+03:00,1789227152,1777,76,3,33.5,51.6,,run
2026-09-12T18:32:38+03:00,1789227158,1783,76,3,33.5,39.8,,run
2026-09-12T18:32:43+03:00,1789227163,1788,76,3,33.5,38.9,,run
2026-09-12T18:32:49+03:00,1789227169,1794,76,3,33.5,38.0,,run
2026-09-12T18:32:54+03:00,1789227174,1799,76,3,32.7,38.0,,run
2026-09-12T18:33:00+03:00,1789227180,1805,76,3,32.7,37.4,,run
2026-09-12T18:33:05+03:00,1789227185,1810,76,3,32.7,38.0,,run
2026-09-12T18:33:11+03:00,1789227191,1816,76,3,32.7,38.0,,run
2026-09-12T18:33:16+03:00,1789227196,1821,76,3,32.7,45.1,,run
2026-09-12T18:33:22+03:00,1789227202,1827,75,3,32.7,41.1,,run
2026-09-12T18:33:27+03:00,1789227207,1832,75,3,32.7,39.5,,run
2026-09-12T18:33:33+03:00,1789227213,1838,75,3,32.7,46.7,,run
2026-09-12T18:33:38+03:00,1789227218,1843,75,3,32.7,46.3,,run
2026-09-12T18:33:44+03:00,1789227224,1849,75,3,32.7,42.3,,run
2026-09-12T18:33:49+03:00,1789227229,1854,75,3,32.7,42.0,,run
2026-09-12T18:33:54+03:00,1789227234,1859,75,3,32.7,42.6,,run
2026-09-12T18:34:00+03:00,1789227240,1865,75,3,32.7,43.2,,run
2026-09-12T18:34:05+03:00,1789227245,1870,75,3,32.7,41.7,,run
2026-09-12T18:34:10+03:00,1789227250,1875,75,3,32.7,38.9,,run
2026-09-12T18:34:16+03:00,1789227256,1881,75,3,32.7,39.2,,run
2026-09-12T18:34:21+03:00,1789227261,1886,75,3,32.7,42.0,,run
2026-09-12T18:34:27+03:00,1789227267,1892,75,3,32.7,46.0,,run
2026-09-12T18:34:32+03:00,1789227272,1897,75,3,32.7,41.1,,run
2026-09-12T18:34:37+03:00,1789227277,1902,75,3,32.7,56.2,,run
2026-09-12T18:34:43+03:00,1789227283,1908,75,3,32.7,40.2,,run
2026-09-12T18:34:49+03:00,1789227289,1914,75,3,32.7,39.2,,run
2026-09-12T18:34:54+03:00,1789227294,1919,75,3,32.7,38.6,,run
2026-09-12T18:35:00+03:00,1789227300,1925,75,3,32.7,37.7,,run
2026-09-12T18:35:05+03:00,1789227305,1930,75,3,32.7,37.4,,run
2026-09-12T18:35:11+03:00,1789227311,1936,75,3,32.7,38.6,,run
2026-09-12T18:35:16+03:00,1789227316,1941,75,3,32.7,37.7,,run
2026-09-12T18:35:22+03:00,1789227322,1947,75,3,32.7,38.3,,run
2026-09-12T18:35:27+03:00,1789227327,1952,75,3,32.7,49.7,,run
2026-09-12T18:35:32+03:00,1789227332,1957,75,3,32.7,40.5,,run
2026-09-12T18:35:38+03:00,1789227338,1963,75,3,32.7,39.5,,run
2026-09-12T18:35:43+03:00,1789227343,1968,75,3,32.7,46.7,,run
2026-09-12T18:35:49+03:00,1789227349,1974,75,3,32.7,44.8,,run
2026-09-12T18:35:54+03:00,1789227354,1979,75,3,32.7,39.8,,run
2026-09-12T18:36:00+03:00,1789227360,1985,75,3,32.7,39.8,,run
2026-09-12T18:36:05+03:00,1789227365,1990,75,3,32.7,38.9,,run
2026-09-12T18:36:11+03:00,1789227371,1996,75,3,32.7,38.6,,run
2026-09-12T18:36:16+03:00,1789227376,2001,75,3,32.7,44.8,,run
2026-09-12T18:36:21+03:00,1789227381,2006,75,3,32.7,40.8,,run
2026-09-12T18:36:27+03:00,1789227387,2012,75,3,32.7,41.7,,run
2026-09-12T18:36:32+03:00,1789227392,2017,75,3,32.7,46.7,,run
2026-09-12T18:36:37+03:00,1789227397,2022,75,3,32.7,47.0,,run
2026-09-12T18:36:43+03:00,1789227403,2028,75,3,32.7,51.3,,run
2026-09-12T18:36:48+03:00,1789227408,2033,75,3,32.7,55.6,,run
2026-09-12T18:36:54+03:00,1789227414,2039,75,3,32.7,46.7,,run
2026-09-12T18:36:59+03:00,1789227419,2044,75,3,32.7,47.6,,run
2026-09-12T18:37:04+03:00,1789227424,2049,75,3,32.7,43.9,,run
2026-09-12T18:37:10+03:00,1789227430,2055,75,3,32.7,47.0,,run
2026-09-12T18:37:15+03:00,1789227435,2060,75,3,32.7,43.2,,run
2026-09-12T18:37:20+03:00,1789227440,2065,75,3,32.7,39.2,,run
2026-09-12T18:37:26+03:00,1789227446,2071,75,3,32.7,38.6,,run
2026-09-12T18:37:31+03:00,1789227451,2076,75,3,32.7,38.9,,run
2026-09-12T18:37:37+03:00,1789227457,2082,75,3,32.7,54.1,,run
2026-09-12T18:37:42+03:00,1789227462,2087,75,3,32.7,41.4,,run
2026-09-12T18:37:47+03:00,1789227467,2092,75,3,32.7,40.5,,run
2026-09-12T18:37:53+03:00,1789227473,2098,75,3,32.7,49.1,,run
2026-09-12T18:37:58+03:00,1789227478,2103,75,3,32.7,39.8,,run
2026-09-12T18:38:04+03:00,1789227484,2109,75,3,32.7,42.0,,run
2026-09-12T18:38:09+03:00,1789227489,2114,75,3,32.7,42.3,,run
2026-09-12T18:38:14+03:00,1789227494,2119,75,3,32.7,43.9,,run
2026-09-12T18:38:20+03:00,1789227500,2125,75,3,32.7,42.3,,run
2026-09-12T18:38:25+03:00,1789227505,2130,75,3,32.7,41.1,,run
2026-09-12T18:38:31+03:00,1789227511,2136,75,3,32.7,39.5,,run
2026-09-12T18:38:36+03:00,1789227516,2141,75,3,32.7,46.0,,run
2026-09-12T18:38:41+03:00,1789227521,2146,75,3,32.7,46.3,,run
2026-09-12T18:38:47+03:00,1789227527,2152,75,3,32.7,43.9,,run
2026-09-12T18:38:52+03:00,1789227532,2157,75,3,32.7,52.5,,run
2026-09-12T18:38:58+03:00,1789227538,2163,75,3,32.7,41.1,,run
2026-09-12T18:39:04+03:00,1789227544,2169,75,3,32.7,40.2,,run
2026-09-12T18:39:09+03:00,1789227549,2174,75,3,32.7,39.8,,run
2026-09-12T18:39:14+03:00,1789227554,2179,75,3,32.7,38.0,,run
2026-09-12T18:39:20+03:00,1789227560,2185,75,3,32.7,37.7,,run
2026-09-12T18:39:25+03:00,1789227565,2190,75,3,32.7,40.2,,run
2026-09-12T18:39:31+03:00,1789227571,2196,75,3,32.7,42.3,,run
2026-09-12T18:39:36+03:00,1789227576,2201,75,3,32.7,42.3,,run
2026-09-12T18:39:41+03:00,1789227581,2206,75,3,32.7,50.7,,run
2026-09-12T18:39:47+03:00,1789227587,2212,75,3,32.7,44.8,,run
2026-09-12T18:39:53+03:00,1789227593,2218,75,3,32.7,42.3,,run
2026-09-12T18:39:58+03:00,1789227598,2223,75,3,32.7,45.7,,run
2026-09-12T18:40:03+03:00,1789227603,2228,75,3,32.7,47.3,,run
2026-09-12T18:40:09+03:00,1789227609,2234,75,3,32.7,41.4,,run
2026-09-12T18:40:14+03:00,1789227614,2239,75,3,32.7,39.8,,run
2026-09-12T18:40:20+03:00,1789227620,2245,75,3,32.7,39.2,,run
2026-09-12T18:40:25+03:00,1789227625,2250,75,3,32.7,39.5,,run
2026-09-12T18:40:31+03:00,1789227631,2256,75,3,32.7,38.9,,run
2026-09-12T18:40:36+03:00,1789227636,2261,75,3,32.7,39.5,,run
2026-09-12T18:40:42+03:00,1789227642,2267,75,3,32.7,38.9,,run
2026-09-12T18:40:47+03:00,1789227647,2272,75,3,32.7,42.3,,run
2026-09-12T18:40:52+03:00,1789227652,2277,75,3,32.7,45.1,,run
2026-09-12T18:40:58+03:00,1789227658,2283,75,3,32.7,51.6,,run
2026-09-12T18:41:04+03:00,1789227664,2289,75,3,32.7,43.6,,run
2026-09-12T18:41:09+03:00,1789227669,2294,75,3,32.7,41.4,,run
2026-09-12T18:41:15+03:00,1789227675,2300,75,3,32.7,38.3,,run
2026-09-12T18:41:20+03:00,1789227680,2305,75,3,32.7,38.0,,run
2026-09-12T18:41:26+03:00,1789227686,2311,75,3,32.7,38.6,,run
2026-09-12T18:41:31+03:00,1789227691,2316,75,3,32.7,39.2,,run
2026-09-12T18:41:37+03:00,1789227697,2322,75,3,32.7,40.2,,run
2026-09-12T18:41:42+03:00,1789227702,2327,75,3,32.7,39.8,,run
2026-09-12T18:41:47+03:00,1789227707,2332,75,3,32.7,51.9,,run
2026-09-12T18:41:53+03:00,1789227713,2338,75,3,32.7,43.2,,run
2026-09-12T18:41:58+03:00,1789227718,2343,75,3,32.7,41.1,,run
2026-09-12T18:42:03+03:00,1789227723,2348,75,3,32.7,39.5,,run
2026-09-12T18:42:09+03:00,1789227729,2354,75,3,32.7,44.2,,run
2026-09-12T18:42:14+03:00,1789227734,2359,75,3,32.7,45.7,,run
2026-09-12T18:42:19+03:00,1789227739,2364,75,3,32.7,41.4,,run
2026-09-12T18:42:25+03:00,1789227745,2370,75,3,32.7,39.2,,run
2026-09-12T18:42:30+03:00,1789227750,2375,75,3,32.7,39.8,,run
2026-09-12T18:42:36+03:00,1789227756,2381,75,3,32.7,38.6,,run
2026-09-12T18:42:41+03:00,1789227761,2386,75,3,32.7,38.9,,run
2026-09-12T18:42:47+03:00,1789227767,2392,75,3,32.7,38.9,,run
2026-09-12T18:42:52+03:00,1789227772,2397,75,3,32.7,40.5,,run
2026-09-12T18:42:58+03:00,1789227778,2403,75,3,32.5,40.8,,run
2026-09-12T18:43:03+03:00,1789227783,2408,75,3,32.5,51.6,,run
2026-09-12T18:43:09+03:00,1789227789,2414,75,3,32.5,47.0,,run
2026-09-12T18:43:14+03:00,1789227794,2419,75,3,32.5,40.8,,run
2026-09-12T18:43:20+03:00,1789227800,2425,75,3,32.5,38.3,,run
2026-09-12T18:43:25+03:00,1789227805,2430,75,3,32.5,41.1,,run
2026-09-12T18:43:31+03:00,1789227811,2436,75,3,32.5,38.0,,run
2026-09-12T18:43:36+03:00,1789227816,2441,75,3,32.5,40.5,,run
2026-09-12T18:43:41+03:00,1789227821,2446,75,3,32.5,38.3,,run
2026-09-12T18:43:47+03:00,1789227827,2452,75,3,32.5,38.0,,run
2026-09-12T18:43:52+03:00,1789227832,2457,75,3,32.5,51.3,,run
2026-09-12T18:43:58+03:00,1789227838,2463,75,3,32.5,40.2,,run
2026-09-12T18:44:04+03:00,1789227844,2469,75,3,32.5,39.2,,run
2026-09-12T18:44:09+03:00,1789227849,2474,75,3,32.5,38.6,,run
2026-09-12T18:44:15+03:00,1789227855,2480,75,3,32.5,38.6,,run
2026-09-12T18:44:20+03:00,1789227860,2485,75,3,32.5,37.7,,run
2026-09-12T18:44:26+03:00,1789227866,2491,75,3,32.5,45.7,,run
2026-09-12T18:44:31+03:00,1789227871,2496,75,3,32.5,39.8,,run
2026-09-12T18:44:36+03:00,1789227876,2501,75,3,32.5,40.5,,run
2026-09-12T18:44:42+03:00,1789227882,2507,75,3,32.5,40.5,,run
2026-09-12T18:44:47+03:00,1789227887,2512,75,3,32.5,42.6,,run
2026-09-12T18:44:52+03:00,1789227892,2517,75,3,32.5,42.6,,run
2026-09-12T18:44:58+03:00,1789227898,2523,75,3,32.5,39.5,,run
2026-09-12T18:45:03+03:00,1789227903,2528,75,3,32.5,39.2,,run
2026-09-12T18:45:09+03:00,1789227909,2534,75,3,32.5,51.0,,run
2026-09-12T18:45:14+03:00,1789227914,2539,75,3,32.5,43.9,,run
2026-09-12T18:45:19+03:00,1789227919,2544,75,3,32.5,41.7,,run
2026-09-12T18:45:25+03:00,1789227925,2550,75,3,32.5,38.9,,run
2026-09-12T18:45:30+03:00,1789227930,2555,75,3,32.5,38.0,,run
2026-09-12T18:45:36+03:00,1789227936,2561,75,3,32.5,38.0,,run
2026-09-12T18:45:41+03:00,1789227941,2566,75,3,32.5,39.2,,run
2026-09-12T18:45:47+03:00,1789227947,2572,75,3,32.5,40.2,,run
2026-09-12T18:45:52+03:00,1789227952,2577,75,3,32.5,41.4,,run
2026-09-12T18:45:58+03:00,1789227958,2583,75,3,32.5,49.7,,run
2026-09-12T18:46:03+03:00,1789227963,2588,75,3,32.5,42.9,,run
2026-09-12T18:46:08+03:00,1789227968,2593,75,3,32.5,42.3,,run
2026-09-12T18:46:14+03:00,1789227974,2599,74,3,32.4,43.2,,run
2026-09-12T18:46:19+03:00,1789227979,2604,74,3,32.4,42.6,,run
2026-09-12T18:46:24+03:00,1789227984,2609,74,3,32.4,43.6,,run
2026-09-12T18:46:30+03:00,1789227990,2615,74,3,32.4,47.6,,run
2026-09-12T18:46:35+03:00,1789227995,2620,74,3,32.4,41.4,,run
2026-09-12T18:46:40+03:00,1789228000,2625,74,3,32.4,40.8,,run
2026-09-12T18:46:46+03:00,1789228006,2631,74,3,32.4,40.2,,run
2026-09-12T18:46:51+03:00,1789228011,2636,74,3,32.4,38.3,,run
2026-09-12T18:46:57+03:00,1789228017,2642,74,3,32.4,38.3,,run
2026-09-12T18:47:02+03:00,1789228022,2647,74,3,32.4,38.9,,run
2026-09-12T18:47:08+03:00,1789228028,2653,74,3,32.4,38.3,,run
2026-09-12T18:47:13+03:00,1789228033,2658,74,3,32.4,51.6,,run
2026-09-12T18:47:19+03:00,1789228039,2664,74,3,32.4,46.3,,run
2026-09-12T18:47:24+03:00,1789228044,2669,74,3,32.4,48.5,,run
2026-09-12T18:47:29+03:00,1789228049,2674,74,3,32.4,39.2,,run
2026-09-12T18:47:35+03:00,1789228055,2680,74,3,32.4,37.7,,run
2026-09-12T18:47:40+03:00,1789228060,2685,74,3,32.4,37.4,,run
2026-09-12T18:47:46+03:00,1789228066,2691,74,3,32.4,38.0,,run
2026-09-12T18:47:51+03:00,1789228071,2696,74,3,32.4,37.7,,run
2026-09-12T18:47:57+03:00,1789228077,2702,74,3,32.4,38.0,,run
2026-09-12T18:48:02+03:00,1789228082,2707,74,3,32.4,50.7,,run
2026-09-12T18:48:08+03:00,1789228088,2713,74,3,32.4,39.2,,run
2026-09-12T18:48:13+03:00,1789228093,2718,74,3,32.4,38.6,,run
2026-09-12T18:48:19+03:00,1789228099,2724,74,3,32.4,38.6,,run
2026-09-12T18:48:24+03:00,1789228104,2729,74,3,32.4,41.1,,run
2026-09-12T18:48:30+03:00,1789228110,2735,74,3,32.4,43.2,,run
2026-09-12T18:48:35+03:00,1789228115,2740,74,3,32.4,46.0,,run
2026-09-12T18:48:40+03:00,1789228120,2745,74,3,32.4,47.9,,run
2026-09-12T18:48:45+03:00,1789228125,2750,74,3,32.4,43.6,,run
2026-09-12T18:48:51+03:00,1789228131,2756,74,3,32.4,44.2,,run
2026-09-12T18:48:56+03:00,1789228136,2761,74,3,32.4,42.6,,run
2026-09-12T18:49:01+03:00,1789228141,2766,74,3,32.4,40.2,,run
2026-09-12T18:49:07+03:00,1789228147,2772,74,3,32.4,38.6,,run
2026-09-12T18:49:12+03:00,1789228152,2777,74,3,32.4,38.3,,run
2026-09-12T18:49:18+03:00,1789228158,2783,74,3,32.4,51.3,,run
2026-09-12T18:49:24+03:00,1789228164,2789,74,3,32.4,38.9,,run
2026-09-12T18:49:29+03:00,1789228169,2794,74,3,32.4,46.0,,run
2026-09-12T18:49:35+03:00,1789228175,2800,74,3,32.4,40.8,,run
2026-09-12T18:49:40+03:00,1789228180,2805,74,3,32.4,38.9,,run
2026-09-12T18:49:46+03:00,1789228186,2811,74,3,32.4,38.0,,run
2026-09-12T18:49:51+03:00,1789228191,2816,74,3,32.4,38.0,,run
2026-09-12T18:49:57+03:00,1789228197,2822,74,3,32.4,38.0,,run
2026-09-12T18:50:02+03:00,1789228202,2827,74,3,32.4,37.7,,run
2026-09-12T18:50:08+03:00,1789228208,2833,74,3,32.4,51.3,,run
2026-09-12T18:50:13+03:00,1789228213,2838,74,3,32.4,41.7,,run
2026-09-12T18:50:18+03:00,1789228218,2843,74,3,32.4,41.1,,run
2026-09-12T18:50:24+03:00,1789228224,2849,74,3,32.4,39.5,,run
2026-09-12T18:50:29+03:00,1789228229,2854,74,3,32.4,40.5,,run
2026-09-12T18:50:35+03:00,1789228235,2860,74,3,32.4,41.1,,run
2026-09-12T18:50:40+03:00,1789228240,2865,74,3,32.4,42.6,,run
2026-09-12T18:50:45+03:00,1789228245,2870,74,3,32.4,43.9,,run
2026-09-12T18:50:51+03:00,1789228251,2876,74,3,32.4,47.3,,run
2026-09-12T18:50:56+03:00,1789228256,2881,74,3,32.4,41.1,,run
2026-09-12T18:51:01+03:00,1789228261,2886,74,3,32.4,39.8,,run
2026-09-12T18:51:07+03:00,1789228267,2892,74,3,32.4,40.5,,run
2026-09-12T18:51:12+03:00,1789228272,2897,74,3,32.4,39.2,,run
2026-09-12T18:51:18+03:00,1789228278,2903,74,3,32.4,38.9,,run
2026-09-12T18:51:23+03:00,1789228283,2908,74,3,32.4,52.5,,run
2026-09-12T18:51:29+03:00,1789228289,2914,74,3,32.4,39.5,,run
2026-09-12T18:51:34+03:00,1789228294,2919,74,3,32.4,39.2,,run
2026-09-12T18:51:40+03:00,1789228300,2925,74,3,32.4,44.2,,run
2026-09-12T18:51:45+03:00,1789228305,2930,74,3,32.4,38.9,,run
2026-09-12T18:51:51+03:00,1789228311,2936,74,3,32.4,38.3,,run
2026-09-12T18:51:56+03:00,1789228316,2941,74,3,32.4,41.7,,run
2026-09-12T18:52:02+03:00,1789228322,2947,74,3,32.4,41.4,,run
2026-09-12T18:52:07+03:00,1789228327,2952,74,3,32.4,38.6,,run
2026-09-12T18:52:13+03:00,1789228333,2958,74,3,32.4,51.6,,run
2026-09-12T18:52:18+03:00,1789228338,2963,74,3,32.4,41.7,,run
2026-09-12T18:52:23+03:00,1789228343,2968,74,3,32.4,39.5,,run
2026-09-12T18:52:29+03:00,1789228349,2974,74,3,32.4,38.9,,run
2026-09-12T18:52:34+03:00,1789228354,2979,74,3,32.4,39.2,,run
2026-09-12T18:52:40+03:00,1789228360,2985,74,3,32.4,38.6,,run
2026-09-12T18:52:45+03:00,1789228365,2990,74,3,32.4,38.9,,run
2026-09-12T18:52:51+03:00,1789228371,2996,74,3,32.4,38.0,,run
2026-09-12T18:52:56+03:00,1789228376,3001,74,3,32.4,44.5,,run
2026-09-12T18:53:02+03:00,1789228382,3007,74,3,32.4,48.8,,run
2026-09-12T18:53:07+03:00,1789228387,3012,74,3,32.4,43.6,,run
2026-09-12T18:53:12+03:00,1789228392,3017,74,3,32.4,42.9,,run
2026-09-12T18:53:18+03:00,1789228398,3023,74,3,32.4,40.2,,run
2026-09-12T18:53:23+03:00,1789228403,3028,74,3,32.4,39.2,,run
2026-09-12T18:53:28+03:00,1789228408,3033,74,3,32.4,50.7,,run
2026-09-12T18:53:34+03:00,1789228414,3039,74,3,32.4,39.8,,run
2026-09-12T18:53:40+03:00,1789228420,3045,74,3,32.4,38.9,,run
2026-09-12T18:53:45+03:00,1789228425,3050,74,3,32.4,46.7,,run
2026-09-12T18:53:50+03:00,1789228430,3055,74,3,32.4,39.8,,run
2026-09-12T18:53:56+03:00,1789228436,3061,74,3,32.4,38.0,,run
2026-09-12T18:54:01+03:00,1789228441,3066,74,3,32.4,39.8,,run
2026-09-12T18:54:07+03:00,1789228447,3072,74,3,32.4,42.3,,run
2026-09-12T18:54:12+03:00,1789228452,3077,74,3,32.4,42.0,,run
2026-09-12T18:54:17+03:00,1789228457,3082,74,3,32.4,47.6,,run
2026-09-12T18:54:23+03:00,1789228463,3088,74,3,32.4,42.9,,run
2026-09-12T18:54:28+03:00,1789228468,3093,74,3,32.4,42.9,,run
2026-09-12T18:54:33+03:00,1789228473,3098,74,3,32.4,43.9,,run
2026-09-12T18:54:39+03:00,1789228479,3104,74,3,32.4,43.9,,run
2026-09-12T18:54:44+03:00,1789228484,3109,74,3,32.4,42.6,,run
2026-09-12T18:54:49+03:00,1789228489,3114,74,3,32.4,42.3,,run
2026-09-12T18:54:55+03:00,1789228495,3120,74,3,32.4,41.7,,run
2026-09-12T18:55:00+03:00,1789228500,3125,74,3,32.4,42.9,,run
2026-09-12T18:55:06+03:00,1789228506,3131,74,3,32.4,46.3,,run
2026-09-12T18:55:11+03:00,1789228511,3136,74,3,32.4,43.9,,run
2026-09-12T18:55:16+03:00,1789228516,3141,74,3,32.4,43.2,,run
2026-09-12T18:55:22+03:00,1789228522,3147,74,3,32.4,43.2,,run
2026-09-12T18:55:27+03:00,1789228527,3152,74,3,32.4,42.9,,run
2026-09-12T18:55:32+03:00,1789228532,3157,74,3,32.4,52.8,,run
2026-09-12T18:55:38+03:00,1789228538,3163,74,3,32.4,39.8,,run
2026-09-12T18:55:43+03:00,1789228543,3168,74,3,32.4,39.2,,run
2026-09-12T18:55:49+03:00,1789228549,3174,74,3,32.4,38.3,,run
2026-09-12T18:55:54+03:00,1789228554,3179,74,3,32.4,43.9,,run
2026-09-12T18:56:00+03:00,1789228560,3185,74,3,32.4,51.6,,run
2026-09-12T18:56:05+03:00,1789228565,3190,74,3,32.4,43.6,,run
2026-09-12T18:56:10+03:00,1789228570,3195,74,3,32.4,43.9,,run
2026-09-12T18:56:16+03:00,1789228576,3201,74,3,32.4,42.6,,run
2026-09-12T18:56:21+03:00,1789228581,3206,74,3,32.4,41.1,,run
2026-09-12T18:56:26+03:00,1789228586,3211,74,3,32.4,38.9,,run
2026-09-12T18:56:32+03:00,1789228592,3217,74,3,32.4,38.9,,run
2026-09-12T18:56:37+03:00,1789228597,3222,74,3,32.4,38.6,,run
2026-09-12T18:56:43+03:00,1789228603,3228,74,3,32.4,38.3,,run
2026-09-12T18:56:48+03:00,1789228608,3233,74,3,32.4,38.3,,run
2026-09-12T18:56:54+03:00,1789228614,3239,74,3,32.4,37.7,,run
2026-09-12T18:56:59+03:00,1789228619,3244,74,3,32.4,38.3,,run
2026-09-12T18:57:05+03:00,1789228625,3250,74,3,32.4,38.0,,run
2026-09-12T18:57:10+03:00,1789228630,3255,74,3,32.4,40.5,,run
2026-09-12T18:57:16+03:00,1789228636,3261,74,3,32.4,45.7,,run
2026-09-12T18:57:21+03:00,1789228641,3266,74,3,32.4,44.8,,run
2026-09-12T18:57:26+03:00,1789228646,3271,74,3,32.4,41.4,,run
2026-09-12T18:57:32+03:00,1789228652,3277,74,3,32.4,41.7,,run
2026-09-12T18:57:37+03:00,1789228657,3282,74,3,32.4,41.7,,run
2026-09-12T18:57:42+03:00,1789228662,3287,74,3,32.4,42.6,,run
2026-09-12T18:57:47+03:00,1789228667,3292,74,3,32.4,40.8,,run
2026-09-12T18:57:53+03:00,1789228673,3298,74,3,32.4,38.9,,run
2026-09-12T18:57:58+03:00,1789228678,3303,73,3,32.3,38.0,,run
2026-09-12T18:58:04+03:00,1789228684,3309,73,3,32.3,38.0,,run
2026-09-12T18:58:09+03:00,1789228689,3314,73,3,32.3,45.7,,run
2026-09-12T18:58:15+03:00,1789228695,3320,73,3,32.3,40.8,,run
2026-09-12T18:58:20+03:00,1789228700,3325,73,3,32.3,38.0,,run
2026-09-12T18:58:25+03:00,1789228705,3330,73,3,32.3,40.5,,run
2026-09-12T18:58:31+03:00,1789228711,3336,73,3,32.3,38.3,,run
2026-09-12T18:58:36+03:00,1789228716,3341,73,3,32.3,38.0,,run
2026-09-12T18:58:42+03:00,1789228722,3347,73,3,32.3,40.5,,run
2026-09-12T18:58:47+03:00,1789228727,3352,73,3,32.3,41.1,,run
2026-09-12T18:58:53+03:00,1789228733,3358,73,3,32.3,44.2,,run
2026-09-12T18:58:58+03:00,1789228738,3363,73,3,32.3,42.3,,run
2026-09-12T18:59:03+03:00,1789228743,3368,73,3,32.3,42.3,,run
2026-09-12T18:59:09+03:00,1789228749,3374,73,3,32.3,42.3,,run
2026-09-12T18:59:14+03:00,1789228754,3379,73,3,32.3,42.0,,run
2026-09-12T18:59:19+03:00,1789228759,3384,73,3,32.3,40.8,,run
2026-09-12T18:59:25+03:00,1789228765,3390,73,3,32.3,38.6,,run
2026-09-12T18:59:30+03:00,1789228770,3395,73,3,32.3,46.7,,run
2026-09-12T18:59:35+03:00,1789228775,3400,73,3,32.3,43.6,,run
2026-09-12T18:59:41+03:00,1789228781,3406,73,3,32.3,39.5,,run
2026-09-12T18:59:46+03:00,1789228786,3411,73,3,32.3,38.6,,run
2026-09-12T18:59:52+03:00,1789228792,3417,73,3,32.3,37.7,,run
2026-09-12T18:59:57+03:00,1789228797,3422,73,3,32.3,38.0,,run
2026-09-12T19:00:03+03:00,1789228803,3428,73,3,32.3,39.2,,run
2026-09-12T19:00:08+03:00,1789228808,3433,73,3,32.3,38.0,,run
2026-09-12T19:00:14+03:00,1789228814,3439,73,3,32.3,39.8,,run
2026-09-12T19:00:19+03:00,1789228819,3444,73,3,32.3,42.3,,run
2026-09-12T19:00:25+03:00,1789228825,3450,73,3,32.3,47.6,,run
2026-09-12T19:00:30+03:00,1789228830,3455,73,3,32.3,41.7,,run
2026-09-12T19:00:35+03:00,1789228835,3460,73,3,32.3,42.3,,run
2026-09-12T19:00:40+03:00,1789228840,3465,73,3,32.3,42.3,,run
2026-09-12T19:00:46+03:00,1789228846,3471,73,3,32.3,41.7,,run
2026-09-12T19:00:51+03:00,1789228851,3476,73,3,32.3,43.6,,run
2026-09-12T19:00:57+03:00,1789228857,3482,73,3,32.3,44.5,,run
2026-09-12T19:01:02+03:00,1789228862,3487,73,3,32.3,38.3,,run
2026-09-12T19:01:07+03:00,1789228867,3492,73,3,32.3,37.4,,run
2026-09-12T19:01:13+03:00,1789228873,3498,73,3,32.3,49.1,,run
2026-09-12T19:01:18+03:00,1789228878,3503,73,3,32.3,42.0,,run
2026-09-12T19:01:24+03:00,1789228884,3509,73,3,32.3,42.0,,run
2026-09-12T19:01:29+03:00,1789228889,3514,73,3,32.3,43.6,,run
2026-09-12T19:01:34+03:00,1789228894,3519,73,3,32.3,42.3,,run
2026-09-12T19:01:40+03:00,1789228900,3525,73,3,32.3,45.7,,run
2026-09-12T19:01:45+03:00,1789228905,3530,73,3,32.3,48.5,,run
2026-09-12T19:01:50+03:00,1789228910,3535,73,3,32.3,46.0,,run
2026-09-12T19:01:55+03:00,1789228915,3540,73,3,32.3,42.0,,run
2026-09-12T19:02:01+03:00,1789228921,3546,73,3,32.3,41.7,,run
2026-09-12T19:02:06+03:00,1789228926,3551,73,3,32.3,42.0,,run
2026-09-12T19:02:12+03:00,1789228932,3557,73,3,32.3,43.2,,run
2026-09-12T19:02:17+03:00,1789228937,3562,73,3,32.3,42.0,,run
2026-09-12T19:02:22+03:00,1789228942,3567,73,3,32.3,39.5,,run
2026-09-12T19:02:28+03:00,1789228948,3573,73,3,32.3,50.4,,run
2026-09-12T19:02:33+03:00,1789228953,3578,73,3,32.3,44.8,,run
2026-09-12T19:02:39+03:00,1789228959,3584,73,3,32.3,43.2,,run
2026-09-12T19:02:44+03:00,1789228964,3589,73,3,32.3,38.6,,run
2026-09-12T19:02:49+03:00,1789228969,3594,73,3,32.3,38.6,,run
2026-09-12T19:02:55+03:00,1789228975,3600,73,3,32.3,38.0,,run
2026-09-12T19:03:00+03:00,1789228980,3605,73,3,32.3,39.5,,run
2026-09-12T19:03:06+03:00,1789228986,3611,73,3,32.3,38.9,,run
2026-09-12T19:03:11+03:00,1789228991,3616,73,3,32.3,41.4,,run
2026-09-12T19:03:17+03:00,1789228997,3622,73,3,32.3,51.0,,run
2026-09-12T19:03:22+03:00,1789229002,3627,73,3,32.3,45.1,,run
2026-09-12T19:03:28+03:00,1789229008,3633,73,3,32.3,43.6,,run
2026-09-12T19:03:33+03:00,1789229013,3638,73,3,32.3,42.9,,run
2026-09-12T19:03:38+03:00,1789229018,3643,73,3,32.3,39.2,,run
2026-09-12T19:03:44+03:00,1789229024,3649,73,3,32.3,38.6,,run
2026-09-12T19:03:49+03:00,1789229029,3654,73,3,32.3,44.8,,run
2026-09-12T19:03:55+03:00,1789229035,3660,73,3,32.3,48.2,,run
2026-09-12T19:04:00+03:00,1789229040,3665,73,3,32.3,39.8,,run
2026-09-12T19:04:05+03:00,1789229045,3670,73,3,32.3,38.9,,run
2026-09-12T19:04:11+03:00,1789229051,3676,73,3,32.3,38.9,,run
2026-09-12T19:04:16+03:00,1789229056,3681,73,3,32.3,38.6,,run
2026-09-12T19:04:22+03:00,1789229062,3687,73,3,32.3,45.1,,run
2026-09-12T19:04:27+03:00,1789229067,3692,73,3,32.3,38.6,,run
2026-09-12T19:04:32+03:00,1789229072,3697,73,3,32.3,47.0,,run
2026-09-12T19:04:38+03:00,1789229078,3703,73,3,32.3,40.8,,run
2026-09-12T19:04:44+03:00,1789229084,3709,73,3,32.3,39.5,,run
2026-09-12T19:04:49+03:00,1789229089,3714,73,3,32.3,37.4,,run
2026-09-12T19:04:55+03:00,1789229095,3720,73,3,32.3,37.1,,run
2026-09-12T19:05:00+03:00,1789229100,3725,73,3,32.3,37.4,,run
2026-09-12T19:05:06+03:00,1789229106,3731,73,3,32.3,36.8,,run
2026-09-12T19:05:11+03:00,1789229111,3736,73,3,32.3,37.7,,run
2026-09-12T19:05:17+03:00,1789229117,3742,73,3,32.3,39.2,,run
2026-09-12T19:05:22+03:00,1789229122,3747,73,3,32.3,52.2,,run
2026-09-12T19:05:28+03:00,1789229128,3753,73,3,32.3,42.9,,run
2026-09-12T19:05:33+03:00,1789229133,3758,73,3,32.3,39.8,,run
2026-09-12T19:05:39+03:00,1789229139,3764,73,3,32.3,38.9,,run
2026-09-12T19:05:44+03:00,1789229144,3769,73,3,32.3,38.6,,run
2026-09-12T19:05:50+03:00,1789229150,3775,73,3,32.3,38.6,,run
2026-09-12T19:05:55+03:00,1789229155,3780,73,3,32.3,38.6,,run
2026-09-12T19:06:01+03:00,1789229161,3786,73,3,32.3,38.3,,run
2026-09-12T19:06:06+03:00,1789229166,3791,73,3,32.3,38.0,,run
2026-09-12T19:06:12+03:00,1789229172,3797,73,3,32.3,39.8,,run
2026-09-12T19:06:17+03:00,1789229177,3802,73,3,32.3,42.9,,run
2026-09-12T19:06:22+03:00,1789229182,3807,73,3,32.3,41.7,,run
2026-09-12T19:06:28+03:00,1789229188,3813,73,3,32.3,41.7,,run
2026-09-12T19:06:33+03:00,1789229193,3818,73,3,32.3,42.9,,run
2026-09-12T19:06:38+03:00,1789229198,3823,73,3,32.3,49.1,,run
2026-09-12T19:06:44+03:00,1789229204,3829,73,3,32.3,39.8,,run
2026-09-12T19:06:49+03:00,1789229209,3834,73,3,32.3,39.8,,run
2026-09-12T19:06:55+03:00,1789229215,3840,73,3,32.3,37.4,,run
2026-09-12T19:07:00+03:00,1789229220,3845,73,3,32.3,37.1,,run
2026-09-12T19:07:06+03:00,1789229226,3851,73,3,32.3,37.4,,run
2026-09-12T19:07:11+03:00,1789229231,3856,73,3,32.3,37.1,,run
2026-09-12T19:07:17+03:00,1789229237,3862,73,3,32.3,38.6,,run
2026-09-12T19:07:22+03:00,1789229242,3867,73,3,32.3,39.5,,run
2026-09-12T19:07:28+03:00,1789229248,3873,73,3,32.3,49.4,,run
2026-09-12T19:07:33+03:00,1789229253,3878,73,3,32.3,41.7,,run
2026-09-12T19:07:38+03:00,1789229258,3883,73,3,32.3,40.8,,run
2026-09-12T19:07:44+03:00,1789229264,3889,73,3,32.3,42.6,,run
2026-09-12T19:07:49+03:00,1789229269,3894,73,3,32.3,42.0,,run
2026-09-12T19:07:54+03:00,1789229274,3899,73,3,32.3,41.1,,run
2026-09-12T19:08:00+03:00,1789229280,3905,73,3,32.3,39.2,,run
2026-09-12T19:08:05+03:00,1789229285,3910,73,3,32.3,38.0,,run
2026-09-12T19:08:11+03:00,1789229291,3916,73,3,32.3,38.0,,run
2026-09-12T19:08:16+03:00,1789229296,3921,73,3,32.3,38.0,,run
2026-09-12T19:08:22+03:00,1789229302,3927,73,3,32.3,37.4,,run
2026-09-12T19:08:27+03:00,1789229307,3932,73,3,32.3,37.4,,run
2026-09-12T19:08:33+03:00,1789229313,3938,73,3,32.3,37.7,,run
2026-09-12T19:08:38+03:00,1789229318,3943,73,3,32.3,40.2,,run
2026-09-12T19:08:44+03:00,1789229324,3949,73,3,32.3,51.0,,run
2026-09-12T19:08:49+03:00,1789229329,3954,73,3,32.3,38.6,,run
2026-09-12T19:08:55+03:00,1789229335,3960,73,3,32.3,46.3,,run
2026-09-12T19:09:00+03:00,1789229340,3965,73,3,32.3,38.9,,run
2026-09-12T19:09:06+03:00,1789229346,3971,73,3,32.3,39.8,,run
2026-09-12T19:09:11+03:00,1789229351,3976,73,3,32.3,37.4,,run
2026-09-12T19:09:17+03:00,1789229357,3982,73,3,32.3,42.3,,run
2026-09-12T19:09:22+03:00,1789229362,3987,73,3,32.3,42.3,,run
2026-09-12T19:09:27+03:00,1789229367,3992,73,3,32.3,42.3,,run
2026-09-12T19:09:33+03:00,1789229373,3998,73,3,32.3,51.0,,run
2026-09-12T19:09:38+03:00,1789229378,4003,73,3,32.3,44.2,,run
2026-09-12T19:09:43+03:00,1789229383,4008,73,3,32.3,40.5,,run
2026-09-12T19:09:49+03:00,1789229389,4014,73,3,32.3,39.2,,run
2026-09-12T19:09:54+03:00,1789229394,4019,73,3,32.3,38.6,,run
2026-09-12T19:10:00+03:00,1789229400,4025,73,3,32.3,38.3,,run
2026-09-12T19:10:05+03:00,1789229405,4030,73,3,32.3,38.0,,run
2026-09-12T19:10:11+03:00,1789229411,4036,73,3,32.3,39.2,,run
2026-09-12T19:10:16+03:00,1789229416,4041,73,3,32.3,38.0,,run
2026-09-12T19:10:22+03:00,1789229422,4047,73,3,32.3,40.8,,run
2026-09-12T19:10:27+03:00,1789229427,4052,73,3,32.3,41.4,,run
2026-09-12T19:10:32+03:00,1789229432,4057,73,3,32.3,42.3,,run
2026-09-12T19:10:38+03:00,1789229438,4063,73,3,32.3,42.6,,run
2026-09-12T19:10:43+03:00,1789229443,4068,73,3,32.3,47.0,,run
2026-09-12T19:10:48+03:00,1789229448,4073,72,3,32.2,50.7,,run
2026-09-12T19:10:54+03:00,1789229454,4079,72,3,32.2,39.2,,run
2026-09-12T19:10:59+03:00,1789229459,4084,72,3,32.2,39.2,,run
2026-09-12T19:11:05+03:00,1789229465,4090,72,3,32.2,37.7,,run
2026-09-12T19:11:10+03:00,1789229470,4095,72,3,32.2,38.9,,run
2026-09-12T19:11:16+03:00,1789229476,4101,72,3,32.2,37.7,,run
2026-09-12T19:11:21+03:00,1789229481,4106,72,3,32.2,41.1,,run
2026-09-12T19:11:27+03:00,1789229487,4112,72,3,32.2,42.3,,run
2026-09-12T19:11:32+03:00,1789229492,4117,72,3,32.2,47.0,,run
2026-09-12T19:11:37+03:00,1789229497,4122,72,3,32.2,51.0,,run
2026-09-12T19:11:43+03:00,1789229503,4128,72,3,32.2,42.6,,run
2026-09-12T19:11:48+03:00,1789229508,4133,72,3,32.2,42.9,,run
2026-09-12T19:11:53+03:00,1789229513,4138,72,3,32.2,43.2,,run
2026-09-12T19:11:59+03:00,1789229519,4144,72,3,32.2,42.3,,run
2026-09-12T19:12:04+03:00,1789229524,4149,72,3,32.2,40.2,,run
2026-09-12T19:12:09+03:00,1789229529,4154,72,3,32.2,38.6,,run
2026-09-12T19:12:15+03:00,1789229535,4160,72,3,32.2,38.3,,run
2026-09-12T19:12:20+03:00,1789229540,4165,72,3,32.2,38.9,,run
2026-09-12T19:12:26+03:00,1789229546,4171,72,3,32.2,38.3,,run
2026-09-12T19:12:31+03:00,1789229551,4176,72,3,32.2,38.3,,run
2026-09-12T19:12:37+03:00,1789229557,4182,72,3,32.2,38.3,,run
2026-09-12T19:12:42+03:00,1789229562,4187,72,3,32.2,38.0,,run
2026-09-12T19:12:48+03:00,1789229568,4193,72,3,32.2,43.2,,run
2026-09-12T19:12:53+03:00,1789229573,4198,72,3,32.2,52.8,,run
2026-09-12T19:12:59+03:00,1789229579,4204,72,3,32.3,39.8,,run
2026-09-12T19:13:04+03:00,1789229584,4209,72,3,32.3,40.5,,run
2026-09-12T19:13:10+03:00,1789229590,4215,72,3,32.3,38.9,,run
2026-09-12T19:13:15+03:00,1789229595,4220,72,3,32.3,37.7,,run
2026-09-12T19:13:20+03:00,1789229600,4225,72,3,32.3,37.4,,run
2026-09-12T19:13:26+03:00,1789229606,4231,72,3,32.3,37.4,,run
2026-09-12T19:13:31+03:00,1789229611,4236,72,3,32.3,37.7,,run
2026-09-12T19:13:37+03:00,1789229617,4242,72,3,32.3,49.1,,run
2026-09-12T19:13:43+03:00,1789229623,4248,72,3,32.3,47.6,,run
2026-09-12T19:13:48+03:00,1789229628,4253,72,3,32.3,41.7,,run
2026-09-12T19:13:54+03:00,1789229634,4259,72,3,32.3,39.8,,run
2026-09-12T19:13:59+03:00,1789229639,4264,72,3,32.3,39.2,,run
2026-09-12T19:14:04+03:00,1789229644,4269,72,3,32.3,38.6,,run
2026-09-12T19:14:10+03:00,1789229650,4275,72,3,32.3,39.8,,run
2026-09-12T19:14:15+03:00,1789229655,4280,72,3,32.3,41.1,,run
2026-09-12T19:14:21+03:00,1789229661,4286,72,3,32.3,41.4,,run
2026-09-12T19:14:26+03:00,1789229666,4291,72,3,32.3,42.6,,run
2026-09-12T19:14:31+03:00,1789229671,4296,72,3,32.3,42.6,,run
2026-09-12T19:14:37+03:00,1789229677,4302,72,3,32.3,42.6,,run
2026-09-12T19:14:42+03:00,1789229682,4307,72,3,32.3,40.5,,run
2026-09-12T19:14:47+03:00,1789229687,4312,72,3,32.3,39.5,,run
2026-09-12T19:14:53+03:00,1789229693,4318,72,3,32.3,46.7,,run
2026-09-12T19:14:58+03:00,1789229698,4323,72,3,32.3,46.3,,run
2026-09-12T19:15:04+03:00,1789229704,4329,72,3,32.3,49.1,,run
2026-09-12T19:15:09+03:00,1789229709,4334,72,3,32.3,40.5,,run
2026-09-12T19:15:15+03:00,1789229715,4340,72,3,32.3,38.3,,run
2026-09-12T19:15:20+03:00,1789229720,4345,72,3,32.3,37.4,,run
2026-09-12T19:15:26+03:00,1789229726,4351,72,3,32.3,37.4,,run
2026-09-12T19:15:31+03:00,1789229731,4356,72,3,32.3,41.4,,run
2026-09-12T19:15:36+03:00,1789229736,4361,72,3,32.3,40.5,,run
2026-09-12T19:15:42+03:00,1789229742,4367,72,3,32.3,51.6,,run
2026-09-12T19:15:47+03:00,1789229747,4372,72,3,32.3,43.2,,run
2026-09-12T19:15:53+03:00,1789229753,4378,72,3,32.3,46.7,,run
2026-09-12T19:15:58+03:00,1789229758,4383,72,3,32.3,46.0,,run
2026-09-12T19:16:03+03:00,1789229763,4388,72,3,32.3,40.8,,run
2026-09-12T19:16:09+03:00,1789229769,4394,72,3,32.3,39.2,,run
2026-09-12T19:16:14+03:00,1789229774,4399,72,3,32.3,38.9,,run
2026-09-12T19:16:20+03:00,1789229780,4405,72,3,32.3,38.3,,run
2026-09-12T19:16:25+03:00,1789229785,4410,72,3,32.3,37.7,,run
2026-09-12T19:16:31+03:00,1789229791,4416,72,3,32.3,38.0,,run
2026-09-12T19:16:36+03:00,1789229796,4421,72,3,32.3,37.7,,run
2026-09-12T19:16:42+03:00,1789229802,4427,72,3,32.3,39.8,,run
2026-09-12T19:16:47+03:00,1789229807,4432,72,3,32.3,40.5,,run
2026-09-12T19:16:53+03:00,1789229813,4438,72,3,32.3,41.1,,run
2026-09-12T19:16:58+03:00,1789229818,4443,72,3,32.3,51.3,,run
2026-09-12T19:17:04+03:00,1789229824,4449,72,3,32.3,38.3,,run
2026-09-12T19:17:09+03:00,1789229829,4454,72,3,32.3,38.9,,run
2026-09-12T19:17:15+03:00,1789229835,4460,72,3,32.3,44.2,,run
2026-09-12T19:17:20+03:00,1789229840,4465,72,3,32.3,43.9,,run
2026-09-12T19:17:25+03:00,1789229845,4470,72,3,32.3,38.6,,run
2026-09-12T19:17:31+03:00,1789229851,4476,72,3,32.3,40.2,,run
2026-09-12T19:17:36+03:00,1789229856,4481,72,3,32.3,40.2,,run
2026-09-12T19:17:42+03:00,1789229862,4487,72,3,32.3,41.1,,run
2026-09-12T19:17:47+03:00,1789229867,4492,72,3,32.3,50.1,,run
2026-09-12T19:17:52+03:00,1789229872,4497,72,3,32.3,42.6,,run
2026-09-12T19:17:58+03:00,1789229878,4503,72,3,32.3,42.3,,run
2026-09-12T19:18:03+03:00,1789229883,4508,72,3,32.3,42.3,,run
2026-09-12T19:18:08+03:00,1789229888,4513,72,3,32.3,46.3,,run
2026-09-12T19:18:14+03:00,1789229894,4519,72,3,32.3,42.6,,run
2026-09-12T19:18:19+03:00,1789229899,4524,72,3,32.3,41.1,,run
2026-09-12T19:18:24+03:00,1789229904,4529,72,3,32.3,42.0,,run
2026-09-12T19:18:30+03:00,1789229910,4535,72,3,32.3,42.3,,run
2026-09-12T19:18:35+03:00,1789229915,4540,72,3,32.3,41.1,,run
2026-09-12T19:18:40+03:00,1789229920,4545,72,3,32.3,38.6,,run
2026-09-12T19:18:46+03:00,1789229926,4551,72,3,32.3,38.9,,run
2026-09-12T19:18:51+03:00,1789229931,4556,72,3,32.3,38.3,,run
2026-09-12T19:18:57+03:00,1789229937,4562,72,3,32.3,37.7,,run
2026-09-12T19:19:02+03:00,1789229942,4567,72,3,32.3,50.7,,run
2026-09-12T19:19:08+03:00,1789229948,4573,72,3,32.3,39.2,,run
2026-09-12T19:19:13+03:00,1789229953,4578,72,3,32.3,38.0,,run
2026-09-12T19:19:19+03:00,1789229959,4584,72,3,32.3,38.0,,run
2026-09-12T19:19:24+03:00,1789229964,4589,72,3,32.3,43.2,,run
2026-09-12T19:19:30+03:00,1789229970,4595,72,3,32.3,45.1,,run
2026-09-12T19:19:35+03:00,1789229975,4600,72,3,32.3,38.9,,run
2026-09-12T19:19:40+03:00,1789229980,4605,72,3,32.3,38.0,,run
2026-09-12T19:19:46+03:00,1789229986,4611,72,3,32.3,40.5,,run
2026-09-12T19:19:51+03:00,1789229991,4616,72,3,32.3,50.7,,run
2026-09-12T19:19:57+03:00,1789229997,4622,72,3,32.3,41.1,,run
2026-09-12T19:20:02+03:00,1789230002,4627,72,3,32.3,41.7,,run
2026-09-12T19:20:08+03:00,1789230008,4633,72,3,32.3,42.3,,run
2026-09-12T19:20:13+03:00,1789230013,4638,72,3,32.3,45.7,,run
2026-09-12T19:20:18+03:00,1789230018,4643,72,3,32.3,47.9,,run
2026-09-12T19:20:24+03:00,1789230024,4649,72,3,32.3,44.2,,run
2026-09-12T19:20:29+03:00,1789230029,4654,72,3,32.3,42.3,,run
2026-09-12T19:20:34+03:00,1789230034,4659,72,3,32.3,39.8,,run
2026-09-12T19:20:40+03:00,1789230040,4665,72,3,32.3,39.5,,run
2026-09-12T19:20:45+03:00,1789230045,4670,72,3,32.3,38.6,,run
2026-09-12T19:20:51+03:00,1789230051,4676,72,3,32.3,38.3,,run
2026-09-12T19:20:56+03:00,1789230056,4681,72,3,32.3,38.3,,run
2026-09-12T19:21:02+03:00,1789230062,4687,72,3,32.3,38.0,,run
2026-09-12T19:21:07+03:00,1789230067,4692,72,3,32.3,51.3,,run
2026-09-12T19:21:13+03:00,1789230073,4698,72,3,32.3,39.8,,run
2026-09-12T19:21:18+03:00,1789230078,4703,72,3,32.3,39.2,,run
2026-09-12T19:21:24+03:00,1789230084,4709,72,3,32.3,37.7,,run
2026-09-12T19:21:29+03:00,1789230089,4714,72,3,32.3,37.4,,run
2026-09-12T19:21:35+03:00,1789230095,4720,72,3,32.3,45.7,,run
2026-09-12T19:21:40+03:00,1789230100,4725,72,3,32.3,44.8,,run
2026-09-12T19:21:45+03:00,1789230105,4730,72,3,32.3,41.4,,run
2026-09-12T19:21:51+03:00,1789230111,4736,72,3,32.3,40.8,,run
2026-09-12T19:21:56+03:00,1789230116,4741,72,3,32.3,43.9,,run
2026-09-12T19:22:02+03:00,1789230122,4747,72,3,32.3,40.2,,run
2026-09-12T19:22:07+03:00,1789230127,4752,72,3,32.3,38.6,,run
2026-09-12T19:22:13+03:00,1789230133,4758,72,3,32.3,38.6,,run
2026-09-12T19:22:18+03:00,1789230138,4763,72,3,32.3,38.6,,run
2026-09-12T19:22:24+03:00,1789230144,4769,72,3,32.3,42.0,,run
2026-09-12T19:22:29+03:00,1789230149,4774,72,3,32.3,39.8,,run
2026-09-12T19:22:35+03:00,1789230155,4780,72,3,32.3,40.8,,run
2026-09-12T19:22:40+03:00,1789230160,4785,72,3,32.3,41.4,,run
2026-09-12T19:22:45+03:00,1789230165,4790,72,3,32.3,42.9,,run
2026-09-12T19:22:51+03:00,1789230171,4796,72,3,32.3,42.3,,run
2026-09-12T19:22:56+03:00,1789230176,4801,72,3,32.3,41.7,,run
2026-09-12T19:23:01+03:00,1789230181,4806,72,3,32.3,39.2,,run
2026-09-12T19:23:07+03:00,1789230187,4812,72,3,32.3,45.4,,run
2026-09-12T19:23:12+03:00,1789230192,4817,72,3,32.3,42.9,,run
2026-09-12T19:23:18+03:00,1789230198,4823,72,3,32.3,42.9,,run
2026-09-12T19:23:23+03:00,1789230203,4828,72,3,32.3,39.2,,run
2026-09-12T19:23:29+03:00,1789230209,4834,72,3,32.3,38.6,,run
2026-09-12T19:23:34+03:00,1789230214,4839,72,3,32.3,37.7,,run
2026-09-12T19:23:40+03:00,1789230220,4845,71,3,32.3,40.5,,run
2026-09-12T19:23:45+03:00,1789230225,4850,71,3,32.3,45.1,,run
2026-09-12T19:23:50+03:00,1789230230,4855,71,3,32.3,40.2,,run
2026-09-12T19:23:56+03:00,1789230236,4861,71,3,32.3,39.2,,run
2026-09-12T19:24:01+03:00,1789230241,4866,71,3,32.3,49.1,,run
2026-09-12T19:24:07+03:00,1789230247,4872,71,3,32.3,40.5,,run
2026-09-12T19:24:12+03:00,1789230252,4877,71,3,32.3,38.6,,run
2026-09-12T19:24:17+03:00,1789230257,4882,71,3,32.3,38.6,,run
2026-09-12T19:24:23+03:00,1789230263,4888,71,3,32.3,40.2,,run
2026-09-12T19:24:28+03:00,1789230268,4893,71,3,32.3,44.2,,run
2026-09-12T19:24:34+03:00,1789230274,4899,71,3,32.3,47.0,,run
2026-09-12T19:24:39+03:00,1789230279,4904,71,3,32.3,48.8,,run
2026-09-12T19:24:44+03:00,1789230284,4909,71,3,32.3,42.9,,run
2026-09-12T19:24:50+03:00,1789230290,4915,71,3,32.3,39.8,,run
2026-09-12T19:24:55+03:00,1789230295,4920,71,3,32.3,39.5,,run
2026-09-12T19:25:00+03:00,1789230300,4925,71,3,32.3,38.6,,run
2026-09-12T19:25:06+03:00,1789230306,4931,71,3,32.3,38.6,,run
2026-09-12T19:25:11+03:00,1789230311,4936,71,3,32.3,38.0,,run
2026-09-12T19:25:17+03:00,1789230317,4942,71,3,32.3,52.2,,run
2026-09-12T19:25:22+03:00,1789230322,4947,71,3,32.3,42.0,,run
2026-09-12T19:25:28+03:00,1789230328,4953,71,3,32.3,38.6,,run
2026-09-12T19:25:33+03:00,1789230333,4958,71,3,32.3,37.7,,run
2026-09-12T19:25:39+03:00,1789230339,4964,71,3,32.3,39.2,,run
2026-09-12T19:25:44+03:00,1789230344,4969,71,3,32.3,36.8,,run
2026-09-12T19:25:50+03:00,1789230350,4975,71,3,32.3,43.2,,run
2026-09-12T19:25:55+03:00,1789230355,4980,71,3,32.3,46.7,,run
2026-09-12T19:26:00+03:00,1789230360,4985,71,3,32.3,42.6,,run
2026-09-12T19:26:06+03:00,1789230366,4991,71,3,32.3,43.2,,run
2026-09-12T19:26:11+03:00,1789230371,4996,71,3,32.3,38.6,,run
2026-09-12T19:26:17+03:00,1789230377,5002,71,3,32.3,38.6,,run
2026-09-12T19:26:22+03:00,1789230382,5007,71,3,32.3,39.2,,run
2026-09-12T19:26:28+03:00,1789230388,5013,71,3,32.3,39.8,,run
2026-09-12T19:26:33+03:00,1789230393,5018,71,3,32.3,40.5,,run
2026-09-12T19:26:39+03:00,1789230399,5024,71,3,32.3,45.4,,run
2026-09-12T19:26:44+03:00,1789230404,5029,71,3,32.3,44.2,,run
2026-09-12T19:26:49+03:00,1789230409,5034,71,3,32.3,41.1,,run
2026-09-12T19:26:55+03:00,1789230415,5040,71,3,32.3,40.8,,run
2026-09-12T19:27:00+03:00,1789230420,5045,71,3,32.3,41.7,,run
2026-09-12T19:27:05+03:00,1789230425,5050,71,3,32.3,42.3,,run
2026-09-12T19:27:11+03:00,1789230431,5056,71,3,32.3,41.4,,run
2026-09-12T19:27:16+03:00,1789230436,5061,71,3,32.3,47.0,,run
2026-09-12T19:27:22+03:00,1789230442,5067,71,3,32.3,45.4,,run
2026-09-12T19:27:27+03:00,1789230447,5072,71,3,32.3,42.9,,run
2026-09-12T19:27:32+03:00,1789230452,5077,71,3,32.3,38.3,,run
2026-09-12T19:27:38+03:00,1789230458,5083,71,3,32.3,37.7,,run
2026-09-12T19:27:43+03:00,1789230463,5088,71,3,32.3,37.7,,run
2026-09-12T19:27:49+03:00,1789230469,5094,71,3,32.3,37.4,,run
2026-09-12T19:27:54+03:00,1789230474,5099,71,3,32.3,38.9,,run
2026-09-12T19:28:00+03:00,1789230480,5105,71,3,32.3,44.2,,run
2026-09-12T19:28:05+03:00,1789230485,5110,71,3,32.3,42.3,,run
2026-09-12T19:28:11+03:00,1789230491,5116,71,3,32.3,45.7,,run
2026-09-12T19:28:16+03:00,1789230496,5121,71,3,32.3,43.2,,run
2026-09-12T19:28:21+03:00,1789230501,5126,71,3,32.3,42.6,,run
2026-09-12T19:28:27+03:00,1789230507,5132,71,3,32.3,41.4,,run
2026-09-12T19:28:32+03:00,1789230512,5137,71,3,32.3,39.8,,run
2026-09-12T19:28:37+03:00,1789230517,5142,71,3,32.3,38.3,,run
2026-09-12T19:28:43+03:00,1789230523,5148,71,3,32.3,38.3,,run
2026-09-12T19:28:49+03:00,1789230529,5154,71,3,32.3,46.3,,run
2026-09-12T19:28:54+03:00,1789230534,5159,71,3,32.3,46.0,,run
2026-09-12T19:28:59+03:00,1789230539,5164,71,3,32.3,43.6,,run
2026-09-12T19:29:04+03:00,1789230544,5169,71,3,32.3,41.7,,run
2026-09-12T19:29:10+03:00,1789230550,5175,71,3,32.3,39.8,,run
2026-09-12T19:29:15+03:00,1789230555,5180,71,3,32.3,38.9,,run
2026-09-12T19:29:21+03:00,1789230561,5186,71,3,32.3,38.0,,run
2026-09-12T19:29:26+03:00,1789230566,5191,71,3,32.3,53.8,,run
2026-09-12T19:29:32+03:00,1789230572,5197,71,3,32.3,38.6,,run
2026-09-12T19:29:37+03:00,1789230577,5202,71,3,32.3,40.5,,run
2026-09-12T19:29:43+03:00,1789230583,5208,71,3,32.3,38.0,,run
2026-09-12T19:29:48+03:00,1789230588,5213,71,3,32.3,37.4,,run
2026-09-12T19:29:54+03:00,1789230594,5219,71,3,32.3,37.4,,run
2026-09-12T19:29:59+03:00,1789230599,5224,71,3,32.3,37.1,,run
2026-09-12T19:30:05+03:00,1789230605,5230,71,3,32.3,37.1,,run
2026-09-12T19:30:10+03:00,1789230610,5235,71,3,32.3,44.5,,run
2026-09-12T19:30:15+03:00,1789230615,5240,71,3,32.3,53.8,,run
2026-09-12T19:30:21+03:00,1789230621,5246,71,3,32.3,42.3,,run
2026-09-12T19:30:26+03:00,1789230626,5251,71,3,32.3,41.7,,run
2026-09-12T19:30:31+03:00,1789230631,5256,71,3,32.3,42.3,,run
2026-09-12T19:30:37+03:00,1789230637,5262,71,3,32.3,42.9,,run
2026-09-12T19:30:42+03:00,1789230642,5267,71,3,32.3,40.2,,run
2026-09-12T19:30:48+03:00,1789230648,5273,71,3,32.3,39.2,,run
2026-09-12T19:30:53+03:00,1789230653,5278,71,3,32.3,43.6,,run
2026-09-12T19:30:58+03:00,1789230658,5283,71,3,32.3,46.0,,run
2026-09-12T19:31:04+03:00,1789230664,5289,71,3,32.3,41.4,,run
2026-09-12T19:31:09+03:00,1789230669,5294,71,3,32.3,39.2,,run
2026-09-12T19:31:15+03:00,1789230675,5300,71,3,32.3,38.9,,run
2026-09-12T19:31:20+03:00,1789230680,5305,71,3,32.3,38.9,,run
2026-09-12T19:31:26+03:00,1789230686,5311,71,3,32.3,39.2,,run
2026-09-12T19:31:31+03:00,1789230691,5316,71,3,32.3,50.4,,run
2026-09-12T19:31:37+03:00,1789230697,5322,71,3,32.3,39.8,,run
2026-09-12T19:31:42+03:00,1789230702,5327,71,3,32.3,38.6,,run
2026-09-12T19:31:48+03:00,1789230708,5333,71,3,32.3,38.3,,run
2026-09-12T19:31:53+03:00,1789230713,5338,71,3,32.3,37.7,,run
2026-09-12T19:31:59+03:00,1789230719,5344,71,3,32.3,37.4,,run
2026-09-12T19:32:04+03:00,1789230724,5349,71,3,32.3,37.4,,run
2026-09-12T19:32:10+03:00,1789230730,5355,71,3,32.3,37.4,,run
2026-09-12T19:32:15+03:00,1789230735,5360,71,3,32.3,41.7,,run
2026-09-12T19:32:21+03:00,1789230741,5366,71,3,32.3,39.5,,run
2026-09-12T19:32:26+03:00,1789230746,5371,71,3,32.3,50.4,,run
2026-09-12T19:32:32+03:00,1789230752,5377,71,3,32.3,40.2,,run
2026-09-12T19:32:37+03:00,1789230757,5382,71,3,32.3,40.8,,run
2026-09-12T19:32:43+03:00,1789230763,5388,71,3,32.3,40.8,,run
2026-09-12T19:32:48+03:00,1789230768,5393,71,3,32.3,45.7,,run
2026-09-12T19:32:53+03:00,1789230773,5398,71,3,32.3,42.0,,run
2026-09-12T19:32:59+03:00,1789230779,5404,71,3,32.3,42.6,,run
2026-09-12T19:33:04+03:00,1789230784,5409,71,3,32.3,40.5,,run
2026-09-12T19:33:09+03:00,1789230789,5414,71,3,32.3,46.7,,run
2026-09-12T19:33:15+03:00,1789230795,5420,71,3,32.3,42.6,,run
2026-09-12T19:33:20+03:00,1789230800,5425,71,3,32.3,40.5,,run
2026-09-12T19:33:26+03:00,1789230806,5431,71,3,32.3,39.5,,run
2026-09-12T19:33:31+03:00,1789230811,5436,71,3,32.3,38.9,,run
2026-09-12T19:33:37+03:00,1789230817,5442,71,3,32.3,38.6,,run
2026-09-12T19:33:42+03:00,1789230822,5447,71,3,32.3,51.6,,run
2026-09-12T19:33:48+03:00,1789230828,5453,71,3,32.3,39.2,,run
2026-09-12T19:33:53+03:00,1789230833,5458,71,3,32.3,40.2,,run
2026-09-12T19:33:59+03:00,1789230839,5464,71,3,32.3,38.0,,run
2026-09-12T19:34:04+03:00,1789230844,5469,71,3,32.3,37.4,,run
2026-09-12T19:34:10+03:00,1789230850,5475,71,3,32.3,37.1,,run
2026-09-12T19:34:15+03:00,1789230855,5480,71,3,32.3,43.9,,run
2026-09-12T19:34:21+03:00,1789230861,5486,71,3,32.3,39.2,,run
2026-09-12T19:34:26+03:00,1789230866,5491,71,3,32.3,46.3,,run
2026-09-12T19:34:31+03:00,1789230871,5496,71,3,32.3,47.3,,run
2026-09-12T19:34:37+03:00,1789230877,5502,71,3,32.3,43.6,,run
2026-09-12T19:34:42+03:00,1789230882,5507,71,3,32.3,42.0,,run
2026-09-12T19:34:47+03:00,1789230887,5512,71,3,32.3,43.2,,run
2026-09-12T19:34:53+03:00,1789230893,5518,71,3,32.3,42.3,,run
2026-09-12T19:34:58+03:00,1789230898,5523,71,3,32.3,41.7,,run
2026-09-12T19:35:03+03:00,1789230903,5528,71,3,32.3,38.9,,run
2026-09-12T19:35:09+03:00,1789230909,5534,71,3,32.3,40.8,,run
2026-09-12T19:35:14+03:00,1789230914,5539,71,3,32.3,42.0,,run
2026-09-12T19:35:20+03:00,1789230920,5545,71,3,32.3,47.0,,run
2026-09-12T19:35:25+03:00,1789230925,5550,70,3,32.4,42.0,,run
2026-09-12T19:35:31+03:00,1789230931,5556,70,3,32.4,53.1,,run
2026-09-12T19:35:36+03:00,1789230936,5561,70,3,32.4,40.8,,run
2026-09-12T19:35:41+03:00,1789230941,5566,70,3,32.4,39.2,,run
2026-09-12T19:35:47+03:00,1789230947,5572,70,3,32.4,37.7,,run
2026-09-12T19:35:52+03:00,1789230952,5577,70,3,32.4,37.4,,run
2026-09-12T19:35:58+03:00,1789230958,5583,70,3,32.4,37.4,,run
2026-09-12T19:36:03+03:00,1789230963,5588,70,3,32.4,37.4,,run
2026-09-12T19:36:09+03:00,1789230969,5594,70,3,32.4,37.4,,run
2026-09-12T19:36:14+03:00,1789230974,5599,70,3,32.4,38.6,,run
2026-09-12T19:36:20+03:00,1789230980,5605,70,3,32.4,39.5,,run
2026-09-12T19:36:25+03:00,1789230985,5610,70,3,32.4,49.1,,run
2026-09-12T19:36:31+03:00,1789230991,5616,70,3,32.4,42.9,,run
2026-09-12T19:36:36+03:00,1789230996,5621,70,3,32.4,43.9,,run
2026-09-12T19:36:42+03:00,1789231002,5627,70,3,32.4,46.7,,run
2026-09-12T19:36:47+03:00,1789231007,5632,70,3,32.4,43.6,,run
2026-09-12T19:36:52+03:00,1789231012,5637,70,3,32.4,42.9,,run
2026-09-12T19:36:58+03:00,1789231018,5643,70,3,32.4,40.8,,run
2026-09-12T19:37:03+03:00,1789231023,5648,70,3,32.4,38.9,,run
2026-09-12T19:37:09+03:00,1789231029,5654,70,3,32.4,39.2,,run
2026-09-12T19:37:14+03:00,1789231034,5659,70,3,32.4,38.9,,run
2026-09-12T19:37:20+03:00,1789231040,5665,70,3,32.4,38.6,,run
2026-09-12T19:37:25+03:00,1789231045,5670,70,3,32.4,38.0,,run
2026-09-12T19:37:31+03:00,1789231051,5676,70,3,32.4,44.5,,run
2026-09-12T19:37:36+03:00,1789231056,5681,70,3,32.4,41.4,,run
2026-09-12T19:37:41+03:00,1789231061,5686,70,3,32.4,42.3,,run
2026-09-12T19:37:47+03:00,1789231067,5692,70,3,32.4,41.4,,run
2026-09-12T19:37:52+03:00,1789231072,5697,70,3,32.4,45.7,,run
2026-09-12T19:37:58+03:00,1789231078,5703,70,3,32.4,38.3,,run
2026-09-12T19:38:03+03:00,1789231083,5708,70,3,32.4,37.1,,run
2026-09-12T19:38:09+03:00,1789231089,5714,70,3,32.4,37.4,,run
2026-09-12T19:38:14+03:00,1789231094,5719,70,3,32.4,37.7,,run
2026-09-12T19:38:20+03:00,1789231100,5725,70,3,32.4,37.1,,run
2026-09-12T19:38:25+03:00,1789231105,5730,70,3,32.4,37.7,,run
2026-09-12T19:38:31+03:00,1789231111,5736,70,3,32.4,39.5,,run
2026-09-12T19:38:36+03:00,1789231116,5741,70,3,32.4,41.1,,run
2026-09-12T19:38:42+03:00,1789231122,5747,70,3,32.4,38.0,,run
2026-09-12T19:38:47+03:00,1789231127,5752,70,3,32.4,45.7,,run
2026-09-12T19:38:53+03:00,1789231133,5758,70,3,32.4,47.3,,run
2026-09-12T19:38:58+03:00,1789231138,5763,70,3,32.4,41.1,,run
2026-09-12T19:39:03+03:00,1789231143,5768,70,3,32.4,41.7,,run
2026-09-12T19:39:09+03:00,1789231149,5774,70,3,32.4,41.4,,run
2026-09-12T19:39:14+03:00,1789231154,5779,70,3,32.4,42.6,,run
2026-09-12T19:39:19+03:00,1789231159,5784,70,3,32.4,41.7,,run
2026-09-12T19:39:25+03:00,1789231165,5790,70,3,32.4,39.5,,run
2026-09-12T19:39:30+03:00,1789231170,5795,70,3,32.4,38.6,,run
2026-09-12T19:39:36+03:00,1789231176,5801,70,3,32.4,38.3,,run
2026-09-12T19:39:41+03:00,1789231181,5806,70,3,32.4,46.0,,run
2026-09-12T19:39:46+03:00,1789231186,5811,70,3,32.4,48.2,,run
2026-09-12T19:39:52+03:00,1789231192,5817,70,3,32.4,44.8,,run
2026-09-12T19:39:57+03:00,1789231197,5822,70,3,32.4,40.2,,run
2026-09-12T19:40:03+03:00,1789231203,5828,70,3,32.4,38.3,,run
2026-09-12T19:40:08+03:00,1789231208,5833,70,3,32.4,37.7,,run
2026-09-12T19:40:14+03:00,1789231214,5839,70,3,32.4,37.4,,run
2026-09-12T19:40:19+03:00,1789231219,5844,70,3,32.4,37.4,,run
2026-09-12T19:40:25+03:00,1789231225,5850,70,3,32.4,37.1,,run
2026-09-12T19:40:30+03:00,1789231230,5855,70,3,32.4,37.1,,run
2026-09-12T19:40:36+03:00,1789231236,5861,70,3,32.4,39.2,,run
2026-09-12T19:40:41+03:00,1789231241,5866,70,3,32.4,50.4,,run
2026-09-12T19:40:47+03:00,1789231247,5872,70,3,32.4,41.1,,run
2026-09-12T19:40:52+03:00,1789231252,5877,70,3,32.4,41.7,,run
2026-09-12T19:40:57+03:00,1789231257,5882,70,3,32.4,42.0,,run
2026-09-12T19:41:03+03:00,1789231263,5888,70,3,32.4,45.4,,run
2026-09-12T19:41:08+03:00,1789231268,5893,70,3,32.4,43.2,,run
2026-09-12T19:41:13+03:00,1789231273,5898,70,3,32.4,41.7,,run
2026-09-12T19:41:19+03:00,1789231279,5904,70,3,32.4,42.3,,run
2026-09-12T19:41:24+03:00,1789231284,5909,70,3,32.4,42.6,,run
2026-09-12T19:41:29+03:00,1789231289,5914,70,3,32.4,42.0,,run
2026-09-12T19:41:35+03:00,1789231295,5920,70,3,32.4,39.2,,run
2026-09-12T19:41:40+03:00,1789231300,5925,70,3,32.4,38.6,,run
2026-09-12T19:41:46+03:00,1789231306,5931,70,3,32.4,41.1,,run
2026-09-12T19:41:51+03:00,1789231311,5936,70,3,32.4,38.6,,run
2026-09-12T19:41:57+03:00,1789231317,5942,70,3,32.4,50.1,,run
2026-09-12T19:42:02+03:00,1789231322,5947,70,3,32.4,47.6,,run
2026-09-12T19:42:08+03:00,1789231328,5953,70,3,32.4,43.2,,run
2026-09-12T19:42:13+03:00,1789231333,5958,70,3,32.4,38.3,,run
2026-09-12T19:42:19+03:00,1789231339,5964,70,3,32.4,37.7,,run
2026-09-12T19:42:24+03:00,1789231344,5969,70,3,32.4,39.8,,run
2026-09-12T19:42:30+03:00,1789231350,5975,70,3,32.4,46.0,,run
2026-09-12T19:42:35+03:00,1789231355,5980,70,3,32.4,39.8,,run
2026-09-12T19:42:41+03:00,1789231361,5986,70,3,32.4,39.2,,run
2026-09-12T19:42:46+03:00,1789231366,5991,70,3,32.4,40.2,,run
2026-09-12T19:42:52+03:00,1789231372,5997,70,3,32.4,40.5,,run
2026-09-12T19:42:57+03:00,1789231377,6002,70,3,32.3,42.0,,run
2026-09-12T19:43:02+03:00,1789231382,6007,70,3,32.3,42.0,,run
2026-09-12T19:43:08+03:00,1789231388,6013,70,3,32.3,42.3,,run
2026-09-12T19:43:13+03:00,1789231393,6018,70,3,32.3,41.1,,run
2026-09-12T19:43:18+03:00,1789231398,6023,70,3,32.3,46.0,,run
2026-09-12T19:43:24+03:00,1789231404,6029,70,3,32.3,48.2,,run
2026-09-12T19:43:29+03:00,1789231409,6034,70,3,32.3,43.6,,run
2026-09-12T19:43:34+03:00,1789231414,6039,70,3,32.3,41.4,,run
2026-09-12T19:43:40+03:00,1789231420,6045,70,3,32.3,43.6,,run
2026-09-12T19:43:45+03:00,1789231425,6050,70,3,32.3,53.8,,run
2026-09-12T19:43:51+03:00,1789231431,6056,70,3,32.3,39.5,,run
2026-09-12T19:43:56+03:00,1789231436,6061,70,3,32.3,46.3,,run
2026-09-12T19:44:01+03:00,1789231441,6066,70,3,32.3,40.2,,run
2026-09-12T19:44:07+03:00,1789231447,6072,70,3,32.3,38.0,,run
2026-09-12T19:44:12+03:00,1789231452,6077,70,3,32.3,38.0,,run
2026-09-12T19:44:18+03:00,1789231458,6083,70,3,32.3,38.0,,run
2026-09-12T19:44:23+03:00,1789231463,6088,70,3,32.3,37.7,,run
2026-09-12T19:44:29+03:00,1789231469,6094,70,3,32.3,39.8,,run
2026-09-12T19:44:34+03:00,1789231474,6099,70,3,32.3,50.4,,run
2026-09-12T19:44:40+03:00,1789231480,6105,70,3,32.3,42.9,,run
2026-09-12T19:44:45+03:00,1789231485,6110,70,3,32.3,42.0,,run
2026-09-12T19:44:50+03:00,1789231490,6115,70,3,32.3,42.9,,run
2026-09-12T19:44:56+03:00,1789231496,6121,70,3,32.3,41.7,,run
2026-09-12T19:45:01+03:00,1789231501,6126,70,3,32.3,45.4,,run
2026-09-12T19:45:06+03:00,1789231506,6131,70,3,32.3,42.9,,run
2026-09-12T19:45:12+03:00,1789231512,6137,70,3,32.3,46.0,,run
2026-09-12T19:45:17+03:00,1789231517,6142,70,3,32.3,40.5,,run
2026-09-12T19:45:22+03:00,1789231522,6147,70,3,32.3,39.2,,run
2026-09-12T19:45:28+03:00,1789231528,6153,70,3,32.3,38.6,,run
2026-09-12T19:45:33+03:00,1789231533,6158,70,3,32.3,38.6,,run
2026-09-12T19:45:39+03:00,1789231539,6164,70,3,32.3,39.2,,run
2026-09-12T19:45:44+03:00,1789231544,6169,70,3,32.3,39.8,,run
2026-09-12T19:45:50+03:00,1789231550,6175,70,3,32.3,48.2,,run
2026-09-12T19:45:55+03:00,1789231555,6180,70,3,32.3,39.5,,run
2026-09-12T19:46:01+03:00,1789231561,6186,70,3,32.3,40.5,,run
2026-09-12T19:46:06+03:00,1789231566,6191,70,3,32.3,38.3,,run
2026-09-12T19:46:12+03:00,1789231572,6197,70,3,32.3,42.9,,run
2026-09-12T19:46:17+03:00,1789231577,6202,70,3,32.3,39.8,,run
2026-09-12T19:46:23+03:00,1789231583,6208,70,3,32.3,38.3,,run
2026-09-12T19:46:28+03:00,1789231588,6213,70,3,32.3,37.4,,run
2026-09-12T19:46:34+03:00,1789231594,6219,70,3,32.3,37.7,,run
2026-09-12T19:46:39+03:00,1789231599,6224,70,3,32.3,51.6,,run
2026-09-12T19:46:45+03:00,1789231605,6230,70,3,32.3,43.6,,run
2026-09-12T19:46:50+03:00,1789231610,6235,70,3,32.3,42.3,,run
2026-09-12T19:46:56+03:00,1789231616,6241,70,3,32.3,47.0,,run
2026-09-12T19:47:01+03:00,1789231621,6246,70,3,32.3,41.4,,run
2026-09-12T19:47:06+03:00,1789231626,6251,70,3,32.3,42.3,,run
2026-09-12T19:47:12+03:00,1789231632,6257,70,3,32.3,42.6,,run
2026-09-12T19:47:17+03:00,1789231637,6262,70,3,32.3,42.6,,run
2026-09-12T19:47:22+03:00,1789231642,6267,70,3,32.3,40.2,,run
2026-09-12T19:47:28+03:00,1789231648,6273,70,3,32.3,44.5,,run
2026-09-12T19:47:33+03:00,1789231653,6278,70,3,32.3,46.7,,run
2026-09-12T19:47:38+03:00,1789231658,6283,70,3,32.3,42.0,,run
2026-09-12T19:47:44+03:00,1789231664,6289,70,3,32.3,39.2,,run
2026-09-12T19:47:49+03:00,1789231669,6294,70,3,32.3,39.2,,run
2026-09-12T19:47:55+03:00,1789231675,6300,70,3,32.3,40.8,,run
2026-09-12T19:48:00+03:00,1789231680,6305,70,3,32.3,41.1,,run
2026-09-12T19:48:06+03:00,1789231686,6311,70,3,32.3,44.2,,run
2026-09-12T19:48:11+03:00,1789231691,6316,70,3,32.3,40.8,,run
2026-09-12T19:48:17+03:00,1789231697,6322,69,3,32.3,38.0,,run
2026-09-12T19:48:22+03:00,1789231702,6327,69,3,32.3,42.9,,run
2026-09-12T19:48:27+03:00,1789231707,6332,69,3,32.3,47.0,,run
2026-09-12T19:48:33+03:00,1789231713,6338,69,3,32.3,40.2,,run
2026-09-12T19:48:38+03:00,1789231718,6343,69,3,32.3,38.3,,run
2026-09-12T19:48:44+03:00,1789231724,6349,69,3,32.3,38.6,,run
2026-09-12T19:48:49+03:00,1789231729,6354,69,3,32.3,47.3,,run
2026-09-12T19:48:55+03:00,1789231735,6360,69,3,32.3,39.2,,run
2026-09-12T19:49:00+03:00,1789231740,6365,69,3,32.3,38.6,,run
2026-09-12T19:49:06+03:00,1789231746,6371,69,3,32.3,38.3,,run
2026-09-12T19:49:11+03:00,1789231751,6376,69,3,32.3,39.2,,run
2026-09-12T19:49:17+03:00,1789231757,6382,69,3,32.3,40.2,,run
2026-09-12T19:49:22+03:00,1789231762,6387,69,3,32.3,40.8,,run
2026-09-12T19:49:27+03:00,1789231767,6392,69,3,32.3,42.3,,run
2026-09-12T19:49:33+03:00,1789231773,6398,69,3,32.3,42.0,,run
2026-09-12T19:49:38+03:00,1789231778,6403,69,3,32.3,44.5,,run
2026-09-12T19:49:43+03:00,1789231783,6408,69,3,32.3,47.6,,run
2026-09-12T19:49:49+03:00,1789231789,6414,69,3,32.3,40.8,,run
2026-09-12T19:49:54+03:00,1789231794,6419,69,3,32.3,38.9,,run
2026-09-12T19:50:00+03:00,1789231800,6425,69,3,32.3,39.8,,run
2026-09-12T19:50:05+03:00,1789231805,6430,69,3,32.3,51.6,,run
2026-09-12T19:50:11+03:00,1789231811,6436,69,3,32.3,38.6,,run
2026-09-12T19:50:16+03:00,1789231816,6441,69,3,32.3,38.6,,run
2026-09-12T19:50:22+03:00,1789231822,6447,69,3,32.3,37.7,,run
2026-09-12T19:50:27+03:00,1789231827,6452,69,3,32.3,37.1,,run
2026-09-12T19:50:33+03:00,1789231833,6458,69,3,32.3,40.2,,run
2026-09-12T19:50:38+03:00,1789231838,6463,69,3,32.3,46.0,,run
2026-09-12T19:50:43+03:00,1789231843,6468,69,3,32.3,40.2,,run
2026-09-12T19:50:49+03:00,1789231849,6474,69,3,32.3,38.9,,run
2026-09-12T19:50:54+03:00,1789231854,6479,69,3,32.3,46.7,,run
2026-09-12T19:51:00+03:00,1789231860,6485,69,3,32.3,41.7,,run
2026-09-12T19:51:05+03:00,1789231865,6490,69,3,32.3,39.8,,run
2026-09-12T19:51:11+03:00,1789231871,6496,69,3,32.3,38.3,,run
2026-09-12T19:51:16+03:00,1789231876,6501,69,3,32.3,38.6,,run
2026-09-12T19:51:22+03:00,1789231882,6507,69,3,32.3,39.8,,run
2026-09-12T19:51:27+03:00,1789231887,6512,69,3,32.3,40.8,,run
2026-09-12T19:51:33+03:00,1789231893,6518,69,3,32.3,41.1,,run
2026-09-12T19:51:38+03:00,1789231898,6523,69,3,32.3,42.6,,run
2026-09-12T19:51:43+03:00,1789231903,6528,69,3,32.3,43.2,,run
2026-09-12T19:51:49+03:00,1789231909,6534,69,3,32.3,39.5,,run
2026-09-12T19:51:54+03:00,1789231914,6539,69,3,32.3,45.4,,run
2026-09-12T19:52:00+03:00,1789231920,6545,69,3,32.3,40.5,,run
2026-09-12T19:52:05+03:00,1789231925,6550,69,3,32.3,38.6,,run
2026-09-12T19:52:11+03:00,1789231931,6556,69,3,32.3,46.3,,run
2026-09-12T19:52:16+03:00,1789231936,6561,69,3,32.3,41.7,,run
2026-09-12T19:52:22+03:00,1789231942,6567,69,3,32.3,45.1,,run
2026-09-12T19:52:27+03:00,1789231947,6572,69,3,32.3,43.9,,run
2026-09-12T19:52:32+03:00,1789231952,6577,69,3,32.3,38.3,,run
2026-09-12T19:52:38+03:00,1789231958,6583,69,3,32.3,37.4,,run
2026-09-12T19:52:43+03:00,1789231963,6588,69,3,32.3,37.7,,run
2026-09-12T19:52:49+03:00,1789231969,6594,69,3,32.3,38.0,,run
2026-09-12T19:52:54+03:00,1789231974,6599,69,3,32.3,37.7,,run
2026-09-12T19:53:00+03:00,1789231980,6605,69,3,32.3,37.7,,run
2026-09-12T19:53:05+03:00,1789231985,6610,69,3,32.3,47.9,,run
2026-09-12T19:53:11+03:00,1789231991,6616,69,3,32.3,41.1,,run
2026-09-12T19:53:16+03:00,1789231996,6621,69,3,32.3,38.9,,run
2026-09-12T19:53:22+03:00,1789232002,6627,69,3,32.3,39.2,,run
2026-09-12T19:53:27+03:00,1789232007,6632,69,3,32.3,41.1,,run
2026-09-12T19:53:33+03:00,1789232013,6638,69,3,32.3,41.1,,run
2026-09-12T19:53:38+03:00,1789232018,6643,69,3,32.3,45.7,,run
2026-09-12T19:53:43+03:00,1789232023,6648,69,3,32.3,46.7,,run
2026-09-12T19:53:49+03:00,1789232029,6654,69,3,32.3,44.8,,run
2026-09-12T19:53:54+03:00,1789232034,6659,69,3,32.3,43.6,,run
2026-09-12T19:53:59+03:00,1789232039,6664,69,3,32.3,41.7,,run
2026-09-12T19:54:05+03:00,1789232045,6670,69,3,32.3,38.9,,run
2026-09-12T19:54:10+03:00,1789232050,6675,69,3,32.3,38.9,,run
2026-09-12T19:54:15+03:00,1789232055,6680,69,3,32.3,38.0,,run
2026-09-12T19:54:21+03:00,1789232061,6686,69,3,32.3,51.9,,run
2026-09-12T19:54:26+03:00,1789232066,6691,69,3,32.3,38.9,,run
2026-09-12T19:54:32+03:00,1789232072,6697,69,3,32.3,43.9,,run
2026-09-12T19:54:37+03:00,1789232077,6702,69,3,32.3,41.4,,run
2026-09-12T19:54:43+03:00,1789232083,6708,69,3,32.3,38.9,,run
2026-09-12T19:54:48+03:00,1789232088,6713,69,3,32.3,37.4,,run
2026-09-12T19:54:54+03:00,1789232094,6719,69,3,32.3,38.6,,run
2026-09-12T19:54:59+03:00,1789232099,6724,69,3,32.3,40.5,,run
2026-09-12T19:55:05+03:00,1789232105,6730,69,3,32.3,41.7,,run
2026-09-12T19:55:10+03:00,1789232110,6735,69,3,32.3,49.1,,run
2026-09-12T19:55:15+03:00,1789232115,6740,69,3,32.3,44.2,,run
2026-09-12T19:55:21+03:00,1789232121,6746,69,3,32.3,42.9,,run
2026-09-12T19:55:26+03:00,1789232126,6751,69,3,32.3,39.5,,run
2026-09-12T19:55:31+03:00,1789232131,6756,69,3,32.3,38.9,,run
2026-09-12T19:55:37+03:00,1789232137,6762,69,3,32.3,39.5,,run
2026-09-12T19:55:42+03:00,1789232142,6767,69,3,32.3,38.3,,run
2026-09-12T19:55:48+03:00,1789232148,6773,69,3,32.3,38.0,,run
2026-09-12T19:55:53+03:00,1789232153,6778,69,3,32.3,46.0,,run
2026-09-12T19:55:59+03:00,1789232159,6784,69,3,32.3,40.2,,run
2026-09-12T19:56:04+03:00,1789232164,6789,69,3,32.3,41.1,,run
2026-09-12T19:56:10+03:00,1789232170,6795,69,3,32.3,41.1,,run
2026-09-12T19:56:15+03:00,1789232175,6800,69,3,32.3,42.3,,run
2026-09-12T19:56:20+03:00,1789232180,6805,69,3,32.3,42.0,,run
2026-09-12T19:56:26+03:00,1789232186,6811,69,3,32.3,50.7,,run
2026-09-12T19:56:32+03:00,1789232192,6817,69,3,32.3,39.5,,run
2026-09-12T19:56:37+03:00,1789232197,6822,69,3,32.3,38.6,,run
2026-09-12T19:56:43+03:00,1789232203,6828,69,3,32.3,46.3,,run
2026-09-12T19:56:48+03:00,1789232208,6833,69,3,32.3,40.5,,run
2026-09-12T19:56:53+03:00,1789232213,6838,69,3,32.3,37.4,,run
2026-09-12T19:56:59+03:00,1789232219,6844,69,3,32.3,38.9,,run
2026-09-12T19:57:04+03:00,1789232224,6849,69,3,32.3,37.7,,run
2026-09-12T19:57:10+03:00,1789232230,6855,69,3,32.3,38.0,,run
2026-09-12T19:57:15+03:00,1789232235,6860,69,3,32.3,52.2,,run
2026-09-12T19:57:21+03:00,1789232241,6866,69,3,32.3,40.2,,run
2026-09-12T19:57:26+03:00,1789232246,6871,69,3,32.3,38.3,,run
2026-09-12T19:57:32+03:00,1789232252,6877,69,3,32.3,38.0,,run
2026-09-12T19:57:37+03:00,1789232257,6882,69,3,32.3,40.8,,run
2026-09-12T19:57:43+03:00,1789232263,6888,69,3,32.3,40.2,,run
2026-09-12T19:57:48+03:00,1789232268,6893,69,3,32.3,41.7,,run
2026-09-12T19:57:54+03:00,1789232274,6899,69,3,32.3,42.3,,run
2026-09-12T19:57:59+03:00,1789232279,6904,69,3,32.3,47.6,,run
2026-09-12T19:58:04+03:00,1789232284,6909,69,3,32.3,45.4,,run
2026-09-12T19:58:10+03:00,1789232290,6915,69,3,32.3,42.3,,run
2026-09-12T19:58:15+03:00,1789232295,6920,69,3,32.3,39.2,,run
2026-09-12T19:58:20+03:00,1789232300,6925,69,3,32.3,44.2,,run
2026-09-12T19:58:26+03:00,1789232306,6931,69,3,32.3,39.2,,run
2026-09-12T19:58:31+03:00,1789232311,6936,69,3,32.3,47.3,,run
2026-09-12T19:58:37+03:00,1789232317,6942,69,3,32.3,39.2,,run
2026-09-12T19:58:42+03:00,1789232322,6947,69,3,32.3,40.2,,run
2026-09-12T19:58:48+03:00,1789232328,6953,69,3,32.3,37.4,,run
2026-09-12T19:58:53+03:00,1789232333,6958,69,3,32.3,42.3,,run
2026-09-12T19:58:59+03:00,1789232339,6964,69,3,32.3,43.9,,run
2026-09-12T19:59:04+03:00,1789232344,6969,69,3,32.3,38.3,,run
2026-09-12T19:59:09+03:00,1789232349,6974,69,3,32.3,38.0,,run
2026-09-12T19:59:15+03:00,1789232355,6980,69,3,32.3,39.8,,run
2026-09-12T19:59:20+03:00,1789232360,6985,69,3,32.3,39.8,,run
2026-09-12T19:59:26+03:00,1789232366,6991,69,3,32.3,46.3,,run
2026-09-12T19:59:31+03:00,1789232371,6996,69,3,32.3,40.5,,run
2026-09-12T19:59:37+03:00,1789232377,7002,69,3,32.3,40.5,,run
2026-09-12T19:59:42+03:00,1789232382,7007,69,3,32.3,41.7,,run
2026-09-12T19:59:47+03:00,1789232387,7012,69,3,32.3,42.6,,run
2026-09-12T19:59:53+03:00,1789232393,7018,69,3,32.3,41.7,,run
2026-09-12T19:59:58+03:00,1789232398,7023,69,3,32.3,39.5,,run
2026-09-12T20:00:03+03:00,1789232403,7028,69,3,32.3,39.2,,run
2026-09-12T20:00:09+03:00,1789232409,7034,69,3,32.3,38.6,,run
2026-09-12T20:00:14+03:00,1789232414,7039,69,3,32.3,47.6,,run
2026-09-12T20:00:20+03:00,1789232420,7045,69,3,32.3,40.2,,run
2026-09-12T20:00:25+03:00,1789232425,7050,69,3,32.3,39.5,,run
2026-09-12T20:00:31+03:00,1789232431,7056,69,3,32.3,38.3,,run
2026-09-12T20:00:36+03:00,1789232436,7061,69,3,32.3,40.5,,run
2026-09-12T20:00:42+03:00,1789232442,7067,69,3,32.3,50.7,,run
2026-09-12T20:00:47+03:00,1789232447,7072,69,3,32.3,41.1,,run
2026-09-12T20:00:53+03:00,1789232453,7078,69,3,32.3,38.9,,run
2026-09-12T20:00:58+03:00,1789232458,7083,69,3,32.3,41.1,,run
2026-09-12T20:01:04+03:00,1789232464,7089,68,3,32.3,38.3,,run
2026-09-12T20:01:09+03:00,1789232469,7094,68,3,32.3,44.5,,run
2026-09-12T20:01:14+03:00,1789232474,7099,68,3,32.3,47.3,,run
2026-09-12T20:01:20+03:00,1789232480,7105,68,3,32.3,42.6,,run
2026-09-12T20:01:25+03:00,1789232485,7110,68,3,32.3,39.5,,run
2026-09-12T20:01:31+03:00,1789232491,7116,68,3,32.3,52.5,,run
2026-09-12T20:01:36+03:00,1789232496,7121,68,3,32.3,44.2,,run
2026-09-12T20:01:42+03:00,1789232502,7127,68,3,32.3,39.2,,run
2026-09-12T20:01:47+03:00,1789232507,7132,68,3,32.3,38.6,,run
2026-09-12T20:01:53+03:00,1789232513,7138,68,3,32.3,38.9,,run
2026-09-12T20:01:58+03:00,1789232518,7143,68,3,32.3,38.3,,run
2026-09-12T20:02:04+03:00,1789232524,7149,68,3,32.3,38.3,,run
2026-09-12T20:02:09+03:00,1789232529,7154,68,3,32.3,39.8,,run
2026-09-12T20:02:15+03:00,1789232535,7160,68,3,32.3,41.1,,run
2026-09-12T20:02:20+03:00,1789232540,7165,68,3,32.3,41.7,,run
2026-09-12T20:02:25+03:00,1789232545,7170,68,3,32.3,42.9,,run
2026-09-12T20:02:31+03:00,1789232551,7176,68,3,32.3,46.3,,run
2026-09-12T20:02:36+03:00,1789232556,7181,68,3,32.3,43.2,,run
2026-09-12T20:02:41+03:00,1789232561,7186,68,3,32.3,42.9,,run
2026-09-12T20:02:47+03:00,1789232567,7192,68,3,32.3,49.7,,run
2026-09-12T20:02:52+03:00,1789232572,7197,68,3,32.3,40.8,,run
2026-09-12T20:02:58+03:00,1789232578,7203,68,3,32.2,41.4,,run
2026-09-12T20:03:03+03:00,1789232583,7208,68,3,32.2,37.4,,run
2026-09-12T20:03:09+03:00,1789232589,7214,68,3,32.2,37.7,,run
2026-09-12T20:03:14+03:00,1789232594,7219,68,3,32.2,37.7,,run
2026-09-12T20:03:20+03:00,1789232600,7225,68,3,32.2,43.9,,run
2026-09-12T20:03:25+03:00,1789232605,7230,68,3,32.2,47.6,,run
2026-09-12T20:03:30+03:00,1789232610,7235,68,3,32.2,39.2,,run
2026-09-12T20:03:36+03:00,1789232616,7241,68,3,32.2,49.7,,run
2026-09-12T20:03:41+03:00,1789232621,7246,68,3,32.2,41.1,,run
2026-09-12T20:03:47+03:00,1789232627,7252,68,3,32.2,39.2,,run
2026-09-12T20:03:52+03:00,1789232632,7257,68,3,32.2,38.3,,run
2026-09-12T20:03:58+03:00,1789232638,7263,68,3,32.2,42.0,,run
2026-09-12T20:04:03+03:00,1789232643,7268,68,3,32.2,40.8,,run
2026-09-12T20:04:09+03:00,1789232649,7274,68,3,32.2,42.6,,run
2026-09-12T20:04:14+03:00,1789232654,7279,68,3,32.2,42.6,,run
2026-09-12T20:04:19+03:00,1789232659,7284,68,3,32.2,40.2,,run
2026-09-12T20:04:25+03:00,1789232665,7290,68,3,32.2,38.9,,run
2026-09-12T20:04:30+03:00,1789232670,7295,68,3,32.2,38.6,,run
2026-09-12T20:04:36+03:00,1789232676,7301,68,3,32.2,38.3,,run
2026-09-12T20:04:41+03:00,1789232681,7306,68,3,32.2,45.4,,run
2026-09-12T20:04:46+03:00,1789232686,7311,68,3,32.2,44.2,,run
2026-09-12T20:04:52+03:00,1789232692,7317,68,3,32.2,42.3,,run
2026-09-12T20:04:57+03:00,1789232697,7322,68,3,32.2,42.0,,run
2026-09-12T20:05:03+03:00,1789232703,7328,68,3,32.2,47.3,,run
2026-09-12T20:05:08+03:00,1789232708,7333,68,3,32.2,38.3,,run
2026-09-12T20:05:14+03:00,1789232714,7339,68,3,32.2,37.7,,run
2026-09-12T20:05:19+03:00,1789232719,7344,68,3,32.2,37.1,,run
2026-09-12T20:05:25+03:00,1789232725,7350,68,3,32.2,37.1,,run
2026-09-12T20:05:30+03:00,1789232730,7355,68,3,32.2,40.5,,run
2026-09-12T20:05:36+03:00,1789232736,7361,68,3,32.2,46.3,,run
2026-09-12T20:05:41+03:00,1789232741,7366,68,3,32.2,39.2,,run
2026-09-12T20:05:46+03:00,1789232746,7371,68,3,32.2,48.5,,run
2026-09-12T20:05:52+03:00,1789232752,7377,68,3,32.2,40.2,,run
2026-09-12T20:05:57+03:00,1789232757,7382,68,3,32.2,38.6,,run
2026-09-12T20:06:03+03:00,1789232763,7388,68,3,32.2,41.1,,run
2026-09-12T20:06:08+03:00,1789232768,7393,68,3,32.2,41.7,,run
2026-09-12T20:06:14+03:00,1789232774,7399,68,3,32.2,42.6,,run
2026-09-12T20:06:19+03:00,1789232779,7404,68,3,32.2,41.1,,run
2026-09-12T20:06:24+03:00,1789232784,7409,68,3,32.2,39.2,,run
2026-09-12T20:06:30+03:00,1789232790,7415,68,3,32.2,38.6,,run
2026-09-12T20:06:35+03:00,1789232795,7420,68,3,32.2,38.6,,run
2026-09-12T20:06:41+03:00,1789232801,7426,68,3,32.2,38.6,,run
2026-09-12T20:06:46+03:00,1789232806,7431,68,3,32.2,37.7,,run
2026-09-12T20:06:52+03:00,1789232812,7437,68,3,32.2,42.3,,run
2026-09-12T20:06:57+03:00,1789232817,7442,68,3,32.2,39.8,,run
2026-09-12T20:07:03+03:00,1789232823,7448,68,3,32.2,53.8,,run
2026-09-12T20:07:08+03:00,1789232828,7453,68,3,32.2,39.2,,run
2026-09-12T20:07:13+03:00,1789232833,7458,68,3,32.2,38.0,,run
2026-09-12T20:07:19+03:00,1789232839,7464,68,3,32.2,37.4,,run
2026-09-12T20:07:24+03:00,1789232844,7469,68,3,32.2,37.4,,run
2026-09-12T20:07:30+03:00,1789232850,7475,68,3,32.2,37.1,,run
2026-09-12T20:07:36+03:00,1789232856,7481,68,3,32.2,37.1,,run
2026-09-12T20:07:41+03:00,1789232861,7486,68,3,32.2,42.0,,run
2026-09-12T20:07:46+03:00,1789232866,7491,68,3,32.2,45.7,,run
2026-09-12T20:07:52+03:00,1789232872,7497,68,3,32.2,52.8,,run
2026-09-12T20:07:57+03:00,1789232877,7502,68,3,32.2,39.5,,run
2026-09-12T20:08:03+03:00,1789232883,7508,68,3,32.2,38.9,,run
2026-09-12T20:08:08+03:00,1789232888,7513,68,3,32.2,38.6,,run
2026-09-12T20:08:14+03:00,1789232894,7519,68,3,32.2,39.8,,run
2026-09-12T20:08:19+03:00,1789232899,7524,68,3,32.2,41.4,,run
2026-09-12T20:08:24+03:00,1789232904,7529,68,3,32.2,42.3,,run
2026-09-12T20:08:30+03:00,1789232910,7535,68,3,32.2,42.9,,run
2026-09-12T20:08:35+03:00,1789232915,7540,68,3,32.2,41.4,,run
2026-09-12T20:08:40+03:00,1789232920,7545,68,3,32.2,39.2,,run
2026-09-12T20:08:46+03:00,1789232926,7551,68,3,32.2,39.8,,run
2026-09-12T20:08:51+03:00,1789232931,7556,68,3,32.2,40.5,,run
2026-09-12T20:08:57+03:00,1789232937,7562,68,3,32.2,38.6,,run
2026-09-12T20:09:02+03:00,1789232942,7567,68,3,32.2,43.9,,run
2026-09-12T20:09:08+03:00,1789232948,7573,68,3,32.2,52.8,,run
2026-09-12T20:09:13+03:00,1789232953,7578,68,3,32.2,39.8,,run
2026-09-12T20:09:19+03:00,1789232959,7584,68,3,32.2,38.6,,run
2026-09-12T20:09:24+03:00,1789232964,7589,68,3,32.2,37.7,,run
2026-09-12T20:09:30+03:00,1789232970,7595,68,3,32.2,37.4,,run
2026-09-12T20:09:35+03:00,1789232975,7600,68,3,32.2,36.4,,run
2026-09-12T20:09:41+03:00,1789232981,7606,68,3,32.2,38.0,,run
2026-09-12T20:09:46+03:00,1789232986,7611,68,3,32.2,37.4,,run
2026-09-12T20:09:52+03:00,1789232992,7617,68,3,32.2,36.8,,run
2026-09-12T20:09:57+03:00,1789232997,7622,68,3,32.2,51.9,,run
2026-09-12T20:10:03+03:00,1789233003,7628,68,3,32.2,40.5,,run
2026-09-12T20:10:08+03:00,1789233008,7633,68,3,32.2,38.9,,run
2026-09-12T20:10:14+03:00,1789233014,7639,68,3,32.2,40.5,,run
2026-09-12T20:10:19+03:00,1789233019,7644,68,3,32.2,40.5,,run
2026-09-12T20:10:24+03:00,1789233024,7649,68,3,32.2,42.3,,run
2026-09-12T20:10:30+03:00,1789233030,7655,68,3,32.2,42.3,,run
2026-09-12T20:10:35+03:00,1789233035,7660,68,3,32.2,42.3,,run
2026-09-12T20:10:40+03:00,1789233040,7665,68,3,32.2,39.2,,run
2026-09-12T20:10:46+03:00,1789233046,7671,68,3,32.2,38.6,,run
2026-09-12T20:10:51+03:00,1789233051,7676,68,3,32.2,38.6,,run
2026-09-12T20:10:57+03:00,1789233057,7682,68,3,32.2,38.3,,run
2026-09-12T20:11:02+03:00,1789233062,7687,68,3,32.2,38.3,,run
2026-09-12T20:11:08+03:00,1789233068,7693,68,3,32.2,38.0,,run
2026-09-12T20:11:13+03:00,1789233073,7698,68,3,32.2,54.1,,run
2026-09-12T20:11:19+03:00,1789233079,7704,68,3,32.2,43.9,,run
2026-09-12T20:11:24+03:00,1789233084,7709,68,3,32.2,39.5,,run
2026-09-12T20:11:30+03:00,1789233090,7715,68,3,32.2,39.2,,run
2026-09-12T20:11:35+03:00,1789233095,7720,68,3,32.2,37.7,,run
2026-09-12T20:11:41+03:00,1789233101,7726,68,3,32.2,43.2,,run
2026-09-12T20:11:46+03:00,1789233106,7731,68,3,32.2,39.5,,run
2026-09-12T20:11:52+03:00,1789233112,7737,68,3,32.2,39.8,,run
2026-09-12T20:11:57+03:00,1789233117,7742,68,3,32.2,38.6,,run
2026-09-12T20:12:03+03:00,1789233123,7748,68,3,32.2,51.0,,run
2026-09-12T20:12:08+03:00,1789233128,7753,68,3,32.2,40.2,,run
2026-09-12T20:12:13+03:00,1789233133,7758,68,3,32.2,46.3,,run
2026-09-12T20:12:19+03:00,1789233139,7764,68,3,32.2,40.8,,run
2026-09-12T20:12:24+03:00,1789233144,7769,68,3,32.2,39.5,,run
2026-09-12T20:12:30+03:00,1789233150,7775,68,3,32.2,39.8,,run
2026-09-12T20:12:35+03:00,1789233155,7780,68,3,32.2,38.3,,run
2026-09-12T20:12:41+03:00,1789233161,7786,68,3,32.2,39.2,,run
2026-09-12T20:12:46+03:00,1789233166,7791,68,3,32.2,40.5,,run
2026-09-12T20:12:52+03:00,1789233172,7797,67,3,32.3,42.0,,run
2026-09-12T20:12:57+03:00,1789233177,7802,67,3,32.2,42.3,,run
2026-09-12T20:13:02+03:00,1789233182,7807,67,3,32.2,41.7,,run
2026-09-12T20:13:07+03:00,1789233187,7812,67,3,32.2,41.1,,run
2026-09-12T20:13:13+03:00,1789233193,7818,67,3,32.2,38.9,,run
2026-09-12T20:13:18+03:00,1789233198,7823,67,3,32.2,50.1,,run
2026-09-12T20:13:24+03:00,1789233204,7829,67,3,32.2,39.5,,run
2026-09-12T20:13:29+03:00,1789233209,7834,67,3,32.2,44.5,,run
2026-09-12T20:13:35+03:00,1789233215,7840,67,3,32.2,42.9,,run
2026-09-12T20:13:40+03:00,1789233220,7845,67,3,32.2,38.6,,run
2026-09-12T20:13:46+03:00,1789233226,7851,67,3,32.2,38.3,,run
2026-09-12T20:13:51+03:00,1789233231,7856,67,3,32.2,40.2,,run
2026-09-12T20:13:56+03:00,1789233236,7861,67,3,32.2,41.4,,run
2026-09-12T20:14:02+03:00,1789233242,7867,67,3,32.2,41.7,,run
2026-09-12T20:14:07+03:00,1789233247,7872,67,3,32.2,53.5,,run
2026-09-12T20:14:13+03:00,1789233253,7878,67,3,32.2,45.4,,run
2026-09-12T20:14:18+03:00,1789233258,7883,67,3,32.2,43.9,,run
2026-09-12T20:14:23+03:00,1789233263,7888,67,3,32.2,47.0,,run
2026-09-12T20:14:29+03:00,1789233269,7894,67,3,32.2,44.2,,run
2026-09-12T20:14:34+03:00,1789233274,7899,67,3,32.2,42.9,,run
2026-09-12T20:14:39+03:00,1789233279,7904,67,3,32.2,41.7,,run
2026-09-12T20:14:45+03:00,1789233285,7910,67,3,32.2,39.2,,run
2026-09-12T20:14:50+03:00,1789233290,7915,67,3,32.2,38.6,,run
2026-09-12T20:14:56+03:00,1789233296,7921,67,3,32.2,38.9,,run
2026-09-12T20:15:01+03:00,1789233301,7926,67,3,32.2,38.6,,run
2026-09-12T20:15:07+03:00,1789233307,7932,67,3,32.2,37.4,,run
2026-09-12T20:15:12+03:00,1789233312,7937,67,3,32.2,38.0,,run
2026-09-12T20:15:18+03:00,1789233318,7943,67,3,32.2,39.5,,run
2026-09-12T20:15:23+03:00,1789233323,7948,67,3,32.2,47.9,,run
2026-09-12T20:15:29+03:00,1789233329,7954,67,3,32.2,40.2,,run
2026-09-12T20:15:34+03:00,1789233334,7959,67,3,32.2,40.2,,run
2026-09-12T20:15:40+03:00,1789233340,7965,67,3,32.2,44.5,,run
2026-09-12T20:15:45+03:00,1789233345,7970,67,3,32.2,40.8,,run
2026-09-12T20:15:50+03:00,1789233350,7975,67,3,32.2,46.0,,run
2026-09-12T20:15:56+03:00,1789233356,7981,67,3,32.2,41.1,,run
2026-09-12T20:16:01+03:00,1789233361,7986,67,3,32.2,39.2,,run
2026-09-12T20:16:07+03:00,1789233367,7992,67,3,32.2,38.6,,run
2026-09-12T20:16:12+03:00,1789233372,7997,67,3,32.2,40.2,,run
2026-09-12T20:16:18+03:00,1789233378,8003,67,3,32.2,41.1,,run
2026-09-12T20:16:23+03:00,1789233383,8008,67,3,32.2,40.8,,run
2026-09-12T20:16:29+03:00,1789233389,8014,67,3,32.2,43.9,,run
2026-09-12T20:16:34+03:00,1789233394,8019,67,3,32.2,46.7,,run
2026-09-12T20:16:39+03:00,1789233399,8024,67,3,32.2,43.2,,run
2026-09-12T20:16:45+03:00,1789233405,8030,67,3,32.2,42.9,,run
2026-09-12T20:16:50+03:00,1789233410,8035,67,3,32.2,43.2,,run
2026-09-12T20:16:55+03:00,1789233415,8040,67,3,32.2,41.4,,run
2026-09-12T20:17:01+03:00,1789233421,8046,67,3,32.2,39.2,,run
2026-09-12T20:17:06+03:00,1789233426,8051,67,3,32.2,45.7,,run
2026-09-12T20:17:11+03:00,1789233431,8056,67,3,32.2,42.3,,run
2026-09-12T20:17:17+03:00,1789233437,8062,67,3,32.2,44.8,,run
2026-09-12T20:17:22+03:00,1789233442,8067,67,3,32.2,37.4,,run
2026-09-12T20:17:28+03:00,1789233448,8073,67,3,32.2,37.1,,run
2026-09-12T20:17:33+03:00,1789233453,8078,67,3,32.2,36.8,,run
2026-09-12T20:17:39+03:00,1789233459,8084,67,3,32.2,39.2,,run
2026-09-12T20:17:44+03:00,1789233464,8089,67,3,32.2,39.8,,run
2026-09-12T20:17:50+03:00,1789233470,8095,67,3,32.2,42.6,,run
2026-09-12T20:17:55+03:00,1789233475,8100,67,3,32.2,51.6,,run
2026-09-12T20:18:01+03:00,1789233481,8106,67,3,32.2,42.6,,run
2026-09-12T20:18:06+03:00,1789233486,8111,67,3,32.2,40.8,,run
2026-09-12T20:18:11+03:00,1789233491,8116,67,3,32.2,42.0,,run
2026-09-12T20:18:17+03:00,1789233497,8122,67,3,32.2,42.3,,run
2026-09-12T20:18:22+03:00,1789233502,8127,67,3,32.2,40.8,,run
2026-09-12T20:18:27+03:00,1789233507,8132,67,3,32.2,38.9,,run
2026-09-12T20:18:33+03:00,1789233513,8138,67,3,32.2,38.3,,run
2026-09-12T20:18:38+03:00,1789233518,8143,67,3,32.2,37.7,,run
2026-09-12T20:18:44+03:00,1789233524,8149,67,3,32.2,45.7,,run
2026-09-12T20:18:49+03:00,1789233529,8154,67,3,32.2,40.5,,run
2026-09-12T20:18:55+03:00,1789233535,8160,67,3,32.2,38.0,,run
2026-09-12T20:19:00+03:00,1789233540,8165,67,3,32.2,37.7,,run
2026-09-12T20:19:06+03:00,1789233546,8171,67,3,32.2,37.7,,run
2026-09-12T20:19:11+03:00,1789233551,8176,67,3,32.2,38.9,,run
2026-09-12T20:19:17+03:00,1789233557,8182,67,3,32.2,39.8,,run
2026-09-12T20:19:22+03:00,1789233562,8187,67,3,32.2,41.4,,run
2026-09-12T20:19:27+03:00,1789233567,8192,67,3,32.2,41.7,,run
2026-09-12T20:19:33+03:00,1789233573,8198,67,3,32.2,40.8,,run
2026-09-12T20:19:38+03:00,1789233578,8203,67,3,32.2,38.3,,run
2026-09-12T20:19:43+03:00,1789233583,8208,67,3,32.2,37.7,,run
2026-09-12T20:19:49+03:00,1789233589,8214,67,3,32.2,37.1,,run
2026-09-12T20:19:54+03:00,1789233594,8219,67,3,32.2,37.1,,run
2026-09-12T20:20:00+03:00,1789233600,8225,67,3,32.2,42.3,,run
2026-09-12T20:20:05+03:00,1789233605,8230,67,3,32.2,44.5,,run
2026-09-12T20:20:11+03:00,1789233611,8236,67,3,32.2,39.2,,run
2026-09-12T20:20:16+03:00,1789233616,8241,67,3,32.2,38.0,,run
2026-09-12T20:20:21+03:00,1789233621,8246,67,3,32.2,38.9,,run
2026-09-12T20:20:27+03:00,1789233627,8252,67,3,32.2,40.5,,run
2026-09-12T20:20:32+03:00,1789233632,8257,67,3,32.2,41.4,,run
2026-09-12T20:20:38+03:00,1789233638,8263,67,3,32.2,41.7,,run
2026-09-12T20:20:43+03:00,1789233643,8268,67,3,32.2,38.9,,run
2026-09-12T20:20:48+03:00,1789233648,8273,67,3,32.2,38.6,,run
2026-09-12T20:20:54+03:00,1789233654,8279,67,3,32.2,42.3,,run
2026-09-12T20:20:59+03:00,1789233659,8284,67,3,32.2,47.6,,run
2026-09-12T20:21:04+03:00,1789233664,8289,67,3,32.2,39.5,,run
2026-09-12T20:21:10+03:00,1789233670,8295,67,3,32.2,38.3,,run
2026-09-12T20:21:15+03:00,1789233675,8300,67,3,32.2,37.7,,run
2026-09-12T20:21:21+03:00,1789233681,8306,67,3,32.2,37.1,,run
2026-09-12T20:21:26+03:00,1789233686,8311,67,3,32.2,36.8,,run
2026-09-12T20:21:32+03:00,1789233692,8317,67,3,32.2,37.1,,run
2026-09-12T20:21:37+03:00,1789233697,8322,67,3,32.2,36.8,,run
2026-09-12T20:21:43+03:00,1789233703,8328,67,3,32.2,38.3,,run
2026-09-12T20:21:48+03:00,1789233708,8333,67,3,32.2,39.2,,run
2026-09-12T20:21:54+03:00,1789233714,8339,67,3,32.2,40.5,,run
2026-09-12T20:21:59+03:00,1789233719,8344,67,3,32.2,41.7,,run
2026-09-12T20:22:04+03:00,1789233724,8349,67,3,32.2,40.8,,run
2026-09-12T20:22:10+03:00,1789233730,8355,67,3,32.2,40.5,,run
2026-09-12T20:22:15+03:00,1789233735,8360,67,3,32.2,45.4,,run
2026-09-12T20:22:20+03:00,1789233740,8365,67,3,32.2,51.0,,run
2026-09-12T20:22:26+03:00,1789233746,8371,67,3,32.2,38.6,,run
2026-09-12T20:22:32+03:00,1789233752,8377,67,3,32.2,38.3,,run
2026-09-12T20:22:37+03:00,1789233757,8382,67,3,32.2,37.4,,run
2026-09-12T20:22:43+03:00,1789233763,8388,67,3,32.2,36.4,,run
2026-09-12T20:22:48+03:00,1789233768,8393,67,3,32.2,49.4,,run
2026-09-12T20:22:54+03:00,1789233774,8399,67,3,32.0,39.8,,run
2026-09-12T20:22:59+03:00,1789233779,8404,67,3,32.0,41.1,,run
2026-09-12T20:23:04+03:00,1789233784,8409,67,3,32.0,47.3,,run
2026-09-12T20:23:10+03:00,1789233790,8415,67,3,32.0,39.5,,run
2026-09-12T20:23:15+03:00,1789233795,8420,67,3,32.0,38.3,,run
2026-09-12T20:23:21+03:00,1789233801,8426,67,3,32.0,38.9,,run
2026-09-12T20:23:26+03:00,1789233806,8431,67,3,32.0,38.3,,run
2026-09-12T20:23:32+03:00,1789233812,8437,67,3,32.0,38.0,,run
2026-09-12T20:23:37+03:00,1789233817,8442,67,3,32.0,38.6,,run
2026-09-12T20:23:43+03:00,1789233823,8448,67,3,32.0,41.1,,run
2026-09-12T20:23:48+03:00,1789233828,8453,67,3,32.0,42.3,,run
2026-09-12T20:23:53+03:00,1789233833,8458,67,3,32.0,42.3,,run
2026-09-12T20:23:59+03:00,1789233839,8464,67,3,32.0,42.6,,run
2026-09-12T20:24:04+03:00,1789233844,8469,67,3,32.0,48.5,,run
2026-09-12T20:24:10+03:00,1789233850,8475,67,3,32.0,39.5,,run
2026-09-12T20:24:15+03:00,1789233855,8480,67,3,32.0,38.6,,run
2026-09-12T20:24:21+03:00,1789233861,8486,67,3,32.0,42.0,,run
2026-09-12T20:24:26+03:00,1789233866,8491,67,3,32.0,47.0,,run
2026-09-12T20:24:31+03:00,1789233871,8496,67,3,32.0,38.3,,run
2026-09-12T20:24:37+03:00,1789233877,8502,67,3,32.0,41.7,,run
2026-09-12T20:24:42+03:00,1789233882,8507,67,3,32.0,41.4,,run
2026-09-12T20:24:48+03:00,1789233888,8513,67,3,32.0,41.7,,run
2026-09-12T20:24:53+03:00,1789233893,8518,67,3,32.0,50.7,,run
2026-09-12T20:24:58+03:00,1789233898,8523,67,3,32.0,39.8,,run
2026-09-12T20:25:04+03:00,1789233904,8529,67,3,32.0,40.8,,run
2026-09-12T20:25:09+03:00,1789233909,8534,67,3,32.0,38.9,,run
2026-09-12T20:25:15+03:00,1789233915,8540,67,3,32.0,47.0,,run
2026-09-12T20:25:20+03:00,1789233920,8545,67,3,32.0,41.4,,run
2026-09-12T20:25:25+03:00,1789233925,8550,67,3,32.0,39.2,,run
2026-09-12T20:25:31+03:00,1789233931,8556,67,3,32.0,39.5,,run
2026-09-12T20:25:36+03:00,1789233936,8561,67,3,32.0,41.7,,run
2026-09-12T20:25:42+03:00,1789233942,8567,67,3,32.0,40.8,,run
2026-09-12T20:25:47+03:00,1789233947,8572,67,3,32.0,41.7,,run
2026-09-12T20:25:52+03:00,1789233952,8577,67,3,32.0,42.0,,run
2026-09-12T20:25:58+03:00,1789233958,8583,67,3,32.0,41.4,,run
2026-09-12T20:26:03+03:00,1789233963,8588,67,3,32.0,40.5,,run
2026-09-12T20:26:08+03:00,1789233968,8593,67,3,32.0,50.1,,run
2026-09-12T20:26:14+03:00,1789233974,8599,67,3,32.0,39.5,,run
2026-09-12T20:26:20+03:00,1789233980,8605,67,3,32.0,38.9,,run
2026-09-12T20:26:25+03:00,1789233985,8610,67,3,32.0,37.7,,run
2026-09-12T20:26:31+03:00,1789233991,8616,67,3,32.0,36.8,,run
2026-09-12T20:26:36+03:00,1789233996,8621,67,3,32.0,43.6,,run
2026-09-12T20:26:41+03:00,1789234001,8626,67,3,32.0,41.7,,run
2026-09-12T20:26:47+03:00,1789234007,8632,66,3,32.0,40.8,,run
2026-09-12T20:26:52+03:00,1789234012,8637,66,3,32.0,41.7,,run
2026-09-12T20:26:57+03:00,1789234017,8642,66,3,32.0,47.0,,run
2026-09-12T20:27:03+03:00,1789234023,8648,66,3,32.0,47.0,,run
2026-09-12T20:27:08+03:00,1789234028,8653,66,3,32.0,42.9,,run
2026-09-12T20:27:13+03:00,1789234033,8658,66,3,32.0,43.2,,run
2026-09-12T20:27:19+03:00,1789234039,8664,66,3,32.0,42.0,,run
2026-09-12T20:27:24+03:00,1789234044,8669,66,3,32.0,42.3,,run
2026-09-12T20:27:29+03:00,1789234049,8674,66,3,32.0,38.9,,run
2026-09-12T20:27:35+03:00,1789234055,8680,66,3,32.0,39.2,,run
2026-09-12T20:27:40+03:00,1789234060,8685,66,3,32.0,38.6,,run
2026-09-12T20:27:46+03:00,1789234066,8691,66,3,32.0,38.0,,run
2026-09-12T20:27:51+03:00,1789234071,8696,66,3,32.0,38.0,,run
2026-09-12T20:27:57+03:00,1789234077,8702,66,3,32.0,40.2,,run
2026-09-12T20:28:02+03:00,1789234082,8707,66,3,32.0,38.0,,run
2026-09-12T20:28:08+03:00,1789234088,8713,66,3,32.0,40.5,,run
2026-09-12T20:28:13+03:00,1789234093,8718,66,3,32.0,51.0,,run
2026-09-12T20:28:19+03:00,1789234099,8724,66,3,32.0,38.9,,run
2026-09-12T20:28:24+03:00,1789234104,8729,66,3,32.0,43.9,,run
2026-09-12T20:28:30+03:00,1789234110,8735,66,3,32.0,39.2,,run
2026-09-12T20:28:35+03:00,1789234115,8740,66,3,32.0,38.0,,run
2026-09-12T20:28:41+03:00,1789234121,8746,66,3,32.0,37.7,,run
2026-09-12T20:28:46+03:00,1789234126,8751,66,3,32.0,37.7,,run
2026-09-12T20:28:52+03:00,1789234132,8757,66,3,32.0,37.1,,run
2026-09-12T20:28:57+03:00,1789234137,8762,66,3,32.0,47.9,,run
2026-09-12T20:29:03+03:00,1789234143,8768,66,3,32.0,39.8,,run
2026-09-12T20:29:08+03:00,1789234148,8773,66,3,32.0,42.9,,run
2026-09-12T20:29:14+03:00,1789234154,8779,66,3,32.0,42.3,,run
2026-09-12T20:29:19+03:00,1789234159,8784,66,3,32.0,42.6,,run
2026-09-12T20:29:24+03:00,1789234164,8789,66,3,32.0,42.3,,run
2026-09-12T20:29:30+03:00,1789234170,8795,66,3,32.0,39.5,,run
2026-09-12T20:29:35+03:00,1789234175,8800,66,3,32.0,38.3,,run
2026-09-12T20:29:41+03:00,1789234181,8806,66,3,32.0,38.3,,run
2026-09-12T20:29:46+03:00,1789234186,8811,66,3,32.0,37.7,,run
2026-09-12T20:29:52+03:00,1789234192,8817,66,3,32.0,37.7,,run
2026-09-12T20:29:57+03:00,1789234197,8822,66,3,32.0,37.7,,run
2026-09-12T20:30:03+03:00,1789234203,8828,66,3,32.0,38.0,,run
2026-09-12T20:30:08+03:00,1789234208,8833,66,3,32.0,39.8,,run
2026-09-12T20:30:13+03:00,1789234213,8838,66,3,32.0,45.7,,run
2026-09-12T20:30:19+03:00,1789234219,8844,66,3,32.0,39.2,,run
2026-09-12T20:30:25+03:00,1789234225,8850,66,3,32.0,40.2,,run
2026-09-12T20:30:30+03:00,1789234230,8855,66,3,32.0,37.4,,run
2026-09-12T20:30:35+03:00,1789234235,8860,66,3,32.0,37.1,,run
2026-09-12T20:30:41+03:00,1789234241,8866,66,3,32.0,36.1,,run
2026-09-12T20:30:46+03:00,1789234246,8871,66,3,32.0,36.8,,run
2026-09-12T20:30:52+03:00,1789234252,8877,66,3,32.0,36.1,,run
2026-09-12T20:30:57+03:00,1789234257,8882,66,3,32.0,38.9,,run
2026-09-12T20:31:03+03:00,1789234263,8888,66,3,32.0,53.1,,run
2026-09-12T20:31:09+03:00,1789234269,8894,66,3,32.0,42.0,,run
2026-09-12T20:31:14+03:00,1789234274,8899,66,3,32.0,42.0,,run
2026-09-12T20:31:19+03:00,1789234279,8904,66,3,32.0,42.0,,run
2026-09-12T20:31:25+03:00,1789234285,8910,66,3,32.0,41.1,,run
2026-09-12T20:31:30+03:00,1789234290,8915,66,3,32.0,38.6,,run
2026-09-12T20:31:35+03:00,1789234295,8920,66,3,32.0,38.6,,run
2026-09-12T20:31:41+03:00,1789234301,8926,66,3,32.0,38.0,,run
2026-09-12T20:31:46+03:00,1789234306,8931,66,3,32.0,38.0,,run
2026-09-12T20:31:52+03:00,1789234312,8937,66,3,32.0,37.4,,run
2026-09-12T20:31:57+03:00,1789234317,8942,66,3,32.0,38.0,,run
2026-09-12T20:32:03+03:00,1789234323,8948,66,3,32.0,37.4,,run
2026-09-12T20:32:08+03:00,1789234328,8953,66,3,32.0,38.9,,run
2026-09-12T20:32:14+03:00,1789234334,8959,66,3,31.9,39.8,,run
2026-09-12T20:32:19+03:00,1789234339,8964,66,3,31.9,48.5,,run
2026-09-12T20:32:25+03:00,1789234345,8970,66,3,31.9,38.6,,run
2026-09-12T20:32:30+03:00,1789234350,8975,66,3,31.9,38.0,,run
2026-09-12T20:32:36+03:00,1789234356,8981,66,3,31.9,36.8,,run
2026-09-12T20:32:41+03:00,1789234361,8986,66,3,31.9,36.4,,run
2026-09-12T20:32:47+03:00,1789234367,8992,66,3,31.9,36.1,,run
2026-09-12T20:32:52+03:00,1789234372,8997,66,3,31.9,38.0,,run
2026-09-12T20:32:58+03:00,1789234378,9003,66,3,31.9,39.5,,run
2026-09-12T20:33:03+03:00,1789234383,9008,66,3,31.9,40.8,,run
2026-09-12T20:33:08+03:00,1789234388,9013,66,3,31.9,47.6,,run
2026-09-12T20:33:14+03:00,1789234394,9019,66,3,31.9,42.0,,run
2026-09-12T20:33:19+03:00,1789234399,9024,66,3,31.9,41.7,,run
2026-09-12T20:33:25+03:00,1789234405,9030,66,3,31.9,46.7,,run
2026-09-12T20:33:30+03:00,1789234410,9035,66,3,31.9,42.3,,run
2026-09-12T20:33:35+03:00,1789234415,9040,66,3,31.9,40.8,,run
2026-09-12T20:33:41+03:00,1789234421,9046,66,3,31.9,41.4,,run
2026-09-12T20:33:46+03:00,1789234426,9051,66,3,31.9,42.3,,run
2026-09-12T20:33:51+03:00,1789234431,9056,66,3,31.9,42.0,,run
2026-09-12T20:33:57+03:00,1789234437,9062,66,3,31.9,46.7,,run
2026-09-12T20:34:02+03:00,1789234442,9067,66,3,31.9,39.5,,run
2026-09-12T20:34:07+03:00,1789234447,9072,66,3,31.9,38.3,,run
2026-09-12T20:34:13+03:00,1789234453,9078,66,3,31.9,37.7,,run
2026-09-12T20:34:18+03:00,1789234458,9083,66,3,31.9,38.3,,run
2026-09-12T20:34:24+03:00,1789234464,9089,66,3,31.9,51.0,,run
2026-09-12T20:34:29+03:00,1789234469,9094,66,3,31.9,38.0,,run
2026-09-12T20:34:35+03:00,1789234475,9100,66,3,31.9,39.5,,run
2026-09-12T20:34:40+03:00,1789234480,9105,66,3,31.9,38.3,,run
2026-09-12T20:34:46+03:00,1789234486,9111,66,3,31.9,38.3,,run
2026-09-12T20:34:51+03:00,1789234491,9116,66,3,31.9,36.8,,run
2026-09-12T20:34:57+03:00,1789234497,9122,66,3,31.9,39.2,,run
2026-09-12T20:35:02+03:00,1789234502,9127,66,3,31.9,37.4,,run
2026-09-12T20:35:08+03:00,1789234508,9133,66,3,31.9,39.2,,run
2026-09-12T20:35:13+03:00,1789234513,9138,66,3,31.9,49.4,,run
2026-09-12T20:35:19+03:00,1789234519,9144,66,3,31.9,43.6,,run
2026-09-12T20:35:24+03:00,1789234524,9149,66,3,31.9,38.9,,run
2026-09-12T20:35:30+03:00,1789234530,9155,66,3,31.9,38.6,,run
2026-09-12T20:35:35+03:00,1789234535,9160,66,3,31.9,40.5,,run
2026-09-12T20:35:40+03:00,1789234540,9165,66,3,31.9,40.5,,run
2026-09-12T20:35:46+03:00,1789234546,9171,66,3,31.9,41.4,,run
2026-09-12T20:35:51+03:00,1789234551,9176,66,3,31.9,41.1,,run
2026-09-12T20:35:56+03:00,1789234556,9181,66,3,31.9,39.2,,run
2026-09-12T20:36:02+03:00,1789234562,9187,66,3,31.9,45.4,,run
2026-09-12T20:36:07+03:00,1789234567,9192,66,3,31.9,43.9,,run
2026-09-12T20:36:12+03:00,1789234572,9197,66,3,31.9,39.5,,run
2026-09-12T20:36:18+03:00,1789234578,9203,66,3,31.9,38.3,,run
2026-09-12T20:36:23+03:00,1789234583,9208,66,3,31.9,43.6,,run
2026-09-12T20:36:29+03:00,1789234589,9214,66,3,31.9,50.1,,run
2026-09-12T20:36:34+03:00,1789234594,9219,66,3,31.9,40.2,,run
2026-09-12T20:36:40+03:00,1789234600,9225,66,3,31.9,38.6,,run
2026-09-12T20:36:45+03:00,1789234605,9230,66,3,31.9,37.1,,run
2026-09-12T20:36:51+03:00,1789234611,9236,66,3,31.9,36.8,,run
2026-09-12T20:36:56+03:00,1789234616,9241,66,3,31.9,36.4,,run
2026-09-12T20:37:02+03:00,1789234622,9247,66,3,31.9,38.9,,run
2026-09-12T20:37:07+03:00,1789234627,9252,66,3,31.9,39.2,,run
2026-09-12T20:37:13+03:00,1789234633,9258,66,3,31.9,48.8,,run
2026-09-12T20:37:19+03:00,1789234639,9264,66,3,31.9,47.0,,run
2026-09-12T20:37:24+03:00,1789234644,9269,66,3,31.9,47.6,,run
2026-09-12T20:37:29+03:00,1789234649,9274,66,3,31.9,41.1,,run
2026-09-12T20:37:35+03:00,1789234655,9280,66,3,31.9,39.8,,run
2026-09-12T20:37:40+03:00,1789234660,9285,66,3,31.9,40.5,,run
2026-09-12T20:37:46+03:00,1789234666,9291,66,3,31.9,41.1,,run
2026-09-12T20:37:51+03:00,1789234671,9296,66,3,31.9,42.3,,run
2026-09-12T20:37:56+03:00,1789234676,9301,66,3,31.9,47.6,,run
2026-09-12T20:38:01+03:00,1789234681,9306,66,3,31.9,44.2,,run
2026-09-12T20:38:07+03:00,1789234687,9312,66,3,31.9,43.9,,run
2026-09-12T20:38:12+03:00,1789234692,9317,66,3,31.9,47.9,,run
2026-09-12T20:38:17+03:00,1789234697,9322,66,3,31.9,44.5,,run
2026-09-12T20:38:23+03:00,1789234703,9328,66,3,31.9,40.5,,run
2026-09-12T20:38:28+03:00,1789234708,9333,65,3,32.2,42.6,,run
2026-09-12T20:38:34+03:00,1789234714,9339,65,3,32.2,41.1,,run
2026-09-12T20:38:39+03:00,1789234719,9344,65,3,32.2,43.6,,run
2026-09-12T20:38:45+03:00,1789234725,9350,65,3,32.2,37.7,,run
2026-09-12T20:38:50+03:00,1789234730,9355,65,3,32.2,37.4,,run
2026-09-12T20:38:56+03:00,1789234736,9361,65,3,32.2,36.8,,run
2026-09-12T20:39:01+03:00,1789234741,9366,65,3,32.2,40.8,,run
2026-09-12T20:39:07+03:00,1789234747,9372,65,3,32.2,38.0,,run
2026-09-12T20:39:12+03:00,1789234752,9377,65,3,32.2,37.7,,run
2026-09-12T20:39:17+03:00,1789234757,9382,65,3,32.2,37.4,,run
2026-09-12T20:39:23+03:00,1789234763,9388,65,3,32.2,47.0,,run
2026-09-12T20:39:28+03:00,1789234768,9393,65,3,32.2,43.9,,run
2026-09-12T20:39:34+03:00,1789234774,9399,65,3,32.2,46.0,,run
2026-09-12T20:39:39+03:00,1789234779,9404,65,3,32.2,39.8,,run
2026-09-12T20:39:45+03:00,1789234785,9410,65,3,32.2,40.2,,run
2026-09-12T20:39:50+03:00,1789234790,9415,65,3,32.2,38.3,,run
2026-09-12T20:39:56+03:00,1789234796,9421,65,3,32.2,38.6,,run
2026-09-12T20:40:01+03:00,1789234801,9426,65,3,32.2,40.2,,run
2026-09-12T20:40:06+03:00,1789234806,9431,65,3,32.2,41.7,,run
2026-09-12T20:40:12+03:00,1789234812,9437,65,3,32.2,42.3,,run
2026-09-12T20:40:17+03:00,1789234817,9442,65,3,32.2,45.1,,run
2026-09-12T20:40:22+03:00,1789234822,9447,65,3,32.2,47.3,,run
2026-09-12T20:40:28+03:00,1789234828,9453,65,3,32.2,43.2,,run
2026-09-12T20:40:33+03:00,1789234833,9458,65,3,32.2,42.0,,run
2026-09-12T20:40:38+03:00,1789234838,9463,65,3,32.2,51.0,,run
2026-09-12T20:40:44+03:00,1789234844,9469,65,3,32.2,39.2,,run
2026-09-12T20:40:50+03:00,1789234850,9475,65,3,32.2,39.2,,run
2026-09-12T20:40:55+03:00,1789234855,9480,65,3,32.2,37.4,,run
2026-09-12T20:41:01+03:00,1789234861,9486,65,3,32.2,37.7,,run
2026-09-12T20:41:06+03:00,1789234866,9491,65,3,32.2,47.3,,run
2026-09-12T20:41:12+03:00,1789234872,9497,65,3,32.2,40.8,,run
2026-09-12T20:41:17+03:00,1789234877,9502,65,3,32.2,38.6,,run
2026-09-12T20:41:23+03:00,1789234883,9508,65,3,32.2,41.1,,run
2026-09-12T20:41:28+03:00,1789234888,9513,65,3,32.2,38.0,,run
2026-09-12T20:41:34+03:00,1789234894,9519,65,3,32.2,38.3,,run
2026-09-12T20:41:39+03:00,1789234899,9524,65,3,32.2,43.9,,run
2026-09-12T20:41:45+03:00,1789234905,9530,65,3,32.2,41.4,,run
2026-09-12T20:41:50+03:00,1789234910,9535,65,3,32.2,39.2,,run
2026-09-12T20:41:56+03:00,1789234916,9541,65,3,32.2,40.5,,run
2026-09-12T20:42:01+03:00,1789234921,9546,65,3,32.2,41.1,,run
2026-09-12T20:42:06+03:00,1789234926,9551,65,3,32.2,42.3,,run
2026-09-12T20:42:12+03:00,1789234932,9557,65,3,32.2,41.4,,run
2026-09-12T20:42:17+03:00,1789234937,9562,65,3,32.2,39.2,,run
2026-09-12T20:42:22+03:00,1789234942,9567,65,3,32.2,40.2,,run
2026-09-12T20:42:28+03:00,1789234948,9573,65,3,32.2,40.5,,run
2026-09-12T20:42:33+03:00,1789234953,9578,65,3,32.2,48.2,,run
2026-09-12T20:42:39+03:00,1789234959,9584,65,3,32.2,39.5,,run
2026-09-12T20:42:44+03:00,1789234964,9589,65,3,32.2,38.3,,run
2026-09-12T20:42:50+03:00,1789234970,9595,65,3,32.2,37.4,,run
2026-09-12T20:42:55+03:00,1789234975,9600,65,3,32.1,37.4,,run
2026-09-12T20:43:01+03:00,1789234981,9606,65,3,32.1,37.1,,run
2026-09-12T20:43:06+03:00,1789234986,9611,65,3,32.1,37.1,,run
2026-09-12T20:43:12+03:00,1789234992,9617,65,3,32.1,46.7,,run
2026-09-12T20:43:18+03:00,1789234998,9623,65,3,32.1,39.8,,run
2026-09-12T20:43:23+03:00,1789235003,9628,65,3,32.1,40.2,,run
2026-09-12T20:43:28+03:00,1789235008,9633,65,3,32.1,40.2,,run
2026-09-12T20:43:34+03:00,1789235014,9639,65,3,32.1,41.4,,run
2026-09-12T20:43:39+03:00,1789235019,9644,65,3,32.1,42.3,,run
2026-09-12T20:43:45+03:00,1789235025,9650,65,3,32.1,41.4,,run
2026-09-12T20:43:50+03:00,1789235030,9655,65,3,32.1,40.8,,run
2026-09-12T20:43:55+03:00,1789235035,9660,65,3,32.1,46.0,,run
2026-09-12T20:44:00+03:00,1789235040,9665,65,3,32.1,40.8,,run
2026-09-12T20:44:06+03:00,1789235046,9671,65,3,32.1,38.9,,run
2026-09-12T20:44:11+03:00,1789235051,9676,65,3,32.1,38.0,,run
2026-09-12T20:44:17+03:00,1789235057,9682,65,3,32.1,38.0,,run
2026-09-12T20:44:22+03:00,1789235062,9687,65,3,32.1,37.7,,run
2026-09-12T20:44:28+03:00,1789235068,9693,65,3,32.1,43.9,,run
2026-09-12T20:44:33+03:00,1789235073,9698,65,3,32.1,41.1,,run
2026-09-12T20:44:39+03:00,1789235079,9704,65,3,32.1,43.6,,run
2026-09-12T20:44:44+03:00,1789235084,9709,65,3,32.1,37.7,,run
2026-09-12T20:44:50+03:00,1789235090,9715,65,3,32.1,37.1,,run
2026-09-12T20:44:55+03:00,1789235095,9720,65,3,32.1,36.8,,run
2026-09-12T20:45:01+03:00,1789235101,9726,65,3,32.1,42.0,,run
2026-09-12T20:45:06+03:00,1789235106,9731,65,3,32.1,37.7,,run
2026-09-12T20:45:12+03:00,1789235112,9737,65,3,32.1,38.6,,run
2026-09-12T20:45:17+03:00,1789235117,9742,65,3,32.1,39.8,,run
2026-09-12T20:45:23+03:00,1789235123,9748,65,3,32.1,44.8,,run
2026-09-12T20:45:28+03:00,1789235128,9753,65,3,32.1,38.0,,run
2026-09-12T20:45:33+03:00,1789235133,9758,65,3,32.1,38.9,,run
2026-09-12T20:45:39+03:00,1789235139,9764,65,3,32.1,40.8,,run
2026-09-12T20:45:44+03:00,1789235144,9769,65,3,32.1,41.4,,run
2026-09-12T20:45:50+03:00,1789235150,9775,65,3,32.1,46.0,,run
2026-09-12T20:45:55+03:00,1789235155,9780,65,3,32.1,42.9,,run
2026-09-12T20:46:00+03:00,1789235160,9785,65,3,32.1,43.9,,run
2026-09-12T20:46:06+03:00,1789235166,9791,65,3,32.1,42.0,,run
2026-09-12T20:46:11+03:00,1789235171,9796,65,3,32.1,39.5,,run
2026-09-12T20:46:16+03:00,1789235176,9801,65,3,32.1,39.2,,run
2026-09-12T20:46:22+03:00,1789235182,9807,65,3,32.1,38.3,,run
2026-09-12T20:46:27+03:00,1789235187,9812,65,3,32.1,38.3,,run
2026-09-12T20:46:33+03:00,1789235193,9818,65,3,32.1,47.6,,run
2026-09-12T20:46:38+03:00,1789235198,9823,65,3,32.1,43.2,,run
2026-09-12T20:46:44+03:00,1789235204,9829,65,3,32.1,39.8,,run
2026-09-12T20:46:49+03:00,1789235209,9834,65,3,32.1,37.7,,run
2026-09-12T20:46:55+03:00,1789235215,9840,65,3,32.1,37.1,,run
2026-09-12T20:47:00+03:00,1789235220,9845,65,3,32.1,37.4,,run
2026-09-12T20:47:06+03:00,1789235226,9851,65,3,32.1,43.6,,run
2026-09-12T20:47:11+03:00,1789235231,9856,65,3,32.1,39.8,,run
2026-09-12T20:47:17+03:00,1789235237,9862,65,3,32.1,38.0,,run
2026-09-12T20:47:22+03:00,1789235242,9867,65,3,32.1,40.2,,run
2026-09-12T20:47:28+03:00,1789235248,9873,65,3,32.1,48.2,,run
2026-09-12T20:47:33+03:00,1789235253,9878,65,3,32.1,38.9,,run
2026-09-12T20:47:39+03:00,1789235259,9884,65,3,32.1,42.0,,run
2026-09-12T20:47:44+03:00,1789235264,9889,65,3,32.1,40.5,,run
2026-09-12T20:47:49+03:00,1789235269,9894,65,3,32.1,42.9,,run
2026-09-12T20:47:55+03:00,1789235275,9900,65,3,32.1,45.1,,run
2026-09-12T20:48:00+03:00,1789235280,9905,65,3,32.1,43.2,,run
2026-09-12T20:48:05+03:00,1789235285,9910,65,3,32.1,41.4,,run
2026-09-12T20:48:11+03:00,1789235291,9916,65,3,32.1,42.3,,run
2026-09-12T20:48:16+03:00,1789235296,9921,65,3,32.1,42.6,,run
2026-09-12T20:48:21+03:00,1789235301,9926,65,3,32.1,39.2,,run
2026-09-12T20:48:27+03:00,1789235307,9932,65,3,32.1,38.9,,run
2026-09-12T20:48:32+03:00,1789235312,9937,65,3,32.1,38.3,,run
2026-09-12T20:48:38+03:00,1789235318,9943,65,3,32.1,38.3,,run
2026-09-12T20:48:43+03:00,1789235323,9948,65,3,32.1,51.3,,run
2026-09-12T20:48:49+03:00,1789235329,9954,65,3,32.1,38.6,,run
2026-09-12T20:48:54+03:00,1789235334,9959,65,3,32.1,38.3,,run
2026-09-12T20:49:00+03:00,1789235340,9965,65,3,32.1,38.0,,run
2026-09-12T20:49:05+03:00,1789235345,9970,65,3,32.1,40.8,,run
2026-09-12T20:49:11+03:00,1789235351,9976,65,3,32.1,44.2,,run
2026-09-12T20:49:16+03:00,1789235356,9981,65,3,32.1,45.7,,run
2026-09-12T20:49:21+03:00,1789235361,9986,65,3,32.1,45.4,,run
2026-09-12T20:49:27+03:00,1789235367,9992,65,3,32.1,42.3,,run
2026-09-12T20:49:32+03:00,1789235372,9997,65,3,32.1,49.7,,run
2026-09-12T20:49:38+03:00,1789235378,10003,65,3,32.1,44.8,,run
2026-09-12T20:49:43+03:00,1789235383,10008,65,3,32.1,42.3,,run
2026-09-12T20:49:48+03:00,1789235388,10013,65,3,32.1,38.9,,run
2026-09-12T20:49:54+03:00,1789235394,10019,65,3,32.1,38.3,,run
2026-09-12T20:49:59+03:00,1789235399,10024,65,3,32.1,38.6,,run
2026-09-12T20:50:05+03:00,1789235405,10030,65,3,32.1,42.0,,run
2026-09-12T20:50:10+03:00,1789235410,10035,65,3,32.1,46.7,,run
2026-09-12T20:50:16+03:00,1789235416,10041,64,3,32.2,41.4,,run
2026-09-12T20:50:21+03:00,1789235421,10046,64,3,32.2,39.2,,run
2026-09-12T20:50:26+03:00,1789235426,10051,64,3,32.2,38.3,,run
2026-09-12T20:50:32+03:00,1789235432,10057,64,3,32.2,38.6,,run
2026-09-12T20:50:37+03:00,1789235437,10062,64,3,32.2,38.6,,run
2026-09-12T20:50:43+03:00,1789235443,10068,64,3,32.2,39.8,,run
2026-09-12T20:50:48+03:00,1789235448,10073,64,3,32.2,46.0,,run
2026-09-12T20:50:54+03:00,1789235454,10079,64,3,32.2,40.8,,run
2026-09-12T20:51:00+03:00,1789235459,10084,64,3,32.2,42.0,,run
2026-09-12T20:51:05+03:00,1789235465,10090,64,3,32.2,38.0,,run
2026-09-12T20:51:10+03:00,1789235470,10095,64,3,32.2,37.4,,run
2026-09-12T20:51:16+03:00,1789235476,10101,64,3,32.2,36.8,,run
2026-09-12T20:51:21+03:00,1789235481,10106,64,3,32.2,37.1,,run
2026-09-12T20:51:27+03:00,1789235487,10112,64,3,32.2,44.8,,run
2026-09-12T20:51:32+03:00,1789235492,10117,64,3,32.2,41.7,,run
2026-09-12T20:51:38+03:00,1789235498,10123,64,3,32.2,42.3,,run
2026-09-12T20:51:43+03:00,1789235503,10128,64,3,32.2,46.0,,run
2026-09-12T20:51:49+03:00,1789235509,10134,64,3,32.2,42.9,,run
2026-09-12T20:51:54+03:00,1789235514,10139,64,3,32.2,42.0,,run
2026-09-12T20:51:59+03:00,1789235519,10144,64,3,32.2,45.7,,run
2026-09-12T20:52:05+03:00,1789235524,10149,64,3,32.2,47.6,,run
2026-09-12T20:52:10+03:00,1789235530,10155,64,3,32.2,41.1,,run
2026-09-12T20:52:15+03:00,1789235535,10160,64,3,32.2,39.8,,run
2026-09-12T20:52:21+03:00,1789235541,10166,64,3,32.2,38.6,,run
2026-09-12T20:52:26+03:00,1789235546,10171,64,3,32.2,38.3,,run
2026-09-12T20:52:32+03:00,1789235552,10177,64,3,32.2,38.0,,run
2026-09-12T20:52:37+03:00,1789235557,10182,64,3,32.2,38.0,,run
2026-09-12T20:52:43+03:00,1789235563,10188,64,3,32.2,38.3,,run
2026-09-12T20:52:48+03:00,1789235568,10193,64,3,32.2,39.5,,run
2026-09-12T20:52:54+03:00,1789235574,10199,64,3,32.1,45.1,,run
2026-09-12T20:52:59+03:00,1789235579,10204,64,3,32.1,51.0,,run
2026-09-12T20:53:04+03:00,1789235584,10209,64,3,32.1,38.0,,run
2026-09-12T20:53:10+03:00,1789235590,10215,64,3,32.1,38.6,,run
2026-09-12T20:53:15+03:00,1789235595,10220,64,3,32.1,37.4,,run
2026-09-12T20:53:21+03:00,1789235601,10226,64,3,32.1,42.0,,run
2026-09-12T20:53:26+03:00,1789235606,10231,64,3,32.1,38.6,,run
2026-09-12T20:53:32+03:00,1789235612,10237,64,3,32.1,53.5,,run
2026-09-12T20:53:37+03:00,1789235617,10242,64,3,32.1,39.5,,run
2026-09-12T20:53:43+03:00,1789235623,10248,64,3,32.1,39.5,,run
2026-09-12T20:53:48+03:00,1789235628,10253,64,3,32.1,40.2,,run
2026-09-12T20:53:54+03:00,1789235634,10259,64,3,32.1,40.5,,run
2026-09-12T20:53:59+03:00,1789235639,10264,64,3,32.1,42.0,,run
2026-09-12T20:54:04+03:00,1789235644,10269,64,3,32.1,41.7,,run
2026-09-12T20:54:10+03:00,1789235650,10275,64,3,32.1,45.1,,run
2026-09-12T20:54:15+03:00,1789235655,10280,64,3,32.1,42.3,,run
2026-09-12T20:54:21+03:00,1789235661,10286,64,3,32.1,39.5,,run
2026-09-12T20:54:26+03:00,1789235666,10291,64,3,32.1,38.6,,run
2026-09-12T20:54:32+03:00,1789235672,10297,64,3,32.1,38.0,,run
2026-09-12T20:54:37+03:00,1789235677,10302,64,3,32.1,38.3,,run
2026-09-12T20:54:43+03:00,1789235683,10308,64,3,32.1,38.3,,run
2026-09-12T20:54:48+03:00,1789235688,10313,64,3,32.1,50.4,,run
2026-09-12T20:54:54+03:00,1789235694,10319,64,3,32.1,41.1,,run
2026-09-12T20:54:59+03:00,1789235699,10324,64,3,32.1,44.5,,run
2026-09-12T20:55:04+03:00,1789235704,10329,64,3,32.1,37.4,,run
2026-09-12T20:55:10+03:00,1789235710,10335,64,3,32.1,37.1,,run
2026-09-12T20:55:16+03:00,1789235715,10340,64,3,32.1,37.1,,run
2026-09-12T20:55:21+03:00,1789235721,10346,64,3,32.1,37.1,,run
2026-09-12T20:55:27+03:00,1789235727,10352,64,3,32.1,43.9,,run
2026-09-12T20:55:32+03:00,1789235732,10357,64,3,32.1,47.3,,run
2026-09-12T20:55:37+03:00,1789235737,10362,64,3,32.1,43.6,,run
2026-09-12T20:55:42+03:00,1789235742,10367,64,3,32.1,48.5,,run
2026-09-12T20:55:48+03:00,1789235748,10373,64,3,32.1,41.4,,run
2026-09-12T20:55:54+03:00,1789235754,10379,64,3,32.1,39.5,,run
2026-09-12T20:55:59+03:00,1789235759,10384,64,3,32.1,38.3,,run
2026-09-12T20:56:05+03:00,1789235765,10390,64,3,32.1,38.3,,run
2026-09-12T20:56:10+03:00,1789235770,10395,64,3,32.1,38.6,,run
2026-09-12T20:56:16+03:00,1789235776,10401,64,3,32.1,44.5,,run
2026-09-12T20:56:21+03:00,1789235781,10406,64,3,32.1,48.2,,run
2026-09-12T20:56:26+03:00,1789235786,10411,64,3,32.1,41.7,,run
2026-09-12T20:56:32+03:00,1789235792,10417,64,3,32.1,42.0,,run
2026-09-12T20:56:37+03:00,1789235797,10422,64,3,32.1,43.2,,run
2026-09-12T20:56:42+03:00,1789235802,10427,64,3,32.1,42.9,,run
2026-09-12T20:56:48+03:00,1789235808,10433,64,3,32.1,41.1,,run
2026-09-12T20:56:53+03:00,1789235813,10438,64,3,32.1,38.6,,run
2026-09-12T20:56:59+03:00,1789235818,10443,64,3,32.1,42.0,,run
2026-09-12T20:57:04+03:00,1789235824,10449,64,3,32.1,41.4,,run
2026-09-12T20:57:09+03:00,1789235829,10454,64,3,32.1,39.2,,run
2026-09-12T20:57:15+03:00,1789235835,10460,64,3,32.1,37.4,,run
2026-09-12T20:57:21+03:00,1789235841,10466,64,3,32.1,37.1,,run
2026-09-12T20:57:26+03:00,1789235846,10471,64,3,32.1,37.4,,run
2026-09-12T20:57:32+03:00,1789235852,10477,64,3,32.1,36.8,,run
2026-09-12T20:57:37+03:00,1789235857,10482,64,3,32.1,44.2,,run
2026-09-12T20:57:42+03:00,1789235862,10487,64,3,32.1,41.7,,run
2026-09-12T20:57:48+03:00,1789235868,10493,64,3,32.1,38.3,,run
2026-09-12T20:57:53+03:00,1789235873,10498,64,3,32.1,50.7,,run
2026-09-12T20:57:59+03:00,1789235879,10504,64,3,32.1,42.6,,run
2026-09-12T20:58:04+03:00,1789235884,10509,64,3,32.1,43.6,,run
2026-09-12T20:58:10+03:00,1789235890,10515,64,3,32.1,42.6,,run
2026-09-12T20:58:15+03:00,1789235895,10520,64,3,32.1,41.7,,run
2026-09-12T20:58:20+03:00,1789235900,10525,64,3,32.1,39.8,,run
2026-09-12T20:58:26+03:00,1789235906,10531,64,3,32.1,45.1,,run
2026-09-12T20:58:31+03:00,1789235911,10536,64,3,32.1,48.8,,run
2026-09-12T20:58:36+03:00,1789235916,10541,64,3,32.1,42.3,,run
2026-09-12T20:58:42+03:00,1789235922,10547,64,3,32.1,42.3,,run
2026-09-12T20:58:47+03:00,1789235927,10552,64,3,32.1,42.9,,run
2026-09-12T20:58:53+03:00,1789235933,10558,64,3,32.1,43.2,,run
2026-09-12T20:58:58+03:00,1789235938,10563,64,3,32.1,40.8,,run
2026-09-12T20:59:03+03:00,1789235943,10568,64,3,32.1,38.9,,run
2026-09-12T20:59:09+03:00,1789235949,10574,64,3,32.1,40.8,,run
2026-09-12T20:59:14+03:00,1789235954,10579,64,3,32.1,43.9,,run
2026-09-12T20:59:20+03:00,1789235960,10585,64,3,32.1,41.1,,run
2026-09-12T20:59:25+03:00,1789235965,10590,64,3,32.1,38.0,,run
2026-09-12T20:59:31+03:00,1789235971,10596,64,3,32.1,37.7,,run
2026-09-12T20:59:36+03:00,1789235976,10601,64,3,32.1,37.7,,run
2026-09-12T20:59:42+03:00,1789235982,10607,64,3,32.1,36.8,,run
2026-09-12T20:59:47+03:00,1789235987,10612,64,3,32.1,43.2,,run
2026-09-12T20:59:53+03:00,1789235993,10618,64,3,32.1,44.8,,run
2026-09-12T20:59:58+03:00,1789235998,10623,64,3,32.1,39.2,,run
2026-09-12T21:00:03+03:00,1789236003,10628,64,3,32.1,43.2,,run
2026-09-12T21:00:09+03:00,1789236009,10634,64,3,32.1,46.7,,run
2026-09-12T21:00:14+03:00,1789236014,10639,64,3,32.1,40.5,,run
2026-09-12T21:00:20+03:00,1789236020,10645,64,3,32.1,40.2,,run
2026-09-12T21:00:25+03:00,1789236025,10650,64,3,32.1,42.6,,run
2026-09-12T21:00:30+03:00,1789236030,10655,64,3,32.1,42.3,,run
2026-09-12T21:00:36+03:00,1789236036,10661,64,3,32.1,38.6,,run
2026-09-12T21:00:41+03:00,1789236041,10666,64,3,32.1,45.4,,run
2026-09-12T21:00:47+03:00,1789236047,10672,64,3,32.1,40.8,,run
2026-09-12T21:00:52+03:00,1789236052,10677,64,3,32.1,40.2,,run
2026-09-12T21:00:58+03:00,1789236058,10683,64,3,32.1,38.6,,run
2026-09-12T21:01:03+03:00,1789236063,10688,64,3,32.1,38.3,,run
2026-09-12T21:01:09+03:00,1789236069,10694,64,3,32.1,38.0,,run
2026-09-12T21:01:14+03:00,1789236074,10699,64,3,32.1,39.2,,run
2026-09-12T21:01:20+03:00,1789236080,10705,64,3,32.1,40.5,,run
2026-09-12T21:01:25+03:00,1789236085,10710,64,3,32.1,54.4,,run
2026-09-12T21:01:31+03:00,1789236091,10716,64,3,32.1,39.2,,run
2026-09-12T21:01:36+03:00,1789236096,10721,64,3,32.1,40.2,,run
2026-09-12T21:01:42+03:00,1789236102,10727,64,3,32.1,37.4,,run
2026-09-12T21:01:47+03:00,1789236107,10732,64,3,32.1,36.4,,run
2026-09-12T21:01:53+03:00,1789236113,10738,64,3,32.1,36.1,,run
2026-09-12T21:01:58+03:00,1789236118,10743,64,3,32.1,36.8,,run
2026-09-12T21:02:04+03:00,1789236124,10749,63,3,32.0,43.2,,run
2026-09-12T21:02:09+03:00,1789236129,10754,63,3,32.0,40.8,,run
2026-09-12T21:02:15+03:00,1789236135,10760,63,3,32.0,40.5,,run
2026-09-12T21:02:20+03:00,1789236140,10765,63,3,32.0,52.2,,run
2026-09-12T21:02:25+03:00,1789236145,10770,63,3,32.0,43.6,,run
2026-09-12T21:02:31+03:00,1789236151,10776,63,3,32.0,41.1,,run
2026-09-12T21:02:36+03:00,1789236156,10781,63,3,32.0,39.5,,run
2026-09-12T21:02:42+03:00,1789236162,10787,63,3,32.0,38.9,,run
2026-09-12T21:02:47+03:00,1789236167,10792,63,3,32.0,38.3,,run
2026-09-12T21:02:53+03:00,1789236173,10798,63,3,32.0,43.9,,run
2026-09-12T21:02:58+03:00,1789236178,10803,63,3,32.0,46.3,,run
2026-09-12T21:03:03+03:00,1789236183,10808,63,3,32.0,39.2,,run
2026-09-12T21:03:09+03:00,1789236189,10814,63,3,32.0,38.9,,run
2026-09-12T21:03:14+03:00,1789236194,10819,63,3,32.0,38.6,,run
2026-09-12T21:03:20+03:00,1789236200,10825,63,3,32.0,40.8,,run
2026-09-12T21:03:25+03:00,1789236205,10830,63,3,32.0,41.7,,run
2026-09-12T21:03:30+03:00,1789236210,10835,63,3,32.0,42.3,,run
2026-09-12T21:03:36+03:00,1789236216,10841,63,3,32.0,48.5,,run
2026-09-12T21:03:41+03:00,1789236221,10846,63,3,32.0,38.6,,run
2026-09-12T21:03:47+03:00,1789236227,10852,63,3,32.0,39.8,,run
2026-09-12T21:03:53+03:00,1789236233,10858,63,3,32.0,37.7,,run
2026-09-12T21:03:58+03:00,1789236238,10863,63,3,32.0,37.7,,run
2026-09-12T21:04:04+03:00,1789236244,10869,63,3,32.0,36.4,,run
2026-09-12T21:04:09+03:00,1789236249,10874,63,3,32.0,38.3,,run
2026-09-12T21:04:14+03:00,1789236254,10879,63,3,32.0,43.6,,run
2026-09-12T21:04:20+03:00,1789236260,10885,63,3,32.0,43.6,,run
2026-09-12T21:04:25+03:00,1789236265,10890,63,3,32.0,41.1,,run
2026-09-12T21:04:30+03:00,1789236270,10895,63,3,32.0,40.5,,run
2026-09-12T21:04:36+03:00,1789236276,10901,63,3,32.0,46.3,,run
2026-09-12T21:04:41+03:00,1789236281,10906,63,3,32.0,40.8,,run
2026-09-12T21:04:47+03:00,1789236287,10912,63,3,32.0,45.4,,run
2026-09-12T21:04:52+03:00,1789236292,10917,63,3,32.0,47.0,,run
2026-09-12T21:04:58+03:00,1789236298,10923,63,3,32.0,41.1,,run
2026-09-12T21:05:03+03:00,1789236303,10928,63,3,32.0,39.2,,run
2026-09-12T21:05:09+03:00,1789236309,10934,63,3,32.0,38.6,,run
2026-09-12T21:05:14+03:00,1789236314,10939,63,3,32.0,38.3,,run
2026-09-12T21:05:20+03:00,1789236320,10945,63,3,32.0,39.5,,run
2026-09-12T21:05:25+03:00,1789236325,10950,63,3,32.0,41.1,,run
2026-09-12T21:05:30+03:00,1789236330,10955,63,3,32.0,45.1,,run
2026-09-12T21:05:36+03:00,1789236336,10961,63,3,32.0,43.2,,run
2026-09-12T21:05:41+03:00,1789236341,10966,63,3,32.0,41.7,,run
2026-09-12T21:05:46+03:00,1789236346,10971,63,3,32.0,39.2,,run
2026-09-12T21:05:52+03:00,1789236352,10977,63,3,32.0,51.9,,run
2026-09-12T21:05:58+03:00,1789236358,10983,63,3,32.0,39.8,,run
2026-09-12T21:06:03+03:00,1789236363,10988,63,3,32.0,38.9,,run
2026-09-12T21:06:09+03:00,1789236369,10994,63,3,32.0,37.4,,run
2026-09-12T21:06:14+03:00,1789236374,10999,63,3,32.0,44.2,,run
2026-09-12T21:06:19+03:00,1789236379,11004,63,3,32.0,42.3,,run
2026-09-12T21:06:25+03:00,1789236385,11010,63,3,32.0,40.5,,run
2026-09-12T21:06:30+03:00,1789236390,11015,63,3,32.0,38.3,,run
2026-09-12T21:06:36+03:00,1789236396,11021,63,3,32.0,38.3,,run
2026-09-12T21:06:41+03:00,1789236401,11026,63,3,32.0,38.9,,run
2026-09-12T21:06:47+03:00,1789236407,11032,63,3,32.0,50.1,,run
2026-09-12T21:06:52+03:00,1789236412,11037,63,3,32.0,39.5,,run
2026-09-12T21:06:58+03:00,1789236418,11043,63,3,32.0,38.3,,run
2026-09-12T21:07:03+03:00,1789236423,11048,63,3,32.0,38.6,,run
2026-09-12T21:07:09+03:00,1789236429,11054,63,3,32.0,45.1,,run
2026-09-12T21:07:14+03:00,1789236434,11059,63,3,32.0,45.1,,run
2026-09-12T21:07:19+03:00,1789236439,11064,63,3,32.0,39.2,,run
2026-09-12T21:07:25+03:00,1789236445,11070,63,3,32.0,40.2,,run
2026-09-12T21:07:30+03:00,1789236450,11075,63,3,32.0,42.3,,run
2026-09-12T21:07:35+03:00,1789236455,11080,63,3,32.0,42.3,,run
2026-09-12T21:07:41+03:00,1789236461,11086,63,3,32.0,42.0,,run
2026-09-12T21:07:46+03:00,1789236466,11091,63,3,32.0,40.2,,run
2026-09-12T21:07:51+03:00,1789236471,11096,63,3,32.0,38.3,,run
2026-09-12T21:07:57+03:00,1789236477,11102,63,3,32.0,38.0,,run
2026-09-12T21:08:02+03:00,1789236482,11107,63,3,32.0,53.5,,run
2026-09-12T21:08:08+03:00,1789236488,11113,63,3,32.0,38.6,,run
2026-09-12T21:08:14+03:00,1789236494,11119,63,3,32.0,41.7,,run
2026-09-12T21:08:19+03:00,1789236499,11124,63,3,32.0,39.5,,run
2026-09-12T21:08:24+03:00,1789236504,11129,63,3,32.0,37.4,,run
2026-09-12T21:08:30+03:00,1789236510,11135,63,3,32.0,46.3,,run
2026-09-12T21:08:35+03:00,1789236515,11140,63,3,32.0,42.0,,run
2026-09-12T21:08:40+03:00,1789236520,11145,63,3,32.0,41.7,,run
2026-09-12T21:08:46+03:00,1789236526,11151,63,3,32.0,39.2,,run
2026-09-12T21:08:51+03:00,1789236531,11156,63,3,32.0,38.0,,run
2026-09-12T21:08:57+03:00,1789236537,11162,63,3,32.0,50.7,,run
2026-09-12T21:09:02+03:00,1789236542,11167,63,3,32.0,40.2,,run
2026-09-12T21:09:08+03:00,1789236548,11173,63,3,32.0,38.9,,run
2026-09-12T21:09:13+03:00,1789236553,11178,63,3,32.0,40.8,,run
2026-09-12T21:09:18+03:00,1789236558,11183,63,3,32.0,44.8,,run
2026-09-12T21:09:24+03:00,1789236564,11189,63,3,32.0,47.6,,run
2026-09-12T21:09:29+03:00,1789236569,11194,63,3,32.0,42.9,,run
2026-09-12T21:09:34+03:00,1789236574,11199,63,3,32.0,42.6,,run
2026-09-12T21:09:40+03:00,1789236580,11205,63,3,32.0,43.2,,run
2026-09-12T21:09:45+03:00,1789236585,11210,63,3,32.0,43.2,,run
2026-09-12T21:09:50+03:00,1789236590,11215,63,3,32.0,42.0,,run
2026-09-12T21:09:56+03:00,1789236596,11221,63,3,32.0,38.9,,run
2026-09-12T21:10:01+03:00,1789236601,11226,63,3,32.0,41.1,,run
2026-09-12T21:10:07+03:00,1789236607,11232,63,3,32.0,41.7,,run
2026-09-12T21:10:12+03:00,1789236612,11237,63,3,32.0,51.9,,run
2026-09-12T21:10:18+03:00,1789236618,11243,63,3,32.0,38.6,,run
2026-09-12T21:10:23+03:00,1789236623,11248,63,3,32.0,39.5,,run
2026-09-12T21:10:29+03:00,1789236629,11254,63,3,32.0,38.6,,run
2026-09-12T21:10:34+03:00,1789236634,11259,63,3,32.0,37.1,,run
2026-09-12T21:10:40+03:00,1789236640,11265,63,3,32.0,45.7,,run
2026-09-12T21:10:45+03:00,1789236645,11270,63,3,32.0,45.4,,run
2026-09-12T21:10:50+03:00,1789236650,11275,63,3,32.0,40.2,,run
2026-09-12T21:10:56+03:00,1789236656,11281,63,3,32.0,39.8,,run
2026-09-12T21:11:01+03:00,1789236661,11286,63,3,32.0,42.3,,run
2026-09-12T21:11:06+03:00,1789236666,11291,63,3,32.0,50.7,,run
2026-09-12T21:11:12+03:00,1789236672,11297,63,3,32.0,41.7,,run
2026-09-12T21:11:17+03:00,1789236677,11302,63,3,32.0,39.5,,run
2026-09-12T21:11:23+03:00,1789236683,11308,63,3,32.0,39.8,,run
2026-09-12T21:11:28+03:00,1789236688,11313,63,3,32.0,38.3,,run
2026-09-12T21:11:34+03:00,1789236694,11319,63,3,32.0,38.3,,run
2026-09-12T21:11:39+03:00,1789236699,11324,63,3,32.0,46.0,,run
2026-09-12T21:11:45+03:00,1789236705,11330,63,3,32.0,39.8,,run
2026-09-12T21:11:50+03:00,1789236710,11335,63,3,32.0,39.5,,run
2026-09-12T21:11:56+03:00,1789236716,11341,63,3,32.0,41.1,,run
2026-09-12T21:12:01+03:00,1789236721,11346,63,3,32.0,40.8,,run
2026-09-12T21:12:06+03:00,1789236726,11351,63,3,32.0,42.6,,run
2026-09-12T21:12:12+03:00,1789236732,11357,63,3,32.0,41.4,,run
2026-09-12T21:12:17+03:00,1789236737,11362,63,3,32.0,38.3,,run
2026-09-12T21:12:23+03:00,1789236743,11368,63,3,32.0,50.1,,run
2026-09-12T21:12:28+03:00,1789236748,11373,63,3,32.0,38.6,,run
2026-09-12T21:12:34+03:00,1789236754,11379,63,3,32.0,38.6,,run
2026-09-12T21:12:39+03:00,1789236759,11384,63,3,32.0,36.8,,run
2026-09-12T21:12:45+03:00,1789236765,11390,63,3,32.0,37.4,,run
2026-09-12T21:12:50+03:00,1789236770,11395,63,3,32.0,37.1,,run
2026-09-12T21:12:56+03:00,1789236776,11401,63,3,32.1,52.8,,run
2026-09-12T21:13:01+03:00,1789236781,11406,63,3,32.1,47.0,,run
2026-09-12T21:13:06+03:00,1789236786,11411,63,3,32.1,40.2,,run
2026-09-12T21:13:12+03:00,1789236792,11417,63,3,32.1,39.2,,run
2026-09-12T21:13:17+03:00,1789236797,11422,63,3,32.1,38.3,,run
2026-09-12T21:13:23+03:00,1789236803,11428,63,3,32.1,38.6,,run
2026-09-12T21:13:28+03:00,1789236808,11433,63,3,32.1,38.0,,run
2026-09-12T21:13:34+03:00,1789236814,11439,63,3,32.1,38.0,,run
2026-09-12T21:13:39+03:00,1789236819,11444,63,3,32.1,43.9,,run
2026-09-12T21:13:45+03:00,1789236825,11450,63,3,32.1,40.2,,run
2026-09-12T21:13:50+03:00,1789236830,11455,62,3,32.1,40.5,,run
2026-09-12T21:13:55+03:00,1789236835,11460,62,3,32.1,45.4,,run
2026-09-12T21:14:01+03:00,1789236841,11466,62,3,32.1,43.9,,run
2026-09-12T21:14:06+03:00,1789236846,11471,62,3,32.1,42.9,,run
2026-09-12T21:14:11+03:00,1789236851,11476,62,3,32.1,51.9,,run
2026-09-12T21:14:17+03:00,1789236857,11482,62,3,32.1,38.3,,run
2026-09-12T21:14:23+03:00,1789236863,11488,62,3,32.1,39.2,,run
2026-09-12T21:14:28+03:00,1789236868,11493,62,3,32.1,37.1,,run
2026-09-12T21:14:34+03:00,1789236874,11499,62,3,32.1,37.4,,run
2026-09-12T21:14:39+03:00,1789236879,11504,62,3,32.1,37.1,,run
2026-09-12T21:14:45+03:00,1789236885,11510,62,3,32.1,37.4,,run
2026-09-12T21:14:50+03:00,1789236890,11515,62,3,32.1,37.1,,run
2026-09-12T21:14:56+03:00,1789236896,11521,62,3,32.1,37.4,,run
2026-09-12T21:15:01+03:00,1789236901,11526,62,3,32.1,38.0,,run
2026-09-12T21:15:07+03:00,1789236907,11532,62,3,32.1,48.5,,run
2026-09-12T21:15:12+03:00,1789236912,11537,62,3,32.1,43.2,,run
2026-09-12T21:15:18+03:00,1789236918,11543,62,3,32.1,46.7,,run
2026-09-12T21:15:23+03:00,1789236923,11548,62,3,32.1,44.2,,run
2026-09-12T21:15:28+03:00,1789236928,11553,62,3,32.1,42.6,,run
2026-09-12T21:15:34+03:00,1789236934,11559,62,3,32.1,39.8,,run
2026-09-12T21:15:39+03:00,1789236939,11564,62,3,32.1,38.6,,run
2026-09-12T21:15:45+03:00,1789236945,11570,62,3,32.1,38.9,,run
2026-09-12T21:15:50+03:00,1789236950,11575,62,3,32.1,38.3,,run
2026-09-12T21:15:56+03:00,1789236956,11581,62,3,32.1,45.7,,run
2026-09-12T21:16:01+03:00,1789236961,11586,62,3,32.1,39.5,,run
2026-09-12T21:16:06+03:00,1789236966,11591,62,3,32.1,37.7,,run
2026-09-12T21:16:12+03:00,1789236972,11597,62,3,32.1,40.2,,run
2026-09-12T21:16:17+03:00,1789236977,11602,62,3,32.1,46.0,,run
2026-09-12T21:16:23+03:00,1789236983,11608,62,3,32.1,53.8,,run
2026-09-12T21:16:28+03:00,1789236988,11613,62,3,32.1,40.5,,run
2026-09-12T21:16:34+03:00,1789236994,11619,62,3,32.1,39.8,,run
2026-09-12T21:16:39+03:00,1789236999,11624,62,3,32.1,38.3,,run
2026-09-12T21:16:45+03:00,1789237005,11630,62,3,32.1,38.0,,run
2026-09-12T21:16:50+03:00,1789237010,11635,62,3,32.1,38.0,,run
2026-09-12T21:16:56+03:00,1789237016,11641,62,3,32.1,42.3,,run
2026-09-12T21:17:01+03:00,1789237021,11646,62,3,32.1,38.6,,run
2026-09-12T21:17:07+03:00,1789237027,11652,62,3,32.1,38.0,,run
2026-09-12T21:17:12+03:00,1789237032,11657,62,3,32.1,37.1,,run
2026-09-12T21:17:18+03:00,1789237038,11663,62,3,32.1,50.1,,run
2026-09-12T21:17:23+03:00,1789237043,11668,62,3,32.1,41.1,,run
2026-09-12T21:17:29+03:00,1789237049,11674,62,3,32.1,38.9,,run
2026-09-12T21:17:34+03:00,1789237054,11679,62,3,32.1,42.3,,run
2026-09-12T21:17:40+03:00,1789237060,11685,62,3,32.1,44.2,,run
2026-09-12T21:17:45+03:00,1789237065,11690,62,3,32.1,42.6,,run
2026-09-12T21:17:50+03:00,1789237070,11695,62,3,32.1,41.7,,run
2026-09-12T21:17:56+03:00,1789237076,11701,62,3,32.1,42.9,,run
2026-09-12T21:18:01+03:00,1789237081,11706,62,3,32.1,41.4,,run
2026-09-12T21:18:06+03:00,1789237086,11711,62,3,32.1,39.8,,run
2026-09-12T21:18:12+03:00,1789237092,11717,62,3,32.1,38.9,,run
2026-09-12T21:18:17+03:00,1789237097,11722,62,3,32.1,38.6,,run
2026-09-12T21:18:23+03:00,1789237103,11728,62,3,32.1,38.3,,run
2026-09-12T21:18:28+03:00,1789237108,11733,62,3,32.1,38.0,,run
2026-09-12T21:18:34+03:00,1789237114,11739,62,3,32.1,47.3,,run
2026-09-12T21:18:39+03:00,1789237119,11744,62,3,32.1,46.7,,run
2026-09-12T21:18:45+03:00,1789237125,11750,62,3,32.1,42.6,,run
2026-09-12T21:18:50+03:00,1789237130,11755,62,3,32.1,38.3,,run
2026-09-12T21:18:56+03:00,1789237136,11761,62,3,32.1,37.7,,run
2026-09-12T21:19:01+03:00,1789237141,11766,62,3,32.1,37.4,,run
2026-09-12T21:19:07+03:00,1789237147,11772,62,3,32.1,37.4,,run
2026-09-12T21:19:12+03:00,1789237152,11777,62,3,32.1,37.4,,run
2026-09-12T21:19:18+03:00,1789237158,11783,62,3,32.1,39.5,,run
2026-09-12T21:19:23+03:00,1789237163,11788,62,3,32.1,40.2,,run
2026-09-12T21:19:28+03:00,1789237168,11793,62,3,32.1,51.9,,run
2026-09-12T21:19:34+03:00,1789237174,11799,62,3,32.1,43.6,,run
2026-09-12T21:19:39+03:00,1789237179,11804,62,3,32.1,43.6,,run
2026-09-12T21:19:44+03:00,1789237184,11809,62,3,32.1,42.6,,run
2026-09-12T21:19:50+03:00,1789237190,11815,62,3,32.1,39.2,,run
2026-09-12T21:19:55+03:00,1789237195,11820,62,3,32.1,45.7,,run
2026-09-12T21:20:01+03:00,1789237201,11826,62,3,32.1,45.4,,run
2026-09-12T21:20:06+03:00,1789237206,11831,62,3,32.1,40.5,,run
2026-09-12T21:20:11+03:00,1789237211,11836,62,3,32.1,40.8,,run
2026-09-12T21:20:17+03:00,1789237217,11842,62,3,32.1,43.2,,run
2026-09-12T21:20:22+03:00,1789237222,11847,62,3,32.1,39.2,,run
2026-09-12T21:20:28+03:00,1789237228,11853,62,3,32.1,42.0,,run
2026-09-12T21:20:33+03:00,1789237233,11858,62,3,32.1,42.9,,run
2026-09-12T21:20:39+03:00,1789237239,11864,62,3,32.1,41.1,,run
2026-09-12T21:20:44+03:00,1789237244,11869,62,3,32.1,50.1,,run
2026-09-12T21:20:50+03:00,1789237250,11875,62,3,32.1,49.1,,run
2026-09-12T21:20:55+03:00,1789237255,11880,62,3,32.1,47.9,,run
2026-09-12T21:21:00+03:00,1789237260,11885,62,3,32.1,39.8,,run
2026-09-12T21:21:06+03:00,1789237266,11891,62,3,32.1,38.9,,run
2026-09-12T21:21:11+03:00,1789237271,11896,62,3,32.1,37.7,,run
2026-09-12T21:21:17+03:00,1789237277,11902,62,3,32.1,37.1,,run
2026-09-12T21:21:22+03:00,1789237282,11907,62,3,32.1,38.3,,run
2026-09-12T21:21:28+03:00,1789237288,11913,62,3,32.1,39.5,,run
2026-09-12T21:21:33+03:00,1789237293,11918,62,3,32.1,39.8,,run
2026-09-12T21:21:38+03:00,1789237298,11923,62,3,32.1,48.8,,run
2026-09-12T21:21:44+03:00,1789237304,11929,62,3,32.1,43.9,,run
2026-09-12T21:21:50+03:00,1789237310,11935,62,3,32.1,39.8,,run
2026-09-12T21:21:55+03:00,1789237315,11940,62,3,32.1,39.5,,run
2026-09-12T21:22:01+03:00,1789237321,11946,62,3,32.1,38.6,,run
2026-09-12T21:22:06+03:00,1789237326,11951,62,3,32.1,38.3,,run
2026-09-12T21:22:12+03:00,1789237332,11957,62,3,32.1,43.9,,run
2026-09-12T21:22:17+03:00,1789237337,11962,62,3,32.1,40.2,,run
2026-09-12T21:22:23+03:00,1789237343,11968,62,3,32.1,38.3,,run
2026-09-12T21:22:28+03:00,1789237348,11973,62,3,32.1,40.8,,run
2026-09-12T21:22:33+03:00,1789237353,11978,62,3,32.1,41.7,,run
2026-09-12T21:22:39+03:00,1789237359,11984,62,3,32.1,41.7,,run
2026-09-12T21:22:44+03:00,1789237364,11989,62,3,32.1,42.3,,run
2026-09-12T21:22:49+03:00,1789237369,11994,62,3,32.1,38.6,,run
2026-09-12T21:22:55+03:00,1789237375,12000,62,3,32.1,42.6,,run
2026-09-12T21:23:00+03:00,1789237380,12005,62,3,32.1,39.2,,run
2026-09-12T21:23:06+03:00,1789237386,12011,62,3,32.1,47.3,,run
2026-09-12T21:23:11+03:00,1789237391,12016,62,3,32.1,41.1,,run
2026-09-12T21:23:17+03:00,1789237397,12022,62,3,32.1,38.0,,run
2026-09-12T21:23:22+03:00,1789237402,12027,62,3,32.1,37.7,,run
2026-09-12T21:23:28+03:00,1789237408,12033,62,3,32.1,37.7,,run
2026-09-12T21:23:33+03:00,1789237413,12038,62,3,32.1,38.0,,run
2026-09-12T21:23:39+03:00,1789237419,12044,62,3,32.1,37.1,,run
2026-09-12T21:23:44+03:00,1789237424,12049,62,3,32.1,39.5,,run
2026-09-12T21:23:50+03:00,1789237430,12055,62,3,32.1,49.1,,run
2026-09-12T21:23:55+03:00,1789237435,12060,62,3,32.1,43.2,,run
2026-09-12T21:24:00+03:00,1789237440,12065,62,3,32.1,42.6,,run
2026-09-12T21:24:06+03:00,1789237446,12071,62,3,32.1,42.0,,run
2026-09-12T21:24:11+03:00,1789237451,12076,62,3,32.1,39.2,,run
2026-09-12T21:24:17+03:00,1789237457,12082,62,3,32.1,38.9,,run
2026-09-12T21:24:22+03:00,1789237462,12087,62,3,32.1,38.0,,run
2026-09-12T21:24:28+03:00,1789237468,12093,61,3,32.1,45.4,,run
2026-09-12T21:24:33+03:00,1789237473,12098,61,3,32.1,39.8,,run
2026-09-12T21:24:39+03:00,1789237479,12104,61,3,32.1,38.6,,run
2026-09-12T21:24:44+03:00,1789237484,12109,61,3,32.1,38.0,,run
2026-09-12T21:24:50+03:00,1789237490,12115,61,3,32.1,39.8,,run
2026-09-12T21:24:55+03:00,1789237495,12120,61,3,32.1,41.4,,run
2026-09-12T21:25:00+03:00,1789237500,12125,61,3,32.1,44.5,,run
2026-09-12T21:25:06+03:00,1789237506,12131,61,3,32.1,51.9,,run
2026-09-12T21:25:11+03:00,1789237511,12136,61,3,32.1,40.8,,run
2026-09-12T21:25:17+03:00,1789237517,12142,61,3,32.1,44.5,,run
2026-09-12T21:25:22+03:00,1789237522,12147,61,3,32.1,38.0,,run
2026-09-12T21:25:28+03:00,1789237528,12153,61,3,32.1,38.0,,run
2026-09-12T21:25:33+03:00,1789237533,12158,61,3,32.1,36.8,,run
2026-09-12T21:25:39+03:00,1789237539,12164,61,3,32.1,48.8,,run
2026-09-12T21:25:45+03:00,1789237545,12170,61,3,32.1,43.9,,run
2026-09-12T21:25:50+03:00,1789237550,12175,61,3,32.1,42.6,,run
2026-09-12T21:25:55+03:00,1789237555,12180,61,3,32.1,42.3,,run
2026-09-12T21:26:01+03:00,1789237561,12186,61,3,32.1,38.9,,run
2026-09-12T21:26:06+03:00,1789237566,12191,61,3,32.1,38.6,,run
2026-09-12T21:26:12+03:00,1789237572,12197,61,3,32.1,38.9,,run
2026-09-12T21:26:17+03:00,1789237577,12202,61,3,32.1,44.2,,run
2026-09-12T21:26:22+03:00,1789237582,12207,61,3,32.1,46.7,,run
2026-09-12T21:26:28+03:00,1789237588,12213,61,3,32.1,39.5,,run
2026-09-12T21:26:33+03:00,1789237593,12218,61,3,32.1,38.6,,run
2026-09-12T21:26:39+03:00,1789237599,12224,61,3,32.1,41.7,,run
2026-09-12T21:26:44+03:00,1789237604,12229,61,3,32.1,40.2,,run
2026-09-12T21:26:50+03:00,1789237610,12235,61,3,32.1,42.3,,run
2026-09-12T21:26:55+03:00,1789237615,12240,61,3,32.1,51.6,,run
2026-09-12T21:27:01+03:00,1789237621,12246,61,3,32.1,38.9,,run
2026-09-12T21:27:06+03:00,1789237626,12251,61,3,32.1,38.9,,run
2026-09-12T21:27:12+03:00,1789237632,12257,61,3,32.1,37.1,,run
2026-09-12T21:27:17+03:00,1789237637,12262,61,3,32.1,43.6,,run
2026-09-12T21:27:22+03:00,1789237642,12267,61,3,32.1,45.7,,run
2026-09-12T21:27:28+03:00,1789237648,12273,61,3,32.1,41.7,,run
2026-09-12T21:27:33+03:00,1789237653,12278,61,3,32.1,40.8,,run
2026-09-12T21:27:38+03:00,1789237658,12283,61,3,32.1,42.6,,run
2026-09-12T21:27:44+03:00,1789237664,12289,61,3,32.1,41.1,,run
2026-09-12T21:27:49+03:00,1789237669,12294,61,3,32.1,47.3,,run
2026-09-12T21:27:55+03:00,1789237675,12300,61,3,32.1,41.4,,run
2026-09-12T21:28:00+03:00,1789237680,12305,61,3,32.1,39.8,,run
2026-09-12T21:28:06+03:00,1789237686,12311,61,3,32.1,38.3,,run
2026-09-12T21:28:11+03:00,1789237691,12316,61,3,32.1,39.2,,run
2026-09-12T21:28:17+03:00,1789237697,12322,61,3,32.1,40.8,,run
2026-09-12T21:28:22+03:00,1789237702,12327,61,3,32.1,42.0,,run
2026-09-12T21:28:27+03:00,1789237707,12332,61,3,32.1,41.4,,run
2026-09-12T21:28:33+03:00,1789237713,12338,61,3,32.1,45.4,,run
2026-09-12T21:28:38+03:00,1789237718,12343,61,3,32.1,47.6,,run
2026-09-12T21:28:43+03:00,1789237723,12348,61,3,32.1,41.7,,run
2026-09-12T21:28:49+03:00,1789237729,12354,61,3,32.1,39.2,,run
2026-09-12T21:28:54+03:00,1789237734,12359,61,3,32.1,39.8,,run
2026-09-12T21:29:00+03:00,1789237740,12365,61,3,32.1,39.5,,run
2026-09-12T21:29:05+03:00,1789237745,12370,61,3,32.1,46.0,,run
2026-09-12T21:29:11+03:00,1789237751,12376,61,3,32.1,46.0,,run
2026-09-12T21:29:16+03:00,1789237756,12381,61,3,32.1,39.2,,run
2026-09-12T21:29:22+03:00,1789237762,12387,61,3,32.1,38.3,,run
2026-09-12T21:29:27+03:00,1789237767,12392,61,3,32.1,37.4,,run
2026-09-12T21:29:33+03:00,1789237773,12398,61,3,32.1,43.2,,run
2026-09-12T21:29:38+03:00,1789237778,12403,61,3,32.1,45.4,,run
2026-09-12T21:29:43+03:00,1789237783,12408,61,3,32.1,38.6,,run
2026-09-12T21:29:49+03:00,1789237789,12414,61,3,32.1,37.4,,run
2026-09-12T21:29:54+03:00,1789237794,12419,61,3,32.1,39.8,,run
2026-09-12T21:30:00+03:00,1789237800,12425,61,3,32.1,42.3,,run
2026-09-12T21:30:05+03:00,1789237805,12430,61,3,32.1,43.6,,run
2026-09-12T21:30:10+03:00,1789237810,12435,61,3,32.1,38.6,,run
2026-09-12T21:30:16+03:00,1789237816,12441,61,3,32.1,39.2,,run
2026-09-12T21:30:21+03:00,1789237821,12446,61,3,32.1,38.3,,run
2026-09-12T21:30:27+03:00,1789237827,12452,61,3,32.1,37.7,,run
2026-09-12T21:30:32+03:00,1789237832,12457,61,3,32.1,38.3,,run
2026-09-12T21:30:38+03:00,1789237838,12463,61,3,32.1,38.3,,run
2026-09-12T21:30:43+03:00,1789237843,12468,61,3,32.1,41.7,,run
2026-09-12T21:30:49+03:00,1789237849,12474,61,3,32.1,43.9,,run
2026-09-12T21:30:54+03:00,1789237854,12479,61,3,32.1,44.5,,run
2026-09-12T21:30:59+03:00,1789237859,12484,61,3,32.1,43.6,,run
2026-09-12T21:31:05+03:00,1789237865,12490,61,3,32.1,42.3,,run
2026-09-12T21:31:10+03:00,1789237870,12495,61,3,32.1,41.1,,run
2026-09-12T21:31:16+03:00,1789237876,12501,61,3,32.1,46.0,,run
2026-09-12T21:31:21+03:00,1789237881,12506,61,3,32.1,40.8,,run
2026-09-12T21:31:27+03:00,1789237887,12512,61,3,32.1,39.5,,run
2026-09-12T21:31:32+03:00,1789237892,12517,61,3,32.1,38.6,,run
2026-09-12T21:31:38+03:00,1789237898,12523,61,3,32.1,37.1,,run
2026-09-12T21:31:43+03:00,1789237903,12528,61,3,32.1,43.6,,run
2026-09-12T21:31:48+03:00,1789237908,12533,61,3,32.1,44.2,,run
2026-09-12T21:31:54+03:00,1789237914,12539,61,3,32.1,38.6,,run
2026-09-12T21:31:59+03:00,1789237919,12544,61,3,32.1,39.5,,run
2026-09-12T21:32:05+03:00,1789237925,12550,61,3,32.1,40.2,,run
2026-09-12T21:32:10+03:00,1789237930,12555,61,3,32.1,41.1,,run
2026-09-12T21:32:15+03:00,1789237935,12560,61,3,32.1,42.9,,run
2026-09-12T21:32:21+03:00,1789237941,12566,61,3,32.1,48.8,,run
2026-09-12T21:32:26+03:00,1789237946,12571,61,3,32.1,46.0,,run
2026-09-12T21:32:31+03:00,1789237951,12576,61,3,32.1,43.6,,run
2026-09-12T21:32:37+03:00,1789237957,12582,61,3,32.1,45.1,,run
2026-09-12T21:32:42+03:00,1789237962,12587,61,3,32.1,45.1,,run
2026-09-12T21:32:47+03:00,1789237967,12592,61,3,32.1,45.4,,run
2026-09-12T21:32:53+03:00,1789237973,12598,61,3,32.1,44.5,,run
2026-09-12T21:32:58+03:00,1789237978,12603,61,3,32.2,46.0,,run
2026-09-12T21:33:04+03:00,1789237984,12609,61,3,32.2,43.9,,run
2026-09-12T21:33:09+03:00,1789237989,12614,61,3,32.2,42.9,,run
2026-09-12T21:33:14+03:00,1789237994,12619,61,3,32.2,40.8,,run
2026-09-12T21:33:20+03:00,1789238000,12625,61,3,32.2,38.9,,run
2026-09-12T21:33:25+03:00,1789238005,12630,61,3,32.2,44.8,,run
2026-09-12T21:33:31+03:00,1789238011,12636,61,3,32.2,40.8,,run
2026-09-12T21:33:36+03:00,1789238016,12641,61,3,32.2,52.2,,run
2026-09-12T21:33:42+03:00,1789238022,12647,61,3,32.2,39.8,,run
2026-09-12T21:33:47+03:00,1789238027,12652,61,3,32.2,39.2,,run
2026-09-12T21:33:53+03:00,1789238033,12658,61,3,32.2,38.3,,run
2026-09-12T21:33:58+03:00,1789238038,12663,61,3,32.2,37.4,,run
2026-09-12T21:34:04+03:00,1789238044,12669,61,3,32.2,37.4,,run
2026-09-12T21:34:09+03:00,1789238049,12674,61,3,32.2,37.7,,run
2026-09-12T21:34:15+03:00,1789238055,12680,61,3,32.2,38.3,,run
2026-09-12T21:34:20+03:00,1789238060,12685,61,3,32.2,43.9,,run
2026-09-12T21:34:26+03:00,1789238066,12691,61,3,32.2,46.7,,run
2026-09-12T21:34:31+03:00,1789238071,12696,61,3,32.2,53.1,,run
2026-09-12T21:34:36+03:00,1789238076,12701,61,3,32.2,42.3,,run
2026-09-12T21:34:42+03:00,1789238082,12707,61,3,32.2,41.7,,run
2026-09-12T21:34:47+03:00,1789238087,12712,61,3,32.2,44.2,,run
2026-09-12T21:34:53+03:00,1789238093,12718,61,3,32.2,42.3,,run
2026-09-12T21:34:58+03:00,1789238098,12723,61,3,32.2,41.1,,run
2026-09-12T21:35:03+03:00,1789238103,12728,61,3,32.2,40.8,,run
2026-09-12T21:35:09+03:00,1789238109,12734,61,3,32.2,41.4,,run
2026-09-12T21:35:14+03:00,1789238114,12739,60,3,32.3,39.8,,run
2026-09-12T21:35:20+03:00,1789238120,12745,60,3,32.3,38.9,,run
2026-09-12T21:35:25+03:00,1789238125,12750,60,3,32.3,38.0,,run
2026-09-12T21:35:31+03:00,1789238131,12756,60,3,32.3,38.0,,run
2026-09-12T21:35:36+03:00,1789238136,12761,60,3,32.3,39.8,,run
2026-09-12T21:35:42+03:00,1789238142,12767,60,3,32.3,46.0,,run
2026-09-12T21:35:47+03:00,1789238147,12772,60,3,32.3,53.8,,run
2026-09-12T21:35:53+03:00,1789238153,12778,60,3,32.3,40.2,,run
2026-09-12T21:35:58+03:00,1789238158,12783,60,3,32.3,42.9,,run
2026-09-12T21:36:04+03:00,1789238164,12789,60,3,32.3,38.3,,run
2026-09-12T21:36:09+03:00,1789238169,12794,60,3,32.3,37.1,,run
2026-09-12T21:36:15+03:00,1789238175,12800,60,3,32.3,37.1,,run
2026-09-12T21:36:20+03:00,1789238180,12805,60,3,32.3,37.1,,run
2026-09-12T21:36:26+03:00,1789238186,12811,60,3,32.3,40.2,,run
2026-09-12T21:36:31+03:00,1789238191,12816,60,3,32.3,41.7,,run
2026-09-12T21:36:37+03:00,1789238197,12822,60,3,32.3,44.2,,run
2026-09-12T21:36:42+03:00,1789238202,12827,60,3,32.3,48.5,,run
2026-09-12T21:36:47+03:00,1789238207,12832,60,3,32.3,46.7,,run
2026-09-12T21:36:52+03:00,1789238212,12837,60,3,32.3,41.1,,run
2026-09-12T21:36:58+03:00,1789238218,12843,60,3,32.3,39.2,,run
2026-09-12T21:37:03+03:00,1789238223,12848,60,3,32.3,39.2,,run
2026-09-12T21:37:09+03:00,1789238229,12854,60,3,32.3,38.6,,run
2026-09-12T21:37:14+03:00,1789238234,12859,60,3,32.3,38.6,,run
2026-09-12T21:37:20+03:00,1789238240,12865,60,3,32.3,47.0,,run
2026-09-12T21:37:25+03:00,1789238245,12870,60,3,32.3,38.9,,run
2026-09-12T21:37:31+03:00,1789238251,12876,60,3,32.3,40.2,,run
2026-09-12T21:37:36+03:00,1789238256,12881,60,3,32.3,40.8,,run
2026-09-12T21:37:41+03:00,1789238261,12886,60,3,32.3,42.9,,run
2026-09-12T21:37:47+03:00,1789238267,12892,60,3,32.3,42.0,,run
2026-09-12T21:37:52+03:00,1789238272,12897,60,3,32.3,39.8,,run
2026-09-12T21:37:58+03:00,1789238278,12903,60,3,32.3,49.4,,run
2026-09-12T21:38:03+03:00,1789238283,12908,60,3,32.3,47.3,,run
2026-09-12T21:38:08+03:00,1789238288,12913,60,3,32.3,38.6,,run
2026-09-12T21:38:14+03:00,1789238294,12919,60,3,32.3,38.6,,run
2026-09-12T21:38:19+03:00,1789238299,12924,60,3,32.3,38.6,,run
2026-09-12T21:38:25+03:00,1789238305,12930,60,3,32.3,39.2,,run
2026-09-12T21:38:30+03:00,1789238310,12935,60,3,32.3,43.6,,run
2026-09-12T21:38:36+03:00,1789238316,12941,60,3,32.3,46.3,,run
2026-09-12T21:38:41+03:00,1789238321,12946,60,3,32.3,39.2,,run
2026-09-12T21:38:46+03:00,1789238326,12951,60,3,32.3,38.3,,run
2026-09-12T21:38:52+03:00,1789238332,12957,60,3,32.3,37.4,,run
2026-09-12T21:38:57+03:00,1789238337,12962,60,3,32.3,48.2,,run
2026-09-12T21:39:03+03:00,1789238343,12968,60,3,32.3,39.8,,run
2026-09-12T21:39:08+03:00,1789238348,12973,60,3,32.3,40.8,,run
2026-09-12T21:39:14+03:00,1789238354,12979,60,3,32.3,41.7,,run
2026-09-12T21:39:19+03:00,1789238359,12984,60,3,32.3,42.6,,run
2026-09-12T21:39:24+03:00,1789238364,12989,60,3,32.3,41.7,,run
2026-09-12T21:39:30+03:00,1789238370,12995,60,3,32.3,40.2,,run
2026-09-12T21:39:35+03:00,1789238375,13000,60,3,32.3,38.9,,run
2026-09-12T21:39:41+03:00,1789238381,13006,60,3,32.3,38.3,,run
2026-09-12T21:39:46+03:00,1789238386,13011,60,3,32.3,38.0,,run
2026-09-12T21:39:52+03:00,1789238392,13017,60,3,32.3,46.0,,run
2026-09-12T21:39:57+03:00,1789238397,13022,60,3,32.3,40.2,,run
2026-09-12T21:40:02+03:00,1789238402,13027,60,3,32.3,38.9,,run
2026-09-12T21:40:08+03:00,1789238408,13033,60,3,32.3,39.8,,run
2026-09-12T21:40:13+03:00,1789238413,13038,60,3,32.3,51.9,,run
2026-09-12T21:40:19+03:00,1789238419,13044,60,3,32.3,39.5,,run
2026-09-12T21:40:24+03:00,1789238424,13049,60,3,32.3,38.3,,run
2026-09-12T21:40:30+03:00,1789238430,13055,60,3,32.3,37.4,,run
2026-09-12T21:40:35+03:00,1789238435,13060,60,3,32.3,37.4,,run
2026-09-12T21:40:41+03:00,1789238441,13066,60,3,32.3,36.8,,run
2026-09-12T21:40:46+03:00,1789238446,13071,60,3,32.3,41.7,,run
2026-09-12T21:40:52+03:00,1789238452,13077,60,3,32.3,45.4,,run
2026-09-12T21:40:57+03:00,1789238457,13082,60,3,32.3,38.3,,run
2026-09-12T21:41:03+03:00,1789238463,13088,60,3,32.3,39.8,,run
2026-09-12T21:41:08+03:00,1789238468,13093,60,3,32.3,47.6,,run
2026-09-12T21:41:14+03:00,1789238474,13099,60,3,32.3,39.2,,run
2026-09-12T21:41:19+03:00,1789238479,13104,60,3,32.3,37.7,,run
2026-09-12T21:41:25+03:00,1789238485,13110,60,3,32.3,38.3,,run
2026-09-12T21:41:30+03:00,1789238490,13115,60,3,32.3,37.4,,run
2026-09-12T21:41:36+03:00,1789238496,13121,60,3,32.3,38.0,,run
2026-09-12T21:41:41+03:00,1789238501,13126,60,3,32.3,37.4,,run
2026-09-12T21:41:47+03:00,1789238507,13132,60,3,32.3,37.7,,run
2026-09-12T21:41:52+03:00,1789238512,13137,60,3,32.3,37.1,,run
2026-09-12T21:41:58+03:00,1789238518,13143,60,3,32.3,37.7,,run
2026-09-12T21:42:03+03:00,1789238523,13148,60,3,32.3,37.7,,run
2026-09-12T21:42:09+03:00,1789238529,13154,60,3,32.3,42.9,,run
2026-09-12T21:42:14+03:00,1789238534,13159,60,3,32.3,39.5,,run
2026-09-12T21:42:19+03:00,1789238539,13164,60,3,32.3,45.7,,run
2026-09-12T21:42:25+03:00,1789238545,13170,60,3,32.3,41.4,,run
2026-09-12T21:42:30+03:00,1789238550,13175,60,3,32.3,40.2,,run
2026-09-12T21:42:36+03:00,1789238556,13181,60,3,32.3,38.0,,run
2026-09-12T21:42:41+03:00,1789238561,13186,60,3,32.3,36.8,,run
2026-09-12T21:42:47+03:00,1789238567,13192,60,3,32.3,37.1,,run
2026-09-12T21:42:52+03:00,1789238572,13197,60,3,32.3,48.5,,run
2026-09-12T21:42:58+03:00,1789238578,13203,60,3,32.2,40.8,,run
2026-09-12T21:43:03+03:00,1789238583,13208,60,3,32.2,43.9,,run
2026-09-12T21:43:09+03:00,1789238589,13214,60,3,32.2,40.2,,run
2026-09-12T21:43:14+03:00,1789238594,13219,60,3,32.2,38.0,,run
2026-09-12T21:43:20+03:00,1789238600,13225,60,3,32.2,38.0,,run
2026-09-12T21:43:25+03:00,1789238605,13230,60,3,32.2,38.0,,run
2026-09-12T21:43:31+03:00,1789238611,13236,60,3,32.2,37.4,,run
2026-09-12T21:43:36+03:00,1789238616,13241,60,3,32.2,37.7,,run
2026-09-12T21:43:42+03:00,1789238622,13247,60,3,32.2,36.8,,run
2026-09-12T21:43:47+03:00,1789238627,13252,60,3,32.2,37.1,,run
2026-09-12T21:43:53+03:00,1789238633,13258,60,3,32.2,37.4,,run
2026-09-12T21:43:58+03:00,1789238638,13263,60,3,32.2,36.8,,run
2026-09-12T21:44:04+03:00,1789238644,13269,60,3,32.2,37.4,,run
2026-09-12T21:44:09+03:00,1789238649,13274,60,3,32.2,50.7,,run
2026-09-12T21:44:15+03:00,1789238655,13280,60,3,32.2,38.6,,run
2026-09-12T21:44:20+03:00,1789238660,13285,60,3,32.2,42.6,,run
2026-09-12T21:44:26+03:00,1789238666,13291,60,3,32.2,43.2,,run
2026-09-12T21:44:31+03:00,1789238671,13296,60,3,32.2,38.6,,run
2026-09-12T21:44:36+03:00,1789238676,13301,60,3,32.2,37.7,,run
2026-09-12T21:44:42+03:00,1789238682,13307,60,3,32.2,37.4,,run
2026-09-12T21:44:47+03:00,1789238687,13312,60,3,32.2,37.4,,run
2026-09-12T21:44:53+03:00,1789238693,13318,60,3,32.2,39.2,,run
2026-09-12T21:44:58+03:00,1789238698,13323,60,3,32.2,40.5,,run
2026-09-12T21:45:04+03:00,1789238704,13329,60,3,32.2,48.2,,run
2026-09-12T21:45:10+03:00,1789238710,13335,60,3,32.2,40.8,,run
2026-09-12T21:45:15+03:00,1789238715,13340,60,3,32.2,38.6,,run
2026-09-12T21:45:21+03:00,1789238721,13346,60,3,32.2,43.2,,run
2026-09-12T21:45:26+03:00,1789238726,13351,60,3,32.2,48.2,,run
2026-09-12T21:45:31+03:00,1789238731,13356,60,3,32.2,40.2,,run
2026-09-12T21:45:37+03:00,1789238737,13362,60,3,32.2,38.6,,run
2026-09-12T21:45:42+03:00,1789238742,13367,60,3,32.2,38.3,,run
2026-09-12T21:45:48+03:00,1789238748,13373,60,3,32.2,38.0,,run
2026-09-12T21:45:53+03:00,1789238753,13378,60,3,32.2,38.3,,run
2026-09-12T21:45:59+03:00,1789238759,13384,60,3,32.2,40.5,,run
2026-09-12T21:46:04+03:00,1789238764,13389,60,3,32.2,40.8,,run
2026-09-12T21:46:10+03:00,1789238770,13395,60,3,32.2,42.0,,run
2026-09-12T21:46:15+03:00,1789238775,13400,60,3,32.2,42.3,,run
2026-09-12T21:46:20+03:00,1789238780,13405,60,3,32.2,41.1,,run
2026-09-12T21:46:26+03:00,1789238786,13411,60,3,32.2,41.7,,run
2026-09-12T21:46:31+03:00,1789238791,13416,60,3,32.2,48.2,,run
2026-09-12T21:46:36+03:00,1789238796,13421,60,3,32.2,45.7,,run
2026-09-12T21:46:42+03:00,1789238802,13427,60,3,32.2,38.6,,run
2026-09-12T21:46:47+03:00,1789238807,13432,60,3,32.2,37.1,,run
2026-09-12T21:46:53+03:00,1789238813,13438,60,3,32.2,51.9,,run
2026-09-12T21:46:58+03:00,1789238818,13443,59,3,32.3,39.5,,run
2026-09-12T21:47:04+03:00,1789238824,13449,59,3,32.3,39.8,,run
2026-09-12T21:47:09+03:00,1789238829,13454,59,3,32.3,39.2,,run
2026-09-12T21:47:15+03:00,1789238835,13460,59,3,32.3,40.5,,run
2026-09-12T21:47:21+03:00,1789238841,13466,59,3,32.3,42.0,,run
2026-09-12T21:47:26+03:00,1789238846,13471,59,3,32.3,42.3,,run
2026-09-12T21:47:31+03:00,1789238851,13476,59,3,32.3,47.0,,run
2026-09-12T21:47:36+03:00,1789238856,13481,59,3,32.3,44.2,,run
2026-09-12T21:47:42+03:00,1789238862,13487,59,3,32.3,42.3,,run
2026-09-12T21:47:47+03:00,1789238867,13492,59,3,32.3,43.2,,run
2026-09-12T21:47:52+03:00,1789238872,13497,59,3,32.3,40.5,,run
2026-09-12T21:47:58+03:00,1789238878,13503,59,3,32.3,39.2,,run
2026-09-12T21:48:03+03:00,1789238883,13508,59,3,32.3,38.3,,run
2026-09-12T21:48:09+03:00,1789238889,13514,59,3,32.3,41.4,,run
2026-09-12T21:48:14+03:00,1789238894,13519,59,3,32.3,47.3,,run
2026-09-12T21:48:20+03:00,1789238900,13525,59,3,32.3,39.8,,run
2026-09-12T21:48:25+03:00,1789238905,13530,59,3,32.3,38.3,,run
2026-09-12T21:48:31+03:00,1789238911,13536,59,3,32.3,37.4,,run
2026-09-12T21:48:36+03:00,1789238916,13541,59,3,32.3,36.8,,run
2026-09-12T21:48:42+03:00,1789238922,13547,59,3,32.3,37.7,,run
2026-09-12T21:48:47+03:00,1789238927,13552,59,3,32.3,37.7,,run
2026-09-12T21:48:53+03:00,1789238933,13558,59,3,32.3,44.5,,run
2026-09-12T21:48:58+03:00,1789238938,13563,59,3,32.3,41.4,,run
2026-09-12T21:49:04+03:00,1789238944,13569,59,3,32.3,53.5,,run
2026-09-12T21:49:09+03:00,1789238949,13574,59,3,32.3,42.9,,run
2026-09-12T21:49:15+03:00,1789238955,13580,59,3,32.3,41.7,,run
2026-09-12T21:49:20+03:00,1789238960,13585,59,3,32.3,42.3,,run
2026-09-12T21:49:25+03:00,1789238965,13590,59,3,32.3,43.6,,run
2026-09-12T21:49:31+03:00,1789238971,13596,59,3,32.3,39.8,,run
2026-09-12T21:49:36+03:00,1789238976,13601,59,3,32.3,38.9,,run
2026-09-12T21:49:41+03:00,1789238981,13606,59,3,32.3,38.3,,run
2026-09-12T21:49:47+03:00,1789238987,13612,59,3,32.3,44.2,,run
2026-09-12T21:49:52+03:00,1789238992,13617,59,3,32.3,46.3,,run
2026-09-12T21:49:58+03:00,1789238998,13623,59,3,32.3,39.8,,run
2026-09-12T21:50:03+03:00,1789239003,13628,59,3,32.3,38.6,,run
2026-09-12T21:50:09+03:00,1789239009,13634,59,3,32.3,38.3,,run
2026-09-12T21:50:14+03:00,1789239014,13639,59,3,32.3,38.0,,run
2026-09-12T21:50:20+03:00,1789239020,13645,59,3,32.3,47.9,,run
2026-09-12T21:50:25+03:00,1789239025,13650,59,3,32.3,40.2,,run
2026-09-12T21:50:31+03:00,1789239031,13656,59,3,32.3,44.5,,run
2026-09-12T21:50:36+03:00,1789239036,13661,59,3,32.3,37.4,,run
2026-09-12T21:50:42+03:00,1789239042,13667,59,3,32.3,37.7,,run
2026-09-12T21:50:47+03:00,1789239047,13672,59,3,32.3,37.4,,run
2026-09-12T21:50:53+03:00,1789239053,13678,59,3,32.3,41.1,,run
2026-09-12T21:50:58+03:00,1789239058,13683,59,3,32.3,39.5,,run
2026-09-12T21:51:04+03:00,1789239064,13689,59,3,32.3,39.5,,run
2026-09-12T21:51:09+03:00,1789239069,13694,59,3,32.3,43.9,,run
2026-09-12T21:51:14+03:00,1789239074,13699,59,3,32.3,52.2,,run
2026-09-12T21:51:20+03:00,1789239080,13705,59,3,32.3,41.1,,run
2026-09-12T21:51:25+03:00,1789239085,13710,59,3,32.3,41.7,,run
2026-09-12T21:51:30+03:00,1789239090,13715,59,3,32.3,41.4,,run
2026-09-12T21:51:36+03:00,1789239096,13721,59,3,32.3,42.9,,run
2026-09-12T21:51:41+03:00,1789239101,13726,59,3,32.3,42.3,,run
2026-09-12T21:51:47+03:00,1789239107,13732,59,3,32.3,39.2,,run
2026-09-12T21:51:52+03:00,1789239112,13737,59,3,32.3,38.3,,run
2026-09-12T21:51:57+03:00,1789239117,13742,59,3,32.3,38.9,,run
2026-09-12T21:52:03+03:00,1789239123,13748,59,3,32.3,43.9,,run
2026-09-12T21:52:08+03:00,1789239128,13753,59,3,32.3,46.0,,run
2026-09-12T21:52:14+03:00,1789239134,13759,59,3,32.3,39.5,,run
2026-09-12T21:52:19+03:00,1789239139,13764,59,3,32.3,38.6,,run
2026-09-12T21:52:25+03:00,1789239145,13770,59,3,32.3,38.3,,run
2026-09-12T21:52:30+03:00,1789239150,13775,59,3,32.3,50.7,,run
2026-09-12T21:52:36+03:00,1789239156,13781,59,3,32.3,40.5,,run
2026-09-12T21:52:41+03:00,1789239161,13786,59,3,32.3,39.8,,run
2026-09-12T21:52:47+03:00,1789239167,13792,59,3,32.3,37.7,,run
2026-09-12T21:52:52+03:00,1789239172,13797,59,3,32.3,37.4,,run
2026-09-12T21:52:58+03:00,1789239178,13803,59,3,32.2,37.1,,run
2026-09-12T21:53:03+03:00,1789239183,13808,59,3,32.2,41.7,,run
2026-09-12T21:53:09+03:00,1789239189,13814,59,3,32.2,40.8,,run
2026-09-12T21:53:14+03:00,1789239194,13819,59,3,32.2,41.4,,run
2026-09-12T21:53:19+03:00,1789239199,13824,59,3,32.2,37.7,,run
2026-09-12T21:53:25+03:00,1789239205,13830,59,3,32.2,52.2,,run
2026-09-12T21:53:30+03:00,1789239210,13835,59,3,32.2,45.1,,run
2026-09-12T21:53:36+03:00,1789239216,13841,59,3,32.2,40.2,,run
2026-09-12T21:53:41+03:00,1789239221,13846,59,3,32.2,38.6,,run
2026-09-12T21:53:46+03:00,1789239226,13851,59,3,32.2,38.3,,run
2026-09-12T21:53:52+03:00,1789239232,13857,59,3,32.2,38.3,,run
2026-09-12T21:53:58+03:00,1789239238,13863,59,3,32.2,38.0,,run
2026-09-12T21:54:03+03:00,1789239243,13868,59,3,32.2,38.0,,run
2026-09-12T21:54:09+03:00,1789239249,13874,59,3,32.2,38.0,,run
2026-09-12T21:54:14+03:00,1789239254,13879,59,3,32.2,40.2,,run
2026-09-12T21:54:19+03:00,1789239259,13884,59,3,32.2,45.7,,run
2026-09-12T21:54:25+03:00,1789239265,13890,59,3,32.2,41.4,,run
2026-09-12T21:54:30+03:00,1789239270,13895,59,3,32.2,42.9,,run
2026-09-12T21:54:36+03:00,1789239276,13901,59,3,32.2,41.4,,run
2026-09-12T21:54:41+03:00,1789239281,13906,59,3,32.2,45.1,,run
2026-09-12T21:54:46+03:00,1789239286,13911,59,3,32.2,41.1,,run
2026-09-12T21:54:52+03:00,1789239292,13917,59,3,32.2,48.2,,run
2026-09-12T21:54:57+03:00,1789239297,13922,59,3,32.2,38.0,,run
2026-09-12T21:55:03+03:00,1789239303,13928,59,3,32.2,38.3,,run
2026-09-12T21:55:08+03:00,1789239308,13933,59,3,32.2,37.7,,run
2026-09-12T21:55:14+03:00,1789239314,13939,59,3,32.2,37.1,,run
2026-09-12T21:55:19+03:00,1789239319,13944,59,3,32.2,36.8,,run
2026-09-12T21:55:25+03:00,1789239325,13950,59,3,32.2,37.1,,run
2026-09-12T21:55:30+03:00,1789239330,13955,59,3,32.2,39.2,,run
2026-09-12T21:55:36+03:00,1789239336,13961,59,3,32.2,51.0,,run
2026-09-12T21:55:41+03:00,1789239341,13966,59,3,32.2,47.3,,run
2026-09-12T21:55:47+03:00,1789239347,13972,59,3,32.2,41.1,,run
2026-09-12T21:55:52+03:00,1789239352,13977,59,3,32.2,40.5,,run
2026-09-12T21:55:57+03:00,1789239357,13982,59,3,32.2,40.8,,run
2026-09-12T21:56:03+03:00,1789239363,13988,59,3,32.2,42.3,,run
2026-09-12T21:56:08+03:00,1789239368,13993,59,3,32.2,42.3,,run
2026-09-12T21:56:13+03:00,1789239373,13998,59,3,32.2,46.0,,run
2026-09-12T21:56:19+03:00,1789239379,14004,59,3,32.2,47.0,,run
2026-09-12T21:56:24+03:00,1789239384,14009,59,3,32.2,43.2,,run
2026-09-12T21:56:29+03:00,1789239389,14014,59,3,32.2,41.4,,run
2026-09-12T21:56:35+03:00,1789239395,14020,59,3,32.2,39.8,,run
2026-09-12T21:56:40+03:00,1789239400,14025,59,3,32.2,38.6,,run
2026-09-12T21:56:46+03:00,1789239406,14031,59,3,32.2,38.0,,run
2026-09-12T21:56:51+03:00,1789239411,14036,59,3,32.2,50.7,,run
2026-09-12T21:56:57+03:00,1789239417,14042,59,3,32.2,39.2,,run
2026-09-12T21:57:02+03:00,1789239422,14047,59,3,32.2,38.6,,run
2026-09-12T21:57:08+03:00,1789239428,14053,59,3,32.2,37.7,,run
2026-09-12T21:57:13+03:00,1789239433,14058,59,3,32.2,37.1,,run
2026-09-12T21:57:19+03:00,1789239439,14064,59,3,32.2,39.8,,run
2026-09-12T21:57:24+03:00,1789239444,14069,59,3,32.2,39.8,,run
2026-09-12T21:57:29+03:00,1789239449,14074,59,3,32.2,41.7,,run
2026-09-12T21:57:35+03:00,1789239455,14080,59,3,32.2,46.7,,run
2026-09-12T21:57:40+03:00,1789239460,14085,58,3,32.1,44.8,,run
2026-09-12T21:57:45+03:00,1789239465,14090,58,3,32.1,53.1,,run
2026-09-12T21:57:51+03:00,1789239471,14096,58,3,32.1,43.6,,run
2026-09-12T21:57:56+03:00,1789239476,14101,58,3,32.1,44.8,,run
2026-09-12T21:58:02+03:00,1789239482,14107,58,3,32.1,42.0,,run
2026-09-12T21:58:07+03:00,1789239487,14112,58,3,32.1,39.5,,run
2026-09-12T21:58:13+03:00,1789239493,14118,58,3,32.1,38.6,,run
2026-09-12T21:58:18+03:00,1789239498,14123,58,3,32.1,38.9,,run
2026-09-12T21:58:24+03:00,1789239504,14129,58,3,32.1,38.6,,run
2026-09-12T21:58:29+03:00,1789239509,14134,58,3,32.1,38.6,,run
2026-09-12T21:58:35+03:00,1789239515,14140,58,3,32.1,46.3,,run
2026-09-12T21:58:40+03:00,1789239520,14145,58,3,32.1,42.3,,run
2026-09-12T21:58:45+03:00,1789239525,14150,58,3,32.1,39.2,,run
2026-09-12T21:58:51+03:00,1789239531,14156,58,3,32.1,38.9,,run
2026-09-12T21:58:56+03:00,1789239536,14161,58,3,32.1,41.1,,run
2026-09-12T21:59:02+03:00,1789239542,14167,58,3,32.1,47.0,,run
2026-09-12T21:59:07+03:00,1789239547,14172,58,3,32.1,40.2,,run
2026-09-12T21:59:13+03:00,1789239553,14178,58,3,32.1,43.9,,run
2026-09-12T21:59:18+03:00,1789239558,14183,58,3,32.1,37.1,,run
2026-09-12T21:59:24+03:00,1789239564,14189,58,3,32.1,38.9,,run
2026-09-12T21:59:29+03:00,1789239569,14194,58,3,32.1,38.6,,run
2026-09-12T21:59:35+03:00,1789239575,14200,58,3,32.1,36.8,,run
2026-09-12T21:59:40+03:00,1789239580,14205,58,3,32.1,37.1,,run
2026-09-12T21:59:46+03:00,1789239586,14211,58,3,32.1,38.3,,run
2026-09-12T21:59:51+03:00,1789239591,14216,58,3,32.1,38.9,,run
2026-09-12T21:59:57+03:00,1789239597,14222,58,3,32.1,51.6,,run
2026-09-12T22:00:02+03:00,1789239602,14227,58,3,32.1,46.3,,run
2026-09-12T22:00:08+03:00,1789239608,14233,58,3,32.1,42.6,,run
2026-09-12T22:00:13+03:00,1789239613,14238,58,3,32.1,42.6,,run
2026-09-12T22:00:18+03:00,1789239618,14243,58,3,32.1,42.6,,run
2026-09-12T22:00:24+03:00,1789239624,14249,58,3,32.1,39.5,,run
2026-09-12T22:00:29+03:00,1789239629,14254,58,3,32.1,46.0,,run
2026-09-12T22:00:35+03:00,1789239635,14260,58,3,32.1,45.7,,run
2026-09-12T22:00:40+03:00,1789239640,14265,58,3,32.1,42.3,,run
2026-09-12T22:00:45+03:00,1789239645,14270,58,3,32.1,40.8,,run
2026-09-12T22:00:51+03:00,1789239651,14276,58,3,32.1,39.5,,run
2026-09-12T22:00:56+03:00,1789239656,14281,58,3,32.1,38.6,,run
2026-09-12T22:01:02+03:00,1789239662,14287,58,3,32.1,38.6,,run
2026-09-12T22:01:07+03:00,1789239667,14292,58,3,32.1,39.2,,run
2026-09-12T22:01:13+03:00,1789239673,14298,58,3,32.1,40.5,,run
2026-09-12T22:01:18+03:00,1789239678,14303,58,3,32.1,41.1,,run
2026-09-12T22:01:24+03:00,1789239684,14309,58,3,32.1,43.6,,run
2026-09-12T22:01:29+03:00,1789239689,14314,58,3,32.1,38.0,,run
2026-09-12T22:01:35+03:00,1789239695,14320,58,3,32.1,37.1,,run
2026-09-12T22:01:40+03:00,1789239700,14325,58,3,32.1,38.0,,run
2026-09-12T22:01:46+03:00,1789239706,14331,58,3,32.1,38.9,,run
2026-09-12T22:01:51+03:00,1789239711,14336,58,3,32.1,43.6,,run
2026-09-12T22:01:56+03:00,1789239716,14341,58,3,32.1,41.7,,run
2026-09-12T22:02:02+03:00,1789239722,14347,58,3,32.1,40.8,,run
2026-09-12T22:02:07+03:00,1789239727,14352,58,3,32.1,44.5,,run
2026-09-12T22:02:13+03:00,1789239733,14358,58,3,32.1,42.3,,run
2026-09-12T22:02:18+03:00,1789239738,14363,58,3,32.1,39.5,,run
2026-09-12T22:02:24+03:00,1789239744,14369,58,3,32.1,39.5,,run
2026-09-12T22:02:29+03:00,1789239749,14374,58,3,32.1,38.6,,run
2026-09-12T22:02:35+03:00,1789239755,14380,58,3,32.1,38.3,,run
2026-09-12T22:02:40+03:00,1789239760,14385,58,3,32.1,38.0,,run
2026-09-12T22:02:46+03:00,1789239766,14391,58,3,32.1,45.7,,run
2026-09-12T22:02:51+03:00,1789239771,14396,58,3,32.1,40.8,,run
2026-09-12T22:02:56+03:00,1789239776,14401,58,3,32.1,38.6,,run
2026-09-12T22:03:02+03:00,1789239782,14407,58,3,32.1,40.2,,run
2026-09-12T22:03:07+03:00,1789239787,14412,58,3,32.1,42.0,,run
2026-09-12T22:03:13+03:00,1789239793,14418,58,3,32.1,42.0,,run
2026-09-12T22:03:18+03:00,1789239798,14423,58,3,32.1,42.0,,run
2026-09-12T22:03:23+03:00,1789239803,14428,58,3,32.1,48.2,,run
2026-09-12T22:03:29+03:00,1789239809,14434,58,3,32.1,41.7,,run
2026-09-12T22:03:34+03:00,1789239814,14439,58,3,32.1,38.0,,run
2026-09-12T22:03:40+03:00,1789239820,14445,58,3,32.1,38.3,,run
2026-09-12T22:03:45+03:00,1789239825,14450,58,3,32.1,36.8,,run
2026-09-12T22:03:51+03:00,1789239831,14456,58,3,32.1,38.3,,run
2026-09-12T22:03:56+03:00,1789239836,14461,58,3,32.1,38.3,,run
2026-09-12T22:04:02+03:00,1789239842,14467,58,3,32.1,43.6,,run
2026-09-12T22:04:07+03:00,1789239847,14472,58,3,32.1,40.8,,run
2026-09-12T22:04:12+03:00,1789239852,14477,58,3,32.1,38.6,,run
2026-09-12T22:04:18+03:00,1789239858,14483,58,3,32.1,52.2,,run
2026-09-12T22:04:23+03:00,1789239863,14488,58,3,32.1,39.8,,run
2026-09-12T22:04:29+03:00,1789239869,14494,58,3,32.1,38.6,,run
2026-09-12T22:04:34+03:00,1789239874,14499,58,3,32.1,45.7,,run
2026-09-12T22:04:40+03:00,1789239880,14505,58,3,32.1,39.8,,run
2026-09-12T22:04:45+03:00,1789239885,14510,58,3,32.1,39.8,,run
2026-09-12T22:04:51+03:00,1789239891,14516,58,3,32.1,40.8,,run
2026-09-12T22:04:56+03:00,1789239896,14521,58,3,32.1,43.2,,run
2026-09-12T22:05:01+03:00,1789239901,14526,58,3,32.1,47.3,,run
2026-09-12T22:05:07+03:00,1789239907,14532,58,3,32.1,42.3,,run
2026-09-12T22:05:12+03:00,1789239912,14537,58,3,32.1,42.3,,run
2026-09-12T22:05:17+03:00,1789239917,14542,58,3,32.1,42.6,,run
2026-09-12T22:05:23+03:00,1789239923,14548,58,3,32.1,41.7,,run
2026-09-12T22:05:28+03:00,1789239928,14553,58,3,32.1,38.6,,run
2026-09-12T22:05:34+03:00,1789239934,14559,58,3,32.1,40.2,,run
2026-09-12T22:05:39+03:00,1789239939,14564,58,3,32.1,41.1,,run
2026-09-12T22:05:45+03:00,1789239945,14570,58,3,32.1,42.9,,run
2026-09-12T22:05:50+03:00,1789239950,14575,58,3,32.1,37.7,,run
2026-09-12T22:05:55+03:00,1789239955,14580,58,3,32.1,36.8,,run
2026-09-12T22:06:01+03:00,1789239961,14586,58,3,32.1,36.8,,run
2026-09-12T22:06:06+03:00,1789239966,14591,58,3,32.1,37.1,,run
2026-09-12T22:06:12+03:00,1789239972,14597,58,3,32.1,36.8,,run
2026-09-12T22:06:17+03:00,1789239977,14602,58,3,32.1,44.2,,run
2026-09-12T22:06:23+03:00,1789239983,14608,58,3,32.1,45.7,,run
2026-09-12T22:06:28+03:00,1789239988,14613,58,3,32.1,40.2,,run
2026-09-12T22:06:34+03:00,1789239994,14619,58,3,32.1,43.2,,run
2026-09-12T22:06:39+03:00,1789239999,14624,58,3,32.1,38.3,,run
2026-09-12T22:06:45+03:00,1789240005,14630,58,3,32.1,39.2,,run
2026-09-12T22:06:50+03:00,1789240010,14635,58,3,32.1,40.2,,run
2026-09-12T22:06:55+03:00,1789240015,14640,58,3,32.1,41.4,,run
2026-09-12T22:07:01+03:00,1789240021,14646,58,3,32.1,42.3,,run
2026-09-12T22:07:06+03:00,1789240026,14651,58,3,32.1,41.7,,run
2026-09-12T22:07:11+03:00,1789240031,14656,58,3,32.1,38.3,,run
2026-09-12T22:07:17+03:00,1789240037,14662,58,3,32.1,42.0,,run
2026-09-12T22:07:22+03:00,1789240042,14667,58,3,32.1,39.2,,run
2026-09-12T22:07:28+03:00,1789240048,14673,58,3,32.1,38.3,,run
2026-09-12T22:07:33+03:00,1789240053,14678,58,3,32.1,39.8,,run
2026-09-12T22:07:39+03:00,1789240059,14684,58,3,32.1,38.3,,run
2026-09-12T22:07:44+03:00,1789240064,14689,58,3,32.1,42.9,,run
2026-09-12T22:07:50+03:00,1789240070,14695,58,3,32.1,51.0,,run
2026-09-12T22:07:55+03:00,1789240075,14700,58,3,32.1,38.6,,run
2026-09-12T22:08:01+03:00,1789240081,14706,58,3,32.1,37.7,,run
2026-09-12T22:08:06+03:00,1789240086,14711,58,3,32.1,36.8,,run
2026-09-12T22:08:12+03:00,1789240092,14717,58,3,32.1,37.4,,run
2026-09-12T22:08:17+03:00,1789240097,14722,58,3,32.1,36.8,,run
2026-09-12T22:08:23+03:00,1789240103,14728,58,3,32.1,39.8,,run
2026-09-12T22:08:28+03:00,1789240108,14733,58,3,32.1,39.2,,run
2026-09-12T22:08:34+03:00,1789240114,14739,58,3,32.1,44.8,,run
2026-09-12T22:08:39+03:00,1789240119,14744,58,3,32.1,47.9,,run
2026-09-12T22:08:45+03:00,1789240125,14750,58,3,32.1,43.2,,run
2026-09-12T22:08:50+03:00,1789240130,14755,58,3,32.1,39.5,,run
2026-09-12T22:08:56+03:00,1789240136,14761,58,3,32.1,38.6,,run
2026-09-12T22:09:01+03:00,1789240141,14766,58,3,32.1,39.2,,run
2026-09-12T22:09:07+03:00,1789240147,14772,58,3,32.1,38.0,,run
2026-09-12T22:09:12+03:00,1789240152,14777,58,3,32.1,40.8,,run
2026-09-12T22:09:18+03:00,1789240158,14783,58,3,32.1,40.5,,run
2026-09-12T22:09:23+03:00,1789240163,14788,57,3,32.1,41.7,,run
2026-09-12T22:09:28+03:00,1789240168,14793,57,3,32.1,43.6,,run
2026-09-12T22:09:33+03:00,1789240173,14798,57,3,32.1,46.3,,run
2026-09-12T22:09:39+03:00,1789240179,14804,57,3,32.1,41.1,,run
2026-09-12T22:09:44+03:00,1789240184,14809,57,3,32.1,41.1,,run
2026-09-12T22:09:50+03:00,1789240190,14815,57,3,32.1,42.0,,run
2026-09-12T22:09:55+03:00,1789240195,14820,57,3,32.1,45.4,,run
2026-09-12T22:10:00+03:00,1789240200,14825,57,3,32.1,45.1,,run
2026-09-12T22:10:06+03:00,1789240206,14831,57,3,32.1,38.9,,run
2026-09-12T22:10:11+03:00,1789240211,14836,57,3,32.1,38.3,,run
2026-09-12T22:10:17+03:00,1789240217,14842,57,3,32.1,37.7,,run
2026-09-12T22:10:22+03:00,1789240222,14847,57,3,32.1,36.8,,run
2026-09-12T22:10:28+03:00,1789240228,14853,57,3,32.1,50.7,,run
2026-09-12T22:10:33+03:00,1789240233,14858,57,3,32.1,40.8,,run
2026-09-12T22:10:39+03:00,1789240239,14864,57,3,32.1,38.9,,run
2026-09-12T22:10:44+03:00,1789240244,14869,57,3,32.1,45.1,,run
2026-09-12T22:10:50+03:00,1789240250,14875,57,3,32.1,47.3,,run
2026-09-12T22:10:55+03:00,1789240255,14880,57,3,32.1,39.2,,run
2026-09-12T22:11:01+03:00,1789240261,14886,57,3,32.1,39.8,,run
2026-09-12T22:11:06+03:00,1789240266,14891,57,3,32.1,42.0,,run
2026-09-12T22:11:11+03:00,1789240271,14896,57,3,32.1,41.4,,run
2026-09-12T22:11:17+03:00,1789240277,14902,57,3,32.1,42.3,,run
2026-09-12T22:11:22+03:00,1789240282,14907,57,3,32.1,41.7,,run
2026-09-12T22:11:27+03:00,1789240287,14912,57,3,32.1,40.2,,run
2026-09-12T22:11:33+03:00,1789240293,14918,57,3,32.1,41.7,,run
2026-09-12T22:11:38+03:00,1789240298,14923,57,3,32.1,39.2,,run
2026-09-12T22:11:44+03:00,1789240304,14929,57,3,32.1,52.5,,run
2026-09-12T22:11:49+03:00,1789240309,14934,57,3,32.1,47.9,,run
2026-09-12T22:11:54+03:00,1789240314,14939,57,3,32.1,39.2,,run
2026-09-12T22:12:00+03:00,1789240320,14945,57,3,32.1,38.0,,run
2026-09-12T22:12:05+03:00,1789240325,14950,57,3,32.1,37.1,,run
2026-09-12T22:12:11+03:00,1789240331,14956,57,3,32.1,37.1,,run
2026-09-12T22:12:17+03:00,1789240337,14962,57,3,32.1,37.7,,run
2026-09-12T22:12:22+03:00,1789240342,14967,57,3,32.1,38.3,,run
2026-09-12T22:12:28+03:00,1789240348,14973,57,3,32.1,37.7,,run
2026-09-12T22:12:33+03:00,1789240353,14978,57,3,32.1,37.1,,run
2026-09-12T22:12:39+03:00,1789240359,14984,57,3,32.1,51.0,,run
2026-09-12T22:12:44+03:00,1789240364,14989,57,3,32.1,39.5,,run
2026-09-12T22:12:50+03:00,1789240370,14995,57,3,32.1,38.3,,run
2026-09-12T22:12:55+03:00,1789240375,15000,57,3,32.1,38.3,,run
2026-09-12T22:13:01+03:00,1789240381,15006,57,3,32.1,42.9,,run
2026-09-12T22:13:06+03:00,1789240386,15011,57,3,32.1,46.0,,run
2026-09-12T22:13:11+03:00,1789240391,15016,57,3,32.1,39.5,,run
2026-09-12T22:13:17+03:00,1789240397,15022,57,3,32.1,40.5,,run
2026-09-12T22:13:22+03:00,1789240402,15027,57,3,32.1,41.7,,run
2026-09-12T22:13:28+03:00,1789240408,15033,57,3,32.1,42.9,,run
2026-09-12T22:13:33+03:00,1789240413,15038,57,3,32.1,42.3,,run
2026-09-12T22:13:38+03:00,1789240418,15043,57,3,32.1,39.5,,run
2026-09-12T22:13:44+03:00,1789240424,15049,57,3,32.1,38.9,,run
2026-09-12T22:13:49+03:00,1789240429,15054,57,3,32.1,38.3,,run
2026-09-12T22:13:55+03:00,1789240435,15060,57,3,32.1,50.4,,run
2026-09-12T22:14:00+03:00,1789240440,15065,57,3,32.1,48.5,,run
2026-09-12T22:14:06+03:00,1789240446,15071,57,3,32.1,47.6,,run
2026-09-12T22:14:11+03:00,1789240451,15076,57,3,32.1,38.0,,run
2026-09-12T22:14:16+03:00,1789240456,15081,57,3,32.1,38.0,,run
2026-09-12T22:14:22+03:00,1789240462,15087,57,3,32.1,37.4,,run
2026-09-12T22:14:28+03:00,1789240468,15093,57,3,32.1,48.5,,run
2026-09-12T22:14:33+03:00,1789240473,15098,57,3,32.1,43.2,,run
2026-09-12T22:14:38+03:00,1789240478,15103,57,3,32.1,42.6,,run
2026-09-12T22:14:44+03:00,1789240484,15109,57,3,32.1,41.7,,run
2026-09-12T22:14:49+03:00,1789240489,15114,57,3,32.1,39.2,,run
2026-09-12T22:14:54+03:00,1789240494,15119,57,3,32.1,38.3,,run
2026-09-12T22:15:00+03:00,1789240500,15125,57,3,32.1,38.3,,run
2026-09-12T22:15:05+03:00,1789240505,15130,57,3,32.1,38.0,,run
2026-09-12T22:15:11+03:00,1789240511,15136,57,3,32.1,39.5,,run
2026-09-12T22:15:16+03:00,1789240516,15141,57,3,32.1,42.6,,run
2026-09-12T22:15:22+03:00,1789240522,15147,57,3,32.1,41.4,,run
2026-09-12T22:15:27+03:00,1789240527,15152,57,3,32.1,39.5,,run
2026-09-12T22:15:33+03:00,1789240533,15158,57,3,32.1,40.5,,run
2026-09-12T22:15:38+03:00,1789240538,15163,57,3,32.1,41.1,,run
2026-09-12T22:15:43+03:00,1789240543,15168,57,3,32.1,50.4,,run
2026-09-12T22:15:49+03:00,1789240549,15174,57,3,32.1,38.9,,run
2026-09-12T22:15:55+03:00,1789240555,15180,57,3,32.1,39.8,,run
2026-09-12T22:16:00+03:00,1789240560,15185,57,3,32.1,37.4,,run
2026-09-12T22:16:06+03:00,1789240566,15191,57,3,32.1,37.1,,run
2026-09-12T22:16:11+03:00,1789240571,15196,57,3,32.1,43.9,,run
2026-09-12T22:16:17+03:00,1789240577,15202,57,3,32.1,40.5,,run
2026-09-12T22:16:22+03:00,1789240582,15207,57,3,32.1,41.1,,run
2026-09-12T22:16:28+03:00,1789240588,15213,57,3,32.1,38.3,,run
2026-09-12T22:16:33+03:00,1789240593,15218,57,3,32.1,37.7,,run
2026-09-12T22:16:39+03:00,1789240599,15224,57,3,32.1,51.0,,run
2026-09-12T22:16:44+03:00,1789240604,15229,57,3,32.1,42.0,,run
2026-09-12T22:16:50+03:00,1789240610,15235,57,3,32.1,40.8,,run
2026-09-12T22:16:55+03:00,1789240615,15240,57,3,32.1,42.3,,run
2026-09-12T22:17:00+03:00,1789240620,15245,57,3,32.1,42.0,,run
2026-09-12T22:17:06+03:00,1789240626,15251,57,3,32.1,39.5,,run
2026-09-12T22:17:11+03:00,1789240631,15256,57,3,32.1,38.0,,run
2026-09-12T22:17:16+03:00,1789240636,15261,57,3,32.1,39.8,,run
2026-09-12T22:17:22+03:00,1789240642,15267,57,3,32.1,38.0,,run
2026-09-12T22:17:27+03:00,1789240647,15272,57,3,32.1,37.7,,run
2026-09-12T22:17:33+03:00,1789240653,15278,57,3,32.1,43.9,,run
2026-09-12T22:17:38+03:00,1789240658,15283,57,3,32.1,43.9,,run
2026-09-12T22:17:44+03:00,1789240664,15289,57,3,32.1,38.9,,run
2026-09-12T22:17:49+03:00,1789240669,15294,57,3,32.1,38.0,,run
2026-09-12T22:17:55+03:00,1789240675,15300,57,3,32.1,48.5,,run
2026-09-12T22:18:00+03:00,1789240680,15305,57,3,32.1,39.8,,run
2026-09-12T22:18:06+03:00,1789240686,15311,57,3,32.1,41.1,,run
2026-09-12T22:18:11+03:00,1789240691,15316,57,3,32.1,37.4,,run
2026-09-12T22:18:17+03:00,1789240697,15322,57,3,32.1,38.6,,run
2026-09-12T22:18:22+03:00,1789240702,15327,57,3,32.1,37.4,,run
2026-09-12T22:18:28+03:00,1789240708,15333,57,3,32.1,45.1,,run
2026-09-12T22:18:33+03:00,1789240713,15338,57,3,32.1,41.7,,run
2026-09-12T22:18:38+03:00,1789240718,15343,57,3,32.1,40.8,,run
2026-09-12T22:18:44+03:00,1789240724,15349,57,3,32.1,42.0,,run
2026-09-12T22:18:49+03:00,1789240729,15354,57,3,32.1,54.4,,run
2026-09-12T22:18:55+03:00,1789240735,15360,57,3,32.1,44.5,,run
2026-09-12T22:19:00+03:00,1789240740,15365,57,3,32.1,42.0,,run
2026-09-12T22:19:05+03:00,1789240745,15370,57,3,32.1,38.6,,run
2026-09-12T22:19:11+03:00,1789240751,15376,57,3,32.1,38.0,,run
2026-09-12T22:19:16+03:00,1789240756,15381,57,3,32.1,38.0,,run
2026-09-12T22:19:22+03:00,1789240762,15387,57,3,32.1,38.0,,run
2026-09-12T22:19:27+03:00,1789240767,15392,57,3,32.1,37.4,,run
2026-09-12T22:19:33+03:00,1789240773,15398,57,3,32.1,37.7,,run
2026-09-12T22:19:38+03:00,1789240778,15403,57,3,32.1,39.5,,run
2026-09-12T22:19:44+03:00,1789240784,15409,57,3,32.1,44.2,,run
2026-09-12T22:19:49+03:00,1789240789,15414,57,3,32.1,41.7,,run
2026-09-12T22:19:55+03:00,1789240795,15420,57,3,32.1,40.5,,run
2026-09-12T22:20:00+03:00,1789240800,15425,57,3,32.1,42.0,,run
2026-09-12T22:20:05+03:00,1789240805,15430,57,3,32.1,47.9,,run
2026-09-12T22:20:11+03:00,1789240811,15436,57,3,32.1,39.2,,run
2026-09-12T22:20:16+03:00,1789240816,15441,57,3,32.1,43.9,,run
2026-09-12T22:20:22+03:00,1789240822,15447,57,3,32.1,38.0,,run
2026-09-12T22:20:27+03:00,1789240827,15452,57,3,32.1,37.1,,run
2026-09-12T22:20:33+03:00,1789240833,15458,57,3,32.1,36.8,,run
2026-09-12T22:20:38+03:00,1789240838,15463,57,3,32.1,48.8,,run
2026-09-12T22:20:44+03:00,1789240844,15469,57,3,32.1,48.2,,run
2026-09-12T22:20:50+03:00,1789240850,15475,57,3,32.1,39.8,,run
2026-09-12T22:20:55+03:00,1789240855,15480,57,3,32.1,41.1,,run
2026-09-12T22:21:00+03:00,1789240860,15485,57,3,32.1,41.1,,run
2026-09-12T22:21:06+03:00,1789240866,15491,57,3,32.1,42.0,,run
2026-09-12T22:21:11+03:00,1789240871,15496,57,3,32.1,40.8,,run
2026-09-12T22:21:17+03:00,1789240877,15502,57,3,32.1,38.3,,run
2026-09-12T22:21:22+03:00,1789240882,15507,57,3,32.1,38.3,,run
2026-09-12T22:21:28+03:00,1789240888,15513,57,3,32.1,37.7,,run
2026-09-12T22:21:33+03:00,1789240893,15518,57,3,32.1,38.3,,run
2026-09-12T22:21:39+03:00,1789240899,15524,57,3,32.1,37.7,,run
2026-09-12T22:21:44+03:00,1789240904,15529,57,3,32.1,38.3,,run
2026-09-12T22:21:50+03:00,1789240910,15535,57,3,32.1,39.8,,run
2026-09-12T22:21:55+03:00,1789240915,15540,57,3,32.1,43.2,,run
2026-09-12T22:22:01+03:00,1789240921,15546,57,3,32.1,46.0,,run
2026-09-12T22:22:06+03:00,1789240926,15551,57,3,32.1,47.3,,run
2026-09-12T22:22:11+03:00,1789240931,15556,57,3,32.1,38.3,,run
2026-09-12T22:22:17+03:00,1789240937,15562,56,3,31.9,37.4,,run
2026-09-12T22:22:22+03:00,1789240942,15567,56,3,31.9,37.1,,run
2026-09-12T22:22:28+03:00,1789240948,15573,56,3,31.9,36.1,,run
2026-09-12T22:22:33+03:00,1789240953,15578,56,3,31.9,38.9,,run
2026-09-12T22:22:39+03:00,1789240959,15584,56,3,31.9,38.9,,run
2026-09-12T22:22:44+03:00,1789240964,15589,56,3,31.9,40.8,,run
2026-09-12T22:22:49+03:00,1789240969,15594,56,3,31.9,39.8,,run
2026-09-12T22:22:55+03:00,1789240975,15600,56,3,31.9,50.7,,run
2026-09-12T22:23:00+03:00,1789240980,15605,56,3,31.9,44.2,,run
2026-09-12T22:23:05+03:00,1789240985,15610,56,3,31.9,42.3,,run
2026-09-12T22:23:11+03:00,1789240991,15616,56,3,31.9,42.0,,run
2026-09-12T22:23:16+03:00,1789240996,15621,56,3,31.9,41.1,,run
2026-09-12T22:23:21+03:00,1789241001,15626,56,3,31.9,39.2,,run
2026-09-12T22:23:27+03:00,1789241007,15632,56,3,31.9,38.0,,run
2026-09-12T22:23:32+03:00,1789241012,15637,56,3,31.9,38.3,,run
2026-09-12T22:23:38+03:00,1789241018,15643,56,3,31.9,40.2,,run
2026-09-12T22:23:43+03:00,1789241023,15648,56,3,31.9,38.9,,run
2026-09-12T22:23:49+03:00,1789241029,15654,56,3,31.9,38.9,,run
2026-09-12T22:23:54+03:00,1789241034,15659,56,3,31.9,37.7,,run
2026-09-12T22:24:00+03:00,1789241040,15665,56,3,31.9,37.4,,run
2026-09-12T22:24:05+03:00,1789241045,15670,56,3,31.9,37.4,,run
2026-09-12T22:24:11+03:00,1789241051,15676,56,3,31.9,49.7,,run
2026-09-12T22:24:16+03:00,1789241056,15681,56,3,31.9,45.4,,run
2026-09-12T22:24:22+03:00,1789241062,15687,56,3,31.9,40.8,,end
