# sample_id=1232/rev_002_a6cfecbe exec_index=4 ok=False perf_lines=30 vm_events=30 battery_pct=61 soc_temp_millic=38600 battery_temp_c=31.2 charging=False preflight_started=2026-09-12T01:57:12.328688+00:00 started=2026-09-12T01:57:15.004626+00:00 ts=2026-09-12T01:59:18.702638+00:00
[spm]: Running flutter analyze...
Resolving dependencies...
Downloading packages...
  _fe_analyzer_shared 100.0.0 (108.0.0 available)
  analyzer 13.0.0 (14.4.0 available)
  async 2.13.0 (2.13.1 available)
  clock 1.1.2 (1.1.3 available)
  cupertino_icons 1.0.8 (1.0.9 available)
  glob 2.1.3 (2.2.0 available)
  lints 6.0.0 (6.1.0 available)
  matcher 0.12.19 (0.12.20 available)
  material_color_utilities 0.13.0 (0.13.1 available)
  meta 1.18.0 (1.19.0 available)
  package_config 2.2.0 (3.0.0 available)
  platform 3.1.6 (3.2.0 available)
  process 5.0.5 (5.0.6 available)
  pub_semver 2.2.0 (2.2.1 available)
  source_span 1.10.1 (1.10.2 available)
  stack_trace 1.12.1 (1.12.2 available)
  test_api 0.7.11 (0.7.14 available)
  vector_math 2.2.0 (2.4.2 available)
  vm_service 15.0.2 (15.3.0 available)
  webdriver 3.1.0 (3.2.0 available)
  yaml 3.1.3 (3.1.4 available)
Got dependencies!
21 packages have newer versions incompatible with dependency constraints.
Try `flutter pub outdated` for more information.
Analyzing lib...                                                

   info • The part-of directive uses a library name. Try converting the directive to use the URI of the library • lib/dependencies.dart:46:1 • use_string_in_part_of_directives
   info • Redundant initialization to 'null'. Try removing the initializer • lib/dependencies.dart:63:19 • avoid_init_to_null
   info • The variable name 'core_status_active' isn't a lowerCamelCase identifier. Try changing the name to follow the lowerCamelCase style • lib/dependencies.dart:169:15 • non_constant_identifier_names
   info • The variable name 'core_status_lost' isn't a lowerCamelCase identifier. Try changing the name to follow the lowerCamelCase style • lib/dependencies.dart:170:15 • non_constant_identifier_names
   info • The variable name 'core_status_inactive' isn't a lowerCamelCase identifier. Try changing the name to follow the lowerCamelCase style • lib/dependencies.dart:171:15 • non_constant_identifier_names
   info • The variable name 'core_status_unknown' isn't a lowerCamelCase identifier. Try changing the name to follow the lowerCamelCase style • lib/dependencies.dart:172:15 • non_constant_identifier_names
   info • The variable name 'core_filter_status_all' isn't a lowerCamelCase identifier. Try changing the name to follow the lowerCamelCase style • lib/dependencies.dart:178:15 • non_constant_identifier_names
   info • The variable name 'core_filter_status_active' isn't a lowerCamelCase identifier. Try changing the name to follow the lowerCamelCase style • lib/dependencies.dart:179:15 • non_constant_identifier_names
   info • The variable name 'core_filter_status_lost' isn't a lowerCamelCase identifier. Try changing the name to follow the lowerCamelCase style • lib/dependencies.dart:180:15 • non_constant_identifier_names
   info • The variable name 'core_filter_status_inactive' isn't a lowerCamelCase identifier. Try changing the name to follow the lowerCamelCase style • lib/dependencies.dart:181:15 • non_constant_identifier_names
   info • The variable name 'core_filter_status_unknown' isn't a lowerCamelCase identifier. Try changing the name to follow the lowerCamelCase style • lib/dependencies.dart:182:15 • non_constant_identifier_names
   info • The variable name 'core_filter_search_hint' isn't a lowerCamelCase identifier. Try changing the name to follow the lowerCamelCase style • lib/dependencies.dart:183:15 • non_constant_identifier_names
   info • Library names are not necessary. Remove the library name • lib/generated_widget.dart:2:9 • unnecessary_library_name
   info • Constructors in '@immutable' classes should be declared as 'const'. Try adding 'const' to the constructor declaration • lib/generated_widget.dart:11:3 • prefer_const_constructors_in_immutables

[spm]: Injecting profiler code...
[spm]: Starting app...
Running Gradle task 'assembleProfile'...                        
Running Gradle task 'assembleProfile'...                           21.3s
✓ Built build/app/outputs/flutter-apk/app-profile.apk (34.5MB)
Installing build/app/outputs/flutter-apk/app-profile.apk...      1,536ms
D/MiuiMultiWindowUtils(17972): freeform resolution args raw data:{  "zizhan":{    "freeform_args": {      "inner":{        "vertical_portrait":{"aspect_ratio":0.626, "original_ratio":0.5643,"original_scale":0.74,"top_margin":0.168,"left_margin":0.484},        "horizontal_portrait":{"aspect_ratio":0.626, "original_ratio":0.5643,"original_scale":0.74,"top_margin":0.1222,"left_margin":0.59745},        "vertical_landscape":{"aspect_ratio":1.6, "original_ratio":1,"original_scale":0.604,"top_margin":0.2596,"left_margin":0.2624},        "horizontal_landscape":{"aspect_ratio":1.6, "original_ratio":1,"original_scale":0.604,"top_margin":0.213,"left_margin":0.3758}      },      "outer":{        "vertical_portrait":{"aspect_ratio":0.626, "original_ratio":1,"original_scale":0.74,"top_margin":0.0753,"left_margin":-1},        "horizontal_portrait":{"aspect_ratio":0.626, "original_ratio":1,"original_scale":0.5756,"top_margin":-1,"left_margin":0.0753},        "vertical_landscape":{"aspect_ratio":1.6, "original_ratio":0.6847,"original_scale":0.587,"top_margin":0.0753,"left_margin":-1},        "horizontal_landscape":{"aspect_ratio":1.6, "original_ratio":0.6847,"original_scale":0.587,"top_margin":-1,"left_margin":0.0753}}    },    "mini_freeform_args":{      "inner":{        "vertical_portrait":{"aspect_ratio":0.626, "original_ratio":0.147},        "horizontal_portrait":{"aspect_ratio":0.626, "original_ratio":0.147},        "vertical_landscape":{"aspect_ratio":1.6, "original_ratio":0.165},        "horizontal_landscape":{"aspect_ratio":1.6, "original_ratio":0.165}      },      "outer":{        "vertical_portrait":{"aspect_ratio":0.626, "original_ratio":0.26},        "horizontal_portrait":{"aspect_ratio":0.626, "original_ratio":0.26},        "vertical_landscape":{"aspect_ratio":1.6, "original_ratio":0.293},        "horizontal_landscape":{"aspect_ratio":1.6, "original_ratio":0.293}}    }  },  "wide_default":{    "freeform_args": {        "vertical_portrait":{"aspect_ratio":0.625, "original_ratio":0.5806,"original_scale":0.7574,"top_margin":0.125,"left_margin":0.392},        "horizontal_portrait":{"aspect_ratio":0.625, "original_ratio":0.5806,"original_scale":0.7574,"top_margin":-1,"left_margin":0.6415},        "vertical_landscape":{"aspect_ratio":1.6, "original_ratio":1,"original_scale":0.5153,"top_margin":0.125,"left_margin":0.206},        "horizontal_landscape":{"aspect_ratio":1.6, "original_ratio":1,"original_scale":0.5153,"top_margin":-1,"left_margin":0.456}    },    "mini_freeform_args":{        "vertical_portrait":{"aspect_ratio":0.5625, "original_ratio":0.144},        "horizontal_portrait":{"aspect_ratio":0.5625, "original_ratio":0.144},        "vertical_landscape":{"aspect_ratio":-1, "original_ratio":0.144},        "horizontal_landscape":{"aspect_ratio":-1, "original_ratio":0.144}    }  },  "narrow_default": {    "freeform_args": {        "vertical_portrait":{"aspect_ratio":0.5625, "original_ratio":1,"original_scale":0.7182,"top_margin":0.142,"left_margin":-1},        "horizontal_portrait":{"aspect_ratio":0.8, "original_ratio":1,"original_scale":0.7182,"top_margin":-1,"left_margin":0.05},        "vertical_landscape":{"aspect_ratio":1.6, "original_ratio":0.6545,"original_scale":0.4473,"top_margin":0.142,"left_margin":-1},        "horizontal_landscape":{"aspect_ratio":1.6, "original_ratio":0.6545,"original_scale":0.4473,"top_margin":-1,"left_margin":0.05}    },    "mini_freeform_args":{        "vertical_portrait":{"aspect_ratio":0.5625, "original_ratio":0.3},        "horizontal_portrait":{"aspect_ratio":0.5625, "original_ratio":0.3},        "vertical_landscape":{"aspect_ratio":1.7778, "original_ratio":0.3},        "horizontal_landscape":{"aspect_ratio":1.7778, "original_ratio":0.3}    }  },  "regular_default": {    "freeform_args": {      "vertical_portrait":{"aspect_ratio":0.625, "original_ratio":1,"original_scale":0.7,"top_margin":0.109,"left_margin":-1},      "horizontal_portrait":{"aspect_ratio":0.6667, "original_ratio":1,"original_scale":0.6102,"top_margin":-1,"left_margin":0.026},      "vertical_landscape":{"asp
E/MiuiMultiWindowUtils(17972): initFreeFormResolutionArgs failed, device is lime
D/IS_CTS_MODE(17972): true
D/MULTI_WINDOW_SWITCH_ENABLED(17972): false
D/IS_CTS_MODE(17972): true
D/MULTI_WINDOW_SWITCH_ENABLED(17972): false
D/IS_CTS_MODE(17972): true
D/MULTI_WINDOW_SWITCH_ENABLED(17972): false
D/DecorView[](17972): getWindowModeFromSystem  windowmode is 1
I/ForceDarkHelperStubImpl(17972): setViewRootImplForceDark: false for com.example.benchmark_container.MainActivity@e6f428d, reason: AppDarkModeEnable
I/ForceDarkHelperStubImpl(17972): setViewRootImplForceDark: false for com.example.benchmark_container.MainActivity@e6f428d, reason: AppDarkModeEnable
D/DecorView[](17972): getWindowModeFromSystem  windowmode is 1
D/DecorView[](17972): updateDecorCaptionStatus displayWindowDecor is false
W/Looper  (17972): PerfMonitor looperActivity : package=com.example.benchmark_container/.MainActivity time=378ms latency=347ms running=0ms  procState=-1  historyMsgCount=3 (msgIndex=1 wall=434ms seq=3 h=android.app.ActivityThread$H w=110) (msgIndex=2 wall=434ms seq=3 h=android.app.ActivityThread$H w=110) (msgIndex=3 wall=434ms seq=3 h=android.app.ActivityThread$H w=110)
W/Looper  (17972): PerfMonitor looperActivity : package=com.example.benchmark_container/.MainActivity time=1ms latency=727ms running=0ms  procState=-1  historyMsgCount=4 (msgIndex=1 wall=434ms seq=3 h=android.app.ActivityThread$H w=110) (msgIndex=2 wall=434ms seq=3 h=android.app.ActivityThread$H w=110) (msgIndex=3 wall=434ms seq=3 h=android.app.ActivityThread$H w=110) (msgIndex=4 wall=378ms seq=4 late=347ms h=android.app.ActivityThread$H w=159)
D/SurfaceView(17972): UPDATE null, mIsCastMode = false
D/hw-ProcessState(17972): Binder ioctl to enable oneway spam detection failed: Invalid argument
W/Looper  (17972): PerfMonitor longMsg : seq=8 plan=04:57:52.797 late=390ms wall=1671ms running=0ms h=android.view.Choreographer$FrameHandler c=android.view.Choreographer$FrameDisplayEventReceiver procState=-1
W/Looper  (17972): PerfMonitor doFrame : time=1671ms vsyncFrame=0 latency=390ms procState=-1 historyMsgCount=7 (msgIndex=1 wall=1671ms seq=8 late=390ms h=android.view.Choreographer$FrameHandler c=android.view.Choreographer$FrameDisplayEventReceiver) (msgIndex=2 wall=1671ms seq=8 late=390ms h=android.view.Choreographer$FrameHandler c=android.view.Choreographer$FrameDisplayEventReceiver) (msgIndex=3 wall=1671ms seq=8 late=390ms h=android.view.Choreographer$FrameHandler c=android.view.Choreographer$FrameDisplayEventReceiver) (msgIndex=4 wall=378ms seq=4 h=android.app.ActivityThread$H w=159)
I/Choreographer(17972): Skipped 94 frames!  The application may be doing too much work on its main thread.
D/SurfaceView(17972): UPDATE Surface(name=SurfaceView[com.example.benchmark_container/com.example.benchmark_container.MainActivity])/@0xca20cbb, mIsProjectionMode = false
W/Looper  (17972): PerfMonitor doFrame : time=2ms vsyncFrame=0 latency=1569ms procState=-1 historyMsgCount=4
[spm]: Connected to Dart VM service.
I/flutter (17972): 00:00 +0: Performance Benchmark
E/hmark_containe(17972): open libmigui.so failed! dlopen - dlopen failed: library "libmigui.so" not found
D/hmark_containe(17972): MiuiProcessManagerServiceStub setSchedFifo
I/MiuiProcessManagerImpl(17972): setSchedFifo pid:17972, mode:3
D/DecorView[](17972): onWindowFocusChanged hasWindowFocus true
D/DecorView[](17972): getWindowModeFromSystem  windowmode is 1
D/DecorView[](17972): updateDecorCaptionStatus displayWindowDecor is false
D/ProfileInstaller(17972): Installing profile for com.example.benchmark_container
I/flutter (17972): type 'RenderSliverToBoxAdapter' is not a subtype of type 'RenderBox' of 'child'
I/flutter (17972): #0      ContainerRenderObjectMixin.insert (package:flutter/src/rendering/object.dart:4495)
I/flutter (17972): #1      MultiChildRenderObjectElement.insertRenderObjectChild (package:flutter/src/widgets/framework.dart:7193)
I/flutter (17972): #2      RenderObjectElement.attachRenderObject (package:flutter/src/widgets/framework.dart:6941)
I/flutter (17972): #3      RenderObjectElement.mount (package:flutter/src/widgets/framework.dart:6801)
I/flutter (17972): #4      SingleChildRenderObjectElement.mount (package:flutter/src/widgets/framework.dart:7114)
I/flutter (17972): #5      Element.inflateWidget (package:flutter/src/widgets/framework.dart:4587)
I/flutter (17972): #6      Element.updateChild (package:flutter/src/widgets/framework.dart:4059)
I/flutter (17972): #7      ComponentElement.performRebuild (package:flutter/src/widgets/framework.dart:5841)
I/flutter (17972): #8      StatefulElement.performRebuild (package:flutter/src/widgets/framework.dart:5982)
I/flutter (17972): #9      Element.rebuild (package:flutter/src/widgets/framework.dart:5529)
I/flutter (17972): #10     ComponentElement._firstBuild (package:flutter/src/widgets/framework.dart:5799)
I/flutter (17972): #11     StatefulElement._firstBuild (package:flutter/src/widgets/framework.dart:5973)
I/flutter (17972): #12     ComponentElement.mount (package:flutter/src/widgets/framework.dart:5793)
I/flutter (17972): #13     Element.inflateWidget (package:flutter/src/widgets/framework.dart:4587)
I/flutter (17972): #14     Element.updateChild (package:flutter/src/widgets/framework.dart:4059)
I/flutter (17972): #15     ComponentElement.performRebuild (package:flutter/src/widgets/framework.dart:5841)
I/flutter (17972): #16     Element.rebuild (package:flutter/src/widgets/framework.dart:5529)
I/flutter (17972): #17     ComponentElement._firstBuild (package:flutter/src/widgets/framework.dart:5799)
I/flutter (17972): #18     ComponentElement.mount (package:flutter/src/widgets/framework.dart:5793)
I/flutter (17972): #19     Element.inflateWidget (package:flutter/src/widgets/framework.dart:4587)
I/flutter (17972): #20     Element.updateChild (package:flutter/src/widgets/framework.dart:4059)
I/flutter (17972): #21     ComponentElement.performRebuild (package:flutter/src/widgets/framework.dart:5841)
I/flutter (17972): #22     Element.rebuild (package:flutter/src/widgets/framework.dart:5529)
I/flutter (17972): #23     ComponentElement._firstBuild (package:flutter/src/widgets/framework.dart:5799)
I/flutter (17972): #24     ComponentElement.mount (package:flutter/src/widgets/framework.dart:5793)
I/flutter (17972): #25     Element.inflateWidget (package:flutter/src/widgets/framework.dart:4587)
I/flutter (17972): #26     Element.updateChild (package:flutter/src/widgets/framework.dart:4059)
I/flutter (17972): #27     ComponentElement.performRebuild (package:flutter/src/widgets/framework.dart:5841)
I/flutter (17972): #28     Element.rebuild (package:flutter/src/widgets/framework.dart:5529)
I/flutter (17972): #29     ComponentElement._firstBuild (package:flutter/src/widgets/framework.dart:5799)
I/flutter (17972): #30     ComponentElement.mount (package:flutter/src/widgets/framework.dart:5793)
I/flutter (17972): #31     Element.inflateWidget (package:flutter/src/widgets/framework.dart:4587)
I/flutter (17972): #32     Element.updateChild (package:flutter/src/widgets/framework.dart:4059)
I/flutter (17972): #33     ComponentElement.performRebuild (package:flutter/src/widgets/framework.dart:5841)
I/flutter (17972): #34     Element.rebuild (package:flutter/src/widgets/framework.dart:5529)
I/flutter (17972): #35     ComponentElement._firstBuild (package:flutter/src/widgets/framework.dart:5799)
I/flutter (17972): #36     ComponentElement.mount (package:flutter/src/widgets/framework.dart:5793)
I/flutter (17972): #37     Element.inflateWidget (package:flutter/src/widgets/framework.dart:4587)
I/flutter (17972): #38     MultiChildRenderObjectElement.inflateWidget (package:flutter/src/widgets/framework.dart:7264)
I/flutter (17972): #39     MultiChildRenderObjectElement.mount (package:flutter/src/widgets/framework.dart:7279)
I/flutter (17972): #40     Element.inflateWidget (package:flutter/src/widgets/framework.dart:4587)
I/flutter (17972): #41     Element.updateChild (package:flutter/src/widgets/framework.dart:4059)
I/flutter (17972): #42     ComponentElement.performRebuild (package:flutter/src/widgets/framework.dart:5841)
I/flutter (17972): #43     Element.rebuild (package:flutter/src/widgets/framework.dart:5529)
I/flutter (17972): #44     ComponentElement._firstBuild (package:flutter/src/widgets/framework.dart:5799)
I/flutter (17972): #45     ComponentElement.mount (package:flutter/src/widgets/framework.dart:5793)
I/flutter (17972): #46     Element.inflateWidget (package:flutter/src/widgets/framework.dart:4587)
I/flutter (17972): #47     Element.updateChild (package:flutter/src/widgets/framework.dart:4059)
I/flutter (17972): #48     ComponentElement.performRebuild (package:flutter/src/widgets/framework.dart:5841)
I/flutter (17972): #49     StatefulElement.performRebuild (package:flutter/src/widgets/framework.dart:5982)
I/flutter (17972): #50     Element.rebuild (package:flutter/src/widgets/framework.dart:5529)
I/flutter (17972): #51     ComponentElement._firstBuild (package:flutter/src/widgets/framework.dart:5799)
I/flutter (17972): #52     StatefulElement._firstBuild (package:flutter/src/widgets/framework.dart:5973)
I/flutter (17972): #53     ComponentElement.mount (package:flutter/src/widgets/framework.dart:5793)
I/flutter (17972): #54     Element.inflateWidget (package:flutter/src/widgets/framework.dart:4587)
I/flutter (17972): #55     Element.updateChild (package:flutter/src/widgets/framework.dart:4059)
I/flutter (17972): #56     ComponentElement.performRebuild (package:flutter/src/widgets/framework.dart:5841)
I/flutter (17972): #57     Element.rebuild (package:flutter/src/widgets/framework.dart:5529)
I/flutter (17972): #58     ComponentElement._firstBuild (package:flutter/src/widgets/framework.dart:5799)
I/flutter (17972): #59     ComponentElement.mount (package:flutter/src/widgets/framework.dart:5793)
I/flutter (17972): #60     Element.inflateWidget (package:flutter/src/widgets/framework.dart:4587)
I/flutter (17972): #61     Element.updateChild (package:flutter/src/widgets/framework.dart:4059)
I/flutter (17972): #62     ComponentElement.performRebuild (package:flutter/src/widgets/framework.dart:5841)
I/flutter (17972): #63     Element.rebuild (package:flutter/src/widgets/framework.dart:5529)
I/flutter (17972): #64     ComponentElement._firstBuild (package:flutter/src/widgets/framework.dart:5799)
I/flutter (17972): #65     ComponentElement.mount (package:flutter/src/widgets/framework.dart:5793)
I/flutter (17972): #66     Element.inflateWidget (package:flutter/src/widgets/framework.dart:4587)
I/flutter (17972): #67     Element.updateChild (package:flutter/src/widgets/framework.dart:4059)
I/flutter (17972): #68     ComponentElement.performRebuild (package:flutter/src/widgets/framework.dart:5841)
I/flutter (17972): #69     StatefulElement.performRebuild (package:flutter/src/widgets/framework.dart:5982)
I/flutter (17972): #70     Element.rebuild (package:flutter/src/widgets/framework.dart:5529)
I/flutter (17972): #71     ComponentElement._firstBuild (package:flutter/src/widgets/framework.dart:5799)
I/flutter (17972): #72     StatefulElement._firstBuild (package:flutter/src/widgets/framework.dart:5973)
I/flutter (17972): #73     ComponentElement.mount (package:flutter/src/widgets/framework.dart:5793)
I/flutter (17972): #74     Element.inflateWidget (package:flutter/src/widgets/framework.dart:4587)
I/flutter (17972): #75     Element.updateChild (package:flutter/src/widgets/framework.dart:4059)
I/flutter (17972): #76     SingleChildRenderObjectElement.mount (package:flutter/src/widgets/framework.dart:7115)
I/flutter (17972): #77     Element.inflateWidget (package:flutter/src/widgets/framework.dart:4587)
I/flutter (17972): #78     Element.updateChild (package:flutter/src/widgets/framework.dart:4059)
I/flutter (17972): #79     ComponentElement.performRebuild (package:flutter/src/widgets/framework.dart:5841)
I/flutter (17972): #80     Element.rebuild (package:flutter/src/widgets/framework.dart:5529)
I/flutter (17972): #81     ComponentElement._firstBuild (package:flutter/src/widgets/framework.dart:5799)
I/flutter (17972): #82     ComponentElement.mount (package:flutter/src/widgets/framework.dart:5793)
I/flutter (17972): #83     Element.inflateWidget (package:flutter/src/widgets/framework.dart:4587)
I/flutter (17972): #84     Element.updateChild (package:flutter/src/widgets/framework.dart:4059)
I/flutter (17972): #85     SingleChildRenderObjectElement.mount (package:flutter/src/widgets/framework.dart:7115)
I/flutter (17972): #86     Element.inflateWidget (package:flutter/src/widgets/framework.dart:4587)
I/flutter (17972): #87     Element.updateChild (package:flutter/src/widgets/framework.dart:4059)
I/flutter (17972): #88     ComponentElement.performRebuild (package:flutter/src/widgets/framework.dart:5841)
I/flutter (17972): #89     StatefulElement.performRebuild (package:flutter/src/widgets/framework.dart:5982)
I/flutter (17972): #90     Element.rebuild (package:flutter/src/widgets/framework.dart:5529)
I/flutter (17972): #91     ComponentElement._firstBuild (package:flutter/src/widgets/framework.dart:5799)
I/flutter (17972): #92     StatefulElement._firstBuild (package:flutter/src/widgets/framework.dart:5973)
I/flutter (17972): #93     ComponentElement.mount (package:flutter/src/widgets/framework.dart:5793)
I/flutter (17972): #94     Element.inflateWidget (package:flutter/src/widgets/framework.dart:4587)
I/flutter (17972): #95     Element.updateChild (package:flutter/src/widgets/framework.dart:4059)
I/flutter (17972): #96     ComponentElement.performRebuild (package:flutter/src/widgets/framework.dart:5841)
I/flutter (17972): #97     StatefulElement.performRebuild (package:flutter/src/widgets/framework.dart:5982)
I/flutter (17972): #98     Element.rebuild (package:flutter/src/widgets/framework.dart:5529)
I/flutter (17972): #99     ComponentElement._firstBuild (package:flutter/src/widgets/framework.dart:5799)
I/flutter (17972): type 'RenderSliverToBoxAdapter' is not a subtype of type 'RenderBox' of 'child'
I/flutter (17972): #0      ContainerRenderObjectMixin.insert (package:flutter/src/rendering/object.dart:4495)
I/flutter (17972): #1      MultiChildRenderObjectElement.insertRenderObjectChild (package:flutter/src/widgets/framework.dart:7193)
I/flutter (17972): #2      RenderObjectElement.attachRenderObject (package:flutter/src/widgets/framework.dart:6941)
I/flutter (17972): #3      RenderObjectElement.mount (package:flutter/src/widgets/framework.dart:6801)
I/flutter (17972): #4      SingleChildRenderObjectElement.mount (package:flutter/src/widgets/framework.dart:7114)
I/flutter (17972): #5      Element.inflateWidget (package:flutter/src/widgets/framework.dart:4587)
I/flutter (17972): #6      Element.updateChild (package:flutter/src/widgets/framework.dart:4053)
I/flutter (17972): #7      ComponentElement.performRebuild (package:flutter/src/widgets/framework.dart:5841)
I/flutter (17972): #8      StatefulElement.performRebuild (package:flutter/src/widgets/framework.dart:5982)
I/flutter (17972): #9      Element.rebuild (package:flutter/src/widgets/framework.dart:5529)
I/flutter (17972): #10     BuildScope._tryRebuild (package:flutter/src/widgets/framework.dart:2750)
I/flutter (17972): #11     BuildScope._flushDirtyElements (package:flutter/src/widgets/framework.dart:2807)
I/flutter (17972): #12     BuildOwner.buildScope (package:flutter/src/widgets/framework.dart:3111)
I/flutter (17972): #13     WidgetsBinding.drawFrame (package:flutter/src/widgets/binding.dart:1571)
I/flutter (17972): #14     RendererBinding._handlePersistentFrameCallback (package:flutter/src/rendering/binding.dart:509)
I/flutter (17972): #15     SchedulerBinding._invokeFrameCallback (package:flutter/src/scheduler/binding.dart:1430)
I/flutter (17972): #16     SchedulerBinding.handleDrawFrame (package:flutter/src/scheduler/binding.dart:1345)
I/flutter (17972): #17     LiveTestWidgetsFlutterBinding.handleDrawFrame (package:flutter_test/src/binding.dart:2811)
I/flutter (17972): #18     SchedulerBinding._handleDrawFrame (package:flutter/src/scheduler/binding.dart:1198)
I/flutter (17972): #22     _invoke (dart:ui/hooks.dart:425)
I/flutter (17972): #23     PlatformDispatcher._drawFrame (dart:ui/platform_dispatcher.dart:447)
I/flutter (17972): #24     _drawFrame (dart:ui/hooks.dart:395)
I/flutter (17972): (elided 3 frames from dart:async)
[spm]: ProfilerData event received.
I/flutter (17972): [SPM:perf] 698a51a  buildSpan: 15753µs
I/flutter (17972): [spm] Performance monitoring completed for 698a51a
I/flutter (17972): type 'RenderSliverToBoxAdapter' is not a subtype of type 'RenderBox' of 'child'
I/flutter (17972): #0      ContainerRenderObjectMixin.insert (package:flutter/src/rendering/object.dart:4495)
I/flutter (17972): #1      MultiChildRenderObjectElement.insertRenderObjectChild (package:flutter/src/widgets/framework.dart:7193)
I/flutter (17972): #2      RenderObjectElement.attachRenderObject (package:flutter/src/widgets/framework.dart:6941)
I/flutter (17972): #3      RenderObjectElement.mount (package:flutter/src/widgets/framework.dart:6801)
I/flutter (17972): #4      SingleChildRenderObjectElement.mount (package:flutter/src/widgets/framework.dart:7114)
I/flutter (17972): #5      Element.inflateWidget (package:flutter/src/widgets/framework.dart:4587)
I/flutter (17972): #6      Element.updateChild (package:flutter/src/widgets/framework.dart:4053)
I/flutter (17972): #7      ComponentElement.performRebuild (package:flutter/src/widgets/framework.dart:5841)
I/flutter (17972): #8      StatefulElement.performRebuild (package:flutter/src/widgets/framework.dart:5982)
I/flutter (17972): #9      Element.rebuild (package:flutter/src/widgets/framework.dart:5529)
I/flutter (17972): #10     BuildScope._tryRebuild (package:flutter/src/widgets/framework.dart:2750)
I/flutter (17972): #11     BuildScope._flushDirtyElements (package:flutter/src/widgets/framework.dart:2807)
I/flutter (17972): #12     BuildOwner.buildScope (package:flutter/src/widgets/framework.dart:3111)
I/flutter (17972): #13     WidgetsBinding.drawFrame (package:flutter/src/widgets/binding.dart:1571)
I/flutter (17972): #14     RendererBinding._handlePersistentFrameCallback (package:flutter/src/rendering/binding.dart:509)
I/flutter (17972): #15     SchedulerBinding._invokeFrameCallback (package:flutter/src/scheduler/binding.dart:1430)
I/flutter (17972): #16     SchedulerBinding.handleDrawFrame (package:flutter/src/scheduler/binding.dart:1345)
I/flutter (17972): #17     LiveTestWidgetsFlutterBinding.handleDrawFrame (package:flutter_test/src/binding.dart:2811)
I/flutter (17972): #18     SchedulerBinding._handleDrawFrame (package:flutter/src/scheduler/binding.dart:1198)
I/flutter (17972): #22     _invoke (dart:ui/hooks.dart:425)
I/flutter (17972): #23     PlatformDispatcher._drawFrame (dart:ui/platform_dispatcher.dart:447)
I/flutter (17972): #24     _drawFrame (dart:ui/hooks.dart:395)
I/flutter (17972): (elided 3 frames from dart:async)
[spm]: ProfilerData event received.
I/flutter (17972): [SPM:perf] 698a51a  buildSpan: 3614µs
I/flutter (17972): [spm] Performance monitoring completed for 698a51a
I/flutter (17972): type 'RenderSliverToBoxAdapter' is not a subtype of type 'RenderBox' of 'child'
I/flutter (17972): #0      ContainerRenderObjectMixin.insert (package:flutter/src/rendering/object.dart:4495)
I/flutter (17972): #1      MultiChildRenderObjectElement.insertRenderObjectChild (package:flutter/src/widgets/framework.dart:7193)
I/flutter (17972): #2      RenderObjectElement.attachRenderObject (package:flutter/src/widgets/framework.dart:6941)
I/flutter (17972): #3      RenderObjectElement.mount (package:flutter/src/widgets/framework.dart:6801)
I/flutter (17972): #4      SingleChildRenderObjectElement.mount (package:flutter/src/widgets/framework.dart:7114)
I/flutter (17972): #5      Element.inflateWidget (package:flutter/src/widgets/framework.dart:4587)
I/flutter (17972): #6      Element.updateChild (package:flutter/src/widgets/framework.dart:4053)
I/flutter (17972): #7      ComponentElement.performRebuild (package:flutter/src/widgets/framework.dart:5841)
I/flutter (17972): #8      StatefulElement.performRebuild (package:flutter/src/widgets/framework.dart:5982)
I/flutter (17972): #9      Element.rebuild (package:flutter/src/widgets/framework.dart:5529)
I/flutter (17972): #10     BuildScope._tryRebuild (package:flutter/src/widgets/framework.dart:2750)
I/flutter (17972): #11     BuildScope._flushDirtyElements (package:flutter/src/widgets/framework.dart:2807)
I/flutter (17972): #12     BuildOwner.buildScope (package:flutter/src/widgets/framework.dart:3111)
I/flutter (17972): #13     WidgetsBinding.drawFrame (package:flutter/src/widgets/binding.dart:1571)
I/flutter (17972): #14     RendererBinding._handlePersistentFrameCallback (package:flutter/src/rendering/binding.dart:509)
I/flutter (17972): #15     SchedulerBinding._invokeFrameCallback (package:flutter/src/scheduler/binding.dart:1430)
I/flutter (17972): #16     SchedulerBinding.handleDrawFrame (package:flutter/src/scheduler/binding.dart:1345)
I/flutter (17972): #17     LiveTestWidgetsFlutterBinding.handleDrawFrame (package:flutter_test/src/binding.dart:2811)
I/flutter (17972): #18     SchedulerBinding._handleDrawFrame (package:flutter/src/scheduler/binding.dart:1198)
I/flutter (17972): #22     _invoke (dart:ui/hooks.dart:425)
I/flutter (17972): #23     PlatformDispatcher._drawFrame (dart:ui/platform_dispatcher.dart:447)
I/flutter (17972): #24     _drawFrame (dart:ui/hooks.dart:395)
I/flutter (17972): (elided 3 frames from dart:async)
[spm]: ProfilerData event received.
I/flutter (17972): [SPM:perf] 698a51a  buildSpan: 3263µs
I/flutter (17972): [spm] Performance monitoring completed for 698a51a
I/flutter (17972): type 'RenderSliverToBoxAdapter' is not a subtype of type 'RenderBox' of 'child'
I/flutter (17972): #0      ContainerRenderObjectMixin.insert (package:flutter/src/rendering/object.dart:4495)
I/flutter (17972): #1      MultiChildRenderObjectElement.insertRenderObjectChild (package:flutter/src/widgets/framework.dart:7193)
I/flutter (17972): #2      RenderObjectElement.attachRenderObject (package:flutter/src/widgets/framework.dart:6941)
I/flutter (17972): #3      RenderObjectElement.mount (package:flutter/src/widgets/framework.dart:6801)
I/flutter (17972): #4      SingleChildRenderObjectElement.mount (package:flutter/src/widgets/framework.dart:7114)
I/flutter (17972): #5      Element.inflateWidget (package:flutter/src/widgets/framework.dart:4587)
I/flutter (17972): #6      Element.updateChild (package:flutter/src/widgets/framework.dart:4053)
I/flutter (17972): #7      ComponentElement.performRebuild (package:flutter/src/widgets/framework.dart:5841)
I/flutter (17972): #8      StatefulElement.performRebuild (package:flutter/src/widgets/framework.dart:5982)
I/flutter (17972): #9      Element.rebuild (package:flutter/src/widgets/framework.dart:5529)
I/flutter (17972): #10     BuildScope._tryRebuild (package:flutter/src/widgets/framework.dart:2750)
I/flutter (17972): #11     BuildScope._flushDirtyElements (package:flutter/src/widgets/framework.dart:2807)
I/flutter (17972): #12     BuildOwner.buildScope (package:flutter/src/widgets/framework.dart:3111)
I/flutter (17972): #13     WidgetsBinding.drawFrame (package:flutter/src/widgets/binding.dart:1571)
I/flutter (17972): #14     RendererBinding._handlePersistentFrameCallback (package:flutter/src/rendering/binding.dart:509)
I/flutter (17972): #15     SchedulerBinding._invokeFrameCallback (package:flutter/src/scheduler/binding.dart:1430)
I/flutter (17972): #16     SchedulerBinding.handleDrawFrame (package:flutter/src/scheduler/binding.dart:1345)
I/flutter (17972): #17     LiveTestWidgetsFlutterBinding.handleDrawFrame (package:flutter_test/src/binding.dart:2811)
I/flutter (17972): #18     SchedulerBinding._handleDrawFrame (package:flutter/src/scheduler/binding.dart:1198)
I/flutter (17972): #22     _invoke (dart:ui/hooks.dart:425)
I/flutter (17972): #23     PlatformDispatcher._drawFrame (dart:ui/platform_dispatcher.dart:447)
I/flutter (17972): #24     _drawFrame (dart:ui/hooks.dart:395)
I/flutter (17972): (elided 3 frames from dart:async)
[spm]: ProfilerData event received.
I/flutter (17972): [SPM:perf] 698a51a  buildSpan: 3680µs
I/flutter (17972): [spm] Performance monitoring completed for 698a51a
I/flutter (17972): type 'RenderSliverToBoxAdapter' is not a subtype of type 'RenderBox' of 'child'
I/flutter (17972): #0      ContainerRenderObjectMixin.insert (package:flutter/src/rendering/object.dart:4495)
I/flutter (17972): #1      MultiChildRenderObjectElement.insertRenderObjectChild (package:flutter/src/widgets/framework.dart:7193)
I/flutter (17972): #2      RenderObjectElement.attachRenderObject (package:flutter/src/widgets/framework.dart:6941)
I/flutter (17972): #3      RenderObjectElement.mount (package:flutter/src/widgets/framework.dart:6801)
I/flutter (17972): #4      SingleChildRenderObjectElement.mount (package:flutter/src/widgets/framework.dart:7114)
I/flutter (17972): #5      Element.inflateWidget (package:flutter/src/widgets/framework.dart:4587)
I/flutter (17972): #6      Element.updateChild (package:flutter/src/widgets/framework.dart:4053)
I/flutter (17972): #7      ComponentElement.performRebuild (package:flutter/src/widgets/framework.dart:5841)
I/flutter (17972): #8      StatefulElement.performRebuild (package:flutter/src/widgets/framework.dart:5982)
I/flutter (17972): #9      Element.rebuild (package:flutter/src/widgets/framework.dart:5529)
I/flutter (17972): #10     BuildScope._tryRebuild (package:flutter/src/widgets/framework.dart:2750)
I/flutter (17972): #11     BuildScope._flushDirtyElements (package:flutter/src/widgets/framework.dart:2807)
I/flutter (17972): #12     BuildOwner.buildScope (package:flutter/src/widgets/framework.dart:3111)
I/flutter (17972): #13     WidgetsBinding.drawFrame (package:flutter/src/widgets/binding.dart:1571)
I/flutter (17972): #14     RendererBinding._handlePersistentFrameCallback (package:flutter/src/rendering/binding.dart:509)
I/flutter (17972): #15     SchedulerBinding._invokeFrameCallback (package:flutter/src/scheduler/binding.dart:1430)
I/flutter (17972): #16     SchedulerBinding.handleDrawFrame (package:flutter/src/scheduler/binding.dart:1345)
I/flutter (17972): #17     LiveTestWidgetsFlutterBinding.handleDrawFrame (package:flutter_test/src/binding.dart:2811)
I/flutter (17972): #18     SchedulerBinding._handleDrawFrame (package:flutter/src/scheduler/binding.dart:1198)
I/flutter (17972): #22     _invoke (dart:ui/hooks.dart:425)
I/flutter (17972): #23     PlatformDispatcher._drawFrame (dart:ui/platform_dispatcher.dart:447)
I/flutter (17972): #24     _drawFrame (dart:ui/hooks.dart:395)
I/flutter (17972): (elided 3 frames from dart:async)
[spm]: ProfilerData event received.
I/flutter (17972): [SPM:perf] 698a51a  buildSpan: 4004µs
I/flutter (17972): [spm] Performance monitoring completed for 698a51a
I/flutter (17972): type 'RenderSliverToBoxAdapter' is not a subtype of type 'RenderBox' of 'child'
I/flutter (17972): #0      ContainerRenderObjectMixin.insert (package:flutter/src/rendering/object.dart:4495)
I/flutter (17972): #1      MultiChildRenderObjectElement.insertRenderObjectChild (package:flutter/src/widgets/framework.dart:7193)
I/flutter (17972): #2      RenderObjectElement.attachRenderObject (package:flutter/src/widgets/framework.dart:6941)
I/flutter (17972): #3      RenderObjectElement.mount (package:flutter/src/widgets/framework.dart:6801)
I/flutter (17972): #4      SingleChildRenderObjectElement.mount (package:flutter/src/widgets/framework.dart:7114)
I/flutter (17972): #5      Element.inflateWidget (package:flutter/src/widgets/framework.dart:4587)
I/flutter (17972): #6      Element.updateChild (package:flutter/src/widgets/framework.dart:4053)
I/flutter (17972): #7      ComponentElement.performRebuild (package:flutter/src/widgets/framework.dart:5841)
I/flutter (17972): #8      StatefulElement.performRebuild (package:flutter/src/widgets/framework.dart:5982)
I/flutter (17972): #9      Element.rebuild (package:flutter/src/widgets/framework.dart:5529)
I/flutter (17972): #10     BuildScope._tryRebuild (package:flutter/src/widgets/framework.dart:2750)
I/flutter (17972): #11     BuildScope._flushDirtyElements (package:flutter/src/widgets/framework.dart:2807)
I/flutter (17972): #12     BuildOwner.buildScope (package:flutter/src/widgets/framework.dart:3111)
I/flutter (17972): #13     WidgetsBinding.drawFrame (package:flutter/src/widgets/binding.dart:1571)
I/flutter (17972): #14     RendererBinding._handlePersistentFrameCallback (package:flutter/src/rendering/binding.dart:509)
I/flutter (17972): #15     SchedulerBinding._invokeFrameCallback (package:flutter/src/scheduler/binding.dart:1430)
I/flutter (17972): #16     SchedulerBinding.handleDrawFrame (package:flutter/src/scheduler/binding.dart:1345)
I/flutter (17972): #17     LiveTestWidgetsFlutterBinding.handleDrawFrame (package:flutter_test/src/binding.dart:2811)
I/flutter (17972): #18     SchedulerBinding._handleDrawFrame (package:flutter/src/scheduler/binding.dart:1198)
I/flutter (17972): #22     _invoke (dart:ui/hooks.dart:425)
I/flutter (17972): #23     PlatformDispatcher._drawFrame (dart:ui/platform_dispatcher.dart:447)
I/flutter (17972): #24     _drawFrame (dart:ui/hooks.dart:395)
I/flutter (17972): (elided 3 frames from dart:async)
[spm]: ProfilerData event received.
I/flutter (17972): [SPM:perf] 698a51a  buildSpan: 8800µs
I/flutter (17972): [spm] Performance monitoring completed for 698a51a
I/flutter (17972): type 'RenderSliverToBoxAdapter' is not a subtype of type 'RenderBox' of 'child'
I/flutter (17972): #0      ContainerRenderObjectMixin.insert (package:flutter/src/rendering/object.dart:4495)
I/flutter (17972): #1      MultiChildRenderObjectElement.insertRenderObjectChild (package:flutter/src/widgets/framework.dart:7193)
I/flutter (17972): #2      RenderObjectElement.attachRenderObject (package:flutter/src/widgets/framework.dart:6941)
I/flutter (17972): #3      RenderObjectElement.mount (package:flutter/src/widgets/framework.dart:6801)
I/flutter (17972): #4      SingleChildRenderObjectElement.mount (package:flutter/src/widgets/framework.dart:7114)
I/flutter (17972): #5      Element.inflateWidget (package:flutter/src/widgets/framework.dart:4587)
I/flutter (17972): #6      Element.updateChild (package:flutter/src/widgets/framework.dart:4053)
I/flutter (17972): #7      ComponentElement.performRebuild (package:flutter/src/widgets/framework.dart:5841)
I/flutter (17972): #8      StatefulElement.performRebuild (package:flutter/src/widgets/framework.dart:5982)
I/flutter (17972): #9      Element.rebuild (package:flutter/src/widgets/framework.dart:5529)
I/flutter (17972): #10     BuildScope._tryRebuild (package:flutter/src/widgets/framework.dart:2750)
I/flutter (17972): #11     BuildScope._flushDirtyElements (package:flutter/src/widgets/framework.dart:2807)
I/flutter (17972): #12     BuildOwner.buildScope (package:flutter/src/widgets/framework.dart:3111)
I/flutter (17972): #13     WidgetsBinding.drawFrame (package:flutter/src/widgets/binding.dart:1571)
I/flutter (17972): #14     RendererBinding._handlePersistentFrameCallback (package:flutter/src/rendering/binding.dart:509)
I/flutter (17972): #15     SchedulerBinding._invokeFrameCallback (package:flutter/src/scheduler/binding.dart:1430)
I/flutter (17972): #16     SchedulerBinding.handleDrawFrame (package:flutter/src/scheduler/binding.dart:1345)
I/flutter (17972): #17     LiveTestWidgetsFlutterBinding.handleDrawFrame (package:flutter_test/src/binding.dart:2811)
I/flutter (17972): #18     SchedulerBinding._handleDrawFrame (package:flutter/src/scheduler/binding.dart:1198)
I/flutter (17972): #22     _invoke (dart:ui/hooks.dart:425)
I/flutter (17972): #23     PlatformDispatcher._drawFrame (dart:ui/platform_dispatcher.dart:447)
I/flutter (17972): #24     _drawFrame (dart:ui/hooks.dart:395)
I/flutter (17972): (elided 3 frames from dart:async)
[spm]: ProfilerData event received.
I/flutter (17972): [SPM:perf] 698a51a  buildSpan: 3934µs
I/flutter (17972): [spm] Performance monitoring completed for 698a51a
I/flutter (17972): type 'RenderSliverToBoxAdapter' is not a subtype of type 'RenderBox' of 'child'
I/flutter (17972): #0      ContainerRenderObjectMixin.insert (package:flutter/src/rendering/object.dart:4495)
I/flutter (17972): #1      MultiChildRenderObjectElement.insertRenderObjectChild (package:flutter/src/widgets/framework.dart:7193)
I/flutter (17972): #2      RenderObjectElement.attachRenderObject (package:flutter/src/widgets/framework.dart:6941)
I/flutter (17972): #3      RenderObjectElement.mount (package:flutter/src/widgets/framework.dart:6801)
I/flutter (17972): #4      SingleChildRenderObjectElement.mount (package:flutter/src/widgets/framework.dart:7114)
I/flutter (17972): #5      Element.inflateWidget (package:flutter/src/widgets/framework.dart:4587)
I/flutter (17972): #6      Element.updateChild (package:flutter/src/widgets/framework.dart:4053)
I/flutter (17972): #7      ComponentElement.performRebuild (package:flutter/src/widgets/framework.dart:5841)
I/flutter (17972): #8      StatefulElement.performRebuild (package:flutter/src/widgets/framework.dart:5982)
I/flutter (17972): #9      Element.rebuild (package:flutter/src/widgets/framework.dart:5529)
I/flutter (17972): #10     BuildScope._tryRebuild (package:flutter/src/widgets/framework.dart:2750)
I/flutter (17972): #11     BuildScope._flushDirtyElements (package:flutter/src/widgets/framework.dart:2807)
I/flutter (17972): #12     BuildOwner.buildScope (package:flutter/src/widgets/framework.dart:3111)
I/flutter (17972): #13     WidgetsBinding.drawFrame (package:flutter/src/widgets/binding.dart:1571)
I/flutter (17972): #14     RendererBinding._handlePersistentFrameCallback (package:flutter/src/rendering/binding.dart:509)
I/flutter (17972): #15     SchedulerBinding._invokeFrameCallback (package:flutter/src/scheduler/binding.dart:1430)
I/flutter (17972): #16     SchedulerBinding.handleDrawFrame (package:flutter/src/scheduler/binding.dart:1345)
I/flutter (17972): #17     LiveTestWidgetsFlutterBinding.handleDrawFrame (package:flutter_test/src/binding.dart:2811)
I/flutter (17972): #18     SchedulerBinding._handleDrawFrame (package:flutter/src/scheduler/binding.dart:1198)
I/flutter (17972): #22     _invoke (dart:ui/hooks.dart:425)
I/flutter (17972): #23     PlatformDispatcher._drawFrame (dart:ui/platform_dispatcher.dart:447)
I/flutter (17972): #24     _drawFrame (dart:ui/hooks.dart:395)
I/flutter (17972): (elided 3 frames from dart:async)
[spm]: ProfilerData event received.
I/flutter (17972): [SPM:perf] 698a51a  buildSpan: 3461µs
I/flutter (17972): [spm] Performance monitoring completed for 698a51a
I/flutter (17972): type 'RenderSliverToBoxAdapter' is not a subtype of type 'RenderBox' of 'child'
I/flutter (17972): #0      ContainerRenderObjectMixin.insert (package:flutter/src/rendering/object.dart:4495)
I/flutter (17972): #1      MultiChildRenderObjectElement.insertRenderObjectChild (package:flutter/src/widgets/framework.dart:7193)
I/flutter (17972): #2      RenderObjectElement.attachRenderObject (package:flutter/src/widgets/framework.dart:6941)
I/flutter (17972): #3      RenderObjectElement.mount (package:flutter/src/widgets/framework.dart:6801)
I/flutter (17972): #4      SingleChildRenderObjectElement.mount (package:flutter/src/widgets/framework.dart:7114)
I/flutter (17972): #5      Element.inflateWidget (package:flutter/src/widgets/framework.dart:4587)
I/flutter (17972): #6      Element.updateChild (package:flutter/src/widgets/framework.dart:4053)
I/flutter (17972): #7      ComponentElement.performRebuild (package:flutter/src/widgets/framework.dart:5841)
I/flutter (17972): #8      StatefulElement.performRebuild (package:flutter/src/widgets/framework.dart:5982)
I/flutter (17972): #9      Element.rebuild (package:flutter/src/widgets/framework.dart:5529)
I/flutter (17972): #10     BuildScope._tryRebuild (package:flutter/src/widgets/framework.dart:2750)
I/flutter (17972): #11     BuildScope._flushDirtyElements (package:flutter/src/widgets/framework.dart:2807)
I/flutter (17972): #12     BuildOwner.buildScope (package:flutter/src/widgets/framework.dart:3111)
I/flutter (17972): #13     WidgetsBinding.drawFrame (package:flutter/src/widgets/binding.dart:1571)
I/flutter (17972): #14     RendererBinding._handlePersistentFrameCallback (package:flutter/src/rendering/binding.dart:509)
I/flutter (17972): #15     SchedulerBinding._invokeFrameCallback (package:flutter/src/scheduler/binding.dart:1430)
I/flutter (17972): #16     SchedulerBinding.handleDrawFrame (package:flutter/src/scheduler/binding.dart:1345)
I/flutter (17972): #17     LiveTestWidgetsFlutterBinding.handleDrawFrame (package:flutter_test/src/binding.dart:2811)
I/flutter (17972): #18     SchedulerBinding._handleDrawFrame (package:flutter/src/scheduler/binding.dart:1198)
I/flutter (17972): #22     _invoke (dart:ui/hooks.dart:425)
I/flutter (17972): #23     PlatformDispatcher._drawFrame (dart:ui/platform_dispatcher.dart:447)
I/flutter (17972): #24     _drawFrame (dart:ui/hooks.dart:395)
I/flutter (17972): (elided 3 frames from dart:async)
[spm]: ProfilerData event received.
I/flutter (17972): [SPM:perf] 698a51a  buildSpan: 3063µs
I/flutter (17972): [spm] Performance monitoring completed for 698a51a
I/flutter (17972): type 'RenderSliverToBoxAdapter' is not a subtype of type 'RenderBox' of 'child'
I/flutter (17972): #0      ContainerRenderObjectMixin.insert (package:flutter/src/rendering/object.dart:4495)
I/flutter (17972): #1      MultiChildRenderObjectElement.insertRenderObjectChild (package:flutter/src/widgets/framework.dart:7193)
I/flutter (17972): #2      RenderObjectElement.attachRenderObject (package:flutter/src/widgets/framework.dart:6941)
I/flutter (17972): #3      RenderObjectElement.mount (package:flutter/src/widgets/framework.dart:6801)
I/flutter (17972): #4      SingleChildRenderObjectElement.mount (package:flutter/src/widgets/framework.dart:7114)
I/flutter (17972): #5      Element.inflateWidget (package:flutter/src/widgets/framework.dart:4587)
I/flutter (17972): #6      Element.updateChild (package:flutter/src/widgets/framework.dart:4053)
I/flutter (17972): #7      ComponentElement.performRebuild (package:flutter/src/widgets/framework.dart:5841)
I/flutter (17972): #8      StatefulElement.performRebuild (package:flutter/src/widgets/framework.dart:5982)
I/flutter (17972): #9      Element.rebuild (package:flutter/src/widgets/framework.dart:5529)
I/flutter (17972): #10     BuildScope._tryRebuild (package:flutter/src/widgets/framework.dart:2750)
I/flutter (17972): #11     BuildScope._flushDirtyElements (package:flutter/src/widgets/framework.dart:2807)
I/flutter (17972): #12     BuildOwner.buildScope (package:flutter/src/widgets/framework.dart:3111)
I/flutter (17972): #13     WidgetsBinding.drawFrame (package:flutter/src/widgets/binding.dart:1571)
I/flutter (17972): #14     RendererBinding._handlePersistentFrameCallback (package:flutter/src/rendering/binding.dart:509)
I/flutter (17972): #15     SchedulerBinding._invokeFrameCallback (package:flutter/src/scheduler/binding.dart:1430)
I/flutter (17972): #16     SchedulerBinding.handleDrawFrame (package:flutter/src/scheduler/binding.dart:1345)
I/flutter (17972): #17     LiveTestWidgetsFlutterBinding.handleDrawFrame (package:flutter_test/src/binding.dart:2811)
I/flutter (17972): #18     SchedulerBinding._handleDrawFrame (package:flutter/src/scheduler/binding.dart:1198)
I/flutter (17972): #22     _invoke (dart:ui/hooks.dart:425)
I/flutter (17972): #23     PlatformDispatcher._drawFrame (dart:ui/platform_dispatcher.dart:447)
I/flutter (17972): #24     _drawFrame (dart:ui/hooks.dart:395)
I/flutter (17972): (elided 3 frames from dart:async)
[spm]: ProfilerData event received.
I/flutter (17972): [SPM:perf] 698a51a  buildSpan: 3913µs
I/flutter (17972): [spm] Performance monitoring completed for 698a51a
I/flutter (17972): type 'RenderSliverToBoxAdapter' is not a subtype of type 'RenderBox' of 'child'
I/flutter (17972): #0      ContainerRenderObjectMixin.insert (package:flutter/src/rendering/object.dart:4495)
I/flutter (17972): #1      MultiChildRenderObjectElement.insertRenderObjectChild (package:flutter/src/widgets/framework.dart:7193)
I/flutter (17972): #2      RenderObjectElement.attachRenderObject (package:flutter/src/widgets/framework.dart:6941)
I/flutter (17972): #3      RenderObjectElement.mount (package:flutter/src/widgets/framework.dart:6801)
I/flutter (17972): #4      SingleChildRenderObjectElement.mount (package:flutter/src/widgets/framework.dart:7114)
I/flutter (17972): #5      Element.inflateWidget (package:flutter/src/widgets/framework.dart:4587)
I/flutter (17972): #6      Element.updateChild (package:flutter/src/widgets/framework.dart:4053)
I/flutter (17972): #7      ComponentElement.performRebuild (package:flutter/src/widgets/framework.dart:5841)
I/flutter (17972): #8      StatefulElement.performRebuild (package:flutter/src/widgets/framework.dart:5982)
I/flutter (17972): #9      Element.rebuild (package:flutter/src/widgets/framework.dart:5529)
I/flutter (17972): #10     BuildScope._tryRebuild (package:flutter/src/widgets/framework.dart:2750)
I/flutter (17972): #11     BuildScope._flushDirtyElements (package:flutter/src/widgets/framework.dart:2807)
I/flutter (17972): #12     BuildOwner.buildScope (package:flutter/src/widgets/framework.dart:3111)
I/flutter (17972): #13     WidgetsBinding.drawFrame (package:flutter/src/widgets/binding.dart:1571)
I/flutter (17972): #14     RendererBinding._handlePersistentFrameCallback (package:flutter/src/rendering/binding.dart:509)
I/flutter (17972): #15     SchedulerBinding._invokeFrameCallback (package:flutter/src/scheduler/binding.dart:1430)
I/flutter (17972): #16     SchedulerBinding.handleDrawFrame (package:flutter/src/scheduler/binding.dart:1345)
I/flutter (17972): #17     LiveTestWidgetsFlutterBinding.handleDrawFrame (package:flutter_test/src/binding.dart:2811)
I/flutter (17972): #18     SchedulerBinding._handleDrawFrame (package:flutter/src/scheduler/binding.dart:1198)
I/flutter (17972): #22     _invoke (dart:ui/hooks.dart:425)
I/flutter (17972): #23     PlatformDispatcher._drawFrame (dart:ui/platform_dispatcher.dart:447)
I/flutter (17972): #24     _drawFrame (dart:ui/hooks.dart:395)
I/flutter (17972): (elided 3 frames from dart:async)
[spm]: ProfilerData event received.
I/flutter (17972): [SPM:perf] 698a51a  buildSpan: 4278µs
I/flutter (17972): [spm] Performance monitoring completed for 698a51a
I/flutter (17972): type 'RenderSliverToBoxAdapter' is not a subtype of type 'RenderBox' of 'child'
I/flutter (17972): #0      ContainerRenderObjectMixin.insert (package:flutter/src/rendering/object.dart:4495)
I/flutter (17972): #1      MultiChildRenderObjectElement.insertRenderObjectChild (package:flutter/src/widgets/framework.dart:7193)
I/flutter (17972): #2      RenderObjectElement.attachRenderObject (package:flutter/src/widgets/framework.dart:6941)
I/flutter (17972): #3      RenderObjectElement.mount (package:flutter/src/widgets/framework.dart:6801)
I/flutter (17972): #4      SingleChildRenderObjectElement.mount (package:flutter/src/widgets/framework.dart:7114)
I/flutter (17972): #5      Element.inflateWidget (package:flutter/src/widgets/framework.dart:4587)
I/flutter (17972): #6      Element.updateChild (package:flutter/src/widgets/framework.dart:4053)
I/flutter (17972): #7      ComponentElement.performRebuild (package:flutter/src/widgets/framework.dart:5841)
I/flutter (17972): #8      StatefulElement.performRebuild (package:flutter/src/widgets/framework.dart:5982)
I/flutter (17972): #9      Element.rebuild (package:flutter/src/widgets/framework.dart:5529)
I/flutter (17972): #10     BuildScope._tryRebuild (package:flutter/src/widgets/framework.dart:2750)
I/flutter (17972): #11     BuildScope._flushDirtyElements (package:flutter/src/widgets/framework.dart:2807)
I/flutter (17972): #12     BuildOwner.buildScope (package:flutter/src/widgets/framework.dart:3111)
I/flutter (17972): #13     WidgetsBinding.drawFrame (package:flutter/src/widgets/binding.dart:1571)
I/flutter (17972): #14     RendererBinding._handlePersistentFrameCallback (package:flutter/src/rendering/binding.dart:509)
I/flutter (17972): #15     SchedulerBinding._invokeFrameCallback (package:flutter/src/scheduler/binding.dart:1430)
I/flutter (17972): #16     SchedulerBinding.handleDrawFrame (package:flutter/src/scheduler/binding.dart:1345)
I/flutter (17972): #17     LiveTestWidgetsFlutterBinding.handleDrawFrame (package:flutter_test/src/binding.dart:2811)
I/flutter (17972): #18     SchedulerBinding._handleDrawFrame (package:flutter/src/scheduler/binding.dart:1198)
I/flutter (17972): #22     _invoke (dart:ui/hooks.dart:425)
I/flutter (17972): #23     PlatformDispatcher._drawFrame (dart:ui/platform_dispatcher.dart:447)
I/flutter (17972): #24     _drawFrame (dart:ui/hooks.dart:395)
I/flutter (17972): (elided 3 frames from dart:async)
[spm]: ProfilerData event received.
I/flutter (17972): [SPM:perf] 698a51a  buildSpan: 4227µs
I/flutter (17972): [spm] Performance monitoring completed for 698a51a
I/flutter (17972): type 'RenderSliverToBoxAdapter' is not a subtype of type 'RenderBox' of 'child'
I/flutter (17972): #0      ContainerRenderObjectMixin.insert (package:flutter/src/rendering/object.dart:4495)
I/flutter (17972): #1      MultiChildRenderObjectElement.insertRenderObjectChild (package:flutter/src/widgets/framework.dart:7193)
I/flutter (17972): #2      RenderObjectElement.attachRenderObject (package:flutter/src/widgets/framework.dart:6941)
I/flutter (17972): #3      RenderObjectElement.mount (package:flutter/src/widgets/framework.dart:6801)
I/flutter (17972): #4      SingleChildRenderObjectElement.mount (package:flutter/src/widgets/framework.dart:7114)
I/flutter (17972): #5      Element.inflateWidget (package:flutter/src/widgets/framework.dart:4587)
I/flutter (17972): #6      Element.updateChild (package:flutter/src/widgets/framework.dart:4053)
I/flutter (17972): #7      ComponentElement.performRebuild (package:flutter/src/widgets/framework.dart:5841)
I/flutter (17972): #8      StatefulElement.performRebuild (package:flutter/src/widgets/framework.dart:5982)
I/flutter (17972): #9      Element.rebuild (package:flutter/src/widgets/framework.dart:5529)
I/flutter (17972): #10     BuildScope._tryRebuild (package:flutter/src/widgets/framework.dart:2750)
I/flutter (17972): #11     BuildScope._flushDirtyElements (package:flutter/src/widgets/framework.dart:2807)
I/flutter (17972): #12     BuildOwner.buildScope (package:flutter/src/widgets/framework.dart:3111)
I/flutter (17972): #13     WidgetsBinding.drawFrame (package:flutter/src/widgets/binding.dart:1571)
I/flutter (17972): #14     RendererBinding._handlePersistentFrameCallback (package:flutter/src/rendering/binding.dart:509)
I/flutter (17972): #15     SchedulerBinding._invokeFrameCallback (package:flutter/src/scheduler/binding.dart:1430)
I/flutter (17972): #16     SchedulerBinding.handleDrawFrame (package:flutter/src/scheduler/binding.dart:1345)
I/flutter (17972): #17     LiveTestWidgetsFlutterBinding.handleDrawFrame (package:flutter_test/src/binding.dart:2811)
I/flutter (17972): #18     SchedulerBinding._handleDrawFrame (package:flutter/src/scheduler/binding.dart:1198)
I/flutter (17972): #22     _invoke (dart:ui/hooks.dart:425)
I/flutter (17972): #23     PlatformDispatcher._drawFrame (dart:ui/platform_dispatcher.dart:447)
I/flutter (17972): #24     _drawFrame (dart:ui/hooks.dart:395)
I/flutter (17972): (elided 3 frames from dart:async)
I/flutter (17972): [SPM:perf] 698a51a  buildSpan: 3396µs
I/flutter (17972): [spm] Performance monitoring completed for 698a51a
[spm]: ProfilerData event received.
I/flutter (17972): type 'RenderSliverToBoxAdapter' is not a subtype of type 'RenderBox' of 'child'
I/flutter (17972): #0      ContainerRenderObjectMixin.insert (package:flutter/src/rendering/object.dart:4495)
I/flutter (17972): #1      MultiChildRenderObjectElement.insertRenderObjectChild (package:flutter/src/widgets/framework.dart:7193)
I/flutter (17972): #2      RenderObjectElement.attachRenderObject (package:flutter/src/widgets/framework.dart:6941)
I/flutter (17972): #3      RenderObjectElement.mount (package:flutter/src/widgets/framework.dart:6801)
I/flutter (17972): #4      SingleChildRenderObjectElement.mount (package:flutter/src/widgets/framework.dart:7114)
I/flutter (17972): #5      Element.inflateWidget (package:flutter/src/widgets/framework.dart:4587)
I/flutter (17972): #6      Element.updateChild (package:flutter/src/widgets/framework.dart:4053)
I/flutter (17972): #7      ComponentElement.performRebuild (package:flutter/src/widgets/framework.dart:5841)
I/flutter (17972): #8      StatefulElement.performRebuild (package:flutter/src/widgets/framework.dart:5982)
I/flutter (17972): #9      Element.rebuild (package:flutter/src/widgets/framework.dart:5529)
I/flutter (17972): #10     BuildScope._tryRebuild (package:flutter/src/widgets/framework.dart:2750)
I/flutter (17972): #11     BuildScope._flushDirtyElements (package:flutter/src/widgets/framework.dart:2807)
I/flutter (17972): #12     BuildOwner.buildScope (package:flutter/src/widgets/framework.dart:3111)
I/flutter (17972): #13     WidgetsBinding.drawFrame (package:flutter/src/widgets/binding.dart:1571)
I/flutter (17972): #14     RendererBinding._handlePersistentFrameCallback (package:flutter/src/rendering/binding.dart:509)
I/flutter (17972): #15     SchedulerBinding._invokeFrameCallback (package:flutter/src/scheduler/binding.dart:1430)
I/flutter (17972): #16     SchedulerBinding.handleDrawFrame (package:flutter/src/scheduler/binding.dart:1345)
I/flutter (17972): #17     LiveTestWidgetsFlutterBinding.handleDrawFrame (package:flutter_test/src/binding.dart:2811)
I/flutter (17972): #18     SchedulerBinding._handleDrawFrame (package:flutter/src/scheduler/binding.dart:1198)
I/flutter (17972): #22     _invoke (dart:ui/hooks.dart:425)
I/flutter (17972): #23     PlatformDispatcher._drawFrame (dart:ui/platform_dispatcher.dart:447)
I/flutter (17972): #24     _drawFrame (dart:ui/hooks.dart:395)
I/flutter (17972): (elided 3 frames from dart:async)
[spm]: ProfilerData event received.
I/flutter (17972): [SPM:perf] 698a51a  buildSpan: 3858µs
I/flutter (17972): [spm] Performance monitoring completed for 698a51a
I/flutter (17972): type 'RenderSliverToBoxAdapter' is not a subtype of type 'RenderBox' of 'child'
I/flutter (17972): #0      ContainerRenderObjectMixin.insert (package:flutter/src/rendering/object.dart:4495)
I/flutter (17972): #1      MultiChildRenderObjectElement.insertRenderObjectChild (package:flutter/src/widgets/framework.dart:7193)
I/flutter (17972): #2      RenderObjectElement.attachRenderObject (package:flutter/src/widgets/framework.dart:6941)
I/flutter (17972): #3      RenderObjectElement.mount (package:flutter/src/widgets/framework.dart:6801)
I/flutter (17972): #4      SingleChildRenderObjectElement.mount (package:flutter/src/widgets/framework.dart:7114)
I/flutter (17972): #5      Element.inflateWidget (package:flutter/src/widgets/framework.dart:4587)
I/flutter (17972): #6      Element.updateChild (package:flutter/src/widgets/framework.dart:4053)
I/flutter (17972): #7      ComponentElement.performRebuild (package:flutter/src/widgets/framework.dart:5841)
I/flutter (17972): #8      StatefulElement.performRebuild (package:flutter/src/widgets/framework.dart:5982)
I/flutter (17972): #9      Element.rebuild (package:flutter/src/widgets/framework.dart:5529)
I/flutter (17972): #10     BuildScope._tryRebuild (package:flutter/src/widgets/framework.dart:2750)
I/flutter (17972): #11     BuildScope._flushDirtyElements (package:flutter/src/widgets/framework.dart:2807)
I/flutter (17972): #12     BuildOwner.buildScope (package:flutter/src/widgets/framework.dart:3111)
I/flutter (17972): #13     WidgetsBinding.drawFrame (package:flutter/src/widgets/binding.dart:1571)
I/flutter (17972): #14     RendererBinding._handlePersistentFrameCallback (package:flutter/src/rendering/binding.dart:509)
I/flutter (17972): #15     SchedulerBinding._invokeFrameCallback (package:flutter/src/scheduler/binding.dart:1430)
I/flutter (17972): #16     SchedulerBinding.handleDrawFrame (package:flutter/src/scheduler/binding.dart:1345)
I/flutter (17972): #17     LiveTestWidgetsFlutterBinding.handleDrawFrame (package:flutter_test/src/binding.dart:2811)
I/flutter (17972): #18     SchedulerBinding._handleDrawFrame (package:flutter/src/scheduler/binding.dart:1198)
I/flutter (17972): #22     _invoke (dart:ui/hooks.dart:425)
I/flutter (17972): #23     PlatformDispatcher._drawFrame (dart:ui/platform_dispatcher.dart:447)
I/flutter (17972): #24     _drawFrame (dart:ui/hooks.dart:395)
I/flutter (17972): (elided 3 frames from dart:async)
I/flutter (17972): [SPM:perf] 698a51a  buildSpan: 3980µs
I/flutter (17972): [spm] Performance monitoring completed for 698a51a
[spm]: ProfilerData event received.
I/flutter (17972): type 'RenderSliverToBoxAdapter' is not a subtype of type 'RenderBox' of 'child'
I/flutter (17972): #0      ContainerRenderObjectMixin.insert (package:flutter/src/rendering/object.dart:4495)
I/flutter (17972): #1      MultiChildRenderObjectElement.insertRenderObjectChild (package:flutter/src/widgets/framework.dart:7193)
I/flutter (17972): #2      RenderObjectElement.attachRenderObject (package:flutter/src/widgets/framework.dart:6941)
I/flutter (17972): #3      RenderObjectElement.mount (package:flutter/src/widgets/framework.dart:6801)
I/flutter (17972): #4      SingleChildRenderObjectElement.mount (package:flutter/src/widgets/framework.dart:7114)
I/flutter (17972): #5      Element.inflateWidget (package:flutter/src/widgets/framework.dart:4587)
I/flutter (17972): #6      Element.updateChild (package:flutter/src/widgets/framework.dart:4053)
I/flutter (17972): #7      ComponentElement.performRebuild (package:flutter/src/widgets/framework.dart:5841)
I/flutter (17972): #8      StatefulElement.performRebuild (package:flutter/src/widgets/framework.dart:5982)
I/flutter (17972): #9      Element.rebuild (package:flutter/src/widgets/framework.dart:5529)
I/flutter (17972): #10     BuildScope._tryRebuild (package:flutter/src/widgets/framework.dart:2750)
I/flutter (17972): #11     BuildScope._flushDirtyElements (package:flutter/src/widgets/framework.dart:2807)
I/flutter (17972): #12     BuildOwner.buildScope (package:flutter/src/widgets/framework.dart:3111)
I/flutter (17972): #13     WidgetsBinding.drawFrame (package:flutter/src/widgets/binding.dart:1571)
I/flutter (17972): #14     RendererBinding._handlePersistentFrameCallback (package:flutter/src/rendering/binding.dart:509)
I/flutter (17972): #15     SchedulerBinding._invokeFrameCallback (package:flutter/src/scheduler/binding.dart:1430)
I/flutter (17972): #16     SchedulerBinding.handleDrawFrame (package:flutter/src/scheduler/binding.dart:1345)
I/flutter (17972): #17     LiveTestWidgetsFlutterBinding.handleDrawFrame (package:flutter_test/src/binding.dart:2811)
I/flutter (17972): #18     SchedulerBinding._handleDrawFrame (package:flutter/src/scheduler/binding.dart:1198)
I/flutter (17972): #22     _invoke (dart:ui/hooks.dart:425)
I/flutter (17972): #23     PlatformDispatcher._drawFrame (dart:ui/platform_dispatcher.dart:447)
I/flutter (17972): #24     _drawFrame (dart:ui/hooks.dart:395)
I/flutter (17972): (elided 3 frames from dart:async)
[spm]: ProfilerData event received.
I/flutter (17972): [SPM:perf] 698a51a  buildSpan: 4264µs
I/flutter (17972): [spm] Performance monitoring completed for 698a51a
I/flutter (17972): type 'RenderSliverToBoxAdapter' is not a subtype of type 'RenderBox' of 'child'
I/flutter (17972): #0      ContainerRenderObjectMixin.insert (package:flutter/src/rendering/object.dart:4495)
I/flutter (17972): #1      MultiChildRenderObjectElement.insertRenderObjectChild (package:flutter/src/widgets/framework.dart:7193)
I/flutter (17972): #2      RenderObjectElement.attachRenderObject (package:flutter/src/widgets/framework.dart:6941)
I/flutter (17972): #3      RenderObjectElement.mount (package:flutter/src/widgets/framework.dart:6801)
I/flutter (17972): #4      SingleChildRenderObjectElement.mount (package:flutter/src/widgets/framework.dart:7114)
I/flutter (17972): #5      Element.inflateWidget (package:flutter/src/widgets/framework.dart:4587)
I/flutter (17972): #6      Element.updateChild (package:flutter/src/widgets/framework.dart:4053)
I/flutter (17972): #7      ComponentElement.performRebuild (package:flutter/src/widgets/framework.dart:5841)
I/flutter (17972): #8      StatefulElement.performRebuild (package:flutter/src/widgets/framework.dart:5982)
I/flutter (17972): #9      Element.rebuild (package:flutter/src/widgets/framework.dart:5529)
I/flutter (17972): #10     BuildScope._tryRebuild (package:flutter/src/widgets/framework.dart:2750)
I/flutter (17972): #11     BuildScope._flushDirtyElements (package:flutter/src/widgets/framework.dart:2807)
I/flutter (17972): #12     BuildOwner.buildScope (package:flutter/src/widgets/framework.dart:3111)
I/flutter (17972): #13     WidgetsBinding.drawFrame (package:flutter/src/widgets/binding.dart:1571)
I/flutter (17972): #14     RendererBinding._handlePersistentFrameCallback (package:flutter/src/rendering/binding.dart:509)
I/flutter (17972): #15     SchedulerBinding._invokeFrameCallback (package:flutter/src/scheduler/binding.dart:1430)
I/flutter (17972): #16     SchedulerBinding.handleDrawFrame (package:flutter/src/scheduler/binding.dart:1345)
I/flutter (17972): #17     LiveTestWidgetsFlutterBinding.handleDrawFrame (package:flutter_test/src/binding.dart:2811)
I/flutter (17972): #18     SchedulerBinding._handleDrawFrame (package:flutter/src/scheduler/binding.dart:1198)
I/flutter (17972): #22     _invoke (dart:ui/hooks.dart:425)
I/flutter (17972): #23     PlatformDispatcher._drawFrame (dart:ui/platform_dispatcher.dart:447)
I/flutter (17972): #24     _drawFrame (dart:ui/hooks.dart:395)
I/flutter (17972): (elided 3 frames from dart:async)
I/flutter (17972): [SPM:perf] 698a51a  buildSpan: 3940µs
I/flutter (17972): [spm] Performance monitoring completed for 698a51a
[spm]: ProfilerData event received.
I/flutter (17972): type 'RenderSliverToBoxAdapter' is not a subtype of type 'RenderBox' of 'child'
I/flutter (17972): #0      ContainerRenderObjectMixin.insert (package:flutter/src/rendering/object.dart:4495)
I/flutter (17972): #1      MultiChildRenderObjectElement.insertRenderObjectChild (package:flutter/src/widgets/framework.dart:7193)
I/flutter (17972): #2      RenderObjectElement.attachRenderObject (package:flutter/src/widgets/framework.dart:6941)
I/flutter (17972): #3      RenderObjectElement.mount (package:flutter/src/widgets/framework.dart:6801)
I/flutter (17972): #4      SingleChildRenderObjectElement.mount (package:flutter/src/widgets/framework.dart:7114)
I/flutter (17972): #5      Element.inflateWidget (package:flutter/src/widgets/framework.dart:4587)
I/flutter (17972): #6      Element.updateChild (package:flutter/src/widgets/framework.dart:4053)
I/flutter (17972): #7      ComponentElement.performRebuild (package:flutter/src/widgets/framework.dart:5841)
I/flutter (17972): #8      StatefulElement.performRebuild (package:flutter/src/widgets/framework.dart:5982)
I/flutter (17972): #9      Element.rebuild (package:flutter/src/widgets/framework.dart:5529)
I/flutter (17972): #10     BuildScope._tryRebuild (package:flutter/src/widgets/framework.dart:2750)
I/flutter (17972): #11     BuildScope._flushDirtyElements (package:flutter/src/widgets/framework.dart:2807)
I/flutter (17972): #12     BuildOwner.buildScope (package:flutter/src/widgets/framework.dart:3111)
I/flutter (17972): #13     WidgetsBinding.drawFrame (package:flutter/src/widgets/binding.dart:1571)
I/flutter (17972): #14     RendererBinding._handlePersistentFrameCallback (package:flutter/src/rendering/binding.dart:509)
I/flutter (17972): #15     SchedulerBinding._invokeFrameCallback (package:flutter/src/scheduler/binding.dart:1430)
I/flutter (17972): #16     SchedulerBinding.handleDrawFrame (package:flutter/src/scheduler/binding.dart:1345)
I/flutter (17972): #17     LiveTestWidgetsFlutterBinding.handleDrawFrame (package:flutter_test/src/binding.dart:2811)
I/flutter (17972): #18     SchedulerBinding._handleDrawFrame (package:flutter/src/scheduler/binding.dart:1198)
I/flutter (17972): #22     _invoke (dart:ui/hooks.dart:425)
I/flutter (17972): #23     PlatformDispatcher._drawFrame (dart:ui/platform_dispatcher.dart:447)
I/flutter (17972): #24     _drawFrame (dart:ui/hooks.dart:395)
I/flutter (17972): (elided 3 frames from dart:async)
[spm]: ProfilerData event received.
I/flutter (17972): [SPM:perf] 698a51a  buildSpan: 4005µs
I/flutter (17972): [spm] Performance monitoring completed for 698a51a
I/flutter (17972): type 'RenderSliverToBoxAdapter' is not a subtype of type 'RenderBox' of 'child'
I/flutter (17972): #0      ContainerRenderObjectMixin.insert (package:flutter/src/rendering/object.dart:4495)
I/flutter (17972): #1      MultiChildRenderObjectElement.insertRenderObjectChild (package:flutter/src/widgets/framework.dart:7193)
I/flutter (17972): #2      RenderObjectElement.attachRenderObject (package:flutter/src/widgets/framework.dart:6941)
I/flutter (17972): #3      RenderObjectElement.mount (package:flutter/src/widgets/framework.dart:6801)
I/flutter (17972): #4      SingleChildRenderObjectElement.mount (package:flutter/src/widgets/framework.dart:7114)
I/flutter (17972): #5      Element.inflateWidget (package:flutter/src/widgets/framework.dart:4587)
I/flutter (17972): #6      Element.updateChild (package:flutter/src/widgets/framework.dart:4053)
I/flutter (17972): #7      ComponentElement.performRebuild (package:flutter/src/widgets/framework.dart:5841)
I/flutter (17972): #8      StatefulElement.performRebuild (package:flutter/src/widgets/framework.dart:5982)
I/flutter (17972): #9      Element.rebuild (package:flutter/src/widgets/framework.dart:5529)
I/flutter (17972): #10     BuildScope._tryRebuild (package:flutter/src/widgets/framework.dart:2750)
I/flutter (17972): #11     BuildScope._flushDirtyElements (package:flutter/src/widgets/framework.dart:2807)
I/flutter (17972): #12     BuildOwner.buildScope (package:flutter/src/widgets/framework.dart:3111)
I/flutter (17972): #13     WidgetsBinding.drawFrame (package:flutter/src/widgets/binding.dart:1571)
I/flutter (17972): #14     RendererBinding._handlePersistentFrameCallback (package:flutter/src/rendering/binding.dart:509)
I/flutter (17972): #15     SchedulerBinding._invokeFrameCallback (package:flutter/src/scheduler/binding.dart:1430)
I/flutter (17972): #16     SchedulerBinding.handleDrawFrame (package:flutter/src/scheduler/binding.dart:1345)
I/flutter (17972): #17     LiveTestWidgetsFlutterBinding.handleDrawFrame (package:flutter_test/src/binding.dart:2811)
I/flutter (17972): #18     SchedulerBinding._handleDrawFrame (package:flutter/src/scheduler/binding.dart:1198)
I/flutter (17972): #22     _invoke (dart:ui/hooks.dart:425)
I/flutter (17972): #23     PlatformDispatcher._drawFrame (dart:ui/platform_dispatcher.dart:447)
I/flutter (17972): #24     _drawFrame (dart:ui/hooks.dart:395)
I/flutter (17972): (elided 3 frames from dart:async)
[spm]: ProfilerData event received.
I/flutter (17972): [SPM:perf] 698a51a  buildSpan: 3440µs
I/flutter (17972): [spm] Performance monitoring completed for 698a51a
I/flutter (17972): type 'RenderSliverToBoxAdapter' is not a subtype of type 'RenderBox' of 'child'
I/flutter (17972): #0      ContainerRenderObjectMixin.insert (package:flutter/src/rendering/object.dart:4495)
I/flutter (17972): #1      MultiChildRenderObjectElement.insertRenderObjectChild (package:flutter/src/widgets/framework.dart:7193)
I/flutter (17972): #2      RenderObjectElement.attachRenderObject (package:flutter/src/widgets/framework.dart:6941)
I/flutter (17972): #3      RenderObjectElement.mount (package:flutter/src/widgets/framework.dart:6801)
I/flutter (17972): #4      SingleChildRenderObjectElement.mount (package:flutter/src/widgets/framework.dart:7114)
I/flutter (17972): #5      Element.inflateWidget (package:flutter/src/widgets/framework.dart:4587)
I/flutter (17972): #6      Element.updateChild (package:flutter/src/widgets/framework.dart:4053)
I/flutter (17972): #7      ComponentElement.performRebuild (package:flutter/src/widgets/framework.dart:5841)
I/flutter (17972): #8      StatefulElement.performRebuild (package:flutter/src/widgets/framework.dart:5982)
I/flutter (17972): #9      Element.rebuild (package:flutter/src/widgets/framework.dart:5529)
I/flutter (17972): #10     BuildScope._tryRebuild (package:flutter/src/widgets/framework.dart:2750)
I/flutter (17972): #11     BuildScope._flushDirtyElements (package:flutter/src/widgets/framework.dart:2807)
I/flutter (17972): #12     BuildOwner.buildScope (package:flutter/src/widgets/framework.dart:3111)
I/flutter (17972): #13     WidgetsBinding.drawFrame (package:flutter/src/widgets/binding.dart:1571)
I/flutter (17972): #14     RendererBinding._handlePersistentFrameCallback (package:flutter/src/rendering/binding.dart:509)
I/flutter (17972): #15     SchedulerBinding._invokeFrameCallback (package:flutter/src/scheduler/binding.dart:1430)
I/flutter (17972): #16     SchedulerBinding.handleDrawFrame (package:flutter/src/scheduler/binding.dart:1345)
I/flutter (17972): #17     LiveTestWidgetsFlutterBinding.handleDrawFrame (package:flutter_test/src/binding.dart:2811)
I/flutter (17972): #18     SchedulerBinding._handleDrawFrame (package:flutter/src/scheduler/binding.dart:1198)
I/flutter (17972): #22     _invoke (dart:ui/hooks.dart:425)
I/flutter (17972): #23     PlatformDispatcher._drawFrame (dart:ui/platform_dispatcher.dart:447)
I/flutter (17972): #24     _drawFrame (dart:ui/hooks.dart:395)
I/flutter (17972): (elided 3 frames from dart:async)
[spm]: ProfilerData event received.
I/flutter (17972): [SPM:perf] 698a51a  buildSpan: 3706µs
I/flutter (17972): [spm] Performance monitoring completed for 698a51a
I/flutter (17972): type 'RenderSliverToBoxAdapter' is not a subtype of type 'RenderBox' of 'child'
I/flutter (17972): #0      ContainerRenderObjectMixin.insert (package:flutter/src/rendering/object.dart:4495)
I/flutter (17972): #1      MultiChildRenderObjectElement.insertRenderObjectChild (package:flutter/src/widgets/framework.dart:7193)
I/flutter (17972): #2      RenderObjectElement.attachRenderObject (package:flutter/src/widgets/framework.dart:6941)
I/flutter (17972): #3      RenderObjectElement.mount (package:flutter/src/widgets/framework.dart:6801)
I/flutter (17972): #4      SingleChildRenderObjectElement.mount (package:flutter/src/widgets/framework.dart:7114)
I/flutter (17972): #5      Element.inflateWidget (package:flutter/src/widgets/framework.dart:4587)
I/flutter (17972): #6      Element.updateChild (package:flutter/src/widgets/framework.dart:4053)
I/flutter (17972): #7      ComponentElement.performRebuild (package:flutter/src/widgets/framework.dart:5841)
I/flutter (17972): #8      StatefulElement.performRebuild (package:flutter/src/widgets/framework.dart:5982)
I/flutter (17972): #9      Element.rebuild (package:flutter/src/widgets/framework.dart:5529)
I/flutter (17972): #10     BuildScope._tryRebuild (package:flutter/src/widgets/framework.dart:2750)
I/flutter (17972): #11     BuildScope._flushDirtyElements (package:flutter/src/widgets/framework.dart:2807)
I/flutter (17972): #12     BuildOwner.buildScope (package:flutter/src/widgets/framework.dart:3111)
I/flutter (17972): #13     WidgetsBinding.drawFrame (package:flutter/src/widgets/binding.dart:1571)
I/flutter (17972): #14     RendererBinding._handlePersistentFrameCallback (package:flutter/src/rendering/binding.dart:509)
I/flutter (17972): #15     SchedulerBinding._invokeFrameCallback (package:flutter/src/scheduler/binding.dart:1430)
I/flutter (17972): #16     SchedulerBinding.handleDrawFrame (package:flutter/src/scheduler/binding.dart:1345)
I/flutter (17972): #17     LiveTestWidgetsFlutterBinding.handleDrawFrame (package:flutter_test/src/binding.dart:2811)
I/flutter (17972): #18     SchedulerBinding._handleDrawFrame (package:flutter/src/scheduler/binding.dart:1198)
I/flutter (17972): #22     _invoke (dart:ui/hooks.dart:425)
I/flutter (17972): #23     PlatformDispatcher._drawFrame (dart:ui/platform_dispatcher.dart:447)
I/flutter (17972): #24     _drawFrame (dart:ui/hooks.dart:395)
I/flutter (17972): (elided 3 frames from dart:async)
I/flutter (17972): [SPM:perf] 698a51a  buildSpan: 3955µs
I/flutter (17972): [spm] Performance monitoring completed for 698a51a
[spm]: ProfilerData event received.
I/flutter (17972): type 'RenderSliverToBoxAdapter' is not a subtype of type 'RenderBox' of 'child'
I/flutter (17972): #0      ContainerRenderObjectMixin.insert (package:flutter/src/rendering/object.dart:4495)
I/flutter (17972): #1      MultiChildRenderObjectElement.insertRenderObjectChild (package:flutter/src/widgets/framework.dart:7193)
I/flutter (17972): #2      RenderObjectElement.attachRenderObject (package:flutter/src/widgets/framework.dart:6941)
I/flutter (17972): #3      RenderObjectElement.mount (package:flutter/src/widgets/framework.dart:6801)
I/flutter (17972): #4      SingleChildRenderObjectElement.mount (package:flutter/src/widgets/framework.dart:7114)
I/flutter (17972): #5      Element.inflateWidget (package:flutter/src/widgets/framework.dart:4587)
I/flutter (17972): #6      Element.updateChild (package:flutter/src/widgets/framework.dart:4053)
I/flutter (17972): #7      ComponentElement.performRebuild (package:flutter/src/widgets/framework.dart:5841)
I/flutter (17972): #8      StatefulElement.performRebuild (package:flutter/src/widgets/framework.dart:5982)
I/flutter (17972): #9      Element.rebuild (package:flutter/src/widgets/framework.dart:5529)
I/flutter (17972): #10     BuildScope._tryRebuild (package:flutter/src/widgets/framework.dart:2750)
I/flutter (17972): #11     BuildScope._flushDirtyElements (package:flutter/src/widgets/framework.dart:2807)
I/flutter (17972): #12     BuildOwner.buildScope (package:flutter/src/widgets/framework.dart:3111)
I/flutter (17972): #13     WidgetsBinding.drawFrame (package:flutter/src/widgets/binding.dart:1571)
I/flutter (17972): #14     RendererBinding._handlePersistentFrameCallback (package:flutter/src/rendering/binding.dart:509)
I/flutter (17972): #15     SchedulerBinding._invokeFrameCallback (package:flutter/src/scheduler/binding.dart:1430)
I/flutter (17972): #16     SchedulerBinding.handleDrawFrame (package:flutter/src/scheduler/binding.dart:1345)
I/flutter (17972): #17     LiveTestWidgetsFlutterBinding.handleDrawFrame (package:flutter_test/src/binding.dart:2811)
I/flutter (17972): #18     SchedulerBinding._handleDrawFrame (package:flutter/src/scheduler/binding.dart:1198)
I/flutter (17972): #22     _invoke (dart:ui/hooks.dart:425)
I/flutter (17972): #23     PlatformDispatcher._drawFrame (dart:ui/platform_dispatcher.dart:447)
I/flutter (17972): #24     _drawFrame (dart:ui/hooks.dart:395)
I/flutter (17972): (elided 3 frames from dart:async)
[spm]: ProfilerData event received.
I/flutter (17972): [SPM:perf] 698a51a  buildSpan: 3936µs
I/flutter (17972): [spm] Performance monitoring completed for 698a51a
I/flutter (17972): type 'RenderSliverToBoxAdapter' is not a subtype of type 'RenderBox' of 'child'
I/flutter (17972): #0      ContainerRenderObjectMixin.insert (package:flutter/src/rendering/object.dart:4495)
I/flutter (17972): #1      MultiChildRenderObjectElement.insertRenderObjectChild (package:flutter/src/widgets/framework.dart:7193)
I/flutter (17972): #2      RenderObjectElement.attachRenderObject (package:flutter/src/widgets/framework.dart:6941)
I/flutter (17972): #3      RenderObjectElement.mount (package:flutter/src/widgets/framework.dart:6801)
I/flutter (17972): #4      SingleChildRenderObjectElement.mount (package:flutter/src/widgets/framework.dart:7114)
I/flutter (17972): #5      Element.inflateWidget (package:flutter/src/widgets/framework.dart:4587)
I/flutter (17972): #6      Element.updateChild (package:flutter/src/widgets/framework.dart:4053)
I/flutter (17972): #7      ComponentElement.performRebuild (package:flutter/src/widgets/framework.dart:5841)
I/flutter (17972): #8      StatefulElement.performRebuild (package:flutter/src/widgets/framework.dart:5982)
I/flutter (17972): #9      Element.rebuild (package:flutter/src/widgets/framework.dart:5529)
I/flutter (17972): #10     BuildScope._tryRebuild (package:flutter/src/widgets/framework.dart:2750)
I/flutter (17972): #11     BuildScope._flushDirtyElements (package:flutter/src/widgets/framework.dart:2807)
I/flutter (17972): #12     BuildOwner.buildScope (package:flutter/src/widgets/framework.dart:3111)
I/flutter (17972): #13     WidgetsBinding.drawFrame (package:flutter/src/widgets/binding.dart:1571)
I/flutter (17972): #14     RendererBinding._handlePersistentFrameCallback (package:flutter/src/rendering/binding.dart:509)
I/flutter (17972): #15     SchedulerBinding._invokeFrameCallback (package:flutter/src/scheduler/binding.dart:1430)
I/flutter (17972): #16     SchedulerBinding.handleDrawFrame (package:flutter/src/scheduler/binding.dart:1345)
I/flutter (17972): #17     LiveTestWidgetsFlutterBinding.handleDrawFrame (package:flutter_test/src/binding.dart:2811)
I/flutter (17972): #18     SchedulerBinding._handleDrawFrame (package:flutter/src/scheduler/binding.dart:1198)
I/flutter (17972): #22     _invoke (dart:ui/hooks.dart:425)
I/flutter (17972): #23     PlatformDispatcher._drawFrame (dart:ui/platform_dispatcher.dart:447)
I/flutter (17972): #24     _drawFrame (dart:ui/hooks.dart:395)
I/flutter (17972): (elided 3 frames from dart:async)
[spm]: ProfilerData event received.
I/flutter (17972): [SPM:perf] 698a51a  buildSpan: 3884µs
I/flutter (17972): [spm] Performance monitoring completed for 698a51a
I/flutter (17972): type 'RenderSliverToBoxAdapter' is not a subtype of type 'RenderBox' of 'child'
I/flutter (17972): #0      ContainerRenderObjectMixin.insert (package:flutter/src/rendering/object.dart:4495)
I/flutter (17972): #1      MultiChildRenderObjectElement.insertRenderObjectChild (package:flutter/src/widgets/framework.dart:7193)
I/flutter (17972): #2      RenderObjectElement.attachRenderObject (package:flutter/src/widgets/framework.dart:6941)
I/flutter (17972): #3      RenderObjectElement.mount (package:flutter/src/widgets/framework.dart:6801)
I/flutter (17972): #4      SingleChildRenderObjectElement.mount (package:flutter/src/widgets/framework.dart:7114)
I/flutter (17972): #5      Element.inflateWidget (package:flutter/src/widgets/framework.dart:4587)
I/flutter (17972): #6      Element.updateChild (package:flutter/src/widgets/framework.dart:4053)
I/flutter (17972): #7      ComponentElement.performRebuild (package:flutter/src/widgets/framework.dart:5841)
I/flutter (17972): #8      StatefulElement.performRebuild (package:flutter/src/widgets/framework.dart:5982)
I/flutter (17972): #9      Element.rebuild (package:flutter/src/widgets/framework.dart:5529)
I/flutter (17972): #10     BuildScope._tryRebuild (package:flutter/src/widgets/framework.dart:2750)
I/flutter (17972): #11     BuildScope._flushDirtyElements (package:flutter/src/widgets/framework.dart:2807)
I/flutter (17972): #12     BuildOwner.buildScope (package:flutter/src/widgets/framework.dart:3111)
I/flutter (17972): #13     WidgetsBinding.drawFrame (package:flutter/src/widgets/binding.dart:1571)
I/flutter (17972): #14     RendererBinding._handlePersistentFrameCallback (package:flutter/src/rendering/binding.dart:509)
I/flutter (17972): #15     SchedulerBinding._invokeFrameCallback (package:flutter/src/scheduler/binding.dart:1430)
I/flutter (17972): #16     SchedulerBinding.handleDrawFrame (package:flutter/src/scheduler/binding.dart:1345)
I/flutter (17972): #17     LiveTestWidgetsFlutterBinding.handleDrawFrame (package:flutter_test/src/binding.dart:2811)
I/flutter (17972): #18     SchedulerBinding._handleDrawFrame (package:flutter/src/scheduler/binding.dart:1198)
I/flutter (17972): #22     _invoke (dart:ui/hooks.dart:425)
I/flutter (17972): #23     PlatformDispatcher._drawFrame (dart:ui/platform_dispatcher.dart:447)
I/flutter (17972): #24     _drawFrame (dart:ui/hooks.dart:395)
I/flutter (17972): (elided 3 frames from dart:async)
[spm]: ProfilerData event received.
I/flutter (17972): [SPM:perf] 698a51a  buildSpan: 3279µs
I/flutter (17972): [spm] Performance monitoring completed for 698a51a
I/flutter (17972): type 'RenderSliverToBoxAdapter' is not a subtype of type 'RenderBox' of 'child'
I/flutter (17972): #0      ContainerRenderObjectMixin.insert (package:flutter/src/rendering/object.dart:4495)
I/flutter (17972): #1      MultiChildRenderObjectElement.insertRenderObjectChild (package:flutter/src/widgets/framework.dart:7193)
I/flutter (17972): #2      RenderObjectElement.attachRenderObject (package:flutter/src/widgets/framework.dart:6941)
I/flutter (17972): #3      RenderObjectElement.mount (package:flutter/src/widgets/framework.dart:6801)
I/flutter (17972): #4      SingleChildRenderObjectElement.mount (package:flutter/src/widgets/framework.dart:7114)
I/flutter (17972): #5      Element.inflateWidget (package:flutter/src/widgets/framework.dart:4587)
I/flutter (17972): #6      Element.updateChild (package:flutter/src/widgets/framework.dart:4053)
I/flutter (17972): #7      ComponentElement.performRebuild (package:flutter/src/widgets/framework.dart:5841)
I/flutter (17972): #8      StatefulElement.performRebuild (package:flutter/src/widgets/framework.dart:5982)
I/flutter (17972): #9      Element.rebuild (package:flutter/src/widgets/framework.dart:5529)
I/flutter (17972): #10     BuildScope._tryRebuild (package:flutter/src/widgets/framework.dart:2750)
I/flutter (17972): #11     BuildScope._flushDirtyElements (package:flutter/src/widgets/framework.dart:2807)
I/flutter (17972): #12     BuildOwner.buildScope (package:flutter/src/widgets/framework.dart:3111)
I/flutter (17972): #13     WidgetsBinding.drawFrame (package:flutter/src/widgets/binding.dart:1571)
I/flutter (17972): #14     RendererBinding._handlePersistentFrameCallback (package:flutter/src/rendering/binding.dart:509)
I/flutter (17972): #15     SchedulerBinding._invokeFrameCallback (package:flutter/src/scheduler/binding.dart:1430)
I/flutter (17972): #16     SchedulerBinding.handleDrawFrame (package:flutter/src/scheduler/binding.dart:1345)
I/flutter (17972): #17     LiveTestWidgetsFlutterBinding.handleDrawFrame (package:flutter_test/src/binding.dart:2811)
I/flutter (17972): #18     SchedulerBinding._handleDrawFrame (package:flutter/src/scheduler/binding.dart:1198)
I/flutter (17972): #22     _invoke (dart:ui/hooks.dart:425)
I/flutter (17972): #23     PlatformDispatcher._drawFrame (dart:ui/platform_dispatcher.dart:447)
I/flutter (17972): #24     _drawFrame (dart:ui/hooks.dart:395)
I/flutter (17972): (elided 3 frames from dart:async)
I/flutter (17972): [SPM:perf] 698a51a  buildSpan: 3963µs
[spm]: ProfilerData event received.
I/flutter (17972): [spm] Performance monitoring completed for 698a51a
I/flutter (17972): type 'RenderSliverToBoxAdapter' is not a subtype of type 'RenderBox' of 'child'
I/flutter (17972): #0      ContainerRenderObjectMixin.insert (package:flutter/src/rendering/object.dart:4495)
I/flutter (17972): #1      MultiChildRenderObjectElement.insertRenderObjectChild (package:flutter/src/widgets/framework.dart:7193)
I/flutter (17972): #2      RenderObjectElement.attachRenderObject (package:flutter/src/widgets/framework.dart:6941)
I/flutter (17972): #3      RenderObjectElement.mount (package:flutter/src/widgets/framework.dart:6801)
I/flutter (17972): #4      SingleChildRenderObjectElement.mount (package:flutter/src/widgets/framework.dart:7114)
I/flutter (17972): #5      Element.inflateWidget (package:flutter/src/widgets/framework.dart:4587)
I/flutter (17972): #6      Element.updateChild (package:flutter/src/widgets/framework.dart:4053)
I/flutter (17972): #7      ComponentElement.performRebuild (package:flutter/src/widgets/framework.dart:5841)
I/flutter (17972): #8      StatefulElement.performRebuild (package:flutter/src/widgets/framework.dart:5982)
I/flutter (17972): #9      Element.rebuild (package:flutter/src/widgets/framework.dart:5529)
I/flutter (17972): #10     BuildScope._tryRebuild (package:flutter/src/widgets/framework.dart:2750)
I/flutter (17972): #11     BuildScope._flushDirtyElements (package:flutter/src/widgets/framework.dart:2807)
I/flutter (17972): #12     BuildOwner.buildScope (package:flutter/src/widgets/framework.dart:3111)
I/flutter (17972): #13     WidgetsBinding.drawFrame (package:flutter/src/widgets/binding.dart:1571)
I/flutter (17972): #14     RendererBinding._handlePersistentFrameCallback (package:flutter/src/rendering/binding.dart:509)
I/flutter (17972): #15     SchedulerBinding._invokeFrameCallback (package:flutter/src/scheduler/binding.dart:1430)
I/flutter (17972): #16     SchedulerBinding.handleDrawFrame (package:flutter/src/scheduler/binding.dart:1345)
I/flutter (17972): #17     LiveTestWidgetsFlutterBinding.handleDrawFrame (package:flutter_test/src/binding.dart:2811)
I/flutter (17972): #18     SchedulerBinding._handleDrawFrame (package:flutter/src/scheduler/binding.dart:1198)
I/flutter (17972): #22     _invoke (dart:ui/hooks.dart:425)
I/flutter (17972): #23     PlatformDispatcher._drawFrame (dart:ui/platform_dispatcher.dart:447)
I/flutter (17972): #24     _drawFrame (dart:ui/hooks.dart:395)
I/flutter (17972): (elided 3 frames from dart:async)
[spm]: ProfilerData event received.
I/flutter (17972): [SPM:perf] 698a51a  buildSpan: 3655µs
I/flutter (17972): [spm] Performance monitoring completed for 698a51a
I/flutter (17972): type 'RenderSliverToBoxAdapter' is not a subtype of type 'RenderBox' of 'child'
I/flutter (17972): #0      ContainerRenderObjectMixin.insert (package:flutter/src/rendering/object.dart:4495)
I/flutter (17972): #1      MultiChildRenderObjectElement.insertRenderObjectChild (package:flutter/src/widgets/framework.dart:7193)
I/flutter (17972): #2      RenderObjectElement.attachRenderObject (package:flutter/src/widgets/framework.dart:6941)
I/flutter (17972): #3      RenderObjectElement.mount (package:flutter/src/widgets/framework.dart:6801)
I/flutter (17972): #4      SingleChildRenderObjectElement.mount (package:flutter/src/widgets/framework.dart:7114)
I/flutter (17972): #5      Element.inflateWidget (package:flutter/src/widgets/framework.dart:4587)
I/flutter (17972): #6      Element.updateChild (package:flutter/src/widgets/framework.dart:4053)
I/flutter (17972): #7      ComponentElement.performRebuild (package:flutter/src/widgets/framework.dart:5841)
I/flutter (17972): #8      StatefulElement.performRebuild (package:flutter/src/widgets/framework.dart:5982)
I/flutter (17972): #9      Element.rebuild (package:flutter/src/widgets/framework.dart:5529)
I/flutter (17972): #10     BuildScope._tryRebuild (package:flutter/src/widgets/framework.dart:2750)
I/flutter (17972): #11     BuildScope._flushDirtyElements (package:flutter/src/widgets/framework.dart:2807)
I/flutter (17972): #12     BuildOwner.buildScope (package:flutter/src/widgets/framework.dart:3111)
I/flutter (17972): #13     WidgetsBinding.drawFrame (package:flutter/src/widgets/binding.dart:1571)
I/flutter (17972): #14     RendererBinding._handlePersistentFrameCallback (package:flutter/src/rendering/binding.dart:509)
I/flutter (17972): #15     SchedulerBinding._invokeFrameCallback (package:flutter/src/scheduler/binding.dart:1430)
I/flutter (17972): #16     SchedulerBinding.handleDrawFrame (package:flutter/src/scheduler/binding.dart:1345)
I/flutter (17972): #17     LiveTestWidgetsFlutterBinding.handleDrawFrame (package:flutter_test/src/binding.dart:2811)
I/flutter (17972): #18     SchedulerBinding._handleDrawFrame (package:flutter/src/scheduler/binding.dart:1198)
I/flutter (17972): #22     _invoke (dart:ui/hooks.dart:425)
I/flutter (17972): #23     PlatformDispatcher._drawFrame (dart:ui/platform_dispatcher.dart:447)
I/flutter (17972): #24     _drawFrame (dart:ui/hooks.dart:395)
I/flutter (17972): (elided 3 frames from dart:async)
I/flutter (17972): [SPM:perf] 698a51a  buildSpan: 3988µs
[spm]: ProfilerData event received.
I/flutter (17972): [spm] Performance monitoring completed for 698a51a
I/flutter (17972): type 'RenderSliverToBoxAdapter' is not a subtype of type 'RenderBox' of 'child'
I/flutter (17972): #0      ContainerRenderObjectMixin.insert (package:flutter/src/rendering/object.dart:4495)
I/flutter (17972): #1      MultiChildRenderObjectElement.insertRenderObjectChild (package:flutter/src/widgets/framework.dart:7193)
I/flutter (17972): #2      RenderObjectElement.attachRenderObject (package:flutter/src/widgets/framework.dart:6941)
I/flutter (17972): #3      RenderObjectElement.mount (package:flutter/src/widgets/framework.dart:6801)
I/flutter (17972): #4      SingleChildRenderObjectElement.mount (package:flutter/src/widgets/framework.dart:7114)
I/flutter (17972): #5      Element.inflateWidget (package:flutter/src/widgets/framework.dart:4587)
I/flutter (17972): #6      Element.updateChild (package:flutter/src/widgets/framework.dart:4053)
I/flutter (17972): #7      ComponentElement.performRebuild (package:flutter/src/widgets/framework.dart:5841)
I/flutter (17972): #8      StatefulElement.performRebuild (package:flutter/src/widgets/framework.dart:5982)
I/flutter (17972): #9      Element.rebuild (package:flutter/src/widgets/framework.dart:5529)
I/flutter (17972): #10     BuildScope._tryRebuild (package:flutter/src/widgets/framework.dart:2750)
I/flutter (17972): #11     BuildScope._flushDirtyElements (package:flutter/src/widgets/framework.dart:2807)
I/flutter (17972): #12     BuildOwner.buildScope (package:flutter/src/widgets/framework.dart:3111)
I/flutter (17972): #13     WidgetsBinding.drawFrame (package:flutter/src/widgets/binding.dart:1571)
I/flutter (17972): #14     RendererBinding._handlePersistentFrameCallback (package:flutter/src/rendering/binding.dart:509)
I/flutter (17972): #15     SchedulerBinding._invokeFrameCallback (package:flutter/src/scheduler/binding.dart:1430)
I/flutter (17972): #16     SchedulerBinding.handleDrawFrame (package:flutter/src/scheduler/binding.dart:1345)
I/flutter (17972): #17     LiveTestWidgetsFlutterBinding.handleDrawFrame (package:flutter_test/src/binding.dart:2811)
I/flutter (17972): #18     SchedulerBinding._handleDrawFrame (package:flutter/src/scheduler/binding.dart:1198)
I/flutter (17972): #22     _invoke (dart:ui/hooks.dart:425)
I/flutter (17972): #23     PlatformDispatcher._drawFrame (dart:ui/platform_dispatcher.dart:447)
I/flutter (17972): #24     _drawFrame (dart:ui/hooks.dart:395)
I/flutter (17972): (elided 3 frames from dart:async)
I/flutter (17972): [SPM:perf] 698a51a  buildSpan: 3901µs
[spm]: ProfilerData event received.
I/flutter (17972): [spm] Performance monitoring completed for 698a51a
I/flutter (17972): type 'RenderSliverToBoxAdapter' is not a subtype of type 'RenderBox' of 'child'
I/flutter (17972): #0      ContainerRenderObjectMixin.insert (package:flutter/src/rendering/object.dart:4495)
I/flutter (17972): #1      MultiChildRenderObjectElement.insertRenderObjectChild (package:flutter/src/widgets/framework.dart:7193)
I/flutter (17972): #2      RenderObjectElement.attachRenderObject (package:flutter/src/widgets/framework.dart:6941)
I/flutter (17972): #3      RenderObjectElement.mount (package:flutter/src/widgets/framework.dart:6801)
I/flutter (17972): #4      SingleChildRenderObjectElement.mount (package:flutter/src/widgets/framework.dart:7114)
I/flutter (17972): #5      Element.inflateWidget (package:flutter/src/widgets/framework.dart:4587)
I/flutter (17972): #6      Element.updateChild (package:flutter/src/widgets/framework.dart:4053)
I/flutter (17972): #7      ComponentElement.performRebuild (package:flutter/src/widgets/framework.dart:5841)
I/flutter (17972): #8      StatefulElement.performRebuild (package:flutter/src/widgets/framework.dart:5982)
I/flutter (17972): #9      Element.rebuild (package:flutter/src/widgets/framework.dart:5529)
I/flutter (17972): #10     BuildScope._tryRebuild (package:flutter/src/widgets/framework.dart:2750)
I/flutter (17972): #11     BuildScope._flushDirtyElements (package:flutter/src/widgets/framework.dart:2807)
I/flutter (17972): #12     BuildOwner.buildScope (package:flutter/src/widgets/framework.dart:3111)
I/flutter (17972): #13     WidgetsBinding.drawFrame (package:flutter/src/widgets/binding.dart:1571)
I/flutter (17972): #14     RendererBinding._handlePersistentFrameCallback (package:flutter/src/rendering/binding.dart:509)
I/flutter (17972): #15     SchedulerBinding._invokeFrameCallback (package:flutter/src/scheduler/binding.dart:1430)
I/flutter (17972): #16     SchedulerBinding.handleDrawFrame (package:flutter/src/scheduler/binding.dart:1345)
I/flutter (17972): #17     LiveTestWidgetsFlutterBinding.handleDrawFrame (package:flutter_test/src/binding.dart:2811)
I/flutter (17972): #18     SchedulerBinding._handleDrawFrame (package:flutter/src/scheduler/binding.dart:1198)
I/flutter (17972): #22     _invoke (dart:ui/hooks.dart:425)
I/flutter (17972): #23     PlatformDispatcher._drawFrame (dart:ui/platform_dispatcher.dart:447)
I/flutter (17972): #24     _drawFrame (dart:ui/hooks.dart:395)
I/flutter (17972): (elided 3 frames from dart:async)
I/flutter (17972): [SPM:perf] 698a51a  buildSpan: 3427µs
I/flutter (17972): [spm] Performance monitoring completed for 698a51a
[spm]: ProfilerData event received.
I/flutter (17972): type 'RenderSliverToBoxAdapter' is not a subtype of type 'RenderBox' of 'child'
I/flutter (17972): #0      ContainerRenderObjectMixin.insert (package:flutter/src/rendering/object.dart:4495)
I/flutter (17972): #1      MultiChildRenderObjectElement.insertRenderObjectChild (package:flutter/src/widgets/framework.dart:7193)
I/flutter (17972): #2      RenderObjectElement.attachRenderObject (package:flutter/src/widgets/framework.dart:6941)
I/flutter (17972): #3      RenderObjectElement.mount (package:flutter/src/widgets/framework.dart:6801)
I/flutter (17972): #4      SingleChildRenderObjectElement.mount (package:flutter/src/widgets/framework.dart:7114)
I/flutter (17972): #5      Element.inflateWidget (package:flutter/src/widgets/framework.dart:4587)
I/flutter (17972): #6      Element.updateChild (package:flutter/src/widgets/framework.dart:4053)
I/flutter (17972): #7      ComponentElement.performRebuild (package:flutter/src/widgets/framework.dart:5841)
I/flutter (17972): #8      StatefulElement.performRebuild (package:flutter/src/widgets/framework.dart:5982)
I/flutter (17972): #9      Element.rebuild (package:flutter/src/widgets/framework.dart:5529)
I/flutter (17972): #10     BuildScope._tryRebuild (package:flutter/src/widgets/framework.dart:2750)
I/flutter (17972): #11     BuildScope._flushDirtyElements (package:flutter/src/widgets/framework.dart:2807)
I/flutter (17972): #12     BuildOwner.buildScope (package:flutter/src/widgets/framework.dart:3111)
I/flutter (17972): #13     WidgetsBinding.drawFrame (package:flutter/src/widgets/binding.dart:1571)
I/flutter (17972): #14     RendererBinding._handlePersistentFrameCallback (package:flutter/src/rendering/binding.dart:509)
I/flutter (17972): #15     SchedulerBinding._invokeFrameCallback (package:flutter/src/scheduler/binding.dart:1430)
I/flutter (17972): #16     SchedulerBinding.handleDrawFrame (package:flutter/src/scheduler/binding.dart:1345)
I/flutter (17972): #17     LiveTestWidgetsFlutterBinding.handleDrawFrame (package:flutter_test/src/binding.dart:2811)
I/flutter (17972): #18     SchedulerBinding._handleDrawFrame (package:flutter/src/scheduler/binding.dart:1198)
I/flutter (17972): #22     _invoke (dart:ui/hooks.dart:425)
I/flutter (17972): #23     PlatformDispatcher._drawFrame (dart:ui/platform_dispatcher.dart:447)
I/flutter (17972): #24     _drawFrame (dart:ui/hooks.dart:395)
I/flutter (17972): (elided 3 frames from dart:async)
[spm]: ProfilerData event received.
I/flutter (17972): [SPM:perf] 698a51a  buildSpan: 3905µs
I/flutter (17972): [spm] Performance monitoring completed for 698a51a
I/flutter (17972): Multiple exceptions (31) were detected during the running of the current test, and at least one was unexpected.
I/flutter (17972): #0      debugPrintStack (package:flutter/src/foundation/assertions.dart:1213)
I/flutter (17972): #1      FlutterError.dumpErrorToConsole (package:flutter/src/foundation/assertions.dart:1033)
I/flutter (17972): #2      _defaultTestExceptionReporter (package:flutter_test/src/test_exception_reporter.dart:29)
I/flutter (17972): #3      new IntegrationTestWidgetsFlutterBinding.<anonymous closure> (package:integration_test/integration_test.dart:91)
I/flutter (17972): #4      TestWidgetsFlutterBinding._createTestCompletionHandler.<anonymous closure> (package:flutter_test/src/binding.dart:1713)
I/flutter (17972): <asynchronous suspension>
I/flutter (17972): (elided 6 frames from dart:async)
I/flutter (17972): 01:12 +0: Performance Benchmark [E]
I/flutter (17972):   Test failed. See exception logs above.
I/flutter (17972):   The test description was: Performance Benchmark
I/flutter (17972):   
I/flutter (17972): 01:12 +0 -1: (tearDownAll)
I/flutter (17972): 01:13 +1 -1: Some tests failed.
I/Choreographer(17972): Skipped 59 frames!  The application may be doing too much work on its main thread.
W/Looper  (17972): PerfMonitor doFrame : time=3ms vsyncFrame=0 latency=985ms procState=-1 historyMsgCount=8
I/OpenGLRenderer(17972): Davey! duration=994ms; Flags=0, FrameTimelineVsyncId=10733851, IntendedVsync=298577926967058, Vsync=298578910300352, InputEventId=0, HandleInputStart=298578912044329, AnimationStart=298578912049485, PerformTraversalsStart=298578912053235, DrawStart=298578912775631, FrameDeadline=298577943633724, FrameInterval=298578911735996, FrameStartTime=16666666, SyncQueued=298578913577142, SyncStart=298578913787558, IssueDrawCommandsStart=298578913951569, SwapBuffers=298578915264590, FrameCompleted=298578921490162, DequeueBufferDuration=66875, QueueBufferDuration=907656, GpuCompleted=298578921490162, SwapBuffersCompleted=298578916884069, DisplayPresentTime=4294902397, 
[SPM:shot] wrote <ROOT>/dataset-new_samples/1232/redmi9t/shots/1232__rev_002_a6cfecbe.png (28116 bytes)
Failure Details:
Failure in method: Performance Benchmark
Instance of 'FlutterErrorDetails'
end of failure 1



[spm]: Saved 30 profiler events to <ROOT>/dataset-new_samples/1232/redmi9t/raw/20260912-045620/rev_002_a6cfecbe/e4.jsonl
[spm]: Reverting injection...
14 issues found. (ran in 0.8s)
WARNING: Your Android app project: app located at: <ROOT>/android/app/build.gradle.kts
applies the Kotlin Gradle Plugin, which will cause build failures in future versions of Flutter. 
Please migrate your app to Built-in Kotlin using this guide: https://docs.flutter.dev/release/breaking-changes/migrate-to-built-in-kotlin/for-app-developers

VMServiceFlutterDriver: Connecting to Flutter application at http://127.0.0.1:33139/MDUJrablQ80=/
[spm]: Detected VM service URI: ws://127.0.0.1:33139/MDUJrablQ80=/ws
VMServiceFlutterDriver: Isolate found with number: 3915150731751783
VMServiceFlutterDriver: Isolate 3915150731751783 is runnable.
VMServiceFlutterDriver: Isolate is paused at start.
VMServiceFlutterDriver: Attempting to resume isolate
VMServiceFlutterDriver: Connected to Flutter application.
VMServiceFlutterDriver: request_data message is taking a long time to complete...