iso_ts,epoch,elapsed_s,batt_level,batt_status,batt_temp_c,soc_temp_c,current_ma,event
2026-08-01T05:44:37+03:00,1785552277,0,83,3,30.3,50.7,,run
2026-08-01T05:44:42+03:00,1785552282,5,83,3,30.3,42.9,,run
2026-08-01T05:44:48+03:00,1785552288,11,83,3,30.3,42.6,,run
2026-08-01T05:44:53+03:00,1785552293,16,83,3,30.3,44.5,,run
2026-08-01T05:44:58+03:00,1785552298,21,83,3,30.3,41.7,,run
2026-08-01T05:45:03+03:00,1785552303,26,83,3,30.3,42.3,,run
2026-08-01T05:45:09+03:00,1785552309,32,83,3,30.2,41.1,,run
2026-08-01T05:45:14+03:00,1785552314,37,83,3,30.2,40.5,,run
2026-08-01T05:45:19+03:00,1785552319,42,83,3,30.2,50.4,,run
2026-08-01T05:45:25+03:00,1785552325,48,83,3,30.2,43.2,,run
2026-08-01T05:45:30+03:00,1785552330,53,83,3,30.2,44.2,,run
2026-08-01T05:45:35+03:00,1785552335,58,83,3,30.2,41.4,,run
2026-08-01T05:45:40+03:00,1785552340,63,83,3,30.2,40.8,,run
2026-08-01T05:45:45+03:00,1785552345,68,83,3,30.2,40.5,,run
2026-08-01T05:45:51+03:00,1785552351,74,83,3,30.2,39.8,,run
2026-08-01T05:45:56+03:00,1785552356,79,83,3,30.2,41.7,,run
2026-08-01T05:46:01+03:00,1785552361,84,83,3,30.2,41.4,,run
2026-08-01T05:46:06+03:00,1785552366,89,83,3,30.2,39.8,,run
2026-08-01T05:46:12+03:00,1785552372,95,83,3,30.2,39.5,,run
2026-08-01T05:46:17+03:00,1785552377,100,83,3,30.2,39.5,,run
2026-08-01T05:46:22+03:00,1785552382,105,83,3,30.2,39.5,,run
2026-08-01T05:46:27+03:00,1785552387,110,83,3,30.2,40.2,,run
2026-08-01T05:46:33+03:00,1785552393,116,83,3,30.2,48.2,,run
2026-08-01T05:46:38+03:00,1785552398,121,83,3,30.2,51.6,,run
2026-08-01T05:46:43+03:00,1785552403,126,83,3,30.2,45.7,,run
2026-08-01T05:46:48+03:00,1785552408,131,83,3,30.2,40.5,,run
2026-08-01T05:46:54+03:00,1785552414,137,83,3,30.2,39.8,,run
2026-08-01T05:46:59+03:00,1785552419,142,83,3,30.2,39.2,,run
2026-08-01T05:47:04+03:00,1785552424,147,83,3,30.2,39.8,,run
2026-08-01T05:47:09+03:00,1785552429,152,83,3,30.2,41.7,,run
2026-08-01T05:47:15+03:00,1785552435,158,83,3,30.2,39.5,,run
2026-08-01T05:47:20+03:00,1785552440,163,83,3,30.2,39.2,,run
2026-08-01T05:47:25+03:00,1785552445,168,83,3,30.2,50.4,,run
2026-08-01T05:47:30+03:00,1785552450,173,83,3,30.2,39.8,,run
2026-08-01T05:47:36+03:00,1785552456,179,83,3,30.2,39.5,,run
2026-08-01T05:47:41+03:00,1785552461,184,83,3,30.2,42.0,,run
2026-08-01T05:47:46+03:00,1785552466,189,83,3,30.2,39.5,,run
2026-08-01T05:47:51+03:00,1785552471,194,83,3,30.2,39.2,,run
2026-08-01T05:47:57+03:00,1785552477,200,83,3,30.2,39.2,,run
2026-08-01T05:48:02+03:00,1785552482,205,83,3,30.2,38.3,,run
2026-08-01T05:48:07+03:00,1785552487,210,83,3,30.2,39.2,,run
2026-08-01T05:48:12+03:00,1785552492,215,83,3,30.2,40.2,,run
2026-08-01T05:48:18+03:00,1785552498,221,83,3,30.2,38.0,,run
2026-08-01T05:48:23+03:00,1785552503,226,83,3,30.2,38.0,,run
2026-08-01T05:48:28+03:00,1785552508,231,83,3,30.2,38.3,,run
2026-08-01T05:48:33+03:00,1785552513,236,83,3,30.2,37.7,,run
2026-08-01T05:48:39+03:00,1785552519,242,83,3,30.2,41.4,,run
2026-08-01T05:48:44+03:00,1785552524,247,83,3,30.2,41.7,,run
2026-08-01T05:48:49+03:00,1785552529,252,83,3,30.2,40.2,,run
2026-08-01T05:48:54+03:00,1785552534,257,83,3,30.2,41.1,,run
2026-08-01T05:49:00+03:00,1785552540,263,83,3,30.2,38.9,,run
2026-08-01T05:49:05+03:00,1785552545,268,83,3,30.2,38.3,,run
2026-08-01T05:49:10+03:00,1785552550,273,83,3,30.2,39.8,,run
2026-08-01T05:49:15+03:00,1785552555,278,83,3,30.2,38.3,,run
2026-08-01T05:49:21+03:00,1785552561,284,83,3,30.2,38.3,,run
2026-08-01T05:49:26+03:00,1785552566,289,83,3,30.2,38.6,,run
2026-08-01T05:49:31+03:00,1785552571,294,83,3,30.2,38.9,,run
2026-08-01T05:49:36+03:00,1785552576,299,82,3,28.2,37.4,,run
2026-08-01T05:49:41+03:00,1785552581,304,82,3,28.2,37.4,,run
2026-08-01T05:49:47+03:00,1785552587,310,82,3,28.2,37.7,,run
2026-08-01T05:49:52+03:00,1785552592,315,82,3,28.2,39.2,,run
2026-08-01T05:49:57+03:00,1785552597,320,82,3,28.2,37.4,,run
2026-08-01T05:50:02+03:00,1785552602,325,82,3,28.2,38.0,,run
2026-08-01T05:50:08+03:00,1785552608,331,82,3,28.2,36.4,,run
2026-08-01T05:50:13+03:00,1785552613,336,82,3,28.2,36.4,,run
2026-08-01T05:50:18+03:00,1785552618,341,82,3,28.2,37.4,,run
2026-08-01T05:50:23+03:00,1785552623,346,82,3,28.2,37.4,,run
2026-08-01T05:50:29+03:00,1785552629,352,82,3,28.2,36.8,,run
2026-08-01T05:50:34+03:00,1785552634,357,82,3,28.2,46.7,,run
2026-08-01T05:50:39+03:00,1785552639,362,82,3,28.2,40.2,,run
2026-08-01T05:50:45+03:00,1785552645,368,82,3,28.2,38.0,,run
2026-08-01T05:50:50+03:00,1785552650,373,82,3,28.2,38.9,,run
2026-08-01T05:50:55+03:00,1785552655,378,82,3,28.2,38.3,,run
2026-08-01T05:51:00+03:00,1785552660,383,82,3,28.2,38.0,,run
2026-08-01T05:51:06+03:00,1785552666,389,82,3,28.2,38.0,,run
2026-08-01T05:51:11+03:00,1785552671,394,82,3,28.2,37.4,,run
2026-08-01T05:51:16+03:00,1785552676,399,82,3,28.2,37.4,,run
2026-08-01T05:51:21+03:00,1785552681,404,82,3,28.2,38.0,,run
2026-08-01T05:51:27+03:00,1785552687,410,82,3,28.2,38.6,,run
2026-08-01T05:51:32+03:00,1785552692,415,82,3,28.2,36.8,,run
2026-08-01T05:51:37+03:00,1785552697,420,82,3,28.2,36.4,,run
2026-08-01T05:51:42+03:00,1785552702,425,82,3,28.2,36.8,,run
2026-08-01T05:51:48+03:00,1785552708,431,82,3,28.2,36.8,,run
2026-08-01T05:51:53+03:00,1785552713,436,82,3,28.2,48.2,,run
2026-08-01T05:51:58+03:00,1785552718,441,82,3,28.2,39.5,,run
2026-08-01T05:52:03+03:00,1785552723,446,82,3,28.2,40.2,,run
2026-08-01T05:52:09+03:00,1785552729,452,82,3,28.2,37.7,,run
2026-08-01T05:52:14+03:00,1785552734,457,82,3,28.2,37.1,,run
2026-08-01T05:52:19+03:00,1785552739,462,82,3,28.2,36.8,,run
2026-08-01T05:52:24+03:00,1785552744,467,82,3,28.2,36.8,,run
2026-08-01T05:52:30+03:00,1785552750,473,82,3,28.2,37.4,,run
2026-08-01T05:52:35+03:00,1785552755,478,82,3,28.2,37.4,,run
2026-08-01T05:52:40+03:00,1785552760,483,82,3,28.2,47.9,,run
2026-08-01T05:52:45+03:00,1785552765,488,82,3,28.2,38.9,,run
2026-08-01T05:52:51+03:00,1785552771,494,82,3,28.2,37.4,,run
2026-08-01T05:52:56+03:00,1785552776,499,82,3,28.2,36.8,,run
2026-08-01T05:53:01+03:00,1785552781,504,82,3,28.2,37.7,,run
2026-08-01T05:53:06+03:00,1785552786,509,82,3,28.2,39.8,,run
2026-08-01T05:53:12+03:00,1785552792,515,82,3,28.2,38.0,,run
2026-08-01T05:53:17+03:00,1785552797,520,82,3,28.2,37.4,,run
2026-08-01T05:53:22+03:00,1785552802,525,82,3,28.2,38.0,,run
2026-08-01T05:53:27+03:00,1785552807,530,82,3,28.2,36.8,,run
2026-08-01T05:53:33+03:00,1785552813,536,82,3,28.2,38.3,,run
2026-08-01T05:53:38+03:00,1785552818,541,82,3,28.2,37.7,,run
2026-08-01T05:53:43+03:00,1785552823,546,82,3,28.2,38.6,,run
2026-08-01T05:53:48+03:00,1785552828,551,82,3,28.2,37.4,,run
2026-08-01T05:53:54+03:00,1785552834,557,82,3,28.2,39.8,,run
2026-08-01T05:53:59+03:00,1785552839,562,82,3,28.2,41.1,,run
2026-08-01T05:54:04+03:00,1785552844,567,82,3,28.2,38.6,,run
2026-08-01T05:54:09+03:00,1785552849,572,82,3,28.2,37.1,,run
2026-08-01T05:54:15+03:00,1785552855,578,82,3,28.2,37.4,,run
2026-08-01T05:54:20+03:00,1785552860,583,82,3,28.2,37.4,,run
2026-08-01T05:54:25+03:00,1785552865,588,82,3,28.2,36.8,,run
2026-08-01T05:54:30+03:00,1785552870,593,82,3,28.2,36.8,,run
2026-08-01T05:54:36+03:00,1785552876,599,82,3,27.2,36.1,,run
2026-08-01T05:54:41+03:00,1785552881,604,82,3,27.2,36.4,,run
2026-08-01T05:54:46+03:00,1785552886,609,82,3,27.2,46.3,,run
2026-08-01T05:54:52+03:00,1785552892,615,82,3,27.2,43.6,,run
2026-08-01T05:54:57+03:00,1785552897,620,82,3,27.2,40.2,,run
2026-08-01T05:55:02+03:00,1785552902,625,82,3,27.2,39.8,,run
2026-08-01T05:55:08+03:00,1785552908,631,82,3,27.2,41.1,,run
2026-08-01T05:55:13+03:00,1785552913,636,82,3,27.2,38.9,,run
2026-08-01T05:55:18+03:00,1785552918,641,82,3,27.2,39.2,,run
2026-08-01T05:55:23+03:00,1785552923,646,82,3,27.2,40.8,,run
2026-08-01T05:55:28+03:00,1785552928,651,82,3,27.2,41.1,,run
2026-08-01T05:55:34+03:00,1785552934,657,82,3,27.2,40.2,,run
2026-08-01T05:55:39+03:00,1785552939,662,82,3,27.2,39.8,,run
2026-08-01T05:55:44+03:00,1785552944,667,82,3,27.2,39.2,,run
2026-08-01T05:55:49+03:00,1785552949,672,82,3,27.2,39.2,,run
2026-08-01T05:55:55+03:00,1785552955,678,82,3,27.2,39.5,,run
2026-08-01T05:56:00+03:00,1785552960,683,82,3,27.2,41.4,,run
2026-08-01T05:56:05+03:00,1785552965,688,82,3,27.2,49.1,,run
2026-08-01T05:56:11+03:00,1785552971,694,82,3,27.2,39.2,,run
2026-08-01T05:56:16+03:00,1785552976,699,82,3,27.2,37.7,,run
2026-08-01T05:56:21+03:00,1785552981,704,82,3,27.2,37.4,,run
2026-08-01T05:56:27+03:00,1785552987,710,82,3,27.2,37.7,,run
2026-08-01T05:56:32+03:00,1785552992,715,82,3,27.2,38.3,,run
2026-08-01T05:56:37+03:00,1785552997,720,82,3,27.2,37.4,,run
2026-08-01T05:56:42+03:00,1785553002,725,82,3,27.2,37.1,,run
2026-08-01T05:56:48+03:00,1785553008,731,82,3,27.2,36.4,,run
2026-08-01T05:56:53+03:00,1785553013,736,82,3,27.2,49.4,,run
2026-08-01T05:56:58+03:00,1785553018,741,82,3,27.2,40.2,,run
2026-08-01T05:57:03+03:00,1785553023,746,82,3,27.2,40.5,,run
2026-08-01T05:57:09+03:00,1785553029,752,82,3,27.2,41.4,,run
2026-08-01T05:57:14+03:00,1785553034,757,82,3,27.2,37.7,,run
2026-08-01T05:57:19+03:00,1785553039,762,82,3,27.2,37.4,,run
2026-08-01T05:57:24+03:00,1785553044,767,82,3,27.2,37.7,,run
2026-08-01T05:57:29+03:00,1785553049,772,82,3,27.2,37.4,,run
2026-08-01T05:57:35+03:00,1785553055,778,82,3,27.2,38.9,,run
2026-08-01T05:57:40+03:00,1785553060,783,82,3,27.2,38.3,,run
2026-08-01T05:57:45+03:00,1785553065,788,82,3,27.2,37.4,,run
2026-08-01T05:57:50+03:00,1785553070,793,82,3,27.2,37.4,,run
2026-08-01T05:57:56+03:00,1785553076,799,82,3,27.2,36.8,,run
2026-08-01T05:58:01+03:00,1785553081,804,82,3,27.2,36.8,,run
2026-08-01T05:58:06+03:00,1785553086,809,82,3,27.2,40.5,,run
2026-08-01T05:58:11+03:00,1785553091,814,81,3,27.5,42.0,,run
2026-08-01T05:58:17+03:00,1785553097,820,81,3,27.5,40.8,,run
2026-08-01T05:58:22+03:00,1785553102,825,81,3,27.5,38.0,,run
2026-08-01T05:58:27+03:00,1785553107,830,81,3,27.5,38.0,,run
2026-08-01T05:58:32+03:00,1785553112,835,81,3,27.5,36.8,,run
2026-08-01T05:58:38+03:00,1785553118,841,81,3,27.5,37.1,,run
2026-08-01T05:58:43+03:00,1785553123,846,81,3,27.5,37.1,,run
2026-08-01T05:58:48+03:00,1785553128,851,81,3,27.5,39.2,,run
2026-08-01T05:58:53+03:00,1785553133,856,81,3,27.5,46.7,,run
2026-08-01T05:58:59+03:00,1785553139,862,81,3,27.5,41.1,,run
2026-08-01T05:59:04+03:00,1785553144,867,81,3,27.5,38.3,,run
2026-08-01T05:59:09+03:00,1785553149,872,81,3,27.5,38.0,,run
2026-08-01T05:59:15+03:00,1785553155,878,81,3,27.5,37.7,,run
2026-08-01T05:59:20+03:00,1785553160,883,81,3,27.5,40.8,,run
2026-08-01T05:59:25+03:00,1785553165,888,81,3,27.5,38.9,,run
2026-08-01T05:59:30+03:00,1785553170,893,81,3,27.5,37.4,,run
2026-08-01T05:59:36+03:00,1785553176,899,81,3,27.5,37.1,,run
2026-08-01T05:59:41+03:00,1785553181,904,81,3,27.5,37.1,,run
2026-08-01T05:59:46+03:00,1785553186,909,81,3,27.5,37.7,,run
2026-08-01T05:59:51+03:00,1785553191,914,81,3,27.5,39.2,,run
2026-08-01T05:59:56+03:00,1785553196,919,81,3,27.5,37.4,,run
2026-08-01T06:00:02+03:00,1785553202,925,81,3,27.5,38.3,,run
2026-08-01T06:00:07+03:00,1785553207,930,81,3,27.5,36.4,,run
2026-08-01T06:00:12+03:00,1785553212,935,81,3,27.5,49.1,,run
2026-08-01T06:00:18+03:00,1785553218,941,81,3,27.5,38.3,,run
2026-08-01T06:00:23+03:00,1785553223,946,81,3,27.5,37.7,,run
2026-08-01T06:00:28+03:00,1785553228,951,81,3,27.5,38.6,,run
2026-08-01T06:00:33+03:00,1785553233,956,81,3,27.5,38.3,,run
2026-08-01T06:00:39+03:00,1785553239,962,81,3,27.5,36.8,,run
2026-08-01T06:00:44+03:00,1785553244,967,81,3,27.5,36.4,,run
2026-08-01T06:00:49+03:00,1785553249,972,81,3,27.5,36.1,,run
2026-08-01T06:00:54+03:00,1785553254,977,81,3,27.5,37.1,,run
2026-08-01T06:01:00+03:00,1785553260,983,81,3,27.5,49.7,,run
2026-08-01T06:01:05+03:00,1785553265,988,81,3,27.5,38.3,,run
2026-08-01T06:01:10+03:00,1785553270,993,81,3,27.5,39.2,,run
2026-08-01T06:01:16+03:00,1785553276,999,81,3,27.5,38.3,,run
2026-08-01T06:01:21+03:00,1785553281,1004,81,3,27.5,37.4,,run
2026-08-01T06:01:26+03:00,1785553286,1009,81,3,27.5,37.4,,run
2026-08-01T06:01:31+03:00,1785553291,1014,81,3,27.5,36.4,,run
2026-08-01T06:01:37+03:00,1785553297,1020,81,3,27.5,37.4,,run
2026-08-01T06:01:42+03:00,1785553302,1025,81,3,27.5,39.2,,run
2026-08-01T06:01:47+03:00,1785553307,1030,81,3,27.5,37.4,,run
2026-08-01T06:01:52+03:00,1785553312,1035,81,3,27.5,38.3,,run
2026-08-01T06:01:58+03:00,1785553318,1041,81,3,27.5,36.8,,run
2026-08-01T06:02:03+03:00,1785553323,1046,81,3,27.5,37.1,,run
2026-08-01T06:02:08+03:00,1785553328,1051,81,3,27.5,36.4,,run
2026-08-01T06:02:13+03:00,1785553333,1056,81,3,27.5,40.8,,run
2026-08-01T06:02:18+03:00,1785553338,1061,81,3,27.5,41.4,,run
2026-08-01T06:02:24+03:00,1785553344,1067,81,3,27.5,39.2,,run
2026-08-01T06:02:29+03:00,1785553349,1072,81,3,27.5,37.1,,run
2026-08-01T06:02:34+03:00,1785553354,1077,81,3,27.5,37.1,,run
2026-08-01T06:02:39+03:00,1785553359,1082,81,3,27.5,36.4,,run
2026-08-01T06:02:45+03:00,1785553365,1088,81,3,27.5,39.8,,run
2026-08-01T06:02:50+03:00,1785553370,1093,81,3,27.5,38.9,,run
2026-08-01T06:02:55+03:00,1785553375,1098,81,3,27.5,36.8,,run
2026-08-01T06:03:00+03:00,1785553380,1103,81,3,27.5,47.3,,run
2026-08-01T06:03:06+03:00,1785553386,1109,81,3,27.5,38.0,,run
2026-08-01T06:03:11+03:00,1785553391,1114,81,3,27.5,37.4,,run
2026-08-01T06:03:17+03:00,1785553397,1120,81,3,27.5,39.2,,run
2026-08-01T06:03:22+03:00,1785553402,1125,81,3,27.5,37.4,,run
2026-08-01T06:03:27+03:00,1785553407,1130,81,3,27.5,37.1,,run
2026-08-01T06:03:32+03:00,1785553412,1135,81,3,27.5,36.4,,run
2026-08-01T06:03:38+03:00,1785553418,1141,81,3,27.5,37.7,,run
2026-08-01T06:03:43+03:00,1785553423,1146,81,3,27.5,36.8,,run
2026-08-01T06:03:48+03:00,1785553428,1151,81,3,27.5,39.5,,run
2026-08-01T06:03:53+03:00,1785553433,1156,81,3,27.5,37.4,,run
2026-08-01T06:03:58+03:00,1785553438,1161,81,3,27.5,37.1,,run
2026-08-01T06:04:04+03:00,1785553444,1167,81,3,27.5,36.8,,run
2026-08-01T06:04:09+03:00,1785553449,1172,81,3,27.5,37.4,,run
2026-08-01T06:04:14+03:00,1785553454,1177,81,3,27.5,36.8,,run
2026-08-01T06:04:19+03:00,1785553459,1182,81,3,27.5,48.2,,run
2026-08-01T06:04:25+03:00,1785553465,1188,81,3,27.5,42.3,,run
2026-08-01T06:04:30+03:00,1785553470,1193,81,3,27.5,39.2,,run
2026-08-01T06:04:35+03:00,1785553475,1198,81,3,27.5,37.7,,run
2026-08-01T06:04:40+03:00,1785553480,1203,81,3,27.1,37.1,,run
2026-08-01T06:04:46+03:00,1785553486,1209,81,3,27.1,36.4,,run
2026-08-01T06:04:51+03:00,1785553491,1214,81,3,27.1,36.1,,run
2026-08-01T06:04:56+03:00,1785553496,1219,81,3,27.1,37.1,,run
2026-08-01T06:05:01+03:00,1785553501,1224,81,3,27.1,48.2,,run
2026-08-01T06:05:07+03:00,1785553507,1230,81,3,27.1,40.5,,run
2026-08-01T06:05:13+03:00,1785553513,1236,81,3,27.1,38.0,,run
2026-08-01T06:05:18+03:00,1785553518,1241,81,3,27.1,37.4,,run
2026-08-01T06:05:23+03:00,1785553523,1246,81,3,27.1,37.7,,run
2026-08-01T06:05:28+03:00,1785553528,1251,81,3,27.1,36.8,,run
2026-08-01T06:05:33+03:00,1785553533,1256,81,3,27.1,37.7,,run
2026-08-01T06:05:39+03:00,1785553539,1262,81,3,27.1,38.9,,run
2026-08-01T06:05:44+03:00,1785553544,1267,81,3,27.1,37.4,,run
2026-08-01T06:05:49+03:00,1785553549,1272,81,3,27.1,37.4,,run
2026-08-01T06:05:54+03:00,1785553554,1277,81,3,27.1,36.8,,run
2026-08-01T06:06:00+03:00,1785553560,1283,81,3,27.1,37.1,,run
2026-08-01T06:06:05+03:00,1785553565,1288,81,3,27.1,37.1,,run
2026-08-01T06:06:10+03:00,1785553570,1293,81,3,27.1,39.2,,run
2026-08-01T06:06:15+03:00,1785553575,1298,81,3,27.1,39.5,,run
2026-08-01T06:06:20+03:00,1785553580,1303,81,3,27.1,48.2,,run
2026-08-01T06:06:26+03:00,1785553586,1309,81,3,27.1,41.7,,run
2026-08-01T06:06:31+03:00,1785553591,1314,81,3,27.1,37.7,,run
2026-08-01T06:06:36+03:00,1785553596,1319,81,3,27.1,36.4,,run
2026-08-01T06:06:42+03:00,1785553602,1325,80,3,26.9,37.7,,run
2026-08-01T06:06:47+03:00,1785553607,1330,80,3,26.9,38.0,,run
2026-08-01T06:06:52+03:00,1785553612,1335,80,3,26.9,36.1,,run
2026-08-01T06:06:57+03:00,1785553617,1340,80,3,26.9,36.1,,run
2026-08-01T06:07:03+03:00,1785553623,1346,80,3,26.9,47.6,,run
2026-08-01T06:07:08+03:00,1785553628,1351,80,3,26.9,39.2,,run
2026-08-01T06:07:13+03:00,1785553633,1356,80,3,26.9,38.0,,run
2026-08-01T06:07:19+03:00,1785553639,1362,80,3,26.9,39.2,,run
2026-08-01T06:07:24+03:00,1785553644,1367,80,3,26.9,36.8,,run
2026-08-01T06:07:29+03:00,1785553649,1372,80,3,26.9,37.4,,run
2026-08-01T06:07:34+03:00,1785553654,1377,80,3,26.9,37.1,,run
2026-08-01T06:07:40+03:00,1785553660,1383,80,3,26.9,36.4,,run
2026-08-01T06:07:45+03:00,1785553665,1388,80,3,26.9,38.3,,run
2026-08-01T06:07:50+03:00,1785553670,1393,80,3,26.9,38.0,,run
2026-08-01T06:07:55+03:00,1785553675,1398,80,3,26.9,37.1,,run
2026-08-01T06:08:01+03:00,1785553681,1404,80,3,26.9,36.1,,run
2026-08-01T06:08:06+03:00,1785553686,1409,80,3,26.9,36.4,,run
2026-08-01T06:08:11+03:00,1785553691,1414,80,3,26.9,36.1,,run
2026-08-01T06:08:16+03:00,1785553696,1419,80,3,26.9,42.0,,run
2026-08-01T06:08:21+03:00,1785553701,1424,80,3,26.9,48.5,,run
2026-08-01T06:08:27+03:00,1785553707,1430,80,3,26.9,40.2,,run
2026-08-01T06:08:32+03:00,1785553712,1435,80,3,26.9,38.9,,run
2026-08-01T06:08:37+03:00,1785553717,1440,80,3,26.9,36.8,,run
2026-08-01T06:08:43+03:00,1785553723,1446,80,3,26.9,35.8,,run
2026-08-01T06:08:48+03:00,1785553728,1451,80,3,26.9,35.8,,run
2026-08-01T06:08:53+03:00,1785553733,1456,80,3,26.9,35.2,,run
2026-08-01T06:08:58+03:00,1785553738,1461,80,3,26.9,36.8,,run
2026-08-01T06:09:04+03:00,1785553744,1467,80,3,26.9,48.8,,run
2026-08-01T06:09:09+03:00,1785553749,1472,80,3,26.9,39.2,,run
2026-08-01T06:09:15+03:00,1785553755,1478,80,3,26.9,37.4,,run
2026-08-01T06:09:20+03:00,1785553760,1483,80,3,26.9,37.4,,run
2026-08-01T06:09:25+03:00,1785553765,1488,80,3,26.9,36.8,,run
2026-08-01T06:09:30+03:00,1785553770,1493,80,3,26.9,37.1,,run
2026-08-01T06:09:35+03:00,1785553775,1498,80,3,26.9,38.6,,run
2026-08-01T06:09:41+03:00,1785553781,1504,80,3,26.9,38.0,,run
2026-08-01T06:09:46+03:00,1785553786,1509,80,3,26.9,37.7,,run
2026-08-01T06:09:51+03:00,1785553791,1514,80,3,26.9,36.4,,run
2026-08-01T06:09:56+03:00,1785553796,1519,80,3,26.9,36.1,,run
2026-08-01T06:10:02+03:00,1785553802,1525,80,3,26.9,36.4,,run
2026-08-01T06:10:07+03:00,1785553807,1530,80,3,26.9,37.4,,run
2026-08-01T06:10:12+03:00,1785553812,1535,80,3,26.9,36.4,,run
2026-08-01T06:10:17+03:00,1785553817,1540,80,3,26.9,42.0,,run
2026-08-01T06:10:22+03:00,1785553822,1545,80,3,26.9,48.5,,run
2026-08-01T06:10:28+03:00,1785553828,1551,80,3,26.9,40.5,,run
2026-08-01T06:10:33+03:00,1785553833,1556,80,3,26.9,36.4,,run
2026-08-01T06:10:38+03:00,1785553838,1561,80,3,26.9,35.5,,run
2026-08-01T06:10:44+03:00,1785553844,1567,80,3,26.9,45.7,,run
2026-08-01T06:10:49+03:00,1785553849,1572,80,3,26.9,38.9,,run
2026-08-01T06:10:54+03:00,1785553854,1577,80,3,26.9,38.3,,run
2026-08-01T06:11:00+03:00,1785553860,1583,80,3,26.9,37.4,,run
2026-08-01T06:11:05+03:00,1785553865,1588,80,3,26.9,36.4,,run
2026-08-01T06:11:10+03:00,1785553870,1593,80,3,26.9,36.8,,run
2026-08-01T06:11:15+03:00,1785553875,1598,80,3,26.9,36.4,,run
2026-08-01T06:11:21+03:00,1785553881,1604,80,3,26.9,36.1,,run
2026-08-01T06:11:26+03:00,1785553886,1609,80,3,26.9,37.4,,run
2026-08-01T06:11:31+03:00,1785553891,1614,80,3,26.9,36.8,,run
2026-08-01T06:11:36+03:00,1785553896,1619,80,3,26.9,37.1,,run
2026-08-01T06:11:42+03:00,1785553902,1625,80,3,26.9,36.4,,run
2026-08-01T06:11:47+03:00,1785553907,1630,80,3,26.9,35.8,,run
2026-08-01T06:11:52+03:00,1785553912,1635,80,3,26.9,35.8,,run
2026-08-01T06:11:57+03:00,1785553917,1640,80,3,26.9,36.8,,run
2026-08-01T06:12:02+03:00,1785553922,1645,80,3,26.9,47.9,,run
2026-08-01T06:12:08+03:00,1785553928,1651,80,3,26.9,42.9,,run
2026-08-01T06:12:13+03:00,1785553933,1656,80,3,26.9,36.8,,run
2026-08-01T06:12:18+03:00,1785553938,1661,80,3,26.9,36.4,,run
2026-08-01T06:12:23+03:00,1785553943,1666,80,3,26.9,35.2,,run
2026-08-01T06:12:29+03:00,1785553949,1672,80,3,26.9,36.8,,run
2026-08-01T06:12:34+03:00,1785553954,1677,80,3,26.9,37.4,,run
2026-08-01T06:12:39+03:00,1785553959,1682,80,3,26.9,36.1,,run
2026-08-01T06:12:44+03:00,1785553964,1687,80,3,26.9,47.6,,run
2026-08-01T06:12:50+03:00,1785553970,1693,80,3,26.9,37.4,,run
2026-08-01T06:12:55+03:00,1785553975,1698,80,3,26.9,37.1,,run
2026-08-01T06:13:01+03:00,1785553981,1704,80,3,26.9,38.3,,run
2026-08-01T06:13:06+03:00,1785553986,1709,80,3,26.9,37.7,,run
2026-08-01T06:13:11+03:00,1785553991,1714,80,3,26.9,36.4,,run
2026-08-01T06:13:16+03:00,1785553996,1719,80,3,26.9,36.1,,run
2026-08-01T06:13:22+03:00,1785554002,1725,80,3,26.9,36.4,,run
2026-08-01T06:13:27+03:00,1785554007,1730,80,3,26.9,35.5,,run
2026-08-01T06:13:32+03:00,1785554012,1735,80,3,26.9,38.6,,run
2026-08-01T06:13:37+03:00,1785554017,1740,80,3,26.9,36.8,,run
2026-08-01T06:13:42+03:00,1785554022,1745,80,3,26.9,36.4,,run
2026-08-01T06:13:48+03:00,1785554028,1751,80,3,26.9,36.1,,run
2026-08-01T06:13:53+03:00,1785554033,1756,80,3,26.9,35.8,,run
2026-08-01T06:13:58+03:00,1785554038,1761,80,3,26.9,38.6,,run
2026-08-01T06:14:03+03:00,1785554043,1766,80,3,26.9,48.2,,run
2026-08-01T06:14:09+03:00,1785554049,1772,80,3,26.9,40.8,,run
2026-08-01T06:14:14+03:00,1785554054,1777,80,3,26.9,36.8,,run
2026-08-01T06:14:19+03:00,1785554059,1782,80,3,26.9,35.5,,run
2026-08-01T06:14:25+03:00,1785554065,1788,80,3,26.9,35.8,,run
2026-08-01T06:14:30+03:00,1785554070,1793,80,3,26.9,35.2,,run
2026-08-01T06:14:35+03:00,1785554075,1798,80,3,26.9,35.2,,run
2026-08-01T06:14:40+03:00,1785554080,1803,80,3,26.5,35.5,,run
2026-08-01T06:14:45+03:00,1785554085,1808,80,3,26.5,47.0,,run
2026-08-01T06:14:51+03:00,1785554091,1814,80,3,26.5,40.8,,run
2026-08-01T06:14:57+03:00,1785554097,1820,80,3,26.5,38.6,,run
2026-08-01T06:15:02+03:00,1785554102,1825,80,3,26.5,36.8,,run
2026-08-01T06:15:07+03:00,1785554107,1830,80,3,26.5,36.1,,run
2026-08-01T06:15:12+03:00,1785554112,1835,80,3,26.5,36.8,,run
2026-08-01T06:15:18+03:00,1785554118,1841,79,3,26.6,35.8,,run
2026-08-01T06:15:23+03:00,1785554123,1846,79,3,26.6,37.4,,run
2026-08-01T06:15:28+03:00,1785554128,1851,79,3,26.6,37.7,,run
2026-08-01T06:15:33+03:00,1785554133,1856,79,3,26.6,35.8,,run
2026-08-01T06:15:38+03:00,1785554138,1861,79,3,26.6,36.8,,run
2026-08-01T06:15:44+03:00,1785554144,1867,79,3,26.6,36.4,,run
2026-08-01T06:15:49+03:00,1785554149,1872,79,3,26.6,35.5,,run
2026-08-01T06:15:54+03:00,1785554154,1877,79,3,26.6,37.1,,run
2026-08-01T06:15:59+03:00,1785554159,1882,79,3,26.6,42.9,,run
2026-08-01T06:16:05+03:00,1785554165,1888,79,3,26.6,48.5,,run
2026-08-01T06:16:10+03:00,1785554170,1893,79,3,26.6,40.5,,run
2026-08-01T06:16:15+03:00,1785554175,1898,79,3,26.6,37.4,,run
2026-08-01T06:16:21+03:00,1785554181,1904,79,3,26.6,36.1,,run
2026-08-01T06:16:26+03:00,1785554186,1909,79,3,26.6,37.1,,run
2026-08-01T06:16:31+03:00,1785554191,1914,79,3,26.6,36.8,,run
2026-08-01T06:16:36+03:00,1785554196,1919,79,3,26.6,37.7,,run
2026-08-01T06:16:42+03:00,1785554202,1925,79,3,26.6,36.4,,run
2026-08-01T06:16:47+03:00,1785554207,1930,79,3,26.6,47.6,,run
2026-08-01T06:16:53+03:00,1785554213,1936,79,3,26.6,42.3,,run
2026-08-01T06:16:58+03:00,1785554218,1941,79,3,26.6,38.3,,run
2026-08-01T06:17:03+03:00,1785554223,1946,79,3,26.6,38.6,,run
2026-08-01T06:17:08+03:00,1785554228,1951,79,3,26.6,38.3,,run
2026-08-01T06:17:13+03:00,1785554233,1956,79,3,26.6,38.6,,run
2026-08-01T06:17:19+03:00,1785554239,1962,79,3,26.6,38.0,,run
2026-08-01T06:17:24+03:00,1785554244,1967,79,3,26.6,39.8,,run
2026-08-01T06:17:29+03:00,1785554249,1972,79,3,26.6,37.7,,run
2026-08-01T06:17:34+03:00,1785554254,1977,79,3,26.6,37.7,,run
2026-08-01T06:17:40+03:00,1785554260,1983,79,3,26.6,38.9,,run
2026-08-01T06:17:45+03:00,1785554265,1988,79,3,26.6,38.0,,run
2026-08-01T06:17:50+03:00,1785554270,1993,79,3,26.6,37.4,,run
2026-08-01T06:17:55+03:00,1785554275,1998,79,3,26.6,40.5,,run
2026-08-01T06:18:00+03:00,1785554280,2003,79,3,26.6,43.6,,run
2026-08-01T06:18:06+03:00,1785554286,2009,79,3,26.6,49.4,,run
2026-08-01T06:18:11+03:00,1785554291,2014,79,3,26.6,42.9,,run
2026-08-01T06:18:16+03:00,1785554296,2019,79,3,26.6,37.7,,run
2026-08-01T06:18:22+03:00,1785554302,2025,79,3,26.6,39.2,,run
2026-08-01T06:18:27+03:00,1785554307,2030,79,3,26.6,38.0,,run
2026-08-01T06:18:32+03:00,1785554312,2035,79,3,26.6,39.5,,run
2026-08-01T06:18:37+03:00,1785554317,2040,79,3,26.6,38.3,,run
2026-08-01T06:18:43+03:00,1785554323,2046,79,3,26.6,37.1,,run
2026-08-01T06:18:48+03:00,1785554328,2051,79,3,26.6,50.4,,run
2026-08-01T06:18:54+03:00,1785554334,2057,79,3,26.6,39.5,,run
2026-08-01T06:18:59+03:00,1785554339,2062,79,3,26.6,38.6,,run
2026-08-01T06:19:04+03:00,1785554344,2067,79,3,26.6,39.5,,run
2026-08-01T06:19:09+03:00,1785554349,2072,79,3,26.6,40.2,,run
2026-08-01T06:19:14+03:00,1785554354,2077,79,3,26.6,37.7,,run
2026-08-01T06:19:20+03:00,1785554360,2083,79,3,26.6,41.4,,run
2026-08-01T06:19:25+03:00,1785554365,2088,79,3,26.6,38.0,,run
2026-08-01T06:19:30+03:00,1785554370,2093,79,3,26.6,37.7,,run
2026-08-01T06:19:35+03:00,1785554375,2098,79,3,26.6,38.3,,run
2026-08-01T06:19:41+03:00,1785554381,2104,79,3,26.6,42.6,,run
2026-08-01T06:19:46+03:00,1785554386,2109,79,3,26.6,37.7,,run
2026-08-01T06:19:51+03:00,1785554391,2114,79,3,26.6,39.8,,run
2026-08-01T06:19:56+03:00,1785554396,2119,79,3,26.6,37.1,,run
2026-08-01T06:20:02+03:00,1785554402,2125,79,3,26.6,42.6,,run
2026-08-01T06:20:07+03:00,1785554407,2130,79,3,26.6,48.8,,run
2026-08-01T06:20:12+03:00,1785554412,2135,79,3,26.6,40.2,,run
2026-08-01T06:20:17+03:00,1785554417,2140,79,3,26.6,39.8,,run
2026-08-01T06:20:23+03:00,1785554423,2146,79,3,26.6,39.5,,run
2026-08-01T06:20:28+03:00,1785554428,2151,79,3,26.6,37.1,,run
2026-08-01T06:20:33+03:00,1785554433,2156,79,3,26.6,37.1,,run
2026-08-01T06:20:38+03:00,1785554438,2161,79,3,26.6,36.1,,run
2026-08-01T06:20:43+03:00,1785554443,2166,79,3,26.6,38.0,,run
2026-08-01T06:20:49+03:00,1785554449,2172,79,3,26.6,48.8,,run
2026-08-01T06:20:54+03:00,1785554454,2177,79,3,26.6,39.5,,run
2026-08-01T06:21:00+03:00,1785554460,2183,79,3,26.6,38.3,,run
2026-08-01T06:21:05+03:00,1785554465,2188,79,3,26.6,37.4,,run
2026-08-01T06:21:10+03:00,1785554470,2193,79,3,26.6,37.1,,run
2026-08-01T06:21:15+03:00,1785554475,2198,79,3,26.6,37.7,,run
2026-08-01T06:21:20+03:00,1785554480,2203,79,3,26.6,37.7,,run
2026-08-01T06:21:26+03:00,1785554486,2209,79,3,26.6,38.6,,run
2026-08-01T06:21:31+03:00,1785554491,2214,79,3,26.6,37.7,,run
2026-08-01T06:21:36+03:00,1785554496,2219,79,3,26.6,36.8,,run
2026-08-01T06:21:41+03:00,1785554501,2224,79,3,26.6,36.4,,run
2026-08-01T06:21:47+03:00,1785554507,2230,79,3,26.6,37.1,,run
2026-08-01T06:21:52+03:00,1785554512,2235,79,3,26.6,37.4,,run
2026-08-01T06:21:57+03:00,1785554517,2240,79,3,26.6,38.6,,run
2026-08-01T06:22:02+03:00,1785554522,2245,79,3,26.6,43.2,,run
2026-08-01T06:22:08+03:00,1785554528,2251,79,3,26.6,45.7,,run
2026-08-01T06:22:13+03:00,1785554533,2256,79,3,26.6,38.9,,run
2026-08-01T06:22:18+03:00,1785554538,2261,79,3,26.6,36.8,,run
2026-08-01T06:22:23+03:00,1785554543,2266,79,3,26.6,36.8,,run
2026-08-01T06:22:28+03:00,1785554548,2271,79,3,26.6,35.8,,run
2026-08-01T06:22:34+03:00,1785554554,2277,79,3,26.6,38.3,,run
2026-08-01T06:22:39+03:00,1785554559,2282,79,3,26.6,36.4,,run
2026-08-01T06:22:44+03:00,1785554564,2287,79,3,26.6,36.4,,run
2026-08-01T06:22:49+03:00,1785554569,2292,79,3,26.6,35.5,,run
2026-08-01T06:22:55+03:00,1785554575,2298,79,3,26.6,35.2,,run
2026-08-01T06:23:00+03:00,1785554580,2303,79,3,26.6,36.4,,run
2026-08-01T06:23:05+03:00,1785554585,2308,79,3,26.6,38.9,,run
2026-08-01T06:23:10+03:00,1785554590,2313,79,3,26.6,37.1,,run
2026-08-01T06:23:16+03:00,1785554596,2319,79,3,26.6,35.8,,run
2026-08-01T06:23:21+03:00,1785554601,2324,79,3,26.6,36.1,,run
2026-08-01T06:23:26+03:00,1785554606,2329,79,3,26.6,35.2,,run
2026-08-01T06:23:31+03:00,1785554611,2334,79,3,26.6,35.5,,run
2026-08-01T06:23:36+03:00,1785554616,2339,79,3,26.6,37.7,,run
2026-08-01T06:23:42+03:00,1785554622,2345,79,3,26.6,35.5,,run
2026-08-01T06:23:47+03:00,1785554627,2350,79,3,26.6,36.4,,run
2026-08-01T06:23:52+03:00,1785554632,2355,79,3,26.6,34.9,,run
2026-08-01T06:23:57+03:00,1785554637,2360,79,3,26.6,35.5,,run
2026-08-01T06:24:02+03:00,1785554642,2365,79,3,26.6,35.8,,run
2026-08-01T06:24:08+03:00,1785554648,2371,79,3,26.6,37.1,,run
2026-08-01T06:24:13+03:00,1785554653,2376,79,3,26.6,35.2,,run
2026-08-01T06:24:18+03:00,1785554658,2381,79,3,26.6,35.5,,run
2026-08-01T06:24:23+03:00,1785554663,2386,79,3,26.6,35.5,,run
2026-08-01T06:24:29+03:00,1785554669,2392,79,3,26.6,48.2,,run
2026-08-01T06:24:34+03:00,1785554674,2397,79,3,26.6,42.3,,run
2026-08-01T06:24:40+03:00,1785554680,2403,79,3,26.7,40.5,,run
2026-08-01T06:24:45+03:00,1785554685,2408,79,3,26.7,39.8,,run
2026-08-01T06:24:50+03:00,1785554690,2413,79,3,26.7,39.5,,run
2026-08-01T06:24:55+03:00,1785554695,2418,78,3,26.8,38.0,,run
2026-08-01T06:25:01+03:00,1785554701,2424,78,3,26.8,38.9,,run
2026-08-01T06:25:06+03:00,1785554706,2429,78,3,26.8,40.5,,run
2026-08-01T06:25:11+03:00,1785554711,2434,78,3,26.8,39.2,,run
2026-08-01T06:25:16+03:00,1785554716,2439,78,3,26.8,41.4,,run
2026-08-01T06:25:21+03:00,1785554721,2444,78,3,26.8,38.3,,run
2026-08-01T06:25:27+03:00,1785554727,2450,78,3,26.8,37.1,,run
2026-08-01T06:25:32+03:00,1785554732,2455,78,3,26.8,39.2,,run
2026-08-01T06:25:37+03:00,1785554737,2460,78,3,26.8,40.5,,run
2026-08-01T06:25:42+03:00,1785554742,2465,78,3,26.8,43.9,,run
2026-08-01T06:25:48+03:00,1785554748,2471,78,3,26.8,49.1,,run
2026-08-01T06:25:53+03:00,1785554753,2476,78,3,26.8,39.8,,run
2026-08-01T06:25:58+03:00,1785554758,2481,78,3,26.8,39.5,,run
2026-08-01T06:26:04+03:00,1785554764,2487,78,3,26.8,38.6,,run
2026-08-01T06:26:09+03:00,1785554769,2492,78,3,26.8,38.9,,run
2026-08-01T06:26:14+03:00,1785554774,2497,78,3,26.8,37.1,,run
2026-08-01T06:26:19+03:00,1785554779,2502,78,3,26.8,36.4,,run
2026-08-01T06:26:24+03:00,1785554784,2507,78,3,26.8,36.8,,run
2026-08-01T06:26:30+03:00,1785554790,2513,78,3,26.8,49.4,,run
2026-08-01T06:26:35+03:00,1785554795,2518,78,3,26.8,39.8,,run
2026-08-01T06:26:40+03:00,1785554800,2523,78,3,26.8,38.3,,run
2026-08-01T06:26:46+03:00,1785554806,2529,78,3,26.8,41.4,,run
2026-08-01T06:26:51+03:00,1785554811,2534,78,3,26.8,38.0,,run
2026-08-01T06:26:56+03:00,1785554816,2539,78,3,26.8,37.4,,run
2026-08-01T06:27:01+03:00,1785554821,2544,78,3,26.8,38.6,,run
2026-08-01T06:27:06+03:00,1785554826,2549,78,3,26.8,37.7,,run
2026-08-01T06:27:12+03:00,1785554832,2555,78,3,26.8,37.1,,run
2026-08-01T06:27:17+03:00,1785554837,2560,78,3,26.8,40.5,,run
2026-08-01T06:27:22+03:00,1785554842,2565,78,3,26.8,37.7,,run
2026-08-01T06:27:27+03:00,1785554847,2570,78,3,26.8,37.4,,run
2026-08-01T06:27:33+03:00,1785554853,2576,78,3,26.8,40.2,,run
2026-08-01T06:27:38+03:00,1785554858,2581,78,3,26.8,38.3,,run
2026-08-01T06:27:43+03:00,1785554863,2586,78,3,26.8,43.6,,run
2026-08-01T06:27:48+03:00,1785554868,2591,78,3,26.8,43.2,,run
2026-08-01T06:27:54+03:00,1785554874,2597,78,3,26.8,38.9,,run
2026-08-01T06:27:59+03:00,1785554879,2602,78,3,26.8,36.8,,run
2026-08-01T06:28:04+03:00,1785554884,2607,78,3,26.8,37.1,,run
2026-08-01T06:28:09+03:00,1785554889,2612,78,3,26.8,35.8,,run
2026-08-01T06:28:14+03:00,1785554894,2617,78,3,26.8,38.6,,run
2026-08-01T06:28:20+03:00,1785554900,2623,78,3,26.8,36.8,,run
2026-08-01T06:28:25+03:00,1785554905,2628,78,3,26.8,36.8,,run
2026-08-01T06:28:30+03:00,1785554910,2633,78,3,26.8,47.9,,run
2026-08-01T06:28:35+03:00,1785554915,2638,78,3,26.8,38.9,,run
2026-08-01T06:28:41+03:00,1785554921,2644,78,3,26.8,37.4,,run
2026-08-01T06:28:46+03:00,1785554926,2649,78,3,26.8,36.8,,run
2026-08-01T06:28:51+03:00,1785554931,2654,78,3,26.8,39.5,,run
2026-08-01T06:28:56+03:00,1785554936,2659,78,3,26.8,37.4,,run
2026-08-01T06:29:02+03:00,1785554942,2665,78,3,26.8,36.4,,run
2026-08-01T06:29:07+03:00,1785554947,2670,78,3,26.8,37.4,,run
2026-08-01T06:29:12+03:00,1785554952,2675,78,3,26.8,36.1,,run
2026-08-01T06:29:17+03:00,1785554957,2680,78,3,26.8,36.1,,run
2026-08-01T06:29:23+03:00,1785554963,2686,78,3,26.8,39.5,,run
2026-08-01T06:29:28+03:00,1785554968,2691,78,3,26.8,37.1,,run
2026-08-01T06:29:33+03:00,1785554973,2696,78,3,26.8,37.1,,run
2026-08-01T06:29:38+03:00,1785554978,2701,78,3,26.8,36.1,,run
2026-08-01T06:29:44+03:00,1785554984,2707,78,3,26.8,42.3,,run
2026-08-01T06:29:49+03:00,1785554989,2712,78,3,26.8,41.4,,run
2026-08-01T06:29:54+03:00,1785554994,2717,78,3,26.8,38.3,,run
2026-08-01T06:29:59+03:00,1785554999,2722,78,3,26.8,40.2,,run
2026-08-01T06:30:05+03:00,1785555005,2728,78,3,26.8,36.4,,run
2026-08-01T06:30:10+03:00,1785555010,2733,78,3,26.8,36.8,,run
2026-08-01T06:30:15+03:00,1785555015,2738,78,3,26.8,36.4,,run
2026-08-01T06:30:20+03:00,1785555020,2743,78,3,26.8,36.1,,run
2026-08-01T06:30:26+03:00,1785555026,2749,78,3,26.8,37.1,,run
2026-08-01T06:30:31+03:00,1785555031,2754,78,3,26.8,36.8,,run
2026-08-01T06:30:36+03:00,1785555036,2759,78,3,26.8,36.1,,run
2026-08-01T06:30:41+03:00,1785555041,2764,78,3,26.8,36.1,,run
2026-08-01T06:30:47+03:00,1785555047,2770,78,3,26.8,35.5,,run
2026-08-01T06:30:52+03:00,1785555052,2775,78,3,26.8,35.8,,run
2026-08-01T06:30:57+03:00,1785555057,2780,78,3,26.8,36.8,,run
2026-08-01T06:31:02+03:00,1785555062,2785,78,3,26.8,36.4,,run
2026-08-01T06:31:07+03:00,1785555067,2790,78,3,26.8,36.1,,run
2026-08-01T06:31:13+03:00,1785555073,2796,78,3,26.8,36.1,,run
2026-08-01T06:31:18+03:00,1785555078,2801,78,3,26.8,36.4,,run
2026-08-01T06:31:23+03:00,1785555083,2806,78,3,26.8,35.8,,run
2026-08-01T06:31:28+03:00,1785555088,2811,78,3,26.8,37.7,,run
2026-08-01T06:31:34+03:00,1785555094,2817,78,3,26.8,36.1,,run
2026-08-01T06:31:39+03:00,1785555099,2822,78,3,26.8,35.5,,run
2026-08-01T06:31:44+03:00,1785555104,2827,78,3,26.8,35.2,,run
2026-08-01T06:31:49+03:00,1785555109,2832,78,3,26.8,35.5,,run
2026-08-01T06:31:54+03:00,1785555114,2837,78,3,26.8,35.2,,run
2026-08-01T06:32:00+03:00,1785555120,2843,78,3,26.8,38.9,,run
2026-08-01T06:32:05+03:00,1785555125,2848,78,3,26.8,35.5,,run
2026-08-01T06:32:10+03:00,1785555130,2853,78,3,26.8,35.2,,run
2026-08-01T06:32:15+03:00,1785555135,2858,78,3,26.8,37.1,,run
2026-08-01T06:32:21+03:00,1785555141,2864,78,3,26.8,37.1,,run
2026-08-01T06:32:26+03:00,1785555146,2869,78,3,26.8,36.8,,run
2026-08-01T06:32:31+03:00,1785555151,2874,78,3,26.8,38.6,,run
2026-08-01T06:32:36+03:00,1785555156,2879,78,3,26.8,36.1,,run
2026-08-01T06:32:42+03:00,1785555162,2885,78,3,26.8,35.8,,run
2026-08-01T06:32:47+03:00,1785555167,2890,78,3,26.8,35.2,,run
2026-08-01T06:32:52+03:00,1785555172,2895,78,3,26.8,35.5,,run
2026-08-01T06:32:57+03:00,1785555177,2900,78,3,26.8,37.1,,run
2026-08-01T06:33:03+03:00,1785555183,2906,78,3,26.8,37.1,,run
2026-08-01T06:33:08+03:00,1785555188,2911,78,3,26.8,35.5,,run
2026-08-01T06:33:13+03:00,1785555193,2916,78,3,26.8,35.5,,run
2026-08-01T06:33:18+03:00,1785555198,2921,78,3,26.8,36.1,,run
2026-08-01T06:33:23+03:00,1785555203,2926,78,3,26.8,35.2,,run
2026-08-01T06:33:29+03:00,1785555209,2932,78,3,26.8,36.1,,run
2026-08-01T06:33:34+03:00,1785555214,2937,78,3,26.8,36.1,,run
2026-08-01T06:33:39+03:00,1785555219,2942,78,3,26.8,36.4,,run
2026-08-01T06:33:44+03:00,1785555224,2947,78,3,26.8,36.8,,run
2026-08-01T06:33:50+03:00,1785555230,2953,78,3,26.8,34.9,,run
2026-08-01T06:33:55+03:00,1785555235,2958,78,3,26.8,35.5,,run
2026-08-01T06:34:00+03:00,1785555240,2963,78,3,26.8,38.0,,run
2026-08-01T06:34:05+03:00,1785555245,2968,78,3,26.8,48.5,,run
2026-08-01T06:34:11+03:00,1785555251,2974,78,3,26.8,39.8,,run
2026-08-01T06:34:16+03:00,1785555256,2979,78,3,26.8,36.8,,run
2026-08-01T06:34:21+03:00,1785555261,2984,78,3,26.8,36.4,,run
2026-08-01T06:34:27+03:00,1785555267,2990,78,3,26.8,36.8,,run
2026-08-01T06:34:32+03:00,1785555272,2995,77,3,26.9,36.1,,run
2026-08-01T06:34:37+03:00,1785555277,3000,77,3,26.8,39.5,,run
2026-08-01T06:34:42+03:00,1785555282,3005,77,3,26.8,36.8,,run
2026-08-01T06:34:48+03:00,1785555288,3011,77,3,26.8,36.4,,run
2026-08-01T06:34:53+03:00,1785555293,3016,77,3,26.8,36.1,,run
2026-08-01T06:34:58+03:00,1785555298,3021,77,3,26.8,36.1,,run
2026-08-01T06:35:03+03:00,1785555303,3026,77,3,26.8,35.8,,run
2026-08-01T06:35:08+03:00,1785555308,3031,77,3,26.8,39.5,,run
2026-08-01T06:35:14+03:00,1785555314,3037,77,3,26.8,36.8,,run
2026-08-01T06:35:19+03:00,1785555319,3042,77,3,26.8,41.7,,run
2026-08-01T06:35:24+03:00,1785555324,3047,77,3,26.8,46.7,,run
2026-08-01T06:35:29+03:00,1785555329,3052,77,3,26.8,41.4,,run
2026-08-01T06:35:35+03:00,1785555335,3058,77,3,26.8,36.8,,run
2026-08-01T06:35:40+03:00,1785555340,3063,77,3,26.8,36.8,,run
2026-08-01T06:35:45+03:00,1785555345,3068,77,3,26.8,37.1,,run
2026-08-01T06:35:50+03:00,1785555350,3073,77,3,26.8,36.8,,run
2026-08-01T06:35:56+03:00,1785555356,3079,77,3,26.8,36.4,,run
2026-08-01T06:36:01+03:00,1785555361,3084,77,3,26.8,36.4,,run
2026-08-01T06:36:06+03:00,1785555366,3089,77,3,26.8,37.4,,run
2026-08-01T06:36:12+03:00,1785555372,3095,77,3,26.8,44.2,,run
2026-08-01T06:36:17+03:00,1785555377,3100,77,3,26.8,37.7,,run
2026-08-01T06:36:22+03:00,1785555382,3105,77,3,26.8,38.6,,run
2026-08-01T06:36:27+03:00,1785555387,3110,77,3,26.8,37.4,,run
2026-08-01T06:36:33+03:00,1785555393,3116,77,3,26.8,36.8,,run
2026-08-01T06:36:38+03:00,1785555398,3121,77,3,26.8,36.8,,run
2026-08-01T06:36:43+03:00,1785555403,3126,77,3,26.8,36.1,,run
2026-08-01T06:36:48+03:00,1785555408,3131,77,3,26.8,36.4,,run
2026-08-01T06:36:53+03:00,1785555413,3136,77,3,26.8,38.3,,run
2026-08-01T06:36:59+03:00,1785555419,3142,77,3,26.8,36.1,,run
2026-08-01T06:37:04+03:00,1785555424,3147,77,3,26.8,36.8,,run
2026-08-01T06:37:09+03:00,1785555429,3152,77,3,26.8,36.1,,run
2026-08-01T06:37:14+03:00,1785555434,3157,77,3,26.8,36.4,,run
2026-08-01T06:37:20+03:00,1785555440,3163,77,3,26.8,37.1,,run
2026-08-01T06:37:25+03:00,1785555445,3168,77,3,26.8,45.1,,run
2026-08-01T06:37:30+03:00,1785555450,3173,77,3,26.8,40.8,,run
2026-08-01T06:37:36+03:00,1785555456,3179,77,3,26.8,42.0,,run
2026-08-01T06:37:41+03:00,1785555461,3184,77,3,26.8,36.8,,run
2026-08-01T06:37:46+03:00,1785555466,3189,77,3,26.8,36.8,,run
2026-08-01T06:37:51+03:00,1785555471,3194,77,3,26.8,35.8,,run
2026-08-01T06:37:57+03:00,1785555477,3200,77,3,26.8,36.1,,run
2026-08-01T06:38:02+03:00,1785555482,3205,77,3,26.8,38.6,,run
2026-08-01T06:38:07+03:00,1785555487,3210,77,3,26.8,36.1,,run
2026-08-01T06:38:12+03:00,1785555492,3215,77,3,26.8,35.8,,run
2026-08-01T06:38:18+03:00,1785555498,3221,77,3,26.8,49.4,,run
2026-08-01T06:38:23+03:00,1785555503,3226,77,3,26.8,39.2,,run
2026-08-01T06:38:29+03:00,1785555509,3232,77,3,26.8,38.6,,run
2026-08-01T06:38:34+03:00,1785555514,3237,77,3,26.8,39.2,,run
2026-08-01T06:38:39+03:00,1785555519,3242,77,3,26.8,37.7,,run
2026-08-01T06:38:44+03:00,1785555524,3247,77,3,26.8,37.4,,run
2026-08-01T06:38:50+03:00,1785555530,3253,77,3,26.8,39.5,,run
2026-08-01T06:38:55+03:00,1785555535,3258,77,3,26.8,37.1,,run
2026-08-01T06:39:00+03:00,1785555540,3263,77,3,26.8,38.3,,run
2026-08-01T06:39:05+03:00,1785555545,3268,77,3,26.8,38.6,,run
2026-08-01T06:39:11+03:00,1785555551,3274,77,3,26.8,36.8,,run
2026-08-01T06:39:16+03:00,1785555556,3279,77,3,26.8,36.4,,run
2026-08-01T06:39:21+03:00,1785555561,3284,77,3,26.8,40.8,,run
2026-08-01T06:39:26+03:00,1785555566,3289,77,3,26.8,37.1,,run
2026-08-01T06:39:32+03:00,1785555572,3295,77,3,26.8,43.6,,run
2026-08-01T06:39:37+03:00,1785555577,3300,77,3,26.8,49.4,,run
2026-08-01T06:39:43+03:00,1785555583,3306,77,3,26.8,42.9,,run
2026-08-01T06:39:48+03:00,1785555588,3311,77,3,26.8,37.7,,run
2026-08-01T06:39:53+03:00,1785555593,3316,77,3,26.8,38.0,,run
2026-08-01T06:39:59+03:00,1785555599,3322,77,3,26.8,36.8,,run
2026-08-01T06:40:04+03:00,1785555604,3327,77,3,26.8,49.4,,run
2026-08-01T06:40:09+03:00,1785555609,3332,77,3,26.8,38.9,,run
2026-08-01T06:40:14+03:00,1785555614,3337,77,3,26.8,41.1,,run
2026-08-01T06:40:20+03:00,1785555620,3343,77,3,26.8,38.3,,run
2026-08-01T06:40:25+03:00,1785555625,3348,77,3,26.8,38.9,,run
2026-08-01T06:40:30+03:00,1785555630,3353,77,3,26.8,38.9,,run
2026-08-01T06:40:35+03:00,1785555635,3358,77,3,26.8,38.0,,run
2026-08-01T06:40:41+03:00,1785555641,3364,77,3,26.8,37.1,,run
2026-08-01T06:40:46+03:00,1785555646,3369,77,3,26.8,40.8,,run
2026-08-01T06:40:51+03:00,1785555651,3374,77,3,26.8,37.4,,run
2026-08-01T06:40:56+03:00,1785555656,3379,77,3,26.8,39.2,,run
2026-08-01T06:41:02+03:00,1785555662,3385,77,3,26.8,38.9,,run
2026-08-01T06:41:07+03:00,1785555667,3390,77,3,26.8,37.1,,run
2026-08-01T06:41:12+03:00,1785555672,3395,77,3,26.8,38.3,,run
2026-08-01T06:41:17+03:00,1785555677,3400,77,3,26.8,43.2,,run
2026-08-01T06:41:23+03:00,1785555683,3406,77,3,26.8,43.9,,run
2026-08-01T06:41:28+03:00,1785555688,3411,77,3,26.8,40.5,,run
2026-08-01T06:41:33+03:00,1785555693,3416,77,3,26.8,42.9,,run
2026-08-01T06:41:38+03:00,1785555698,3421,77,3,26.8,38.9,,run
2026-08-01T06:41:43+03:00,1785555703,3426,77,3,26.8,37.1,,run
2026-08-01T06:41:49+03:00,1785555709,3432,77,3,26.8,37.4,,run
2026-08-01T06:41:54+03:00,1785555714,3437,77,3,26.8,39.5,,run
2026-08-01T06:41:59+03:00,1785555719,3442,77,3,26.8,37.1,,run
2026-08-01T06:42:04+03:00,1785555724,3447,77,3,26.8,47.0,,run
2026-08-01T06:42:10+03:00,1785555730,3453,77,3,26.8,41.1,,run
2026-08-01T06:42:15+03:00,1785555735,3458,77,3,26.8,39.5,,run
2026-08-01T06:42:21+03:00,1785555741,3464,77,3,26.8,37.1,,run
2026-08-01T06:42:26+03:00,1785555746,3469,77,3,26.8,37.4,,run
2026-08-01T06:42:31+03:00,1785555751,3474,77,3,26.8,37.7,,run
2026-08-01T06:42:36+03:00,1785555756,3479,77,3,26.8,37.4,,run
2026-08-01T06:42:42+03:00,1785555762,3485,77,3,26.8,38.0,,run
2026-08-01T06:42:47+03:00,1785555767,3490,77,3,26.8,37.4,,run
2026-08-01T06:42:52+03:00,1785555772,3495,77,3,26.8,37.1,,run
2026-08-01T06:42:57+03:00,1785555777,3500,77,3,26.8,36.8,,run
2026-08-01T06:43:03+03:00,1785555783,3506,77,3,26.8,36.8,,run
2026-08-01T06:43:08+03:00,1785555788,3511,77,3,26.8,36.8,,run
2026-08-01T06:43:13+03:00,1785555793,3516,77,3,26.8,37.7,,run
2026-08-01T06:43:18+03:00,1785555798,3521,77,3,26.8,37.4,,run
2026-08-01T06:43:24+03:00,1785555804,3527,77,3,26.8,51.3,,run
2026-08-01T06:43:29+03:00,1785555809,3532,77,3,26.8,38.9,,run
2026-08-01T06:43:34+03:00,1785555814,3537,77,3,26.8,37.7,,run
2026-08-01T06:43:40+03:00,1785555820,3543,77,3,26.8,36.4,,run
2026-08-01T06:43:45+03:00,1785555825,3548,77,3,26.8,37.1,,run
2026-08-01T06:43:50+03:00,1785555830,3553,77,3,26.8,37.4,,run
2026-08-01T06:43:55+03:00,1785555835,3558,77,3,26.8,37.4,,run
2026-08-01T06:44:00+03:00,1785555840,3563,77,3,26.8,37.1,,run
2026-08-01T06:44:06+03:00,1785555846,3569,77,3,26.8,37.4,,run
2026-08-01T06:44:11+03:00,1785555851,3574,76,3,27.1,50.1,,run
2026-08-01T06:44:16+03:00,1785555856,3579,76,3,27.1,38.9,,run
2026-08-01T06:44:22+03:00,1785555862,3585,76,3,27.1,38.0,,run
2026-08-01T06:44:27+03:00,1785555867,3590,76,3,27.1,41.1,,run
2026-08-01T06:44:32+03:00,1785555872,3595,76,3,27.1,37.7,,run
2026-08-01T06:44:37+03:00,1785555877,3600,76,3,27.0,36.8,,run
2026-08-01T06:44:43+03:00,1785555883,3606,76,3,27.0,36.8,,run
2026-08-01T06:44:48+03:00,1785555888,3611,76,3,27.0,37.1,,run
2026-08-01T06:44:53+03:00,1785555893,3616,76,3,27.0,36.4,,run
2026-08-01T06:44:58+03:00,1785555898,3621,76,3,27.0,40.5,,run
2026-08-01T06:45:04+03:00,1785555904,3627,76,3,27.0,37.4,,run
2026-08-01T06:45:09+03:00,1785555909,3632,76,3,27.0,37.1,,run
2026-08-01T06:45:14+03:00,1785555914,3637,76,3,27.0,37.1,,run
2026-08-01T06:45:19+03:00,1785555919,3642,76,3,27.0,36.4,,run
2026-08-01T06:45:25+03:00,1785555925,3648,76,3,27.0,35.8,,run
2026-08-01T06:45:30+03:00,1785555930,3653,76,3,27.0,50.7,,run
2026-08-01T06:45:35+03:00,1785555935,3658,76,3,27.0,38.3,,run
2026-08-01T06:45:41+03:00,1785555941,3664,76,3,27.0,37.1,,run
2026-08-01T06:45:46+03:00,1785555946,3669,76,3,27.0,36.8,,run
2026-08-01T06:45:51+03:00,1785555951,3674,76,3,27.0,36.1,,run
2026-08-01T06:45:56+03:00,1785555956,3679,76,3,27.0,35.5,,run
2026-08-01T06:46:02+03:00,1785555962,3685,76,3,27.0,35.8,,run
2026-08-01T06:46:07+03:00,1785555967,3690,76,3,27.0,35.8,,run
2026-08-01T06:46:12+03:00,1785555972,3695,76,3,27.0,35.8,,run
2026-08-01T06:46:17+03:00,1785555977,3700,76,3,27.0,47.9,,run
2026-08-01T06:46:23+03:00,1785555983,3706,76,3,27.0,38.9,,run
2026-08-01T06:46:28+03:00,1785555988,3711,76,3,27.0,39.5,,run
2026-08-01T06:46:33+03:00,1785555993,3716,76,3,27.0,37.7,,run
2026-08-01T06:46:39+03:00,1785555999,3722,76,3,27.0,37.7,,run
2026-08-01T06:46:44+03:00,1785556004,3727,76,3,27.0,36.8,,run
2026-08-01T06:46:49+03:00,1785556009,3732,76,3,27.0,36.8,,run
2026-08-01T06:46:54+03:00,1785556014,3737,76,3,27.0,36.4,,run
2026-08-01T06:46:59+03:00,1785556019,3742,76,3,27.0,39.5,,run
2026-08-01T06:47:05+03:00,1785556025,3748,76,3,27.0,38.0,,run
2026-08-01T06:47:10+03:00,1785556030,3753,76,3,27.0,36.4,,run
2026-08-01T06:47:15+03:00,1785556035,3758,76,3,27.0,37.1,,run
2026-08-01T06:47:20+03:00,1785556040,3763,76,3,27.0,36.4,,run
2026-08-01T06:47:26+03:00,1785556046,3769,76,3,27.0,38.0,,run
2026-08-01T06:47:31+03:00,1785556051,3774,76,3,27.0,45.4,,run
2026-08-01T06:47:36+03:00,1785556056,3779,76,3,27.0,47.6,,run
2026-08-01T06:47:42+03:00,1785556062,3785,76,3,27.0,39.8,,run
2026-08-01T06:47:47+03:00,1785556067,3790,76,3,27.0,36.8,,run
2026-08-01T06:47:52+03:00,1785556072,3795,76,3,27.0,37.1,,run
2026-08-01T06:47:57+03:00,1785556077,3800,76,3,27.0,36.8,,run
2026-08-01T06:48:03+03:00,1785556083,3806,76,3,27.0,36.1,,run
2026-08-01T06:48:08+03:00,1785556088,3811,76,3,27.0,36.4,,run
2026-08-01T06:48:13+03:00,1785556093,3816,76,3,27.0,36.1,,run
2026-08-01T06:48:18+03:00,1785556098,3821,76,3,27.0,40.5,,run
2026-08-01T06:48:24+03:00,1785556104,3827,76,3,27.0,44.5,,run
2026-08-01T06:48:29+03:00,1785556109,3832,76,3,27.0,39.8,,run
2026-08-01T06:48:34+03:00,1785556114,3837,76,3,27.0,38.9,,run
2026-08-01T06:48:39+03:00,1785556119,3842,76,3,27.0,37.4,,run
2026-08-01T06:48:44+03:00,1785556124,3847,76,3,27.0,37.7,,run
2026-08-01T06:48:50+03:00,1785556130,3853,76,3,27.0,38.3,,run
2026-08-01T06:48:55+03:00,1785556135,3858,76,3,27.0,38.6,,run
2026-08-01T06:49:00+03:00,1785556140,3863,76,3,27.0,40.2,,run
2026-08-01T06:49:05+03:00,1785556145,3868,76,3,27.0,38.0,,run
2026-08-01T06:49:11+03:00,1785556151,3874,76,3,27.0,37.7,,run
2026-08-01T06:49:16+03:00,1785556156,3879,76,3,27.0,37.1,,run
2026-08-01T06:49:21+03:00,1785556161,3884,76,3,27.0,38.6,,run
2026-08-01T06:49:26+03:00,1785556166,3889,76,3,27.0,38.3,,run
2026-08-01T06:49:32+03:00,1785556172,3895,76,3,27.0,40.5,,run
2026-08-01T06:49:37+03:00,1785556177,3900,76,3,27.0,49.4,,run
2026-08-01T06:49:42+03:00,1785556182,3905,76,3,27.0,39.5,,run
2026-08-01T06:49:48+03:00,1785556188,3911,76,3,27.0,38.3,,run
2026-08-01T06:49:53+03:00,1785556193,3916,76,3,27.0,36.4,,run
2026-08-01T06:49:58+03:00,1785556198,3921,76,3,27.0,36.4,,run
2026-08-01T06:50:03+03:00,1785556203,3926,76,3,27.0,36.8,,run
2026-08-01T06:50:09+03:00,1785556209,3932,76,3,27.0,35.8,,run
2026-08-01T06:50:14+03:00,1785556214,3937,76,3,27.0,36.8,,run
2026-08-01T06:50:19+03:00,1785556219,3942,76,3,27.0,35.8,,run
2026-08-01T06:50:24+03:00,1785556224,3947,76,3,27.0,49.4,,run
2026-08-01T06:50:30+03:00,1785556230,3953,76,3,27.0,39.5,,run
2026-08-01T06:50:35+03:00,1785556235,3958,76,3,27.0,38.3,,run
2026-08-01T06:50:40+03:00,1785556240,3963,76,3,27.0,37.7,,run
2026-08-01T06:50:45+03:00,1785556245,3968,76,3,27.0,37.7,,run
2026-08-01T06:50:51+03:00,1785556251,3974,76,3,27.0,37.7,,run
2026-08-01T06:50:56+03:00,1785556256,3979,76,3,27.0,39.8,,run
2026-08-01T06:51:01+03:00,1785556261,3984,76,3,27.0,38.3,,run
2026-08-01T06:51:06+03:00,1785556266,3989,76,3,27.0,37.7,,run
2026-08-01T06:51:12+03:00,1785556272,3995,76,3,27.0,37.1,,run
2026-08-01T06:51:17+03:00,1785556277,4000,76,3,27.0,36.1,,run
2026-08-01T06:51:22+03:00,1785556282,4005,76,3,27.0,36.4,,run
2026-08-01T06:51:27+03:00,1785556287,4010,76,3,27.0,38.9,,run
2026-08-01T06:51:33+03:00,1785556293,4016,76,3,27.0,37.4,,run
2026-08-01T06:51:38+03:00,1785556298,4021,76,3,27.0,41.1,,run
2026-08-01T06:51:43+03:00,1785556303,4026,76,3,27.0,49.7,,run
2026-08-01T06:51:48+03:00,1785556308,4031,76,3,27.0,40.2,,run
2026-08-01T06:51:54+03:00,1785556314,4037,76,3,27.0,36.8,,run
2026-08-01T06:51:59+03:00,1785556319,4042,76,3,27.0,36.1,,run
2026-08-01T06:52:04+03:00,1785556324,4047,76,3,27.0,36.4,,run
2026-08-01T06:52:09+03:00,1785556329,4052,76,3,27.0,35.5,,run
2026-08-01T06:52:15+03:00,1785556335,4058,76,3,27.0,36.8,,run
2026-08-01T06:52:20+03:00,1785556340,4063,76,3,27.0,36.8,,run
2026-08-01T06:52:25+03:00,1785556345,4068,76,3,27.0,37.7,,run
2026-08-01T06:52:30+03:00,1785556350,4073,76,3,27.0,37.4,,run
2026-08-01T06:52:36+03:00,1785556356,4079,76,3,27.0,37.4,,run
2026-08-01T06:52:41+03:00,1785556361,4084,76,3,27.0,36.8,,run
2026-08-01T06:52:46+03:00,1785556366,4089,76,3,27.0,36.8,,run
2026-08-01T06:52:51+03:00,1785556371,4094,76,3,27.0,36.1,,run
2026-08-01T06:52:56+03:00,1785556376,4099,76,3,27.0,38.3,,run
2026-08-01T06:53:02+03:00,1785556382,4105,76,3,27.0,37.1,,run
2026-08-01T06:53:07+03:00,1785556387,4110,76,3,27.0,37.1,,run
2026-08-01T06:53:12+03:00,1785556392,4115,76,3,27.0,35.5,,run
2026-08-01T06:53:17+03:00,1785556397,4120,76,3,27.0,35.8,,run
2026-08-01T06:53:23+03:00,1785556403,4126,76,3,27.0,35.2,,run
2026-08-01T06:53:28+03:00,1785556408,4131,76,3,27.0,37.7,,run
2026-08-01T06:53:33+03:00,1785556413,4136,76,3,27.0,36.1,,run
2026-08-01T06:53:38+03:00,1785556418,4141,76,3,27.0,36.1,,run
2026-08-01T06:53:44+03:00,1785556424,4147,76,3,27.0,37.4,,run
2026-08-01T06:53:49+03:00,1785556429,4152,76,3,27.0,36.1,,run
2026-08-01T06:53:54+03:00,1785556434,4157,76,3,27.0,37.7,,run
2026-08-01T06:53:59+03:00,1785556439,4162,76,3,27.0,37.7,,run
2026-08-01T06:54:05+03:00,1785556445,4168,76,3,27.0,36.8,,run
2026-08-01T06:54:10+03:00,1785556450,4173,76,3,27.0,37.4,,run
2026-08-01T06:54:15+03:00,1785556455,4178,76,3,27.0,36.8,,run
2026-08-01T06:54:20+03:00,1785556460,4183,76,3,27.0,37.1,,run
2026-08-01T06:54:26+03:00,1785556466,4189,76,3,27.0,38.0,,run
2026-08-01T06:54:31+03:00,1785556471,4194,76,3,27.0,39.5,,run
2026-08-01T06:54:36+03:00,1785556476,4199,76,3,27.1,36.1,,run
2026-08-01T06:54:41+03:00,1785556481,4204,76,3,27.1,36.1,,run
2026-08-01T06:54:47+03:00,1785556487,4210,76,3,27.1,35.8,,run
2026-08-01T06:54:52+03:00,1785556492,4215,75,3,27.1,36.8,,run
2026-08-01T06:54:57+03:00,1785556497,4220,75,3,27.1,37.7,,run
2026-08-01T06:55:02+03:00,1785556502,4225,75,3,27.1,36.8,,run
2026-08-01T06:55:07+03:00,1785556507,4230,75,3,27.1,36.1,,run
2026-08-01T06:55:13+03:00,1785556513,4236,75,3,27.1,36.1,,run
2026-08-01T06:55:18+03:00,1785556518,4241,75,3,27.1,36.1,,run
2026-08-01T06:55:23+03:00,1785556523,4246,75,3,27.1,36.8,,run
2026-08-01T06:55:28+03:00,1785556528,4251,75,3,27.1,38.0,,run
2026-08-01T06:55:34+03:00,1785556534,4257,75,3,27.1,36.1,,run
2026-08-01T06:55:39+03:00,1785556539,4262,75,3,27.1,35.8,,run
2026-08-01T06:55:44+03:00,1785556544,4267,75,3,27.1,35.5,,run
2026-08-01T06:55:49+03:00,1785556549,4272,75,3,27.1,36.4,,run
2026-08-01T06:55:55+03:00,1785556555,4278,75,3,27.1,36.8,,run
2026-08-01T06:56:00+03:00,1785556560,4283,75,3,27.1,37.7,,run
2026-08-01T06:56:05+03:00,1785556565,4288,75,3,27.1,35.5,,run
2026-08-01T06:56:10+03:00,1785556570,4293,75,3,27.1,35.8,,run
2026-08-01T06:56:16+03:00,1785556576,4299,75,3,27.1,34.9,,run
2026-08-01T06:56:21+03:00,1785556581,4304,75,3,27.1,35.5,,run
2026-08-01T06:56:26+03:00,1785556586,4309,75,3,27.1,37.4,,run
2026-08-01T06:56:31+03:00,1785556591,4314,75,3,27.1,36.8,,run
2026-08-01T06:56:37+03:00,1785556597,4320,75,3,27.1,50.1,,run
2026-08-01T06:56:42+03:00,1785556602,4325,75,3,27.1,39.5,,run
2026-08-01T06:56:47+03:00,1785556607,4330,75,3,27.1,36.8,,run
2026-08-01T06:56:53+03:00,1785556613,4336,75,3,27.1,36.1,,run
2026-08-01T06:56:58+03:00,1785556618,4341,75,3,27.1,36.8,,run
2026-08-01T06:57:03+03:00,1785556623,4346,75,3,27.1,38.3,,run
2026-08-01T06:57:08+03:00,1785556628,4351,75,3,27.1,37.7,,run
2026-08-01T06:57:14+03:00,1785556634,4357,75,3,27.1,37.4,,run
2026-08-01T06:57:19+03:00,1785556639,4362,75,3,27.1,36.1,,run
2026-08-01T06:57:24+03:00,1785556644,4367,75,3,27.1,36.8,,run
2026-08-01T06:57:29+03:00,1785556649,4372,75,3,27.1,37.1,,run
2026-08-01T06:57:35+03:00,1785556655,4378,75,3,27.1,39.5,,run
2026-08-01T06:57:40+03:00,1785556660,4383,75,3,27.1,37.7,,run
2026-08-01T06:57:45+03:00,1785556665,4388,75,3,27.1,37.4,,run
2026-08-01T06:57:50+03:00,1785556670,4393,75,3,27.1,41.4,,run
2026-08-01T06:57:56+03:00,1785556676,4399,75,3,27.1,50.7,,run
2026-08-01T06:58:01+03:00,1785556681,4404,75,3,27.1,40.5,,run
2026-08-01T06:58:06+03:00,1785556686,4409,75,3,27.1,36.8,,run
2026-08-01T06:58:12+03:00,1785556692,4415,75,3,27.1,35.5,,run
2026-08-01T06:58:17+03:00,1785556697,4420,75,3,27.1,35.8,,run
2026-08-01T06:58:22+03:00,1785556702,4425,75,3,27.1,34.6,,run
2026-08-01T06:58:27+03:00,1785556707,4430,75,3,27.1,36.1,,run
2026-08-01T06:58:33+03:00,1785556713,4436,75,3,27.1,35.8,,run
2026-08-01T06:58:38+03:00,1785556718,4441,75,3,27.1,37.7,,run
2026-08-01T06:58:43+03:00,1785556723,4446,75,3,27.1,48.2,,run
2026-08-01T06:58:48+03:00,1785556728,4451,75,3,27.1,39.8,,run
2026-08-01T06:58:54+03:00,1785556734,4457,75,3,27.1,37.4,,run
2026-08-01T06:58:59+03:00,1785556739,4462,75,3,27.1,37.1,,run
2026-08-01T06:59:04+03:00,1785556744,4467,75,3,27.1,37.1,,run
2026-08-01T06:59:09+03:00,1785556749,4472,75,3,27.1,37.4,,run
2026-08-01T06:59:15+03:00,1785556755,4478,75,3,27.1,38.6,,run
2026-08-01T06:59:20+03:00,1785556760,4483,75,3,27.1,37.4,,run
2026-08-01T06:59:25+03:00,1785556765,4488,75,3,27.1,36.4,,run
2026-08-01T06:59:30+03:00,1785556770,4493,75,3,27.1,36.1,,run
2026-08-01T06:59:36+03:00,1785556776,4499,75,3,27.1,36.4,,run
2026-08-01T06:59:41+03:00,1785556781,4504,75,3,27.1,36.8,,run
2026-08-01T06:59:46+03:00,1785556786,4509,75,3,27.1,38.6,,run
2026-08-01T06:59:51+03:00,1785556791,4514,75,3,27.1,37.4,,run
2026-08-01T06:59:57+03:00,1785556797,4520,75,3,27.1,41.1,,run
2026-08-01T07:00:02+03:00,1785556802,4525,75,3,27.1,49.4,,run
2026-08-01T07:00:07+03:00,1785556807,4530,75,3,27.1,41.1,,run
2026-08-01T07:00:12+03:00,1785556812,4535,75,3,27.1,36.8,,run
2026-08-01T07:00:18+03:00,1785556818,4541,75,3,27.1,37.1,,run
2026-08-01T07:00:23+03:00,1785556823,4546,75,3,27.1,35.8,,run
2026-08-01T07:00:28+03:00,1785556828,4551,75,3,27.1,35.8,,run
2026-08-01T07:00:33+03:00,1785556833,4556,75,3,27.1,36.1,,run
2026-08-01T07:00:39+03:00,1785556839,4562,75,3,27.1,35.8,,run
2026-08-01T07:00:44+03:00,1785556844,4567,75,3,27.1,35.8,,run
2026-08-01T07:00:49+03:00,1785556849,4572,75,3,27.1,47.9,,run
2026-08-01T07:00:55+03:00,1785556855,4578,75,3,27.1,39.5,,run
2026-08-01T07:01:00+03:00,1785556860,4583,75,3,27.1,38.0,,run
2026-08-01T07:01:05+03:00,1785556865,4588,75,3,27.1,36.4,,run
2026-08-01T07:01:11+03:00,1785556871,4594,75,3,27.1,36.8,,run
2026-08-01T07:01:16+03:00,1785556876,4599,75,3,27.1,36.8,,run
2026-08-01T07:01:21+03:00,1785556881,4604,75,3,27.1,39.8,,run
2026-08-01T07:01:26+03:00,1785556886,4609,75,3,27.1,36.8,,run
2026-08-01T07:01:31+03:00,1785556891,4614,75,3,27.1,36.1,,run
2026-08-01T07:01:37+03:00,1785556897,4620,75,3,27.1,36.4,,run
2026-08-01T07:01:42+03:00,1785556902,4625,75,3,27.1,36.8,,run
2026-08-01T07:01:47+03:00,1785556907,4630,75,3,27.1,35.8,,run
2026-08-01T07:01:52+03:00,1785556912,4635,75,3,27.1,39.5,,run
2026-08-01T07:01:58+03:00,1785556918,4641,75,3,27.1,36.4,,run
2026-08-01T07:02:03+03:00,1785556923,4646,75,3,27.1,41.1,,run
2026-08-01T07:02:08+03:00,1785556928,4651,75,3,27.1,49.4,,run
2026-08-01T07:02:14+03:00,1785556934,4657,75,3,27.1,40.8,,run
2026-08-01T07:02:19+03:00,1785556939,4662,75,3,27.1,36.8,,run
2026-08-01T07:02:24+03:00,1785556944,4667,75,3,27.1,37.7,,run
2026-08-01T07:02:29+03:00,1785556949,4672,75,3,27.1,36.8,,run
2026-08-01T07:02:35+03:00,1785556955,4678,75,3,27.1,35.8,,run
2026-08-01T07:02:40+03:00,1785556960,4683,75,3,27.1,37.1,,run
2026-08-01T07:02:45+03:00,1785556965,4688,75,3,27.1,36.8,,run
2026-08-01T07:02:50+03:00,1785556970,4693,75,3,27.1,38.9,,run
2026-08-01T07:02:55+03:00,1785556975,4698,75,3,27.1,50.1,,run
2026-08-01T07:03:01+03:00,1785556981,4704,75,3,27.1,41.4,,run
2026-08-01T07:03:06+03:00,1785556986,4709,75,3,27.1,38.6,,run
2026-08-01T07:03:11+03:00,1785556991,4714,75,3,27.1,37.4,,run
2026-08-01T07:03:17+03:00,1785556997,4720,75,3,27.1,37.4,,run
2026-08-01T07:03:22+03:00,1785557002,4725,75,3,27.1,36.4,,run
2026-08-01T07:03:27+03:00,1785557007,4730,75,3,27.1,39.5,,run
2026-08-01T07:03:32+03:00,1785557012,4735,75,3,27.1,37.7,,run
2026-08-01T07:03:38+03:00,1785557018,4741,75,3,27.1,37.7,,run
2026-08-01T07:03:43+03:00,1785557023,4746,75,3,27.1,36.8,,run
2026-08-01T07:03:48+03:00,1785557028,4751,75,3,27.1,37.7,,run
2026-08-01T07:03:53+03:00,1785557033,4756,75,3,27.1,36.4,,run
2026-08-01T07:03:59+03:00,1785557039,4762,75,3,27.1,39.2,,run
2026-08-01T07:04:04+03:00,1785557044,4767,75,3,27.1,37.1,,run
2026-08-01T07:04:09+03:00,1785557049,4772,75,3,27.1,42.3,,run
2026-08-01T07:04:14+03:00,1785557054,4777,75,3,27.1,48.8,,run
2026-08-01T07:04:20+03:00,1785557060,4783,75,3,27.1,41.1,,run
2026-08-01T07:04:25+03:00,1785557065,4788,75,3,27.1,37.1,,run
2026-08-01T07:04:30+03:00,1785557070,4793,75,3,27.1,38.3,,run
2026-08-01T07:04:35+03:00,1785557075,4798,75,3,27.2,39.2,,run
2026-08-01T07:04:41+03:00,1785557081,4804,75,3,27.2,36.8,,run
2026-08-01T07:04:46+03:00,1785557086,4809,75,3,27.2,36.1,,run
2026-08-01T07:04:51+03:00,1785557091,4814,75,3,27.2,37.1,,run
2026-08-01T07:04:56+03:00,1785557096,4819,75,3,27.2,37.7,,run
2026-08-01T07:05:02+03:00,1785557102,4825,75,3,27.2,47.9,,run
2026-08-01T07:05:08+03:00,1785557108,4831,75,3,27.2,39.2,,run
2026-08-01T07:05:13+03:00,1785557113,4836,75,3,27.2,38.0,,run
2026-08-01T07:05:18+03:00,1785557118,4841,75,3,27.2,37.1,,run
2026-08-01T07:05:23+03:00,1785557123,4846,75,3,27.2,36.8,,run
2026-08-01T07:05:29+03:00,1785557129,4852,75,3,27.2,36.4,,run
2026-08-01T07:05:34+03:00,1785557134,4857,75,3,27.2,39.8,,run
2026-08-01T07:05:39+03:00,1785557139,4862,75,3,27.2,37.4,,run
2026-08-01T07:05:44+03:00,1785557144,4867,75,3,27.2,36.8,,run
2026-08-01T07:05:49+03:00,1785557149,4872,75,3,27.2,36.4,,run
2026-08-01T07:05:55+03:00,1785557155,4878,75,3,27.2,36.4,,run
2026-08-01T07:06:00+03:00,1785557160,4883,75,3,27.2,36.8,,run
2026-08-01T07:06:05+03:00,1785557165,4888,75,3,27.2,39.2,,run
2026-08-01T07:06:10+03:00,1785557170,4893,75,3,27.2,37.1,,run
2026-08-01T07:06:16+03:00,1785557176,4899,75,3,27.2,43.6,,run
2026-08-01T07:06:21+03:00,1785557181,4904,75,3,27.2,48.5,,run
2026-08-01T07:06:26+03:00,1785557186,4909,75,3,27.2,37.7,,run
2026-08-01T07:06:32+03:00,1785557192,4915,75,3,27.2,37.4,,run
2026-08-01T07:06:37+03:00,1785557197,4920,74,3,27.2,36.1,,run
2026-08-01T07:06:42+03:00,1785557202,4925,74,3,27.2,35.8,,run
2026-08-01T07:06:47+03:00,1785557207,4930,74,3,27.2,35.2,,run
2026-08-01T07:06:53+03:00,1785557213,4936,74,3,27.2,36.1,,run
2026-08-01T07:06:58+03:00,1785557218,4941,74,3,27.2,35.8,,run
2026-08-01T07:07:03+03:00,1785557223,4946,74,3,27.2,36.1,,run
2026-08-01T07:07:08+03:00,1785557228,4951,74,3,27.2,38.3,,run
2026-08-01T07:07:14+03:00,1785557234,4957,74,3,27.2,50.4,,run
2026-08-01T07:07:19+03:00,1785557239,4962,74,3,27.2,39.2,,run
2026-08-01T07:07:24+03:00,1785557244,4967,74,3,27.2,37.4,,run
2026-08-01T07:07:30+03:00,1785557250,4973,74,3,27.2,37.1,,run
2026-08-01T07:07:35+03:00,1785557255,4978,74,3,27.2,37.1,,run
2026-08-01T07:07:40+03:00,1785557260,4983,74,3,27.2,37.7,,run
2026-08-01T07:07:45+03:00,1785557265,4988,74,3,27.2,38.3,,run
2026-08-01T07:07:50+03:00,1785557270,4993,74,3,27.2,37.1,,run
2026-08-01T07:07:56+03:00,1785557276,4999,74,3,27.2,37.1,,run
2026-08-01T07:08:01+03:00,1785557281,5004,74,3,27.2,36.8,,run
2026-08-01T07:08:06+03:00,1785557286,5009,74,3,27.2,36.1,,run
2026-08-01T07:08:11+03:00,1785557291,5014,74,3,27.2,38.6,,run
2026-08-01T07:08:17+03:00,1785557297,5020,74,3,27.2,39.2,,run
2026-08-01T07:08:22+03:00,1785557302,5025,74,3,27.2,38.3,,run
2026-08-01T07:08:27+03:00,1785557307,5030,74,3,27.2,45.1,,run
2026-08-01T07:08:32+03:00,1785557312,5035,74,3,27.2,48.8,,run
2026-08-01T07:08:38+03:00,1785557318,5041,74,3,27.2,41.7,,run
2026-08-01T07:08:43+03:00,1785557323,5046,74,3,27.2,36.4,,run
2026-08-01T07:08:48+03:00,1785557328,5051,74,3,27.2,36.8,,run
2026-08-01T07:08:53+03:00,1785557333,5056,74,3,27.2,35.8,,run
2026-08-01T07:08:59+03:00,1785557339,5062,74,3,27.2,35.5,,run
2026-08-01T07:09:04+03:00,1785557344,5067,74,3,27.2,35.8,,run
2026-08-01T07:09:09+03:00,1785557349,5072,74,3,27.2,35.5,,run
2026-08-01T07:09:14+03:00,1785557354,5077,74,3,27.2,37.4,,run
2026-08-01T07:09:20+03:00,1785557360,5083,74,3,27.2,49.7,,run
2026-08-01T07:09:25+03:00,1785557365,5088,74,3,27.2,39.2,,run
2026-08-01T07:09:30+03:00,1785557370,5093,74,3,27.2,37.1,,run
2026-08-01T07:09:36+03:00,1785557376,5099,74,3,27.2,37.4,,run
2026-08-01T07:09:41+03:00,1785557381,5104,74,3,27.2,37.1,,run
2026-08-01T07:09:46+03:00,1785557386,5109,74,3,27.2,36.8,,run
2026-08-01T07:09:51+03:00,1785557391,5114,74,3,27.2,38.6,,run
2026-08-01T07:09:57+03:00,1785557397,5120,74,3,27.2,37.1,,run
2026-08-01T07:10:02+03:00,1785557402,5125,74,3,27.2,36.8,,run
2026-08-01T07:10:07+03:00,1785557407,5130,74,3,27.2,36.4,,run
2026-08-01T07:10:12+03:00,1785557412,5135,74,3,27.2,35.8,,run
2026-08-01T07:10:18+03:00,1785557418,5141,74,3,27.2,38.0,,run
2026-08-01T07:10:23+03:00,1785557423,5146,74,3,27.2,38.0,,run
2026-08-01T07:10:28+03:00,1785557428,5151,74,3,27.2,36.8,,run
2026-08-01T07:10:33+03:00,1785557433,5156,74,3,27.2,43.2,,run
2026-08-01T07:10:39+03:00,1785557439,5162,74,3,27.2,49.7,,run
2026-08-01T07:10:44+03:00,1785557444,5167,74,3,27.2,40.5,,run
2026-08-01T07:10:49+03:00,1785557449,5172,74,3,27.2,36.4,,run
2026-08-01T07:10:54+03:00,1785557454,5177,74,3,27.2,36.8,,run
2026-08-01T07:11:00+03:00,1785557460,5183,74,3,27.2,36.4,,run
2026-08-01T07:11:05+03:00,1785557465,5188,74,3,27.2,36.1,,run
2026-08-01T07:11:10+03:00,1785557470,5193,74,3,27.2,36.8,,run
2026-08-01T07:11:15+03:00,1785557475,5198,74,3,27.2,35.5,,run
2026-08-01T07:11:21+03:00,1785557481,5204,74,3,27.2,37.7,,run
2026-08-01T07:11:26+03:00,1785557486,5209,74,3,27.2,48.2,,run
2026-08-01T07:11:31+03:00,1785557491,5214,74,3,27.2,40.8,,run
2026-08-01T07:11:36+03:00,1785557496,5219,74,3,27.2,38.0,,run
2026-08-01T07:11:42+03:00,1785557502,5225,74,3,27.2,36.8,,run
2026-08-01T07:11:47+03:00,1785557507,5230,74,3,27.2,36.8,,run
2026-08-01T07:11:52+03:00,1785557512,5235,74,3,27.2,36.8,,run
2026-08-01T07:11:57+03:00,1785557517,5240,74,3,27.2,38.3,,run
2026-08-01T07:12:03+03:00,1785557523,5246,74,3,27.2,37.4,,run
2026-08-01T07:12:08+03:00,1785557528,5251,74,3,27.2,37.4,,run
2026-08-01T07:12:13+03:00,1785557533,5256,74,3,27.2,36.8,,run
2026-08-01T07:12:18+03:00,1785557538,5261,74,3,27.2,36.8,,run
2026-08-01T07:12:23+03:00,1785557543,5266,74,3,27.2,36.4,,run
2026-08-01T07:12:29+03:00,1785557549,5272,74,3,27.2,37.4,,run
2026-08-01T07:12:34+03:00,1785557554,5277,74,3,27.2,36.8,,run
2026-08-01T07:12:39+03:00,1785557559,5282,74,3,27.2,39.2,,run
2026-08-01T07:12:44+03:00,1785557564,5287,74,3,27.2,42.6,,run
2026-08-01T07:12:50+03:00,1785557570,5293,74,3,27.2,37.7,,run
2026-08-01T07:12:55+03:00,1785557575,5298,74,3,27.2,36.1,,run
2026-08-01T07:13:00+03:00,1785557580,5303,74,3,27.2,37.1,,run
2026-08-01T07:13:05+03:00,1785557585,5308,74,3,27.2,35.2,,run
2026-08-01T07:13:11+03:00,1785557591,5314,74,3,27.2,36.4,,run
2026-08-01T07:13:16+03:00,1785557596,5319,74,3,27.2,37.4,,run
2026-08-01T07:13:21+03:00,1785557601,5324,74,3,27.2,37.4,,run
2026-08-01T07:13:26+03:00,1785557606,5329,74,3,27.2,38.0,,run
2026-08-01T07:13:32+03:00,1785557612,5335,74,3,27.2,44.8,,run
2026-08-01T07:13:37+03:00,1785557617,5340,74,3,27.2,38.6,,run
2026-08-01T07:13:42+03:00,1785557622,5345,74,3,27.2,38.3,,run
2026-08-01T07:13:47+03:00,1785557627,5350,74,3,27.2,38.0,,run
2026-08-01T07:13:53+03:00,1785557633,5356,74,3,27.2,39.5,,run
2026-08-01T07:13:58+03:00,1785557638,5361,74,3,27.2,39.5,,run
2026-08-01T07:14:03+03:00,1785557643,5366,74,3,27.2,37.7,,run
2026-08-01T07:14:08+03:00,1785557648,5371,74,3,27.2,37.1,,run
2026-08-01T07:14:14+03:00,1785557654,5377,74,3,27.2,38.0,,run
2026-08-01T07:14:19+03:00,1785557659,5382,74,3,27.2,38.0,,run
2026-08-01T07:14:24+03:00,1785557664,5387,74,3,27.2,39.8,,run
2026-08-01T07:14:29+03:00,1785557669,5392,74,3,27.2,39.5,,run
2026-08-01T07:14:35+03:00,1785557675,5398,74,3,27.2,38.6,,run
2026-08-01T07:14:40+03:00,1785557680,5403,74,3,27.0,37.1,,run
2026-08-01T07:14:45+03:00,1785557685,5408,74,3,27.0,47.6,,run
2026-08-01T07:14:51+03:00,1785557691,5414,74,3,27.0,39.5,,run
2026-08-01T07:14:56+03:00,1785557696,5419,74,3,27.0,37.7,,run
2026-08-01T07:15:01+03:00,1785557701,5424,74,3,27.0,36.1,,run
2026-08-01T07:15:06+03:00,1785557706,5429,74,3,27.0,36.1,,run
2026-08-01T07:15:12+03:00,1785557712,5435,74,3,27.0,49.4,,run
2026-08-01T07:15:17+03:00,1785557717,5440,74,3,27.0,42.9,,run
2026-08-01T07:15:22+03:00,1785557722,5445,74,3,27.0,38.6,,run
2026-08-01T07:15:28+03:00,1785557728,5451,74,3,27.0,37.4,,run
2026-08-01T07:15:33+03:00,1785557733,5456,74,3,27.0,37.1,,run
2026-08-01T07:15:38+03:00,1785557738,5461,74,3,27.0,37.4,,run
2026-08-01T07:15:43+03:00,1785557743,5466,74,3,27.0,37.4,,run
2026-08-01T07:15:48+03:00,1785557748,5471,74,3,27.0,40.8,,run
2026-08-01T07:15:54+03:00,1785557754,5477,74,3,27.0,37.7,,run
2026-08-01T07:15:59+03:00,1785557759,5482,74,3,27.0,37.4,,run
2026-08-01T07:16:04+03:00,1785557764,5487,74,3,27.0,36.8,,run
2026-08-01T07:16:09+03:00,1785557769,5492,74,3,27.0,37.4,,run
2026-08-01T07:16:15+03:00,1785557775,5498,74,3,27.0,36.1,,run
2026-08-01T07:16:20+03:00,1785557780,5503,74,3,27.0,40.2,,run
2026-08-01T07:16:25+03:00,1785557785,5508,74,3,27.0,44.2,,run
2026-08-01T07:16:30+03:00,1785557790,5513,74,3,27.0,49.1,,run
2026-08-01T07:16:36+03:00,1785557796,5519,74,3,27.0,42.0,,run
2026-08-01T07:16:41+03:00,1785557801,5524,74,3,27.0,37.4,,run
2026-08-01T07:16:46+03:00,1785557806,5529,74,3,27.0,36.1,,run
2026-08-01T07:16:52+03:00,1785557812,5535,74,3,27.0,36.1,,run
2026-08-01T07:16:57+03:00,1785557817,5540,74,3,27.0,36.4,,run
2026-08-01T07:17:02+03:00,1785557822,5545,74,3,27.0,35.8,,run
2026-08-01T07:17:07+03:00,1785557827,5550,74,3,27.0,35.5,,run
2026-08-01T07:17:12+03:00,1785557832,5555,74,3,27.0,38.9,,run
2026-08-01T07:17:18+03:00,1785557838,5561,73,3,27.1,44.8,,run
2026-08-01T07:17:23+03:00,1785557843,5566,73,3,27.1,40.8,,run
2026-08-01T07:17:28+03:00,1785557848,5571,73,3,27.1,38.3,,run
2026-08-01T07:17:34+03:00,1785557854,5577,73,3,27.1,37.1,,run
2026-08-01T07:17:39+03:00,1785557859,5582,73,3,27.1,36.1,,run
2026-08-01T07:17:44+03:00,1785557864,5587,73,3,27.1,37.7,,run
2026-08-01T07:17:49+03:00,1785557869,5592,73,3,27.1,37.7,,run
2026-08-01T07:17:55+03:00,1785557875,5598,73,3,27.1,38.0,,run
2026-08-01T07:18:00+03:00,1785557880,5603,73,3,27.1,36.8,,run
2026-08-01T07:18:05+03:00,1785557885,5608,73,3,27.1,36.8,,run
2026-08-01T07:18:10+03:00,1785557890,5613,73,3,27.1,36.4,,run
2026-08-01T07:18:15+03:00,1785557895,5618,73,3,27.1,36.8,,run
2026-08-01T07:18:21+03:00,1785557901,5624,73,3,27.1,37.4,,run
2026-08-01T07:18:26+03:00,1785557906,5629,73,3,27.1,38.3,,run
2026-08-01T07:18:31+03:00,1785557911,5634,73,3,27.1,45.7,,run
2026-08-01T07:18:37+03:00,1785557917,5640,73,3,27.1,39.2,,run
2026-08-01T07:18:42+03:00,1785557922,5645,73,3,27.1,38.9,,run
2026-08-01T07:18:47+03:00,1785557927,5650,73,3,27.1,36.8,,run
2026-08-01T07:18:52+03:00,1785557932,5655,73,3,27.1,35.2,,run
2026-08-01T07:18:58+03:00,1785557938,5661,73,3,27.1,35.5,,run
2026-08-01T07:19:03+03:00,1785557943,5666,73,3,27.1,35.8,,run
2026-08-01T07:19:08+03:00,1785557948,5671,73,3,27.1,35.8,,run
2026-08-01T07:19:13+03:00,1785557953,5676,73,3,27.1,35.8,,run
2026-08-01T07:19:19+03:00,1785557959,5682,73,3,27.1,37.7,,run
2026-08-01T07:19:24+03:00,1785557964,5687,73,3,27.1,47.0,,run
2026-08-01T07:19:29+03:00,1785557969,5692,73,3,27.1,41.4,,run
2026-08-01T07:19:34+03:00,1785557974,5697,73,3,27.1,38.3,,run
2026-08-01T07:19:40+03:00,1785557980,5703,73,3,27.1,38.9,,run
2026-08-01T07:19:45+03:00,1785557985,5708,73,3,27.1,38.3,,run
2026-08-01T07:19:50+03:00,1785557990,5713,73,3,27.1,37.7,,run
2026-08-01T07:19:55+03:00,1785557995,5718,73,3,27.1,38.3,,run
2026-08-01T07:20:01+03:00,1785558001,5724,73,3,27.1,39.5,,run
2026-08-01T07:20:06+03:00,1785558006,5729,73,3,27.1,37.7,,run
2026-08-01T07:20:11+03:00,1785558011,5734,73,3,27.1,38.3,,run
2026-08-01T07:20:16+03:00,1785558016,5739,73,3,27.1,38.0,,run
2026-08-01T07:20:22+03:00,1785558022,5745,73,3,27.1,37.4,,run
2026-08-01T07:20:27+03:00,1785558027,5750,73,3,27.1,38.9,,run
2026-08-01T07:20:32+03:00,1785558032,5755,73,3,27.1,38.0,,run
2026-08-01T07:20:37+03:00,1785558037,5760,73,3,27.1,39.8,,run
2026-08-01T07:20:43+03:00,1785558043,5766,73,3,27.1,42.0,,run
2026-08-01T07:20:48+03:00,1785558048,5771,73,3,27.1,38.0,,run
2026-08-01T07:20:53+03:00,1785558053,5776,73,3,27.1,37.4,,run
2026-08-01T07:20:58+03:00,1785558058,5781,73,3,27.1,36.8,,run
2026-08-01T07:21:04+03:00,1785558064,5787,73,3,27.1,36.4,,run
2026-08-01T07:21:09+03:00,1785558069,5792,73,3,27.1,36.4,,run
2026-08-01T07:21:14+03:00,1785558074,5797,73,3,27.1,38.0,,run
2026-08-01T07:21:19+03:00,1785558079,5802,73,3,27.1,36.1,,run
2026-08-01T07:21:24+03:00,1785558084,5807,73,3,27.1,50.1,,run
2026-08-01T07:21:30+03:00,1785558090,5813,73,3,27.1,39.5,,run
2026-08-01T07:21:35+03:00,1785558095,5818,73,3,27.1,37.1,,run
2026-08-01T07:21:41+03:00,1785558101,5824,73,3,27.1,37.7,,run
2026-08-01T07:21:46+03:00,1785558106,5829,73,3,27.1,38.6,,run
2026-08-01T07:21:51+03:00,1785558111,5834,73,3,27.1,37.4,,run
2026-08-01T07:21:56+03:00,1785558116,5839,73,3,27.1,36.8,,run
2026-08-01T07:22:02+03:00,1785558122,5845,73,3,27.1,36.8,,run
2026-08-01T07:22:07+03:00,1785558127,5850,73,3,27.1,36.4,,run
2026-08-01T07:22:12+03:00,1785558132,5855,73,3,27.1,39.8,,run
2026-08-01T07:22:17+03:00,1785558137,5860,73,3,27.1,37.4,,run
2026-08-01T07:22:23+03:00,1785558143,5866,73,3,27.1,37.4,,run
2026-08-01T07:22:28+03:00,1785558148,5871,73,3,27.1,36.8,,run
2026-08-01T07:22:33+03:00,1785558153,5876,73,3,27.1,37.4,,run
2026-08-01T07:22:38+03:00,1785558158,5881,73,3,27.1,41.1,,run
2026-08-01T07:22:44+03:00,1785558164,5887,73,3,27.1,49.4,,run
2026-08-01T07:22:49+03:00,1785558169,5892,73,3,27.1,41.4,,run
2026-08-01T07:22:54+03:00,1785558174,5897,73,3,27.1,36.8,,run
2026-08-01T07:22:59+03:00,1785558179,5902,73,3,27.1,36.4,,run
2026-08-01T07:23:05+03:00,1785558185,5908,73,3,27.1,38.3,,run
2026-08-01T07:23:10+03:00,1785558190,5913,73,3,27.1,40.2,,run
2026-08-01T07:23:15+03:00,1785558195,5918,73,3,27.1,37.4,,run
2026-08-01T07:23:21+03:00,1785558201,5924,73,3,27.1,37.1,,run
2026-08-01T07:23:26+03:00,1785558206,5929,73,3,27.1,39.5,,run
2026-08-01T07:23:31+03:00,1785558211,5934,73,3,27.1,37.4,,run
2026-08-01T07:23:36+03:00,1785558216,5939,73,3,27.1,37.1,,run
2026-08-01T07:23:42+03:00,1785558222,5945,73,3,27.1,36.8,,run
2026-08-01T07:23:47+03:00,1785558227,5950,73,3,27.1,36.8,,run
2026-08-01T07:23:52+03:00,1785558232,5955,73,3,27.1,37.7,,run
2026-08-01T07:23:57+03:00,1785558237,5960,73,3,27.1,39.8,,run
2026-08-01T07:24:03+03:00,1785558243,5966,73,3,27.1,37.4,,run
2026-08-01T07:24:08+03:00,1785558248,5971,73,3,27.1,36.8,,run
2026-08-01T07:24:13+03:00,1785558253,5976,73,3,27.1,36.8,,run
2026-08-01T07:24:18+03:00,1785558258,5981,73,3,27.1,36.1,,run
2026-08-01T07:24:24+03:00,1785558264,5987,73,3,27.1,48.2,,run
2026-08-01T07:24:29+03:00,1785558269,5992,73,3,27.1,38.3,,run
2026-08-01T07:24:34+03:00,1785558274,5997,73,3,27.1,37.1,,run
2026-08-01T07:24:40+03:00,1785558280,6003,73,3,27.3,36.8,,run
2026-08-01T07:24:45+03:00,1785558285,6008,73,3,27.3,36.4,,run
2026-08-01T07:24:50+03:00,1785558290,6013,73,3,27.3,36.1,,run
2026-08-01T07:24:55+03:00,1785558295,6018,73,3,27.3,36.1,,run
2026-08-01T07:25:01+03:00,1785558301,6024,73,3,27.3,38.3,,run
2026-08-01T07:25:06+03:00,1785558306,6029,73,3,27.3,37.4,,run
2026-08-01T07:25:11+03:00,1785558311,6034,73,3,27.3,49.7,,run
2026-08-01T07:25:17+03:00,1785558317,6040,73,3,27.3,39.2,,run
2026-08-01T07:25:22+03:00,1785558322,6045,73,3,27.3,37.4,,run
2026-08-01T07:25:27+03:00,1785558327,6050,73,3,27.3,37.1,,run
2026-08-01T07:25:32+03:00,1785558332,6055,73,3,27.3,37.1,,run
2026-08-01T07:25:38+03:00,1785558338,6061,73,3,27.3,38.9,,run
2026-08-01T07:25:43+03:00,1785558343,6066,73,3,27.3,38.0,,run
2026-08-01T07:25:48+03:00,1785558348,6071,73,3,27.3,37.4,,run
2026-08-01T07:25:53+03:00,1785558353,6076,73,3,27.3,38.9,,run
2026-08-01T07:25:59+03:00,1785558359,6082,73,3,27.3,37.7,,run
2026-08-01T07:26:04+03:00,1785558364,6087,73,3,27.3,36.8,,run
2026-08-01T07:26:09+03:00,1785558369,6092,73,3,27.3,39.2,,run
2026-08-01T07:26:14+03:00,1785558374,6097,73,3,27.3,38.3,,run
2026-08-01T07:26:20+03:00,1785558380,6103,73,3,27.3,37.1,,run
2026-08-01T07:26:25+03:00,1785558385,6108,73,3,27.3,42.6,,run
2026-08-01T07:26:30+03:00,1785558390,6113,73,3,27.3,50.1,,run
2026-08-01T07:26:36+03:00,1785558396,6119,73,3,27.3,41.7,,run
2026-08-01T07:26:41+03:00,1785558401,6124,73,3,27.3,37.4,,run
2026-08-01T07:26:46+03:00,1785558406,6129,73,3,27.3,35.8,,run
2026-08-01T07:26:51+03:00,1785558411,6134,73,3,27.3,36.4,,run
2026-08-01T07:26:57+03:00,1785558417,6140,73,3,27.3,35.8,,run
2026-08-01T07:27:02+03:00,1785558422,6145,73,3,27.3,36.1,,run
2026-08-01T07:27:07+03:00,1785558427,6150,73,3,27.3,36.4,,run
2026-08-01T07:27:12+03:00,1785558432,6155,73,3,27.3,36.4,,run
2026-08-01T07:27:17+03:00,1785558437,6160,73,3,27.3,48.2,,run
2026-08-01T07:27:23+03:00,1785558443,6166,73,3,27.3,38.9,,run
2026-08-01T07:27:28+03:00,1785558448,6171,73,3,27.3,41.7,,run
2026-08-01T07:27:33+03:00,1785558453,6176,73,3,27.3,39.2,,run
2026-08-01T07:27:38+03:00,1785558458,6181,73,3,27.3,39.5,,run
2026-08-01T07:27:44+03:00,1785558464,6187,73,3,27.3,38.0,,run
2026-08-01T07:27:49+03:00,1785558469,6192,73,3,27.3,37.7,,run
2026-08-01T07:27:54+03:00,1785558474,6197,73,3,27.3,38.6,,run
2026-08-01T07:27:59+03:00,1785558479,6202,72,3,27.5,41.4,,run
2026-08-01T07:28:05+03:00,1785558485,6208,72,3,27.5,39.5,,run
2026-08-01T07:28:10+03:00,1785558490,6213,72,3,27.5,38.6,,run
2026-08-01T07:28:15+03:00,1785558495,6218,72,3,27.5,38.0,,run
2026-08-01T07:28:20+03:00,1785558500,6223,72,3,27.5,37.4,,run
2026-08-01T07:28:26+03:00,1785558506,6229,72,3,27.5,38.3,,run
2026-08-01T07:28:31+03:00,1785558511,6234,72,3,27.5,41.1,,run
2026-08-01T07:28:36+03:00,1785558516,6239,72,3,27.5,43.9,,run
2026-08-01T07:28:41+03:00,1785558521,6244,72,3,27.5,39.5,,run
2026-08-01T07:28:47+03:00,1785558527,6250,72,3,27.5,37.1,,run
2026-08-01T07:28:52+03:00,1785558532,6255,72,3,27.5,36.4,,run
2026-08-01T07:28:57+03:00,1785558537,6260,72,3,27.5,36.8,,run
2026-08-01T07:29:02+03:00,1785558542,6265,72,3,27.5,35.8,,run
2026-08-01T07:29:08+03:00,1785558548,6271,72,3,27.5,38.0,,run
2026-08-01T07:29:13+03:00,1785558553,6276,72,3,27.5,37.1,,run
2026-08-01T07:29:18+03:00,1785558558,6281,72,3,27.5,39.2,,run
2026-08-01T07:29:23+03:00,1785558563,6286,72,3,27.5,43.2,,run
2026-08-01T07:29:29+03:00,1785558569,6292,72,3,27.5,38.9,,run
2026-08-01T07:29:34+03:00,1785558574,6297,72,3,27.5,38.0,,run
2026-08-01T07:29:39+03:00,1785558579,6302,72,3,27.5,38.3,,run
2026-08-01T07:29:44+03:00,1785558584,6307,72,3,27.5,37.1,,run
2026-08-01T07:29:50+03:00,1785558590,6313,72,3,27.5,40.2,,run
2026-08-01T07:29:55+03:00,1785558595,6318,72,3,27.5,37.7,,run
2026-08-01T07:30:00+03:00,1785558600,6323,72,3,27.5,37.4,,run
2026-08-01T07:30:05+03:00,1785558605,6328,72,3,27.5,37.4,,run
2026-08-01T07:30:11+03:00,1785558611,6334,72,3,27.5,36.4,,run
2026-08-01T07:30:16+03:00,1785558616,6339,72,3,27.5,36.8,,run
2026-08-01T07:30:21+03:00,1785558621,6344,72,3,27.5,40.2,,run
2026-08-01T07:30:26+03:00,1785558626,6349,72,3,27.5,37.4,,run
2026-08-01T07:30:32+03:00,1785558632,6355,72,3,27.5,36.4,,run
2026-08-01T07:30:37+03:00,1785558637,6360,72,3,27.5,48.2,,run
2026-08-01T07:30:42+03:00,1785558642,6365,72,3,27.5,39.2,,run
2026-08-01T07:30:48+03:00,1785558648,6371,72,3,27.5,40.2,,run
2026-08-01T07:30:53+03:00,1785558653,6376,72,3,27.5,36.4,,run
2026-08-01T07:30:58+03:00,1785558658,6381,72,3,27.5,36.4,,run
2026-08-01T07:31:03+03:00,1785558663,6386,72,3,27.5,36.8,,run
2026-08-01T07:31:09+03:00,1785558669,6392,72,3,27.5,36.4,,run
2026-08-01T07:31:14+03:00,1785558674,6397,72,3,27.5,36.1,,run
2026-08-01T07:31:19+03:00,1785558679,6402,72,3,27.5,38.3,,run
2026-08-01T07:31:24+03:00,1785558684,6407,72,3,27.5,37.4,,run
2026-08-01T07:31:30+03:00,1785558690,6413,72,3,27.5,38.0,,run
2026-08-01T07:31:35+03:00,1785558695,6418,72,3,27.5,43.9,,run
2026-08-01T07:31:40+03:00,1785558700,6423,72,3,27.5,38.3,,run
2026-08-01T07:31:45+03:00,1785558705,6428,72,3,27.5,37.1,,run
2026-08-01T07:31:51+03:00,1785558711,6434,72,3,27.5,37.1,,run
2026-08-01T07:31:56+03:00,1785558716,6439,72,3,27.5,39.5,,run
2026-08-01T07:32:01+03:00,1785558721,6444,72,3,27.5,38.0,,run
2026-08-01T07:32:06+03:00,1785558726,6449,72,3,27.5,37.7,,run
2026-08-01T07:32:12+03:00,1785558732,6455,72,3,27.5,36.8,,run
2026-08-01T07:32:17+03:00,1785558737,6460,72,3,27.5,37.4,,run
2026-08-01T07:32:22+03:00,1785558742,6465,72,3,27.5,36.8,,run
2026-08-01T07:32:27+03:00,1785558747,6470,72,3,27.5,39.2,,run
2026-08-01T07:32:33+03:00,1785558753,6476,72,3,27.5,36.8,,run
2026-08-01T07:32:38+03:00,1785558758,6481,72,3,27.5,37.1,,run
2026-08-01T07:32:43+03:00,1785558763,6486,72,3,27.5,37.1,,run
2026-08-01T07:32:48+03:00,1785558768,6491,72,3,27.5,45.4,,run
2026-08-01T07:32:54+03:00,1785558774,6497,72,3,27.5,39.8,,run
2026-08-01T07:32:59+03:00,1785558779,6502,72,3,27.5,41.1,,run
2026-08-01T07:33:05+03:00,1785558785,6508,72,3,27.5,37.4,,run
2026-08-01T07:33:10+03:00,1785558790,6513,72,3,27.5,36.4,,run
2026-08-01T07:33:15+03:00,1785558795,6518,72,3,27.5,35.8,,run
2026-08-01T07:33:20+03:00,1785558800,6523,72,3,27.5,36.8,,run
2026-08-01T07:33:26+03:00,1785558806,6529,72,3,27.5,35.8,,run
2026-08-01T07:33:31+03:00,1785558811,6534,72,3,27.5,37.1,,run
2026-08-01T07:33:36+03:00,1785558816,6539,72,3,27.5,36.8,,run
2026-08-01T07:33:41+03:00,1785558821,6544,72,3,27.5,39.5,,run
2026-08-01T07:33:47+03:00,1785558827,6550,72,3,27.5,44.2,,run
2026-08-01T07:33:52+03:00,1785558832,6555,72,3,27.5,39.5,,run
2026-08-01T07:33:57+03:00,1785558837,6560,72,3,27.5,38.0,,run
2026-08-01T07:34:02+03:00,1785558842,6565,72,3,27.5,37.4,,run
2026-08-01T07:34:08+03:00,1785558848,6571,72,3,27.5,37.1,,run
2026-08-01T07:34:13+03:00,1785558853,6576,72,3,27.5,37.1,,run
2026-08-01T07:34:18+03:00,1785558858,6581,72,3,27.5,38.9,,run
2026-08-01T07:34:23+03:00,1785558863,6586,72,3,27.5,38.6,,run
2026-08-01T07:34:29+03:00,1785558869,6592,72,3,27.5,37.1,,run
2026-08-01T07:34:34+03:00,1785558874,6597,72,3,27.5,37.4,,run
2026-08-01T07:34:39+03:00,1785558879,6602,72,3,27.7,36.8,,run
2026-08-01T07:34:44+03:00,1785558884,6607,72,3,27.7,36.4,,run
2026-08-01T07:34:50+03:00,1785558890,6613,72,3,27.7,39.2,,run
2026-08-01T07:34:55+03:00,1785558895,6618,72,3,27.7,37.1,,run
2026-08-01T07:35:00+03:00,1785558900,6623,72,3,27.7,45.1,,run
2026-08-01T07:35:06+03:00,1785558906,6629,72,3,27.7,40.8,,run
2026-08-01T07:35:11+03:00,1785558911,6634,72,3,27.7,39.2,,run
2026-08-01T07:35:16+03:00,1785558916,6639,72,3,27.7,37.4,,run
2026-08-01T07:35:21+03:00,1785558921,6644,72,3,27.7,37.1,,run
2026-08-01T07:35:27+03:00,1785558927,6650,72,3,27.7,36.4,,run
2026-08-01T07:35:32+03:00,1785558932,6655,72,3,27.7,36.8,,run
2026-08-01T07:35:37+03:00,1785558937,6660,72,3,27.7,36.4,,run
2026-08-01T07:35:42+03:00,1785558942,6665,72,3,27.7,37.1,,run
2026-08-01T07:35:48+03:00,1785558948,6671,72,3,27.7,37.1,,run
2026-08-01T07:35:53+03:00,1785558953,6676,72,3,27.7,40.5,,run
2026-08-01T07:35:58+03:00,1785558958,6681,72,3,27.7,45.1,,run
2026-08-01T07:36:04+03:00,1785558964,6687,72,3,27.7,39.2,,run
2026-08-01T07:36:09+03:00,1785558969,6692,72,3,27.7,38.3,,run
2026-08-01T07:36:14+03:00,1785558974,6697,72,3,27.7,40.5,,run
2026-08-01T07:36:19+03:00,1785558979,6702,72,3,27.7,39.2,,run
2026-08-01T07:36:25+03:00,1785558985,6708,72,3,27.7,38.6,,run
2026-08-01T07:36:30+03:00,1785558990,6713,72,3,27.7,39.2,,run
2026-08-01T07:36:35+03:00,1785558995,6718,72,3,27.7,38.0,,run
2026-08-01T07:36:40+03:00,1785559000,6723,72,3,27.7,37.4,,run
2026-08-01T07:36:46+03:00,1785559006,6729,72,3,27.7,37.4,,run
2026-08-01T07:36:51+03:00,1785559011,6734,72,3,27.7,37.1,,run
2026-08-01T07:36:56+03:00,1785559016,6739,72,3,27.7,38.9,,run
2026-08-01T07:37:01+03:00,1785559021,6744,72,3,27.7,38.3,,run
2026-08-01T07:37:07+03:00,1785559027,6750,72,3,27.7,37.4,,run
2026-08-01T07:37:12+03:00,1785559032,6755,72,3,27.7,46.3,,run
2026-08-01T07:37:17+03:00,1785559037,6760,72,3,27.7,39.8,,run
2026-08-01T07:37:23+03:00,1785559043,6766,72,3,27.7,40.8,,run
2026-08-01T07:37:28+03:00,1785559048,6771,72,3,27.7,37.4,,run
2026-08-01T07:37:33+03:00,1785559053,6776,72,3,27.7,38.0,,run
2026-08-01T07:37:38+03:00,1785559058,6781,72,3,27.7,37.4,,run
2026-08-01T07:37:44+03:00,1785559064,6787,72,3,28.0,37.1,,run
2026-08-01T07:37:49+03:00,1785559069,6792,72,3,28.0,36.8,,run
2026-08-01T07:37:54+03:00,1785559074,6797,72,3,28.0,37.1,,run
2026-08-01T07:37:59+03:00,1785559079,6802,72,3,28.0,49.7,,run
2026-08-01T07:38:05+03:00,1785559085,6808,72,3,28.0,42.3,,run
2026-08-01T07:38:10+03:00,1785559090,6813,72,3,28.0,38.3,,run
2026-08-01T07:38:15+03:00,1785559095,6818,72,3,28.0,38.3,,run
2026-08-01T07:38:21+03:00,1785559101,6824,72,3,28.0,37.7,,run
2026-08-01T07:38:26+03:00,1785559106,6829,72,3,28.0,37.4,,run
2026-08-01T07:38:31+03:00,1785559111,6834,72,3,28.0,38.0,,run
2026-08-01T07:38:36+03:00,1785559116,6839,72,3,28.0,40.8,,run
2026-08-01T07:38:42+03:00,1785559122,6845,72,3,28.0,37.4,,run
2026-08-01T07:38:47+03:00,1785559127,6850,72,3,28.0,38.3,,run
2026-08-01T07:38:52+03:00,1785559132,6855,72,3,28.0,38.0,,run
2026-08-01T07:38:57+03:00,1785559137,6860,72,3,28.0,37.7,,run
2026-08-01T07:39:03+03:00,1785559143,6866,72,3,28.0,38.3,,run
2026-08-01T07:39:08+03:00,1785559148,6871,72,3,28.0,38.3,,run
2026-08-01T07:39:13+03:00,1785559153,6876,72,3,28.0,42.3,,run
2026-08-01T07:39:18+03:00,1785559158,6881,72,3,28.0,49.1,,run
2026-08-01T07:39:24+03:00,1785559164,6887,72,3,28.0,42.3,,run
2026-08-01T07:39:29+03:00,1785559169,6892,72,3,28.0,38.0,,run
2026-08-01T07:39:34+03:00,1785559174,6897,72,3,28.0,37.4,,run
2026-08-01T07:39:40+03:00,1785559180,6903,72,3,28.0,36.8,,run
2026-08-01T07:39:45+03:00,1785559185,6908,72,3,28.0,36.4,,run
2026-08-01T07:39:50+03:00,1785559190,6913,71,3,28.0,37.7,,run
2026-08-01T07:39:55+03:00,1785559195,6918,71,3,28.0,37.7,,run
2026-08-01T07:40:01+03:00,1785559201,6924,71,3,28.0,39.2,,run
2026-08-01T07:40:06+03:00,1785559206,6929,71,3,28.0,43.2,,run
2026-08-01T07:40:11+03:00,1785559211,6934,71,3,28.0,38.3,,run
2026-08-01T07:40:16+03:00,1785559216,6939,71,3,28.0,37.7,,run
2026-08-01T07:40:22+03:00,1785559222,6945,71,3,28.0,37.4,,run
2026-08-01T07:40:27+03:00,1785559227,6950,71,3,28.0,38.9,,run
2026-08-01T07:40:32+03:00,1785559232,6955,71,3,28.0,38.3,,run
2026-08-01T07:40:37+03:00,1785559237,6960,71,3,28.0,37.7,,run
2026-08-01T07:40:43+03:00,1785559243,6966,71,3,28.0,37.4,,run
2026-08-01T07:40:48+03:00,1785559248,6971,71,3,28.0,37.7,,run
2026-08-01T07:40:53+03:00,1785559253,6976,71,3,28.0,37.4,,run
2026-08-01T07:40:58+03:00,1785559258,6981,71,3,28.0,40.5,,run
2026-08-01T07:41:04+03:00,1785559264,6987,71,3,28.0,38.0,,run
2026-08-01T07:41:09+03:00,1785559269,6992,71,3,28.0,37.7,,run
2026-08-01T07:41:14+03:00,1785559274,6997,71,3,28.0,37.7,,run
2026-08-01T07:41:19+03:00,1785559279,7002,71,3,28.0,47.6,,run
2026-08-01T07:41:25+03:00,1785559285,7008,71,3,28.0,40.2,,run
2026-08-01T07:41:30+03:00,1785559290,7013,71,3,28.0,40.8,,run
2026-08-01T07:41:35+03:00,1785559295,7018,71,3,28.0,37.7,,run
2026-08-01T07:41:41+03:00,1785559301,7024,71,3,28.0,37.1,,run
2026-08-01T07:41:46+03:00,1785559306,7029,71,3,28.0,36.8,,run
2026-08-01T07:41:51+03:00,1785559311,7034,71,3,28.0,37.1,,run
2026-08-01T07:41:56+03:00,1785559316,7039,71,3,28.0,36.8,,run
2026-08-01T07:42:02+03:00,1785559322,7045,71,3,28.0,37.1,,run
2026-08-01T07:42:07+03:00,1785559327,7050,71,3,28.0,38.0,,run
2026-08-01T07:42:12+03:00,1785559332,7055,71,3,28.0,48.2,,run
2026-08-01T07:42:18+03:00,1785559338,7061,71,3,28.0,40.8,,run
2026-08-01T07:42:23+03:00,1785559343,7066,71,3,28.0,38.6,,run
2026-08-01T07:42:28+03:00,1785559348,7071,71,3,28.0,37.1,,run
2026-08-01T07:42:33+03:00,1785559353,7076,71,3,28.0,37.7,,run
2026-08-01T07:42:39+03:00,1785559359,7082,71,3,28.0,39.2,,run
2026-08-01T07:42:44+03:00,1785559364,7087,71,3,28.0,37.7,,run
2026-08-01T07:42:49+03:00,1785559369,7092,71,3,28.0,37.7,,run
2026-08-01T07:42:54+03:00,1785559374,7097,71,3,28.0,38.0,,run
2026-08-01T07:43:00+03:00,1785559380,7103,71,3,28.0,37.7,,run
2026-08-01T07:43:05+03:00,1785559385,7108,71,3,28.0,37.7,,run
2026-08-01T07:43:10+03:00,1785559390,7113,71,3,28.0,39.5,,run
2026-08-01T07:43:15+03:00,1785559395,7118,71,3,28.0,37.4,,run
2026-08-01T07:43:21+03:00,1785559401,7124,71,3,28.0,37.4,,run
2026-08-01T07:43:26+03:00,1785559406,7129,71,3,28.0,37.7,,run
2026-08-01T07:43:31+03:00,1785559411,7134,71,3,28.0,48.8,,run
2026-08-01T07:43:37+03:00,1785559417,7140,71,3,28.0,39.2,,run
2026-08-01T07:43:42+03:00,1785559422,7145,71,3,28.0,38.6,,run
2026-08-01T07:43:47+03:00,1785559427,7150,71,3,28.0,38.0,,run
2026-08-01T07:43:52+03:00,1785559432,7155,71,3,28.0,37.1,,run
2026-08-01T07:43:58+03:00,1785559438,7161,71,3,28.0,36.4,,run
2026-08-01T07:44:03+03:00,1785559443,7166,71,3,28.0,38.0,,run
2026-08-01T07:44:08+03:00,1785559448,7171,71,3,28.0,38.9,,run
2026-08-01T07:44:13+03:00,1785559453,7176,71,3,28.0,38.3,,run
2026-08-01T07:44:19+03:00,1785559459,7182,71,3,28.0,38.9,,run
2026-08-01T07:44:24+03:00,1785559464,7187,71,3,28.0,46.7,,run
2026-08-01T07:44:29+03:00,1785559469,7192,71,3,28.0,38.9,,run
2026-08-01T07:44:35+03:00,1785559475,7198,71,3,28.0,37.7,,run
2026-08-01T07:44:40+03:00,1785559480,7203,71,3,28.0,40.2,,run
2026-08-01T07:44:45+03:00,1785559485,7208,71,3,28.0,38.0,,run
2026-08-01T07:44:50+03:00,1785559490,7213,71,3,28.0,37.7,,run
2026-08-01T07:44:56+03:00,1785559496,7219,71,3,28.0,37.7,,run
2026-08-01T07:45:01+03:00,1785559501,7224,71,3,28.0,37.1,,run
2026-08-01T07:45:06+03:00,1785559506,7229,71,3,28.0,42.3,,run
2026-08-01T07:45:11+03:00,1785559511,7234,71,3,28.0,38.6,,run
2026-08-01T07:45:17+03:00,1785559517,7240,71,3,28.0,38.6,,run
2026-08-01T07:45:22+03:00,1785559522,7245,71,3,28.0,37.4,,run
2026-08-01T07:45:27+03:00,1785559527,7250,71,3,28.0,37.7,,run
2026-08-01T07:45:32+03:00,1785559532,7255,71,3,28.0,36.8,,run
2026-08-01T07:45:38+03:00,1785559538,7261,71,3,28.0,42.0,,run
2026-08-01T07:45:43+03:00,1785559543,7266,71,3,28.0,41.7,,run
2026-08-01T07:45:48+03:00,1785559548,7271,71,3,28.0,39.5,,run
2026-08-01T07:45:53+03:00,1785559553,7276,71,3,28.0,37.1,,run
2026-08-01T07:45:59+03:00,1785559559,7282,71,3,28.0,37.1,,run
2026-08-01T07:46:04+03:00,1785559564,7287,71,3,28.0,36.4,,run
2026-08-01T07:46:09+03:00,1785559569,7292,71,3,28.0,38.6,,run
2026-08-01T07:46:14+03:00,1785559574,7297,71,3,28.0,37.7,,run
2026-08-01T07:46:20+03:00,1785559580,7303,71,3,28.0,37.1,,run
2026-08-01T07:46:25+03:00,1785559585,7308,71,3,28.0,37.7,,run
2026-08-01T07:46:30+03:00,1785559590,7313,71,3,28.0,50.4,,run
2026-08-01T07:46:35+03:00,1785559595,7318,71,3,28.0,39.8,,run
2026-08-01T07:46:41+03:00,1785559601,7324,71,3,28.0,38.9,,run
2026-08-01T07:46:46+03:00,1785559606,7329,71,3,28.0,39.5,,run
2026-08-01T07:46:51+03:00,1785559611,7334,71,3,28.0,39.2,,run
2026-08-01T07:46:56+03:00,1785559616,7339,71,3,28.0,39.5,,run
2026-08-01T07:47:02+03:00,1785559622,7345,71,3,28.0,40.5,,run
2026-08-01T07:47:07+03:00,1785559627,7350,71,3,28.0,38.3,,run
2026-08-01T07:47:12+03:00,1785559632,7355,71,3,28.0,38.3,,run
2026-08-01T07:47:17+03:00,1785559637,7360,71,3,28.0,42.0,,run
2026-08-01T07:47:23+03:00,1785559643,7366,71,3,28.0,38.3,,run
2026-08-01T07:47:28+03:00,1785559648,7371,71,3,28.0,39.8,,run
2026-08-01T07:47:33+03:00,1785559653,7376,71,3,28.0,40.8,,run
2026-08-01T07:47:38+03:00,1785559658,7381,71,3,28.0,39.2,,run
2026-08-01T07:47:44+03:00,1785559664,7387,71,3,28.0,50.1,,run
2026-08-01T07:47:49+03:00,1785559669,7392,71,3,28.0,49.4,,run
2026-08-01T07:47:54+03:00,1785559674,7397,71,3,28.0,41.4,,run
2026-08-01T07:48:00+03:00,1785559680,7403,71,3,28.0,38.6,,run
2026-08-01T07:48:05+03:00,1785559685,7408,71,3,28.0,37.7,,run
2026-08-01T07:48:10+03:00,1785559690,7413,71,3,28.0,37.1,,run
2026-08-01T07:48:15+03:00,1785559695,7418,71,3,28.0,37.1,,run
2026-08-01T07:48:21+03:00,1785559701,7424,71,3,28.0,38.6,,run
2026-08-01T07:48:26+03:00,1785559706,7429,71,3,28.0,38.6,,run
2026-08-01T07:48:31+03:00,1785559711,7434,71,3,28.0,37.7,,run
2026-08-01T07:48:36+03:00,1785559716,7439,71,3,28.0,39.5,,run
2026-08-01T07:48:42+03:00,1785559722,7445,71,3,28.0,45.1,,run
2026-08-01T07:48:47+03:00,1785559727,7450,71,3,28.0,41.7,,run
2026-08-01T07:48:52+03:00,1785559732,7455,71,3,28.0,38.9,,run
2026-08-01T07:48:58+03:00,1785559738,7461,71,3,28.0,41.1,,run
2026-08-01T07:49:03+03:00,1785559743,7466,71,3,28.0,39.8,,run
2026-08-01T07:49:08+03:00,1785559748,7471,71,3,28.0,39.2,,run
2026-08-01T07:49:13+03:00,1785559753,7476,71,3,28.0,38.9,,run
2026-08-01T07:49:19+03:00,1785559759,7482,71,3,28.0,40.5,,run
2026-08-01T07:49:24+03:00,1785559764,7487,71,3,28.0,38.6,,run
2026-08-01T07:49:29+03:00,1785559769,7492,71,3,28.0,40.5,,run
2026-08-01T07:49:34+03:00,1785559774,7497,71,3,28.0,38.6,,run
2026-08-01T07:49:40+03:00,1785559780,7503,71,3,28.0,38.9,,run
2026-08-01T07:49:45+03:00,1785559785,7508,71,3,28.0,39.8,,run
2026-08-01T07:49:50+03:00,1785559790,7513,71,3,28.0,38.9,,run
2026-08-01T07:49:55+03:00,1785559795,7518,71,3,28.0,47.3,,run
2026-08-01T07:50:01+03:00,1785559801,7524,71,3,28.0,41.4,,run
2026-08-01T07:50:06+03:00,1785559806,7529,71,3,28.0,42.3,,run
2026-08-01T07:50:11+03:00,1785559811,7534,71,3,28.0,38.3,,run
2026-08-01T07:50:17+03:00,1785559816,7539,71,3,28.0,37.4,,run
2026-08-01T07:50:22+03:00,1785559822,7545,71,3,28.0,37.1,,run
2026-08-01T07:50:27+03:00,1785559827,7550,71,3,28.0,37.1,,run
2026-08-01T07:50:32+03:00,1785559832,7555,71,3,28.0,37.1,,run
2026-08-01T07:50:37+03:00,1785559837,7560,71,3,28.0,36.8,,run
2026-08-01T07:50:43+03:00,1785559843,7566,71,3,28.0,50.4,,run
2026-08-01T07:50:48+03:00,1785559848,7571,71,3,28.0,40.2,,run
2026-08-01T07:50:53+03:00,1785559853,7576,71,3,28.0,39.2,,run
2026-08-01T07:50:59+03:00,1785559859,7582,71,3,28.0,39.5,,run
2026-08-01T07:51:04+03:00,1785559864,7587,71,3,28.0,39.5,,run
2026-08-01T07:51:09+03:00,1785559869,7592,71,3,28.0,42.0,,run
2026-08-01T07:51:14+03:00,1785559874,7597,71,3,28.0,42.0,,run
2026-08-01T07:51:20+03:00,1785559880,7603,71,3,28.0,39.2,,run
2026-08-01T07:51:25+03:00,1785559885,7608,71,3,28.0,38.9,,run
2026-08-01T07:51:30+03:00,1785559890,7613,71,3,28.0,40.2,,run
2026-08-01T07:51:35+03:00,1785559895,7618,70,3,28.2,39.5,,run
2026-08-01T07:51:41+03:00,1785559901,7624,70,3,28.2,39.2,,run
2026-08-01T07:51:46+03:00,1785559906,7629,70,3,28.2,39.2,,run
2026-08-01T07:51:51+03:00,1785559911,7634,70,3,28.2,38.3,,run
2026-08-01T07:51:56+03:00,1785559916,7639,70,3,28.2,47.0,,run
2026-08-01T07:52:02+03:00,1785559922,7645,70,3,28.2,49.4,,run
2026-08-01T07:52:07+03:00,1785559927,7650,70,3,28.2,40.8,,run
2026-08-01T07:52:12+03:00,1785559932,7655,70,3,28.2,37.4,,run
2026-08-01T07:52:17+03:00,1785559937,7660,70,3,28.2,37.4,,run
2026-08-01T07:52:23+03:00,1785559943,7666,70,3,28.2,37.1,,run
2026-08-01T07:52:28+03:00,1785559948,7671,70,3,28.2,37.1,,run
2026-08-01T07:52:33+03:00,1785559953,7676,70,3,28.2,37.4,,run
2026-08-01T07:52:38+03:00,1785559958,7681,70,3,28.2,36.8,,run
2026-08-01T07:52:44+03:00,1785559964,7687,70,3,28.2,41.1,,run
2026-08-01T07:52:49+03:00,1785559969,7692,70,3,28.2,44.5,,run
2026-08-01T07:52:54+03:00,1785559974,7697,70,3,28.2,40.8,,run
2026-08-01T07:53:00+03:00,1785559980,7703,70,3,28.2,39.2,,run
2026-08-01T07:53:05+03:00,1785559985,7708,70,3,28.2,37.7,,run
2026-08-01T07:53:10+03:00,1785559990,7713,70,3,28.2,38.0,,run
2026-08-01T07:53:15+03:00,1785559995,7718,70,3,28.2,37.7,,run
2026-08-01T07:53:21+03:00,1785560001,7724,70,3,28.2,38.0,,run
2026-08-01T07:53:26+03:00,1785560006,7729,70,3,28.2,39.8,,run
2026-08-01T07:53:31+03:00,1785560011,7734,70,3,28.2,38.3,,run
2026-08-01T07:53:36+03:00,1785560016,7739,70,3,28.2,38.0,,run
2026-08-01T07:53:42+03:00,1785560022,7745,70,3,28.2,37.1,,run
2026-08-01T07:53:47+03:00,1785560027,7750,70,3,28.2,37.1,,run
2026-08-01T07:53:52+03:00,1785560032,7755,70,3,28.2,38.6,,run
2026-08-01T07:53:57+03:00,1785560037,7760,70,3,28.2,38.0,,run
2026-08-01T07:54:03+03:00,1785560043,7766,70,3,28.2,42.3,,run
2026-08-01T07:54:08+03:00,1785560048,7771,70,3,28.2,41.4,,run
2026-08-01T07:54:13+03:00,1785560053,7776,70,3,28.2,42.3,,run
2026-08-01T07:54:18+03:00,1785560058,7781,70,3,28.2,38.0,,run
2026-08-01T07:54:24+03:00,1785560064,7787,70,3,28.2,37.1,,run
2026-08-01T07:54:29+03:00,1785560069,7792,70,3,28.2,37.1,,run
2026-08-01T07:54:34+03:00,1785560074,7797,70,3,28.2,37.7,,run
2026-08-01T07:54:39+03:00,1785560079,7802,70,3,28.0,37.1,,run
2026-08-01T07:54:45+03:00,1785560085,7808,70,3,28.0,37.4,,run
2026-08-01T07:54:50+03:00,1785560090,7813,70,3,28.0,36.8,,run
2026-08-01T07:54:55+03:00,1785560095,7818,70,3,28.0,38.3,,run
2026-08-01T07:55:01+03:00,1785560101,7824,70,3,28.0,47.0,,run
2026-08-01T07:55:06+03:00,1785560106,7829,70,3,28.0,39.2,,run
2026-08-01T07:55:11+03:00,1785560111,7834,70,3,28.0,41.7,,run
2026-08-01T07:55:16+03:00,1785560116,7839,70,3,28.0,37.7,,run
2026-08-01T07:55:22+03:00,1785560122,7845,70,3,28.0,37.4,,run
2026-08-01T07:55:27+03:00,1785560127,7850,70,3,28.0,37.1,,run
2026-08-01T07:55:32+03:00,1785560132,7855,70,3,28.0,37.4,,run
2026-08-01T07:55:37+03:00,1785560137,7860,70,3,28.0,39.5,,run
2026-08-01T07:55:43+03:00,1785560143,7866,70,3,28.0,38.0,,run
2026-08-01T07:55:48+03:00,1785560148,7871,70,3,28.0,37.7,,run
2026-08-01T07:55:53+03:00,1785560153,7876,70,3,28.0,37.4,,run
2026-08-01T07:55:58+03:00,1785560158,7881,70,3,28.0,37.1,,run
2026-08-01T07:56:04+03:00,1785560164,7887,70,3,28.0,37.1,,run
2026-08-01T07:56:09+03:00,1785560169,7892,70,3,28.0,39.2,,run
2026-08-01T07:56:14+03:00,1785560174,7897,70,3,28.0,42.0,,run
2026-08-01T07:56:20+03:00,1785560180,7903,70,3,28.0,40.8,,run
2026-08-01T07:56:25+03:00,1785560185,7908,70,3,28.0,42.3,,run
2026-08-01T07:56:30+03:00,1785560190,7913,70,3,28.0,37.4,,run
2026-08-01T07:56:35+03:00,1785560195,7918,70,3,28.0,36.8,,run
2026-08-01T07:56:41+03:00,1785560201,7924,70,3,28.0,36.4,,run
2026-08-01T07:56:46+03:00,1785560206,7929,70,3,28.0,49.1,,run
2026-08-01T07:56:51+03:00,1785560211,7934,70,3,28.0,40.2,,run
2026-08-01T07:56:57+03:00,1785560217,7940,70,3,28.0,39.8,,run
2026-08-01T07:57:02+03:00,1785560222,7945,70,3,28.0,40.8,,run
2026-08-01T07:57:07+03:00,1785560227,7950,70,3,28.0,38.9,,run
2026-08-01T07:57:12+03:00,1785560232,7955,70,3,28.0,41.7,,run
2026-08-01T07:57:17+03:00,1785560237,7960,70,3,28.0,39.8,,run
2026-08-01T07:57:23+03:00,1785560243,7966,70,3,28.0,39.2,,run
2026-08-01T07:57:28+03:00,1785560248,7971,70,3,28.0,39.2,,run
2026-08-01T07:57:33+03:00,1785560253,7976,70,3,28.0,39.8,,run
2026-08-01T07:57:38+03:00,1785560258,7981,70,3,28.0,38.6,,run
2026-08-01T07:57:44+03:00,1785560264,7987,70,3,28.0,40.8,,run
2026-08-01T07:57:49+03:00,1785560269,7992,70,3,28.0,39.5,,run
2026-08-01T07:57:54+03:00,1785560274,7997,70,3,28.0,38.9,,run
2026-08-01T07:57:59+03:00,1785560279,8002,70,3,28.0,48.8,,run
2026-08-01T07:58:05+03:00,1785560285,8008,70,3,28.0,51.0,,run
2026-08-01T07:58:10+03:00,1785560290,8013,70,3,28.0,40.8,,run
2026-08-01T07:58:15+03:00,1785560295,8018,70,3,28.0,37.7,,run
2026-08-01T07:58:21+03:00,1785560301,8024,70,3,28.0,37.4,,run
2026-08-01T07:58:26+03:00,1785560306,8029,70,3,28.0,37.1,,run
2026-08-01T07:58:31+03:00,1785560311,8034,70,3,28.0,37.1,,run
2026-08-01T07:58:36+03:00,1785560316,8039,70,3,28.0,37.1,,run
2026-08-01T07:58:41+03:00,1785560321,8044,70,3,28.0,36.8,,run
2026-08-01T07:58:47+03:00,1785560327,8050,70,3,28.0,49.1,,run
2026-08-01T07:58:53+03:00,1785560333,8056,70,3,28.0,42.3,,run
2026-08-01T07:58:58+03:00,1785560338,8061,70,3,28.0,38.6,,run
2026-08-01T07:59:03+03:00,1785560343,8066,70,3,28.0,38.6,,run
2026-08-01T07:59:08+03:00,1785560348,8071,70,3,28.0,38.3,,run
2026-08-01T07:59:13+03:00,1785560353,8076,70,3,28.0,37.7,,run
2026-08-01T07:59:19+03:00,1785560359,8082,70,3,28.0,38.0,,run
2026-08-01T07:59:24+03:00,1785560364,8087,70,3,28.0,39.5,,run
2026-08-01T07:59:29+03:00,1785560369,8092,70,3,28.0,38.9,,run
2026-08-01T07:59:34+03:00,1785560374,8097,70,3,28.0,38.6,,run
2026-08-01T07:59:40+03:00,1785560380,8103,70,3,28.0,38.6,,run
2026-08-01T07:59:45+03:00,1785560385,8108,70,3,28.0,37.7,,run
2026-08-01T07:59:50+03:00,1785560390,8113,70,3,28.0,38.0,,run
2026-08-01T07:59:55+03:00,1785560395,8118,70,3,28.0,39.8,,run
2026-08-01T08:00:01+03:00,1785560401,8124,70,3,28.0,38.6,,run
2026-08-01T08:00:06+03:00,1785560406,8129,70,3,28.0,48.8,,run
2026-08-01T08:00:11+03:00,1785560411,8134,70,3,28.0,43.2,,run
2026-08-01T08:00:16+03:00,1785560416,8139,70,3,28.0,38.0,,run
2026-08-01T08:00:22+03:00,1785560422,8145,70,3,28.0,38.0,,run
2026-08-01T08:00:27+03:00,1785560427,8150,70,3,28.0,37.4,,run
2026-08-01T08:00:32+03:00,1785560432,8155,70,3,28.0,37.4,,run
2026-08-01T08:00:37+03:00,1785560437,8160,70,3,28.0,38.0,,run
2026-08-01T08:00:42+03:00,1785560442,8165,70,3,28.0,37.1,,run
2026-08-01T08:00:48+03:00,1785560448,8171,70,3,28.0,48.8,,run
2026-08-01T08:00:54+03:00,1785560454,8177,70,3,28.0,38.9,,run
2026-08-01T08:00:59+03:00,1785560459,8182,70,3,28.0,40.8,,run
2026-08-01T08:01:04+03:00,1785560464,8187,70,3,28.0,38.6,,run
2026-08-01T08:01:09+03:00,1785560469,8192,70,3,28.0,39.5,,run
2026-08-01T08:01:14+03:00,1785560474,8197,70,3,28.0,42.0,,run
2026-08-01T08:01:20+03:00,1785560480,8203,70,3,28.0,38.3,,run
2026-08-01T08:01:25+03:00,1785560485,8208,70,3,28.0,38.9,,run
2026-08-01T08:01:30+03:00,1785560490,8213,70,3,28.0,41.1,,run
2026-08-01T08:01:35+03:00,1785560495,8218,70,3,28.0,38.3,,run
2026-08-01T08:01:41+03:00,1785560501,8224,70,3,28.0,38.3,,run
2026-08-01T08:01:46+03:00,1785560506,8229,70,3,28.0,37.7,,run
2026-08-01T08:01:51+03:00,1785560511,8234,70,3,28.0,38.0,,run
2026-08-01T08:01:56+03:00,1785560516,8239,70,3,28.0,38.9,,run
2026-08-01T08:02:02+03:00,1785560522,8245,70,3,28.0,42.3,,run
2026-08-01T08:02:07+03:00,1785560527,8250,70,3,28.0,50.4,,run
2026-08-01T08:02:12+03:00,1785560532,8255,70,3,28.0,42.0,,run
2026-08-01T08:02:17+03:00,1785560537,8260,69,3,28.2,38.3,,run
2026-08-01T08:02:23+03:00,1785560543,8266,69,3,28.2,37.4,,run
2026-08-01T08:02:28+03:00,1785560548,8271,69,3,28.2,37.1,,run
2026-08-01T08:02:33+03:00,1785560553,8276,69,3,28.2,37.1,,run
2026-08-01T08:02:38+03:00,1785560558,8281,69,3,28.2,37.7,,run
2026-08-01T08:02:44+03:00,1785560564,8287,69,3,28.2,37.7,,run
2026-08-01T08:02:49+03:00,1785560569,8292,69,3,28.2,39.8,,run
2026-08-01T08:02:54+03:00,1785560574,8297,69,3,28.2,44.2,,run
2026-08-01T08:03:00+03:00,1785560580,8303,69,3,28.2,38.3,,run
2026-08-01T08:03:05+03:00,1785560585,8308,69,3,28.2,37.7,,run
2026-08-01T08:03:10+03:00,1785560590,8313,69,3,28.2,39.5,,run
2026-08-01T08:03:15+03:00,1785560595,8318,69,3,28.2,38.3,,run
2026-08-01T08:03:20+03:00,1785560600,8323,69,3,28.2,38.3,,run
2026-08-01T08:03:26+03:00,1785560606,8329,69,3,28.2,37.4,,run
2026-08-01T08:03:31+03:00,1785560611,8334,69,3,28.2,37.4,,run
2026-08-01T08:03:36+03:00,1785560616,8339,69,3,28.2,39.2,,run
2026-08-01T08:03:42+03:00,1785560622,8345,69,3,28.2,39.8,,run
2026-08-01T08:03:47+03:00,1785560627,8350,69,3,28.2,38.0,,run
2026-08-01T08:03:52+03:00,1785560632,8355,69,3,28.2,39.2,,run
2026-08-01T08:03:57+03:00,1785560637,8360,69,3,28.2,37.4,,run
2026-08-01T08:04:02+03:00,1785560642,8365,69,3,28.2,38.3,,run
2026-08-01T08:04:08+03:00,1785560648,8371,69,3,28.2,49.7,,run
2026-08-01T08:04:13+03:00,1785560653,8376,69,3,28.2,39.8,,run
2026-08-01T08:04:18+03:00,1785560658,8381,69,3,28.2,38.3,,run
2026-08-01T08:04:23+03:00,1785560663,8386,69,3,28.2,38.0,,run
2026-08-01T08:04:29+03:00,1785560669,8392,69,3,28.2,37.1,,run
2026-08-01T08:04:34+03:00,1785560674,8397,69,3,28.2,37.7,,run
2026-08-01T08:04:39+03:00,1785560679,8402,69,3,28.1,37.4,,run
2026-08-01T08:04:44+03:00,1785560684,8407,69,3,28.1,36.8,,run
2026-08-01T08:04:50+03:00,1785560690,8413,69,3,28.1,40.2,,run
2026-08-01T08:04:55+03:00,1785560695,8418,69,3,28.1,42.6,,run
2026-08-01T08:05:00+03:00,1785560700,8423,69,3,28.1,42.3,,run
2026-08-01T08:05:05+03:00,1785560705,8428,69,3,28.1,38.6,,run
2026-08-01T08:05:11+03:00,1785560711,8434,69,3,28.1,38.3,,run
2026-08-01T08:05:16+03:00,1785560716,8439,69,3,28.1,38.3,,run
2026-08-01T08:05:21+03:00,1785560721,8444,69,3,28.1,37.4,,run
2026-08-01T08:05:26+03:00,1785560726,8449,69,3,28.1,38.0,,run
2026-08-01T08:05:32+03:00,1785560732,8455,69,3,28.1,40.5,,run
2026-08-01T08:05:37+03:00,1785560737,8460,69,3,28.1,38.9,,run
2026-08-01T08:05:42+03:00,1785560742,8465,69,3,28.1,38.3,,run
2026-08-01T08:05:47+03:00,1785560747,8470,69,3,28.1,38.0,,run
2026-08-01T08:05:52+03:00,1785560752,8475,69,3,28.1,37.7,,run
2026-08-01T08:05:58+03:00,1785560758,8481,69,3,28.1,37.7,,run
2026-08-01T08:06:03+03:00,1785560763,8486,69,3,28.1,39.8,,run
2026-08-01T08:06:08+03:00,1785560768,8491,69,3,28.1,49.7,,run
2026-08-01T08:06:14+03:00,1785560774,8497,69,3,28.1,39.5,,run
2026-08-01T08:06:19+03:00,1785560779,8502,69,3,28.1,38.3,,run
2026-08-01T08:06:24+03:00,1785560784,8507,69,3,28.1,37.7,,run
2026-08-01T08:06:29+03:00,1785560789,8512,69,3,28.1,37.4,,run
2026-08-01T08:06:35+03:00,1785560795,8518,69,3,28.1,36.8,,run
2026-08-01T08:06:40+03:00,1785560800,8523,69,3,28.1,36.8,,run
2026-08-01T08:06:45+03:00,1785560805,8528,69,3,28.1,37.1,,run
2026-08-01T08:06:50+03:00,1785560810,8533,69,3,28.1,39.8,,run
2026-08-01T08:06:56+03:00,1785560816,8539,69,3,28.1,46.3,,run
2026-08-01T08:07:01+03:00,1785560821,8544,69,3,28.1,40.2,,run
2026-08-01T08:07:06+03:00,1785560826,8549,69,3,28.1,38.9,,run
2026-08-01T08:07:11+03:00,1785560831,8554,69,3,28.1,38.6,,run
2026-08-01T08:07:17+03:00,1785560837,8560,69,3,28.1,37.7,,run
2026-08-01T08:07:22+03:00,1785560842,8565,69,3,28.1,37.4,,run
2026-08-01T08:07:27+03:00,1785560847,8570,69,3,28.1,38.6,,run
2026-08-01T08:07:32+03:00,1785560852,8575,69,3,28.1,39.5,,run
2026-08-01T08:07:38+03:00,1785560858,8581,69,3,28.1,38.3,,run
2026-08-01T08:07:43+03:00,1785560863,8586,69,3,28.1,37.7,,run
2026-08-01T08:07:48+03:00,1785560868,8591,69,3,28.1,37.4,,run
2026-08-01T08:07:53+03:00,1785560873,8596,69,3,28.1,38.0,,run
2026-08-01T08:07:58+03:00,1785560878,8601,69,3,28.1,39.8,,run
2026-08-01T08:08:04+03:00,1785560884,8607,69,3,28.1,38.6,,run
2026-08-01T08:08:09+03:00,1785560889,8612,69,3,28.1,48.2,,run
2026-08-01T08:08:14+03:00,1785560894,8617,69,3,28.1,40.2,,run
2026-08-01T08:08:20+03:00,1785560900,8623,69,3,28.1,39.2,,run
2026-08-01T08:08:25+03:00,1785560905,8628,69,3,28.1,37.1,,run
2026-08-01T08:08:30+03:00,1785560910,8633,69,3,28.1,37.4,,run
2026-08-01T08:08:35+03:00,1785560915,8638,69,3,28.1,37.1,,run
2026-08-01T08:08:41+03:00,1785560921,8644,69,3,28.1,37.1,,run
2026-08-01T08:08:46+03:00,1785560926,8649,69,3,28.1,38.0,,run
2026-08-01T08:08:51+03:00,1785560931,8654,69,3,28.1,38.3,,run
2026-08-01T08:08:56+03:00,1785560936,8659,69,3,28.1,46.3,,run
2026-08-01T08:09:02+03:00,1785560942,8665,69,3,28.1,41.1,,run
2026-08-01T08:09:07+03:00,1785560947,8670,69,3,28.1,39.5,,run
2026-08-01T08:09:12+03:00,1785560952,8675,69,3,28.1,38.9,,run
2026-08-01T08:09:17+03:00,1785560957,8680,69,3,28.1,37.7,,run
2026-08-01T08:09:23+03:00,1785560963,8686,69,3,28.1,37.7,,run
2026-08-01T08:09:28+03:00,1785560968,8691,69,3,28.1,37.4,,run
2026-08-01T08:09:33+03:00,1785560973,8696,69,3,28.1,40.2,,run
2026-08-01T08:09:38+03:00,1785560978,8701,69,3,28.1,39.2,,run
2026-08-01T08:09:44+03:00,1785560984,8707,69,3,28.1,38.3,,run
2026-08-01T08:09:49+03:00,1785560989,8712,69,3,28.1,38.0,,run
2026-08-01T08:09:54+03:00,1785560994,8717,69,3,28.1,37.7,,run
2026-08-01T08:09:59+03:00,1785560999,8722,69,3,28.1,37.4,,run
2026-08-01T08:10:05+03:00,1785561005,8728,69,3,28.1,39.5,,run
2026-08-01T08:10:10+03:00,1785561010,8733,69,3,28.1,46.3,,run
2026-08-01T08:10:15+03:00,1785561015,8738,69,3,28.1,40.2,,run
2026-08-01T08:10:21+03:00,1785561021,8744,69,3,28.1,40.5,,run
2026-08-01T08:10:26+03:00,1785561026,8749,69,3,28.1,37.4,,run
2026-08-01T08:10:31+03:00,1785561031,8754,69,3,28.1,37.7,,run
2026-08-01T08:10:36+03:00,1785561036,8759,69,3,28.1,36.4,,run
2026-08-01T08:10:42+03:00,1785561042,8765,69,3,28.1,37.7,,run
2026-08-01T08:10:47+03:00,1785561047,8770,69,3,28.1,37.1,,run
2026-08-01T08:10:52+03:00,1785561052,8775,69,3,28.1,37.1,,run
2026-08-01T08:10:57+03:00,1785561057,8780,69,3,28.1,38.9,,run
2026-08-01T08:11:03+03:00,1785561063,8786,69,3,28.1,47.9,,run
2026-08-01T08:11:08+03:00,1785561068,8791,69,3,28.1,38.9,,run
2026-08-01T08:11:13+03:00,1785561073,8796,69,3,28.1,41.4,,run
2026-08-01T08:11:18+03:00,1785561078,8801,69,3,28.1,40.8,,run
2026-08-01T08:11:24+03:00,1785561084,8807,69,3,28.1,39.8,,run
2026-08-01T08:11:29+03:00,1785561089,8812,69,3,28.1,38.6,,run
2026-08-01T08:11:34+03:00,1785561094,8817,69,3,28.1,39.2,,run
2026-08-01T08:11:39+03:00,1785561099,8822,69,3,28.1,38.6,,run
2026-08-01T08:11:45+03:00,1785561105,8828,69,3,28.1,40.8,,run
2026-08-01T08:11:50+03:00,1785561110,8833,69,3,28.1,41.1,,run
2026-08-01T08:11:55+03:00,1785561115,8838,69,3,28.1,39.2,,run
2026-08-01T08:12:00+03:00,1785561120,8843,69,3,28.1,38.3,,run
2026-08-01T08:12:06+03:00,1785561126,8849,69,3,28.1,38.3,,run
2026-08-01T08:12:11+03:00,1785561131,8854,69,3,28.1,38.6,,run
2026-08-01T08:12:16+03:00,1785561136,8859,69,3,28.1,41.1,,run
2026-08-01T08:12:21+03:00,1785561141,8864,69,3,28.1,42.9,,run
2026-08-01T08:12:27+03:00,1785561147,8870,69,3,28.1,39.8,,run
2026-08-01T08:12:32+03:00,1785561152,8875,69,3,28.1,37.4,,run
2026-08-01T08:12:37+03:00,1785561157,8880,69,3,28.1,37.4,,run
2026-08-01T08:12:42+03:00,1785561162,8885,69,3,28.2,37.7,,run
2026-08-01T08:12:47+03:00,1785561167,8890,69,3,28.2,37.7,,run
2026-08-01T08:12:53+03:00,1785561173,8896,69,3,28.2,38.3,,run
2026-08-01T08:12:58+03:00,1785561178,8901,69,3,28.2,38.3,,run
2026-08-01T08:13:03+03:00,1785561183,8906,69,3,28.2,50.1,,run
2026-08-01T08:13:09+03:00,1785561189,8912,69,3,28.2,39.8,,run
2026-08-01T08:13:14+03:00,1785561194,8917,69,3,28.2,39.2,,run
2026-08-01T08:13:19+03:00,1785561199,8922,69,3,28.2,40.2,,run
2026-08-01T08:13:24+03:00,1785561204,8927,69,3,28.2,39.8,,run
2026-08-01T08:13:30+03:00,1785561210,8933,69,3,28.2,40.8,,run
2026-08-01T08:13:35+03:00,1785561215,8938,69,3,28.2,38.6,,run
2026-08-01T08:13:40+03:00,1785561220,8943,69,3,28.2,38.6,,run
2026-08-01T08:13:45+03:00,1785561225,8948,69,3,28.2,37.7,,run
2026-08-01T08:13:51+03:00,1785561231,8954,69,3,28.2,38.0,,run
2026-08-01T08:13:56+03:00,1785561236,8959,69,3,28.2,39.5,,run
2026-08-01T08:14:01+03:00,1785561241,8964,68,3,28.3,40.2,,run
2026-08-01T08:14:06+03:00,1785561246,8969,68,3,28.3,38.9,,run
2026-08-01T08:14:12+03:00,1785561251,8974,68,3,28.3,38.0,,run
2026-08-01T08:14:17+03:00,1785561257,8980,68,3,28.3,44.5,,run
2026-08-01T08:14:22+03:00,1785561262,8985,68,3,28.3,48.8,,run
2026-08-01T08:14:27+03:00,1785561267,8990,68,3,28.3,39.5,,run
2026-08-01T08:14:33+03:00,1785561273,8996,68,3,28.3,39.2,,run
2026-08-01T08:14:38+03:00,1785561278,9001,68,3,28.3,37.4,,run
2026-08-01T08:14:43+03:00,1785561283,9006,68,3,28.3,37.1,,run
2026-08-01T08:14:48+03:00,1785561288,9011,68,3,28.3,37.1,,run
2026-08-01T08:14:54+03:00,1785561294,9017,68,3,28.3,37.1,,run
2026-08-01T08:14:59+03:00,1785561299,9022,68,3,28.3,38.9,,run
2026-08-01T08:15:04+03:00,1785561304,9027,68,3,28.3,47.6,,run
2026-08-01T08:15:10+03:00,1785561310,9033,68,3,28.3,42.0,,run
2026-08-01T08:15:15+03:00,1785561315,9038,68,3,28.3,39.2,,run
2026-08-01T08:15:20+03:00,1785561320,9043,68,3,28.3,38.9,,run
2026-08-01T08:15:25+03:00,1785561325,9048,68,3,28.3,38.0,,run
2026-08-01T08:15:31+03:00,1785561331,9054,68,3,28.3,39.8,,run
2026-08-01T08:15:36+03:00,1785561336,9059,68,3,28.3,39.2,,run
2026-08-01T08:15:41+03:00,1785561341,9064,68,3,28.3,37.4,,run
2026-08-01T08:15:46+03:00,1785561346,9069,68,3,28.3,38.3,,run
2026-08-01T08:15:52+03:00,1785561352,9075,68,3,28.3,38.3,,run
2026-08-01T08:15:57+03:00,1785561357,9080,68,3,28.3,37.4,,run
2026-08-01T08:16:02+03:00,1785561362,9085,68,3,28.3,38.6,,run
2026-08-01T08:16:07+03:00,1785561367,9090,68,3,28.3,38.3,,run
2026-08-01T08:16:12+03:00,1785561372,9095,68,3,28.3,38.0,,run
2026-08-01T08:16:18+03:00,1785561378,9101,68,3,28.3,37.7,,run
2026-08-01T08:16:23+03:00,1785561383,9106,68,3,28.3,49.4,,run
2026-08-01T08:16:28+03:00,1785561388,9111,68,3,28.3,41.1,,run
2026-08-01T08:16:34+03:00,1785561394,9117,68,3,28.3,38.0,,run
2026-08-01T08:16:39+03:00,1785561399,9122,68,3,28.3,37.4,,run
2026-08-01T08:16:44+03:00,1785561404,9127,68,3,28.3,37.1,,run
2026-08-01T08:16:49+03:00,1785561409,9132,68,3,28.3,52.5,,run
2026-08-01T08:16:55+03:00,1785561415,9138,68,3,28.3,39.5,,run
2026-08-01T08:17:01+03:00,1785561421,9144,68,3,28.3,42.0,,run
2026-08-01T08:17:06+03:00,1785561426,9149,68,3,28.3,39.2,,run
2026-08-01T08:17:11+03:00,1785561431,9154,68,3,28.3,38.0,,run
2026-08-01T08:17:16+03:00,1785561436,9159,68,3,28.3,38.0,,run
2026-08-01T08:17:21+03:00,1785561441,9164,68,3,28.3,37.7,,run
2026-08-01T08:17:27+03:00,1785561447,9170,68,3,28.3,37.4,,run
2026-08-01T08:17:32+03:00,1785561452,9175,68,3,28.3,40.2,,run
2026-08-01T08:17:37+03:00,1785561457,9180,68,3,28.3,38.3,,run
2026-08-01T08:17:42+03:00,1785561462,9185,68,3,28.3,38.3,,run
2026-08-01T08:17:48+03:00,1785561468,9191,68,3,28.3,37.7,,run
2026-08-01T08:17:53+03:00,1785561473,9196,68,3,28.3,37.4,,run
2026-08-01T08:17:58+03:00,1785561478,9201,68,3,28.3,38.9,,run
2026-08-01T08:18:03+03:00,1785561483,9206,68,3,28.3,43.6,,run
2026-08-01T08:18:09+03:00,1785561489,9212,68,3,28.3,50.1,,run
2026-08-01T08:18:14+03:00,1785561494,9217,68,3,28.3,43.2,,run
2026-08-01T08:18:19+03:00,1785561499,9222,68,3,28.3,38.0,,run
2026-08-01T08:18:25+03:00,1785561505,9228,68,3,28.3,36.8,,run
2026-08-01T08:18:30+03:00,1785561510,9233,68,3,28.3,36.8,,run
2026-08-01T08:18:35+03:00,1785561515,9238,68,3,28.3,38.3,,run
2026-08-01T08:18:40+03:00,1785561520,9243,68,3,28.3,38.0,,run
2026-08-01T08:18:46+03:00,1785561526,9249,68,3,28.3,38.6,,run
2026-08-01T08:18:51+03:00,1785561531,9254,68,3,28.3,49.7,,run
2026-08-01T08:18:56+03:00,1785561536,9259,68,3,28.3,44.8,,run
2026-08-01T08:19:01+03:00,1785561541,9264,68,3,28.3,41.1,,run
2026-08-01T08:19:07+03:00,1785561547,9270,68,3,28.3,40.5,,run
2026-08-01T08:19:12+03:00,1785561552,9275,68,3,28.3,39.2,,run
2026-08-01T08:19:17+03:00,1785561557,9280,68,3,28.3,39.2,,run
2026-08-01T08:19:22+03:00,1785561562,9285,68,3,28.3,38.9,,run
2026-08-01T08:19:28+03:00,1785561568,9291,68,3,28.3,42.3,,run
2026-08-01T08:19:33+03:00,1785561573,9296,68,3,28.3,40.8,,run
2026-08-01T08:19:38+03:00,1785561578,9301,68,3,28.3,40.8,,run
2026-08-01T08:19:43+03:00,1785561583,9306,68,3,28.3,39.5,,run
2026-08-01T08:19:49+03:00,1785561589,9312,68,3,28.3,38.3,,run
2026-08-01T08:19:54+03:00,1785561594,9317,68,3,28.3,38.3,,run
2026-08-01T08:19:59+03:00,1785561599,9322,68,3,28.3,41.7,,run
2026-08-01T08:20:04+03:00,1785561604,9327,68,3,28.3,47.9,,run
2026-08-01T08:20:09+03:00,1785561609,9332,68,3,28.3,51.6,,run
2026-08-01T08:20:15+03:00,1785561615,9338,68,3,28.3,40.2,,run
2026-08-01T08:20:20+03:00,1785561620,9343,68,3,28.3,38.3,,run
2026-08-01T08:20:25+03:00,1785561625,9348,68,3,28.3,38.9,,run
2026-08-01T08:20:30+03:00,1785561630,9353,68,3,28.3,38.0,,run
2026-08-01T08:20:36+03:00,1785561636,9359,68,3,28.3,37.4,,run
2026-08-01T08:20:41+03:00,1785561641,9364,68,3,28.3,37.7,,run
2026-08-01T08:20:46+03:00,1785561646,9369,68,3,28.3,37.7,,run
2026-08-01T08:20:51+03:00,1785561651,9374,68,3,28.3,50.7,,run
2026-08-01T08:20:57+03:00,1785561657,9380,68,3,28.3,40.2,,run
2026-08-01T08:21:02+03:00,1785561662,9385,68,3,28.3,38.9,,run
2026-08-01T08:21:07+03:00,1785561667,9390,68,3,28.3,39.2,,run
2026-08-01T08:21:13+03:00,1785561673,9396,68,3,28.3,38.6,,run
2026-08-01T08:21:18+03:00,1785561678,9401,68,3,28.3,38.6,,run
2026-08-01T08:21:23+03:00,1785561683,9406,68,3,28.3,41.1,,run
2026-08-01T08:21:28+03:00,1785561688,9411,68,3,28.3,39.2,,run
2026-08-01T08:21:33+03:00,1785561693,9416,68,3,28.3,39.5,,run
2026-08-01T08:21:39+03:00,1785561699,9422,68,3,28.3,38.3,,run
2026-08-01T08:21:44+03:00,1785561704,9427,68,3,28.3,38.6,,run
2026-08-01T08:21:49+03:00,1785561709,9432,68,3,28.3,38.6,,run
2026-08-01T08:21:54+03:00,1785561714,9437,68,3,28.3,41.1,,run
2026-08-01T08:22:00+03:00,1785561720,9443,68,3,28.3,39.2,,run
2026-08-01T08:22:05+03:00,1785561725,9448,68,3,28.3,44.2,,run
2026-08-01T08:22:10+03:00,1785561730,9453,68,3,28.3,50.4,,run
2026-08-01T08:22:15+03:00,1785561735,9458,68,3,28.3,40.8,,run
2026-08-01T08:22:21+03:00,1785561741,9464,68,3,28.3,38.0,,run
2026-08-01T08:22:26+03:00,1785561746,9469,68,3,28.3,37.7,,run
2026-08-01T08:22:31+03:00,1785561751,9474,68,3,28.3,37.1,,run
2026-08-01T08:22:36+03:00,1785561756,9479,68,3,28.3,36.8,,run
2026-08-01T08:22:41+03:00,1785561761,9484,68,3,28.3,37.4,,run
2026-08-01T08:22:47+03:00,1785561767,9490,68,3,28.3,37.7,,run
2026-08-01T08:22:52+03:00,1785561772,9495,68,3,28.3,49.4,,run
2026-08-01T08:22:57+03:00,1785561777,9500,68,3,28.3,43.6,,run
2026-08-01T08:23:03+03:00,1785561783,9506,68,3,28.3,40.2,,run
2026-08-01T08:23:08+03:00,1785561788,9511,68,3,28.3,39.2,,run
2026-08-01T08:23:13+03:00,1785561793,9516,68,3,28.3,39.5,,run
2026-08-01T08:23:18+03:00,1785561798,9521,68,3,28.3,38.6,,run
2026-08-01T08:23:24+03:00,1785561804,9527,68,3,28.3,38.3,,run
2026-08-01T08:23:29+03:00,1785561809,9532,68,3,28.3,40.5,,run
2026-08-01T08:23:34+03:00,1785561814,9537,68,3,28.3,38.6,,run
2026-08-01T08:23:39+03:00,1785561819,9542,68,3,28.3,38.0,,run
2026-08-01T08:23:44+03:00,1785561824,9547,68,3,28.3,38.3,,run
2026-08-01T08:23:50+03:00,1785561830,9553,68,3,28.3,38.0,,run
2026-08-01T08:23:55+03:00,1785561835,9558,68,3,28.3,37.7,,run
2026-08-01T08:24:00+03:00,1785561840,9563,68,3,28.3,40.8,,run
2026-08-01T08:24:05+03:00,1785561845,9568,68,3,28.3,43.6,,run
2026-08-01T08:24:11+03:00,1785561851,9574,68,3,28.3,50.4,,run
2026-08-01T08:24:16+03:00,1785561856,9579,68,3,28.3,39.5,,run
2026-08-01T08:24:21+03:00,1785561861,9584,68,3,28.3,38.0,,run
2026-08-01T08:24:26+03:00,1785561866,9589,68,3,28.3,37.7,,run
2026-08-01T08:24:32+03:00,1785561872,9595,68,3,28.3,37.7,,run
2026-08-01T08:24:37+03:00,1785561877,9600,68,3,28.6,37.4,,run
2026-08-01T08:24:42+03:00,1785561882,9605,68,3,28.6,38.0,,run
2026-08-01T08:24:47+03:00,1785561887,9610,68,3,28.6,38.0,,run
2026-08-01T08:24:53+03:00,1785561893,9616,68,3,28.6,52.2,,run
2026-08-01T08:24:58+03:00,1785561898,9621,68,3,28.6,42.3,,run
2026-08-01T08:25:03+03:00,1785561903,9626,68,3,28.6,39.5,,run
2026-08-01T08:25:09+03:00,1785561909,9632,68,3,28.6,38.6,,run
2026-08-01T08:25:14+03:00,1785561914,9637,68,3,28.6,38.3,,run
2026-08-01T08:25:19+03:00,1785561919,9642,68,3,28.6,38.6,,run
2026-08-01T08:25:24+03:00,1785561924,9647,68,3,28.6,40.2,,run
2026-08-01T08:25:29+03:00,1785561929,9652,68,3,28.6,39.5,,run
2026-08-01T08:25:35+03:00,1785561935,9658,68,3,28.6,38.9,,run
2026-08-01T08:25:40+03:00,1785561940,9663,68,3,28.6,38.6,,run
2026-08-01T08:25:45+03:00,1785561945,9668,68,3,28.6,37.7,,run
2026-08-01T08:25:50+03:00,1785561950,9673,68,3,28.6,37.7,,run
2026-08-01T08:25:56+03:00,1785561956,9679,68,3,28.6,40.2,,run
2026-08-01T08:26:01+03:00,1785561961,9684,68,3,28.6,39.2,,run
2026-08-01T08:26:06+03:00,1785561966,9689,68,3,28.6,41.7,,run
2026-08-01T08:26:11+03:00,1785561971,9694,68,3,28.6,50.1,,run
2026-08-01T08:26:17+03:00,1785561977,9700,68,3,28.6,40.8,,run
2026-08-01T08:26:22+03:00,1785561982,9705,68,3,28.6,38.6,,run
2026-08-01T08:26:27+03:00,1785561987,9710,68,3,28.6,38.0,,run
2026-08-01T08:26:32+03:00,1785561992,9715,68,3,28.6,37.7,,run
2026-08-01T08:26:38+03:00,1785561998,9721,68,3,28.6,37.1,,run
2026-08-01T08:26:43+03:00,1785562003,9726,68,3,28.6,37.1,,run
2026-08-01T08:26:48+03:00,1785562008,9731,68,3,28.6,36.8,,run
2026-08-01T08:26:53+03:00,1785562013,9736,67,3,28.7,50.1,,run
2026-08-01T08:26:59+03:00,1785562019,9742,67,3,28.7,40.5,,run
2026-08-01T08:27:04+03:00,1785562024,9747,67,3,28.7,41.1,,run
2026-08-01T08:27:09+03:00,1785562029,9752,67,3,28.7,39.2,,run
2026-08-01T08:27:14+03:00,1785562034,9757,67,3,28.7,38.9,,run
2026-08-01T08:27:19+03:00,1785562039,9762,67,3,28.7,38.0,,run
2026-08-01T08:27:25+03:00,1785562045,9768,67,3,28.7,38.3,,run
2026-08-01T08:27:30+03:00,1785562050,9773,67,3,28.7,38.9,,run
2026-08-01T08:27:35+03:00,1785562055,9778,67,3,28.7,39.8,,run
2026-08-01T08:27:40+03:00,1785562060,9783,67,3,28.7,39.2,,run
2026-08-01T08:27:46+03:00,1785562066,9789,67,3,28.7,38.6,,run
2026-08-01T08:27:51+03:00,1785562071,9794,67,3,28.7,37.7,,run
2026-08-01T08:27:56+03:00,1785562076,9799,67,3,28.7,38.6,,run
2026-08-01T08:28:01+03:00,1785562081,9804,67,3,28.7,39.2,,run
2026-08-01T08:28:06+03:00,1785562086,9809,67,3,28.7,48.5,,run
2026-08-01T08:28:12+03:00,1785562092,9815,67,3,28.7,51.9,,run
2026-08-01T08:28:17+03:00,1785562097,9820,67,3,28.7,39.5,,run
2026-08-01T08:28:22+03:00,1785562102,9825,67,3,28.7,38.6,,run
2026-08-01T08:28:28+03:00,1785562108,9831,67,3,28.7,38.3,,run
2026-08-01T08:28:33+03:00,1785562113,9836,67,3,28.7,49.4,,run
2026-08-01T08:28:39+03:00,1785562119,9842,67,3,28.7,39.5,,run
2026-08-01T08:28:44+03:00,1785562124,9847,67,3,28.7,38.9,,run
2026-08-01T08:28:49+03:00,1785562129,9852,67,3,28.7,41.1,,run
2026-08-01T08:28:54+03:00,1785562134,9857,67,3,28.7,38.9,,run
2026-08-01T08:28:59+03:00,1785562139,9862,67,3,28.7,39.2,,run
2026-08-01T08:29:05+03:00,1785562145,9868,67,3,28.7,38.0,,run
2026-08-01T08:29:10+03:00,1785562150,9873,67,3,28.7,38.3,,run
2026-08-01T08:29:15+03:00,1785562155,9878,67,3,28.7,38.3,,run
2026-08-01T08:29:20+03:00,1785562160,9883,67,3,28.7,40.2,,run
2026-08-01T08:29:26+03:00,1785562166,9889,67,3,28.7,38.3,,run
2026-08-01T08:29:31+03:00,1785562171,9894,67,3,28.7,37.7,,run
2026-08-01T08:29:36+03:00,1785562176,9899,67,3,28.7,38.3,,run
2026-08-01T08:29:41+03:00,1785562181,9904,67,3,28.7,37.7,,run
2026-08-01T08:29:47+03:00,1785562187,9910,67,3,28.7,42.0,,run
2026-08-01T08:29:52+03:00,1785562192,9915,67,3,28.7,50.7,,run
2026-08-01T08:29:57+03:00,1785562197,9920,67,3,28.7,43.2,,run
2026-08-01T08:30:02+03:00,1785562202,9925,67,3,28.7,39.2,,run
2026-08-01T08:30:08+03:00,1785562208,9931,67,3,28.7,38.0,,run
2026-08-01T08:30:13+03:00,1785562213,9936,67,3,28.7,38.0,,run
2026-08-01T08:30:18+03:00,1785562218,9941,67,3,28.7,37.1,,run
2026-08-01T08:30:23+03:00,1785562223,9946,67,3,28.7,38.6,,run
2026-08-01T08:30:29+03:00,1785562229,9952,67,3,28.7,38.3,,run
2026-08-01T08:30:34+03:00,1785562234,9957,67,3,28.7,52.5,,run
2026-08-01T08:30:39+03:00,1785562239,9962,67,3,28.7,41.1,,run
2026-08-01T08:30:45+03:00,1785562245,9968,67,3,28.7,40.2,,run
2026-08-01T08:30:50+03:00,1785562250,9973,67,3,28.7,40.8,,run
2026-08-01T08:30:55+03:00,1785562255,9978,67,3,28.7,38.6,,run
2026-08-01T08:31:00+03:00,1785562260,9983,67,3,28.7,38.9,,run
2026-08-01T08:31:05+03:00,1785562265,9988,67,3,28.7,39.2,,run
2026-08-01T08:31:11+03:00,1785562271,9994,67,3,28.7,38.6,,run
2026-08-01T08:31:16+03:00,1785562276,9999,67,3,28.7,39.2,,run
2026-08-01T08:31:21+03:00,1785562281,10004,67,3,28.7,39.5,,run
2026-08-01T08:31:26+03:00,1785562286,10009,67,3,28.7,38.6,,run
2026-08-01T08:31:32+03:00,1785562292,10015,67,3,28.7,38.3,,run
2026-08-01T08:31:37+03:00,1785562297,10020,67,3,28.7,38.3,,run
2026-08-01T08:31:42+03:00,1785562302,10025,67,3,28.7,38.9,,run
2026-08-01T08:31:47+03:00,1785562307,10030,67,3,28.7,44.5,,run
2026-08-01T08:31:53+03:00,1785562313,10036,67,3,28.7,51.6,,run
2026-08-01T08:31:58+03:00,1785562318,10041,67,3,28.7,40.5,,run
2026-08-01T08:32:03+03:00,1785562323,10046,67,3,28.7,38.3,,run
2026-08-01T08:32:08+03:00,1785562328,10051,67,3,28.7,39.5,,run
2026-08-01T08:32:14+03:00,1785562334,10057,67,3,28.7,38.3,,run
2026-08-01T08:32:19+03:00,1785562339,10062,67,3,28.7,37.7,,run
2026-08-01T08:32:24+03:00,1785562344,10067,67,3,28.7,40.8,,run
2026-08-01T08:32:29+03:00,1785562349,10072,67,3,28.7,38.6,,run
2026-08-01T08:32:35+03:00,1785562355,10078,67,3,28.7,51.0,,run
2026-08-01T08:32:40+03:00,1785562360,10083,67,3,28.7,44.5,,run
2026-08-01T08:32:46+03:00,1785562366,10089,67,3,28.7,40.8,,run
2026-08-01T08:32:51+03:00,1785562371,10094,67,3,28.7,39.8,,run
2026-08-01T08:32:56+03:00,1785562376,10099,67,3,28.7,39.5,,run
2026-08-01T08:33:01+03:00,1785562381,10104,67,3,28.7,40.8,,run
2026-08-01T08:33:07+03:00,1785562387,10110,67,3,28.7,40.5,,run
2026-08-01T08:33:12+03:00,1785562392,10115,67,3,28.7,40.8,,run
2026-08-01T08:33:17+03:00,1785562397,10120,67,3,28.7,40.8,,run
2026-08-01T08:33:22+03:00,1785562402,10125,67,3,28.7,39.2,,run
2026-08-01T08:33:27+03:00,1785562407,10130,67,3,28.7,39.5,,run
2026-08-01T08:33:33+03:00,1785562413,10136,67,3,28.7,41.1,,run
2026-08-01T08:33:38+03:00,1785562418,10141,67,3,28.7,39.8,,run
2026-08-01T08:33:43+03:00,1785562423,10146,67,3,28.7,41.4,,run
2026-08-01T08:33:48+03:00,1785562428,10151,67,3,28.7,45.1,,run
2026-08-01T08:33:54+03:00,1785562434,10157,67,3,28.7,52.2,,run
2026-08-01T08:33:59+03:00,1785562439,10162,67,3,28.7,41.4,,run
2026-08-01T08:34:04+03:00,1785562444,10167,67,3,28.7,39.8,,run
2026-08-01T08:34:10+03:00,1785562450,10173,67,3,28.7,38.6,,run
2026-08-01T08:34:15+03:00,1785562455,10178,67,3,28.7,38.3,,run
2026-08-01T08:34:20+03:00,1785562460,10183,67,3,28.7,38.3,,run
2026-08-01T08:34:25+03:00,1785562465,10188,67,3,28.7,38.0,,run
2026-08-01T08:34:30+03:00,1785562470,10193,67,3,28.7,38.0,,run
2026-08-01T08:34:36+03:00,1785562476,10199,67,3,29.2,51.9,,run
2026-08-01T08:34:41+03:00,1785562481,10204,67,3,29.2,42.0,,run
2026-08-01T08:34:47+03:00,1785562487,10210,67,3,29.2,40.5,,run
2026-08-01T08:34:52+03:00,1785562492,10215,67,3,29.2,39.2,,run
2026-08-01T08:34:57+03:00,1785562497,10220,67,3,29.2,39.2,,run
2026-08-01T08:35:02+03:00,1785562502,10225,67,3,29.2,38.9,,run
2026-08-01T08:35:08+03:00,1785562508,10231,67,3,29.2,38.6,,run
2026-08-01T08:35:13+03:00,1785562513,10236,67,3,29.2,40.8,,run
2026-08-01T08:35:18+03:00,1785562518,10241,67,3,29.2,40.2,,run
2026-08-01T08:35:23+03:00,1785562523,10246,67,3,29.2,39.2,,run
2026-08-01T08:35:28+03:00,1785562528,10251,67,3,29.2,38.9,,run
2026-08-01T08:35:34+03:00,1785562534,10257,67,3,29.2,38.6,,run
2026-08-01T08:35:39+03:00,1785562539,10262,67,3,29.2,38.9,,run
2026-08-01T08:35:44+03:00,1785562544,10267,67,3,29.2,39.8,,run
2026-08-01T08:35:49+03:00,1785562549,10272,67,3,29.2,44.2,,run
2026-08-01T08:35:55+03:00,1785562555,10278,67,3,29.2,50.7,,run
2026-08-01T08:36:00+03:00,1785562560,10283,67,3,29.2,41.1,,run
2026-08-01T08:36:05+03:00,1785562565,10288,67,3,29.2,39.5,,run
2026-08-01T08:36:10+03:00,1785562570,10293,67,3,29.2,37.7,,run
2026-08-01T08:36:16+03:00,1785562576,10299,67,3,29.2,37.7,,run
2026-08-01T08:36:21+03:00,1785562581,10304,67,3,29.2,37.4,,run
2026-08-01T08:36:26+03:00,1785562586,10309,67,3,29.2,38.0,,run
2026-08-01T08:36:31+03:00,1785562591,10314,67,3,29.2,38.3,,run
2026-08-01T08:36:36+03:00,1785562596,10319,67,3,29.2,50.4,,run
2026-08-01T08:36:42+03:00,1785562602,10325,67,3,29.2,42.3,,run
2026-08-01T08:36:47+03:00,1785562607,10330,67,3,29.2,40.2,,run
2026-08-01T08:36:52+03:00,1785562612,10335,67,3,29.2,39.8,,run
2026-08-01T08:36:58+03:00,1785562618,10341,67,3,29.2,38.9,,run
2026-08-01T08:37:03+03:00,1785562623,10346,67,3,29.2,38.0,,run
2026-08-01T08:37:08+03:00,1785562628,10351,67,3,29.2,38.6,,run
2026-08-01T08:37:13+03:00,1785562633,10356,67,3,29.2,41.1,,run
2026-08-01T08:37:18+03:00,1785562638,10361,67,3,29.2,39.5,,run
2026-08-01T08:37:24+03:00,1785562644,10367,67,3,29.2,38.6,,run
2026-08-01T08:37:29+03:00,1785562649,10372,67,3,29.2,38.9,,run
2026-08-01T08:37:34+03:00,1785562654,10377,67,3,29.2,38.9,,run
2026-08-01T08:37:39+03:00,1785562659,10382,67,3,29.2,38.3,,run
2026-08-01T08:37:45+03:00,1785562665,10388,67,3,29.2,40.2,,run
2026-08-01T08:37:50+03:00,1785562670,10393,67,3,29.2,43.9,,run
2026-08-01T08:37:55+03:00,1785562675,10398,67,3,29.2,48.8,,run
2026-08-01T08:38:00+03:00,1785562680,10403,67,3,29.2,41.7,,run
2026-08-01T08:38:06+03:00,1785562686,10409,67,3,29.2,39.5,,run
2026-08-01T08:38:11+03:00,1785562691,10414,67,3,29.2,38.3,,run
2026-08-01T08:38:16+03:00,1785562696,10419,67,3,29.2,37.4,,run
2026-08-01T08:38:21+03:00,1785562701,10424,67,3,29.2,38.3,,run
2026-08-01T08:38:26+03:00,1785562706,10429,67,3,29.2,38.0,,run
2026-08-01T08:38:32+03:00,1785562712,10435,67,3,29.2,37.7,,run
2026-08-01T08:38:37+03:00,1785562717,10440,66,3,29.3,50.7,,run
2026-08-01T08:38:43+03:00,1785562723,10446,66,3,29.3,43.9,,run
2026-08-01T08:38:48+03:00,1785562728,10451,66,3,29.3,39.8,,run
2026-08-01T08:38:53+03:00,1785562733,10456,66,3,29.3,38.9,,run
2026-08-01T08:38:58+03:00,1785562738,10461,66,3,29.3,38.6,,run
2026-08-01T08:39:03+03:00,1785562743,10466,66,3,29.3,38.3,,run
2026-08-01T08:39:09+03:00,1785562749,10472,66,3,29.3,39.2,,run
2026-08-01T08:39:14+03:00,1785562754,10477,66,3,29.3,42.6,,run
2026-08-01T08:39:19+03:00,1785562759,10482,66,3,29.3,38.6,,run
2026-08-01T08:39:24+03:00,1785562764,10487,66,3,29.3,38.9,,run
2026-08-01T08:39:30+03:00,1785562770,10493,66,3,29.3,39.2,,run
2026-08-01T08:39:35+03:00,1785562775,10498,66,3,29.3,38.6,,run
2026-08-01T08:39:40+03:00,1785562780,10503,66,3,29.3,40.2,,run
2026-08-01T08:39:45+03:00,1785562785,10508,66,3,29.3,41.4,,run
2026-08-01T08:39:50+03:00,1785562790,10513,66,3,29.3,45.7,,run
2026-08-01T08:39:56+03:00,1785562796,10519,66,3,29.3,50.4,,run
2026-08-01T08:40:01+03:00,1785562801,10524,66,3,29.3,40.2,,run
2026-08-01T08:40:06+03:00,1785562806,10529,66,3,29.3,39.5,,run
2026-08-01T08:40:12+03:00,1785562811,10534,66,3,29.3,38.6,,run
2026-08-01T08:40:17+03:00,1785562817,10540,66,3,29.3,38.6,,run
2026-08-01T08:40:22+03:00,1785562822,10545,66,3,29.3,38.0,,run
2026-08-01T08:40:27+03:00,1785562827,10550,66,3,29.3,37.7,,run
2026-08-01T08:40:32+03:00,1785562832,10555,66,3,29.3,38.0,,run
2026-08-01T08:40:38+03:00,1785562838,10561,66,3,29.3,51.6,,run
2026-08-01T08:40:43+03:00,1785562843,10566,66,3,29.3,41.4,,run
2026-08-01T08:40:48+03:00,1785562848,10571,66,3,29.3,40.2,,run
2026-08-01T08:40:54+03:00,1785562854,10577,66,3,29.3,39.5,,run
2026-08-01T08:40:59+03:00,1785562859,10582,66,3,29.3,39.5,,run
2026-08-01T08:41:04+03:00,1785562864,10587,66,3,29.3,38.6,,run
2026-08-01T08:41:09+03:00,1785562869,10592,66,3,29.3,38.9,,run
2026-08-01T08:41:15+03:00,1785562875,10598,66,3,29.3,41.1,,run
2026-08-01T08:41:20+03:00,1785562880,10603,66,3,29.3,39.2,,run
2026-08-01T08:41:25+03:00,1785562885,10608,66,3,29.3,38.9,,run
2026-08-01T08:41:30+03:00,1785562890,10613,66,3,29.3,38.6,,run
2026-08-01T08:41:35+03:00,1785562895,10618,66,3,29.3,38.3,,run
2026-08-01T08:41:41+03:00,1785562901,10624,66,3,29.3,38.9,,run
2026-08-01T08:41:46+03:00,1785562906,10629,66,3,29.3,40.5,,run
2026-08-01T08:41:51+03:00,1785562911,10634,66,3,29.3,46.3,,run
2026-08-01T08:41:56+03:00,1785562916,10639,66,3,29.3,51.9,,run
2026-08-01T08:42:02+03:00,1785562922,10645,66,3,29.3,41.1,,run
2026-08-01T08:42:07+03:00,1785562927,10650,66,3,29.3,38.6,,run
2026-08-01T08:42:12+03:00,1785562932,10655,66,3,29.3,38.0,,run
2026-08-01T08:42:17+03:00,1785562937,10660,66,3,29.3,37.7,,run
2026-08-01T08:42:23+03:00,1785562943,10666,66,3,29.3,37.7,,run
2026-08-01T08:42:28+03:00,1785562948,10671,66,3,29.3,38.9,,run
2026-08-01T08:42:33+03:00,1785562953,10676,66,3,29.3,39.5,,run
2026-08-01T08:42:38+03:00,1785562958,10681,66,3,29.3,51.3,,run
2026-08-01T08:42:44+03:00,1785562964,10687,66,3,29.3,44.5,,run
2026-08-01T08:42:49+03:00,1785562969,10692,66,3,29.3,41.7,,run
2026-08-01T08:42:54+03:00,1785562974,10697,66,3,29.3,40.8,,run
2026-08-01T08:43:00+03:00,1785562980,10703,66,3,29.3,40.5,,run
2026-08-01T08:43:05+03:00,1785562985,10708,66,3,29.3,42.6,,run
2026-08-01T08:43:10+03:00,1785562990,10713,66,3,29.3,41.7,,run
2026-08-01T08:43:15+03:00,1785562995,10718,66,3,29.3,41.7,,run
2026-08-01T08:43:20+03:00,1785563000,10723,66,3,29.3,39.2,,run
2026-08-01T08:43:26+03:00,1785563006,10729,66,3,29.3,39.8,,run
2026-08-01T08:43:31+03:00,1785563011,10734,66,3,29.3,39.8,,run
2026-08-01T08:43:36+03:00,1785563016,10739,66,3,29.3,41.1,,run
2026-08-01T08:43:41+03:00,1785563021,10744,66,3,29.3,41.4,,run
2026-08-01T08:43:47+03:00,1785563027,10750,66,3,29.3,41.1,,run
2026-08-01T08:43:52+03:00,1785563032,10755,66,3,29.3,44.5,,run
2026-08-01T08:43:57+03:00,1785563037,10760,66,3,29.3,47.6,,run
2026-08-01T08:44:02+03:00,1785563042,10765,66,3,29.3,41.1,,run
2026-08-01T08:44:08+03:00,1785563048,10771,66,3,29.3,38.9,,run
2026-08-01T08:44:13+03:00,1785563053,10776,66,3,29.3,38.9,,run
2026-08-01T08:44:18+03:00,1785563058,10781,66,3,29.3,38.3,,run
2026-08-01T08:44:23+03:00,1785563063,10786,66,3,29.3,37.7,,run
2026-08-01T08:44:29+03:00,1785563069,10792,66,3,29.3,38.3,,run
2026-08-01T08:44:34+03:00,1785563074,10797,66,3,29.3,39.2,,run
2026-08-01T08:44:39+03:00,1785563079,10802,66,3,29.2,50.7,,run
2026-08-01T08:44:44+03:00,1785563084,10807,66,3,29.2,42.0,,run
2026-08-01T08:44:50+03:00,1785563090,10813,66,3,29.2,40.2,,run
2026-08-01T08:44:55+03:00,1785563095,10818,66,3,29.2,38.9,,run
2026-08-01T08:45:00+03:00,1785563100,10823,66,3,29.2,38.9,,run
2026-08-01T08:45:05+03:00,1785563105,10828,66,3,29.2,38.9,,run
2026-08-01T08:45:11+03:00,1785563111,10834,66,3,29.2,40.2,,run
2026-08-01T08:45:16+03:00,1785563116,10839,66,3,29.2,40.5,,run
2026-08-01T08:45:21+03:00,1785563121,10844,66,3,29.2,38.6,,run
2026-08-01T08:45:26+03:00,1785563126,10849,66,3,29.2,38.9,,run
2026-08-01T08:45:32+03:00,1785563132,10855,66,3,29.2,38.6,,run
2026-08-01T08:45:37+03:00,1785563137,10860,66,3,29.2,38.3,,run
2026-08-01T08:45:42+03:00,1785563142,10865,66,3,29.2,40.2,,run
2026-08-01T08:45:47+03:00,1785563147,10870,66,3,29.2,40.5,,run
2026-08-01T08:45:52+03:00,1785563152,10875,66,3,29.2,43.9,,run
2026-08-01T08:45:58+03:00,1785563158,10881,66,3,29.2,52.2,,run
2026-08-01T08:46:03+03:00,1785563163,10886,66,3,29.2,40.2,,run
2026-08-01T08:46:08+03:00,1785563168,10891,66,3,29.2,38.9,,run
2026-08-01T08:46:14+03:00,1785563174,10897,66,3,29.2,38.3,,run
2026-08-01T08:46:19+03:00,1785563179,10902,66,3,29.2,51.0,,run
2026-08-01T08:46:24+03:00,1785563184,10907,66,3,29.2,41.1,,run
2026-08-01T08:46:30+03:00,1785563190,10913,66,3,29.2,39.8,,run
2026-08-01T08:46:35+03:00,1785563195,10918,66,3,29.2,42.0,,run
2026-08-01T08:46:40+03:00,1785563200,10923,66,3,29.2,39.2,,run
2026-08-01T08:46:45+03:00,1785563205,10928,66,3,29.2,39.2,,run
2026-08-01T08:46:51+03:00,1785563211,10934,66,3,29.2,39.2,,run
2026-08-01T08:46:56+03:00,1785563216,10939,66,3,29.2,38.9,,run
2026-08-01T08:47:01+03:00,1785563221,10944,66,3,29.2,41.1,,run
2026-08-01T08:47:06+03:00,1785563226,10949,66,3,29.2,39.8,,run
2026-08-01T08:47:12+03:00,1785563232,10955,66,3,29.2,38.9,,run
2026-08-01T08:47:17+03:00,1785563237,10960,66,3,29.2,39.5,,run
2026-08-01T08:47:22+03:00,1785563242,10965,66,3,29.2,38.9,,run
2026-08-01T08:47:27+03:00,1785563247,10970,66,3,29.2,38.6,,run
2026-08-01T08:47:33+03:00,1785563253,10976,66,3,29.2,47.0,,run
2026-08-01T08:47:38+03:00,1785563258,10981,66,3,29.2,50.1,,run
2026-08-01T08:47:43+03:00,1785563263,10986,66,3,29.2,41.7,,run
2026-08-01T08:47:48+03:00,1785563268,10991,66,3,29.2,39.5,,run
2026-08-01T08:47:54+03:00,1785563274,10997,66,3,29.2,38.3,,run
2026-08-01T08:47:59+03:00,1785563279,11002,66,3,29.2,38.6,,run
2026-08-01T08:48:04+03:00,1785563284,11007,66,3,29.2,37.7,,run
2026-08-01T08:48:09+03:00,1785563289,11012,66,3,29.2,38.9,,run
2026-08-01T08:48:15+03:00,1785563295,11018,66,3,29.2,37.7,,run
2026-08-01T08:48:20+03:00,1785563300,11023,66,3,29.2,50.1,,run
2026-08-01T08:48:25+03:00,1785563305,11028,66,3,29.2,42.3,,run
2026-08-01T08:48:30+03:00,1785563310,11033,66,3,29.2,42.0,,run
2026-08-01T08:48:36+03:00,1785563316,11039,66,3,29.2,38.9,,run
2026-08-01T08:48:41+03:00,1785563321,11044,66,3,29.2,38.9,,run
2026-08-01T08:48:46+03:00,1785563326,11049,66,3,29.2,38.6,,run
2026-08-01T08:48:51+03:00,1785563331,11054,66,3,29.2,38.6,,run
2026-08-01T08:48:57+03:00,1785563337,11060,66,3,29.2,39.5,,run
2026-08-01T08:49:02+03:00,1785563342,11065,66,3,29.2,39.8,,run
2026-08-01T08:49:07+03:00,1785563347,11070,66,3,29.2,38.9,,run
2026-08-01T08:49:12+03:00,1785563352,11075,66,3,29.2,38.6,,run
2026-08-01T08:49:17+03:00,1785563357,11080,66,3,29.2,39.2,,run
2026-08-01T08:49:23+03:00,1785563363,11086,66,3,29.2,39.5,,run
2026-08-01T08:49:28+03:00,1785563368,11091,66,3,29.2,39.2,,run
2026-08-01T08:49:33+03:00,1785563373,11096,66,3,29.2,45.7,,run
2026-08-01T08:49:38+03:00,1785563378,11101,66,3,29.2,52.5,,run
2026-08-01T08:49:44+03:00,1785563384,11107,66,3,29.2,40.5,,run
2026-08-01T08:49:49+03:00,1785563389,11112,66,3,29.2,40.2,,run
2026-08-01T08:49:54+03:00,1785563394,11117,66,3,29.2,38.0,,run
2026-08-01T08:49:59+03:00,1785563399,11122,66,3,29.2,38.0,,run
2026-08-01T08:50:05+03:00,1785563405,11128,66,3,29.2,38.6,,run
2026-08-01T08:50:10+03:00,1785563410,11133,66,3,29.2,38.9,,run
2026-08-01T08:50:15+03:00,1785563415,11138,66,3,29.2,37.1,,run
2026-08-01T08:50:20+03:00,1785563420,11143,66,3,29.2,50.7,,run
2026-08-01T08:50:26+03:00,1785563426,11149,65,3,29.2,42.3,,run
2026-08-01T08:50:31+03:00,1785563431,11154,65,3,29.2,42.6,,run
2026-08-01T08:50:36+03:00,1785563436,11159,65,3,29.2,40.2,,run
2026-08-01T08:50:41+03:00,1785563441,11164,65,3,29.2,38.9,,run
2026-08-01T08:50:47+03:00,1785563447,11170,65,3,29.2,39.8,,run
2026-08-01T08:50:52+03:00,1785563452,11175,65,3,29.2,40.5,,run
2026-08-01T08:50:57+03:00,1785563457,11180,65,3,29.2,41.1,,run
2026-08-01T08:51:02+03:00,1785563462,11185,65,3,29.2,40.5,,run
2026-08-01T08:51:08+03:00,1785563468,11191,65,3,29.2,40.2,,run
2026-08-01T08:51:13+03:00,1785563473,11196,65,3,29.2,39.5,,run
2026-08-01T08:51:18+03:00,1785563478,11201,65,3,29.2,39.8,,run
2026-08-01T08:51:23+03:00,1785563483,11206,65,3,29.2,41.7,,run
2026-08-01T08:51:29+03:00,1785563489,11212,65,3,29.2,41.4,,run
2026-08-01T08:51:34+03:00,1785563494,11217,65,3,29.2,47.3,,run
2026-08-01T08:51:39+03:00,1785563499,11222,65,3,29.2,51.6,,run
2026-08-01T08:51:44+03:00,1785563504,11227,65,3,29.2,41.7,,run
2026-08-01T08:51:50+03:00,1785563510,11233,65,3,29.2,39.2,,run
2026-08-01T08:51:55+03:00,1785563515,11238,65,3,29.2,39.2,,run
2026-08-01T08:52:00+03:00,1785563520,11243,65,3,29.2,38.0,,run
2026-08-01T08:52:05+03:00,1785563525,11248,65,3,29.2,37.7,,run
2026-08-01T08:52:11+03:00,1785563531,11254,65,3,29.2,38.3,,run
2026-08-01T08:52:16+03:00,1785563536,11259,65,3,29.2,38.6,,run
2026-08-01T08:52:21+03:00,1785563541,11264,65,3,29.2,51.3,,run
2026-08-01T08:52:27+03:00,1785563547,11270,65,3,29.2,42.3,,run
2026-08-01T08:52:32+03:00,1785563552,11275,65,3,29.2,39.8,,run
2026-08-01T08:52:37+03:00,1785563557,11280,65,3,29.2,39.8,,run
2026-08-01T08:52:42+03:00,1785563562,11285,65,3,29.2,39.5,,run
2026-08-01T08:52:47+03:00,1785563567,11290,65,3,29.2,38.6,,run
2026-08-01T08:52:53+03:00,1785563573,11296,65,3,29.2,39.2,,run
2026-08-01T08:52:58+03:00,1785563578,11301,65,3,29.2,42.0,,run
2026-08-01T08:53:03+03:00,1785563583,11306,65,3,29.2,38.9,,run
2026-08-01T08:53:08+03:00,1785563588,11311,65,3,29.2,39.2,,run
2026-08-01T08:53:14+03:00,1785563594,11317,65,3,29.2,39.2,,run
2026-08-01T08:53:19+03:00,1785563599,11322,65,3,29.2,38.6,,run
2026-08-01T08:53:24+03:00,1785563604,11327,65,3,29.2,38.9,,run
2026-08-01T08:53:29+03:00,1785563609,11332,65,3,29.2,40.8,,run
2026-08-01T08:53:34+03:00,1785563614,11337,65,3,29.2,44.2,,run
2026-08-01T08:53:40+03:00,1785563620,11343,65,3,29.2,49.4,,run
2026-08-01T08:53:45+03:00,1785563625,11348,65,3,29.2,41.4,,run
2026-08-01T08:53:50+03:00,1785563630,11353,65,3,29.2,39.2,,run
2026-08-01T08:53:55+03:00,1785563635,11358,65,3,29.2,38.3,,run
2026-08-01T08:54:01+03:00,1785563641,11364,65,3,29.2,38.9,,run
2026-08-01T08:54:06+03:00,1785563646,11369,65,3,29.2,38.3,,run
2026-08-01T08:54:11+03:00,1785563651,11374,65,3,29.2,38.3,,run
2026-08-01T08:54:16+03:00,1785563656,11379,65,3,29.2,39.2,,run
2026-08-01T08:54:22+03:00,1785563662,11385,65,3,29.2,49.1,,run
2026-08-01T08:54:27+03:00,1785563667,11390,65,3,29.2,46.7,,run
2026-08-01T08:54:32+03:00,1785563672,11395,65,3,29.2,40.5,,run
2026-08-01T08:54:38+03:00,1785563678,11401,65,3,29.3,39.8,,run
2026-08-01T08:54:43+03:00,1785563683,11406,65,3,29.3,40.2,,run
2026-08-01T08:54:48+03:00,1785563688,11411,65,3,29.3,42.6,,run
2026-08-01T08:54:53+03:00,1785563693,11416,65,3,29.3,42.3,,run
2026-08-01T08:54:59+03:00,1785563699,11422,65,3,29.3,42.3,,run
2026-08-01T08:55:04+03:00,1785563704,11427,65,3,29.3,40.2,,run
2026-08-01T08:55:09+03:00,1785563709,11432,65,3,29.3,39.5,,run
2026-08-01T08:55:14+03:00,1785563714,11437,65,3,29.3,39.8,,run
2026-08-01T08:55:20+03:00,1785563720,11443,65,3,29.3,41.4,,run
2026-08-01T08:55:25+03:00,1785563725,11448,65,3,29.3,41.7,,run
2026-08-01T08:55:30+03:00,1785563730,11453,65,3,29.3,41.4,,run
2026-08-01T08:55:35+03:00,1785563735,11458,65,3,29.3,39.5,,run
2026-08-01T08:55:40+03:00,1785563740,11463,65,3,29.3,50.4,,run
2026-08-01T08:55:46+03:00,1785563746,11469,65,3,29.3,41.1,,run
2026-08-01T08:55:51+03:00,1785563751,11474,65,3,29.3,39.5,,run
2026-08-01T08:55:57+03:00,1785563757,11480,65,3,29.3,39.2,,run
2026-08-01T08:56:02+03:00,1785563762,11485,65,3,29.3,38.3,,run
2026-08-01T08:56:07+03:00,1785563767,11490,65,3,29.3,38.6,,run
2026-08-01T08:56:12+03:00,1785563772,11495,65,3,29.3,40.5,,run
2026-08-01T08:56:17+03:00,1785563777,11500,65,3,29.3,39.8,,run
2026-08-01T08:56:23+03:00,1785563783,11506,65,3,29.3,38.9,,run
2026-08-01T08:56:28+03:00,1785563788,11511,65,3,29.3,49.4,,run
2026-08-01T08:56:33+03:00,1785563793,11516,65,3,29.3,40.2,,run
2026-08-01T08:56:38+03:00,1785563798,11521,65,3,29.3,40.2,,run
2026-08-01T08:56:44+03:00,1785563804,11527,65,3,29.3,38.6,,run
2026-08-01T08:56:49+03:00,1785563809,11532,65,3,29.3,42.3,,run
2026-08-01T08:56:54+03:00,1785563814,11537,65,3,29.3,39.8,,run
2026-08-01T08:56:59+03:00,1785563819,11542,65,3,29.3,39.5,,run
2026-08-01T08:57:05+03:00,1785563825,11548,65,3,29.3,38.6,,run
2026-08-01T08:57:10+03:00,1785563830,11553,65,3,29.3,38.9,,run
2026-08-01T08:57:15+03:00,1785563835,11558,65,3,29.3,40.8,,run
2026-08-01T08:57:20+03:00,1785563840,11563,65,3,29.3,42.0,,run
2026-08-01T08:57:26+03:00,1785563846,11569,65,3,29.3,39.8,,run
2026-08-01T08:57:31+03:00,1785563851,11574,65,3,29.3,38.9,,run
2026-08-01T08:57:36+03:00,1785563856,11579,65,3,29.3,38.6,,run
2026-08-01T08:57:41+03:00,1785563861,11584,65,3,29.3,41.4,,run
2026-08-01T08:57:47+03:00,1785563867,11590,65,3,29.3,46.0,,run
2026-08-01T08:57:52+03:00,1785563872,11595,65,3,29.3,40.8,,run
2026-08-01T08:57:57+03:00,1785563877,11600,65,3,29.3,38.6,,run
2026-08-01T08:58:02+03:00,1785563882,11605,65,3,29.3,38.0,,run
2026-08-01T08:58:08+03:00,1785563888,11611,65,3,29.3,49.7,,run
2026-08-01T08:58:13+03:00,1785563893,11616,65,3,29.3,42.3,,run
2026-08-01T08:58:19+03:00,1785563899,11622,65,3,29.3,40.2,,run
2026-08-01T08:58:24+03:00,1785563904,11627,65,3,29.3,39.8,,run
2026-08-01T08:58:29+03:00,1785563909,11632,65,3,29.3,39.8,,run
2026-08-01T08:58:34+03:00,1785563914,11637,65,3,29.3,38.6,,run
2026-08-01T08:58:40+03:00,1785563920,11643,65,3,29.3,39.2,,run
2026-08-01T08:58:45+03:00,1785563925,11648,65,3,29.3,40.5,,run
2026-08-01T08:58:50+03:00,1785563930,11653,65,3,29.3,39.8,,run
2026-08-01T08:58:55+03:00,1785563935,11658,65,3,29.3,39.5,,run
2026-08-01T08:59:00+03:00,1785563940,11663,65,3,29.3,38.9,,run
2026-08-01T08:59:06+03:00,1785563946,11669,65,3,29.3,38.6,,run
2026-08-01T08:59:11+03:00,1785563951,11674,65,3,29.3,38.9,,run
2026-08-01T08:59:16+03:00,1785563956,11679,65,3,29.3,41.7,,run
2026-08-01T08:59:21+03:00,1785563961,11684,65,3,29.3,45.4,,run
2026-08-01T08:59:27+03:00,1785563967,11690,65,3,29.3,50.4,,run
2026-08-01T08:59:32+03:00,1785563972,11695,65,3,29.3,43.6,,run
2026-08-01T08:59:37+03:00,1785563977,11700,65,3,29.3,38.6,,run
2026-08-01T08:59:43+03:00,1785563983,11706,65,3,29.3,38.6,,run
2026-08-01T08:59:48+03:00,1785563988,11711,65,3,29.3,38.3,,run
2026-08-01T08:59:53+03:00,1785563993,11716,65,3,29.3,37.7,,run
2026-08-01T08:59:58+03:00,1785563998,11721,65,3,29.3,38.0,,run
2026-08-01T09:00:04+03:00,1785564004,11727,65,3,29.3,37.7,,run
2026-08-01T09:00:09+03:00,1785564009,11732,65,3,29.3,38.6,,run
2026-08-01T09:00:14+03:00,1785564014,11737,65,3,29.3,49.1,,run
2026-08-01T09:00:20+03:00,1785564020,11743,65,3,29.3,44.5,,run
2026-08-01T09:00:25+03:00,1785564025,11748,65,3,29.3,41.1,,run
2026-08-01T09:00:30+03:00,1785564030,11753,65,3,29.3,40.2,,run
2026-08-01T09:00:35+03:00,1785564035,11758,65,3,29.3,39.5,,run
2026-08-01T09:00:41+03:00,1785564041,11764,65,3,29.3,39.2,,run
2026-08-01T09:00:46+03:00,1785564046,11769,65,3,29.3,38.6,,run
2026-08-01T09:00:51+03:00,1785564051,11774,65,3,29.3,38.0,,run
2026-08-01T09:00:56+03:00,1785564056,11779,65,3,29.3,42.3,,run
2026-08-01T09:01:02+03:00,1785564062,11785,65,3,29.3,39.8,,run
2026-08-01T09:01:07+03:00,1785564067,11790,65,3,29.3,38.9,,run
2026-08-01T09:01:12+03:00,1785564072,11795,65,3,29.3,38.6,,run
2026-08-01T09:01:17+03:00,1785564077,11800,65,3,29.3,38.3,,run
2026-08-01T09:01:23+03:00,1785564083,11806,65,3,29.3,38.9,,run
2026-08-01T09:01:28+03:00,1785564088,11811,65,3,29.3,41.1,,run
2026-08-01T09:01:33+03:00,1785564093,11816,65,3,29.3,51.3,,run
2026-08-01T09:01:39+03:00,1785564099,11822,65,3,29.3,39.5,,run
2026-08-01T09:01:44+03:00,1785564104,11827,65,3,29.3,39.5,,run
2026-08-01T09:01:49+03:00,1785564109,11832,65,3,29.3,38.3,,run
2026-08-01T09:01:54+03:00,1785564114,11837,65,3,29.3,38.3,,run
2026-08-01T09:02:00+03:00,1785564120,11843,65,3,29.3,37.7,,run
2026-08-01T09:02:05+03:00,1785564125,11848,65,3,29.3,39.8,,run
2026-08-01T09:02:10+03:00,1785564130,11853,64,3,29.4,38.9,,run
2026-08-01T09:02:15+03:00,1785564135,11858,64,3,29.4,38.6,,run
2026-08-01T09:02:20+03:00,1785564140,11863,64,3,29.4,50.1,,run
2026-08-01T09:02:26+03:00,1785564146,11869,64,3,29.4,40.2,,run
2026-08-01T09:02:31+03:00,1785564151,11874,64,3,29.4,39.5,,run
2026-08-01T09:02:36+03:00,1785564156,11879,64,3,29.4,39.5,,run
2026-08-01T09:02:41+03:00,1785564161,11884,64,3,29.4,42.0,,run
2026-08-01T09:02:47+03:00,1785564167,11890,64,3,29.4,39.5,,run
2026-08-01T09:02:52+03:00,1785564172,11895,64,3,29.4,38.9,,run
2026-08-01T09:02:57+03:00,1785564177,11900,64,3,29.4,39.2,,run
2026-08-01T09:03:02+03:00,1785564182,11905,64,3,29.4,38.9,,run
2026-08-01T09:03:08+03:00,1785564188,11911,64,3,29.4,39.8,,run
2026-08-01T09:03:13+03:00,1785564193,11916,64,3,29.4,39.8,,run
2026-08-01T09:03:18+03:00,1785564198,11921,64,3,29.4,39.2,,run
2026-08-01T09:03:23+03:00,1785564203,11926,64,3,29.4,39.2,,run
2026-08-01T09:03:29+03:00,1785564209,11932,64,3,29.4,38.9,,run
2026-08-01T09:03:34+03:00,1785564214,11937,64,3,29.4,42.3,,run
2026-08-01T09:03:39+03:00,1785564219,11942,64,3,29.4,46.7,,run
2026-08-01T09:03:44+03:00,1785564224,11947,64,3,29.4,40.2,,run
2026-08-01T09:03:50+03:00,1785564230,11953,64,3,29.4,39.2,,run
2026-08-01T09:03:55+03:00,1785564235,11958,64,3,29.4,38.3,,run
2026-08-01T09:04:00+03:00,1785564240,11963,64,3,29.4,38.0,,run
2026-08-01T09:04:05+03:00,1785564245,11968,64,3,29.4,38.9,,run
2026-08-01T09:04:11+03:00,1785564251,11974,64,3,29.4,38.6,,run
2026-08-01T09:04:16+03:00,1785564256,11979,64,3,29.4,40.5,,run
2026-08-01T09:04:21+03:00,1785564261,11984,64,3,29.4,40.5,,run
2026-08-01T09:04:26+03:00,1785564266,11989,64,3,29.4,47.3,,run
2026-08-01T09:04:32+03:00,1785564272,11995,64,3,29.4,39.5,,run
2026-08-01T09:04:37+03:00,1785564277,12000,64,3,29.5,39.2,,run
2026-08-01T09:04:42+03:00,1785564282,12005,64,3,29.5,38.6,,run
2026-08-01T09:04:47+03:00,1785564287,12010,64,3,29.5,39.5,,run
2026-08-01T09:04:53+03:00,1785564293,12016,64,3,29.5,40.8,,run
2026-08-01T09:04:58+03:00,1785564298,12021,64,3,29.5,40.2,,run
2026-08-01T09:05:03+03:00,1785564303,12026,64,3,29.5,38.9,,run
2026-08-01T09:05:08+03:00,1785564308,12031,64,3,29.5,38.9,,run
2026-08-01T09:05:14+03:00,1785564314,12037,64,3,29.5,39.2,,run
2026-08-01T09:05:19+03:00,1785564319,12042,64,3,29.5,39.2,,run
2026-08-01T09:05:24+03:00,1785564324,12047,64,3,29.5,41.1,,run
2026-08-01T09:05:29+03:00,1785564329,12052,64,3,29.5,42.0,,run
2026-08-01T09:05:35+03:00,1785564335,12058,64,3,29.5,38.6,,run
2026-08-01T09:05:40+03:00,1785564340,12063,64,3,29.5,47.9,,run
2026-08-01T09:05:45+03:00,1785564345,12068,64,3,29.5,41.7,,run
2026-08-01T09:05:51+03:00,1785564351,12074,64,3,29.5,41.4,,run
2026-08-01T09:05:56+03:00,1785564356,12079,64,3,29.5,38.9,,run
2026-08-01T09:06:01+03:00,1785564361,12084,64,3,29.5,38.3,,run
2026-08-01T09:06:06+03:00,1785564366,12089,64,3,29.5,38.0,,run
2026-08-01T09:06:11+03:00,1785564371,12094,64,3,29.5,40.2,,run
2026-08-01T09:06:17+03:00,1785564377,12100,64,3,29.5,38.9,,run
2026-08-01T09:06:22+03:00,1785564382,12105,64,3,29.5,39.2,,run
2026-08-01T09:06:27+03:00,1785564387,12110,64,3,29.5,48.8,,run
2026-08-01T09:06:32+03:00,1785564392,12115,64,3,29.5,41.1,,run
2026-08-01T09:06:38+03:00,1785564398,12121,64,3,29.5,40.8,,run
2026-08-01T09:06:43+03:00,1785564403,12126,64,3,29.5,41.4,,run
2026-08-01T09:06:48+03:00,1785564408,12131,64,3,29.5,39.8,,run
2026-08-01T09:06:53+03:00,1785564413,12136,64,3,29.5,39.5,,run
2026-08-01T09:06:59+03:00,1785564419,12142,64,3,29.5,40.2,,run
2026-08-01T09:07:04+03:00,1785564424,12147,64,3,29.5,39.5,,run
2026-08-01T09:07:09+03:00,1785564429,12152,64,3,29.5,40.5,,run
2026-08-01T09:07:14+03:00,1785564434,12157,64,3,29.5,41.1,,run
2026-08-01T09:07:20+03:00,1785564440,12163,64,3,29.5,39.2,,run
2026-08-01T09:07:25+03:00,1785564445,12168,64,3,29.5,38.9,,run
2026-08-01T09:07:30+03:00,1785564450,12173,64,3,29.5,38.6,,run
2026-08-01T09:07:35+03:00,1785564455,12178,64,3,29.5,39.5,,run
2026-08-01T09:07:40+03:00,1785564460,12183,64,3,29.5,40.2,,run
2026-08-01T09:07:46+03:00,1785564466,12189,64,3,29.5,44.2,,run
2026-08-01T09:07:51+03:00,1785564471,12194,64,3,29.5,41.1,,run
2026-08-01T09:07:56+03:00,1785564476,12199,64,3,29.5,39.2,,run
2026-08-01T09:08:01+03:00,1785564481,12204,64,3,29.5,39.2,,run
2026-08-01T09:08:07+03:00,1785564487,12210,64,3,29.5,38.6,,run
2026-08-01T09:08:12+03:00,1785564492,12215,64,3,29.5,38.9,,run
2026-08-01T09:08:17+03:00,1785564497,12220,64,3,29.5,39.8,,run
2026-08-01T09:08:22+03:00,1785564502,12225,64,3,29.5,40.5,,run
2026-08-01T09:08:28+03:00,1785564508,12231,64,3,29.5,51.3,,run
2026-08-01T09:08:33+03:00,1785564513,12236,64,3,29.5,42.6,,run
2026-08-01T09:08:38+03:00,1785564518,12241,64,3,29.5,40.2,,run
2026-08-01T09:08:43+03:00,1785564523,12246,64,3,29.5,39.8,,run
2026-08-01T09:08:49+03:00,1785564529,12252,64,3,29.5,38.9,,run
2026-08-01T09:08:54+03:00,1785564534,12257,64,3,29.5,39.2,,run
2026-08-01T09:08:59+03:00,1785564539,12262,64,3,29.5,40.8,,run
2026-08-01T09:09:04+03:00,1785564544,12267,64,3,29.5,39.5,,run
2026-08-01T09:09:10+03:00,1785564550,12273,64,3,29.5,38.9,,run
2026-08-01T09:09:15+03:00,1785564555,12278,64,3,29.5,38.9,,run
2026-08-01T09:09:20+03:00,1785564560,12283,64,3,29.5,38.9,,run
2026-08-01T09:09:25+03:00,1785564565,12288,64,3,29.5,39.2,,run
2026-08-01T09:09:31+03:00,1785564571,12294,64,3,29.5,39.8,,run
2026-08-01T09:09:36+03:00,1785564576,12299,64,3,29.5,39.8,,run
2026-08-01T09:09:41+03:00,1785564581,12304,64,3,29.5,43.6,,run
2026-08-01T09:09:46+03:00,1785564586,12309,64,3,29.5,51.6,,run
2026-08-01T09:09:52+03:00,1785564592,12315,64,3,29.5,43.6,,run
2026-08-01T09:09:57+03:00,1785564597,12320,64,3,29.5,39.5,,run
2026-08-01T09:10:02+03:00,1785564602,12325,64,3,29.5,38.6,,run
2026-08-01T09:10:07+03:00,1785564607,12330,64,3,29.5,38.9,,run
2026-08-01T09:10:13+03:00,1785564613,12336,64,3,29.5,38.6,,run
2026-08-01T09:10:18+03:00,1785564618,12341,64,3,29.5,38.3,,run
2026-08-01T09:10:23+03:00,1785564623,12346,64,3,29.5,39.2,,run
2026-08-01T09:10:28+03:00,1785564628,12351,64,3,29.5,52.2,,run
2026-08-01T09:10:34+03:00,1785564634,12357,64,3,29.5,41.4,,run
2026-08-01T09:10:39+03:00,1785564639,12362,64,3,29.5,40.8,,run
2026-08-01T09:10:44+03:00,1785564644,12367,64,3,29.5,40.2,,run
2026-08-01T09:10:50+03:00,1785564650,12373,64,3,29.5,40.2,,run
2026-08-01T09:10:55+03:00,1785564655,12378,64,3,29.5,39.8,,run
2026-08-01T09:11:00+03:00,1785564660,12383,64,3,29.5,39.5,,run
2026-08-01T09:11:05+03:00,1785564665,12388,64,3,29.5,38.9,,run
2026-08-01T09:11:11+03:00,1785564671,12394,64,3,29.5,39.8,,run
2026-08-01T09:11:16+03:00,1785564676,12399,64,3,29.5,40.8,,run
2026-08-01T09:11:21+03:00,1785564681,12404,64,3,29.5,39.5,,run
2026-08-01T09:11:26+03:00,1785564686,12409,64,3,29.5,39.2,,run
2026-08-01T09:11:31+03:00,1785564691,12414,64,3,29.5,39.5,,run
2026-08-01T09:11:37+03:00,1785564697,12420,64,3,29.5,39.2,,run
2026-08-01T09:11:42+03:00,1785564702,12425,64,3,29.5,42.3,,run
2026-08-01T09:11:47+03:00,1785564707,12430,64,3,29.5,48.8,,run
2026-08-01T09:11:52+03:00,1785564712,12435,64,3,29.5,44.2,,run
2026-08-01T09:11:58+03:00,1785564718,12441,64,3,29.5,38.9,,run
2026-08-01T09:12:03+03:00,1785564723,12446,64,3,29.5,38.0,,run
2026-08-01T09:12:08+03:00,1785564728,12451,64,3,29.5,38.0,,run
2026-08-01T09:12:13+03:00,1785564733,12456,64,3,29.5,37.7,,run
2026-08-01T09:12:19+03:00,1785564739,12462,64,3,29.5,40.8,,run
2026-08-01T09:12:24+03:00,1785564744,12467,64,3,29.5,38.6,,run
2026-08-01T09:12:29+03:00,1785564749,12472,64,3,29.5,49.1,,run
2026-08-01T09:12:35+03:00,1785564755,12478,64,3,29.5,41.7,,run
2026-08-01T09:12:40+03:00,1785564760,12483,64,3,29.5,39.2,,run
2026-08-01T09:12:45+03:00,1785564765,12488,64,3,29.5,38.9,,run
2026-08-01T09:12:50+03:00,1785564770,12493,64,3,29.5,41.7,,run
2026-08-01T09:12:56+03:00,1785564776,12499,64,3,29.5,39.8,,run
2026-08-01T09:13:01+03:00,1785564781,12504,64,3,29.5,39.2,,run
2026-08-01T09:13:06+03:00,1785564786,12509,64,3,29.5,39.2,,run
2026-08-01T09:13:11+03:00,1785564791,12514,64,3,29.5,38.6,,run
2026-08-01T09:13:17+03:00,1785564797,12520,64,3,29.5,39.2,,run
2026-08-01T09:13:22+03:00,1785564802,12525,64,3,29.5,42.6,,run
2026-08-01T09:13:27+03:00,1785564807,12530,64,3,29.5,39.2,,run
2026-08-01T09:13:32+03:00,1785564812,12535,64,3,29.5,39.2,,run
2026-08-01T09:13:37+03:00,1785564817,12540,64,3,29.5,38.6,,run
2026-08-01T09:13:43+03:00,1785564823,12546,64,3,29.5,38.3,,run
2026-08-01T09:13:48+03:00,1785564828,12551,64,3,29.5,51.3,,run
2026-08-01T09:13:53+03:00,1785564833,12556,64,3,29.5,44.5,,run
2026-08-01T09:13:59+03:00,1785564839,12562,63,3,29.7,40.5,,run
2026-08-01T09:14:04+03:00,1785564844,12567,63,3,29.7,38.9,,run
2026-08-01T09:14:09+03:00,1785564849,12572,63,3,29.7,42.9,,run
2026-08-01T09:14:15+03:00,1785564855,12578,63,3,29.7,45.1,,run
2026-08-01T09:14:20+03:00,1785564860,12583,63,3,29.7,40.2,,run
2026-08-01T09:14:25+03:00,1785564865,12588,63,3,29.7,41.1,,run
2026-08-01T09:14:30+03:00,1785564870,12593,63,3,29.7,40.5,,run
2026-08-01T09:14:36+03:00,1785564876,12599,63,3,29.7,39.2,,run
2026-08-01T09:14:41+03:00,1785564881,12604,63,3,29.7,41.1,,run
2026-08-01T09:14:46+03:00,1785564886,12609,63,3,29.7,40.5,,run
2026-08-01T09:14:51+03:00,1785564891,12614,63,3,29.7,40.2,,run
2026-08-01T09:14:57+03:00,1785564897,12620,63,3,29.7,39.2,,run
2026-08-01T09:15:02+03:00,1785564902,12625,63,3,29.7,39.2,,run
2026-08-01T09:15:07+03:00,1785564907,12630,63,3,29.7,39.2,,run
2026-08-01T09:15:12+03:00,1785564912,12635,63,3,29.7,39.8,,run
2026-08-01T09:15:17+03:00,1785564917,12640,63,3,29.7,41.1,,run
2026-08-01T09:15:23+03:00,1785564923,12646,63,3,29.7,38.9,,run
2026-08-01T09:15:28+03:00,1785564928,12651,63,3,29.7,51.0,,run
2026-08-01T09:15:33+03:00,1785564933,12656,63,3,29.7,40.8,,run
2026-08-01T09:15:39+03:00,1785564939,12662,63,3,29.7,39.5,,run
2026-08-01T09:15:44+03:00,1785564944,12667,63,3,29.7,38.3,,run
2026-08-01T09:15:49+03:00,1785564949,12672,63,3,29.7,38.3,,run
2026-08-01T09:15:54+03:00,1785564954,12677,63,3,29.7,38.6,,run
2026-08-01T09:16:00+03:00,1785564960,12683,63,3,29.7,38.6,,run
2026-08-01T09:16:05+03:00,1785564965,12688,63,3,29.7,38.3,,run
2026-08-01T09:16:10+03:00,1785564970,12693,63,3,29.7,38.6,,run
2026-08-01T09:16:15+03:00,1785564975,12698,63,3,29.7,51.9,,run
2026-08-01T09:16:21+03:00,1785564981,12704,63,3,29.7,40.8,,run
2026-08-01T09:16:26+03:00,1785564986,12709,63,3,29.7,41.4,,run
2026-08-01T09:16:31+03:00,1785564991,12714,63,3,29.7,40.8,,run
2026-08-01T09:16:36+03:00,1785564996,12719,63,3,29.7,39.8,,run
2026-08-01T09:16:41+03:00,1785565001,12724,63,3,29.7,38.9,,run
2026-08-01T09:16:47+03:00,1785565007,12730,63,3,29.7,39.2,,run
2026-08-01T09:16:52+03:00,1785565012,12735,63,3,29.7,38.3,,run
2026-08-01T09:16:57+03:00,1785565017,12740,63,3,29.7,40.2,,run
2026-08-01T09:17:02+03:00,1785565022,12745,63,3,29.7,39.8,,run
2026-08-01T09:17:08+03:00,1785565028,12751,63,3,29.7,39.2,,run
2026-08-01T09:17:13+03:00,1785565033,12756,63,3,29.7,40.5,,run
2026-08-01T09:17:18+03:00,1785565038,12761,63,3,29.7,41.4,,run
2026-08-01T09:17:23+03:00,1785565043,12766,63,3,29.7,40.5,,run
2026-08-01T09:17:29+03:00,1785565049,12772,63,3,29.7,44.5,,run
2026-08-01T09:17:34+03:00,1785565054,12777,63,3,29.7,43.9,,run
2026-08-01T09:17:39+03:00,1785565059,12782,63,3,29.7,42.6,,run
2026-08-01T09:17:44+03:00,1785565064,12787,63,3,29.7,38.9,,run
2026-08-01T09:17:50+03:00,1785565070,12793,63,3,29.7,38.9,,run
2026-08-01T09:17:55+03:00,1785565075,12798,63,3,29.7,50.1,,run
2026-08-01T09:18:01+03:00,1785565081,12804,63,3,29.7,42.9,,run
2026-08-01T09:18:06+03:00,1785565086,12809,63,3,29.7,40.8,,run
2026-08-01T09:18:11+03:00,1785565091,12814,63,3,29.7,40.2,,run
2026-08-01T09:18:16+03:00,1785565096,12819,63,3,29.7,42.0,,run
2026-08-01T09:18:22+03:00,1785565102,12825,63,3,29.7,40.8,,run
2026-08-01T09:18:27+03:00,1785565107,12830,63,3,29.7,38.9,,run
2026-08-01T09:18:32+03:00,1785565112,12835,63,3,29.7,38.9,,run
2026-08-01T09:18:37+03:00,1785565117,12840,63,3,29.7,38.9,,run
2026-08-01T09:18:43+03:00,1785565123,12846,63,3,29.7,40.2,,run
2026-08-01T09:18:48+03:00,1785565128,12851,63,3,29.7,41.4,,run
2026-08-01T09:18:53+03:00,1785565133,12856,63,3,29.7,39.2,,run
2026-08-01T09:18:58+03:00,1785565138,12861,63,3,29.7,38.9,,run
2026-08-01T09:19:03+03:00,1785565143,12866,63,3,29.7,38.9,,run
2026-08-01T09:19:09+03:00,1785565149,12872,63,3,29.7,45.1,,run
2026-08-01T09:19:14+03:00,1785565154,12877,63,3,29.7,51.0,,run
2026-08-01T09:19:19+03:00,1785565159,12882,63,3,29.7,43.2,,run
2026-08-01T09:19:25+03:00,1785565165,12888,63,3,29.7,39.8,,run
2026-08-01T09:19:30+03:00,1785565170,12893,63,3,29.7,38.9,,run
2026-08-01T09:19:35+03:00,1785565175,12898,63,3,29.7,38.6,,run
2026-08-01T09:19:40+03:00,1785565180,12903,63,3,29.7,37.7,,run
2026-08-01T09:19:46+03:00,1785565186,12909,63,3,29.7,38.6,,run
2026-08-01T09:19:51+03:00,1785565191,12914,63,3,29.7,38.3,,run
2026-08-01T09:19:56+03:00,1785565196,12919,63,3,29.7,43.2,,run
2026-08-01T09:20:01+03:00,1785565201,12924,63,3,29.7,45.1,,run
2026-08-01T09:20:07+03:00,1785565207,12930,63,3,29.7,40.2,,run
2026-08-01T09:20:12+03:00,1785565212,12935,63,3,29.7,39.8,,run
2026-08-01T09:20:17+03:00,1785565217,12940,63,3,29.7,42.9,,run
2026-08-01T09:20:22+03:00,1785565222,12945,63,3,29.7,40.2,,run
2026-08-01T09:20:27+03:00,1785565227,12950,63,3,29.7,38.9,,run
2026-08-01T09:20:33+03:00,1785565233,12956,63,3,29.7,39.8,,run
2026-08-01T09:20:38+03:00,1785565238,12961,63,3,29.7,38.3,,run
2026-08-01T09:20:43+03:00,1785565243,12966,63,3,29.7,41.1,,run
2026-08-01T09:20:48+03:00,1785565248,12971,63,3,29.7,40.8,,run
2026-08-01T09:20:54+03:00,1785565254,12977,63,3,29.7,39.5,,run
2026-08-01T09:20:59+03:00,1785565259,12982,63,3,29.7,38.6,,run
2026-08-01T09:21:04+03:00,1785565264,12987,63,3,29.7,38.6,,run
2026-08-01T09:21:09+03:00,1785565269,12992,63,3,29.7,38.9,,run
2026-08-01T09:21:15+03:00,1785565275,12998,63,3,29.7,49.7,,run
2026-08-01T09:21:20+03:00,1785565280,13003,63,3,29.7,41.1,,run
2026-08-01T09:21:25+03:00,1785565285,13008,63,3,29.7,40.8,,run
2026-08-01T09:21:31+03:00,1785565291,13014,63,3,29.7,38.6,,run
2026-08-01T09:21:36+03:00,1785565296,13019,63,3,29.7,38.9,,run
2026-08-01T09:21:41+03:00,1785565301,13024,63,3,29.7,37.7,,run
2026-08-01T09:21:46+03:00,1785565306,13029,63,3,29.7,38.3,,run
2026-08-01T09:21:52+03:00,1785565312,13035,63,3,29.7,39.5,,run
2026-08-01T09:21:57+03:00,1785565317,13040,63,3,29.7,41.1,,run
2026-08-01T09:22:02+03:00,1785565322,13045,63,3,29.7,47.0,,run
2026-08-01T09:22:07+03:00,1785565327,13050,63,3,29.7,40.2,,run
2026-08-01T09:22:13+03:00,1785565333,13056,63,3,29.7,40.5,,run
2026-08-01T09:22:18+03:00,1785565338,13061,63,3,29.7,39.5,,run
2026-08-01T09:22:23+03:00,1785565343,13066,63,3,29.7,40.5,,run
2026-08-01T09:22:28+03:00,1785565348,13071,63,3,29.7,39.5,,run
2026-08-01T09:22:34+03:00,1785565354,13077,63,3,29.7,41.1,,run
2026-08-01T09:22:39+03:00,1785565359,13082,63,3,29.7,39.2,,run
2026-08-01T09:22:44+03:00,1785565364,13087,63,3,29.7,38.6,,run
2026-08-01T09:22:49+03:00,1785565369,13092,63,3,29.7,38.9,,run
2026-08-01T09:22:54+03:00,1785565374,13097,63,3,29.7,39.2,,run
2026-08-01T09:23:00+03:00,1785565380,13103,63,3,29.7,40.5,,run
2026-08-01T09:23:05+03:00,1785565385,13108,63,3,29.7,40.2,,run
2026-08-01T09:23:10+03:00,1785565390,13113,63,3,29.7,39.5,,run
2026-08-01T09:23:15+03:00,1785565395,13118,63,3,29.7,50.1,,run
2026-08-01T09:23:21+03:00,1785565401,13124,63,3,29.7,42.0,,run
2026-08-01T09:23:26+03:00,1785565406,13129,63,3,29.7,40.2,,run
2026-08-01T09:23:31+03:00,1785565411,13134,63,3,29.7,39.5,,run
2026-08-01T09:23:37+03:00,1785565417,13140,63,3,29.7,38.3,,run
2026-08-01T09:23:42+03:00,1785565422,13145,63,3,29.7,37.7,,run
2026-08-01T09:23:47+03:00,1785565427,13150,63,3,29.7,38.9,,run
2026-08-01T09:23:52+03:00,1785565432,13155,63,3,29.7,39.2,,run
2026-08-01T09:23:58+03:00,1785565438,13161,63,3,29.7,41.4,,run
2026-08-01T09:24:03+03:00,1785565443,13166,63,3,29.7,44.5,,run
2026-08-01T09:24:08+03:00,1785565448,13171,63,3,29.7,43.2,,run
2026-08-01T09:24:14+03:00,1785565454,13177,63,3,29.7,40.2,,run
2026-08-01T09:24:19+03:00,1785565459,13182,63,3,29.7,39.8,,run
2026-08-01T09:24:24+03:00,1785565464,13187,63,3,29.7,39.5,,run
2026-08-01T09:24:29+03:00,1785565469,13192,63,3,29.7,39.2,,run
2026-08-01T09:24:34+03:00,1785565474,13197,63,3,29.7,39.5,,run
2026-08-01T09:24:40+03:00,1785565480,13203,63,3,29.7,41.4,,run
2026-08-01T09:24:45+03:00,1785565485,13208,63,3,29.7,39.5,,run
2026-08-01T09:24:50+03:00,1785565490,13213,63,3,29.7,39.2,,run
2026-08-01T09:24:55+03:00,1785565495,13218,63,3,29.7,38.9,,run
2026-08-01T09:25:01+03:00,1785565501,13224,63,3,29.7,39.5,,run
2026-08-01T09:25:06+03:00,1785565506,13229,63,3,29.7,40.5,,run
2026-08-01T09:25:11+03:00,1785565511,13234,63,3,29.7,41.7,,run
2026-08-01T09:25:16+03:00,1785565516,13239,63,3,29.7,49.7,,run
2026-08-01T09:25:22+03:00,1785565522,13245,63,3,29.7,40.8,,run
2026-08-01T09:25:27+03:00,1785565527,13250,63,3,29.7,40.2,,run
2026-08-01T09:25:32+03:00,1785565532,13255,63,3,29.7,39.2,,run
2026-08-01T09:25:38+03:00,1785565538,13261,63,3,29.7,38.9,,run
2026-08-01T09:25:43+03:00,1785565543,13266,62,3,29.8,38.9,,run
2026-08-01T09:25:48+03:00,1785565548,13271,62,3,29.8,39.5,,run
2026-08-01T09:25:53+03:00,1785565553,13276,62,3,29.8,38.0,,run
2026-08-01T09:25:59+03:00,1785565559,13282,62,3,29.8,43.9,,run
2026-08-01T09:26:04+03:00,1785565564,13287,62,3,29.8,48.5,,run
2026-08-01T09:26:09+03:00,1785565569,13292,62,3,29.8,40.8,,run
2026-08-01T09:26:15+03:00,1785565575,13298,62,3,29.8,40.2,,run
2026-08-01T09:26:20+03:00,1785565580,13303,62,3,29.8,39.8,,run
2026-08-01T09:26:25+03:00,1785565585,13308,62,3,29.8,39.8,,run
2026-08-01T09:26:30+03:00,1785565590,13313,62,3,29.8,39.5,,run
2026-08-01T09:26:36+03:00,1785565596,13319,62,3,29.8,42.0,,run
2026-08-01T09:26:41+03:00,1785565601,13324,62,3,29.8,40.8,,run
2026-08-01T09:26:46+03:00,1785565606,13329,62,3,29.8,39.2,,run
2026-08-01T09:26:51+03:00,1785565611,13334,62,3,29.8,39.2,,run
2026-08-01T09:26:56+03:00,1785565616,13339,62,3,29.8,38.9,,run
2026-08-01T09:27:02+03:00,1785565622,13345,62,3,29.8,38.6,,run
2026-08-01T09:27:07+03:00,1785565627,13350,62,3,29.8,40.8,,run
2026-08-01T09:27:12+03:00,1785565632,13355,62,3,29.8,40.5,,run
2026-08-01T09:27:17+03:00,1785565637,13360,62,3,29.8,50.1,,run
2026-08-01T09:27:23+03:00,1785565643,13366,62,3,29.8,42.6,,run
2026-08-01T09:27:28+03:00,1785565648,13371,62,3,29.8,39.8,,run
2026-08-01T09:27:33+03:00,1785565653,13376,62,3,29.8,38.9,,run
2026-08-01T09:27:39+03:00,1785565659,13382,62,3,29.8,38.3,,run
2026-08-01T09:27:44+03:00,1785565664,13387,62,3,29.8,38.3,,run
2026-08-01T09:27:49+03:00,1785565669,13392,62,3,29.8,39.2,,run
2026-08-01T09:27:54+03:00,1785565674,13397,62,3,29.8,41.1,,run
2026-08-01T09:28:00+03:00,1785565680,13403,62,3,29.8,49.1,,run
2026-08-01T09:28:05+03:00,1785565685,13408,62,3,29.8,42.6,,run
2026-08-01T09:28:10+03:00,1785565690,13413,62,3,29.8,39.8,,run
2026-08-01T09:28:16+03:00,1785565696,13419,62,3,29.8,40.5,,run
2026-08-01T09:28:21+03:00,1785565701,13424,62,3,29.8,41.7,,run
2026-08-01T09:28:26+03:00,1785565706,13429,62,3,29.8,41.7,,run
2026-08-01T09:28:31+03:00,1785565711,13434,62,3,29.8,40.5,,run
2026-08-01T09:28:37+03:00,1785565717,13440,62,3,29.8,40.2,,run
2026-08-01T09:28:42+03:00,1785565722,13445,62,3,29.8,39.8,,run
2026-08-01T09:28:47+03:00,1785565727,13450,62,3,29.8,39.2,,run
2026-08-01T09:28:52+03:00,1785565732,13455,62,3,29.8,39.8,,run
2026-08-01T09:28:57+03:00,1785565737,13460,62,3,29.8,42.3,,run
2026-08-01T09:29:03+03:00,1785565743,13466,62,3,29.8,39.5,,run
2026-08-01T09:29:08+03:00,1785565748,13471,62,3,29.8,39.5,,run
2026-08-01T09:29:13+03:00,1785565753,13476,62,3,29.8,39.2,,run
2026-08-01T09:29:18+03:00,1785565758,13481,62,3,29.8,51.3,,run
2026-08-01T09:29:24+03:00,1785565764,13487,62,3,29.8,44.8,,run
2026-08-01T09:29:29+03:00,1785565769,13492,62,3,29.8,39.8,,run
2026-08-01T09:29:34+03:00,1785565774,13497,62,3,29.8,38.6,,run
2026-08-01T09:29:40+03:00,1785565780,13503,62,3,29.8,38.9,,run
2026-08-01T09:29:45+03:00,1785565785,13508,62,3,29.8,38.6,,run
2026-08-01T09:29:50+03:00,1785565790,13513,62,3,29.8,41.4,,run
2026-08-01T09:29:55+03:00,1785565795,13518,62,3,29.8,39.5,,run
2026-08-01T09:30:00+03:00,1785565800,13523,62,3,29.8,41.4,,run
2026-08-01T09:30:06+03:00,1785565806,13529,62,3,29.8,49.1,,run
2026-08-01T09:30:11+03:00,1785565811,13534,62,3,29.8,41.4,,run
2026-08-01T09:30:16+03:00,1785565816,13539,62,3,29.8,39.8,,run
2026-08-01T09:30:22+03:00,1785565822,13545,62,3,29.8,39.5,,run
2026-08-01T09:30:27+03:00,1785565827,13550,62,3,29.8,41.1,,run
2026-08-01T09:30:32+03:00,1785565832,13555,62,3,29.8,41.1,,run
2026-08-01T09:30:37+03:00,1785565837,13560,62,3,29.8,39.5,,run
2026-08-01T09:30:43+03:00,1785565843,13566,62,3,29.8,38.9,,run
2026-08-01T09:30:48+03:00,1785565848,13571,62,3,29.8,38.6,,run
2026-08-01T09:30:53+03:00,1785565853,13576,62,3,29.8,38.9,,run
2026-08-01T09:30:58+03:00,1785565858,13581,62,3,29.8,40.2,,run
2026-08-01T09:31:03+03:00,1785565863,13586,62,3,29.8,40.2,,run
2026-08-01T09:31:09+03:00,1785565869,13592,62,3,29.8,39.2,,run
2026-08-01T09:31:14+03:00,1785565874,13597,62,3,29.8,38.9,,run
2026-08-01T09:31:19+03:00,1785565879,13602,62,3,29.8,49.4,,run
2026-08-01T09:31:25+03:00,1785565885,13608,62,3,29.8,40.8,,run
2026-08-01T09:31:30+03:00,1785565890,13613,62,3,29.8,40.5,,run
2026-08-01T09:31:35+03:00,1785565895,13618,62,3,29.8,38.6,,run
2026-08-01T09:31:40+03:00,1785565900,13623,62,3,29.8,38.3,,run
2026-08-01T09:31:46+03:00,1785565906,13629,62,3,29.8,39.2,,run
2026-08-01T09:31:51+03:00,1785565911,13634,62,3,29.8,38.6,,run
2026-08-01T09:31:56+03:00,1785565916,13639,62,3,29.8,39.2,,run
2026-08-01T09:32:01+03:00,1785565921,13644,62,3,29.8,41.4,,run
2026-08-01T09:32:07+03:00,1785565927,13650,62,3,29.8,43.6,,run
2026-08-01T09:32:12+03:00,1785565932,13655,62,3,29.8,42.0,,run
2026-08-01T09:32:17+03:00,1785565937,13660,62,3,29.8,41.1,,run
2026-08-01T09:32:22+03:00,1785565942,13665,62,3,29.8,39.8,,run
2026-08-01T09:32:28+03:00,1785565948,13671,62,3,29.8,39.5,,run
2026-08-01T09:32:33+03:00,1785565953,13676,62,3,29.8,39.2,,run
2026-08-01T09:32:38+03:00,1785565958,13681,62,3,29.8,38.9,,run
2026-08-01T09:32:43+03:00,1785565963,13686,62,3,29.8,42.6,,run
2026-08-01T09:32:48+03:00,1785565968,13691,62,3,29.8,39.8,,run
2026-08-01T09:32:54+03:00,1785565974,13697,62,3,29.8,38.6,,run
2026-08-01T09:32:59+03:00,1785565979,13702,62,3,29.8,39.2,,run
2026-08-01T09:33:04+03:00,1785565984,13707,62,3,29.8,39.5,,run
2026-08-01T09:33:09+03:00,1785565989,13712,62,3,29.8,38.9,,run
2026-08-01T09:33:15+03:00,1785565995,13718,62,3,29.8,41.4,,run
2026-08-01T09:33:20+03:00,1785566000,13723,62,3,29.8,48.8,,run
2026-08-01T09:33:25+03:00,1785566005,13728,62,3,29.8,40.8,,run
2026-08-01T09:33:31+03:00,1785566011,13734,62,3,29.8,39.8,,run
2026-08-01T09:33:36+03:00,1785566016,13739,62,3,29.8,41.1,,run
2026-08-01T09:33:41+03:00,1785566021,13744,62,3,29.8,38.3,,run
2026-08-01T09:33:46+03:00,1785566026,13749,62,3,29.8,38.0,,run
2026-08-01T09:33:52+03:00,1785566032,13755,62,3,29.8,38.0,,run
2026-08-01T09:33:57+03:00,1785566037,13760,62,3,29.8,38.6,,run
2026-08-01T09:34:02+03:00,1785566042,13765,62,3,29.8,39.8,,run
2026-08-01T09:34:08+03:00,1785566048,13771,62,3,29.8,47.6,,run
2026-08-01T09:34:13+03:00,1785566053,13776,62,3,29.8,41.1,,run
2026-08-01T09:34:18+03:00,1785566058,13781,62,3,29.8,41.1,,run
2026-08-01T09:34:23+03:00,1785566063,13786,62,3,29.8,39.8,,run
2026-08-01T09:34:28+03:00,1785566068,13791,62,3,29.8,38.9,,run
2026-08-01T09:34:34+03:00,1785566074,13797,62,3,29.8,39.2,,run
2026-08-01T09:34:39+03:00,1785566079,13802,62,3,29.8,38.9,,run
2026-08-01T09:34:44+03:00,1785566084,13807,62,3,29.8,39.8,,run
2026-08-01T09:34:49+03:00,1785566089,13812,62,3,29.8,40.2,,run
2026-08-01T09:34:55+03:00,1785566095,13818,62,3,29.8,38.9,,run
2026-08-01T09:35:00+03:00,1785566100,13823,62,3,29.8,39.2,,run
2026-08-01T09:35:05+03:00,1785566105,13828,62,3,29.8,38.6,,run
2026-08-01T09:35:10+03:00,1785566110,13833,62,3,29.8,39.2,,run
2026-08-01T09:35:16+03:00,1785566116,13839,62,3,29.8,40.8,,run
2026-08-01T09:35:21+03:00,1785566121,13844,62,3,29.8,48.2,,run
2026-08-01T09:35:26+03:00,1785566126,13849,62,3,29.8,41.4,,run
2026-08-01T09:35:32+03:00,1785566132,13855,62,3,29.8,43.2,,run
2026-08-01T09:35:37+03:00,1785566137,13860,62,3,29.8,39.5,,run
2026-08-01T09:35:42+03:00,1785566142,13865,62,3,29.8,38.3,,run
2026-08-01T09:35:47+03:00,1785566147,13870,62,3,29.8,38.3,,run
2026-08-01T09:35:53+03:00,1785566153,13876,62,3,29.8,38.6,,run
2026-08-01T09:35:58+03:00,1785566158,13881,62,3,29.8,38.6,,run
2026-08-01T09:36:03+03:00,1785566163,13886,62,3,29.8,39.5,,run
2026-08-01T09:36:08+03:00,1785566168,13891,62,3,29.8,47.9,,run
2026-08-01T09:36:14+03:00,1785566174,13897,62,3,29.8,40.2,,run
2026-08-01T09:36:19+03:00,1785566179,13902,62,3,29.8,42.0,,run
2026-08-01T09:36:24+03:00,1785566184,13907,62,3,29.8,40.5,,run
2026-08-01T09:36:29+03:00,1785566189,13912,62,3,29.8,40.2,,run
2026-08-01T09:36:35+03:00,1785566195,13918,62,3,29.8,39.5,,run
2026-08-01T09:36:40+03:00,1785566200,13923,62,3,29.8,39.2,,run
2026-08-01T09:36:45+03:00,1785566205,13928,62,3,29.8,40.5,,run
2026-08-01T09:36:50+03:00,1785566210,13933,62,3,29.8,41.7,,run
2026-08-01T09:36:56+03:00,1785566216,13939,62,3,29.8,39.8,,run
2026-08-01T09:37:01+03:00,1785566221,13944,62,3,29.8,40.2,,run
2026-08-01T09:37:06+03:00,1785566226,13949,62,3,29.8,39.5,,run
2026-08-01T09:37:11+03:00,1785566231,13954,62,3,29.8,39.2,,run
2026-08-01T09:37:17+03:00,1785566237,13960,62,3,29.8,39.2,,run
2026-08-01T09:37:22+03:00,1785566242,13965,62,3,29.8,50.7,,run
2026-08-01T09:37:27+03:00,1785566247,13970,61,3,29.9,42.3,,run
2026-08-01T09:37:33+03:00,1785566253,13976,61,3,29.9,44.5,,run
2026-08-01T09:37:38+03:00,1785566258,13981,61,3,29.9,39.2,,run
2026-08-01T09:37:43+03:00,1785566263,13986,61,3,29.9,38.3,,run
2026-08-01T09:37:48+03:00,1785566268,13991,61,3,29.9,38.3,,run
2026-08-01T09:37:54+03:00,1785566274,13997,61,3,29.9,39.5,,run
2026-08-01T09:37:59+03:00,1785566279,14002,61,3,29.9,38.6,,run
2026-08-01T09:38:04+03:00,1785566284,14007,61,3,29.9,40.2,,run
2026-08-01T09:38:09+03:00,1785566289,14012,61,3,29.9,46.7,,run
2026-08-01T09:38:15+03:00,1785566295,14018,61,3,29.9,40.5,,run
2026-08-01T09:38:20+03:00,1785566300,14023,61,3,29.9,40.8,,run
2026-08-01T09:38:25+03:00,1785566305,14028,61,3,29.9,40.8,,run
2026-08-01T09:38:30+03:00,1785566310,14033,61,3,29.9,39.5,,run
2026-08-01T09:38:36+03:00,1785566316,14039,61,3,29.9,39.2,,run
2026-08-01T09:38:41+03:00,1785566321,14044,61,3,29.9,38.6,,run
2026-08-01T09:38:46+03:00,1785566326,14049,61,3,29.9,39.5,,run
2026-08-01T09:38:51+03:00,1785566331,14054,61,3,29.9,40.2,,run
2026-08-01T09:38:57+03:00,1785566337,14060,61,3,29.9,40.2,,run
2026-08-01T09:39:02+03:00,1785566342,14065,61,3,29.9,39.2,,run
2026-08-01T09:39:07+03:00,1785566347,14070,61,3,29.9,39.8,,run
2026-08-01T09:39:12+03:00,1785566352,14075,61,3,29.9,38.9,,run
2026-08-01T09:39:17+03:00,1785566357,14080,61,3,29.9,39.2,,run
2026-08-01T09:39:23+03:00,1785566363,14086,61,3,29.9,52.2,,run
2026-08-01T09:39:28+03:00,1785566368,14091,61,3,29.9,42.3,,run
2026-08-01T09:39:33+03:00,1785566373,14096,61,3,29.9,40.8,,run
2026-08-01T09:39:39+03:00,1785566379,14102,61,3,29.9,39.5,,run
2026-08-01T09:39:44+03:00,1785566384,14107,61,3,29.9,38.6,,run
2026-08-01T09:39:49+03:00,1785566389,14112,61,3,29.9,48.2,,run
2026-08-01T09:39:54+03:00,1785566394,14117,61,3,29.9,40.2,,run
2026-08-01T09:40:00+03:00,1785566400,14123,61,3,29.9,39.5,,run
2026-08-01T09:40:05+03:00,1785566405,14128,61,3,29.9,39.8,,run
2026-08-01T09:40:10+03:00,1785566410,14133,61,3,29.9,38.9,,run
2026-08-01T09:40:15+03:00,1785566415,14138,61,3,29.9,42.0,,run
2026-08-01T09:40:21+03:00,1785566421,14144,61,3,29.9,39.8,,run
2026-08-01T09:40:26+03:00,1785566426,14149,61,3,29.9,39.5,,run
2026-08-01T09:40:31+03:00,1785566431,14154,61,3,29.9,39.5,,run
2026-08-01T09:40:36+03:00,1785566436,14159,61,3,29.9,40.2,,run
2026-08-01T09:40:41+03:00,1785566441,14164,61,3,29.9,41.7,,run
2026-08-01T09:40:47+03:00,1785566447,14170,61,3,29.9,41.4,,run
2026-08-01T09:40:52+03:00,1785566452,14175,61,3,29.9,41.7,,run
2026-08-01T09:40:57+03:00,1785566457,14180,61,3,29.9,40.2,,run
2026-08-01T09:41:02+03:00,1785566462,14185,61,3,29.9,43.2,,run
2026-08-01T09:41:08+03:00,1785566468,14191,61,3,29.9,44.2,,run
2026-08-01T09:41:13+03:00,1785566473,14196,61,3,29.9,41.1,,run
2026-08-01T09:41:18+03:00,1785566478,14201,61,3,29.9,39.5,,run
2026-08-01T09:41:24+03:00,1785566484,14207,61,3,29.9,39.2,,run
2026-08-01T09:41:29+03:00,1785566489,14212,61,3,29.9,38.6,,run
2026-08-01T09:41:34+03:00,1785566494,14217,61,3,29.9,39.8,,run
2026-08-01T09:41:39+03:00,1785566499,14222,61,3,29.9,38.9,,run
2026-08-01T09:41:44+03:00,1785566504,14227,61,3,29.9,40.2,,run
2026-08-01T09:41:50+03:00,1785566510,14233,61,3,29.9,47.3,,run
2026-08-01T09:41:55+03:00,1785566515,14238,61,3,29.9,40.2,,run
2026-08-01T09:42:00+03:00,1785566520,14243,61,3,29.9,39.5,,run
2026-08-01T09:42:06+03:00,1785566526,14249,61,3,29.9,40.5,,run
2026-08-01T09:42:11+03:00,1785566531,14254,61,3,29.9,41.1,,run
2026-08-01T09:42:16+03:00,1785566536,14259,61,3,29.9,40.5,,run
2026-08-01T09:42:21+03:00,1785566541,14264,61,3,29.9,39.8,,run
2026-08-01T09:42:26+03:00,1785566546,14269,61,3,29.9,40.2,,run
2026-08-01T09:42:32+03:00,1785566552,14275,61,3,29.9,39.5,,run
2026-08-01T09:42:37+03:00,1785566557,14280,61,3,29.9,40.2,,run
2026-08-01T09:42:42+03:00,1785566562,14285,61,3,29.9,40.8,,run
2026-08-01T09:42:47+03:00,1785566567,14290,61,3,29.9,38.9,,run
2026-08-01T09:42:53+03:00,1785566573,14296,61,3,29.9,39.2,,run
2026-08-01T09:42:58+03:00,1785566578,14301,61,3,29.9,38.6,,run
2026-08-01T09:43:03+03:00,1785566583,14306,61,3,29.9,47.6,,run
2026-08-01T09:43:09+03:00,1785566589,14312,61,3,29.9,41.7,,run
2026-08-01T09:43:14+03:00,1785566594,14317,61,3,29.9,43.9,,run
2026-08-01T09:43:19+03:00,1785566599,14322,61,3,29.9,39.2,,run
2026-08-01T09:43:24+03:00,1785566604,14327,61,3,29.9,39.5,,run
2026-08-01T09:43:30+03:00,1785566610,14333,61,3,29.9,49.1,,run
2026-08-01T09:43:35+03:00,1785566615,14338,61,3,29.9,40.5,,run
2026-08-01T09:43:40+03:00,1785566620,14343,61,3,29.9,39.2,,run
2026-08-01T09:43:45+03:00,1785566625,14348,61,3,29.9,39.5,,run
2026-08-01T09:43:51+03:00,1785566631,14354,61,3,29.9,39.5,,run
2026-08-01T09:43:56+03:00,1785566636,14359,61,3,29.9,42.6,,run
2026-08-01T09:44:01+03:00,1785566641,14364,61,3,29.9,40.2,,run
2026-08-01T09:44:06+03:00,1785566646,14369,61,3,29.9,38.9,,run
2026-08-01T09:44:11+03:00,1785566651,14374,61,3,29.9,39.2,,run
2026-08-01T09:44:17+03:00,1785566657,14380,61,3,29.9,39.5,,run
2026-08-01T09:44:22+03:00,1785566662,14385,61,3,29.9,38.9,,run
2026-08-01T09:44:27+03:00,1785566667,14390,61,3,29.9,41.4,,run
2026-08-01T09:44:32+03:00,1785566672,14395,61,3,29.9,40.2,,run
2026-08-01T09:44:38+03:00,1785566678,14401,61,3,29.8,38.9,,run
2026-08-01T09:44:43+03:00,1785566683,14406,61,3,29.8,40.5,,run
2026-08-01T09:44:48+03:00,1785566688,14411,61,3,29.8,45.4,,run
2026-08-01T09:44:53+03:00,1785566693,14416,61,3,29.8,40.8,,run
2026-08-01T09:44:59+03:00,1785566699,14422,61,3,29.8,38.9,,run
2026-08-01T09:45:04+03:00,1785566704,14427,61,3,29.8,38.9,,run
2026-08-01T09:45:09+03:00,1785566709,14432,61,3,29.8,39.8,,run
2026-08-01T09:45:14+03:00,1785566714,14437,61,3,29.8,40.5,,run
2026-08-01T09:45:20+03:00,1785566720,14443,61,3,29.8,42.3,,run
2026-08-01T09:45:25+03:00,1785566725,14448,61,3,29.8,38.3,,run
2026-08-01T09:45:30+03:00,1785566730,14453,61,3,29.8,50.1,,run
2026-08-01T09:45:36+03:00,1785566736,14459,61,3,29.8,41.4,,run
2026-08-01T09:45:41+03:00,1785566741,14464,61,3,29.8,39.8,,run
2026-08-01T09:45:46+03:00,1785566746,14469,61,3,29.8,40.8,,run
2026-08-01T09:45:52+03:00,1785566752,14475,61,3,29.8,42.0,,run
2026-08-01T09:45:57+03:00,1785566757,14480,61,3,29.8,39.8,,run
2026-08-01T09:46:02+03:00,1785566762,14485,61,3,29.8,39.5,,run
2026-08-01T09:46:07+03:00,1785566767,14490,61,3,29.8,39.2,,run
2026-08-01T09:46:13+03:00,1785566773,14496,61,3,29.8,38.6,,run
2026-08-01T09:46:18+03:00,1785566778,14501,61,3,29.8,39.8,,run
2026-08-01T09:46:23+03:00,1785566783,14506,61,3,29.8,42.6,,run
2026-08-01T09:46:28+03:00,1785566788,14511,61,3,29.8,38.9,,run
2026-08-01T09:46:33+03:00,1785566793,14516,61,3,29.8,39.2,,run
2026-08-01T09:46:39+03:00,1785566799,14522,61,3,29.8,38.9,,run
2026-08-01T09:46:44+03:00,1785566804,14527,61,3,29.8,44.8,,run
2026-08-01T09:46:49+03:00,1785566809,14532,61,3,29.8,51.6,,run
2026-08-01T09:46:55+03:00,1785566815,14538,61,3,29.8,44.2,,run
2026-08-01T09:47:00+03:00,1785566820,14543,61,3,29.8,39.2,,run
2026-08-01T09:47:05+03:00,1785566825,14548,61,3,29.8,38.9,,run
2026-08-01T09:47:10+03:00,1785566830,14553,61,3,29.8,38.0,,run
2026-08-01T09:47:16+03:00,1785566836,14559,61,3,29.8,38.3,,run
2026-08-01T09:47:21+03:00,1785566841,14564,61,3,29.8,38.9,,run
2026-08-01T09:47:26+03:00,1785566846,14569,61,3,29.8,39.5,,run
2026-08-01T09:47:31+03:00,1785566851,14574,61,3,29.8,49.7,,run
2026-08-01T09:47:37+03:00,1785566857,14580,61,3,29.8,43.6,,run
2026-08-01T09:47:42+03:00,1785566862,14585,61,3,29.8,42.3,,run
2026-08-01T09:47:48+03:00,1785566868,14591,61,3,29.8,41.4,,run
2026-08-01T09:47:53+03:00,1785566873,14596,61,3,29.8,39.5,,run
2026-08-01T09:47:58+03:00,1785566878,14601,61,3,29.8,39.8,,run
2026-08-01T09:48:03+03:00,1785566883,14606,61,3,29.8,40.2,,run
2026-08-01T09:48:08+03:00,1785566888,14611,61,3,29.8,40.2,,run
2026-08-01T09:48:14+03:00,1785566894,14617,60,3,30.0,42.3,,run
2026-08-01T09:48:19+03:00,1785566899,14622,60,3,30.0,39.5,,run
2026-08-01T09:48:24+03:00,1785566904,14627,60,3,30.0,39.5,,run
2026-08-01T09:48:29+03:00,1785566909,14632,60,3,30.0,39.5,,run
2026-08-01T09:48:35+03:00,1785566915,14638,60,3,30.0,39.2,,run
2026-08-01T09:48:40+03:00,1785566920,14643,60,3,30.0,39.8,,run
2026-08-01T09:48:45+03:00,1785566925,14648,60,3,30.0,40.8,,run
2026-08-01T09:48:50+03:00,1785566930,14653,60,3,30.0,51.9,,run
2026-08-01T09:48:56+03:00,1785566936,14659,60,3,30.0,45.7,,run
2026-08-01T09:49:01+03:00,1785566941,14664,60,3,30.0,39.2,,run
2026-08-01T09:49:06+03:00,1785566946,14669,60,3,30.0,38.9,,run
2026-08-01T09:49:11+03:00,1785566951,14674,60,3,30.0,42.3,,run
2026-08-01T09:49:17+03:00,1785566957,14680,60,3,30.0,43.2,,run
2026-08-01T09:49:22+03:00,1785566962,14685,60,3,30.0,41.4,,run
2026-08-01T09:49:27+03:00,1785566967,14690,60,3,30.0,40.8,,run
2026-08-01T09:49:32+03:00,1785566972,14695,60,3,30.0,40.8,,run
2026-08-01T09:49:38+03:00,1785566978,14701,60,3,30.0,39.8,,run
2026-08-01T09:49:43+03:00,1785566983,14706,60,3,30.0,39.2,,run
2026-08-01T09:49:48+03:00,1785566988,14711,60,3,30.0,41.7,,run
2026-08-01T09:49:53+03:00,1785566993,14716,60,3,30.0,44.2,,run
2026-08-01T09:49:59+03:00,1785566999,14722,60,3,30.0,40.2,,run
2026-08-01T09:50:04+03:00,1785567004,14727,60,3,30.0,39.5,,run
2026-08-01T09:50:09+03:00,1785567009,14732,60,3,30.0,39.2,,run
2026-08-01T09:50:14+03:00,1785567014,14737,60,3,30.0,39.2,,run
2026-08-01T09:50:19+03:00,1785567019,14742,60,3,30.0,41.1,,run
2026-08-01T09:50:25+03:00,1785567025,14748,60,3,30.0,40.2,,run
2026-08-01T09:50:30+03:00,1785567030,14753,60,3,30.0,50.4,,run
2026-08-01T09:50:36+03:00,1785567036,14759,60,3,30.0,41.1,,run
2026-08-01T09:50:41+03:00,1785567041,14764,60,3,30.0,40.8,,run
2026-08-01T09:50:46+03:00,1785567046,14769,60,3,30.0,39.2,,run
2026-08-01T09:50:51+03:00,1785567051,14774,60,3,30.0,38.3,,run
2026-08-01T09:50:57+03:00,1785567057,14780,60,3,30.0,38.0,,run
2026-08-01T09:51:02+03:00,1785567062,14785,60,3,30.0,38.6,,run
2026-08-01T09:51:07+03:00,1785567067,14790,60,3,30.0,41.7,,run
2026-08-01T09:51:12+03:00,1785567072,14795,60,3,30.0,40.5,,run
2026-08-01T09:51:18+03:00,1785567078,14801,60,3,30.0,47.9,,run
2026-08-01T09:51:23+03:00,1785567083,14806,60,3,30.0,41.4,,run
2026-08-01T09:51:28+03:00,1785567088,14811,60,3,30.0,39.5,,run
2026-08-01T09:51:33+03:00,1785567093,14816,60,3,30.0,39.5,,run
2026-08-01T09:51:39+03:00,1785567099,14822,60,3,30.0,39.5,,run
2026-08-01T09:51:44+03:00,1785567104,14827,60,3,30.0,41.4,,run
2026-08-01T09:51:49+03:00,1785567109,14832,60,3,30.0,39.8,,run
2026-08-01T09:51:54+03:00,1785567114,14837,60,3,30.0,40.2,,run
2026-08-01T09:51:59+03:00,1785567119,14842,60,3,30.0,40.2,,run
2026-08-01T09:52:05+03:00,1785567125,14848,60,3,30.0,39.2,,run
2026-08-01T09:52:10+03:00,1785567130,14853,60,3,30.0,39.2,,run
2026-08-01T09:52:15+03:00,1785567135,14858,60,3,30.0,41.7,,run
2026-08-01T09:52:20+03:00,1785567140,14863,60,3,30.0,39.5,,run
2026-08-01T09:52:26+03:00,1785567146,14869,60,3,30.0,39.5,,run
2026-08-01T09:52:31+03:00,1785567151,14874,60,3,30.0,48.5,,run
2026-08-01T09:52:36+03:00,1785567156,14879,60,3,30.0,42.0,,run
2026-08-01T09:52:42+03:00,1785567162,14885,60,3,30.0,41.1,,end
2026-08-01T09:53:50+03:00,1785567230,14953,60,3,30.5,49.1,,run
2026-08-01T09:53:55+03:00,1785567235,14958,60,3,30.5,42.9,,run
2026-08-01T09:54:01+03:00,1785567241,14964,60,3,30.5,42.0,,run
2026-08-01T09:54:06+03:00,1785567246,14969,60,3,30.5,40.8,,run
2026-08-01T09:54:11+03:00,1785567251,14974,60,3,30.5,40.5,,run
2026-08-01T09:54:16+03:00,1785567256,14979,60,3,30.5,41.1,,run
2026-08-01T09:54:21+03:00,1785567261,14984,60,3,30.5,39.2,,run
2026-08-01T09:54:27+03:00,1785567267,14990,60,3,30.5,42.6,,run
2026-08-01T09:54:32+03:00,1785567272,14995,60,3,30.5,48.2,,run
2026-08-01T09:54:37+03:00,1785567277,15000,60,3,30.5,44.5,,run
2026-08-01T09:54:42+03:00,1785567282,15005,60,3,30.5,42.9,,run
2026-08-01T09:54:48+03:00,1785567288,15011,60,3,30.5,41.7,,run
2026-08-01T09:54:53+03:00,1785567293,15016,60,3,30.5,42.6,,run
2026-08-01T09:54:58+03:00,1785567298,15021,60,3,30.5,42.3,,run
2026-08-01T09:55:03+03:00,1785567303,15026,60,3,30.5,41.4,,run
2026-08-01T09:55:09+03:00,1785567309,15032,60,3,30.5,42.9,,run
2026-08-01T09:55:14+03:00,1785567314,15037,60,3,30.5,41.7,,run
2026-08-01T09:55:19+03:00,1785567319,15042,60,3,30.5,41.7,,run
2026-08-01T09:55:24+03:00,1785567324,15047,60,3,30.5,42.6,,run
2026-08-01T09:55:29+03:00,1785567329,15052,60,3,30.5,41.7,,run
2026-08-01T09:55:35+03:00,1785567335,15058,60,3,30.5,41.4,,run
2026-08-01T09:55:40+03:00,1785567340,15063,60,3,30.5,42.0,,run
2026-08-01T09:55:45+03:00,1785567345,15068,60,3,30.5,49.1,,run
2026-08-01T09:55:51+03:00,1785567351,15074,60,3,30.5,42.6,,run
2026-08-01T09:55:56+03:00,1785567356,15079,60,3,30.5,42.6,,run
2026-08-01T09:56:01+03:00,1785567361,15084,60,3,30.5,40.5,,run
2026-08-01T09:56:06+03:00,1785567366,15089,60,3,30.5,39.5,,run
2026-08-01T09:56:12+03:00,1785567372,15095,60,3,30.5,38.6,,run
2026-08-01T09:56:17+03:00,1785567377,15100,60,3,30.5,40.5,,run
2026-08-01T09:56:22+03:00,1785567382,15105,60,3,30.5,39.2,,run
2026-08-01T09:56:27+03:00,1785567387,15110,60,3,30.5,41.1,,run
2026-08-01T09:56:33+03:00,1785567393,15116,60,3,30.5,44.2,,run
2026-08-01T09:56:38+03:00,1785567398,15121,60,3,30.5,40.8,,run
2026-08-01T09:56:43+03:00,1785567403,15126,60,3,30.5,42.6,,run
2026-08-01T09:56:48+03:00,1785567408,15131,60,3,30.5,40.5,,run
2026-08-01T09:56:54+03:00,1785567414,15137,60,3,30.5,40.8,,run
2026-08-01T09:56:59+03:00,1785567419,15142,60,3,30.5,40.5,,run
2026-08-01T09:57:04+03:00,1785567424,15147,60,3,30.5,39.5,,run
2026-08-01T09:57:09+03:00,1785567429,15152,60,3,30.5,39.2,,run
2026-08-01T09:57:15+03:00,1785567435,15158,60,3,30.5,43.9,,run
2026-08-01T09:57:20+03:00,1785567440,15163,60,3,30.5,40.8,,run
2026-08-01T09:57:25+03:00,1785567445,15168,60,3,30.5,40.2,,run
2026-08-01T09:57:30+03:00,1785567450,15173,60,3,30.5,39.8,,run
2026-08-01T09:57:35+03:00,1785567455,15178,60,3,30.5,40.5,,run
2026-08-01T09:57:41+03:00,1785567461,15184,60,3,30.5,39.8,,run
2026-08-01T09:57:46+03:00,1785567466,15189,60,3,30.5,48.8,,run
2026-08-01T09:57:52+03:00,1785567472,15195,60,3,30.5,41.4,,run
2026-08-01T09:57:57+03:00,1785567477,15200,60,3,30.5,40.8,,end
