# sample_id=08/mutation_1 exec_index=9 ok=False perf_lines=30 vm_events=30 battery_pct=83 soc_temp_millic=46300 battery_temp_c=35.0 charging=False preflight_started=2026-07-30T09:13:02.336470+00:00 started=2026-07-30T09:13:04.773750+00:00 ts=2026-07-30T09:14:44.620115+00:00
[spm]: Running flutter analyze...
Analyzing lib...                                                

   info • The import of 'package:flutter/cupertino.dart' is unnecessary because all of the used elements are also provided by the import of 'package:flutter/material.dart'. Try removing the import directive • lib/dependencies.dart:3:8 • unnecessary_import
   info • Invalid use of a private type in a public API. Try making the private type public, or making the API that uses the private type also be private • lib/dependencies.dart:60:7 • library_private_types_in_public_api
   info • Invalid use of a private type in a public API. Try making the private type public, or making the API that uses the private type also be private • lib/dependencies.dart:61:6 • library_private_types_in_public_api
   info • Invalid use of a private type in a public API. Try making the private type public, or making the API that uses the private type also be private • lib/dependencies.dart:69:7 • library_private_types_in_public_api
   info • Invalid use of a private type in a public API. Try making the private type public, or making the API that uses the private type also be private • lib/dependencies.dart:70:6 • library_private_types_in_public_api
   info • Invalid use of a private type in a public API. Try making the private type public, or making the API that uses the private type also be private • lib/dependencies.dart:83:3 • library_private_types_in_public_api
   info • Invalid use of a private type in a public API. Try making the private type public, or making the API that uses the private type also be private • lib/dependencies.dart:84:3 • library_private_types_in_public_api

[spm]: Injecting profiler code...
[spm]: Starting app...
Running Gradle task 'assembleProfile'...                        
Running Gradle task 'assembleProfile'...                         2,044ms
✓ Built build/app/outputs/flutter-apk/app-profile.apk (61.8MB)
Installing build/app/outputs/flutter-apk/app-profile.apk...      1,928ms
D/DecorView[](21799): getWindowModeFromSystem  windowmode is 1
D/DecorView[](21799): updateDecorCaptionStatus displayWindowDecor is false
W/Looper  (21799): PerfMonitor looperActivity : package=com.example.benchmark_container/.MainActivity time=336ms latency=320ms running=0ms  procState=-1  historyMsgCount=2 (msgIndex=1 wall=336ms seq=4 late=320ms h=android.app.ActivityThread$H w=159) (msgIndex=2 wall=356ms seq=3 h=android.app.ActivityThread$H w=110)
W/Looper  (21799): PerfMonitor looperActivity : package=com.example.benchmark_container/.MainActivity time=0ms latency=658ms running=0ms  procState=-1  historyMsgCount=4 (msgIndex=2 wall=336ms seq=4 late=320ms h=android.app.ActivityThread$H w=159) (msgIndex=3 wall=356ms seq=3 h=android.app.ActivityThread$H w=110) (msgIndex=4 wall=336ms seq=4 late=320ms h=android.app.ActivityThread$H w=159)
D/SurfaceView(21799): UPDATE null, mIsCastMode = false
D/hw-ProcessState(21799): Binder ioctl to enable oneway spam detection failed: Invalid argument
W/Looper  (21799): PerfMonitor longMsg : seq=8 plan=12:13:22.275 late=355ms wall=1665ms running=0ms h=android.view.Choreographer$FrameHandler c=android.view.Choreographer$FrameDisplayEventReceiver procState=-1
W/Looper  (21799): PerfMonitor doFrame : time=1665ms vsyncFrame=0 latency=355ms procState=-1 historyMsgCount=7 (msgIndex=2 wall=336ms seq=4 h=android.app.ActivityThread$H w=159) (msgIndex=3 wall=1665ms seq=8 late=355ms h=android.view.Choreographer$FrameHandler c=android.view.Choreographer$FrameDisplayEventReceiver) (msgIndex=4 wall=336ms seq=4 h=android.app.ActivityThread$H w=159)
I/Choreographer(21799): Skipped 94 frames!  The application may be doing too much work on its main thread.
D/SurfaceView(21799): UPDATE Surface(name=SurfaceView[com.example.benchmark_container/com.example.benchmark_container.MainActivity])/@0x4d86cce, mIsProjectionMode = false
W/Looper  (21799): PerfMonitor doFrame : time=2ms vsyncFrame=0 latency=1577ms procState=-1 historyMsgCount=4
[spm]: Connected to Dart VM service.
I/flutter (21799): 00:00 +0: Performance Benchmark
E/hmark_containe(21799): open libmigui.so failed! dlopen - dlopen failed: library "libmigui.so" not found
D/hmark_containe(21799): MiuiProcessManagerServiceStub setSchedFifo
I/MiuiProcessManagerImpl(21799): setSchedFifo pid:21799, mode:3
D/DecorView[](21799): onWindowFocusChanged hasWindowFocus true
I/flutter (21799): type 'BoxParentData' is not a subtype of type 'StackParentData' in type cast
I/flutter (21799): #0      Positioned.applyParentData (package:flutter/src/widgets/basic.dart:5171)
I/flutter (21799): #1      RenderObjectElement._updateParentData (package:flutter/src/widgets/framework.dart:6901)
I/flutter (21799): #2      RenderObjectElement.attachRenderObject (package:flutter/src/widgets/framework.dart:6945)
I/flutter (21799): #3      RenderObjectElement.mount (package:flutter/src/widgets/framework.dart:6801)
I/flutter (21799): #4      SingleChildRenderObjectElement.mount (package:flutter/src/widgets/framework.dart:7114)
I/flutter (21799): #5      Element.inflateWidget (package:flutter/src/widgets/framework.dart:4587)
I/flutter (21799): #6      Element.updateChild (package:flutter/src/widgets/framework.dart:4059)
I/flutter (21799): #7      ComponentElement.performRebuild (package:flutter/src/widgets/framework.dart:5841)
I/flutter (21799): #8      Element.rebuild (package:flutter/src/widgets/framework.dart:5529)
I/flutter (21799): #9      ComponentElement._firstBuild (package:flutter/src/widgets/framework.dart:5799)
I/flutter (21799): #10     ComponentElement.mount (package:flutter/src/widgets/framework.dart:5793)
I/flutter (21799): #11     Element.inflateWidget (package:flutter/src/widgets/framework.dart:4587)
I/flutter (21799): #12     Element.updateChild (package:flutter/src/widgets/framework.dart:4059)
I/flutter (21799): #13     SingleChildRenderObjectElement.mount (package:flutter/src/widgets/framework.dart:7115)
I/flutter (21799): #14     Element.inflateWidget (package:flutter/src/widgets/framework.dart:4587)
I/flutter (21799): #15     Element.updateChild (package:flutter/src/widgets/framework.dart:4059)
I/flutter (21799): #16     SingleChildRenderObjectElement.mount (package:flutter/src/widgets/framework.dart:7115)
I/flutter (21799): #17     Element.inflateWidget (package:flutter/src/widgets/framework.dart:4587)
I/flutter (21799): #18     MultiChildRenderObjectElement.inflateWidget (package:flutter/src/widgets/framework.dart:7264)
I/flutter (21799): #19     MultiChildRenderObjectElement.mount (package:flutter/src/widgets/framework.dart:7279)
I/flutter (21799): #20     Element.inflateWidget (package:flutter/src/widgets/framework.dart:4587)
I/flutter (21799): #21     Element.updateChild (package:flutter/src/widgets/framework.dart:4059)
I/flutter (21799): #22     ComponentElement.performRebuild (package:flutter/src/widgets/framework.dart:5841)
I/flutter (21799): #23     StatefulElement.performRebuild (package:flutter/src/widgets/framework.dart:5982)
I/flutter (21799): #24     Element.rebuild (package:flutter/src/widgets/framework.dart:5529)
I/flutter (21799): #25     ComponentElement._firstBuild (package:flutter/src/widgets/framework.dart:5799)
I/flutter (21799): #26     StatefulElement._firstBuild (package:flutter/src/widgets/framework.dart:5973)
I/flutter (21799): #27     ComponentElement.mount (package:flutter/src/widgets/framework.dart:5793)
I/flutter (21799): #28     Element.inflateWidget (package:flutter/src/widgets/framework.dart:4587)
I/flutter (21799): #29     Element.updateChild (package:flutter/src/widgets/framework.dart:4059)
I/flutter (21799): #30     ComponentElement.performRebuild (package:flutter/src/widgets/framework.dart:5841)
I/flutter (21799): #31     Element.rebuild (package:flutter/src/widgets/framework.dart:5529)
I/flutter (21799): #32     ComponentElement._firstBuild (package:flutter/src/widgets/framework.dart:5799)
I/flutter (21799): #33     ComponentElement.mount (package:flutter/src/widgets/framework.dart:5793)
I/flutter (21799): #34     Element.inflateWidget (package:flutter/src/widgets/framework.dart:4587)
I/flutter (21799): #35     Element.updateChild (package:flutter/src/widgets/framework.dart:4059)
I/flutter (21799): #36     ComponentElement.performRebuild (package:flutter/src/widgets/framework.dart:5841)
I/flutter (21799): #37     Element.rebuild (package:flutter/src/widgets/framework.dart:5529)
I/flutter (21799): #38     ComponentElement._firstBuild (package:flutter/src/widgets/framework.dart:5799)
I/flutter (21799): #39     ComponentElement.mount (package:flutter/src/widgets/framework.dart:5793)
I/flutter (21799): #40     Element.inflateWidget (package:flutter/src/widgets/framework.dart:4587)
I/flutter (21799): #41     Element.updateChild (package:flutter/src/widgets/framework.dart:4059)
I/flutter (21799): #42     ComponentElement.performRebuild (package:flutter/src/widgets/framework.dart:5841)
I/flutter (21799): #43     Element.rebuild (package:flutter/src/widgets/framework.dart:5529)
I/flutter (21799): #44     ComponentElement._firstBuild (package:flutter/src/widgets/framework.dart:5799)
I/flutter (21799): #45     ComponentElement.mount (package:flutter/src/widgets/framework.dart:5793)
I/flutter (21799): #46     Element.inflateWidget (package:flutter/src/widgets/framework.dart:4587)
I/flutter (21799): #47     Element.updateChild (package:flutter/src/widgets/framework.dart:4059)
I/flutter (21799): #48     ComponentElement.performRebuild (package:flutter/src/widgets/framework.dart:5841)
I/flutter (21799): #49     Element.rebuild (package:flutter/src/widgets/framework.dart:5529)
I/flutter (21799): #50     ComponentElement._firstBuild (package:flutter/src/widgets/framework.dart:5799)
I/flutter (21799): #51     ComponentElement.mount (package:flutter/src/widgets/framework.dart:5793)
I/flutter (21799): #52     Element.inflateWidget (package:flutter/src/widgets/framework.dart:4587)
I/flutter (21799): #53     MultiChildRenderObjectElement.inflateWidget (package:flutter/src/widgets/framework.dart:7264)
I/flutter (21799): #54     MultiChildRenderObjectElement.mount (package:flutter/src/widgets/framework.dart:7279)
I/flutter (21799): #55     Element.inflateWidget (package:flutter/src/widgets/framework.dart:4587)
I/flutter (21799): #56     Element.updateChild (package:flutter/src/widgets/framework.dart:4059)
I/flutter (21799): #57     ComponentElement.performRebuild (package:flutter/src/widgets/framework.dart:5841)
I/flutter (21799): #58     Element.rebuild (package:flutter/src/widgets/framework.dart:5529)
I/flutter (21799): #59     ComponentElement._firstBuild (package:flutter/src/widgets/framework.dart:5799)
I/flutter (21799): #60     ComponentElement.mount (package:flutter/src/widgets/framework.dart:5793)
I/flutter (21799): #61     Element.inflateWidget (package:flutter/src/widgets/framework.dart:4587)
I/flutter (21799): #62     Element.updateChild (package:flutter/src/widgets/framework.dart:4059)
I/flutter (21799): #63     ComponentElement.performRebuild (package:flutter/src/widgets/framework.dart:5841)
I/flutter (21799): #64     StatefulElement.performRebuild (package:flutter/src/widgets/framework.dart:5982)
I/flutter (21799): #65     Element.rebuild (package:flutter/src/widgets/framework.dart:5529)
I/flutter (21799): #66     ComponentElement._firstBuild (package:flutter/src/widgets/framework.dart:5799)
I/flutter (21799): #67     StatefulElement._firstBuild (package:flutter/src/widgets/framework.dart:5973)
I/flutter (21799): #68     ComponentElement.mount (package:flutter/src/widgets/framework.dart:5793)
I/flutter (21799): #69     Element.inflateWidget (package:flutter/src/widgets/framework.dart:4587)
I/flutter (21799): #70     Element.updateChild (package:flutter/src/widgets/framework.dart:4059)
I/flutter (21799): #71     ComponentElement.performRebuild (package:flutter/src/widgets/framework.dart:5841)
I/flutter (21799): #72     Element.rebuild (package:flutter/src/widgets/framework.dart:5529)
I/flutter (21799): #73     ComponentElement._firstBuild (package:flutter/src/widgets/framework.dart:5799)
I/flutter (21799): #74     ComponentElement.mount (package:flutter/src/widgets/framework.dart:5793)
I/flutter (21799): #75     Element.inflateWidget (package:flutter/src/widgets/framework.dart:4587)
I/flutter (21799): #76     Element.updateChild (package:flutter/src/widgets/framework.dart:4059)
I/flutter (21799): #77     ComponentElement.performRebuild (package:flutter/src/widgets/framework.dart:5841)
I/flutter (21799): #78     Element.rebuild (package:flutter/src/widgets/framework.dart:5529)
I/flutter (21799): #79     ComponentElement._firstBuild (package:flutter/src/widgets/framework.dart:5799)
I/flutter (21799): #80     ComponentElement.mount (package:flutter/src/widgets/framework.dart:5793)
I/flutter (21799): #81     Element.inflateWidget (package:flutter/src/widgets/framework.dart:4587)
I/flutter (21799): #82     Element.updateChild (package:flutter/src/widgets/framework.dart:4059)
I/flutter (21799): #83     ComponentElement.performRebuild (package:flutter/src/widgets/framework.dart:5841)
I/flutter (21799): #84     StatefulElement.performRebuild (package:flutter/src/widgets/framework.dart:5982)
I/flutter (21799): #85     Element.rebuild (package:flutter/src/widgets/framework.dart:5529)
I/flutter (21799): #86     ComponentElement._firstBuild (package:flutter/src/widgets/framework.dart:5799)
I/flutter (21799): #87     StatefulElement._firstBuild (package:flutter/src/widgets/framework.dart:5973)
I/flutter (21799): #88     ComponentElement.mount (package:flutter/src/widgets/framework.dart:5793)
I/flutter (21799): #89     Element.inflateWidget (package:flutter/src/widgets/framework.dart:4587)
I/flutter (21799): #90     Element.updateChild (package:flutter/src/widgets/framework.dart:4059)
I/flutter (21799): #91     SingleChildRenderObjectElement.mount (package:flutter/src/widgets/framework.dart:7115)
I/flutter (21799): #92     Element.inflateWidget (package:flutter/src/widgets/framework.dart:4587)
I/flutter (21799): #93     Element.updateChild (package:flutter/src/widgets/framework.dart:4059)
I/flutter (21799): #94     ComponentElement.performRebuild (package:flutter/src/widgets/framework.dart:5841)
I/flutter (21799): #95     Element.rebuild (package:flutter/src/widgets/framework.dart:5529)
I/flutter (21799): #96     ComponentElement._firstBuild (package:flutter/src/widgets/framework.dart:5799)
I/flutter (21799): #97     ComponentElement.mount (package:flutter/src/widgets/framework.dart:5793)
I/flutter (21799): #98     Element.inflateWidget (package:flutter/src/widgets/framework.dart:4587)
I/flutter (21799): #99     Element.updateChild (package:flutter/src/widgets/framework.dart:4059)
I/flutter (21799): type 'BoxParentData' is not a subtype of type 'StackParentData' in type cast
I/flutter (21799): #0      Positioned.applyParentData (package:flutter/src/widgets/basic.dart:5171)
I/flutter (21799): #1      RenderObjectElement._updateParentData (package:flutter/src/widgets/framework.dart:6901)
I/flutter (21799): #2      RenderObjectElement.attachRenderObject (package:flutter/src/widgets/framework.dart:6945)
I/flutter (21799): #3      RenderObjectElement.mount (package:flutter/src/widgets/framework.dart:6801)
I/flutter (21799): #4      Element.inflateWidget (package:flutter/src/widgets/framework.dart:4587)
I/flutter (21799): #5      Element.updateChild (package:flutter/src/widgets/framework.dart:4059)
I/flutter (21799): #6      ComponentElement.performRebuild (package:flutter/src/widgets/framework.dart:5858)
I/flutter (21799): #7      Element.rebuild (package:flutter/src/widgets/framework.dart:5529)
I/flutter (21799): #8      ComponentElement._firstBuild (package:flutter/src/widgets/framework.dart:5799)
I/flutter (21799): #9      ComponentElement.mount (package:flutter/src/widgets/framework.dart:5793)
I/flutter (21799): #10     Element.inflateWidget (package:flutter/src/widgets/framework.dart:4587)
I/flutter (21799): #11     Element.updateChild (package:flutter/src/widgets/framework.dart:4059)
I/flutter (21799): #12     SingleChildRenderObjectElement.mount (package:flutter/src/widgets/framework.dart:7115)
I/flutter (21799): #13     Element.inflateWidget (package:flutter/src/widgets/framework.dart:4587)
I/flutter (21799): #14     Element.updateChild (package:flutter/src/widgets/framework.dart:4059)
I/flutter (21799): #15     SingleChildRenderObjectElement.mount (package:flutter/src/widgets/framework.dart:7115)
I/flutter (21799): #16     Element.inflateWidget (package:flutter/src/widgets/framework.dart:4587)
I/flutter (21799): #17     MultiChildRenderObjectElement.inflateWidget (package:flutter/src/widgets/framework.dart:7264)
I/flutter (21799): #18     MultiChildRenderObjectElement.mount (package:flutter/src/widgets/framework.dart:7279)
I/flutter (21799): #19     Element.inflateWidget (package:flutter/src/widgets/framework.dart:4587)
I/flutter (21799): #20     Element.updateChild (package:flutter/src/widgets/framework.dart:4059)
I/flutter (21799): #21     ComponentElement.performRebuild (package:flutter/src/widgets/framework.dart:5841)
I/flutter (21799): #22     StatefulElement.performRebuild (package:flutter/src/widgets/framework.dart:5982)
I/flutter (21799): #23     Element.rebuild (package:flutter/src/widgets/framework.dart:5529)
I/flutter (21799): #24     ComponentElement._firstBuild (package:flutter/src/widgets/framework.dart:5799)
I/flutter (21799): #25     StatefulElement._firstBuild (package:flutter/src/widgets/framework.dart:5973)
I/flutter (21799): #26     ComponentElement.mount (package:flutter/src/widgets/framework.dart:5793)
I/flutter (21799): #27     Element.inflateWidget (package:flutter/src/widgets/framework.dart:4587)
I/flutter (21799): #28     Element.updateChild (package:flutter/src/widgets/framework.dart:4059)
I/flutter (21799): #29     ComponentElement.performRebuild (package:flutter/src/widgets/framework.dart:5841)
I/flutter (21799): #30     Element.rebuild (package:flutter/src/widgets/framework.dart:5529)
I/flutter (21799): #31     ComponentElement._firstBuild (package:flutter/src/widgets/framework.dart:5799)
I/flutter (21799): #32     ComponentElement.mount (package:flutter/src/widgets/framework.dart:5793)
I/flutter (21799): #33     Element.inflateWidget (package:flutter/src/widgets/framework.dart:4587)
I/flutter (21799): #34     Element.updateChild (package:flutter/src/widgets/framework.dart:4059)
I/flutter (21799): #35     ComponentElement.performRebuild (package:flutter/src/widgets/framework.dart:5841)
I/flutter (21799): #36     Element.rebuild (package:flutter/src/widgets/framework.dart:5529)
I/flutter (21799): #37     ComponentElement._firstBuild (package:flutter/src/widgets/framework.dart:5799)
I/flutter (21799): #38     ComponentElement.mount (package:flutter/src/widgets/framework.dart:5793)
I/flutter (21799): #39     Element.inflateWidget (package:flutter/src/widgets/framework.dart:4587)
I/flutter (21799): #40     Element.updateChild (package:flutter/src/widgets/framework.dart:4059)
I/flutter (21799): #41     ComponentElement.performRebuild (package:flutter/src/widgets/framework.dart:5841)
I/flutter (21799): #42     Element.rebuild (package:flutter/src/widgets/framework.dart:5529)
I/flutter (21799): #43     ComponentElement._firstBuild (package:flutter/src/widgets/framework.dart:5799)
I/flutter (21799): #44     ComponentElement.mount (package:flutter/src/widgets/framework.dart:5793)
I/flutter (21799): #45     Element.inflateWidget (package:flutter/src/widgets/framework.dart:4587)
I/flutter (21799): #46     Element.updateChild (package:flutter/src/widgets/framework.dart:4059)
I/flutter (21799): #47     ComponentElement.performRebuild (package:flutter/src/widgets/framework.dart:5841)
D/DecorView[](21799): getWindowModeFromSystem  windowmode is 1
D/DecorView[](21799): updateDecorCaptionStatus displayWindowDecor is false
I/flutter (21799): #48     Element.rebuild (package:flutter/src/widgets/framework.dart:5529)
I/flutter (21799): #49     ComponentElement._firstBuild (package:flutter/src/widgets/framework.dart:5799)
I/flutter (21799): #50     ComponentElement.mount (package:flutter/src/widgets/framework.dart:5793)
I/flutter (21799): #51     Element.inflateWidget (package:flutter/src/widgets/framework.dart:4587)
I/flutter (21799): #52     MultiChildRenderObjectElement.inflateWidget (package:flutter/src/widgets/framework.dart:7264)
I/flutter (21799): #53     MultiChildRenderObjectElement.mount (package:flutter/src/widgets/framework.dart:7279)
I/flutter (21799): #54     Element.inflateWidget (package:flutter/src/widgets/framework.dart:4587)
I/flutter (21799): #55     Element.updateChild (package:flutter/src/widgets/framework.dart:4059)
I/flutter (21799): #56     ComponentElement.performRebuild (package:flutter/src/widgets/framework.dart:5841)
I/flutter (21799): #57     Element.rebuild (package:flutter/src/widgets/framework.dart:5529)
I/flutter (21799): #58     ComponentElement._firstBuild (package:flutter/src/widgets/framework.dart:5799)
I/flutter (21799): #59     ComponentElement.mount (package:flutter/src/widgets/framework.dart:5793)
I/flutter (21799): #60     Element.inflateWidget (package:flutter/src/widgets/framework.dart:4587)
I/flutter (21799): #61     Element.updateChild (package:flutter/src/widgets/framework.dart:4059)
I/flutter (21799): #62     ComponentElement.performRebuild (package:flutter/src/widgets/framework.dart:5841)
I/flutter (21799): #63     StatefulElement.performRebuild (package:flutter/src/widgets/framework.dart:5982)
I/flutter (21799): #64     Element.rebuild (package:flutter/src/widgets/framework.dart:5529)
I/flutter (21799): #65     ComponentElement._firstBuild (package:flutter/src/widgets/framework.dart:5799)
I/flutter (21799): #66     StatefulElement._firstBuild (package:flutter/src/widgets/framework.dart:5973)
I/flutter (21799): #67     ComponentElement.mount (package:flutter/src/widgets/framework.dart:5793)
I/flutter (21799): #68     Element.inflateWidget (package:flutter/src/widgets/framework.dart:4587)
I/flutter (21799): #69     Element.updateChild (package:flutter/src/widgets/framework.dart:4059)
I/flutter (21799): #70     ComponentElement.performRebuild (package:flutter/src/widgets/framework.dart:5841)
I/flutter (21799): #71     Element.rebuild (package:flutter/src/widgets/framework.dart:5529)
I/flutter (21799): #72     ComponentElement._firstBuild (package:flutter/src/widgets/framework.dart:5799)
I/flutter (21799): #73     ComponentElement.mount (package:flutter/src/widgets/framework.dart:5793)
I/flutter (21799): #74     Element.inflateWidget (package:flutter/src/widgets/framework.dart:4587)
I/flutter (21799): #75     Element.updateChild (package:flutter/src/widgets/framework.dart:4059)
I/flutter (21799): #76     ComponentElement.performRebuild (package:flutter/src/widgets/framework.dart:5841)
I/flutter (21799): #77     Element.rebuild (package:flutter/src/widgets/framework.dart:5529)
I/flutter (21799): #78     ComponentElement._firstBuild (package:flutter/src/widgets/framework.dart:5799)
I/flutter (21799): #79     ComponentElement.mount (package:flutter/src/widgets/framework.dart:5793)
I/flutter (21799): #80     Element.inflateWidget (package:flutter/src/widgets/framework.dart:4587)
I/flutter (21799): #81     Element.updateChild (package:flutter/src/widgets/framework.dart:4059)
I/flutter (21799): #82     ComponentElement.performRebuild (package:flutter/src/widgets/framework.dart:5841)
I/flutter (21799): #83     StatefulElement.performRebuild (package:flutter/src/widgets/framework.dart:5982)
I/flutter (21799): #84     Element.rebuild (package:flutter/src/widgets/framework.dart:5529)
I/flutter (21799): #85     ComponentElement._firstBuild (package:flutter/src/widgets/framework.dart:5799)
I/flutter (21799): #86     StatefulElement._firstBuild (package:flutter/src/widgets/framework.dart:5973)
I/flutter (21799): #87     ComponentElement.mount (package:flutter/src/widgets/framework.dart:5793)
I/flutter (21799): #88     Element.inflateWidget (package:flutter/src/widgets/framework.dart:4587)
I/flutter (21799): #89     Element.updateChild (package:flutter/src/widgets/framework.dart:4059)
I/flutter (21799): #90     SingleChildRenderObjectElement.mount (package:flutter/src/widgets/framework.dart:7115)
I/flutter (21799): #91     Element.inflateWidget (package:flutter/src/widgets/framework.dart:4587)
I/flutter (21799): #92     Element.updateChild (package:flutter/src/widgets/framework.dart:4059)
I/flutter (21799): #93     ComponentElement.performRebuild (package:flutter/src/widgets/framework.dart:5841)
I/flutter (21799): #94     Element.rebuild (package:flutter/src/widgets/framework.dart:5529)
I/flutter (21799): #95     ComponentElement._firstBuild (package:flutter/src/widgets/framework.dart:5799)
I/flutter (21799): #96     ComponentElement.mount (package:flutter/src/widgets/framework.dart:5793)
I/flutter (21799): #97     Element.inflateWidget (package:flutter/src/widgets/framework.dart:4587)
I/flutter (21799): #98     Element.updateChild (package:flutter/src/widgets/framework.dart:4059)
I/flutter (21799): #99     SingleChildRenderObjectElement.mount (package:flutter/src/widgets/framework.dart:7115)
D/ProfileInstaller(21799): Installing profile for com.example.benchmark_container
I/flutter (21799): setState 698a51a
I/flutter (21799): type 'BoxParentData' is not a subtype of type 'StackParentData' in type cast
I/flutter (21799): #0      Positioned.applyParentData (package:flutter/src/widgets/basic.dart:5171)
I/flutter (21799): #1      RenderObjectElement._updateParentData (package:flutter/src/widgets/framework.dart:6901)
I/flutter (21799): #2      RenderObjectElement.attachRenderObject (package:flutter/src/widgets/framework.dart:6945)
I/flutter (21799): #3      RenderObjectElement.mount (package:flutter/src/widgets/framework.dart:6801)
I/flutter (21799): #4      SingleChildRenderObjectElement.mount (package:flutter/src/widgets/framework.dart:7114)
I/flutter (21799): #5      Element.inflateWidget (package:flutter/src/widgets/framework.dart:4587)
I/flutter (21799): #6      Element.updateChild (package:flutter/src/widgets/framework.dart:4059)
I/flutter (21799): #7      ComponentElement.performRebuild (package:flutter/src/widgets/framework.dart:5841)
I/flutter (21799): #8      Element.rebuild (package:flutter/src/widgets/framework.dart:5529)
I/flutter (21799): #9      ComponentElement._firstBuild (package:flutter/src/widgets/framework.dart:5799)
I/flutter (21799): #10     ComponentElement.mount (package:flutter/src/widgets/framework.dart:5793)
I/flutter (21799): #11     Element.inflateWidget (package:flutter/src/widgets/framework.dart:4587)
I/flutter (21799): #12     Element.updateChild (package:flutter/src/widgets/framework.dart:4059)
I/flutter (21799): #13     SingleChildRenderObjectElement.mount (package:flutter/src/widgets/framework.dart:7115)
I/flutter (21799): #14     Element.inflateWidget (package:flutter/src/widgets/framework.dart:4587)
I/flutter (21799): #15     Element.updateChild (package:flutter/src/widgets/framework.dart:4059)
I/flutter (21799): #16     SingleChildRenderObjectElement.mount (package:flutter/src/widgets/framework.dart:7115)
I/flutter (21799): #17     Element.inflateWidget (package:flutter/src/widgets/framework.dart:4587)
I/flutter (21799): #18     MultiChildRenderObjectElement.inflateWidget (package:flutter/src/widgets/framework.dart:7264)
I/flutter (21799): #19     MultiChildRenderObjectElement.mount (package:flutter/src/widgets/framework.dart:7279)
I/flutter (21799): #20     Element.inflateWidget (package:flutter/src/widgets/framework.dart:4587)
I/flutter (21799): #21     Element.updateChild (package:flutter/src/widgets/framework.dart:4053)
I/flutter (21799): #22     ComponentElement.performRebuild (package:flutter/src/widgets/framework.dart:5841)
I/flutter (21799): #23     StatefulElement.performRebuild (package:flutter/src/widgets/framework.dart:5982)
I/flutter (21799): #24     Element.rebuild (package:flutter/src/widgets/framework.dart:5529)
I/flutter (21799): #25     BuildScope._tryRebuild (package:flutter/src/widgets/framework.dart:2750)
I/flutter (21799): #26     BuildScope._flushDirtyElements (package:flutter/src/widgets/framework.dart:2807)
I/flutter (21799): #27     BuildOwner.buildScope (package:flutter/src/widgets/framework.dart:3111)
I/flutter (21799): #28     WidgetsBinding.drawFrame (package:flutter/src/widgets/binding.dart:1571)
I/flutter (21799): #29     RendererBinding._handlePersistentFrameCallback (package:flutter/src/rendering/binding.dart:509)
I/flutter (21799): #30     SchedulerBinding._invokeFrameCallback (package:flutter/src/scheduler/binding.dart:1430)
I/flutter (21799): #31     SchedulerBinding.handleDrawFrame (package:flutter/src/scheduler/binding.dart:1345)
I/flutter (21799): #32     LiveTestWidgetsFlutterBinding.handleDrawFrame (package:flutter_test/src/binding.dart:2811)
I/flutter (21799): #33     SchedulerBinding._handleDrawFrame (package:flutter/src/scheduler/binding.dart:1198)
I/flutter (21799): #37     _invoke (dart:ui/hooks.dart:425)
I/flutter (21799): #38     PlatformDispatcher._drawFrame (dart:ui/platform_dispatcher.dart:447)
I/flutter (21799): #39     _drawFrame (dart:ui/hooks.dart:395)
I/flutter (21799): (elided 3 frames from dart:async)
I/flutter (21799): type 'BoxParentData' is not a subtype of type 'StackParentData' in type cast
I/flutter (21799): #0      Positioned.applyParentData (package:flutter/src/widgets/basic.dart:5171)
I/flutter (21799): #1      RenderObjectElement._updateParentData (package:flutter/src/widgets/framework.dart:6901)
I/flutter (21799): #2      RenderObjectElement.attachRenderObject (package:flutter/src/widgets/framework.dart:6945)
I/flutter (21799): #3      RenderObjectElement.mount (package:flutter/src/widgets/framework.dart:6801)
I/flutter (21799): #4      Element.inflateWidget (package:flutter/src/widgets/framework.dart:4587)
I/flutter (21799): #5      Element.updateChild (package:flutter/src/widgets/framework.dart:4059)
I/flutter (21799): #6      ComponentElement.performRebuild (package:flutter/src/widgets/framework.dart:5858)
I/flutter (21799): #7      Element.rebuild (package:flutter/src/widgets/framework.dart:5529)
I/flutter (21799): #8      ComponentElement._firstBuild (package:flutter/src/widgets/framework.dart:5799)
I/flutter (21799): #9      ComponentElement.mount (package:flutter/src/widgets/framework.dart:5793)
I/flutter (21799): #10     Element.inflateWidget (package:flutter/src/widgets/framework.dart:4587)
I/flutter (21799): #11     Element.updateChild (package:flutter/src/widgets/framework.dart:4059)
I/flutter (21799): #12     SingleChildRenderObjectElement.mount (package:flutter/src/widgets/framework.dart:7115)
I/flutter (21799): #13     Element.inflateWidget (package:flutter/src/widgets/framework.dart:4587)
I/flutter (21799): #14     Element.updateChild (package:flutter/src/widgets/framework.dart:4059)
I/flutter (21799): #15     SingleChildRenderObjectElement.mount (package:flutter/src/widgets/framework.dart:7115)
I/flutter (21799): #16     Element.inflateWidget (package:flutter/src/widgets/framework.dart:4587)
I/flutter (21799): #17     MultiChildRenderObjectElement.inflateWidget (package:flutter/src/widgets/framework.dart:7264)
I/flutter (21799): #18     MultiChildRenderObjectElement.mount (package:flutter/src/widgets/framework.dart:7279)
I/flutter (21799): #19     Element.inflateWidget (package:flutter/src/widgets/framework.dart:4587)
I/flutter (21799): #20     Element.updateChild (package:flutter/src/widgets/framework.dart:4053)
I/flutter (21799): #21     ComponentElement.performRebuild (package:flutter/src/widgets/framework.dart:5841)
I/flutter (21799): #22     StatefulElement.performRebuild (package:flutter/src/widgets/framework.dart:5982)
I/flutter (21799): #23     Element.rebuild (package:flutter/src/widgets/framework.dart:5529)
I/flutter (21799): #24     BuildScope._tryRebuild (package:flutter/src/widgets/framework.dart:2750)
I/flutter (21799): #25     BuildScope._flushDirtyElements (package:flutter/src/widgets/framework.dart:2807)
I/flutter (21799): #26     BuildOwner.buildScope (package:flutter/src/widgets/framework.dart:3111)
I/flutter (21799): #27     WidgetsBinding.drawFrame (package:flutter/src/widgets/binding.dart:1571)
I/flutter (21799): #28     RendererBinding._handlePersistentFrameCallback (package:flutter/src/rendering/binding.dart:509)
I/flutter (21799): #29     SchedulerBinding._invokeFrameCallback (package:flutter/src/scheduler/binding.dart:1430)
I/flutter (21799): #30     SchedulerBinding.handleDrawFrame (package:flutter/src/scheduler/binding.dart:1345)
I/flutter (21799): #31     LiveTestWidgetsFlutterBinding.handleDrawFrame (package:flutter_test/src/binding.dart:2811)
I/flutter (21799): #32     SchedulerBinding._handleDrawFrame (package:flutter/src/scheduler/binding.dart:1198)
I/flutter (21799): #36     _invoke (dart:ui/hooks.dart:425)
I/flutter (21799): #37     PlatformDispatcher._drawFrame (dart:ui/platform_dispatcher.dart:447)
I/flutter (21799): #38     _drawFrame (dart:ui/hooks.dart:395)
I/flutter (21799): (elided 3 frames from dart:async)
I/flutter (21799): [SPM:perf] 698a51a  buildSpan: 7311µs
[spm]: ProfilerData event received.
I/flutter (21799): [spm] Performance monitoring completed for 698a51a
I/flutter (21799): setState 698a51a
I/flutter (21799): type 'BoxParentData' is not a subtype of type 'StackParentData' in type cast
I/flutter (21799): #0      Positioned.applyParentData (package:flutter/src/widgets/basic.dart:5171)
I/flutter (21799): #1      RenderObjectElement._updateParentData (package:flutter/src/widgets/framework.dart:6901)
I/flutter (21799): #2      RenderObjectElement.attachRenderObject (package:flutter/src/widgets/framework.dart:6945)
I/flutter (21799): #3      RenderObjectElement.mount (package:flutter/src/widgets/framework.dart:6801)
I/flutter (21799): #4      SingleChildRenderObjectElement.mount (package:flutter/src/widgets/framework.dart:7114)
I/flutter (21799): #5      Element.inflateWidget (package:flutter/src/widgets/framework.dart:4587)
I/flutter (21799): #6      Element.updateChild (package:flutter/src/widgets/framework.dart:4059)
I/flutter (21799): #7      ComponentElement.performRebuild (package:flutter/src/widgets/framework.dart:5841)
I/flutter (21799): #8      Element.rebuild (package:flutter/src/widgets/framework.dart:5529)
I/flutter (21799): #9      ComponentElement._firstBuild (package:flutter/src/widgets/framework.dart:5799)
I/flutter (21799): #10     ComponentElement.mount (package:flutter/src/widgets/framework.dart:5793)
I/flutter (21799): #11     Element.inflateWidget (package:flutter/src/widgets/framework.dart:4587)
I/flutter (21799): #12     Element.updateChild (package:flutter/src/widgets/framework.dart:4059)
I/flutter (21799): #13     SingleChildRenderObjectElement.mount (package:flutter/src/widgets/framework.dart:7115)
I/flutter (21799): #14     Element.inflateWidget (package:flutter/src/widgets/framework.dart:4587)
I/flutter (21799): #15     Element.updateChild (package:flutter/src/widgets/framework.dart:4059)
I/flutter (21799): #16     SingleChildRenderObjectElement.mount (package:flutter/src/widgets/framework.dart:7115)
I/flutter (21799): #17     Element.inflateWidget (package:flutter/src/widgets/framework.dart:4587)
I/flutter (21799): #18     MultiChildRenderObjectElement.inflateWidget (package:flutter/src/widgets/framework.dart:7264)
I/flutter (21799): #19     MultiChildRenderObjectElement.mount (package:flutter/src/widgets/framework.dart:7279)
I/flutter (21799): #20     Element.inflateWidget (package:flutter/src/widgets/framework.dart:4587)
I/flutter (21799): #21     Element.updateChild (package:flutter/src/widgets/framework.dart:4053)
I/flutter (21799): #22     ComponentElement.performRebuild (package:flutter/src/widgets/framework.dart:5841)
I/flutter (21799): #23     StatefulElement.performRebuild (package:flutter/src/widgets/framework.dart:5982)
I/flutter (21799): #24     Element.rebuild (package:flutter/src/widgets/framework.dart:5529)
I/flutter (21799): #25     BuildScope._tryRebuild (package:flutter/src/widgets/framework.dart:2750)
I/flutter (21799): #26     BuildScope._flushDirtyElements (package:flutter/src/widgets/framework.dart:2807)
I/flutter (21799): #27     BuildOwner.buildScope (package:flutter/src/widgets/framework.dart:3111)
I/flutter (21799): #28     WidgetsBinding.drawFrame (package:flutter/src/widgets/binding.dart:1571)
I/flutter (21799): #29     RendererBinding._handlePersistentFrameCallback (package:flutter/src/rendering/binding.dart:509)
I/flutter (21799): #30     SchedulerBinding._invokeFrameCallback (package:flutter/src/scheduler/binding.dart:1430)
I/flutter (21799): #31     SchedulerBinding.handleDrawFrame (package:flutter/src/scheduler/binding.dart:1345)
I/flutter (21799): #32     LiveTestWidgetsFlutterBinding.handleDrawFrame (package:flutter_test/src/binding.dart:2811)
I/flutter (21799): #33     SchedulerBinding._handleDrawFrame (package:flutter/src/scheduler/binding.dart:1198)
I/flutter (21799): #37     _invoke (dart:ui/hooks.dart:425)
I/flutter (21799): #38     PlatformDispatcher._drawFrame (dart:ui/platform_dispatcher.dart:447)
I/flutter (21799): #39     _drawFrame (dart:ui/hooks.dart:395)
I/flutter (21799): (elided 3 frames from dart:async)
I/flutter (21799): type 'BoxParentData' is not a subtype of type 'StackParentData' in type cast
I/flutter (21799): #0      Positioned.applyParentData (package:flutter/src/widgets/basic.dart:5171)
I/flutter (21799): #1      RenderObjectElement._updateParentData (package:flutter/src/widgets/framework.dart:6901)
I/flutter (21799): #2      RenderObjectElement.attachRenderObject (package:flutter/src/widgets/framework.dart:6945)
I/flutter (21799): #3      RenderObjectElement.mount (package:flutter/src/widgets/framework.dart:6801)
I/flutter (21799): #4      Element.inflateWidget (package:flutter/src/widgets/framework.dart:4587)
I/flutter (21799): #5      Element.updateChild (package:flutter/src/widgets/framework.dart:4059)
I/flutter (21799): #6      ComponentElement.performRebuild (package:flutter/src/widgets/framework.dart:5858)
I/flutter (21799): #7      Element.rebuild (package:flutter/src/widgets/framework.dart:5529)
I/flutter (21799): #8      ComponentElement._firstBuild (package:flutter/src/widgets/framework.dart:5799)
I/flutter (21799): #9      ComponentElement.mount (package:flutter/src/widgets/framework.dart:5793)
I/flutter (21799): #10     Element.inflateWidget (package:flutter/src/widgets/framework.dart:4587)
I/flutter (21799): #11     Element.updateChild (package:flutter/src/widgets/framework.dart:4059)
I/flutter (21799): #12     SingleChildRenderObjectElement.mount (package:flutter/src/widgets/framework.dart:7115)
I/flutter (21799): #13     Element.inflateWidget (package:flutter/src/widgets/framework.dart:4587)
I/flutter (21799): #14     Element.updateChild (package:flutter/src/widgets/framework.dart:4059)
I/flutter (21799): #15     SingleChildRenderObjectElement.mount (package:flutter/src/widgets/framework.dart:7115)
I/flutter (21799): #16     Element.inflateWidget (package:flutter/src/widgets/framework.dart:4587)
I/flutter (21799): #17     MultiChildRenderObjectElement.inflateWidget (package:flutter/src/widgets/framework.dart:7264)
I/flutter (21799): #18     MultiChildRenderObjectElement.mount (package:flutter/src/widgets/framework.dart:7279)
I/flutter (21799): #19     Element.inflateWidget (package:flutter/src/widgets/framework.dart:4587)
I/flutter (21799): #20     Element.updateChild (package:flutter/src/widgets/framework.dart:4053)
I/flutter (21799): #21     ComponentElement.performRebuild (package:flutter/src/widgets/framework.dart:5841)
I/flutter (21799): #22     StatefulElement.performRebuild (package:flutter/src/widgets/framework.dart:5982)
I/flutter (21799): #23     Element.rebuild (package:flutter/src/widgets/framework.dart:5529)
I/flutter (21799): #24     BuildScope._tryRebuild (package:flutter/src/widgets/framework.dart:2750)
I/flutter (21799): #25     BuildScope._flushDirtyElements (package:flutter/src/widgets/framework.dart:2807)
I/flutter (21799): #26     BuildOwner.buildScope (package:flutter/src/widgets/framework.dart:3111)
I/flutter (21799): #27     WidgetsBinding.drawFrame (package:flutter/src/widgets/binding.dart:1571)
I/flutter (21799): #28     RendererBinding._handlePersistentFrameCallback (package:flutter/src/rendering/binding.dart:509)
I/flutter (21799): #29     SchedulerBinding._invokeFrameCallback (package:flutter/src/scheduler/binding.dart:1430)
I/flutter (21799): #30     SchedulerBinding.handleDrawFrame (package:flutter/src/scheduler/binding.dart:1345)
I/flutter (21799): #31     LiveTestWidgetsFlutterBinding.handleDrawFrame (package:flutter_test/src/binding.dart:2811)
I/flutter (21799): #32     SchedulerBinding._handleDrawFrame (package:flutter/src/scheduler/binding.dart:1198)
I/flutter (21799): #36     _invoke (dart:ui/hooks.dart:425)
I/flutter (21799): #37     PlatformDispatcher._drawFrame (dart:ui/platform_dispatcher.dart:447)
I/flutter (21799): #38     _drawFrame (dart:ui/hooks.dart:395)
I/flutter (21799): (elided 3 frames from dart:async)
[spm]: ProfilerData event received.
I/flutter (21799): [SPM:perf] 698a51a  buildSpan: 7422µs
I/flutter (21799): [spm] Performance monitoring completed for 698a51a
I/flutter (21799): setState 698a51a
I/flutter (21799): type 'BoxParentData' is not a subtype of type 'StackParentData' in type cast
I/flutter (21799): #0      Positioned.applyParentData (package:flutter/src/widgets/basic.dart:5171)
I/flutter (21799): #1      RenderObjectElement._updateParentData (package:flutter/src/widgets/framework.dart:6901)
I/flutter (21799): #2      RenderObjectElement.attachRenderObject (package:flutter/src/widgets/framework.dart:6945)
I/flutter (21799): #3      RenderObjectElement.mount (package:flutter/src/widgets/framework.dart:6801)
I/flutter (21799): #4      SingleChildRenderObjectElement.mount (package:flutter/src/widgets/framework.dart:7114)
I/flutter (21799): #5      Element.inflateWidget (package:flutter/src/widgets/framework.dart:4587)
I/flutter (21799): #6      Element.updateChild (package:flutter/src/widgets/framework.dart:4059)
I/flutter (21799): #7      ComponentElement.performRebuild (package:flutter/src/widgets/framework.dart:5841)
I/flutter (21799): #8      Element.rebuild (package:flutter/src/widgets/framework.dart:5529)
I/flutter (21799): #9      ComponentElement._firstBuild (package:flutter/src/widgets/framework.dart:5799)
I/flutter (21799): #10     ComponentElement.mount (package:flutter/src/widgets/framework.dart:5793)
I/flutter (21799): #11     Element.inflateWidget (package:flutter/src/widgets/framework.dart:4587)
I/flutter (21799): #12     Element.updateChild (package:flutter/src/widgets/framework.dart:4059)
I/flutter (21799): #13     SingleChildRenderObjectElement.mount (package:flutter/src/widgets/framework.dart:7115)
I/flutter (21799): #14     Element.inflateWidget (package:flutter/src/widgets/framework.dart:4587)
I/flutter (21799): #15     Element.updateChild (package:flutter/src/widgets/framework.dart:4059)
I/flutter (21799): #16     SingleChildRenderObjectElement.mount (package:flutter/src/widgets/framework.dart:7115)
I/flutter (21799): #17     Element.inflateWidget (package:flutter/src/widgets/framework.dart:4587)
I/flutter (21799): #18     MultiChildRenderObjectElement.inflateWidget (package:flutter/src/widgets/framework.dart:7264)
I/flutter (21799): #19     MultiChildRenderObjectElement.mount (package:flutter/src/widgets/framework.dart:7279)
I/flutter (21799): #20     Element.inflateWidget (package:flutter/src/widgets/framework.dart:4587)
I/flutter (21799): #21     Element.updateChild (package:flutter/src/widgets/framework.dart:4053)
I/flutter (21799): #22     ComponentElement.performRebuild (package:flutter/src/widgets/framework.dart:5841)
I/flutter (21799): #23     StatefulElement.performRebuild (package:flutter/src/widgets/framework.dart:5982)
I/flutter (21799): #24     Element.rebuild (package:flutter/src/widgets/framework.dart:5529)
I/flutter (21799): #25     BuildScope._tryRebuild (package:flutter/src/widgets/framework.dart:2750)
I/flutter (21799): #26     BuildScope._flushDirtyElements (package:flutter/src/widgets/framework.dart:2807)
I/flutter (21799): #27     BuildOwner.buildScope (package:flutter/src/widgets/framework.dart:3111)
I/flutter (21799): #28     WidgetsBinding.drawFrame (package:flutter/src/widgets/binding.dart:1571)
I/flutter (21799): #29     RendererBinding._handlePersistentFrameCallback (package:flutter/src/rendering/binding.dart:509)
I/flutter (21799): #30     SchedulerBinding._invokeFrameCallback (package:flutter/src/scheduler/binding.dart:1430)
I/flutter (21799): #31     SchedulerBinding.handleDrawFrame (package:flutter/src/scheduler/binding.dart:1345)
I/flutter (21799): #32     LiveTestWidgetsFlutterBinding.handleDrawFrame (package:flutter_test/src/binding.dart:2811)
I/flutter (21799): #33     SchedulerBinding._handleDrawFrame (package:flutter/src/scheduler/binding.dart:1198)
I/flutter (21799): #37     _invoke (dart:ui/hooks.dart:425)
I/flutter (21799): #38     PlatformDispatcher._drawFrame (dart:ui/platform_dispatcher.dart:447)
I/flutter (21799): #39     _drawFrame (dart:ui/hooks.dart:395)
I/flutter (21799): (elided 3 frames from dart:async)
I/flutter (21799): type 'BoxParentData' is not a subtype of type 'StackParentData' in type cast
I/flutter (21799): #0      Positioned.applyParentData (package:flutter/src/widgets/basic.dart:5171)
I/flutter (21799): #1      RenderObjectElement._updateParentData (package:flutter/src/widgets/framework.dart:6901)
I/flutter (21799): #2      RenderObjectElement.attachRenderObject (package:flutter/src/widgets/framework.dart:6945)
I/flutter (21799): #3      RenderObjectElement.mount (package:flutter/src/widgets/framework.dart:6801)
I/flutter (21799): #4      Element.inflateWidget (package:flutter/src/widgets/framework.dart:4587)
I/flutter (21799): #5      Element.updateChild (package:flutter/src/widgets/framework.dart:4059)
I/flutter (21799): #6      ComponentElement.performRebuild (package:flutter/src/widgets/framework.dart:5858)
I/flutter (21799): #7      Element.rebuild (package:flutter/src/widgets/framework.dart:5529)
I/flutter (21799): #8      ComponentElement._firstBuild (package:flutter/src/widgets/framework.dart:5799)
I/flutter (21799): #9      ComponentElement.mount (package:flutter/src/widgets/framework.dart:5793)
I/flutter (21799): #10     Element.inflateWidget (package:flutter/src/widgets/framework.dart:4587)
I/flutter (21799): #11     Element.updateChild (package:flutter/src/widgets/framework.dart:4059)
I/flutter (21799): #12     SingleChildRenderObjectElement.mount (package:flutter/src/widgets/framework.dart:7115)
I/flutter (21799): #13     Element.inflateWidget (package:flutter/src/widgets/framework.dart:4587)
I/flutter (21799): #14     Element.updateChild (package:flutter/src/widgets/framework.dart:4059)
I/flutter (21799): #15     SingleChildRenderObjectElement.mount (package:flutter/src/widgets/framework.dart:7115)
I/flutter (21799): #16     Element.inflateWidget (package:flutter/src/widgets/framework.dart:4587)
I/flutter (21799): #17     MultiChildRenderObjectElement.inflateWidget (package:flutter/src/widgets/framework.dart:7264)
I/flutter (21799): #18     MultiChildRenderObjectElement.mount (package:flutter/src/widgets/framework.dart:7279)
I/flutter (21799): #19     Element.inflateWidget (package:flutter/src/widgets/framework.dart:4587)
I/flutter (21799): #20     Element.updateChild (package:flutter/src/widgets/framework.dart:4053)
I/flutter (21799): #21     ComponentElement.performRebuild (package:flutter/src/widgets/framework.dart:5841)
I/flutter (21799): #22     StatefulElement.performRebuild (package:flutter/src/widgets/framework.dart:5982)
I/flutter (21799): #23     Element.rebuild (package:flutter/src/widgets/framework.dart:5529)
I/flutter (21799): #24     BuildScope._tryRebuild (package:flutter/src/widgets/framework.dart:2750)
I/flutter (21799): #25     BuildScope._flushDirtyElements (package:flutter/src/widgets/framework.dart:2807)
I/flutter (21799): #26     BuildOwner.buildScope (package:flutter/src/widgets/framework.dart:3111)
I/flutter (21799): #27     WidgetsBinding.drawFrame (package:flutter/src/widgets/binding.dart:1571)
I/flutter (21799): #28     RendererBinding._handlePersistentFrameCallback (package:flutter/src/rendering/binding.dart:509)
I/flutter (21799): #29     SchedulerBinding._invokeFrameCallback (package:flutter/src/scheduler/binding.dart:1430)
I/flutter (21799): #30     SchedulerBinding.handleDrawFrame (package:flutter/src/scheduler/binding.dart:1345)
I/flutter (21799): #31     LiveTestWidgetsFlutterBinding.handleDrawFrame (package:flutter_test/src/binding.dart:2811)
I/flutter (21799): #32     SchedulerBinding._handleDrawFrame (package:flutter/src/scheduler/binding.dart:1198)
I/flutter (21799): #36     _invoke (dart:ui/hooks.dart:425)
I/flutter (21799): #37     PlatformDispatcher._drawFrame (dart:ui/platform_dispatcher.dart:447)
I/flutter (21799): #38     _drawFrame (dart:ui/hooks.dart:395)
I/flutter (21799): (elided 3 frames from dart:async)
[spm]: ProfilerData event received.
I/flutter (21799): [SPM:perf] 698a51a  buildSpan: 7372µs
I/flutter (21799): [spm] Performance monitoring completed for 698a51a
I/flutter (21799): setState 698a51a
I/flutter (21799): type 'BoxParentData' is not a subtype of type 'StackParentData' in type cast
I/flutter (21799): #0      Positioned.applyParentData (package:flutter/src/widgets/basic.dart:5171)
I/flutter (21799): #1      RenderObjectElement._updateParentData (package:flutter/src/widgets/framework.dart:6901)
I/flutter (21799): #2      RenderObjectElement.attachRenderObject (package:flutter/src/widgets/framework.dart:6945)
I/flutter (21799): #3      RenderObjectElement.mount (package:flutter/src/widgets/framework.dart:6801)
I/flutter (21799): #4      SingleChildRenderObjectElement.mount (package:flutter/src/widgets/framework.dart:7114)
I/flutter (21799): #5      Element.inflateWidget (package:flutter/src/widgets/framework.dart:4587)
I/flutter (21799): #6      Element.updateChild (package:flutter/src/widgets/framework.dart:4059)
I/flutter (21799): #7      ComponentElement.performRebuild (package:flutter/src/widgets/framework.dart:5841)
I/flutter (21799): #8      Element.rebuild (package:flutter/src/widgets/framework.dart:5529)
I/flutter (21799): #9      ComponentElement._firstBuild (package:flutter/src/widgets/framework.dart:5799)
I/flutter (21799): #10     ComponentElement.mount (package:flutter/src/widgets/framework.dart:5793)
I/flutter (21799): #11     Element.inflateWidget (package:flutter/src/widgets/framework.dart:4587)
I/flutter (21799): #12     Element.updateChild (package:flutter/src/widgets/framework.dart:4059)
I/flutter (21799): #13     SingleChildRenderObjectElement.mount (package:flutter/src/widgets/framework.dart:7115)
I/flutter (21799): #14     Element.inflateWidget (package:flutter/src/widgets/framework.dart:4587)
I/flutter (21799): #15     Element.updateChild (package:flutter/src/widgets/framework.dart:4059)
I/flutter (21799): #16     SingleChildRenderObjectElement.mount (package:flutter/src/widgets/framework.dart:7115)
I/flutter (21799): #17     Element.inflateWidget (package:flutter/src/widgets/framework.dart:4587)
I/flutter (21799): #18     MultiChildRenderObjectElement.inflateWidget (package:flutter/src/widgets/framework.dart:7264)
I/flutter (21799): #19     MultiChildRenderObjectElement.mount (package:flutter/src/widgets/framework.dart:7279)
I/flutter (21799): #20     Element.inflateWidget (package:flutter/src/widgets/framework.dart:4587)
I/flutter (21799): #21     Element.updateChild (package:flutter/src/widgets/framework.dart:4053)
I/flutter (21799): #22     ComponentElement.performRebuild (package:flutter/src/widgets/framework.dart:5841)
I/flutter (21799): #23     StatefulElement.performRebuild (package:flutter/src/widgets/framework.dart:5982)
I/flutter (21799): #24     Element.rebuild (package:flutter/src/widgets/framework.dart:5529)
I/flutter (21799): #25     BuildScope._tryRebuild (package:flutter/src/widgets/framework.dart:2750)
I/flutter (21799): #26     BuildScope._flushDirtyElements (package:flutter/src/widgets/framework.dart:2807)
I/flutter (21799): #27     BuildOwner.buildScope (package:flutter/src/widgets/framework.dart:3111)
I/flutter (21799): #28     WidgetsBinding.drawFrame (package:flutter/src/widgets/binding.dart:1571)
I/flutter (21799): #29     RendererBinding._handlePersistentFrameCallback (package:flutter/src/rendering/binding.dart:509)
I/flutter (21799): #30     SchedulerBinding._invokeFrameCallback (package:flutter/src/scheduler/binding.dart:1430)
I/flutter (21799): #31     SchedulerBinding.handleDrawFrame (package:flutter/src/scheduler/binding.dart:1345)
I/flutter (21799): #32     LiveTestWidgetsFlutterBinding.handleDrawFrame (package:flutter_test/src/binding.dart:2811)
I/flutter (21799): #33     SchedulerBinding._handleDrawFrame (package:flutter/src/scheduler/binding.dart:1198)
I/flutter (21799): #37     _invoke (dart:ui/hooks.dart:425)
I/flutter (21799): #38     PlatformDispatcher._drawFrame (dart:ui/platform_dispatcher.dart:447)
I/flutter (21799): #39     _drawFrame (dart:ui/hooks.dart:395)
I/flutter (21799): (elided 3 frames from dart:async)
I/flutter (21799): type 'BoxParentData' is not a subtype of type 'StackParentData' in type cast
I/flutter (21799): #0      Positioned.applyParentData (package:flutter/src/widgets/basic.dart:5171)
I/flutter (21799): #1      RenderObjectElement._updateParentData (package:flutter/src/widgets/framework.dart:6901)
I/flutter (21799): #2      RenderObjectElement.attachRenderObject (package:flutter/src/widgets/framework.dart:6945)
I/flutter (21799): #3      RenderObjectElement.mount (package:flutter/src/widgets/framework.dart:6801)
I/flutter (21799): #4      Element.inflateWidget (package:flutter/src/widgets/framework.dart:4587)
I/flutter (21799): #5      Element.updateChild (package:flutter/src/widgets/framework.dart:4059)
I/flutter (21799): #6      ComponentElement.performRebuild (package:flutter/src/widgets/framework.dart:5858)
I/flutter (21799): #7      Element.rebuild (package:flutter/src/widgets/framework.dart:5529)
I/flutter (21799): #8      ComponentElement._firstBuild (package:flutter/src/widgets/framework.dart:5799)
I/flutter (21799): #9      ComponentElement.mount (package:flutter/src/widgets/framework.dart:5793)
I/flutter (21799): #10     Element.inflateWidget (package:flutter/src/widgets/framework.dart:4587)
I/flutter (21799): #11     Element.updateChild (package:flutter/src/widgets/framework.dart:4059)
I/flutter (21799): #12     SingleChildRenderObjectElement.mount (package:flutter/src/widgets/framework.dart:7115)
I/flutter (21799): #13     Element.inflateWidget (package:flutter/src/widgets/framework.dart:4587)
I/flutter (21799): #14     Element.updateChild (package:flutter/src/widgets/framework.dart:4059)
I/flutter (21799): #15     SingleChildRenderObjectElement.mount (package:flutter/src/widgets/framework.dart:7115)
I/flutter (21799): #16     Element.inflateWidget (package:flutter/src/widgets/framework.dart:4587)
I/flutter (21799): #17     MultiChildRenderObjectElement.inflateWidget (package:flutter/src/widgets/framework.dart:7264)
I/flutter (21799): #18     MultiChildRenderObjectElement.mount (package:flutter/src/widgets/framework.dart:7279)
I/flutter (21799): #19     Element.inflateWidget (package:flutter/src/widgets/framework.dart:4587)
I/flutter (21799): #20     Element.updateChild (package:flutter/src/widgets/framework.dart:4053)
I/flutter (21799): #21     ComponentElement.performRebuild (package:flutter/src/widgets/framework.dart:5841)
I/flutter (21799): #22     StatefulElement.performRebuild (package:flutter/src/widgets/framework.dart:5982)
I/flutter (21799): #23     Element.rebuild (package:flutter/src/widgets/framework.dart:5529)
I/flutter (21799): #24     BuildScope._tryRebuild (package:flutter/src/widgets/framework.dart:2750)
I/flutter (21799): #25     BuildScope._flushDirtyElements (package:flutter/src/widgets/framework.dart:2807)
I/flutter (21799): #26     BuildOwner.buildScope (package:flutter/src/widgets/framework.dart:3111)
I/flutter (21799): #27     WidgetsBinding.drawFrame (package:flutter/src/widgets/binding.dart:1571)
I/flutter (21799): #28     RendererBinding._handlePersistentFrameCallback (package:flutter/src/rendering/binding.dart:509)
I/flutter (21799): #29     SchedulerBinding._invokeFrameCallback (package:flutter/src/scheduler/binding.dart:1430)
I/flutter (21799): #30     SchedulerBinding.handleDrawFrame (package:flutter/src/scheduler/binding.dart:1345)
I/flutter (21799): #31     LiveTestWidgetsFlutterBinding.handleDrawFrame (package:flutter_test/src/binding.dart:2811)
I/flutter (21799): #32     SchedulerBinding._handleDrawFrame (package:flutter/src/scheduler/binding.dart:1198)
I/flutter (21799): #36     _invoke (dart:ui/hooks.dart:425)
I/flutter (21799): #37     PlatformDispatcher._drawFrame (dart:ui/platform_dispatcher.dart:447)
I/flutter (21799): #38     _drawFrame (dart:ui/hooks.dart:395)
I/flutter (21799): (elided 3 frames from dart:async)
[spm]: ProfilerData event received.
I/flutter (21799): [SPM:perf] 698a51a  buildSpan: 7324µs
I/flutter (21799): [spm] Performance monitoring completed for 698a51a
I/flutter (21799): setState 698a51a
I/flutter (21799): type 'BoxParentData' is not a subtype of type 'StackParentData' in type cast
I/flutter (21799): #0      Positioned.applyParentData (package:flutter/src/widgets/basic.dart:5171)
I/flutter (21799): #1      RenderObjectElement._updateParentData (package:flutter/src/widgets/framework.dart:6901)
I/flutter (21799): #2      RenderObjectElement.attachRenderObject (package:flutter/src/widgets/framework.dart:6945)
I/flutter (21799): #3      RenderObjectElement.mount (package:flutter/src/widgets/framework.dart:6801)
I/flutter (21799): #4      SingleChildRenderObjectElement.mount (package:flutter/src/widgets/framework.dart:7114)
I/flutter (21799): #5      Element.inflateWidget (package:flutter/src/widgets/framework.dart:4587)
I/flutter (21799): #6      Element.updateChild (package:flutter/src/widgets/framework.dart:4059)
I/flutter (21799): #7      ComponentElement.performRebuild (package:flutter/src/widgets/framework.dart:5841)
I/flutter (21799): #8      Element.rebuild (package:flutter/src/widgets/framework.dart:5529)
I/flutter (21799): #9      ComponentElement._firstBuild (package:flutter/src/widgets/framework.dart:5799)
I/flutter (21799): #10     ComponentElement.mount (package:flutter/src/widgets/framework.dart:5793)
I/flutter (21799): #11     Element.inflateWidget (package:flutter/src/widgets/framework.dart:4587)
I/flutter (21799): #12     Element.updateChild (package:flutter/src/widgets/framework.dart:4059)
I/flutter (21799): #13     SingleChildRenderObjectElement.mount (package:flutter/src/widgets/framework.dart:7115)
I/flutter (21799): #14     Element.inflateWidget (package:flutter/src/widgets/framework.dart:4587)
I/flutter (21799): #15     Element.updateChild (package:flutter/src/widgets/framework.dart:4059)
I/flutter (21799): #16     SingleChildRenderObjectElement.mount (package:flutter/src/widgets/framework.dart:7115)
I/flutter (21799): #17     Element.inflateWidget (package:flutter/src/widgets/framework.dart:4587)
I/flutter (21799): #18     MultiChildRenderObjectElement.inflateWidget (package:flutter/src/widgets/framework.dart:7264)
I/flutter (21799): #19     MultiChildRenderObjectElement.mount (package:flutter/src/widgets/framework.dart:7279)
I/flutter (21799): #20     Element.inflateWidget (package:flutter/src/widgets/framework.dart:4587)
I/flutter (21799): #21     Element.updateChild (package:flutter/src/widgets/framework.dart:4053)
I/flutter (21799): #22     ComponentElement.performRebuild (package:flutter/src/widgets/framework.dart:5841)
I/flutter (21799): #23     StatefulElement.performRebuild (package:flutter/src/widgets/framework.dart:5982)
I/flutter (21799): #24     Element.rebuild (package:flutter/src/widgets/framework.dart:5529)
I/flutter (21799): #25     BuildScope._tryRebuild (package:flutter/src/widgets/framework.dart:2750)
I/flutter (21799): #26     BuildScope._flushDirtyElements (package:flutter/src/widgets/framework.dart:2807)
I/flutter (21799): #27     BuildOwner.buildScope (package:flutter/src/widgets/framework.dart:3111)
I/flutter (21799): #28     WidgetsBinding.drawFrame (package:flutter/src/widgets/binding.dart:1571)
I/flutter (21799): #29     RendererBinding._handlePersistentFrameCallback (package:flutter/src/rendering/binding.dart:509)
I/flutter (21799): #30     SchedulerBinding._invokeFrameCallback (package:flutter/src/scheduler/binding.dart:1430)
I/flutter (21799): #31     SchedulerBinding.handleDrawFrame (package:flutter/src/scheduler/binding.dart:1345)
I/flutter (21799): #32     LiveTestWidgetsFlutterBinding.handleDrawFrame (package:flutter_test/src/binding.dart:2811)
I/flutter (21799): #33     SchedulerBinding._handleDrawFrame (package:flutter/src/scheduler/binding.dart:1198)
I/flutter (21799): #37     _invoke (dart:ui/hooks.dart:425)
I/flutter (21799): #38     PlatformDispatcher._drawFrame (dart:ui/platform_dispatcher.dart:447)
I/flutter (21799): #39     _drawFrame (dart:ui/hooks.dart:395)
I/flutter (21799): (elided 3 frames from dart:async)
I/flutter (21799): type 'BoxParentData' is not a subtype of type 'StackParentData' in type cast
I/flutter (21799): #0      Positioned.applyParentData (package:flutter/src/widgets/basic.dart:5171)
I/flutter (21799): #1      RenderObjectElement._updateParentData (package:flutter/src/widgets/framework.dart:6901)
I/flutter (21799): #2      RenderObjectElement.attachRenderObject (package:flutter/src/widgets/framework.dart:6945)
I/flutter (21799): #3      RenderObjectElement.mount (package:flutter/src/widgets/framework.dart:6801)
I/flutter (21799): #4      Element.inflateWidget (package:flutter/src/widgets/framework.dart:4587)
I/flutter (21799): #5      Element.updateChild (package:flutter/src/widgets/framework.dart:4059)
I/flutter (21799): #6      ComponentElement.performRebuild (package:flutter/src/widgets/framework.dart:5858)
I/flutter (21799): #7      Element.rebuild (package:flutter/src/widgets/framework.dart:5529)
I/flutter (21799): #8      ComponentElement._firstBuild (package:flutter/src/widgets/framework.dart:5799)
I/flutter (21799): #9      ComponentElement.mount (package:flutter/src/widgets/framework.dart:5793)
I/flutter (21799): #10     Element.inflateWidget (package:flutter/src/widgets/framework.dart:4587)
I/flutter (21799): #11     Element.updateChild (package:flutter/src/widgets/framework.dart:4059)
I/flutter (21799): #12     SingleChildRenderObjectElement.mount (package:flutter/src/widgets/framework.dart:7115)
I/flutter (21799): #13     Element.inflateWidget (package:flutter/src/widgets/framework.dart:4587)
I/flutter (21799): #14     Element.updateChild (package:flutter/src/widgets/framework.dart:4059)
I/flutter (21799): #15     SingleChildRenderObjectElement.mount (package:flutter/src/widgets/framework.dart:7115)
I/flutter (21799): #16     Element.inflateWidget (package:flutter/src/widgets/framework.dart:4587)
I/flutter (21799): #17     MultiChildRenderObjectElement.inflateWidget (package:flutter/src/widgets/framework.dart:7264)
I/flutter (21799): #18     MultiChildRenderObjectElement.mount (package:flutter/src/widgets/framework.dart:7279)
I/flutter (21799): #19     Element.inflateWidget (package:flutter/src/widgets/framework.dart:4587)
I/flutter (21799): #20     Element.updateChild (package:flutter/src/widgets/framework.dart:4053)
I/flutter (21799): #21     ComponentElement.performRebuild (package:flutter/src/widgets/framework.dart:5841)
I/flutter (21799): #22     StatefulElement.performRebuild (package:flutter/src/widgets/framework.dart:5982)
I/flutter (21799): #23     Element.rebuild (package:flutter/src/widgets/framework.dart:5529)
I/flutter (21799): #24     BuildScope._tryRebuild (package:flutter/src/widgets/framework.dart:2750)
I/flutter (21799): #25     BuildScope._flushDirtyElements (package:flutter/src/widgets/framework.dart:2807)
I/flutter (21799): #26     BuildOwner.buildScope (package:flutter/src/widgets/framework.dart:3111)
I/flutter (21799): #27     WidgetsBinding.drawFrame (package:flutter/src/widgets/binding.dart:1571)
I/flutter (21799): #28     RendererBinding._handlePersistentFrameCallback (package:flutter/src/rendering/binding.dart:509)
I/flutter (21799): #29     SchedulerBinding._invokeFrameCallback (package:flutter/src/scheduler/binding.dart:1430)
I/flutter (21799): #30     SchedulerBinding.handleDrawFrame (package:flutter/src/scheduler/binding.dart:1345)
I/flutter (21799): #31     LiveTestWidgetsFlutterBinding.handleDrawFrame (package:flutter_test/src/binding.dart:2811)
I/flutter (21799): #32     SchedulerBinding._handleDrawFrame (package:flutter/src/scheduler/binding.dart:1198)
I/flutter (21799): #36     _invoke (dart:ui/hooks.dart:425)
I/flutter (21799): #37     PlatformDispatcher._drawFrame (dart:ui/platform_dispatcher.dart:447)
I/flutter (21799): #38     _drawFrame (dart:ui/hooks.dart:395)
I/flutter (21799): (elided 3 frames from dart:async)
I/flutter (21799): [SPM:perf] 698a51a  buildSpan: 7544µs
[spm]: ProfilerData event received.
I/flutter (21799): [spm] Performance monitoring completed for 698a51a
I/flutter (21799): setState 698a51a
I/flutter (21799): type 'BoxParentData' is not a subtype of type 'StackParentData' in type cast
I/flutter (21799): #0      Positioned.applyParentData (package:flutter/src/widgets/basic.dart:5171)
I/flutter (21799): #1      RenderObjectElement._updateParentData (package:flutter/src/widgets/framework.dart:6901)
I/flutter (21799): #2      RenderObjectElement.attachRenderObject (package:flutter/src/widgets/framework.dart:6945)
I/flutter (21799): #3      RenderObjectElement.mount (package:flutter/src/widgets/framework.dart:6801)
I/flutter (21799): #4      SingleChildRenderObjectElement.mount (package:flutter/src/widgets/framework.dart:7114)
I/flutter (21799): #5      Element.inflateWidget (package:flutter/src/widgets/framework.dart:4587)
I/flutter (21799): #6      Element.updateChild (package:flutter/src/widgets/framework.dart:4059)
I/flutter (21799): #7      ComponentElement.performRebuild (package:flutter/src/widgets/framework.dart:5841)
I/flutter (21799): #8      Element.rebuild (package:flutter/src/widgets/framework.dart:5529)
I/flutter (21799): #9      ComponentElement._firstBuild (package:flutter/src/widgets/framework.dart:5799)
I/flutter (21799): #10     ComponentElement.mount (package:flutter/src/widgets/framework.dart:5793)
I/flutter (21799): #11     Element.inflateWidget (package:flutter/src/widgets/framework.dart:4587)
I/flutter (21799): #12     Element.updateChild (package:flutter/src/widgets/framework.dart:4059)
I/flutter (21799): #13     SingleChildRenderObjectElement.mount (package:flutter/src/widgets/framework.dart:7115)
I/flutter (21799): #14     Element.inflateWidget (package:flutter/src/widgets/framework.dart:4587)
I/flutter (21799): #15     Element.updateChild (package:flutter/src/widgets/framework.dart:4059)
I/flutter (21799): #16     SingleChildRenderObjectElement.mount (package:flutter/src/widgets/framework.dart:7115)
I/flutter (21799): #17     Element.inflateWidget (package:flutter/src/widgets/framework.dart:4587)
I/flutter (21799): #18     MultiChildRenderObjectElement.inflateWidget (package:flutter/src/widgets/framework.dart:7264)
I/flutter (21799): #19     MultiChildRenderObjectElement.mount (package:flutter/src/widgets/framework.dart:7279)
I/flutter (21799): #20     Element.inflateWidget (package:flutter/src/widgets/framework.dart:4587)
I/flutter (21799): #21     Element.updateChild (package:flutter/src/widgets/framework.dart:4053)
I/flutter (21799): #22     ComponentElement.performRebuild (package:flutter/src/widgets/framework.dart:5841)
I/flutter (21799): #23     StatefulElement.performRebuild (package:flutter/src/widgets/framework.dart:5982)
I/flutter (21799): #24     Element.rebuild (package:flutter/src/widgets/framework.dart:5529)
I/flutter (21799): #25     BuildScope._tryRebuild (package:flutter/src/widgets/framework.dart:2750)
I/flutter (21799): #26     BuildScope._flushDirtyElements (package:flutter/src/widgets/framework.dart:2807)
I/flutter (21799): #27     BuildOwner.buildScope (package:flutter/src/widgets/framework.dart:3111)
I/flutter (21799): #28     WidgetsBinding.drawFrame (package:flutter/src/widgets/binding.dart:1571)
I/flutter (21799): #29     RendererBinding._handlePersistentFrameCallback (package:flutter/src/rendering/binding.dart:509)
I/flutter (21799): #30     SchedulerBinding._invokeFrameCallback (package:flutter/src/scheduler/binding.dart:1430)
I/flutter (21799): #31     SchedulerBinding.handleDrawFrame (package:flutter/src/scheduler/binding.dart:1345)
I/flutter (21799): #32     LiveTestWidgetsFlutterBinding.handleDrawFrame (package:flutter_test/src/binding.dart:2811)
I/flutter (21799): #33     SchedulerBinding._handleDrawFrame (package:flutter/src/scheduler/binding.dart:1198)
I/flutter (21799): #37     _invoke (dart:ui/hooks.dart:425)
I/flutter (21799): #38     PlatformDispatcher._drawFrame (dart:ui/platform_dispatcher.dart:447)
I/flutter (21799): #39     _drawFrame (dart:ui/hooks.dart:395)
I/flutter (21799): (elided 3 frames from dart:async)
I/flutter (21799): type 'BoxParentData' is not a subtype of type 'StackParentData' in type cast
I/flutter (21799): #0      Positioned.applyParentData (package:flutter/src/widgets/basic.dart:5171)
I/flutter (21799): #1      RenderObjectElement._updateParentData (package:flutter/src/widgets/framework.dart:6901)
I/flutter (21799): #2      RenderObjectElement.attachRenderObject (package:flutter/src/widgets/framework.dart:6945)
I/flutter (21799): #3      RenderObjectElement.mount (package:flutter/src/widgets/framework.dart:6801)
I/flutter (21799): #4      Element.inflateWidget (package:flutter/src/widgets/framework.dart:4587)
I/flutter (21799): #5      Element.updateChild (package:flutter/src/widgets/framework.dart:4059)
I/flutter (21799): #6      ComponentElement.performRebuild (package:flutter/src/widgets/framework.dart:5858)
I/flutter (21799): #7      Element.rebuild (package:flutter/src/widgets/framework.dart:5529)
I/flutter (21799): #8      ComponentElement._firstBuild (package:flutter/src/widgets/framework.dart:5799)
I/flutter (21799): #9      ComponentElement.mount (package:flutter/src/widgets/framework.dart:5793)
I/flutter (21799): #10     Element.inflateWidget (package:flutter/src/widgets/framework.dart:4587)
I/flutter (21799): #11     Element.updateChild (package:flutter/src/widgets/framework.dart:4059)
I/flutter (21799): #12     SingleChildRenderObjectElement.mount (package:flutter/src/widgets/framework.dart:7115)
I/flutter (21799): #13     Element.inflateWidget (package:flutter/src/widgets/framework.dart:4587)
I/flutter (21799): #14     Element.updateChild (package:flutter/src/widgets/framework.dart:4059)
I/flutter (21799): #15     SingleChildRenderObjectElement.mount (package:flutter/src/widgets/framework.dart:7115)
I/flutter (21799): #16     Element.inflateWidget (package:flutter/src/widgets/framework.dart:4587)
I/flutter (21799): #17     MultiChildRenderObjectElement.inflateWidget (package:flutter/src/widgets/framework.dart:7264)
I/flutter (21799): #18     MultiChildRenderObjectElement.mount (package:flutter/src/widgets/framework.dart:7279)
I/flutter (21799): #19     Element.inflateWidget (package:flutter/src/widgets/framework.dart:4587)
I/flutter (21799): #20     Element.updateChild (package:flutter/src/widgets/framework.dart:4053)
I/flutter (21799): #21     ComponentElement.performRebuild (package:flutter/src/widgets/framework.dart:5841)
I/flutter (21799): #22     StatefulElement.performRebuild (package:flutter/src/widgets/framework.dart:5982)
I/flutter (21799): #23     Element.rebuild (package:flutter/src/widgets/framework.dart:5529)
I/flutter (21799): #24     BuildScope._tryRebuild (package:flutter/src/widgets/framework.dart:2750)
I/flutter (21799): #25     BuildScope._flushDirtyElements (package:flutter/src/widgets/framework.dart:2807)
I/flutter (21799): #26     BuildOwner.buildScope (package:flutter/src/widgets/framework.dart:3111)
I/flutter (21799): #27     WidgetsBinding.drawFrame (package:flutter/src/widgets/binding.dart:1571)
I/flutter (21799): #28     RendererBinding._handlePersistentFrameCallback (package:flutter/src/rendering/binding.dart:509)
I/flutter (21799): #29     SchedulerBinding._invokeFrameCallback (package:flutter/src/scheduler/binding.dart:1430)
I/flutter (21799): #30     SchedulerBinding.handleDrawFrame (package:flutter/src/scheduler/binding.dart:1345)
I/flutter (21799): #31     LiveTestWidgetsFlutterBinding.handleDrawFrame (package:flutter_test/src/binding.dart:2811)
I/flutter (21799): #32     SchedulerBinding._handleDrawFrame (package:flutter/src/scheduler/binding.dart:1198)
I/flutter (21799): #36     _invoke (dart:ui/hooks.dart:425)
I/flutter (21799): #37     PlatformDispatcher._drawFrame (dart:ui/platform_dispatcher.dart:447)
I/flutter (21799): #38     _drawFrame (dart:ui/hooks.dart:395)
I/flutter (21799): (elided 3 frames from dart:async)
[spm]: ProfilerData event received.
I/flutter (21799): [SPM:perf] 698a51a  buildSpan: 7235µs
I/flutter (21799): [spm] Performance monitoring completed for 698a51a
I/flutter (21799): setState 698a51a
I/flutter (21799): type 'BoxParentData' is not a subtype of type 'StackParentData' in type cast
I/flutter (21799): #0      Positioned.applyParentData (package:flutter/src/widgets/basic.dart:5171)
I/flutter (21799): #1      RenderObjectElement._updateParentData (package:flutter/src/widgets/framework.dart:6901)
I/flutter (21799): #2      RenderObjectElement.attachRenderObject (package:flutter/src/widgets/framework.dart:6945)
I/flutter (21799): #3      RenderObjectElement.mount (package:flutter/src/widgets/framework.dart:6801)
I/flutter (21799): #4      SingleChildRenderObjectElement.mount (package:flutter/src/widgets/framework.dart:7114)
I/flutter (21799): #5      Element.inflateWidget (package:flutter/src/widgets/framework.dart:4587)
I/flutter (21799): #6      Element.updateChild (package:flutter/src/widgets/framework.dart:4059)
I/flutter (21799): #7      ComponentElement.performRebuild (package:flutter/src/widgets/framework.dart:5841)
I/flutter (21799): #8      Element.rebuild (package:flutter/src/widgets/framework.dart:5529)
I/flutter (21799): #9      ComponentElement._firstBuild (package:flutter/src/widgets/framework.dart:5799)
I/flutter (21799): #10     ComponentElement.mount (package:flutter/src/widgets/framework.dart:5793)
I/flutter (21799): #11     Element.inflateWidget (package:flutter/src/widgets/framework.dart:4587)
I/flutter (21799): #12     Element.updateChild (package:flutter/src/widgets/framework.dart:4059)
I/flutter (21799): #13     SingleChildRenderObjectElement.mount (package:flutter/src/widgets/framework.dart:7115)
I/flutter (21799): #14     Element.inflateWidget (package:flutter/src/widgets/framework.dart:4587)
I/flutter (21799): #15     Element.updateChild (package:flutter/src/widgets/framework.dart:4059)
I/flutter (21799): #16     SingleChildRenderObjectElement.mount (package:flutter/src/widgets/framework.dart:7115)
I/flutter (21799): #17     Element.inflateWidget (package:flutter/src/widgets/framework.dart:4587)
I/flutter (21799): #18     MultiChildRenderObjectElement.inflateWidget (package:flutter/src/widgets/framework.dart:7264)
I/flutter (21799): #19     MultiChildRenderObjectElement.mount (package:flutter/src/widgets/framework.dart:7279)
I/flutter (21799): #20     Element.inflateWidget (package:flutter/src/widgets/framework.dart:4587)
I/flutter (21799): #21     Element.updateChild (package:flutter/src/widgets/framework.dart:4053)
I/flutter (21799): #22     ComponentElement.performRebuild (package:flutter/src/widgets/framework.dart:5841)
I/flutter (21799): #23     StatefulElement.performRebuild (package:flutter/src/widgets/framework.dart:5982)
I/flutter (21799): #24     Element.rebuild (package:flutter/src/widgets/framework.dart:5529)
I/flutter (21799): #25     BuildScope._tryRebuild (package:flutter/src/widgets/framework.dart:2750)
I/flutter (21799): #26     BuildScope._flushDirtyElements (package:flutter/src/widgets/framework.dart:2807)
I/flutter (21799): #27     BuildOwner.buildScope (package:flutter/src/widgets/framework.dart:3111)
I/flutter (21799): #28     WidgetsBinding.drawFrame (package:flutter/src/widgets/binding.dart:1571)
I/flutter (21799): #29     RendererBinding._handlePersistentFrameCallback (package:flutter/src/rendering/binding.dart:509)
I/flutter (21799): #30     SchedulerBinding._invokeFrameCallback (package:flutter/src/scheduler/binding.dart:1430)
I/flutter (21799): #31     SchedulerBinding.handleDrawFrame (package:flutter/src/scheduler/binding.dart:1345)
I/flutter (21799): #32     LiveTestWidgetsFlutterBinding.handleDrawFrame (package:flutter_test/src/binding.dart:2811)
I/flutter (21799): #33     SchedulerBinding._handleDrawFrame (package:flutter/src/scheduler/binding.dart:1198)
I/flutter (21799): #37     _invoke (dart:ui/hooks.dart:425)
I/flutter (21799): #38     PlatformDispatcher._drawFrame (dart:ui/platform_dispatcher.dart:447)
I/flutter (21799): #39     _drawFrame (dart:ui/hooks.dart:395)
I/flutter (21799): (elided 3 frames from dart:async)
I/flutter (21799): type 'BoxParentData' is not a subtype of type 'StackParentData' in type cast
I/flutter (21799): #0      Positioned.applyParentData (package:flutter/src/widgets/basic.dart:5171)
I/flutter (21799): #1      RenderObjectElement._updateParentData (package:flutter/src/widgets/framework.dart:6901)
I/flutter (21799): #2      RenderObjectElement.attachRenderObject (package:flutter/src/widgets/framework.dart:6945)
I/flutter (21799): #3      RenderObjectElement.mount (package:flutter/src/widgets/framework.dart:6801)
I/flutter (21799): #4      Element.inflateWidget (package:flutter/src/widgets/framework.dart:4587)
I/flutter (21799): #5      Element.updateChild (package:flutter/src/widgets/framework.dart:4059)
I/flutter (21799): #6      ComponentElement.performRebuild (package:flutter/src/widgets/framework.dart:5858)
I/flutter (21799): #7      Element.rebuild (package:flutter/src/widgets/framework.dart:5529)
I/flutter (21799): #8      ComponentElement._firstBuild (package:flutter/src/widgets/framework.dart:5799)
I/flutter (21799): #9      ComponentElement.mount (package:flutter/src/widgets/framework.dart:5793)
I/flutter (21799): #10     Element.inflateWidget (package:flutter/src/widgets/framework.dart:4587)
I/flutter (21799): #11     Element.updateChild (package:flutter/src/widgets/framework.dart:4059)
I/flutter (21799): #12     SingleChildRenderObjectElement.mount (package:flutter/src/widgets/framework.dart:7115)
I/flutter (21799): #13     Element.inflateWidget (package:flutter/src/widgets/framework.dart:4587)
I/flutter (21799): #14     Element.updateChild (package:flutter/src/widgets/framework.dart:4059)
I/flutter (21799): #15     SingleChildRenderObjectElement.mount (package:flutter/src/widgets/framework.dart:7115)
I/flutter (21799): #16     Element.inflateWidget (package:flutter/src/widgets/framework.dart:4587)
I/flutter (21799): #17     MultiChildRenderObjectElement.inflateWidget (package:flutter/src/widgets/framework.dart:7264)
I/flutter (21799): #18     MultiChildRenderObjectElement.mount (package:flutter/src/widgets/framework.dart:7279)
I/flutter (21799): #19     Element.inflateWidget (package:flutter/src/widgets/framework.dart:4587)
I/flutter (21799): #20     Element.updateChild (package:flutter/src/widgets/framework.dart:4053)
I/flutter (21799): #21     ComponentElement.performRebuild (package:flutter/src/widgets/framework.dart:5841)
I/flutter (21799): #22     StatefulElement.performRebuild (package:flutter/src/widgets/framework.dart:5982)
I/flutter (21799): #23     Element.rebuild (package:flutter/src/widgets/framework.dart:5529)
I/flutter (21799): #24     BuildScope._tryRebuild (package:flutter/src/widgets/framework.dart:2750)
I/flutter (21799): #25     BuildScope._flushDirtyElements (package:flutter/src/widgets/framework.dart:2807)
I/flutter (21799): #26     BuildOwner.buildScope (package:flutter/src/widgets/framework.dart:3111)
I/flutter (21799): #27     WidgetsBinding.drawFrame (package:flutter/src/widgets/binding.dart:1571)
I/flutter (21799): #28     RendererBinding._handlePersistentFrameCallback (package:flutter/src/rendering/binding.dart:509)
I/flutter (21799): #29     SchedulerBinding._invokeFrameCallback (package:flutter/src/scheduler/binding.dart:1430)
I/flutter (21799): #30     SchedulerBinding.handleDrawFrame (package:flutter/src/scheduler/binding.dart:1345)
I/flutter (21799): #31     LiveTestWidgetsFlutterBinding.handleDrawFrame (package:flutter_test/src/binding.dart:2811)
I/flutter (21799): #32     SchedulerBinding._handleDrawFrame (package:flutter/src/scheduler/binding.dart:1198)
I/flutter (21799): #36     _invoke (dart:ui/hooks.dart:425)
I/flutter (21799): #37     PlatformDispatcher._drawFrame (dart:ui/platform_dispatcher.dart:447)
I/flutter (21799): #38     _drawFrame (dart:ui/hooks.dart:395)
I/flutter (21799): (elided 3 frames from dart:async)
[spm]: ProfilerData event received.
I/flutter (21799): [SPM:perf] 698a51a  buildSpan: 7582µs
I/flutter (21799): [spm] Performance monitoring completed for 698a51a
I/flutter (21799): setState 698a51a
I/flutter (21799): type 'BoxParentData' is not a subtype of type 'StackParentData' in type cast
I/flutter (21799): #0      Positioned.applyParentData (package:flutter/src/widgets/basic.dart:5171)
I/flutter (21799): #1      RenderObjectElement._updateParentData (package:flutter/src/widgets/framework.dart:6901)
I/flutter (21799): #2      RenderObjectElement.attachRenderObject (package:flutter/src/widgets/framework.dart:6945)
I/flutter (21799): #3      RenderObjectElement.mount (package:flutter/src/widgets/framework.dart:6801)
I/flutter (21799): #4      SingleChildRenderObjectElement.mount (package:flutter/src/widgets/framework.dart:7114)
I/flutter (21799): #5      Element.inflateWidget (package:flutter/src/widgets/framework.dart:4587)
I/flutter (21799): #6      Element.updateChild (package:flutter/src/widgets/framework.dart:4059)
I/flutter (21799): #7      ComponentElement.performRebuild (package:flutter/src/widgets/framework.dart:5841)
I/flutter (21799): #8      Element.rebuild (package:flutter/src/widgets/framework.dart:5529)
I/flutter (21799): #9      ComponentElement._firstBuild (package:flutter/src/widgets/framework.dart:5799)
I/flutter (21799): #10     ComponentElement.mount (package:flutter/src/widgets/framework.dart:5793)
I/flutter (21799): #11     Element.inflateWidget (package:flutter/src/widgets/framework.dart:4587)
I/flutter (21799): #12     Element.updateChild (package:flutter/src/widgets/framework.dart:4059)
I/flutter (21799): #13     SingleChildRenderObjectElement.mount (package:flutter/src/widgets/framework.dart:7115)
I/flutter (21799): #14     Element.inflateWidget (package:flutter/src/widgets/framework.dart:4587)
I/flutter (21799): #15     Element.updateChild (package:flutter/src/widgets/framework.dart:4059)
I/flutter (21799): #16     SingleChildRenderObjectElement.mount (package:flutter/src/widgets/framework.dart:7115)
I/flutter (21799): #17     Element.inflateWidget (package:flutter/src/widgets/framework.dart:4587)
I/flutter (21799): #18     MultiChildRenderObjectElement.inflateWidget (package:flutter/src/widgets/framework.dart:7264)
I/flutter (21799): #19     MultiChildRenderObjectElement.mount (package:flutter/src/widgets/framework.dart:7279)
I/flutter (21799): #20     Element.inflateWidget (package:flutter/src/widgets/framework.dart:4587)
I/flutter (21799): #21     Element.updateChild (package:flutter/src/widgets/framework.dart:4053)
I/flutter (21799): #22     ComponentElement.performRebuild (package:flutter/src/widgets/framework.dart:5841)
I/flutter (21799): #23     StatefulElement.performRebuild (package:flutter/src/widgets/framework.dart:5982)
I/flutter (21799): #24     Element.rebuild (package:flutter/src/widgets/framework.dart:5529)
I/flutter (21799): #25     BuildScope._tryRebuild (package:flutter/src/widgets/framework.dart:2750)
I/flutter (21799): #26     BuildScope._flushDirtyElements (package:flutter/src/widgets/framework.dart:2807)
I/flutter (21799): #27     BuildOwner.buildScope (package:flutter/src/widgets/framework.dart:3111)
I/flutter (21799): #28     WidgetsBinding.drawFrame (package:flutter/src/widgets/binding.dart:1571)
I/flutter (21799): #29     RendererBinding._handlePersistentFrameCallback (package:flutter/src/rendering/binding.dart:509)
I/flutter (21799): #30     SchedulerBinding._invokeFrameCallback (package:flutter/src/scheduler/binding.dart:1430)
I/flutter (21799): #31     SchedulerBinding.handleDrawFrame (package:flutter/src/scheduler/binding.dart:1345)
I/flutter (21799): #32     LiveTestWidgetsFlutterBinding.handleDrawFrame (package:flutter_test/src/binding.dart:2811)
I/flutter (21799): #33     SchedulerBinding._handleDrawFrame (package:flutter/src/scheduler/binding.dart:1198)
I/flutter (21799): #37     _invoke (dart:ui/hooks.dart:425)
I/flutter (21799): #38     PlatformDispatcher._drawFrame (dart:ui/platform_dispatcher.dart:447)
I/flutter (21799): #39     _drawFrame (dart:ui/hooks.dart:395)
I/flutter (21799): (elided 3 frames from dart:async)
I/flutter (21799): type 'BoxParentData' is not a subtype of type 'StackParentData' in type cast
I/flutter (21799): #0      Positioned.applyParentData (package:flutter/src/widgets/basic.dart:5171)
I/flutter (21799): #1      RenderObjectElement._updateParentData (package:flutter/src/widgets/framework.dart:6901)
I/flutter (21799): #2      RenderObjectElement.attachRenderObject (package:flutter/src/widgets/framework.dart:6945)
I/flutter (21799): #3      RenderObjectElement.mount (package:flutter/src/widgets/framework.dart:6801)
I/flutter (21799): #4      Element.inflateWidget (package:flutter/src/widgets/framework.dart:4587)
I/flutter (21799): #5      Element.updateChild (package:flutter/src/widgets/framework.dart:4059)
I/flutter (21799): #6      ComponentElement.performRebuild (package:flutter/src/widgets/framework.dart:5858)
I/flutter (21799): #7      Element.rebuild (package:flutter/src/widgets/framework.dart:5529)
I/flutter (21799): #8      ComponentElement._firstBuild (package:flutter/src/widgets/framework.dart:5799)
I/flutter (21799): #9      ComponentElement.mount (package:flutter/src/widgets/framework.dart:5793)
I/flutter (21799): #10     Element.inflateWidget (package:flutter/src/widgets/framework.dart:4587)
I/flutter (21799): #11     Element.updateChild (package:flutter/src/widgets/framework.dart:4059)
I/flutter (21799): #12     SingleChildRenderObjectElement.mount (package:flutter/src/widgets/framework.dart:7115)
I/flutter (21799): #13     Element.inflateWidget (package:flutter/src/widgets/framework.dart:4587)
I/flutter (21799): #14     Element.updateChild (package:flutter/src/widgets/framework.dart:4059)
I/flutter (21799): #15     SingleChildRenderObjectElement.mount (package:flutter/src/widgets/framework.dart:7115)
I/flutter (21799): #16     Element.inflateWidget (package:flutter/src/widgets/framework.dart:4587)
I/flutter (21799): #17     MultiChildRenderObjectElement.inflateWidget (package:flutter/src/widgets/framework.dart:7264)
I/flutter (21799): #18     MultiChildRenderObjectElement.mount (package:flutter/src/widgets/framework.dart:7279)
I/flutter (21799): #19     Element.inflateWidget (package:flutter/src/widgets/framework.dart:4587)
I/flutter (21799): #20     Element.updateChild (package:flutter/src/widgets/framework.dart:4053)
I/flutter (21799): #21     ComponentElement.performRebuild (package:flutter/src/widgets/framework.dart:5841)
I/flutter (21799): #22     StatefulElement.performRebuild (package:flutter/src/widgets/framework.dart:5982)
I/flutter (21799): #23     Element.rebuild (package:flutter/src/widgets/framework.dart:5529)
I/flutter (21799): #24     BuildScope._tryRebuild (package:flutter/src/widgets/framework.dart:2750)
I/flutter (21799): #25     BuildScope._flushDirtyElements (package:flutter/src/widgets/framework.dart:2807)
I/flutter (21799): #26     BuildOwner.buildScope (package:flutter/src/widgets/framework.dart:3111)
I/flutter (21799): #27     WidgetsBinding.drawFrame (package:flutter/src/widgets/binding.dart:1571)
I/flutter (21799): #28     RendererBinding._handlePersistentFrameCallback (package:flutter/src/rendering/binding.dart:509)
I/flutter (21799): #29     SchedulerBinding._invokeFrameCallback (package:flutter/src/scheduler/binding.dart:1430)
I/flutter (21799): #30     SchedulerBinding.handleDrawFrame (package:flutter/src/scheduler/binding.dart:1345)
I/flutter (21799): #31     LiveTestWidgetsFlutterBinding.handleDrawFrame (package:flutter_test/src/binding.dart:2811)
I/flutter (21799): #32     SchedulerBinding._handleDrawFrame (package:flutter/src/scheduler/binding.dart:1198)
I/flutter (21799): #36     _invoke (dart:ui/hooks.dart:425)
I/flutter (21799): #37     PlatformDispatcher._drawFrame (dart:ui/platform_dispatcher.dart:447)
I/flutter (21799): #38     _drawFrame (dart:ui/hooks.dart:395)
I/flutter (21799): (elided 3 frames from dart:async)
I/flutter (21799): [SPM:perf] 698a51a  buildSpan: 7341µs
[spm]: ProfilerData event received.
I/flutter (21799): [spm] Performance monitoring completed for 698a51a
I/flutter (21799): setState 698a51a
I/flutter (21799): type 'BoxParentData' is not a subtype of type 'StackParentData' in type cast
I/flutter (21799): #0      Positioned.applyParentData (package:flutter/src/widgets/basic.dart:5171)
I/flutter (21799): #1      RenderObjectElement._updateParentData (package:flutter/src/widgets/framework.dart:6901)
I/flutter (21799): #2      RenderObjectElement.attachRenderObject (package:flutter/src/widgets/framework.dart:6945)
I/flutter (21799): #3      RenderObjectElement.mount (package:flutter/src/widgets/framework.dart:6801)
I/flutter (21799): #4      SingleChildRenderObjectElement.mount (package:flutter/src/widgets/framework.dart:7114)
I/flutter (21799): #5      Element.inflateWidget (package:flutter/src/widgets/framework.dart:4587)
I/flutter (21799): #6      Element.updateChild (package:flutter/src/widgets/framework.dart:4059)
I/flutter (21799): #7      ComponentElement.performRebuild (package:flutter/src/widgets/framework.dart:5841)
I/flutter (21799): #8      Element.rebuild (package:flutter/src/widgets/framework.dart:5529)
I/flutter (21799): #9      ComponentElement._firstBuild (package:flutter/src/widgets/framework.dart:5799)
I/flutter (21799): #10     ComponentElement.mount (package:flutter/src/widgets/framework.dart:5793)
I/flutter (21799): #11     Element.inflateWidget (package:flutter/src/widgets/framework.dart:4587)
I/flutter (21799): #12     Element.updateChild (package:flutter/src/widgets/framework.dart:4059)
I/flutter (21799): #13     SingleChildRenderObjectElement.mount (package:flutter/src/widgets/framework.dart:7115)
I/flutter (21799): #14     Element.inflateWidget (package:flutter/src/widgets/framework.dart:4587)
I/flutter (21799): #15     Element.updateChild (package:flutter/src/widgets/framework.dart:4059)
I/flutter (21799): #16     SingleChildRenderObjectElement.mount (package:flutter/src/widgets/framework.dart:7115)
I/flutter (21799): #17     Element.inflateWidget (package:flutter/src/widgets/framework.dart:4587)
I/flutter (21799): #18     MultiChildRenderObjectElement.inflateWidget (package:flutter/src/widgets/framework.dart:7264)
I/flutter (21799): #19     MultiChildRenderObjectElement.mount (package:flutter/src/widgets/framework.dart:7279)
I/flutter (21799): #20     Element.inflateWidget (package:flutter/src/widgets/framework.dart:4587)
I/flutter (21799): #21     Element.updateChild (package:flutter/src/widgets/framework.dart:4053)
I/flutter (21799): #22     ComponentElement.performRebuild (package:flutter/src/widgets/framework.dart:5841)
I/flutter (21799): #23     StatefulElement.performRebuild (package:flutter/src/widgets/framework.dart:5982)
I/flutter (21799): #24     Element.rebuild (package:flutter/src/widgets/framework.dart:5529)
I/flutter (21799): #25     BuildScope._tryRebuild (package:flutter/src/widgets/framework.dart:2750)
I/flutter (21799): #26     BuildScope._flushDirtyElements (package:flutter/src/widgets/framework.dart:2807)
I/flutter (21799): #27     BuildOwner.buildScope (package:flutter/src/widgets/framework.dart:3111)
I/flutter (21799): #28     WidgetsBinding.drawFrame (package:flutter/src/widgets/binding.dart:1571)
I/flutter (21799): #29     RendererBinding._handlePersistentFrameCallback (package:flutter/src/rendering/binding.dart:509)
I/flutter (21799): #30     SchedulerBinding._invokeFrameCallback (package:flutter/src/scheduler/binding.dart:1430)
I/flutter (21799): #31     SchedulerBinding.handleDrawFrame (package:flutter/src/scheduler/binding.dart:1345)
I/flutter (21799): #32     LiveTestWidgetsFlutterBinding.handleDrawFrame (package:flutter_test/src/binding.dart:2811)
I/flutter (21799): #33     SchedulerBinding._handleDrawFrame (package:flutter/src/scheduler/binding.dart:1198)
I/flutter (21799): #37     _invoke (dart:ui/hooks.dart:425)
I/flutter (21799): #38     PlatformDispatcher._drawFrame (dart:ui/platform_dispatcher.dart:447)
I/flutter (21799): #39     _drawFrame (dart:ui/hooks.dart:395)
I/flutter (21799): (elided 3 frames from dart:async)
I/flutter (21799): type 'BoxParentData' is not a subtype of type 'StackParentData' in type cast
I/flutter (21799): #0      Positioned.applyParentData (package:flutter/src/widgets/basic.dart:5171)
I/flutter (21799): #1      RenderObjectElement._updateParentData (package:flutter/src/widgets/framework.dart:6901)
I/flutter (21799): #2      RenderObjectElement.attachRenderObject (package:flutter/src/widgets/framework.dart:6945)
I/flutter (21799): #3      RenderObjectElement.mount (package:flutter/src/widgets/framework.dart:6801)
I/flutter (21799): #4      Element.inflateWidget (package:flutter/src/widgets/framework.dart:4587)
I/flutter (21799): #5      Element.updateChild (package:flutter/src/widgets/framework.dart:4059)
I/flutter (21799): #6      ComponentElement.performRebuild (package:flutter/src/widgets/framework.dart:5858)
I/flutter (21799): #7      Element.rebuild (package:flutter/src/widgets/framework.dart:5529)
I/flutter (21799): #8      ComponentElement._firstBuild (package:flutter/src/widgets/framework.dart:5799)
I/flutter (21799): #9      ComponentElement.mount (package:flutter/src/widgets/framework.dart:5793)
I/flutter (21799): #10     Element.inflateWidget (package:flutter/src/widgets/framework.dart:4587)
I/flutter (21799): #11     Element.updateChild (package:flutter/src/widgets/framework.dart:4059)
I/flutter (21799): #12     SingleChildRenderObjectElement.mount (package:flutter/src/widgets/framework.dart:7115)
I/flutter (21799): #13     Element.inflateWidget (package:flutter/src/widgets/framework.dart:4587)
I/flutter (21799): #14     Element.updateChild (package:flutter/src/widgets/framework.dart:4059)
I/flutter (21799): #15     SingleChildRenderObjectElement.mount (package:flutter/src/widgets/framework.dart:7115)
I/flutter (21799): #16     Element.inflateWidget (package:flutter/src/widgets/framework.dart:4587)
I/flutter (21799): #17     MultiChildRenderObjectElement.inflateWidget (package:flutter/src/widgets/framework.dart:7264)
I/flutter (21799): #18     MultiChildRenderObjectElement.mount (package:flutter/src/widgets/framework.dart:7279)
I/flutter (21799): #19     Element.inflateWidget (package:flutter/src/widgets/framework.dart:4587)
I/flutter (21799): #20     Element.updateChild (package:flutter/src/widgets/framework.dart:4053)
I/flutter (21799): #21     ComponentElement.performRebuild (package:flutter/src/widgets/framework.dart:5841)
I/flutter (21799): #22     StatefulElement.performRebuild (package:flutter/src/widgets/framework.dart:5982)
I/flutter (21799): #23     Element.rebuild (package:flutter/src/widgets/framework.dart:5529)
I/flutter (21799): #24     BuildScope._tryRebuild (package:flutter/src/widgets/framework.dart:2750)
I/flutter (21799): #25     BuildScope._flushDirtyElements (package:flutter/src/widgets/framework.dart:2807)
I/flutter (21799): #26     BuildOwner.buildScope (package:flutter/src/widgets/framework.dart:3111)
I/flutter (21799): #27     WidgetsBinding.drawFrame (package:flutter/src/widgets/binding.dart:1571)
I/flutter (21799): #28     RendererBinding._handlePersistentFrameCallback (package:flutter/src/rendering/binding.dart:509)
I/flutter (21799): #29     SchedulerBinding._invokeFrameCallback (package:flutter/src/scheduler/binding.dart:1430)
I/flutter (21799): #30     SchedulerBinding.handleDrawFrame (package:flutter/src/scheduler/binding.dart:1345)
I/flutter (21799): #31     LiveTestWidgetsFlutterBinding.handleDrawFrame (package:flutter_test/src/binding.dart:2811)
I/flutter (21799): #32     SchedulerBinding._handleDrawFrame (package:flutter/src/scheduler/binding.dart:1198)
I/flutter (21799): #36     _invoke (dart:ui/hooks.dart:425)
I/flutter (21799): #37     PlatformDispatcher._drawFrame (dart:ui/platform_dispatcher.dart:447)
I/flutter (21799): #38     _drawFrame (dart:ui/hooks.dart:395)
I/flutter (21799): (elided 3 frames from dart:async)
I/flutter (21799): [SPM:perf] 698a51a  buildSpan: 7185µs
I/flutter (21799): [spm] Performance monitoring completed for 698a51a
I/flutter (21799): setState 698a51a
[spm]: ProfilerData event received.
I/flutter (21799): type 'BoxParentData' is not a subtype of type 'StackParentData' in type cast
I/flutter (21799): #0      Positioned.applyParentData (package:flutter/src/widgets/basic.dart:5171)
I/flutter (21799): #1      RenderObjectElement._updateParentData (package:flutter/src/widgets/framework.dart:6901)
I/flutter (21799): #2      RenderObjectElement.attachRenderObject (package:flutter/src/widgets/framework.dart:6945)
I/flutter (21799): #3      RenderObjectElement.mount (package:flutter/src/widgets/framework.dart:6801)
I/flutter (21799): #4      SingleChildRenderObjectElement.mount (package:flutter/src/widgets/framework.dart:7114)
I/flutter (21799): #5      Element.inflateWidget (package:flutter/src/widgets/framework.dart:4587)
I/flutter (21799): #6      Element.updateChild (package:flutter/src/widgets/framework.dart:4059)
I/flutter (21799): #7      ComponentElement.performRebuild (package:flutter/src/widgets/framework.dart:5841)
I/flutter (21799): #8      Element.rebuild (package:flutter/src/widgets/framework.dart:5529)
I/flutter (21799): #9      ComponentElement._firstBuild (package:flutter/src/widgets/framework.dart:5799)
I/flutter (21799): #10     ComponentElement.mount (package:flutter/src/widgets/framework.dart:5793)
I/flutter (21799): #11     Element.inflateWidget (package:flutter/src/widgets/framework.dart:4587)
I/flutter (21799): #12     Element.updateChild (package:flutter/src/widgets/framework.dart:4059)
I/flutter (21799): #13     SingleChildRenderObjectElement.mount (package:flutter/src/widgets/framework.dart:7115)
I/flutter (21799): #14     Element.inflateWidget (package:flutter/src/widgets/framework.dart:4587)
I/flutter (21799): #15     Element.updateChild (package:flutter/src/widgets/framework.dart:4059)
I/flutter (21799): #16     SingleChildRenderObjectElement.mount (package:flutter/src/widgets/framework.dart:7115)
I/flutter (21799): #17     Element.inflateWidget (package:flutter/src/widgets/framework.dart:4587)
I/flutter (21799): #18     MultiChildRenderObjectElement.inflateWidget (package:flutter/src/widgets/framework.dart:7264)
I/flutter (21799): #19     MultiChildRenderObjectElement.mount (package:flutter/src/widgets/framework.dart:7279)
I/flutter (21799): #20     Element.inflateWidget (package:flutter/src/widgets/framework.dart:4587)
I/flutter (21799): #21     Element.updateChild (package:flutter/src/widgets/framework.dart:4053)
I/flutter (21799): #22     ComponentElement.performRebuild (package:flutter/src/widgets/framework.dart:5841)
I/flutter (21799): #23     StatefulElement.performRebuild (package:flutter/src/widgets/framework.dart:5982)
I/flutter (21799): #24     Element.rebuild (package:flutter/src/widgets/framework.dart:5529)
I/flutter (21799): #25     BuildScope._tryRebuild (package:flutter/src/widgets/framework.dart:2750)
I/flutter (21799): #26     BuildScope._flushDirtyElements (package:flutter/src/widgets/framework.dart:2807)
I/flutter (21799): #27     BuildOwner.buildScope (package:flutter/src/widgets/framework.dart:3111)
I/flutter (21799): #28     WidgetsBinding.drawFrame (package:flutter/src/widgets/binding.dart:1571)
I/flutter (21799): #29     RendererBinding._handlePersistentFrameCallback (package:flutter/src/rendering/binding.dart:509)
I/flutter (21799): #30     SchedulerBinding._invokeFrameCallback (package:flutter/src/scheduler/binding.dart:1430)
I/flutter (21799): #31     SchedulerBinding.handleDrawFrame (package:flutter/src/scheduler/binding.dart:1345)
I/flutter (21799): #32     LiveTestWidgetsFlutterBinding.handleDrawFrame (package:flutter_test/src/binding.dart:2811)
I/flutter (21799): #33     SchedulerBinding._handleDrawFrame (package:flutter/src/scheduler/binding.dart:1198)
I/flutter (21799): #37     _invoke (dart:ui/hooks.dart:425)
I/flutter (21799): #38     PlatformDispatcher._drawFrame (dart:ui/platform_dispatcher.dart:447)
I/flutter (21799): #39     _drawFrame (dart:ui/hooks.dart:395)
I/flutter (21799): (elided 3 frames from dart:async)
I/flutter (21799): type 'BoxParentData' is not a subtype of type 'StackParentData' in type cast
I/flutter (21799): #0      Positioned.applyParentData (package:flutter/src/widgets/basic.dart:5171)
I/flutter (21799): #1      RenderObjectElement._updateParentData (package:flutter/src/widgets/framework.dart:6901)
I/flutter (21799): #2      RenderObjectElement.attachRenderObject (package:flutter/src/widgets/framework.dart:6945)
I/flutter (21799): #3      RenderObjectElement.mount (package:flutter/src/widgets/framework.dart:6801)
I/flutter (21799): #4      Element.inflateWidget (package:flutter/src/widgets/framework.dart:4587)
I/flutter (21799): #5      Element.updateChild (package:flutter/src/widgets/framework.dart:4059)
I/flutter (21799): #6      ComponentElement.performRebuild (package:flutter/src/widgets/framework.dart:5858)
I/flutter (21799): #7      Element.rebuild (package:flutter/src/widgets/framework.dart:5529)
I/flutter (21799): #8      ComponentElement._firstBuild (package:flutter/src/widgets/framework.dart:5799)
I/flutter (21799): #9      ComponentElement.mount (package:flutter/src/widgets/framework.dart:5793)
I/flutter (21799): #10     Element.inflateWidget (package:flutter/src/widgets/framework.dart:4587)
I/flutter (21799): #11     Element.updateChild (package:flutter/src/widgets/framework.dart:4059)
I/flutter (21799): #12     SingleChildRenderObjectElement.mount (package:flutter/src/widgets/framework.dart:7115)
I/flutter (21799): #13     Element.inflateWidget (package:flutter/src/widgets/framework.dart:4587)
I/flutter (21799): #14     Element.updateChild (package:flutter/src/widgets/framework.dart:4059)
I/flutter (21799): #15     SingleChildRenderObjectElement.mount (package:flutter/src/widgets/framework.dart:7115)
I/flutter (21799): #16     Element.inflateWidget (package:flutter/src/widgets/framework.dart:4587)
I/flutter (21799): #17     MultiChildRenderObjectElement.inflateWidget (package:flutter/src/widgets/framework.dart:7264)
I/flutter (21799): #18     MultiChildRenderObjectElement.mount (package:flutter/src/widgets/framework.dart:7279)
I/flutter (21799): #19     Element.inflateWidget (package:flutter/src/widgets/framework.dart:4587)
I/flutter (21799): #20     Element.updateChild (package:flutter/src/widgets/framework.dart:4053)
I/flutter (21799): #21     ComponentElement.performRebuild (package:flutter/src/widgets/framework.dart:5841)
I/flutter (21799): #22     StatefulElement.performRebuild (package:flutter/src/widgets/framework.dart:5982)
I/flutter (21799): #23     Element.rebuild (package:flutter/src/widgets/framework.dart:5529)
I/flutter (21799): #24     BuildScope._tryRebuild (package:flutter/src/widgets/framework.dart:2750)
I/flutter (21799): #25     BuildScope._flushDirtyElements (package:flutter/src/widgets/framework.dart:2807)
I/flutter (21799): #26     BuildOwner.buildScope (package:flutter/src/widgets/framework.dart:3111)
I/flutter (21799): #27     WidgetsBinding.drawFrame (package:flutter/src/widgets/binding.dart:1571)
I/flutter (21799): #28     RendererBinding._handlePersistentFrameCallback (package:flutter/src/rendering/binding.dart:509)
I/flutter (21799): #29     SchedulerBinding._invokeFrameCallback (package:flutter/src/scheduler/binding.dart:1430)
I/flutter (21799): #30     SchedulerBinding.handleDrawFrame (package:flutter/src/scheduler/binding.dart:1345)
I/flutter (21799): #31     LiveTestWidgetsFlutterBinding.handleDrawFrame (package:flutter_test/src/binding.dart:2811)
I/flutter (21799): #32     SchedulerBinding._handleDrawFrame (package:flutter/src/scheduler/binding.dart:1198)
I/flutter (21799): #36     _invoke (dart:ui/hooks.dart:425)
I/flutter (21799): #37     PlatformDispatcher._drawFrame (dart:ui/platform_dispatcher.dart:447)
I/flutter (21799): #38     _drawFrame (dart:ui/hooks.dart:395)
I/flutter (21799): (elided 3 frames from dart:async)
[spm]: ProfilerData event received.
I/flutter (21799): [SPM:perf] 698a51a  buildSpan: 8008µs
I/flutter (21799): [spm] Performance monitoring completed for 698a51a
I/flutter (21799): setState 698a51a
I/flutter (21799): type 'BoxParentData' is not a subtype of type 'StackParentData' in type cast
I/flutter (21799): #0      Positioned.applyParentData (package:flutter/src/widgets/basic.dart:5171)
I/flutter (21799): #1      RenderObjectElement._updateParentData (package:flutter/src/widgets/framework.dart:6901)
I/flutter (21799): #2      RenderObjectElement.attachRenderObject (package:flutter/src/widgets/framework.dart:6945)
I/flutter (21799): #3      RenderObjectElement.mount (package:flutter/src/widgets/framework.dart:6801)
I/flutter (21799): #4      SingleChildRenderObjectElement.mount (package:flutter/src/widgets/framework.dart:7114)
I/flutter (21799): #5      Element.inflateWidget (package:flutter/src/widgets/framework.dart:4587)
I/flutter (21799): #6      Element.updateChild (package:flutter/src/widgets/framework.dart:4059)
I/flutter (21799): #7      ComponentElement.performRebuild (package:flutter/src/widgets/framework.dart:5841)
I/flutter (21799): #8      Element.rebuild (package:flutter/src/widgets/framework.dart:5529)
I/flutter (21799): #9      ComponentElement._firstBuild (package:flutter/src/widgets/framework.dart:5799)
I/flutter (21799): #10     ComponentElement.mount (package:flutter/src/widgets/framework.dart:5793)
I/flutter (21799): #11     Element.inflateWidget (package:flutter/src/widgets/framework.dart:4587)
I/flutter (21799): #12     Element.updateChild (package:flutter/src/widgets/framework.dart:4059)
I/flutter (21799): #13     SingleChildRenderObjectElement.mount (package:flutter/src/widgets/framework.dart:7115)
I/flutter (21799): #14     Element.inflateWidget (package:flutter/src/widgets/framework.dart:4587)
I/flutter (21799): #15     Element.updateChild (package:flutter/src/widgets/framework.dart:4059)
I/flutter (21799): #16     SingleChildRenderObjectElement.mount (package:flutter/src/widgets/framework.dart:7115)
I/flutter (21799): #17     Element.inflateWidget (package:flutter/src/widgets/framework.dart:4587)
I/flutter (21799): #18     MultiChildRenderObjectElement.inflateWidget (package:flutter/src/widgets/framework.dart:7264)
I/flutter (21799): #19     MultiChildRenderObjectElement.mount (package:flutter/src/widgets/framework.dart:7279)
I/flutter (21799): #20     Element.inflateWidget (package:flutter/src/widgets/framework.dart:4587)
I/flutter (21799): #21     Element.updateChild (package:flutter/src/widgets/framework.dart:4053)
I/flutter (21799): #22     ComponentElement.performRebuild (package:flutter/src/widgets/framework.dart:5841)
I/flutter (21799): #23     StatefulElement.performRebuild (package:flutter/src/widgets/framework.dart:5982)
I/flutter (21799): #24     Element.rebuild (package:flutter/src/widgets/framework.dart:5529)
I/flutter (21799): #25     BuildScope._tryRebuild (package:flutter/src/widgets/framework.dart:2750)
I/flutter (21799): #26     BuildScope._flushDirtyElements (package:flutter/src/widgets/framework.dart:2807)
I/flutter (21799): #27     BuildOwner.buildScope (package:flutter/src/widgets/framework.dart:3111)
I/flutter (21799): #28     WidgetsBinding.drawFrame (package:flutter/src/widgets/binding.dart:1571)
I/flutter (21799): #29     RendererBinding._handlePersistentFrameCallback (package:flutter/src/rendering/binding.dart:509)
I/flutter (21799): #30     SchedulerBinding._invokeFrameCallback (package:flutter/src/scheduler/binding.dart:1430)
I/flutter (21799): #31     SchedulerBinding.handleDrawFrame (package:flutter/src/scheduler/binding.dart:1345)
I/flutter (21799): #32     LiveTestWidgetsFlutterBinding.handleDrawFrame (package:flutter_test/src/binding.dart:2811)
I/flutter (21799): #33     SchedulerBinding._handleDrawFrame (package:flutter/src/scheduler/binding.dart:1198)
I/flutter (21799): #37     _invoke (dart:ui/hooks.dart:425)
I/flutter (21799): #38     PlatformDispatcher._drawFrame (dart:ui/platform_dispatcher.dart:447)
I/flutter (21799): #39     _drawFrame (dart:ui/hooks.dart:395)
I/flutter (21799): (elided 3 frames from dart:async)
I/flutter (21799): type 'BoxParentData' is not a subtype of type 'StackParentData' in type cast
I/flutter (21799): #0      Positioned.applyParentData (package:flutter/src/widgets/basic.dart:5171)
I/flutter (21799): #1      RenderObjectElement._updateParentData (package:flutter/src/widgets/framework.dart:6901)
I/flutter (21799): #2      RenderObjectElement.attachRenderObject (package:flutter/src/widgets/framework.dart:6945)
I/flutter (21799): #3      RenderObjectElement.mount (package:flutter/src/widgets/framework.dart:6801)
I/flutter (21799): #4      Element.inflateWidget (package:flutter/src/widgets/framework.dart:4587)
I/flutter (21799): #5      Element.updateChild (package:flutter/src/widgets/framework.dart:4059)
I/flutter (21799): #6      ComponentElement.performRebuild (package:flutter/src/widgets/framework.dart:5858)
I/flutter (21799): #7      Element.rebuild (package:flutter/src/widgets/framework.dart:5529)
I/flutter (21799): #8      ComponentElement._firstBuild (package:flutter/src/widgets/framework.dart:5799)
I/flutter (21799): #9      ComponentElement.mount (package:flutter/src/widgets/framework.dart:5793)
I/flutter (21799): #10     Element.inflateWidget (package:flutter/src/widgets/framework.dart:4587)
I/flutter (21799): #11     Element.updateChild (package:flutter/src/widgets/framework.dart:4059)
I/flutter (21799): #12     SingleChildRenderObjectElement.mount (package:flutter/src/widgets/framework.dart:7115)
I/flutter (21799): #13     Element.inflateWidget (package:flutter/src/widgets/framework.dart:4587)
I/flutter (21799): #14     Element.updateChild (package:flutter/src/widgets/framework.dart:4059)
I/flutter (21799): #15     SingleChildRenderObjectElement.mount (package:flutter/src/widgets/framework.dart:7115)
I/flutter (21799): #16     Element.inflateWidget (package:flutter/src/widgets/framework.dart:4587)
I/flutter (21799): #17     MultiChildRenderObjectElement.inflateWidget (package:flutter/src/widgets/framework.dart:7264)
I/flutter (21799): #18     MultiChildRenderObjectElement.mount (package:flutter/src/widgets/framework.dart:7279)
I/flutter (21799): #19     Element.inflateWidget (package:flutter/src/widgets/framework.dart:4587)
I/flutter (21799): #20     Element.updateChild (package:flutter/src/widgets/framework.dart:4053)
I/flutter (21799): #21     ComponentElement.performRebuild (package:flutter/src/widgets/framework.dart:5841)
I/flutter (21799): #22     StatefulElement.performRebuild (package:flutter/src/widgets/framework.dart:5982)
I/flutter (21799): #23     Element.rebuild (package:flutter/src/widgets/framework.dart:5529)
I/flutter (21799): #24     BuildScope._tryRebuild (package:flutter/src/widgets/framework.dart:2750)
I/flutter (21799): #25     BuildScope._flushDirtyElements (package:flutter/src/widgets/framework.dart:2807)
I/flutter (21799): #26     BuildOwner.buildScope (package:flutter/src/widgets/framework.dart:3111)
I/flutter (21799): #27     WidgetsBinding.drawFrame (package:flutter/src/widgets/binding.dart:1571)
I/flutter (21799): #28     RendererBinding._handlePersistentFrameCallback (package:flutter/src/rendering/binding.dart:509)
I/flutter (21799): #29     SchedulerBinding._invokeFrameCallback (package:flutter/src/scheduler/binding.dart:1430)
I/flutter (21799): #30     SchedulerBinding.handleDrawFrame (package:flutter/src/scheduler/binding.dart:1345)
I/flutter (21799): #31     LiveTestWidgetsFlutterBinding.handleDrawFrame (package:flutter_test/src/binding.dart:2811)
I/flutter (21799): #32     SchedulerBinding._handleDrawFrame (package:flutter/src/scheduler/binding.dart:1198)
I/flutter (21799): #36     _invoke (dart:ui/hooks.dart:425)
I/flutter (21799): #37     PlatformDispatcher._drawFrame (dart:ui/platform_dispatcher.dart:447)
I/flutter (21799): #38     _drawFrame (dart:ui/hooks.dart:395)
I/flutter (21799): (elided 3 frames from dart:async)
[spm]: ProfilerData event received.
I/flutter (21799): [SPM:perf] 698a51a  buildSpan: 7077µs
I/flutter (21799): [spm] Performance monitoring completed for 698a51a
I/flutter (21799): setState 698a51a
I/flutter (21799): type 'BoxParentData' is not a subtype of type 'StackParentData' in type cast
I/flutter (21799): #0      Positioned.applyParentData (package:flutter/src/widgets/basic.dart:5171)
I/flutter (21799): #1      RenderObjectElement._updateParentData (package:flutter/src/widgets/framework.dart:6901)
I/flutter (21799): #2      RenderObjectElement.attachRenderObject (package:flutter/src/widgets/framework.dart:6945)
I/flutter (21799): #3      RenderObjectElement.mount (package:flutter/src/widgets/framework.dart:6801)
I/flutter (21799): #4      SingleChildRenderObjectElement.mount (package:flutter/src/widgets/framework.dart:7114)
I/flutter (21799): #5      Element.inflateWidget (package:flutter/src/widgets/framework.dart:4587)
I/flutter (21799): #6      Element.updateChild (package:flutter/src/widgets/framework.dart:4059)
I/flutter (21799): #7      ComponentElement.performRebuild (package:flutter/src/widgets/framework.dart:5841)
I/flutter (21799): #8      Element.rebuild (package:flutter/src/widgets/framework.dart:5529)
I/flutter (21799): #9      ComponentElement._firstBuild (package:flutter/src/widgets/framework.dart:5799)
I/flutter (21799): #10     ComponentElement.mount (package:flutter/src/widgets/framework.dart:5793)
I/flutter (21799): #11     Element.inflateWidget (package:flutter/src/widgets/framework.dart:4587)
I/flutter (21799): #12     Element.updateChild (package:flutter/src/widgets/framework.dart:4059)
I/flutter (21799): #13     SingleChildRenderObjectElement.mount (package:flutter/src/widgets/framework.dart:7115)
I/flutter (21799): #14     Element.inflateWidget (package:flutter/src/widgets/framework.dart:4587)
I/flutter (21799): #15     Element.updateChild (package:flutter/src/widgets/framework.dart:4059)
I/flutter (21799): #16     SingleChildRenderObjectElement.mount (package:flutter/src/widgets/framework.dart:7115)
I/flutter (21799): #17     Element.inflateWidget (package:flutter/src/widgets/framework.dart:4587)
I/flutter (21799): #18     MultiChildRenderObjectElement.inflateWidget (package:flutter/src/widgets/framework.dart:7264)
I/flutter (21799): #19     MultiChildRenderObjectElement.mount (package:flutter/src/widgets/framework.dart:7279)
I/flutter (21799): #20     Element.inflateWidget (package:flutter/src/widgets/framework.dart:4587)
I/flutter (21799): #21     Element.updateChild (package:flutter/src/widgets/framework.dart:4053)
I/flutter (21799): #22     ComponentElement.performRebuild (package:flutter/src/widgets/framework.dart:5841)
I/flutter (21799): #23     StatefulElement.performRebuild (package:flutter/src/widgets/framework.dart:5982)
I/flutter (21799): #24     Element.rebuild (package:flutter/src/widgets/framework.dart:5529)
I/flutter (21799): #25     BuildScope._tryRebuild (package:flutter/src/widgets/framework.dart:2750)
I/flutter (21799): #26     BuildScope._flushDirtyElements (package:flutter/src/widgets/framework.dart:2807)
I/flutter (21799): #27     BuildOwner.buildScope (package:flutter/src/widgets/framework.dart:3111)
I/flutter (21799): #28     WidgetsBinding.drawFrame (package:flutter/src/widgets/binding.dart:1571)
I/flutter (21799): #29     RendererBinding._handlePersistentFrameCallback (package:flutter/src/rendering/binding.dart:509)
I/flutter (21799): #30     SchedulerBinding._invokeFrameCallback (package:flutter/src/scheduler/binding.dart:1430)
I/flutter (21799): #31     SchedulerBinding.handleDrawFrame (package:flutter/src/scheduler/binding.dart:1345)
I/flutter (21799): #32     LiveTestWidgetsFlutterBinding.handleDrawFrame (package:flutter_test/src/binding.dart:2811)
I/flutter (21799): #33     SchedulerBinding._handleDrawFrame (package:flutter/src/scheduler/binding.dart:1198)
I/flutter (21799): #37     _invoke (dart:ui/hooks.dart:425)
I/flutter (21799): #38     PlatformDispatcher._drawFrame (dart:ui/platform_dispatcher.dart:447)
I/flutter (21799): #39     _drawFrame (dart:ui/hooks.dart:395)
I/flutter (21799): (elided 3 frames from dart:async)
I/flutter (21799): type 'BoxParentData' is not a subtype of type 'StackParentData' in type cast
I/flutter (21799): #0      Positioned.applyParentData (package:flutter/src/widgets/basic.dart:5171)
I/flutter (21799): #1      RenderObjectElement._updateParentData (package:flutter/src/widgets/framework.dart:6901)
I/flutter (21799): #2      RenderObjectElement.attachRenderObject (package:flutter/src/widgets/framework.dart:6945)
I/flutter (21799): #3      RenderObjectElement.mount (package:flutter/src/widgets/framework.dart:6801)
I/flutter (21799): #4      Element.inflateWidget (package:flutter/src/widgets/framework.dart:4587)
I/flutter (21799): #5      Element.updateChild (package:flutter/src/widgets/framework.dart:4059)
I/flutter (21799): #6      ComponentElement.performRebuild (package:flutter/src/widgets/framework.dart:5858)
I/flutter (21799): #7      Element.rebuild (package:flutter/src/widgets/framework.dart:5529)
I/flutter (21799): #8      ComponentElement._firstBuild (package:flutter/src/widgets/framework.dart:5799)
I/flutter (21799): #9      ComponentElement.mount (package:flutter/src/widgets/framework.dart:5793)
I/flutter (21799): #10     Element.inflateWidget (package:flutter/src/widgets/framework.dart:4587)
I/flutter (21799): #11     Element.updateChild (package:flutter/src/widgets/framework.dart:4059)
I/flutter (21799): #12     SingleChildRenderObjectElement.mount (package:flutter/src/widgets/framework.dart:7115)
I/flutter (21799): #13     Element.inflateWidget (package:flutter/src/widgets/framework.dart:4587)
I/flutter (21799): #14     Element.updateChild (package:flutter/src/widgets/framework.dart:4059)
I/flutter (21799): #15     SingleChildRenderObjectElement.mount (package:flutter/src/widgets/framework.dart:7115)
I/flutter (21799): #16     Element.inflateWidget (package:flutter/src/widgets/framework.dart:4587)
I/flutter (21799): #17     MultiChildRenderObjectElement.inflateWidget (package:flutter/src/widgets/framework.dart:7264)
I/flutter (21799): #18     MultiChildRenderObjectElement.mount (package:flutter/src/widgets/framework.dart:7279)
I/flutter (21799): #19     Element.inflateWidget (package:flutter/src/widgets/framework.dart:4587)
I/flutter (21799): #20     Element.updateChild (package:flutter/src/widgets/framework.dart:4053)
I/flutter (21799): #21     ComponentElement.performRebuild (package:flutter/src/widgets/framework.dart:5841)
I/flutter (21799): #22     StatefulElement.performRebuild (package:flutter/src/widgets/framework.dart:5982)
I/flutter (21799): #23     Element.rebuild (package:flutter/src/widgets/framework.dart:5529)
I/flutter (21799): #24     BuildScope._tryRebuild (package:flutter/src/widgets/framework.dart:2750)
I/flutter (21799): #25     BuildScope._flushDirtyElements (package:flutter/src/widgets/framework.dart:2807)
I/flutter (21799): #26     BuildOwner.buildScope (package:flutter/src/widgets/framework.dart:3111)
I/flutter (21799): #27     WidgetsBinding.drawFrame (package:flutter/src/widgets/binding.dart:1571)
I/flutter (21799): #28     RendererBinding._handlePersistentFrameCallback (package:flutter/src/rendering/binding.dart:509)
I/flutter (21799): #29     SchedulerBinding._invokeFrameCallback (package:flutter/src/scheduler/binding.dart:1430)
I/flutter (21799): #30     SchedulerBinding.handleDrawFrame (package:flutter/src/scheduler/binding.dart:1345)
I/flutter (21799): #31     LiveTestWidgetsFlutterBinding.handleDrawFrame (package:flutter_test/src/binding.dart:2811)
I/flutter (21799): #32     SchedulerBinding._handleDrawFrame (package:flutter/src/scheduler/binding.dart:1198)
I/flutter (21799): #36     _invoke (dart:ui/hooks.dart:425)
I/flutter (21799): #37     PlatformDispatcher._drawFrame (dart:ui/platform_dispatcher.dart:447)
I/flutter (21799): #38     _drawFrame (dart:ui/hooks.dart:395)
I/flutter (21799): (elided 3 frames from dart:async)
I/flutter (21799): [SPM:perf] 698a51a  buildSpan: 7296µs
[spm]: ProfilerData event received.
I/flutter (21799): [spm] Performance monitoring completed for 698a51a
I/flutter (21799): setState 698a51a
I/flutter (21799): type 'BoxParentData' is not a subtype of type 'StackParentData' in type cast
I/flutter (21799): #0      Positioned.applyParentData (package:flutter/src/widgets/basic.dart:5171)
I/flutter (21799): #1      RenderObjectElement._updateParentData (package:flutter/src/widgets/framework.dart:6901)
I/flutter (21799): #2      RenderObjectElement.attachRenderObject (package:flutter/src/widgets/framework.dart:6945)
I/flutter (21799): #3      RenderObjectElement.mount (package:flutter/src/widgets/framework.dart:6801)
I/flutter (21799): #4      SingleChildRenderObjectElement.mount (package:flutter/src/widgets/framework.dart:7114)
I/flutter (21799): #5      Element.inflateWidget (package:flutter/src/widgets/framework.dart:4587)
I/flutter (21799): #6      Element.updateChild (package:flutter/src/widgets/framework.dart:4059)
I/flutter (21799): #7      ComponentElement.performRebuild (package:flutter/src/widgets/framework.dart:5841)
I/flutter (21799): #8      Element.rebuild (package:flutter/src/widgets/framework.dart:5529)
I/flutter (21799): #9      ComponentElement._firstBuild (package:flutter/src/widgets/framework.dart:5799)
I/flutter (21799): #10     ComponentElement.mount (package:flutter/src/widgets/framework.dart:5793)
I/flutter (21799): #11     Element.inflateWidget (package:flutter/src/widgets/framework.dart:4587)
I/flutter (21799): #12     Element.updateChild (package:flutter/src/widgets/framework.dart:4059)
I/flutter (21799): #13     SingleChildRenderObjectElement.mount (package:flutter/src/widgets/framework.dart:7115)
I/flutter (21799): #14     Element.inflateWidget (package:flutter/src/widgets/framework.dart:4587)
I/flutter (21799): #15     Element.updateChild (package:flutter/src/widgets/framework.dart:4059)
I/flutter (21799): #16     SingleChildRenderObjectElement.mount (package:flutter/src/widgets/framework.dart:7115)
I/flutter (21799): #17     Element.inflateWidget (package:flutter/src/widgets/framework.dart:4587)
I/flutter (21799): #18     MultiChildRenderObjectElement.inflateWidget (package:flutter/src/widgets/framework.dart:7264)
I/flutter (21799): #19     MultiChildRenderObjectElement.mount (package:flutter/src/widgets/framework.dart:7279)
I/flutter (21799): #20     Element.inflateWidget (package:flutter/src/widgets/framework.dart:4587)
I/flutter (21799): #21     Element.updateChild (package:flutter/src/widgets/framework.dart:4053)
I/flutter (21799): #22     ComponentElement.performRebuild (package:flutter/src/widgets/framework.dart:5841)
I/flutter (21799): #23     StatefulElement.performRebuild (package:flutter/src/widgets/framework.dart:5982)
I/flutter (21799): #24     Element.rebuild (package:flutter/src/widgets/framework.dart:5529)
I/flutter (21799): #25     BuildScope._tryRebuild (package:flutter/src/widgets/framework.dart:2750)
I/flutter (21799): #26     BuildScope._flushDirtyElements (package:flutter/src/widgets/framework.dart:2807)
I/flutter (21799): #27     BuildOwner.buildScope (package:flutter/src/widgets/framework.dart:3111)
I/flutter (21799): #28     WidgetsBinding.drawFrame (package:flutter/src/widgets/binding.dart:1571)
I/flutter (21799): #29     RendererBinding._handlePersistentFrameCallback (package:flutter/src/rendering/binding.dart:509)
I/flutter (21799): #30     SchedulerBinding._invokeFrameCallback (package:flutter/src/scheduler/binding.dart:1430)
I/flutter (21799): #31     SchedulerBinding.handleDrawFrame (package:flutter/src/scheduler/binding.dart:1345)
I/flutter (21799): #32     LiveTestWidgetsFlutterBinding.handleDrawFrame (package:flutter_test/src/binding.dart:2811)
I/flutter (21799): #33     SchedulerBinding._handleDrawFrame (package:flutter/src/scheduler/binding.dart:1198)
I/flutter (21799): #37     _invoke (dart:ui/hooks.dart:425)
I/flutter (21799): #38     PlatformDispatcher._drawFrame (dart:ui/platform_dispatcher.dart:447)
I/flutter (21799): #39     _drawFrame (dart:ui/hooks.dart:395)
I/flutter (21799): (elided 3 frames from dart:async)
I/flutter (21799): type 'BoxParentData' is not a subtype of type 'StackParentData' in type cast
I/flutter (21799): #0      Positioned.applyParentData (package:flutter/src/widgets/basic.dart:5171)
I/flutter (21799): #1      RenderObjectElement._updateParentData (package:flutter/src/widgets/framework.dart:6901)
I/flutter (21799): #2      RenderObjectElement.attachRenderObject (package:flutter/src/widgets/framework.dart:6945)
I/flutter (21799): #3      RenderObjectElement.mount (package:flutter/src/widgets/framework.dart:6801)
I/flutter (21799): #4      Element.inflateWidget (package:flutter/src/widgets/framework.dart:4587)
I/flutter (21799): #5      Element.updateChild (package:flutter/src/widgets/framework.dart:4059)
I/flutter (21799): #6      ComponentElement.performRebuild (package:flutter/src/widgets/framework.dart:5858)
I/flutter (21799): #7      Element.rebuild (package:flutter/src/widgets/framework.dart:5529)
I/flutter (21799): #8      ComponentElement._firstBuild (package:flutter/src/widgets/framework.dart:5799)
I/flutter (21799): #9      ComponentElement.mount (package:flutter/src/widgets/framework.dart:5793)
I/flutter (21799): #10     Element.inflateWidget (package:flutter/src/widgets/framework.dart:4587)
I/flutter (21799): #11     Element.updateChild (package:flutter/src/widgets/framework.dart:4059)
I/flutter (21799): #12     SingleChildRenderObjectElement.mount (package:flutter/src/widgets/framework.dart:7115)
I/flutter (21799): #13     Element.inflateWidget (package:flutter/src/widgets/framework.dart:4587)
I/flutter (21799): #14     Element.updateChild (package:flutter/src/widgets/framework.dart:4059)
I/flutter (21799): #15     SingleChildRenderObjectElement.mount (package:flutter/src/widgets/framework.dart:7115)
I/flutter (21799): #16     Element.inflateWidget (package:flutter/src/widgets/framework.dart:4587)
I/flutter (21799): #17     MultiChildRenderObjectElement.inflateWidget (package:flutter/src/widgets/framework.dart:7264)
I/flutter (21799): #18     MultiChildRenderObjectElement.mount (package:flutter/src/widgets/framework.dart:7279)
I/flutter (21799): #19     Element.inflateWidget (package:flutter/src/widgets/framework.dart:4587)
I/flutter (21799): #20     Element.updateChild (package:flutter/src/widgets/framework.dart:4053)
I/flutter (21799): #21     ComponentElement.performRebuild (package:flutter/src/widgets/framework.dart:5841)
I/flutter (21799): #22     StatefulElement.performRebuild (package:flutter/src/widgets/framework.dart:5982)
I/flutter (21799): #23     Element.rebuild (package:flutter/src/widgets/framework.dart:5529)
I/flutter (21799): #24     BuildScope._tryRebuild (package:flutter/src/widgets/framework.dart:2750)
I/flutter (21799): #25     BuildScope._flushDirtyElements (package:flutter/src/widgets/framework.dart:2807)
I/flutter (21799): #26     BuildOwner.buildScope (package:flutter/src/widgets/framework.dart:3111)
I/flutter (21799): #27     WidgetsBinding.drawFrame (package:flutter/src/widgets/binding.dart:1571)
I/flutter (21799): #28     RendererBinding._handlePersistentFrameCallback (package:flutter/src/rendering/binding.dart:509)
I/flutter (21799): #29     SchedulerBinding._invokeFrameCallback (package:flutter/src/scheduler/binding.dart:1430)
I/flutter (21799): #30     SchedulerBinding.handleDrawFrame (package:flutter/src/scheduler/binding.dart:1345)
I/flutter (21799): #31     LiveTestWidgetsFlutterBinding.handleDrawFrame (package:flutter_test/src/binding.dart:2811)
I/flutter (21799): #32     SchedulerBinding._handleDrawFrame (package:flutter/src/scheduler/binding.dart:1198)
I/flutter (21799): #36     _invoke (dart:ui/hooks.dart:425)
I/flutter (21799): #37     PlatformDispatcher._drawFrame (dart:ui/platform_dispatcher.dart:447)
I/flutter (21799): #38     _drawFrame (dart:ui/hooks.dart:395)
I/flutter (21799): (elided 3 frames from dart:async)
[spm]: ProfilerData event received.
I/flutter (21799): [SPM:perf] 698a51a  buildSpan: 7693µs
I/flutter (21799): [spm] Performance monitoring completed for 698a51a
I/flutter (21799): setState 698a51a
I/flutter (21799): type 'BoxParentData' is not a subtype of type 'StackParentData' in type cast
I/flutter (21799): #0      Positioned.applyParentData (package:flutter/src/widgets/basic.dart:5171)
I/flutter (21799): #1      RenderObjectElement._updateParentData (package:flutter/src/widgets/framework.dart:6901)
I/flutter (21799): #2      RenderObjectElement.attachRenderObject (package:flutter/src/widgets/framework.dart:6945)
I/flutter (21799): #3      RenderObjectElement.mount (package:flutter/src/widgets/framework.dart:6801)
I/flutter (21799): #4      SingleChildRenderObjectElement.mount (package:flutter/src/widgets/framework.dart:7114)
I/flutter (21799): #5      Element.inflateWidget (package:flutter/src/widgets/framework.dart:4587)
I/flutter (21799): #6      Element.updateChild (package:flutter/src/widgets/framework.dart:4059)
I/flutter (21799): #7      ComponentElement.performRebuild (package:flutter/src/widgets/framework.dart:5841)
I/flutter (21799): #8      Element.rebuild (package:flutter/src/widgets/framework.dart:5529)
I/flutter (21799): #9      ComponentElement._firstBuild (package:flutter/src/widgets/framework.dart:5799)
I/flutter (21799): #10     ComponentElement.mount (package:flutter/src/widgets/framework.dart:5793)
I/flutter (21799): #11     Element.inflateWidget (package:flutter/src/widgets/framework.dart:4587)
I/flutter (21799): #12     Element.updateChild (package:flutter/src/widgets/framework.dart:4059)
I/flutter (21799): #13     SingleChildRenderObjectElement.mount (package:flutter/src/widgets/framework.dart:7115)
I/flutter (21799): #14     Element.inflateWidget (package:flutter/src/widgets/framework.dart:4587)
I/flutter (21799): #15     Element.updateChild (package:flutter/src/widgets/framework.dart:4059)
I/flutter (21799): #16     SingleChildRenderObjectElement.mount (package:flutter/src/widgets/framework.dart:7115)
I/flutter (21799): #17     Element.inflateWidget (package:flutter/src/widgets/framework.dart:4587)
I/flutter (21799): #18     MultiChildRenderObjectElement.inflateWidget (package:flutter/src/widgets/framework.dart:7264)
I/flutter (21799): #19     MultiChildRenderObjectElement.mount (package:flutter/src/widgets/framework.dart:7279)
I/flutter (21799): #20     Element.inflateWidget (package:flutter/src/widgets/framework.dart:4587)
I/flutter (21799): #21     Element.updateChild (package:flutter/src/widgets/framework.dart:4053)
I/flutter (21799): #22     ComponentElement.performRebuild (package:flutter/src/widgets/framework.dart:5841)
I/flutter (21799): #23     StatefulElement.performRebuild (package:flutter/src/widgets/framework.dart:5982)
I/flutter (21799): #24     Element.rebuild (package:flutter/src/widgets/framework.dart:5529)
I/flutter (21799): #25     BuildScope._tryRebuild (package:flutter/src/widgets/framework.dart:2750)
I/flutter (21799): #26     BuildScope._flushDirtyElements (package:flutter/src/widgets/framework.dart:2807)
I/flutter (21799): #27     BuildOwner.buildScope (package:flutter/src/widgets/framework.dart:3111)
I/flutter (21799): #28     WidgetsBinding.drawFrame (package:flutter/src/widgets/binding.dart:1571)
I/flutter (21799): #29     RendererBinding._handlePersistentFrameCallback (package:flutter/src/rendering/binding.dart:509)
I/flutter (21799): #30     SchedulerBinding._invokeFrameCallback (package:flutter/src/scheduler/binding.dart:1430)
I/flutter (21799): #31     SchedulerBinding.handleDrawFrame (package:flutter/src/scheduler/binding.dart:1345)
I/flutter (21799): #32     LiveTestWidgetsFlutterBinding.handleDrawFrame (package:flutter_test/src/binding.dart:2811)
I/flutter (21799): #33     SchedulerBinding._handleDrawFrame (package:flutter/src/scheduler/binding.dart:1198)
I/flutter (21799): #37     _invoke (dart:ui/hooks.dart:425)
I/flutter (21799): #38     PlatformDispatcher._drawFrame (dart:ui/platform_dispatcher.dart:447)
I/flutter (21799): #39     _drawFrame (dart:ui/hooks.dart:395)
I/flutter (21799): (elided 3 frames from dart:async)
I/flutter (21799): type 'BoxParentData' is not a subtype of type 'StackParentData' in type cast
I/flutter (21799): #0      Positioned.applyParentData (package:flutter/src/widgets/basic.dart:5171)
I/flutter (21799): #1      RenderObjectElement._updateParentData (package:flutter/src/widgets/framework.dart:6901)
I/flutter (21799): #2      RenderObjectElement.attachRenderObject (package:flutter/src/widgets/framework.dart:6945)
I/flutter (21799): #3      RenderObjectElement.mount (package:flutter/src/widgets/framework.dart:6801)
I/flutter (21799): #4      Element.inflateWidget (package:flutter/src/widgets/framework.dart:4587)
I/flutter (21799): #5      Element.updateChild (package:flutter/src/widgets/framework.dart:4059)
I/flutter (21799): #6      ComponentElement.performRebuild (package:flutter/src/widgets/framework.dart:5858)
I/flutter (21799): #7      Element.rebuild (package:flutter/src/widgets/framework.dart:5529)
I/flutter (21799): #8      ComponentElement._firstBuild (package:flutter/src/widgets/framework.dart:5799)
I/flutter (21799): #9      ComponentElement.mount (package:flutter/src/widgets/framework.dart:5793)
I/flutter (21799): #10     Element.inflateWidget (package:flutter/src/widgets/framework.dart:4587)
I/flutter (21799): #11     Element.updateChild (package:flutter/src/widgets/framework.dart:4059)
I/flutter (21799): #12     SingleChildRenderObjectElement.mount (package:flutter/src/widgets/framework.dart:7115)
I/flutter (21799): #13     Element.inflateWidget (package:flutter/src/widgets/framework.dart:4587)
I/flutter (21799): #14     Element.updateChild (package:flutter/src/widgets/framework.dart:4059)
I/flutter (21799): #15     SingleChildRenderObjectElement.mount (package:flutter/src/widgets/framework.dart:7115)
I/flutter (21799): #16     Element.inflateWidget (package:flutter/src/widgets/framework.dart:4587)
I/flutter (21799): #17     MultiChildRenderObjectElement.inflateWidget (package:flutter/src/widgets/framework.dart:7264)
I/flutter (21799): #18     MultiChildRenderObjectElement.mount (package:flutter/src/widgets/framework.dart:7279)
I/flutter (21799): #19     Element.inflateWidget (package:flutter/src/widgets/framework.dart:4587)
I/flutter (21799): #20     Element.updateChild (package:flutter/src/widgets/framework.dart:4053)
I/flutter (21799): #21     ComponentElement.performRebuild (package:flutter/src/widgets/framework.dart:5841)
I/flutter (21799): #22     StatefulElement.performRebuild (package:flutter/src/widgets/framework.dart:5982)
I/flutter (21799): #23     Element.rebuild (package:flutter/src/widgets/framework.dart:5529)
I/flutter (21799): #24     BuildScope._tryRebuild (package:flutter/src/widgets/framework.dart:2750)
I/flutter (21799): #25     BuildScope._flushDirtyElements (package:flutter/src/widgets/framework.dart:2807)
I/flutter (21799): #26     BuildOwner.buildScope (package:flutter/src/widgets/framework.dart:3111)
I/flutter (21799): #27     WidgetsBinding.drawFrame (package:flutter/src/widgets/binding.dart:1571)
I/flutter (21799): #28     RendererBinding._handlePersistentFrameCallback (package:flutter/src/rendering/binding.dart:509)
I/flutter (21799): #29     SchedulerBinding._invokeFrameCallback (package:flutter/src/scheduler/binding.dart:1430)
I/flutter (21799): #30     SchedulerBinding.handleDrawFrame (package:flutter/src/scheduler/binding.dart:1345)
I/flutter (21799): #31     LiveTestWidgetsFlutterBinding.handleDrawFrame (package:flutter_test/src/binding.dart:2811)
I/flutter (21799): #32     SchedulerBinding._handleDrawFrame (package:flutter/src/scheduler/binding.dart:1198)
I/flutter (21799): #36     _invoke (dart:ui/hooks.dart:425)
I/flutter (21799): #37     PlatformDispatcher._drawFrame (dart:ui/platform_dispatcher.dart:447)
I/flutter (21799): #38     _drawFrame (dart:ui/hooks.dart:395)
I/flutter (21799): (elided 3 frames from dart:async)
[spm]: ProfilerData event received.
I/flutter (21799): [SPM:perf] 698a51a  buildSpan: 7611µs
I/flutter (21799): [spm] Performance monitoring completed for 698a51a
I/flutter (21799): setState 698a51a
I/flutter (21799): type 'BoxParentData' is not a subtype of type 'StackParentData' in type cast
I/flutter (21799): #0      Positioned.applyParentData (package:flutter/src/widgets/basic.dart:5171)
I/flutter (21799): #1      RenderObjectElement._updateParentData (package:flutter/src/widgets/framework.dart:6901)
I/flutter (21799): #2      RenderObjectElement.attachRenderObject (package:flutter/src/widgets/framework.dart:6945)
I/flutter (21799): #3      RenderObjectElement.mount (package:flutter/src/widgets/framework.dart:6801)
I/flutter (21799): #4      SingleChildRenderObjectElement.mount (package:flutter/src/widgets/framework.dart:7114)
I/flutter (21799): #5      Element.inflateWidget (package:flutter/src/widgets/framework.dart:4587)
I/flutter (21799): #6      Element.updateChild (package:flutter/src/widgets/framework.dart:4059)
I/flutter (21799): #7      ComponentElement.performRebuild (package:flutter/src/widgets/framework.dart:5841)
I/flutter (21799): #8      Element.rebuild (package:flutter/src/widgets/framework.dart:5529)
I/flutter (21799): #9      ComponentElement._firstBuild (package:flutter/src/widgets/framework.dart:5799)
I/flutter (21799): #10     ComponentElement.mount (package:flutter/src/widgets/framework.dart:5793)
I/flutter (21799): #11     Element.inflateWidget (package:flutter/src/widgets/framework.dart:4587)
I/flutter (21799): #12     Element.updateChild (package:flutter/src/widgets/framework.dart:4059)
I/flutter (21799): #13     SingleChildRenderObjectElement.mount (package:flutter/src/widgets/framework.dart:7115)
I/flutter (21799): #14     Element.inflateWidget (package:flutter/src/widgets/framework.dart:4587)
I/flutter (21799): #15     Element.updateChild (package:flutter/src/widgets/framework.dart:4059)
I/flutter (21799): #16     SingleChildRenderObjectElement.mount (package:flutter/src/widgets/framework.dart:7115)
I/flutter (21799): #17     Element.inflateWidget (package:flutter/src/widgets/framework.dart:4587)
I/flutter (21799): #18     MultiChildRenderObjectElement.inflateWidget (package:flutter/src/widgets/framework.dart:7264)
I/flutter (21799): #19     MultiChildRenderObjectElement.mount (package:flutter/src/widgets/framework.dart:7279)
I/flutter (21799): #20     Element.inflateWidget (package:flutter/src/widgets/framework.dart:4587)
I/flutter (21799): #21     Element.updateChild (package:flutter/src/widgets/framework.dart:4053)
I/flutter (21799): #22     ComponentElement.performRebuild (package:flutter/src/widgets/framework.dart:5841)
I/flutter (21799): #23     StatefulElement.performRebuild (package:flutter/src/widgets/framework.dart:5982)
I/flutter (21799): #24     Element.rebuild (package:flutter/src/widgets/framework.dart:5529)
I/flutter (21799): #25     BuildScope._tryRebuild (package:flutter/src/widgets/framework.dart:2750)
I/flutter (21799): #26     BuildScope._flushDirtyElements (package:flutter/src/widgets/framework.dart:2807)
I/flutter (21799): #27     BuildOwner.buildScope (package:flutter/src/widgets/framework.dart:3111)
I/flutter (21799): #28     WidgetsBinding.drawFrame (package:flutter/src/widgets/binding.dart:1571)
I/flutter (21799): #29     RendererBinding._handlePersistentFrameCallback (package:flutter/src/rendering/binding.dart:509)
I/flutter (21799): #30     SchedulerBinding._invokeFrameCallback (package:flutter/src/scheduler/binding.dart:1430)
I/flutter (21799): #31     SchedulerBinding.handleDrawFrame (package:flutter/src/scheduler/binding.dart:1345)
I/flutter (21799): #32     LiveTestWidgetsFlutterBinding.handleDrawFrame (package:flutter_test/src/binding.dart:2811)
I/flutter (21799): #33     SchedulerBinding._handleDrawFrame (package:flutter/src/scheduler/binding.dart:1198)
I/flutter (21799): #37     _invoke (dart:ui/hooks.dart:425)
I/flutter (21799): #38     PlatformDispatcher._drawFrame (dart:ui/platform_dispatcher.dart:447)
I/flutter (21799): #39     _drawFrame (dart:ui/hooks.dart:395)
I/flutter (21799): (elided 3 frames from dart:async)
I/flutter (21799): type 'BoxParentData' is not a subtype of type 'StackParentData' in type cast
I/flutter (21799): #0      Positioned.applyParentData (package:flutter/src/widgets/basic.dart:5171)
I/flutter (21799): #1      RenderObjectElement._updateParentData (package:flutter/src/widgets/framework.dart:6901)
I/flutter (21799): #2      RenderObjectElement.attachRenderObject (package:flutter/src/widgets/framework.dart:6945)
I/flutter (21799): #3      RenderObjectElement.mount (package:flutter/src/widgets/framework.dart:6801)
I/flutter (21799): #4      Element.inflateWidget (package:flutter/src/widgets/framework.dart:4587)
I/flutter (21799): #5      Element.updateChild (package:flutter/src/widgets/framework.dart:4059)
I/flutter (21799): #6      ComponentElement.performRebuild (package:flutter/src/widgets/framework.dart:5858)
I/flutter (21799): #7      Element.rebuild (package:flutter/src/widgets/framework.dart:5529)
I/flutter (21799): #8      ComponentElement._firstBuild (package:flutter/src/widgets/framework.dart:5799)
I/flutter (21799): #9      ComponentElement.mount (package:flutter/src/widgets/framework.dart:5793)
I/flutter (21799): #10     Element.inflateWidget (package:flutter/src/widgets/framework.dart:4587)
I/flutter (21799): #11     Element.updateChild (package:flutter/src/widgets/framework.dart:4059)
I/flutter (21799): #12     SingleChildRenderObjectElement.mount (package:flutter/src/widgets/framework.dart:7115)
I/flutter (21799): #13     Element.inflateWidget (package:flutter/src/widgets/framework.dart:4587)
I/flutter (21799): #14     Element.updateChild (package:flutter/src/widgets/framework.dart:4059)
I/flutter (21799): #15     SingleChildRenderObjectElement.mount (package:flutter/src/widgets/framework.dart:7115)
I/flutter (21799): #16     Element.inflateWidget (package:flutter/src/widgets/framework.dart:4587)
I/flutter (21799): #17     MultiChildRenderObjectElement.inflateWidget (package:flutter/src/widgets/framework.dart:7264)
I/flutter (21799): #18     MultiChildRenderObjectElement.mount (package:flutter/src/widgets/framework.dart:7279)
I/flutter (21799): #19     Element.inflateWidget (package:flutter/src/widgets/framework.dart:4587)
I/flutter (21799): #20     Element.updateChild (package:flutter/src/widgets/framework.dart:4053)
I/flutter (21799): #21     ComponentElement.performRebuild (package:flutter/src/widgets/framework.dart:5841)
I/flutter (21799): #22     StatefulElement.performRebuild (package:flutter/src/widgets/framework.dart:5982)
I/flutter (21799): #23     Element.rebuild (package:flutter/src/widgets/framework.dart:5529)
I/flutter (21799): #24     BuildScope._tryRebuild (package:flutter/src/widgets/framework.dart:2750)
I/flutter (21799): #25     BuildScope._flushDirtyElements (package:flutter/src/widgets/framework.dart:2807)
I/flutter (21799): #26     BuildOwner.buildScope (package:flutter/src/widgets/framework.dart:3111)
I/flutter (21799): #27     WidgetsBinding.drawFrame (package:flutter/src/widgets/binding.dart:1571)
I/flutter (21799): #28     RendererBinding._handlePersistentFrameCallback (package:flutter/src/rendering/binding.dart:509)
I/flutter (21799): #29     SchedulerBinding._invokeFrameCallback (package:flutter/src/scheduler/binding.dart:1430)
I/flutter (21799): #30     SchedulerBinding.handleDrawFrame (package:flutter/src/scheduler/binding.dart:1345)
I/flutter (21799): #31     LiveTestWidgetsFlutterBinding.handleDrawFrame (package:flutter_test/src/binding.dart:2811)
I/flutter (21799): #32     SchedulerBinding._handleDrawFrame (package:flutter/src/scheduler/binding.dart:1198)
I/flutter (21799): #36     _invoke (dart:ui/hooks.dart:425)
I/flutter (21799): #37     PlatformDispatcher._drawFrame (dart:ui/platform_dispatcher.dart:447)
I/flutter (21799): #38     _drawFrame (dart:ui/hooks.dart:395)
I/flutter (21799): (elided 3 frames from dart:async)
I/flutter (21799): [SPM:perf] 698a51a  buildSpan: 7811µs
I/flutter (21799): [spm] Performance monitoring completed for 698a51a
I/flutter (21799): setState 698a51a
[spm]: ProfilerData event received.
I/flutter (21799): type 'BoxParentData' is not a subtype of type 'StackParentData' in type cast
I/flutter (21799): #0      Positioned.applyParentData (package:flutter/src/widgets/basic.dart:5171)
I/flutter (21799): #1      RenderObjectElement._updateParentData (package:flutter/src/widgets/framework.dart:6901)
I/flutter (21799): #2      RenderObjectElement.attachRenderObject (package:flutter/src/widgets/framework.dart:6945)
I/flutter (21799): #3      RenderObjectElement.mount (package:flutter/src/widgets/framework.dart:6801)
I/flutter (21799): #4      SingleChildRenderObjectElement.mount (package:flutter/src/widgets/framework.dart:7114)
I/flutter (21799): #5      Element.inflateWidget (package:flutter/src/widgets/framework.dart:4587)
I/flutter (21799): #6      Element.updateChild (package:flutter/src/widgets/framework.dart:4059)
I/flutter (21799): #7      ComponentElement.performRebuild (package:flutter/src/widgets/framework.dart:5841)
I/flutter (21799): #8      Element.rebuild (package:flutter/src/widgets/framework.dart:5529)
I/flutter (21799): #9      ComponentElement._firstBuild (package:flutter/src/widgets/framework.dart:5799)
I/flutter (21799): #10     ComponentElement.mount (package:flutter/src/widgets/framework.dart:5793)
I/flutter (21799): #11     Element.inflateWidget (package:flutter/src/widgets/framework.dart:4587)
I/flutter (21799): #12     Element.updateChild (package:flutter/src/widgets/framework.dart:4059)
I/flutter (21799): #13     SingleChildRenderObjectElement.mount (package:flutter/src/widgets/framework.dart:7115)
I/flutter (21799): #14     Element.inflateWidget (package:flutter/src/widgets/framework.dart:4587)
I/flutter (21799): #15     Element.updateChild (package:flutter/src/widgets/framework.dart:4059)
I/flutter (21799): #16     SingleChildRenderObjectElement.mount (package:flutter/src/widgets/framework.dart:7115)
I/flutter (21799): #17     Element.inflateWidget (package:flutter/src/widgets/framework.dart:4587)
I/flutter (21799): #18     MultiChildRenderObjectElement.inflateWidget (package:flutter/src/widgets/framework.dart:7264)
I/flutter (21799): #19     MultiChildRenderObjectElement.mount (package:flutter/src/widgets/framework.dart:7279)
I/flutter (21799): #20     Element.inflateWidget (package:flutter/src/widgets/framework.dart:4587)
I/flutter (21799): #21     Element.updateChild (package:flutter/src/widgets/framework.dart:4053)
I/flutter (21799): #22     ComponentElement.performRebuild (package:flutter/src/widgets/framework.dart:5841)
I/flutter (21799): #23     StatefulElement.performRebuild (package:flutter/src/widgets/framework.dart:5982)
I/flutter (21799): #24     Element.rebuild (package:flutter/src/widgets/framework.dart:5529)
I/flutter (21799): #25     BuildScope._tryRebuild (package:flutter/src/widgets/framework.dart:2750)
I/flutter (21799): #26     BuildScope._flushDirtyElements (package:flutter/src/widgets/framework.dart:2807)
I/flutter (21799): #27     BuildOwner.buildScope (package:flutter/src/widgets/framework.dart:3111)
I/flutter (21799): #28     WidgetsBinding.drawFrame (package:flutter/src/widgets/binding.dart:1571)
I/flutter (21799): #29     RendererBinding._handlePersistentFrameCallback (package:flutter/src/rendering/binding.dart:509)
I/flutter (21799): #30     SchedulerBinding._invokeFrameCallback (package:flutter/src/scheduler/binding.dart:1430)
I/flutter (21799): #31     SchedulerBinding.handleDrawFrame (package:flutter/src/scheduler/binding.dart:1345)
I/flutter (21799): #32     LiveTestWidgetsFlutterBinding.handleDrawFrame (package:flutter_test/src/binding.dart:2811)
I/flutter (21799): #33     SchedulerBinding._handleDrawFrame (package:flutter/src/scheduler/binding.dart:1198)
I/flutter (21799): #37     _invoke (dart:ui/hooks.dart:425)
I/flutter (21799): #38     PlatformDispatcher._drawFrame (dart:ui/platform_dispatcher.dart:447)
I/flutter (21799): #39     _drawFrame (dart:ui/hooks.dart:395)
I/flutter (21799): (elided 3 frames from dart:async)
I/flutter (21799): type 'BoxParentData' is not a subtype of type 'StackParentData' in type cast
I/flutter (21799): #0      Positioned.applyParentData (package:flutter/src/widgets/basic.dart:5171)
I/flutter (21799): #1      RenderObjectElement._updateParentData (package:flutter/src/widgets/framework.dart:6901)
I/flutter (21799): #2      RenderObjectElement.attachRenderObject (package:flutter/src/widgets/framework.dart:6945)
I/flutter (21799): #3      RenderObjectElement.mount (package:flutter/src/widgets/framework.dart:6801)
I/flutter (21799): #4      Element.inflateWidget (package:flutter/src/widgets/framework.dart:4587)
I/flutter (21799): #5      Element.updateChild (package:flutter/src/widgets/framework.dart:4059)
I/flutter (21799): #6      ComponentElement.performRebuild (package:flutter/src/widgets/framework.dart:5858)
I/flutter (21799): #7      Element.rebuild (package:flutter/src/widgets/framework.dart:5529)
I/flutter (21799): #8      ComponentElement._firstBuild (package:flutter/src/widgets/framework.dart:5799)
I/flutter (21799): #9      ComponentElement.mount (package:flutter/src/widgets/framework.dart:5793)
I/flutter (21799): #10     Element.inflateWidget (package:flutter/src/widgets/framework.dart:4587)
I/flutter (21799): #11     Element.updateChild (package:flutter/src/widgets/framework.dart:4059)
I/flutter (21799): #12     SingleChildRenderObjectElement.mount (package:flutter/src/widgets/framework.dart:7115)
I/flutter (21799): #13     Element.inflateWidget (package:flutter/src/widgets/framework.dart:4587)
I/flutter (21799): #14     Element.updateChild (package:flutter/src/widgets/framework.dart:4059)
I/flutter (21799): #15     SingleChildRenderObjectElement.mount (package:flutter/src/widgets/framework.dart:7115)
I/flutter (21799): #16     Element.inflateWidget (package:flutter/src/widgets/framework.dart:4587)
I/flutter (21799): #17     MultiChildRenderObjectElement.inflateWidget (package:flutter/src/widgets/framework.dart:7264)
I/flutter (21799): #18     MultiChildRenderObjectElement.mount (package:flutter/src/widgets/framework.dart:7279)
I/flutter (21799): #19     Element.inflateWidget (package:flutter/src/widgets/framework.dart:4587)
I/flutter (21799): #20     Element.updateChild (package:flutter/src/widgets/framework.dart:4053)
I/flutter (21799): #21     ComponentElement.performRebuild (package:flutter/src/widgets/framework.dart:5841)
I/flutter (21799): #22     StatefulElement.performRebuild (package:flutter/src/widgets/framework.dart:5982)
I/flutter (21799): #23     Element.rebuild (package:flutter/src/widgets/framework.dart:5529)
I/flutter (21799): #24     BuildScope._tryRebuild (package:flutter/src/widgets/framework.dart:2750)
I/flutter (21799): #25     BuildScope._flushDirtyElements (package:flutter/src/widgets/framework.dart:2807)
I/flutter (21799): #26     BuildOwner.buildScope (package:flutter/src/widgets/framework.dart:3111)
I/flutter (21799): #27     WidgetsBinding.drawFrame (package:flutter/src/widgets/binding.dart:1571)
I/flutter (21799): #28     RendererBinding._handlePersistentFrameCallback (package:flutter/src/rendering/binding.dart:509)
I/flutter (21799): #29     SchedulerBinding._invokeFrameCallback (package:flutter/src/scheduler/binding.dart:1430)
I/flutter (21799): #30     SchedulerBinding.handleDrawFrame (package:flutter/src/scheduler/binding.dart:1345)
I/flutter (21799): #31     LiveTestWidgetsFlutterBinding.handleDrawFrame (package:flutter_test/src/binding.dart:2811)
I/flutter (21799): #32     SchedulerBinding._handleDrawFrame (package:flutter/src/scheduler/binding.dart:1198)
I/flutter (21799): #36     _invoke (dart:ui/hooks.dart:425)
I/flutter (21799): #37     PlatformDispatcher._drawFrame (dart:ui/platform_dispatcher.dart:447)
I/flutter (21799): #38     _drawFrame (dart:ui/hooks.dart:395)
I/flutter (21799): (elided 3 frames from dart:async)
[spm]: ProfilerData event received.
I/flutter (21799): [SPM:perf] 698a51a  buildSpan: 7339µs
I/flutter (21799): [spm] Performance monitoring completed for 698a51a
I/flutter (21799): setState 698a51a
I/flutter (21799): type 'BoxParentData' is not a subtype of type 'StackParentData' in type cast
I/flutter (21799): #0      Positioned.applyParentData (package:flutter/src/widgets/basic.dart:5171)
I/flutter (21799): #1      RenderObjectElement._updateParentData (package:flutter/src/widgets/framework.dart:6901)
I/flutter (21799): #2      RenderObjectElement.attachRenderObject (package:flutter/src/widgets/framework.dart:6945)
I/flutter (21799): #3      RenderObjectElement.mount (package:flutter/src/widgets/framework.dart:6801)
I/flutter (21799): #4      SingleChildRenderObjectElement.mount (package:flutter/src/widgets/framework.dart:7114)
I/flutter (21799): #5      Element.inflateWidget (package:flutter/src/widgets/framework.dart:4587)
I/flutter (21799): #6      Element.updateChild (package:flutter/src/widgets/framework.dart:4059)
I/flutter (21799): #7      ComponentElement.performRebuild (package:flutter/src/widgets/framework.dart:5841)
I/flutter (21799): #8      Element.rebuild (package:flutter/src/widgets/framework.dart:5529)
I/flutter (21799): #9      ComponentElement._firstBuild (package:flutter/src/widgets/framework.dart:5799)
I/flutter (21799): #10     ComponentElement.mount (package:flutter/src/widgets/framework.dart:5793)
I/flutter (21799): #11     Element.inflateWidget (package:flutter/src/widgets/framework.dart:4587)
I/flutter (21799): #12     Element.updateChild (package:flutter/src/widgets/framework.dart:4059)
I/flutter (21799): #13     SingleChildRenderObjectElement.mount (package:flutter/src/widgets/framework.dart:7115)
I/flutter (21799): #14     Element.inflateWidget (package:flutter/src/widgets/framework.dart:4587)
I/flutter (21799): #15     Element.updateChild (package:flutter/src/widgets/framework.dart:4059)
I/flutter (21799): #16     SingleChildRenderObjectElement.mount (package:flutter/src/widgets/framework.dart:7115)
I/flutter (21799): #17     Element.inflateWidget (package:flutter/src/widgets/framework.dart:4587)
I/flutter (21799): #18     MultiChildRenderObjectElement.inflateWidget (package:flutter/src/widgets/framework.dart:7264)
I/flutter (21799): #19     MultiChildRenderObjectElement.mount (package:flutter/src/widgets/framework.dart:7279)
I/flutter (21799): #20     Element.inflateWidget (package:flutter/src/widgets/framework.dart:4587)
I/flutter (21799): #21     Element.updateChild (package:flutter/src/widgets/framework.dart:4053)
I/flutter (21799): #22     ComponentElement.performRebuild (package:flutter/src/widgets/framework.dart:5841)
I/flutter (21799): #23     StatefulElement.performRebuild (package:flutter/src/widgets/framework.dart:5982)
I/flutter (21799): #24     Element.rebuild (package:flutter/src/widgets/framework.dart:5529)
I/flutter (21799): #25     BuildScope._tryRebuild (package:flutter/src/widgets/framework.dart:2750)
I/flutter (21799): #26     BuildScope._flushDirtyElements (package:flutter/src/widgets/framework.dart:2807)
I/flutter (21799): #27     BuildOwner.buildScope (package:flutter/src/widgets/framework.dart:3111)
I/flutter (21799): #28     WidgetsBinding.drawFrame (package:flutter/src/widgets/binding.dart:1571)
I/flutter (21799): #29     RendererBinding._handlePersistentFrameCallback (package:flutter/src/rendering/binding.dart:509)
I/flutter (21799): #30     SchedulerBinding._invokeFrameCallback (package:flutter/src/scheduler/binding.dart:1430)
I/flutter (21799): #31     SchedulerBinding.handleDrawFrame (package:flutter/src/scheduler/binding.dart:1345)
I/flutter (21799): #32     LiveTestWidgetsFlutterBinding.handleDrawFrame (package:flutter_test/src/binding.dart:2811)
I/flutter (21799): #33     SchedulerBinding._handleDrawFrame (package:flutter/src/scheduler/binding.dart:1198)
I/flutter (21799): #37     _invoke (dart:ui/hooks.dart:425)
I/flutter (21799): #38     PlatformDispatcher._drawFrame (dart:ui/platform_dispatcher.dart:447)
I/flutter (21799): #39     _drawFrame (dart:ui/hooks.dart:395)
I/flutter (21799): (elided 3 frames from dart:async)
I/flutter (21799): type 'BoxParentData' is not a subtype of type 'StackParentData' in type cast
I/flutter (21799): #0      Positioned.applyParentData (package:flutter/src/widgets/basic.dart:5171)
I/flutter (21799): #1      RenderObjectElement._updateParentData (package:flutter/src/widgets/framework.dart:6901)
I/flutter (21799): #2      RenderObjectElement.attachRenderObject (package:flutter/src/widgets/framework.dart:6945)
I/flutter (21799): #3      RenderObjectElement.mount (package:flutter/src/widgets/framework.dart:6801)
I/flutter (21799): #4      Element.inflateWidget (package:flutter/src/widgets/framework.dart:4587)
I/flutter (21799): #5      Element.updateChild (package:flutter/src/widgets/framework.dart:4059)
I/flutter (21799): #6      ComponentElement.performRebuild (package:flutter/src/widgets/framework.dart:5858)
I/flutter (21799): #7      Element.rebuild (package:flutter/src/widgets/framework.dart:5529)
I/flutter (21799): #8      ComponentElement._firstBuild (package:flutter/src/widgets/framework.dart:5799)
I/flutter (21799): #9      ComponentElement.mount (package:flutter/src/widgets/framework.dart:5793)
I/flutter (21799): #10     Element.inflateWidget (package:flutter/src/widgets/framework.dart:4587)
I/flutter (21799): #11     Element.updateChild (package:flutter/src/widgets/framework.dart:4059)
I/flutter (21799): #12     SingleChildRenderObjectElement.mount (package:flutter/src/widgets/framework.dart:7115)
I/flutter (21799): #13     Element.inflateWidget (package:flutter/src/widgets/framework.dart:4587)
I/flutter (21799): #14     Element.updateChild (package:flutter/src/widgets/framework.dart:4059)
I/flutter (21799): #15     SingleChildRenderObjectElement.mount (package:flutter/src/widgets/framework.dart:7115)
I/flutter (21799): #16     Element.inflateWidget (package:flutter/src/widgets/framework.dart:4587)
I/flutter (21799): #17     MultiChildRenderObjectElement.inflateWidget (package:flutter/src/widgets/framework.dart:7264)
I/flutter (21799): #18     MultiChildRenderObjectElement.mount (package:flutter/src/widgets/framework.dart:7279)
I/flutter (21799): #19     Element.inflateWidget (package:flutter/src/widgets/framework.dart:4587)
I/flutter (21799): #20     Element.updateChild (package:flutter/src/widgets/framework.dart:4053)
I/flutter (21799): #21     ComponentElement.performRebuild (package:flutter/src/widgets/framework.dart:5841)
I/flutter (21799): #22     StatefulElement.performRebuild (package:flutter/src/widgets/framework.dart:5982)
I/flutter (21799): #23     Element.rebuild (package:flutter/src/widgets/framework.dart:5529)
I/flutter (21799): #24     BuildScope._tryRebuild (package:flutter/src/widgets/framework.dart:2750)
I/flutter (21799): #25     BuildScope._flushDirtyElements (package:flutter/src/widgets/framework.dart:2807)
I/flutter (21799): #26     BuildOwner.buildScope (package:flutter/src/widgets/framework.dart:3111)
I/flutter (21799): #27     WidgetsBinding.drawFrame (package:flutter/src/widgets/binding.dart:1571)
I/flutter (21799): #28     RendererBinding._handlePersistentFrameCallback (package:flutter/src/rendering/binding.dart:509)
I/flutter (21799): #29     SchedulerBinding._invokeFrameCallback (package:flutter/src/scheduler/binding.dart:1430)
I/flutter (21799): #30     SchedulerBinding.handleDrawFrame (package:flutter/src/scheduler/binding.dart:1345)
I/flutter (21799): #31     LiveTestWidgetsFlutterBinding.handleDrawFrame (package:flutter_test/src/binding.dart:2811)
I/flutter (21799): #32     SchedulerBinding._handleDrawFrame (package:flutter/src/scheduler/binding.dart:1198)
I/flutter (21799): #36     _invoke (dart:ui/hooks.dart:425)
I/flutter (21799): #37     PlatformDispatcher._drawFrame (dart:ui/platform_dispatcher.dart:447)
I/flutter (21799): #38     _drawFrame (dart:ui/hooks.dart:395)
I/flutter (21799): (elided 3 frames from dart:async)
[spm]: ProfilerData event received.
I/flutter (21799): [SPM:perf] 698a51a  buildSpan: 7108µs
I/flutter (21799): [spm] Performance monitoring completed for 698a51a
I/flutter (21799): setState 698a51a
I/flutter (21799): type 'BoxParentData' is not a subtype of type 'StackParentData' in type cast
I/flutter (21799): #0      Positioned.applyParentData (package:flutter/src/widgets/basic.dart:5171)
I/flutter (21799): #1      RenderObjectElement._updateParentData (package:flutter/src/widgets/framework.dart:6901)
I/flutter (21799): #2      RenderObjectElement.attachRenderObject (package:flutter/src/widgets/framework.dart:6945)
I/flutter (21799): #3      RenderObjectElement.mount (package:flutter/src/widgets/framework.dart:6801)
I/flutter (21799): #4      SingleChildRenderObjectElement.mount (package:flutter/src/widgets/framework.dart:7114)
I/flutter (21799): #5      Element.inflateWidget (package:flutter/src/widgets/framework.dart:4587)
I/flutter (21799): #6      Element.updateChild (package:flutter/src/widgets/framework.dart:4059)
I/flutter (21799): #7      ComponentElement.performRebuild (package:flutter/src/widgets/framework.dart:5841)
I/flutter (21799): #8      Element.rebuild (package:flutter/src/widgets/framework.dart:5529)
I/flutter (21799): #9      ComponentElement._firstBuild (package:flutter/src/widgets/framework.dart:5799)
I/flutter (21799): #10     ComponentElement.mount (package:flutter/src/widgets/framework.dart:5793)
I/flutter (21799): #11     Element.inflateWidget (package:flutter/src/widgets/framework.dart:4587)
I/flutter (21799): #12     Element.updateChild (package:flutter/src/widgets/framework.dart:4059)
I/flutter (21799): #13     SingleChildRenderObjectElement.mount (package:flutter/src/widgets/framework.dart:7115)
I/flutter (21799): #14     Element.inflateWidget (package:flutter/src/widgets/framework.dart:4587)
I/flutter (21799): #15     Element.updateChild (package:flutter/src/widgets/framework.dart:4059)
I/flutter (21799): #16     SingleChildRenderObjectElement.mount (package:flutter/src/widgets/framework.dart:7115)
I/flutter (21799): #17     Element.inflateWidget (package:flutter/src/widgets/framework.dart:4587)
I/flutter (21799): #18     MultiChildRenderObjectElement.inflateWidget (package:flutter/src/widgets/framework.dart:7264)
I/flutter (21799): #19     MultiChildRenderObjectElement.mount (package:flutter/src/widgets/framework.dart:7279)
I/flutter (21799): #20     Element.inflateWidget (package:flutter/src/widgets/framework.dart:4587)
I/flutter (21799): #21     Element.updateChild (package:flutter/src/widgets/framework.dart:4053)
I/flutter (21799): #22     ComponentElement.performRebuild (package:flutter/src/widgets/framework.dart:5841)
I/flutter (21799): #23     StatefulElement.performRebuild (package:flutter/src/widgets/framework.dart:5982)
I/flutter (21799): #24     Element.rebuild (package:flutter/src/widgets/framework.dart:5529)
I/flutter (21799): #25     BuildScope._tryRebuild (package:flutter/src/widgets/framework.dart:2750)
I/flutter (21799): #26     BuildScope._flushDirtyElements (package:flutter/src/widgets/framework.dart:2807)
I/flutter (21799): #27     BuildOwner.buildScope (package:flutter/src/widgets/framework.dart:3111)
I/flutter (21799): #28     WidgetsBinding.drawFrame (package:flutter/src/widgets/binding.dart:1571)
I/flutter (21799): #29     RendererBinding._handlePersistentFrameCallback (package:flutter/src/rendering/binding.dart:509)
I/flutter (21799): #30     SchedulerBinding._invokeFrameCallback (package:flutter/src/scheduler/binding.dart:1430)
I/flutter (21799): #31     SchedulerBinding.handleDrawFrame (package:flutter/src/scheduler/binding.dart:1345)
I/flutter (21799): #32     LiveTestWidgetsFlutterBinding.handleDrawFrame (package:flutter_test/src/binding.dart:2811)
I/flutter (21799): #33     SchedulerBinding._handleDrawFrame (package:flutter/src/scheduler/binding.dart:1198)
I/flutter (21799): #37     _invoke (dart:ui/hooks.dart:425)
I/flutter (21799): #38     PlatformDispatcher._drawFrame (dart:ui/platform_dispatcher.dart:447)
I/flutter (21799): #39     _drawFrame (dart:ui/hooks.dart:395)
I/flutter (21799): (elided 3 frames from dart:async)
I/flutter (21799): type 'BoxParentData' is not a subtype of type 'StackParentData' in type cast
I/flutter (21799): #0      Positioned.applyParentData (package:flutter/src/widgets/basic.dart:5171)
I/flutter (21799): #1      RenderObjectElement._updateParentData (package:flutter/src/widgets/framework.dart:6901)
I/flutter (21799): #2      RenderObjectElement.attachRenderObject (package:flutter/src/widgets/framework.dart:6945)
I/flutter (21799): #3      RenderObjectElement.mount (package:flutter/src/widgets/framework.dart:6801)
I/flutter (21799): #4      Element.inflateWidget (package:flutter/src/widgets/framework.dart:4587)
I/flutter (21799): #5      Element.updateChild (package:flutter/src/widgets/framework.dart:4059)
I/flutter (21799): #6      ComponentElement.performRebuild (package:flutter/src/widgets/framework.dart:5858)
I/flutter (21799): #7      Element.rebuild (package:flutter/src/widgets/framework.dart:5529)
I/flutter (21799): #8      ComponentElement._firstBuild (package:flutter/src/widgets/framework.dart:5799)
I/flutter (21799): #9      ComponentElement.mount (package:flutter/src/widgets/framework.dart:5793)
I/flutter (21799): #10     Element.inflateWidget (package:flutter/src/widgets/framework.dart:4587)
I/flutter (21799): #11     Element.updateChild (package:flutter/src/widgets/framework.dart:4059)
I/flutter (21799): #12     SingleChildRenderObjectElement.mount (package:flutter/src/widgets/framework.dart:7115)
I/flutter (21799): #13     Element.inflateWidget (package:flutter/src/widgets/framework.dart:4587)
I/flutter (21799): #14     Element.updateChild (package:flutter/src/widgets/framework.dart:4059)
I/flutter (21799): #15     SingleChildRenderObjectElement.mount (package:flutter/src/widgets/framework.dart:7115)
I/flutter (21799): #16     Element.inflateWidget (package:flutter/src/widgets/framework.dart:4587)
I/flutter (21799): #17     MultiChildRenderObjectElement.inflateWidget (package:flutter/src/widgets/framework.dart:7264)
I/flutter (21799): #18     MultiChildRenderObjectElement.mount (package:flutter/src/widgets/framework.dart:7279)
I/flutter (21799): #19     Element.inflateWidget (package:flutter/src/widgets/framework.dart:4587)
I/flutter (21799): #20     Element.updateChild (package:flutter/src/widgets/framework.dart:4053)
I/flutter (21799): #21     ComponentElement.performRebuild (package:flutter/src/widgets/framework.dart:5841)
I/flutter (21799): #22     StatefulElement.performRebuild (package:flutter/src/widgets/framework.dart:5982)
I/flutter (21799): #23     Element.rebuild (package:flutter/src/widgets/framework.dart:5529)
I/flutter (21799): #24     BuildScope._tryRebuild (package:flutter/src/widgets/framework.dart:2750)
I/flutter (21799): #25     BuildScope._flushDirtyElements (package:flutter/src/widgets/framework.dart:2807)
I/flutter (21799): #26     BuildOwner.buildScope (package:flutter/src/widgets/framework.dart:3111)
I/flutter (21799): #27     WidgetsBinding.drawFrame (package:flutter/src/widgets/binding.dart:1571)
I/flutter (21799): #28     RendererBinding._handlePersistentFrameCallback (package:flutter/src/rendering/binding.dart:509)
I/flutter (21799): #29     SchedulerBinding._invokeFrameCallback (package:flutter/src/scheduler/binding.dart:1430)
I/flutter (21799): #30     SchedulerBinding.handleDrawFrame (package:flutter/src/scheduler/binding.dart:1345)
I/flutter (21799): #31     LiveTestWidgetsFlutterBinding.handleDrawFrame (package:flutter_test/src/binding.dart:2811)
I/flutter (21799): #32     SchedulerBinding._handleDrawFrame (package:flutter/src/scheduler/binding.dart:1198)
I/flutter (21799): #36     _invoke (dart:ui/hooks.dart:425)
I/flutter (21799): #37     PlatformDispatcher._drawFrame (dart:ui/platform_dispatcher.dart:447)
I/flutter (21799): #38     _drawFrame (dart:ui/hooks.dart:395)
I/flutter (21799): (elided 3 frames from dart:async)
I/flutter (21799): [SPM:perf] 698a51a  buildSpan: 7221µs
I/flutter (21799): [spm] Performance monitoring completed for 698a51a
I/flutter (21799): setState 698a51a
[spm]: ProfilerData event received.
I/flutter (21799): type 'BoxParentData' is not a subtype of type 'StackParentData' in type cast
I/flutter (21799): #0      Positioned.applyParentData (package:flutter/src/widgets/basic.dart:5171)
I/flutter (21799): #1      RenderObjectElement._updateParentData (package:flutter/src/widgets/framework.dart:6901)
I/flutter (21799): #2      RenderObjectElement.attachRenderObject (package:flutter/src/widgets/framework.dart:6945)
I/flutter (21799): #3      RenderObjectElement.mount (package:flutter/src/widgets/framework.dart:6801)
I/flutter (21799): #4      SingleChildRenderObjectElement.mount (package:flutter/src/widgets/framework.dart:7114)
I/flutter (21799): #5      Element.inflateWidget (package:flutter/src/widgets/framework.dart:4587)
I/flutter (21799): #6      Element.updateChild (package:flutter/src/widgets/framework.dart:4059)
I/flutter (21799): #7      ComponentElement.performRebuild (package:flutter/src/widgets/framework.dart:5841)
I/flutter (21799): #8      Element.rebuild (package:flutter/src/widgets/framework.dart:5529)
I/flutter (21799): #9      ComponentElement._firstBuild (package:flutter/src/widgets/framework.dart:5799)
I/flutter (21799): #10     ComponentElement.mount (package:flutter/src/widgets/framework.dart:5793)
I/flutter (21799): #11     Element.inflateWidget (package:flutter/src/widgets/framework.dart:4587)
I/flutter (21799): #12     Element.updateChild (package:flutter/src/widgets/framework.dart:4059)
I/flutter (21799): #13     SingleChildRenderObjectElement.mount (package:flutter/src/widgets/framework.dart:7115)
I/flutter (21799): #14     Element.inflateWidget (package:flutter/src/widgets/framework.dart:4587)
I/flutter (21799): #15     Element.updateChild (package:flutter/src/widgets/framework.dart:4059)
I/flutter (21799): #16     SingleChildRenderObjectElement.mount (package:flutter/src/widgets/framework.dart:7115)
I/flutter (21799): #17     Element.inflateWidget (package:flutter/src/widgets/framework.dart:4587)
I/flutter (21799): #18     MultiChildRenderObjectElement.inflateWidget (package:flutter/src/widgets/framework.dart:7264)
I/flutter (21799): #19     MultiChildRenderObjectElement.mount (package:flutter/src/widgets/framework.dart:7279)
I/flutter (21799): #20     Element.inflateWidget (package:flutter/src/widgets/framework.dart:4587)
I/flutter (21799): #21     Element.updateChild (package:flutter/src/widgets/framework.dart:4053)
I/flutter (21799): #22     ComponentElement.performRebuild (package:flutter/src/widgets/framework.dart:5841)
I/flutter (21799): #23     StatefulElement.performRebuild (package:flutter/src/widgets/framework.dart:5982)
I/flutter (21799): #24     Element.rebuild (package:flutter/src/widgets/framework.dart:5529)
I/flutter (21799): #25     BuildScope._tryRebuild (package:flutter/src/widgets/framework.dart:2750)
I/flutter (21799): #26     BuildScope._flushDirtyElements (package:flutter/src/widgets/framework.dart:2807)
I/flutter (21799): #27     BuildOwner.buildScope (package:flutter/src/widgets/framework.dart:3111)
I/flutter (21799): #28     WidgetsBinding.drawFrame (package:flutter/src/widgets/binding.dart:1571)
I/flutter (21799): #29     RendererBinding._handlePersistentFrameCallback (package:flutter/src/rendering/binding.dart:509)
I/flutter (21799): #30     SchedulerBinding._invokeFrameCallback (package:flutter/src/scheduler/binding.dart:1430)
I/flutter (21799): #31     SchedulerBinding.handleDrawFrame (package:flutter/src/scheduler/binding.dart:1345)
I/flutter (21799): #32     LiveTestWidgetsFlutterBinding.handleDrawFrame (package:flutter_test/src/binding.dart:2811)
I/flutter (21799): #33     SchedulerBinding._handleDrawFrame (package:flutter/src/scheduler/binding.dart:1198)
I/flutter (21799): #37     _invoke (dart:ui/hooks.dart:425)
I/flutter (21799): #38     PlatformDispatcher._drawFrame (dart:ui/platform_dispatcher.dart:447)
I/flutter (21799): #39     _drawFrame (dart:ui/hooks.dart:395)
I/flutter (21799): (elided 3 frames from dart:async)
I/flutter (21799): type 'BoxParentData' is not a subtype of type 'StackParentData' in type cast
I/flutter (21799): #0      Positioned.applyParentData (package:flutter/src/widgets/basic.dart:5171)
I/flutter (21799): #1      RenderObjectElement._updateParentData (package:flutter/src/widgets/framework.dart:6901)
I/flutter (21799): #2      RenderObjectElement.attachRenderObject (package:flutter/src/widgets/framework.dart:6945)
I/flutter (21799): #3      RenderObjectElement.mount (package:flutter/src/widgets/framework.dart:6801)
I/flutter (21799): #4      Element.inflateWidget (package:flutter/src/widgets/framework.dart:4587)
I/flutter (21799): #5      Element.updateChild (package:flutter/src/widgets/framework.dart:4059)
I/flutter (21799): #6      ComponentElement.performRebuild (package:flutter/src/widgets/framework.dart:5858)
I/flutter (21799): #7      Element.rebuild (package:flutter/src/widgets/framework.dart:5529)
I/flutter (21799): #8      ComponentElement._firstBuild (package:flutter/src/widgets/framework.dart:5799)
I/flutter (21799): #9      ComponentElement.mount (package:flutter/src/widgets/framework.dart:5793)
I/flutter (21799): #10     Element.inflateWidget (package:flutter/src/widgets/framework.dart:4587)
I/flutter (21799): #11     Element.updateChild (package:flutter/src/widgets/framework.dart:4059)
I/flutter (21799): #12     SingleChildRenderObjectElement.mount (package:flutter/src/widgets/framework.dart:7115)
I/flutter (21799): #13     Element.inflateWidget (package:flutter/src/widgets/framework.dart:4587)
I/flutter (21799): #14     Element.updateChild (package:flutter/src/widgets/framework.dart:4059)
I/flutter (21799): #15     SingleChildRenderObjectElement.mount (package:flutter/src/widgets/framework.dart:7115)
I/flutter (21799): #16     Element.inflateWidget (package:flutter/src/widgets/framework.dart:4587)
I/flutter (21799): #17     MultiChildRenderObjectElement.inflateWidget (package:flutter/src/widgets/framework.dart:7264)
I/flutter (21799): #18     MultiChildRenderObjectElement.mount (package:flutter/src/widgets/framework.dart:7279)
I/flutter (21799): #19     Element.inflateWidget (package:flutter/src/widgets/framework.dart:4587)
I/flutter (21799): #20     Element.updateChild (package:flutter/src/widgets/framework.dart:4053)
I/flutter (21799): #21     ComponentElement.performRebuild (package:flutter/src/widgets/framework.dart:5841)
I/flutter (21799): #22     StatefulElement.performRebuild (package:flutter/src/widgets/framework.dart:5982)
I/flutter (21799): #23     Element.rebuild (package:flutter/src/widgets/framework.dart:5529)
I/flutter (21799): #24     BuildScope._tryRebuild (package:flutter/src/widgets/framework.dart:2750)
I/flutter (21799): #25     BuildScope._flushDirtyElements (package:flutter/src/widgets/framework.dart:2807)
I/flutter (21799): #26     BuildOwner.buildScope (package:flutter/src/widgets/framework.dart:3111)
I/flutter (21799): #27     WidgetsBinding.drawFrame (package:flutter/src/widgets/binding.dart:1571)
I/flutter (21799): #28     RendererBinding._handlePersistentFrameCallback (package:flutter/src/rendering/binding.dart:509)
I/flutter (21799): #29     SchedulerBinding._invokeFrameCallback (package:flutter/src/scheduler/binding.dart:1430)
I/flutter (21799): #30     SchedulerBinding.handleDrawFrame (package:flutter/src/scheduler/binding.dart:1345)
I/flutter (21799): #31     LiveTestWidgetsFlutterBinding.handleDrawFrame (package:flutter_test/src/binding.dart:2811)
I/flutter (21799): #32     SchedulerBinding._handleDrawFrame (package:flutter/src/scheduler/binding.dart:1198)
I/flutter (21799): #36     _invoke (dart:ui/hooks.dart:425)
I/flutter (21799): #37     PlatformDispatcher._drawFrame (dart:ui/platform_dispatcher.dart:447)
I/flutter (21799): #38     _drawFrame (dart:ui/hooks.dart:395)
I/flutter (21799): (elided 3 frames from dart:async)
[spm]: ProfilerData event received.
I/flutter (21799): [SPM:perf] 698a51a  buildSpan: 7418µs
I/flutter (21799): [spm] Performance monitoring completed for 698a51a
I/flutter (21799): setState 698a51a
I/flutter (21799): type 'BoxParentData' is not a subtype of type 'StackParentData' in type cast
I/flutter (21799): #0      Positioned.applyParentData (package:flutter/src/widgets/basic.dart:5171)
I/flutter (21799): #1      RenderObjectElement._updateParentData (package:flutter/src/widgets/framework.dart:6901)
I/flutter (21799): #2      RenderObjectElement.attachRenderObject (package:flutter/src/widgets/framework.dart:6945)
I/flutter (21799): #3      RenderObjectElement.mount (package:flutter/src/widgets/framework.dart:6801)
I/flutter (21799): #4      SingleChildRenderObjectElement.mount (package:flutter/src/widgets/framework.dart:7114)
I/flutter (21799): #5      Element.inflateWidget (package:flutter/src/widgets/framework.dart:4587)
I/flutter (21799): #6      Element.updateChild (package:flutter/src/widgets/framework.dart:4059)
I/flutter (21799): #7      ComponentElement.performRebuild (package:flutter/src/widgets/framework.dart:5841)
I/flutter (21799): #8      Element.rebuild (package:flutter/src/widgets/framework.dart:5529)
I/flutter (21799): #9      ComponentElement._firstBuild (package:flutter/src/widgets/framework.dart:5799)
I/flutter (21799): #10     ComponentElement.mount (package:flutter/src/widgets/framework.dart:5793)
I/flutter (21799): #11     Element.inflateWidget (package:flutter/src/widgets/framework.dart:4587)
I/flutter (21799): #12     Element.updateChild (package:flutter/src/widgets/framework.dart:4059)
I/flutter (21799): #13     SingleChildRenderObjectElement.mount (package:flutter/src/widgets/framework.dart:7115)
I/flutter (21799): #14     Element.inflateWidget (package:flutter/src/widgets/framework.dart:4587)
I/flutter (21799): #15     Element.updateChild (package:flutter/src/widgets/framework.dart:4059)
I/flutter (21799): #16     SingleChildRenderObjectElement.mount (package:flutter/src/widgets/framework.dart:7115)
I/flutter (21799): #17     Element.inflateWidget (package:flutter/src/widgets/framework.dart:4587)
I/flutter (21799): #18     MultiChildRenderObjectElement.inflateWidget (package:flutter/src/widgets/framework.dart:7264)
I/flutter (21799): #19     MultiChildRenderObjectElement.mount (package:flutter/src/widgets/framework.dart:7279)
I/flutter (21799): #20     Element.inflateWidget (package:flutter/src/widgets/framework.dart:4587)
I/flutter (21799): #21     Element.updateChild (package:flutter/src/widgets/framework.dart:4053)
I/flutter (21799): #22     ComponentElement.performRebuild (package:flutter/src/widgets/framework.dart:5841)
I/flutter (21799): #23     StatefulElement.performRebuild (package:flutter/src/widgets/framework.dart:5982)
I/flutter (21799): #24     Element.rebuild (package:flutter/src/widgets/framework.dart:5529)
I/flutter (21799): #25     BuildScope._tryRebuild (package:flutter/src/widgets/framework.dart:2750)
I/flutter (21799): #26     BuildScope._flushDirtyElements (package:flutter/src/widgets/framework.dart:2807)
I/flutter (21799): #27     BuildOwner.buildScope (package:flutter/src/widgets/framework.dart:3111)
I/flutter (21799): #28     WidgetsBinding.drawFrame (package:flutter/src/widgets/binding.dart:1571)
I/flutter (21799): #29     RendererBinding._handlePersistentFrameCallback (package:flutter/src/rendering/binding.dart:509)
I/flutter (21799): #30     SchedulerBinding._invokeFrameCallback (package:flutter/src/scheduler/binding.dart:1430)
I/flutter (21799): #31     SchedulerBinding.handleDrawFrame (package:flutter/src/scheduler/binding.dart:1345)
I/flutter (21799): #32     LiveTestWidgetsFlutterBinding.handleDrawFrame (package:flutter_test/src/binding.dart:2811)
I/flutter (21799): #33     SchedulerBinding._handleDrawFrame (package:flutter/src/scheduler/binding.dart:1198)
I/flutter (21799): #37     _invoke (dart:ui/hooks.dart:425)
I/flutter (21799): #38     PlatformDispatcher._drawFrame (dart:ui/platform_dispatcher.dart:447)
I/flutter (21799): #39     _drawFrame (dart:ui/hooks.dart:395)
I/flutter (21799): (elided 3 frames from dart:async)
I/flutter (21799): type 'BoxParentData' is not a subtype of type 'StackParentData' in type cast
I/flutter (21799): #0      Positioned.applyParentData (package:flutter/src/widgets/basic.dart:5171)
I/flutter (21799): #1      RenderObjectElement._updateParentData (package:flutter/src/widgets/framework.dart:6901)
I/flutter (21799): #2      RenderObjectElement.attachRenderObject (package:flutter/src/widgets/framework.dart:6945)
I/flutter (21799): #3      RenderObjectElement.mount (package:flutter/src/widgets/framework.dart:6801)
I/flutter (21799): #4      Element.inflateWidget (package:flutter/src/widgets/framework.dart:4587)
I/flutter (21799): #5      Element.updateChild (package:flutter/src/widgets/framework.dart:4059)
I/flutter (21799): #6      ComponentElement.performRebuild (package:flutter/src/widgets/framework.dart:5858)
I/flutter (21799): #7      Element.rebuild (package:flutter/src/widgets/framework.dart:5529)
I/flutter (21799): #8      ComponentElement._firstBuild (package:flutter/src/widgets/framework.dart:5799)
I/flutter (21799): #9      ComponentElement.mount (package:flutter/src/widgets/framework.dart:5793)
I/flutter (21799): #10     Element.inflateWidget (package:flutter/src/widgets/framework.dart:4587)
I/flutter (21799): #11     Element.updateChild (package:flutter/src/widgets/framework.dart:4059)
I/flutter (21799): #12     SingleChildRenderObjectElement.mount (package:flutter/src/widgets/framework.dart:7115)
I/flutter (21799): #13     Element.inflateWidget (package:flutter/src/widgets/framework.dart:4587)
I/flutter (21799): #14     Element.updateChild (package:flutter/src/widgets/framework.dart:4059)
I/flutter (21799): #15     SingleChildRenderObjectElement.mount (package:flutter/src/widgets/framework.dart:7115)
I/flutter (21799): #16     Element.inflateWidget (package:flutter/src/widgets/framework.dart:4587)
I/flutter (21799): #17     MultiChildRenderObjectElement.inflateWidget (package:flutter/src/widgets/framework.dart:7264)
I/flutter (21799): #18     MultiChildRenderObjectElement.mount (package:flutter/src/widgets/framework.dart:7279)
I/flutter (21799): #19     Element.inflateWidget (package:flutter/src/widgets/framework.dart:4587)
I/flutter (21799): #20     Element.updateChild (package:flutter/src/widgets/framework.dart:4053)
I/flutter (21799): #21     ComponentElement.performRebuild (package:flutter/src/widgets/framework.dart:5841)
I/flutter (21799): #22     StatefulElement.performRebuild (package:flutter/src/widgets/framework.dart:5982)
I/flutter (21799): #23     Element.rebuild (package:flutter/src/widgets/framework.dart:5529)
I/flutter (21799): #24     BuildScope._tryRebuild (package:flutter/src/widgets/framework.dart:2750)
I/flutter (21799): #25     BuildScope._flushDirtyElements (package:flutter/src/widgets/framework.dart:2807)
I/flutter (21799): #26     BuildOwner.buildScope (package:flutter/src/widgets/framework.dart:3111)
I/flutter (21799): #27     WidgetsBinding.drawFrame (package:flutter/src/widgets/binding.dart:1571)
I/flutter (21799): #28     RendererBinding._handlePersistentFrameCallback (package:flutter/src/rendering/binding.dart:509)
I/flutter (21799): #29     SchedulerBinding._invokeFrameCallback (package:flutter/src/scheduler/binding.dart:1430)
I/flutter (21799): #30     SchedulerBinding.handleDrawFrame (package:flutter/src/scheduler/binding.dart:1345)
I/flutter (21799): #31     LiveTestWidgetsFlutterBinding.handleDrawFrame (package:flutter_test/src/binding.dart:2811)
I/flutter (21799): #32     SchedulerBinding._handleDrawFrame (package:flutter/src/scheduler/binding.dart:1198)
I/flutter (21799): #36     _invoke (dart:ui/hooks.dart:425)
I/flutter (21799): #37     PlatformDispatcher._drawFrame (dart:ui/platform_dispatcher.dart:447)
I/flutter (21799): #38     _drawFrame (dart:ui/hooks.dart:395)
I/flutter (21799): (elided 3 frames from dart:async)
[spm]: ProfilerData event received.
I/flutter (21799): [SPM:perf] 698a51a  buildSpan: 7336µs
I/flutter (21799): [spm] Performance monitoring completed for 698a51a
I/flutter (21799): setState 698a51a
I/flutter (21799): type 'BoxParentData' is not a subtype of type 'StackParentData' in type cast
I/flutter (21799): #0      Positioned.applyParentData (package:flutter/src/widgets/basic.dart:5171)
I/flutter (21799): #1      RenderObjectElement._updateParentData (package:flutter/src/widgets/framework.dart:6901)
I/flutter (21799): #2      RenderObjectElement.attachRenderObject (package:flutter/src/widgets/framework.dart:6945)
I/flutter (21799): #3      RenderObjectElement.mount (package:flutter/src/widgets/framework.dart:6801)
I/flutter (21799): #4      SingleChildRenderObjectElement.mount (package:flutter/src/widgets/framework.dart:7114)
I/flutter (21799): #5      Element.inflateWidget (package:flutter/src/widgets/framework.dart:4587)
I/flutter (21799): #6      Element.updateChild (package:flutter/src/widgets/framework.dart:4059)
I/flutter (21799): #7      ComponentElement.performRebuild (package:flutter/src/widgets/framework.dart:5841)
I/flutter (21799): #8      Element.rebuild (package:flutter/src/widgets/framework.dart:5529)
I/flutter (21799): #9      ComponentElement._firstBuild (package:flutter/src/widgets/framework.dart:5799)
I/flutter (21799): #10     ComponentElement.mount (package:flutter/src/widgets/framework.dart:5793)
I/flutter (21799): #11     Element.inflateWidget (package:flutter/src/widgets/framework.dart:4587)
I/flutter (21799): #12     Element.updateChild (package:flutter/src/widgets/framework.dart:4059)
I/flutter (21799): #13     SingleChildRenderObjectElement.mount (package:flutter/src/widgets/framework.dart:7115)
I/flutter (21799): #14     Element.inflateWidget (package:flutter/src/widgets/framework.dart:4587)
I/flutter (21799): #15     Element.updateChild (package:flutter/src/widgets/framework.dart:4059)
I/flutter (21799): #16     SingleChildRenderObjectElement.mount (package:flutter/src/widgets/framework.dart:7115)
I/flutter (21799): #17     Element.inflateWidget (package:flutter/src/widgets/framework.dart:4587)
I/flutter (21799): #18     MultiChildRenderObjectElement.inflateWidget (package:flutter/src/widgets/framework.dart:7264)
I/flutter (21799): #19     MultiChildRenderObjectElement.mount (package:flutter/src/widgets/framework.dart:7279)
I/flutter (21799): #20     Element.inflateWidget (package:flutter/src/widgets/framework.dart:4587)
I/flutter (21799): #21     Element.updateChild (package:flutter/src/widgets/framework.dart:4053)
I/flutter (21799): #22     ComponentElement.performRebuild (package:flutter/src/widgets/framework.dart:5841)
I/flutter (21799): #23     StatefulElement.performRebuild (package:flutter/src/widgets/framework.dart:5982)
I/flutter (21799): #24     Element.rebuild (package:flutter/src/widgets/framework.dart:5529)
I/flutter (21799): #25     BuildScope._tryRebuild (package:flutter/src/widgets/framework.dart:2750)
I/flutter (21799): #26     BuildScope._flushDirtyElements (package:flutter/src/widgets/framework.dart:2807)
I/flutter (21799): #27     BuildOwner.buildScope (package:flutter/src/widgets/framework.dart:3111)
I/flutter (21799): #28     WidgetsBinding.drawFrame (package:flutter/src/widgets/binding.dart:1571)
I/flutter (21799): #29     RendererBinding._handlePersistentFrameCallback (package:flutter/src/rendering/binding.dart:509)
I/flutter (21799): #30     SchedulerBinding._invokeFrameCallback (package:flutter/src/scheduler/binding.dart:1430)
I/flutter (21799): #31     SchedulerBinding.handleDrawFrame (package:flutter/src/scheduler/binding.dart:1345)
I/flutter (21799): #32     LiveTestWidgetsFlutterBinding.handleDrawFrame (package:flutter_test/src/binding.dart:2811)
I/flutter (21799): #33     SchedulerBinding._handleDrawFrame (package:flutter/src/scheduler/binding.dart:1198)
I/flutter (21799): #37     _invoke (dart:ui/hooks.dart:425)
I/flutter (21799): #38     PlatformDispatcher._drawFrame (dart:ui/platform_dispatcher.dart:447)
I/flutter (21799): #39     _drawFrame (dart:ui/hooks.dart:395)
I/flutter (21799): (elided 3 frames from dart:async)
I/flutter (21799): type 'BoxParentData' is not a subtype of type 'StackParentData' in type cast
I/flutter (21799): #0      Positioned.applyParentData (package:flutter/src/widgets/basic.dart:5171)
I/flutter (21799): #1      RenderObjectElement._updateParentData (package:flutter/src/widgets/framework.dart:6901)
I/flutter (21799): #2      RenderObjectElement.attachRenderObject (package:flutter/src/widgets/framework.dart:6945)
I/flutter (21799): #3      RenderObjectElement.mount (package:flutter/src/widgets/framework.dart:6801)
I/flutter (21799): #4      Element.inflateWidget (package:flutter/src/widgets/framework.dart:4587)
I/flutter (21799): #5      Element.updateChild (package:flutter/src/widgets/framework.dart:4059)
I/flutter (21799): #6      ComponentElement.performRebuild (package:flutter/src/widgets/framework.dart:5858)
I/flutter (21799): #7      Element.rebuild (package:flutter/src/widgets/framework.dart:5529)
I/flutter (21799): #8      ComponentElement._firstBuild (package:flutter/src/widgets/framework.dart:5799)
I/flutter (21799): #9      ComponentElement.mount (package:flutter/src/widgets/framework.dart:5793)
I/flutter (21799): #10     Element.inflateWidget (package:flutter/src/widgets/framework.dart:4587)
I/flutter (21799): #11     Element.updateChild (package:flutter/src/widgets/framework.dart:4059)
I/flutter (21799): #12     SingleChildRenderObjectElement.mount (package:flutter/src/widgets/framework.dart:7115)
I/flutter (21799): #13     Element.inflateWidget (package:flutter/src/widgets/framework.dart:4587)
I/flutter (21799): #14     Element.updateChild (package:flutter/src/widgets/framework.dart:4059)
I/flutter (21799): #15     SingleChildRenderObjectElement.mount (package:flutter/src/widgets/framework.dart:7115)
I/flutter (21799): #16     Element.inflateWidget (package:flutter/src/widgets/framework.dart:4587)
I/flutter (21799): #17     MultiChildRenderObjectElement.inflateWidget (package:flutter/src/widgets/framework.dart:7264)
I/flutter (21799): #18     MultiChildRenderObjectElement.mount (package:flutter/src/widgets/framework.dart:7279)
I/flutter (21799): #19     Element.inflateWidget (package:flutter/src/widgets/framework.dart:4587)
I/flutter (21799): #20     Element.updateChild (package:flutter/src/widgets/framework.dart:4053)
I/flutter (21799): #21     ComponentElement.performRebuild (package:flutter/src/widgets/framework.dart:5841)
I/flutter (21799): #22     StatefulElement.performRebuild (package:flutter/src/widgets/framework.dart:5982)
I/flutter (21799): #23     Element.rebuild (package:flutter/src/widgets/framework.dart:5529)
I/flutter (21799): #24     BuildScope._tryRebuild (package:flutter/src/widgets/framework.dart:2750)
I/flutter (21799): #25     BuildScope._flushDirtyElements (package:flutter/src/widgets/framework.dart:2807)
I/flutter (21799): #26     BuildOwner.buildScope (package:flutter/src/widgets/framework.dart:3111)
I/flutter (21799): #27     WidgetsBinding.drawFrame (package:flutter/src/widgets/binding.dart:1571)
I/flutter (21799): #28     RendererBinding._handlePersistentFrameCallback (package:flutter/src/rendering/binding.dart:509)
I/flutter (21799): #29     SchedulerBinding._invokeFrameCallback (package:flutter/src/scheduler/binding.dart:1430)
I/flutter (21799): #30     SchedulerBinding.handleDrawFrame (package:flutter/src/scheduler/binding.dart:1345)
I/flutter (21799): #31     LiveTestWidgetsFlutterBinding.handleDrawFrame (package:flutter_test/src/binding.dart:2811)
I/flutter (21799): #32     SchedulerBinding._handleDrawFrame (package:flutter/src/scheduler/binding.dart:1198)
I/flutter (21799): #36     _invoke (dart:ui/hooks.dart:425)
I/flutter (21799): #37     PlatformDispatcher._drawFrame (dart:ui/platform_dispatcher.dart:447)
I/flutter (21799): #38     _drawFrame (dart:ui/hooks.dart:395)
I/flutter (21799): (elided 3 frames from dart:async)
[spm]: ProfilerData event received.
I/flutter (21799): [SPM:perf] 698a51a  buildSpan: 7934µs
I/flutter (21799): [spm] Performance monitoring completed for 698a51a
I/flutter (21799): setState 698a51a
I/flutter (21799): type 'BoxParentData' is not a subtype of type 'StackParentData' in type cast
I/flutter (21799): #0      Positioned.applyParentData (package:flutter/src/widgets/basic.dart:5171)
I/flutter (21799): #1      RenderObjectElement._updateParentData (package:flutter/src/widgets/framework.dart:6901)
I/flutter (21799): #2      RenderObjectElement.attachRenderObject (package:flutter/src/widgets/framework.dart:6945)
I/flutter (21799): #3      RenderObjectElement.mount (package:flutter/src/widgets/framework.dart:6801)
I/flutter (21799): #4      SingleChildRenderObjectElement.mount (package:flutter/src/widgets/framework.dart:7114)
I/flutter (21799): #5      Element.inflateWidget (package:flutter/src/widgets/framework.dart:4587)
I/flutter (21799): #6      Element.updateChild (package:flutter/src/widgets/framework.dart:4059)
I/flutter (21799): #7      ComponentElement.performRebuild (package:flutter/src/widgets/framework.dart:5841)
I/flutter (21799): #8      Element.rebuild (package:flutter/src/widgets/framework.dart:5529)
I/flutter (21799): #9      ComponentElement._firstBuild (package:flutter/src/widgets/framework.dart:5799)
I/flutter (21799): #10     ComponentElement.mount (package:flutter/src/widgets/framework.dart:5793)
I/flutter (21799): #11     Element.inflateWidget (package:flutter/src/widgets/framework.dart:4587)
I/flutter (21799): #12     Element.updateChild (package:flutter/src/widgets/framework.dart:4059)
I/flutter (21799): #13     SingleChildRenderObjectElement.mount (package:flutter/src/widgets/framework.dart:7115)
I/flutter (21799): #14     Element.inflateWidget (package:flutter/src/widgets/framework.dart:4587)
I/flutter (21799): #15     Element.updateChild (package:flutter/src/widgets/framework.dart:4059)
I/flutter (21799): #16     SingleChildRenderObjectElement.mount (package:flutter/src/widgets/framework.dart:7115)
I/flutter (21799): #17     Element.inflateWidget (package:flutter/src/widgets/framework.dart:4587)
I/flutter (21799): #18     MultiChildRenderObjectElement.inflateWidget (package:flutter/src/widgets/framework.dart:7264)
I/flutter (21799): #19     MultiChildRenderObjectElement.mount (package:flutter/src/widgets/framework.dart:7279)
I/flutter (21799): #20     Element.inflateWidget (package:flutter/src/widgets/framework.dart:4587)
I/flutter (21799): #21     Element.updateChild (package:flutter/src/widgets/framework.dart:4053)
I/flutter (21799): #22     ComponentElement.performRebuild (package:flutter/src/widgets/framework.dart:5841)
I/flutter (21799): #23     StatefulElement.performRebuild (package:flutter/src/widgets/framework.dart:5982)
I/flutter (21799): #24     Element.rebuild (package:flutter/src/widgets/framework.dart:5529)
I/flutter (21799): #25     BuildScope._tryRebuild (package:flutter/src/widgets/framework.dart:2750)
I/flutter (21799): #26     BuildScope._flushDirtyElements (package:flutter/src/widgets/framework.dart:2807)
I/flutter (21799): #27     BuildOwner.buildScope (package:flutter/src/widgets/framework.dart:3111)
I/flutter (21799): #28     WidgetsBinding.drawFrame (package:flutter/src/widgets/binding.dart:1571)
I/flutter (21799): #29     RendererBinding._handlePersistentFrameCallback (package:flutter/src/rendering/binding.dart:509)
I/flutter (21799): #30     SchedulerBinding._invokeFrameCallback (package:flutter/src/scheduler/binding.dart:1430)
I/flutter (21799): #31     SchedulerBinding.handleDrawFrame (package:flutter/src/scheduler/binding.dart:1345)
I/flutter (21799): #32     LiveTestWidgetsFlutterBinding.handleDrawFrame (package:flutter_test/src/binding.dart:2811)
I/flutter (21799): #33     SchedulerBinding._handleDrawFrame (package:flutter/src/scheduler/binding.dart:1198)
I/flutter (21799): #37     _invoke (dart:ui/hooks.dart:425)
I/flutter (21799): #38     PlatformDispatcher._drawFrame (dart:ui/platform_dispatcher.dart:447)
I/flutter (21799): #39     _drawFrame (dart:ui/hooks.dart:395)
I/flutter (21799): (elided 3 frames from dart:async)
I/flutter (21799): type 'BoxParentData' is not a subtype of type 'StackParentData' in type cast
I/flutter (21799): #0      Positioned.applyParentData (package:flutter/src/widgets/basic.dart:5171)
I/flutter (21799): #1      RenderObjectElement._updateParentData (package:flutter/src/widgets/framework.dart:6901)
I/flutter (21799): #2      RenderObjectElement.attachRenderObject (package:flutter/src/widgets/framework.dart:6945)
I/flutter (21799): #3      RenderObjectElement.mount (package:flutter/src/widgets/framework.dart:6801)
I/flutter (21799): #4      Element.inflateWidget (package:flutter/src/widgets/framework.dart:4587)
I/flutter (21799): #5      Element.updateChild (package:flutter/src/widgets/framework.dart:4059)
I/flutter (21799): #6      ComponentElement.performRebuild (package:flutter/src/widgets/framework.dart:5858)
I/flutter (21799): #7      Element.rebuild (package:flutter/src/widgets/framework.dart:5529)
I/flutter (21799): #8      ComponentElement._firstBuild (package:flutter/src/widgets/framework.dart:5799)
I/flutter (21799): #9      ComponentElement.mount (package:flutter/src/widgets/framework.dart:5793)
I/flutter (21799): #10     Element.inflateWidget (package:flutter/src/widgets/framework.dart:4587)
I/flutter (21799): #11     Element.updateChild (package:flutter/src/widgets/framework.dart:4059)
I/flutter (21799): #12     SingleChildRenderObjectElement.mount (package:flutter/src/widgets/framework.dart:7115)
I/flutter (21799): #13     Element.inflateWidget (package:flutter/src/widgets/framework.dart:4587)
I/flutter (21799): #14     Element.updateChild (package:flutter/src/widgets/framework.dart:4059)
I/flutter (21799): #15     SingleChildRenderObjectElement.mount (package:flutter/src/widgets/framework.dart:7115)
I/flutter (21799): #16     Element.inflateWidget (package:flutter/src/widgets/framework.dart:4587)
I/flutter (21799): #17     MultiChildRenderObjectElement.inflateWidget (package:flutter/src/widgets/framework.dart:7264)
I/flutter (21799): #18     MultiChildRenderObjectElement.mount (package:flutter/src/widgets/framework.dart:7279)
I/flutter (21799): #19     Element.inflateWidget (package:flutter/src/widgets/framework.dart:4587)
I/flutter (21799): #20     Element.updateChild (package:flutter/src/widgets/framework.dart:4053)
I/flutter (21799): #21     ComponentElement.performRebuild (package:flutter/src/widgets/framework.dart:5841)
I/flutter (21799): #22     StatefulElement.performRebuild (package:flutter/src/widgets/framework.dart:5982)
I/flutter (21799): #23     Element.rebuild (package:flutter/src/widgets/framework.dart:5529)
I/flutter (21799): #24     BuildScope._tryRebuild (package:flutter/src/widgets/framework.dart:2750)
I/flutter (21799): #25     BuildScope._flushDirtyElements (package:flutter/src/widgets/framework.dart:2807)
I/flutter (21799): #26     BuildOwner.buildScope (package:flutter/src/widgets/framework.dart:3111)
I/flutter (21799): #27     WidgetsBinding.drawFrame (package:flutter/src/widgets/binding.dart:1571)
I/flutter (21799): #28     RendererBinding._handlePersistentFrameCallback (package:flutter/src/rendering/binding.dart:509)
I/flutter (21799): #29     SchedulerBinding._invokeFrameCallback (package:flutter/src/scheduler/binding.dart:1430)
I/flutter (21799): #30     SchedulerBinding.handleDrawFrame (package:flutter/src/scheduler/binding.dart:1345)
I/flutter (21799): #31     LiveTestWidgetsFlutterBinding.handleDrawFrame (package:flutter_test/src/binding.dart:2811)
I/flutter (21799): #32     SchedulerBinding._handleDrawFrame (package:flutter/src/scheduler/binding.dart:1198)
I/flutter (21799): #36     _invoke (dart:ui/hooks.dart:425)
I/flutter (21799): #37     PlatformDispatcher._drawFrame (dart:ui/platform_dispatcher.dart:447)
I/flutter (21799): #38     _drawFrame (dart:ui/hooks.dart:395)
I/flutter (21799): (elided 3 frames from dart:async)
[spm]: ProfilerData event received.
I/flutter (21799): [SPM:perf] 698a51a  buildSpan: 7304µs
I/flutter (21799): [spm] Performance monitoring completed for 698a51a
I/flutter (21799): setState 698a51a
I/flutter (21799): type 'BoxParentData' is not a subtype of type 'StackParentData' in type cast
I/flutter (21799): #0      Positioned.applyParentData (package:flutter/src/widgets/basic.dart:5171)
I/flutter (21799): #1      RenderObjectElement._updateParentData (package:flutter/src/widgets/framework.dart:6901)
I/flutter (21799): #2      RenderObjectElement.attachRenderObject (package:flutter/src/widgets/framework.dart:6945)
I/flutter (21799): #3      RenderObjectElement.mount (package:flutter/src/widgets/framework.dart:6801)
I/flutter (21799): #4      SingleChildRenderObjectElement.mount (package:flutter/src/widgets/framework.dart:7114)
I/flutter (21799): #5      Element.inflateWidget (package:flutter/src/widgets/framework.dart:4587)
I/flutter (21799): #6      Element.updateChild (package:flutter/src/widgets/framework.dart:4059)
I/flutter (21799): #7      ComponentElement.performRebuild (package:flutter/src/widgets/framework.dart:5841)
I/flutter (21799): #8      Element.rebuild (package:flutter/src/widgets/framework.dart:5529)
I/flutter (21799): #9      ComponentElement._firstBuild (package:flutter/src/widgets/framework.dart:5799)
I/flutter (21799): #10     ComponentElement.mount (package:flutter/src/widgets/framework.dart:5793)
I/flutter (21799): #11     Element.inflateWidget (package:flutter/src/widgets/framework.dart:4587)
I/flutter (21799): #12     Element.updateChild (package:flutter/src/widgets/framework.dart:4059)
I/flutter (21799): #13     SingleChildRenderObjectElement.mount (package:flutter/src/widgets/framework.dart:7115)
I/flutter (21799): #14     Element.inflateWidget (package:flutter/src/widgets/framework.dart:4587)
I/flutter (21799): #15     Element.updateChild (package:flutter/src/widgets/framework.dart:4059)
I/flutter (21799): #16     SingleChildRenderObjectElement.mount (package:flutter/src/widgets/framework.dart:7115)
I/flutter (21799): #17     Element.inflateWidget (package:flutter/src/widgets/framework.dart:4587)
I/flutter (21799): #18     MultiChildRenderObjectElement.inflateWidget (package:flutter/src/widgets/framework.dart:7264)
I/flutter (21799): #19     MultiChildRenderObjectElement.mount (package:flutter/src/widgets/framework.dart:7279)
I/flutter (21799): #20     Element.inflateWidget (package:flutter/src/widgets/framework.dart:4587)
I/flutter (21799): #21     Element.updateChild (package:flutter/src/widgets/framework.dart:4053)
I/flutter (21799): #22     ComponentElement.performRebuild (package:flutter/src/widgets/framework.dart:5841)
I/flutter (21799): #23     StatefulElement.performRebuild (package:flutter/src/widgets/framework.dart:5982)
I/flutter (21799): #24     Element.rebuild (package:flutter/src/widgets/framework.dart:5529)
I/flutter (21799): #25     BuildScope._tryRebuild (package:flutter/src/widgets/framework.dart:2750)
I/flutter (21799): #26     BuildScope._flushDirtyElements (package:flutter/src/widgets/framework.dart:2807)
I/flutter (21799): #27     BuildOwner.buildScope (package:flutter/src/widgets/framework.dart:3111)
I/flutter (21799): #28     WidgetsBinding.drawFrame (package:flutter/src/widgets/binding.dart:1571)
I/flutter (21799): #29     RendererBinding._handlePersistentFrameCallback (package:flutter/src/rendering/binding.dart:509)
I/flutter (21799): #30     SchedulerBinding._invokeFrameCallback (package:flutter/src/scheduler/binding.dart:1430)
I/flutter (21799): #31     SchedulerBinding.handleDrawFrame (package:flutter/src/scheduler/binding.dart:1345)
I/flutter (21799): #32     LiveTestWidgetsFlutterBinding.handleDrawFrame (package:flutter_test/src/binding.dart:2811)
I/flutter (21799): #33     SchedulerBinding._handleDrawFrame (package:flutter/src/scheduler/binding.dart:1198)
I/flutter (21799): #37     _invoke (dart:ui/hooks.dart:425)
I/flutter (21799): #38     PlatformDispatcher._drawFrame (dart:ui/platform_dispatcher.dart:447)
I/flutter (21799): #39     _drawFrame (dart:ui/hooks.dart:395)
I/flutter (21799): (elided 3 frames from dart:async)
I/flutter (21799): type 'BoxParentData' is not a subtype of type 'StackParentData' in type cast
I/flutter (21799): #0      Positioned.applyParentData (package:flutter/src/widgets/basic.dart:5171)
I/flutter (21799): #1      RenderObjectElement._updateParentData (package:flutter/src/widgets/framework.dart:6901)
I/flutter (21799): #2      RenderObjectElement.attachRenderObject (package:flutter/src/widgets/framework.dart:6945)
I/flutter (21799): #3      RenderObjectElement.mount (package:flutter/src/widgets/framework.dart:6801)
I/flutter (21799): #4      Element.inflateWidget (package:flutter/src/widgets/framework.dart:4587)
I/flutter (21799): #5      Element.updateChild (package:flutter/src/widgets/framework.dart:4059)
I/flutter (21799): #6      ComponentElement.performRebuild (package:flutter/src/widgets/framework.dart:5858)
I/flutter (21799): #7      Element.rebuild (package:flutter/src/widgets/framework.dart:5529)
I/flutter (21799): #8      ComponentElement._firstBuild (package:flutter/src/widgets/framework.dart:5799)
I/flutter (21799): #9      ComponentElement.mount (package:flutter/src/widgets/framework.dart:5793)
I/flutter (21799): #10     Element.inflateWidget (package:flutter/src/widgets/framework.dart:4587)
I/flutter (21799): #11     Element.updateChild (package:flutter/src/widgets/framework.dart:4059)
I/flutter (21799): #12     SingleChildRenderObjectElement.mount (package:flutter/src/widgets/framework.dart:7115)
I/flutter (21799): #13     Element.inflateWidget (package:flutter/src/widgets/framework.dart:4587)
I/flutter (21799): #14     Element.updateChild (package:flutter/src/widgets/framework.dart:4059)
I/flutter (21799): #15     SingleChildRenderObjectElement.mount (package:flutter/src/widgets/framework.dart:7115)
I/flutter (21799): #16     Element.inflateWidget (package:flutter/src/widgets/framework.dart:4587)
I/flutter (21799): #17     MultiChildRenderObjectElement.inflateWidget (package:flutter/src/widgets/framework.dart:7264)
I/flutter (21799): #18     MultiChildRenderObjectElement.mount (package:flutter/src/widgets/framework.dart:7279)
I/flutter (21799): #19     Element.inflateWidget (package:flutter/src/widgets/framework.dart:4587)
I/flutter (21799): #20     Element.updateChild (package:flutter/src/widgets/framework.dart:4053)
I/flutter (21799): #21     ComponentElement.performRebuild (package:flutter/src/widgets/framework.dart:5841)
I/flutter (21799): #22     StatefulElement.performRebuild (package:flutter/src/widgets/framework.dart:5982)
I/flutter (21799): #23     Element.rebuild (package:flutter/src/widgets/framework.dart:5529)
I/flutter (21799): #24     BuildScope._tryRebuild (package:flutter/src/widgets/framework.dart:2750)
I/flutter (21799): #25     BuildScope._flushDirtyElements (package:flutter/src/widgets/framework.dart:2807)
I/flutter (21799): #26     BuildOwner.buildScope (package:flutter/src/widgets/framework.dart:3111)
I/flutter (21799): #27     WidgetsBinding.drawFrame (package:flutter/src/widgets/binding.dart:1571)
I/flutter (21799): #28     RendererBinding._handlePersistentFrameCallback (package:flutter/src/rendering/binding.dart:509)
I/flutter (21799): #29     SchedulerBinding._invokeFrameCallback (package:flutter/src/scheduler/binding.dart:1430)
I/flutter (21799): #30     SchedulerBinding.handleDrawFrame (package:flutter/src/scheduler/binding.dart:1345)
I/flutter (21799): #31     LiveTestWidgetsFlutterBinding.handleDrawFrame (package:flutter_test/src/binding.dart:2811)
I/flutter (21799): #32     SchedulerBinding._handleDrawFrame (package:flutter/src/scheduler/binding.dart:1198)
I/flutter (21799): #36     _invoke (dart:ui/hooks.dart:425)
I/flutter (21799): #37     PlatformDispatcher._drawFrame (dart:ui/platform_dispatcher.dart:447)
I/flutter (21799): #38     _drawFrame (dart:ui/hooks.dart:395)
I/flutter (21799): (elided 3 frames from dart:async)
[spm]: ProfilerData event received.
I/flutter (21799): [SPM:perf] 698a51a  buildSpan: 7163µs
I/flutter (21799): [spm] Performance monitoring completed for 698a51a
I/flutter (21799): setState 698a51a
I/flutter (21799): type 'BoxParentData' is not a subtype of type 'StackParentData' in type cast
I/flutter (21799): #0      Positioned.applyParentData (package:flutter/src/widgets/basic.dart:5171)
I/flutter (21799): #1      RenderObjectElement._updateParentData (package:flutter/src/widgets/framework.dart:6901)
I/flutter (21799): #2      RenderObjectElement.attachRenderObject (package:flutter/src/widgets/framework.dart:6945)
I/flutter (21799): #3      RenderObjectElement.mount (package:flutter/src/widgets/framework.dart:6801)
I/flutter (21799): #4      SingleChildRenderObjectElement.mount (package:flutter/src/widgets/framework.dart:7114)
I/flutter (21799): #5      Element.inflateWidget (package:flutter/src/widgets/framework.dart:4587)
I/flutter (21799): #6      Element.updateChild (package:flutter/src/widgets/framework.dart:4059)
I/flutter (21799): #7      ComponentElement.performRebuild (package:flutter/src/widgets/framework.dart:5841)
I/flutter (21799): #8      Element.rebuild (package:flutter/src/widgets/framework.dart:5529)
I/flutter (21799): #9      ComponentElement._firstBuild (package:flutter/src/widgets/framework.dart:5799)
I/flutter (21799): #10     ComponentElement.mount (package:flutter/src/widgets/framework.dart:5793)
I/flutter (21799): #11     Element.inflateWidget (package:flutter/src/widgets/framework.dart:4587)
I/flutter (21799): #12     Element.updateChild (package:flutter/src/widgets/framework.dart:4059)
I/flutter (21799): #13     SingleChildRenderObjectElement.mount (package:flutter/src/widgets/framework.dart:7115)
I/flutter (21799): #14     Element.inflateWidget (package:flutter/src/widgets/framework.dart:4587)
I/flutter (21799): #15     Element.updateChild (package:flutter/src/widgets/framework.dart:4059)
I/flutter (21799): #16     SingleChildRenderObjectElement.mount (package:flutter/src/widgets/framework.dart:7115)
I/flutter (21799): #17     Element.inflateWidget (package:flutter/src/widgets/framework.dart:4587)
I/flutter (21799): #18     MultiChildRenderObjectElement.inflateWidget (package:flutter/src/widgets/framework.dart:7264)
I/flutter (21799): #19     MultiChildRenderObjectElement.mount (package:flutter/src/widgets/framework.dart:7279)
I/flutter (21799): #20     Element.inflateWidget (package:flutter/src/widgets/framework.dart:4587)
I/flutter (21799): #21     Element.updateChild (package:flutter/src/widgets/framework.dart:4053)
I/flutter (21799): #22     ComponentElement.performRebuild (package:flutter/src/widgets/framework.dart:5841)
I/flutter (21799): #23     StatefulElement.performRebuild (package:flutter/src/widgets/framework.dart:5982)
I/flutter (21799): #24     Element.rebuild (package:flutter/src/widgets/framework.dart:5529)
I/flutter (21799): #25     BuildScope._tryRebuild (package:flutter/src/widgets/framework.dart:2750)
I/flutter (21799): #26     BuildScope._flushDirtyElements (package:flutter/src/widgets/framework.dart:2807)
I/flutter (21799): #27     BuildOwner.buildScope (package:flutter/src/widgets/framework.dart:3111)
I/flutter (21799): #28     WidgetsBinding.drawFrame (package:flutter/src/widgets/binding.dart:1571)
I/flutter (21799): #29     RendererBinding._handlePersistentFrameCallback (package:flutter/src/rendering/binding.dart:509)
I/flutter (21799): #30     SchedulerBinding._invokeFrameCallback (package:flutter/src/scheduler/binding.dart:1430)
I/flutter (21799): #31     SchedulerBinding.handleDrawFrame (package:flutter/src/scheduler/binding.dart:1345)
I/flutter (21799): #32     LiveTestWidgetsFlutterBinding.handleDrawFrame (package:flutter_test/src/binding.dart:2811)
I/flutter (21799): #33     SchedulerBinding._handleDrawFrame (package:flutter/src/scheduler/binding.dart:1198)
I/flutter (21799): #37     _invoke (dart:ui/hooks.dart:425)
I/flutter (21799): #38     PlatformDispatcher._drawFrame (dart:ui/platform_dispatcher.dart:447)
I/flutter (21799): #39     _drawFrame (dart:ui/hooks.dart:395)
I/flutter (21799): (elided 3 frames from dart:async)
I/flutter (21799): type 'BoxParentData' is not a subtype of type 'StackParentData' in type cast
I/flutter (21799): #0      Positioned.applyParentData (package:flutter/src/widgets/basic.dart:5171)
I/flutter (21799): #1      RenderObjectElement._updateParentData (package:flutter/src/widgets/framework.dart:6901)
I/flutter (21799): #2      RenderObjectElement.attachRenderObject (package:flutter/src/widgets/framework.dart:6945)
I/flutter (21799): #3      RenderObjectElement.mount (package:flutter/src/widgets/framework.dart:6801)
I/flutter (21799): #4      Element.inflateWidget (package:flutter/src/widgets/framework.dart:4587)
I/flutter (21799): #5      Element.updateChild (package:flutter/src/widgets/framework.dart:4059)
I/flutter (21799): #6      ComponentElement.performRebuild (package:flutter/src/widgets/framework.dart:5858)
I/flutter (21799): #7      Element.rebuild (package:flutter/src/widgets/framework.dart:5529)
I/flutter (21799): #8      ComponentElement._firstBuild (package:flutter/src/widgets/framework.dart:5799)
I/flutter (21799): #9      ComponentElement.mount (package:flutter/src/widgets/framework.dart:5793)
I/flutter (21799): #10     Element.inflateWidget (package:flutter/src/widgets/framework.dart:4587)
I/flutter (21799): #11     Element.updateChild (package:flutter/src/widgets/framework.dart:4059)
I/flutter (21799): #12     SingleChildRenderObjectElement.mount (package:flutter/src/widgets/framework.dart:7115)
I/flutter (21799): #13     Element.inflateWidget (package:flutter/src/widgets/framework.dart:4587)
I/flutter (21799): #14     Element.updateChild (package:flutter/src/widgets/framework.dart:4059)
I/flutter (21799): #15     SingleChildRenderObjectElement.mount (package:flutter/src/widgets/framework.dart:7115)
I/flutter (21799): #16     Element.inflateWidget (package:flutter/src/widgets/framework.dart:4587)
I/flutter (21799): #17     MultiChildRenderObjectElement.inflateWidget (package:flutter/src/widgets/framework.dart:7264)
I/flutter (21799): #18     MultiChildRenderObjectElement.mount (package:flutter/src/widgets/framework.dart:7279)
I/flutter (21799): #19     Element.inflateWidget (package:flutter/src/widgets/framework.dart:4587)
I/flutter (21799): #20     Element.updateChild (package:flutter/src/widgets/framework.dart:4053)
I/flutter (21799): #21     ComponentElement.performRebuild (package:flutter/src/widgets/framework.dart:5841)
I/flutter (21799): #22     StatefulElement.performRebuild (package:flutter/src/widgets/framework.dart:5982)
I/flutter (21799): #23     Element.rebuild (package:flutter/src/widgets/framework.dart:5529)
I/flutter (21799): #24     BuildScope._tryRebuild (package:flutter/src/widgets/framework.dart:2750)
I/flutter (21799): #25     BuildScope._flushDirtyElements (package:flutter/src/widgets/framework.dart:2807)
I/flutter (21799): #26     BuildOwner.buildScope (package:flutter/src/widgets/framework.dart:3111)
I/flutter (21799): #27     WidgetsBinding.drawFrame (package:flutter/src/widgets/binding.dart:1571)
I/flutter (21799): #28     RendererBinding._handlePersistentFrameCallback (package:flutter/src/rendering/binding.dart:509)
I/flutter (21799): #29     SchedulerBinding._invokeFrameCallback (package:flutter/src/scheduler/binding.dart:1430)
I/flutter (21799): #30     SchedulerBinding.handleDrawFrame (package:flutter/src/scheduler/binding.dart:1345)
I/flutter (21799): #31     LiveTestWidgetsFlutterBinding.handleDrawFrame (package:flutter_test/src/binding.dart:2811)
I/flutter (21799): #32     SchedulerBinding._handleDrawFrame (package:flutter/src/scheduler/binding.dart:1198)
I/flutter (21799): #36     _invoke (dart:ui/hooks.dart:425)
I/flutter (21799): #37     PlatformDispatcher._drawFrame (dart:ui/platform_dispatcher.dart:447)
I/flutter (21799): #38     _drawFrame (dart:ui/hooks.dart:395)
I/flutter (21799): (elided 3 frames from dart:async)
[spm]: ProfilerData event received.
I/flutter (21799): [SPM:perf] 698a51a  buildSpan: 7249µs
I/flutter (21799): [spm] Performance monitoring completed for 698a51a
I/flutter (21799): setState 698a51a
I/flutter (21799): type 'BoxParentData' is not a subtype of type 'StackParentData' in type cast
I/flutter (21799): #0      Positioned.applyParentData (package:flutter/src/widgets/basic.dart:5171)
I/flutter (21799): #1      RenderObjectElement._updateParentData (package:flutter/src/widgets/framework.dart:6901)
I/flutter (21799): #2      RenderObjectElement.attachRenderObject (package:flutter/src/widgets/framework.dart:6945)
I/flutter (21799): #3      RenderObjectElement.mount (package:flutter/src/widgets/framework.dart:6801)
I/flutter (21799): #4      SingleChildRenderObjectElement.mount (package:flutter/src/widgets/framework.dart:7114)
I/flutter (21799): #5      Element.inflateWidget (package:flutter/src/widgets/framework.dart:4587)
I/flutter (21799): #6      Element.updateChild (package:flutter/src/widgets/framework.dart:4059)
I/flutter (21799): #7      ComponentElement.performRebuild (package:flutter/src/widgets/framework.dart:5841)
I/flutter (21799): #8      Element.rebuild (package:flutter/src/widgets/framework.dart:5529)
I/flutter (21799): #9      ComponentElement._firstBuild (package:flutter/src/widgets/framework.dart:5799)
I/flutter (21799): #10     ComponentElement.mount (package:flutter/src/widgets/framework.dart:5793)
I/flutter (21799): #11     Element.inflateWidget (package:flutter/src/widgets/framework.dart:4587)
I/flutter (21799): #12     Element.updateChild (package:flutter/src/widgets/framework.dart:4059)
I/flutter (21799): #13     SingleChildRenderObjectElement.mount (package:flutter/src/widgets/framework.dart:7115)
I/flutter (21799): #14     Element.inflateWidget (package:flutter/src/widgets/framework.dart:4587)
I/flutter (21799): #15     Element.updateChild (package:flutter/src/widgets/framework.dart:4059)
I/flutter (21799): #16     SingleChildRenderObjectElement.mount (package:flutter/src/widgets/framework.dart:7115)
I/flutter (21799): #17     Element.inflateWidget (package:flutter/src/widgets/framework.dart:4587)
I/flutter (21799): #18     MultiChildRenderObjectElement.inflateWidget (package:flutter/src/widgets/framework.dart:7264)
I/flutter (21799): #19     MultiChildRenderObjectElement.mount (package:flutter/src/widgets/framework.dart:7279)
I/flutter (21799): #20     Element.inflateWidget (package:flutter/src/widgets/framework.dart:4587)
I/flutter (21799): #21     Element.updateChild (package:flutter/src/widgets/framework.dart:4053)
I/flutter (21799): #22     ComponentElement.performRebuild (package:flutter/src/widgets/framework.dart:5841)
I/flutter (21799): #23     StatefulElement.performRebuild (package:flutter/src/widgets/framework.dart:5982)
I/flutter (21799): #24     Element.rebuild (package:flutter/src/widgets/framework.dart:5529)
I/flutter (21799): #25     BuildScope._tryRebuild (package:flutter/src/widgets/framework.dart:2750)
I/flutter (21799): #26     BuildScope._flushDirtyElements (package:flutter/src/widgets/framework.dart:2807)
I/flutter (21799): #27     BuildOwner.buildScope (package:flutter/src/widgets/framework.dart:3111)
I/flutter (21799): #28     WidgetsBinding.drawFrame (package:flutter/src/widgets/binding.dart:1571)
I/flutter (21799): #29     RendererBinding._handlePersistentFrameCallback (package:flutter/src/rendering/binding.dart:509)
I/flutter (21799): #30     SchedulerBinding._invokeFrameCallback (package:flutter/src/scheduler/binding.dart:1430)
I/flutter (21799): #31     SchedulerBinding.handleDrawFrame (package:flutter/src/scheduler/binding.dart:1345)
I/flutter (21799): #32     LiveTestWidgetsFlutterBinding.handleDrawFrame (package:flutter_test/src/binding.dart:2811)
I/flutter (21799): #33     SchedulerBinding._handleDrawFrame (package:flutter/src/scheduler/binding.dart:1198)
I/flutter (21799): #37     _invoke (dart:ui/hooks.dart:425)
I/flutter (21799): #38     PlatformDispatcher._drawFrame (dart:ui/platform_dispatcher.dart:447)
I/flutter (21799): #39     _drawFrame (dart:ui/hooks.dart:395)
I/flutter (21799): (elided 3 frames from dart:async)
I/flutter (21799): type 'BoxParentData' is not a subtype of type 'StackParentData' in type cast
I/flutter (21799): #0      Positioned.applyParentData (package:flutter/src/widgets/basic.dart:5171)
I/flutter (21799): #1      RenderObjectElement._updateParentData (package:flutter/src/widgets/framework.dart:6901)
I/flutter (21799): #2      RenderObjectElement.attachRenderObject (package:flutter/src/widgets/framework.dart:6945)
I/flutter (21799): #3      RenderObjectElement.mount (package:flutter/src/widgets/framework.dart:6801)
I/flutter (21799): #4      Element.inflateWidget (package:flutter/src/widgets/framework.dart:4587)
I/flutter (21799): #5      Element.updateChild (package:flutter/src/widgets/framework.dart:4059)
I/flutter (21799): #6      ComponentElement.performRebuild (package:flutter/src/widgets/framework.dart:5858)
I/flutter (21799): #7      Element.rebuild (package:flutter/src/widgets/framework.dart:5529)
I/flutter (21799): #8      ComponentElement._firstBuild (package:flutter/src/widgets/framework.dart:5799)
I/flutter (21799): #9      ComponentElement.mount (package:flutter/src/widgets/framework.dart:5793)
I/flutter (21799): #10     Element.inflateWidget (package:flutter/src/widgets/framework.dart:4587)
I/flutter (21799): #11     Element.updateChild (package:flutter/src/widgets/framework.dart:4059)
I/flutter (21799): #12     SingleChildRenderObjectElement.mount (package:flutter/src/widgets/framework.dart:7115)
I/flutter (21799): #13     Element.inflateWidget (package:flutter/src/widgets/framework.dart:4587)
I/flutter (21799): #14     Element.updateChild (package:flutter/src/widgets/framework.dart:4059)
I/flutter (21799): #15     SingleChildRenderObjectElement.mount (package:flutter/src/widgets/framework.dart:7115)
I/flutter (21799): #16     Element.inflateWidget (package:flutter/src/widgets/framework.dart:4587)
I/flutter (21799): #17     MultiChildRenderObjectElement.inflateWidget (package:flutter/src/widgets/framework.dart:7264)
I/flutter (21799): #18     MultiChildRenderObjectElement.mount (package:flutter/src/widgets/framework.dart:7279)
I/flutter (21799): #19     Element.inflateWidget (package:flutter/src/widgets/framework.dart:4587)
I/flutter (21799): #20     Element.updateChild (package:flutter/src/widgets/framework.dart:4053)
I/flutter (21799): #21     ComponentElement.performRebuild (package:flutter/src/widgets/framework.dart:5841)
I/flutter (21799): #22     StatefulElement.performRebuild (package:flutter/src/widgets/framework.dart:5982)
I/flutter (21799): #23     Element.rebuild (package:flutter/src/widgets/framework.dart:5529)
I/flutter (21799): #24     BuildScope._tryRebuild (package:flutter/src/widgets/framework.dart:2750)
I/flutter (21799): #25     BuildScope._flushDirtyElements (package:flutter/src/widgets/framework.dart:2807)
I/flutter (21799): #26     BuildOwner.buildScope (package:flutter/src/widgets/framework.dart:3111)
I/flutter (21799): #27     WidgetsBinding.drawFrame (package:flutter/src/widgets/binding.dart:1571)
I/flutter (21799): #28     RendererBinding._handlePersistentFrameCallback (package:flutter/src/rendering/binding.dart:509)
I/flutter (21799): #29     SchedulerBinding._invokeFrameCallback (package:flutter/src/scheduler/binding.dart:1430)
I/flutter (21799): #30     SchedulerBinding.handleDrawFrame (package:flutter/src/scheduler/binding.dart:1345)
I/flutter (21799): #31     LiveTestWidgetsFlutterBinding.handleDrawFrame (package:flutter_test/src/binding.dart:2811)
I/flutter (21799): #32     SchedulerBinding._handleDrawFrame (package:flutter/src/scheduler/binding.dart:1198)
I/flutter (21799): #36     _invoke (dart:ui/hooks.dart:425)
I/flutter (21799): #37     PlatformDispatcher._drawFrame (dart:ui/platform_dispatcher.dart:447)
I/flutter (21799): #38     _drawFrame (dart:ui/hooks.dart:395)
I/flutter (21799): (elided 3 frames from dart:async)
I/flutter (21799): [SPM:perf] 698a51a  buildSpan: 7241µs
I/flutter (21799): [spm] Performance monitoring completed for 698a51a
I/flutter (21799): setState 698a51a
[spm]: ProfilerData event received.
I/flutter (21799): type 'BoxParentData' is not a subtype of type 'StackParentData' in type cast
I/flutter (21799): #0      Positioned.applyParentData (package:flutter/src/widgets/basic.dart:5171)
I/flutter (21799): #1      RenderObjectElement._updateParentData (package:flutter/src/widgets/framework.dart:6901)
I/flutter (21799): #2      RenderObjectElement.attachRenderObject (package:flutter/src/widgets/framework.dart:6945)
I/flutter (21799): #3      RenderObjectElement.mount (package:flutter/src/widgets/framework.dart:6801)
I/flutter (21799): #4      SingleChildRenderObjectElement.mount (package:flutter/src/widgets/framework.dart:7114)
I/flutter (21799): #5      Element.inflateWidget (package:flutter/src/widgets/framework.dart:4587)
I/flutter (21799): #6      Element.updateChild (package:flutter/src/widgets/framework.dart:4059)
I/flutter (21799): #7      ComponentElement.performRebuild (package:flutter/src/widgets/framework.dart:5841)
I/flutter (21799): #8      Element.rebuild (package:flutter/src/widgets/framework.dart:5529)
I/flutter (21799): #9      ComponentElement._firstBuild (package:flutter/src/widgets/framework.dart:5799)
I/flutter (21799): #10     ComponentElement.mount (package:flutter/src/widgets/framework.dart:5793)
I/flutter (21799): #11     Element.inflateWidget (package:flutter/src/widgets/framework.dart:4587)
I/flutter (21799): #12     Element.updateChild (package:flutter/src/widgets/framework.dart:4059)
I/flutter (21799): #13     SingleChildRenderObjectElement.mount (package:flutter/src/widgets/framework.dart:7115)
I/flutter (21799): #14     Element.inflateWidget (package:flutter/src/widgets/framework.dart:4587)
I/flutter (21799): #15     Element.updateChild (package:flutter/src/widgets/framework.dart:4059)
I/flutter (21799): #16     SingleChildRenderObjectElement.mount (package:flutter/src/widgets/framework.dart:7115)
I/flutter (21799): #17     Element.inflateWidget (package:flutter/src/widgets/framework.dart:4587)
I/flutter (21799): #18     MultiChildRenderObjectElement.inflateWidget (package:flutter/src/widgets/framework.dart:7264)
I/flutter (21799): #19     MultiChildRenderObjectElement.mount (package:flutter/src/widgets/framework.dart:7279)
I/flutter (21799): #20     Element.inflateWidget (package:flutter/src/widgets/framework.dart:4587)
I/flutter (21799): #21     Element.updateChild (package:flutter/src/widgets/framework.dart:4053)
I/flutter (21799): #22     ComponentElement.performRebuild (package:flutter/src/widgets/framework.dart:5841)
I/flutter (21799): #23     StatefulElement.performRebuild (package:flutter/src/widgets/framework.dart:5982)
I/flutter (21799): #24     Element.rebuild (package:flutter/src/widgets/framework.dart:5529)
I/flutter (21799): #25     BuildScope._tryRebuild (package:flutter/src/widgets/framework.dart:2750)
I/flutter (21799): #26     BuildScope._flushDirtyElements (package:flutter/src/widgets/framework.dart:2807)
I/flutter (21799): #27     BuildOwner.buildScope (package:flutter/src/widgets/framework.dart:3111)
I/flutter (21799): #28     WidgetsBinding.drawFrame (package:flutter/src/widgets/binding.dart:1571)
I/flutter (21799): #29     RendererBinding._handlePersistentFrameCallback (package:flutter/src/rendering/binding.dart:509)
I/flutter (21799): #30     SchedulerBinding._invokeFrameCallback (package:flutter/src/scheduler/binding.dart:1430)
I/flutter (21799): #31     SchedulerBinding.handleDrawFrame (package:flutter/src/scheduler/binding.dart:1345)
I/flutter (21799): #32     LiveTestWidgetsFlutterBinding.handleDrawFrame (package:flutter_test/src/binding.dart:2811)
I/flutter (21799): #33     SchedulerBinding._handleDrawFrame (package:flutter/src/scheduler/binding.dart:1198)
I/flutter (21799): #37     _invoke (dart:ui/hooks.dart:425)
I/flutter (21799): #38     PlatformDispatcher._drawFrame (dart:ui/platform_dispatcher.dart:447)
I/flutter (21799): #39     _drawFrame (dart:ui/hooks.dart:395)
I/flutter (21799): (elided 3 frames from dart:async)
I/flutter (21799): type 'BoxParentData' is not a subtype of type 'StackParentData' in type cast
I/flutter (21799): #0      Positioned.applyParentData (package:flutter/src/widgets/basic.dart:5171)
I/flutter (21799): #1      RenderObjectElement._updateParentData (package:flutter/src/widgets/framework.dart:6901)
I/flutter (21799): #2      RenderObjectElement.attachRenderObject (package:flutter/src/widgets/framework.dart:6945)
I/flutter (21799): #3      RenderObjectElement.mount (package:flutter/src/widgets/framework.dart:6801)
I/flutter (21799): #4      Element.inflateWidget (package:flutter/src/widgets/framework.dart:4587)
I/flutter (21799): #5      Element.updateChild (package:flutter/src/widgets/framework.dart:4059)
I/flutter (21799): #6      ComponentElement.performRebuild (package:flutter/src/widgets/framework.dart:5858)
I/flutter (21799): #7      Element.rebuild (package:flutter/src/widgets/framework.dart:5529)
I/flutter (21799): #8      ComponentElement._firstBuild (package:flutter/src/widgets/framework.dart:5799)
I/flutter (21799): #9      ComponentElement.mount (package:flutter/src/widgets/framework.dart:5793)
I/flutter (21799): #10     Element.inflateWidget (package:flutter/src/widgets/framework.dart:4587)
I/flutter (21799): #11     Element.updateChild (package:flutter/src/widgets/framework.dart:4059)
I/flutter (21799): #12     SingleChildRenderObjectElement.mount (package:flutter/src/widgets/framework.dart:7115)
I/flutter (21799): #13     Element.inflateWidget (package:flutter/src/widgets/framework.dart:4587)
I/flutter (21799): #14     Element.updateChild (package:flutter/src/widgets/framework.dart:4059)
I/flutter (21799): #15     SingleChildRenderObjectElement.mount (package:flutter/src/widgets/framework.dart:7115)
I/flutter (21799): #16     Element.inflateWidget (package:flutter/src/widgets/framework.dart:4587)
I/flutter (21799): #17     MultiChildRenderObjectElement.inflateWidget (package:flutter/src/widgets/framework.dart:7264)
I/flutter (21799): #18     MultiChildRenderObjectElement.mount (package:flutter/src/widgets/framework.dart:7279)
I/flutter (21799): #19     Element.inflateWidget (package:flutter/src/widgets/framework.dart:4587)
I/flutter (21799): #20     Element.updateChild (package:flutter/src/widgets/framework.dart:4053)
I/flutter (21799): #21     ComponentElement.performRebuild (package:flutter/src/widgets/framework.dart:5841)
I/flutter (21799): #22     StatefulElement.performRebuild (package:flutter/src/widgets/framework.dart:5982)
I/flutter (21799): #23     Element.rebuild (package:flutter/src/widgets/framework.dart:5529)
I/flutter (21799): #24     BuildScope._tryRebuild (package:flutter/src/widgets/framework.dart:2750)
I/flutter (21799): #25     BuildScope._flushDirtyElements (package:flutter/src/widgets/framework.dart:2807)
I/flutter (21799): #26     BuildOwner.buildScope (package:flutter/src/widgets/framework.dart:3111)
I/flutter (21799): #27     WidgetsBinding.drawFrame (package:flutter/src/widgets/binding.dart:1571)
I/flutter (21799): #28     RendererBinding._handlePersistentFrameCallback (package:flutter/src/rendering/binding.dart:509)
I/flutter (21799): #29     SchedulerBinding._invokeFrameCallback (package:flutter/src/scheduler/binding.dart:1430)
I/flutter (21799): #30     SchedulerBinding.handleDrawFrame (package:flutter/src/scheduler/binding.dart:1345)
I/flutter (21799): #31     LiveTestWidgetsFlutterBinding.handleDrawFrame (package:flutter_test/src/binding.dart:2811)
I/flutter (21799): #32     SchedulerBinding._handleDrawFrame (package:flutter/src/scheduler/binding.dart:1198)
I/flutter (21799): #36     _invoke (dart:ui/hooks.dart:425)
I/flutter (21799): #37     PlatformDispatcher._drawFrame (dart:ui/platform_dispatcher.dart:447)
I/flutter (21799): #38     _drawFrame (dart:ui/hooks.dart:395)
I/flutter (21799): (elided 3 frames from dart:async)
[spm]: ProfilerData event received.
I/flutter (21799): [SPM:perf] 698a51a  buildSpan: 7236µs
I/flutter (21799): [spm] Performance monitoring completed for 698a51a
I/flutter (21799): setState 698a51a
I/flutter (21799): type 'BoxParentData' is not a subtype of type 'StackParentData' in type cast
I/flutter (21799): #0      Positioned.applyParentData (package:flutter/src/widgets/basic.dart:5171)
I/flutter (21799): #1      RenderObjectElement._updateParentData (package:flutter/src/widgets/framework.dart:6901)
I/flutter (21799): #2      RenderObjectElement.attachRenderObject (package:flutter/src/widgets/framework.dart:6945)
I/flutter (21799): #3      RenderObjectElement.mount (package:flutter/src/widgets/framework.dart:6801)
I/flutter (21799): #4      SingleChildRenderObjectElement.mount (package:flutter/src/widgets/framework.dart:7114)
I/flutter (21799): #5      Element.inflateWidget (package:flutter/src/widgets/framework.dart:4587)
I/flutter (21799): #6      Element.updateChild (package:flutter/src/widgets/framework.dart:4059)
I/flutter (21799): #7      ComponentElement.performRebuild (package:flutter/src/widgets/framework.dart:5841)
I/flutter (21799): #8      Element.rebuild (package:flutter/src/widgets/framework.dart:5529)
I/flutter (21799): #9      ComponentElement._firstBuild (package:flutter/src/widgets/framework.dart:5799)
I/flutter (21799): #10     ComponentElement.mount (package:flutter/src/widgets/framework.dart:5793)
I/flutter (21799): #11     Element.inflateWidget (package:flutter/src/widgets/framework.dart:4587)
I/flutter (21799): #12     Element.updateChild (package:flutter/src/widgets/framework.dart:4059)
I/flutter (21799): #13     SingleChildRenderObjectElement.mount (package:flutter/src/widgets/framework.dart:7115)
I/flutter (21799): #14     Element.inflateWidget (package:flutter/src/widgets/framework.dart:4587)
I/flutter (21799): #15     Element.updateChild (package:flutter/src/widgets/framework.dart:4059)
I/flutter (21799): #16     SingleChildRenderObjectElement.mount (package:flutter/src/widgets/framework.dart:7115)
I/flutter (21799): #17     Element.inflateWidget (package:flutter/src/widgets/framework.dart:4587)
I/flutter (21799): #18     MultiChildRenderObjectElement.inflateWidget (package:flutter/src/widgets/framework.dart:7264)
I/flutter (21799): #19     MultiChildRenderObjectElement.mount (package:flutter/src/widgets/framework.dart:7279)
I/flutter (21799): #20     Element.inflateWidget (package:flutter/src/widgets/framework.dart:4587)
I/flutter (21799): #21     Element.updateChild (package:flutter/src/widgets/framework.dart:4053)
I/flutter (21799): #22     ComponentElement.performRebuild (package:flutter/src/widgets/framework.dart:5841)
I/flutter (21799): #23     StatefulElement.performRebuild (package:flutter/src/widgets/framework.dart:5982)
I/flutter (21799): #24     Element.rebuild (package:flutter/src/widgets/framework.dart:5529)
I/flutter (21799): #25     BuildScope._tryRebuild (package:flutter/src/widgets/framework.dart:2750)
I/flutter (21799): #26     BuildScope._flushDirtyElements (package:flutter/src/widgets/framework.dart:2807)
I/flutter (21799): #27     BuildOwner.buildScope (package:flutter/src/widgets/framework.dart:3111)
I/flutter (21799): #28     WidgetsBinding.drawFrame (package:flutter/src/widgets/binding.dart:1571)
I/flutter (21799): #29     RendererBinding._handlePersistentFrameCallback (package:flutter/src/rendering/binding.dart:509)
I/flutter (21799): #30     SchedulerBinding._invokeFrameCallback (package:flutter/src/scheduler/binding.dart:1430)
I/flutter (21799): #31     SchedulerBinding.handleDrawFrame (package:flutter/src/scheduler/binding.dart:1345)
I/flutter (21799): #32     LiveTestWidgetsFlutterBinding.handleDrawFrame (package:flutter_test/src/binding.dart:2811)
I/flutter (21799): #33     SchedulerBinding._handleDrawFrame (package:flutter/src/scheduler/binding.dart:1198)
I/flutter (21799): #37     _invoke (dart:ui/hooks.dart:425)
I/flutter (21799): #38     PlatformDispatcher._drawFrame (dart:ui/platform_dispatcher.dart:447)
I/flutter (21799): #39     _drawFrame (dart:ui/hooks.dart:395)
I/flutter (21799): (elided 3 frames from dart:async)
I/flutter (21799): type 'BoxParentData' is not a subtype of type 'StackParentData' in type cast
I/flutter (21799): #0      Positioned.applyParentData (package:flutter/src/widgets/basic.dart:5171)
I/flutter (21799): #1      RenderObjectElement._updateParentData (package:flutter/src/widgets/framework.dart:6901)
I/flutter (21799): #2      RenderObjectElement.attachRenderObject (package:flutter/src/widgets/framework.dart:6945)
I/flutter (21799): #3      RenderObjectElement.mount (package:flutter/src/widgets/framework.dart:6801)
I/flutter (21799): #4      Element.inflateWidget (package:flutter/src/widgets/framework.dart:4587)
I/flutter (21799): #5      Element.updateChild (package:flutter/src/widgets/framework.dart:4059)
I/flutter (21799): #6      ComponentElement.performRebuild (package:flutter/src/widgets/framework.dart:5858)
I/flutter (21799): #7      Element.rebuild (package:flutter/src/widgets/framework.dart:5529)
I/flutter (21799): #8      ComponentElement._firstBuild (package:flutter/src/widgets/framework.dart:5799)
I/flutter (21799): #9      ComponentElement.mount (package:flutter/src/widgets/framework.dart:5793)
I/flutter (21799): #10     Element.inflateWidget (package:flutter/src/widgets/framework.dart:4587)
I/flutter (21799): #11     Element.updateChild (package:flutter/src/widgets/framework.dart:4059)
I/flutter (21799): #12     SingleChildRenderObjectElement.mount (package:flutter/src/widgets/framework.dart:7115)
I/flutter (21799): #13     Element.inflateWidget (package:flutter/src/widgets/framework.dart:4587)
I/flutter (21799): #14     Element.updateChild (package:flutter/src/widgets/framework.dart:4059)
I/flutter (21799): #15     SingleChildRenderObjectElement.mount (package:flutter/src/widgets/framework.dart:7115)
I/flutter (21799): #16     Element.inflateWidget (package:flutter/src/widgets/framework.dart:4587)
I/flutter (21799): #17     MultiChildRenderObjectElement.inflateWidget (package:flutter/src/widgets/framework.dart:7264)
I/flutter (21799): #18     MultiChildRenderObjectElement.mount (package:flutter/src/widgets/framework.dart:7279)
I/flutter (21799): #19     Element.inflateWidget (package:flutter/src/widgets/framework.dart:4587)
I/flutter (21799): #20     Element.updateChild (package:flutter/src/widgets/framework.dart:4053)
I/flutter (21799): #21     ComponentElement.performRebuild (package:flutter/src/widgets/framework.dart:5841)
I/flutter (21799): #22     StatefulElement.performRebuild (package:flutter/src/widgets/framework.dart:5982)
I/flutter (21799): #23     Element.rebuild (package:flutter/src/widgets/framework.dart:5529)
I/flutter (21799): #24     BuildScope._tryRebuild (package:flutter/src/widgets/framework.dart:2750)
I/flutter (21799): #25     BuildScope._flushDirtyElements (package:flutter/src/widgets/framework.dart:2807)
I/flutter (21799): #26     BuildOwner.buildScope (package:flutter/src/widgets/framework.dart:3111)
I/flutter (21799): #27     WidgetsBinding.drawFrame (package:flutter/src/widgets/binding.dart:1571)
I/flutter (21799): #28     RendererBinding._handlePersistentFrameCallback (package:flutter/src/rendering/binding.dart:509)
I/flutter (21799): #29     SchedulerBinding._invokeFrameCallback (package:flutter/src/scheduler/binding.dart:1430)
I/flutter (21799): #30     SchedulerBinding.handleDrawFrame (package:flutter/src/scheduler/binding.dart:1345)
I/flutter (21799): #31     LiveTestWidgetsFlutterBinding.handleDrawFrame (package:flutter_test/src/binding.dart:2811)
I/flutter (21799): #32     SchedulerBinding._handleDrawFrame (package:flutter/src/scheduler/binding.dart:1198)
I/flutter (21799): #36     _invoke (dart:ui/hooks.dart:425)
I/flutter (21799): #37     PlatformDispatcher._drawFrame (dart:ui/platform_dispatcher.dart:447)
I/flutter (21799): #38     _drawFrame (dart:ui/hooks.dart:395)
I/flutter (21799): (elided 3 frames from dart:async)
I/flutter (21799): [SPM:perf] 698a51a  buildSpan: 7385µs
I/flutter (21799): [spm] Performance monitoring completed for 698a51a
I/flutter (21799): setState 698a51a
[spm]: ProfilerData event received.
I/flutter (21799): type 'BoxParentData' is not a subtype of type 'StackParentData' in type cast
I/flutter (21799): #0      Positioned.applyParentData (package:flutter/src/widgets/basic.dart:5171)
I/flutter (21799): #1      RenderObjectElement._updateParentData (package:flutter/src/widgets/framework.dart:6901)
I/flutter (21799): #2      RenderObjectElement.attachRenderObject (package:flutter/src/widgets/framework.dart:6945)
I/flutter (21799): #3      RenderObjectElement.mount (package:flutter/src/widgets/framework.dart:6801)
I/flutter (21799): #4      SingleChildRenderObjectElement.mount (package:flutter/src/widgets/framework.dart:7114)
I/flutter (21799): #5      Element.inflateWidget (package:flutter/src/widgets/framework.dart:4587)
I/flutter (21799): #6      Element.updateChild (package:flutter/src/widgets/framework.dart:4059)
I/flutter (21799): #7      ComponentElement.performRebuild (package:flutter/src/widgets/framework.dart:5841)
I/flutter (21799): #8      Element.rebuild (package:flutter/src/widgets/framework.dart:5529)
I/flutter (21799): #9      ComponentElement._firstBuild (package:flutter/src/widgets/framework.dart:5799)
I/flutter (21799): #10     ComponentElement.mount (package:flutter/src/widgets/framework.dart:5793)
I/flutter (21799): #11     Element.inflateWidget (package:flutter/src/widgets/framework.dart:4587)
I/flutter (21799): #12     Element.updateChild (package:flutter/src/widgets/framework.dart:4059)
I/flutter (21799): #13     SingleChildRenderObjectElement.mount (package:flutter/src/widgets/framework.dart:7115)
I/flutter (21799): #14     Element.inflateWidget (package:flutter/src/widgets/framework.dart:4587)
I/flutter (21799): #15     Element.updateChild (package:flutter/src/widgets/framework.dart:4059)
I/flutter (21799): #16     SingleChildRenderObjectElement.mount (package:flutter/src/widgets/framework.dart:7115)
I/flutter (21799): #17     Element.inflateWidget (package:flutter/src/widgets/framework.dart:4587)
I/flutter (21799): #18     MultiChildRenderObjectElement.inflateWidget (package:flutter/src/widgets/framework.dart:7264)
I/flutter (21799): #19     MultiChildRenderObjectElement.mount (package:flutter/src/widgets/framework.dart:7279)
I/flutter (21799): #20     Element.inflateWidget (package:flutter/src/widgets/framework.dart:4587)
I/flutter (21799): #21     Element.updateChild (package:flutter/src/widgets/framework.dart:4053)
I/flutter (21799): #22     ComponentElement.performRebuild (package:flutter/src/widgets/framework.dart:5841)
I/flutter (21799): #23     StatefulElement.performRebuild (package:flutter/src/widgets/framework.dart:5982)
I/flutter (21799): #24     Element.rebuild (package:flutter/src/widgets/framework.dart:5529)
I/flutter (21799): #25     BuildScope._tryRebuild (package:flutter/src/widgets/framework.dart:2750)
I/flutter (21799): #26     BuildScope._flushDirtyElements (package:flutter/src/widgets/framework.dart:2807)
I/flutter (21799): #27     BuildOwner.buildScope (package:flutter/src/widgets/framework.dart:3111)
I/flutter (21799): #28     WidgetsBinding.drawFrame (package:flutter/src/widgets/binding.dart:1571)
I/flutter (21799): #29     RendererBinding._handlePersistentFrameCallback (package:flutter/src/rendering/binding.dart:509)
I/flutter (21799): #30     SchedulerBinding._invokeFrameCallback (package:flutter/src/scheduler/binding.dart:1430)
I/flutter (21799): #31     SchedulerBinding.handleDrawFrame (package:flutter/src/scheduler/binding.dart:1345)
I/flutter (21799): #32     LiveTestWidgetsFlutterBinding.handleDrawFrame (package:flutter_test/src/binding.dart:2811)
I/flutter (21799): #33     SchedulerBinding._handleDrawFrame (package:flutter/src/scheduler/binding.dart:1198)
I/flutter (21799): #37     _invoke (dart:ui/hooks.dart:425)
I/flutter (21799): #38     PlatformDispatcher._drawFrame (dart:ui/platform_dispatcher.dart:447)
I/flutter (21799): #39     _drawFrame (dart:ui/hooks.dart:395)
I/flutter (21799): (elided 3 frames from dart:async)
I/flutter (21799): type 'BoxParentData' is not a subtype of type 'StackParentData' in type cast
I/flutter (21799): #0      Positioned.applyParentData (package:flutter/src/widgets/basic.dart:5171)
I/flutter (21799): #1      RenderObjectElement._updateParentData (package:flutter/src/widgets/framework.dart:6901)
I/flutter (21799): #2      RenderObjectElement.attachRenderObject (package:flutter/src/widgets/framework.dart:6945)
I/flutter (21799): #3      RenderObjectElement.mount (package:flutter/src/widgets/framework.dart:6801)
I/flutter (21799): #4      Element.inflateWidget (package:flutter/src/widgets/framework.dart:4587)
I/flutter (21799): #5      Element.updateChild (package:flutter/src/widgets/framework.dart:4059)
I/flutter (21799): #6      ComponentElement.performRebuild (package:flutter/src/widgets/framework.dart:5858)
I/flutter (21799): #7      Element.rebuild (package:flutter/src/widgets/framework.dart:5529)
I/flutter (21799): #8      ComponentElement._firstBuild (package:flutter/src/widgets/framework.dart:5799)
I/flutter (21799): #9      ComponentElement.mount (package:flutter/src/widgets/framework.dart:5793)
I/flutter (21799): #10     Element.inflateWidget (package:flutter/src/widgets/framework.dart:4587)
I/flutter (21799): #11     Element.updateChild (package:flutter/src/widgets/framework.dart:4059)
I/flutter (21799): #12     SingleChildRenderObjectElement.mount (package:flutter/src/widgets/framework.dart:7115)
I/flutter (21799): #13     Element.inflateWidget (package:flutter/src/widgets/framework.dart:4587)
I/flutter (21799): #14     Element.updateChild (package:flutter/src/widgets/framework.dart:4059)
I/flutter (21799): #15     SingleChildRenderObjectElement.mount (package:flutter/src/widgets/framework.dart:7115)
I/flutter (21799): #16     Element.inflateWidget (package:flutter/src/widgets/framework.dart:4587)
I/flutter (21799): #17     MultiChildRenderObjectElement.inflateWidget (package:flutter/src/widgets/framework.dart:7264)
I/flutter (21799): #18     MultiChildRenderObjectElement.mount (package:flutter/src/widgets/framework.dart:7279)
I/flutter (21799): #19     Element.inflateWidget (package:flutter/src/widgets/framework.dart:4587)
I/flutter (21799): #20     Element.updateChild (package:flutter/src/widgets/framework.dart:4053)
I/flutter (21799): #21     ComponentElement.performRebuild (package:flutter/src/widgets/framework.dart:5841)
I/flutter (21799): #22     StatefulElement.performRebuild (package:flutter/src/widgets/framework.dart:5982)
I/flutter (21799): #23     Element.rebuild (package:flutter/src/widgets/framework.dart:5529)
I/flutter (21799): #24     BuildScope._tryRebuild (package:flutter/src/widgets/framework.dart:2750)
I/flutter (21799): #25     BuildScope._flushDirtyElements (package:flutter/src/widgets/framework.dart:2807)
I/flutter (21799): #26     BuildOwner.buildScope (package:flutter/src/widgets/framework.dart:3111)
I/flutter (21799): #27     WidgetsBinding.drawFrame (package:flutter/src/widgets/binding.dart:1571)
I/flutter (21799): #28     RendererBinding._handlePersistentFrameCallback (package:flutter/src/rendering/binding.dart:509)
I/flutter (21799): #29     SchedulerBinding._invokeFrameCallback (package:flutter/src/scheduler/binding.dart:1430)
I/flutter (21799): #30     SchedulerBinding.handleDrawFrame (package:flutter/src/scheduler/binding.dart:1345)
I/flutter (21799): #31     LiveTestWidgetsFlutterBinding.handleDrawFrame (package:flutter_test/src/binding.dart:2811)
I/flutter (21799): #32     SchedulerBinding._handleDrawFrame (package:flutter/src/scheduler/binding.dart:1198)
I/flutter (21799): #36     _invoke (dart:ui/hooks.dart:425)
I/flutter (21799): #37     PlatformDispatcher._drawFrame (dart:ui/platform_dispatcher.dart:447)
I/flutter (21799): #38     _drawFrame (dart:ui/hooks.dart:395)
I/flutter (21799): (elided 3 frames from dart:async)
I/flutter (21799): [SPM:perf] 698a51a  buildSpan: 7381µs
I/flutter (21799): [spm] Performance monitoring completed for 698a51a
I/flutter (21799): setState 698a51a
[spm]: ProfilerData event received.
I/flutter (21799): type 'BoxParentData' is not a subtype of type 'StackParentData' in type cast
I/flutter (21799): #0      Positioned.applyParentData (package:flutter/src/widgets/basic.dart:5171)
I/flutter (21799): #1      RenderObjectElement._updateParentData (package:flutter/src/widgets/framework.dart:6901)
I/flutter (21799): #2      RenderObjectElement.attachRenderObject (package:flutter/src/widgets/framework.dart:6945)
I/flutter (21799): #3      RenderObjectElement.mount (package:flutter/src/widgets/framework.dart:6801)
I/flutter (21799): #4      SingleChildRenderObjectElement.mount (package:flutter/src/widgets/framework.dart:7114)
I/flutter (21799): #5      Element.inflateWidget (package:flutter/src/widgets/framework.dart:4587)
I/flutter (21799): #6      Element.updateChild (package:flutter/src/widgets/framework.dart:4059)
I/flutter (21799): #7      ComponentElement.performRebuild (package:flutter/src/widgets/framework.dart:5841)
I/flutter (21799): #8      Element.rebuild (package:flutter/src/widgets/framework.dart:5529)
I/flutter (21799): #9      ComponentElement._firstBuild (package:flutter/src/widgets/framework.dart:5799)
I/flutter (21799): #10     ComponentElement.mount (package:flutter/src/widgets/framework.dart:5793)
I/flutter (21799): #11     Element.inflateWidget (package:flutter/src/widgets/framework.dart:4587)
I/flutter (21799): #12     Element.updateChild (package:flutter/src/widgets/framework.dart:4059)
I/flutter (21799): #13     SingleChildRenderObjectElement.mount (package:flutter/src/widgets/framework.dart:7115)
I/flutter (21799): #14     Element.inflateWidget (package:flutter/src/widgets/framework.dart:4587)
I/flutter (21799): #15     Element.updateChild (package:flutter/src/widgets/framework.dart:4059)
I/flutter (21799): #16     SingleChildRenderObjectElement.mount (package:flutter/src/widgets/framework.dart:7115)
I/flutter (21799): #17     Element.inflateWidget (package:flutter/src/widgets/framework.dart:4587)
I/flutter (21799): #18     MultiChildRenderObjectElement.inflateWidget (package:flutter/src/widgets/framework.dart:7264)
I/flutter (21799): #19     MultiChildRenderObjectElement.mount (package:flutter/src/widgets/framework.dart:7279)
I/flutter (21799): #20     Element.inflateWidget (package:flutter/src/widgets/framework.dart:4587)
I/flutter (21799): #21     Element.updateChild (package:flutter/src/widgets/framework.dart:4053)
I/flutter (21799): #22     ComponentElement.performRebuild (package:flutter/src/widgets/framework.dart:5841)
I/flutter (21799): #23     StatefulElement.performRebuild (package:flutter/src/widgets/framework.dart:5982)
I/flutter (21799): #24     Element.rebuild (package:flutter/src/widgets/framework.dart:5529)
I/flutter (21799): #25     BuildScope._tryRebuild (package:flutter/src/widgets/framework.dart:2750)
I/flutter (21799): #26     BuildScope._flushDirtyElements (package:flutter/src/widgets/framework.dart:2807)
I/flutter (21799): #27     BuildOwner.buildScope (package:flutter/src/widgets/framework.dart:3111)
I/flutter (21799): #28     WidgetsBinding.drawFrame (package:flutter/src/widgets/binding.dart:1571)
I/flutter (21799): #29     RendererBinding._handlePersistentFrameCallback (package:flutter/src/rendering/binding.dart:509)
I/flutter (21799): #30     SchedulerBinding._invokeFrameCallback (package:flutter/src/scheduler/binding.dart:1430)
I/flutter (21799): #31     SchedulerBinding.handleDrawFrame (package:flutter/src/scheduler/binding.dart:1345)
I/flutter (21799): #32     LiveTestWidgetsFlutterBinding.handleDrawFrame (package:flutter_test/src/binding.dart:2811)
I/flutter (21799): #33     SchedulerBinding._handleDrawFrame (package:flutter/src/scheduler/binding.dart:1198)
I/flutter (21799): #37     _invoke (dart:ui/hooks.dart:425)
I/flutter (21799): #38     PlatformDispatcher._drawFrame (dart:ui/platform_dispatcher.dart:447)
I/flutter (21799): #39     _drawFrame (dart:ui/hooks.dart:395)
I/flutter (21799): (elided 3 frames from dart:async)
I/flutter (21799): type 'BoxParentData' is not a subtype of type 'StackParentData' in type cast
I/flutter (21799): #0      Positioned.applyParentData (package:flutter/src/widgets/basic.dart:5171)
I/flutter (21799): #1      RenderObjectElement._updateParentData (package:flutter/src/widgets/framework.dart:6901)
I/flutter (21799): #2      RenderObjectElement.attachRenderObject (package:flutter/src/widgets/framework.dart:6945)
I/flutter (21799): #3      RenderObjectElement.mount (package:flutter/src/widgets/framework.dart:6801)
I/flutter (21799): #4      Element.inflateWidget (package:flutter/src/widgets/framework.dart:4587)
I/flutter (21799): #5      Element.updateChild (package:flutter/src/widgets/framework.dart:4059)
I/flutter (21799): #6      ComponentElement.performRebuild (package:flutter/src/widgets/framework.dart:5858)
I/flutter (21799): #7      Element.rebuild (package:flutter/src/widgets/framework.dart:5529)
I/flutter (21799): #8      ComponentElement._firstBuild (package:flutter/src/widgets/framework.dart:5799)
I/flutter (21799): #9      ComponentElement.mount (package:flutter/src/widgets/framework.dart:5793)
I/flutter (21799): #10     Element.inflateWidget (package:flutter/src/widgets/framework.dart:4587)
I/flutter (21799): #11     Element.updateChild (package:flutter/src/widgets/framework.dart:4059)
I/flutter (21799): #12     SingleChildRenderObjectElement.mount (package:flutter/src/widgets/framework.dart:7115)
I/flutter (21799): #13     Element.inflateWidget (package:flutter/src/widgets/framework.dart:4587)
I/flutter (21799): #14     Element.updateChild (package:flutter/src/widgets/framework.dart:4059)
I/flutter (21799): #15     SingleChildRenderObjectElement.mount (package:flutter/src/widgets/framework.dart:7115)
I/flutter (21799): #16     Element.inflateWidget (package:flutter/src/widgets/framework.dart:4587)
I/flutter (21799): #17     MultiChildRenderObjectElement.inflateWidget (package:flutter/src/widgets/framework.dart:7264)
I/flutter (21799): #18     MultiChildRenderObjectElement.mount (package:flutter/src/widgets/framework.dart:7279)
I/flutter (21799): #19     Element.inflateWidget (package:flutter/src/widgets/framework.dart:4587)
I/flutter (21799): #20     Element.updateChild (package:flutter/src/widgets/framework.dart:4053)
I/flutter (21799): #21     ComponentElement.performRebuild (package:flutter/src/widgets/framework.dart:5841)
I/flutter (21799): #22     StatefulElement.performRebuild (package:flutter/src/widgets/framework.dart:5982)
I/flutter (21799): #23     Element.rebuild (package:flutter/src/widgets/framework.dart:5529)
I/flutter (21799): #24     BuildScope._tryRebuild (package:flutter/src/widgets/framework.dart:2750)
I/flutter (21799): #25     BuildScope._flushDirtyElements (package:flutter/src/widgets/framework.dart:2807)
I/flutter (21799): #26     BuildOwner.buildScope (package:flutter/src/widgets/framework.dart:3111)
I/flutter (21799): #27     WidgetsBinding.drawFrame (package:flutter/src/widgets/binding.dart:1571)
I/flutter (21799): #28     RendererBinding._handlePersistentFrameCallback (package:flutter/src/rendering/binding.dart:509)
I/flutter (21799): #29     SchedulerBinding._invokeFrameCallback (package:flutter/src/scheduler/binding.dart:1430)
I/flutter (21799): #30     SchedulerBinding.handleDrawFrame (package:flutter/src/scheduler/binding.dart:1345)
I/flutter (21799): #31     LiveTestWidgetsFlutterBinding.handleDrawFrame (package:flutter_test/src/binding.dart:2811)
I/flutter (21799): #32     SchedulerBinding._handleDrawFrame (package:flutter/src/scheduler/binding.dart:1198)
I/flutter (21799): #36     _invoke (dart:ui/hooks.dart:425)
I/flutter (21799): #37     PlatformDispatcher._drawFrame (dart:ui/platform_dispatcher.dart:447)
I/flutter (21799): #38     _drawFrame (dart:ui/hooks.dart:395)
I/flutter (21799): (elided 3 frames from dart:async)
[spm]: ProfilerData event received.
I/flutter (21799): [SPM:perf] 698a51a  buildSpan: 7253µs
I/flutter (21799): [spm] Performance monitoring completed for 698a51a
I/flutter (21799): setState 698a51a
I/flutter (21799): type 'BoxParentData' is not a subtype of type 'StackParentData' in type cast
I/flutter (21799): #0      Positioned.applyParentData (package:flutter/src/widgets/basic.dart:5171)
I/flutter (21799): #1      RenderObjectElement._updateParentData (package:flutter/src/widgets/framework.dart:6901)
I/flutter (21799): #2      RenderObjectElement.attachRenderObject (package:flutter/src/widgets/framework.dart:6945)
I/flutter (21799): #3      RenderObjectElement.mount (package:flutter/src/widgets/framework.dart:6801)
I/flutter (21799): #4      SingleChildRenderObjectElement.mount (package:flutter/src/widgets/framework.dart:7114)
I/flutter (21799): #5      Element.inflateWidget (package:flutter/src/widgets/framework.dart:4587)
I/flutter (21799): #6      Element.updateChild (package:flutter/src/widgets/framework.dart:4059)
I/flutter (21799): #7      ComponentElement.performRebuild (package:flutter/src/widgets/framework.dart:5841)
I/flutter (21799): #8      Element.rebuild (package:flutter/src/widgets/framework.dart:5529)
I/flutter (21799): #9      ComponentElement._firstBuild (package:flutter/src/widgets/framework.dart:5799)
I/flutter (21799): #10     ComponentElement.mount (package:flutter/src/widgets/framework.dart:5793)
I/flutter (21799): #11     Element.inflateWidget (package:flutter/src/widgets/framework.dart:4587)
I/flutter (21799): #12     Element.updateChild (package:flutter/src/widgets/framework.dart:4059)
I/flutter (21799): #13     SingleChildRenderObjectElement.mount (package:flutter/src/widgets/framework.dart:7115)
I/flutter (21799): #14     Element.inflateWidget (package:flutter/src/widgets/framework.dart:4587)
I/flutter (21799): #15     Element.updateChild (package:flutter/src/widgets/framework.dart:4059)
I/flutter (21799): #16     SingleChildRenderObjectElement.mount (package:flutter/src/widgets/framework.dart:7115)
I/flutter (21799): #17     Element.inflateWidget (package:flutter/src/widgets/framework.dart:4587)
I/flutter (21799): #18     MultiChildRenderObjectElement.inflateWidget (package:flutter/src/widgets/framework.dart:7264)
I/flutter (21799): #19     MultiChildRenderObjectElement.mount (package:flutter/src/widgets/framework.dart:7279)
I/flutter (21799): #20     Element.inflateWidget (package:flutter/src/widgets/framework.dart:4587)
I/flutter (21799): #21     Element.updateChild (package:flutter/src/widgets/framework.dart:4053)
I/flutter (21799): #22     ComponentElement.performRebuild (package:flutter/src/widgets/framework.dart:5841)
I/flutter (21799): #23     StatefulElement.performRebuild (package:flutter/src/widgets/framework.dart:5982)
I/flutter (21799): #24     Element.rebuild (package:flutter/src/widgets/framework.dart:5529)
I/flutter (21799): #25     BuildScope._tryRebuild (package:flutter/src/widgets/framework.dart:2750)
I/flutter (21799): #26     BuildScope._flushDirtyElements (package:flutter/src/widgets/framework.dart:2807)
I/flutter (21799): #27     BuildOwner.buildScope (package:flutter/src/widgets/framework.dart:3111)
I/flutter (21799): #28     WidgetsBinding.drawFrame (package:flutter/src/widgets/binding.dart:1571)
I/flutter (21799): #29     RendererBinding._handlePersistentFrameCallback (package:flutter/src/rendering/binding.dart:509)
I/flutter (21799): #30     SchedulerBinding._invokeFrameCallback (package:flutter/src/scheduler/binding.dart:1430)
I/flutter (21799): #31     SchedulerBinding.handleDrawFrame (package:flutter/src/scheduler/binding.dart:1345)
I/flutter (21799): #32     LiveTestWidgetsFlutterBinding.handleDrawFrame (package:flutter_test/src/binding.dart:2811)
I/flutter (21799): #33     SchedulerBinding._handleDrawFrame (package:flutter/src/scheduler/binding.dart:1198)
I/flutter (21799): #37     _invoke (dart:ui/hooks.dart:425)
I/flutter (21799): #38     PlatformDispatcher._drawFrame (dart:ui/platform_dispatcher.dart:447)
I/flutter (21799): #39     _drawFrame (dart:ui/hooks.dart:395)
I/flutter (21799): (elided 3 frames from dart:async)
I/flutter (21799): type 'BoxParentData' is not a subtype of type 'StackParentData' in type cast
I/flutter (21799): #0      Positioned.applyParentData (package:flutter/src/widgets/basic.dart:5171)
I/flutter (21799): #1      RenderObjectElement._updateParentData (package:flutter/src/widgets/framework.dart:6901)
I/flutter (21799): #2      RenderObjectElement.attachRenderObject (package:flutter/src/widgets/framework.dart:6945)
I/flutter (21799): #3      RenderObjectElement.mount (package:flutter/src/widgets/framework.dart:6801)
I/flutter (21799): #4      Element.inflateWidget (package:flutter/src/widgets/framework.dart:4587)
I/flutter (21799): #5      Element.updateChild (package:flutter/src/widgets/framework.dart:4059)
I/flutter (21799): #6      ComponentElement.performRebuild (package:flutter/src/widgets/framework.dart:5858)
I/flutter (21799): #7      Element.rebuild (package:flutter/src/widgets/framework.dart:5529)
I/flutter (21799): #8      ComponentElement._firstBuild (package:flutter/src/widgets/framework.dart:5799)
I/flutter (21799): #9      ComponentElement.mount (package:flutter/src/widgets/framework.dart:5793)
I/flutter (21799): #10     Element.inflateWidget (package:flutter/src/widgets/framework.dart:4587)
I/flutter (21799): #11     Element.updateChild (package:flutter/src/widgets/framework.dart:4059)
I/flutter (21799): #12     SingleChildRenderObjectElement.mount (package:flutter/src/widgets/framework.dart:7115)
I/flutter (21799): #13     Element.inflateWidget (package:flutter/src/widgets/framework.dart:4587)
I/flutter (21799): #14     Element.updateChild (package:flutter/src/widgets/framework.dart:4059)
I/flutter (21799): #15     SingleChildRenderObjectElement.mount (package:flutter/src/widgets/framework.dart:7115)
I/flutter (21799): #16     Element.inflateWidget (package:flutter/src/widgets/framework.dart:4587)
I/flutter (21799): #17     MultiChildRenderObjectElement.inflateWidget (package:flutter/src/widgets/framework.dart:7264)
I/flutter (21799): #18     MultiChildRenderObjectElement.mount (package:flutter/src/widgets/framework.dart:7279)
I/flutter (21799): #19     Element.inflateWidget (package:flutter/src/widgets/framework.dart:4587)
I/flutter (21799): #20     Element.updateChild (package:flutter/src/widgets/framework.dart:4053)
I/flutter (21799): #21     ComponentElement.performRebuild (package:flutter/src/widgets/framework.dart:5841)
I/flutter (21799): #22     StatefulElement.performRebuild (package:flutter/src/widgets/framework.dart:5982)
I/flutter (21799): #23     Element.rebuild (package:flutter/src/widgets/framework.dart:5529)
I/flutter (21799): #24     BuildScope._tryRebuild (package:flutter/src/widgets/framework.dart:2750)
I/flutter (21799): #25     BuildScope._flushDirtyElements (package:flutter/src/widgets/framework.dart:2807)
I/flutter (21799): #26     BuildOwner.buildScope (package:flutter/src/widgets/framework.dart:3111)
I/flutter (21799): #27     WidgetsBinding.drawFrame (package:flutter/src/widgets/binding.dart:1571)
I/flutter (21799): #28     RendererBinding._handlePersistentFrameCallback (package:flutter/src/rendering/binding.dart:509)
I/flutter (21799): #29     SchedulerBinding._invokeFrameCallback (package:flutter/src/scheduler/binding.dart:1430)
I/flutter (21799): #30     SchedulerBinding.handleDrawFrame (package:flutter/src/scheduler/binding.dart:1345)
I/flutter (21799): #31     LiveTestWidgetsFlutterBinding.handleDrawFrame (package:flutter_test/src/binding.dart:2811)
I/flutter (21799): #32     SchedulerBinding._handleDrawFrame (package:flutter/src/scheduler/binding.dart:1198)
I/flutter (21799): #36     _invoke (dart:ui/hooks.dart:425)
I/flutter (21799): #37     PlatformDispatcher._drawFrame (dart:ui/platform_dispatcher.dart:447)
I/flutter (21799): #38     _drawFrame (dart:ui/hooks.dart:395)
I/flutter (21799): (elided 3 frames from dart:async)
[spm]: ProfilerData event received.
I/flutter (21799): [SPM:perf] 698a51a  buildSpan: 7485µs
I/flutter (21799): [spm] Performance monitoring completed for 698a51a
I/flutter (21799): Multiple exceptions (62) were detected during the running of the current test, and at least one was unexpected.
I/flutter (21799): #0      debugPrintStack (package:flutter/src/foundation/assertions.dart:1213)
I/flutter (21799): #1      FlutterError.dumpErrorToConsole (package:flutter/src/foundation/assertions.dart:1033)
I/flutter (21799): #2      _defaultTestExceptionReporter (package:flutter_test/src/test_exception_reporter.dart:29)
I/flutter (21799): #3      new IntegrationTestWidgetsFlutterBinding.<anonymous closure> (package:integration_test/integration_test.dart:91)
I/flutter (21799): #4      TestWidgetsFlutterBinding._createTestCompletionHandler.<anonymous closure> (package:flutter_test/src/binding.dart:1713)
I/flutter (21799): <asynchronous suspension>
I/flutter (21799): (elided 6 frames from dart:async)
I/flutter (21799): 01:10 +0: Performance Benchmark [E]
I/flutter (21799):   Test failed. See exception logs above.
I/flutter (21799):   The test description was: Performance Benchmark
I/flutter (21799):   
I/flutter (21799): 01:10 +0 -1: (tearDownAll)
I/flutter (21799): 01:11 +1 -1: Some tests failed.
Failure Details:
Failure in method: Performance Benchmark
Instance of 'FlutterErrorDetails'
end of failure 1



[spm]: Saved 30 profiler events to <ROOT>/dataset/08/redmi9t/raw/20260730-045703/mutation_1/e9.jsonl
[spm]: Reverting injection...
7 issues found. (ran in 0.8s)
WARNING: Your Android app project: app located at: <ROOT>/android/app/build.gradle.kts
applies the Kotlin Gradle Plugin, which will cause build failures in future versions of Flutter. 
Please migrate your app to Built-in Kotlin using this guide: https://docs.flutter.dev/release/breaking-changes/migrate-to-built-in-kotlin/for-app-developers

VMServiceFlutterDriver: Connecting to Flutter application at http://127.0.0.1:45871/lK6iebQPVKc=/
[spm]: Detected VM service URI: ws://127.0.0.1:45871/lK6iebQPVKc=/ws
VMServiceFlutterDriver: Isolate found with number: 3140264878713887
VMServiceFlutterDriver: Isolate 3140264878713887 is runnable.
VMServiceFlutterDriver: Isolate is paused at start.
VMServiceFlutterDriver: Attempting to resume isolate
VMServiceFlutterDriver: Connected to Flutter application.