iso_ts,epoch,elapsed_s,batt_level,batt_status,batt_temp_c,soc_temp_c,current_ma,event
2026-08-15T06:27:55+03:00,1786764475,0,80,3,36.1,57.8,,run
2026-08-15T06:28:00+03:00,1786764480,5,80,3,36.1,51.0,,run
2026-08-15T06:28:05+03:00,1786764485,10,80,3,36.1,47.0,,run
2026-08-15T06:28:10+03:00,1786764490,15,80,3,36.1,45.4,,run
2026-08-15T06:28:16+03:00,1786764496,21,80,3,36.1,44.8,,run
2026-08-15T06:28:21+03:00,1786764501,26,80,3,36.1,46.0,,run
2026-08-15T06:28:26+03:00,1786764506,31,80,3,36.1,44.8,,run
2026-08-15T06:28:31+03:00,1786764511,36,80,3,36.1,45.4,,run
2026-08-15T06:28:37+03:00,1786764517,42,80,3,36.1,44.5,,run
2026-08-15T06:28:42+03:00,1786764522,47,80,3,36.1,44.2,,run
2026-08-15T06:28:47+03:00,1786764527,52,80,3,36.1,43.6,,run
2026-08-15T06:28:52+03:00,1786764532,57,80,3,36.1,44.2,,run
2026-08-15T06:28:57+03:00,1786764537,62,80,3,36.1,57.5,,run
2026-08-15T06:29:03+03:00,1786764543,68,80,3,36.1,53.1,,run
2026-08-15T06:29:09+03:00,1786764549,74,80,3,36.1,48.8,,run
2026-08-15T06:29:14+03:00,1786764554,79,80,3,36.1,47.0,,run
2026-08-15T06:29:19+03:00,1786764559,84,80,3,36.1,46.0,,run
2026-08-15T06:29:24+03:00,1786764564,89,80,3,36.1,45.1,,run
2026-08-15T06:29:29+03:00,1786764569,94,80,3,36.1,45.4,,run
2026-08-15T06:29:35+03:00,1786764575,100,80,3,36.1,47.0,,run
2026-08-15T06:29:40+03:00,1786764580,105,80,3,36.1,45.1,,run
2026-08-15T06:29:45+03:00,1786764585,110,80,3,36.1,44.2,,run
2026-08-15T06:29:50+03:00,1786764590,115,80,3,36.1,44.5,,run
2026-08-15T06:29:56+03:00,1786764596,121,80,3,36.1,42.6,,run
2026-08-15T06:30:01+03:00,1786764601,126,80,3,36.1,45.1,,run
2026-08-15T06:30:06+03:00,1786764606,131,80,3,36.1,43.6,,run
2026-08-15T06:30:11+03:00,1786764611,136,80,3,36.1,48.5,,run
2026-08-15T06:30:17+03:00,1786764617,142,80,3,36.1,56.2,,run
2026-08-15T06:30:22+03:00,1786764622,147,80,3,36.1,49.4,,run
2026-08-15T06:30:27+03:00,1786764627,152,80,3,36.1,46.3,,run
2026-08-15T06:30:33+03:00,1786764633,158,80,3,36.1,44.5,,run
2026-08-15T06:30:38+03:00,1786764638,163,80,3,36.1,43.9,,run
2026-08-15T06:30:43+03:00,1786764643,168,80,3,36.1,43.6,,run
2026-08-15T06:30:48+03:00,1786764648,173,80,3,36.1,42.6,,run
2026-08-15T06:30:53+03:00,1786764653,178,80,3,36.1,42.0,,run
2026-08-15T06:30:59+03:00,1786764659,184,80,3,36.1,42.0,,run
2026-08-15T06:31:04+03:00,1786764664,189,80,3,36.1,56.2,,run
2026-08-15T06:31:10+03:00,1786764670,195,80,3,36.1,46.0,,run
2026-08-15T06:31:15+03:00,1786764675,200,80,3,36.1,52.2,,run
2026-08-15T06:31:20+03:00,1786764680,205,80,3,36.1,46.0,,run
2026-08-15T06:31:25+03:00,1786764685,210,80,3,36.1,47.9,,run
2026-08-15T06:31:31+03:00,1786764691,216,80,3,36.1,43.9,,run
2026-08-15T06:31:36+03:00,1786764696,221,80,3,36.1,44.2,,run
2026-08-15T06:31:41+03:00,1786764701,226,80,3,36.1,42.9,,run
2026-08-15T06:31:46+03:00,1786764706,231,80,3,36.1,43.6,,run
2026-08-15T06:31:51+03:00,1786764711,236,80,3,36.1,44.2,,run
2026-08-15T06:31:57+03:00,1786764717,242,80,3,36.1,42.9,,run
2026-08-15T06:32:02+03:00,1786764722,247,80,3,36.1,42.9,,run
2026-08-15T06:32:07+03:00,1786764727,252,80,3,36.1,42.6,,run
2026-08-15T06:32:12+03:00,1786764732,257,80,3,36.1,42.9,,run
2026-08-15T06:32:18+03:00,1786764738,263,80,3,36.1,47.0,,run
2026-08-15T06:32:23+03:00,1786764743,268,80,3,36.1,54.4,,run
2026-08-15T06:32:28+03:00,1786764748,273,80,3,36.1,47.6,,run
2026-08-15T06:32:34+03:00,1786764754,279,80,3,36.1,47.0,,run
2026-08-15T06:32:39+03:00,1786764759,284,80,3,36.1,44.5,,run
2026-08-15T06:32:44+03:00,1786764764,289,80,3,36.1,42.6,,run
2026-08-15T06:32:49+03:00,1786764769,294,80,3,36.1,45.7,,run
2026-08-15T06:32:54+03:00,1786764774,299,80,3,36.1,42.0,,run
2026-08-15T06:33:00+03:00,1786764780,305,80,3,36.1,42.3,,run
2026-08-15T06:33:05+03:00,1786764785,310,80,3,36.1,45.1,,run
2026-08-15T06:33:10+03:00,1786764790,315,80,3,36.1,51.0,,run
2026-08-15T06:33:16+03:00,1786764796,321,80,3,36.1,44.2,,run
2026-08-15T06:33:21+03:00,1786764801,326,80,3,36.1,47.6,,run
2026-08-15T06:33:26+03:00,1786764806,331,80,3,36.1,48.5,,run
2026-08-15T06:33:31+03:00,1786764811,336,80,3,36.1,45.7,,run
2026-08-15T06:33:36+03:00,1786764816,341,80,3,36.1,44.2,,run
2026-08-15T06:33:42+03:00,1786764822,347,80,3,36.1,49.4,,run
2026-08-15T06:33:47+03:00,1786764827,352,80,3,36.1,45.1,,run
2026-08-15T06:33:52+03:00,1786764832,357,80,3,36.1,44.2,,run
2026-08-15T06:33:57+03:00,1786764837,362,80,3,36.1,45.4,,run
2026-08-15T06:34:03+03:00,1786764843,368,80,3,36.1,43.6,,run
2026-08-15T06:34:08+03:00,1786764848,373,80,3,36.1,42.9,,run
2026-08-15T06:34:13+03:00,1786764853,378,80,3,36.1,45.1,,run
2026-08-15T06:34:18+03:00,1786764858,383,80,3,36.1,42.9,,run
2026-08-15T06:34:23+03:00,1786764863,388,80,3,36.1,54.4,,run
2026-08-15T06:34:29+03:00,1786764869,394,80,3,36.1,42.6,,run
2026-08-15T06:34:34+03:00,1786764874,399,80,3,36.1,41.7,,run
2026-08-15T06:34:39+03:00,1786764879,404,80,3,36.1,42.6,,run
2026-08-15T06:34:45+03:00,1786764885,410,80,3,36.1,49.1,,run
2026-08-15T06:34:50+03:00,1786764890,415,80,3,36.1,42.9,,run
2026-08-15T06:34:55+03:00,1786764895,420,80,3,36.1,42.0,,run
2026-08-15T06:35:00+03:00,1786764900,425,80,3,36.1,41.4,,run
2026-08-15T06:35:06+03:00,1786764906,431,80,3,36.1,45.1,,run
2026-08-15T06:35:11+03:00,1786764911,436,80,3,36.1,51.9,,run
2026-08-15T06:35:16+03:00,1786764916,441,80,3,36.1,44.5,,run
2026-08-15T06:35:21+03:00,1786764921,446,80,3,36.1,43.2,,run
2026-08-15T06:35:27+03:00,1786764927,452,80,3,36.1,43.2,,run
2026-08-15T06:35:32+03:00,1786764932,457,80,3,36.1,47.6,,run
2026-08-15T06:35:37+03:00,1786764937,462,80,3,36.1,46.3,,run
2026-08-15T06:35:42+03:00,1786764942,467,80,3,36.1,44.2,,run
2026-08-15T06:35:48+03:00,1786764948,473,80,3,36.1,42.6,,run
2026-08-15T06:35:53+03:00,1786764953,478,80,3,36.1,41.4,,run
2026-08-15T06:35:58+03:00,1786764958,483,80,3,36.1,45.4,,run
2026-08-15T06:36:03+03:00,1786764963,488,80,3,36.1,42.9,,run
2026-08-15T06:36:09+03:00,1786764969,494,80,3,36.1,41.4,,run
2026-08-15T06:36:14+03:00,1786764974,499,80,3,36.1,42.6,,run
2026-08-15T06:36:19+03:00,1786764979,504,80,3,36.1,41.7,,run
2026-08-15T06:36:24+03:00,1786764984,509,80,3,36.1,44.8,,run
2026-08-15T06:36:29+03:00,1786764989,514,80,3,36.1,45.4,,run
2026-08-15T06:36:35+03:00,1786764995,520,80,3,36.1,43.2,,run
2026-08-15T06:36:40+03:00,1786765000,525,80,3,36.1,40.8,,run
2026-08-15T06:36:45+03:00,1786765005,530,80,3,36.1,41.1,,run
2026-08-15T06:36:50+03:00,1786765010,535,80,3,36.1,43.2,,run
2026-08-15T06:36:56+03:00,1786765016,541,80,3,36.1,47.9,,run
2026-08-15T06:37:01+03:00,1786765021,546,80,3,36.1,42.9,,run
2026-08-15T06:37:06+03:00,1786765026,551,80,3,36.1,42.6,,run
2026-08-15T06:37:11+03:00,1786765031,556,80,3,36.1,54.1,,run
2026-08-15T06:37:17+03:00,1786765037,562,80,3,36.1,42.6,,run
2026-08-15T06:37:22+03:00,1786765042,567,80,3,36.1,42.6,,run
2026-08-15T06:37:27+03:00,1786765047,572,80,3,36.1,44.2,,run
2026-08-15T06:37:32+03:00,1786765052,577,80,3,36.1,42.0,,run
2026-08-15T06:37:38+03:00,1786765058,583,80,3,36.1,44.8,,run
2026-08-15T06:37:43+03:00,1786765063,588,80,3,36.1,50.4,,run
2026-08-15T06:37:48+03:00,1786765068,593,80,3,36.1,45.4,,run
2026-08-15T06:37:53+03:00,1786765073,598,80,3,31.7,42.3,,run
2026-08-15T06:37:58+03:00,1786765078,603,80,3,31.7,42.0,,run
2026-08-15T06:38:04+03:00,1786765084,609,80,3,31.7,41.1,,run
2026-08-15T06:38:09+03:00,1786765089,614,80,3,31.7,40.8,,run
2026-08-15T06:38:14+03:00,1786765094,619,80,3,31.7,43.9,,run
2026-08-15T06:38:19+03:00,1786765099,624,80,3,31.7,43.2,,run
2026-08-15T06:38:25+03:00,1786765105,630,80,3,31.7,50.4,,run
2026-08-15T06:38:30+03:00,1786765110,635,80,3,31.7,46.0,,run
2026-08-15T06:38:35+03:00,1786765115,640,80,3,31.7,44.8,,run
2026-08-15T06:38:40+03:00,1786765120,645,80,3,31.7,40.8,,run
2026-08-15T06:38:45+03:00,1786765125,650,80,3,31.7,40.2,,run
2026-08-15T06:38:51+03:00,1786765131,656,80,3,31.7,39.5,,run
2026-08-15T06:38:56+03:00,1786765136,661,80,3,31.7,40.5,,run
2026-08-15T06:39:01+03:00,1786765141,666,80,3,31.7,43.6,,run
2026-08-15T06:39:06+03:00,1786765146,671,80,3,31.7,46.3,,run
2026-08-15T06:39:12+03:00,1786765152,677,80,3,31.7,52.2,,run
2026-08-15T06:39:17+03:00,1786765157,682,80,3,31.7,45.7,,run
2026-08-15T06:39:23+03:00,1786765163,688,80,3,31.7,43.2,,run
2026-08-15T06:39:28+03:00,1786765168,693,80,3,31.7,42.9,,run
2026-08-15T06:39:33+03:00,1786765173,698,80,3,31.7,41.4,,run
2026-08-15T06:39:38+03:00,1786765178,703,80,3,31.7,42.3,,run
2026-08-15T06:39:44+03:00,1786765184,709,80,3,31.7,43.2,,run
2026-08-15T06:39:49+03:00,1786765189,714,80,3,31.7,44.8,,run
2026-08-15T06:39:54+03:00,1786765194,719,80,3,31.7,46.3,,run
2026-08-15T06:39:59+03:00,1786765199,724,80,3,31.7,42.3,,run
2026-08-15T06:40:05+03:00,1786765204,729,80,3,31.7,42.3,,run
2026-08-15T06:40:10+03:00,1786765210,735,80,3,31.7,41.1,,run
2026-08-15T06:40:15+03:00,1786765215,740,80,3,31.7,41.1,,run
2026-08-15T06:40:20+03:00,1786765220,745,80,3,31.7,41.4,,run
2026-08-15T06:40:25+03:00,1786765225,750,80,3,31.7,46.7,,run
2026-08-15T06:40:31+03:00,1786765231,756,80,3,31.7,53.5,,run
2026-08-15T06:40:36+03:00,1786765236,761,80,3,31.7,46.0,,run
2026-08-15T06:40:42+03:00,1786765242,767,80,3,31.7,41.1,,run
2026-08-15T06:40:47+03:00,1786765247,772,80,3,31.7,40.8,,run
2026-08-15T06:40:52+03:00,1786765252,777,80,3,31.7,40.5,,run
2026-08-15T06:40:57+03:00,1786765257,782,80,3,31.7,39.5,,run
2026-08-15T06:41:03+03:00,1786765263,788,80,3,31.7,39.5,,run
2026-08-15T06:41:08+03:00,1786765268,793,80,3,31.7,39.5,,run
2026-08-15T06:41:13+03:00,1786765273,798,80,3,31.7,52.5,,run
2026-08-15T06:41:19+03:00,1786765279,804,80,3,31.7,45.4,,run
2026-08-15T06:41:24+03:00,1786765284,809,80,3,31.7,43.9,,run
2026-08-15T06:41:29+03:00,1786765289,814,80,3,31.7,42.9,,run
2026-08-15T06:41:34+03:00,1786765294,819,80,3,31.7,41.7,,run
2026-08-15T06:41:40+03:00,1786765300,825,80,3,31.7,40.8,,run
2026-08-15T06:41:45+03:00,1786765305,830,80,3,31.7,40.8,,run
2026-08-15T06:41:50+03:00,1786765310,835,80,3,31.7,40.8,,run
2026-08-15T06:41:55+03:00,1786765315,840,80,3,31.7,46.0,,run
2026-08-15T06:42:00+03:00,1786765320,845,80,3,31.7,47.6,,run
2026-08-15T06:42:06+03:00,1786765326,851,80,3,31.7,48.8,,run
2026-08-15T06:42:11+03:00,1786765331,856,80,3,31.7,43.6,,run
2026-08-15T06:42:16+03:00,1786765336,861,80,3,31.7,42.6,,run
2026-08-15T06:42:21+03:00,1786765341,866,80,3,31.7,41.1,,run
2026-08-15T06:42:27+03:00,1786765347,872,80,3,31.7,41.1,,run
2026-08-15T06:42:32+03:00,1786765352,877,80,3,31.7,51.6,,run
2026-08-15T06:42:37+03:00,1786765357,882,80,3,31.7,45.7,,run
2026-08-15T06:42:43+03:00,1786765363,888,80,3,31.7,41.4,,run
2026-08-15T06:42:48+03:00,1786765368,893,80,3,31.7,44.8,,run
2026-08-15T06:42:53+03:00,1786765373,898,80,3,31.7,40.8,,run
2026-08-15T06:42:58+03:00,1786765378,903,80,3,31.7,39.5,,run
2026-08-15T06:43:04+03:00,1786765384,909,80,3,31.7,41.4,,run
2026-08-15T06:43:09+03:00,1786765389,914,80,3,31.7,39.8,,run
2026-08-15T06:43:14+03:00,1786765394,919,80,3,31.7,42.3,,run
2026-08-15T06:43:19+03:00,1786765399,924,80,3,31.7,51.0,,run
2026-08-15T06:43:25+03:00,1786765405,930,80,3,31.7,46.3,,run
2026-08-15T06:43:30+03:00,1786765410,935,80,3,31.7,43.2,,run
2026-08-15T06:43:35+03:00,1786765415,940,80,3,31.7,42.6,,run
2026-08-15T06:43:40+03:00,1786765420,945,80,3,31.7,41.7,,run
2026-08-15T06:43:45+03:00,1786765425,950,80,3,31.7,42.6,,run
2026-08-15T06:43:51+03:00,1786765431,956,80,3,31.7,43.6,,run
2026-08-15T06:43:56+03:00,1786765436,961,80,3,31.7,42.0,,run
2026-08-15T06:44:01+03:00,1786765441,966,80,3,31.7,41.1,,run
2026-08-15T06:44:06+03:00,1786765446,971,80,3,31.7,44.8,,run
2026-08-15T06:44:12+03:00,1786765452,977,80,3,31.7,48.2,,run
2026-08-15T06:44:17+03:00,1786765457,982,80,3,31.7,44.5,,run
2026-08-15T06:44:22+03:00,1786765462,987,80,3,31.7,45.1,,run
2026-08-15T06:44:27+03:00,1786765467,992,80,3,31.7,42.6,,run
2026-08-15T06:44:32+03:00,1786765472,997,80,3,31.7,53.5,,run
2026-08-15T06:44:38+03:00,1786765478,1003,80,3,31.7,41.7,,run
2026-08-15T06:44:43+03:00,1786765483,1008,80,3,31.7,41.4,,run
2026-08-15T06:44:49+03:00,1786765489,1014,80,3,31.7,42.3,,run
2026-08-15T06:44:54+03:00,1786765494,1019,80,3,31.7,40.5,,run
2026-08-15T06:44:59+03:00,1786765499,1024,80,3,31.7,40.2,,run
2026-08-15T06:45:04+03:00,1786765504,1029,80,3,31.7,42.9,,run
2026-08-15T06:45:09+03:00,1786765509,1034,80,3,31.7,39.8,,run
2026-08-15T06:45:15+03:00,1786765515,1040,80,3,31.7,42.6,,run
2026-08-15T06:45:20+03:00,1786765520,1045,80,3,31.7,51.6,,run
2026-08-15T06:45:25+03:00,1786765525,1050,80,3,31.7,44.8,,run
2026-08-15T06:45:30+03:00,1786765530,1055,80,3,31.7,47.9,,run
2026-08-15T06:45:36+03:00,1786765536,1061,80,3,31.7,45.7,,run
2026-08-15T06:45:41+03:00,1786765541,1066,80,3,31.7,41.7,,run
2026-08-15T06:45:46+03:00,1786765546,1071,80,3,31.7,41.4,,run
2026-08-15T06:45:51+03:00,1786765551,1076,80,3,31.7,40.5,,run
2026-08-15T06:45:57+03:00,1786765557,1082,80,3,31.7,40.5,,run
2026-08-15T06:46:02+03:00,1786765562,1087,80,3,31.7,42.3,,run
2026-08-15T06:46:07+03:00,1786765567,1092,80,3,31.7,41.7,,run
2026-08-15T06:46:12+03:00,1786765572,1097,80,3,31.7,41.4,,run
2026-08-15T06:46:18+03:00,1786765578,1103,80,3,31.7,48.2,,run
2026-08-15T06:46:23+03:00,1786765583,1108,80,3,31.7,47.6,,run
2026-08-15T06:46:28+03:00,1786765588,1113,80,3,31.7,41.1,,run
2026-08-15T06:46:33+03:00,1786765593,1118,80,3,31.7,51.6,,run
2026-08-15T06:46:39+03:00,1786765599,1124,80,3,31.7,43.2,,run
2026-08-15T06:46:44+03:00,1786765604,1129,80,3,31.7,42.3,,run
2026-08-15T06:46:49+03:00,1786765609,1134,80,3,31.7,40.8,,run
2026-08-15T06:46:54+03:00,1786765614,1139,80,3,31.7,40.2,,run
2026-08-15T06:47:00+03:00,1786765620,1145,80,3,31.7,40.2,,run
2026-08-15T06:47:05+03:00,1786765625,1150,80,3,31.7,41.1,,run
2026-08-15T06:47:10+03:00,1786765630,1155,80,3,31.7,39.5,,run
2026-08-15T06:47:15+03:00,1786765635,1160,80,3,31.7,39.2,,run
2026-08-15T06:47:21+03:00,1786765641,1166,80,3,31.7,53.8,,run
2026-08-15T06:47:26+03:00,1786765646,1171,80,3,31.7,43.2,,run
2026-08-15T06:47:32+03:00,1786765652,1177,80,3,31.7,41.1,,run
2026-08-15T06:47:37+03:00,1786765657,1182,80,3,31.7,45.1,,run
2026-08-15T06:47:42+03:00,1786765662,1187,80,3,31.7,48.2,,run
2026-08-15T06:47:47+03:00,1786765667,1192,80,3,31.7,43.6,,run
2026-08-15T06:47:52+03:00,1786765672,1197,80,3,31.7,41.1,,run
2026-08-15T06:47:58+03:00,1786765678,1203,80,3,30.8,41.4,,run
2026-08-15T06:48:03+03:00,1786765683,1208,80,3,30.8,40.2,,run
2026-08-15T06:48:08+03:00,1786765688,1213,80,3,30.8,41.4,,run
2026-08-15T06:48:13+03:00,1786765693,1218,80,3,30.8,42.0,,run
2026-08-15T06:48:19+03:00,1786765699,1224,80,3,30.8,42.0,,run
2026-08-15T06:48:24+03:00,1786765704,1229,80,3,30.8,40.5,,run
2026-08-15T06:48:29+03:00,1786765709,1234,80,3,30.8,45.7,,run
2026-08-15T06:48:34+03:00,1786765714,1239,80,3,30.8,51.9,,run
2026-08-15T06:48:40+03:00,1786765720,1245,80,3,30.8,45.7,,run
2026-08-15T06:48:45+03:00,1786765725,1250,80,3,30.8,42.3,,run
2026-08-15T06:48:50+03:00,1786765730,1255,80,3,30.8,42.3,,run
2026-08-15T06:48:55+03:00,1786765735,1260,80,3,30.8,39.5,,run
2026-08-15T06:49:00+03:00,1786765740,1265,80,3,30.8,38.9,,run
2026-08-15T06:49:06+03:00,1786765746,1271,80,3,30.8,39.5,,run
2026-08-15T06:49:11+03:00,1786765751,1276,80,3,30.8,39.2,,run
2026-08-15T06:49:16+03:00,1786765756,1281,80,3,30.8,38.6,,run
2026-08-15T06:49:21+03:00,1786765761,1286,80,3,30.8,51.3,,run
2026-08-15T06:49:27+03:00,1786765767,1292,80,3,30.8,43.6,,run
2026-08-15T06:49:32+03:00,1786765772,1297,80,3,30.8,43.6,,run
2026-08-15T06:49:38+03:00,1786765778,1303,80,3,30.8,42.3,,run
2026-08-15T06:49:43+03:00,1786765783,1308,80,3,30.8,40.8,,run
2026-08-15T06:49:48+03:00,1786765788,1313,80,3,30.8,45.1,,run
2026-08-15T06:49:53+03:00,1786765793,1318,80,3,30.8,41.4,,run
2026-08-15T06:49:58+03:00,1786765798,1323,80,3,30.8,42.6,,run
2026-08-15T06:50:04+03:00,1786765804,1329,80,3,30.8,42.6,,run
2026-08-15T06:50:09+03:00,1786765809,1334,80,3,30.8,40.8,,run
2026-08-15T06:50:14+03:00,1786765814,1339,80,3,30.8,41.1,,run
2026-08-15T06:50:19+03:00,1786765819,1344,80,3,30.8,39.8,,run
2026-08-15T06:50:25+03:00,1786765825,1350,80,3,30.8,40.8,,run
2026-08-15T06:50:30+03:00,1786765830,1355,80,3,30.8,42.3,,run
2026-08-15T06:50:35+03:00,1786765835,1360,80,3,30.8,50.4,,run
2026-08-15T06:50:40+03:00,1786765840,1365,80,3,30.8,55.3,,run
2026-08-15T06:50:46+03:00,1786765846,1371,80,3,30.8,44.2,,run
2026-08-15T06:50:51+03:00,1786765851,1376,80,3,30.8,40.8,,run
2026-08-15T06:50:56+03:00,1786765856,1381,80,3,30.8,39.2,,run
2026-08-15T06:51:02+03:00,1786765862,1387,80,3,30.8,44.8,,run
2026-08-15T06:51:07+03:00,1786765867,1392,80,3,30.8,41.1,,run
2026-08-15T06:51:12+03:00,1786765872,1397,80,3,30.8,40.5,,run
2026-08-15T06:51:17+03:00,1786765877,1402,80,3,30.8,38.9,,run
2026-08-15T06:51:23+03:00,1786765883,1408,80,3,30.8,46.0,,run
2026-08-15T06:51:28+03:00,1786765888,1413,80,3,30.8,45.1,,run
2026-08-15T06:51:33+03:00,1786765893,1418,80,3,30.8,41.4,,run
2026-08-15T06:51:39+03:00,1786765899,1424,80,3,30.8,40.5,,run
2026-08-15T06:51:44+03:00,1786765904,1429,80,3,30.8,42.9,,run
2026-08-15T06:51:49+03:00,1786765909,1434,80,3,30.8,45.1,,run
2026-08-15T06:51:54+03:00,1786765914,1439,80,3,30.8,46.7,,run
2026-08-15T06:51:59+03:00,1786765919,1444,79,3,30.8,43.6,,run
2026-08-15T06:52:05+03:00,1786765925,1450,79,3,30.8,42.3,,run
2026-08-15T06:52:10+03:00,1786765930,1455,79,3,30.8,41.7,,run
2026-08-15T06:52:15+03:00,1786765935,1460,79,3,30.8,42.3,,run
2026-08-15T06:52:20+03:00,1786765940,1465,79,3,30.8,41.7,,run
2026-08-15T06:52:26+03:00,1786765946,1471,79,3,30.8,41.1,,run
2026-08-15T06:52:31+03:00,1786765951,1476,79,3,30.8,41.1,,run
2026-08-15T06:52:36+03:00,1786765956,1481,79,3,30.8,41.1,,run
2026-08-15T06:52:41+03:00,1786765961,1486,79,3,30.8,52.5,,run
2026-08-15T06:52:47+03:00,1786765967,1492,79,3,30.8,49.1,,run
2026-08-15T06:52:52+03:00,1786765972,1497,79,3,30.8,42.0,,run
2026-08-15T06:52:57+03:00,1786765977,1502,79,3,30.8,40.5,,run
2026-08-15T06:53:03+03:00,1786765983,1508,79,3,30.8,38.9,,run
2026-08-15T06:53:08+03:00,1786765988,1513,79,3,30.8,38.9,,run
2026-08-15T06:53:13+03:00,1786765993,1518,79,3,30.8,41.1,,run
2026-08-15T06:53:18+03:00,1786765998,1523,79,3,30.8,45.1,,run
2026-08-15T06:53:24+03:00,1786766004,1529,79,3,30.8,44.5,,run
2026-08-15T06:53:29+03:00,1786766009,1534,79,3,30.8,48.2,,run
2026-08-15T06:53:34+03:00,1786766014,1539,79,3,30.8,42.0,,run
2026-08-15T06:53:39+03:00,1786766019,1544,79,3,30.8,41.1,,run
2026-08-15T06:53:45+03:00,1786766025,1550,79,3,30.8,41.1,,run
2026-08-15T06:53:50+03:00,1786766030,1555,79,3,30.8,41.4,,run
2026-08-15T06:53:55+03:00,1786766035,1560,79,3,30.8,42.0,,run
2026-08-15T06:54:00+03:00,1786766040,1565,79,3,30.8,42.3,,run
2026-08-15T06:54:06+03:00,1786766046,1571,79,3,30.8,47.3,,run
2026-08-15T06:54:11+03:00,1786766051,1576,79,3,30.8,42.9,,run
2026-08-15T06:54:16+03:00,1786766056,1581,79,3,30.8,40.5,,run
2026-08-15T06:54:21+03:00,1786766061,1586,79,3,30.8,40.2,,run
2026-08-15T06:54:26+03:00,1786766066,1591,79,3,30.8,41.7,,run
2026-08-15T06:54:32+03:00,1786766072,1597,79,3,30.8,42.0,,run
2026-08-15T06:54:37+03:00,1786766077,1602,79,3,30.8,40.5,,run
2026-08-15T06:54:42+03:00,1786766082,1607,79,3,30.8,49.7,,run
2026-08-15T06:54:48+03:00,1786766088,1613,79,3,30.8,44.5,,run
2026-08-15T06:54:53+03:00,1786766093,1618,79,3,30.8,48.2,,run
2026-08-15T06:54:58+03:00,1786766098,1623,79,3,30.8,45.1,,run
2026-08-15T06:55:03+03:00,1786766103,1628,79,3,30.8,40.5,,run
2026-08-15T06:55:09+03:00,1786766109,1634,79,3,30.8,40.5,,run
2026-08-15T06:55:14+03:00,1786766114,1639,79,3,30.8,39.8,,run
2026-08-15T06:55:19+03:00,1786766119,1644,79,3,30.8,39.5,,run
2026-08-15T06:55:24+03:00,1786766124,1649,79,3,30.8,40.2,,run
2026-08-15T06:55:30+03:00,1786766130,1655,79,3,30.8,52.8,,run
2026-08-15T06:55:35+03:00,1786766135,1660,79,3,30.8,43.2,,run
2026-08-15T06:55:40+03:00,1786766140,1665,79,3,30.8,42.6,,run
2026-08-15T06:55:45+03:00,1786766145,1670,79,3,30.8,43.2,,run
2026-08-15T06:55:50+03:00,1786766150,1675,79,3,30.8,43.6,,run
2026-08-15T06:55:56+03:00,1786766156,1681,79,3,30.8,43.2,,run
2026-08-15T06:56:01+03:00,1786766161,1686,79,3,30.8,42.0,,run
2026-08-15T06:56:06+03:00,1786766166,1691,79,3,30.8,40.5,,run
2026-08-15T06:56:11+03:00,1786766171,1696,79,3,30.8,45.7,,run
2026-08-15T06:56:17+03:00,1786766177,1702,79,3,30.8,43.2,,run
2026-08-15T06:56:22+03:00,1786766182,1707,79,3,30.8,47.0,,run
2026-08-15T06:56:27+03:00,1786766187,1712,79,3,30.8,42.0,,run
2026-08-15T06:56:32+03:00,1786766192,1717,79,3,30.8,42.0,,run
2026-08-15T06:56:37+03:00,1786766197,1722,79,3,30.8,41.1,,run
2026-08-15T06:56:43+03:00,1786766203,1728,79,3,30.8,45.7,,run
2026-08-15T06:56:48+03:00,1786766208,1733,79,3,30.8,43.9,,run
2026-08-15T06:56:53+03:00,1786766213,1738,79,3,30.8,42.0,,run
2026-08-15T06:56:58+03:00,1786766218,1743,79,3,30.8,44.5,,run
2026-08-15T06:57:04+03:00,1786766224,1749,79,3,30.8,44.2,,run
2026-08-15T06:57:09+03:00,1786766229,1754,79,3,30.8,40.2,,run
2026-08-15T06:57:14+03:00,1786766234,1759,79,3,30.8,39.2,,run
2026-08-15T06:57:19+03:00,1786766239,1764,79,3,30.8,39.5,,run
2026-08-15T06:57:25+03:00,1786766245,1770,79,3,30.8,41.4,,run
2026-08-15T06:57:30+03:00,1786766250,1775,79,3,30.8,52.8,,run
2026-08-15T06:57:35+03:00,1786766255,1780,79,3,30.8,44.2,,run
2026-08-15T06:57:41+03:00,1786766261,1786,79,3,30.8,42.9,,run
2026-08-15T06:57:46+03:00,1786766266,1791,79,3,30.8,44.8,,run
2026-08-15T06:57:51+03:00,1786766271,1796,79,3,30.8,42.0,,run
2026-08-15T06:57:56+03:00,1786766276,1801,79,3,30.8,41.7,,run
2026-08-15T06:58:01+03:00,1786766281,1806,79,3,30.8,43.6,,run
2026-08-15T06:58:07+03:00,1786766287,1812,79,3,30.8,41.7,,run
2026-08-15T06:58:12+03:00,1786766292,1817,79,3,30.8,42.9,,run
2026-08-15T06:58:17+03:00,1786766297,1822,79,3,30.8,43.9,,run
2026-08-15T06:58:22+03:00,1786766302,1827,79,3,30.8,47.3,,run
2026-08-15T06:58:28+03:00,1786766308,1833,79,3,30.8,42.6,,run
2026-08-15T06:58:33+03:00,1786766313,1838,79,3,30.8,42.0,,run
2026-08-15T06:58:38+03:00,1786766318,1843,79,3,30.8,44.8,,run
2026-08-15T06:58:43+03:00,1786766323,1848,79,3,30.8,48.5,,run
2026-08-15T06:58:49+03:00,1786766329,1854,79,3,30.8,55.9,,run
2026-08-15T06:58:54+03:00,1786766334,1859,79,3,30.8,45.1,,run
2026-08-15T06:58:59+03:00,1786766339,1864,79,3,30.8,41.4,,run
2026-08-15T06:59:04+03:00,1786766344,1869,79,3,30.8,40.8,,run
2026-08-15T06:59:10+03:00,1786766350,1875,79,3,30.8,42.9,,run
2026-08-15T06:59:15+03:00,1786766355,1880,79,3,30.8,43.2,,run
2026-08-15T06:59:20+03:00,1786766360,1885,79,3,30.8,41.1,,run
2026-08-15T06:59:25+03:00,1786766365,1890,79,3,30.8,40.8,,run
2026-08-15T06:59:31+03:00,1786766371,1896,79,3,30.8,51.0,,run
2026-08-15T06:59:36+03:00,1786766376,1901,79,3,30.8,43.9,,run
2026-08-15T06:59:42+03:00,1786766382,1907,79,3,30.8,43.6,,run
2026-08-15T06:59:47+03:00,1786766387,1912,79,3,30.8,44.5,,run
2026-08-15T06:59:52+03:00,1786766392,1917,79,3,30.8,42.9,,run
2026-08-15T06:59:57+03:00,1786766397,1922,79,3,30.8,41.4,,run
2026-08-15T07:00:03+03:00,1786766403,1928,79,3,30.8,45.7,,run
2026-08-15T07:00:08+03:00,1786766408,1933,79,3,30.8,41.1,,run
2026-08-15T07:00:13+03:00,1786766413,1938,79,3,30.8,43.2,,run
2026-08-15T07:00:18+03:00,1786766418,1943,79,3,30.8,41.1,,run
2026-08-15T07:00:23+03:00,1786766423,1948,79,3,30.8,41.1,,run
2026-08-15T07:00:29+03:00,1786766429,1954,79,3,30.8,47.9,,run
2026-08-15T07:00:34+03:00,1786766434,1959,79,3,30.8,43.9,,run
2026-08-15T07:00:39+03:00,1786766439,1964,79,3,30.8,42.0,,run
2026-08-15T07:00:44+03:00,1786766444,1969,79,3,30.8,42.6,,run
2026-08-15T07:00:50+03:00,1786766450,1975,79,3,30.8,51.6,,run
2026-08-15T07:00:55+03:00,1786766455,1980,79,3,30.8,48.5,,run
2026-08-15T07:01:00+03:00,1786766460,1985,79,3,30.8,43.2,,run
2026-08-15T07:01:06+03:00,1786766466,1991,79,3,30.8,40.8,,run
2026-08-15T07:01:11+03:00,1786766471,1996,79,3,30.8,39.2,,run
2026-08-15T07:01:16+03:00,1786766476,2001,79,3,30.8,44.2,,run
2026-08-15T07:01:21+03:00,1786766481,2006,79,3,30.8,43.2,,run
2026-08-15T07:01:26+03:00,1786766486,2011,79,3,30.8,40.8,,run
2026-08-15T07:01:32+03:00,1786766492,2017,79,3,30.8,42.3,,run
2026-08-15T07:01:37+03:00,1786766497,2022,79,3,30.8,47.3,,run
2026-08-15T07:01:42+03:00,1786766502,2027,79,3,30.8,41.7,,run
2026-08-15T07:01:47+03:00,1786766507,2032,79,3,30.8,42.0,,run
2026-08-15T07:01:53+03:00,1786766513,2038,79,3,30.8,42.3,,run
2026-08-15T07:01:58+03:00,1786766518,2043,79,3,30.8,40.5,,run
2026-08-15T07:02:03+03:00,1786766523,2048,79,3,30.8,42.3,,run
2026-08-15T07:02:08+03:00,1786766528,2053,79,3,30.8,42.0,,run
2026-08-15T07:02:14+03:00,1786766534,2059,79,3,30.8,41.4,,run
2026-08-15T07:02:19+03:00,1786766539,2064,79,3,30.8,42.9,,run
2026-08-15T07:02:24+03:00,1786766544,2069,79,3,30.8,40.5,,run
2026-08-15T07:02:29+03:00,1786766549,2074,79,3,30.8,41.7,,run
2026-08-15T07:02:34+03:00,1786766554,2079,79,3,30.8,43.6,,run
2026-08-15T07:02:40+03:00,1786766560,2085,79,3,30.8,48.5,,run
2026-08-15T07:02:45+03:00,1786766565,2090,79,3,30.8,43.2,,run
2026-08-15T07:02:50+03:00,1786766570,2095,79,3,30.8,52.2,,run
2026-08-15T07:02:56+03:00,1786766576,2101,79,3,30.8,42.3,,run
2026-08-15T07:03:01+03:00,1786766581,2106,79,3,30.8,41.4,,run
2026-08-15T07:03:06+03:00,1786766586,2111,79,3,30.8,40.2,,run
2026-08-15T07:03:11+03:00,1786766591,2116,79,3,30.8,44.8,,run
2026-08-15T07:03:17+03:00,1786766597,2122,79,3,30.8,40.8,,run
2026-08-15T07:03:22+03:00,1786766602,2127,79,3,30.8,40.2,,run
2026-08-15T07:03:27+03:00,1786766607,2132,79,3,30.8,44.8,,run
2026-08-15T07:03:32+03:00,1786766612,2137,79,3,30.8,46.0,,run
2026-08-15T07:03:38+03:00,1786766618,2143,79,3,30.8,51.3,,run
2026-08-15T07:03:43+03:00,1786766623,2148,79,3,30.8,44.5,,run
2026-08-15T07:03:48+03:00,1786766628,2153,78,3,30.9,41.1,,run
2026-08-15T07:03:53+03:00,1786766633,2158,78,3,30.9,41.4,,run
2026-08-15T07:03:58+03:00,1786766638,2163,78,3,30.9,40.5,,run
2026-08-15T07:04:04+03:00,1786766644,2169,78,3,30.9,41.4,,run
2026-08-15T07:04:09+03:00,1786766649,2174,78,3,30.9,42.0,,run
2026-08-15T07:04:14+03:00,1786766654,2179,78,3,30.9,41.4,,run
2026-08-15T07:04:19+03:00,1786766659,2184,78,3,30.9,41.1,,run
2026-08-15T07:04:25+03:00,1786766665,2190,78,3,30.9,39.8,,run
2026-08-15T07:04:30+03:00,1786766670,2195,78,3,30.9,39.8,,run
2026-08-15T07:04:35+03:00,1786766675,2200,78,3,30.9,46.7,,run
2026-08-15T07:04:40+03:00,1786766680,2205,78,3,30.9,43.9,,run
2026-08-15T07:04:46+03:00,1786766686,2211,78,3,30.9,45.4,,run
2026-08-15T07:04:51+03:00,1786766691,2216,78,3,30.9,53.1,,run
2026-08-15T07:04:56+03:00,1786766696,2221,78,3,30.9,43.2,,run
2026-08-15T07:05:01+03:00,1786766701,2226,78,3,30.9,44.2,,run
2026-08-15T07:05:07+03:00,1786766707,2232,78,3,30.9,40.8,,run
2026-08-15T07:05:12+03:00,1786766712,2237,78,3,30.9,39.2,,run
2026-08-15T07:05:17+03:00,1786766717,2242,78,3,30.9,39.5,,run
2026-08-15T07:05:22+03:00,1786766722,2247,78,3,30.9,39.2,,run
2026-08-15T07:05:28+03:00,1786766728,2253,78,3,30.9,45.1,,run
2026-08-15T07:05:33+03:00,1786766733,2258,78,3,30.9,42.6,,run
2026-08-15T07:05:38+03:00,1786766738,2263,78,3,30.9,54.7,,run
2026-08-15T07:05:43+03:00,1786766743,2268,78,3,30.9,42.6,,run
2026-08-15T07:05:49+03:00,1786766749,2274,78,3,30.9,44.2,,run
2026-08-15T07:05:54+03:00,1786766754,2279,78,3,30.9,42.0,,run
2026-08-15T07:05:59+03:00,1786766759,2284,78,3,30.9,43.2,,run
2026-08-15T07:06:04+03:00,1786766764,2289,78,3,30.9,42.9,,run
2026-08-15T07:06:09+03:00,1786766769,2294,78,3,30.9,41.7,,run
2026-08-15T07:06:15+03:00,1786766775,2300,78,3,30.9,40.2,,run
2026-08-15T07:06:20+03:00,1786766780,2305,78,3,30.9,41.7,,run
2026-08-15T07:06:25+03:00,1786766785,2310,78,3,30.9,40.2,,run
2026-08-15T07:06:30+03:00,1786766790,2315,78,3,30.9,40.2,,run
2026-08-15T07:06:36+03:00,1786766796,2321,78,3,30.9,42.3,,run
2026-08-15T07:06:41+03:00,1786766801,2326,78,3,30.9,42.0,,run
2026-08-15T07:06:46+03:00,1786766806,2331,78,3,30.9,39.8,,run
2026-08-15T07:06:51+03:00,1786766811,2336,78,3,30.9,51.6,,run
2026-08-15T07:06:57+03:00,1786766817,2342,78,3,30.9,53.8,,run
2026-08-15T07:07:02+03:00,1786766822,2347,78,3,30.9,46.7,,run
2026-08-15T07:07:07+03:00,1786766827,2352,78,3,30.9,40.8,,run
2026-08-15T07:07:12+03:00,1786766832,2357,78,3,30.9,40.2,,run
2026-08-15T07:07:18+03:00,1786766838,2363,78,3,30.9,39.2,,run
2026-08-15T07:07:23+03:00,1786766843,2368,78,3,30.9,39.2,,run
2026-08-15T07:07:28+03:00,1786766848,2373,78,3,30.9,39.2,,run
2026-08-15T07:07:33+03:00,1786766853,2378,78,3,30.9,38.9,,run
2026-08-15T07:07:38+03:00,1786766858,2383,78,3,30.9,50.1,,run
2026-08-15T07:07:44+03:00,1786766864,2389,78,3,30.9,47.6,,run
2026-08-15T07:07:50+03:00,1786766870,2395,78,3,30.9,43.2,,run
2026-08-15T07:07:55+03:00,1786766875,2400,78,3,30.8,41.7,,run
2026-08-15T07:08:00+03:00,1786766880,2405,78,3,30.8,41.7,,run
2026-08-15T07:08:05+03:00,1786766885,2410,78,3,30.8,40.8,,run
2026-08-15T07:08:11+03:00,1786766891,2416,78,3,30.8,39.8,,run
2026-08-15T07:08:16+03:00,1786766896,2421,78,3,30.8,42.6,,run
2026-08-15T07:08:21+03:00,1786766901,2426,78,3,30.8,40.5,,run
2026-08-15T07:08:26+03:00,1786766906,2431,78,3,30.8,39.8,,run
2026-08-15T07:08:31+03:00,1786766911,2436,78,3,30.8,40.5,,run
2026-08-15T07:08:37+03:00,1786766917,2442,78,3,30.8,41.1,,run
2026-08-15T07:08:42+03:00,1786766922,2447,78,3,30.8,40.5,,run
2026-08-15T07:08:47+03:00,1786766927,2452,78,3,30.8,40.5,,run
2026-08-15T07:08:52+03:00,1786766932,2457,78,3,30.8,46.0,,run
2026-08-15T07:08:58+03:00,1786766938,2463,78,3,30.8,51.9,,run
2026-08-15T07:09:03+03:00,1786766943,2468,78,3,30.8,47.6,,run
2026-08-15T07:09:08+03:00,1786766948,2473,78,3,30.8,44.5,,run
2026-08-15T07:09:13+03:00,1786766953,2478,78,3,30.8,42.6,,run
2026-08-15T07:09:19+03:00,1786766959,2484,78,3,30.8,39.8,,run
2026-08-15T07:09:24+03:00,1786766964,2489,78,3,30.8,39.2,,run
2026-08-15T07:09:29+03:00,1786766969,2494,78,3,30.8,39.8,,run
2026-08-15T07:09:34+03:00,1786766974,2499,78,3,30.8,39.5,,run
2026-08-15T07:09:40+03:00,1786766980,2505,78,3,30.8,48.8,,run
2026-08-15T07:09:45+03:00,1786766985,2510,78,3,30.8,43.2,,run
2026-08-15T07:09:50+03:00,1786766990,2515,78,3,30.8,45.4,,run
2026-08-15T07:09:56+03:00,1786766995,2520,78,3,30.8,43.6,,run
2026-08-15T07:10:01+03:00,1786767001,2526,78,3,30.8,46.0,,run
2026-08-15T07:10:06+03:00,1786767006,2531,78,3,30.8,42.9,,run
2026-08-15T07:10:11+03:00,1786767011,2536,78,3,30.8,42.0,,run
2026-08-15T07:10:16+03:00,1786767016,2541,78,3,30.8,40.8,,run
2026-08-15T07:10:22+03:00,1786767022,2547,78,3,30.8,40.5,,run
2026-08-15T07:10:27+03:00,1786767027,2552,78,3,30.8,40.8,,run
2026-08-15T07:10:32+03:00,1786767032,2557,78,3,30.8,43.2,,run
2026-08-15T07:10:37+03:00,1786767037,2562,78,3,30.8,40.8,,run
2026-08-15T07:10:43+03:00,1786767043,2568,78,3,30.8,40.2,,run
2026-08-15T07:10:48+03:00,1786767048,2573,78,3,30.8,40.5,,run
2026-08-15T07:10:53+03:00,1786767053,2578,78,3,30.8,39.8,,run
2026-08-15T07:10:58+03:00,1786767058,2583,78,3,30.8,51.6,,run
2026-08-15T07:11:04+03:00,1786767064,2589,78,3,30.8,42.0,,run
2026-08-15T07:11:09+03:00,1786767069,2594,78,3,30.8,40.2,,run
2026-08-15T07:11:14+03:00,1786767074,2599,78,3,30.8,46.7,,run
2026-08-15T07:11:20+03:00,1786767080,2605,78,3,30.8,41.7,,run
2026-08-15T07:11:25+03:00,1786767085,2610,78,3,30.8,42.0,,run
2026-08-15T07:11:30+03:00,1786767090,2615,78,3,30.8,42.0,,run
2026-08-15T07:11:35+03:00,1786767095,2620,78,3,30.8,41.4,,run
2026-08-15T07:11:40+03:00,1786767100,2625,78,3,30.8,43.9,,run
2026-08-15T07:11:46+03:00,1786767106,2631,78,3,30.8,47.3,,run
2026-08-15T07:11:51+03:00,1786767111,2636,78,3,30.8,42.0,,run
2026-08-15T07:11:56+03:00,1786767116,2641,78,3,30.8,41.1,,run
2026-08-15T07:12:01+03:00,1786767121,2646,78,3,30.8,47.9,,run
2026-08-15T07:12:07+03:00,1786767127,2652,78,3,30.8,42.3,,run
2026-08-15T07:12:12+03:00,1786767132,2657,78,3,30.8,42.9,,run
2026-08-15T07:12:17+03:00,1786767137,2662,78,3,30.8,43.6,,run
2026-08-15T07:12:22+03:00,1786767142,2667,78,3,30.8,41.7,,run
2026-08-15T07:12:28+03:00,1786767148,2673,78,3,30.8,40.8,,run
2026-08-15T07:12:33+03:00,1786767153,2678,78,3,30.8,40.8,,run
2026-08-15T07:12:38+03:00,1786767158,2683,78,3,30.8,40.8,,run
2026-08-15T07:12:43+03:00,1786767163,2688,78,3,30.8,41.4,,run
2026-08-15T07:12:48+03:00,1786767168,2693,78,3,30.8,41.1,,run
2026-08-15T07:12:54+03:00,1786767174,2699,78,3,30.8,40.8,,run
2026-08-15T07:12:59+03:00,1786767179,2704,78,3,30.8,50.4,,run
2026-08-15T07:13:04+03:00,1786767184,2709,78,3,30.8,42.0,,run
2026-08-15T07:13:10+03:00,1786767190,2715,78,3,30.8,45.7,,run
2026-08-15T07:13:15+03:00,1786767195,2720,78,3,30.8,38.9,,run
2026-08-15T07:13:20+03:00,1786767200,2725,78,3,30.8,45.1,,run
2026-08-15T07:13:25+03:00,1786767205,2730,78,3,30.8,42.3,,run
2026-08-15T07:13:30+03:00,1786767210,2735,78,3,30.8,39.8,,run
2026-08-15T07:13:36+03:00,1786767216,2741,78,3,30.8,39.5,,run
2026-08-15T07:13:41+03:00,1786767221,2746,78,3,30.8,40.2,,run
2026-08-15T07:13:46+03:00,1786767226,2751,78,3,30.8,52.8,,run
2026-08-15T07:13:52+03:00,1786767232,2757,78,3,30.8,43.2,,run
2026-08-15T07:13:57+03:00,1786767237,2762,78,3,30.8,41.1,,run
2026-08-15T07:14:02+03:00,1786767242,2767,78,3,30.8,40.5,,run
2026-08-15T07:14:07+03:00,1786767247,2772,78,3,30.8,44.2,,run
2026-08-15T07:14:12+03:00,1786767252,2777,78,3,30.8,43.6,,run
2026-08-15T07:14:18+03:00,1786767258,2783,78,3,30.8,42.6,,run
2026-08-15T07:14:23+03:00,1786767263,2788,78,3,30.8,42.9,,run
2026-08-15T07:14:28+03:00,1786767268,2793,77,3,30.6,44.5,,run
2026-08-15T07:14:33+03:00,1786767273,2798,77,3,30.6,40.8,,run
2026-08-15T07:14:39+03:00,1786767279,2804,77,3,30.6,41.4,,run
2026-08-15T07:14:44+03:00,1786767284,2809,77,3,30.6,39.8,,run
2026-08-15T07:14:49+03:00,1786767289,2814,77,3,30.6,43.6,,run
2026-08-15T07:14:54+03:00,1786767294,2819,77,3,30.6,41.7,,run
2026-08-15T07:14:59+03:00,1786767299,2824,77,3,30.6,48.5,,run
2026-08-15T07:15:05+03:00,1786767305,2830,77,3,30.6,47.3,,run
2026-08-15T07:15:10+03:00,1786767310,2835,77,3,30.6,42.0,,run
2026-08-15T07:15:15+03:00,1786767315,2840,77,3,30.6,38.9,,run
2026-08-15T07:15:20+03:00,1786767320,2845,77,3,30.6,40.2,,run
2026-08-15T07:15:26+03:00,1786767326,2851,77,3,30.6,38.6,,run
2026-08-15T07:15:31+03:00,1786767331,2856,77,3,30.6,43.9,,run
2026-08-15T07:15:36+03:00,1786767336,2861,77,3,30.6,41.1,,run
2026-08-15T07:15:41+03:00,1786767341,2866,77,3,30.6,39.2,,run
2026-08-15T07:15:47+03:00,1786767347,2872,77,3,30.6,46.7,,run
2026-08-15T07:15:52+03:00,1786767352,2877,77,3,30.6,50.7,,run
2026-08-15T07:15:57+03:00,1786767357,2882,77,3,30.6,43.6,,run
2026-08-15T07:16:03+03:00,1786767363,2888,77,3,30.6,42.9,,run
2026-08-15T07:16:08+03:00,1786767368,2893,77,3,30.6,42.0,,run
2026-08-15T07:16:13+03:00,1786767373,2898,77,3,30.6,41.7,,run
2026-08-15T07:16:18+03:00,1786767378,2903,77,3,30.6,47.6,,run
2026-08-15T07:16:24+03:00,1786767384,2909,77,3,30.6,42.6,,run
2026-08-15T07:16:29+03:00,1786767389,2914,77,3,30.6,42.6,,run
2026-08-15T07:16:34+03:00,1786767394,2919,77,3,30.6,40.8,,run
2026-08-15T07:16:39+03:00,1786767399,2924,77,3,30.6,41.1,,run
2026-08-15T07:16:44+03:00,1786767404,2929,77,3,30.6,43.6,,run
2026-08-15T07:16:50+03:00,1786767410,2935,77,3,30.6,40.5,,run
2026-08-15T07:16:55+03:00,1786767415,2940,77,3,30.6,42.3,,run
2026-08-15T07:17:00+03:00,1786767420,2945,77,3,30.6,44.8,,run
2026-08-15T07:17:05+03:00,1786767425,2950,77,3,30.6,51.9,,run
2026-08-15T07:17:11+03:00,1786767431,2956,77,3,30.6,42.0,,run
2026-08-15T07:17:16+03:00,1786767436,2961,77,3,30.6,40.8,,run
2026-08-15T07:17:22+03:00,1786767442,2967,77,3,30.6,40.2,,run
2026-08-15T07:17:27+03:00,1786767447,2972,77,3,30.6,40.2,,run
2026-08-15T07:17:32+03:00,1786767452,2977,77,3,30.6,39.2,,run
2026-08-15T07:17:37+03:00,1786767457,2982,77,3,30.6,42.3,,run
2026-08-15T07:17:42+03:00,1786767462,2987,77,3,30.6,46.7,,run
2026-08-15T07:17:48+03:00,1786767468,2993,77,3,30.6,41.4,,run
2026-08-15T07:17:53+03:00,1786767473,2998,77,3,30.5,51.3,,run
2026-08-15T07:17:58+03:00,1786767478,3003,77,3,30.5,44.2,,run
2026-08-15T07:18:04+03:00,1786767484,3009,77,3,30.5,41.4,,run
2026-08-15T07:18:09+03:00,1786767489,3014,77,3,30.5,46.7,,run
2026-08-15T07:18:14+03:00,1786767494,3019,77,3,30.5,42.9,,run
2026-08-15T07:18:19+03:00,1786767499,3024,77,3,30.5,43.6,,run
2026-08-15T07:18:24+03:00,1786767504,3029,77,3,30.5,43.9,,run
2026-08-15T07:18:30+03:00,1786767510,3035,77,3,30.5,46.0,,run
2026-08-15T07:18:35+03:00,1786767515,3040,77,3,30.5,45.4,,run
2026-08-15T07:18:40+03:00,1786767520,3045,77,3,30.5,41.4,,run
2026-08-15T07:18:45+03:00,1786767525,3050,77,3,30.5,40.2,,run
2026-08-15T07:18:51+03:00,1786767531,3056,77,3,30.5,42.6,,run
2026-08-15T07:18:56+03:00,1786767536,3061,77,3,30.5,41.1,,run
2026-08-15T07:19:01+03:00,1786767541,3066,77,3,30.5,41.4,,run
2026-08-15T07:19:06+03:00,1786767546,3071,77,3,30.5,48.8,,run
2026-08-15T07:19:11+03:00,1786767551,3076,77,3,30.5,47.3,,run
2026-08-15T07:19:17+03:00,1786767557,3082,77,3,30.5,45.1,,run
2026-08-15T07:19:22+03:00,1786767562,3087,77,3,30.5,40.5,,run
2026-08-15T07:19:27+03:00,1786767567,3092,77,3,30.5,39.5,,run
2026-08-15T07:19:32+03:00,1786767572,3097,77,3,30.5,39.8,,run
2026-08-15T07:19:38+03:00,1786767578,3103,77,3,30.5,38.3,,run
2026-08-15T07:19:43+03:00,1786767583,3108,77,3,30.5,38.6,,run
2026-08-15T07:19:48+03:00,1786767588,3113,77,3,30.5,42.6,,run
2026-08-15T07:19:53+03:00,1786767593,3118,77,3,30.5,51.3,,run
2026-08-15T07:19:59+03:00,1786767599,3124,77,3,30.5,45.4,,run
2026-08-15T07:20:04+03:00,1786767604,3129,77,3,30.5,43.6,,run
2026-08-15T07:20:09+03:00,1786767609,3134,77,3,30.5,42.0,,run
2026-08-15T07:20:15+03:00,1786767615,3140,77,3,30.5,40.2,,run
2026-08-15T07:20:20+03:00,1786767620,3145,77,3,30.5,40.2,,run
2026-08-15T07:20:25+03:00,1786767625,3150,77,3,30.5,39.8,,run
2026-08-15T07:20:30+03:00,1786767630,3155,77,3,30.5,43.9,,run
2026-08-15T07:20:36+03:00,1786767636,3161,77,3,30.5,42.6,,run
2026-08-15T07:20:41+03:00,1786767641,3166,77,3,30.5,47.9,,run
2026-08-15T07:20:46+03:00,1786767646,3171,77,3,30.5,46.0,,run
2026-08-15T07:20:51+03:00,1786767651,3176,77,3,30.5,44.5,,run
2026-08-15T07:20:56+03:00,1786767656,3181,77,3,30.5,41.4,,run
2026-08-15T07:21:02+03:00,1786767662,3187,77,3,30.5,42.3,,run
2026-08-15T07:21:07+03:00,1786767667,3192,77,3,30.5,43.9,,run
2026-08-15T07:21:12+03:00,1786767672,3197,77,3,30.5,52.2,,run
2026-08-15T07:21:18+03:00,1786767678,3203,77,3,30.5,41.7,,run
2026-08-15T07:21:23+03:00,1786767683,3208,77,3,30.5,42.9,,run
2026-08-15T07:21:28+03:00,1786767688,3213,77,3,30.5,40.2,,run
2026-08-15T07:21:34+03:00,1786767694,3219,77,3,30.5,39.2,,run
2026-08-15T07:21:39+03:00,1786767699,3224,77,3,30.5,40.2,,run
2026-08-15T07:21:44+03:00,1786767704,3229,77,3,30.5,40.8,,run
2026-08-15T07:21:49+03:00,1786767709,3234,77,3,30.5,41.4,,run
2026-08-15T07:21:55+03:00,1786767715,3240,77,3,30.5,43.2,,run
2026-08-15T07:22:00+03:00,1786767720,3245,77,3,30.5,53.1,,run
2026-08-15T07:22:05+03:00,1786767725,3250,77,3,30.5,47.6,,run
2026-08-15T07:22:10+03:00,1786767730,3255,77,3,30.5,46.7,,run
2026-08-15T07:22:16+03:00,1786767736,3261,77,3,30.5,44.5,,run
2026-08-15T07:22:21+03:00,1786767741,3266,77,3,30.5,42.6,,run
2026-08-15T07:22:26+03:00,1786767746,3271,77,3,30.5,44.5,,run
2026-08-15T07:22:31+03:00,1786767751,3276,77,3,30.5,42.6,,run
2026-08-15T07:22:37+03:00,1786767757,3282,77,3,30.5,40.8,,run
2026-08-15T07:22:42+03:00,1786767762,3287,77,3,30.5,42.6,,run
2026-08-15T07:22:47+03:00,1786767767,3292,77,3,30.5,47.3,,run
2026-08-15T07:22:52+03:00,1786767772,3297,77,3,30.5,48.8,,run
2026-08-15T07:22:58+03:00,1786767778,3303,77,3,30.5,48.8,,run
2026-08-15T07:23:03+03:00,1786767783,3308,77,3,30.5,43.9,,run
2026-08-15T07:23:08+03:00,1786767788,3313,77,3,30.5,42.3,,run
2026-08-15T07:23:13+03:00,1786767793,3318,77,3,30.5,48.2,,run
2026-08-15T07:23:19+03:00,1786767799,3324,77,3,30.5,42.3,,run
2026-08-15T07:23:24+03:00,1786767804,3329,77,3,30.5,42.0,,run
2026-08-15T07:23:29+03:00,1786767809,3334,77,3,30.5,40.5,,run
2026-08-15T07:23:34+03:00,1786767814,3339,77,3,30.5,39.5,,run
2026-08-15T07:23:40+03:00,1786767820,3345,77,3,30.5,47.9,,run
2026-08-15T07:23:45+03:00,1786767825,3350,77,3,30.5,45.7,,run
2026-08-15T07:23:50+03:00,1786767830,3355,77,3,30.5,41.4,,run
2026-08-15T07:23:56+03:00,1786767836,3361,77,3,30.5,41.1,,run
2026-08-15T07:24:01+03:00,1786767841,3366,77,3,30.5,41.1,,run
2026-08-15T07:24:06+03:00,1786767846,3371,76,3,30.6,42.9,,run
2026-08-15T07:24:11+03:00,1786767851,3376,76,3,30.6,40.5,,run
2026-08-15T07:24:17+03:00,1786767857,3382,76,3,30.6,48.2,,run
2026-08-15T07:24:22+03:00,1786767862,3387,76,3,30.6,42.0,,run
2026-08-15T07:24:27+03:00,1786767867,3392,76,3,30.6,41.1,,run
2026-08-15T07:24:32+03:00,1786767872,3397,76,3,30.6,41.1,,run
2026-08-15T07:24:37+03:00,1786767877,3402,76,3,30.6,41.4,,run
2026-08-15T07:24:43+03:00,1786767883,3408,76,3,30.6,42.6,,run
2026-08-15T07:24:48+03:00,1786767888,3413,76,3,30.6,40.2,,run
2026-08-15T07:24:53+03:00,1786767893,3418,76,3,30.6,40.5,,run
2026-08-15T07:24:58+03:00,1786767898,3423,76,3,30.6,52.5,,run
2026-08-15T07:25:04+03:00,1786767904,3429,76,3,30.6,46.0,,run
2026-08-15T07:25:09+03:00,1786767909,3434,76,3,30.6,45.4,,run
2026-08-15T07:25:15+03:00,1786767915,3440,76,3,30.6,43.2,,run
2026-08-15T07:25:20+03:00,1786767920,3445,76,3,30.6,41.1,,run
2026-08-15T07:25:25+03:00,1786767925,3450,76,3,30.6,40.2,,run
2026-08-15T07:25:30+03:00,1786767930,3455,76,3,30.6,40.8,,run
2026-08-15T07:25:36+03:00,1786767936,3461,76,3,30.6,40.8,,run
2026-08-15T07:25:41+03:00,1786767941,3466,76,3,30.6,41.1,,run
2026-08-15T07:25:46+03:00,1786767946,3471,76,3,30.6,49.1,,run
2026-08-15T07:25:51+03:00,1786767951,3476,76,3,30.6,41.1,,run
2026-08-15T07:25:57+03:00,1786767957,3482,76,3,30.6,42.3,,run
2026-08-15T07:26:02+03:00,1786767962,3487,76,3,30.6,46.0,,run
2026-08-15T07:26:07+03:00,1786767967,3492,76,3,30.6,42.6,,run
2026-08-15T07:26:12+03:00,1786767972,3497,76,3,30.6,42.9,,run
2026-08-15T07:26:18+03:00,1786767978,3503,76,3,30.6,41.7,,run
2026-08-15T07:26:23+03:00,1786767983,3508,76,3,30.6,48.2,,run
2026-08-15T07:26:28+03:00,1786767988,3513,76,3,30.6,48.8,,run
2026-08-15T07:26:33+03:00,1786767993,3518,76,3,30.6,43.2,,run
2026-08-15T07:26:38+03:00,1786767998,3523,76,3,30.6,41.7,,run
2026-08-15T07:26:44+03:00,1786768004,3529,76,3,30.6,42.9,,run
2026-08-15T07:26:49+03:00,1786768009,3534,76,3,30.6,42.6,,run
2026-08-15T07:26:54+03:00,1786768014,3539,76,3,30.6,45.7,,run
2026-08-15T07:26:59+03:00,1786768019,3544,76,3,30.6,47.0,,run
2026-08-15T07:27:05+03:00,1786768025,3550,76,3,30.6,44.5,,run
2026-08-15T07:27:10+03:00,1786768030,3555,76,3,30.6,42.6,,run
2026-08-15T07:27:15+03:00,1786768035,3560,76,3,30.6,40.8,,run
2026-08-15T07:27:20+03:00,1786768040,3565,76,3,30.6,41.7,,run
2026-08-15T07:27:26+03:00,1786768046,3571,76,3,30.6,39.8,,run
2026-08-15T07:27:31+03:00,1786768051,3576,76,3,30.6,41.4,,run
2026-08-15T07:27:36+03:00,1786768056,3581,76,3,30.6,43.6,,run
2026-08-15T07:27:41+03:00,1786768061,3586,76,3,30.6,41.4,,run
2026-08-15T07:27:46+03:00,1786768066,3591,76,3,30.6,51.3,,run
2026-08-15T07:27:52+03:00,1786768072,3597,76,3,30.6,43.2,,run
2026-08-15T07:27:57+03:00,1786768077,3602,76,3,30.7,40.5,,run
2026-08-15T07:28:03+03:00,1786768083,3608,76,3,30.7,42.3,,run
2026-08-15T07:28:08+03:00,1786768088,3613,76,3,30.7,42.3,,run
2026-08-15T07:28:13+03:00,1786768093,3618,76,3,30.7,43.2,,run
2026-08-15T07:28:18+03:00,1786768098,3623,76,3,30.7,48.2,,run
2026-08-15T07:28:24+03:00,1786768104,3629,76,3,30.7,43.2,,run
2026-08-15T07:28:29+03:00,1786768109,3634,76,3,30.7,42.9,,run
2026-08-15T07:28:34+03:00,1786768114,3639,76,3,30.7,42.3,,run
2026-08-15T07:28:39+03:00,1786768119,3644,76,3,30.7,42.3,,run
2026-08-15T07:28:44+03:00,1786768124,3649,76,3,30.7,42.3,,run
2026-08-15T07:28:50+03:00,1786768130,3655,76,3,30.7,40.2,,run
2026-08-15T07:28:55+03:00,1786768135,3660,76,3,30.7,40.8,,run
2026-08-15T07:29:00+03:00,1786768140,3665,76,3,30.7,45.4,,run
2026-08-15T07:29:05+03:00,1786768145,3670,76,3,30.7,52.2,,run
2026-08-15T07:29:11+03:00,1786768151,3676,76,3,30.7,49.4,,run
2026-08-15T07:29:16+03:00,1786768156,3681,76,3,30.7,41.1,,run
2026-08-15T07:29:21+03:00,1786768161,3686,76,3,30.7,40.2,,run
2026-08-15T07:29:27+03:00,1786768167,3692,76,3,30.7,39.8,,run
2026-08-15T07:29:32+03:00,1786768172,3697,76,3,30.7,38.6,,run
2026-08-15T07:29:37+03:00,1786768177,3702,76,3,30.7,39.2,,run
2026-08-15T07:29:42+03:00,1786768182,3707,76,3,30.7,38.9,,run
2026-08-15T07:29:48+03:00,1786768188,3713,76,3,30.7,41.7,,run
2026-08-15T07:29:53+03:00,1786768193,3718,76,3,30.7,54.7,,run
2026-08-15T07:29:58+03:00,1786768198,3723,76,3,30.7,42.3,,run
2026-08-15T07:30:03+03:00,1786768203,3728,76,3,30.7,41.4,,run
2026-08-15T07:30:09+03:00,1786768209,3734,76,3,30.7,42.9,,run
2026-08-15T07:30:14+03:00,1786768214,3739,76,3,30.7,40.2,,run
2026-08-15T07:30:19+03:00,1786768219,3744,76,3,30.7,41.4,,run
2026-08-15T07:30:24+03:00,1786768224,3749,76,3,30.7,42.3,,run
2026-08-15T07:30:30+03:00,1786768230,3755,76,3,30.7,48.5,,run
2026-08-15T07:30:35+03:00,1786768235,3760,76,3,30.7,42.0,,run
2026-08-15T07:30:40+03:00,1786768240,3765,76,3,30.7,41.7,,run
2026-08-15T07:30:45+03:00,1786768245,3770,76,3,30.7,41.1,,run
2026-08-15T07:30:50+03:00,1786768250,3775,76,3,30.7,40.5,,run
2026-08-15T07:30:56+03:00,1786768256,3781,76,3,30.7,41.1,,run
2026-08-15T07:31:01+03:00,1786768261,3786,76,3,30.7,40.2,,run
2026-08-15T07:31:06+03:00,1786768266,3791,76,3,30.7,42.9,,run
2026-08-15T07:31:11+03:00,1786768271,3796,76,3,30.7,44.5,,run
2026-08-15T07:31:17+03:00,1786768277,3802,76,3,30.7,47.0,,run
2026-08-15T07:31:22+03:00,1786768282,3807,76,3,30.7,43.9,,run
2026-08-15T07:31:27+03:00,1786768287,3812,76,3,30.7,40.8,,run
2026-08-15T07:31:32+03:00,1786768292,3817,76,3,30.7,39.5,,run
2026-08-15T07:31:37+03:00,1786768297,3822,76,3,30.7,39.5,,run
2026-08-15T07:31:43+03:00,1786768303,3828,76,3,30.7,41.1,,run
2026-08-15T07:31:48+03:00,1786768308,3833,76,3,30.7,38.9,,run
2026-08-15T07:31:53+03:00,1786768313,3838,76,3,30.7,49.1,,run
2026-08-15T07:31:59+03:00,1786768319,3844,76,3,30.7,44.5,,run
2026-08-15T07:32:04+03:00,1786768324,3849,76,3,30.7,41.1,,run
2026-08-15T07:32:09+03:00,1786768329,3854,76,3,30.7,41.7,,run
2026-08-15T07:32:14+03:00,1786768334,3859,76,3,30.7,41.1,,run
2026-08-15T07:32:20+03:00,1786768340,3865,76,3,30.7,41.4,,run
2026-08-15T07:32:25+03:00,1786768345,3870,76,3,30.7,41.1,,run
2026-08-15T07:32:30+03:00,1786768350,3875,76,3,30.7,40.5,,run
2026-08-15T07:32:35+03:00,1786768355,3880,76,3,30.7,45.7,,run
2026-08-15T07:32:41+03:00,1786768361,3886,76,3,30.7,42.9,,run
2026-08-15T07:32:46+03:00,1786768366,3891,76,3,30.7,41.4,,run
2026-08-15T07:32:51+03:00,1786768371,3896,76,3,30.7,42.0,,run
2026-08-15T07:32:56+03:00,1786768376,3901,76,3,30.7,41.1,,run
2026-08-15T07:33:01+03:00,1786768381,3906,76,3,30.7,40.2,,run
2026-08-15T07:33:07+03:00,1786768387,3912,76,3,30.7,39.5,,run
2026-08-15T07:33:12+03:00,1786768392,3917,76,3,30.7,51.3,,run
2026-08-15T07:33:18+03:00,1786768398,3923,76,3,30.7,40.8,,run
2026-08-15T07:33:23+03:00,1786768403,3928,76,3,30.7,46.0,,run
2026-08-15T07:33:28+03:00,1786768408,3933,76,3,30.7,40.5,,run
2026-08-15T07:33:33+03:00,1786768413,3938,76,3,30.7,39.5,,run
2026-08-15T07:33:38+03:00,1786768418,3943,76,3,30.7,38.9,,run
2026-08-15T07:33:44+03:00,1786768424,3949,75,3,30.7,40.2,,run
2026-08-15T07:33:49+03:00,1786768429,3954,75,3,30.7,40.5,,run
2026-08-15T07:33:54+03:00,1786768434,3959,75,3,30.7,42.6,,run
2026-08-15T07:33:59+03:00,1786768439,3964,75,3,30.7,49.7,,run
2026-08-15T07:34:05+03:00,1786768445,3970,75,3,30.7,42.6,,run
2026-08-15T07:34:10+03:00,1786768450,3975,75,3,30.7,42.0,,run
2026-08-15T07:34:15+03:00,1786768455,3980,75,3,30.7,41.4,,run
2026-08-15T07:34:20+03:00,1786768460,3985,75,3,30.7,40.5,,run
2026-08-15T07:34:26+03:00,1786768466,3991,75,3,30.7,42.6,,run
2026-08-15T07:34:31+03:00,1786768471,3996,75,3,30.7,41.7,,run
2026-08-15T07:34:36+03:00,1786768476,4001,75,3,30.7,41.1,,run
2026-08-15T07:34:41+03:00,1786768481,4006,75,3,30.7,49.1,,run
2026-08-15T07:34:47+03:00,1786768487,4012,75,3,30.7,43.2,,run
2026-08-15T07:34:52+03:00,1786768492,4017,75,3,30.7,45.1,,run
2026-08-15T07:34:57+03:00,1786768497,4022,75,3,30.7,43.6,,run
2026-08-15T07:35:02+03:00,1786768502,4027,75,3,30.7,41.1,,run
2026-08-15T07:35:07+03:00,1786768507,4032,75,3,30.7,42.9,,run
2026-08-15T07:35:13+03:00,1786768513,4038,75,3,30.7,50.4,,run
2026-08-15T07:35:18+03:00,1786768518,4043,75,3,30.7,42.3,,run
2026-08-15T07:35:24+03:00,1786768524,4049,75,3,30.7,43.6,,run
2026-08-15T07:35:29+03:00,1786768529,4054,75,3,30.7,39.8,,run
2026-08-15T07:35:34+03:00,1786768534,4059,75,3,30.7,44.2,,run
2026-08-15T07:35:39+03:00,1786768539,4064,75,3,30.7,51.3,,run
2026-08-15T07:35:44+03:00,1786768544,4069,75,3,30.7,43.6,,run
2026-08-15T07:35:50+03:00,1786768550,4075,75,3,30.7,40.8,,run
2026-08-15T07:35:55+03:00,1786768555,4080,75,3,30.7,40.8,,run
2026-08-15T07:36:00+03:00,1786768560,4085,75,3,30.7,41.7,,run
2026-08-15T07:36:05+03:00,1786768565,4090,75,3,30.7,41.4,,run
2026-08-15T07:36:11+03:00,1786768571,4096,75,3,30.7,41.7,,run
2026-08-15T07:36:16+03:00,1786768576,4101,75,3,30.7,43.9,,run
2026-08-15T07:36:21+03:00,1786768581,4106,75,3,30.7,41.4,,run
2026-08-15T07:36:26+03:00,1786768586,4111,75,3,30.7,40.2,,run
2026-08-15T07:36:32+03:00,1786768592,4117,75,3,30.7,40.8,,run
2026-08-15T07:36:37+03:00,1786768597,4122,75,3,30.7,42.0,,run
2026-08-15T07:36:42+03:00,1786768602,4127,75,3,30.7,40.8,,run
2026-08-15T07:36:47+03:00,1786768607,4132,75,3,30.7,40.5,,run
2026-08-15T07:36:52+03:00,1786768612,4137,75,3,30.7,48.5,,run
2026-08-15T07:36:58+03:00,1786768618,4143,75,3,30.7,52.5,,run
2026-08-15T07:37:03+03:00,1786768623,4148,75,3,30.7,43.2,,run
2026-08-15T07:37:08+03:00,1786768628,4153,75,3,30.7,42.6,,run
2026-08-15T07:37:13+03:00,1786768633,4158,75,3,30.7,40.8,,run
2026-08-15T07:37:19+03:00,1786768639,4164,75,3,30.7,40.5,,run
2026-08-15T07:37:24+03:00,1786768644,4169,75,3,30.7,39.5,,run
2026-08-15T07:37:29+03:00,1786768649,4174,75,3,30.7,42.0,,run
2026-08-15T07:37:34+03:00,1786768654,4179,75,3,30.7,40.2,,run
2026-08-15T07:37:40+03:00,1786768660,4185,75,3,30.7,52.5,,run
2026-08-15T07:37:45+03:00,1786768665,4190,75,3,30.7,48.2,,run
2026-08-15T07:37:50+03:00,1786768670,4195,75,3,30.7,45.7,,run
2026-08-15T07:37:55+03:00,1786768675,4200,75,3,30.7,42.0,,run
2026-08-15T07:38:01+03:00,1786768681,4206,75,3,30.7,42.0,,run
2026-08-15T07:38:06+03:00,1786768686,4211,75,3,30.7,40.2,,run
2026-08-15T07:38:11+03:00,1786768691,4216,75,3,30.7,42.0,,run
2026-08-15T07:38:16+03:00,1786768696,4221,75,3,30.7,41.4,,run
2026-08-15T07:38:21+03:00,1786768701,4226,75,3,30.7,40.8,,run
2026-08-15T07:38:27+03:00,1786768707,4232,75,3,30.7,41.1,,run
2026-08-15T07:38:32+03:00,1786768712,4237,75,3,30.7,42.0,,run
2026-08-15T07:38:37+03:00,1786768717,4242,75,3,30.7,40.8,,run
2026-08-15T07:38:42+03:00,1786768722,4247,75,3,30.7,41.7,,run
2026-08-15T07:38:48+03:00,1786768728,4253,75,3,30.7,40.5,,run
2026-08-15T07:38:53+03:00,1786768733,4258,75,3,30.7,48.5,,run
2026-08-15T07:38:58+03:00,1786768738,4263,75,3,30.7,51.0,,run
2026-08-15T07:39:03+03:00,1786768743,4268,75,3,30.7,48.8,,run
2026-08-15T07:39:09+03:00,1786768749,4274,75,3,30.7,42.3,,run
2026-08-15T07:39:14+03:00,1786768754,4279,75,3,30.7,40.5,,run
2026-08-15T07:39:19+03:00,1786768759,4284,75,3,30.7,38.9,,run
2026-08-15T07:39:24+03:00,1786768764,4289,75,3,30.7,39.8,,run
2026-08-15T07:39:29+03:00,1786768769,4294,75,3,30.7,42.3,,run
2026-08-15T07:39:35+03:00,1786768775,4300,75,3,30.7,47.3,,run
2026-08-15T07:39:40+03:00,1786768780,4305,75,3,30.7,40.8,,run
2026-08-15T07:39:45+03:00,1786768785,4310,75,3,30.7,50.7,,run
2026-08-15T07:39:50+03:00,1786768790,4315,75,3,30.7,42.3,,run
2026-08-15T07:39:56+03:00,1786768796,4321,75,3,30.7,41.7,,run
2026-08-15T07:40:01+03:00,1786768801,4326,75,3,30.7,39.8,,run
2026-08-15T07:40:06+03:00,1786768806,4331,75,3,30.7,43.9,,run
2026-08-15T07:40:11+03:00,1786768811,4336,75,3,30.7,41.7,,run
2026-08-15T07:40:17+03:00,1786768817,4342,75,3,30.7,40.5,,run
2026-08-15T07:40:22+03:00,1786768822,4347,75,3,30.7,40.8,,run
2026-08-15T07:40:27+03:00,1786768827,4352,75,3,30.7,39.5,,run
2026-08-15T07:40:32+03:00,1786768832,4357,75,3,30.7,40.8,,run
2026-08-15T07:40:38+03:00,1786768838,4363,75,3,30.7,41.7,,run
2026-08-15T07:40:43+03:00,1786768843,4368,75,3,30.7,39.8,,run
2026-08-15T07:40:48+03:00,1786768848,4373,75,3,30.7,42.9,,run
2026-08-15T07:40:53+03:00,1786768853,4378,75,3,30.7,42.9,,run
2026-08-15T07:40:58+03:00,1786768858,4383,75,3,30.7,49.7,,run
2026-08-15T07:41:04+03:00,1786768864,4389,75,3,30.7,45.7,,run
2026-08-15T07:41:09+03:00,1786768869,4394,75,3,30.7,44.8,,run
2026-08-15T07:41:14+03:00,1786768874,4399,75,3,30.7,40.8,,run
2026-08-15T07:41:19+03:00,1786768879,4404,75,3,30.7,39.5,,run
2026-08-15T07:41:25+03:00,1786768885,4410,75,3,30.7,40.2,,run
2026-08-15T07:41:30+03:00,1786768890,4415,75,3,30.7,38.9,,run
2026-08-15T07:41:35+03:00,1786768895,4420,75,3,30.7,42.3,,run
2026-08-15T07:41:40+03:00,1786768900,4425,75,3,30.7,40.8,,run
2026-08-15T07:41:46+03:00,1786768906,4431,75,3,30.7,42.0,,run
2026-08-15T07:41:51+03:00,1786768911,4436,75,3,30.7,50.4,,run
2026-08-15T07:41:56+03:00,1786768916,4441,75,3,30.7,42.0,,run
2026-08-15T07:42:01+03:00,1786768921,4446,75,3,30.7,42.0,,run
2026-08-15T07:42:07+03:00,1786768927,4452,75,3,30.7,40.2,,run
2026-08-15T07:42:12+03:00,1786768932,4457,75,3,30.7,41.4,,run
2026-08-15T07:42:17+03:00,1786768937,4462,75,3,30.7,39.5,,run
2026-08-15T07:42:22+03:00,1786768942,4467,75,3,30.7,42.0,,run
2026-08-15T07:42:28+03:00,1786768948,4473,75,3,30.7,41.4,,run
2026-08-15T07:42:33+03:00,1786768953,4478,75,3,30.7,40.5,,run
2026-08-15T07:42:38+03:00,1786768958,4483,75,3,30.7,40.2,,run
2026-08-15T07:42:43+03:00,1786768963,4488,75,3,30.7,41.1,,run
2026-08-15T07:42:48+03:00,1786768968,4493,75,3,30.7,41.4,,run
2026-08-15T07:42:54+03:00,1786768974,4499,75,3,30.7,45.7,,run
2026-08-15T07:42:59+03:00,1786768979,4504,75,3,30.7,47.9,,run
2026-08-15T07:43:04+03:00,1786768984,4509,75,3,30.7,43.9,,run
2026-08-15T07:43:09+03:00,1786768989,4514,75,3,30.7,47.6,,run
2026-08-15T07:43:15+03:00,1786768995,4520,75,3,30.7,45.1,,run
2026-08-15T07:43:20+03:00,1786769000,4525,74,3,30.6,40.8,,run
2026-08-15T07:43:25+03:00,1786769005,4530,74,3,30.6,39.5,,run
2026-08-15T07:43:30+03:00,1786769010,4535,74,3,30.6,39.2,,run
2026-08-15T07:43:36+03:00,1786769016,4541,74,3,30.6,42.0,,run
2026-08-15T07:43:41+03:00,1786769021,4546,74,3,30.6,46.0,,run
2026-08-15T07:43:46+03:00,1786769026,4551,74,3,30.6,43.6,,run
2026-08-15T07:43:51+03:00,1786769031,4556,74,3,30.6,45.1,,run
2026-08-15T07:43:57+03:00,1786769037,4562,74,3,30.6,52.2,,run
2026-08-15T07:44:02+03:00,1786769042,4567,74,3,30.6,44.5,,run
2026-08-15T07:44:07+03:00,1786769047,4572,74,3,30.6,41.4,,run
2026-08-15T07:44:13+03:00,1786769053,4578,74,3,30.6,40.2,,run
2026-08-15T07:44:18+03:00,1786769058,4583,74,3,30.6,42.3,,run
2026-08-15T07:44:23+03:00,1786769063,4588,74,3,30.6,42.6,,run
2026-08-15T07:44:28+03:00,1786769068,4593,74,3,30.6,41.1,,run
2026-08-15T07:44:34+03:00,1786769074,4599,74,3,30.6,40.5,,run
2026-08-15T07:44:39+03:00,1786769079,4604,74,3,30.6,40.5,,run
2026-08-15T07:44:44+03:00,1786769084,4609,74,3,30.6,40.2,,run
2026-08-15T07:44:49+03:00,1786769089,4614,74,3,30.6,41.7,,run
2026-08-15T07:44:55+03:00,1786769095,4620,74,3,30.6,40.2,,run
2026-08-15T07:45:00+03:00,1786769100,4625,74,3,30.6,41.4,,run
2026-08-15T07:45:05+03:00,1786769105,4630,74,3,30.6,41.1,,run
2026-08-15T07:45:10+03:00,1786769110,4635,74,3,30.6,47.3,,run
2026-08-15T07:45:16+03:00,1786769116,4641,74,3,30.6,53.8,,run
2026-08-15T07:45:21+03:00,1786769121,4646,74,3,30.6,42.6,,run
2026-08-15T07:45:26+03:00,1786769126,4651,74,3,30.6,41.4,,run
2026-08-15T07:45:32+03:00,1786769132,4657,74,3,30.6,40.5,,run
2026-08-15T07:45:37+03:00,1786769137,4662,74,3,30.6,38.9,,run
2026-08-15T07:45:42+03:00,1786769142,4667,74,3,30.6,38.6,,run
2026-08-15T07:45:47+03:00,1786769147,4672,74,3,30.6,43.2,,run
2026-08-15T07:45:53+03:00,1786769153,4678,74,3,30.6,39.8,,run
2026-08-15T07:45:58+03:00,1786769158,4683,74,3,30.6,41.1,,run
2026-08-15T07:46:03+03:00,1786769163,4688,74,3,30.6,47.9,,run
2026-08-15T07:46:08+03:00,1786769168,4693,74,3,30.6,47.9,,run
2026-08-15T07:46:14+03:00,1786769174,4699,74,3,30.6,43.9,,run
2026-08-15T07:46:19+03:00,1786769179,4704,74,3,30.6,42.0,,run
2026-08-15T07:46:24+03:00,1786769184,4709,74,3,30.6,41.7,,run
2026-08-15T07:46:29+03:00,1786769189,4714,74,3,30.6,42.3,,run
2026-08-15T07:46:35+03:00,1786769195,4720,74,3,30.6,42.0,,run
2026-08-15T07:46:40+03:00,1786769200,4725,74,3,30.6,43.9,,run
2026-08-15T07:46:45+03:00,1786769205,4730,74,3,30.6,41.4,,run
2026-08-15T07:46:50+03:00,1786769210,4735,74,3,30.6,42.0,,run
2026-08-15T07:46:55+03:00,1786769215,4740,74,3,30.6,43.2,,run
2026-08-15T07:47:01+03:00,1786769221,4746,74,3,30.6,42.0,,run
2026-08-15T07:47:06+03:00,1786769226,4751,74,3,30.6,42.6,,run
2026-08-15T07:47:11+03:00,1786769231,4756,74,3,30.6,44.8,,run
2026-08-15T07:47:16+03:00,1786769236,4761,74,3,30.6,41.7,,run
2026-08-15T07:47:22+03:00,1786769242,4767,74,3,30.6,53.5,,run
2026-08-15T07:47:28+03:00,1786769248,4773,74,3,30.6,42.9,,run
2026-08-15T07:47:33+03:00,1786769253,4778,74,3,30.6,44.2,,run
2026-08-15T07:47:38+03:00,1786769258,4783,74,3,30.6,41.7,,run
2026-08-15T07:47:43+03:00,1786769263,4788,74,3,30.6,39.5,,run
2026-08-15T07:47:49+03:00,1786769269,4794,74,3,30.6,40.5,,run
2026-08-15T07:47:54+03:00,1786769274,4799,74,3,30.8,40.2,,run
2026-08-15T07:47:59+03:00,1786769279,4804,74,3,30.8,40.2,,run
2026-08-15T07:48:04+03:00,1786769284,4809,74,3,30.8,45.1,,run
2026-08-15T07:48:09+03:00,1786769289,4814,74,3,30.8,50.7,,run
2026-08-15T07:48:15+03:00,1786769295,4820,74,3,30.8,46.0,,run
2026-08-15T07:48:20+03:00,1786769300,4825,74,3,30.8,48.2,,run
2026-08-15T07:48:25+03:00,1786769305,4830,74,3,30.8,45.7,,run
2026-08-15T07:48:30+03:00,1786769310,4835,74,3,30.8,42.6,,run
2026-08-15T07:48:36+03:00,1786769316,4841,74,3,30.8,40.8,,run
2026-08-15T07:48:41+03:00,1786769321,4846,74,3,30.8,43.9,,run
2026-08-15T07:48:46+03:00,1786769326,4851,74,3,30.8,41.1,,run
2026-08-15T07:48:51+03:00,1786769331,4856,74,3,30.8,41.1,,run
2026-08-15T07:48:57+03:00,1786769337,4862,74,3,30.8,40.2,,run
2026-08-15T07:49:02+03:00,1786769342,4867,74,3,30.8,40.5,,run
2026-08-15T07:49:07+03:00,1786769347,4872,74,3,30.8,41.4,,run
2026-08-15T07:49:12+03:00,1786769352,4877,74,3,30.8,42.3,,run
2026-08-15T07:49:17+03:00,1786769357,4882,74,3,30.8,40.8,,run
2026-08-15T07:49:23+03:00,1786769363,4888,74,3,30.8,48.5,,run
2026-08-15T07:49:28+03:00,1786769368,4893,74,3,30.8,44.2,,run
2026-08-15T07:49:33+03:00,1786769373,4898,74,3,30.8,46.7,,run
2026-08-15T07:49:38+03:00,1786769378,4903,74,3,30.8,45.7,,run
2026-08-15T07:49:44+03:00,1786769384,4909,74,3,30.8,42.0,,run
2026-08-15T07:49:49+03:00,1786769389,4914,74,3,30.8,40.8,,run
2026-08-15T07:49:54+03:00,1786769394,4919,74,3,30.8,39.5,,run
2026-08-15T07:49:59+03:00,1786769399,4924,74,3,30.8,38.9,,run
2026-08-15T07:50:05+03:00,1786769405,4930,74,3,30.8,38.9,,run
2026-08-15T07:50:10+03:00,1786769410,4935,74,3,30.8,42.3,,run
2026-08-15T07:50:15+03:00,1786769415,4940,74,3,30.8,52.8,,run
2026-08-15T07:50:20+03:00,1786769420,4945,74,3,30.8,41.4,,run
2026-08-15T07:50:26+03:00,1786769426,4951,74,3,30.8,41.7,,run
2026-08-15T07:50:31+03:00,1786769431,4956,74,3,30.8,45.4,,run
2026-08-15T07:50:36+03:00,1786769436,4961,74,3,30.8,48.8,,run
2026-08-15T07:50:41+03:00,1786769441,4966,74,3,30.8,45.1,,run
2026-08-15T07:50:47+03:00,1786769447,4972,74,3,30.8,42.9,,run
2026-08-15T07:50:52+03:00,1786769452,4977,74,3,30.8,42.3,,run
2026-08-15T07:50:57+03:00,1786769457,4982,74,3,30.8,41.4,,run
2026-08-15T07:51:02+03:00,1786769462,4987,74,3,30.8,41.1,,run
2026-08-15T07:51:07+03:00,1786769467,4992,74,3,30.8,39.8,,run
2026-08-15T07:51:13+03:00,1786769473,4998,74,3,30.8,40.8,,run
2026-08-15T07:51:18+03:00,1786769478,5003,74,3,30.8,42.3,,run
2026-08-15T07:51:23+03:00,1786769483,5008,74,3,30.8,40.2,,run
2026-08-15T07:51:28+03:00,1786769488,5013,74,3,30.8,45.7,,run
2026-08-15T07:51:34+03:00,1786769494,5019,74,3,30.8,44.2,,run
2026-08-15T07:51:39+03:00,1786769499,5024,74,3,30.8,44.2,,run
2026-08-15T07:51:44+03:00,1786769504,5029,74,3,30.8,39.8,,run
2026-08-15T07:51:49+03:00,1786769509,5034,74,3,30.8,42.0,,run
2026-08-15T07:51:55+03:00,1786769515,5040,74,3,30.8,47.3,,run
2026-08-15T07:52:00+03:00,1786769520,5045,74,3,30.8,54.7,,run
2026-08-15T07:52:05+03:00,1786769525,5050,74,3,30.8,43.2,,run
2026-08-15T07:52:10+03:00,1786769530,5055,74,3,30.8,42.0,,run
2026-08-15T07:52:16+03:00,1786769536,5061,74,3,30.8,43.2,,run
2026-08-15T07:52:21+03:00,1786769541,5066,74,3,30.8,43.6,,run
2026-08-15T07:52:26+03:00,1786769546,5071,74,3,30.8,44.2,,run
2026-08-15T07:52:31+03:00,1786769551,5076,74,3,30.8,41.4,,run
2026-08-15T07:52:36+03:00,1786769556,5081,74,3,30.8,41.1,,run
2026-08-15T07:52:42+03:00,1786769562,5087,74,3,30.8,49.1,,run
2026-08-15T07:52:47+03:00,1786769567,5092,74,3,30.8,44.8,,run
2026-08-15T07:52:52+03:00,1786769572,5097,74,3,30.8,47.9,,run
2026-08-15T07:52:57+03:00,1786769577,5102,73,3,30.9,43.2,,run
2026-08-15T07:53:03+03:00,1786769583,5108,73,3,30.9,41.7,,run
2026-08-15T07:53:08+03:00,1786769588,5113,73,3,30.9,41.4,,run
2026-08-15T07:53:13+03:00,1786769593,5118,73,3,30.9,49.1,,run
2026-08-15T07:53:18+03:00,1786769598,5123,73,3,30.9,46.3,,run
2026-08-15T07:53:24+03:00,1786769604,5129,73,3,30.9,42.9,,run
2026-08-15T07:53:29+03:00,1786769609,5134,73,3,30.9,40.2,,run
2026-08-15T07:53:34+03:00,1786769614,5139,73,3,30.9,38.9,,run
2026-08-15T07:53:39+03:00,1786769619,5144,73,3,30.9,39.5,,run
2026-08-15T07:53:45+03:00,1786769625,5150,73,3,30.9,39.8,,run
2026-08-15T07:53:50+03:00,1786769630,5155,73,3,30.9,38.6,,run
2026-08-15T07:53:55+03:00,1786769635,5160,73,3,30.9,41.1,,run
2026-08-15T07:54:00+03:00,1786769640,5165,73,3,30.9,50.4,,run
2026-08-15T07:54:06+03:00,1786769646,5171,73,3,30.9,47.6,,run
2026-08-15T07:54:11+03:00,1786769651,5176,73,3,30.9,43.6,,run
2026-08-15T07:54:16+03:00,1786769656,5181,73,3,30.9,42.6,,run
2026-08-15T07:54:22+03:00,1786769662,5187,73,3,30.9,44.5,,run
2026-08-15T07:54:27+03:00,1786769667,5192,73,3,30.9,41.7,,run
2026-08-15T07:54:32+03:00,1786769672,5197,73,3,30.9,42.0,,run
2026-08-15T07:54:37+03:00,1786769677,5202,73,3,30.9,41.1,,run
2026-08-15T07:54:42+03:00,1786769682,5207,73,3,30.9,40.8,,run
2026-08-15T07:54:48+03:00,1786769688,5213,73,3,30.9,43.2,,run
2026-08-15T07:54:53+03:00,1786769693,5218,73,3,30.9,43.2,,run
2026-08-15T07:54:58+03:00,1786769698,5223,73,3,30.9,45.7,,run
2026-08-15T07:55:03+03:00,1786769703,5228,73,3,30.9,43.2,,run
2026-08-15T07:55:09+03:00,1786769709,5234,73,3,30.9,41.4,,run
2026-08-15T07:55:14+03:00,1786769714,5239,73,3,30.9,40.5,,run
2026-08-15T07:55:19+03:00,1786769719,5244,73,3,30.9,53.8,,run
2026-08-15T07:55:25+03:00,1786769725,5250,73,3,30.9,44.5,,run
2026-08-15T07:55:30+03:00,1786769730,5255,73,3,30.9,40.2,,run
2026-08-15T07:55:35+03:00,1786769735,5260,73,3,30.9,40.2,,run
2026-08-15T07:55:40+03:00,1786769740,5265,73,3,30.9,39.5,,run
2026-08-15T07:55:46+03:00,1786769746,5271,73,3,30.9,38.0,,run
2026-08-15T07:55:51+03:00,1786769751,5276,73,3,30.9,40.8,,run
2026-08-15T07:55:56+03:00,1786769756,5281,73,3,30.9,39.2,,run
2026-08-15T07:56:01+03:00,1786769761,5286,73,3,30.9,38.9,,run
2026-08-15T07:56:07+03:00,1786769767,5292,73,3,30.9,54.1,,run
2026-08-15T07:56:12+03:00,1786769772,5297,73,3,30.9,43.9,,run
2026-08-15T07:56:17+03:00,1786769777,5302,73,3,30.9,43.6,,run
2026-08-15T07:56:23+03:00,1786769783,5308,73,3,30.9,43.2,,run
2026-08-15T07:56:28+03:00,1786769788,5313,73,3,30.9,45.4,,run
2026-08-15T07:56:33+03:00,1786769793,5318,73,3,30.9,41.1,,run
2026-08-15T07:56:38+03:00,1786769798,5323,73,3,30.9,40.5,,run
2026-08-15T07:56:44+03:00,1786769804,5329,73,3,30.9,46.0,,run
2026-08-15T07:56:49+03:00,1786769809,5334,73,3,30.9,45.7,,run
2026-08-15T07:56:54+03:00,1786769814,5339,73,3,30.9,48.5,,run
2026-08-15T07:56:59+03:00,1786769819,5344,73,3,30.9,44.5,,run
2026-08-15T07:57:05+03:00,1786769825,5350,73,3,30.9,41.4,,run
2026-08-15T07:57:10+03:00,1786769830,5355,73,3,30.9,40.2,,run
2026-08-15T07:57:15+03:00,1786769835,5360,73,3,30.9,40.8,,run
2026-08-15T07:57:20+03:00,1786769840,5365,73,3,30.9,46.3,,run
2026-08-15T07:57:25+03:00,1786769845,5370,73,3,30.9,52.5,,run
2026-08-15T07:57:31+03:00,1786769851,5376,73,3,30.9,46.0,,run
2026-08-15T07:57:36+03:00,1786769856,5381,73,3,30.9,45.1,,run
2026-08-15T07:57:41+03:00,1786769861,5386,73,3,30.9,39.8,,run
2026-08-15T07:57:46+03:00,1786769866,5391,73,3,30.9,39.2,,run
2026-08-15T07:57:52+03:00,1786769872,5397,73,3,30.9,41.4,,run
2026-08-15T07:57:57+03:00,1786769877,5402,73,3,30.6,39.8,,run
2026-08-15T07:58:02+03:00,1786769882,5407,73,3,30.6,39.5,,run
2026-08-15T07:58:07+03:00,1786769887,5412,73,3,30.6,50.1,,run
2026-08-15T07:58:13+03:00,1786769893,5418,73,3,30.6,50.4,,run
2026-08-15T07:58:18+03:00,1786769898,5423,73,3,30.6,42.3,,run
2026-08-15T07:58:23+03:00,1786769903,5428,73,3,30.6,42.0,,run
2026-08-15T07:58:29+03:00,1786769909,5434,73,3,30.6,41.4,,run
2026-08-15T07:58:34+03:00,1786769914,5439,73,3,30.6,41.4,,run
2026-08-15T07:58:39+03:00,1786769919,5444,73,3,30.6,42.3,,run
2026-08-15T07:58:44+03:00,1786769924,5449,73,3,30.6,40.2,,run
2026-08-15T07:58:50+03:00,1786769930,5455,73,3,30.6,41.7,,run
2026-08-15T07:58:55+03:00,1786769935,5460,73,3,30.6,41.7,,run
2026-08-15T07:59:00+03:00,1786769940,5465,73,3,30.6,44.8,,run
2026-08-15T07:59:05+03:00,1786769945,5470,73,3,30.6,45.1,,run
2026-08-15T07:59:11+03:00,1786769951,5476,73,3,30.6,42.6,,run
2026-08-15T07:59:16+03:00,1786769956,5481,73,3,30.6,40.5,,run
2026-08-15T07:59:21+03:00,1786769961,5486,73,3,30.6,42.3,,run
2026-08-15T07:59:26+03:00,1786769966,5491,73,3,30.6,50.4,,run
2026-08-15T07:59:32+03:00,1786769972,5497,73,3,30.6,41.4,,run
2026-08-15T07:59:37+03:00,1786769977,5502,73,3,30.6,41.4,,run
2026-08-15T07:59:42+03:00,1786769982,5507,73,3,30.6,40.5,,run
2026-08-15T07:59:47+03:00,1786769987,5512,73,3,30.6,39.8,,run
2026-08-15T07:59:53+03:00,1786769993,5518,73,3,30.6,39.2,,run
2026-08-15T07:59:58+03:00,1786769998,5523,73,3,30.6,40.8,,run
2026-08-15T08:00:03+03:00,1786770003,5528,73,3,30.6,39.8,,run
2026-08-15T08:00:08+03:00,1786770008,5533,73,3,30.6,39.2,,run
2026-08-15T08:00:14+03:00,1786770014,5539,73,3,30.6,42.6,,run
2026-08-15T08:00:19+03:00,1786770019,5544,73,3,30.6,50.4,,run
2026-08-15T08:00:24+03:00,1786770024,5549,73,3,30.6,43.9,,run
2026-08-15T08:00:29+03:00,1786770029,5554,73,3,30.6,41.1,,run
2026-08-15T08:00:35+03:00,1786770035,5560,73,3,30.6,40.8,,run
2026-08-15T08:00:40+03:00,1786770040,5565,73,3,30.6,40.5,,run
2026-08-15T08:00:45+03:00,1786770045,5570,73,3,30.6,41.1,,run
2026-08-15T08:00:50+03:00,1786770050,5575,73,3,30.6,42.6,,run
2026-08-15T08:00:56+03:00,1786770056,5581,73,3,30.6,41.7,,run
2026-08-15T08:01:01+03:00,1786770061,5586,73,3,30.6,43.6,,run
2026-08-15T08:01:06+03:00,1786770066,5591,73,3,30.6,43.9,,run
2026-08-15T08:01:11+03:00,1786770071,5596,73,3,30.6,43.2,,run
2026-08-15T08:01:17+03:00,1786770077,5602,73,3,30.6,41.4,,run
2026-08-15T08:01:22+03:00,1786770082,5607,73,3,30.6,43.6,,run
2026-08-15T08:01:27+03:00,1786770087,5612,73,3,30.6,43.6,,run
2026-08-15T08:01:32+03:00,1786770092,5617,73,3,30.6,50.1,,run
2026-08-15T08:01:38+03:00,1786770098,5623,73,3,30.6,41.1,,run
2026-08-15T08:01:43+03:00,1786770103,5628,73,3,30.6,41.7,,run
2026-08-15T08:01:48+03:00,1786770108,5633,73,3,30.6,40.2,,run
2026-08-15T08:01:53+03:00,1786770113,5638,73,3,30.6,42.9,,run
2026-08-15T08:01:59+03:00,1786770119,5644,73,3,30.6,39.8,,run
2026-08-15T08:02:04+03:00,1786770124,5649,73,3,30.6,39.8,,run
2026-08-15T08:02:09+03:00,1786770129,5654,73,3,30.6,39.5,,run
2026-08-15T08:02:14+03:00,1786770134,5659,73,3,30.6,41.4,,run
2026-08-15T08:02:20+03:00,1786770140,5665,73,3,30.6,50.4,,run
2026-08-15T08:02:25+03:00,1786770145,5670,73,3,30.6,47.6,,run
2026-08-15T08:02:30+03:00,1786770150,5675,73,3,30.6,44.8,,run
2026-08-15T08:02:35+03:00,1786770155,5680,72,3,30.7,42.9,,run
2026-08-15T08:02:40+03:00,1786770160,5685,72,3,30.7,41.1,,run
2026-08-15T08:02:46+03:00,1786770166,5691,72,3,30.7,41.7,,run
2026-08-15T08:02:51+03:00,1786770171,5696,72,3,30.7,41.7,,run
2026-08-15T08:02:56+03:00,1786770176,5701,72,3,30.7,40.5,,run
2026-08-15T08:03:01+03:00,1786770181,5706,72,3,30.7,41.7,,run
2026-08-15T08:03:07+03:00,1786770187,5712,72,3,30.7,41.1,,run
2026-08-15T08:03:12+03:00,1786770192,5717,72,3,30.7,40.5,,run
2026-08-15T08:03:17+03:00,1786770197,5722,72,3,30.7,47.0,,run
2026-08-15T08:03:22+03:00,1786770202,5727,72,3,30.7,48.5,,run
2026-08-15T08:03:27+03:00,1786770207,5732,72,3,30.7,42.3,,run
2026-08-15T08:03:33+03:00,1786770213,5738,72,3,30.7,45.1,,run
2026-08-15T08:03:38+03:00,1786770218,5743,72,3,30.7,44.8,,run
2026-08-15T08:03:43+03:00,1786770223,5748,72,3,30.7,42.3,,run
2026-08-15T08:03:48+03:00,1786770228,5753,72,3,30.7,39.8,,run
2026-08-15T08:03:54+03:00,1786770234,5759,72,3,30.7,40.2,,run
2026-08-15T08:03:59+03:00,1786770239,5764,72,3,30.7,41.4,,run
2026-08-15T08:04:04+03:00,1786770244,5769,72,3,30.7,47.6,,run
2026-08-15T08:04:09+03:00,1786770249,5774,72,3,30.7,44.5,,run
2026-08-15T08:04:15+03:00,1786770255,5780,72,3,30.7,42.6,,run
2026-08-15T08:04:20+03:00,1786770260,5785,72,3,30.7,40.8,,run
2026-08-15T08:04:25+03:00,1786770265,5790,72,3,30.7,41.4,,run
2026-08-15T08:04:30+03:00,1786770270,5795,72,3,30.7,41.1,,run
2026-08-15T08:04:36+03:00,1786770276,5801,72,3,30.7,46.3,,run
2026-08-15T08:04:41+03:00,1786770281,5806,72,3,30.7,46.0,,run
2026-08-15T08:04:46+03:00,1786770286,5811,72,3,30.7,42.6,,run
2026-08-15T08:04:51+03:00,1786770291,5816,72,3,30.7,42.0,,run
2026-08-15T08:04:57+03:00,1786770297,5822,72,3,30.7,41.7,,run
2026-08-15T08:05:02+03:00,1786770302,5827,72,3,30.7,40.8,,run
2026-08-15T08:05:07+03:00,1786770307,5832,72,3,30.7,43.6,,run
2026-08-15T08:05:12+03:00,1786770312,5837,72,3,30.7,41.4,,run
2026-08-15T08:05:18+03:00,1786770318,5843,72,3,30.7,49.1,,run
2026-08-15T08:05:23+03:00,1786770323,5848,72,3,30.7,42.3,,run
2026-08-15T08:05:28+03:00,1786770328,5853,72,3,30.7,46.7,,run
2026-08-15T08:05:34+03:00,1786770334,5859,72,3,30.7,47.6,,run
2026-08-15T08:05:39+03:00,1786770339,5864,72,3,30.7,41.1,,run
2026-08-15T08:05:44+03:00,1786770344,5869,72,3,30.7,39.2,,run
2026-08-15T08:05:49+03:00,1786770349,5874,72,3,30.7,39.8,,run
2026-08-15T08:05:55+03:00,1786770355,5880,72,3,30.7,39.5,,run
2026-08-15T08:06:00+03:00,1786770360,5885,72,3,30.7,40.2,,run
2026-08-15T08:06:05+03:00,1786770365,5890,72,3,30.7,41.7,,run
2026-08-15T08:06:10+03:00,1786770370,5895,72,3,30.7,52.8,,run
2026-08-15T08:06:16+03:00,1786770376,5901,72,3,30.7,42.6,,run
2026-08-15T08:06:21+03:00,1786770381,5906,72,3,30.7,41.1,,run
2026-08-15T08:06:26+03:00,1786770386,5911,72,3,30.7,42.3,,run
2026-08-15T08:06:31+03:00,1786770391,5916,72,3,30.7,40.8,,run
2026-08-15T08:06:36+03:00,1786770396,5921,72,3,30.7,41.4,,run
2026-08-15T08:06:42+03:00,1786770402,5927,72,3,30.7,42.0,,run
2026-08-15T08:06:47+03:00,1786770407,5932,72,3,30.7,42.6,,run
2026-08-15T08:06:52+03:00,1786770412,5937,72,3,30.7,43.6,,run
2026-08-15T08:06:57+03:00,1786770417,5942,72,3,30.7,41.7,,run
2026-08-15T08:07:03+03:00,1786770423,5948,72,3,30.7,39.8,,run
2026-08-15T08:07:08+03:00,1786770428,5953,72,3,30.7,42.0,,run
2026-08-15T08:07:13+03:00,1786770433,5958,72,3,30.7,40.5,,run
2026-08-15T08:07:18+03:00,1786770438,5963,72,3,30.7,40.5,,run
2026-08-15T08:07:24+03:00,1786770443,5968,72,3,30.7,49.4,,run
2026-08-15T08:07:29+03:00,1786770449,5974,72,3,30.7,46.0,,run
2026-08-15T08:07:34+03:00,1786770454,5979,72,3,30.7,45.7,,run
2026-08-15T08:07:39+03:00,1786770459,5984,72,3,30.7,43.9,,run
2026-08-15T08:07:44+03:00,1786770464,5989,72,3,30.7,40.8,,run
2026-08-15T08:07:50+03:00,1786770470,5995,72,3,30.7,46.7,,run
2026-08-15T08:07:55+03:00,1786770475,6000,72,3,30.8,47.0,,run
2026-08-15T08:08:00+03:00,1786770480,6005,72,3,30.8,41.7,,run
2026-08-15T08:08:05+03:00,1786770485,6010,72,3,30.8,40.2,,run
2026-08-15T08:08:11+03:00,1786770491,6016,72,3,30.8,41.7,,run
2026-08-15T08:08:16+03:00,1786770496,6021,72,3,30.8,52.8,,run
2026-08-15T08:08:21+03:00,1786770501,6026,72,3,30.8,43.6,,run
2026-08-15T08:08:27+03:00,1786770507,6032,72,3,30.8,41.7,,run
2026-08-15T08:08:32+03:00,1786770512,6037,72,3,30.8,40.5,,run
2026-08-15T08:08:37+03:00,1786770517,6042,72,3,30.8,45.4,,run
2026-08-15T08:08:42+03:00,1786770522,6047,72,3,30.8,43.9,,run
2026-08-15T08:08:48+03:00,1786770528,6053,72,3,30.8,41.1,,run
2026-08-15T08:08:53+03:00,1786770533,6058,72,3,30.8,41.1,,run
2026-08-15T08:08:58+03:00,1786770538,6063,72,3,30.8,46.0,,run
2026-08-15T08:09:03+03:00,1786770543,6068,72,3,30.8,41.7,,run
2026-08-15T08:09:08+03:00,1786770548,6073,72,3,30.8,40.5,,run
2026-08-15T08:09:14+03:00,1786770554,6079,72,3,30.8,42.3,,run
2026-08-15T08:09:19+03:00,1786770559,6084,72,3,30.8,41.4,,run
2026-08-15T08:09:24+03:00,1786770564,6089,72,3,30.8,41.4,,run
2026-08-15T08:09:29+03:00,1786770569,6094,72,3,30.8,55.3,,run
2026-08-15T08:09:35+03:00,1786770575,6100,72,3,30.8,54.4,,run
2026-08-15T08:09:40+03:00,1786770580,6105,72,3,30.8,44.8,,run
2026-08-15T08:09:45+03:00,1786770585,6110,72,3,30.8,41.1,,run
2026-08-15T08:09:51+03:00,1786770591,6116,72,3,30.8,39.5,,run
2026-08-15T08:09:56+03:00,1786770596,6121,72,3,30.8,39.8,,run
2026-08-15T08:10:01+03:00,1786770601,6126,72,3,30.8,39.8,,run
2026-08-15T08:10:06+03:00,1786770606,6131,72,3,30.8,43.2,,run
2026-08-15T08:10:11+03:00,1786770611,6136,72,3,30.8,40.5,,run
2026-08-15T08:10:17+03:00,1786770617,6142,72,3,30.8,38.9,,run
2026-08-15T08:10:22+03:00,1786770622,6147,72,3,30.8,51.6,,run
2026-08-15T08:10:27+03:00,1786770627,6152,72,3,30.8,42.9,,run
2026-08-15T08:10:32+03:00,1786770632,6157,72,3,30.8,41.7,,run
2026-08-15T08:10:38+03:00,1786770638,6163,72,3,30.8,40.8,,run
2026-08-15T08:10:43+03:00,1786770643,6168,72,3,30.8,40.5,,run
2026-08-15T08:10:48+03:00,1786770648,6173,72,3,30.8,45.7,,run
2026-08-15T08:10:53+03:00,1786770653,6178,72,3,30.8,44.8,,run
2026-08-15T08:10:59+03:00,1786770659,6184,72,3,30.8,42.9,,run
2026-08-15T08:11:04+03:00,1786770664,6189,72,3,30.8,43.9,,run
2026-08-15T08:11:09+03:00,1786770669,6194,72,3,30.8,44.2,,run
2026-08-15T08:11:14+03:00,1786770674,6199,72,3,30.8,40.8,,run
2026-08-15T08:11:20+03:00,1786770680,6205,72,3,30.8,40.8,,run
2026-08-15T08:11:25+03:00,1786770685,6210,72,3,30.8,40.8,,run
2026-08-15T08:11:30+03:00,1786770690,6215,72,3,30.8,41.1,,run
2026-08-15T08:11:35+03:00,1786770695,6220,72,3,30.8,46.7,,run
2026-08-15T08:11:41+03:00,1786770701,6226,72,3,30.8,47.9,,run
2026-08-15T08:11:46+03:00,1786770706,6231,72,3,30.8,48.5,,run
2026-08-15T08:11:51+03:00,1786770711,6236,72,3,30.8,41.7,,run
2026-08-15T08:11:56+03:00,1786770716,6241,72,3,30.8,40.5,,run
2026-08-15T08:12:02+03:00,1786770722,6247,72,3,30.8,39.8,,run
2026-08-15T08:12:07+03:00,1786770727,6252,72,3,30.8,38.6,,run
2026-08-15T08:12:12+03:00,1786770732,6257,72,3,30.8,39.2,,run
2026-08-15T08:12:17+03:00,1786770737,6262,72,3,30.8,41.7,,run
2026-08-15T08:12:22+03:00,1786770742,6267,72,3,30.8,41.1,,run
2026-08-15T08:12:28+03:00,1786770748,6273,72,3,30.8,52.8,,run
2026-08-15T08:12:33+03:00,1786770753,6278,72,3,30.8,42.3,,run
2026-08-15T08:12:38+03:00,1786770758,6283,72,3,30.8,43.9,,run
2026-08-15T08:12:44+03:00,1786770764,6289,72,3,30.8,42.3,,run
2026-08-15T08:12:49+03:00,1786770769,6294,72,3,30.8,41.1,,run
2026-08-15T08:12:54+03:00,1786770774,6299,72,3,30.8,43.6,,run
2026-08-15T08:12:59+03:00,1786770779,6304,72,3,30.8,42.9,,run
2026-08-15T08:13:05+03:00,1786770785,6310,72,3,30.8,49.4,,run
2026-08-15T08:13:10+03:00,1786770790,6315,72,3,30.8,43.2,,run
2026-08-15T08:13:15+03:00,1786770795,6320,71,3,30.9,48.2,,run
2026-08-15T08:13:20+03:00,1786770800,6325,71,3,30.9,44.5,,run
2026-08-15T08:13:26+03:00,1786770806,6331,71,3,30.9,41.4,,run
2026-08-15T08:13:31+03:00,1786770811,6336,71,3,30.9,43.6,,run
2026-08-15T08:13:36+03:00,1786770816,6341,71,3,30.9,41.4,,run
2026-08-15T08:13:41+03:00,1786770821,6346,71,3,30.9,45.1,,run
2026-08-15T08:13:46+03:00,1786770826,6351,71,3,30.9,45.1,,run
2026-08-15T08:13:52+03:00,1786770832,6357,71,3,30.9,42.9,,run
2026-08-15T08:13:57+03:00,1786770837,6362,71,3,30.9,45.1,,run
2026-08-15T08:14:02+03:00,1786770842,6367,71,3,30.9,42.0,,run
2026-08-15T08:14:07+03:00,1786770847,6372,71,3,30.9,40.2,,run
2026-08-15T08:14:13+03:00,1786770853,6378,71,3,30.9,39.8,,run
2026-08-15T08:14:18+03:00,1786770858,6383,71,3,30.9,41.4,,run
2026-08-15T08:14:23+03:00,1786770863,6388,71,3,30.9,41.4,,run
2026-08-15T08:14:28+03:00,1786770868,6393,71,3,30.9,42.0,,run
2026-08-15T08:14:34+03:00,1786770874,6399,71,3,30.9,44.8,,run
2026-08-15T08:14:39+03:00,1786770879,6404,71,3,30.9,42.0,,run
2026-08-15T08:14:44+03:00,1786770884,6409,71,3,30.9,42.0,,run
2026-08-15T08:14:49+03:00,1786770889,6414,71,3,30.9,40.5,,run
2026-08-15T08:14:55+03:00,1786770895,6420,71,3,30.9,40.8,,run
2026-08-15T08:15:00+03:00,1786770900,6425,71,3,30.9,43.9,,run
2026-08-15T08:15:05+03:00,1786770905,6430,71,3,30.9,40.5,,run
2026-08-15T08:15:10+03:00,1786770910,6435,71,3,30.9,42.6,,run
2026-08-15T08:15:15+03:00,1786770915,6440,71,3,30.9,44.2,,run
2026-08-15T08:15:21+03:00,1786770921,6446,71,3,30.9,45.1,,run
2026-08-15T08:15:26+03:00,1786770926,6451,71,3,30.9,41.7,,run
2026-08-15T08:15:31+03:00,1786770931,6456,71,3,30.9,42.0,,run
2026-08-15T08:15:36+03:00,1786770936,6461,71,3,30.9,41.7,,run
2026-08-15T08:15:42+03:00,1786770942,6467,71,3,30.9,42.3,,run
2026-08-15T08:15:47+03:00,1786770947,6472,71,3,30.9,49.4,,run
2026-08-15T08:15:53+03:00,1786770953,6478,71,3,30.9,42.9,,run
2026-08-15T08:15:58+03:00,1786770958,6483,71,3,30.9,42.3,,run
2026-08-15T08:16:03+03:00,1786770963,6488,71,3,30.9,40.2,,run
2026-08-15T08:16:08+03:00,1786770968,6493,71,3,30.9,44.5,,run
2026-08-15T08:16:13+03:00,1786770973,6498,71,3,30.9,40.5,,run
2026-08-15T08:16:19+03:00,1786770979,6504,71,3,30.9,40.5,,run
2026-08-15T08:16:24+03:00,1786770984,6509,71,3,30.9,40.2,,run
2026-08-15T08:16:29+03:00,1786770989,6514,71,3,30.9,40.2,,run
2026-08-15T08:16:34+03:00,1786770994,6519,71,3,30.9,51.0,,run
2026-08-15T08:16:40+03:00,1786771000,6525,71,3,30.9,47.6,,run
2026-08-15T08:16:45+03:00,1786771005,6530,71,3,30.9,42.0,,run
2026-08-15T08:16:51+03:00,1786771011,6536,71,3,30.9,40.8,,run
2026-08-15T08:16:56+03:00,1786771016,6541,71,3,30.9,41.7,,run
2026-08-15T08:17:01+03:00,1786771021,6546,71,3,30.9,40.5,,run
2026-08-15T08:17:06+03:00,1786771026,6551,71,3,30.9,47.3,,run
2026-08-15T08:17:12+03:00,1786771032,6557,71,3,30.9,43.6,,run
2026-08-15T08:17:17+03:00,1786771037,6562,71,3,30.9,40.8,,run
2026-08-15T08:17:22+03:00,1786771042,6567,71,3,30.9,41.1,,run
2026-08-15T08:17:27+03:00,1786771047,6572,71,3,30.9,45.4,,run
2026-08-15T08:17:33+03:00,1786771053,6578,71,3,30.9,44.5,,run
2026-08-15T08:17:38+03:00,1786771058,6583,71,3,30.9,48.5,,run
2026-08-15T08:17:43+03:00,1786771063,6588,71,3,30.9,42.9,,run
2026-08-15T08:17:48+03:00,1786771068,6593,71,3,30.9,42.3,,run
2026-08-15T08:17:54+03:00,1786771074,6599,71,3,31.0,51.6,,run
2026-08-15T08:17:59+03:00,1786771079,6604,71,3,31.0,42.6,,run
2026-08-15T08:18:04+03:00,1786771084,6609,71,3,31.0,40.8,,run
2026-08-15T08:18:09+03:00,1786771089,6614,71,3,31.0,39.8,,run
2026-08-15T08:18:15+03:00,1786771095,6620,71,3,31.0,39.2,,run
2026-08-15T08:18:20+03:00,1786771100,6625,71,3,31.0,54.7,,run
2026-08-15T08:18:26+03:00,1786771106,6631,71,3,31.0,48.2,,run
2026-08-15T08:18:31+03:00,1786771111,6636,71,3,31.0,44.8,,run
2026-08-15T08:18:36+03:00,1786771116,6641,71,3,31.0,41.7,,run
2026-08-15T08:18:41+03:00,1786771121,6646,71,3,31.0,41.7,,run
2026-08-15T08:18:47+03:00,1786771127,6652,71,3,31.0,40.5,,run
2026-08-15T08:18:52+03:00,1786771132,6657,71,3,31.0,40.8,,run
2026-08-15T08:18:57+03:00,1786771137,6662,71,3,31.0,41.4,,run
2026-08-15T08:19:02+03:00,1786771142,6667,71,3,31.0,42.9,,run
2026-08-15T08:19:08+03:00,1786771148,6673,71,3,31.0,41.4,,run
2026-08-15T08:19:13+03:00,1786771153,6678,71,3,31.0,42.6,,run
2026-08-15T08:19:18+03:00,1786771158,6683,71,3,31.0,41.1,,run
2026-08-15T08:19:23+03:00,1786771163,6688,71,3,31.0,41.1,,run
2026-08-15T08:19:29+03:00,1786771169,6694,71,3,31.0,41.1,,run
2026-08-15T08:19:34+03:00,1786771174,6699,71,3,31.0,45.7,,run
2026-08-15T08:19:39+03:00,1786771179,6704,71,3,31.0,54.4,,run
2026-08-15T08:19:45+03:00,1786771185,6710,71,3,31.0,47.9,,run
2026-08-15T08:19:50+03:00,1786771190,6715,71,3,31.0,43.2,,run
2026-08-15T08:19:55+03:00,1786771195,6720,71,3,31.0,41.1,,run
2026-08-15T08:20:00+03:00,1786771200,6725,71,3,31.0,43.9,,run
2026-08-15T08:20:06+03:00,1786771205,6730,71,3,31.0,39.8,,run
2026-08-15T08:20:11+03:00,1786771211,6736,71,3,31.0,40.2,,run
2026-08-15T08:20:16+03:00,1786771216,6741,71,3,31.0,39.8,,run
2026-08-15T08:20:21+03:00,1786771221,6746,71,3,31.0,38.6,,run
2026-08-15T08:20:26+03:00,1786771226,6751,71,3,31.0,52.5,,run
2026-08-15T08:20:32+03:00,1786771232,6757,71,3,31.0,42.6,,run
2026-08-15T08:20:37+03:00,1786771237,6762,71,3,31.0,47.0,,run
2026-08-15T08:20:42+03:00,1786771242,6767,71,3,31.0,42.6,,run
2026-08-15T08:20:47+03:00,1786771247,6772,71,3,31.0,42.0,,run
2026-08-15T08:20:53+03:00,1786771253,6778,71,3,31.0,40.8,,run
2026-08-15T08:20:58+03:00,1786771258,6783,71,3,31.0,40.5,,run
2026-08-15T08:21:03+03:00,1786771263,6788,71,3,31.0,41.1,,run
2026-08-15T08:21:08+03:00,1786771268,6793,71,3,31.0,39.8,,run
2026-08-15T08:21:14+03:00,1786771274,6799,71,3,31.0,42.3,,run
2026-08-15T08:21:19+03:00,1786771279,6804,71,3,31.0,41.1,,run
2026-08-15T08:21:24+03:00,1786771284,6809,71,3,31.0,44.2,,run
2026-08-15T08:21:29+03:00,1786771289,6814,71,3,31.0,41.1,,run
2026-08-15T08:21:35+03:00,1786771295,6820,71,3,31.0,40.8,,run
2026-08-15T08:21:40+03:00,1786771300,6825,71,3,31.0,48.8,,run
2026-08-15T08:21:45+03:00,1786771305,6830,71,3,31.0,46.0,,run
2026-08-15T08:21:50+03:00,1786771310,6835,71,3,31.0,44.8,,run
2026-08-15T08:21:55+03:00,1786771315,6840,71,3,31.0,47.9,,run
2026-08-15T08:22:01+03:00,1786771321,6846,71,3,31.0,41.1,,run
2026-08-15T08:22:06+03:00,1786771326,6851,71,3,31.0,39.5,,run
2026-08-15T08:22:11+03:00,1786771331,6856,71,3,31.0,38.3,,run
2026-08-15T08:22:16+03:00,1786771336,6861,71,3,31.0,40.2,,run
2026-08-15T08:22:22+03:00,1786771342,6867,71,3,31.0,40.8,,run
2026-08-15T08:22:27+03:00,1786771347,6872,71,3,31.0,42.3,,run
2026-08-15T08:22:32+03:00,1786771352,6877,71,3,31.0,48.8,,run
2026-08-15T08:22:38+03:00,1786771358,6883,71,3,31.0,41.7,,run
2026-08-15T08:22:43+03:00,1786771363,6888,71,3,31.0,41.4,,run
2026-08-15T08:22:48+03:00,1786771368,6893,71,3,31.0,46.3,,run
2026-08-15T08:22:53+03:00,1786771373,6898,70,3,30.3,42.6,,run
2026-08-15T08:22:59+03:00,1786771379,6904,70,3,30.3,40.5,,run
2026-08-15T08:23:04+03:00,1786771384,6909,70,3,30.3,40.8,,run
2026-08-15T08:23:09+03:00,1786771389,6914,70,3,30.3,41.4,,run
2026-08-15T08:23:14+03:00,1786771394,6919,70,3,30.3,40.5,,run
2026-08-15T08:23:19+03:00,1786771399,6924,70,3,30.3,40.2,,run
2026-08-15T08:23:25+03:00,1786771405,6930,70,3,30.3,39.8,,run
2026-08-15T08:23:30+03:00,1786771410,6935,70,3,30.3,40.5,,run
2026-08-15T08:23:35+03:00,1786771415,6940,70,3,30.3,41.4,,run
2026-08-15T08:23:40+03:00,1786771420,6945,70,3,30.3,45.1,,run
2026-08-15T08:23:46+03:00,1786771426,6951,70,3,30.3,50.1,,run
2026-08-15T08:23:51+03:00,1786771431,6956,70,3,30.3,42.0,,run
2026-08-15T08:23:56+03:00,1786771436,6961,70,3,30.3,41.1,,run
2026-08-15T08:24:02+03:00,1786771442,6967,70,3,30.3,41.4,,run
2026-08-15T08:24:07+03:00,1786771447,6972,70,3,30.3,46.7,,run
2026-08-15T08:24:12+03:00,1786771452,6977,70,3,30.3,40.8,,run
2026-08-15T08:24:17+03:00,1786771457,6982,70,3,30.3,39.5,,run
2026-08-15T08:24:23+03:00,1786771463,6988,70,3,30.3,38.6,,run
2026-08-15T08:24:28+03:00,1786771468,6993,70,3,30.3,38.3,,run
2026-08-15T08:24:33+03:00,1786771473,6998,70,3,30.3,50.4,,run
2026-08-15T08:24:39+03:00,1786771479,7004,70,3,30.3,48.8,,run
2026-08-15T08:24:44+03:00,1786771484,7009,70,3,30.3,42.6,,run
2026-08-15T08:24:49+03:00,1786771489,7014,70,3,30.3,41.7,,run
2026-08-15T08:24:55+03:00,1786771495,7020,70,3,30.3,41.4,,run
2026-08-15T08:25:00+03:00,1786771500,7025,70,3,30.3,40.2,,run
2026-08-15T08:25:05+03:00,1786771505,7030,70,3,30.3,40.8,,run
2026-08-15T08:25:10+03:00,1786771510,7035,70,3,30.3,40.5,,run
2026-08-15T08:25:16+03:00,1786771516,7041,70,3,30.3,41.7,,run
2026-08-15T08:25:21+03:00,1786771521,7046,70,3,30.3,40.8,,run
2026-08-15T08:25:26+03:00,1786771526,7051,70,3,30.3,40.5,,run
2026-08-15T08:25:31+03:00,1786771531,7056,70,3,30.3,39.5,,run
2026-08-15T08:25:36+03:00,1786771536,7061,70,3,30.3,39.2,,run
2026-08-15T08:25:42+03:00,1786771542,7067,70,3,30.3,41.7,,run
2026-08-15T08:25:47+03:00,1786771547,7072,70,3,30.3,40.2,,run
2026-08-15T08:25:52+03:00,1786771552,7077,70,3,30.3,51.0,,run
2026-08-15T08:25:58+03:00,1786771558,7083,70,3,30.3,48.2,,run
2026-08-15T08:26:03+03:00,1786771563,7088,70,3,30.3,42.6,,run
2026-08-15T08:26:08+03:00,1786771568,7093,70,3,30.3,41.7,,run
2026-08-15T08:26:13+03:00,1786771573,7098,70,3,30.3,40.2,,run
2026-08-15T08:26:19+03:00,1786771579,7104,70,3,30.3,49.7,,run
2026-08-15T08:26:24+03:00,1786771584,7109,70,3,30.3,42.9,,run
2026-08-15T08:26:29+03:00,1786771589,7114,70,3,30.3,41.1,,run
2026-08-15T08:26:35+03:00,1786771595,7120,70,3,30.3,40.2,,run
2026-08-15T08:26:40+03:00,1786771600,7125,70,3,30.3,40.2,,run
2026-08-15T08:26:45+03:00,1786771605,7130,70,3,30.3,43.6,,run
2026-08-15T08:26:50+03:00,1786771610,7135,70,3,30.3,47.9,,run
2026-08-15T08:26:56+03:00,1786771616,7141,70,3,30.3,43.9,,run
2026-08-15T08:27:01+03:00,1786771621,7146,70,3,30.3,45.4,,run
2026-08-15T08:27:06+03:00,1786771626,7151,70,3,30.3,42.0,,run
2026-08-15T08:27:11+03:00,1786771631,7156,70,3,30.3,40.2,,run
2026-08-15T08:27:17+03:00,1786771637,7162,70,3,30.3,41.1,,run
2026-08-15T08:27:22+03:00,1786771642,7167,70,3,30.3,42.0,,run
2026-08-15T08:27:27+03:00,1786771647,7172,70,3,30.3,42.3,,run
2026-08-15T08:27:32+03:00,1786771652,7177,70,3,30.3,46.3,,run
2026-08-15T08:27:37+03:00,1786771657,7182,70,3,30.3,53.1,,run
2026-08-15T08:27:43+03:00,1786771663,7188,70,3,30.3,46.7,,run
2026-08-15T08:27:48+03:00,1786771668,7193,70,3,30.3,40.8,,run
2026-08-15T08:27:53+03:00,1786771673,7198,70,3,30.3,38.9,,run
2026-08-15T08:27:59+03:00,1786771679,7204,70,3,30.3,38.6,,run
2026-08-15T08:28:04+03:00,1786771684,7209,70,3,30.3,38.6,,run
2026-08-15T08:28:09+03:00,1786771689,7214,70,3,30.3,42.9,,run
2026-08-15T08:28:14+03:00,1786771694,7219,70,3,30.3,42.6,,run
2026-08-15T08:28:20+03:00,1786771700,7225,70,3,30.3,39.8,,run
2026-08-15T08:28:25+03:00,1786771705,7230,70,3,30.3,52.2,,run
2026-08-15T08:28:30+03:00,1786771710,7235,70,3,30.3,42.9,,run
2026-08-15T08:28:35+03:00,1786771715,7240,70,3,30.3,41.1,,run
2026-08-15T08:28:41+03:00,1786771721,7246,70,3,30.3,42.6,,run
2026-08-15T08:28:46+03:00,1786771726,7251,70,3,30.3,41.4,,run
2026-08-15T08:28:51+03:00,1786771731,7256,70,3,30.3,40.8,,run
2026-08-15T08:28:56+03:00,1786771736,7261,70,3,30.3,40.2,,run
2026-08-15T08:29:01+03:00,1786771741,7266,70,3,30.3,46.3,,run
2026-08-15T08:29:07+03:00,1786771747,7272,70,3,30.3,42.6,,run
2026-08-15T08:29:12+03:00,1786771752,7277,70,3,30.3,41.4,,run
2026-08-15T08:29:17+03:00,1786771757,7282,70,3,30.3,42.6,,run
2026-08-15T08:29:22+03:00,1786771762,7287,70,3,30.3,42.0,,run
2026-08-15T08:29:28+03:00,1786771768,7293,70,3,30.3,44.2,,run
2026-08-15T08:29:33+03:00,1786771773,7298,70,3,30.3,41.1,,run
2026-08-15T08:29:38+03:00,1786771778,7303,70,3,30.3,44.8,,run
2026-08-15T08:29:43+03:00,1786771783,7308,70,3,30.3,44.2,,run
2026-08-15T08:29:49+03:00,1786771789,7314,70,3,30.3,43.2,,run
2026-08-15T08:29:54+03:00,1786771794,7319,70,3,30.3,39.8,,run
2026-08-15T08:29:59+03:00,1786771799,7324,70,3,30.3,39.5,,run
2026-08-15T08:30:04+03:00,1786771804,7329,70,3,30.3,38.3,,run
2026-08-15T08:30:10+03:00,1786771810,7335,70,3,30.3,38.6,,run
2026-08-15T08:30:15+03:00,1786771815,7340,70,3,30.3,38.0,,run
2026-08-15T08:30:20+03:00,1786771820,7345,70,3,30.3,45.7,,run
2026-08-15T08:30:25+03:00,1786771825,7350,70,3,30.3,45.7,,run
2026-08-15T08:30:31+03:00,1786771831,7356,70,3,30.3,50.7,,run
2026-08-15T08:30:36+03:00,1786771836,7361,70,3,30.3,45.4,,run
2026-08-15T08:30:41+03:00,1786771841,7366,70,3,30.3,42.6,,run
2026-08-15T08:30:46+03:00,1786771846,7371,70,3,30.3,45.4,,run
2026-08-15T08:30:52+03:00,1786771852,7377,70,3,30.3,42.6,,run
2026-08-15T08:30:57+03:00,1786771857,7382,70,3,30.3,40.8,,run
2026-08-15T08:31:02+03:00,1786771862,7387,70,3,30.3,41.1,,run
2026-08-15T08:31:07+03:00,1786771867,7392,70,3,30.3,41.7,,run
2026-08-15T08:31:13+03:00,1786771873,7398,70,3,30.3,40.5,,run
2026-08-15T08:31:18+03:00,1786771878,7403,70,3,30.3,48.5,,run
2026-08-15T08:31:23+03:00,1786771883,7408,70,3,30.3,42.0,,run
2026-08-15T08:31:28+03:00,1786771888,7413,70,3,30.3,40.8,,run
2026-08-15T08:31:33+03:00,1786771893,7418,70,3,30.3,39.8,,run
2026-08-15T08:31:39+03:00,1786771899,7424,70,3,30.3,41.7,,run
2026-08-15T08:31:44+03:00,1786771904,7429,70,3,30.3,43.9,,run
2026-08-15T08:31:49+03:00,1786771909,7434,70,3,30.3,42.6,,run
2026-08-15T08:31:54+03:00,1786771914,7439,70,3,30.3,43.9,,run
2026-08-15T08:32:00+03:00,1786771920,7445,70,3,30.3,39.5,,run
2026-08-15T08:32:05+03:00,1786771925,7450,70,3,30.3,39.2,,run
2026-08-15T08:32:10+03:00,1786771930,7455,70,3,30.3,39.5,,run
2026-08-15T08:32:15+03:00,1786771935,7460,70,3,30.3,39.8,,run
2026-08-15T08:32:21+03:00,1786771941,7466,70,3,30.3,40.5,,run
2026-08-15T08:32:26+03:00,1786771946,7471,70,3,30.3,39.8,,run
2026-08-15T08:32:31+03:00,1786771951,7476,69,3,30.4,41.4,,run
2026-08-15T08:32:36+03:00,1786771956,7481,69,3,30.4,54.1,,run
2026-08-15T08:32:42+03:00,1786771962,7487,69,3,30.4,48.2,,run
2026-08-15T08:32:47+03:00,1786771967,7492,69,3,30.4,43.9,,run
2026-08-15T08:32:52+03:00,1786771972,7497,69,3,30.4,42.3,,run
2026-08-15T08:32:57+03:00,1786771977,7502,69,3,30.4,43.2,,run
2026-08-15T08:33:03+03:00,1786771983,7508,69,3,30.4,41.7,,run
2026-08-15T08:33:08+03:00,1786771988,7513,69,3,30.4,48.5,,run
2026-08-15T08:33:13+03:00,1786771993,7518,69,3,30.4,44.5,,run
2026-08-15T08:33:18+03:00,1786771998,7523,69,3,30.4,42.9,,run
2026-08-15T08:33:24+03:00,1786772004,7529,69,3,30.4,41.4,,run
2026-08-15T08:33:29+03:00,1786772009,7534,69,3,30.4,41.4,,run
2026-08-15T08:33:34+03:00,1786772014,7539,69,3,30.4,43.9,,run
2026-08-15T08:33:39+03:00,1786772019,7544,69,3,30.4,44.5,,run
2026-08-15T08:33:45+03:00,1786772025,7550,69,3,30.4,44.2,,run
2026-08-15T08:33:50+03:00,1786772030,7555,69,3,30.4,49.7,,run
2026-08-15T08:33:55+03:00,1786772035,7560,69,3,30.4,42.9,,run
2026-08-15T08:34:01+03:00,1786772041,7566,69,3,30.4,44.5,,run
2026-08-15T08:34:06+03:00,1786772046,7571,69,3,30.4,40.2,,run
2026-08-15T08:34:11+03:00,1786772051,7576,69,3,30.4,38.9,,run
2026-08-15T08:34:16+03:00,1786772056,7581,69,3,30.4,40.2,,run
2026-08-15T08:34:21+03:00,1786772061,7586,69,3,30.4,39.8,,run
2026-08-15T08:34:27+03:00,1786772067,7592,69,3,30.4,43.9,,run
2026-08-15T08:34:32+03:00,1786772072,7597,69,3,30.4,41.1,,run
2026-08-15T08:34:37+03:00,1786772077,7602,69,3,30.4,41.1,,run
2026-08-15T08:34:43+03:00,1786772083,7608,69,3,30.4,47.9,,run
2026-08-15T08:34:48+03:00,1786772088,7613,69,3,30.4,41.4,,run
2026-08-15T08:34:53+03:00,1786772093,7618,69,3,30.4,42.9,,run
2026-08-15T08:34:58+03:00,1786772098,7623,69,3,30.4,41.7,,run
2026-08-15T08:35:04+03:00,1786772104,7629,69,3,30.4,46.3,,run
2026-08-15T08:35:09+03:00,1786772109,7634,69,3,30.4,42.3,,run
2026-08-15T08:35:14+03:00,1786772114,7639,69,3,30.4,42.0,,run
2026-08-15T08:35:19+03:00,1786772119,7644,69,3,30.4,46.3,,run
2026-08-15T08:35:24+03:00,1786772124,7649,69,3,30.4,42.0,,run
2026-08-15T08:35:30+03:00,1786772130,7655,69,3,30.4,42.9,,run
2026-08-15T08:35:35+03:00,1786772135,7660,69,3,30.4,40.8,,run
2026-08-15T08:35:40+03:00,1786772140,7665,69,3,30.4,39.8,,run
2026-08-15T08:35:45+03:00,1786772145,7670,69,3,30.4,40.5,,run
2026-08-15T08:35:51+03:00,1786772151,7676,69,3,30.4,39.5,,run
2026-08-15T08:35:56+03:00,1786772156,7681,69,3,30.4,50.1,,run
2026-08-15T08:36:02+03:00,1786772162,7687,69,3,30.4,42.0,,run
2026-08-15T08:36:07+03:00,1786772167,7692,69,3,30.4,45.7,,run
2026-08-15T08:36:12+03:00,1786772172,7697,69,3,30.4,40.5,,run
2026-08-15T08:36:17+03:00,1786772177,7702,69,3,30.4,40.2,,run
2026-08-15T08:36:23+03:00,1786772183,7708,69,3,30.4,39.2,,run
2026-08-15T08:36:28+03:00,1786772188,7713,69,3,30.4,40.2,,run
2026-08-15T08:36:33+03:00,1786772193,7718,69,3,30.4,38.9,,run
2026-08-15T08:36:38+03:00,1786772198,7723,69,3,30.4,43.2,,run
2026-08-15T08:36:43+03:00,1786772203,7728,69,3,30.4,44.5,,run
2026-08-15T08:36:49+03:00,1786772209,7734,69,3,30.4,48.2,,run
2026-08-15T08:36:54+03:00,1786772214,7739,69,3,30.4,41.4,,run
2026-08-15T08:36:59+03:00,1786772219,7744,69,3,30.4,42.0,,run
2026-08-15T08:37:05+03:00,1786772225,7750,69,3,30.4,40.5,,run
2026-08-15T08:37:10+03:00,1786772230,7755,69,3,30.4,41.1,,run
2026-08-15T08:37:15+03:00,1786772235,7760,69,3,30.4,41.1,,run
2026-08-15T08:37:20+03:00,1786772240,7765,69,3,30.4,45.7,,run
2026-08-15T08:37:26+03:00,1786772246,7771,69,3,30.4,48.2,,run
2026-08-15T08:37:31+03:00,1786772251,7776,69,3,30.4,46.0,,run
2026-08-15T08:37:36+03:00,1786772256,7781,69,3,30.4,44.8,,run
2026-08-15T08:37:41+03:00,1786772261,7786,69,3,30.4,41.4,,run
2026-08-15T08:37:47+03:00,1786772267,7792,69,3,30.4,40.8,,run
2026-08-15T08:37:52+03:00,1786772272,7797,69,3,30.4,41.7,,run
2026-08-15T08:37:57+03:00,1786772277,7802,69,3,30.7,41.1,,run
2026-08-15T08:38:02+03:00,1786772282,7807,69,3,30.7,51.0,,run
2026-08-15T08:38:08+03:00,1786772288,7813,69,3,30.7,40.8,,run
2026-08-15T08:38:13+03:00,1786772293,7818,69,3,30.7,41.4,,run
2026-08-15T08:38:18+03:00,1786772298,7823,69,3,30.7,43.2,,run
2026-08-15T08:38:24+03:00,1786772304,7829,69,3,30.7,39.5,,run
2026-08-15T08:38:29+03:00,1786772309,7834,69,3,30.7,39.2,,run
2026-08-15T08:38:34+03:00,1786772314,7839,69,3,30.7,39.5,,run
2026-08-15T08:38:39+03:00,1786772319,7844,69,3,30.7,40.5,,run
2026-08-15T08:38:45+03:00,1786772325,7850,69,3,30.7,43.2,,run
2026-08-15T08:38:50+03:00,1786772330,7855,69,3,30.7,51.9,,run
2026-08-15T08:38:55+03:00,1786772335,7860,69,3,30.7,44.5,,run
2026-08-15T08:39:01+03:00,1786772341,7866,69,3,30.7,41.4,,run
2026-08-15T08:39:06+03:00,1786772346,7871,69,3,30.7,40.8,,run
2026-08-15T08:39:11+03:00,1786772351,7876,69,3,30.7,40.2,,run
2026-08-15T08:39:16+03:00,1786772356,7881,69,3,30.7,42.3,,run
2026-08-15T08:39:22+03:00,1786772362,7887,69,3,30.7,40.8,,run
2026-08-15T08:39:27+03:00,1786772367,7892,69,3,30.7,40.2,,run
2026-08-15T08:39:32+03:00,1786772372,7897,69,3,30.7,40.5,,run
2026-08-15T08:39:37+03:00,1786772377,7902,69,3,30.7,43.9,,run
2026-08-15T08:39:43+03:00,1786772383,7908,69,3,30.7,48.2,,run
2026-08-15T08:39:48+03:00,1786772388,7913,69,3,30.7,43.9,,run
2026-08-15T08:39:53+03:00,1786772393,7918,69,3,30.7,43.6,,run
2026-08-15T08:39:58+03:00,1786772398,7923,69,3,30.7,42.9,,run
2026-08-15T08:40:04+03:00,1786772404,7929,69,3,30.7,40.2,,run
2026-08-15T08:40:09+03:00,1786772409,7934,69,3,30.7,51.9,,run
2026-08-15T08:40:14+03:00,1786772414,7939,69,3,30.7,45.4,,run
2026-08-15T08:40:20+03:00,1786772420,7945,69,3,30.7,40.5,,run
2026-08-15T08:40:25+03:00,1786772425,7950,69,3,30.7,40.5,,run
2026-08-15T08:40:30+03:00,1786772430,7955,69,3,30.7,38.9,,run
2026-08-15T08:40:35+03:00,1786772435,7960,69,3,30.7,39.5,,run
2026-08-15T08:40:40+03:00,1786772440,7965,69,3,30.7,39.5,,run
2026-08-15T08:40:46+03:00,1786772446,7971,69,3,30.7,38.6,,run
2026-08-15T08:40:51+03:00,1786772451,7976,69,3,30.7,38.6,,run
2026-08-15T08:40:56+03:00,1786772456,7981,69,3,30.7,50.1,,run
2026-08-15T08:41:02+03:00,1786772462,7987,69,3,30.7,45.7,,run
2026-08-15T08:41:07+03:00,1786772467,7992,69,3,30.7,42.9,,run
2026-08-15T08:41:12+03:00,1786772472,7997,69,3,30.7,43.2,,run
2026-08-15T08:41:17+03:00,1786772477,8002,69,3,30.7,40.8,,run
2026-08-15T08:41:23+03:00,1786772483,8008,69,3,30.7,39.8,,run
2026-08-15T08:41:28+03:00,1786772488,8013,69,3,30.7,40.5,,run
2026-08-15T08:41:33+03:00,1786772493,8018,69,3,30.7,41.1,,run
2026-08-15T08:41:38+03:00,1786772498,8023,69,3,30.7,41.1,,run
2026-08-15T08:41:44+03:00,1786772504,8029,69,3,30.7,43.6,,run
2026-08-15T08:41:49+03:00,1786772509,8034,69,3,30.7,40.5,,run
2026-08-15T08:41:54+03:00,1786772514,8039,69,3,30.7,47.6,,run
2026-08-15T08:41:59+03:00,1786772519,8044,69,3,30.7,42.0,,run
2026-08-15T08:42:04+03:00,1786772524,8049,69,3,30.7,41.4,,run
2026-08-15T08:42:10+03:00,1786772530,8055,68,3,30.6,43.6,,run
2026-08-15T08:42:15+03:00,1786772535,8060,68,3,30.6,52.2,,run
2026-08-15T08:42:20+03:00,1786772540,8065,68,3,30.6,41.7,,run
2026-08-15T08:42:26+03:00,1786772546,8071,68,3,30.6,40.2,,run
2026-08-15T08:42:31+03:00,1786772551,8076,68,3,30.6,40.2,,run
2026-08-15T08:42:36+03:00,1786772556,8081,68,3,30.6,40.2,,run
2026-08-15T08:42:41+03:00,1786772561,8086,68,3,30.6,51.9,,run
2026-08-15T08:42:47+03:00,1786772567,8092,68,3,30.6,44.8,,run
2026-08-15T08:42:52+03:00,1786772572,8097,68,3,30.6,41.1,,run
2026-08-15T08:42:57+03:00,1786772577,8102,68,3,30.6,41.1,,run
2026-08-15T08:43:03+03:00,1786772583,8108,68,3,30.6,39.8,,run
2026-08-15T08:43:08+03:00,1786772588,8113,68,3,30.6,40.5,,run
2026-08-15T08:43:13+03:00,1786772593,8118,68,3,30.6,45.4,,run
2026-08-15T08:43:18+03:00,1786772598,8123,68,3,30.6,46.0,,run
2026-08-15T08:43:24+03:00,1786772604,8129,68,3,30.6,42.6,,run
2026-08-15T08:43:29+03:00,1786772609,8134,68,3,30.6,41.4,,run
2026-08-15T08:43:34+03:00,1786772614,8139,68,3,30.6,40.8,,run
2026-08-15T08:43:39+03:00,1786772619,8144,68,3,30.6,40.2,,run
2026-08-15T08:43:45+03:00,1786772625,8150,68,3,30.6,42.6,,run
2026-08-15T08:43:50+03:00,1786772630,8155,68,3,30.6,41.1,,run
2026-08-15T08:43:55+03:00,1786772635,8160,68,3,30.6,50.1,,run
2026-08-15T08:44:00+03:00,1786772640,8165,68,3,30.6,54.1,,run
2026-08-15T08:44:06+03:00,1786772646,8171,68,3,30.6,45.7,,run
2026-08-15T08:44:11+03:00,1786772651,8176,68,3,30.6,45.7,,run
2026-08-15T08:44:16+03:00,1786772656,8181,68,3,30.6,40.2,,run
2026-08-15T08:44:21+03:00,1786772661,8186,68,3,30.6,39.5,,run
2026-08-15T08:44:27+03:00,1786772667,8192,68,3,30.6,39.8,,run
2026-08-15T08:44:32+03:00,1786772672,8197,68,3,30.6,39.5,,run
2026-08-15T08:44:37+03:00,1786772677,8202,68,3,30.6,40.2,,run
2026-08-15T08:44:42+03:00,1786772682,8207,68,3,30.6,39.5,,run
2026-08-15T08:44:47+03:00,1786772687,8212,68,3,30.6,51.9,,run
2026-08-15T08:44:53+03:00,1786772693,8218,68,3,30.6,48.2,,run
2026-08-15T08:44:58+03:00,1786772698,8223,68,3,30.6,42.9,,run
2026-08-15T08:45:03+03:00,1786772703,8228,68,3,30.6,42.0,,run
2026-08-15T08:45:09+03:00,1786772709,8234,68,3,30.6,43.6,,run
2026-08-15T08:45:14+03:00,1786772714,8239,68,3,30.6,41.1,,run
2026-08-15T08:45:19+03:00,1786772719,8244,68,3,30.6,43.9,,run
2026-08-15T08:45:24+03:00,1786772724,8249,68,3,30.6,42.0,,run
2026-08-15T08:45:30+03:00,1786772730,8255,68,3,30.6,49.7,,run
2026-08-15T08:45:35+03:00,1786772735,8260,68,3,30.6,43.6,,run
2026-08-15T08:45:40+03:00,1786772740,8265,68,3,30.6,42.0,,run
2026-08-15T08:45:45+03:00,1786772745,8270,68,3,30.6,40.8,,run
2026-08-15T08:45:51+03:00,1786772751,8276,68,3,30.6,42.9,,run
2026-08-15T08:45:56+03:00,1786772756,8281,68,3,30.6,42.3,,run
2026-08-15T08:46:01+03:00,1786772761,8286,68,3,30.6,50.1,,run
2026-08-15T08:46:06+03:00,1786772766,8291,68,3,30.6,47.9,,run
2026-08-15T08:46:12+03:00,1786772772,8297,68,3,30.6,43.9,,run
2026-08-15T08:46:17+03:00,1786772777,8302,68,3,30.6,44.8,,run
2026-08-15T08:46:22+03:00,1786772782,8307,68,3,30.6,43.2,,run
2026-08-15T08:46:27+03:00,1786772787,8312,68,3,30.6,40.8,,run
2026-08-15T08:46:32+03:00,1786772792,8317,68,3,30.6,39.8,,run
2026-08-15T08:46:38+03:00,1786772798,8323,68,3,30.6,39.8,,run
2026-08-15T08:46:43+03:00,1786772803,8328,68,3,30.6,39.8,,run
2026-08-15T08:46:48+03:00,1786772808,8333,68,3,30.6,38.6,,run
2026-08-15T08:46:53+03:00,1786772813,8338,68,3,30.6,51.9,,run
2026-08-15T08:46:59+03:00,1786772819,8344,68,3,30.6,42.6,,run
2026-08-15T08:47:04+03:00,1786772824,8349,68,3,30.6,42.0,,run
2026-08-15T08:47:09+03:00,1786772829,8354,68,3,30.6,41.1,,run
2026-08-15T08:47:14+03:00,1786772834,8359,68,3,30.6,42.3,,run
2026-08-15T08:47:20+03:00,1786772840,8365,68,3,30.6,41.1,,run
2026-08-15T08:47:25+03:00,1786772845,8370,68,3,30.6,42.3,,run
2026-08-15T08:47:30+03:00,1786772850,8375,68,3,30.6,41.7,,run
2026-08-15T08:47:35+03:00,1786772855,8380,68,3,30.6,42.6,,run
2026-08-15T08:47:41+03:00,1786772861,8386,68,3,30.6,47.9,,run
2026-08-15T08:47:46+03:00,1786772866,8391,68,3,30.6,42.9,,run
2026-08-15T08:47:51+03:00,1786772871,8396,68,3,30.6,41.7,,run
2026-08-15T08:47:56+03:00,1786772876,8401,68,3,30.8,42.3,,run
2026-08-15T08:48:02+03:00,1786772882,8407,68,3,30.8,42.0,,run
2026-08-15T08:48:07+03:00,1786772887,8412,68,3,30.8,46.7,,run
2026-08-15T08:48:12+03:00,1786772892,8417,68,3,30.8,47.9,,run
2026-08-15T08:48:17+03:00,1786772897,8422,68,3,30.8,45.7,,run
2026-08-15T08:48:22+03:00,1786772902,8427,68,3,30.8,40.8,,run
2026-08-15T08:48:28+03:00,1786772908,8433,68,3,30.8,40.5,,run
2026-08-15T08:48:33+03:00,1786772913,8438,68,3,30.8,44.5,,run
2026-08-15T08:48:38+03:00,1786772918,8443,68,3,30.8,40.8,,run
2026-08-15T08:48:43+03:00,1786772923,8448,68,3,30.8,42.0,,run
2026-08-15T08:48:49+03:00,1786772929,8454,68,3,30.8,39.8,,run
2026-08-15T08:48:54+03:00,1786772934,8459,68,3,30.8,38.9,,run
2026-08-15T08:48:59+03:00,1786772939,8464,68,3,30.8,42.0,,run
2026-08-15T08:49:04+03:00,1786772944,8469,68,3,30.8,47.9,,run
2026-08-15T08:49:10+03:00,1786772950,8475,68,3,30.8,43.2,,run
2026-08-15T08:49:15+03:00,1786772955,8480,68,3,30.8,42.9,,run
2026-08-15T08:49:20+03:00,1786772960,8485,68,3,30.8,42.0,,run
2026-08-15T08:49:25+03:00,1786772965,8490,68,3,30.8,42.3,,run
2026-08-15T08:49:31+03:00,1786772971,8496,68,3,30.8,46.3,,run
2026-08-15T08:49:36+03:00,1786772976,8501,68,3,30.8,42.6,,run
2026-08-15T08:49:41+03:00,1786772981,8506,68,3,30.8,41.7,,run
2026-08-15T08:49:46+03:00,1786772986,8511,68,3,30.8,43.6,,run
2026-08-15T08:49:52+03:00,1786772992,8517,68,3,30.8,46.3,,run
2026-08-15T08:49:57+03:00,1786772997,8522,68,3,30.8,47.6,,run
2026-08-15T08:50:02+03:00,1786773002,8527,68,3,30.8,43.9,,run
2026-08-15T08:50:07+03:00,1786773007,8532,68,3,30.8,44.5,,run
2026-08-15T08:50:13+03:00,1786773013,8538,68,3,30.8,42.0,,run
2026-08-15T08:50:18+03:00,1786773018,8543,68,3,30.8,51.0,,run
2026-08-15T08:50:23+03:00,1786773023,8548,68,3,30.8,47.0,,run
2026-08-15T08:50:29+03:00,1786773029,8554,68,3,30.8,47.6,,run
2026-08-15T08:50:34+03:00,1786773034,8559,68,3,30.8,46.3,,run
2026-08-15T08:50:39+03:00,1786773039,8564,68,3,30.8,41.1,,run
2026-08-15T08:50:44+03:00,1786773044,8569,67,3,30.9,39.8,,run
2026-08-15T08:50:50+03:00,1786773050,8575,67,3,30.9,39.8,,run
2026-08-15T08:50:55+03:00,1786773055,8580,67,3,30.9,40.2,,run
2026-08-15T08:51:00+03:00,1786773060,8585,67,3,30.9,40.8,,run
2026-08-15T08:51:05+03:00,1786773065,8590,67,3,30.9,43.9,,run
2026-08-15T08:51:11+03:00,1786773071,8596,67,3,30.9,49.7,,run
2026-08-15T08:51:16+03:00,1786773076,8601,67,3,30.9,42.6,,run
2026-08-15T08:51:21+03:00,1786773081,8606,67,3,30.9,41.7,,run
2026-08-15T08:51:26+03:00,1786773086,8611,67,3,30.9,41.7,,run
2026-08-15T08:51:32+03:00,1786773092,8617,67,3,30.9,40.5,,run
2026-08-15T08:51:37+03:00,1786773097,8622,67,3,30.9,41.1,,run
2026-08-15T08:51:42+03:00,1786773102,8627,67,3,30.9,41.4,,run
2026-08-15T08:51:47+03:00,1786773107,8632,67,3,30.9,44.2,,run
2026-08-15T08:51:53+03:00,1786773113,8638,67,3,30.9,44.2,,run
2026-08-15T08:51:58+03:00,1786773118,8643,67,3,30.9,46.3,,run
2026-08-15T08:52:03+03:00,1786773123,8648,67,3,30.9,42.0,,run
2026-08-15T08:52:08+03:00,1786773128,8653,67,3,30.9,42.3,,run
2026-08-15T08:52:13+03:00,1786773133,8658,67,3,30.9,42.6,,run
2026-08-15T08:52:19+03:00,1786773139,8664,67,3,30.9,41.1,,run
2026-08-15T08:52:24+03:00,1786773144,8669,67,3,30.9,48.8,,run
2026-08-15T08:52:29+03:00,1786773149,8674,67,3,30.9,42.9,,run
2026-08-15T08:52:35+03:00,1786773155,8680,67,3,30.9,43.6,,run
2026-08-15T08:52:40+03:00,1786773160,8685,67,3,30.9,45.7,,run
2026-08-15T08:52:45+03:00,1786773165,8690,67,3,30.9,44.5,,run
2026-08-15T08:52:50+03:00,1786773170,8695,67,3,30.9,43.2,,run
2026-08-15T08:52:56+03:00,1786773176,8701,67,3,30.9,49.7,,run
2026-08-15T08:53:01+03:00,1786773181,8706,67,3,30.9,44.2,,run
2026-08-15T08:53:06+03:00,1786773186,8711,67,3,30.9,42.3,,run
2026-08-15T08:53:12+03:00,1786773192,8717,67,3,30.9,41.1,,run
2026-08-15T08:53:17+03:00,1786773197,8722,67,3,30.9,41.7,,run
2026-08-15T08:53:22+03:00,1786773202,8727,67,3,30.9,45.4,,run
2026-08-15T08:53:27+03:00,1786773207,8732,67,3,30.9,43.9,,run
2026-08-15T08:53:32+03:00,1786773212,8737,67,3,30.9,41.4,,run
2026-08-15T08:53:38+03:00,1786773218,8743,67,3,30.9,40.2,,run
2026-08-15T08:53:43+03:00,1786773223,8748,67,3,30.9,41.4,,run
2026-08-15T08:53:48+03:00,1786773228,8753,67,3,30.9,41.1,,run
2026-08-15T08:53:53+03:00,1786773233,8758,67,3,30.9,42.0,,run
2026-08-15T08:53:59+03:00,1786773239,8764,67,3,30.9,43.6,,run
2026-08-15T08:54:04+03:00,1786773244,8769,67,3,30.9,47.3,,run
2026-08-15T08:54:09+03:00,1786773249,8774,67,3,30.9,49.4,,run
2026-08-15T08:54:15+03:00,1786773255,8780,67,3,30.9,42.6,,run
2026-08-15T08:54:20+03:00,1786773260,8785,67,3,30.9,47.6,,run
2026-08-15T08:54:25+03:00,1786773265,8790,67,3,30.9,40.5,,run
2026-08-15T08:54:30+03:00,1786773270,8795,67,3,30.9,38.9,,run
2026-08-15T08:54:36+03:00,1786773276,8801,67,3,30.9,42.3,,run
2026-08-15T08:54:41+03:00,1786773281,8806,67,3,30.9,49.4,,run
2026-08-15T08:54:46+03:00,1786773286,8811,67,3,30.9,42.3,,run
2026-08-15T08:54:52+03:00,1786773292,8817,67,3,30.9,44.2,,run
2026-08-15T08:54:57+03:00,1786773297,8822,67,3,30.9,44.5,,run
2026-08-15T08:55:02+03:00,1786773302,8827,67,3,30.9,41.7,,run
2026-08-15T08:55:07+03:00,1786773307,8832,67,3,30.9,42.0,,run
2026-08-15T08:55:13+03:00,1786773313,8838,67,3,30.9,41.7,,run
2026-08-15T08:55:18+03:00,1786773318,8843,67,3,30.9,40.8,,run
2026-08-15T08:55:23+03:00,1786773323,8848,67,3,30.9,40.5,,run
2026-08-15T08:55:28+03:00,1786773328,8853,67,3,30.9,40.8,,run
2026-08-15T08:55:34+03:00,1786773334,8859,67,3,30.9,39.2,,run
2026-08-15T08:55:39+03:00,1786773339,8864,67,3,30.9,42.6,,run
2026-08-15T08:55:44+03:00,1786773344,8869,67,3,30.9,42.9,,run
2026-08-15T08:55:49+03:00,1786773349,8874,67,3,30.9,40.5,,run
2026-08-15T08:55:54+03:00,1786773354,8879,67,3,30.9,48.5,,run
2026-08-15T08:56:00+03:00,1786773360,8885,67,3,30.9,42.0,,run
2026-08-15T08:56:05+03:00,1786773365,8890,67,3,30.9,46.3,,run
2026-08-15T08:56:10+03:00,1786773370,8895,67,3,30.9,40.2,,run
2026-08-15T08:56:16+03:00,1786773376,8901,67,3,30.9,42.0,,run
2026-08-15T08:56:21+03:00,1786773381,8906,67,3,30.9,39.8,,run
2026-08-15T08:56:26+03:00,1786773386,8911,67,3,30.9,39.2,,run
2026-08-15T08:56:31+03:00,1786773391,8916,67,3,30.9,39.2,,run
2026-08-15T08:56:37+03:00,1786773397,8922,67,3,30.9,39.2,,run
2026-08-15T08:56:42+03:00,1786773402,8927,67,3,30.9,44.5,,run
2026-08-15T08:56:47+03:00,1786773407,8932,67,3,30.9,44.8,,run
2026-08-15T08:56:52+03:00,1786773412,8937,67,3,30.9,42.0,,run
2026-08-15T08:56:58+03:00,1786773418,8943,67,3,30.9,41.4,,run
2026-08-15T08:57:03+03:00,1786773423,8948,67,3,30.9,42.0,,run
2026-08-15T08:57:08+03:00,1786773428,8953,67,3,30.9,43.9,,run
2026-08-15T08:57:13+03:00,1786773433,8958,67,3,30.9,47.3,,run
2026-08-15T08:57:19+03:00,1786773439,8964,67,3,30.9,42.6,,run
2026-08-15T08:57:24+03:00,1786773444,8969,67,3,30.9,40.5,,run
2026-08-15T08:57:29+03:00,1786773449,8974,67,3,30.9,40.2,,run
2026-08-15T08:57:34+03:00,1786773454,8979,67,3,30.9,41.4,,run
2026-08-15T08:57:40+03:00,1786773460,8985,67,3,30.9,41.7,,run
2026-08-15T08:57:45+03:00,1786773465,8990,67,3,30.9,40.5,,run
2026-08-15T08:57:50+03:00,1786773470,8995,67,3,30.9,40.2,,run
2026-08-15T08:57:55+03:00,1786773475,9000,67,3,30.3,39.2,,run
2026-08-15T08:58:00+03:00,1786773480,9005,67,3,30.3,50.4,,run
2026-08-15T08:58:06+03:00,1786773486,9011,67,3,30.3,43.2,,run
2026-08-15T08:58:11+03:00,1786773491,9016,67,3,30.3,42.0,,run
2026-08-15T08:58:16+03:00,1786773496,9021,67,3,30.3,39.5,,run
2026-08-15T08:58:22+03:00,1786773502,9027,67,3,30.3,38.9,,run
2026-08-15T08:58:27+03:00,1786773507,9032,67,3,30.3,41.4,,run
2026-08-15T08:58:32+03:00,1786773512,9037,67,3,30.3,46.3,,run
2026-08-15T08:58:37+03:00,1786773517,9042,67,3,30.3,41.7,,run
2026-08-15T08:58:43+03:00,1786773523,9048,67,3,30.3,42.3,,run
2026-08-15T08:58:48+03:00,1786773528,9053,67,3,30.3,51.0,,run
2026-08-15T08:58:54+03:00,1786773534,9059,67,3,30.3,43.9,,run
2026-08-15T08:58:59+03:00,1786773539,9064,67,3,30.3,44.8,,run
2026-08-15T08:59:04+03:00,1786773544,9069,67,3,30.3,42.3,,run
2026-08-15T08:59:09+03:00,1786773549,9074,67,3,30.3,40.5,,run
2026-08-15T08:59:15+03:00,1786773555,9080,67,3,30.3,40.8,,run
2026-08-15T08:59:20+03:00,1786773560,9085,67,3,30.3,41.7,,run
2026-08-15T08:59:25+03:00,1786773565,9090,67,3,30.3,46.3,,run
2026-08-15T08:59:30+03:00,1786773570,9095,67,3,30.3,43.2,,run
2026-08-15T08:59:35+03:00,1786773575,9100,67,3,30.3,41.4,,run
2026-08-15T08:59:41+03:00,1786773581,9106,67,3,30.3,40.5,,run
2026-08-15T08:59:46+03:00,1786773586,9111,67,3,30.3,41.1,,run
2026-08-15T08:59:51+03:00,1786773591,9116,67,3,30.3,39.8,,run
2026-08-15T08:59:56+03:00,1786773596,9121,67,3,30.3,40.5,,run
2026-08-15T09:00:02+03:00,1786773602,9127,67,3,30.3,51.0,,run
2026-08-15T09:00:07+03:00,1786773607,9132,67,3,30.3,54.4,,run
2026-08-15T09:00:13+03:00,1786773613,9138,67,3,30.3,46.7,,run
2026-08-15T09:00:18+03:00,1786773618,9143,67,3,30.3,40.5,,run
2026-08-15T09:00:23+03:00,1786773623,9148,66,3,30.7,39.8,,run
2026-08-15T09:00:28+03:00,1786773628,9153,66,3,30.7,38.9,,run
2026-08-15T09:00:34+03:00,1786773634,9159,66,3,30.7,38.9,,run
2026-08-15T09:00:39+03:00,1786773639,9164,66,3,30.7,38.9,,run
2026-08-15T09:00:44+03:00,1786773644,9169,66,3,30.7,43.6,,run
2026-08-15T09:00:49+03:00,1786773649,9174,66,3,30.7,42.9,,run
2026-08-15T09:00:55+03:00,1786773655,9180,66,3,30.7,45.7,,run
2026-08-15T09:01:00+03:00,1786773660,9185,66,3,30.7,48.2,,run
2026-08-15T09:01:05+03:00,1786773665,9190,66,3,30.7,46.0,,run
2026-08-15T09:01:10+03:00,1786773670,9195,66,3,30.7,45.1,,run
2026-08-15T09:01:16+03:00,1786773676,9201,66,3,30.7,45.7,,run
2026-08-15T09:01:21+03:00,1786773681,9206,66,3,30.7,45.7,,run
2026-08-15T09:01:26+03:00,1786773686,9211,66,3,30.7,47.3,,run
2026-08-15T09:01:31+03:00,1786773691,9216,66,3,30.7,44.2,,run
2026-08-15T09:01:37+03:00,1786773697,9222,66,3,30.7,42.3,,run
2026-08-15T09:01:42+03:00,1786773702,9227,66,3,30.7,43.2,,run
2026-08-15T09:01:47+03:00,1786773707,9232,66,3,30.7,42.9,,run
2026-08-15T09:01:52+03:00,1786773712,9237,66,3,30.7,41.1,,run
2026-08-15T09:01:58+03:00,1786773718,9243,66,3,30.7,41.1,,run
2026-08-15T09:02:03+03:00,1786773723,9248,66,3,30.7,41.1,,run
2026-08-15T09:02:08+03:00,1786773728,9253,66,3,30.7,48.8,,run
2026-08-15T09:02:13+03:00,1786773733,9258,66,3,30.7,42.6,,run
2026-08-15T09:02:19+03:00,1786773739,9264,66,3,30.7,43.2,,run
2026-08-15T09:02:24+03:00,1786773744,9269,66,3,30.7,39.8,,run
2026-08-15T09:02:29+03:00,1786773749,9274,66,3,30.7,39.5,,run
2026-08-15T09:02:34+03:00,1786773754,9279,66,3,30.7,41.1,,run
2026-08-15T09:02:40+03:00,1786773760,9285,66,3,30.7,40.8,,run
2026-08-15T09:02:45+03:00,1786773765,9290,66,3,30.7,44.8,,run
2026-08-15T09:02:50+03:00,1786773770,9295,66,3,30.7,44.2,,run
2026-08-15T09:02:55+03:00,1786773775,9300,66,3,30.7,42.9,,run
2026-08-15T09:03:01+03:00,1786773781,9306,66,3,30.7,48.8,,run
2026-08-15T09:03:06+03:00,1786773786,9311,66,3,30.7,44.5,,run
2026-08-15T09:03:11+03:00,1786773791,9316,66,3,30.7,42.9,,run
2026-08-15T09:03:16+03:00,1786773796,9321,66,3,30.7,47.6,,run
2026-08-15T09:03:22+03:00,1786773802,9327,66,3,30.7,44.8,,run
2026-08-15T09:03:27+03:00,1786773807,9332,66,3,30.7,43.2,,run
2026-08-15T09:03:32+03:00,1786773812,9337,66,3,30.7,41.7,,run
2026-08-15T09:03:37+03:00,1786773817,9342,66,3,30.7,46.7,,run
2026-08-15T09:03:43+03:00,1786773823,9348,66,3,30.7,43.9,,run
2026-08-15T09:03:48+03:00,1786773828,9353,66,3,30.7,44.8,,run
2026-08-15T09:03:53+03:00,1786773833,9358,66,3,30.7,42.3,,run
2026-08-15T09:03:58+03:00,1786773838,9363,66,3,30.7,42.0,,run
2026-08-15T09:04:04+03:00,1786773844,9369,66,3,30.7,41.7,,run
2026-08-15T09:04:09+03:00,1786773849,9374,66,3,30.7,42.9,,run
2026-08-15T09:04:14+03:00,1786773854,9379,66,3,30.7,52.8,,run
2026-08-15T09:04:20+03:00,1786773860,9385,66,3,30.7,42.3,,run
2026-08-15T09:04:25+03:00,1786773865,9390,66,3,30.7,42.6,,run
2026-08-15T09:04:30+03:00,1786773870,9395,66,3,30.7,40.5,,run
2026-08-15T09:04:35+03:00,1786773875,9400,66,3,30.7,40.8,,run
2026-08-15T09:04:41+03:00,1786773881,9406,66,3,30.7,43.6,,run
2026-08-15T09:04:46+03:00,1786773886,9411,66,3,30.7,40.2,,run
2026-08-15T09:04:51+03:00,1786773891,9416,66,3,30.7,40.8,,run
2026-08-15T09:04:56+03:00,1786773896,9421,66,3,30.7,42.0,,run
2026-08-15T09:05:01+03:00,1786773901,9426,66,3,30.7,42.9,,run
2026-08-15T09:05:07+03:00,1786773907,9432,66,3,30.7,48.2,,run
2026-08-15T09:05:12+03:00,1786773912,9437,66,3,30.7,44.8,,run
2026-08-15T09:05:17+03:00,1786773917,9442,66,3,30.7,41.4,,run
2026-08-15T09:05:23+03:00,1786773923,9448,66,3,30.7,40.5,,run
2026-08-15T09:05:28+03:00,1786773928,9453,66,3,30.7,48.5,,run
2026-08-15T09:05:33+03:00,1786773933,9458,66,3,30.7,47.0,,run
2026-08-15T09:05:38+03:00,1786773938,9463,66,3,30.7,42.9,,run
2026-08-15T09:05:43+03:00,1786773943,9468,66,3,30.7,43.6,,run
2026-08-15T09:05:49+03:00,1786773949,9474,66,3,30.7,42.0,,run
2026-08-15T09:05:54+03:00,1786773954,9479,66,3,30.7,41.4,,run
2026-08-15T09:05:59+03:00,1786773959,9484,66,3,30.7,44.5,,run
2026-08-15T09:06:04+03:00,1786773964,9489,66,3,30.7,42.6,,run
2026-08-15T09:06:10+03:00,1786773970,9495,66,3,30.7,40.5,,run
2026-08-15T09:06:15+03:00,1786773975,9500,66,3,30.7,42.0,,run
2026-08-15T09:06:20+03:00,1786773980,9505,66,3,30.7,49.7,,run
2026-08-15T09:06:26+03:00,1786773986,9511,66,3,30.7,41.4,,run
2026-08-15T09:06:31+03:00,1786773991,9516,66,3,30.7,41.4,,run
2026-08-15T09:06:36+03:00,1786773996,9521,66,3,30.7,40.5,,run
2026-08-15T09:06:41+03:00,1786774001,9526,66,3,30.7,39.5,,run
2026-08-15T09:06:47+03:00,1786774007,9532,66,3,30.7,40.8,,run
2026-08-15T09:06:52+03:00,1786774012,9537,66,3,30.7,47.6,,run
2026-08-15T09:06:57+03:00,1786774017,9542,66,3,30.7,41.1,,run
2026-08-15T09:07:02+03:00,1786774022,9547,66,3,30.7,39.5,,run
2026-08-15T09:07:08+03:00,1786774028,9553,66,3,30.7,43.6,,run
2026-08-15T09:07:13+03:00,1786774033,9558,66,3,30.7,46.0,,run
2026-08-15T09:07:18+03:00,1786774038,9563,66,3,30.7,41.4,,run
2026-08-15T09:07:23+03:00,1786774043,9568,66,3,30.7,43.9,,run
2026-08-15T09:07:29+03:00,1786774049,9574,66,3,30.7,42.0,,run
2026-08-15T09:07:34+03:00,1786774054,9579,66,3,30.7,41.1,,run
2026-08-15T09:07:39+03:00,1786774059,9584,66,3,30.7,46.0,,run
2026-08-15T09:07:44+03:00,1786774064,9589,66,3,30.7,44.2,,run
2026-08-15T09:07:50+03:00,1786774070,9595,66,3,30.7,40.8,,run
2026-08-15T09:07:55+03:00,1786774075,9600,66,3,30.9,41.4,,run
2026-08-15T09:08:00+03:00,1786774080,9605,66,3,30.9,41.4,,run
2026-08-15T09:08:05+03:00,1786774085,9610,66,3,30.9,43.6,,run
2026-08-15T09:08:10+03:00,1786774090,9615,66,3,30.9,41.7,,run
2026-08-15T09:08:16+03:00,1786774096,9621,66,3,30.9,46.0,,run
2026-08-15T09:08:21+03:00,1786774101,9626,66,3,30.9,41.1,,run
2026-08-15T09:08:26+03:00,1786774106,9631,66,3,30.9,51.0,,run
2026-08-15T09:08:32+03:00,1786774112,9637,66,3,30.9,41.4,,run
2026-08-15T09:08:37+03:00,1786774117,9642,66,3,30.9,40.5,,run
2026-08-15T09:08:42+03:00,1786774122,9647,66,3,30.9,40.2,,run
2026-08-15T09:08:47+03:00,1786774127,9652,66,3,30.9,39.8,,run
2026-08-15T09:08:53+03:00,1786774133,9658,66,3,30.9,39.2,,run
2026-08-15T09:08:58+03:00,1786774138,9663,66,3,30.9,42.3,,run
2026-08-15T09:09:04+03:00,1786774144,9669,66,3,30.9,44.8,,run
2026-08-15T09:09:09+03:00,1786774149,9674,66,3,30.9,42.9,,run
2026-08-15T09:09:14+03:00,1786774154,9679,66,3,30.9,42.3,,run
2026-08-15T09:09:19+03:00,1786774159,9684,66,3,30.9,53.8,,run
2026-08-15T09:09:25+03:00,1786774165,9690,66,3,30.9,43.9,,run
2026-08-15T09:09:30+03:00,1786774170,9695,66,3,30.9,42.6,,run
2026-08-15T09:09:35+03:00,1786774175,9700,66,3,30.9,42.9,,run
2026-08-15T09:09:40+03:00,1786774180,9705,66,3,30.9,41.4,,run
2026-08-15T09:09:46+03:00,1786774186,9711,66,3,30.9,42.9,,run
2026-08-15T09:09:51+03:00,1786774191,9716,66,3,30.9,47.9,,run
2026-08-15T09:09:56+03:00,1786774196,9721,66,3,30.9,46.7,,run
2026-08-15T09:10:01+03:00,1786774201,9726,65,3,30.9,43.6,,run
2026-08-15T09:10:07+03:00,1786774207,9732,65,3,30.9,41.4,,run
2026-08-15T09:10:12+03:00,1786774212,9737,65,3,30.9,41.4,,run
2026-08-15T09:10:17+03:00,1786774217,9742,65,3,30.9,41.4,,run
2026-08-15T09:10:22+03:00,1786774222,9747,65,3,30.9,41.1,,run
2026-08-15T09:10:27+03:00,1786774227,9752,65,3,30.9,41.7,,run
2026-08-15T09:10:33+03:00,1786774233,9758,65,3,30.9,46.7,,run
2026-08-15T09:10:38+03:00,1786774238,9763,65,3,30.9,44.2,,run
2026-08-15T09:10:43+03:00,1786774243,9768,65,3,30.9,41.4,,run
2026-08-15T09:10:49+03:00,1786774249,9774,65,3,30.9,40.8,,run
2026-08-15T09:10:54+03:00,1786774254,9779,65,3,30.9,39.8,,run
2026-08-15T09:10:59+03:00,1786774259,9784,65,3,30.9,38.6,,run
2026-08-15T09:11:04+03:00,1786774264,9789,65,3,30.9,40.2,,run
2026-08-15T09:11:09+03:00,1786774269,9794,65,3,30.9,44.5,,run
2026-08-15T09:11:15+03:00,1786774275,9800,65,3,30.9,46.0,,run
2026-08-15T09:11:20+03:00,1786774280,9805,65,3,30.9,52.8,,run
2026-08-15T09:11:25+03:00,1786774285,9810,65,3,30.9,42.9,,run
2026-08-15T09:11:30+03:00,1786774290,9815,65,3,30.9,41.1,,run
2026-08-15T09:11:36+03:00,1786774296,9821,65,3,30.9,40.2,,run
2026-08-15T09:11:41+03:00,1786774301,9826,65,3,30.9,42.6,,run
2026-08-15T09:11:46+03:00,1786774306,9831,65,3,30.9,41.1,,run
2026-08-15T09:11:51+03:00,1786774311,9836,65,3,30.9,42.9,,run
2026-08-15T09:11:57+03:00,1786774317,9842,65,3,30.9,40.8,,run
2026-08-15T09:12:02+03:00,1786774322,9847,65,3,30.9,46.0,,run
2026-08-15T09:12:07+03:00,1786774327,9852,65,3,30.9,45.1,,run
2026-08-15T09:12:12+03:00,1786774332,9857,65,3,30.9,44.2,,run
2026-08-15T09:12:17+03:00,1786774337,9862,65,3,30.9,41.1,,run
2026-08-15T09:12:23+03:00,1786774343,9868,65,3,30.9,42.6,,run
2026-08-15T09:12:28+03:00,1786774348,9873,65,3,30.9,42.0,,run
2026-08-15T09:12:33+03:00,1786774353,9878,65,3,30.9,42.9,,run
2026-08-15T09:12:38+03:00,1786774358,9883,65,3,30.9,43.6,,run
2026-08-15T09:12:44+03:00,1786774364,9889,65,3,30.9,42.0,,run
2026-08-15T09:12:49+03:00,1786774369,9894,65,3,30.9,38.9,,run
2026-08-15T09:12:54+03:00,1786774374,9899,65,3,30.9,40.2,,run
2026-08-15T09:12:59+03:00,1786774379,9904,65,3,30.9,38.9,,run
2026-08-15T09:13:05+03:00,1786774385,9910,65,3,30.9,40.8,,run
2026-08-15T09:13:10+03:00,1786774390,9915,65,3,30.9,39.5,,run
2026-08-15T09:13:15+03:00,1786774395,9920,65,3,30.9,39.5,,run
2026-08-15T09:13:20+03:00,1786774400,9925,65,3,30.9,52.5,,run
2026-08-15T09:13:26+03:00,1786774406,9931,65,3,30.9,47.0,,run
2026-08-15T09:13:31+03:00,1786774411,9936,65,3,30.9,43.6,,run
2026-08-15T09:13:36+03:00,1786774416,9941,65,3,30.9,40.8,,run
2026-08-15T09:13:42+03:00,1786774422,9947,65,3,30.9,39.8,,run
2026-08-15T09:13:47+03:00,1786774427,9952,65,3,30.9,42.6,,run
2026-08-15T09:13:52+03:00,1786774432,9957,65,3,30.9,43.6,,run
2026-08-15T09:13:57+03:00,1786774437,9962,65,3,30.9,41.1,,run
2026-08-15T09:14:02+03:00,1786774442,9967,65,3,30.9,40.2,,run
2026-08-15T09:14:08+03:00,1786774448,9973,65,3,30.9,39.8,,run
2026-08-15T09:14:13+03:00,1786774453,9978,65,3,30.9,40.8,,run
2026-08-15T09:14:18+03:00,1786774458,9983,65,3,30.9,47.3,,run
2026-08-15T09:14:23+03:00,1786774463,9988,65,3,30.9,46.3,,run
2026-08-15T09:14:29+03:00,1786774469,9994,65,3,30.9,43.6,,run
2026-08-15T09:14:34+03:00,1786774474,9999,65,3,30.9,50.4,,run
2026-08-15T09:14:39+03:00,1786774479,10004,65,3,30.9,46.0,,run
2026-08-15T09:14:44+03:00,1786774484,10009,65,3,30.9,46.0,,run
2026-08-15T09:14:50+03:00,1786774490,10015,65,3,30.9,41.7,,run
2026-08-15T09:14:55+03:00,1786774495,10020,65,3,30.9,39.5,,run
2026-08-15T09:15:00+03:00,1786774500,10025,65,3,30.9,39.8,,run
2026-08-15T09:15:05+03:00,1786774505,10030,65,3,30.9,39.5,,run
2026-08-15T09:15:10+03:00,1786774510,10035,65,3,30.9,39.8,,run
2026-08-15T09:15:16+03:00,1786774516,10041,65,3,30.9,39.8,,run
2026-08-15T09:15:21+03:00,1786774521,10046,65,3,30.9,42.3,,run
2026-08-15T09:15:26+03:00,1786774526,10051,65,3,30.9,47.3,,run
2026-08-15T09:15:32+03:00,1786774532,10057,65,3,30.9,41.7,,run
2026-08-15T09:15:37+03:00,1786774537,10062,65,3,30.9,43.6,,run
2026-08-15T09:15:42+03:00,1786774542,10067,65,3,30.9,48.2,,run
2026-08-15T09:15:47+03:00,1786774547,10072,65,3,30.9,42.3,,run
2026-08-15T09:15:53+03:00,1786774553,10078,65,3,30.9,43.2,,run
2026-08-15T09:15:58+03:00,1786774558,10083,65,3,30.9,41.4,,run
2026-08-15T09:16:03+03:00,1786774563,10088,65,3,30.9,41.1,,run
2026-08-15T09:16:08+03:00,1786774568,10093,65,3,30.9,40.2,,run
2026-08-15T09:16:13+03:00,1786774573,10098,65,3,30.9,42.9,,run
2026-08-15T09:16:19+03:00,1786774579,10104,65,3,30.9,40.2,,run
2026-08-15T09:16:24+03:00,1786774584,10109,65,3,30.9,41.4,,run
2026-08-15T09:16:29+03:00,1786774589,10114,65,3,30.9,45.1,,run
2026-08-15T09:16:34+03:00,1786774594,10119,65,3,30.9,45.1,,run
2026-08-15T09:16:40+03:00,1786774600,10125,65,3,30.9,50.7,,run
2026-08-15T09:16:45+03:00,1786774605,10130,65,3,30.9,41.7,,run
2026-08-15T09:16:50+03:00,1786774610,10135,65,3,30.9,41.7,,run
2026-08-15T09:16:55+03:00,1786774615,10140,65,3,30.9,39.8,,run
2026-08-15T09:17:01+03:00,1786774621,10146,65,3,30.9,41.4,,run
2026-08-15T09:17:06+03:00,1786774626,10151,65,3,30.9,39.5,,run
2026-08-15T09:17:11+03:00,1786774631,10156,65,3,30.9,39.2,,run
2026-08-15T09:17:16+03:00,1786774636,10161,65,3,30.9,38.3,,run
2026-08-15T09:17:22+03:00,1786774642,10167,65,3,30.9,39.5,,run
2026-08-15T09:17:27+03:00,1786774647,10172,65,3,30.9,40.2,,run
2026-08-15T09:17:32+03:00,1786774652,10177,65,3,30.9,50.7,,run
2026-08-15T09:17:37+03:00,1786774657,10182,65,3,30.9,42.0,,run
2026-08-15T09:17:43+03:00,1786774663,10188,65,3,30.9,41.1,,run
2026-08-15T09:17:48+03:00,1786774668,10193,65,3,30.9,42.0,,run
2026-08-15T09:17:53+03:00,1786774673,10198,65,3,30.3,46.3,,run
2026-08-15T09:17:58+03:00,1786774678,10203,65,3,30.3,42.0,,run
2026-08-15T09:18:04+03:00,1786774684,10209,65,3,30.3,42.9,,run
2026-08-15T09:18:09+03:00,1786774689,10214,65,3,30.3,42.0,,run
2026-08-15T09:18:14+03:00,1786774694,10219,65,3,30.3,40.8,,run
2026-08-15T09:18:19+03:00,1786774699,10224,65,3,30.3,40.8,,run
2026-08-15T09:18:25+03:00,1786774705,10230,65,3,30.3,39.2,,run
2026-08-15T09:18:30+03:00,1786774710,10235,65,3,30.3,42.9,,run
2026-08-15T09:18:35+03:00,1786774715,10240,65,3,30.3,42.0,,run
2026-08-15T09:18:40+03:00,1786774720,10245,65,3,30.3,42.0,,run
2026-08-15T09:18:45+03:00,1786774725,10250,65,3,30.3,51.6,,run
2026-08-15T09:18:51+03:00,1786774731,10256,65,3,30.3,49.1,,run
2026-08-15T09:18:56+03:00,1786774736,10261,65,3,30.3,45.1,,run
2026-08-15T09:19:01+03:00,1786774741,10266,65,3,30.3,40.2,,run
2026-08-15T09:19:06+03:00,1786774746,10271,65,3,30.3,39.5,,run
2026-08-15T09:19:12+03:00,1786774752,10277,65,3,30.3,38.9,,run
2026-08-15T09:19:17+03:00,1786774757,10282,65,3,30.3,38.9,,run
2026-08-15T09:19:22+03:00,1786774762,10287,65,3,30.3,41.4,,run
2026-08-15T09:19:27+03:00,1786774767,10292,65,3,30.3,41.1,,run
2026-08-15T09:19:33+03:00,1786774773,10298,65,3,30.3,42.9,,run
2026-08-15T09:19:38+03:00,1786774778,10303,64,3,30.5,50.1,,run
2026-08-15T09:19:43+03:00,1786774783,10308,64,3,30.5,42.9,,run
2026-08-15T09:19:48+03:00,1786774788,10313,64,3,30.5,40.5,,run
2026-08-15T09:19:54+03:00,1786774794,10319,64,3,30.5,39.5,,run
2026-08-15T09:19:59+03:00,1786774799,10324,64,3,30.5,40.2,,run
2026-08-15T09:20:04+03:00,1786774804,10329,64,3,30.5,46.0,,run
2026-08-15T09:20:09+03:00,1786774809,10334,64,3,30.5,44.5,,run
2026-08-15T09:20:15+03:00,1786774815,10340,64,3,30.5,42.6,,run
2026-08-15T09:20:20+03:00,1786774820,10345,64,3,30.5,41.7,,run
2026-08-15T09:20:25+03:00,1786774825,10350,64,3,30.5,40.5,,run
2026-08-15T09:20:30+03:00,1786774830,10355,64,3,30.5,39.8,,run
2026-08-15T09:20:35+03:00,1786774835,10360,64,3,30.5,40.2,,run
2026-08-15T09:20:41+03:00,1786774841,10366,64,3,30.5,39.8,,run
2026-08-15T09:20:46+03:00,1786774846,10371,64,3,30.5,45.7,,run
2026-08-15T09:20:51+03:00,1786774851,10376,64,3,30.5,47.0,,run
2026-08-15T09:20:56+03:00,1786774856,10381,64,3,30.5,48.8,,run
2026-08-15T09:21:02+03:00,1786774862,10387,64,3,30.5,43.6,,run
2026-08-15T09:21:07+03:00,1786774867,10392,64,3,30.5,41.4,,run
2026-08-15T09:21:12+03:00,1786774872,10397,64,3,30.5,39.5,,run
2026-08-15T09:21:17+03:00,1786774877,10402,64,3,30.5,39.8,,run
2026-08-15T09:21:22+03:00,1786774882,10407,64,3,30.5,39.8,,run
2026-08-15T09:21:28+03:00,1786774888,10413,64,3,30.5,42.3,,run
2026-08-15T09:21:33+03:00,1786774893,10418,64,3,30.5,39.5,,run
2026-08-15T09:21:38+03:00,1786774898,10423,64,3,30.5,49.1,,run
2026-08-15T09:21:44+03:00,1786774904,10429,64,3,30.5,49.4,,run
2026-08-15T09:21:49+03:00,1786774909,10434,64,3,30.5,41.1,,run
2026-08-15T09:21:54+03:00,1786774914,10439,64,3,30.5,42.0,,run
2026-08-15T09:21:59+03:00,1786774919,10444,64,3,30.5,41.1,,run
2026-08-15T09:22:05+03:00,1786774925,10450,64,3,30.5,41.1,,run
2026-08-15T09:22:10+03:00,1786774930,10455,64,3,30.5,43.2,,run
2026-08-15T09:22:15+03:00,1786774935,10460,64,3,30.5,46.7,,run
2026-08-15T09:22:20+03:00,1786774940,10465,64,3,30.5,44.5,,run
2026-08-15T09:22:26+03:00,1786774946,10471,64,3,30.5,43.6,,run
2026-08-15T09:22:31+03:00,1786774951,10476,64,3,30.5,41.4,,run
2026-08-15T09:22:36+03:00,1786774956,10481,64,3,30.5,41.4,,run
2026-08-15T09:22:41+03:00,1786774961,10486,64,3,30.5,41.4,,run
2026-08-15T09:22:46+03:00,1786774966,10491,64,3,30.5,40.2,,run
2026-08-15T09:22:52+03:00,1786774972,10497,64,3,30.5,40.5,,run
2026-08-15T09:22:57+03:00,1786774977,10502,64,3,30.5,52.8,,run
2026-08-15T09:23:02+03:00,1786774982,10507,64,3,30.5,46.3,,run
2026-08-15T09:23:08+03:00,1786774988,10513,64,3,30.5,45.7,,run
2026-08-15T09:23:13+03:00,1786774993,10518,64,3,30.5,42.9,,run
2026-08-15T09:23:18+03:00,1786774998,10523,64,3,30.5,41.1,,run
2026-08-15T09:23:23+03:00,1786775003,10528,64,3,30.5,42.6,,run
2026-08-15T09:23:29+03:00,1786775009,10534,64,3,30.5,39.5,,run
2026-08-15T09:23:34+03:00,1786775014,10539,64,3,30.5,40.2,,run
2026-08-15T09:23:39+03:00,1786775019,10544,64,3,30.5,39.8,,run
2026-08-15T09:23:44+03:00,1786775024,10549,64,3,30.5,53.1,,run
2026-08-15T09:23:50+03:00,1786775030,10555,64,3,30.5,43.2,,run
2026-08-15T09:23:55+03:00,1786775035,10560,64,3,30.5,44.5,,run
2026-08-15T09:24:00+03:00,1786775040,10565,64,3,30.5,41.4,,run
2026-08-15T09:24:05+03:00,1786775045,10570,64,3,30.5,43.2,,run
2026-08-15T09:24:10+03:00,1786775050,10575,64,3,30.5,42.9,,run
2026-08-15T09:24:16+03:00,1786775056,10581,64,3,30.5,42.6,,run
2026-08-15T09:24:21+03:00,1786775061,10586,64,3,30.5,42.0,,run
2026-08-15T09:24:26+03:00,1786775066,10591,64,3,30.5,49.4,,run
2026-08-15T09:24:31+03:00,1786775071,10596,64,3,30.5,42.9,,run
2026-08-15T09:24:37+03:00,1786775077,10602,64,3,30.5,42.6,,run
2026-08-15T09:24:42+03:00,1786775082,10607,64,3,30.5,43.9,,run
2026-08-15T09:24:47+03:00,1786775087,10612,64,3,30.5,42.3,,run
2026-08-15T09:24:52+03:00,1786775092,10617,64,3,30.5,42.0,,run
2026-08-15T09:24:57+03:00,1786775097,10622,64,3,30.5,45.7,,run
2026-08-15T09:25:03+03:00,1786775103,10628,64,3,30.5,44.5,,run
2026-08-15T09:25:08+03:00,1786775108,10633,64,3,30.5,42.9,,run
2026-08-15T09:25:13+03:00,1786775113,10638,64,3,30.5,46.0,,run
2026-08-15T09:25:18+03:00,1786775118,10643,64,3,30.5,47.9,,run
2026-08-15T09:25:24+03:00,1786775124,10649,64,3,30.5,42.3,,run
2026-08-15T09:25:29+03:00,1786775129,10654,64,3,30.5,40.2,,run
2026-08-15T09:25:34+03:00,1786775134,10659,64,3,30.5,39.2,,run
2026-08-15T09:25:39+03:00,1786775139,10664,64,3,30.5,42.6,,run
2026-08-15T09:25:45+03:00,1786775145,10670,64,3,30.5,54.7,,run
2026-08-15T09:25:50+03:00,1786775150,10675,64,3,30.5,42.9,,run
2026-08-15T09:25:55+03:00,1786775155,10680,64,3,30.5,40.5,,run
2026-08-15T09:26:01+03:00,1786775161,10686,64,3,30.5,41.1,,run
2026-08-15T09:26:06+03:00,1786775166,10691,64,3,30.5,40.8,,run
2026-08-15T09:26:11+03:00,1786775171,10696,64,3,30.5,41.4,,run
2026-08-15T09:26:16+03:00,1786775176,10701,64,3,30.5,42.9,,run
2026-08-15T09:26:21+03:00,1786775181,10706,64,3,30.5,40.8,,run
2026-08-15T09:26:27+03:00,1786775187,10712,64,3,30.5,46.7,,run
2026-08-15T09:26:32+03:00,1786775192,10717,64,3,30.5,42.6,,run
2026-08-15T09:26:37+03:00,1786775197,10722,64,3,30.5,48.5,,run
2026-08-15T09:26:43+03:00,1786775203,10728,64,3,30.5,42.9,,run
2026-08-15T09:26:48+03:00,1786775208,10733,64,3,30.5,44.2,,run
2026-08-15T09:26:53+03:00,1786775213,10738,64,3,30.5,41.7,,run
2026-08-15T09:26:58+03:00,1786775218,10743,64,3,30.5,48.8,,run
2026-08-15T09:27:03+03:00,1786775223,10748,64,3,30.5,51.9,,run
2026-08-15T09:27:09+03:00,1786775229,10754,64,3,30.5,42.6,,run
2026-08-15T09:27:14+03:00,1786775234,10759,64,3,30.5,39.8,,run
2026-08-15T09:27:19+03:00,1786775239,10764,64,3,30.5,39.5,,run
2026-08-15T09:27:24+03:00,1786775244,10769,64,3,30.5,38.9,,run
2026-08-15T09:27:30+03:00,1786775250,10775,64,3,30.5,43.2,,run
2026-08-15T09:27:35+03:00,1786775255,10780,64,3,30.5,43.6,,run
2026-08-15T09:27:40+03:00,1786775260,10785,64,3,30.5,39.8,,run
2026-08-15T09:27:45+03:00,1786775265,10790,64,3,30.5,51.0,,run
2026-08-15T09:27:51+03:00,1786775271,10796,64,3,30.5,42.6,,run
2026-08-15T09:27:56+03:00,1786775276,10801,64,3,30.6,43.6,,run
2026-08-15T09:28:02+03:00,1786775282,10807,64,3,30.6,40.8,,run
2026-08-15T09:28:07+03:00,1786775287,10812,64,3,30.6,40.8,,run
2026-08-15T09:28:12+03:00,1786775292,10817,63,3,30.6,40.5,,run
2026-08-15T09:28:17+03:00,1786775297,10822,63,3,30.6,40.8,,run
2026-08-15T09:28:22+03:00,1786775302,10827,63,3,30.6,41.4,,run
2026-08-15T09:28:28+03:00,1786775308,10833,63,3,30.6,41.1,,run
2026-08-15T09:28:33+03:00,1786775313,10838,63,3,30.6,40.8,,run
2026-08-15T09:28:38+03:00,1786775318,10843,63,3,30.6,39.5,,run
2026-08-15T09:28:43+03:00,1786775323,10848,63,3,30.6,43.9,,run
2026-08-15T09:28:49+03:00,1786775329,10854,63,3,30.6,43.6,,run
2026-08-15T09:28:54+03:00,1786775334,10859,63,3,30.6,48.2,,run
2026-08-15T09:28:59+03:00,1786775339,10864,63,3,30.6,44.8,,run
2026-08-15T09:29:04+03:00,1786775344,10869,63,3,30.6,52.5,,run
2026-08-15T09:29:10+03:00,1786775350,10875,63,3,30.6,44.5,,run
2026-08-15T09:29:15+03:00,1786775355,10880,63,3,30.6,40.5,,run
2026-08-15T09:29:20+03:00,1786775360,10885,63,3,30.6,40.8,,run
2026-08-15T09:29:26+03:00,1786775366,10891,63,3,30.6,38.9,,run
2026-08-15T09:29:31+03:00,1786775371,10896,63,3,30.6,39.2,,run
2026-08-15T09:29:36+03:00,1786775376,10901,63,3,30.6,39.5,,run
2026-08-15T09:29:41+03:00,1786775381,10906,63,3,30.6,42.6,,run
2026-08-15T09:29:46+03:00,1786775386,10911,63,3,30.6,43.6,,run
2026-08-15T09:29:52+03:00,1786775392,10917,63,3,30.6,47.0,,run
2026-08-15T09:29:57+03:00,1786775397,10922,63,3,30.6,41.4,,run
2026-08-15T09:30:02+03:00,1786775402,10927,63,3,30.6,41.7,,run
2026-08-15T09:30:08+03:00,1786775408,10933,63,3,30.6,39.8,,run
2026-08-15T09:30:13+03:00,1786775413,10938,63,3,30.6,46.0,,run
2026-08-15T09:30:18+03:00,1786775418,10943,63,3,30.6,42.9,,run
2026-08-15T09:30:23+03:00,1786775423,10948,63,3,30.6,41.1,,run
2026-08-15T09:30:28+03:00,1786775428,10953,63,3,30.6,40.2,,run
2026-08-15T09:30:34+03:00,1786775434,10959,63,3,30.6,41.1,,run
2026-08-15T09:30:39+03:00,1786775439,10964,63,3,30.6,40.5,,run
2026-08-15T09:30:44+03:00,1786775444,10969,63,3,30.6,40.8,,run
2026-08-15T09:30:49+03:00,1786775449,10974,63,3,30.6,40.2,,run
2026-08-15T09:30:55+03:00,1786775455,10980,63,3,30.6,40.5,,run
2026-08-15T09:31:00+03:00,1786775460,10985,63,3,30.6,47.0,,run
2026-08-15T09:31:05+03:00,1786775465,10990,63,3,30.6,51.9,,run
2026-08-15T09:31:11+03:00,1786775471,10996,63,3,30.6,42.9,,run
2026-08-15T09:31:16+03:00,1786775476,11001,63,3,30.6,42.3,,run
2026-08-15T09:31:21+03:00,1786775481,11006,63,3,30.6,39.8,,run
2026-08-15T09:31:26+03:00,1786775486,11011,63,3,30.6,39.8,,run
2026-08-15T09:31:32+03:00,1786775492,11017,63,3,30.6,39.5,,run
2026-08-15T09:31:37+03:00,1786775497,11022,63,3,30.6,38.9,,run
2026-08-15T09:31:42+03:00,1786775502,11027,63,3,30.6,39.8,,run
2026-08-15T09:31:47+03:00,1786775507,11032,63,3,30.6,46.7,,run
2026-08-15T09:31:53+03:00,1786775513,11038,63,3,30.6,54.7,,run
2026-08-15T09:31:58+03:00,1786775518,11043,63,3,30.6,44.2,,run
2026-08-15T09:32:03+03:00,1786775523,11048,63,3,30.6,43.9,,run
2026-08-15T09:32:08+03:00,1786775528,11053,63,3,30.6,42.6,,run
2026-08-15T09:32:14+03:00,1786775534,11059,63,3,30.6,41.4,,run
2026-08-15T09:32:19+03:00,1786775539,11064,63,3,30.6,41.4,,run
2026-08-15T09:32:24+03:00,1786775544,11069,63,3,30.6,45.7,,run
2026-08-15T09:32:29+03:00,1786775549,11074,63,3,30.6,42.3,,run
2026-08-15T09:32:35+03:00,1786775555,11080,63,3,30.6,43.2,,run
2026-08-15T09:32:40+03:00,1786775560,11085,63,3,30.6,42.0,,run
2026-08-15T09:32:45+03:00,1786775565,11090,63,3,30.6,42.0,,run
2026-08-15T09:32:50+03:00,1786775570,11095,63,3,30.6,42.0,,run
2026-08-15T09:32:56+03:00,1786775576,11101,63,3,30.6,43.6,,run
2026-08-15T09:33:01+03:00,1786775581,11106,63,3,30.6,40.5,,run
2026-08-15T09:33:06+03:00,1786775586,11111,63,3,30.6,51.0,,run
2026-08-15T09:33:11+03:00,1786775591,11116,63,3,30.6,51.3,,run
2026-08-15T09:33:17+03:00,1786775597,11122,63,3,30.6,43.9,,run
2026-08-15T09:33:22+03:00,1786775602,11127,63,3,30.6,42.9,,run
2026-08-15T09:33:27+03:00,1786775607,11132,63,3,30.6,40.8,,run
2026-08-15T09:33:32+03:00,1786775612,11137,63,3,30.6,39.8,,run
2026-08-15T09:33:38+03:00,1786775618,11143,63,3,30.6,38.9,,run
2026-08-15T09:33:43+03:00,1786775623,11148,63,3,30.6,38.9,,run
2026-08-15T09:33:48+03:00,1786775628,11153,63,3,30.6,40.8,,run
2026-08-15T09:33:53+03:00,1786775633,11158,63,3,30.6,53.5,,run
2026-08-15T09:33:59+03:00,1786775639,11164,63,3,30.6,49.7,,run
2026-08-15T09:34:04+03:00,1786775644,11169,63,3,30.6,46.0,,run
2026-08-15T09:34:09+03:00,1786775649,11174,63,3,30.6,42.9,,run
2026-08-15T09:34:15+03:00,1786775655,11180,63,3,30.6,41.1,,run
2026-08-15T09:34:20+03:00,1786775660,11185,63,3,30.6,40.8,,run
2026-08-15T09:34:25+03:00,1786775665,11190,63,3,30.6,41.4,,run
2026-08-15T09:34:30+03:00,1786775670,11195,63,3,30.6,42.6,,run
2026-08-15T09:34:36+03:00,1786775676,11201,63,3,30.6,40.5,,run
2026-08-15T09:34:41+03:00,1786775681,11206,63,3,30.6,43.9,,run
2026-08-15T09:34:46+03:00,1786775686,11211,63,3,30.6,41.7,,run
2026-08-15T09:34:51+03:00,1786775691,11216,63,3,30.6,40.5,,run
2026-08-15T09:34:56+03:00,1786775696,11221,63,3,30.6,40.5,,run
2026-08-15T09:35:02+03:00,1786775702,11227,63,3,30.6,42.9,,run
2026-08-15T09:35:07+03:00,1786775707,11232,63,3,30.6,44.5,,run
2026-08-15T09:35:12+03:00,1786775712,11237,63,3,30.6,53.5,,run
2026-08-15T09:35:18+03:00,1786775718,11243,63,3,30.6,47.6,,run
2026-08-15T09:35:23+03:00,1786775723,11248,63,3,30.6,42.6,,run
2026-08-15T09:35:28+03:00,1786775728,11253,63,3,30.6,40.5,,run
2026-08-15T09:35:33+03:00,1786775733,11258,63,3,30.6,40.5,,run
2026-08-15T09:35:38+03:00,1786775738,11263,63,3,30.6,42.6,,run
2026-08-15T09:35:44+03:00,1786775744,11269,63,3,30.6,40.8,,run
2026-08-15T09:35:49+03:00,1786775749,11274,63,3,30.6,39.8,,run
2026-08-15T09:35:54+03:00,1786775754,11279,63,3,30.6,54.1,,run
2026-08-15T09:36:00+03:00,1786775760,11285,63,3,30.6,43.6,,run
2026-08-15T09:36:05+03:00,1786775765,11290,63,3,30.6,46.7,,run
2026-08-15T09:36:10+03:00,1786775770,11295,63,3,30.6,45.4,,run
2026-08-15T09:36:15+03:00,1786775775,11300,63,3,30.6,42.0,,run
2026-08-15T09:36:21+03:00,1786775781,11306,63,3,30.6,42.0,,run
2026-08-15T09:36:26+03:00,1786775786,11311,63,3,30.6,41.7,,run
2026-08-15T09:36:31+03:00,1786775791,11316,63,3,30.6,42.3,,run
2026-08-15T09:36:36+03:00,1786775796,11321,63,3,30.6,41.1,,run
2026-08-15T09:36:41+03:00,1786775801,11326,63,3,30.6,40.5,,run
2026-08-15T09:36:47+03:00,1786775807,11332,63,3,30.6,39.5,,run
2026-08-15T09:36:52+03:00,1786775812,11337,63,3,30.6,40.5,,run
2026-08-15T09:36:57+03:00,1786775817,11342,63,3,30.6,40.2,,run
2026-08-15T09:37:02+03:00,1786775822,11347,63,3,30.6,43.2,,run
2026-08-15T09:37:08+03:00,1786775828,11353,63,3,30.6,47.0,,run
2026-08-15T09:37:13+03:00,1786775833,11358,63,3,30.6,53.5,,run
2026-08-15T09:37:18+03:00,1786775838,11363,63,3,30.6,47.3,,run
2026-08-15T09:37:23+03:00,1786775843,11368,63,3,30.6,46.0,,run
2026-08-15T09:37:29+03:00,1786775849,11374,63,3,30.6,45.1,,run
2026-08-15T09:37:34+03:00,1786775854,11379,63,3,30.6,40.8,,run
2026-08-15T09:37:39+03:00,1786775859,11384,63,3,30.6,38.6,,run
2026-08-15T09:37:44+03:00,1786775864,11389,63,3,30.6,39.8,,run
2026-08-15T09:37:49+03:00,1786775869,11394,62,3,30.8,38.9,,run
2026-08-15T09:37:55+03:00,1786775875,11400,62,3,30.7,40.8,,run
2026-08-15T09:38:00+03:00,1786775880,11405,62,3,30.7,53.1,,run
2026-08-15T09:38:05+03:00,1786775885,11410,62,3,30.7,42.6,,run
2026-08-15T09:38:11+03:00,1786775891,11416,62,3,30.7,44.2,,run
2026-08-15T09:38:16+03:00,1786775896,11421,62,3,30.7,49.4,,run
2026-08-15T09:38:21+03:00,1786775901,11426,62,3,30.7,46.7,,run
2026-08-15T09:38:26+03:00,1786775906,11431,62,3,30.7,43.2,,run
2026-08-15T09:38:32+03:00,1786775912,11437,62,3,30.7,41.1,,run
2026-08-15T09:38:37+03:00,1786775917,11442,62,3,30.7,41.7,,run
2026-08-15T09:38:42+03:00,1786775922,11447,62,3,30.7,43.6,,run
2026-08-15T09:38:47+03:00,1786775927,11452,62,3,30.7,43.2,,run
2026-08-15T09:38:52+03:00,1786775932,11457,62,3,30.7,42.6,,run
2026-08-15T09:38:58+03:00,1786775938,11463,62,3,30.7,41.7,,run
2026-08-15T09:39:03+03:00,1786775943,11468,62,3,30.7,41.1,,run
2026-08-15T09:39:08+03:00,1786775948,11473,62,3,30.7,39.8,,run
2026-08-15T09:39:13+03:00,1786775953,11478,62,3,30.7,49.1,,run
2026-08-15T09:39:19+03:00,1786775959,11484,62,3,30.7,42.6,,run
2026-08-15T09:39:24+03:00,1786775964,11489,62,3,30.7,47.3,,run
2026-08-15T09:39:29+03:00,1786775969,11494,62,3,30.7,42.6,,run
2026-08-15T09:39:35+03:00,1786775975,11500,62,3,30.7,46.7,,run
2026-08-15T09:39:40+03:00,1786775980,11505,62,3,30.7,42.9,,run
2026-08-15T09:39:45+03:00,1786775985,11510,62,3,30.7,41.7,,run
2026-08-15T09:39:50+03:00,1786775990,11515,62,3,30.7,39.5,,run
2026-08-15T09:39:56+03:00,1786775996,11521,62,3,30.7,41.1,,run
2026-08-15T09:40:01+03:00,1786776001,11526,62,3,30.7,51.3,,run
2026-08-15T09:40:06+03:00,1786776006,11531,62,3,30.7,42.6,,run
2026-08-15T09:40:11+03:00,1786776011,11536,62,3,30.7,41.4,,run
2026-08-15T09:40:17+03:00,1786776017,11542,62,3,30.7,43.2,,run
2026-08-15T09:40:22+03:00,1786776022,11547,62,3,30.7,42.3,,run
2026-08-15T09:40:27+03:00,1786776027,11552,62,3,30.7,51.3,,run
2026-08-15T09:40:32+03:00,1786776032,11557,62,3,30.7,44.2,,run
2026-08-15T09:40:37+03:00,1786776037,11562,62,3,30.7,42.6,,run
2026-08-15T09:40:43+03:00,1786776043,11568,62,3,30.7,42.0,,run
2026-08-15T09:40:48+03:00,1786776048,11573,62,3,30.7,40.2,,run
2026-08-15T09:40:53+03:00,1786776053,11578,62,3,30.7,42.3,,run
2026-08-15T09:40:58+03:00,1786776058,11583,62,3,30.7,41.4,,run
2026-08-15T09:41:04+03:00,1786776064,11589,62,3,30.7,41.1,,run
2026-08-15T09:41:09+03:00,1786776069,11594,62,3,30.7,39.8,,run
2026-08-15T09:41:14+03:00,1786776074,11599,62,3,30.7,42.9,,run
2026-08-15T09:41:19+03:00,1786776079,11604,62,3,30.7,43.2,,run
2026-08-15T09:41:25+03:00,1786776085,11610,62,3,30.7,42.0,,run
2026-08-15T09:41:30+03:00,1786776090,11615,62,3,30.7,39.5,,run
2026-08-15T09:41:35+03:00,1786776095,11620,62,3,30.7,38.6,,run
2026-08-15T09:41:40+03:00,1786776100,11625,62,3,30.7,44.2,,run
2026-08-15T09:41:45+03:00,1786776105,11630,62,3,30.7,43.6,,run
2026-08-15T09:41:51+03:00,1786776111,11636,62,3,30.7,47.3,,run
2026-08-15T09:41:56+03:00,1786776116,11641,62,3,30.7,41.7,,run
2026-08-15T09:42:01+03:00,1786776121,11646,62,3,30.7,53.5,,run
2026-08-15T09:42:06+03:00,1786776126,11651,62,3,30.7,43.6,,run
2026-08-15T09:42:12+03:00,1786776132,11657,62,3,30.7,42.0,,run
2026-08-15T09:42:17+03:00,1786776137,11662,62,3,30.7,40.8,,run
2026-08-15T09:42:22+03:00,1786776142,11667,62,3,30.7,42.0,,run
2026-08-15T09:42:27+03:00,1786776147,11672,62,3,30.7,42.3,,run
2026-08-15T09:42:33+03:00,1786776153,11678,62,3,30.7,46.0,,run
2026-08-15T09:42:38+03:00,1786776158,11683,62,3,30.7,47.6,,run
2026-08-15T09:42:43+03:00,1786776163,11688,62,3,30.7,42.9,,run
2026-08-15T09:42:48+03:00,1786776168,11693,62,3,30.7,41.7,,run
2026-08-15T09:42:53+03:00,1786776173,11698,62,3,30.7,41.4,,run
2026-08-15T09:42:59+03:00,1786776179,11704,62,3,30.7,42.9,,run
2026-08-15T09:43:04+03:00,1786776184,11709,62,3,30.7,41.4,,run
2026-08-15T09:43:09+03:00,1786776189,11714,62,3,30.7,40.8,,run
2026-08-15T09:43:14+03:00,1786776194,11719,62,3,30.7,49.1,,run
2026-08-15T09:43:20+03:00,1786776200,11725,62,3,30.7,50.4,,run
2026-08-15T09:43:25+03:00,1786776205,11730,62,3,30.7,44.2,,run
2026-08-15T09:43:30+03:00,1786776210,11735,62,3,30.7,40.5,,run
2026-08-15T09:43:35+03:00,1786776215,11740,62,3,30.7,39.5,,run
2026-08-15T09:43:41+03:00,1786776221,11746,62,3,30.7,38.6,,run
2026-08-15T09:43:46+03:00,1786776226,11751,62,3,30.7,38.6,,run
2026-08-15T09:43:51+03:00,1786776231,11756,62,3,30.7,38.3,,run
2026-08-15T09:43:56+03:00,1786776236,11761,62,3,30.7,44.2,,run
2026-08-15T09:44:01+03:00,1786776241,11766,62,3,30.7,42.9,,run
2026-08-15T09:44:07+03:00,1786776247,11772,62,3,30.7,48.2,,run
2026-08-15T09:44:12+03:00,1786776252,11777,62,3,30.7,44.2,,run
2026-08-15T09:44:17+03:00,1786776257,11782,62,3,30.7,43.6,,run
2026-08-15T09:44:22+03:00,1786776262,11787,62,3,30.7,40.2,,run
2026-08-15T09:44:28+03:00,1786776268,11793,62,3,30.7,40.5,,run
2026-08-15T09:44:33+03:00,1786776273,11798,62,3,30.7,40.5,,run
2026-08-15T09:44:38+03:00,1786776278,11803,62,3,30.7,39.5,,run
2026-08-15T09:44:43+03:00,1786776283,11808,62,3,30.7,48.8,,run
2026-08-15T09:44:49+03:00,1786776289,11814,62,3,30.7,44.5,,run
2026-08-15T09:44:54+03:00,1786776294,11819,62,3,30.7,44.8,,run
2026-08-15T09:44:59+03:00,1786776299,11824,62,3,30.7,41.1,,run
2026-08-15T09:45:04+03:00,1786776304,11829,62,3,30.7,40.8,,run
2026-08-15T09:45:10+03:00,1786776310,11835,62,3,30.7,40.2,,run
2026-08-15T09:45:15+03:00,1786776315,11840,62,3,30.7,41.1,,run
2026-08-15T09:45:20+03:00,1786776320,11845,62,3,30.7,49.1,,run
2026-08-15T09:45:26+03:00,1786776326,11851,62,3,30.7,42.3,,run
2026-08-15T09:45:31+03:00,1786776331,11856,62,3,30.7,42.0,,run
2026-08-15T09:45:36+03:00,1786776336,11861,62,3,30.7,39.8,,run
2026-08-15T09:45:41+03:00,1786776341,11866,62,3,30.7,38.9,,run
2026-08-15T09:45:47+03:00,1786776347,11872,62,3,30.7,38.6,,run
2026-08-15T09:45:52+03:00,1786776352,11877,62,3,30.7,38.9,,run
2026-08-15T09:45:57+03:00,1786776357,11882,62,3,30.7,38.9,,run
2026-08-15T09:46:02+03:00,1786776362,11887,62,3,30.7,47.9,,run
2026-08-15T09:46:08+03:00,1786776368,11893,62,3,30.7,52.8,,run
2026-08-15T09:46:13+03:00,1786776373,11898,62,3,30.7,43.6,,run
2026-08-15T09:46:18+03:00,1786776378,11903,62,3,30.7,44.2,,run
2026-08-15T09:46:24+03:00,1786776384,11909,61,3,30.5,41.1,,run
2026-08-15T09:46:29+03:00,1786776389,11914,61,3,30.5,41.7,,run
2026-08-15T09:46:34+03:00,1786776394,11919,61,3,30.5,40.8,,run
2026-08-15T09:46:39+03:00,1786776399,11924,61,3,30.5,40.2,,run
2026-08-15T09:46:44+03:00,1786776404,11929,61,3,30.5,42.0,,run
2026-08-15T09:46:50+03:00,1786776410,11935,61,3,30.5,46.3,,run
2026-08-15T09:46:55+03:00,1786776415,11940,61,3,30.5,42.3,,run
2026-08-15T09:47:00+03:00,1786776420,11945,61,3,30.5,41.4,,run
2026-08-15T09:47:05+03:00,1786776425,11950,61,3,30.5,42.3,,run
2026-08-15T09:47:11+03:00,1786776431,11956,61,3,30.5,41.1,,run
2026-08-15T09:47:16+03:00,1786776436,11961,61,3,30.5,41.4,,run
2026-08-15T09:47:21+03:00,1786776441,11966,61,3,30.5,47.3,,run
2026-08-15T09:47:26+03:00,1786776446,11971,61,3,30.5,47.0,,run
2026-08-15T09:47:32+03:00,1786776452,11977,61,3,30.5,45.1,,run
2026-08-15T09:47:37+03:00,1786776457,11982,61,3,30.5,38.9,,run
2026-08-15T09:47:42+03:00,1786776462,11987,61,3,30.5,39.8,,run
2026-08-15T09:47:47+03:00,1786776467,11992,61,3,30.5,38.3,,run
2026-08-15T09:47:52+03:00,1786776472,11997,61,3,30.5,38.6,,run
2026-08-15T09:47:58+03:00,1786776478,12003,61,3,30.0,38.9,,run
2026-08-15T09:48:03+03:00,1786776483,12008,61,3,30.0,38.9,,run
2026-08-15T09:48:08+03:00,1786776488,12013,61,3,30.0,43.9,,run
2026-08-15T09:48:13+03:00,1786776493,12018,61,3,30.0,51.6,,run
2026-08-15T09:48:19+03:00,1786776499,12024,61,3,30.0,44.8,,run
2026-08-15T09:48:24+03:00,1786776504,12029,61,3,30.0,42.3,,run
2026-08-15T09:48:29+03:00,1786776509,12034,61,3,30.0,45.1,,run
2026-08-15T09:48:34+03:00,1786776514,12039,61,3,30.0,40.5,,run
2026-08-15T09:48:40+03:00,1786776520,12045,61,3,30.0,39.8,,run
2026-08-15T09:48:45+03:00,1786776525,12050,61,3,30.0,39.2,,run
2026-08-15T09:48:50+03:00,1786776530,12055,61,3,30.0,45.1,,run
2026-08-15T09:48:55+03:00,1786776535,12060,61,3,30.0,40.5,,run
2026-08-15T09:49:01+03:00,1786776541,12066,61,3,30.0,42.3,,run
2026-08-15T09:49:06+03:00,1786776546,12071,61,3,30.0,44.5,,run
2026-08-15T09:49:11+03:00,1786776551,12076,61,3,30.0,41.7,,run
2026-08-15T09:49:16+03:00,1786776556,12081,61,3,30.0,41.1,,run
2026-08-15T09:49:22+03:00,1786776562,12087,61,3,30.0,41.1,,run
2026-08-15T09:49:27+03:00,1786776567,12092,61,3,30.0,49.7,,run
2026-08-15T09:49:33+03:00,1786776573,12098,61,3,30.0,41.4,,run
2026-08-15T09:49:38+03:00,1786776578,12103,61,3,30.0,41.1,,run
2026-08-15T09:49:43+03:00,1786776583,12108,61,3,30.0,39.5,,run
2026-08-15T09:49:48+03:00,1786776588,12113,61,3,30.0,38.9,,run
2026-08-15T09:49:53+03:00,1786776593,12118,61,3,30.0,38.0,,run
2026-08-15T09:49:59+03:00,1786776599,12124,61,3,30.0,38.6,,run
2026-08-15T09:50:04+03:00,1786776604,12129,61,3,30.0,37.4,,run
2026-08-15T09:50:09+03:00,1786776609,12134,61,3,30.0,37.4,,run
2026-08-15T09:50:14+03:00,1786776614,12139,61,3,30.0,50.1,,run
2026-08-15T09:50:20+03:00,1786776620,12145,61,3,30.0,42.3,,run
2026-08-15T09:50:25+03:00,1786776625,12150,61,3,30.0,46.3,,run
2026-08-15T09:50:30+03:00,1786776630,12155,61,3,30.0,42.9,,run
2026-08-15T09:50:35+03:00,1786776635,12160,61,3,30.0,42.3,,run
2026-08-15T09:50:41+03:00,1786776641,12166,61,3,30.0,42.6,,run
2026-08-15T09:50:46+03:00,1786776646,12171,61,3,30.0,40.8,,run
2026-08-15T09:50:51+03:00,1786776651,12176,61,3,30.0,42.9,,run
2026-08-15T09:50:56+03:00,1786776656,12181,61,3,30.0,40.2,,run
2026-08-15T09:51:01+03:00,1786776661,12186,61,3,30.0,43.6,,run
2026-08-15T09:51:07+03:00,1786776667,12192,61,3,30.0,41.7,,run
2026-08-15T09:51:12+03:00,1786776672,12197,61,3,30.0,47.6,,run
2026-08-15T09:51:17+03:00,1786776677,12202,61,3,30.0,45.1,,run
2026-08-15T09:51:22+03:00,1786776682,12207,61,3,30.0,42.3,,run
2026-08-15T09:51:28+03:00,1786776688,12213,61,3,30.0,46.7,,run
2026-08-15T09:51:33+03:00,1786776693,12218,61,3,30.0,44.2,,run
2026-08-15T09:51:38+03:00,1786776698,12223,61,3,30.0,42.6,,run
2026-08-15T09:51:43+03:00,1786776703,12228,61,3,30.0,43.2,,run
2026-08-15T09:51:49+03:00,1786776709,12234,61,3,30.0,40.2,,run
2026-08-15T09:51:54+03:00,1786776714,12239,61,3,30.0,38.0,,run
2026-08-15T09:51:59+03:00,1786776719,12244,61,3,30.0,38.9,,run
2026-08-15T09:52:04+03:00,1786776724,12249,61,3,30.0,38.0,,run
2026-08-15T09:52:10+03:00,1786776730,12255,61,3,30.0,40.8,,run
2026-08-15T09:52:15+03:00,1786776735,12260,61,3,30.0,50.4,,run
2026-08-15T09:52:21+03:00,1786776741,12266,61,3,30.0,43.9,,run
2026-08-15T09:52:26+03:00,1786776746,12271,61,3,30.0,40.5,,run
2026-08-15T09:52:31+03:00,1786776751,12276,61,3,30.0,42.6,,run
2026-08-15T09:52:36+03:00,1786776756,12281,61,3,30.0,47.0,,run
2026-08-15T09:52:41+03:00,1786776761,12286,61,3,30.0,42.6,,run
2026-08-15T09:52:47+03:00,1786776767,12292,61,3,30.0,41.7,,run
2026-08-15T09:52:52+03:00,1786776772,12297,61,3,30.0,41.7,,run
2026-08-15T09:52:57+03:00,1786776777,12302,61,3,30.0,40.5,,run
2026-08-15T09:53:02+03:00,1786776782,12307,61,3,30.0,42.0,,run
2026-08-15T09:53:08+03:00,1786776788,12313,61,3,30.0,45.7,,run
2026-08-15T09:53:13+03:00,1786776793,12318,61,3,30.0,42.0,,run
2026-08-15T09:53:18+03:00,1786776798,12323,61,3,30.0,42.3,,run
2026-08-15T09:53:23+03:00,1786776803,12328,61,3,30.0,47.3,,run
2026-08-15T09:53:29+03:00,1786776809,12334,61,3,30.0,43.6,,run
2026-08-15T09:53:34+03:00,1786776814,12339,61,3,30.0,53.1,,run
2026-08-15T09:53:39+03:00,1786776819,12344,61,3,30.0,39.8,,run
2026-08-15T09:53:45+03:00,1786776825,12350,61,3,30.0,39.8,,run
2026-08-15T09:53:50+03:00,1786776830,12355,61,3,30.0,43.6,,run
2026-08-15T09:53:55+03:00,1786776835,12360,61,3,30.0,38.9,,run
2026-08-15T09:54:00+03:00,1786776840,12365,61,3,30.0,41.7,,run
2026-08-15T09:54:05+03:00,1786776845,12370,61,3,30.0,41.4,,run
2026-08-15T09:54:11+03:00,1786776851,12376,61,3,30.0,40.2,,run
2026-08-15T09:54:16+03:00,1786776856,12381,61,3,30.0,40.2,,run
2026-08-15T09:54:21+03:00,1786776861,12386,61,3,30.0,49.7,,run
2026-08-15T09:54:27+03:00,1786776866,12391,61,3,30.0,41.7,,run
2026-08-15T09:54:32+03:00,1786776872,12397,61,3,30.0,39.8,,run
2026-08-15T09:54:37+03:00,1786776877,12402,61,3,30.0,41.1,,run
2026-08-15T09:54:42+03:00,1786776882,12407,61,3,30.0,47.0,,run
2026-08-15T09:54:47+03:00,1786776887,12412,61,3,30.0,47.0,,run
2026-08-15T09:54:53+03:00,1786776893,12418,60,3,30.0,41.1,,run
2026-08-15T09:54:58+03:00,1786776898,12423,60,3,30.0,41.1,,run
2026-08-15T09:55:03+03:00,1786776903,12428,60,3,30.0,41.4,,run
2026-08-15T09:55:08+03:00,1786776908,12433,60,3,30.0,43.2,,run
2026-08-15T09:55:14+03:00,1786776914,12439,60,3,30.0,40.5,,run
2026-08-15T09:55:19+03:00,1786776919,12444,60,3,30.0,40.8,,run
2026-08-15T09:55:24+03:00,1786776924,12449,60,3,30.0,42.6,,run
2026-08-15T09:55:29+03:00,1786776929,12454,60,3,30.0,39.5,,run
2026-08-15T09:55:34+03:00,1786776934,12459,60,3,30.0,46.3,,run
2026-08-15T09:55:40+03:00,1786776940,12465,60,3,30.0,47.0,,run
2026-08-15T09:55:45+03:00,1786776945,12470,60,3,30.0,42.9,,run
2026-08-15T09:55:50+03:00,1786776950,12475,60,3,30.0,39.2,,run
2026-08-15T09:55:55+03:00,1786776955,12480,60,3,30.0,38.9,,run
2026-08-15T09:56:01+03:00,1786776961,12486,60,3,30.0,39.2,,run
2026-08-15T09:56:06+03:00,1786776966,12491,60,3,30.0,39.5,,run
2026-08-15T09:56:11+03:00,1786776971,12496,60,3,30.0,38.0,,run
2026-08-15T09:56:16+03:00,1786776976,12501,60,3,30.0,44.2,,run
2026-08-15T09:56:22+03:00,1786776982,12507,60,3,30.0,51.3,,run
2026-08-15T09:56:27+03:00,1786776987,12512,60,3,30.0,46.0,,run
2026-08-15T09:56:33+03:00,1786776993,12518,60,3,30.0,41.4,,run
2026-08-15T09:56:38+03:00,1786776998,12523,60,3,30.0,42.0,,run
2026-08-15T09:56:43+03:00,1786777003,12528,60,3,30.0,41.7,,run
2026-08-15T09:56:48+03:00,1786777008,12533,60,3,30.0,40.5,,run
2026-08-15T09:56:53+03:00,1786777013,12538,60,3,30.0,40.2,,run
2026-08-15T09:56:59+03:00,1786777019,12544,60,3,30.0,46.0,,run
2026-08-15T09:57:04+03:00,1786777024,12549,60,3,30.0,43.2,,run
2026-08-15T09:57:09+03:00,1786777029,12554,60,3,30.0,40.8,,run
2026-08-15T09:57:14+03:00,1786777034,12559,60,3,30.0,40.2,,run
2026-08-15T09:57:20+03:00,1786777040,12565,60,3,30.0,39.8,,run
2026-08-15T09:57:25+03:00,1786777045,12570,60,3,30.0,38.9,,run
2026-08-15T09:57:30+03:00,1786777050,12575,60,3,30.0,42.0,,run
2026-08-15T09:57:35+03:00,1786777055,12580,60,3,30.0,46.0,,run
2026-08-15T09:57:41+03:00,1786777061,12586,60,3,30.0,54.1,,run
2026-08-15T09:57:46+03:00,1786777066,12591,60,3,30.0,48.8,,run
2026-08-15T09:57:51+03:00,1786777071,12596,60,3,30.0,42.3,,run
2026-08-15T09:57:56+03:00,1786777076,12601,60,3,30.3,40.5,,run
2026-08-15T09:58:02+03:00,1786777082,12607,60,3,30.3,43.6,,run
2026-08-15T09:58:07+03:00,1786777087,12612,60,3,30.3,39.2,,run
2026-08-15T09:58:12+03:00,1786777092,12617,60,3,30.3,39.8,,run
2026-08-15T09:58:17+03:00,1786777097,12622,60,3,30.3,39.5,,run
2026-08-15T09:58:23+03:00,1786777103,12628,60,3,30.3,41.4,,run
2026-08-15T09:58:28+03:00,1786777108,12633,60,3,30.3,44.8,,run
2026-08-15T09:58:33+03:00,1786777113,12638,60,3,30.3,48.2,,run
2026-08-15T09:58:38+03:00,1786777118,12643,60,3,30.3,41.4,,run
2026-08-15T09:58:44+03:00,1786777124,12649,60,3,30.3,40.5,,run
2026-08-15T09:58:49+03:00,1786777129,12654,60,3,30.3,41.4,,run
2026-08-15T09:58:54+03:00,1786777134,12659,60,3,30.3,39.8,,run
2026-08-15T09:58:59+03:00,1786777139,12664,60,3,30.3,39.5,,run
2026-08-15T09:59:04+03:00,1786777144,12669,60,3,30.3,42.0,,run
2026-08-15T09:59:10+03:00,1786777150,12675,60,3,30.3,46.3,,run
2026-08-15T09:59:15+03:00,1786777155,12680,60,3,30.3,42.0,,run
2026-08-15T09:59:20+03:00,1786777160,12685,60,3,30.3,40.2,,run
2026-08-15T09:59:25+03:00,1786777165,12690,60,3,30.3,40.5,,run
2026-08-15T09:59:31+03:00,1786777171,12696,60,3,30.3,41.4,,run
2026-08-15T09:59:36+03:00,1786777176,12701,60,3,30.3,41.1,,run
2026-08-15T09:59:41+03:00,1786777181,12706,60,3,30.3,49.7,,run
2026-08-15T09:59:47+03:00,1786777187,12712,60,3,30.3,41.7,,run
2026-08-15T09:59:52+03:00,1786777192,12717,60,3,30.3,42.0,,run
2026-08-15T09:59:57+03:00,1786777197,12722,60,3,30.3,43.9,,run
2026-08-15T10:00:02+03:00,1786777202,12727,60,3,30.3,47.6,,run
2026-08-15T10:00:08+03:00,1786777208,12733,60,3,30.3,39.5,,run
2026-08-15T10:00:13+03:00,1786777213,12738,60,3,30.3,40.2,,run
2026-08-15T10:00:18+03:00,1786777218,12743,60,3,30.3,39.8,,run
2026-08-15T10:00:23+03:00,1786777223,12748,60,3,30.3,38.6,,run
2026-08-15T10:00:29+03:00,1786777229,12754,60,3,30.3,53.8,,run
2026-08-15T10:00:34+03:00,1786777234,12759,60,3,30.3,44.8,,run
2026-08-15T10:00:40+03:00,1786777240,12765,60,3,30.3,42.0,,run
2026-08-15T10:00:45+03:00,1786777245,12770,60,3,30.3,41.1,,run
2026-08-15T10:00:50+03:00,1786777250,12775,60,3,30.3,45.4,,run
2026-08-15T10:00:55+03:00,1786777255,12780,60,3,30.3,42.3,,run
2026-08-15T10:01:01+03:00,1786777261,12786,60,3,30.3,41.4,,run
2026-08-15T10:01:06+03:00,1786777266,12791,60,3,30.3,42.6,,run
2026-08-15T10:01:11+03:00,1786777271,12796,60,3,30.3,40.8,,run
2026-08-15T10:01:16+03:00,1786777276,12801,60,3,30.3,50.1,,run
2026-08-15T10:01:22+03:00,1786777282,12807,60,3,30.3,42.3,,run
2026-08-15T10:01:27+03:00,1786777287,12812,60,3,30.3,41.1,,run
2026-08-15T10:01:32+03:00,1786777292,12817,60,3,30.3,41.1,,run
2026-08-15T10:01:37+03:00,1786777297,12822,60,3,30.3,42.0,,run
2026-08-15T10:01:42+03:00,1786777302,12827,60,3,30.3,49.7,,run
2026-08-15T10:01:48+03:00,1786777308,12833,60,3,30.3,54.7,,run
2026-08-15T10:01:53+03:00,1786777313,12838,60,3,30.3,44.2,,run
2026-08-15T10:01:58+03:00,1786777318,12843,60,3,30.3,39.8,,run
2026-08-15T10:02:04+03:00,1786777324,12849,60,3,30.3,43.2,,run
2026-08-15T10:02:09+03:00,1786777329,12854,60,3,30.3,46.7,,run
2026-08-15T10:02:14+03:00,1786777334,12859,60,3,30.3,40.8,,run
2026-08-15T10:02:19+03:00,1786777339,12864,60,3,30.3,44.8,,run
2026-08-15T10:02:24+03:00,1786777344,12869,60,3,30.3,40.2,,run
2026-08-15T10:02:30+03:00,1786777350,12875,60,3,30.3,49.7,,run
2026-08-15T10:02:35+03:00,1786777355,12880,60,3,30.3,44.2,,run
2026-08-15T10:02:41+03:00,1786777361,12886,60,3,30.3,41.7,,run
2026-08-15T10:02:46+03:00,1786777366,12891,60,3,30.3,43.9,,run
2026-08-15T10:02:51+03:00,1786777371,12896,60,3,30.3,43.6,,run
2026-08-15T10:02:56+03:00,1786777376,12901,60,3,30.3,42.3,,run
2026-08-15T10:03:01+03:00,1786777381,12906,60,3,30.3,41.1,,run
2026-08-15T10:03:07+03:00,1786777387,12912,60,3,30.3,44.5,,run
2026-08-15T10:03:12+03:00,1786777392,12917,60,3,30.3,42.6,,run
2026-08-15T10:03:17+03:00,1786777397,12922,60,3,30.3,41.7,,run
2026-08-15T10:03:22+03:00,1786777402,12927,60,3,30.3,46.3,,run
2026-08-15T10:03:28+03:00,1786777408,12933,59,3,30.7,48.5,,run
2026-08-15T10:03:33+03:00,1786777413,12938,59,3,30.7,44.2,,run
2026-08-15T10:03:38+03:00,1786777418,12943,59,3,30.7,41.7,,run
2026-08-15T10:03:43+03:00,1786777423,12948,59,3,30.7,42.6,,run
2026-08-15T10:03:48+03:00,1786777428,12953,59,3,30.7,52.2,,run
2026-08-15T10:03:54+03:00,1786777434,12959,59,3,30.7,41.7,,run
2026-08-15T10:03:59+03:00,1786777439,12964,59,3,30.7,40.5,,run
2026-08-15T10:04:05+03:00,1786777445,12970,59,3,30.7,40.2,,run
2026-08-15T10:04:10+03:00,1786777450,12975,59,3,30.7,40.2,,run
2026-08-15T10:04:15+03:00,1786777455,12980,59,3,30.7,43.2,,run
2026-08-15T10:04:20+03:00,1786777460,12985,59,3,30.7,40.8,,run
2026-08-15T10:04:26+03:00,1786777466,12991,59,3,30.7,40.5,,run
2026-08-15T10:04:31+03:00,1786777471,12996,59,3,30.7,41.4,,run
2026-08-15T10:04:36+03:00,1786777476,13001,59,3,30.7,52.8,,run
2026-08-15T10:04:41+03:00,1786777481,13006,59,3,30.7,42.9,,run
2026-08-15T10:04:47+03:00,1786777487,13012,59,3,30.7,45.1,,run
2026-08-15T10:04:52+03:00,1786777492,13017,59,3,30.7,42.6,,run
2026-08-15T10:04:57+03:00,1786777497,13022,59,3,30.7,42.9,,run
2026-08-15T10:05:02+03:00,1786777502,13027,59,3,30.7,42.6,,run
2026-08-15T10:05:07+03:00,1786777507,13032,59,3,30.7,40.8,,run
2026-08-15T10:05:13+03:00,1786777513,13038,59,3,30.7,42.3,,run
2026-08-15T10:05:18+03:00,1786777518,13043,59,3,30.7,42.9,,run
2026-08-15T10:05:23+03:00,1786777523,13048,59,3,30.7,44.2,,run
2026-08-15T10:05:28+03:00,1786777528,13053,59,3,30.7,45.4,,run
2026-08-15T10:05:34+03:00,1786777534,13059,59,3,30.7,48.5,,run
2026-08-15T10:05:39+03:00,1786777539,13064,59,3,30.7,45.7,,run
2026-08-15T10:05:44+03:00,1786777544,13069,59,3,30.7,42.9,,run
2026-08-15T10:05:49+03:00,1786777549,13074,59,3,30.7,45.4,,run
2026-08-15T10:05:55+03:00,1786777555,13080,59,3,30.7,43.9,,run
2026-08-15T10:06:00+03:00,1786777560,13085,59,3,30.7,43.2,,run
2026-08-15T10:06:05+03:00,1786777565,13090,59,3,30.7,40.2,,run
2026-08-15T10:06:11+03:00,1786777571,13096,59,3,30.7,39.5,,run
2026-08-15T10:06:16+03:00,1786777576,13101,59,3,30.7,42.0,,run
2026-08-15T10:06:21+03:00,1786777581,13106,59,3,30.7,46.7,,run
2026-08-15T10:06:26+03:00,1786777586,13111,59,3,30.7,47.6,,run
2026-08-15T10:06:32+03:00,1786777592,13117,59,3,30.7,43.9,,run
2026-08-15T10:06:37+03:00,1786777597,13122,59,3,30.7,42.0,,run
2026-08-15T10:06:42+03:00,1786777602,13127,59,3,30.7,40.8,,run
2026-08-15T10:06:47+03:00,1786777607,13132,59,3,30.7,40.2,,run
2026-08-15T10:06:53+03:00,1786777613,13138,59,3,30.7,43.9,,run
2026-08-15T10:06:58+03:00,1786777618,13143,59,3,30.7,44.5,,run
2026-08-15T10:07:03+03:00,1786777623,13148,59,3,30.7,43.9,,run
2026-08-15T10:07:08+03:00,1786777628,13153,59,3,30.7,41.7,,run
2026-08-15T10:07:13+03:00,1786777633,13158,59,3,30.7,40.5,,run
2026-08-15T10:07:19+03:00,1786777639,13164,59,3,30.7,40.8,,run
2026-08-15T10:07:24+03:00,1786777644,13169,59,3,30.7,39.5,,run
2026-08-15T10:07:29+03:00,1786777649,13174,59,3,30.7,41.1,,run
2026-08-15T10:07:34+03:00,1786777654,13179,59,3,30.7,51.9,,run
2026-08-15T10:07:40+03:00,1786777660,13185,59,3,30.7,46.7,,run
2026-08-15T10:07:45+03:00,1786777665,13190,59,3,30.7,44.2,,run
2026-08-15T10:07:51+03:00,1786777671,13196,59,3,30.7,44.5,,run
2026-08-15T10:07:56+03:00,1786777676,13201,59,3,30.6,40.2,,run
2026-08-15T10:08:01+03:00,1786777681,13206,59,3,30.6,46.0,,run
2026-08-15T10:08:07+03:00,1786777687,13212,59,3,30.6,45.1,,run
2026-08-15T10:08:12+03:00,1786777692,13217,59,3,30.6,42.6,,run
2026-08-15T10:08:17+03:00,1786777697,13222,59,3,30.6,42.9,,run
2026-08-15T10:08:22+03:00,1786777702,13227,59,3,30.6,42.9,,run
2026-08-15T10:08:28+03:00,1786777708,13233,59,3,30.6,42.6,,run
2026-08-15T10:08:33+03:00,1786777713,13238,59,3,30.6,46.3,,run
2026-08-15T10:08:38+03:00,1786777718,13243,59,3,30.6,44.2,,run
2026-08-15T10:08:43+03:00,1786777723,13248,59,3,30.6,42.3,,run
2026-08-15T10:08:48+03:00,1786777728,13253,59,3,30.6,43.6,,run
2026-08-15T10:08:54+03:00,1786777734,13259,59,3,30.6,42.0,,run
2026-08-15T10:08:59+03:00,1786777739,13264,59,3,30.6,42.9,,run
2026-08-15T10:09:04+03:00,1786777744,13269,59,3,30.6,41.1,,run
2026-08-15T10:09:09+03:00,1786777749,13274,59,3,30.6,44.2,,run
2026-08-15T10:09:15+03:00,1786777755,13280,59,3,30.6,44.2,,run
2026-08-15T10:09:20+03:00,1786777760,13285,59,3,30.6,51.9,,run
2026-08-15T10:09:26+03:00,1786777766,13291,59,3,30.6,42.6,,run
2026-08-15T10:09:31+03:00,1786777771,13296,59,3,30.6,40.8,,run
2026-08-15T10:09:36+03:00,1786777776,13301,59,3,30.6,39.8,,run
2026-08-15T10:09:41+03:00,1786777781,13306,59,3,30.6,39.2,,run
2026-08-15T10:09:46+03:00,1786777786,13311,59,3,30.6,50.4,,run
2026-08-15T10:09:52+03:00,1786777792,13317,59,3,30.6,46.0,,run
2026-08-15T10:09:57+03:00,1786777797,13322,59,3,30.6,48.5,,run
2026-08-15T10:10:02+03:00,1786777802,13327,59,3,30.6,48.2,,run
2026-08-15T10:10:07+03:00,1786777807,13332,59,3,30.6,42.3,,run
2026-08-15T10:10:13+03:00,1786777813,13338,59,3,30.6,42.0,,run
2026-08-15T10:10:18+03:00,1786777818,13343,59,3,30.6,40.2,,run
2026-08-15T10:10:23+03:00,1786777823,13348,59,3,30.6,42.3,,run
2026-08-15T10:10:28+03:00,1786777828,13353,59,3,30.6,41.1,,run
2026-08-15T10:10:34+03:00,1786777834,13359,59,3,30.6,42.9,,run
2026-08-15T10:10:39+03:00,1786777839,13364,59,3,30.6,39.8,,run
2026-08-15T10:10:44+03:00,1786777844,13369,59,3,30.6,48.8,,run
2026-08-15T10:10:49+03:00,1786777849,13374,59,3,30.6,43.6,,run
2026-08-15T10:10:55+03:00,1786777855,13380,59,3,30.6,41.4,,run
2026-08-15T10:11:00+03:00,1786777860,13385,59,3,30.6,48.2,,run
2026-08-15T10:11:05+03:00,1786777865,13390,59,3,30.6,50.4,,run
2026-08-15T10:11:10+03:00,1786777870,13395,59,3,30.6,44.5,,run
2026-08-15T10:11:16+03:00,1786777876,13401,59,3,30.6,39.5,,run
2026-08-15T10:11:21+03:00,1786777881,13406,59,3,30.6,40.5,,run
2026-08-15T10:11:26+03:00,1786777886,13411,59,3,30.6,40.2,,run
2026-08-15T10:11:31+03:00,1786777891,13416,59,3,30.6,40.8,,run
2026-08-15T10:11:36+03:00,1786777896,13421,59,3,30.6,38.9,,run
2026-08-15T10:11:42+03:00,1786777902,13427,59,3,30.6,39.5,,run
2026-08-15T10:11:47+03:00,1786777907,13432,59,3,30.6,40.2,,run
2026-08-15T10:11:52+03:00,1786777912,13437,59,3,30.6,51.3,,run
2026-08-15T10:11:57+03:00,1786777917,13442,59,3,30.6,44.5,,run
2026-08-15T10:12:03+03:00,1786777923,13448,58,3,30.7,45.7,,run
2026-08-15T10:12:08+03:00,1786777928,13453,58,3,30.7,46.0,,run
2026-08-15T10:12:13+03:00,1786777933,13458,58,3,30.7,43.6,,run
2026-08-15T10:12:18+03:00,1786777938,13463,58,3,30.7,42.9,,run
2026-08-15T10:12:24+03:00,1786777944,13469,58,3,30.7,47.9,,run
2026-08-15T10:12:29+03:00,1786777949,13474,58,3,30.7,42.0,,run
2026-08-15T10:12:34+03:00,1786777954,13479,58,3,30.7,42.9,,run
2026-08-15T10:12:39+03:00,1786777959,13484,58,3,30.7,42.3,,run
2026-08-15T10:12:45+03:00,1786777965,13490,58,3,30.7,42.0,,run
2026-08-15T10:12:50+03:00,1786777970,13495,58,3,30.7,42.6,,run
2026-08-15T10:12:55+03:00,1786777975,13500,58,3,30.7,47.0,,run
2026-08-15T10:13:00+03:00,1786777980,13505,58,3,30.7,48.8,,run
2026-08-15T10:13:06+03:00,1786777986,13511,58,3,30.7,49.7,,run
2026-08-15T10:13:11+03:00,1786777991,13516,58,3,30.7,45.4,,run
2026-08-15T10:13:16+03:00,1786777996,13521,58,3,30.7,43.2,,run
2026-08-15T10:13:21+03:00,1786778001,13526,58,3,30.7,40.2,,run
2026-08-15T10:13:27+03:00,1786778007,13532,58,3,30.7,40.2,,run
2026-08-15T10:13:32+03:00,1786778012,13537,58,3,30.7,38.6,,run
2026-08-15T10:13:37+03:00,1786778017,13542,58,3,30.7,39.5,,run
2026-08-15T10:13:42+03:00,1786778022,13547,58,3,30.7,38.6,,run
2026-08-15T10:13:47+03:00,1786778027,13552,58,3,30.7,44.8,,run
2026-08-15T10:13:53+03:00,1786778033,13558,58,3,30.7,51.6,,run
2026-08-15T10:13:58+03:00,1786778038,13563,58,3,30.7,42.9,,run
2026-08-15T10:14:04+03:00,1786778044,13569,58,3,30.7,40.8,,run
2026-08-15T10:14:09+03:00,1786778049,13574,58,3,30.7,40.2,,run
2026-08-15T10:14:14+03:00,1786778054,13579,58,3,30.7,40.5,,run
2026-08-15T10:14:19+03:00,1786778059,13584,58,3,30.7,48.2,,run
2026-08-15T10:14:25+03:00,1786778065,13590,58,3,30.7,43.6,,run
2026-08-15T10:14:30+03:00,1786778070,13595,58,3,30.7,41.7,,run
2026-08-15T10:14:35+03:00,1786778075,13600,58,3,30.7,41.1,,run
2026-08-15T10:14:40+03:00,1786778080,13605,58,3,30.7,44.8,,run
2026-08-15T10:14:46+03:00,1786778086,13611,58,3,30.7,40.8,,run
2026-08-15T10:14:51+03:00,1786778091,13616,58,3,30.7,40.2,,run
2026-08-15T10:14:56+03:00,1786778096,13621,58,3,30.7,42.9,,run
2026-08-15T10:15:01+03:00,1786778101,13626,58,3,30.7,40.5,,run
2026-08-15T10:15:06+03:00,1786778106,13631,58,3,30.7,49.4,,run
2026-08-15T10:15:12+03:00,1786778112,13637,58,3,30.7,54.4,,run
2026-08-15T10:15:18+03:00,1786778118,13643,58,3,30.7,46.7,,run
2026-08-15T10:15:23+03:00,1786778123,13648,58,3,30.7,41.7,,run
2026-08-15T10:15:28+03:00,1786778128,13653,58,3,30.7,39.8,,run
2026-08-15T10:15:33+03:00,1786778133,13658,58,3,30.7,38.6,,run
2026-08-15T10:15:38+03:00,1786778138,13663,58,3,30.7,38.3,,run
2026-08-15T10:15:44+03:00,1786778144,13669,58,3,30.7,40.5,,run
2026-08-15T10:15:49+03:00,1786778149,13674,58,3,30.7,39.2,,run
2026-08-15T10:15:54+03:00,1786778154,13679,58,3,30.7,50.7,,run
2026-08-15T10:16:00+03:00,1786778160,13685,58,3,30.7,42.6,,run
2026-08-15T10:16:05+03:00,1786778165,13690,58,3,30.7,44.5,,run
2026-08-15T10:16:10+03:00,1786778170,13695,58,3,30.7,41.7,,run
2026-08-15T10:16:16+03:00,1786778176,13701,58,3,30.7,40.2,,run
2026-08-15T10:16:21+03:00,1786778181,13706,58,3,30.7,39.8,,run
2026-08-15T10:16:26+03:00,1786778186,13711,58,3,30.7,41.1,,run
2026-08-15T10:16:31+03:00,1786778191,13716,58,3,30.7,47.3,,run
2026-08-15T10:16:37+03:00,1786778197,13722,58,3,30.7,42.3,,run
2026-08-15T10:16:42+03:00,1786778202,13727,58,3,30.7,42.6,,run
2026-08-15T10:16:47+03:00,1786778207,13732,58,3,30.7,40.5,,run
2026-08-15T10:16:52+03:00,1786778212,13737,58,3,30.7,40.5,,run
2026-08-15T10:16:58+03:00,1786778218,13743,58,3,30.7,40.5,,run
2026-08-15T10:17:03+03:00,1786778223,13748,58,3,30.7,42.0,,run
2026-08-15T10:17:08+03:00,1786778228,13753,58,3,30.7,45.7,,run
2026-08-15T10:17:13+03:00,1786778233,13758,58,3,30.7,53.8,,run
2026-08-15T10:17:19+03:00,1786778239,13764,58,3,30.7,47.0,,run
2026-08-15T10:17:24+03:00,1786778244,13769,58,3,30.7,44.8,,run
2026-08-15T10:17:29+03:00,1786778249,13774,58,3,30.7,41.7,,run
2026-08-15T10:17:34+03:00,1786778254,13779,58,3,30.7,42.0,,run
2026-08-15T10:17:40+03:00,1786778260,13785,58,3,30.7,44.8,,run
2026-08-15T10:17:45+03:00,1786778265,13790,58,3,30.7,41.7,,run
2026-08-15T10:17:50+03:00,1786778270,13795,58,3,30.7,40.2,,run
2026-08-15T10:17:55+03:00,1786778275,13800,58,3,30.4,39.5,,run
2026-08-15T10:18:01+03:00,1786778281,13806,58,3,30.4,40.2,,run
2026-08-15T10:18:06+03:00,1786778286,13811,58,3,30.4,42.6,,run
2026-08-15T10:18:11+03:00,1786778291,13816,58,3,30.4,42.0,,run
2026-08-15T10:18:16+03:00,1786778296,13821,58,3,30.4,41.1,,run
2026-08-15T10:18:22+03:00,1786778302,13827,58,3,30.4,46.3,,run
2026-08-15T10:18:27+03:00,1786778307,13832,58,3,30.4,41.4,,run
2026-08-15T10:18:32+03:00,1786778312,13837,58,3,30.4,40.2,,run
2026-08-15T10:18:37+03:00,1786778317,13842,58,3,30.4,43.6,,run
2026-08-15T10:18:42+03:00,1786778322,13847,58,3,30.4,47.9,,run
2026-08-15T10:18:48+03:00,1786778328,13853,58,3,30.4,42.6,,run
2026-08-15T10:18:53+03:00,1786778333,13858,58,3,30.4,50.7,,run
2026-08-15T10:18:58+03:00,1786778338,13863,58,3,30.4,41.4,,run
2026-08-15T10:19:04+03:00,1786778344,13869,58,3,30.4,40.8,,run
2026-08-15T10:19:09+03:00,1786778349,13874,58,3,30.4,42.0,,run
2026-08-15T10:19:14+03:00,1786778354,13879,58,3,30.4,43.2,,run
2026-08-15T10:19:19+03:00,1786778359,13884,58,3,30.4,40.2,,run
2026-08-15T10:19:25+03:00,1786778365,13890,58,3,30.4,40.2,,run
2026-08-15T10:19:30+03:00,1786778370,13895,58,3,30.4,39.8,,run
2026-08-15T10:19:35+03:00,1786778375,13900,58,3,30.4,42.9,,run
2026-08-15T10:19:40+03:00,1786778380,13905,58,3,30.4,46.7,,run
2026-08-15T10:19:46+03:00,1786778386,13911,58,3,30.4,41.7,,run
2026-08-15T10:19:51+03:00,1786778391,13916,58,3,30.4,41.1,,run
2026-08-15T10:19:56+03:00,1786778396,13921,58,3,30.4,41.1,,run
2026-08-15T10:20:01+03:00,1786778401,13926,58,3,30.4,40.5,,run
2026-08-15T10:20:06+03:00,1786778406,13931,58,3,30.4,39.5,,run
2026-08-15T10:20:12+03:00,1786778412,13937,58,3,30.4,42.3,,run
2026-08-15T10:20:17+03:00,1786778417,13942,58,3,30.4,40.8,,run
2026-08-15T10:20:22+03:00,1786778422,13947,58,3,30.4,39.8,,run
2026-08-15T10:20:27+03:00,1786778427,13952,58,3,30.4,40.5,,run
2026-08-15T10:20:33+03:00,1786778433,13958,57,3,30.2,46.7,,run
2026-08-15T10:20:38+03:00,1786778438,13963,57,3,30.2,42.3,,run
2026-08-15T10:20:43+03:00,1786778443,13968,57,3,30.2,40.5,,run
2026-08-15T10:20:48+03:00,1786778448,13973,57,3,30.2,44.2,,run
2026-08-15T10:20:53+03:00,1786778453,13978,57,3,30.2,51.3,,run
2026-08-15T10:20:59+03:00,1786778459,13984,57,3,30.2,44.8,,run
2026-08-15T10:21:04+03:00,1786778464,13989,57,3,30.2,44.8,,run
2026-08-15T10:21:09+03:00,1786778469,13994,57,3,30.2,40.2,,run
2026-08-15T10:21:15+03:00,1786778475,14000,57,3,30.2,39.5,,run
2026-08-15T10:21:20+03:00,1786778480,14005,57,3,30.2,40.2,,run
2026-08-15T10:21:25+03:00,1786778485,14010,57,3,30.2,38.9,,run
2026-08-15T10:21:30+03:00,1786778490,14015,57,3,30.2,39.8,,run
2026-08-15T10:21:36+03:00,1786778496,14021,57,3,30.2,44.8,,run
2026-08-15T10:21:41+03:00,1786778501,14026,57,3,30.2,48.8,,run
2026-08-15T10:21:46+03:00,1786778506,14031,57,3,30.2,42.6,,run
2026-08-15T10:21:51+03:00,1786778511,14036,57,3,30.2,42.6,,run
2026-08-15T10:21:57+03:00,1786778517,14042,57,3,30.2,41.7,,run
2026-08-15T10:22:02+03:00,1786778522,14047,57,3,30.2,39.8,,run
2026-08-15T10:22:07+03:00,1786778527,14052,57,3,30.2,40.8,,run
2026-08-15T10:22:12+03:00,1786778532,14057,57,3,30.2,40.5,,run
2026-08-15T10:22:18+03:00,1786778538,14063,57,3,30.2,41.1,,run
2026-08-15T10:22:23+03:00,1786778543,14068,57,3,30.2,45.1,,run
2026-08-15T10:22:28+03:00,1786778548,14073,57,3,30.2,47.0,,run
2026-08-15T10:22:33+03:00,1786778553,14078,57,3,30.2,41.7,,run
2026-08-15T10:22:38+03:00,1786778558,14083,57,3,30.2,41.1,,run
2026-08-15T10:22:44+03:00,1786778564,14089,57,3,30.2,44.5,,run
2026-08-15T10:22:49+03:00,1786778569,14094,57,3,30.2,41.7,,run
2026-08-15T10:22:54+03:00,1786778574,14099,57,3,30.2,54.4,,run
2026-08-15T10:23:00+03:00,1786778580,14105,57,3,30.2,45.1,,run
2026-08-15T10:23:05+03:00,1786778585,14110,57,3,30.2,46.3,,run
2026-08-15T10:23:10+03:00,1786778590,14115,57,3,30.2,40.5,,run
2026-08-15T10:23:16+03:00,1786778596,14121,57,3,30.2,38.6,,run
2026-08-15T10:23:21+03:00,1786778601,14126,57,3,30.2,39.2,,run
2026-08-15T10:23:26+03:00,1786778606,14131,57,3,30.2,38.3,,run
2026-08-15T10:23:31+03:00,1786778611,14136,57,3,30.2,38.9,,run
2026-08-15T10:23:36+03:00,1786778616,14141,57,3,30.2,40.8,,run
2026-08-15T10:23:42+03:00,1786778622,14147,57,3,30.2,47.3,,run
2026-08-15T10:23:47+03:00,1786778627,14152,57,3,30.2,39.8,,run
2026-08-15T10:23:52+03:00,1786778632,14157,57,3,30.2,42.3,,run
2026-08-15T10:23:57+03:00,1786778637,14162,57,3,30.2,44.5,,run
2026-08-15T10:24:03+03:00,1786778643,14168,57,3,30.2,40.5,,run
2026-08-15T10:24:08+03:00,1786778648,14173,57,3,30.2,39.8,,run
2026-08-15T10:24:13+03:00,1786778653,14178,57,3,30.2,44.2,,run
2026-08-15T10:24:18+03:00,1786778658,14183,57,3,30.2,48.2,,run
2026-08-15T10:24:24+03:00,1786778664,14189,57,3,30.2,41.1,,run
2026-08-15T10:24:29+03:00,1786778669,14194,57,3,30.2,42.3,,run
2026-08-15T10:24:34+03:00,1786778674,14199,57,3,30.2,40.8,,run
2026-08-15T10:24:39+03:00,1786778679,14204,57,3,30.2,39.5,,run
2026-08-15T10:24:45+03:00,1786778685,14210,57,3,30.2,40.5,,run
2026-08-15T10:24:50+03:00,1786778690,14215,57,3,30.2,39.5,,run
2026-08-15T10:24:55+03:00,1786778695,14220,57,3,30.2,48.2,,run
2026-08-15T10:25:01+03:00,1786778701,14226,57,3,30.2,41.4,,run
2026-08-15T10:25:06+03:00,1786778706,14231,57,3,30.2,44.2,,run
2026-08-15T10:25:11+03:00,1786778711,14236,57,3,30.2,42.0,,run
2026-08-15T10:25:16+03:00,1786778716,14241,57,3,30.2,39.5,,run
2026-08-15T10:25:21+03:00,1786778721,14246,57,3,30.2,41.7,,run
2026-08-15T10:25:27+03:00,1786778727,14252,57,3,30.2,40.5,,run
2026-08-15T10:25:32+03:00,1786778732,14257,57,3,30.2,39.5,,run
2026-08-15T10:25:37+03:00,1786778737,14262,57,3,30.2,41.4,,run
2026-08-15T10:25:42+03:00,1786778742,14267,57,3,30.2,45.4,,run
2026-08-15T10:25:48+03:00,1786778748,14273,57,3,30.2,40.2,,run
2026-08-15T10:25:53+03:00,1786778753,14278,57,3,30.2,41.7,,run
2026-08-15T10:25:58+03:00,1786778758,14283,57,3,30.2,40.2,,run
2026-08-15T10:26:03+03:00,1786778763,14288,57,3,30.2,39.8,,run
2026-08-15T10:26:09+03:00,1786778769,14294,57,3,30.2,40.5,,run
2026-08-15T10:26:14+03:00,1786778774,14299,57,3,30.2,42.9,,run
2026-08-15T10:26:19+03:00,1786778779,14304,57,3,30.2,41.1,,run
2026-08-15T10:26:24+03:00,1786778784,14309,57,3,30.2,45.4,,run
2026-08-15T10:26:29+03:00,1786778789,14314,57,3,30.2,48.2,,run
2026-08-15T10:26:35+03:00,1786778795,14320,57,3,30.2,42.9,,run
2026-08-15T10:26:40+03:00,1786778800,14325,57,3,30.2,41.4,,run
2026-08-15T10:26:45+03:00,1786778805,14330,57,3,30.2,39.5,,run
2026-08-15T10:26:50+03:00,1786778810,14335,57,3,30.2,40.5,,run
2026-08-15T10:26:56+03:00,1786778816,14341,57,3,30.2,48.8,,run
2026-08-15T10:27:01+03:00,1786778821,14346,57,3,30.2,41.4,,run
2026-08-15T10:27:06+03:00,1786778826,14351,57,3,30.2,40.8,,run
2026-08-15T10:27:12+03:00,1786778832,14357,57,3,30.2,39.2,,run
2026-08-15T10:27:17+03:00,1786778837,14362,57,3,30.2,43.6,,run
2026-08-15T10:27:22+03:00,1786778842,14367,57,3,30.2,39.5,,run
2026-08-15T10:27:27+03:00,1786778847,14372,57,3,30.2,39.5,,run
2026-08-15T10:27:33+03:00,1786778853,14378,57,3,30.2,38.9,,run
2026-08-15T10:27:38+03:00,1786778858,14383,57,3,30.2,41.4,,run
2026-08-15T10:27:43+03:00,1786778863,14388,57,3,30.2,51.0,,run
2026-08-15T10:27:48+03:00,1786778868,14393,57,3,30.2,42.6,,run
2026-08-15T10:27:54+03:00,1786778874,14399,57,3,30.0,42.9,,run
2026-08-15T10:27:59+03:00,1786778879,14404,57,3,30.0,39.8,,run
2026-08-15T10:28:04+03:00,1786778884,14409,57,3,30.0,40.2,,run
2026-08-15T10:28:09+03:00,1786778889,14414,57,3,30.0,39.5,,run
2026-08-15T10:28:14+03:00,1786778894,14419,57,3,30.0,40.8,,run
2026-08-15T10:28:20+03:00,1786778900,14425,57,3,30.0,40.2,,run
2026-08-15T10:28:25+03:00,1786778905,14430,57,3,30.0,41.7,,run
2026-08-15T10:28:30+03:00,1786778910,14435,57,3,30.0,43.9,,run
2026-08-15T10:28:35+03:00,1786778915,14440,57,3,30.0,47.0,,run
2026-08-15T10:28:41+03:00,1786778921,14446,57,3,30.0,43.2,,run
2026-08-15T10:28:46+03:00,1786778926,14451,57,3,30.0,41.1,,run
2026-08-15T10:28:51+03:00,1786778931,14456,57,3,30.0,39.5,,run
2026-08-15T10:28:56+03:00,1786778936,14461,57,3,30.0,48.2,,run
2026-08-15T10:29:02+03:00,1786778942,14467,57,3,30.0,42.3,,run
2026-08-15T10:29:07+03:00,1786778947,14472,56,3,30.1,40.8,,run
2026-08-15T10:29:12+03:00,1786778952,14477,56,3,30.1,40.2,,run
2026-08-15T10:29:18+03:00,1786778958,14483,56,3,30.1,39.2,,run
2026-08-15T10:29:23+03:00,1786778963,14488,56,3,30.1,41.7,,run
2026-08-15T10:29:28+03:00,1786778968,14493,56,3,30.1,39.5,,run
2026-08-15T10:29:33+03:00,1786778973,14498,56,3,30.1,39.5,,run
2026-08-15T10:29:38+03:00,1786778978,14503,56,3,30.1,40.5,,run
2026-08-15T10:29:44+03:00,1786778984,14509,56,3,30.1,49.7,,run
2026-08-15T10:29:49+03:00,1786778989,14514,56,3,30.1,41.7,,run
2026-08-15T10:29:54+03:00,1786778994,14519,56,3,30.1,42.0,,run
2026-08-15T10:29:59+03:00,1786778999,14524,56,3,30.1,46.7,,run
2026-08-15T10:30:05+03:00,1786779005,14530,56,3,30.1,41.4,,run
2026-08-15T10:30:10+03:00,1786779010,14535,56,3,30.1,40.2,,run
2026-08-15T10:30:15+03:00,1786779015,14540,56,3,30.1,39.2,,run
2026-08-15T10:30:20+03:00,1786779020,14545,56,3,30.1,39.2,,run
2026-08-15T10:30:26+03:00,1786779026,14551,56,3,30.1,41.1,,run
2026-08-15T10:30:31+03:00,1786779031,14556,56,3,30.1,41.1,,run
2026-08-15T10:30:36+03:00,1786779036,14561,56,3,30.1,39.2,,run
2026-08-15T10:30:41+03:00,1786779041,14566,56,3,30.1,46.0,,run
2026-08-15T10:30:47+03:00,1786779047,14572,56,3,30.1,42.3,,run
2026-08-15T10:30:52+03:00,1786779052,14577,56,3,30.1,43.9,,run
2026-08-15T10:30:57+03:00,1786779057,14582,56,3,30.1,48.5,,run
2026-08-15T10:31:03+03:00,1786779063,14588,56,3,30.1,42.6,,run
2026-08-15T10:31:08+03:00,1786779068,14593,56,3,30.1,44.5,,run
2026-08-15T10:31:13+03:00,1786779073,14598,56,3,30.1,42.3,,run
2026-08-15T10:31:18+03:00,1786779078,14603,56,3,30.1,41.1,,run
2026-08-15T10:31:23+03:00,1786779083,14608,56,3,30.1,39.2,,run
2026-08-15T10:31:29+03:00,1786779089,14614,56,3,30.1,39.2,,run
2026-08-15T10:31:34+03:00,1786779094,14619,56,3,30.1,40.2,,run
2026-08-15T10:31:39+03:00,1786779099,14624,56,3,30.1,40.5,,run
2026-08-15T10:31:44+03:00,1786779104,14629,56,3,30.1,52.5,,run
2026-08-15T10:31:50+03:00,1786779110,14635,56,3,30.1,40.8,,run
2026-08-15T10:31:55+03:00,1786779115,14640,56,3,30.1,39.8,,run
2026-08-15T10:32:00+03:00,1786779120,14645,56,3,30.1,41.1,,run
2026-08-15T10:32:05+03:00,1786779125,14650,56,3,30.1,41.7,,run
2026-08-15T10:32:11+03:00,1786779131,14656,56,3,30.1,40.5,,run
2026-08-15T10:32:16+03:00,1786779136,14661,56,3,30.1,46.3,,run
2026-08-15T10:32:21+03:00,1786779141,14666,56,3,30.1,40.2,,run
2026-08-15T10:32:26+03:00,1786779146,14671,56,3,30.1,45.4,,run
2026-08-15T10:32:32+03:00,1786779152,14677,56,3,30.1,46.3,,run
2026-08-15T10:32:37+03:00,1786779157,14682,56,3,30.1,44.8,,run
2026-08-15T10:32:42+03:00,1786779162,14687,56,3,30.1,40.8,,run
2026-08-15T10:32:47+03:00,1786779167,14692,56,3,30.1,39.8,,run
2026-08-15T10:32:52+03:00,1786779172,14697,56,3,30.1,41.7,,run
2026-08-15T10:32:58+03:00,1786779178,14703,56,3,30.1,41.4,,run
2026-08-15T10:33:03+03:00,1786779183,14708,56,3,30.1,43.6,,run
2026-08-15T10:33:08+03:00,1786779188,14713,56,3,30.1,41.1,,run
2026-08-15T10:33:13+03:00,1786779193,14718,56,3,30.1,44.2,,run
2026-08-15T10:33:19+03:00,1786779199,14724,56,3,30.1,44.5,,run
2026-08-15T10:33:24+03:00,1786779204,14729,56,3,30.1,51.6,,run
2026-08-15T10:33:29+03:00,1786779209,14734,56,3,30.1,43.2,,run
2026-08-15T10:33:35+03:00,1786779215,14740,56,3,30.1,42.9,,run
2026-08-15T10:33:40+03:00,1786779220,14745,56,3,30.1,42.3,,run
2026-08-15T10:33:45+03:00,1786779225,14750,56,3,30.1,39.8,,run
2026-08-15T10:33:50+03:00,1786779230,14755,56,3,30.1,40.5,,run
2026-08-15T10:33:56+03:00,1786779236,14761,56,3,30.1,45.4,,run
2026-08-15T10:34:01+03:00,1786779241,14766,56,3,30.1,41.1,,run
2026-08-15T10:34:06+03:00,1786779246,14771,56,3,30.1,42.0,,run
2026-08-15T10:34:11+03:00,1786779251,14776,56,3,30.1,43.2,,run
2026-08-15T10:34:16+03:00,1786779256,14781,56,3,30.1,43.9,,run
2026-08-15T10:34:22+03:00,1786779262,14787,56,3,30.1,41.1,,run
2026-08-15T10:34:27+03:00,1786779267,14792,56,3,30.1,39.8,,run
2026-08-15T10:34:32+03:00,1786779272,14797,56,3,30.1,39.5,,run
2026-08-15T10:34:37+03:00,1786779277,14802,56,3,30.1,48.2,,run
2026-08-15T10:34:43+03:00,1786779283,14808,56,3,30.1,53.1,,run
2026-08-15T10:34:48+03:00,1786779288,14813,56,3,30.1,44.5,,run
2026-08-15T10:34:54+03:00,1786779294,14819,56,3,30.1,43.9,,run
2026-08-15T10:34:59+03:00,1786779299,14824,56,3,30.1,40.8,,run
2026-08-15T10:35:04+03:00,1786779304,14829,56,3,30.1,39.8,,run
2026-08-15T10:35:09+03:00,1786779309,14834,56,3,30.1,38.9,,run
2026-08-15T10:35:15+03:00,1786779315,14840,56,3,30.1,39.8,,run
2026-08-15T10:35:20+03:00,1786779320,14845,56,3,30.1,39.2,,run
2026-08-15T10:35:25+03:00,1786779325,14850,56,3,30.1,54.1,,run
2026-08-15T10:35:31+03:00,1786779331,14856,56,3,30.1,49.4,,run
2026-08-15T10:35:36+03:00,1786779336,14861,56,3,30.1,44.8,,run
2026-08-15T10:35:41+03:00,1786779341,14866,56,3,30.1,42.0,,run
2026-08-15T10:35:46+03:00,1786779346,14871,56,3,30.1,42.6,,run
2026-08-15T10:35:52+03:00,1786779352,14877,56,3,30.1,40.8,,run
2026-08-15T10:35:57+03:00,1786779357,14882,56,3,30.1,40.2,,run
2026-08-15T10:36:02+03:00,1786779362,14887,56,3,30.1,40.8,,run
2026-08-15T10:36:07+03:00,1786779367,14892,56,3,30.1,39.2,,run
2026-08-15T10:36:13+03:00,1786779373,14898,56,3,30.1,40.8,,run
2026-08-15T10:36:18+03:00,1786779378,14903,56,3,30.1,42.9,,run
2026-08-15T10:36:23+03:00,1786779383,14908,56,3,30.1,41.1,,run
2026-08-15T10:36:28+03:00,1786779388,14913,56,3,30.1,40.5,,run
2026-08-15T10:36:34+03:00,1786779394,14919,56,3,30.1,40.8,,run
2026-08-15T10:36:39+03:00,1786779399,14924,56,3,30.1,45.1,,run
2026-08-15T10:36:44+03:00,1786779404,14929,56,3,30.1,51.3,,run
2026-08-15T10:36:49+03:00,1786779409,14934,56,3,30.1,46.3,,run
2026-08-15T10:36:54+03:00,1786779414,14939,56,3,30.1,44.5,,run
2026-08-15T10:37:00+03:00,1786779420,14945,56,3,30.1,40.5,,run
2026-08-15T10:37:05+03:00,1786779425,14950,56,3,30.1,45.1,,run
2026-08-15T10:37:10+03:00,1786779430,14955,56,3,30.1,42.3,,run
2026-08-15T10:37:15+03:00,1786779435,14960,56,3,30.1,40.8,,run
2026-08-15T10:37:21+03:00,1786779441,14966,56,3,30.1,40.2,,run
2026-08-15T10:37:26+03:00,1786779446,14971,56,3,30.1,41.1,,run
2026-08-15T10:37:31+03:00,1786779451,14976,56,3,30.1,41.4,,run
2026-08-15T10:37:36+03:00,1786779456,14981,56,3,30.1,47.6,,run
2026-08-15T10:37:41+03:00,1786779461,14986,55,3,30.5,42.0,,run
2026-08-15T10:37:47+03:00,1786779467,14992,55,3,30.5,40.2,,run
2026-08-15T10:37:52+03:00,1786779472,14997,55,3,30.5,41.1,,run
2026-08-15T10:37:57+03:00,1786779477,15002,55,3,30.4,41.4,,run
2026-08-15T10:38:02+03:00,1786779482,15007,55,3,30.4,41.7,,run
2026-08-15T10:38:08+03:00,1786779488,15013,55,3,30.4,40.8,,run
2026-08-15T10:38:13+03:00,1786779493,15018,55,3,30.4,44.8,,run
2026-08-15T10:38:18+03:00,1786779498,15023,55,3,30.4,40.8,,run
2026-08-15T10:38:23+03:00,1786779503,15028,55,3,30.4,50.4,,run
2026-08-15T10:38:29+03:00,1786779509,15034,55,3,30.4,40.5,,run
2026-08-15T10:38:34+03:00,1786779514,15039,55,3,30.4,40.8,,run
2026-08-15T10:38:39+03:00,1786779519,15044,55,3,30.4,38.6,,run
2026-08-15T10:38:45+03:00,1786779525,15050,55,3,30.4,40.2,,run
2026-08-15T10:38:50+03:00,1786779530,15055,55,3,30.4,48.2,,run
2026-08-15T10:38:55+03:00,1786779535,15060,55,3,30.4,45.7,,run
2026-08-15T10:39:00+03:00,1786779540,15065,55,3,30.4,42.0,,run
2026-08-15T10:39:05+03:00,1786779545,15070,55,3,30.4,42.9,,run
2026-08-15T10:39:11+03:00,1786779551,15076,55,3,30.4,45.1,,run
2026-08-15T10:39:16+03:00,1786779556,15081,55,3,30.4,42.3,,run
2026-08-15T10:39:21+03:00,1786779561,15086,55,3,30.4,40.2,,run
2026-08-15T10:39:26+03:00,1786779566,15091,55,3,30.4,41.1,,run
2026-08-15T10:39:32+03:00,1786779572,15097,55,3,30.4,40.5,,run
2026-08-15T10:39:37+03:00,1786779577,15102,55,3,30.4,42.6,,run
2026-08-15T10:39:42+03:00,1786779582,15107,55,3,30.4,47.6,,run
2026-08-15T10:39:47+03:00,1786779587,15112,55,3,30.4,45.4,,run
2026-08-15T10:39:53+03:00,1786779593,15118,55,3,30.4,42.0,,run
2026-08-15T10:39:58+03:00,1786779598,15123,55,3,30.4,41.1,,run
2026-08-15T10:40:03+03:00,1786779603,15128,55,3,30.4,48.5,,run
2026-08-15T10:40:08+03:00,1786779608,15133,55,3,30.4,42.6,,run
2026-08-15T10:40:14+03:00,1786779614,15139,55,3,30.4,41.7,,run
2026-08-15T10:40:19+03:00,1786779619,15144,55,3,30.4,40.8,,run
2026-08-15T10:40:24+03:00,1786779624,15149,55,3,30.4,39.5,,run
2026-08-15T10:40:29+03:00,1786779629,15154,55,3,30.4,38.6,,run
2026-08-15T10:40:35+03:00,1786779635,15160,55,3,30.4,42.3,,run
2026-08-15T10:40:40+03:00,1786779640,15165,55,3,30.4,41.4,,run
2026-08-15T10:40:45+03:00,1786779645,15170,55,3,30.4,40.5,,run
2026-08-15T10:40:50+03:00,1786779650,15175,55,3,30.4,51.0,,run
2026-08-15T10:40:56+03:00,1786779656,15181,55,3,30.4,42.3,,run
2026-08-15T10:41:01+03:00,1786779661,15186,55,3,30.4,45.1,,run
2026-08-15T10:41:06+03:00,1786779666,15191,55,3,30.4,47.3,,run
2026-08-15T10:41:11+03:00,1786779671,15196,55,3,30.4,42.6,,run
2026-08-15T10:41:17+03:00,1786779677,15202,55,3,30.4,43.2,,run
2026-08-15T10:41:22+03:00,1786779682,15207,55,3,30.4,42.0,,run
2026-08-15T10:41:27+03:00,1786779687,15212,55,3,30.4,42.9,,run
2026-08-15T10:41:32+03:00,1786779692,15217,55,3,30.4,42.3,,run
2026-08-15T10:41:37+03:00,1786779697,15222,55,3,30.4,42.6,,run
2026-08-15T10:41:43+03:00,1786779703,15228,55,3,30.4,41.7,,run
2026-08-15T10:41:48+03:00,1786779708,15233,55,3,30.4,43.2,,run
2026-08-15T10:41:53+03:00,1786779713,15238,55,3,30.4,47.6,,run
2026-08-15T10:41:58+03:00,1786779718,15243,55,3,30.4,45.4,,run
2026-08-15T10:42:04+03:00,1786779724,15249,55,3,30.4,44.2,,run
2026-08-15T10:42:09+03:00,1786779729,15254,55,3,30.4,43.6,,run
2026-08-15T10:42:14+03:00,1786779734,15259,55,3,30.4,41.7,,run
2026-08-15T10:42:19+03:00,1786779739,15264,55,3,30.4,39.8,,run
2026-08-15T10:42:24+03:00,1786779744,15269,55,3,30.4,38.6,,run
2026-08-15T10:42:30+03:00,1786779750,15275,55,3,30.4,38.3,,run
2026-08-15T10:42:35+03:00,1786779755,15280,55,3,30.4,41.1,,run
2026-08-15T10:42:40+03:00,1786779760,15285,55,3,30.4,40.2,,run
2026-08-15T10:42:45+03:00,1786779765,15290,55,3,30.4,39.8,,run
2026-08-15T10:42:51+03:00,1786779771,15296,55,3,30.4,52.8,,run
2026-08-15T10:42:56+03:00,1786779776,15301,55,3,30.4,45.4,,run
2026-08-15T10:43:01+03:00,1786779781,15306,55,3,30.4,42.3,,run
2026-08-15T10:43:06+03:00,1786779786,15311,55,3,30.4,41.4,,run
2026-08-15T10:43:12+03:00,1786779792,15317,55,3,30.4,44.2,,run
2026-08-15T10:43:17+03:00,1786779797,15322,55,3,30.4,43.2,,run
2026-08-15T10:43:22+03:00,1786779802,15327,55,3,30.4,42.9,,run
2026-08-15T10:43:27+03:00,1786779807,15332,55,3,30.4,43.9,,run
2026-08-15T10:43:33+03:00,1786779813,15338,55,3,30.4,40.8,,run
2026-08-15T10:43:38+03:00,1786779818,15343,55,3,30.4,41.1,,run
2026-08-15T10:43:43+03:00,1786779823,15348,55,3,30.4,42.3,,run
2026-08-15T10:43:48+03:00,1786779828,15353,55,3,30.4,41.1,,run
2026-08-15T10:43:53+03:00,1786779833,15358,55,3,30.4,40.8,,run
2026-08-15T10:43:59+03:00,1786779839,15364,55,3,30.4,45.1,,run
2026-08-15T10:44:04+03:00,1786779844,15369,55,3,30.4,55.0,,run
2026-08-15T10:44:09+03:00,1786779849,15374,55,3,30.4,51.0,,run
2026-08-15T10:44:14+03:00,1786779854,15379,55,3,30.4,45.7,,run
2026-08-15T10:44:20+03:00,1786779860,15385,55,3,30.4,39.8,,run
2026-08-15T10:44:25+03:00,1786779865,15390,55,3,30.4,40.2,,run
2026-08-15T10:44:30+03:00,1786779870,15395,55,3,30.4,39.2,,run
2026-08-15T10:44:35+03:00,1786779875,15400,55,3,30.4,38.9,,run
2026-08-15T10:44:41+03:00,1786779881,15406,55,3,30.4,38.9,,run
2026-08-15T10:44:46+03:00,1786779886,15411,55,3,30.4,38.6,,run
2026-08-15T10:44:51+03:00,1786779891,15416,55,3,30.4,50.7,,run
2026-08-15T10:44:57+03:00,1786779897,15422,55,3,30.4,43.9,,run
2026-08-15T10:45:02+03:00,1786779902,15427,55,3,30.4,40.5,,run
2026-08-15T10:45:07+03:00,1786779907,15432,55,3,30.4,42.9,,run
2026-08-15T10:45:13+03:00,1786779913,15438,55,3,30.4,41.4,,run
2026-08-15T10:45:18+03:00,1786779918,15443,55,3,30.4,40.2,,run
2026-08-15T10:45:23+03:00,1786779923,15448,55,3,30.4,42.0,,run
2026-08-15T10:45:28+03:00,1786779928,15453,55,3,30.4,45.1,,run
2026-08-15T10:45:33+03:00,1786779933,15458,55,3,30.4,44.2,,run
2026-08-15T10:45:39+03:00,1786779939,15464,55,3,30.4,46.7,,run
2026-08-15T10:45:44+03:00,1786779944,15469,55,3,30.4,42.6,,run
2026-08-15T10:45:49+03:00,1786779949,15474,55,3,30.4,45.4,,run
2026-08-15T10:45:54+03:00,1786779954,15479,55,3,30.4,42.3,,run
2026-08-15T10:46:00+03:00,1786779960,15485,55,3,30.4,40.2,,run
2026-08-15T10:46:05+03:00,1786779965,15490,55,3,30.4,47.3,,run
2026-08-15T10:46:10+03:00,1786779970,15495,55,3,30.4,52.8,,run
2026-08-15T10:46:15+03:00,1786779975,15500,54,3,30.5,48.8,,run
2026-08-15T10:46:21+03:00,1786779981,15506,54,3,30.5,43.2,,run
2026-08-15T10:46:26+03:00,1786779986,15511,54,3,30.5,40.2,,run
2026-08-15T10:46:31+03:00,1786779991,15516,54,3,30.5,42.3,,run
2026-08-15T10:46:36+03:00,1786779996,15521,54,3,30.5,45.1,,run
2026-08-15T10:46:42+03:00,1786780002,15527,54,3,30.5,41.7,,run
2026-08-15T10:46:47+03:00,1786780007,15532,54,3,30.5,41.7,,run
2026-08-15T10:46:52+03:00,1786780012,15537,54,3,30.5,40.5,,run
2026-08-15T10:46:57+03:00,1786780017,15542,54,3,30.5,41.7,,run
2026-08-15T10:47:03+03:00,1786780023,15548,54,3,30.5,42.0,,run
2026-08-15T10:47:08+03:00,1786780028,15553,54,3,30.5,42.6,,run
2026-08-15T10:47:13+03:00,1786780033,15558,54,3,30.5,40.5,,run
2026-08-15T10:47:18+03:00,1786780038,15563,54,3,30.5,40.8,,run
2026-08-15T10:47:23+03:00,1786780043,15568,54,3,30.5,39.5,,run
2026-08-15T10:47:29+03:00,1786780049,15574,54,3,30.5,40.5,,run
2026-08-15T10:47:34+03:00,1786780054,15579,54,3,30.5,46.0,,run
2026-08-15T10:47:39+03:00,1786780059,15584,54,3,30.5,43.2,,run
2026-08-15T10:47:44+03:00,1786780064,15589,54,3,30.5,41.4,,run
2026-08-15T10:47:50+03:00,1786780070,15595,54,3,30.5,51.0,,run
2026-08-15T10:47:55+03:00,1786780075,15600,54,3,30.4,45.1,,run
2026-08-15T10:48:00+03:00,1786780080,15605,54,3,30.4,42.3,,run
2026-08-15T10:48:06+03:00,1786780086,15611,54,3,30.4,47.0,,run
2026-08-15T10:48:11+03:00,1786780091,15616,54,3,30.4,40.2,,run
2026-08-15T10:48:16+03:00,1786780096,15621,54,3,30.4,39.5,,run
2026-08-15T10:48:21+03:00,1786780101,15626,54,3,30.4,39.2,,run
2026-08-15T10:48:27+03:00,1786780107,15632,54,3,30.4,40.8,,run
2026-08-15T10:48:32+03:00,1786780112,15637,54,3,30.4,49.7,,run
2026-08-15T10:48:38+03:00,1786780118,15643,54,3,30.4,49.1,,run
2026-08-15T10:48:43+03:00,1786780123,15648,54,3,30.4,43.6,,run
2026-08-15T10:48:48+03:00,1786780128,15653,54,3,30.4,42.0,,run
2026-08-15T10:48:53+03:00,1786780133,15658,54,3,30.4,42.9,,run
2026-08-15T10:48:59+03:00,1786780139,15664,54,3,30.4,42.3,,run
2026-08-15T10:49:04+03:00,1786780144,15669,54,3,30.4,42.3,,run
2026-08-15T10:49:09+03:00,1786780149,15674,54,3,30.4,40.8,,run
2026-08-15T10:49:14+03:00,1786780154,15679,54,3,30.4,41.1,,run
2026-08-15T10:49:20+03:00,1786780160,15685,54,3,30.4,41.4,,run
2026-08-15T10:49:25+03:00,1786780165,15690,54,3,30.4,48.5,,run
2026-08-15T10:49:30+03:00,1786780170,15695,54,3,30.4,42.9,,run
2026-08-15T10:49:35+03:00,1786780175,15700,54,3,30.4,42.3,,run
2026-08-15T10:49:40+03:00,1786780180,15705,54,3,30.4,40.5,,run
2026-08-15T10:49:46+03:00,1786780186,15711,54,3,30.4,39.8,,run
2026-08-15T10:49:51+03:00,1786780191,15716,54,3,30.4,51.6,,run
2026-08-15T10:49:56+03:00,1786780196,15721,54,3,30.4,44.5,,run
2026-08-15T10:50:02+03:00,1786780202,15727,54,3,30.4,41.1,,run
2026-08-15T10:50:07+03:00,1786780207,15732,54,3,30.4,42.9,,run
2026-08-15T10:50:12+03:00,1786780212,15737,54,3,30.4,42.3,,run
2026-08-15T10:50:17+03:00,1786780217,15742,54,3,30.4,41.7,,run
2026-08-15T10:50:23+03:00,1786780223,15748,54,3,30.4,40.2,,run
2026-08-15T10:50:28+03:00,1786780228,15753,54,3,30.4,40.2,,run
2026-08-15T10:50:33+03:00,1786780233,15758,54,3,30.4,51.3,,run
2026-08-15T10:50:39+03:00,1786780239,15764,54,3,30.4,43.2,,run
2026-08-15T10:50:44+03:00,1786780244,15769,54,3,30.4,42.0,,run
2026-08-15T10:50:49+03:00,1786780249,15774,54,3,30.4,41.1,,run
2026-08-15T10:50:55+03:00,1786780255,15780,54,3,30.4,40.8,,run
2026-08-15T10:51:00+03:00,1786780260,15785,54,3,30.4,41.7,,run
2026-08-15T10:51:05+03:00,1786780265,15790,54,3,30.4,40.8,,run
2026-08-15T10:51:10+03:00,1786780270,15795,54,3,30.4,41.1,,run
2026-08-15T10:51:16+03:00,1786780276,15801,54,3,30.4,41.7,,run
2026-08-15T10:51:21+03:00,1786780281,15806,54,3,30.4,40.8,,run
2026-08-15T10:51:26+03:00,1786780286,15811,54,3,30.4,44.2,,run
2026-08-15T10:51:31+03:00,1786780291,15816,54,3,30.4,44.2,,run
2026-08-15T10:51:36+03:00,1786780296,15821,54,3,30.4,40.8,,run
2026-08-15T10:51:42+03:00,1786780302,15827,54,3,30.4,42.6,,run
2026-08-15T10:51:47+03:00,1786780307,15832,54,3,30.4,45.7,,run
2026-08-15T10:51:52+03:00,1786780312,15837,54,3,30.4,51.9,,run
2026-08-15T10:51:58+03:00,1786780318,15843,54,3,30.4,51.9,,run
2026-08-15T10:52:03+03:00,1786780323,15848,54,3,30.4,40.8,,run
2026-08-15T10:52:08+03:00,1786780328,15853,54,3,30.4,39.5,,run
2026-08-15T10:52:13+03:00,1786780333,15858,54,3,30.4,39.8,,run
2026-08-15T10:52:18+03:00,1786780338,15863,54,3,30.4,38.6,,run
2026-08-15T10:52:24+03:00,1786780344,15869,54,3,30.4,38.9,,run
2026-08-15T10:52:29+03:00,1786780349,15874,54,3,30.4,40.5,,run
2026-08-15T10:52:34+03:00,1786780354,15879,54,3,30.4,51.9,,run
2026-08-15T10:52:40+03:00,1786780360,15885,54,3,30.4,42.9,,run
2026-08-15T10:52:45+03:00,1786780365,15890,54,3,30.4,41.1,,run
2026-08-15T10:52:50+03:00,1786780370,15895,54,3,30.4,42.0,,run
2026-08-15T10:52:56+03:00,1786780376,15901,54,3,30.4,42.0,,run
2026-08-15T10:53:01+03:00,1786780381,15906,54,3,30.4,40.5,,run
2026-08-15T10:53:06+03:00,1786780386,15911,54,3,30.4,40.8,,run
2026-08-15T10:53:11+03:00,1786780391,15916,54,3,30.4,39.8,,run
2026-08-15T10:53:16+03:00,1786780396,15921,54,3,30.4,44.2,,run
2026-08-15T10:53:22+03:00,1786780402,15927,54,3,30.4,44.2,,run
2026-08-15T10:53:27+03:00,1786780407,15932,54,3,30.4,42.9,,run
2026-08-15T10:53:32+03:00,1786780412,15937,54,3,30.4,40.8,,run
2026-08-15T10:53:37+03:00,1786780417,15942,54,3,30.4,40.5,,run
2026-08-15T10:53:43+03:00,1786780423,15948,54,3,30.4,40.8,,run
2026-08-15T10:53:48+03:00,1786780428,15953,54,3,30.4,50.7,,run
2026-08-15T10:53:53+03:00,1786780433,15958,54,3,30.4,53.5,,run
2026-08-15T10:53:58+03:00,1786780438,15963,54,3,30.4,49.4,,run
2026-08-15T10:54:04+03:00,1786780444,15969,54,3,30.4,41.4,,run
2026-08-15T10:54:09+03:00,1786780449,15974,54,3,30.4,40.2,,run
2026-08-15T10:54:14+03:00,1786780454,15979,54,3,30.4,42.6,,run
2026-08-15T10:54:19+03:00,1786780459,15984,54,3,30.4,45.1,,run
2026-08-15T10:54:25+03:00,1786780465,15990,54,3,30.4,40.8,,run
2026-08-15T10:54:30+03:00,1786780470,15995,54,3,30.4,41.1,,run
2026-08-15T10:54:35+03:00,1786780475,16000,54,3,30.4,40.5,,run
2026-08-15T10:54:40+03:00,1786780480,16005,54,3,30.4,40.2,,run
2026-08-15T10:54:46+03:00,1786780486,16011,54,3,30.4,42.6,,run
2026-08-15T10:54:51+03:00,1786780491,16016,54,3,30.4,43.2,,run
2026-08-15T10:54:56+03:00,1786780496,16021,54,3,30.4,40.2,,run
2026-08-15T10:55:01+03:00,1786780501,16026,54,3,30.4,39.8,,run
2026-08-15T10:55:07+03:00,1786780507,16032,54,3,30.4,46.0,,run
2026-08-15T10:55:12+03:00,1786780512,16037,54,3,30.4,41.4,,run
2026-08-15T10:55:17+03:00,1786780517,16042,54,3,30.4,40.2,,run
2026-08-15T10:55:22+03:00,1786780522,16047,54,3,30.4,42.0,,run
2026-08-15T10:55:28+03:00,1786780528,16053,54,3,30.4,41.1,,run
2026-08-15T10:55:33+03:00,1786780533,16058,54,3,30.4,50.7,,run
2026-08-15T10:55:38+03:00,1786780538,16063,54,3,30.4,41.1,,run
2026-08-15T10:55:44+03:00,1786780544,16069,54,3,30.4,41.4,,run
2026-08-15T10:55:49+03:00,1786780549,16074,54,3,30.4,39.5,,run
2026-08-15T10:55:54+03:00,1786780554,16079,53,3,30.5,45.1,,run
2026-08-15T10:55:59+03:00,1786780559,16084,53,3,30.5,42.0,,run
2026-08-15T10:56:04+03:00,1786780564,16089,53,3,30.5,40.5,,run
2026-08-15T10:56:10+03:00,1786780570,16095,53,3,30.5,44.2,,run
2026-08-15T10:56:15+03:00,1786780575,16100,53,3,30.5,47.9,,run
2026-08-15T10:56:20+03:00,1786780580,16105,53,3,30.5,45.4,,run
2026-08-15T10:56:26+03:00,1786780586,16111,53,3,30.5,44.5,,run
2026-08-15T10:56:31+03:00,1786780591,16116,53,3,30.5,42.3,,run
2026-08-15T10:56:36+03:00,1786780596,16121,53,3,30.5,41.1,,run
2026-08-15T10:56:41+03:00,1786780601,16126,53,3,30.5,41.4,,run
2026-08-15T10:56:47+03:00,1786780607,16132,53,3,30.5,40.5,,run
2026-08-15T10:56:52+03:00,1786780612,16137,53,3,30.5,42.6,,run
2026-08-15T10:56:57+03:00,1786780617,16142,53,3,30.5,41.7,,run
2026-08-15T10:57:02+03:00,1786780622,16147,53,3,30.5,42.9,,run
2026-08-15T10:57:08+03:00,1786780628,16153,53,3,30.5,40.8,,run
2026-08-15T10:57:13+03:00,1786780633,16158,53,3,30.5,46.7,,run
2026-08-15T10:57:18+03:00,1786780638,16163,53,3,30.5,46.0,,run
2026-08-15T10:57:23+03:00,1786780643,16168,53,3,30.5,42.0,,run
2026-08-15T10:57:28+03:00,1786780648,16173,53,3,30.5,41.7,,run
2026-08-15T10:57:34+03:00,1786780654,16179,53,3,30.5,52.2,,run
2026-08-15T10:57:39+03:00,1786780659,16184,53,3,30.5,40.8,,run
2026-08-15T10:57:45+03:00,1786780665,16190,53,3,30.5,41.7,,run
2026-08-15T10:57:50+03:00,1786780670,16195,53,3,30.5,39.5,,run
2026-08-15T10:57:55+03:00,1786780675,16200,53,3,30.5,38.9,,run
2026-08-15T10:58:00+03:00,1786780680,16205,53,3,30.5,41.1,,run
2026-08-15T10:58:06+03:00,1786780686,16211,53,3,30.5,43.6,,run
2026-08-15T10:58:11+03:00,1786780691,16216,53,3,30.5,41.4,,run
2026-08-15T10:58:16+03:00,1786780696,16221,53,3,30.5,39.5,,run
2026-08-15T10:58:21+03:00,1786780701,16226,53,3,30.5,51.6,,run
2026-08-15T10:58:27+03:00,1786780707,16232,53,3,30.5,44.5,,run
2026-08-15T10:58:32+03:00,1786780712,16237,53,3,30.5,42.0,,run
2026-08-15T10:58:37+03:00,1786780717,16242,53,3,30.5,40.5,,run
2026-08-15T10:58:42+03:00,1786780722,16247,53,3,30.5,41.1,,run
2026-08-15T10:58:47+03:00,1786780727,16252,53,3,30.5,42.0,,run
2026-08-15T10:58:53+03:00,1786780733,16258,53,3,30.5,39.8,,run
2026-08-15T10:58:58+03:00,1786780738,16263,53,3,30.5,40.2,,run
2026-08-15T10:59:03+03:00,1786780743,16268,53,3,30.5,39.5,,run
2026-08-15T10:59:08+03:00,1786780748,16273,53,3,30.5,39.5,,run
2026-08-15T10:59:14+03:00,1786780754,16279,53,3,30.5,43.6,,run
2026-08-15T10:59:19+03:00,1786780759,16284,53,3,30.5,46.0,,run
2026-08-15T10:59:24+03:00,1786780764,16289,53,3,30.5,49.1,,run
2026-08-15T10:59:29+03:00,1786780769,16294,53,3,30.5,43.2,,run
2026-08-15T10:59:35+03:00,1786780775,16300,53,3,30.5,49.4,,run
2026-08-15T10:59:40+03:00,1786780780,16305,53,3,30.5,47.0,,run
2026-08-15T10:59:45+03:00,1786780785,16310,53,3,30.5,40.8,,end
