iso_ts,epoch,elapsed_s,batt_level,batt_status,batt_temp_c,soc_temp_c,current_ma,event
2026-07-29T03:43:56+03:00,1785285836,0,84,3,32.3,53.5,,run
2026-07-29T03:44:01+03:00,1785285841,5,83,3,32.3,50.1,,run
2026-07-29T03:44:06+03:00,1785285846,10,83,3,32.3,49.4,,run
2026-07-29T03:44:11+03:00,1785285851,15,83,3,32.3,45.7,,run
2026-07-29T03:44:17+03:00,1785285857,21,83,3,32.3,47.6,,run
2026-07-29T03:44:22+03:00,1785285862,26,83,3,32.3,45.1,,run
2026-07-29T03:44:27+03:00,1785285867,31,83,3,32.3,42.3,,run
2026-07-29T03:44:32+03:00,1785285872,36,83,3,32.3,52.5,,run
2026-07-29T03:44:38+03:00,1785285878,42,83,3,32.3,46.0,,run
2026-07-29T03:44:43+03:00,1785285883,47,83,3,32.3,47.0,,run
2026-07-29T03:44:48+03:00,1785285888,52,83,3,32.3,48.5,,run
2026-07-29T03:44:54+03:00,1785285894,58,83,3,32.3,42.6,,run
2026-07-29T03:44:59+03:00,1785285899,63,83,3,32.3,41.4,,run
2026-07-29T03:45:04+03:00,1785285904,68,83,3,32.3,44.5,,run
2026-07-29T03:45:09+03:00,1785285909,73,83,3,32.3,47.0,,run
2026-07-29T03:45:15+03:00,1785285915,79,83,3,32.3,46.3,,run
2026-07-29T03:45:20+03:00,1785285920,84,83,3,32.3,43.2,,run
2026-07-29T03:45:25+03:00,1785285925,89,83,3,32.3,42.6,,run
2026-07-29T03:45:30+03:00,1785285930,94,83,3,32.3,41.1,,run
2026-07-29T03:45:36+03:00,1785285936,100,83,3,32.3,41.7,,run
2026-07-29T03:45:41+03:00,1785285941,105,83,3,32.3,41.7,,run
2026-07-29T03:45:46+03:00,1785285946,110,83,3,32.3,41.1,,run
2026-07-29T03:45:51+03:00,1785285951,115,83,3,32.3,51.9,,run
2026-07-29T03:45:57+03:00,1785285957,121,83,3,32.3,46.3,,run
2026-07-29T03:46:02+03:00,1785285962,126,83,3,32.3,45.7,,run
2026-07-29T03:46:07+03:00,1785285967,131,83,3,32.3,45.7,,run
2026-07-29T03:46:13+03:00,1785285973,137,83,3,32.3,46.0,,run
2026-07-29T03:46:18+03:00,1785285978,142,83,3,32.3,42.0,,run
2026-07-29T03:46:23+03:00,1785285983,147,83,3,32.3,43.2,,run
2026-07-29T03:46:28+03:00,1785285988,152,83,3,32.3,45.4,,run
2026-07-29T03:46:34+03:00,1785285994,158,83,3,32.3,43.9,,run
2026-07-29T03:46:39+03:00,1785285999,163,83,3,32.3,45.1,,run
2026-07-29T03:46:44+03:00,1785286004,168,83,3,32.3,42.0,,run
2026-07-29T03:46:50+03:00,1785286010,174,83,3,32.3,42.3,,run
2026-07-29T03:46:55+03:00,1785286015,179,83,3,32.3,46.3,,run
2026-07-29T03:47:00+03:00,1785286020,184,83,3,32.3,46.0,,run
2026-07-29T03:47:05+03:00,1785286025,189,83,3,32.3,42.9,,run
2026-07-29T03:47:11+03:00,1785286031,195,83,3,32.3,42.0,,run
2026-07-29T03:47:16+03:00,1785286036,200,83,3,32.3,43.6,,run
2026-07-29T03:47:21+03:00,1785286041,205,83,3,32.3,45.1,,run
2026-07-29T03:47:26+03:00,1785286046,210,83,3,32.3,43.2,,run
2026-07-29T03:47:32+03:00,1785286052,216,83,3,32.3,42.6,,run
2026-07-29T03:47:37+03:00,1785286057,221,83,3,32.3,40.8,,run
2026-07-29T03:47:42+03:00,1785286062,226,83,3,32.3,41.4,,run
2026-07-29T03:47:47+03:00,1785286067,231,83,3,32.3,40.2,,run
2026-07-29T03:47:53+03:00,1785286073,237,83,3,32.3,53.1,,run
2026-07-29T03:47:58+03:00,1785286078,242,83,3,32.3,41.4,,run
2026-07-29T03:48:04+03:00,1785286084,248,83,3,32.3,42.0,,run
2026-07-29T03:48:09+03:00,1785286089,253,83,3,32.3,42.0,,run
2026-07-29T03:48:14+03:00,1785286094,258,83,3,32.3,45.4,,run
2026-07-29T03:48:19+03:00,1785286099,263,83,3,32.3,47.9,,run
2026-07-29T03:48:25+03:00,1785286105,269,83,3,32.3,43.6,,run
2026-07-29T03:48:30+03:00,1785286110,274,83,3,32.3,41.7,,run
2026-07-29T03:48:35+03:00,1785286115,279,83,3,32.3,40.8,,run
2026-07-29T03:48:40+03:00,1785286120,284,83,3,32.3,51.9,,run
2026-07-29T03:48:46+03:00,1785286126,290,83,3,32.3,43.9,,run
2026-07-29T03:48:51+03:00,1785286131,295,83,3,32.3,41.7,,run
2026-07-29T03:48:56+03:00,1785286136,300,83,3,32.3,42.3,,run
2026-07-29T03:49:02+03:00,1785286142,306,83,3,32.3,42.0,,run
2026-07-29T03:49:07+03:00,1785286147,311,83,3,32.3,46.0,,run
2026-07-29T03:49:12+03:00,1785286152,316,83,3,32.3,44.2,,run
2026-07-29T03:49:17+03:00,1785286157,321,83,3,32.3,43.6,,run
2026-07-29T03:49:23+03:00,1785286163,327,83,3,32.3,43.6,,run
2026-07-29T03:49:28+03:00,1785286168,332,83,3,32.3,41.7,,run
2026-07-29T03:49:33+03:00,1785286173,337,83,3,32.3,42.0,,run
2026-07-29T03:49:38+03:00,1785286178,342,83,3,32.3,45.1,,run
2026-07-29T03:49:44+03:00,1785286184,348,83,3,32.3,41.7,,run
2026-07-29T03:49:49+03:00,1785286189,353,83,3,32.3,41.4,,run
2026-07-29T03:49:54+03:00,1785286194,358,83,3,32.3,45.7,,run
2026-07-29T03:49:59+03:00,1785286199,363,83,3,32.3,47.0,,run
2026-07-29T03:50:05+03:00,1785286205,369,83,3,32.3,43.9,,run
2026-07-29T03:50:10+03:00,1785286210,374,83,3,32.3,40.5,,run
2026-07-29T03:50:15+03:00,1785286215,379,83,3,32.3,42.9,,run
2026-07-29T03:50:21+03:00,1785286221,385,83,3,32.3,39.5,,run
2026-07-29T03:50:26+03:00,1785286226,390,83,3,32.3,46.0,,run
2026-07-29T03:50:31+03:00,1785286231,395,83,3,32.3,45.1,,run
2026-07-29T03:50:36+03:00,1785286236,400,83,3,32.3,42.0,,run
2026-07-29T03:50:42+03:00,1785286242,406,83,3,32.3,51.6,,run
2026-07-29T03:50:47+03:00,1785286247,411,83,3,32.3,43.6,,run
2026-07-29T03:50:53+03:00,1785286253,417,83,3,32.3,43.6,,run
2026-07-29T03:50:58+03:00,1785286258,422,83,3,32.3,44.8,,run
2026-07-29T03:51:03+03:00,1785286263,427,83,3,32.3,42.0,,run
2026-07-29T03:51:08+03:00,1785286268,432,83,3,32.3,41.1,,run
2026-07-29T03:51:14+03:00,1785286274,438,83,3,32.3,44.2,,run
2026-07-29T03:51:19+03:00,1785286279,443,83,3,32.3,47.0,,run
2026-07-29T03:51:24+03:00,1785286284,448,83,3,32.3,43.2,,run
2026-07-29T03:51:29+03:00,1785286289,453,83,3,32.3,42.0,,run
2026-07-29T03:51:35+03:00,1785286295,459,83,3,32.3,41.4,,run
2026-07-29T03:51:40+03:00,1785286300,464,83,3,32.3,42.0,,run
2026-07-29T03:51:45+03:00,1785286305,469,83,3,32.3,42.6,,run
2026-07-29T03:51:50+03:00,1785286310,474,83,3,32.3,45.4,,run
2026-07-29T03:51:56+03:00,1785286316,480,83,3,32.3,48.8,,run
2026-07-29T03:52:01+03:00,1785286321,485,83,3,32.3,51.6,,run
2026-07-29T03:52:06+03:00,1785286326,490,83,3,32.3,45.4,,run
2026-07-29T03:52:12+03:00,1785286332,496,83,3,32.3,40.5,,run
2026-07-29T03:52:17+03:00,1785286337,501,83,3,32.3,40.8,,run
2026-07-29T03:52:22+03:00,1785286342,506,83,3,32.3,39.5,,run
2026-07-29T03:52:27+03:00,1785286347,511,83,3,32.3,39.5,,run
2026-07-29T03:52:33+03:00,1785286353,517,83,3,32.3,43.9,,run
2026-07-29T03:52:38+03:00,1785286358,522,83,3,32.3,43.2,,run
2026-07-29T03:52:43+03:00,1785286363,527,83,3,32.3,42.9,,run
2026-07-29T03:52:49+03:00,1785286369,533,83,3,32.3,46.7,,run
2026-07-29T03:52:54+03:00,1785286374,538,83,3,32.3,42.3,,run
2026-07-29T03:52:59+03:00,1785286379,543,83,3,32.3,41.4,,run
2026-07-29T03:53:04+03:00,1785286384,548,83,3,32.3,42.0,,run
2026-07-29T03:53:10+03:00,1785286390,554,83,3,32.3,42.9,,run
2026-07-29T03:53:15+03:00,1785286395,559,83,3,32.3,46.0,,run
2026-07-29T03:53:20+03:00,1785286400,564,83,3,32.3,43.6,,run
2026-07-29T03:53:25+03:00,1785286405,569,83,3,32.3,46.7,,run
2026-07-29T03:53:31+03:00,1785286411,575,83,3,32.3,47.0,,run
2026-07-29T03:53:36+03:00,1785286416,580,83,3,32.3,41.4,,run
2026-07-29T03:53:41+03:00,1785286421,585,83,3,32.3,41.1,,run
2026-07-29T03:53:46+03:00,1785286426,590,83,3,32.3,40.2,,run
2026-07-29T03:53:52+03:00,1785286432,596,83,3,32.3,41.4,,run
2026-07-29T03:53:57+03:00,1785286437,601,83,3,31.8,40.2,,run
2026-07-29T03:54:02+03:00,1785286442,606,83,3,31.8,54.1,,run
2026-07-29T03:54:08+03:00,1785286448,612,83,3,31.8,46.7,,run
2026-07-29T03:54:13+03:00,1785286453,617,83,3,31.8,42.3,,run
2026-07-29T03:54:18+03:00,1785286458,622,83,3,31.8,39.8,,run
2026-07-29T03:54:24+03:00,1785286464,628,83,3,31.8,40.2,,run
2026-07-29T03:54:29+03:00,1785286469,633,83,3,31.8,39.5,,run
2026-07-29T03:54:34+03:00,1785286474,638,83,3,31.8,40.5,,run
2026-07-29T03:54:40+03:00,1785286480,644,83,3,31.8,40.5,,run
2026-07-29T03:54:45+03:00,1785286485,649,83,3,31.8,45.1,,run
2026-07-29T03:54:50+03:00,1785286490,654,83,3,31.8,53.5,,run
2026-07-29T03:54:56+03:00,1785286496,660,83,3,31.8,44.2,,run
2026-07-29T03:55:01+03:00,1785286501,665,83,3,31.8,42.3,,run
2026-07-29T03:55:07+03:00,1785286507,671,83,3,31.8,41.4,,run
2026-07-29T03:55:12+03:00,1785286512,676,83,3,31.8,42.6,,run
2026-07-29T03:55:17+03:00,1785286517,681,83,3,31.8,42.9,,run
2026-07-29T03:55:22+03:00,1785286522,686,83,3,31.8,42.3,,run
2026-07-29T03:55:28+03:00,1785286528,692,83,3,31.8,40.5,,run
2026-07-29T03:55:33+03:00,1785286533,697,83,3,31.8,43.6,,run
2026-07-29T03:55:38+03:00,1785286538,702,83,3,31.8,49.1,,run
2026-07-29T03:55:43+03:00,1785286543,707,83,3,31.8,42.9,,run
2026-07-29T03:55:49+03:00,1785286549,713,83,3,31.8,41.7,,run
2026-07-29T03:55:54+03:00,1785286554,718,83,3,31.8,41.1,,run
2026-07-29T03:55:59+03:00,1785286559,723,83,3,31.8,41.1,,run
2026-07-29T03:56:04+03:00,1785286564,728,83,3,31.8,49.7,,run
2026-07-29T03:56:10+03:00,1785286570,734,83,3,31.8,50.7,,run
2026-07-29T03:56:15+03:00,1785286575,739,83,3,31.8,43.6,,run
2026-07-29T03:56:20+03:00,1785286580,744,83,3,31.8,47.3,,run
2026-07-29T03:56:25+03:00,1785286585,749,83,3,31.8,40.5,,run
2026-07-29T03:56:31+03:00,1785286591,755,83,3,31.8,40.2,,run
2026-07-29T03:56:36+03:00,1785286596,760,83,3,31.8,40.2,,run
2026-07-29T03:56:41+03:00,1785286601,765,83,3,31.8,39.2,,run
2026-07-29T03:56:46+03:00,1785286606,770,83,3,31.8,39.5,,run
2026-07-29T03:56:52+03:00,1785286612,776,83,3,31.8,50.4,,run
2026-07-29T03:56:58+03:00,1785286618,782,83,3,31.8,48.5,,run
2026-07-29T03:57:03+03:00,1785286623,787,83,3,31.8,47.9,,run
2026-07-29T03:57:08+03:00,1785286628,792,83,3,31.8,42.9,,run
2026-07-29T03:57:13+03:00,1785286633,797,83,3,31.8,43.6,,run
2026-07-29T03:57:19+03:00,1785286639,803,83,3,31.8,43.6,,run
2026-07-29T03:57:24+03:00,1785286644,808,83,3,31.8,42.0,,run
2026-07-29T03:57:29+03:00,1785286649,813,83,3,31.8,41.4,,run
2026-07-29T03:57:34+03:00,1785286654,818,83,3,31.8,41.7,,run
2026-07-29T03:57:40+03:00,1785286660,824,83,3,31.8,40.8,,run
2026-07-29T03:57:45+03:00,1785286665,829,83,3,31.8,43.9,,run
2026-07-29T03:57:50+03:00,1785286670,834,83,3,31.8,46.0,,run
2026-07-29T03:57:55+03:00,1785286675,839,82,3,31.9,42.9,,run
2026-07-29T03:58:01+03:00,1785286681,845,82,3,31.9,41.1,,run
2026-07-29T03:58:06+03:00,1785286686,850,82,3,31.9,42.3,,run
2026-07-29T03:58:11+03:00,1785286691,855,82,3,31.9,50.4,,run
2026-07-29T03:58:16+03:00,1785286696,860,82,3,31.9,43.6,,run
2026-07-29T03:58:22+03:00,1785286702,866,82,3,31.9,40.2,,run
2026-07-29T03:58:27+03:00,1785286707,871,82,3,31.9,40.2,,run
2026-07-29T03:58:32+03:00,1785286712,876,82,3,31.9,40.5,,run
2026-07-29T03:58:38+03:00,1785286718,882,82,3,31.9,43.9,,run
2026-07-29T03:58:43+03:00,1785286723,887,82,3,31.9,42.3,,run
2026-07-29T03:58:48+03:00,1785286728,892,82,3,31.9,46.0,,run
2026-07-29T03:58:53+03:00,1785286733,897,82,3,31.9,51.3,,run
2026-07-29T03:58:59+03:00,1785286739,903,82,3,31.9,42.9,,run
2026-07-29T03:59:04+03:00,1785286744,908,82,3,31.9,47.0,,run
2026-07-29T03:59:10+03:00,1785286750,914,82,3,31.9,47.3,,run
2026-07-29T03:59:15+03:00,1785286755,919,82,3,31.9,43.6,,run
2026-07-29T03:59:20+03:00,1785286760,924,82,3,31.9,42.0,,run
2026-07-29T03:59:25+03:00,1785286765,929,82,3,31.9,41.4,,run
2026-07-29T03:59:31+03:00,1785286771,935,82,3,31.9,40.5,,run
2026-07-29T03:59:36+03:00,1785286776,940,82,3,31.9,40.5,,run
2026-07-29T03:59:41+03:00,1785286781,945,82,3,31.9,41.7,,run
2026-07-29T03:59:46+03:00,1785286786,950,82,3,31.9,42.6,,run
2026-07-29T03:59:52+03:00,1785286792,956,82,3,31.9,45.4,,run
2026-07-29T03:59:57+03:00,1785286797,961,82,3,31.9,47.0,,run
2026-07-29T04:00:02+03:00,1785286802,966,82,3,31.9,42.0,,run
2026-07-29T04:00:07+03:00,1785286807,971,82,3,31.9,53.8,,run
2026-07-29T04:00:13+03:00,1785286813,977,82,3,31.9,51.3,,run
2026-07-29T04:00:18+03:00,1785286818,982,82,3,31.9,47.3,,run
2026-07-29T04:00:23+03:00,1785286823,987,82,3,31.9,41.1,,run
2026-07-29T04:00:29+03:00,1785286829,993,82,3,31.9,40.5,,run
2026-07-29T04:00:34+03:00,1785286834,998,82,3,31.9,40.2,,run
2026-07-29T04:00:39+03:00,1785286839,1003,82,3,31.9,39.2,,run
2026-07-29T04:00:44+03:00,1785286844,1008,82,3,31.9,39.5,,run
2026-07-29T04:00:50+03:00,1785286850,1014,82,3,31.9,39.5,,run
2026-07-29T04:00:55+03:00,1785286855,1019,82,3,31.9,53.5,,run
2026-07-29T04:01:00+03:00,1785286860,1024,82,3,31.9,44.2,,run
2026-07-29T04:01:06+03:00,1785286866,1030,82,3,31.9,42.0,,run
2026-07-29T04:01:11+03:00,1785286871,1035,82,3,31.9,44.8,,run
2026-07-29T04:01:16+03:00,1785286876,1040,82,3,31.9,45.1,,run
2026-07-29T04:01:21+03:00,1785286881,1045,82,3,31.9,42.3,,run
2026-07-29T04:01:27+03:00,1785286887,1051,82,3,31.9,41.7,,run
2026-07-29T04:01:32+03:00,1785286892,1056,82,3,31.9,41.1,,run
2026-07-29T04:01:37+03:00,1785286897,1061,82,3,31.9,39.8,,run
2026-07-29T04:01:42+03:00,1785286902,1066,82,3,31.9,41.4,,run
2026-07-29T04:01:48+03:00,1785286908,1072,82,3,31.9,40.8,,run
2026-07-29T04:01:53+03:00,1785286913,1077,82,3,31.9,44.5,,run
2026-07-29T04:01:58+03:00,1785286918,1082,82,3,31.9,45.1,,run
2026-07-29T04:02:03+03:00,1785286923,1087,82,3,31.9,46.0,,run
2026-07-29T04:02:09+03:00,1785286929,1093,82,3,31.9,48.8,,run
2026-07-29T04:02:14+03:00,1785286934,1098,82,3,31.9,50.1,,run
2026-07-29T04:02:19+03:00,1785286939,1103,82,3,31.9,46.7,,run
2026-07-29T04:02:24+03:00,1785286944,1108,82,3,31.9,41.4,,run
2026-07-29T04:02:30+03:00,1785286950,1114,82,3,31.9,41.1,,run
2026-07-29T04:02:35+03:00,1785286955,1119,82,3,31.9,40.8,,run
2026-07-29T04:02:40+03:00,1785286960,1124,82,3,31.9,39.8,,run
2026-07-29T04:02:46+03:00,1785286966,1130,82,3,31.9,40.2,,run
2026-07-29T04:02:51+03:00,1785286971,1135,82,3,31.9,40.2,,run
2026-07-29T04:02:56+03:00,1785286976,1140,82,3,31.9,52.5,,run
2026-07-29T04:03:01+03:00,1785286981,1145,82,3,31.9,42.3,,run
2026-07-29T04:03:07+03:00,1785286987,1151,82,3,31.9,49.1,,run
2026-07-29T04:03:12+03:00,1785286992,1156,82,3,31.9,42.0,,run
2026-07-29T04:03:17+03:00,1785286997,1161,82,3,31.9,46.0,,run
2026-07-29T04:03:22+03:00,1785287002,1166,82,3,31.9,45.7,,run
2026-07-29T04:03:28+03:00,1785287008,1172,82,3,31.9,44.8,,run
2026-07-29T04:03:33+03:00,1785287013,1177,82,3,31.9,42.0,,run
2026-07-29T04:03:38+03:00,1785287018,1182,82,3,31.9,42.3,,run
2026-07-29T04:03:43+03:00,1785287023,1187,82,3,31.9,41.7,,run
2026-07-29T04:03:49+03:00,1785287029,1193,82,3,31.9,41.1,,run
2026-07-29T04:03:54+03:00,1785287034,1198,82,3,31.7,40.2,,run
2026-07-29T04:03:59+03:00,1785287039,1203,82,3,31.7,39.8,,run
2026-07-29T04:04:04+03:00,1785287044,1208,82,3,31.7,43.6,,run
2026-07-29T04:04:10+03:00,1785287050,1214,82,3,31.7,50.1,,run
2026-07-29T04:04:15+03:00,1785287055,1219,82,3,31.7,51.3,,run
2026-07-29T04:04:20+03:00,1785287060,1224,82,3,31.7,43.9,,run
2026-07-29T04:04:25+03:00,1785287065,1229,82,3,31.7,41.1,,run
2026-07-29T04:04:31+03:00,1785287071,1235,82,3,31.7,40.8,,run
2026-07-29T04:04:36+03:00,1785287076,1240,82,3,31.7,42.6,,run
2026-07-29T04:04:41+03:00,1785287081,1245,82,3,31.7,43.9,,run
2026-07-29T04:04:46+03:00,1785287086,1250,82,3,31.7,41.7,,run
2026-07-29T04:04:52+03:00,1785287092,1256,82,3,31.7,42.9,,run
2026-07-29T04:04:57+03:00,1785287097,1261,82,3,31.7,48.8,,run
2026-07-29T04:05:02+03:00,1785287102,1266,82,3,31.7,44.2,,run
2026-07-29T04:05:08+03:00,1785287108,1272,82,3,31.7,42.9,,run
2026-07-29T04:05:13+03:00,1785287113,1277,82,3,31.7,41.1,,run
2026-07-29T04:05:18+03:00,1785287118,1282,82,3,31.7,40.8,,run
2026-07-29T04:05:23+03:00,1785287123,1287,82,3,31.7,45.1,,run
2026-07-29T04:05:29+03:00,1785287129,1293,82,3,31.7,46.3,,run
2026-07-29T04:05:34+03:00,1785287134,1298,82,3,31.7,44.5,,run
2026-07-29T04:05:39+03:00,1785287139,1303,82,3,31.7,41.1,,run
2026-07-29T04:05:44+03:00,1785287144,1308,82,3,31.7,42.3,,run
2026-07-29T04:05:50+03:00,1785287150,1314,82,3,31.7,39.5,,run
2026-07-29T04:05:55+03:00,1785287155,1319,82,3,31.7,41.1,,run
2026-07-29T04:06:00+03:00,1785287160,1324,82,3,31.7,41.7,,run
2026-07-29T04:06:06+03:00,1785287166,1330,82,3,31.7,42.6,,run
2026-07-29T04:06:11+03:00,1785287171,1335,82,3,31.7,52.5,,run
2026-07-29T04:06:17+03:00,1785287177,1341,82,3,31.7,46.3,,run
2026-07-29T04:06:22+03:00,1785287182,1346,82,3,31.7,43.6,,run
2026-07-29T04:06:27+03:00,1785287187,1351,82,3,31.7,40.8,,run
2026-07-29T04:06:32+03:00,1785287192,1356,82,3,31.7,39.8,,run
2026-07-29T04:06:38+03:00,1785287198,1362,82,3,31.7,39.5,,run
2026-07-29T04:06:43+03:00,1785287203,1367,82,3,31.7,39.2,,run
2026-07-29T04:06:48+03:00,1785287208,1372,82,3,31.7,40.8,,run
2026-07-29T04:06:53+03:00,1785287213,1377,82,3,31.7,45.7,,run
2026-07-29T04:06:59+03:00,1785287219,1383,82,3,31.7,47.3,,run
2026-07-29T04:07:04+03:00,1785287224,1388,82,3,31.7,42.3,,run
2026-07-29T04:07:09+03:00,1785287229,1393,82,3,31.7,41.7,,run
2026-07-29T04:07:15+03:00,1785287235,1399,82,3,31.7,39.8,,run
2026-07-29T04:07:20+03:00,1785287240,1404,82,3,31.7,41.1,,run
2026-07-29T04:07:25+03:00,1785287245,1409,82,3,31.7,41.7,,run
2026-07-29T04:07:30+03:00,1785287250,1414,82,3,31.7,43.9,,run
2026-07-29T04:07:36+03:00,1785287256,1420,82,3,31.7,46.0,,run
2026-07-29T04:07:41+03:00,1785287261,1425,82,3,31.7,43.6,,run
2026-07-29T04:07:46+03:00,1785287266,1430,82,3,31.7,41.4,,run
2026-07-29T04:07:51+03:00,1785287271,1435,82,3,31.7,40.8,,run
2026-07-29T04:07:57+03:00,1785287277,1441,82,3,31.7,40.8,,run
2026-07-29T04:08:02+03:00,1785287282,1446,82,3,31.7,40.8,,run
2026-07-29T04:08:07+03:00,1785287287,1451,82,3,31.7,40.5,,run
2026-07-29T04:08:12+03:00,1785287292,1456,82,3,31.7,51.6,,run
2026-07-29T04:08:18+03:00,1785287298,1462,82,3,31.7,47.9,,run
2026-07-29T04:08:23+03:00,1785287303,1467,82,3,31.7,45.7,,run
2026-07-29T04:08:29+03:00,1785287309,1473,82,3,31.7,40.8,,run
2026-07-29T04:08:34+03:00,1785287314,1478,82,3,31.7,39.5,,run
2026-07-29T04:08:39+03:00,1785287319,1483,81,3,31.7,38.9,,run
2026-07-29T04:08:44+03:00,1785287324,1488,81,3,31.7,41.7,,run
2026-07-29T04:08:50+03:00,1785287330,1494,81,3,31.7,41.1,,run
2026-07-29T04:08:55+03:00,1785287335,1499,81,3,31.7,50.4,,run
2026-07-29T04:09:01+03:00,1785287341,1505,81,3,31.7,47.6,,run
2026-07-29T04:09:06+03:00,1785287346,1510,81,3,31.7,42.6,,run
2026-07-29T04:09:11+03:00,1785287351,1515,81,3,31.7,40.8,,run
2026-07-29T04:09:17+03:00,1785287357,1521,81,3,31.7,41.4,,run
2026-07-29T04:09:22+03:00,1785287362,1526,81,3,31.7,40.2,,run
2026-07-29T04:09:27+03:00,1785287367,1531,81,3,31.7,40.2,,run
2026-07-29T04:09:32+03:00,1785287372,1536,81,3,31.7,40.5,,run
2026-07-29T04:09:38+03:00,1785287378,1542,81,3,31.7,45.7,,run
2026-07-29T04:09:43+03:00,1785287383,1547,81,3,31.7,44.2,,run
2026-07-29T04:09:48+03:00,1785287388,1552,81,3,31.7,45.1,,run
2026-07-29T04:09:53+03:00,1785287393,1557,81,3,31.7,46.0,,run
2026-07-29T04:09:59+03:00,1785287399,1563,81,3,31.7,43.6,,run
2026-07-29T04:10:04+03:00,1785287404,1568,81,3,31.7,41.4,,run
2026-07-29T04:10:09+03:00,1785287409,1573,81,3,31.7,50.7,,run
2026-07-29T04:10:15+03:00,1785287415,1579,81,3,31.7,50.7,,run
2026-07-29T04:10:20+03:00,1785287420,1584,81,3,31.7,45.1,,run
2026-07-29T04:10:25+03:00,1785287425,1589,81,3,31.7,40.2,,run
2026-07-29T04:10:30+03:00,1785287430,1594,81,3,31.7,45.4,,run
2026-07-29T04:10:36+03:00,1785287436,1600,81,3,31.7,46.7,,run
2026-07-29T04:10:41+03:00,1785287441,1605,81,3,31.7,45.7,,run
2026-07-29T04:10:46+03:00,1785287446,1610,81,3,31.7,40.8,,run
2026-07-29T04:10:51+03:00,1785287451,1615,81,3,31.7,40.5,,run
2026-07-29T04:10:57+03:00,1785287457,1621,81,3,31.7,52.2,,run
2026-07-29T04:11:02+03:00,1785287462,1626,81,3,31.7,42.9,,run
2026-07-29T04:11:07+03:00,1785287467,1631,81,3,31.7,40.5,,run
2026-07-29T04:11:12+03:00,1785287472,1636,81,3,31.7,40.2,,run
2026-07-29T04:11:18+03:00,1785287478,1642,81,3,31.7,47.3,,run
2026-07-29T04:11:23+03:00,1785287483,1647,81,3,31.7,42.3,,run
2026-07-29T04:11:28+03:00,1785287488,1652,81,3,31.7,41.7,,run
2026-07-29T04:11:33+03:00,1785287493,1657,81,3,31.7,42.6,,run
2026-07-29T04:11:39+03:00,1785287499,1663,81,3,31.7,41.1,,run
2026-07-29T04:11:44+03:00,1785287504,1668,81,3,31.7,40.8,,run
2026-07-29T04:11:49+03:00,1785287509,1673,81,3,31.7,45.1,,run
2026-07-29T04:11:55+03:00,1785287515,1679,81,3,31.7,48.8,,run
2026-07-29T04:12:00+03:00,1785287520,1684,81,3,31.7,44.5,,run
2026-07-29T04:12:05+03:00,1785287525,1689,81,3,31.7,41.1,,run
2026-07-29T04:12:10+03:00,1785287530,1694,81,3,31.7,51.0,,run
2026-07-29T04:12:15+03:00,1785287535,1699,81,3,31.7,50.4,,run
2026-07-29T04:12:21+03:00,1785287541,1705,81,3,31.7,47.0,,run
2026-07-29T04:12:26+03:00,1785287546,1710,81,3,31.7,41.1,,run
2026-07-29T04:12:31+03:00,1785287551,1715,81,3,31.7,40.5,,run
2026-07-29T04:12:37+03:00,1785287557,1721,81,3,31.7,43.9,,run
2026-07-29T04:12:42+03:00,1785287562,1726,81,3,31.7,42.3,,run
2026-07-29T04:12:47+03:00,1785287567,1731,81,3,31.7,40.8,,run
2026-07-29T04:12:52+03:00,1785287572,1736,81,3,31.7,39.5,,run
2026-07-29T04:12:58+03:00,1785287578,1742,81,3,31.7,45.1,,run
2026-07-29T04:13:03+03:00,1785287583,1747,81,3,31.7,44.8,,run
2026-07-29T04:13:08+03:00,1785287588,1752,81,3,31.7,43.2,,run
2026-07-29T04:13:13+03:00,1785287593,1757,81,3,31.7,43.6,,run
2026-07-29T04:13:19+03:00,1785287599,1763,81,3,31.7,41.1,,run
2026-07-29T04:13:24+03:00,1785287604,1768,81,3,31.7,46.3,,run
2026-07-29T04:13:29+03:00,1785287609,1773,81,3,31.7,42.6,,run
2026-07-29T04:13:35+03:00,1785287614,1778,81,3,31.7,44.2,,run
2026-07-29T04:13:40+03:00,1785287620,1784,81,3,31.7,41.4,,run
2026-07-29T04:13:45+03:00,1785287625,1789,81,3,31.7,40.5,,run
2026-07-29T04:13:50+03:00,1785287630,1794,81,3,31.7,39.8,,run
2026-07-29T04:13:56+03:00,1785287636,1800,81,3,31.8,45.7,,run
2026-07-29T04:14:01+03:00,1785287641,1805,81,3,31.8,42.9,,run
2026-07-29T04:14:06+03:00,1785287646,1810,81,3,31.8,41.4,,run
2026-07-29T04:14:11+03:00,1785287651,1815,81,3,31.8,42.0,,run
2026-07-29T04:14:17+03:00,1785287657,1821,81,3,31.8,51.6,,run
2026-07-29T04:14:22+03:00,1785287662,1826,81,3,31.8,48.5,,run
2026-07-29T04:14:28+03:00,1785287668,1832,81,3,31.8,43.2,,run
2026-07-29T04:14:33+03:00,1785287673,1837,81,3,31.8,40.2,,run
2026-07-29T04:14:38+03:00,1785287678,1842,81,3,31.8,40.2,,run
2026-07-29T04:14:43+03:00,1785287683,1847,81,3,31.8,43.9,,run
2026-07-29T04:14:49+03:00,1785287689,1853,81,3,31.8,46.7,,run
2026-07-29T04:14:54+03:00,1785287694,1858,81,3,31.8,42.0,,run
2026-07-29T04:14:59+03:00,1785287699,1863,81,3,31.8,41.1,,run
2026-07-29T04:15:04+03:00,1785287704,1868,81,3,31.8,54.7,,run
2026-07-29T04:15:10+03:00,1785287710,1874,81,3,31.8,42.0,,run
2026-07-29T04:15:15+03:00,1785287715,1879,81,3,31.8,41.1,,run
2026-07-29T04:15:20+03:00,1785287720,1884,81,3,31.8,41.7,,run
2026-07-29T04:15:26+03:00,1785287726,1890,81,3,31.8,42.6,,run
2026-07-29T04:15:31+03:00,1785287731,1895,81,3,31.8,42.3,,run
2026-07-29T04:15:36+03:00,1785287736,1900,81,3,31.8,42.0,,run
2026-07-29T04:15:41+03:00,1785287741,1905,81,3,31.8,42.9,,run
2026-07-29T04:15:47+03:00,1785287747,1911,81,3,31.8,42.3,,run
2026-07-29T04:15:52+03:00,1785287752,1916,81,3,31.8,40.5,,run
2026-07-29T04:15:57+03:00,1785287757,1921,81,3,31.8,40.2,,run
2026-07-29T04:16:02+03:00,1785287762,1926,81,3,31.8,44.8,,run
2026-07-29T04:16:08+03:00,1785287768,1932,81,3,31.8,47.0,,run
2026-07-29T04:16:13+03:00,1785287773,1937,81,3,31.8,42.0,,run
2026-07-29T04:16:18+03:00,1785287778,1942,81,3,31.8,46.0,,run
2026-07-29T04:16:24+03:00,1785287784,1948,81,3,31.8,45.4,,run
2026-07-29T04:16:29+03:00,1785287789,1953,81,3,31.8,41.7,,run
2026-07-29T04:16:34+03:00,1785287794,1958,81,3,31.8,39.5,,run
2026-07-29T04:16:39+03:00,1785287799,1963,81,3,31.8,44.2,,run
2026-07-29T04:16:45+03:00,1785287805,1969,81,3,31.8,40.8,,run
2026-07-29T04:16:50+03:00,1785287810,1974,81,3,31.8,41.7,,run
2026-07-29T04:16:55+03:00,1785287815,1979,81,3,31.8,45.4,,run
2026-07-29T04:17:01+03:00,1785287821,1985,81,3,31.8,45.7,,run
2026-07-29T04:17:06+03:00,1785287826,1990,81,3,31.8,54.7,,run
2026-07-29T04:17:11+03:00,1785287831,1995,81,3,31.8,45.1,,run
2026-07-29T04:17:16+03:00,1785287836,2000,81,3,31.8,42.0,,run
2026-07-29T04:17:22+03:00,1785287842,2006,81,3,31.8,41.1,,run
2026-07-29T04:17:27+03:00,1785287847,2011,81,3,31.8,41.4,,run
2026-07-29T04:17:32+03:00,1785287852,2016,81,3,31.8,40.5,,run
2026-07-29T04:17:37+03:00,1785287857,2021,81,3,31.8,41.7,,run
2026-07-29T04:17:43+03:00,1785287863,2027,81,3,31.8,41.4,,run
2026-07-29T04:17:48+03:00,1785287868,2032,81,3,31.8,41.7,,run
2026-07-29T04:17:53+03:00,1785287873,2037,81,3,31.8,44.2,,run
2026-07-29T04:17:58+03:00,1785287878,2042,81,3,31.8,42.6,,run
2026-07-29T04:18:04+03:00,1785287884,2048,81,3,31.8,45.7,,run
2026-07-29T04:18:09+03:00,1785287889,2053,81,3,31.8,42.0,,run
2026-07-29T04:18:14+03:00,1785287894,2058,80,3,32.0,43.6,,run
2026-07-29T04:18:19+03:00,1785287899,2063,80,3,32.0,51.3,,run
2026-07-29T04:18:25+03:00,1785287905,2069,80,3,32.0,52.5,,run
2026-07-29T04:18:30+03:00,1785287910,2074,80,3,32.0,45.7,,run
2026-07-29T04:18:35+03:00,1785287915,2079,80,3,32.0,41.1,,run
2026-07-29T04:18:41+03:00,1785287921,2085,80,3,32.0,40.8,,run
2026-07-29T04:18:46+03:00,1785287926,2090,80,3,32.0,41.7,,run
2026-07-29T04:18:51+03:00,1785287931,2095,80,3,32.0,42.0,,run
2026-07-29T04:18:56+03:00,1785287936,2100,80,3,32.0,44.8,,run
2026-07-29T04:19:02+03:00,1785287942,2106,80,3,32.0,42.6,,run
2026-07-29T04:19:07+03:00,1785287947,2111,80,3,32.0,54.4,,run
2026-07-29T04:19:12+03:00,1785287952,2116,80,3,32.0,48.8,,run
2026-07-29T04:19:18+03:00,1785287958,2122,80,3,32.0,43.2,,run
2026-07-29T04:19:23+03:00,1785287963,2127,80,3,32.0,42.3,,run
2026-07-29T04:19:28+03:00,1785287968,2132,80,3,32.0,42.0,,run
2026-07-29T04:19:33+03:00,1785287973,2137,80,3,32.0,43.2,,run
2026-07-29T04:19:39+03:00,1785287979,2143,80,3,32.0,42.0,,run
2026-07-29T04:19:44+03:00,1785287984,2148,80,3,32.0,41.4,,run
2026-07-29T04:19:49+03:00,1785287989,2153,80,3,32.0,40.5,,run
2026-07-29T04:19:54+03:00,1785287994,2158,80,3,32.0,40.5,,run
2026-07-29T04:20:00+03:00,1785288000,2164,80,3,32.0,41.4,,run
2026-07-29T04:20:05+03:00,1785288005,2169,80,3,32.0,41.1,,run
2026-07-29T04:20:10+03:00,1785288010,2174,80,3,32.0,41.1,,run
2026-07-29T04:20:15+03:00,1785288015,2179,80,3,32.0,40.8,,run
2026-07-29T04:20:21+03:00,1785288021,2185,80,3,32.0,50.1,,run
2026-07-29T04:20:26+03:00,1785288026,2190,80,3,32.0,52.5,,run
2026-07-29T04:20:31+03:00,1785288031,2195,80,3,32.0,50.1,,run
2026-07-29T04:20:37+03:00,1785288037,2201,80,3,32.0,48.2,,run
2026-07-29T04:20:42+03:00,1785288042,2206,80,3,32.0,42.9,,run
2026-07-29T04:20:47+03:00,1785288047,2211,80,3,32.0,42.0,,run
2026-07-29T04:20:52+03:00,1785288052,2216,80,3,32.0,40.5,,run
2026-07-29T04:20:58+03:00,1785288058,2222,80,3,32.0,39.8,,run
2026-07-29T04:21:03+03:00,1785288063,2227,80,3,32.0,40.8,,run
2026-07-29T04:21:08+03:00,1785288068,2232,80,3,32.0,54.7,,run
2026-07-29T04:21:14+03:00,1785288074,2238,80,3,32.0,43.9,,run
2026-07-29T04:21:19+03:00,1785288079,2243,80,3,32.0,46.0,,run
2026-07-29T04:21:24+03:00,1785288084,2248,80,3,32.0,45.7,,run
2026-07-29T04:21:30+03:00,1785288090,2254,80,3,32.0,42.9,,run
2026-07-29T04:21:35+03:00,1785288095,2259,80,3,32.0,42.3,,run
2026-07-29T04:21:40+03:00,1785288100,2264,80,3,32.0,41.7,,run
2026-07-29T04:21:45+03:00,1785288105,2269,80,3,32.0,42.3,,run
2026-07-29T04:21:51+03:00,1785288111,2275,80,3,32.0,41.7,,run
2026-07-29T04:21:56+03:00,1785288116,2280,80,3,32.0,40.8,,run
2026-07-29T04:22:01+03:00,1785288121,2285,80,3,32.0,40.2,,run
2026-07-29T04:22:06+03:00,1785288126,2290,80,3,32.0,40.5,,run
2026-07-29T04:22:12+03:00,1785288132,2296,80,3,32.0,41.1,,run
2026-07-29T04:22:17+03:00,1785288137,2301,80,3,32.0,43.6,,run
2026-07-29T04:22:22+03:00,1785288142,2306,80,3,32.0,49.7,,run
2026-07-29T04:22:28+03:00,1785288148,2312,80,3,32.0,49.7,,run
2026-07-29T04:22:33+03:00,1785288153,2317,80,3,32.0,49.1,,run
2026-07-29T04:22:38+03:00,1785288158,2322,80,3,32.0,46.7,,run
2026-07-29T04:22:43+03:00,1785288163,2327,80,3,32.0,44.5,,run
2026-07-29T04:22:49+03:00,1785288169,2333,80,3,32.0,42.6,,run
2026-07-29T04:22:54+03:00,1785288174,2338,80,3,32.0,41.4,,run
2026-07-29T04:22:59+03:00,1785288179,2343,80,3,32.0,39.8,,run
2026-07-29T04:23:04+03:00,1785288184,2348,80,3,32.0,40.5,,run
2026-07-29T04:23:10+03:00,1785288190,2354,80,3,32.0,43.2,,run
2026-07-29T04:23:15+03:00,1785288195,2359,80,3,32.0,44.5,,run
2026-07-29T04:23:20+03:00,1785288200,2364,80,3,32.0,45.7,,run
2026-07-29T04:23:25+03:00,1785288205,2369,80,3,32.0,46.3,,run
2026-07-29T04:23:31+03:00,1785288211,2375,80,3,32.0,44.2,,run
2026-07-29T04:23:36+03:00,1785288216,2380,80,3,32.0,46.3,,run
2026-07-29T04:23:41+03:00,1785288221,2385,80,3,32.0,43.6,,run
2026-07-29T04:23:46+03:00,1785288226,2390,80,3,32.0,41.7,,run
2026-07-29T04:23:52+03:00,1785288232,2396,80,3,32.0,41.7,,run
2026-07-29T04:23:57+03:00,1785288237,2401,80,3,32.1,42.9,,run
2026-07-29T04:24:02+03:00,1785288242,2406,80,3,32.1,43.9,,run
2026-07-29T04:24:08+03:00,1785288248,2412,80,3,32.1,43.2,,run
2026-07-29T04:24:13+03:00,1785288253,2417,80,3,32.1,42.6,,run
2026-07-29T04:24:18+03:00,1785288258,2422,80,3,32.1,41.1,,run
2026-07-29T04:24:23+03:00,1785288263,2427,80,3,32.1,41.7,,run
2026-07-29T04:24:29+03:00,1785288269,2433,80,3,32.1,51.6,,run
2026-07-29T04:24:34+03:00,1785288274,2438,80,3,32.1,42.0,,run
2026-07-29T04:24:40+03:00,1785288280,2444,80,3,32.1,42.3,,run
2026-07-29T04:24:45+03:00,1785288285,2449,80,3,32.1,45.7,,run
2026-07-29T04:24:50+03:00,1785288290,2454,80,3,32.1,43.9,,run
2026-07-29T04:24:55+03:00,1785288295,2459,80,3,32.1,41.1,,run
2026-07-29T04:25:01+03:00,1785288301,2465,80,3,32.1,44.5,,run
2026-07-29T04:25:06+03:00,1785288306,2470,80,3,32.1,42.9,,run
2026-07-29T04:25:11+03:00,1785288311,2475,80,3,32.1,42.9,,run
2026-07-29T04:25:16+03:00,1785288316,2480,80,3,32.1,51.9,,run
2026-07-29T04:25:22+03:00,1785288322,2486,80,3,32.1,44.2,,run
2026-07-29T04:25:27+03:00,1785288327,2491,80,3,32.1,42.3,,run
2026-07-29T04:25:32+03:00,1785288332,2496,80,3,32.1,46.0,,run
2026-07-29T04:25:38+03:00,1785288338,2502,80,3,32.1,46.0,,run
2026-07-29T04:25:43+03:00,1785288343,2507,80,3,32.1,43.6,,run
2026-07-29T04:25:48+03:00,1785288348,2512,80,3,32.1,46.7,,run
2026-07-29T04:25:53+03:00,1785288353,2517,80,3,32.1,46.7,,run
2026-07-29T04:25:59+03:00,1785288359,2523,80,3,32.1,42.3,,run
2026-07-29T04:26:04+03:00,1785288364,2528,80,3,32.1,42.0,,run
2026-07-29T04:26:09+03:00,1785288369,2533,80,3,32.1,41.4,,run
2026-07-29T04:26:14+03:00,1785288374,2538,80,3,32.1,40.5,,run
2026-07-29T04:26:20+03:00,1785288380,2544,80,3,32.1,40.5,,run
2026-07-29T04:26:25+03:00,1785288385,2549,80,3,32.1,40.2,,run
2026-07-29T04:26:30+03:00,1785288390,2554,80,3,32.1,47.6,,run
2026-07-29T04:26:35+03:00,1785288395,2559,80,3,32.1,42.9,,run
2026-07-29T04:26:41+03:00,1785288401,2565,80,3,32.1,41.1,,run
2026-07-29T04:26:46+03:00,1785288406,2570,80,3,32.1,40.5,,run
2026-07-29T04:26:51+03:00,1785288411,2575,80,3,32.1,40.8,,run
2026-07-29T04:26:56+03:00,1785288416,2580,80,3,32.1,43.9,,run
2026-07-29T04:27:02+03:00,1785288422,2586,80,3,32.1,46.3,,run
2026-07-29T04:27:07+03:00,1785288427,2591,80,3,32.1,41.1,,run
2026-07-29T04:27:12+03:00,1785288432,2596,80,3,32.1,41.1,,run
2026-07-29T04:27:18+03:00,1785288438,2602,80,3,32.1,53.1,,run
2026-07-29T04:27:23+03:00,1785288443,2607,80,3,32.1,45.7,,run
2026-07-29T04:27:28+03:00,1785288448,2612,80,3,32.1,44.5,,run
2026-07-29T04:27:34+03:00,1785288454,2618,80,3,32.1,44.2,,run
2026-07-29T04:27:39+03:00,1785288459,2623,80,3,32.1,45.4,,run
2026-07-29T04:27:44+03:00,1785288464,2628,80,3,32.1,47.9,,run
2026-07-29T04:27:49+03:00,1785288469,2633,80,3,32.1,47.9,,run
2026-07-29T04:27:55+03:00,1785288475,2639,80,3,32.1,46.7,,run
2026-07-29T04:28:00+03:00,1785288480,2644,80,3,32.1,43.2,,run
2026-07-29T04:28:05+03:00,1785288485,2649,80,3,32.1,43.6,,run
2026-07-29T04:28:11+03:00,1785288491,2655,80,3,32.1,48.8,,run
2026-07-29T04:28:16+03:00,1785288496,2660,80,3,32.1,44.2,,run
2026-07-29T04:28:21+03:00,1785288501,2665,80,3,32.1,44.5,,run
2026-07-29T04:28:26+03:00,1785288506,2670,80,3,32.1,42.6,,run
2026-07-29T04:28:32+03:00,1785288512,2676,80,3,32.1,49.7,,run
2026-07-29T04:28:37+03:00,1785288517,2681,80,3,32.1,50.7,,run
2026-07-29T04:28:42+03:00,1785288522,2686,80,3,32.1,45.4,,run
2026-07-29T04:28:47+03:00,1785288527,2691,80,3,32.1,41.7,,run
2026-07-29T04:28:53+03:00,1785288533,2697,80,3,32.1,41.1,,run
2026-07-29T04:28:58+03:00,1785288538,2702,79,3,32.3,39.5,,run
2026-07-29T04:29:03+03:00,1785288543,2707,79,3,32.3,42.3,,run
2026-07-29T04:29:08+03:00,1785288548,2712,79,3,32.3,45.4,,run
2026-07-29T04:29:14+03:00,1785288554,2718,79,3,32.3,42.0,,run
2026-07-29T04:29:19+03:00,1785288559,2723,79,3,32.3,41.1,,run
2026-07-29T04:29:24+03:00,1785288564,2728,79,3,32.3,51.0,,run
2026-07-29T04:29:29+03:00,1785288569,2733,79,3,32.3,43.2,,run
2026-07-29T04:29:35+03:00,1785288575,2739,79,3,32.3,47.9,,run
2026-07-29T04:29:40+03:00,1785288580,2744,79,3,32.3,42.6,,run
2026-07-29T04:29:45+03:00,1785288585,2749,79,3,32.3,42.3,,run
2026-07-29T04:29:50+03:00,1785288590,2754,79,3,32.3,46.7,,run
2026-07-29T04:29:56+03:00,1785288596,2760,79,3,32.3,48.5,,run
2026-07-29T04:30:01+03:00,1785288601,2765,79,3,32.3,42.9,,run
2026-07-29T04:30:06+03:00,1785288606,2770,79,3,32.3,42.9,,run
2026-07-29T04:30:12+03:00,1785288612,2776,79,3,32.3,41.1,,run
2026-07-29T04:30:17+03:00,1785288617,2781,79,3,32.3,40.5,,run
2026-07-29T04:30:22+03:00,1785288622,2786,79,3,32.3,40.2,,run
2026-07-29T04:30:27+03:00,1785288627,2791,79,3,32.3,46.0,,run
2026-07-29T04:30:33+03:00,1785288633,2797,79,3,32.3,42.0,,run
2026-07-29T04:30:38+03:00,1785288638,2802,79,3,32.3,42.6,,run
2026-07-29T04:30:43+03:00,1785288643,2807,79,3,32.3,44.8,,run
2026-07-29T04:30:49+03:00,1785288649,2813,79,3,32.3,43.2,,run
2026-07-29T04:30:54+03:00,1785288654,2818,79,3,32.3,39.8,,run
2026-07-29T04:30:59+03:00,1785288659,2823,79,3,32.3,40.5,,run
2026-07-29T04:31:04+03:00,1785288664,2828,79,3,32.3,41.1,,run
2026-07-29T04:31:10+03:00,1785288670,2834,79,3,32.3,45.1,,run
2026-07-29T04:31:15+03:00,1785288675,2839,79,3,32.3,43.6,,run
2026-07-29T04:31:20+03:00,1785288680,2844,79,3,32.3,40.8,,run
2026-07-29T04:31:25+03:00,1785288685,2849,79,3,32.3,49.7,,run
2026-07-29T04:31:31+03:00,1785288691,2855,79,3,32.3,45.1,,run
2026-07-29T04:31:36+03:00,1785288696,2860,79,3,32.3,47.6,,run
2026-07-29T04:31:42+03:00,1785288702,2866,79,3,32.3,44.2,,run
2026-07-29T04:31:47+03:00,1785288707,2871,79,3,32.3,46.3,,run
2026-07-29T04:31:52+03:00,1785288712,2876,79,3,32.3,42.9,,run
2026-07-29T04:31:57+03:00,1785288717,2881,79,3,32.3,42.6,,run
2026-07-29T04:32:03+03:00,1785288723,2887,79,3,32.3,48.2,,run
2026-07-29T04:32:08+03:00,1785288728,2892,79,3,32.3,47.0,,run
2026-07-29T04:32:13+03:00,1785288733,2897,79,3,32.3,42.6,,run
2026-07-29T04:32:18+03:00,1785288738,2902,79,3,32.3,42.3,,run
2026-07-29T04:32:24+03:00,1785288744,2908,79,3,32.3,41.1,,run
2026-07-29T04:32:29+03:00,1785288749,2913,79,3,32.3,41.4,,run
2026-07-29T04:32:34+03:00,1785288754,2918,79,3,32.3,42.0,,run
2026-07-29T04:32:40+03:00,1785288760,2924,79,3,32.3,42.9,,run
2026-07-29T04:32:45+03:00,1785288765,2929,79,3,32.3,50.1,,run
2026-07-29T04:32:50+03:00,1785288770,2934,79,3,32.3,42.6,,run
2026-07-29T04:32:55+03:00,1785288775,2939,79,3,32.3,41.1,,run
2026-07-29T04:33:01+03:00,1785288781,2945,79,3,32.3,40.2,,run
2026-07-29T04:33:06+03:00,1785288786,2950,79,3,32.3,40.2,,run
2026-07-29T04:33:11+03:00,1785288791,2955,79,3,32.3,39.8,,run
2026-07-29T04:33:16+03:00,1785288796,2960,79,3,32.3,41.1,,run
2026-07-29T04:33:22+03:00,1785288802,2966,79,3,32.3,43.9,,run
2026-07-29T04:33:27+03:00,1785288807,2971,79,3,32.3,47.3,,run
2026-07-29T04:33:32+03:00,1785288812,2976,79,3,32.3,54.4,,run
2026-07-29T04:33:38+03:00,1785288818,2982,79,3,32.3,43.6,,run
2026-07-29T04:33:43+03:00,1785288823,2987,79,3,32.3,42.0,,run
2026-07-29T04:33:48+03:00,1785288828,2992,79,3,32.3,41.7,,run
2026-07-29T04:33:53+03:00,1785288833,2997,79,3,32.3,40.5,,run
2026-07-29T04:33:59+03:00,1785288839,3003,79,3,32.1,46.3,,run
2026-07-29T04:34:04+03:00,1785288844,3008,79,3,32.1,43.6,,run
2026-07-29T04:34:09+03:00,1785288849,3013,79,3,32.1,41.7,,run
2026-07-29T04:34:14+03:00,1785288854,3018,79,3,32.1,43.2,,run
2026-07-29T04:34:20+03:00,1785288860,3024,79,3,32.1,47.3,,run
2026-07-29T04:34:25+03:00,1785288865,3029,79,3,32.1,43.9,,run
2026-07-29T04:34:30+03:00,1785288870,3034,79,3,32.1,42.9,,run
2026-07-29T04:34:35+03:00,1785288875,3039,79,3,32.1,41.1,,run
2026-07-29T04:34:41+03:00,1785288881,3045,79,3,32.1,40.8,,run
2026-07-29T04:34:46+03:00,1785288886,3050,79,3,32.1,44.5,,run
2026-07-29T04:34:51+03:00,1785288891,3055,79,3,32.1,45.4,,run
2026-07-29T04:34:57+03:00,1785288897,3061,79,3,32.1,47.0,,run
2026-07-29T04:35:02+03:00,1785288902,3066,79,3,32.1,42.0,,run
2026-07-29T04:35:07+03:00,1785288907,3071,79,3,32.1,41.4,,run
2026-07-29T04:35:12+03:00,1785288912,3076,79,3,32.1,40.8,,run
2026-07-29T04:35:18+03:00,1785288918,3082,79,3,32.1,42.3,,run
2026-07-29T04:35:23+03:00,1785288923,3087,79,3,32.1,41.4,,run
2026-07-29T04:35:28+03:00,1785288928,3092,79,3,32.1,39.8,,run
2026-07-29T04:35:33+03:00,1785288933,3097,79,3,32.1,51.3,,run
2026-07-29T04:35:39+03:00,1785288939,3103,79,3,32.1,50.1,,run
2026-07-29T04:35:45+03:00,1785288945,3109,79,3,32.1,47.9,,run
2026-07-29T04:35:50+03:00,1785288950,3114,79,3,32.1,42.0,,run
2026-07-29T04:35:55+03:00,1785288955,3119,79,3,32.1,42.3,,run
2026-07-29T04:36:00+03:00,1785288960,3124,79,3,32.1,42.3,,run
2026-07-29T04:36:06+03:00,1785288966,3130,79,3,32.1,42.3,,run
2026-07-29T04:36:11+03:00,1785288971,3135,79,3,32.1,41.1,,run
2026-07-29T04:36:16+03:00,1785288976,3140,79,3,32.1,41.7,,run
2026-07-29T04:36:21+03:00,1785288981,3145,79,3,32.1,42.6,,run
2026-07-29T04:36:27+03:00,1785288987,3151,79,3,32.1,47.6,,run
2026-07-29T04:36:32+03:00,1785288992,3156,79,3,32.1,47.0,,run
2026-07-29T04:36:37+03:00,1785288997,3161,79,3,32.1,49.4,,run
2026-07-29T04:36:42+03:00,1785289002,3166,79,3,32.1,43.2,,run
2026-07-29T04:36:48+03:00,1785289008,3172,79,3,32.1,42.0,,run
2026-07-29T04:36:53+03:00,1785289013,3177,79,3,32.1,50.1,,run
2026-07-29T04:36:58+03:00,1785289018,3182,79,3,32.1,47.0,,run
2026-07-29T04:37:03+03:00,1785289023,3187,79,3,32.1,42.0,,run
2026-07-29T04:37:09+03:00,1785289029,3193,79,3,32.1,40.8,,run
2026-07-29T04:37:14+03:00,1785289034,3198,79,3,32.1,41.1,,run
2026-07-29T04:37:19+03:00,1785289039,3203,79,3,32.1,42.9,,run
2026-07-29T04:37:24+03:00,1785289044,3208,79,3,32.1,41.1,,run
2026-07-29T04:37:30+03:00,1785289050,3214,79,3,32.1,41.1,,run
2026-07-29T04:37:35+03:00,1785289055,3219,79,3,32.1,45.1,,run
2026-07-29T04:37:40+03:00,1785289060,3224,79,3,32.1,46.0,,run
2026-07-29T04:37:46+03:00,1785289066,3230,79,3,32.1,42.9,,run
2026-07-29T04:37:51+03:00,1785289071,3235,79,3,32.1,48.5,,run
2026-07-29T04:37:56+03:00,1785289076,3240,79,3,32.1,47.3,,run
2026-07-29T04:38:01+03:00,1785289081,3245,79,3,32.1,43.9,,run
2026-07-29T04:38:07+03:00,1785289087,3251,79,3,32.1,41.7,,run
2026-07-29T04:38:12+03:00,1785289092,3256,79,3,32.1,42.0,,run
2026-07-29T04:38:17+03:00,1785289097,3261,79,3,32.1,42.3,,run
2026-07-29T04:38:22+03:00,1785289102,3266,79,3,32.1,42.0,,run
2026-07-29T04:38:28+03:00,1785289108,3272,79,3,32.1,42.9,,run
2026-07-29T04:38:33+03:00,1785289113,3277,78,3,32.1,41.4,,run
2026-07-29T04:38:38+03:00,1785289118,3282,78,3,32.1,41.1,,run
2026-07-29T04:38:43+03:00,1785289123,3287,78,3,32.1,45.4,,run
2026-07-29T04:38:49+03:00,1785289129,3293,78,3,32.1,47.0,,run
2026-07-29T04:38:54+03:00,1785289134,3298,78,3,32.1,52.2,,run
2026-07-29T04:38:59+03:00,1785289139,3303,78,3,32.1,47.3,,run
2026-07-29T04:39:05+03:00,1785289145,3309,78,3,32.1,41.4,,run
2026-07-29T04:39:10+03:00,1785289150,3314,78,3,32.1,40.8,,run
2026-07-29T04:39:15+03:00,1785289155,3319,78,3,32.1,42.0,,run
2026-07-29T04:39:21+03:00,1785289161,3325,78,3,32.1,47.6,,run
2026-07-29T04:39:26+03:00,1785289166,3330,78,3,32.1,42.6,,run
2026-07-29T04:39:31+03:00,1785289171,3335,78,3,32.1,42.6,,run
2026-07-29T04:39:36+03:00,1785289176,3340,78,3,32.1,47.9,,run
2026-07-29T04:39:42+03:00,1785289182,3346,78,3,32.1,43.2,,run
2026-07-29T04:39:47+03:00,1785289187,3351,78,3,32.1,41.7,,run
2026-07-29T04:39:52+03:00,1785289192,3356,78,3,32.1,42.0,,run
2026-07-29T04:39:57+03:00,1785289197,3361,78,3,32.1,47.6,,run
2026-07-29T04:40:02+03:00,1785289202,3366,78,3,32.1,47.0,,run
2026-07-29T04:40:08+03:00,1785289208,3372,78,3,32.1,42.6,,run
2026-07-29T04:40:13+03:00,1785289213,3377,78,3,32.1,41.1,,run
2026-07-29T04:40:18+03:00,1785289218,3382,78,3,32.1,41.4,,run
2026-07-29T04:40:24+03:00,1785289224,3388,78,3,32.1,41.4,,run
2026-07-29T04:40:29+03:00,1785289229,3393,78,3,32.1,41.7,,run
2026-07-29T04:40:34+03:00,1785289234,3398,78,3,32.1,49.4,,run
2026-07-29T04:40:40+03:00,1785289240,3404,78,3,32.1,42.6,,run
2026-07-29T04:40:45+03:00,1785289245,3409,78,3,32.1,45.7,,run
2026-07-29T04:40:50+03:00,1785289250,3414,78,3,32.1,44.8,,run
2026-07-29T04:40:55+03:00,1785289255,3419,78,3,32.1,42.3,,run
2026-07-29T04:41:01+03:00,1785289261,3425,78,3,32.1,40.2,,run
2026-07-29T04:41:06+03:00,1785289266,3430,78,3,32.1,42.6,,run
2026-07-29T04:41:11+03:00,1785289271,3435,78,3,32.1,42.3,,run
2026-07-29T04:41:16+03:00,1785289276,3440,78,3,32.1,51.0,,run
2026-07-29T04:41:22+03:00,1785289282,3446,78,3,32.1,43.9,,run
2026-07-29T04:41:27+03:00,1785289287,3451,78,3,32.1,43.9,,run
2026-07-29T04:41:33+03:00,1785289293,3457,78,3,32.1,42.9,,run
2026-07-29T04:41:38+03:00,1785289298,3462,78,3,32.1,44.8,,run
2026-07-29T04:41:43+03:00,1785289303,3467,78,3,32.1,43.6,,run
2026-07-29T04:41:48+03:00,1785289308,3472,78,3,32.1,47.3,,run
2026-07-29T04:41:54+03:00,1785289314,3478,78,3,32.1,43.9,,run
2026-07-29T04:41:59+03:00,1785289319,3483,78,3,32.1,44.8,,run
2026-07-29T04:42:04+03:00,1785289324,3488,78,3,32.1,47.9,,run
2026-07-29T04:42:09+03:00,1785289329,3493,78,3,32.1,47.6,,run
2026-07-29T04:42:15+03:00,1785289335,3499,78,3,32.1,47.3,,run
2026-07-29T04:42:20+03:00,1785289340,3504,78,3,32.1,42.0,,run
2026-07-29T04:42:25+03:00,1785289345,3509,78,3,32.1,42.0,,run
2026-07-29T04:42:30+03:00,1785289350,3514,78,3,32.1,46.3,,run
2026-07-29T04:42:36+03:00,1785289356,3520,78,3,32.1,50.7,,run
2026-07-29T04:42:41+03:00,1785289361,3525,78,3,32.1,48.8,,run
2026-07-29T04:42:46+03:00,1785289366,3530,78,3,32.1,47.0,,run
2026-07-29T04:42:51+03:00,1785289371,3535,78,3,32.1,41.7,,run
2026-07-29T04:42:57+03:00,1785289377,3541,78,3,32.1,39.8,,run
2026-07-29T04:43:02+03:00,1785289382,3546,78,3,32.1,39.8,,run
2026-07-29T04:43:07+03:00,1785289387,3551,78,3,32.1,40.2,,run
2026-07-29T04:43:12+03:00,1785289392,3556,78,3,32.1,41.4,,run
2026-07-29T04:43:18+03:00,1785289398,3562,78,3,32.1,49.1,,run
2026-07-29T04:43:23+03:00,1785289403,3567,78,3,32.1,47.6,,run
2026-07-29T04:43:28+03:00,1785289408,3572,78,3,32.1,45.7,,run
2026-07-29T04:43:33+03:00,1785289413,3577,78,3,32.1,41.7,,run
2026-07-29T04:43:39+03:00,1785289419,3583,78,3,32.1,41.7,,run
2026-07-29T04:43:44+03:00,1785289424,3588,78,3,32.1,43.2,,run
2026-07-29T04:43:49+03:00,1785289429,3593,78,3,32.1,42.9,,run
2026-07-29T04:43:54+03:00,1785289434,3598,78,3,31.9,41.7,,run
2026-07-29T04:44:00+03:00,1785289440,3604,78,3,31.9,45.7,,run
2026-07-29T04:44:05+03:00,1785289445,3609,78,3,31.9,45.7,,run
2026-07-29T04:44:10+03:00,1785289450,3614,78,3,31.9,42.3,,run
2026-07-29T04:44:15+03:00,1785289455,3619,78,3,31.9,45.1,,run
2026-07-29T04:44:21+03:00,1785289461,3625,78,3,31.9,42.9,,run
2026-07-29T04:44:26+03:00,1785289466,3630,78,3,31.9,41.1,,run
2026-07-29T04:44:31+03:00,1785289471,3635,78,3,31.9,49.1,,run
2026-07-29T04:44:37+03:00,1785289477,3641,78,3,31.9,42.6,,run
2026-07-29T04:44:42+03:00,1785289482,3646,78,3,31.9,46.0,,run
2026-07-29T04:44:47+03:00,1785289487,3651,78,3,31.9,48.2,,run
2026-07-29T04:44:53+03:00,1785289493,3657,78,3,31.9,41.1,,run
2026-07-29T04:44:58+03:00,1785289498,3662,78,3,31.9,39.5,,run
2026-07-29T04:45:03+03:00,1785289503,3667,78,3,31.9,40.5,,run
2026-07-29T04:45:08+03:00,1785289508,3672,78,3,31.9,40.2,,run
2026-07-29T04:45:14+03:00,1785289514,3678,78,3,31.9,51.9,,run
2026-07-29T04:45:19+03:00,1785289519,3683,78,3,31.9,43.6,,run
2026-07-29T04:45:24+03:00,1785289524,3688,78,3,31.9,40.8,,run
2026-07-29T04:45:30+03:00,1785289530,3694,78,3,31.9,42.3,,run
2026-07-29T04:45:35+03:00,1785289535,3699,78,3,31.9,42.6,,run
2026-07-29T04:45:40+03:00,1785289540,3704,78,3,31.9,46.7,,run
2026-07-29T04:45:45+03:00,1785289545,3709,78,3,31.9,42.6,,run
2026-07-29T04:45:51+03:00,1785289551,3715,78,3,31.9,42.6,,run
2026-07-29T04:45:56+03:00,1785289556,3720,78,3,31.9,40.5,,run
2026-07-29T04:46:01+03:00,1785289561,3725,78,3,31.9,47.0,,run
2026-07-29T04:46:06+03:00,1785289566,3730,78,3,31.9,48.2,,run
2026-07-29T04:46:12+03:00,1785289572,3736,78,3,31.9,48.5,,run
2026-07-29T04:46:17+03:00,1785289577,3741,78,3,31.9,43.9,,run
2026-07-29T04:46:22+03:00,1785289582,3746,78,3,31.9,42.0,,run
2026-07-29T04:46:27+03:00,1785289587,3751,78,3,31.9,50.1,,run
2026-07-29T04:46:33+03:00,1785289593,3757,78,3,31.9,50.1,,run
2026-07-29T04:46:38+03:00,1785289598,3762,78,3,31.9,42.6,,run
2026-07-29T04:46:43+03:00,1785289603,3767,78,3,31.9,40.8,,run
2026-07-29T04:46:49+03:00,1785289609,3773,78,3,31.9,44.2,,run
2026-07-29T04:46:54+03:00,1785289614,3778,78,3,31.9,42.9,,run
2026-07-29T04:46:59+03:00,1785289619,3783,78,3,31.9,40.2,,run
2026-07-29T04:47:04+03:00,1785289624,3788,78,3,31.9,42.9,,run
2026-07-29T04:47:10+03:00,1785289630,3794,78,3,31.9,43.9,,run
2026-07-29T04:47:15+03:00,1785289635,3799,78,3,31.9,49.4,,run
2026-07-29T04:47:20+03:00,1785289640,3804,78,3,31.9,42.9,,run
2026-07-29T04:47:25+03:00,1785289645,3809,78,3,31.9,44.8,,run
2026-07-29T04:47:31+03:00,1785289651,3815,78,3,31.9,43.6,,run
2026-07-29T04:47:36+03:00,1785289656,3820,78,3,31.9,44.2,,run
2026-07-29T04:47:41+03:00,1785289661,3825,78,3,31.9,47.3,,run
2026-07-29T04:47:46+03:00,1785289666,3830,78,3,31.9,44.8,,run
2026-07-29T04:47:52+03:00,1785289672,3836,78,3,31.9,42.0,,run
2026-07-29T04:47:57+03:00,1785289677,3841,78,3,31.9,42.6,,run
2026-07-29T04:48:02+03:00,1785289682,3846,78,3,31.9,42.0,,run
2026-07-29T04:48:07+03:00,1785289687,3851,78,3,31.9,44.5,,run
2026-07-29T04:48:13+03:00,1785289693,3857,78,3,31.9,50.4,,run
2026-07-29T04:48:18+03:00,1785289698,3862,78,3,31.9,45.7,,run
2026-07-29T04:48:23+03:00,1785289703,3867,78,3,31.9,42.9,,run
2026-07-29T04:48:28+03:00,1785289708,3872,78,3,31.9,53.5,,run
2026-07-29T04:48:34+03:00,1785289714,3878,78,3,31.9,42.9,,run
2026-07-29T04:48:40+03:00,1785289720,3884,78,3,31.9,41.7,,run
2026-07-29T04:48:45+03:00,1785289725,3889,78,3,31.9,40.8,,run
2026-07-29T04:48:50+03:00,1785289730,3894,78,3,31.9,40.5,,run
2026-07-29T04:48:55+03:00,1785289735,3899,78,3,31.9,45.1,,run
2026-07-29T04:49:01+03:00,1785289741,3905,78,3,31.9,48.8,,run
2026-07-29T04:49:06+03:00,1785289746,3910,78,3,31.9,42.0,,run
2026-07-29T04:49:11+03:00,1785289751,3915,78,3,31.9,51.3,,run
2026-07-29T04:49:17+03:00,1785289757,3921,77,3,32.1,44.2,,run
2026-07-29T04:49:22+03:00,1785289762,3926,77,3,32.1,41.4,,run
2026-07-29T04:49:27+03:00,1785289767,3931,77,3,32.1,42.3,,run
2026-07-29T04:49:33+03:00,1785289773,3937,77,3,32.1,40.8,,run
2026-07-29T04:49:38+03:00,1785289778,3942,77,3,32.1,41.1,,run
2026-07-29T04:49:43+03:00,1785289783,3947,77,3,32.1,42.0,,run
2026-07-29T04:49:48+03:00,1785289788,3952,77,3,32.1,45.4,,run
2026-07-29T04:49:54+03:00,1785289794,3958,77,3,32.1,42.6,,run
2026-07-29T04:49:59+03:00,1785289799,3963,77,3,32.1,41.1,,run
2026-07-29T04:50:04+03:00,1785289804,3968,77,3,32.1,43.9,,run
2026-07-29T04:50:09+03:00,1785289809,3973,77,3,32.1,40.8,,run
2026-07-29T04:50:15+03:00,1785289815,3979,77,3,32.1,45.7,,run
2026-07-29T04:50:20+03:00,1785289820,3984,77,3,32.1,47.3,,run
2026-07-29T04:50:25+03:00,1785289825,3989,77,3,32.1,50.4,,run
2026-07-29T04:50:30+03:00,1785289830,3994,77,3,32.1,49.1,,run
2026-07-29T04:50:36+03:00,1785289836,4000,77,3,32.1,42.6,,run
2026-07-29T04:50:41+03:00,1785289841,4005,77,3,32.1,44.8,,run
2026-07-29T04:50:46+03:00,1785289846,4010,77,3,32.1,41.1,,run
2026-07-29T04:50:51+03:00,1785289851,4015,77,3,32.1,51.3,,run
2026-07-29T04:50:57+03:00,1785289857,4021,77,3,32.1,42.9,,run
2026-07-29T04:51:02+03:00,1785289862,4026,77,3,32.1,46.7,,run
2026-07-29T04:51:08+03:00,1785289868,4032,77,3,32.1,43.9,,run
2026-07-29T04:51:13+03:00,1785289873,4037,77,3,32.1,42.6,,run
2026-07-29T04:51:18+03:00,1785289878,4042,77,3,32.1,41.4,,run
2026-07-29T04:51:23+03:00,1785289883,4047,77,3,32.1,41.4,,run
2026-07-29T04:51:29+03:00,1785289889,4053,77,3,32.1,41.4,,run
2026-07-29T04:51:34+03:00,1785289894,4058,77,3,32.1,40.5,,run
2026-07-29T04:51:39+03:00,1785289899,4063,77,3,32.1,39.8,,run
2026-07-29T04:51:44+03:00,1785289904,4068,77,3,32.1,40.2,,run
2026-07-29T04:51:50+03:00,1785289910,4074,77,3,32.1,41.7,,run
2026-07-29T04:51:55+03:00,1785289915,4079,77,3,32.1,42.0,,run
2026-07-29T04:52:00+03:00,1785289920,4084,77,3,32.1,46.0,,run
2026-07-29T04:52:05+03:00,1785289925,4089,77,3,32.1,42.9,,run
2026-07-29T04:52:11+03:00,1785289931,4095,77,3,32.1,50.7,,run
2026-07-29T04:52:16+03:00,1785289936,4100,77,3,32.1,50.4,,run
2026-07-29T04:52:21+03:00,1785289941,4105,77,3,32.1,47.6,,run
2026-07-29T04:52:26+03:00,1785289946,4110,77,3,32.1,42.0,,run
2026-07-29T04:52:32+03:00,1785289952,4116,77,3,32.1,40.2,,run
2026-07-29T04:52:37+03:00,1785289957,4121,77,3,32.1,39.8,,run
2026-07-29T04:52:42+03:00,1785289962,4126,77,3,32.1,41.7,,run
2026-07-29T04:52:47+03:00,1785289967,4131,77,3,32.1,40.8,,run
2026-07-29T04:52:53+03:00,1785289973,4137,77,3,32.1,54.7,,run
2026-07-29T04:52:58+03:00,1785289978,4142,77,3,32.1,44.8,,run
2026-07-29T04:53:03+03:00,1785289983,4147,77,3,32.1,45.1,,run
2026-07-29T04:53:09+03:00,1785289989,4153,77,3,32.1,45.7,,run
2026-07-29T04:53:14+03:00,1785289994,4158,77,3,32.1,46.0,,run
2026-07-29T04:53:19+03:00,1785289999,4163,77,3,32.1,42.9,,run
2026-07-29T04:53:24+03:00,1785290004,4168,77,3,32.1,41.7,,run
2026-07-29T04:53:30+03:00,1785290010,4174,77,3,32.1,41.4,,run
2026-07-29T04:53:35+03:00,1785290015,4179,77,3,32.1,42.0,,run
2026-07-29T04:53:40+03:00,1785290020,4184,77,3,32.1,42.0,,run
2026-07-29T04:53:45+03:00,1785290025,4189,77,3,32.1,43.6,,run
2026-07-29T04:53:51+03:00,1785290031,4195,77,3,32.1,41.1,,run
2026-07-29T04:53:56+03:00,1785290036,4200,77,3,31.9,41.4,,run
2026-07-29T04:54:01+03:00,1785290041,4205,77,3,31.9,41.4,,run
2026-07-29T04:54:06+03:00,1785290046,4210,77,3,31.9,43.6,,run
2026-07-29T04:54:12+03:00,1785290052,4216,77,3,31.9,46.7,,run
2026-07-29T04:54:17+03:00,1785290057,4221,77,3,31.9,45.4,,run
2026-07-29T04:54:22+03:00,1785290062,4226,77,3,31.9,41.7,,run
2026-07-29T04:54:28+03:00,1785290068,4232,77,3,31.9,43.2,,run
2026-07-29T04:54:33+03:00,1785290073,4237,77,3,31.9,42.3,,run
2026-07-29T04:54:38+03:00,1785290078,4242,77,3,31.9,41.7,,run
2026-07-29T04:54:43+03:00,1785290083,4247,77,3,31.9,41.4,,run
2026-07-29T04:54:49+03:00,1785290089,4253,77,3,31.9,50.4,,run
2026-07-29T04:54:54+03:00,1785290094,4258,77,3,31.9,50.7,,run
2026-07-29T04:54:59+03:00,1785290099,4263,77,3,31.9,46.7,,run
2026-07-29T04:55:05+03:00,1785290105,4269,77,3,31.9,43.2,,run
2026-07-29T04:55:10+03:00,1785290110,4274,77,3,31.9,43.6,,run
2026-07-29T04:55:15+03:00,1785290115,4279,77,3,31.9,43.2,,run
2026-07-29T04:55:20+03:00,1785290120,4284,77,3,31.9,41.4,,run
2026-07-29T04:55:26+03:00,1785290126,4290,77,3,31.9,41.4,,run
2026-07-29T04:55:31+03:00,1785290131,4295,77,3,31.9,40.2,,run
2026-07-29T04:55:36+03:00,1785290136,4300,77,3,31.9,40.8,,run
2026-07-29T04:55:41+03:00,1785290141,4305,77,3,31.9,41.7,,run
2026-07-29T04:55:47+03:00,1785290147,4311,77,3,31.9,42.0,,run
2026-07-29T04:55:52+03:00,1785290152,4316,77,3,31.9,42.3,,run
2026-07-29T04:55:57+03:00,1785290157,4321,77,3,31.9,42.0,,run
2026-07-29T04:56:02+03:00,1785290162,4326,77,3,31.9,40.8,,run
2026-07-29T04:56:08+03:00,1785290168,4332,77,3,31.9,51.0,,run
2026-07-29T04:56:13+03:00,1785290173,4337,77,3,31.9,48.2,,run
2026-07-29T04:56:18+03:00,1785290178,4342,77,3,31.9,46.0,,run
2026-07-29T04:56:24+03:00,1785290184,4348,77,3,31.9,42.6,,run
2026-07-29T04:56:29+03:00,1785290189,4353,77,3,31.9,47.6,,run
2026-07-29T04:56:34+03:00,1785290194,4358,77,3,31.9,42.0,,run
2026-07-29T04:56:39+03:00,1785290199,4363,77,3,31.9,42.0,,run
2026-07-29T04:56:45+03:00,1785290205,4369,77,3,31.9,40.8,,run
2026-07-29T04:56:50+03:00,1785290210,4374,77,3,31.9,51.3,,run
2026-07-29T04:56:55+03:00,1785290215,4379,77,3,31.9,42.6,,run
2026-07-29T04:57:00+03:00,1785290220,4384,77,3,31.9,46.7,,run
2026-07-29T04:57:06+03:00,1785290226,4390,77,3,31.9,45.4,,run
2026-07-29T04:57:11+03:00,1785290231,4395,77,3,31.9,42.3,,run
2026-07-29T04:57:16+03:00,1785290236,4400,77,3,31.9,41.4,,run
2026-07-29T04:57:21+03:00,1785290241,4405,77,3,31.9,45.1,,run
2026-07-29T04:57:27+03:00,1785290247,4411,77,3,31.9,40.8,,run
2026-07-29T04:57:32+03:00,1785290252,4416,77,3,31.9,42.0,,run
2026-07-29T04:57:37+03:00,1785290257,4421,77,3,31.9,43.2,,run
2026-07-29T04:57:42+03:00,1785290262,4426,77,3,31.9,42.3,,run
2026-07-29T04:57:48+03:00,1785290268,4432,77,3,31.9,41.4,,run
2026-07-29T04:57:53+03:00,1785290273,4437,77,3,31.9,40.5,,run
2026-07-29T04:57:58+03:00,1785290278,4442,77,3,31.9,40.8,,run
2026-07-29T04:58:03+03:00,1785290283,4447,77,3,31.9,44.5,,run
2026-07-29T04:58:09+03:00,1785290289,4453,77,3,31.9,46.0,,run
2026-07-29T04:58:14+03:00,1785290294,4458,77,3,31.9,42.0,,run
2026-07-29T04:58:19+03:00,1785290299,4463,77,3,31.9,43.6,,run
2026-07-29T04:58:24+03:00,1785290304,4468,77,3,31.9,47.0,,run
2026-07-29T04:58:30+03:00,1785290310,4474,77,3,31.9,41.7,,run
2026-07-29T04:58:35+03:00,1785290315,4479,77,3,31.9,41.1,,run
2026-07-29T04:58:40+03:00,1785290320,4484,77,3,31.9,44.2,,run
2026-07-29T04:58:45+03:00,1785290325,4489,77,3,31.9,51.0,,run
2026-07-29T04:58:51+03:00,1785290331,4495,77,3,31.9,44.5,,run
2026-07-29T04:58:57+03:00,1785290337,4501,76,3,32.0,42.9,,run
2026-07-29T04:59:02+03:00,1785290342,4506,76,3,32.0,41.1,,run
2026-07-29T04:59:07+03:00,1785290347,4511,76,3,32.0,45.7,,run
2026-07-29T04:59:12+03:00,1785290352,4516,76,3,32.0,47.9,,run
2026-07-29T04:59:18+03:00,1785290358,4522,76,3,32.0,47.6,,run
2026-07-29T04:59:23+03:00,1785290363,4527,76,3,32.0,42.0,,run
2026-07-29T04:59:28+03:00,1785290368,4532,76,3,32.0,42.3,,run
2026-07-29T04:59:33+03:00,1785290373,4537,76,3,32.0,41.4,,run
2026-07-29T04:59:39+03:00,1785290379,4543,76,3,32.0,40.5,,run
2026-07-29T04:59:44+03:00,1785290384,4548,76,3,32.0,41.7,,run
2026-07-29T04:59:49+03:00,1785290389,4553,76,3,32.0,40.8,,run
2026-07-29T04:59:54+03:00,1785290394,4558,76,3,32.0,41.7,,run
2026-07-29T05:00:00+03:00,1785290400,4564,76,3,32.0,47.6,,run
2026-07-29T05:00:05+03:00,1785290405,4569,76,3,32.0,50.7,,run
2026-07-29T05:00:10+03:00,1785290410,4574,76,3,32.0,45.7,,run
2026-07-29T05:00:15+03:00,1785290415,4579,76,3,32.0,40.2,,run
2026-07-29T05:00:21+03:00,1785290421,4585,76,3,32.0,40.2,,run
2026-07-29T05:00:26+03:00,1785290426,4590,76,3,32.0,42.9,,run
2026-07-29T05:00:31+03:00,1785290431,4595,76,3,32.0,44.2,,run
2026-07-29T05:00:36+03:00,1785290436,4600,76,3,32.0,43.6,,run
2026-07-29T05:00:42+03:00,1785290442,4606,76,3,32.0,43.9,,run
2026-07-29T05:00:47+03:00,1785290447,4611,76,3,32.0,51.6,,run
2026-07-29T05:00:52+03:00,1785290452,4616,76,3,32.0,42.9,,run
2026-07-29T05:00:58+03:00,1785290458,4622,76,3,32.0,42.0,,run
2026-07-29T05:01:03+03:00,1785290463,4627,76,3,32.0,41.4,,run
2026-07-29T05:01:08+03:00,1785290468,4632,76,3,32.0,44.2,,run
2026-07-29T05:01:13+03:00,1785290473,4637,76,3,32.0,48.2,,run
2026-07-29T05:01:19+03:00,1785290479,4643,76,3,32.0,42.0,,run
2026-07-29T05:01:24+03:00,1785290484,4648,76,3,32.0,46.7,,run
2026-07-29T05:01:29+03:00,1785290489,4653,76,3,32.0,43.2,,run
2026-07-29T05:01:34+03:00,1785290494,4658,76,3,32.0,42.0,,run
2026-07-29T05:01:40+03:00,1785290500,4664,76,3,32.0,42.6,,run
2026-07-29T05:01:45+03:00,1785290505,4669,76,3,32.0,42.3,,run
2026-07-29T05:01:50+03:00,1785290510,4674,76,3,32.0,42.0,,run
2026-07-29T05:01:55+03:00,1785290515,4679,76,3,32.0,40.8,,run
2026-07-29T05:02:01+03:00,1785290521,4685,76,3,32.0,47.9,,run
2026-07-29T05:02:06+03:00,1785290526,4690,76,3,32.0,42.0,,run
2026-07-29T05:02:11+03:00,1785290531,4695,76,3,32.0,41.4,,run
2026-07-29T05:02:17+03:00,1785290537,4701,76,3,32.0,40.2,,run
2026-07-29T05:02:22+03:00,1785290542,4706,76,3,32.0,39.5,,run
2026-07-29T05:02:27+03:00,1785290547,4711,76,3,32.0,42.9,,run
2026-07-29T05:02:32+03:00,1785290552,4716,76,3,32.0,46.0,,run
2026-07-29T05:02:38+03:00,1785290558,4722,76,3,32.0,41.4,,run
2026-07-29T05:02:43+03:00,1785290563,4727,76,3,32.0,51.3,,run
2026-07-29T05:02:49+03:00,1785290569,4733,76,3,32.0,45.4,,run
2026-07-29T05:02:54+03:00,1785290574,4738,76,3,32.0,42.6,,run
2026-07-29T05:02:59+03:00,1785290579,4743,76,3,32.0,40.8,,run
2026-07-29T05:03:04+03:00,1785290584,4748,76,3,32.0,41.4,,run
2026-07-29T05:03:10+03:00,1785290590,4754,76,3,32.0,42.9,,run
2026-07-29T05:03:15+03:00,1785290595,4759,76,3,32.0,46.7,,run
2026-07-29T05:03:20+03:00,1785290600,4764,76,3,32.0,44.2,,run
2026-07-29T05:03:25+03:00,1785290605,4769,76,3,32.0,48.2,,run
2026-07-29T05:03:30+03:00,1785290610,4774,76,3,32.0,42.6,,run
2026-07-29T05:03:36+03:00,1785290616,4780,76,3,32.0,42.0,,run
2026-07-29T05:03:41+03:00,1785290621,4785,76,3,32.0,46.0,,run
2026-07-29T05:03:46+03:00,1785290626,4790,76,3,32.0,41.4,,run
2026-07-29T05:03:51+03:00,1785290631,4795,76,3,32.0,41.7,,run
2026-07-29T05:03:57+03:00,1785290637,4801,76,3,31.9,46.3,,run
2026-07-29T05:04:02+03:00,1785290642,4806,76,3,31.9,50.7,,run
2026-07-29T05:04:07+03:00,1785290647,4811,76,3,31.9,45.4,,run
2026-07-29T05:04:13+03:00,1785290653,4817,76,3,31.9,40.2,,run
2026-07-29T05:04:18+03:00,1785290658,4822,76,3,31.9,40.8,,run
2026-07-29T05:04:23+03:00,1785290663,4827,76,3,31.9,40.2,,run
2026-07-29T05:04:28+03:00,1785290668,4832,76,3,31.9,38.6,,run
2026-07-29T05:04:34+03:00,1785290674,4838,76,3,31.9,42.0,,run
2026-07-29T05:04:39+03:00,1785290679,4843,76,3,31.9,44.5,,run
2026-07-29T05:04:44+03:00,1785290684,4848,76,3,31.9,54.1,,run
2026-07-29T05:04:50+03:00,1785290690,4854,76,3,31.9,44.5,,run
2026-07-29T05:04:55+03:00,1785290695,4859,76,3,31.9,41.4,,run
2026-07-29T05:05:00+03:00,1785290700,4864,76,3,31.9,41.1,,run
2026-07-29T05:05:05+03:00,1785290705,4869,76,3,31.9,43.9,,run
2026-07-29T05:05:11+03:00,1785290711,4875,76,3,31.9,42.0,,run
2026-07-29T05:05:16+03:00,1785290716,4880,76,3,31.9,40.8,,run
2026-07-29T05:05:21+03:00,1785290721,4885,76,3,31.9,45.7,,run
2026-07-29T05:05:26+03:00,1785290726,4890,76,3,31.9,44.2,,run
2026-07-29T05:05:32+03:00,1785290732,4896,76,3,31.9,43.2,,run
2026-07-29T05:05:37+03:00,1785290737,4901,76,3,31.9,40.8,,run
2026-07-29T05:05:42+03:00,1785290742,4906,76,3,31.9,40.8,,run
2026-07-29T05:05:47+03:00,1785290747,4911,76,3,31.9,43.6,,run
2026-07-29T05:05:53+03:00,1785290753,4917,76,3,31.9,44.8,,run
2026-07-29T05:05:58+03:00,1785290758,4922,76,3,31.9,45.4,,run
2026-07-29T05:06:03+03:00,1785290763,4927,76,3,31.9,44.5,,run
2026-07-29T05:06:08+03:00,1785290768,4932,76,3,31.9,41.7,,run
2026-07-29T05:06:14+03:00,1785290774,4938,76,3,31.9,41.1,,run
2026-07-29T05:06:19+03:00,1785290779,4943,76,3,31.9,39.8,,run
2026-07-29T05:06:24+03:00,1785290784,4948,76,3,31.9,53.8,,run
2026-07-29T05:06:30+03:00,1785290790,4954,76,3,31.9,42.9,,run
2026-07-29T05:06:35+03:00,1785290795,4959,76,3,31.9,41.1,,run
2026-07-29T05:06:40+03:00,1785290800,4964,76,3,31.9,43.9,,run
2026-07-29T05:06:45+03:00,1785290805,4969,76,3,31.9,45.4,,run
2026-07-29T05:06:50+03:00,1785290810,4974,76,3,31.9,42.3,,run
2026-07-29T05:06:56+03:00,1785290816,4980,76,3,31.9,41.7,,run
2026-07-29T05:07:01+03:00,1785290821,4985,76,3,31.9,40.8,,run
2026-07-29T05:07:06+03:00,1785290826,4990,76,3,31.9,40.8,,run
2026-07-29T05:07:12+03:00,1785290832,4996,76,3,31.9,47.3,,run
2026-07-29T05:07:17+03:00,1785290837,5001,76,3,31.9,41.4,,run
2026-07-29T05:07:22+03:00,1785290842,5006,76,3,31.9,42.3,,run
2026-07-29T05:07:27+03:00,1785290847,5011,76,3,31.9,46.7,,run
2026-07-29T05:07:33+03:00,1785290853,5017,76,3,31.9,47.3,,run
2026-07-29T05:07:38+03:00,1785290858,5022,76,3,31.9,52.2,,run
2026-07-29T05:07:43+03:00,1785290863,5027,76,3,31.9,49.7,,run
2026-07-29T05:07:48+03:00,1785290868,5032,76,3,31.9,44.2,,run
2026-07-29T05:07:54+03:00,1785290874,5038,76,3,31.9,40.2,,run
2026-07-29T05:07:59+03:00,1785290879,5043,76,3,31.9,40.8,,run
2026-07-29T05:08:04+03:00,1785290884,5048,76,3,31.9,42.3,,run
2026-07-29T05:08:09+03:00,1785290889,5053,76,3,31.9,40.2,,run
2026-07-29T05:08:15+03:00,1785290895,5059,76,3,31.9,41.1,,run
2026-07-29T05:08:20+03:00,1785290900,5064,76,3,31.9,41.4,,run
2026-07-29T05:08:25+03:00,1785290905,5069,76,3,31.9,50.4,,run
2026-07-29T05:08:30+03:00,1785290910,5074,76,3,31.9,41.4,,run
2026-07-29T05:08:36+03:00,1785290916,5080,76,3,31.9,41.7,,run
2026-07-29T05:08:41+03:00,1785290921,5085,76,3,31.9,41.7,,run
2026-07-29T05:08:46+03:00,1785290926,5090,76,3,31.9,46.0,,run
2026-07-29T05:08:51+03:00,1785290931,5095,76,3,31.9,48.5,,run
2026-07-29T05:08:57+03:00,1785290937,5101,76,3,31.9,43.6,,run
2026-07-29T05:09:02+03:00,1785290942,5106,76,3,31.9,42.6,,run
2026-07-29T05:09:07+03:00,1785290947,5111,76,3,31.9,41.7,,run
2026-07-29T05:09:12+03:00,1785290952,5116,76,3,31.9,40.8,,run
2026-07-29T05:09:18+03:00,1785290958,5122,76,3,31.9,41.4,,run
2026-07-29T05:09:23+03:00,1785290963,5127,76,3,31.9,40.5,,run
2026-07-29T05:09:28+03:00,1785290968,5132,76,3,31.9,46.7,,run
2026-07-29T05:09:33+03:00,1785290973,5137,75,3,31.9,48.2,,run
2026-07-29T05:09:39+03:00,1785290979,5143,75,3,31.9,50.4,,run
2026-07-29T05:09:44+03:00,1785290984,5148,75,3,31.9,47.6,,run
2026-07-29T05:09:49+03:00,1785290989,5153,75,3,31.9,44.5,,run
2026-07-29T05:09:55+03:00,1785290995,5159,75,3,31.9,41.4,,run
2026-07-29T05:10:00+03:00,1785291000,5164,75,3,31.9,41.4,,run
2026-07-29T05:10:05+03:00,1785291005,5169,75,3,31.9,39.5,,run
2026-07-29T05:10:11+03:00,1785291011,5175,75,3,31.9,42.6,,run
2026-07-29T05:10:16+03:00,1785291016,5180,75,3,31.9,42.3,,run
2026-07-29T05:10:21+03:00,1785291021,5185,75,3,31.9,42.6,,run
2026-07-29T05:10:26+03:00,1785291026,5190,75,3,31.9,51.9,,run
2026-07-29T05:10:32+03:00,1785291032,5196,75,3,31.9,46.7,,run
2026-07-29T05:10:37+03:00,1785291037,5201,75,3,31.9,42.6,,run
2026-07-29T05:10:43+03:00,1785291043,5207,75,3,31.9,42.9,,run
2026-07-29T05:10:48+03:00,1785291048,5212,75,3,31.9,41.4,,run
2026-07-29T05:10:53+03:00,1785291053,5217,75,3,31.9,43.6,,run
2026-07-29T05:10:58+03:00,1785291058,5222,75,3,31.9,47.6,,run
2026-07-29T05:11:04+03:00,1785291064,5228,75,3,31.9,47.0,,run
2026-07-29T05:11:09+03:00,1785291069,5233,75,3,31.9,41.1,,run
2026-07-29T05:11:14+03:00,1785291074,5238,75,3,31.9,41.7,,run
2026-07-29T05:11:19+03:00,1785291079,5243,75,3,31.9,40.8,,run
2026-07-29T05:11:25+03:00,1785291085,5249,75,3,31.9,43.6,,run
2026-07-29T05:11:30+03:00,1785291090,5254,75,3,31.9,45.7,,run
2026-07-29T05:11:35+03:00,1785291095,5259,75,3,31.9,42.3,,run
2026-07-29T05:11:40+03:00,1785291100,5264,75,3,31.9,49.7,,run
2026-07-29T05:11:46+03:00,1785291106,5270,75,3,31.9,49.7,,run
2026-07-29T05:11:51+03:00,1785291111,5275,75,3,31.9,50.4,,run
2026-07-29T05:11:56+03:00,1785291116,5280,75,3,31.9,42.0,,run
2026-07-29T05:12:01+03:00,1785291121,5285,75,3,31.9,42.0,,run
2026-07-29T05:12:07+03:00,1785291127,5291,75,3,31.9,39.8,,run
2026-07-29T05:12:12+03:00,1785291132,5296,75,3,31.9,39.2,,run
2026-07-29T05:12:17+03:00,1785291137,5301,75,3,31.9,39.8,,run
2026-07-29T05:12:22+03:00,1785291142,5306,75,3,31.9,40.8,,run
2026-07-29T05:12:28+03:00,1785291148,5312,75,3,31.9,52.8,,run
2026-07-29T05:12:33+03:00,1785291153,5317,75,3,31.9,44.5,,run
2026-07-29T05:12:38+03:00,1785291158,5322,75,3,31.9,42.6,,run
2026-07-29T05:12:44+03:00,1785291164,5328,75,3,31.9,44.8,,run
2026-07-29T05:12:49+03:00,1785291169,5333,75,3,31.9,46.0,,run
2026-07-29T05:12:54+03:00,1785291174,5338,75,3,31.9,42.3,,run
2026-07-29T05:12:59+03:00,1785291179,5343,75,3,31.9,42.6,,run
2026-07-29T05:13:05+03:00,1785291185,5349,75,3,31.9,43.2,,run
2026-07-29T05:13:10+03:00,1785291190,5354,75,3,31.9,43.2,,run
2026-07-29T05:13:15+03:00,1785291195,5359,75,3,31.9,42.0,,run
2026-07-29T05:13:20+03:00,1785291200,5364,75,3,31.9,40.8,,run
2026-07-29T05:13:26+03:00,1785291206,5370,75,3,31.9,41.4,,run
2026-07-29T05:13:31+03:00,1785291211,5375,75,3,31.9,44.5,,run
2026-07-29T05:13:36+03:00,1785291216,5380,75,3,31.9,47.3,,run
2026-07-29T05:13:41+03:00,1785291221,5385,75,3,31.9,45.4,,run
2026-07-29T05:13:47+03:00,1785291227,5391,75,3,31.9,47.6,,run
2026-07-29T05:13:52+03:00,1785291232,5396,75,3,31.9,42.0,,run
2026-07-29T05:13:57+03:00,1785291237,5401,75,3,31.9,44.8,,run
2026-07-29T05:14:02+03:00,1785291242,5406,75,3,31.9,41.7,,run
2026-07-29T05:14:08+03:00,1785291248,5412,75,3,31.9,40.8,,run
2026-07-29T05:14:13+03:00,1785291253,5417,75,3,31.9,39.2,,run
2026-07-29T05:14:18+03:00,1785291258,5422,75,3,31.9,40.8,,run
2026-07-29T05:14:23+03:00,1785291263,5427,75,3,31.9,44.2,,run
2026-07-29T05:14:29+03:00,1785291269,5433,75,3,31.9,47.9,,run
2026-07-29T05:14:34+03:00,1785291274,5438,75,3,31.9,42.0,,run
2026-07-29T05:14:39+03:00,1785291279,5443,75,3,31.9,43.9,,run
2026-07-29T05:14:44+03:00,1785291284,5448,75,3,31.9,43.9,,run
2026-07-29T05:14:50+03:00,1785291290,5454,75,3,31.9,46.0,,run
2026-07-29T05:14:55+03:00,1785291295,5459,75,3,31.9,46.0,,run
2026-07-29T05:15:00+03:00,1785291300,5464,75,3,31.9,43.2,,run
2026-07-29T05:15:05+03:00,1785291305,5469,75,3,31.9,42.3,,run
2026-07-29T05:15:11+03:00,1785291311,5475,75,3,31.9,42.3,,run
2026-07-29T05:15:16+03:00,1785291316,5480,75,3,31.9,41.4,,run
2026-07-29T05:15:21+03:00,1785291321,5485,75,3,31.9,40.5,,run
2026-07-29T05:15:26+03:00,1785291326,5490,75,3,31.9,40.8,,run
2026-07-29T05:15:32+03:00,1785291332,5496,75,3,31.9,40.2,,run
2026-07-29T05:15:37+03:00,1785291337,5501,75,3,31.9,42.9,,run
2026-07-29T05:15:42+03:00,1785291342,5506,75,3,31.9,53.8,,run
2026-07-29T05:15:48+03:00,1785291348,5512,75,3,31.9,49.7,,run
2026-07-29T05:15:53+03:00,1785291353,5517,75,3,31.9,42.6,,run
2026-07-29T05:15:59+03:00,1785291359,5523,75,3,31.9,40.2,,run
2026-07-29T05:16:04+03:00,1785291364,5528,75,3,31.9,41.4,,run
2026-07-29T05:16:09+03:00,1785291369,5533,75,3,31.9,39.8,,run
2026-07-29T05:16:14+03:00,1785291374,5538,75,3,31.9,44.5,,run
2026-07-29T05:16:20+03:00,1785291380,5544,75,3,31.9,43.2,,run
2026-07-29T05:16:25+03:00,1785291385,5549,75,3,31.9,51.3,,run
2026-07-29T05:16:30+03:00,1785291390,5554,75,3,31.9,44.5,,run
2026-07-29T05:16:35+03:00,1785291395,5559,75,3,31.9,43.9,,run
2026-07-29T05:16:41+03:00,1785291401,5565,75,3,31.9,41.7,,run
2026-07-29T05:16:46+03:00,1785291406,5570,75,3,31.9,47.3,,run
2026-07-29T05:16:51+03:00,1785291411,5575,75,3,31.9,42.3,,run
2026-07-29T05:16:56+03:00,1785291416,5580,75,3,31.9,42.0,,run
2026-07-29T05:17:02+03:00,1785291422,5586,75,3,31.9,45.4,,run
2026-07-29T05:17:07+03:00,1785291427,5591,75,3,31.9,46.7,,run
2026-07-29T05:17:12+03:00,1785291432,5596,75,3,31.9,42.0,,run
2026-07-29T05:17:17+03:00,1785291437,5601,75,3,31.9,43.2,,run
2026-07-29T05:17:23+03:00,1785291443,5607,75,3,31.9,42.9,,run
2026-07-29T05:17:28+03:00,1785291448,5612,75,3,31.9,43.6,,run
2026-07-29T05:17:33+03:00,1785291453,5617,75,3,31.9,42.9,,run
2026-07-29T05:17:38+03:00,1785291458,5622,75,3,31.9,45.4,,run
2026-07-29T05:17:44+03:00,1785291464,5628,75,3,31.9,45.1,,run
2026-07-29T05:17:49+03:00,1785291469,5633,75,3,31.9,46.3,,run
2026-07-29T05:17:54+03:00,1785291474,5638,75,3,31.9,46.7,,run
2026-07-29T05:18:00+03:00,1785291480,5644,75,3,31.9,42.0,,run
2026-07-29T05:18:05+03:00,1785291485,5649,75,3,31.9,51.0,,run
2026-07-29T05:18:10+03:00,1785291490,5654,75,3,31.9,49.7,,run
2026-07-29T05:18:16+03:00,1785291496,5660,75,3,31.9,44.8,,run
2026-07-29T05:18:21+03:00,1785291501,5665,75,3,31.9,43.2,,run
2026-07-29T05:18:26+03:00,1785291506,5670,75,3,31.9,44.2,,run
2026-07-29T05:18:31+03:00,1785291511,5675,75,3,31.9,42.3,,run
2026-07-29T05:18:37+03:00,1785291517,5681,75,3,31.9,41.4,,run
2026-07-29T05:18:42+03:00,1785291522,5686,75,3,31.9,42.0,,run
2026-07-29T05:18:47+03:00,1785291527,5691,75,3,31.9,41.4,,run
2026-07-29T05:18:52+03:00,1785291532,5696,75,3,31.9,41.1,,run
2026-07-29T05:18:58+03:00,1785291538,5702,75,3,31.9,46.3,,run
2026-07-29T05:19:03+03:00,1785291543,5707,75,3,31.9,40.8,,run
2026-07-29T05:19:08+03:00,1785291548,5712,75,3,31.9,44.2,,run
2026-07-29T05:19:13+03:00,1785291553,5717,75,3,31.9,44.2,,run
2026-07-29T05:19:19+03:00,1785291559,5723,75,3,31.9,45.7,,run
2026-07-29T05:19:24+03:00,1785291564,5728,75,3,31.9,51.6,,run
2026-07-29T05:19:29+03:00,1785291569,5733,75,3,31.9,43.2,,run
2026-07-29T05:19:34+03:00,1785291574,5738,75,3,31.9,41.1,,run
2026-07-29T05:19:40+03:00,1785291580,5744,75,3,31.9,44.8,,run
2026-07-29T05:19:45+03:00,1785291585,5749,75,3,31.9,41.1,,run
2026-07-29T05:19:50+03:00,1785291590,5754,75,3,31.9,39.5,,run
2026-07-29T05:19:55+03:00,1785291595,5759,75,3,31.9,46.7,,run
2026-07-29T05:20:01+03:00,1785291601,5765,75,3,31.9,47.0,,run
2026-07-29T05:20:06+03:00,1785291606,5770,75,3,31.9,52.2,,run
2026-07-29T05:20:11+03:00,1785291611,5775,75,3,31.9,42.6,,run
2026-07-29T05:20:16+03:00,1785291616,5780,74,3,31.8,41.4,,run
2026-07-29T05:20:22+03:00,1785291622,5786,74,3,31.8,46.3,,run
2026-07-29T05:20:27+03:00,1785291627,5791,74,3,31.8,42.6,,run
2026-07-29T05:20:32+03:00,1785291632,5796,74,3,31.8,41.7,,run
2026-07-29T05:20:37+03:00,1785291637,5801,74,3,31.8,42.0,,run
2026-07-29T05:20:43+03:00,1785291643,5807,74,3,31.8,40.8,,run
2026-07-29T05:20:48+03:00,1785291648,5812,74,3,31.8,41.4,,run
2026-07-29T05:20:53+03:00,1785291653,5817,74,3,31.8,42.0,,run
2026-07-29T05:20:58+03:00,1785291658,5822,74,3,31.8,40.5,,run
2026-07-29T05:21:04+03:00,1785291664,5828,74,3,31.8,40.2,,run
2026-07-29T05:21:09+03:00,1785291669,5833,74,3,31.8,46.3,,run
2026-07-29T05:21:14+03:00,1785291674,5838,74,3,31.8,44.5,,run
2026-07-29T05:21:20+03:00,1785291680,5844,74,3,31.8,51.0,,run
2026-07-29T05:21:25+03:00,1785291685,5849,74,3,31.8,42.6,,run
2026-07-29T05:21:30+03:00,1785291690,5854,74,3,31.8,41.7,,run
2026-07-29T05:21:36+03:00,1785291696,5860,74,3,31.8,39.8,,run
2026-07-29T05:21:41+03:00,1785291701,5865,74,3,31.8,40.2,,run
2026-07-29T05:21:46+03:00,1785291706,5870,74,3,31.8,38.9,,run
2026-07-29T05:21:51+03:00,1785291711,5875,74,3,31.8,38.9,,run
2026-07-29T05:21:57+03:00,1785291717,5881,74,3,31.8,44.2,,run
2026-07-29T05:22:02+03:00,1785291722,5886,74,3,31.8,52.2,,run
2026-07-29T05:22:08+03:00,1785291728,5892,74,3,31.8,43.9,,run
2026-07-29T05:22:13+03:00,1785291733,5897,74,3,31.8,41.1,,run
2026-07-29T05:22:18+03:00,1785291738,5902,74,3,31.8,43.6,,run
2026-07-29T05:22:23+03:00,1785291743,5907,74,3,31.8,41.7,,run
2026-07-29T05:22:28+03:00,1785291748,5912,74,3,31.8,40.5,,run
2026-07-29T05:22:34+03:00,1785291754,5918,74,3,31.8,42.0,,run
2026-07-29T05:22:39+03:00,1785291759,5923,74,3,31.8,45.1,,run
2026-07-29T05:22:44+03:00,1785291764,5928,74,3,31.8,42.6,,run
2026-07-29T05:22:50+03:00,1785291770,5934,74,3,31.8,43.2,,run
2026-07-29T05:22:55+03:00,1785291775,5939,74,3,31.8,42.9,,run
2026-07-29T05:23:00+03:00,1785291780,5944,74,3,31.8,40.8,,run
2026-07-29T05:23:05+03:00,1785291785,5949,74,3,31.8,40.8,,run
2026-07-29T05:23:11+03:00,1785291791,5955,74,3,31.8,40.2,,run
2026-07-29T05:23:16+03:00,1785291796,5960,74,3,31.8,44.2,,run
2026-07-29T05:23:21+03:00,1785291801,5965,74,3,31.8,54.4,,run
2026-07-29T05:23:27+03:00,1785291807,5971,74,3,31.8,44.5,,run
2026-07-29T05:23:32+03:00,1785291812,5976,74,3,31.8,43.2,,run
2026-07-29T05:23:37+03:00,1785291817,5981,74,3,31.8,41.1,,run
2026-07-29T05:23:42+03:00,1785291822,5986,74,3,31.8,45.4,,run
2026-07-29T05:23:48+03:00,1785291828,5992,74,3,31.8,45.7,,run
2026-07-29T05:23:53+03:00,1785291833,5997,74,3,31.8,42.6,,run
2026-07-29T05:23:58+03:00,1785291838,6002,74,3,31.6,41.4,,run
2026-07-29T05:24:03+03:00,1785291843,6007,74,3,31.6,51.9,,run
2026-07-29T05:24:09+03:00,1785291849,6013,74,3,31.6,45.1,,run
2026-07-29T05:24:14+03:00,1785291854,6018,74,3,31.6,42.9,,run
2026-07-29T05:24:20+03:00,1785291860,6024,74,3,31.6,40.8,,run
2026-07-29T05:24:25+03:00,1785291865,6029,74,3,31.6,41.7,,run
2026-07-29T05:24:30+03:00,1785291870,6034,74,3,31.6,41.1,,run
2026-07-29T05:24:35+03:00,1785291875,6039,74,3,31.6,40.5,,run
2026-07-29T05:24:41+03:00,1785291881,6045,74,3,31.6,41.4,,run
2026-07-29T05:24:46+03:00,1785291886,6050,74,3,31.6,40.5,,run
2026-07-29T05:24:51+03:00,1785291891,6055,74,3,31.6,47.0,,run
2026-07-29T05:24:56+03:00,1785291896,6060,74,3,31.6,42.6,,run
2026-07-29T05:25:02+03:00,1785291902,6066,74,3,31.6,43.9,,run
2026-07-29T05:25:07+03:00,1785291907,6071,74,3,31.6,46.3,,run
2026-07-29T05:25:12+03:00,1785291912,6076,74,3,31.6,45.1,,run
2026-07-29T05:25:17+03:00,1785291917,6081,74,3,31.6,47.6,,run
2026-07-29T05:25:23+03:00,1785291923,6087,74,3,31.6,49.4,,run
2026-07-29T05:25:28+03:00,1785291928,6092,74,3,31.6,43.6,,run
2026-07-29T05:25:33+03:00,1785291933,6097,74,3,31.6,40.5,,run
2026-07-29T05:25:38+03:00,1785291938,6102,74,3,31.6,39.8,,run
2026-07-29T05:25:44+03:00,1785291944,6108,74,3,31.6,45.1,,run
2026-07-29T05:25:49+03:00,1785291949,6113,74,3,31.6,46.0,,run
2026-07-29T05:25:54+03:00,1785291954,6118,74,3,31.6,46.7,,run
2026-07-29T05:25:59+03:00,1785291959,6123,74,3,31.6,47.6,,run
2026-07-29T05:26:05+03:00,1785291965,6129,74,3,31.6,48.2,,run
2026-07-29T05:26:10+03:00,1785291970,6134,74,3,31.6,47.6,,run
2026-07-29T05:26:15+03:00,1785291975,6139,74,3,31.6,43.9,,run
2026-07-29T05:26:21+03:00,1785291981,6145,74,3,31.6,43.2,,run
2026-07-29T05:26:26+03:00,1785291986,6150,74,3,31.6,42.6,,run
2026-07-29T05:26:31+03:00,1785291991,6155,74,3,31.6,42.3,,run
2026-07-29T05:26:36+03:00,1785291996,6160,74,3,31.6,40.8,,run
2026-07-29T05:26:42+03:00,1785292002,6166,74,3,31.6,41.1,,run
2026-07-29T05:26:47+03:00,1785292007,6171,74,3,31.6,40.2,,run
2026-07-29T05:26:52+03:00,1785292012,6176,74,3,31.6,40.8,,run
2026-07-29T05:26:57+03:00,1785292017,6181,74,3,31.6,40.5,,run
2026-07-29T05:27:03+03:00,1785292023,6187,74,3,31.6,39.5,,run
2026-07-29T05:27:08+03:00,1785292028,6192,74,3,31.6,43.9,,run
2026-07-29T05:27:13+03:00,1785292033,6197,74,3,31.6,45.7,,run
2026-07-29T05:27:18+03:00,1785292038,6202,74,3,31.6,52.5,,run
2026-07-29T05:27:24+03:00,1785292044,6208,74,3,31.6,46.0,,run
2026-07-29T05:27:29+03:00,1785292049,6213,74,3,31.6,42.0,,run
2026-07-29T05:27:35+03:00,1785292055,6219,74,3,31.6,39.8,,run
2026-07-29T05:27:40+03:00,1785292060,6224,74,3,31.6,39.8,,run
2026-07-29T05:27:45+03:00,1785292065,6229,74,3,31.6,38.9,,run
2026-07-29T05:27:50+03:00,1785292070,6234,74,3,31.6,41.4,,run
2026-07-29T05:27:56+03:00,1785292076,6240,74,3,31.6,44.5,,run
2026-07-29T05:28:01+03:00,1785292081,6245,74,3,31.6,53.5,,run
2026-07-29T05:28:07+03:00,1785292087,6251,74,3,31.6,47.9,,run
2026-07-29T05:28:12+03:00,1785292092,6256,74,3,31.6,42.6,,run
2026-07-29T05:28:17+03:00,1785292097,6261,74,3,31.6,41.7,,run
2026-07-29T05:28:22+03:00,1785292102,6266,74,3,31.6,40.8,,run
2026-07-29T05:28:28+03:00,1785292108,6272,74,3,31.6,42.0,,run
2026-07-29T05:28:33+03:00,1785292113,6277,74,3,31.6,41.1,,run
2026-07-29T05:28:38+03:00,1785292118,6282,74,3,31.6,40.5,,run
2026-07-29T05:28:43+03:00,1785292123,6287,74,3,31.6,39.8,,run
2026-07-29T05:28:49+03:00,1785292129,6293,74,3,31.6,40.5,,run
2026-07-29T05:28:54+03:00,1785292134,6298,74,3,31.6,40.8,,run
2026-07-29T05:28:59+03:00,1785292139,6303,74,3,31.6,42.3,,run
2026-07-29T05:29:04+03:00,1785292144,6308,74,3,31.6,42.0,,run
2026-07-29T05:29:10+03:00,1785292150,6314,74,3,31.6,40.5,,run
2026-07-29T05:29:15+03:00,1785292155,6319,74,3,31.6,42.0,,run
2026-07-29T05:29:20+03:00,1785292160,6324,74,3,31.6,51.9,,run
2026-07-29T05:29:26+03:00,1785292166,6330,74,3,31.6,49.1,,run
2026-07-29T05:29:31+03:00,1785292171,6335,74,3,31.6,42.3,,run
2026-07-29T05:29:36+03:00,1785292176,6340,74,3,31.6,40.2,,run
2026-07-29T05:29:41+03:00,1785292181,6345,74,3,31.6,40.5,,run
2026-07-29T05:29:47+03:00,1785292187,6351,74,3,31.6,39.8,,run
2026-07-29T05:29:52+03:00,1785292192,6356,74,3,31.6,42.6,,run
2026-07-29T05:29:58+03:00,1785292198,6362,74,3,31.6,40.8,,run
2026-07-29T05:30:03+03:00,1785292203,6367,74,3,31.6,39.5,,run
2026-07-29T05:30:08+03:00,1785292208,6372,74,3,31.6,45.1,,run
2026-07-29T05:30:13+03:00,1785292213,6377,74,3,31.6,49.1,,run
2026-07-29T05:30:19+03:00,1785292219,6383,74,3,31.6,46.0,,run
2026-07-29T05:30:24+03:00,1785292224,6388,74,3,31.6,43.2,,run
2026-07-29T05:30:29+03:00,1785292229,6393,74,3,31.6,41.4,,run
2026-07-29T05:30:35+03:00,1785292235,6399,74,3,31.6,41.7,,run
2026-07-29T05:30:40+03:00,1785292240,6404,74,3,31.6,44.2,,run
2026-07-29T05:30:45+03:00,1785292245,6409,74,3,31.6,44.2,,run
2026-07-29T05:30:50+03:00,1785292250,6414,74,3,31.6,42.0,,run
2026-07-29T05:30:56+03:00,1785292256,6420,74,3,31.6,42.0,,run
2026-07-29T05:31:01+03:00,1785292261,6425,73,3,31.6,42.0,,run
2026-07-29T05:31:06+03:00,1785292266,6430,73,3,31.6,42.6,,run
2026-07-29T05:31:11+03:00,1785292271,6435,73,3,31.6,43.6,,run
2026-07-29T05:31:17+03:00,1785292277,6441,73,3,31.6,43.6,,run
2026-07-29T05:31:22+03:00,1785292282,6446,73,3,31.6,42.6,,run
2026-07-29T05:31:27+03:00,1785292287,6451,73,3,31.6,51.0,,run
2026-07-29T05:31:33+03:00,1785292293,6457,73,3,31.6,48.5,,run
2026-07-29T05:31:38+03:00,1785292298,6462,73,3,31.6,46.0,,run
2026-07-29T05:31:44+03:00,1785292304,6468,73,3,31.6,41.4,,run
2026-07-29T05:31:49+03:00,1785292309,6473,73,3,31.6,40.5,,run
2026-07-29T05:31:54+03:00,1785292314,6478,73,3,31.6,38.9,,run
2026-07-29T05:31:59+03:00,1785292319,6483,73,3,31.6,52.8,,run
2026-07-29T05:32:05+03:00,1785292325,6489,73,3,31.6,47.0,,run
2026-07-29T05:32:10+03:00,1785292330,6494,73,3,31.6,42.0,,run
2026-07-29T05:32:16+03:00,1785292336,6500,73,3,31.6,47.3,,run
2026-07-29T05:32:21+03:00,1785292341,6505,73,3,31.6,46.7,,run
2026-07-29T05:32:26+03:00,1785292346,6510,73,3,31.6,42.3,,run
2026-07-29T05:32:31+03:00,1785292351,6515,73,3,31.6,42.0,,run
2026-07-29T05:32:37+03:00,1785292357,6521,73,3,31.6,42.6,,run
2026-07-29T05:32:42+03:00,1785292362,6526,73,3,31.6,42.3,,run
2026-07-29T05:32:47+03:00,1785292367,6531,73,3,31.6,41.1,,run
2026-07-29T05:32:52+03:00,1785292372,6536,73,3,31.6,40.5,,run
2026-07-29T05:32:58+03:00,1785292378,6542,73,3,31.6,40.8,,run
2026-07-29T05:33:03+03:00,1785292383,6547,73,3,31.6,40.5,,run
2026-07-29T05:33:08+03:00,1785292388,6552,73,3,31.6,41.1,,run
2026-07-29T05:33:14+03:00,1785292394,6558,73,3,31.6,45.4,,run
2026-07-29T05:33:19+03:00,1785292399,6563,73,3,31.6,49.1,,run
2026-07-29T05:33:24+03:00,1785292404,6568,73,3,31.6,42.9,,run
2026-07-29T05:33:29+03:00,1785292409,6573,73,3,31.6,44.2,,run
2026-07-29T05:33:35+03:00,1785292415,6579,73,3,31.6,47.3,,run
2026-07-29T05:33:40+03:00,1785292420,6584,73,3,31.6,47.0,,run
2026-07-29T05:33:45+03:00,1785292425,6589,73,3,31.6,41.4,,run
2026-07-29T05:33:51+03:00,1785292431,6595,73,3,31.6,41.4,,run
2026-07-29T05:33:56+03:00,1785292436,6600,73,3,31.5,40.5,,run
2026-07-29T05:34:01+03:00,1785292441,6605,73,3,31.5,39.8,,run
2026-07-29T05:34:06+03:00,1785292446,6610,73,3,31.5,51.6,,run
2026-07-29T05:34:12+03:00,1785292452,6616,73,3,31.5,43.9,,run
2026-07-29T05:34:17+03:00,1785292457,6621,73,3,31.5,44.2,,run
2026-07-29T05:34:23+03:00,1785292463,6627,73,3,31.5,46.3,,run
2026-07-29T05:34:28+03:00,1785292468,6632,73,3,31.5,47.6,,run
2026-07-29T05:34:33+03:00,1785292473,6637,73,3,31.5,43.2,,run
2026-07-29T05:34:39+03:00,1785292479,6643,73,3,31.5,43.2,,run
2026-07-29T05:34:44+03:00,1785292484,6648,73,3,31.5,41.7,,run
2026-07-29T05:34:49+03:00,1785292489,6653,73,3,31.5,40.5,,run
2026-07-29T05:34:54+03:00,1785292494,6658,73,3,31.5,40.8,,run
2026-07-29T05:35:00+03:00,1785292500,6664,73,3,31.5,41.1,,run
2026-07-29T05:35:05+03:00,1785292505,6669,73,3,31.5,40.2,,run
2026-07-29T05:35:10+03:00,1785292510,6674,73,3,31.5,40.5,,run
2026-07-29T05:35:16+03:00,1785292516,6680,73,3,31.5,40.8,,run
2026-07-29T05:35:21+03:00,1785292521,6685,73,3,31.5,48.5,,run
2026-07-29T05:35:26+03:00,1785292526,6690,73,3,31.5,49.4,,run
2026-07-29T05:35:31+03:00,1785292531,6695,73,3,31.5,40.2,,run
2026-07-29T05:35:37+03:00,1785292537,6701,73,3,31.5,41.1,,run
2026-07-29T05:35:43+03:00,1785292543,6707,73,3,31.5,45.1,,run
2026-07-29T05:35:48+03:00,1785292548,6712,73,3,31.5,44.5,,run
2026-07-29T05:35:54+03:00,1785292554,6718,73,3,31.5,39.2,,run
2026-07-29T05:35:59+03:00,1785292559,6723,73,3,31.5,41.1,,run
2026-07-29T05:36:04+03:00,1785292564,6728,73,3,31.5,40.5,,run
2026-07-29T05:36:09+03:00,1785292569,6733,73,3,31.5,39.8,,run
2026-07-29T05:36:15+03:00,1785292575,6739,73,3,31.5,38.9,,run
2026-07-29T05:36:20+03:00,1785292580,6744,73,3,31.5,50.7,,run
2026-07-29T05:36:26+03:00,1785292586,6750,73,3,31.5,42.0,,run
2026-07-29T05:36:31+03:00,1785292591,6755,73,3,31.5,46.7,,run
2026-07-29T05:36:36+03:00,1785292596,6760,73,3,31.5,47.0,,run
2026-07-29T05:36:41+03:00,1785292601,6765,73,3,31.5,42.0,,run
2026-07-29T05:36:47+03:00,1785292607,6771,73,3,31.5,42.9,,run
2026-07-29T05:36:53+03:00,1785292613,6777,73,3,31.5,42.6,,run
2026-07-29T05:36:58+03:00,1785292618,6782,73,3,31.5,40.8,,run
2026-07-29T05:37:03+03:00,1785292623,6787,73,3,31.5,41.4,,run
2026-07-29T05:37:09+03:00,1785292629,6793,73,3,31.5,43.6,,run
2026-07-29T05:37:14+03:00,1785292634,6798,73,3,31.5,41.4,,run
2026-07-29T05:37:19+03:00,1785292639,6803,73,3,31.5,44.5,,run
2026-07-29T05:37:24+03:00,1785292644,6808,73,3,31.5,42.9,,run
2026-07-29T05:37:30+03:00,1785292650,6814,73,3,31.5,45.7,,run
2026-07-29T05:37:35+03:00,1785292655,6819,73,3,31.5,48.5,,run
2026-07-29T05:37:40+03:00,1785292660,6824,73,3,31.5,52.2,,run
2026-07-29T05:37:45+03:00,1785292665,6829,73,3,31.5,46.0,,run
2026-07-29T05:37:51+03:00,1785292671,6835,73,3,31.5,41.1,,run
2026-07-29T05:37:56+03:00,1785292676,6840,73,3,31.5,40.8,,run
2026-07-29T05:38:01+03:00,1785292681,6845,73,3,31.5,40.2,,run
2026-07-29T05:38:06+03:00,1785292686,6850,73,3,31.5,46.0,,run
2026-07-29T05:38:12+03:00,1785292692,6856,73,3,31.5,42.9,,run
2026-07-29T05:38:17+03:00,1785292697,6861,73,3,31.5,44.8,,run
2026-07-29T05:38:22+03:00,1785292702,6866,73,3,31.5,50.4,,run
2026-07-29T05:38:28+03:00,1785292708,6872,73,3,31.5,42.3,,run
2026-07-29T05:38:33+03:00,1785292713,6877,73,3,31.5,41.7,,run
2026-07-29T05:38:38+03:00,1785292718,6882,73,3,31.5,47.0,,run
2026-07-29T05:38:44+03:00,1785292724,6888,73,3,31.5,46.7,,run
2026-07-29T05:38:49+03:00,1785292729,6893,73,3,31.5,42.6,,run
2026-07-29T05:38:54+03:00,1785292734,6898,73,3,31.5,41.4,,run
2026-07-29T05:38:59+03:00,1785292739,6903,73,3,31.5,45.4,,run
2026-07-29T05:39:05+03:00,1785292745,6909,73,3,31.5,41.1,,run
2026-07-29T05:39:10+03:00,1785292750,6914,73,3,31.5,41.7,,run
2026-07-29T05:39:15+03:00,1785292755,6919,73,3,31.5,42.9,,run
2026-07-29T05:39:20+03:00,1785292760,6924,73,3,31.5,40.5,,run
2026-07-29T05:39:26+03:00,1785292766,6930,73,3,31.5,40.2,,run
2026-07-29T05:39:31+03:00,1785292771,6935,73,3,31.5,39.5,,run
2026-07-29T05:39:36+03:00,1785292776,6940,73,3,31.5,43.6,,run
2026-07-29T05:39:41+03:00,1785292781,6945,73,3,31.5,50.4,,run
2026-07-29T05:39:47+03:00,1785292787,6951,73,3,31.5,45.1,,run
2026-07-29T05:39:52+03:00,1785292792,6956,73,3,31.5,39.5,,run
2026-07-29T05:39:57+03:00,1785292797,6961,73,3,31.5,44.5,,run
2026-07-29T05:40:03+03:00,1785292803,6967,73,3,31.5,46.0,,run
2026-07-29T05:40:08+03:00,1785292808,6972,73,3,31.5,49.7,,run
2026-07-29T05:40:13+03:00,1785292813,6977,73,3,31.5,41.4,,run
2026-07-29T05:40:18+03:00,1785292818,6982,73,3,31.5,40.2,,run
2026-07-29T05:40:24+03:00,1785292824,6988,73,3,31.5,44.8,,run
2026-07-29T05:40:29+03:00,1785292829,6993,73,3,31.5,42.3,,run
2026-07-29T05:40:34+03:00,1785292834,6998,73,3,31.5,42.6,,run
2026-07-29T05:40:39+03:00,1785292839,7003,73,3,31.5,41.1,,run
2026-07-29T05:40:45+03:00,1785292845,7009,73,3,31.5,42.0,,run
2026-07-29T05:40:50+03:00,1785292850,7014,73,3,31.5,42.6,,run
2026-07-29T05:40:55+03:00,1785292855,7019,73,3,31.5,47.3,,run
2026-07-29T05:41:00+03:00,1785292860,7024,73,3,31.5,45.7,,run
2026-07-29T05:41:06+03:00,1785292866,7030,73,3,31.5,42.6,,run
2026-07-29T05:41:11+03:00,1785292871,7035,73,3,31.5,40.5,,run
2026-07-29T05:41:16+03:00,1785292876,7040,73,3,31.5,44.2,,run
2026-07-29T05:41:21+03:00,1785292881,7045,73,3,31.5,49.1,,run
2026-07-29T05:41:27+03:00,1785292887,7051,73,3,31.5,42.6,,run
2026-07-29T05:41:32+03:00,1785292892,7056,73,3,31.5,42.3,,run
2026-07-29T05:41:38+03:00,1785292898,7062,73,3,31.5,38.9,,run
2026-07-29T05:41:43+03:00,1785292903,7067,72,3,31.3,39.5,,run
2026-07-29T05:41:48+03:00,1785292908,7072,72,3,31.3,40.2,,run
2026-07-29T05:41:53+03:00,1785292913,7077,72,3,31.3,39.2,,run
2026-07-29T05:41:59+03:00,1785292919,7083,72,3,31.3,39.8,,run
2026-07-29T05:42:04+03:00,1785292924,7088,72,3,31.3,38.9,,run
2026-07-29T05:42:09+03:00,1785292929,7093,72,3,31.3,52.2,,run
2026-07-29T05:42:15+03:00,1785292935,7099,72,3,31.3,46.7,,run
2026-07-29T05:42:20+03:00,1785292940,7104,72,3,31.3,44.2,,run
2026-07-29T05:42:25+03:00,1785292945,7109,72,3,31.3,42.3,,run
2026-07-29T05:42:30+03:00,1785292950,7114,72,3,31.3,40.8,,run
2026-07-29T05:42:36+03:00,1785292956,7120,72,3,31.3,42.0,,run
2026-07-29T05:42:41+03:00,1785292961,7125,72,3,31.3,42.0,,run
2026-07-29T05:42:46+03:00,1785292966,7130,72,3,31.3,42.3,,run
2026-07-29T05:42:51+03:00,1785292971,7135,72,3,31.3,42.6,,run
2026-07-29T05:42:57+03:00,1785292977,7141,72,3,31.3,42.6,,run
2026-07-29T05:43:02+03:00,1785292982,7146,72,3,31.3,40.8,,run
2026-07-29T05:43:07+03:00,1785292987,7151,72,3,31.3,41.7,,run
2026-07-29T05:43:12+03:00,1785292992,7156,72,3,31.3,42.6,,run
2026-07-29T05:43:18+03:00,1785292998,7162,72,3,31.3,47.3,,run
2026-07-29T05:43:23+03:00,1785293003,7167,72,3,31.3,47.0,,run
2026-07-29T05:43:28+03:00,1785293008,7172,72,3,31.3,51.0,,run
2026-07-29T05:43:33+03:00,1785293013,7177,72,3,31.3,42.6,,run
2026-07-29T05:43:39+03:00,1785293019,7183,72,3,31.3,40.5,,run
2026-07-29T05:43:44+03:00,1785293024,7188,72,3,31.3,40.5,,run
2026-07-29T05:43:49+03:00,1785293029,7193,72,3,31.3,40.2,,run
2026-07-29T05:43:55+03:00,1785293035,7199,72,3,31.2,39.2,,run
2026-07-29T05:44:00+03:00,1785293040,7204,72,3,31.2,39.8,,run
2026-07-29T05:44:05+03:00,1785293045,7209,72,3,31.2,41.7,,run
2026-07-29T05:44:10+03:00,1785293050,7214,72,3,31.2,51.6,,run
2026-07-29T05:44:16+03:00,1785293056,7220,72,3,31.2,44.5,,run
2026-07-29T05:44:21+03:00,1785293061,7225,72,3,31.2,41.7,,run
2026-07-29T05:44:26+03:00,1785293066,7230,72,3,31.2,40.5,,run
2026-07-29T05:44:31+03:00,1785293071,7235,72,3,31.2,44.8,,run
2026-07-29T05:44:37+03:00,1785293077,7241,72,3,31.2,44.5,,run
2026-07-29T05:44:42+03:00,1785293082,7246,72,3,31.2,40.8,,run
2026-07-29T05:44:47+03:00,1785293087,7251,72,3,31.2,40.5,,run
2026-07-29T05:44:52+03:00,1785293092,7256,72,3,31.2,39.8,,run
2026-07-29T05:44:58+03:00,1785293098,7262,72,3,31.2,44.5,,run
2026-07-29T05:45:03+03:00,1785293103,7267,72,3,31.2,41.7,,run
2026-07-29T05:45:08+03:00,1785293108,7272,72,3,31.2,41.1,,run
2026-07-29T05:45:13+03:00,1785293113,7277,72,3,31.2,43.9,,run
2026-07-29T05:45:19+03:00,1785293119,7283,72,3,31.2,46.3,,run
2026-07-29T05:45:24+03:00,1785293124,7288,72,3,31.2,46.3,,run
2026-07-29T05:45:29+03:00,1785293129,7293,72,3,31.2,48.5,,run
2026-07-29T05:45:34+03:00,1785293134,7298,72,3,31.2,44.5,,run
2026-07-29T05:45:40+03:00,1785293140,7304,72,3,31.2,44.8,,run
2026-07-29T05:45:45+03:00,1785293145,7309,72,3,31.2,40.8,,run
2026-07-29T05:45:50+03:00,1785293150,7314,72,3,31.2,41.1,,run
2026-07-29T05:45:56+03:00,1785293156,7320,72,3,31.2,41.1,,run
2026-07-29T05:46:01+03:00,1785293161,7325,72,3,31.2,39.5,,run
2026-07-29T05:46:06+03:00,1785293166,7330,72,3,31.2,42.0,,run
2026-07-29T05:46:11+03:00,1785293171,7335,72,3,31.2,51.6,,run
2026-07-29T05:46:17+03:00,1785293177,7341,72,3,31.2,43.9,,run
2026-07-29T05:46:22+03:00,1785293182,7346,72,3,31.2,42.3,,run
2026-07-29T05:46:27+03:00,1785293187,7351,72,3,31.2,41.1,,run
2026-07-29T05:46:32+03:00,1785293192,7356,72,3,31.2,41.7,,run
2026-07-29T05:46:38+03:00,1785293198,7362,72,3,31.2,44.8,,run
2026-07-29T05:46:43+03:00,1785293203,7367,72,3,31.2,44.8,,run
2026-07-29T05:46:48+03:00,1785293208,7372,72,3,31.2,42.3,,run
2026-07-29T05:46:54+03:00,1785293214,7378,72,3,31.2,42.0,,run
2026-07-29T05:46:59+03:00,1785293219,7383,72,3,31.2,40.8,,run
2026-07-29T05:47:04+03:00,1785293224,7388,72,3,31.2,42.9,,run
2026-07-29T05:47:09+03:00,1785293229,7393,72,3,31.2,46.7,,run
2026-07-29T05:47:15+03:00,1785293235,7399,72,3,31.2,45.4,,run
2026-07-29T05:47:20+03:00,1785293240,7404,72,3,31.2,40.8,,run
2026-07-29T05:47:25+03:00,1785293245,7409,72,3,31.2,43.9,,run
2026-07-29T05:47:30+03:00,1785293250,7414,72,3,31.2,45.4,,run
2026-07-29T05:47:36+03:00,1785293256,7420,72,3,31.2,42.3,,run
2026-07-29T05:47:41+03:00,1785293261,7425,72,3,31.2,40.5,,run
2026-07-29T05:47:46+03:00,1785293266,7430,72,3,31.2,40.2,,run
2026-07-29T05:47:51+03:00,1785293271,7435,72,3,31.2,39.5,,run
2026-07-29T05:47:57+03:00,1785293277,7441,72,3,31.2,40.5,,run
2026-07-29T05:48:02+03:00,1785293282,7446,72,3,31.2,45.4,,run
2026-07-29T05:48:07+03:00,1785293287,7451,72,3,31.2,42.0,,run
2026-07-29T05:48:12+03:00,1785293292,7456,72,3,31.2,50.4,,run
2026-07-29T05:48:18+03:00,1785293298,7462,72,3,31.2,42.9,,run
2026-07-29T05:48:23+03:00,1785293303,7467,72,3,31.2,42.3,,run
2026-07-29T05:48:29+03:00,1785293309,7473,72,3,31.2,46.7,,run
2026-07-29T05:48:34+03:00,1785293314,7478,72,3,31.2,44.8,,run
2026-07-29T05:48:39+03:00,1785293319,7483,72,3,31.2,42.6,,run
2026-07-29T05:48:44+03:00,1785293324,7488,72,3,31.2,41.7,,run
2026-07-29T05:48:50+03:00,1785293330,7494,72,3,31.2,43.2,,run
2026-07-29T05:48:55+03:00,1785293335,7499,72,3,31.2,41.4,,run
2026-07-29T05:49:00+03:00,1785293340,7504,72,3,31.2,40.8,,run
2026-07-29T05:49:06+03:00,1785293346,7510,72,3,31.2,40.8,,run
2026-07-29T05:49:11+03:00,1785293351,7515,72,3,31.2,41.4,,run
2026-07-29T05:49:16+03:00,1785293356,7520,72,3,31.2,42.3,,run
2026-07-29T05:49:21+03:00,1785293361,7525,72,3,31.2,45.1,,run
2026-07-29T05:49:27+03:00,1785293367,7531,72,3,31.2,51.6,,run
2026-07-29T05:49:32+03:00,1785293372,7536,72,3,31.2,54.1,,run
2026-07-29T05:49:37+03:00,1785293377,7541,72,3,31.2,42.9,,run
2026-07-29T05:49:43+03:00,1785293383,7547,72,3,31.2,41.7,,run
2026-07-29T05:49:48+03:00,1785293388,7552,72,3,31.2,40.5,,run
2026-07-29T05:49:53+03:00,1785293393,7557,72,3,31.2,39.2,,run
2026-07-29T05:49:58+03:00,1785293398,7562,72,3,31.2,39.2,,run
2026-07-29T05:50:04+03:00,1785293404,7568,72,3,31.2,40.2,,run
2026-07-29T05:50:09+03:00,1785293409,7573,72,3,31.2,40.2,,run
2026-07-29T05:50:14+03:00,1785293414,7578,72,3,31.2,39.5,,run
2026-07-29T05:50:20+03:00,1785293420,7584,72,3,31.2,40.2,,run
2026-07-29T05:50:25+03:00,1785293425,7589,72,3,31.2,42.3,,run
2026-07-29T05:50:30+03:00,1785293430,7594,72,3,31.2,51.6,,run
2026-07-29T05:50:36+03:00,1785293436,7600,72,3,31.2,43.2,,run
2026-07-29T05:50:41+03:00,1785293441,7605,72,3,31.2,45.4,,run
2026-07-29T05:50:46+03:00,1785293446,7610,72,3,31.2,47.0,,run
2026-07-29T05:50:51+03:00,1785293451,7615,72,3,31.2,43.9,,run
2026-07-29T05:50:57+03:00,1785293457,7621,72,3,31.2,42.3,,run
2026-07-29T05:51:02+03:00,1785293462,7626,72,3,31.2,42.6,,run
2026-07-29T05:51:07+03:00,1785293467,7631,72,3,31.2,41.7,,run
2026-07-29T05:51:12+03:00,1785293472,7636,72,3,31.2,41.1,,run
2026-07-29T05:51:18+03:00,1785293478,7642,72,3,31.2,40.2,,run
2026-07-29T05:51:23+03:00,1785293483,7647,72,3,31.2,39.8,,run
2026-07-29T05:51:28+03:00,1785293488,7652,72,3,31.2,42.9,,run
2026-07-29T05:51:34+03:00,1785293494,7658,72,3,31.2,43.9,,run
2026-07-29T05:51:39+03:00,1785293499,7663,72,3,31.2,43.2,,run
2026-07-29T05:51:44+03:00,1785293504,7668,72,3,31.2,49.4,,run
2026-07-29T05:51:50+03:00,1785293510,7674,72,3,31.2,43.2,,run
2026-07-29T05:51:55+03:00,1785293515,7679,72,3,31.2,45.1,,run
2026-07-29T05:52:00+03:00,1785293520,7684,72,3,31.8,42.3,,run
2026-07-29T05:52:06+03:00,1785293526,7690,72,3,31.8,41.4,,run
2026-07-29T05:52:11+03:00,1785293531,7695,72,3,31.8,41.4,,run
2026-07-29T05:52:16+03:00,1785293536,7700,72,3,31.8,40.5,,run
2026-07-29T05:52:21+03:00,1785293541,7705,71,3,31.8,40.5,,run
2026-07-29T05:52:27+03:00,1785293547,7711,71,3,31.8,39.5,,run
2026-07-29T05:52:32+03:00,1785293552,7716,71,3,31.8,39.5,,run
2026-07-29T05:52:37+03:00,1785293557,7721,71,3,31.8,42.9,,run
2026-07-29T05:52:43+03:00,1785293563,7727,71,3,31.8,50.1,,run
2026-07-29T05:52:48+03:00,1785293568,7732,71,3,31.8,47.0,,run
2026-07-29T05:52:53+03:00,1785293573,7737,71,3,31.8,46.0,,run
2026-07-29T05:52:59+03:00,1785293579,7743,71,3,31.8,43.2,,run
2026-07-29T05:53:04+03:00,1785293584,7748,71,3,31.8,42.0,,run
2026-07-29T05:53:09+03:00,1785293589,7753,71,3,31.8,42.9,,run
2026-07-29T05:53:14+03:00,1785293594,7758,71,3,31.8,41.1,,run
2026-07-29T05:53:20+03:00,1785293600,7764,71,3,31.8,42.0,,run
2026-07-29T05:53:25+03:00,1785293605,7769,71,3,31.8,40.8,,run
2026-07-29T05:53:30+03:00,1785293610,7774,71,3,31.8,41.4,,run
2026-07-29T05:53:35+03:00,1785293615,7779,71,3,31.8,39.5,,run
2026-07-29T05:53:41+03:00,1785293621,7785,71,3,31.8,45.4,,run
2026-07-29T05:53:46+03:00,1785293626,7790,71,3,31.8,43.9,,run
2026-07-29T05:53:51+03:00,1785293631,7795,71,3,31.8,41.7,,run
2026-07-29T05:53:57+03:00,1785293637,7801,71,3,31.7,51.3,,run
2026-07-29T05:54:02+03:00,1785293642,7806,71,3,31.7,42.6,,run
2026-07-29T05:54:07+03:00,1785293647,7811,71,3,31.7,46.3,,run
2026-07-29T05:54:13+03:00,1785293653,7817,71,3,31.7,42.3,,run
2026-07-29T05:54:18+03:00,1785293658,7822,71,3,31.7,41.4,,run
2026-07-29T05:54:23+03:00,1785293663,7827,71,3,31.7,39.8,,run
2026-07-29T05:54:28+03:00,1785293668,7832,71,3,31.7,40.2,,run
2026-07-29T05:54:34+03:00,1785293674,7838,71,3,31.7,40.2,,run
2026-07-29T05:54:39+03:00,1785293679,7843,71,3,31.7,41.4,,run
2026-07-29T05:54:44+03:00,1785293684,7848,71,3,31.7,42.9,,run
2026-07-29T05:54:50+03:00,1785293690,7854,71,3,31.7,42.6,,run
2026-07-29T05:54:55+03:00,1785293695,7859,71,3,31.7,48.8,,run
2026-07-29T05:55:00+03:00,1785293700,7864,71,3,31.7,46.7,,run
2026-07-29T05:55:06+03:00,1785293706,7870,71,3,31.7,46.0,,run
2026-07-29T05:55:11+03:00,1785293711,7875,71,3,31.7,42.6,,run
2026-07-29T05:55:16+03:00,1785293716,7880,71,3,31.7,41.4,,run
2026-07-29T05:55:21+03:00,1785293721,7885,71,3,31.7,41.1,,run
2026-07-29T05:55:27+03:00,1785293727,7891,71,3,31.7,41.1,,run
2026-07-29T05:55:32+03:00,1785293732,7896,71,3,31.7,41.4,,run
2026-07-29T05:55:37+03:00,1785293737,7901,71,3,31.7,40.5,,run
2026-07-29T05:55:42+03:00,1785293742,7906,71,3,31.7,40.5,,run
2026-07-29T05:55:48+03:00,1785293748,7912,71,3,31.7,45.7,,run
2026-07-29T05:55:53+03:00,1785293753,7917,71,3,31.7,44.2,,run
2026-07-29T05:55:58+03:00,1785293758,7922,71,3,31.7,42.6,,run
2026-07-29T05:56:04+03:00,1785293764,7928,71,3,31.7,41.1,,run
2026-07-29T05:56:09+03:00,1785293769,7933,71,3,31.7,50.7,,run
2026-07-29T05:56:15+03:00,1785293775,7939,71,3,31.7,42.9,,run
2026-07-29T05:56:20+03:00,1785293780,7944,71,3,31.7,42.3,,run
2026-07-29T05:56:26+03:00,1785293786,7950,71,3,31.7,41.4,,run
2026-07-29T05:56:31+03:00,1785293791,7955,71,3,31.7,40.5,,run
2026-07-29T05:56:36+03:00,1785293796,7960,71,3,31.7,38.9,,run
2026-07-29T05:56:41+03:00,1785293801,7965,71,3,31.7,39.5,,run
2026-07-29T05:56:47+03:00,1785293807,7971,71,3,31.7,39.5,,run
2026-07-29T05:56:52+03:00,1785293812,7976,71,3,31.7,49.7,,run
2026-07-29T05:56:57+03:00,1785293817,7981,71,3,31.7,44.5,,run
2026-07-29T05:57:03+03:00,1785293823,7987,71,3,31.7,42.3,,run
2026-07-29T05:57:08+03:00,1785293828,7992,71,3,31.7,46.7,,run
2026-07-29T05:57:13+03:00,1785293833,7997,71,3,31.7,46.7,,run
2026-07-29T05:57:19+03:00,1785293839,8003,71,3,31.7,41.1,,run
2026-07-29T05:57:24+03:00,1785293844,8008,71,3,31.7,41.4,,run
2026-07-29T05:57:29+03:00,1785293849,8013,71,3,31.7,41.7,,run
2026-07-29T05:57:34+03:00,1785293854,8018,71,3,31.7,46.0,,run
2026-07-29T05:57:40+03:00,1785293860,8024,71,3,31.7,41.7,,run
2026-07-29T05:57:45+03:00,1785293865,8029,71,3,31.7,40.2,,run
2026-07-29T05:57:50+03:00,1785293870,8034,71,3,31.7,40.2,,run
2026-07-29T05:57:56+03:00,1785293875,8039,71,3,31.7,41.4,,run
2026-07-29T05:58:01+03:00,1785293881,8045,71,3,31.7,39.8,,run
2026-07-29T05:58:06+03:00,1785293886,8050,71,3,31.7,46.3,,run
2026-07-29T05:58:11+03:00,1785293891,8055,71,3,31.7,51.6,,run
2026-07-29T05:58:17+03:00,1785293897,8061,71,3,31.7,42.3,,run
2026-07-29T05:58:22+03:00,1785293902,8066,71,3,31.7,41.1,,run
2026-07-29T05:58:27+03:00,1785293907,8071,71,3,31.7,43.2,,run
2026-07-29T05:58:32+03:00,1785293912,8076,71,3,31.7,41.4,,run
2026-07-29T05:58:38+03:00,1785293918,8082,71,3,31.7,40.5,,run
2026-07-29T05:58:43+03:00,1785293923,8087,71,3,31.7,40.2,,run
2026-07-29T05:58:48+03:00,1785293928,8092,71,3,31.7,39.2,,run
2026-07-29T05:58:53+03:00,1785293933,8097,71,3,31.7,39.8,,run
2026-07-29T05:58:59+03:00,1785293939,8103,71,3,31.7,41.4,,run
2026-07-29T05:59:04+03:00,1785293944,8108,71,3,31.7,51.0,,run
2026-07-29T05:59:10+03:00,1785293950,8114,71,3,31.7,43.9,,run
2026-07-29T05:59:15+03:00,1785293955,8119,71,3,31.7,46.3,,run
2026-07-29T05:59:20+03:00,1785293960,8124,71,3,31.7,42.0,,run
2026-07-29T05:59:25+03:00,1785293965,8129,71,3,31.7,46.3,,run
2026-07-29T05:59:31+03:00,1785293971,8135,71,3,31.7,47.0,,run
2026-07-29T05:59:36+03:00,1785293976,8140,71,3,31.7,42.6,,run
2026-07-29T05:59:41+03:00,1785293981,8145,71,3,31.7,42.0,,run
2026-07-29T05:59:47+03:00,1785293987,8151,71,3,31.7,41.4,,run
2026-07-29T05:59:52+03:00,1785293992,8156,71,3,31.7,39.8,,run
2026-07-29T05:59:57+03:00,1785293997,8161,71,3,31.7,40.5,,run
2026-07-29T06:00:02+03:00,1785294002,8166,71,3,31.7,41.7,,run
2026-07-29T06:00:08+03:00,1785294008,8172,71,3,31.7,47.6,,run
2026-07-29T06:00:13+03:00,1785294013,8177,71,3,31.7,42.3,,run
2026-07-29T06:00:18+03:00,1785294018,8182,71,3,31.7,47.3,,run
2026-07-29T06:00:23+03:00,1785294023,8187,71,3,31.7,49.7,,run
2026-07-29T06:00:29+03:00,1785294029,8193,71,3,31.7,47.9,,run
2026-07-29T06:00:34+03:00,1785294034,8198,71,3,31.7,45.4,,run
2026-07-29T06:00:39+03:00,1785294039,8203,71,3,31.7,41.7,,run
2026-07-29T06:00:44+03:00,1785294044,8208,71,3,31.7,45.4,,run
2026-07-29T06:00:50+03:00,1785294050,8214,71,3,31.7,40.2,,run
2026-07-29T06:00:55+03:00,1785294055,8219,71,3,31.7,40.8,,run
2026-07-29T06:01:00+03:00,1785294060,8224,71,3,31.7,40.2,,run
2026-07-29T06:01:05+03:00,1785294065,8229,71,3,31.7,39.5,,run
2026-07-29T06:01:11+03:00,1785294071,8235,71,3,31.7,39.8,,run
2026-07-29T06:01:16+03:00,1785294076,8240,71,3,31.7,50.4,,run
2026-07-29T06:01:21+03:00,1785294081,8245,71,3,31.7,43.2,,run
2026-07-29T06:01:27+03:00,1785294087,8251,71,3,31.7,42.9,,run
2026-07-29T06:01:32+03:00,1785294092,8256,71,3,31.7,47.0,,run
2026-07-29T06:01:37+03:00,1785294097,8261,71,3,31.7,42.3,,run
2026-07-29T06:01:43+03:00,1785294103,8267,71,3,31.7,41.1,,run
2026-07-29T06:01:48+03:00,1785294108,8272,71,3,31.7,44.5,,run
2026-07-29T06:01:53+03:00,1785294113,8277,71,3,31.7,43.9,,run
2026-07-29T06:01:58+03:00,1785294118,8282,71,3,31.7,41.4,,run
2026-07-29T06:02:04+03:00,1785294124,8288,71,3,31.7,40.8,,run
2026-07-29T06:02:09+03:00,1785294129,8293,71,3,31.7,41.4,,run
2026-07-29T06:02:14+03:00,1785294134,8298,71,3,31.7,41.1,,run
2026-07-29T06:02:20+03:00,1785294140,8304,71,3,31.7,42.3,,run
2026-07-29T06:02:25+03:00,1785294145,8309,71,3,31.7,43.6,,run
2026-07-29T06:02:30+03:00,1785294150,8314,71,3,31.7,46.3,,run
2026-07-29T06:02:35+03:00,1785294155,8319,71,3,31.7,51.0,,run
2026-07-29T06:02:41+03:00,1785294161,8325,71,3,31.7,42.0,,run
2026-07-29T06:02:46+03:00,1785294166,8330,71,3,31.7,44.5,,run
2026-07-29T06:02:51+03:00,1785294171,8335,71,3,31.7,43.9,,run
2026-07-29T06:02:56+03:00,1785294176,8340,71,3,31.7,44.8,,run
2026-07-29T06:03:02+03:00,1785294182,8346,70,3,31.9,41.4,,run
2026-07-29T06:03:07+03:00,1785294187,8351,70,3,31.9,39.8,,run
2026-07-29T06:03:12+03:00,1785294192,8356,70,3,31.9,40.8,,run
2026-07-29T06:03:17+03:00,1785294197,8361,70,3,31.9,40.8,,run
2026-07-29T06:03:23+03:00,1785294203,8367,70,3,31.9,41.1,,run
2026-07-29T06:03:28+03:00,1785294208,8372,70,3,31.9,49.7,,run
2026-07-29T06:03:33+03:00,1785294213,8377,70,3,31.9,43.2,,run
2026-07-29T06:03:39+03:00,1785294219,8383,70,3,31.9,43.6,,run
2026-07-29T06:03:44+03:00,1785294224,8388,70,3,31.9,44.8,,run
2026-07-29T06:03:49+03:00,1785294229,8393,70,3,31.9,41.7,,run
2026-07-29T06:03:54+03:00,1785294234,8398,70,3,31.9,42.0,,run
2026-07-29T06:04:00+03:00,1785294240,8404,70,3,31.9,43.9,,run
2026-07-29T06:04:05+03:00,1785294245,8409,70,3,31.9,46.0,,run
2026-07-29T06:04:10+03:00,1785294250,8414,70,3,31.9,44.5,,run
2026-07-29T06:04:15+03:00,1785294255,8419,70,3,31.9,42.0,,run
2026-07-29T06:04:21+03:00,1785294261,8425,70,3,31.9,40.5,,run
2026-07-29T06:04:26+03:00,1785294266,8430,70,3,31.9,40.8,,run
2026-07-29T06:04:31+03:00,1785294271,8435,70,3,31.9,40.2,,run
2026-07-29T06:04:37+03:00,1785294277,8441,70,3,31.9,42.0,,run
2026-07-29T06:04:42+03:00,1785294282,8446,70,3,31.9,46.3,,run
2026-07-29T06:04:47+03:00,1785294287,8451,70,3,31.9,49.1,,run
2026-07-29T06:04:52+03:00,1785294292,8456,70,3,31.9,46.3,,run
2026-07-29T06:04:58+03:00,1785294298,8462,70,3,31.9,42.0,,run
2026-07-29T06:05:03+03:00,1785294303,8467,70,3,31.9,40.8,,run
2026-07-29T06:05:08+03:00,1785294308,8472,70,3,31.9,43.9,,run
2026-07-29T06:05:13+03:00,1785294313,8477,70,3,31.9,41.4,,run
2026-07-29T06:05:19+03:00,1785294319,8483,70,3,31.9,40.8,,run
2026-07-29T06:05:24+03:00,1785294324,8488,70,3,31.9,39.8,,run
2026-07-29T06:05:29+03:00,1785294329,8493,70,3,31.9,40.8,,run
2026-07-29T06:05:35+03:00,1785294335,8499,70,3,31.9,42.3,,run
2026-07-29T06:05:40+03:00,1785294340,8504,70,3,31.9,42.3,,run
2026-07-29T06:05:46+03:00,1785294346,8510,70,3,31.9,43.6,,run
2026-07-29T06:05:51+03:00,1785294351,8515,70,3,31.9,41.7,,run
2026-07-29T06:05:56+03:00,1785294356,8520,70,3,31.9,41.7,,run
2026-07-29T06:06:01+03:00,1785294361,8525,70,3,31.9,40.8,,run
2026-07-29T06:06:07+03:00,1785294367,8531,70,3,31.9,41.7,,run
2026-07-29T06:06:12+03:00,1785294372,8536,70,3,31.9,46.0,,run
2026-07-29T06:06:17+03:00,1785294377,8541,70,3,31.9,42.0,,run
2026-07-29T06:06:22+03:00,1785294382,8546,70,3,31.9,41.4,,run
2026-07-29T06:06:28+03:00,1785294388,8552,70,3,31.9,43.9,,run
2026-07-29T06:06:33+03:00,1785294393,8557,70,3,31.9,42.9,,run
2026-07-29T06:06:38+03:00,1785294398,8562,70,3,31.9,41.1,,run
2026-07-29T06:06:44+03:00,1785294404,8568,70,3,31.9,40.5,,run
2026-07-29T06:06:49+03:00,1785294409,8573,70,3,31.9,40.2,,run
2026-07-29T06:06:54+03:00,1785294414,8578,70,3,31.9,40.5,,run
2026-07-29T06:06:59+03:00,1785294419,8583,70,3,31.9,51.3,,run
2026-07-29T06:07:05+03:00,1785294425,8589,70,3,31.9,46.7,,run
2026-07-29T06:07:10+03:00,1785294430,8594,70,3,31.9,46.3,,run
2026-07-29T06:07:16+03:00,1785294436,8600,70,3,31.9,43.6,,run
2026-07-29T06:07:21+03:00,1785294441,8605,70,3,31.9,39.8,,run
2026-07-29T06:07:26+03:00,1785294446,8610,70,3,31.9,39.8,,run
2026-07-29T06:07:31+03:00,1785294451,8615,70,3,31.9,45.1,,run
2026-07-29T06:07:37+03:00,1785294457,8621,70,3,31.9,54.1,,run
2026-07-29T06:07:42+03:00,1785294462,8626,70,3,31.9,44.5,,run
2026-07-29T06:07:47+03:00,1785294467,8631,70,3,31.9,43.2,,run
2026-07-29T06:07:53+03:00,1785294473,8637,70,3,31.9,42.3,,run
2026-07-29T06:07:58+03:00,1785294478,8642,70,3,31.9,41.4,,run
2026-07-29T06:08:03+03:00,1785294483,8647,70,3,31.9,42.3,,run
2026-07-29T06:08:08+03:00,1785294488,8652,70,3,31.9,42.9,,run
2026-07-29T06:08:14+03:00,1785294494,8658,70,3,31.9,42.6,,run
2026-07-29T06:08:19+03:00,1785294499,8663,70,3,31.9,43.9,,run
2026-07-29T06:08:24+03:00,1785294504,8668,70,3,31.9,43.2,,run
2026-07-29T06:08:29+03:00,1785294509,8673,70,3,31.9,45.1,,run
2026-07-29T06:08:35+03:00,1785294515,8679,70,3,31.9,45.1,,run
2026-07-29T06:08:40+03:00,1785294520,8684,70,3,31.9,48.2,,run
2026-07-29T06:08:45+03:00,1785294525,8689,70,3,31.9,42.6,,run
2026-07-29T06:08:50+03:00,1785294530,8694,70,3,31.9,49.7,,run
2026-07-29T06:08:56+03:00,1785294536,8700,70,3,31.9,43.6,,run
2026-07-29T06:09:01+03:00,1785294541,8705,70,3,31.9,46.7,,run
2026-07-29T06:09:07+03:00,1785294547,8711,70,3,31.9,41.1,,run
2026-07-29T06:09:12+03:00,1785294552,8716,70,3,31.9,40.5,,run
2026-07-29T06:09:17+03:00,1785294557,8721,70,3,31.9,39.2,,run
2026-07-29T06:09:22+03:00,1785294562,8726,70,3,31.9,50.7,,run
2026-07-29T06:09:28+03:00,1785294568,8732,70,3,31.9,47.3,,run
2026-07-29T06:09:33+03:00,1785294573,8737,70,3,31.9,44.2,,run
2026-07-29T06:09:39+03:00,1785294579,8743,70,3,31.9,41.1,,run
2026-07-29T06:09:44+03:00,1785294584,8748,70,3,31.9,42.0,,run
2026-07-29T06:09:49+03:00,1785294589,8753,70,3,31.9,41.4,,run
2026-07-29T06:09:54+03:00,1785294594,8758,70,3,31.9,41.4,,run
2026-07-29T06:10:00+03:00,1785294600,8764,70,3,31.9,47.6,,run
2026-07-29T06:10:05+03:00,1785294605,8769,70,3,31.9,43.6,,run
2026-07-29T06:10:10+03:00,1785294610,8774,70,3,31.9,42.9,,run
2026-07-29T06:10:15+03:00,1785294615,8779,70,3,31.9,41.7,,run
2026-07-29T06:10:21+03:00,1785294621,8785,70,3,31.9,41.4,,run
2026-07-29T06:10:26+03:00,1785294626,8790,70,3,31.9,41.4,,run
2026-07-29T06:10:31+03:00,1785294631,8795,70,3,31.9,39.8,,run
2026-07-29T06:10:36+03:00,1785294636,8800,70,3,31.9,47.3,,run
2026-07-29T06:10:42+03:00,1785294642,8806,70,3,31.9,50.7,,run
2026-07-29T06:10:47+03:00,1785294647,8811,70,3,31.9,48.2,,run
2026-07-29T06:10:52+03:00,1785294652,8816,70,3,31.9,45.1,,run
2026-07-29T06:10:58+03:00,1785294658,8822,70,3,31.9,40.2,,run
2026-07-29T06:11:03+03:00,1785294663,8827,70,3,31.9,47.0,,run
2026-07-29T06:11:08+03:00,1785294668,8832,70,3,31.9,40.8,,run
2026-07-29T06:11:13+03:00,1785294673,8837,70,3,31.9,41.4,,run
2026-07-29T06:11:19+03:00,1785294679,8843,70,3,31.9,42.6,,run
2026-07-29T06:11:24+03:00,1785294684,8848,70,3,31.9,41.7,,run
2026-07-29T06:11:29+03:00,1785294689,8853,70,3,31.9,39.8,,run
2026-07-29T06:11:35+03:00,1785294695,8859,70,3,31.9,51.6,,run
2026-07-29T06:11:40+03:00,1785294700,8864,70,3,31.9,42.0,,run
2026-07-29T06:11:45+03:00,1785294705,8869,70,3,31.9,46.3,,run
2026-07-29T06:11:50+03:00,1785294710,8874,70,3,31.9,47.6,,run
2026-07-29T06:11:56+03:00,1785294716,8880,70,3,31.9,42.6,,run
2026-07-29T06:12:01+03:00,1785294721,8885,70,3,31.9,42.3,,run
2026-07-29T06:12:06+03:00,1785294726,8890,70,3,31.9,42.9,,run
2026-07-29T06:12:11+03:00,1785294731,8895,70,3,31.9,42.9,,run
2026-07-29T06:12:17+03:00,1785294737,8901,70,3,31.9,43.2,,run
2026-07-29T06:12:22+03:00,1785294742,8906,70,3,31.9,40.8,,run
2026-07-29T06:12:27+03:00,1785294747,8911,70,3,31.9,46.0,,run
2026-07-29T06:12:32+03:00,1785294752,8916,70,3,31.9,41.7,,run
2026-07-29T06:12:38+03:00,1785294758,8922,70,3,31.9,41.1,,run
2026-07-29T06:12:43+03:00,1785294763,8927,70,3,31.9,41.7,,run
2026-07-29T06:12:48+03:00,1785294768,8932,70,3,31.9,43.2,,run
2026-07-29T06:12:53+03:00,1785294773,8937,70,3,31.9,49.7,,run
2026-07-29T06:12:59+03:00,1785294779,8943,70,3,31.9,42.9,,run
2026-07-29T06:13:04+03:00,1785294784,8948,70,3,31.9,42.9,,run
2026-07-29T06:13:09+03:00,1785294789,8953,70,3,31.9,43.6,,run
2026-07-29T06:13:15+03:00,1785294795,8959,70,3,31.9,43.2,,run
2026-07-29T06:13:20+03:00,1785294800,8964,70,3,31.9,41.4,,run
2026-07-29T06:13:25+03:00,1785294805,8969,70,3,31.9,43.6,,run
2026-07-29T06:13:30+03:00,1785294810,8974,70,3,31.9,40.5,,run
2026-07-29T06:13:36+03:00,1785294816,8980,70,3,31.9,41.4,,run
2026-07-29T06:13:41+03:00,1785294821,8985,70,3,31.9,42.0,,run
2026-07-29T06:13:46+03:00,1785294826,8990,70,3,31.9,50.4,,run
2026-07-29T06:13:52+03:00,1785294832,8996,70,3,31.9,43.6,,run
2026-07-29T06:13:57+03:00,1785294837,9001,70,3,32.0,41.4,,run
2026-07-29T06:14:02+03:00,1785294842,9006,70,3,32.0,44.2,,run
2026-07-29T06:14:07+03:00,1785294847,9011,70,3,32.0,47.9,,run
2026-07-29T06:14:13+03:00,1785294853,9017,70,3,32.0,43.9,,run
2026-07-29T06:14:18+03:00,1785294858,9022,70,3,32.0,41.7,,run
2026-07-29T06:14:23+03:00,1785294863,9027,70,3,32.0,41.4,,run
2026-07-29T06:14:28+03:00,1785294868,9032,70,3,32.0,40.5,,run
2026-07-29T06:14:34+03:00,1785294874,9038,70,3,32.0,40.8,,run
2026-07-29T06:14:39+03:00,1785294879,9043,70,3,32.0,46.3,,run
2026-07-29T06:14:44+03:00,1785294884,9048,70,3,32.0,42.9,,run
2026-07-29T06:14:49+03:00,1785294889,9053,69,3,32.0,42.0,,run
2026-07-29T06:14:55+03:00,1785294895,9059,69,3,32.0,41.7,,run
2026-07-29T06:15:00+03:00,1785294900,9064,69,3,32.0,49.7,,run
2026-07-29T06:15:06+03:00,1785294906,9070,69,3,32.0,42.3,,run
2026-07-29T06:15:11+03:00,1785294911,9075,69,3,32.0,46.3,,run
2026-07-29T06:15:16+03:00,1785294916,9080,69,3,32.0,40.8,,run
2026-07-29T06:15:21+03:00,1785294921,9085,69,3,32.0,39.5,,run
2026-07-29T06:15:27+03:00,1785294927,9091,69,3,32.0,42.6,,run
2026-07-29T06:15:32+03:00,1785294932,9096,69,3,32.0,43.6,,run
2026-07-29T06:15:37+03:00,1785294937,9101,69,3,32.0,45.1,,run
2026-07-29T06:15:42+03:00,1785294942,9106,69,3,32.0,41.7,,run
2026-07-29T06:15:48+03:00,1785294948,9112,69,3,32.0,40.8,,run
2026-07-29T06:15:53+03:00,1785294953,9117,69,3,32.0,52.2,,run
2026-07-29T06:15:58+03:00,1785294958,9122,69,3,32.0,42.6,,run
2026-07-29T06:16:04+03:00,1785294964,9128,69,3,32.0,48.5,,run
2026-07-29T06:16:09+03:00,1785294969,9133,69,3,32.0,46.0,,run
2026-07-29T06:16:14+03:00,1785294974,9138,69,3,32.0,43.2,,run
2026-07-29T06:16:20+03:00,1785294980,9144,69,3,32.0,43.2,,run
2026-07-29T06:16:25+03:00,1785294985,9149,69,3,32.0,42.3,,run
2026-07-29T06:16:30+03:00,1785294990,9154,69,3,32.0,40.8,,run
2026-07-29T06:16:35+03:00,1785294995,9159,69,3,32.0,41.4,,run
2026-07-29T06:16:41+03:00,1785295001,9165,69,3,32.0,40.5,,run
2026-07-29T06:16:46+03:00,1785295006,9170,69,3,32.0,39.8,,run
2026-07-29T06:16:51+03:00,1785295011,9175,69,3,32.0,39.8,,run
2026-07-29T06:16:56+03:00,1785295016,9180,69,3,32.0,40.8,,run
2026-07-29T06:17:02+03:00,1785295022,9186,69,3,32.0,45.1,,run
2026-07-29T06:17:07+03:00,1785295027,9191,69,3,32.0,49.7,,run
2026-07-29T06:17:12+03:00,1785295032,9196,69,3,32.0,51.0,,run
2026-07-29T06:17:18+03:00,1785295038,9202,69,3,32.0,41.4,,run
2026-07-29T06:17:23+03:00,1785295043,9207,69,3,32.0,47.6,,run
2026-07-29T06:17:28+03:00,1785295048,9212,69,3,32.0,45.7,,run
2026-07-29T06:17:33+03:00,1785295053,9217,69,3,32.0,41.4,,run
2026-07-29T06:17:39+03:00,1785295059,9223,69,3,32.0,40.8,,run
2026-07-29T06:17:44+03:00,1785295064,9228,69,3,32.0,41.1,,run
2026-07-29T06:17:49+03:00,1785295069,9233,69,3,32.0,39.5,,run
2026-07-29T06:17:54+03:00,1785295074,9238,69,3,32.0,40.5,,run
2026-07-29T06:18:00+03:00,1785295080,9244,69,3,32.0,46.0,,run
2026-07-29T06:18:05+03:00,1785295085,9249,69,3,32.0,54.1,,run
2026-07-29T06:18:11+03:00,1785295091,9255,69,3,32.0,47.0,,run
2026-07-29T06:18:16+03:00,1785295096,9260,69,3,32.0,42.6,,run
2026-07-29T06:18:21+03:00,1785295101,9265,69,3,32.0,42.0,,run
2026-07-29T06:18:27+03:00,1785295107,9271,69,3,32.0,43.2,,run
2026-07-29T06:18:32+03:00,1785295112,9276,69,3,32.0,42.3,,run
2026-07-29T06:18:37+03:00,1785295117,9281,69,3,32.0,41.1,,run
2026-07-29T06:18:42+03:00,1785295122,9286,69,3,32.0,40.8,,run
2026-07-29T06:18:48+03:00,1785295128,9292,69,3,32.0,40.5,,run
2026-07-29T06:18:53+03:00,1785295133,9297,69,3,32.0,39.8,,run
2026-07-29T06:18:58+03:00,1785295138,9302,69,3,32.0,39.5,,run
2026-07-29T06:19:03+03:00,1785295143,9307,69,3,32.0,39.5,,run
2026-07-29T06:19:09+03:00,1785295149,9313,69,3,32.0,40.5,,run
2026-07-29T06:19:14+03:00,1785295154,9318,69,3,32.0,41.4,,run
2026-07-29T06:19:19+03:00,1785295159,9323,69,3,32.0,47.6,,run
2026-07-29T06:19:25+03:00,1785295165,9329,69,3,32.0,51.9,,run
2026-07-29T06:19:30+03:00,1785295170,9334,69,3,32.0,44.2,,run
2026-07-29T06:19:35+03:00,1785295175,9339,69,3,32.0,44.2,,run
2026-07-29T06:19:41+03:00,1785295181,9345,69,3,32.0,40.8,,run
2026-07-29T06:19:46+03:00,1785295186,9350,69,3,32.0,39.5,,run
2026-07-29T06:19:51+03:00,1785295191,9355,69,3,32.0,40.8,,run
2026-07-29T06:19:56+03:00,1785295196,9360,69,3,32.0,40.2,,run
2026-07-29T06:20:02+03:00,1785295202,9366,69,3,32.0,39.2,,run
2026-07-29T06:20:07+03:00,1785295207,9371,69,3,32.0,41.4,,run
2026-07-29T06:20:12+03:00,1785295212,9376,69,3,32.0,40.8,,run
2026-07-29T06:20:17+03:00,1785295217,9381,69,3,32.0,52.8,,run
2026-07-29T06:20:23+03:00,1785295223,9387,69,3,32.0,48.2,,run
2026-07-29T06:20:28+03:00,1785295228,9392,69,3,32.0,45.4,,run
2026-07-29T06:20:34+03:00,1785295234,9398,69,3,32.0,42.9,,run
2026-07-29T06:20:39+03:00,1785295239,9403,69,3,32.0,45.1,,run
2026-07-29T06:20:44+03:00,1785295244,9408,69,3,32.0,41.7,,run
2026-07-29T06:20:49+03:00,1785295249,9413,69,3,32.0,41.4,,run
2026-07-29T06:20:55+03:00,1785295255,9419,69,3,32.0,40.8,,run
2026-07-29T06:21:00+03:00,1785295260,9424,69,3,32.0,42.3,,run
2026-07-29T06:21:05+03:00,1785295265,9429,69,3,32.0,43.6,,run
2026-07-29T06:21:10+03:00,1785295270,9434,69,3,32.0,41.4,,run
2026-07-29T06:21:16+03:00,1785295276,9440,69,3,32.0,41.4,,run
2026-07-29T06:21:21+03:00,1785295281,9445,69,3,32.0,42.0,,run
2026-07-29T06:21:26+03:00,1785295286,9450,69,3,32.0,41.1,,run
2026-07-29T06:21:31+03:00,1785295291,9455,69,3,32.0,47.3,,run
2026-07-29T06:21:37+03:00,1785295297,9461,69,3,32.0,49.1,,run
2026-07-29T06:21:42+03:00,1785295302,9466,69,3,32.0,47.9,,run
2026-07-29T06:21:47+03:00,1785295307,9471,69,3,32.0,47.0,,run
2026-07-29T06:21:53+03:00,1785295313,9477,69,3,32.0,42.0,,run
2026-07-29T06:21:58+03:00,1785295318,9482,69,3,32.0,41.1,,run
2026-07-29T06:22:03+03:00,1785295323,9487,69,3,32.0,45.1,,run
2026-07-29T06:22:08+03:00,1785295328,9492,69,3,32.0,43.2,,run
2026-07-29T06:22:14+03:00,1785295334,9498,69,3,32.0,41.4,,run
2026-07-29T06:22:19+03:00,1785295339,9503,69,3,32.0,40.5,,run
2026-07-29T06:22:24+03:00,1785295344,9508,69,3,32.0,41.4,,run
2026-07-29T06:22:30+03:00,1785295350,9514,69,3,32.0,50.7,,run
2026-07-29T06:22:35+03:00,1785295355,9519,69,3,32.0,43.9,,run
2026-07-29T06:22:40+03:00,1785295360,9524,69,3,32.0,47.3,,run
2026-07-29T06:22:45+03:00,1785295365,9529,69,3,32.0,47.6,,run
2026-07-29T06:22:51+03:00,1785295371,9535,69,3,32.0,43.6,,run
2026-07-29T06:22:56+03:00,1785295376,9540,69,3,32.0,42.0,,run
2026-07-29T06:23:01+03:00,1785295381,9545,69,3,32.0,42.9,,run
2026-07-29T06:23:07+03:00,1785295387,9551,69,3,32.0,42.6,,run
2026-07-29T06:23:12+03:00,1785295392,9556,69,3,32.0,45.7,,run
2026-07-29T06:23:17+03:00,1785295397,9561,69,3,32.0,42.0,,run
2026-07-29T06:23:22+03:00,1785295402,9566,69,3,32.0,41.1,,run
2026-07-29T06:23:28+03:00,1785295408,9572,69,3,32.0,40.8,,run
2026-07-29T06:23:33+03:00,1785295413,9577,69,3,32.0,41.7,,run
2026-07-29T06:23:38+03:00,1785295418,9582,69,3,32.0,40.2,,run
2026-07-29T06:23:43+03:00,1785295423,9587,69,3,32.0,41.4,,run
2026-07-29T06:23:49+03:00,1785295429,9593,69,3,32.0,50.4,,run
2026-07-29T06:23:54+03:00,1785295434,9598,69,3,32.0,41.7,,run
2026-07-29T06:23:59+03:00,1785295439,9603,69,3,32.0,40.5,,run
2026-07-29T06:24:05+03:00,1785295444,9608,69,3,32.0,45.1,,run
2026-07-29T06:24:10+03:00,1785295450,9614,69,3,32.0,47.3,,run
2026-07-29T06:24:15+03:00,1785295455,9619,69,3,32.0,44.5,,run
2026-07-29T06:24:20+03:00,1785295460,9624,69,3,32.0,42.0,,run
2026-07-29T06:24:25+03:00,1785295465,9629,69,3,32.0,41.1,,run
2026-07-29T06:24:31+03:00,1785295471,9635,69,3,32.0,40.8,,run
2026-07-29T06:24:36+03:00,1785295476,9640,69,3,32.0,46.7,,run
2026-07-29T06:24:41+03:00,1785295481,9645,69,3,32.0,50.7,,run
2026-07-29T06:24:47+03:00,1785295487,9651,69,3,32.0,43.6,,run
2026-07-29T06:24:52+03:00,1785295492,9656,69,3,32.0,42.3,,run
2026-07-29T06:24:57+03:00,1785295497,9661,69,3,32.0,41.4,,run
2026-07-29T06:25:02+03:00,1785295502,9666,69,3,32.0,46.0,,run
2026-07-29T06:25:08+03:00,1785295508,9672,69,3,32.0,43.9,,run
2026-07-29T06:25:13+03:00,1785295513,9677,69,3,32.0,42.3,,run
2026-07-29T06:25:18+03:00,1785295518,9682,69,3,32.0,46.0,,run
2026-07-29T06:25:23+03:00,1785295523,9687,69,3,32.0,41.1,,run
2026-07-29T06:25:29+03:00,1785295529,9693,69,3,32.0,42.0,,run
2026-07-29T06:25:34+03:00,1785295534,9698,68,3,32.1,41.1,,run
2026-07-29T06:25:39+03:00,1785295539,9703,68,3,32.1,42.0,,run
2026-07-29T06:25:45+03:00,1785295545,9709,68,3,32.1,43.2,,run
2026-07-29T06:25:50+03:00,1785295550,9714,68,3,32.1,42.0,,run
2026-07-29T06:25:55+03:00,1785295555,9719,68,3,32.1,50.4,,run
2026-07-29T06:26:01+03:00,1785295561,9725,68,3,32.1,44.2,,run
2026-07-29T06:26:06+03:00,1785295566,9730,68,3,32.1,41.7,,run
2026-07-29T06:26:11+03:00,1785295571,9735,68,3,32.1,39.5,,run
2026-07-29T06:26:17+03:00,1785295577,9741,68,3,32.1,39.8,,run
2026-07-29T06:26:22+03:00,1785295582,9746,68,3,32.1,46.0,,run
2026-07-29T06:26:27+03:00,1785295587,9751,68,3,32.1,46.3,,run
2026-07-29T06:26:33+03:00,1785295593,9757,68,3,32.1,40.8,,run
2026-07-29T06:26:38+03:00,1785295598,9762,68,3,32.1,43.2,,run
2026-07-29T06:26:43+03:00,1785295603,9767,68,3,32.1,42.0,,run
2026-07-29T06:26:48+03:00,1785295608,9772,68,3,32.1,39.8,,run
2026-07-29T06:26:54+03:00,1785295614,9778,68,3,32.1,39.8,,run
2026-07-29T06:26:59+03:00,1785295619,9783,68,3,32.1,51.9,,run
2026-07-29T06:27:05+03:00,1785295625,9789,68,3,32.1,44.8,,run
2026-07-29T06:27:10+03:00,1785295630,9794,68,3,32.1,41.7,,run
2026-07-29T06:27:15+03:00,1785295635,9799,68,3,32.1,45.4,,run
2026-07-29T06:27:20+03:00,1785295640,9804,68,3,32.1,43.9,,run
2026-07-29T06:27:26+03:00,1785295646,9810,68,3,32.1,42.6,,run
2026-07-29T06:27:31+03:00,1785295651,9815,68,3,32.1,42.0,,run
2026-07-29T06:27:36+03:00,1785295656,9820,68,3,32.1,41.7,,run
2026-07-29T06:27:41+03:00,1785295661,9825,68,3,32.1,40.5,,run
2026-07-29T06:27:47+03:00,1785295667,9831,68,3,32.1,41.4,,run
2026-07-29T06:27:52+03:00,1785295672,9836,68,3,32.1,41.1,,run
2026-07-29T06:27:57+03:00,1785295677,9841,68,3,32.1,42.9,,run
2026-07-29T06:28:03+03:00,1785295683,9847,68,3,32.1,42.0,,run
2026-07-29T06:28:08+03:00,1785295688,9852,68,3,32.1,41.7,,run
2026-07-29T06:28:13+03:00,1785295693,9857,68,3,32.1,48.5,,run
2026-07-29T06:28:18+03:00,1785295698,9862,68,3,32.1,50.1,,run
2026-07-29T06:28:24+03:00,1785295704,9868,68,3,32.1,41.4,,run
2026-07-29T06:28:29+03:00,1785295709,9873,68,3,32.1,42.3,,run
2026-07-29T06:28:34+03:00,1785295714,9878,68,3,32.1,45.1,,run
2026-07-29T06:28:40+03:00,1785295719,9883,68,3,32.1,46.3,,run
2026-07-29T06:28:45+03:00,1785295725,9889,68,3,32.1,41.1,,run
2026-07-29T06:28:50+03:00,1785295730,9894,68,3,32.1,41.1,,run
2026-07-29T06:28:55+03:00,1785295735,9899,68,3,32.1,41.1,,run
2026-07-29T06:29:01+03:00,1785295741,9905,68,3,32.1,40.5,,run
2026-07-29T06:29:06+03:00,1785295746,9910,68,3,32.1,40.8,,run
2026-07-29T06:29:11+03:00,1785295751,9915,68,3,32.1,40.8,,run
2026-07-29T06:29:17+03:00,1785295757,9921,68,3,32.1,40.5,,run
2026-07-29T06:29:22+03:00,1785295762,9926,68,3,32.1,51.3,,run
2026-07-29T06:29:27+03:00,1785295767,9931,68,3,32.1,48.2,,run
2026-07-29T06:29:33+03:00,1785295773,9937,68,3,32.1,48.8,,run
2026-07-29T06:29:38+03:00,1785295778,9942,68,3,32.1,47.0,,run
2026-07-29T06:29:43+03:00,1785295783,9947,68,3,32.1,42.6,,run
2026-07-29T06:29:48+03:00,1785295788,9952,68,3,32.1,41.7,,run
2026-07-29T06:29:54+03:00,1785295794,9958,68,3,32.1,41.7,,run
2026-07-29T06:29:59+03:00,1785295799,9963,68,3,32.1,42.0,,run
2026-07-29T06:30:04+03:00,1785295804,9968,68,3,32.1,41.4,,run
2026-07-29T06:30:09+03:00,1785295809,9973,68,3,32.1,40.2,,run
2026-07-29T06:30:15+03:00,1785295815,9979,68,3,32.1,40.5,,run
2026-07-29T06:30:20+03:00,1785295820,9984,68,3,32.1,41.1,,run
2026-07-29T06:30:25+03:00,1785295825,9989,68,3,32.1,42.0,,run
2026-07-29T06:30:31+03:00,1785295831,9995,68,3,32.1,42.0,,run
2026-07-29T06:30:36+03:00,1785295836,10000,68,3,32.1,50.4,,run
2026-07-29T06:30:41+03:00,1785295841,10005,68,3,32.1,51.6,,run
2026-07-29T06:30:46+03:00,1785295846,10010,68,3,32.1,45.7,,run
2026-07-29T06:30:52+03:00,1785295852,10016,68,3,32.1,47.3,,run
2026-07-29T06:30:57+03:00,1785295857,10021,68,3,32.1,46.0,,run
2026-07-29T06:31:02+03:00,1785295862,10026,68,3,32.1,45.1,,run
2026-07-29T06:31:07+03:00,1785295867,10031,68,3,32.1,42.0,,run
2026-07-29T06:31:13+03:00,1785295873,10037,68,3,32.1,39.8,,run
2026-07-29T06:31:18+03:00,1785295878,10042,68,3,32.1,39.8,,run
2026-07-29T06:31:23+03:00,1785295883,10047,68,3,32.1,51.0,,run
2026-07-29T06:31:29+03:00,1785295889,10053,68,3,32.1,44.2,,run
2026-07-29T06:31:34+03:00,1785295894,10058,68,3,32.1,42.0,,run
2026-07-29T06:31:39+03:00,1785295899,10063,68,3,32.1,41.4,,run
2026-07-29T06:31:45+03:00,1785295905,10069,68,3,32.1,45.7,,run
2026-07-29T06:31:50+03:00,1785295910,10074,68,3,32.1,49.1,,run
2026-07-29T06:31:55+03:00,1785295915,10079,68,3,32.1,46.3,,run
2026-07-29T06:32:00+03:00,1785295920,10084,68,3,32.1,44.5,,run
2026-07-29T06:32:06+03:00,1785295926,10090,68,3,32.1,48.8,,run
2026-07-29T06:32:11+03:00,1785295931,10095,68,3,32.1,42.6,,run
2026-07-29T06:32:16+03:00,1785295936,10100,68,3,32.1,42.6,,run
2026-07-29T06:32:21+03:00,1785295941,10105,68,3,32.1,41.1,,run
2026-07-29T06:32:27+03:00,1785295947,10111,68,3,32.1,41.1,,run
2026-07-29T06:32:32+03:00,1785295952,10116,68,3,32.1,40.8,,run
2026-07-29T06:32:37+03:00,1785295957,10121,68,3,32.1,40.5,,run
2026-07-29T06:32:42+03:00,1785295962,10126,68,3,32.1,51.6,,run
2026-07-29T06:32:48+03:00,1785295968,10132,68,3,32.1,42.3,,run
2026-07-29T06:32:53+03:00,1785295973,10137,68,3,32.1,40.8,,run
2026-07-29T06:32:58+03:00,1785295978,10142,68,3,32.1,41.1,,run
2026-07-29T06:33:04+03:00,1785295984,10148,68,3,32.1,40.5,,run
2026-07-29T06:33:09+03:00,1785295989,10153,68,3,32.1,46.3,,run
2026-07-29T06:33:14+03:00,1785295994,10158,68,3,32.1,46.0,,run
2026-07-29T06:33:19+03:00,1785295999,10163,68,3,32.1,43.6,,run
2026-07-29T06:33:25+03:00,1785296005,10169,68,3,32.1,41.7,,run
2026-07-29T06:33:30+03:00,1785296010,10174,68,3,32.1,49.1,,run
2026-07-29T06:33:36+03:00,1785296016,10180,68,3,32.1,51.0,,run
2026-07-29T06:33:41+03:00,1785296021,10185,68,3,32.1,43.6,,run
2026-07-29T06:33:46+03:00,1785296026,10190,68,3,32.1,42.3,,run
2026-07-29T06:33:51+03:00,1785296031,10195,68,3,32.1,41.1,,run
2026-07-29T06:33:57+03:00,1785296037,10201,68,3,31.9,42.3,,run
2026-07-29T06:34:02+03:00,1785296042,10206,68,3,31.9,46.3,,run
2026-07-29T06:34:07+03:00,1785296047,10211,68,3,31.9,47.3,,run
2026-07-29T06:34:12+03:00,1785296052,10216,68,3,31.9,47.0,,run
2026-07-29T06:34:18+03:00,1785296058,10222,68,3,31.9,41.1,,run
2026-07-29T06:34:23+03:00,1785296063,10227,68,3,31.9,41.1,,run
2026-07-29T06:34:28+03:00,1785296068,10232,68,3,31.9,41.7,,run
2026-07-29T06:34:33+03:00,1785296073,10237,68,3,31.9,45.1,,run
2026-07-29T06:34:39+03:00,1785296079,10243,68,3,31.9,40.8,,run
2026-07-29T06:34:44+03:00,1785296084,10248,68,3,31.9,41.4,,run
2026-07-29T06:34:49+03:00,1785296089,10253,68,3,31.9,53.5,,run
2026-07-29T06:34:55+03:00,1785296095,10259,68,3,31.9,41.4,,run
2026-07-29T06:35:00+03:00,1785296100,10264,68,3,31.9,45.4,,run
2026-07-29T06:35:06+03:00,1785296106,10270,68,3,31.9,40.8,,run
2026-07-29T06:35:11+03:00,1785296111,10275,68,3,31.9,40.5,,run
2026-07-29T06:35:16+03:00,1785296116,10280,68,3,31.9,39.8,,run
2026-07-29T06:35:21+03:00,1785296121,10285,68,3,31.9,40.8,,run
2026-07-29T06:35:27+03:00,1785296127,10291,68,3,31.9,44.5,,run
2026-07-29T06:35:32+03:00,1785296132,10296,68,3,31.9,45.1,,run
2026-07-29T06:35:37+03:00,1785296137,10301,68,3,31.9,52.5,,run
2026-07-29T06:35:43+03:00,1785296143,10307,68,3,31.9,45.7,,run
2026-07-29T06:35:48+03:00,1785296148,10312,68,3,31.9,44.5,,run
2026-07-29T06:35:53+03:00,1785296153,10317,68,3,31.9,42.3,,run
2026-07-29T06:35:59+03:00,1785296159,10323,68,3,31.9,44.5,,run
2026-07-29T06:36:04+03:00,1785296164,10328,68,3,31.9,42.6,,run
2026-07-29T06:36:09+03:00,1785296169,10333,68,3,31.9,42.3,,run
2026-07-29T06:36:14+03:00,1785296174,10338,68,3,31.9,42.0,,run
2026-07-29T06:36:20+03:00,1785296180,10344,68,3,31.9,42.3,,run
2026-07-29T06:36:25+03:00,1785296185,10349,68,3,31.9,42.0,,run
2026-07-29T06:36:30+03:00,1785296190,10354,68,3,31.9,44.5,,run
2026-07-29T06:36:35+03:00,1785296195,10359,68,3,31.9,47.0,,run
2026-07-29T06:36:41+03:00,1785296201,10365,68,3,31.9,45.4,,run
2026-07-29T06:36:46+03:00,1785296206,10370,68,3,31.9,45.1,,run
2026-07-29T06:36:51+03:00,1785296211,10375,68,3,31.9,47.3,,run
2026-07-29T06:36:56+03:00,1785296216,10380,68,3,31.9,51.0,,run
2026-07-29T06:37:02+03:00,1785296222,10386,68,3,31.9,42.6,,run
2026-07-29T06:37:07+03:00,1785296227,10391,68,3,31.9,42.3,,run
2026-07-29T06:37:12+03:00,1785296232,10396,68,3,31.9,41.1,,run
2026-07-29T06:37:18+03:00,1785296238,10402,67,3,32.0,40.2,,run
2026-07-29T06:37:23+03:00,1785296243,10407,67,3,32.0,39.5,,run
2026-07-29T06:37:28+03:00,1785296248,10412,67,3,32.0,40.5,,run
2026-07-29T06:37:33+03:00,1785296253,10417,67,3,32.0,39.8,,run
2026-07-29T06:37:39+03:00,1785296259,10423,67,3,32.0,39.8,,run
2026-07-29T06:37:44+03:00,1785296264,10428,67,3,32.0,52.5,,run
2026-07-29T06:37:50+03:00,1785296270,10434,67,3,32.0,45.1,,run
2026-07-29T06:37:55+03:00,1785296275,10439,67,3,32.0,46.7,,run
2026-07-29T06:38:00+03:00,1785296280,10444,67,3,32.0,46.7,,run
2026-07-29T06:38:05+03:00,1785296285,10449,67,3,32.0,42.6,,run
2026-07-29T06:38:11+03:00,1785296291,10455,67,3,32.0,40.8,,run
2026-07-29T06:38:16+03:00,1785296296,10460,67,3,32.0,41.4,,run
2026-07-29T06:38:21+03:00,1785296301,10465,67,3,32.0,45.7,,run
2026-07-29T06:38:27+03:00,1785296307,10471,67,3,32.0,41.7,,run
2026-07-29T06:38:32+03:00,1785296312,10476,67,3,32.0,41.7,,run
2026-07-29T06:38:37+03:00,1785296317,10481,67,3,32.0,41.7,,run
2026-07-29T06:38:42+03:00,1785296322,10486,67,3,32.0,42.0,,run
2026-07-29T06:38:48+03:00,1785296328,10492,67,3,32.0,41.4,,run
2026-07-29T06:38:53+03:00,1785296333,10497,67,3,32.0,41.7,,run
2026-07-29T06:38:58+03:00,1785296338,10502,67,3,32.0,47.3,,run
2026-07-29T06:39:03+03:00,1785296343,10507,67,3,32.0,51.9,,run
2026-07-29T06:39:09+03:00,1785296349,10513,67,3,32.0,49.7,,run
2026-07-29T06:39:14+03:00,1785296354,10518,67,3,32.0,44.8,,run
2026-07-29T06:39:19+03:00,1785296359,10523,67,3,32.0,46.0,,run
2026-07-29T06:39:24+03:00,1785296364,10528,67,3,32.0,42.6,,run
2026-07-29T06:39:30+03:00,1785296370,10534,67,3,32.0,39.8,,run
2026-07-29T06:39:35+03:00,1785296375,10539,67,3,32.0,41.1,,run
2026-07-29T06:39:40+03:00,1785296380,10544,67,3,32.0,42.0,,run
2026-07-29T06:39:46+03:00,1785296386,10550,67,3,32.0,48.8,,run
2026-07-29T06:39:51+03:00,1785296391,10555,67,3,32.0,43.6,,run
2026-07-29T06:39:56+03:00,1785296396,10560,67,3,32.0,42.0,,run
2026-07-29T06:40:01+03:00,1785296401,10565,67,3,32.0,44.2,,run
2026-07-29T06:40:07+03:00,1785296407,10571,67,3,32.0,42.0,,run
2026-07-29T06:40:12+03:00,1785296412,10576,67,3,32.0,40.8,,run
2026-07-29T06:40:17+03:00,1785296417,10581,67,3,32.0,40.5,,run
2026-07-29T06:40:22+03:00,1785296422,10586,67,3,32.0,40.8,,run
2026-07-29T06:40:28+03:00,1785296428,10592,67,3,32.0,46.3,,run
2026-07-29T06:40:33+03:00,1785296433,10597,67,3,32.0,48.2,,run
2026-07-29T06:40:38+03:00,1785296438,10602,67,3,32.0,42.9,,run
2026-07-29T06:40:43+03:00,1785296443,10607,67,3,32.0,46.0,,run
2026-07-29T06:40:49+03:00,1785296449,10613,67,3,32.0,42.6,,run
2026-07-29T06:40:54+03:00,1785296454,10618,67,3,32.0,41.1,,run
2026-07-29T06:40:59+03:00,1785296459,10623,67,3,32.0,49.1,,run
2026-07-29T06:41:05+03:00,1785296465,10629,67,3,32.0,42.3,,run
2026-07-29T06:41:10+03:00,1785296470,10634,67,3,32.0,42.0,,run
2026-07-29T06:41:15+03:00,1785296475,10639,67,3,32.0,42.6,,run
2026-07-29T06:41:20+03:00,1785296480,10644,67,3,32.0,47.3,,run
2026-07-29T06:41:26+03:00,1785296486,10650,67,3,32.0,43.6,,run
2026-07-29T06:41:31+03:00,1785296491,10655,67,3,32.0,41.1,,run
2026-07-29T06:41:36+03:00,1785296496,10660,67,3,32.0,40.2,,run
2026-07-29T06:41:41+03:00,1785296501,10665,67,3,32.0,52.8,,run
2026-07-29T06:41:47+03:00,1785296507,10671,67,3,32.0,43.2,,run
2026-07-29T06:41:52+03:00,1785296512,10676,67,3,32.0,41.1,,run
2026-07-29T06:41:58+03:00,1785296518,10682,67,3,32.0,41.1,,run
2026-07-29T06:42:03+03:00,1785296523,10687,67,3,32.0,40.8,,run
2026-07-29T06:42:08+03:00,1785296528,10692,67,3,32.0,42.9,,run
2026-07-29T06:42:13+03:00,1785296533,10697,67,3,32.0,41.1,,run
2026-07-29T06:42:19+03:00,1785296539,10703,67,3,32.0,41.7,,run
2026-07-29T06:42:24+03:00,1785296544,10708,67,3,32.0,39.8,,run
2026-07-29T06:42:29+03:00,1785296549,10713,67,3,32.0,40.5,,run
2026-07-29T06:42:34+03:00,1785296554,10718,67,3,32.0,39.5,,run
2026-07-29T06:42:40+03:00,1785296560,10724,67,3,32.0,45.1,,run
2026-07-29T06:42:45+03:00,1785296565,10729,67,3,32.0,46.0,,run
2026-07-29T06:42:50+03:00,1785296570,10734,67,3,32.0,42.6,,run
2026-07-29T06:42:55+03:00,1785296575,10739,67,3,32.0,46.0,,run
2026-07-29T06:43:01+03:00,1785296581,10745,67,3,32.0,49.7,,run
2026-07-29T06:43:06+03:00,1785296586,10750,67,3,32.0,42.3,,run
2026-07-29T06:43:11+03:00,1785296591,10755,67,3,32.0,45.1,,run
2026-07-29T06:43:16+03:00,1785296596,10760,67,3,32.0,40.8,,run
2026-07-29T06:43:22+03:00,1785296602,10766,67,3,32.0,39.5,,run
2026-07-29T06:43:27+03:00,1785296607,10771,67,3,32.0,39.5,,run
2026-07-29T06:43:32+03:00,1785296612,10776,67,3,32.0,42.9,,run
2026-07-29T06:43:37+03:00,1785296617,10781,67,3,32.0,42.6,,run
2026-07-29T06:43:43+03:00,1785296623,10787,67,3,32.0,39.2,,run
2026-07-29T06:43:48+03:00,1785296628,10792,67,3,32.0,39.5,,run
2026-07-29T06:43:53+03:00,1785296633,10797,67,3,32.0,44.8,,run
2026-07-29T06:43:58+03:00,1785296638,10802,67,3,31.3,48.2,,run
2026-07-29T06:44:04+03:00,1785296644,10808,67,3,31.3,46.0,,run
2026-07-29T06:44:09+03:00,1785296649,10813,67,3,31.3,47.6,,run
2026-07-29T06:44:14+03:00,1785296654,10818,67,3,31.3,44.2,,run
2026-07-29T06:44:20+03:00,1785296660,10824,67,3,31.3,42.9,,run
2026-07-29T06:44:25+03:00,1785296665,10829,67,3,31.3,41.1,,run
2026-07-29T06:44:30+03:00,1785296670,10834,67,3,31.3,40.8,,run
2026-07-29T06:44:35+03:00,1785296675,10839,67,3,31.3,39.8,,run
2026-07-29T06:44:41+03:00,1785296681,10845,67,3,31.3,42.0,,run
2026-07-29T06:44:46+03:00,1785296686,10850,67,3,31.3,40.5,,run
2026-07-29T06:44:51+03:00,1785296691,10855,67,3,31.3,46.3,,run
2026-07-29T06:44:56+03:00,1785296696,10860,67,3,31.3,43.6,,run
2026-07-29T06:45:02+03:00,1785296702,10866,67,3,31.3,42.3,,run
2026-07-29T06:45:07+03:00,1785296707,10871,67,3,31.3,41.7,,run
2026-07-29T06:45:12+03:00,1785296712,10876,67,3,31.3,50.7,,run
2026-07-29T06:45:18+03:00,1785296718,10882,67,3,31.3,46.3,,run
2026-07-29T06:45:23+03:00,1785296723,10887,67,3,31.3,40.8,,run
2026-07-29T06:45:28+03:00,1785296728,10892,67,3,31.3,39.8,,run
2026-07-29T06:45:33+03:00,1785296733,10897,67,3,31.3,43.6,,run
2026-07-29T06:45:39+03:00,1785296739,10903,67,3,31.3,40.5,,run
2026-07-29T06:45:44+03:00,1785296744,10908,67,3,31.3,45.1,,run
2026-07-29T06:45:49+03:00,1785296749,10913,67,3,31.3,48.2,,run
2026-07-29T06:45:54+03:00,1785296754,10918,67,3,31.3,51.3,,run
2026-07-29T06:46:00+03:00,1785296760,10924,67,3,31.3,45.1,,run
2026-07-29T06:46:05+03:00,1785296765,10929,67,3,31.3,43.6,,run
2026-07-29T06:46:10+03:00,1785296770,10934,67,3,31.3,42.3,,run
2026-07-29T06:46:16+03:00,1785296776,10940,67,3,31.3,42.0,,run
2026-07-29T06:46:21+03:00,1785296781,10945,67,3,31.3,42.0,,run
2026-07-29T06:46:26+03:00,1785296786,10950,67,3,31.3,40.8,,run
2026-07-29T06:46:31+03:00,1785296791,10955,67,3,31.3,41.4,,run
2026-07-29T06:46:37+03:00,1785296797,10961,67,3,31.3,42.9,,run
2026-07-29T06:46:42+03:00,1785296802,10966,67,3,31.3,44.2,,run
2026-07-29T06:46:47+03:00,1785296807,10971,67,3,31.3,44.8,,run
2026-07-29T06:46:52+03:00,1785296812,10976,67,3,31.3,42.0,,run
2026-07-29T06:46:58+03:00,1785296818,10982,67,3,31.3,40.5,,run
2026-07-29T06:47:03+03:00,1785296823,10987,67,3,31.3,46.0,,run
2026-07-29T06:47:08+03:00,1785296828,10992,67,3,31.3,49.1,,run
2026-07-29T06:47:13+03:00,1785296833,10997,67,3,31.3,47.6,,run
2026-07-29T06:47:19+03:00,1785296839,11003,67,3,31.3,42.0,,run
2026-07-29T06:47:24+03:00,1785296844,11008,67,3,31.3,39.5,,run
2026-07-29T06:47:29+03:00,1785296849,11013,67,3,31.3,44.2,,run
2026-07-29T06:47:34+03:00,1785296854,11018,67,3,31.3,40.5,,run
2026-07-29T06:47:40+03:00,1785296860,11024,67,3,31.3,40.5,,run
2026-07-29T06:47:45+03:00,1785296865,11029,67,3,31.3,39.2,,run
2026-07-29T06:47:50+03:00,1785296870,11034,67,3,31.3,40.2,,run
2026-07-29T06:47:56+03:00,1785296876,11040,67,3,31.3,51.3,,run
2026-07-29T06:48:01+03:00,1785296881,11045,66,3,31.4,49.1,,run
2026-07-29T06:48:06+03:00,1785296886,11050,66,3,31.4,46.0,,run
2026-07-29T06:48:11+03:00,1785296891,11055,66,3,31.4,42.6,,run
2026-07-29T06:48:17+03:00,1785296897,11061,66,3,31.4,40.8,,run
2026-07-29T06:48:22+03:00,1785296902,11066,66,3,31.4,46.0,,run
2026-07-29T06:48:27+03:00,1785296907,11071,66,3,31.4,42.3,,run
2026-07-29T06:48:32+03:00,1785296912,11076,66,3,31.4,40.8,,run
2026-07-29T06:48:38+03:00,1785296918,11082,66,3,31.4,39.8,,run
2026-07-29T06:48:43+03:00,1785296923,11087,66,3,31.4,44.2,,run
2026-07-29T06:48:48+03:00,1785296928,11092,66,3,31.4,41.1,,run
2026-07-29T06:48:53+03:00,1785296933,11097,66,3,31.4,40.5,,run
2026-07-29T06:48:59+03:00,1785296939,11103,66,3,31.4,42.0,,run
2026-07-29T06:49:04+03:00,1785296944,11108,66,3,31.4,41.7,,run
2026-07-29T06:49:09+03:00,1785296949,11113,66,3,31.4,47.3,,run
2026-07-29T06:49:14+03:00,1785296954,11118,66,3,31.4,50.7,,run
2026-07-29T06:49:20+03:00,1785296960,11124,66,3,31.4,42.0,,run
2026-07-29T06:49:25+03:00,1785296965,11129,66,3,31.4,46.0,,run
2026-07-29T06:49:30+03:00,1785296970,11134,66,3,31.4,45.1,,run
2026-07-29T06:49:36+03:00,1785296976,11140,66,3,31.4,43.9,,run
2026-07-29T06:49:41+03:00,1785296981,11145,66,3,31.4,40.5,,run
2026-07-29T06:49:46+03:00,1785296986,11150,66,3,31.4,39.5,,run
2026-07-29T06:49:51+03:00,1785296991,11155,66,3,31.4,40.2,,run
2026-07-29T06:49:57+03:00,1785296997,11161,66,3,31.4,50.4,,run
2026-07-29T06:50:02+03:00,1785297002,11166,66,3,31.4,45.4,,run
2026-07-29T06:50:08+03:00,1785297008,11172,66,3,31.4,47.9,,run
2026-07-29T06:50:13+03:00,1785297013,11177,66,3,31.4,49.1,,run
2026-07-29T06:50:18+03:00,1785297018,11182,66,3,31.4,48.8,,run
2026-07-29T06:50:23+03:00,1785297023,11187,66,3,31.4,44.8,,run
2026-07-29T06:50:29+03:00,1785297029,11193,66,3,31.4,45.4,,run
2026-07-29T06:50:34+03:00,1785297034,11198,66,3,31.4,42.6,,run
2026-07-29T06:50:39+03:00,1785297039,11203,66,3,31.4,42.0,,run
2026-07-29T06:50:44+03:00,1785297044,11208,66,3,31.4,42.3,,run
2026-07-29T06:50:50+03:00,1785297050,11214,66,3,31.4,40.2,,run
2026-07-29T06:50:55+03:00,1785297055,11219,66,3,31.4,40.8,,run
2026-07-29T06:51:00+03:00,1785297060,11224,66,3,31.4,42.6,,run
2026-07-29T06:51:06+03:00,1785297066,11230,66,3,31.4,41.1,,run
2026-07-29T06:51:11+03:00,1785297071,11235,66,3,31.4,48.8,,run
2026-07-29T06:51:16+03:00,1785297076,11240,66,3,31.4,50.1,,run
2026-07-29T06:51:21+03:00,1785297081,11245,66,3,31.4,42.3,,run
2026-07-29T06:51:27+03:00,1785297087,11251,66,3,31.4,44.8,,run
2026-07-29T06:51:32+03:00,1785297092,11256,66,3,31.4,46.7,,run
2026-07-29T06:51:37+03:00,1785297097,11261,66,3,31.4,41.4,,run
2026-07-29T06:51:42+03:00,1785297102,11266,66,3,31.4,40.5,,run
2026-07-29T06:51:48+03:00,1785297108,11272,66,3,31.4,40.2,,run
2026-07-29T06:51:53+03:00,1785297113,11277,66,3,31.4,46.3,,run
2026-07-29T06:51:58+03:00,1785297118,11282,66,3,31.4,51.0,,run
2026-07-29T06:52:03+03:00,1785297123,11287,66,3,31.4,42.9,,run
2026-07-29T06:52:09+03:00,1785297129,11293,66,3,31.4,41.1,,run
2026-07-29T06:52:14+03:00,1785297134,11298,66,3,31.4,47.0,,run
2026-07-29T06:52:19+03:00,1785297139,11303,66,3,31.4,43.9,,run
2026-07-29T06:52:24+03:00,1785297144,11308,66,3,31.4,42.3,,run
2026-07-29T06:52:30+03:00,1785297150,11314,66,3,31.4,42.3,,run
2026-07-29T06:52:35+03:00,1785297155,11319,66,3,31.4,41.7,,run
2026-07-29T06:52:40+03:00,1785297160,11324,66,3,31.4,41.7,,run
2026-07-29T06:52:45+03:00,1785297165,11329,66,3,31.4,41.7,,run
2026-07-29T06:52:51+03:00,1785297171,11335,66,3,31.4,42.0,,run
2026-07-29T06:52:56+03:00,1785297176,11340,66,3,31.4,41.4,,run
2026-07-29T06:53:01+03:00,1785297181,11345,66,3,31.4,41.1,,run
2026-07-29T06:53:06+03:00,1785297186,11350,66,3,31.4,41.4,,run
2026-07-29T06:53:12+03:00,1785297192,11356,66,3,31.4,47.3,,run
2026-07-29T06:53:17+03:00,1785297197,11361,66,3,31.4,46.0,,run
2026-07-29T06:53:22+03:00,1785297202,11366,66,3,31.4,41.7,,run
2026-07-29T06:53:28+03:00,1785297208,11372,66,3,31.4,41.1,,run
2026-07-29T06:53:33+03:00,1785297213,11377,66,3,31.4,45.7,,run
2026-07-29T06:53:38+03:00,1785297218,11382,66,3,31.4,44.5,,run
2026-07-29T06:53:43+03:00,1785297223,11387,66,3,31.4,42.3,,run
2026-07-29T06:53:49+03:00,1785297229,11393,66,3,31.4,40.8,,run
2026-07-29T06:53:54+03:00,1785297234,11398,66,3,31.7,47.3,,run
2026-07-29T06:53:59+03:00,1785297239,11403,66,3,31.7,44.5,,run
2026-07-29T06:54:05+03:00,1785297245,11409,66,3,31.7,42.0,,run
2026-07-29T06:54:10+03:00,1785297250,11414,66,3,31.7,46.0,,run
2026-07-29T06:54:15+03:00,1785297255,11419,66,3,31.7,42.0,,run
2026-07-29T06:54:20+03:00,1785297260,11424,66,3,31.7,42.0,,run
2026-07-29T06:54:26+03:00,1785297266,11430,66,3,31.7,42.0,,run
2026-07-29T06:54:31+03:00,1785297271,11435,66,3,31.7,44.2,,run
2026-07-29T06:54:36+03:00,1785297276,11440,66,3,31.7,46.3,,run
2026-07-29T06:54:41+03:00,1785297281,11445,66,3,31.7,47.3,,run
2026-07-29T06:54:47+03:00,1785297287,11451,66,3,31.7,42.0,,run
2026-07-29T06:54:52+03:00,1785297292,11456,66,3,31.7,41.7,,run
2026-07-29T06:54:57+03:00,1785297297,11461,66,3,31.7,41.4,,run
2026-07-29T06:55:03+03:00,1785297303,11467,66,3,31.7,42.9,,run
2026-07-29T06:55:08+03:00,1785297308,11472,66,3,31.7,40.8,,run
2026-07-29T06:55:13+03:00,1785297313,11477,66,3,31.7,51.6,,run
2026-07-29T06:55:19+03:00,1785297319,11483,66,3,31.7,44.8,,run
2026-07-29T06:55:24+03:00,1785297324,11488,66,3,31.7,40.2,,run
2026-07-29T06:55:29+03:00,1785297329,11493,66,3,31.7,40.2,,run
2026-07-29T06:55:34+03:00,1785297334,11498,66,3,31.7,46.0,,run
2026-07-29T06:55:40+03:00,1785297340,11504,66,3,31.7,39.8,,run
2026-07-29T06:55:45+03:00,1785297345,11509,66,3,31.7,42.3,,run
2026-07-29T06:55:50+03:00,1785297350,11514,66,3,31.7,40.5,,run
2026-07-29T06:55:55+03:00,1785297355,11519,66,3,31.7,51.9,,run
2026-07-29T06:56:01+03:00,1785297361,11525,66,3,31.7,47.9,,run
2026-07-29T06:56:06+03:00,1785297366,11530,66,3,31.7,42.6,,run
2026-07-29T06:56:12+03:00,1785297372,11536,66,3,31.7,41.1,,run
2026-07-29T06:56:17+03:00,1785297377,11541,66,3,31.7,41.4,,run
2026-07-29T06:56:22+03:00,1785297382,11546,66,3,31.7,40.5,,run
2026-07-29T06:56:27+03:00,1785297387,11551,66,3,31.7,40.2,,run
2026-07-29T06:56:33+03:00,1785297393,11557,66,3,31.7,45.1,,run
2026-07-29T06:56:38+03:00,1785297398,11562,66,3,31.7,44.8,,run
2026-07-29T06:56:43+03:00,1785297403,11567,66,3,31.7,46.0,,run
2026-07-29T06:56:48+03:00,1785297408,11572,66,3,31.7,42.9,,run
2026-07-29T06:56:54+03:00,1785297414,11578,66,3,31.7,41.4,,run
2026-07-29T06:56:59+03:00,1785297419,11583,66,3,31.7,42.0,,run
2026-07-29T06:57:04+03:00,1785297424,11588,66,3,31.7,41.4,,run
2026-07-29T06:57:09+03:00,1785297429,11593,66,3,31.7,43.9,,run
2026-07-29T06:57:15+03:00,1785297435,11599,66,3,31.7,51.0,,run
2026-07-29T06:57:20+03:00,1785297440,11604,66,3,31.7,46.0,,run
2026-07-29T06:57:25+03:00,1785297445,11609,66,3,31.7,39.5,,run
2026-07-29T06:57:30+03:00,1785297450,11614,66,3,31.7,38.9,,run
2026-07-29T06:57:36+03:00,1785297456,11620,65,3,31.5,39.2,,run
2026-07-29T06:57:41+03:00,1785297461,11625,65,3,31.5,39.2,,run
2026-07-29T06:57:46+03:00,1785297466,11630,65,3,31.5,39.5,,run
2026-07-29T06:57:51+03:00,1785297471,11635,65,3,31.5,39.8,,run
2026-07-29T06:57:57+03:00,1785297477,11641,65,3,31.5,53.8,,run
2026-07-29T06:58:02+03:00,1785297482,11646,65,3,31.5,49.7,,run
2026-07-29T06:58:08+03:00,1785297488,11652,65,3,31.5,48.2,,run
2026-07-29T06:58:13+03:00,1785297493,11657,65,3,31.5,45.1,,run
2026-07-29T06:58:18+03:00,1785297498,11662,65,3,31.5,42.9,,run
2026-07-29T06:58:24+03:00,1785297504,11668,65,3,31.5,41.4,,run
2026-07-29T06:58:29+03:00,1785297509,11673,65,3,31.5,41.4,,run
2026-07-29T06:58:34+03:00,1785297514,11678,65,3,31.5,40.8,,run
2026-07-29T06:58:39+03:00,1785297519,11683,65,3,31.5,39.8,,run
2026-07-29T06:58:45+03:00,1785297525,11689,65,3,31.5,40.5,,run
2026-07-29T06:58:50+03:00,1785297530,11694,65,3,31.5,43.2,,run
2026-07-29T06:58:55+03:00,1785297535,11699,65,3,31.5,45.1,,run
2026-07-29T06:59:00+03:00,1785297540,11704,65,3,31.5,44.2,,run
2026-07-29T06:59:06+03:00,1785297546,11710,65,3,31.5,47.3,,run
2026-07-29T06:59:11+03:00,1785297551,11715,65,3,31.5,47.0,,run
2026-07-29T06:59:16+03:00,1785297556,11720,65,3,31.5,49.4,,run
2026-07-29T06:59:21+03:00,1785297561,11725,65,3,31.5,45.1,,run
2026-07-29T06:59:26+03:00,1785297566,11730,65,3,31.5,40.2,,run
2026-07-29T06:59:32+03:00,1785297572,11736,65,3,31.5,39.5,,run
2026-07-29T06:59:37+03:00,1785297577,11741,65,3,31.5,38.9,,run
2026-07-29T06:59:42+03:00,1785297582,11746,65,3,31.5,39.2,,run
2026-07-29T06:59:47+03:00,1785297587,11751,65,3,31.5,38.6,,run
2026-07-29T06:59:53+03:00,1785297593,11757,65,3,31.5,41.1,,run
2026-07-29T06:59:58+03:00,1785297598,11762,65,3,31.5,48.5,,run
2026-07-29T07:00:03+03:00,1785297603,11767,65,3,31.5,40.8,,run
2026-07-29T07:00:09+03:00,1785297609,11773,65,3,31.5,40.8,,run
2026-07-29T07:00:14+03:00,1785297614,11778,65,3,31.5,44.5,,run
2026-07-29T07:00:19+03:00,1785297619,11783,65,3,31.5,47.3,,run
2026-07-29T07:00:24+03:00,1785297624,11788,65,3,31.5,42.9,,run
2026-07-29T07:00:30+03:00,1785297630,11794,65,3,31.5,48.2,,run
2026-07-29T07:00:35+03:00,1785297635,11799,65,3,31.5,43.9,,run
2026-07-29T07:00:40+03:00,1785297640,11804,65,3,31.5,42.3,,run
2026-07-29T07:00:45+03:00,1785297645,11809,65,3,31.5,41.1,,run
2026-07-29T07:00:51+03:00,1785297651,11815,65,3,31.5,41.1,,run
2026-07-29T07:00:56+03:00,1785297656,11820,65,3,31.5,40.2,,run
2026-07-29T07:01:01+03:00,1785297661,11825,65,3,31.5,44.5,,run
2026-07-29T07:01:06+03:00,1785297666,11830,65,3,31.5,45.7,,run
2026-07-29T07:01:12+03:00,1785297672,11836,65,3,31.5,51.0,,run
2026-07-29T07:01:17+03:00,1785297677,11841,65,3,31.5,43.6,,run
2026-07-29T07:01:22+03:00,1785297682,11846,65,3,31.5,45.4,,run
2026-07-29T07:01:28+03:00,1785297688,11852,65,3,31.5,47.0,,run
2026-07-29T07:01:33+03:00,1785297693,11857,65,3,31.5,45.1,,run
2026-07-29T07:01:38+03:00,1785297698,11862,65,3,31.5,47.6,,run
2026-07-29T07:01:43+03:00,1785297703,11867,65,3,31.5,42.6,,run
2026-07-29T07:01:49+03:00,1785297709,11873,65,3,31.5,45.4,,run
2026-07-29T07:01:54+03:00,1785297714,11878,65,3,31.5,51.9,,run
2026-07-29T07:01:59+03:00,1785297719,11883,65,3,31.5,50.1,,run
2026-07-29T07:02:05+03:00,1785297725,11889,65,3,31.5,42.3,,run
2026-07-29T07:02:10+03:00,1785297730,11894,65,3,31.5,41.1,,run
2026-07-29T07:02:15+03:00,1785297735,11899,65,3,31.5,41.4,,run
2026-07-29T07:02:21+03:00,1785297741,11905,65,3,31.5,40.8,,run
2026-07-29T07:02:26+03:00,1785297746,11910,65,3,31.5,40.2,,run
2026-07-29T07:02:31+03:00,1785297751,11915,65,3,31.5,41.1,,run
2026-07-29T07:02:36+03:00,1785297756,11920,65,3,31.5,46.0,,run
2026-07-29T07:02:42+03:00,1785297762,11926,65,3,31.5,48.8,,run
2026-07-29T07:02:47+03:00,1785297767,11931,65,3,31.5,47.0,,run
2026-07-29T07:02:52+03:00,1785297772,11936,65,3,31.5,42.6,,run
2026-07-29T07:02:57+03:00,1785297777,11941,65,3,31.5,42.3,,run
2026-07-29T07:03:03+03:00,1785297783,11947,65,3,31.5,46.0,,run
2026-07-29T07:03:08+03:00,1785297788,11952,65,3,31.5,43.9,,run
2026-07-29T07:03:13+03:00,1785297793,11957,65,3,31.5,51.3,,run
2026-07-29T07:03:19+03:00,1785297799,11963,65,3,31.5,45.4,,run
2026-07-29T07:03:24+03:00,1785297804,11968,65,3,31.5,46.0,,run
2026-07-29T07:03:29+03:00,1785297809,11973,65,3,31.5,43.6,,run
2026-07-29T07:03:35+03:00,1785297815,11979,65,3,31.5,40.2,,run
2026-07-29T07:03:40+03:00,1785297820,11984,65,3,31.5,43.2,,run
2026-07-29T07:03:45+03:00,1785297825,11989,65,3,31.5,42.0,,run
2026-07-29T07:03:50+03:00,1785297830,11994,65,3,31.5,47.0,,run
2026-07-29T07:03:56+03:00,1785297836,12000,65,3,31.8,52.2,,run
2026-07-29T07:04:01+03:00,1785297841,12005,65,3,31.8,43.9,,run
2026-07-29T07:04:06+03:00,1785297846,12010,65,3,31.8,42.3,,run
2026-07-29T07:04:11+03:00,1785297851,12015,65,3,31.8,41.1,,run
2026-07-29T07:04:17+03:00,1785297857,12021,65,3,31.8,41.1,,run
2026-07-29T07:04:22+03:00,1785297862,12026,65,3,31.8,40.8,,run
2026-07-29T07:04:27+03:00,1785297867,12031,65,3,31.8,40.8,,run
2026-07-29T07:04:32+03:00,1785297872,12036,65,3,31.8,40.2,,run
2026-07-29T07:04:38+03:00,1785297878,12042,65,3,31.8,40.2,,run
2026-07-29T07:04:43+03:00,1785297883,12047,65,3,31.8,40.5,,run
2026-07-29T07:04:48+03:00,1785297888,12052,65,3,31.8,45.7,,run
2026-07-29T07:04:53+03:00,1785297893,12057,65,3,31.8,47.3,,run
2026-07-29T07:04:59+03:00,1785297898,12062,65,3,31.8,42.0,,run
2026-07-29T07:05:04+03:00,1785297904,12068,65,3,31.8,40.5,,run
2026-07-29T07:05:09+03:00,1785297909,12073,65,3,31.8,42.6,,run
2026-07-29T07:05:14+03:00,1785297914,12078,65,3,31.8,52.2,,run
2026-07-29T07:05:20+03:00,1785297920,12084,65,3,31.8,42.0,,run
2026-07-29T07:05:25+03:00,1785297925,12089,65,3,31.8,40.5,,run
2026-07-29T07:05:30+03:00,1785297930,12094,65,3,31.8,40.8,,run
2026-07-29T07:05:35+03:00,1785297935,12099,65,3,31.8,47.6,,run
2026-07-29T07:05:41+03:00,1785297941,12105,65,3,31.8,45.7,,run
2026-07-29T07:05:46+03:00,1785297946,12110,65,3,31.8,42.9,,run
2026-07-29T07:05:51+03:00,1785297951,12115,65,3,31.8,48.2,,run
2026-07-29T07:05:57+03:00,1785297957,12121,65,3,31.8,45.1,,run
2026-07-29T07:06:02+03:00,1785297962,12126,65,3,31.8,42.3,,run
2026-07-29T07:06:07+03:00,1785297967,12131,65,3,31.8,41.1,,run
2026-07-29T07:06:12+03:00,1785297972,12136,65,3,31.8,40.5,,run
2026-07-29T07:06:18+03:00,1785297978,12142,65,3,31.8,45.1,,run
2026-07-29T07:06:23+03:00,1785297983,12147,65,3,31.8,42.3,,run
2026-07-29T07:06:28+03:00,1785297988,12152,65,3,31.8,40.5,,run
2026-07-29T07:06:33+03:00,1785297993,12157,65,3,31.8,40.2,,run
2026-07-29T07:06:39+03:00,1785297999,12163,65,3,31.8,39.8,,run
2026-07-29T07:06:44+03:00,1785298004,12168,65,3,31.8,40.5,,run
2026-07-29T07:06:49+03:00,1785298009,12173,65,3,31.8,39.8,,run
2026-07-29T07:06:54+03:00,1785298014,12178,65,3,31.8,44.8,,run
2026-07-29T07:07:00+03:00,1785298020,12184,65,3,31.8,47.0,,run
2026-07-29T07:07:05+03:00,1785298025,12189,65,3,31.8,43.9,,run
2026-07-29T07:07:10+03:00,1785298030,12194,65,3,31.8,51.9,,run
2026-07-29T07:07:16+03:00,1785298036,12200,64,3,31.7,43.9,,run
2026-07-29T07:07:21+03:00,1785298041,12205,64,3,31.7,41.1,,run
2026-07-29T07:07:26+03:00,1785298046,12210,64,3,31.7,39.5,,run
2026-07-29T07:07:31+03:00,1785298051,12215,64,3,31.7,39.2,,run
2026-07-29T07:07:37+03:00,1785298057,12221,64,3,31.7,39.5,,run
2026-07-29T07:07:42+03:00,1785298062,12226,64,3,31.7,44.8,,run
2026-07-29T07:07:47+03:00,1785298067,12231,64,3,31.7,40.8,,run
2026-07-29T07:07:52+03:00,1785298072,12236,64,3,31.7,51.3,,run
2026-07-29T07:07:58+03:00,1785298078,12242,64,3,31.7,42.6,,run
2026-07-29T07:08:03+03:00,1785298083,12247,64,3,31.7,41.7,,run
2026-07-29T07:08:08+03:00,1785298088,12252,64,3,31.7,44.2,,run
2026-07-29T07:08:14+03:00,1785298094,12258,64,3,31.7,41.4,,run
2026-07-29T07:08:19+03:00,1785298099,12263,64,3,31.7,41.1,,run
2026-07-29T07:08:24+03:00,1785298104,12268,64,3,31.7,43.9,,run
2026-07-29T07:08:29+03:00,1785298109,12273,64,3,31.7,42.6,,run
2026-07-29T07:08:35+03:00,1785298115,12279,64,3,31.7,41.4,,run
2026-07-29T07:08:40+03:00,1785298120,12284,64,3,31.7,41.4,,run
2026-07-29T07:08:45+03:00,1785298125,12289,64,3,31.7,41.7,,run
2026-07-29T07:08:50+03:00,1785298130,12294,64,3,31.7,42.0,,run
2026-07-29T07:08:56+03:00,1785298136,12300,64,3,31.7,40.2,,run
2026-07-29T07:09:01+03:00,1785298141,12305,64,3,31.7,47.3,,run
2026-07-29T07:09:06+03:00,1785298146,12310,64,3,31.7,49.1,,run
2026-07-29T07:09:11+03:00,1785298151,12315,64,3,31.7,47.9,,run
2026-07-29T07:09:17+03:00,1785298157,12321,64,3,31.7,41.7,,run
2026-07-29T07:09:22+03:00,1785298162,12326,64,3,31.7,39.8,,run
2026-07-29T07:09:27+03:00,1785298167,12331,64,3,31.7,45.4,,run
2026-07-29T07:09:32+03:00,1785298172,12336,64,3,31.7,39.5,,run
2026-07-29T07:09:38+03:00,1785298178,12342,64,3,31.7,39.2,,run
2026-07-29T07:09:43+03:00,1785298183,12347,64,3,31.7,41.7,,run
2026-07-29T07:09:48+03:00,1785298188,12352,64,3,31.7,46.0,,run
2026-07-29T07:09:53+03:00,1785298193,12357,64,3,31.7,47.6,,run
2026-07-29T07:09:59+03:00,1785298199,12363,64,3,31.7,46.0,,run
2026-07-29T07:10:04+03:00,1785298204,12368,64,3,31.7,42.9,,run
2026-07-29T07:10:09+03:00,1785298209,12373,64,3,31.7,40.8,,run
2026-07-29T07:10:14+03:00,1785298214,12378,64,3,31.7,41.4,,run
2026-07-29T07:10:20+03:00,1785298220,12384,64,3,31.7,40.2,,run
2026-07-29T07:10:25+03:00,1785298225,12389,64,3,31.7,39.8,,run
2026-07-29T07:10:30+03:00,1785298230,12394,64,3,31.7,38.9,,run
2026-07-29T07:10:35+03:00,1785298235,12399,64,3,31.7,38.9,,run
2026-07-29T07:10:41+03:00,1785298241,12405,64,3,31.7,39.8,,run
2026-07-29T07:10:46+03:00,1785298246,12410,64,3,31.7,44.5,,run
2026-07-29T07:10:51+03:00,1785298251,12415,64,3,31.7,40.5,,run
2026-07-29T07:10:56+03:00,1785298256,12420,64,3,31.7,40.5,,run
2026-07-29T07:11:02+03:00,1785298262,12426,64,3,31.7,41.1,,run
2026-07-29T07:11:07+03:00,1785298267,12431,64,3,31.7,47.6,,run
2026-07-29T07:11:12+03:00,1785298272,12436,64,3,31.7,42.0,,run
2026-07-29T07:11:17+03:00,1785298277,12441,64,3,31.7,40.2,,run
2026-07-29T07:11:23+03:00,1785298283,12447,64,3,31.7,39.5,,run
2026-07-29T07:11:28+03:00,1785298288,12452,64,3,31.7,39.5,,run
2026-07-29T07:11:33+03:00,1785298293,12457,64,3,31.7,38.9,,run
2026-07-29T07:11:38+03:00,1785298298,12462,64,3,31.7,38.6,,run
2026-07-29T07:11:44+03:00,1785298304,12468,64,3,31.7,38.6,,run
2026-07-29T07:11:49+03:00,1785298309,12473,64,3,31.7,44.2,,run
2026-07-29T07:11:54+03:00,1785298314,12478,64,3,31.7,43.9,,run
2026-07-29T07:11:59+03:00,1785298319,12483,64,3,31.7,42.6,,run
2026-07-29T07:12:05+03:00,1785298325,12489,64,3,31.7,42.0,,run
2026-07-29T07:12:10+03:00,1785298330,12494,64,3,31.7,39.2,,run
2026-07-29T07:12:15+03:00,1785298335,12499,64,3,31.7,43.6,,run
2026-07-29T07:12:20+03:00,1785298340,12504,64,3,31.7,40.2,,run
2026-07-29T07:12:26+03:00,1785298346,12510,64,3,31.7,48.5,,run
2026-07-29T07:12:31+03:00,1785298351,12515,64,3,31.7,43.9,,run
2026-07-29T07:12:37+03:00,1785298357,12521,64,3,31.7,42.0,,run
2026-07-29T07:12:42+03:00,1785298362,12526,64,3,31.7,42.3,,run
2026-07-29T07:12:47+03:00,1785298367,12531,64,3,31.7,43.9,,run
2026-07-29T07:12:52+03:00,1785298372,12536,64,3,31.7,41.7,,run
2026-07-29T07:12:58+03:00,1785298378,12542,64,3,31.7,45.1,,run
2026-07-29T07:13:03+03:00,1785298383,12547,64,3,31.7,43.9,,run
2026-07-29T07:13:08+03:00,1785298388,12552,64,3,31.7,46.0,,run
2026-07-29T07:13:13+03:00,1785298393,12557,64,3,31.7,47.6,,run
2026-07-29T07:13:19+03:00,1785298399,12563,64,3,31.7,43.2,,run
2026-07-29T07:13:24+03:00,1785298404,12568,64,3,31.7,41.7,,run
2026-07-29T07:13:29+03:00,1785298409,12573,64,3,31.7,40.5,,run
2026-07-29T07:13:34+03:00,1785298414,12578,64,3,31.7,41.7,,run
2026-07-29T07:13:40+03:00,1785298420,12584,64,3,31.7,40.8,,run
2026-07-29T07:13:45+03:00,1785298425,12589,64,3,31.7,50.7,,run
2026-07-29T07:13:50+03:00,1785298430,12594,64,3,31.7,51.3,,run
2026-07-29T07:13:56+03:00,1785298436,12600,64,3,31.6,47.9,,run
2026-07-29T07:14:01+03:00,1785298441,12605,64,3,31.6,41.4,,run
2026-07-29T07:14:06+03:00,1785298446,12610,64,3,31.6,40.8,,run
2026-07-29T07:14:11+03:00,1785298451,12615,64,3,31.6,39.8,,run
2026-07-29T07:14:17+03:00,1785298457,12621,64,3,31.6,41.7,,run
2026-07-29T07:14:22+03:00,1785298462,12626,64,3,31.6,40.8,,run
2026-07-29T07:14:27+03:00,1785298467,12631,64,3,31.6,51.6,,run
2026-07-29T07:14:32+03:00,1785298472,12636,64,3,31.6,42.6,,run
2026-07-29T07:14:38+03:00,1785298478,12642,64,3,31.6,47.3,,run
2026-07-29T07:14:43+03:00,1785298483,12647,64,3,31.6,42.9,,run
2026-07-29T07:14:48+03:00,1785298488,12652,64,3,31.6,42.0,,run
2026-07-29T07:14:53+03:00,1785298493,12657,64,3,31.6,41.1,,run
2026-07-29T07:14:59+03:00,1785298499,12663,64,3,31.6,40.2,,run
2026-07-29T07:15:04+03:00,1785298504,12668,64,3,31.6,41.1,,run
2026-07-29T07:15:09+03:00,1785298509,12673,64,3,31.6,46.7,,run
2026-07-29T07:15:14+03:00,1785298514,12678,64,3,31.6,46.3,,run
2026-07-29T07:15:20+03:00,1785298520,12684,64,3,31.6,43.2,,run
2026-07-29T07:15:25+03:00,1785298525,12689,64,3,31.6,42.3,,run
2026-07-29T07:15:30+03:00,1785298530,12694,64,3,31.6,46.7,,run
2026-07-29T07:15:36+03:00,1785298536,12700,64,3,31.6,44.5,,run
2026-07-29T07:15:41+03:00,1785298541,12705,64,3,31.6,42.6,,run
2026-07-29T07:15:46+03:00,1785298546,12710,64,3,31.6,43.9,,run
2026-07-29T07:15:51+03:00,1785298551,12715,64,3,31.6,42.9,,run
2026-07-29T07:15:57+03:00,1785298557,12721,64,3,31.6,44.5,,run
2026-07-29T07:16:02+03:00,1785298562,12726,64,3,31.6,41.7,,run
2026-07-29T07:16:07+03:00,1785298567,12731,64,3,31.6,40.5,,run
2026-07-29T07:16:12+03:00,1785298572,12736,64,3,31.6,43.9,,run
2026-07-29T07:16:18+03:00,1785298578,12742,64,3,31.6,42.6,,run
2026-07-29T07:16:23+03:00,1785298583,12747,64,3,31.6,51.6,,run
2026-07-29T07:16:28+03:00,1785298588,12752,64,3,31.6,44.5,,run
2026-07-29T07:16:34+03:00,1785298594,12758,64,3,31.6,41.4,,run
2026-07-29T07:16:39+03:00,1785298599,12763,64,3,31.6,41.1,,run
2026-07-29T07:16:44+03:00,1785298604,12768,64,3,31.6,41.1,,run
2026-07-29T07:16:49+03:00,1785298609,12773,64,3,31.6,41.1,,run
2026-07-29T07:16:55+03:00,1785298615,12779,64,3,31.6,43.9,,run
2026-07-29T07:17:00+03:00,1785298620,12784,64,3,31.6,41.4,,run
2026-07-29T07:17:05+03:00,1785298625,12789,64,3,31.6,39.5,,run
2026-07-29T07:17:10+03:00,1785298630,12794,64,3,31.6,41.4,,run
2026-07-29T07:17:16+03:00,1785298636,12800,64,3,31.6,44.2,,run
2026-07-29T07:17:21+03:00,1785298641,12805,64,3,31.6,43.6,,run
2026-07-29T07:17:26+03:00,1785298646,12810,64,3,31.6,41.1,,run
2026-07-29T07:17:31+03:00,1785298651,12815,64,3,31.6,42.0,,run
2026-07-29T07:17:37+03:00,1785298657,12821,64,3,31.6,40.8,,run
2026-07-29T07:17:42+03:00,1785298662,12826,64,3,31.6,53.5,,run
2026-07-29T07:17:48+03:00,1785298668,12832,64,3,31.6,44.5,,run
2026-07-29T07:17:53+03:00,1785298673,12837,64,3,31.6,42.0,,run
2026-07-29T07:17:58+03:00,1785298678,12842,63,3,31.6,44.5,,run
2026-07-29T07:18:03+03:00,1785298683,12847,63,3,31.6,44.8,,run
2026-07-29T07:18:09+03:00,1785298689,12853,63,3,31.6,41.1,,run
2026-07-29T07:18:14+03:00,1785298694,12858,63,3,31.6,40.5,,run
2026-07-29T07:18:19+03:00,1785298699,12863,63,3,31.6,42.6,,run
2026-07-29T07:18:24+03:00,1785298704,12868,63,3,31.6,51.9,,run
2026-07-29T07:18:30+03:00,1785298710,12874,63,3,31.6,43.9,,run
2026-07-29T07:18:35+03:00,1785298715,12879,63,3,31.6,41.7,,run
2026-07-29T07:18:41+03:00,1785298721,12885,63,3,31.6,40.5,,run
2026-07-29T07:18:46+03:00,1785298726,12890,63,3,31.6,40.8,,run
2026-07-29T07:18:51+03:00,1785298731,12895,63,3,31.6,40.5,,run
2026-07-29T07:18:56+03:00,1785298736,12900,63,3,31.6,40.2,,run
2026-07-29T07:19:02+03:00,1785298742,12906,63,3,31.6,40.8,,run
2026-07-29T07:19:07+03:00,1785298747,12911,63,3,31.6,44.8,,run
2026-07-29T07:19:12+03:00,1785298752,12916,63,3,31.6,40.8,,run
2026-07-29T07:19:17+03:00,1785298757,12921,63,3,31.6,45.7,,run
2026-07-29T07:19:23+03:00,1785298763,12927,63,3,31.6,43.6,,run
2026-07-29T07:19:28+03:00,1785298768,12932,63,3,31.6,43.9,,run
2026-07-29T07:19:33+03:00,1785298773,12937,63,3,31.6,41.4,,run
2026-07-29T07:19:38+03:00,1785298778,12942,63,3,31.6,48.2,,run
2026-07-29T07:19:44+03:00,1785298784,12948,63,3,31.6,46.3,,run
2026-07-29T07:19:49+03:00,1785298789,12953,63,3,31.6,42.3,,run
2026-07-29T07:19:54+03:00,1785298794,12958,63,3,31.6,44.8,,run
2026-07-29T07:19:59+03:00,1785298799,12963,63,3,31.6,42.0,,run
2026-07-29T07:20:05+03:00,1785298805,12969,63,3,31.6,43.9,,run
2026-07-29T07:20:10+03:00,1785298810,12974,63,3,31.6,42.3,,run
2026-07-29T07:20:15+03:00,1785298815,12979,63,3,31.6,41.1,,run
2026-07-29T07:20:20+03:00,1785298820,12984,63,3,31.6,42.9,,run
2026-07-29T07:20:26+03:00,1785298826,12990,63,3,31.6,47.6,,run
2026-07-29T07:20:31+03:00,1785298831,12995,63,3,31.6,41.7,,run
2026-07-29T07:20:36+03:00,1785298836,13000,63,3,31.6,40.8,,run
2026-07-29T07:20:42+03:00,1785298842,13006,63,3,31.6,41.1,,run
2026-07-29T07:20:47+03:00,1785298847,13011,63,3,31.6,40.8,,run
2026-07-29T07:20:52+03:00,1785298852,13016,63,3,31.6,40.5,,run
2026-07-29T07:20:57+03:00,1785298857,13021,63,3,31.6,40.2,,run
2026-07-29T07:21:03+03:00,1785298863,13027,63,3,31.6,39.8,,run
2026-07-29T07:21:08+03:00,1785298868,13032,63,3,31.6,40.8,,run
2026-07-29T07:21:13+03:00,1785298873,13037,63,3,31.6,40.2,,run
2026-07-29T07:21:18+03:00,1785298878,13042,63,3,31.6,45.1,,run
2026-07-29T07:21:24+03:00,1785298884,13048,63,3,31.6,44.2,,run
2026-07-29T07:21:29+03:00,1785298889,13053,63,3,31.6,47.0,,run
2026-07-29T07:21:34+03:00,1785298894,13058,63,3,31.6,42.6,,run
2026-07-29T07:21:39+03:00,1785298899,13063,63,3,31.6,51.9,,run
2026-07-29T07:21:45+03:00,1785298905,13069,63,3,31.6,42.6,,run
2026-07-29T07:21:50+03:00,1785298910,13074,63,3,31.6,40.8,,run
2026-07-29T07:21:55+03:00,1785298915,13079,63,3,31.6,39.2,,run
2026-07-29T07:22:01+03:00,1785298921,13085,63,3,31.6,42.6,,run
2026-07-29T07:22:06+03:00,1785298926,13090,63,3,31.6,47.0,,run
2026-07-29T07:22:11+03:00,1785298931,13095,63,3,31.6,45.7,,run
2026-07-29T07:22:17+03:00,1785298937,13101,63,3,31.6,41.4,,run
2026-07-29T07:22:22+03:00,1785298942,13106,63,3,31.6,41.7,,run
2026-07-29T07:22:27+03:00,1785298947,13111,63,3,31.6,40.5,,run
2026-07-29T07:22:32+03:00,1785298952,13116,63,3,31.6,40.8,,run
2026-07-29T07:22:38+03:00,1785298958,13122,63,3,31.6,40.8,,run
2026-07-29T07:22:43+03:00,1785298963,13127,63,3,31.6,40.5,,run
2026-07-29T07:22:48+03:00,1785298968,13132,63,3,31.6,40.8,,run
2026-07-29T07:22:53+03:00,1785298973,13137,63,3,31.6,41.4,,run
2026-07-29T07:22:59+03:00,1785298979,13143,63,3,31.6,41.7,,run
2026-07-29T07:23:04+03:00,1785298984,13148,63,3,31.6,41.4,,run
2026-07-29T07:23:09+03:00,1785298989,13153,63,3,31.6,41.1,,run
2026-07-29T07:23:14+03:00,1785298994,13158,63,3,31.6,40.5,,run
2026-07-29T07:23:20+03:00,1785299000,13164,63,3,31.6,50.4,,run
2026-07-29T07:23:25+03:00,1785299005,13169,63,3,31.6,43.2,,run
2026-07-29T07:23:31+03:00,1785299011,13175,63,3,31.6,41.1,,run
2026-07-29T07:23:36+03:00,1785299016,13180,63,3,31.6,39.2,,run
2026-07-29T07:23:41+03:00,1785299021,13185,63,3,31.6,39.5,,run
2026-07-29T07:23:46+03:00,1785299026,13190,63,3,31.6,50.7,,run
2026-07-29T07:23:52+03:00,1785299032,13196,63,3,31.6,40.5,,run
2026-07-29T07:23:57+03:00,1785299037,13201,63,3,31.4,39.8,,run
2026-07-29T07:24:02+03:00,1785299042,13206,63,3,31.4,40.2,,run
2026-07-29T07:24:08+03:00,1785299048,13212,63,3,31.4,42.9,,run
2026-07-29T07:24:13+03:00,1785299053,13217,63,3,31.4,42.0,,run
2026-07-29T07:24:18+03:00,1785299058,13222,63,3,31.4,42.9,,run
2026-07-29T07:24:23+03:00,1785299063,13227,63,3,31.4,41.1,,run
2026-07-29T07:24:29+03:00,1785299069,13233,63,3,31.4,40.8,,run
2026-07-29T07:24:34+03:00,1785299074,13238,63,3,31.4,40.2,,run
2026-07-29T07:24:39+03:00,1785299079,13243,63,3,31.4,44.5,,run
2026-07-29T07:24:44+03:00,1785299084,13248,63,3,31.4,46.3,,run
2026-07-29T07:24:50+03:00,1785299090,13254,63,3,31.4,44.2,,run
2026-07-29T07:24:55+03:00,1785299095,13259,63,3,31.4,41.1,,run
2026-07-29T07:25:00+03:00,1785299100,13264,63,3,31.4,44.8,,run
2026-07-29T07:25:05+03:00,1785299105,13269,63,3,31.4,44.8,,run
2026-07-29T07:25:11+03:00,1785299111,13275,63,3,31.4,41.7,,run
2026-07-29T07:25:16+03:00,1785299116,13280,63,3,31.4,39.5,,run
2026-07-29T07:25:21+03:00,1785299121,13285,63,3,31.4,38.6,,run
2026-07-29T07:25:26+03:00,1785299126,13290,63,3,31.4,51.3,,run
2026-07-29T07:25:32+03:00,1785299132,13296,63,3,31.4,45.7,,run
2026-07-29T07:25:37+03:00,1785299137,13301,63,3,31.4,41.4,,run
2026-07-29T07:25:42+03:00,1785299142,13306,63,3,31.4,45.4,,run
2026-07-29T07:25:48+03:00,1785299148,13312,63,3,31.4,42.6,,run
2026-07-29T07:25:53+03:00,1785299153,13317,63,3,31.4,40.8,,run
2026-07-29T07:25:58+03:00,1785299158,13322,63,3,31.4,42.0,,run
2026-07-29T07:26:03+03:00,1785299163,13327,63,3,31.4,43.6,,run
2026-07-29T07:26:09+03:00,1785299169,13333,63,3,31.4,44.2,,run
2026-07-29T07:26:14+03:00,1785299174,13338,63,3,31.4,41.4,,run
2026-07-29T07:26:19+03:00,1785299179,13343,63,3,31.4,45.4,,run
2026-07-29T07:26:24+03:00,1785299184,13348,63,3,31.4,41.1,,run
2026-07-29T07:26:30+03:00,1785299190,13354,63,3,31.4,40.2,,run
2026-07-29T07:26:35+03:00,1785299195,13359,63,3,31.4,41.7,,run
2026-07-29T07:26:40+03:00,1785299200,13364,63,3,31.4,48.2,,run
2026-07-29T07:26:45+03:00,1785299205,13369,63,3,31.4,50.4,,run
2026-07-29T07:26:51+03:00,1785299211,13375,63,3,31.4,46.7,,run
2026-07-29T07:26:56+03:00,1785299216,13380,63,3,31.4,42.6,,run
2026-07-29T07:27:01+03:00,1785299221,13385,63,3,31.4,40.8,,run
2026-07-29T07:27:07+03:00,1785299227,13391,63,3,31.4,39.5,,run
2026-07-29T07:27:12+03:00,1785299232,13396,63,3,31.4,39.5,,run
2026-07-29T07:27:17+03:00,1785299237,13401,63,3,31.4,39.5,,run
2026-07-29T07:27:22+03:00,1785299242,13406,63,3,31.4,41.7,,run
2026-07-29T07:27:28+03:00,1785299248,13412,63,3,31.4,45.1,,run
2026-07-29T07:27:33+03:00,1785299253,13417,63,3,31.4,40.5,,run
2026-07-29T07:27:38+03:00,1785299258,13422,63,3,31.4,46.0,,run
2026-07-29T07:27:43+03:00,1785299263,13427,63,3,31.4,42.6,,run
2026-07-29T07:27:49+03:00,1785299269,13433,63,3,31.4,43.6,,run
2026-07-29T07:27:54+03:00,1785299274,13438,63,3,31.4,41.1,,run
2026-07-29T07:27:59+03:00,1785299279,13443,63,3,31.4,42.3,,run
2026-07-29T07:28:04+03:00,1785299284,13448,63,3,31.4,40.2,,run
2026-07-29T07:28:10+03:00,1785299290,13454,63,3,31.4,46.7,,run
2026-07-29T07:28:15+03:00,1785299295,13459,63,3,31.4,41.7,,run
2026-07-29T07:28:20+03:00,1785299300,13464,63,3,31.4,41.1,,run
2026-07-29T07:28:25+03:00,1785299305,13469,63,3,31.4,42.6,,run
2026-07-29T07:28:31+03:00,1785299311,13475,63,3,31.4,42.0,,run
2026-07-29T07:28:36+03:00,1785299316,13480,62,3,31.5,40.2,,run
2026-07-29T07:28:41+03:00,1785299321,13485,62,3,31.5,50.7,,run
2026-07-29T07:28:47+03:00,1785299327,13491,62,3,31.5,43.9,,run
2026-07-29T07:28:52+03:00,1785299332,13496,62,3,31.5,45.4,,run
2026-07-29T07:28:57+03:00,1785299337,13501,62,3,31.5,43.9,,run
2026-07-29T07:29:03+03:00,1785299343,13507,62,3,31.5,40.2,,run
2026-07-29T07:29:08+03:00,1785299348,13512,62,3,31.5,40.5,,run
2026-07-29T07:29:13+03:00,1785299353,13517,62,3,31.5,39.5,,run
2026-07-29T07:29:18+03:00,1785299358,13522,62,3,31.5,40.5,,run
2026-07-29T07:29:24+03:00,1785299364,13528,62,3,31.5,52.5,,run
2026-07-29T07:29:29+03:00,1785299369,13533,62,3,31.5,44.5,,run
2026-07-29T07:29:34+03:00,1785299374,13538,62,3,31.5,41.7,,run
2026-07-29T07:29:40+03:00,1785299380,13544,62,3,31.5,40.2,,run
2026-07-29T07:29:45+03:00,1785299385,13549,62,3,31.5,46.0,,run
2026-07-29T07:29:50+03:00,1785299390,13554,62,3,31.5,41.4,,run
2026-07-29T07:29:56+03:00,1785299396,13560,62,3,31.5,41.4,,run
2026-07-29T07:30:01+03:00,1785299401,13565,62,3,31.5,40.5,,run
2026-07-29T07:30:06+03:00,1785299406,13570,62,3,31.5,39.8,,run
2026-07-29T07:30:11+03:00,1785299411,13575,62,3,31.5,45.7,,run
2026-07-29T07:30:17+03:00,1785299417,13581,62,3,31.5,46.7,,run
2026-07-29T07:30:22+03:00,1785299422,13586,62,3,31.5,42.3,,run
2026-07-29T07:30:27+03:00,1785299427,13591,62,3,31.5,42.3,,run
2026-07-29T07:30:32+03:00,1785299432,13596,62,3,31.5,43.9,,run
2026-07-29T07:30:38+03:00,1785299438,13602,62,3,31.5,46.0,,run
2026-07-29T07:30:43+03:00,1785299443,13607,62,3,31.5,46.7,,run
2026-07-29T07:30:48+03:00,1785299448,13612,62,3,31.5,41.4,,run
2026-07-29T07:30:53+03:00,1785299453,13617,62,3,31.5,41.4,,run
2026-07-29T07:30:59+03:00,1785299459,13623,62,3,31.5,42.3,,run
2026-07-29T07:31:04+03:00,1785299464,13628,62,3,31.5,46.3,,run
2026-07-29T07:31:09+03:00,1785299469,13633,62,3,31.5,43.6,,run
2026-07-29T07:31:15+03:00,1785299475,13639,62,3,31.5,43.6,,run
2026-07-29T07:31:20+03:00,1785299480,13644,62,3,31.5,51.9,,run
2026-07-29T07:31:25+03:00,1785299485,13649,62,3,31.5,44.8,,run
2026-07-29T07:31:31+03:00,1785299491,13655,62,3,31.5,42.6,,run
2026-07-29T07:31:36+03:00,1785299496,13660,62,3,31.5,40.5,,run
2026-07-29T07:31:41+03:00,1785299501,13665,62,3,31.5,41.1,,run
2026-07-29T07:31:46+03:00,1785299506,13670,62,3,31.5,40.8,,run
2026-07-29T07:31:52+03:00,1785299512,13676,62,3,31.5,39.8,,run
2026-07-29T07:31:57+03:00,1785299517,13681,62,3,31.5,40.5,,run
2026-07-29T07:32:02+03:00,1785299522,13686,62,3,31.5,45.4,,run
2026-07-29T07:32:07+03:00,1785299527,13691,62,3,31.5,41.1,,run
2026-07-29T07:32:13+03:00,1785299533,13697,62,3,31.5,41.1,,run
2026-07-29T07:32:18+03:00,1785299538,13702,62,3,31.5,42.0,,run
2026-07-29T07:32:23+03:00,1785299543,13707,62,3,31.5,46.3,,run
2026-07-29T07:32:29+03:00,1785299549,13713,62,3,31.5,45.7,,run
2026-07-29T07:32:34+03:00,1785299554,13718,62,3,31.5,43.9,,run
2026-07-29T07:32:39+03:00,1785299559,13723,62,3,31.5,51.6,,run
2026-07-29T07:32:44+03:00,1785299564,13728,62,3,31.5,47.3,,run
2026-07-29T07:32:50+03:00,1785299570,13734,62,3,31.5,43.6,,run
2026-07-29T07:32:55+03:00,1785299575,13739,62,3,31.5,42.6,,run
2026-07-29T07:33:00+03:00,1785299580,13744,62,3,31.5,42.9,,run
2026-07-29T07:33:06+03:00,1785299586,13750,62,3,31.5,48.8,,run
2026-07-29T07:33:11+03:00,1785299591,13755,62,3,31.5,46.7,,run
2026-07-29T07:33:16+03:00,1785299596,13760,62,3,31.5,43.6,,run
2026-07-29T07:33:21+03:00,1785299601,13765,62,3,31.5,42.0,,run
2026-07-29T07:33:27+03:00,1785299607,13771,62,3,31.5,41.4,,run
2026-07-29T07:33:32+03:00,1785299612,13776,62,3,31.5,41.7,,run
2026-07-29T07:33:37+03:00,1785299617,13781,62,3,31.5,41.1,,run
2026-07-29T07:33:42+03:00,1785299622,13786,62,3,31.5,39.8,,run
2026-07-29T07:33:48+03:00,1785299628,13792,62,3,31.5,40.2,,run
2026-07-29T07:33:53+03:00,1785299633,13797,62,3,31.5,40.8,,run
2026-07-29T07:33:58+03:00,1785299638,13802,62,3,31.6,40.8,,run
2026-07-29T07:34:03+03:00,1785299643,13807,62,3,31.6,42.3,,run
2026-07-29T07:34:09+03:00,1785299649,13813,62,3,31.6,41.7,,run
2026-07-29T07:34:14+03:00,1785299654,13818,62,3,31.6,46.0,,run
2026-07-29T07:34:19+03:00,1785299659,13823,62,3,31.6,51.6,,run
2026-07-29T07:34:25+03:00,1785299665,13829,62,3,31.6,46.7,,run
2026-07-29T07:34:30+03:00,1785299670,13834,62,3,31.6,47.3,,run
2026-07-29T07:34:35+03:00,1785299675,13839,62,3,31.6,42.6,,run
2026-07-29T07:34:41+03:00,1785299681,13845,62,3,31.6,40.5,,run
2026-07-29T07:34:46+03:00,1785299686,13850,62,3,31.6,39.5,,run
2026-07-29T07:34:51+03:00,1785299691,13855,62,3,31.6,40.8,,run
2026-07-29T07:34:57+03:00,1785299697,13861,62,3,31.6,47.3,,run
2026-07-29T07:35:02+03:00,1785299702,13866,62,3,31.6,54.7,,run
2026-07-29T07:35:07+03:00,1785299707,13871,62,3,31.6,44.5,,run
2026-07-29T07:35:13+03:00,1785299713,13877,62,3,31.6,42.9,,run
2026-07-29T07:35:18+03:00,1785299718,13882,62,3,31.6,42.3,,run
2026-07-29T07:35:23+03:00,1785299723,13887,62,3,31.6,41.7,,run
2026-07-29T07:35:28+03:00,1785299728,13892,62,3,31.6,40.5,,run
2026-07-29T07:35:34+03:00,1785299734,13898,62,3,31.6,40.2,,run
2026-07-29T07:35:39+03:00,1785299739,13903,62,3,31.6,39.8,,run
2026-07-29T07:35:44+03:00,1785299744,13908,62,3,31.6,40.2,,run
2026-07-29T07:35:49+03:00,1785299749,13913,62,3,31.6,39.8,,run
2026-07-29T07:35:55+03:00,1785299755,13919,62,3,31.6,40.2,,run
2026-07-29T07:36:00+03:00,1785299760,13924,62,3,31.6,41.1,,run
2026-07-29T07:36:05+03:00,1785299765,13929,62,3,31.6,42.6,,run
2026-07-29T07:36:10+03:00,1785299770,13934,62,3,31.6,41.7,,run
2026-07-29T07:36:16+03:00,1785299776,13940,62,3,31.6,47.3,,run
2026-07-29T07:36:21+03:00,1785299781,13945,62,3,31.6,51.6,,run
2026-07-29T07:36:26+03:00,1785299786,13950,62,3,31.6,44.2,,run
2026-07-29T07:36:31+03:00,1785299791,13955,62,3,31.6,40.8,,run
2026-07-29T07:36:37+03:00,1785299797,13961,62,3,31.6,40.5,,run
2026-07-29T07:36:42+03:00,1785299802,13966,62,3,31.6,39.2,,run
2026-07-29T07:36:47+03:00,1785299807,13971,62,3,31.6,44.2,,run
2026-07-29T07:36:53+03:00,1785299813,13977,62,3,31.6,47.3,,run
2026-07-29T07:36:58+03:00,1785299818,13982,62,3,31.6,42.6,,run
2026-07-29T07:37:03+03:00,1785299823,13987,62,3,31.6,48.2,,run
2026-07-29T07:37:08+03:00,1785299828,13992,62,3,31.6,42.6,,run
2026-07-29T07:37:14+03:00,1785299834,13998,62,3,31.6,43.6,,run
2026-07-29T07:37:19+03:00,1785299839,14003,62,3,31.6,41.7,,run
2026-07-29T07:37:24+03:00,1785299844,14008,62,3,31.6,40.5,,run
2026-07-29T07:37:29+03:00,1785299849,14013,62,3,31.6,41.1,,run
2026-07-29T07:37:35+03:00,1785299855,14019,62,3,31.6,39.8,,run
2026-07-29T07:37:40+03:00,1785299860,14024,62,3,31.6,40.8,,run
2026-07-29T07:37:45+03:00,1785299865,14029,62,3,31.6,41.4,,run
2026-07-29T07:37:50+03:00,1785299870,14034,62,3,31.6,41.7,,run
2026-07-29T07:37:56+03:00,1785299876,14040,62,3,31.6,40.5,,run
2026-07-29T07:38:01+03:00,1785299881,14045,62,3,31.6,40.8,,run
2026-07-29T07:38:06+03:00,1785299886,14050,62,3,31.6,45.1,,run
2026-07-29T07:38:11+03:00,1785299891,14055,62,3,31.6,47.3,,run
2026-07-29T07:38:17+03:00,1785299897,14061,61,3,31.6,52.8,,run
2026-07-29T07:38:22+03:00,1785299902,14066,61,3,31.6,42.0,,run
2026-07-29T07:38:28+03:00,1785299908,14072,61,3,31.6,41.1,,run
2026-07-29T07:38:33+03:00,1785299913,14077,61,3,31.6,39.5,,run
2026-07-29T07:38:38+03:00,1785299918,14082,61,3,31.6,43.6,,run
2026-07-29T07:38:43+03:00,1785299923,14087,61,3,31.6,45.7,,run
2026-07-29T07:38:49+03:00,1785299929,14093,61,3,31.6,41.4,,run
2026-07-29T07:38:54+03:00,1785299934,14098,61,3,31.6,40.8,,run
2026-07-29T07:38:59+03:00,1785299939,14103,61,3,31.6,40.5,,run
2026-07-29T07:39:04+03:00,1785299944,14108,61,3,31.6,38.6,,run
2026-07-29T07:39:10+03:00,1785299950,14114,61,3,31.6,39.8,,run
2026-07-29T07:39:15+03:00,1785299955,14119,61,3,31.6,41.4,,run
2026-07-29T07:39:20+03:00,1785299960,14124,61,3,31.6,45.1,,run
2026-07-29T07:39:25+03:00,1785299965,14129,61,3,31.6,42.0,,run
2026-07-29T07:39:31+03:00,1785299971,14135,61,3,31.6,39.8,,run
2026-07-29T07:39:36+03:00,1785299976,14140,61,3,31.6,39.8,,run
2026-07-29T07:39:41+03:00,1785299981,14145,61,3,31.6,39.8,,run
2026-07-29T07:39:46+03:00,1785299986,14150,61,3,31.6,40.5,,run
2026-07-29T07:39:52+03:00,1785299992,14156,61,3,31.6,39.2,,run
2026-07-29T07:39:57+03:00,1785299997,14161,61,3,31.6,43.6,,run
2026-07-29T07:40:02+03:00,1785300002,14166,61,3,31.6,42.3,,run
2026-07-29T07:40:07+03:00,1785300007,14171,61,3,31.6,44.5,,run
2026-07-29T07:40:13+03:00,1785300013,14177,61,3,31.6,41.1,,run
2026-07-29T07:40:18+03:00,1785300018,14182,61,3,31.6,40.8,,run
2026-07-29T07:40:23+03:00,1785300023,14187,61,3,31.6,41.1,,run
2026-07-29T07:40:28+03:00,1785300028,14192,61,3,31.6,40.5,,run
2026-07-29T07:40:34+03:00,1785300034,14198,61,3,31.6,41.1,,run
2026-07-29T07:40:39+03:00,1785300039,14203,61,3,31.6,41.1,,run
2026-07-29T07:40:44+03:00,1785300044,14208,61,3,31.6,45.4,,run
2026-07-29T07:40:49+03:00,1785300049,14213,61,3,31.6,43.6,,run
2026-07-29T07:40:55+03:00,1785300055,14219,61,3,31.6,41.1,,run
2026-07-29T07:41:00+03:00,1785300060,14224,61,3,31.6,40.5,,run
2026-07-29T07:41:05+03:00,1785300065,14229,61,3,31.6,40.5,,run
2026-07-29T07:41:10+03:00,1785300070,14234,61,3,31.6,39.5,,run
2026-07-29T07:41:16+03:00,1785300076,14240,61,3,31.6,39.5,,run
2026-07-29T07:41:21+03:00,1785300081,14245,61,3,31.6,39.8,,run
2026-07-29T07:41:26+03:00,1785300086,14250,61,3,31.6,41.7,,run
2026-07-29T07:41:31+03:00,1785300091,14255,61,3,31.6,41.1,,run
2026-07-29T07:41:37+03:00,1785300097,14261,61,3,31.6,40.8,,run
2026-07-29T07:41:42+03:00,1785300102,14266,61,3,31.6,42.6,,run
2026-07-29T07:41:47+03:00,1785300107,14271,61,3,31.6,43.6,,run
2026-07-29T07:41:52+03:00,1785300112,14276,61,3,31.6,40.5,,run
2026-07-29T07:41:58+03:00,1785300118,14282,61,3,31.6,42.0,,run
2026-07-29T07:42:03+03:00,1785300123,14287,61,3,31.6,45.4,,run
2026-07-29T07:42:08+03:00,1785300128,14292,61,3,31.6,43.2,,run
2026-07-29T07:42:13+03:00,1785300133,14297,61,3,31.6,41.1,,run
2026-07-29T07:42:19+03:00,1785300139,14303,61,3,31.6,47.0,,run
2026-07-29T07:42:24+03:00,1785300144,14308,61,3,31.6,40.8,,run
2026-07-29T07:42:29+03:00,1785300149,14313,61,3,31.6,39.8,,run
2026-07-29T07:42:34+03:00,1785300154,14318,61,3,31.6,39.5,,run
2026-07-29T07:42:40+03:00,1785300160,14324,61,3,31.6,41.4,,run
2026-07-29T07:42:45+03:00,1785300165,14329,61,3,31.6,41.4,,run
2026-07-29T07:42:50+03:00,1785300170,14334,61,3,31.6,47.0,,run
2026-07-29T07:42:55+03:00,1785300175,14339,61,3,31.6,46.3,,run
2026-07-29T07:43:01+03:00,1785300181,14345,61,3,31.6,43.2,,run
2026-07-29T07:43:06+03:00,1785300186,14350,61,3,31.6,53.5,,run
2026-07-29T07:43:11+03:00,1785300191,14355,61,3,31.6,44.2,,run
2026-07-29T07:43:17+03:00,1785300197,14361,61,3,31.6,44.5,,run
2026-07-29T07:43:22+03:00,1785300202,14366,61,3,31.6,42.0,,run
2026-07-29T07:43:27+03:00,1785300207,14371,61,3,31.6,41.1,,run
2026-07-29T07:43:32+03:00,1785300212,14376,61,3,31.6,42.0,,run
2026-07-29T07:43:38+03:00,1785300218,14382,61,3,31.6,41.1,,run
2026-07-29T07:43:43+03:00,1785300223,14387,61,3,31.6,44.8,,run
2026-07-29T07:43:48+03:00,1785300228,14392,61,3,31.6,41.1,,run
2026-07-29T07:43:53+03:00,1785300233,14397,61,3,31.6,41.4,,run
2026-07-29T07:43:59+03:00,1785300239,14403,61,3,32.0,39.8,,run
2026-07-29T07:44:04+03:00,1785300244,14408,61,3,32.0,41.1,,run
2026-07-29T07:44:09+03:00,1785300249,14413,61,3,32.0,46.0,,run
2026-07-29T07:44:14+03:00,1785300254,14418,61,3,32.0,47.6,,run
2026-07-29T07:44:20+03:00,1785300260,14424,61,3,32.0,52.2,,run
2026-07-29T07:44:25+03:00,1785300265,14429,61,3,32.0,51.6,,run
2026-07-29T07:44:30+03:00,1785300270,14434,61,3,32.0,42.3,,run
2026-07-29T07:44:35+03:00,1785300275,14439,61,3,32.0,42.3,,run
2026-07-29T07:44:41+03:00,1785300281,14445,61,3,32.0,42.6,,run
2026-07-29T07:44:46+03:00,1785300286,14450,61,3,32.0,40.5,,run
2026-07-29T07:44:51+03:00,1785300291,14455,61,3,32.0,40.5,,run
2026-07-29T07:44:57+03:00,1785300297,14461,61,3,32.0,46.3,,run
2026-07-29T07:45:02+03:00,1785300302,14466,61,3,32.0,51.6,,run
2026-07-29T07:45:07+03:00,1785300307,14471,61,3,32.0,49.1,,run
2026-07-29T07:45:12+03:00,1785300312,14476,61,3,32.0,43.2,,run
2026-07-29T07:45:18+03:00,1785300318,14482,61,3,32.0,43.9,,run
2026-07-29T07:45:23+03:00,1785300323,14487,61,3,32.0,44.2,,run
2026-07-29T07:45:28+03:00,1785300328,14492,61,3,32.0,42.0,,run
2026-07-29T07:45:34+03:00,1785300334,14498,61,3,32.0,40.8,,run
2026-07-29T07:45:39+03:00,1785300339,14503,61,3,32.0,41.4,,run
2026-07-29T07:45:44+03:00,1785300344,14508,61,3,32.0,40.2,,run
2026-07-29T07:45:49+03:00,1785300349,14513,61,3,32.0,41.4,,run
2026-07-29T07:45:55+03:00,1785300355,14519,61,3,32.0,41.4,,run
2026-07-29T07:46:00+03:00,1785300360,14524,61,3,32.0,45.4,,run
2026-07-29T07:46:05+03:00,1785300365,14529,61,3,32.0,42.0,,run
2026-07-29T07:46:10+03:00,1785300370,14534,61,3,32.0,41.1,,run
2026-07-29T07:46:16+03:00,1785300376,14540,61,3,32.0,47.0,,run
2026-07-29T07:46:21+03:00,1785300381,14545,61,3,32.0,53.8,,run
2026-07-29T07:46:27+03:00,1785300387,14551,61,3,32.0,45.1,,run
2026-07-29T07:46:32+03:00,1785300392,14556,61,3,32.0,42.6,,run
2026-07-29T07:46:37+03:00,1785300397,14561,61,3,32.0,40.8,,run
2026-07-29T07:46:42+03:00,1785300402,14566,61,3,32.0,40.8,,run
2026-07-29T07:46:48+03:00,1785300408,14572,61,3,32.0,46.0,,run
2026-07-29T07:46:53+03:00,1785300413,14577,61,3,32.0,46.3,,run
2026-07-29T07:46:58+03:00,1785300418,14582,61,3,32.0,46.0,,run
2026-07-29T07:47:03+03:00,1785300423,14587,61,3,32.0,52.2,,run
2026-07-29T07:47:09+03:00,1785300429,14593,61,3,32.0,42.9,,run
2026-07-29T07:47:14+03:00,1785300434,14598,61,3,32.0,43.2,,run
2026-07-29T07:47:19+03:00,1785300439,14603,61,3,32.0,42.9,,run
2026-07-29T07:47:24+03:00,1785300444,14608,61,3,32.0,44.2,,run
2026-07-29T07:47:30+03:00,1785300450,14614,61,3,32.0,42.0,,run
2026-07-29T07:47:35+03:00,1785300455,14619,61,3,32.0,41.4,,run
2026-07-29T07:47:40+03:00,1785300460,14624,61,3,32.0,41.1,,run
2026-07-29T07:47:45+03:00,1785300465,14629,61,3,32.0,41.4,,run
2026-07-29T07:47:51+03:00,1785300471,14635,60,3,32.3,41.1,,run
2026-07-29T07:47:56+03:00,1785300476,14640,60,3,32.3,41.1,,run
2026-07-29T07:48:01+03:00,1785300481,14645,60,3,32.3,40.8,,run
2026-07-29T07:48:06+03:00,1785300486,14650,60,3,32.3,44.8,,run
2026-07-29T07:48:12+03:00,1785300492,14656,60,3,32.3,45.1,,run
2026-07-29T07:48:17+03:00,1785300497,14661,60,3,32.3,45.4,,run
2026-07-29T07:48:22+03:00,1785300502,14666,60,3,32.3,53.8,,run
2026-07-29T07:48:28+03:00,1785300508,14672,60,3,32.3,42.9,,run
2026-07-29T07:48:33+03:00,1785300513,14677,60,3,32.3,40.8,,run
2026-07-29T07:48:38+03:00,1785300518,14682,60,3,32.3,40.8,,run
2026-07-29T07:48:43+03:00,1785300523,14687,60,3,32.3,39.5,,run
2026-07-29T07:48:49+03:00,1785300529,14693,60,3,32.3,43.2,,run
2026-07-29T07:48:54+03:00,1785300534,14698,60,3,32.3,45.4,,run
2026-07-29T07:48:59+03:00,1785300539,14703,60,3,32.3,49.7,,run
2026-07-29T07:49:05+03:00,1785300545,14709,60,3,32.3,44.8,,run
2026-07-29T07:49:10+03:00,1785300550,14714,60,3,32.3,41.7,,run
2026-07-29T07:49:15+03:00,1785300555,14719,60,3,32.3,42.3,,run
2026-07-29T07:49:21+03:00,1785300561,14725,60,3,32.3,41.7,,run
2026-07-29T07:49:26+03:00,1785300566,14730,60,3,32.3,42.3,,run
2026-07-29T07:49:31+03:00,1785300571,14735,60,3,32.3,42.9,,run
2026-07-29T07:49:36+03:00,1785300576,14740,60,3,32.3,42.9,,run
2026-07-29T07:49:42+03:00,1785300582,14746,60,3,32.3,42.0,,run
2026-07-29T07:49:47+03:00,1785300587,14751,60,3,32.3,42.0,,run
2026-07-29T07:49:52+03:00,1785300592,14756,60,3,32.3,41.4,,run
2026-07-29T07:49:57+03:00,1785300597,14761,60,3,32.3,42.9,,run
2026-07-29T07:50:03+03:00,1785300603,14767,60,3,32.3,40.5,,run
2026-07-29T07:50:08+03:00,1785300608,14772,60,3,32.3,43.9,,run
2026-07-29T07:50:13+03:00,1785300613,14777,60,3,32.3,47.9,,run
2026-07-29T07:50:18+03:00,1785300618,14782,60,3,32.3,53.1,,run
2026-07-29T07:50:24+03:00,1785300624,14788,60,3,32.3,47.3,,run
2026-07-29T07:50:29+03:00,1785300629,14793,60,3,32.3,41.4,,run
2026-07-29T07:50:34+03:00,1785300634,14798,60,3,32.3,41.4,,run
2026-07-29T07:50:39+03:00,1785300639,14803,60,3,32.3,43.9,,run
2026-07-29T07:50:45+03:00,1785300645,14809,60,3,32.3,49.1,,run
2026-07-29T07:50:50+03:00,1785300650,14814,60,3,32.3,46.0,,run
2026-07-29T07:50:55+03:00,1785300655,14819,60,3,32.3,48.2,,run
2026-07-29T07:51:01+03:00,1785300661,14825,60,3,32.3,43.9,,run
2026-07-29T07:51:06+03:00,1785300666,14830,60,3,32.3,43.9,,run
2026-07-29T07:51:11+03:00,1785300671,14835,60,3,32.3,42.9,,run
2026-07-29T07:51:16+03:00,1785300676,14840,60,3,32.3,42.0,,run
2026-07-29T07:51:22+03:00,1785300682,14846,60,3,32.3,41.4,,run
2026-07-29T07:51:27+03:00,1785300687,14851,60,3,32.3,40.8,,run
2026-07-29T07:51:32+03:00,1785300692,14856,60,3,32.3,40.8,,run
2026-07-29T07:51:37+03:00,1785300697,14861,60,3,32.3,42.0,,run
2026-07-29T07:51:43+03:00,1785300703,14867,60,3,32.3,41.4,,run
2026-07-29T07:51:48+03:00,1785300708,14872,60,3,32.3,41.1,,run
2026-07-29T07:51:53+03:00,1785300713,14877,60,3,32.3,41.4,,run
2026-07-29T07:51:58+03:00,1785300718,14882,60,3,32.3,51.9,,run
2026-07-29T07:52:04+03:00,1785300724,14888,60,3,32.3,49.4,,run
2026-07-29T07:52:09+03:00,1785300729,14893,60,3,32.3,46.7,,run
2026-07-29T07:52:15+03:00,1785300735,14899,60,3,32.3,47.6,,run
2026-07-29T07:52:20+03:00,1785300740,14904,60,3,32.3,44.5,,run
2026-07-29T07:52:25+03:00,1785300745,14909,60,3,32.3,43.6,,run
2026-07-29T07:52:30+03:00,1785300750,14914,60,3,32.3,43.2,,run
2026-07-29T07:52:36+03:00,1785300756,14920,60,3,32.3,41.1,,run
2026-07-29T07:52:41+03:00,1785300761,14925,60,3,32.3,52.8,,run
2026-07-29T07:52:46+03:00,1785300766,14930,60,3,32.3,45.7,,run
2026-07-29T07:52:52+03:00,1785300772,14936,60,3,32.3,43.2,,run
2026-07-29T07:52:57+03:00,1785300777,14941,60,3,32.3,44.2,,run
2026-07-29T07:53:02+03:00,1785300782,14946,60,3,32.3,43.6,,run
2026-07-29T07:53:07+03:00,1785300787,14951,60,3,32.3,41.7,,run
2026-07-29T07:53:13+03:00,1785300793,14957,60,3,32.3,41.7,,run
2026-07-29T07:53:18+03:00,1785300798,14962,60,3,32.3,42.6,,run
2026-07-29T07:53:23+03:00,1785300803,14967,60,3,32.3,41.4,,run
2026-07-29T07:53:28+03:00,1785300808,14972,60,3,32.3,41.1,,run
2026-07-29T07:53:34+03:00,1785300814,14978,60,3,32.3,41.1,,run
2026-07-29T07:53:39+03:00,1785300819,14983,60,3,32.3,42.3,,run
2026-07-29T07:53:44+03:00,1785300824,14988,60,3,32.3,41.4,,run
2026-07-29T07:53:50+03:00,1785300830,14994,60,3,32.3,42.9,,run
2026-07-29T07:53:55+03:00,1785300835,14999,60,3,32.2,47.6,,run
2026-07-29T07:54:00+03:00,1785300840,15004,60,3,32.2,54.4,,run
2026-07-29T07:54:06+03:00,1785300846,15010,60,3,32.2,44.2,,run
2026-07-29T07:54:11+03:00,1785300851,15015,60,3,32.2,42.3,,run
2026-07-29T07:54:16+03:00,1785300856,15020,60,3,32.2,41.7,,run
2026-07-29T07:54:21+03:00,1785300861,15025,60,3,32.2,42.9,,run
2026-07-29T07:54:27+03:00,1785300867,15031,60,3,32.2,41.4,,run
2026-07-29T07:54:32+03:00,1785300872,15036,60,3,32.2,41.4,,run
2026-07-29T07:54:37+03:00,1785300877,15041,60,3,32.2,40.2,,run
2026-07-29T07:54:42+03:00,1785300882,15046,60,3,32.2,45.4,,run
2026-07-29T07:54:48+03:00,1785300888,15052,60,3,32.2,42.6,,run
2026-07-29T07:54:53+03:00,1785300893,15057,60,3,32.2,40.8,,run
2026-07-29T07:54:58+03:00,1785300898,15062,60,3,32.2,42.0,,run
2026-07-29T07:55:03+03:00,1785300903,15067,60,3,32.2,43.2,,run
2026-07-29T07:55:09+03:00,1785300909,15073,60,3,32.2,41.7,,run
2026-07-29T07:55:14+03:00,1785300914,15078,60,3,32.2,41.4,,run
2026-07-29T07:55:19+03:00,1785300919,15083,60,3,32.2,39.8,,run
2026-07-29T07:55:24+03:00,1785300924,15088,60,3,32.2,39.8,,run
2026-07-29T07:55:30+03:00,1785300930,15094,60,3,32.2,39.8,,run
2026-07-29T07:55:35+03:00,1785300935,15099,60,3,32.2,39.8,,run
2026-07-29T07:55:40+03:00,1785300940,15104,60,3,32.2,39.8,,run
2026-07-29T07:55:45+03:00,1785300945,15109,60,3,32.2,40.2,,run
2026-07-29T07:55:51+03:00,1785300951,15115,60,3,32.2,38.9,,run
2026-07-29T07:55:56+03:00,1785300956,15120,60,3,32.2,40.2,,run
2026-07-29T07:56:01+03:00,1785300961,15125,60,3,32.2,44.8,,run
2026-07-29T07:56:06+03:00,1785300966,15130,60,3,32.2,42.3,,run
2026-07-29T07:56:12+03:00,1785300972,15136,60,3,32.2,41.4,,run
2026-07-29T07:56:17+03:00,1785300977,15141,60,3,32.2,41.7,,run
2026-07-29T07:56:22+03:00,1785300982,15146,60,3,32.2,40.5,,run
2026-07-29T07:56:27+03:00,1785300987,15151,60,3,32.2,40.2,,run
2026-07-29T07:56:33+03:00,1785300993,15157,60,3,32.2,40.8,,run
2026-07-29T07:56:38+03:00,1785300998,15162,60,3,32.2,39.2,,run
2026-07-29T07:56:43+03:00,1785301003,15167,60,3,32.2,46.3,,run
2026-07-29T07:56:48+03:00,1785301008,15172,60,3,32.2,40.8,,run
2026-07-29T07:56:54+03:00,1785301014,15178,60,3,32.2,44.2,,run
2026-07-29T07:56:59+03:00,1785301019,15183,60,3,32.2,47.6,,run
2026-07-29T07:57:04+03:00,1785301024,15188,60,3,32.2,46.3,,run
2026-07-29T07:57:09+03:00,1785301029,15193,60,3,32.2,42.0,,run
2026-07-29T07:57:15+03:00,1785301035,15199,60,3,32.2,42.6,,run
2026-07-29T07:57:20+03:00,1785301040,15204,60,3,32.2,41.7,,run
2026-07-29T07:57:25+03:00,1785301045,15209,60,3,32.2,41.7,,run
2026-07-29T07:57:30+03:00,1785301050,15214,60,3,32.2,42.0,,run
2026-07-29T07:57:36+03:00,1785301056,15220,60,3,32.2,40.5,,run
2026-07-29T07:57:41+03:00,1785301061,15225,60,3,32.2,40.8,,run
2026-07-29T07:57:46+03:00,1785301066,15230,60,3,32.2,40.2,,run
2026-07-29T07:57:51+03:00,1785301071,15235,60,3,32.2,40.2,,run
2026-07-29T07:57:57+03:00,1785301077,15241,60,3,32.2,39.2,,run
2026-07-29T07:58:02+03:00,1785301082,15246,60,3,32.2,39.8,,run
2026-07-29T07:58:07+03:00,1785301087,15251,60,3,32.2,44.8,,run
2026-07-29T07:58:12+03:00,1785301092,15256,60,3,32.2,53.5,,run
2026-07-29T07:58:18+03:00,1785301098,15262,60,3,32.2,48.5,,run
2026-07-29T07:58:23+03:00,1785301103,15267,60,3,32.2,45.7,,run
2026-07-29T07:58:28+03:00,1785301108,15272,60,3,32.2,42.9,,run
2026-07-29T07:58:34+03:00,1785301114,15278,59,3,32.2,41.1,,run
2026-07-29T07:58:39+03:00,1785301119,15283,59,3,32.2,41.1,,run
2026-07-29T07:58:44+03:00,1785301124,15288,59,3,32.2,42.6,,run
2026-07-29T07:58:49+03:00,1785301129,15293,59,3,32.2,43.6,,run
2026-07-29T07:58:55+03:00,1785301135,15299,59,3,32.2,48.8,,run
2026-07-29T07:59:00+03:00,1785301140,15304,59,3,32.2,47.3,,run
2026-07-29T07:59:05+03:00,1785301145,15309,59,3,32.2,45.7,,run
2026-07-29T07:59:10+03:00,1785301150,15314,59,3,32.2,42.3,,run
2026-07-29T07:59:16+03:00,1785301156,15320,59,3,32.2,42.3,,run
2026-07-29T07:59:21+03:00,1785301161,15325,59,3,32.2,41.1,,run
2026-07-29T07:59:26+03:00,1785301166,15330,59,3,32.2,47.0,,run
2026-07-29T07:59:31+03:00,1785301171,15335,59,3,32.2,50.1,,run
2026-07-29T07:59:37+03:00,1785301177,15341,59,3,32.2,44.8,,run
2026-07-29T07:59:42+03:00,1785301182,15346,59,3,32.2,40.5,,run
2026-07-29T07:59:47+03:00,1785301187,15351,59,3,32.2,40.2,,run
2026-07-29T07:59:52+03:00,1785301192,15356,59,3,32.2,40.5,,run
2026-07-29T07:59:58+03:00,1785301198,15362,59,3,32.2,39.8,,run
2026-07-29T08:00:03+03:00,1785301203,15367,59,3,32.2,39.8,,run
2026-07-29T08:00:08+03:00,1785301208,15372,59,3,32.2,43.6,,run
2026-07-29T08:00:13+03:00,1785301213,15377,59,3,32.2,49.1,,run
2026-07-29T08:00:19+03:00,1785301219,15383,59,3,32.2,48.5,,run
2026-07-29T08:00:24+03:00,1785301224,15388,59,3,32.2,48.2,,run
2026-07-29T08:00:29+03:00,1785301229,15393,59,3,32.2,44.2,,run
2026-07-29T08:00:34+03:00,1785301234,15398,59,3,32.2,43.2,,run
2026-07-29T08:00:40+03:00,1785301240,15404,59,3,32.2,43.6,,run
2026-07-29T08:00:45+03:00,1785301245,15409,59,3,32.2,42.6,,run
2026-07-29T08:00:50+03:00,1785301250,15414,59,3,32.2,46.3,,run
2026-07-29T08:00:55+03:00,1785301255,15419,59,3,32.2,44.5,,run
2026-07-29T08:01:01+03:00,1785301261,15425,59,3,32.2,42.3,,run
2026-07-29T08:01:06+03:00,1785301266,15430,59,3,32.2,46.3,,run
2026-07-29T08:01:11+03:00,1785301271,15435,59,3,32.2,46.0,,run
2026-07-29T08:01:16+03:00,1785301276,15440,59,3,32.2,43.2,,run
2026-07-29T08:01:22+03:00,1785301282,15446,59,3,32.2,41.4,,run
2026-07-29T08:01:27+03:00,1785301287,15451,59,3,32.2,52.2,,run
2026-07-29T08:01:33+03:00,1785301293,15457,59,3,32.2,47.3,,run
2026-07-29T08:01:38+03:00,1785301298,15462,59,3,32.2,41.1,,run
2026-07-29T08:01:43+03:00,1785301303,15467,59,3,32.2,40.2,,run
2026-07-29T08:01:48+03:00,1785301308,15472,59,3,32.2,39.8,,run
2026-07-29T08:01:54+03:00,1785301314,15478,59,3,32.2,39.5,,run
2026-07-29T08:01:59+03:00,1785301319,15483,59,3,32.2,45.7,,run
2026-07-29T08:02:04+03:00,1785301324,15488,59,3,32.2,43.2,,run
2026-07-29T08:02:09+03:00,1785301329,15493,59,3,32.2,52.8,,run
2026-07-29T08:02:15+03:00,1785301335,15499,59,3,32.2,48.2,,run
2026-07-29T08:02:20+03:00,1785301340,15504,59,3,32.2,44.5,,run
2026-07-29T08:02:25+03:00,1785301345,15509,59,3,32.2,47.6,,run
2026-07-29T08:02:31+03:00,1785301351,15515,59,3,32.2,43.9,,run
2026-07-29T08:02:36+03:00,1785301356,15520,59,3,32.2,46.3,,run
2026-07-29T08:02:41+03:00,1785301361,15525,59,3,32.2,44.2,,run
2026-07-29T08:02:46+03:00,1785301366,15530,59,3,32.2,42.3,,run
2026-07-29T08:02:52+03:00,1785301372,15536,59,3,32.2,42.6,,run
2026-07-29T08:02:57+03:00,1785301377,15541,59,3,32.2,44.2,,run
2026-07-29T08:03:02+03:00,1785301382,15546,59,3,32.2,42.9,,run
2026-07-29T08:03:07+03:00,1785301387,15551,59,3,32.2,47.9,,run
2026-07-29T08:03:13+03:00,1785301393,15557,59,3,32.2,47.3,,run
2026-07-29T08:03:18+03:00,1785301398,15562,59,3,32.2,43.6,,run
2026-07-29T08:03:23+03:00,1785301403,15567,59,3,32.2,45.1,,run
2026-07-29T08:03:28+03:00,1785301408,15572,59,3,32.2,48.5,,run
2026-07-29T08:03:34+03:00,1785301414,15578,59,3,32.2,43.2,,run
2026-07-29T08:03:39+03:00,1785301419,15583,59,3,32.2,41.4,,run
2026-07-29T08:03:44+03:00,1785301424,15588,59,3,32.2,40.2,,run
2026-07-29T08:03:49+03:00,1785301429,15593,59,3,32.2,40.2,,run
2026-07-29T08:03:55+03:00,1785301435,15599,59,3,32.4,41.7,,run
2026-07-29T08:04:00+03:00,1785301440,15604,59,3,32.4,40.8,,run
2026-07-29T08:04:05+03:00,1785301445,15609,59,3,32.4,50.7,,run
2026-07-29T08:04:11+03:00,1785301451,15615,59,3,32.4,44.8,,run
2026-07-29T08:04:16+03:00,1785301456,15620,59,3,32.4,43.2,,run
2026-07-29T08:04:21+03:00,1785301461,15625,59,3,32.4,46.7,,run
2026-07-29T08:04:27+03:00,1785301467,15631,59,3,32.4,45.1,,run
2026-07-29T08:04:32+03:00,1785301472,15636,59,3,32.4,49.1,,run
2026-07-29T08:04:37+03:00,1785301477,15641,59,3,32.4,44.8,,run
2026-07-29T08:04:42+03:00,1785301482,15646,59,3,32.4,43.2,,run
2026-07-29T08:04:48+03:00,1785301488,15652,59,3,32.4,42.0,,run
2026-07-29T08:04:53+03:00,1785301493,15657,59,3,32.4,41.1,,run
2026-07-29T08:04:58+03:00,1785301498,15662,59,3,32.4,46.3,,run
2026-07-29T08:05:03+03:00,1785301503,15667,59,3,32.4,47.0,,run
2026-07-29T08:05:09+03:00,1785301509,15673,59,3,32.4,42.0,,run
2026-07-29T08:05:14+03:00,1785301514,15678,59,3,32.4,43.6,,run
2026-07-29T08:05:19+03:00,1785301519,15683,59,3,32.4,42.6,,run
2026-07-29T08:05:24+03:00,1785301524,15688,59,3,32.4,53.1,,run
2026-07-29T08:05:30+03:00,1785301530,15694,59,3,32.4,47.6,,run
2026-07-29T08:05:35+03:00,1785301535,15699,59,3,32.4,42.6,,run
2026-07-29T08:05:40+03:00,1785301540,15704,59,3,32.4,41.1,,run
2026-07-29T08:05:46+03:00,1785301546,15710,59,3,32.4,42.3,,run
2026-07-29T08:05:51+03:00,1785301551,15715,59,3,32.4,48.2,,run
2026-07-29T08:05:56+03:00,1785301556,15720,59,3,32.4,45.1,,run
2026-07-29T08:06:01+03:00,1785301561,15725,59,3,32.4,43.9,,run
2026-07-29T08:06:07+03:00,1785301567,15731,59,3,32.4,41.4,,run
2026-07-29T08:06:12+03:00,1785301572,15736,59,3,32.4,41.4,,run
2026-07-29T08:06:17+03:00,1785301577,15741,59,3,32.4,44.2,,run
2026-07-29T08:06:22+03:00,1785301582,15746,59,3,32.4,47.0,,run
2026-07-29T08:06:28+03:00,1785301588,15752,59,3,32.4,43.9,,run
2026-07-29T08:06:33+03:00,1785301593,15757,59,3,32.4,42.6,,run
2026-07-29T08:06:38+03:00,1785301598,15762,59,3,32.4,45.4,,run
2026-07-29T08:06:43+03:00,1785301603,15767,59,3,32.4,42.3,,run
2026-07-29T08:06:49+03:00,1785301609,15773,59,3,32.4,41.4,,run
2026-07-29T08:06:54+03:00,1785301614,15778,59,3,32.4,41.1,,run
2026-07-29T08:06:59+03:00,1785301619,15783,59,3,32.4,41.4,,run
2026-07-29T08:07:04+03:00,1785301624,15788,58,3,32.6,53.8,,run
2026-07-29T08:07:10+03:00,1785301630,15794,58,3,32.6,43.2,,run
2026-07-29T08:07:16+03:00,1785301636,15800,58,3,32.6,42.3,,run
2026-07-29T08:07:21+03:00,1785301641,15805,58,3,32.6,40.8,,run
2026-07-29T08:07:26+03:00,1785301646,15810,58,3,32.6,40.5,,run
2026-07-29T08:07:31+03:00,1785301651,15815,58,3,32.6,41.1,,run
2026-07-29T08:07:37+03:00,1785301657,15821,58,3,32.6,40.2,,run
2026-07-29T08:07:42+03:00,1785301662,15826,58,3,32.6,40.2,,run
2026-07-29T08:07:47+03:00,1785301667,15831,58,3,32.6,50.4,,run
2026-07-29T08:07:53+03:00,1785301673,15837,58,3,32.6,42.6,,run
2026-07-29T08:07:58+03:00,1785301678,15842,58,3,32.6,41.7,,run
2026-07-29T08:08:04+03:00,1785301684,15848,58,3,32.6,43.6,,run
2026-07-29T08:08:09+03:00,1785301689,15853,58,3,32.6,43.2,,run
2026-07-29T08:08:14+03:00,1785301694,15858,58,3,32.6,41.4,,run
2026-07-29T08:08:19+03:00,1785301699,15863,58,3,32.6,42.3,,run
2026-07-29T08:08:25+03:00,1785301705,15869,58,3,32.6,47.3,,run
2026-07-29T08:08:30+03:00,1785301710,15874,58,3,32.6,43.2,,run
2026-07-29T08:08:35+03:00,1785301715,15879,58,3,32.6,41.7,,run
2026-07-29T08:08:40+03:00,1785301720,15884,58,3,32.6,41.1,,run
2026-07-29T08:08:46+03:00,1785301726,15890,58,3,32.6,41.4,,run
2026-07-29T08:08:51+03:00,1785301731,15895,58,3,32.6,41.4,,run
2026-07-29T08:08:56+03:00,1785301736,15900,58,3,32.6,40.8,,run
2026-07-29T08:09:01+03:00,1785301741,15905,58,3,32.6,47.0,,run
2026-07-29T08:09:07+03:00,1785301747,15911,58,3,32.6,50.7,,run
2026-07-29T08:09:12+03:00,1785301752,15916,58,3,32.6,45.7,,run
2026-07-29T08:09:17+03:00,1785301757,15921,58,3,32.6,40.8,,run
2026-07-29T08:09:22+03:00,1785301762,15926,58,3,32.6,40.5,,run
2026-07-29T08:09:28+03:00,1785301768,15932,58,3,32.6,40.8,,run
2026-07-29T08:09:33+03:00,1785301773,15937,58,3,32.6,40.2,,run
2026-07-29T08:09:38+03:00,1785301778,15942,58,3,32.6,39.8,,run
2026-07-29T08:09:43+03:00,1785301783,15947,58,3,32.6,39.5,,run
2026-07-29T08:09:49+03:00,1785301789,15953,58,3,32.6,51.3,,run
2026-07-29T08:09:54+03:00,1785301794,15958,58,3,32.6,42.3,,run
2026-07-29T08:09:59+03:00,1785301799,15963,58,3,32.6,41.1,,run
2026-07-29T08:10:04+03:00,1785301804,15968,58,3,32.6,41.4,,run
2026-07-29T08:10:10+03:00,1785301810,15974,58,3,32.6,40.8,,run
2026-07-29T08:10:15+03:00,1785301815,15979,58,3,32.6,42.3,,run
2026-07-29T08:10:20+03:00,1785301820,15984,58,3,32.6,43.2,,run
2026-07-29T08:10:25+03:00,1785301825,15989,58,3,32.6,42.0,,run
2026-07-29T08:10:31+03:00,1785301831,15995,58,3,32.6,41.1,,run
2026-07-29T08:10:36+03:00,1785301836,16000,58,3,32.6,41.7,,run
2026-07-29T08:10:41+03:00,1785301841,16005,58,3,32.6,40.2,,run
2026-07-29T08:10:46+03:00,1785301846,16010,58,3,32.6,40.2,,run
2026-07-29T08:10:52+03:00,1785301852,16016,58,3,32.6,39.8,,run
2026-07-29T08:10:57+03:00,1785301857,16021,58,3,32.6,40.2,,run
2026-07-29T08:11:02+03:00,1785301862,16026,58,3,32.6,42.9,,run
2026-07-29T08:11:08+03:00,1785301868,16032,58,3,32.6,43.6,,run
2026-07-29T08:11:13+03:00,1785301873,16037,58,3,32.6,42.3,,run
2026-07-29T08:11:18+03:00,1785301878,16042,58,3,32.6,44.8,,run
2026-07-29T08:11:23+03:00,1785301883,16047,58,3,32.6,41.4,,run
2026-07-29T08:11:29+03:00,1785301889,16053,58,3,32.6,40.5,,run
2026-07-29T08:11:34+03:00,1785301894,16058,58,3,32.6,41.4,,run
2026-07-29T08:11:39+03:00,1785301899,16063,58,3,32.6,42.3,,run
2026-07-29T08:11:44+03:00,1785301904,16068,58,3,32.6,46.7,,run
2026-07-29T08:11:50+03:00,1785301910,16074,58,3,32.6,44.8,,run
2026-07-29T08:11:55+03:00,1785301915,16079,58,3,32.6,42.6,,run
2026-07-29T08:12:01+03:00,1785301921,16085,58,3,32.6,42.0,,run
2026-07-29T08:12:06+03:00,1785301926,16090,58,3,32.6,41.4,,run
2026-07-29T08:12:11+03:00,1785301931,16095,58,3,32.6,40.8,,run
2026-07-29T08:12:16+03:00,1785301936,16100,58,3,32.6,41.1,,run
2026-07-29T08:12:22+03:00,1785301942,16106,58,3,32.6,42.0,,run
2026-07-29T08:12:27+03:00,1785301947,16111,58,3,32.6,43.2,,run
2026-07-29T08:12:32+03:00,1785301952,16116,58,3,32.6,45.7,,run
2026-07-29T08:12:37+03:00,1785301957,16121,58,3,32.6,47.3,,run
2026-07-29T08:12:43+03:00,1785301963,16127,58,3,32.6,44.5,,run
2026-07-29T08:12:48+03:00,1785301968,16132,58,3,32.6,42.9,,run
2026-07-29T08:12:53+03:00,1785301973,16137,58,3,32.6,43.9,,run
2026-07-29T08:12:58+03:00,1785301978,16142,58,3,32.6,44.2,,run
2026-07-29T08:13:04+03:00,1785301984,16148,58,3,32.6,54.7,,run
2026-07-29T08:13:09+03:00,1785301989,16153,58,3,32.6,48.2,,run
2026-07-29T08:13:14+03:00,1785301994,16158,58,3,32.6,41.7,,run
2026-07-29T08:13:20+03:00,1785302000,16164,58,3,32.6,40.5,,run
2026-07-29T08:13:25+03:00,1785302005,16169,58,3,32.6,47.9,,run
2026-07-29T08:13:30+03:00,1785302010,16174,58,3,32.6,47.6,,run
2026-07-29T08:13:36+03:00,1785302016,16180,58,3,32.6,43.2,,run
2026-07-29T08:13:41+03:00,1785302021,16185,58,3,32.6,42.3,,run
2026-07-29T08:13:46+03:00,1785302026,16190,58,3,32.6,41.1,,run
2026-07-29T08:13:51+03:00,1785302031,16195,58,3,32.6,45.1,,run
2026-07-29T08:13:57+03:00,1785302037,16201,58,3,32.4,47.3,,run
2026-07-29T08:14:02+03:00,1785302042,16206,58,3,32.4,43.2,,run
2026-07-29T08:14:07+03:00,1785302047,16211,58,3,32.4,42.0,,run
2026-07-29T08:14:12+03:00,1785302052,16216,58,3,32.4,42.6,,run
2026-07-29T08:14:18+03:00,1785302058,16222,58,3,32.4,41.4,,run
2026-07-29T08:14:23+03:00,1785302063,16227,58,3,32.4,41.4,,run
2026-07-29T08:14:28+03:00,1785302068,16232,58,3,32.4,42.6,,run
2026-07-29T08:14:33+03:00,1785302073,16237,58,3,32.4,42.9,,run
2026-07-29T08:14:39+03:00,1785302079,16243,58,3,32.4,45.7,,run
2026-07-29T08:14:44+03:00,1785302084,16248,58,3,32.4,53.1,,run
2026-07-29T08:14:50+03:00,1785302090,16254,58,3,32.4,44.2,,run
2026-07-29T08:14:55+03:00,1785302095,16259,58,3,32.4,48.8,,run
2026-07-29T08:15:00+03:00,1785302100,16264,58,3,32.4,41.4,,run
2026-07-29T08:15:06+03:00,1785302106,16270,58,3,32.4,40.8,,run
2026-07-29T08:15:11+03:00,1785302111,16275,58,3,32.4,40.5,,run
2026-07-29T08:15:16+03:00,1785302116,16280,58,3,32.4,40.2,,run
2026-07-29T08:15:21+03:00,1785302121,16285,58,3,32.4,40.8,,run
2026-07-29T08:15:27+03:00,1785302127,16291,58,3,32.4,51.6,,run
2026-07-29T08:15:32+03:00,1785302132,16296,58,3,32.4,47.3,,run
2026-07-29T08:15:37+03:00,1785302137,16301,58,3,32.4,43.9,,run
2026-07-29T08:15:43+03:00,1785302143,16307,58,3,32.4,42.3,,run
2026-07-29T08:15:48+03:00,1785302148,16312,58,3,32.4,41.1,,run
2026-07-29T08:15:53+03:00,1785302153,16317,58,3,32.4,40.8,,run
2026-07-29T08:15:58+03:00,1785302158,16322,58,3,32.4,46.7,,run
2026-07-29T08:16:04+03:00,1785302164,16328,58,3,32.4,49.4,,run
2026-07-29T08:16:09+03:00,1785302169,16333,58,3,32.4,45.1,,run
2026-07-29T08:16:14+03:00,1785302174,16338,58,3,32.4,42.3,,run
2026-07-29T08:16:19+03:00,1785302179,16343,58,3,32.4,41.7,,run
2026-07-29T08:16:25+03:00,1785302185,16349,58,3,32.4,41.7,,run
2026-07-29T08:16:30+03:00,1785302190,16354,58,3,32.4,41.1,,run
2026-07-29T08:16:35+03:00,1785302195,16359,58,3,32.4,40.5,,run
2026-07-29T08:16:40+03:00,1785302200,16364,58,3,32.4,41.7,,run
2026-07-29T08:16:46+03:00,1785302206,16370,58,3,32.4,53.8,,run
2026-07-29T08:16:51+03:00,1785302211,16375,58,3,32.4,51.3,,run
2026-07-29T08:16:57+03:00,1785302217,16381,58,3,32.4,42.6,,run
2026-07-29T08:17:02+03:00,1785302222,16386,58,3,32.4,41.7,,run
2026-07-29T08:17:07+03:00,1785302227,16391,58,3,32.4,45.1,,run
2026-07-29T08:17:13+03:00,1785302233,16397,58,3,32.4,42.0,,run
2026-07-29T08:17:18+03:00,1785302238,16402,58,3,32.4,43.2,,run
2026-07-29T08:17:23+03:00,1785302243,16407,58,3,32.4,42.0,,run
2026-07-29T08:17:28+03:00,1785302248,16412,58,3,32.4,52.5,,run
2026-07-29T08:17:34+03:00,1785302254,16418,58,3,32.4,42.9,,run
2026-07-29T08:17:39+03:00,1785302259,16423,58,3,32.4,42.0,,run
2026-07-29T08:17:44+03:00,1785302264,16428,58,3,32.4,41.1,,run
2026-07-29T08:17:50+03:00,1785302270,16434,57,3,32.5,47.0,,run
2026-07-29T08:17:55+03:00,1785302275,16439,57,3,32.5,42.9,,run
2026-07-29T08:18:00+03:00,1785302280,16444,57,3,32.5,42.3,,run
2026-07-29T08:18:05+03:00,1785302285,16449,57,3,32.5,48.2,,run
2026-07-29T08:18:11+03:00,1785302291,16455,57,3,32.5,50.1,,run
2026-07-29T08:18:16+03:00,1785302296,16460,57,3,32.5,46.3,,run
2026-07-29T08:18:21+03:00,1785302301,16465,57,3,32.5,42.6,,run
2026-07-29T08:18:26+03:00,1785302306,16470,57,3,32.5,42.3,,run
2026-07-29T08:18:32+03:00,1785302312,16476,57,3,32.5,41.7,,run
2026-07-29T08:18:37+03:00,1785302317,16481,57,3,32.5,41.7,,run
2026-07-29T08:18:42+03:00,1785302322,16486,57,3,32.5,51.9,,run
2026-07-29T08:18:48+03:00,1785302328,16492,57,3,32.5,51.0,,run
2026-07-29T08:18:53+03:00,1785302333,16497,57,3,32.5,44.2,,end
2026-07-29T21:58:29+03:00,1785351509,65673,59,3,35.3,56.2,,run
2026-07-29T21:58:34+03:00,1785351514,65678,59,3,35.3,47.9,,run
2026-07-29T21:58:39+03:00,1785351519,65683,59,3,35.3,47.0,,run
2026-07-29T21:58:44+03:00,1785351524,65688,59,3,35.3,49.1,,run
2026-07-29T21:58:50+03:00,1785351530,65694,59,3,35.3,46.7,,run
2026-07-29T21:58:55+03:00,1785351535,65699,59,3,35.3,48.5,,run
2026-07-29T21:59:00+03:00,1785351540,65704,59,3,35.3,46.0,,run
2026-07-29T21:59:05+03:00,1785351545,65709,59,3,35.3,45.4,,run
2026-07-29T21:59:11+03:00,1785351551,65715,59,3,35.3,44.8,,run
2026-07-29T21:59:16+03:00,1785351556,65720,59,3,35.3,53.8,,run
2026-07-29T21:59:22+03:00,1785351562,65726,59,3,35.3,57.8,,run
2026-07-29T21:59:27+03:00,1785351567,65731,59,3,35.3,52.5,,run
2026-07-29T21:59:32+03:00,1785351572,65736,59,3,35.3,49.1,,run
2026-07-29T21:59:37+03:00,1785351577,65741,59,3,35.3,47.3,,run
2026-07-29T21:59:43+03:00,1785351583,65747,59,3,35.3,46.7,,run
2026-07-29T21:59:48+03:00,1785351588,65752,59,3,35.3,47.6,,run
2026-07-29T21:59:53+03:00,1785351593,65757,59,3,35.3,46.3,,run
2026-07-29T21:59:58+03:00,1785351598,65762,59,3,35.3,47.6,,run
2026-07-29T22:00:03+03:00,1785351603,65767,59,3,35.3,46.7,,run
2026-07-29T22:00:09+03:00,1785351609,65773,59,3,35.3,51.0,,run
2026-07-29T22:00:14+03:00,1785351614,65778,59,3,35.3,52.2,,run
2026-07-29T22:00:19+03:00,1785351619,65783,59,3,35.3,48.5,,run
2026-07-29T22:00:24+03:00,1785351624,65788,59,3,35.3,47.3,,run
2026-07-29T22:00:30+03:00,1785351630,65794,59,3,35.3,45.4,,run
2026-07-29T22:00:35+03:00,1785351635,65799,59,3,35.3,56.2,,run
2026-07-29T22:00:40+03:00,1785351640,65804,59,3,35.3,53.1,,run
2026-07-29T22:00:45+03:00,1785351645,65809,59,3,35.3,44.5,,run
2026-07-29T22:00:51+03:00,1785351651,65815,59,3,35.3,44.8,,run
2026-07-29T22:00:56+03:00,1785351656,65820,59,3,35.3,43.2,,run
2026-07-29T22:01:01+03:00,1785351661,65825,59,3,35.3,45.7,,run
2026-07-29T22:01:06+03:00,1785351666,65830,59,3,35.3,43.6,,run
2026-07-29T22:01:11+03:00,1785351671,65835,59,3,35.3,45.7,,run
2026-07-29T22:01:17+03:00,1785351677,65841,59,3,35.3,56.2,,run
2026-07-29T22:01:22+03:00,1785351682,65846,59,3,35.3,46.0,,run
2026-07-29T22:01:27+03:00,1785351687,65851,59,3,35.3,47.9,,run
2026-07-29T22:01:32+03:00,1785351692,65856,59,3,35.3,51.0,,run
2026-07-29T22:01:38+03:00,1785351698,65862,59,3,35.3,45.1,,run
2026-07-29T22:01:43+03:00,1785351703,65867,59,3,35.3,44.2,,run
2026-07-29T22:01:48+03:00,1785351708,65872,59,3,35.3,44.2,,run
2026-07-29T22:01:53+03:00,1785351713,65877,59,3,35.3,44.5,,run
2026-07-29T22:01:59+03:00,1785351719,65883,59,3,35.3,46.7,,run
2026-07-29T22:02:04+03:00,1785351724,65888,59,3,35.3,44.2,,run
2026-07-29T22:02:09+03:00,1785351729,65893,59,3,35.3,43.6,,run
2026-07-29T22:02:14+03:00,1785351734,65898,59,3,35.3,44.8,,run
2026-07-29T22:02:19+03:00,1785351739,65903,59,3,35.3,50.7,,run
2026-07-29T22:02:25+03:00,1785351745,65909,59,3,35.3,50.4,,run
2026-07-29T22:02:30+03:00,1785351750,65914,59,3,35.3,51.3,,run
2026-07-29T22:02:35+03:00,1785351755,65919,59,3,35.3,48.2,,run
2026-07-29T22:02:40+03:00,1785351760,65924,59,3,35.3,45.4,,run
2026-07-29T22:02:46+03:00,1785351766,65930,59,3,35.3,43.9,,run
2026-07-29T22:02:51+03:00,1785351771,65935,59,3,35.3,43.6,,run
2026-07-29T22:02:56+03:00,1785351776,65940,59,3,35.3,43.6,,run
2026-07-29T22:03:01+03:00,1785351781,65945,59,3,35.3,47.0,,run
2026-07-29T22:03:07+03:00,1785351787,65951,59,3,35.3,42.3,,run
2026-07-29T22:03:12+03:00,1785351792,65956,59,3,35.3,54.1,,run
2026-07-29T22:03:18+03:00,1785351798,65962,59,3,35.3,45.4,,run
2026-07-29T22:03:23+03:00,1785351803,65967,59,3,35.3,48.5,,run
2026-07-29T22:03:28+03:00,1785351808,65972,59,3,35.3,48.8,,run
2026-07-29T22:03:33+03:00,1785351813,65977,59,3,35.3,50.4,,run
2026-07-29T22:03:39+03:00,1785351819,65983,59,3,35.3,45.7,,run
2026-07-29T22:03:44+03:00,1785351824,65988,59,3,35.3,50.7,,run
2026-07-29T22:03:49+03:00,1785351829,65993,59,3,35.3,49.1,,run
2026-07-29T22:03:54+03:00,1785351834,65998,59,3,35.3,52.5,,run
2026-07-29T22:03:59+03:00,1785351839,66003,59,3,35.3,49.7,,run
2026-07-29T22:04:05+03:00,1785351845,66009,59,3,35.3,50.1,,run
2026-07-29T22:04:10+03:00,1785351850,66014,59,3,35.3,51.3,,run
2026-07-29T22:04:15+03:00,1785351855,66019,59,3,35.3,51.3,,run
2026-07-29T22:04:20+03:00,1785351860,66024,59,3,35.3,51.6,,run
2026-07-29T22:04:25+03:00,1785351865,66029,59,3,35.3,52.8,,run
2026-07-29T22:04:31+03:00,1785351871,66035,59,3,35.3,59.6,,run
2026-07-29T22:04:36+03:00,1785351876,66040,59,3,35.3,49.7,,end
