# sample_id=0609/rev_007_39cfa6cf exec_index=3 ok=True perf_lines=30 vm_events=30 battery_pct=51 soc_temp_millic=39800 battery_temp_c=32.0 charging=False preflight_started=2026-09-11T06:09:59.270635+00:00 started=2026-09-11T06:10:02.007203+00:00 ts=2026-09-11T06:12:04.225894+00:00
[spm]: Running flutter analyze...
Analyzing lib...                                                

   info • The part-of directive uses a library name. Try converting the directive to use the URI of the library • lib/dependencies.dart:46:1 • use_string_in_part_of_directives
   info • Redundant initialization to 'null'. Try removing the initializer • lib/dependencies.dart:61:13 • avoid_init_to_null
   info • The variable name 'app_name' isn't a lowerCamelCase identifier. Try changing the name to follow the lowerCamelCase style • lib/dependencies.dart:535:15 • non_constant_identifier_names
   info • The variable name 'app_tagline' isn't a lowerCamelCase identifier. Try changing the name to follow the lowerCamelCase style • lib/dependencies.dart:536:15 • non_constant_identifier_names
   info • The variable name 'app_version' isn't a lowerCamelCase identifier. Try changing the name to follow the lowerCamelCase style • lib/dependencies.dart:537:15 • non_constant_identifier_names
   info • The variable name 'continue_action' isn't a lowerCamelCase identifier. Try changing the name to follow the lowerCamelCase style • lib/dependencies.dart:545:15 • non_constant_identifier_names
   info • The variable name 'copied_to_clipboard' isn't a lowerCamelCase identifier. Try changing the name to follow the lowerCamelCase style • lib/dependencies.dart:562:15 • non_constant_identifier_names
   info • The variable name 'none_selected' isn't a lowerCamelCase identifier. Try changing the name to follow the lowerCamelCase style • lib/dependencies.dart:567:15 • non_constant_identifier_names
   info • The variable name 'unknown_error' isn't a lowerCamelCase identifier. Try changing the name to follow the lowerCamelCase style • lib/dependencies.dart:571:15 • non_constant_identifier_names
   info • The variable name 'not_now' isn't a lowerCamelCase identifier. Try changing the name to follow the lowerCamelCase style • lib/dependencies.dart:572:15 • non_constant_identifier_names
   info • The variable name 'proceed_anyway' isn't a lowerCamelCase identifier. Try changing the name to follow the lowerCamelCase style • lib/dependencies.dart:574:15 • non_constant_identifier_names
   info • The variable name 'test_connection' isn't a lowerCamelCase identifier. Try changing the name to follow the lowerCamelCase style • lib/dependencies.dart:575:15 • non_constant_identifier_names
   info • The variable name 'connection_successful' isn't a lowerCamelCase identifier. Try changing the name to follow the lowerCamelCase style • lib/dependencies.dart:577:15 • non_constant_identifier_names
   info • The variable name 'connection_failed' isn't a lowerCamelCase identifier. Try changing the name to follow the lowerCamelCase style • lib/dependencies.dart:578:15 • non_constant_identifier_names
   info • The variable name 'save_continue' isn't a lowerCamelCase identifier. Try changing the name to follow the lowerCamelCase style • lib/dependencies.dart:579:15 • non_constant_identifier_names
   info • The variable name 'save_changes' isn't a lowerCamelCase identifier. Try changing the name to follow the lowerCamelCase style • lib/dependencies.dart:580:15 • non_constant_identifier_names
   info • The variable name 'finish_setup' isn't a lowerCamelCase identifier. Try changing the name to follow the lowerCamelCase style • lib/dependencies.dart:581:15 • non_constant_identifier_names
   info • The variable name 'start_new_chat' isn't a lowerCamelCase identifier. Try changing the name to follow the lowerCamelCase style • lib/dependencies.dart:582:15 • non_constant_identifier_names
   info • The variable name 'cannot_undo' isn't a lowerCamelCase identifier. Try changing the name to follow the lowerCamelCase style • lib/dependencies.dart:583:15 • non_constant_identifier_names
   info • The variable name 'ram_warning' isn't a lowerCamelCase identifier. Try changing the name to follow the lowerCamelCase style • lib/dependencies.dart:584:15 • non_constant_identifier_names
   info • The variable name 'may_be_large' isn't a lowerCamelCase identifier. Try changing the name to follow the lowerCamelCase style • lib/dependencies.dart:586:15 • non_constant_identifier_names
   info • The variable name 'download_failed' isn't a lowerCamelCase identifier. Try changing the name to follow the lowerCamelCase style • lib/dependencies.dart:588:15 • non_constant_identifier_names
   info • The variable name 'not_downloaded' isn't a lowerCamelCase identifier. Try changing the name to follow the lowerCamelCase style • lib/dependencies.dart:590:15 • non_constant_identifier_names
   info • The variable name 'not_installed' isn't a lowerCamelCase identifier. Try changing the name to follow the lowerCamelCase style • lib/dependencies.dart:592:15 • non_constant_identifier_names
   info • The variable name 'preparing_app' isn't a lowerCamelCase identifier. Try changing the name to follow the lowerCamelCase style • lib/dependencies.dart:598:15 • non_constant_identifier_names
   info • The variable name 'initializing_services' isn't a lowerCamelCase identifier. Try changing the name to follow the lowerCamelCase style • lib/dependencies.dart:599:15 • non_constant_identifier_names
   info • The variable name 'configuring_server' isn't a lowerCamelCase identifier. Try changing the name to follow the lowerCamelCase style • lib/dependencies.dart:600:15 • non_constant_identifier_names
   info • The variable name 'startup_failed' isn't a lowerCamelCase identifier. Try changing the name to follow the lowerCamelCase style • lib/dependencies.dart:601:15 • non_constant_identifier_names
   info • The variable name 'something_went_wrong' isn't a lowerCamelCase identifier. Try changing the name to follow the lowerCamelCase style • lib/dependencies.dart:602:15 • non_constant_identifier_names
   info • The variable name 'delete_model_title' isn't a lowerCamelCase identifier. Try changing the name to follow the lowerCamelCase style • lib/dependencies.dart:603:15 • non_constant_identifier_names
   info • The variable name 'delete_voice_title' isn't a lowerCamelCase identifier. Try changing the name to follow the lowerCamelCase style • lib/dependencies.dart:604:15 • non_constant_identifier_names
   info • The variable name 'delete_server_title' isn't a lowerCamelCase identifier. Try changing the name to follow the lowerCamelCase style • lib/dependencies.dart:605:15 • non_constant_identifier_names
   info • The variable name 'delete_conversation_title' isn't a lowerCamelCase identifier. Try changing the name to follow the lowerCamelCase style • lib/dependencies.dart:606:15 • non_constant_identifier_names
   info • The variable name 'delete_message_title' isn't a lowerCamelCase identifier. Try changing the name to follow the lowerCamelCase style • lib/dependencies.dart:607:15 • non_constant_identifier_names
   info • The variable name 'delete_persona_body' isn't a lowerCamelCase identifier. Try changing the name to follow the lowerCamelCase style • lib/dependencies.dart:608:15 • non_constant_identifier_names
   info • The variable name 'clear_conversation_title' isn't a lowerCamelCase identifier. Try changing the name to follow the lowerCamelCase style • lib/dependencies.dart:609:15 • non_constant_identifier_names
   info • The variable name 'clear_conversation_body' isn't a lowerCamelCase identifier. Try changing the name to follow the lowerCamelCase style • lib/dependencies.dart:610:15 • non_constant_identifier_names
   info • The variable name 'no_model_loaded' isn't a lowerCamelCase identifier. Try changing the name to follow the lowerCamelCase style • lib/dependencies.dart:613:15 • non_constant_identifier_names
   info • The variable name 'delete_conversation' isn't a lowerCamelCase identifier. Try changing the name to follow the lowerCamelCase style • lib/dependencies.dart:615:15 • non_constant_identifier_names
   info • The variable name 'nav_history' isn't a lowerCamelCase identifier. Try changing the name to follow the lowerCamelCase style • lib/dependencies.dart:616:15 • non_constant_identifier_names
   info • The variable name 'nav_servers' isn't a lowerCamelCase identifier. Try changing the name to follow the lowerCamelCase style • lib/dependencies.dart:617:15 • non_constant_identifier_names
   info • The variable name 'nav_local_models' isn't a lowerCamelCase identifier. Try changing the name to follow the lowerCamelCase style • lib/dependencies.dart:618:15 • non_constant_identifier_names
   info • The variable name 'nav_tts' isn't a lowerCamelCase identifier. Try changing the name to follow the lowerCamelCase style • lib/dependencies.dart:619:15 • non_constant_identifier_names
   info • The variable name 'nav_personas' isn't a lowerCamelCase identifier. Try changing the name to follow the lowerCamelCase style • lib/dependencies.dart:620:15 • non_constant_identifier_names
   info • The variable name 'nav_settings' isn't a lowerCamelCase identifier. Try changing the name to follow the lowerCamelCase style • lib/dependencies.dart:621:15 • non_constant_identifier_names
   info • The variable name 'nav_new_chat' isn't a lowerCamelCase identifier. Try changing the name to follow the lowerCamelCase style • lib/dependencies.dart:622:15 • non_constant_identifier_names
   info • The variable name 'search_hint' isn't a lowerCamelCase identifier. Try changing the name to follow the lowerCamelCase style • lib/dependencies.dart:623:15 • non_constant_identifier_names
   info • The variable name 'no_server_selected' isn't a lowerCamelCase identifier. Try changing the name to follow the lowerCamelCase style • lib/dependencies.dart:624:15 • non_constant_identifier_names
   info • The variable name 'switch_server' isn't a lowerCamelCase identifier. Try changing the name to follow the lowerCamelCase style • lib/dependencies.dart:625:15 • non_constant_identifier_names
   info • The variable name 'switch_server_subtitle' isn't a lowerCamelCase identifier. Try changing the name to follow the lowerCamelCase style • lib/dependencies.dart:626:15 • non_constant_identifier_names
   info • The variable name 'manage_servers' isn't a lowerCamelCase identifier. Try changing the name to follow the lowerCamelCase style • lib/dependencies.dart:627:15 • non_constant_identifier_names
   info • The variable name 'open_source' isn't a lowerCamelCase identifier. Try changing the name to follow the lowerCamelCase style • lib/dependencies.dart:628:15 • non_constant_identifier_names
   info • The variable name 'open_source_desc' isn't a lowerCamelCase identifier. Try changing the name to follow the lowerCamelCase style • lib/dependencies.dart:629:15 • non_constant_identifier_names
   info • The variable name 'star_on_github' isn't a lowerCamelCase identifier. Try changing the name to follow the lowerCamelCase style • lib/dependencies.dart:631:15 • non_constant_identifier_names
   info • The variable name 'settings_title' isn't a lowerCamelCase identifier. Try changing the name to follow the lowerCamelCase style • lib/dependencies.dart:632:15 • non_constant_identifier_names
   info • The variable name 'settings_appearance' isn't a lowerCamelCase identifier. Try changing the name to follow the lowerCamelCase style • lib/dependencies.dart:633:15 • non_constant_identifier_names
   info • The variable name 'settings_language' isn't a lowerCamelCase identifier. Try changing the name to follow the lowerCamelCase style • lib/dependencies.dart:634:15 • non_constant_identifier_names
   info • The variable name 'language_system_default' isn't a lowerCamelCase identifier. Try changing the name to follow the lowerCamelCase style • lib/dependencies.dart:635:15 • non_constant_identifier_names
   info • The variable name 'settings_tts' isn't a lowerCamelCase identifier. Try changing the name to follow the lowerCamelCase style • lib/dependencies.dart:636:15 • non_constant_identifier_names
   info • The variable name 'settings_behavior' isn't a lowerCamelCase identifier. Try changing the name to follow the lowerCamelCase style • lib/dependencies.dart:637:15 • non_constant_identifier_names
   info • The variable name 'settings_on_device' isn't a lowerCamelCase identifier. Try changing the name to follow the lowerCamelCase style • lib/dependencies.dart:638:15 • non_constant_identifier_names
   info • The variable name 'settings_default_server' isn't a lowerCamelCase identifier. Try changing the name to follow the lowerCamelCase style • lib/dependencies.dart:639:15 • non_constant_identifier_names
   info • The variable name 'settings_default_persona' isn't a lowerCamelCase identifier. Try changing the name to follow the lowerCamelCase style • lib/dependencies.dart:640:15 • non_constant_identifier_names
   info • The variable name 'settings_privacy' isn't a lowerCamelCase identifier. Try changing the name to follow the lowerCamelCase style • lib/dependencies.dart:641:15 • non_constant_identifier_names
   info • The variable name 'settings_data_management' isn't a lowerCamelCase identifier. Try changing the name to follow the lowerCamelCase style • lib/dependencies.dart:642:15 • non_constant_identifier_names
   info • The variable name 'settings_about' isn't a lowerCamelCase identifier. Try changing the name to follow the lowerCamelCase style • lib/dependencies.dart:643:15 • non_constant_identifier_names
   info • The variable name 'theme_system' isn't a lowerCamelCase identifier. Try changing the name to follow the lowerCamelCase style • lib/dependencies.dart:645:15 • non_constant_identifier_names
   info • The variable name 'theme_light' isn't a lowerCamelCase identifier. Try changing the name to follow the lowerCamelCase style • lib/dependencies.dart:646:15 • non_constant_identifier_names
   info • The variable name 'theme_dark' isn't a lowerCamelCase identifier. Try changing the name to follow the lowerCamelCase style • lib/dependencies.dart:647:15 • non_constant_identifier_names
   info • The variable name 'theme_claude' isn't a lowerCamelCase identifier. Try changing the name to follow the lowerCamelCase style • lib/dependencies.dart:648:15 • non_constant_identifier_names
   info • The variable name 'font_size' isn't a lowerCamelCase identifier. Try changing the name to follow the lowerCamelCase style • lib/dependencies.dart:649:15 • non_constant_identifier_names
   info • The variable name 'font_size_desc' isn't a lowerCamelCase identifier. Try changing the name to follow the lowerCamelCase style • lib/dependencies.dart:650:15 • non_constant_identifier_names
   info • The variable name 'font_preview' isn't a lowerCamelCase identifier. Try changing the name to follow the lowerCamelCase style • lib/dependencies.dart:651:15 • non_constant_identifier_names
   info • The variable name 'code_theme_dark' isn't a lowerCamelCase identifier. Try changing the name to follow the lowerCamelCase style • lib/dependencies.dart:652:15 • non_constant_identifier_names
   info • The variable name 'code_theme_light' isn't a lowerCamelCase identifier. Try changing the name to follow the lowerCamelCase style • lib/dependencies.dart:653:15 • non_constant_identifier_names
   info • The variable name 'code_theme_desc' isn't a lowerCamelCase identifier. Try changing the name to follow the lowerCamelCase style • lib/dependencies.dart:654:15 • non_constant_identifier_names
   info • The variable name 'tts_engine' isn't a lowerCamelCase identifier. Try changing the name to follow the lowerCamelCase style • lib/dependencies.dart:656:15 • non_constant_identifier_names
   info • The variable name 'tts_engine_system' isn't a lowerCamelCase identifier. Try changing the name to follow the lowerCamelCase style • lib/dependencies.dart:657:15 • non_constant_identifier_names
   info • The variable name 'tts_engine_kitten' isn't a lowerCamelCase identifier. Try changing the name to follow the lowerCamelCase style • lib/dependencies.dart:658:15 • non_constant_identifier_names
   info • The variable name 'voice_female' isn't a lowerCamelCase identifier. Try changing the name to follow the lowerCamelCase style • lib/dependencies.dart:660:15 • non_constant_identifier_names
   info • The variable name 'voice_male' isn't a lowerCamelCase identifier. Try changing the name to follow the lowerCamelCase style • lib/dependencies.dart:661:15 • non_constant_identifier_names
   info • The variable name 'voice_other' isn't a lowerCamelCase identifier. Try changing the name to follow the lowerCamelCase style • lib/dependencies.dart:662:15 • non_constant_identifier_names
   info • The variable name 'tts_speed' isn't a lowerCamelCase identifier. Try changing the name to follow the lowerCamelCase style • lib/dependencies.dart:663:15 • non_constant_identifier_names
   info • The variable name 'tts_speed_desc' isn't a lowerCamelCase identifier. Try changing the name to follow the lowerCamelCase style • lib/dependencies.dart:664:15 • non_constant_identifier_names
   info • The variable name 'manage_tts_models' isn't a lowerCamelCase identifier. Try changing the name to follow the lowerCamelCase style • lib/dependencies.dart:665:15 • non_constant_identifier_names
   info • The variable name 'manage_on_device_models' isn't a lowerCamelCase identifier. Try changing the name to follow the lowerCamelCase style • lib/dependencies.dart:666:15 • non_constant_identifier_names
   info • The variable name 'streaming_responses' isn't a lowerCamelCase identifier. Try changing the name to follow the lowerCamelCase style • lib/dependencies.dart:667:15 • non_constant_identifier_names
   info • The variable name 'auto_generate_titles' isn't a lowerCamelCase identifier. Try changing the name to follow the lowerCamelCase style • lib/dependencies.dart:668:15 • non_constant_identifier_names
   info • The variable name 'send_on_enter' isn't a lowerCamelCase identifier. Try changing the name to follow the lowerCamelCase style • lib/dependencies.dart:669:15 • non_constant_identifier_names
   info • The variable name 'show_system_messages' isn't a lowerCamelCase identifier. Try changing the name to follow the lowerCamelCase style • lib/dependencies.dart:670:15 • non_constant_identifier_names
   info • The variable name 'haptic_feedback' isn't a lowerCamelCase identifier. Try changing the name to follow the lowerCamelCase style • lib/dependencies.dart:671:15 • non_constant_identifier_names
   info • The variable name 'enable_mcp' isn't a lowerCamelCase identifier. Try changing the name to follow the lowerCamelCase style • lib/dependencies.dart:672:15 • non_constant_identifier_names
   info • The variable name 'new_chat_mcp_default' isn't a lowerCamelCase identifier. Try changing the name to follow the lowerCamelCase style • lib/dependencies.dart:673:15 • non_constant_identifier_names
   info • The variable name 'show_data_indicator' isn't a lowerCamelCase identifier. Try changing the name to follow the lowerCamelCase style • lib/dependencies.dart:674:15 • non_constant_identifier_names
   info • The variable name 'privacy_info' isn't a lowerCamelCase identifier. Try changing the name to follow the lowerCamelCase style • lib/dependencies.dart:675:15 • non_constant_identifier_names
   info • The variable name 'delete_all_conversations' isn't a lowerCamelCase identifier. Try changing the name to follow the lowerCamelCase style • lib/dependencies.dart:676:15 • non_constant_identifier_names
   info • The variable name 'reset_settings_defaults' isn't a lowerCamelCase identifier. Try changing the name to follow the lowerCamelCase style • lib/dependencies.dart:677:15 • non_constant_identifier_names
   info • The variable name 'chat_title' isn't a lowerCamelCase identifier. Try changing the name to follow the lowerCamelCase style • lib/dependencies.dart:678:15 • non_constant_identifier_names
   info • The variable name 'chat_parameters_tooltip' isn't a lowerCamelCase identifier. Try changing the name to follow the lowerCamelCase style • lib/dependencies.dart:679:15 • non_constant_identifier_names
   info • The variable name 'change_persona' isn't a lowerCamelCase identifier. Try changing the name to follow the lowerCamelCase style • lib/dependencies.dart:680:15 • non_constant_identifier_names
   info • The variable name 'set_persona' isn't a lowerCamelCase identifier. Try changing the name to follow the lowerCamelCase style • lib/dependencies.dart:681:15 • non_constant_identifier_names
   info • The variable name 'remove_persona' isn't a lowerCamelCase identifier. Try changing the name to follow the lowerCamelCase style • lib/dependencies.dart:682:15 • non_constant_identifier_names
   info • The variable name 'clear_conversation' isn't a lowerCamelCase identifier. Try changing the name to follow the lowerCamelCase style • lib/dependencies.dart:683:15 • non_constant_identifier_names
   info • The variable name 'connection_error' isn't a lowerCamelCase identifier. Try changing the name to follow the lowerCamelCase style • lib/dependencies.dart:684:15 • non_constant_identifier_names
   info • The variable name 'select_model' isn't a lowerCamelCase identifier. Try changing the name to follow the lowerCamelCase style • lib/dependencies.dart:687:15 • non_constant_identifier_names
   info • The variable name 'select_persona' isn't a lowerCamelCase identifier. Try changing the name to follow the lowerCamelCase style • lib/dependencies.dart:688:15 • non_constant_identifier_names
   info • The variable name 'start_conversation' isn't a lowerCamelCase identifier. Try changing the name to follow the lowerCamelCase style • lib/dependencies.dart:689:15 • non_constant_identifier_names
   info • The variable name 'recent_chats' isn't a lowerCamelCase identifier. Try changing the name to follow the lowerCamelCase style • lib/dependencies.dart:690:15 • non_constant_identifier_names
   info • The variable name 'see_all' isn't a lowerCamelCase identifier. Try changing the name to follow the lowerCamelCase style • lib/dependencies.dart:691:15 • non_constant_identifier_names
   info • The variable name 'quick_write' isn't a lowerCamelCase identifier. Try changing the name to follow the lowerCamelCase style • lib/dependencies.dart:692:15 • non_constant_identifier_names
   info • The variable name 'quick_explain' isn't a lowerCamelCase identifier. Try changing the name to follow the lowerCamelCase style • lib/dependencies.dart:693:15 • non_constant_identifier_names
   info • The variable name 'quick_debug' isn't a lowerCamelCase identifier. Try changing the name to follow the lowerCamelCase style • lib/dependencies.dart:694:15 • non_constant_identifier_names
   info • The variable name 'quick_async' isn't a lowerCamelCase identifier. Try changing the name to follow the lowerCamelCase style • lib/dependencies.dart:695:15 • non_constant_identifier_names
   info • The variable name 'history_missing_title' isn't a lowerCamelCase identifier. Try changing the name to follow the lowerCamelCase style • lib/dependencies.dart:696:15 • non_constant_identifier_names
   info • The variable name 'history_missing_desc' isn't a lowerCamelCase identifier. Try changing the name to follow the lowerCamelCase style • lib/dependencies.dart:697:15 • non_constant_identifier_names
   info • The variable name 'technical_details' isn't a lowerCamelCase identifier. Try changing the name to follow the lowerCamelCase style • lib/dependencies.dart:699:15 • non_constant_identifier_names
   info • The variable name 'last_error' isn't a lowerCamelCase identifier. Try changing the name to follow the lowerCamelCase style • lib/dependencies.dart:700:15 • non_constant_identifier_names
   info • The variable name 'copy_info' isn't a lowerCamelCase identifier. Try changing the name to follow the lowerCamelCase style • lib/dependencies.dart:701:15 • non_constant_identifier_names
   info • The variable name 'conversation_id' isn't a lowerCamelCase identifier. Try changing the name to follow the lowerCamelCase style • lib/dependencies.dart:702:15 • non_constant_identifier_names
   info • The variable name 'created_at' isn't a lowerCamelCase identifier. Try changing the name to follow the lowerCamelCase style • lib/dependencies.dart:703:15 • non_constant_identifier_names
   info • The variable name 'expected_messages' isn't a lowerCamelCase identifier. Try changing the name to follow the lowerCamelCase style • lib/dependencies.dart:704:15 • non_constant_identifier_names
   info • The variable name 'debug_dialog_desc' isn't a lowerCamelCase identifier. Try changing the name to follow the lowerCamelCase style • lib/dependencies.dart:705:15 • non_constant_identifier_names
   info • The variable name 'chat_input_hint' isn't a lowerCamelCase identifier. Try changing the name to follow the lowerCamelCase style • lib/dependencies.dart:707:15 • non_constant_identifier_names
   info • The variable name 'send_message_tooltip' isn't a lowerCamelCase identifier. Try changing the name to follow the lowerCamelCase style • lib/dependencies.dart:708:15 • non_constant_identifier_names
   info • The variable name 'stop_generation_tooltip' isn't a lowerCamelCase identifier. Try changing the name to follow the lowerCamelCase style • lib/dependencies.dart:709:15 • non_constant_identifier_names
   info • The variable name 'attach_images_tooltip' isn't a lowerCamelCase identifier. Try changing the name to follow the lowerCamelCase style • lib/dependencies.dart:710:15 • non_constant_identifier_names
   info • The variable name 'tool_unknown' isn't a lowerCamelCase identifier. Try changing the name to follow the lowerCamelCase style • lib/dependencies.dart:711:15 • non_constant_identifier_names
   info • The variable name 'message_options' isn't a lowerCamelCase identifier. Try changing the name to follow the lowerCamelCase style • lib/dependencies.dart:712:15 • non_constant_identifier_names
   info • The variable name 'copy_markdown' isn't a lowerCamelCase identifier. Try changing the name to follow the lowerCamelCase style • lib/dependencies.dart:713:15 • non_constant_identifier_names
   info • The variable name 'copied_markdown' isn't a lowerCamelCase identifier. Try changing the name to follow the lowerCamelCase style • lib/dependencies.dart:714:15 • non_constant_identifier_names
   info • The variable name 'read_aloud' isn't a lowerCamelCase identifier. Try changing the name to follow the lowerCamelCase style • lib/dependencies.dart:715:15 • non_constant_identifier_names
   info • The variable name 'stop_reading' isn't a lowerCamelCase identifier. Try changing the name to follow the lowerCamelCase style • lib/dependencies.dart:716:15 • non_constant_identifier_names
   info • The variable name 'edit_message' isn't a lowerCamelCase identifier. Try changing the name to follow the lowerCamelCase style • lib/dependencies.dart:718:15 • non_constant_identifier_names
   info • The variable name 'edit_message_desc' isn't a lowerCamelCase identifier. Try changing the name to follow the lowerCamelCase style • lib/dependencies.dart:719:15 • non_constant_identifier_names
   info • The variable name 'save_regenerate' isn't a lowerCamelCase identifier. Try changing the name to follow the lowerCamelCase style • lib/dependencies.dart:721:15 • non_constant_identifier_names
   info • The variable name 'chat_settings_title' isn't a lowerCamelCase identifier. Try changing the name to follow the lowerCamelCase style • lib/dependencies.dart:722:15 • non_constant_identifier_names
   info • The variable name 'reset_defaults' isn't a lowerCamelCase identifier. Try changing the name to follow the lowerCamelCase style • lib/dependencies.dart:723:15 • non_constant_identifier_names
   info • The variable name 'parameters_tab' isn't a lowerCamelCase identifier. Try changing the name to follow the lowerCamelCase style • lib/dependencies.dart:724:15 • non_constant_identifier_names
   info • The variable name 'mcp_tab' isn't a lowerCamelCase identifier. Try changing the name to follow the lowerCamelCase style • lib/dependencies.dart:725:15 • non_constant_identifier_names
   info • The variable name 'temperature_desc' isn't a lowerCamelCase identifier. Try changing the name to follow the lowerCamelCase style • lib/dependencies.dart:727:15 • non_constant_identifier_names
   info • The variable name 'top_p' isn't a lowerCamelCase identifier. Try changing the name to follow the lowerCamelCase style • lib/dependencies.dart:729:15 • non_constant_identifier_names
   info • The variable name 'top_p_desc' isn't a lowerCamelCase identifier. Try changing the name to follow the lowerCamelCase style • lib/dependencies.dart:730:15 • non_constant_identifier_names
   info • The variable name 'max_tokens' isn't a lowerCamelCase identifier. Try changing the name to follow the lowerCamelCase style • lib/dependencies.dart:731:15 • non_constant_identifier_names
   info • The variable name 'max_tokens_desc' isn't a lowerCamelCase identifier. Try changing the name to follow the lowerCamelCase style • lib/dependencies.dart:732:15 • non_constant_identifier_names
   info • The variable name 'context_length' isn't a lowerCamelCase identifier. Try changing the name to follow the lowerCamelCase style • lib/dependencies.dart:733:15 • non_constant_identifier_names
   info • The variable name 'context_length_desc' isn't a lowerCamelCase identifier. Try changing the name to follow the lowerCamelCase style • lib/dependencies.dart:734:15 • non_constant_identifier_names
   info • The variable name 'mcp_disabled_warning' isn't a lowerCamelCase identifier. Try changing the name to follow the lowerCamelCase style • lib/dependencies.dart:735:15 • non_constant_identifier_names
   info • The variable name 'mcp_enable_chat' isn't a lowerCamelCase identifier. Try changing the name to follow the lowerCamelCase style • lib/dependencies.dart:737:15 • non_constant_identifier_names
   info • The variable name 'auto_execute_tools' isn't a lowerCamelCase identifier. Try changing the name to follow the lowerCamelCase style • lib/dependencies.dart:738:15 • non_constant_identifier_names
   info • The variable name 'add_ephemeral_mcp' isn't a lowerCamelCase identifier. Try changing the name to follow the lowerCamelCase style • lib/dependencies.dart:739:15 • non_constant_identifier_names
   info • The variable name 'mcp_label_placeholder' isn't a lowerCamelCase identifier. Try changing the name to follow the lowerCamelCase style • lib/dependencies.dart:740:15 • non_constant_identifier_names
   info • The variable name 'mcp_url_placeholder' isn't a lowerCamelCase identifier. Try changing the name to follow the lowerCamelCase style • lib/dependencies.dart:741:15 • non_constant_identifier_names
   info • The variable name 'active_integrations' isn't a lowerCamelCase identifier. Try changing the name to follow the lowerCamelCase style • lib/dependencies.dart:742:15 • non_constant_identifier_names
   info • The variable name 'enable_notifications' isn't a lowerCamelCase identifier. Try changing the name to follow the lowerCamelCase style • lib/dependencies.dart:743:15 • non_constant_identifier_names
   info • The variable name 'enable_notifications_desc' isn't a lowerCamelCase identifier. Try changing the name to follow the lowerCamelCase style • lib/dependencies.dart:744:15 • non_constant_identifier_names
   info • The variable name 'chat_history_title' isn't a lowerCamelCase identifier. Try changing the name to follow the lowerCamelCase style • lib/dependencies.dart:746:15 • non_constant_identifier_names
   info • The variable name 'conversation_just_now' isn't a lowerCamelCase identifier. Try changing the name to follow the lowerCamelCase style • lib/dependencies.dart:747:15 • non_constant_identifier_names
   info • The variable name 'conversation_yesterday' isn't a lowerCamelCase identifier. Try changing the name to follow the lowerCamelCase style • lib/dependencies.dart:748:15 • non_constant_identifier_names
   info • The variable name 'options_tooltip' isn't a lowerCamelCase identifier. Try changing the name to follow the lowerCamelCase style • lib/dependencies.dart:749:15 • non_constant_identifier_names
   info • The variable name 'no_results_found' isn't a lowerCamelCase identifier. Try changing the name to follow the lowerCamelCase style • lib/dependencies.dart:750:15 • non_constant_identifier_names
   info • The variable name 'no_conversations_yet' isn't a lowerCamelCase identifier. Try changing the name to follow the lowerCamelCase style • lib/dependencies.dart:751:15 • non_constant_identifier_names
   info • The variable name 'try_different_search' isn't a lowerCamelCase identifier. Try changing the name to follow the lowerCamelCase style • lib/dependencies.dart:752:15 • non_constant_identifier_names
   info • The variable name 'start_new_conversation' isn't a lowerCamelCase identifier. Try changing the name to follow the lowerCamelCase style • lib/dependencies.dart:753:15 • non_constant_identifier_names
   info • The variable name 'rename_conversation' isn't a lowerCamelCase identifier. Try changing the name to follow the lowerCamelCase style • lib/dependencies.dart:754:15 • non_constant_identifier_names
   info • The variable name 'enter_new_title' isn't a lowerCamelCase identifier. Try changing the name to follow the lowerCamelCase style • lib/dependencies.dart:755:15 • non_constant_identifier_names
   info • The variable name 'pinned_section' isn't a lowerCamelCase identifier. Try changing the name to follow the lowerCamelCase style • lib/dependencies.dart:756:15 • non_constant_identifier_names
   info • The variable name 'today_section' isn't a lowerCamelCase identifier. Try changing the name to follow the lowerCamelCase style • lib/dependencies.dart:757:15 • non_constant_identifier_names
   info • The variable name 'yesterday_section' isn't a lowerCamelCase identifier. Try changing the name to follow the lowerCamelCase style • lib/dependencies.dart:758:15 • non_constant_identifier_names
   info • The variable name 'previous_7_days' isn't a lowerCamelCase identifier. Try changing the name to follow the lowerCamelCase style • lib/dependencies.dart:759:15 • non_constant_identifier_names
   info • The variable name 'previous_30_days' isn't a lowerCamelCase identifier. Try changing the name to follow the lowerCamelCase style • lib/dependencies.dart:760:15 • non_constant_identifier_names
   info • The variable name 'older_section' isn't a lowerCamelCase identifier. Try changing the name to follow the lowerCamelCase style • lib/dependencies.dart:761:15 • non_constant_identifier_names
   info • The variable name 'onboarding_localmind' isn't a lowerCamelCase identifier. Try changing the name to follow the lowerCamelCase style • lib/dependencies.dart:762:15 • non_constant_identifier_names
   info • The variable name 'onboarding_connect_server' isn't a lowerCamelCase identifier. Try changing the name to follow the lowerCamelCase style • lib/dependencies.dart:763:15 • non_constant_identifier_names
   info • The variable name 'onboarding_connect_desc' isn't a lowerCamelCase identifier. Try changing the name to follow the lowerCamelCase style • lib/dependencies.dart:764:15 • non_constant_identifier_names
   info • The variable name 'server_type_on_device' isn't a lowerCamelCase identifier. Try changing the name to follow the lowerCamelCase style • lib/dependencies.dart:766:15 • non_constant_identifier_names
   info • The variable name 'server_type_on_device_sub' isn't a lowerCamelCase identifier. Try changing the name to follow the lowerCamelCase style • lib/dependencies.dart:767:15 • non_constant_identifier_names
   info • The variable name 'server_type_lm_studio' isn't a lowerCamelCase identifier. Try changing the name to follow the lowerCamelCase style • lib/dependencies.dart:768:15 • non_constant_identifier_names
   info • The variable name 'server_type_lm_studio_sub' isn't a lowerCamelCase identifier. Try changing the name to follow the lowerCamelCase style • lib/dependencies.dart:769:15 • non_constant_identifier_names
   info • The variable name 'server_type_ollama' isn't a lowerCamelCase identifier. Try changing the name to follow the lowerCamelCase style • lib/dependencies.dart:770:15 • non_constant_identifier_names
   info • The variable name 'server_type_ollama_sub' isn't a lowerCamelCase identifier. Try changing the name to follow the lowerCamelCase style • lib/dependencies.dart:771:15 • non_constant_identifier_names
   info • The variable name 'server_type_openrouter' isn't a lowerCamelCase identifier. Try changing the name to follow the lowerCamelCase style • lib/dependencies.dart:772:15 • non_constant_identifier_names
   info • The variable name 'server_type_openrouter_sub' isn't a lowerCamelCase identifier. Try changing the name to follow the lowerCamelCase style • lib/dependencies.dart:773:15 • non_constant_identifier_names
   info • The variable name 'ready_continue' isn't a lowerCamelCase identifier. Try changing the name to follow the lowerCamelCase style • lib/dependencies.dart:774:15 • non_constant_identifier_names
   info • The variable name 'waiting_selection' isn't a lowerCamelCase identifier. Try changing the name to follow the lowerCamelCase style • lib/dependencies.dart:775:15 • non_constant_identifier_names
   info • The variable name 'setup_connection' isn't a lowerCamelCase identifier. Try changing the name to follow the lowerCamelCase style • lib/dependencies.dart:776:15 • non_constant_identifier_names
   info • The variable name 'server_name' isn't a lowerCamelCase identifier. Try changing the name to follow the lowerCamelCase style • lib/dependencies.dart:777:15 • non_constant_identifier_names
   info • The variable name 'name_required' isn't a lowerCamelCase identifier. Try changing the name to follow the lowerCamelCase style • lib/dependencies.dart:778:15 • non_constant_identifier_names
   info • The variable name 'name_max_50' isn't a lowerCamelCase identifier. Try changing the name to follow the lowerCamelCase style • lib/dependencies.dart:779:15 • non_constant_identifier_names
   info • The variable name 'host_label' isn't a lowerCamelCase identifier. Try changing the name to follow the lowerCamelCase style • lib/dependencies.dart:780:15 • non_constant_identifier_names
   info • The variable name 'host_required' isn't a lowerCamelCase identifier. Try changing the name to follow the lowerCamelCase style • lib/dependencies.dart:781:15 • non_constant_identifier_names
   info • The variable name 'port_label' isn't a lowerCamelCase identifier. Try changing the name to follow the lowerCamelCase style • lib/dependencies.dart:782:15 • non_constant_identifier_names
   info • The variable name 'port_required' isn't a lowerCamelCase identifier. Try changing the name to follow the lowerCamelCase style • lib/dependencies.dart:783:15 • non_constant_identifier_names
   info • The variable name 'port_invalid' isn't a lowerCamelCase identifier. Try changing the name to follow the lowerCamelCase style • lib/dependencies.dart:784:15 • non_constant_identifier_names
   info • The variable name 'port_range' isn't a lowerCamelCase identifier. Try changing the name to follow the lowerCamelCase style • lib/dependencies.dart:785:15 • non_constant_identifier_names
   info • The variable name 'api_key_required' isn't a lowerCamelCase identifier. Try changing the name to follow the lowerCamelCase style • lib/dependencies.dart:786:15 • non_constant_identifier_names
   info • The variable name 'api_key_optional' isn't a lowerCamelCase identifier. Try changing the name to follow the lowerCamelCase style • lib/dependencies.dart:787:15 • non_constant_identifier_names
   info • The variable name 'api_key_required_openrouter' isn't a lowerCamelCase identifier. Try changing the name to follow the lowerCamelCase style • lib/dependencies.dart:788:15 • non_constant_identifier_names
   info • The variable name 'api_key_format' isn't a lowerCamelCase identifier. Try changing the name to follow the lowerCamelCase style • lib/dependencies.dart:789:15 • non_constant_identifier_names
   info • The variable name 'my_server_hint' isn't a lowerCamelCase identifier. Try changing the name to follow the lowerCamelCase style • lib/dependencies.dart:790:15 • non_constant_identifier_names
   info • The variable name 'name_length_validation' isn't a lowerCamelCase identifier. Try changing the name to follow the lowerCamelCase style • lib/dependencies.dart:791:15 • non_constant_identifier_names
   info • The variable name 'host_valid' isn't a lowerCamelCase identifier. Try changing the name to follow the lowerCamelCase style • lib/dependencies.dart:792:15 • non_constant_identifier_names
   info • The variable name 'api_key_hint_openrouter' isn't a lowerCamelCase identifier. Try changing the name to follow the lowerCamelCase style • lib/dependencies.dart:793:15 • non_constant_identifier_names
   info • The variable name 'api_key_hint_generic' isn't a lowerCamelCase identifier. Try changing the name to follow the lowerCamelCase style • lib/dependencies.dart:794:15 • non_constant_identifier_names
   info • The variable name 'update_server' isn't a lowerCamelCase identifier. Try changing the name to follow the lowerCamelCase style • lib/dependencies.dart:795:15 • non_constant_identifier_names
   info • The variable name 'save_server' isn't a lowerCamelCase identifier. Try changing the name to follow the lowerCamelCase style • lib/dependencies.dart:796:15 • non_constant_identifier_names
   info • The variable name 'server_updated' isn't a lowerCamelCase identifier. Try changing the name to follow the lowerCamelCase style • lib/dependencies.dart:797:15 • non_constant_identifier_names
   info • The variable name 'server_added' isn't a lowerCamelCase identifier. Try changing the name to follow the lowerCamelCase style • lib/dependencies.dart:798:15 • non_constant_identifier_names
   info • The variable name 'download_model_title' isn't a lowerCamelCase identifier. Try changing the name to follow the lowerCamelCase style • lib/dependencies.dart:799:15 • non_constant_identifier_names
   info • The variable name 'download_model_desc' isn't a lowerCamelCase identifier. Try changing the name to follow the lowerCamelCase style • lib/dependencies.dart:800:15 • non_constant_identifier_names
   info • The variable name 'on_device_android_only' isn't a lowerCamelCase identifier. Try changing the name to follow the lowerCamelCase style • lib/dependencies.dart:802:15 • non_constant_identifier_names
   info • The variable name 'total_ram' isn't a lowerCamelCase identifier. Try changing the name to follow the lowerCamelCase style • lib/dependencies.dart:804:15 • non_constant_identifier_names
   info • The variable name 'choose_theme' isn't a lowerCamelCase identifier. Try changing the name to follow the lowerCamelCase style • lib/dependencies.dart:806:15 • non_constant_identifier_names
   info • The variable name 'choose_theme_desc' isn't a lowerCamelCase identifier. Try changing the name to follow the lowerCamelCase style • lib/dependencies.dart:807:15 • non_constant_identifier_names
   info • The variable name 'theme_card_system' isn't a lowerCamelCase identifier. Try changing the name to follow the lowerCamelCase style • lib/dependencies.dart:809:15 • non_constant_identifier_names
   info • The variable name 'theme_card_system_sub' isn't a lowerCamelCase identifier. Try changing the name to follow the lowerCamelCase style • lib/dependencies.dart:810:15 • non_constant_identifier_names
   info • The variable name 'theme_card_light' isn't a lowerCamelCase identifier. Try changing the name to follow the lowerCamelCase style • lib/dependencies.dart:811:15 • non_constant_identifier_names
   info • The variable name 'theme_card_light_sub' isn't a lowerCamelCase identifier. Try changing the name to follow the lowerCamelCase style • lib/dependencies.dart:812:15 • non_constant_identifier_names
   info • The variable name 'theme_card_dark' isn't a lowerCamelCase identifier. Try changing the name to follow the lowerCamelCase style • lib/dependencies.dart:813:15 • non_constant_identifier_names
   info • The variable name 'theme_card_dark_sub' isn't a lowerCamelCase identifier. Try changing the name to follow the lowerCamelCase style • lib/dependencies.dart:814:15 • non_constant_identifier_names
   info • The variable name 'theme_card_claude' isn't a lowerCamelCase identifier. Try changing the name to follow the lowerCamelCase style • lib/dependencies.dart:815:15 • non_constant_identifier_names
   info • The variable name 'theme_card_claude_sub' isn't a lowerCamelCase identifier. Try changing the name to follow the lowerCamelCase style • lib/dependencies.dart:816:15 • non_constant_identifier_names
   info • The variable name 'stay_updated' isn't a lowerCamelCase identifier. Try changing the name to follow the lowerCamelCase style • lib/dependencies.dart:817:15 • non_constant_identifier_names
   info • The variable name 'stay_updated_desc' isn't a lowerCamelCase identifier. Try changing the name to follow the lowerCamelCase style • lib/dependencies.dart:818:15 • non_constant_identifier_names
   info • The variable name 'notification_benefit_downloads' isn't a lowerCamelCase identifier. Try changing the name to follow the lowerCamelCase style • lib/dependencies.dart:820:15 • non_constant_identifier_names
   info • The variable name 'notification_benefit_completions' isn't a lowerCamelCase identifier. Try changing the name to follow the lowerCamelCase style • lib/dependencies.dart:821:15 • non_constant_identifier_names
   info • The variable name 'notification_benefit_background' isn't a lowerCamelCase identifier. Try changing the name to follow the lowerCamelCase style • lib/dependencies.dart:822:15 • non_constant_identifier_names
   info • The variable name 'allow_notifications' isn't a lowerCamelCase identifier. Try changing the name to follow the lowerCamelCase style • lib/dependencies.dart:823:15 • non_constant_identifier_names
   info • The variable name 'servers_title' isn't a lowerCamelCase identifier. Try changing the name to follow the lowerCamelCase style • lib/dependencies.dart:824:15 • non_constant_identifier_names
   info • The variable name 'no_servers_yet' isn't a lowerCamelCase identifier. Try changing the name to follow the lowerCamelCase style • lib/dependencies.dart:825:15 • non_constant_identifier_names
   info • The variable name 'no_servers_desc' isn't a lowerCamelCase identifier. Try changing the name to follow the lowerCamelCase style • lib/dependencies.dart:826:15 • non_constant_identifier_names
   info • The variable name 'add_server' isn't a lowerCamelCase identifier. Try changing the name to follow the lowerCamelCase style • lib/dependencies.dart:828:15 • non_constant_identifier_names
   info • The variable name 'edit_server' isn't a lowerCamelCase identifier. Try changing the name to follow the lowerCamelCase style • lib/dependencies.dart:829:15 • non_constant_identifier_names
   info • The variable name 'add_server_title' isn't a lowerCamelCase identifier. Try changing the name to follow the lowerCamelCase style • lib/dependencies.dart:830:15 • non_constant_identifier_names
   info • The variable name 'server_type_label' isn't a lowerCamelCase identifier. Try changing the name to follow the lowerCamelCase style • lib/dependencies.dart:831:15 • non_constant_identifier_names
   info • The variable name 'server_icon_label' isn't a lowerCamelCase identifier. Try changing the name to follow the lowerCamelCase style • lib/dependencies.dart:832:15 • non_constant_identifier_names
   info • The variable name 'default_icon' isn't a lowerCamelCase identifier. Try changing the name to follow the lowerCamelCase style • lib/dependencies.dart:833:15 • non_constant_identifier_names
   info • The variable name 'server_type_lm_studio_display' isn't a lowerCamelCase identifier. Try changing the name to follow the lowerCamelCase style • lib/dependencies.dart:834:15 • non_constant_identifier_names
   info • The variable name 'server_type_openai_display' isn't a lowerCamelCase identifier. Try changing the name to follow the lowerCamelCase style • lib/dependencies.dart:835:15 • non_constant_identifier_names
   info • The variable name 'server_type_ollama_display' isn't a lowerCamelCase identifier. Try changing the name to follow the lowerCamelCase style • lib/dependencies.dart:836:15 • non_constant_identifier_names
   info • The variable name 'server_type_openrouter_display' isn't a lowerCamelCase identifier. Try changing the name to follow the lowerCamelCase style • lib/dependencies.dart:837:15 • non_constant_identifier_names
   info • The variable name 'server_type_on_device_display' isn't a lowerCamelCase identifier. Try changing the name to follow the lowerCamelCase style • lib/dependencies.dart:838:15 • non_constant_identifier_names
   info • The variable name 'server_address_openrouter' isn't a lowerCamelCase identifier. Try changing the name to follow the lowerCamelCase style • lib/dependencies.dart:839:15 • non_constant_identifier_names
   info • The variable name 'server_address_on_device' isn't a lowerCamelCase identifier. Try changing the name to follow the lowerCamelCase style • lib/dependencies.dart:840:15 • non_constant_identifier_names
   info • The variable name 'default_badge' isn't a lowerCamelCase identifier. Try changing the name to follow the lowerCamelCase style • lib/dependencies.dart:841:15 • non_constant_identifier_names
   info • The variable name 'set_as_default' isn't a lowerCamelCase identifier. Try changing the name to follow the lowerCamelCase style • lib/dependencies.dart:842:15 • non_constant_identifier_names
   info • The variable name 'select_icon' isn't a lowerCamelCase identifier. Try changing the name to follow the lowerCamelCase style • lib/dependencies.dart:843:15 • non_constant_identifier_names
   info • The variable name 'select_icon_desc' isn't a lowerCamelCase identifier. Try changing the name to follow the lowerCamelCase style • lib/dependencies.dart:844:15 • non_constant_identifier_names
   info • The variable name 'search_icons_hint' isn't a lowerCamelCase identifier. Try changing the name to follow the lowerCamelCase style • lib/dependencies.dart:845:15 • non_constant_identifier_names
   info • The variable name 'server_icon_stack' isn't a lowerCamelCase identifier. Try changing the name to follow the lowerCamelCase style • lib/dependencies.dart:846:15 • non_constant_identifier_names
   info • The variable name 'server_icon_stack2' isn't a lowerCamelCase identifier. Try changing the name to follow the lowerCamelCase style • lib/dependencies.dart:847:15 • non_constant_identifier_names
   info • The variable name 'server_icon_stack3' isn't a lowerCamelCase identifier. Try changing the name to follow the lowerCamelCase style • lib/dependencies.dart:848:15 • non_constant_identifier_names
   info • The variable name 'server_icon_cloud' isn't a lowerCamelCase identifier. Try changing the name to follow the lowerCamelCase style • lib/dependencies.dart:849:15 • non_constant_identifier_names
   info • The variable name 'server_icon_cloud_server' isn't a lowerCamelCase identifier. Try changing the name to follow the lowerCamelCase style • lib/dependencies.dart:850:15 • non_constant_identifier_names
   info • The variable name 'server_icon_mcp' isn't a lowerCamelCase identifier. Try changing the name to follow the lowerCamelCase style • lib/dependencies.dart:851:15 • non_constant_identifier_names
   info • The variable name 'server_icon_database' isn't a lowerCamelCase identifier. Try changing the name to follow the lowerCamelCase style • lib/dependencies.dart:852:15 • non_constant_identifier_names
   info • The variable name 'server_icon_database1' isn't a lowerCamelCase identifier. Try changing the name to follow the lowerCamelCase style • lib/dependencies.dart:853:15 • non_constant_identifier_names
   info • The variable name 'server_icon_database2' isn't a lowerCamelCase identifier. Try changing the name to follow the lowerCamelCase style • lib/dependencies.dart:854:15 • non_constant_identifier_names
   info • The variable name 'server_icon_cpu' isn't a lowerCamelCase identifier. Try changing the name to follow the lowerCamelCase style • lib/dependencies.dart:855:15 • non_constant_identifier_names
   info • The variable name 'server_icon_chip' isn't a lowerCamelCase identifier. Try changing the name to follow the lowerCamelCase style • lib/dependencies.dart:856:15 • non_constant_identifier_names
   info • The variable name 'server_icon_chip2' isn't a lowerCamelCase identifier. Try changing the name to follow the lowerCamelCase style • lib/dependencies.dart:857:15 • non_constant_identifier_names
   info • The variable name 'server_icon_computer' isn't a lowerCamelCase identifier. Try changing the name to follow the lowerCamelCase style • lib/dependencies.dart:858:15 • non_constant_identifier_names
   info • The variable name 'server_icon_laptop' isn't a lowerCamelCase identifier. Try changing the name to follow the lowerCamelCase style • lib/dependencies.dart:859:15 • non_constant_identifier_names
   info • The variable name 'server_icon_terminal' isn't a lowerCamelCase identifier. Try changing the name to follow the lowerCamelCase style • lib/dependencies.dart:860:15 • non_constant_identifier_names
   info • The variable name 'server_icon_code' isn't a lowerCamelCase identifier. Try changing the name to follow the lowerCamelCase style • lib/dependencies.dart:861:15 • non_constant_identifier_names
   info • The variable name 'server_icon_ai_brain' isn't a lowerCamelCase identifier. Try changing the name to follow the lowerCamelCase style • lib/dependencies.dart:862:15 • non_constant_identifier_names
   info • The variable name 'server_icon_ai_brain2' isn't a lowerCamelCase identifier. Try changing the name to follow the lowerCamelCase style • lib/dependencies.dart:863:15 • non_constant_identifier_names
   info • The variable name 'server_icon_ai_cloud' isn't a lowerCamelCase identifier. Try changing the name to follow the lowerCamelCase style • lib/dependencies.dart:864:15 • non_constant_identifier_names
   info • The variable name 'server_icon_ai_network' isn't a lowerCamelCase identifier. Try changing the name to follow the lowerCamelCase style • lib/dependencies.dart:865:15 • non_constant_identifier_names
   info • The variable name 'server_icon_ai_chat' isn't a lowerCamelCase identifier. Try changing the name to follow the lowerCamelCase style • lib/dependencies.dart:866:15 • non_constant_identifier_names
   info • The variable name 'server_icon_cellular' isn't a lowerCamelCase identifier. Try changing the name to follow the lowerCamelCase style • lib/dependencies.dart:867:15 • non_constant_identifier_names
   info • The variable name 'server_icon_plug1' isn't a lowerCamelCase identifier. Try changing the name to follow the lowerCamelCase style • lib/dependencies.dart:868:15 • non_constant_identifier_names
   info • The variable name 'server_icon_plug2' isn't a lowerCamelCase identifier. Try changing the name to follow the lowerCamelCase style • lib/dependencies.dart:869:15 • non_constant_identifier_names
   info • The variable name 'server_icon_bot' isn't a lowerCamelCase identifier. Try changing the name to follow the lowerCamelCase style • lib/dependencies.dart:870:15 • non_constant_identifier_names
   info • The variable name 'server_icon_bot2' isn't a lowerCamelCase identifier. Try changing the name to follow the lowerCamelCase style • lib/dependencies.dart:871:15 • non_constant_identifier_names
   info • The variable name 'server_icon_robotic' isn't a lowerCamelCase identifier. Try changing the name to follow the lowerCamelCase style • lib/dependencies.dart:872:15 • non_constant_identifier_names
   info • The variable name 'server_icon_rocket' isn't a lowerCamelCase identifier. Try changing the name to follow the lowerCamelCase style • lib/dependencies.dart:873:15 • non_constant_identifier_names
   info • The variable name 'server_icon_star' isn't a lowerCamelCase identifier. Try changing the name to follow the lowerCamelCase style • lib/dependencies.dart:874:15 • non_constant_identifier_names
   info • The variable name 'server_icon_settings1' isn't a lowerCamelCase identifier. Try changing the name to follow the lowerCamelCase style • lib/dependencies.dart:875:15 • non_constant_identifier_names
   info • The variable name 'server_icon_settings2' isn't a lowerCamelCase identifier. Try changing the name to follow the lowerCamelCase style • lib/dependencies.dart:876:15 • non_constant_identifier_names
   info • The variable name 'server_icon_home1' isn't a lowerCamelCase identifier. Try changing the name to follow the lowerCamelCase style • lib/dependencies.dart:877:15 • non_constant_identifier_names
   info • The variable name 'server_icon_home2' isn't a lowerCamelCase identifier. Try changing the name to follow the lowerCamelCase style • lib/dependencies.dart:878:15 • non_constant_identifier_names
   info • The variable name 'server_icon_folder1' isn't a lowerCamelCase identifier. Try changing the name to follow the lowerCamelCase style • lib/dependencies.dart:879:15 • non_constant_identifier_names
   info • The variable name 'server_icon_folder2' isn't a lowerCamelCase identifier. Try changing the name to follow the lowerCamelCase style • lib/dependencies.dart:880:15 • non_constant_identifier_names
   info • The variable name 'server_icon_file1' isn't a lowerCamelCase identifier. Try changing the name to follow the lowerCamelCase style • lib/dependencies.dart:881:15 • non_constant_identifier_names
   info • The variable name 'server_icon_lock' isn't a lowerCamelCase identifier. Try changing the name to follow the lowerCamelCase style • lib/dependencies.dart:882:15 • non_constant_identifier_names
   info • The variable name 'server_icon_key' isn't a lowerCamelCase identifier. Try changing the name to follow the lowerCamelCase style • lib/dependencies.dart:883:15 • non_constant_identifier_names
   info • The variable name 'server_icon_link' isn't a lowerCamelCase identifier. Try changing the name to follow the lowerCamelCase style • lib/dependencies.dart:884:15 • non_constant_identifier_names
   info • The variable name 'server_icon_globe' isn't a lowerCamelCase identifier. Try changing the name to follow the lowerCamelCase style • lib/dependencies.dart:885:15 • non_constant_identifier_names
   info • The variable name 'server_icon_api' isn't a lowerCamelCase identifier. Try changing the name to follow the lowerCamelCase style • lib/dependencies.dart:886:15 • non_constant_identifier_names
   info • The variable name 'server_icon_arrow_right' isn't a lowerCamelCase identifier. Try changing the name to follow the lowerCamelCase style • lib/dependencies.dart:887:15 • non_constant_identifier_names
   info • The variable name 'server_icon_check' isn't a lowerCamelCase identifier. Try changing the name to follow the lowerCamelCase style • lib/dependencies.dart:888:15 • non_constant_identifier_names
   info • The variable name 'server_icon_alert' isn't a lowerCamelCase identifier. Try changing the name to follow the lowerCamelCase style • lib/dependencies.dart:889:15 • non_constant_identifier_names
   info • The variable name 'server_icon_info' isn't a lowerCamelCase identifier. Try changing the name to follow the lowerCamelCase style • lib/dependencies.dart:890:15 • non_constant_identifier_names
   info • The variable name 'server_icon_zap' isn't a lowerCamelCase identifier. Try changing the name to follow the lowerCamelCase style • lib/dependencies.dart:891:15 • non_constant_identifier_names
   info • The variable name 'server_icon_cloud_upload' isn't a lowerCamelCase identifier. Try changing the name to follow the lowerCamelCase style • lib/dependencies.dart:892:15 • non_constant_identifier_names
   info • The variable name 'server_icon_cloud_download' isn't a lowerCamelCase identifier. Try changing the name to follow the lowerCamelCase style • lib/dependencies.dart:893:15 • non_constant_identifier_names
   info • The variable name 'server_icon_refresh' isn't a lowerCamelCase identifier. Try changing the name to follow the lowerCamelCase style • lib/dependencies.dart:894:15 • non_constant_identifier_names
   info • The variable name 'server_icon_hard_drive' isn't a lowerCamelCase identifier. Try changing the name to follow the lowerCamelCase style • lib/dependencies.dart:895:15 • non_constant_identifier_names
   info • The variable name 'server_icon_drive' isn't a lowerCamelCase identifier. Try changing the name to follow the lowerCamelCase style • lib/dependencies.dart:896:15 • non_constant_identifier_names
   info • The variable name 'personas_title' isn't a lowerCamelCase identifier. Try changing the name to follow the lowerCamelCase style • lib/dependencies.dart:897:15 • non_constant_identifier_names
   info • The variable name 'persona_category_general' isn't a lowerCamelCase identifier. Try changing the name to follow the lowerCamelCase style • lib/dependencies.dart:898:15 • non_constant_identifier_names
   info • The variable name 'persona_category_coding' isn't a lowerCamelCase identifier. Try changing the name to follow the lowerCamelCase style • lib/dependencies.dart:899:15 • non_constant_identifier_names
   info • The variable name 'persona_category_education' isn't a lowerCamelCase identifier. Try changing the name to follow the lowerCamelCase style • lib/dependencies.dart:900:15 • non_constant_identifier_names
   info • The variable name 'persona_category_creative' isn't a lowerCamelCase identifier. Try changing the name to follow the lowerCamelCase style • lib/dependencies.dart:901:15 • non_constant_identifier_names
   info • The variable name 'persona_builtin_section' isn't a lowerCamelCase identifier. Try changing the name to follow the lowerCamelCase style • lib/dependencies.dart:902:15 • non_constant_identifier_names
   info • The variable name 'persona_my_section' isn't a lowerCamelCase identifier. Try changing the name to follow the lowerCamelCase style • lib/dependencies.dart:903:15 • non_constant_identifier_names
   info • The variable name 'clone_edit' isn't a lowerCamelCase identifier. Try changing the name to follow the lowerCamelCase style • lib/dependencies.dart:904:15 • non_constant_identifier_names
   info • The variable name 'builtin_badge' isn't a lowerCamelCase identifier. Try changing the name to follow the lowerCamelCase style • lib/dependencies.dart:905:15 • non_constant_identifier_names
   info • The variable name 'no_personas_found' isn't a lowerCamelCase identifier. Try changing the name to follow the lowerCamelCase style • lib/dependencies.dart:906:15 • non_constant_identifier_names
   info • The variable name 'no_personas_desc' isn't a lowerCamelCase identifier. Try changing the name to follow the lowerCamelCase style • lib/dependencies.dart:907:15 • non_constant_identifier_names
   info • The variable name 'edit_persona' isn't a lowerCamelCase identifier. Try changing the name to follow the lowerCamelCase style • lib/dependencies.dart:909:15 • non_constant_identifier_names
   info • The variable name 'create_persona' isn't a lowerCamelCase identifier. Try changing the name to follow the lowerCamelCase style • lib/dependencies.dart:910:15 • non_constant_identifier_names
   info • The variable name 'create_persona_button' isn't a lowerCamelCase identifier. Try changing the name to follow the lowerCamelCase style • lib/dependencies.dart:911:15 • non_constant_identifier_names
   info • The variable name 'emoji_label' isn't a lowerCamelCase identifier. Try changing the name to follow the lowerCamelCase style • lib/dependencies.dart:912:15 • non_constant_identifier_names
   info • The variable name 'name_label' isn't a lowerCamelCase identifier. Try changing the name to follow the lowerCamelCase style • lib/dependencies.dart:913:15 • non_constant_identifier_names
   info • The variable name 'my_persona_hint' isn't a lowerCamelCase identifier. Try changing the name to follow the lowerCamelCase style • lib/dependencies.dart:914:15 • non_constant_identifier_names
   info • The variable name 'category_label' isn't a lowerCamelCase identifier. Try changing the name to follow the lowerCamelCase style • lib/dependencies.dart:915:15 • non_constant_identifier_names
   info • The variable name 'description_optional' isn't a lowerCamelCase identifier. Try changing the name to follow the lowerCamelCase style • lib/dependencies.dart:916:15 • non_constant_identifier_names
   info • The variable name 'description_hint' isn't a lowerCamelCase identifier. Try changing the name to follow the lowerCamelCase style • lib/dependencies.dart:917:15 • non_constant_identifier_names
   info • The variable name 'system_prompt' isn't a lowerCamelCase identifier. Try changing the name to follow the lowerCamelCase style • lib/dependencies.dart:918:15 • non_constant_identifier_names
   info • The variable name 'no_prompt_placeholder' isn't a lowerCamelCase identifier. Try changing the name to follow the lowerCamelCase style • lib/dependencies.dart:919:15 • non_constant_identifier_names
   info • The variable name 'prompt_hint' isn't a lowerCamelCase identifier. Try changing the name to follow the lowerCamelCase style • lib/dependencies.dart:920:15 • non_constant_identifier_names
   info • The variable name 'prompt_required' isn't a lowerCamelCase identifier. Try changing the name to follow the lowerCamelCase style • lib/dependencies.dart:921:15 • non_constant_identifier_names
   info • The variable name 'prompt_max_chars' isn't a lowerCamelCase identifier. Try changing the name to follow the lowerCamelCase style • lib/dependencies.dart:922:15 • non_constant_identifier_names
   info • The variable name 'advanced_settings' isn't a lowerCamelCase identifier. Try changing the name to follow the lowerCamelCase style • lib/dependencies.dart:923:15 • non_constant_identifier_names
   info • The variable name 'temperature_label' isn't a lowerCamelCase identifier. Try changing the name to follow the lowerCamelCase style • lib/dependencies.dart:924:15 • non_constant_identifier_names
   info • The variable name 'top_p_label' isn't a lowerCamelCase identifier. Try changing the name to follow the lowerCamelCase style • lib/dependencies.dart:925:15 • non_constant_identifier_names
   info • The variable name 'temp_hint' isn't a lowerCamelCase identifier. Try changing the name to follow the lowerCamelCase style • lib/dependencies.dart:926:15 • non_constant_identifier_names
   info • The variable name 'top_p_hint' isn't a lowerCamelCase identifier. Try changing the name to follow the lowerCamelCase style • lib/dependencies.dart:927:15 • non_constant_identifier_names
   info • The variable name 'persona_updated' isn't a lowerCamelCase identifier. Try changing the name to follow the lowerCamelCase style • lib/dependencies.dart:930:15 • non_constant_identifier_names
   info • The variable name 'persona_created' isn't a lowerCamelCase identifier. Try changing the name to follow the lowerCamelCase style • lib/dependencies.dart:931:15 • non_constant_identifier_names
   info • The variable name 'tts_models_title' isn't a lowerCamelCase identifier. Try changing the name to follow the lowerCamelCase style • lib/dependencies.dart:932:15 • non_constant_identifier_names
   info • The variable name 'always_available' isn't a lowerCamelCase identifier. Try changing the name to follow the lowerCamelCase style • lib/dependencies.dart:933:15 • non_constant_identifier_names
   info • The variable name 'tts_system_desc' isn't a lowerCamelCase identifier. Try changing the name to follow the lowerCamelCase style • lib/dependencies.dart:934:15 • non_constant_identifier_names
   info • The variable name 'downloading_status' isn't a lowerCamelCase identifier. Try changing the name to follow the lowerCamelCase style • lib/dependencies.dart:936:15 • non_constant_identifier_names
   info • The variable name 'on_device_models_title' isn't a lowerCamelCase identifier. Try changing the name to follow the lowerCamelCase style • lib/dependencies.dart:937:15 • non_constant_identifier_names
   info • The variable name 'available_models' isn't a lowerCamelCase identifier. Try changing the name to follow the lowerCamelCase style • lib/dependencies.dart:938:15 • non_constant_identifier_names
   info • The variable name 'device_memory' isn't a lowerCamelCase identifier. Try changing the name to follow the lowerCamelCase style • lib/dependencies.dart:939:15 • non_constant_identifier_names
   info • The variable name 'ram_usage' isn't a lowerCamelCase identifier. Try changing the name to follow the lowerCamelCase style • lib/dependencies.dart:940:15 • non_constant_identifier_names
   info • The variable name 'memory_healthy' isn't a lowerCamelCase identifier. Try changing the name to follow the lowerCamelCase style • lib/dependencies.dart:941:15 • non_constant_identifier_names
   info • The variable name 'memory_critical' isn't a lowerCamelCase identifier. Try changing the name to follow the lowerCamelCase style • lib/dependencies.dart:942:15 • non_constant_identifier_names
   info • The variable name 'memory_low' isn't a lowerCamelCase identifier. Try changing the name to follow the lowerCamelCase style • lib/dependencies.dart:943:15 • non_constant_identifier_names
   info • The variable name 'available_ram' isn't a lowerCamelCase identifier. Try changing the name to follow the lowerCamelCase style • lib/dependencies.dart:944:15 • non_constant_identifier_names
   info • The variable name 'total_capacity' isn't a lowerCamelCase identifier. Try changing the name to follow the lowerCamelCase style • lib/dependencies.dart:945:15 • non_constant_identifier_names
   info • The variable name 'loaded_status' isn't a lowerCamelCase identifier. Try changing the name to follow the lowerCamelCase style • lib/dependencies.dart:946:15 • non_constant_identifier_names
   info • The variable name 'inference_backend' isn't a lowerCamelCase identifier. Try changing the name to follow the lowerCamelCase style • lib/dependencies.dart:947:15 • non_constant_identifier_names
   info • The variable name 'backend_ios_notice' isn't a lowerCamelCase identifier. Try changing the name to follow the lowerCamelCase style • lib/dependencies.dart:948:15 • non_constant_identifier_names
   info • The variable name 'backend_cpu_desc' isn't a lowerCamelCase identifier. Try changing the name to follow the lowerCamelCase style • lib/dependencies.dart:949:15 • non_constant_identifier_names
   info • The variable name 'backend_gpu_desc' isn't a lowerCamelCase identifier. Try changing the name to follow the lowerCamelCase style • lib/dependencies.dart:950:15 • non_constant_identifier_names
   info • The variable name 'backend_npu_desc' isn't a lowerCamelCase identifier. Try changing the name to follow the lowerCamelCase style • lib/dependencies.dart:952:15 • non_constant_identifier_names
   info • The variable name 'select_model_title' isn't a lowerCamelCase identifier. Try changing the name to follow the lowerCamelCase style • lib/dependencies.dart:954:15 • non_constant_identifier_names
   info • The variable name 'refresh_models' isn't a lowerCamelCase identifier. Try changing the name to follow the lowerCamelCase style • lib/dependencies.dart:955:15 • non_constant_identifier_names
   info • The variable name 'search_models_hint' isn't a lowerCamelCase identifier. Try changing the name to follow the lowerCamelCase style • lib/dependencies.dart:956:15 • non_constant_identifier_names
   info • The variable name 'no_server_connected' isn't a lowerCamelCase identifier. Try changing the name to follow the lowerCamelCase style • lib/dependencies.dart:957:15 • non_constant_identifier_names
   info • The variable name 'add_server_first' isn't a lowerCamelCase identifier. Try changing the name to follow the lowerCamelCase style • lib/dependencies.dart:958:15 • non_constant_identifier_names
   info • The variable name 'failed_load_models' isn't a lowerCamelCase identifier. Try changing the name to follow the lowerCamelCase style • lib/dependencies.dart:959:15 • non_constant_identifier_names
   info • The variable name 'no_models_available' isn't a lowerCamelCase identifier. Try changing the name to follow the lowerCamelCase style • lib/dependencies.dart:960:15 • non_constant_identifier_names
   info • The variable name 'unload_from_server' isn't a lowerCamelCase identifier. Try changing the name to follow the lowerCamelCase style • lib/dependencies.dart:961:15 • non_constant_identifier_names
   info • The variable name 'download_complete_notification' isn't a lowerCamelCase identifier. Try changing the name to follow the lowerCamelCase style • lib/dependencies.dart:962:15 • non_constant_identifier_names
   info • The variable name 'engine_name_system' isn't a lowerCamelCase identifier. Try changing the name to follow the lowerCamelCase style • lib/dependencies.dart:963:15 • non_constant_identifier_names
   info • The variable name 'engine_tagline_system' isn't a lowerCamelCase identifier. Try changing the name to follow the lowerCamelCase style • lib/dependencies.dart:964:15 • non_constant_identifier_names
   info • The variable name 'engine_name_kitten' isn't a lowerCamelCase identifier. Try changing the name to follow the lowerCamelCase style • lib/dependencies.dart:965:15 • non_constant_identifier_names
   info • The variable name 'engine_tagline_kitten' isn't a lowerCamelCase identifier. Try changing the name to follow the lowerCamelCase style • lib/dependencies.dart:966:15 • non_constant_identifier_names
   info • The variable name 'engine_name_sherpa' isn't a lowerCamelCase identifier. Try changing the name to follow the lowerCamelCase style • lib/dependencies.dart:967:15 • non_constant_identifier_names
   info • The variable name 'engine_tagline_sherpa' isn't a lowerCamelCase identifier. Try changing the name to follow the lowerCamelCase style • lib/dependencies.dart:968:15 • non_constant_identifier_names
   info • The variable name 'voice_jasper' isn't a lowerCamelCase identifier. Try changing the name to follow the lowerCamelCase style • lib/dependencies.dart:969:15 • non_constant_identifier_names
   info • The variable name 'voice_bella' isn't a lowerCamelCase identifier. Try changing the name to follow the lowerCamelCase style • lib/dependencies.dart:970:15 • non_constant_identifier_names
   info • The variable name 'voice_bruno' isn't a lowerCamelCase identifier. Try changing the name to follow the lowerCamelCase style • lib/dependencies.dart:971:15 • non_constant_identifier_names
   info • The variable name 'voice_luna' isn't a lowerCamelCase identifier. Try changing the name to follow the lowerCamelCase style • lib/dependencies.dart:972:15 • non_constant_identifier_names
   info • The variable name 'voice_hugo' isn't a lowerCamelCase identifier. Try changing the name to follow the lowerCamelCase style • lib/dependencies.dart:973:15 • non_constant_identifier_names
   info • The variable name 'voice_rosie' isn't a lowerCamelCase identifier. Try changing the name to follow the lowerCamelCase style • lib/dependencies.dart:974:15 • non_constant_identifier_names
   info • The variable name 'voice_leo' isn't a lowerCamelCase identifier. Try changing the name to follow the lowerCamelCase style • lib/dependencies.dart:975:15 • non_constant_identifier_names
   info • The variable name 'voice_kiki' isn't a lowerCamelCase identifier. Try changing the name to follow the lowerCamelCase style • lib/dependencies.dart:976:15 • non_constant_identifier_names
   info • The variable name 'voice_lessac' isn't a lowerCamelCase identifier. Try changing the name to follow the lowerCamelCase style • lib/dependencies.dart:977:15 • non_constant_identifier_names
   info • The variable name 'voice_ryan' isn't a lowerCamelCase identifier. Try changing the name to follow the lowerCamelCase style • lib/dependencies.dart:978:15 • non_constant_identifier_names
   info • The variable name 'model_qwen_3' isn't a lowerCamelCase identifier. Try changing the name to follow the lowerCamelCase style • lib/dependencies.dart:979:15 • non_constant_identifier_names
   info • The variable name 'model_qwen_3_desc' isn't a lowerCamelCase identifier. Try changing the name to follow the lowerCamelCase style • lib/dependencies.dart:980:15 • non_constant_identifier_names
   info • The variable name 'model_license_apache' isn't a lowerCamelCase identifier. Try changing the name to follow the lowerCamelCase style • lib/dependencies.dart:982:15 • non_constant_identifier_names
   info • The variable name 'model_qwen_25' isn't a lowerCamelCase identifier. Try changing the name to follow the lowerCamelCase style • lib/dependencies.dart:983:15 • non_constant_identifier_names
   info • The variable name 'model_qwen_25_desc' isn't a lowerCamelCase identifier. Try changing the name to follow the lowerCamelCase style • lib/dependencies.dart:984:15 • non_constant_identifier_names
   info • The variable name 'model_deepseek' isn't a lowerCamelCase identifier. Try changing the name to follow the lowerCamelCase style • lib/dependencies.dart:986:15 • non_constant_identifier_names
   info • The variable name 'model_deepseek_desc' isn't a lowerCamelCase identifier. Try changing the name to follow the lowerCamelCase style • lib/dependencies.dart:987:15 • non_constant_identifier_names
   info • The variable name 'model_license_mit' isn't a lowerCamelCase identifier. Try changing the name to follow the lowerCamelCase style • lib/dependencies.dart:989:15 • non_constant_identifier_names
   info • The variable name 'model_gemma' isn't a lowerCamelCase identifier. Try changing the name to follow the lowerCamelCase style • lib/dependencies.dart:990:15 • non_constant_identifier_names
   info • The variable name 'model_gemma_desc' isn't a lowerCamelCase identifier. Try changing the name to follow the lowerCamelCase style • lib/dependencies.dart:991:15 • non_constant_identifier_names
   info • The variable name 'export_role_user' isn't a lowerCamelCase identifier. Try changing the name to follow the lowerCamelCase style • lib/dependencies.dart:993:15 • non_constant_identifier_names
   info • The variable name 'export_role_assistant' isn't a lowerCamelCase identifier. Try changing the name to follow the lowerCamelCase style • lib/dependencies.dart:994:15 • non_constant_identifier_names
   info • The variable name 'export_role_system' isn't a lowerCamelCase identifier. Try changing the name to follow the lowerCamelCase style • lib/dependencies.dart:995:15 • non_constant_identifier_names
   info • The variable name 'export_role_tool' isn't a lowerCamelCase identifier. Try changing the name to follow the lowerCamelCase style • lib/dependencies.dart:996:15 • non_constant_identifier_names
   info • The variable name 'export_text_user' isn't a lowerCamelCase identifier. Try changing the name to follow the lowerCamelCase style • lib/dependencies.dart:997:15 • non_constant_identifier_names
   info • The variable name 'export_text_assistant' isn't a lowerCamelCase identifier. Try changing the name to follow the lowerCamelCase style • lib/dependencies.dart:998:15 • non_constant_identifier_names
   info • The variable name 'export_text_system' isn't a lowerCamelCase identifier. Try changing the name to follow the lowerCamelCase style • lib/dependencies.dart:999:15 • non_constant_identifier_names
   info • The variable name 'export_text_tool' isn't a lowerCamelCase identifier. Try changing the name to follow the lowerCamelCase style • lib/dependencies.dart:1000:15 • non_constant_identifier_names
   info • The variable name 'export_label_user' isn't a lowerCamelCase identifier. Try changing the name to follow the lowerCamelCase style • lib/dependencies.dart:1001:15 • non_constant_identifier_names
   info • The variable name 'export_label_assistant' isn't a lowerCamelCase identifier. Try changing the name to follow the lowerCamelCase style • lib/dependencies.dart:1002:15 • non_constant_identifier_names
   info • The variable name 'export_label_system' isn't a lowerCamelCase identifier. Try changing the name to follow the lowerCamelCase style • lib/dependencies.dart:1003:15 • non_constant_identifier_names
   info • The variable name 'export_label_tool' isn't a lowerCamelCase identifier. Try changing the name to follow the lowerCamelCase style • lib/dependencies.dart:1004:15 • non_constant_identifier_names
   info • The variable name 'select_model_hint' isn't a lowerCamelCase identifier. Try changing the name to follow the lowerCamelCase style • lib/dependencies.dart:1005:15 • non_constant_identifier_names
   info • The variable name 'test_notification_title' isn't a lowerCamelCase identifier. Try changing the name to follow the lowerCamelCase style • lib/dependencies.dart:1006:15 • non_constant_identifier_names
   info • The variable name 'test_notification_body' isn't a lowerCamelCase identifier. Try changing the name to follow the lowerCamelCase style • lib/dependencies.dart:1007:15 • non_constant_identifier_names
   info • The variable name 'delete_model_body' isn't a lowerCamelCase identifier. Try changing the name to follow the lowerCamelCase style • lib/dependencies.dart:1010:11 • non_constant_identifier_names
   info • The variable name 'delete_model_body_with_size' isn't a lowerCamelCase identifier. Try changing the name to follow the lowerCamelCase style • lib/dependencies.dart:1011:11 • non_constant_identifier_names
   info • The variable name 'delete_voice_body' isn't a lowerCamelCase identifier. Try changing the name to follow the lowerCamelCase style • lib/dependencies.dart:1012:11 • non_constant_identifier_names
   info • The variable name 'delete_server_body' isn't a lowerCamelCase identifier. Try changing the name to follow the lowerCamelCase style • lib/dependencies.dart:1013:11 • non_constant_identifier_names
   info • The variable name 'delete_conversation_body' isn't a lowerCamelCase identifier. Try changing the name to follow the lowerCamelCase style • lib/dependencies.dart:1014:11 • non_constant_identifier_names
   info • The variable name 'delete_persona_title' isn't a lowerCamelCase identifier. Try changing the name to follow the lowerCamelCase style • lib/dependencies.dart:1015:11 • non_constant_identifier_names
   info • The variable name 'label_completed' isn't a lowerCamelCase identifier. Try changing the name to follow the lowerCamelCase style • lib/dependencies.dart:1016:11 • non_constant_identifier_names
   info • The variable name 'error_with_message' isn't a lowerCamelCase identifier. Try changing the name to follow the lowerCamelCase style • lib/dependencies.dart:1017:11 • non_constant_identifier_names
   info • The variable name 'preview_failed' isn't a lowerCamelCase identifier. Try changing the name to follow the lowerCamelCase style • lib/dependencies.dart:1018:11 • non_constant_identifier_names
   info • The variable name 'loading_model' isn't a lowerCamelCase identifier. Try changing the name to follow the lowerCamelCase style • lib/dependencies.dart:1019:11 • non_constant_identifier_names
   info • The variable name 'model_loaded' isn't a lowerCamelCase identifier. Try changing the name to follow the lowerCamelCase style • lib/dependencies.dart:1020:11 • non_constant_identifier_names
   info • The variable name 'loading_model_error' isn't a lowerCamelCase identifier. Try changing the name to follow the lowerCamelCase style • lib/dependencies.dart:1021:11 • non_constant_identifier_names
   info • The variable name 'tool_label' isn't a lowerCamelCase identifier. Try changing the name to follow the lowerCamelCase style • lib/dependencies.dart:1022:11 • non_constant_identifier_names
   info • The variable name 'character_count' isn't a lowerCamelCase identifier. Try changing the name to follow the lowerCamelCase style • lib/dependencies.dart:1023:11 • non_constant_identifier_names
   info • The variable name 'conversation_minutes_ago' isn't a lowerCamelCase identifier. Try changing the name to follow the lowerCamelCase style • lib/dependencies.dart:1024:11 • non_constant_identifier_names
   info • The variable name 'conversation_hours_ago' isn't a lowerCamelCase identifier. Try changing the name to follow the lowerCamelCase style • lib/dependencies.dart:1025:11 • non_constant_identifier_names
   info • The variable name 'conversation_days_ago' isn't a lowerCamelCase identifier. Try changing the name to follow the lowerCamelCase style • lib/dependencies.dart:1026:11 • non_constant_identifier_names
   info • The variable name 'conversation_date' isn't a lowerCamelCase identifier. Try changing the name to follow the lowerCamelCase style • lib/dependencies.dart:1027:11 • non_constant_identifier_names
   info • The variable name 'setup_connection_desc' isn't a lowerCamelCase identifier. Try changing the name to follow the lowerCamelCase style • lib/dependencies.dart:1028:11 • non_constant_identifier_names
   info • The variable name 'ram_min_required' isn't a lowerCamelCase identifier. Try changing the name to follow the lowerCamelCase style • lib/dependencies.dart:1029:11 • non_constant_identifier_names
   info • The variable name 'download_progress' isn't a lowerCamelCase identifier. Try changing the name to follow the lowerCamelCase style • lib/dependencies.dart:1030:11 • non_constant_identifier_names
   info • The variable name 'eta_label' isn't a lowerCamelCase identifier. Try changing the name to follow the lowerCamelCase style • lib/dependencies.dart:1031:11 • non_constant_identifier_names
   info • The variable name 'paused_progress' isn't a lowerCamelCase identifier. Try changing the name to follow the lowerCamelCase style • lib/dependencies.dart:1032:11 • non_constant_identifier_names
   info • The variable name 'ram_warning_body_download' isn't a lowerCamelCase identifier. Try changing the name to follow the lowerCamelCase style • lib/dependencies.dart:1033:11 • non_constant_identifier_names
   info • The variable name 'ram_warning_body_load' isn't a lowerCamelCase identifier. Try changing the name to follow the lowerCamelCase style • lib/dependencies.dart:1034:11 • non_constant_identifier_names
   info • The variable name 'switched_to_server' isn't a lowerCamelCase identifier. Try changing the name to follow the lowerCamelCase style • lib/dependencies.dart:1035:11 • non_constant_identifier_names
   info • The variable name 'server_address_format' isn't a lowerCamelCase identifier. Try changing the name to follow the lowerCamelCase style • lib/dependencies.dart:1036:11 • non_constant_identifier_names
   info • The variable name 'character_count_max' isn't a lowerCamelCase identifier. Try changing the name to follow the lowerCamelCase style • lib/dependencies.dart:1037:11 • non_constant_identifier_names
   info • The variable name 'tts_kitten_desc' isn't a lowerCamelCase identifier. Try changing the name to follow the lowerCamelCase style • lib/dependencies.dart:1038:11 • non_constant_identifier_names
   info • The variable name 'tts_piper_desc' isn't a lowerCamelCase identifier. Try changing the name to follow the lowerCamelCase style • lib/dependencies.dart:1039:11 • non_constant_identifier_names
   info • The variable name 'engine_spec' isn't a lowerCamelCase identifier. Try changing the name to follow the lowerCamelCase style • lib/dependencies.dart:1040:11 • non_constant_identifier_names
   info • The variable name 'ram_used' isn't a lowerCamelCase identifier. Try changing the name to follow the lowerCamelCase style • lib/dependencies.dart:1041:11 • non_constant_identifier_names
   info • The variable name 'no_models_match' isn't a lowerCamelCase identifier. Try changing the name to follow the lowerCamelCase style • lib/dependencies.dart:1042:11 • non_constant_identifier_names
   info • The variable name 'model_load_failed' isn't a lowerCamelCase identifier. Try changing the name to follow the lowerCamelCase style • lib/dependencies.dart:1043:11 • non_constant_identifier_names
   info • The variable name 'model_unloaded_ollama' isn't a lowerCamelCase identifier. Try changing the name to follow the lowerCamelCase style • lib/dependencies.dart:1044:11 • non_constant_identifier_names
   info • The variable name 'model_unloaded_success' isn't a lowerCamelCase identifier. Try changing the name to follow the lowerCamelCase style • lib/dependencies.dart:1045:11 • non_constant_identifier_names
   info • The variable name 'model_unload_failed' isn't a lowerCamelCase identifier. Try changing the name to follow the lowerCamelCase style • lib/dependencies.dart:1046:11 • non_constant_identifier_names
   info • The variable name 'context_chip' isn't a lowerCamelCase identifier. Try changing the name to follow the lowerCamelCase style • lib/dependencies.dart:1047:11 • non_constant_identifier_names
   info • The variable name 'download_notification_title' isn't a lowerCamelCase identifier. Try changing the name to follow the lowerCamelCase style • lib/dependencies.dart:1048:11 • non_constant_identifier_names
   info • The variable name 'download_complete_body' isn't a lowerCamelCase identifier. Try changing the name to follow the lowerCamelCase style • lib/dependencies.dart:1049:11 • non_constant_identifier_names
   info • The variable name 'download_failed_notification' isn't a lowerCamelCase identifier. Try changing the name to follow the lowerCamelCase style • lib/dependencies.dart:1050:11 • non_constant_identifier_names
   info • The variable name 'download_failed_body' isn't a lowerCamelCase identifier. Try changing the name to follow the lowerCamelCase style • lib/dependencies.dart:1051:11 • non_constant_identifier_names
   info • The variable name 'export_header' isn't a lowerCamelCase identifier. Try changing the name to follow the lowerCamelCase style • lib/dependencies.dart:1052:11 • non_constant_identifier_names
   info • The variable name 'enable_smart_reply' isn't a lowerCamelCase identifier. Try changing the name to follow the lowerCamelCase style • lib/dependencies.dart:1053:15 • non_constant_identifier_names
   info • The variable name 'onboarding_choose_language' isn't a lowerCamelCase identifier. Try changing the name to follow the lowerCamelCase style • lib/dependencies.dart:1054:15 • non_constant_identifier_names
   info • The variable name 'onboarding_choose_language_desc' isn't a lowerCamelCase identifier. Try changing the name to follow the lowerCamelCase style • lib/dependencies.dart:1055:15 • non_constant_identifier_names
   info • The variable name 'onboarding_welcome' isn't a lowerCamelCase identifier. Try changing the name to follow the lowerCamelCase style • lib/dependencies.dart:1057:15 • non_constant_identifier_names
   info • The variable name 'beta_label' isn't a lowerCamelCase identifier. Try changing the name to follow the lowerCamelCase style • lib/dependencies.dart:1058:15 • non_constant_identifier_names
   info • The variable name 'experimental_label' isn't a lowerCamelCase identifier. Try changing the name to follow the lowerCamelCase style • lib/dependencies.dart:1059:15 • non_constant_identifier_names
   info • Library names are not necessary. Remove the library name • lib/generated_widget.dart:2:9 • unnecessary_library_name
   info • Constructors in '@immutable' classes should be declared as 'const'. Try adding 'const' to the constructor declaration • lib/generated_widget.dart:11:3 • prefer_const_constructors_in_immutables

[spm]: Injecting profiler code...
[spm]: Starting app...
Running Gradle task 'assembleProfile'...                        
Running Gradle task 'assembleProfile'...                           20.4s
✓ Built build/app/outputs/flutter-apk/app-profile.apk (26.8MB)
Installing build/app/outputs/flutter-apk/app-profile.apk...      1,284ms
D/DecorView[](15230): getWindowModeFromSystem  windowmode is 1
D/DecorView[](15230): getWindowModeFromSystem  windowmode is 1
D/DecorView[](15230): updateDecorCaptionStatus displayWindowDecor is false
W/Looper  (15230): PerfMonitor looperActivity : package=com.example.benchmark_container/.MainActivity time=374ms latency=370ms running=0ms  procState=-1  historyMsgCount=2 (msgIndex=1 wall=374ms seq=4 late=370ms h=android.app.ActivityThread$H w=159) (msgIndex=2 wall=382ms seq=3 h=android.app.ActivityThread$H w=110)
W/Looper  (15230): PerfMonitor looperActivity : package=com.example.benchmark_container/.MainActivity time=0ms latency=746ms running=0ms  procState=-1  historyMsgCount=4 (msgIndex=2 wall=374ms seq=4 late=370ms h=android.app.ActivityThread$H w=159) (msgIndex=3 wall=382ms seq=3 h=android.app.ActivityThread$H w=110) (msgIndex=4 wall=374ms seq=4 late=370ms h=android.app.ActivityThread$H w=159)
D/SurfaceView(15230): UPDATE null, mIsCastMode = false
D/hw-ProcessState(15230): Binder ioctl to enable oneway spam detection failed: Invalid argument
W/Looper  (15230): PerfMonitor longMsg : seq=8 plan=09:10:39.634 late=388ms wall=1647ms running=0ms h=android.view.Choreographer$FrameHandler c=android.view.Choreographer$FrameDisplayEventReceiver procState=-1
W/Looper  (15230): PerfMonitor doFrame : time=1647ms vsyncFrame=0 latency=388ms procState=-1 historyMsgCount=7 (msgIndex=2 wall=374ms seq=4 h=android.app.ActivityThread$H w=159) (msgIndex=3 wall=1647ms seq=8 late=388ms h=android.view.Choreographer$FrameHandler c=android.view.Choreographer$FrameDisplayEventReceiver) (msgIndex=4 wall=374ms seq=4 h=android.app.ActivityThread$H w=159)
I/Choreographer(15230): Skipped 93 frames!  The application may be doing too much work on its main thread.
D/SurfaceView(15230): UPDATE Surface(name=SurfaceView[com.example.benchmark_container/com.example.benchmark_container.MainActivity])/@0x739554a, mIsProjectionMode = false
W/Looper  (15230): PerfMonitor doFrame : time=3ms vsyncFrame=0 latency=1558ms procState=-1 historyMsgCount=4
[spm]: Connected to Dart VM service.
I/flutter (15230): 00:00 +0: Performance Benchmark
E/hmark_containe(15230): open libmigui.so failed! dlopen - dlopen failed: library "libmigui.so" not found
D/hmark_containe(15230): MiuiProcessManagerServiceStub setSchedFifo
I/MiuiProcessManagerImpl(15230): setSchedFifo pid:15230, mode:3
D/DecorView[](15230): onWindowFocusChanged hasWindowFocus true
D/DecorView[](15230): getWindowModeFromSystem  windowmode is 1
D/DecorView[](15230): updateDecorCaptionStatus displayWindowDecor is false
D/ProfileInstaller(15230): Installing profile for com.example.benchmark_container
[spm]: ProfilerData event received.
I/flutter (15230): [SPM:perf] 698a51a  buildSpan: 4089µs
I/flutter (15230): [spm] Performance monitoring completed for 698a51a
[spm]: ProfilerData event received.
I/flutter (15230): [SPM:perf] 698a51a  buildSpan: 2339µs
I/flutter (15230): [spm] Performance monitoring completed for 698a51a
[spm]: ProfilerData event received.
I/flutter (15230): [SPM:perf] 698a51a  buildSpan: 3167µs
I/flutter (15230): [spm] Performance monitoring completed for 698a51a
I/flutter (15230): [SPM:perf] 698a51a  buildSpan: 10936µs
I/flutter (15230): [spm] Performance monitoring completed for 698a51a
[spm]: ProfilerData event received.
[spm]: ProfilerData event received.
I/flutter (15230): [SPM:perf] 698a51a  buildSpan: 3681µs
I/flutter (15230): [spm] Performance monitoring completed for 698a51a
I/flutter (15230): [SPM:perf] 698a51a  buildSpan: 2924µs
I/flutter (15230): [spm] Performance monitoring completed for 698a51a
[spm]: ProfilerData event received.
I/flutter (15230): [SPM:perf] 698a51a  buildSpan: 3848µs
I/flutter (15230): [spm] Performance monitoring completed for 698a51a
[spm]: ProfilerData event received.
[spm]: ProfilerData event received.
I/flutter (15230): [SPM:perf] 698a51a  buildSpan: 2701µs
I/flutter (15230): [spm] Performance monitoring completed for 698a51a
[spm]: ProfilerData event received.
I/flutter (15230): [SPM:perf] 698a51a  buildSpan: 3297µs
I/flutter (15230): [spm] Performance monitoring completed for 698a51a
[spm]: ProfilerData event received.
I/flutter (15230): [SPM:perf] 698a51a  buildSpan: 3188µs
I/flutter (15230): [spm] Performance monitoring completed for 698a51a
[spm]: ProfilerData event received.
I/flutter (15230): [SPM:perf] 698a51a  buildSpan: 3394µs
I/flutter (15230): [spm] Performance monitoring completed for 698a51a
I/flutter (15230): [SPM:perf] 698a51a  buildSpan: 3553µs
[spm]: ProfilerData event received.
I/flutter (15230): [spm] Performance monitoring completed for 698a51a
[spm]: ProfilerData event received.
I/flutter (15230): [SPM:perf] 698a51a  buildSpan: 2728µs
I/flutter (15230): [spm] Performance monitoring completed for 698a51a
[spm]: ProfilerData event received.
I/flutter (15230): [SPM:perf] 698a51a  buildSpan: 3317µs
I/flutter (15230): [spm] Performance monitoring completed for 698a51a
[spm]: ProfilerData event received.
I/flutter (15230): [SPM:perf] 698a51a  buildSpan: 3284µs
I/flutter (15230): [spm] Performance monitoring completed for 698a51a
[spm]: ProfilerData event received.
I/flutter (15230): [SPM:perf] 698a51a  buildSpan: 3386µs
I/flutter (15230): [spm] Performance monitoring completed for 698a51a
[spm]: ProfilerData event received.
I/flutter (15230): [SPM:perf] 698a51a  buildSpan: 3272µs
I/flutter (15230): [spm] Performance monitoring completed for 698a51a
[spm]: ProfilerData event received.
I/flutter (15230): [SPM:perf] 698a51a  buildSpan: 2646µs
I/flutter (15230): [spm] Performance monitoring completed for 698a51a
[spm]: ProfilerData event received.
I/flutter (15230): [SPM:perf] 698a51a  buildSpan: 2734µs
I/flutter (15230): [spm] Performance monitoring completed for 698a51a
[spm]: ProfilerData event received.
I/flutter (15230): [SPM:perf] 698a51a  buildSpan: 3691µs
I/flutter (15230): [spm] Performance monitoring completed for 698a51a
[spm]: ProfilerData event received.
I/flutter (15230): [SPM:perf] 698a51a  buildSpan: 3571µs
I/flutter (15230): [spm] Performance monitoring completed for 698a51a
[spm]: ProfilerData event received.
I/flutter (15230): [SPM:perf] 698a51a  buildSpan: 3324µs
I/flutter (15230): [spm] Performance monitoring completed for 698a51a
[spm]: ProfilerData event received.
I/flutter (15230): [SPM:perf] 698a51a  buildSpan: 3343µs
I/flutter (15230): [spm] Performance monitoring completed for 698a51a
[spm]: ProfilerData event received.
I/flutter (15230): [SPM:perf] 698a51a  buildSpan: 3086µs
I/flutter (15230): [spm] Performance monitoring completed for 698a51a
[spm]: ProfilerData event received.
I/flutter (15230): [SPM:perf] 698a51a  buildSpan: 2789µs
I/flutter (15230): [spm] Performance monitoring completed for 698a51a
I/flutter (15230): [SPM:perf] 698a51a  buildSpan: 2713µs
[spm]: ProfilerData event received.
I/flutter (15230): [spm] Performance monitoring completed for 698a51a
[spm]: ProfilerData event received.
I/flutter (15230): [SPM:perf] 698a51a  buildSpan: 2293µs
I/flutter (15230): [spm] Performance monitoring completed for 698a51a
[spm]: ProfilerData event received.
I/flutter (15230): [SPM:perf] 698a51a  buildSpan: 1953µs
I/flutter (15230): [spm] Performance monitoring completed for 698a51a
[spm]: ProfilerData event received.
I/flutter (15230): [SPM:perf] 698a51a  buildSpan: 3356µs
I/flutter (15230): [spm] Performance monitoring completed for 698a51a
[spm]: ProfilerData event received.
I/flutter (15230): [SPM:perf] 698a51a  buildSpan: 3326µs
I/flutter (15230): [spm] Performance monitoring completed for 698a51a
I/flutter (15230): 01:10 +1: (tearDownAll)
I/flutter (15230): 01:11 +2: All tests passed!
All tests passed.
[spm]: Saved 30 profiler events to <ROOT>/dataset-new_samples/0609/redmi9t/raw/20260911-085317/rev_007_39cfa6cf/e3.jsonl
[spm]: Reverting injection...
451 issues found. (ran in 0.6s)
WARNING: Your Android app project: app located at: <ROOT>/android/app/build.gradle.kts
applies the Kotlin Gradle Plugin, which will cause build failures in future versions of Flutter. 
Please migrate your app to Built-in Kotlin using this guide: https://docs.flutter.dev/release/breaking-changes/migrate-to-built-in-kotlin/for-app-developers

VMServiceFlutterDriver: Connecting to Flutter application at http://127.0.0.1:41141/teOwAsnHid0=/
[spm]: Detected VM service URI: ws://127.0.0.1:41141/teOwAsnHid0=/ws
VMServiceFlutterDriver: Isolate found with number: 989117624558975
VMServiceFlutterDriver: Isolate 989117624558975 is runnable.
VMServiceFlutterDriver: Isolate is paused at start.
VMServiceFlutterDriver: Attempting to resume isolate
VMServiceFlutterDriver: Connected to Flutter application.
VMServiceFlutterDriver: request_data message is taking a long time to complete...