iso_ts,epoch,elapsed_s,batt_level,batt_status,batt_temp_c,soc_temp_c,current_ma,event
2026-08-15T00:41:23+03:00,1786743683,0,79,3,33.6,55.0,,run
2026-08-15T00:41:28+03:00,1786743688,5,79,3,33.6,45.4,,run
2026-08-15T00:41:33+03:00,1786743693,10,79,3,33.6,45.1,,run
2026-08-15T00:41:39+03:00,1786743699,16,79,3,33.6,43.9,,run
2026-08-15T00:41:44+03:00,1786743704,21,79,3,33.6,44.8,,run
2026-08-15T00:41:49+03:00,1786743709,26,79,3,33.6,42.6,,run
2026-08-15T00:41:54+03:00,1786743714,31,79,3,33.6,42.9,,run
2026-08-15T00:41:59+03:00,1786743719,36,79,3,33.6,42.3,,run
2026-08-15T00:42:05+03:00,1786743725,42,79,3,33.6,43.2,,run
2026-08-15T00:42:10+03:00,1786743730,47,79,3,33.6,42.9,,run
2026-08-15T00:42:15+03:00,1786743735,52,79,3,33.6,43.2,,run
2026-08-15T00:42:20+03:00,1786743740,57,79,3,33.6,42.0,,run
2026-08-15T00:42:26+03:00,1786743746,63,79,3,33.6,53.8,,run
2026-08-15T00:42:31+03:00,1786743751,68,79,3,33.6,45.4,,run
2026-08-15T00:42:36+03:00,1786743756,73,79,3,33.6,43.6,,run
2026-08-15T00:42:41+03:00,1786743761,78,79,3,33.6,43.6,,run
2026-08-15T00:42:47+03:00,1786743767,84,79,3,33.6,45.1,,run
2026-08-15T00:42:52+03:00,1786743772,89,79,3,33.6,43.2,,run
2026-08-15T00:42:57+03:00,1786743777,94,79,3,33.6,42.9,,run
2026-08-15T00:43:02+03:00,1786743782,99,79,3,33.6,42.0,,run
2026-08-15T00:43:07+03:00,1786743787,104,79,3,33.6,42.6,,run
2026-08-15T00:43:13+03:00,1786743793,110,79,3,33.6,43.6,,run
2026-08-15T00:43:18+03:00,1786743798,115,79,3,33.6,42.3,,run
2026-08-15T00:43:23+03:00,1786743803,120,79,3,33.6,42.3,,run
2026-08-15T00:43:28+03:00,1786743808,125,79,3,33.6,41.4,,run
2026-08-15T00:43:34+03:00,1786743814,131,79,3,33.6,42.6,,run
2026-08-15T00:43:39+03:00,1786743819,136,79,3,33.6,48.5,,run
2026-08-15T00:43:44+03:00,1786743824,141,79,3,33.6,54.7,,run
2026-08-15T00:43:49+03:00,1786743829,146,79,3,33.6,49.1,,run
2026-08-15T00:43:55+03:00,1786743835,152,79,3,33.6,43.9,,run
2026-08-15T00:44:00+03:00,1786743840,157,79,3,33.6,42.0,,run
2026-08-15T00:44:05+03:00,1786743845,162,79,3,33.6,40.8,,run
2026-08-15T00:44:10+03:00,1786743850,167,78,3,32.3,40.2,,run
2026-08-15T00:44:16+03:00,1786743856,173,78,3,32.3,42.0,,run
2026-08-15T00:44:21+03:00,1786743861,178,78,3,32.3,42.0,,run
2026-08-15T00:44:26+03:00,1786743866,183,78,3,32.3,42.9,,run
2026-08-15T00:44:31+03:00,1786743871,188,78,3,32.3,50.1,,run
2026-08-15T00:44:37+03:00,1786743877,194,78,3,32.3,42.9,,run
2026-08-15T00:44:42+03:00,1786743882,199,78,3,32.3,42.0,,run
2026-08-15T00:44:47+03:00,1786743887,204,78,3,32.3,41.4,,run
2026-08-15T00:44:52+03:00,1786743892,209,78,3,32.3,42.0,,run
2026-08-15T00:44:58+03:00,1786743898,215,78,3,32.3,42.3,,run
2026-08-15T00:45:03+03:00,1786743903,220,78,3,32.3,42.0,,run
2026-08-15T00:45:08+03:00,1786743908,225,78,3,32.3,42.0,,run
2026-08-15T00:45:13+03:00,1786743913,230,78,3,32.3,42.3,,run
2026-08-15T00:45:18+03:00,1786743918,235,78,3,32.3,40.8,,run
2026-08-15T00:45:24+03:00,1786743924,241,78,3,32.3,42.9,,run
2026-08-15T00:45:29+03:00,1786743929,246,78,3,32.3,42.3,,run
2026-08-15T00:45:34+03:00,1786743934,251,78,3,32.3,42.0,,run
2026-08-15T00:45:39+03:00,1786743939,256,78,3,32.3,41.7,,run
2026-08-15T00:45:45+03:00,1786743945,262,78,3,32.3,49.7,,run
2026-08-15T00:45:50+03:00,1786743950,267,78,3,32.3,43.6,,run
2026-08-15T00:45:55+03:00,1786743955,272,78,3,32.3,42.3,,run
2026-08-15T00:46:01+03:00,1786743961,278,78,3,32.3,42.6,,run
2026-08-15T00:46:06+03:00,1786743966,283,78,3,32.3,41.1,,run
2026-08-15T00:46:11+03:00,1786743971,288,78,3,32.3,39.5,,run
2026-08-15T00:46:16+03:00,1786743976,293,78,3,32.3,39.8,,run
2026-08-15T00:46:22+03:00,1786743982,299,78,3,32.3,40.5,,run
2026-08-15T00:46:27+03:00,1786743987,304,78,3,32.3,39.8,,run
2026-08-15T00:46:32+03:00,1786743992,309,78,3,32.3,51.9,,run
2026-08-15T00:46:38+03:00,1786743998,315,78,3,32.3,44.5,,run
2026-08-15T00:46:43+03:00,1786744003,320,78,3,32.3,42.0,,run
2026-08-15T00:46:48+03:00,1786744008,325,78,3,32.3,41.1,,run
2026-08-15T00:46:54+03:00,1786744014,331,78,3,32.3,41.7,,run
2026-08-15T00:46:59+03:00,1786744019,336,78,3,32.3,40.5,,run
2026-08-15T00:47:04+03:00,1786744024,341,78,3,32.3,42.9,,run
2026-08-15T00:47:09+03:00,1786744029,346,78,3,32.3,42.3,,run
2026-08-15T00:47:15+03:00,1786744035,352,78,3,32.3,42.0,,run
2026-08-15T00:47:20+03:00,1786744040,357,78,3,32.3,41.7,,run
2026-08-15T00:47:25+03:00,1786744045,362,78,3,32.3,41.4,,run
2026-08-15T00:47:30+03:00,1786744050,367,78,3,32.3,42.6,,run
2026-08-15T00:47:35+03:00,1786744055,372,78,3,32.3,42.6,,run
2026-08-15T00:47:41+03:00,1786744061,378,78,3,32.3,41.1,,run
2026-08-15T00:47:46+03:00,1786744066,383,78,3,32.3,43.6,,run
2026-08-15T00:47:51+03:00,1786744071,388,78,3,32.3,52.2,,run
2026-08-15T00:47:57+03:00,1786744077,394,78,3,32.3,45.1,,run
2026-08-15T00:48:02+03:00,1786744082,399,78,3,32.3,44.2,,run
2026-08-15T00:48:07+03:00,1786744087,404,78,3,32.3,41.7,,run
2026-08-15T00:48:12+03:00,1786744092,409,78,3,32.3,41.4,,run
2026-08-15T00:48:18+03:00,1786744098,415,78,3,32.3,40.2,,run
2026-08-15T00:48:23+03:00,1786744103,420,78,3,32.3,39.8,,run
2026-08-15T00:48:28+03:00,1786744108,425,78,3,32.3,39.2,,run
2026-08-15T00:48:33+03:00,1786744113,430,78,3,32.3,38.6,,run
2026-08-15T00:48:39+03:00,1786744119,436,78,3,32.3,52.2,,run
2026-08-15T00:48:44+03:00,1786744124,441,78,3,32.3,43.9,,run
2026-08-15T00:48:49+03:00,1786744129,446,78,3,32.3,42.9,,run
2026-08-15T00:48:54+03:00,1786744134,451,78,3,32.3,43.9,,run
2026-08-15T00:49:00+03:00,1786744140,457,78,3,32.3,44.5,,run
2026-08-15T00:49:05+03:00,1786744145,462,78,3,32.3,42.0,,run
2026-08-15T00:49:10+03:00,1786744150,467,78,3,32.3,42.6,,run
2026-08-15T00:49:15+03:00,1786744155,472,78,3,32.3,43.9,,run
2026-08-15T00:49:21+03:00,1786744161,478,78,3,32.3,43.2,,run
2026-08-15T00:49:26+03:00,1786744166,483,78,3,32.3,43.9,,run
2026-08-15T00:49:31+03:00,1786744171,488,78,3,32.3,42.6,,run
2026-08-15T00:49:36+03:00,1786744176,493,78,3,32.3,42.3,,run
2026-08-15T00:49:41+03:00,1786744181,498,78,3,32.3,42.3,,run
2026-08-15T00:49:47+03:00,1786744187,504,78,3,32.3,43.9,,run
2026-08-15T00:49:52+03:00,1786744192,509,78,3,32.3,49.7,,run
2026-08-15T00:49:57+03:00,1786744197,514,78,3,32.3,51.0,,run
2026-08-15T00:50:03+03:00,1786744203,520,78,3,32.3,45.7,,run
2026-08-15T00:50:08+03:00,1786744208,525,78,3,32.3,41.7,,run
2026-08-15T00:50:13+03:00,1786744213,530,78,3,32.3,40.5,,run
2026-08-15T00:50:18+03:00,1786744218,535,78,3,32.3,40.8,,run
2026-08-15T00:50:23+03:00,1786744223,540,78,3,32.3,42.0,,run
2026-08-15T00:50:29+03:00,1786744229,546,78,3,32.3,39.8,,run
2026-08-15T00:50:34+03:00,1786744234,551,78,3,32.3,38.6,,run
2026-08-15T00:50:39+03:00,1786744239,556,78,3,32.3,42.6,,run
2026-08-15T00:50:45+03:00,1786744245,562,78,3,32.3,44.8,,run
2026-08-15T00:50:50+03:00,1786744250,567,78,3,32.3,41.1,,run
2026-08-15T00:50:55+03:00,1786744255,572,78,3,32.3,41.1,,run
2026-08-15T00:51:00+03:00,1786744260,577,78,3,32.3,42.3,,run
2026-08-15T00:51:05+03:00,1786744265,582,78,3,32.3,40.8,,run
2026-08-15T00:51:11+03:00,1786744271,588,78,3,32.3,40.2,,run
2026-08-15T00:51:16+03:00,1786744276,593,78,3,32.3,39.2,,run
2026-08-15T00:51:21+03:00,1786744281,598,78,3,30.6,40.5,,run
2026-08-15T00:51:26+03:00,1786744286,603,78,3,30.6,42.6,,run
2026-08-15T00:51:32+03:00,1786744292,609,78,3,30.6,41.1,,run
2026-08-15T00:51:37+03:00,1786744297,614,78,3,30.6,40.5,,run
2026-08-15T00:51:42+03:00,1786744302,619,78,3,30.6,39.8,,run
2026-08-15T00:51:47+03:00,1786744307,624,78,3,30.6,39.8,,run
2026-08-15T00:51:52+03:00,1786744312,629,78,3,30.6,40.8,,run
2026-08-15T00:51:58+03:00,1786744318,635,78,3,30.6,49.7,,run
2026-08-15T00:52:03+03:00,1786744323,640,78,3,30.6,44.2,,run
2026-08-15T00:52:09+03:00,1786744329,646,78,3,30.6,42.3,,run
2026-08-15T00:52:14+03:00,1786744334,651,78,3,30.6,39.5,,run
2026-08-15T00:52:19+03:00,1786744339,656,78,3,30.6,38.9,,run
2026-08-15T00:52:24+03:00,1786744344,661,78,3,30.6,39.5,,run
2026-08-15T00:52:30+03:00,1786744350,667,78,3,30.6,40.8,,run
2026-08-15T00:52:35+03:00,1786744355,672,78,3,30.6,39.5,,run
2026-08-15T00:52:40+03:00,1786744360,677,77,3,30.7,39.2,,run
2026-08-15T00:52:45+03:00,1786744365,682,77,3,30.7,51.6,,run
2026-08-15T00:52:51+03:00,1786744371,688,77,3,30.7,44.5,,run
2026-08-15T00:52:56+03:00,1786744376,693,77,3,30.7,40.8,,run
2026-08-15T00:53:01+03:00,1786744381,698,77,3,30.7,42.3,,run
2026-08-15T00:53:07+03:00,1786744387,704,77,3,30.7,40.5,,run
2026-08-15T00:53:12+03:00,1786744392,709,77,3,30.7,40.5,,run
2026-08-15T00:53:17+03:00,1786744397,714,77,3,30.7,40.5,,run
2026-08-15T00:53:22+03:00,1786744402,719,77,3,30.7,39.5,,run
2026-08-15T00:53:28+03:00,1786744408,725,77,3,30.7,41.1,,run
2026-08-15T00:53:33+03:00,1786744413,730,77,3,30.7,41.1,,run
2026-08-15T00:53:38+03:00,1786744418,735,77,3,30.7,39.5,,run
2026-08-15T00:53:43+03:00,1786744423,740,77,3,30.7,39.2,,run
2026-08-15T00:53:49+03:00,1786744429,746,77,3,30.7,39.2,,run
2026-08-15T00:53:54+03:00,1786744434,751,77,3,30.7,39.8,,run
2026-08-15T00:53:59+03:00,1786744439,756,77,3,30.7,45.7,,run
2026-08-15T00:54:04+03:00,1786744444,761,77,3,30.7,51.3,,run
2026-08-15T00:54:10+03:00,1786744450,767,77,3,30.7,45.7,,run
2026-08-15T00:54:15+03:00,1786744455,772,77,3,30.7,40.8,,run
2026-08-15T00:54:20+03:00,1786744460,777,77,3,30.7,39.8,,run
2026-08-15T00:54:25+03:00,1786744465,782,77,3,30.7,39.2,,run
2026-08-15T00:54:31+03:00,1786744471,788,77,3,30.7,38.9,,run
2026-08-15T00:54:36+03:00,1786744476,793,77,3,30.7,38.6,,run
2026-08-15T00:54:41+03:00,1786744481,798,77,3,30.7,40.2,,run
2026-08-15T00:54:46+03:00,1786744486,803,77,3,30.7,42.9,,run
2026-08-15T00:54:52+03:00,1786744492,809,77,3,30.7,51.0,,run
2026-08-15T00:54:57+03:00,1786744497,814,77,3,30.7,41.7,,run
2026-08-15T00:55:02+03:00,1786744502,819,77,3,30.7,41.7,,run
2026-08-15T00:55:07+03:00,1786744507,824,77,3,30.7,39.8,,run
2026-08-15T00:55:13+03:00,1786744513,830,77,3,30.7,45.4,,run
2026-08-15T00:55:18+03:00,1786744518,835,77,3,30.7,40.2,,run
2026-08-15T00:55:23+03:00,1786744523,840,77,3,30.7,40.8,,run
2026-08-15T00:55:28+03:00,1786744528,845,77,3,30.7,39.8,,run
2026-08-15T00:55:33+03:00,1786744533,850,77,3,30.7,40.8,,run
2026-08-15T00:55:39+03:00,1786744539,856,77,3,30.7,41.1,,run
2026-08-15T00:55:44+03:00,1786744544,861,77,3,30.7,40.8,,run
2026-08-15T00:55:49+03:00,1786744549,866,77,3,30.7,39.8,,run
2026-08-15T00:55:54+03:00,1786744554,871,77,3,30.7,39.8,,run
2026-08-15T00:56:00+03:00,1786744560,877,77,3,30.7,39.2,,run
2026-08-15T00:56:05+03:00,1786744565,882,77,3,30.7,49.7,,run
2026-08-15T00:56:10+03:00,1786744570,887,77,3,30.7,42.0,,run
2026-08-15T00:56:16+03:00,1786744576,893,77,3,30.7,42.0,,run
2026-08-15T00:56:21+03:00,1786744581,898,77,3,30.7,40.2,,run
2026-08-15T00:56:26+03:00,1786744586,903,77,3,30.7,38.9,,run
2026-08-15T00:56:31+03:00,1786744591,908,77,3,30.7,38.9,,run
2026-08-15T00:56:37+03:00,1786744597,914,77,3,30.7,38.9,,run
2026-08-15T00:56:42+03:00,1786744602,919,77,3,30.7,41.4,,run
2026-08-15T00:56:47+03:00,1786744607,924,77,3,30.7,39.2,,run
2026-08-15T00:56:52+03:00,1786744612,929,77,3,30.7,50.4,,run
2026-08-15T00:56:58+03:00,1786744618,935,77,3,30.7,43.2,,run
2026-08-15T00:57:03+03:00,1786744623,940,77,3,30.7,40.2,,run
2026-08-15T00:57:08+03:00,1786744628,945,77,3,30.7,39.5,,run
2026-08-15T00:57:13+03:00,1786744633,950,77,3,30.7,40.8,,run
2026-08-15T00:57:19+03:00,1786744639,956,77,3,30.7,42.6,,run
2026-08-15T00:57:24+03:00,1786744644,961,77,3,30.7,40.2,,run
2026-08-15T00:57:29+03:00,1786744649,966,77,3,30.7,41.1,,run
2026-08-15T00:57:34+03:00,1786744654,971,77,3,30.7,40.5,,run
2026-08-15T00:57:39+03:00,1786744659,976,77,3,30.7,40.5,,run
2026-08-15T00:57:45+03:00,1786744665,982,77,3,30.7,40.8,,run
2026-08-15T00:57:50+03:00,1786744670,987,77,3,30.7,40.8,,run
2026-08-15T00:57:55+03:00,1786744675,992,77,3,30.7,39.8,,run
2026-08-15T00:58:00+03:00,1786744680,997,77,3,30.7,39.8,,run
2026-08-15T00:58:06+03:00,1786744686,1003,77,3,30.7,47.6,,run
2026-08-15T00:58:11+03:00,1786744691,1008,77,3,30.7,52.2,,run
2026-08-15T00:58:16+03:00,1786744696,1013,77,3,30.7,45.7,,run
2026-08-15T00:58:21+03:00,1786744701,1018,77,3,30.7,41.1,,run
2026-08-15T00:58:27+03:00,1786744707,1024,77,3,30.7,41.4,,run
2026-08-15T00:58:32+03:00,1786744712,1029,77,3,30.7,40.5,,run
2026-08-15T00:58:37+03:00,1786744717,1034,77,3,30.7,39.5,,run
2026-08-15T00:58:42+03:00,1786744722,1039,77,3,30.7,39.2,,run
2026-08-15T00:58:48+03:00,1786744728,1045,77,3,30.7,38.6,,run
2026-08-15T00:58:53+03:00,1786744733,1050,77,3,30.7,42.3,,run
2026-08-15T00:58:58+03:00,1786744738,1055,77,3,30.7,49.1,,run
2026-08-15T00:59:03+03:00,1786744743,1060,77,3,30.7,42.6,,run
2026-08-15T00:59:09+03:00,1786744749,1066,77,3,30.7,40.2,,run
2026-08-15T00:59:14+03:00,1786744754,1071,77,3,30.7,40.5,,run
2026-08-15T00:59:19+03:00,1786744759,1076,77,3,30.7,39.5,,run
2026-08-15T00:59:24+03:00,1786744764,1081,77,3,30.7,40.8,,run
2026-08-15T00:59:30+03:00,1786744770,1087,77,3,30.7,41.7,,run
2026-08-15T00:59:35+03:00,1786744775,1092,77,3,30.7,39.8,,run
2026-08-15T00:59:40+03:00,1786744780,1097,77,3,30.7,40.8,,run
2026-08-15T00:59:45+03:00,1786744785,1102,77,3,30.7,39.5,,run
2026-08-15T00:59:50+03:00,1786744790,1107,77,3,30.7,39.8,,run
2026-08-15T00:59:56+03:00,1786744796,1113,77,3,30.7,40.8,,run
2026-08-15T01:00:01+03:00,1786744801,1118,77,3,30.7,41.1,,run
2026-08-15T01:00:06+03:00,1786744806,1123,77,3,30.7,39.2,,run
2026-08-15T01:00:11+03:00,1786744811,1128,77,3,30.7,48.2,,run
2026-08-15T01:00:17+03:00,1786744817,1134,77,3,30.7,42.3,,run
2026-08-15T01:00:22+03:00,1786744822,1139,77,3,30.7,43.6,,run
2026-08-15T01:00:27+03:00,1786744827,1144,77,3,30.7,38.9,,run
2026-08-15T01:00:33+03:00,1786744833,1150,77,3,30.7,41.1,,run
2026-08-15T01:00:38+03:00,1786744838,1155,77,3,30.7,39.5,,run
2026-08-15T01:00:43+03:00,1786744843,1160,77,3,30.7,38.9,,run
2026-08-15T01:00:48+03:00,1786744848,1165,77,3,30.7,37.7,,run
2026-08-15T01:00:54+03:00,1786744854,1171,77,3,30.7,38.6,,run
2026-08-15T01:00:59+03:00,1786744859,1176,77,3,30.7,50.7,,run
2026-08-15T01:01:04+03:00,1786744864,1181,77,3,30.7,44.2,,run
2026-08-15T01:01:10+03:00,1786744870,1187,77,3,30.7,40.2,,run
2026-08-15T01:01:15+03:00,1786744875,1192,77,3,30.7,39.8,,run
2026-08-15T01:01:20+03:00,1786744880,1197,77,3,30.7,40.5,,run
2026-08-15T01:01:25+03:00,1786744885,1202,77,3,29.8,40.5,,run
2026-08-15T01:01:30+03:00,1786744890,1207,77,3,29.8,40.5,,run
2026-08-15T01:01:36+03:00,1786744896,1213,77,3,29.8,39.8,,run
2026-08-15T01:01:41+03:00,1786744901,1218,77,3,29.8,39.8,,run
2026-08-15T01:01:46+03:00,1786744906,1223,77,3,29.8,39.2,,run
2026-08-15T01:01:51+03:00,1786744911,1228,77,3,29.8,38.9,,run
2026-08-15T01:01:57+03:00,1786744917,1234,77,3,29.8,39.2,,run
2026-08-15T01:02:02+03:00,1786744922,1239,77,3,29.8,40.2,,run
2026-08-15T01:02:07+03:00,1786744927,1244,77,3,29.8,39.2,,run
2026-08-15T01:02:12+03:00,1786744932,1249,77,3,29.8,43.2,,run
2026-08-15T01:02:18+03:00,1786744938,1255,76,3,29.7,51.0,,run
2026-08-15T01:02:23+03:00,1786744943,1260,76,3,29.7,44.2,,run
2026-08-15T01:02:28+03:00,1786744948,1265,76,3,29.7,38.6,,run
2026-08-15T01:02:33+03:00,1786744953,1270,76,3,29.7,38.9,,run
2026-08-15T01:02:39+03:00,1786744959,1276,76,3,29.7,39.2,,run
2026-08-15T01:02:44+03:00,1786744964,1281,76,3,29.7,38.0,,run
2026-08-15T01:02:49+03:00,1786744969,1286,76,3,29.7,37.7,,run
2026-08-15T01:02:54+03:00,1786744974,1291,76,3,29.7,37.7,,run
2026-08-15T01:03:00+03:00,1786744980,1297,76,3,29.7,39.8,,run
2026-08-15T01:03:05+03:00,1786744985,1302,76,3,29.7,47.9,,run
2026-08-15T01:03:10+03:00,1786744990,1307,76,3,29.7,42.6,,run
2026-08-15T01:03:15+03:00,1786744995,1312,76,3,29.7,40.5,,run
2026-08-15T01:03:21+03:00,1786745001,1318,76,3,29.7,40.2,,run
2026-08-15T01:03:26+03:00,1786745006,1323,76,3,29.7,38.9,,run
2026-08-15T01:03:31+03:00,1786745011,1328,76,3,29.7,40.8,,run
2026-08-15T01:03:36+03:00,1786745016,1333,76,3,29.7,40.2,,run
2026-08-15T01:03:42+03:00,1786745022,1339,76,3,29.7,40.8,,run
2026-08-15T01:03:47+03:00,1786745027,1344,76,3,29.7,39.2,,run
2026-08-15T01:03:52+03:00,1786745032,1349,76,3,29.7,38.9,,run
2026-08-15T01:03:57+03:00,1786745037,1354,76,3,29.7,39.8,,run
2026-08-15T01:04:03+03:00,1786745043,1360,76,3,29.7,38.3,,run
2026-08-15T01:04:08+03:00,1786745048,1365,76,3,29.7,41.1,,run
2026-08-15T01:04:13+03:00,1786745053,1370,76,3,29.7,38.6,,run
2026-08-15T01:04:18+03:00,1786745058,1375,76,3,29.7,49.1,,run
2026-08-15T01:04:24+03:00,1786745064,1381,76,3,29.7,42.6,,run
2026-08-15T01:04:29+03:00,1786745069,1386,76,3,29.7,41.4,,run
2026-08-15T01:04:34+03:00,1786745074,1391,76,3,29.7,39.5,,run
2026-08-15T01:04:40+03:00,1786745080,1397,76,3,29.7,38.6,,run
2026-08-15T01:04:45+03:00,1786745085,1402,76,3,29.7,38.9,,run
2026-08-15T01:04:50+03:00,1786745090,1407,76,3,29.7,38.0,,run
2026-08-15T01:04:55+03:00,1786745095,1412,76,3,29.7,38.6,,run
2026-08-15T01:05:00+03:00,1786745100,1417,76,3,29.7,37.7,,run
2026-08-15T01:05:06+03:00,1786745106,1423,76,3,29.7,53.1,,run
2026-08-15T01:05:11+03:00,1786745111,1428,76,3,29.7,43.2,,run
2026-08-15T01:05:17+03:00,1786745117,1434,76,3,29.7,40.2,,run
2026-08-15T01:05:22+03:00,1786745122,1439,76,3,29.7,39.2,,run
2026-08-15T01:05:27+03:00,1786745127,1444,76,3,29.7,39.5,,run
2026-08-15T01:05:32+03:00,1786745132,1449,76,3,29.7,39.5,,run
2026-08-15T01:05:38+03:00,1786745138,1455,76,3,29.7,39.8,,run
2026-08-15T01:05:43+03:00,1786745143,1460,76,3,29.7,39.5,,run
2026-08-15T01:05:48+03:00,1786745148,1465,76,3,29.7,38.6,,run
2026-08-15T01:05:53+03:00,1786745153,1470,76,3,29.7,39.5,,run
2026-08-15T01:05:58+03:00,1786745158,1475,76,3,29.7,39.8,,run
2026-08-15T01:06:04+03:00,1786745164,1481,76,3,29.7,38.3,,run
2026-08-15T01:06:09+03:00,1786745169,1486,76,3,29.7,41.1,,run
2026-08-15T01:06:14+03:00,1786745174,1491,76,3,29.7,39.5,,run
2026-08-15T01:06:19+03:00,1786745179,1496,76,3,29.7,42.9,,run
2026-08-15T01:06:25+03:00,1786745185,1502,76,3,29.7,52.8,,run
2026-08-15T01:06:30+03:00,1786745190,1507,76,3,29.7,42.9,,run
2026-08-15T01:06:35+03:00,1786745195,1512,76,3,29.7,39.8,,run
2026-08-15T01:06:40+03:00,1786745200,1517,76,3,29.7,38.9,,run
2026-08-15T01:06:46+03:00,1786745206,1523,76,3,29.7,38.3,,run
2026-08-15T01:06:51+03:00,1786745211,1528,76,3,29.7,38.3,,run
2026-08-15T01:06:56+03:00,1786745216,1533,76,3,29.7,37.4,,run
2026-08-15T01:07:01+03:00,1786745221,1538,76,3,29.7,37.7,,run
2026-08-15T01:07:07+03:00,1786745227,1544,76,3,29.7,39.8,,run
2026-08-15T01:07:12+03:00,1786745232,1549,76,3,29.7,48.5,,run
2026-08-15T01:07:17+03:00,1786745237,1554,76,3,29.7,41.7,,run
2026-08-15T01:07:23+03:00,1786745243,1560,76,3,29.7,40.5,,run
2026-08-15T01:07:28+03:00,1786745248,1565,76,3,29.7,39.2,,run
2026-08-15T01:07:33+03:00,1786745253,1570,76,3,29.7,38.6,,run
2026-08-15T01:07:38+03:00,1786745258,1575,76,3,29.7,38.3,,run
2026-08-15T01:07:43+03:00,1786745263,1580,76,3,29.7,38.0,,run
2026-08-15T01:07:49+03:00,1786745269,1586,76,3,29.7,40.2,,run
2026-08-15T01:07:54+03:00,1786745274,1591,76,3,29.7,40.2,,run
2026-08-15T01:07:59+03:00,1786745279,1596,76,3,29.7,38.9,,run
2026-08-15T01:08:04+03:00,1786745284,1601,76,3,29.7,38.9,,run
2026-08-15T01:08:10+03:00,1786745290,1607,76,3,29.7,38.3,,run
2026-08-15T01:08:15+03:00,1786745295,1612,76,3,29.7,40.2,,run
2026-08-15T01:08:20+03:00,1786745300,1617,76,3,29.7,38.9,,run
2026-08-15T01:08:25+03:00,1786745305,1622,76,3,29.7,44.2,,run
2026-08-15T01:08:31+03:00,1786745311,1628,76,3,29.7,43.2,,run
2026-08-15T01:08:36+03:00,1786745316,1633,76,3,29.7,40.8,,run
2026-08-15T01:08:41+03:00,1786745321,1638,76,3,29.7,38.3,,run
2026-08-15T01:08:47+03:00,1786745327,1644,76,3,29.7,38.6,,run
2026-08-15T01:08:52+03:00,1786745332,1649,76,3,29.7,39.5,,run
2026-08-15T01:08:57+03:00,1786745337,1654,76,3,29.7,38.6,,run
2026-08-15T01:09:02+03:00,1786745342,1659,76,3,29.7,37.4,,run
2026-08-15T01:09:07+03:00,1786745347,1664,76,3,29.7,37.7,,run
2026-08-15T01:09:13+03:00,1786745353,1670,76,3,29.7,50.1,,run
2026-08-15T01:09:18+03:00,1786745358,1675,76,3,29.7,42.3,,run
2026-08-15T01:09:24+03:00,1786745364,1681,76,3,29.7,40.8,,run
2026-08-15T01:09:29+03:00,1786745369,1686,76,3,29.7,39.5,,run
2026-08-15T01:09:34+03:00,1786745374,1691,76,3,29.7,38.6,,run
2026-08-15T01:09:39+03:00,1786745379,1696,76,3,29.7,38.9,,run
2026-08-15T01:09:45+03:00,1786745385,1702,76,3,29.7,39.2,,run
2026-08-15T01:09:50+03:00,1786745390,1707,76,3,29.7,41.7,,run
2026-08-15T01:09:55+03:00,1786745395,1712,76,3,29.7,40.2,,run
2026-08-15T01:10:00+03:00,1786745400,1717,76,3,29.7,39.5,,run
2026-08-15T01:10:06+03:00,1786745406,1723,76,3,29.7,38.3,,run
2026-08-15T01:10:11+03:00,1786745411,1728,76,3,29.7,38.3,,run
2026-08-15T01:10:16+03:00,1786745416,1733,76,3,29.7,39.5,,run
2026-08-15T01:10:21+03:00,1786745421,1738,76,3,29.7,40.8,,run
2026-08-15T01:10:26+03:00,1786745426,1743,76,3,29.7,38.6,,run
2026-08-15T01:10:32+03:00,1786745432,1749,76,3,29.7,51.3,,run
2026-08-15T01:10:37+03:00,1786745437,1754,76,3,29.7,47.0,,run
2026-08-15T01:10:43+03:00,1786745443,1760,76,3,29.7,39.5,,run
2026-08-15T01:10:48+03:00,1786745448,1765,76,3,29.7,39.2,,run
2026-08-15T01:10:53+03:00,1786745453,1770,75,3,29.7,39.8,,run
2026-08-15T01:10:58+03:00,1786745458,1775,75,3,29.7,38.9,,run
2026-08-15T01:11:04+03:00,1786745464,1781,75,3,29.7,38.6,,run
2026-08-15T01:11:09+03:00,1786745469,1786,75,3,29.7,38.0,,run
2026-08-15T01:11:14+03:00,1786745474,1791,75,3,29.7,41.7,,run
2026-08-15T01:11:19+03:00,1786745479,1796,75,3,29.7,46.3,,run
2026-08-15T01:11:25+03:00,1786745485,1802,75,3,29.9,39.2,,run
2026-08-15T01:11:30+03:00,1786745490,1807,75,3,29.9,40.2,,run
2026-08-15T01:11:35+03:00,1786745495,1812,75,3,29.9,41.1,,run
2026-08-15T01:11:40+03:00,1786745500,1817,75,3,29.9,39.8,,run
2026-08-15T01:11:46+03:00,1786745506,1823,75,3,29.9,39.2,,run
2026-08-15T01:11:51+03:00,1786745511,1828,75,3,29.9,38.6,,run
2026-08-15T01:11:56+03:00,1786745516,1833,75,3,29.9,38.9,,run
2026-08-15T01:12:01+03:00,1786745521,1838,75,3,29.9,40.2,,run
2026-08-15T01:12:06+03:00,1786745526,1843,75,3,29.9,41.1,,run
2026-08-15T01:12:12+03:00,1786745532,1849,75,3,29.9,39.5,,run
2026-08-15T01:12:17+03:00,1786745537,1854,75,3,29.9,39.2,,run
2026-08-15T01:12:22+03:00,1786745542,1859,75,3,29.9,39.8,,run
2026-08-15T01:12:27+03:00,1786745547,1864,75,3,29.9,39.5,,run
2026-08-15T01:12:33+03:00,1786745553,1870,75,3,29.9,51.0,,run
2026-08-15T01:12:38+03:00,1786745558,1875,75,3,29.9,44.2,,run
2026-08-15T01:12:43+03:00,1786745563,1880,75,3,29.9,41.4,,run
2026-08-15T01:12:49+03:00,1786745569,1886,75,3,29.9,39.5,,run
2026-08-15T01:12:54+03:00,1786745574,1891,75,3,29.9,39.2,,run
2026-08-15T01:12:59+03:00,1786745579,1896,75,3,29.9,38.6,,run
2026-08-15T01:13:04+03:00,1786745584,1901,75,3,29.9,38.9,,run
2026-08-15T01:13:10+03:00,1786745590,1907,75,3,29.9,40.2,,run
2026-08-15T01:13:15+03:00,1786745595,1912,75,3,29.9,38.0,,run
2026-08-15T01:13:20+03:00,1786745600,1917,75,3,29.9,51.3,,run
2026-08-15T01:13:26+03:00,1786745606,1923,75,3,29.9,42.3,,run
2026-08-15T01:13:31+03:00,1786745611,1928,75,3,29.9,42.0,,run
2026-08-15T01:13:36+03:00,1786745616,1933,75,3,29.9,40.2,,run
2026-08-15T01:13:41+03:00,1786745621,1938,75,3,29.9,44.5,,run
2026-08-15T01:13:47+03:00,1786745627,1944,75,3,29.9,39.8,,run
2026-08-15T01:13:52+03:00,1786745632,1949,75,3,29.9,40.5,,run
2026-08-15T01:13:57+03:00,1786745637,1954,75,3,29.9,40.5,,run
2026-08-15T01:14:02+03:00,1786745642,1959,75,3,29.9,39.8,,run
2026-08-15T01:14:08+03:00,1786745648,1965,75,3,29.9,40.5,,run
2026-08-15T01:14:13+03:00,1786745653,1970,75,3,29.9,39.8,,run
2026-08-15T01:14:18+03:00,1786745658,1975,75,3,29.9,40.5,,run
2026-08-15T01:14:23+03:00,1786745663,1980,75,3,29.9,39.5,,run
2026-08-15T01:14:29+03:00,1786745669,1986,75,3,29.9,38.9,,run
2026-08-15T01:14:34+03:00,1786745674,1991,75,3,29.9,46.3,,run
2026-08-15T01:14:39+03:00,1786745679,1996,75,3,29.9,50.4,,run
2026-08-15T01:14:44+03:00,1786745684,2001,75,3,29.9,45.1,,run
2026-08-15T01:14:50+03:00,1786745690,2007,75,3,29.9,40.5,,run
2026-08-15T01:14:55+03:00,1786745695,2012,75,3,29.9,39.8,,run
2026-08-15T01:15:00+03:00,1786745700,2017,75,3,29.9,38.9,,run
2026-08-15T01:15:05+03:00,1786745705,2022,75,3,29.9,38.6,,run
2026-08-15T01:15:10+03:00,1786745710,2027,75,3,29.9,38.3,,run
2026-08-15T01:15:16+03:00,1786745716,2033,75,3,29.9,38.3,,run
2026-08-15T01:15:21+03:00,1786745721,2038,75,3,29.9,42.9,,run
2026-08-15T01:15:26+03:00,1786745726,2043,75,3,29.9,46.7,,run
2026-08-15T01:15:31+03:00,1786745731,2048,75,3,29.9,41.4,,run
2026-08-15T01:15:37+03:00,1786745737,2054,75,3,29.9,41.4,,run
2026-08-15T01:15:42+03:00,1786745742,2059,75,3,29.9,39.5,,run
2026-08-15T01:15:47+03:00,1786745747,2064,75,3,29.9,39.2,,run
2026-08-15T01:15:52+03:00,1786745752,2069,75,3,29.9,40.5,,run
2026-08-15T01:15:58+03:00,1786745758,2075,75,3,29.9,41.1,,run
2026-08-15T01:16:03+03:00,1786745763,2080,75,3,29.9,40.2,,run
2026-08-15T01:16:08+03:00,1786745768,2085,75,3,29.9,40.5,,run
2026-08-15T01:16:13+03:00,1786745773,2090,75,3,29.9,39.2,,run
2026-08-15T01:16:19+03:00,1786745779,2096,75,3,29.9,39.8,,run
2026-08-15T01:16:24+03:00,1786745784,2101,75,3,29.9,40.2,,run
2026-08-15T01:16:29+03:00,1786745789,2106,75,3,29.9,39.2,,run
2026-08-15T01:16:34+03:00,1786745794,2111,75,3,29.9,40.2,,run
2026-08-15T01:16:39+03:00,1786745799,2116,75,3,29.9,48.5,,run
2026-08-15T01:16:45+03:00,1786745805,2122,75,3,29.9,42.6,,run
2026-08-15T01:16:50+03:00,1786745810,2127,75,3,29.9,40.8,,run
2026-08-15T01:16:56+03:00,1786745816,2133,75,3,29.9,39.2,,run
2026-08-15T01:17:01+03:00,1786745821,2138,75,3,29.9,41.1,,run
2026-08-15T01:17:06+03:00,1786745826,2143,75,3,29.9,38.3,,run
2026-08-15T01:17:11+03:00,1786745831,2148,75,3,29.9,38.6,,run
2026-08-15T01:17:16+03:00,1786745836,2153,75,3,29.9,38.3,,run
2026-08-15T01:17:22+03:00,1786745842,2159,75,3,29.9,37.7,,run
2026-08-15T01:17:27+03:00,1786745847,2164,75,3,29.9,51.0,,run
2026-08-15T01:17:32+03:00,1786745852,2169,75,3,29.9,42.0,,run
2026-08-15T01:17:38+03:00,1786745858,2175,75,3,29.9,40.8,,run
2026-08-15T01:17:43+03:00,1786745863,2180,75,3,29.9,40.2,,run
2026-08-15T01:17:48+03:00,1786745868,2185,75,3,29.9,39.2,,run
2026-08-15T01:17:53+03:00,1786745873,2190,75,3,29.9,38.9,,run
2026-08-15T01:17:59+03:00,1786745879,2196,75,3,29.9,41.1,,run
2026-08-15T01:18:04+03:00,1786745884,2201,75,3,29.9,40.5,,run
2026-08-15T01:18:09+03:00,1786745889,2206,75,3,29.9,39.2,,run
2026-08-15T01:18:14+03:00,1786745894,2211,75,3,29.9,40.8,,run
2026-08-15T01:18:19+03:00,1786745899,2216,75,3,29.9,39.2,,run
2026-08-15T01:18:25+03:00,1786745905,2222,75,3,29.9,41.7,,run
2026-08-15T01:18:30+03:00,1786745910,2227,75,3,29.9,40.8,,run
2026-08-15T01:18:35+03:00,1786745915,2232,75,3,29.9,39.8,,run
2026-08-15T01:18:40+03:00,1786745920,2237,75,3,29.9,46.3,,run
2026-08-15T01:18:46+03:00,1786745926,2243,75,3,29.9,49.4,,run
2026-08-15T01:18:51+03:00,1786745931,2248,75,3,29.9,44.5,,run
2026-08-15T01:18:56+03:00,1786745936,2253,75,3,29.9,40.8,,run
2026-08-15T01:19:01+03:00,1786745941,2258,75,3,29.9,40.8,,run
2026-08-15T01:19:07+03:00,1786745947,2264,75,3,29.9,39.5,,run
2026-08-15T01:19:12+03:00,1786745952,2269,75,3,29.9,38.9,,run
2026-08-15T01:19:17+03:00,1786745957,2274,75,3,29.9,39.2,,run
2026-08-15T01:19:22+03:00,1786745962,2279,75,3,29.9,38.3,,run
2026-08-15T01:19:27+03:00,1786745967,2284,75,3,29.9,41.1,,run
2026-08-15T01:19:33+03:00,1786745973,2290,75,3,29.9,48.8,,run
2026-08-15T01:19:38+03:00,1786745978,2295,75,3,29.9,42.3,,run
2026-08-15T01:19:43+03:00,1786745983,2300,75,3,29.9,42.0,,run
2026-08-15T01:19:49+03:00,1786745989,2306,75,3,29.9,40.8,,run
2026-08-15T01:19:54+03:00,1786745994,2311,75,3,29.9,39.2,,run
2026-08-15T01:19:59+03:00,1786745999,2316,75,3,29.9,40.5,,run
2026-08-15T01:20:04+03:00,1786746004,2321,75,3,29.9,41.1,,run
2026-08-15T01:20:09+03:00,1786746009,2326,75,3,29.9,40.8,,run
2026-08-15T01:20:15+03:00,1786746015,2332,75,3,29.9,39.5,,run
2026-08-15T01:20:20+03:00,1786746020,2337,75,3,29.9,39.2,,run
2026-08-15T01:20:25+03:00,1786746025,2342,75,3,29.9,39.2,,run
2026-08-15T01:20:30+03:00,1786746030,2347,74,3,30.4,39.8,,run
2026-08-15T01:20:36+03:00,1786746036,2353,74,3,30.4,41.7,,run
2026-08-15T01:20:41+03:00,1786746041,2358,74,3,30.4,40.5,,run
2026-08-15T01:20:46+03:00,1786746046,2363,74,3,30.4,47.6,,run
2026-08-15T01:20:52+03:00,1786746052,2369,74,3,30.4,43.6,,run
2026-08-15T01:20:57+03:00,1786746057,2374,74,3,30.4,42.6,,run
2026-08-15T01:21:02+03:00,1786746062,2379,74,3,30.4,39.8,,run
2026-08-15T01:21:07+03:00,1786746067,2384,74,3,30.4,41.1,,run
2026-08-15T01:21:13+03:00,1786746073,2390,74,3,30.4,39.5,,run
2026-08-15T01:21:18+03:00,1786746078,2395,74,3,30.4,38.6,,run
2026-08-15T01:21:23+03:00,1786746083,2400,74,3,30.5,38.3,,run
2026-08-15T01:21:28+03:00,1786746088,2405,74,3,30.5,39.2,,run
2026-08-15T01:21:34+03:00,1786746094,2411,74,3,30.5,51.0,,run
2026-08-15T01:21:39+03:00,1786746099,2416,74,3,30.5,43.9,,run
2026-08-15T01:21:45+03:00,1786746105,2422,74,3,30.5,42.9,,run
2026-08-15T01:21:50+03:00,1786746110,2427,74,3,30.5,41.4,,run
2026-08-15T01:21:55+03:00,1786746115,2432,74,3,30.5,39.8,,run
2026-08-15T01:22:00+03:00,1786746120,2437,74,3,30.5,40.2,,run
2026-08-15T01:22:05+03:00,1786746125,2442,74,3,30.5,40.2,,run
2026-08-15T01:22:11+03:00,1786746131,2448,74,3,30.5,42.6,,run
2026-08-15T01:22:16+03:00,1786746136,2453,74,3,30.5,40.8,,run
2026-08-15T01:22:21+03:00,1786746141,2458,74,3,30.5,39.8,,run
2026-08-15T01:22:26+03:00,1786746146,2463,74,3,30.5,40.2,,run
2026-08-15T01:22:32+03:00,1786746152,2469,74,3,30.5,40.5,,run
2026-08-15T01:22:37+03:00,1786746157,2474,74,3,30.5,40.8,,run
2026-08-15T01:22:42+03:00,1786746162,2479,74,3,30.5,42.0,,run
2026-08-15T01:22:47+03:00,1786746167,2484,74,3,30.5,41.1,,run
2026-08-15T01:22:53+03:00,1786746173,2490,74,3,30.5,52.5,,run
2026-08-15T01:22:58+03:00,1786746178,2495,74,3,30.5,45.4,,run
2026-08-15T01:23:03+03:00,1786746183,2500,74,3,30.5,41.1,,run
2026-08-15T01:23:08+03:00,1786746188,2505,74,3,30.5,39.5,,run
2026-08-15T01:23:14+03:00,1786746194,2511,74,3,30.5,39.5,,run
2026-08-15T01:23:19+03:00,1786746199,2516,74,3,30.5,40.2,,run
2026-08-15T01:23:24+03:00,1786746204,2521,74,3,30.5,39.5,,run
2026-08-15T01:23:29+03:00,1786746209,2526,74,3,30.5,38.3,,run
2026-08-15T01:23:35+03:00,1786746215,2532,74,3,30.5,41.1,,run
2026-08-15T01:23:40+03:00,1786746220,2537,74,3,30.5,49.7,,run
2026-08-15T01:23:45+03:00,1786746225,2542,74,3,30.5,41.4,,run
2026-08-15T01:23:50+03:00,1786746230,2547,74,3,30.5,45.1,,run
2026-08-15T01:23:56+03:00,1786746236,2553,74,3,30.5,42.0,,run
2026-08-15T01:24:01+03:00,1786746241,2558,74,3,30.5,41.1,,run
2026-08-15T01:24:06+03:00,1786746246,2563,74,3,30.5,40.8,,run
2026-08-15T01:24:11+03:00,1786746251,2568,74,3,30.5,40.8,,run
2026-08-15T01:24:17+03:00,1786746257,2574,74,3,30.5,40.8,,run
2026-08-15T01:24:22+03:00,1786746262,2579,74,3,30.5,41.1,,run
2026-08-15T01:24:27+03:00,1786746267,2584,74,3,30.5,41.4,,run
2026-08-15T01:24:32+03:00,1786746272,2589,74,3,30.5,39.5,,run
2026-08-15T01:24:38+03:00,1786746278,2595,74,3,30.5,39.8,,run
2026-08-15T01:24:43+03:00,1786746283,2600,74,3,30.5,40.2,,run
2026-08-15T01:24:48+03:00,1786746288,2605,74,3,30.5,42.6,,run
2026-08-15T01:24:53+03:00,1786746293,2610,74,3,30.5,49.7,,run
2026-08-15T01:24:59+03:00,1786746299,2616,74,3,30.5,44.5,,run
2026-08-15T01:25:04+03:00,1786746304,2621,74,3,30.5,41.4,,run
2026-08-15T01:25:09+03:00,1786746309,2626,74,3,30.5,40.2,,run
2026-08-15T01:25:15+03:00,1786746315,2632,74,3,30.5,39.2,,run
2026-08-15T01:25:20+03:00,1786746320,2637,74,3,30.5,40.2,,run
2026-08-15T01:25:25+03:00,1786746325,2642,74,3,30.5,40.2,,run
2026-08-15T01:25:30+03:00,1786746330,2647,74,3,30.5,38.6,,run
2026-08-15T01:25:35+03:00,1786746335,2652,74,3,30.5,39.5,,run
2026-08-15T01:25:41+03:00,1786746341,2658,74,3,30.5,50.1,,run
2026-08-15T01:25:46+03:00,1786746346,2663,74,3,30.5,42.6,,run
2026-08-15T01:25:52+03:00,1786746352,2669,74,3,30.5,42.0,,run
2026-08-15T01:25:57+03:00,1786746357,2674,74,3,30.5,40.8,,run
2026-08-15T01:26:02+03:00,1786746362,2679,74,3,30.5,40.5,,run
2026-08-15T01:26:07+03:00,1786746367,2684,74,3,30.5,40.2,,run
2026-08-15T01:26:13+03:00,1786746373,2690,74,3,30.5,39.2,,run
2026-08-15T01:26:18+03:00,1786746378,2695,74,3,30.5,41.4,,run
2026-08-15T01:26:23+03:00,1786746383,2700,74,3,30.5,41.1,,run
2026-08-15T01:26:28+03:00,1786746388,2705,74,3,30.5,39.8,,run
2026-08-15T01:26:33+03:00,1786746393,2710,74,3,30.5,40.2,,run
2026-08-15T01:26:39+03:00,1786746399,2716,74,3,30.5,38.9,,run
2026-08-15T01:26:44+03:00,1786746404,2721,74,3,30.5,40.5,,run
2026-08-15T01:26:49+03:00,1786746409,2726,74,3,30.5,40.2,,run
2026-08-15T01:26:54+03:00,1786746414,2731,74,3,30.5,43.9,,run
2026-08-15T01:27:00+03:00,1786746420,2737,74,3,30.5,53.1,,run
2026-08-15T01:27:05+03:00,1786746425,2742,74,3,30.5,45.7,,run
2026-08-15T01:27:10+03:00,1786746430,2747,74,3,30.5,40.5,,run
2026-08-15T01:27:15+03:00,1786746435,2752,74,3,30.5,40.2,,run
2026-08-15T01:27:21+03:00,1786746441,2758,74,3,30.5,40.8,,run
2026-08-15T01:27:26+03:00,1786746446,2763,74,3,30.5,39.8,,run
2026-08-15T01:27:31+03:00,1786746451,2768,74,3,30.5,38.9,,run
2026-08-15T01:27:36+03:00,1786746456,2773,74,3,30.5,39.5,,run
2026-08-15T01:27:42+03:00,1786746462,2779,74,3,30.5,38.0,,run
2026-08-15T01:27:47+03:00,1786746467,2784,74,3,30.5,52.2,,run
2026-08-15T01:27:52+03:00,1786746472,2789,74,3,30.5,43.9,,run
2026-08-15T01:27:58+03:00,1786746478,2795,74,3,30.5,42.6,,run
2026-08-15T01:28:03+03:00,1786746483,2800,74,3,30.5,41.7,,run
2026-08-15T01:28:08+03:00,1786746488,2805,74,3,30.5,40.8,,run
2026-08-15T01:28:13+03:00,1786746493,2810,74,3,30.5,42.6,,run
2026-08-15T01:28:18+03:00,1786746498,2815,74,3,30.5,42.0,,run
2026-08-15T01:28:24+03:00,1786746504,2821,74,3,30.5,42.6,,run
2026-08-15T01:28:29+03:00,1786746509,2826,74,3,30.5,42.0,,run
2026-08-15T01:28:34+03:00,1786746514,2831,74,3,30.5,40.5,,run
2026-08-15T01:28:39+03:00,1786746519,2836,74,3,30.5,42.0,,run
2026-08-15T01:28:45+03:00,1786746525,2842,74,3,30.5,41.1,,run
2026-08-15T01:28:50+03:00,1786746530,2847,74,3,30.5,42.0,,run
2026-08-15T01:28:55+03:00,1786746535,2852,74,3,30.5,42.3,,run
2026-08-15T01:29:00+03:00,1786746540,2857,74,3,30.5,47.6,,run
2026-08-15T01:29:05+03:00,1786746545,2862,74,3,30.5,49.4,,run
2026-08-15T01:29:11+03:00,1786746551,2868,74,3,30.5,43.2,,run
2026-08-15T01:29:16+03:00,1786746556,2873,74,3,30.5,41.4,,run
2026-08-15T01:29:21+03:00,1786746561,2878,74,3,30.5,41.1,,run
2026-08-15T01:29:26+03:00,1786746566,2883,74,3,30.5,39.2,,run
2026-08-15T01:29:32+03:00,1786746572,2889,74,3,30.5,39.8,,run
2026-08-15T01:29:37+03:00,1786746577,2894,74,3,30.5,41.4,,run
2026-08-15T01:29:42+03:00,1786746582,2899,74,3,30.5,40.8,,run
2026-08-15T01:29:48+03:00,1786746588,2905,74,3,30.5,52.8,,run
2026-08-15T01:29:53+03:00,1786746593,2910,74,3,30.5,43.2,,run
2026-08-15T01:29:58+03:00,1786746598,2915,74,3,30.5,42.0,,run
2026-08-15T01:30:03+03:00,1786746603,2920,74,3,30.5,43.2,,run
2026-08-15T01:30:09+03:00,1786746609,2926,73,3,31.0,43.6,,run
2026-08-15T01:30:14+03:00,1786746614,2931,73,3,31.0,42.9,,run
2026-08-15T01:30:19+03:00,1786746619,2936,73,3,31.0,42.0,,run
2026-08-15T01:30:24+03:00,1786746624,2941,73,3,31.0,40.8,,run
2026-08-15T01:30:29+03:00,1786746629,2946,73,3,31.0,42.0,,run
2026-08-15T01:30:35+03:00,1786746635,2952,73,3,31.0,42.3,,run
2026-08-15T01:30:40+03:00,1786746640,2957,73,3,31.0,41.7,,run
2026-08-15T01:30:45+03:00,1786746645,2962,73,3,31.0,41.4,,run
2026-08-15T01:30:50+03:00,1786746650,2967,73,3,31.0,42.0,,run
2026-08-15T01:30:56+03:00,1786746656,2973,73,3,31.0,41.7,,run
2026-08-15T01:31:01+03:00,1786746661,2978,73,3,31.0,44.5,,run
2026-08-15T01:31:06+03:00,1786746666,2983,73,3,31.0,50.1,,run
2026-08-15T01:31:11+03:00,1786746671,2988,73,3,31.0,46.3,,run
2026-08-15T01:31:17+03:00,1786746677,2994,73,3,31.0,42.6,,run
2026-08-15T01:31:22+03:00,1786746682,2999,73,3,30.9,40.8,,run
2026-08-15T01:31:27+03:00,1786746687,3004,73,3,30.9,40.2,,run
2026-08-15T01:31:32+03:00,1786746692,3009,73,3,30.9,42.0,,run
2026-08-15T01:31:38+03:00,1786746698,3015,73,3,30.9,41.4,,run
2026-08-15T01:31:43+03:00,1786746703,3020,73,3,30.9,42.0,,run
2026-08-15T01:31:48+03:00,1786746708,3025,73,3,30.9,51.9,,run
2026-08-15T01:31:54+03:00,1786746714,3031,73,3,30.9,43.2,,run
2026-08-15T01:31:59+03:00,1786746719,3036,73,3,30.9,43.2,,run
2026-08-15T01:32:04+03:00,1786746724,3041,73,3,30.9,42.9,,run
2026-08-15T01:32:10+03:00,1786746730,3047,73,3,30.9,44.2,,run
2026-08-15T01:32:15+03:00,1786746735,3052,73,3,30.9,42.6,,run
2026-08-15T01:32:20+03:00,1786746740,3057,73,3,30.9,42.0,,run
2026-08-15T01:32:25+03:00,1786746745,3062,73,3,30.9,41.4,,run
2026-08-15T01:32:31+03:00,1786746751,3068,73,3,30.9,43.9,,run
2026-08-15T01:32:36+03:00,1786746756,3073,73,3,30.9,42.9,,run
2026-08-15T01:32:41+03:00,1786746761,3078,73,3,30.9,43.6,,run
2026-08-15T01:32:46+03:00,1786746766,3083,73,3,30.9,41.1,,run
2026-08-15T01:32:51+03:00,1786746771,3088,73,3,30.9,41.4,,run
2026-08-15T01:32:57+03:00,1786746777,3094,73,3,30.9,42.3,,run
2026-08-15T01:33:02+03:00,1786746782,3099,73,3,30.9,41.7,,run
2026-08-15T01:33:07+03:00,1786746787,3104,73,3,30.9,53.8,,run
2026-08-15T01:33:13+03:00,1786746793,3110,73,3,30.9,45.7,,run
2026-08-15T01:33:18+03:00,1786746798,3115,73,3,30.9,44.5,,run
2026-08-15T01:33:23+03:00,1786746803,3120,73,3,30.9,41.1,,run
2026-08-15T01:33:28+03:00,1786746808,3125,73,3,30.9,40.5,,run
2026-08-15T01:33:34+03:00,1786746814,3131,73,3,30.9,41.7,,run
2026-08-15T01:33:39+03:00,1786746819,3136,73,3,30.9,40.2,,run
2026-08-15T01:33:44+03:00,1786746824,3141,73,3,30.9,40.5,,run
2026-08-15T01:33:49+03:00,1786746829,3146,73,3,30.9,50.4,,run
2026-08-15T01:33:55+03:00,1786746835,3152,73,3,30.9,45.1,,run
2026-08-15T01:34:00+03:00,1786746840,3157,73,3,30.9,42.9,,run
2026-08-15T01:34:05+03:00,1786746845,3162,73,3,30.9,43.6,,run
2026-08-15T01:34:11+03:00,1786746851,3168,73,3,30.9,42.3,,run
2026-08-15T01:34:16+03:00,1786746856,3173,73,3,30.9,42.0,,run
2026-08-15T01:34:21+03:00,1786746861,3178,73,3,30.9,42.0,,run
2026-08-15T01:34:26+03:00,1786746866,3183,73,3,30.9,40.8,,run
2026-08-15T01:34:32+03:00,1786746872,3189,73,3,30.9,42.0,,run
2026-08-15T01:34:37+03:00,1786746877,3194,73,3,30.9,41.7,,run
2026-08-15T01:34:42+03:00,1786746882,3199,73,3,30.9,41.7,,run
2026-08-15T01:34:47+03:00,1786746887,3204,73,3,30.9,44.2,,run
2026-08-15T01:34:52+03:00,1786746892,3209,73,3,30.9,41.4,,run
2026-08-15T01:34:58+03:00,1786746898,3215,73,3,30.9,40.5,,run
2026-08-15T01:35:03+03:00,1786746903,3220,73,3,30.9,43.6,,run
2026-08-15T01:35:08+03:00,1786746908,3225,73,3,30.9,52.8,,run
2026-08-15T01:35:14+03:00,1786746914,3231,73,3,30.9,46.7,,run
2026-08-15T01:35:19+03:00,1786746919,3236,73,3,30.9,40.8,,run
2026-08-15T01:35:24+03:00,1786746924,3241,73,3,30.9,40.8,,run
2026-08-15T01:35:29+03:00,1786746929,3246,73,3,30.9,38.9,,run
2026-08-15T01:35:35+03:00,1786746935,3252,73,3,30.9,39.8,,run
2026-08-15T01:35:40+03:00,1786746940,3257,73,3,30.9,39.5,,run
2026-08-15T01:35:45+03:00,1786746945,3262,73,3,30.9,39.5,,run
2026-08-15T01:35:50+03:00,1786746950,3267,73,3,30.9,48.2,,run
2026-08-15T01:35:56+03:00,1786746956,3273,73,3,30.9,44.5,,run
2026-08-15T01:36:01+03:00,1786746961,3278,73,3,30.9,41.1,,run
2026-08-15T01:36:06+03:00,1786746966,3283,73,3,30.9,41.7,,run
2026-08-15T01:36:12+03:00,1786746972,3289,73,3,30.9,41.7,,run
2026-08-15T01:36:17+03:00,1786746977,3294,73,3,30.9,41.1,,run
2026-08-15T01:36:22+03:00,1786746982,3299,73,3,30.9,41.1,,run
2026-08-15T01:36:27+03:00,1786746987,3304,73,3,30.9,40.5,,run
2026-08-15T01:36:33+03:00,1786746993,3310,73,3,30.9,40.8,,run
2026-08-15T01:36:38+03:00,1786746998,3315,73,3,30.9,41.7,,run
2026-08-15T01:36:43+03:00,1786747003,3320,73,3,30.9,39.5,,run
2026-08-15T01:36:48+03:00,1786747008,3325,73,3,30.9,38.9,,run
2026-08-15T01:36:54+03:00,1786747014,3331,73,3,30.9,39.8,,run
2026-08-15T01:36:59+03:00,1786747019,3336,73,3,30.9,39.2,,run
2026-08-15T01:37:04+03:00,1786747024,3341,73,3,30.9,41.1,,run
2026-08-15T01:37:09+03:00,1786747029,3346,73,3,30.9,51.0,,run
2026-08-15T01:37:15+03:00,1786747035,3352,73,3,30.9,47.6,,run
2026-08-15T01:37:20+03:00,1786747040,3357,73,3,30.9,41.4,,run
2026-08-15T01:37:25+03:00,1786747045,3362,73,3,30.9,38.9,,run
2026-08-15T01:37:31+03:00,1786747051,3368,73,3,30.9,39.2,,run
2026-08-15T01:37:36+03:00,1786747056,3373,73,3,30.9,50.4,,run
2026-08-15T01:37:41+03:00,1786747061,3378,73,3,30.9,42.9,,run
2026-08-15T01:37:47+03:00,1786747067,3384,73,3,30.9,43.6,,run
2026-08-15T01:37:52+03:00,1786747072,3389,73,3,30.9,41.4,,run
2026-08-15T01:37:57+03:00,1786747077,3394,73,3,30.9,39.8,,run
2026-08-15T01:38:02+03:00,1786747082,3399,73,3,30.9,39.8,,run
2026-08-15T01:38:07+03:00,1786747087,3404,73,3,30.9,41.1,,run
2026-08-15T01:38:13+03:00,1786747093,3410,73,3,30.9,40.8,,run
2026-08-15T01:38:18+03:00,1786747098,3415,73,3,30.9,41.4,,run
2026-08-15T01:38:23+03:00,1786747103,3420,73,3,30.9,39.8,,run
2026-08-15T01:38:28+03:00,1786747108,3425,73,3,30.9,40.8,,run
2026-08-15T01:38:34+03:00,1786747114,3431,73,3,30.9,39.5,,run
2026-08-15T01:38:39+03:00,1786747119,3436,73,3,30.9,39.8,,run
2026-08-15T01:38:44+03:00,1786747124,3441,73,3,30.9,41.4,,run
2026-08-15T01:38:49+03:00,1786747129,3446,73,3,30.9,40.5,,run
2026-08-15T01:38:54+03:00,1786747134,3451,73,3,30.9,51.9,,run
2026-08-15T01:39:00+03:00,1786747140,3457,73,3,30.9,45.7,,run
2026-08-15T01:39:05+03:00,1786747145,3462,73,3,30.9,39.8,,run
2026-08-15T01:39:10+03:00,1786747150,3467,73,3,30.9,39.5,,run
2026-08-15T01:39:16+03:00,1786747156,3473,73,3,30.9,38.6,,run
2026-08-15T01:39:21+03:00,1786747161,3478,73,3,30.9,38.6,,run
2026-08-15T01:39:26+03:00,1786747166,3483,73,3,30.9,38.9,,run
2026-08-15T01:39:31+03:00,1786747171,3488,73,3,30.9,38.6,,run
2026-08-15T01:39:37+03:00,1786747177,3494,73,3,30.9,41.7,,run
2026-08-15T01:39:42+03:00,1786747182,3499,73,3,30.9,48.2,,run
2026-08-15T01:39:47+03:00,1786747187,3504,73,3,30.9,42.3,,run
2026-08-15T01:39:52+03:00,1786747192,3509,73,3,30.9,41.4,,run
2026-08-15T01:39:58+03:00,1786747198,3515,73,3,30.9,40.2,,run
2026-08-15T01:40:03+03:00,1786747203,3520,73,3,30.9,40.8,,run
2026-08-15T01:40:08+03:00,1786747208,3525,73,3,30.9,40.8,,run
2026-08-15T01:40:13+03:00,1786747213,3530,73,3,30.9,40.2,,run
2026-08-15T01:40:18+03:00,1786747218,3535,73,3,30.9,42.3,,run
2026-08-15T01:40:24+03:00,1786747224,3541,73,3,30.9,39.8,,run
2026-08-15T01:40:29+03:00,1786747229,3546,73,3,30.9,39.8,,run
2026-08-15T01:40:34+03:00,1786747234,3551,73,3,30.9,39.8,,run
2026-08-15T01:40:39+03:00,1786747239,3556,73,3,30.9,39.8,,run
2026-08-15T01:40:45+03:00,1786747245,3562,73,3,30.9,41.1,,run
2026-08-15T01:40:50+03:00,1786747250,3567,72,3,30.8,41.1,,run
2026-08-15T01:40:55+03:00,1786747255,3572,72,3,30.8,49.1,,run
2026-08-15T01:41:01+03:00,1786747261,3578,72,3,30.8,42.6,,run
2026-08-15T01:41:06+03:00,1786747266,3583,72,3,30.8,42.0,,run
2026-08-15T01:41:11+03:00,1786747271,3588,72,3,30.8,39.8,,run
2026-08-15T01:41:16+03:00,1786747276,3593,72,3,30.8,39.2,,run
2026-08-15T01:41:22+03:00,1786747282,3599,72,3,30.9,39.2,,run
2026-08-15T01:41:27+03:00,1786747287,3604,72,3,30.9,38.9,,run
2026-08-15T01:41:32+03:00,1786747292,3609,72,3,30.9,38.3,,run
2026-08-15T01:41:37+03:00,1786747297,3614,72,3,30.9,39.2,,run
2026-08-15T01:41:42+03:00,1786747302,3619,72,3,30.9,50.4,,run
2026-08-15T01:41:48+03:00,1786747308,3625,72,3,30.9,42.3,,run
2026-08-15T01:41:53+03:00,1786747313,3630,72,3,30.9,40.8,,run
2026-08-15T01:41:58+03:00,1786747318,3635,72,3,30.9,43.2,,run
2026-08-15T01:42:03+03:00,1786747323,3640,72,3,30.9,39.8,,run
2026-08-15T01:42:09+03:00,1786747329,3646,72,3,30.9,40.2,,run
2026-08-15T01:42:14+03:00,1786747334,3651,72,3,30.9,40.2,,run
2026-08-15T01:42:19+03:00,1786747339,3656,72,3,30.9,39.5,,run
2026-08-15T01:42:24+03:00,1786747344,3661,72,3,30.9,40.8,,run
2026-08-15T01:42:30+03:00,1786747350,3667,72,3,30.9,41.7,,run
2026-08-15T01:42:35+03:00,1786747355,3672,72,3,30.9,40.5,,run
2026-08-15T01:42:40+03:00,1786747360,3677,72,3,30.9,40.8,,run
2026-08-15T01:42:45+03:00,1786747365,3682,72,3,30.9,40.5,,run
2026-08-15T01:42:50+03:00,1786747370,3687,72,3,30.9,40.5,,run
2026-08-15T01:42:56+03:00,1786747376,3693,72,3,30.9,50.1,,run
2026-08-15T01:43:01+03:00,1786747381,3698,72,3,30.9,52.8,,run
2026-08-15T01:43:06+03:00,1786747386,3703,72,3,30.9,41.7,,run
2026-08-15T01:43:12+03:00,1786747392,3709,72,3,30.9,40.2,,run
2026-08-15T01:43:17+03:00,1786747397,3714,72,3,30.9,38.9,,run
2026-08-15T01:43:22+03:00,1786747402,3719,72,3,30.9,38.9,,run
2026-08-15T01:43:27+03:00,1786747407,3724,72,3,30.9,38.9,,run
2026-08-15T01:43:32+03:00,1786747412,3729,72,3,30.9,39.5,,run
2026-08-15T01:43:38+03:00,1786747418,3735,72,3,30.9,39.2,,run
2026-08-15T01:43:43+03:00,1786747423,3740,72,3,30.9,50.4,,run
2026-08-15T01:43:49+03:00,1786747429,3746,72,3,30.9,43.6,,run
2026-08-15T01:43:54+03:00,1786747434,3751,72,3,30.9,40.8,,run
2026-08-15T01:43:59+03:00,1786747439,3756,72,3,30.9,40.8,,run
2026-08-15T01:44:04+03:00,1786747444,3761,72,3,30.9,40.5,,run
2026-08-15T01:44:10+03:00,1786747450,3767,72,3,30.9,40.8,,run
2026-08-15T01:44:15+03:00,1786747455,3772,72,3,30.9,41.4,,run
2026-08-15T01:44:20+03:00,1786747460,3777,72,3,30.9,40.2,,run
2026-08-15T01:44:25+03:00,1786747465,3782,72,3,30.9,39.5,,run
2026-08-15T01:44:31+03:00,1786747471,3788,72,3,30.9,39.2,,run
2026-08-15T01:44:36+03:00,1786747476,3793,72,3,30.9,40.2,,run
2026-08-15T01:44:41+03:00,1786747481,3798,72,3,30.9,42.9,,run
2026-08-15T01:44:46+03:00,1786747486,3803,72,3,30.9,40.8,,run
2026-08-15T01:44:51+03:00,1786747491,3808,72,3,30.9,41.7,,run
2026-08-15T01:44:57+03:00,1786747497,3814,72,3,30.9,44.2,,run
2026-08-15T01:45:02+03:00,1786747502,3819,72,3,30.9,52.5,,run
2026-08-15T01:45:07+03:00,1786747507,3824,72,3,30.9,46.3,,run
2026-08-15T01:45:13+03:00,1786747513,3830,72,3,30.9,41.4,,run
2026-08-15T01:45:18+03:00,1786747518,3835,72,3,30.9,39.5,,run
2026-08-15T01:45:23+03:00,1786747523,3840,72,3,30.9,39.8,,run
2026-08-15T01:45:28+03:00,1786747528,3845,72,3,30.9,39.2,,run
2026-08-15T01:45:34+03:00,1786747534,3851,72,3,30.9,39.8,,run
2026-08-15T01:45:39+03:00,1786747539,3856,72,3,30.9,38.9,,run
2026-08-15T01:45:44+03:00,1786747544,3861,72,3,30.9,50.4,,run
2026-08-15T01:45:50+03:00,1786747550,3867,72,3,30.9,44.2,,run
2026-08-15T01:45:55+03:00,1786747555,3872,72,3,30.9,42.9,,run
2026-08-15T01:46:00+03:00,1786747560,3877,72,3,30.9,42.3,,run
2026-08-15T01:46:05+03:00,1786747565,3882,72,3,30.9,42.0,,run
2026-08-15T01:46:11+03:00,1786747571,3888,72,3,30.9,43.2,,run
2026-08-15T01:46:16+03:00,1786747576,3893,72,3,30.9,41.1,,run
2026-08-15T01:46:21+03:00,1786747581,3898,72,3,30.9,41.4,,run
2026-08-15T01:46:26+03:00,1786747586,3903,72,3,30.9,42.3,,run
2026-08-15T01:46:31+03:00,1786747591,3908,72,3,30.9,42.0,,run
2026-08-15T01:46:37+03:00,1786747597,3914,72,3,30.9,42.3,,run
2026-08-15T01:46:42+03:00,1786747602,3919,72,3,30.9,42.9,,run
2026-08-15T01:46:47+03:00,1786747607,3924,72,3,30.9,40.5,,run
2026-08-15T01:46:52+03:00,1786747612,3929,72,3,30.9,42.0,,run
2026-08-15T01:46:58+03:00,1786747618,3935,72,3,30.9,42.6,,run
2026-08-15T01:47:03+03:00,1786747623,3940,72,3,30.9,51.9,,run
2026-08-15T01:47:09+03:00,1786747629,3946,72,3,30.9,44.2,,run
2026-08-15T01:47:14+03:00,1786747634,3951,72,3,30.9,40.8,,run
2026-08-15T01:47:19+03:00,1786747639,3956,72,3,30.9,39.8,,run
2026-08-15T01:47:24+03:00,1786747644,3961,72,3,30.9,39.8,,run
2026-08-15T01:47:30+03:00,1786747650,3967,72,3,30.9,38.3,,run
2026-08-15T01:47:35+03:00,1786747655,3972,72,3,30.9,39.5,,run
2026-08-15T01:47:40+03:00,1786747660,3977,72,3,30.9,39.2,,run
2026-08-15T01:47:45+03:00,1786747665,3982,72,3,30.9,48.8,,run
2026-08-15T01:47:51+03:00,1786747671,3988,72,3,30.9,44.5,,run
2026-08-15T01:47:56+03:00,1786747676,3993,72,3,30.9,40.5,,run
2026-08-15T01:48:01+03:00,1786747681,3998,72,3,30.9,40.2,,run
2026-08-15T01:48:06+03:00,1786747686,4003,72,3,30.9,42.0,,run
2026-08-15T01:48:12+03:00,1786747692,4009,72,3,30.9,41.7,,run
2026-08-15T01:48:17+03:00,1786747697,4014,72,3,30.9,41.1,,run
2026-08-15T01:48:22+03:00,1786747702,4019,72,3,30.9,41.4,,run
2026-08-15T01:48:27+03:00,1786747707,4024,72,3,30.9,40.2,,run
2026-08-15T01:48:33+03:00,1786747713,4030,72,3,30.9,41.7,,run
2026-08-15T01:48:38+03:00,1786747718,4035,72,3,30.9,41.4,,run
2026-08-15T01:48:43+03:00,1786747723,4040,72,3,30.9,39.8,,run
2026-08-15T01:48:48+03:00,1786747728,4045,72,3,30.9,39.8,,run
2026-08-15T01:48:53+03:00,1786747733,4050,72,3,30.9,41.1,,run
2026-08-15T01:48:59+03:00,1786747739,4056,72,3,30.9,40.2,,run
2026-08-15T01:49:04+03:00,1786747744,4061,72,3,30.9,52.2,,run
2026-08-15T01:49:10+03:00,1786747750,4067,72,3,30.9,44.2,,run
2026-08-15T01:49:15+03:00,1786747755,4072,72,3,30.9,40.8,,run
2026-08-15T01:49:20+03:00,1786747760,4077,72,3,30.9,39.8,,run
2026-08-15T01:49:25+03:00,1786747765,4082,72,3,30.9,38.6,,run
2026-08-15T01:49:31+03:00,1786747771,4088,72,3,30.9,51.0,,run
2026-08-15T01:49:36+03:00,1786747776,4093,72,3,30.9,41.7,,run
2026-08-15T01:49:41+03:00,1786747781,4098,72,3,30.9,41.1,,run
2026-08-15T01:49:46+03:00,1786747786,4103,72,3,30.9,41.4,,run
2026-08-15T01:49:52+03:00,1786747792,4109,72,3,30.9,41.4,,run
2026-08-15T01:49:57+03:00,1786747797,4114,72,3,30.9,40.5,,run
2026-08-15T01:50:02+03:00,1786747802,4119,72,3,30.9,40.8,,run
2026-08-15T01:50:07+03:00,1786747807,4124,72,3,30.9,40.8,,run
2026-08-15T01:50:12+03:00,1786747812,4129,72,3,30.9,40.2,,run
2026-08-15T01:50:18+03:00,1786747818,4135,72,3,30.9,42.9,,run
2026-08-15T01:50:23+03:00,1786747823,4140,72,3,30.9,41.7,,run
2026-08-15T01:50:28+03:00,1786747828,4145,72,3,30.9,40.2,,run
2026-08-15T01:50:33+03:00,1786747833,4150,72,3,30.9,40.8,,run
2026-08-15T01:50:39+03:00,1786747839,4156,72,3,30.9,40.8,,run
2026-08-15T01:50:44+03:00,1786747844,4161,72,3,30.9,43.2,,run
2026-08-15T01:50:49+03:00,1786747849,4166,72,3,30.9,49.7,,run
2026-08-15T01:50:54+03:00,1786747854,4171,72,3,30.9,42.9,,run
2026-08-15T01:51:00+03:00,1786747860,4177,72,3,30.9,40.5,,run
2026-08-15T01:51:05+03:00,1786747865,4182,72,3,30.9,38.9,,run
2026-08-15T01:51:10+03:00,1786747870,4187,72,3,30.9,39.2,,run
2026-08-15T01:51:15+03:00,1786747875,4192,72,3,30.9,40.5,,run
2026-08-15T01:51:20+03:00,1786747880,4197,72,3,30.9,38.3,,run
2026-08-15T01:51:26+03:00,1786747886,4203,72,3,31.1,38.9,,run
2026-08-15T01:51:31+03:00,1786747891,4208,71,3,31.1,51.9,,run
2026-08-15T01:51:37+03:00,1786747897,4214,71,3,31.1,42.3,,run
2026-08-15T01:51:42+03:00,1786747902,4219,71,3,31.1,40.2,,run
2026-08-15T01:51:47+03:00,1786747907,4224,71,3,31.1,40.5,,run
2026-08-15T01:51:52+03:00,1786747912,4229,71,3,31.1,40.8,,run
2026-08-15T01:51:58+03:00,1786747918,4235,71,3,31.1,42.6,,run
2026-08-15T01:52:03+03:00,1786747923,4240,71,3,31.1,41.1,,run
2026-08-15T01:52:08+03:00,1786747928,4245,71,3,31.1,40.2,,run
2026-08-15T01:52:13+03:00,1786747933,4250,71,3,31.1,40.8,,run
2026-08-15T01:52:19+03:00,1786747939,4256,71,3,31.1,40.8,,run
2026-08-15T01:52:24+03:00,1786747944,4261,71,3,31.1,43.2,,run
2026-08-15T01:52:29+03:00,1786747949,4266,71,3,31.1,42.0,,run
2026-08-15T01:52:34+03:00,1786747954,4271,71,3,31.1,40.8,,run
2026-08-15T01:52:40+03:00,1786747960,4277,71,3,31.1,40.5,,run
2026-08-15T01:52:45+03:00,1786747965,4282,71,3,31.1,47.0,,run
2026-08-15T01:52:50+03:00,1786747970,4287,71,3,31.1,55.9,,run
2026-08-15T01:52:55+03:00,1786747975,4292,71,3,31.1,45.7,,run
2026-08-15T01:53:01+03:00,1786747981,4298,71,3,31.1,39.5,,run
2026-08-15T01:53:06+03:00,1786747986,4303,71,3,31.1,40.2,,run
2026-08-15T01:53:11+03:00,1786747991,4308,71,3,31.1,38.6,,run
2026-08-15T01:53:16+03:00,1786747996,4313,71,3,31.1,38.0,,run
2026-08-15T01:53:22+03:00,1786748002,4319,71,3,31.1,39.5,,run
2026-08-15T01:53:27+03:00,1786748007,4324,71,3,31.1,38.3,,run
2026-08-15T01:53:32+03:00,1786748012,4329,71,3,31.1,48.2,,run
2026-08-15T01:53:38+03:00,1786748018,4335,71,3,31.1,45.7,,run
2026-08-15T01:53:43+03:00,1786748023,4340,71,3,31.1,40.8,,run
2026-08-15T01:53:48+03:00,1786748028,4345,71,3,31.1,41.7,,run
2026-08-15T01:53:53+03:00,1786748033,4350,71,3,31.1,39.8,,run
2026-08-15T01:53:59+03:00,1786748039,4356,71,3,31.1,40.5,,run
2026-08-15T01:54:04+03:00,1786748044,4361,71,3,31.1,40.8,,run
2026-08-15T01:54:09+03:00,1786748049,4366,71,3,31.1,40.8,,run
2026-08-15T01:54:14+03:00,1786748054,4371,71,3,31.1,40.8,,run
2026-08-15T01:54:19+03:00,1786748059,4376,71,3,31.1,40.5,,run
2026-08-15T01:54:25+03:00,1786748065,4382,71,3,31.1,39.8,,run
2026-08-15T01:54:30+03:00,1786748070,4387,71,3,31.1,40.2,,run
2026-08-15T01:54:35+03:00,1786748075,4392,71,3,31.1,42.6,,run
2026-08-15T01:54:40+03:00,1786748080,4397,71,3,31.1,40.5,,run
2026-08-15T01:54:46+03:00,1786748086,4403,71,3,31.1,41.1,,run
2026-08-15T01:54:51+03:00,1786748091,4408,71,3,31.1,51.0,,run
2026-08-15T01:54:56+03:00,1786748096,4413,71,3,31.1,46.0,,run
2026-08-15T01:55:02+03:00,1786748102,4419,71,3,31.1,40.2,,run
2026-08-15T01:55:07+03:00,1786748107,4424,71,3,31.1,39.8,,run
2026-08-15T01:55:12+03:00,1786748112,4429,71,3,31.1,39.2,,run
2026-08-15T01:55:17+03:00,1786748117,4434,71,3,31.1,38.9,,run
2026-08-15T01:55:23+03:00,1786748123,4440,71,3,31.1,39.5,,run
2026-08-15T01:55:28+03:00,1786748128,4445,71,3,31.1,39.8,,run
2026-08-15T01:55:33+03:00,1786748133,4450,71,3,31.1,52.2,,run
2026-08-15T01:55:39+03:00,1786748139,4456,71,3,31.1,43.9,,run
2026-08-15T01:55:44+03:00,1786748144,4461,71,3,31.1,41.4,,run
2026-08-15T01:55:49+03:00,1786748149,4466,71,3,31.1,42.0,,run
2026-08-15T01:55:54+03:00,1786748154,4471,71,3,31.1,42.0,,run
2026-08-15T01:56:00+03:00,1786748160,4477,71,3,31.1,42.9,,run
2026-08-15T01:56:05+03:00,1786748165,4482,71,3,31.1,43.6,,run
2026-08-15T01:56:10+03:00,1786748170,4487,71,3,31.1,42.0,,run
2026-08-15T01:56:15+03:00,1786748175,4492,71,3,31.1,41.1,,run
2026-08-15T01:56:21+03:00,1786748181,4498,71,3,31.1,40.8,,run
2026-08-15T01:56:26+03:00,1786748186,4503,71,3,31.1,41.7,,run
2026-08-15T01:56:31+03:00,1786748191,4508,71,3,31.1,43.2,,run
2026-08-15T01:56:36+03:00,1786748196,4513,71,3,31.1,43.6,,run
2026-08-15T01:56:41+03:00,1786748201,4518,71,3,31.1,42.3,,run
2026-08-15T01:56:47+03:00,1786748207,4524,71,3,31.1,47.6,,run
2026-08-15T01:56:52+03:00,1786748212,4529,71,3,31.1,55.9,,run
2026-08-15T01:56:57+03:00,1786748217,4534,71,3,31.1,43.9,,run
2026-08-15T01:57:03+03:00,1786748223,4540,71,3,31.1,40.8,,run
2026-08-15T01:57:08+03:00,1786748228,4545,71,3,31.1,40.2,,run
2026-08-15T01:57:13+03:00,1786748233,4550,71,3,31.1,39.5,,run
2026-08-15T01:57:18+03:00,1786748238,4555,71,3,31.1,39.5,,run
2026-08-15T01:57:23+03:00,1786748243,4560,71,3,31.1,40.8,,run
2026-08-15T01:57:29+03:00,1786748249,4566,71,3,31.1,38.6,,run
2026-08-15T01:57:34+03:00,1786748254,4571,71,3,31.1,52.8,,run
2026-08-15T01:57:39+03:00,1786748259,4576,71,3,31.1,42.9,,run
2026-08-15T01:57:44+03:00,1786748264,4581,71,3,31.1,40.8,,run
2026-08-15T01:57:50+03:00,1786748270,4587,71,3,31.1,42.0,,run
2026-08-15T01:57:55+03:00,1786748275,4592,71,3,31.1,42.3,,run
2026-08-15T01:58:00+03:00,1786748280,4597,71,3,31.1,41.4,,run
2026-08-15T01:58:05+03:00,1786748285,4602,71,3,31.1,41.7,,run
2026-08-15T01:58:10+03:00,1786748290,4607,71,3,31.1,40.8,,run
2026-08-15T01:58:16+03:00,1786748296,4613,71,3,31.1,41.1,,run
2026-08-15T01:58:21+03:00,1786748301,4618,71,3,31.1,42.9,,run
2026-08-15T01:58:26+03:00,1786748306,4623,71,3,31.1,41.4,,run
2026-08-15T01:58:31+03:00,1786748311,4628,71,3,31.1,40.8,,run
2026-08-15T01:58:37+03:00,1786748317,4634,71,3,31.1,40.5,,run
2026-08-15T01:58:42+03:00,1786748322,4639,71,3,31.1,40.2,,run
2026-08-15T01:58:47+03:00,1786748327,4644,71,3,31.1,47.6,,run
2026-08-15T01:58:52+03:00,1786748332,4649,71,3,31.1,51.6,,run
2026-08-15T01:58:58+03:00,1786748338,4655,71,3,31.1,42.0,,run
2026-08-15T01:59:03+03:00,1786748343,4660,71,3,31.1,39.8,,run
2026-08-15T01:59:08+03:00,1786748348,4665,71,3,31.1,40.2,,run
2026-08-15T01:59:13+03:00,1786748353,4670,71,3,31.1,39.8,,run
2026-08-15T01:59:18+03:00,1786748358,4675,71,3,31.1,38.9,,run
2026-08-15T01:59:24+03:00,1786748364,4681,71,3,31.1,39.2,,run
2026-08-15T01:59:29+03:00,1786748369,4686,71,3,31.1,42.3,,run
2026-08-15T01:59:34+03:00,1786748374,4691,71,3,31.1,49.7,,run
2026-08-15T01:59:39+03:00,1786748379,4696,71,3,31.1,42.0,,run
2026-08-15T01:59:45+03:00,1786748385,4702,71,3,31.1,41.1,,run
2026-08-15T01:59:50+03:00,1786748390,4707,71,3,31.1,40.5,,run
2026-08-15T01:59:55+03:00,1786748395,4712,71,3,31.1,41.1,,run
2026-08-15T02:00:00+03:00,1786748400,4717,71,3,31.1,40.5,,run
2026-08-15T02:00:06+03:00,1786748406,4723,71,3,31.1,42.3,,run
2026-08-15T02:00:11+03:00,1786748411,4728,71,3,31.1,41.7,,run
2026-08-15T02:00:16+03:00,1786748416,4733,71,3,31.1,41.1,,run
2026-08-15T02:00:21+03:00,1786748421,4738,71,3,31.1,41.1,,run
2026-08-15T02:00:26+03:00,1786748426,4743,71,3,31.1,39.8,,run
2026-08-15T02:00:32+03:00,1786748432,4749,71,3,31.1,40.8,,run
2026-08-15T02:00:37+03:00,1786748437,4754,71,3,31.1,42.0,,run
2026-08-15T02:00:42+03:00,1786748442,4759,71,3,31.1,41.1,,run
2026-08-15T02:00:47+03:00,1786748447,4764,71,3,31.1,49.4,,run
2026-08-15T02:00:53+03:00,1786748453,4770,71,3,31.1,43.9,,run
2026-08-15T02:00:58+03:00,1786748458,4775,71,3,31.1,42.0,,run
2026-08-15T02:01:03+03:00,1786748463,4780,71,3,31.1,40.5,,run
2026-08-15T02:01:09+03:00,1786748469,4786,71,3,31.1,39.8,,run
2026-08-15T02:01:14+03:00,1786748474,4791,71,3,31.1,38.9,,run
2026-08-15T02:01:19+03:00,1786748479,4796,71,3,31.1,40.5,,run
2026-08-15T02:01:24+03:00,1786748484,4801,71,3,31.1,39.5,,run
2026-08-15T02:01:29+03:00,1786748489,4806,71,3,31.1,51.3,,run
2026-08-15T02:01:35+03:00,1786748495,4812,71,3,31.1,44.2,,run
2026-08-15T02:01:40+03:00,1786748500,4817,71,3,31.1,42.9,,run
2026-08-15T02:01:45+03:00,1786748505,4822,71,3,31.1,42.0,,run
2026-08-15T02:01:51+03:00,1786748511,4828,71,3,31.1,40.8,,run
2026-08-15T02:01:56+03:00,1786748516,4833,71,3,31.1,41.1,,run
2026-08-15T02:02:01+03:00,1786748521,4838,71,3,31.1,41.4,,run
2026-08-15T02:02:06+03:00,1786748526,4843,71,3,31.1,42.3,,run
2026-08-15T02:02:12+03:00,1786748532,4849,71,3,31.1,41.1,,run
2026-08-15T02:02:17+03:00,1786748537,4854,71,3,31.1,40.5,,run
2026-08-15T02:02:22+03:00,1786748542,4859,71,3,31.1,41.1,,run
2026-08-15T02:02:27+03:00,1786748547,4864,71,3,31.1,40.8,,run
2026-08-15T02:02:32+03:00,1786748552,4869,71,3,31.1,40.2,,run
2026-08-15T02:02:38+03:00,1786748558,4875,71,3,31.1,42.3,,run
2026-08-15T02:02:43+03:00,1786748563,4880,71,3,31.1,46.3,,run
2026-08-15T02:02:48+03:00,1786748568,4885,71,3,31.1,53.8,,run
2026-08-15T02:02:54+03:00,1786748574,4891,71,3,31.1,43.2,,run
2026-08-15T02:02:59+03:00,1786748579,4896,71,3,31.1,40.8,,run
2026-08-15T02:03:04+03:00,1786748584,4901,71,3,31.1,39.8,,run
2026-08-15T02:03:09+03:00,1786748589,4906,71,3,31.1,39.5,,run
2026-08-15T02:03:15+03:00,1786748595,4912,70,3,31.3,39.2,,run
2026-08-15T02:03:20+03:00,1786748600,4917,70,3,31.3,39.8,,run
2026-08-15T02:03:25+03:00,1786748605,4922,70,3,31.3,39.8,,run
2026-08-15T02:03:30+03:00,1786748610,4927,70,3,31.3,53.8,,run
2026-08-15T02:03:36+03:00,1786748616,4933,70,3,31.3,42.0,,run
2026-08-15T02:03:41+03:00,1786748621,4938,70,3,31.3,41.4,,run
2026-08-15T02:03:46+03:00,1786748626,4943,70,3,31.3,43.6,,run
2026-08-15T02:03:51+03:00,1786748631,4948,70,3,31.3,41.7,,run
2026-08-15T02:03:56+03:00,1786748636,4953,70,3,31.3,40.5,,run
2026-08-15T02:04:02+03:00,1786748642,4959,70,3,31.3,40.2,,run
2026-08-15T02:04:07+03:00,1786748647,4964,70,3,31.3,39.8,,run
2026-08-15T02:04:12+03:00,1786748652,4969,70,3,31.3,41.4,,run
2026-08-15T02:04:17+03:00,1786748657,4974,70,3,31.3,41.4,,run
2026-08-15T02:04:23+03:00,1786748663,4980,70,3,31.3,41.7,,run
2026-08-15T02:04:28+03:00,1786748668,4985,70,3,31.3,41.1,,run
2026-08-15T02:04:33+03:00,1786748673,4990,70,3,31.3,40.8,,run
2026-08-15T02:04:38+03:00,1786748678,4995,70,3,31.3,40.5,,run
2026-08-15T02:04:43+03:00,1786748683,5000,70,3,31.3,43.6,,run
2026-08-15T02:04:49+03:00,1786748689,5006,70,3,31.3,48.8,,run
2026-08-15T02:04:54+03:00,1786748694,5011,70,3,31.3,41.7,,run
2026-08-15T02:04:59+03:00,1786748699,5016,70,3,31.3,40.2,,run
2026-08-15T02:05:04+03:00,1786748704,5021,70,3,31.3,40.5,,run
2026-08-15T02:05:10+03:00,1786748710,5027,70,3,31.3,51.6,,run
2026-08-15T02:05:15+03:00,1786748715,5032,70,3,31.3,43.9,,run
2026-08-15T02:05:20+03:00,1786748720,5037,70,3,31.3,41.4,,run
2026-08-15T02:05:25+03:00,1786748725,5042,70,3,31.3,41.1,,run
2026-08-15T02:05:31+03:00,1786748731,5048,70,3,31.3,40.8,,run
2026-08-15T02:05:36+03:00,1786748736,5053,70,3,31.3,41.7,,run
2026-08-15T02:05:41+03:00,1786748741,5058,70,3,31.3,41.4,,run
2026-08-15T02:05:46+03:00,1786748746,5063,70,3,31.3,42.0,,run
2026-08-15T02:05:51+03:00,1786748751,5068,70,3,31.3,40.5,,run
2026-08-15T02:05:57+03:00,1786748757,5074,70,3,31.3,41.1,,run
2026-08-15T02:06:02+03:00,1786748762,5079,70,3,31.3,41.4,,run
2026-08-15T02:06:07+03:00,1786748767,5084,70,3,31.3,40.5,,run
2026-08-15T02:06:12+03:00,1786748772,5089,70,3,31.3,42.9,,run
2026-08-15T02:06:18+03:00,1786748778,5095,70,3,31.3,41.7,,run
2026-08-15T02:06:23+03:00,1786748783,5100,70,3,31.3,45.1,,run
2026-08-15T02:06:28+03:00,1786748788,5105,70,3,31.3,53.8,,run
2026-08-15T02:06:33+03:00,1786748793,5110,70,3,31.3,42.9,,run
2026-08-15T02:06:39+03:00,1786748799,5116,70,3,31.3,40.5,,run
2026-08-15T02:06:44+03:00,1786748804,5121,70,3,31.3,41.1,,run
2026-08-15T02:06:49+03:00,1786748809,5126,70,3,31.3,39.5,,run
2026-08-15T02:06:54+03:00,1786748814,5131,70,3,31.3,39.2,,run
2026-08-15T02:06:59+03:00,1786748819,5136,70,3,31.3,40.2,,run
2026-08-15T02:07:05+03:00,1786748825,5142,70,3,31.3,42.3,,run
2026-08-15T02:07:10+03:00,1786748830,5147,70,3,31.3,51.6,,run
2026-08-15T02:07:15+03:00,1786748835,5152,70,3,31.3,44.5,,run
2026-08-15T02:07:21+03:00,1786748841,5158,70,3,31.3,41.7,,run
2026-08-15T02:07:26+03:00,1786748846,5163,70,3,31.3,43.2,,run
2026-08-15T02:07:31+03:00,1786748851,5168,70,3,31.3,41.1,,run
2026-08-15T02:07:36+03:00,1786748856,5173,70,3,31.3,40.5,,run
2026-08-15T02:07:41+03:00,1786748861,5178,70,3,31.3,41.7,,run
2026-08-15T02:07:47+03:00,1786748867,5184,70,3,31.3,42.6,,run
2026-08-15T02:07:52+03:00,1786748872,5189,70,3,31.3,42.0,,run
2026-08-15T02:07:57+03:00,1786748877,5194,70,3,31.3,41.4,,run
2026-08-15T02:08:02+03:00,1786748882,5199,70,3,31.3,40.8,,run
2026-08-15T02:08:07+03:00,1786748887,5204,70,3,31.3,40.8,,run
2026-08-15T02:08:13+03:00,1786748893,5210,70,3,31.3,42.0,,run
2026-08-15T02:08:18+03:00,1786748898,5215,70,3,31.3,42.0,,run
2026-08-15T02:08:23+03:00,1786748903,5220,70,3,31.3,43.9,,run
2026-08-15T02:08:28+03:00,1786748908,5225,70,3,31.3,47.3,,run
2026-08-15T02:08:34+03:00,1786748914,5231,70,3,31.3,42.6,,run
2026-08-15T02:08:39+03:00,1786748919,5236,70,3,31.3,40.2,,run
2026-08-15T02:08:44+03:00,1786748924,5241,70,3,31.3,40.8,,run
2026-08-15T02:08:49+03:00,1786748929,5246,70,3,31.3,38.6,,run
2026-08-15T02:08:55+03:00,1786748935,5252,70,3,31.3,40.2,,run
2026-08-15T02:09:00+03:00,1786748940,5257,70,3,31.3,41.4,,run
2026-08-15T02:09:05+03:00,1786748945,5262,70,3,31.3,49.4,,run
2026-08-15T02:09:10+03:00,1786748950,5267,70,3,31.3,44.2,,run
2026-08-15T02:09:16+03:00,1786748956,5273,70,3,31.3,42.3,,run
2026-08-15T02:09:21+03:00,1786748961,5278,70,3,31.3,41.1,,run
2026-08-15T02:09:26+03:00,1786748966,5283,70,3,31.3,41.1,,run
2026-08-15T02:09:31+03:00,1786748971,5288,70,3,31.3,41.4,,run
2026-08-15T02:09:37+03:00,1786748977,5294,70,3,31.3,42.6,,run
2026-08-15T02:09:42+03:00,1786748982,5299,70,3,31.3,41.7,,run
2026-08-15T02:09:47+03:00,1786748987,5304,70,3,31.3,41.7,,run
2026-08-15T02:09:52+03:00,1786748992,5309,70,3,31.3,40.8,,run
2026-08-15T02:09:57+03:00,1786748997,5314,70,3,31.3,39.8,,run
2026-08-15T02:10:03+03:00,1786749003,5320,70,3,31.3,43.2,,run
2026-08-15T02:10:08+03:00,1786749008,5325,70,3,31.3,41.1,,run
2026-08-15T02:10:13+03:00,1786749013,5330,70,3,31.3,44.2,,run
2026-08-15T02:10:18+03:00,1786749018,5335,70,3,31.3,41.1,,run
2026-08-15T02:10:24+03:00,1786749024,5341,70,3,31.3,51.9,,run
2026-08-15T02:10:29+03:00,1786749029,5346,70,3,31.3,48.5,,run
2026-08-15T02:10:34+03:00,1786749034,5351,70,3,31.3,41.4,,run
2026-08-15T02:10:40+03:00,1786749040,5357,70,3,31.3,39.8,,run
2026-08-15T02:10:45+03:00,1786749045,5362,70,3,31.3,39.2,,run
2026-08-15T02:10:50+03:00,1786749050,5367,70,3,31.3,38.6,,run
2026-08-15T02:10:55+03:00,1786749055,5372,70,3,31.3,39.5,,run
2026-08-15T02:11:00+03:00,1786749060,5377,70,3,31.3,39.8,,run
2026-08-15T02:11:06+03:00,1786749066,5383,70,3,31.3,53.8,,run
2026-08-15T02:11:11+03:00,1786749071,5388,70,3,31.3,43.6,,run
2026-08-15T02:11:16+03:00,1786749076,5393,70,3,31.3,42.0,,run
2026-08-15T02:11:21+03:00,1786749081,5398,70,3,31.4,40.5,,run
2026-08-15T02:11:27+03:00,1786749087,5404,70,3,31.4,43.2,,run
2026-08-15T02:11:32+03:00,1786749092,5409,70,3,31.4,41.7,,run
2026-08-15T02:11:37+03:00,1786749097,5414,70,3,31.4,40.8,,run
2026-08-15T02:11:42+03:00,1786749102,5419,70,3,31.4,41.7,,run
2026-08-15T02:11:48+03:00,1786749108,5425,70,3,31.4,41.1,,run
2026-08-15T02:11:53+03:00,1786749113,5430,70,3,31.4,41.4,,run
2026-08-15T02:11:58+03:00,1786749118,5435,70,3,31.4,42.0,,run
2026-08-15T02:12:03+03:00,1786749123,5440,70,3,31.4,41.4,,run
2026-08-15T02:12:08+03:00,1786749128,5445,70,3,31.4,42.0,,run
2026-08-15T02:12:14+03:00,1786749134,5451,70,3,31.4,40.5,,run
2026-08-15T02:12:19+03:00,1786749139,5456,70,3,31.4,47.3,,run
2026-08-15T02:12:24+03:00,1786749144,5461,70,3,31.4,51.9,,run
2026-08-15T02:12:29+03:00,1786749149,5466,70,3,31.4,43.2,,run
2026-08-15T02:12:35+03:00,1786749155,5472,70,3,31.4,40.2,,run
2026-08-15T02:12:40+03:00,1786749160,5477,70,3,31.4,40.5,,run
2026-08-15T02:12:45+03:00,1786749165,5482,70,3,31.4,39.5,,run
2026-08-15T02:12:50+03:00,1786749170,5487,70,3,31.4,38.9,,run
2026-08-15T02:12:56+03:00,1786749176,5493,70,3,31.4,40.2,,run
2026-08-15T02:13:01+03:00,1786749181,5498,70,3,31.4,42.9,,run
2026-08-15T02:13:06+03:00,1786749186,5503,70,3,31.4,51.9,,run
2026-08-15T02:13:11+03:00,1786749191,5508,70,3,31.4,43.9,,run
2026-08-15T02:13:17+03:00,1786749197,5514,70,3,31.4,43.6,,run
2026-08-15T02:13:22+03:00,1786749202,5519,70,3,31.4,42.9,,run
2026-08-15T02:13:27+03:00,1786749207,5524,70,3,31.4,41.1,,run
2026-08-15T02:13:32+03:00,1786749212,5529,70,3,31.4,42.0,,run
2026-08-15T02:13:38+03:00,1786749218,5535,70,3,31.4,43.2,,run
2026-08-15T02:13:43+03:00,1786749223,5540,70,3,31.4,44.2,,run
2026-08-15T02:13:48+03:00,1786749228,5545,70,3,31.4,44.5,,run
2026-08-15T02:13:53+03:00,1786749233,5550,70,3,31.4,42.0,,run
2026-08-15T02:13:58+03:00,1786749238,5555,70,3,31.4,41.1,,run
2026-08-15T02:14:04+03:00,1786749244,5561,70,3,31.4,42.0,,run
2026-08-15T02:14:09+03:00,1786749249,5566,70,3,31.4,42.6,,run
2026-08-15T02:14:14+03:00,1786749254,5571,70,3,31.4,44.2,,run
2026-08-15T02:14:19+03:00,1786749259,5576,70,3,31.4,47.0,,run
2026-08-15T02:14:25+03:00,1786749265,5582,70,3,31.4,47.6,,run
2026-08-15T02:14:30+03:00,1786749270,5587,70,3,31.4,42.0,,run
2026-08-15T02:14:35+03:00,1786749275,5592,70,3,31.4,40.8,,run
2026-08-15T02:14:40+03:00,1786749280,5597,70,3,31.4,41.4,,run
2026-08-15T02:14:46+03:00,1786749286,5603,70,3,31.4,38.6,,run
2026-08-15T02:14:51+03:00,1786749291,5608,70,3,31.4,39.5,,run
2026-08-15T02:14:56+03:00,1786749296,5613,70,3,31.4,39.2,,run
2026-08-15T02:15:01+03:00,1786749301,5618,69,3,31.5,42.6,,run
2026-08-15T02:15:07+03:00,1786749307,5624,69,3,31.5,47.0,,run
2026-08-15T02:15:12+03:00,1786749312,5629,69,3,31.5,42.3,,run
2026-08-15T02:15:17+03:00,1786749317,5634,69,3,31.5,41.1,,run
2026-08-15T02:15:22+03:00,1786749322,5639,69,3,31.5,40.5,,run
2026-08-15T02:15:28+03:00,1786749328,5645,69,3,31.5,42.6,,run
2026-08-15T02:15:33+03:00,1786749333,5650,69,3,31.5,41.4,,run
2026-08-15T02:15:38+03:00,1786749338,5655,69,3,31.5,40.8,,run
2026-08-15T02:15:43+03:00,1786749343,5660,69,3,31.5,40.5,,run
2026-08-15T02:15:48+03:00,1786749348,5665,69,3,31.5,40.2,,run
2026-08-15T02:15:54+03:00,1786749354,5671,69,3,31.5,40.8,,run
2026-08-15T02:15:59+03:00,1786749359,5676,69,3,31.5,42.3,,run
2026-08-15T02:16:04+03:00,1786749364,5681,69,3,31.5,41.4,,run
2026-08-15T02:16:09+03:00,1786749369,5686,69,3,31.5,41.7,,run
2026-08-15T02:16:14+03:00,1786749374,5691,69,3,31.5,39.8,,run
2026-08-15T02:16:20+03:00,1786749380,5697,69,3,31.5,50.4,,run
2026-08-15T02:16:25+03:00,1786749385,5702,69,3,31.5,43.2,,run
2026-08-15T02:16:30+03:00,1786749390,5707,69,3,31.5,42.0,,run
2026-08-15T02:16:36+03:00,1786749396,5713,69,3,31.5,39.5,,run
2026-08-15T02:16:41+03:00,1786749401,5718,69,3,31.5,39.2,,run
2026-08-15T02:16:46+03:00,1786749406,5723,69,3,31.5,52.2,,run
2026-08-15T02:16:51+03:00,1786749411,5728,69,3,31.5,42.3,,run
2026-08-15T02:16:57+03:00,1786749417,5734,69,3,31.5,41.1,,run
2026-08-15T02:17:02+03:00,1786749422,5739,69,3,31.5,41.4,,run
2026-08-15T02:17:07+03:00,1786749427,5744,69,3,31.5,42.3,,run
2026-08-15T02:17:12+03:00,1786749432,5749,69,3,31.5,42.0,,run
2026-08-15T02:17:18+03:00,1786749438,5755,69,3,31.5,41.7,,run
2026-08-15T02:17:23+03:00,1786749443,5760,69,3,31.5,41.4,,run
2026-08-15T02:17:28+03:00,1786749448,5765,69,3,31.5,40.5,,run
2026-08-15T02:17:33+03:00,1786749453,5770,69,3,31.5,41.1,,run
2026-08-15T02:17:38+03:00,1786749458,5775,69,3,31.5,42.9,,run
2026-08-15T02:17:44+03:00,1786749464,5781,69,3,31.5,42.3,,run
2026-08-15T02:17:49+03:00,1786749469,5786,69,3,31.5,41.4,,run
2026-08-15T02:17:54+03:00,1786749474,5791,69,3,31.5,40.8,,run
2026-08-15T02:17:59+03:00,1786749479,5796,69,3,31.5,44.5,,run
2026-08-15T02:18:05+03:00,1786749485,5802,69,3,31.5,50.7,,run
2026-08-15T02:18:10+03:00,1786749490,5807,69,3,31.5,42.6,,run
2026-08-15T02:18:15+03:00,1786749495,5812,69,3,31.5,39.5,,run
2026-08-15T02:18:20+03:00,1786749500,5817,69,3,31.5,40.8,,run
2026-08-15T02:18:26+03:00,1786749506,5823,69,3,31.5,39.5,,run
2026-08-15T02:18:31+03:00,1786749511,5828,69,3,31.5,38.9,,run
2026-08-15T02:18:36+03:00,1786749516,5833,69,3,31.5,39.2,,run
2026-08-15T02:18:41+03:00,1786749521,5838,69,3,31.5,43.9,,run
2026-08-15T02:18:47+03:00,1786749527,5844,69,3,31.5,49.4,,run
2026-08-15T02:18:52+03:00,1786749532,5849,69,3,31.5,43.9,,run
2026-08-15T02:18:57+03:00,1786749537,5854,69,3,31.5,42.6,,run
2026-08-15T02:19:02+03:00,1786749542,5859,69,3,31.5,41.7,,run
2026-08-15T02:19:07+03:00,1786749547,5864,69,3,31.5,40.8,,run
2026-08-15T02:19:13+03:00,1786749553,5870,69,3,31.5,40.8,,run
2026-08-15T02:19:18+03:00,1786749558,5875,69,3,31.5,42.6,,run
2026-08-15T02:19:23+03:00,1786749563,5880,69,3,31.5,41.4,,run
2026-08-15T02:19:28+03:00,1786749568,5885,69,3,31.5,41.7,,run
2026-08-15T02:19:34+03:00,1786749574,5891,69,3,31.5,40.8,,run
2026-08-15T02:19:39+03:00,1786749579,5896,69,3,31.5,40.2,,run
2026-08-15T02:19:44+03:00,1786749584,5901,69,3,31.5,41.1,,run
2026-08-15T02:19:49+03:00,1786749589,5906,69,3,31.5,42.3,,run
2026-08-15T02:19:54+03:00,1786749594,5911,69,3,31.5,40.8,,run
2026-08-15T02:20:00+03:00,1786749600,5917,69,3,31.5,49.4,,run
2026-08-15T02:20:05+03:00,1786749605,5922,69,3,31.5,43.6,,run
2026-08-15T02:20:10+03:00,1786749610,5927,69,3,31.5,42.6,,run
2026-08-15T02:20:16+03:00,1786749616,5933,69,3,31.5,39.8,,run
2026-08-15T02:20:21+03:00,1786749621,5938,69,3,31.5,40.5,,run
2026-08-15T02:20:26+03:00,1786749626,5943,69,3,31.5,38.6,,run
2026-08-15T02:20:31+03:00,1786749631,5948,69,3,31.5,38.6,,run
2026-08-15T02:20:36+03:00,1786749636,5953,69,3,31.5,39.5,,run
2026-08-15T02:20:42+03:00,1786749642,5959,69,3,31.5,46.7,,run
2026-08-15T02:20:47+03:00,1786749647,5964,69,3,31.5,44.8,,run
2026-08-15T02:20:53+03:00,1786749653,5970,69,3,31.5,42.0,,run
2026-08-15T02:20:58+03:00,1786749658,5975,69,3,31.5,42.9,,run
2026-08-15T02:21:03+03:00,1786749663,5980,69,3,31.5,44.5,,run
2026-08-15T02:21:08+03:00,1786749668,5985,69,3,31.5,44.8,,run
2026-08-15T02:21:13+03:00,1786749673,5990,69,3,31.5,43.2,,run
2026-08-15T02:21:19+03:00,1786749679,5996,69,3,31.5,41.7,,run
2026-08-15T02:21:24+03:00,1786749684,6001,69,3,31.5,41.7,,run
2026-08-15T02:21:29+03:00,1786749689,6006,69,3,31.5,43.6,,run
2026-08-15T02:21:34+03:00,1786749694,6011,69,3,31.5,44.2,,run
2026-08-15T02:21:40+03:00,1786749700,6017,69,3,31.5,42.9,,run
2026-08-15T02:21:45+03:00,1786749705,6022,69,3,31.5,42.0,,run
2026-08-15T02:21:50+03:00,1786749710,6027,69,3,31.5,41.7,,run
2026-08-15T02:21:55+03:00,1786749715,6032,69,3,31.5,41.7,,run
2026-08-15T02:22:00+03:00,1786749720,6037,69,3,31.5,53.5,,run
2026-08-15T02:22:06+03:00,1786749726,6043,69,3,31.5,45.7,,run
2026-08-15T02:22:11+03:00,1786749731,6048,69,3,31.5,41.7,,run
2026-08-15T02:22:17+03:00,1786749737,6054,69,3,31.5,40.5,,run
2026-08-15T02:22:22+03:00,1786749742,6059,69,3,31.5,40.2,,run
2026-08-15T02:22:27+03:00,1786749747,6064,69,3,31.6,38.9,,run
2026-08-15T02:22:32+03:00,1786749752,6069,69,3,31.6,38.9,,run
2026-08-15T02:22:37+03:00,1786749757,6074,69,3,31.6,42.0,,run
2026-08-15T02:22:43+03:00,1786749763,6080,69,3,31.6,54.1,,run
2026-08-15T02:22:48+03:00,1786749768,6085,69,3,31.6,43.9,,run
2026-08-15T02:22:53+03:00,1786749773,6090,69,3,31.6,42.0,,run
2026-08-15T02:22:59+03:00,1786749779,6096,69,3,31.6,41.4,,run
2026-08-15T02:23:04+03:00,1786749784,6101,69,3,31.6,42.0,,run
2026-08-15T02:23:09+03:00,1786749789,6106,69,3,31.6,43.9,,run
2026-08-15T02:23:14+03:00,1786749794,6111,69,3,31.6,42.3,,run
2026-08-15T02:23:19+03:00,1786749799,6116,69,3,31.6,41.4,,run
2026-08-15T02:23:25+03:00,1786749805,6122,69,3,31.6,41.1,,run
2026-08-15T02:23:30+03:00,1786749810,6127,69,3,31.6,41.4,,run
2026-08-15T02:23:35+03:00,1786749815,6132,69,3,31.6,42.9,,run
2026-08-15T02:23:40+03:00,1786749820,6137,69,3,31.6,42.0,,run
2026-08-15T02:23:46+03:00,1786749826,6143,69,3,31.6,40.8,,run
2026-08-15T02:23:51+03:00,1786749831,6148,69,3,31.6,40.5,,run
2026-08-15T02:23:56+03:00,1786749836,6153,69,3,31.6,48.8,,run
2026-08-15T02:24:01+03:00,1786749841,6158,69,3,31.6,52.2,,run
2026-08-15T02:24:07+03:00,1786749847,6164,69,3,31.6,43.6,,run
2026-08-15T02:24:12+03:00,1786749852,6169,69,3,31.6,40.5,,run
2026-08-15T02:24:17+03:00,1786749857,6174,69,3,31.6,40.5,,run
2026-08-15T02:24:22+03:00,1786749862,6179,69,3,31.6,39.2,,run
2026-08-15T02:24:27+03:00,1786749867,6184,69,3,31.6,38.6,,run
2026-08-15T02:24:33+03:00,1786749873,6190,69,3,31.6,38.9,,run
2026-08-15T02:24:38+03:00,1786749878,6195,69,3,31.6,43.9,,run
2026-08-15T02:24:43+03:00,1786749883,6200,69,3,31.6,51.0,,run
2026-08-15T02:24:48+03:00,1786749888,6205,69,3,31.6,45.1,,run
2026-08-15T02:24:54+03:00,1786749894,6211,69,3,31.6,44.8,,run
2026-08-15T02:24:59+03:00,1786749899,6216,69,3,31.6,42.3,,run
2026-08-15T02:25:04+03:00,1786749904,6221,69,3,31.6,42.6,,run
2026-08-15T02:25:09+03:00,1786749909,6226,69,3,31.6,42.0,,run
2026-08-15T02:25:15+03:00,1786749915,6232,69,3,31.6,42.6,,run
2026-08-15T02:25:20+03:00,1786749920,6237,69,3,31.6,43.2,,run
2026-08-15T02:25:25+03:00,1786749925,6242,69,3,31.6,42.9,,run
2026-08-15T02:25:30+03:00,1786749930,6247,69,3,31.6,42.6,,run
2026-08-15T02:25:35+03:00,1786749935,6252,69,3,31.6,41.4,,run
2026-08-15T02:25:41+03:00,1786749941,6258,69,3,31.6,40.8,,run
2026-08-15T02:25:46+03:00,1786749946,6263,69,3,31.6,43.2,,run
2026-08-15T02:25:51+03:00,1786749951,6268,69,3,31.6,43.6,,run
2026-08-15T02:25:56+03:00,1786749956,6273,69,3,31.6,50.4,,run
2026-08-15T02:26:02+03:00,1786749962,6279,69,3,31.6,44.5,,run
2026-08-15T02:26:07+03:00,1786749967,6284,69,3,31.6,42.9,,run
2026-08-15T02:26:12+03:00,1786749972,6289,69,3,31.6,39.8,,run
2026-08-15T02:26:18+03:00,1786749978,6295,69,3,31.6,39.5,,run
2026-08-15T02:26:23+03:00,1786749983,6300,69,3,31.6,38.9,,run
2026-08-15T02:26:28+03:00,1786749988,6305,69,3,31.6,39.2,,run
2026-08-15T02:26:33+03:00,1786749993,6310,69,3,31.6,39.5,,run
2026-08-15T02:26:38+03:00,1786749998,6315,69,3,31.6,51.3,,run
2026-08-15T02:26:44+03:00,1786750004,6321,69,3,31.6,42.9,,run
2026-08-15T02:26:50+03:00,1786750010,6327,68,3,31.6,42.0,,run
2026-08-15T02:26:55+03:00,1786750015,6332,68,3,31.6,42.3,,run
2026-08-15T02:27:00+03:00,1786750020,6337,68,3,31.6,42.0,,run
2026-08-15T02:27:05+03:00,1786750025,6342,68,3,31.6,40.8,,run
2026-08-15T02:27:10+03:00,1786750030,6347,68,3,31.6,41.7,,run
2026-08-15T02:27:16+03:00,1786750036,6353,68,3,31.6,40.8,,run
2026-08-15T02:27:21+03:00,1786750041,6358,68,3,31.6,43.2,,run
2026-08-15T02:27:26+03:00,1786750046,6363,68,3,31.6,42.0,,run
2026-08-15T02:27:31+03:00,1786750051,6368,68,3,31.6,42.0,,run
2026-08-15T02:27:37+03:00,1786750057,6374,68,3,31.6,41.1,,run
2026-08-15T02:27:42+03:00,1786750062,6379,68,3,31.6,41.7,,run
2026-08-15T02:27:47+03:00,1786750067,6384,68,3,31.6,40.8,,run
2026-08-15T02:27:52+03:00,1786750072,6389,68,3,31.6,42.0,,run
2026-08-15T02:27:57+03:00,1786750077,6394,68,3,31.6,53.8,,run
2026-08-15T02:28:03+03:00,1786750083,6400,68,3,31.6,47.6,,run
2026-08-15T02:28:08+03:00,1786750088,6405,68,3,31.6,41.1,,run
2026-08-15T02:28:13+03:00,1786750093,6410,68,3,31.6,40.5,,run
2026-08-15T02:28:19+03:00,1786750099,6416,68,3,31.6,38.9,,run
2026-08-15T02:28:24+03:00,1786750104,6421,68,3,31.6,39.8,,run
2026-08-15T02:28:29+03:00,1786750109,6426,68,3,31.6,39.5,,run
2026-08-15T02:28:34+03:00,1786750114,6431,68,3,31.6,40.2,,run
2026-08-15T02:28:40+03:00,1786750120,6437,68,3,31.6,51.9,,run
2026-08-15T02:28:45+03:00,1786750125,6442,68,3,31.6,43.2,,run
2026-08-15T02:28:50+03:00,1786750130,6447,68,3,31.6,41.7,,run
2026-08-15T02:28:55+03:00,1786750135,6452,68,3,31.6,42.9,,run
2026-08-15T02:29:01+03:00,1786750141,6458,68,3,31.6,42.3,,run
2026-08-15T02:29:06+03:00,1786750146,6463,68,3,31.6,41.1,,run
2026-08-15T02:29:11+03:00,1786750151,6468,68,3,31.6,40.5,,run
2026-08-15T02:29:16+03:00,1786750156,6473,68,3,31.6,40.2,,run
2026-08-15T02:29:21+03:00,1786750161,6478,68,3,31.6,41.4,,run
2026-08-15T02:29:27+03:00,1786750167,6484,68,3,31.6,42.0,,run
2026-08-15T02:29:32+03:00,1786750172,6489,68,3,31.6,40.2,,run
2026-08-15T02:29:37+03:00,1786750177,6494,68,3,31.6,41.4,,run
2026-08-15T02:29:42+03:00,1786750182,6499,68,3,31.6,40.5,,run
2026-08-15T02:29:48+03:00,1786750188,6505,68,3,31.6,39.8,,run
2026-08-15T02:29:53+03:00,1786750193,6510,68,3,31.6,50.7,,run
2026-08-15T02:29:58+03:00,1786750198,6515,68,3,31.6,51.0,,run
2026-08-15T02:30:03+03:00,1786750203,6520,68,3,31.6,41.7,,run
2026-08-15T02:30:08+03:00,1786750208,6525,68,3,31.6,39.5,,run
2026-08-15T02:30:14+03:00,1786750214,6531,68,3,31.6,40.2,,run
2026-08-15T02:30:19+03:00,1786750219,6536,68,3,31.6,50.7,,run
2026-08-15T02:30:24+03:00,1786750224,6541,68,3,31.6,42.0,,run
2026-08-15T02:30:30+03:00,1786750230,6547,68,3,31.6,41.7,,run
2026-08-15T02:30:35+03:00,1786750235,6552,68,3,31.6,43.6,,run
2026-08-15T02:30:40+03:00,1786750240,6557,68,3,31.6,41.4,,run
2026-08-15T02:30:45+03:00,1786750245,6562,68,3,31.6,40.5,,run
2026-08-15T02:30:51+03:00,1786750251,6568,68,3,31.6,40.5,,run
2026-08-15T02:30:56+03:00,1786750256,6573,68,3,31.6,40.8,,run
2026-08-15T02:31:01+03:00,1786750261,6578,68,3,31.6,41.1,,run
2026-08-15T02:31:06+03:00,1786750266,6583,68,3,31.6,41.7,,run
2026-08-15T02:31:11+03:00,1786750271,6588,68,3,31.6,40.8,,run
2026-08-15T02:31:17+03:00,1786750277,6594,68,3,31.6,40.8,,run
2026-08-15T02:31:22+03:00,1786750282,6599,68,3,31.4,41.4,,run
2026-08-15T02:31:27+03:00,1786750287,6604,68,3,31.4,40.8,,run
2026-08-15T02:31:32+03:00,1786750292,6609,68,3,31.4,47.0,,run
2026-08-15T02:31:38+03:00,1786750298,6615,68,3,31.4,53.1,,run
2026-08-15T02:31:43+03:00,1786750303,6620,68,3,31.4,44.8,,run
2026-08-15T02:31:49+03:00,1786750309,6626,68,3,31.4,41.1,,run
2026-08-15T02:31:54+03:00,1786750314,6631,68,3,31.4,39.5,,run
2026-08-15T02:31:59+03:00,1786750319,6636,68,3,31.4,39.8,,run
2026-08-15T02:32:04+03:00,1786750324,6641,68,3,31.4,39.2,,run
2026-08-15T02:32:09+03:00,1786750329,6646,68,3,31.4,39.8,,run
2026-08-15T02:32:15+03:00,1786750335,6652,68,3,31.4,40.2,,run
2026-08-15T02:32:20+03:00,1786750340,6657,68,3,31.4,52.8,,run
2026-08-15T02:32:25+03:00,1786750345,6662,68,3,31.4,41.7,,run
2026-08-15T02:32:30+03:00,1786750350,6667,68,3,31.4,41.7,,run
2026-08-15T02:32:36+03:00,1786750356,6673,68,3,31.4,42.9,,run
2026-08-15T02:32:41+03:00,1786750361,6678,68,3,31.4,41.7,,run
2026-08-15T02:32:46+03:00,1786750366,6683,68,3,31.4,40.5,,run
2026-08-15T02:32:51+03:00,1786750371,6688,68,3,31.4,41.4,,run
2026-08-15T02:32:56+03:00,1786750376,6693,68,3,31.4,40.5,,run
2026-08-15T02:33:02+03:00,1786750382,6699,68,3,31.4,41.7,,run
2026-08-15T02:33:07+03:00,1786750387,6704,68,3,31.4,42.0,,run
2026-08-15T02:33:12+03:00,1786750392,6709,68,3,31.4,41.4,,run
2026-08-15T02:33:17+03:00,1786750397,6714,68,3,31.4,40.8,,run
2026-08-15T02:33:23+03:00,1786750403,6720,68,3,31.4,40.5,,run
2026-08-15T02:33:28+03:00,1786750408,6725,68,3,31.4,41.1,,run
2026-08-15T02:33:33+03:00,1786750413,6730,68,3,31.4,45.4,,run
2026-08-15T02:33:38+03:00,1786750418,6735,68,3,31.4,50.4,,run
2026-08-15T02:33:43+03:00,1786750423,6740,68,3,31.4,42.0,,run
2026-08-15T02:33:49+03:00,1786750429,6746,68,3,31.4,39.5,,run
2026-08-15T02:33:54+03:00,1786750434,6751,68,3,31.4,40.2,,run
2026-08-15T02:33:59+03:00,1786750439,6756,68,3,31.4,39.8,,run
2026-08-15T02:34:04+03:00,1786750444,6761,68,3,31.4,39.5,,run
2026-08-15T02:34:10+03:00,1786750450,6767,68,3,31.4,41.1,,run
2026-08-15T02:34:15+03:00,1786750455,6772,68,3,31.4,44.8,,run
2026-08-15T02:34:20+03:00,1786750460,6777,68,3,31.4,46.7,,run
2026-08-15T02:34:25+03:00,1786750465,6782,68,3,31.4,41.1,,run
2026-08-15T02:34:31+03:00,1786750471,6788,68,3,31.4,40.8,,run
2026-08-15T02:34:36+03:00,1786750476,6793,68,3,31.4,41.1,,run
2026-08-15T02:34:41+03:00,1786750481,6798,68,3,31.4,42.0,,run
2026-08-15T02:34:46+03:00,1786750486,6803,68,3,31.4,44.2,,run
2026-08-15T02:34:51+03:00,1786750491,6808,68,3,31.4,42.0,,run
2026-08-15T02:34:57+03:00,1786750497,6814,68,3,31.4,40.5,,run
2026-08-15T02:35:02+03:00,1786750502,6819,68,3,31.4,41.4,,run
2026-08-15T02:35:07+03:00,1786750507,6824,68,3,31.4,40.5,,run
2026-08-15T02:35:12+03:00,1786750512,6829,68,3,31.4,42.6,,run
2026-08-15T02:35:18+03:00,1786750518,6835,68,3,31.4,41.1,,run
2026-08-15T02:35:23+03:00,1786750523,6840,68,3,31.4,40.5,,run
2026-08-15T02:35:28+03:00,1786750528,6845,68,3,31.4,40.5,,run
2026-08-15T02:35:33+03:00,1786750533,6850,68,3,31.4,51.0,,run
2026-08-15T02:35:39+03:00,1786750539,6856,68,3,31.4,43.2,,run
2026-08-15T02:35:44+03:00,1786750544,6861,68,3,31.4,42.0,,run
2026-08-15T02:35:49+03:00,1786750549,6866,68,3,31.4,40.2,,run
2026-08-15T02:35:54+03:00,1786750554,6871,68,3,31.4,38.9,,run
2026-08-15T02:36:00+03:00,1786750560,6877,68,3,31.4,39.2,,run
2026-08-15T02:36:05+03:00,1786750565,6882,68,3,31.4,39.2,,run
2026-08-15T02:36:10+03:00,1786750570,6887,68,3,31.4,38.9,,run
2026-08-15T02:36:15+03:00,1786750575,6892,68,3,31.4,53.5,,run
2026-08-15T02:36:21+03:00,1786750581,6898,68,3,31.4,43.2,,run
2026-08-15T02:36:26+03:00,1786750586,6903,68,3,31.4,41.7,,run
2026-08-15T02:36:31+03:00,1786750591,6908,68,3,31.4,40.8,,run
2026-08-15T02:36:37+03:00,1786750597,6914,68,3,31.4,41.4,,run
2026-08-15T02:36:42+03:00,1786750602,6919,68,3,31.4,41.4,,run
2026-08-15T02:36:47+03:00,1786750607,6924,68,3,31.4,41.4,,run
2026-08-15T02:36:52+03:00,1786750612,6929,68,3,31.4,42.0,,run
2026-08-15T02:36:58+03:00,1786750618,6935,68,3,31.4,42.0,,run
2026-08-15T02:37:03+03:00,1786750623,6940,68,3,31.4,41.1,,run
2026-08-15T02:37:08+03:00,1786750628,6945,68,3,31.4,41.4,,run
2026-08-15T02:37:13+03:00,1786750633,6950,68,3,31.4,40.5,,run
2026-08-15T02:37:18+03:00,1786750638,6955,68,3,31.4,40.5,,run
2026-08-15T02:37:24+03:00,1786750644,6961,68,3,31.4,42.9,,run
2026-08-15T02:37:29+03:00,1786750649,6966,68,3,31.4,43.9,,run
2026-08-15T02:37:34+03:00,1786750654,6971,68,3,31.4,53.5,,run
2026-08-15T02:37:40+03:00,1786750660,6977,68,3,31.4,43.6,,run
2026-08-15T02:37:45+03:00,1786750665,6982,68,3,31.4,41.1,,run
2026-08-15T02:37:50+03:00,1786750670,6987,68,3,31.4,40.8,,run
2026-08-15T02:37:55+03:00,1786750675,6992,68,3,31.4,50.4,,run
2026-08-15T02:38:01+03:00,1786750681,6998,68,3,31.4,43.2,,run
2026-08-15T02:38:06+03:00,1786750686,7003,68,3,31.4,41.1,,run
2026-08-15T02:38:11+03:00,1786750691,7008,68,3,31.4,42.6,,run
2026-08-15T02:38:17+03:00,1786750697,7014,68,3,31.4,40.8,,run
2026-08-15T02:38:22+03:00,1786750702,7019,68,3,31.4,40.8,,run
2026-08-15T02:38:27+03:00,1786750707,7024,68,3,31.4,41.1,,run
2026-08-15T02:38:32+03:00,1786750712,7029,67,3,31.5,40.8,,run
2026-08-15T02:38:37+03:00,1786750717,7034,67,3,31.5,41.1,,run
2026-08-15T02:38:43+03:00,1786750723,7040,67,3,31.5,44.2,,run
2026-08-15T02:38:48+03:00,1786750728,7045,67,3,31.5,41.7,,run
2026-08-15T02:38:53+03:00,1786750733,7050,67,3,31.5,41.1,,run
2026-08-15T02:38:58+03:00,1786750738,7055,67,3,31.5,40.8,,run
2026-08-15T02:39:04+03:00,1786750744,7061,67,3,31.5,41.1,,run
2026-08-15T02:39:09+03:00,1786750749,7066,67,3,31.5,41.1,,run
2026-08-15T02:39:14+03:00,1786750754,7071,67,3,31.5,53.1,,run
2026-08-15T02:39:20+03:00,1786750760,7077,67,3,31.5,46.3,,run
2026-08-15T02:39:25+03:00,1786750765,7082,67,3,31.5,40.5,,run
2026-08-15T02:39:30+03:00,1786750770,7087,67,3,31.5,39.8,,run
2026-08-15T02:39:35+03:00,1786750775,7092,67,3,31.5,39.8,,run
2026-08-15T02:39:40+03:00,1786750780,7097,67,3,31.5,39.2,,run
2026-08-15T02:39:46+03:00,1786750786,7103,67,3,31.5,40.2,,run
2026-08-15T02:39:51+03:00,1786750791,7108,67,3,31.5,40.2,,run
2026-08-15T02:39:56+03:00,1786750796,7113,67,3,31.5,53.1,,run
2026-08-15T02:40:01+03:00,1786750801,7118,67,3,31.5,42.6,,run
2026-08-15T02:40:07+03:00,1786750807,7124,67,3,31.5,40.8,,run
2026-08-15T02:40:12+03:00,1786750812,7129,67,3,31.5,43.6,,run
2026-08-15T02:40:17+03:00,1786750817,7134,67,3,31.5,41.7,,run
2026-08-15T02:40:22+03:00,1786750822,7139,67,3,31.5,41.1,,run
2026-08-15T02:40:28+03:00,1786750828,7145,67,3,31.5,40.2,,run
2026-08-15T02:40:33+03:00,1786750833,7150,67,3,31.5,40.2,,run
2026-08-15T02:40:38+03:00,1786750838,7155,67,3,31.5,41.7,,run
2026-08-15T02:40:43+03:00,1786750843,7160,67,3,31.5,41.4,,run
2026-08-15T02:40:48+03:00,1786750848,7165,67,3,31.5,42.0,,run
2026-08-15T02:40:54+03:00,1786750854,7171,67,3,31.5,41.1,,run
2026-08-15T02:40:59+03:00,1786750859,7176,67,3,31.5,40.2,,run
2026-08-15T02:41:04+03:00,1786750864,7181,67,3,31.5,40.2,,run
2026-08-15T02:41:09+03:00,1786750869,7186,67,3,31.5,44.2,,run
2026-08-15T02:41:15+03:00,1786750875,7192,67,3,31.5,48.5,,run
2026-08-15T02:41:20+03:00,1786750880,7197,67,3,31.5,43.6,,run
2026-08-15T02:41:25+03:00,1786750885,7202,67,3,31.5,40.8,,run
2026-08-15T02:41:30+03:00,1786750890,7207,67,3,31.5,38.9,,run
2026-08-15T02:41:35+03:00,1786750895,7212,67,3,31.5,38.6,,run
2026-08-15T02:41:41+03:00,1786750901,7218,67,3,31.5,39.5,,run
2026-08-15T02:41:46+03:00,1786750906,7223,67,3,31.5,41.4,,run
2026-08-15T02:41:51+03:00,1786750911,7228,67,3,31.5,42.0,,run
2026-08-15T02:41:56+03:00,1786750916,7233,67,3,31.5,49.4,,run
2026-08-15T02:42:02+03:00,1786750922,7239,67,3,31.5,42.0,,run
2026-08-15T02:42:07+03:00,1786750927,7244,67,3,31.5,40.8,,run
2026-08-15T02:42:12+03:00,1786750932,7249,67,3,31.5,40.8,,run
2026-08-15T02:42:17+03:00,1786750937,7254,67,3,31.5,41.1,,run
2026-08-15T02:42:23+03:00,1786750943,7260,67,3,31.5,42.0,,run
2026-08-15T02:42:28+03:00,1786750948,7265,67,3,31.5,41.4,,run
2026-08-15T02:42:33+03:00,1786750953,7270,67,3,31.5,41.7,,run
2026-08-15T02:42:38+03:00,1786750958,7275,67,3,31.5,40.2,,run
2026-08-15T02:42:43+03:00,1786750963,7280,67,3,31.5,40.8,,run
2026-08-15T02:42:49+03:00,1786750969,7286,67,3,31.5,40.5,,run
2026-08-15T02:42:54+03:00,1786750974,7291,67,3,31.5,42.6,,run
2026-08-15T02:42:59+03:00,1786750979,7296,67,3,31.5,42.0,,run
2026-08-15T02:43:04+03:00,1786750984,7301,67,3,31.5,40.8,,run
2026-08-15T02:43:09+03:00,1786750989,7306,67,3,31.5,49.1,,run
2026-08-15T02:43:15+03:00,1786750995,7312,67,3,31.5,42.9,,run
2026-08-15T02:43:20+03:00,1786751000,7317,67,3,31.5,42.6,,run
2026-08-15T02:43:25+03:00,1786751005,7322,67,3,31.5,39.8,,run
2026-08-15T02:43:31+03:00,1786751011,7328,67,3,31.5,40.5,,run
2026-08-15T02:43:36+03:00,1786751016,7333,67,3,31.5,39.2,,run
2026-08-15T02:43:41+03:00,1786751021,7338,67,3,31.5,40.2,,run
2026-08-15T02:43:46+03:00,1786751026,7343,67,3,31.5,39.5,,run
2026-08-15T02:43:52+03:00,1786751032,7349,67,3,31.5,48.8,,run
2026-08-15T02:43:57+03:00,1786751037,7354,67,3,31.5,43.2,,run
2026-08-15T02:44:02+03:00,1786751042,7359,67,3,31.5,42.6,,run
2026-08-15T02:44:08+03:00,1786751048,7365,67,3,31.5,42.6,,run
2026-08-15T02:44:13+03:00,1786751053,7370,67,3,31.5,41.1,,run
2026-08-15T02:44:18+03:00,1786751058,7375,67,3,31.5,40.2,,run
2026-08-15T02:44:23+03:00,1786751063,7380,67,3,31.5,40.8,,run
2026-08-15T02:44:29+03:00,1786751069,7386,67,3,31.5,40.2,,run
2026-08-15T02:44:34+03:00,1786751074,7391,67,3,31.5,42.0,,run
2026-08-15T02:44:39+03:00,1786751079,7396,67,3,31.5,41.4,,run
2026-08-15T02:44:44+03:00,1786751084,7401,67,3,31.5,40.2,,run
2026-08-15T02:44:49+03:00,1786751089,7406,67,3,31.5,40.8,,run
2026-08-15T02:44:55+03:00,1786751095,7412,67,3,31.5,40.8,,run
2026-08-15T02:45:00+03:00,1786751100,7417,67,3,31.5,40.8,,run
2026-08-15T02:45:05+03:00,1786751105,7422,67,3,31.5,42.3,,run
2026-08-15T02:45:10+03:00,1786751110,7427,67,3,31.5,52.8,,run
2026-08-15T02:45:16+03:00,1786751116,7433,67,3,31.5,45.7,,run
2026-08-15T02:45:21+03:00,1786751121,7438,67,3,31.5,40.8,,run
2026-08-15T02:45:26+03:00,1786751126,7443,67,3,31.5,40.5,,run
2026-08-15T02:45:32+03:00,1786751132,7449,67,3,31.5,39.2,,run
2026-08-15T02:45:37+03:00,1786751137,7454,67,3,31.5,39.5,,run
2026-08-15T02:45:42+03:00,1786751142,7459,67,3,31.5,38.9,,run
2026-08-15T02:45:47+03:00,1786751147,7464,67,3,31.5,39.5,,run
2026-08-15T02:45:52+03:00,1786751152,7469,67,3,31.5,51.9,,run
2026-08-15T02:45:58+03:00,1786751158,7475,67,3,31.5,42.9,,run
2026-08-15T02:46:03+03:00,1786751163,7480,67,3,31.5,41.4,,run
2026-08-15T02:46:08+03:00,1786751168,7485,67,3,31.5,40.8,,run
2026-08-15T02:46:13+03:00,1786751173,7490,67,3,31.5,42.3,,run
2026-08-15T02:46:19+03:00,1786751179,7496,67,3,31.5,42.3,,run
2026-08-15T02:46:24+03:00,1786751184,7501,67,3,31.5,40.8,,run
2026-08-15T02:46:29+03:00,1786751189,7506,67,3,31.5,40.8,,run
2026-08-15T02:46:34+03:00,1786751194,7511,67,3,31.5,39.8,,run
2026-08-15T02:46:40+03:00,1786751200,7517,67,3,31.5,42.0,,run
2026-08-15T02:46:45+03:00,1786751205,7522,67,3,31.5,43.2,,run
2026-08-15T02:46:50+03:00,1786751210,7527,67,3,31.5,40.8,,run
2026-08-15T02:46:55+03:00,1786751215,7532,67,3,31.5,41.1,,run
2026-08-15T02:47:00+03:00,1786751220,7537,67,3,31.5,40.8,,run
2026-08-15T02:47:06+03:00,1786751226,7543,67,3,31.5,45.4,,run
2026-08-15T02:47:11+03:00,1786751231,7548,67,3,31.5,51.6,,run
2026-08-15T02:47:16+03:00,1786751236,7553,67,3,31.5,41.7,,run
2026-08-15T02:47:21+03:00,1786751241,7558,67,3,31.5,40.2,,run
2026-08-15T02:47:27+03:00,1786751247,7564,67,3,31.5,40.2,,run
2026-08-15T02:47:32+03:00,1786751252,7569,67,3,31.5,38.9,,run
2026-08-15T02:47:37+03:00,1786751257,7574,67,3,31.5,38.9,,run
2026-08-15T02:47:42+03:00,1786751262,7579,67,3,31.5,38.3,,run
2026-08-15T02:47:48+03:00,1786751268,7585,67,3,31.5,43.6,,run
2026-08-15T02:47:53+03:00,1786751273,7590,67,3,31.5,51.6,,run
2026-08-15T02:47:58+03:00,1786751278,7595,67,3,31.5,43.6,,run
2026-08-15T02:48:03+03:00,1786751283,7600,67,3,31.5,41.7,,run
2026-08-15T02:48:09+03:00,1786751289,7606,67,3,31.5,41.4,,run
2026-08-15T02:48:14+03:00,1786751294,7611,67,3,31.5,40.2,,run
2026-08-15T02:48:19+03:00,1786751299,7616,67,3,31.5,39.8,,run
2026-08-15T02:48:24+03:00,1786751304,7621,67,3,31.5,41.7,,run
2026-08-15T02:48:30+03:00,1786751310,7627,67,3,31.5,41.1,,run
2026-08-15T02:48:35+03:00,1786751315,7632,67,3,31.5,40.8,,run
2026-08-15T02:48:40+03:00,1786751320,7637,67,3,31.5,40.8,,run
2026-08-15T02:48:45+03:00,1786751325,7642,67,3,31.5,40.8,,run
2026-08-15T02:48:50+03:00,1786751330,7647,67,3,31.5,40.8,,run
2026-08-15T02:48:56+03:00,1786751336,7653,67,3,31.5,42.6,,run
2026-08-15T02:49:01+03:00,1786751341,7658,67,3,31.5,41.4,,run
2026-08-15T02:49:06+03:00,1786751346,7663,67,3,31.5,48.8,,run
2026-08-15T02:49:12+03:00,1786751352,7669,67,3,31.5,43.2,,run
2026-08-15T02:49:17+03:00,1786751357,7674,66,3,31.4,42.6,,run
2026-08-15T02:49:22+03:00,1786751362,7679,66,3,31.4,40.2,,run
2026-08-15T02:49:27+03:00,1786751367,7684,66,3,31.4,39.5,,run
2026-08-15T02:49:32+03:00,1786751372,7689,66,3,31.4,39.8,,run
2026-08-15T02:49:38+03:00,1786751378,7695,66,3,31.4,38.9,,run
2026-08-15T02:49:43+03:00,1786751383,7700,66,3,31.4,38.9,,run
2026-08-15T02:49:48+03:00,1786751388,7705,66,3,31.4,49.7,,run
2026-08-15T02:49:54+03:00,1786751394,7711,66,3,31.4,42.6,,run
2026-08-15T02:49:59+03:00,1786751399,7716,66,3,31.4,42.3,,run
2026-08-15T02:50:04+03:00,1786751404,7721,66,3,31.4,42.6,,run
2026-08-15T02:50:09+03:00,1786751409,7726,66,3,31.4,41.7,,run
2026-08-15T02:50:15+03:00,1786751415,7732,66,3,31.4,41.4,,run
2026-08-15T02:50:20+03:00,1786751420,7737,66,3,31.4,40.8,,run
2026-08-15T02:50:25+03:00,1786751425,7742,66,3,31.4,40.8,,run
2026-08-15T02:50:30+03:00,1786751430,7747,66,3,31.4,42.0,,run
2026-08-15T02:50:36+03:00,1786751436,7753,66,3,31.4,41.7,,run
2026-08-15T02:50:41+03:00,1786751441,7758,66,3,31.4,40.8,,run
2026-08-15T02:50:46+03:00,1786751446,7763,66,3,31.4,39.8,,run
2026-08-15T02:50:51+03:00,1786751451,7768,66,3,31.4,40.2,,run
2026-08-15T02:50:56+03:00,1786751456,7773,66,3,31.4,40.8,,run
2026-08-15T02:51:02+03:00,1786751462,7779,66,3,31.4,41.7,,run
2026-08-15T02:51:07+03:00,1786751467,7784,66,3,31.4,51.6,,run
2026-08-15T02:51:13+03:00,1786751473,7790,66,3,31.4,45.7,,run
2026-08-15T02:51:18+03:00,1786751478,7795,66,3,31.4,40.8,,run
2026-08-15T02:51:23+03:00,1786751483,7800,66,3,31.3,40.2,,run
2026-08-15T02:51:28+03:00,1786751488,7805,66,3,31.3,40.2,,run
2026-08-15T02:51:33+03:00,1786751493,7810,66,3,31.3,40.2,,run
2026-08-15T02:51:39+03:00,1786751499,7816,66,3,31.3,39.8,,run
2026-08-15T02:51:44+03:00,1786751504,7821,66,3,31.3,38.9,,run
2026-08-15T02:51:49+03:00,1786751509,7826,66,3,31.3,51.0,,run
2026-08-15T02:51:54+03:00,1786751514,7831,66,3,31.3,43.6,,run
2026-08-15T02:52:00+03:00,1786751520,7837,66,3,31.3,42.3,,run
2026-08-15T02:52:05+03:00,1786751525,7842,66,3,31.3,41.4,,run
2026-08-15T02:52:10+03:00,1786751530,7847,66,3,31.3,42.9,,run
2026-08-15T02:52:15+03:00,1786751535,7852,66,3,31.3,42.0,,run
2026-08-15T02:52:21+03:00,1786751541,7858,66,3,31.3,40.2,,run
2026-08-15T02:52:26+03:00,1786751546,7863,66,3,31.3,41.1,,run
2026-08-15T02:52:31+03:00,1786751551,7868,66,3,31.3,41.1,,run
2026-08-15T02:52:36+03:00,1786751556,7873,66,3,31.3,41.1,,run
2026-08-15T02:52:41+03:00,1786751561,7878,66,3,31.3,42.6,,run
2026-08-15T02:52:47+03:00,1786751567,7884,66,3,31.3,41.1,,run
2026-08-15T02:52:52+03:00,1786751572,7889,66,3,31.3,41.1,,run
2026-08-15T02:52:57+03:00,1786751577,7894,66,3,31.3,40.2,,run
2026-08-15T02:53:02+03:00,1786751582,7899,66,3,31.3,48.2,,run
2026-08-15T02:53:07+03:00,1786751587,7904,66,3,31.3,51.3,,run
2026-08-15T02:53:13+03:00,1786751593,7910,66,3,31.3,42.6,,run
2026-08-15T02:53:18+03:00,1786751598,7915,66,3,31.3,40.2,,run
2026-08-15T02:53:23+03:00,1786751603,7920,66,3,31.3,39.5,,run
2026-08-15T02:53:28+03:00,1786751608,7925,66,3,31.3,51.6,,run
2026-08-15T02:53:34+03:00,1786751614,7931,66,3,31.3,43.6,,run
2026-08-15T02:53:39+03:00,1786751619,7936,66,3,31.3,41.7,,run
2026-08-15T02:53:45+03:00,1786751625,7942,66,3,31.3,42.3,,run
2026-08-15T02:53:50+03:00,1786751630,7947,66,3,31.3,41.7,,run
2026-08-15T02:53:55+03:00,1786751635,7952,66,3,31.3,42.0,,run
2026-08-15T02:54:00+03:00,1786751640,7957,66,3,31.3,42.3,,run
2026-08-15T02:54:05+03:00,1786751645,7962,66,3,31.3,40.8,,run
2026-08-15T02:54:11+03:00,1786751651,7968,66,3,31.3,41.1,,run
2026-08-15T02:54:16+03:00,1786751656,7973,66,3,31.3,40.5,,run
2026-08-15T02:54:21+03:00,1786751661,7978,66,3,31.3,40.5,,run
2026-08-15T02:54:26+03:00,1786751666,7983,66,3,31.3,42.6,,run
2026-08-15T02:54:32+03:00,1786751672,7989,66,3,31.3,41.7,,run
2026-08-15T02:54:37+03:00,1786751677,7994,66,3,31.3,40.5,,run
2026-08-15T02:54:42+03:00,1786751682,7999,66,3,31.3,44.2,,run
2026-08-15T02:54:47+03:00,1786751687,8004,66,3,31.3,52.5,,run
2026-08-15T02:54:53+03:00,1786751693,8010,66,3,31.3,47.3,,run
2026-08-15T02:54:58+03:00,1786751698,8015,66,3,31.3,42.0,,run
2026-08-15T02:55:03+03:00,1786751703,8020,66,3,31.3,39.8,,run
2026-08-15T02:55:08+03:00,1786751708,8025,66,3,31.3,39.2,,run
2026-08-15T02:55:14+03:00,1786751714,8031,66,3,31.3,39.5,,run
2026-08-15T02:55:19+03:00,1786751719,8036,66,3,31.3,39.5,,run
2026-08-15T02:55:24+03:00,1786751724,8041,66,3,31.3,39.5,,run
2026-08-15T02:55:29+03:00,1786751729,8046,66,3,31.3,53.1,,run
2026-08-15T02:55:35+03:00,1786751735,8052,66,3,31.3,41.7,,run
2026-08-15T02:55:40+03:00,1786751740,8057,66,3,31.3,42.0,,run
2026-08-15T02:55:45+03:00,1786751745,8062,66,3,31.3,41.7,,run
2026-08-15T02:55:50+03:00,1786751750,8067,66,3,31.3,44.8,,run
2026-08-15T02:55:55+03:00,1786751755,8072,66,3,31.3,41.4,,run
2026-08-15T02:56:01+03:00,1786751761,8078,66,3,31.3,41.7,,run
2026-08-15T02:56:06+03:00,1786751766,8083,66,3,31.3,40.5,,run
2026-08-15T02:56:11+03:00,1786751771,8088,66,3,31.3,41.4,,run
2026-08-15T02:56:16+03:00,1786751776,8093,66,3,31.3,42.3,,run
2026-08-15T02:56:22+03:00,1786751782,8099,66,3,31.3,41.1,,run
2026-08-15T02:56:27+03:00,1786751787,8104,66,3,31.3,41.1,,run
2026-08-15T02:56:32+03:00,1786751792,8109,66,3,31.3,40.8,,run
2026-08-15T02:56:37+03:00,1786751797,8114,66,3,31.3,39.8,,run
2026-08-15T02:56:42+03:00,1786751802,8119,66,3,31.3,45.1,,run
2026-08-15T02:56:48+03:00,1786751808,8125,66,3,31.3,51.9,,run
2026-08-15T02:56:53+03:00,1786751813,8130,66,3,31.3,42.0,,run
2026-08-15T02:56:58+03:00,1786751818,8135,66,3,31.3,39.5,,run
2026-08-15T02:57:03+03:00,1786751823,8140,66,3,31.3,39.5,,run
2026-08-15T02:57:09+03:00,1786751829,8146,66,3,31.3,39.5,,run
2026-08-15T02:57:14+03:00,1786751834,8151,66,3,31.3,39.2,,run
2026-08-15T02:57:19+03:00,1786751839,8156,66,3,31.3,39.5,,run
2026-08-15T02:57:24+03:00,1786751844,8161,66,3,31.3,43.2,,run
2026-08-15T02:57:30+03:00,1786751850,8167,66,3,31.3,48.8,,run
2026-08-15T02:57:35+03:00,1786751855,8172,66,3,31.3,42.3,,run
2026-08-15T02:57:40+03:00,1786751860,8177,66,3,31.3,41.4,,run
2026-08-15T02:57:45+03:00,1786751865,8182,66,3,31.3,40.8,,run
2026-08-15T02:57:51+03:00,1786751871,8188,66,3,31.3,40.5,,run
2026-08-15T02:57:56+03:00,1786751876,8193,66,3,31.3,40.5,,run
2026-08-15T02:58:01+03:00,1786751881,8198,66,3,31.3,42.9,,run
2026-08-15T02:58:06+03:00,1786751886,8203,66,3,31.3,41.7,,run
2026-08-15T02:58:11+03:00,1786751891,8208,66,3,31.3,41.4,,run
2026-08-15T02:58:17+03:00,1786751897,8214,66,3,31.3,40.5,,run
2026-08-15T02:58:22+03:00,1786751902,8219,66,3,31.3,40.5,,run
2026-08-15T02:58:27+03:00,1786751907,8224,66,3,31.3,41.1,,run
2026-08-15T02:58:32+03:00,1786751912,8229,66,3,31.3,41.4,,run
2026-08-15T02:58:38+03:00,1786751918,8235,66,3,31.3,40.5,,run
2026-08-15T02:58:43+03:00,1786751923,8240,66,3,31.3,49.7,,run
2026-08-15T02:58:48+03:00,1786751928,8245,66,3,31.3,42.9,,run
2026-08-15T02:58:54+03:00,1786751934,8251,66,3,31.3,41.7,,run
2026-08-15T02:58:59+03:00,1786751939,8256,66,3,31.3,39.5,,run
2026-08-15T02:59:04+03:00,1786751944,8261,66,3,31.3,39.5,,run
2026-08-15T02:59:09+03:00,1786751949,8266,66,3,31.3,39.5,,run
2026-08-15T02:59:14+03:00,1786751954,8271,66,3,31.3,39.5,,run
2026-08-15T02:59:20+03:00,1786751960,8277,66,3,31.3,38.9,,run
2026-08-15T02:59:25+03:00,1786751965,8282,66,3,31.3,51.0,,run
2026-08-15T02:59:31+03:00,1786751971,8288,66,3,31.3,44.2,,run
2026-08-15T02:59:36+03:00,1786751976,8293,66,3,31.3,41.4,,run
2026-08-15T02:59:41+03:00,1786751981,8298,66,3,31.3,40.5,,run
2026-08-15T02:59:46+03:00,1786751986,8303,66,3,31.3,40.2,,run
2026-08-15T02:59:52+03:00,1786751992,8309,66,3,31.3,39.8,,run
2026-08-15T02:59:57+03:00,1786751997,8314,66,3,31.3,40.8,,run
2026-08-15T03:00:02+03:00,1786752002,8319,66,3,31.3,42.3,,run
2026-08-15T03:00:07+03:00,1786752007,8324,66,3,31.3,41.4,,run
2026-08-15T03:00:12+03:00,1786752012,8329,66,3,31.3,42.0,,run
2026-08-15T03:00:18+03:00,1786752018,8335,66,3,31.3,41.4,,run
2026-08-15T03:00:23+03:00,1786752023,8340,66,3,31.3,41.7,,run
2026-08-15T03:00:28+03:00,1786752028,8345,66,3,31.3,42.3,,run
2026-08-15T03:00:33+03:00,1786752033,8350,66,3,31.3,42.3,,run
2026-08-15T03:00:39+03:00,1786752039,8356,66,3,31.3,47.6,,run
2026-08-15T03:00:44+03:00,1786752044,8361,66,3,31.3,52.5,,run
2026-08-15T03:00:49+03:00,1786752049,8366,66,3,31.3,46.7,,run
2026-08-15T03:00:55+03:00,1786752055,8372,66,3,31.3,41.1,,run
2026-08-15T03:01:00+03:00,1786752060,8377,65,3,31.4,40.8,,run
2026-08-15T03:01:05+03:00,1786752065,8382,65,3,31.4,39.2,,run
2026-08-15T03:01:10+03:00,1786752070,8387,65,3,31.4,42.0,,run
2026-08-15T03:01:15+03:00,1786752075,8392,65,3,31.4,40.2,,run
2026-08-15T03:01:21+03:00,1786752081,8398,65,3,31.4,40.2,,run
2026-08-15T03:01:26+03:00,1786752086,8403,65,3,31.3,51.3,,run
2026-08-15T03:01:31+03:00,1786752091,8408,65,3,31.3,43.6,,run
2026-08-15T03:01:36+03:00,1786752096,8413,65,3,31.3,42.0,,run
2026-08-15T03:01:42+03:00,1786752102,8419,65,3,31.3,41.4,,run
2026-08-15T03:01:47+03:00,1786752107,8424,65,3,31.3,42.0,,run
2026-08-15T03:01:52+03:00,1786752112,8429,65,3,31.3,41.4,,run
2026-08-15T03:01:57+03:00,1786752117,8434,65,3,31.3,41.7,,run
2026-08-15T03:02:03+03:00,1786752123,8440,65,3,31.3,40.8,,run
2026-08-15T03:02:08+03:00,1786752128,8445,65,3,31.3,40.8,,run
2026-08-15T03:02:13+03:00,1786752133,8450,65,3,31.3,41.4,,run
2026-08-15T03:02:18+03:00,1786752138,8455,65,3,31.3,41.1,,run
2026-08-15T03:02:23+03:00,1786752143,8460,65,3,31.3,40.8,,run
2026-08-15T03:02:29+03:00,1786752149,8466,65,3,31.3,41.1,,run
2026-08-15T03:02:34+03:00,1786752154,8471,65,3,31.3,39.5,,run
2026-08-15T03:02:39+03:00,1786752159,8476,65,3,31.3,47.0,,run
2026-08-15T03:02:44+03:00,1786752164,8481,65,3,31.3,51.3,,run
2026-08-15T03:02:50+03:00,1786752170,8487,65,3,31.3,42.0,,run
2026-08-15T03:02:55+03:00,1786752175,8492,65,3,31.3,40.2,,run
2026-08-15T03:03:00+03:00,1786752180,8497,65,3,31.3,40.2,,run
2026-08-15T03:03:05+03:00,1786752185,8502,65,3,31.3,51.0,,run
2026-08-15T03:03:11+03:00,1786752191,8508,65,3,31.3,45.1,,run
2026-08-15T03:03:16+03:00,1786752196,8513,65,3,31.3,44.5,,run
2026-08-15T03:03:21+03:00,1786752201,8518,65,3,31.3,41.7,,run
2026-08-15T03:03:26+03:00,1786752206,8523,65,3,31.3,40.8,,run
2026-08-15T03:03:32+03:00,1786752212,8529,65,3,31.3,40.8,,run
2026-08-15T03:03:37+03:00,1786752217,8534,65,3,31.3,41.4,,run
2026-08-15T03:03:42+03:00,1786752222,8539,65,3,31.3,42.6,,run
2026-08-15T03:03:47+03:00,1786752227,8544,65,3,31.3,43.2,,run
2026-08-15T03:03:53+03:00,1786752233,8550,65,3,31.3,40.5,,run
2026-08-15T03:03:58+03:00,1786752238,8555,65,3,31.3,41.1,,run
2026-08-15T03:04:03+03:00,1786752243,8560,65,3,31.3,40.8,,run
2026-08-15T03:04:08+03:00,1786752248,8565,65,3,31.3,39.5,,run
2026-08-15T03:04:13+03:00,1786752253,8570,65,3,31.3,41.4,,run
2026-08-15T03:04:19+03:00,1786752259,8576,65,3,31.3,47.0,,run
2026-08-15T03:04:24+03:00,1786752264,8581,65,3,31.3,52.5,,run
2026-08-15T03:04:29+03:00,1786752269,8586,65,3,31.3,42.3,,run
2026-08-15T03:04:34+03:00,1786752274,8591,65,3,31.3,40.2,,run
2026-08-15T03:04:40+03:00,1786752280,8597,65,3,31.3,39.5,,run
2026-08-15T03:04:45+03:00,1786752285,8602,65,3,31.3,50.7,,run
2026-08-15T03:04:51+03:00,1786752291,8608,65,3,31.3,42.6,,run
2026-08-15T03:04:56+03:00,1786752296,8613,65,3,31.3,40.8,,run
2026-08-15T03:05:01+03:00,1786752301,8618,65,3,31.3,42.0,,run
2026-08-15T03:05:06+03:00,1786752306,8623,65,3,31.3,40.8,,run
2026-08-15T03:05:12+03:00,1786752312,8629,65,3,31.3,43.2,,run
2026-08-15T03:05:17+03:00,1786752317,8634,65,3,31.3,40.8,,run
2026-08-15T03:05:22+03:00,1786752322,8639,65,3,31.3,40.8,,run
2026-08-15T03:05:27+03:00,1786752327,8644,65,3,31.3,40.2,,run
2026-08-15T03:05:33+03:00,1786752332,8649,65,3,31.3,40.5,,run
2026-08-15T03:05:38+03:00,1786752338,8655,65,3,31.3,40.8,,run
2026-08-15T03:05:43+03:00,1786752343,8660,65,3,31.3,42.0,,run
2026-08-15T03:05:48+03:00,1786752348,8665,65,3,31.3,39.8,,run
2026-08-15T03:05:53+03:00,1786752353,8670,65,3,31.3,40.2,,run
2026-08-15T03:05:59+03:00,1786752359,8676,65,3,31.3,46.0,,run
2026-08-15T03:06:04+03:00,1786752364,8681,65,3,31.3,52.8,,run
2026-08-15T03:06:09+03:00,1786752369,8686,65,3,31.3,43.6,,run
2026-08-15T03:06:15+03:00,1786752375,8692,65,3,31.3,41.1,,run
2026-08-15T03:06:20+03:00,1786752380,8697,65,3,31.3,39.5,,run
2026-08-15T03:06:25+03:00,1786752385,8702,65,3,31.3,39.2,,run
2026-08-15T03:06:30+03:00,1786752390,8707,65,3,31.3,38.9,,run
2026-08-15T03:06:35+03:00,1786752395,8712,65,3,31.3,38.6,,run
2026-08-15T03:06:41+03:00,1786752401,8718,65,3,31.3,39.2,,run
2026-08-15T03:06:46+03:00,1786752406,8723,65,3,31.3,43.9,,run
2026-08-15T03:06:51+03:00,1786752411,8728,65,3,31.3,46.3,,run
2026-08-15T03:06:56+03:00,1786752416,8733,65,3,31.3,40.8,,run
2026-08-15T03:07:02+03:00,1786752422,8739,65,3,31.3,42.3,,run
2026-08-15T03:07:07+03:00,1786752427,8744,65,3,31.3,41.4,,run
2026-08-15T03:07:12+03:00,1786752432,8749,65,3,31.3,41.1,,run
2026-08-15T03:07:17+03:00,1786752437,8754,65,3,31.3,40.5,,run
2026-08-15T03:07:23+03:00,1786752443,8760,65,3,31.3,39.8,,run
2026-08-15T03:07:28+03:00,1786752448,8765,65,3,31.3,40.2,,run
2026-08-15T03:07:33+03:00,1786752453,8770,65,3,31.3,42.6,,run
2026-08-15T03:07:38+03:00,1786752458,8775,65,3,31.3,40.5,,run
2026-08-15T03:07:43+03:00,1786752463,8780,65,3,31.3,39.5,,run
2026-08-15T03:07:49+03:00,1786752469,8786,65,3,31.3,40.2,,run
2026-08-15T03:07:54+03:00,1786752474,8791,65,3,31.3,40.2,,run
2026-08-15T03:07:59+03:00,1786752479,8796,65,3,31.3,40.2,,run
2026-08-15T03:08:04+03:00,1786752484,8801,65,3,31.3,50.7,,run
2026-08-15T03:08:10+03:00,1786752490,8807,65,3,31.3,43.9,,run
2026-08-15T03:08:15+03:00,1786752495,8812,65,3,31.3,40.5,,run
2026-08-15T03:08:21+03:00,1786752501,8818,65,3,31.3,39.5,,run
2026-08-15T03:08:26+03:00,1786752506,8823,65,3,31.3,40.2,,run
2026-08-15T03:08:31+03:00,1786752511,8828,65,3,31.3,37.7,,run
2026-08-15T03:08:36+03:00,1786752516,8833,65,3,31.3,38.9,,run
2026-08-15T03:08:41+03:00,1786752521,8838,65,3,31.3,41.7,,run
2026-08-15T03:08:47+03:00,1786752527,8844,65,3,31.3,51.3,,run
2026-08-15T03:08:52+03:00,1786752532,8849,65,3,31.3,42.9,,run
2026-08-15T03:08:57+03:00,1786752537,8854,65,3,31.3,41.4,,run
2026-08-15T03:09:03+03:00,1786752543,8860,65,3,31.3,40.2,,run
2026-08-15T03:09:08+03:00,1786752548,8865,65,3,31.3,40.8,,run
2026-08-15T03:09:13+03:00,1786752553,8870,65,3,31.3,42.0,,run
2026-08-15T03:09:18+03:00,1786752558,8875,65,3,31.3,41.7,,run
2026-08-15T03:09:24+03:00,1786752564,8881,65,3,31.3,41.1,,run
2026-08-15T03:09:29+03:00,1786752569,8886,65,3,31.3,40.2,,run
2026-08-15T03:09:34+03:00,1786752574,8891,65,3,31.3,39.8,,run
2026-08-15T03:09:39+03:00,1786752579,8896,65,3,31.3,39.5,,run
2026-08-15T03:09:44+03:00,1786752584,8901,65,3,31.3,40.8,,run
2026-08-15T03:09:50+03:00,1786752590,8907,65,3,31.3,40.8,,run
2026-08-15T03:09:55+03:00,1786752595,8912,65,3,31.3,40.5,,run
2026-08-15T03:10:00+03:00,1786752600,8917,65,3,31.3,47.6,,run
2026-08-15T03:10:05+03:00,1786752605,8922,65,3,31.3,53.1,,run
2026-08-15T03:10:11+03:00,1786752611,8928,65,3,31.3,42.0,,run
2026-08-15T03:10:16+03:00,1786752616,8933,65,3,31.3,39.8,,run
2026-08-15T03:10:21+03:00,1786752621,8938,65,3,31.3,38.9,,run
2026-08-15T03:10:26+03:00,1786752626,8943,65,3,31.3,39.2,,run
2026-08-15T03:10:32+03:00,1786752632,8949,65,3,31.3,38.9,,run
2026-08-15T03:10:37+03:00,1786752637,8954,65,3,31.3,39.2,,run
2026-08-15T03:10:42+03:00,1786752642,8959,65,3,31.3,39.8,,run
2026-08-15T03:10:47+03:00,1786752647,8964,65,3,31.3,51.6,,run
2026-08-15T03:10:53+03:00,1786752653,8970,65,3,31.3,41.7,,run
2026-08-15T03:10:58+03:00,1786752658,8975,65,3,31.3,41.4,,run
2026-08-15T03:11:03+03:00,1786752663,8980,65,3,31.3,41.7,,run
2026-08-15T03:11:08+03:00,1786752668,8985,65,3,31.3,41.4,,run
2026-08-15T03:11:13+03:00,1786752673,8990,65,3,31.3,39.8,,run
2026-08-15T03:11:19+03:00,1786752679,8996,65,3,31.3,42.0,,run
2026-08-15T03:11:24+03:00,1786752684,9001,65,3,30.8,39.8,,run
2026-08-15T03:11:29+03:00,1786752689,9006,65,3,30.8,42.3,,run
2026-08-15T03:11:34+03:00,1786752694,9011,65,3,30.8,40.5,,run
2026-08-15T03:11:40+03:00,1786752700,9017,65,3,30.8,41.1,,run
2026-08-15T03:11:45+03:00,1786752705,9022,65,3,30.8,39.8,,run
2026-08-15T03:11:50+03:00,1786752710,9027,65,3,30.8,40.5,,run
2026-08-15T03:11:55+03:00,1786752715,9032,65,3,30.8,41.4,,run
2026-08-15T03:12:00+03:00,1786752720,9037,65,3,30.8,42.6,,run
2026-08-15T03:12:06+03:00,1786752726,9043,65,3,30.8,47.9,,run
2026-08-15T03:12:11+03:00,1786752731,9048,65,3,30.8,41.7,,run
2026-08-15T03:12:16+03:00,1786752736,9053,65,3,30.8,40.5,,run
2026-08-15T03:12:21+03:00,1786752741,9058,65,3,30.8,39.8,,run
2026-08-15T03:12:27+03:00,1786752747,9064,65,3,30.8,38.0,,run
2026-08-15T03:12:32+03:00,1786752752,9069,65,3,30.8,38.9,,run
2026-08-15T03:12:37+03:00,1786752757,9074,65,3,30.8,40.5,,run
2026-08-15T03:12:42+03:00,1786752762,9079,65,3,30.8,45.7,,run
2026-08-15T03:12:48+03:00,1786752768,9085,64,3,31.0,47.0,,run
2026-08-15T03:12:53+03:00,1786752773,9090,64,3,31.0,41.7,,run
2026-08-15T03:12:58+03:00,1786752778,9095,64,3,31.0,40.2,,run
2026-08-15T03:13:03+03:00,1786752783,9100,64,3,31.0,40.8,,run
2026-08-15T03:13:08+03:00,1786752788,9105,64,3,31.0,41.4,,run
2026-08-15T03:13:14+03:00,1786752794,9111,64,3,31.0,42.6,,run
2026-08-15T03:13:19+03:00,1786752799,9116,64,3,31.0,41.7,,run
2026-08-15T03:13:24+03:00,1786752804,9121,64,3,31.0,41.1,,run
2026-08-15T03:13:29+03:00,1786752809,9126,64,3,31.0,39.8,,run
2026-08-15T03:13:35+03:00,1786752815,9132,64,3,31.0,40.8,,run
2026-08-15T03:13:40+03:00,1786752820,9137,64,3,31.0,42.3,,run
2026-08-15T03:13:45+03:00,1786752825,9142,64,3,31.0,42.3,,run
2026-08-15T03:13:50+03:00,1786752830,9147,64,3,31.0,41.1,,run
2026-08-15T03:13:55+03:00,1786752835,9152,64,3,31.0,40.8,,run
2026-08-15T03:14:01+03:00,1786752841,9158,64,3,31.0,50.4,,run
2026-08-15T03:14:06+03:00,1786752846,9163,64,3,31.0,43.2,,run
2026-08-15T03:14:11+03:00,1786752851,9168,64,3,31.0,41.7,,run
2026-08-15T03:14:17+03:00,1786752857,9174,64,3,31.0,39.8,,run
2026-08-15T03:14:22+03:00,1786752862,9179,64,3,31.0,39.2,,run
2026-08-15T03:14:27+03:00,1786752867,9184,64,3,31.0,39.5,,run
2026-08-15T03:14:32+03:00,1786752872,9189,64,3,31.0,38.9,,run
2026-08-15T03:14:37+03:00,1786752877,9194,64,3,31.0,38.3,,run
2026-08-15T03:14:43+03:00,1786752883,9200,64,3,31.0,51.3,,run
2026-08-15T03:14:48+03:00,1786752888,9205,64,3,31.0,46.0,,run
2026-08-15T03:14:53+03:00,1786752893,9210,64,3,31.0,42.0,,run
2026-08-15T03:14:59+03:00,1786752899,9216,64,3,31.0,40.8,,run
2026-08-15T03:15:04+03:00,1786752904,9221,64,3,31.0,40.5,,run
2026-08-15T03:15:09+03:00,1786752909,9226,64,3,31.0,40.2,,run
2026-08-15T03:15:14+03:00,1786752914,9231,64,3,31.0,40.8,,run
2026-08-15T03:15:20+03:00,1786752920,9237,64,3,31.0,42.6,,run
2026-08-15T03:15:25+03:00,1786752925,9242,64,3,31.0,40.2,,run
2026-08-15T03:15:30+03:00,1786752930,9247,64,3,31.0,41.1,,run
2026-08-15T03:15:35+03:00,1786752935,9252,64,3,31.0,40.5,,run
2026-08-15T03:15:40+03:00,1786752940,9257,64,3,31.0,39.8,,run
2026-08-15T03:15:46+03:00,1786752946,9263,64,3,31.0,41.4,,run
2026-08-15T03:15:51+03:00,1786752951,9268,64,3,31.0,41.4,,run
2026-08-15T03:15:56+03:00,1786752956,9273,64,3,31.0,47.6,,run
2026-08-15T03:16:01+03:00,1786752961,9278,64,3,31.0,52.8,,run
2026-08-15T03:16:07+03:00,1786752967,9284,64,3,31.0,42.9,,run
2026-08-15T03:16:12+03:00,1786752972,9289,64,3,31.0,40.5,,run
2026-08-15T03:16:17+03:00,1786752977,9294,64,3,31.0,38.6,,run
2026-08-15T03:16:22+03:00,1786752982,9299,64,3,31.0,38.3,,run
2026-08-15T03:16:28+03:00,1786752988,9305,64,3,31.0,38.9,,run
2026-08-15T03:16:33+03:00,1786752993,9310,64,3,31.0,39.2,,run
2026-08-15T03:16:38+03:00,1786752998,9315,64,3,31.0,39.5,,run
2026-08-15T03:16:43+03:00,1786753003,9320,64,3,31.0,52.2,,run
2026-08-15T03:16:49+03:00,1786753009,9326,64,3,31.0,42.9,,run
2026-08-15T03:16:54+03:00,1786753014,9331,64,3,31.0,41.7,,run
2026-08-15T03:16:59+03:00,1786753019,9336,64,3,31.0,41.4,,run
2026-08-15T03:17:04+03:00,1786753024,9341,64,3,31.0,41.1,,run
2026-08-15T03:17:09+03:00,1786753029,9346,64,3,31.0,40.2,,run
2026-08-15T03:17:15+03:00,1786753035,9352,64,3,31.0,41.1,,run
2026-08-15T03:17:20+03:00,1786753040,9357,64,3,31.0,40.5,,run
2026-08-15T03:17:25+03:00,1786753045,9362,64,3,31.0,42.6,,run
2026-08-15T03:17:30+03:00,1786753050,9367,64,3,31.0,41.4,,run
2026-08-15T03:17:35+03:00,1786753055,9372,64,3,31.0,41.1,,run
2026-08-15T03:17:41+03:00,1786753061,9378,64,3,31.0,40.8,,run
2026-08-15T03:17:46+03:00,1786753066,9383,64,3,31.0,41.4,,run
2026-08-15T03:17:51+03:00,1786753071,9388,64,3,31.0,40.8,,run
2026-08-15T03:17:56+03:00,1786753076,9393,64,3,31.0,42.9,,run
2026-08-15T03:18:02+03:00,1786753082,9399,64,3,31.0,49.1,,run
2026-08-15T03:18:07+03:00,1786753087,9404,64,3,31.0,42.3,,run
2026-08-15T03:18:12+03:00,1786753092,9409,64,3,31.0,40.5,,run
2026-08-15T03:18:17+03:00,1786753097,9414,64,3,31.0,39.8,,run
2026-08-15T03:18:22+03:00,1786753102,9419,64,3,31.0,38.3,,run
2026-08-15T03:18:28+03:00,1786753108,9425,64,3,31.0,39.2,,run
2026-08-15T03:18:33+03:00,1786753113,9430,64,3,31.0,41.7,,run
2026-08-15T03:18:38+03:00,1786753118,9435,64,3,31.0,42.6,,run
2026-08-15T03:18:43+03:00,1786753123,9440,64,3,31.0,47.9,,run
2026-08-15T03:18:49+03:00,1786753129,9446,64,3,31.0,41.4,,run
2026-08-15T03:18:54+03:00,1786753134,9451,64,3,31.0,41.1,,run
2026-08-15T03:18:59+03:00,1786753139,9456,64,3,31.0,40.2,,run
2026-08-15T03:19:04+03:00,1786753144,9461,64,3,31.0,41.1,,run
2026-08-15T03:19:10+03:00,1786753150,9467,64,3,31.0,42.3,,run
2026-08-15T03:19:15+03:00,1786753155,9472,64,3,31.0,41.7,,run
2026-08-15T03:19:20+03:00,1786753160,9477,64,3,31.0,41.4,,run
2026-08-15T03:19:25+03:00,1786753165,9482,64,3,31.0,40.8,,run
2026-08-15T03:19:30+03:00,1786753170,9487,64,3,31.0,40.8,,run
2026-08-15T03:19:36+03:00,1786753176,9493,64,3,31.0,40.5,,run
2026-08-15T03:19:41+03:00,1786753181,9498,64,3,31.0,41.7,,run
2026-08-15T03:19:46+03:00,1786753186,9503,64,3,31.0,41.1,,run
2026-08-15T03:19:51+03:00,1786753191,9508,64,3,31.0,41.1,,run
2026-08-15T03:19:57+03:00,1786753197,9514,64,3,31.0,50.4,,run
2026-08-15T03:20:02+03:00,1786753202,9519,64,3,31.0,42.9,,run
2026-08-15T03:20:07+03:00,1786753207,9524,64,3,31.0,40.8,,run
2026-08-15T03:20:13+03:00,1786753213,9530,64,3,31.0,40.5,,run
2026-08-15T03:20:18+03:00,1786753218,9535,64,3,31.0,39.5,,run
2026-08-15T03:20:23+03:00,1786753223,9540,64,3,31.0,38.9,,run
2026-08-15T03:20:28+03:00,1786753228,9545,64,3,31.0,38.6,,run
2026-08-15T03:20:33+03:00,1786753233,9550,64,3,31.0,38.9,,run
2026-08-15T03:20:39+03:00,1786753239,9556,64,3,31.0,51.9,,run
2026-08-15T03:20:44+03:00,1786753244,9561,64,3,31.0,45.1,,run
2026-08-15T03:20:50+03:00,1786753250,9567,64,3,31.0,42.3,,run
2026-08-15T03:20:55+03:00,1786753255,9572,64,3,31.0,41.1,,run
2026-08-15T03:21:00+03:00,1786753260,9577,64,3,31.0,41.1,,run
2026-08-15T03:21:05+03:00,1786753265,9582,64,3,31.0,40.2,,run
2026-08-15T03:21:10+03:00,1786753270,9587,64,3,31.0,39.8,,run
2026-08-15T03:21:16+03:00,1786753276,9593,64,3,31.0,42.6,,run
2026-08-15T03:21:21+03:00,1786753281,9598,64,3,31.1,40.8,,run
2026-08-15T03:21:26+03:00,1786753286,9603,64,3,31.1,40.8,,run
2026-08-15T03:21:31+03:00,1786753291,9608,64,3,31.1,40.2,,run
2026-08-15T03:21:36+03:00,1786753296,9613,64,3,31.1,41.4,,run
2026-08-15T03:21:42+03:00,1786753302,9619,64,3,31.1,40.8,,run
2026-08-15T03:21:47+03:00,1786753307,9624,64,3,31.1,41.7,,run
2026-08-15T03:21:52+03:00,1786753312,9629,64,3,31.1,45.7,,run
2026-08-15T03:21:57+03:00,1786753317,9634,64,3,31.1,52.2,,run
2026-08-15T03:22:03+03:00,1786753323,9640,64,3,31.1,42.9,,run
2026-08-15T03:22:08+03:00,1786753328,9645,64,3,31.1,40.5,,run
2026-08-15T03:22:13+03:00,1786753333,9650,64,3,31.1,39.5,,run
2026-08-15T03:22:19+03:00,1786753339,9656,64,3,31.1,39.5,,run
2026-08-15T03:22:24+03:00,1786753344,9661,64,3,31.1,39.2,,run
2026-08-15T03:22:29+03:00,1786753349,9666,64,3,31.1,39.2,,run
2026-08-15T03:22:34+03:00,1786753354,9671,64,3,31.1,40.8,,run
2026-08-15T03:22:40+03:00,1786753360,9677,64,3,31.1,51.3,,run
2026-08-15T03:22:45+03:00,1786753365,9682,64,3,31.1,42.0,,run
2026-08-15T03:22:50+03:00,1786753370,9687,64,3,31.1,41.4,,run
2026-08-15T03:22:55+03:00,1786753375,9692,64,3,31.1,42.0,,run
2026-08-15T03:23:01+03:00,1786753381,9698,64,3,31.1,41.4,,run
2026-08-15T03:23:06+03:00,1786753386,9703,64,3,31.1,40.8,,run
2026-08-15T03:23:11+03:00,1786753391,9708,64,3,31.1,40.5,,run
2026-08-15T03:23:16+03:00,1786753396,9713,64,3,31.1,39.8,,run
2026-08-15T03:23:21+03:00,1786753401,9718,64,3,31.1,41.1,,run
2026-08-15T03:23:27+03:00,1786753407,9724,64,3,31.1,42.0,,run
2026-08-15T03:23:32+03:00,1786753412,9729,63,3,31.0,41.4,,run
2026-08-15T03:23:37+03:00,1786753417,9734,63,3,31.0,40.8,,run
2026-08-15T03:23:42+03:00,1786753422,9739,63,3,31.0,39.5,,run
2026-08-15T03:23:48+03:00,1786753428,9745,63,3,31.0,40.5,,run
2026-08-15T03:23:53+03:00,1786753433,9750,63,3,31.0,46.0,,run
2026-08-15T03:23:58+03:00,1786753438,9755,63,3,31.0,45.7,,run
2026-08-15T03:24:03+03:00,1786753443,9760,63,3,31.0,41.1,,run
2026-08-15T03:24:09+03:00,1786753449,9766,63,3,31.0,39.2,,run
2026-08-15T03:24:14+03:00,1786753454,9771,63,3,31.0,39.8,,run
2026-08-15T03:24:19+03:00,1786753459,9776,63,3,31.0,38.0,,run
2026-08-15T03:24:24+03:00,1786753464,9781,63,3,31.0,39.8,,run
2026-08-15T03:24:29+03:00,1786753469,9786,63,3,31.0,39.5,,run
2026-08-15T03:24:35+03:00,1786753475,9792,63,3,31.0,43.2,,run
2026-08-15T03:24:40+03:00,1786753480,9797,63,3,31.0,45.1,,run
2026-08-15T03:24:45+03:00,1786753485,9802,63,3,31.0,40.8,,run
2026-08-15T03:24:50+03:00,1786753490,9807,63,3,31.0,41.1,,run
2026-08-15T03:24:56+03:00,1786753496,9813,63,3,31.0,39.5,,run
2026-08-15T03:25:01+03:00,1786753501,9818,63,3,31.0,42.6,,run
2026-08-15T03:25:06+03:00,1786753506,9823,63,3,31.0,40.8,,run
2026-08-15T03:25:11+03:00,1786753511,9828,63,3,31.0,40.2,,run
2026-08-15T03:25:17+03:00,1786753517,9834,63,3,31.0,40.2,,run
2026-08-15T03:25:22+03:00,1786753522,9839,63,3,31.0,39.8,,run
2026-08-15T03:25:27+03:00,1786753527,9844,63,3,31.0,41.1,,run
2026-08-15T03:25:32+03:00,1786753532,9849,63,3,31.0,41.7,,run
2026-08-15T03:25:37+03:00,1786753537,9854,63,3,31.0,39.8,,run
2026-08-15T03:25:43+03:00,1786753543,9860,63,3,31.0,40.2,,run
2026-08-15T03:25:48+03:00,1786753548,9865,63,3,31.0,40.8,,run
2026-08-15T03:25:53+03:00,1786753553,9870,63,3,31.0,51.0,,run
2026-08-15T03:25:59+03:00,1786753559,9876,63,3,31.0,42.6,,run
2026-08-15T03:26:04+03:00,1786753564,9881,63,3,31.0,40.5,,run
2026-08-15T03:26:09+03:00,1786753569,9886,63,3,31.0,39.8,,run
2026-08-15T03:26:14+03:00,1786753574,9891,63,3,31.0,39.2,,run
2026-08-15T03:26:20+03:00,1786753580,9897,63,3,31.0,38.6,,run
2026-08-15T03:26:25+03:00,1786753585,9902,63,3,31.0,38.9,,run
2026-08-15T03:26:30+03:00,1786753590,9907,63,3,31.0,39.8,,run
2026-08-15T03:26:35+03:00,1786753595,9912,63,3,31.0,51.0,,run
2026-08-15T03:26:41+03:00,1786753601,9918,63,3,31.0,43.6,,run
2026-08-15T03:26:46+03:00,1786753606,9923,63,3,31.0,41.7,,run
2026-08-15T03:26:51+03:00,1786753611,9928,63,3,31.0,40.8,,run
2026-08-15T03:26:56+03:00,1786753616,9933,63,3,31.0,39.8,,run
2026-08-15T03:27:02+03:00,1786753622,9939,63,3,31.0,40.5,,run
2026-08-15T03:27:07+03:00,1786753627,9944,63,3,31.0,42.3,,run
2026-08-15T03:27:12+03:00,1786753632,9949,63,3,31.0,41.4,,run
2026-08-15T03:27:17+03:00,1786753637,9954,63,3,31.0,40.5,,run
2026-08-15T03:27:23+03:00,1786753643,9960,63,3,31.0,41.4,,run
2026-08-15T03:27:28+03:00,1786753648,9965,63,3,31.0,40.2,,run
2026-08-15T03:27:33+03:00,1786753653,9970,63,3,31.0,40.2,,run
2026-08-15T03:27:38+03:00,1786753658,9975,63,3,31.0,40.8,,run
2026-08-15T03:27:43+03:00,1786753663,9980,63,3,31.0,40.8,,run
2026-08-15T03:27:49+03:00,1786753669,9986,63,3,31.0,46.7,,run
2026-08-15T03:27:54+03:00,1786753674,9991,63,3,31.0,53.8,,run
2026-08-15T03:27:59+03:00,1786753679,9996,63,3,31.0,42.0,,run
2026-08-15T03:28:04+03:00,1786753684,10001,63,3,31.0,39.5,,run
2026-08-15T03:28:10+03:00,1786753690,10007,63,3,31.0,39.8,,run
2026-08-15T03:28:15+03:00,1786753695,10012,63,3,31.0,39.2,,run
2026-08-15T03:28:20+03:00,1786753700,10017,63,3,31.0,38.3,,run
2026-08-15T03:28:25+03:00,1786753705,10022,63,3,31.0,38.9,,run
2026-08-15T03:28:31+03:00,1786753711,10028,63,3,31.0,42.6,,run
2026-08-15T03:28:36+03:00,1786753716,10033,63,3,31.0,46.7,,run
2026-08-15T03:28:41+03:00,1786753721,10038,63,3,31.0,43.9,,run
2026-08-15T03:28:46+03:00,1786753726,10043,63,3,31.0,42.0,,run
2026-08-15T03:28:52+03:00,1786753732,10049,63,3,31.0,41.1,,run
2026-08-15T03:28:57+03:00,1786753737,10054,63,3,31.0,40.5,,run
2026-08-15T03:29:02+03:00,1786753742,10059,63,3,31.0,41.4,,run
2026-08-15T03:29:07+03:00,1786753747,10064,63,3,31.0,41.4,,run
2026-08-15T03:29:12+03:00,1786753752,10069,63,3,31.0,42.3,,run
2026-08-15T03:29:18+03:00,1786753758,10075,63,3,31.0,41.1,,run
2026-08-15T03:29:23+03:00,1786753763,10080,63,3,31.0,40.8,,run
2026-08-15T03:29:28+03:00,1786753768,10085,63,3,31.0,40.2,,run
2026-08-15T03:29:33+03:00,1786753773,10090,63,3,31.0,40.8,,run
2026-08-15T03:29:39+03:00,1786753779,10096,63,3,31.0,41.7,,run
2026-08-15T03:29:44+03:00,1786753784,10101,63,3,31.0,40.5,,run
2026-08-15T03:29:49+03:00,1786753789,10106,63,3,31.0,49.4,,run
2026-08-15T03:29:55+03:00,1786753795,10112,63,3,31.0,42.6,,run
2026-08-15T03:30:00+03:00,1786753800,10117,63,3,31.0,41.7,,run
2026-08-15T03:30:05+03:00,1786753805,10122,63,3,31.0,39.5,,run
2026-08-15T03:30:10+03:00,1786753810,10127,63,3,31.0,39.5,,run
2026-08-15T03:30:16+03:00,1786753816,10133,63,3,31.0,39.2,,run
2026-08-15T03:30:21+03:00,1786753821,10138,63,3,31.0,38.6,,run
2026-08-15T03:30:26+03:00,1786753826,10143,63,3,31.0,38.9,,run
2026-08-15T03:30:31+03:00,1786753831,10148,63,3,31.0,49.7,,run
2026-08-15T03:30:37+03:00,1786753837,10154,63,3,31.0,43.6,,run
2026-08-15T03:30:42+03:00,1786753842,10159,63,3,31.0,42.3,,run
2026-08-15T03:30:47+03:00,1786753847,10164,63,3,31.0,41.1,,run
2026-08-15T03:30:53+03:00,1786753853,10170,63,3,31.0,40.8,,run
2026-08-15T03:30:58+03:00,1786753858,10175,63,3,31.0,40.2,,run
2026-08-15T03:31:03+03:00,1786753863,10180,63,3,31.0,39.8,,run
2026-08-15T03:31:08+03:00,1786753868,10185,63,3,31.0,41.1,,run
2026-08-15T03:31:14+03:00,1786753874,10191,63,3,31.0,41.1,,run
2026-08-15T03:31:19+03:00,1786753879,10196,63,3,31.0,41.7,,run
2026-08-15T03:31:24+03:00,1786753884,10201,63,3,31.0,40.2,,run
2026-08-15T03:31:29+03:00,1786753889,10206,63,3,31.0,39.8,,run
2026-08-15T03:31:34+03:00,1786753894,10211,63,3,31.0,39.5,,run
2026-08-15T03:31:40+03:00,1786753900,10217,63,3,31.0,42.3,,run
2026-08-15T03:31:45+03:00,1786753905,10222,63,3,31.0,40.2,,run
2026-08-15T03:31:50+03:00,1786753910,10227,63,3,31.0,51.9,,run
2026-08-15T03:31:56+03:00,1786753916,10233,63,3,31.0,45.4,,run
2026-08-15T03:32:01+03:00,1786753921,10238,63,3,31.0,40.5,,run
2026-08-15T03:32:06+03:00,1786753926,10243,63,3,31.0,39.5,,run
2026-08-15T03:32:11+03:00,1786753931,10248,63,3,31.0,40.2,,run
2026-08-15T03:32:16+03:00,1786753936,10253,63,3,31.0,39.2,,run
2026-08-15T03:32:22+03:00,1786753942,10259,63,3,31.0,39.2,,run
2026-08-15T03:32:27+03:00,1786753947,10264,63,3,31.0,38.9,,run
2026-08-15T03:32:32+03:00,1786753952,10269,63,3,31.0,52.5,,run
2026-08-15T03:32:38+03:00,1786753958,10275,63,3,31.0,41.4,,run
2026-08-15T03:32:43+03:00,1786753963,10280,63,3,31.0,41.7,,run
2026-08-15T03:32:48+03:00,1786753968,10285,63,3,31.0,41.1,,run
2026-08-15T03:32:53+03:00,1786753973,10290,63,3,31.0,43.6,,run
2026-08-15T03:32:58+03:00,1786753978,10295,63,3,31.0,41.7,,run
2026-08-15T03:33:04+03:00,1786753984,10301,63,3,31.0,40.5,,run
2026-08-15T03:33:09+03:00,1786753989,10306,63,3,31.0,40.5,,run
2026-08-15T03:33:14+03:00,1786753994,10311,63,3,31.0,40.8,,run
2026-08-15T03:33:19+03:00,1786753999,10316,63,3,31.0,42.0,,run
2026-08-15T03:33:25+03:00,1786754005,10322,63,3,31.0,40.8,,run
2026-08-15T03:33:30+03:00,1786754010,10327,63,3,31.0,39.8,,run
2026-08-15T03:33:35+03:00,1786754015,10332,63,3,31.0,40.2,,run
2026-08-15T03:33:40+03:00,1786754020,10337,63,3,31.0,40.5,,run
2026-08-15T03:33:45+03:00,1786754025,10342,63,3,31.0,44.2,,run
2026-08-15T03:33:51+03:00,1786754031,10348,63,3,31.0,50.1,,run
2026-08-15T03:33:56+03:00,1786754036,10353,63,3,31.0,42.6,,run
2026-08-15T03:34:01+03:00,1786754041,10358,63,3,31.0,40.8,,run
2026-08-15T03:34:06+03:00,1786754046,10363,63,3,31.0,40.2,,run
2026-08-15T03:34:12+03:00,1786754052,10369,62,3,31.1,38.9,,run
2026-08-15T03:34:17+03:00,1786754057,10374,62,3,31.1,38.6,,run
2026-08-15T03:34:22+03:00,1786754062,10379,62,3,31.1,38.9,,run
2026-08-15T03:34:27+03:00,1786754067,10384,62,3,31.1,42.0,,run
2026-08-15T03:34:33+03:00,1786754073,10390,62,3,31.1,47.3,,run
2026-08-15T03:34:38+03:00,1786754078,10395,62,3,31.1,42.6,,run
2026-08-15T03:34:43+03:00,1786754083,10400,62,3,31.1,41.4,,run
2026-08-15T03:34:48+03:00,1786754088,10405,62,3,31.1,41.4,,run
2026-08-15T03:34:54+03:00,1786754094,10411,62,3,31.1,41.1,,run
2026-08-15T03:34:59+03:00,1786754099,10416,62,3,31.1,40.5,,run
2026-08-15T03:35:04+03:00,1786754104,10421,62,3,31.1,42.0,,run
2026-08-15T03:35:09+03:00,1786754109,10426,62,3,31.1,41.1,,run
2026-08-15T03:35:14+03:00,1786754114,10431,62,3,31.1,40.5,,run
2026-08-15T03:35:20+03:00,1786754120,10437,62,3,31.1,40.5,,run
2026-08-15T03:35:25+03:00,1786754125,10442,62,3,31.1,40.5,,run
2026-08-15T03:35:30+03:00,1786754130,10447,62,3,31.1,40.8,,run
2026-08-15T03:35:35+03:00,1786754135,10452,62,3,31.1,41.4,,run
2026-08-15T03:35:41+03:00,1786754141,10458,62,3,31.1,40.5,,run
2026-08-15T03:35:46+03:00,1786754146,10463,62,3,31.1,49.4,,run
2026-08-15T03:35:51+03:00,1786754151,10468,62,3,31.1,43.9,,run
2026-08-15T03:35:57+03:00,1786754157,10474,62,3,31.1,41.4,,run
2026-08-15T03:36:02+03:00,1786754162,10479,62,3,31.1,38.9,,run
2026-08-15T03:36:07+03:00,1786754167,10484,62,3,31.1,38.9,,run
2026-08-15T03:36:12+03:00,1786754172,10489,62,3,31.1,39.5,,run
2026-08-15T03:36:17+03:00,1786754177,10494,62,3,31.1,39.8,,run
2026-08-15T03:36:23+03:00,1786754183,10500,62,3,31.1,39.2,,run
2026-08-15T03:36:28+03:00,1786754188,10505,62,3,31.1,50.1,,run
2026-08-15T03:36:34+03:00,1786754194,10511,62,3,31.1,42.3,,run
2026-08-15T03:36:39+03:00,1786754199,10516,62,3,31.1,43.9,,run
2026-08-15T03:36:44+03:00,1786754204,10521,62,3,31.1,41.1,,run
2026-08-15T03:36:49+03:00,1786754209,10526,62,3,31.1,40.5,,run
2026-08-15T03:36:55+03:00,1786754215,10532,62,3,31.1,40.2,,run
2026-08-15T03:37:00+03:00,1786754220,10537,62,3,31.1,41.1,,run
2026-08-15T03:37:05+03:00,1786754225,10542,62,3,31.1,40.5,,run
2026-08-15T03:37:10+03:00,1786754230,10547,62,3,31.1,42.6,,run
2026-08-15T03:37:16+03:00,1786754236,10553,62,3,31.1,40.8,,run
2026-08-15T03:37:21+03:00,1786754241,10558,62,3,31.1,41.4,,run
2026-08-15T03:37:26+03:00,1786754246,10563,62,3,31.1,39.5,,run
2026-08-15T03:37:31+03:00,1786754251,10568,62,3,31.1,39.8,,run
2026-08-15T03:37:36+03:00,1786754256,10573,62,3,31.1,41.1,,run
2026-08-15T03:37:42+03:00,1786754262,10579,62,3,31.1,44.2,,run
2026-08-15T03:37:47+03:00,1786754267,10584,62,3,31.1,52.5,,run
2026-08-15T03:37:52+03:00,1786754272,10589,62,3,31.1,44.8,,run
2026-08-15T03:37:58+03:00,1786754278,10595,62,3,31.1,40.8,,run
2026-08-15T03:38:03+03:00,1786754283,10600,62,3,31.1,40.2,,run
2026-08-15T03:38:08+03:00,1786754288,10605,62,3,31.1,39.2,,run
2026-08-15T03:38:13+03:00,1786754293,10610,62,3,31.1,38.9,,run
2026-08-15T03:38:18+03:00,1786754298,10615,62,3,31.1,39.8,,run
2026-08-15T03:38:24+03:00,1786754304,10621,62,3,31.1,39.5,,run
2026-08-15T03:38:29+03:00,1786754309,10626,62,3,31.1,53.5,,run
2026-08-15T03:38:34+03:00,1786754314,10631,62,3,31.1,42.0,,run
2026-08-15T03:38:39+03:00,1786754319,10636,62,3,31.1,40.5,,run
2026-08-15T03:38:45+03:00,1786754325,10642,62,3,31.1,43.6,,run
2026-08-15T03:38:50+03:00,1786754330,10647,62,3,31.1,40.8,,run
2026-08-15T03:38:55+03:00,1786754335,10652,62,3,31.1,40.8,,run
2026-08-15T03:39:00+03:00,1786754340,10657,62,3,31.1,40.5,,run
2026-08-15T03:39:05+03:00,1786754345,10662,62,3,31.1,39.5,,run
2026-08-15T03:39:11+03:00,1786754351,10668,62,3,31.1,41.1,,run
2026-08-15T03:39:16+03:00,1786754356,10673,62,3,31.1,42.6,,run
2026-08-15T03:39:21+03:00,1786754361,10678,62,3,31.1,41.1,,run
2026-08-15T03:39:26+03:00,1786754366,10683,62,3,31.1,40.8,,run
2026-08-15T03:39:32+03:00,1786754372,10689,62,3,31.1,41.1,,run
2026-08-15T03:39:37+03:00,1786754377,10694,62,3,31.1,39.8,,run
2026-08-15T03:39:42+03:00,1786754382,10699,62,3,31.1,45.1,,run
2026-08-15T03:39:47+03:00,1786754387,10704,62,3,31.1,52.2,,run
2026-08-15T03:39:53+03:00,1786754393,10710,62,3,31.1,43.9,,run
2026-08-15T03:39:58+03:00,1786754398,10715,62,3,31.1,40.8,,run
2026-08-15T03:40:03+03:00,1786754403,10720,62,3,31.1,40.5,,run
2026-08-15T03:40:08+03:00,1786754408,10725,62,3,31.1,38.6,,run
2026-08-15T03:40:13+03:00,1786754413,10730,62,3,31.1,38.9,,run
2026-08-15T03:40:19+03:00,1786754419,10736,62,3,31.1,40.5,,run
2026-08-15T03:40:24+03:00,1786754424,10741,62,3,31.1,42.9,,run
2026-08-15T03:40:29+03:00,1786754429,10746,62,3,31.1,51.6,,run
2026-08-15T03:40:34+03:00,1786754434,10751,62,3,31.1,42.9,,run
2026-08-15T03:40:40+03:00,1786754440,10757,62,3,31.1,43.6,,run
2026-08-15T03:40:45+03:00,1786754445,10762,62,3,31.1,42.6,,run
2026-08-15T03:40:50+03:00,1786754450,10767,62,3,31.1,41.1,,run
2026-08-15T03:40:55+03:00,1786754455,10772,62,3,31.1,42.0,,run
2026-08-15T03:41:01+03:00,1786754461,10778,62,3,31.1,42.6,,run
2026-08-15T03:41:06+03:00,1786754466,10783,62,3,31.1,42.6,,run
2026-08-15T03:41:11+03:00,1786754471,10788,62,3,31.1,42.6,,run
2026-08-15T03:41:16+03:00,1786754476,10793,62,3,31.1,41.4,,run
2026-08-15T03:41:21+03:00,1786754481,10798,62,3,31.1,41.4,,run
2026-08-15T03:41:27+03:00,1786754487,10804,62,3,31.1,41.4,,run
2026-08-15T03:41:32+03:00,1786754492,10809,62,3,31.1,43.2,,run
2026-08-15T03:41:37+03:00,1786754497,10814,62,3,31.1,43.2,,run
2026-08-15T03:41:42+03:00,1786754502,10819,62,3,31.1,48.8,,run
2026-08-15T03:41:48+03:00,1786754508,10825,62,3,31.1,44.8,,run
2026-08-15T03:41:53+03:00,1786754513,10830,62,3,31.1,41.4,,run
2026-08-15T03:41:58+03:00,1786754518,10835,62,3,31.1,40.5,,run
2026-08-15T03:42:03+03:00,1786754523,10840,62,3,31.1,40.5,,run
2026-08-15T03:42:09+03:00,1786754529,10846,62,3,31.1,38.6,,run
2026-08-15T03:42:14+03:00,1786754534,10851,62,3,31.1,38.9,,run
2026-08-15T03:42:19+03:00,1786754539,10856,62,3,31.1,39.2,,run
2026-08-15T03:42:24+03:00,1786754544,10861,62,3,31.1,44.2,,run
2026-08-15T03:42:30+03:00,1786754550,10867,62,3,31.1,47.3,,run
2026-08-15T03:42:35+03:00,1786754555,10872,62,3,31.1,41.7,,run
2026-08-15T03:42:40+03:00,1786754560,10877,62,3,31.1,41.1,,run
2026-08-15T03:42:45+03:00,1786754565,10882,62,3,31.1,42.0,,run
2026-08-15T03:42:51+03:00,1786754571,10888,62,3,31.1,42.3,,run
2026-08-15T03:42:56+03:00,1786754576,10893,62,3,31.1,41.1,,run
2026-08-15T03:43:01+03:00,1786754581,10898,62,3,31.1,42.0,,run
2026-08-15T03:43:06+03:00,1786754586,10903,62,3,31.1,41.4,,run
2026-08-15T03:43:11+03:00,1786754591,10908,62,3,31.1,40.2,,run
2026-08-15T03:43:17+03:00,1786754597,10914,62,3,31.1,42.6,,run
2026-08-15T03:43:22+03:00,1786754602,10919,62,3,31.1,42.3,,run
2026-08-15T03:43:27+03:00,1786754607,10924,62,3,31.1,40.8,,run
2026-08-15T03:43:32+03:00,1786754612,10929,62,3,31.1,39.8,,run
2026-08-15T03:43:37+03:00,1786754617,10934,62,3,31.1,40.2,,run
2026-08-15T03:43:43+03:00,1786754623,10940,62,3,31.1,51.0,,run
2026-08-15T03:43:48+03:00,1786754628,10945,62,3,31.1,42.0,,run
2026-08-15T03:43:54+03:00,1786754634,10951,62,3,31.1,40.5,,run
2026-08-15T03:43:59+03:00,1786754639,10956,62,3,31.1,39.8,,run
2026-08-15T03:44:04+03:00,1786754644,10961,62,3,31.1,39.8,,run
2026-08-15T03:44:09+03:00,1786754649,10966,62,3,31.1,38.9,,run
2026-08-15T03:44:14+03:00,1786754654,10971,62,3,31.1,38.3,,run
2026-08-15T03:44:20+03:00,1786754660,10977,62,3,31.1,39.2,,run
2026-08-15T03:44:25+03:00,1786754665,10982,62,3,31.1,51.0,,run
2026-08-15T03:44:31+03:00,1786754671,10988,62,3,31.1,45.1,,run
2026-08-15T03:44:36+03:00,1786754676,10993,62,3,31.1,42.0,,run
2026-08-15T03:44:41+03:00,1786754681,10998,62,3,31.1,42.0,,run
2026-08-15T03:44:46+03:00,1786754686,11003,62,3,31.1,41.1,,run
2026-08-15T03:44:52+03:00,1786754692,11009,61,3,31.2,45.1,,run
2026-08-15T03:44:57+03:00,1786754697,11014,61,3,31.2,43.9,,run
2026-08-15T03:45:02+03:00,1786754702,11019,61,3,31.2,43.2,,run
2026-08-15T03:45:07+03:00,1786754707,11024,61,3,31.2,41.1,,run
2026-08-15T03:45:13+03:00,1786754713,11030,61,3,31.2,40.8,,run
2026-08-15T03:45:18+03:00,1786754718,11035,61,3,31.2,41.7,,run
2026-08-15T03:45:23+03:00,1786754723,11040,61,3,31.2,42.0,,run
2026-08-15T03:45:28+03:00,1786754728,11045,61,3,31.2,42.9,,run
2026-08-15T03:45:33+03:00,1786754733,11050,61,3,31.2,42.9,,run
2026-08-15T03:45:39+03:00,1786754739,11056,61,3,31.2,46.3,,run
2026-08-15T03:45:44+03:00,1786754744,11061,61,3,31.2,52.8,,run
2026-08-15T03:45:49+03:00,1786754749,11066,61,3,31.2,43.9,,run
2026-08-15T03:45:55+03:00,1786754755,11072,61,3,31.2,41.1,,run
2026-08-15T03:46:00+03:00,1786754760,11077,61,3,31.2,40.5,,run
2026-08-15T03:46:05+03:00,1786754765,11082,61,3,31.2,39.8,,run
2026-08-15T03:46:10+03:00,1786754770,11087,61,3,31.2,39.2,,run
2026-08-15T03:46:16+03:00,1786754776,11093,61,3,31.2,39.8,,run
2026-08-15T03:46:21+03:00,1786754781,11098,61,3,31.2,38.9,,run
2026-08-15T03:46:26+03:00,1786754786,11103,61,3,31.2,53.8,,run
2026-08-15T03:46:31+03:00,1786754791,11108,61,3,31.2,42.6,,run
2026-08-15T03:46:37+03:00,1786754797,11114,61,3,31.2,42.6,,run
2026-08-15T03:46:42+03:00,1786754802,11119,61,3,31.2,42.6,,run
2026-08-15T03:46:47+03:00,1786754807,11124,61,3,31.2,41.1,,run
2026-08-15T03:46:52+03:00,1786754812,11129,61,3,31.2,41.1,,run
2026-08-15T03:46:57+03:00,1786754817,11134,61,3,31.2,40.5,,run
2026-08-15T03:47:03+03:00,1786754823,11140,61,3,31.2,40.2,,run
2026-08-15T03:47:08+03:00,1786754828,11145,61,3,31.2,41.1,,run
2026-08-15T03:47:13+03:00,1786754833,11150,61,3,31.2,42.3,,run
2026-08-15T03:47:18+03:00,1786754838,11155,61,3,31.2,42.0,,run
2026-08-15T03:47:24+03:00,1786754844,11161,61,3,31.2,40.8,,run
2026-08-15T03:47:29+03:00,1786754849,11166,61,3,31.2,39.8,,run
2026-08-15T03:47:34+03:00,1786754854,11171,61,3,31.2,39.5,,run
2026-08-15T03:47:39+03:00,1786754859,11176,61,3,31.2,43.9,,run
2026-08-15T03:47:44+03:00,1786754864,11181,61,3,31.2,49.1,,run
2026-08-15T03:47:50+03:00,1786754870,11187,61,3,31.2,42.9,,run
2026-08-15T03:47:55+03:00,1786754875,11192,61,3,31.2,40.5,,run
2026-08-15T03:48:00+03:00,1786754880,11197,61,3,31.2,39.5,,run
2026-08-15T03:48:05+03:00,1786754885,11202,61,3,31.2,39.5,,run
2026-08-15T03:48:11+03:00,1786754891,11208,61,3,31.2,41.1,,run
2026-08-15T03:48:16+03:00,1786754896,11213,61,3,31.2,40.2,,run
2026-08-15T03:48:21+03:00,1786754901,11218,61,3,31.2,42.6,,run
2026-08-15T03:48:26+03:00,1786754906,11223,61,3,31.2,50.4,,run
2026-08-15T03:48:32+03:00,1786754912,11229,61,3,31.2,41.4,,run
2026-08-15T03:48:37+03:00,1786754917,11234,61,3,31.2,40.8,,run
2026-08-15T03:48:42+03:00,1786754922,11239,61,3,31.2,41.4,,run
2026-08-15T03:48:47+03:00,1786754927,11244,61,3,31.2,41.1,,run
2026-08-15T03:48:52+03:00,1786754932,11249,61,3,31.2,41.1,,run
2026-08-15T03:48:58+03:00,1786754938,11255,61,3,31.2,42.3,,run
2026-08-15T03:49:03+03:00,1786754943,11260,61,3,31.2,40.2,,run
2026-08-15T03:49:08+03:00,1786754948,11265,61,3,31.2,40.8,,run
2026-08-15T03:49:13+03:00,1786754953,11270,61,3,31.2,40.8,,run
2026-08-15T03:49:19+03:00,1786754959,11276,61,3,31.2,40.2,,run
2026-08-15T03:49:24+03:00,1786754964,11281,61,3,31.2,42.6,,run
2026-08-15T03:49:29+03:00,1786754969,11286,61,3,31.2,40.5,,run
2026-08-15T03:49:34+03:00,1786754974,11291,61,3,31.2,40.5,,run
2026-08-15T03:49:39+03:00,1786754979,11296,61,3,31.2,51.9,,run
2026-08-15T03:49:45+03:00,1786754985,11302,61,3,31.2,43.6,,run
2026-08-15T03:49:50+03:00,1786754990,11307,61,3,31.2,41.4,,run
2026-08-15T03:49:55+03:00,1786754995,11312,61,3,31.2,40.2,,run
2026-08-15T03:50:01+03:00,1786755001,11318,61,3,31.2,39.5,,run
2026-08-15T03:50:06+03:00,1786755006,11323,61,3,31.2,39.8,,run
2026-08-15T03:50:11+03:00,1786755011,11328,61,3,31.2,38.6,,run
2026-08-15T03:50:16+03:00,1786755016,11333,61,3,31.2,38.6,,run
2026-08-15T03:50:22+03:00,1786755022,11339,61,3,31.2,50.4,,run
2026-08-15T03:50:27+03:00,1786755027,11344,61,3,31.2,43.6,,run
2026-08-15T03:50:33+03:00,1786755033,11350,61,3,31.2,42.9,,run
2026-08-15T03:50:38+03:00,1786755038,11355,61,3,31.2,41.7,,run
2026-08-15T03:50:43+03:00,1786755043,11360,61,3,31.2,40.8,,run
2026-08-15T03:50:48+03:00,1786755048,11365,61,3,31.2,40.2,,run
2026-08-15T03:50:53+03:00,1786755053,11370,61,3,31.2,39.8,,run
2026-08-15T03:50:59+03:00,1786755059,11376,61,3,31.2,42.6,,run
2026-08-15T03:51:04+03:00,1786755064,11381,61,3,31.2,41.4,,run
2026-08-15T03:51:09+03:00,1786755069,11386,61,3,31.2,40.8,,run
2026-08-15T03:51:14+03:00,1786755074,11391,61,3,31.2,39.8,,run
2026-08-15T03:51:19+03:00,1786755079,11396,61,3,31.2,40.2,,run
2026-08-15T03:51:25+03:00,1786755085,11402,61,3,31.0,39.8,,run
2026-08-15T03:51:30+03:00,1786755090,11407,61,3,31.0,43.6,,run
2026-08-15T03:51:35+03:00,1786755095,11412,61,3,31.0,41.4,,run
2026-08-15T03:51:40+03:00,1786755100,11417,61,3,31.0,51.9,,run
2026-08-15T03:51:46+03:00,1786755106,11423,61,3,31.0,45.7,,run
2026-08-15T03:51:51+03:00,1786755111,11428,61,3,31.0,40.5,,run
2026-08-15T03:51:56+03:00,1786755116,11433,61,3,31.0,39.2,,run
2026-08-15T03:52:02+03:00,1786755122,11439,61,3,31.0,39.2,,run
2026-08-15T03:52:07+03:00,1786755127,11444,61,3,31.0,39.2,,run
2026-08-15T03:52:12+03:00,1786755132,11449,61,3,31.0,38.6,,run
2026-08-15T03:52:17+03:00,1786755137,11454,61,3,31.0,39.2,,run
2026-08-15T03:52:22+03:00,1786755142,11459,61,3,31.0,51.6,,run
2026-08-15T03:52:28+03:00,1786755148,11465,61,3,31.0,42.3,,run
2026-08-15T03:52:33+03:00,1786755153,11470,61,3,31.0,41.7,,run
2026-08-15T03:52:38+03:00,1786755158,11475,61,3,31.0,42.3,,run
2026-08-15T03:52:44+03:00,1786755164,11481,61,3,31.0,41.4,,run
2026-08-15T03:52:49+03:00,1786755169,11486,61,3,31.0,40.5,,run
2026-08-15T03:52:54+03:00,1786755174,11491,61,3,31.0,40.5,,run
2026-08-15T03:52:59+03:00,1786755179,11496,61,3,31.0,40.8,,run
2026-08-15T03:53:04+03:00,1786755184,11501,61,3,31.0,40.5,,run
2026-08-15T03:53:10+03:00,1786755190,11507,61,3,31.0,43.2,,run
2026-08-15T03:53:15+03:00,1786755195,11512,61,3,31.0,40.5,,run
2026-08-15T03:53:20+03:00,1786755200,11517,61,3,31.0,40.8,,run
2026-08-15T03:53:25+03:00,1786755205,11522,61,3,31.0,39.8,,run
2026-08-15T03:53:30+03:00,1786755210,11527,61,3,31.0,39.8,,run
2026-08-15T03:53:36+03:00,1786755216,11533,61,3,31.0,47.0,,run
2026-08-15T03:53:41+03:00,1786755221,11538,61,3,31.0,49.1,,run
2026-08-15T03:53:46+03:00,1786755226,11543,61,3,31.0,43.6,,run
2026-08-15T03:53:51+03:00,1786755231,11548,61,3,31.0,40.5,,run
2026-08-15T03:53:57+03:00,1786755237,11554,61,3,31.0,40.2,,run
2026-08-15T03:54:02+03:00,1786755242,11559,61,3,31.0,38.9,,run
2026-08-15T03:54:07+03:00,1786755247,11564,61,3,31.0,39.2,,run
2026-08-15T03:54:12+03:00,1786755252,11569,61,3,31.0,38.3,,run
2026-08-15T03:54:17+03:00,1786755257,11574,61,3,31.0,42.3,,run
2026-08-15T03:54:23+03:00,1786755263,11580,61,3,31.0,51.3,,run
2026-08-15T03:54:28+03:00,1786755268,11585,61,3,31.0,43.6,,run
2026-08-15T03:54:33+03:00,1786755273,11590,60,3,31.1,41.7,,run
2026-08-15T03:54:39+03:00,1786755279,11596,60,3,31.1,40.5,,run
2026-08-15T03:54:44+03:00,1786755284,11601,60,3,31.1,40.8,,run
2026-08-15T03:54:49+03:00,1786755289,11606,60,3,31.1,41.4,,run
2026-08-15T03:54:54+03:00,1786755294,11611,60,3,31.1,39.8,,run
2026-08-15T03:54:59+03:00,1786755299,11616,60,3,31.1,43.6,,run
2026-08-15T03:55:05+03:00,1786755305,11622,60,3,31.1,40.5,,run
2026-08-15T03:55:10+03:00,1786755310,11627,60,3,31.1,41.4,,run
2026-08-15T03:55:15+03:00,1786755315,11632,60,3,31.1,39.5,,run
2026-08-15T03:55:20+03:00,1786755320,11637,60,3,31.1,39.8,,run
2026-08-15T03:55:26+03:00,1786755326,11643,60,3,31.1,41.4,,run
2026-08-15T03:55:31+03:00,1786755331,11648,60,3,31.1,40.5,,run
2026-08-15T03:55:36+03:00,1786755336,11653,60,3,31.1,50.1,,run
2026-08-15T03:55:42+03:00,1786755342,11659,60,3,31.1,43.9,,run
2026-08-15T03:55:47+03:00,1786755347,11664,60,3,31.1,42.0,,run
2026-08-15T03:55:52+03:00,1786755352,11669,60,3,31.1,39.2,,run
2026-08-15T03:55:57+03:00,1786755357,11674,60,3,31.1,39.2,,run
2026-08-15T03:56:02+03:00,1786755362,11679,60,3,31.1,39.5,,run
2026-08-15T03:56:08+03:00,1786755368,11685,60,3,31.1,38.9,,run
2026-08-15T03:56:13+03:00,1786755373,11690,60,3,31.1,39.2,,run
2026-08-15T03:56:18+03:00,1786755378,11695,60,3,31.1,47.9,,run
2026-08-15T03:56:24+03:00,1786755384,11701,60,3,31.1,43.6,,run
2026-08-15T03:56:29+03:00,1786755389,11706,60,3,31.1,40.5,,run
2026-08-15T03:56:34+03:00,1786755394,11711,60,3,31.1,42.9,,run
2026-08-15T03:56:39+03:00,1786755399,11716,60,3,31.1,41.4,,run
2026-08-15T03:56:45+03:00,1786755405,11722,60,3,31.1,40.2,,run
2026-08-15T03:56:50+03:00,1786755410,11727,60,3,31.1,40.8,,run
2026-08-15T03:56:55+03:00,1786755415,11732,60,3,31.1,40.8,,run
2026-08-15T03:57:00+03:00,1786755420,11737,60,3,31.1,40.8,,run
2026-08-15T03:57:05+03:00,1786755425,11742,60,3,31.1,42.0,,run
2026-08-15T03:57:11+03:00,1786755431,11748,60,3,31.1,40.5,,run
2026-08-15T03:57:16+03:00,1786755436,11753,60,3,31.1,41.1,,run
2026-08-15T03:57:21+03:00,1786755441,11758,60,3,31.1,40.8,,run
2026-08-15T03:57:26+03:00,1786755446,11763,60,3,31.1,39.8,,run
2026-08-15T03:57:32+03:00,1786755452,11769,60,3,31.1,41.4,,run
2026-08-15T03:57:37+03:00,1786755457,11774,60,3,31.1,52.8,,run
2026-08-15T03:57:42+03:00,1786755462,11779,60,3,31.1,45.7,,run
2026-08-15T03:57:48+03:00,1786755468,11785,60,3,31.1,40.8,,run
2026-08-15T03:57:53+03:00,1786755473,11790,60,3,31.1,39.2,,run
2026-08-15T03:57:58+03:00,1786755478,11795,60,3,31.1,38.6,,run
2026-08-15T03:58:03+03:00,1786755483,11800,60,3,31.1,38.9,,run
2026-08-15T03:58:09+03:00,1786755489,11806,60,3,31.1,40.5,,run
2026-08-15T03:58:14+03:00,1786755494,11811,60,3,31.1,39.2,,run
2026-08-15T03:58:19+03:00,1786755499,11816,60,3,31.1,52.5,,run
2026-08-15T03:58:24+03:00,1786755504,11821,60,3,31.1,42.9,,run
2026-08-15T03:58:30+03:00,1786755510,11827,60,3,31.1,41.1,,run
2026-08-15T03:58:35+03:00,1786755515,11832,60,3,31.1,40.2,,run
2026-08-15T03:58:40+03:00,1786755520,11837,60,3,31.1,40.5,,run
2026-08-15T03:58:45+03:00,1786755525,11842,60,3,31.1,44.2,,run
2026-08-15T03:58:51+03:00,1786755531,11848,60,3,31.1,41.7,,run
2026-08-15T03:58:56+03:00,1786755536,11853,60,3,31.1,40.5,,run
2026-08-15T03:59:01+03:00,1786755541,11858,60,3,31.1,40.2,,run
2026-08-15T03:59:06+03:00,1786755546,11863,60,3,31.1,40.5,,run
2026-08-15T03:59:11+03:00,1786755551,11868,60,3,31.1,39.5,,run
2026-08-15T03:59:17+03:00,1786755557,11874,60,3,31.1,42.6,,run
2026-08-15T03:59:22+03:00,1786755562,11879,60,3,31.1,42.0,,run
2026-08-15T03:59:27+03:00,1786755567,11884,60,3,31.1,41.4,,run
2026-08-15T03:59:32+03:00,1786755572,11889,60,3,31.1,48.8,,run
2026-08-15T03:59:38+03:00,1786755578,11895,60,3,31.1,54.4,,run
2026-08-15T03:59:43+03:00,1786755583,11900,60,3,31.1,42.9,,run
2026-08-15T03:59:48+03:00,1786755588,11905,60,3,31.1,39.5,,run
2026-08-15T03:59:53+03:00,1786755593,11910,60,3,31.1,40.8,,run
2026-08-15T03:59:58+03:00,1786755598,11915,60,3,31.1,38.6,,run
2026-08-15T04:00:04+03:00,1786755604,11921,60,3,31.1,39.5,,run
2026-08-15T04:00:09+03:00,1786755609,11926,60,3,31.1,39.8,,run
2026-08-15T04:00:14+03:00,1786755614,11931,60,3,31.1,41.7,,run
2026-08-15T04:00:20+03:00,1786755620,11937,60,3,31.1,49.1,,run
2026-08-15T04:00:25+03:00,1786755625,11942,60,3,31.1,43.2,,run
2026-08-15T04:00:30+03:00,1786755630,11947,60,3,31.1,40.8,,run
2026-08-15T04:00:35+03:00,1786755635,11952,60,3,31.1,40.5,,run
2026-08-15T04:00:40+03:00,1786755640,11957,60,3,31.1,41.4,,run
2026-08-15T04:00:46+03:00,1786755646,11963,60,3,31.1,41.1,,run
2026-08-15T04:00:51+03:00,1786755651,11968,60,3,31.1,41.4,,run
2026-08-15T04:00:56+03:00,1786755656,11973,60,3,31.1,42.0,,run
2026-08-15T04:01:01+03:00,1786755661,11978,60,3,31.1,41.4,,run
2026-08-15T04:01:07+03:00,1786755667,11984,60,3,31.1,40.5,,run
2026-08-15T04:01:12+03:00,1786755672,11989,60,3,31.1,40.8,,run
2026-08-15T04:01:17+03:00,1786755677,11994,60,3,31.1,40.8,,run
2026-08-15T04:01:22+03:00,1786755682,11999,60,3,31.0,42.9,,run
2026-08-15T04:01:27+03:00,1786755687,12004,60,3,31.0,41.1,,run
2026-08-15T04:01:33+03:00,1786755693,12010,60,3,31.0,49.4,,run
2026-08-15T04:01:38+03:00,1786755698,12015,60,3,31.0,44.2,,run
2026-08-15T04:01:43+03:00,1786755703,12020,60,3,31.0,41.7,,run
2026-08-15T04:01:49+03:00,1786755709,12026,60,3,31.0,39.2,,run
2026-08-15T04:01:54+03:00,1786755714,12031,60,3,31.0,38.9,,run
2026-08-15T04:01:59+03:00,1786755719,12036,60,3,31.0,38.6,,run
2026-08-15T04:02:04+03:00,1786755724,12041,60,3,31.0,38.6,,run
2026-08-15T04:02:10+03:00,1786755730,12047,60,3,31.0,39.8,,run
2026-08-15T04:02:15+03:00,1786755735,12052,60,3,31.0,50.4,,run
2026-08-15T04:02:21+03:00,1786755741,12058,60,3,31.0,42.6,,run
2026-08-15T04:02:26+03:00,1786755746,12063,60,3,31.0,41.4,,run
2026-08-15T04:02:31+03:00,1786755751,12068,60,3,31.0,41.1,,run
2026-08-15T04:02:36+03:00,1786755756,12073,60,3,31.0,40.5,,run
2026-08-15T04:02:41+03:00,1786755761,12078,60,3,31.0,41.4,,run
2026-08-15T04:02:47+03:00,1786755767,12084,60,3,31.0,41.1,,run
2026-08-15T04:02:52+03:00,1786755772,12089,60,3,31.0,40.5,,run
2026-08-15T04:02:57+03:00,1786755777,12094,60,3,31.0,42.0,,run
2026-08-15T04:03:02+03:00,1786755782,12099,60,3,31.0,40.5,,run
2026-08-15T04:03:08+03:00,1786755788,12105,60,3,31.0,40.5,,run
2026-08-15T04:03:13+03:00,1786755793,12110,60,3,31.0,40.2,,run
2026-08-15T04:03:18+03:00,1786755798,12115,60,3,31.0,41.4,,run
2026-08-15T04:03:23+03:00,1786755803,12120,60,3,31.0,40.5,,run
2026-08-15T04:03:28+03:00,1786755808,12125,60,3,31.0,42.9,,run
2026-08-15T04:03:34+03:00,1786755814,12131,60,3,31.0,55.0,,run
2026-08-15T04:03:39+03:00,1786755819,12136,60,3,31.0,46.0,,run
2026-08-15T04:03:44+03:00,1786755824,12141,60,3,31.0,40.5,,run
2026-08-15T04:03:50+03:00,1786755830,12147,60,3,31.0,39.5,,run
2026-08-15T04:03:55+03:00,1786755835,12152,60,3,31.0,39.2,,run
2026-08-15T04:04:00+03:00,1786755840,12157,60,3,31.0,39.5,,run
2026-08-15T04:04:05+03:00,1786755845,12162,60,3,31.0,40.5,,run
2026-08-15T04:04:11+03:00,1786755851,12168,60,3,31.0,38.9,,run
2026-08-15T04:04:16+03:00,1786755856,12173,60,3,31.0,52.2,,run
2026-08-15T04:04:21+03:00,1786755861,12178,60,3,31.0,42.0,,run
2026-08-15T04:04:26+03:00,1786755866,12183,60,3,31.0,41.1,,run
2026-08-15T04:04:32+03:00,1786755872,12189,60,3,31.0,40.8,,run
2026-08-15T04:04:37+03:00,1786755877,12194,60,3,31.0,42.3,,run
2026-08-15T04:04:42+03:00,1786755882,12199,60,3,31.0,40.5,,run
2026-08-15T04:04:47+03:00,1786755887,12204,60,3,31.0,40.5,,run
2026-08-15T04:04:52+03:00,1786755892,12209,60,3,31.0,41.4,,run
2026-08-15T04:04:58+03:00,1786755898,12215,60,3,31.0,41.7,,run
2026-08-15T04:05:03+03:00,1786755903,12220,60,3,31.0,41.7,,run
2026-08-15T04:05:08+03:00,1786755908,12225,60,3,31.0,42.3,,run
2026-08-15T04:05:13+03:00,1786755913,12230,59,3,31.0,42.0,,run
2026-08-15T04:05:19+03:00,1786755919,12236,59,3,31.0,41.1,,run
2026-08-15T04:05:24+03:00,1786755924,12241,59,3,31.0,40.8,,run
2026-08-15T04:05:29+03:00,1786755929,12246,59,3,31.0,46.3,,run
2026-08-15T04:05:34+03:00,1786755934,12251,59,3,31.0,51.3,,run
2026-08-15T04:05:40+03:00,1786755940,12257,59,3,31.0,41.4,,run
2026-08-15T04:05:45+03:00,1786755945,12262,59,3,31.0,40.8,,run
2026-08-15T04:05:50+03:00,1786755950,12267,59,3,31.0,40.2,,run
2026-08-15T04:05:55+03:00,1786755955,12272,59,3,31.0,38.3,,run
2026-08-15T04:06:00+03:00,1786755960,12277,59,3,31.0,38.6,,run
2026-08-15T04:06:06+03:00,1786755966,12283,59,3,31.0,38.9,,run
2026-08-15T04:06:11+03:00,1786755971,12288,59,3,31.0,40.8,,run
2026-08-15T04:06:16+03:00,1786755976,12293,59,3,31.0,45.7,,run
2026-08-15T04:06:21+03:00,1786755981,12298,59,3,31.0,40.8,,run
2026-08-15T04:06:27+03:00,1786755987,12304,59,3,31.0,40.5,,run
2026-08-15T04:06:32+03:00,1786755992,12309,59,3,31.0,39.8,,run
2026-08-15T04:06:37+03:00,1786755997,12314,59,3,31.0,42.6,,run
2026-08-15T04:06:42+03:00,1786756002,12319,59,3,31.0,41.7,,run
2026-08-15T04:06:48+03:00,1786756008,12325,59,3,31.0,42.0,,run
2026-08-15T04:06:53+03:00,1786756013,12330,59,3,31.0,39.8,,run
2026-08-15T04:06:58+03:00,1786756018,12335,59,3,31.0,40.2,,run
2026-08-15T04:07:03+03:00,1786756023,12340,59,3,31.0,40.5,,run
2026-08-15T04:07:08+03:00,1786756028,12345,59,3,31.0,42.0,,run
2026-08-15T04:07:14+03:00,1786756034,12351,59,3,31.0,41.1,,run
2026-08-15T04:07:19+03:00,1786756039,12356,59,3,31.0,40.8,,run
2026-08-15T04:07:24+03:00,1786756044,12361,59,3,31.0,39.5,,run
2026-08-15T04:07:29+03:00,1786756049,12366,59,3,31.0,52.2,,run
2026-08-15T04:07:35+03:00,1786756055,12372,59,3,31.0,43.2,,run
2026-08-15T04:07:40+03:00,1786756060,12377,59,3,31.0,40.8,,run
2026-08-15T04:07:45+03:00,1786756065,12382,59,3,31.0,39.2,,run
2026-08-15T04:07:50+03:00,1786756070,12387,59,3,31.0,39.5,,run
2026-08-15T04:07:56+03:00,1786756076,12393,59,3,31.0,38.6,,run
2026-08-15T04:08:01+03:00,1786756081,12398,59,3,31.0,46.3,,run
2026-08-15T04:08:06+03:00,1786756086,12403,59,3,31.0,39.2,,run
2026-08-15T04:08:11+03:00,1786756091,12408,59,3,31.0,51.3,,run
2026-08-15T04:08:17+03:00,1786756097,12414,59,3,31.0,44.8,,run
2026-08-15T04:08:23+03:00,1786756103,12420,59,3,31.0,41.4,,run
2026-08-15T04:08:28+03:00,1786756108,12425,59,3,31.0,41.1,,run
2026-08-15T04:08:33+03:00,1786756113,12430,59,3,31.0,40.5,,run
2026-08-15T04:08:38+03:00,1786756118,12435,59,3,31.0,40.2,,run
2026-08-15T04:08:43+03:00,1786756123,12440,59,3,31.0,42.6,,run
2026-08-15T04:08:49+03:00,1786756129,12446,59,3,31.0,41.1,,run
2026-08-15T04:08:54+03:00,1786756134,12451,59,3,31.0,40.5,,run
2026-08-15T04:08:59+03:00,1786756139,12456,59,3,31.0,40.8,,run
2026-08-15T04:09:04+03:00,1786756144,12461,59,3,31.0,40.5,,run
2026-08-15T04:09:10+03:00,1786756150,12467,59,3,31.0,41.7,,run
2026-08-15T04:09:15+03:00,1786756155,12472,59,3,31.0,41.4,,run
2026-08-15T04:09:20+03:00,1786756160,12477,59,3,31.0,40.2,,run
2026-08-15T04:09:25+03:00,1786756165,12482,59,3,31.0,47.9,,run
2026-08-15T04:09:30+03:00,1786756170,12487,59,3,31.0,55.0,,run
2026-08-15T04:09:36+03:00,1786756176,12493,59,3,31.0,42.6,,run
2026-08-15T04:09:41+03:00,1786756181,12498,59,3,31.0,40.2,,run
2026-08-15T04:09:46+03:00,1786756186,12503,59,3,31.0,39.2,,run
2026-08-15T04:09:51+03:00,1786756191,12508,59,3,31.0,38.9,,run
2026-08-15T04:09:57+03:00,1786756197,12514,59,3,31.0,39.2,,run
2026-08-15T04:10:02+03:00,1786756202,12519,59,3,31.0,38.6,,run
2026-08-15T04:10:07+03:00,1786756207,12524,59,3,31.0,40.2,,run
2026-08-15T04:10:12+03:00,1786756212,12529,59,3,31.0,53.1,,run
2026-08-15T04:10:18+03:00,1786756218,12535,59,3,31.0,42.6,,run
2026-08-15T04:10:23+03:00,1786756223,12540,59,3,31.0,43.2,,run
2026-08-15T04:10:28+03:00,1786756228,12545,59,3,31.0,41.4,,run
2026-08-15T04:10:33+03:00,1786756233,12550,59,3,31.0,40.5,,run
2026-08-15T04:10:39+03:00,1786756239,12556,59,3,31.0,41.1,,run
2026-08-15T04:10:44+03:00,1786756244,12561,59,3,31.0,41.1,,run
2026-08-15T04:10:49+03:00,1786756249,12566,59,3,31.0,41.4,,run
2026-08-15T04:10:54+03:00,1786756254,12571,59,3,31.0,42.9,,run
2026-08-15T04:10:59+03:00,1786756259,12576,59,3,31.0,40.5,,run
2026-08-15T04:11:05+03:00,1786756265,12582,59,3,31.0,40.8,,run
2026-08-15T04:11:10+03:00,1786756270,12587,59,3,31.0,40.8,,run
2026-08-15T04:11:15+03:00,1786756275,12592,59,3,31.0,40.8,,run
2026-08-15T04:11:20+03:00,1786756280,12597,59,3,31.0,42.0,,run
2026-08-15T04:11:25+03:00,1786756285,12602,59,3,31.0,43.2,,run
2026-08-15T04:11:31+03:00,1786756291,12608,59,3,31.0,51.3,,run
2026-08-15T04:11:36+03:00,1786756296,12613,59,3,31.0,42.9,,run
2026-08-15T04:11:41+03:00,1786756301,12618,59,3,31.0,40.8,,run
2026-08-15T04:11:46+03:00,1786756306,12623,59,3,31.0,40.5,,run
2026-08-15T04:11:52+03:00,1786756312,12629,59,3,31.0,38.9,,run
2026-08-15T04:11:57+03:00,1786756317,12634,59,3,31.0,39.2,,run
2026-08-15T04:12:02+03:00,1786756322,12639,59,3,31.0,38.6,,run
2026-08-15T04:12:07+03:00,1786756327,12644,59,3,31.0,42.0,,run
2026-08-15T04:12:13+03:00,1786756333,12650,59,3,31.0,51.6,,run
2026-08-15T04:12:18+03:00,1786756338,12655,59,3,31.0,43.2,,run
2026-08-15T04:12:23+03:00,1786756343,12660,59,3,31.0,40.8,,run
2026-08-15T04:12:28+03:00,1786756348,12665,59,3,31.0,40.8,,run
2026-08-15T04:12:33+03:00,1786756353,12670,59,3,31.0,40.2,,run
2026-08-15T04:12:39+03:00,1786756359,12676,59,3,31.0,41.1,,run
2026-08-15T04:12:44+03:00,1786756364,12681,59,3,31.0,41.7,,run
2026-08-15T04:12:49+03:00,1786756369,12686,59,3,31.0,41.7,,run
2026-08-15T04:12:54+03:00,1786756374,12691,59,3,31.0,40.8,,run
2026-08-15T04:13:00+03:00,1786756380,12697,59,3,31.0,40.2,,run
2026-08-15T04:13:05+03:00,1786756385,12702,59,3,31.0,39.5,,run
2026-08-15T04:13:10+03:00,1786756390,12707,59,3,31.0,39.5,,run
2026-08-15T04:13:15+03:00,1786756395,12712,59,3,31.0,42.3,,run
2026-08-15T04:13:20+03:00,1786756400,12717,59,3,31.0,41.4,,run
2026-08-15T04:13:26+03:00,1786756406,12723,59,3,31.0,50.1,,run
2026-08-15T04:13:31+03:00,1786756411,12728,59,3,31.0,44.2,,run
2026-08-15T04:13:36+03:00,1786756416,12733,59,3,31.0,41.4,,run
2026-08-15T04:13:42+03:00,1786756422,12739,59,3,31.0,39.5,,run
2026-08-15T04:13:47+03:00,1786756427,12744,59,3,31.0,40.5,,run
2026-08-15T04:13:52+03:00,1786756432,12749,59,3,31.0,47.9,,run
2026-08-15T04:13:58+03:00,1786756438,12755,59,3,31.0,44.2,,run
2026-08-15T04:14:03+03:00,1786756443,12760,59,3,31.0,41.1,,run
2026-08-15T04:14:08+03:00,1786756448,12765,59,3,31.0,41.4,,run
2026-08-15T04:14:13+03:00,1786756453,12770,59,3,31.0,42.3,,run
2026-08-15T04:14:19+03:00,1786756459,12776,59,3,31.0,41.7,,run
2026-08-15T04:14:24+03:00,1786756464,12781,59,3,31.0,40.8,,run
2026-08-15T04:14:29+03:00,1786756469,12786,59,3,31.0,40.5,,run
2026-08-15T04:14:34+03:00,1786756474,12791,59,3,31.0,40.2,,run
2026-08-15T04:14:39+03:00,1786756479,12796,59,3,31.0,40.8,,run
2026-08-15T04:14:45+03:00,1786756485,12802,59,3,31.0,42.0,,run
2026-08-15T04:14:50+03:00,1786756490,12807,58,3,31.1,40.5,,run
2026-08-15T04:14:55+03:00,1786756495,12812,58,3,31.1,39.8,,run
2026-08-15T04:15:00+03:00,1786756500,12817,58,3,31.1,41.1,,run
2026-08-15T04:15:06+03:00,1786756506,12823,58,3,31.1,39.8,,run
2026-08-15T04:15:11+03:00,1786756511,12828,58,3,31.1,51.6,,run
2026-08-15T04:15:17+03:00,1786756517,12834,58,3,31.1,41.4,,run
2026-08-15T04:15:22+03:00,1786756522,12839,58,3,31.1,41.1,,run
2026-08-15T04:15:27+03:00,1786756527,12844,58,3,31.1,39.5,,run
2026-08-15T04:15:32+03:00,1786756532,12849,58,3,31.1,39.8,,run
2026-08-15T04:15:37+03:00,1786756537,12854,58,3,31.1,51.6,,run
2026-08-15T04:15:43+03:00,1786756543,12860,58,3,31.1,43.2,,run
2026-08-15T04:15:48+03:00,1786756548,12865,58,3,31.1,42.9,,run
2026-08-15T04:15:54+03:00,1786756554,12871,58,3,31.1,42.0,,run
2026-08-15T04:15:59+03:00,1786756559,12876,58,3,31.1,40.5,,run
2026-08-15T04:16:04+03:00,1786756564,12881,58,3,31.1,40.8,,run
2026-08-15T04:16:09+03:00,1786756569,12886,58,3,31.1,42.0,,run
2026-08-15T04:16:14+03:00,1786756574,12891,58,3,31.1,40.2,,run
2026-08-15T04:16:20+03:00,1786756580,12897,58,3,31.1,43.2,,run
2026-08-15T04:16:25+03:00,1786756585,12902,58,3,31.1,42.0,,run
2026-08-15T04:16:30+03:00,1786756590,12907,58,3,31.1,41.4,,run
2026-08-15T04:16:35+03:00,1786756595,12912,58,3,31.1,40.8,,run
2026-08-15T04:16:41+03:00,1786756601,12918,58,3,31.1,40.2,,run
2026-08-15T04:16:46+03:00,1786756606,12923,58,3,31.1,41.7,,run
2026-08-15T04:16:51+03:00,1786756611,12928,58,3,31.1,48.5,,run
2026-08-15T04:16:56+03:00,1786756616,12933,58,3,31.1,52.8,,run
2026-08-15T04:17:02+03:00,1786756622,12939,58,3,31.1,46.7,,run
2026-08-15T04:17:07+03:00,1786756627,12944,58,3,31.1,40.2,,run
2026-08-15T04:17:12+03:00,1786756632,12949,58,3,31.1,39.5,,run
2026-08-15T04:17:18+03:00,1786756638,12955,58,3,31.1,39.5,,run
2026-08-15T04:17:23+03:00,1786756643,12960,58,3,31.1,51.0,,run
2026-08-15T04:17:28+03:00,1786756648,12965,58,3,31.1,41.7,,run
2026-08-15T04:17:33+03:00,1786756653,12970,58,3,31.1,42.3,,run
2026-08-15T04:17:39+03:00,1786756659,12976,58,3,31.1,40.5,,run
2026-08-15T04:17:44+03:00,1786756664,12981,58,3,31.1,40.8,,run
2026-08-15T04:17:49+03:00,1786756669,12986,58,3,31.1,40.5,,run
2026-08-15T04:17:54+03:00,1786756674,12991,58,3,31.1,40.8,,run
2026-08-15T04:17:59+03:00,1786756679,12996,58,3,31.1,39.8,,run
2026-08-15T04:18:05+03:00,1786756685,13002,58,3,31.1,39.8,,run
2026-08-15T04:18:10+03:00,1786756690,13007,58,3,31.1,40.5,,run
2026-08-15T04:18:15+03:00,1786756695,13012,58,3,31.1,40.2,,run
2026-08-15T04:18:20+03:00,1786756700,13017,58,3,31.1,39.8,,run
2026-08-15T04:18:26+03:00,1786756706,13023,58,3,31.1,40.2,,run
2026-08-15T04:18:31+03:00,1786756711,13028,58,3,31.1,39.8,,run
2026-08-15T04:18:36+03:00,1786756716,13033,58,3,31.1,46.0,,run
2026-08-15T04:18:41+03:00,1786756721,13038,58,3,31.1,51.3,,run
2026-08-15T04:18:47+03:00,1786756727,13044,58,3,31.1,43.9,,run
2026-08-15T04:18:52+03:00,1786756732,13049,58,3,31.1,40.2,,run
2026-08-15T04:18:57+03:00,1786756737,13054,58,3,31.1,40.2,,run
2026-08-15T04:19:02+03:00,1786756742,13059,58,3,31.1,38.9,,run
2026-08-15T04:19:08+03:00,1786756748,13065,58,3,31.1,38.6,,run
2026-08-15T04:19:13+03:00,1786756753,13070,58,3,31.1,40.2,,run
2026-08-15T04:19:18+03:00,1786756758,13075,58,3,31.1,40.5,,run
2026-08-15T04:19:23+03:00,1786756763,13080,58,3,31.1,41.7,,run
2026-08-15T04:19:29+03:00,1786756769,13086,58,3,31.1,48.8,,run
2026-08-15T04:19:34+03:00,1786756774,13091,58,3,31.1,44.5,,run
2026-08-15T04:19:39+03:00,1786756779,13096,58,3,31.1,42.0,,run
2026-08-15T04:19:44+03:00,1786756784,13101,58,3,31.1,44.5,,run
2026-08-15T04:19:50+03:00,1786756790,13107,58,3,31.1,44.5,,run
2026-08-15T04:19:55+03:00,1786756795,13112,58,3,31.1,46.3,,run
2026-08-15T04:20:00+03:00,1786756800,13117,58,3,31.1,45.7,,run
2026-08-15T04:20:05+03:00,1786756805,13122,58,3,31.1,45.7,,run
2026-08-15T04:20:11+03:00,1786756811,13128,58,3,31.1,44.8,,run
2026-08-15T04:20:16+03:00,1786756816,13133,58,3,31.1,42.3,,run
2026-08-15T04:20:21+03:00,1786756821,13138,58,3,31.1,42.0,,run
2026-08-15T04:20:26+03:00,1786756826,13143,58,3,31.4,43.6,,run
2026-08-15T04:20:32+03:00,1786756832,13149,58,3,31.4,43.9,,run
2026-08-15T04:20:37+03:00,1786756837,13154,58,3,31.4,42.0,,run
2026-08-15T04:20:42+03:00,1786756842,13159,58,3,31.4,51.9,,run
2026-08-15T04:20:48+03:00,1786756848,13165,58,3,31.4,43.2,,run
2026-08-15T04:20:53+03:00,1786756853,13170,58,3,31.4,43.6,,run
2026-08-15T04:20:58+03:00,1786756858,13175,58,3,31.4,41.1,,run
2026-08-15T04:21:03+03:00,1786756863,13180,58,3,31.4,40.2,,run
2026-08-15T04:21:09+03:00,1786756869,13186,58,3,31.4,39.2,,run
2026-08-15T04:21:14+03:00,1786756874,13191,58,3,31.4,38.9,,run
2026-08-15T04:21:19+03:00,1786756879,13196,58,3,31.4,39.2,,run
2026-08-15T04:21:24+03:00,1786756884,13201,58,3,31.3,38.6,,run
2026-08-15T04:21:30+03:00,1786756890,13207,58,3,31.3,50.7,,run
2026-08-15T04:21:35+03:00,1786756895,13212,58,3,31.3,46.3,,run
2026-08-15T04:21:41+03:00,1786756901,13218,58,3,31.3,42.9,,run
2026-08-15T04:21:46+03:00,1786756906,13223,58,3,31.3,44.8,,run
2026-08-15T04:21:51+03:00,1786756911,13228,58,3,31.3,42.9,,run
2026-08-15T04:21:56+03:00,1786756916,13233,58,3,31.3,41.1,,run
2026-08-15T04:22:02+03:00,1786756922,13239,58,3,31.3,43.6,,run
2026-08-15T04:22:07+03:00,1786756927,13244,58,3,31.3,41.1,,run
2026-08-15T04:22:12+03:00,1786756932,13249,58,3,31.3,42.6,,run
2026-08-15T04:22:17+03:00,1786756937,13254,58,3,31.3,41.7,,run
2026-08-15T04:22:23+03:00,1786756943,13260,58,3,31.3,41.4,,run
2026-08-15T04:22:28+03:00,1786756948,13265,58,3,31.3,43.2,,run
2026-08-15T04:22:33+03:00,1786756953,13270,58,3,31.3,41.4,,run
2026-08-15T04:22:38+03:00,1786756958,13275,58,3,31.3,42.9,,run
2026-08-15T04:22:44+03:00,1786756964,13281,58,3,31.3,42.3,,run
2026-08-15T04:22:49+03:00,1786756969,13286,58,3,31.3,51.9,,run
2026-08-15T04:22:54+03:00,1786756974,13291,58,3,31.3,46.0,,run
2026-08-15T04:23:00+03:00,1786756980,13297,58,3,31.3,41.1,,run
2026-08-15T04:23:05+03:00,1786756985,13302,58,3,31.3,41.1,,run
2026-08-15T04:23:10+03:00,1786756990,13307,58,3,31.3,40.2,,run
2026-08-15T04:23:15+03:00,1786756995,13312,58,3,31.3,39.8,,run
2026-08-15T04:23:21+03:00,1786757001,13318,58,3,31.3,40.8,,run
2026-08-15T04:23:26+03:00,1786757006,13323,58,3,31.3,40.5,,run
2026-08-15T04:23:31+03:00,1786757011,13328,58,3,31.3,42.0,,run
2026-08-15T04:23:36+03:00,1786757016,13333,58,3,31.3,50.7,,run
2026-08-15T04:23:42+03:00,1786757022,13339,58,3,31.3,42.0,,run
2026-08-15T04:23:47+03:00,1786757027,13344,58,3,31.3,41.4,,run
2026-08-15T04:23:52+03:00,1786757032,13349,58,3,31.3,40.5,,run
2026-08-15T04:23:57+03:00,1786757037,13354,58,3,31.3,42.9,,run
2026-08-15T04:24:03+03:00,1786757043,13360,58,3,31.3,42.6,,run
2026-08-15T04:24:08+03:00,1786757048,13365,58,3,31.3,41.7,,run
2026-08-15T04:24:13+03:00,1786757053,13370,58,3,31.3,41.1,,run
2026-08-15T04:24:18+03:00,1786757058,13375,58,3,31.3,41.4,,run
2026-08-15T04:24:23+03:00,1786757063,13380,58,3,31.3,41.4,,run
2026-08-15T04:24:29+03:00,1786757069,13386,58,3,31.3,41.7,,run
2026-08-15T04:24:34+03:00,1786757074,13391,58,3,31.3,40.8,,run
2026-08-15T04:24:39+03:00,1786757079,13396,58,3,31.3,40.8,,run
2026-08-15T04:24:44+03:00,1786757084,13401,58,3,31.3,40.8,,run
2026-08-15T04:24:50+03:00,1786757090,13407,58,3,31.3,47.6,,run
2026-08-15T04:24:55+03:00,1786757095,13412,58,3,31.3,45.7,,run
2026-08-15T04:25:00+03:00,1786757100,13417,58,3,31.3,41.1,,run
2026-08-15T04:25:05+03:00,1786757105,13422,58,3,31.3,40.2,,run
2026-08-15T04:25:11+03:00,1786757111,13428,58,3,31.3,40.2,,run
2026-08-15T04:25:16+03:00,1786757116,13433,58,3,31.3,50.1,,run
2026-08-15T04:25:21+03:00,1786757121,13438,58,3,31.3,43.2,,run
2026-08-15T04:25:27+03:00,1786757127,13444,58,3,31.3,43.6,,run
2026-08-15T04:25:32+03:00,1786757132,13449,57,3,31.4,41.7,,run
2026-08-15T04:25:37+03:00,1786757137,13454,57,3,31.4,41.4,,run
2026-08-15T04:25:42+03:00,1786757142,13459,57,3,31.4,40.8,,run
2026-08-15T04:25:48+03:00,1786757148,13465,57,3,31.4,40.2,,run
2026-08-15T04:25:53+03:00,1786757153,13470,57,3,31.4,41.7,,run
2026-08-15T04:25:58+03:00,1786757158,13475,57,3,31.4,42.3,,run
2026-08-15T04:26:03+03:00,1786757163,13480,57,3,31.4,41.1,,run
2026-08-15T04:26:09+03:00,1786757169,13486,57,3,31.4,40.8,,run
2026-08-15T04:26:14+03:00,1786757174,13491,57,3,31.4,40.5,,run
2026-08-15T04:26:19+03:00,1786757179,13496,57,3,31.4,40.8,,run
2026-08-15T04:26:24+03:00,1786757184,13501,57,3,31.4,43.2,,run
2026-08-15T04:26:29+03:00,1786757189,13506,57,3,31.4,45.7,,run
2026-08-15T04:26:35+03:00,1786757195,13512,57,3,31.4,55.0,,run
2026-08-15T04:26:40+03:00,1786757200,13517,57,3,31.4,45.4,,run
2026-08-15T04:26:45+03:00,1786757205,13522,57,3,31.4,40.2,,run
2026-08-15T04:26:51+03:00,1786757211,13528,57,3,31.4,40.2,,run
2026-08-15T04:26:56+03:00,1786757216,13533,57,3,31.4,39.2,,run
2026-08-15T04:27:01+03:00,1786757221,13538,57,3,31.4,38.3,,run
2026-08-15T04:27:06+03:00,1786757226,13543,57,3,31.4,40.2,,run
2026-08-15T04:27:12+03:00,1786757232,13549,57,3,31.4,40.2,,run
2026-08-15T04:27:17+03:00,1786757237,13554,57,3,31.4,41.7,,run
2026-08-15T04:27:22+03:00,1786757242,13559,57,3,31.4,46.3,,run
2026-08-15T04:27:27+03:00,1786757247,13564,57,3,31.4,42.3,,run
2026-08-15T04:27:33+03:00,1786757253,13570,57,3,31.4,42.6,,run
2026-08-15T04:27:38+03:00,1786757258,13575,57,3,31.4,42.9,,run
2026-08-15T04:27:43+03:00,1786757263,13580,57,3,31.4,42.6,,run
2026-08-15T04:27:48+03:00,1786757268,13585,57,3,31.4,43.6,,run
2026-08-15T04:27:54+03:00,1786757274,13591,57,3,31.4,42.9,,run
2026-08-15T04:27:59+03:00,1786757279,13596,57,3,31.4,41.4,,run
2026-08-15T04:28:04+03:00,1786757284,13601,57,3,31.4,43.9,,run
2026-08-15T04:28:09+03:00,1786757289,13606,57,3,31.4,42.3,,run
2026-08-15T04:28:14+03:00,1786757294,13611,57,3,31.4,42.9,,run
2026-08-15T04:28:20+03:00,1786757300,13617,57,3,31.4,41.7,,run
2026-08-15T04:28:25+03:00,1786757305,13622,57,3,31.4,41.7,,run
2026-08-15T04:28:30+03:00,1786757310,13627,57,3,31.4,42.6,,run
2026-08-15T04:28:35+03:00,1786757315,13632,57,3,31.4,51.3,,run
2026-08-15T04:28:41+03:00,1786757321,13638,57,3,31.4,43.2,,run
2026-08-15T04:28:46+03:00,1786757326,13643,57,3,31.4,42.3,,run
2026-08-15T04:28:51+03:00,1786757331,13648,57,3,31.4,40.5,,run
2026-08-15T04:28:57+03:00,1786757337,13654,57,3,31.4,39.5,,run
2026-08-15T04:29:02+03:00,1786757342,13659,57,3,31.4,39.2,,run
2026-08-15T04:29:07+03:00,1786757347,13664,57,3,31.4,38.6,,run
2026-08-15T04:29:12+03:00,1786757352,13669,57,3,31.4,39.8,,run
2026-08-15T04:29:18+03:00,1786757358,13675,57,3,31.4,38.9,,run
2026-08-15T04:29:23+03:00,1786757363,13680,57,3,31.4,51.6,,run
2026-08-15T04:29:28+03:00,1786757368,13685,57,3,31.4,43.2,,run
2026-08-15T04:29:33+03:00,1786757373,13690,57,3,31.4,42.0,,run
2026-08-15T04:29:39+03:00,1786757379,13696,57,3,31.4,41.1,,run
2026-08-15T04:29:44+03:00,1786757384,13701,57,3,31.4,41.4,,run
2026-08-15T04:29:49+03:00,1786757389,13706,57,3,31.4,41.4,,run
2026-08-15T04:29:54+03:00,1786757394,13711,57,3,31.4,41.1,,run
2026-08-15T04:30:00+03:00,1786757400,13717,57,3,31.4,43.9,,run
2026-08-15T04:30:05+03:00,1786757405,13722,57,3,31.4,41.7,,run
2026-08-15T04:30:10+03:00,1786757410,13727,57,3,31.4,41.1,,run
2026-08-15T04:30:15+03:00,1786757415,13732,57,3,31.4,40.2,,run
2026-08-15T04:30:21+03:00,1786757421,13738,57,3,31.4,40.8,,run
2026-08-15T04:30:26+03:00,1786757426,13743,57,3,31.4,41.7,,run
2026-08-15T04:30:31+03:00,1786757431,13748,57,3,31.4,41.7,,run
2026-08-15T04:30:36+03:00,1786757436,13753,57,3,31.4,48.2,,run
2026-08-15T04:30:41+03:00,1786757441,13758,57,3,31.4,51.3,,run
2026-08-15T04:30:47+03:00,1786757447,13764,57,3,31.4,45.4,,run
2026-08-15T04:30:52+03:00,1786757452,13769,57,3,31.4,41.4,,run
2026-08-15T04:30:57+03:00,1786757457,13774,57,3,31.4,39.5,,run
2026-08-15T04:31:02+03:00,1786757462,13779,57,3,31.4,38.9,,run
2026-08-15T04:31:08+03:00,1786757468,13785,57,3,31.4,39.5,,run
2026-08-15T04:31:13+03:00,1786757473,13790,57,3,31.4,38.3,,run
2026-08-15T04:31:18+03:00,1786757478,13795,57,3,31.4,40.2,,run
2026-08-15T04:31:23+03:00,1786757483,13800,57,3,31.2,51.0,,run
2026-08-15T04:31:29+03:00,1786757489,13806,57,3,31.2,45.4,,run
2026-08-15T04:31:34+03:00,1786757494,13811,57,3,31.2,43.2,,run
2026-08-15T04:31:40+03:00,1786757500,13817,57,3,31.2,42.0,,run
2026-08-15T04:31:45+03:00,1786757505,13822,57,3,31.2,42.6,,run
2026-08-15T04:31:50+03:00,1786757510,13827,57,3,31.2,41.7,,run
2026-08-15T04:31:55+03:00,1786757515,13832,57,3,31.2,42.3,,run
2026-08-15T04:32:00+03:00,1786757520,13837,57,3,31.2,43.2,,run
2026-08-15T04:32:06+03:00,1786757526,13843,57,3,31.2,43.6,,run
2026-08-15T04:32:11+03:00,1786757531,13848,57,3,31.2,41.4,,run
2026-08-15T04:32:16+03:00,1786757536,13853,57,3,31.2,42.0,,run
2026-08-15T04:32:21+03:00,1786757541,13858,57,3,31.2,41.4,,run
2026-08-15T04:32:27+03:00,1786757547,13864,57,3,31.2,44.5,,run
2026-08-15T04:32:32+03:00,1786757552,13869,57,3,31.2,45.1,,run
2026-08-15T04:32:37+03:00,1786757557,13874,57,3,31.2,42.6,,run
2026-08-15T04:32:42+03:00,1786757562,13879,57,3,31.2,52.5,,run
2026-08-15T04:32:48+03:00,1786757568,13885,57,3,31.2,44.8,,run
2026-08-15T04:32:53+03:00,1786757573,13890,57,3,31.2,42.3,,run
2026-08-15T04:32:58+03:00,1786757578,13895,57,3,31.2,39.5,,run
2026-08-15T04:33:03+03:00,1786757583,13900,57,3,31.2,39.5,,run
2026-08-15T04:33:09+03:00,1786757589,13906,57,3,31.2,40.2,,run
2026-08-15T04:33:14+03:00,1786757594,13911,57,3,31.2,40.5,,run
2026-08-15T04:33:19+03:00,1786757599,13916,57,3,31.2,39.5,,run
2026-08-15T04:33:24+03:00,1786757604,13921,57,3,31.2,41.7,,run
2026-08-15T04:33:30+03:00,1786757610,13927,57,3,31.2,46.3,,run
2026-08-15T04:33:35+03:00,1786757615,13932,57,3,31.2,42.6,,run
2026-08-15T04:33:40+03:00,1786757620,13937,57,3,31.2,41.4,,run
2026-08-15T04:33:45+03:00,1786757625,13942,57,3,31.2,42.6,,run
2026-08-15T04:33:51+03:00,1786757631,13948,57,3,31.2,42.6,,run
2026-08-15T04:33:56+03:00,1786757636,13953,57,3,31.2,44.5,,run
2026-08-15T04:34:01+03:00,1786757641,13958,57,3,31.2,42.3,,run
2026-08-15T04:34:06+03:00,1786757646,13963,57,3,31.2,41.4,,run
2026-08-15T04:34:11+03:00,1786757651,13968,57,3,31.2,41.1,,run
2026-08-15T04:34:17+03:00,1786757657,13974,57,3,31.2,42.9,,run
2026-08-15T04:34:22+03:00,1786757662,13979,57,3,31.2,43.6,,run
2026-08-15T04:34:27+03:00,1786757667,13984,57,3,31.2,42.9,,run
2026-08-15T04:34:32+03:00,1786757672,13989,57,3,31.2,41.7,,run
2026-08-15T04:34:38+03:00,1786757678,13995,57,3,31.2,42.3,,run
2026-08-15T04:34:43+03:00,1786757683,14000,57,3,31.2,50.7,,run
2026-08-15T04:34:48+03:00,1786757688,14005,57,3,31.2,43.6,,run
2026-08-15T04:34:54+03:00,1786757694,14011,57,3,31.2,41.7,,run
2026-08-15T04:34:59+03:00,1786757699,14016,57,3,31.2,39.5,,run
2026-08-15T04:35:04+03:00,1786757704,14021,57,3,31.2,40.5,,run
2026-08-15T04:35:09+03:00,1786757709,14026,57,3,31.2,38.9,,run
2026-08-15T04:35:15+03:00,1786757715,14032,57,3,31.2,38.6,,run
2026-08-15T04:35:20+03:00,1786757720,14037,57,3,31.2,38.9,,run
2026-08-15T04:35:25+03:00,1786757725,14042,57,3,31.2,38.9,,run
2026-08-15T04:35:30+03:00,1786757730,14047,57,3,31.2,51.6,,run
2026-08-15T04:35:36+03:00,1786757736,14053,57,3,31.2,44.2,,run
2026-08-15T04:35:41+03:00,1786757741,14058,57,3,31.2,42.0,,run
2026-08-15T04:35:46+03:00,1786757746,14063,57,3,31.2,41.1,,run
2026-08-15T04:35:52+03:00,1786757752,14069,57,3,31.2,40.8,,run
2026-08-15T04:35:57+03:00,1786757757,14074,57,3,31.2,41.7,,run
2026-08-15T04:36:02+03:00,1786757762,14079,57,3,31.2,42.0,,run
2026-08-15T04:36:07+03:00,1786757767,14084,57,3,31.2,42.3,,run
2026-08-15T04:36:12+03:00,1786757772,14089,56,3,31.3,41.4,,run
2026-08-15T04:36:18+03:00,1786757778,14095,56,3,31.3,40.8,,run
2026-08-15T04:36:23+03:00,1786757783,14100,56,3,31.3,40.5,,run
2026-08-15T04:36:28+03:00,1786757788,14105,56,3,31.3,41.1,,run
2026-08-15T04:36:33+03:00,1786757793,14110,56,3,31.3,42.3,,run
2026-08-15T04:36:39+03:00,1786757799,14116,56,3,31.3,41.4,,run
2026-08-15T04:36:44+03:00,1786757804,14121,56,3,31.3,47.6,,run
2026-08-15T04:36:49+03:00,1786757809,14126,56,3,31.3,54.4,,run
2026-08-15T04:36:54+03:00,1786757814,14131,56,3,31.3,45.4,,run
2026-08-15T04:37:00+03:00,1786757820,14137,56,3,31.3,40.8,,run
2026-08-15T04:37:05+03:00,1786757825,14142,56,3,31.3,39.8,,run
2026-08-15T04:37:10+03:00,1786757830,14147,56,3,31.3,39.2,,run
2026-08-15T04:37:15+03:00,1786757835,14152,56,3,31.3,39.5,,run
2026-08-15T04:37:21+03:00,1786757841,14158,56,3,31.3,40.2,,run
2026-08-15T04:37:26+03:00,1786757846,14163,56,3,31.3,39.2,,run
2026-08-15T04:37:31+03:00,1786757851,14168,56,3,31.3,51.0,,run
2026-08-15T04:37:37+03:00,1786757857,14174,56,3,31.3,46.0,,run
2026-08-15T04:37:42+03:00,1786757862,14179,56,3,31.3,42.3,,run
2026-08-15T04:37:47+03:00,1786757867,14184,56,3,31.3,42.3,,run
2026-08-15T04:37:52+03:00,1786757872,14189,56,3,31.3,44.2,,run
2026-08-15T04:37:58+03:00,1786757878,14195,56,3,31.3,41.1,,run
2026-08-15T04:38:03+03:00,1786757883,14200,56,3,31.3,42.3,,run
2026-08-15T04:38:08+03:00,1786757888,14205,56,3,31.3,42.9,,run
2026-08-15T04:38:13+03:00,1786757893,14210,56,3,31.3,42.0,,run
2026-08-15T04:38:19+03:00,1786757899,14216,56,3,31.3,42.6,,run
2026-08-15T04:38:24+03:00,1786757904,14221,56,3,31.3,42.6,,run
2026-08-15T04:38:29+03:00,1786757909,14226,56,3,31.3,42.3,,run
2026-08-15T04:38:34+03:00,1786757914,14231,56,3,31.3,44.5,,run
2026-08-15T04:38:39+03:00,1786757919,14236,56,3,31.3,41.7,,run
2026-08-15T04:38:45+03:00,1786757925,14242,56,3,31.3,42.0,,run
2026-08-15T04:38:50+03:00,1786757930,14247,56,3,31.3,51.0,,run
2026-08-15T04:38:56+03:00,1786757936,14253,56,3,31.3,42.0,,run
2026-08-15T04:39:01+03:00,1786757941,14258,56,3,31.3,41.4,,run
2026-08-15T04:39:06+03:00,1786757946,14263,56,3,31.3,44.5,,run
2026-08-15T04:39:11+03:00,1786757951,14268,56,3,31.3,39.5,,run
2026-08-15T04:39:16+03:00,1786757956,14273,56,3,31.3,38.9,,run
2026-08-15T04:39:22+03:00,1786757962,14279,56,3,31.3,38.6,,run
2026-08-15T04:39:27+03:00,1786757967,14284,56,3,31.3,40.8,,run
2026-08-15T04:39:32+03:00,1786757972,14289,56,3,31.3,42.6,,run
2026-08-15T04:39:37+03:00,1786757977,14294,56,3,31.3,53.1,,run
2026-08-15T04:39:43+03:00,1786757983,14300,56,3,31.3,42.3,,run
2026-08-15T04:39:48+03:00,1786757988,14305,56,3,31.3,41.1,,run
2026-08-15T04:39:53+03:00,1786757993,14310,56,3,31.3,40.8,,run
2026-08-15T04:39:58+03:00,1786757998,14315,56,3,31.3,40.5,,run
2026-08-15T04:40:04+03:00,1786758004,14321,56,3,31.3,41.7,,run
2026-08-15T04:40:09+03:00,1786758009,14326,56,3,31.3,41.7,,run
2026-08-15T04:40:14+03:00,1786758014,14331,56,3,31.3,40.2,,run
2026-08-15T04:40:19+03:00,1786758019,14336,56,3,31.3,40.8,,run
2026-08-15T04:40:25+03:00,1786758025,14342,56,3,31.3,41.1,,run
2026-08-15T04:40:30+03:00,1786758030,14347,56,3,31.3,39.8,,run
2026-08-15T04:40:35+03:00,1786758035,14352,56,3,31.3,42.9,,run
2026-08-15T04:40:40+03:00,1786758040,14357,56,3,31.3,40.5,,run
2026-08-15T04:40:45+03:00,1786758045,14362,56,3,31.3,40.8,,run
2026-08-15T04:40:51+03:00,1786758051,14368,56,3,31.3,44.8,,run
2026-08-15T04:40:56+03:00,1786758056,14373,56,3,31.3,46.3,,run
2026-08-15T04:41:01+03:00,1786758061,14378,56,3,31.3,42.0,,run
2026-08-15T04:41:07+03:00,1786758067,14384,56,3,31.3,39.5,,run
2026-08-15T04:41:12+03:00,1786758072,14389,56,3,31.3,39.5,,run
2026-08-15T04:41:17+03:00,1786758077,14394,56,3,31.3,39.8,,run
2026-08-15T04:41:22+03:00,1786758082,14399,56,3,31.4,51.6,,run
2026-08-15T04:41:28+03:00,1786758088,14405,56,3,31.4,43.6,,run
2026-08-15T04:41:33+03:00,1786758093,14410,56,3,31.4,43.2,,run
2026-08-15T04:41:38+03:00,1786758098,14415,56,3,31.4,40.5,,run
2026-08-15T04:41:43+03:00,1786758103,14420,56,3,31.4,41.1,,run
2026-08-15T04:41:49+03:00,1786758109,14426,56,3,31.4,41.4,,run
2026-08-15T04:41:54+03:00,1786758114,14431,56,3,31.4,40.5,,run
2026-08-15T04:41:59+03:00,1786758119,14436,56,3,31.4,42.0,,run
2026-08-15T04:42:04+03:00,1786758124,14441,56,3,31.4,41.7,,run
2026-08-15T04:42:10+03:00,1786758130,14447,56,3,31.4,40.8,,run
2026-08-15T04:42:15+03:00,1786758135,14452,56,3,31.4,41.4,,run
2026-08-15T04:42:20+03:00,1786758140,14457,56,3,31.4,40.2,,run
2026-08-15T04:42:25+03:00,1786758145,14462,56,3,31.4,40.8,,run
2026-08-15T04:42:30+03:00,1786758150,14467,56,3,31.4,41.7,,run
2026-08-15T04:42:36+03:00,1786758156,14473,56,3,31.4,47.6,,run
2026-08-15T04:42:41+03:00,1786758161,14478,56,3,31.4,53.5,,run
2026-08-15T04:42:46+03:00,1786758166,14483,56,3,31.4,41.1,,run
2026-08-15T04:42:52+03:00,1786758172,14489,56,3,31.4,40.8,,run
2026-08-15T04:42:57+03:00,1786758177,14494,56,3,31.4,40.2,,run
2026-08-15T04:43:02+03:00,1786758182,14499,56,3,31.4,40.5,,run
2026-08-15T04:43:07+03:00,1786758187,14504,56,3,31.4,39.8,,run
2026-08-15T04:43:13+03:00,1786758193,14510,56,3,31.4,39.2,,run
2026-08-15T04:43:18+03:00,1786758198,14515,56,3,31.4,39.5,,run
2026-08-15T04:43:23+03:00,1786758203,14520,56,3,31.4,42.9,,run
2026-08-15T04:43:28+03:00,1786758208,14525,56,3,31.4,47.0,,run
2026-08-15T04:43:34+03:00,1786758214,14531,56,3,31.4,42.6,,run
2026-08-15T04:43:39+03:00,1786758219,14536,56,3,31.4,42.0,,run
2026-08-15T04:43:44+03:00,1786758224,14541,56,3,31.4,40.8,,run
2026-08-15T04:43:49+03:00,1786758229,14546,56,3,31.4,41.1,,run
2026-08-15T04:43:54+03:00,1786758234,14551,56,3,31.4,40.2,,run
2026-08-15T04:44:00+03:00,1786758240,14557,56,3,31.4,42.6,,run
2026-08-15T04:44:05+03:00,1786758245,14562,56,3,31.4,42.0,,run
2026-08-15T04:44:10+03:00,1786758250,14567,56,3,31.4,40.8,,run
2026-08-15T04:44:15+03:00,1786758255,14572,56,3,31.4,41.1,,run
2026-08-15T04:44:21+03:00,1786758261,14578,56,3,31.4,41.7,,run
2026-08-15T04:44:26+03:00,1786758266,14583,56,3,31.4,40.8,,run
2026-08-15T04:44:31+03:00,1786758271,14588,56,3,31.4,42.3,,run
2026-08-15T04:44:36+03:00,1786758276,14593,56,3,31.4,40.5,,run
2026-08-15T04:44:42+03:00,1786758282,14599,56,3,31.4,49.4,,run
2026-08-15T04:44:47+03:00,1786758287,14604,56,3,31.4,43.6,,run
2026-08-15T04:44:52+03:00,1786758292,14609,56,3,31.4,41.1,,run
2026-08-15T04:44:58+03:00,1786758298,14615,56,3,31.4,40.2,,run
2026-08-15T04:45:03+03:00,1786758303,14620,56,3,31.4,38.9,,run
2026-08-15T04:45:08+03:00,1786758308,14625,56,3,31.4,50.4,,run
2026-08-15T04:45:14+03:00,1786758314,14631,56,3,31.4,42.0,,run
2026-08-15T04:45:19+03:00,1786758319,14636,56,3,31.4,43.6,,run
2026-08-15T04:45:24+03:00,1786758324,14641,56,3,31.4,42.0,,run
2026-08-15T04:45:29+03:00,1786758329,14646,56,3,31.4,41.7,,run
2026-08-15T04:45:35+03:00,1786758335,14652,56,3,31.4,40.5,,run
2026-08-15T04:45:40+03:00,1786758340,14657,56,3,31.4,40.5,,run
2026-08-15T04:45:45+03:00,1786758345,14662,56,3,31.4,42.3,,run
2026-08-15T04:45:50+03:00,1786758350,14667,56,3,31.4,42.0,,run
2026-08-15T04:45:55+03:00,1786758355,14672,56,3,31.4,41.4,,run
2026-08-15T04:46:01+03:00,1786758361,14678,56,3,31.4,40.8,,run
2026-08-15T04:46:06+03:00,1786758366,14683,56,3,31.4,40.5,,run
2026-08-15T04:46:11+03:00,1786758371,14688,56,3,31.4,41.4,,run
2026-08-15T04:46:16+03:00,1786758376,14693,56,3,31.4,41.7,,run
2026-08-15T04:46:22+03:00,1786758382,14699,56,3,31.4,48.2,,run
2026-08-15T04:46:27+03:00,1786758387,14704,56,3,31.4,53.5,,run
2026-08-15T04:46:32+03:00,1786758392,14709,56,3,31.4,46.3,,run
2026-08-15T04:46:38+03:00,1786758398,14715,56,3,31.4,39.8,,run
2026-08-15T04:46:43+03:00,1786758403,14720,56,3,31.4,39.5,,run
2026-08-15T04:46:48+03:00,1786758408,14725,56,3,31.4,38.6,,run
2026-08-15T04:46:53+03:00,1786758413,14730,55,3,31.4,53.1,,run
2026-08-15T04:46:59+03:00,1786758419,14736,55,3,31.4,44.2,,run
2026-08-15T04:47:04+03:00,1786758424,14741,55,3,31.4,42.6,,run
2026-08-15T04:47:09+03:00,1786758429,14746,55,3,31.4,41.4,,run
2026-08-15T04:47:14+03:00,1786758434,14751,55,3,31.4,40.8,,run
2026-08-15T04:47:19+03:00,1786758439,14756,55,3,31.4,40.8,,run
2026-08-15T04:47:25+03:00,1786758445,14762,55,3,31.4,42.3,,run
2026-08-15T04:47:30+03:00,1786758450,14767,55,3,31.4,41.4,,run
2026-08-15T04:47:35+03:00,1786758455,14772,55,3,31.4,41.4,,run
2026-08-15T04:47:40+03:00,1786758460,14777,55,3,31.4,40.8,,run
2026-08-15T04:47:46+03:00,1786758466,14783,55,3,31.4,40.8,,run
2026-08-15T04:47:51+03:00,1786758471,14788,55,3,31.4,42.3,,run
2026-08-15T04:47:56+03:00,1786758476,14793,55,3,31.4,40.8,,run
2026-08-15T04:48:01+03:00,1786758481,14798,55,3,31.4,41.4,,run
2026-08-15T04:48:07+03:00,1786758487,14804,55,3,31.4,44.2,,run
2026-08-15T04:48:12+03:00,1786758492,14809,55,3,31.4,50.1,,run
2026-08-15T04:48:17+03:00,1786758497,14814,55,3,31.4,43.6,,run
2026-08-15T04:48:22+03:00,1786758502,14819,55,3,31.4,40.5,,run
2026-08-15T04:48:28+03:00,1786758508,14825,55,3,31.4,39.2,,run
2026-08-15T04:48:33+03:00,1786758513,14830,55,3,31.4,39.5,,run
2026-08-15T04:48:38+03:00,1786758518,14835,55,3,31.4,39.2,,run
2026-08-15T04:48:43+03:00,1786758523,14840,55,3,31.4,40.5,,run
2026-08-15T04:48:49+03:00,1786758529,14846,55,3,31.4,39.8,,run
2026-08-15T04:48:54+03:00,1786758534,14851,55,3,31.4,48.8,,run
2026-08-15T04:48:59+03:00,1786758539,14856,55,3,31.4,43.6,,run
2026-08-15T04:49:05+03:00,1786758545,14862,55,3,31.4,40.8,,run
2026-08-15T04:49:10+03:00,1786758550,14867,55,3,31.4,41.1,,run
2026-08-15T04:49:15+03:00,1786758555,14872,55,3,31.4,41.1,,run
2026-08-15T04:49:20+03:00,1786758560,14877,55,3,31.4,42.9,,run
2026-08-15T04:49:25+03:00,1786758565,14882,55,3,31.4,40.5,,run
2026-08-15T04:49:31+03:00,1786758571,14888,55,3,31.4,40.2,,run
2026-08-15T04:49:36+03:00,1786758576,14893,55,3,31.4,40.2,,run
2026-08-15T04:49:41+03:00,1786758581,14898,55,3,31.4,39.8,,run
2026-08-15T04:49:46+03:00,1786758586,14903,55,3,31.4,42.3,,run
2026-08-15T04:49:52+03:00,1786758592,14909,55,3,31.4,41.1,,run
2026-08-15T04:49:57+03:00,1786758597,14914,55,3,31.4,40.2,,run
2026-08-15T04:50:02+03:00,1786758602,14919,55,3,31.4,40.2,,run
2026-08-15T04:50:07+03:00,1786758607,14924,55,3,31.4,39.5,,run
2026-08-15T04:50:12+03:00,1786758612,14929,55,3,31.4,51.9,,run
2026-08-15T04:50:18+03:00,1786758618,14935,55,3,31.4,43.2,,run
2026-08-15T04:50:24+03:00,1786758624,14941,55,3,31.4,40.8,,run
2026-08-15T04:50:29+03:00,1786758629,14946,55,3,31.4,40.2,,run
2026-08-15T04:50:34+03:00,1786758634,14951,55,3,31.4,39.5,,run
2026-08-15T04:50:39+03:00,1786758639,14956,55,3,31.4,38.3,,run
2026-08-15T04:50:44+03:00,1786758644,14961,55,3,31.4,39.8,,run
2026-08-15T04:50:50+03:00,1786758650,14967,55,3,31.4,39.2,,run
2026-08-15T04:50:55+03:00,1786758655,14972,55,3,31.4,38.6,,run
2026-08-15T04:51:00+03:00,1786758660,14977,55,3,31.4,52.5,,run
2026-08-15T04:51:05+03:00,1786758665,14982,55,3,31.4,42.6,,run
2026-08-15T04:51:11+03:00,1786758671,14988,55,3,31.4,42.3,,run
2026-08-15T04:51:16+03:00,1786758676,14993,55,3,31.4,42.9,,run
2026-08-15T04:51:21+03:00,1786758681,14998,55,3,31.2,41.1,,run
2026-08-15T04:51:26+03:00,1786758686,15003,55,3,31.2,40.2,,run
2026-08-15T04:51:32+03:00,1786758692,15009,55,3,31.2,41.1,,run
2026-08-15T04:51:37+03:00,1786758697,15014,55,3,31.2,40.2,,run
2026-08-15T04:51:42+03:00,1786758702,15019,55,3,31.2,43.2,,run
2026-08-15T04:51:47+03:00,1786758707,15024,55,3,31.2,41.7,,run
2026-08-15T04:51:52+03:00,1786758712,15029,55,3,31.2,41.7,,run
2026-08-15T04:51:58+03:00,1786758718,15035,55,3,31.2,40.2,,run
2026-08-15T04:52:03+03:00,1786758723,15040,55,3,31.2,39.8,,run
2026-08-15T04:52:08+03:00,1786758728,15045,55,3,31.2,39.8,,run
2026-08-15T04:52:13+03:00,1786758733,15050,55,3,31.2,46.0,,run
2026-08-15T04:52:19+03:00,1786758739,15056,55,3,31.2,49.4,,run
2026-08-15T04:52:24+03:00,1786758744,15061,55,3,31.2,42.0,,run
2026-08-15T04:52:29+03:00,1786758749,15066,55,3,31.2,39.2,,run
2026-08-15T04:52:34+03:00,1786758754,15071,55,3,31.2,39.5,,run
2026-08-15T04:52:40+03:00,1786758760,15077,55,3,31.2,38.6,,run
2026-08-15T04:52:45+03:00,1786758765,15082,55,3,31.2,38.0,,run
2026-08-15T04:52:50+03:00,1786758770,15087,55,3,31.2,40.5,,run
2026-08-15T04:52:55+03:00,1786758775,15092,55,3,31.2,41.1,,run
2026-08-15T04:53:01+03:00,1786758781,15098,55,3,31.2,51.0,,run
2026-08-15T04:53:06+03:00,1786758786,15103,55,3,31.2,44.5,,run
2026-08-15T04:53:11+03:00,1786758791,15108,55,3,31.2,41.4,,run
2026-08-15T04:53:17+03:00,1786758797,15114,55,3,31.2,40.5,,run
2026-08-15T04:53:22+03:00,1786758802,15119,55,3,31.2,41.7,,run
2026-08-15T04:53:27+03:00,1786758807,15124,55,3,31.2,41.4,,run
2026-08-15T04:53:32+03:00,1786758812,15129,55,3,31.2,40.5,,run
2026-08-15T04:53:37+03:00,1786758817,15134,55,3,31.2,41.1,,run
2026-08-15T04:53:43+03:00,1786758823,15140,55,3,31.2,40.2,,run
2026-08-15T04:53:48+03:00,1786758828,15145,55,3,31.2,40.8,,run
2026-08-15T04:53:53+03:00,1786758833,15150,55,3,31.2,42.9,,run
2026-08-15T04:53:58+03:00,1786758838,15155,55,3,31.2,40.8,,run
2026-08-15T04:54:04+03:00,1786758844,15161,55,3,31.2,40.2,,run
2026-08-15T04:54:09+03:00,1786758849,15166,55,3,31.2,40.8,,run
2026-08-15T04:54:14+03:00,1786758854,15171,55,3,31.2,39.5,,run
2026-08-15T04:54:19+03:00,1786758859,15176,55,3,31.2,51.6,,run
2026-08-15T04:54:25+03:00,1786758865,15182,55,3,31.2,43.2,,run
2026-08-15T04:54:30+03:00,1786758870,15187,55,3,31.2,43.2,,run
2026-08-15T04:54:36+03:00,1786758876,15193,55,3,31.2,39.5,,run
2026-08-15T04:54:41+03:00,1786758881,15198,55,3,31.2,39.5,,run
2026-08-15T04:54:46+03:00,1786758886,15203,55,3,31.2,51.9,,run
2026-08-15T04:54:51+03:00,1786758891,15208,55,3,31.2,42.9,,run
2026-08-15T04:54:57+03:00,1786758897,15214,55,3,31.2,42.0,,run
2026-08-15T04:55:02+03:00,1786758902,15219,55,3,31.2,41.4,,run
2026-08-15T04:55:07+03:00,1786758907,15224,55,3,31.2,40.8,,run
2026-08-15T04:55:12+03:00,1786758912,15229,55,3,31.2,44.2,,run
2026-08-15T04:55:18+03:00,1786758918,15235,55,3,31.2,41.1,,run
2026-08-15T04:55:23+03:00,1786758923,15240,55,3,31.2,40.2,,run
2026-08-15T04:55:28+03:00,1786758928,15245,55,3,31.2,39.5,,run
2026-08-15T04:55:33+03:00,1786758933,15250,55,3,31.2,40.5,,run
2026-08-15T04:55:38+03:00,1786758938,15255,55,3,31.2,41.1,,run
2026-08-15T04:55:44+03:00,1786758944,15261,55,3,31.2,40.8,,run
2026-08-15T04:55:49+03:00,1786758949,15266,55,3,31.2,41.1,,run
2026-08-15T04:55:54+03:00,1786758954,15271,55,3,31.2,40.2,,run
2026-08-15T04:55:59+03:00,1786758959,15276,55,3,31.2,45.4,,run
2026-08-15T04:56:05+03:00,1786758965,15282,55,3,31.2,51.0,,run
2026-08-15T04:56:10+03:00,1786758970,15287,55,3,31.2,44.8,,run
2026-08-15T04:56:15+03:00,1786758975,15292,55,3,31.2,40.2,,run
2026-08-15T04:56:20+03:00,1786758980,15297,55,3,31.2,40.8,,run
2026-08-15T04:56:26+03:00,1786758986,15303,55,3,31.2,39.2,,run
2026-08-15T04:56:31+03:00,1786758991,15308,55,3,31.2,38.3,,run
2026-08-15T04:56:36+03:00,1786758996,15313,55,3,31.2,38.9,,run
2026-08-15T04:56:41+03:00,1786759001,15318,55,3,31.2,41.1,,run
2026-08-15T04:56:47+03:00,1786759007,15324,55,3,31.2,50.4,,run
2026-08-15T04:56:52+03:00,1786759012,15329,55,3,31.2,43.9,,run
2026-08-15T04:56:57+03:00,1786759017,15334,55,3,31.2,41.1,,run
2026-08-15T04:57:03+03:00,1786759023,15340,55,3,31.2,40.8,,run
2026-08-15T04:57:08+03:00,1786759028,15345,55,3,31.2,41.7,,run
2026-08-15T04:57:13+03:00,1786759033,15350,55,3,31.2,41.1,,run
2026-08-15T04:57:18+03:00,1786759038,15355,55,3,31.2,40.5,,run
2026-08-15T04:57:24+03:00,1786759044,15361,55,3,31.2,39.8,,run
2026-08-15T04:57:29+03:00,1786759049,15366,55,3,31.2,40.2,,run
2026-08-15T04:57:34+03:00,1786759054,15371,55,3,31.2,39.8,,run
2026-08-15T04:57:39+03:00,1786759059,15376,55,3,31.2,42.0,,run
2026-08-15T04:57:44+03:00,1786759064,15381,55,3,31.2,41.1,,run
2026-08-15T04:57:50+03:00,1786759070,15387,55,3,31.2,40.2,,run
2026-08-15T04:57:55+03:00,1786759075,15392,55,3,31.2,40.2,,run
2026-08-15T04:58:00+03:00,1786759080,15397,55,3,31.2,41.1,,run
2026-08-15T04:58:05+03:00,1786759085,15402,55,3,31.2,51.6,,run
2026-08-15T04:58:11+03:00,1786759091,15408,55,3,31.2,41.7,,run
2026-08-15T04:58:16+03:00,1786759096,15413,55,3,31.2,41.4,,run
2026-08-15T04:58:22+03:00,1786759102,15419,55,3,31.2,40.2,,run
2026-08-15T04:58:27+03:00,1786759107,15424,55,3,31.2,38.9,,run
2026-08-15T04:58:32+03:00,1786759112,15429,55,3,31.2,39.2,,run
2026-08-15T04:58:37+03:00,1786759117,15434,55,3,31.2,40.5,,run
2026-08-15T04:58:43+03:00,1786759123,15440,54,3,31.1,39.5,,run
2026-08-15T04:58:48+03:00,1786759128,15445,54,3,31.1,38.6,,run
2026-08-15T04:58:53+03:00,1786759133,15450,54,3,31.1,49.1,,run
2026-08-15T04:58:59+03:00,1786759139,15456,54,3,31.1,44.8,,run
2026-08-15T04:59:04+03:00,1786759144,15461,54,3,31.1,40.8,,run
2026-08-15T04:59:09+03:00,1786759149,15466,54,3,31.1,42.0,,run
2026-08-15T04:59:14+03:00,1786759154,15471,54,3,31.1,41.1,,run
2026-08-15T04:59:20+03:00,1786759160,15477,54,3,31.1,40.5,,run
2026-08-15T04:59:25+03:00,1786759165,15482,54,3,31.1,40.5,,run
2026-08-15T04:59:30+03:00,1786759170,15487,54,3,31.1,40.2,,run
2026-08-15T04:59:35+03:00,1786759175,15492,54,3,31.1,40.8,,run
2026-08-15T04:59:41+03:00,1786759181,15498,54,3,31.1,41.4,,run
2026-08-15T04:59:46+03:00,1786759186,15503,54,3,31.1,41.4,,run
2026-08-15T04:59:51+03:00,1786759191,15508,54,3,31.1,40.5,,run
2026-08-15T04:59:56+03:00,1786759196,15513,54,3,31.1,40.5,,run
2026-08-15T05:00:02+03:00,1786759202,15519,54,3,31.1,40.5,,run
2026-08-15T05:00:07+03:00,1786759207,15524,54,3,31.1,41.4,,run
2026-08-15T05:00:12+03:00,1786759212,15529,54,3,31.1,51.3,,run
2026-08-15T05:00:18+03:00,1786759218,15535,54,3,31.1,42.3,,run
2026-08-15T05:00:23+03:00,1786759223,15540,54,3,31.1,41.4,,run
2026-08-15T05:00:28+03:00,1786759228,15545,54,3,31.1,39.5,,run
2026-08-15T05:00:33+03:00,1786759233,15550,54,3,31.1,39.2,,run
2026-08-15T05:00:39+03:00,1786759239,15556,54,3,31.1,38.6,,run
2026-08-15T05:00:44+03:00,1786759244,15561,54,3,31.1,40.5,,run
2026-08-15T05:00:49+03:00,1786759249,15566,54,3,31.1,40.5,,run
2026-08-15T05:00:54+03:00,1786759254,15571,54,3,31.1,45.4,,run
2026-08-15T05:01:00+03:00,1786759260,15577,54,3,31.1,46.7,,run
2026-08-15T05:01:05+03:00,1786759265,15582,54,3,31.1,41.7,,run
2026-08-15T05:01:10+03:00,1786759270,15587,54,3,31.1,41.4,,run
2026-08-15T05:01:15+03:00,1786759275,15592,54,3,31.1,40.2,,run
2026-08-15T05:01:21+03:00,1786759281,15598,54,3,31.1,42.9,,run
2026-08-15T05:01:26+03:00,1786759286,15603,54,3,31.2,42.3,,run
2026-08-15T05:01:31+03:00,1786759291,15608,54,3,31.2,40.2,,run
2026-08-15T05:01:36+03:00,1786759296,15613,54,3,31.2,40.5,,run
2026-08-15T05:01:41+03:00,1786759301,15618,54,3,31.2,40.5,,run
2026-08-15T05:01:47+03:00,1786759307,15624,54,3,31.2,40.8,,run
2026-08-15T05:01:52+03:00,1786759312,15629,54,3,31.2,41.7,,run
2026-08-15T05:01:57+03:00,1786759317,15634,54,3,31.2,40.2,,run
2026-08-15T05:02:02+03:00,1786759322,15639,54,3,31.2,40.8,,run
2026-08-15T05:02:08+03:00,1786759328,15645,54,3,31.2,40.8,,run
2026-08-15T05:02:13+03:00,1786759333,15650,54,3,31.2,47.9,,run
2026-08-15T05:02:18+03:00,1786759338,15655,54,3,31.2,44.5,,run
2026-08-15T05:02:24+03:00,1786759344,15661,54,3,31.2,42.0,,run
2026-08-15T05:02:29+03:00,1786759349,15666,54,3,31.2,40.2,,run
2026-08-15T05:02:34+03:00,1786759354,15671,54,3,31.2,39.5,,run
2026-08-15T05:02:39+03:00,1786759359,15676,54,3,31.2,51.9,,run
2026-08-15T05:02:45+03:00,1786759365,15682,54,3,31.2,45.4,,run
2026-08-15T05:02:50+03:00,1786759370,15687,54,3,31.2,41.7,,run
2026-08-15T05:02:55+03:00,1786759375,15692,54,3,31.2,41.4,,run
2026-08-15T05:03:01+03:00,1786759381,15698,54,3,31.2,41.7,,run
2026-08-15T05:03:06+03:00,1786759386,15703,54,3,31.2,40.5,,run
2026-08-15T05:03:11+03:00,1786759391,15708,54,3,31.2,42.9,,run
2026-08-15T05:03:16+03:00,1786759396,15713,54,3,31.2,41.1,,run
2026-08-15T05:03:21+03:00,1786759401,15718,54,3,31.2,41.4,,run
2026-08-15T05:03:27+03:00,1786759407,15724,54,3,31.2,39.8,,run
2026-08-15T05:03:32+03:00,1786759412,15729,54,3,31.2,40.5,,run
2026-08-15T05:03:37+03:00,1786759417,15734,54,3,31.2,42.0,,run
2026-08-15T05:03:42+03:00,1786759422,15739,54,3,31.2,42.0,,run
2026-08-15T05:03:48+03:00,1786759428,15745,54,3,31.2,40.8,,run
2026-08-15T05:03:53+03:00,1786759433,15750,54,3,31.2,40.8,,run
2026-08-15T05:03:58+03:00,1786759438,15755,54,3,31.2,51.6,,run
2026-08-15T05:04:04+03:00,1786759444,15761,54,3,31.2,44.8,,run
2026-08-15T05:04:09+03:00,1786759449,15766,54,3,31.2,39.8,,run
2026-08-15T05:04:14+03:00,1786759454,15771,54,3,31.2,40.2,,run
2026-08-15T05:04:19+03:00,1786759459,15776,54,3,31.2,38.9,,run
2026-08-15T05:04:25+03:00,1786759465,15782,54,3,31.2,39.2,,run
2026-08-15T05:04:30+03:00,1786759470,15787,54,3,31.2,39.2,,run
2026-08-15T05:04:35+03:00,1786759475,15792,54,3,31.2,39.5,,run
2026-08-15T05:04:40+03:00,1786759480,15797,54,3,31.2,41.7,,run
2026-08-15T05:04:46+03:00,1786759486,15803,54,3,31.2,47.6,,run
2026-08-15T05:04:51+03:00,1786759491,15808,54,3,31.2,41.1,,run
2026-08-15T05:04:56+03:00,1786759496,15813,54,3,31.2,42.6,,run
2026-08-15T05:05:01+03:00,1786759501,15818,54,3,31.2,41.7,,run
2026-08-15T05:05:07+03:00,1786759507,15824,54,3,31.2,39.8,,run
2026-08-15T05:05:12+03:00,1786759512,15829,54,3,31.2,40.8,,run
2026-08-15T05:05:17+03:00,1786759517,15834,54,3,31.2,40.8,,run
2026-08-15T05:05:22+03:00,1786759522,15839,54,3,31.2,41.1,,run
2026-08-15T05:05:28+03:00,1786759528,15845,54,3,31.2,40.5,,run
2026-08-15T05:05:33+03:00,1786759533,15850,54,3,31.2,39.8,,run
2026-08-15T05:05:38+03:00,1786759538,15855,54,3,31.2,39.5,,run
2026-08-15T05:05:43+03:00,1786759543,15860,54,3,31.2,40.2,,run
2026-08-15T05:05:48+03:00,1786759548,15865,54,3,31.2,41.1,,run
2026-08-15T05:05:54+03:00,1786759554,15871,54,3,31.2,41.7,,run
2026-08-15T05:05:59+03:00,1786759559,15876,54,3,31.2,48.5,,run
2026-08-15T05:06:04+03:00,1786759564,15881,54,3,31.2,44.2,,run
2026-08-15T05:06:10+03:00,1786759570,15887,54,3,31.2,41.7,,run
2026-08-15T05:06:15+03:00,1786759575,15892,54,3,31.2,39.2,,run
2026-08-15T05:06:20+03:00,1786759580,15897,54,3,31.2,38.6,,run
2026-08-15T05:06:25+03:00,1786759585,15902,54,3,31.2,39.5,,run
2026-08-15T05:06:31+03:00,1786759591,15908,54,3,31.2,38.3,,run
2026-08-15T05:06:36+03:00,1786759596,15913,54,3,31.2,39.5,,run
2026-08-15T05:06:41+03:00,1786759601,15918,54,3,31.2,38.6,,run
2026-08-15T05:06:46+03:00,1786759606,15923,54,3,31.2,51.6,,run
2026-08-15T05:06:52+03:00,1786759612,15929,54,3,31.2,45.4,,run
2026-08-15T05:06:57+03:00,1786759617,15934,54,3,31.2,40.8,,run
2026-08-15T05:07:02+03:00,1786759622,15939,54,3,31.2,41.4,,run
2026-08-15T05:07:08+03:00,1786759628,15945,54,3,31.2,40.5,,run
2026-08-15T05:07:13+03:00,1786759633,15950,54,3,31.2,39.8,,run
2026-08-15T05:07:18+03:00,1786759638,15955,54,3,31.2,43.9,,run
2026-08-15T05:07:23+03:00,1786759643,15960,54,3,31.2,41.4,,run
2026-08-15T05:07:28+03:00,1786759648,15965,54,3,31.2,40.8,,run
2026-08-15T05:07:34+03:00,1786759654,15971,54,3,31.2,39.5,,run
2026-08-15T05:07:39+03:00,1786759659,15976,54,3,31.2,40.8,,run
2026-08-15T05:07:44+03:00,1786759664,15981,54,3,31.2,39.8,,run
2026-08-15T05:07:49+03:00,1786759669,15986,54,3,31.2,42.6,,run
2026-08-15T05:07:55+03:00,1786759675,15992,54,3,31.2,41.4,,run
2026-08-15T05:08:00+03:00,1786759680,15997,54,3,31.2,47.6,,run
2026-08-15T05:08:05+03:00,1786759685,16002,54,3,31.2,52.5,,run
2026-08-15T05:08:11+03:00,1786759691,16008,54,3,31.2,40.2,,end
