iso_ts,epoch,elapsed_s,batt_level,batt_status,batt_temp_c,soc_temp_c,current_ma,event
2026-07-29T16:15:14+03:00,1785330914,0,83,3,33.1,42.3,,run
2026-07-29T16:15:20+03:00,1785330920,6,83,3,33.1,46.0,,run
2026-07-29T16:15:25+03:00,1785330925,11,83,3,33.1,39.8,,run
2026-07-29T16:15:31+03:00,1785330931,17,83,3,33.1,37.7,,run
2026-07-29T16:15:36+03:00,1785330936,22,83,3,33.1,38.3,,run
2026-07-29T16:15:42+03:00,1785330942,28,83,3,33.1,44.8,,run
2026-07-29T16:15:47+03:00,1785330947,33,83,3,33.1,47.9,,run
2026-07-29T16:15:52+03:00,1785330952,38,83,3,33.1,54.7,,run
2026-07-29T16:15:58+03:00,1785330958,44,83,3,33.1,49.1,,run
2026-07-29T16:16:03+03:00,1785330963,49,83,3,33.1,43.9,,run
2026-07-29T16:16:08+03:00,1785330968,54,83,3,33.1,47.9,,run
2026-07-29T16:16:14+03:00,1785330974,60,83,3,33.1,47.6,,run
2026-07-29T16:16:19+03:00,1785330979,65,83,3,33.1,46.0,,run
2026-07-29T16:16:24+03:00,1785330984,70,83,3,33.1,49.7,,run
2026-07-29T16:16:29+03:00,1785330989,75,83,3,33.1,46.7,,run
2026-07-29T16:16:35+03:00,1785330995,81,83,3,33.1,48.2,,run
2026-07-29T16:16:40+03:00,1785331000,86,83,3,33.1,47.6,,run
2026-07-29T16:16:45+03:00,1785331005,91,83,3,33.1,45.7,,run
2026-07-29T16:16:51+03:00,1785331011,97,83,3,33.1,46.7,,run
2026-07-29T16:16:56+03:00,1785331016,102,83,3,33.1,47.6,,run
2026-07-29T16:17:01+03:00,1785331021,107,83,3,33.1,47.6,,run
2026-07-29T16:17:07+03:00,1785331027,113,83,3,33.1,49.7,,run
2026-07-29T16:17:12+03:00,1785331032,118,83,3,33.1,50.4,,run
2026-07-29T16:17:17+03:00,1785331037,123,83,3,33.1,44.2,,run
2026-07-29T16:17:23+03:00,1785331043,129,83,3,33.1,43.9,,run
2026-07-29T16:17:28+03:00,1785331048,134,83,3,33.1,47.3,,run
2026-07-29T16:17:33+03:00,1785331053,139,83,3,33.1,48.2,,run
2026-07-29T16:17:39+03:00,1785331059,145,83,3,33.1,46.0,,run
2026-07-29T16:17:44+03:00,1785331064,150,83,3,33.1,47.6,,run
2026-07-29T16:17:49+03:00,1785331069,155,83,3,33.1,51.6,,run
2026-07-29T16:17:55+03:00,1785331075,161,83,3,33.1,52.2,,run
2026-07-29T16:18:00+03:00,1785331080,166,83,3,33.1,46.0,,run
2026-07-29T16:18:05+03:00,1785331085,171,83,3,33.1,49.1,,run
2026-07-29T16:18:10+03:00,1785331090,176,83,3,33.1,44.2,,run
2026-07-29T16:18:16+03:00,1785331096,182,83,3,33.1,48.5,,run
2026-07-29T16:18:21+03:00,1785331101,187,83,3,33.1,48.8,,run
2026-07-29T16:18:26+03:00,1785331106,192,83,3,33.1,49.7,,run
2026-07-29T16:18:32+03:00,1785331112,198,83,3,33.1,47.9,,run
2026-07-29T16:18:37+03:00,1785331117,203,83,3,33.1,50.1,,run
2026-07-29T16:18:42+03:00,1785331122,208,83,3,33.1,43.6,,run
2026-07-29T16:18:48+03:00,1785331128,214,83,3,33.1,47.0,,run
2026-07-29T16:18:53+03:00,1785331133,219,83,3,33.1,46.0,,run
2026-07-29T16:18:58+03:00,1785331138,224,83,3,33.1,43.9,,run
2026-07-29T16:19:03+03:00,1785331143,229,82,3,32.8,46.7,,run
2026-07-29T16:19:09+03:00,1785331149,235,82,3,32.8,54.1,,run
2026-07-29T16:19:15+03:00,1785331155,241,82,3,32.9,49.4,,run
2026-07-29T16:19:20+03:00,1785331160,246,82,3,32.9,47.3,,run
2026-07-29T16:19:25+03:00,1785331165,251,82,3,32.9,46.0,,run
2026-07-29T16:19:31+03:00,1785331171,257,82,3,32.9,47.6,,run
2026-07-29T16:19:36+03:00,1785331176,262,82,3,32.9,44.5,,run
2026-07-29T16:19:41+03:00,1785331181,267,82,3,32.9,50.4,,run
2026-07-29T16:19:47+03:00,1785331187,273,82,3,32.9,49.7,,run
2026-07-29T16:19:52+03:00,1785331192,278,82,3,32.9,55.9,,run
2026-07-29T16:19:57+03:00,1785331197,283,82,3,32.9,50.4,,run
2026-07-29T16:20:03+03:00,1785331203,289,82,3,32.9,44.8,,run
2026-07-29T16:20:08+03:00,1785331208,294,82,3,32.9,42.9,,run
2026-07-29T16:20:13+03:00,1785331213,299,82,3,32.9,42.9,,run
2026-07-29T16:20:19+03:00,1785331219,305,82,3,32.9,45.7,,run
2026-07-29T16:20:24+03:00,1785331224,310,82,3,32.9,46.3,,run
2026-07-29T16:20:29+03:00,1785331229,315,82,3,32.9,44.2,,run
2026-07-29T16:20:35+03:00,1785331235,321,82,3,32.9,42.0,,run
2026-07-29T16:20:40+03:00,1785331240,326,82,3,32.9,40.5,,run
2026-07-29T16:20:45+03:00,1785331245,331,82,3,32.9,38.9,,run
2026-07-29T16:20:51+03:00,1785331251,337,82,3,32.9,38.6,,run
2026-07-29T16:20:57+03:00,1785331257,343,82,3,32.9,38.6,,run
2026-07-29T16:21:02+03:00,1785331262,348,82,3,32.9,43.6,,run
2026-07-29T16:21:07+03:00,1785331267,353,82,3,32.9,48.2,,run
2026-07-29T16:21:13+03:00,1785331273,359,82,3,32.9,51.0,,run
2026-07-29T16:21:18+03:00,1785331278,364,82,3,32.9,41.4,,run
2026-07-29T16:21:24+03:00,1785331284,370,82,3,32.9,38.6,,run
2026-07-29T16:21:29+03:00,1785331289,375,82,3,32.9,37.4,,run
2026-07-29T16:21:35+03:00,1785331295,381,82,3,32.9,37.1,,run
2026-07-29T16:21:40+03:00,1785331300,386,82,3,32.9,40.5,,run
2026-07-29T16:21:46+03:00,1785331306,392,82,3,32.9,38.0,,run
2026-07-29T16:21:51+03:00,1785331311,397,82,3,32.9,49.1,,run
2026-07-29T16:21:57+03:00,1785331317,403,82,3,32.9,40.8,,run
2026-07-29T16:22:03+03:00,1785331323,409,82,3,32.9,39.2,,run
2026-07-29T16:22:08+03:00,1785331328,414,82,3,32.9,38.6,,run
2026-07-29T16:22:14+03:00,1785331334,420,82,3,32.9,38.0,,run
2026-07-29T16:22:19+03:00,1785331339,425,82,3,32.9,41.4,,run
2026-07-29T16:22:25+03:00,1785331345,431,82,3,32.9,39.8,,run
2026-07-29T16:22:30+03:00,1785331350,436,82,3,32.9,41.1,,run
2026-07-29T16:22:35+03:00,1785331355,441,82,3,32.9,41.7,,run
2026-07-29T16:22:41+03:00,1785331361,447,82,3,32.9,41.4,,run
2026-07-29T16:22:46+03:00,1785331366,452,82,3,32.9,40.8,,run
2026-07-29T16:22:51+03:00,1785331371,457,82,3,32.9,39.2,,run
2026-07-29T16:22:57+03:00,1785331377,463,82,3,32.9,38.6,,run
2026-07-29T16:23:02+03:00,1785331382,468,82,3,32.9,38.0,,run
2026-07-29T16:23:08+03:00,1785331388,474,82,3,32.9,44.2,,run
2026-07-29T16:23:13+03:00,1785331393,479,82,3,32.9,44.8,,run
2026-07-29T16:23:19+03:00,1785331399,485,82,3,32.9,39.8,,run
2026-07-29T16:23:24+03:00,1785331404,490,82,3,32.9,38.3,,run
2026-07-29T16:23:30+03:00,1785331410,496,82,3,32.9,37.1,,run
2026-07-29T16:23:35+03:00,1785331415,501,82,3,32.9,36.4,,run
2026-07-29T16:23:41+03:00,1785331421,507,82,3,32.9,37.1,,run
2026-07-29T16:23:46+03:00,1785331426,512,82,3,32.9,37.1,,run
2026-07-29T16:23:52+03:00,1785331432,518,82,3,32.9,49.1,,run
2026-07-29T16:23:58+03:00,1785331438,524,82,3,32.9,41.4,,run
2026-07-29T16:24:03+03:00,1785331443,529,82,3,32.9,38.6,,run
2026-07-29T16:24:09+03:00,1785331449,535,82,3,32.9,38.6,,run
2026-07-29T16:24:14+03:00,1785331454,540,82,3,32.9,40.8,,run
2026-07-29T16:24:20+03:00,1785331460,546,82,3,32.9,39.8,,run
2026-07-29T16:24:25+03:00,1785331465,551,82,3,32.9,40.8,,run
2026-07-29T16:24:30+03:00,1785331470,556,82,3,32.9,41.7,,run
2026-07-29T16:24:36+03:00,1785331476,562,82,3,32.9,41.1,,run
2026-07-29T16:24:41+03:00,1785331481,567,82,3,32.9,38.3,,run
2026-07-29T16:24:47+03:00,1785331487,573,82,3,32.9,38.0,,run
2026-07-29T16:24:52+03:00,1785331492,578,82,3,32.9,37.7,,run
2026-07-29T16:24:58+03:00,1785331498,584,82,3,32.9,37.7,,run
2026-07-29T16:25:03+03:00,1785331503,589,82,3,32.9,37.4,,run
2026-07-29T16:25:09+03:00,1785331509,595,82,3,32.9,47.3,,run
2026-07-29T16:25:14+03:00,1785331514,600,82,3,32.9,43.9,,run
2026-07-29T16:25:20+03:00,1785331520,606,82,3,32.9,41.1,,run
2026-07-29T16:25:25+03:00,1785331525,611,82,3,32.9,37.1,,run
2026-07-29T16:35:49+03:00,1785332149,1235,83,3,33.1,50.7,,run
2026-07-29T16:35:54+03:00,1785332154,1240,83,3,33.1,46.0,,run
2026-07-29T16:36:00+03:00,1785332160,1246,83,3,33.1,44.2,,run
2026-07-29T16:36:05+03:00,1785332165,1251,83,3,33.1,48.5,,run
2026-07-29T16:36:10+03:00,1785332170,1256,83,3,33.1,44.8,,run
2026-07-29T16:36:16+03:00,1785332176,1262,83,3,33.1,44.5,,run
2026-07-29T16:36:21+03:00,1785332181,1267,83,3,33.1,42.6,,run
2026-07-29T16:36:26+03:00,1785332186,1272,83,3,33.1,55.6,,run
2026-07-29T16:36:32+03:00,1785332192,1278,83,3,33.1,46.3,,run
2026-07-29T16:36:37+03:00,1785332197,1283,83,3,33.1,45.1,,run
2026-07-29T16:36:42+03:00,1785332202,1288,83,3,33.1,43.9,,run
2026-07-29T16:36:48+03:00,1785332208,1294,83,3,33.1,40.8,,run
2026-07-29T16:36:53+03:00,1785332213,1299,83,3,33.1,39.8,,run
2026-07-29T16:36:59+03:00,1785332219,1305,83,3,33.1,39.8,,run
2026-07-29T16:37:04+03:00,1785332224,1310,83,3,33.1,39.8,,run
2026-07-29T16:37:10+03:00,1785332230,1316,83,3,33.1,39.2,,run
2026-07-29T16:37:15+03:00,1785332235,1321,83,3,33.1,38.9,,run
2026-07-29T16:37:21+03:00,1785332241,1327,83,3,33.1,39.5,,run
2026-07-29T16:37:26+03:00,1785332246,1332,83,3,33.1,41.1,,run
2026-07-29T16:37:32+03:00,1785332252,1338,83,3,33.1,41.7,,run
2026-07-29T16:37:37+03:00,1785332257,1343,83,3,33.1,42.6,,run
2026-07-29T16:37:42+03:00,1785332262,1348,83,3,33.1,51.3,,run
2026-07-29T16:37:48+03:00,1785332268,1354,83,3,33.1,39.8,,run
2026-07-29T16:37:54+03:00,1785332274,1360,83,3,33.1,38.6,,run
2026-07-29T16:37:59+03:00,1785332279,1365,83,3,33.1,37.7,,run
2026-07-29T16:38:05+03:00,1785332285,1371,83,3,33.1,37.1,,run
2026-07-29T16:38:10+03:00,1785332290,1376,83,3,33.1,39.2,,run
2026-07-29T16:38:16+03:00,1785332296,1382,83,3,33.1,38.9,,run
2026-07-29T16:38:21+03:00,1785332301,1387,83,3,33.1,39.5,,run
2026-07-29T16:38:27+03:00,1785332307,1393,83,3,33.1,52.5,,run
2026-07-29T16:38:32+03:00,1785332312,1398,83,3,33.1,41.1,,run
2026-07-29T16:38:38+03:00,1785332318,1404,83,3,33.1,38.6,,run
2026-07-29T16:38:43+03:00,1785332323,1409,83,3,33.1,38.9,,run
2026-07-29T16:38:49+03:00,1785332329,1415,83,3,33.1,40.5,,run
2026-07-29T16:38:54+03:00,1785332334,1420,83,3,33.1,40.8,,run
2026-07-29T16:39:00+03:00,1785332340,1426,83,3,33.1,42.3,,run
2026-07-29T16:39:05+03:00,1785332345,1431,83,3,33.1,42.6,,run
2026-07-29T16:39:10+03:00,1785332350,1436,83,3,33.1,42.6,,run
2026-07-29T16:39:16+03:00,1785332356,1442,83,3,33.1,39.8,,run
2026-07-29T16:39:21+03:00,1785332361,1447,83,3,33.1,41.7,,run
2026-07-29T16:39:27+03:00,1785332367,1453,82,3,32.6,38.3,,run
2026-07-29T16:39:32+03:00,1785332372,1458,82,3,32.6,38.6,,run
2026-07-29T16:39:38+03:00,1785332378,1464,82,3,32.6,38.3,,run
2026-07-29T16:39:43+03:00,1785332383,1469,82,3,32.6,52.5,,run
2026-07-29T16:39:49+03:00,1785332389,1475,82,3,32.6,50.7,,run
2026-07-29T16:39:54+03:00,1785332394,1480,82,3,32.6,47.3,,run
2026-07-29T16:39:59+03:00,1785332399,1485,82,3,32.6,43.9,,run
2026-07-29T16:40:05+03:00,1785332405,1491,82,3,32.6,40.2,,run
2026-07-29T16:40:10+03:00,1785332410,1496,82,3,32.6,37.7,,run
2026-07-29T16:40:16+03:00,1785332416,1502,82,3,32.6,38.0,,run
2026-07-29T16:40:21+03:00,1785332421,1507,82,3,32.6,47.0,,run
2026-07-29T16:40:27+03:00,1785332427,1513,82,3,32.6,52.8,,run
2026-07-29T16:40:32+03:00,1785332432,1518,82,3,32.6,44.5,,run
2026-07-29T16:40:37+03:00,1785332437,1523,82,3,32.6,42.0,,run
2026-07-29T16:40:43+03:00,1785332443,1529,82,3,32.6,39.2,,run
2026-07-29T16:40:48+03:00,1785332448,1534,82,3,32.6,39.2,,run
2026-07-29T16:40:54+03:00,1785332454,1540,82,3,32.6,39.5,,run
2026-07-29T16:40:59+03:00,1785332459,1545,82,3,32.6,38.6,,run
2026-07-29T16:41:05+03:00,1785332465,1551,82,3,32.6,40.2,,run
2026-07-29T16:41:10+03:00,1785332470,1556,82,3,32.6,40.8,,run
2026-07-29T16:41:16+03:00,1785332476,1562,82,3,32.6,41.7,,run
2026-07-29T16:41:21+03:00,1785332481,1567,82,3,32.6,41.4,,run
2026-07-29T16:41:26+03:00,1785332486,1572,82,3,32.6,42.9,,run
2026-07-29T16:41:32+03:00,1785332492,1578,82,3,32.6,42.0,,run
2026-07-29T16:41:37+03:00,1785332497,1583,82,3,32.6,41.4,,run
2026-07-29T16:41:42+03:00,1785332502,1588,82,3,32.6,52.8,,run
2026-07-29T16:41:48+03:00,1785332508,1594,82,3,32.6,38.9,,run
2026-07-29T16:41:54+03:00,1785332514,1600,82,3,32.6,39.2,,run
2026-07-29T16:41:59+03:00,1785332519,1605,82,3,32.6,37.7,,run
2026-07-29T16:42:05+03:00,1785332525,1611,82,3,32.6,37.1,,run
2026-07-29T16:42:10+03:00,1785332530,1616,82,3,32.6,36.4,,run
2026-07-29T16:42:16+03:00,1785332536,1622,82,3,32.6,37.4,,run
2026-07-29T16:42:21+03:00,1785332541,1627,82,3,32.6,37.1,,run
2026-07-29T16:42:27+03:00,1785332547,1633,82,3,32.6,53.5,,run
2026-07-29T16:42:32+03:00,1785332552,1638,82,3,32.6,40.5,,run
2026-07-29T16:42:38+03:00,1785332558,1644,82,3,32.6,39.5,,run
2026-07-29T16:42:43+03:00,1785332563,1649,82,3,32.6,38.9,,run
2026-07-29T16:42:49+03:00,1785332569,1655,82,3,32.6,38.6,,run
2026-07-29T16:42:54+03:00,1785332574,1660,82,3,32.6,45.4,,run
2026-07-29T16:43:00+03:00,1785332580,1666,82,3,32.6,42.3,,run
2026-07-29T16:43:05+03:00,1785332585,1671,82,3,32.6,41.1,,run
2026-07-29T16:43:11+03:00,1785332591,1677,82,3,32.6,38.6,,run
2026-07-29T16:43:16+03:00,1785332596,1682,82,3,32.6,38.6,,run
2026-07-29T16:43:22+03:00,1785332602,1688,82,3,32.6,40.5,,run
2026-07-29T16:43:27+03:00,1785332607,1693,82,3,32.6,42.0,,run
2026-07-29T16:43:32+03:00,1785332612,1698,82,3,32.6,41.7,,run
2026-07-29T16:43:38+03:00,1785332618,1704,82,3,32.6,43.2,,run
2026-07-29T16:43:43+03:00,1785332623,1709,82,3,32.6,50.4,,run
2026-07-29T16:43:49+03:00,1785332629,1715,82,3,32.6,47.6,,run
2026-07-29T16:43:54+03:00,1785332634,1720,82,3,32.6,47.9,,run
2026-07-29T16:43:59+03:00,1785332639,1725,82,3,32.6,45.7,,run
2026-07-29T16:44:05+03:00,1785332645,1731,82,3,32.6,40.2,,run
2026-07-29T16:44:10+03:00,1785332650,1736,82,3,32.6,38.0,,run
2026-07-29T16:44:16+03:00,1785332656,1742,82,3,32.6,39.8,,run
2026-07-29T16:44:21+03:00,1785332661,1747,82,3,32.6,40.8,,run
2026-07-29T16:44:27+03:00,1785332667,1753,82,3,32.6,54.1,,run
2026-07-29T16:44:32+03:00,1785332672,1758,82,3,32.6,41.4,,run
2026-07-29T16:44:38+03:00,1785332678,1764,82,3,32.6,45.7,,run
2026-07-29T16:44:43+03:00,1785332683,1769,82,3,32.6,44.5,,run
2026-07-29T16:44:48+03:00,1785332688,1774,82,3,32.6,42.6,,run
2026-07-29T16:44:54+03:00,1785332694,1780,82,3,32.6,48.5,,run
2026-07-29T16:44:59+03:00,1785332699,1785,82,3,32.6,49.7,,run
2026-07-29T16:45:04+03:00,1785332704,1790,82,3,32.6,45.1,,run
2026-07-29T16:45:10+03:00,1785332709,1795,82,3,32.6,43.6,,run
2026-07-29T16:45:15+03:00,1785332715,1801,82,3,32.6,47.9,,run
2026-07-29T16:45:20+03:00,1785332720,1806,82,3,32.6,43.9,,run
2026-07-29T16:45:25+03:00,1785332725,1811,82,3,32.6,43.2,,run
2026-07-29T16:45:31+03:00,1785332731,1817,82,3,32.6,44.2,,run
2026-07-29T16:45:36+03:00,1785332736,1822,82,3,32.6,43.2,,run
2026-07-29T16:45:41+03:00,1785332741,1827,82,3,32.6,54.1,,run
2026-07-29T16:45:46+03:00,1785332746,1832,82,3,32.6,53.5,,run
2026-07-29T16:45:52+03:00,1785332752,1838,82,3,32.5,43.2,,run
2026-07-29T16:45:57+03:00,1785332757,1843,82,3,32.5,39.2,,run
2026-07-29T16:46:03+03:00,1785332763,1849,82,3,32.5,44.5,,run
2026-07-29T16:46:08+03:00,1785332768,1854,82,3,32.5,46.7,,run
2026-07-29T16:46:13+03:00,1785332773,1859,82,3,32.5,45.7,,run
2026-07-29T16:46:19+03:00,1785332779,1865,82,3,32.5,46.7,,run
2026-07-29T16:46:24+03:00,1785332784,1870,82,3,32.5,46.3,,run
2026-07-29T16:46:29+03:00,1785332789,1875,82,3,32.5,51.0,,run
2026-07-29T16:46:35+03:00,1785332795,1881,82,3,32.5,45.7,,run
2026-07-29T16:46:40+03:00,1785332800,1886,82,3,32.5,44.2,,run
2026-07-29T16:46:45+03:00,1785332805,1891,82,3,32.5,46.7,,run
2026-07-29T16:46:51+03:00,1785332811,1897,82,3,32.5,47.9,,run
2026-07-29T16:46:56+03:00,1785332816,1902,82,3,32.5,46.3,,run
2026-07-29T16:47:01+03:00,1785332821,1907,82,3,32.5,41.4,,run
2026-07-29T16:47:07+03:00,1785332827,1913,82,3,32.5,40.2,,run
2026-07-29T16:47:12+03:00,1785332832,1918,82,3,32.5,38.6,,run
2026-07-29T16:47:18+03:00,1785332838,1924,82,3,32.5,38.6,,run
2026-07-29T16:47:23+03:00,1785332843,1929,82,3,32.5,38.9,,run
2026-07-29T16:47:29+03:00,1785332849,1935,82,3,32.5,38.9,,run
2026-07-29T16:47:34+03:00,1785332854,1940,82,3,32.5,40.5,,run
2026-07-29T16:47:40+03:00,1785332860,1946,82,3,32.5,46.0,,run
2026-07-29T16:47:45+03:00,1785332865,1951,82,3,32.5,49.4,,run
2026-07-29T16:47:51+03:00,1785332871,1957,82,3,32.5,48.5,,run
2026-07-29T16:47:56+03:00,1785332876,1962,82,3,32.5,46.3,,run
2026-07-29T16:48:01+03:00,1785332881,1967,82,3,32.5,40.5,,run
2026-07-29T16:48:07+03:00,1785332887,1973,82,3,32.5,38.0,,run
2026-07-29T16:48:12+03:00,1785332892,1978,82,3,32.5,37.7,,run
2026-07-29T16:48:18+03:00,1785332898,1984,82,3,32.5,37.7,,run
2026-07-29T16:48:23+03:00,1785332903,1989,82,3,32.5,40.2,,run
2026-07-29T16:48:29+03:00,1785332909,1995,82,3,32.5,46.0,,run
2026-07-29T16:48:34+03:00,1785332914,2000,82,3,32.5,42.0,,run
2026-07-29T16:48:40+03:00,1785332920,2006,82,3,32.5,43.9,,run
2026-07-29T16:48:45+03:00,1785332925,2011,82,3,32.5,47.9,,run
2026-07-29T16:48:50+03:00,1785332930,2016,82,3,32.5,48.2,,run
2026-07-29T16:48:55+03:00,1785332935,2021,82,3,32.5,42.3,,run
2026-07-29T16:49:01+03:00,1785332941,2027,82,3,32.5,42.3,,run
2026-07-29T16:49:06+03:00,1785332946,2032,82,3,32.5,43.2,,run
2026-07-29T16:49:11+03:00,1785332951,2037,82,3,32.5,43.2,,run
2026-07-29T16:49:17+03:00,1785332957,2043,82,3,32.5,42.0,,run
2026-07-29T16:49:22+03:00,1785332962,2048,82,3,32.5,39.2,,run
2026-07-29T16:49:27+03:00,1785332967,2053,82,3,32.5,38.6,,run
2026-07-29T16:49:33+03:00,1785332973,2059,82,3,32.5,38.3,,run
2026-07-29T16:49:39+03:00,1785332979,2065,82,3,32.5,42.9,,run
2026-07-29T16:49:44+03:00,1785332984,2070,82,3,32.5,50.1,,run
2026-07-29T16:49:49+03:00,1785332989,2075,82,3,32.5,44.5,,run
2026-07-29T16:49:55+03:00,1785332995,2081,82,3,32.5,38.0,,run
2026-07-29T16:50:00+03:00,1785333000,2086,82,3,32.4,42.6,,run
2026-07-29T16:50:06+03:00,1785333006,2092,82,3,32.4,46.0,,run
2026-07-29T16:50:11+03:00,1785333011,2097,82,3,32.4,46.7,,run
2026-07-29T16:50:16+03:00,1785333016,2102,82,3,32.4,38.9,,run
2026-07-29T16:50:22+03:00,1785333022,2108,82,3,32.4,40.2,,run
2026-07-29T16:50:27+03:00,1785333027,2113,82,3,32.4,51.6,,run
2026-07-29T16:50:33+03:00,1785333033,2119,82,3,32.4,40.5,,run
2026-07-29T16:50:38+03:00,1785333038,2124,82,3,32.4,38.6,,run
2026-07-29T16:50:44+03:00,1785333044,2130,82,3,32.4,40.2,,run
2026-07-29T16:50:49+03:00,1785333049,2135,82,3,32.4,48.5,,run
2026-07-29T16:50:55+03:00,1785333055,2141,82,3,32.4,48.8,,run
2026-07-29T16:51:00+03:00,1785333060,2146,82,3,32.4,49.7,,run
2026-07-29T16:51:05+03:00,1785333065,2151,82,3,32.4,44.8,,run
2026-07-29T16:51:10+03:00,1785333070,2156,82,3,32.4,43.6,,run
2026-07-29T16:51:16+03:00,1785333076,2162,82,3,32.4,40.2,,run
2026-07-29T16:51:21+03:00,1785333081,2167,82,3,32.4,38.9,,run
2026-07-29T16:51:27+03:00,1785333087,2173,82,3,32.4,38.3,,run
2026-07-29T16:51:32+03:00,1785333092,2178,82,3,32.4,38.0,,run
2026-07-29T16:51:38+03:00,1785333098,2184,82,3,32.4,38.3,,run
2026-07-29T16:51:43+03:00,1785333103,2189,82,3,32.4,53.1,,run
2026-07-29T16:51:49+03:00,1785333109,2195,82,3,32.4,45.4,,run
2026-07-29T16:51:54+03:00,1785333114,2200,82,3,32.4,41.7,,run
2026-07-29T16:51:59+03:00,1785333119,2205,82,3,32.4,48.5,,run
2026-07-29T16:52:05+03:00,1785333125,2211,82,3,32.4,47.3,,run
2026-07-29T16:52:10+03:00,1785333130,2216,82,3,32.4,39.5,,run
2026-07-29T16:52:15+03:00,1785333135,2221,81,3,32.5,39.2,,run
2026-07-29T16:52:21+03:00,1785333141,2227,81,3,32.5,38.3,,run
2026-07-29T16:52:26+03:00,1785333146,2232,81,3,32.5,51.0,,run
2026-07-29T16:52:32+03:00,1785333152,2238,81,3,32.5,42.0,,run
2026-07-29T16:52:37+03:00,1785333157,2243,81,3,32.5,44.5,,run
2026-07-29T16:52:43+03:00,1785333163,2249,81,3,32.5,43.9,,run
2026-07-29T16:52:48+03:00,1785333168,2254,81,3,32.5,38.9,,run
2026-07-29T16:52:53+03:00,1785333173,2259,81,3,32.5,39.5,,run
2026-07-29T16:52:59+03:00,1785333179,2265,81,3,32.5,41.1,,run
2026-07-29T16:53:04+03:00,1785333184,2270,81,3,32.5,40.2,,run
2026-07-29T16:53:10+03:00,1785333190,2276,81,3,32.5,41.1,,run
2026-07-29T16:53:15+03:00,1785333195,2281,81,3,32.5,41.7,,run
2026-07-29T16:53:20+03:00,1785333200,2286,81,3,32.5,43.2,,run
2026-07-29T16:53:26+03:00,1785333206,2292,81,3,32.5,42.3,,run
2026-07-29T16:53:31+03:00,1785333211,2297,81,3,32.5,39.2,,run
2026-07-29T16:53:36+03:00,1785333216,2302,81,3,32.5,45.7,,run
2026-07-29T16:53:42+03:00,1785333222,2308,81,3,32.5,51.6,,run
2026-07-29T16:53:48+03:00,1785333228,2314,81,3,32.5,47.6,,run
2026-07-29T16:53:53+03:00,1785333233,2319,81,3,32.5,41.4,,run
2026-07-29T16:53:59+03:00,1785333239,2325,81,3,32.5,38.6,,run
2026-07-29T16:54:04+03:00,1785333244,2330,81,3,32.5,37.4,,run
2026-07-29T16:54:10+03:00,1785333250,2336,81,3,32.5,37.1,,run
2026-07-29T16:54:15+03:00,1785333255,2341,81,3,32.5,39.8,,run
2026-07-29T16:54:21+03:00,1785333261,2347,81,3,32.5,46.7,,run
2026-07-29T16:54:26+03:00,1785333266,2352,81,3,32.5,55.3,,run
2026-07-29T16:54:31+03:00,1785333271,2357,81,3,32.5,49.4,,run
2026-07-29T16:54:37+03:00,1785333277,2363,81,3,32.5,49.1,,run
2026-07-29T16:54:42+03:00,1785333282,2368,81,3,32.5,47.6,,run
2026-07-29T16:54:47+03:00,1785333287,2373,81,3,32.5,44.5,,run
2026-07-29T16:54:53+03:00,1785333293,2379,81,3,32.5,40.8,,run
2026-07-29T16:54:58+03:00,1785333298,2384,81,3,32.5,40.2,,run
2026-07-29T16:55:04+03:00,1785333304,2390,81,3,32.5,38.9,,run
2026-07-29T16:55:09+03:00,1785333309,2395,81,3,32.5,41.1,,run
2026-07-29T16:55:15+03:00,1785333315,2401,81,3,32.5,41.4,,run
2026-07-29T16:55:20+03:00,1785333320,2406,81,3,32.5,42.0,,run
2026-07-29T16:55:25+03:00,1785333325,2411,81,3,32.5,41.7,,run
2026-07-29T16:55:31+03:00,1785333331,2417,81,3,32.5,42.6,,run
2026-07-29T16:55:36+03:00,1785333336,2422,81,3,32.5,42.3,,run
2026-07-29T16:55:41+03:00,1785333341,2427,81,3,32.5,50.1,,run
2026-07-29T16:55:47+03:00,1785333347,2433,81,3,32.3,40.2,,run
2026-07-29T16:55:52+03:00,1785333352,2438,81,3,32.3,43.6,,run
2026-07-29T16:55:58+03:00,1785333358,2444,81,3,32.3,44.8,,run
2026-07-29T16:56:03+03:00,1785333363,2449,81,3,32.3,41.4,,run
2026-07-29T16:56:09+03:00,1785333369,2455,81,3,32.3,38.0,,run
2026-07-29T16:56:14+03:00,1785333374,2460,81,3,32.3,37.7,,run
2026-07-29T16:56:20+03:00,1785333380,2466,81,3,32.3,37.7,,run
2026-07-29T16:56:25+03:00,1785333385,2471,81,3,32.3,48.8,,run
2026-07-29T16:56:31+03:00,1785333391,2477,81,3,32.3,40.8,,run
2026-07-29T16:56:36+03:00,1785333396,2482,81,3,32.3,41.1,,run
2026-07-29T16:56:42+03:00,1785333402,2488,81,3,32.3,43.9,,run
2026-07-29T16:56:47+03:00,1785333407,2493,81,3,32.3,47.3,,run
2026-07-29T16:56:52+03:00,1785333412,2498,81,3,32.3,45.4,,run
2026-07-29T16:56:58+03:00,1785333418,2504,81,3,32.3,44.8,,run
2026-07-29T16:57:03+03:00,1785333423,2509,81,3,32.3,40.8,,run
2026-07-29T16:57:08+03:00,1785333428,2514,81,3,32.3,40.5,,run
2026-07-29T16:57:14+03:00,1785333434,2520,81,3,32.3,42.3,,run
2026-07-29T16:57:19+03:00,1785333439,2525,81,3,32.3,42.3,,run
2026-07-29T16:57:25+03:00,1785333445,2531,81,3,32.3,43.2,,run
2026-07-29T16:57:30+03:00,1785333450,2536,81,3,32.3,42.9,,run
2026-07-29T16:57:35+03:00,1785333455,2541,81,3,32.3,42.0,,run
2026-07-29T16:57:41+03:00,1785333461,2547,81,3,32.3,49.1,,run
2026-07-29T16:57:46+03:00,1785333466,2552,81,3,32.3,46.3,,run
2026-07-29T16:57:52+03:00,1785333472,2558,81,3,32.3,40.8,,run
2026-07-29T16:57:57+03:00,1785333477,2563,81,3,32.3,37.7,,run
2026-07-29T16:58:03+03:00,1785333483,2569,81,3,32.3,37.7,,run
2026-07-29T16:58:08+03:00,1785333488,2574,81,3,32.3,46.7,,run
2026-07-29T16:58:13+03:00,1785333493,2579,81,3,32.3,43.6,,run
2026-07-29T16:58:19+03:00,1785333499,2585,81,3,32.3,40.5,,run
2026-07-29T16:58:24+03:00,1785333504,2590,81,3,32.3,41.1,,run
2026-07-29T16:58:30+03:00,1785333510,2596,81,3,32.3,47.6,,run
2026-07-29T16:58:35+03:00,1785333515,2601,81,3,32.3,40.5,,run
2026-07-29T16:58:41+03:00,1785333521,2607,81,3,32.3,40.2,,run
2026-07-29T16:58:46+03:00,1785333526,2612,81,3,32.3,38.6,,run
2026-07-29T16:58:52+03:00,1785333532,2618,81,3,32.3,39.5,,run
2026-07-29T16:58:57+03:00,1785333537,2623,81,3,32.3,45.7,,run
2026-07-29T16:59:03+03:00,1785333543,2629,81,3,32.3,46.3,,run
2026-07-29T16:59:08+03:00,1785333548,2634,81,3,32.3,43.2,,run
2026-07-29T16:59:13+03:00,1785333553,2639,81,3,32.3,43.9,,run
2026-07-29T16:59:19+03:00,1785333559,2645,81,3,32.3,39.5,,run
2026-07-29T16:59:24+03:00,1785333564,2650,81,3,32.3,39.8,,run
2026-07-29T16:59:30+03:00,1785333570,2656,81,3,32.3,38.6,,run
2026-07-29T16:59:35+03:00,1785333575,2661,81,3,32.3,38.0,,run
2026-07-29T16:59:41+03:00,1785333581,2667,81,3,32.3,43.2,,run
2026-07-29T16:59:46+03:00,1785333586,2672,81,3,32.3,43.9,,run
2026-07-29T16:59:52+03:00,1785333592,2678,81,3,32.3,39.5,,run
2026-07-29T16:59:57+03:00,1785333597,2683,81,3,32.3,37.4,,run
2026-07-29T17:00:03+03:00,1785333603,2689,81,3,32.3,37.7,,run
2026-07-29T17:00:09+03:00,1785333609,2695,81,3,32.3,37.7,,run
2026-07-29T17:00:14+03:00,1785333614,2700,81,3,32.3,37.4,,run
2026-07-29T17:00:20+03:00,1785333620,2706,81,3,32.3,37.4,,run
2026-07-29T17:00:25+03:00,1785333625,2711,81,3,32.3,51.0,,run
2026-07-29T17:00:31+03:00,1785333631,2717,81,3,32.3,51.3,,run
2026-07-29T17:00:36+03:00,1785333636,2722,81,3,32.3,42.6,,run
2026-07-29T17:00:42+03:00,1785333642,2728,81,3,32.3,39.8,,run
2026-07-29T17:00:47+03:00,1785333647,2733,81,3,32.3,38.6,,run
2026-07-29T17:00:53+03:00,1785333653,2739,81,3,32.3,42.6,,run
2026-07-29T17:00:58+03:00,1785333658,2744,81,3,32.3,41.7,,run
2026-07-29T17:01:04+03:00,1785333664,2750,81,3,32.3,40.8,,run
2026-07-29T17:01:09+03:00,1785333669,2755,81,3,32.3,38.3,,run
2026-07-29T17:01:15+03:00,1785333675,2761,81,3,32.3,40.8,,run
2026-07-29T17:01:20+03:00,1785333680,2766,81,3,32.3,42.3,,run
2026-07-29T17:01:25+03:00,1785333685,2771,81,3,32.3,42.3,,run
2026-07-29T17:01:31+03:00,1785333691,2777,81,3,32.3,42.6,,run
2026-07-29T17:01:36+03:00,1785333696,2782,81,3,32.3,42.3,,run
2026-07-29T17:01:41+03:00,1785333701,2787,81,3,32.3,43.9,,run
2026-07-29T17:01:47+03:00,1785333707,2793,81,3,32.3,43.9,,run
2026-07-29T17:01:52+03:00,1785333712,2798,81,3,32.3,42.3,,run
2026-07-29T17:01:58+03:00,1785333718,2804,81,3,32.3,40.2,,run
2026-07-29T17:02:03+03:00,1785333723,2809,81,3,32.3,37.1,,run
2026-07-29T17:02:09+03:00,1785333729,2815,81,3,32.3,39.5,,run
2026-07-29T17:02:14+03:00,1785333734,2820,81,3,32.3,38.3,,run
2026-07-29T17:02:20+03:00,1785333740,2826,81,3,32.3,37.4,,run
2026-07-29T17:02:26+03:00,1785333746,2832,81,3,32.3,53.5,,run
2026-07-29T17:02:31+03:00,1785333751,2837,81,3,32.3,51.0,,run
2026-07-29T17:02:36+03:00,1785333756,2842,81,3,32.3,48.5,,run
2026-07-29T17:02:42+03:00,1785333762,2848,81,3,32.3,45.4,,run
2026-07-29T17:02:47+03:00,1785333767,2853,81,3,32.3,47.0,,run
2026-07-29T17:02:52+03:00,1785333772,2858,81,3,32.3,46.3,,run
2026-07-29T17:02:58+03:00,1785333778,2864,80,3,32.5,47.0,,run
2026-07-29T17:03:03+03:00,1785333783,2869,80,3,32.5,46.7,,run
2026-07-29T17:03:08+03:00,1785333788,2874,80,3,32.5,47.9,,run
2026-07-29T17:03:14+03:00,1785333794,2880,80,3,32.5,50.7,,run
2026-07-29T17:03:19+03:00,1785333799,2885,80,3,32.5,48.2,,run
2026-07-29T17:03:24+03:00,1785333804,2890,80,3,32.5,44.2,,run
2026-07-29T17:03:29+03:00,1785333809,2895,80,3,32.5,41.7,,run
2026-07-29T17:03:35+03:00,1785333815,2901,80,3,32.5,39.5,,run
2026-07-29T17:03:40+03:00,1785333820,2906,80,3,32.5,46.7,,run
2026-07-29T17:03:46+03:00,1785333826,2912,80,3,32.5,48.5,,run
2026-07-29T17:03:51+03:00,1785333831,2917,80,3,32.5,41.1,,run
2026-07-29T17:03:57+03:00,1785333837,2923,80,3,32.5,38.3,,run
2026-07-29T17:04:02+03:00,1785333842,2928,80,3,32.5,39.2,,run
2026-07-29T17:04:08+03:00,1785333848,2934,80,3,32.5,40.5,,run
2026-07-29T17:04:13+03:00,1785333853,2939,80,3,32.5,42.3,,run
2026-07-29T17:04:19+03:00,1785333859,2945,80,3,32.5,41.7,,run
2026-07-29T17:04:24+03:00,1785333864,2950,80,3,32.5,42.9,,run
2026-07-29T17:04:29+03:00,1785333869,2955,80,3,32.5,49.1,,run
2026-07-29T17:04:35+03:00,1785333875,2961,80,3,32.5,43.6,,run
2026-07-29T17:04:40+03:00,1785333880,2966,80,3,32.5,43.6,,run
2026-07-29T17:04:45+03:00,1785333885,2971,80,3,32.5,42.0,,run
2026-07-29T17:04:51+03:00,1785333891,2977,80,3,32.5,40.2,,run
2026-07-29T17:04:56+03:00,1785333896,2982,80,3,32.5,38.9,,run
2026-07-29T17:05:02+03:00,1785333902,2988,80,3,32.5,40.2,,run
2026-07-29T17:05:07+03:00,1785333907,2993,80,3,32.5,38.3,,run
2026-07-29T17:05:13+03:00,1785333913,2999,80,3,32.5,38.0,,run
2026-07-29T17:05:18+03:00,1785333918,3004,80,3,32.5,38.0,,run
2026-07-29T17:05:24+03:00,1785333924,3010,80,3,32.5,39.8,,run
2026-07-29T17:05:29+03:00,1785333929,3015,80,3,32.5,45.1,,run
2026-07-29T17:05:35+03:00,1785333935,3021,80,3,32.5,46.0,,run
2026-07-29T17:05:40+03:00,1785333940,3026,80,3,32.5,52.8,,run
2026-07-29T17:05:45+03:00,1785333945,3031,80,3,32.5,54.4,,run
2026-07-29T17:05:51+03:00,1785333951,3037,80,3,32.5,52.2,,run
2026-07-29T17:05:56+03:00,1785333956,3042,80,3,32.5,48.5,,run
2026-07-29T17:06:01+03:00,1785333961,3047,80,3,32.5,46.3,,run
2026-07-29T17:06:07+03:00,1785333967,3053,80,3,32.5,48.5,,run
2026-07-29T17:06:12+03:00,1785333972,3058,80,3,32.5,44.8,,run
2026-07-29T17:06:17+03:00,1785333977,3063,80,3,32.5,42.6,,run
2026-07-29T17:06:23+03:00,1785333983,3069,80,3,32.5,48.5,,run
2026-07-29T17:06:28+03:00,1785333988,3074,80,3,32.5,56.2,,run
2026-07-29T17:06:33+03:00,1785333993,3079,80,3,32.5,50.4,,run
2026-07-29T17:06:39+03:00,1785333999,3085,80,3,32.5,47.9,,run
2026-07-29T17:06:44+03:00,1785334004,3090,80,3,32.5,51.3,,run
2026-07-29T17:06:49+03:00,1785334009,3095,80,3,32.5,50.1,,run
2026-07-29T17:06:54+03:00,1785334014,3100,80,3,32.5,44.8,,run
2026-07-29T17:07:00+03:00,1785334020,3106,80,3,32.5,43.9,,run
2026-07-29T17:07:05+03:00,1785334025,3111,80,3,32.5,47.6,,run
2026-07-29T17:07:11+03:00,1785334031,3117,80,3,32.5,42.6,,run
2026-07-29T17:07:16+03:00,1785334036,3122,80,3,32.5,43.2,,run
2026-07-29T17:07:21+03:00,1785334041,3127,80,3,32.5,46.3,,run
2026-07-29T17:07:27+03:00,1785334047,3133,80,3,32.5,41.7,,run
2026-07-29T17:07:32+03:00,1785334052,3138,80,3,32.5,42.9,,run
2026-07-29T17:07:37+03:00,1785334057,3143,80,3,32.5,47.9,,run
2026-07-29T17:07:43+03:00,1785334063,3149,80,3,32.5,52.5,,run
2026-07-29T17:07:49+03:00,1785334069,3155,80,3,32.5,52.5,,run
2026-07-29T17:07:54+03:00,1785334074,3160,80,3,32.5,48.5,,run
2026-07-29T17:07:59+03:00,1785334079,3165,80,3,32.5,40.8,,run
2026-07-29T17:08:05+03:00,1785334085,3171,80,3,32.5,38.9,,run
2026-07-29T17:08:10+03:00,1785334090,3176,80,3,32.5,38.3,,run
2026-07-29T17:08:16+03:00,1785334096,3182,80,3,32.5,38.3,,run
2026-07-29T17:08:21+03:00,1785334101,3187,80,3,32.5,37.7,,run
2026-07-29T17:08:27+03:00,1785334107,3193,80,3,32.5,53.8,,run
2026-07-29T17:08:33+03:00,1785334113,3199,80,3,32.5,42.6,,run
2026-07-29T17:08:38+03:00,1785334118,3204,80,3,32.5,41.7,,run
2026-07-29T17:08:43+03:00,1785334123,3209,80,3,32.5,43.6,,run
2026-07-29T17:08:49+03:00,1785334129,3215,80,3,32.5,46.3,,run
2026-07-29T17:08:54+03:00,1785334134,3220,80,3,32.5,42.9,,run
2026-07-29T17:08:59+03:00,1785334139,3225,80,3,32.5,42.0,,run
2026-07-29T17:09:05+03:00,1785334145,3231,80,3,32.5,42.9,,run
2026-07-29T17:09:10+03:00,1785334150,3236,80,3,32.5,43.9,,run
2026-07-29T17:09:15+03:00,1785334155,3241,80,3,32.5,47.0,,run
2026-07-29T17:09:21+03:00,1785334161,3247,80,3,32.5,44.8,,run
2026-07-29T17:09:26+03:00,1785334166,3252,80,3,32.5,46.3,,run
2026-07-29T17:09:31+03:00,1785334171,3257,80,3,32.5,48.2,,run
2026-07-29T17:09:37+03:00,1785334177,3263,80,3,32.5,47.0,,run
2026-07-29T17:09:42+03:00,1785334182,3268,80,3,32.5,48.2,,run
2026-07-29T17:09:47+03:00,1785334187,3273,80,3,32.5,44.2,,run
2026-07-29T17:09:53+03:00,1785334193,3279,80,3,32.5,42.0,,run
2026-07-29T17:09:58+03:00,1785334198,3284,80,3,32.5,38.0,,run
2026-07-29T17:10:04+03:00,1785334204,3290,80,3,32.5,39.2,,run
2026-07-29T17:10:09+03:00,1785334209,3295,80,3,32.5,45.4,,run
2026-07-29T17:10:15+03:00,1785334215,3301,80,3,32.5,43.6,,run
2026-07-29T17:10:20+03:00,1785334220,3306,80,3,32.5,46.3,,run
2026-07-29T17:10:25+03:00,1785334225,3311,80,3,32.5,54.7,,run
2026-07-29T17:10:31+03:00,1785334231,3317,80,3,32.5,50.7,,run
2026-07-29T17:10:36+03:00,1785334236,3322,80,3,32.5,48.2,,run
2026-07-29T17:10:41+03:00,1785334241,3327,80,3,32.5,49.4,,run
2026-07-29T17:10:47+03:00,1785334247,3333,80,3,32.5,49.1,,run
2026-07-29T17:10:52+03:00,1785334252,3338,80,3,32.5,48.5,,run
2026-07-29T17:10:57+03:00,1785334257,3343,80,3,32.5,49.4,,run
2026-07-29T17:11:03+03:00,1785334262,3348,80,3,32.5,47.9,,run
2026-07-29T17:11:08+03:00,1785334268,3354,80,3,32.5,41.4,,run
2026-07-29T17:11:13+03:00,1785334273,3359,80,3,32.5,42.9,,run
2026-07-29T17:11:19+03:00,1785334279,3365,80,3,32.5,42.0,,run
2026-07-29T17:11:24+03:00,1785334284,3370,80,3,32.5,48.5,,run
2026-07-29T17:11:29+03:00,1785334289,3375,80,3,32.5,44.8,,run
2026-07-29T17:11:35+03:00,1785334295,3381,80,3,32.5,43.2,,run
2026-07-29T17:11:40+03:00,1785334300,3386,80,3,32.5,43.6,,run
2026-07-29T17:11:45+03:00,1785334305,3391,80,3,32.5,51.6,,run
2026-07-29T17:11:51+03:00,1785334311,3397,80,3,32.5,42.3,,run
2026-07-29T17:11:56+03:00,1785334316,3402,80,3,32.5,39.8,,run
2026-07-29T17:12:02+03:00,1785334322,3408,80,3,32.5,38.0,,run
2026-07-29T17:12:07+03:00,1785334327,3413,80,3,32.5,37.7,,run
2026-07-29T17:12:13+03:00,1785334333,3419,80,3,32.5,41.4,,run
2026-07-29T17:12:18+03:00,1785334338,3424,80,3,32.5,45.1,,run
2026-07-29T17:12:24+03:00,1785334344,3430,80,3,32.5,41.4,,run
2026-07-29T17:12:29+03:00,1785334349,3435,80,3,32.5,51.0,,run
2026-07-29T17:12:35+03:00,1785334355,3441,79,3,32.6,40.5,,run
2026-07-29T17:12:40+03:00,1785334360,3446,79,3,32.6,38.6,,run
2026-07-29T17:12:46+03:00,1785334366,3452,79,3,32.6,38.9,,run
2026-07-29T17:12:51+03:00,1785334371,3457,79,3,32.6,44.5,,run
2026-07-29T17:12:56+03:00,1785334376,3462,79,3,32.6,47.0,,run
2026-07-29T17:13:02+03:00,1785334382,3468,79,3,32.6,49.4,,run
2026-07-29T17:13:07+03:00,1785334387,3473,79,3,32.6,43.6,,run
2026-07-29T17:13:12+03:00,1785334392,3478,79,3,32.6,47.6,,run
2026-07-29T17:13:18+03:00,1785334398,3484,79,3,32.6,41.4,,run
2026-07-29T17:13:23+03:00,1785334403,3489,79,3,32.6,39.2,,run
2026-07-29T17:13:29+03:00,1785334409,3495,79,3,32.6,39.5,,run
2026-07-29T17:13:34+03:00,1785334414,3500,79,3,32.6,41.7,,run
2026-07-29T17:13:40+03:00,1785334420,3506,79,3,32.6,42.0,,run
2026-07-29T17:13:45+03:00,1785334425,3511,79,3,32.6,52.8,,run
2026-07-29T17:13:50+03:00,1785334430,3516,79,3,32.6,45.7,,run
2026-07-29T17:13:56+03:00,1785334436,3522,79,3,32.6,44.8,,run
2026-07-29T17:14:01+03:00,1785334441,3527,79,3,32.6,39.2,,run
2026-07-29T17:14:07+03:00,1785334447,3533,79,3,32.6,37.7,,run
2026-07-29T17:14:12+03:00,1785334452,3538,79,3,32.6,38.0,,run
2026-07-29T17:14:18+03:00,1785334458,3544,79,3,32.6,38.0,,run
2026-07-29T17:14:23+03:00,1785334463,3549,79,3,32.6,39.8,,run
2026-07-29T17:14:29+03:00,1785334469,3555,79,3,32.6,49.7,,run
2026-07-29T17:14:34+03:00,1785334474,3560,79,3,32.6,40.2,,run
2026-07-29T17:14:40+03:00,1785334480,3566,79,3,32.6,38.6,,run
2026-07-29T17:14:45+03:00,1785334485,3571,79,3,32.6,39.2,,run
2026-07-29T17:14:51+03:00,1785334491,3577,79,3,32.6,40.5,,run
2026-07-29T17:14:56+03:00,1785334496,3582,79,3,32.6,41.4,,run
2026-07-29T17:15:02+03:00,1785334502,3588,79,3,32.6,42.6,,run
2026-07-29T17:15:07+03:00,1785334507,3593,79,3,32.6,42.6,,run
2026-07-29T17:15:12+03:00,1785334512,3598,79,3,32.6,42.9,,run
2026-07-29T17:15:18+03:00,1785334518,3604,79,3,32.6,46.7,,run
2026-07-29T17:15:23+03:00,1785334523,3609,79,3,32.6,43.6,,run
2026-07-29T17:15:28+03:00,1785334528,3614,79,3,32.6,42.0,,run
2026-07-29T17:15:33+03:00,1785334533,3619,79,3,32.6,42.6,,run
2026-07-29T17:15:39+03:00,1785334539,3625,79,3,32.6,42.0,,run
2026-07-29T17:15:44+03:00,1785334544,3630,79,3,32.6,51.0,,run
2026-07-29T17:15:50+03:00,1785334550,3636,79,3,32.3,40.5,,run
2026-07-29T17:15:55+03:00,1785334555,3641,79,3,32.3,38.6,,run
2026-07-29T17:16:01+03:00,1785334561,3647,79,3,32.3,42.6,,run
2026-07-29T17:16:06+03:00,1785334566,3652,79,3,32.3,46.0,,run
2026-07-29T17:16:11+03:00,1785334571,3657,79,3,32.3,44.8,,run
2026-07-29T17:16:17+03:00,1785334577,3663,79,3,32.3,43.2,,run
2026-07-29T17:16:22+03:00,1785334582,3668,79,3,32.3,42.6,,run
2026-07-29T17:16:27+03:00,1785334587,3673,79,3,32.3,55.0,,run
2026-07-29T17:16:33+03:00,1785334593,3679,79,3,32.3,45.4,,run
2026-07-29T17:16:39+03:00,1785334599,3685,79,3,32.3,43.9,,run
2026-07-29T17:16:44+03:00,1785334604,3690,79,3,32.3,44.2,,run
2026-07-29T17:16:49+03:00,1785334609,3695,79,3,32.3,45.7,,run
2026-07-29T17:16:54+03:00,1785334614,3700,79,3,32.3,44.2,,run
2026-07-29T17:17:00+03:00,1785334620,3706,79,3,32.3,49.1,,run
2026-07-29T17:17:05+03:00,1785334625,3711,79,3,32.3,43.6,,run
2026-07-29T17:17:10+03:00,1785334630,3716,79,3,32.3,43.6,,run
2026-07-29T17:17:16+03:00,1785334636,3722,79,3,32.3,43.9,,run
2026-07-29T17:17:21+03:00,1785334641,3727,79,3,32.3,43.2,,run
2026-07-29T17:17:26+03:00,1785334646,3732,79,3,32.3,42.6,,run
2026-07-29T17:17:32+03:00,1785334652,3738,79,3,32.3,42.3,,run
2026-07-29T17:17:37+03:00,1785334657,3743,79,3,32.3,44.5,,run
2026-07-29T17:17:42+03:00,1785334662,3748,79,3,32.3,51.0,,run
2026-07-29T17:17:48+03:00,1785334668,3754,79,3,32.3,54.1,,run
2026-07-29T17:17:53+03:00,1785334673,3759,79,3,32.3,43.6,,run
2026-07-29T17:17:59+03:00,1785334679,3765,79,3,32.3,40.8,,run
2026-07-29T17:18:04+03:00,1785334684,3770,79,3,32.3,38.6,,run
2026-07-29T17:18:10+03:00,1785334690,3776,79,3,32.3,38.0,,run
2026-07-29T17:18:15+03:00,1785334695,3781,79,3,32.3,39.2,,run
2026-07-29T17:18:21+03:00,1785334701,3787,79,3,32.3,38.3,,run
2026-07-29T17:18:26+03:00,1785334706,3792,79,3,32.3,50.4,,run
2026-07-29T17:18:32+03:00,1785334712,3798,79,3,32.3,41.4,,run
2026-07-29T17:18:37+03:00,1785334717,3803,79,3,32.3,39.2,,run
2026-07-29T17:18:43+03:00,1785334723,3809,79,3,32.3,38.3,,run
2026-07-29T17:18:49+03:00,1785334729,3815,79,3,32.3,38.3,,run
2026-07-29T17:18:54+03:00,1785334734,3820,79,3,32.3,40.5,,run
2026-07-29T17:18:59+03:00,1785334739,3825,79,3,32.3,41.1,,run
2026-07-29T17:19:05+03:00,1785334745,3831,79,3,32.3,42.9,,run
2026-07-29T17:19:10+03:00,1785334750,3836,79,3,32.3,45.4,,run
2026-07-29T17:19:15+03:00,1785334755,3841,79,3,32.3,45.4,,run
2026-07-29T17:19:21+03:00,1785334761,3847,79,3,32.3,39.5,,run
2026-07-29T17:19:26+03:00,1785334766,3852,79,3,32.3,41.1,,run
2026-07-29T17:19:32+03:00,1785334772,3858,79,3,32.3,42.0,,run
2026-07-29T17:19:37+03:00,1785334777,3863,79,3,32.3,42.6,,run
2026-07-29T17:19:42+03:00,1785334782,3868,79,3,32.3,45.7,,run
2026-07-29T17:19:48+03:00,1785334788,3874,79,3,32.3,40.8,,run
2026-07-29T17:19:53+03:00,1785334793,3879,79,3,32.3,42.3,,run
2026-07-29T17:19:59+03:00,1785334799,3885,79,3,32.3,47.0,,run
2026-07-29T17:20:04+03:00,1785334804,3890,79,3,32.3,46.3,,run
2026-07-29T17:20:09+03:00,1785334809,3895,79,3,32.3,46.3,,run
2026-07-29T17:20:15+03:00,1785334815,3901,79,3,32.3,41.4,,run
2026-07-29T17:20:20+03:00,1785334820,3906,79,3,32.3,38.3,,run
2026-07-29T17:20:26+03:00,1785334826,3912,79,3,32.3,50.4,,run
2026-07-29T17:20:31+03:00,1785334831,3917,79,3,32.3,41.7,,run
2026-07-29T17:20:37+03:00,1785334837,3923,79,3,32.3,39.2,,run
2026-07-29T17:20:42+03:00,1785334842,3928,79,3,32.3,40.8,,run
2026-07-29T17:20:48+03:00,1785334848,3934,79,3,32.3,41.4,,run
2026-07-29T17:20:53+03:00,1785334853,3939,79,3,32.3,42.0,,run
2026-07-29T17:20:59+03:00,1785334859,3945,79,3,32.3,42.6,,run
2026-07-29T17:21:04+03:00,1785334864,3950,79,3,32.3,40.8,,run
2026-07-29T17:21:09+03:00,1785334869,3955,79,3,32.3,38.6,,run
2026-07-29T17:21:15+03:00,1785334875,3961,79,3,32.3,38.6,,run
2026-07-29T17:21:20+03:00,1785334880,3966,79,3,32.3,38.6,,run
2026-07-29T17:21:26+03:00,1785334886,3972,79,3,32.3,46.0,,run
2026-07-29T17:21:31+03:00,1785334891,3977,79,3,32.3,47.9,,run
2026-07-29T17:21:36+03:00,1785334896,3982,79,3,32.3,43.2,,run
2026-07-29T17:21:42+03:00,1785334902,3988,79,3,32.3,47.0,,run
2026-07-29T17:21:47+03:00,1785334907,3993,79,3,32.3,42.9,,run
2026-07-29T17:21:53+03:00,1785334913,3999,79,3,32.3,39.5,,run
2026-07-29T17:21:58+03:00,1785334918,4004,79,3,32.3,37.7,,run
2026-07-29T17:22:04+03:00,1785334924,4010,79,3,32.3,38.0,,run
2026-07-29T17:22:09+03:00,1785334929,4015,79,3,32.3,52.5,,run
2026-07-29T17:22:15+03:00,1785334935,4021,79,3,32.3,51.3,,run
2026-07-29T17:22:20+03:00,1785334940,4026,79,3,32.3,48.5,,run
2026-07-29T17:22:25+03:00,1785334945,4031,79,3,32.3,48.5,,run
2026-07-29T17:22:31+03:00,1785334951,4037,79,3,32.3,41.7,,run
2026-07-29T17:22:36+03:00,1785334956,4042,79,3,32.3,41.7,,run
2026-07-29T17:22:41+03:00,1785334961,4047,79,3,32.3,43.9,,run
2026-07-29T17:22:47+03:00,1785334967,4053,79,3,32.3,43.6,,run
2026-07-29T17:22:52+03:00,1785334972,4058,79,3,32.3,44.5,,run
2026-07-29T17:22:57+03:00,1785334977,4063,79,3,32.3,41.7,,run
2026-07-29T17:23:03+03:00,1785334983,4069,79,3,32.3,39.5,,run
2026-07-29T17:23:08+03:00,1785334988,4074,79,3,32.3,39.2,,run
2026-07-29T17:23:14+03:00,1785334994,4080,78,3,32.3,38.6,,run
2026-07-29T17:23:19+03:00,1785334999,4085,78,3,32.3,38.0,,run
2026-07-29T17:23:25+03:00,1785335005,4091,78,3,32.3,47.3,,run
2026-07-29T17:23:30+03:00,1785335010,4096,78,3,32.3,45.4,,run
2026-07-29T17:23:36+03:00,1785335016,4102,78,3,32.3,46.0,,run
2026-07-29T17:23:41+03:00,1785335021,4107,78,3,32.3,46.3,,run
2026-07-29T17:23:46+03:00,1785335026,4112,78,3,32.3,38.3,,run
2026-07-29T17:23:52+03:00,1785335032,4118,78,3,32.3,41.1,,run
2026-07-29T17:23:57+03:00,1785335037,4123,78,3,32.3,45.7,,run
2026-07-29T17:24:03+03:00,1785335043,4129,78,3,32.3,39.8,,run
2026-07-29T17:24:08+03:00,1785335048,4134,78,3,32.3,54.4,,run
2026-07-29T17:24:14+03:00,1785335054,4140,78,3,32.3,47.6,,run
2026-07-29T17:24:19+03:00,1785335059,4145,78,3,32.3,42.6,,run
2026-07-29T17:24:25+03:00,1785335065,4151,78,3,32.3,40.2,,run
2026-07-29T17:24:30+03:00,1785335070,4156,78,3,32.3,39.2,,run
2026-07-29T17:24:36+03:00,1785335076,4162,78,3,32.3,48.8,,run
2026-07-29T17:24:41+03:00,1785335081,4167,78,3,32.3,41.1,,run
2026-07-29T17:24:47+03:00,1785335087,4173,78,3,32.3,42.3,,run
2026-07-29T17:24:52+03:00,1785335092,4178,78,3,32.3,42.6,,run
2026-07-29T17:24:57+03:00,1785335097,4183,78,3,32.3,42.9,,run
2026-07-29T17:25:03+03:00,1785335103,4189,78,3,32.3,42.3,,run
2026-07-29T17:25:08+03:00,1785335108,4194,78,3,32.3,39.5,,run
2026-07-29T17:25:13+03:00,1785335113,4199,78,3,32.3,38.3,,run
2026-07-29T17:25:19+03:00,1785335119,4205,78,3,32.3,38.0,,run
2026-07-29T17:25:24+03:00,1785335124,4210,78,3,32.3,40.2,,run
2026-07-29T17:25:30+03:00,1785335130,4216,78,3,32.3,46.0,,run
2026-07-29T17:25:35+03:00,1785335135,4221,78,3,32.3,49.4,,run
2026-07-29T17:25:41+03:00,1785335141,4227,78,3,32.3,38.9,,run
2026-07-29T17:25:46+03:00,1785335146,4232,78,3,32.3,43.2,,run
2026-07-29T17:25:52+03:00,1785335152,4238,78,3,32.4,39.8,,run
2026-07-29T17:25:57+03:00,1785335157,4243,78,3,32.4,38.3,,run
2026-07-29T17:26:03+03:00,1785335163,4249,78,3,32.4,37.7,,run
2026-07-29T17:26:08+03:00,1785335168,4254,78,3,32.4,51.0,,run
2026-07-29T17:26:14+03:00,1785335174,4260,78,3,32.4,49.1,,run
2026-07-29T17:26:19+03:00,1785335179,4265,78,3,32.4,47.9,,run
2026-07-29T17:26:24+03:00,1785335184,4270,78,3,32.4,41.7,,run
2026-07-29T17:26:30+03:00,1785335190,4276,78,3,32.4,40.8,,run
2026-07-29T17:26:35+03:00,1785335195,4281,78,3,32.4,41.4,,run
2026-07-29T17:26:41+03:00,1785335201,4287,78,3,32.4,44.2,,run
2026-07-29T17:26:46+03:00,1785335206,4292,78,3,32.4,39.2,,run
2026-07-29T17:26:52+03:00,1785335212,4298,78,3,32.4,41.1,,run
2026-07-29T17:26:57+03:00,1785335217,4303,78,3,32.4,42.0,,run
2026-07-29T17:27:02+03:00,1785335222,4308,78,3,32.4,42.9,,run
2026-07-29T17:27:08+03:00,1785335228,4314,78,3,32.4,42.6,,run
2026-07-29T17:27:13+03:00,1785335233,4319,78,3,32.4,43.6,,run
2026-07-29T17:27:18+03:00,1785335238,4324,78,3,32.4,39.2,,run
2026-07-29T17:27:24+03:00,1785335244,4330,78,3,32.4,44.2,,run
2026-07-29T17:27:29+03:00,1785335249,4335,78,3,32.4,40.5,,run
2026-07-29T17:27:35+03:00,1785335255,4341,78,3,32.4,46.7,,run
2026-07-29T17:27:40+03:00,1785335260,4346,78,3,32.4,45.7,,run
2026-07-29T17:27:45+03:00,1785335265,4351,78,3,32.4,38.9,,run
2026-07-29T17:27:51+03:00,1785335271,4357,78,3,32.4,38.3,,run
2026-07-29T17:27:56+03:00,1785335276,4362,78,3,32.4,38.9,,run
2026-07-29T17:28:02+03:00,1785335282,4368,78,3,32.4,45.1,,run
2026-07-29T17:28:07+03:00,1785335287,4373,78,3,32.4,41.1,,run
2026-07-29T17:28:13+03:00,1785335293,4379,78,3,32.4,49.4,,run
2026-07-29T17:28:18+03:00,1785335298,4384,78,3,32.4,43.2,,run
2026-07-29T17:28:24+03:00,1785335304,4390,78,3,32.4,47.3,,run
2026-07-29T17:28:29+03:00,1785335309,4395,78,3,32.4,47.9,,run
2026-07-29T17:28:34+03:00,1785335314,4400,78,3,32.4,47.3,,run
2026-07-29T17:28:39+03:00,1785335319,4405,78,3,32.4,41.4,,run
2026-07-29T17:28:45+03:00,1785335325,4411,78,3,32.4,39.2,,run
2026-07-29T17:28:50+03:00,1785335330,4416,78,3,32.4,39.5,,run
2026-07-29T17:28:56+03:00,1785335336,4422,78,3,32.4,47.3,,run
2026-07-29T17:29:01+03:00,1785335341,4427,78,3,32.4,40.5,,run
2026-07-29T17:29:07+03:00,1785335347,4433,78,3,32.4,39.2,,run
2026-07-29T17:29:12+03:00,1785335352,4438,78,3,32.4,39.2,,run
2026-07-29T17:29:18+03:00,1785335358,4444,78,3,32.4,39.8,,run
2026-07-29T17:29:23+03:00,1785335363,4449,78,3,32.4,48.8,,run
2026-07-29T17:29:29+03:00,1785335369,4455,78,3,32.4,49.7,,run
2026-07-29T17:29:34+03:00,1785335374,4460,78,3,32.4,40.2,,run
2026-07-29T17:29:40+03:00,1785335380,4466,78,3,32.4,38.3,,run
2026-07-29T17:29:45+03:00,1785335385,4471,78,3,32.4,47.6,,run
2026-07-29T17:29:50+03:00,1785335390,4476,78,3,32.4,45.7,,run
2026-07-29T17:29:56+03:00,1785335396,4482,78,3,32.4,39.5,,run
2026-07-29T17:30:01+03:00,1785335401,4487,78,3,32.4,39.5,,run
2026-07-29T17:30:07+03:00,1785335407,4493,78,3,32.4,47.9,,run
2026-07-29T17:30:12+03:00,1785335412,4498,78,3,32.4,53.5,,run
2026-07-29T17:30:18+03:00,1785335418,4504,78,3,32.4,43.6,,run
2026-07-29T17:30:23+03:00,1785335423,4509,78,3,32.4,40.8,,run
2026-07-29T17:30:29+03:00,1785335429,4515,78,3,32.4,43.6,,run
2026-07-29T17:30:34+03:00,1785335434,4520,78,3,32.4,48.2,,run
2026-07-29T17:30:39+03:00,1785335439,4525,78,3,32.4,49.4,,run
2026-07-29T17:30:44+03:00,1785335444,4530,78,3,32.4,47.6,,run
2026-07-29T17:30:50+03:00,1785335450,4536,78,3,32.4,41.4,,run
2026-07-29T17:30:55+03:00,1785335455,4541,78,3,32.4,47.3,,run
2026-07-29T17:31:00+03:00,1785335460,4546,78,3,32.4,40.5,,run
2026-07-29T17:31:06+03:00,1785335466,4552,78,3,32.4,41.1,,run
2026-07-29T17:31:11+03:00,1785335471,4557,78,3,32.4,41.7,,run
2026-07-29T17:31:17+03:00,1785335477,4563,78,3,32.4,43.2,,run
2026-07-29T17:31:22+03:00,1785335482,4568,78,3,32.4,44.2,,run
2026-07-29T17:31:27+03:00,1785335487,4573,78,3,32.4,49.4,,run
2026-07-29T17:31:33+03:00,1785335493,4579,78,3,32.4,42.3,,run
2026-07-29T17:31:38+03:00,1785335498,4584,78,3,32.4,38.6,,run
2026-07-29T17:31:44+03:00,1785335504,4590,78,3,32.4,37.7,,run
2026-07-29T17:31:49+03:00,1785335509,4595,78,3,32.4,37.4,,run
2026-07-29T17:31:55+03:00,1785335515,4601,78,3,32.4,37.4,,run
2026-07-29T17:32:00+03:00,1785335520,4606,78,3,32.4,46.0,,run
2026-07-29T17:32:06+03:00,1785335526,4612,78,3,32.4,38.6,,run
2026-07-29T17:32:11+03:00,1785335531,4617,78,3,32.4,52.2,,run
2026-07-29T17:32:17+03:00,1785335537,4623,78,3,32.4,44.2,,run
2026-07-29T17:32:22+03:00,1785335542,4628,78,3,32.4,43.2,,run
2026-07-29T17:32:27+03:00,1785335547,4633,78,3,32.4,43.2,,run
2026-07-29T17:32:32+03:00,1785335552,4638,78,3,32.4,43.6,,run
2026-07-29T17:32:38+03:00,1785335558,4644,78,3,32.4,46.3,,run
2026-07-29T17:32:43+03:00,1785335563,4649,78,3,32.4,41.7,,run
2026-07-29T17:32:48+03:00,1785335568,4654,78,3,32.4,39.5,,run
2026-07-29T17:32:54+03:00,1785335574,4660,78,3,32.4,45.7,,run
2026-07-29T17:32:59+03:00,1785335579,4665,78,3,32.4,41.1,,run
2026-07-29T17:33:05+03:00,1785335585,4671,78,3,32.4,38.9,,run
2026-07-29T17:33:10+03:00,1785335590,4676,78,3,32.4,39.2,,run
2026-07-29T17:33:16+03:00,1785335596,4682,78,3,32.4,38.0,,run
2026-07-29T17:33:21+03:00,1785335601,4687,78,3,32.4,40.2,,run
2026-07-29T17:33:27+03:00,1785335607,4693,78,3,32.4,50.1,,run
2026-07-29T17:33:32+03:00,1785335612,4698,78,3,32.4,40.2,,run
2026-07-29T17:33:38+03:00,1785335618,4704,78,3,32.4,39.2,,run
2026-07-29T17:33:43+03:00,1785335623,4709,78,3,32.4,38.0,,run
2026-07-29T17:33:49+03:00,1785335629,4715,78,3,32.4,37.4,,run
2026-07-29T17:33:55+03:00,1785335635,4721,77,3,32.4,51.3,,run
2026-07-29T17:34:00+03:00,1785335640,4726,77,3,32.4,50.4,,run
2026-07-29T17:34:05+03:00,1785335645,4731,77,3,32.4,47.9,,run
2026-07-29T17:34:11+03:00,1785335651,4737,77,3,32.4,45.1,,run
2026-07-29T17:34:16+03:00,1785335656,4742,77,3,32.4,47.3,,run
2026-07-29T17:34:21+03:00,1785335661,4747,77,3,32.4,42.0,,run
2026-07-29T17:34:27+03:00,1785335667,4753,77,3,32.4,39.5,,run
2026-07-29T17:34:32+03:00,1785335672,4758,77,3,32.4,38.6,,run
2026-07-29T17:34:38+03:00,1785335678,4764,77,3,32.4,38.9,,run
2026-07-29T17:34:43+03:00,1785335683,4769,77,3,32.4,45.1,,run
2026-07-29T17:34:49+03:00,1785335689,4775,77,3,32.4,46.3,,run
2026-07-29T17:34:54+03:00,1785335694,4780,77,3,32.4,49.1,,run
2026-07-29T17:34:59+03:00,1785335699,4785,77,3,32.4,40.8,,run
2026-07-29T17:35:05+03:00,1785335705,4791,77,3,32.4,39.2,,run
2026-07-29T17:35:10+03:00,1785335710,4796,77,3,32.4,50.7,,run
2026-07-29T17:35:15+03:00,1785335715,4801,77,3,32.4,51.6,,run
2026-07-29T17:35:21+03:00,1785335721,4807,77,3,32.4,43.2,,run
2026-07-29T17:35:26+03:00,1785335726,4812,77,3,32.4,38.3,,run
2026-07-29T17:35:32+03:00,1785335732,4818,77,3,32.4,39.2,,run
2026-07-29T17:35:37+03:00,1785335737,4823,77,3,32.4,37.1,,run
2026-07-29T17:35:43+03:00,1785335743,4829,77,3,32.4,39.5,,run
2026-07-29T17:35:48+03:00,1785335748,4834,77,3,32.3,41.4,,run
2026-07-29T17:35:54+03:00,1785335754,4840,77,3,32.3,40.2,,run
2026-07-29T17:35:59+03:00,1785335759,4845,77,3,32.3,54.4,,run
2026-07-29T17:36:05+03:00,1785335765,4851,77,3,32.3,40.2,,run
2026-07-29T17:36:10+03:00,1785335770,4856,77,3,32.3,43.9,,run
2026-07-29T17:36:15+03:00,1785335775,4861,77,3,32.3,47.3,,run
2026-07-29T17:36:21+03:00,1785335781,4867,77,3,32.3,46.7,,run
2026-07-29T17:36:26+03:00,1785335786,4872,77,3,32.3,40.2,,run
2026-07-29T17:36:32+03:00,1785335792,4878,77,3,32.3,38.9,,run
2026-07-29T17:36:37+03:00,1785335797,4883,77,3,32.3,38.6,,run
2026-07-29T17:36:43+03:00,1785335803,4889,77,3,32.3,43.6,,run
2026-07-29T17:36:48+03:00,1785335808,4894,77,3,32.3,40.2,,run
2026-07-29T17:36:53+03:00,1785335813,4899,77,3,32.3,38.9,,run
2026-07-29T17:36:59+03:00,1785335819,4905,77,3,32.3,43.2,,run
2026-07-29T17:37:04+03:00,1785335824,4910,77,3,32.3,44.5,,run
2026-07-29T17:37:10+03:00,1785335830,4916,77,3,32.3,48.2,,run
2026-07-29T17:37:15+03:00,1785335835,4921,77,3,32.3,54.1,,run
2026-07-29T17:37:21+03:00,1785335841,4927,77,3,32.3,41.4,,run
2026-07-29T17:37:26+03:00,1785335846,4932,77,3,32.3,38.6,,run
2026-07-29T17:37:32+03:00,1785335852,4938,77,3,32.3,38.0,,run
2026-07-29T17:37:37+03:00,1785335857,4943,77,3,32.3,41.4,,run
2026-07-29T17:37:43+03:00,1785335863,4949,77,3,32.3,43.2,,run
2026-07-29T17:37:48+03:00,1785335868,4954,77,3,32.3,38.6,,run
2026-07-29T17:37:53+03:00,1785335873,4959,77,3,32.3,37.4,,run
2026-07-29T17:37:59+03:00,1785335879,4965,77,3,32.3,52.2,,run
2026-07-29T17:38:05+03:00,1785335885,4971,77,3,32.3,41.1,,run
2026-07-29T17:38:10+03:00,1785335890,4976,77,3,32.3,38.9,,run
2026-07-29T17:38:16+03:00,1785335896,4982,77,3,32.3,41.4,,run
2026-07-29T17:38:21+03:00,1785335901,4987,77,3,32.3,43.6,,run
2026-07-29T17:38:27+03:00,1785335907,4993,77,3,32.3,46.0,,run
2026-07-29T17:38:32+03:00,1785335912,4998,77,3,32.3,45.4,,run
2026-07-29T17:38:37+03:00,1785335917,5003,77,3,32.3,40.8,,run
2026-07-29T17:38:43+03:00,1785335923,5009,77,3,32.3,42.0,,run
2026-07-29T17:38:48+03:00,1785335928,5014,77,3,32.3,42.0,,run
2026-07-29T17:38:53+03:00,1785335933,5019,77,3,32.3,42.3,,run
2026-07-29T17:38:59+03:00,1785335939,5025,77,3,32.3,42.9,,run
2026-07-29T17:39:04+03:00,1785335944,5030,77,3,32.3,42.6,,run
2026-07-29T17:39:09+03:00,1785335949,5035,77,3,32.3,38.9,,run
2026-07-29T17:39:15+03:00,1785335955,5041,77,3,32.3,51.0,,run
2026-07-29T17:39:20+03:00,1785335960,5046,77,3,32.3,53.5,,run
2026-07-29T17:39:26+03:00,1785335966,5052,77,3,32.3,41.7,,run
2026-07-29T17:39:31+03:00,1785335971,5057,77,3,32.3,38.0,,run
2026-07-29T17:39:37+03:00,1785335977,5063,77,3,32.3,37.7,,run
2026-07-29T17:39:42+03:00,1785335982,5068,77,3,32.3,36.8,,run
2026-07-29T17:39:48+03:00,1785335988,5074,77,3,32.3,39.5,,run
2026-07-29T17:39:54+03:00,1785335994,5080,77,3,32.3,37.4,,run
2026-07-29T17:39:59+03:00,1785335999,5085,77,3,32.3,36.8,,run
2026-07-29T17:40:05+03:00,1785336005,5091,77,3,32.3,51.0,,run
2026-07-29T17:40:11+03:00,1785336011,5097,77,3,32.3,42.9,,run
2026-07-29T17:40:16+03:00,1785336016,5102,77,3,32.3,42.0,,run
2026-07-29T17:40:21+03:00,1785336021,5107,77,3,32.3,42.3,,run
2026-07-29T17:40:27+03:00,1785336027,5113,77,3,32.3,44.5,,run
2026-07-29T17:40:32+03:00,1785336032,5118,77,3,32.3,49.1,,run
2026-07-29T17:40:37+03:00,1785336037,5123,77,3,32.3,46.3,,run
2026-07-29T17:40:43+03:00,1785336043,5129,77,3,32.3,42.0,,run
2026-07-29T17:40:48+03:00,1785336048,5134,77,3,32.3,42.6,,run
2026-07-29T17:40:53+03:00,1785336053,5139,77,3,32.3,42.6,,run
2026-07-29T17:40:59+03:00,1785336059,5145,77,3,32.3,42.0,,run
2026-07-29T17:41:04+03:00,1785336064,5150,77,3,32.3,42.3,,run
2026-07-29T17:41:09+03:00,1785336069,5155,77,3,32.3,40.2,,run
2026-07-29T17:41:15+03:00,1785336075,5161,77,3,32.3,46.0,,run
2026-07-29T17:41:20+03:00,1785336080,5166,77,3,32.3,54.4,,run
2026-07-29T17:41:25+03:00,1785336085,5171,77,3,32.3,54.1,,run
2026-07-29T17:41:31+03:00,1785336091,5177,77,3,32.3,49.4,,run
2026-07-29T17:41:36+03:00,1785336096,5182,77,3,32.3,39.2,,run
2026-07-29T17:41:41+03:00,1785336101,5187,77,3,32.3,38.0,,run
2026-07-29T17:41:47+03:00,1785336107,5193,77,3,32.3,46.3,,run
2026-07-29T17:41:52+03:00,1785336112,5198,77,3,32.3,47.3,,run
2026-07-29T17:41:58+03:00,1785336118,5204,77,3,32.3,41.1,,run
2026-07-29T17:42:03+03:00,1785336123,5209,77,3,32.3,38.6,,run
2026-07-29T17:42:09+03:00,1785336129,5215,77,3,32.3,53.5,,run
2026-07-29T17:42:14+03:00,1785336134,5220,77,3,32.3,41.7,,run
2026-07-29T17:42:20+03:00,1785336140,5226,77,3,32.3,39.8,,run
2026-07-29T17:42:25+03:00,1785336145,5231,77,3,32.3,38.6,,run
2026-07-29T17:42:31+03:00,1785336151,5237,77,3,32.3,46.0,,run
2026-07-29T17:42:36+03:00,1785336156,5242,77,3,32.3,48.2,,run
2026-07-29T17:42:41+03:00,1785336161,5247,77,3,32.3,40.8,,run
2026-07-29T17:42:47+03:00,1785336167,5253,77,3,32.3,41.7,,run
2026-07-29T17:42:52+03:00,1785336172,5258,77,3,32.3,42.0,,run
2026-07-29T17:42:58+03:00,1785336178,5264,77,3,32.3,42.9,,run
2026-07-29T17:43:03+03:00,1785336183,5269,77,3,32.3,42.3,,run
2026-07-29T17:43:08+03:00,1785336188,5274,77,3,32.3,42.3,,run
2026-07-29T17:43:14+03:00,1785336194,5280,77,3,32.3,39.5,,run
2026-07-29T17:43:19+03:00,1785336199,5285,77,3,32.3,46.0,,run
2026-07-29T17:43:24+03:00,1785336204,5290,77,3,32.3,56.5,,run
2026-07-29T17:43:31+03:00,1785336211,5297,77,3,32.3,48.2,,run
2026-07-29T17:43:36+03:00,1785336216,5302,77,3,32.3,39.8,,run
2026-07-29T17:43:41+03:00,1785336221,5307,77,3,32.3,38.3,,run
2026-07-29T17:43:47+03:00,1785336227,5313,77,3,32.3,37.1,,run
2026-07-29T17:43:52+03:00,1785336232,5318,77,3,32.3,37.7,,run
2026-07-29T17:43:58+03:00,1785336238,5324,77,3,32.3,39.2,,run
2026-07-29T17:44:03+03:00,1785336243,5329,77,3,32.3,41.7,,run
2026-07-29T17:44:09+03:00,1785336249,5335,77,3,32.3,43.2,,run
2026-07-29T17:44:14+03:00,1785336254,5340,77,3,32.3,49.1,,run
2026-07-29T17:44:19+03:00,1785336259,5345,77,3,32.3,42.9,,run
2026-07-29T17:44:25+03:00,1785336265,5351,77,3,32.3,43.6,,run
2026-07-29T17:44:30+03:00,1785336270,5356,77,3,32.3,48.8,,run
2026-07-29T17:44:35+03:00,1785336275,5361,77,3,32.3,46.3,,run
2026-07-29T17:44:41+03:00,1785336281,5367,76,3,32.4,45.7,,run
2026-07-29T17:44:46+03:00,1785336286,5372,76,3,32.4,44.2,,run
2026-07-29T17:44:51+03:00,1785336291,5377,76,3,32.4,46.7,,run
2026-07-29T17:44:57+03:00,1785336297,5383,76,3,32.4,42.6,,run
2026-07-29T17:45:02+03:00,1785336302,5388,76,3,32.4,39.8,,run
2026-07-29T17:45:08+03:00,1785336308,5394,76,3,32.4,43.2,,run
2026-07-29T17:45:13+03:00,1785336313,5399,76,3,32.4,47.0,,run
2026-07-29T17:45:18+03:00,1785336318,5404,76,3,32.4,48.8,,run
2026-07-29T17:45:24+03:00,1785336324,5410,76,3,32.4,47.9,,run
2026-07-29T17:45:29+03:00,1785336329,5415,76,3,32.4,54.1,,run
2026-07-29T17:45:34+03:00,1785336334,5420,76,3,32.4,42.6,,run
2026-07-29T17:45:40+03:00,1785336340,5426,76,3,32.4,38.9,,run
2026-07-29T17:45:45+03:00,1785336345,5431,76,3,32.4,37.7,,run
2026-07-29T17:45:51+03:00,1785336351,5437,76,3,32.5,38.3,,run
2026-07-29T17:45:56+03:00,1785336356,5442,76,3,32.5,36.8,,run
2026-07-29T17:46:02+03:00,1785336362,5448,76,3,32.5,37.7,,run
2026-07-29T17:46:08+03:00,1785336368,5454,76,3,32.5,37.4,,run
2026-07-29T17:46:13+03:00,1785336373,5459,76,3,32.5,51.6,,run
2026-07-29T17:46:19+03:00,1785336379,5465,76,3,32.5,41.1,,run
2026-07-29T17:46:24+03:00,1785336384,5470,76,3,32.5,48.8,,run
2026-07-29T17:46:30+03:00,1785336390,5476,76,3,32.5,46.7,,run
2026-07-29T17:46:35+03:00,1785336395,5481,76,3,32.5,47.9,,run
2026-07-29T17:46:40+03:00,1785336400,5486,76,3,32.5,40.8,,run
2026-07-29T17:46:46+03:00,1785336406,5492,76,3,32.5,38.9,,run
2026-07-29T17:46:51+03:00,1785336411,5497,76,3,32.5,41.1,,run
2026-07-29T17:46:57+03:00,1785336417,5503,76,3,32.5,41.4,,run
2026-07-29T17:47:02+03:00,1785336422,5508,76,3,32.5,42.6,,run
2026-07-29T17:47:07+03:00,1785336427,5513,76,3,32.5,42.9,,run
2026-07-29T17:47:13+03:00,1785336433,5519,76,3,32.5,45.7,,run
2026-07-29T17:47:18+03:00,1785336438,5524,76,3,32.5,47.0,,run
2026-07-29T17:47:23+03:00,1785336443,5529,76,3,32.5,47.6,,run
2026-07-29T17:47:28+03:00,1785336448,5534,76,3,32.5,47.0,,run
2026-07-29T17:47:34+03:00,1785336454,5540,76,3,32.5,46.3,,run
2026-07-29T17:47:39+03:00,1785336459,5545,76,3,32.5,41.7,,run
2026-07-29T17:47:45+03:00,1785336465,5551,76,3,32.5,38.3,,run
2026-07-29T17:47:51+03:00,1785336471,5557,76,3,32.5,38.6,,run
2026-07-29T17:47:56+03:00,1785336476,5562,76,3,32.5,37.1,,run
2026-07-29T17:48:02+03:00,1785336482,5568,76,3,32.5,38.9,,run
2026-07-29T17:48:07+03:00,1785336487,5573,76,3,32.5,37.4,,run
2026-07-29T17:48:13+03:00,1785336493,5579,76,3,32.5,43.9,,run
2026-07-29T17:48:18+03:00,1785336498,5584,76,3,32.5,53.8,,run
2026-07-29T17:48:23+03:00,1785336503,5589,76,3,32.5,42.3,,run
2026-07-29T17:48:29+03:00,1785336509,5595,76,3,32.5,46.0,,run
2026-07-29T17:48:34+03:00,1785336514,5600,76,3,32.5,45.7,,run
2026-07-29T17:48:40+03:00,1785336520,5606,76,3,32.5,44.2,,run
2026-07-29T17:48:45+03:00,1785336525,5611,76,3,32.5,39.2,,run
2026-07-29T17:48:51+03:00,1785336531,5617,76,3,32.5,38.6,,run
2026-07-29T17:48:56+03:00,1785336536,5622,76,3,32.5,37.7,,run
2026-07-29T17:49:02+03:00,1785336542,5628,76,3,32.5,40.8,,run
2026-07-29T17:49:07+03:00,1785336547,5633,76,3,32.5,47.6,,run
2026-07-29T17:49:12+03:00,1785336552,5638,76,3,32.5,40.5,,run
2026-07-29T17:49:18+03:00,1785336558,5644,76,3,32.5,47.0,,run
2026-07-29T17:49:23+03:00,1785336563,5649,76,3,32.5,42.3,,run
2026-07-29T17:49:28+03:00,1785336568,5654,76,3,32.5,41.1,,run
2026-07-29T17:49:34+03:00,1785336574,5660,76,3,32.5,45.7,,run
2026-07-29T17:49:39+03:00,1785336579,5665,76,3,32.5,40.2,,run
2026-07-29T17:49:44+03:00,1785336584,5670,76,3,32.5,41.1,,run
2026-07-29T17:49:50+03:00,1785336590,5676,76,3,32.5,42.3,,run
2026-07-29T17:49:55+03:00,1785336595,5681,76,3,32.5,41.4,,run
2026-07-29T17:50:01+03:00,1785336601,5687,76,3,32.5,41.1,,run
2026-07-29T17:50:06+03:00,1785336606,5692,76,3,32.5,41.1,,run
2026-07-29T17:50:11+03:00,1785336611,5697,76,3,32.5,38.6,,run
2026-07-29T17:50:17+03:00,1785336617,5703,76,3,32.5,37.1,,run
2026-07-29T17:50:23+03:00,1785336623,5709,76,3,32.5,45.7,,run
2026-07-29T17:50:28+03:00,1785336628,5714,76,3,32.5,46.7,,run
2026-07-29T17:50:33+03:00,1785336633,5719,76,3,32.5,39.8,,run
2026-07-29T17:50:39+03:00,1785336639,5725,76,3,32.5,38.3,,run
2026-07-29T17:50:44+03:00,1785336644,5730,76,3,32.5,38.0,,run
2026-07-29T17:50:50+03:00,1785336650,5736,76,3,32.5,37.7,,run
2026-07-29T17:50:55+03:00,1785336655,5741,76,3,32.5,37.1,,run
2026-07-29T17:51:01+03:00,1785336661,5747,76,3,32.5,38.0,,run
2026-07-29T17:51:06+03:00,1785336666,5752,76,3,32.5,39.8,,run
2026-07-29T17:51:12+03:00,1785336672,5758,76,3,32.5,44.8,,run
2026-07-29T17:51:17+03:00,1785336677,5763,76,3,32.5,47.0,,run
2026-07-29T17:51:22+03:00,1785336682,5768,76,3,32.5,48.2,,run
2026-07-29T17:51:27+03:00,1785336687,5773,76,3,32.5,42.6,,run
2026-07-29T17:51:33+03:00,1785336693,5779,76,3,32.5,42.6,,run
2026-07-29T17:51:38+03:00,1785336698,5784,76,3,32.5,42.3,,run
2026-07-29T17:51:43+03:00,1785336703,5789,76,3,32.5,42.3,,run
2026-07-29T17:51:49+03:00,1785336709,5795,76,3,32.5,43.9,,run
2026-07-29T17:51:54+03:00,1785336714,5800,76,3,32.5,42.0,,run
2026-07-29T17:51:59+03:00,1785336719,5805,76,3,32.5,42.9,,run
2026-07-29T17:52:05+03:00,1785336725,5811,76,3,32.5,40.8,,run
2026-07-29T17:52:10+03:00,1785336730,5816,76,3,32.5,38.0,,run
2026-07-29T17:52:15+03:00,1785336735,5821,76,3,32.5,38.0,,run
2026-07-29T17:52:21+03:00,1785336741,5827,76,3,32.5,37.7,,run
2026-07-29T17:52:26+03:00,1785336746,5832,76,3,32.5,45.4,,run
2026-07-29T17:52:32+03:00,1785336752,5838,76,3,32.5,46.0,,run
2026-07-29T17:52:37+03:00,1785336757,5843,76,3,32.5,41.4,,run
2026-07-29T17:52:43+03:00,1785336763,5849,76,3,32.5,52.2,,run
2026-07-29T17:52:48+03:00,1785336768,5854,76,3,32.5,40.2,,run
2026-07-29T17:52:54+03:00,1785336774,5860,76,3,32.5,38.6,,run
2026-07-29T17:52:59+03:00,1785336779,5865,76,3,32.5,37.1,,run
2026-07-29T17:53:05+03:00,1785336785,5871,76,3,32.5,36.8,,run
2026-07-29T17:53:10+03:00,1785336790,5876,76,3,32.5,51.3,,run
2026-07-29T17:53:16+03:00,1785336796,5882,76,3,32.5,50.1,,run
2026-07-29T17:53:21+03:00,1785336801,5887,76,3,32.5,47.3,,run
2026-07-29T17:53:26+03:00,1785336806,5892,76,3,32.5,42.3,,run
2026-07-29T17:53:32+03:00,1785336812,5898,76,3,32.5,39.2,,run
2026-07-29T17:53:37+03:00,1785336817,5903,76,3,32.5,38.6,,run
2026-07-29T17:53:43+03:00,1785336823,5909,76,3,32.5,38.3,,run
2026-07-29T17:53:48+03:00,1785336828,5914,76,3,32.5,38.6,,run
2026-07-29T17:53:54+03:00,1785336834,5920,76,3,32.5,38.9,,run
2026-07-29T17:54:00+03:00,1785336840,5926,76,3,32.5,41.7,,run
2026-07-29T17:54:05+03:00,1785336845,5931,76,3,32.5,40.2,,run
2026-07-29T17:54:10+03:00,1785336850,5936,76,3,32.5,47.3,,run
2026-07-29T17:54:15+03:00,1785336855,5941,76,3,32.5,44.2,,run
2026-07-29T17:54:21+03:00,1785336861,5947,76,3,32.5,42.9,,run
2026-07-29T17:54:26+03:00,1785336866,5952,76,3,32.5,52.2,,run
2026-07-29T17:54:32+03:00,1785336872,5958,76,3,32.5,39.5,,run
2026-07-29T17:54:37+03:00,1785336877,5963,76,3,32.5,42.9,,run
2026-07-29T17:54:43+03:00,1785336883,5969,76,3,32.5,45.4,,run
2026-07-29T17:54:48+03:00,1785336888,5974,76,3,32.5,39.8,,run
2026-07-29T17:54:54+03:00,1785336894,5980,76,3,32.5,51.0,,run
2026-07-29T17:54:59+03:00,1785336899,5985,76,3,32.5,44.8,,run
2026-07-29T17:55:05+03:00,1785336905,5991,76,3,32.5,49.4,,run
2026-07-29T17:55:10+03:00,1785336910,5996,76,3,32.5,42.6,,run
2026-07-29T17:55:15+03:00,1785336915,6001,76,3,32.5,39.5,,run
2026-07-29T17:55:21+03:00,1785336921,6007,76,3,32.5,38.6,,run
2026-07-29T17:55:26+03:00,1785336926,6012,76,3,32.5,43.9,,run
2026-07-29T17:55:32+03:00,1785336932,6018,76,3,32.5,46.7,,run
2026-07-29T17:55:37+03:00,1785336937,6023,76,3,32.5,43.2,,run
2026-07-29T17:55:43+03:00,1785336943,6029,76,3,32.5,45.7,,run
2026-07-29T17:55:48+03:00,1785336948,6034,76,3,32.5,44.2,,run
2026-07-29T17:55:53+03:00,1785336953,6039,76,3,32.5,39.5,,run
2026-07-29T17:55:59+03:00,1785336959,6045,76,3,32.5,44.2,,run
2026-07-29T17:56:04+03:00,1785336964,6050,76,3,32.5,46.7,,run
2026-07-29T17:56:09+03:00,1785336969,6055,76,3,32.5,49.4,,run
2026-07-29T17:56:15+03:00,1785336975,6061,76,3,32.5,53.1,,run
2026-07-29T17:56:20+03:00,1785336980,6066,76,3,32.5,47.6,,run
2026-07-29T17:56:25+03:00,1785336985,6071,75,3,32.7,47.9,,run
2026-07-29T17:56:31+03:00,1785336991,6077,75,3,32.7,39.2,,run
2026-07-29T17:56:36+03:00,1785336996,6082,75,3,32.7,38.6,,run
2026-07-29T17:56:42+03:00,1785337002,6088,75,3,32.7,46.3,,run
2026-07-29T17:56:47+03:00,1785337007,6093,75,3,32.7,44.2,,run
2026-07-29T17:56:52+03:00,1785337012,6098,75,3,32.7,44.5,,run
2026-07-29T17:56:58+03:00,1785337018,6104,75,3,32.7,52.8,,run
2026-07-29T17:57:03+03:00,1785337023,6109,75,3,32.7,49.1,,run
2026-07-29T17:57:08+03:00,1785337028,6114,75,3,32.7,48.8,,run
2026-07-29T17:57:14+03:00,1785337034,6120,75,3,32.7,46.0,,run
2026-07-29T17:57:19+03:00,1785337039,6125,75,3,32.7,42.3,,run
2026-07-29T17:57:24+03:00,1785337044,6130,75,3,32.7,42.3,,run
2026-07-29T17:57:30+03:00,1785337050,6136,75,3,32.7,43.6,,run
2026-07-29T17:57:35+03:00,1785337055,6141,75,3,32.7,44.5,,run
2026-07-29T17:57:40+03:00,1785337060,6146,75,3,32.7,44.2,,run
2026-07-29T17:57:46+03:00,1785337066,6152,75,3,32.7,40.5,,run
2026-07-29T17:57:51+03:00,1785337071,6157,75,3,32.7,47.3,,run
2026-07-29T17:57:57+03:00,1785337077,6163,75,3,32.7,50.4,,run
2026-07-29T17:58:02+03:00,1785337082,6168,75,3,32.7,45.4,,run
2026-07-29T17:58:07+03:00,1785337087,6173,75,3,32.7,44.2,,run
2026-07-29T17:58:12+03:00,1785337092,6178,75,3,32.7,52.8,,run
2026-07-29T17:58:18+03:00,1785337098,6184,75,3,32.7,41.7,,run
2026-07-29T17:58:24+03:00,1785337104,6190,75,3,32.7,39.8,,run
2026-07-29T17:58:29+03:00,1785337109,6195,75,3,32.7,38.0,,run
2026-07-29T17:58:35+03:00,1785337115,6201,75,3,32.7,37.7,,run
2026-07-29T17:58:40+03:00,1785337120,6206,75,3,32.7,41.7,,run
2026-07-29T17:58:46+03:00,1785337126,6212,75,3,32.7,40.8,,run
2026-07-29T17:58:51+03:00,1785337131,6217,75,3,32.7,40.5,,run
2026-07-29T17:58:57+03:00,1785337137,6223,75,3,32.7,42.3,,run
2026-07-29T17:59:02+03:00,1785337142,6228,75,3,32.7,50.1,,run
2026-07-29T17:59:07+03:00,1785337147,6233,75,3,32.7,45.1,,run
2026-07-29T17:59:13+03:00,1785337153,6239,75,3,32.7,46.0,,run
2026-07-29T17:59:18+03:00,1785337158,6244,75,3,32.7,49.4,,run
2026-07-29T17:59:23+03:00,1785337163,6249,75,3,32.7,49.7,,run
2026-07-29T17:59:28+03:00,1785337168,6254,75,3,32.7,44.5,,run
2026-07-29T17:59:34+03:00,1785337174,6260,75,3,32.7,43.6,,run
2026-07-29T17:59:39+03:00,1785337179,6265,75,3,32.7,46.3,,run
2026-07-29T17:59:44+03:00,1785337184,6270,75,3,32.7,41.7,,run
2026-07-29T17:59:50+03:00,1785337190,6276,75,3,32.7,40.5,,run
2026-07-29T17:59:55+03:00,1785337195,6281,75,3,32.7,39.8,,run
2026-07-29T18:00:01+03:00,1785337201,6287,75,3,32.7,43.2,,run
2026-07-29T18:00:06+03:00,1785337206,6292,75,3,32.7,45.4,,run
2026-07-29T18:00:12+03:00,1785337212,6298,75,3,32.7,48.5,,run
2026-07-29T18:00:17+03:00,1785337217,6303,75,3,32.7,55.3,,run
2026-07-29T18:00:22+03:00,1785337222,6308,75,3,32.7,43.9,,run
2026-07-29T18:00:28+03:00,1785337228,6314,75,3,32.7,40.8,,run
2026-07-29T18:00:33+03:00,1785337233,6319,75,3,32.7,38.6,,run
2026-07-29T18:00:39+03:00,1785337239,6325,75,3,32.7,38.0,,run
2026-07-29T18:00:45+03:00,1785337245,6331,75,3,32.7,38.6,,run
2026-07-29T18:00:50+03:00,1785337250,6336,75,3,32.7,38.3,,run
2026-07-29T18:00:56+03:00,1785337256,6342,75,3,32.7,37.7,,run
2026-07-29T18:01:01+03:00,1785337261,6347,75,3,32.7,52.5,,run
2026-07-29T18:01:07+03:00,1785337267,6353,75,3,32.7,40.5,,run
2026-07-29T18:01:12+03:00,1785337272,6358,75,3,32.7,47.0,,run
2026-07-29T18:01:17+03:00,1785337277,6363,75,3,32.7,41.4,,run
2026-07-29T18:01:23+03:00,1785337283,6369,75,3,32.7,41.4,,run
2026-07-29T18:01:28+03:00,1785337288,6374,75,3,32.7,47.3,,run
2026-07-29T18:01:33+03:00,1785337293,6379,75,3,32.7,45.1,,run
2026-07-29T18:01:39+03:00,1785337299,6385,75,3,32.7,41.4,,run
2026-07-29T18:01:44+03:00,1785337304,6390,75,3,32.7,41.4,,run
2026-07-29T18:01:50+03:00,1785337310,6396,75,3,32.7,43.6,,run
2026-07-29T18:01:55+03:00,1785337315,6401,75,3,32.7,43.2,,run
2026-07-29T18:02:00+03:00,1785337320,6406,75,3,32.7,48.8,,run
2026-07-29T18:02:06+03:00,1785337326,6412,75,3,32.7,46.3,,run
2026-07-29T18:02:11+03:00,1785337331,6417,75,3,32.7,43.2,,run
2026-07-29T18:02:16+03:00,1785337336,6422,75,3,32.7,50.7,,run
2026-07-29T18:02:22+03:00,1785337342,6428,75,3,32.7,41.4,,run
2026-07-29T18:02:28+03:00,1785337348,6434,75,3,32.7,40.8,,run
2026-07-29T18:02:33+03:00,1785337353,6439,75,3,32.7,42.6,,run
2026-07-29T18:02:39+03:00,1785337359,6445,75,3,32.7,38.9,,run
2026-07-29T18:02:44+03:00,1785337364,6450,75,3,32.7,38.0,,run
2026-07-29T18:02:50+03:00,1785337370,6456,75,3,32.7,40.2,,run
2026-07-29T18:02:55+03:00,1785337375,6461,75,3,32.7,41.4,,run
2026-07-29T18:03:00+03:00,1785337380,6466,75,3,32.7,43.6,,run
2026-07-29T18:03:06+03:00,1785337386,6472,75,3,32.7,51.6,,run
2026-07-29T18:03:11+03:00,1785337391,6477,75,3,32.7,45.4,,run
2026-07-29T18:03:16+03:00,1785337396,6482,75,3,32.7,43.6,,run
2026-07-29T18:03:22+03:00,1785337402,6488,75,3,32.7,48.8,,run
2026-07-29T18:03:27+03:00,1785337407,6493,75,3,32.7,48.5,,run
2026-07-29T18:03:32+03:00,1785337412,6498,75,3,32.7,43.2,,run
2026-07-29T18:03:38+03:00,1785337418,6504,75,3,32.7,45.4,,run
2026-07-29T18:03:43+03:00,1785337423,6509,75,3,32.7,42.9,,run
2026-07-29T18:03:48+03:00,1785337428,6514,75,3,32.7,43.9,,run
2026-07-29T18:03:54+03:00,1785337434,6520,75,3,32.7,43.6,,run
2026-07-29T18:03:59+03:00,1785337439,6525,75,3,32.7,42.3,,run
2026-07-29T18:04:04+03:00,1785337444,6530,75,3,32.7,46.3,,run
2026-07-29T18:04:10+03:00,1785337450,6536,75,3,32.7,47.3,,run
2026-07-29T18:04:15+03:00,1785337455,6541,75,3,32.7,41.4,,run
2026-07-29T18:04:20+03:00,1785337460,6546,75,3,32.7,52.5,,run
2026-07-29T18:04:26+03:00,1785337466,6552,75,3,32.7,42.0,,run
2026-07-29T18:04:32+03:00,1785337472,6558,75,3,32.7,38.6,,run
2026-07-29T18:04:37+03:00,1785337477,6563,75,3,32.7,38.3,,run
2026-07-29T18:04:43+03:00,1785337483,6569,75,3,32.7,37.1,,run
2026-07-29T18:04:48+03:00,1785337488,6574,75,3,32.7,37.1,,run
2026-07-29T18:04:54+03:00,1785337494,6580,75,3,32.7,38.0,,run
2026-07-29T18:04:59+03:00,1785337499,6585,75,3,32.7,38.3,,run
2026-07-29T18:05:05+03:00,1785337505,6591,75,3,32.7,54.1,,run
2026-07-29T18:05:11+03:00,1785337511,6597,75,3,32.7,42.0,,run
2026-07-29T18:05:16+03:00,1785337516,6602,75,3,32.7,41.7,,run
2026-07-29T18:05:21+03:00,1785337521,6607,75,3,32.7,42.6,,run
2026-07-29T18:05:27+03:00,1785337527,6613,75,3,32.7,47.0,,run
2026-07-29T18:05:32+03:00,1785337532,6618,75,3,32.7,43.6,,run
2026-07-29T18:05:37+03:00,1785337537,6623,75,3,32.7,44.8,,run
2026-07-29T18:05:43+03:00,1785337543,6629,75,3,32.7,44.2,,run
2026-07-29T18:05:48+03:00,1785337548,6634,75,3,32.7,42.6,,run
2026-07-29T18:05:53+03:00,1785337553,6639,75,3,32.7,41.1,,run
2026-07-29T18:05:59+03:00,1785337559,6645,75,3,32.7,39.2,,run
2026-07-29T18:06:04+03:00,1785337564,6650,75,3,32.7,47.9,,run
2026-07-29T18:06:10+03:00,1785337570,6656,75,3,32.7,48.8,,run
2026-07-29T18:06:15+03:00,1785337575,6661,75,3,32.7,45.1,,run
2026-07-29T18:06:20+03:00,1785337580,6666,75,3,32.7,47.3,,run
2026-07-29T18:06:25+03:00,1785337585,6671,75,3,32.7,47.6,,run
2026-07-29T18:06:31+03:00,1785337591,6677,75,3,32.7,42.9,,run
2026-07-29T18:06:36+03:00,1785337596,6682,75,3,32.7,38.3,,run
2026-07-29T18:06:42+03:00,1785337602,6688,75,3,32.7,38.0,,run
2026-07-29T18:06:48+03:00,1785337608,6694,75,3,32.7,47.9,,run
2026-07-29T18:06:53+03:00,1785337613,6699,75,3,32.7,40.8,,run
2026-07-29T18:06:59+03:00,1785337619,6705,75,3,32.7,39.5,,run
2026-07-29T18:07:04+03:00,1785337624,6710,74,3,32.8,40.2,,run
2026-07-29T18:07:10+03:00,1785337630,6716,74,3,32.8,41.4,,run
2026-07-29T18:07:15+03:00,1785337635,6721,74,3,32.8,42.0,,run
2026-07-29T18:07:21+03:00,1785337641,6727,74,3,32.8,42.9,,run
2026-07-29T18:07:26+03:00,1785337646,6732,74,3,32.8,44.8,,run
2026-07-29T18:07:31+03:00,1785337651,6737,74,3,32.8,47.6,,run
2026-07-29T18:07:37+03:00,1785337657,6743,74,3,32.8,47.6,,run
2026-07-29T18:07:42+03:00,1785337662,6748,74,3,32.8,43.6,,run
2026-07-29T18:07:47+03:00,1785337667,6753,74,3,32.8,45.4,,run
2026-07-29T18:07:52+03:00,1785337672,6758,74,3,32.8,43.2,,run
2026-07-29T18:07:58+03:00,1785337678,6764,74,3,32.8,43.6,,run
2026-07-29T18:08:03+03:00,1785337683,6769,74,3,32.8,48.8,,run
2026-07-29T18:08:08+03:00,1785337688,6774,74,3,32.8,52.5,,run
2026-07-29T18:08:14+03:00,1785337694,6780,74,3,32.8,42.9,,run
2026-07-29T18:08:19+03:00,1785337699,6785,74,3,32.8,46.7,,run
2026-07-29T18:08:25+03:00,1785337705,6791,74,3,32.8,49.1,,run
2026-07-29T18:08:30+03:00,1785337710,6796,74,3,32.8,40.8,,run
2026-07-29T18:08:36+03:00,1785337716,6802,74,3,32.8,42.9,,run
2026-07-29T18:08:41+03:00,1785337721,6807,74,3,32.8,41.7,,run
2026-07-29T18:08:46+03:00,1785337726,6812,74,3,32.8,39.2,,run
2026-07-29T18:08:52+03:00,1785337732,6818,74,3,32.8,52.8,,run
2026-07-29T18:08:57+03:00,1785337737,6823,74,3,32.8,40.5,,run
2026-07-29T18:09:03+03:00,1785337743,6829,74,3,32.8,39.2,,run
2026-07-29T18:09:08+03:00,1785337748,6834,74,3,32.8,39.5,,run
2026-07-29T18:09:14+03:00,1785337754,6840,74,3,32.8,40.5,,run
2026-07-29T18:09:19+03:00,1785337759,6845,74,3,32.8,38.6,,run
2026-07-29T18:09:25+03:00,1785337765,6851,74,3,32.8,41.1,,run
2026-07-29T18:09:30+03:00,1785337770,6856,74,3,32.8,41.7,,run
2026-07-29T18:09:36+03:00,1785337776,6862,74,3,32.8,44.5,,run
2026-07-29T18:09:41+03:00,1785337781,6867,74,3,32.8,48.8,,run
2026-07-29T18:09:46+03:00,1785337786,6872,74,3,32.8,42.9,,run
2026-07-29T18:09:51+03:00,1785337791,6877,74,3,32.8,42.9,,run
2026-07-29T18:09:57+03:00,1785337797,6883,74,3,32.8,43.2,,run
2026-07-29T18:10:02+03:00,1785337802,6888,74,3,32.8,46.7,,run
2026-07-29T18:10:07+03:00,1785337807,6893,74,3,32.8,51.9,,run
2026-07-29T18:10:13+03:00,1785337813,6899,74,3,32.8,40.5,,run
2026-07-29T18:10:19+03:00,1785337819,6905,74,3,32.8,39.2,,run
2026-07-29T18:10:24+03:00,1785337824,6910,74,3,32.8,47.3,,run
2026-07-29T18:10:29+03:00,1785337829,6915,74,3,32.8,45.1,,run
2026-07-29T18:10:35+03:00,1785337835,6921,74,3,32.8,37.4,,run
2026-07-29T18:10:40+03:00,1785337840,6926,74,3,32.8,39.5,,run
2026-07-29T18:10:46+03:00,1785337846,6932,74,3,32.8,38.3,,run
2026-07-29T18:10:51+03:00,1785337851,6937,74,3,32.8,54.1,,run
2026-07-29T18:10:57+03:00,1785337857,6943,74,3,32.8,48.5,,run
2026-07-29T18:11:02+03:00,1785337862,6948,74,3,32.8,42.3,,run
2026-07-29T18:11:08+03:00,1785337868,6954,74,3,32.8,40.5,,run
2026-07-29T18:11:13+03:00,1785337873,6959,74,3,32.8,39.5,,run
2026-07-29T18:11:19+03:00,1785337879,6965,74,3,32.8,38.6,,run
2026-07-29T18:11:24+03:00,1785337884,6970,74,3,32.8,38.6,,run
2026-07-29T18:11:30+03:00,1785337890,6976,74,3,32.8,38.3,,run
2026-07-29T18:11:35+03:00,1785337895,6981,74,3,32.8,41.4,,run
2026-07-29T18:11:41+03:00,1785337901,6987,74,3,32.8,44.2,,run
2026-07-29T18:11:46+03:00,1785337906,6992,74,3,32.8,46.3,,run
2026-07-29T18:11:51+03:00,1785337911,6997,74,3,32.8,39.5,,run
2026-07-29T18:11:57+03:00,1785337917,7003,74,3,32.8,41.4,,run
2026-07-29T18:12:02+03:00,1785337922,7008,74,3,32.8,42.0,,run
2026-07-29T18:12:07+03:00,1785337927,7013,74,3,32.8,48.5,,run
2026-07-29T18:12:13+03:00,1785337933,7019,74,3,32.8,53.1,,run
2026-07-29T18:12:18+03:00,1785337938,7024,74,3,32.8,49.1,,run
2026-07-29T18:12:24+03:00,1785337944,7030,74,3,32.8,39.2,,run
2026-07-29T18:12:29+03:00,1785337949,7035,74,3,32.8,46.7,,run
2026-07-29T18:12:34+03:00,1785337954,7040,74,3,32.8,42.0,,run
2026-07-29T18:12:40+03:00,1785337960,7046,74,3,32.8,39.8,,run
2026-07-29T18:12:45+03:00,1785337965,7051,74,3,32.8,41.1,,run
2026-07-29T18:12:51+03:00,1785337971,7057,74,3,32.8,42.6,,run
2026-07-29T18:12:56+03:00,1785337976,7062,74,3,32.8,52.8,,run
2026-07-29T18:13:02+03:00,1785337982,7068,74,3,32.8,46.0,,run
2026-07-29T18:13:07+03:00,1785337987,7073,74,3,32.8,41.7,,run
2026-07-29T18:13:12+03:00,1785337992,7078,74,3,32.8,42.9,,run
2026-07-29T18:13:18+03:00,1785337998,7084,74,3,32.8,45.7,,run
2026-07-29T18:13:23+03:00,1785338003,7089,74,3,32.8,43.9,,run
2026-07-29T18:13:28+03:00,1785338008,7094,74,3,32.8,43.9,,run
2026-07-29T18:13:34+03:00,1785338014,7100,74,3,32.8,42.9,,run
2026-07-29T18:13:39+03:00,1785338019,7105,74,3,32.8,41.7,,run
2026-07-29T18:13:44+03:00,1785338024,7110,74,3,32.8,40.8,,run
2026-07-29T18:13:50+03:00,1785338030,7116,74,3,32.8,46.7,,run
2026-07-29T18:13:55+03:00,1785338035,7121,74,3,32.8,47.0,,run
2026-07-29T18:14:00+03:00,1785338040,7126,74,3,32.7,41.7,,run
2026-07-29T18:14:06+03:00,1785338046,7132,74,3,32.7,39.5,,run
2026-07-29T18:14:11+03:00,1785338051,7137,74,3,32.7,52.8,,run
2026-07-29T18:14:17+03:00,1785338057,7143,74,3,32.7,41.1,,run
2026-07-29T18:14:23+03:00,1785338063,7149,74,3,32.7,45.7,,run
2026-07-29T18:14:28+03:00,1785338068,7154,74,3,32.7,47.6,,run
2026-07-29T18:14:33+03:00,1785338073,7159,74,3,32.7,47.3,,run
2026-07-29T18:14:38+03:00,1785338078,7164,74,3,32.7,41.1,,run
2026-07-29T18:14:44+03:00,1785338084,7170,74,3,32.7,43.2,,run
2026-07-29T18:14:49+03:00,1785338089,7175,74,3,32.7,41.1,,run
2026-07-29T18:14:55+03:00,1785338095,7181,74,3,32.7,52.5,,run
2026-07-29T18:15:00+03:00,1785338100,7186,74,3,32.7,45.7,,run
2026-07-29T18:15:06+03:00,1785338106,7192,74,3,32.7,43.2,,run
2026-07-29T18:15:11+03:00,1785338111,7197,74,3,32.7,40.2,,run
2026-07-29T18:15:16+03:00,1785338116,7202,74,3,32.7,46.3,,run
2026-07-29T18:15:22+03:00,1785338122,7208,74,3,32.7,41.7,,run
2026-07-29T18:15:27+03:00,1785338127,7213,74,3,32.7,40.2,,run
2026-07-29T18:15:33+03:00,1785338133,7219,74,3,32.7,39.5,,run
2026-07-29T18:15:38+03:00,1785338138,7224,74,3,32.7,44.8,,run
2026-07-29T18:15:43+03:00,1785338143,7229,74,3,32.7,46.3,,run
2026-07-29T18:15:49+03:00,1785338149,7235,74,3,32.8,43.6,,run
2026-07-29T18:15:54+03:00,1785338154,7240,74,3,32.8,39.8,,run
2026-07-29T18:16:00+03:00,1785338160,7246,74,3,32.8,39.5,,run
2026-07-29T18:16:05+03:00,1785338165,7251,74,3,32.8,39.5,,run
2026-07-29T18:16:11+03:00,1785338171,7257,74,3,32.8,49.1,,run
2026-07-29T18:16:17+03:00,1785338177,7263,74,3,32.8,41.4,,run
2026-07-29T18:16:22+03:00,1785338182,7268,74,3,32.8,39.8,,run
2026-07-29T18:16:28+03:00,1785338188,7274,74,3,32.8,43.9,,run
2026-07-29T18:16:33+03:00,1785338193,7279,74,3,32.8,45.1,,run
2026-07-29T18:16:38+03:00,1785338198,7284,74,3,32.8,43.9,,run
2026-07-29T18:16:44+03:00,1785338204,7290,74,3,32.8,40.2,,run
2026-07-29T18:16:49+03:00,1785338209,7295,74,3,32.8,38.6,,run
2026-07-29T18:16:55+03:00,1785338215,7301,74,3,32.8,52.2,,run
2026-07-29T18:17:00+03:00,1785338220,7306,74,3,32.8,44.2,,run
2026-07-29T18:17:06+03:00,1785338226,7312,74,3,32.8,42.6,,run
2026-07-29T18:17:11+03:00,1785338231,7317,74,3,32.8,42.6,,run
2026-07-29T18:17:17+03:00,1785338237,7323,74,3,32.8,44.5,,run
2026-07-29T18:17:22+03:00,1785338242,7328,74,3,32.8,43.6,,run
2026-07-29T18:17:27+03:00,1785338247,7333,74,3,32.8,42.9,,run
2026-07-29T18:17:33+03:00,1785338253,7339,74,3,32.8,41.4,,run
2026-07-29T18:17:38+03:00,1785338258,7344,74,3,32.8,46.7,,run
2026-07-29T18:17:43+03:00,1785338263,7349,74,3,32.8,44.5,,run
2026-07-29T18:17:49+03:00,1785338269,7355,73,3,32.9,47.9,,run
2026-07-29T18:17:54+03:00,1785338274,7360,73,3,32.9,50.1,,run
2026-07-29T18:17:59+03:00,1785338279,7365,73,3,32.9,44.5,,run
2026-07-29T18:18:05+03:00,1785338285,7371,73,3,32.9,44.2,,run
2026-07-29T18:18:10+03:00,1785338290,7376,73,3,32.9,43.6,,run
2026-07-29T18:18:15+03:00,1785338295,7381,73,3,32.9,53.8,,run
2026-07-29T18:18:21+03:00,1785338301,7387,73,3,32.9,43.2,,run
2026-07-29T18:18:26+03:00,1785338306,7392,73,3,32.9,38.9,,run
2026-07-29T18:18:32+03:00,1785338312,7398,73,3,32.9,38.3,,run
2026-07-29T18:18:37+03:00,1785338317,7403,73,3,32.9,43.9,,run
2026-07-29T18:18:43+03:00,1785338323,7409,73,3,32.9,45.1,,run
2026-07-29T18:18:48+03:00,1785338328,7414,73,3,32.9,48.5,,run
2026-07-29T18:18:53+03:00,1785338333,7419,73,3,32.9,40.5,,run
2026-07-29T18:18:59+03:00,1785338339,7425,73,3,32.9,52.5,,run
2026-07-29T18:19:04+03:00,1785338344,7430,73,3,32.9,40.8,,run
2026-07-29T18:19:10+03:00,1785338350,7436,73,3,32.9,40.5,,run
2026-07-29T18:19:15+03:00,1785338355,7441,73,3,32.9,47.3,,run
2026-07-29T18:19:20+03:00,1785338360,7446,73,3,32.9,40.8,,run
2026-07-29T18:19:26+03:00,1785338366,7452,73,3,32.9,39.8,,run
2026-07-29T18:19:31+03:00,1785338371,7457,73,3,32.9,42.0,,run
2026-07-29T18:19:37+03:00,1785338377,7463,73,3,32.9,42.3,,run
2026-07-29T18:19:42+03:00,1785338382,7468,73,3,32.9,42.9,,run
2026-07-29T18:19:48+03:00,1785338388,7474,73,3,32.9,43.2,,run
2026-07-29T18:19:53+03:00,1785338393,7479,73,3,32.9,42.9,,run
2026-07-29T18:19:58+03:00,1785338398,7484,73,3,32.9,48.5,,run
2026-07-29T18:20:03+03:00,1785338403,7489,73,3,32.9,47.9,,run
2026-07-29T18:20:09+03:00,1785338409,7495,73,3,32.9,46.7,,run
2026-07-29T18:20:14+03:00,1785338414,7500,73,3,32.9,54.7,,run
2026-07-29T18:20:20+03:00,1785338420,7506,73,3,32.9,43.6,,run
2026-07-29T18:20:25+03:00,1785338425,7511,73,3,32.9,41.1,,run
2026-07-29T18:20:31+03:00,1785338431,7517,73,3,32.9,39.2,,run
2026-07-29T18:20:36+03:00,1785338436,7522,73,3,32.9,39.5,,run
2026-07-29T18:20:42+03:00,1785338442,7528,73,3,32.9,52.2,,run
2026-07-29T18:20:47+03:00,1785338447,7533,73,3,32.9,43.6,,run
2026-07-29T18:20:53+03:00,1785338453,7539,73,3,32.9,42.0,,run
2026-07-29T18:20:58+03:00,1785338458,7544,73,3,32.9,49.1,,run
2026-07-29T18:21:03+03:00,1785338463,7549,73,3,32.9,50.1,,run
2026-07-29T18:21:08+03:00,1785338468,7554,73,3,32.9,48.8,,run
2026-07-29T18:21:14+03:00,1785338474,7560,73,3,32.9,43.6,,run
2026-07-29T18:21:19+03:00,1785338479,7565,73,3,32.9,41.7,,run
2026-07-29T18:21:24+03:00,1785338484,7570,73,3,32.9,43.2,,run
2026-07-29T18:21:30+03:00,1785338490,7576,73,3,32.9,43.6,,run
2026-07-29T18:21:35+03:00,1785338495,7581,73,3,32.9,49.1,,run
2026-07-29T18:21:40+03:00,1785338500,7586,73,3,32.9,44.2,,run
2026-07-29T18:21:46+03:00,1785338506,7592,73,3,32.9,41.4,,run
2026-07-29T18:21:51+03:00,1785338511,7597,73,3,32.9,39.2,,run
2026-07-29T18:21:57+03:00,1785338517,7603,73,3,32.9,40.5,,run
2026-07-29T18:22:02+03:00,1785338522,7608,73,3,32.9,43.2,,run
2026-07-29T18:22:08+03:00,1785338528,7614,73,3,32.9,40.2,,run
2026-07-29T18:22:13+03:00,1785338533,7619,73,3,32.9,37.7,,run
2026-07-29T18:22:19+03:00,1785338539,7625,73,3,32.9,44.5,,run
2026-07-29T18:22:24+03:00,1785338544,7630,73,3,32.9,47.0,,run
2026-07-29T18:22:29+03:00,1785338549,7635,73,3,32.9,41.4,,run
2026-07-29T18:22:35+03:00,1785338555,7641,73,3,32.9,39.2,,run
2026-07-29T18:22:40+03:00,1785338560,7646,73,3,32.9,40.2,,run
2026-07-29T18:22:46+03:00,1785338566,7652,73,3,32.9,53.5,,run
2026-07-29T18:22:51+03:00,1785338571,7657,73,3,32.9,39.5,,run
2026-07-29T18:22:57+03:00,1785338577,7663,73,3,32.9,38.9,,run
2026-07-29T18:23:02+03:00,1785338582,7668,73,3,32.9,42.9,,run
2026-07-29T18:23:08+03:00,1785338588,7674,73,3,32.9,44.5,,run
2026-07-29T18:23:13+03:00,1785338593,7679,73,3,32.9,48.2,,run
2026-07-29T18:23:18+03:00,1785338598,7684,73,3,32.9,41.4,,run
2026-07-29T18:23:24+03:00,1785338604,7690,73,3,32.9,41.4,,run
2026-07-29T18:23:29+03:00,1785338609,7695,73,3,32.9,42.9,,run
2026-07-29T18:23:35+03:00,1785338615,7701,73,3,32.9,46.7,,run
2026-07-29T18:23:40+03:00,1785338620,7706,73,3,32.9,42.9,,run
2026-07-29T18:23:45+03:00,1785338625,7711,73,3,32.9,42.6,,run
2026-07-29T18:23:51+03:00,1785338631,7717,73,3,32.9,43.9,,run
2026-07-29T18:23:56+03:00,1785338636,7722,73,3,32.9,42.3,,run
2026-07-29T18:24:01+03:00,1785338641,7727,73,3,32.9,52.5,,run
2026-07-29T18:24:07+03:00,1785338647,7733,73,3,32.9,42.3,,run
2026-07-29T18:24:12+03:00,1785338652,7738,73,3,32.9,39.5,,run
2026-07-29T18:24:18+03:00,1785338658,7744,73,3,32.9,41.7,,run
2026-07-29T18:24:23+03:00,1785338663,7749,73,3,32.9,40.5,,run
2026-07-29T18:24:29+03:00,1785338669,7755,73,3,32.9,44.5,,run
2026-07-29T18:24:34+03:00,1785338674,7760,73,3,32.9,46.3,,run
2026-07-29T18:24:39+03:00,1785338679,7765,73,3,32.9,39.5,,run
2026-07-29T18:24:45+03:00,1785338685,7771,73,3,32.9,54.7,,run
2026-07-29T18:24:51+03:00,1785338691,7777,73,3,32.9,43.6,,run
2026-07-29T18:24:56+03:00,1785338696,7782,73,3,32.9,42.9,,run
2026-07-29T18:25:01+03:00,1785338701,7787,73,3,32.9,43.2,,run
2026-07-29T18:25:07+03:00,1785338707,7793,73,3,32.9,42.9,,run
2026-07-29T18:25:12+03:00,1785338712,7798,73,3,32.9,39.5,,run
2026-07-29T18:25:17+03:00,1785338717,7803,73,3,32.9,47.6,,run
2026-07-29T18:25:23+03:00,1785338723,7809,73,3,32.9,48.5,,run
2026-07-29T18:25:28+03:00,1785338728,7814,73,3,32.9,50.4,,run
2026-07-29T18:25:33+03:00,1785338733,7819,73,3,32.9,42.9,,run
2026-07-29T18:25:38+03:00,1785338738,7824,73,3,32.9,43.2,,run
2026-07-29T18:25:44+03:00,1785338744,7830,73,3,32.9,43.6,,run
2026-07-29T18:25:49+03:00,1785338749,7835,73,3,32.8,44.8,,run
2026-07-29T18:25:54+03:00,1785338754,7840,73,3,32.8,47.3,,run
2026-07-29T18:26:00+03:00,1785338760,7846,73,3,32.8,42.6,,run
2026-07-29T18:26:05+03:00,1785338765,7851,73,3,32.8,43.6,,run
2026-07-29T18:26:11+03:00,1785338771,7857,73,3,32.8,46.7,,run
2026-07-29T18:26:16+03:00,1785338776,7862,73,3,32.8,38.9,,run
2026-07-29T18:26:22+03:00,1785338782,7868,73,3,32.8,42.6,,run
2026-07-29T18:26:27+03:00,1785338787,7873,73,3,32.8,40.5,,run
2026-07-29T18:26:32+03:00,1785338792,7878,73,3,32.8,39.8,,run
2026-07-29T18:26:38+03:00,1785338798,7884,73,3,32.8,46.0,,run
2026-07-29T18:26:43+03:00,1785338803,7889,73,3,32.8,48.8,,run
2026-07-29T18:26:49+03:00,1785338809,7895,73,3,32.8,51.6,,run
2026-07-29T18:26:54+03:00,1785338814,7900,73,3,32.8,45.4,,run
2026-07-29T18:26:59+03:00,1785338819,7905,73,3,32.8,44.2,,run
2026-07-29T18:27:05+03:00,1785338825,7911,73,3,32.8,40.5,,run
2026-07-29T18:27:10+03:00,1785338830,7916,73,3,32.8,39.5,,run
2026-07-29T18:27:16+03:00,1785338836,7922,73,3,32.8,39.8,,run
2026-07-29T18:27:21+03:00,1785338841,7927,73,3,32.8,39.8,,run
2026-07-29T18:27:27+03:00,1785338847,7933,73,3,32.8,42.9,,run
2026-07-29T18:27:32+03:00,1785338852,7938,73,3,32.8,45.4,,run
2026-07-29T18:27:37+03:00,1785338857,7943,73,3,32.8,45.7,,run
2026-07-29T18:27:43+03:00,1785338863,7949,73,3,32.8,43.2,,run
2026-07-29T18:27:48+03:00,1785338868,7954,73,3,32.8,40.8,,run
2026-07-29T18:27:54+03:00,1785338874,7960,73,3,32.8,46.0,,run
2026-07-29T18:27:59+03:00,1785338879,7965,73,3,32.8,39.8,,run
2026-07-29T18:28:05+03:00,1785338885,7971,73,3,32.8,52.5,,run
2026-07-29T18:28:10+03:00,1785338890,7976,73,3,32.8,43.6,,run
2026-07-29T18:28:15+03:00,1785338895,7981,73,3,32.8,39.2,,run
2026-07-29T18:28:21+03:00,1785338901,7987,73,3,32.8,39.5,,run
2026-07-29T18:28:27+03:00,1785338907,7993,73,3,32.8,39.2,,run
2026-07-29T18:28:32+03:00,1785338912,7998,73,3,32.8,47.6,,run
2026-07-29T18:28:38+03:00,1785338918,8004,73,3,32.8,47.3,,run
2026-07-29T18:28:43+03:00,1785338923,8009,73,3,32.8,42.0,,run
2026-07-29T18:28:48+03:00,1785338928,8014,73,3,32.8,48.8,,run
2026-07-29T18:28:53+03:00,1785338933,8019,73,3,32.8,47.9,,run
2026-07-29T18:28:59+03:00,1785338939,8025,73,3,32.8,42.0,,run
2026-07-29T18:29:04+03:00,1785338944,8030,73,3,32.8,41.4,,run
2026-07-29T18:29:10+03:00,1785338950,8036,73,3,32.8,43.2,,run
2026-07-29T18:29:15+03:00,1785338955,8041,73,3,32.8,42.9,,run
2026-07-29T18:29:20+03:00,1785338960,8046,73,3,32.8,43.2,,run
2026-07-29T18:29:26+03:00,1785338966,8052,73,3,32.8,40.2,,run
2026-07-29T18:29:31+03:00,1785338971,8057,73,3,32.8,38.6,,run
2026-07-29T18:29:37+03:00,1785338977,8063,72,3,32.6,42.6,,run
2026-07-29T18:29:42+03:00,1785338982,8068,72,3,32.6,46.7,,run
2026-07-29T18:29:47+03:00,1785338987,8073,72,3,32.6,54.7,,run
2026-07-29T18:29:53+03:00,1785338993,8079,72,3,32.6,46.3,,run
2026-07-29T18:29:58+03:00,1785338998,8084,72,3,32.6,46.0,,run
2026-07-29T18:30:04+03:00,1785339004,8090,72,3,32.6,41.1,,run
2026-07-29T18:30:09+03:00,1785339009,8095,72,3,32.6,38.6,,run
2026-07-29T18:30:15+03:00,1785339015,8101,72,3,32.6,38.9,,run
2026-07-29T18:30:20+03:00,1785339020,8106,72,3,32.6,39.2,,run
2026-07-29T18:30:26+03:00,1785339026,8112,72,3,32.6,38.6,,run
2026-07-29T18:30:31+03:00,1785339031,8117,72,3,32.6,53.8,,run
2026-07-29T18:30:37+03:00,1785339037,8123,72,3,32.6,41.1,,run
2026-07-29T18:30:42+03:00,1785339042,8128,72,3,32.6,46.0,,run
2026-07-29T18:30:48+03:00,1785339048,8134,72,3,32.6,40.2,,run
2026-07-29T18:30:53+03:00,1785339053,8139,72,3,32.6,38.6,,run
2026-07-29T18:30:59+03:00,1785339059,8145,72,3,32.6,38.6,,run
2026-07-29T18:31:04+03:00,1785339064,8150,72,3,32.6,39.8,,run
2026-07-29T18:31:10+03:00,1785339070,8156,72,3,32.6,41.7,,run
2026-07-29T18:31:15+03:00,1785339075,8161,72,3,32.6,41.7,,run
2026-07-29T18:31:21+03:00,1785339081,8167,72,3,32.6,42.3,,run
2026-07-29T18:31:26+03:00,1785339086,8172,72,3,32.6,42.3,,run
2026-07-29T18:31:31+03:00,1785339091,8177,72,3,32.6,41.1,,run
2026-07-29T18:31:36+03:00,1785339096,8182,72,3,32.6,39.8,,run
2026-07-29T18:31:42+03:00,1785339102,8188,72,3,32.6,42.0,,run
2026-07-29T18:31:47+03:00,1785339107,8193,72,3,32.6,51.3,,run
2026-07-29T18:31:53+03:00,1785339113,8199,72,3,32.6,40.5,,run
2026-07-29T18:31:59+03:00,1785339119,8205,72,3,32.6,39.2,,run
2026-07-29T18:32:04+03:00,1785339124,8210,72,3,32.6,37.4,,run
2026-07-29T18:32:10+03:00,1785339130,8216,72,3,32.6,37.4,,run
2026-07-29T18:32:15+03:00,1785339135,8221,72,3,32.6,37.1,,run
2026-07-29T18:32:21+03:00,1785339141,8227,72,3,32.6,42.3,,run
2026-07-29T18:32:26+03:00,1785339146,8232,72,3,32.6,42.9,,run
2026-07-29T18:32:31+03:00,1785339151,8237,72,3,32.6,52.2,,run
2026-07-29T18:32:37+03:00,1785339157,8243,72,3,32.6,43.9,,run
2026-07-29T18:32:43+03:00,1785339163,8249,72,3,32.6,42.3,,run
2026-07-29T18:32:48+03:00,1785339168,8254,72,3,32.6,42.3,,run
2026-07-29T18:32:53+03:00,1785339173,8259,72,3,32.6,42.9,,run
2026-07-29T18:32:59+03:00,1785339179,8265,72,3,32.6,42.6,,run
2026-07-29T18:33:04+03:00,1785339184,8270,72,3,32.6,41.4,,run
2026-07-29T18:33:09+03:00,1785339189,8275,72,3,32.6,38.6,,run
2026-07-29T18:33:15+03:00,1785339195,8281,72,3,32.6,39.2,,run
2026-07-29T18:33:20+03:00,1785339200,8286,72,3,32.6,38.0,,run
2026-07-29T18:33:26+03:00,1785339206,8292,72,3,32.6,37.7,,run
2026-07-29T18:33:31+03:00,1785339211,8297,72,3,32.6,38.0,,run
2026-07-29T18:33:37+03:00,1785339217,8303,72,3,32.6,39.8,,run
2026-07-29T18:33:42+03:00,1785339222,8308,72,3,32.6,40.8,,run
2026-07-29T18:33:48+03:00,1785339228,8314,72,3,32.6,44.8,,run
2026-07-29T18:33:53+03:00,1785339233,8319,72,3,32.6,49.1,,run
2026-07-29T18:33:59+03:00,1785339239,8325,72,3,32.6,51.0,,run
2026-07-29T18:34:04+03:00,1785339244,8330,72,3,32.6,41.1,,run
2026-07-29T18:34:10+03:00,1785339250,8336,72,3,32.6,40.8,,run
2026-07-29T18:34:15+03:00,1785339255,8341,72,3,32.6,38.0,,run
2026-07-29T18:34:21+03:00,1785339261,8347,72,3,32.6,37.7,,run
2026-07-29T18:34:26+03:00,1785339266,8352,72,3,32.6,44.2,,run
2026-07-29T18:34:31+03:00,1785339271,8357,72,3,32.6,49.4,,run
2026-07-29T18:34:37+03:00,1785339277,8363,72,3,32.6,55.0,,run
2026-07-29T18:34:42+03:00,1785339282,8368,72,3,32.6,40.8,,run
2026-07-29T18:34:48+03:00,1785339288,8374,72,3,32.6,38.9,,run
2026-07-29T18:34:53+03:00,1785339293,8379,72,3,32.6,38.3,,run
2026-07-29T18:34:59+03:00,1785339299,8385,72,3,32.6,40.2,,run
2026-07-29T18:35:04+03:00,1785339304,8390,72,3,32.6,40.8,,run
2026-07-29T18:35:10+03:00,1785339310,8396,72,3,32.6,41.7,,run
2026-07-29T18:35:15+03:00,1785339315,8401,72,3,32.6,42.3,,run
2026-07-29T18:35:20+03:00,1785339320,8406,72,3,32.6,42.0,,run
2026-07-29T18:35:26+03:00,1785339326,8412,72,3,32.6,39.8,,run
2026-07-29T18:35:31+03:00,1785339331,8417,72,3,32.6,38.3,,run
2026-07-29T18:35:37+03:00,1785339337,8423,72,3,32.6,40.8,,run
2026-07-29T18:35:42+03:00,1785339342,8428,72,3,32.6,42.9,,run
2026-07-29T18:35:47+03:00,1785339347,8433,72,3,32.3,44.5,,run
2026-07-29T18:35:53+03:00,1785339353,8439,72,3,32.3,54.7,,run
2026-07-29T18:35:58+03:00,1785339358,8444,72,3,32.3,46.3,,run
2026-07-29T18:36:04+03:00,1785339364,8450,72,3,32.3,42.6,,run
2026-07-29T18:36:09+03:00,1785339369,8455,72,3,32.3,38.6,,run
2026-07-29T18:36:15+03:00,1785339375,8461,72,3,32.3,43.6,,run
2026-07-29T18:36:20+03:00,1785339380,8466,72,3,32.3,46.0,,run
2026-07-29T18:36:25+03:00,1785339385,8471,72,3,32.3,45.7,,run
2026-07-29T18:36:31+03:00,1785339391,8477,72,3,32.3,39.5,,run
2026-07-29T18:36:36+03:00,1785339396,8482,72,3,32.3,53.8,,run
2026-07-29T18:36:42+03:00,1785339402,8488,72,3,32.3,45.7,,run
2026-07-29T18:36:47+03:00,1785339407,8493,72,3,32.3,44.2,,run
2026-07-29T18:36:52+03:00,1785339412,8498,72,3,32.3,46.7,,run
2026-07-29T18:36:58+03:00,1785339417,8503,72,3,32.3,41.4,,run
2026-07-29T18:37:03+03:00,1785339423,8509,72,3,32.3,40.2,,run
2026-07-29T18:37:09+03:00,1785339429,8515,72,3,32.3,40.2,,run
2026-07-29T18:37:14+03:00,1785339434,8520,72,3,32.3,38.3,,run
2026-07-29T18:37:20+03:00,1785339440,8526,72,3,32.3,41.1,,run
2026-07-29T18:37:25+03:00,1785339445,8531,72,3,32.3,42.6,,run
2026-07-29T18:37:30+03:00,1785339450,8536,72,3,32.3,45.7,,run
2026-07-29T18:37:36+03:00,1785339456,8542,72,3,32.3,48.2,,run
2026-07-29T18:37:41+03:00,1785339461,8547,72,3,32.3,43.6,,run
2026-07-29T18:37:46+03:00,1785339466,8552,72,3,32.3,47.0,,run
2026-07-29T18:37:51+03:00,1785339471,8557,72,3,32.3,47.3,,run
2026-07-29T18:37:57+03:00,1785339477,8563,72,3,32.3,41.7,,run
2026-07-29T18:38:02+03:00,1785339482,8568,72,3,32.3,41.4,,run
2026-07-29T18:38:08+03:00,1785339488,8574,72,3,32.3,38.6,,run
2026-07-29T18:38:14+03:00,1785339494,8580,72,3,32.3,37.1,,run
2026-07-29T18:38:19+03:00,1785339499,8585,72,3,32.3,45.1,,run
2026-07-29T18:38:24+03:00,1785339504,8590,72,3,32.3,46.7,,run
2026-07-29T18:38:30+03:00,1785339510,8596,72,3,32.3,44.2,,run
2026-07-29T18:38:35+03:00,1785339515,8601,72,3,32.3,45.7,,run
2026-07-29T18:38:40+03:00,1785339520,8606,72,3,32.3,55.6,,run
2026-07-29T18:38:46+03:00,1785339526,8612,72,3,32.3,41.7,,run
2026-07-29T18:38:51+03:00,1785339531,8617,72,3,32.3,39.8,,run
2026-07-29T18:38:57+03:00,1785339537,8623,72,3,32.3,39.2,,run
2026-07-29T18:39:02+03:00,1785339542,8628,72,3,32.3,38.3,,run
2026-07-29T18:39:08+03:00,1785339548,8634,72,3,32.3,39.8,,run
2026-07-29T18:39:13+03:00,1785339553,8639,72,3,32.3,41.4,,run
2026-07-29T18:39:19+03:00,1785339559,8645,72,3,32.3,43.9,,run
2026-07-29T18:39:24+03:00,1785339564,8650,72,3,32.3,40.2,,run
2026-07-29T18:39:30+03:00,1785339570,8656,72,3,32.3,40.8,,run
2026-07-29T18:39:35+03:00,1785339575,8661,72,3,32.3,43.9,,run
2026-07-29T18:39:40+03:00,1785339580,8666,72,3,32.3,46.3,,run
2026-07-29T18:39:46+03:00,1785339586,8672,72,3,32.3,45.4,,run
2026-07-29T18:39:51+03:00,1785339591,8677,72,3,32.3,41.7,,run
2026-07-29T18:39:56+03:00,1785339596,8682,72,3,32.3,52.8,,run
2026-07-29T18:40:02+03:00,1785339602,8688,72,3,32.3,40.2,,run
2026-07-29T18:40:07+03:00,1785339607,8693,72,3,32.3,39.8,,run
2026-07-29T18:40:13+03:00,1785339613,8699,72,3,32.3,38.0,,run
2026-07-29T18:40:19+03:00,1785339619,8705,72,3,32.3,37.1,,run
2026-07-29T18:40:24+03:00,1785339624,8710,72,3,32.3,37.4,,run
2026-07-29T18:40:30+03:00,1785339630,8716,72,3,32.3,45.4,,run
2026-07-29T18:40:35+03:00,1785339635,8721,72,3,32.3,46.0,,run
2026-07-29T18:40:40+03:00,1785339640,8726,72,3,32.3,54.7,,run
2026-07-29T18:40:46+03:00,1785339646,8732,72,3,32.3,42.0,,run
2026-07-29T18:40:52+03:00,1785339652,8738,72,3,32.3,39.5,,run
2026-07-29T18:40:57+03:00,1785339657,8743,72,3,32.3,49.1,,run
2026-07-29T18:41:02+03:00,1785339662,8748,72,3,32.3,40.2,,run
2026-07-29T18:41:08+03:00,1785339668,8754,72,3,32.3,40.5,,run
2026-07-29T18:41:13+03:00,1785339673,8759,72,3,32.3,42.0,,run
2026-07-29T18:41:19+03:00,1785339679,8765,71,3,32.5,41.4,,run
2026-07-29T18:41:24+03:00,1785339684,8770,71,3,32.5,42.6,,run
2026-07-29T18:41:30+03:00,1785339690,8776,71,3,32.5,42.6,,run
2026-07-29T18:41:35+03:00,1785339695,8781,71,3,32.5,42.3,,run
2026-07-29T18:41:40+03:00,1785339700,8786,71,3,32.5,45.4,,run
2026-07-29T18:41:46+03:00,1785339706,8792,71,3,32.5,44.8,,run
2026-07-29T18:41:51+03:00,1785339711,8797,71,3,32.5,45.4,,run
2026-07-29T18:41:56+03:00,1785339716,8802,71,3,32.5,47.6,,run
2026-07-29T18:42:02+03:00,1785339721,8807,71,3,32.5,43.6,,run
2026-07-29T18:42:07+03:00,1785339727,8813,71,3,32.5,40.5,,run
2026-07-29T18:42:13+03:00,1785339733,8819,71,3,32.5,38.3,,run
2026-07-29T18:42:18+03:00,1785339738,8824,71,3,32.5,38.0,,run
2026-07-29T18:42:24+03:00,1785339744,8830,71,3,32.5,37.1,,run
2026-07-29T18:42:29+03:00,1785339749,8835,71,3,32.5,37.1,,run
2026-07-29T18:42:35+03:00,1785339755,8841,71,3,32.5,38.0,,run
2026-07-29T18:42:40+03:00,1785339760,8846,71,3,32.5,51.0,,run
2026-07-29T18:42:46+03:00,1785339766,8852,71,3,32.5,54.4,,run
2026-07-29T18:42:51+03:00,1785339771,8857,71,3,32.5,42.0,,run
2026-07-29T18:42:57+03:00,1785339777,8863,71,3,32.5,41.7,,run
2026-07-29T18:43:02+03:00,1785339782,8868,71,3,32.5,39.5,,run
2026-07-29T18:43:08+03:00,1785339788,8874,71,3,32.5,39.8,,run
2026-07-29T18:43:13+03:00,1785339793,8879,71,3,32.5,43.9,,run
2026-07-29T18:43:19+03:00,1785339799,8885,71,3,32.5,40.5,,run
2026-07-29T18:43:24+03:00,1785339804,8890,71,3,32.5,40.2,,run
2026-07-29T18:43:30+03:00,1785339810,8896,71,3,32.5,41.7,,run
2026-07-29T18:43:35+03:00,1785339815,8901,71,3,32.5,41.1,,run
2026-07-29T18:43:40+03:00,1785339820,8906,71,3,32.5,44.2,,run
2026-07-29T18:43:46+03:00,1785339826,8912,71,3,32.5,45.4,,run
2026-07-29T18:43:51+03:00,1785339831,8917,71,3,32.5,44.2,,run
2026-07-29T18:43:56+03:00,1785339836,8922,71,3,32.5,47.3,,run
2026-07-29T18:44:02+03:00,1785339842,8928,71,3,32.5,55.6,,run
2026-07-29T18:44:07+03:00,1785339847,8933,71,3,32.5,51.3,,run
2026-07-29T18:44:12+03:00,1785339852,8938,71,3,32.5,41.1,,run
2026-07-29T18:44:18+03:00,1785339858,8944,71,3,32.5,39.8,,run
2026-07-29T18:44:23+03:00,1785339863,8949,71,3,32.5,39.8,,run
2026-07-29T18:44:29+03:00,1785339869,8955,71,3,32.5,49.1,,run
2026-07-29T18:44:34+03:00,1785339874,8960,71,3,32.5,43.6,,run
2026-07-29T18:44:40+03:00,1785339880,8966,71,3,32.5,43.2,,run
2026-07-29T18:44:45+03:00,1785339885,8971,71,3,32.5,42.3,,run
2026-07-29T18:44:50+03:00,1785339890,8976,71,3,32.5,42.6,,run
2026-07-29T18:44:56+03:00,1785339896,8982,71,3,32.5,45.1,,run
2026-07-29T18:45:01+03:00,1785339901,8987,71,3,32.5,42.6,,run
2026-07-29T18:45:07+03:00,1785339907,8993,71,3,32.5,39.2,,run
2026-07-29T18:45:12+03:00,1785339912,8998,71,3,32.5,39.2,,run
2026-07-29T18:45:18+03:00,1785339918,9004,71,3,32.5,48.2,,run
2026-07-29T18:45:23+03:00,1785339923,9009,71,3,32.5,40.5,,run
2026-07-29T18:45:28+03:00,1785339928,9014,71,3,32.5,38.6,,run
2026-07-29T18:45:34+03:00,1785339934,9020,71,3,32.5,38.6,,run
2026-07-29T18:45:39+03:00,1785339939,9025,71,3,32.5,43.2,,run
2026-07-29T18:45:45+03:00,1785339945,9031,71,3,32.5,50.4,,run
2026-07-29T18:45:50+03:00,1785339950,9036,71,3,32.5,41.4,,run
2026-07-29T18:45:56+03:00,1785339956,9042,71,3,32.5,45.1,,run
2026-07-29T18:46:01+03:00,1785339961,9047,71,3,32.5,39.2,,run
2026-07-29T18:46:07+03:00,1785339967,9053,71,3,32.5,41.4,,run
2026-07-29T18:46:12+03:00,1785339972,9058,71,3,32.5,46.3,,run
2026-07-29T18:46:17+03:00,1785339977,9063,71,3,32.5,41.7,,run
2026-07-29T18:46:23+03:00,1785339983,9069,71,3,32.5,38.0,,run
2026-07-29T18:46:28+03:00,1785339988,9074,71,3,32.5,52.5,,run
2026-07-29T18:46:34+03:00,1785339994,9080,71,3,32.5,41.4,,run
2026-07-29T18:46:39+03:00,1785339999,9085,71,3,32.5,39.5,,run
2026-07-29T18:46:45+03:00,1785340005,9091,71,3,32.5,38.0,,run
2026-07-29T18:46:50+03:00,1785340010,9096,71,3,32.5,38.6,,run
2026-07-29T18:46:56+03:00,1785340016,9102,71,3,32.5,46.7,,run
2026-07-29T18:47:01+03:00,1785340021,9107,71,3,32.5,46.7,,run
2026-07-29T18:47:06+03:00,1785340026,9112,71,3,32.5,49.1,,run
2026-07-29T18:47:12+03:00,1785340032,9118,71,3,32.5,39.8,,run
2026-07-29T18:47:17+03:00,1785340037,9123,71,3,32.5,41.7,,run
2026-07-29T18:47:23+03:00,1785340043,9129,71,3,32.5,41.7,,run
2026-07-29T18:47:28+03:00,1785340048,9134,71,3,32.5,46.3,,run
2026-07-29T18:47:33+03:00,1785340053,9139,71,3,32.5,41.7,,run
2026-07-29T18:47:39+03:00,1785340059,9145,71,3,32.5,41.4,,run
2026-07-29T18:47:44+03:00,1785340064,9150,71,3,32.5,50.1,,run
2026-07-29T18:47:50+03:00,1785340070,9156,71,3,32.5,40.2,,run
2026-07-29T18:47:55+03:00,1785340075,9161,71,3,32.5,39.2,,run
2026-07-29T18:48:01+03:00,1785340081,9167,71,3,32.5,38.6,,run
2026-07-29T18:48:06+03:00,1785340086,9172,71,3,32.5,41.4,,run
2026-07-29T18:48:12+03:00,1785340092,9178,71,3,32.5,38.6,,run
2026-07-29T18:48:17+03:00,1785340097,9183,71,3,32.5,47.6,,run
2026-07-29T18:48:23+03:00,1785340103,9189,71,3,32.5,47.0,,run
2026-07-29T18:48:28+03:00,1785340108,9194,71,3,32.5,51.0,,run
2026-07-29T18:48:34+03:00,1785340114,9200,71,3,32.5,42.0,,run
2026-07-29T18:48:39+03:00,1785340119,9205,71,3,32.5,38.9,,run
2026-07-29T18:48:45+03:00,1785340125,9211,71,3,32.5,42.0,,run
2026-07-29T18:48:50+03:00,1785340130,9216,71,3,32.5,45.4,,run
2026-07-29T18:48:55+03:00,1785340135,9221,71,3,32.5,47.0,,run
2026-07-29T18:49:01+03:00,1785340141,9227,71,3,32.5,41.7,,run
2026-07-29T18:49:06+03:00,1785340146,9232,71,3,32.5,42.3,,run
2026-07-29T18:49:12+03:00,1785340152,9238,71,3,32.5,45.4,,run
2026-07-29T18:49:17+03:00,1785340157,9243,71,3,32.5,42.3,,run
2026-07-29T18:49:22+03:00,1785340162,9248,71,3,32.5,42.0,,run
2026-07-29T18:49:28+03:00,1785340168,9254,71,3,32.5,42.9,,run
2026-07-29T18:49:33+03:00,1785340173,9259,71,3,32.5,43.2,,run
2026-07-29T18:49:38+03:00,1785340178,9264,71,3,32.5,45.1,,run
2026-07-29T18:49:44+03:00,1785340184,9270,71,3,32.5,45.1,,run
2026-07-29T18:49:49+03:00,1785340189,9275,71,3,32.5,43.9,,run
2026-07-29T18:49:55+03:00,1785340195,9281,71,3,32.5,40.5,,run
2026-07-29T18:50:00+03:00,1785340200,9286,71,3,32.5,38.0,,run
2026-07-29T18:50:06+03:00,1785340206,9292,71,3,32.5,37.4,,run
2026-07-29T18:50:11+03:00,1785340211,9297,71,3,32.5,43.9,,run
2026-07-29T18:50:17+03:00,1785340217,9303,71,3,32.5,46.0,,run
2026-07-29T18:50:22+03:00,1785340222,9308,71,3,32.5,40.2,,run
2026-07-29T18:50:27+03:00,1785340227,9313,71,3,32.5,45.1,,run
2026-07-29T18:50:33+03:00,1785340233,9319,71,3,32.5,53.5,,run
2026-07-29T18:50:38+03:00,1785340238,9324,71,3,32.5,47.6,,run
2026-07-29T18:50:43+03:00,1785340243,9329,71,3,32.5,39.8,,run
2026-07-29T18:50:49+03:00,1785340249,9335,71,3,32.5,39.2,,run
2026-07-29T18:50:55+03:00,1785340255,9341,71,3,32.5,42.9,,run
2026-07-29T18:51:00+03:00,1785340260,9346,71,3,32.5,45.7,,run
2026-07-29T18:51:05+03:00,1785340265,9351,71,3,32.5,46.7,,run
2026-07-29T18:51:10+03:00,1785340270,9356,71,3,32.5,49.1,,run
2026-07-29T18:51:16+03:00,1785340276,9362,71,3,32.5,48.2,,run
2026-07-29T18:51:21+03:00,1785340281,9367,71,3,32.5,39.8,,run
2026-07-29T18:51:26+03:00,1785340286,9372,71,3,32.5,41.4,,run
2026-07-29T18:51:32+03:00,1785340292,9378,71,3,32.5,42.3,,run
2026-07-29T18:51:37+03:00,1785340297,9383,71,3,32.5,42.6,,run
2026-07-29T18:51:43+03:00,1785340303,9389,71,3,32.5,43.2,,run
2026-07-29T18:51:48+03:00,1785340308,9394,71,3,32.5,51.6,,run
2026-07-29T18:51:53+03:00,1785340313,9399,71,3,32.5,39.2,,run
2026-07-29T18:51:59+03:00,1785340319,9405,71,3,32.5,46.0,,run
2026-07-29T18:52:04+03:00,1785340324,9410,70,3,32.5,39.8,,run
2026-07-29T18:52:10+03:00,1785340330,9416,70,3,32.5,37.7,,run
2026-07-29T18:52:15+03:00,1785340335,9421,70,3,32.5,38.0,,run
2026-07-29T18:52:21+03:00,1785340341,9427,70,3,32.5,41.4,,run
2026-07-29T18:52:26+03:00,1785340346,9432,70,3,32.5,44.5,,run
2026-07-29T18:52:32+03:00,1785340352,9438,70,3,32.5,51.9,,run
2026-07-29T18:52:37+03:00,1785340357,9443,70,3,32.5,46.7,,run
2026-07-29T18:52:43+03:00,1785340363,9449,70,3,32.5,41.7,,run
2026-07-29T18:52:48+03:00,1785340368,9454,70,3,32.5,46.0,,run
2026-07-29T18:52:54+03:00,1785340374,9460,70,3,32.5,42.0,,run
2026-07-29T18:52:59+03:00,1785340379,9465,70,3,32.5,42.3,,run
2026-07-29T18:53:04+03:00,1785340384,9470,70,3,32.5,42.9,,run
2026-07-29T18:53:10+03:00,1785340390,9476,70,3,32.5,42.3,,run
2026-07-29T18:53:15+03:00,1785340395,9481,70,3,32.5,45.7,,run
2026-07-29T18:53:20+03:00,1785340400,9486,70,3,32.5,47.3,,run
2026-07-29T18:53:25+03:00,1785340405,9491,70,3,32.5,47.3,,run
2026-07-29T18:53:31+03:00,1785340411,9497,70,3,32.5,40.2,,run
2026-07-29T18:53:36+03:00,1785340416,9502,70,3,32.5,41.1,,run
2026-07-29T18:53:42+03:00,1785340422,9508,70,3,32.5,41.1,,run
2026-07-29T18:53:47+03:00,1785340427,9513,70,3,32.5,45.7,,run
2026-07-29T18:53:52+03:00,1785340432,9518,70,3,32.5,43.2,,run
2026-07-29T18:53:58+03:00,1785340438,9524,70,3,32.5,41.1,,run
2026-07-29T18:54:03+03:00,1785340443,9529,70,3,32.5,37.4,,run
2026-07-29T18:54:09+03:00,1785340449,9535,70,3,32.5,37.1,,run
2026-07-29T18:54:15+03:00,1785340455,9541,70,3,32.5,51.9,,run
2026-07-29T18:54:20+03:00,1785340460,9546,70,3,32.5,41.1,,run
2026-07-29T18:54:26+03:00,1785340466,9552,70,3,32.5,38.6,,run
2026-07-29T18:54:31+03:00,1785340471,9557,70,3,32.5,40.5,,run
2026-07-29T18:54:37+03:00,1785340477,9563,70,3,32.5,42.0,,run
2026-07-29T18:54:42+03:00,1785340482,9568,70,3,32.5,46.0,,run
2026-07-29T18:54:47+03:00,1785340487,9573,70,3,32.5,45.7,,run
2026-07-29T18:54:53+03:00,1785340493,9579,70,3,32.5,43.9,,run
2026-07-29T18:54:58+03:00,1785340498,9584,70,3,32.5,42.0,,run
2026-07-29T18:55:03+03:00,1785340503,9589,70,3,32.5,44.8,,run
2026-07-29T18:55:09+03:00,1785340509,9595,70,3,32.5,45.1,,run
2026-07-29T18:55:14+03:00,1785340514,9600,70,3,32.5,42.3,,run
2026-07-29T18:55:19+03:00,1785340519,9605,70,3,32.5,42.0,,run
2026-07-29T18:55:25+03:00,1785340525,9611,70,3,32.5,38.3,,run
2026-07-29T18:55:30+03:00,1785340530,9616,70,3,32.5,49.7,,run
2026-07-29T18:55:35+03:00,1785340535,9621,70,3,32.5,51.9,,run
2026-07-29T18:55:41+03:00,1785340541,9627,70,3,32.5,50.1,,run
2026-07-29T18:55:46+03:00,1785340546,9632,70,3,32.5,39.8,,run
2026-07-29T18:55:52+03:00,1785340552,9638,70,3,32.3,37.7,,run
2026-07-29T18:55:57+03:00,1785340557,9643,70,3,32.3,49.1,,run
2026-07-29T18:56:03+03:00,1785340563,9649,70,3,32.3,40.8,,run
2026-07-29T18:56:08+03:00,1785340568,9654,70,3,32.3,38.9,,run
2026-07-29T18:56:14+03:00,1785340574,9660,70,3,32.3,38.3,,run
2026-07-29T18:56:19+03:00,1785340579,9665,70,3,32.3,41.1,,run
2026-07-29T18:56:25+03:00,1785340585,9671,70,3,32.3,41.7,,run
2026-07-29T18:56:30+03:00,1785340590,9676,70,3,32.3,42.6,,run
2026-07-29T18:56:36+03:00,1785340596,9682,70,3,32.3,47.9,,run
2026-07-29T18:56:41+03:00,1785340601,9687,70,3,32.3,43.2,,run
2026-07-29T18:56:46+03:00,1785340606,9692,70,3,32.3,43.2,,run
2026-07-29T18:56:51+03:00,1785340611,9697,70,3,32.3,46.0,,run
2026-07-29T18:56:57+03:00,1785340617,9703,70,3,32.3,46.0,,run
2026-07-29T18:57:02+03:00,1785340622,9708,70,3,32.3,39.8,,run
2026-07-29T18:57:08+03:00,1785340628,9714,70,3,32.3,39.2,,run
2026-07-29T18:57:13+03:00,1785340633,9719,70,3,32.3,48.5,,run
2026-07-29T18:57:18+03:00,1785340638,9724,70,3,32.3,45.4,,run
2026-07-29T18:57:24+03:00,1785340644,9730,70,3,32.3,41.4,,run
2026-07-29T18:57:30+03:00,1785340650,9736,70,3,32.3,38.3,,run
2026-07-29T18:57:35+03:00,1785340655,9741,70,3,32.3,39.8,,run
2026-07-29T18:57:40+03:00,1785340660,9746,70,3,32.3,44.2,,run
2026-07-29T18:57:46+03:00,1785340666,9752,70,3,32.3,43.2,,run
2026-07-29T18:57:51+03:00,1785340671,9757,70,3,32.3,38.6,,run
2026-07-29T18:57:57+03:00,1785340677,9763,70,3,32.3,41.1,,run
2026-07-29T18:58:02+03:00,1785340682,9768,70,3,32.3,52.2,,run
2026-07-29T18:58:08+03:00,1785340688,9774,70,3,32.3,40.8,,run
2026-07-29T18:58:13+03:00,1785340693,9779,70,3,32.3,42.3,,run
2026-07-29T18:58:19+03:00,1785340699,9785,70,3,32.3,42.0,,run
2026-07-29T18:58:24+03:00,1785340704,9790,70,3,32.3,44.2,,run
2026-07-29T18:58:29+03:00,1785340709,9795,70,3,32.3,47.9,,run
2026-07-29T18:58:34+03:00,1785340714,9800,70,3,32.3,40.2,,run
2026-07-29T18:58:40+03:00,1785340720,9806,70,3,32.3,39.5,,run
2026-07-29T18:58:45+03:00,1785340725,9811,70,3,32.3,42.3,,run
2026-07-29T18:58:51+03:00,1785340731,9817,70,3,32.3,39.2,,run
2026-07-29T18:58:56+03:00,1785340736,9822,70,3,32.3,43.6,,run
2026-07-29T18:59:02+03:00,1785340742,9828,70,3,32.3,46.7,,run
2026-07-29T18:59:07+03:00,1785340747,9833,70,3,32.3,42.9,,run
2026-07-29T18:59:12+03:00,1785340752,9838,70,3,32.3,41.4,,run
2026-07-29T18:59:18+03:00,1785340758,9844,70,3,32.3,53.1,,run
2026-07-29T18:59:23+03:00,1785340763,9849,70,3,32.3,47.9,,run
2026-07-29T18:59:29+03:00,1785340769,9855,70,3,32.3,41.1,,run
2026-07-29T18:59:34+03:00,1785340774,9860,70,3,32.3,38.3,,run
2026-07-29T18:59:40+03:00,1785340780,9866,70,3,32.3,38.0,,run
2026-07-29T18:59:45+03:00,1785340785,9871,70,3,32.3,45.7,,run
2026-07-29T18:59:51+03:00,1785340791,9877,70,3,32.3,47.9,,run
2026-07-29T18:59:56+03:00,1785340796,9882,70,3,32.3,49.1,,run
2026-07-29T19:00:01+03:00,1785340801,9887,70,3,32.3,53.8,,run
2026-07-29T19:00:07+03:00,1785340807,9893,70,3,32.3,44.2,,run
2026-07-29T19:00:12+03:00,1785340812,9898,70,3,32.3,42.0,,run
2026-07-29T19:00:18+03:00,1785340818,9904,70,3,32.3,43.2,,run
2026-07-29T19:00:23+03:00,1785340823,9909,70,3,32.3,42.6,,run
2026-07-29T19:00:28+03:00,1785340828,9914,70,3,32.3,40.5,,run
2026-07-29T19:00:34+03:00,1785340834,9920,70,3,32.3,39.5,,run
2026-07-29T19:00:39+03:00,1785340839,9925,70,3,32.3,38.9,,run
2026-07-29T19:00:45+03:00,1785340845,9931,70,3,32.3,47.9,,run
2026-07-29T19:00:50+03:00,1785340850,9936,70,3,32.3,46.7,,run
2026-07-29T19:00:55+03:00,1785340855,9941,70,3,32.3,39.5,,run
2026-07-29T19:01:01+03:00,1785340861,9947,70,3,32.3,40.2,,run
2026-07-29T19:01:06+03:00,1785340866,9952,70,3,32.3,38.9,,run
2026-07-29T19:01:12+03:00,1785340872,9958,70,3,32.3,44.2,,run
2026-07-29T19:01:17+03:00,1785340877,9963,70,3,32.3,53.1,,run
2026-07-29T19:01:23+03:00,1785340883,9969,70,3,32.3,40.8,,run
2026-07-29T19:01:29+03:00,1785340889,9975,70,3,32.3,41.7,,run
2026-07-29T19:01:34+03:00,1785340894,9980,70,3,32.3,38.0,,run
2026-07-29T19:01:40+03:00,1785340900,9986,70,3,32.3,37.4,,run
2026-07-29T19:01:45+03:00,1785340905,9991,70,3,32.3,44.8,,run
2026-07-29T19:01:51+03:00,1785340911,9997,70,3,32.3,42.6,,run
2026-07-29T19:01:56+03:00,1785340916,10002,70,3,32.3,43.2,,run
2026-07-29T19:02:01+03:00,1785340921,10007,70,3,32.3,54.4,,run
2026-07-29T19:02:07+03:00,1785340927,10013,70,3,32.3,46.3,,run
2026-07-29T19:02:13+03:00,1785340933,10019,70,3,32.3,42.9,,run
2026-07-29T19:02:18+03:00,1785340938,10024,70,3,32.3,42.9,,run
2026-07-29T19:02:23+03:00,1785340943,10029,70,3,32.3,43.9,,run
2026-07-29T19:02:29+03:00,1785340949,10035,70,3,32.3,42.9,,run
2026-07-29T19:02:34+03:00,1785340954,10040,70,3,32.3,41.4,,run
2026-07-29T19:02:39+03:00,1785340959,10045,70,3,32.3,39.5,,run
2026-07-29T19:02:45+03:00,1785340965,10051,69,3,32.5,38.6,,run
2026-07-29T19:02:50+03:00,1785340970,10056,69,3,32.5,38.0,,run
2026-07-29T19:02:56+03:00,1785340976,10062,69,3,32.5,38.0,,run
2026-07-29T19:03:01+03:00,1785340981,10067,69,3,32.5,38.3,,run
2026-07-29T19:03:07+03:00,1785340987,10073,69,3,32.5,47.9,,run
2026-07-29T19:03:12+03:00,1785340992,10078,69,3,32.5,41.4,,run
2026-07-29T19:03:18+03:00,1785340998,10084,69,3,32.5,52.8,,run
2026-07-29T19:03:23+03:00,1785341003,10089,69,3,32.5,49.1,,run
2026-07-29T19:03:28+03:00,1785341008,10094,69,3,32.5,43.9,,run
2026-07-29T19:03:34+03:00,1785341014,10100,69,3,32.5,39.2,,run
2026-07-29T19:03:39+03:00,1785341019,10105,69,3,32.5,38.3,,run
2026-07-29T19:03:45+03:00,1785341025,10111,69,3,32.5,37.7,,run
2026-07-29T19:03:51+03:00,1785341031,10117,69,3,32.5,45.7,,run
2026-07-29T19:03:56+03:00,1785341036,10122,69,3,32.5,46.3,,run
2026-07-29T19:04:01+03:00,1785341041,10127,69,3,32.5,42.6,,run
2026-07-29T19:04:07+03:00,1785341047,10133,69,3,32.5,47.6,,run
2026-07-29T19:04:12+03:00,1785341052,10138,69,3,32.5,42.0,,run
2026-07-29T19:04:17+03:00,1785341057,10143,69,3,32.5,42.9,,run
2026-07-29T19:04:23+03:00,1785341063,10149,69,3,32.5,41.4,,run
2026-07-29T19:04:28+03:00,1785341068,10154,69,3,32.5,42.0,,run
2026-07-29T19:04:34+03:00,1785341074,10160,69,3,32.5,42.9,,run
2026-07-29T19:04:39+03:00,1785341079,10165,69,3,32.5,43.6,,run
2026-07-29T19:04:44+03:00,1785341084,10170,69,3,32.5,43.2,,run
2026-07-29T19:04:50+03:00,1785341090,10176,69,3,32.5,40.2,,run
2026-07-29T19:04:55+03:00,1785341095,10181,69,3,32.5,39.8,,run
2026-07-29T19:05:00+03:00,1785341100,10186,69,3,32.5,38.6,,run
2026-07-29T19:05:06+03:00,1785341106,10192,69,3,32.5,41.7,,run
2026-07-29T19:05:11+03:00,1785341111,10197,69,3,32.5,45.4,,run
2026-07-29T19:05:17+03:00,1785341117,10203,69,3,32.5,49.1,,run
2026-07-29T19:05:22+03:00,1785341122,10208,69,3,32.5,51.9,,run
2026-07-29T19:05:28+03:00,1785341128,10214,69,3,32.5,46.3,,run
2026-07-29T19:05:33+03:00,1785341133,10219,69,3,32.5,38.9,,run
2026-07-29T19:05:38+03:00,1785341138,10224,69,3,32.5,46.3,,run
2026-07-29T19:05:44+03:00,1785341144,10230,69,3,32.5,38.6,,run
2026-07-29T19:05:49+03:00,1785341149,10235,69,3,32.6,38.6,,run
2026-07-29T19:05:55+03:00,1785341155,10241,69,3,32.6,38.0,,run
2026-07-29T19:06:00+03:00,1785341160,10246,69,3,32.6,45.1,,run
2026-07-29T19:06:06+03:00,1785341166,10252,69,3,32.6,55.3,,run
2026-07-29T19:06:11+03:00,1785341171,10257,69,3,32.6,44.2,,run
2026-07-29T19:06:17+03:00,1785341177,10263,69,3,32.6,40.5,,run
2026-07-29T19:06:22+03:00,1785341182,10268,69,3,32.6,38.9,,run
2026-07-29T19:06:28+03:00,1785341188,10274,69,3,32.6,43.6,,run
2026-07-29T19:06:33+03:00,1785341193,10279,69,3,32.6,43.2,,run
2026-07-29T19:06:38+03:00,1785341198,10284,69,3,32.6,44.2,,run
2026-07-29T19:06:44+03:00,1785341204,10290,69,3,32.6,43.2,,run
2026-07-29T19:06:49+03:00,1785341209,10295,69,3,32.6,41.1,,run
2026-07-29T19:06:54+03:00,1785341214,10300,69,3,32.6,38.9,,run
2026-07-29T19:07:00+03:00,1785341220,10306,69,3,32.6,39.2,,run
2026-07-29T19:07:06+03:00,1785341226,10312,69,3,32.6,38.0,,run
2026-07-29T19:07:11+03:00,1785341231,10317,69,3,32.6,38.0,,run
2026-07-29T19:07:17+03:00,1785341237,10323,69,3,32.6,38.9,,run
2026-07-29T19:07:22+03:00,1785341242,10328,69,3,32.6,52.2,,run
2026-07-29T19:07:28+03:00,1785341248,10334,69,3,32.6,46.7,,run
2026-07-29T19:07:33+03:00,1785341253,10339,69,3,32.6,40.2,,run
2026-07-29T19:07:39+03:00,1785341259,10345,69,3,32.6,38.3,,run
2026-07-29T19:07:44+03:00,1785341264,10350,69,3,32.6,38.0,,run
2026-07-29T19:07:50+03:00,1785341270,10356,69,3,32.6,37.7,,run
2026-07-29T19:07:55+03:00,1785341275,10361,69,3,32.6,45.7,,run
2026-07-29T19:08:00+03:00,1785341280,10366,69,3,32.6,42.6,,run
2026-07-29T19:08:06+03:00,1785341286,10372,69,3,32.6,50.1,,run
2026-07-29T19:08:12+03:00,1785341292,10378,69,3,32.6,51.6,,run
2026-07-29T19:08:17+03:00,1785341297,10383,69,3,32.6,46.7,,run
2026-07-29T19:08:22+03:00,1785341302,10388,69,3,32.6,40.5,,run
2026-07-29T19:08:28+03:00,1785341308,10394,69,3,32.6,42.3,,run
2026-07-29T19:08:33+03:00,1785341313,10399,69,3,32.6,41.7,,run
2026-07-29T19:08:38+03:00,1785341318,10404,69,3,32.6,42.3,,run
2026-07-29T19:08:44+03:00,1785341324,10410,69,3,32.6,42.9,,run
2026-07-29T19:08:49+03:00,1785341329,10415,69,3,32.6,47.6,,run
2026-07-29T19:08:54+03:00,1785341334,10420,69,3,32.6,41.7,,run
2026-07-29T19:08:59+03:00,1785341339,10425,69,3,32.6,39.8,,run
2026-07-29T19:09:05+03:00,1785341345,10431,69,3,32.6,38.6,,run
2026-07-29T19:09:11+03:00,1785341351,10437,69,3,32.6,39.5,,run
2026-07-29T19:09:16+03:00,1785341356,10442,69,3,32.6,41.7,,run
2026-07-29T19:09:21+03:00,1785341361,10447,69,3,32.6,48.2,,run
2026-07-29T19:09:27+03:00,1785341367,10453,69,3,32.6,55.6,,run
2026-07-29T19:09:32+03:00,1785341372,10458,69,3,32.6,50.1,,run
2026-07-29T19:09:38+03:00,1785341378,10464,69,3,32.6,41.1,,run
2026-07-29T19:09:43+03:00,1785341383,10469,69,3,32.6,39.2,,run
2026-07-29T19:09:49+03:00,1785341389,10475,69,3,32.6,38.0,,run
2026-07-29T19:09:54+03:00,1785341394,10480,69,3,32.6,38.6,,run
2026-07-29T19:10:00+03:00,1785341400,10486,69,3,32.6,40.5,,run
2026-07-29T19:10:05+03:00,1785341405,10491,69,3,32.6,43.6,,run
2026-07-29T19:10:10+03:00,1785341410,10496,69,3,32.6,55.3,,run
2026-07-29T19:10:16+03:00,1785341416,10502,69,3,32.6,49.4,,run
2026-07-29T19:10:21+03:00,1785341421,10507,69,3,32.6,48.8,,run
2026-07-29T19:10:26+03:00,1785341426,10512,69,3,32.6,40.8,,run
2026-07-29T19:10:32+03:00,1785341432,10518,69,3,32.6,39.5,,run
2026-07-29T19:10:37+03:00,1785341437,10523,69,3,32.6,40.5,,run
2026-07-29T19:10:43+03:00,1785341443,10529,69,3,32.6,38.6,,run
2026-07-29T19:10:49+03:00,1785341449,10535,69,3,32.6,38.6,,run
2026-07-29T19:10:54+03:00,1785341454,10540,69,3,32.6,40.5,,run
2026-07-29T19:10:59+03:00,1785341459,10545,69,3,32.6,41.7,,run
2026-07-29T19:11:05+03:00,1785341465,10551,69,3,32.6,44.8,,run
2026-07-29T19:11:10+03:00,1785341470,10556,69,3,32.6,43.6,,run
2026-07-29T19:11:15+03:00,1785341475,10561,69,3,32.6,42.9,,run
2026-07-29T19:11:21+03:00,1785341481,10567,69,3,32.6,42.9,,run
2026-07-29T19:11:26+03:00,1785341486,10572,69,3,32.6,51.6,,run
2026-07-29T19:11:32+03:00,1785341492,10578,69,3,32.6,44.5,,run
2026-07-29T19:11:37+03:00,1785341497,10583,69,3,32.6,47.0,,run
2026-07-29T19:11:42+03:00,1785341502,10588,69,3,32.6,42.9,,run
2026-07-29T19:11:48+03:00,1785341508,10594,69,3,32.6,38.3,,run
2026-07-29T19:11:53+03:00,1785341513,10599,69,3,32.6,37.7,,run
2026-07-29T19:11:59+03:00,1785341519,10605,69,3,32.6,42.6,,run
2026-07-29T19:12:04+03:00,1785341524,10610,69,3,32.6,41.1,,run
2026-07-29T19:12:10+03:00,1785341530,10616,69,3,32.6,54.1,,run
2026-07-29T19:12:15+03:00,1785341535,10621,69,3,32.6,48.2,,run
2026-07-29T19:12:21+03:00,1785341541,10627,69,3,32.6,42.3,,run
2026-07-29T19:12:26+03:00,1785341546,10632,69,3,32.6,41.1,,run
2026-07-29T19:12:32+03:00,1785341552,10638,69,3,32.6,46.7,,run
2026-07-29T19:12:37+03:00,1785341557,10643,69,3,32.6,45.7,,run
2026-07-29T19:12:42+03:00,1785341562,10648,69,3,32.6,42.9,,run
2026-07-29T19:12:47+03:00,1785341567,10653,69,3,32.6,41.4,,run
2026-07-29T19:12:53+03:00,1785341573,10659,69,3,32.6,39.5,,run
2026-07-29T19:12:58+03:00,1785341578,10664,69,3,32.6,38.3,,run
2026-07-29T19:13:04+03:00,1785341584,10670,69,3,32.6,38.3,,run
2026-07-29T19:13:10+03:00,1785341590,10676,69,3,32.6,39.2,,run
2026-07-29T19:13:15+03:00,1785341595,10681,69,3,32.6,43.2,,run
2026-07-29T19:13:20+03:00,1785341600,10686,69,3,32.6,48.2,,run
2026-07-29T19:13:26+03:00,1785341606,10692,69,3,32.6,49.1,,run
2026-07-29T19:13:31+03:00,1785341611,10697,69,3,32.6,49.1,,run
2026-07-29T19:13:36+03:00,1785341616,10702,69,3,32.6,44.2,,run
2026-07-29T19:13:42+03:00,1785341622,10708,69,3,32.6,39.8,,run
2026-07-29T19:13:47+03:00,1785341627,10713,69,3,32.6,38.6,,run
2026-07-29T19:13:53+03:00,1785341633,10719,69,3,32.6,38.3,,run
2026-07-29T19:13:58+03:00,1785341638,10724,69,3,32.6,38.0,,run
2026-07-29T19:14:04+03:00,1785341644,10730,69,3,32.6,37.7,,run
2026-07-29T19:14:10+03:00,1785341650,10736,69,3,32.6,47.9,,run
2026-07-29T19:14:15+03:00,1785341655,10741,69,3,32.6,45.1,,run
2026-07-29T19:14:21+03:00,1785341661,10747,69,3,32.6,45.7,,run
2026-07-29T19:14:26+03:00,1785341666,10752,69,3,32.6,49.4,,run
2026-07-29T19:14:31+03:00,1785341671,10757,68,3,32.6,41.4,,run
2026-07-29T19:14:37+03:00,1785341677,10763,68,3,32.6,38.9,,run
2026-07-29T19:14:42+03:00,1785341682,10768,68,3,32.6,41.7,,run
2026-07-29T19:14:48+03:00,1785341688,10774,68,3,32.6,42.0,,run
2026-07-29T19:14:53+03:00,1785341693,10779,68,3,32.6,42.9,,run
2026-07-29T19:14:58+03:00,1785341698,10784,68,3,32.6,43.6,,run
2026-07-29T19:15:04+03:00,1785341704,10790,68,3,32.6,41.4,,run
2026-07-29T19:15:09+03:00,1785341709,10795,68,3,32.6,39.2,,run
2026-07-29T19:15:15+03:00,1785341715,10801,68,3,32.6,38.6,,run
2026-07-29T19:15:20+03:00,1785341720,10806,68,3,32.6,38.3,,run
2026-07-29T19:15:26+03:00,1785341726,10812,68,3,32.6,42.6,,run
2026-07-29T19:15:31+03:00,1785341731,10817,68,3,32.6,46.3,,run
2026-07-29T19:15:37+03:00,1785341737,10823,68,3,32.6,41.1,,run
2026-07-29T19:15:42+03:00,1785341742,10828,68,3,32.6,45.7,,run
2026-07-29T19:15:47+03:00,1785341747,10833,68,3,32.5,47.9,,run
2026-07-29T19:15:53+03:00,1785341753,10839,68,3,32.5,38.9,,run
2026-07-29T19:15:58+03:00,1785341758,10844,68,3,32.5,40.5,,run
2026-07-29T19:16:04+03:00,1785341764,10850,68,3,32.5,39.5,,run
2026-07-29T19:16:09+03:00,1785341769,10855,68,3,32.5,41.1,,run
2026-07-29T19:16:15+03:00,1785341775,10861,68,3,32.5,54.4,,run
2026-07-29T19:16:20+03:00,1785341780,10866,68,3,32.5,42.3,,run
2026-07-29T19:16:25+03:00,1785341785,10871,68,3,32.5,39.8,,run
2026-07-29T19:16:31+03:00,1785341791,10877,68,3,32.5,45.7,,run
2026-07-29T19:16:36+03:00,1785341796,10882,68,3,32.5,48.5,,run
2026-07-29T19:16:42+03:00,1785341801,10887,68,3,32.5,47.9,,run
2026-07-29T19:16:47+03:00,1785341807,10893,68,3,32.5,41.1,,run
2026-07-29T19:16:52+03:00,1785341812,10898,68,3,32.5,40.2,,run
2026-07-29T19:16:58+03:00,1785341818,10904,68,3,32.5,39.2,,run
2026-07-29T19:17:03+03:00,1785341823,10909,68,3,32.5,38.3,,run
2026-07-29T19:17:09+03:00,1785341829,10915,68,3,32.5,38.3,,run
2026-07-29T19:17:14+03:00,1785341834,10920,68,3,32.5,40.8,,run
2026-07-29T19:17:20+03:00,1785341840,10926,68,3,32.5,41.7,,run
2026-07-29T19:17:25+03:00,1785341845,10931,68,3,32.5,46.0,,run
2026-07-29T19:17:31+03:00,1785341851,10937,68,3,32.5,51.6,,run
2026-07-29T19:17:36+03:00,1785341856,10942,68,3,32.5,44.5,,run
2026-07-29T19:17:41+03:00,1785341861,10947,68,3,32.5,40.5,,run
2026-07-29T19:17:47+03:00,1785341867,10953,68,3,32.5,37.4,,run
2026-07-29T19:17:53+03:00,1785341873,10959,68,3,32.5,38.0,,run
2026-07-29T19:17:58+03:00,1785341878,10964,68,3,32.5,43.6,,run
2026-07-29T19:18:03+03:00,1785341883,10969,68,3,32.5,44.8,,run
2026-07-29T19:18:09+03:00,1785341889,10975,68,3,32.5,43.2,,run
2026-07-29T19:18:14+03:00,1785341894,10980,68,3,32.5,52.5,,run
2026-07-29T19:18:19+03:00,1785341899,10985,68,3,32.5,44.5,,run
2026-07-29T19:18:25+03:00,1785341905,10991,68,3,32.5,42.9,,run
2026-07-29T19:18:30+03:00,1785341910,10996,68,3,32.5,40.2,,run
2026-07-29T19:18:36+03:00,1785341916,11002,68,3,32.5,42.3,,run
2026-07-29T19:18:41+03:00,1785341921,11007,68,3,32.5,46.7,,run
2026-07-29T19:18:46+03:00,1785341926,11012,68,3,32.5,45.7,,run
2026-07-29T19:18:52+03:00,1785341932,11018,68,3,32.5,46.7,,run
2026-07-29T19:18:57+03:00,1785341937,11023,68,3,32.5,39.8,,run
2026-07-29T19:19:02+03:00,1785341942,11028,68,3,32.5,38.6,,run
2026-07-29T19:19:08+03:00,1785341948,11034,68,3,32.5,38.9,,run
2026-07-29T19:19:13+03:00,1785341953,11039,68,3,32.5,38.3,,run
2026-07-29T19:19:19+03:00,1785341959,11045,68,3,32.5,40.5,,run
2026-07-29T19:19:24+03:00,1785341964,11050,68,3,32.5,41.7,,run
2026-07-29T19:19:30+03:00,1785341970,11056,68,3,32.5,51.0,,run
2026-07-29T19:19:35+03:00,1785341975,11061,68,3,32.5,39.8,,run
2026-07-29T19:19:41+03:00,1785341981,11067,68,3,32.5,38.9,,run
2026-07-29T19:19:47+03:00,1785341987,11073,68,3,32.5,37.4,,run
2026-07-29T19:19:52+03:00,1785341992,11078,68,3,32.5,37.4,,run
2026-07-29T19:19:58+03:00,1785341998,11084,68,3,32.5,37.7,,run
2026-07-29T19:20:03+03:00,1785342003,11089,68,3,32.5,45.4,,run
2026-07-29T19:20:09+03:00,1785342009,11095,68,3,32.5,48.5,,run
2026-07-29T19:20:14+03:00,1785342014,11100,68,3,32.5,54.1,,run
2026-07-29T19:20:20+03:00,1785342020,11106,68,3,32.5,41.4,,run
2026-07-29T19:20:25+03:00,1785342025,11111,68,3,32.5,41.1,,run
2026-07-29T19:20:31+03:00,1785342031,11117,68,3,32.5,40.8,,run
2026-07-29T19:20:36+03:00,1785342036,11122,68,3,32.5,44.5,,run
2026-07-29T19:20:41+03:00,1785342041,11127,68,3,32.5,42.0,,run
2026-07-29T19:20:47+03:00,1785342047,11133,68,3,32.5,40.8,,run
2026-07-29T19:20:52+03:00,1785342052,11138,68,3,32.5,46.7,,run
2026-07-29T19:20:57+03:00,1785342057,11143,68,3,32.5,47.3,,run
2026-07-29T19:21:03+03:00,1785342063,11149,68,3,32.5,43.2,,run
2026-07-29T19:21:08+03:00,1785342068,11154,68,3,32.5,40.2,,run
2026-07-29T19:21:14+03:00,1785342074,11160,68,3,32.5,40.8,,run
2026-07-29T19:21:19+03:00,1785342079,11165,68,3,32.5,41.4,,run
2026-07-29T19:21:24+03:00,1785342084,11170,68,3,32.5,42.6,,run
2026-07-29T19:21:30+03:00,1785342090,11176,68,3,32.5,42.6,,run
2026-07-29T19:21:35+03:00,1785342095,11181,68,3,32.5,41.7,,run
2026-07-29T19:21:40+03:00,1785342100,11186,68,3,32.5,38.0,,run
2026-07-29T19:21:46+03:00,1785342106,11192,68,3,32.5,37.7,,run
2026-07-29T19:21:51+03:00,1785342111,11197,68,3,32.5,37.4,,run
2026-07-29T19:21:57+03:00,1785342117,11203,68,3,32.5,44.2,,run
2026-07-29T19:22:02+03:00,1785342122,11208,68,3,32.5,38.6,,run
2026-07-29T19:22:08+03:00,1785342128,11214,68,3,32.5,38.0,,run
2026-07-29T19:22:13+03:00,1785342133,11219,68,3,32.5,44.8,,run
2026-07-29T19:22:19+03:00,1785342139,11225,68,3,32.5,44.5,,run
2026-07-29T19:22:24+03:00,1785342144,11230,68,3,32.5,41.7,,run
2026-07-29T19:22:29+03:00,1785342149,11235,68,3,32.5,40.8,,run
2026-07-29T19:22:35+03:00,1785342155,11241,68,3,32.5,42.9,,run
2026-07-29T19:22:40+03:00,1785342160,11246,68,3,32.5,42.3,,run
2026-07-29T19:22:45+03:00,1785342165,11251,68,3,32.5,45.7,,run
2026-07-29T19:22:51+03:00,1785342171,11257,68,3,32.5,43.6,,run
2026-07-29T19:22:56+03:00,1785342176,11262,68,3,32.5,45.7,,run
2026-07-29T19:23:01+03:00,1785342181,11267,68,3,32.5,43.9,,run
2026-07-29T19:23:07+03:00,1785342187,11273,68,3,32.5,47.0,,run
2026-07-29T19:23:12+03:00,1785342192,11278,68,3,32.5,47.6,,run
2026-07-29T19:23:17+03:00,1785342197,11283,68,3,32.5,45.1,,run
2026-07-29T19:23:22+03:00,1785342202,11288,68,3,32.5,40.8,,run
2026-07-29T19:23:28+03:00,1785342208,11294,68,3,32.5,40.5,,run
2026-07-29T19:23:33+03:00,1785342213,11299,68,3,32.5,42.0,,run
2026-07-29T19:23:39+03:00,1785342219,11305,68,3,32.5,42.3,,run
2026-07-29T19:23:44+03:00,1785342224,11310,68,3,32.5,42.6,,run
2026-07-29T19:23:49+03:00,1785342229,11315,68,3,32.5,40.8,,run
2026-07-29T19:23:55+03:00,1785342235,11321,68,3,32.5,37.7,,run
2026-07-29T19:24:00+03:00,1785342240,11326,68,3,32.5,38.0,,run
2026-07-29T19:24:06+03:00,1785342246,11332,68,3,32.5,37.1,,run
2026-07-29T19:24:11+03:00,1785342251,11337,68,3,32.5,40.8,,run
2026-07-29T19:24:16+03:00,1785342256,11342,68,3,32.5,41.4,,run
2026-07-29T19:24:22+03:00,1785342262,11348,68,3,32.5,38.3,,run
2026-07-29T19:24:27+03:00,1785342267,11353,68,3,32.5,46.3,,run
2026-07-29T19:24:33+03:00,1785342273,11359,68,3,32.5,47.0,,run
2026-07-29T19:24:38+03:00,1785342278,11364,68,3,32.5,39.2,,run
2026-07-29T19:24:43+03:00,1785342283,11369,68,3,32.5,44.2,,run
2026-07-29T19:24:49+03:00,1785342289,11375,68,3,32.5,44.2,,run
2026-07-29T19:24:54+03:00,1785342294,11380,68,3,32.5,37.4,,run
2026-07-29T19:25:00+03:00,1785342300,11386,68,3,32.5,37.1,,run
2026-07-29T19:25:05+03:00,1785342305,11391,68,3,32.5,43.2,,run
2026-07-29T19:25:11+03:00,1785342311,11397,68,3,32.5,54.7,,run
2026-07-29T19:25:16+03:00,1785342316,11402,68,3,32.5,47.0,,run
2026-07-29T19:25:22+03:00,1785342322,11408,68,3,32.5,48.8,,run
2026-07-29T19:25:27+03:00,1785342327,11413,68,3,32.5,47.6,,run
2026-07-29T19:25:32+03:00,1785342332,11418,68,3,32.5,39.8,,run
2026-07-29T19:25:38+03:00,1785342338,11424,68,3,32.5,44.5,,run
2026-07-29T19:25:43+03:00,1785342343,11429,68,3,32.5,40.5,,run
2026-07-29T19:25:49+03:00,1785342349,11435,68,3,32.5,41.4,,run
2026-07-29T19:25:54+03:00,1785342354,11440,68,3,32.5,41.7,,run
2026-07-29T19:25:59+03:00,1785342359,11445,68,3,32.5,44.5,,run
2026-07-29T19:26:04+03:00,1785342364,11450,68,3,32.5,45.1,,run
2026-07-29T19:26:10+03:00,1785342370,11456,68,3,32.5,41.7,,run
2026-07-29T19:26:15+03:00,1785342375,11461,67,3,32.5,39.5,,run
2026-07-29T19:26:21+03:00,1785342381,11467,67,3,32.5,39.2,,run
2026-07-29T19:26:26+03:00,1785342386,11472,67,3,32.5,54.4,,run
2026-07-29T19:26:32+03:00,1785342392,11478,67,3,32.5,49.4,,run
2026-07-29T19:26:37+03:00,1785342397,11483,67,3,32.5,46.3,,run
2026-07-29T19:26:42+03:00,1785342402,11488,67,3,32.5,44.2,,run
2026-07-29T19:26:48+03:00,1785342408,11494,67,3,32.5,42.0,,run
2026-07-29T19:26:53+03:00,1785342413,11499,67,3,32.5,38.0,,run
2026-07-29T19:26:59+03:00,1785342419,11505,67,3,32.5,42.0,,run
2026-07-29T19:27:04+03:00,1785342424,11510,67,3,32.5,42.9,,run
2026-07-29T19:27:09+03:00,1785342429,11515,67,3,32.5,54.1,,run
2026-07-29T19:27:15+03:00,1785342435,11521,67,3,32.5,43.2,,run
2026-07-29T19:27:20+03:00,1785342440,11526,67,3,32.5,42.0,,run
2026-07-29T19:27:25+03:00,1785342445,11531,67,3,32.5,45.4,,run
2026-07-29T19:27:31+03:00,1785342451,11537,67,3,32.5,49.4,,run
2026-07-29T19:27:36+03:00,1785342456,11542,67,3,32.5,43.9,,run
2026-07-29T19:27:41+03:00,1785342461,11547,67,3,32.5,41.4,,run
2026-07-29T19:27:47+03:00,1785342467,11553,67,3,32.5,39.8,,run
2026-07-29T19:27:52+03:00,1785342472,11558,67,3,32.5,42.3,,run
2026-07-29T19:27:58+03:00,1785342478,11564,67,3,32.5,39.8,,run
2026-07-29T19:28:03+03:00,1785342483,11569,67,3,32.5,39.5,,run
2026-07-29T19:28:09+03:00,1785342489,11575,67,3,32.5,38.6,,run
2026-07-29T19:28:14+03:00,1785342494,11580,67,3,32.5,38.3,,run
2026-07-29T19:28:20+03:00,1785342500,11586,67,3,32.5,40.8,,run
2026-07-29T19:28:25+03:00,1785342505,11591,67,3,32.5,54.1,,run
2026-07-29T19:28:31+03:00,1785342511,11597,67,3,32.5,45.7,,run
2026-07-29T19:28:36+03:00,1785342516,11602,67,3,32.5,38.6,,run
2026-07-29T19:28:42+03:00,1785342522,11608,67,3,32.5,45.7,,run
2026-07-29T19:28:47+03:00,1785342527,11613,67,3,32.5,46.0,,run
2026-07-29T19:28:52+03:00,1785342532,11618,67,3,32.5,39.8,,run
2026-07-29T19:28:58+03:00,1785342538,11624,67,3,32.5,38.9,,run
2026-07-29T19:29:03+03:00,1785342543,11629,67,3,32.5,39.8,,run
2026-07-29T19:29:09+03:00,1785342549,11635,67,3,32.5,55.3,,run
2026-07-29T19:29:14+03:00,1785342554,11640,67,3,32.5,50.4,,run
2026-07-29T19:29:20+03:00,1785342560,11646,67,3,32.5,45.1,,run
2026-07-29T19:29:25+03:00,1785342565,11651,67,3,32.5,43.9,,run
2026-07-29T19:29:30+03:00,1785342570,11656,67,3,32.5,42.6,,run
2026-07-29T19:29:36+03:00,1785342576,11662,67,3,32.5,40.5,,run
2026-07-29T19:29:41+03:00,1785342581,11667,67,3,32.5,43.2,,run
2026-07-29T19:29:46+03:00,1785342586,11672,67,3,32.5,41.1,,run
2026-07-29T19:29:52+03:00,1785342592,11678,67,3,32.5,39.5,,run
2026-07-29T19:29:58+03:00,1785342598,11684,67,3,32.5,39.5,,run
2026-07-29T19:30:03+03:00,1785342603,11689,67,3,32.5,39.2,,run
2026-07-29T19:30:09+03:00,1785342609,11695,67,3,32.5,38.0,,run
2026-07-29T19:30:14+03:00,1785342614,11700,67,3,32.5,39.8,,run
2026-07-29T19:30:19+03:00,1785342619,11705,67,3,32.5,41.1,,run
2026-07-29T19:30:25+03:00,1785342625,11711,67,3,32.5,53.8,,run
2026-07-29T19:30:31+03:00,1785342631,11717,67,3,32.5,47.0,,run
2026-07-29T19:30:36+03:00,1785342636,11722,67,3,32.5,49.4,,run
2026-07-29T19:30:41+03:00,1785342641,11727,67,3,32.5,40.5,,run
2026-07-29T19:30:47+03:00,1785342647,11733,67,3,32.5,38.0,,run
2026-07-29T19:30:52+03:00,1785342652,11738,67,3,32.5,37.7,,run
2026-07-29T19:30:58+03:00,1785342658,11744,67,3,32.5,43.2,,run
2026-07-29T19:31:03+03:00,1785342663,11749,67,3,32.5,43.2,,run
2026-07-29T19:31:09+03:00,1785342669,11755,67,3,32.5,54.7,,run
2026-07-29T19:31:14+03:00,1785342674,11760,67,3,32.5,41.4,,run
2026-07-29T19:31:19+03:00,1785342679,11765,67,3,32.5,47.9,,run
2026-07-29T19:31:25+03:00,1785342685,11771,67,3,32.5,48.8,,run
2026-07-29T19:31:30+03:00,1785342690,11776,67,3,32.5,46.7,,run
2026-07-29T19:31:35+03:00,1785342695,11781,67,3,32.5,40.8,,run
2026-07-29T19:31:41+03:00,1785342701,11787,67,3,32.5,39.8,,run
2026-07-29T19:31:46+03:00,1785342706,11792,67,3,32.5,39.2,,run
2026-07-29T19:31:52+03:00,1785342712,11798,67,3,32.5,39.2,,run
2026-07-29T19:31:57+03:00,1785342717,11803,67,3,32.5,45.1,,run
2026-07-29T19:32:03+03:00,1785342723,11809,67,3,32.5,40.2,,run
2026-07-29T19:32:08+03:00,1785342728,11814,67,3,32.5,38.6,,run
2026-07-29T19:32:14+03:00,1785342734,11820,67,3,32.5,38.6,,run
2026-07-29T19:32:19+03:00,1785342739,11825,67,3,32.5,40.8,,run
2026-07-29T19:32:25+03:00,1785342745,11831,67,3,32.5,51.6,,run
2026-07-29T19:32:30+03:00,1785342750,11836,67,3,32.5,45.4,,run
2026-07-29T19:32:36+03:00,1785342756,11842,67,3,32.5,38.0,,run
2026-07-29T19:32:41+03:00,1785342761,11847,67,3,32.5,45.7,,run
2026-07-29T19:32:46+03:00,1785342766,11852,67,3,32.5,45.7,,run
2026-07-29T19:32:52+03:00,1785342772,11858,67,3,32.5,38.0,,run
2026-07-29T19:32:57+03:00,1785342777,11863,67,3,32.5,38.0,,run
2026-07-29T19:33:03+03:00,1785342783,11869,67,3,32.5,40.2,,run
2026-07-29T19:33:08+03:00,1785342788,11874,67,3,32.5,43.6,,run
2026-07-29T19:33:14+03:00,1785342794,11880,67,3,32.5,40.5,,run
2026-07-29T19:33:19+03:00,1785342799,11885,67,3,32.5,47.9,,run
2026-07-29T19:33:25+03:00,1785342805,11891,67,3,32.5,45.7,,run
2026-07-29T19:33:30+03:00,1785342810,11896,67,3,32.5,47.6,,run
2026-07-29T19:33:35+03:00,1785342815,11901,67,3,32.5,45.7,,run
2026-07-29T19:33:40+03:00,1785342820,11906,67,3,32.5,44.2,,run
2026-07-29T19:33:46+03:00,1785342826,11912,67,3,32.5,40.5,,run
2026-07-29T19:33:51+03:00,1785342831,11917,67,3,32.5,39.8,,run
2026-07-29T19:33:57+03:00,1785342837,11923,67,3,32.5,47.6,,run
2026-07-29T19:34:02+03:00,1785342842,11928,67,3,32.5,40.5,,run
2026-07-29T19:34:07+03:00,1785342847,11933,67,3,32.5,38.6,,run
2026-07-29T19:34:13+03:00,1785342853,11939,67,3,32.5,38.6,,run
2026-07-29T19:34:18+03:00,1785342858,11944,67,3,32.5,42.6,,run
2026-07-29T19:34:24+03:00,1785342864,11950,67,3,32.5,48.8,,run
2026-07-29T19:34:29+03:00,1785342869,11955,67,3,32.5,46.0,,run
2026-07-29T19:34:35+03:00,1785342875,11961,67,3,32.5,38.0,,run
2026-07-29T19:34:40+03:00,1785342880,11966,67,3,32.5,37.4,,run
2026-07-29T19:34:46+03:00,1785342886,11972,67,3,32.5,45.4,,run
2026-07-29T19:34:51+03:00,1785342891,11977,67,3,32.5,44.8,,run
2026-07-29T19:34:56+03:00,1785342896,11982,67,3,32.5,39.8,,run
2026-07-29T19:35:02+03:00,1785342902,11988,67,3,32.5,40.5,,run
2026-07-29T19:35:08+03:00,1785342908,11994,67,3,32.5,44.8,,run
2026-07-29T19:35:13+03:00,1785342913,11999,67,3,32.5,41.7,,run
2026-07-29T19:35:18+03:00,1785342918,12004,67,3,32.5,46.3,,run
2026-07-29T19:35:24+03:00,1785342924,12010,67,3,32.5,45.1,,run
2026-07-29T19:35:29+03:00,1785342929,12015,67,3,32.5,42.9,,run
2026-07-29T19:35:34+03:00,1785342934,12020,67,3,32.5,47.3,,run
2026-07-29T19:35:40+03:00,1785342940,12026,67,3,32.5,49.4,,run
2026-07-29T19:35:45+03:00,1785342945,12031,67,3,32.5,47.9,,run
2026-07-29T19:35:50+03:00,1785342950,12036,67,3,32.6,43.6,,run
2026-07-29T19:35:56+03:00,1785342956,12042,67,3,32.6,43.2,,run
2026-07-29T19:36:01+03:00,1785342961,12047,67,3,32.6,39.8,,run
2026-07-29T19:36:06+03:00,1785342966,12052,67,3,32.6,38.9,,run
2026-07-29T19:36:12+03:00,1785342972,12058,67,3,32.6,45.1,,run
2026-07-29T19:36:17+03:00,1785342977,12063,67,3,32.6,40.2,,run
2026-07-29T19:36:23+03:00,1785342983,12069,67,3,32.6,50.7,,run
2026-07-29T19:36:28+03:00,1785342988,12074,67,3,32.6,44.8,,run
2026-07-29T19:36:34+03:00,1785342994,12080,67,3,32.6,47.9,,run
2026-07-29T19:36:39+03:00,1785342999,12085,67,3,32.6,38.9,,run
2026-07-29T19:36:44+03:00,1785343004,12090,67,3,32.6,38.0,,run
2026-07-29T19:36:50+03:00,1785343010,12096,67,3,32.6,37.1,,run
2026-07-29T19:36:55+03:00,1785343015,12101,66,3,32.7,43.6,,run
2026-07-29T19:37:01+03:00,1785343021,12107,66,3,32.7,45.7,,run
2026-07-29T19:37:06+03:00,1785343026,12112,66,3,32.7,49.7,,run
2026-07-29T19:37:11+03:00,1785343031,12117,66,3,32.7,49.1,,run
2026-07-29T19:37:17+03:00,1785343037,12123,66,3,32.7,43.9,,run
2026-07-29T19:37:22+03:00,1785343042,12128,66,3,32.7,42.0,,run
2026-07-29T19:37:27+03:00,1785343047,12133,66,3,32.7,39.8,,run
2026-07-29T19:37:33+03:00,1785343053,12139,66,3,32.7,40.8,,run
2026-07-29T19:37:38+03:00,1785343058,12144,66,3,32.7,38.6,,run
2026-07-29T19:37:44+03:00,1785343064,12150,66,3,32.7,47.9,,run
2026-07-29T19:37:49+03:00,1785343069,12155,66,3,32.7,43.2,,run
2026-07-29T19:37:55+03:00,1785343075,12161,66,3,32.7,39.5,,run
2026-07-29T19:38:00+03:00,1785343080,12166,66,3,32.7,38.9,,run
2026-07-29T19:38:06+03:00,1785343086,12172,66,3,32.7,38.3,,run
2026-07-29T19:38:11+03:00,1785343091,12177,66,3,32.7,38.0,,run
2026-07-29T19:38:17+03:00,1785343097,12183,66,3,32.7,46.0,,run
2026-07-29T19:38:22+03:00,1785343102,12188,66,3,32.7,50.4,,run
2026-07-29T19:38:28+03:00,1785343108,12194,66,3,32.7,50.1,,run
2026-07-29T19:38:33+03:00,1785343113,12199,66,3,32.7,43.2,,run
2026-07-29T19:38:38+03:00,1785343118,12204,66,3,32.7,38.3,,run
2026-07-29T19:38:44+03:00,1785343124,12210,66,3,32.7,39.2,,run
2026-07-29T19:38:49+03:00,1785343129,12215,66,3,32.7,37.1,,run
2026-07-29T19:38:55+03:00,1785343135,12221,66,3,32.7,41.1,,run
2026-07-29T19:39:00+03:00,1785343140,12226,66,3,32.7,47.3,,run
2026-07-29T19:39:06+03:00,1785343146,12232,66,3,32.7,55.9,,run
2026-07-29T19:39:11+03:00,1785343151,12237,66,3,32.7,41.4,,run
2026-07-29T19:39:16+03:00,1785343156,12242,66,3,32.7,39.5,,run
2026-07-29T19:39:22+03:00,1785343162,12248,66,3,32.7,38.9,,run
2026-07-29T19:39:27+03:00,1785343167,12253,66,3,32.7,46.0,,run
2026-07-29T19:39:33+03:00,1785343173,12259,66,3,32.7,46.0,,run
2026-07-29T19:39:38+03:00,1785343178,12264,66,3,32.7,42.0,,run
2026-07-29T19:39:43+03:00,1785343183,12269,66,3,32.7,39.5,,run
2026-07-29T19:39:49+03:00,1785343189,12275,66,3,32.7,38.6,,run
2026-07-29T19:39:54+03:00,1785343194,12280,66,3,32.7,41.1,,run
2026-07-29T19:40:00+03:00,1785343200,12286,66,3,32.7,41.7,,run
2026-07-29T19:40:05+03:00,1785343205,12291,66,3,32.7,45.7,,run
2026-07-29T19:40:10+03:00,1785343210,12296,66,3,32.7,40.2,,run
2026-07-29T19:40:16+03:00,1785343216,12302,66,3,32.7,42.3,,run
2026-07-29T19:40:21+03:00,1785343221,12307,66,3,32.7,48.2,,run
2026-07-29T19:40:27+03:00,1785343227,12313,66,3,32.7,45.4,,run
2026-07-29T19:40:32+03:00,1785343232,12318,66,3,32.7,38.3,,run
2026-07-29T19:40:38+03:00,1785343238,12324,66,3,32.7,37.7,,run
2026-07-29T19:40:43+03:00,1785343243,12329,66,3,32.7,41.7,,run
2026-07-29T19:40:48+03:00,1785343248,12334,66,3,32.7,46.7,,run
2026-07-29T19:40:54+03:00,1785343254,12340,66,3,32.7,39.5,,run
2026-07-29T19:40:59+03:00,1785343259,12345,66,3,32.7,40.8,,run
2026-07-29T19:41:05+03:00,1785343265,12351,66,3,32.7,51.9,,run
2026-07-29T19:41:10+03:00,1785343270,12356,66,3,32.7,47.3,,run
2026-07-29T19:41:15+03:00,1785343275,12361,66,3,32.7,46.0,,run
2026-07-29T19:41:21+03:00,1785343281,12367,66,3,32.7,42.3,,run
2026-07-29T19:41:26+03:00,1785343286,12372,66,3,32.7,39.8,,run
2026-07-29T19:41:32+03:00,1785343292,12378,66,3,32.7,40.8,,run
2026-07-29T19:41:37+03:00,1785343297,12383,66,3,32.7,41.7,,run
2026-07-29T19:41:43+03:00,1785343303,12389,66,3,32.7,42.6,,run
2026-07-29T19:41:48+03:00,1785343308,12394,66,3,32.7,42.3,,run
2026-07-29T19:41:53+03:00,1785343313,12399,66,3,32.7,43.9,,run
2026-07-29T19:41:58+03:00,1785343318,12404,66,3,32.7,42.3,,run
2026-07-29T19:42:04+03:00,1785343324,12410,66,3,32.7,42.0,,run
2026-07-29T19:42:09+03:00,1785343329,12415,66,3,32.7,46.0,,run
2026-07-29T19:42:14+03:00,1785343334,12420,66,3,32.7,42.3,,run
2026-07-29T19:42:20+03:00,1785343340,12426,66,3,32.7,53.5,,run
2026-07-29T19:42:25+03:00,1785343345,12431,66,3,32.7,41.4,,run
2026-07-29T19:42:31+03:00,1785343351,12437,66,3,32.7,45.4,,run
2026-07-29T19:42:36+03:00,1785343356,12442,66,3,32.7,46.0,,run
2026-07-29T19:42:42+03:00,1785343362,12448,66,3,32.7,38.9,,run
2026-07-29T19:42:47+03:00,1785343367,12453,66,3,32.7,38.0,,run
2026-07-29T19:42:53+03:00,1785343373,12459,66,3,32.7,38.3,,run
2026-07-29T19:42:58+03:00,1785343378,12464,66,3,32.7,42.6,,run
2026-07-29T19:43:04+03:00,1785343384,12470,66,3,32.7,54.7,,run
2026-07-29T19:43:09+03:00,1785343389,12475,66,3,32.7,42.0,,run
2026-07-29T19:43:15+03:00,1785343395,12481,66,3,32.7,40.2,,run
2026-07-29T19:43:20+03:00,1785343400,12486,66,3,32.7,47.0,,run
2026-07-29T19:43:26+03:00,1785343406,12492,66,3,32.7,42.0,,run
2026-07-29T19:43:31+03:00,1785343411,12497,66,3,32.7,47.9,,run
2026-07-29T19:43:36+03:00,1785343416,12502,66,3,32.7,39.8,,run
2026-07-29T19:43:42+03:00,1785343422,12508,66,3,32.7,38.9,,run
2026-07-29T19:43:47+03:00,1785343427,12513,66,3,32.7,41.4,,run
2026-07-29T19:43:53+03:00,1785343433,12519,66,3,32.7,41.4,,run
2026-07-29T19:43:58+03:00,1785343438,12524,66,3,32.7,42.3,,run
2026-07-29T19:44:03+03:00,1785343443,12529,66,3,32.7,43.2,,run
2026-07-29T19:44:09+03:00,1785343449,12535,66,3,32.7,42.0,,run
2026-07-29T19:44:14+03:00,1785343454,12540,66,3,32.7,46.0,,run
2026-07-29T19:44:19+03:00,1785343459,12545,66,3,32.7,51.6,,run
2026-07-29T19:44:26+03:00,1785343466,12552,66,3,32.7,46.3,,run
2026-07-29T19:44:31+03:00,1785343471,12557,66,3,32.7,46.0,,run
2026-07-29T19:44:36+03:00,1785343476,12562,66,3,32.7,49.4,,run
2026-07-29T19:44:42+03:00,1785343482,12568,66,3,32.7,42.9,,run
2026-07-29T19:44:47+03:00,1785343487,12573,66,3,32.7,44.5,,run
2026-07-29T19:44:52+03:00,1785343492,12578,66,3,32.7,46.0,,run
2026-07-29T19:44:58+03:00,1785343498,12584,66,3,32.7,46.0,,run
2026-07-29T19:45:03+03:00,1785343503,12589,66,3,32.7,54.4,,run
2026-07-29T19:45:09+03:00,1785343509,12595,66,3,32.7,42.9,,run
2026-07-29T19:45:14+03:00,1785343514,12600,66,3,32.7,41.7,,run
2026-07-29T19:45:20+03:00,1785343520,12606,66,3,32.7,39.5,,run
2026-07-29T19:45:25+03:00,1785343525,12611,66,3,32.7,49.1,,run
2026-07-29T19:45:30+03:00,1785343530,12616,66,3,32.7,47.6,,run
2026-07-29T19:45:36+03:00,1785343536,12622,66,3,32.7,40.8,,run
2026-07-29T19:45:41+03:00,1785343541,12627,66,3,32.7,47.0,,run
2026-07-29T19:45:47+03:00,1785343547,12633,66,3,32.7,47.9,,run
2026-07-29T19:45:52+03:00,1785343552,12638,66,3,32.9,45.7,,run
2026-07-29T19:45:57+03:00,1785343557,12643,66,3,32.9,41.1,,run
2026-07-29T19:46:03+03:00,1785343563,12649,66,3,32.9,39.8,,run
2026-07-29T19:46:08+03:00,1785343568,12654,66,3,32.9,39.2,,run
2026-07-29T19:46:14+03:00,1785343574,12660,66,3,32.9,38.9,,run
2026-07-29T19:46:19+03:00,1785343579,12665,66,3,32.9,51.3,,run
2026-07-29T19:46:25+03:00,1785343585,12671,66,3,32.9,40.5,,run
2026-07-29T19:46:31+03:00,1785343591,12677,66,3,32.9,38.9,,run
2026-07-29T19:46:36+03:00,1785343596,12682,66,3,32.9,38.3,,run
2026-07-29T19:46:42+03:00,1785343602,12688,66,3,32.9,37.7,,run
2026-07-29T19:46:47+03:00,1785343607,12693,66,3,32.9,37.4,,run
2026-07-29T19:46:53+03:00,1785343613,12699,66,3,32.9,39.2,,run
2026-07-29T19:46:58+03:00,1785343618,12704,66,3,32.9,48.2,,run
2026-07-29T19:47:04+03:00,1785343624,12710,66,3,32.9,55.0,,run
2026-07-29T19:47:09+03:00,1785343629,12715,66,3,32.9,47.9,,run
2026-07-29T19:47:14+03:00,1785343634,12720,66,3,32.9,44.2,,run
2026-07-29T19:47:20+03:00,1785343640,12726,66,3,32.9,42.0,,run
2026-07-29T19:47:25+03:00,1785343645,12731,66,3,32.9,39.5,,run
2026-07-29T19:47:30+03:00,1785343650,12736,66,3,32.9,39.8,,run
2026-07-29T19:47:36+03:00,1785343656,12742,66,3,32.9,38.9,,run
2026-07-29T19:47:41+03:00,1785343661,12747,65,3,32.8,39.2,,run
2026-07-29T19:47:47+03:00,1785343667,12753,65,3,32.8,43.9,,run
2026-07-29T19:47:52+03:00,1785343672,12758,65,3,32.8,42.6,,run
2026-07-29T19:47:58+03:00,1785343678,12764,65,3,32.8,39.2,,run
2026-07-29T19:48:03+03:00,1785343683,12769,65,3,32.8,39.2,,run
2026-07-29T19:48:09+03:00,1785343689,12775,65,3,32.8,38.3,,run
2026-07-29T19:48:14+03:00,1785343694,12780,65,3,32.8,39.8,,run
2026-07-29T19:48:20+03:00,1785343700,12786,65,3,32.8,51.9,,run
2026-07-29T19:48:25+03:00,1785343705,12791,65,3,32.8,46.3,,run
2026-07-29T19:48:31+03:00,1785343711,12797,65,3,32.8,41.4,,run
2026-07-29T19:48:36+03:00,1785343716,12802,65,3,32.8,40.2,,run
2026-07-29T19:48:42+03:00,1785343722,12808,65,3,32.8,38.0,,run
2026-07-29T19:48:47+03:00,1785343727,12813,65,3,32.8,38.3,,run
2026-07-29T19:48:53+03:00,1785343733,12819,65,3,32.8,37.4,,run
2026-07-29T19:48:58+03:00,1785343738,12824,65,3,32.8,39.8,,run
2026-07-29T19:49:04+03:00,1785343744,12830,65,3,32.8,51.3,,run
2026-07-29T19:49:09+03:00,1785343749,12835,65,3,32.8,47.9,,run
2026-07-29T19:49:14+03:00,1785343754,12840,65,3,32.8,41.1,,run
2026-07-29T19:49:20+03:00,1785343760,12846,65,3,32.8,39.2,,run
2026-07-29T19:49:26+03:00,1785343766,12852,65,3,32.8,39.2,,run
2026-07-29T19:49:31+03:00,1785343771,12857,65,3,32.8,41.7,,run
2026-07-29T19:49:36+03:00,1785343776,12862,65,3,32.8,41.7,,run
2026-07-29T19:49:42+03:00,1785343782,12868,65,3,32.8,45.7,,run
2026-07-29T19:49:47+03:00,1785343787,12873,65,3,32.8,44.5,,run
2026-07-29T19:49:53+03:00,1785343793,12879,65,3,32.8,46.3,,run
2026-07-29T19:49:58+03:00,1785343798,12884,65,3,32.8,48.8,,run
2026-07-29T19:50:03+03:00,1785343803,12889,65,3,32.8,42.9,,run
2026-07-29T19:50:09+03:00,1785343809,12895,65,3,32.8,42.0,,run
2026-07-29T19:50:14+03:00,1785343814,12900,65,3,32.8,42.0,,run
2026-07-29T19:50:19+03:00,1785343819,12905,65,3,32.8,51.9,,run
2026-07-29T19:50:25+03:00,1785343825,12911,65,3,32.8,47.0,,run
2026-07-29T19:50:30+03:00,1785343830,12916,65,3,32.8,38.3,,run
2026-07-29T19:50:36+03:00,1785343836,12922,65,3,32.8,38.0,,run
2026-07-29T19:50:41+03:00,1785343841,12927,65,3,32.8,37.4,,run
2026-07-29T19:50:47+03:00,1785343847,12933,65,3,32.8,37.1,,run
2026-07-29T19:50:52+03:00,1785343852,12938,65,3,32.8,37.7,,run
2026-07-29T19:50:58+03:00,1785343858,12944,65,3,32.8,39.2,,run
2026-07-29T19:51:03+03:00,1785343863,12949,65,3,32.8,54.1,,run
2026-07-29T19:51:09+03:00,1785343869,12955,65,3,32.8,41.1,,run
2026-07-29T19:51:14+03:00,1785343874,12960,65,3,32.8,47.9,,run
2026-07-29T19:51:19+03:00,1785343879,12965,65,3,32.8,47.0,,run
2026-07-29T19:51:25+03:00,1785343885,12971,65,3,32.8,39.8,,run
2026-07-29T19:51:30+03:00,1785343890,12976,65,3,32.8,39.8,,run
2026-07-29T19:51:36+03:00,1785343896,12982,65,3,32.8,39.8,,run
2026-07-29T19:51:41+03:00,1785343901,12987,65,3,32.8,38.6,,run
2026-07-29T19:51:47+03:00,1785343907,12993,65,3,32.8,39.5,,run
2026-07-29T19:51:52+03:00,1785343912,12998,65,3,32.8,40.5,,run
2026-07-29T19:51:58+03:00,1785343918,13004,65,3,32.8,47.6,,run
2026-07-29T19:52:03+03:00,1785343923,13009,65,3,32.8,47.6,,run
2026-07-29T19:52:08+03:00,1785343928,13014,65,3,32.8,47.3,,run
2026-07-29T19:52:13+03:00,1785343933,13019,65,3,32.8,41.1,,run
2026-07-29T19:52:19+03:00,1785343939,13025,65,3,32.8,52.8,,run
2026-07-29T19:52:24+03:00,1785343944,13030,65,3,32.8,45.1,,run
2026-07-29T19:52:30+03:00,1785343950,13036,65,3,32.8,38.3,,run
2026-07-29T19:52:35+03:00,1785343955,13041,65,3,32.8,37.4,,run
2026-07-29T19:52:41+03:00,1785343961,13047,65,3,32.8,38.0,,run
2026-07-29T19:52:46+03:00,1785343966,13052,65,3,32.8,37.1,,run
2026-07-29T19:52:52+03:00,1785343972,13058,65,3,32.8,38.3,,run
2026-07-29T19:52:57+03:00,1785343977,13063,65,3,32.8,39.2,,run
2026-07-29T19:53:03+03:00,1785343983,13069,65,3,32.8,45.1,,run
2026-07-29T19:53:08+03:00,1785343988,13074,65,3,32.8,39.5,,run
2026-07-29T19:53:14+03:00,1785343994,13080,65,3,32.8,39.5,,run
2026-07-29T19:53:19+03:00,1785343999,13085,65,3,32.8,44.5,,run
2026-07-29T19:53:25+03:00,1785344005,13091,65,3,32.8,42.3,,run
2026-07-29T19:53:30+03:00,1785344010,13096,65,3,32.8,42.0,,run
2026-07-29T19:53:36+03:00,1785344016,13102,65,3,32.8,40.5,,run
2026-07-29T19:53:41+03:00,1785344021,13107,65,3,32.8,42.0,,run
2026-07-29T19:53:46+03:00,1785344026,13112,65,3,32.8,42.6,,run
2026-07-29T19:53:52+03:00,1785344032,13118,65,3,32.8,43.6,,run
2026-07-29T19:53:57+03:00,1785344037,13123,65,3,32.8,42.0,,run
2026-07-29T19:54:02+03:00,1785344042,13128,65,3,32.8,42.0,,run
2026-07-29T19:54:07+03:00,1785344047,13133,65,3,32.8,47.3,,run
2026-07-29T19:54:13+03:00,1785344053,13139,65,3,32.8,46.3,,run
2026-07-29T19:54:18+03:00,1785344058,13144,65,3,32.8,51.9,,run
2026-07-29T19:54:23+03:00,1785344063,13149,65,3,32.8,53.1,,run
2026-07-29T19:54:29+03:00,1785344069,13155,65,3,32.8,40.2,,run
2026-07-29T19:54:34+03:00,1785344074,13160,65,3,32.8,38.9,,run
2026-07-29T19:54:40+03:00,1785344080,13166,65,3,32.8,38.0,,run
2026-07-29T19:54:45+03:00,1785344085,13171,65,3,32.8,37.1,,run
2026-07-29T19:54:51+03:00,1785344091,13177,65,3,32.8,37.1,,run
2026-07-29T19:54:56+03:00,1785344096,13182,65,3,32.8,38.9,,run
2026-07-29T19:55:02+03:00,1785344102,13188,65,3,32.8,45.1,,run
2026-07-29T19:55:08+03:00,1785344108,13194,65,3,32.8,40.8,,run
2026-07-29T19:55:13+03:00,1785344113,13199,65,3,32.8,41.4,,run
2026-07-29T19:55:18+03:00,1785344118,13204,65,3,32.8,42.6,,run
2026-07-29T19:55:24+03:00,1785344124,13210,65,3,32.8,46.7,,run
2026-07-29T19:55:29+03:00,1785344129,13215,65,3,32.8,47.3,,run
2026-07-29T19:55:34+03:00,1785344134,13220,65,3,32.8,46.0,,run
2026-07-29T19:55:39+03:00,1785344139,13225,65,3,32.8,42.6,,run
2026-07-29T19:55:45+03:00,1785344145,13231,65,3,32.8,42.6,,run
2026-07-29T19:55:50+03:00,1785344150,13236,65,3,32.4,42.0,,run
2026-07-29T19:55:55+03:00,1785344155,13241,65,3,32.4,39.5,,run
2026-07-29T19:56:01+03:00,1785344161,13247,65,3,32.4,38.3,,run
2026-07-29T19:56:06+03:00,1785344166,13252,65,3,32.4,43.2,,run
2026-07-29T19:56:12+03:00,1785344172,13258,65,3,32.4,45.4,,run
2026-07-29T19:56:17+03:00,1785344177,13263,65,3,32.4,54.7,,run
2026-07-29T19:56:23+03:00,1785344183,13269,65,3,32.4,49.1,,run
2026-07-29T19:56:28+03:00,1785344188,13274,65,3,32.4,40.5,,run
2026-07-29T19:56:33+03:00,1785344193,13279,65,3,32.4,38.9,,run
2026-07-29T19:56:39+03:00,1785344199,13285,65,3,32.4,38.6,,run
2026-07-29T19:56:45+03:00,1785344205,13291,65,3,32.4,37.1,,run
2026-07-29T19:56:50+03:00,1785344210,13296,65,3,32.4,37.4,,run
2026-07-29T19:56:56+03:00,1785344216,13302,65,3,32.4,39.8,,run
2026-07-29T19:57:01+03:00,1785344221,13307,65,3,32.4,51.9,,run
2026-07-29T19:57:07+03:00,1785344227,13313,65,3,32.4,38.9,,run
2026-07-29T19:57:12+03:00,1785344232,13318,65,3,32.4,41.1,,run
2026-07-29T19:57:17+03:00,1785344237,13323,65,3,32.4,41.1,,run
2026-07-29T19:57:23+03:00,1785344243,13329,65,3,32.4,42.0,,run
2026-07-29T19:57:28+03:00,1785344248,13334,65,3,32.4,47.9,,run
2026-07-29T19:57:33+03:00,1785344253,13339,65,3,32.4,47.9,,run
2026-07-29T19:57:39+03:00,1785344259,13345,65,3,32.4,39.8,,run
2026-07-29T19:57:44+03:00,1785344264,13350,65,3,32.4,47.0,,run
2026-07-29T19:57:49+03:00,1785344269,13355,65,3,32.4,40.2,,run
2026-07-29T19:57:55+03:00,1785344275,13361,65,3,32.4,41.1,,run
2026-07-29T19:58:00+03:00,1785344280,13366,65,3,32.4,41.4,,run
2026-07-29T19:58:06+03:00,1785344286,13372,65,3,32.4,42.6,,run
2026-07-29T19:58:11+03:00,1785344291,13377,65,3,32.4,43.2,,run
2026-07-29T19:58:16+03:00,1785344296,13382,65,3,32.4,52.8,,run
2026-07-29T19:58:22+03:00,1785344302,13388,64,3,32.5,49.4,,run
2026-07-29T19:58:27+03:00,1785344307,13393,64,3,32.5,39.8,,run
2026-07-29T19:58:33+03:00,1785344313,13399,64,3,32.5,38.0,,run
2026-07-29T19:58:38+03:00,1785344318,13404,64,3,32.5,38.0,,run
2026-07-29T19:58:44+03:00,1785344324,13410,64,3,32.5,37.4,,run
2026-07-29T19:58:50+03:00,1785344330,13416,64,3,32.5,37.7,,run
2026-07-29T19:58:55+03:00,1785344335,13421,64,3,32.5,40.2,,run
2026-07-29T19:59:01+03:00,1785344341,13427,64,3,32.5,43.9,,run
2026-07-29T19:59:06+03:00,1785344346,13432,64,3,32.5,38.9,,run
2026-07-29T19:59:12+03:00,1785344352,13438,64,3,32.5,38.6,,run
2026-07-29T19:59:17+03:00,1785344357,13443,64,3,32.5,38.0,,run
2026-07-29T19:59:23+03:00,1785344363,13449,64,3,32.5,40.5,,run
2026-07-29T19:59:28+03:00,1785344368,13454,64,3,32.5,41.4,,run
2026-07-29T19:59:34+03:00,1785344374,13460,64,3,32.5,46.3,,run
2026-07-29T19:59:39+03:00,1785344379,13465,64,3,32.5,47.9,,run
2026-07-29T19:59:44+03:00,1785344384,13470,64,3,32.5,40.5,,run
2026-07-29T19:59:50+03:00,1785344390,13476,64,3,32.5,41.1,,run
2026-07-29T19:59:55+03:00,1785344395,13481,64,3,32.5,41.1,,run
2026-07-29T20:00:00+03:00,1785344400,13486,64,3,32.5,41.4,,run
2026-07-29T20:00:06+03:00,1785344406,13492,64,3,32.5,41.7,,run
2026-07-29T20:00:11+03:00,1785344411,13497,64,3,32.5,45.4,,run
2026-07-29T20:00:16+03:00,1785344416,13502,64,3,32.5,53.8,,run
2026-07-29T20:00:22+03:00,1785344422,13508,64,3,32.5,52.5,,run
2026-07-29T20:00:27+03:00,1785344427,13513,64,3,32.5,47.3,,run
2026-07-29T20:00:32+03:00,1785344432,13518,64,3,32.5,42.6,,run
2026-07-29T20:00:38+03:00,1785344438,13524,64,3,32.5,48.5,,run
2026-07-29T20:00:43+03:00,1785344443,13529,64,3,32.5,48.5,,run
2026-07-29T20:00:48+03:00,1785344448,13534,64,3,32.5,40.2,,run
2026-07-29T20:00:54+03:00,1785344454,13540,64,3,32.5,40.2,,run
2026-07-29T20:00:59+03:00,1785344459,13545,64,3,32.5,53.8,,run
2026-07-29T20:01:05+03:00,1785344465,13551,64,3,32.5,40.5,,run
2026-07-29T20:01:10+03:00,1785344470,13556,64,3,32.5,38.9,,run
2026-07-29T20:01:16+03:00,1785344476,13562,64,3,32.5,39.2,,run
2026-07-29T20:01:21+03:00,1785344481,13567,64,3,32.5,41.7,,run
2026-07-29T20:01:27+03:00,1785344487,13573,64,3,32.5,42.0,,run
2026-07-29T20:01:32+03:00,1785344492,13578,64,3,32.5,42.6,,run
2026-07-29T20:01:37+03:00,1785344497,13583,64,3,32.5,42.6,,run
2026-07-29T20:01:43+03:00,1785344503,13589,64,3,32.5,45.4,,run
2026-07-29T20:01:48+03:00,1785344508,13594,64,3,32.5,47.0,,run
2026-07-29T20:01:53+03:00,1785344513,13599,64,3,32.5,46.0,,run
2026-07-29T20:01:59+03:00,1785344519,13605,64,3,32.5,42.6,,run
2026-07-29T20:02:04+03:00,1785344524,13610,64,3,32.5,42.9,,run
2026-07-29T20:02:09+03:00,1785344529,13615,64,3,32.5,46.7,,run
2026-07-29T20:02:15+03:00,1785344535,13621,64,3,32.5,52.2,,run
2026-07-29T20:02:20+03:00,1785344540,13626,64,3,32.5,44.2,,run
2026-07-29T20:02:26+03:00,1785344546,13632,64,3,32.5,39.2,,run
2026-07-29T20:02:31+03:00,1785344551,13637,64,3,32.5,40.5,,run
2026-07-29T20:02:37+03:00,1785344557,13643,64,3,32.5,44.5,,run
2026-07-29T20:02:42+03:00,1785344562,13648,64,3,32.5,47.6,,run
2026-07-29T20:02:47+03:00,1785344567,13653,64,3,32.5,40.8,,run
2026-07-29T20:02:53+03:00,1785344573,13659,64,3,32.5,40.2,,run
2026-07-29T20:02:58+03:00,1785344578,13664,64,3,32.5,54.1,,run
2026-07-29T20:03:04+03:00,1785344584,13670,64,3,32.5,42.9,,run
2026-07-29T20:03:09+03:00,1785344589,13675,64,3,32.5,40.2,,run
2026-07-29T20:03:15+03:00,1785344595,13681,64,3,32.5,39.2,,run
2026-07-29T20:03:20+03:00,1785344600,13686,64,3,32.5,38.9,,run
2026-07-29T20:03:26+03:00,1785344606,13692,64,3,32.5,38.3,,run
2026-07-29T20:03:31+03:00,1785344611,13697,64,3,32.5,41.4,,run
2026-07-29T20:03:37+03:00,1785344617,13703,64,3,32.5,42.0,,run
2026-07-29T20:03:42+03:00,1785344622,13708,64,3,32.5,43.2,,run
2026-07-29T20:03:47+03:00,1785344627,13713,64,3,32.5,42.6,,run
2026-07-29T20:03:53+03:00,1785344633,13719,64,3,32.5,44.5,,run
2026-07-29T20:03:58+03:00,1785344638,13724,64,3,32.5,46.7,,run
2026-07-29T20:04:03+03:00,1785344643,13729,64,3,32.5,45.7,,run
2026-07-29T20:04:08+03:00,1785344648,13734,64,3,32.5,41.1,,run
2026-07-29T20:04:14+03:00,1785344654,13740,64,3,32.5,52.8,,run
2026-07-29T20:04:20+03:00,1785344660,13746,64,3,32.5,44.8,,run
2026-07-29T20:04:25+03:00,1785344665,13751,64,3,32.5,38.9,,run
2026-07-29T20:04:31+03:00,1785344671,13757,64,3,32.5,47.9,,run
2026-07-29T20:04:36+03:00,1785344676,13762,64,3,32.5,38.9,,run
2026-07-29T20:04:41+03:00,1785344681,13767,64,3,32.5,37.7,,run
2026-07-29T20:04:47+03:00,1785344687,13773,64,3,32.5,45.7,,run
2026-07-29T20:04:52+03:00,1785344692,13778,64,3,32.5,46.3,,run
2026-07-29T20:04:58+03:00,1785344698,13784,64,3,32.5,48.2,,run
2026-07-29T20:05:03+03:00,1785344703,13789,64,3,32.5,39.5,,run
2026-07-29T20:05:09+03:00,1785344709,13795,64,3,32.5,38.6,,run
2026-07-29T20:05:14+03:00,1785344714,13800,64,3,32.5,38.6,,run
2026-07-29T20:05:20+03:00,1785344720,13806,64,3,32.5,47.3,,run
2026-07-29T20:05:25+03:00,1785344725,13811,64,3,32.5,41.4,,run
2026-07-29T20:05:31+03:00,1785344731,13817,64,3,32.5,42.0,,run
2026-07-29T20:05:36+03:00,1785344736,13822,64,3,32.5,41.7,,run
2026-07-29T20:05:41+03:00,1785344741,13827,64,3,32.5,42.6,,run
2026-07-29T20:05:47+03:00,1785344747,13833,64,3,32.5,42.9,,run
2026-07-29T20:05:52+03:00,1785344752,13838,64,3,32.5,41.7,,run
2026-07-29T20:05:57+03:00,1785344757,13843,64,3,32.5,41.1,,run
2026-07-29T20:06:03+03:00,1785344763,13849,64,3,32.5,43.9,,run
2026-07-29T20:06:08+03:00,1785344768,13854,64,3,32.5,47.3,,run
2026-07-29T20:06:13+03:00,1785344773,13859,64,3,32.5,54.1,,run
2026-07-29T20:06:19+03:00,1785344779,13865,64,3,32.5,45.7,,run
2026-07-29T20:06:24+03:00,1785344784,13870,64,3,32.5,38.6,,run
2026-07-29T20:06:30+03:00,1785344790,13876,64,3,32.5,38.0,,run
2026-07-29T20:06:35+03:00,1785344795,13881,64,3,32.5,37.1,,run
2026-07-29T20:06:41+03:00,1785344801,13887,64,3,32.5,36.8,,run
2026-07-29T20:06:46+03:00,1785344806,13892,64,3,32.5,40.2,,run
2026-07-29T20:06:52+03:00,1785344812,13898,64,3,32.5,45.7,,run
2026-07-29T20:06:57+03:00,1785344817,13903,64,3,32.5,54.7,,run
2026-07-29T20:07:03+03:00,1785344823,13909,64,3,32.5,44.8,,run
2026-07-29T20:07:08+03:00,1785344828,13914,64,3,32.5,40.5,,run
2026-07-29T20:07:14+03:00,1785344834,13920,64,3,32.5,39.5,,run
2026-07-29T20:07:19+03:00,1785344839,13925,64,3,32.5,39.8,,run
2026-07-29T20:07:25+03:00,1785344845,13931,64,3,32.5,39.2,,run
2026-07-29T20:07:30+03:00,1785344850,13936,64,3,32.5,38.3,,run
2026-07-29T20:07:36+03:00,1785344856,13942,64,3,32.5,44.8,,run
2026-07-29T20:07:41+03:00,1785344861,13947,64,3,32.5,44.2,,run
2026-07-29T20:07:46+03:00,1785344866,13952,64,3,32.5,42.3,,run
2026-07-29T20:07:51+03:00,1785344871,13957,64,3,32.5,43.2,,run
2026-07-29T20:07:57+03:00,1785344877,13963,64,3,32.5,42.3,,run
2026-07-29T20:08:02+03:00,1785344882,13968,64,3,32.5,40.8,,run
2026-07-29T20:08:08+03:00,1785344888,13974,64,3,32.5,38.3,,run
2026-07-29T20:08:13+03:00,1785344893,13979,64,3,32.5,53.8,,run
2026-07-29T20:08:19+03:00,1785344899,13985,64,3,32.5,38.6,,run
2026-07-29T20:08:24+03:00,1785344904,13990,64,3,32.5,38.3,,run
2026-07-29T20:08:30+03:00,1785344910,13996,64,3,32.5,37.7,,run
2026-07-29T20:08:35+03:00,1785344915,14001,64,3,32.5,36.8,,run
2026-07-29T20:08:41+03:00,1785344921,14007,64,3,32.5,38.3,,run
2026-07-29T20:08:46+03:00,1785344926,14012,64,3,32.5,37.1,,run
2026-07-29T20:08:52+03:00,1785344932,14018,64,3,32.5,37.1,,run
2026-07-29T20:08:57+03:00,1785344937,14023,64,3,32.5,50.7,,run
2026-07-29T20:09:03+03:00,1785344943,14029,63,3,32.4,44.2,,run
2026-07-29T20:09:08+03:00,1785344948,14034,63,3,32.4,40.5,,run
2026-07-29T20:09:14+03:00,1785344954,14040,63,3,32.4,38.0,,run
2026-07-29T20:09:20+03:00,1785344960,14046,63,3,32.4,38.3,,run
2026-07-29T20:09:25+03:00,1785344965,14051,63,3,32.4,40.2,,run
2026-07-29T20:09:31+03:00,1785344971,14057,63,3,32.4,41.1,,run
2026-07-29T20:09:36+03:00,1785344976,14062,63,3,32.4,42.6,,run
2026-07-29T20:09:41+03:00,1785344981,14067,63,3,32.4,46.0,,run
2026-07-29T20:09:46+03:00,1785344986,14072,63,3,32.4,42.6,,run
2026-07-29T20:09:52+03:00,1785344992,14078,63,3,32.4,39.8,,run
2026-07-29T20:09:57+03:00,1785344997,14083,63,3,32.4,38.6,,run
2026-07-29T20:10:03+03:00,1785345003,14089,63,3,32.4,38.3,,run
2026-07-29T20:10:08+03:00,1785345008,14094,63,3,32.4,39.2,,run
2026-07-29T20:10:14+03:00,1785345014,14100,63,3,32.4,46.0,,run
2026-07-29T20:10:19+03:00,1785345019,14105,63,3,32.4,43.6,,run
2026-07-29T20:10:25+03:00,1785345025,14111,63,3,32.4,39.8,,run
2026-07-29T20:10:30+03:00,1785345030,14116,63,3,32.4,37.7,,run
2026-07-29T20:10:36+03:00,1785345036,14122,63,3,32.4,37.4,,run
2026-07-29T20:10:41+03:00,1785345041,14127,63,3,32.4,50.4,,run
2026-07-29T20:10:47+03:00,1785345047,14133,63,3,32.4,40.5,,run
2026-07-29T20:10:53+03:00,1785345053,14139,63,3,32.4,40.2,,run
2026-07-29T20:10:58+03:00,1785345058,14144,63,3,32.4,47.6,,run
2026-07-29T20:11:03+03:00,1785345063,14149,63,3,32.4,42.0,,run
2026-07-29T20:11:09+03:00,1785345069,14155,63,3,32.4,48.8,,run
2026-07-29T20:11:14+03:00,1785345074,14160,63,3,32.4,43.2,,run
2026-07-29T20:11:19+03:00,1785345079,14165,63,3,32.4,42.6,,run
2026-07-29T20:11:25+03:00,1785345085,14171,63,3,32.4,39.2,,run
2026-07-29T20:11:30+03:00,1785345090,14176,63,3,32.4,38.9,,run
2026-07-29T20:11:36+03:00,1785345096,14182,63,3,32.4,45.4,,run
2026-07-29T20:11:41+03:00,1785345101,14187,63,3,32.4,47.0,,run
2026-07-29T20:11:46+03:00,1785345106,14192,63,3,32.4,41.1,,run
2026-07-29T20:11:52+03:00,1785345112,14198,63,3,32.4,38.9,,run
2026-07-29T20:11:57+03:00,1785345117,14203,63,3,32.4,40.5,,run
2026-07-29T20:12:03+03:00,1785345123,14209,63,3,32.4,43.9,,run
2026-07-29T20:12:08+03:00,1785345128,14214,63,3,32.4,41.1,,run
2026-07-29T20:12:14+03:00,1785345134,14220,63,3,32.4,38.0,,run
2026-07-29T20:12:19+03:00,1785345139,14225,63,3,32.4,37.7,,run
2026-07-29T20:12:25+03:00,1785345145,14231,63,3,32.4,45.4,,run
2026-07-29T20:12:31+03:00,1785345151,14237,63,3,32.4,47.3,,run
2026-07-29T20:12:36+03:00,1785345156,14242,63,3,32.4,39.8,,run
2026-07-29T20:12:41+03:00,1785345161,14247,63,3,32.4,47.6,,run
2026-07-29T20:12:47+03:00,1785345167,14253,63,3,32.4,39.5,,run
2026-07-29T20:12:52+03:00,1785345172,14258,63,3,32.4,39.8,,run
2026-07-29T20:12:58+03:00,1785345178,14264,63,3,32.4,44.2,,run
2026-07-29T20:13:03+03:00,1785345183,14269,63,3,32.4,48.8,,run
2026-07-29T20:13:08+03:00,1785345188,14274,63,3,32.4,48.8,,run
2026-07-29T20:13:14+03:00,1785345194,14280,63,3,32.4,40.5,,run
2026-07-29T20:13:19+03:00,1785345199,14285,63,3,32.4,47.0,,run
2026-07-29T20:13:24+03:00,1785345204,14290,63,3,32.4,42.6,,run
2026-07-29T20:13:30+03:00,1785345210,14296,63,3,32.4,41.7,,run
2026-07-29T20:13:35+03:00,1785345215,14301,63,3,32.4,43.2,,run
2026-07-29T20:13:40+03:00,1785345220,14306,63,3,32.4,48.8,,run
2026-07-29T20:13:46+03:00,1785345226,14312,63,3,32.4,53.1,,run
2026-07-29T20:13:51+03:00,1785345231,14317,63,3,32.4,51.9,,run
2026-07-29T20:13:56+03:00,1785345236,14322,63,3,32.4,42.0,,run
2026-07-29T20:14:02+03:00,1785345242,14328,63,3,32.4,39.5,,run
2026-07-29T20:14:07+03:00,1785345247,14333,63,3,32.4,40.5,,run
2026-07-29T20:14:13+03:00,1785345253,14339,63,3,32.4,52.2,,run
2026-07-29T20:14:18+03:00,1785345258,14344,63,3,32.4,40.8,,run
2026-07-29T20:14:24+03:00,1785345264,14350,63,3,32.4,39.8,,run
2026-07-29T20:14:29+03:00,1785345269,14355,63,3,32.4,39.5,,run
2026-07-29T20:14:35+03:00,1785345275,14361,63,3,32.4,38.3,,run
2026-07-29T20:14:40+03:00,1785345280,14366,63,3,32.4,38.3,,run
2026-07-29T20:14:46+03:00,1785345286,14372,63,3,32.4,39.5,,run
2026-07-29T20:14:51+03:00,1785345291,14377,63,3,32.4,40.2,,run
2026-07-29T20:14:57+03:00,1785345297,14383,63,3,32.4,42.0,,run
2026-07-29T20:15:02+03:00,1785345302,14388,63,3,32.4,41.7,,run
2026-07-29T20:15:07+03:00,1785345307,14393,63,3,32.4,45.1,,run
2026-07-29T20:15:13+03:00,1785345313,14399,63,3,32.4,48.2,,run
2026-07-29T20:15:18+03:00,1785345318,14404,63,3,32.4,46.0,,run
2026-07-29T20:15:23+03:00,1785345323,14409,63,3,32.4,51.6,,run
2026-07-29T20:15:29+03:00,1785345329,14415,63,3,32.4,51.0,,run
2026-07-29T20:15:34+03:00,1785345334,14420,63,3,32.4,51.3,,run
2026-07-29T20:15:39+03:00,1785345339,14425,63,3,32.4,46.7,,run
2026-07-29T20:15:45+03:00,1785345345,14431,63,3,32.4,38.3,,run
2026-07-29T20:15:50+03:00,1785345350,14436,63,3,32.7,38.3,,run
2026-07-29T20:15:56+03:00,1785345356,14442,63,3,32.7,42.0,,run
2026-07-29T20:16:01+03:00,1785345361,14447,63,3,32.7,47.0,,run
2026-07-29T20:16:06+03:00,1785345366,14452,63,3,32.7,42.3,,run
2026-07-29T20:16:12+03:00,1785345372,14458,63,3,32.7,49.7,,run
2026-07-29T20:16:17+03:00,1785345377,14463,63,3,32.7,42.6,,run
2026-07-29T20:16:23+03:00,1785345383,14469,63,3,32.7,42.6,,run
2026-07-29T20:16:28+03:00,1785345388,14474,63,3,32.7,42.0,,run
2026-07-29T20:16:33+03:00,1785345393,14479,63,3,32.7,42.9,,run
2026-07-29T20:16:39+03:00,1785345399,14485,63,3,32.7,41.7,,run
2026-07-29T20:16:44+03:00,1785345404,14490,63,3,32.7,39.5,,run
2026-07-29T20:16:49+03:00,1785345409,14495,63,3,32.7,38.6,,run
2026-07-29T20:16:55+03:00,1785345415,14501,63,3,32.7,38.9,,run
2026-07-29T20:17:01+03:00,1785345421,14507,63,3,32.7,38.0,,run
2026-07-29T20:17:06+03:00,1785345426,14512,63,3,32.7,37.7,,run
2026-07-29T20:17:12+03:00,1785345432,14518,63,3,32.7,38.0,,run
2026-07-29T20:17:17+03:00,1785345437,14523,63,3,32.7,44.8,,run
2026-07-29T20:17:22+03:00,1785345442,14528,63,3,32.7,39.5,,run
2026-07-29T20:17:28+03:00,1785345448,14534,63,3,32.7,55.3,,run
2026-07-29T20:17:33+03:00,1785345453,14539,63,3,32.7,40.8,,run
2026-07-29T20:17:39+03:00,1785345459,14545,63,3,32.7,39.5,,run
2026-07-29T20:17:44+03:00,1785345464,14550,63,3,32.7,38.3,,run
2026-07-29T20:17:50+03:00,1785345470,14556,63,3,32.7,37.4,,run
2026-07-29T20:17:56+03:00,1785345476,14562,63,3,32.7,41.1,,run
2026-07-29T20:18:01+03:00,1785345481,14567,63,3,32.7,43.9,,run
2026-07-29T20:18:06+03:00,1785345486,14572,63,3,32.7,48.8,,run
2026-07-29T20:18:11+03:00,1785345491,14577,63,3,32.7,51.3,,run
2026-07-29T20:18:17+03:00,1785345497,14583,63,3,32.7,51.3,,run
2026-07-29T20:18:22+03:00,1785345502,14588,63,3,32.7,46.3,,run
2026-07-29T20:18:28+03:00,1785345508,14594,63,3,32.7,44.2,,run
2026-07-29T20:18:33+03:00,1785345513,14599,63,3,32.7,43.6,,run
2026-07-29T20:18:39+03:00,1785345519,14605,63,3,32.7,46.7,,run
2026-07-29T20:18:44+03:00,1785345524,14610,63,3,32.7,44.8,,run
2026-07-29T20:18:49+03:00,1785345529,14615,63,3,32.7,44.5,,run
2026-07-29T20:18:55+03:00,1785345535,14621,63,3,32.7,40.5,,run
2026-07-29T20:19:00+03:00,1785345540,14626,63,3,32.7,39.8,,run
2026-07-29T20:19:06+03:00,1785345546,14632,63,3,32.7,38.9,,run
2026-07-29T20:19:11+03:00,1785345551,14637,63,3,32.7,38.9,,run
2026-07-29T20:19:17+03:00,1785345557,14643,63,3,32.7,42.3,,run
2026-07-29T20:19:22+03:00,1785345562,14648,63,3,32.7,45.7,,run
2026-07-29T20:19:27+03:00,1785345567,14653,63,3,32.7,42.6,,run
2026-07-29T20:19:33+03:00,1785345573,14659,63,3,32.7,45.1,,run
2026-07-29T20:19:38+03:00,1785345578,14664,63,3,32.7,40.5,,run
2026-07-29T20:19:44+03:00,1785345584,14670,62,3,32.7,47.3,,run
2026-07-29T20:19:49+03:00,1785345589,14675,62,3,32.7,40.5,,run
2026-07-29T20:19:55+03:00,1785345595,14681,62,3,32.7,38.3,,run
2026-07-29T20:20:00+03:00,1785345600,14686,62,3,32.7,38.0,,run
2026-07-29T20:20:06+03:00,1785345606,14692,62,3,32.7,47.3,,run
2026-07-29T20:20:11+03:00,1785345611,14697,62,3,32.7,47.6,,run
2026-07-29T20:20:16+03:00,1785345616,14702,62,3,32.7,57.5,,run
2026-07-29T20:20:22+03:00,1785345622,14708,62,3,32.7,44.8,,run
2026-07-29T20:20:27+03:00,1785345627,14713,62,3,32.7,44.8,,run
2026-07-29T20:20:32+03:00,1785345632,14718,62,3,32.7,43.9,,run
2026-07-29T20:20:38+03:00,1785345638,14724,62,3,32.7,44.5,,run
2026-07-29T20:20:43+03:00,1785345643,14729,62,3,32.7,40.5,,run
2026-07-29T20:20:49+03:00,1785345649,14735,62,3,32.7,41.1,,run
2026-07-29T20:20:54+03:00,1785345654,14740,62,3,32.7,42.9,,run
2026-07-29T20:21:00+03:00,1785345660,14746,62,3,32.7,42.6,,run
2026-07-29T20:21:05+03:00,1785345665,14751,62,3,32.7,43.6,,run
2026-07-29T20:21:10+03:00,1785345670,14756,62,3,32.7,42.9,,run
2026-07-29T20:21:16+03:00,1785345676,14762,62,3,32.7,42.6,,run
2026-07-29T20:21:21+03:00,1785345681,14767,62,3,32.7,42.0,,run
2026-07-29T20:21:26+03:00,1785345686,14772,62,3,32.7,44.2,,run
2026-07-29T20:21:32+03:00,1785345692,14778,62,3,32.7,46.7,,run
2026-07-29T20:21:37+03:00,1785345697,14783,62,3,32.7,45.7,,run
2026-07-29T20:21:42+03:00,1785345702,14788,62,3,32.7,43.6,,run
2026-07-29T20:21:47+03:00,1785345707,14793,62,3,32.7,43.2,,run
2026-07-29T20:21:53+03:00,1785345713,14799,62,3,32.7,42.6,,run
2026-07-29T20:21:58+03:00,1785345718,14804,62,3,32.7,39.8,,run
2026-07-29T20:22:04+03:00,1785345724,14810,62,3,32.7,46.7,,run
2026-07-29T20:22:09+03:00,1785345729,14815,62,3,32.7,42.3,,run
2026-07-29T20:22:14+03:00,1785345734,14820,62,3,32.7,45.4,,run
2026-07-29T20:22:20+03:00,1785345740,14826,62,3,32.7,47.6,,run
2026-07-29T20:22:25+03:00,1785345745,14831,62,3,32.7,47.9,,run
2026-07-29T20:22:30+03:00,1785345750,14836,62,3,32.7,40.2,,run
2026-07-29T20:22:36+03:00,1785345756,14842,62,3,32.7,38.9,,run
2026-07-29T20:22:41+03:00,1785345761,14847,62,3,32.7,38.6,,run
2026-07-29T20:22:47+03:00,1785345767,14853,62,3,32.7,38.3,,run
2026-07-29T20:22:52+03:00,1785345772,14858,62,3,32.7,45.4,,run
2026-07-29T20:22:58+03:00,1785345778,14864,62,3,32.7,40.2,,run
2026-07-29T20:23:03+03:00,1785345783,14869,62,3,32.7,38.6,,run
2026-07-29T20:23:09+03:00,1785345789,14875,62,3,32.7,40.5,,run
2026-07-29T20:23:14+03:00,1785345794,14880,62,3,32.7,40.5,,run
2026-07-29T20:23:19+03:00,1785345799,14885,62,3,32.7,43.2,,run
2026-07-29T20:23:25+03:00,1785345805,14891,62,3,32.7,42.3,,run
2026-07-29T20:23:30+03:00,1785345810,14896,62,3,32.7,40.2,,run
2026-07-29T20:23:35+03:00,1785345815,14901,62,3,32.7,46.0,,run
2026-07-29T20:23:41+03:00,1785345821,14907,62,3,32.7,46.3,,run
2026-07-29T20:23:46+03:00,1785345826,14912,62,3,32.7,42.9,,run
2026-07-29T20:23:51+03:00,1785345831,14917,62,3,32.7,42.3,,run
2026-07-29T20:23:57+03:00,1785345837,14923,62,3,32.7,43.9,,run
2026-07-29T20:24:02+03:00,1785345842,14928,62,3,32.7,42.0,,run
2026-07-29T20:24:07+03:00,1785345847,14933,62,3,32.7,38.6,,run
2026-07-29T20:24:13+03:00,1785345853,14939,62,3,32.7,38.0,,run
2026-07-29T20:24:18+03:00,1785345858,14944,62,3,32.7,45.1,,run
2026-07-29T20:24:24+03:00,1785345864,14950,62,3,32.7,47.3,,run
2026-07-29T20:24:29+03:00,1785345869,14955,62,3,32.7,45.1,,run
2026-07-29T20:24:34+03:00,1785345874,14960,62,3,32.7,41.7,,run
2026-07-29T20:24:40+03:00,1785345880,14966,62,3,32.7,51.0,,run
2026-07-29T20:24:45+03:00,1785345885,14971,62,3,32.7,40.2,,run
2026-07-29T20:24:51+03:00,1785345891,14977,62,3,32.7,38.9,,run
2026-07-29T20:24:56+03:00,1785345896,14982,62,3,32.7,37.4,,run
2026-07-29T20:25:02+03:00,1785345902,14988,62,3,32.7,38.0,,run
2026-07-29T20:25:07+03:00,1785345907,14993,62,3,32.7,53.8,,run
2026-07-29T20:25:13+03:00,1785345913,14999,62,3,32.7,43.9,,run
2026-07-29T20:25:19+03:00,1785345919,15005,62,3,32.7,48.8,,run
2026-07-29T20:25:24+03:00,1785345924,15010,62,3,32.7,38.9,,run
2026-07-29T20:25:30+03:00,1785345930,15016,62,3,32.7,38.6,,run
2026-07-29T20:25:35+03:00,1785345935,15021,62,3,32.7,41.1,,run
2026-07-29T20:25:41+03:00,1785345941,15027,62,3,32.7,41.7,,run
2026-07-29T20:25:46+03:00,1785345946,15032,62,3,32.7,46.7,,run
2026-07-29T20:25:51+03:00,1785345951,15037,62,3,32.7,46.7,,run
2026-07-29T20:25:57+03:00,1785345957,15043,62,3,32.7,41.1,,run
2026-07-29T20:26:02+03:00,1785345962,15048,62,3,32.7,44.2,,run
2026-07-29T20:26:08+03:00,1785345968,15054,62,3,32.7,42.6,,run
2026-07-29T20:26:13+03:00,1785345973,15059,62,3,32.7,42.6,,run
2026-07-29T20:26:18+03:00,1785345978,15064,62,3,32.7,43.2,,run
2026-07-29T20:26:23+03:00,1785345983,15069,62,3,32.7,47.9,,run
2026-07-29T20:26:29+03:00,1785345989,15075,62,3,32.7,54.4,,run
2026-07-29T20:26:34+03:00,1785345994,15080,62,3,32.7,47.0,,run
2026-07-29T20:26:40+03:00,1785346000,15086,62,3,32.7,48.2,,run
2026-07-29T20:26:45+03:00,1785346005,15091,62,3,32.7,41.7,,run
2026-07-29T20:26:50+03:00,1785346010,15096,62,3,32.7,40.8,,run
2026-07-29T20:26:56+03:00,1785346016,15102,62,3,32.7,52.8,,run
2026-07-29T20:27:01+03:00,1785346021,15107,62,3,32.7,44.2,,run
2026-07-29T20:27:07+03:00,1785346027,15113,62,3,32.7,47.6,,run
2026-07-29T20:27:12+03:00,1785346032,15118,62,3,32.7,43.2,,run
2026-07-29T20:27:17+03:00,1785346037,15123,62,3,32.7,43.2,,run
2026-07-29T20:27:23+03:00,1785346043,15129,62,3,32.7,43.2,,run
2026-07-29T20:27:28+03:00,1785346048,15134,62,3,32.7,42.0,,run
2026-07-29T20:27:33+03:00,1785346053,15139,62,3,32.7,38.9,,run
2026-07-29T20:27:39+03:00,1785346059,15145,62,3,32.7,38.6,,run
2026-07-29T20:27:44+03:00,1785346064,15150,62,3,32.7,38.6,,run
2026-07-29T20:27:50+03:00,1785346070,15156,62,3,32.7,38.3,,run
2026-07-29T20:27:55+03:00,1785346075,15161,62,3,32.7,46.7,,run
2026-07-29T20:28:01+03:00,1785346081,15167,62,3,32.7,47.6,,run
2026-07-29T20:28:06+03:00,1785346086,15172,62,3,32.7,44.5,,run
2026-07-29T20:28:11+03:00,1785346091,15177,62,3,32.7,52.8,,run
2026-07-29T20:28:17+03:00,1785346097,15183,62,3,32.7,40.2,,run
2026-07-29T20:28:22+03:00,1785346102,15188,62,3,32.7,39.2,,run
2026-07-29T20:28:28+03:00,1785346108,15194,62,3,32.7,42.3,,run
2026-07-29T20:28:33+03:00,1785346113,15199,62,3,32.7,40.2,,run
2026-07-29T20:28:39+03:00,1785346119,15205,62,3,32.7,37.7,,run
2026-07-29T20:28:44+03:00,1785346124,15210,62,3,32.7,44.2,,run
2026-07-29T20:28:50+03:00,1785346130,15216,62,3,32.7,47.3,,run
2026-07-29T20:28:55+03:00,1785346135,15221,62,3,32.7,47.6,,run
2026-07-29T20:29:01+03:00,1785346140,15226,62,3,32.7,47.0,,run
2026-07-29T20:29:06+03:00,1785346146,15232,62,3,32.7,42.9,,run
2026-07-29T20:29:11+03:00,1785346151,15237,62,3,32.7,42.3,,run
2026-07-29T20:29:17+03:00,1785346157,15243,62,3,32.7,41.7,,run
2026-07-29T20:29:22+03:00,1785346162,15248,61,3,32.9,42.3,,run
2026-07-29T20:29:28+03:00,1785346168,15254,61,3,32.9,43.6,,run
2026-07-29T20:29:33+03:00,1785346173,15259,61,3,32.9,43.2,,run
2026-07-29T20:29:38+03:00,1785346178,15264,61,3,32.9,42.9,,run
2026-07-29T20:29:44+03:00,1785346184,15270,61,3,32.9,43.6,,run
2026-07-29T20:29:49+03:00,1785346189,15275,61,3,32.9,42.6,,run
2026-07-29T20:29:54+03:00,1785346194,15280,61,3,32.9,39.2,,run
2026-07-29T20:30:00+03:00,1785346200,15286,61,3,32.9,38.9,,run
2026-07-29T20:30:06+03:00,1785346206,15292,61,3,32.9,42.9,,run
2026-07-29T20:30:11+03:00,1785346211,15297,61,3,32.9,55.6,,run
2026-07-29T20:30:16+03:00,1785346216,15302,61,3,32.9,55.3,,run
2026-07-29T20:30:22+03:00,1785346222,15308,61,3,32.9,49.1,,run
2026-07-29T20:30:27+03:00,1785346227,15313,61,3,32.9,39.8,,run
2026-07-29T20:30:33+03:00,1785346233,15319,61,3,32.9,41.1,,run
2026-07-29T20:30:38+03:00,1785346238,15324,61,3,32.9,41.4,,run
2026-07-29T20:30:44+03:00,1785346244,15330,61,3,32.9,40.5,,run
2026-07-29T20:30:49+03:00,1785346249,15335,61,3,32.9,37.7,,run
2026-07-29T20:30:55+03:00,1785346255,15341,61,3,32.9,40.2,,run
2026-07-29T20:31:00+03:00,1785346260,15346,61,3,32.9,53.8,,run
2026-07-29T20:31:06+03:00,1785346266,15352,61,3,32.9,49.7,,run
2026-07-29T20:31:11+03:00,1785346271,15357,61,3,32.9,42.9,,run
2026-07-29T20:31:16+03:00,1785346276,15362,61,3,32.9,40.2,,run
2026-07-29T20:31:22+03:00,1785346282,15368,61,3,32.9,42.0,,run
2026-07-29T20:31:27+03:00,1785346287,15373,61,3,32.9,49.1,,run
2026-07-29T20:31:32+03:00,1785346292,15378,61,3,32.9,45.1,,run
2026-07-29T20:31:38+03:00,1785346298,15384,61,3,32.9,43.9,,run
2026-07-29T20:31:43+03:00,1785346303,15389,61,3,32.9,40.8,,run
2026-07-29T20:31:49+03:00,1785346309,15395,61,3,32.9,39.5,,run
2026-07-29T20:31:54+03:00,1785346314,15400,61,3,32.9,39.2,,run
2026-07-29T20:32:00+03:00,1785346320,15406,61,3,32.9,38.6,,run
2026-07-29T20:32:05+03:00,1785346325,15411,61,3,32.9,39.2,,run
2026-07-29T20:32:11+03:00,1785346331,15417,61,3,32.9,38.3,,run
2026-07-29T20:32:16+03:00,1785346336,15422,61,3,32.9,47.9,,run
2026-07-29T20:32:22+03:00,1785346342,15428,61,3,32.9,49.1,,run
2026-07-29T20:32:27+03:00,1785346347,15433,61,3,32.9,43.2,,run
2026-07-29T20:32:33+03:00,1785346353,15439,61,3,32.9,39.2,,run
2026-07-29T20:32:38+03:00,1785346358,15444,61,3,32.9,38.9,,run
2026-07-29T20:32:44+03:00,1785346364,15450,61,3,32.9,37.4,,run
2026-07-29T20:32:49+03:00,1785346369,15455,61,3,32.9,37.7,,run
2026-07-29T20:32:55+03:00,1785346375,15461,61,3,32.9,46.3,,run
2026-07-29T20:33:00+03:00,1785346380,15466,61,3,32.9,45.4,,run
2026-07-29T20:33:06+03:00,1785346386,15472,61,3,32.9,55.6,,run
2026-07-29T20:33:11+03:00,1785346391,15477,61,3,32.9,50.1,,run
2026-07-29T20:33:16+03:00,1785346396,15482,61,3,32.9,41.7,,run
2026-07-29T20:33:22+03:00,1785346402,15488,61,3,32.9,40.5,,run
2026-07-29T20:33:27+03:00,1785346407,15493,61,3,32.9,39.2,,run
2026-07-29T20:33:33+03:00,1785346413,15499,61,3,32.9,38.6,,run
2026-07-29T20:33:38+03:00,1785346418,15504,61,3,32.9,38.6,,run
2026-07-29T20:33:44+03:00,1785346424,15510,61,3,32.9,43.6,,run
2026-07-29T20:33:49+03:00,1785346429,15515,61,3,32.9,40.2,,run
2026-07-29T20:33:55+03:00,1785346435,15521,61,3,32.9,42.0,,run
2026-07-29T20:34:00+03:00,1785346440,15526,61,3,32.9,41.4,,run
2026-07-29T20:34:06+03:00,1785346446,15532,61,3,32.9,42.6,,run
2026-07-29T20:34:11+03:00,1785346451,15537,61,3,32.9,42.3,,run
2026-07-29T20:34:16+03:00,1785346456,15542,61,3,32.9,42.9,,run
2026-07-29T20:34:22+03:00,1785346462,15548,61,3,32.9,52.2,,run
2026-07-29T20:34:27+03:00,1785346467,15553,61,3,32.9,47.6,,run
2026-07-29T20:34:33+03:00,1785346473,15559,61,3,32.9,40.2,,run
2026-07-29T20:34:38+03:00,1785346478,15564,61,3,32.9,38.9,,run
2026-07-29T20:34:44+03:00,1785346484,15570,61,3,32.9,37.7,,run
2026-07-29T20:34:49+03:00,1785346489,15575,61,3,32.9,37.1,,run
2026-07-29T20:34:55+03:00,1785346495,15581,61,3,32.9,42.0,,run
2026-07-29T20:35:00+03:00,1785346500,15586,61,3,32.9,42.3,,run
2026-07-29T20:35:06+03:00,1785346506,15592,61,3,32.9,42.0,,run
2026-07-29T20:35:11+03:00,1785346511,15597,61,3,32.9,53.1,,run
2026-07-29T20:35:16+03:00,1785346516,15602,61,3,32.9,46.7,,run
2026-07-29T20:35:22+03:00,1785346522,15608,61,3,32.9,44.2,,run
2026-07-29T20:35:27+03:00,1785346527,15613,61,3,32.9,42.9,,run
2026-07-29T20:35:32+03:00,1785346532,15618,61,3,32.9,40.2,,run
2026-07-29T20:35:38+03:00,1785346538,15624,61,3,32.9,39.8,,run
2026-07-29T20:35:43+03:00,1785346543,15629,61,3,32.9,42.3,,run
2026-07-29T20:35:49+03:00,1785346549,15635,61,3,32.8,41.4,,run
2026-07-29T20:35:54+03:00,1785346554,15640,61,3,32.8,39.2,,run
2026-07-29T20:36:00+03:00,1785346560,15646,61,3,32.8,44.5,,run
2026-07-29T20:36:05+03:00,1785346565,15651,61,3,32.8,39.5,,run
2026-07-29T20:36:11+03:00,1785346571,15657,61,3,32.8,38.9,,run
2026-07-29T20:36:16+03:00,1785346576,15662,61,3,32.8,38.0,,run
2026-07-29T20:36:22+03:00,1785346582,15668,61,3,32.8,39.2,,run
2026-07-29T20:36:27+03:00,1785346587,15673,61,3,32.8,52.5,,run
2026-07-29T20:36:33+03:00,1785346593,15679,61,3,32.8,48.8,,run
2026-07-29T20:36:38+03:00,1785346598,15684,61,3,32.8,47.0,,run
2026-07-29T20:36:43+03:00,1785346603,15689,61,3,32.8,39.8,,run
2026-07-29T20:36:49+03:00,1785346609,15695,61,3,32.8,37.7,,run
2026-07-29T20:36:55+03:00,1785346615,15701,61,3,32.8,37.4,,run
2026-07-29T20:37:00+03:00,1785346620,15706,61,3,32.8,39.8,,run
2026-07-29T20:37:05+03:00,1785346625,15711,61,3,32.8,40.5,,run
2026-07-29T20:37:11+03:00,1785346631,15717,61,3,32.8,44.5,,run
2026-07-29T20:37:16+03:00,1785346636,15722,61,3,32.8,48.8,,run
2026-07-29T20:37:22+03:00,1785346642,15728,61,3,32.8,48.2,,run
2026-07-29T20:37:27+03:00,1785346647,15733,61,3,32.8,50.4,,run
2026-07-29T20:37:32+03:00,1785346652,15738,61,3,32.8,48.8,,run
2026-07-29T20:37:37+03:00,1785346657,15743,61,3,32.8,41.4,,run
2026-07-29T20:37:43+03:00,1785346663,15749,61,3,32.8,40.5,,run
2026-07-29T20:37:48+03:00,1785346668,15754,61,3,32.8,39.5,,run
2026-07-29T20:37:54+03:00,1785346674,15760,61,3,32.8,39.2,,run
2026-07-29T20:38:00+03:00,1785346680,15766,61,3,32.8,38.6,,run
2026-07-29T20:38:05+03:00,1785346685,15771,61,3,32.8,38.3,,run
2026-07-29T20:38:11+03:00,1785346691,15777,61,3,32.8,47.0,,run
2026-07-29T20:38:16+03:00,1785346696,15782,61,3,32.8,39.8,,run
2026-07-29T20:38:21+03:00,1785346701,15787,61,3,32.8,40.8,,run
2026-07-29T20:38:27+03:00,1785346707,15793,61,3,32.8,47.3,,run
2026-07-29T20:38:32+03:00,1785346712,15798,61,3,32.8,50.7,,run
2026-07-29T20:38:38+03:00,1785346718,15804,61,3,32.8,47.6,,run
2026-07-29T20:38:43+03:00,1785346723,15809,61,3,32.8,48.8,,run
2026-07-29T20:38:48+03:00,1785346728,15814,61,3,32.8,39.5,,run
2026-07-29T20:38:54+03:00,1785346734,15820,61,3,32.8,38.6,,run
2026-07-29T20:38:59+03:00,1785346739,15825,61,3,32.8,41.7,,run
2026-07-29T20:39:05+03:00,1785346745,15831,61,3,32.8,42.0,,run
2026-07-29T20:39:10+03:00,1785346750,15836,61,3,32.8,42.0,,run
2026-07-29T20:39:15+03:00,1785346755,15841,61,3,32.8,54.1,,run
2026-07-29T20:39:21+03:00,1785346761,15847,61,3,32.8,42.0,,run
2026-07-29T20:39:26+03:00,1785346766,15852,61,3,32.8,48.8,,run
2026-07-29T20:39:32+03:00,1785346772,15858,61,3,32.8,49.4,,run
2026-07-29T20:39:37+03:00,1785346777,15863,61,3,32.8,47.6,,run
2026-07-29T20:39:42+03:00,1785346782,15868,61,3,32.8,46.0,,run
2026-07-29T20:39:47+03:00,1785346787,15873,61,3,32.8,45.4,,run
2026-07-29T20:39:53+03:00,1785346793,15879,61,3,32.8,43.6,,run
2026-07-29T20:39:58+03:00,1785346798,15884,61,3,32.8,42.9,,run
2026-07-29T20:40:03+03:00,1785346803,15889,60,3,32.9,43.2,,run
2026-07-29T20:40:09+03:00,1785346809,15895,60,3,32.9,42.6,,run
2026-07-29T20:40:14+03:00,1785346814,15900,60,3,32.9,40.5,,run
2026-07-29T20:40:20+03:00,1785346820,15906,60,3,32.9,39.2,,run
2026-07-29T20:40:25+03:00,1785346825,15911,60,3,32.9,43.2,,run
2026-07-29T20:40:31+03:00,1785346831,15917,60,3,32.9,50.1,,run
2026-07-29T20:40:36+03:00,1785346836,15922,60,3,32.9,41.7,,run
2026-07-29T20:40:42+03:00,1785346842,15928,60,3,32.9,46.0,,run
2026-07-29T20:40:47+03:00,1785346847,15933,60,3,32.9,44.8,,run
2026-07-29T20:40:52+03:00,1785346852,15938,60,3,32.9,42.3,,run
2026-07-29T20:40:58+03:00,1785346858,15944,60,3,32.9,38.3,,run
2026-07-29T20:41:03+03:00,1785346863,15949,60,3,32.9,38.9,,run
2026-07-29T20:41:09+03:00,1785346869,15955,60,3,32.9,38.3,,run
2026-07-29T20:41:14+03:00,1785346874,15960,60,3,32.9,42.0,,run
2026-07-29T20:41:20+03:00,1785346880,15966,60,3,32.9,51.6,,run
2026-07-29T20:41:25+03:00,1785346885,15971,60,3,32.9,42.6,,run
2026-07-29T20:41:31+03:00,1785346891,15977,60,3,32.9,46.3,,run
2026-07-29T20:41:36+03:00,1785346896,15982,60,3,32.9,48.2,,run
2026-07-29T20:41:41+03:00,1785346901,15987,60,3,32.9,44.2,,run
2026-07-29T20:41:47+03:00,1785346907,15993,60,3,32.9,39.8,,run
2026-07-29T20:41:52+03:00,1785346912,15998,60,3,32.9,39.2,,run
2026-07-29T20:41:58+03:00,1785346918,16004,60,3,32.9,46.0,,run
2026-07-29T20:42:03+03:00,1785346923,16009,60,3,32.9,40.8,,run
2026-07-29T20:42:08+03:00,1785346928,16014,60,3,32.9,42.3,,run
2026-07-29T20:42:14+03:00,1785346934,16020,60,3,32.9,42.3,,run
2026-07-29T20:42:19+03:00,1785346939,16025,60,3,32.9,43.2,,run
2026-07-29T20:42:24+03:00,1785346944,16030,60,3,32.9,43.2,,run
2026-07-29T20:42:30+03:00,1785346950,16036,60,3,32.9,42.3,,run
2026-07-29T20:42:35+03:00,1785346955,16041,60,3,32.9,54.1,,run
2026-07-29T20:42:41+03:00,1785346961,16047,60,3,32.9,45.7,,run
2026-07-29T20:42:46+03:00,1785346966,16052,60,3,32.9,48.5,,run
2026-07-29T20:42:51+03:00,1785346971,16057,60,3,32.9,38.9,,run
2026-07-29T20:42:57+03:00,1785346977,16063,60,3,32.9,44.2,,run
2026-07-29T20:43:02+03:00,1785346982,16068,60,3,32.9,55.6,,run
2026-07-29T20:43:08+03:00,1785346988,16074,60,3,32.9,47.6,,run
2026-07-29T20:43:13+03:00,1785346993,16079,60,3,32.9,39.8,,run
2026-07-29T20:43:18+03:00,1785346998,16084,60,3,32.9,39.8,,run
2026-07-29T20:43:24+03:00,1785347004,16090,60,3,32.9,38.9,,run
2026-07-29T20:43:30+03:00,1785347010,16096,60,3,32.9,41.1,,run
2026-07-29T20:43:35+03:00,1785347015,16101,60,3,32.9,42.0,,run
2026-07-29T20:43:40+03:00,1785347020,16106,60,3,32.9,44.2,,run
2026-07-29T20:43:46+03:00,1785347026,16112,60,3,32.9,47.6,,run
2026-07-29T20:43:51+03:00,1785347031,16117,60,3,32.9,49.7,,run
2026-07-29T20:43:56+03:00,1785347036,16122,60,3,32.9,43.9,,run
2026-07-29T20:44:01+03:00,1785347041,16127,60,3,32.9,43.2,,run
2026-07-29T20:44:07+03:00,1785347047,16133,60,3,32.9,42.3,,run
2026-07-29T20:44:12+03:00,1785347052,16138,60,3,32.9,46.0,,run
2026-07-29T20:44:18+03:00,1785347058,16144,60,3,32.9,53.5,,run
2026-07-29T20:44:23+03:00,1785347063,16149,60,3,32.9,40.8,,run
2026-07-29T20:44:29+03:00,1785347069,16155,60,3,32.9,40.8,,run
2026-07-29T20:44:34+03:00,1785347074,16160,60,3,32.9,38.3,,run
2026-07-29T20:44:40+03:00,1785347080,16166,60,3,32.9,38.6,,run
2026-07-29T20:44:45+03:00,1785347085,16171,60,3,32.9,37.4,,run
2026-07-29T20:44:51+03:00,1785347091,16177,60,3,32.9,40.5,,run
2026-07-29T20:44:56+03:00,1785347096,16182,60,3,32.9,47.6,,run
2026-07-29T20:45:02+03:00,1785347102,16188,60,3,32.9,48.2,,run
2026-07-29T20:45:07+03:00,1785347107,16193,60,3,32.9,54.1,,run
2026-07-29T20:45:12+03:00,1785347112,16198,60,3,32.9,50.7,,run
2026-07-29T20:45:18+03:00,1785347118,16204,60,3,32.9,44.2,,run
2026-07-29T20:45:23+03:00,1785347123,16209,60,3,32.9,44.8,,run
2026-07-29T20:45:28+03:00,1785347128,16214,60,3,32.9,43.9,,run
2026-07-29T20:45:34+03:00,1785347134,16220,60,3,32.9,43.2,,run
2026-07-29T20:45:39+03:00,1785347139,16225,60,3,32.9,40.2,,run
2026-07-29T20:45:44+03:00,1785347144,16230,60,3,32.9,38.9,,run
2026-07-29T20:45:50+03:00,1785347150,16236,60,3,32.9,38.9,,run
2026-07-29T20:45:56+03:00,1785347156,16242,60,3,32.9,47.0,,run
2026-07-29T20:46:01+03:00,1785347161,16247,60,3,32.9,47.6,,run
2026-07-29T20:46:06+03:00,1785347166,16252,60,3,32.9,41.1,,run
2026-07-29T20:46:12+03:00,1785347172,16258,60,3,32.9,39.5,,run
2026-07-29T20:46:17+03:00,1785347177,16263,60,3,32.9,39.2,,run
2026-07-29T20:46:23+03:00,1785347183,16269,60,3,32.9,50.7,,run
2026-07-29T20:46:28+03:00,1785347188,16274,60,3,32.9,42.0,,run
2026-07-29T20:46:34+03:00,1785347194,16280,60,3,32.9,47.3,,run
2026-07-29T20:46:39+03:00,1785347199,16285,60,3,32.9,40.8,,run
2026-07-29T20:46:44+03:00,1785347204,16290,60,3,32.9,38.0,,run
2026-07-29T20:46:50+03:00,1785347210,16296,60,3,32.9,53.8,,run
2026-07-29T20:46:55+03:00,1785347215,16301,60,3,32.9,41.1,,run
2026-07-29T20:47:01+03:00,1785347221,16307,60,3,32.9,39.5,,run
2026-07-29T20:47:06+03:00,1785347226,16312,60,3,32.9,38.6,,run
2026-07-29T20:47:12+03:00,1785347232,16318,60,3,32.9,45.1,,run
2026-07-29T20:47:17+03:00,1785347237,16323,60,3,32.9,46.7,,run
2026-07-29T20:47:23+03:00,1785347243,16329,60,3,32.9,47.9,,run
2026-07-29T20:47:28+03:00,1785347248,16334,60,3,32.9,41.4,,run
2026-07-29T20:47:33+03:00,1785347253,16339,60,3,32.9,39.2,,run
2026-07-29T20:47:39+03:00,1785347259,16345,60,3,32.9,42.0,,run
2026-07-29T20:47:44+03:00,1785347264,16350,60,3,32.9,41.4,,run
2026-07-29T20:47:50+03:00,1785347270,16356,60,3,32.9,42.6,,run
2026-07-29T20:47:55+03:00,1785347275,16361,60,3,32.9,43.2,,run
2026-07-29T20:48:00+03:00,1785347280,16366,60,3,32.9,45.7,,run
2026-07-29T20:48:05+03:00,1785347285,16371,60,3,32.9,54.4,,run
2026-07-29T20:48:11+03:00,1785347291,16377,60,3,32.9,41.4,,run
2026-07-29T20:48:17+03:00,1785347297,16383,60,3,32.9,40.8,,run
2026-07-29T20:48:23+03:00,1785347303,16389,60,3,32.9,38.3,,run
2026-07-29T20:48:28+03:00,1785347308,16394,60,3,32.9,38.9,,run
2026-07-29T20:48:34+03:00,1785347314,16400,60,3,32.9,49.4,,run
2026-07-29T20:48:39+03:00,1785347319,16405,60,3,32.9,45.4,,run
2026-07-29T20:48:44+03:00,1785347324,16410,60,3,32.9,41.7,,run
2026-07-29T20:48:50+03:00,1785347330,16416,60,3,32.9,39.5,,run
2026-07-29T20:48:55+03:00,1785347335,16421,60,3,32.9,39.5,,run
2026-07-29T20:49:01+03:00,1785347341,16427,60,3,32.9,39.2,,run
2026-07-29T20:49:06+03:00,1785347346,16432,60,3,32.9,39.2,,run
2026-07-29T20:49:12+03:00,1785347352,16438,60,3,32.9,40.2,,run
2026-07-29T20:49:17+03:00,1785347357,16443,60,3,32.9,42.3,,run
2026-07-29T20:49:23+03:00,1785347363,16449,60,3,32.9,45.7,,run
2026-07-29T20:49:28+03:00,1785347368,16454,60,3,32.9,48.8,,run
2026-07-29T20:49:33+03:00,1785347373,16459,60,3,32.9,48.2,,run
2026-07-29T20:49:39+03:00,1785347379,16465,59,3,32.8,44.2,,run
2026-07-29T20:49:44+03:00,1785347384,16470,59,3,32.8,41.4,,run
2026-07-29T20:49:49+03:00,1785347389,16475,59,3,32.8,52.2,,run
2026-07-29T20:49:55+03:00,1785347395,16481,59,3,32.8,39.5,,run
2026-07-29T20:50:01+03:00,1785347401,16487,59,3,32.8,38.6,,run
2026-07-29T20:50:06+03:00,1785347406,16492,59,3,32.8,47.9,,run
2026-07-29T20:50:11+03:00,1785347411,16497,59,3,32.8,46.3,,run
2026-07-29T20:50:17+03:00,1785347417,16503,59,3,32.8,39.8,,run
2026-07-29T20:50:22+03:00,1785347422,16508,59,3,32.8,41.4,,run
2026-07-29T20:50:28+03:00,1785347428,16514,59,3,32.8,41.1,,run
2026-07-29T20:50:33+03:00,1785347433,16519,59,3,32.8,43.2,,run
2026-07-29T20:50:39+03:00,1785347439,16525,59,3,32.8,52.2,,run
2026-07-29T20:50:44+03:00,1785347444,16530,59,3,32.8,44.5,,run
2026-07-29T20:50:49+03:00,1785347449,16535,59,3,32.8,43.2,,run
2026-07-29T20:50:55+03:00,1785347455,16541,59,3,32.8,40.2,,run
2026-07-29T20:51:00+03:00,1785347460,16546,59,3,32.8,44.2,,run
2026-07-29T20:51:06+03:00,1785347466,16552,59,3,32.8,41.1,,run
2026-07-29T20:51:11+03:00,1785347471,16557,59,3,32.8,40.8,,run
2026-07-29T20:51:17+03:00,1785347477,16563,59,3,32.8,38.6,,run
2026-07-29T20:51:23+03:00,1785347483,16569,59,3,32.8,38.6,,run
2026-07-29T20:51:28+03:00,1785347488,16574,59,3,32.8,46.7,,run
2026-07-29T20:51:33+03:00,1785347493,16579,59,3,32.8,45.7,,run
2026-07-29T20:51:39+03:00,1785347499,16585,59,3,32.8,40.5,,run
2026-07-29T20:51:44+03:00,1785347504,16590,59,3,32.8,38.6,,run
2026-07-29T20:51:50+03:00,1785347510,16596,59,3,32.8,48.2,,run
2026-07-29T20:51:55+03:00,1785347515,16601,59,3,32.8,55.0,,run
2026-07-29T20:52:01+03:00,1785347521,16607,59,3,32.8,43.9,,run
2026-07-29T20:52:06+03:00,1785347526,16612,59,3,32.8,39.2,,run
2026-07-29T20:52:11+03:00,1785347531,16617,59,3,32.8,43.6,,run
2026-07-29T20:52:17+03:00,1785347537,16623,59,3,32.8,45.4,,run
2026-07-29T20:52:22+03:00,1785347542,16628,59,3,32.8,47.3,,run
2026-07-29T20:52:27+03:00,1785347547,16633,59,3,32.8,40.2,,run
2026-07-29T20:52:33+03:00,1785347553,16639,59,3,32.8,38.3,,run
2026-07-29T20:52:38+03:00,1785347558,16644,59,3,32.8,40.5,,run
2026-07-29T20:52:44+03:00,1785347564,16650,59,3,32.8,46.0,,run
2026-07-29T20:52:49+03:00,1785347569,16655,59,3,32.8,44.2,,run
2026-07-29T20:52:55+03:00,1785347575,16661,59,3,32.8,43.2,,run
2026-07-29T20:53:00+03:00,1785347580,16666,59,3,32.8,40.2,,run
2026-07-29T20:53:06+03:00,1785347586,16672,59,3,32.8,39.5,,run
2026-07-29T20:53:11+03:00,1785347591,16677,59,3,32.8,38.6,,run
2026-07-29T20:53:17+03:00,1785347597,16683,59,3,32.8,38.3,,run
2026-07-29T20:53:22+03:00,1785347602,16688,59,3,32.8,44.5,,run
2026-07-29T20:53:28+03:00,1785347608,16694,59,3,32.8,41.1,,run
2026-07-29T20:53:33+03:00,1785347613,16699,59,3,32.8,44.2,,run
2026-07-29T20:53:38+03:00,1785347618,16704,59,3,32.8,45.7,,run
2026-07-29T20:53:44+03:00,1785347624,16710,59,3,32.8,42.0,,run
2026-07-29T20:53:49+03:00,1785347629,16715,59,3,32.8,42.3,,run
2026-07-29T20:53:55+03:00,1785347635,16721,59,3,32.8,45.4,,run
2026-07-29T20:54:00+03:00,1785347640,16726,59,3,32.8,49.7,,run
2026-07-29T20:54:05+03:00,1785347645,16731,59,3,32.8,42.0,,run
2026-07-29T20:54:11+03:00,1785347651,16737,59,3,32.8,42.3,,run
2026-07-29T20:54:16+03:00,1785347656,16742,59,3,32.8,40.2,,run
2026-07-29T20:54:22+03:00,1785347662,16748,59,3,32.8,46.7,,run
2026-07-29T20:54:27+03:00,1785347667,16753,59,3,32.8,44.2,,run
2026-07-29T20:54:32+03:00,1785347672,16758,59,3,32.8,41.1,,run
2026-07-29T20:54:38+03:00,1785347678,16764,59,3,32.8,38.0,,run
2026-07-29T20:54:43+03:00,1785347683,16769,59,3,32.8,38.0,,run
2026-07-29T20:54:49+03:00,1785347689,16775,59,3,32.8,50.4,,run
2026-07-29T20:54:54+03:00,1785347694,16780,59,3,32.8,39.8,,run
2026-07-29T20:55:00+03:00,1785347700,16786,59,3,32.8,39.2,,run
2026-07-29T20:55:05+03:00,1785347705,16791,59,3,32.8,38.9,,run
2026-07-29T20:55:11+03:00,1785347711,16797,59,3,32.8,41.4,,run
2026-07-29T20:55:16+03:00,1785347716,16802,59,3,32.8,41.1,,run
2026-07-29T20:55:21+03:00,1785347721,16807,59,3,32.8,42.6,,run
2026-07-29T20:55:27+03:00,1785347727,16813,59,3,32.8,43.2,,run
2026-07-29T20:55:32+03:00,1785347732,16818,59,3,32.8,42.9,,run
2026-07-29T20:55:37+03:00,1785347737,16823,59,3,32.8,45.4,,run
2026-07-29T20:55:43+03:00,1785347743,16829,59,3,32.8,48.8,,run
2026-07-29T20:55:48+03:00,1785347748,16834,59,3,32.8,47.6,,run
2026-07-29T20:55:53+03:00,1785347753,16839,59,3,32.8,42.3,,run
2026-07-29T20:55:59+03:00,1785347759,16845,59,3,32.8,42.6,,run
2026-07-29T20:56:04+03:00,1785347764,16850,59,3,32.8,49.4,,run
2026-07-29T20:56:10+03:00,1785347770,16856,59,3,32.8,39.8,,run
2026-07-29T20:56:15+03:00,1785347775,16861,59,3,32.8,39.2,,run
2026-07-29T20:56:21+03:00,1785347781,16867,59,3,32.8,43.6,,run
2026-07-29T20:56:26+03:00,1785347786,16872,59,3,32.8,43.9,,run
2026-07-29T20:56:31+03:00,1785347791,16877,59,3,32.8,48.5,,run
2026-07-29T20:56:37+03:00,1785347797,16883,59,3,32.8,53.8,,run
2026-07-29T20:56:42+03:00,1785347802,16888,59,3,32.8,45.4,,run
2026-07-29T20:56:48+03:00,1785347808,16894,59,3,32.8,45.4,,run
2026-07-29T20:56:53+03:00,1785347813,16899,59,3,32.8,44.5,,run
2026-07-29T20:56:58+03:00,1785347818,16904,59,3,32.8,44.2,,run
2026-07-29T20:57:03+03:00,1785347823,16909,59,3,32.8,42.3,,run
2026-07-29T20:57:09+03:00,1785347829,16915,59,3,32.8,40.5,,run
2026-07-29T20:57:14+03:00,1785347834,16920,59,3,32.8,39.5,,run
2026-07-29T20:57:20+03:00,1785347840,16926,59,3,32.8,39.5,,run
2026-07-29T20:57:25+03:00,1785347845,16931,59,3,32.8,42.3,,run
2026-07-29T20:57:31+03:00,1785347851,16937,59,3,32.8,42.9,,run
2026-07-29T20:57:36+03:00,1785347856,16942,59,3,32.8,43.9,,run
2026-07-29T20:57:41+03:00,1785347861,16947,59,3,32.8,42.9,,run
2026-07-29T20:57:47+03:00,1785347867,16953,59,3,32.8,47.6,,run
2026-07-29T20:57:52+03:00,1785347872,16958,59,3,32.8,54.4,,run
2026-07-29T20:57:58+03:00,1785347878,16964,59,3,32.8,42.9,,run
2026-07-29T20:58:03+03:00,1785347883,16969,59,3,32.8,41.7,,run
2026-07-29T20:58:09+03:00,1785347889,16975,59,3,32.8,47.3,,run
2026-07-29T20:58:14+03:00,1785347894,16980,59,3,32.8,39.2,,run
2026-07-29T20:58:20+03:00,1785347900,16986,59,3,32.8,38.6,,run
2026-07-29T20:58:25+03:00,1785347905,16991,59,3,32.8,38.6,,run
2026-07-29T20:58:31+03:00,1785347911,16997,59,3,32.8,38.9,,run
2026-07-29T20:58:36+03:00,1785347916,17002,59,3,32.8,52.8,,run
2026-07-29T20:58:42+03:00,1785347922,17008,59,3,32.8,50.4,,run
2026-07-29T20:58:47+03:00,1785347927,17013,59,3,32.8,48.8,,run
2026-07-29T20:58:53+03:00,1785347933,17019,59,3,32.8,44.2,,run
2026-07-29T20:58:58+03:00,1785347938,17024,59,3,32.8,40.8,,run
2026-07-29T20:59:04+03:00,1785347944,17030,59,3,32.8,40.5,,run
2026-07-29T20:59:09+03:00,1785347949,17035,59,3,32.8,41.7,,run
2026-07-29T20:59:15+03:00,1785347955,17041,59,3,32.8,42.3,,run
2026-07-29T20:59:20+03:00,1785347960,17046,58,3,33.1,43.6,,run
2026-07-29T20:59:25+03:00,1785347965,17051,58,3,33.1,43.6,,run
2026-07-29T20:59:30+03:00,1785347970,17056,58,3,33.1,42.6,,run
2026-07-29T20:59:36+03:00,1785347976,17062,58,3,33.1,39.2,,run
2026-07-29T20:59:41+03:00,1785347981,17067,58,3,33.1,38.9,,run
2026-07-29T20:59:47+03:00,1785347987,17073,58,3,33.1,38.3,,run
2026-07-29T20:59:52+03:00,1785347992,17078,58,3,33.1,47.3,,run
2026-07-29T20:59:58+03:00,1785347998,17084,58,3,33.1,41.4,,run
2026-07-29T21:00:03+03:00,1785348003,17089,58,3,33.1,45.4,,run
2026-07-29T21:00:09+03:00,1785348009,17095,58,3,33.1,48.5,,run
2026-07-29T21:00:14+03:00,1785348014,17100,58,3,33.1,46.7,,run
2026-07-29T21:00:19+03:00,1785348019,17105,58,3,33.1,40.5,,run
2026-07-29T21:00:25+03:00,1785348025,17111,58,3,33.1,38.6,,run
2026-07-29T21:00:30+03:00,1785348030,17116,58,3,33.1,39.8,,run
2026-07-29T21:00:36+03:00,1785348036,17122,58,3,33.1,40.5,,run
2026-07-29T21:00:41+03:00,1785348041,17127,58,3,33.1,56.2,,run
2026-07-29T21:00:47+03:00,1785348047,17133,58,3,33.1,48.8,,run
2026-07-29T21:00:52+03:00,1785348052,17138,58,3,33.1,42.0,,run
2026-07-29T21:00:58+03:00,1785348058,17144,58,3,33.1,39.8,,run
2026-07-29T21:01:03+03:00,1785348063,17149,58,3,33.1,42.0,,run
2026-07-29T21:01:09+03:00,1785348069,17155,58,3,33.1,42.6,,run
2026-07-29T21:01:14+03:00,1785348074,17160,58,3,33.1,43.2,,run
2026-07-29T21:01:19+03:00,1785348079,17165,58,3,33.1,42.6,,run
2026-07-29T21:01:25+03:00,1785348085,17171,58,3,33.1,43.9,,run
2026-07-29T21:01:30+03:00,1785348090,17176,58,3,33.1,43.6,,run
2026-07-29T21:01:35+03:00,1785348095,17181,58,3,33.1,42.3,,run
2026-07-29T21:01:41+03:00,1785348101,17187,58,3,33.1,46.3,,run
2026-07-29T21:01:46+03:00,1785348106,17192,58,3,33.1,43.9,,run
2026-07-29T21:01:51+03:00,1785348111,17197,58,3,33.1,39.8,,run
2026-07-29T21:01:57+03:00,1785348117,17203,58,3,33.1,52.5,,run
2026-07-29T21:02:02+03:00,1785348122,17208,58,3,33.1,47.3,,run
2026-07-29T21:02:08+03:00,1785348128,17214,58,3,33.1,48.2,,run
2026-07-29T21:02:13+03:00,1785348133,17219,58,3,33.1,39.5,,run
2026-07-29T21:02:19+03:00,1785348139,17225,58,3,33.1,38.3,,run
2026-07-29T21:02:24+03:00,1785348144,17230,58,3,33.1,38.3,,run
2026-07-29T21:02:30+03:00,1785348150,17236,58,3,33.1,38.9,,run
2026-07-29T21:02:35+03:00,1785348155,17241,58,3,33.1,45.4,,run
2026-07-29T21:02:41+03:00,1785348161,17247,58,3,33.1,53.8,,run
2026-07-29T21:02:46+03:00,1785348166,17252,58,3,33.1,53.5,,run
2026-07-29T21:02:52+03:00,1785348172,17258,58,3,33.1,41.1,,run
2026-07-29T21:02:57+03:00,1785348177,17263,58,3,33.1,39.8,,run
2026-07-29T21:03:03+03:00,1785348183,17269,58,3,33.1,39.8,,run
2026-07-29T21:03:08+03:00,1785348188,17274,58,3,33.1,38.9,,run
2026-07-29T21:03:14+03:00,1785348194,17280,58,3,33.1,46.0,,run
2026-07-29T21:03:19+03:00,1785348199,17285,58,3,33.1,40.8,,run
2026-07-29T21:03:25+03:00,1785348205,17291,58,3,33.1,41.7,,run
2026-07-29T21:03:30+03:00,1785348210,17296,58,3,33.1,42.6,,run
2026-07-29T21:03:35+03:00,1785348215,17301,58,3,33.1,43.2,,run
2026-07-29T21:03:41+03:00,1785348221,17307,58,3,33.1,43.6,,run
2026-07-29T21:03:46+03:00,1785348226,17312,58,3,33.1,42.0,,run
2026-07-29T21:03:51+03:00,1785348231,17317,58,3,33.1,43.6,,run
2026-07-29T21:03:57+03:00,1785348237,17323,58,3,33.1,53.5,,run
2026-07-29T21:04:02+03:00,1785348242,17328,58,3,33.1,55.0,,run
2026-07-29T21:04:07+03:00,1785348247,17333,58,3,33.1,41.4,,run
2026-07-29T21:04:13+03:00,1785348253,17339,58,3,33.1,38.9,,run
2026-07-29T21:04:18+03:00,1785348258,17344,58,3,33.1,38.3,,run
2026-07-29T21:04:24+03:00,1785348264,17350,58,3,33.1,46.0,,run
2026-07-29T21:04:29+03:00,1785348269,17355,58,3,33.1,52.8,,run
2026-07-29T21:04:35+03:00,1785348275,17361,58,3,33.1,45.4,,run
2026-07-29T21:04:41+03:00,1785348281,17367,58,3,33.1,46.3,,run
2026-07-29T21:04:46+03:00,1785348286,17372,58,3,33.1,41.7,,run
2026-07-29T21:04:51+03:00,1785348291,17377,58,3,33.1,39.8,,run
2026-07-29T21:04:57+03:00,1785348297,17383,58,3,33.1,38.9,,run
2026-07-29T21:05:02+03:00,1785348302,17388,58,3,33.1,39.2,,run
2026-07-29T21:05:08+03:00,1785348308,17394,58,3,33.1,41.7,,run
2026-07-29T21:05:13+03:00,1785348313,17399,58,3,33.1,42.0,,run
2026-07-29T21:05:19+03:00,1785348319,17405,58,3,33.1,43.2,,run
2026-07-29T21:05:24+03:00,1785348324,17410,58,3,33.1,38.9,,run
2026-07-29T21:05:30+03:00,1785348330,17416,58,3,33.1,45.4,,run
2026-07-29T21:05:35+03:00,1785348335,17421,58,3,33.1,40.8,,run
2026-07-29T21:05:41+03:00,1785348341,17427,58,3,33.1,44.2,,run
2026-07-29T21:05:46+03:00,1785348346,17432,58,3,33.1,47.6,,run
2026-07-29T21:05:51+03:00,1785348351,17437,58,3,32.9,53.8,,run
2026-07-29T21:05:57+03:00,1785348357,17443,58,3,32.9,47.3,,run
2026-07-29T21:06:02+03:00,1785348362,17448,58,3,32.9,39.2,,run
2026-07-29T21:06:08+03:00,1785348368,17454,58,3,32.9,39.5,,run
2026-07-29T21:06:13+03:00,1785348373,17459,58,3,32.9,37.4,,run
2026-07-29T21:06:19+03:00,1785348379,17465,58,3,32.9,38.9,,run
2026-07-29T21:06:24+03:00,1785348384,17470,58,3,32.9,45.7,,run
2026-07-29T21:06:30+03:00,1785348390,17476,58,3,32.9,38.6,,run
2026-07-29T21:06:35+03:00,1785348395,17481,58,3,32.9,47.9,,run
2026-07-29T21:06:41+03:00,1785348401,17487,58,3,32.9,57.5,,run
2026-07-29T21:06:46+03:00,1785348406,17492,58,3,32.9,44.2,,run
2026-07-29T21:06:51+03:00,1785348411,17497,58,3,32.9,42.9,,run
2026-07-29T21:06:57+03:00,1785348417,17503,58,3,32.9,43.2,,run
2026-07-29T21:07:02+03:00,1785348422,17508,58,3,32.9,44.2,,run
2026-07-29T21:07:07+03:00,1785348427,17513,58,3,32.9,42.3,,run
2026-07-29T21:07:13+03:00,1785348433,17519,58,3,32.9,40.2,,run
2026-07-29T21:07:18+03:00,1785348438,17524,58,3,32.9,39.2,,run
2026-07-29T21:07:24+03:00,1785348444,17530,58,3,32.9,38.6,,run
2026-07-29T21:07:29+03:00,1785348449,17535,58,3,32.9,38.3,,run
2026-07-29T21:07:35+03:00,1785348455,17541,58,3,32.9,38.9,,run
2026-07-29T21:07:40+03:00,1785348460,17546,58,3,32.9,38.6,,run
2026-07-29T21:07:46+03:00,1785348466,17552,58,3,32.9,48.2,,run
2026-07-29T21:07:51+03:00,1785348471,17557,58,3,32.9,45.7,,run
2026-07-29T21:07:57+03:00,1785348477,17563,58,3,32.9,54.4,,run
2026-07-29T21:08:02+03:00,1785348482,17568,58,3,32.9,49.4,,run
2026-07-29T21:08:08+03:00,1785348488,17574,58,3,32.9,48.5,,run
2026-07-29T21:08:13+03:00,1785348493,17579,58,3,32.9,41.4,,run
2026-07-29T21:08:18+03:00,1785348498,17584,58,3,32.9,38.9,,run
2026-07-29T21:08:24+03:00,1785348504,17590,58,3,32.9,39.5,,run
2026-07-29T21:08:30+03:00,1785348510,17596,58,3,32.9,38.3,,run
2026-07-29T21:08:35+03:00,1785348515,17601,58,3,32.9,43.6,,run
2026-07-29T21:08:41+03:00,1785348521,17607,58,3,32.9,40.5,,run
2026-07-29T21:08:46+03:00,1785348526,17612,58,3,32.9,43.9,,run
2026-07-29T21:08:52+03:00,1785348532,17618,58,3,32.9,54.7,,run
2026-07-29T21:08:57+03:00,1785348537,17623,57,3,33.1,50.4,,run
2026-07-29T21:09:03+03:00,1785348543,17629,57,3,33.1,43.6,,run
2026-07-29T21:09:08+03:00,1785348548,17634,57,3,33.1,44.8,,run
2026-07-29T21:09:14+03:00,1785348554,17640,57,3,33.1,46.0,,run
2026-07-29T21:09:19+03:00,1785348559,17645,57,3,33.1,47.9,,run
2026-07-29T21:09:24+03:00,1785348564,17650,57,3,33.1,47.0,,run
2026-07-29T21:09:30+03:00,1785348570,17656,57,3,33.1,47.9,,run
2026-07-29T21:09:35+03:00,1785348575,17661,57,3,33.1,41.4,,run
2026-07-29T21:09:40+03:00,1785348580,17666,57,3,33.1,43.9,,run
2026-07-29T21:09:46+03:00,1785348586,17672,57,3,33.1,45.4,,run
2026-07-29T21:09:51+03:00,1785348591,17677,57,3,33.1,47.9,,run
2026-07-29T21:09:56+03:00,1785348596,17682,57,3,33.1,47.6,,run
2026-07-29T21:10:02+03:00,1785348602,17688,57,3,33.1,40.8,,run
2026-07-29T21:10:07+03:00,1785348607,17693,57,3,33.1,43.6,,run
2026-07-29T21:10:13+03:00,1785348613,17699,57,3,33.1,43.9,,run
2026-07-29T21:10:18+03:00,1785348618,17704,57,3,33.1,42.3,,end
