# sample_id=0452/rev_002_46f1fb92 exec_index=1 ok=False perf_lines=30 vm_events=30 battery_pct=73 soc_temp_millic=39500 battery_temp_c=36.5 charging=False preflight_started=2026-09-11T14:24:23.820010+00:00 started=2026-09-11T14:24:26.596285+00:00 ts=2026-09-11T14:26:25.687208+00:00
[spm]: Running flutter analyze...
Resolving dependencies...
Downloading packages...
  _fe_analyzer_shared 100.0.0 (107.0.0 available)
  analyzer 13.0.0 (14.3.0 available)
  async 2.13.0 (2.13.1 available)
  clock 1.1.2 (1.1.3 available)
  cupertino_icons 1.0.8 (1.0.9 available)
  glob 2.1.3 (2.2.0 available)
  lints 6.0.0 (6.1.0 available)
  matcher 0.12.19 (0.12.20 available)
  material_color_utilities 0.13.0 (0.13.1 available)
  meta 1.18.0 (1.19.0 available)
  package_config 2.2.0 (3.0.0 available)
  platform 3.1.6 (3.2.0 available)
  process 5.0.5 (5.0.6 available)
  pub_semver 2.2.0 (2.2.1 available)
  source_span 1.10.1 (1.10.2 available)
  stack_trace 1.12.1 (1.12.2 available)
  test_api 0.7.11 (0.7.14 available)
  vector_math 2.2.0 (2.4.2 available)
  vm_service 15.0.2 (15.3.0 available)
  webdriver 3.1.0 (3.2.0 available)
  yaml 3.1.3 (3.1.4 available)
Got dependencies!
21 packages have newer versions incompatible with dependency constraints.
Try `flutter pub outdated` for more information.
Analyzing lib...                                                

   info • The part-of directive uses a library name. Try converting the directive to use the URI of the library • lib/dependencies.dart:46:1 • use_string_in_part_of_directives
   info • Redundant initialization to 'null'. Try removing the initializer • lib/dependencies.dart:80:11 • avoid_init_to_null
   info • Redundant initialization to 'null'. Try removing the initializer • lib/dependencies.dart:82:12 • avoid_init_to_null
   info • Redundant initialization to 'null'. Try removing the initializer • lib/dependencies.dart:84:9 • avoid_init_to_null
warning • Two elements in a set literal shouldn't be equal. Change or remove the duplicate element • lib/dependencies.dart:94:43 • equal_elements_in_set
warning • Two elements in a set literal shouldn't be equal. Change or remove the duplicate element • lib/dependencies.dart:94:46 • equal_elements_in_set
   info • Constructors in '@immutable' classes should be declared as 'const'. Try adding 'const' to the constructor declaration • lib/dependencies.dart:122:3 • prefer_const_constructors_in_immutables
   info • Constructors in '@immutable' classes should be declared as 'const'. Try adding 'const' to the constructor declaration • lib/dependencies.dart:147:3 • prefer_const_constructors_in_immutables
   info • Constructors in '@immutable' classes should be declared as 'const'. Try adding 'const' to the constructor declaration • lib/dependencies.dart:172:3 • prefer_const_constructors_in_immutables
   info • Constructors in '@immutable' classes should be declared as 'const'. Try adding 'const' to the constructor declaration • lib/dependencies.dart:195:3 • prefer_const_constructors_in_immutables
   info • Constructors in '@immutable' classes should be declared as 'const'. Try adding 'const' to the constructor declaration • lib/dependencies.dart:218:3 • prefer_const_constructors_in_immutables
   info • The variable name 'EEEE' isn't a lowerCamelCase identifier. Try changing the name to follow the lowerCamelCase style • lib/dependencies.dart:308:14 • non_constant_identifier_names
   info • The variable name 'EEEEE' isn't a lowerCamelCase identifier. Try changing the name to follow the lowerCamelCase style • lib/dependencies.dart:309:14 • non_constant_identifier_names
   info • The variable name 'LLL' isn't a lowerCamelCase identifier. Try changing the name to follow the lowerCamelCase style • lib/dependencies.dart:310:14 • non_constant_identifier_names
   info • The variable name 'LLLL' isn't a lowerCamelCase identifier. Try changing the name to follow the lowerCamelCase style • lib/dependencies.dart:311:14 • non_constant_identifier_names
   info • The variable name 'Md' isn't a lowerCamelCase identifier. Try changing the name to follow the lowerCamelCase style • lib/dependencies.dart:313:14 • non_constant_identifier_names
   info • The variable name 'MEd' isn't a lowerCamelCase identifier. Try changing the name to follow the lowerCamelCase style • lib/dependencies.dart:314:14 • non_constant_identifier_names
   info • The variable name 'MMM' isn't a lowerCamelCase identifier. Try changing the name to follow the lowerCamelCase style • lib/dependencies.dart:315:14 • non_constant_identifier_names
   info • The variable name 'MMMd' isn't a lowerCamelCase identifier. Try changing the name to follow the lowerCamelCase style • lib/dependencies.dart:316:14 • non_constant_identifier_names
   info • The variable name 'MMMEd' isn't a lowerCamelCase identifier. Try changing the name to follow the lowerCamelCase style • lib/dependencies.dart:317:14 • non_constant_identifier_names
   info • The variable name 'MMMM' isn't a lowerCamelCase identifier. Try changing the name to follow the lowerCamelCase style • lib/dependencies.dart:318:14 • non_constant_identifier_names
   info • The variable name 'MMMMd' isn't a lowerCamelCase identifier. Try changing the name to follow the lowerCamelCase style • lib/dependencies.dart:319:14 • non_constant_identifier_names
   info • The variable name 'MMMMEEEEd' isn't a lowerCamelCase identifier. Try changing the name to follow the lowerCamelCase style • lib/dependencies.dart:320:14 • non_constant_identifier_names
   info • The variable name 'QQQ' isn't a lowerCamelCase identifier. Try changing the name to follow the lowerCamelCase style • lib/dependencies.dart:321:14 • non_constant_identifier_names
   info • The variable name 'QQQQ' isn't a lowerCamelCase identifier. Try changing the name to follow the lowerCamelCase style • lib/dependencies.dart:322:14 • non_constant_identifier_names
   info • The variable name 'Hm' isn't a lowerCamelCase identifier. Try changing the name to follow the lowerCamelCase style • lib/dependencies.dart:336:14 • non_constant_identifier_names
   info • The variable name 'Hms' isn't a lowerCamelCase identifier. Try changing the name to follow the lowerCamelCase style • lib/dependencies.dart:337:14 • non_constant_identifier_names
   info • Library names are not necessary. Remove the library name • lib/generated_widget.dart:2:9 • unnecessary_library_name
   info • Constructors in '@immutable' classes should be declared as 'const'. Try adding 'const' to the constructor declaration • lib/generated_widget.dart:12:3 • prefer_const_constructors_in_immutables
   info • 'MaterialStatePropertyAll' is deprecated and shouldn't be used. Use WidgetStatePropertyAll instead. Moved to the Widgets layer to make code available outside of Material. This feature was deprecated after v3.19.0-0.3.pre. Try replacing the use of the deprecated member with the replacement • lib/generated_widget.dart:108:20 • deprecated_member_use

[spm]: Injecting profiler code...
[spm]: Starting app...
Running Gradle task 'assembleProfile'...                        
Running Gradle task 'assembleProfile'...                           19.2s
✓ Built build/app/outputs/flutter-apk/app-profile.apk (26.8MB)
Installing build/app/outputs/flutter-apk/app-profile.apk...      1,318ms
D/DecorView[](10181): getWindowModeFromSystem  windowmode is 1
D/DecorView[](10181): getWindowModeFromSystem  windowmode is 1
D/DecorView[](10181): updateDecorCaptionStatus displayWindowDecor is false
W/Looper  (10181): PerfMonitor looperActivity : package=com.example.benchmark_container/.MainActivity time=359ms latency=362ms running=0ms  procState=-1  historyMsgCount=2 (msgIndex=1 wall=359ms seq=4 late=362ms h=android.app.ActivityThread$H w=159) (msgIndex=2 wall=370ms seq=3 h=android.app.ActivityThread$H w=110)
W/Looper  (10181): PerfMonitor looperActivity : package=com.example.benchmark_container/.MainActivity time=0ms latency=723ms running=0ms  procState=-1  historyMsgCount=4 (msgIndex=2 wall=359ms seq=4 h=android.app.ActivityThread$H w=159) (msgIndex=3 wall=370ms seq=3 h=android.app.ActivityThread$H w=110) (msgIndex=4 wall=359ms seq=4 h=android.app.ActivityThread$H w=159)
D/SurfaceView(10181): UPDATE null, mIsCastMode = false
D/hw-ProcessState(10181): Binder ioctl to enable oneway spam detection failed: Invalid argument
W/Looper  (10181): PerfMonitor longMsg : seq=8 plan=17:25:02.170 late=363ms wall=1658ms running=0ms h=android.view.Choreographer$FrameHandler c=android.view.Choreographer$FrameDisplayEventReceiver procState=-1
W/Looper  (10181): PerfMonitor doFrame : time=1658ms vsyncFrame=0 latency=363ms procState=-1 historyMsgCount=4 (msgIndex=1 wall=1658ms seq=8 late=363ms h=android.view.Choreographer$FrameHandler c=android.view.Choreographer$FrameDisplayEventReceiver)
I/Choreographer(10181): Skipped 94 frames!  The application may be doing too much work on its main thread.
D/SurfaceView(10181): UPDATE Surface(name=SurfaceView[com.example.benchmark_container/com.example.benchmark_container.MainActivity])/@0x739554a, mIsProjectionMode = false
W/Looper  (10181): PerfMonitor doFrame : time=3ms vsyncFrame=0 latency=1576ms procState=-1 historyMsgCount=4
[spm]: Connected to Dart VM service.
I/flutter (10181): 00:00 +0: Performance Benchmark
E/hmark_containe(10181): open libmigui.so failed! dlopen - dlopen failed: library "libmigui.so" not found
D/hmark_containe(10181): MiuiProcessManagerServiceStub setSchedFifo
I/MiuiProcessManagerImpl(10181): setSchedFifo pid:10181, mode:3
D/DecorView[](10181): onWindowFocusChanged hasWindowFocus true
I/flutter (10181): type 'BoxParentData' is not a subtype of type 'FlexParentData' in type cast
I/flutter (10181): #0      Flexible.applyParentData (package:flutter/src/widgets/basic.dart:6069)
I/flutter (10181): #1      RenderObjectElement._updateParentData (package:flutter/src/widgets/framework.dart:6901)
I/flutter (10181): #2      RenderObjectElement.attachRenderObject (package:flutter/src/widgets/framework.dart:6945)
I/flutter (10181): #3      RenderObjectElement.mount (package:flutter/src/widgets/framework.dart:6801)
I/flutter (10181): #4      SingleChildRenderObjectElement.mount (package:flutter/src/widgets/framework.dart:7114)
I/flutter (10181): #5      Element.inflateWidget (package:flutter/src/widgets/framework.dart:4587)
I/flutter (10181): #6      Element.updateChild (package:flutter/src/widgets/framework.dart:4059)
I/flutter (10181): #7      ComponentElement.performRebuild (package:flutter/src/widgets/framework.dart:5841)
I/flutter (10181): #8      Element.rebuild (package:flutter/src/widgets/framework.dart:5529)
I/flutter (10181): #9      ComponentElement._firstBuild (package:flutter/src/widgets/framework.dart:5799)
I/flutter (10181): #10     ComponentElement.mount (package:flutter/src/widgets/framework.dart:5793)
I/flutter (10181): #11     Element.inflateWidget (package:flutter/src/widgets/framework.dart:4587)
I/flutter (10181): #12     Element.updateChild (package:flutter/src/widgets/framework.dart:4059)
I/flutter (10181): #13     SingleChildRenderObjectElement.mount (package:flutter/src/widgets/framework.dart:7115)
I/flutter (10181): #14     Element.inflateWidget (package:flutter/src/widgets/framework.dart:4587)
I/flutter (10181): #15     Element.updateChild (package:flutter/src/widgets/framework.dart:4059)
I/flutter (10181): #16     SingleChildRenderObjectElement.mount (package:flutter/src/widgets/framework.dart:7115)
I/flutter (10181): #17     Element.inflateWidget (package:flutter/src/widgets/framework.dart:4587)
I/flutter (10181): #18     Element.updateChild (package:flutter/src/widgets/framework.dart:4059)
I/flutter (10181): #19     SingleChildRenderObjectElement.mount (package:flutter/src/widgets/framework.dart:7115)
I/flutter (10181): #20     Element.inflateWidget (package:flutter/src/widgets/framework.dart:4587)
I/flutter (10181): #21     Element.updateChild (package:flutter/src/widgets/framework.dart:4059)
I/flutter (10181): #22     ComponentElement.performRebuild (package:flutter/src/widgets/framework.dart:5841)
I/flutter (10181): #23     Element.rebuild (package:flutter/src/widgets/framework.dart:5529)
I/flutter (10181): #24     ComponentElement._firstBuild (package:flutter/src/widgets/framework.dart:5799)
I/flutter (10181): #25     ComponentElement.mount (package:flutter/src/widgets/framework.dart:5793)
I/flutter (10181): #26     Element.inflateWidget (package:flutter/src/widgets/framework.dart:4587)
I/flutter (10181): #27     Element.updateChild (package:flutter/src/widgets/framework.dart:4059)
I/flutter (10181): #28     SingleChildRenderObjectElement.mount (package:flutter/src/widgets/framework.dart:7115)
I/flutter (10181): #29     Element.inflateWidget (package:flutter/src/widgets/framework.dart:4587)
I/flutter (10181): #30     Element.updateChild (package:flutter/src/widgets/framework.dart:4059)
I/flutter (10181): #31     SingleChildRenderObjectElement.mount (package:flutter/src/widgets/framework.dart:7115)
I/flutter (10181): #32     Element.inflateWidget (package:flutter/src/widgets/framework.dart:4587)
I/flutter (10181): #33     Element.updateChild (package:flutter/src/widgets/framework.dart:4059)
I/flutter (10181): #34     SingleChildRenderObjectElement.mount (package:flutter/src/widgets/framework.dart:7115)
I/flutter (10181): #35     Element.inflateWidget (package:flutter/src/widgets/framework.dart:4587)
I/flutter (10181): #36     Element.updateChild (package:flutter/src/widgets/framework.dart:4059)
I/flutter (10181): #37     ComponentElement.performRebuild (package:flutter/src/widgets/framework.dart:5841)
I/flutter (10181): #38     StatefulElement.performRebuild (package:flutter/src/widgets/framework.dart:5982)
I/flutter (10181): #39     Element.rebuild (package:flutter/src/widgets/framework.dart:5529)
I/flutter (10181): #40     ComponentElement._firstBuild (package:flutter/src/widgets/framework.dart:5799)
I/flutter (10181): #41     StatefulElement._firstBuild (package:flutter/src/widgets/framework.dart:5973)
I/flutter (10181): #42     ComponentElement.mount (package:flutter/src/widgets/framework.dart:5793)
I/flutter (10181): #43     Element.inflateWidget (package:flutter/src/widgets/framework.dart:4587)
I/flutter (10181): #44     Element.updateChild (package:flutter/src/widgets/framework.dart:4059)
I/flutter (10181): #45     ComponentElement.performRebuild (package:flutter/src/widgets/framework.dart:5841)
I/flutter (10181): #46     Element.rebuild (package:flutter/src/widgets/framework.dart:5529)
I/flutter (10181): #47     ComponentElement._firstBuild (package:flutter/src/widgets/framework.dart:5799)
I/flutter (10181): #48     ComponentElement.mount (package:flutter/src/widgets/framework.dart:5793)
I/flutter (10181): #49     Element.inflateWidget (package:flutter/src/widgets/framework.dart:4587)
I/flutter (10181): #50     Element.updateChild (package:flutter/src/widgets/framework.dart:4059)
I/flutter (10181): #51     SingleChildRenderObjectElement.mount (package:flutter/src/widgets/framework.dart:7115)
I/flutter (10181): #52     Element.inflateWidget (package:flutter/src/widgets/framework.dart:4587)
I/flutter (10181): #53     Element.updateChild (package:flutter/src/widgets/framework.dart:4059)
I/flutter (10181): #54     ComponentElement.performRebuild (package:flutter/src/widgets/framework.dart:5841)
I/flutter (10181): #55     Element.rebuild (package:flutter/src/widgets/framework.dart:5529)
I/flutter (10181): #56     ComponentElement._firstBuild (package:flutter/src/widgets/framework.dart:5799)
I/flutter (10181): #57     ComponentElement.mount (package:flutter/src/widgets/framework.dart:5793)
I/flutter (10181): #58     Element.inflateWidget (package:flutter/src/widgets/framework.dart:4587)
I/flutter (10181): #59     Element.updateChild (package:flutter/src/widgets/framework.dart:4059)
I/flutter (10181): #60     ComponentElement.performRebuild (package:flutter/src/widgets/framework.dart:5841)
I/flutter (10181): #61     Element.rebuild (package:flutter/src/widgets/framework.dart:5529)
I/flutter (10181): #62     ComponentElement._firstBuild (package:flutter/src/widgets/framework.dart:5799)
I/flutter (10181): #63     ComponentElement.mount (package:flutter/src/widgets/framework.dart:5793)
I/flutter (10181): #64     Element.inflateWidget (package:flutter/src/widgets/framework.dart:4587)
I/flutter (10181): #65     Element.updateChild (package:flutter/src/widgets/framework.dart:4059)
I/flutter (10181): #66     SingleChildRenderObjectElement.mount (package:flutter/src/widgets/framework.dart:7115)
I/flutter (10181): #67     Element.inflateWidget (package:flutter/src/widgets/framework.dart:4587)
I/flutter (10181): #68     Element.updateChild (package:flutter/src/widgets/framework.dart:4059)
I/flutter (10181): #69     SingleChildRenderObjectElement.mount (package:flutter/src/widgets/framework.dart:7115)
I/flutter (10181): #70     Element.inflateWidget (package:flutter/src/widgets/framework.dart:4587)
I/flutter (10181): #71     Element.updateChild (package:flutter/src/widgets/framework.dart:4059)
I/flutter (10181): #72     ComponentElement.performRebuild (package:flutter/src/widgets/framework.dart:5841)
I/flutter (10181): #73     Element.rebuild (package:flutter/src/widgets/framework.dart:5529)
I/flutter (10181): #74     ComponentElement._firstBuild (package:flutter/src/widgets/framework.dart:5799)
I/flutter (10181): #75     ComponentElement.mount (package:flutter/src/widgets/framework.dart:5793)
I/flutter (10181): #76     Element.inflateWidget (package:flutter/src/widgets/framework.dart:4587)
I/flutter (10181): #77     Element.updateChild (package:flutter/src/widgets/framework.dart:4059)
I/flutter (10181): #78     ComponentElement.performRebuild (package:flutter/src/widgets/framework.dart:5841)
I/flutter (10181): #79     StatefulElement.performRebuild (package:flutter/src/widgets/framework.dart:5982)
I/flutter (10181): #80     Element.rebuild (package:flutter/src/widgets/framework.dart:5529)
I/flutter (10181): #81     ComponentElement._firstBuild (package:flutter/src/widgets/framework.dart:5799)
I/flutter (10181): #82     StatefulElement._firstBuild (package:flutter/src/widgets/framework.dart:5973)
I/flutter (10181): #83     ComponentElement.mount (package:flutter/src/widgets/framework.dart:5793)
I/flutter (10181): #84     Element.inflateWidget (package:flutter/src/widgets/framework.dart:4587)
I/flutter (10181): #85     Element.updateChild (package:flutter/src/widgets/framework.dart:4059)
I/flutter (10181): #86     ComponentElement.performRebuild (package:flutter/src/widgets/framework.dart:5841)
I/flutter (10181): #87     Element.rebuild (package:flutter/src/widgets/framework.dart:5529)
I/flutter (10181): #88     ComponentElement._firstBuild (package:flutter/src/widgets/framework.dart:5799)
I/flutter (10181): #89     ComponentElement.mount (package:flutter/src/widgets/framework.dart:5793)
I/flutter (10181): #90     Element.inflateWidget (package:flutter/src/widgets/framework.dart:4587)
I/flutter (10181): #91     Element.updateChild (package:flutter/src/widgets/framework.dart:4059)
I/flutter (10181): #92     ComponentElement.performRebuild (package:flutter/src/widgets/framework.dart:5841)
I/flutter (10181): #93     StatefulElement.performRebuild (package:flutter/src/widgets/framework.dart:5982)
I/flutter (10181): #94     Element.rebuild (package:flutter/src/widgets/framework.dart:5529)
I/flutter (10181): #95     ComponentElement._firstBuild (package:flutter/src/widgets/framework.dart:5799)
I/flutter (10181): #96     StatefulElement._firstBuild (package:flutter/src/widgets/framework.dart:5973)
I/flutter (10181): #97     ComponentElement.mount (package:flutter/src/widgets/framework.dart:5793)
I/flutter (10181): #98     Element.inflateWidget (package:flutter/src/widgets/framework.dart:4587)
I/flutter (10181): #99     Element.updateChild (package:flutter/src/widgets/framework.dart:4059)
I/flutter (10181): type 'BoxParentData' is not a subtype of type 'FlexParentData' in type cast
I/flutter (10181): #0      Flexible.applyParentData (package:flutter/src/widgets/basic.dart:6069)
I/flutter (10181): #1      RenderObjectElement._updateParentData (package:flutter/src/widgets/framework.dart:6901)
I/flutter (10181): #2      RenderObjectElement.attachRenderObject (package:flutter/src/widgets/framework.dart:6945)
I/flutter (10181): #3      RenderObjectElement.mount (package:flutter/src/widgets/framework.dart:6801)
I/flutter (10181): #4      Element.inflateWidget (package:flutter/src/widgets/framework.dart:4587)
I/flutter (10181): #5      Element.updateChild (package:flutter/src/widgets/framework.dart:4059)
I/flutter (10181): #6      ComponentElement.performRebuild (package:flutter/src/widgets/framework.dart:5858)
I/flutter (10181): #7      Element.rebuild (package:flutter/src/widgets/framework.dart:5529)
I/flutter (10181): #8      ComponentElement._firstBuild (package:flutter/src/widgets/framework.dart:5799)
I/flutter (10181): #9      ComponentElement.mount (package:flutter/src/widgets/framework.dart:5793)
I/flutter (10181): #10     Element.inflateWidget (package:flutter/src/widgets/framework.dart:4587)
I/flutter (10181): #11     Element.updateChild (package:flutter/src/widgets/framework.dart:4059)
I/flutter (10181): #12     SingleChildRenderObjectElement.mount (package:flutter/src/widgets/framework.dart:7115)
I/flutter (10181): #13     Element.inflateWidget (package:flutter/src/widgets/framework.dart:4587)
I/flutter (10181): #14     Element.updateChild (package:flutter/src/widgets/framework.dart:4059)
I/flutter (10181): #15     SingleChildRenderObjectElement.mount (package:flutter/src/widgets/framework.dart:7115)
I/flutter (10181): #16     Element.inflateWidget (package:flutter/src/widgets/framework.dart:4587)
I/flutter (10181): #17     Element.updateChild (package:flutter/src/widgets/framework.dart:4059)
I/flutter (10181): #18     SingleChildRenderObjectElement.mount (package:flutter/src/widgets/framework.dart:7115)
I/flutter (10181): #19     Element.inflateWidget (package:flutter/src/widgets/framework.dart:4587)
I/flutter (10181): #20     Element.updateChild (package:flutter/src/widgets/framework.dart:4059)
I/flutter (10181): #21     ComponentElement.performRebuild (package:flutter/src/widgets/framework.dart:5841)
I/flutter (10181): #22     Element.rebuild (package:flutter/src/widgets/framework.dart:5529)
I/flutter (10181): #23     ComponentElement._firstBuild (package:flutter/src/widgets/framework.dart:5799)
I/flutter (10181): #24     ComponentElement.mount (package:flutter/src/widgets/framework.dart:5793)
I/flutter (10181): #25     Element.inflateWidget (package:flutter/src/widgets/framework.dart:4587)
I/flutter (10181): #26     Element.updateChild (package:flutter/src/widgets/framework.dart:4059)
I/flutter (10181): #27     SingleChildRenderObjectElement.mount (package:flutter/src/widgets/framework.dart:7115)
I/flutter (10181): #28     Element.inflateWidget (package:flutter/src/widgets/framework.dart:4587)
I/flutter (10181): #29     Element.updateChild (package:flutter/src/widgets/framework.dart:4059)
I/flutter (10181): #30     SingleChildRenderObjectElement.mount (package:flutter/src/widgets/framework.dart:7115)
I/flutter (10181): #31     Element.inflateWidget (package:flutter/src/widgets/framework.dart:4587)
I/flutter (10181): #32     Element.updateChild (package:flutter/src/widgets/framework.dart:4059)
I/flutter (10181): #33     SingleChildRenderObjectElement.mount (package:flutter/src/widgets/framework.dart:7115)
I/flutter (10181): #34     Element.inflateWidget (package:flutter/src/widgets/framework.dart:4587)
I/flutter (10181): #35     Element.updateChild (package:flutter/src/widgets/framework.dart:4059)
I/flutter (10181): #36     ComponentElement.performRebuild (package:flutter/src/widgets/framework.dart:5841)
I/flutter (10181): #37     StatefulElement.performRebuild (package:flutter/src/widgets/framework.dart:5982)
I/flutter (10181): #38     Element.rebuild (package:flutter/src/widgets/framework.dart:5529)
I/flutter (10181): #39     ComponentElement._firstBuild (package:flutter/src/widgets/framework.dart:5799)
I/flutter (10181): #40     StatefulElement._firstBuild (package:flutter/src/widgets/framework.dart:5973)
I/flutter (10181): #41     ComponentElement.mount (package:flutter/src/widgets/framework.dart:5793)
I/flutter (10181): #42     Element.inflateWidget (package:flutter/src/widgets/framework.dart:4587)
I/flutter (10181): #43     Element.updateChild (package:flutter/src/widgets/framework.dart:4059)
I/flutter (10181): #44     ComponentElement.performRebuild (package:flutter/src/widgets/framework.dart:5841)
I/flutter (10181): #45     Element.rebuild (package:flutter/src/widgets/framework.dart:5529)
I/flutter (10181): #46     ComponentElement._firstBuild (package:flutter/src/widgets/framework.dart:5799)
I/flutter (10181): #47     ComponentElement.mount (package:flutter/src/widgets/framework.dart:5793)
D/DecorView[](10181): getWindowModeFromSystem  windowmode is 1
D/DecorView[](10181): updateDecorCaptionStatus displayWindowDecor is false
I/flutter (10181): #48     Element.inflateWidget (package:flutter/src/widgets/framework.dart:4587)
I/flutter (10181): #49     Element.updateChild (package:flutter/src/widgets/framework.dart:4059)
I/flutter (10181): #50     SingleChildRenderObjectElement.mount (package:flutter/src/widgets/framework.dart:7115)
I/flutter (10181): #51     Element.inflateWidget (package:flutter/src/widgets/framework.dart:4587)
I/flutter (10181): #52     Element.updateChild (package:flutter/src/widgets/framework.dart:4059)
I/flutter (10181): #53     ComponentElement.performRebuild (package:flutter/src/widgets/framework.dart:5841)
I/flutter (10181): #54     Element.rebuild (package:flutter/src/widgets/framework.dart:5529)
I/flutter (10181): #55     ComponentElement._firstBuild (package:flutter/src/widgets/framework.dart:5799)
I/flutter (10181): #56     ComponentElement.mount (package:flutter/src/widgets/framework.dart:5793)
I/flutter (10181): #57     Element.inflateWidget (package:flutter/src/widgets/framework.dart:4587)
I/flutter (10181): #58     Element.updateChild (package:flutter/src/widgets/framework.dart:4059)
I/flutter (10181): #59     ComponentElement.performRebuild (package:flutter/src/widgets/framework.dart:5841)
I/flutter (10181): #60     Element.rebuild (package:flutter/src/widgets/framework.dart:5529)
I/flutter (10181): #61     ComponentElement._firstBuild (package:flutter/src/widgets/framework.dart:5799)
I/flutter (10181): #62     ComponentElement.mount (package:flutter/src/widgets/framework.dart:5793)
I/flutter (10181): #63     Element.inflateWidget (package:flutter/src/widgets/framework.dart:4587)
I/flutter (10181): #64     Element.updateChild (package:flutter/src/widgets/framework.dart:4059)
I/flutter (10181): #65     SingleChildRenderObjectElement.mount (package:flutter/src/widgets/framework.dart:7115)
I/flutter (10181): #66     Element.inflateWidget (package:flutter/src/widgets/framework.dart:4587)
I/flutter (10181): #67     Element.updateChild (package:flutter/src/widgets/framework.dart:4059)
I/flutter (10181): #68     SingleChildRenderObjectElement.mount (package:flutter/src/widgets/framework.dart:7115)
I/flutter (10181): #69     Element.inflateWidget (package:flutter/src/widgets/framework.dart:4587)
I/flutter (10181): #70     Element.updateChild (package:flutter/src/widgets/framework.dart:4059)
I/flutter (10181): #71     ComponentElement.performRebuild (package:flutter/src/widgets/framework.dart:5841)
I/flutter (10181): #72     Element.rebuild (package:flutter/src/widgets/framework.dart:5529)
I/flutter (10181): #73     ComponentElement._firstBuild (package:flutter/src/widgets/framework.dart:5799)
I/flutter (10181): #74     ComponentElement.mount (package:flutter/src/widgets/framework.dart:5793)
I/flutter (10181): #75     Element.inflateWidget (package:flutter/src/widgets/framework.dart:4587)
I/flutter (10181): #76     Element.updateChild (package:flutter/src/widgets/framework.dart:4059)
I/flutter (10181): #77     ComponentElement.performRebuild (package:flutter/src/widgets/framework.dart:5841)
I/flutter (10181): #78     StatefulElement.performRebuild (package:flutter/src/widgets/framework.dart:5982)
I/flutter (10181): #79     Element.rebuild (package:flutter/src/widgets/framework.dart:5529)
I/flutter (10181): #80     ComponentElement._firstBuild (package:flutter/src/widgets/framework.dart:5799)
I/flutter (10181): #81     StatefulElement._firstBuild (package:flutter/src/widgets/framework.dart:5973)
I/flutter (10181): #82     ComponentElement.mount (package:flutter/src/widgets/framework.dart:5793)
I/flutter (10181): #83     Element.inflateWidget (package:flutter/src/widgets/framework.dart:4587)
I/flutter (10181): #84     Element.updateChild (package:flutter/src/widgets/framework.dart:4059)
I/flutter (10181): #85     ComponentElement.performRebuild (package:flutter/src/widgets/framework.dart:5841)
I/flutter (10181): #86     Element.rebuild (package:flutter/src/widgets/framework.dart:5529)
I/flutter (10181): #87     ComponentElement._firstBuild (package:flutter/src/widgets/framework.dart:5799)
I/flutter (10181): #88     ComponentElement.mount (package:flutter/src/widgets/framework.dart:5793)
I/flutter (10181): #89     Element.inflateWidget (package:flutter/src/widgets/framework.dart:4587)
I/flutter (10181): #90     Element.updateChild (package:flutter/src/widgets/framework.dart:4059)
I/flutter (10181): #91     ComponentElement.performRebuild (package:flutter/src/widgets/framework.dart:5841)
I/flutter (10181): #92     StatefulElement.performRebuild (package:flutter/src/widgets/framework.dart:5982)
I/flutter (10181): #93     Element.rebuild (package:flutter/src/widgets/framework.dart:5529)
I/flutter (10181): #94     ComponentElement._firstBuild (package:flutter/src/widgets/framework.dart:5799)
I/flutter (10181): #95     StatefulElement._firstBuild (package:flutter/src/widgets/framework.dart:5973)
I/flutter (10181): #96     ComponentElement.mount (package:flutter/src/widgets/framework.dart:5793)
I/flutter (10181): #97     Element.inflateWidget (package:flutter/src/widgets/framework.dart:4587)
I/flutter (10181): #98     Element.updateChild (package:flutter/src/widgets/framework.dart:4059)
I/flutter (10181): #99     ComponentElement.performRebuild (package:flutter/src/widgets/framework.dart:5841)
I/flutter (10181): type '_Stub' is not a subtype of type 'EdgeInsetsGeometry?'
I/flutter (10181): #0      TextBox.build (package:benchmark_container/generated_widget.dart:184)
I/flutter (10181): #1      StatelessElement.build (package:flutter/src/widgets/framework.dart:5889)
I/flutter (10181): #2      ComponentElement.performRebuild (package:flutter/src/widgets/framework.dart:5817)
I/flutter (10181): #3      Element.rebuild (package:flutter/src/widgets/framework.dart:5529)
I/flutter (10181): #4      ComponentElement._firstBuild (package:flutter/src/widgets/framework.dart:5799)
I/flutter (10181): #5      ComponentElement.mount (package:flutter/src/widgets/framework.dart:5793)
I/flutter (10181): #6      Element.inflateWidget (package:flutter/src/widgets/framework.dart:4587)
I/flutter (10181): #7      MultiChildRenderObjectElement.inflateWidget (package:flutter/src/widgets/framework.dart:7264)
I/flutter (10181): #8      MultiChildRenderObjectElement.mount (package:flutter/src/widgets/framework.dart:7279)
I/flutter (10181): #9      Element.inflateWidget (package:flutter/src/widgets/framework.dart:4587)
I/flutter (10181): #10     Element.updateChild (package:flutter/src/widgets/framework.dart:4059)
I/flutter (10181): #11     SingleChildRenderObjectElement.mount (package:flutter/src/widgets/framework.dart:7115)
I/flutter (10181): #12     Element.inflateWidget (package:flutter/src/widgets/framework.dart:4587)
I/flutter (10181): #13     Element.updateChild (package:flutter/src/widgets/framework.dart:4059)
I/flutter (10181): #14     ComponentElement.performRebuild (package:flutter/src/widgets/framework.dart:5841)
I/flutter (10181): #15     Element.rebuild (package:flutter/src/widgets/framework.dart:5529)
I/flutter (10181): #16     ComponentElement._firstBuild (package:flutter/src/widgets/framework.dart:5799)
I/flutter (10181): #17     ComponentElement.mount (package:flutter/src/widgets/framework.dart:5793)
I/flutter (10181): #18     Element.inflateWidget (package:flutter/src/widgets/framework.dart:4587)
I/flutter (10181): #19     Element.updateChild (package:flutter/src/widgets/framework.dart:4059)
I/flutter (10181): #20     ComponentElement.performRebuild (package:flutter/src/widgets/framework.dart:5841)
I/flutter (10181): #21     Element.rebuild (package:flutter/src/widgets/framework.dart:5529)
I/flutter (10181): #22     ComponentElement._firstBuild (package:flutter/src/widgets/framework.dart:5799)
I/flutter (10181): #23     ComponentElement.mount (package:flutter/src/widgets/framework.dart:5793)
I/flutter (10181): #24     Element.inflateWidget (package:flutter/src/widgets/framework.dart:4587)
I/flutter (10181): #25     Element.updateChild (package:flutter/src/widgets/framework.dart:4059)
I/flutter (10181): #26     SingleChildRenderObjectElement.mount (package:flutter/src/widgets/framework.dart:7115)
I/flutter (10181): #27     Element.inflateWidget (package:flutter/src/widgets/framework.dart:4587)
I/flutter (10181): #28     Element.updateChild (package:flutter/src/widgets/framework.dart:4059)
I/flutter (10181): #29     ComponentElement.performRebuild (package:flutter/src/widgets/framework.dart:5841)
I/flutter (10181): #30     Element.rebuild (package:flutter/src/widgets/framework.dart:5529)
I/flutter (10181): #31     ComponentElement._firstBuild (package:flutter/src/widgets/framework.dart:5799)
I/flutter (10181): #32     ComponentElement.mount (package:flutter/src/widgets/framework.dart:5793)
I/flutter (10181): #33     Element.inflateWidget (package:flutter/src/widgets/framework.dart:4587)
I/flutter (10181): #34     Element.updateChild (package:flutter/src/widgets/framework.dart:4059)
I/flutter (10181): #35     ComponentElement.performRebuild (package:flutter/src/widgets/framework.dart:5841)
I/flutter (10181): #36     Element.rebuild (package:flutter/src/widgets/framework.dart:5529)
I/flutter (10181): #37     ComponentElement._firstBuild (package:flutter/src/widgets/framework.dart:5799)
I/flutter (10181): #38     ComponentElement.mount (package:flutter/src/widgets/framework.dart:5793)
I/flutter (10181): #39     Element.inflateWidget (package:flutter/src/widgets/framework.dart:4587)
I/flutter (10181): #40     Element.updateChild (package:flutter/src/widgets/framework.dart:4059)
I/flutter (10181): #41     ComponentElement.performRebuild (package:flutter/src/widgets/framework.dart:5841)
I/flutter (10181): #42     Element.rebuild (package:flutter/src/widgets/framework.dart:5529)
I/flutter (10181): #43     ComponentElement._firstBuild (package:flutter/src/widgets/framework.dart:5799)
I/flutter (10181): #44     ComponentElement.mount (package:flutter/src/widgets/framework.dart:5793)
I/flutter (10181): #45     Element.inflateWidget (package:flutter/src/widgets/framework.dart:4587)
I/flutter (10181): #46     Element.updateChild (package:flutter/src/widgets/framework.dart:4059)
I/flutter (10181): #47     ComponentElement.performRebuild (package:flutter/src/widgets/framework.dart:5841)
I/flutter (10181): #48     Element.rebuild (package:flutter/src/widgets/framework.dart:5529)
I/flutter (10181): #49     ComponentElement._firstBuild (package:flutter/src/widgets/framework.dart:5799)
I/flutter (10181): #50     ComponentElement.mount (package:flutter/src/widgets/framework.dart:5793)
I/flutter (10181): #51     Element.inflateWidget (package:flutter/src/widgets/framework.dart:4587)
I/flutter (10181): #52     Element.updateChild (package:flutter/src/widgets/framework.dart:4059)
I/flutter (10181): #53     ComponentElement.performRebuild (package:flutter/src/widgets/framework.dart:5841)
I/flutter (10181): #54     Element.rebuild (package:flutter/src/widgets/framework.dart:5529)
I/flutter (10181): #55     ComponentElement._firstBuild (package:flutter/src/widgets/framework.dart:5799)
I/flutter (10181): #56     ComponentElement.mount (package:flutter/src/widgets/framework.dart:5793)
I/flutter (10181): #57     Element.inflateWidget (package:flutter/src/widgets/framework.dart:4587)
I/flutter (10181): #58     MultiChildRenderObjectElement.inflateWidget (package:flutter/src/widgets/framework.dart:7264)
I/flutter (10181): #59     MultiChildRenderObjectElement.mount (package:flutter/src/widgets/framework.dart:7279)
I/flutter (10181): #60     Element.inflateWidget (package:flutter/src/widgets/framework.dart:4587)
I/flutter (10181): #61     Element.updateChild (package:flutter/src/widgets/framework.dart:4059)
I/flutter (10181): #62     ComponentElement.performRebuild (package:flutter/src/widgets/framework.dart:5841)
I/flutter (10181): #63     Element.rebuild (package:flutter/src/widgets/framework.dart:5529)
I/flutter (10181): #64     ComponentElement._firstBuild (package:flutter/src/widgets/framework.dart:5799)
I/flutter (10181): #65     ComponentElement.mount (package:flutter/src/widgets/framework.dart:5793)
I/flutter (10181): #66     Element.inflateWidget (package:flutter/src/widgets/framework.dart:4587)
I/flutter (10181): #67     Element.updateChild (package:flutter/src/widgets/framework.dart:4059)
I/flutter (10181): #68     ComponentElement.performRebuild (package:flutter/src/widgets/framework.dart:5841)
I/flutter (10181): #69     StatefulElement.performRebuild (package:flutter/src/widgets/framework.dart:5982)
I/flutter (10181): #70     Element.rebuild (package:flutter/src/widgets/framework.dart:5529)
I/flutter (10181): #71     ComponentElement._firstBuild (package:flutter/src/widgets/framework.dart:5799)
I/flutter (10181): #72     StatefulElement._firstBuild (package:flutter/src/widgets/framework.dart:5973)
I/flutter (10181): #73     ComponentElement.mount (package:flutter/src/widgets/framework.dart:5793)
I/flutter (10181): #74     Element.inflateWidget (package:flutter/src/widgets/framework.dart:4587)
I/flutter (10181): #75     Element.updateChild (package:flutter/src/widgets/framework.dart:4059)
I/flutter (10181): #76     ComponentElement.performRebuild (package:flutter/src/widgets/framework.dart:5841)
I/flutter (10181): #77     Element.rebuild (package:flutter/src/widgets/framework.dart:5529)
I/flutter (10181): #78     ComponentElement._firstBuild (package:flutter/src/widgets/framework.dart:5799)
I/flutter (10181): #79     ComponentElement.mount (package:flutter/src/widgets/framework.dart:5793)
I/flutter (10181): #80     Element.inflateWidget (package:flutter/src/widgets/framework.dart:4587)
I/flutter (10181): #81     Element.updateChild (package:flutter/src/widgets/framework.dart:4059)
I/flutter (10181): #82     ComponentElement.performRebuild (package:flutter/src/widgets/framework.dart:5841)
I/flutter (10181): #83     Element.rebuild (package:flutter/src/widgets/framework.dart:5529)
I/flutter (10181): #84     ComponentElement._firstBuild (package:flutter/src/widgets/framework.dart:5799)
I/flutter (10181): #85     ComponentElement.mount (package:flutter/src/widgets/framework.dart:5793)
I/flutter (10181): #86     Element.inflateWidget (package:flutter/src/widgets/framework.dart:4587)
I/flutter (10181): #87     Element.updateChild (package:flutter/src/widgets/framework.dart:4059)
I/flutter (10181): #88     ComponentElement.performRebuild (package:flutter/src/widgets/framework.dart:5841)
I/flutter (10181): #89     StatefulElement.performRebuild (package:flutter/src/widgets/framework.dart:5982)
I/flutter (10181): #90     Element.rebuild (package:flutter/src/widgets/framework.dart:5529)
I/flutter (10181): #91     ComponentElement._firstBuild (package:flutter/src/widgets/framework.dart:5799)
I/flutter (10181): #92     StatefulElement._firstBuild (package:flutter/src/widgets/framework.dart:5973)
I/flutter (10181): #93     ComponentElement.mount (package:flutter/src/widgets/framework.dart:5793)
I/flutter (10181): #94     Element.inflateWidget (package:flutter/src/widgets/framework.dart:4587)
I/flutter (10181): #95     Element.updateChild (package:flutter/src/widgets/framework.dart:4059)
I/flutter (10181): #96     SingleChildRenderObjectElement.mount (package:flutter/src/widgets/framework.dart:7115)
I/flutter (10181): #97     Element.inflateWidget (package:flutter/src/widgets/framework.dart:4587)
D/ProfileInstaller(10181): Installing profile for com.example.benchmark_container
I/flutter (10181): #98     Element.updateChild (package:flutter/src/widgets/framework.dart:4059)
I/flutter (10181): #99     ComponentElement.performRebuild (package:flutter/src/widgets/framework.dart:5841)
I/flutter (10181): type '_Stub' is not a subtype of type 'EdgeInsetsGeometry?'
I/flutter (10181): #0      TextBox.build (package:benchmark_container/generated_widget.dart:184)
I/flutter (10181): #1      StatelessElement.build (package:flutter/src/widgets/framework.dart:5889)
I/flutter (10181): #2      ComponentElement.performRebuild (package:flutter/src/widgets/framework.dart:5817)
I/flutter (10181): #3      Element.rebuild (package:flutter/src/widgets/framework.dart:5529)
I/flutter (10181): #4      StatelessElement.update (package:flutter/src/widgets/framework.dart:5895)
I/flutter (10181): #5      Element.updateChild (package:flutter/src/widgets/framework.dart:4037)
I/flutter (10181): #6      Element.updateChildren (package:flutter/src/widgets/framework.dart:4191)
I/flutter (10181): #7      MultiChildRenderObjectElement.update (package:flutter/src/widgets/framework.dart:7295)
I/flutter (10181): #8      Element.updateChild (package:flutter/src/widgets/framework.dart:4037)
I/flutter (10181): #9      SingleChildRenderObjectElement.update (package:flutter/src/widgets/framework.dart:7122)
I/flutter (10181): #10     Element.updateChild (package:flutter/src/widgets/framework.dart:4037)
I/flutter (10181): #11     ComponentElement.performRebuild (package:flutter/src/widgets/framework.dart:5841)
I/flutter (10181): #12     Element.rebuild (package:flutter/src/widgets/framework.dart:5529)
I/flutter (10181): #13     StatelessElement.update (package:flutter/src/widgets/framework.dart:5895)
I/flutter (10181): #14     Element.updateChild (package:flutter/src/widgets/framework.dart:4037)
I/flutter (10181): #15     ComponentElement.performRebuild (package:flutter/src/widgets/framework.dart:5841)
I/flutter (10181): #16     Element.rebuild (package:flutter/src/widgets/framework.dart:5529)
I/flutter (10181): #17     ProxyElement.update (package:flutter/src/widgets/framework.dart:6149)
I/flutter (10181): #18     Element.updateChild (package:flutter/src/widgets/framework.dart:4037)
I/flutter (10181): #19     SingleChildRenderObjectElement.update (package:flutter/src/widgets/framework.dart:7122)
I/flutter (10181): #20     Element.updateChild (package:flutter/src/widgets/framework.dart:4037)
I/flutter (10181): #21     ComponentElement.performRebuild (package:flutter/src/widgets/framework.dart:5841)
I/flutter (10181): #22     Element.rebuild (package:flutter/src/widgets/framework.dart:5529)
I/flutter (10181): #23     StatelessElement.update (package:flutter/src/widgets/framework.dart:5895)
I/flutter (10181): #24     Element.updateChild (package:flutter/src/widgets/framework.dart:4037)
I/flutter (10181): #25     ComponentElement.performRebuild (package:flutter/src/widgets/framework.dart:5841)
I/flutter (10181): #26     Element.rebuild (package:flutter/src/widgets/framework.dart:5529)
I/flutter (10181): #27     StatelessElement.update (package:flutter/src/widgets/framework.dart:5895)
I/flutter (10181): #28     Element.updateChild (package:flutter/src/widgets/framework.dart:4037)
I/flutter (10181): #29     ComponentElement.performRebuild (package:flutter/src/widgets/framework.dart:5841)
I/flutter (10181): #30     Element.rebuild (package:flutter/src/widgets/framework.dart:5529)
I/flutter (10181): #31     StatelessElement.update (package:flutter/src/widgets/framework.dart:5895)
I/flutter (10181): #32     Element.updateChild (package:flutter/src/widgets/framework.dart:4037)
I/flutter (10181): #33     ComponentElement.performRebuild (package:flutter/src/widgets/framework.dart:5841)
I/flutter (10181): #34     Element.rebuild (package:flutter/src/widgets/framework.dart:5529)
I/flutter (10181): #35     ProxyElement.update (package:flutter/src/widgets/framework.dart:6149)
I/flutter (10181): #36     Element.updateChild (package:flutter/src/widgets/framework.dart:4037)
I/flutter (10181): #37     ComponentElement.performRebuild (package:flutter/src/widgets/framework.dart:5841)
I/flutter (10181): #38     Element.rebuild (package:flutter/src/widgets/framework.dart:5529)
I/flutter (10181): #39     ProxyElement.update (package:flutter/src/widgets/framework.dart:6149)
I/flutter (10181): #40     Element.updateChild (package:flutter/src/widgets/framework.dart:4037)
I/flutter (10181): #41     Element.updateChildren (package:flutter/src/widgets/framework.dart:4191)
I/flutter (10181): #42     MultiChildRenderObjectElement.update (package:flutter/src/widgets/framework.dart:7295)
I/flutter (10181): #43     Element.updateChild (package:flutter/src/widgets/framework.dart:4037)
I/flutter (10181): #44     ComponentElement.performRebuild (package:flutter/src/widgets/framework.dart:5841)
I/flutter (10181): #45     Element.rebuild (package:flutter/src/widgets/framework.dart:5529)
I/flutter (10181): #46     ProxyElement.update (package:flutter/src/widgets/framework.dart:6149)
I/flutter (10181): #47     Element.updateChild (package:flutter/src/widgets/framework.dart:4037)
I/flutter (10181): #48     ComponentElement.performRebuild (package:flutter/src/widgets/framework.dart:5841)
I/flutter (10181): #49     StatefulElement.performRebuild (package:flutter/src/widgets/framework.dart:5982)
I/flutter (10181): #50     Element.rebuild (package:flutter/src/widgets/framework.dart:5529)
I/flutter (10181): #51     StatefulElement.update (package:flutter/src/widgets/framework.dart:6007)
I/flutter (10181): #52     Element.updateChild (package:flutter/src/widgets/framework.dart:4037)
I/flutter (10181): #53     ComponentElement.performRebuild (package:flutter/src/widgets/framework.dart:5841)
I/flutter (10181): #54     Element.rebuild (package:flutter/src/widgets/framework.dart:5529)
I/flutter (10181): #55     StatelessElement.update (package:flutter/src/widgets/framework.dart:5895)
I/flutter (10181): #56     Element.updateChild (package:flutter/src/widgets/framework.dart:4037)
I/flutter (10181): #57     ComponentElement.performRebuild (package:flutter/src/widgets/framework.dart:5841)
I/flutter (10181): #58     Element.rebuild (package:flutter/src/widgets/framework.dart:5529)
I/flutter (10181): #59     ProxyElement.update (package:flutter/src/widgets/framework.dart:6149)
I/flutter (10181): #60     Element.updateChild (package:flutter/src/widgets/framework.dart:4037)
I/flutter (10181): #61     ComponentElement.performRebuild (package:flutter/src/widgets/framework.dart:5841)
I/flutter (10181): #62     StatefulElement.performRebuild (package:flutter/src/widgets/framework.dart:5982)
I/flutter (10181): #63     Element.rebuild (package:flutter/src/widgets/framework.dart:5529)
I/flutter (10181): #64     StatefulElement.update (package:flutter/src/widgets/framework.dart:6007)
I/flutter (10181): #65     Element.updateChild (package:flutter/src/widgets/framework.dart:4037)
I/flutter (10181): #66     SingleChildRenderObjectElement.update (package:flutter/src/widgets/framework.dart:7122)
I/flutter (10181): #67     Element.updateChild (package:flutter/src/widgets/framework.dart:4037)
I/flutter (10181): #68     ComponentElement.performRebuild (package:flutter/src/widgets/framework.dart:5841)
I/flutter (10181): #69     Element.rebuild (package:flutter/src/widgets/framework.dart:5529)
I/flutter (10181): #70     ProxyElement.update (package:flutter/src/widgets/framework.dart:6149)
I/flutter (10181): #71     Element.updateChild (package:flutter/src/widgets/framework.dart:4037)
I/flutter (10181): #72     SingleChildRenderObjectElement.update (package:flutter/src/widgets/framework.dart:7122)
I/flutter (10181): #73     Element.updateChild (package:flutter/src/widgets/framework.dart:4037)
I/flutter (10181): #74     ComponentElement.performRebuild (package:flutter/src/widgets/framework.dart:5841)
I/flutter (10181): #75     StatefulElement.performRebuild (package:flutter/src/widgets/framework.dart:5982)
I/flutter (10181): #76     Element.rebuild (package:flutter/src/widgets/framework.dart:5529)
I/flutter (10181): #77     StatefulElement.update (package:flutter/src/widgets/framework.dart:6007)
I/flutter (10181): #78     Element.updateChild (package:flutter/src/widgets/framework.dart:4037)
I/flutter (10181): #79     ComponentElement.performRebuild (package:flutter/src/widgets/framework.dart:5841)
I/flutter (10181): #80     StatefulElement.performRebuild (package:flutter/src/widgets/framework.dart:5982)
I/flutter (10181): #81     Element.rebuild (package:flutter/src/widgets/framework.dart:5529)
I/flutter (10181): #82     StatefulElement.update (package:flutter/src/widgets/framework.dart:6007)
I/flutter (10181): #83     Element.updateChild (package:flutter/src/widgets/framework.dart:4037)
I/flutter (10181): #84     ComponentElement.performRebuild (package:flutter/src/widgets/framework.dart:5841)
I/flutter (10181): #85     Element.rebuild (package:flutter/src/widgets/framework.dart:5529)
I/flutter (10181): #86     ProxyElement.update (package:flutter/src/widgets/framework.dart:6149)
I/flutter (10181): #87     Element.updateChild (package:flutter/src/widgets/framework.dart:4037)
I/flutter (10181): #88     ComponentElement.performRebuild (package:flutter/src/widgets/framework.dart:5841)
I/flutter (10181): #89     Element.rebuild (package:flutter/src/widgets/framework.dart:5529)
I/flutter (10181): #90     ProxyElement.update (package:flutter/src/widgets/framework.dart:6149)
I/flutter (10181): #91     Element.updateChild (package:flutter/src/widgets/framework.dart:4037)
I/flutter (10181): #92     ComponentElement.performRebuild (package:flutter/src/widgets/framework.dart:5841)
I/flutter (10181): #93     Element.rebuild (package:flutter/src/widgets/framework.dart:5529)
I/flutter (10181): #94     ProxyElement.update (package:flutter/src/widgets/framework.dart:6149)
I/flutter (10181): #95     Element.updateChild (package:flutter/src/widgets/framework.dart:4037)
I/flutter (10181): #96     ComponentElement.performRebuild (package:flutter/src/widgets/framework.dart:5841)
I/flutter (10181): #97     StatefulElement.performRebuild (package:flutter/src/widgets/framework.dart:5982)
I/flutter (10181): #98     Element.rebuild (package:flutter/src/widgets/framework.dart:5529)
I/flutter (10181): #99     StatefulElement.update (package:flutter/src/widgets/framework.dart:6007)
[spm]: ProfilerData event received.
I/flutter (10181): [SPM:perf] 698a51a  buildSpan: 10727µs
I/flutter (10181): [spm] Performance monitoring completed for 698a51a
I/flutter (10181): type '_Stub' is not a subtype of type 'EdgeInsetsGeometry?'
I/flutter (10181): #0      TextBox.build (package:benchmark_container/generated_widget.dart:184)
I/flutter (10181): #1      StatelessElement.build (package:flutter/src/widgets/framework.dart:5889)
I/flutter (10181): #2      ComponentElement.performRebuild (package:flutter/src/widgets/framework.dart:5817)
I/flutter (10181): #3      Element.rebuild (package:flutter/src/widgets/framework.dart:5529)
I/flutter (10181): #4      StatelessElement.update (package:flutter/src/widgets/framework.dart:5895)
I/flutter (10181): #5      Element.updateChild (package:flutter/src/widgets/framework.dart:4037)
I/flutter (10181): #6      Element.updateChildren (package:flutter/src/widgets/framework.dart:4191)
I/flutter (10181): #7      MultiChildRenderObjectElement.update (package:flutter/src/widgets/framework.dart:7295)
I/flutter (10181): #8      Element.updateChild (package:flutter/src/widgets/framework.dart:4037)
I/flutter (10181): #9      SingleChildRenderObjectElement.update (package:flutter/src/widgets/framework.dart:7122)
I/flutter (10181): #10     Element.updateChild (package:flutter/src/widgets/framework.dart:4037)
I/flutter (10181): #11     ComponentElement.performRebuild (package:flutter/src/widgets/framework.dart:5841)
I/flutter (10181): #12     Element.rebuild (package:flutter/src/widgets/framework.dart:5529)
I/flutter (10181): #13     StatelessElement.update (package:flutter/src/widgets/framework.dart:5895)
I/flutter (10181): #14     Element.updateChild (package:flutter/src/widgets/framework.dart:4037)
I/flutter (10181): #15     ComponentElement.performRebuild (package:flutter/src/widgets/framework.dart:5841)
I/flutter (10181): #16     Element.rebuild (package:flutter/src/widgets/framework.dart:5529)
I/flutter (10181): #17     ProxyElement.update (package:flutter/src/widgets/framework.dart:6149)
I/flutter (10181): #18     Element.updateChild (package:flutter/src/widgets/framework.dart:4037)
I/flutter (10181): #19     SingleChildRenderObjectElement.update (package:flutter/src/widgets/framework.dart:7122)
I/flutter (10181): #20     Element.updateChild (package:flutter/src/widgets/framework.dart:4037)
I/flutter (10181): #21     ComponentElement.performRebuild (package:flutter/src/widgets/framework.dart:5841)
I/flutter (10181): #22     Element.rebuild (package:flutter/src/widgets/framework.dart:5529)
I/flutter (10181): #23     StatelessElement.update (package:flutter/src/widgets/framework.dart:5895)
I/flutter (10181): #24     Element.updateChild (package:flutter/src/widgets/framework.dart:4037)
I/flutter (10181): #25     ComponentElement.performRebuild (package:flutter/src/widgets/framework.dart:5841)
I/flutter (10181): #26     Element.rebuild (package:flutter/src/widgets/framework.dart:5529)
I/flutter (10181): #27     StatelessElement.update (package:flutter/src/widgets/framework.dart:5895)
I/flutter (10181): #28     Element.updateChild (package:flutter/src/widgets/framework.dart:4037)
I/flutter (10181): #29     ComponentElement.performRebuild (package:flutter/src/widgets/framework.dart:5841)
I/flutter (10181): #30     Element.rebuild (package:flutter/src/widgets/framework.dart:5529)
I/flutter (10181): #31     StatelessElement.update (package:flutter/src/widgets/framework.dart:5895)
I/flutter (10181): #32     Element.updateChild (package:flutter/src/widgets/framework.dart:4037)
I/flutter (10181): #33     ComponentElement.performRebuild (package:flutter/src/widgets/framework.dart:5841)
I/flutter (10181): #34     Element.rebuild (package:flutter/src/widgets/framework.dart:5529)
I/flutter (10181): #35     ProxyElement.update (package:flutter/src/widgets/framework.dart:6149)
I/flutter (10181): #36     Element.updateChild (package:flutter/src/widgets/framework.dart:4037)
I/flutter (10181): #37     ComponentElement.performRebuild (package:flutter/src/widgets/framework.dart:5841)
I/flutter (10181): #38     Element.rebuild (package:flutter/src/widgets/framework.dart:5529)
I/flutter (10181): #39     ProxyElement.update (package:flutter/src/widgets/framework.dart:6149)
I/flutter (10181): #40     Element.updateChild (package:flutter/src/widgets/framework.dart:4037)
I/flutter (10181): #41     Element.updateChildren (package:flutter/src/widgets/framework.dart:4191)
I/flutter (10181): #42     MultiChildRenderObjectElement.update (package:flutter/src/widgets/framework.dart:7295)
I/flutter (10181): #43     Element.updateChild (package:flutter/src/widgets/framework.dart:4037)
I/flutter (10181): #44     ComponentElement.performRebuild (package:flutter/src/widgets/framework.dart:5841)
I/flutter (10181): #45     Element.rebuild (package:flutter/src/widgets/framework.dart:5529)
I/flutter (10181): #46     ProxyElement.update (package:flutter/src/widgets/framework.dart:6149)
I/flutter (10181): #47     Element.updateChild (package:flutter/src/widgets/framework.dart:4037)
I/flutter (10181): #48     ComponentElement.performRebuild (package:flutter/src/widgets/framework.dart:5841)
I/flutter (10181): #49     StatefulElement.performRebuild (package:flutter/src/widgets/framework.dart:5982)
I/flutter (10181): #50     Element.rebuild (package:flutter/src/widgets/framework.dart:5529)
I/flutter (10181): #51     StatefulElement.update (package:flutter/src/widgets/framework.dart:6007)
I/flutter (10181): #52     Element.updateChild (package:flutter/src/widgets/framework.dart:4037)
I/flutter (10181): #53     ComponentElement.performRebuild (package:flutter/src/widgets/framework.dart:5841)
I/flutter (10181): #54     Element.rebuild (package:flutter/src/widgets/framework.dart:5529)
I/flutter (10181): #55     StatelessElement.update (package:flutter/src/widgets/framework.dart:5895)
I/flutter (10181): #56     Element.updateChild (package:flutter/src/widgets/framework.dart:4037)
I/flutter (10181): #57     ComponentElement.performRebuild (package:flutter/src/widgets/framework.dart:5841)
I/flutter (10181): #58     Element.rebuild (package:flutter/src/widgets/framework.dart:5529)
I/flutter (10181): #59     ProxyElement.update (package:flutter/src/widgets/framework.dart:6149)
I/flutter (10181): #60     Element.updateChild (package:flutter/src/widgets/framework.dart:4037)
I/flutter (10181): #61     ComponentElement.performRebuild (package:flutter/src/widgets/framework.dart:5841)
I/flutter (10181): #62     StatefulElement.performRebuild (package:flutter/src/widgets/framework.dart:5982)
I/flutter (10181): #63     Element.rebuild (package:flutter/src/widgets/framework.dart:5529)
I/flutter (10181): #64     StatefulElement.update (package:flutter/src/widgets/framework.dart:6007)
I/flutter (10181): #65     Element.updateChild (package:flutter/src/widgets/framework.dart:4037)
I/flutter (10181): #66     SingleChildRenderObjectElement.update (package:flutter/src/widgets/framework.dart:7122)
I/flutter (10181): #67     Element.updateChild (package:flutter/src/widgets/framework.dart:4037)
I/flutter (10181): #68     ComponentElement.performRebuild (package:flutter/src/widgets/framework.dart:5841)
I/flutter (10181): #69     Element.rebuild (package:flutter/src/widgets/framework.dart:5529)
I/flutter (10181): #70     ProxyElement.update (package:flutter/src/widgets/framework.dart:6149)
I/flutter (10181): #71     Element.updateChild (package:flutter/src/widgets/framework.dart:4037)
I/flutter (10181): #72     SingleChildRenderObjectElement.update (package:flutter/src/widgets/framework.dart:7122)
I/flutter (10181): #73     Element.updateChild (package:flutter/src/widgets/framework.dart:4037)
I/flutter (10181): #74     ComponentElement.performRebuild (package:flutter/src/widgets/framework.dart:5841)
I/flutter (10181): #75     StatefulElement.performRebuild (package:flutter/src/widgets/framework.dart:5982)
I/flutter (10181): #76     Element.rebuild (package:flutter/src/widgets/framework.dart:5529)
I/flutter (10181): #77     StatefulElement.update (package:flutter/src/widgets/framework.dart:6007)
I/flutter (10181): #78     Element.updateChild (package:flutter/src/widgets/framework.dart:4037)
I/flutter (10181): #79     ComponentElement.performRebuild (package:flutter/src/widgets/framework.dart:5841)
I/flutter (10181): #80     StatefulElement.performRebuild (package:flutter/src/widgets/framework.dart:5982)
I/flutter (10181): #81     Element.rebuild (package:flutter/src/widgets/framework.dart:5529)
I/flutter (10181): #82     StatefulElement.update (package:flutter/src/widgets/framework.dart:6007)
I/flutter (10181): #83     Element.updateChild (package:flutter/src/widgets/framework.dart:4037)
I/flutter (10181): #84     ComponentElement.performRebuild (package:flutter/src/widgets/framework.dart:5841)
I/flutter (10181): #85     Element.rebuild (package:flutter/src/widgets/framework.dart:5529)
I/flutter (10181): #86     ProxyElement.update (package:flutter/src/widgets/framework.dart:6149)
I/flutter (10181): #87     Element.updateChild (package:flutter/src/widgets/framework.dart:4037)
I/flutter (10181): #88     ComponentElement.performRebuild (package:flutter/src/widgets/framework.dart:5841)
I/flutter (10181): #89     Element.rebuild (package:flutter/src/widgets/framework.dart:5529)
I/flutter (10181): #90     ProxyElement.update (package:flutter/src/widgets/framework.dart:6149)
I/flutter (10181): #91     Element.updateChild (package:flutter/src/widgets/framework.dart:4037)
I/flutter (10181): #92     ComponentElement.performRebuild (package:flutter/src/widgets/framework.dart:5841)
I/flutter (10181): #93     Element.rebuild (package:flutter/src/widgets/framework.dart:5529)
I/flutter (10181): #94     ProxyElement.update (package:flutter/src/widgets/framework.dart:6149)
I/flutter (10181): #95     Element.updateChild (package:flutter/src/widgets/framework.dart:4037)
I/flutter (10181): #96     ComponentElement.performRebuild (package:flutter/src/widgets/framework.dart:5841)
I/flutter (10181): #97     StatefulElement.performRebuild (package:flutter/src/widgets/framework.dart:5982)
I/flutter (10181): #98     Element.rebuild (package:flutter/src/widgets/framework.dart:5529)
I/flutter (10181): #99     StatefulElement.update (package:flutter/src/widgets/framework.dart:6007)
[spm]: ProfilerData event received.
I/flutter (10181): [SPM:perf] 698a51a  buildSpan: 9363µs
I/flutter (10181): [spm] Performance monitoring completed for 698a51a
I/flutter (10181): type '_Stub' is not a subtype of type 'EdgeInsetsGeometry?'
I/flutter (10181): #0      TextBox.build (package:benchmark_container/generated_widget.dart:184)
I/flutter (10181): #1      StatelessElement.build (package:flutter/src/widgets/framework.dart:5889)
I/flutter (10181): #2      ComponentElement.performRebuild (package:flutter/src/widgets/framework.dart:5817)
I/flutter (10181): #3      Element.rebuild (package:flutter/src/widgets/framework.dart:5529)
I/flutter (10181): #4      StatelessElement.update (package:flutter/src/widgets/framework.dart:5895)
I/flutter (10181): #5      Element.updateChild (package:flutter/src/widgets/framework.dart:4037)
I/flutter (10181): #6      Element.updateChildren (package:flutter/src/widgets/framework.dart:4191)
I/flutter (10181): #7      MultiChildRenderObjectElement.update (package:flutter/src/widgets/framework.dart:7295)
I/flutter (10181): #8      Element.updateChild (package:flutter/src/widgets/framework.dart:4037)
I/flutter (10181): #9      SingleChildRenderObjectElement.update (package:flutter/src/widgets/framework.dart:7122)
I/flutter (10181): #10     Element.updateChild (package:flutter/src/widgets/framework.dart:4037)
I/flutter (10181): #11     ComponentElement.performRebuild (package:flutter/src/widgets/framework.dart:5841)
I/flutter (10181): #12     Element.rebuild (package:flutter/src/widgets/framework.dart:5529)
I/flutter (10181): #13     StatelessElement.update (package:flutter/src/widgets/framework.dart:5895)
I/flutter (10181): #14     Element.updateChild (package:flutter/src/widgets/framework.dart:4037)
I/flutter (10181): #15     ComponentElement.performRebuild (package:flutter/src/widgets/framework.dart:5841)
I/flutter (10181): #16     Element.rebuild (package:flutter/src/widgets/framework.dart:5529)
I/flutter (10181): #17     ProxyElement.update (package:flutter/src/widgets/framework.dart:6149)
I/flutter (10181): #18     Element.updateChild (package:flutter/src/widgets/framework.dart:4037)
I/flutter (10181): #19     SingleChildRenderObjectElement.update (package:flutter/src/widgets/framework.dart:7122)
I/flutter (10181): #20     Element.updateChild (package:flutter/src/widgets/framework.dart:4037)
I/flutter (10181): #21     ComponentElement.performRebuild (package:flutter/src/widgets/framework.dart:5841)
I/flutter (10181): #22     Element.rebuild (package:flutter/src/widgets/framework.dart:5529)
I/flutter (10181): #23     StatelessElement.update (package:flutter/src/widgets/framework.dart:5895)
I/flutter (10181): #24     Element.updateChild (package:flutter/src/widgets/framework.dart:4037)
I/flutter (10181): #25     ComponentElement.performRebuild (package:flutter/src/widgets/framework.dart:5841)
I/flutter (10181): #26     Element.rebuild (package:flutter/src/widgets/framework.dart:5529)
I/flutter (10181): #27     StatelessElement.update (package:flutter/src/widgets/framework.dart:5895)
I/flutter (10181): #28     Element.updateChild (package:flutter/src/widgets/framework.dart:4037)
I/flutter (10181): #29     ComponentElement.performRebuild (package:flutter/src/widgets/framework.dart:5841)
I/flutter (10181): #30     Element.rebuild (package:flutter/src/widgets/framework.dart:5529)
I/flutter (10181): #31     StatelessElement.update (package:flutter/src/widgets/framework.dart:5895)
I/flutter (10181): #32     Element.updateChild (package:flutter/src/widgets/framework.dart:4037)
I/flutter (10181): #33     ComponentElement.performRebuild (package:flutter/src/widgets/framework.dart:5841)
I/flutter (10181): #34     Element.rebuild (package:flutter/src/widgets/framework.dart:5529)
I/flutter (10181): #35     ProxyElement.update (package:flutter/src/widgets/framework.dart:6149)
I/flutter (10181): #36     Element.updateChild (package:flutter/src/widgets/framework.dart:4037)
I/flutter (10181): #37     ComponentElement.performRebuild (package:flutter/src/widgets/framework.dart:5841)
I/flutter (10181): #38     Element.rebuild (package:flutter/src/widgets/framework.dart:5529)
I/flutter (10181): #39     ProxyElement.update (package:flutter/src/widgets/framework.dart:6149)
I/flutter (10181): #40     Element.updateChild (package:flutter/src/widgets/framework.dart:4037)
I/flutter (10181): #41     Element.updateChildren (package:flutter/src/widgets/framework.dart:4191)
I/flutter (10181): #42     MultiChildRenderObjectElement.update (package:flutter/src/widgets/framework.dart:7295)
I/flutter (10181): #43     Element.updateChild (package:flutter/src/widgets/framework.dart:4037)
I/flutter (10181): #44     ComponentElement.performRebuild (package:flutter/src/widgets/framework.dart:5841)
I/flutter (10181): #45     Element.rebuild (package:flutter/src/widgets/framework.dart:5529)
I/flutter (10181): #46     ProxyElement.update (package:flutter/src/widgets/framework.dart:6149)
I/flutter (10181): #47     Element.updateChild (package:flutter/src/widgets/framework.dart:4037)
I/flutter (10181): #48     ComponentElement.performRebuild (package:flutter/src/widgets/framework.dart:5841)
I/flutter (10181): #49     StatefulElement.performRebuild (package:flutter/src/widgets/framework.dart:5982)
I/flutter (10181): #50     Element.rebuild (package:flutter/src/widgets/framework.dart:5529)
I/flutter (10181): #51     StatefulElement.update (package:flutter/src/widgets/framework.dart:6007)
I/flutter (10181): #52     Element.updateChild (package:flutter/src/widgets/framework.dart:4037)
I/flutter (10181): #53     ComponentElement.performRebuild (package:flutter/src/widgets/framework.dart:5841)
I/flutter (10181): #54     Element.rebuild (package:flutter/src/widgets/framework.dart:5529)
I/flutter (10181): #55     StatelessElement.update (package:flutter/src/widgets/framework.dart:5895)
I/flutter (10181): #56     Element.updateChild (package:flutter/src/widgets/framework.dart:4037)
I/flutter (10181): #57     ComponentElement.performRebuild (package:flutter/src/widgets/framework.dart:5841)
I/flutter (10181): #58     Element.rebuild (package:flutter/src/widgets/framework.dart:5529)
I/flutter (10181): #59     ProxyElement.update (package:flutter/src/widgets/framework.dart:6149)
I/flutter (10181): #60     Element.updateChild (package:flutter/src/widgets/framework.dart:4037)
I/flutter (10181): #61     ComponentElement.performRebuild (package:flutter/src/widgets/framework.dart:5841)
I/flutter (10181): #62     StatefulElement.performRebuild (package:flutter/src/widgets/framework.dart:5982)
I/flutter (10181): #63     Element.rebuild (package:flutter/src/widgets/framework.dart:5529)
I/flutter (10181): #64     StatefulElement.update (package:flutter/src/widgets/framework.dart:6007)
I/flutter (10181): #65     Element.updateChild (package:flutter/src/widgets/framework.dart:4037)
I/flutter (10181): #66     SingleChildRenderObjectElement.update (package:flutter/src/widgets/framework.dart:7122)
I/flutter (10181): #67     Element.updateChild (package:flutter/src/widgets/framework.dart:4037)
I/flutter (10181): #68     ComponentElement.performRebuild (package:flutter/src/widgets/framework.dart:5841)
I/flutter (10181): #69     Element.rebuild (package:flutter/src/widgets/framework.dart:5529)
I/flutter (10181): #70     ProxyElement.update (package:flutter/src/widgets/framework.dart:6149)
I/flutter (10181): #71     Element.updateChild (package:flutter/src/widgets/framework.dart:4037)
I/flutter (10181): #72     SingleChildRenderObjectElement.update (package:flutter/src/widgets/framework.dart:7122)
I/flutter (10181): #73     Element.updateChild (package:flutter/src/widgets/framework.dart:4037)
I/flutter (10181): #74     ComponentElement.performRebuild (package:flutter/src/widgets/framework.dart:5841)
I/flutter (10181): #75     StatefulElement.performRebuild (package:flutter/src/widgets/framework.dart:5982)
I/flutter (10181): #76     Element.rebuild (package:flutter/src/widgets/framework.dart:5529)
I/flutter (10181): #77     StatefulElement.update (package:flutter/src/widgets/framework.dart:6007)
I/flutter (10181): #78     Element.updateChild (package:flutter/src/widgets/framework.dart:4037)
I/flutter (10181): #79     ComponentElement.performRebuild (package:flutter/src/widgets/framework.dart:5841)
I/flutter (10181): #80     StatefulElement.performRebuild (package:flutter/src/widgets/framework.dart:5982)
I/flutter (10181): #81     Element.rebuild (package:flutter/src/widgets/framework.dart:5529)
I/flutter (10181): #82     StatefulElement.update (package:flutter/src/widgets/framework.dart:6007)
I/flutter (10181): #83     Element.updateChild (package:flutter/src/widgets/framework.dart:4037)
I/flutter (10181): #84     ComponentElement.performRebuild (package:flutter/src/widgets/framework.dart:5841)
I/flutter (10181): #85     Element.rebuild (package:flutter/src/widgets/framework.dart:5529)
I/flutter (10181): #86     ProxyElement.update (package:flutter/src/widgets/framework.dart:6149)
I/flutter (10181): #87     Element.updateChild (package:flutter/src/widgets/framework.dart:4037)
I/flutter (10181): #88     ComponentElement.performRebuild (package:flutter/src/widgets/framework.dart:5841)
I/flutter (10181): #89     Element.rebuild (package:flutter/src/widgets/framework.dart:5529)
I/flutter (10181): #90     ProxyElement.update (package:flutter/src/widgets/framework.dart:6149)
I/flutter (10181): #91     Element.updateChild (package:flutter/src/widgets/framework.dart:4037)
I/flutter (10181): #92     ComponentElement.performRebuild (package:flutter/src/widgets/framework.dart:5841)
I/flutter (10181): #93     Element.rebuild (package:flutter/src/widgets/framework.dart:5529)
I/flutter (10181): #94     ProxyElement.update (package:flutter/src/widgets/framework.dart:6149)
I/flutter (10181): #95     Element.updateChild (package:flutter/src/widgets/framework.dart:4037)
I/flutter (10181): #96     ComponentElement.performRebuild (package:flutter/src/widgets/framework.dart:5841)
I/flutter (10181): #97     StatefulElement.performRebuild (package:flutter/src/widgets/framework.dart:5982)
I/flutter (10181): #98     Element.rebuild (package:flutter/src/widgets/framework.dart:5529)
I/flutter (10181): #99     StatefulElement.update (package:flutter/src/widgets/framework.dart:6007)
[spm]: ProfilerData event received.
I/flutter (10181): [SPM:perf] 698a51a  buildSpan: 9191µs
I/flutter (10181): [spm] Performance monitoring completed for 698a51a
I/flutter (10181): type '_Stub' is not a subtype of type 'EdgeInsetsGeometry?'
I/flutter (10181): #0      TextBox.build (package:benchmark_container/generated_widget.dart:184)
I/flutter (10181): #1      StatelessElement.build (package:flutter/src/widgets/framework.dart:5889)
I/flutter (10181): #2      ComponentElement.performRebuild (package:flutter/src/widgets/framework.dart:5817)
I/flutter (10181): #3      Element.rebuild (package:flutter/src/widgets/framework.dart:5529)
I/flutter (10181): #4      StatelessElement.update (package:flutter/src/widgets/framework.dart:5895)
I/flutter (10181): #5      Element.updateChild (package:flutter/src/widgets/framework.dart:4037)
I/flutter (10181): #6      Element.updateChildren (package:flutter/src/widgets/framework.dart:4191)
I/flutter (10181): #7      MultiChildRenderObjectElement.update (package:flutter/src/widgets/framework.dart:7295)
I/flutter (10181): #8      Element.updateChild (package:flutter/src/widgets/framework.dart:4037)
I/flutter (10181): #9      SingleChildRenderObjectElement.update (package:flutter/src/widgets/framework.dart:7122)
I/flutter (10181): #10     Element.updateChild (package:flutter/src/widgets/framework.dart:4037)
I/flutter (10181): #11     ComponentElement.performRebuild (package:flutter/src/widgets/framework.dart:5841)
I/flutter (10181): #12     Element.rebuild (package:flutter/src/widgets/framework.dart:5529)
I/flutter (10181): #13     StatelessElement.update (package:flutter/src/widgets/framework.dart:5895)
I/flutter (10181): #14     Element.updateChild (package:flutter/src/widgets/framework.dart:4037)
I/flutter (10181): #15     ComponentElement.performRebuild (package:flutter/src/widgets/framework.dart:5841)
I/flutter (10181): #16     Element.rebuild (package:flutter/src/widgets/framework.dart:5529)
I/flutter (10181): #17     ProxyElement.update (package:flutter/src/widgets/framework.dart:6149)
I/flutter (10181): #18     Element.updateChild (package:flutter/src/widgets/framework.dart:4037)
I/flutter (10181): #19     SingleChildRenderObjectElement.update (package:flutter/src/widgets/framework.dart:7122)
I/flutter (10181): #20     Element.updateChild (package:flutter/src/widgets/framework.dart:4037)
I/flutter (10181): #21     ComponentElement.performRebuild (package:flutter/src/widgets/framework.dart:5841)
I/flutter (10181): #22     Element.rebuild (package:flutter/src/widgets/framework.dart:5529)
I/flutter (10181): #23     StatelessElement.update (package:flutter/src/widgets/framework.dart:5895)
I/flutter (10181): #24     Element.updateChild (package:flutter/src/widgets/framework.dart:4037)
I/flutter (10181): #25     ComponentElement.performRebuild (package:flutter/src/widgets/framework.dart:5841)
I/flutter (10181): #26     Element.rebuild (package:flutter/src/widgets/framework.dart:5529)
I/flutter (10181): #27     StatelessElement.update (package:flutter/src/widgets/framework.dart:5895)
I/flutter (10181): #28     Element.updateChild (package:flutter/src/widgets/framework.dart:4037)
I/flutter (10181): #29     ComponentElement.performRebuild (package:flutter/src/widgets/framework.dart:5841)
I/flutter (10181): #30     Element.rebuild (package:flutter/src/widgets/framework.dart:5529)
I/flutter (10181): #31     StatelessElement.update (package:flutter/src/widgets/framework.dart:5895)
I/flutter (10181): #32     Element.updateChild (package:flutter/src/widgets/framework.dart:4037)
I/flutter (10181): #33     ComponentElement.performRebuild (package:flutter/src/widgets/framework.dart:5841)
I/flutter (10181): #34     Element.rebuild (package:flutter/src/widgets/framework.dart:5529)
I/flutter (10181): #35     ProxyElement.update (package:flutter/src/widgets/framework.dart:6149)
I/flutter (10181): #36     Element.updateChild (package:flutter/src/widgets/framework.dart:4037)
I/flutter (10181): #37     ComponentElement.performRebuild (package:flutter/src/widgets/framework.dart:5841)
I/flutter (10181): #38     Element.rebuild (package:flutter/src/widgets/framework.dart:5529)
I/flutter (10181): #39     ProxyElement.update (package:flutter/src/widgets/framework.dart:6149)
I/flutter (10181): #40     Element.updateChild (package:flutter/src/widgets/framework.dart:4037)
I/flutter (10181): #41     Element.updateChildren (package:flutter/src/widgets/framework.dart:4191)
I/flutter (10181): #42     MultiChildRenderObjectElement.update (package:flutter/src/widgets/framework.dart:7295)
I/flutter (10181): #43     Element.updateChild (package:flutter/src/widgets/framework.dart:4037)
I/flutter (10181): #44     ComponentElement.performRebuild (package:flutter/src/widgets/framework.dart:5841)
I/flutter (10181): #45     Element.rebuild (package:flutter/src/widgets/framework.dart:5529)
I/flutter (10181): #46     ProxyElement.update (package:flutter/src/widgets/framework.dart:6149)
I/flutter (10181): #47     Element.updateChild (package:flutter/src/widgets/framework.dart:4037)
I/flutter (10181): #48     ComponentElement.performRebuild (package:flutter/src/widgets/framework.dart:5841)
I/flutter (10181): #49     StatefulElement.performRebuild (package:flutter/src/widgets/framework.dart:5982)
I/flutter (10181): #50     Element.rebuild (package:flutter/src/widgets/framework.dart:5529)
I/flutter (10181): #51     StatefulElement.update (package:flutter/src/widgets/framework.dart:6007)
I/flutter (10181): #52     Element.updateChild (package:flutter/src/widgets/framework.dart:4037)
I/flutter (10181): #53     ComponentElement.performRebuild (package:flutter/src/widgets/framework.dart:5841)
I/flutter (10181): #54     Element.rebuild (package:flutter/src/widgets/framework.dart:5529)
I/flutter (10181): #55     StatelessElement.update (package:flutter/src/widgets/framework.dart:5895)
I/flutter (10181): #56     Element.updateChild (package:flutter/src/widgets/framework.dart:4037)
I/flutter (10181): #57     ComponentElement.performRebuild (package:flutter/src/widgets/framework.dart:5841)
I/flutter (10181): #58     Element.rebuild (package:flutter/src/widgets/framework.dart:5529)
I/flutter (10181): #59     ProxyElement.update (package:flutter/src/widgets/framework.dart:6149)
I/flutter (10181): #60     Element.updateChild (package:flutter/src/widgets/framework.dart:4037)
I/flutter (10181): #61     ComponentElement.performRebuild (package:flutter/src/widgets/framework.dart:5841)
I/flutter (10181): #62     StatefulElement.performRebuild (package:flutter/src/widgets/framework.dart:5982)
I/flutter (10181): #63     Element.rebuild (package:flutter/src/widgets/framework.dart:5529)
I/flutter (10181): #64     StatefulElement.update (package:flutter/src/widgets/framework.dart:6007)
I/flutter (10181): #65     Element.updateChild (package:flutter/src/widgets/framework.dart:4037)
I/flutter (10181): #66     SingleChildRenderObjectElement.update (package:flutter/src/widgets/framework.dart:7122)
I/flutter (10181): #67     Element.updateChild (package:flutter/src/widgets/framework.dart:4037)
I/flutter (10181): #68     ComponentElement.performRebuild (package:flutter/src/widgets/framework.dart:5841)
I/flutter (10181): #69     Element.rebuild (package:flutter/src/widgets/framework.dart:5529)
I/flutter (10181): #70     ProxyElement.update (package:flutter/src/widgets/framework.dart:6149)
I/flutter (10181): #71     Element.updateChild (package:flutter/src/widgets/framework.dart:4037)
I/flutter (10181): #72     SingleChildRenderObjectElement.update (package:flutter/src/widgets/framework.dart:7122)
I/flutter (10181): #73     Element.updateChild (package:flutter/src/widgets/framework.dart:4037)
I/flutter (10181): #74     ComponentElement.performRebuild (package:flutter/src/widgets/framework.dart:5841)
I/flutter (10181): #75     StatefulElement.performRebuild (package:flutter/src/widgets/framework.dart:5982)
I/flutter (10181): #76     Element.rebuild (package:flutter/src/widgets/framework.dart:5529)
I/flutter (10181): #77     StatefulElement.update (package:flutter/src/widgets/framework.dart:6007)
I/flutter (10181): #78     Element.updateChild (package:flutter/src/widgets/framework.dart:4037)
I/flutter (10181): #79     ComponentElement.performRebuild (package:flutter/src/widgets/framework.dart:5841)
I/flutter (10181): #80     StatefulElement.performRebuild (package:flutter/src/widgets/framework.dart:5982)
I/flutter (10181): #81     Element.rebuild (package:flutter/src/widgets/framework.dart:5529)
I/flutter (10181): #82     StatefulElement.update (package:flutter/src/widgets/framework.dart:6007)
I/flutter (10181): #83     Element.updateChild (package:flutter/src/widgets/framework.dart:4037)
I/flutter (10181): #84     ComponentElement.performRebuild (package:flutter/src/widgets/framework.dart:5841)
I/flutter (10181): #85     Element.rebuild (package:flutter/src/widgets/framework.dart:5529)
I/flutter (10181): #86     ProxyElement.update (package:flutter/src/widgets/framework.dart:6149)
I/flutter (10181): #87     Element.updateChild (package:flutter/src/widgets/framework.dart:4037)
I/flutter (10181): #88     ComponentElement.performRebuild (package:flutter/src/widgets/framework.dart:5841)
I/flutter (10181): #89     Element.rebuild (package:flutter/src/widgets/framework.dart:5529)
I/flutter (10181): #90     ProxyElement.update (package:flutter/src/widgets/framework.dart:6149)
I/flutter (10181): #91     Element.updateChild (package:flutter/src/widgets/framework.dart:4037)
I/flutter (10181): #92     ComponentElement.performRebuild (package:flutter/src/widgets/framework.dart:5841)
I/flutter (10181): #93     Element.rebuild (package:flutter/src/widgets/framework.dart:5529)
I/flutter (10181): #94     ProxyElement.update (package:flutter/src/widgets/framework.dart:6149)
I/flutter (10181): #95     Element.updateChild (package:flutter/src/widgets/framework.dart:4037)
I/flutter (10181): #96     ComponentElement.performRebuild (package:flutter/src/widgets/framework.dart:5841)
I/flutter (10181): #97     StatefulElement.performRebuild (package:flutter/src/widgets/framework.dart:5982)
I/flutter (10181): #98     Element.rebuild (package:flutter/src/widgets/framework.dart:5529)
I/flutter (10181): #99     StatefulElement.update (package:flutter/src/widgets/framework.dart:6007)
I/flutter (10181): [SPM:perf] 698a51a  buildSpan: 9144µs
I/flutter (10181): [spm] Performance monitoring completed for 698a51a
[spm]: ProfilerData event received.
I/flutter (10181): type '_Stub' is not a subtype of type 'EdgeInsetsGeometry?'
I/flutter (10181): #0      TextBox.build (package:benchmark_container/generated_widget.dart:184)
I/flutter (10181): #1      StatelessElement.build (package:flutter/src/widgets/framework.dart:5889)
I/flutter (10181): #2      ComponentElement.performRebuild (package:flutter/src/widgets/framework.dart:5817)
I/flutter (10181): #3      Element.rebuild (package:flutter/src/widgets/framework.dart:5529)
I/flutter (10181): #4      StatelessElement.update (package:flutter/src/widgets/framework.dart:5895)
I/flutter (10181): #5      Element.updateChild (package:flutter/src/widgets/framework.dart:4037)
I/flutter (10181): #6      Element.updateChildren (package:flutter/src/widgets/framework.dart:4191)
I/flutter (10181): #7      MultiChildRenderObjectElement.update (package:flutter/src/widgets/framework.dart:7295)
I/flutter (10181): #8      Element.updateChild (package:flutter/src/widgets/framework.dart:4037)
I/flutter (10181): #9      SingleChildRenderObjectElement.update (package:flutter/src/widgets/framework.dart:7122)
I/flutter (10181): #10     Element.updateChild (package:flutter/src/widgets/framework.dart:4037)
I/flutter (10181): #11     ComponentElement.performRebuild (package:flutter/src/widgets/framework.dart:5841)
I/flutter (10181): #12     Element.rebuild (package:flutter/src/widgets/framework.dart:5529)
I/flutter (10181): #13     StatelessElement.update (package:flutter/src/widgets/framework.dart:5895)
I/flutter (10181): #14     Element.updateChild (package:flutter/src/widgets/framework.dart:4037)
I/flutter (10181): #15     ComponentElement.performRebuild (package:flutter/src/widgets/framework.dart:5841)
I/flutter (10181): #16     Element.rebuild (package:flutter/src/widgets/framework.dart:5529)
I/flutter (10181): #17     ProxyElement.update (package:flutter/src/widgets/framework.dart:6149)
I/flutter (10181): #18     Element.updateChild (package:flutter/src/widgets/framework.dart:4037)
I/flutter (10181): #19     SingleChildRenderObjectElement.update (package:flutter/src/widgets/framework.dart:7122)
I/flutter (10181): #20     Element.updateChild (package:flutter/src/widgets/framework.dart:4037)
I/flutter (10181): #21     ComponentElement.performRebuild (package:flutter/src/widgets/framework.dart:5841)
I/flutter (10181): #22     Element.rebuild (package:flutter/src/widgets/framework.dart:5529)
I/flutter (10181): #23     StatelessElement.update (package:flutter/src/widgets/framework.dart:5895)
I/flutter (10181): #24     Element.updateChild (package:flutter/src/widgets/framework.dart:4037)
I/flutter (10181): #25     ComponentElement.performRebuild (package:flutter/src/widgets/framework.dart:5841)
I/flutter (10181): #26     Element.rebuild (package:flutter/src/widgets/framework.dart:5529)
I/flutter (10181): #27     StatelessElement.update (package:flutter/src/widgets/framework.dart:5895)
I/flutter (10181): #28     Element.updateChild (package:flutter/src/widgets/framework.dart:4037)
I/flutter (10181): #29     ComponentElement.performRebuild (package:flutter/src/widgets/framework.dart:5841)
I/flutter (10181): #30     Element.rebuild (package:flutter/src/widgets/framework.dart:5529)
I/flutter (10181): #31     StatelessElement.update (package:flutter/src/widgets/framework.dart:5895)
I/flutter (10181): #32     Element.updateChild (package:flutter/src/widgets/framework.dart:4037)
I/flutter (10181): #33     ComponentElement.performRebuild (package:flutter/src/widgets/framework.dart:5841)
I/flutter (10181): #34     Element.rebuild (package:flutter/src/widgets/framework.dart:5529)
I/flutter (10181): #35     ProxyElement.update (package:flutter/src/widgets/framework.dart:6149)
I/flutter (10181): #36     Element.updateChild (package:flutter/src/widgets/framework.dart:4037)
I/flutter (10181): #37     ComponentElement.performRebuild (package:flutter/src/widgets/framework.dart:5841)
I/flutter (10181): #38     Element.rebuild (package:flutter/src/widgets/framework.dart:5529)
I/flutter (10181): #39     ProxyElement.update (package:flutter/src/widgets/framework.dart:6149)
I/flutter (10181): #40     Element.updateChild (package:flutter/src/widgets/framework.dart:4037)
I/flutter (10181): #41     Element.updateChildren (package:flutter/src/widgets/framework.dart:4191)
I/flutter (10181): #42     MultiChildRenderObjectElement.update (package:flutter/src/widgets/framework.dart:7295)
I/flutter (10181): #43     Element.updateChild (package:flutter/src/widgets/framework.dart:4037)
I/flutter (10181): #44     ComponentElement.performRebuild (package:flutter/src/widgets/framework.dart:5841)
I/flutter (10181): #45     Element.rebuild (package:flutter/src/widgets/framework.dart:5529)
I/flutter (10181): #46     ProxyElement.update (package:flutter/src/widgets/framework.dart:6149)
I/flutter (10181): #47     Element.updateChild (package:flutter/src/widgets/framework.dart:4037)
I/flutter (10181): #48     ComponentElement.performRebuild (package:flutter/src/widgets/framework.dart:5841)
I/flutter (10181): #49     StatefulElement.performRebuild (package:flutter/src/widgets/framework.dart:5982)
I/flutter (10181): #50     Element.rebuild (package:flutter/src/widgets/framework.dart:5529)
I/flutter (10181): #51     StatefulElement.update (package:flutter/src/widgets/framework.dart:6007)
I/flutter (10181): #52     Element.updateChild (package:flutter/src/widgets/framework.dart:4037)
I/flutter (10181): #53     ComponentElement.performRebuild (package:flutter/src/widgets/framework.dart:5841)
I/flutter (10181): #54     Element.rebuild (package:flutter/src/widgets/framework.dart:5529)
I/flutter (10181): #55     StatelessElement.update (package:flutter/src/widgets/framework.dart:5895)
I/flutter (10181): #56     Element.updateChild (package:flutter/src/widgets/framework.dart:4037)
I/flutter (10181): #57     ComponentElement.performRebuild (package:flutter/src/widgets/framework.dart:5841)
I/flutter (10181): #58     Element.rebuild (package:flutter/src/widgets/framework.dart:5529)
I/flutter (10181): #59     ProxyElement.update (package:flutter/src/widgets/framework.dart:6149)
I/flutter (10181): #60     Element.updateChild (package:flutter/src/widgets/framework.dart:4037)
I/flutter (10181): #61     ComponentElement.performRebuild (package:flutter/src/widgets/framework.dart:5841)
I/flutter (10181): #62     StatefulElement.performRebuild (package:flutter/src/widgets/framework.dart:5982)
I/flutter (10181): #63     Element.rebuild (package:flutter/src/widgets/framework.dart:5529)
I/flutter (10181): #64     StatefulElement.update (package:flutter/src/widgets/framework.dart:6007)
I/flutter (10181): #65     Element.updateChild (package:flutter/src/widgets/framework.dart:4037)
I/flutter (10181): #66     SingleChildRenderObjectElement.update (package:flutter/src/widgets/framework.dart:7122)
I/flutter (10181): #67     Element.updateChild (package:flutter/src/widgets/framework.dart:4037)
I/flutter (10181): #68     ComponentElement.performRebuild (package:flutter/src/widgets/framework.dart:5841)
I/flutter (10181): #69     Element.rebuild (package:flutter/src/widgets/framework.dart:5529)
I/flutter (10181): #70     ProxyElement.update (package:flutter/src/widgets/framework.dart:6149)
I/flutter (10181): #71     Element.updateChild (package:flutter/src/widgets/framework.dart:4037)
I/flutter (10181): #72     SingleChildRenderObjectElement.update (package:flutter/src/widgets/framework.dart:7122)
I/flutter (10181): #73     Element.updateChild (package:flutter/src/widgets/framework.dart:4037)
I/flutter (10181): #74     ComponentElement.performRebuild (package:flutter/src/widgets/framework.dart:5841)
I/flutter (10181): #75     StatefulElement.performRebuild (package:flutter/src/widgets/framework.dart:5982)
I/flutter (10181): #76     Element.rebuild (package:flutter/src/widgets/framework.dart:5529)
I/flutter (10181): #77     StatefulElement.update (package:flutter/src/widgets/framework.dart:6007)
I/flutter (10181): #78     Element.updateChild (package:flutter/src/widgets/framework.dart:4037)
I/flutter (10181): #79     ComponentElement.performRebuild (package:flutter/src/widgets/framework.dart:5841)
I/flutter (10181): #80     StatefulElement.performRebuild (package:flutter/src/widgets/framework.dart:5982)
I/flutter (10181): #81     Element.rebuild (package:flutter/src/widgets/framework.dart:5529)
I/flutter (10181): #82     StatefulElement.update (package:flutter/src/widgets/framework.dart:6007)
I/flutter (10181): #83     Element.updateChild (package:flutter/src/widgets/framework.dart:4037)
I/flutter (10181): #84     ComponentElement.performRebuild (package:flutter/src/widgets/framework.dart:5841)
I/flutter (10181): #85     Element.rebuild (package:flutter/src/widgets/framework.dart:5529)
I/flutter (10181): #86     ProxyElement.update (package:flutter/src/widgets/framework.dart:6149)
I/flutter (10181): #87     Element.updateChild (package:flutter/src/widgets/framework.dart:4037)
I/flutter (10181): #88     ComponentElement.performRebuild (package:flutter/src/widgets/framework.dart:5841)
I/flutter (10181): #89     Element.rebuild (package:flutter/src/widgets/framework.dart:5529)
I/flutter (10181): #90     ProxyElement.update (package:flutter/src/widgets/framework.dart:6149)
I/flutter (10181): #91     Element.updateChild (package:flutter/src/widgets/framework.dart:4037)
I/flutter (10181): #92     ComponentElement.performRebuild (package:flutter/src/widgets/framework.dart:5841)
I/flutter (10181): #93     Element.rebuild (package:flutter/src/widgets/framework.dart:5529)
I/flutter (10181): #94     ProxyElement.update (package:flutter/src/widgets/framework.dart:6149)
I/flutter (10181): #95     Element.updateChild (package:flutter/src/widgets/framework.dart:4037)
I/flutter (10181): #96     ComponentElement.performRebuild (package:flutter/src/widgets/framework.dart:5841)
I/flutter (10181): #97     StatefulElement.performRebuild (package:flutter/src/widgets/framework.dart:5982)
I/flutter (10181): #98     Element.rebuild (package:flutter/src/widgets/framework.dart:5529)
I/flutter (10181): #99     StatefulElement.update (package:flutter/src/widgets/framework.dart:6007)
[spm]: ProfilerData event received.
I/flutter (10181): [SPM:perf] 698a51a  buildSpan: 9395µs
I/flutter (10181): [spm] Performance monitoring completed for 698a51a
I/flutter (10181): type '_Stub' is not a subtype of type 'EdgeInsetsGeometry?'
I/flutter (10181): #0      TextBox.build (package:benchmark_container/generated_widget.dart:184)
I/flutter (10181): #1      StatelessElement.build (package:flutter/src/widgets/framework.dart:5889)
I/flutter (10181): #2      ComponentElement.performRebuild (package:flutter/src/widgets/framework.dart:5817)
I/flutter (10181): #3      Element.rebuild (package:flutter/src/widgets/framework.dart:5529)
I/flutter (10181): #4      StatelessElement.update (package:flutter/src/widgets/framework.dart:5895)
I/flutter (10181): #5      Element.updateChild (package:flutter/src/widgets/framework.dart:4037)
I/flutter (10181): #6      Element.updateChildren (package:flutter/src/widgets/framework.dart:4191)
I/flutter (10181): #7      MultiChildRenderObjectElement.update (package:flutter/src/widgets/framework.dart:7295)
I/flutter (10181): #8      Element.updateChild (package:flutter/src/widgets/framework.dart:4037)
I/flutter (10181): #9      SingleChildRenderObjectElement.update (package:flutter/src/widgets/framework.dart:7122)
I/flutter (10181): #10     Element.updateChild (package:flutter/src/widgets/framework.dart:4037)
I/flutter (10181): #11     ComponentElement.performRebuild (package:flutter/src/widgets/framework.dart:5841)
I/flutter (10181): #12     Element.rebuild (package:flutter/src/widgets/framework.dart:5529)
I/flutter (10181): #13     StatelessElement.update (package:flutter/src/widgets/framework.dart:5895)
I/flutter (10181): #14     Element.updateChild (package:flutter/src/widgets/framework.dart:4037)
I/flutter (10181): #15     ComponentElement.performRebuild (package:flutter/src/widgets/framework.dart:5841)
I/flutter (10181): #16     Element.rebuild (package:flutter/src/widgets/framework.dart:5529)
I/flutter (10181): #17     ProxyElement.update (package:flutter/src/widgets/framework.dart:6149)
I/flutter (10181): #18     Element.updateChild (package:flutter/src/widgets/framework.dart:4037)
I/flutter (10181): #19     SingleChildRenderObjectElement.update (package:flutter/src/widgets/framework.dart:7122)
I/flutter (10181): #20     Element.updateChild (package:flutter/src/widgets/framework.dart:4037)
I/flutter (10181): #21     ComponentElement.performRebuild (package:flutter/src/widgets/framework.dart:5841)
I/flutter (10181): #22     Element.rebuild (package:flutter/src/widgets/framework.dart:5529)
I/flutter (10181): #23     StatelessElement.update (package:flutter/src/widgets/framework.dart:5895)
I/flutter (10181): #24     Element.updateChild (package:flutter/src/widgets/framework.dart:4037)
I/flutter (10181): #25     ComponentElement.performRebuild (package:flutter/src/widgets/framework.dart:5841)
I/flutter (10181): #26     Element.rebuild (package:flutter/src/widgets/framework.dart:5529)
I/flutter (10181): #27     StatelessElement.update (package:flutter/src/widgets/framework.dart:5895)
I/flutter (10181): #28     Element.updateChild (package:flutter/src/widgets/framework.dart:4037)
I/flutter (10181): #29     ComponentElement.performRebuild (package:flutter/src/widgets/framework.dart:5841)
I/flutter (10181): #30     Element.rebuild (package:flutter/src/widgets/framework.dart:5529)
I/flutter (10181): #31     StatelessElement.update (package:flutter/src/widgets/framework.dart:5895)
I/flutter (10181): #32     Element.updateChild (package:flutter/src/widgets/framework.dart:4037)
I/flutter (10181): #33     ComponentElement.performRebuild (package:flutter/src/widgets/framework.dart:5841)
I/flutter (10181): #34     Element.rebuild (package:flutter/src/widgets/framework.dart:5529)
I/flutter (10181): #35     ProxyElement.update (package:flutter/src/widgets/framework.dart:6149)
I/flutter (10181): #36     Element.updateChild (package:flutter/src/widgets/framework.dart:4037)
I/flutter (10181): #37     ComponentElement.performRebuild (package:flutter/src/widgets/framework.dart:5841)
I/flutter (10181): #38     Element.rebuild (package:flutter/src/widgets/framework.dart:5529)
I/flutter (10181): #39     ProxyElement.update (package:flutter/src/widgets/framework.dart:6149)
I/flutter (10181): #40     Element.updateChild (package:flutter/src/widgets/framework.dart:4037)
I/flutter (10181): #41     Element.updateChildren (package:flutter/src/widgets/framework.dart:4191)
I/flutter (10181): #42     MultiChildRenderObjectElement.update (package:flutter/src/widgets/framework.dart:7295)
I/flutter (10181): #43     Element.updateChild (package:flutter/src/widgets/framework.dart:4037)
I/flutter (10181): #44     ComponentElement.performRebuild (package:flutter/src/widgets/framework.dart:5841)
I/flutter (10181): #45     Element.rebuild (package:flutter/src/widgets/framework.dart:5529)
I/flutter (10181): #46     ProxyElement.update (package:flutter/src/widgets/framework.dart:6149)
I/flutter (10181): #47     Element.updateChild (package:flutter/src/widgets/framework.dart:4037)
I/flutter (10181): #48     ComponentElement.performRebuild (package:flutter/src/widgets/framework.dart:5841)
I/flutter (10181): #49     StatefulElement.performRebuild (package:flutter/src/widgets/framework.dart:5982)
I/flutter (10181): #50     Element.rebuild (package:flutter/src/widgets/framework.dart:5529)
I/flutter (10181): #51     StatefulElement.update (package:flutter/src/widgets/framework.dart:6007)
I/flutter (10181): #52     Element.updateChild (package:flutter/src/widgets/framework.dart:4037)
I/flutter (10181): #53     ComponentElement.performRebuild (package:flutter/src/widgets/framework.dart:5841)
I/flutter (10181): #54     Element.rebuild (package:flutter/src/widgets/framework.dart:5529)
I/flutter (10181): #55     StatelessElement.update (package:flutter/src/widgets/framework.dart:5895)
I/flutter (10181): #56     Element.updateChild (package:flutter/src/widgets/framework.dart:4037)
I/flutter (10181): #57     ComponentElement.performRebuild (package:flutter/src/widgets/framework.dart:5841)
I/flutter (10181): #58     Element.rebuild (package:flutter/src/widgets/framework.dart:5529)
I/flutter (10181): #59     ProxyElement.update (package:flutter/src/widgets/framework.dart:6149)
I/flutter (10181): #60     Element.updateChild (package:flutter/src/widgets/framework.dart:4037)
I/flutter (10181): #61     ComponentElement.performRebuild (package:flutter/src/widgets/framework.dart:5841)
I/flutter (10181): #62     StatefulElement.performRebuild (package:flutter/src/widgets/framework.dart:5982)
I/flutter (10181): #63     Element.rebuild (package:flutter/src/widgets/framework.dart:5529)
I/flutter (10181): #64     StatefulElement.update (package:flutter/src/widgets/framework.dart:6007)
I/flutter (10181): #65     Element.updateChild (package:flutter/src/widgets/framework.dart:4037)
I/flutter (10181): #66     SingleChildRenderObjectElement.update (package:flutter/src/widgets/framework.dart:7122)
I/flutter (10181): #67     Element.updateChild (package:flutter/src/widgets/framework.dart:4037)
I/flutter (10181): #68     ComponentElement.performRebuild (package:flutter/src/widgets/framework.dart:5841)
I/flutter (10181): #69     Element.rebuild (package:flutter/src/widgets/framework.dart:5529)
I/flutter (10181): #70     ProxyElement.update (package:flutter/src/widgets/framework.dart:6149)
I/flutter (10181): #71     Element.updateChild (package:flutter/src/widgets/framework.dart:4037)
I/flutter (10181): #72     SingleChildRenderObjectElement.update (package:flutter/src/widgets/framework.dart:7122)
I/flutter (10181): #73     Element.updateChild (package:flutter/src/widgets/framework.dart:4037)
I/flutter (10181): #74     ComponentElement.performRebuild (package:flutter/src/widgets/framework.dart:5841)
I/flutter (10181): #75     StatefulElement.performRebuild (package:flutter/src/widgets/framework.dart:5982)
I/flutter (10181): #76     Element.rebuild (package:flutter/src/widgets/framework.dart:5529)
I/flutter (10181): #77     StatefulElement.update (package:flutter/src/widgets/framework.dart:6007)
I/flutter (10181): #78     Element.updateChild (package:flutter/src/widgets/framework.dart:4037)
I/flutter (10181): #79     ComponentElement.performRebuild (package:flutter/src/widgets/framework.dart:5841)
I/flutter (10181): #80     StatefulElement.performRebuild (package:flutter/src/widgets/framework.dart:5982)
I/flutter (10181): #81     Element.rebuild (package:flutter/src/widgets/framework.dart:5529)
I/flutter (10181): #82     StatefulElement.update (package:flutter/src/widgets/framework.dart:6007)
I/flutter (10181): #83     Element.updateChild (package:flutter/src/widgets/framework.dart:4037)
I/flutter (10181): #84     ComponentElement.performRebuild (package:flutter/src/widgets/framework.dart:5841)
I/flutter (10181): #85     Element.rebuild (package:flutter/src/widgets/framework.dart:5529)
I/flutter (10181): #86     ProxyElement.update (package:flutter/src/widgets/framework.dart:6149)
I/flutter (10181): #87     Element.updateChild (package:flutter/src/widgets/framework.dart:4037)
I/flutter (10181): #88     ComponentElement.performRebuild (package:flutter/src/widgets/framework.dart:5841)
I/flutter (10181): #89     Element.rebuild (package:flutter/src/widgets/framework.dart:5529)
I/flutter (10181): #90     ProxyElement.update (package:flutter/src/widgets/framework.dart:6149)
I/flutter (10181): #91     Element.updateChild (package:flutter/src/widgets/framework.dart:4037)
I/flutter (10181): #92     ComponentElement.performRebuild (package:flutter/src/widgets/framework.dart:5841)
I/flutter (10181): #93     Element.rebuild (package:flutter/src/widgets/framework.dart:5529)
I/flutter (10181): #94     ProxyElement.update (package:flutter/src/widgets/framework.dart:6149)
I/flutter (10181): #95     Element.updateChild (package:flutter/src/widgets/framework.dart:4037)
I/flutter (10181): #96     ComponentElement.performRebuild (package:flutter/src/widgets/framework.dart:5841)
I/flutter (10181): #97     StatefulElement.performRebuild (package:flutter/src/widgets/framework.dart:5982)
I/flutter (10181): #98     Element.rebuild (package:flutter/src/widgets/framework.dart:5529)
I/flutter (10181): #99     StatefulElement.update (package:flutter/src/widgets/framework.dart:6007)
[spm]: ProfilerData event received.
I/flutter (10181): [SPM:perf] 698a51a  buildSpan: 9952µs
I/flutter (10181): [spm] Performance monitoring completed for 698a51a
I/flutter (10181): type '_Stub' is not a subtype of type 'EdgeInsetsGeometry?'
I/flutter (10181): #0      TextBox.build (package:benchmark_container/generated_widget.dart:184)
I/flutter (10181): #1      StatelessElement.build (package:flutter/src/widgets/framework.dart:5889)
I/flutter (10181): #2      ComponentElement.performRebuild (package:flutter/src/widgets/framework.dart:5817)
I/flutter (10181): #3      Element.rebuild (package:flutter/src/widgets/framework.dart:5529)
I/flutter (10181): #4      StatelessElement.update (package:flutter/src/widgets/framework.dart:5895)
I/flutter (10181): #5      Element.updateChild (package:flutter/src/widgets/framework.dart:4037)
I/flutter (10181): #6      Element.updateChildren (package:flutter/src/widgets/framework.dart:4191)
I/flutter (10181): #7      MultiChildRenderObjectElement.update (package:flutter/src/widgets/framework.dart:7295)
I/flutter (10181): #8      Element.updateChild (package:flutter/src/widgets/framework.dart:4037)
I/flutter (10181): #9      SingleChildRenderObjectElement.update (package:flutter/src/widgets/framework.dart:7122)
I/flutter (10181): #10     Element.updateChild (package:flutter/src/widgets/framework.dart:4037)
I/flutter (10181): #11     ComponentElement.performRebuild (package:flutter/src/widgets/framework.dart:5841)
I/flutter (10181): #12     Element.rebuild (package:flutter/src/widgets/framework.dart:5529)
I/flutter (10181): #13     StatelessElement.update (package:flutter/src/widgets/framework.dart:5895)
I/flutter (10181): #14     Element.updateChild (package:flutter/src/widgets/framework.dart:4037)
I/flutter (10181): #15     ComponentElement.performRebuild (package:flutter/src/widgets/framework.dart:5841)
I/flutter (10181): #16     Element.rebuild (package:flutter/src/widgets/framework.dart:5529)
I/flutter (10181): #17     ProxyElement.update (package:flutter/src/widgets/framework.dart:6149)
I/flutter (10181): #18     Element.updateChild (package:flutter/src/widgets/framework.dart:4037)
I/flutter (10181): #19     SingleChildRenderObjectElement.update (package:flutter/src/widgets/framework.dart:7122)
I/flutter (10181): #20     Element.updateChild (package:flutter/src/widgets/framework.dart:4037)
I/flutter (10181): #21     ComponentElement.performRebuild (package:flutter/src/widgets/framework.dart:5841)
I/flutter (10181): #22     Element.rebuild (package:flutter/src/widgets/framework.dart:5529)
I/flutter (10181): #23     StatelessElement.update (package:flutter/src/widgets/framework.dart:5895)
I/flutter (10181): #24     Element.updateChild (package:flutter/src/widgets/framework.dart:4037)
I/flutter (10181): #25     ComponentElement.performRebuild (package:flutter/src/widgets/framework.dart:5841)
I/flutter (10181): #26     Element.rebuild (package:flutter/src/widgets/framework.dart:5529)
I/flutter (10181): #27     StatelessElement.update (package:flutter/src/widgets/framework.dart:5895)
I/flutter (10181): #28     Element.updateChild (package:flutter/src/widgets/framework.dart:4037)
I/flutter (10181): #29     ComponentElement.performRebuild (package:flutter/src/widgets/framework.dart:5841)
I/flutter (10181): #30     Element.rebuild (package:flutter/src/widgets/framework.dart:5529)
I/flutter (10181): #31     StatelessElement.update (package:flutter/src/widgets/framework.dart:5895)
I/flutter (10181): #32     Element.updateChild (package:flutter/src/widgets/framework.dart:4037)
I/flutter (10181): #33     ComponentElement.performRebuild (package:flutter/src/widgets/framework.dart:5841)
I/flutter (10181): #34     Element.rebuild (package:flutter/src/widgets/framework.dart:5529)
I/flutter (10181): #35     ProxyElement.update (package:flutter/src/widgets/framework.dart:6149)
I/flutter (10181): #36     Element.updateChild (package:flutter/src/widgets/framework.dart:4037)
I/flutter (10181): #37     ComponentElement.performRebuild (package:flutter/src/widgets/framework.dart:5841)
I/flutter (10181): #38     Element.rebuild (package:flutter/src/widgets/framework.dart:5529)
I/flutter (10181): #39     ProxyElement.update (package:flutter/src/widgets/framework.dart:6149)
I/flutter (10181): #40     Element.updateChild (package:flutter/src/widgets/framework.dart:4037)
I/flutter (10181): #41     Element.updateChildren (package:flutter/src/widgets/framework.dart:4191)
I/flutter (10181): #42     MultiChildRenderObjectElement.update (package:flutter/src/widgets/framework.dart:7295)
I/flutter (10181): #43     Element.updateChild (package:flutter/src/widgets/framework.dart:4037)
I/flutter (10181): #44     ComponentElement.performRebuild (package:flutter/src/widgets/framework.dart:5841)
I/flutter (10181): #45     Element.rebuild (package:flutter/src/widgets/framework.dart:5529)
I/flutter (10181): #46     ProxyElement.update (package:flutter/src/widgets/framework.dart:6149)
I/flutter (10181): #47     Element.updateChild (package:flutter/src/widgets/framework.dart:4037)
I/flutter (10181): #48     ComponentElement.performRebuild (package:flutter/src/widgets/framework.dart:5841)
I/flutter (10181): #49     StatefulElement.performRebuild (package:flutter/src/widgets/framework.dart:5982)
I/flutter (10181): #50     Element.rebuild (package:flutter/src/widgets/framework.dart:5529)
I/flutter (10181): #51     StatefulElement.update (package:flutter/src/widgets/framework.dart:6007)
I/flutter (10181): #52     Element.updateChild (package:flutter/src/widgets/framework.dart:4037)
I/flutter (10181): #53     ComponentElement.performRebuild (package:flutter/src/widgets/framework.dart:5841)
I/flutter (10181): #54     Element.rebuild (package:flutter/src/widgets/framework.dart:5529)
I/flutter (10181): #55     StatelessElement.update (package:flutter/src/widgets/framework.dart:5895)
I/flutter (10181): #56     Element.updateChild (package:flutter/src/widgets/framework.dart:4037)
I/flutter (10181): #57     ComponentElement.performRebuild (package:flutter/src/widgets/framework.dart:5841)
I/flutter (10181): #58     Element.rebuild (package:flutter/src/widgets/framework.dart:5529)
I/flutter (10181): #59     ProxyElement.update (package:flutter/src/widgets/framework.dart:6149)
I/flutter (10181): #60     Element.updateChild (package:flutter/src/widgets/framework.dart:4037)
I/flutter (10181): #61     ComponentElement.performRebuild (package:flutter/src/widgets/framework.dart:5841)
I/flutter (10181): #62     StatefulElement.performRebuild (package:flutter/src/widgets/framework.dart:5982)
I/flutter (10181): #63     Element.rebuild (package:flutter/src/widgets/framework.dart:5529)
I/flutter (10181): #64     StatefulElement.update (package:flutter/src/widgets/framework.dart:6007)
I/flutter (10181): #65     Element.updateChild (package:flutter/src/widgets/framework.dart:4037)
I/flutter (10181): #66     SingleChildRenderObjectElement.update (package:flutter/src/widgets/framework.dart:7122)
I/flutter (10181): #67     Element.updateChild (package:flutter/src/widgets/framework.dart:4037)
I/flutter (10181): #68     ComponentElement.performRebuild (package:flutter/src/widgets/framework.dart:5841)
I/flutter (10181): #69     Element.rebuild (package:flutter/src/widgets/framework.dart:5529)
I/flutter (10181): #70     ProxyElement.update (package:flutter/src/widgets/framework.dart:6149)
I/flutter (10181): #71     Element.updateChild (package:flutter/src/widgets/framework.dart:4037)
I/flutter (10181): #72     SingleChildRenderObjectElement.update (package:flutter/src/widgets/framework.dart:7122)
I/flutter (10181): #73     Element.updateChild (package:flutter/src/widgets/framework.dart:4037)
I/flutter (10181): #74     ComponentElement.performRebuild (package:flutter/src/widgets/framework.dart:5841)
I/flutter (10181): #75     StatefulElement.performRebuild (package:flutter/src/widgets/framework.dart:5982)
I/flutter (10181): #76     Element.rebuild (package:flutter/src/widgets/framework.dart:5529)
I/flutter (10181): #77     StatefulElement.update (package:flutter/src/widgets/framework.dart:6007)
I/flutter (10181): #78     Element.updateChild (package:flutter/src/widgets/framework.dart:4037)
I/flutter (10181): #79     ComponentElement.performRebuild (package:flutter/src/widgets/framework.dart:5841)
I/flutter (10181): #80     StatefulElement.performRebuild (package:flutter/src/widgets/framework.dart:5982)
I/flutter (10181): #81     Element.rebuild (package:flutter/src/widgets/framework.dart:5529)
I/flutter (10181): #82     StatefulElement.update (package:flutter/src/widgets/framework.dart:6007)
I/flutter (10181): #83     Element.updateChild (package:flutter/src/widgets/framework.dart:4037)
I/flutter (10181): #84     ComponentElement.performRebuild (package:flutter/src/widgets/framework.dart:5841)
I/flutter (10181): #85     Element.rebuild (package:flutter/src/widgets/framework.dart:5529)
I/flutter (10181): #86     ProxyElement.update (package:flutter/src/widgets/framework.dart:6149)
I/flutter (10181): #87     Element.updateChild (package:flutter/src/widgets/framework.dart:4037)
I/flutter (10181): #88     ComponentElement.performRebuild (package:flutter/src/widgets/framework.dart:5841)
I/flutter (10181): #89     Element.rebuild (package:flutter/src/widgets/framework.dart:5529)
I/flutter (10181): #90     ProxyElement.update (package:flutter/src/widgets/framework.dart:6149)
I/flutter (10181): #91     Element.updateChild (package:flutter/src/widgets/framework.dart:4037)
I/flutter (10181): #92     ComponentElement.performRebuild (package:flutter/src/widgets/framework.dart:5841)
I/flutter (10181): #93     Element.rebuild (package:flutter/src/widgets/framework.dart:5529)
I/flutter (10181): #94     ProxyElement.update (package:flutter/src/widgets/framework.dart:6149)
I/flutter (10181): #95     Element.updateChild (package:flutter/src/widgets/framework.dart:4037)
I/flutter (10181): #96     ComponentElement.performRebuild (package:flutter/src/widgets/framework.dart:5841)
I/flutter (10181): #97     StatefulElement.performRebuild (package:flutter/src/widgets/framework.dart:5982)
I/flutter (10181): #98     Element.rebuild (package:flutter/src/widgets/framework.dart:5529)
I/flutter (10181): #99     StatefulElement.update (package:flutter/src/widgets/framework.dart:6007)
[spm]: ProfilerData event received.
I/flutter (10181): [SPM:perf] 698a51a  buildSpan: 9504µs
I/flutter (10181): [spm] Performance monitoring completed for 698a51a
I/flutter (10181): type '_Stub' is not a subtype of type 'EdgeInsetsGeometry?'
I/flutter (10181): #0      TextBox.build (package:benchmark_container/generated_widget.dart:184)
I/flutter (10181): #1      StatelessElement.build (package:flutter/src/widgets/framework.dart:5889)
I/flutter (10181): #2      ComponentElement.performRebuild (package:flutter/src/widgets/framework.dart:5817)
I/flutter (10181): #3      Element.rebuild (package:flutter/src/widgets/framework.dart:5529)
I/flutter (10181): #4      StatelessElement.update (package:flutter/src/widgets/framework.dart:5895)
I/flutter (10181): #5      Element.updateChild (package:flutter/src/widgets/framework.dart:4037)
I/flutter (10181): #6      Element.updateChildren (package:flutter/src/widgets/framework.dart:4191)
I/flutter (10181): #7      MultiChildRenderObjectElement.update (package:flutter/src/widgets/framework.dart:7295)
I/flutter (10181): #8      Element.updateChild (package:flutter/src/widgets/framework.dart:4037)
I/flutter (10181): #9      SingleChildRenderObjectElement.update (package:flutter/src/widgets/framework.dart:7122)
I/flutter (10181): #10     Element.updateChild (package:flutter/src/widgets/framework.dart:4037)
I/flutter (10181): #11     ComponentElement.performRebuild (package:flutter/src/widgets/framework.dart:5841)
I/flutter (10181): #12     Element.rebuild (package:flutter/src/widgets/framework.dart:5529)
I/flutter (10181): #13     StatelessElement.update (package:flutter/src/widgets/framework.dart:5895)
I/flutter (10181): #14     Element.updateChild (package:flutter/src/widgets/framework.dart:4037)
I/flutter (10181): #15     ComponentElement.performRebuild (package:flutter/src/widgets/framework.dart:5841)
I/flutter (10181): #16     Element.rebuild (package:flutter/src/widgets/framework.dart:5529)
I/flutter (10181): #17     ProxyElement.update (package:flutter/src/widgets/framework.dart:6149)
I/flutter (10181): #18     Element.updateChild (package:flutter/src/widgets/framework.dart:4037)
I/flutter (10181): #19     SingleChildRenderObjectElement.update (package:flutter/src/widgets/framework.dart:7122)
I/flutter (10181): #20     Element.updateChild (package:flutter/src/widgets/framework.dart:4037)
I/flutter (10181): #21     ComponentElement.performRebuild (package:flutter/src/widgets/framework.dart:5841)
I/flutter (10181): #22     Element.rebuild (package:flutter/src/widgets/framework.dart:5529)
I/flutter (10181): #23     StatelessElement.update (package:flutter/src/widgets/framework.dart:5895)
I/flutter (10181): #24     Element.updateChild (package:flutter/src/widgets/framework.dart:4037)
I/flutter (10181): #25     ComponentElement.performRebuild (package:flutter/src/widgets/framework.dart:5841)
I/flutter (10181): #26     Element.rebuild (package:flutter/src/widgets/framework.dart:5529)
I/flutter (10181): #27     StatelessElement.update (package:flutter/src/widgets/framework.dart:5895)
I/flutter (10181): #28     Element.updateChild (package:flutter/src/widgets/framework.dart:4037)
I/flutter (10181): #29     ComponentElement.performRebuild (package:flutter/src/widgets/framework.dart:5841)
I/flutter (10181): #30     Element.rebuild (package:flutter/src/widgets/framework.dart:5529)
I/flutter (10181): #31     StatelessElement.update (package:flutter/src/widgets/framework.dart:5895)
I/flutter (10181): #32     Element.updateChild (package:flutter/src/widgets/framework.dart:4037)
I/flutter (10181): #33     ComponentElement.performRebuild (package:flutter/src/widgets/framework.dart:5841)
I/flutter (10181): #34     Element.rebuild (package:flutter/src/widgets/framework.dart:5529)
I/flutter (10181): #35     ProxyElement.update (package:flutter/src/widgets/framework.dart:6149)
I/flutter (10181): #36     Element.updateChild (package:flutter/src/widgets/framework.dart:4037)
I/flutter (10181): #37     ComponentElement.performRebuild (package:flutter/src/widgets/framework.dart:5841)
I/flutter (10181): #38     Element.rebuild (package:flutter/src/widgets/framework.dart:5529)
I/flutter (10181): #39     ProxyElement.update (package:flutter/src/widgets/framework.dart:6149)
I/flutter (10181): #40     Element.updateChild (package:flutter/src/widgets/framework.dart:4037)
I/flutter (10181): #41     Element.updateChildren (package:flutter/src/widgets/framework.dart:4191)
I/flutter (10181): #42     MultiChildRenderObjectElement.update (package:flutter/src/widgets/framework.dart:7295)
I/flutter (10181): #43     Element.updateChild (package:flutter/src/widgets/framework.dart:4037)
I/flutter (10181): #44     ComponentElement.performRebuild (package:flutter/src/widgets/framework.dart:5841)
I/flutter (10181): #45     Element.rebuild (package:flutter/src/widgets/framework.dart:5529)
I/flutter (10181): #46     ProxyElement.update (package:flutter/src/widgets/framework.dart:6149)
I/flutter (10181): #47     Element.updateChild (package:flutter/src/widgets/framework.dart:4037)
I/flutter (10181): #48     ComponentElement.performRebuild (package:flutter/src/widgets/framework.dart:5841)
I/flutter (10181): #49     StatefulElement.performRebuild (package:flutter/src/widgets/framework.dart:5982)
I/flutter (10181): #50     Element.rebuild (package:flutter/src/widgets/framework.dart:5529)
I/flutter (10181): #51     StatefulElement.update (package:flutter/src/widgets/framework.dart:6007)
I/flutter (10181): #52     Element.updateChild (package:flutter/src/widgets/framework.dart:4037)
I/flutter (10181): #53     ComponentElement.performRebuild (package:flutter/src/widgets/framework.dart:5841)
I/flutter (10181): #54     Element.rebuild (package:flutter/src/widgets/framework.dart:5529)
I/flutter (10181): #55     StatelessElement.update (package:flutter/src/widgets/framework.dart:5895)
I/flutter (10181): #56     Element.updateChild (package:flutter/src/widgets/framework.dart:4037)
I/flutter (10181): #57     ComponentElement.performRebuild (package:flutter/src/widgets/framework.dart:5841)
I/flutter (10181): #58     Element.rebuild (package:flutter/src/widgets/framework.dart:5529)
I/flutter (10181): #59     ProxyElement.update (package:flutter/src/widgets/framework.dart:6149)
I/flutter (10181): #60     Element.updateChild (package:flutter/src/widgets/framework.dart:4037)
I/flutter (10181): #61     ComponentElement.performRebuild (package:flutter/src/widgets/framework.dart:5841)
I/flutter (10181): #62     StatefulElement.performRebuild (package:flutter/src/widgets/framework.dart:5982)
I/flutter (10181): #63     Element.rebuild (package:flutter/src/widgets/framework.dart:5529)
I/flutter (10181): #64     StatefulElement.update (package:flutter/src/widgets/framework.dart:6007)
I/flutter (10181): #65     Element.updateChild (package:flutter/src/widgets/framework.dart:4037)
I/flutter (10181): #66     SingleChildRenderObjectElement.update (package:flutter/src/widgets/framework.dart:7122)
I/flutter (10181): #67     Element.updateChild (package:flutter/src/widgets/framework.dart:4037)
I/flutter (10181): #68     ComponentElement.performRebuild (package:flutter/src/widgets/framework.dart:5841)
I/flutter (10181): #69     Element.rebuild (package:flutter/src/widgets/framework.dart:5529)
I/flutter (10181): #70     ProxyElement.update (package:flutter/src/widgets/framework.dart:6149)
I/flutter (10181): #71     Element.updateChild (package:flutter/src/widgets/framework.dart:4037)
I/flutter (10181): #72     SingleChildRenderObjectElement.update (package:flutter/src/widgets/framework.dart:7122)
I/flutter (10181): #73     Element.updateChild (package:flutter/src/widgets/framework.dart:4037)
I/flutter (10181): #74     ComponentElement.performRebuild (package:flutter/src/widgets/framework.dart:5841)
I/flutter (10181): #75     StatefulElement.performRebuild (package:flutter/src/widgets/framework.dart:5982)
I/flutter (10181): #76     Element.rebuild (package:flutter/src/widgets/framework.dart:5529)
I/flutter (10181): #77     StatefulElement.update (package:flutter/src/widgets/framework.dart:6007)
I/flutter (10181): #78     Element.updateChild (package:flutter/src/widgets/framework.dart:4037)
I/flutter (10181): #79     ComponentElement.performRebuild (package:flutter/src/widgets/framework.dart:5841)
I/flutter (10181): #80     StatefulElement.performRebuild (package:flutter/src/widgets/framework.dart:5982)
I/flutter (10181): #81     Element.rebuild (package:flutter/src/widgets/framework.dart:5529)
I/flutter (10181): #82     StatefulElement.update (package:flutter/src/widgets/framework.dart:6007)
I/flutter (10181): #83     Element.updateChild (package:flutter/src/widgets/framework.dart:4037)
I/flutter (10181): #84     ComponentElement.performRebuild (package:flutter/src/widgets/framework.dart:5841)
I/flutter (10181): #85     Element.rebuild (package:flutter/src/widgets/framework.dart:5529)
I/flutter (10181): #86     ProxyElement.update (package:flutter/src/widgets/framework.dart:6149)
I/flutter (10181): #87     Element.updateChild (package:flutter/src/widgets/framework.dart:4037)
I/flutter (10181): #88     ComponentElement.performRebuild (package:flutter/src/widgets/framework.dart:5841)
I/flutter (10181): #89     Element.rebuild (package:flutter/src/widgets/framework.dart:5529)
I/flutter (10181): #90     ProxyElement.update (package:flutter/src/widgets/framework.dart:6149)
I/flutter (10181): #91     Element.updateChild (package:flutter/src/widgets/framework.dart:4037)
I/flutter (10181): #92     ComponentElement.performRebuild (package:flutter/src/widgets/framework.dart:5841)
I/flutter (10181): #93     Element.rebuild (package:flutter/src/widgets/framework.dart:5529)
I/flutter (10181): #94     ProxyElement.update (package:flutter/src/widgets/framework.dart:6149)
I/flutter (10181): #95     Element.updateChild (package:flutter/src/widgets/framework.dart:4037)
I/flutter (10181): #96     ComponentElement.performRebuild (package:flutter/src/widgets/framework.dart:5841)
I/flutter (10181): #97     StatefulElement.performRebuild (package:flutter/src/widgets/framework.dart:5982)
I/flutter (10181): #98     Element.rebuild (package:flutter/src/widgets/framework.dart:5529)
I/flutter (10181): #99     StatefulElement.update (package:flutter/src/widgets/framework.dart:6007)
I/flutter (10181): [SPM:perf] 698a51a  buildSpan: 9501µs
I/flutter (10181): [spm] Performance monitoring completed for 698a51a
[spm]: ProfilerData event received.
I/flutter (10181): type '_Stub' is not a subtype of type 'EdgeInsetsGeometry?'
I/flutter (10181): #0      TextBox.build (package:benchmark_container/generated_widget.dart:184)
I/flutter (10181): #1      StatelessElement.build (package:flutter/src/widgets/framework.dart:5889)
I/flutter (10181): #2      ComponentElement.performRebuild (package:flutter/src/widgets/framework.dart:5817)
I/flutter (10181): #3      Element.rebuild (package:flutter/src/widgets/framework.dart:5529)
I/flutter (10181): #4      StatelessElement.update (package:flutter/src/widgets/framework.dart:5895)
I/flutter (10181): #5      Element.updateChild (package:flutter/src/widgets/framework.dart:4037)
I/flutter (10181): #6      Element.updateChildren (package:flutter/src/widgets/framework.dart:4191)
I/flutter (10181): #7      MultiChildRenderObjectElement.update (package:flutter/src/widgets/framework.dart:7295)
I/flutter (10181): #8      Element.updateChild (package:flutter/src/widgets/framework.dart:4037)
I/flutter (10181): #9      SingleChildRenderObjectElement.update (package:flutter/src/widgets/framework.dart:7122)
I/flutter (10181): #10     Element.updateChild (package:flutter/src/widgets/framework.dart:4037)
I/flutter (10181): #11     ComponentElement.performRebuild (package:flutter/src/widgets/framework.dart:5841)
I/flutter (10181): #12     Element.rebuild (package:flutter/src/widgets/framework.dart:5529)
I/flutter (10181): #13     StatelessElement.update (package:flutter/src/widgets/framework.dart:5895)
I/flutter (10181): #14     Element.updateChild (package:flutter/src/widgets/framework.dart:4037)
I/flutter (10181): #15     ComponentElement.performRebuild (package:flutter/src/widgets/framework.dart:5841)
I/flutter (10181): #16     Element.rebuild (package:flutter/src/widgets/framework.dart:5529)
I/flutter (10181): #17     ProxyElement.update (package:flutter/src/widgets/framework.dart:6149)
I/flutter (10181): #18     Element.updateChild (package:flutter/src/widgets/framework.dart:4037)
I/flutter (10181): #19     SingleChildRenderObjectElement.update (package:flutter/src/widgets/framework.dart:7122)
I/flutter (10181): #20     Element.updateChild (package:flutter/src/widgets/framework.dart:4037)
I/flutter (10181): #21     ComponentElement.performRebuild (package:flutter/src/widgets/framework.dart:5841)
I/flutter (10181): #22     Element.rebuild (package:flutter/src/widgets/framework.dart:5529)
I/flutter (10181): #23     StatelessElement.update (package:flutter/src/widgets/framework.dart:5895)
I/flutter (10181): #24     Element.updateChild (package:flutter/src/widgets/framework.dart:4037)
I/flutter (10181): #25     ComponentElement.performRebuild (package:flutter/src/widgets/framework.dart:5841)
I/flutter (10181): #26     Element.rebuild (package:flutter/src/widgets/framework.dart:5529)
I/flutter (10181): #27     StatelessElement.update (package:flutter/src/widgets/framework.dart:5895)
I/flutter (10181): #28     Element.updateChild (package:flutter/src/widgets/framework.dart:4037)
I/flutter (10181): #29     ComponentElement.performRebuild (package:flutter/src/widgets/framework.dart:5841)
I/flutter (10181): #30     Element.rebuild (package:flutter/src/widgets/framework.dart:5529)
I/flutter (10181): #31     StatelessElement.update (package:flutter/src/widgets/framework.dart:5895)
I/flutter (10181): #32     Element.updateChild (package:flutter/src/widgets/framework.dart:4037)
I/flutter (10181): #33     ComponentElement.performRebuild (package:flutter/src/widgets/framework.dart:5841)
I/flutter (10181): #34     Element.rebuild (package:flutter/src/widgets/framework.dart:5529)
I/flutter (10181): #35     ProxyElement.update (package:flutter/src/widgets/framework.dart:6149)
I/flutter (10181): #36     Element.updateChild (package:flutter/src/widgets/framework.dart:4037)
I/flutter (10181): #37     ComponentElement.performRebuild (package:flutter/src/widgets/framework.dart:5841)
I/flutter (10181): #38     Element.rebuild (package:flutter/src/widgets/framework.dart:5529)
I/flutter (10181): #39     ProxyElement.update (package:flutter/src/widgets/framework.dart:6149)
I/flutter (10181): #40     Element.updateChild (package:flutter/src/widgets/framework.dart:4037)
I/flutter (10181): #41     Element.updateChildren (package:flutter/src/widgets/framework.dart:4191)
I/flutter (10181): #42     MultiChildRenderObjectElement.update (package:flutter/src/widgets/framework.dart:7295)
I/flutter (10181): #43     Element.updateChild (package:flutter/src/widgets/framework.dart:4037)
I/flutter (10181): #44     ComponentElement.performRebuild (package:flutter/src/widgets/framework.dart:5841)
I/flutter (10181): #45     Element.rebuild (package:flutter/src/widgets/framework.dart:5529)
I/flutter (10181): #46     ProxyElement.update (package:flutter/src/widgets/framework.dart:6149)
I/flutter (10181): #47     Element.updateChild (package:flutter/src/widgets/framework.dart:4037)
I/flutter (10181): #48     ComponentElement.performRebuild (package:flutter/src/widgets/framework.dart:5841)
I/flutter (10181): #49     StatefulElement.performRebuild (package:flutter/src/widgets/framework.dart:5982)
I/flutter (10181): #50     Element.rebuild (package:flutter/src/widgets/framework.dart:5529)
I/flutter (10181): #51     StatefulElement.update (package:flutter/src/widgets/framework.dart:6007)
I/flutter (10181): #52     Element.updateChild (package:flutter/src/widgets/framework.dart:4037)
I/flutter (10181): #53     ComponentElement.performRebuild (package:flutter/src/widgets/framework.dart:5841)
I/flutter (10181): #54     Element.rebuild (package:flutter/src/widgets/framework.dart:5529)
I/flutter (10181): #55     StatelessElement.update (package:flutter/src/widgets/framework.dart:5895)
I/flutter (10181): #56     Element.updateChild (package:flutter/src/widgets/framework.dart:4037)
I/flutter (10181): #57     ComponentElement.performRebuild (package:flutter/src/widgets/framework.dart:5841)
I/flutter (10181): #58     Element.rebuild (package:flutter/src/widgets/framework.dart:5529)
I/flutter (10181): #59     ProxyElement.update (package:flutter/src/widgets/framework.dart:6149)
I/flutter (10181): #60     Element.updateChild (package:flutter/src/widgets/framework.dart:4037)
I/flutter (10181): #61     ComponentElement.performRebuild (package:flutter/src/widgets/framework.dart:5841)
I/flutter (10181): #62     StatefulElement.performRebuild (package:flutter/src/widgets/framework.dart:5982)
I/flutter (10181): #63     Element.rebuild (package:flutter/src/widgets/framework.dart:5529)
I/flutter (10181): #64     StatefulElement.update (package:flutter/src/widgets/framework.dart:6007)
I/flutter (10181): #65     Element.updateChild (package:flutter/src/widgets/framework.dart:4037)
I/flutter (10181): #66     SingleChildRenderObjectElement.update (package:flutter/src/widgets/framework.dart:7122)
I/flutter (10181): #67     Element.updateChild (package:flutter/src/widgets/framework.dart:4037)
I/flutter (10181): #68     ComponentElement.performRebuild (package:flutter/src/widgets/framework.dart:5841)
I/flutter (10181): #69     Element.rebuild (package:flutter/src/widgets/framework.dart:5529)
I/flutter (10181): #70     ProxyElement.update (package:flutter/src/widgets/framework.dart:6149)
I/flutter (10181): #71     Element.updateChild (package:flutter/src/widgets/framework.dart:4037)
I/flutter (10181): #72     SingleChildRenderObjectElement.update (package:flutter/src/widgets/framework.dart:7122)
I/flutter (10181): #73     Element.updateChild (package:flutter/src/widgets/framework.dart:4037)
I/flutter (10181): #74     ComponentElement.performRebuild (package:flutter/src/widgets/framework.dart:5841)
I/flutter (10181): #75     StatefulElement.performRebuild (package:flutter/src/widgets/framework.dart:5982)
I/flutter (10181): #76     Element.rebuild (package:flutter/src/widgets/framework.dart:5529)
I/flutter (10181): #77     StatefulElement.update (package:flutter/src/widgets/framework.dart:6007)
I/flutter (10181): #78     Element.updateChild (package:flutter/src/widgets/framework.dart:4037)
I/flutter (10181): #79     ComponentElement.performRebuild (package:flutter/src/widgets/framework.dart:5841)
I/flutter (10181): #80     StatefulElement.performRebuild (package:flutter/src/widgets/framework.dart:5982)
I/flutter (10181): #81     Element.rebuild (package:flutter/src/widgets/framework.dart:5529)
I/flutter (10181): #82     StatefulElement.update (package:flutter/src/widgets/framework.dart:6007)
I/flutter (10181): #83     Element.updateChild (package:flutter/src/widgets/framework.dart:4037)
I/flutter (10181): #84     ComponentElement.performRebuild (package:flutter/src/widgets/framework.dart:5841)
I/flutter (10181): #85     Element.rebuild (package:flutter/src/widgets/framework.dart:5529)
I/flutter (10181): #86     ProxyElement.update (package:flutter/src/widgets/framework.dart:6149)
I/flutter (10181): #87     Element.updateChild (package:flutter/src/widgets/framework.dart:4037)
I/flutter (10181): #88     ComponentElement.performRebuild (package:flutter/src/widgets/framework.dart:5841)
I/flutter (10181): #89     Element.rebuild (package:flutter/src/widgets/framework.dart:5529)
I/flutter (10181): #90     ProxyElement.update (package:flutter/src/widgets/framework.dart:6149)
I/flutter (10181): #91     Element.updateChild (package:flutter/src/widgets/framework.dart:4037)
I/flutter (10181): #92     ComponentElement.performRebuild (package:flutter/src/widgets/framework.dart:5841)
I/flutter (10181): #93     Element.rebuild (package:flutter/src/widgets/framework.dart:5529)
I/flutter (10181): #94     ProxyElement.update (package:flutter/src/widgets/framework.dart:6149)
I/flutter (10181): #95     Element.updateChild (package:flutter/src/widgets/framework.dart:4037)
I/flutter (10181): #96     ComponentElement.performRebuild (package:flutter/src/widgets/framework.dart:5841)
I/flutter (10181): #97     StatefulElement.performRebuild (package:flutter/src/widgets/framework.dart:5982)
I/flutter (10181): #98     Element.rebuild (package:flutter/src/widgets/framework.dart:5529)
I/flutter (10181): #99     StatefulElement.update (package:flutter/src/widgets/framework.dart:6007)
[spm]: ProfilerData event received.
I/flutter (10181): [SPM:perf] 698a51a  buildSpan: 9553µs
I/flutter (10181): [spm] Performance monitoring completed for 698a51a
I/flutter (10181): type '_Stub' is not a subtype of type 'EdgeInsetsGeometry?'
I/flutter (10181): #0      TextBox.build (package:benchmark_container/generated_widget.dart:184)
I/flutter (10181): #1      StatelessElement.build (package:flutter/src/widgets/framework.dart:5889)
I/flutter (10181): #2      ComponentElement.performRebuild (package:flutter/src/widgets/framework.dart:5817)
I/flutter (10181): #3      Element.rebuild (package:flutter/src/widgets/framework.dart:5529)
I/flutter (10181): #4      StatelessElement.update (package:flutter/src/widgets/framework.dart:5895)
I/flutter (10181): #5      Element.updateChild (package:flutter/src/widgets/framework.dart:4037)
I/flutter (10181): #6      Element.updateChildren (package:flutter/src/widgets/framework.dart:4191)
I/flutter (10181): #7      MultiChildRenderObjectElement.update (package:flutter/src/widgets/framework.dart:7295)
I/flutter (10181): #8      Element.updateChild (package:flutter/src/widgets/framework.dart:4037)
I/flutter (10181): #9      SingleChildRenderObjectElement.update (package:flutter/src/widgets/framework.dart:7122)
I/flutter (10181): #10     Element.updateChild (package:flutter/src/widgets/framework.dart:4037)
I/flutter (10181): #11     ComponentElement.performRebuild (package:flutter/src/widgets/framework.dart:5841)
I/flutter (10181): #12     Element.rebuild (package:flutter/src/widgets/framework.dart:5529)
I/flutter (10181): #13     StatelessElement.update (package:flutter/src/widgets/framework.dart:5895)
I/flutter (10181): #14     Element.updateChild (package:flutter/src/widgets/framework.dart:4037)
I/flutter (10181): #15     ComponentElement.performRebuild (package:flutter/src/widgets/framework.dart:5841)
I/flutter (10181): #16     Element.rebuild (package:flutter/src/widgets/framework.dart:5529)
I/flutter (10181): #17     ProxyElement.update (package:flutter/src/widgets/framework.dart:6149)
I/flutter (10181): #18     Element.updateChild (package:flutter/src/widgets/framework.dart:4037)
I/flutter (10181): #19     SingleChildRenderObjectElement.update (package:flutter/src/widgets/framework.dart:7122)
I/flutter (10181): #20     Element.updateChild (package:flutter/src/widgets/framework.dart:4037)
I/flutter (10181): #21     ComponentElement.performRebuild (package:flutter/src/widgets/framework.dart:5841)
I/flutter (10181): #22     Element.rebuild (package:flutter/src/widgets/framework.dart:5529)
I/flutter (10181): #23     StatelessElement.update (package:flutter/src/widgets/framework.dart:5895)
I/flutter (10181): #24     Element.updateChild (package:flutter/src/widgets/framework.dart:4037)
I/flutter (10181): #25     ComponentElement.performRebuild (package:flutter/src/widgets/framework.dart:5841)
I/flutter (10181): #26     Element.rebuild (package:flutter/src/widgets/framework.dart:5529)
I/flutter (10181): #27     StatelessElement.update (package:flutter/src/widgets/framework.dart:5895)
I/flutter (10181): #28     Element.updateChild (package:flutter/src/widgets/framework.dart:4037)
I/flutter (10181): #29     ComponentElement.performRebuild (package:flutter/src/widgets/framework.dart:5841)
I/flutter (10181): #30     Element.rebuild (package:flutter/src/widgets/framework.dart:5529)
I/flutter (10181): #31     StatelessElement.update (package:flutter/src/widgets/framework.dart:5895)
I/flutter (10181): #32     Element.updateChild (package:flutter/src/widgets/framework.dart:4037)
I/flutter (10181): #33     ComponentElement.performRebuild (package:flutter/src/widgets/framework.dart:5841)
I/flutter (10181): #34     Element.rebuild (package:flutter/src/widgets/framework.dart:5529)
I/flutter (10181): #35     ProxyElement.update (package:flutter/src/widgets/framework.dart:6149)
I/flutter (10181): #36     Element.updateChild (package:flutter/src/widgets/framework.dart:4037)
I/flutter (10181): #37     ComponentElement.performRebuild (package:flutter/src/widgets/framework.dart:5841)
I/flutter (10181): #38     Element.rebuild (package:flutter/src/widgets/framework.dart:5529)
I/flutter (10181): #39     ProxyElement.update (package:flutter/src/widgets/framework.dart:6149)
I/flutter (10181): #40     Element.updateChild (package:flutter/src/widgets/framework.dart:4037)
I/flutter (10181): #41     Element.updateChildren (package:flutter/src/widgets/framework.dart:4191)
I/flutter (10181): #42     MultiChildRenderObjectElement.update (package:flutter/src/widgets/framework.dart:7295)
I/flutter (10181): #43     Element.updateChild (package:flutter/src/widgets/framework.dart:4037)
I/flutter (10181): #44     ComponentElement.performRebuild (package:flutter/src/widgets/framework.dart:5841)
I/flutter (10181): #45     Element.rebuild (package:flutter/src/widgets/framework.dart:5529)
I/flutter (10181): #46     ProxyElement.update (package:flutter/src/widgets/framework.dart:6149)
I/flutter (10181): #47     Element.updateChild (package:flutter/src/widgets/framework.dart:4037)
I/flutter (10181): #48     ComponentElement.performRebuild (package:flutter/src/widgets/framework.dart:5841)
I/flutter (10181): #49     StatefulElement.performRebuild (package:flutter/src/widgets/framework.dart:5982)
I/flutter (10181): #50     Element.rebuild (package:flutter/src/widgets/framework.dart:5529)
I/flutter (10181): #51     StatefulElement.update (package:flutter/src/widgets/framework.dart:6007)
I/flutter (10181): #52     Element.updateChild (package:flutter/src/widgets/framework.dart:4037)
I/flutter (10181): #53     ComponentElement.performRebuild (package:flutter/src/widgets/framework.dart:5841)
I/flutter (10181): #54     Element.rebuild (package:flutter/src/widgets/framework.dart:5529)
I/flutter (10181): #55     StatelessElement.update (package:flutter/src/widgets/framework.dart:5895)
I/flutter (10181): #56     Element.updateChild (package:flutter/src/widgets/framework.dart:4037)
I/flutter (10181): #57     ComponentElement.performRebuild (package:flutter/src/widgets/framework.dart:5841)
I/flutter (10181): #58     Element.rebuild (package:flutter/src/widgets/framework.dart:5529)
I/flutter (10181): #59     ProxyElement.update (package:flutter/src/widgets/framework.dart:6149)
I/flutter (10181): #60     Element.updateChild (package:flutter/src/widgets/framework.dart:4037)
I/flutter (10181): #61     ComponentElement.performRebuild (package:flutter/src/widgets/framework.dart:5841)
I/flutter (10181): #62     StatefulElement.performRebuild (package:flutter/src/widgets/framework.dart:5982)
I/flutter (10181): #63     Element.rebuild (package:flutter/src/widgets/framework.dart:5529)
I/flutter (10181): #64     StatefulElement.update (package:flutter/src/widgets/framework.dart:6007)
I/flutter (10181): #65     Element.updateChild (package:flutter/src/widgets/framework.dart:4037)
I/flutter (10181): #66     SingleChildRenderObjectElement.update (package:flutter/src/widgets/framework.dart:7122)
I/flutter (10181): #67     Element.updateChild (package:flutter/src/widgets/framework.dart:4037)
I/flutter (10181): #68     ComponentElement.performRebuild (package:flutter/src/widgets/framework.dart:5841)
I/flutter (10181): #69     Element.rebuild (package:flutter/src/widgets/framework.dart:5529)
I/flutter (10181): #70     ProxyElement.update (package:flutter/src/widgets/framework.dart:6149)
I/flutter (10181): #71     Element.updateChild (package:flutter/src/widgets/framework.dart:4037)
I/flutter (10181): #72     SingleChildRenderObjectElement.update (package:flutter/src/widgets/framework.dart:7122)
I/flutter (10181): #73     Element.updateChild (package:flutter/src/widgets/framework.dart:4037)
I/flutter (10181): #74     ComponentElement.performRebuild (package:flutter/src/widgets/framework.dart:5841)
I/flutter (10181): #75     StatefulElement.performRebuild (package:flutter/src/widgets/framework.dart:5982)
I/flutter (10181): #76     Element.rebuild (package:flutter/src/widgets/framework.dart:5529)
I/flutter (10181): #77     StatefulElement.update (package:flutter/src/widgets/framework.dart:6007)
I/flutter (10181): #78     Element.updateChild (package:flutter/src/widgets/framework.dart:4037)
I/flutter (10181): #79     ComponentElement.performRebuild (package:flutter/src/widgets/framework.dart:5841)
I/flutter (10181): #80     StatefulElement.performRebuild (package:flutter/src/widgets/framework.dart:5982)
I/flutter (10181): #81     Element.rebuild (package:flutter/src/widgets/framework.dart:5529)
I/flutter (10181): #82     StatefulElement.update (package:flutter/src/widgets/framework.dart:6007)
I/flutter (10181): #83     Element.updateChild (package:flutter/src/widgets/framework.dart:4037)
I/flutter (10181): #84     ComponentElement.performRebuild (package:flutter/src/widgets/framework.dart:5841)
I/flutter (10181): #85     Element.rebuild (package:flutter/src/widgets/framework.dart:5529)
I/flutter (10181): #86     ProxyElement.update (package:flutter/src/widgets/framework.dart:6149)
I/flutter (10181): #87     Element.updateChild (package:flutter/src/widgets/framework.dart:4037)
I/flutter (10181): #88     ComponentElement.performRebuild (package:flutter/src/widgets/framework.dart:5841)
I/flutter (10181): #89     Element.rebuild (package:flutter/src/widgets/framework.dart:5529)
I/flutter (10181): #90     ProxyElement.update (package:flutter/src/widgets/framework.dart:6149)
I/flutter (10181): #91     Element.updateChild (package:flutter/src/widgets/framework.dart:4037)
I/flutter (10181): #92     ComponentElement.performRebuild (package:flutter/src/widgets/framework.dart:5841)
I/flutter (10181): #93     Element.rebuild (package:flutter/src/widgets/framework.dart:5529)
I/flutter (10181): #94     ProxyElement.update (package:flutter/src/widgets/framework.dart:6149)
I/flutter (10181): #95     Element.updateChild (package:flutter/src/widgets/framework.dart:4037)
I/flutter (10181): #96     ComponentElement.performRebuild (package:flutter/src/widgets/framework.dart:5841)
I/flutter (10181): #97     StatefulElement.performRebuild (package:flutter/src/widgets/framework.dart:5982)
I/flutter (10181): #98     Element.rebuild (package:flutter/src/widgets/framework.dart:5529)
I/flutter (10181): #99     StatefulElement.update (package:flutter/src/widgets/framework.dart:6007)
I/flutter (10181): [SPM:perf] 698a51a  buildSpan: 9022µs
[spm]: ProfilerData event received.
I/flutter (10181): [spm] Performance monitoring completed for 698a51a
I/flutter (10181): type '_Stub' is not a subtype of type 'EdgeInsetsGeometry?'
I/flutter (10181): #0      TextBox.build (package:benchmark_container/generated_widget.dart:184)
I/flutter (10181): #1      StatelessElement.build (package:flutter/src/widgets/framework.dart:5889)
I/flutter (10181): #2      ComponentElement.performRebuild (package:flutter/src/widgets/framework.dart:5817)
I/flutter (10181): #3      Element.rebuild (package:flutter/src/widgets/framework.dart:5529)
I/flutter (10181): #4      StatelessElement.update (package:flutter/src/widgets/framework.dart:5895)
I/flutter (10181): #5      Element.updateChild (package:flutter/src/widgets/framework.dart:4037)
I/flutter (10181): #6      Element.updateChildren (package:flutter/src/widgets/framework.dart:4191)
I/flutter (10181): #7      MultiChildRenderObjectElement.update (package:flutter/src/widgets/framework.dart:7295)
I/flutter (10181): #8      Element.updateChild (package:flutter/src/widgets/framework.dart:4037)
I/flutter (10181): #9      SingleChildRenderObjectElement.update (package:flutter/src/widgets/framework.dart:7122)
I/flutter (10181): #10     Element.updateChild (package:flutter/src/widgets/framework.dart:4037)
I/flutter (10181): #11     ComponentElement.performRebuild (package:flutter/src/widgets/framework.dart:5841)
I/flutter (10181): #12     Element.rebuild (package:flutter/src/widgets/framework.dart:5529)
I/flutter (10181): #13     StatelessElement.update (package:flutter/src/widgets/framework.dart:5895)
I/flutter (10181): #14     Element.updateChild (package:flutter/src/widgets/framework.dart:4037)
I/flutter (10181): #15     ComponentElement.performRebuild (package:flutter/src/widgets/framework.dart:5841)
I/flutter (10181): #16     Element.rebuild (package:flutter/src/widgets/framework.dart:5529)
I/flutter (10181): #17     ProxyElement.update (package:flutter/src/widgets/framework.dart:6149)
I/flutter (10181): #18     Element.updateChild (package:flutter/src/widgets/framework.dart:4037)
I/flutter (10181): #19     SingleChildRenderObjectElement.update (package:flutter/src/widgets/framework.dart:7122)
I/flutter (10181): #20     Element.updateChild (package:flutter/src/widgets/framework.dart:4037)
I/flutter (10181): #21     ComponentElement.performRebuild (package:flutter/src/widgets/framework.dart:5841)
I/flutter (10181): #22     Element.rebuild (package:flutter/src/widgets/framework.dart:5529)
I/flutter (10181): #23     StatelessElement.update (package:flutter/src/widgets/framework.dart:5895)
I/flutter (10181): #24     Element.updateChild (package:flutter/src/widgets/framework.dart:4037)
I/flutter (10181): #25     ComponentElement.performRebuild (package:flutter/src/widgets/framework.dart:5841)
I/flutter (10181): #26     Element.rebuild (package:flutter/src/widgets/framework.dart:5529)
I/flutter (10181): #27     StatelessElement.update (package:flutter/src/widgets/framework.dart:5895)
I/flutter (10181): #28     Element.updateChild (package:flutter/src/widgets/framework.dart:4037)
I/flutter (10181): #29     ComponentElement.performRebuild (package:flutter/src/widgets/framework.dart:5841)
I/flutter (10181): #30     Element.rebuild (package:flutter/src/widgets/framework.dart:5529)
I/flutter (10181): #31     StatelessElement.update (package:flutter/src/widgets/framework.dart:5895)
I/flutter (10181): #32     Element.updateChild (package:flutter/src/widgets/framework.dart:4037)
I/flutter (10181): #33     ComponentElement.performRebuild (package:flutter/src/widgets/framework.dart:5841)
I/flutter (10181): #34     Element.rebuild (package:flutter/src/widgets/framework.dart:5529)
I/flutter (10181): #35     ProxyElement.update (package:flutter/src/widgets/framework.dart:6149)
I/flutter (10181): #36     Element.updateChild (package:flutter/src/widgets/framework.dart:4037)
I/flutter (10181): #37     ComponentElement.performRebuild (package:flutter/src/widgets/framework.dart:5841)
I/flutter (10181): #38     Element.rebuild (package:flutter/src/widgets/framework.dart:5529)
I/flutter (10181): #39     ProxyElement.update (package:flutter/src/widgets/framework.dart:6149)
I/flutter (10181): #40     Element.updateChild (package:flutter/src/widgets/framework.dart:4037)
I/flutter (10181): #41     Element.updateChildren (package:flutter/src/widgets/framework.dart:4191)
I/flutter (10181): #42     MultiChildRenderObjectElement.update (package:flutter/src/widgets/framework.dart:7295)
I/flutter (10181): #43     Element.updateChild (package:flutter/src/widgets/framework.dart:4037)
I/flutter (10181): #44     ComponentElement.performRebuild (package:flutter/src/widgets/framework.dart:5841)
I/flutter (10181): #45     Element.rebuild (package:flutter/src/widgets/framework.dart:5529)
I/flutter (10181): #46     ProxyElement.update (package:flutter/src/widgets/framework.dart:6149)
I/flutter (10181): #47     Element.updateChild (package:flutter/src/widgets/framework.dart:4037)
I/flutter (10181): #48     ComponentElement.performRebuild (package:flutter/src/widgets/framework.dart:5841)
I/flutter (10181): #49     StatefulElement.performRebuild (package:flutter/src/widgets/framework.dart:5982)
I/flutter (10181): #50     Element.rebuild (package:flutter/src/widgets/framework.dart:5529)
I/flutter (10181): #51     StatefulElement.update (package:flutter/src/widgets/framework.dart:6007)
I/flutter (10181): #52     Element.updateChild (package:flutter/src/widgets/framework.dart:4037)
I/flutter (10181): #53     ComponentElement.performRebuild (package:flutter/src/widgets/framework.dart:5841)
I/flutter (10181): #54     Element.rebuild (package:flutter/src/widgets/framework.dart:5529)
I/flutter (10181): #55     StatelessElement.update (package:flutter/src/widgets/framework.dart:5895)
I/flutter (10181): #56     Element.updateChild (package:flutter/src/widgets/framework.dart:4037)
I/flutter (10181): #57     ComponentElement.performRebuild (package:flutter/src/widgets/framework.dart:5841)
I/flutter (10181): #58     Element.rebuild (package:flutter/src/widgets/framework.dart:5529)
I/flutter (10181): #59     ProxyElement.update (package:flutter/src/widgets/framework.dart:6149)
I/flutter (10181): #60     Element.updateChild (package:flutter/src/widgets/framework.dart:4037)
I/flutter (10181): #61     ComponentElement.performRebuild (package:flutter/src/widgets/framework.dart:5841)
I/flutter (10181): #62     StatefulElement.performRebuild (package:flutter/src/widgets/framework.dart:5982)
I/flutter (10181): #63     Element.rebuild (package:flutter/src/widgets/framework.dart:5529)
I/flutter (10181): #64     StatefulElement.update (package:flutter/src/widgets/framework.dart:6007)
I/flutter (10181): #65     Element.updateChild (package:flutter/src/widgets/framework.dart:4037)
I/flutter (10181): #66     SingleChildRenderObjectElement.update (package:flutter/src/widgets/framework.dart:7122)
I/flutter (10181): #67     Element.updateChild (package:flutter/src/widgets/framework.dart:4037)
I/flutter (10181): #68     ComponentElement.performRebuild (package:flutter/src/widgets/framework.dart:5841)
I/flutter (10181): #69     Element.rebuild (package:flutter/src/widgets/framework.dart:5529)
I/flutter (10181): #70     ProxyElement.update (package:flutter/src/widgets/framework.dart:6149)
I/flutter (10181): #71     Element.updateChild (package:flutter/src/widgets/framework.dart:4037)
I/flutter (10181): #72     SingleChildRenderObjectElement.update (package:flutter/src/widgets/framework.dart:7122)
I/flutter (10181): #73     Element.updateChild (package:flutter/src/widgets/framework.dart:4037)
I/flutter (10181): #74     ComponentElement.performRebuild (package:flutter/src/widgets/framework.dart:5841)
I/flutter (10181): #75     StatefulElement.performRebuild (package:flutter/src/widgets/framework.dart:5982)
I/flutter (10181): #76     Element.rebuild (package:flutter/src/widgets/framework.dart:5529)
I/flutter (10181): #77     StatefulElement.update (package:flutter/src/widgets/framework.dart:6007)
I/flutter (10181): #78     Element.updateChild (package:flutter/src/widgets/framework.dart:4037)
I/flutter (10181): #79     ComponentElement.performRebuild (package:flutter/src/widgets/framework.dart:5841)
I/flutter (10181): #80     StatefulElement.performRebuild (package:flutter/src/widgets/framework.dart:5982)
I/flutter (10181): #81     Element.rebuild (package:flutter/src/widgets/framework.dart:5529)
I/flutter (10181): #82     StatefulElement.update (package:flutter/src/widgets/framework.dart:6007)
I/flutter (10181): #83     Element.updateChild (package:flutter/src/widgets/framework.dart:4037)
I/flutter (10181): #84     ComponentElement.performRebuild (package:flutter/src/widgets/framework.dart:5841)
I/flutter (10181): #85     Element.rebuild (package:flutter/src/widgets/framework.dart:5529)
I/flutter (10181): #86     ProxyElement.update (package:flutter/src/widgets/framework.dart:6149)
I/flutter (10181): #87     Element.updateChild (package:flutter/src/widgets/framework.dart:4037)
I/flutter (10181): #88     ComponentElement.performRebuild (package:flutter/src/widgets/framework.dart:5841)
I/flutter (10181): #89     Element.rebuild (package:flutter/src/widgets/framework.dart:5529)
I/flutter (10181): #90     ProxyElement.update (package:flutter/src/widgets/framework.dart:6149)
I/flutter (10181): #91     Element.updateChild (package:flutter/src/widgets/framework.dart:4037)
I/flutter (10181): #92     ComponentElement.performRebuild (package:flutter/src/widgets/framework.dart:5841)
I/flutter (10181): #93     Element.rebuild (package:flutter/src/widgets/framework.dart:5529)
I/flutter (10181): #94     ProxyElement.update (package:flutter/src/widgets/framework.dart:6149)
I/flutter (10181): #95     Element.updateChild (package:flutter/src/widgets/framework.dart:4037)
I/flutter (10181): #96     ComponentElement.performRebuild (package:flutter/src/widgets/framework.dart:5841)
I/flutter (10181): #97     StatefulElement.performRebuild (package:flutter/src/widgets/framework.dart:5982)
I/flutter (10181): #98     Element.rebuild (package:flutter/src/widgets/framework.dart:5529)
I/flutter (10181): #99     StatefulElement.update (package:flutter/src/widgets/framework.dart:6007)
I/flutter (10181): [SPM:perf] 698a51a  buildSpan: 10045µs
I/flutter (10181): [spm] Performance monitoring completed for 698a51a
[spm]: ProfilerData event received.
I/flutter (10181): type '_Stub' is not a subtype of type 'EdgeInsetsGeometry?'
I/flutter (10181): #0      TextBox.build (package:benchmark_container/generated_widget.dart:184)
I/flutter (10181): #1      StatelessElement.build (package:flutter/src/widgets/framework.dart:5889)
I/flutter (10181): #2      ComponentElement.performRebuild (package:flutter/src/widgets/framework.dart:5817)
I/flutter (10181): #3      Element.rebuild (package:flutter/src/widgets/framework.dart:5529)
I/flutter (10181): #4      StatelessElement.update (package:flutter/src/widgets/framework.dart:5895)
I/flutter (10181): #5      Element.updateChild (package:flutter/src/widgets/framework.dart:4037)
I/flutter (10181): #6      Element.updateChildren (package:flutter/src/widgets/framework.dart:4191)
I/flutter (10181): #7      MultiChildRenderObjectElement.update (package:flutter/src/widgets/framework.dart:7295)
I/flutter (10181): #8      Element.updateChild (package:flutter/src/widgets/framework.dart:4037)
I/flutter (10181): #9      SingleChildRenderObjectElement.update (package:flutter/src/widgets/framework.dart:7122)
I/flutter (10181): #10     Element.updateChild (package:flutter/src/widgets/framework.dart:4037)
I/flutter (10181): #11     ComponentElement.performRebuild (package:flutter/src/widgets/framework.dart:5841)
I/flutter (10181): #12     Element.rebuild (package:flutter/src/widgets/framework.dart:5529)
I/flutter (10181): #13     StatelessElement.update (package:flutter/src/widgets/framework.dart:5895)
I/flutter (10181): #14     Element.updateChild (package:flutter/src/widgets/framework.dart:4037)
I/flutter (10181): #15     ComponentElement.performRebuild (package:flutter/src/widgets/framework.dart:5841)
I/flutter (10181): #16     Element.rebuild (package:flutter/src/widgets/framework.dart:5529)
I/flutter (10181): #17     ProxyElement.update (package:flutter/src/widgets/framework.dart:6149)
I/flutter (10181): #18     Element.updateChild (package:flutter/src/widgets/framework.dart:4037)
I/flutter (10181): #19     SingleChildRenderObjectElement.update (package:flutter/src/widgets/framework.dart:7122)
I/flutter (10181): #20     Element.updateChild (package:flutter/src/widgets/framework.dart:4037)
I/flutter (10181): #21     ComponentElement.performRebuild (package:flutter/src/widgets/framework.dart:5841)
I/flutter (10181): #22     Element.rebuild (package:flutter/src/widgets/framework.dart:5529)
I/flutter (10181): #23     StatelessElement.update (package:flutter/src/widgets/framework.dart:5895)
I/flutter (10181): #24     Element.updateChild (package:flutter/src/widgets/framework.dart:4037)
I/flutter (10181): #25     ComponentElement.performRebuild (package:flutter/src/widgets/framework.dart:5841)
I/flutter (10181): #26     Element.rebuild (package:flutter/src/widgets/framework.dart:5529)
I/flutter (10181): #27     StatelessElement.update (package:flutter/src/widgets/framework.dart:5895)
I/flutter (10181): #28     Element.updateChild (package:flutter/src/widgets/framework.dart:4037)
I/flutter (10181): #29     ComponentElement.performRebuild (package:flutter/src/widgets/framework.dart:5841)
I/flutter (10181): #30     Element.rebuild (package:flutter/src/widgets/framework.dart:5529)
I/flutter (10181): #31     StatelessElement.update (package:flutter/src/widgets/framework.dart:5895)
I/flutter (10181): #32     Element.updateChild (package:flutter/src/widgets/framework.dart:4037)
I/flutter (10181): #33     ComponentElement.performRebuild (package:flutter/src/widgets/framework.dart:5841)
I/flutter (10181): #34     Element.rebuild (package:flutter/src/widgets/framework.dart:5529)
I/flutter (10181): #35     ProxyElement.update (package:flutter/src/widgets/framework.dart:6149)
I/flutter (10181): #36     Element.updateChild (package:flutter/src/widgets/framework.dart:4037)
I/flutter (10181): #37     ComponentElement.performRebuild (package:flutter/src/widgets/framework.dart:5841)
I/flutter (10181): #38     Element.rebuild (package:flutter/src/widgets/framework.dart:5529)
I/flutter (10181): #39     ProxyElement.update (package:flutter/src/widgets/framework.dart:6149)
I/flutter (10181): #40     Element.updateChild (package:flutter/src/widgets/framework.dart:4037)
I/flutter (10181): #41     Element.updateChildren (package:flutter/src/widgets/framework.dart:4191)
I/flutter (10181): #42     MultiChildRenderObjectElement.update (package:flutter/src/widgets/framework.dart:7295)
I/flutter (10181): #43     Element.updateChild (package:flutter/src/widgets/framework.dart:4037)
I/flutter (10181): #44     ComponentElement.performRebuild (package:flutter/src/widgets/framework.dart:5841)
I/flutter (10181): #45     Element.rebuild (package:flutter/src/widgets/framework.dart:5529)
I/flutter (10181): #46     ProxyElement.update (package:flutter/src/widgets/framework.dart:6149)
I/flutter (10181): #47     Element.updateChild (package:flutter/src/widgets/framework.dart:4037)
I/flutter (10181): #48     ComponentElement.performRebuild (package:flutter/src/widgets/framework.dart:5841)
I/flutter (10181): #49     StatefulElement.performRebuild (package:flutter/src/widgets/framework.dart:5982)
I/flutter (10181): #50     Element.rebuild (package:flutter/src/widgets/framework.dart:5529)
I/flutter (10181): #51     StatefulElement.update (package:flutter/src/widgets/framework.dart:6007)
I/flutter (10181): #52     Element.updateChild (package:flutter/src/widgets/framework.dart:4037)
I/flutter (10181): #53     ComponentElement.performRebuild (package:flutter/src/widgets/framework.dart:5841)
I/flutter (10181): #54     Element.rebuild (package:flutter/src/widgets/framework.dart:5529)
I/flutter (10181): #55     StatelessElement.update (package:flutter/src/widgets/framework.dart:5895)
I/flutter (10181): #56     Element.updateChild (package:flutter/src/widgets/framework.dart:4037)
I/flutter (10181): #57     ComponentElement.performRebuild (package:flutter/src/widgets/framework.dart:5841)
I/flutter (10181): #58     Element.rebuild (package:flutter/src/widgets/framework.dart:5529)
I/flutter (10181): #59     ProxyElement.update (package:flutter/src/widgets/framework.dart:6149)
I/flutter (10181): #60     Element.updateChild (package:flutter/src/widgets/framework.dart:4037)
I/flutter (10181): #61     ComponentElement.performRebuild (package:flutter/src/widgets/framework.dart:5841)
I/flutter (10181): #62     StatefulElement.performRebuild (package:flutter/src/widgets/framework.dart:5982)
I/flutter (10181): #63     Element.rebuild (package:flutter/src/widgets/framework.dart:5529)
I/flutter (10181): #64     StatefulElement.update (package:flutter/src/widgets/framework.dart:6007)
I/flutter (10181): #65     Element.updateChild (package:flutter/src/widgets/framework.dart:4037)
I/flutter (10181): #66     SingleChildRenderObjectElement.update (package:flutter/src/widgets/framework.dart:7122)
I/flutter (10181): #67     Element.updateChild (package:flutter/src/widgets/framework.dart:4037)
I/flutter (10181): #68     ComponentElement.performRebuild (package:flutter/src/widgets/framework.dart:5841)
I/flutter (10181): #69     Element.rebuild (package:flutter/src/widgets/framework.dart:5529)
I/flutter (10181): #70     ProxyElement.update (package:flutter/src/widgets/framework.dart:6149)
I/flutter (10181): #71     Element.updateChild (package:flutter/src/widgets/framework.dart:4037)
I/flutter (10181): #72     SingleChildRenderObjectElement.update (package:flutter/src/widgets/framework.dart:7122)
I/flutter (10181): #73     Element.updateChild (package:flutter/src/widgets/framework.dart:4037)
I/flutter (10181): #74     ComponentElement.performRebuild (package:flutter/src/widgets/framework.dart:5841)
I/flutter (10181): #75     StatefulElement.performRebuild (package:flutter/src/widgets/framework.dart:5982)
I/flutter (10181): #76     Element.rebuild (package:flutter/src/widgets/framework.dart:5529)
I/flutter (10181): #77     StatefulElement.update (package:flutter/src/widgets/framework.dart:6007)
I/flutter (10181): #78     Element.updateChild (package:flutter/src/widgets/framework.dart:4037)
I/flutter (10181): #79     ComponentElement.performRebuild (package:flutter/src/widgets/framework.dart:5841)
I/flutter (10181): #80     StatefulElement.performRebuild (package:flutter/src/widgets/framework.dart:5982)
I/flutter (10181): #81     Element.rebuild (package:flutter/src/widgets/framework.dart:5529)
I/flutter (10181): #82     StatefulElement.update (package:flutter/src/widgets/framework.dart:6007)
I/flutter (10181): #83     Element.updateChild (package:flutter/src/widgets/framework.dart:4037)
I/flutter (10181): #84     ComponentElement.performRebuild (package:flutter/src/widgets/framework.dart:5841)
I/flutter (10181): #85     Element.rebuild (package:flutter/src/widgets/framework.dart:5529)
I/flutter (10181): #86     ProxyElement.update (package:flutter/src/widgets/framework.dart:6149)
I/flutter (10181): #87     Element.updateChild (package:flutter/src/widgets/framework.dart:4037)
I/flutter (10181): #88     ComponentElement.performRebuild (package:flutter/src/widgets/framework.dart:5841)
I/flutter (10181): #89     Element.rebuild (package:flutter/src/widgets/framework.dart:5529)
I/flutter (10181): #90     ProxyElement.update (package:flutter/src/widgets/framework.dart:6149)
I/flutter (10181): #91     Element.updateChild (package:flutter/src/widgets/framework.dart:4037)
I/flutter (10181): #92     ComponentElement.performRebuild (package:flutter/src/widgets/framework.dart:5841)
I/flutter (10181): #93     Element.rebuild (package:flutter/src/widgets/framework.dart:5529)
I/flutter (10181): #94     ProxyElement.update (package:flutter/src/widgets/framework.dart:6149)
I/flutter (10181): #95     Element.updateChild (package:flutter/src/widgets/framework.dart:4037)
I/flutter (10181): #96     ComponentElement.performRebuild (package:flutter/src/widgets/framework.dart:5841)
I/flutter (10181): #97     StatefulElement.performRebuild (package:flutter/src/widgets/framework.dart:5982)
I/flutter (10181): #98     Element.rebuild (package:flutter/src/widgets/framework.dart:5529)
I/flutter (10181): #99     StatefulElement.update (package:flutter/src/widgets/framework.dart:6007)
[spm]: ProfilerData event received.
I/flutter (10181): [SPM:perf] 698a51a  buildSpan: 10176µs
I/flutter (10181): [spm] Performance monitoring completed for 698a51a
I/flutter (10181): type '_Stub' is not a subtype of type 'EdgeInsetsGeometry?'
I/flutter (10181): #0      TextBox.build (package:benchmark_container/generated_widget.dart:184)
I/flutter (10181): #1      StatelessElement.build (package:flutter/src/widgets/framework.dart:5889)
I/flutter (10181): #2      ComponentElement.performRebuild (package:flutter/src/widgets/framework.dart:5817)
I/flutter (10181): #3      Element.rebuild (package:flutter/src/widgets/framework.dart:5529)
I/flutter (10181): #4      StatelessElement.update (package:flutter/src/widgets/framework.dart:5895)
I/flutter (10181): #5      Element.updateChild (package:flutter/src/widgets/framework.dart:4037)
I/flutter (10181): #6      Element.updateChildren (package:flutter/src/widgets/framework.dart:4191)
I/flutter (10181): #7      MultiChildRenderObjectElement.update (package:flutter/src/widgets/framework.dart:7295)
I/flutter (10181): #8      Element.updateChild (package:flutter/src/widgets/framework.dart:4037)
I/flutter (10181): #9      SingleChildRenderObjectElement.update (package:flutter/src/widgets/framework.dart:7122)
I/flutter (10181): #10     Element.updateChild (package:flutter/src/widgets/framework.dart:4037)
I/flutter (10181): #11     ComponentElement.performRebuild (package:flutter/src/widgets/framework.dart:5841)
I/flutter (10181): #12     Element.rebuild (package:flutter/src/widgets/framework.dart:5529)
I/flutter (10181): #13     StatelessElement.update (package:flutter/src/widgets/framework.dart:5895)
I/flutter (10181): #14     Element.updateChild (package:flutter/src/widgets/framework.dart:4037)
I/flutter (10181): #15     ComponentElement.performRebuild (package:flutter/src/widgets/framework.dart:5841)
I/flutter (10181): #16     Element.rebuild (package:flutter/src/widgets/framework.dart:5529)
I/flutter (10181): #17     ProxyElement.update (package:flutter/src/widgets/framework.dart:6149)
I/flutter (10181): #18     Element.updateChild (package:flutter/src/widgets/framework.dart:4037)
I/flutter (10181): #19     SingleChildRenderObjectElement.update (package:flutter/src/widgets/framework.dart:7122)
I/flutter (10181): #20     Element.updateChild (package:flutter/src/widgets/framework.dart:4037)
I/flutter (10181): #21     ComponentElement.performRebuild (package:flutter/src/widgets/framework.dart:5841)
I/flutter (10181): #22     Element.rebuild (package:flutter/src/widgets/framework.dart:5529)
I/flutter (10181): #23     StatelessElement.update (package:flutter/src/widgets/framework.dart:5895)
I/flutter (10181): #24     Element.updateChild (package:flutter/src/widgets/framework.dart:4037)
I/flutter (10181): #25     ComponentElement.performRebuild (package:flutter/src/widgets/framework.dart:5841)
I/flutter (10181): #26     Element.rebuild (package:flutter/src/widgets/framework.dart:5529)
I/flutter (10181): #27     StatelessElement.update (package:flutter/src/widgets/framework.dart:5895)
I/flutter (10181): #28     Element.updateChild (package:flutter/src/widgets/framework.dart:4037)
I/flutter (10181): #29     ComponentElement.performRebuild (package:flutter/src/widgets/framework.dart:5841)
I/flutter (10181): #30     Element.rebuild (package:flutter/src/widgets/framework.dart:5529)
I/flutter (10181): #31     StatelessElement.update (package:flutter/src/widgets/framework.dart:5895)
I/flutter (10181): #32     Element.updateChild (package:flutter/src/widgets/framework.dart:4037)
I/flutter (10181): #33     ComponentElement.performRebuild (package:flutter/src/widgets/framework.dart:5841)
I/flutter (10181): #34     Element.rebuild (package:flutter/src/widgets/framework.dart:5529)
I/flutter (10181): #35     ProxyElement.update (package:flutter/src/widgets/framework.dart:6149)
I/flutter (10181): #36     Element.updateChild (package:flutter/src/widgets/framework.dart:4037)
I/flutter (10181): #37     ComponentElement.performRebuild (package:flutter/src/widgets/framework.dart:5841)
I/flutter (10181): #38     Element.rebuild (package:flutter/src/widgets/framework.dart:5529)
I/flutter (10181): #39     ProxyElement.update (package:flutter/src/widgets/framework.dart:6149)
I/flutter (10181): #40     Element.updateChild (package:flutter/src/widgets/framework.dart:4037)
I/flutter (10181): #41     Element.updateChildren (package:flutter/src/widgets/framework.dart:4191)
I/flutter (10181): #42     MultiChildRenderObjectElement.update (package:flutter/src/widgets/framework.dart:7295)
I/flutter (10181): #43     Element.updateChild (package:flutter/src/widgets/framework.dart:4037)
I/flutter (10181): #44     ComponentElement.performRebuild (package:flutter/src/widgets/framework.dart:5841)
I/flutter (10181): #45     Element.rebuild (package:flutter/src/widgets/framework.dart:5529)
I/flutter (10181): #46     ProxyElement.update (package:flutter/src/widgets/framework.dart:6149)
I/flutter (10181): #47     Element.updateChild (package:flutter/src/widgets/framework.dart:4037)
I/flutter (10181): #48     ComponentElement.performRebuild (package:flutter/src/widgets/framework.dart:5841)
I/flutter (10181): #49     StatefulElement.performRebuild (package:flutter/src/widgets/framework.dart:5982)
I/flutter (10181): #50     Element.rebuild (package:flutter/src/widgets/framework.dart:5529)
I/flutter (10181): #51     StatefulElement.update (package:flutter/src/widgets/framework.dart:6007)
I/flutter (10181): #52     Element.updateChild (package:flutter/src/widgets/framework.dart:4037)
I/flutter (10181): #53     ComponentElement.performRebuild (package:flutter/src/widgets/framework.dart:5841)
I/flutter (10181): #54     Element.rebuild (package:flutter/src/widgets/framework.dart:5529)
I/flutter (10181): #55     StatelessElement.update (package:flutter/src/widgets/framework.dart:5895)
I/flutter (10181): #56     Element.updateChild (package:flutter/src/widgets/framework.dart:4037)
I/flutter (10181): #57     ComponentElement.performRebuild (package:flutter/src/widgets/framework.dart:5841)
I/flutter (10181): #58     Element.rebuild (package:flutter/src/widgets/framework.dart:5529)
I/flutter (10181): #59     ProxyElement.update (package:flutter/src/widgets/framework.dart:6149)
I/flutter (10181): #60     Element.updateChild (package:flutter/src/widgets/framework.dart:4037)
I/flutter (10181): #61     ComponentElement.performRebuild (package:flutter/src/widgets/framework.dart:5841)
I/flutter (10181): #62     StatefulElement.performRebuild (package:flutter/src/widgets/framework.dart:5982)
I/flutter (10181): #63     Element.rebuild (package:flutter/src/widgets/framework.dart:5529)
I/flutter (10181): #64     StatefulElement.update (package:flutter/src/widgets/framework.dart:6007)
I/flutter (10181): #65     Element.updateChild (package:flutter/src/widgets/framework.dart:4037)
I/flutter (10181): #66     SingleChildRenderObjectElement.update (package:flutter/src/widgets/framework.dart:7122)
I/flutter (10181): #67     Element.updateChild (package:flutter/src/widgets/framework.dart:4037)
I/flutter (10181): #68     ComponentElement.performRebuild (package:flutter/src/widgets/framework.dart:5841)
I/flutter (10181): #69     Element.rebuild (package:flutter/src/widgets/framework.dart:5529)
I/flutter (10181): #70     ProxyElement.update (package:flutter/src/widgets/framework.dart:6149)
I/flutter (10181): #71     Element.updateChild (package:flutter/src/widgets/framework.dart:4037)
I/flutter (10181): #72     SingleChildRenderObjectElement.update (package:flutter/src/widgets/framework.dart:7122)
I/flutter (10181): #73     Element.updateChild (package:flutter/src/widgets/framework.dart:4037)
I/flutter (10181): #74     ComponentElement.performRebuild (package:flutter/src/widgets/framework.dart:5841)
I/flutter (10181): #75     StatefulElement.performRebuild (package:flutter/src/widgets/framework.dart:5982)
I/flutter (10181): #76     Element.rebuild (package:flutter/src/widgets/framework.dart:5529)
I/flutter (10181): #77     StatefulElement.update (package:flutter/src/widgets/framework.dart:6007)
I/flutter (10181): #78     Element.updateChild (package:flutter/src/widgets/framework.dart:4037)
I/flutter (10181): #79     ComponentElement.performRebuild (package:flutter/src/widgets/framework.dart:5841)
I/flutter (10181): #80     StatefulElement.performRebuild (package:flutter/src/widgets/framework.dart:5982)
I/flutter (10181): #81     Element.rebuild (package:flutter/src/widgets/framework.dart:5529)
I/flutter (10181): #82     StatefulElement.update (package:flutter/src/widgets/framework.dart:6007)
I/flutter (10181): #83     Element.updateChild (package:flutter/src/widgets/framework.dart:4037)
I/flutter (10181): #84     ComponentElement.performRebuild (package:flutter/src/widgets/framework.dart:5841)
I/flutter (10181): #85     Element.rebuild (package:flutter/src/widgets/framework.dart:5529)
I/flutter (10181): #86     ProxyElement.update (package:flutter/src/widgets/framework.dart:6149)
I/flutter (10181): #87     Element.updateChild (package:flutter/src/widgets/framework.dart:4037)
I/flutter (10181): #88     ComponentElement.performRebuild (package:flutter/src/widgets/framework.dart:5841)
I/flutter (10181): #89     Element.rebuild (package:flutter/src/widgets/framework.dart:5529)
I/flutter (10181): #90     ProxyElement.update (package:flutter/src/widgets/framework.dart:6149)
I/flutter (10181): #91     Element.updateChild (package:flutter/src/widgets/framework.dart:4037)
I/flutter (10181): #92     ComponentElement.performRebuild (package:flutter/src/widgets/framework.dart:5841)
I/flutter (10181): #93     Element.rebuild (package:flutter/src/widgets/framework.dart:5529)
I/flutter (10181): #94     ProxyElement.update (package:flutter/src/widgets/framework.dart:6149)
I/flutter (10181): #95     Element.updateChild (package:flutter/src/widgets/framework.dart:4037)
I/flutter (10181): #96     ComponentElement.performRebuild (package:flutter/src/widgets/framework.dart:5841)
I/flutter (10181): #97     StatefulElement.performRebuild (package:flutter/src/widgets/framework.dart:5982)
I/flutter (10181): #98     Element.rebuild (package:flutter/src/widgets/framework.dart:5529)
I/flutter (10181): #99     StatefulElement.update (package:flutter/src/widgets/framework.dart:6007)
[spm]: ProfilerData event received.
I/flutter (10181): [SPM:perf] 698a51a  buildSpan: 10415µs
I/flutter (10181): [spm] Performance monitoring completed for 698a51a
I/flutter (10181): type '_Stub' is not a subtype of type 'EdgeInsetsGeometry?'
I/flutter (10181): #0      TextBox.build (package:benchmark_container/generated_widget.dart:184)
I/flutter (10181): #1      StatelessElement.build (package:flutter/src/widgets/framework.dart:5889)
I/flutter (10181): #2      ComponentElement.performRebuild (package:flutter/src/widgets/framework.dart:5817)
I/flutter (10181): #3      Element.rebuild (package:flutter/src/widgets/framework.dart:5529)
I/flutter (10181): #4      StatelessElement.update (package:flutter/src/widgets/framework.dart:5895)
I/flutter (10181): #5      Element.updateChild (package:flutter/src/widgets/framework.dart:4037)
I/flutter (10181): #6      Element.updateChildren (package:flutter/src/widgets/framework.dart:4191)
I/flutter (10181): #7      MultiChildRenderObjectElement.update (package:flutter/src/widgets/framework.dart:7295)
I/flutter (10181): #8      Element.updateChild (package:flutter/src/widgets/framework.dart:4037)
I/flutter (10181): #9      SingleChildRenderObjectElement.update (package:flutter/src/widgets/framework.dart:7122)
I/flutter (10181): #10     Element.updateChild (package:flutter/src/widgets/framework.dart:4037)
I/flutter (10181): #11     ComponentElement.performRebuild (package:flutter/src/widgets/framework.dart:5841)
I/flutter (10181): #12     Element.rebuild (package:flutter/src/widgets/framework.dart:5529)
I/flutter (10181): #13     StatelessElement.update (package:flutter/src/widgets/framework.dart:5895)
I/flutter (10181): #14     Element.updateChild (package:flutter/src/widgets/framework.dart:4037)
I/flutter (10181): #15     ComponentElement.performRebuild (package:flutter/src/widgets/framework.dart:5841)
I/flutter (10181): #16     Element.rebuild (package:flutter/src/widgets/framework.dart:5529)
I/flutter (10181): #17     ProxyElement.update (package:flutter/src/widgets/framework.dart:6149)
I/flutter (10181): #18     Element.updateChild (package:flutter/src/widgets/framework.dart:4037)
I/flutter (10181): #19     SingleChildRenderObjectElement.update (package:flutter/src/widgets/framework.dart:7122)
I/flutter (10181): #20     Element.updateChild (package:flutter/src/widgets/framework.dart:4037)
I/flutter (10181): #21     ComponentElement.performRebuild (package:flutter/src/widgets/framework.dart:5841)
I/flutter (10181): #22     Element.rebuild (package:flutter/src/widgets/framework.dart:5529)
I/flutter (10181): #23     StatelessElement.update (package:flutter/src/widgets/framework.dart:5895)
I/flutter (10181): #24     Element.updateChild (package:flutter/src/widgets/framework.dart:4037)
I/flutter (10181): #25     ComponentElement.performRebuild (package:flutter/src/widgets/framework.dart:5841)
I/flutter (10181): #26     Element.rebuild (package:flutter/src/widgets/framework.dart:5529)
I/flutter (10181): #27     StatelessElement.update (package:flutter/src/widgets/framework.dart:5895)
I/flutter (10181): #28     Element.updateChild (package:flutter/src/widgets/framework.dart:4037)
I/flutter (10181): #29     ComponentElement.performRebuild (package:flutter/src/widgets/framework.dart:5841)
I/flutter (10181): #30     Element.rebuild (package:flutter/src/widgets/framework.dart:5529)
I/flutter (10181): #31     StatelessElement.update (package:flutter/src/widgets/framework.dart:5895)
I/flutter (10181): #32     Element.updateChild (package:flutter/src/widgets/framework.dart:4037)
I/flutter (10181): #33     ComponentElement.performRebuild (package:flutter/src/widgets/framework.dart:5841)
I/flutter (10181): #34     Element.rebuild (package:flutter/src/widgets/framework.dart:5529)
I/flutter (10181): #35     ProxyElement.update (package:flutter/src/widgets/framework.dart:6149)
I/flutter (10181): #36     Element.updateChild (package:flutter/src/widgets/framework.dart:4037)
I/flutter (10181): #37     ComponentElement.performRebuild (package:flutter/src/widgets/framework.dart:5841)
I/flutter (10181): #38     Element.rebuild (package:flutter/src/widgets/framework.dart:5529)
I/flutter (10181): #39     ProxyElement.update (package:flutter/src/widgets/framework.dart:6149)
I/flutter (10181): #40     Element.updateChild (package:flutter/src/widgets/framework.dart:4037)
I/flutter (10181): #41     Element.updateChildren (package:flutter/src/widgets/framework.dart:4191)
I/flutter (10181): #42     MultiChildRenderObjectElement.update (package:flutter/src/widgets/framework.dart:7295)
I/flutter (10181): #43     Element.updateChild (package:flutter/src/widgets/framework.dart:4037)
I/flutter (10181): #44     ComponentElement.performRebuild (package:flutter/src/widgets/framework.dart:5841)
I/flutter (10181): #45     Element.rebuild (package:flutter/src/widgets/framework.dart:5529)
I/flutter (10181): #46     ProxyElement.update (package:flutter/src/widgets/framework.dart:6149)
I/flutter (10181): #47     Element.updateChild (package:flutter/src/widgets/framework.dart:4037)
I/flutter (10181): #48     ComponentElement.performRebuild (package:flutter/src/widgets/framework.dart:5841)
I/flutter (10181): #49     StatefulElement.performRebuild (package:flutter/src/widgets/framework.dart:5982)
I/flutter (10181): #50     Element.rebuild (package:flutter/src/widgets/framework.dart:5529)
I/flutter (10181): #51     StatefulElement.update (package:flutter/src/widgets/framework.dart:6007)
I/flutter (10181): #52     Element.updateChild (package:flutter/src/widgets/framework.dart:4037)
I/flutter (10181): #53     ComponentElement.performRebuild (package:flutter/src/widgets/framework.dart:5841)
I/flutter (10181): #54     Element.rebuild (package:flutter/src/widgets/framework.dart:5529)
I/flutter (10181): #55     StatelessElement.update (package:flutter/src/widgets/framework.dart:5895)
I/flutter (10181): #56     Element.updateChild (package:flutter/src/widgets/framework.dart:4037)
I/flutter (10181): #57     ComponentElement.performRebuild (package:flutter/src/widgets/framework.dart:5841)
I/flutter (10181): #58     Element.rebuild (package:flutter/src/widgets/framework.dart:5529)
I/flutter (10181): #59     ProxyElement.update (package:flutter/src/widgets/framework.dart:6149)
I/flutter (10181): #60     Element.updateChild (package:flutter/src/widgets/framework.dart:4037)
I/flutter (10181): #61     ComponentElement.performRebuild (package:flutter/src/widgets/framework.dart:5841)
I/flutter (10181): #62     StatefulElement.performRebuild (package:flutter/src/widgets/framework.dart:5982)
I/flutter (10181): #63     Element.rebuild (package:flutter/src/widgets/framework.dart:5529)
I/flutter (10181): #64     StatefulElement.update (package:flutter/src/widgets/framework.dart:6007)
I/flutter (10181): #65     Element.updateChild (package:flutter/src/widgets/framework.dart:4037)
I/flutter (10181): #66     SingleChildRenderObjectElement.update (package:flutter/src/widgets/framework.dart:7122)
I/flutter (10181): #67     Element.updateChild (package:flutter/src/widgets/framework.dart:4037)
I/flutter (10181): #68     ComponentElement.performRebuild (package:flutter/src/widgets/framework.dart:5841)
I/flutter (10181): #69     Element.rebuild (package:flutter/src/widgets/framework.dart:5529)
I/flutter (10181): #70     ProxyElement.update (package:flutter/src/widgets/framework.dart:6149)
I/flutter (10181): #71     Element.updateChild (package:flutter/src/widgets/framework.dart:4037)
I/flutter (10181): #72     SingleChildRenderObjectElement.update (package:flutter/src/widgets/framework.dart:7122)
I/flutter (10181): #73     Element.updateChild (package:flutter/src/widgets/framework.dart:4037)
I/flutter (10181): #74     ComponentElement.performRebuild (package:flutter/src/widgets/framework.dart:5841)
I/flutter (10181): #75     StatefulElement.performRebuild (package:flutter/src/widgets/framework.dart:5982)
I/flutter (10181): #76     Element.rebuild (package:flutter/src/widgets/framework.dart:5529)
I/flutter (10181): #77     StatefulElement.update (package:flutter/src/widgets/framework.dart:6007)
I/flutter (10181): #78     Element.updateChild (package:flutter/src/widgets/framework.dart:4037)
I/flutter (10181): #79     ComponentElement.performRebuild (package:flutter/src/widgets/framework.dart:5841)
I/flutter (10181): #80     StatefulElement.performRebuild (package:flutter/src/widgets/framework.dart:5982)
I/flutter (10181): #81     Element.rebuild (package:flutter/src/widgets/framework.dart:5529)
I/flutter (10181): #82     StatefulElement.update (package:flutter/src/widgets/framework.dart:6007)
I/flutter (10181): #83     Element.updateChild (package:flutter/src/widgets/framework.dart:4037)
I/flutter (10181): #84     ComponentElement.performRebuild (package:flutter/src/widgets/framework.dart:5841)
I/flutter (10181): #85     Element.rebuild (package:flutter/src/widgets/framework.dart:5529)
I/flutter (10181): #86     ProxyElement.update (package:flutter/src/widgets/framework.dart:6149)
I/flutter (10181): #87     Element.updateChild (package:flutter/src/widgets/framework.dart:4037)
I/flutter (10181): #88     ComponentElement.performRebuild (package:flutter/src/widgets/framework.dart:5841)
I/flutter (10181): #89     Element.rebuild (package:flutter/src/widgets/framework.dart:5529)
I/flutter (10181): #90     ProxyElement.update (package:flutter/src/widgets/framework.dart:6149)
I/flutter (10181): #91     Element.updateChild (package:flutter/src/widgets/framework.dart:4037)
I/flutter (10181): #92     ComponentElement.performRebuild (package:flutter/src/widgets/framework.dart:5841)
I/flutter (10181): #93     Element.rebuild (package:flutter/src/widgets/framework.dart:5529)
I/flutter (10181): #94     ProxyElement.update (package:flutter/src/widgets/framework.dart:6149)
I/flutter (10181): #95     Element.updateChild (package:flutter/src/widgets/framework.dart:4037)
I/flutter (10181): #96     ComponentElement.performRebuild (package:flutter/src/widgets/framework.dart:5841)
I/flutter (10181): #97     StatefulElement.performRebuild (package:flutter/src/widgets/framework.dart:5982)
I/flutter (10181): #98     Element.rebuild (package:flutter/src/widgets/framework.dart:5529)
I/flutter (10181): #99     StatefulElement.update (package:flutter/src/widgets/framework.dart:6007)
[spm]: ProfilerData event received.
I/flutter (10181): [SPM:perf] 698a51a  buildSpan: 10334µs
I/flutter (10181): [spm] Performance monitoring completed for 698a51a
I/flutter (10181): type '_Stub' is not a subtype of type 'EdgeInsetsGeometry?'
I/flutter (10181): #0      TextBox.build (package:benchmark_container/generated_widget.dart:184)
I/flutter (10181): #1      StatelessElement.build (package:flutter/src/widgets/framework.dart:5889)
I/flutter (10181): #2      ComponentElement.performRebuild (package:flutter/src/widgets/framework.dart:5817)
I/flutter (10181): #3      Element.rebuild (package:flutter/src/widgets/framework.dart:5529)
I/flutter (10181): #4      StatelessElement.update (package:flutter/src/widgets/framework.dart:5895)
I/flutter (10181): #5      Element.updateChild (package:flutter/src/widgets/framework.dart:4037)
I/flutter (10181): #6      Element.updateChildren (package:flutter/src/widgets/framework.dart:4191)
I/flutter (10181): #7      MultiChildRenderObjectElement.update (package:flutter/src/widgets/framework.dart:7295)
I/flutter (10181): #8      Element.updateChild (package:flutter/src/widgets/framework.dart:4037)
I/flutter (10181): #9      SingleChildRenderObjectElement.update (package:flutter/src/widgets/framework.dart:7122)
I/flutter (10181): #10     Element.updateChild (package:flutter/src/widgets/framework.dart:4037)
I/flutter (10181): #11     ComponentElement.performRebuild (package:flutter/src/widgets/framework.dart:5841)
I/flutter (10181): #12     Element.rebuild (package:flutter/src/widgets/framework.dart:5529)
I/flutter (10181): #13     StatelessElement.update (package:flutter/src/widgets/framework.dart:5895)
I/flutter (10181): #14     Element.updateChild (package:flutter/src/widgets/framework.dart:4037)
I/flutter (10181): #15     ComponentElement.performRebuild (package:flutter/src/widgets/framework.dart:5841)
I/flutter (10181): #16     Element.rebuild (package:flutter/src/widgets/framework.dart:5529)
I/flutter (10181): #17     ProxyElement.update (package:flutter/src/widgets/framework.dart:6149)
I/flutter (10181): #18     Element.updateChild (package:flutter/src/widgets/framework.dart:4037)
I/flutter (10181): #19     SingleChildRenderObjectElement.update (package:flutter/src/widgets/framework.dart:7122)
I/flutter (10181): #20     Element.updateChild (package:flutter/src/widgets/framework.dart:4037)
I/flutter (10181): #21     ComponentElement.performRebuild (package:flutter/src/widgets/framework.dart:5841)
I/flutter (10181): #22     Element.rebuild (package:flutter/src/widgets/framework.dart:5529)
I/flutter (10181): #23     StatelessElement.update (package:flutter/src/widgets/framework.dart:5895)
I/flutter (10181): #24     Element.updateChild (package:flutter/src/widgets/framework.dart:4037)
I/flutter (10181): #25     ComponentElement.performRebuild (package:flutter/src/widgets/framework.dart:5841)
I/flutter (10181): #26     Element.rebuild (package:flutter/src/widgets/framework.dart:5529)
I/flutter (10181): #27     StatelessElement.update (package:flutter/src/widgets/framework.dart:5895)
I/flutter (10181): #28     Element.updateChild (package:flutter/src/widgets/framework.dart:4037)
I/flutter (10181): #29     ComponentElement.performRebuild (package:flutter/src/widgets/framework.dart:5841)
I/flutter (10181): #30     Element.rebuild (package:flutter/src/widgets/framework.dart:5529)
I/flutter (10181): #31     StatelessElement.update (package:flutter/src/widgets/framework.dart:5895)
I/flutter (10181): #32     Element.updateChild (package:flutter/src/widgets/framework.dart:4037)
I/flutter (10181): #33     ComponentElement.performRebuild (package:flutter/src/widgets/framework.dart:5841)
I/flutter (10181): #34     Element.rebuild (package:flutter/src/widgets/framework.dart:5529)
I/flutter (10181): #35     ProxyElement.update (package:flutter/src/widgets/framework.dart:6149)
I/flutter (10181): #36     Element.updateChild (package:flutter/src/widgets/framework.dart:4037)
I/flutter (10181): #37     ComponentElement.performRebuild (package:flutter/src/widgets/framework.dart:5841)
I/flutter (10181): #38     Element.rebuild (package:flutter/src/widgets/framework.dart:5529)
I/flutter (10181): #39     ProxyElement.update (package:flutter/src/widgets/framework.dart:6149)
I/flutter (10181): #40     Element.updateChild (package:flutter/src/widgets/framework.dart:4037)
I/flutter (10181): #41     Element.updateChildren (package:flutter/src/widgets/framework.dart:4191)
I/flutter (10181): #42     MultiChildRenderObjectElement.update (package:flutter/src/widgets/framework.dart:7295)
I/flutter (10181): #43     Element.updateChild (package:flutter/src/widgets/framework.dart:4037)
I/flutter (10181): #44     ComponentElement.performRebuild (package:flutter/src/widgets/framework.dart:5841)
I/flutter (10181): #45     Element.rebuild (package:flutter/src/widgets/framework.dart:5529)
I/flutter (10181): #46     ProxyElement.update (package:flutter/src/widgets/framework.dart:6149)
I/flutter (10181): #47     Element.updateChild (package:flutter/src/widgets/framework.dart:4037)
I/flutter (10181): #48     ComponentElement.performRebuild (package:flutter/src/widgets/framework.dart:5841)
I/flutter (10181): #49     StatefulElement.performRebuild (package:flutter/src/widgets/framework.dart:5982)
I/flutter (10181): #50     Element.rebuild (package:flutter/src/widgets/framework.dart:5529)
I/flutter (10181): #51     StatefulElement.update (package:flutter/src/widgets/framework.dart:6007)
I/flutter (10181): #52     Element.updateChild (package:flutter/src/widgets/framework.dart:4037)
I/flutter (10181): #53     ComponentElement.performRebuild (package:flutter/src/widgets/framework.dart:5841)
I/flutter (10181): #54     Element.rebuild (package:flutter/src/widgets/framework.dart:5529)
I/flutter (10181): #55     StatelessElement.update (package:flutter/src/widgets/framework.dart:5895)
I/flutter (10181): #56     Element.updateChild (package:flutter/src/widgets/framework.dart:4037)
I/flutter (10181): #57     ComponentElement.performRebuild (package:flutter/src/widgets/framework.dart:5841)
I/flutter (10181): #58     Element.rebuild (package:flutter/src/widgets/framework.dart:5529)
I/flutter (10181): #59     ProxyElement.update (package:flutter/src/widgets/framework.dart:6149)
I/flutter (10181): #60     Element.updateChild (package:flutter/src/widgets/framework.dart:4037)
I/flutter (10181): #61     ComponentElement.performRebuild (package:flutter/src/widgets/framework.dart:5841)
I/flutter (10181): #62     StatefulElement.performRebuild (package:flutter/src/widgets/framework.dart:5982)
I/flutter (10181): #63     Element.rebuild (package:flutter/src/widgets/framework.dart:5529)
I/flutter (10181): #64     StatefulElement.update (package:flutter/src/widgets/framework.dart:6007)
I/flutter (10181): #65     Element.updateChild (package:flutter/src/widgets/framework.dart:4037)
I/flutter (10181): #66     SingleChildRenderObjectElement.update (package:flutter/src/widgets/framework.dart:7122)
I/flutter (10181): #67     Element.updateChild (package:flutter/src/widgets/framework.dart:4037)
I/flutter (10181): #68     ComponentElement.performRebuild (package:flutter/src/widgets/framework.dart:5841)
I/flutter (10181): #69     Element.rebuild (package:flutter/src/widgets/framework.dart:5529)
I/flutter (10181): #70     ProxyElement.update (package:flutter/src/widgets/framework.dart:6149)
I/flutter (10181): #71     Element.updateChild (package:flutter/src/widgets/framework.dart:4037)
I/flutter (10181): #72     SingleChildRenderObjectElement.update (package:flutter/src/widgets/framework.dart:7122)
I/flutter (10181): #73     Element.updateChild (package:flutter/src/widgets/framework.dart:4037)
I/flutter (10181): #74     ComponentElement.performRebuild (package:flutter/src/widgets/framework.dart:5841)
I/flutter (10181): #75     StatefulElement.performRebuild (package:flutter/src/widgets/framework.dart:5982)
I/flutter (10181): #76     Element.rebuild (package:flutter/src/widgets/framework.dart:5529)
I/flutter (10181): #77     StatefulElement.update (package:flutter/src/widgets/framework.dart:6007)
I/flutter (10181): #78     Element.updateChild (package:flutter/src/widgets/framework.dart:4037)
I/flutter (10181): #79     ComponentElement.performRebuild (package:flutter/src/widgets/framework.dart:5841)
I/flutter (10181): #80     StatefulElement.performRebuild (package:flutter/src/widgets/framework.dart:5982)
I/flutter (10181): #81     Element.rebuild (package:flutter/src/widgets/framework.dart:5529)
I/flutter (10181): #82     StatefulElement.update (package:flutter/src/widgets/framework.dart:6007)
I/flutter (10181): #83     Element.updateChild (package:flutter/src/widgets/framework.dart:4037)
I/flutter (10181): #84     ComponentElement.performRebuild (package:flutter/src/widgets/framework.dart:5841)
I/flutter (10181): #85     Element.rebuild (package:flutter/src/widgets/framework.dart:5529)
I/flutter (10181): #86     ProxyElement.update (package:flutter/src/widgets/framework.dart:6149)
I/flutter (10181): #87     Element.updateChild (package:flutter/src/widgets/framework.dart:4037)
I/flutter (10181): #88     ComponentElement.performRebuild (package:flutter/src/widgets/framework.dart:5841)
I/flutter (10181): #89     Element.rebuild (package:flutter/src/widgets/framework.dart:5529)
I/flutter (10181): #90     ProxyElement.update (package:flutter/src/widgets/framework.dart:6149)
I/flutter (10181): #91     Element.updateChild (package:flutter/src/widgets/framework.dart:4037)
I/flutter (10181): #92     ComponentElement.performRebuild (package:flutter/src/widgets/framework.dart:5841)
I/flutter (10181): #93     Element.rebuild (package:flutter/src/widgets/framework.dart:5529)
I/flutter (10181): #94     ProxyElement.update (package:flutter/src/widgets/framework.dart:6149)
I/flutter (10181): #95     Element.updateChild (package:flutter/src/widgets/framework.dart:4037)
I/flutter (10181): #96     ComponentElement.performRebuild (package:flutter/src/widgets/framework.dart:5841)
I/flutter (10181): #97     StatefulElement.performRebuild (package:flutter/src/widgets/framework.dart:5982)
I/flutter (10181): #98     Element.rebuild (package:flutter/src/widgets/framework.dart:5529)
I/flutter (10181): #99     StatefulElement.update (package:flutter/src/widgets/framework.dart:6007)
[spm]: ProfilerData event received.
I/flutter (10181): [SPM:perf] 698a51a  buildSpan: 10748µs
I/flutter (10181): [spm] Performance monitoring completed for 698a51a
I/flutter (10181): type '_Stub' is not a subtype of type 'EdgeInsetsGeometry?'
I/flutter (10181): #0      TextBox.build (package:benchmark_container/generated_widget.dart:184)
I/flutter (10181): #1      StatelessElement.build (package:flutter/src/widgets/framework.dart:5889)
I/flutter (10181): #2      ComponentElement.performRebuild (package:flutter/src/widgets/framework.dart:5817)
I/flutter (10181): #3      Element.rebuild (package:flutter/src/widgets/framework.dart:5529)
I/flutter (10181): #4      StatelessElement.update (package:flutter/src/widgets/framework.dart:5895)
I/flutter (10181): #5      Element.updateChild (package:flutter/src/widgets/framework.dart:4037)
I/flutter (10181): #6      Element.updateChildren (package:flutter/src/widgets/framework.dart:4191)
I/flutter (10181): #7      MultiChildRenderObjectElement.update (package:flutter/src/widgets/framework.dart:7295)
I/flutter (10181): #8      Element.updateChild (package:flutter/src/widgets/framework.dart:4037)
I/flutter (10181): #9      SingleChildRenderObjectElement.update (package:flutter/src/widgets/framework.dart:7122)
I/flutter (10181): #10     Element.updateChild (package:flutter/src/widgets/framework.dart:4037)
I/flutter (10181): #11     ComponentElement.performRebuild (package:flutter/src/widgets/framework.dart:5841)
I/flutter (10181): #12     Element.rebuild (package:flutter/src/widgets/framework.dart:5529)
I/flutter (10181): #13     StatelessElement.update (package:flutter/src/widgets/framework.dart:5895)
I/flutter (10181): #14     Element.updateChild (package:flutter/src/widgets/framework.dart:4037)
I/flutter (10181): #15     ComponentElement.performRebuild (package:flutter/src/widgets/framework.dart:5841)
I/flutter (10181): #16     Element.rebuild (package:flutter/src/widgets/framework.dart:5529)
I/flutter (10181): #17     ProxyElement.update (package:flutter/src/widgets/framework.dart:6149)
I/flutter (10181): #18     Element.updateChild (package:flutter/src/widgets/framework.dart:4037)
I/flutter (10181): #19     SingleChildRenderObjectElement.update (package:flutter/src/widgets/framework.dart:7122)
I/flutter (10181): #20     Element.updateChild (package:flutter/src/widgets/framework.dart:4037)
I/flutter (10181): #21     ComponentElement.performRebuild (package:flutter/src/widgets/framework.dart:5841)
I/flutter (10181): #22     Element.rebuild (package:flutter/src/widgets/framework.dart:5529)
I/flutter (10181): #23     StatelessElement.update (package:flutter/src/widgets/framework.dart:5895)
I/flutter (10181): #24     Element.updateChild (package:flutter/src/widgets/framework.dart:4037)
I/flutter (10181): #25     ComponentElement.performRebuild (package:flutter/src/widgets/framework.dart:5841)
I/flutter (10181): #26     Element.rebuild (package:flutter/src/widgets/framework.dart:5529)
I/flutter (10181): #27     StatelessElement.update (package:flutter/src/widgets/framework.dart:5895)
I/flutter (10181): #28     Element.updateChild (package:flutter/src/widgets/framework.dart:4037)
I/flutter (10181): #29     ComponentElement.performRebuild (package:flutter/src/widgets/framework.dart:5841)
I/flutter (10181): #30     Element.rebuild (package:flutter/src/widgets/framework.dart:5529)
I/flutter (10181): #31     StatelessElement.update (package:flutter/src/widgets/framework.dart:5895)
I/flutter (10181): #32     Element.updateChild (package:flutter/src/widgets/framework.dart:4037)
I/flutter (10181): #33     ComponentElement.performRebuild (package:flutter/src/widgets/framework.dart:5841)
I/flutter (10181): #34     Element.rebuild (package:flutter/src/widgets/framework.dart:5529)
I/flutter (10181): #35     ProxyElement.update (package:flutter/src/widgets/framework.dart:6149)
I/flutter (10181): #36     Element.updateChild (package:flutter/src/widgets/framework.dart:4037)
I/flutter (10181): #37     ComponentElement.performRebuild (package:flutter/src/widgets/framework.dart:5841)
I/flutter (10181): #38     Element.rebuild (package:flutter/src/widgets/framework.dart:5529)
I/flutter (10181): #39     ProxyElement.update (package:flutter/src/widgets/framework.dart:6149)
I/flutter (10181): #40     Element.updateChild (package:flutter/src/widgets/framework.dart:4037)
I/flutter (10181): #41     Element.updateChildren (package:flutter/src/widgets/framework.dart:4191)
I/flutter (10181): #42     MultiChildRenderObjectElement.update (package:flutter/src/widgets/framework.dart:7295)
I/flutter (10181): #43     Element.updateChild (package:flutter/src/widgets/framework.dart:4037)
I/flutter (10181): #44     ComponentElement.performRebuild (package:flutter/src/widgets/framework.dart:5841)
I/flutter (10181): #45     Element.rebuild (package:flutter/src/widgets/framework.dart:5529)
I/flutter (10181): #46     ProxyElement.update (package:flutter/src/widgets/framework.dart:6149)
I/flutter (10181): #47     Element.updateChild (package:flutter/src/widgets/framework.dart:4037)
I/flutter (10181): #48     ComponentElement.performRebuild (package:flutter/src/widgets/framework.dart:5841)
I/flutter (10181): #49     StatefulElement.performRebuild (package:flutter/src/widgets/framework.dart:5982)
I/flutter (10181): #50     Element.rebuild (package:flutter/src/widgets/framework.dart:5529)
I/flutter (10181): #51     StatefulElement.update (package:flutter/src/widgets/framework.dart:6007)
I/flutter (10181): #52     Element.updateChild (package:flutter/src/widgets/framework.dart:4037)
I/flutter (10181): #53     ComponentElement.performRebuild (package:flutter/src/widgets/framework.dart:5841)
I/flutter (10181): #54     Element.rebuild (package:flutter/src/widgets/framework.dart:5529)
I/flutter (10181): #55     StatelessElement.update (package:flutter/src/widgets/framework.dart:5895)
I/flutter (10181): #56     Element.updateChild (package:flutter/src/widgets/framework.dart:4037)
I/flutter (10181): #57     ComponentElement.performRebuild (package:flutter/src/widgets/framework.dart:5841)
I/flutter (10181): #58     Element.rebuild (package:flutter/src/widgets/framework.dart:5529)
I/flutter (10181): #59     ProxyElement.update (package:flutter/src/widgets/framework.dart:6149)
I/flutter (10181): #60     Element.updateChild (package:flutter/src/widgets/framework.dart:4037)
I/flutter (10181): #61     ComponentElement.performRebuild (package:flutter/src/widgets/framework.dart:5841)
I/flutter (10181): #62     StatefulElement.performRebuild (package:flutter/src/widgets/framework.dart:5982)
I/flutter (10181): #63     Element.rebuild (package:flutter/src/widgets/framework.dart:5529)
I/flutter (10181): #64     StatefulElement.update (package:flutter/src/widgets/framework.dart:6007)
I/flutter (10181): #65     Element.updateChild (package:flutter/src/widgets/framework.dart:4037)
I/flutter (10181): #66     SingleChildRenderObjectElement.update (package:flutter/src/widgets/framework.dart:7122)
I/flutter (10181): #67     Element.updateChild (package:flutter/src/widgets/framework.dart:4037)
I/flutter (10181): #68     ComponentElement.performRebuild (package:flutter/src/widgets/framework.dart:5841)
I/flutter (10181): #69     Element.rebuild (package:flutter/src/widgets/framework.dart:5529)
I/flutter (10181): #70     ProxyElement.update (package:flutter/src/widgets/framework.dart:6149)
I/flutter (10181): #71     Element.updateChild (package:flutter/src/widgets/framework.dart:4037)
I/flutter (10181): #72     SingleChildRenderObjectElement.update (package:flutter/src/widgets/framework.dart:7122)
I/flutter (10181): #73     Element.updateChild (package:flutter/src/widgets/framework.dart:4037)
I/flutter (10181): #74     ComponentElement.performRebuild (package:flutter/src/widgets/framework.dart:5841)
I/flutter (10181): #75     StatefulElement.performRebuild (package:flutter/src/widgets/framework.dart:5982)
I/flutter (10181): #76     Element.rebuild (package:flutter/src/widgets/framework.dart:5529)
I/flutter (10181): #77     StatefulElement.update (package:flutter/src/widgets/framework.dart:6007)
I/flutter (10181): #78     Element.updateChild (package:flutter/src/widgets/framework.dart:4037)
I/flutter (10181): #79     ComponentElement.performRebuild (package:flutter/src/widgets/framework.dart:5841)
I/flutter (10181): #80     StatefulElement.performRebuild (package:flutter/src/widgets/framework.dart:5982)
I/flutter (10181): #81     Element.rebuild (package:flutter/src/widgets/framework.dart:5529)
I/flutter (10181): #82     StatefulElement.update (package:flutter/src/widgets/framework.dart:6007)
I/flutter (10181): #83     Element.updateChild (package:flutter/src/widgets/framework.dart:4037)
I/flutter (10181): #84     ComponentElement.performRebuild (package:flutter/src/widgets/framework.dart:5841)
I/flutter (10181): #85     Element.rebuild (package:flutter/src/widgets/framework.dart:5529)
I/flutter (10181): #86     ProxyElement.update (package:flutter/src/widgets/framework.dart:6149)
I/flutter (10181): #87     Element.updateChild (package:flutter/src/widgets/framework.dart:4037)
I/flutter (10181): #88     ComponentElement.performRebuild (package:flutter/src/widgets/framework.dart:5841)
I/flutter (10181): #89     Element.rebuild (package:flutter/src/widgets/framework.dart:5529)
I/flutter (10181): #90     ProxyElement.update (package:flutter/src/widgets/framework.dart:6149)
I/flutter (10181): #91     Element.updateChild (package:flutter/src/widgets/framework.dart:4037)
I/flutter (10181): #92     ComponentElement.performRebuild (package:flutter/src/widgets/framework.dart:5841)
I/flutter (10181): #93     Element.rebuild (package:flutter/src/widgets/framework.dart:5529)
I/flutter (10181): #94     ProxyElement.update (package:flutter/src/widgets/framework.dart:6149)
I/flutter (10181): #95     Element.updateChild (package:flutter/src/widgets/framework.dart:4037)
I/flutter (10181): #96     ComponentElement.performRebuild (package:flutter/src/widgets/framework.dart:5841)
I/flutter (10181): #97     StatefulElement.performRebuild (package:flutter/src/widgets/framework.dart:5982)
I/flutter (10181): #98     Element.rebuild (package:flutter/src/widgets/framework.dart:5529)
I/flutter (10181): #99     StatefulElement.update (package:flutter/src/widgets/framework.dart:6007)
I/flutter (10181): [SPM:perf] 698a51a  buildSpan: 10436µs
I/flutter (10181): [spm] Performance monitoring completed for 698a51a
[spm]: ProfilerData event received.
I/flutter (10181): type '_Stub' is not a subtype of type 'EdgeInsetsGeometry?'
I/flutter (10181): #0      TextBox.build (package:benchmark_container/generated_widget.dart:184)
I/flutter (10181): #1      StatelessElement.build (package:flutter/src/widgets/framework.dart:5889)
I/flutter (10181): #2      ComponentElement.performRebuild (package:flutter/src/widgets/framework.dart:5817)
I/flutter (10181): #3      Element.rebuild (package:flutter/src/widgets/framework.dart:5529)
I/flutter (10181): #4      StatelessElement.update (package:flutter/src/widgets/framework.dart:5895)
I/flutter (10181): #5      Element.updateChild (package:flutter/src/widgets/framework.dart:4037)
I/flutter (10181): #6      Element.updateChildren (package:flutter/src/widgets/framework.dart:4191)
I/flutter (10181): #7      MultiChildRenderObjectElement.update (package:flutter/src/widgets/framework.dart:7295)
I/flutter (10181): #8      Element.updateChild (package:flutter/src/widgets/framework.dart:4037)
I/flutter (10181): #9      SingleChildRenderObjectElement.update (package:flutter/src/widgets/framework.dart:7122)
I/flutter (10181): #10     Element.updateChild (package:flutter/src/widgets/framework.dart:4037)
I/flutter (10181): #11     ComponentElement.performRebuild (package:flutter/src/widgets/framework.dart:5841)
I/flutter (10181): #12     Element.rebuild (package:flutter/src/widgets/framework.dart:5529)
I/flutter (10181): #13     StatelessElement.update (package:flutter/src/widgets/framework.dart:5895)
I/flutter (10181): #14     Element.updateChild (package:flutter/src/widgets/framework.dart:4037)
I/flutter (10181): #15     ComponentElement.performRebuild (package:flutter/src/widgets/framework.dart:5841)
I/flutter (10181): #16     Element.rebuild (package:flutter/src/widgets/framework.dart:5529)
I/flutter (10181): #17     ProxyElement.update (package:flutter/src/widgets/framework.dart:6149)
I/flutter (10181): #18     Element.updateChild (package:flutter/src/widgets/framework.dart:4037)
I/flutter (10181): #19     SingleChildRenderObjectElement.update (package:flutter/src/widgets/framework.dart:7122)
I/flutter (10181): #20     Element.updateChild (package:flutter/src/widgets/framework.dart:4037)
I/flutter (10181): #21     ComponentElement.performRebuild (package:flutter/src/widgets/framework.dart:5841)
I/flutter (10181): #22     Element.rebuild (package:flutter/src/widgets/framework.dart:5529)
I/flutter (10181): #23     StatelessElement.update (package:flutter/src/widgets/framework.dart:5895)
I/flutter (10181): #24     Element.updateChild (package:flutter/src/widgets/framework.dart:4037)
I/flutter (10181): #25     ComponentElement.performRebuild (package:flutter/src/widgets/framework.dart:5841)
I/flutter (10181): #26     Element.rebuild (package:flutter/src/widgets/framework.dart:5529)
I/flutter (10181): #27     StatelessElement.update (package:flutter/src/widgets/framework.dart:5895)
I/flutter (10181): #28     Element.updateChild (package:flutter/src/widgets/framework.dart:4037)
I/flutter (10181): #29     ComponentElement.performRebuild (package:flutter/src/widgets/framework.dart:5841)
I/flutter (10181): #30     Element.rebuild (package:flutter/src/widgets/framework.dart:5529)
I/flutter (10181): #31     StatelessElement.update (package:flutter/src/widgets/framework.dart:5895)
I/flutter (10181): #32     Element.updateChild (package:flutter/src/widgets/framework.dart:4037)
I/flutter (10181): #33     ComponentElement.performRebuild (package:flutter/src/widgets/framework.dart:5841)
I/flutter (10181): #34     Element.rebuild (package:flutter/src/widgets/framework.dart:5529)
I/flutter (10181): #35     ProxyElement.update (package:flutter/src/widgets/framework.dart:6149)
I/flutter (10181): #36     Element.updateChild (package:flutter/src/widgets/framework.dart:4037)
I/flutter (10181): #37     ComponentElement.performRebuild (package:flutter/src/widgets/framework.dart:5841)
I/flutter (10181): #38     Element.rebuild (package:flutter/src/widgets/framework.dart:5529)
I/flutter (10181): #39     ProxyElement.update (package:flutter/src/widgets/framework.dart:6149)
I/flutter (10181): #40     Element.updateChild (package:flutter/src/widgets/framework.dart:4037)
I/flutter (10181): #41     Element.updateChildren (package:flutter/src/widgets/framework.dart:4191)
I/flutter (10181): #42     MultiChildRenderObjectElement.update (package:flutter/src/widgets/framework.dart:7295)
I/flutter (10181): #43     Element.updateChild (package:flutter/src/widgets/framework.dart:4037)
I/flutter (10181): #44     ComponentElement.performRebuild (package:flutter/src/widgets/framework.dart:5841)
I/flutter (10181): #45     Element.rebuild (package:flutter/src/widgets/framework.dart:5529)
I/flutter (10181): #46     ProxyElement.update (package:flutter/src/widgets/framework.dart:6149)
I/flutter (10181): #47     Element.updateChild (package:flutter/src/widgets/framework.dart:4037)
I/flutter (10181): #48     ComponentElement.performRebuild (package:flutter/src/widgets/framework.dart:5841)
I/flutter (10181): #49     StatefulElement.performRebuild (package:flutter/src/widgets/framework.dart:5982)
I/flutter (10181): #50     Element.rebuild (package:flutter/src/widgets/framework.dart:5529)
I/flutter (10181): #51     StatefulElement.update (package:flutter/src/widgets/framework.dart:6007)
I/flutter (10181): #52     Element.updateChild (package:flutter/src/widgets/framework.dart:4037)
I/flutter (10181): #53     ComponentElement.performRebuild (package:flutter/src/widgets/framework.dart:5841)
I/flutter (10181): #54     Element.rebuild (package:flutter/src/widgets/framework.dart:5529)
I/flutter (10181): #55     StatelessElement.update (package:flutter/src/widgets/framework.dart:5895)
I/flutter (10181): #56     Element.updateChild (package:flutter/src/widgets/framework.dart:4037)
I/flutter (10181): #57     ComponentElement.performRebuild (package:flutter/src/widgets/framework.dart:5841)
I/flutter (10181): #58     Element.rebuild (package:flutter/src/widgets/framework.dart:5529)
I/flutter (10181): #59     ProxyElement.update (package:flutter/src/widgets/framework.dart:6149)
I/flutter (10181): #60     Element.updateChild (package:flutter/src/widgets/framework.dart:4037)
I/flutter (10181): #61     ComponentElement.performRebuild (package:flutter/src/widgets/framework.dart:5841)
I/flutter (10181): #62     StatefulElement.performRebuild (package:flutter/src/widgets/framework.dart:5982)
I/flutter (10181): #63     Element.rebuild (package:flutter/src/widgets/framework.dart:5529)
I/flutter (10181): #64     StatefulElement.update (package:flutter/src/widgets/framework.dart:6007)
I/flutter (10181): #65     Element.updateChild (package:flutter/src/widgets/framework.dart:4037)
I/flutter (10181): #66     SingleChildRenderObjectElement.update (package:flutter/src/widgets/framework.dart:7122)
I/flutter (10181): #67     Element.updateChild (package:flutter/src/widgets/framework.dart:4037)
I/flutter (10181): #68     ComponentElement.performRebuild (package:flutter/src/widgets/framework.dart:5841)
I/flutter (10181): #69     Element.rebuild (package:flutter/src/widgets/framework.dart:5529)
I/flutter (10181): #70     ProxyElement.update (package:flutter/src/widgets/framework.dart:6149)
I/flutter (10181): #71     Element.updateChild (package:flutter/src/widgets/framework.dart:4037)
I/flutter (10181): #72     SingleChildRenderObjectElement.update (package:flutter/src/widgets/framework.dart:7122)
I/flutter (10181): #73     Element.updateChild (package:flutter/src/widgets/framework.dart:4037)
I/flutter (10181): #74     ComponentElement.performRebuild (package:flutter/src/widgets/framework.dart:5841)
I/flutter (10181): #75     StatefulElement.performRebuild (package:flutter/src/widgets/framework.dart:5982)
I/flutter (10181): #76     Element.rebuild (package:flutter/src/widgets/framework.dart:5529)
I/flutter (10181): #77     StatefulElement.update (package:flutter/src/widgets/framework.dart:6007)
I/flutter (10181): #78     Element.updateChild (package:flutter/src/widgets/framework.dart:4037)
I/flutter (10181): #79     ComponentElement.performRebuild (package:flutter/src/widgets/framework.dart:5841)
I/flutter (10181): #80     StatefulElement.performRebuild (package:flutter/src/widgets/framework.dart:5982)
I/flutter (10181): #81     Element.rebuild (package:flutter/src/widgets/framework.dart:5529)
I/flutter (10181): #82     StatefulElement.update (package:flutter/src/widgets/framework.dart:6007)
I/flutter (10181): #83     Element.updateChild (package:flutter/src/widgets/framework.dart:4037)
I/flutter (10181): #84     ComponentElement.performRebuild (package:flutter/src/widgets/framework.dart:5841)
I/flutter (10181): #85     Element.rebuild (package:flutter/src/widgets/framework.dart:5529)
I/flutter (10181): #86     ProxyElement.update (package:flutter/src/widgets/framework.dart:6149)
I/flutter (10181): #87     Element.updateChild (package:flutter/src/widgets/framework.dart:4037)
I/flutter (10181): #88     ComponentElement.performRebuild (package:flutter/src/widgets/framework.dart:5841)
I/flutter (10181): #89     Element.rebuild (package:flutter/src/widgets/framework.dart:5529)
I/flutter (10181): #90     ProxyElement.update (package:flutter/src/widgets/framework.dart:6149)
I/flutter (10181): #91     Element.updateChild (package:flutter/src/widgets/framework.dart:4037)
I/flutter (10181): #92     ComponentElement.performRebuild (package:flutter/src/widgets/framework.dart:5841)
I/flutter (10181): #93     Element.rebuild (package:flutter/src/widgets/framework.dart:5529)
I/flutter (10181): #94     ProxyElement.update (package:flutter/src/widgets/framework.dart:6149)
I/flutter (10181): #95     Element.updateChild (package:flutter/src/widgets/framework.dart:4037)
I/flutter (10181): #96     ComponentElement.performRebuild (package:flutter/src/widgets/framework.dart:5841)
I/flutter (10181): #97     StatefulElement.performRebuild (package:flutter/src/widgets/framework.dart:5982)
I/flutter (10181): #98     Element.rebuild (package:flutter/src/widgets/framework.dart:5529)
I/flutter (10181): #99     StatefulElement.update (package:flutter/src/widgets/framework.dart:6007)
I/flutter (10181): [SPM:perf] 698a51a  buildSpan: 10397µs
I/flutter (10181): [spm] Performance monitoring completed for 698a51a
[spm]: ProfilerData event received.
I/flutter (10181): type '_Stub' is not a subtype of type 'EdgeInsetsGeometry?'
I/flutter (10181): #0      TextBox.build (package:benchmark_container/generated_widget.dart:184)
I/flutter (10181): #1      StatelessElement.build (package:flutter/src/widgets/framework.dart:5889)
I/flutter (10181): #2      ComponentElement.performRebuild (package:flutter/src/widgets/framework.dart:5817)
I/flutter (10181): #3      Element.rebuild (package:flutter/src/widgets/framework.dart:5529)
I/flutter (10181): #4      StatelessElement.update (package:flutter/src/widgets/framework.dart:5895)
I/flutter (10181): #5      Element.updateChild (package:flutter/src/widgets/framework.dart:4037)
I/flutter (10181): #6      Element.updateChildren (package:flutter/src/widgets/framework.dart:4191)
I/flutter (10181): #7      MultiChildRenderObjectElement.update (package:flutter/src/widgets/framework.dart:7295)
I/flutter (10181): #8      Element.updateChild (package:flutter/src/widgets/framework.dart:4037)
I/flutter (10181): #9      SingleChildRenderObjectElement.update (package:flutter/src/widgets/framework.dart:7122)
I/flutter (10181): #10     Element.updateChild (package:flutter/src/widgets/framework.dart:4037)
I/flutter (10181): #11     ComponentElement.performRebuild (package:flutter/src/widgets/framework.dart:5841)
I/flutter (10181): #12     Element.rebuild (package:flutter/src/widgets/framework.dart:5529)
I/flutter (10181): #13     StatelessElement.update (package:flutter/src/widgets/framework.dart:5895)
I/flutter (10181): #14     Element.updateChild (package:flutter/src/widgets/framework.dart:4037)
I/flutter (10181): #15     ComponentElement.performRebuild (package:flutter/src/widgets/framework.dart:5841)
I/flutter (10181): #16     Element.rebuild (package:flutter/src/widgets/framework.dart:5529)
I/flutter (10181): #17     ProxyElement.update (package:flutter/src/widgets/framework.dart:6149)
I/flutter (10181): #18     Element.updateChild (package:flutter/src/widgets/framework.dart:4037)
I/flutter (10181): #19     SingleChildRenderObjectElement.update (package:flutter/src/widgets/framework.dart:7122)
I/flutter (10181): #20     Element.updateChild (package:flutter/src/widgets/framework.dart:4037)
I/flutter (10181): #21     ComponentElement.performRebuild (package:flutter/src/widgets/framework.dart:5841)
I/flutter (10181): #22     Element.rebuild (package:flutter/src/widgets/framework.dart:5529)
I/flutter (10181): #23     StatelessElement.update (package:flutter/src/widgets/framework.dart:5895)
I/flutter (10181): #24     Element.updateChild (package:flutter/src/widgets/framework.dart:4037)
I/flutter (10181): #25     ComponentElement.performRebuild (package:flutter/src/widgets/framework.dart:5841)
I/flutter (10181): #26     Element.rebuild (package:flutter/src/widgets/framework.dart:5529)
I/flutter (10181): #27     StatelessElement.update (package:flutter/src/widgets/framework.dart:5895)
I/flutter (10181): #28     Element.updateChild (package:flutter/src/widgets/framework.dart:4037)
I/flutter (10181): #29     ComponentElement.performRebuild (package:flutter/src/widgets/framework.dart:5841)
I/flutter (10181): #30     Element.rebuild (package:flutter/src/widgets/framework.dart:5529)
I/flutter (10181): #31     StatelessElement.update (package:flutter/src/widgets/framework.dart:5895)
I/flutter (10181): #32     Element.updateChild (package:flutter/src/widgets/framework.dart:4037)
I/flutter (10181): #33     ComponentElement.performRebuild (package:flutter/src/widgets/framework.dart:5841)
I/flutter (10181): #34     Element.rebuild (package:flutter/src/widgets/framework.dart:5529)
I/flutter (10181): #35     ProxyElement.update (package:flutter/src/widgets/framework.dart:6149)
I/flutter (10181): #36     Element.updateChild (package:flutter/src/widgets/framework.dart:4037)
I/flutter (10181): #37     ComponentElement.performRebuild (package:flutter/src/widgets/framework.dart:5841)
I/flutter (10181): #38     Element.rebuild (package:flutter/src/widgets/framework.dart:5529)
I/flutter (10181): #39     ProxyElement.update (package:flutter/src/widgets/framework.dart:6149)
I/flutter (10181): #40     Element.updateChild (package:flutter/src/widgets/framework.dart:4037)
I/flutter (10181): #41     Element.updateChildren (package:flutter/src/widgets/framework.dart:4191)
I/flutter (10181): #42     MultiChildRenderObjectElement.update (package:flutter/src/widgets/framework.dart:7295)
I/flutter (10181): #43     Element.updateChild (package:flutter/src/widgets/framework.dart:4037)
I/flutter (10181): #44     ComponentElement.performRebuild (package:flutter/src/widgets/framework.dart:5841)
I/flutter (10181): #45     Element.rebuild (package:flutter/src/widgets/framework.dart:5529)
I/flutter (10181): #46     ProxyElement.update (package:flutter/src/widgets/framework.dart:6149)
I/flutter (10181): #47     Element.updateChild (package:flutter/src/widgets/framework.dart:4037)
I/flutter (10181): #48     ComponentElement.performRebuild (package:flutter/src/widgets/framework.dart:5841)
I/flutter (10181): #49     StatefulElement.performRebuild (package:flutter/src/widgets/framework.dart:5982)
I/flutter (10181): #50     Element.rebuild (package:flutter/src/widgets/framework.dart:5529)
I/flutter (10181): #51     StatefulElement.update (package:flutter/src/widgets/framework.dart:6007)
I/flutter (10181): #52     Element.updateChild (package:flutter/src/widgets/framework.dart:4037)
I/flutter (10181): #53     ComponentElement.performRebuild (package:flutter/src/widgets/framework.dart:5841)
I/flutter (10181): #54     Element.rebuild (package:flutter/src/widgets/framework.dart:5529)
I/flutter (10181): #55     StatelessElement.update (package:flutter/src/widgets/framework.dart:5895)
I/flutter (10181): #56     Element.updateChild (package:flutter/src/widgets/framework.dart:4037)
I/flutter (10181): #57     ComponentElement.performRebuild (package:flutter/src/widgets/framework.dart:5841)
I/flutter (10181): #58     Element.rebuild (package:flutter/src/widgets/framework.dart:5529)
I/flutter (10181): #59     ProxyElement.update (package:flutter/src/widgets/framework.dart:6149)
I/flutter (10181): #60     Element.updateChild (package:flutter/src/widgets/framework.dart:4037)
I/flutter (10181): #61     ComponentElement.performRebuild (package:flutter/src/widgets/framework.dart:5841)
I/flutter (10181): #62     StatefulElement.performRebuild (package:flutter/src/widgets/framework.dart:5982)
I/flutter (10181): #63     Element.rebuild (package:flutter/src/widgets/framework.dart:5529)
I/flutter (10181): #64     StatefulElement.update (package:flutter/src/widgets/framework.dart:6007)
I/flutter (10181): #65     Element.updateChild (package:flutter/src/widgets/framework.dart:4037)
I/flutter (10181): #66     SingleChildRenderObjectElement.update (package:flutter/src/widgets/framework.dart:7122)
I/flutter (10181): #67     Element.updateChild (package:flutter/src/widgets/framework.dart:4037)
I/flutter (10181): #68     ComponentElement.performRebuild (package:flutter/src/widgets/framework.dart:5841)
I/flutter (10181): #69     Element.rebuild (package:flutter/src/widgets/framework.dart:5529)
I/flutter (10181): #70     ProxyElement.update (package:flutter/src/widgets/framework.dart:6149)
I/flutter (10181): #71     Element.updateChild (package:flutter/src/widgets/framework.dart:4037)
I/flutter (10181): #72     SingleChildRenderObjectElement.update (package:flutter/src/widgets/framework.dart:7122)
I/flutter (10181): #73     Element.updateChild (package:flutter/src/widgets/framework.dart:4037)
I/flutter (10181): #74     ComponentElement.performRebuild (package:flutter/src/widgets/framework.dart:5841)
I/flutter (10181): #75     StatefulElement.performRebuild (package:flutter/src/widgets/framework.dart:5982)
I/flutter (10181): #76     Element.rebuild (package:flutter/src/widgets/framework.dart:5529)
I/flutter (10181): #77     StatefulElement.update (package:flutter/src/widgets/framework.dart:6007)
I/flutter (10181): #78     Element.updateChild (package:flutter/src/widgets/framework.dart:4037)
I/flutter (10181): #79     ComponentElement.performRebuild (package:flutter/src/widgets/framework.dart:5841)
I/flutter (10181): #80     StatefulElement.performRebuild (package:flutter/src/widgets/framework.dart:5982)
I/flutter (10181): #81     Element.rebuild (package:flutter/src/widgets/framework.dart:5529)
I/flutter (10181): #82     StatefulElement.update (package:flutter/src/widgets/framework.dart:6007)
I/flutter (10181): #83     Element.updateChild (package:flutter/src/widgets/framework.dart:4037)
I/flutter (10181): #84     ComponentElement.performRebuild (package:flutter/src/widgets/framework.dart:5841)
I/flutter (10181): #85     Element.rebuild (package:flutter/src/widgets/framework.dart:5529)
I/flutter (10181): #86     ProxyElement.update (package:flutter/src/widgets/framework.dart:6149)
I/flutter (10181): #87     Element.updateChild (package:flutter/src/widgets/framework.dart:4037)
I/flutter (10181): #88     ComponentElement.performRebuild (package:flutter/src/widgets/framework.dart:5841)
I/flutter (10181): #89     Element.rebuild (package:flutter/src/widgets/framework.dart:5529)
I/flutter (10181): #90     ProxyElement.update (package:flutter/src/widgets/framework.dart:6149)
I/flutter (10181): #91     Element.updateChild (package:flutter/src/widgets/framework.dart:4037)
I/flutter (10181): #92     ComponentElement.performRebuild (package:flutter/src/widgets/framework.dart:5841)
I/flutter (10181): #93     Element.rebuild (package:flutter/src/widgets/framework.dart:5529)
I/flutter (10181): #94     ProxyElement.update (package:flutter/src/widgets/framework.dart:6149)
I/flutter (10181): #95     Element.updateChild (package:flutter/src/widgets/framework.dart:4037)
I/flutter (10181): #96     ComponentElement.performRebuild (package:flutter/src/widgets/framework.dart:5841)
I/flutter (10181): #97     StatefulElement.performRebuild (package:flutter/src/widgets/framework.dart:5982)
I/flutter (10181): #98     Element.rebuild (package:flutter/src/widgets/framework.dart:5529)
I/flutter (10181): #99     StatefulElement.update (package:flutter/src/widgets/framework.dart:6007)
[spm]: ProfilerData event received.
I/flutter (10181): [SPM:perf] 698a51a  buildSpan: 9908µs
I/flutter (10181): [spm] Performance monitoring completed for 698a51a
I/flutter (10181): type '_Stub' is not a subtype of type 'EdgeInsetsGeometry?'
I/flutter (10181): #0      TextBox.build (package:benchmark_container/generated_widget.dart:184)
I/flutter (10181): #1      StatelessElement.build (package:flutter/src/widgets/framework.dart:5889)
I/flutter (10181): #2      ComponentElement.performRebuild (package:flutter/src/widgets/framework.dart:5817)
I/flutter (10181): #3      Element.rebuild (package:flutter/src/widgets/framework.dart:5529)
I/flutter (10181): #4      StatelessElement.update (package:flutter/src/widgets/framework.dart:5895)
I/flutter (10181): #5      Element.updateChild (package:flutter/src/widgets/framework.dart:4037)
I/flutter (10181): #6      Element.updateChildren (package:flutter/src/widgets/framework.dart:4191)
I/flutter (10181): #7      MultiChildRenderObjectElement.update (package:flutter/src/widgets/framework.dart:7295)
I/flutter (10181): #8      Element.updateChild (package:flutter/src/widgets/framework.dart:4037)
I/flutter (10181): #9      SingleChildRenderObjectElement.update (package:flutter/src/widgets/framework.dart:7122)
I/flutter (10181): #10     Element.updateChild (package:flutter/src/widgets/framework.dart:4037)
I/flutter (10181): #11     ComponentElement.performRebuild (package:flutter/src/widgets/framework.dart:5841)
I/flutter (10181): #12     Element.rebuild (package:flutter/src/widgets/framework.dart:5529)
I/flutter (10181): #13     StatelessElement.update (package:flutter/src/widgets/framework.dart:5895)
I/flutter (10181): #14     Element.updateChild (package:flutter/src/widgets/framework.dart:4037)
I/flutter (10181): #15     ComponentElement.performRebuild (package:flutter/src/widgets/framework.dart:5841)
I/flutter (10181): #16     Element.rebuild (package:flutter/src/widgets/framework.dart:5529)
I/flutter (10181): #17     ProxyElement.update (package:flutter/src/widgets/framework.dart:6149)
I/flutter (10181): #18     Element.updateChild (package:flutter/src/widgets/framework.dart:4037)
I/flutter (10181): #19     SingleChildRenderObjectElement.update (package:flutter/src/widgets/framework.dart:7122)
I/flutter (10181): #20     Element.updateChild (package:flutter/src/widgets/framework.dart:4037)
I/flutter (10181): #21     ComponentElement.performRebuild (package:flutter/src/widgets/framework.dart:5841)
I/flutter (10181): #22     Element.rebuild (package:flutter/src/widgets/framework.dart:5529)
I/flutter (10181): #23     StatelessElement.update (package:flutter/src/widgets/framework.dart:5895)
I/flutter (10181): #24     Element.updateChild (package:flutter/src/widgets/framework.dart:4037)
I/flutter (10181): #25     ComponentElement.performRebuild (package:flutter/src/widgets/framework.dart:5841)
I/flutter (10181): #26     Element.rebuild (package:flutter/src/widgets/framework.dart:5529)
I/flutter (10181): #27     StatelessElement.update (package:flutter/src/widgets/framework.dart:5895)
I/flutter (10181): #28     Element.updateChild (package:flutter/src/widgets/framework.dart:4037)
I/flutter (10181): #29     ComponentElement.performRebuild (package:flutter/src/widgets/framework.dart:5841)
I/flutter (10181): #30     Element.rebuild (package:flutter/src/widgets/framework.dart:5529)
I/flutter (10181): #31     StatelessElement.update (package:flutter/src/widgets/framework.dart:5895)
I/flutter (10181): #32     Element.updateChild (package:flutter/src/widgets/framework.dart:4037)
I/flutter (10181): #33     ComponentElement.performRebuild (package:flutter/src/widgets/framework.dart:5841)
I/flutter (10181): #34     Element.rebuild (package:flutter/src/widgets/framework.dart:5529)
I/flutter (10181): #35     ProxyElement.update (package:flutter/src/widgets/framework.dart:6149)
I/flutter (10181): #36     Element.updateChild (package:flutter/src/widgets/framework.dart:4037)
I/flutter (10181): #37     ComponentElement.performRebuild (package:flutter/src/widgets/framework.dart:5841)
I/flutter (10181): #38     Element.rebuild (package:flutter/src/widgets/framework.dart:5529)
I/flutter (10181): #39     ProxyElement.update (package:flutter/src/widgets/framework.dart:6149)
I/flutter (10181): #40     Element.updateChild (package:flutter/src/widgets/framework.dart:4037)
I/flutter (10181): #41     Element.updateChildren (package:flutter/src/widgets/framework.dart:4191)
I/flutter (10181): #42     MultiChildRenderObjectElement.update (package:flutter/src/widgets/framework.dart:7295)
I/flutter (10181): #43     Element.updateChild (package:flutter/src/widgets/framework.dart:4037)
I/flutter (10181): #44     ComponentElement.performRebuild (package:flutter/src/widgets/framework.dart:5841)
I/flutter (10181): #45     Element.rebuild (package:flutter/src/widgets/framework.dart:5529)
I/flutter (10181): #46     ProxyElement.update (package:flutter/src/widgets/framework.dart:6149)
I/flutter (10181): #47     Element.updateChild (package:flutter/src/widgets/framework.dart:4037)
I/flutter (10181): #48     ComponentElement.performRebuild (package:flutter/src/widgets/framework.dart:5841)
I/flutter (10181): #49     StatefulElement.performRebuild (package:flutter/src/widgets/framework.dart:5982)
I/flutter (10181): #50     Element.rebuild (package:flutter/src/widgets/framework.dart:5529)
I/flutter (10181): #51     StatefulElement.update (package:flutter/src/widgets/framework.dart:6007)
I/flutter (10181): #52     Element.updateChild (package:flutter/src/widgets/framework.dart:4037)
I/flutter (10181): #53     ComponentElement.performRebuild (package:flutter/src/widgets/framework.dart:5841)
I/flutter (10181): #54     Element.rebuild (package:flutter/src/widgets/framework.dart:5529)
I/flutter (10181): #55     StatelessElement.update (package:flutter/src/widgets/framework.dart:5895)
I/flutter (10181): #56     Element.updateChild (package:flutter/src/widgets/framework.dart:4037)
I/flutter (10181): #57     ComponentElement.performRebuild (package:flutter/src/widgets/framework.dart:5841)
I/flutter (10181): #58     Element.rebuild (package:flutter/src/widgets/framework.dart:5529)
I/flutter (10181): #59     ProxyElement.update (package:flutter/src/widgets/framework.dart:6149)
I/flutter (10181): #60     Element.updateChild (package:flutter/src/widgets/framework.dart:4037)
I/flutter (10181): #61     ComponentElement.performRebuild (package:flutter/src/widgets/framework.dart:5841)
I/flutter (10181): #62     StatefulElement.performRebuild (package:flutter/src/widgets/framework.dart:5982)
I/flutter (10181): #63     Element.rebuild (package:flutter/src/widgets/framework.dart:5529)
I/flutter (10181): #64     StatefulElement.update (package:flutter/src/widgets/framework.dart:6007)
I/flutter (10181): #65     Element.updateChild (package:flutter/src/widgets/framework.dart:4037)
I/flutter (10181): #66     SingleChildRenderObjectElement.update (package:flutter/src/widgets/framework.dart:7122)
I/flutter (10181): #67     Element.updateChild (package:flutter/src/widgets/framework.dart:4037)
I/flutter (10181): #68     ComponentElement.performRebuild (package:flutter/src/widgets/framework.dart:5841)
I/flutter (10181): #69     Element.rebuild (package:flutter/src/widgets/framework.dart:5529)
I/flutter (10181): #70     ProxyElement.update (package:flutter/src/widgets/framework.dart:6149)
I/flutter (10181): #71     Element.updateChild (package:flutter/src/widgets/framework.dart:4037)
I/flutter (10181): #72     SingleChildRenderObjectElement.update (package:flutter/src/widgets/framework.dart:7122)
I/flutter (10181): #73     Element.updateChild (package:flutter/src/widgets/framework.dart:4037)
I/flutter (10181): #74     ComponentElement.performRebuild (package:flutter/src/widgets/framework.dart:5841)
I/flutter (10181): #75     StatefulElement.performRebuild (package:flutter/src/widgets/framework.dart:5982)
I/flutter (10181): #76     Element.rebuild (package:flutter/src/widgets/framework.dart:5529)
I/flutter (10181): #77     StatefulElement.update (package:flutter/src/widgets/framework.dart:6007)
I/flutter (10181): #78     Element.updateChild (package:flutter/src/widgets/framework.dart:4037)
I/flutter (10181): #79     ComponentElement.performRebuild (package:flutter/src/widgets/framework.dart:5841)
I/flutter (10181): #80     StatefulElement.performRebuild (package:flutter/src/widgets/framework.dart:5982)
I/flutter (10181): #81     Element.rebuild (package:flutter/src/widgets/framework.dart:5529)
I/flutter (10181): #82     StatefulElement.update (package:flutter/src/widgets/framework.dart:6007)
I/flutter (10181): #83     Element.updateChild (package:flutter/src/widgets/framework.dart:4037)
I/flutter (10181): #84     ComponentElement.performRebuild (package:flutter/src/widgets/framework.dart:5841)
I/flutter (10181): #85     Element.rebuild (package:flutter/src/widgets/framework.dart:5529)
I/flutter (10181): #86     ProxyElement.update (package:flutter/src/widgets/framework.dart:6149)
I/flutter (10181): #87     Element.updateChild (package:flutter/src/widgets/framework.dart:4037)
I/flutter (10181): #88     ComponentElement.performRebuild (package:flutter/src/widgets/framework.dart:5841)
I/flutter (10181): #89     Element.rebuild (package:flutter/src/widgets/framework.dart:5529)
I/flutter (10181): #90     ProxyElement.update (package:flutter/src/widgets/framework.dart:6149)
I/flutter (10181): #91     Element.updateChild (package:flutter/src/widgets/framework.dart:4037)
I/flutter (10181): #92     ComponentElement.performRebuild (package:flutter/src/widgets/framework.dart:5841)
I/flutter (10181): #93     Element.rebuild (package:flutter/src/widgets/framework.dart:5529)
I/flutter (10181): #94     ProxyElement.update (package:flutter/src/widgets/framework.dart:6149)
I/flutter (10181): #95     Element.updateChild (package:flutter/src/widgets/framework.dart:4037)
I/flutter (10181): #96     ComponentElement.performRebuild (package:flutter/src/widgets/framework.dart:5841)
I/flutter (10181): #97     StatefulElement.performRebuild (package:flutter/src/widgets/framework.dart:5982)
I/flutter (10181): #98     Element.rebuild (package:flutter/src/widgets/framework.dart:5529)
I/flutter (10181): #99     StatefulElement.update (package:flutter/src/widgets/framework.dart:6007)
[spm]: ProfilerData event received.
I/flutter (10181): [SPM:perf] 698a51a  buildSpan: 9191µs
I/flutter (10181): [spm] Performance monitoring completed for 698a51a
I/flutter (10181): type '_Stub' is not a subtype of type 'EdgeInsetsGeometry?'
I/flutter (10181): #0      TextBox.build (package:benchmark_container/generated_widget.dart:184)
I/flutter (10181): #1      StatelessElement.build (package:flutter/src/widgets/framework.dart:5889)
I/flutter (10181): #2      ComponentElement.performRebuild (package:flutter/src/widgets/framework.dart:5817)
I/flutter (10181): #3      Element.rebuild (package:flutter/src/widgets/framework.dart:5529)
I/flutter (10181): #4      StatelessElement.update (package:flutter/src/widgets/framework.dart:5895)
I/flutter (10181): #5      Element.updateChild (package:flutter/src/widgets/framework.dart:4037)
I/flutter (10181): #6      Element.updateChildren (package:flutter/src/widgets/framework.dart:4191)
I/flutter (10181): #7      MultiChildRenderObjectElement.update (package:flutter/src/widgets/framework.dart:7295)
I/flutter (10181): #8      Element.updateChild (package:flutter/src/widgets/framework.dart:4037)
I/flutter (10181): #9      SingleChildRenderObjectElement.update (package:flutter/src/widgets/framework.dart:7122)
I/flutter (10181): #10     Element.updateChild (package:flutter/src/widgets/framework.dart:4037)
I/flutter (10181): #11     ComponentElement.performRebuild (package:flutter/src/widgets/framework.dart:5841)
I/flutter (10181): #12     Element.rebuild (package:flutter/src/widgets/framework.dart:5529)
I/flutter (10181): #13     StatelessElement.update (package:flutter/src/widgets/framework.dart:5895)
I/flutter (10181): #14     Element.updateChild (package:flutter/src/widgets/framework.dart:4037)
I/flutter (10181): #15     ComponentElement.performRebuild (package:flutter/src/widgets/framework.dart:5841)
I/flutter (10181): #16     Element.rebuild (package:flutter/src/widgets/framework.dart:5529)
I/flutter (10181): #17     ProxyElement.update (package:flutter/src/widgets/framework.dart:6149)
I/flutter (10181): #18     Element.updateChild (package:flutter/src/widgets/framework.dart:4037)
I/flutter (10181): #19     SingleChildRenderObjectElement.update (package:flutter/src/widgets/framework.dart:7122)
I/flutter (10181): #20     Element.updateChild (package:flutter/src/widgets/framework.dart:4037)
I/flutter (10181): #21     ComponentElement.performRebuild (package:flutter/src/widgets/framework.dart:5841)
I/flutter (10181): #22     Element.rebuild (package:flutter/src/widgets/framework.dart:5529)
I/flutter (10181): #23     StatelessElement.update (package:flutter/src/widgets/framework.dart:5895)
I/flutter (10181): #24     Element.updateChild (package:flutter/src/widgets/framework.dart:4037)
I/flutter (10181): #25     ComponentElement.performRebuild (package:flutter/src/widgets/framework.dart:5841)
I/flutter (10181): #26     Element.rebuild (package:flutter/src/widgets/framework.dart:5529)
I/flutter (10181): #27     StatelessElement.update (package:flutter/src/widgets/framework.dart:5895)
I/flutter (10181): #28     Element.updateChild (package:flutter/src/widgets/framework.dart:4037)
I/flutter (10181): #29     ComponentElement.performRebuild (package:flutter/src/widgets/framework.dart:5841)
I/flutter (10181): #30     Element.rebuild (package:flutter/src/widgets/framework.dart:5529)
I/flutter (10181): #31     StatelessElement.update (package:flutter/src/widgets/framework.dart:5895)
I/flutter (10181): #32     Element.updateChild (package:flutter/src/widgets/framework.dart:4037)
I/flutter (10181): #33     ComponentElement.performRebuild (package:flutter/src/widgets/framework.dart:5841)
I/flutter (10181): #34     Element.rebuild (package:flutter/src/widgets/framework.dart:5529)
I/flutter (10181): #35     ProxyElement.update (package:flutter/src/widgets/framework.dart:6149)
I/flutter (10181): #36     Element.updateChild (package:flutter/src/widgets/framework.dart:4037)
I/flutter (10181): #37     ComponentElement.performRebuild (package:flutter/src/widgets/framework.dart:5841)
I/flutter (10181): #38     Element.rebuild (package:flutter/src/widgets/framework.dart:5529)
I/flutter (10181): #39     ProxyElement.update (package:flutter/src/widgets/framework.dart:6149)
I/flutter (10181): #40     Element.updateChild (package:flutter/src/widgets/framework.dart:4037)
I/flutter (10181): #41     Element.updateChildren (package:flutter/src/widgets/framework.dart:4191)
I/flutter (10181): #42     MultiChildRenderObjectElement.update (package:flutter/src/widgets/framework.dart:7295)
I/flutter (10181): #43     Element.updateChild (package:flutter/src/widgets/framework.dart:4037)
I/flutter (10181): #44     ComponentElement.performRebuild (package:flutter/src/widgets/framework.dart:5841)
I/flutter (10181): #45     Element.rebuild (package:flutter/src/widgets/framework.dart:5529)
I/flutter (10181): #46     ProxyElement.update (package:flutter/src/widgets/framework.dart:6149)
I/flutter (10181): #47     Element.updateChild (package:flutter/src/widgets/framework.dart:4037)
I/flutter (10181): #48     ComponentElement.performRebuild (package:flutter/src/widgets/framework.dart:5841)
I/flutter (10181): #49     StatefulElement.performRebuild (package:flutter/src/widgets/framework.dart:5982)
I/flutter (10181): #50     Element.rebuild (package:flutter/src/widgets/framework.dart:5529)
I/flutter (10181): #51     StatefulElement.update (package:flutter/src/widgets/framework.dart:6007)
I/flutter (10181): #52     Element.updateChild (package:flutter/src/widgets/framework.dart:4037)
I/flutter (10181): #53     ComponentElement.performRebuild (package:flutter/src/widgets/framework.dart:5841)
I/flutter (10181): #54     Element.rebuild (package:flutter/src/widgets/framework.dart:5529)
I/flutter (10181): #55     StatelessElement.update (package:flutter/src/widgets/framework.dart:5895)
I/flutter (10181): #56     Element.updateChild (package:flutter/src/widgets/framework.dart:4037)
I/flutter (10181): #57     ComponentElement.performRebuild (package:flutter/src/widgets/framework.dart:5841)
I/flutter (10181): #58     Element.rebuild (package:flutter/src/widgets/framework.dart:5529)
I/flutter (10181): #59     ProxyElement.update (package:flutter/src/widgets/framework.dart:6149)
I/flutter (10181): #60     Element.updateChild (package:flutter/src/widgets/framework.dart:4037)
I/flutter (10181): #61     ComponentElement.performRebuild (package:flutter/src/widgets/framework.dart:5841)
I/flutter (10181): #62     StatefulElement.performRebuild (package:flutter/src/widgets/framework.dart:5982)
I/flutter (10181): #63     Element.rebuild (package:flutter/src/widgets/framework.dart:5529)
I/flutter (10181): #64     StatefulElement.update (package:flutter/src/widgets/framework.dart:6007)
I/flutter (10181): #65     Element.updateChild (package:flutter/src/widgets/framework.dart:4037)
I/flutter (10181): #66     SingleChildRenderObjectElement.update (package:flutter/src/widgets/framework.dart:7122)
I/flutter (10181): #67     Element.updateChild (package:flutter/src/widgets/framework.dart:4037)
I/flutter (10181): #68     ComponentElement.performRebuild (package:flutter/src/widgets/framework.dart:5841)
I/flutter (10181): #69     Element.rebuild (package:flutter/src/widgets/framework.dart:5529)
I/flutter (10181): #70     ProxyElement.update (package:flutter/src/widgets/framework.dart:6149)
I/flutter (10181): #71     Element.updateChild (package:flutter/src/widgets/framework.dart:4037)
I/flutter (10181): #72     SingleChildRenderObjectElement.update (package:flutter/src/widgets/framework.dart:7122)
I/flutter (10181): #73     Element.updateChild (package:flutter/src/widgets/framework.dart:4037)
I/flutter (10181): #74     ComponentElement.performRebuild (package:flutter/src/widgets/framework.dart:5841)
I/flutter (10181): #75     StatefulElement.performRebuild (package:flutter/src/widgets/framework.dart:5982)
I/flutter (10181): #76     Element.rebuild (package:flutter/src/widgets/framework.dart:5529)
I/flutter (10181): #77     StatefulElement.update (package:flutter/src/widgets/framework.dart:6007)
I/flutter (10181): #78     Element.updateChild (package:flutter/src/widgets/framework.dart:4037)
I/flutter (10181): #79     ComponentElement.performRebuild (package:flutter/src/widgets/framework.dart:5841)
I/flutter (10181): #80     StatefulElement.performRebuild (package:flutter/src/widgets/framework.dart:5982)
I/flutter (10181): #81     Element.rebuild (package:flutter/src/widgets/framework.dart:5529)
I/flutter (10181): #82     StatefulElement.update (package:flutter/src/widgets/framework.dart:6007)
I/flutter (10181): #83     Element.updateChild (package:flutter/src/widgets/framework.dart:4037)
I/flutter (10181): #84     ComponentElement.performRebuild (package:flutter/src/widgets/framework.dart:5841)
I/flutter (10181): #85     Element.rebuild (package:flutter/src/widgets/framework.dart:5529)
I/flutter (10181): #86     ProxyElement.update (package:flutter/src/widgets/framework.dart:6149)
I/flutter (10181): #87     Element.updateChild (package:flutter/src/widgets/framework.dart:4037)
I/flutter (10181): #88     ComponentElement.performRebuild (package:flutter/src/widgets/framework.dart:5841)
I/flutter (10181): #89     Element.rebuild (package:flutter/src/widgets/framework.dart:5529)
I/flutter (10181): #90     ProxyElement.update (package:flutter/src/widgets/framework.dart:6149)
I/flutter (10181): #91     Element.updateChild (package:flutter/src/widgets/framework.dart:4037)
I/flutter (10181): #92     ComponentElement.performRebuild (package:flutter/src/widgets/framework.dart:5841)
I/flutter (10181): #93     Element.rebuild (package:flutter/src/widgets/framework.dart:5529)
I/flutter (10181): #94     ProxyElement.update (package:flutter/src/widgets/framework.dart:6149)
I/flutter (10181): #95     Element.updateChild (package:flutter/src/widgets/framework.dart:4037)
I/flutter (10181): #96     ComponentElement.performRebuild (package:flutter/src/widgets/framework.dart:5841)
I/flutter (10181): #97     StatefulElement.performRebuild (package:flutter/src/widgets/framework.dart:5982)
I/flutter (10181): #98     Element.rebuild (package:flutter/src/widgets/framework.dart:5529)
I/flutter (10181): #99     StatefulElement.update (package:flutter/src/widgets/framework.dart:6007)
[spm]: ProfilerData event received.
I/flutter (10181): [SPM:perf] 698a51a  buildSpan: 9012µs
I/flutter (10181): [spm] Performance monitoring completed for 698a51a
I/flutter (10181): type '_Stub' is not a subtype of type 'EdgeInsetsGeometry?'
I/flutter (10181): #0      TextBox.build (package:benchmark_container/generated_widget.dart:184)
I/flutter (10181): #1      StatelessElement.build (package:flutter/src/widgets/framework.dart:5889)
I/flutter (10181): #2      ComponentElement.performRebuild (package:flutter/src/widgets/framework.dart:5817)
I/flutter (10181): #3      Element.rebuild (package:flutter/src/widgets/framework.dart:5529)
I/flutter (10181): #4      StatelessElement.update (package:flutter/src/widgets/framework.dart:5895)
I/flutter (10181): #5      Element.updateChild (package:flutter/src/widgets/framework.dart:4037)
I/flutter (10181): #6      Element.updateChildren (package:flutter/src/widgets/framework.dart:4191)
I/flutter (10181): #7      MultiChildRenderObjectElement.update (package:flutter/src/widgets/framework.dart:7295)
I/flutter (10181): #8      Element.updateChild (package:flutter/src/widgets/framework.dart:4037)
I/flutter (10181): #9      SingleChildRenderObjectElement.update (package:flutter/src/widgets/framework.dart:7122)
I/flutter (10181): #10     Element.updateChild (package:flutter/src/widgets/framework.dart:4037)
I/flutter (10181): #11     ComponentElement.performRebuild (package:flutter/src/widgets/framework.dart:5841)
I/flutter (10181): #12     Element.rebuild (package:flutter/src/widgets/framework.dart:5529)
I/flutter (10181): #13     StatelessElement.update (package:flutter/src/widgets/framework.dart:5895)
I/flutter (10181): #14     Element.updateChild (package:flutter/src/widgets/framework.dart:4037)
I/flutter (10181): #15     ComponentElement.performRebuild (package:flutter/src/widgets/framework.dart:5841)
I/flutter (10181): #16     Element.rebuild (package:flutter/src/widgets/framework.dart:5529)
I/flutter (10181): #17     ProxyElement.update (package:flutter/src/widgets/framework.dart:6149)
I/flutter (10181): #18     Element.updateChild (package:flutter/src/widgets/framework.dart:4037)
I/flutter (10181): #19     SingleChildRenderObjectElement.update (package:flutter/src/widgets/framework.dart:7122)
I/flutter (10181): #20     Element.updateChild (package:flutter/src/widgets/framework.dart:4037)
I/flutter (10181): #21     ComponentElement.performRebuild (package:flutter/src/widgets/framework.dart:5841)
I/flutter (10181): #22     Element.rebuild (package:flutter/src/widgets/framework.dart:5529)
I/flutter (10181): #23     StatelessElement.update (package:flutter/src/widgets/framework.dart:5895)
I/flutter (10181): #24     Element.updateChild (package:flutter/src/widgets/framework.dart:4037)
I/flutter (10181): #25     ComponentElement.performRebuild (package:flutter/src/widgets/framework.dart:5841)
I/flutter (10181): #26     Element.rebuild (package:flutter/src/widgets/framework.dart:5529)
I/flutter (10181): #27     StatelessElement.update (package:flutter/src/widgets/framework.dart:5895)
I/flutter (10181): #28     Element.updateChild (package:flutter/src/widgets/framework.dart:4037)
I/flutter (10181): #29     ComponentElement.performRebuild (package:flutter/src/widgets/framework.dart:5841)
I/flutter (10181): #30     Element.rebuild (package:flutter/src/widgets/framework.dart:5529)
I/flutter (10181): #31     StatelessElement.update (package:flutter/src/widgets/framework.dart:5895)
I/flutter (10181): #32     Element.updateChild (package:flutter/src/widgets/framework.dart:4037)
I/flutter (10181): #33     ComponentElement.performRebuild (package:flutter/src/widgets/framework.dart:5841)
I/flutter (10181): #34     Element.rebuild (package:flutter/src/widgets/framework.dart:5529)
I/flutter (10181): #35     ProxyElement.update (package:flutter/src/widgets/framework.dart:6149)
I/flutter (10181): #36     Element.updateChild (package:flutter/src/widgets/framework.dart:4037)
I/flutter (10181): #37     ComponentElement.performRebuild (package:flutter/src/widgets/framework.dart:5841)
I/flutter (10181): #38     Element.rebuild (package:flutter/src/widgets/framework.dart:5529)
I/flutter (10181): #39     ProxyElement.update (package:flutter/src/widgets/framework.dart:6149)
I/flutter (10181): #40     Element.updateChild (package:flutter/src/widgets/framework.dart:4037)
I/flutter (10181): #41     Element.updateChildren (package:flutter/src/widgets/framework.dart:4191)
I/flutter (10181): #42     MultiChildRenderObjectElement.update (package:flutter/src/widgets/framework.dart:7295)
I/flutter (10181): #43     Element.updateChild (package:flutter/src/widgets/framework.dart:4037)
I/flutter (10181): #44     ComponentElement.performRebuild (package:flutter/src/widgets/framework.dart:5841)
I/flutter (10181): #45     Element.rebuild (package:flutter/src/widgets/framework.dart:5529)
I/flutter (10181): #46     ProxyElement.update (package:flutter/src/widgets/framework.dart:6149)
I/flutter (10181): #47     Element.updateChild (package:flutter/src/widgets/framework.dart:4037)
I/flutter (10181): #48     ComponentElement.performRebuild (package:flutter/src/widgets/framework.dart:5841)
I/flutter (10181): #49     StatefulElement.performRebuild (package:flutter/src/widgets/framework.dart:5982)
I/flutter (10181): #50     Element.rebuild (package:flutter/src/widgets/framework.dart:5529)
I/flutter (10181): #51     StatefulElement.update (package:flutter/src/widgets/framework.dart:6007)
I/flutter (10181): #52     Element.updateChild (package:flutter/src/widgets/framework.dart:4037)
I/flutter (10181): #53     ComponentElement.performRebuild (package:flutter/src/widgets/framework.dart:5841)
I/flutter (10181): #54     Element.rebuild (package:flutter/src/widgets/framework.dart:5529)
I/flutter (10181): #55     StatelessElement.update (package:flutter/src/widgets/framework.dart:5895)
I/flutter (10181): #56     Element.updateChild (package:flutter/src/widgets/framework.dart:4037)
I/flutter (10181): #57     ComponentElement.performRebuild (package:flutter/src/widgets/framework.dart:5841)
I/flutter (10181): #58     Element.rebuild (package:flutter/src/widgets/framework.dart:5529)
I/flutter (10181): #59     ProxyElement.update (package:flutter/src/widgets/framework.dart:6149)
I/flutter (10181): #60     Element.updateChild (package:flutter/src/widgets/framework.dart:4037)
I/flutter (10181): #61     ComponentElement.performRebuild (package:flutter/src/widgets/framework.dart:5841)
I/flutter (10181): #62     StatefulElement.performRebuild (package:flutter/src/widgets/framework.dart:5982)
I/flutter (10181): #63     Element.rebuild (package:flutter/src/widgets/framework.dart:5529)
I/flutter (10181): #64     StatefulElement.update (package:flutter/src/widgets/framework.dart:6007)
I/flutter (10181): #65     Element.updateChild (package:flutter/src/widgets/framework.dart:4037)
I/flutter (10181): #66     SingleChildRenderObjectElement.update (package:flutter/src/widgets/framework.dart:7122)
I/flutter (10181): #67     Element.updateChild (package:flutter/src/widgets/framework.dart:4037)
I/flutter (10181): #68     ComponentElement.performRebuild (package:flutter/src/widgets/framework.dart:5841)
I/flutter (10181): #69     Element.rebuild (package:flutter/src/widgets/framework.dart:5529)
I/flutter (10181): #70     ProxyElement.update (package:flutter/src/widgets/framework.dart:6149)
I/flutter (10181): #71     Element.updateChild (package:flutter/src/widgets/framework.dart:4037)
I/flutter (10181): #72     SingleChildRenderObjectElement.update (package:flutter/src/widgets/framework.dart:7122)
I/flutter (10181): #73     Element.updateChild (package:flutter/src/widgets/framework.dart:4037)
I/flutter (10181): #74     ComponentElement.performRebuild (package:flutter/src/widgets/framework.dart:5841)
I/flutter (10181): #75     StatefulElement.performRebuild (package:flutter/src/widgets/framework.dart:5982)
I/flutter (10181): #76     Element.rebuild (package:flutter/src/widgets/framework.dart:5529)
I/flutter (10181): #77     StatefulElement.update (package:flutter/src/widgets/framework.dart:6007)
I/flutter (10181): #78     Element.updateChild (package:flutter/src/widgets/framework.dart:4037)
I/flutter (10181): #79     ComponentElement.performRebuild (package:flutter/src/widgets/framework.dart:5841)
I/flutter (10181): #80     StatefulElement.performRebuild (package:flutter/src/widgets/framework.dart:5982)
I/flutter (10181): #81     Element.rebuild (package:flutter/src/widgets/framework.dart:5529)
I/flutter (10181): #82     StatefulElement.update (package:flutter/src/widgets/framework.dart:6007)
I/flutter (10181): #83     Element.updateChild (package:flutter/src/widgets/framework.dart:4037)
I/flutter (10181): #84     ComponentElement.performRebuild (package:flutter/src/widgets/framework.dart:5841)
I/flutter (10181): #85     Element.rebuild (package:flutter/src/widgets/framework.dart:5529)
I/flutter (10181): #86     ProxyElement.update (package:flutter/src/widgets/framework.dart:6149)
I/flutter (10181): #87     Element.updateChild (package:flutter/src/widgets/framework.dart:4037)
I/flutter (10181): #88     ComponentElement.performRebuild (package:flutter/src/widgets/framework.dart:5841)
I/flutter (10181): #89     Element.rebuild (package:flutter/src/widgets/framework.dart:5529)
I/flutter (10181): #90     ProxyElement.update (package:flutter/src/widgets/framework.dart:6149)
I/flutter (10181): #91     Element.updateChild (package:flutter/src/widgets/framework.dart:4037)
I/flutter (10181): #92     ComponentElement.performRebuild (package:flutter/src/widgets/framework.dart:5841)
I/flutter (10181): #93     Element.rebuild (package:flutter/src/widgets/framework.dart:5529)
I/flutter (10181): #94     ProxyElement.update (package:flutter/src/widgets/framework.dart:6149)
I/flutter (10181): #95     Element.updateChild (package:flutter/src/widgets/framework.dart:4037)
I/flutter (10181): #96     ComponentElement.performRebuild (package:flutter/src/widgets/framework.dart:5841)
I/flutter (10181): #97     StatefulElement.performRebuild (package:flutter/src/widgets/framework.dart:5982)
I/flutter (10181): #98     Element.rebuild (package:flutter/src/widgets/framework.dart:5529)
I/flutter (10181): #99     StatefulElement.update (package:flutter/src/widgets/framework.dart:6007)
[spm]: ProfilerData event received.
I/flutter (10181): [SPM:perf] 698a51a  buildSpan: 9446µs
I/flutter (10181): [spm] Performance monitoring completed for 698a51a
I/flutter (10181): type '_Stub' is not a subtype of type 'EdgeInsetsGeometry?'
I/flutter (10181): #0      TextBox.build (package:benchmark_container/generated_widget.dart:184)
I/flutter (10181): #1      StatelessElement.build (package:flutter/src/widgets/framework.dart:5889)
I/flutter (10181): #2      ComponentElement.performRebuild (package:flutter/src/widgets/framework.dart:5817)
I/flutter (10181): #3      Element.rebuild (package:flutter/src/widgets/framework.dart:5529)
I/flutter (10181): #4      StatelessElement.update (package:flutter/src/widgets/framework.dart:5895)
I/flutter (10181): #5      Element.updateChild (package:flutter/src/widgets/framework.dart:4037)
I/flutter (10181): #6      Element.updateChildren (package:flutter/src/widgets/framework.dart:4191)
I/flutter (10181): #7      MultiChildRenderObjectElement.update (package:flutter/src/widgets/framework.dart:7295)
I/flutter (10181): #8      Element.updateChild (package:flutter/src/widgets/framework.dart:4037)
I/flutter (10181): #9      SingleChildRenderObjectElement.update (package:flutter/src/widgets/framework.dart:7122)
I/flutter (10181): #10     Element.updateChild (package:flutter/src/widgets/framework.dart:4037)
I/flutter (10181): #11     ComponentElement.performRebuild (package:flutter/src/widgets/framework.dart:5841)
I/flutter (10181): #12     Element.rebuild (package:flutter/src/widgets/framework.dart:5529)
I/flutter (10181): #13     StatelessElement.update (package:flutter/src/widgets/framework.dart:5895)
I/flutter (10181): #14     Element.updateChild (package:flutter/src/widgets/framework.dart:4037)
I/flutter (10181): #15     ComponentElement.performRebuild (package:flutter/src/widgets/framework.dart:5841)
I/flutter (10181): #16     Element.rebuild (package:flutter/src/widgets/framework.dart:5529)
I/flutter (10181): #17     ProxyElement.update (package:flutter/src/widgets/framework.dart:6149)
I/flutter (10181): #18     Element.updateChild (package:flutter/src/widgets/framework.dart:4037)
I/flutter (10181): #19     SingleChildRenderObjectElement.update (package:flutter/src/widgets/framework.dart:7122)
I/flutter (10181): #20     Element.updateChild (package:flutter/src/widgets/framework.dart:4037)
I/flutter (10181): #21     ComponentElement.performRebuild (package:flutter/src/widgets/framework.dart:5841)
I/flutter (10181): #22     Element.rebuild (package:flutter/src/widgets/framework.dart:5529)
I/flutter (10181): #23     StatelessElement.update (package:flutter/src/widgets/framework.dart:5895)
I/flutter (10181): #24     Element.updateChild (package:flutter/src/widgets/framework.dart:4037)
I/flutter (10181): #25     ComponentElement.performRebuild (package:flutter/src/widgets/framework.dart:5841)
I/flutter (10181): #26     Element.rebuild (package:flutter/src/widgets/framework.dart:5529)
I/flutter (10181): #27     StatelessElement.update (package:flutter/src/widgets/framework.dart:5895)
I/flutter (10181): #28     Element.updateChild (package:flutter/src/widgets/framework.dart:4037)
I/flutter (10181): #29     ComponentElement.performRebuild (package:flutter/src/widgets/framework.dart:5841)
I/flutter (10181): #30     Element.rebuild (package:flutter/src/widgets/framework.dart:5529)
I/flutter (10181): #31     StatelessElement.update (package:flutter/src/widgets/framework.dart:5895)
I/flutter (10181): #32     Element.updateChild (package:flutter/src/widgets/framework.dart:4037)
I/flutter (10181): #33     ComponentElement.performRebuild (package:flutter/src/widgets/framework.dart:5841)
I/flutter (10181): #34     Element.rebuild (package:flutter/src/widgets/framework.dart:5529)
I/flutter (10181): #35     ProxyElement.update (package:flutter/src/widgets/framework.dart:6149)
I/flutter (10181): #36     Element.updateChild (package:flutter/src/widgets/framework.dart:4037)
I/flutter (10181): #37     ComponentElement.performRebuild (package:flutter/src/widgets/framework.dart:5841)
I/flutter (10181): #38     Element.rebuild (package:flutter/src/widgets/framework.dart:5529)
I/flutter (10181): #39     ProxyElement.update (package:flutter/src/widgets/framework.dart:6149)
I/flutter (10181): #40     Element.updateChild (package:flutter/src/widgets/framework.dart:4037)
I/flutter (10181): #41     Element.updateChildren (package:flutter/src/widgets/framework.dart:4191)
I/flutter (10181): #42     MultiChildRenderObjectElement.update (package:flutter/src/widgets/framework.dart:7295)
I/flutter (10181): #43     Element.updateChild (package:flutter/src/widgets/framework.dart:4037)
I/flutter (10181): #44     ComponentElement.performRebuild (package:flutter/src/widgets/framework.dart:5841)
I/flutter (10181): #45     Element.rebuild (package:flutter/src/widgets/framework.dart:5529)
I/flutter (10181): #46     ProxyElement.update (package:flutter/src/widgets/framework.dart:6149)
I/flutter (10181): #47     Element.updateChild (package:flutter/src/widgets/framework.dart:4037)
I/flutter (10181): #48     ComponentElement.performRebuild (package:flutter/src/widgets/framework.dart:5841)
I/flutter (10181): #49     StatefulElement.performRebuild (package:flutter/src/widgets/framework.dart:5982)
I/flutter (10181): #50     Element.rebuild (package:flutter/src/widgets/framework.dart:5529)
I/flutter (10181): #51     StatefulElement.update (package:flutter/src/widgets/framework.dart:6007)
I/flutter (10181): #52     Element.updateChild (package:flutter/src/widgets/framework.dart:4037)
I/flutter (10181): #53     ComponentElement.performRebuild (package:flutter/src/widgets/framework.dart:5841)
I/flutter (10181): #54     Element.rebuild (package:flutter/src/widgets/framework.dart:5529)
I/flutter (10181): #55     StatelessElement.update (package:flutter/src/widgets/framework.dart:5895)
I/flutter (10181): #56     Element.updateChild (package:flutter/src/widgets/framework.dart:4037)
I/flutter (10181): #57     ComponentElement.performRebuild (package:flutter/src/widgets/framework.dart:5841)
I/flutter (10181): #58     Element.rebuild (package:flutter/src/widgets/framework.dart:5529)
I/flutter (10181): #59     ProxyElement.update (package:flutter/src/widgets/framework.dart:6149)
I/flutter (10181): #60     Element.updateChild (package:flutter/src/widgets/framework.dart:4037)
I/flutter (10181): #61     ComponentElement.performRebuild (package:flutter/src/widgets/framework.dart:5841)
I/flutter (10181): #62     StatefulElement.performRebuild (package:flutter/src/widgets/framework.dart:5982)
I/flutter (10181): #63     Element.rebuild (package:flutter/src/widgets/framework.dart:5529)
I/flutter (10181): #64     StatefulElement.update (package:flutter/src/widgets/framework.dart:6007)
I/flutter (10181): #65     Element.updateChild (package:flutter/src/widgets/framework.dart:4037)
I/flutter (10181): #66     SingleChildRenderObjectElement.update (package:flutter/src/widgets/framework.dart:7122)
I/flutter (10181): #67     Element.updateChild (package:flutter/src/widgets/framework.dart:4037)
I/flutter (10181): #68     ComponentElement.performRebuild (package:flutter/src/widgets/framework.dart:5841)
I/flutter (10181): #69     Element.rebuild (package:flutter/src/widgets/framework.dart:5529)
I/flutter (10181): #70     ProxyElement.update (package:flutter/src/widgets/framework.dart:6149)
I/flutter (10181): #71     Element.updateChild (package:flutter/src/widgets/framework.dart:4037)
I/flutter (10181): #72     SingleChildRenderObjectElement.update (package:flutter/src/widgets/framework.dart:7122)
I/flutter (10181): #73     Element.updateChild (package:flutter/src/widgets/framework.dart:4037)
I/flutter (10181): #74     ComponentElement.performRebuild (package:flutter/src/widgets/framework.dart:5841)
I/flutter (10181): #75     StatefulElement.performRebuild (package:flutter/src/widgets/framework.dart:5982)
I/flutter (10181): #76     Element.rebuild (package:flutter/src/widgets/framework.dart:5529)
I/flutter (10181): #77     StatefulElement.update (package:flutter/src/widgets/framework.dart:6007)
I/flutter (10181): #78     Element.updateChild (package:flutter/src/widgets/framework.dart:4037)
I/flutter (10181): #79     ComponentElement.performRebuild (package:flutter/src/widgets/framework.dart:5841)
I/flutter (10181): #80     StatefulElement.performRebuild (package:flutter/src/widgets/framework.dart:5982)
I/flutter (10181): #81     Element.rebuild (package:flutter/src/widgets/framework.dart:5529)
I/flutter (10181): #82     StatefulElement.update (package:flutter/src/widgets/framework.dart:6007)
I/flutter (10181): #83     Element.updateChild (package:flutter/src/widgets/framework.dart:4037)
I/flutter (10181): #84     ComponentElement.performRebuild (package:flutter/src/widgets/framework.dart:5841)
I/flutter (10181): #85     Element.rebuild (package:flutter/src/widgets/framework.dart:5529)
I/flutter (10181): #86     ProxyElement.update (package:flutter/src/widgets/framework.dart:6149)
I/flutter (10181): #87     Element.updateChild (package:flutter/src/widgets/framework.dart:4037)
I/flutter (10181): #88     ComponentElement.performRebuild (package:flutter/src/widgets/framework.dart:5841)
I/flutter (10181): #89     Element.rebuild (package:flutter/src/widgets/framework.dart:5529)
I/flutter (10181): #90     ProxyElement.update (package:flutter/src/widgets/framework.dart:6149)
I/flutter (10181): #91     Element.updateChild (package:flutter/src/widgets/framework.dart:4037)
I/flutter (10181): #92     ComponentElement.performRebuild (package:flutter/src/widgets/framework.dart:5841)
I/flutter (10181): #93     Element.rebuild (package:flutter/src/widgets/framework.dart:5529)
I/flutter (10181): #94     ProxyElement.update (package:flutter/src/widgets/framework.dart:6149)
I/flutter (10181): #95     Element.updateChild (package:flutter/src/widgets/framework.dart:4037)
I/flutter (10181): #96     ComponentElement.performRebuild (package:flutter/src/widgets/framework.dart:5841)
I/flutter (10181): #97     StatefulElement.performRebuild (package:flutter/src/widgets/framework.dart:5982)
I/flutter (10181): #98     Element.rebuild (package:flutter/src/widgets/framework.dart:5529)
I/flutter (10181): #99     StatefulElement.update (package:flutter/src/widgets/framework.dart:6007)
[spm]: ProfilerData event received.
I/flutter (10181): [SPM:perf] 698a51a  buildSpan: 10429µs
I/flutter (10181): [spm] Performance monitoring completed for 698a51a
I/flutter (10181): type '_Stub' is not a subtype of type 'EdgeInsetsGeometry?'
I/flutter (10181): #0      TextBox.build (package:benchmark_container/generated_widget.dart:184)
I/flutter (10181): #1      StatelessElement.build (package:flutter/src/widgets/framework.dart:5889)
I/flutter (10181): #2      ComponentElement.performRebuild (package:flutter/src/widgets/framework.dart:5817)
I/flutter (10181): #3      Element.rebuild (package:flutter/src/widgets/framework.dart:5529)
I/flutter (10181): #4      StatelessElement.update (package:flutter/src/widgets/framework.dart:5895)
I/flutter (10181): #5      Element.updateChild (package:flutter/src/widgets/framework.dart:4037)
I/flutter (10181): #6      Element.updateChildren (package:flutter/src/widgets/framework.dart:4191)
I/flutter (10181): #7      MultiChildRenderObjectElement.update (package:flutter/src/widgets/framework.dart:7295)
I/flutter (10181): #8      Element.updateChild (package:flutter/src/widgets/framework.dart:4037)
I/flutter (10181): #9      SingleChildRenderObjectElement.update (package:flutter/src/widgets/framework.dart:7122)
I/flutter (10181): #10     Element.updateChild (package:flutter/src/widgets/framework.dart:4037)
I/flutter (10181): #11     ComponentElement.performRebuild (package:flutter/src/widgets/framework.dart:5841)
I/flutter (10181): #12     Element.rebuild (package:flutter/src/widgets/framework.dart:5529)
I/flutter (10181): #13     StatelessElement.update (package:flutter/src/widgets/framework.dart:5895)
I/flutter (10181): #14     Element.updateChild (package:flutter/src/widgets/framework.dart:4037)
I/flutter (10181): #15     ComponentElement.performRebuild (package:flutter/src/widgets/framework.dart:5841)
I/flutter (10181): #16     Element.rebuild (package:flutter/src/widgets/framework.dart:5529)
I/flutter (10181): #17     ProxyElement.update (package:flutter/src/widgets/framework.dart:6149)
I/flutter (10181): #18     Element.updateChild (package:flutter/src/widgets/framework.dart:4037)
I/flutter (10181): #19     SingleChildRenderObjectElement.update (package:flutter/src/widgets/framework.dart:7122)
I/flutter (10181): #20     Element.updateChild (package:flutter/src/widgets/framework.dart:4037)
I/flutter (10181): #21     ComponentElement.performRebuild (package:flutter/src/widgets/framework.dart:5841)
I/flutter (10181): #22     Element.rebuild (package:flutter/src/widgets/framework.dart:5529)
I/flutter (10181): #23     StatelessElement.update (package:flutter/src/widgets/framework.dart:5895)
I/flutter (10181): #24     Element.updateChild (package:flutter/src/widgets/framework.dart:4037)
I/flutter (10181): #25     ComponentElement.performRebuild (package:flutter/src/widgets/framework.dart:5841)
I/flutter (10181): #26     Element.rebuild (package:flutter/src/widgets/framework.dart:5529)
I/flutter (10181): #27     StatelessElement.update (package:flutter/src/widgets/framework.dart:5895)
I/flutter (10181): #28     Element.updateChild (package:flutter/src/widgets/framework.dart:4037)
I/flutter (10181): #29     ComponentElement.performRebuild (package:flutter/src/widgets/framework.dart:5841)
I/flutter (10181): #30     Element.rebuild (package:flutter/src/widgets/framework.dart:5529)
I/flutter (10181): #31     StatelessElement.update (package:flutter/src/widgets/framework.dart:5895)
I/flutter (10181): #32     Element.updateChild (package:flutter/src/widgets/framework.dart:4037)
I/flutter (10181): #33     ComponentElement.performRebuild (package:flutter/src/widgets/framework.dart:5841)
I/flutter (10181): #34     Element.rebuild (package:flutter/src/widgets/framework.dart:5529)
I/flutter (10181): #35     ProxyElement.update (package:flutter/src/widgets/framework.dart:6149)
I/flutter (10181): #36     Element.updateChild (package:flutter/src/widgets/framework.dart:4037)
I/flutter (10181): #37     ComponentElement.performRebuild (package:flutter/src/widgets/framework.dart:5841)
I/flutter (10181): #38     Element.rebuild (package:flutter/src/widgets/framework.dart:5529)
I/flutter (10181): #39     ProxyElement.update (package:flutter/src/widgets/framework.dart:6149)
I/flutter (10181): #40     Element.updateChild (package:flutter/src/widgets/framework.dart:4037)
I/flutter (10181): #41     Element.updateChildren (package:flutter/src/widgets/framework.dart:4191)
I/flutter (10181): #42     MultiChildRenderObjectElement.update (package:flutter/src/widgets/framework.dart:7295)
I/flutter (10181): #43     Element.updateChild (package:flutter/src/widgets/framework.dart:4037)
I/flutter (10181): #44     ComponentElement.performRebuild (package:flutter/src/widgets/framework.dart:5841)
I/flutter (10181): #45     Element.rebuild (package:flutter/src/widgets/framework.dart:5529)
I/flutter (10181): #46     ProxyElement.update (package:flutter/src/widgets/framework.dart:6149)
I/flutter (10181): #47     Element.updateChild (package:flutter/src/widgets/framework.dart:4037)
I/flutter (10181): #48     ComponentElement.performRebuild (package:flutter/src/widgets/framework.dart:5841)
I/flutter (10181): #49     StatefulElement.performRebuild (package:flutter/src/widgets/framework.dart:5982)
I/flutter (10181): #50     Element.rebuild (package:flutter/src/widgets/framework.dart:5529)
I/flutter (10181): #51     StatefulElement.update (package:flutter/src/widgets/framework.dart:6007)
I/flutter (10181): #52     Element.updateChild (package:flutter/src/widgets/framework.dart:4037)
I/flutter (10181): #53     ComponentElement.performRebuild (package:flutter/src/widgets/framework.dart:5841)
I/flutter (10181): #54     Element.rebuild (package:flutter/src/widgets/framework.dart:5529)
I/flutter (10181): #55     StatelessElement.update (package:flutter/src/widgets/framework.dart:5895)
I/flutter (10181): #56     Element.updateChild (package:flutter/src/widgets/framework.dart:4037)
I/flutter (10181): #57     ComponentElement.performRebuild (package:flutter/src/widgets/framework.dart:5841)
I/flutter (10181): #58     Element.rebuild (package:flutter/src/widgets/framework.dart:5529)
I/flutter (10181): #59     ProxyElement.update (package:flutter/src/widgets/framework.dart:6149)
I/flutter (10181): #60     Element.updateChild (package:flutter/src/widgets/framework.dart:4037)
I/flutter (10181): #61     ComponentElement.performRebuild (package:flutter/src/widgets/framework.dart:5841)
I/flutter (10181): #62     StatefulElement.performRebuild (package:flutter/src/widgets/framework.dart:5982)
I/flutter (10181): #63     Element.rebuild (package:flutter/src/widgets/framework.dart:5529)
I/flutter (10181): #64     StatefulElement.update (package:flutter/src/widgets/framework.dart:6007)
I/flutter (10181): #65     Element.updateChild (package:flutter/src/widgets/framework.dart:4037)
I/flutter (10181): #66     SingleChildRenderObjectElement.update (package:flutter/src/widgets/framework.dart:7122)
I/flutter (10181): #67     Element.updateChild (package:flutter/src/widgets/framework.dart:4037)
I/flutter (10181): #68     ComponentElement.performRebuild (package:flutter/src/widgets/framework.dart:5841)
I/flutter (10181): #69     Element.rebuild (package:flutter/src/widgets/framework.dart:5529)
I/flutter (10181): #70     ProxyElement.update (package:flutter/src/widgets/framework.dart:6149)
I/flutter (10181): #71     Element.updateChild (package:flutter/src/widgets/framework.dart:4037)
I/flutter (10181): #72     SingleChildRenderObjectElement.update (package:flutter/src/widgets/framework.dart:7122)
I/flutter (10181): #73     Element.updateChild (package:flutter/src/widgets/framework.dart:4037)
I/flutter (10181): #74     ComponentElement.performRebuild (package:flutter/src/widgets/framework.dart:5841)
I/flutter (10181): #75     StatefulElement.performRebuild (package:flutter/src/widgets/framework.dart:5982)
I/flutter (10181): #76     Element.rebuild (package:flutter/src/widgets/framework.dart:5529)
I/flutter (10181): #77     StatefulElement.update (package:flutter/src/widgets/framework.dart:6007)
I/flutter (10181): #78     Element.updateChild (package:flutter/src/widgets/framework.dart:4037)
I/flutter (10181): #79     ComponentElement.performRebuild (package:flutter/src/widgets/framework.dart:5841)
I/flutter (10181): #80     StatefulElement.performRebuild (package:flutter/src/widgets/framework.dart:5982)
I/flutter (10181): #81     Element.rebuild (package:flutter/src/widgets/framework.dart:5529)
I/flutter (10181): #82     StatefulElement.update (package:flutter/src/widgets/framework.dart:6007)
I/flutter (10181): #83     Element.updateChild (package:flutter/src/widgets/framework.dart:4037)
I/flutter (10181): #84     ComponentElement.performRebuild (package:flutter/src/widgets/framework.dart:5841)
I/flutter (10181): #85     Element.rebuild (package:flutter/src/widgets/framework.dart:5529)
I/flutter (10181): #86     ProxyElement.update (package:flutter/src/widgets/framework.dart:6149)
I/flutter (10181): #87     Element.updateChild (package:flutter/src/widgets/framework.dart:4037)
I/flutter (10181): #88     ComponentElement.performRebuild (package:flutter/src/widgets/framework.dart:5841)
I/flutter (10181): #89     Element.rebuild (package:flutter/src/widgets/framework.dart:5529)
I/flutter (10181): #90     ProxyElement.update (package:flutter/src/widgets/framework.dart:6149)
I/flutter (10181): #91     Element.updateChild (package:flutter/src/widgets/framework.dart:4037)
I/flutter (10181): #92     ComponentElement.performRebuild (package:flutter/src/widgets/framework.dart:5841)
I/flutter (10181): #93     Element.rebuild (package:flutter/src/widgets/framework.dart:5529)
I/flutter (10181): #94     ProxyElement.update (package:flutter/src/widgets/framework.dart:6149)
I/flutter (10181): #95     Element.updateChild (package:flutter/src/widgets/framework.dart:4037)
I/flutter (10181): #96     ComponentElement.performRebuild (package:flutter/src/widgets/framework.dart:5841)
I/flutter (10181): #97     StatefulElement.performRebuild (package:flutter/src/widgets/framework.dart:5982)
I/flutter (10181): #98     Element.rebuild (package:flutter/src/widgets/framework.dart:5529)
I/flutter (10181): #99     StatefulElement.update (package:flutter/src/widgets/framework.dart:6007)
[spm]: ProfilerData event received.
I/flutter (10181): [SPM:perf] 698a51a  buildSpan: 10726µs
I/flutter (10181): [spm] Performance monitoring completed for 698a51a
I/flutter (10181): type '_Stub' is not a subtype of type 'EdgeInsetsGeometry?'
I/flutter (10181): #0      TextBox.build (package:benchmark_container/generated_widget.dart:184)
I/flutter (10181): #1      StatelessElement.build (package:flutter/src/widgets/framework.dart:5889)
I/flutter (10181): #2      ComponentElement.performRebuild (package:flutter/src/widgets/framework.dart:5817)
I/flutter (10181): #3      Element.rebuild (package:flutter/src/widgets/framework.dart:5529)
I/flutter (10181): #4      StatelessElement.update (package:flutter/src/widgets/framework.dart:5895)
I/flutter (10181): #5      Element.updateChild (package:flutter/src/widgets/framework.dart:4037)
I/flutter (10181): #6      Element.updateChildren (package:flutter/src/widgets/framework.dart:4191)
I/flutter (10181): #7      MultiChildRenderObjectElement.update (package:flutter/src/widgets/framework.dart:7295)
I/flutter (10181): #8      Element.updateChild (package:flutter/src/widgets/framework.dart:4037)
I/flutter (10181): #9      SingleChildRenderObjectElement.update (package:flutter/src/widgets/framework.dart:7122)
I/flutter (10181): #10     Element.updateChild (package:flutter/src/widgets/framework.dart:4037)
I/flutter (10181): #11     ComponentElement.performRebuild (package:flutter/src/widgets/framework.dart:5841)
I/flutter (10181): #12     Element.rebuild (package:flutter/src/widgets/framework.dart:5529)
I/flutter (10181): #13     StatelessElement.update (package:flutter/src/widgets/framework.dart:5895)
I/flutter (10181): #14     Element.updateChild (package:flutter/src/widgets/framework.dart:4037)
I/flutter (10181): #15     ComponentElement.performRebuild (package:flutter/src/widgets/framework.dart:5841)
I/flutter (10181): #16     Element.rebuild (package:flutter/src/widgets/framework.dart:5529)
I/flutter (10181): #17     ProxyElement.update (package:flutter/src/widgets/framework.dart:6149)
I/flutter (10181): #18     Element.updateChild (package:flutter/src/widgets/framework.dart:4037)
I/flutter (10181): #19     SingleChildRenderObjectElement.update (package:flutter/src/widgets/framework.dart:7122)
I/flutter (10181): #20     Element.updateChild (package:flutter/src/widgets/framework.dart:4037)
I/flutter (10181): #21     ComponentElement.performRebuild (package:flutter/src/widgets/framework.dart:5841)
I/flutter (10181): #22     Element.rebuild (package:flutter/src/widgets/framework.dart:5529)
I/flutter (10181): #23     StatelessElement.update (package:flutter/src/widgets/framework.dart:5895)
I/flutter (10181): #24     Element.updateChild (package:flutter/src/widgets/framework.dart:4037)
I/flutter (10181): #25     ComponentElement.performRebuild (package:flutter/src/widgets/framework.dart:5841)
I/flutter (10181): #26     Element.rebuild (package:flutter/src/widgets/framework.dart:5529)
I/flutter (10181): #27     StatelessElement.update (package:flutter/src/widgets/framework.dart:5895)
I/flutter (10181): #28     Element.updateChild (package:flutter/src/widgets/framework.dart:4037)
I/flutter (10181): #29     ComponentElement.performRebuild (package:flutter/src/widgets/framework.dart:5841)
I/flutter (10181): #30     Element.rebuild (package:flutter/src/widgets/framework.dart:5529)
I/flutter (10181): #31     StatelessElement.update (package:flutter/src/widgets/framework.dart:5895)
I/flutter (10181): #32     Element.updateChild (package:flutter/src/widgets/framework.dart:4037)
I/flutter (10181): #33     ComponentElement.performRebuild (package:flutter/src/widgets/framework.dart:5841)
I/flutter (10181): #34     Element.rebuild (package:flutter/src/widgets/framework.dart:5529)
I/flutter (10181): #35     ProxyElement.update (package:flutter/src/widgets/framework.dart:6149)
I/flutter (10181): #36     Element.updateChild (package:flutter/src/widgets/framework.dart:4037)
I/flutter (10181): #37     ComponentElement.performRebuild (package:flutter/src/widgets/framework.dart:5841)
I/flutter (10181): #38     Element.rebuild (package:flutter/src/widgets/framework.dart:5529)
I/flutter (10181): #39     ProxyElement.update (package:flutter/src/widgets/framework.dart:6149)
I/flutter (10181): #40     Element.updateChild (package:flutter/src/widgets/framework.dart:4037)
I/flutter (10181): #41     Element.updateChildren (package:flutter/src/widgets/framework.dart:4191)
I/flutter (10181): #42     MultiChildRenderObjectElement.update (package:flutter/src/widgets/framework.dart:7295)
I/flutter (10181): #43     Element.updateChild (package:flutter/src/widgets/framework.dart:4037)
I/flutter (10181): #44     ComponentElement.performRebuild (package:flutter/src/widgets/framework.dart:5841)
I/flutter (10181): #45     Element.rebuild (package:flutter/src/widgets/framework.dart:5529)
I/flutter (10181): #46     ProxyElement.update (package:flutter/src/widgets/framework.dart:6149)
I/flutter (10181): #47     Element.updateChild (package:flutter/src/widgets/framework.dart:4037)
I/flutter (10181): #48     ComponentElement.performRebuild (package:flutter/src/widgets/framework.dart:5841)
I/flutter (10181): #49     StatefulElement.performRebuild (package:flutter/src/widgets/framework.dart:5982)
I/flutter (10181): #50     Element.rebuild (package:flutter/src/widgets/framework.dart:5529)
I/flutter (10181): #51     StatefulElement.update (package:flutter/src/widgets/framework.dart:6007)
I/flutter (10181): #52     Element.updateChild (package:flutter/src/widgets/framework.dart:4037)
I/flutter (10181): #53     ComponentElement.performRebuild (package:flutter/src/widgets/framework.dart:5841)
I/flutter (10181): #54     Element.rebuild (package:flutter/src/widgets/framework.dart:5529)
I/flutter (10181): #55     StatelessElement.update (package:flutter/src/widgets/framework.dart:5895)
I/flutter (10181): #56     Element.updateChild (package:flutter/src/widgets/framework.dart:4037)
I/flutter (10181): #57     ComponentElement.performRebuild (package:flutter/src/widgets/framework.dart:5841)
I/flutter (10181): #58     Element.rebuild (package:flutter/src/widgets/framework.dart:5529)
I/flutter (10181): #59     ProxyElement.update (package:flutter/src/widgets/framework.dart:6149)
I/flutter (10181): #60     Element.updateChild (package:flutter/src/widgets/framework.dart:4037)
I/flutter (10181): #61     ComponentElement.performRebuild (package:flutter/src/widgets/framework.dart:5841)
I/flutter (10181): #62     StatefulElement.performRebuild (package:flutter/src/widgets/framework.dart:5982)
I/flutter (10181): #63     Element.rebuild (package:flutter/src/widgets/framework.dart:5529)
I/flutter (10181): #64     StatefulElement.update (package:flutter/src/widgets/framework.dart:6007)
I/flutter (10181): #65     Element.updateChild (package:flutter/src/widgets/framework.dart:4037)
I/flutter (10181): #66     SingleChildRenderObjectElement.update (package:flutter/src/widgets/framework.dart:7122)
I/flutter (10181): #67     Element.updateChild (package:flutter/src/widgets/framework.dart:4037)
I/flutter (10181): #68     ComponentElement.performRebuild (package:flutter/src/widgets/framework.dart:5841)
I/flutter (10181): #69     Element.rebuild (package:flutter/src/widgets/framework.dart:5529)
I/flutter (10181): #70     ProxyElement.update (package:flutter/src/widgets/framework.dart:6149)
I/flutter (10181): #71     Element.updateChild (package:flutter/src/widgets/framework.dart:4037)
I/flutter (10181): #72     SingleChildRenderObjectElement.update (package:flutter/src/widgets/framework.dart:7122)
I/flutter (10181): #73     Element.updateChild (package:flutter/src/widgets/framework.dart:4037)
I/flutter (10181): #74     ComponentElement.performRebuild (package:flutter/src/widgets/framework.dart:5841)
I/flutter (10181): #75     StatefulElement.performRebuild (package:flutter/src/widgets/framework.dart:5982)
I/flutter (10181): #76     Element.rebuild (package:flutter/src/widgets/framework.dart:5529)
I/flutter (10181): #77     StatefulElement.update (package:flutter/src/widgets/framework.dart:6007)
I/flutter (10181): #78     Element.updateChild (package:flutter/src/widgets/framework.dart:4037)
I/flutter (10181): #79     ComponentElement.performRebuild (package:flutter/src/widgets/framework.dart:5841)
I/flutter (10181): #80     StatefulElement.performRebuild (package:flutter/src/widgets/framework.dart:5982)
I/flutter (10181): #81     Element.rebuild (package:flutter/src/widgets/framework.dart:5529)
I/flutter (10181): #82     StatefulElement.update (package:flutter/src/widgets/framework.dart:6007)
I/flutter (10181): #83     Element.updateChild (package:flutter/src/widgets/framework.dart:4037)
I/flutter (10181): #84     ComponentElement.performRebuild (package:flutter/src/widgets/framework.dart:5841)
I/flutter (10181): #85     Element.rebuild (package:flutter/src/widgets/framework.dart:5529)
I/flutter (10181): #86     ProxyElement.update (package:flutter/src/widgets/framework.dart:6149)
I/flutter (10181): #87     Element.updateChild (package:flutter/src/widgets/framework.dart:4037)
I/flutter (10181): #88     ComponentElement.performRebuild (package:flutter/src/widgets/framework.dart:5841)
I/flutter (10181): #89     Element.rebuild (package:flutter/src/widgets/framework.dart:5529)
I/flutter (10181): #90     ProxyElement.update (package:flutter/src/widgets/framework.dart:6149)
I/flutter (10181): #91     Element.updateChild (package:flutter/src/widgets/framework.dart:4037)
I/flutter (10181): #92     ComponentElement.performRebuild (package:flutter/src/widgets/framework.dart:5841)
I/flutter (10181): #93     Element.rebuild (package:flutter/src/widgets/framework.dart:5529)
I/flutter (10181): #94     ProxyElement.update (package:flutter/src/widgets/framework.dart:6149)
I/flutter (10181): #95     Element.updateChild (package:flutter/src/widgets/framework.dart:4037)
I/flutter (10181): #96     ComponentElement.performRebuild (package:flutter/src/widgets/framework.dart:5841)
I/flutter (10181): #97     StatefulElement.performRebuild (package:flutter/src/widgets/framework.dart:5982)
I/flutter (10181): #98     Element.rebuild (package:flutter/src/widgets/framework.dart:5529)
I/flutter (10181): #99     StatefulElement.update (package:flutter/src/widgets/framework.dart:6007)
I/flutter (10181): [SPM:perf] 698a51a  buildSpan: 9604µs
I/flutter (10181): [spm] Performance monitoring completed for 698a51a
[spm]: ProfilerData event received.
I/flutter (10181): type '_Stub' is not a subtype of type 'EdgeInsetsGeometry?'
I/flutter (10181): #0      TextBox.build (package:benchmark_container/generated_widget.dart:184)
I/flutter (10181): #1      StatelessElement.build (package:flutter/src/widgets/framework.dart:5889)
I/flutter (10181): #2      ComponentElement.performRebuild (package:flutter/src/widgets/framework.dart:5817)
I/flutter (10181): #3      Element.rebuild (package:flutter/src/widgets/framework.dart:5529)
I/flutter (10181): #4      StatelessElement.update (package:flutter/src/widgets/framework.dart:5895)
I/flutter (10181): #5      Element.updateChild (package:flutter/src/widgets/framework.dart:4037)
I/flutter (10181): #6      Element.updateChildren (package:flutter/src/widgets/framework.dart:4191)
I/flutter (10181): #7      MultiChildRenderObjectElement.update (package:flutter/src/widgets/framework.dart:7295)
I/flutter (10181): #8      Element.updateChild (package:flutter/src/widgets/framework.dart:4037)
I/flutter (10181): #9      SingleChildRenderObjectElement.update (package:flutter/src/widgets/framework.dart:7122)
I/flutter (10181): #10     Element.updateChild (package:flutter/src/widgets/framework.dart:4037)
I/flutter (10181): #11     ComponentElement.performRebuild (package:flutter/src/widgets/framework.dart:5841)
I/flutter (10181): #12     Element.rebuild (package:flutter/src/widgets/framework.dart:5529)
I/flutter (10181): #13     StatelessElement.update (package:flutter/src/widgets/framework.dart:5895)
I/flutter (10181): #14     Element.updateChild (package:flutter/src/widgets/framework.dart:4037)
I/flutter (10181): #15     ComponentElement.performRebuild (package:flutter/src/widgets/framework.dart:5841)
I/flutter (10181): #16     Element.rebuild (package:flutter/src/widgets/framework.dart:5529)
I/flutter (10181): #17     ProxyElement.update (package:flutter/src/widgets/framework.dart:6149)
I/flutter (10181): #18     Element.updateChild (package:flutter/src/widgets/framework.dart:4037)
I/flutter (10181): #19     SingleChildRenderObjectElement.update (package:flutter/src/widgets/framework.dart:7122)
I/flutter (10181): #20     Element.updateChild (package:flutter/src/widgets/framework.dart:4037)
I/flutter (10181): #21     ComponentElement.performRebuild (package:flutter/src/widgets/framework.dart:5841)
I/flutter (10181): #22     Element.rebuild (package:flutter/src/widgets/framework.dart:5529)
I/flutter (10181): #23     StatelessElement.update (package:flutter/src/widgets/framework.dart:5895)
I/flutter (10181): #24     Element.updateChild (package:flutter/src/widgets/framework.dart:4037)
I/flutter (10181): #25     ComponentElement.performRebuild (package:flutter/src/widgets/framework.dart:5841)
I/flutter (10181): #26     Element.rebuild (package:flutter/src/widgets/framework.dart:5529)
I/flutter (10181): #27     StatelessElement.update (package:flutter/src/widgets/framework.dart:5895)
I/flutter (10181): #28     Element.updateChild (package:flutter/src/widgets/framework.dart:4037)
I/flutter (10181): #29     ComponentElement.performRebuild (package:flutter/src/widgets/framework.dart:5841)
I/flutter (10181): #30     Element.rebuild (package:flutter/src/widgets/framework.dart:5529)
I/flutter (10181): #31     StatelessElement.update (package:flutter/src/widgets/framework.dart:5895)
I/flutter (10181): #32     Element.updateChild (package:flutter/src/widgets/framework.dart:4037)
I/flutter (10181): #33     ComponentElement.performRebuild (package:flutter/src/widgets/framework.dart:5841)
I/flutter (10181): #34     Element.rebuild (package:flutter/src/widgets/framework.dart:5529)
I/flutter (10181): #35     ProxyElement.update (package:flutter/src/widgets/framework.dart:6149)
I/flutter (10181): #36     Element.updateChild (package:flutter/src/widgets/framework.dart:4037)
I/flutter (10181): #37     ComponentElement.performRebuild (package:flutter/src/widgets/framework.dart:5841)
I/flutter (10181): #38     Element.rebuild (package:flutter/src/widgets/framework.dart:5529)
I/flutter (10181): #39     ProxyElement.update (package:flutter/src/widgets/framework.dart:6149)
I/flutter (10181): #40     Element.updateChild (package:flutter/src/widgets/framework.dart:4037)
I/flutter (10181): #41     Element.updateChildren (package:flutter/src/widgets/framework.dart:4191)
I/flutter (10181): #42     MultiChildRenderObjectElement.update (package:flutter/src/widgets/framework.dart:7295)
I/flutter (10181): #43     Element.updateChild (package:flutter/src/widgets/framework.dart:4037)
I/flutter (10181): #44     ComponentElement.performRebuild (package:flutter/src/widgets/framework.dart:5841)
I/flutter (10181): #45     Element.rebuild (package:flutter/src/widgets/framework.dart:5529)
I/flutter (10181): #46     ProxyElement.update (package:flutter/src/widgets/framework.dart:6149)
I/flutter (10181): #47     Element.updateChild (package:flutter/src/widgets/framework.dart:4037)
I/flutter (10181): #48     ComponentElement.performRebuild (package:flutter/src/widgets/framework.dart:5841)
I/flutter (10181): #49     StatefulElement.performRebuild (package:flutter/src/widgets/framework.dart:5982)
I/flutter (10181): #50     Element.rebuild (package:flutter/src/widgets/framework.dart:5529)
I/flutter (10181): #51     StatefulElement.update (package:flutter/src/widgets/framework.dart:6007)
I/flutter (10181): #52     Element.updateChild (package:flutter/src/widgets/framework.dart:4037)
I/flutter (10181): #53     ComponentElement.performRebuild (package:flutter/src/widgets/framework.dart:5841)
I/flutter (10181): #54     Element.rebuild (package:flutter/src/widgets/framework.dart:5529)
I/flutter (10181): #55     StatelessElement.update (package:flutter/src/widgets/framework.dart:5895)
I/flutter (10181): #56     Element.updateChild (package:flutter/src/widgets/framework.dart:4037)
I/flutter (10181): #57     ComponentElement.performRebuild (package:flutter/src/widgets/framework.dart:5841)
I/flutter (10181): #58     Element.rebuild (package:flutter/src/widgets/framework.dart:5529)
I/flutter (10181): #59     ProxyElement.update (package:flutter/src/widgets/framework.dart:6149)
I/flutter (10181): #60     Element.updateChild (package:flutter/src/widgets/framework.dart:4037)
I/flutter (10181): #61     ComponentElement.performRebuild (package:flutter/src/widgets/framework.dart:5841)
I/flutter (10181): #62     StatefulElement.performRebuild (package:flutter/src/widgets/framework.dart:5982)
I/flutter (10181): #63     Element.rebuild (package:flutter/src/widgets/framework.dart:5529)
I/flutter (10181): #64     StatefulElement.update (package:flutter/src/widgets/framework.dart:6007)
I/flutter (10181): #65     Element.updateChild (package:flutter/src/widgets/framework.dart:4037)
I/flutter (10181): #66     SingleChildRenderObjectElement.update (package:flutter/src/widgets/framework.dart:7122)
I/flutter (10181): #67     Element.updateChild (package:flutter/src/widgets/framework.dart:4037)
I/flutter (10181): #68     ComponentElement.performRebuild (package:flutter/src/widgets/framework.dart:5841)
I/flutter (10181): #69     Element.rebuild (package:flutter/src/widgets/framework.dart:5529)
I/flutter (10181): #70     ProxyElement.update (package:flutter/src/widgets/framework.dart:6149)
I/flutter (10181): #71     Element.updateChild (package:flutter/src/widgets/framework.dart:4037)
I/flutter (10181): #72     SingleChildRenderObjectElement.update (package:flutter/src/widgets/framework.dart:7122)
I/flutter (10181): #73     Element.updateChild (package:flutter/src/widgets/framework.dart:4037)
I/flutter (10181): #74     ComponentElement.performRebuild (package:flutter/src/widgets/framework.dart:5841)
I/flutter (10181): #75     StatefulElement.performRebuild (package:flutter/src/widgets/framework.dart:5982)
I/flutter (10181): #76     Element.rebuild (package:flutter/src/widgets/framework.dart:5529)
I/flutter (10181): #77     StatefulElement.update (package:flutter/src/widgets/framework.dart:6007)
I/flutter (10181): #78     Element.updateChild (package:flutter/src/widgets/framework.dart:4037)
I/flutter (10181): #79     ComponentElement.performRebuild (package:flutter/src/widgets/framework.dart:5841)
I/flutter (10181): #80     StatefulElement.performRebuild (package:flutter/src/widgets/framework.dart:5982)
I/flutter (10181): #81     Element.rebuild (package:flutter/src/widgets/framework.dart:5529)
I/flutter (10181): #82     StatefulElement.update (package:flutter/src/widgets/framework.dart:6007)
I/flutter (10181): #83     Element.updateChild (package:flutter/src/widgets/framework.dart:4037)
I/flutter (10181): #84     ComponentElement.performRebuild (package:flutter/src/widgets/framework.dart:5841)
I/flutter (10181): #85     Element.rebuild (package:flutter/src/widgets/framework.dart:5529)
I/flutter (10181): #86     ProxyElement.update (package:flutter/src/widgets/framework.dart:6149)
I/flutter (10181): #87     Element.updateChild (package:flutter/src/widgets/framework.dart:4037)
I/flutter (10181): #88     ComponentElement.performRebuild (package:flutter/src/widgets/framework.dart:5841)
I/flutter (10181): #89     Element.rebuild (package:flutter/src/widgets/framework.dart:5529)
I/flutter (10181): #90     ProxyElement.update (package:flutter/src/widgets/framework.dart:6149)
I/flutter (10181): #91     Element.updateChild (package:flutter/src/widgets/framework.dart:4037)
I/flutter (10181): #92     ComponentElement.performRebuild (package:flutter/src/widgets/framework.dart:5841)
I/flutter (10181): #93     Element.rebuild (package:flutter/src/widgets/framework.dart:5529)
I/flutter (10181): #94     ProxyElement.update (package:flutter/src/widgets/framework.dart:6149)
I/flutter (10181): #95     Element.updateChild (package:flutter/src/widgets/framework.dart:4037)
I/flutter (10181): #96     ComponentElement.performRebuild (package:flutter/src/widgets/framework.dart:5841)
I/flutter (10181): #97     StatefulElement.performRebuild (package:flutter/src/widgets/framework.dart:5982)
I/flutter (10181): #98     Element.rebuild (package:flutter/src/widgets/framework.dart:5529)
I/flutter (10181): #99     StatefulElement.update (package:flutter/src/widgets/framework.dart:6007)
I/flutter (10181): [SPM:perf] 698a51a  buildSpan: 9209µs
I/flutter (10181): [spm] Performance monitoring completed for 698a51a
[spm]: ProfilerData event received.
I/flutter (10181): type '_Stub' is not a subtype of type 'EdgeInsetsGeometry?'
I/flutter (10181): #0      TextBox.build (package:benchmark_container/generated_widget.dart:184)
I/flutter (10181): #1      StatelessElement.build (package:flutter/src/widgets/framework.dart:5889)
I/flutter (10181): #2      ComponentElement.performRebuild (package:flutter/src/widgets/framework.dart:5817)
I/flutter (10181): #3      Element.rebuild (package:flutter/src/widgets/framework.dart:5529)
I/flutter (10181): #4      StatelessElement.update (package:flutter/src/widgets/framework.dart:5895)
I/flutter (10181): #5      Element.updateChild (package:flutter/src/widgets/framework.dart:4037)
I/flutter (10181): #6      Element.updateChildren (package:flutter/src/widgets/framework.dart:4191)
I/flutter (10181): #7      MultiChildRenderObjectElement.update (package:flutter/src/widgets/framework.dart:7295)
I/flutter (10181): #8      Element.updateChild (package:flutter/src/widgets/framework.dart:4037)
I/flutter (10181): #9      SingleChildRenderObjectElement.update (package:flutter/src/widgets/framework.dart:7122)
I/flutter (10181): #10     Element.updateChild (package:flutter/src/widgets/framework.dart:4037)
I/flutter (10181): #11     ComponentElement.performRebuild (package:flutter/src/widgets/framework.dart:5841)
I/flutter (10181): #12     Element.rebuild (package:flutter/src/widgets/framework.dart:5529)
I/flutter (10181): #13     StatelessElement.update (package:flutter/src/widgets/framework.dart:5895)
I/flutter (10181): #14     Element.updateChild (package:flutter/src/widgets/framework.dart:4037)
I/flutter (10181): #15     ComponentElement.performRebuild (package:flutter/src/widgets/framework.dart:5841)
I/flutter (10181): #16     Element.rebuild (package:flutter/src/widgets/framework.dart:5529)
I/flutter (10181): #17     ProxyElement.update (package:flutter/src/widgets/framework.dart:6149)
I/flutter (10181): #18     Element.updateChild (package:flutter/src/widgets/framework.dart:4037)
I/flutter (10181): #19     SingleChildRenderObjectElement.update (package:flutter/src/widgets/framework.dart:7122)
I/flutter (10181): #20     Element.updateChild (package:flutter/src/widgets/framework.dart:4037)
I/flutter (10181): #21     ComponentElement.performRebuild (package:flutter/src/widgets/framework.dart:5841)
I/flutter (10181): #22     Element.rebuild (package:flutter/src/widgets/framework.dart:5529)
I/flutter (10181): #23     StatelessElement.update (package:flutter/src/widgets/framework.dart:5895)
I/flutter (10181): #24     Element.updateChild (package:flutter/src/widgets/framework.dart:4037)
I/flutter (10181): #25     ComponentElement.performRebuild (package:flutter/src/widgets/framework.dart:5841)
I/flutter (10181): #26     Element.rebuild (package:flutter/src/widgets/framework.dart:5529)
I/flutter (10181): #27     StatelessElement.update (package:flutter/src/widgets/framework.dart:5895)
I/flutter (10181): #28     Element.updateChild (package:flutter/src/widgets/framework.dart:4037)
I/flutter (10181): #29     ComponentElement.performRebuild (package:flutter/src/widgets/framework.dart:5841)
I/flutter (10181): #30     Element.rebuild (package:flutter/src/widgets/framework.dart:5529)
I/flutter (10181): #31     StatelessElement.update (package:flutter/src/widgets/framework.dart:5895)
I/flutter (10181): #32     Element.updateChild (package:flutter/src/widgets/framework.dart:4037)
I/flutter (10181): #33     ComponentElement.performRebuild (package:flutter/src/widgets/framework.dart:5841)
I/flutter (10181): #34     Element.rebuild (package:flutter/src/widgets/framework.dart:5529)
I/flutter (10181): #35     ProxyElement.update (package:flutter/src/widgets/framework.dart:6149)
I/flutter (10181): #36     Element.updateChild (package:flutter/src/widgets/framework.dart:4037)
I/flutter (10181): #37     ComponentElement.performRebuild (package:flutter/src/widgets/framework.dart:5841)
I/flutter (10181): #38     Element.rebuild (package:flutter/src/widgets/framework.dart:5529)
I/flutter (10181): #39     ProxyElement.update (package:flutter/src/widgets/framework.dart:6149)
I/flutter (10181): #40     Element.updateChild (package:flutter/src/widgets/framework.dart:4037)
I/flutter (10181): #41     Element.updateChildren (package:flutter/src/widgets/framework.dart:4191)
I/flutter (10181): #42     MultiChildRenderObjectElement.update (package:flutter/src/widgets/framework.dart:7295)
I/flutter (10181): #43     Element.updateChild (package:flutter/src/widgets/framework.dart:4037)
I/flutter (10181): #44     ComponentElement.performRebuild (package:flutter/src/widgets/framework.dart:5841)
I/flutter (10181): #45     Element.rebuild (package:flutter/src/widgets/framework.dart:5529)
I/flutter (10181): #46     ProxyElement.update (package:flutter/src/widgets/framework.dart:6149)
I/flutter (10181): #47     Element.updateChild (package:flutter/src/widgets/framework.dart:4037)
I/flutter (10181): #48     ComponentElement.performRebuild (package:flutter/src/widgets/framework.dart:5841)
I/flutter (10181): #49     StatefulElement.performRebuild (package:flutter/src/widgets/framework.dart:5982)
I/flutter (10181): #50     Element.rebuild (package:flutter/src/widgets/framework.dart:5529)
I/flutter (10181): #51     StatefulElement.update (package:flutter/src/widgets/framework.dart:6007)
I/flutter (10181): #52     Element.updateChild (package:flutter/src/widgets/framework.dart:4037)
I/flutter (10181): #53     ComponentElement.performRebuild (package:flutter/src/widgets/framework.dart:5841)
I/flutter (10181): #54     Element.rebuild (package:flutter/src/widgets/framework.dart:5529)
I/flutter (10181): #55     StatelessElement.update (package:flutter/src/widgets/framework.dart:5895)
I/flutter (10181): #56     Element.updateChild (package:flutter/src/widgets/framework.dart:4037)
I/flutter (10181): #57     ComponentElement.performRebuild (package:flutter/src/widgets/framework.dart:5841)
I/flutter (10181): #58     Element.rebuild (package:flutter/src/widgets/framework.dart:5529)
I/flutter (10181): #59     ProxyElement.update (package:flutter/src/widgets/framework.dart:6149)
I/flutter (10181): #60     Element.updateChild (package:flutter/src/widgets/framework.dart:4037)
I/flutter (10181): #61     ComponentElement.performRebuild (package:flutter/src/widgets/framework.dart:5841)
I/flutter (10181): #62     StatefulElement.performRebuild (package:flutter/src/widgets/framework.dart:5982)
I/flutter (10181): #63     Element.rebuild (package:flutter/src/widgets/framework.dart:5529)
I/flutter (10181): #64     StatefulElement.update (package:flutter/src/widgets/framework.dart:6007)
I/flutter (10181): #65     Element.updateChild (package:flutter/src/widgets/framework.dart:4037)
I/flutter (10181): #66     SingleChildRenderObjectElement.update (package:flutter/src/widgets/framework.dart:7122)
I/flutter (10181): #67     Element.updateChild (package:flutter/src/widgets/framework.dart:4037)
I/flutter (10181): #68     ComponentElement.performRebuild (package:flutter/src/widgets/framework.dart:5841)
I/flutter (10181): #69     Element.rebuild (package:flutter/src/widgets/framework.dart:5529)
I/flutter (10181): #70     ProxyElement.update (package:flutter/src/widgets/framework.dart:6149)
I/flutter (10181): #71     Element.updateChild (package:flutter/src/widgets/framework.dart:4037)
I/flutter (10181): #72     SingleChildRenderObjectElement.update (package:flutter/src/widgets/framework.dart:7122)
I/flutter (10181): #73     Element.updateChild (package:flutter/src/widgets/framework.dart:4037)
I/flutter (10181): #74     ComponentElement.performRebuild (package:flutter/src/widgets/framework.dart:5841)
I/flutter (10181): #75     StatefulElement.performRebuild (package:flutter/src/widgets/framework.dart:5982)
I/flutter (10181): #76     Element.rebuild (package:flutter/src/widgets/framework.dart:5529)
I/flutter (10181): #77     StatefulElement.update (package:flutter/src/widgets/framework.dart:6007)
I/flutter (10181): #78     Element.updateChild (package:flutter/src/widgets/framework.dart:4037)
I/flutter (10181): #79     ComponentElement.performRebuild (package:flutter/src/widgets/framework.dart:5841)
I/flutter (10181): #80     StatefulElement.performRebuild (package:flutter/src/widgets/framework.dart:5982)
I/flutter (10181): #81     Element.rebuild (package:flutter/src/widgets/framework.dart:5529)
I/flutter (10181): #82     StatefulElement.update (package:flutter/src/widgets/framework.dart:6007)
I/flutter (10181): #83     Element.updateChild (package:flutter/src/widgets/framework.dart:4037)
I/flutter (10181): #84     ComponentElement.performRebuild (package:flutter/src/widgets/framework.dart:5841)
I/flutter (10181): #85     Element.rebuild (package:flutter/src/widgets/framework.dart:5529)
I/flutter (10181): #86     ProxyElement.update (package:flutter/src/widgets/framework.dart:6149)
I/flutter (10181): #87     Element.updateChild (package:flutter/src/widgets/framework.dart:4037)
I/flutter (10181): #88     ComponentElement.performRebuild (package:flutter/src/widgets/framework.dart:5841)
I/flutter (10181): #89     Element.rebuild (package:flutter/src/widgets/framework.dart:5529)
I/flutter (10181): #90     ProxyElement.update (package:flutter/src/widgets/framework.dart:6149)
I/flutter (10181): #91     Element.updateChild (package:flutter/src/widgets/framework.dart:4037)
I/flutter (10181): #92     ComponentElement.performRebuild (package:flutter/src/widgets/framework.dart:5841)
I/flutter (10181): #93     Element.rebuild (package:flutter/src/widgets/framework.dart:5529)
I/flutter (10181): #94     ProxyElement.update (package:flutter/src/widgets/framework.dart:6149)
I/flutter (10181): #95     Element.updateChild (package:flutter/src/widgets/framework.dart:4037)
I/flutter (10181): #96     ComponentElement.performRebuild (package:flutter/src/widgets/framework.dart:5841)
I/flutter (10181): #97     StatefulElement.performRebuild (package:flutter/src/widgets/framework.dart:5982)
I/flutter (10181): #98     Element.rebuild (package:flutter/src/widgets/framework.dart:5529)
I/flutter (10181): #99     StatefulElement.update (package:flutter/src/widgets/framework.dart:6007)
[spm]: ProfilerData event received.
I/flutter (10181): [SPM:perf] 698a51a  buildSpan: 10342µs
I/flutter (10181): [spm] Performance monitoring completed for 698a51a
I/flutter (10181): type '_Stub' is not a subtype of type 'EdgeInsetsGeometry?'
I/flutter (10181): #0      TextBox.build (package:benchmark_container/generated_widget.dart:184)
I/flutter (10181): #1      StatelessElement.build (package:flutter/src/widgets/framework.dart:5889)
I/flutter (10181): #2      ComponentElement.performRebuild (package:flutter/src/widgets/framework.dart:5817)
I/flutter (10181): #3      Element.rebuild (package:flutter/src/widgets/framework.dart:5529)
I/flutter (10181): #4      StatelessElement.update (package:flutter/src/widgets/framework.dart:5895)
I/flutter (10181): #5      Element.updateChild (package:flutter/src/widgets/framework.dart:4037)
I/flutter (10181): #6      Element.updateChildren (package:flutter/src/widgets/framework.dart:4191)
I/flutter (10181): #7      MultiChildRenderObjectElement.update (package:flutter/src/widgets/framework.dart:7295)
I/flutter (10181): #8      Element.updateChild (package:flutter/src/widgets/framework.dart:4037)
I/flutter (10181): #9      SingleChildRenderObjectElement.update (package:flutter/src/widgets/framework.dart:7122)
I/flutter (10181): #10     Element.updateChild (package:flutter/src/widgets/framework.dart:4037)
I/flutter (10181): #11     ComponentElement.performRebuild (package:flutter/src/widgets/framework.dart:5841)
I/flutter (10181): #12     Element.rebuild (package:flutter/src/widgets/framework.dart:5529)
I/flutter (10181): #13     StatelessElement.update (package:flutter/src/widgets/framework.dart:5895)
I/flutter (10181): #14     Element.updateChild (package:flutter/src/widgets/framework.dart:4037)
I/flutter (10181): #15     ComponentElement.performRebuild (package:flutter/src/widgets/framework.dart:5841)
I/flutter (10181): #16     Element.rebuild (package:flutter/src/widgets/framework.dart:5529)
I/flutter (10181): #17     ProxyElement.update (package:flutter/src/widgets/framework.dart:6149)
I/flutter (10181): #18     Element.updateChild (package:flutter/src/widgets/framework.dart:4037)
I/flutter (10181): #19     SingleChildRenderObjectElement.update (package:flutter/src/widgets/framework.dart:7122)
I/flutter (10181): #20     Element.updateChild (package:flutter/src/widgets/framework.dart:4037)
I/flutter (10181): #21     ComponentElement.performRebuild (package:flutter/src/widgets/framework.dart:5841)
I/flutter (10181): #22     Element.rebuild (package:flutter/src/widgets/framework.dart:5529)
I/flutter (10181): #23     StatelessElement.update (package:flutter/src/widgets/framework.dart:5895)
I/flutter (10181): #24     Element.updateChild (package:flutter/src/widgets/framework.dart:4037)
I/flutter (10181): #25     ComponentElement.performRebuild (package:flutter/src/widgets/framework.dart:5841)
I/flutter (10181): #26     Element.rebuild (package:flutter/src/widgets/framework.dart:5529)
I/flutter (10181): #27     StatelessElement.update (package:flutter/src/widgets/framework.dart:5895)
I/flutter (10181): #28     Element.updateChild (package:flutter/src/widgets/framework.dart:4037)
I/flutter (10181): #29     ComponentElement.performRebuild (package:flutter/src/widgets/framework.dart:5841)
I/flutter (10181): #30     Element.rebuild (package:flutter/src/widgets/framework.dart:5529)
I/flutter (10181): #31     StatelessElement.update (package:flutter/src/widgets/framework.dart:5895)
I/flutter (10181): #32     Element.updateChild (package:flutter/src/widgets/framework.dart:4037)
I/flutter (10181): #33     ComponentElement.performRebuild (package:flutter/src/widgets/framework.dart:5841)
I/flutter (10181): #34     Element.rebuild (package:flutter/src/widgets/framework.dart:5529)
I/flutter (10181): #35     ProxyElement.update (package:flutter/src/widgets/framework.dart:6149)
I/flutter (10181): #36     Element.updateChild (package:flutter/src/widgets/framework.dart:4037)
I/flutter (10181): #37     ComponentElement.performRebuild (package:flutter/src/widgets/framework.dart:5841)
I/flutter (10181): #38     Element.rebuild (package:flutter/src/widgets/framework.dart:5529)
I/flutter (10181): #39     ProxyElement.update (package:flutter/src/widgets/framework.dart:6149)
I/flutter (10181): #40     Element.updateChild (package:flutter/src/widgets/framework.dart:4037)
I/flutter (10181): #41     Element.updateChildren (package:flutter/src/widgets/framework.dart:4191)
I/flutter (10181): #42     MultiChildRenderObjectElement.update (package:flutter/src/widgets/framework.dart:7295)
I/flutter (10181): #43     Element.updateChild (package:flutter/src/widgets/framework.dart:4037)
I/flutter (10181): #44     ComponentElement.performRebuild (package:flutter/src/widgets/framework.dart:5841)
I/flutter (10181): #45     Element.rebuild (package:flutter/src/widgets/framework.dart:5529)
I/flutter (10181): #46     ProxyElement.update (package:flutter/src/widgets/framework.dart:6149)
I/flutter (10181): #47     Element.updateChild (package:flutter/src/widgets/framework.dart:4037)
I/flutter (10181): #48     ComponentElement.performRebuild (package:flutter/src/widgets/framework.dart:5841)
I/flutter (10181): #49     StatefulElement.performRebuild (package:flutter/src/widgets/framework.dart:5982)
I/flutter (10181): #50     Element.rebuild (package:flutter/src/widgets/framework.dart:5529)
I/flutter (10181): #51     StatefulElement.update (package:flutter/src/widgets/framework.dart:6007)
I/flutter (10181): #52     Element.updateChild (package:flutter/src/widgets/framework.dart:4037)
I/flutter (10181): #53     ComponentElement.performRebuild (package:flutter/src/widgets/framework.dart:5841)
I/flutter (10181): #54     Element.rebuild (package:flutter/src/widgets/framework.dart:5529)
I/flutter (10181): #55     StatelessElement.update (package:flutter/src/widgets/framework.dart:5895)
I/flutter (10181): #56     Element.updateChild (package:flutter/src/widgets/framework.dart:4037)
I/flutter (10181): #57     ComponentElement.performRebuild (package:flutter/src/widgets/framework.dart:5841)
I/flutter (10181): #58     Element.rebuild (package:flutter/src/widgets/framework.dart:5529)
I/flutter (10181): #59     ProxyElement.update (package:flutter/src/widgets/framework.dart:6149)
I/flutter (10181): #60     Element.updateChild (package:flutter/src/widgets/framework.dart:4037)
I/flutter (10181): #61     ComponentElement.performRebuild (package:flutter/src/widgets/framework.dart:5841)
I/flutter (10181): #62     StatefulElement.performRebuild (package:flutter/src/widgets/framework.dart:5982)
I/flutter (10181): #63     Element.rebuild (package:flutter/src/widgets/framework.dart:5529)
I/flutter (10181): #64     StatefulElement.update (package:flutter/src/widgets/framework.dart:6007)
I/flutter (10181): #65     Element.updateChild (package:flutter/src/widgets/framework.dart:4037)
I/flutter (10181): #66     SingleChildRenderObjectElement.update (package:flutter/src/widgets/framework.dart:7122)
I/flutter (10181): #67     Element.updateChild (package:flutter/src/widgets/framework.dart:4037)
I/flutter (10181): #68     ComponentElement.performRebuild (package:flutter/src/widgets/framework.dart:5841)
I/flutter (10181): #69     Element.rebuild (package:flutter/src/widgets/framework.dart:5529)
I/flutter (10181): #70     ProxyElement.update (package:flutter/src/widgets/framework.dart:6149)
I/flutter (10181): #71     Element.updateChild (package:flutter/src/widgets/framework.dart:4037)
I/flutter (10181): #72     SingleChildRenderObjectElement.update (package:flutter/src/widgets/framework.dart:7122)
I/flutter (10181): #73     Element.updateChild (package:flutter/src/widgets/framework.dart:4037)
I/flutter (10181): #74     ComponentElement.performRebuild (package:flutter/src/widgets/framework.dart:5841)
I/flutter (10181): #75     StatefulElement.performRebuild (package:flutter/src/widgets/framework.dart:5982)
I/flutter (10181): #76     Element.rebuild (package:flutter/src/widgets/framework.dart:5529)
I/flutter (10181): #77     StatefulElement.update (package:flutter/src/widgets/framework.dart:6007)
I/flutter (10181): #78     Element.updateChild (package:flutter/src/widgets/framework.dart:4037)
I/flutter (10181): #79     ComponentElement.performRebuild (package:flutter/src/widgets/framework.dart:5841)
I/flutter (10181): #80     StatefulElement.performRebuild (package:flutter/src/widgets/framework.dart:5982)
I/flutter (10181): #81     Element.rebuild (package:flutter/src/widgets/framework.dart:5529)
I/flutter (10181): #82     StatefulElement.update (package:flutter/src/widgets/framework.dart:6007)
I/flutter (10181): #83     Element.updateChild (package:flutter/src/widgets/framework.dart:4037)
I/flutter (10181): #84     ComponentElement.performRebuild (package:flutter/src/widgets/framework.dart:5841)
I/flutter (10181): #85     Element.rebuild (package:flutter/src/widgets/framework.dart:5529)
I/flutter (10181): #86     ProxyElement.update (package:flutter/src/widgets/framework.dart:6149)
I/flutter (10181): #87     Element.updateChild (package:flutter/src/widgets/framework.dart:4037)
I/flutter (10181): #88     ComponentElement.performRebuild (package:flutter/src/widgets/framework.dart:5841)
I/flutter (10181): #89     Element.rebuild (package:flutter/src/widgets/framework.dart:5529)
I/flutter (10181): #90     ProxyElement.update (package:flutter/src/widgets/framework.dart:6149)
I/flutter (10181): #91     Element.updateChild (package:flutter/src/widgets/framework.dart:4037)
I/flutter (10181): #92     ComponentElement.performRebuild (package:flutter/src/widgets/framework.dart:5841)
I/flutter (10181): #93     Element.rebuild (package:flutter/src/widgets/framework.dart:5529)
I/flutter (10181): #94     ProxyElement.update (package:flutter/src/widgets/framework.dart:6149)
I/flutter (10181): #95     Element.updateChild (package:flutter/src/widgets/framework.dart:4037)
I/flutter (10181): #96     ComponentElement.performRebuild (package:flutter/src/widgets/framework.dart:5841)
I/flutter (10181): #97     StatefulElement.performRebuild (package:flutter/src/widgets/framework.dart:5982)
I/flutter (10181): #98     Element.rebuild (package:flutter/src/widgets/framework.dart:5529)
I/flutter (10181): #99     StatefulElement.update (package:flutter/src/widgets/framework.dart:6007)
[spm]: ProfilerData event received.
I/flutter (10181): [SPM:perf] 698a51a  buildSpan: 10745µs
I/flutter (10181): [spm] Performance monitoring completed for 698a51a
I/flutter (10181): type '_Stub' is not a subtype of type 'EdgeInsetsGeometry?'
I/flutter (10181): #0      TextBox.build (package:benchmark_container/generated_widget.dart:184)
I/flutter (10181): #1      StatelessElement.build (package:flutter/src/widgets/framework.dart:5889)
I/flutter (10181): #2      ComponentElement.performRebuild (package:flutter/src/widgets/framework.dart:5817)
I/flutter (10181): #3      Element.rebuild (package:flutter/src/widgets/framework.dart:5529)
I/flutter (10181): #4      StatelessElement.update (package:flutter/src/widgets/framework.dart:5895)
I/flutter (10181): #5      Element.updateChild (package:flutter/src/widgets/framework.dart:4037)
I/flutter (10181): #6      Element.updateChildren (package:flutter/src/widgets/framework.dart:4191)
I/flutter (10181): #7      MultiChildRenderObjectElement.update (package:flutter/src/widgets/framework.dart:7295)
I/flutter (10181): #8      Element.updateChild (package:flutter/src/widgets/framework.dart:4037)
I/flutter (10181): #9      SingleChildRenderObjectElement.update (package:flutter/src/widgets/framework.dart:7122)
I/flutter (10181): #10     Element.updateChild (package:flutter/src/widgets/framework.dart:4037)
I/flutter (10181): #11     ComponentElement.performRebuild (package:flutter/src/widgets/framework.dart:5841)
I/flutter (10181): #12     Element.rebuild (package:flutter/src/widgets/framework.dart:5529)
I/flutter (10181): #13     StatelessElement.update (package:flutter/src/widgets/framework.dart:5895)
I/flutter (10181): #14     Element.updateChild (package:flutter/src/widgets/framework.dart:4037)
I/flutter (10181): #15     ComponentElement.performRebuild (package:flutter/src/widgets/framework.dart:5841)
I/flutter (10181): #16     Element.rebuild (package:flutter/src/widgets/framework.dart:5529)
I/flutter (10181): #17     ProxyElement.update (package:flutter/src/widgets/framework.dart:6149)
I/flutter (10181): #18     Element.updateChild (package:flutter/src/widgets/framework.dart:4037)
I/flutter (10181): #19     SingleChildRenderObjectElement.update (package:flutter/src/widgets/framework.dart:7122)
I/flutter (10181): #20     Element.updateChild (package:flutter/src/widgets/framework.dart:4037)
I/flutter (10181): #21     ComponentElement.performRebuild (package:flutter/src/widgets/framework.dart:5841)
I/flutter (10181): #22     Element.rebuild (package:flutter/src/widgets/framework.dart:5529)
I/flutter (10181): #23     StatelessElement.update (package:flutter/src/widgets/framework.dart:5895)
I/flutter (10181): #24     Element.updateChild (package:flutter/src/widgets/framework.dart:4037)
I/flutter (10181): #25     ComponentElement.performRebuild (package:flutter/src/widgets/framework.dart:5841)
I/flutter (10181): #26     Element.rebuild (package:flutter/src/widgets/framework.dart:5529)
I/flutter (10181): #27     StatelessElement.update (package:flutter/src/widgets/framework.dart:5895)
I/flutter (10181): #28     Element.updateChild (package:flutter/src/widgets/framework.dart:4037)
I/flutter (10181): #29     ComponentElement.performRebuild (package:flutter/src/widgets/framework.dart:5841)
I/flutter (10181): #30     Element.rebuild (package:flutter/src/widgets/framework.dart:5529)
I/flutter (10181): #31     StatelessElement.update (package:flutter/src/widgets/framework.dart:5895)
I/flutter (10181): #32     Element.updateChild (package:flutter/src/widgets/framework.dart:4037)
I/flutter (10181): #33     ComponentElement.performRebuild (package:flutter/src/widgets/framework.dart:5841)
I/flutter (10181): #34     Element.rebuild (package:flutter/src/widgets/framework.dart:5529)
I/flutter (10181): #35     ProxyElement.update (package:flutter/src/widgets/framework.dart:6149)
I/flutter (10181): #36     Element.updateChild (package:flutter/src/widgets/framework.dart:4037)
I/flutter (10181): #37     ComponentElement.performRebuild (package:flutter/src/widgets/framework.dart:5841)
I/flutter (10181): #38     Element.rebuild (package:flutter/src/widgets/framework.dart:5529)
I/flutter (10181): #39     ProxyElement.update (package:flutter/src/widgets/framework.dart:6149)
I/flutter (10181): #40     Element.updateChild (package:flutter/src/widgets/framework.dart:4037)
I/flutter (10181): #41     Element.updateChildren (package:flutter/src/widgets/framework.dart:4191)
I/flutter (10181): #42     MultiChildRenderObjectElement.update (package:flutter/src/widgets/framework.dart:7295)
I/flutter (10181): #43     Element.updateChild (package:flutter/src/widgets/framework.dart:4037)
I/flutter (10181): #44     ComponentElement.performRebuild (package:flutter/src/widgets/framework.dart:5841)
I/flutter (10181): #45     Element.rebuild (package:flutter/src/widgets/framework.dart:5529)
I/flutter (10181): #46     ProxyElement.update (package:flutter/src/widgets/framework.dart:6149)
I/flutter (10181): #47     Element.updateChild (package:flutter/src/widgets/framework.dart:4037)
I/flutter (10181): #48     ComponentElement.performRebuild (package:flutter/src/widgets/framework.dart:5841)
I/flutter (10181): #49     StatefulElement.performRebuild (package:flutter/src/widgets/framework.dart:5982)
I/flutter (10181): #50     Element.rebuild (package:flutter/src/widgets/framework.dart:5529)
I/flutter (10181): #51     StatefulElement.update (package:flutter/src/widgets/framework.dart:6007)
I/flutter (10181): #52     Element.updateChild (package:flutter/src/widgets/framework.dart:4037)
I/flutter (10181): #53     ComponentElement.performRebuild (package:flutter/src/widgets/framework.dart:5841)
I/flutter (10181): #54     Element.rebuild (package:flutter/src/widgets/framework.dart:5529)
I/flutter (10181): #55     StatelessElement.update (package:flutter/src/widgets/framework.dart:5895)
I/flutter (10181): #56     Element.updateChild (package:flutter/src/widgets/framework.dart:4037)
I/flutter (10181): #57     ComponentElement.performRebuild (package:flutter/src/widgets/framework.dart:5841)
I/flutter (10181): #58     Element.rebuild (package:flutter/src/widgets/framework.dart:5529)
I/flutter (10181): #59     ProxyElement.update (package:flutter/src/widgets/framework.dart:6149)
I/flutter (10181): #60     Element.updateChild (package:flutter/src/widgets/framework.dart:4037)
I/flutter (10181): #61     ComponentElement.performRebuild (package:flutter/src/widgets/framework.dart:5841)
I/flutter (10181): #62     StatefulElement.performRebuild (package:flutter/src/widgets/framework.dart:5982)
I/flutter (10181): #63     Element.rebuild (package:flutter/src/widgets/framework.dart:5529)
I/flutter (10181): #64     StatefulElement.update (package:flutter/src/widgets/framework.dart:6007)
I/flutter (10181): #65     Element.updateChild (package:flutter/src/widgets/framework.dart:4037)
I/flutter (10181): #66     SingleChildRenderObjectElement.update (package:flutter/src/widgets/framework.dart:7122)
I/flutter (10181): #67     Element.updateChild (package:flutter/src/widgets/framework.dart:4037)
I/flutter (10181): #68     ComponentElement.performRebuild (package:flutter/src/widgets/framework.dart:5841)
I/flutter (10181): #69     Element.rebuild (package:flutter/src/widgets/framework.dart:5529)
I/flutter (10181): #70     ProxyElement.update (package:flutter/src/widgets/framework.dart:6149)
I/flutter (10181): #71     Element.updateChild (package:flutter/src/widgets/framework.dart:4037)
I/flutter (10181): #72     SingleChildRenderObjectElement.update (package:flutter/src/widgets/framework.dart:7122)
I/flutter (10181): #73     Element.updateChild (package:flutter/src/widgets/framework.dart:4037)
I/flutter (10181): #74     ComponentElement.performRebuild (package:flutter/src/widgets/framework.dart:5841)
I/flutter (10181): #75     StatefulElement.performRebuild (package:flutter/src/widgets/framework.dart:5982)
I/flutter (10181): #76     Element.rebuild (package:flutter/src/widgets/framework.dart:5529)
I/flutter (10181): #77     StatefulElement.update (package:flutter/src/widgets/framework.dart:6007)
I/flutter (10181): #78     Element.updateChild (package:flutter/src/widgets/framework.dart:4037)
I/flutter (10181): #79     ComponentElement.performRebuild (package:flutter/src/widgets/framework.dart:5841)
I/flutter (10181): #80     StatefulElement.performRebuild (package:flutter/src/widgets/framework.dart:5982)
I/flutter (10181): #81     Element.rebuild (package:flutter/src/widgets/framework.dart:5529)
I/flutter (10181): #82     StatefulElement.update (package:flutter/src/widgets/framework.dart:6007)
I/flutter (10181): #83     Element.updateChild (package:flutter/src/widgets/framework.dart:4037)
I/flutter (10181): #84     ComponentElement.performRebuild (package:flutter/src/widgets/framework.dart:5841)
I/flutter (10181): #85     Element.rebuild (package:flutter/src/widgets/framework.dart:5529)
I/flutter (10181): #86     ProxyElement.update (package:flutter/src/widgets/framework.dart:6149)
I/flutter (10181): #87     Element.updateChild (package:flutter/src/widgets/framework.dart:4037)
I/flutter (10181): #88     ComponentElement.performRebuild (package:flutter/src/widgets/framework.dart:5841)
I/flutter (10181): #89     Element.rebuild (package:flutter/src/widgets/framework.dart:5529)
I/flutter (10181): #90     ProxyElement.update (package:flutter/src/widgets/framework.dart:6149)
I/flutter (10181): #91     Element.updateChild (package:flutter/src/widgets/framework.dart:4037)
I/flutter (10181): #92     ComponentElement.performRebuild (package:flutter/src/widgets/framework.dart:5841)
I/flutter (10181): #93     Element.rebuild (package:flutter/src/widgets/framework.dart:5529)
I/flutter (10181): #94     ProxyElement.update (package:flutter/src/widgets/framework.dart:6149)
I/flutter (10181): #95     Element.updateChild (package:flutter/src/widgets/framework.dart:4037)
I/flutter (10181): #96     ComponentElement.performRebuild (package:flutter/src/widgets/framework.dart:5841)
I/flutter (10181): #97     StatefulElement.performRebuild (package:flutter/src/widgets/framework.dart:5982)
I/flutter (10181): #98     Element.rebuild (package:flutter/src/widgets/framework.dart:5529)
I/flutter (10181): #99     StatefulElement.update (package:flutter/src/widgets/framework.dart:6007)
[spm]: ProfilerData event received.
I/flutter (10181): [SPM:perf] 698a51a  buildSpan: 10205µs
I/flutter (10181): [spm] Performance monitoring completed for 698a51a
I/flutter (10181): type '_Stub' is not a subtype of type 'EdgeInsetsGeometry?'
I/flutter (10181): #0      TextBox.build (package:benchmark_container/generated_widget.dart:184)
I/flutter (10181): #1      StatelessElement.build (package:flutter/src/widgets/framework.dart:5889)
I/flutter (10181): #2      ComponentElement.performRebuild (package:flutter/src/widgets/framework.dart:5817)
I/flutter (10181): #3      Element.rebuild (package:flutter/src/widgets/framework.dart:5529)
I/flutter (10181): #4      StatelessElement.update (package:flutter/src/widgets/framework.dart:5895)
I/flutter (10181): #5      Element.updateChild (package:flutter/src/widgets/framework.dart:4037)
I/flutter (10181): #6      Element.updateChildren (package:flutter/src/widgets/framework.dart:4191)
I/flutter (10181): #7      MultiChildRenderObjectElement.update (package:flutter/src/widgets/framework.dart:7295)
I/flutter (10181): #8      Element.updateChild (package:flutter/src/widgets/framework.dart:4037)
I/flutter (10181): #9      SingleChildRenderObjectElement.update (package:flutter/src/widgets/framework.dart:7122)
I/flutter (10181): #10     Element.updateChild (package:flutter/src/widgets/framework.dart:4037)
I/flutter (10181): #11     ComponentElement.performRebuild (package:flutter/src/widgets/framework.dart:5841)
I/flutter (10181): #12     Element.rebuild (package:flutter/src/widgets/framework.dart:5529)
I/flutter (10181): #13     StatelessElement.update (package:flutter/src/widgets/framework.dart:5895)
I/flutter (10181): #14     Element.updateChild (package:flutter/src/widgets/framework.dart:4037)
I/flutter (10181): #15     ComponentElement.performRebuild (package:flutter/src/widgets/framework.dart:5841)
I/flutter (10181): #16     Element.rebuild (package:flutter/src/widgets/framework.dart:5529)
I/flutter (10181): #17     ProxyElement.update (package:flutter/src/widgets/framework.dart:6149)
I/flutter (10181): #18     Element.updateChild (package:flutter/src/widgets/framework.dart:4037)
I/flutter (10181): #19     SingleChildRenderObjectElement.update (package:flutter/src/widgets/framework.dart:7122)
I/flutter (10181): #20     Element.updateChild (package:flutter/src/widgets/framework.dart:4037)
I/flutter (10181): #21     ComponentElement.performRebuild (package:flutter/src/widgets/framework.dart:5841)
I/flutter (10181): #22     Element.rebuild (package:flutter/src/widgets/framework.dart:5529)
I/flutter (10181): #23     StatelessElement.update (package:flutter/src/widgets/framework.dart:5895)
I/flutter (10181): #24     Element.updateChild (package:flutter/src/widgets/framework.dart:4037)
I/flutter (10181): #25     ComponentElement.performRebuild (package:flutter/src/widgets/framework.dart:5841)
I/flutter (10181): #26     Element.rebuild (package:flutter/src/widgets/framework.dart:5529)
I/flutter (10181): #27     StatelessElement.update (package:flutter/src/widgets/framework.dart:5895)
I/flutter (10181): #28     Element.updateChild (package:flutter/src/widgets/framework.dart:4037)
I/flutter (10181): #29     ComponentElement.performRebuild (package:flutter/src/widgets/framework.dart:5841)
I/flutter (10181): #30     Element.rebuild (package:flutter/src/widgets/framework.dart:5529)
I/flutter (10181): #31     StatelessElement.update (package:flutter/src/widgets/framework.dart:5895)
I/flutter (10181): #32     Element.updateChild (package:flutter/src/widgets/framework.dart:4037)
I/flutter (10181): #33     ComponentElement.performRebuild (package:flutter/src/widgets/framework.dart:5841)
I/flutter (10181): #34     Element.rebuild (package:flutter/src/widgets/framework.dart:5529)
I/flutter (10181): #35     ProxyElement.update (package:flutter/src/widgets/framework.dart:6149)
I/flutter (10181): #36     Element.updateChild (package:flutter/src/widgets/framework.dart:4037)
I/flutter (10181): #37     ComponentElement.performRebuild (package:flutter/src/widgets/framework.dart:5841)
I/flutter (10181): #38     Element.rebuild (package:flutter/src/widgets/framework.dart:5529)
I/flutter (10181): #39     ProxyElement.update (package:flutter/src/widgets/framework.dart:6149)
I/flutter (10181): #40     Element.updateChild (package:flutter/src/widgets/framework.dart:4037)
I/flutter (10181): #41     Element.updateChildren (package:flutter/src/widgets/framework.dart:4191)
I/flutter (10181): #42     MultiChildRenderObjectElement.update (package:flutter/src/widgets/framework.dart:7295)
I/flutter (10181): #43     Element.updateChild (package:flutter/src/widgets/framework.dart:4037)
I/flutter (10181): #44     ComponentElement.performRebuild (package:flutter/src/widgets/framework.dart:5841)
I/flutter (10181): #45     Element.rebuild (package:flutter/src/widgets/framework.dart:5529)
I/flutter (10181): #46     ProxyElement.update (package:flutter/src/widgets/framework.dart:6149)
I/flutter (10181): #47     Element.updateChild (package:flutter/src/widgets/framework.dart:4037)
I/flutter (10181): #48     ComponentElement.performRebuild (package:flutter/src/widgets/framework.dart:5841)
I/flutter (10181): #49     StatefulElement.performRebuild (package:flutter/src/widgets/framework.dart:5982)
I/flutter (10181): #50     Element.rebuild (package:flutter/src/widgets/framework.dart:5529)
I/flutter (10181): #51     StatefulElement.update (package:flutter/src/widgets/framework.dart:6007)
I/flutter (10181): #52     Element.updateChild (package:flutter/src/widgets/framework.dart:4037)
I/flutter (10181): #53     ComponentElement.performRebuild (package:flutter/src/widgets/framework.dart:5841)
I/flutter (10181): #54     Element.rebuild (package:flutter/src/widgets/framework.dart:5529)
I/flutter (10181): #55     StatelessElement.update (package:flutter/src/widgets/framework.dart:5895)
I/flutter (10181): #56     Element.updateChild (package:flutter/src/widgets/framework.dart:4037)
I/flutter (10181): #57     ComponentElement.performRebuild (package:flutter/src/widgets/framework.dart:5841)
I/flutter (10181): #58     Element.rebuild (package:flutter/src/widgets/framework.dart:5529)
I/flutter (10181): #59     ProxyElement.update (package:flutter/src/widgets/framework.dart:6149)
I/flutter (10181): #60     Element.updateChild (package:flutter/src/widgets/framework.dart:4037)
I/flutter (10181): #61     ComponentElement.performRebuild (package:flutter/src/widgets/framework.dart:5841)
I/flutter (10181): #62     StatefulElement.performRebuild (package:flutter/src/widgets/framework.dart:5982)
I/flutter (10181): #63     Element.rebuild (package:flutter/src/widgets/framework.dart:5529)
I/flutter (10181): #64     StatefulElement.update (package:flutter/src/widgets/framework.dart:6007)
I/flutter (10181): #65     Element.updateChild (package:flutter/src/widgets/framework.dart:4037)
I/flutter (10181): #66     SingleChildRenderObjectElement.update (package:flutter/src/widgets/framework.dart:7122)
I/flutter (10181): #67     Element.updateChild (package:flutter/src/widgets/framework.dart:4037)
I/flutter (10181): #68     ComponentElement.performRebuild (package:flutter/src/widgets/framework.dart:5841)
I/flutter (10181): #69     Element.rebuild (package:flutter/src/widgets/framework.dart:5529)
I/flutter (10181): #70     ProxyElement.update (package:flutter/src/widgets/framework.dart:6149)
I/flutter (10181): #71     Element.updateChild (package:flutter/src/widgets/framework.dart:4037)
I/flutter (10181): #72     SingleChildRenderObjectElement.update (package:flutter/src/widgets/framework.dart:7122)
I/flutter (10181): #73     Element.updateChild (package:flutter/src/widgets/framework.dart:4037)
I/flutter (10181): #74     ComponentElement.performRebuild (package:flutter/src/widgets/framework.dart:5841)
I/flutter (10181): #75     StatefulElement.performRebuild (package:flutter/src/widgets/framework.dart:5982)
I/flutter (10181): #76     Element.rebuild (package:flutter/src/widgets/framework.dart:5529)
I/flutter (10181): #77     StatefulElement.update (package:flutter/src/widgets/framework.dart:6007)
I/flutter (10181): #78     Element.updateChild (package:flutter/src/widgets/framework.dart:4037)
I/flutter (10181): #79     ComponentElement.performRebuild (package:flutter/src/widgets/framework.dart:5841)
I/flutter (10181): #80     StatefulElement.performRebuild (package:flutter/src/widgets/framework.dart:5982)
I/flutter (10181): #81     Element.rebuild (package:flutter/src/widgets/framework.dart:5529)
I/flutter (10181): #82     StatefulElement.update (package:flutter/src/widgets/framework.dart:6007)
I/flutter (10181): #83     Element.updateChild (package:flutter/src/widgets/framework.dart:4037)
I/flutter (10181): #84     ComponentElement.performRebuild (package:flutter/src/widgets/framework.dart:5841)
I/flutter (10181): #85     Element.rebuild (package:flutter/src/widgets/framework.dart:5529)
I/flutter (10181): #86     ProxyElement.update (package:flutter/src/widgets/framework.dart:6149)
I/flutter (10181): #87     Element.updateChild (package:flutter/src/widgets/framework.dart:4037)
I/flutter (10181): #88     ComponentElement.performRebuild (package:flutter/src/widgets/framework.dart:5841)
I/flutter (10181): #89     Element.rebuild (package:flutter/src/widgets/framework.dart:5529)
I/flutter (10181): #90     ProxyElement.update (package:flutter/src/widgets/framework.dart:6149)
I/flutter (10181): #91     Element.updateChild (package:flutter/src/widgets/framework.dart:4037)
I/flutter (10181): #92     ComponentElement.performRebuild (package:flutter/src/widgets/framework.dart:5841)
I/flutter (10181): #93     Element.rebuild (package:flutter/src/widgets/framework.dart:5529)
I/flutter (10181): #94     ProxyElement.update (package:flutter/src/widgets/framework.dart:6149)
I/flutter (10181): #95     Element.updateChild (package:flutter/src/widgets/framework.dart:4037)
I/flutter (10181): #96     ComponentElement.performRebuild (package:flutter/src/widgets/framework.dart:5841)
I/flutter (10181): #97     StatefulElement.performRebuild (package:flutter/src/widgets/framework.dart:5982)
I/flutter (10181): #98     Element.rebuild (package:flutter/src/widgets/framework.dart:5529)
I/flutter (10181): #99     StatefulElement.update (package:flutter/src/widgets/framework.dart:6007)
I/flutter (10181): [SPM:perf] 698a51a  buildSpan: 9283µs
I/flutter (10181): [spm] Performance monitoring completed for 698a51a
[spm]: ProfilerData event received.
I/flutter (10181): type '_Stub' is not a subtype of type 'EdgeInsetsGeometry?'
I/flutter (10181): #0      TextBox.build (package:benchmark_container/generated_widget.dart:184)
I/flutter (10181): #1      StatelessElement.build (package:flutter/src/widgets/framework.dart:5889)
I/flutter (10181): #2      ComponentElement.performRebuild (package:flutter/src/widgets/framework.dart:5817)
I/flutter (10181): #3      Element.rebuild (package:flutter/src/widgets/framework.dart:5529)
I/flutter (10181): #4      StatelessElement.update (package:flutter/src/widgets/framework.dart:5895)
I/flutter (10181): #5      Element.updateChild (package:flutter/src/widgets/framework.dart:4037)
I/flutter (10181): #6      Element.updateChildren (package:flutter/src/widgets/framework.dart:4191)
I/flutter (10181): #7      MultiChildRenderObjectElement.update (package:flutter/src/widgets/framework.dart:7295)
I/flutter (10181): #8      Element.updateChild (package:flutter/src/widgets/framework.dart:4037)
I/flutter (10181): #9      SingleChildRenderObjectElement.update (package:flutter/src/widgets/framework.dart:7122)
I/flutter (10181): #10     Element.updateChild (package:flutter/src/widgets/framework.dart:4037)
I/flutter (10181): #11     ComponentElement.performRebuild (package:flutter/src/widgets/framework.dart:5841)
I/flutter (10181): #12     Element.rebuild (package:flutter/src/widgets/framework.dart:5529)
I/flutter (10181): #13     StatelessElement.update (package:flutter/src/widgets/framework.dart:5895)
I/flutter (10181): #14     Element.updateChild (package:flutter/src/widgets/framework.dart:4037)
I/flutter (10181): #15     ComponentElement.performRebuild (package:flutter/src/widgets/framework.dart:5841)
I/flutter (10181): #16     Element.rebuild (package:flutter/src/widgets/framework.dart:5529)
I/flutter (10181): #17     ProxyElement.update (package:flutter/src/widgets/framework.dart:6149)
I/flutter (10181): #18     Element.updateChild (package:flutter/src/widgets/framework.dart:4037)
I/flutter (10181): #19     SingleChildRenderObjectElement.update (package:flutter/src/widgets/framework.dart:7122)
I/flutter (10181): #20     Element.updateChild (package:flutter/src/widgets/framework.dart:4037)
I/flutter (10181): #21     ComponentElement.performRebuild (package:flutter/src/widgets/framework.dart:5841)
I/flutter (10181): #22     Element.rebuild (package:flutter/src/widgets/framework.dart:5529)
I/flutter (10181): #23     StatelessElement.update (package:flutter/src/widgets/framework.dart:5895)
I/flutter (10181): #24     Element.updateChild (package:flutter/src/widgets/framework.dart:4037)
I/flutter (10181): #25     ComponentElement.performRebuild (package:flutter/src/widgets/framework.dart:5841)
I/flutter (10181): #26     Element.rebuild (package:flutter/src/widgets/framework.dart:5529)
I/flutter (10181): #27     StatelessElement.update (package:flutter/src/widgets/framework.dart:5895)
I/flutter (10181): #28     Element.updateChild (package:flutter/src/widgets/framework.dart:4037)
I/flutter (10181): #29     ComponentElement.performRebuild (package:flutter/src/widgets/framework.dart:5841)
I/flutter (10181): #30     Element.rebuild (package:flutter/src/widgets/framework.dart:5529)
I/flutter (10181): #31     StatelessElement.update (package:flutter/src/widgets/framework.dart:5895)
I/flutter (10181): #32     Element.updateChild (package:flutter/src/widgets/framework.dart:4037)
I/flutter (10181): #33     ComponentElement.performRebuild (package:flutter/src/widgets/framework.dart:5841)
I/flutter (10181): #34     Element.rebuild (package:flutter/src/widgets/framework.dart:5529)
I/flutter (10181): #35     ProxyElement.update (package:flutter/src/widgets/framework.dart:6149)
I/flutter (10181): #36     Element.updateChild (package:flutter/src/widgets/framework.dart:4037)
I/flutter (10181): #37     ComponentElement.performRebuild (package:flutter/src/widgets/framework.dart:5841)
I/flutter (10181): #38     Element.rebuild (package:flutter/src/widgets/framework.dart:5529)
I/flutter (10181): #39     ProxyElement.update (package:flutter/src/widgets/framework.dart:6149)
I/flutter (10181): #40     Element.updateChild (package:flutter/src/widgets/framework.dart:4037)
I/flutter (10181): #41     Element.updateChildren (package:flutter/src/widgets/framework.dart:4191)
I/flutter (10181): #42     MultiChildRenderObjectElement.update (package:flutter/src/widgets/framework.dart:7295)
I/flutter (10181): #43     Element.updateChild (package:flutter/src/widgets/framework.dart:4037)
I/flutter (10181): #44     ComponentElement.performRebuild (package:flutter/src/widgets/framework.dart:5841)
I/flutter (10181): #45     Element.rebuild (package:flutter/src/widgets/framework.dart:5529)
I/flutter (10181): #46     ProxyElement.update (package:flutter/src/widgets/framework.dart:6149)
I/flutter (10181): #47     Element.updateChild (package:flutter/src/widgets/framework.dart:4037)
I/flutter (10181): #48     ComponentElement.performRebuild (package:flutter/src/widgets/framework.dart:5841)
I/flutter (10181): #49     StatefulElement.performRebuild (package:flutter/src/widgets/framework.dart:5982)
I/flutter (10181): #50     Element.rebuild (package:flutter/src/widgets/framework.dart:5529)
I/flutter (10181): #51     StatefulElement.update (package:flutter/src/widgets/framework.dart:6007)
I/flutter (10181): #52     Element.updateChild (package:flutter/src/widgets/framework.dart:4037)
I/flutter (10181): #53     ComponentElement.performRebuild (package:flutter/src/widgets/framework.dart:5841)
I/flutter (10181): #54     Element.rebuild (package:flutter/src/widgets/framework.dart:5529)
I/flutter (10181): #55     StatelessElement.update (package:flutter/src/widgets/framework.dart:5895)
I/flutter (10181): #56     Element.updateChild (package:flutter/src/widgets/framework.dart:4037)
I/flutter (10181): #57     ComponentElement.performRebuild (package:flutter/src/widgets/framework.dart:5841)
I/flutter (10181): #58     Element.rebuild (package:flutter/src/widgets/framework.dart:5529)
I/flutter (10181): #59     ProxyElement.update (package:flutter/src/widgets/framework.dart:6149)
I/flutter (10181): #60     Element.updateChild (package:flutter/src/widgets/framework.dart:4037)
I/flutter (10181): #61     ComponentElement.performRebuild (package:flutter/src/widgets/framework.dart:5841)
I/flutter (10181): #62     StatefulElement.performRebuild (package:flutter/src/widgets/framework.dart:5982)
I/flutter (10181): #63     Element.rebuild (package:flutter/src/widgets/framework.dart:5529)
I/flutter (10181): #64     StatefulElement.update (package:flutter/src/widgets/framework.dart:6007)
I/flutter (10181): #65     Element.updateChild (package:flutter/src/widgets/framework.dart:4037)
I/flutter (10181): #66     SingleChildRenderObjectElement.update (package:flutter/src/widgets/framework.dart:7122)
I/flutter (10181): #67     Element.updateChild (package:flutter/src/widgets/framework.dart:4037)
I/flutter (10181): #68     ComponentElement.performRebuild (package:flutter/src/widgets/framework.dart:5841)
I/flutter (10181): #69     Element.rebuild (package:flutter/src/widgets/framework.dart:5529)
I/flutter (10181): #70     ProxyElement.update (package:flutter/src/widgets/framework.dart:6149)
I/flutter (10181): #71     Element.updateChild (package:flutter/src/widgets/framework.dart:4037)
I/flutter (10181): #72     SingleChildRenderObjectElement.update (package:flutter/src/widgets/framework.dart:7122)
I/flutter (10181): #73     Element.updateChild (package:flutter/src/widgets/framework.dart:4037)
I/flutter (10181): #74     ComponentElement.performRebuild (package:flutter/src/widgets/framework.dart:5841)
I/flutter (10181): #75     StatefulElement.performRebuild (package:flutter/src/widgets/framework.dart:5982)
I/flutter (10181): #76     Element.rebuild (package:flutter/src/widgets/framework.dart:5529)
I/flutter (10181): #77     StatefulElement.update (package:flutter/src/widgets/framework.dart:6007)
I/flutter (10181): #78     Element.updateChild (package:flutter/src/widgets/framework.dart:4037)
I/flutter (10181): #79     ComponentElement.performRebuild (package:flutter/src/widgets/framework.dart:5841)
I/flutter (10181): #80     StatefulElement.performRebuild (package:flutter/src/widgets/framework.dart:5982)
I/flutter (10181): #81     Element.rebuild (package:flutter/src/widgets/framework.dart:5529)
I/flutter (10181): #82     StatefulElement.update (package:flutter/src/widgets/framework.dart:6007)
I/flutter (10181): #83     Element.updateChild (package:flutter/src/widgets/framework.dart:4037)
I/flutter (10181): #84     ComponentElement.performRebuild (package:flutter/src/widgets/framework.dart:5841)
I/flutter (10181): #85     Element.rebuild (package:flutter/src/widgets/framework.dart:5529)
I/flutter (10181): #86     ProxyElement.update (package:flutter/src/widgets/framework.dart:6149)
I/flutter (10181): #87     Element.updateChild (package:flutter/src/widgets/framework.dart:4037)
I/flutter (10181): #88     ComponentElement.performRebuild (package:flutter/src/widgets/framework.dart:5841)
I/flutter (10181): #89     Element.rebuild (package:flutter/src/widgets/framework.dart:5529)
I/flutter (10181): #90     ProxyElement.update (package:flutter/src/widgets/framework.dart:6149)
I/flutter (10181): #91     Element.updateChild (package:flutter/src/widgets/framework.dart:4037)
I/flutter (10181): #92     ComponentElement.performRebuild (package:flutter/src/widgets/framework.dart:5841)
I/flutter (10181): #93     Element.rebuild (package:flutter/src/widgets/framework.dart:5529)
I/flutter (10181): #94     ProxyElement.update (package:flutter/src/widgets/framework.dart:6149)
I/flutter (10181): #95     Element.updateChild (package:flutter/src/widgets/framework.dart:4037)
I/flutter (10181): #96     ComponentElement.performRebuild (package:flutter/src/widgets/framework.dart:5841)
I/flutter (10181): #97     StatefulElement.performRebuild (package:flutter/src/widgets/framework.dart:5982)
I/flutter (10181): #98     Element.rebuild (package:flutter/src/widgets/framework.dart:5529)
I/flutter (10181): #99     StatefulElement.update (package:flutter/src/widgets/framework.dart:6007)
I/flutter (10181): [SPM:perf] 698a51a  buildSpan: 9269µs
I/flutter (10181): [spm] Performance monitoring completed for 698a51a
[spm]: ProfilerData event received.
I/flutter (10181): Multiple exceptions (33) were detected during the running of the current test, and at least one was unexpected.
I/flutter (10181): #0      debugPrintStack (package:flutter/src/foundation/assertions.dart:1213)
I/flutter (10181): #1      FlutterError.dumpErrorToConsole (package:flutter/src/foundation/assertions.dart:1033)
I/flutter (10181): #2      _defaultTestExceptionReporter (package:flutter_test/src/test_exception_reporter.dart:29)
I/flutter (10181): #3      new IntegrationTestWidgetsFlutterBinding.<anonymous closure> (package:integration_test/integration_test.dart:91)
I/flutter (10181): #4      TestWidgetsFlutterBinding._createTestCompletionHandler.<anonymous closure> (package:flutter_test/src/binding.dart:1713)
I/flutter (10181): <asynchronous suspension>
I/flutter (10181): (elided 6 frames from dart:async)
I/flutter (10181): 01:10 +0: Performance Benchmark [E]
I/flutter (10181):   Test failed. See exception logs above.
I/flutter (10181):   The test description was: Performance Benchmark
I/flutter (10181):   
I/flutter (10181): 01:10 +0 -1: (tearDownAll)
I/flutter (10181): 01:11 +1 -1: Some tests failed.
Failure Details:
Failure in method: Performance Benchmark
Instance of 'FlutterErrorDetails'
end of failure 1



[spm]: Saved 30 profiler events to <ROOT>/dataset-new_samples/0452/redmi9t/raw/20260910-173302/rev_002_46f1fb92/e1.jsonl
[spm]: Reverting injection...
30 issues found. (ran in 0.6s)
WARNING: Your Android app project: app located at: <ROOT>/android/app/build.gradle.kts
applies the Kotlin Gradle Plugin, which will cause build failures in future versions of Flutter. 
Please migrate your app to Built-in Kotlin using this guide: https://docs.flutter.dev/release/breaking-changes/migrate-to-built-in-kotlin/for-app-developers

VMServiceFlutterDriver: Connecting to Flutter application at http://127.0.0.1:45589/dLxl5yWjoIg=/
[spm]: Detected VM service URI: ws://127.0.0.1:45589/dLxl5yWjoIg=/ws
VMServiceFlutterDriver: Isolate found with number: 2094177447083779
VMServiceFlutterDriver: Isolate 2094177447083779 is runnable.
VMServiceFlutterDriver: Isolate is paused at start.
VMServiceFlutterDriver: Attempting to resume isolate
VMServiceFlutterDriver: Connected to Flutter application.
VMServiceFlutterDriver: request_data message is taking a long time to complete...