# sample_id=0452/rev_002_46f1fb92 exec_index=10 ok=False perf_lines=30 vm_events=30 battery_pct=73 soc_temp_millic=49400 battery_temp_c=36.5 charging=False preflight_started=2026-09-11T14:20:19.517654+00:00 started=2026-09-11T14:20:22.010144+00:00 ts=2026-09-11T14:22:21.565450+00:00
[spm]: Running flutter analyze...
Resolving dependencies...
Downloading packages...
  _fe_analyzer_shared 100.0.0 (107.0.0 available)
  analyzer 13.0.0 (14.3.0 available)
  async 2.13.0 (2.13.1 available)
  clock 1.1.2 (1.1.3 available)
  cupertino_icons 1.0.8 (1.0.9 available)
  glob 2.1.3 (2.2.0 available)
  lints 6.0.0 (6.1.0 available)
  matcher 0.12.19 (0.12.20 available)
  material_color_utilities 0.13.0 (0.13.1 available)
  meta 1.18.0 (1.19.0 available)
  package_config 2.2.0 (3.0.0 available)
  platform 3.1.6 (3.2.0 available)
  process 5.0.5 (5.0.6 available)
  pub_semver 2.2.0 (2.2.1 available)
  source_span 1.10.1 (1.10.2 available)
  stack_trace 1.12.1 (1.12.2 available)
  test_api 0.7.11 (0.7.14 available)
  vector_math 2.2.0 (2.4.2 available)
  vm_service 15.0.2 (15.3.0 available)
  webdriver 3.1.0 (3.2.0 available)
  yaml 3.1.3 (3.1.4 available)
Got dependencies!
21 packages have newer versions incompatible with dependency constraints.
Try `flutter pub outdated` for more information.
Analyzing lib...                                                

   info • The part-of directive uses a library name. Try converting the directive to use the URI of the library • lib/dependencies.dart:46:1 • use_string_in_part_of_directives
   info • Redundant initialization to 'null'. Try removing the initializer • lib/dependencies.dart:80:11 • avoid_init_to_null
   info • Redundant initialization to 'null'. Try removing the initializer • lib/dependencies.dart:82:12 • avoid_init_to_null
   info • Redundant initialization to 'null'. Try removing the initializer • lib/dependencies.dart:84:9 • avoid_init_to_null
warning • Two elements in a set literal shouldn't be equal. Change or remove the duplicate element • lib/dependencies.dart:94:43 • equal_elements_in_set
warning • Two elements in a set literal shouldn't be equal. Change or remove the duplicate element • lib/dependencies.dart:94:46 • equal_elements_in_set
   info • Constructors in '@immutable' classes should be declared as 'const'. Try adding 'const' to the constructor declaration • lib/dependencies.dart:122:3 • prefer_const_constructors_in_immutables
   info • Constructors in '@immutable' classes should be declared as 'const'. Try adding 'const' to the constructor declaration • lib/dependencies.dart:147:3 • prefer_const_constructors_in_immutables
   info • Constructors in '@immutable' classes should be declared as 'const'. Try adding 'const' to the constructor declaration • lib/dependencies.dart:172:3 • prefer_const_constructors_in_immutables
   info • Constructors in '@immutable' classes should be declared as 'const'. Try adding 'const' to the constructor declaration • lib/dependencies.dart:195:3 • prefer_const_constructors_in_immutables
   info • Constructors in '@immutable' classes should be declared as 'const'. Try adding 'const' to the constructor declaration • lib/dependencies.dart:218:3 • prefer_const_constructors_in_immutables
   info • The variable name 'EEEE' isn't a lowerCamelCase identifier. Try changing the name to follow the lowerCamelCase style • lib/dependencies.dart:308:14 • non_constant_identifier_names
   info • The variable name 'EEEEE' isn't a lowerCamelCase identifier. Try changing the name to follow the lowerCamelCase style • lib/dependencies.dart:309:14 • non_constant_identifier_names
   info • The variable name 'LLL' isn't a lowerCamelCase identifier. Try changing the name to follow the lowerCamelCase style • lib/dependencies.dart:310:14 • non_constant_identifier_names
   info • The variable name 'LLLL' isn't a lowerCamelCase identifier. Try changing the name to follow the lowerCamelCase style • lib/dependencies.dart:311:14 • non_constant_identifier_names
   info • The variable name 'Md' isn't a lowerCamelCase identifier. Try changing the name to follow the lowerCamelCase style • lib/dependencies.dart:313:14 • non_constant_identifier_names
   info • The variable name 'MEd' isn't a lowerCamelCase identifier. Try changing the name to follow the lowerCamelCase style • lib/dependencies.dart:314:14 • non_constant_identifier_names
   info • The variable name 'MMM' isn't a lowerCamelCase identifier. Try changing the name to follow the lowerCamelCase style • lib/dependencies.dart:315:14 • non_constant_identifier_names
   info • The variable name 'MMMd' isn't a lowerCamelCase identifier. Try changing the name to follow the lowerCamelCase style • lib/dependencies.dart:316:14 • non_constant_identifier_names
   info • The variable name 'MMMEd' isn't a lowerCamelCase identifier. Try changing the name to follow the lowerCamelCase style • lib/dependencies.dart:317:14 • non_constant_identifier_names
   info • The variable name 'MMMM' isn't a lowerCamelCase identifier. Try changing the name to follow the lowerCamelCase style • lib/dependencies.dart:318:14 • non_constant_identifier_names
   info • The variable name 'MMMMd' isn't a lowerCamelCase identifier. Try changing the name to follow the lowerCamelCase style • lib/dependencies.dart:319:14 • non_constant_identifier_names
   info • The variable name 'MMMMEEEEd' isn't a lowerCamelCase identifier. Try changing the name to follow the lowerCamelCase style • lib/dependencies.dart:320:14 • non_constant_identifier_names
   info • The variable name 'QQQ' isn't a lowerCamelCase identifier. Try changing the name to follow the lowerCamelCase style • lib/dependencies.dart:321:14 • non_constant_identifier_names
   info • The variable name 'QQQQ' isn't a lowerCamelCase identifier. Try changing the name to follow the lowerCamelCase style • lib/dependencies.dart:322:14 • non_constant_identifier_names
   info • The variable name 'Hm' isn't a lowerCamelCase identifier. Try changing the name to follow the lowerCamelCase style • lib/dependencies.dart:336:14 • non_constant_identifier_names
   info • The variable name 'Hms' isn't a lowerCamelCase identifier. Try changing the name to follow the lowerCamelCase style • lib/dependencies.dart:337:14 • non_constant_identifier_names
   info • Library names are not necessary. Remove the library name • lib/generated_widget.dart:2:9 • unnecessary_library_name
   info • Constructors in '@immutable' classes should be declared as 'const'. Try adding 'const' to the constructor declaration • lib/generated_widget.dart:12:3 • prefer_const_constructors_in_immutables
   info • 'MaterialStatePropertyAll' is deprecated and shouldn't be used. Use WidgetStatePropertyAll instead. Moved to the Widgets layer to make code available outside of Material. This feature was deprecated after v3.19.0-0.3.pre. Try replacing the use of the deprecated member with the replacement • lib/generated_widget.dart:108:20 • deprecated_member_use

[spm]: Injecting profiler code...
[spm]: Starting app...
Running Gradle task 'assembleProfile'...                        
Running Gradle task 'assembleProfile'...                           19.4s
✓ Built build/app/outputs/flutter-apk/app-profile.apk (26.8MB)
Installing build/app/outputs/flutter-apk/app-profile.apk...      1,264ms
D/DecorView[](31304): getWindowModeFromSystem  windowmode is 1
D/DecorView[](31304): getWindowModeFromSystem  windowmode is 1
D/DecorView[](31304): updateDecorCaptionStatus displayWindowDecor is false
W/Looper  (31304): PerfMonitor looperActivity : package=com.example.benchmark_container/.MainActivity time=391ms latency=396ms running=0ms  procState=-1  historyMsgCount=3 (msgIndex=3 wall=384ms seq=3 h=android.app.ActivityThread$H w=110)
W/Looper  (31304): PerfMonitor looperActivity : package=com.example.benchmark_container/.MainActivity time=0ms latency=789ms running=0ms  procState=-1  historyMsgCount=4 (msgIndex=3 wall=384ms seq=3 h=android.app.ActivityThread$H w=110) (msgIndex=4 wall=391ms seq=4 late=396ms h=android.app.ActivityThread$H w=159)
D/SurfaceView(31304): UPDATE null, mIsCastMode = false
D/hw-ProcessState(31304): Binder ioctl to enable oneway spam detection failed: Invalid argument
W/Looper  (31304): PerfMonitor longMsg : seq=8 plan=17:20:57.602 late=413ms wall=1656ms running=0ms h=android.view.Choreographer$FrameHandler c=android.view.Choreographer$FrameDisplayEventReceiver procState=-1
W/Looper  (31304): PerfMonitor doFrame : time=1656ms vsyncFrame=0 latency=413ms procState=-1 historyMsgCount=7 (msgIndex=3 wall=1656ms seq=8 late=413ms h=android.view.Choreographer$FrameHandler c=android.view.Choreographer$FrameDisplayEventReceiver) (msgIndex=4 wall=391ms seq=4 h=android.app.ActivityThread$H w=159)
I/Choreographer(31304): Skipped 93 frames!  The application may be doing too much work on its main thread.
D/SurfaceView(31304): UPDATE Surface(name=SurfaceView[com.example.benchmark_container/com.example.benchmark_container.MainActivity])/@0x739554a, mIsProjectionMode = false
W/Looper  (31304): PerfMonitor doFrame : time=3ms vsyncFrame=0 latency=1559ms procState=-1 historyMsgCount=4
[spm]: Connected to Dart VM service.
I/flutter (31304): 00:00 +0: Performance Benchmark
E/hmark_containe(31304): open libmigui.so failed! dlopen - dlopen failed: library "libmigui.so" not found
D/hmark_containe(31304): MiuiProcessManagerServiceStub setSchedFifo
I/MiuiProcessManagerImpl(31304): setSchedFifo pid:31304, mode:3
D/DecorView[](31304): onWindowFocusChanged hasWindowFocus true
I/flutter (31304): type 'BoxParentData' is not a subtype of type 'FlexParentData' in type cast
I/flutter (31304): #0      Flexible.applyParentData (package:flutter/src/widgets/basic.dart:6069)
I/flutter (31304): #1      RenderObjectElement._updateParentData (package:flutter/src/widgets/framework.dart:6901)
I/flutter (31304): #2      RenderObjectElement.attachRenderObject (package:flutter/src/widgets/framework.dart:6945)
I/flutter (31304): #3      RenderObjectElement.mount (package:flutter/src/widgets/framework.dart:6801)
I/flutter (31304): #4      SingleChildRenderObjectElement.mount (package:flutter/src/widgets/framework.dart:7114)
I/flutter (31304): #5      Element.inflateWidget (package:flutter/src/widgets/framework.dart:4587)
I/flutter (31304): #6      Element.updateChild (package:flutter/src/widgets/framework.dart:4059)
I/flutter (31304): #7      ComponentElement.performRebuild (package:flutter/src/widgets/framework.dart:5841)
I/flutter (31304): #8      Element.rebuild (package:flutter/src/widgets/framework.dart:5529)
I/flutter (31304): #9      ComponentElement._firstBuild (package:flutter/src/widgets/framework.dart:5799)
I/flutter (31304): #10     ComponentElement.mount (package:flutter/src/widgets/framework.dart:5793)
I/flutter (31304): #11     Element.inflateWidget (package:flutter/src/widgets/framework.dart:4587)
I/flutter (31304): #12     Element.updateChild (package:flutter/src/widgets/framework.dart:4059)
I/flutter (31304): #13     SingleChildRenderObjectElement.mount (package:flutter/src/widgets/framework.dart:7115)
I/flutter (31304): #14     Element.inflateWidget (package:flutter/src/widgets/framework.dart:4587)
I/flutter (31304): #15     Element.updateChild (package:flutter/src/widgets/framework.dart:4059)
I/flutter (31304): #16     SingleChildRenderObjectElement.mount (package:flutter/src/widgets/framework.dart:7115)
I/flutter (31304): #17     Element.inflateWidget (package:flutter/src/widgets/framework.dart:4587)
I/flutter (31304): #18     Element.updateChild (package:flutter/src/widgets/framework.dart:4059)
I/flutter (31304): #19     SingleChildRenderObjectElement.mount (package:flutter/src/widgets/framework.dart:7115)
I/flutter (31304): #20     Element.inflateWidget (package:flutter/src/widgets/framework.dart:4587)
I/flutter (31304): #21     Element.updateChild (package:flutter/src/widgets/framework.dart:4059)
I/flutter (31304): #22     ComponentElement.performRebuild (package:flutter/src/widgets/framework.dart:5841)
I/flutter (31304): #23     Element.rebuild (package:flutter/src/widgets/framework.dart:5529)
I/flutter (31304): #24     ComponentElement._firstBuild (package:flutter/src/widgets/framework.dart:5799)
I/flutter (31304): #25     ComponentElement.mount (package:flutter/src/widgets/framework.dart:5793)
I/flutter (31304): #26     Element.inflateWidget (package:flutter/src/widgets/framework.dart:4587)
I/flutter (31304): #27     Element.updateChild (package:flutter/src/widgets/framework.dart:4059)
I/flutter (31304): #28     SingleChildRenderObjectElement.mount (package:flutter/src/widgets/framework.dart:7115)
I/flutter (31304): #29     Element.inflateWidget (package:flutter/src/widgets/framework.dart:4587)
I/flutter (31304): #30     Element.updateChild (package:flutter/src/widgets/framework.dart:4059)
I/flutter (31304): #31     SingleChildRenderObjectElement.mount (package:flutter/src/widgets/framework.dart:7115)
I/flutter (31304): #32     Element.inflateWidget (package:flutter/src/widgets/framework.dart:4587)
I/flutter (31304): #33     Element.updateChild (package:flutter/src/widgets/framework.dart:4059)
I/flutter (31304): #34     SingleChildRenderObjectElement.mount (package:flutter/src/widgets/framework.dart:7115)
I/flutter (31304): #35     Element.inflateWidget (package:flutter/src/widgets/framework.dart:4587)
I/flutter (31304): #36     Element.updateChild (package:flutter/src/widgets/framework.dart:4059)
I/flutter (31304): #37     ComponentElement.performRebuild (package:flutter/src/widgets/framework.dart:5841)
I/flutter (31304): #38     StatefulElement.performRebuild (package:flutter/src/widgets/framework.dart:5982)
I/flutter (31304): #39     Element.rebuild (package:flutter/src/widgets/framework.dart:5529)
I/flutter (31304): #40     ComponentElement._firstBuild (package:flutter/src/widgets/framework.dart:5799)
I/flutter (31304): #41     StatefulElement._firstBuild (package:flutter/src/widgets/framework.dart:5973)
I/flutter (31304): #42     ComponentElement.mount (package:flutter/src/widgets/framework.dart:5793)
I/flutter (31304): #43     Element.inflateWidget (package:flutter/src/widgets/framework.dart:4587)
I/flutter (31304): #44     Element.updateChild (package:flutter/src/widgets/framework.dart:4059)
I/flutter (31304): #45     ComponentElement.performRebuild (package:flutter/src/widgets/framework.dart:5841)
I/flutter (31304): #46     Element.rebuild (package:flutter/src/widgets/framework.dart:5529)
I/flutter (31304): #47     ComponentElement._firstBuild (package:flutter/src/widgets/framework.dart:5799)
I/flutter (31304): #48     ComponentElement.mount (package:flutter/src/widgets/framework.dart:5793)
I/flutter (31304): #49     Element.inflateWidget (package:flutter/src/widgets/framework.dart:4587)
I/flutter (31304): #50     Element.updateChild (package:flutter/src/widgets/framework.dart:4059)
I/flutter (31304): #51     SingleChildRenderObjectElement.mount (package:flutter/src/widgets/framework.dart:7115)
I/flutter (31304): #52     Element.inflateWidget (package:flutter/src/widgets/framework.dart:4587)
I/flutter (31304): #53     Element.updateChild (package:flutter/src/widgets/framework.dart:4059)
I/flutter (31304): #54     ComponentElement.performRebuild (package:flutter/src/widgets/framework.dart:5841)
I/flutter (31304): #55     Element.rebuild (package:flutter/src/widgets/framework.dart:5529)
I/flutter (31304): #56     ComponentElement._firstBuild (package:flutter/src/widgets/framework.dart:5799)
I/flutter (31304): #57     ComponentElement.mount (package:flutter/src/widgets/framework.dart:5793)
I/flutter (31304): #58     Element.inflateWidget (package:flutter/src/widgets/framework.dart:4587)
I/flutter (31304): #59     Element.updateChild (package:flutter/src/widgets/framework.dart:4059)
I/flutter (31304): #60     ComponentElement.performRebuild (package:flutter/src/widgets/framework.dart:5841)
I/flutter (31304): #61     Element.rebuild (package:flutter/src/widgets/framework.dart:5529)
I/flutter (31304): #62     ComponentElement._firstBuild (package:flutter/src/widgets/framework.dart:5799)
I/flutter (31304): #63     ComponentElement.mount (package:flutter/src/widgets/framework.dart:5793)
I/flutter (31304): #64     Element.inflateWidget (package:flutter/src/widgets/framework.dart:4587)
I/flutter (31304): #65     Element.updateChild (package:flutter/src/widgets/framework.dart:4059)
I/flutter (31304): #66     SingleChildRenderObjectElement.mount (package:flutter/src/widgets/framework.dart:7115)
I/flutter (31304): #67     Element.inflateWidget (package:flutter/src/widgets/framework.dart:4587)
I/flutter (31304): #68     Element.updateChild (package:flutter/src/widgets/framework.dart:4059)
I/flutter (31304): #69     SingleChildRenderObjectElement.mount (package:flutter/src/widgets/framework.dart:7115)
I/flutter (31304): #70     Element.inflateWidget (package:flutter/src/widgets/framework.dart:4587)
I/flutter (31304): #71     Element.updateChild (package:flutter/src/widgets/framework.dart:4059)
I/flutter (31304): #72     ComponentElement.performRebuild (package:flutter/src/widgets/framework.dart:5841)
I/flutter (31304): #73     Element.rebuild (package:flutter/src/widgets/framework.dart:5529)
I/flutter (31304): #74     ComponentElement._firstBuild (package:flutter/src/widgets/framework.dart:5799)
I/flutter (31304): #75     ComponentElement.mount (package:flutter/src/widgets/framework.dart:5793)
I/flutter (31304): #76     Element.inflateWidget (package:flutter/src/widgets/framework.dart:4587)
I/flutter (31304): #77     Element.updateChild (package:flutter/src/widgets/framework.dart:4059)
I/flutter (31304): #78     ComponentElement.performRebuild (package:flutter/src/widgets/framework.dart:5841)
I/flutter (31304): #79     StatefulElement.performRebuild (package:flutter/src/widgets/framework.dart:5982)
I/flutter (31304): #80     Element.rebuild (package:flutter/src/widgets/framework.dart:5529)
I/flutter (31304): #81     ComponentElement._firstBuild (package:flutter/src/widgets/framework.dart:5799)
I/flutter (31304): #82     StatefulElement._firstBuild (package:flutter/src/widgets/framework.dart:5973)
I/flutter (31304): #83     ComponentElement.mount (package:flutter/src/widgets/framework.dart:5793)
I/flutter (31304): #84     Element.inflateWidget (package:flutter/src/widgets/framework.dart:4587)
I/flutter (31304): #85     Element.updateChild (package:flutter/src/widgets/framework.dart:4059)
I/flutter (31304): #86     ComponentElement.performRebuild (package:flutter/src/widgets/framework.dart:5841)
I/flutter (31304): #87     Element.rebuild (package:flutter/src/widgets/framework.dart:5529)
I/flutter (31304): #88     ComponentElement._firstBuild (package:flutter/src/widgets/framework.dart:5799)
I/flutter (31304): #89     ComponentElement.mount (package:flutter/src/widgets/framework.dart:5793)
I/flutter (31304): #90     Element.inflateWidget (package:flutter/src/widgets/framework.dart:4587)
I/flutter (31304): #91     Element.updateChild (package:flutter/src/widgets/framework.dart:4059)
I/flutter (31304): #92     ComponentElement.performRebuild (package:flutter/src/widgets/framework.dart:5841)
I/flutter (31304): #93     StatefulElement.performRebuild (package:flutter/src/widgets/framework.dart:5982)
I/flutter (31304): #94     Element.rebuild (package:flutter/src/widgets/framework.dart:5529)
I/flutter (31304): #95     ComponentElement._firstBuild (package:flutter/src/widgets/framework.dart:5799)
I/flutter (31304): #96     StatefulElement._firstBuild (package:flutter/src/widgets/framework.dart:5973)
I/flutter (31304): #97     ComponentElement.mount (package:flutter/src/widgets/framework.dart:5793)
I/flutter (31304): #98     Element.inflateWidget (package:flutter/src/widgets/framework.dart:4587)
I/flutter (31304): #99     Element.updateChild (package:flutter/src/widgets/framework.dart:4059)
I/flutter (31304): type 'BoxParentData' is not a subtype of type 'FlexParentData' in type cast
I/flutter (31304): #0      Flexible.applyParentData (package:flutter/src/widgets/basic.dart:6069)
I/flutter (31304): #1      RenderObjectElement._updateParentData (package:flutter/src/widgets/framework.dart:6901)
I/flutter (31304): #2      RenderObjectElement.attachRenderObject (package:flutter/src/widgets/framework.dart:6945)
I/flutter (31304): #3      RenderObjectElement.mount (package:flutter/src/widgets/framework.dart:6801)
I/flutter (31304): #4      Element.inflateWidget (package:flutter/src/widgets/framework.dart:4587)
I/flutter (31304): #5      Element.updateChild (package:flutter/src/widgets/framework.dart:4059)
I/flutter (31304): #6      ComponentElement.performRebuild (package:flutter/src/widgets/framework.dart:5858)
I/flutter (31304): #7      Element.rebuild (package:flutter/src/widgets/framework.dart:5529)
I/flutter (31304): #8      ComponentElement._firstBuild (package:flutter/src/widgets/framework.dart:5799)
I/flutter (31304): #9      ComponentElement.mount (package:flutter/src/widgets/framework.dart:5793)
I/flutter (31304): #10     Element.inflateWidget (package:flutter/src/widgets/framework.dart:4587)
I/flutter (31304): #11     Element.updateChild (package:flutter/src/widgets/framework.dart:4059)
I/flutter (31304): #12     SingleChildRenderObjectElement.mount (package:flutter/src/widgets/framework.dart:7115)
I/flutter (31304): #13     Element.inflateWidget (package:flutter/src/widgets/framework.dart:4587)
I/flutter (31304): #14     Element.updateChild (package:flutter/src/widgets/framework.dart:4059)
I/flutter (31304): #15     SingleChildRenderObjectElement.mount (package:flutter/src/widgets/framework.dart:7115)
I/flutter (31304): #16     Element.inflateWidget (package:flutter/src/widgets/framework.dart:4587)
I/flutter (31304): #17     Element.updateChild (package:flutter/src/widgets/framework.dart:4059)
I/flutter (31304): #18     SingleChildRenderObjectElement.mount (package:flutter/src/widgets/framework.dart:7115)
I/flutter (31304): #19     Element.inflateWidget (package:flutter/src/widgets/framework.dart:4587)
I/flutter (31304): #20     Element.updateChild (package:flutter/src/widgets/framework.dart:4059)
I/flutter (31304): #21     ComponentElement.performRebuild (package:flutter/src/widgets/framework.dart:5841)
I/flutter (31304): #22     Element.rebuild (package:flutter/src/widgets/framework.dart:5529)
I/flutter (31304): #23     ComponentElement._firstBuild (package:flutter/src/widgets/framework.dart:5799)
I/flutter (31304): #24     ComponentElement.mount (package:flutter/src/widgets/framework.dart:5793)
I/flutter (31304): #25     Element.inflateWidget (package:flutter/src/widgets/framework.dart:4587)
I/flutter (31304): #26     Element.updateChild (package:flutter/src/widgets/framework.dart:4059)
I/flutter (31304): #27     SingleChildRenderObjectElement.mount (package:flutter/src/widgets/framework.dart:7115)
I/flutter (31304): #28     Element.inflateWidget (package:flutter/src/widgets/framework.dart:4587)
I/flutter (31304): #29     Element.updateChild (package:flutter/src/widgets/framework.dart:4059)
I/flutter (31304): #30     SingleChildRenderObjectElement.mount (package:flutter/src/widgets/framework.dart:7115)
I/flutter (31304): #31     Element.inflateWidget (package:flutter/src/widgets/framework.dart:4587)
I/flutter (31304): #32     Element.updateChild (package:flutter/src/widgets/framework.dart:4059)
I/flutter (31304): #33     SingleChildRenderObjectElement.mount (package:flutter/src/widgets/framework.dart:7115)
I/flutter (31304): #34     Element.inflateWidget (package:flutter/src/widgets/framework.dart:4587)
I/flutter (31304): #35     Element.updateChild (package:flutter/src/widgets/framework.dart:4059)
I/flutter (31304): #36     ComponentElement.performRebuild (package:flutter/src/widgets/framework.dart:5841)
I/flutter (31304): #37     StatefulElement.performRebuild (package:flutter/src/widgets/framework.dart:5982)
I/flutter (31304): #38     Element.rebuild (package:flutter/src/widgets/framework.dart:5529)
I/flutter (31304): #39     ComponentElement._firstBuild (package:flutter/src/widgets/framework.dart:5799)
I/flutter (31304): #40     StatefulElement._firstBuild (package:flutter/src/widgets/framework.dart:5973)
I/flutter (31304): #41     ComponentElement.mount (package:flutter/src/widgets/framework.dart:5793)
I/flutter (31304): #42     Element.inflateWidget (package:flutter/src/widgets/framework.dart:4587)
I/flutter (31304): #43     Element.updateChild (package:flutter/src/widgets/framework.dart:4059)
I/flutter (31304): #44     ComponentElement.performRebuild (package:flutter/src/widgets/framework.dart:5841)
I/flutter (31304): #45     Element.rebuild (package:flutter/src/widgets/framework.dart:5529)
I/flutter (31304): #46     ComponentElement._firstBuild (package:flutter/src/widgets/framework.dart:5799)
I/flutter (31304): #47     ComponentElement.mount (package:flutter/src/widgets/framework.dart:5793)
D/DecorView[](31304): getWindowModeFromSystem  windowmode is 1
D/DecorView[](31304): updateDecorCaptionStatus displayWindowDecor is false
D/ProfileInstaller(31304): Installing profile for com.example.benchmark_container
I/flutter (31304): #48     Element.inflateWidget (package:flutter/src/widgets/framework.dart:4587)
I/flutter (31304): #49     Element.updateChild (package:flutter/src/widgets/framework.dart:4059)
I/flutter (31304): #50     SingleChildRenderObjectElement.mount (package:flutter/src/widgets/framework.dart:7115)
I/flutter (31304): #51     Element.inflateWidget (package:flutter/src/widgets/framework.dart:4587)
I/flutter (31304): #52     Element.updateChild (package:flutter/src/widgets/framework.dart:4059)
I/flutter (31304): #53     ComponentElement.performRebuild (package:flutter/src/widgets/framework.dart:5841)
I/flutter (31304): #54     Element.rebuild (package:flutter/src/widgets/framework.dart:5529)
I/flutter (31304): #55     ComponentElement._firstBuild (package:flutter/src/widgets/framework.dart:5799)
I/flutter (31304): #56     ComponentElement.mount (package:flutter/src/widgets/framework.dart:5793)
I/flutter (31304): #57     Element.inflateWidget (package:flutter/src/widgets/framework.dart:4587)
I/flutter (31304): #58     Element.updateChild (package:flutter/src/widgets/framework.dart:4059)
I/flutter (31304): #59     ComponentElement.performRebuild (package:flutter/src/widgets/framework.dart:5841)
I/flutter (31304): #60     Element.rebuild (package:flutter/src/widgets/framework.dart:5529)
I/flutter (31304): #61     ComponentElement._firstBuild (package:flutter/src/widgets/framework.dart:5799)
I/flutter (31304): #62     ComponentElement.mount (package:flutter/src/widgets/framework.dart:5793)
I/flutter (31304): #63     Element.inflateWidget (package:flutter/src/widgets/framework.dart:4587)
I/flutter (31304): #64     Element.updateChild (package:flutter/src/widgets/framework.dart:4059)
I/flutter (31304): #65     SingleChildRenderObjectElement.mount (package:flutter/src/widgets/framework.dart:7115)
I/flutter (31304): #66     Element.inflateWidget (package:flutter/src/widgets/framework.dart:4587)
I/flutter (31304): #67     Element.updateChild (package:flutter/src/widgets/framework.dart:4059)
I/flutter (31304): #68     SingleChildRenderObjectElement.mount (package:flutter/src/widgets/framework.dart:7115)
I/flutter (31304): #69     Element.inflateWidget (package:flutter/src/widgets/framework.dart:4587)
I/flutter (31304): #70     Element.updateChild (package:flutter/src/widgets/framework.dart:4059)
I/flutter (31304): #71     ComponentElement.performRebuild (package:flutter/src/widgets/framework.dart:5841)
I/flutter (31304): #72     Element.rebuild (package:flutter/src/widgets/framework.dart:5529)
I/flutter (31304): #73     ComponentElement._firstBuild (package:flutter/src/widgets/framework.dart:5799)
I/flutter (31304): #74     ComponentElement.mount (package:flutter/src/widgets/framework.dart:5793)
I/flutter (31304): #75     Element.inflateWidget (package:flutter/src/widgets/framework.dart:4587)
I/flutter (31304): #76     Element.updateChild (package:flutter/src/widgets/framework.dart:4059)
I/flutter (31304): #77     ComponentElement.performRebuild (package:flutter/src/widgets/framework.dart:5841)
I/flutter (31304): #78     StatefulElement.performRebuild (package:flutter/src/widgets/framework.dart:5982)
I/flutter (31304): #79     Element.rebuild (package:flutter/src/widgets/framework.dart:5529)
I/flutter (31304): #80     ComponentElement._firstBuild (package:flutter/src/widgets/framework.dart:5799)
I/flutter (31304): #81     StatefulElement._firstBuild (package:flutter/src/widgets/framework.dart:5973)
I/flutter (31304): #82     ComponentElement.mount (package:flutter/src/widgets/framework.dart:5793)
I/flutter (31304): #83     Element.inflateWidget (package:flutter/src/widgets/framework.dart:4587)
I/flutter (31304): #84     Element.updateChild (package:flutter/src/widgets/framework.dart:4059)
I/flutter (31304): #85     ComponentElement.performRebuild (package:flutter/src/widgets/framework.dart:5841)
I/flutter (31304): #86     Element.rebuild (package:flutter/src/widgets/framework.dart:5529)
I/flutter (31304): #87     ComponentElement._firstBuild (package:flutter/src/widgets/framework.dart:5799)
I/flutter (31304): #88     ComponentElement.mount (package:flutter/src/widgets/framework.dart:5793)
I/flutter (31304): #89     Element.inflateWidget (package:flutter/src/widgets/framework.dart:4587)
I/flutter (31304): #90     Element.updateChild (package:flutter/src/widgets/framework.dart:4059)
I/flutter (31304): #91     ComponentElement.performRebuild (package:flutter/src/widgets/framework.dart:5841)
I/flutter (31304): #92     StatefulElement.performRebuild (package:flutter/src/widgets/framework.dart:5982)
I/flutter (31304): #93     Element.rebuild (package:flutter/src/widgets/framework.dart:5529)
I/flutter (31304): #94     ComponentElement._firstBuild (package:flutter/src/widgets/framework.dart:5799)
I/flutter (31304): #95     StatefulElement._firstBuild (package:flutter/src/widgets/framework.dart:5973)
I/flutter (31304): #96     ComponentElement.mount (package:flutter/src/widgets/framework.dart:5793)
I/flutter (31304): #97     Element.inflateWidget (package:flutter/src/widgets/framework.dart:4587)
I/flutter (31304): #98     Element.updateChild (package:flutter/src/widgets/framework.dart:4059)
I/flutter (31304): #99     ComponentElement.performRebuild (package:flutter/src/widgets/framework.dart:5841)
I/flutter (31304): type '_Stub' is not a subtype of type 'EdgeInsetsGeometry?'
I/flutter (31304): #0      TextBox.build (package:benchmark_container/generated_widget.dart:184)
I/flutter (31304): #1      StatelessElement.build (package:flutter/src/widgets/framework.dart:5889)
I/flutter (31304): #2      ComponentElement.performRebuild (package:flutter/src/widgets/framework.dart:5817)
I/flutter (31304): #3      Element.rebuild (package:flutter/src/widgets/framework.dart:5529)
I/flutter (31304): #4      ComponentElement._firstBuild (package:flutter/src/widgets/framework.dart:5799)
I/flutter (31304): #5      ComponentElement.mount (package:flutter/src/widgets/framework.dart:5793)
I/flutter (31304): #6      Element.inflateWidget (package:flutter/src/widgets/framework.dart:4587)
I/flutter (31304): #7      MultiChildRenderObjectElement.inflateWidget (package:flutter/src/widgets/framework.dart:7264)
I/flutter (31304): #8      MultiChildRenderObjectElement.mount (package:flutter/src/widgets/framework.dart:7279)
I/flutter (31304): #9      Element.inflateWidget (package:flutter/src/widgets/framework.dart:4587)
I/flutter (31304): #10     Element.updateChild (package:flutter/src/widgets/framework.dart:4059)
I/flutter (31304): #11     SingleChildRenderObjectElement.mount (package:flutter/src/widgets/framework.dart:7115)
I/flutter (31304): #12     Element.inflateWidget (package:flutter/src/widgets/framework.dart:4587)
I/flutter (31304): #13     Element.updateChild (package:flutter/src/widgets/framework.dart:4059)
I/flutter (31304): #14     ComponentElement.performRebuild (package:flutter/src/widgets/framework.dart:5841)
I/flutter (31304): #15     Element.rebuild (package:flutter/src/widgets/framework.dart:5529)
I/flutter (31304): #16     ComponentElement._firstBuild (package:flutter/src/widgets/framework.dart:5799)
I/flutter (31304): #17     ComponentElement.mount (package:flutter/src/widgets/framework.dart:5793)
I/flutter (31304): #18     Element.inflateWidget (package:flutter/src/widgets/framework.dart:4587)
I/flutter (31304): #19     Element.updateChild (package:flutter/src/widgets/framework.dart:4059)
I/flutter (31304): #20     ComponentElement.performRebuild (package:flutter/src/widgets/framework.dart:5841)
I/flutter (31304): #21     Element.rebuild (package:flutter/src/widgets/framework.dart:5529)
I/flutter (31304): #22     ComponentElement._firstBuild (package:flutter/src/widgets/framework.dart:5799)
I/flutter (31304): #23     ComponentElement.mount (package:flutter/src/widgets/framework.dart:5793)
I/flutter (31304): #24     Element.inflateWidget (package:flutter/src/widgets/framework.dart:4587)
I/flutter (31304): #25     Element.updateChild (package:flutter/src/widgets/framework.dart:4059)
I/flutter (31304): #26     SingleChildRenderObjectElement.mount (package:flutter/src/widgets/framework.dart:7115)
I/flutter (31304): #27     Element.inflateWidget (package:flutter/src/widgets/framework.dart:4587)
I/flutter (31304): #28     Element.updateChild (package:flutter/src/widgets/framework.dart:4059)
I/flutter (31304): #29     ComponentElement.performRebuild (package:flutter/src/widgets/framework.dart:5841)
I/flutter (31304): #30     Element.rebuild (package:flutter/src/widgets/framework.dart:5529)
I/flutter (31304): #31     ComponentElement._firstBuild (package:flutter/src/widgets/framework.dart:5799)
I/flutter (31304): #32     ComponentElement.mount (package:flutter/src/widgets/framework.dart:5793)
I/flutter (31304): #33     Element.inflateWidget (package:flutter/src/widgets/framework.dart:4587)
I/flutter (31304): #34     Element.updateChild (package:flutter/src/widgets/framework.dart:4059)
I/flutter (31304): #35     ComponentElement.performRebuild (package:flutter/src/widgets/framework.dart:5841)
I/flutter (31304): #36     Element.rebuild (package:flutter/src/widgets/framework.dart:5529)
I/flutter (31304): #37     ComponentElement._firstBuild (package:flutter/src/widgets/framework.dart:5799)
I/flutter (31304): #38     ComponentElement.mount (package:flutter/src/widgets/framework.dart:5793)
I/flutter (31304): #39     Element.inflateWidget (package:flutter/src/widgets/framework.dart:4587)
I/flutter (31304): #40     Element.updateChild (package:flutter/src/widgets/framework.dart:4059)
I/flutter (31304): #41     ComponentElement.performRebuild (package:flutter/src/widgets/framework.dart:5841)
I/flutter (31304): #42     Element.rebuild (package:flutter/src/widgets/framework.dart:5529)
I/flutter (31304): #43     ComponentElement._firstBuild (package:flutter/src/widgets/framework.dart:5799)
I/flutter (31304): #44     ComponentElement.mount (package:flutter/src/widgets/framework.dart:5793)
I/flutter (31304): #45     Element.inflateWidget (package:flutter/src/widgets/framework.dart:4587)
I/flutter (31304): #46     Element.updateChild (package:flutter/src/widgets/framework.dart:4059)
I/flutter (31304): #47     ComponentElement.performRebuild (package:flutter/src/widgets/framework.dart:5841)
I/flutter (31304): #48     Element.rebuild (package:flutter/src/widgets/framework.dart:5529)
I/flutter (31304): #49     ComponentElement._firstBuild (package:flutter/src/widgets/framework.dart:5799)
I/flutter (31304): #50     ComponentElement.mount (package:flutter/src/widgets/framework.dart:5793)
I/flutter (31304): #51     Element.inflateWidget (package:flutter/src/widgets/framework.dart:4587)
I/flutter (31304): #52     Element.updateChild (package:flutter/src/widgets/framework.dart:4059)
I/flutter (31304): #53     ComponentElement.performRebuild (package:flutter/src/widgets/framework.dart:5841)
I/flutter (31304): #54     Element.rebuild (package:flutter/src/widgets/framework.dart:5529)
I/flutter (31304): #55     ComponentElement._firstBuild (package:flutter/src/widgets/framework.dart:5799)
I/flutter (31304): #56     ComponentElement.mount (package:flutter/src/widgets/framework.dart:5793)
I/flutter (31304): #57     Element.inflateWidget (package:flutter/src/widgets/framework.dart:4587)
I/flutter (31304): #58     MultiChildRenderObjectElement.inflateWidget (package:flutter/src/widgets/framework.dart:7264)
I/flutter (31304): #59     MultiChildRenderObjectElement.mount (package:flutter/src/widgets/framework.dart:7279)
I/flutter (31304): #60     Element.inflateWidget (package:flutter/src/widgets/framework.dart:4587)
I/flutter (31304): #61     Element.updateChild (package:flutter/src/widgets/framework.dart:4059)
I/flutter (31304): #62     ComponentElement.performRebuild (package:flutter/src/widgets/framework.dart:5841)
I/flutter (31304): #63     Element.rebuild (package:flutter/src/widgets/framework.dart:5529)
I/flutter (31304): #64     ComponentElement._firstBuild (package:flutter/src/widgets/framework.dart:5799)
I/flutter (31304): #65     ComponentElement.mount (package:flutter/src/widgets/framework.dart:5793)
I/flutter (31304): #66     Element.inflateWidget (package:flutter/src/widgets/framework.dart:4587)
I/flutter (31304): #67     Element.updateChild (package:flutter/src/widgets/framework.dart:4059)
I/flutter (31304): #68     ComponentElement.performRebuild (package:flutter/src/widgets/framework.dart:5841)
I/flutter (31304): #69     StatefulElement.performRebuild (package:flutter/src/widgets/framework.dart:5982)
I/flutter (31304): #70     Element.rebuild (package:flutter/src/widgets/framework.dart:5529)
I/flutter (31304): #71     ComponentElement._firstBuild (package:flutter/src/widgets/framework.dart:5799)
I/flutter (31304): #72     StatefulElement._firstBuild (package:flutter/src/widgets/framework.dart:5973)
I/flutter (31304): #73     ComponentElement.mount (package:flutter/src/widgets/framework.dart:5793)
I/flutter (31304): #74     Element.inflateWidget (package:flutter/src/widgets/framework.dart:4587)
I/flutter (31304): #75     Element.updateChild (package:flutter/src/widgets/framework.dart:4059)
I/flutter (31304): #76     ComponentElement.performRebuild (package:flutter/src/widgets/framework.dart:5841)
I/flutter (31304): #77     Element.rebuild (package:flutter/src/widgets/framework.dart:5529)
I/flutter (31304): #78     ComponentElement._firstBuild (package:flutter/src/widgets/framework.dart:5799)
I/flutter (31304): #79     ComponentElement.mount (package:flutter/src/widgets/framework.dart:5793)
I/flutter (31304): #80     Element.inflateWidget (package:flutter/src/widgets/framework.dart:4587)
I/flutter (31304): #81     Element.updateChild (package:flutter/src/widgets/framework.dart:4059)
I/flutter (31304): #82     ComponentElement.performRebuild (package:flutter/src/widgets/framework.dart:5841)
I/flutter (31304): #83     Element.rebuild (package:flutter/src/widgets/framework.dart:5529)
I/flutter (31304): #84     ComponentElement._firstBuild (package:flutter/src/widgets/framework.dart:5799)
I/flutter (31304): #85     ComponentElement.mount (package:flutter/src/widgets/framework.dart:5793)
I/flutter (31304): #86     Element.inflateWidget (package:flutter/src/widgets/framework.dart:4587)
I/flutter (31304): #87     Element.updateChild (package:flutter/src/widgets/framework.dart:4059)
I/flutter (31304): #88     ComponentElement.performRebuild (package:flutter/src/widgets/framework.dart:5841)
I/flutter (31304): #89     StatefulElement.performRebuild (package:flutter/src/widgets/framework.dart:5982)
I/flutter (31304): #90     Element.rebuild (package:flutter/src/widgets/framework.dart:5529)
I/flutter (31304): #91     ComponentElement._firstBuild (package:flutter/src/widgets/framework.dart:5799)
I/flutter (31304): #92     StatefulElement._firstBuild (package:flutter/src/widgets/framework.dart:5973)
I/flutter (31304): #93     ComponentElement.mount (package:flutter/src/widgets/framework.dart:5793)
I/flutter (31304): #94     Element.inflateWidget (package:flutter/src/widgets/framework.dart:4587)
I/flutter (31304): #95     Element.updateChild (package:flutter/src/widgets/framework.dart:4059)
I/flutter (31304): #96     SingleChildRenderObjectElement.mount (package:flutter/src/widgets/framework.dart:7115)
I/flutter (31304): #97     Element.inflateWidget (package:flutter/src/widgets/framework.dart:4587)
I/flutter (31304): #98     Element.updateChild (package:flutter/src/widgets/framework.dart:4059)
I/flutter (31304): #99     ComponentElement.performRebuild (package:flutter/src/widgets/framework.dart:5841)
I/flutter (31304): type '_Stub' is not a subtype of type 'EdgeInsetsGeometry?'
I/flutter (31304): #0      TextBox.build (package:benchmark_container/generated_widget.dart:184)
I/flutter (31304): #1      StatelessElement.build (package:flutter/src/widgets/framework.dart:5889)
I/flutter (31304): #2      ComponentElement.performRebuild (package:flutter/src/widgets/framework.dart:5817)
I/flutter (31304): #3      Element.rebuild (package:flutter/src/widgets/framework.dart:5529)
I/flutter (31304): #4      StatelessElement.update (package:flutter/src/widgets/framework.dart:5895)
I/flutter (31304): #5      Element.updateChild (package:flutter/src/widgets/framework.dart:4037)
I/flutter (31304): #6      Element.updateChildren (package:flutter/src/widgets/framework.dart:4191)
I/flutter (31304): #7      MultiChildRenderObjectElement.update (package:flutter/src/widgets/framework.dart:7295)
I/flutter (31304): #8      Element.updateChild (package:flutter/src/widgets/framework.dart:4037)
I/flutter (31304): #9      SingleChildRenderObjectElement.update (package:flutter/src/widgets/framework.dart:7122)
I/flutter (31304): #10     Element.updateChild (package:flutter/src/widgets/framework.dart:4037)
I/flutter (31304): #11     ComponentElement.performRebuild (package:flutter/src/widgets/framework.dart:5841)
I/flutter (31304): #12     Element.rebuild (package:flutter/src/widgets/framework.dart:5529)
I/flutter (31304): #13     StatelessElement.update (package:flutter/src/widgets/framework.dart:5895)
I/flutter (31304): #14     Element.updateChild (package:flutter/src/widgets/framework.dart:4037)
I/flutter (31304): #15     ComponentElement.performRebuild (package:flutter/src/widgets/framework.dart:5841)
I/flutter (31304): #16     Element.rebuild (package:flutter/src/widgets/framework.dart:5529)
I/flutter (31304): #17     ProxyElement.update (package:flutter/src/widgets/framework.dart:6149)
I/flutter (31304): #18     Element.updateChild (package:flutter/src/widgets/framework.dart:4037)
I/flutter (31304): #19     SingleChildRenderObjectElement.update (package:flutter/src/widgets/framework.dart:7122)
I/flutter (31304): #20     Element.updateChild (package:flutter/src/widgets/framework.dart:4037)
I/flutter (31304): #21     ComponentElement.performRebuild (package:flutter/src/widgets/framework.dart:5841)
I/flutter (31304): #22     Element.rebuild (package:flutter/src/widgets/framework.dart:5529)
I/flutter (31304): #23     StatelessElement.update (package:flutter/src/widgets/framework.dart:5895)
I/flutter (31304): #24     Element.updateChild (package:flutter/src/widgets/framework.dart:4037)
I/flutter (31304): #25     ComponentElement.performRebuild (package:flutter/src/widgets/framework.dart:5841)
I/flutter (31304): #26     Element.rebuild (package:flutter/src/widgets/framework.dart:5529)
I/flutter (31304): #27     StatelessElement.update (package:flutter/src/widgets/framework.dart:5895)
I/flutter (31304): #28     Element.updateChild (package:flutter/src/widgets/framework.dart:4037)
I/flutter (31304): #29     ComponentElement.performRebuild (package:flutter/src/widgets/framework.dart:5841)
I/flutter (31304): #30     Element.rebuild (package:flutter/src/widgets/framework.dart:5529)
I/flutter (31304): #31     StatelessElement.update (package:flutter/src/widgets/framework.dart:5895)
I/flutter (31304): #32     Element.updateChild (package:flutter/src/widgets/framework.dart:4037)
I/flutter (31304): #33     ComponentElement.performRebuild (package:flutter/src/widgets/framework.dart:5841)
I/flutter (31304): #34     Element.rebuild (package:flutter/src/widgets/framework.dart:5529)
I/flutter (31304): #35     ProxyElement.update (package:flutter/src/widgets/framework.dart:6149)
I/flutter (31304): #36     Element.updateChild (package:flutter/src/widgets/framework.dart:4037)
I/flutter (31304): #37     ComponentElement.performRebuild (package:flutter/src/widgets/framework.dart:5841)
I/flutter (31304): #38     Element.rebuild (package:flutter/src/widgets/framework.dart:5529)
I/flutter (31304): #39     ProxyElement.update (package:flutter/src/widgets/framework.dart:6149)
I/flutter (31304): #40     Element.updateChild (package:flutter/src/widgets/framework.dart:4037)
I/flutter (31304): #41     Element.updateChildren (package:flutter/src/widgets/framework.dart:4191)
I/flutter (31304): #42     MultiChildRenderObjectElement.update (package:flutter/src/widgets/framework.dart:7295)
I/flutter (31304): #43     Element.updateChild (package:flutter/src/widgets/framework.dart:4037)
I/flutter (31304): #44     ComponentElement.performRebuild (package:flutter/src/widgets/framework.dart:5841)
I/flutter (31304): #45     Element.rebuild (package:flutter/src/widgets/framework.dart:5529)
I/flutter (31304): #46     ProxyElement.update (package:flutter/src/widgets/framework.dart:6149)
I/flutter (31304): #47     Element.updateChild (package:flutter/src/widgets/framework.dart:4037)
I/flutter (31304): #48     ComponentElement.performRebuild (package:flutter/src/widgets/framework.dart:5841)
I/flutter (31304): #49     StatefulElement.performRebuild (package:flutter/src/widgets/framework.dart:5982)
I/flutter (31304): #50     Element.rebuild (package:flutter/src/widgets/framework.dart:5529)
I/flutter (31304): #51     StatefulElement.update (package:flutter/src/widgets/framework.dart:6007)
I/flutter (31304): #52     Element.updateChild (package:flutter/src/widgets/framework.dart:4037)
I/flutter (31304): #53     ComponentElement.performRebuild (package:flutter/src/widgets/framework.dart:5841)
I/flutter (31304): #54     Element.rebuild (package:flutter/src/widgets/framework.dart:5529)
I/flutter (31304): #55     StatelessElement.update (package:flutter/src/widgets/framework.dart:5895)
I/flutter (31304): #56     Element.updateChild (package:flutter/src/widgets/framework.dart:4037)
I/flutter (31304): #57     ComponentElement.performRebuild (package:flutter/src/widgets/framework.dart:5841)
I/flutter (31304): #58     Element.rebuild (package:flutter/src/widgets/framework.dart:5529)
I/flutter (31304): #59     ProxyElement.update (package:flutter/src/widgets/framework.dart:6149)
I/flutter (31304): #60     Element.updateChild (package:flutter/src/widgets/framework.dart:4037)
I/flutter (31304): #61     ComponentElement.performRebuild (package:flutter/src/widgets/framework.dart:5841)
I/flutter (31304): #62     StatefulElement.performRebuild (package:flutter/src/widgets/framework.dart:5982)
I/flutter (31304): #63     Element.rebuild (package:flutter/src/widgets/framework.dart:5529)
I/flutter (31304): #64     StatefulElement.update (package:flutter/src/widgets/framework.dart:6007)
I/flutter (31304): #65     Element.updateChild (package:flutter/src/widgets/framework.dart:4037)
I/flutter (31304): #66     SingleChildRenderObjectElement.update (package:flutter/src/widgets/framework.dart:7122)
I/flutter (31304): #67     Element.updateChild (package:flutter/src/widgets/framework.dart:4037)
I/flutter (31304): #68     ComponentElement.performRebuild (package:flutter/src/widgets/framework.dart:5841)
I/flutter (31304): #69     Element.rebuild (package:flutter/src/widgets/framework.dart:5529)
I/flutter (31304): #70     ProxyElement.update (package:flutter/src/widgets/framework.dart:6149)
I/flutter (31304): #71     Element.updateChild (package:flutter/src/widgets/framework.dart:4037)
I/flutter (31304): #72     SingleChildRenderObjectElement.update (package:flutter/src/widgets/framework.dart:7122)
I/flutter (31304): #73     Element.updateChild (package:flutter/src/widgets/framework.dart:4037)
I/flutter (31304): #74     ComponentElement.performRebuild (package:flutter/src/widgets/framework.dart:5841)
I/flutter (31304): #75     StatefulElement.performRebuild (package:flutter/src/widgets/framework.dart:5982)
I/flutter (31304): #76     Element.rebuild (package:flutter/src/widgets/framework.dart:5529)
I/flutter (31304): #77     StatefulElement.update (package:flutter/src/widgets/framework.dart:6007)
I/flutter (31304): #78     Element.updateChild (package:flutter/src/widgets/framework.dart:4037)
I/flutter (31304): #79     ComponentElement.performRebuild (package:flutter/src/widgets/framework.dart:5841)
I/flutter (31304): #80     StatefulElement.performRebuild (package:flutter/src/widgets/framework.dart:5982)
I/flutter (31304): #81     Element.rebuild (package:flutter/src/widgets/framework.dart:5529)
I/flutter (31304): #82     StatefulElement.update (package:flutter/src/widgets/framework.dart:6007)
I/flutter (31304): #83     Element.updateChild (package:flutter/src/widgets/framework.dart:4037)
I/flutter (31304): #84     ComponentElement.performRebuild (package:flutter/src/widgets/framework.dart:5841)
I/flutter (31304): #85     Element.rebuild (package:flutter/src/widgets/framework.dart:5529)
I/flutter (31304): #86     ProxyElement.update (package:flutter/src/widgets/framework.dart:6149)
I/flutter (31304): #87     Element.updateChild (package:flutter/src/widgets/framework.dart:4037)
I/flutter (31304): #88     ComponentElement.performRebuild (package:flutter/src/widgets/framework.dart:5841)
I/flutter (31304): #89     Element.rebuild (package:flutter/src/widgets/framework.dart:5529)
I/flutter (31304): #90     ProxyElement.update (package:flutter/src/widgets/framework.dart:6149)
I/flutter (31304): #91     Element.updateChild (package:flutter/src/widgets/framework.dart:4037)
I/flutter (31304): #92     ComponentElement.performRebuild (package:flutter/src/widgets/framework.dart:5841)
I/flutter (31304): #93     Element.rebuild (package:flutter/src/widgets/framework.dart:5529)
I/flutter (31304): #94     ProxyElement.update (package:flutter/src/widgets/framework.dart:6149)
I/flutter (31304): #95     Element.updateChild (package:flutter/src/widgets/framework.dart:4037)
I/flutter (31304): #96     ComponentElement.performRebuild (package:flutter/src/widgets/framework.dart:5841)
I/flutter (31304): #97     StatefulElement.performRebuild (package:flutter/src/widgets/framework.dart:5982)
I/flutter (31304): #98     Element.rebuild (package:flutter/src/widgets/framework.dart:5529)
I/flutter (31304): #99     StatefulElement.update (package:flutter/src/widgets/framework.dart:6007)
[spm]: ProfilerData event received.
I/flutter (31304): [SPM:perf] 698a51a  buildSpan: 9167µs
I/flutter (31304): [spm] Performance monitoring completed for 698a51a
I/flutter (31304): type '_Stub' is not a subtype of type 'EdgeInsetsGeometry?'
I/flutter (31304): #0      TextBox.build (package:benchmark_container/generated_widget.dart:184)
I/flutter (31304): #1      StatelessElement.build (package:flutter/src/widgets/framework.dart:5889)
I/flutter (31304): #2      ComponentElement.performRebuild (package:flutter/src/widgets/framework.dart:5817)
I/flutter (31304): #3      Element.rebuild (package:flutter/src/widgets/framework.dart:5529)
I/flutter (31304): #4      StatelessElement.update (package:flutter/src/widgets/framework.dart:5895)
I/flutter (31304): #5      Element.updateChild (package:flutter/src/widgets/framework.dart:4037)
I/flutter (31304): #6      Element.updateChildren (package:flutter/src/widgets/framework.dart:4191)
I/flutter (31304): #7      MultiChildRenderObjectElement.update (package:flutter/src/widgets/framework.dart:7295)
I/flutter (31304): #8      Element.updateChild (package:flutter/src/widgets/framework.dart:4037)
I/flutter (31304): #9      SingleChildRenderObjectElement.update (package:flutter/src/widgets/framework.dart:7122)
I/flutter (31304): #10     Element.updateChild (package:flutter/src/widgets/framework.dart:4037)
I/flutter (31304): #11     ComponentElement.performRebuild (package:flutter/src/widgets/framework.dart:5841)
I/flutter (31304): #12     Element.rebuild (package:flutter/src/widgets/framework.dart:5529)
I/flutter (31304): #13     StatelessElement.update (package:flutter/src/widgets/framework.dart:5895)
I/flutter (31304): #14     Element.updateChild (package:flutter/src/widgets/framework.dart:4037)
I/flutter (31304): #15     ComponentElement.performRebuild (package:flutter/src/widgets/framework.dart:5841)
I/flutter (31304): #16     Element.rebuild (package:flutter/src/widgets/framework.dart:5529)
I/flutter (31304): #17     ProxyElement.update (package:flutter/src/widgets/framework.dart:6149)
I/flutter (31304): #18     Element.updateChild (package:flutter/src/widgets/framework.dart:4037)
I/flutter (31304): #19     SingleChildRenderObjectElement.update (package:flutter/src/widgets/framework.dart:7122)
I/flutter (31304): #20     Element.updateChild (package:flutter/src/widgets/framework.dart:4037)
I/flutter (31304): #21     ComponentElement.performRebuild (package:flutter/src/widgets/framework.dart:5841)
I/flutter (31304): #22     Element.rebuild (package:flutter/src/widgets/framework.dart:5529)
I/flutter (31304): #23     StatelessElement.update (package:flutter/src/widgets/framework.dart:5895)
I/flutter (31304): #24     Element.updateChild (package:flutter/src/widgets/framework.dart:4037)
I/flutter (31304): #25     ComponentElement.performRebuild (package:flutter/src/widgets/framework.dart:5841)
I/flutter (31304): #26     Element.rebuild (package:flutter/src/widgets/framework.dart:5529)
I/flutter (31304): #27     StatelessElement.update (package:flutter/src/widgets/framework.dart:5895)
I/flutter (31304): #28     Element.updateChild (package:flutter/src/widgets/framework.dart:4037)
I/flutter (31304): #29     ComponentElement.performRebuild (package:flutter/src/widgets/framework.dart:5841)
I/flutter (31304): #30     Element.rebuild (package:flutter/src/widgets/framework.dart:5529)
I/flutter (31304): #31     StatelessElement.update (package:flutter/src/widgets/framework.dart:5895)
I/flutter (31304): #32     Element.updateChild (package:flutter/src/widgets/framework.dart:4037)
I/flutter (31304): #33     ComponentElement.performRebuild (package:flutter/src/widgets/framework.dart:5841)
I/flutter (31304): #34     Element.rebuild (package:flutter/src/widgets/framework.dart:5529)
I/flutter (31304): #35     ProxyElement.update (package:flutter/src/widgets/framework.dart:6149)
I/flutter (31304): #36     Element.updateChild (package:flutter/src/widgets/framework.dart:4037)
I/flutter (31304): #37     ComponentElement.performRebuild (package:flutter/src/widgets/framework.dart:5841)
I/flutter (31304): #38     Element.rebuild (package:flutter/src/widgets/framework.dart:5529)
I/flutter (31304): #39     ProxyElement.update (package:flutter/src/widgets/framework.dart:6149)
I/flutter (31304): #40     Element.updateChild (package:flutter/src/widgets/framework.dart:4037)
I/flutter (31304): #41     Element.updateChildren (package:flutter/src/widgets/framework.dart:4191)
I/flutter (31304): #42     MultiChildRenderObjectElement.update (package:flutter/src/widgets/framework.dart:7295)
I/flutter (31304): #43     Element.updateChild (package:flutter/src/widgets/framework.dart:4037)
I/flutter (31304): #44     ComponentElement.performRebuild (package:flutter/src/widgets/framework.dart:5841)
I/flutter (31304): #45     Element.rebuild (package:flutter/src/widgets/framework.dart:5529)
I/flutter (31304): #46     ProxyElement.update (package:flutter/src/widgets/framework.dart:6149)
I/flutter (31304): #47     Element.updateChild (package:flutter/src/widgets/framework.dart:4037)
I/flutter (31304): #48     ComponentElement.performRebuild (package:flutter/src/widgets/framework.dart:5841)
I/flutter (31304): #49     StatefulElement.performRebuild (package:flutter/src/widgets/framework.dart:5982)
I/flutter (31304): #50     Element.rebuild (package:flutter/src/widgets/framework.dart:5529)
I/flutter (31304): #51     StatefulElement.update (package:flutter/src/widgets/framework.dart:6007)
I/flutter (31304): #52     Element.updateChild (package:flutter/src/widgets/framework.dart:4037)
I/flutter (31304): #53     ComponentElement.performRebuild (package:flutter/src/widgets/framework.dart:5841)
I/flutter (31304): #54     Element.rebuild (package:flutter/src/widgets/framework.dart:5529)
I/flutter (31304): #55     StatelessElement.update (package:flutter/src/widgets/framework.dart:5895)
I/flutter (31304): #56     Element.updateChild (package:flutter/src/widgets/framework.dart:4037)
I/flutter (31304): #57     ComponentElement.performRebuild (package:flutter/src/widgets/framework.dart:5841)
I/flutter (31304): #58     Element.rebuild (package:flutter/src/widgets/framework.dart:5529)
I/flutter (31304): #59     ProxyElement.update (package:flutter/src/widgets/framework.dart:6149)
I/flutter (31304): #60     Element.updateChild (package:flutter/src/widgets/framework.dart:4037)
I/flutter (31304): #61     ComponentElement.performRebuild (package:flutter/src/widgets/framework.dart:5841)
I/flutter (31304): #62     StatefulElement.performRebuild (package:flutter/src/widgets/framework.dart:5982)
I/flutter (31304): #63     Element.rebuild (package:flutter/src/widgets/framework.dart:5529)
I/flutter (31304): #64     StatefulElement.update (package:flutter/src/widgets/framework.dart:6007)
I/flutter (31304): #65     Element.updateChild (package:flutter/src/widgets/framework.dart:4037)
I/flutter (31304): #66     SingleChildRenderObjectElement.update (package:flutter/src/widgets/framework.dart:7122)
I/flutter (31304): #67     Element.updateChild (package:flutter/src/widgets/framework.dart:4037)
I/flutter (31304): #68     ComponentElement.performRebuild (package:flutter/src/widgets/framework.dart:5841)
I/flutter (31304): #69     Element.rebuild (package:flutter/src/widgets/framework.dart:5529)
I/flutter (31304): #70     ProxyElement.update (package:flutter/src/widgets/framework.dart:6149)
I/flutter (31304): #71     Element.updateChild (package:flutter/src/widgets/framework.dart:4037)
I/flutter (31304): #72     SingleChildRenderObjectElement.update (package:flutter/src/widgets/framework.dart:7122)
I/flutter (31304): #73     Element.updateChild (package:flutter/src/widgets/framework.dart:4037)
I/flutter (31304): #74     ComponentElement.performRebuild (package:flutter/src/widgets/framework.dart:5841)
I/flutter (31304): #75     StatefulElement.performRebuild (package:flutter/src/widgets/framework.dart:5982)
I/flutter (31304): #76     Element.rebuild (package:flutter/src/widgets/framework.dart:5529)
I/flutter (31304): #77     StatefulElement.update (package:flutter/src/widgets/framework.dart:6007)
I/flutter (31304): #78     Element.updateChild (package:flutter/src/widgets/framework.dart:4037)
I/flutter (31304): #79     ComponentElement.performRebuild (package:flutter/src/widgets/framework.dart:5841)
I/flutter (31304): #80     StatefulElement.performRebuild (package:flutter/src/widgets/framework.dart:5982)
I/flutter (31304): #81     Element.rebuild (package:flutter/src/widgets/framework.dart:5529)
I/flutter (31304): #82     StatefulElement.update (package:flutter/src/widgets/framework.dart:6007)
I/flutter (31304): #83     Element.updateChild (package:flutter/src/widgets/framework.dart:4037)
I/flutter (31304): #84     ComponentElement.performRebuild (package:flutter/src/widgets/framework.dart:5841)
I/flutter (31304): #85     Element.rebuild (package:flutter/src/widgets/framework.dart:5529)
I/flutter (31304): #86     ProxyElement.update (package:flutter/src/widgets/framework.dart:6149)
I/flutter (31304): #87     Element.updateChild (package:flutter/src/widgets/framework.dart:4037)
I/flutter (31304): #88     ComponentElement.performRebuild (package:flutter/src/widgets/framework.dart:5841)
I/flutter (31304): #89     Element.rebuild (package:flutter/src/widgets/framework.dart:5529)
I/flutter (31304): #90     ProxyElement.update (package:flutter/src/widgets/framework.dart:6149)
I/flutter (31304): #91     Element.updateChild (package:flutter/src/widgets/framework.dart:4037)
I/flutter (31304): #92     ComponentElement.performRebuild (package:flutter/src/widgets/framework.dart:5841)
I/flutter (31304): #93     Element.rebuild (package:flutter/src/widgets/framework.dart:5529)
I/flutter (31304): #94     ProxyElement.update (package:flutter/src/widgets/framework.dart:6149)
I/flutter (31304): #95     Element.updateChild (package:flutter/src/widgets/framework.dart:4037)
I/flutter (31304): #96     ComponentElement.performRebuild (package:flutter/src/widgets/framework.dart:5841)
I/flutter (31304): #97     StatefulElement.performRebuild (package:flutter/src/widgets/framework.dart:5982)
I/flutter (31304): #98     Element.rebuild (package:flutter/src/widgets/framework.dart:5529)
I/flutter (31304): #99     StatefulElement.update (package:flutter/src/widgets/framework.dart:6007)
[spm]: ProfilerData event received.
I/flutter (31304): [SPM:perf] 698a51a  buildSpan: 9614µs
I/flutter (31304): [spm] Performance monitoring completed for 698a51a
I/flutter (31304): type '_Stub' is not a subtype of type 'EdgeInsetsGeometry?'
I/flutter (31304): #0      TextBox.build (package:benchmark_container/generated_widget.dart:184)
I/flutter (31304): #1      StatelessElement.build (package:flutter/src/widgets/framework.dart:5889)
I/flutter (31304): #2      ComponentElement.performRebuild (package:flutter/src/widgets/framework.dart:5817)
I/flutter (31304): #3      Element.rebuild (package:flutter/src/widgets/framework.dart:5529)
I/flutter (31304): #4      StatelessElement.update (package:flutter/src/widgets/framework.dart:5895)
I/flutter (31304): #5      Element.updateChild (package:flutter/src/widgets/framework.dart:4037)
I/flutter (31304): #6      Element.updateChildren (package:flutter/src/widgets/framework.dart:4191)
I/flutter (31304): #7      MultiChildRenderObjectElement.update (package:flutter/src/widgets/framework.dart:7295)
I/flutter (31304): #8      Element.updateChild (package:flutter/src/widgets/framework.dart:4037)
I/flutter (31304): #9      SingleChildRenderObjectElement.update (package:flutter/src/widgets/framework.dart:7122)
I/flutter (31304): #10     Element.updateChild (package:flutter/src/widgets/framework.dart:4037)
I/flutter (31304): #11     ComponentElement.performRebuild (package:flutter/src/widgets/framework.dart:5841)
I/flutter (31304): #12     Element.rebuild (package:flutter/src/widgets/framework.dart:5529)
I/flutter (31304): #13     StatelessElement.update (package:flutter/src/widgets/framework.dart:5895)
I/flutter (31304): #14     Element.updateChild (package:flutter/src/widgets/framework.dart:4037)
I/flutter (31304): #15     ComponentElement.performRebuild (package:flutter/src/widgets/framework.dart:5841)
I/flutter (31304): #16     Element.rebuild (package:flutter/src/widgets/framework.dart:5529)
I/flutter (31304): #17     ProxyElement.update (package:flutter/src/widgets/framework.dart:6149)
I/flutter (31304): #18     Element.updateChild (package:flutter/src/widgets/framework.dart:4037)
I/flutter (31304): #19     SingleChildRenderObjectElement.update (package:flutter/src/widgets/framework.dart:7122)
I/flutter (31304): #20     Element.updateChild (package:flutter/src/widgets/framework.dart:4037)
I/flutter (31304): #21     ComponentElement.performRebuild (package:flutter/src/widgets/framework.dart:5841)
I/flutter (31304): #22     Element.rebuild (package:flutter/src/widgets/framework.dart:5529)
I/flutter (31304): #23     StatelessElement.update (package:flutter/src/widgets/framework.dart:5895)
I/flutter (31304): #24     Element.updateChild (package:flutter/src/widgets/framework.dart:4037)
I/flutter (31304): #25     ComponentElement.performRebuild (package:flutter/src/widgets/framework.dart:5841)
I/flutter (31304): #26     Element.rebuild (package:flutter/src/widgets/framework.dart:5529)
I/flutter (31304): #27     StatelessElement.update (package:flutter/src/widgets/framework.dart:5895)
I/flutter (31304): #28     Element.updateChild (package:flutter/src/widgets/framework.dart:4037)
I/flutter (31304): #29     ComponentElement.performRebuild (package:flutter/src/widgets/framework.dart:5841)
I/flutter (31304): #30     Element.rebuild (package:flutter/src/widgets/framework.dart:5529)
I/flutter (31304): #31     StatelessElement.update (package:flutter/src/widgets/framework.dart:5895)
I/flutter (31304): #32     Element.updateChild (package:flutter/src/widgets/framework.dart:4037)
I/flutter (31304): #33     ComponentElement.performRebuild (package:flutter/src/widgets/framework.dart:5841)
I/flutter (31304): #34     Element.rebuild (package:flutter/src/widgets/framework.dart:5529)
I/flutter (31304): #35     ProxyElement.update (package:flutter/src/widgets/framework.dart:6149)
I/flutter (31304): #36     Element.updateChild (package:flutter/src/widgets/framework.dart:4037)
I/flutter (31304): #37     ComponentElement.performRebuild (package:flutter/src/widgets/framework.dart:5841)
I/flutter (31304): #38     Element.rebuild (package:flutter/src/widgets/framework.dart:5529)
I/flutter (31304): #39     ProxyElement.update (package:flutter/src/widgets/framework.dart:6149)
I/flutter (31304): #40     Element.updateChild (package:flutter/src/widgets/framework.dart:4037)
I/flutter (31304): #41     Element.updateChildren (package:flutter/src/widgets/framework.dart:4191)
I/flutter (31304): #42     MultiChildRenderObjectElement.update (package:flutter/src/widgets/framework.dart:7295)
I/flutter (31304): #43     Element.updateChild (package:flutter/src/widgets/framework.dart:4037)
I/flutter (31304): #44     ComponentElement.performRebuild (package:flutter/src/widgets/framework.dart:5841)
I/flutter (31304): #45     Element.rebuild (package:flutter/src/widgets/framework.dart:5529)
I/flutter (31304): #46     ProxyElement.update (package:flutter/src/widgets/framework.dart:6149)
I/flutter (31304): #47     Element.updateChild (package:flutter/src/widgets/framework.dart:4037)
I/flutter (31304): #48     ComponentElement.performRebuild (package:flutter/src/widgets/framework.dart:5841)
I/flutter (31304): #49     StatefulElement.performRebuild (package:flutter/src/widgets/framework.dart:5982)
I/flutter (31304): #50     Element.rebuild (package:flutter/src/widgets/framework.dart:5529)
I/flutter (31304): #51     StatefulElement.update (package:flutter/src/widgets/framework.dart:6007)
I/flutter (31304): #52     Element.updateChild (package:flutter/src/widgets/framework.dart:4037)
I/flutter (31304): #53     ComponentElement.performRebuild (package:flutter/src/widgets/framework.dart:5841)
I/flutter (31304): #54     Element.rebuild (package:flutter/src/widgets/framework.dart:5529)
I/flutter (31304): #55     StatelessElement.update (package:flutter/src/widgets/framework.dart:5895)
I/flutter (31304): #56     Element.updateChild (package:flutter/src/widgets/framework.dart:4037)
I/flutter (31304): #57     ComponentElement.performRebuild (package:flutter/src/widgets/framework.dart:5841)
I/flutter (31304): #58     Element.rebuild (package:flutter/src/widgets/framework.dart:5529)
I/flutter (31304): #59     ProxyElement.update (package:flutter/src/widgets/framework.dart:6149)
I/flutter (31304): #60     Element.updateChild (package:flutter/src/widgets/framework.dart:4037)
I/flutter (31304): #61     ComponentElement.performRebuild (package:flutter/src/widgets/framework.dart:5841)
I/flutter (31304): #62     StatefulElement.performRebuild (package:flutter/src/widgets/framework.dart:5982)
I/flutter (31304): #63     Element.rebuild (package:flutter/src/widgets/framework.dart:5529)
I/flutter (31304): #64     StatefulElement.update (package:flutter/src/widgets/framework.dart:6007)
I/flutter (31304): #65     Element.updateChild (package:flutter/src/widgets/framework.dart:4037)
I/flutter (31304): #66     SingleChildRenderObjectElement.update (package:flutter/src/widgets/framework.dart:7122)
I/flutter (31304): #67     Element.updateChild (package:flutter/src/widgets/framework.dart:4037)
I/flutter (31304): #68     ComponentElement.performRebuild (package:flutter/src/widgets/framework.dart:5841)
I/flutter (31304): #69     Element.rebuild (package:flutter/src/widgets/framework.dart:5529)
I/flutter (31304): #70     ProxyElement.update (package:flutter/src/widgets/framework.dart:6149)
I/flutter (31304): #71     Element.updateChild (package:flutter/src/widgets/framework.dart:4037)
I/flutter (31304): #72     SingleChildRenderObjectElement.update (package:flutter/src/widgets/framework.dart:7122)
I/flutter (31304): #73     Element.updateChild (package:flutter/src/widgets/framework.dart:4037)
I/flutter (31304): #74     ComponentElement.performRebuild (package:flutter/src/widgets/framework.dart:5841)
I/flutter (31304): #75     StatefulElement.performRebuild (package:flutter/src/widgets/framework.dart:5982)
I/flutter (31304): #76     Element.rebuild (package:flutter/src/widgets/framework.dart:5529)
I/flutter (31304): #77     StatefulElement.update (package:flutter/src/widgets/framework.dart:6007)
I/flutter (31304): #78     Element.updateChild (package:flutter/src/widgets/framework.dart:4037)
I/flutter (31304): #79     ComponentElement.performRebuild (package:flutter/src/widgets/framework.dart:5841)
I/flutter (31304): #80     StatefulElement.performRebuild (package:flutter/src/widgets/framework.dart:5982)
I/flutter (31304): #81     Element.rebuild (package:flutter/src/widgets/framework.dart:5529)
I/flutter (31304): #82     StatefulElement.update (package:flutter/src/widgets/framework.dart:6007)
I/flutter (31304): #83     Element.updateChild (package:flutter/src/widgets/framework.dart:4037)
I/flutter (31304): #84     ComponentElement.performRebuild (package:flutter/src/widgets/framework.dart:5841)
I/flutter (31304): #85     Element.rebuild (package:flutter/src/widgets/framework.dart:5529)
I/flutter (31304): #86     ProxyElement.update (package:flutter/src/widgets/framework.dart:6149)
I/flutter (31304): #87     Element.updateChild (package:flutter/src/widgets/framework.dart:4037)
I/flutter (31304): #88     ComponentElement.performRebuild (package:flutter/src/widgets/framework.dart:5841)
I/flutter (31304): #89     Element.rebuild (package:flutter/src/widgets/framework.dart:5529)
I/flutter (31304): #90     ProxyElement.update (package:flutter/src/widgets/framework.dart:6149)
I/flutter (31304): #91     Element.updateChild (package:flutter/src/widgets/framework.dart:4037)
I/flutter (31304): #92     ComponentElement.performRebuild (package:flutter/src/widgets/framework.dart:5841)
I/flutter (31304): #93     Element.rebuild (package:flutter/src/widgets/framework.dart:5529)
I/flutter (31304): #94     ProxyElement.update (package:flutter/src/widgets/framework.dart:6149)
I/flutter (31304): #95     Element.updateChild (package:flutter/src/widgets/framework.dart:4037)
I/flutter (31304): #96     ComponentElement.performRebuild (package:flutter/src/widgets/framework.dart:5841)
I/flutter (31304): #97     StatefulElement.performRebuild (package:flutter/src/widgets/framework.dart:5982)
I/flutter (31304): #98     Element.rebuild (package:flutter/src/widgets/framework.dart:5529)
I/flutter (31304): #99     StatefulElement.update (package:flutter/src/widgets/framework.dart:6007)
[spm]: ProfilerData event received.
I/flutter (31304): [SPM:perf] 698a51a  buildSpan: 9036µs
I/flutter (31304): [spm] Performance monitoring completed for 698a51a
I/flutter (31304): type '_Stub' is not a subtype of type 'EdgeInsetsGeometry?'
I/flutter (31304): #0      TextBox.build (package:benchmark_container/generated_widget.dart:184)
I/flutter (31304): #1      StatelessElement.build (package:flutter/src/widgets/framework.dart:5889)
I/flutter (31304): #2      ComponentElement.performRebuild (package:flutter/src/widgets/framework.dart:5817)
I/flutter (31304): #3      Element.rebuild (package:flutter/src/widgets/framework.dart:5529)
I/flutter (31304): #4      StatelessElement.update (package:flutter/src/widgets/framework.dart:5895)
I/flutter (31304): #5      Element.updateChild (package:flutter/src/widgets/framework.dart:4037)
I/flutter (31304): #6      Element.updateChildren (package:flutter/src/widgets/framework.dart:4191)
I/flutter (31304): #7      MultiChildRenderObjectElement.update (package:flutter/src/widgets/framework.dart:7295)
I/flutter (31304): #8      Element.updateChild (package:flutter/src/widgets/framework.dart:4037)
I/flutter (31304): #9      SingleChildRenderObjectElement.update (package:flutter/src/widgets/framework.dart:7122)
I/flutter (31304): #10     Element.updateChild (package:flutter/src/widgets/framework.dart:4037)
I/flutter (31304): #11     ComponentElement.performRebuild (package:flutter/src/widgets/framework.dart:5841)
I/flutter (31304): #12     Element.rebuild (package:flutter/src/widgets/framework.dart:5529)
I/flutter (31304): #13     StatelessElement.update (package:flutter/src/widgets/framework.dart:5895)
I/flutter (31304): #14     Element.updateChild (package:flutter/src/widgets/framework.dart:4037)
I/flutter (31304): #15     ComponentElement.performRebuild (package:flutter/src/widgets/framework.dart:5841)
I/flutter (31304): #16     Element.rebuild (package:flutter/src/widgets/framework.dart:5529)
I/flutter (31304): #17     ProxyElement.update (package:flutter/src/widgets/framework.dart:6149)
I/flutter (31304): #18     Element.updateChild (package:flutter/src/widgets/framework.dart:4037)
I/flutter (31304): #19     SingleChildRenderObjectElement.update (package:flutter/src/widgets/framework.dart:7122)
I/flutter (31304): #20     Element.updateChild (package:flutter/src/widgets/framework.dart:4037)
I/flutter (31304): #21     ComponentElement.performRebuild (package:flutter/src/widgets/framework.dart:5841)
I/flutter (31304): #22     Element.rebuild (package:flutter/src/widgets/framework.dart:5529)
I/flutter (31304): #23     StatelessElement.update (package:flutter/src/widgets/framework.dart:5895)
I/flutter (31304): #24     Element.updateChild (package:flutter/src/widgets/framework.dart:4037)
I/flutter (31304): #25     ComponentElement.performRebuild (package:flutter/src/widgets/framework.dart:5841)
I/flutter (31304): #26     Element.rebuild (package:flutter/src/widgets/framework.dart:5529)
I/flutter (31304): #27     StatelessElement.update (package:flutter/src/widgets/framework.dart:5895)
I/flutter (31304): #28     Element.updateChild (package:flutter/src/widgets/framework.dart:4037)
I/flutter (31304): #29     ComponentElement.performRebuild (package:flutter/src/widgets/framework.dart:5841)
I/flutter (31304): #30     Element.rebuild (package:flutter/src/widgets/framework.dart:5529)
I/flutter (31304): #31     StatelessElement.update (package:flutter/src/widgets/framework.dart:5895)
I/flutter (31304): #32     Element.updateChild (package:flutter/src/widgets/framework.dart:4037)
I/flutter (31304): #33     ComponentElement.performRebuild (package:flutter/src/widgets/framework.dart:5841)
I/flutter (31304): #34     Element.rebuild (package:flutter/src/widgets/framework.dart:5529)
I/flutter (31304): #35     ProxyElement.update (package:flutter/src/widgets/framework.dart:6149)
I/flutter (31304): #36     Element.updateChild (package:flutter/src/widgets/framework.dart:4037)
I/flutter (31304): #37     ComponentElement.performRebuild (package:flutter/src/widgets/framework.dart:5841)
I/flutter (31304): #38     Element.rebuild (package:flutter/src/widgets/framework.dart:5529)
I/flutter (31304): #39     ProxyElement.update (package:flutter/src/widgets/framework.dart:6149)
I/flutter (31304): #40     Element.updateChild (package:flutter/src/widgets/framework.dart:4037)
I/flutter (31304): #41     Element.updateChildren (package:flutter/src/widgets/framework.dart:4191)
I/flutter (31304): #42     MultiChildRenderObjectElement.update (package:flutter/src/widgets/framework.dart:7295)
I/flutter (31304): #43     Element.updateChild (package:flutter/src/widgets/framework.dart:4037)
I/flutter (31304): #44     ComponentElement.performRebuild (package:flutter/src/widgets/framework.dart:5841)
I/flutter (31304): #45     Element.rebuild (package:flutter/src/widgets/framework.dart:5529)
I/flutter (31304): #46     ProxyElement.update (package:flutter/src/widgets/framework.dart:6149)
I/flutter (31304): #47     Element.updateChild (package:flutter/src/widgets/framework.dart:4037)
I/flutter (31304): #48     ComponentElement.performRebuild (package:flutter/src/widgets/framework.dart:5841)
I/flutter (31304): #49     StatefulElement.performRebuild (package:flutter/src/widgets/framework.dart:5982)
I/flutter (31304): #50     Element.rebuild (package:flutter/src/widgets/framework.dart:5529)
I/flutter (31304): #51     StatefulElement.update (package:flutter/src/widgets/framework.dart:6007)
I/flutter (31304): #52     Element.updateChild (package:flutter/src/widgets/framework.dart:4037)
I/flutter (31304): #53     ComponentElement.performRebuild (package:flutter/src/widgets/framework.dart:5841)
I/flutter (31304): #54     Element.rebuild (package:flutter/src/widgets/framework.dart:5529)
I/flutter (31304): #55     StatelessElement.update (package:flutter/src/widgets/framework.dart:5895)
I/flutter (31304): #56     Element.updateChild (package:flutter/src/widgets/framework.dart:4037)
I/flutter (31304): #57     ComponentElement.performRebuild (package:flutter/src/widgets/framework.dart:5841)
I/flutter (31304): #58     Element.rebuild (package:flutter/src/widgets/framework.dart:5529)
I/flutter (31304): #59     ProxyElement.update (package:flutter/src/widgets/framework.dart:6149)
I/flutter (31304): #60     Element.updateChild (package:flutter/src/widgets/framework.dart:4037)
I/flutter (31304): #61     ComponentElement.performRebuild (package:flutter/src/widgets/framework.dart:5841)
I/flutter (31304): #62     StatefulElement.performRebuild (package:flutter/src/widgets/framework.dart:5982)
I/flutter (31304): #63     Element.rebuild (package:flutter/src/widgets/framework.dart:5529)
I/flutter (31304): #64     StatefulElement.update (package:flutter/src/widgets/framework.dart:6007)
I/flutter (31304): #65     Element.updateChild (package:flutter/src/widgets/framework.dart:4037)
I/flutter (31304): #66     SingleChildRenderObjectElement.update (package:flutter/src/widgets/framework.dart:7122)
I/flutter (31304): #67     Element.updateChild (package:flutter/src/widgets/framework.dart:4037)
I/flutter (31304): #68     ComponentElement.performRebuild (package:flutter/src/widgets/framework.dart:5841)
I/flutter (31304): #69     Element.rebuild (package:flutter/src/widgets/framework.dart:5529)
I/flutter (31304): #70     ProxyElement.update (package:flutter/src/widgets/framework.dart:6149)
I/flutter (31304): #71     Element.updateChild (package:flutter/src/widgets/framework.dart:4037)
I/flutter (31304): #72     SingleChildRenderObjectElement.update (package:flutter/src/widgets/framework.dart:7122)
I/flutter (31304): #73     Element.updateChild (package:flutter/src/widgets/framework.dart:4037)
I/flutter (31304): #74     ComponentElement.performRebuild (package:flutter/src/widgets/framework.dart:5841)
I/flutter (31304): #75     StatefulElement.performRebuild (package:flutter/src/widgets/framework.dart:5982)
I/flutter (31304): #76     Element.rebuild (package:flutter/src/widgets/framework.dart:5529)
I/flutter (31304): #77     StatefulElement.update (package:flutter/src/widgets/framework.dart:6007)
I/flutter (31304): #78     Element.updateChild (package:flutter/src/widgets/framework.dart:4037)
I/flutter (31304): #79     ComponentElement.performRebuild (package:flutter/src/widgets/framework.dart:5841)
I/flutter (31304): #80     StatefulElement.performRebuild (package:flutter/src/widgets/framework.dart:5982)
I/flutter (31304): #81     Element.rebuild (package:flutter/src/widgets/framework.dart:5529)
I/flutter (31304): #82     StatefulElement.update (package:flutter/src/widgets/framework.dart:6007)
I/flutter (31304): #83     Element.updateChild (package:flutter/src/widgets/framework.dart:4037)
I/flutter (31304): #84     ComponentElement.performRebuild (package:flutter/src/widgets/framework.dart:5841)
I/flutter (31304): #85     Element.rebuild (package:flutter/src/widgets/framework.dart:5529)
I/flutter (31304): #86     ProxyElement.update (package:flutter/src/widgets/framework.dart:6149)
I/flutter (31304): #87     Element.updateChild (package:flutter/src/widgets/framework.dart:4037)
I/flutter (31304): #88     ComponentElement.performRebuild (package:flutter/src/widgets/framework.dart:5841)
I/flutter (31304): #89     Element.rebuild (package:flutter/src/widgets/framework.dart:5529)
I/flutter (31304): #90     ProxyElement.update (package:flutter/src/widgets/framework.dart:6149)
I/flutter (31304): #91     Element.updateChild (package:flutter/src/widgets/framework.dart:4037)
I/flutter (31304): #92     ComponentElement.performRebuild (package:flutter/src/widgets/framework.dart:5841)
I/flutter (31304): #93     Element.rebuild (package:flutter/src/widgets/framework.dart:5529)
I/flutter (31304): #94     ProxyElement.update (package:flutter/src/widgets/framework.dart:6149)
I/flutter (31304): #95     Element.updateChild (package:flutter/src/widgets/framework.dart:4037)
I/flutter (31304): #96     ComponentElement.performRebuild (package:flutter/src/widgets/framework.dart:5841)
I/flutter (31304): #97     StatefulElement.performRebuild (package:flutter/src/widgets/framework.dart:5982)
I/flutter (31304): #98     Element.rebuild (package:flutter/src/widgets/framework.dart:5529)
I/flutter (31304): #99     StatefulElement.update (package:flutter/src/widgets/framework.dart:6007)
[spm]: ProfilerData event received.
I/flutter (31304): [SPM:perf] 698a51a  buildSpan: 10424µs
I/flutter (31304): [spm] Performance monitoring completed for 698a51a
I/flutter (31304): type '_Stub' is not a subtype of type 'EdgeInsetsGeometry?'
I/flutter (31304): #0      TextBox.build (package:benchmark_container/generated_widget.dart:184)
I/flutter (31304): #1      StatelessElement.build (package:flutter/src/widgets/framework.dart:5889)
I/flutter (31304): #2      ComponentElement.performRebuild (package:flutter/src/widgets/framework.dart:5817)
I/flutter (31304): #3      Element.rebuild (package:flutter/src/widgets/framework.dart:5529)
I/flutter (31304): #4      StatelessElement.update (package:flutter/src/widgets/framework.dart:5895)
I/flutter (31304): #5      Element.updateChild (package:flutter/src/widgets/framework.dart:4037)
I/flutter (31304): #6      Element.updateChildren (package:flutter/src/widgets/framework.dart:4191)
I/flutter (31304): #7      MultiChildRenderObjectElement.update (package:flutter/src/widgets/framework.dart:7295)
I/flutter (31304): #8      Element.updateChild (package:flutter/src/widgets/framework.dart:4037)
I/flutter (31304): #9      SingleChildRenderObjectElement.update (package:flutter/src/widgets/framework.dart:7122)
I/flutter (31304): #10     Element.updateChild (package:flutter/src/widgets/framework.dart:4037)
I/flutter (31304): #11     ComponentElement.performRebuild (package:flutter/src/widgets/framework.dart:5841)
I/flutter (31304): #12     Element.rebuild (package:flutter/src/widgets/framework.dart:5529)
I/flutter (31304): #13     StatelessElement.update (package:flutter/src/widgets/framework.dart:5895)
I/flutter (31304): #14     Element.updateChild (package:flutter/src/widgets/framework.dart:4037)
I/flutter (31304): #15     ComponentElement.performRebuild (package:flutter/src/widgets/framework.dart:5841)
I/flutter (31304): #16     Element.rebuild (package:flutter/src/widgets/framework.dart:5529)
I/flutter (31304): #17     ProxyElement.update (package:flutter/src/widgets/framework.dart:6149)
I/flutter (31304): #18     Element.updateChild (package:flutter/src/widgets/framework.dart:4037)
I/flutter (31304): #19     SingleChildRenderObjectElement.update (package:flutter/src/widgets/framework.dart:7122)
I/flutter (31304): #20     Element.updateChild (package:flutter/src/widgets/framework.dart:4037)
I/flutter (31304): #21     ComponentElement.performRebuild (package:flutter/src/widgets/framework.dart:5841)
I/flutter (31304): #22     Element.rebuild (package:flutter/src/widgets/framework.dart:5529)
I/flutter (31304): #23     StatelessElement.update (package:flutter/src/widgets/framework.dart:5895)
I/flutter (31304): #24     Element.updateChild (package:flutter/src/widgets/framework.dart:4037)
I/flutter (31304): #25     ComponentElement.performRebuild (package:flutter/src/widgets/framework.dart:5841)
I/flutter (31304): #26     Element.rebuild (package:flutter/src/widgets/framework.dart:5529)
I/flutter (31304): #27     StatelessElement.update (package:flutter/src/widgets/framework.dart:5895)
I/flutter (31304): #28     Element.updateChild (package:flutter/src/widgets/framework.dart:4037)
I/flutter (31304): #29     ComponentElement.performRebuild (package:flutter/src/widgets/framework.dart:5841)
I/flutter (31304): #30     Element.rebuild (package:flutter/src/widgets/framework.dart:5529)
I/flutter (31304): #31     StatelessElement.update (package:flutter/src/widgets/framework.dart:5895)
I/flutter (31304): #32     Element.updateChild (package:flutter/src/widgets/framework.dart:4037)
I/flutter (31304): #33     ComponentElement.performRebuild (package:flutter/src/widgets/framework.dart:5841)
I/flutter (31304): #34     Element.rebuild (package:flutter/src/widgets/framework.dart:5529)
I/flutter (31304): #35     ProxyElement.update (package:flutter/src/widgets/framework.dart:6149)
I/flutter (31304): #36     Element.updateChild (package:flutter/src/widgets/framework.dart:4037)
I/flutter (31304): #37     ComponentElement.performRebuild (package:flutter/src/widgets/framework.dart:5841)
I/flutter (31304): #38     Element.rebuild (package:flutter/src/widgets/framework.dart:5529)
I/flutter (31304): #39     ProxyElement.update (package:flutter/src/widgets/framework.dart:6149)
I/flutter (31304): #40     Element.updateChild (package:flutter/src/widgets/framework.dart:4037)
I/flutter (31304): #41     Element.updateChildren (package:flutter/src/widgets/framework.dart:4191)
I/flutter (31304): #42     MultiChildRenderObjectElement.update (package:flutter/src/widgets/framework.dart:7295)
I/flutter (31304): #43     Element.updateChild (package:flutter/src/widgets/framework.dart:4037)
I/flutter (31304): #44     ComponentElement.performRebuild (package:flutter/src/widgets/framework.dart:5841)
I/flutter (31304): #45     Element.rebuild (package:flutter/src/widgets/framework.dart:5529)
I/flutter (31304): #46     ProxyElement.update (package:flutter/src/widgets/framework.dart:6149)
I/flutter (31304): #47     Element.updateChild (package:flutter/src/widgets/framework.dart:4037)
I/flutter (31304): #48     ComponentElement.performRebuild (package:flutter/src/widgets/framework.dart:5841)
I/flutter (31304): #49     StatefulElement.performRebuild (package:flutter/src/widgets/framework.dart:5982)
I/flutter (31304): #50     Element.rebuild (package:flutter/src/widgets/framework.dart:5529)
I/flutter (31304): #51     StatefulElement.update (package:flutter/src/widgets/framework.dart:6007)
I/flutter (31304): #52     Element.updateChild (package:flutter/src/widgets/framework.dart:4037)
I/flutter (31304): #53     ComponentElement.performRebuild (package:flutter/src/widgets/framework.dart:5841)
I/flutter (31304): #54     Element.rebuild (package:flutter/src/widgets/framework.dart:5529)
I/flutter (31304): #55     StatelessElement.update (package:flutter/src/widgets/framework.dart:5895)
I/flutter (31304): #56     Element.updateChild (package:flutter/src/widgets/framework.dart:4037)
I/flutter (31304): #57     ComponentElement.performRebuild (package:flutter/src/widgets/framework.dart:5841)
I/flutter (31304): #58     Element.rebuild (package:flutter/src/widgets/framework.dart:5529)
I/flutter (31304): #59     ProxyElement.update (package:flutter/src/widgets/framework.dart:6149)
I/flutter (31304): #60     Element.updateChild (package:flutter/src/widgets/framework.dart:4037)
I/flutter (31304): #61     ComponentElement.performRebuild (package:flutter/src/widgets/framework.dart:5841)
I/flutter (31304): #62     StatefulElement.performRebuild (package:flutter/src/widgets/framework.dart:5982)
I/flutter (31304): #63     Element.rebuild (package:flutter/src/widgets/framework.dart:5529)
I/flutter (31304): #64     StatefulElement.update (package:flutter/src/widgets/framework.dart:6007)
I/flutter (31304): #65     Element.updateChild (package:flutter/src/widgets/framework.dart:4037)
I/flutter (31304): #66     SingleChildRenderObjectElement.update (package:flutter/src/widgets/framework.dart:7122)
I/flutter (31304): #67     Element.updateChild (package:flutter/src/widgets/framework.dart:4037)
I/flutter (31304): #68     ComponentElement.performRebuild (package:flutter/src/widgets/framework.dart:5841)
I/flutter (31304): #69     Element.rebuild (package:flutter/src/widgets/framework.dart:5529)
I/flutter (31304): #70     ProxyElement.update (package:flutter/src/widgets/framework.dart:6149)
I/flutter (31304): #71     Element.updateChild (package:flutter/src/widgets/framework.dart:4037)
I/flutter (31304): #72     SingleChildRenderObjectElement.update (package:flutter/src/widgets/framework.dart:7122)
I/flutter (31304): #73     Element.updateChild (package:flutter/src/widgets/framework.dart:4037)
I/flutter (31304): #74     ComponentElement.performRebuild (package:flutter/src/widgets/framework.dart:5841)
I/flutter (31304): #75     StatefulElement.performRebuild (package:flutter/src/widgets/framework.dart:5982)
I/flutter (31304): #76     Element.rebuild (package:flutter/src/widgets/framework.dart:5529)
I/flutter (31304): #77     StatefulElement.update (package:flutter/src/widgets/framework.dart:6007)
I/flutter (31304): #78     Element.updateChild (package:flutter/src/widgets/framework.dart:4037)
I/flutter (31304): #79     ComponentElement.performRebuild (package:flutter/src/widgets/framework.dart:5841)
I/flutter (31304): #80     StatefulElement.performRebuild (package:flutter/src/widgets/framework.dart:5982)
I/flutter (31304): #81     Element.rebuild (package:flutter/src/widgets/framework.dart:5529)
I/flutter (31304): #82     StatefulElement.update (package:flutter/src/widgets/framework.dart:6007)
I/flutter (31304): #83     Element.updateChild (package:flutter/src/widgets/framework.dart:4037)
I/flutter (31304): #84     ComponentElement.performRebuild (package:flutter/src/widgets/framework.dart:5841)
I/flutter (31304): #85     Element.rebuild (package:flutter/src/widgets/framework.dart:5529)
I/flutter (31304): #86     ProxyElement.update (package:flutter/src/widgets/framework.dart:6149)
I/flutter (31304): #87     Element.updateChild (package:flutter/src/widgets/framework.dart:4037)
I/flutter (31304): #88     ComponentElement.performRebuild (package:flutter/src/widgets/framework.dart:5841)
I/flutter (31304): #89     Element.rebuild (package:flutter/src/widgets/framework.dart:5529)
I/flutter (31304): #90     ProxyElement.update (package:flutter/src/widgets/framework.dart:6149)
I/flutter (31304): #91     Element.updateChild (package:flutter/src/widgets/framework.dart:4037)
I/flutter (31304): #92     ComponentElement.performRebuild (package:flutter/src/widgets/framework.dart:5841)
I/flutter (31304): #93     Element.rebuild (package:flutter/src/widgets/framework.dart:5529)
I/flutter (31304): #94     ProxyElement.update (package:flutter/src/widgets/framework.dart:6149)
I/flutter (31304): #95     Element.updateChild (package:flutter/src/widgets/framework.dart:4037)
I/flutter (31304): #96     ComponentElement.performRebuild (package:flutter/src/widgets/framework.dart:5841)
I/flutter (31304): #97     StatefulElement.performRebuild (package:flutter/src/widgets/framework.dart:5982)
I/flutter (31304): #98     Element.rebuild (package:flutter/src/widgets/framework.dart:5529)
I/flutter (31304): #99     StatefulElement.update (package:flutter/src/widgets/framework.dart:6007)
[spm]: ProfilerData event received.
I/flutter (31304): [SPM:perf] 698a51a  buildSpan: 10588µs
I/flutter (31304): [spm] Performance monitoring completed for 698a51a
I/flutter (31304): type '_Stub' is not a subtype of type 'EdgeInsetsGeometry?'
I/flutter (31304): #0      TextBox.build (package:benchmark_container/generated_widget.dart:184)
I/flutter (31304): #1      StatelessElement.build (package:flutter/src/widgets/framework.dart:5889)
I/flutter (31304): #2      ComponentElement.performRebuild (package:flutter/src/widgets/framework.dart:5817)
I/flutter (31304): #3      Element.rebuild (package:flutter/src/widgets/framework.dart:5529)
I/flutter (31304): #4      StatelessElement.update (package:flutter/src/widgets/framework.dart:5895)
I/flutter (31304): #5      Element.updateChild (package:flutter/src/widgets/framework.dart:4037)
I/flutter (31304): #6      Element.updateChildren (package:flutter/src/widgets/framework.dart:4191)
I/flutter (31304): #7      MultiChildRenderObjectElement.update (package:flutter/src/widgets/framework.dart:7295)
I/flutter (31304): #8      Element.updateChild (package:flutter/src/widgets/framework.dart:4037)
I/flutter (31304): #9      SingleChildRenderObjectElement.update (package:flutter/src/widgets/framework.dart:7122)
I/flutter (31304): #10     Element.updateChild (package:flutter/src/widgets/framework.dart:4037)
I/flutter (31304): #11     ComponentElement.performRebuild (package:flutter/src/widgets/framework.dart:5841)
I/flutter (31304): #12     Element.rebuild (package:flutter/src/widgets/framework.dart:5529)
I/flutter (31304): #13     StatelessElement.update (package:flutter/src/widgets/framework.dart:5895)
I/flutter (31304): #14     Element.updateChild (package:flutter/src/widgets/framework.dart:4037)
I/flutter (31304): #15     ComponentElement.performRebuild (package:flutter/src/widgets/framework.dart:5841)
I/flutter (31304): #16     Element.rebuild (package:flutter/src/widgets/framework.dart:5529)
I/flutter (31304): #17     ProxyElement.update (package:flutter/src/widgets/framework.dart:6149)
I/flutter (31304): #18     Element.updateChild (package:flutter/src/widgets/framework.dart:4037)
I/flutter (31304): #19     SingleChildRenderObjectElement.update (package:flutter/src/widgets/framework.dart:7122)
I/flutter (31304): #20     Element.updateChild (package:flutter/src/widgets/framework.dart:4037)
I/flutter (31304): #21     ComponentElement.performRebuild (package:flutter/src/widgets/framework.dart:5841)
I/flutter (31304): #22     Element.rebuild (package:flutter/src/widgets/framework.dart:5529)
I/flutter (31304): #23     StatelessElement.update (package:flutter/src/widgets/framework.dart:5895)
I/flutter (31304): #24     Element.updateChild (package:flutter/src/widgets/framework.dart:4037)
I/flutter (31304): #25     ComponentElement.performRebuild (package:flutter/src/widgets/framework.dart:5841)
I/flutter (31304): #26     Element.rebuild (package:flutter/src/widgets/framework.dart:5529)
I/flutter (31304): #27     StatelessElement.update (package:flutter/src/widgets/framework.dart:5895)
I/flutter (31304): #28     Element.updateChild (package:flutter/src/widgets/framework.dart:4037)
I/flutter (31304): #29     ComponentElement.performRebuild (package:flutter/src/widgets/framework.dart:5841)
I/flutter (31304): #30     Element.rebuild (package:flutter/src/widgets/framework.dart:5529)
I/flutter (31304): #31     StatelessElement.update (package:flutter/src/widgets/framework.dart:5895)
I/flutter (31304): #32     Element.updateChild (package:flutter/src/widgets/framework.dart:4037)
I/flutter (31304): #33     ComponentElement.performRebuild (package:flutter/src/widgets/framework.dart:5841)
I/flutter (31304): #34     Element.rebuild (package:flutter/src/widgets/framework.dart:5529)
I/flutter (31304): #35     ProxyElement.update (package:flutter/src/widgets/framework.dart:6149)
I/flutter (31304): #36     Element.updateChild (package:flutter/src/widgets/framework.dart:4037)
I/flutter (31304): #37     ComponentElement.performRebuild (package:flutter/src/widgets/framework.dart:5841)
I/flutter (31304): #38     Element.rebuild (package:flutter/src/widgets/framework.dart:5529)
I/flutter (31304): #39     ProxyElement.update (package:flutter/src/widgets/framework.dart:6149)
I/flutter (31304): #40     Element.updateChild (package:flutter/src/widgets/framework.dart:4037)
I/flutter (31304): #41     Element.updateChildren (package:flutter/src/widgets/framework.dart:4191)
I/flutter (31304): #42     MultiChildRenderObjectElement.update (package:flutter/src/widgets/framework.dart:7295)
I/flutter (31304): #43     Element.updateChild (package:flutter/src/widgets/framework.dart:4037)
I/flutter (31304): #44     ComponentElement.performRebuild (package:flutter/src/widgets/framework.dart:5841)
I/flutter (31304): #45     Element.rebuild (package:flutter/src/widgets/framework.dart:5529)
I/flutter (31304): #46     ProxyElement.update (package:flutter/src/widgets/framework.dart:6149)
I/flutter (31304): #47     Element.updateChild (package:flutter/src/widgets/framework.dart:4037)
I/flutter (31304): #48     ComponentElement.performRebuild (package:flutter/src/widgets/framework.dart:5841)
I/flutter (31304): #49     StatefulElement.performRebuild (package:flutter/src/widgets/framework.dart:5982)
I/flutter (31304): #50     Element.rebuild (package:flutter/src/widgets/framework.dart:5529)
I/flutter (31304): #51     StatefulElement.update (package:flutter/src/widgets/framework.dart:6007)
I/flutter (31304): #52     Element.updateChild (package:flutter/src/widgets/framework.dart:4037)
I/flutter (31304): #53     ComponentElement.performRebuild (package:flutter/src/widgets/framework.dart:5841)
I/flutter (31304): #54     Element.rebuild (package:flutter/src/widgets/framework.dart:5529)
I/flutter (31304): #55     StatelessElement.update (package:flutter/src/widgets/framework.dart:5895)
I/flutter (31304): #56     Element.updateChild (package:flutter/src/widgets/framework.dart:4037)
I/flutter (31304): #57     ComponentElement.performRebuild (package:flutter/src/widgets/framework.dart:5841)
I/flutter (31304): #58     Element.rebuild (package:flutter/src/widgets/framework.dart:5529)
I/flutter (31304): #59     ProxyElement.update (package:flutter/src/widgets/framework.dart:6149)
I/flutter (31304): #60     Element.updateChild (package:flutter/src/widgets/framework.dart:4037)
I/flutter (31304): #61     ComponentElement.performRebuild (package:flutter/src/widgets/framework.dart:5841)
I/flutter (31304): #62     StatefulElement.performRebuild (package:flutter/src/widgets/framework.dart:5982)
I/flutter (31304): #63     Element.rebuild (package:flutter/src/widgets/framework.dart:5529)
I/flutter (31304): #64     StatefulElement.update (package:flutter/src/widgets/framework.dart:6007)
I/flutter (31304): #65     Element.updateChild (package:flutter/src/widgets/framework.dart:4037)
I/flutter (31304): #66     SingleChildRenderObjectElement.update (package:flutter/src/widgets/framework.dart:7122)
I/flutter (31304): #67     Element.updateChild (package:flutter/src/widgets/framework.dart:4037)
I/flutter (31304): #68     ComponentElement.performRebuild (package:flutter/src/widgets/framework.dart:5841)
I/flutter (31304): #69     Element.rebuild (package:flutter/src/widgets/framework.dart:5529)
I/flutter (31304): #70     ProxyElement.update (package:flutter/src/widgets/framework.dart:6149)
I/flutter (31304): #71     Element.updateChild (package:flutter/src/widgets/framework.dart:4037)
I/flutter (31304): #72     SingleChildRenderObjectElement.update (package:flutter/src/widgets/framework.dart:7122)
I/flutter (31304): #73     Element.updateChild (package:flutter/src/widgets/framework.dart:4037)
I/flutter (31304): #74     ComponentElement.performRebuild (package:flutter/src/widgets/framework.dart:5841)
I/flutter (31304): #75     StatefulElement.performRebuild (package:flutter/src/widgets/framework.dart:5982)
I/flutter (31304): #76     Element.rebuild (package:flutter/src/widgets/framework.dart:5529)
I/flutter (31304): #77     StatefulElement.update (package:flutter/src/widgets/framework.dart:6007)
I/flutter (31304): #78     Element.updateChild (package:flutter/src/widgets/framework.dart:4037)
I/flutter (31304): #79     ComponentElement.performRebuild (package:flutter/src/widgets/framework.dart:5841)
I/flutter (31304): #80     StatefulElement.performRebuild (package:flutter/src/widgets/framework.dart:5982)
I/flutter (31304): #81     Element.rebuild (package:flutter/src/widgets/framework.dart:5529)
I/flutter (31304): #82     StatefulElement.update (package:flutter/src/widgets/framework.dart:6007)
I/flutter (31304): #83     Element.updateChild (package:flutter/src/widgets/framework.dart:4037)
I/flutter (31304): #84     ComponentElement.performRebuild (package:flutter/src/widgets/framework.dart:5841)
I/flutter (31304): #85     Element.rebuild (package:flutter/src/widgets/framework.dart:5529)
I/flutter (31304): #86     ProxyElement.update (package:flutter/src/widgets/framework.dart:6149)
I/flutter (31304): #87     Element.updateChild (package:flutter/src/widgets/framework.dart:4037)
I/flutter (31304): #88     ComponentElement.performRebuild (package:flutter/src/widgets/framework.dart:5841)
I/flutter (31304): #89     Element.rebuild (package:flutter/src/widgets/framework.dart:5529)
I/flutter (31304): #90     ProxyElement.update (package:flutter/src/widgets/framework.dart:6149)
I/flutter (31304): #91     Element.updateChild (package:flutter/src/widgets/framework.dart:4037)
I/flutter (31304): #92     ComponentElement.performRebuild (package:flutter/src/widgets/framework.dart:5841)
I/flutter (31304): #93     Element.rebuild (package:flutter/src/widgets/framework.dart:5529)
I/flutter (31304): #94     ProxyElement.update (package:flutter/src/widgets/framework.dart:6149)
I/flutter (31304): #95     Element.updateChild (package:flutter/src/widgets/framework.dart:4037)
I/flutter (31304): #96     ComponentElement.performRebuild (package:flutter/src/widgets/framework.dart:5841)
I/flutter (31304): #97     StatefulElement.performRebuild (package:flutter/src/widgets/framework.dart:5982)
I/flutter (31304): #98     Element.rebuild (package:flutter/src/widgets/framework.dart:5529)
I/flutter (31304): #99     StatefulElement.update (package:flutter/src/widgets/framework.dart:6007)
I/flutter (31304): [SPM:perf] 698a51a  buildSpan: 10570µs
I/flutter (31304): [spm] Performance monitoring completed for 698a51a
[spm]: ProfilerData event received.
I/flutter (31304): type '_Stub' is not a subtype of type 'EdgeInsetsGeometry?'
I/flutter (31304): #0      TextBox.build (package:benchmark_container/generated_widget.dart:184)
I/flutter (31304): #1      StatelessElement.build (package:flutter/src/widgets/framework.dart:5889)
I/flutter (31304): #2      ComponentElement.performRebuild (package:flutter/src/widgets/framework.dart:5817)
I/flutter (31304): #3      Element.rebuild (package:flutter/src/widgets/framework.dart:5529)
I/flutter (31304): #4      StatelessElement.update (package:flutter/src/widgets/framework.dart:5895)
I/flutter (31304): #5      Element.updateChild (package:flutter/src/widgets/framework.dart:4037)
I/flutter (31304): #6      Element.updateChildren (package:flutter/src/widgets/framework.dart:4191)
I/flutter (31304): #7      MultiChildRenderObjectElement.update (package:flutter/src/widgets/framework.dart:7295)
I/flutter (31304): #8      Element.updateChild (package:flutter/src/widgets/framework.dart:4037)
I/flutter (31304): #9      SingleChildRenderObjectElement.update (package:flutter/src/widgets/framework.dart:7122)
I/flutter (31304): #10     Element.updateChild (package:flutter/src/widgets/framework.dart:4037)
I/flutter (31304): #11     ComponentElement.performRebuild (package:flutter/src/widgets/framework.dart:5841)
I/flutter (31304): #12     Element.rebuild (package:flutter/src/widgets/framework.dart:5529)
I/flutter (31304): #13     StatelessElement.update (package:flutter/src/widgets/framework.dart:5895)
I/flutter (31304): #14     Element.updateChild (package:flutter/src/widgets/framework.dart:4037)
I/flutter (31304): #15     ComponentElement.performRebuild (package:flutter/src/widgets/framework.dart:5841)
I/flutter (31304): #16     Element.rebuild (package:flutter/src/widgets/framework.dart:5529)
I/flutter (31304): #17     ProxyElement.update (package:flutter/src/widgets/framework.dart:6149)
I/flutter (31304): #18     Element.updateChild (package:flutter/src/widgets/framework.dart:4037)
I/flutter (31304): #19     SingleChildRenderObjectElement.update (package:flutter/src/widgets/framework.dart:7122)
I/flutter (31304): #20     Element.updateChild (package:flutter/src/widgets/framework.dart:4037)
I/flutter (31304): #21     ComponentElement.performRebuild (package:flutter/src/widgets/framework.dart:5841)
I/flutter (31304): #22     Element.rebuild (package:flutter/src/widgets/framework.dart:5529)
I/flutter (31304): #23     StatelessElement.update (package:flutter/src/widgets/framework.dart:5895)
I/flutter (31304): #24     Element.updateChild (package:flutter/src/widgets/framework.dart:4037)
I/flutter (31304): #25     ComponentElement.performRebuild (package:flutter/src/widgets/framework.dart:5841)
I/flutter (31304): #26     Element.rebuild (package:flutter/src/widgets/framework.dart:5529)
I/flutter (31304): #27     StatelessElement.update (package:flutter/src/widgets/framework.dart:5895)
I/flutter (31304): #28     Element.updateChild (package:flutter/src/widgets/framework.dart:4037)
I/flutter (31304): #29     ComponentElement.performRebuild (package:flutter/src/widgets/framework.dart:5841)
I/flutter (31304): #30     Element.rebuild (package:flutter/src/widgets/framework.dart:5529)
I/flutter (31304): #31     StatelessElement.update (package:flutter/src/widgets/framework.dart:5895)
I/flutter (31304): #32     Element.updateChild (package:flutter/src/widgets/framework.dart:4037)
I/flutter (31304): #33     ComponentElement.performRebuild (package:flutter/src/widgets/framework.dart:5841)
I/flutter (31304): #34     Element.rebuild (package:flutter/src/widgets/framework.dart:5529)
I/flutter (31304): #35     ProxyElement.update (package:flutter/src/widgets/framework.dart:6149)
I/flutter (31304): #36     Element.updateChild (package:flutter/src/widgets/framework.dart:4037)
I/flutter (31304): #37     ComponentElement.performRebuild (package:flutter/src/widgets/framework.dart:5841)
I/flutter (31304): #38     Element.rebuild (package:flutter/src/widgets/framework.dart:5529)
I/flutter (31304): #39     ProxyElement.update (package:flutter/src/widgets/framework.dart:6149)
I/flutter (31304): #40     Element.updateChild (package:flutter/src/widgets/framework.dart:4037)
I/flutter (31304): #41     Element.updateChildren (package:flutter/src/widgets/framework.dart:4191)
I/flutter (31304): #42     MultiChildRenderObjectElement.update (package:flutter/src/widgets/framework.dart:7295)
I/flutter (31304): #43     Element.updateChild (package:flutter/src/widgets/framework.dart:4037)
I/flutter (31304): #44     ComponentElement.performRebuild (package:flutter/src/widgets/framework.dart:5841)
I/flutter (31304): #45     Element.rebuild (package:flutter/src/widgets/framework.dart:5529)
I/flutter (31304): #46     ProxyElement.update (package:flutter/src/widgets/framework.dart:6149)
I/flutter (31304): #47     Element.updateChild (package:flutter/src/widgets/framework.dart:4037)
I/flutter (31304): #48     ComponentElement.performRebuild (package:flutter/src/widgets/framework.dart:5841)
I/flutter (31304): #49     StatefulElement.performRebuild (package:flutter/src/widgets/framework.dart:5982)
I/flutter (31304): #50     Element.rebuild (package:flutter/src/widgets/framework.dart:5529)
I/flutter (31304): #51     StatefulElement.update (package:flutter/src/widgets/framework.dart:6007)
I/flutter (31304): #52     Element.updateChild (package:flutter/src/widgets/framework.dart:4037)
I/flutter (31304): #53     ComponentElement.performRebuild (package:flutter/src/widgets/framework.dart:5841)
I/flutter (31304): #54     Element.rebuild (package:flutter/src/widgets/framework.dart:5529)
I/flutter (31304): #55     StatelessElement.update (package:flutter/src/widgets/framework.dart:5895)
I/flutter (31304): #56     Element.updateChild (package:flutter/src/widgets/framework.dart:4037)
I/flutter (31304): #57     ComponentElement.performRebuild (package:flutter/src/widgets/framework.dart:5841)
I/flutter (31304): #58     Element.rebuild (package:flutter/src/widgets/framework.dart:5529)
I/flutter (31304): #59     ProxyElement.update (package:flutter/src/widgets/framework.dart:6149)
I/flutter (31304): #60     Element.updateChild (package:flutter/src/widgets/framework.dart:4037)
I/flutter (31304): #61     ComponentElement.performRebuild (package:flutter/src/widgets/framework.dart:5841)
I/flutter (31304): #62     StatefulElement.performRebuild (package:flutter/src/widgets/framework.dart:5982)
I/flutter (31304): #63     Element.rebuild (package:flutter/src/widgets/framework.dart:5529)
I/flutter (31304): #64     StatefulElement.update (package:flutter/src/widgets/framework.dart:6007)
I/flutter (31304): #65     Element.updateChild (package:flutter/src/widgets/framework.dart:4037)
I/flutter (31304): #66     SingleChildRenderObjectElement.update (package:flutter/src/widgets/framework.dart:7122)
I/flutter (31304): #67     Element.updateChild (package:flutter/src/widgets/framework.dart:4037)
I/flutter (31304): #68     ComponentElement.performRebuild (package:flutter/src/widgets/framework.dart:5841)
I/flutter (31304): #69     Element.rebuild (package:flutter/src/widgets/framework.dart:5529)
I/flutter (31304): #70     ProxyElement.update (package:flutter/src/widgets/framework.dart:6149)
I/flutter (31304): #71     Element.updateChild (package:flutter/src/widgets/framework.dart:4037)
I/flutter (31304): #72     SingleChildRenderObjectElement.update (package:flutter/src/widgets/framework.dart:7122)
I/flutter (31304): #73     Element.updateChild (package:flutter/src/widgets/framework.dart:4037)
I/flutter (31304): #74     ComponentElement.performRebuild (package:flutter/src/widgets/framework.dart:5841)
I/flutter (31304): #75     StatefulElement.performRebuild (package:flutter/src/widgets/framework.dart:5982)
I/flutter (31304): #76     Element.rebuild (package:flutter/src/widgets/framework.dart:5529)
I/flutter (31304): #77     StatefulElement.update (package:flutter/src/widgets/framework.dart:6007)
I/flutter (31304): #78     Element.updateChild (package:flutter/src/widgets/framework.dart:4037)
I/flutter (31304): #79     ComponentElement.performRebuild (package:flutter/src/widgets/framework.dart:5841)
I/flutter (31304): #80     StatefulElement.performRebuild (package:flutter/src/widgets/framework.dart:5982)
I/flutter (31304): #81     Element.rebuild (package:flutter/src/widgets/framework.dart:5529)
I/flutter (31304): #82     StatefulElement.update (package:flutter/src/widgets/framework.dart:6007)
I/flutter (31304): #83     Element.updateChild (package:flutter/src/widgets/framework.dart:4037)
I/flutter (31304): #84     ComponentElement.performRebuild (package:flutter/src/widgets/framework.dart:5841)
I/flutter (31304): #85     Element.rebuild (package:flutter/src/widgets/framework.dart:5529)
I/flutter (31304): #86     ProxyElement.update (package:flutter/src/widgets/framework.dart:6149)
I/flutter (31304): #87     Element.updateChild (package:flutter/src/widgets/framework.dart:4037)
I/flutter (31304): #88     ComponentElement.performRebuild (package:flutter/src/widgets/framework.dart:5841)
I/flutter (31304): #89     Element.rebuild (package:flutter/src/widgets/framework.dart:5529)
I/flutter (31304): #90     ProxyElement.update (package:flutter/src/widgets/framework.dart:6149)
I/flutter (31304): #91     Element.updateChild (package:flutter/src/widgets/framework.dart:4037)
I/flutter (31304): #92     ComponentElement.performRebuild (package:flutter/src/widgets/framework.dart:5841)
I/flutter (31304): #93     Element.rebuild (package:flutter/src/widgets/framework.dart:5529)
I/flutter (31304): #94     ProxyElement.update (package:flutter/src/widgets/framework.dart:6149)
I/flutter (31304): #95     Element.updateChild (package:flutter/src/widgets/framework.dart:4037)
I/flutter (31304): #96     ComponentElement.performRebuild (package:flutter/src/widgets/framework.dart:5841)
I/flutter (31304): #97     StatefulElement.performRebuild (package:flutter/src/widgets/framework.dart:5982)
I/flutter (31304): #98     Element.rebuild (package:flutter/src/widgets/framework.dart:5529)
I/flutter (31304): #99     StatefulElement.update (package:flutter/src/widgets/framework.dart:6007)
[spm]: ProfilerData event received.
I/flutter (31304): [SPM:perf] 698a51a  buildSpan: 9302µs
I/flutter (31304): [spm] Performance monitoring completed for 698a51a
I/flutter (31304): type '_Stub' is not a subtype of type 'EdgeInsetsGeometry?'
I/flutter (31304): #0      TextBox.build (package:benchmark_container/generated_widget.dart:184)
I/flutter (31304): #1      StatelessElement.build (package:flutter/src/widgets/framework.dart:5889)
I/flutter (31304): #2      ComponentElement.performRebuild (package:flutter/src/widgets/framework.dart:5817)
I/flutter (31304): #3      Element.rebuild (package:flutter/src/widgets/framework.dart:5529)
I/flutter (31304): #4      StatelessElement.update (package:flutter/src/widgets/framework.dart:5895)
I/flutter (31304): #5      Element.updateChild (package:flutter/src/widgets/framework.dart:4037)
I/flutter (31304): #6      Element.updateChildren (package:flutter/src/widgets/framework.dart:4191)
I/flutter (31304): #7      MultiChildRenderObjectElement.update (package:flutter/src/widgets/framework.dart:7295)
I/flutter (31304): #8      Element.updateChild (package:flutter/src/widgets/framework.dart:4037)
I/flutter (31304): #9      SingleChildRenderObjectElement.update (package:flutter/src/widgets/framework.dart:7122)
I/flutter (31304): #10     Element.updateChild (package:flutter/src/widgets/framework.dart:4037)
I/flutter (31304): #11     ComponentElement.performRebuild (package:flutter/src/widgets/framework.dart:5841)
I/flutter (31304): #12     Element.rebuild (package:flutter/src/widgets/framework.dart:5529)
I/flutter (31304): #13     StatelessElement.update (package:flutter/src/widgets/framework.dart:5895)
I/flutter (31304): #14     Element.updateChild (package:flutter/src/widgets/framework.dart:4037)
I/flutter (31304): #15     ComponentElement.performRebuild (package:flutter/src/widgets/framework.dart:5841)
I/flutter (31304): #16     Element.rebuild (package:flutter/src/widgets/framework.dart:5529)
I/flutter (31304): #17     ProxyElement.update (package:flutter/src/widgets/framework.dart:6149)
I/flutter (31304): #18     Element.updateChild (package:flutter/src/widgets/framework.dart:4037)
I/flutter (31304): #19     SingleChildRenderObjectElement.update (package:flutter/src/widgets/framework.dart:7122)
I/flutter (31304): #20     Element.updateChild (package:flutter/src/widgets/framework.dart:4037)
I/flutter (31304): #21     ComponentElement.performRebuild (package:flutter/src/widgets/framework.dart:5841)
I/flutter (31304): #22     Element.rebuild (package:flutter/src/widgets/framework.dart:5529)
I/flutter (31304): #23     StatelessElement.update (package:flutter/src/widgets/framework.dart:5895)
I/flutter (31304): #24     Element.updateChild (package:flutter/src/widgets/framework.dart:4037)
I/flutter (31304): #25     ComponentElement.performRebuild (package:flutter/src/widgets/framework.dart:5841)
I/flutter (31304): #26     Element.rebuild (package:flutter/src/widgets/framework.dart:5529)
I/flutter (31304): #27     StatelessElement.update (package:flutter/src/widgets/framework.dart:5895)
I/flutter (31304): #28     Element.updateChild (package:flutter/src/widgets/framework.dart:4037)
I/flutter (31304): #29     ComponentElement.performRebuild (package:flutter/src/widgets/framework.dart:5841)
I/flutter (31304): #30     Element.rebuild (package:flutter/src/widgets/framework.dart:5529)
I/flutter (31304): #31     StatelessElement.update (package:flutter/src/widgets/framework.dart:5895)
I/flutter (31304): #32     Element.updateChild (package:flutter/src/widgets/framework.dart:4037)
I/flutter (31304): #33     ComponentElement.performRebuild (package:flutter/src/widgets/framework.dart:5841)
I/flutter (31304): #34     Element.rebuild (package:flutter/src/widgets/framework.dart:5529)
I/flutter (31304): #35     ProxyElement.update (package:flutter/src/widgets/framework.dart:6149)
I/flutter (31304): #36     Element.updateChild (package:flutter/src/widgets/framework.dart:4037)
I/flutter (31304): #37     ComponentElement.performRebuild (package:flutter/src/widgets/framework.dart:5841)
I/flutter (31304): #38     Element.rebuild (package:flutter/src/widgets/framework.dart:5529)
I/flutter (31304): #39     ProxyElement.update (package:flutter/src/widgets/framework.dart:6149)
I/flutter (31304): #40     Element.updateChild (package:flutter/src/widgets/framework.dart:4037)
I/flutter (31304): #41     Element.updateChildren (package:flutter/src/widgets/framework.dart:4191)
I/flutter (31304): #42     MultiChildRenderObjectElement.update (package:flutter/src/widgets/framework.dart:7295)
I/flutter (31304): #43     Element.updateChild (package:flutter/src/widgets/framework.dart:4037)
I/flutter (31304): #44     ComponentElement.performRebuild (package:flutter/src/widgets/framework.dart:5841)
I/flutter (31304): #45     Element.rebuild (package:flutter/src/widgets/framework.dart:5529)
I/flutter (31304): #46     ProxyElement.update (package:flutter/src/widgets/framework.dart:6149)
I/flutter (31304): #47     Element.updateChild (package:flutter/src/widgets/framework.dart:4037)
I/flutter (31304): #48     ComponentElement.performRebuild (package:flutter/src/widgets/framework.dart:5841)
I/flutter (31304): #49     StatefulElement.performRebuild (package:flutter/src/widgets/framework.dart:5982)
I/flutter (31304): #50     Element.rebuild (package:flutter/src/widgets/framework.dart:5529)
I/flutter (31304): #51     StatefulElement.update (package:flutter/src/widgets/framework.dart:6007)
I/flutter (31304): #52     Element.updateChild (package:flutter/src/widgets/framework.dart:4037)
I/flutter (31304): #53     ComponentElement.performRebuild (package:flutter/src/widgets/framework.dart:5841)
I/flutter (31304): #54     Element.rebuild (package:flutter/src/widgets/framework.dart:5529)
I/flutter (31304): #55     StatelessElement.update (package:flutter/src/widgets/framework.dart:5895)
I/flutter (31304): #56     Element.updateChild (package:flutter/src/widgets/framework.dart:4037)
I/flutter (31304): #57     ComponentElement.performRebuild (package:flutter/src/widgets/framework.dart:5841)
I/flutter (31304): #58     Element.rebuild (package:flutter/src/widgets/framework.dart:5529)
I/flutter (31304): #59     ProxyElement.update (package:flutter/src/widgets/framework.dart:6149)
I/flutter (31304): #60     Element.updateChild (package:flutter/src/widgets/framework.dart:4037)
I/flutter (31304): #61     ComponentElement.performRebuild (package:flutter/src/widgets/framework.dart:5841)
I/flutter (31304): #62     StatefulElement.performRebuild (package:flutter/src/widgets/framework.dart:5982)
I/flutter (31304): #63     Element.rebuild (package:flutter/src/widgets/framework.dart:5529)
I/flutter (31304): #64     StatefulElement.update (package:flutter/src/widgets/framework.dart:6007)
I/flutter (31304): #65     Element.updateChild (package:flutter/src/widgets/framework.dart:4037)
I/flutter (31304): #66     SingleChildRenderObjectElement.update (package:flutter/src/widgets/framework.dart:7122)
I/flutter (31304): #67     Element.updateChild (package:flutter/src/widgets/framework.dart:4037)
I/flutter (31304): #68     ComponentElement.performRebuild (package:flutter/src/widgets/framework.dart:5841)
I/flutter (31304): #69     Element.rebuild (package:flutter/src/widgets/framework.dart:5529)
I/flutter (31304): #70     ProxyElement.update (package:flutter/src/widgets/framework.dart:6149)
I/flutter (31304): #71     Element.updateChild (package:flutter/src/widgets/framework.dart:4037)
I/flutter (31304): #72     SingleChildRenderObjectElement.update (package:flutter/src/widgets/framework.dart:7122)
I/flutter (31304): #73     Element.updateChild (package:flutter/src/widgets/framework.dart:4037)
I/flutter (31304): #74     ComponentElement.performRebuild (package:flutter/src/widgets/framework.dart:5841)
I/flutter (31304): #75     StatefulElement.performRebuild (package:flutter/src/widgets/framework.dart:5982)
I/flutter (31304): #76     Element.rebuild (package:flutter/src/widgets/framework.dart:5529)
I/flutter (31304): #77     StatefulElement.update (package:flutter/src/widgets/framework.dart:6007)
I/flutter (31304): #78     Element.updateChild (package:flutter/src/widgets/framework.dart:4037)
I/flutter (31304): #79     ComponentElement.performRebuild (package:flutter/src/widgets/framework.dart:5841)
I/flutter (31304): #80     StatefulElement.performRebuild (package:flutter/src/widgets/framework.dart:5982)
I/flutter (31304): #81     Element.rebuild (package:flutter/src/widgets/framework.dart:5529)
I/flutter (31304): #82     StatefulElement.update (package:flutter/src/widgets/framework.dart:6007)
I/flutter (31304): #83     Element.updateChild (package:flutter/src/widgets/framework.dart:4037)
I/flutter (31304): #84     ComponentElement.performRebuild (package:flutter/src/widgets/framework.dart:5841)
I/flutter (31304): #85     Element.rebuild (package:flutter/src/widgets/framework.dart:5529)
I/flutter (31304): #86     ProxyElement.update (package:flutter/src/widgets/framework.dart:6149)
I/flutter (31304): #87     Element.updateChild (package:flutter/src/widgets/framework.dart:4037)
I/flutter (31304): #88     ComponentElement.performRebuild (package:flutter/src/widgets/framework.dart:5841)
I/flutter (31304): #89     Element.rebuild (package:flutter/src/widgets/framework.dart:5529)
I/flutter (31304): #90     ProxyElement.update (package:flutter/src/widgets/framework.dart:6149)
I/flutter (31304): #91     Element.updateChild (package:flutter/src/widgets/framework.dart:4037)
I/flutter (31304): #92     ComponentElement.performRebuild (package:flutter/src/widgets/framework.dart:5841)
I/flutter (31304): #93     Element.rebuild (package:flutter/src/widgets/framework.dart:5529)
I/flutter (31304): #94     ProxyElement.update (package:flutter/src/widgets/framework.dart:6149)
I/flutter (31304): #95     Element.updateChild (package:flutter/src/widgets/framework.dart:4037)
I/flutter (31304): #96     ComponentElement.performRebuild (package:flutter/src/widgets/framework.dart:5841)
I/flutter (31304): #97     StatefulElement.performRebuild (package:flutter/src/widgets/framework.dart:5982)
I/flutter (31304): #98     Element.rebuild (package:flutter/src/widgets/framework.dart:5529)
I/flutter (31304): #99     StatefulElement.update (package:flutter/src/widgets/framework.dart:6007)
I/flutter (31304): [SPM:perf] 698a51a  buildSpan: 8480µs
I/flutter (31304): [spm] Performance monitoring completed for 698a51a
[spm]: ProfilerData event received.
I/flutter (31304): type '_Stub' is not a subtype of type 'EdgeInsetsGeometry?'
I/flutter (31304): #0      TextBox.build (package:benchmark_container/generated_widget.dart:184)
I/flutter (31304): #1      StatelessElement.build (package:flutter/src/widgets/framework.dart:5889)
I/flutter (31304): #2      ComponentElement.performRebuild (package:flutter/src/widgets/framework.dart:5817)
I/flutter (31304): #3      Element.rebuild (package:flutter/src/widgets/framework.dart:5529)
I/flutter (31304): #4      StatelessElement.update (package:flutter/src/widgets/framework.dart:5895)
I/flutter (31304): #5      Element.updateChild (package:flutter/src/widgets/framework.dart:4037)
I/flutter (31304): #6      Element.updateChildren (package:flutter/src/widgets/framework.dart:4191)
I/flutter (31304): #7      MultiChildRenderObjectElement.update (package:flutter/src/widgets/framework.dart:7295)
I/flutter (31304): #8      Element.updateChild (package:flutter/src/widgets/framework.dart:4037)
I/flutter (31304): #9      SingleChildRenderObjectElement.update (package:flutter/src/widgets/framework.dart:7122)
I/flutter (31304): #10     Element.updateChild (package:flutter/src/widgets/framework.dart:4037)
I/flutter (31304): #11     ComponentElement.performRebuild (package:flutter/src/widgets/framework.dart:5841)
I/flutter (31304): #12     Element.rebuild (package:flutter/src/widgets/framework.dart:5529)
I/flutter (31304): #13     StatelessElement.update (package:flutter/src/widgets/framework.dart:5895)
I/flutter (31304): #14     Element.updateChild (package:flutter/src/widgets/framework.dart:4037)
I/flutter (31304): #15     ComponentElement.performRebuild (package:flutter/src/widgets/framework.dart:5841)
I/flutter (31304): #16     Element.rebuild (package:flutter/src/widgets/framework.dart:5529)
I/flutter (31304): #17     ProxyElement.update (package:flutter/src/widgets/framework.dart:6149)
I/flutter (31304): #18     Element.updateChild (package:flutter/src/widgets/framework.dart:4037)
I/flutter (31304): #19     SingleChildRenderObjectElement.update (package:flutter/src/widgets/framework.dart:7122)
I/flutter (31304): #20     Element.updateChild (package:flutter/src/widgets/framework.dart:4037)
I/flutter (31304): #21     ComponentElement.performRebuild (package:flutter/src/widgets/framework.dart:5841)
I/flutter (31304): #22     Element.rebuild (package:flutter/src/widgets/framework.dart:5529)
I/flutter (31304): #23     StatelessElement.update (package:flutter/src/widgets/framework.dart:5895)
I/flutter (31304): #24     Element.updateChild (package:flutter/src/widgets/framework.dart:4037)
I/flutter (31304): #25     ComponentElement.performRebuild (package:flutter/src/widgets/framework.dart:5841)
I/flutter (31304): #26     Element.rebuild (package:flutter/src/widgets/framework.dart:5529)
I/flutter (31304): #27     StatelessElement.update (package:flutter/src/widgets/framework.dart:5895)
I/flutter (31304): #28     Element.updateChild (package:flutter/src/widgets/framework.dart:4037)
I/flutter (31304): #29     ComponentElement.performRebuild (package:flutter/src/widgets/framework.dart:5841)
I/flutter (31304): #30     Element.rebuild (package:flutter/src/widgets/framework.dart:5529)
I/flutter (31304): #31     StatelessElement.update (package:flutter/src/widgets/framework.dart:5895)
I/flutter (31304): #32     Element.updateChild (package:flutter/src/widgets/framework.dart:4037)
I/flutter (31304): #33     ComponentElement.performRebuild (package:flutter/src/widgets/framework.dart:5841)
I/flutter (31304): #34     Element.rebuild (package:flutter/src/widgets/framework.dart:5529)
I/flutter (31304): #35     ProxyElement.update (package:flutter/src/widgets/framework.dart:6149)
I/flutter (31304): #36     Element.updateChild (package:flutter/src/widgets/framework.dart:4037)
I/flutter (31304): #37     ComponentElement.performRebuild (package:flutter/src/widgets/framework.dart:5841)
I/flutter (31304): #38     Element.rebuild (package:flutter/src/widgets/framework.dart:5529)
I/flutter (31304): #39     ProxyElement.update (package:flutter/src/widgets/framework.dart:6149)
I/flutter (31304): #40     Element.updateChild (package:flutter/src/widgets/framework.dart:4037)
I/flutter (31304): #41     Element.updateChildren (package:flutter/src/widgets/framework.dart:4191)
I/flutter (31304): #42     MultiChildRenderObjectElement.update (package:flutter/src/widgets/framework.dart:7295)
I/flutter (31304): #43     Element.updateChild (package:flutter/src/widgets/framework.dart:4037)
I/flutter (31304): #44     ComponentElement.performRebuild (package:flutter/src/widgets/framework.dart:5841)
I/flutter (31304): #45     Element.rebuild (package:flutter/src/widgets/framework.dart:5529)
I/flutter (31304): #46     ProxyElement.update (package:flutter/src/widgets/framework.dart:6149)
I/flutter (31304): #47     Element.updateChild (package:flutter/src/widgets/framework.dart:4037)
I/flutter (31304): #48     ComponentElement.performRebuild (package:flutter/src/widgets/framework.dart:5841)
I/flutter (31304): #49     StatefulElement.performRebuild (package:flutter/src/widgets/framework.dart:5982)
I/flutter (31304): #50     Element.rebuild (package:flutter/src/widgets/framework.dart:5529)
I/flutter (31304): #51     StatefulElement.update (package:flutter/src/widgets/framework.dart:6007)
I/flutter (31304): #52     Element.updateChild (package:flutter/src/widgets/framework.dart:4037)
I/flutter (31304): #53     ComponentElement.performRebuild (package:flutter/src/widgets/framework.dart:5841)
I/flutter (31304): #54     Element.rebuild (package:flutter/src/widgets/framework.dart:5529)
I/flutter (31304): #55     StatelessElement.update (package:flutter/src/widgets/framework.dart:5895)
I/flutter (31304): #56     Element.updateChild (package:flutter/src/widgets/framework.dart:4037)
I/flutter (31304): #57     ComponentElement.performRebuild (package:flutter/src/widgets/framework.dart:5841)
I/flutter (31304): #58     Element.rebuild (package:flutter/src/widgets/framework.dart:5529)
I/flutter (31304): #59     ProxyElement.update (package:flutter/src/widgets/framework.dart:6149)
I/flutter (31304): #60     Element.updateChild (package:flutter/src/widgets/framework.dart:4037)
I/flutter (31304): #61     ComponentElement.performRebuild (package:flutter/src/widgets/framework.dart:5841)
I/flutter (31304): #62     StatefulElement.performRebuild (package:flutter/src/widgets/framework.dart:5982)
I/flutter (31304): #63     Element.rebuild (package:flutter/src/widgets/framework.dart:5529)
I/flutter (31304): #64     StatefulElement.update (package:flutter/src/widgets/framework.dart:6007)
I/flutter (31304): #65     Element.updateChild (package:flutter/src/widgets/framework.dart:4037)
I/flutter (31304): #66     SingleChildRenderObjectElement.update (package:flutter/src/widgets/framework.dart:7122)
I/flutter (31304): #67     Element.updateChild (package:flutter/src/widgets/framework.dart:4037)
I/flutter (31304): #68     ComponentElement.performRebuild (package:flutter/src/widgets/framework.dart:5841)
I/flutter (31304): #69     Element.rebuild (package:flutter/src/widgets/framework.dart:5529)
I/flutter (31304): #70     ProxyElement.update (package:flutter/src/widgets/framework.dart:6149)
I/flutter (31304): #71     Element.updateChild (package:flutter/src/widgets/framework.dart:4037)
I/flutter (31304): #72     SingleChildRenderObjectElement.update (package:flutter/src/widgets/framework.dart:7122)
I/flutter (31304): #73     Element.updateChild (package:flutter/src/widgets/framework.dart:4037)
I/flutter (31304): #74     ComponentElement.performRebuild (package:flutter/src/widgets/framework.dart:5841)
I/flutter (31304): #75     StatefulElement.performRebuild (package:flutter/src/widgets/framework.dart:5982)
I/flutter (31304): #76     Element.rebuild (package:flutter/src/widgets/framework.dart:5529)
I/flutter (31304): #77     StatefulElement.update (package:flutter/src/widgets/framework.dart:6007)
I/flutter (31304): #78     Element.updateChild (package:flutter/src/widgets/framework.dart:4037)
I/flutter (31304): #79     ComponentElement.performRebuild (package:flutter/src/widgets/framework.dart:5841)
I/flutter (31304): #80     StatefulElement.performRebuild (package:flutter/src/widgets/framework.dart:5982)
I/flutter (31304): #81     Element.rebuild (package:flutter/src/widgets/framework.dart:5529)
I/flutter (31304): #82     StatefulElement.update (package:flutter/src/widgets/framework.dart:6007)
I/flutter (31304): #83     Element.updateChild (package:flutter/src/widgets/framework.dart:4037)
I/flutter (31304): #84     ComponentElement.performRebuild (package:flutter/src/widgets/framework.dart:5841)
I/flutter (31304): #85     Element.rebuild (package:flutter/src/widgets/framework.dart:5529)
I/flutter (31304): #86     ProxyElement.update (package:flutter/src/widgets/framework.dart:6149)
I/flutter (31304): #87     Element.updateChild (package:flutter/src/widgets/framework.dart:4037)
I/flutter (31304): #88     ComponentElement.performRebuild (package:flutter/src/widgets/framework.dart:5841)
I/flutter (31304): #89     Element.rebuild (package:flutter/src/widgets/framework.dart:5529)
I/flutter (31304): #90     ProxyElement.update (package:flutter/src/widgets/framework.dart:6149)
I/flutter (31304): #91     Element.updateChild (package:flutter/src/widgets/framework.dart:4037)
I/flutter (31304): #92     ComponentElement.performRebuild (package:flutter/src/widgets/framework.dart:5841)
I/flutter (31304): #93     Element.rebuild (package:flutter/src/widgets/framework.dart:5529)
I/flutter (31304): #94     ProxyElement.update (package:flutter/src/widgets/framework.dart:6149)
I/flutter (31304): #95     Element.updateChild (package:flutter/src/widgets/framework.dart:4037)
I/flutter (31304): #96     ComponentElement.performRebuild (package:flutter/src/widgets/framework.dart:5841)
I/flutter (31304): #97     StatefulElement.performRebuild (package:flutter/src/widgets/framework.dart:5982)
I/flutter (31304): #98     Element.rebuild (package:flutter/src/widgets/framework.dart:5529)
I/flutter (31304): #99     StatefulElement.update (package:flutter/src/widgets/framework.dart:6007)
I/flutter (31304): [SPM:perf] 698a51a  buildSpan: 10266µs
[spm]: ProfilerData event received.
I/flutter (31304): [spm] Performance monitoring completed for 698a51a
I/flutter (31304): type '_Stub' is not a subtype of type 'EdgeInsetsGeometry?'
I/flutter (31304): #0      TextBox.build (package:benchmark_container/generated_widget.dart:184)
I/flutter (31304): #1      StatelessElement.build (package:flutter/src/widgets/framework.dart:5889)
I/flutter (31304): #2      ComponentElement.performRebuild (package:flutter/src/widgets/framework.dart:5817)
I/flutter (31304): #3      Element.rebuild (package:flutter/src/widgets/framework.dart:5529)
I/flutter (31304): #4      StatelessElement.update (package:flutter/src/widgets/framework.dart:5895)
I/flutter (31304): #5      Element.updateChild (package:flutter/src/widgets/framework.dart:4037)
I/flutter (31304): #6      Element.updateChildren (package:flutter/src/widgets/framework.dart:4191)
I/flutter (31304): #7      MultiChildRenderObjectElement.update (package:flutter/src/widgets/framework.dart:7295)
I/flutter (31304): #8      Element.updateChild (package:flutter/src/widgets/framework.dart:4037)
I/flutter (31304): #9      SingleChildRenderObjectElement.update (package:flutter/src/widgets/framework.dart:7122)
I/flutter (31304): #10     Element.updateChild (package:flutter/src/widgets/framework.dart:4037)
I/flutter (31304): #11     ComponentElement.performRebuild (package:flutter/src/widgets/framework.dart:5841)
I/flutter (31304): #12     Element.rebuild (package:flutter/src/widgets/framework.dart:5529)
I/flutter (31304): #13     StatelessElement.update (package:flutter/src/widgets/framework.dart:5895)
I/flutter (31304): #14     Element.updateChild (package:flutter/src/widgets/framework.dart:4037)
I/flutter (31304): #15     ComponentElement.performRebuild (package:flutter/src/widgets/framework.dart:5841)
I/flutter (31304): #16     Element.rebuild (package:flutter/src/widgets/framework.dart:5529)
I/flutter (31304): #17     ProxyElement.update (package:flutter/src/widgets/framework.dart:6149)
I/flutter (31304): #18     Element.updateChild (package:flutter/src/widgets/framework.dart:4037)
I/flutter (31304): #19     SingleChildRenderObjectElement.update (package:flutter/src/widgets/framework.dart:7122)
I/flutter (31304): #20     Element.updateChild (package:flutter/src/widgets/framework.dart:4037)
I/flutter (31304): #21     ComponentElement.performRebuild (package:flutter/src/widgets/framework.dart:5841)
I/flutter (31304): #22     Element.rebuild (package:flutter/src/widgets/framework.dart:5529)
I/flutter (31304): #23     StatelessElement.update (package:flutter/src/widgets/framework.dart:5895)
I/flutter (31304): #24     Element.updateChild (package:flutter/src/widgets/framework.dart:4037)
I/flutter (31304): #25     ComponentElement.performRebuild (package:flutter/src/widgets/framework.dart:5841)
I/flutter (31304): #26     Element.rebuild (package:flutter/src/widgets/framework.dart:5529)
I/flutter (31304): #27     StatelessElement.update (package:flutter/src/widgets/framework.dart:5895)
I/flutter (31304): #28     Element.updateChild (package:flutter/src/widgets/framework.dart:4037)
I/flutter (31304): #29     ComponentElement.performRebuild (package:flutter/src/widgets/framework.dart:5841)
I/flutter (31304): #30     Element.rebuild (package:flutter/src/widgets/framework.dart:5529)
I/flutter (31304): #31     StatelessElement.update (package:flutter/src/widgets/framework.dart:5895)
I/flutter (31304): #32     Element.updateChild (package:flutter/src/widgets/framework.dart:4037)
I/flutter (31304): #33     ComponentElement.performRebuild (package:flutter/src/widgets/framework.dart:5841)
I/flutter (31304): #34     Element.rebuild (package:flutter/src/widgets/framework.dart:5529)
I/flutter (31304): #35     ProxyElement.update (package:flutter/src/widgets/framework.dart:6149)
I/flutter (31304): #36     Element.updateChild (package:flutter/src/widgets/framework.dart:4037)
I/flutter (31304): #37     ComponentElement.performRebuild (package:flutter/src/widgets/framework.dart:5841)
I/flutter (31304): #38     Element.rebuild (package:flutter/src/widgets/framework.dart:5529)
I/flutter (31304): #39     ProxyElement.update (package:flutter/src/widgets/framework.dart:6149)
I/flutter (31304): #40     Element.updateChild (package:flutter/src/widgets/framework.dart:4037)
I/flutter (31304): #41     Element.updateChildren (package:flutter/src/widgets/framework.dart:4191)
I/flutter (31304): #42     MultiChildRenderObjectElement.update (package:flutter/src/widgets/framework.dart:7295)
I/flutter (31304): #43     Element.updateChild (package:flutter/src/widgets/framework.dart:4037)
I/flutter (31304): #44     ComponentElement.performRebuild (package:flutter/src/widgets/framework.dart:5841)
I/flutter (31304): #45     Element.rebuild (package:flutter/src/widgets/framework.dart:5529)
I/flutter (31304): #46     ProxyElement.update (package:flutter/src/widgets/framework.dart:6149)
I/flutter (31304): #47     Element.updateChild (package:flutter/src/widgets/framework.dart:4037)
I/flutter (31304): #48     ComponentElement.performRebuild (package:flutter/src/widgets/framework.dart:5841)
I/flutter (31304): #49     StatefulElement.performRebuild (package:flutter/src/widgets/framework.dart:5982)
I/flutter (31304): #50     Element.rebuild (package:flutter/src/widgets/framework.dart:5529)
I/flutter (31304): #51     StatefulElement.update (package:flutter/src/widgets/framework.dart:6007)
I/flutter (31304): #52     Element.updateChild (package:flutter/src/widgets/framework.dart:4037)
I/flutter (31304): #53     ComponentElement.performRebuild (package:flutter/src/widgets/framework.dart:5841)
I/flutter (31304): #54     Element.rebuild (package:flutter/src/widgets/framework.dart:5529)
I/flutter (31304): #55     StatelessElement.update (package:flutter/src/widgets/framework.dart:5895)
I/flutter (31304): #56     Element.updateChild (package:flutter/src/widgets/framework.dart:4037)
I/flutter (31304): #57     ComponentElement.performRebuild (package:flutter/src/widgets/framework.dart:5841)
I/flutter (31304): #58     Element.rebuild (package:flutter/src/widgets/framework.dart:5529)
I/flutter (31304): #59     ProxyElement.update (package:flutter/src/widgets/framework.dart:6149)
I/flutter (31304): #60     Element.updateChild (package:flutter/src/widgets/framework.dart:4037)
I/flutter (31304): #61     ComponentElement.performRebuild (package:flutter/src/widgets/framework.dart:5841)
I/flutter (31304): #62     StatefulElement.performRebuild (package:flutter/src/widgets/framework.dart:5982)
I/flutter (31304): #63     Element.rebuild (package:flutter/src/widgets/framework.dart:5529)
I/flutter (31304): #64     StatefulElement.update (package:flutter/src/widgets/framework.dart:6007)
I/flutter (31304): #65     Element.updateChild (package:flutter/src/widgets/framework.dart:4037)
I/flutter (31304): #66     SingleChildRenderObjectElement.update (package:flutter/src/widgets/framework.dart:7122)
I/flutter (31304): #67     Element.updateChild (package:flutter/src/widgets/framework.dart:4037)
I/flutter (31304): #68     ComponentElement.performRebuild (package:flutter/src/widgets/framework.dart:5841)
I/flutter (31304): #69     Element.rebuild (package:flutter/src/widgets/framework.dart:5529)
I/flutter (31304): #70     ProxyElement.update (package:flutter/src/widgets/framework.dart:6149)
I/flutter (31304): #71     Element.updateChild (package:flutter/src/widgets/framework.dart:4037)
I/flutter (31304): #72     SingleChildRenderObjectElement.update (package:flutter/src/widgets/framework.dart:7122)
I/flutter (31304): #73     Element.updateChild (package:flutter/src/widgets/framework.dart:4037)
I/flutter (31304): #74     ComponentElement.performRebuild (package:flutter/src/widgets/framework.dart:5841)
I/flutter (31304): #75     StatefulElement.performRebuild (package:flutter/src/widgets/framework.dart:5982)
I/flutter (31304): #76     Element.rebuild (package:flutter/src/widgets/framework.dart:5529)
I/flutter (31304): #77     StatefulElement.update (package:flutter/src/widgets/framework.dart:6007)
I/flutter (31304): #78     Element.updateChild (package:flutter/src/widgets/framework.dart:4037)
I/flutter (31304): #79     ComponentElement.performRebuild (package:flutter/src/widgets/framework.dart:5841)
I/flutter (31304): #80     StatefulElement.performRebuild (package:flutter/src/widgets/framework.dart:5982)
I/flutter (31304): #81     Element.rebuild (package:flutter/src/widgets/framework.dart:5529)
I/flutter (31304): #82     StatefulElement.update (package:flutter/src/widgets/framework.dart:6007)
I/flutter (31304): #83     Element.updateChild (package:flutter/src/widgets/framework.dart:4037)
I/flutter (31304): #84     ComponentElement.performRebuild (package:flutter/src/widgets/framework.dart:5841)
I/flutter (31304): #85     Element.rebuild (package:flutter/src/widgets/framework.dart:5529)
I/flutter (31304): #86     ProxyElement.update (package:flutter/src/widgets/framework.dart:6149)
I/flutter (31304): #87     Element.updateChild (package:flutter/src/widgets/framework.dart:4037)
I/flutter (31304): #88     ComponentElement.performRebuild (package:flutter/src/widgets/framework.dart:5841)
I/flutter (31304): #89     Element.rebuild (package:flutter/src/widgets/framework.dart:5529)
I/flutter (31304): #90     ProxyElement.update (package:flutter/src/widgets/framework.dart:6149)
I/flutter (31304): #91     Element.updateChild (package:flutter/src/widgets/framework.dart:4037)
I/flutter (31304): #92     ComponentElement.performRebuild (package:flutter/src/widgets/framework.dart:5841)
I/flutter (31304): #93     Element.rebuild (package:flutter/src/widgets/framework.dart:5529)
I/flutter (31304): #94     ProxyElement.update (package:flutter/src/widgets/framework.dart:6149)
I/flutter (31304): #95     Element.updateChild (package:flutter/src/widgets/framework.dart:4037)
I/flutter (31304): #96     ComponentElement.performRebuild (package:flutter/src/widgets/framework.dart:5841)
I/flutter (31304): #97     StatefulElement.performRebuild (package:flutter/src/widgets/framework.dart:5982)
I/flutter (31304): #98     Element.rebuild (package:flutter/src/widgets/framework.dart:5529)
I/flutter (31304): #99     StatefulElement.update (package:flutter/src/widgets/framework.dart:6007)
I/flutter (31304): [SPM:perf] 698a51a  buildSpan: 10530µs
I/flutter (31304): [spm] Performance monitoring completed for 698a51a
[spm]: ProfilerData event received.
I/flutter (31304): type '_Stub' is not a subtype of type 'EdgeInsetsGeometry?'
I/flutter (31304): #0      TextBox.build (package:benchmark_container/generated_widget.dart:184)
I/flutter (31304): #1      StatelessElement.build (package:flutter/src/widgets/framework.dart:5889)
I/flutter (31304): #2      ComponentElement.performRebuild (package:flutter/src/widgets/framework.dart:5817)
I/flutter (31304): #3      Element.rebuild (package:flutter/src/widgets/framework.dart:5529)
I/flutter (31304): #4      StatelessElement.update (package:flutter/src/widgets/framework.dart:5895)
I/flutter (31304): #5      Element.updateChild (package:flutter/src/widgets/framework.dart:4037)
I/flutter (31304): #6      Element.updateChildren (package:flutter/src/widgets/framework.dart:4191)
I/flutter (31304): #7      MultiChildRenderObjectElement.update (package:flutter/src/widgets/framework.dart:7295)
I/flutter (31304): #8      Element.updateChild (package:flutter/src/widgets/framework.dart:4037)
I/flutter (31304): #9      SingleChildRenderObjectElement.update (package:flutter/src/widgets/framework.dart:7122)
I/flutter (31304): #10     Element.updateChild (package:flutter/src/widgets/framework.dart:4037)
I/flutter (31304): #11     ComponentElement.performRebuild (package:flutter/src/widgets/framework.dart:5841)
I/flutter (31304): #12     Element.rebuild (package:flutter/src/widgets/framework.dart:5529)
I/flutter (31304): #13     StatelessElement.update (package:flutter/src/widgets/framework.dart:5895)
I/flutter (31304): #14     Element.updateChild (package:flutter/src/widgets/framework.dart:4037)
I/flutter (31304): #15     ComponentElement.performRebuild (package:flutter/src/widgets/framework.dart:5841)
I/flutter (31304): #16     Element.rebuild (package:flutter/src/widgets/framework.dart:5529)
I/flutter (31304): #17     ProxyElement.update (package:flutter/src/widgets/framework.dart:6149)
I/flutter (31304): #18     Element.updateChild (package:flutter/src/widgets/framework.dart:4037)
I/flutter (31304): #19     SingleChildRenderObjectElement.update (package:flutter/src/widgets/framework.dart:7122)
I/flutter (31304): #20     Element.updateChild (package:flutter/src/widgets/framework.dart:4037)
I/flutter (31304): #21     ComponentElement.performRebuild (package:flutter/src/widgets/framework.dart:5841)
I/flutter (31304): #22     Element.rebuild (package:flutter/src/widgets/framework.dart:5529)
I/flutter (31304): #23     StatelessElement.update (package:flutter/src/widgets/framework.dart:5895)
I/flutter (31304): #24     Element.updateChild (package:flutter/src/widgets/framework.dart:4037)
I/flutter (31304): #25     ComponentElement.performRebuild (package:flutter/src/widgets/framework.dart:5841)
I/flutter (31304): #26     Element.rebuild (package:flutter/src/widgets/framework.dart:5529)
I/flutter (31304): #27     StatelessElement.update (package:flutter/src/widgets/framework.dart:5895)
I/flutter (31304): #28     Element.updateChild (package:flutter/src/widgets/framework.dart:4037)
I/flutter (31304): #29     ComponentElement.performRebuild (package:flutter/src/widgets/framework.dart:5841)
I/flutter (31304): #30     Element.rebuild (package:flutter/src/widgets/framework.dart:5529)
I/flutter (31304): #31     StatelessElement.update (package:flutter/src/widgets/framework.dart:5895)
I/flutter (31304): #32     Element.updateChild (package:flutter/src/widgets/framework.dart:4037)
I/flutter (31304): #33     ComponentElement.performRebuild (package:flutter/src/widgets/framework.dart:5841)
I/flutter (31304): #34     Element.rebuild (package:flutter/src/widgets/framework.dart:5529)
I/flutter (31304): #35     ProxyElement.update (package:flutter/src/widgets/framework.dart:6149)
I/flutter (31304): #36     Element.updateChild (package:flutter/src/widgets/framework.dart:4037)
I/flutter (31304): #37     ComponentElement.performRebuild (package:flutter/src/widgets/framework.dart:5841)
I/flutter (31304): #38     Element.rebuild (package:flutter/src/widgets/framework.dart:5529)
I/flutter (31304): #39     ProxyElement.update (package:flutter/src/widgets/framework.dart:6149)
I/flutter (31304): #40     Element.updateChild (package:flutter/src/widgets/framework.dart:4037)
I/flutter (31304): #41     Element.updateChildren (package:flutter/src/widgets/framework.dart:4191)
I/flutter (31304): #42     MultiChildRenderObjectElement.update (package:flutter/src/widgets/framework.dart:7295)
I/flutter (31304): #43     Element.updateChild (package:flutter/src/widgets/framework.dart:4037)
I/flutter (31304): #44     ComponentElement.performRebuild (package:flutter/src/widgets/framework.dart:5841)
I/flutter (31304): #45     Element.rebuild (package:flutter/src/widgets/framework.dart:5529)
I/flutter (31304): #46     ProxyElement.update (package:flutter/src/widgets/framework.dart:6149)
I/flutter (31304): #47     Element.updateChild (package:flutter/src/widgets/framework.dart:4037)
I/flutter (31304): #48     ComponentElement.performRebuild (package:flutter/src/widgets/framework.dart:5841)
I/flutter (31304): #49     StatefulElement.performRebuild (package:flutter/src/widgets/framework.dart:5982)
I/flutter (31304): #50     Element.rebuild (package:flutter/src/widgets/framework.dart:5529)
I/flutter (31304): #51     StatefulElement.update (package:flutter/src/widgets/framework.dart:6007)
I/flutter (31304): #52     Element.updateChild (package:flutter/src/widgets/framework.dart:4037)
I/flutter (31304): #53     ComponentElement.performRebuild (package:flutter/src/widgets/framework.dart:5841)
I/flutter (31304): #54     Element.rebuild (package:flutter/src/widgets/framework.dart:5529)
I/flutter (31304): #55     StatelessElement.update (package:flutter/src/widgets/framework.dart:5895)
I/flutter (31304): #56     Element.updateChild (package:flutter/src/widgets/framework.dart:4037)
I/flutter (31304): #57     ComponentElement.performRebuild (package:flutter/src/widgets/framework.dart:5841)
I/flutter (31304): #58     Element.rebuild (package:flutter/src/widgets/framework.dart:5529)
I/flutter (31304): #59     ProxyElement.update (package:flutter/src/widgets/framework.dart:6149)
I/flutter (31304): #60     Element.updateChild (package:flutter/src/widgets/framework.dart:4037)
I/flutter (31304): #61     ComponentElement.performRebuild (package:flutter/src/widgets/framework.dart:5841)
I/flutter (31304): #62     StatefulElement.performRebuild (package:flutter/src/widgets/framework.dart:5982)
I/flutter (31304): #63     Element.rebuild (package:flutter/src/widgets/framework.dart:5529)
I/flutter (31304): #64     StatefulElement.update (package:flutter/src/widgets/framework.dart:6007)
I/flutter (31304): #65     Element.updateChild (package:flutter/src/widgets/framework.dart:4037)
I/flutter (31304): #66     SingleChildRenderObjectElement.update (package:flutter/src/widgets/framework.dart:7122)
I/flutter (31304): #67     Element.updateChild (package:flutter/src/widgets/framework.dart:4037)
I/flutter (31304): #68     ComponentElement.performRebuild (package:flutter/src/widgets/framework.dart:5841)
I/flutter (31304): #69     Element.rebuild (package:flutter/src/widgets/framework.dart:5529)
I/flutter (31304): #70     ProxyElement.update (package:flutter/src/widgets/framework.dart:6149)
I/flutter (31304): #71     Element.updateChild (package:flutter/src/widgets/framework.dart:4037)
I/flutter (31304): #72     SingleChildRenderObjectElement.update (package:flutter/src/widgets/framework.dart:7122)
I/flutter (31304): #73     Element.updateChild (package:flutter/src/widgets/framework.dart:4037)
I/flutter (31304): #74     ComponentElement.performRebuild (package:flutter/src/widgets/framework.dart:5841)
I/flutter (31304): #75     StatefulElement.performRebuild (package:flutter/src/widgets/framework.dart:5982)
I/flutter (31304): #76     Element.rebuild (package:flutter/src/widgets/framework.dart:5529)
I/flutter (31304): #77     StatefulElement.update (package:flutter/src/widgets/framework.dart:6007)
I/flutter (31304): #78     Element.updateChild (package:flutter/src/widgets/framework.dart:4037)
I/flutter (31304): #79     ComponentElement.performRebuild (package:flutter/src/widgets/framework.dart:5841)
I/flutter (31304): #80     StatefulElement.performRebuild (package:flutter/src/widgets/framework.dart:5982)
I/flutter (31304): #81     Element.rebuild (package:flutter/src/widgets/framework.dart:5529)
I/flutter (31304): #82     StatefulElement.update (package:flutter/src/widgets/framework.dart:6007)
I/flutter (31304): #83     Element.updateChild (package:flutter/src/widgets/framework.dart:4037)
I/flutter (31304): #84     ComponentElement.performRebuild (package:flutter/src/widgets/framework.dart:5841)
I/flutter (31304): #85     Element.rebuild (package:flutter/src/widgets/framework.dart:5529)
I/flutter (31304): #86     ProxyElement.update (package:flutter/src/widgets/framework.dart:6149)
I/flutter (31304): #87     Element.updateChild (package:flutter/src/widgets/framework.dart:4037)
I/flutter (31304): #88     ComponentElement.performRebuild (package:flutter/src/widgets/framework.dart:5841)
I/flutter (31304): #89     Element.rebuild (package:flutter/src/widgets/framework.dart:5529)
I/flutter (31304): #90     ProxyElement.update (package:flutter/src/widgets/framework.dart:6149)
I/flutter (31304): #91     Element.updateChild (package:flutter/src/widgets/framework.dart:4037)
I/flutter (31304): #92     ComponentElement.performRebuild (package:flutter/src/widgets/framework.dart:5841)
I/flutter (31304): #93     Element.rebuild (package:flutter/src/widgets/framework.dart:5529)
I/flutter (31304): #94     ProxyElement.update (package:flutter/src/widgets/framework.dart:6149)
I/flutter (31304): #95     Element.updateChild (package:flutter/src/widgets/framework.dart:4037)
I/flutter (31304): #96     ComponentElement.performRebuild (package:flutter/src/widgets/framework.dart:5841)
I/flutter (31304): #97     StatefulElement.performRebuild (package:flutter/src/widgets/framework.dart:5982)
I/flutter (31304): #98     Element.rebuild (package:flutter/src/widgets/framework.dart:5529)
I/flutter (31304): #99     StatefulElement.update (package:flutter/src/widgets/framework.dart:6007)
[spm]: ProfilerData event received.
I/flutter (31304): [SPM:perf] 698a51a  buildSpan: 9452µs
I/flutter (31304): [spm] Performance monitoring completed for 698a51a
I/flutter (31304): type '_Stub' is not a subtype of type 'EdgeInsetsGeometry?'
I/flutter (31304): #0      TextBox.build (package:benchmark_container/generated_widget.dart:184)
I/flutter (31304): #1      StatelessElement.build (package:flutter/src/widgets/framework.dart:5889)
I/flutter (31304): #2      ComponentElement.performRebuild (package:flutter/src/widgets/framework.dart:5817)
I/flutter (31304): #3      Element.rebuild (package:flutter/src/widgets/framework.dart:5529)
I/flutter (31304): #4      StatelessElement.update (package:flutter/src/widgets/framework.dart:5895)
I/flutter (31304): #5      Element.updateChild (package:flutter/src/widgets/framework.dart:4037)
I/flutter (31304): #6      Element.updateChildren (package:flutter/src/widgets/framework.dart:4191)
I/flutter (31304): #7      MultiChildRenderObjectElement.update (package:flutter/src/widgets/framework.dart:7295)
I/flutter (31304): #8      Element.updateChild (package:flutter/src/widgets/framework.dart:4037)
I/flutter (31304): #9      SingleChildRenderObjectElement.update (package:flutter/src/widgets/framework.dart:7122)
I/flutter (31304): #10     Element.updateChild (package:flutter/src/widgets/framework.dart:4037)
I/flutter (31304): #11     ComponentElement.performRebuild (package:flutter/src/widgets/framework.dart:5841)
I/flutter (31304): #12     Element.rebuild (package:flutter/src/widgets/framework.dart:5529)
I/flutter (31304): #13     StatelessElement.update (package:flutter/src/widgets/framework.dart:5895)
I/flutter (31304): #14     Element.updateChild (package:flutter/src/widgets/framework.dart:4037)
I/flutter (31304): #15     ComponentElement.performRebuild (package:flutter/src/widgets/framework.dart:5841)
I/flutter (31304): #16     Element.rebuild (package:flutter/src/widgets/framework.dart:5529)
I/flutter (31304): #17     ProxyElement.update (package:flutter/src/widgets/framework.dart:6149)
I/flutter (31304): #18     Element.updateChild (package:flutter/src/widgets/framework.dart:4037)
I/flutter (31304): #19     SingleChildRenderObjectElement.update (package:flutter/src/widgets/framework.dart:7122)
I/flutter (31304): #20     Element.updateChild (package:flutter/src/widgets/framework.dart:4037)
I/flutter (31304): #21     ComponentElement.performRebuild (package:flutter/src/widgets/framework.dart:5841)
I/flutter (31304): #22     Element.rebuild (package:flutter/src/widgets/framework.dart:5529)
I/flutter (31304): #23     StatelessElement.update (package:flutter/src/widgets/framework.dart:5895)
I/flutter (31304): #24     Element.updateChild (package:flutter/src/widgets/framework.dart:4037)
I/flutter (31304): #25     ComponentElement.performRebuild (package:flutter/src/widgets/framework.dart:5841)
I/flutter (31304): #26     Element.rebuild (package:flutter/src/widgets/framework.dart:5529)
I/flutter (31304): #27     StatelessElement.update (package:flutter/src/widgets/framework.dart:5895)
I/flutter (31304): #28     Element.updateChild (package:flutter/src/widgets/framework.dart:4037)
I/flutter (31304): #29     ComponentElement.performRebuild (package:flutter/src/widgets/framework.dart:5841)
I/flutter (31304): #30     Element.rebuild (package:flutter/src/widgets/framework.dart:5529)
I/flutter (31304): #31     StatelessElement.update (package:flutter/src/widgets/framework.dart:5895)
I/flutter (31304): #32     Element.updateChild (package:flutter/src/widgets/framework.dart:4037)
I/flutter (31304): #33     ComponentElement.performRebuild (package:flutter/src/widgets/framework.dart:5841)
I/flutter (31304): #34     Element.rebuild (package:flutter/src/widgets/framework.dart:5529)
I/flutter (31304): #35     ProxyElement.update (package:flutter/src/widgets/framework.dart:6149)
I/flutter (31304): #36     Element.updateChild (package:flutter/src/widgets/framework.dart:4037)
I/flutter (31304): #37     ComponentElement.performRebuild (package:flutter/src/widgets/framework.dart:5841)
I/flutter (31304): #38     Element.rebuild (package:flutter/src/widgets/framework.dart:5529)
I/flutter (31304): #39     ProxyElement.update (package:flutter/src/widgets/framework.dart:6149)
I/flutter (31304): #40     Element.updateChild (package:flutter/src/widgets/framework.dart:4037)
I/flutter (31304): #41     Element.updateChildren (package:flutter/src/widgets/framework.dart:4191)
I/flutter (31304): #42     MultiChildRenderObjectElement.update (package:flutter/src/widgets/framework.dart:7295)
I/flutter (31304): #43     Element.updateChild (package:flutter/src/widgets/framework.dart:4037)
I/flutter (31304): #44     ComponentElement.performRebuild (package:flutter/src/widgets/framework.dart:5841)
I/flutter (31304): #45     Element.rebuild (package:flutter/src/widgets/framework.dart:5529)
I/flutter (31304): #46     ProxyElement.update (package:flutter/src/widgets/framework.dart:6149)
I/flutter (31304): #47     Element.updateChild (package:flutter/src/widgets/framework.dart:4037)
I/flutter (31304): #48     ComponentElement.performRebuild (package:flutter/src/widgets/framework.dart:5841)
I/flutter (31304): #49     StatefulElement.performRebuild (package:flutter/src/widgets/framework.dart:5982)
I/flutter (31304): #50     Element.rebuild (package:flutter/src/widgets/framework.dart:5529)
I/flutter (31304): #51     StatefulElement.update (package:flutter/src/widgets/framework.dart:6007)
I/flutter (31304): #52     Element.updateChild (package:flutter/src/widgets/framework.dart:4037)
I/flutter (31304): #53     ComponentElement.performRebuild (package:flutter/src/widgets/framework.dart:5841)
I/flutter (31304): #54     Element.rebuild (package:flutter/src/widgets/framework.dart:5529)
I/flutter (31304): #55     StatelessElement.update (package:flutter/src/widgets/framework.dart:5895)
I/flutter (31304): #56     Element.updateChild (package:flutter/src/widgets/framework.dart:4037)
I/flutter (31304): #57     ComponentElement.performRebuild (package:flutter/src/widgets/framework.dart:5841)
I/flutter (31304): #58     Element.rebuild (package:flutter/src/widgets/framework.dart:5529)
I/flutter (31304): #59     ProxyElement.update (package:flutter/src/widgets/framework.dart:6149)
I/flutter (31304): #60     Element.updateChild (package:flutter/src/widgets/framework.dart:4037)
I/flutter (31304): #61     ComponentElement.performRebuild (package:flutter/src/widgets/framework.dart:5841)
I/flutter (31304): #62     StatefulElement.performRebuild (package:flutter/src/widgets/framework.dart:5982)
I/flutter (31304): #63     Element.rebuild (package:flutter/src/widgets/framework.dart:5529)
I/flutter (31304): #64     StatefulElement.update (package:flutter/src/widgets/framework.dart:6007)
I/flutter (31304): #65     Element.updateChild (package:flutter/src/widgets/framework.dart:4037)
I/flutter (31304): #66     SingleChildRenderObjectElement.update (package:flutter/src/widgets/framework.dart:7122)
I/flutter (31304): #67     Element.updateChild (package:flutter/src/widgets/framework.dart:4037)
I/flutter (31304): #68     ComponentElement.performRebuild (package:flutter/src/widgets/framework.dart:5841)
I/flutter (31304): #69     Element.rebuild (package:flutter/src/widgets/framework.dart:5529)
I/flutter (31304): #70     ProxyElement.update (package:flutter/src/widgets/framework.dart:6149)
I/flutter (31304): #71     Element.updateChild (package:flutter/src/widgets/framework.dart:4037)
I/flutter (31304): #72     SingleChildRenderObjectElement.update (package:flutter/src/widgets/framework.dart:7122)
I/flutter (31304): #73     Element.updateChild (package:flutter/src/widgets/framework.dart:4037)
I/flutter (31304): #74     ComponentElement.performRebuild (package:flutter/src/widgets/framework.dart:5841)
I/flutter (31304): #75     StatefulElement.performRebuild (package:flutter/src/widgets/framework.dart:5982)
I/flutter (31304): #76     Element.rebuild (package:flutter/src/widgets/framework.dart:5529)
I/flutter (31304): #77     StatefulElement.update (package:flutter/src/widgets/framework.dart:6007)
I/flutter (31304): #78     Element.updateChild (package:flutter/src/widgets/framework.dart:4037)
I/flutter (31304): #79     ComponentElement.performRebuild (package:flutter/src/widgets/framework.dart:5841)
I/flutter (31304): #80     StatefulElement.performRebuild (package:flutter/src/widgets/framework.dart:5982)
I/flutter (31304): #81     Element.rebuild (package:flutter/src/widgets/framework.dart:5529)
I/flutter (31304): #82     StatefulElement.update (package:flutter/src/widgets/framework.dart:6007)
I/flutter (31304): #83     Element.updateChild (package:flutter/src/widgets/framework.dart:4037)
I/flutter (31304): #84     ComponentElement.performRebuild (package:flutter/src/widgets/framework.dart:5841)
I/flutter (31304): #85     Element.rebuild (package:flutter/src/widgets/framework.dart:5529)
I/flutter (31304): #86     ProxyElement.update (package:flutter/src/widgets/framework.dart:6149)
I/flutter (31304): #87     Element.updateChild (package:flutter/src/widgets/framework.dart:4037)
I/flutter (31304): #88     ComponentElement.performRebuild (package:flutter/src/widgets/framework.dart:5841)
I/flutter (31304): #89     Element.rebuild (package:flutter/src/widgets/framework.dart:5529)
I/flutter (31304): #90     ProxyElement.update (package:flutter/src/widgets/framework.dart:6149)
I/flutter (31304): #91     Element.updateChild (package:flutter/src/widgets/framework.dart:4037)
I/flutter (31304): #92     ComponentElement.performRebuild (package:flutter/src/widgets/framework.dart:5841)
I/flutter (31304): #93     Element.rebuild (package:flutter/src/widgets/framework.dart:5529)
I/flutter (31304): #94     ProxyElement.update (package:flutter/src/widgets/framework.dart:6149)
I/flutter (31304): #95     Element.updateChild (package:flutter/src/widgets/framework.dart:4037)
I/flutter (31304): #96     ComponentElement.performRebuild (package:flutter/src/widgets/framework.dart:5841)
I/flutter (31304): #97     StatefulElement.performRebuild (package:flutter/src/widgets/framework.dart:5982)
I/flutter (31304): #98     Element.rebuild (package:flutter/src/widgets/framework.dart:5529)
I/flutter (31304): #99     StatefulElement.update (package:flutter/src/widgets/framework.dart:6007)
[spm]: ProfilerData event received.
I/flutter (31304): [SPM:perf] 698a51a  buildSpan: 10646µs
I/flutter (31304): [spm] Performance monitoring completed for 698a51a
I/flutter (31304): type '_Stub' is not a subtype of type 'EdgeInsetsGeometry?'
I/flutter (31304): #0      TextBox.build (package:benchmark_container/generated_widget.dart:184)
I/flutter (31304): #1      StatelessElement.build (package:flutter/src/widgets/framework.dart:5889)
I/flutter (31304): #2      ComponentElement.performRebuild (package:flutter/src/widgets/framework.dart:5817)
I/flutter (31304): #3      Element.rebuild (package:flutter/src/widgets/framework.dart:5529)
I/flutter (31304): #4      StatelessElement.update (package:flutter/src/widgets/framework.dart:5895)
I/flutter (31304): #5      Element.updateChild (package:flutter/src/widgets/framework.dart:4037)
I/flutter (31304): #6      Element.updateChildren (package:flutter/src/widgets/framework.dart:4191)
I/flutter (31304): #7      MultiChildRenderObjectElement.update (package:flutter/src/widgets/framework.dart:7295)
I/flutter (31304): #8      Element.updateChild (package:flutter/src/widgets/framework.dart:4037)
I/flutter (31304): #9      SingleChildRenderObjectElement.update (package:flutter/src/widgets/framework.dart:7122)
I/flutter (31304): #10     Element.updateChild (package:flutter/src/widgets/framework.dart:4037)
I/flutter (31304): #11     ComponentElement.performRebuild (package:flutter/src/widgets/framework.dart:5841)
I/flutter (31304): #12     Element.rebuild (package:flutter/src/widgets/framework.dart:5529)
I/flutter (31304): #13     StatelessElement.update (package:flutter/src/widgets/framework.dart:5895)
I/flutter (31304): #14     Element.updateChild (package:flutter/src/widgets/framework.dart:4037)
I/flutter (31304): #15     ComponentElement.performRebuild (package:flutter/src/widgets/framework.dart:5841)
I/flutter (31304): #16     Element.rebuild (package:flutter/src/widgets/framework.dart:5529)
I/flutter (31304): #17     ProxyElement.update (package:flutter/src/widgets/framework.dart:6149)
I/flutter (31304): #18     Element.updateChild (package:flutter/src/widgets/framework.dart:4037)
I/flutter (31304): #19     SingleChildRenderObjectElement.update (package:flutter/src/widgets/framework.dart:7122)
I/flutter (31304): #20     Element.updateChild (package:flutter/src/widgets/framework.dart:4037)
I/flutter (31304): #21     ComponentElement.performRebuild (package:flutter/src/widgets/framework.dart:5841)
I/flutter (31304): #22     Element.rebuild (package:flutter/src/widgets/framework.dart:5529)
I/flutter (31304): #23     StatelessElement.update (package:flutter/src/widgets/framework.dart:5895)
I/flutter (31304): #24     Element.updateChild (package:flutter/src/widgets/framework.dart:4037)
I/flutter (31304): #25     ComponentElement.performRebuild (package:flutter/src/widgets/framework.dart:5841)
I/flutter (31304): #26     Element.rebuild (package:flutter/src/widgets/framework.dart:5529)
I/flutter (31304): #27     StatelessElement.update (package:flutter/src/widgets/framework.dart:5895)
I/flutter (31304): #28     Element.updateChild (package:flutter/src/widgets/framework.dart:4037)
I/flutter (31304): #29     ComponentElement.performRebuild (package:flutter/src/widgets/framework.dart:5841)
I/flutter (31304): #30     Element.rebuild (package:flutter/src/widgets/framework.dart:5529)
I/flutter (31304): #31     StatelessElement.update (package:flutter/src/widgets/framework.dart:5895)
I/flutter (31304): #32     Element.updateChild (package:flutter/src/widgets/framework.dart:4037)
I/flutter (31304): #33     ComponentElement.performRebuild (package:flutter/src/widgets/framework.dart:5841)
I/flutter (31304): #34     Element.rebuild (package:flutter/src/widgets/framework.dart:5529)
I/flutter (31304): #35     ProxyElement.update (package:flutter/src/widgets/framework.dart:6149)
I/flutter (31304): #36     Element.updateChild (package:flutter/src/widgets/framework.dart:4037)
I/flutter (31304): #37     ComponentElement.performRebuild (package:flutter/src/widgets/framework.dart:5841)
I/flutter (31304): #38     Element.rebuild (package:flutter/src/widgets/framework.dart:5529)
I/flutter (31304): #39     ProxyElement.update (package:flutter/src/widgets/framework.dart:6149)
I/flutter (31304): #40     Element.updateChild (package:flutter/src/widgets/framework.dart:4037)
I/flutter (31304): #41     Element.updateChildren (package:flutter/src/widgets/framework.dart:4191)
I/flutter (31304): #42     MultiChildRenderObjectElement.update (package:flutter/src/widgets/framework.dart:7295)
I/flutter (31304): #43     Element.updateChild (package:flutter/src/widgets/framework.dart:4037)
I/flutter (31304): #44     ComponentElement.performRebuild (package:flutter/src/widgets/framework.dart:5841)
I/flutter (31304): #45     Element.rebuild (package:flutter/src/widgets/framework.dart:5529)
I/flutter (31304): #46     ProxyElement.update (package:flutter/src/widgets/framework.dart:6149)
I/flutter (31304): #47     Element.updateChild (package:flutter/src/widgets/framework.dart:4037)
I/flutter (31304): #48     ComponentElement.performRebuild (package:flutter/src/widgets/framework.dart:5841)
I/flutter (31304): #49     StatefulElement.performRebuild (package:flutter/src/widgets/framework.dart:5982)
I/flutter (31304): #50     Element.rebuild (package:flutter/src/widgets/framework.dart:5529)
I/flutter (31304): #51     StatefulElement.update (package:flutter/src/widgets/framework.dart:6007)
I/flutter (31304): #52     Element.updateChild (package:flutter/src/widgets/framework.dart:4037)
I/flutter (31304): #53     ComponentElement.performRebuild (package:flutter/src/widgets/framework.dart:5841)
I/flutter (31304): #54     Element.rebuild (package:flutter/src/widgets/framework.dart:5529)
I/flutter (31304): #55     StatelessElement.update (package:flutter/src/widgets/framework.dart:5895)
I/flutter (31304): #56     Element.updateChild (package:flutter/src/widgets/framework.dart:4037)
I/flutter (31304): #57     ComponentElement.performRebuild (package:flutter/src/widgets/framework.dart:5841)
I/flutter (31304): #58     Element.rebuild (package:flutter/src/widgets/framework.dart:5529)
I/flutter (31304): #59     ProxyElement.update (package:flutter/src/widgets/framework.dart:6149)
I/flutter (31304): #60     Element.updateChild (package:flutter/src/widgets/framework.dart:4037)
I/flutter (31304): #61     ComponentElement.performRebuild (package:flutter/src/widgets/framework.dart:5841)
I/flutter (31304): #62     StatefulElement.performRebuild (package:flutter/src/widgets/framework.dart:5982)
I/flutter (31304): #63     Element.rebuild (package:flutter/src/widgets/framework.dart:5529)
I/flutter (31304): #64     StatefulElement.update (package:flutter/src/widgets/framework.dart:6007)
I/flutter (31304): #65     Element.updateChild (package:flutter/src/widgets/framework.dart:4037)
I/flutter (31304): #66     SingleChildRenderObjectElement.update (package:flutter/src/widgets/framework.dart:7122)
I/flutter (31304): #67     Element.updateChild (package:flutter/src/widgets/framework.dart:4037)
I/flutter (31304): #68     ComponentElement.performRebuild (package:flutter/src/widgets/framework.dart:5841)
I/flutter (31304): #69     Element.rebuild (package:flutter/src/widgets/framework.dart:5529)
I/flutter (31304): #70     ProxyElement.update (package:flutter/src/widgets/framework.dart:6149)
I/flutter (31304): #71     Element.updateChild (package:flutter/src/widgets/framework.dart:4037)
I/flutter (31304): #72     SingleChildRenderObjectElement.update (package:flutter/src/widgets/framework.dart:7122)
I/flutter (31304): #73     Element.updateChild (package:flutter/src/widgets/framework.dart:4037)
I/flutter (31304): #74     ComponentElement.performRebuild (package:flutter/src/widgets/framework.dart:5841)
I/flutter (31304): #75     StatefulElement.performRebuild (package:flutter/src/widgets/framework.dart:5982)
I/flutter (31304): #76     Element.rebuild (package:flutter/src/widgets/framework.dart:5529)
I/flutter (31304): #77     StatefulElement.update (package:flutter/src/widgets/framework.dart:6007)
I/flutter (31304): #78     Element.updateChild (package:flutter/src/widgets/framework.dart:4037)
I/flutter (31304): #79     ComponentElement.performRebuild (package:flutter/src/widgets/framework.dart:5841)
I/flutter (31304): #80     StatefulElement.performRebuild (package:flutter/src/widgets/framework.dart:5982)
I/flutter (31304): #81     Element.rebuild (package:flutter/src/widgets/framework.dart:5529)
I/flutter (31304): #82     StatefulElement.update (package:flutter/src/widgets/framework.dart:6007)
I/flutter (31304): #83     Element.updateChild (package:flutter/src/widgets/framework.dart:4037)
I/flutter (31304): #84     ComponentElement.performRebuild (package:flutter/src/widgets/framework.dart:5841)
I/flutter (31304): #85     Element.rebuild (package:flutter/src/widgets/framework.dart:5529)
I/flutter (31304): #86     ProxyElement.update (package:flutter/src/widgets/framework.dart:6149)
I/flutter (31304): #87     Element.updateChild (package:flutter/src/widgets/framework.dart:4037)
I/flutter (31304): #88     ComponentElement.performRebuild (package:flutter/src/widgets/framework.dart:5841)
I/flutter (31304): #89     Element.rebuild (package:flutter/src/widgets/framework.dart:5529)
I/flutter (31304): #90     ProxyElement.update (package:flutter/src/widgets/framework.dart:6149)
I/flutter (31304): #91     Element.updateChild (package:flutter/src/widgets/framework.dart:4037)
I/flutter (31304): #92     ComponentElement.performRebuild (package:flutter/src/widgets/framework.dart:5841)
I/flutter (31304): #93     Element.rebuild (package:flutter/src/widgets/framework.dart:5529)
I/flutter (31304): #94     ProxyElement.update (package:flutter/src/widgets/framework.dart:6149)
I/flutter (31304): #95     Element.updateChild (package:flutter/src/widgets/framework.dart:4037)
I/flutter (31304): #96     ComponentElement.performRebuild (package:flutter/src/widgets/framework.dart:5841)
I/flutter (31304): #97     StatefulElement.performRebuild (package:flutter/src/widgets/framework.dart:5982)
I/flutter (31304): #98     Element.rebuild (package:flutter/src/widgets/framework.dart:5529)
I/flutter (31304): #99     StatefulElement.update (package:flutter/src/widgets/framework.dart:6007)
[spm]: ProfilerData event received.
I/flutter (31304): [SPM:perf] 698a51a  buildSpan: 9620µs
I/flutter (31304): [spm] Performance monitoring completed for 698a51a
I/flutter (31304): type '_Stub' is not a subtype of type 'EdgeInsetsGeometry?'
I/flutter (31304): #0      TextBox.build (package:benchmark_container/generated_widget.dart:184)
I/flutter (31304): #1      StatelessElement.build (package:flutter/src/widgets/framework.dart:5889)
I/flutter (31304): #2      ComponentElement.performRebuild (package:flutter/src/widgets/framework.dart:5817)
I/flutter (31304): #3      Element.rebuild (package:flutter/src/widgets/framework.dart:5529)
I/flutter (31304): #4      StatelessElement.update (package:flutter/src/widgets/framework.dart:5895)
I/flutter (31304): #5      Element.updateChild (package:flutter/src/widgets/framework.dart:4037)
I/flutter (31304): #6      Element.updateChildren (package:flutter/src/widgets/framework.dart:4191)
I/flutter (31304): #7      MultiChildRenderObjectElement.update (package:flutter/src/widgets/framework.dart:7295)
I/flutter (31304): #8      Element.updateChild (package:flutter/src/widgets/framework.dart:4037)
I/flutter (31304): #9      SingleChildRenderObjectElement.update (package:flutter/src/widgets/framework.dart:7122)
I/flutter (31304): #10     Element.updateChild (package:flutter/src/widgets/framework.dart:4037)
I/flutter (31304): #11     ComponentElement.performRebuild (package:flutter/src/widgets/framework.dart:5841)
I/flutter (31304): #12     Element.rebuild (package:flutter/src/widgets/framework.dart:5529)
I/flutter (31304): #13     StatelessElement.update (package:flutter/src/widgets/framework.dart:5895)
I/flutter (31304): #14     Element.updateChild (package:flutter/src/widgets/framework.dart:4037)
I/flutter (31304): #15     ComponentElement.performRebuild (package:flutter/src/widgets/framework.dart:5841)
I/flutter (31304): #16     Element.rebuild (package:flutter/src/widgets/framework.dart:5529)
I/flutter (31304): #17     ProxyElement.update (package:flutter/src/widgets/framework.dart:6149)
I/flutter (31304): #18     Element.updateChild (package:flutter/src/widgets/framework.dart:4037)
I/flutter (31304): #19     SingleChildRenderObjectElement.update (package:flutter/src/widgets/framework.dart:7122)
I/flutter (31304): #20     Element.updateChild (package:flutter/src/widgets/framework.dart:4037)
I/flutter (31304): #21     ComponentElement.performRebuild (package:flutter/src/widgets/framework.dart:5841)
I/flutter (31304): #22     Element.rebuild (package:flutter/src/widgets/framework.dart:5529)
I/flutter (31304): #23     StatelessElement.update (package:flutter/src/widgets/framework.dart:5895)
I/flutter (31304): #24     Element.updateChild (package:flutter/src/widgets/framework.dart:4037)
I/flutter (31304): #25     ComponentElement.performRebuild (package:flutter/src/widgets/framework.dart:5841)
I/flutter (31304): #26     Element.rebuild (package:flutter/src/widgets/framework.dart:5529)
I/flutter (31304): #27     StatelessElement.update (package:flutter/src/widgets/framework.dart:5895)
I/flutter (31304): #28     Element.updateChild (package:flutter/src/widgets/framework.dart:4037)
I/flutter (31304): #29     ComponentElement.performRebuild (package:flutter/src/widgets/framework.dart:5841)
I/flutter (31304): #30     Element.rebuild (package:flutter/src/widgets/framework.dart:5529)
I/flutter (31304): #31     StatelessElement.update (package:flutter/src/widgets/framework.dart:5895)
I/flutter (31304): #32     Element.updateChild (package:flutter/src/widgets/framework.dart:4037)
I/flutter (31304): #33     ComponentElement.performRebuild (package:flutter/src/widgets/framework.dart:5841)
I/flutter (31304): #34     Element.rebuild (package:flutter/src/widgets/framework.dart:5529)
I/flutter (31304): #35     ProxyElement.update (package:flutter/src/widgets/framework.dart:6149)
I/flutter (31304): #36     Element.updateChild (package:flutter/src/widgets/framework.dart:4037)
I/flutter (31304): #37     ComponentElement.performRebuild (package:flutter/src/widgets/framework.dart:5841)
I/flutter (31304): #38     Element.rebuild (package:flutter/src/widgets/framework.dart:5529)
I/flutter (31304): #39     ProxyElement.update (package:flutter/src/widgets/framework.dart:6149)
I/flutter (31304): #40     Element.updateChild (package:flutter/src/widgets/framework.dart:4037)
I/flutter (31304): #41     Element.updateChildren (package:flutter/src/widgets/framework.dart:4191)
I/flutter (31304): #42     MultiChildRenderObjectElement.update (package:flutter/src/widgets/framework.dart:7295)
I/flutter (31304): #43     Element.updateChild (package:flutter/src/widgets/framework.dart:4037)
I/flutter (31304): #44     ComponentElement.performRebuild (package:flutter/src/widgets/framework.dart:5841)
I/flutter (31304): #45     Element.rebuild (package:flutter/src/widgets/framework.dart:5529)
I/flutter (31304): #46     ProxyElement.update (package:flutter/src/widgets/framework.dart:6149)
I/flutter (31304): #47     Element.updateChild (package:flutter/src/widgets/framework.dart:4037)
I/flutter (31304): #48     ComponentElement.performRebuild (package:flutter/src/widgets/framework.dart:5841)
I/flutter (31304): #49     StatefulElement.performRebuild (package:flutter/src/widgets/framework.dart:5982)
I/flutter (31304): #50     Element.rebuild (package:flutter/src/widgets/framework.dart:5529)
I/flutter (31304): #51     StatefulElement.update (package:flutter/src/widgets/framework.dart:6007)
I/flutter (31304): #52     Element.updateChild (package:flutter/src/widgets/framework.dart:4037)
I/flutter (31304): #53     ComponentElement.performRebuild (package:flutter/src/widgets/framework.dart:5841)
I/flutter (31304): #54     Element.rebuild (package:flutter/src/widgets/framework.dart:5529)
I/flutter (31304): #55     StatelessElement.update (package:flutter/src/widgets/framework.dart:5895)
I/flutter (31304): #56     Element.updateChild (package:flutter/src/widgets/framework.dart:4037)
I/flutter (31304): #57     ComponentElement.performRebuild (package:flutter/src/widgets/framework.dart:5841)
I/flutter (31304): #58     Element.rebuild (package:flutter/src/widgets/framework.dart:5529)
I/flutter (31304): #59     ProxyElement.update (package:flutter/src/widgets/framework.dart:6149)
I/flutter (31304): #60     Element.updateChild (package:flutter/src/widgets/framework.dart:4037)
I/flutter (31304): #61     ComponentElement.performRebuild (package:flutter/src/widgets/framework.dart:5841)
I/flutter (31304): #62     StatefulElement.performRebuild (package:flutter/src/widgets/framework.dart:5982)
I/flutter (31304): #63     Element.rebuild (package:flutter/src/widgets/framework.dart:5529)
I/flutter (31304): #64     StatefulElement.update (package:flutter/src/widgets/framework.dart:6007)
I/flutter (31304): #65     Element.updateChild (package:flutter/src/widgets/framework.dart:4037)
I/flutter (31304): #66     SingleChildRenderObjectElement.update (package:flutter/src/widgets/framework.dart:7122)
I/flutter (31304): #67     Element.updateChild (package:flutter/src/widgets/framework.dart:4037)
I/flutter (31304): #68     ComponentElement.performRebuild (package:flutter/src/widgets/framework.dart:5841)
I/flutter (31304): #69     Element.rebuild (package:flutter/src/widgets/framework.dart:5529)
I/flutter (31304): #70     ProxyElement.update (package:flutter/src/widgets/framework.dart:6149)
I/flutter (31304): #71     Element.updateChild (package:flutter/src/widgets/framework.dart:4037)
I/flutter (31304): #72     SingleChildRenderObjectElement.update (package:flutter/src/widgets/framework.dart:7122)
I/flutter (31304): #73     Element.updateChild (package:flutter/src/widgets/framework.dart:4037)
I/flutter (31304): #74     ComponentElement.performRebuild (package:flutter/src/widgets/framework.dart:5841)
I/flutter (31304): #75     StatefulElement.performRebuild (package:flutter/src/widgets/framework.dart:5982)
I/flutter (31304): #76     Element.rebuild (package:flutter/src/widgets/framework.dart:5529)
I/flutter (31304): #77     StatefulElement.update (package:flutter/src/widgets/framework.dart:6007)
I/flutter (31304): #78     Element.updateChild (package:flutter/src/widgets/framework.dart:4037)
I/flutter (31304): #79     ComponentElement.performRebuild (package:flutter/src/widgets/framework.dart:5841)
I/flutter (31304): #80     StatefulElement.performRebuild (package:flutter/src/widgets/framework.dart:5982)
I/flutter (31304): #81     Element.rebuild (package:flutter/src/widgets/framework.dart:5529)
I/flutter (31304): #82     StatefulElement.update (package:flutter/src/widgets/framework.dart:6007)
I/flutter (31304): #83     Element.updateChild (package:flutter/src/widgets/framework.dart:4037)
I/flutter (31304): #84     ComponentElement.performRebuild (package:flutter/src/widgets/framework.dart:5841)
I/flutter (31304): #85     Element.rebuild (package:flutter/src/widgets/framework.dart:5529)
I/flutter (31304): #86     ProxyElement.update (package:flutter/src/widgets/framework.dart:6149)
I/flutter (31304): #87     Element.updateChild (package:flutter/src/widgets/framework.dart:4037)
I/flutter (31304): #88     ComponentElement.performRebuild (package:flutter/src/widgets/framework.dart:5841)
I/flutter (31304): #89     Element.rebuild (package:flutter/src/widgets/framework.dart:5529)
I/flutter (31304): #90     ProxyElement.update (package:flutter/src/widgets/framework.dart:6149)
I/flutter (31304): #91     Element.updateChild (package:flutter/src/widgets/framework.dart:4037)
I/flutter (31304): #92     ComponentElement.performRebuild (package:flutter/src/widgets/framework.dart:5841)
I/flutter (31304): #93     Element.rebuild (package:flutter/src/widgets/framework.dart:5529)
I/flutter (31304): #94     ProxyElement.update (package:flutter/src/widgets/framework.dart:6149)
I/flutter (31304): #95     Element.updateChild (package:flutter/src/widgets/framework.dart:4037)
I/flutter (31304): #96     ComponentElement.performRebuild (package:flutter/src/widgets/framework.dart:5841)
I/flutter (31304): #97     StatefulElement.performRebuild (package:flutter/src/widgets/framework.dart:5982)
I/flutter (31304): #98     Element.rebuild (package:flutter/src/widgets/framework.dart:5529)
I/flutter (31304): #99     StatefulElement.update (package:flutter/src/widgets/framework.dart:6007)
[spm]: ProfilerData event received.
I/flutter (31304): [SPM:perf] 698a51a  buildSpan: 9376µs
I/flutter (31304): [spm] Performance monitoring completed for 698a51a
I/flutter (31304): type '_Stub' is not a subtype of type 'EdgeInsetsGeometry?'
I/flutter (31304): #0      TextBox.build (package:benchmark_container/generated_widget.dart:184)
I/flutter (31304): #1      StatelessElement.build (package:flutter/src/widgets/framework.dart:5889)
I/flutter (31304): #2      ComponentElement.performRebuild (package:flutter/src/widgets/framework.dart:5817)
I/flutter (31304): #3      Element.rebuild (package:flutter/src/widgets/framework.dart:5529)
I/flutter (31304): #4      StatelessElement.update (package:flutter/src/widgets/framework.dart:5895)
I/flutter (31304): #5      Element.updateChild (package:flutter/src/widgets/framework.dart:4037)
I/flutter (31304): #6      Element.updateChildren (package:flutter/src/widgets/framework.dart:4191)
I/flutter (31304): #7      MultiChildRenderObjectElement.update (package:flutter/src/widgets/framework.dart:7295)
I/flutter (31304): #8      Element.updateChild (package:flutter/src/widgets/framework.dart:4037)
I/flutter (31304): #9      SingleChildRenderObjectElement.update (package:flutter/src/widgets/framework.dart:7122)
I/flutter (31304): #10     Element.updateChild (package:flutter/src/widgets/framework.dart:4037)
I/flutter (31304): #11     ComponentElement.performRebuild (package:flutter/src/widgets/framework.dart:5841)
I/flutter (31304): #12     Element.rebuild (package:flutter/src/widgets/framework.dart:5529)
I/flutter (31304): #13     StatelessElement.update (package:flutter/src/widgets/framework.dart:5895)
I/flutter (31304): #14     Element.updateChild (package:flutter/src/widgets/framework.dart:4037)
I/flutter (31304): #15     ComponentElement.performRebuild (package:flutter/src/widgets/framework.dart:5841)
I/flutter (31304): #16     Element.rebuild (package:flutter/src/widgets/framework.dart:5529)
I/flutter (31304): #17     ProxyElement.update (package:flutter/src/widgets/framework.dart:6149)
I/flutter (31304): #18     Element.updateChild (package:flutter/src/widgets/framework.dart:4037)
I/flutter (31304): #19     SingleChildRenderObjectElement.update (package:flutter/src/widgets/framework.dart:7122)
I/flutter (31304): #20     Element.updateChild (package:flutter/src/widgets/framework.dart:4037)
I/flutter (31304): #21     ComponentElement.performRebuild (package:flutter/src/widgets/framework.dart:5841)
I/flutter (31304): #22     Element.rebuild (package:flutter/src/widgets/framework.dart:5529)
I/flutter (31304): #23     StatelessElement.update (package:flutter/src/widgets/framework.dart:5895)
I/flutter (31304): #24     Element.updateChild (package:flutter/src/widgets/framework.dart:4037)
I/flutter (31304): #25     ComponentElement.performRebuild (package:flutter/src/widgets/framework.dart:5841)
I/flutter (31304): #26     Element.rebuild (package:flutter/src/widgets/framework.dart:5529)
I/flutter (31304): #27     StatelessElement.update (package:flutter/src/widgets/framework.dart:5895)
I/flutter (31304): #28     Element.updateChild (package:flutter/src/widgets/framework.dart:4037)
I/flutter (31304): #29     ComponentElement.performRebuild (package:flutter/src/widgets/framework.dart:5841)
I/flutter (31304): #30     Element.rebuild (package:flutter/src/widgets/framework.dart:5529)
I/flutter (31304): #31     StatelessElement.update (package:flutter/src/widgets/framework.dart:5895)
I/flutter (31304): #32     Element.updateChild (package:flutter/src/widgets/framework.dart:4037)
I/flutter (31304): #33     ComponentElement.performRebuild (package:flutter/src/widgets/framework.dart:5841)
I/flutter (31304): #34     Element.rebuild (package:flutter/src/widgets/framework.dart:5529)
I/flutter (31304): #35     ProxyElement.update (package:flutter/src/widgets/framework.dart:6149)
I/flutter (31304): #36     Element.updateChild (package:flutter/src/widgets/framework.dart:4037)
I/flutter (31304): #37     ComponentElement.performRebuild (package:flutter/src/widgets/framework.dart:5841)
I/flutter (31304): #38     Element.rebuild (package:flutter/src/widgets/framework.dart:5529)
I/flutter (31304): #39     ProxyElement.update (package:flutter/src/widgets/framework.dart:6149)
I/flutter (31304): #40     Element.updateChild (package:flutter/src/widgets/framework.dart:4037)
I/flutter (31304): #41     Element.updateChildren (package:flutter/src/widgets/framework.dart:4191)
I/flutter (31304): #42     MultiChildRenderObjectElement.update (package:flutter/src/widgets/framework.dart:7295)
I/flutter (31304): #43     Element.updateChild (package:flutter/src/widgets/framework.dart:4037)
I/flutter (31304): #44     ComponentElement.performRebuild (package:flutter/src/widgets/framework.dart:5841)
I/flutter (31304): #45     Element.rebuild (package:flutter/src/widgets/framework.dart:5529)
I/flutter (31304): #46     ProxyElement.update (package:flutter/src/widgets/framework.dart:6149)
I/flutter (31304): #47     Element.updateChild (package:flutter/src/widgets/framework.dart:4037)
I/flutter (31304): #48     ComponentElement.performRebuild (package:flutter/src/widgets/framework.dart:5841)
I/flutter (31304): #49     StatefulElement.performRebuild (package:flutter/src/widgets/framework.dart:5982)
I/flutter (31304): #50     Element.rebuild (package:flutter/src/widgets/framework.dart:5529)
I/flutter (31304): #51     StatefulElement.update (package:flutter/src/widgets/framework.dart:6007)
I/flutter (31304): #52     Element.updateChild (package:flutter/src/widgets/framework.dart:4037)
I/flutter (31304): #53     ComponentElement.performRebuild (package:flutter/src/widgets/framework.dart:5841)
I/flutter (31304): #54     Element.rebuild (package:flutter/src/widgets/framework.dart:5529)
I/flutter (31304): #55     StatelessElement.update (package:flutter/src/widgets/framework.dart:5895)
I/flutter (31304): #56     Element.updateChild (package:flutter/src/widgets/framework.dart:4037)
I/flutter (31304): #57     ComponentElement.performRebuild (package:flutter/src/widgets/framework.dart:5841)
I/flutter (31304): #58     Element.rebuild (package:flutter/src/widgets/framework.dart:5529)
I/flutter (31304): #59     ProxyElement.update (package:flutter/src/widgets/framework.dart:6149)
I/flutter (31304): #60     Element.updateChild (package:flutter/src/widgets/framework.dart:4037)
I/flutter (31304): #61     ComponentElement.performRebuild (package:flutter/src/widgets/framework.dart:5841)
I/flutter (31304): #62     StatefulElement.performRebuild (package:flutter/src/widgets/framework.dart:5982)
I/flutter (31304): #63     Element.rebuild (package:flutter/src/widgets/framework.dart:5529)
I/flutter (31304): #64     StatefulElement.update (package:flutter/src/widgets/framework.dart:6007)
I/flutter (31304): #65     Element.updateChild (package:flutter/src/widgets/framework.dart:4037)
I/flutter (31304): #66     SingleChildRenderObjectElement.update (package:flutter/src/widgets/framework.dart:7122)
I/flutter (31304): #67     Element.updateChild (package:flutter/src/widgets/framework.dart:4037)
I/flutter (31304): #68     ComponentElement.performRebuild (package:flutter/src/widgets/framework.dart:5841)
I/flutter (31304): #69     Element.rebuild (package:flutter/src/widgets/framework.dart:5529)
I/flutter (31304): #70     ProxyElement.update (package:flutter/src/widgets/framework.dart:6149)
I/flutter (31304): #71     Element.updateChild (package:flutter/src/widgets/framework.dart:4037)
I/flutter (31304): #72     SingleChildRenderObjectElement.update (package:flutter/src/widgets/framework.dart:7122)
I/flutter (31304): #73     Element.updateChild (package:flutter/src/widgets/framework.dart:4037)
I/flutter (31304): #74     ComponentElement.performRebuild (package:flutter/src/widgets/framework.dart:5841)
I/flutter (31304): #75     StatefulElement.performRebuild (package:flutter/src/widgets/framework.dart:5982)
I/flutter (31304): #76     Element.rebuild (package:flutter/src/widgets/framework.dart:5529)
I/flutter (31304): #77     StatefulElement.update (package:flutter/src/widgets/framework.dart:6007)
I/flutter (31304): #78     Element.updateChild (package:flutter/src/widgets/framework.dart:4037)
I/flutter (31304): #79     ComponentElement.performRebuild (package:flutter/src/widgets/framework.dart:5841)
I/flutter (31304): #80     StatefulElement.performRebuild (package:flutter/src/widgets/framework.dart:5982)
I/flutter (31304): #81     Element.rebuild (package:flutter/src/widgets/framework.dart:5529)
I/flutter (31304): #82     StatefulElement.update (package:flutter/src/widgets/framework.dart:6007)
I/flutter (31304): #83     Element.updateChild (package:flutter/src/widgets/framework.dart:4037)
I/flutter (31304): #84     ComponentElement.performRebuild (package:flutter/src/widgets/framework.dart:5841)
I/flutter (31304): #85     Element.rebuild (package:flutter/src/widgets/framework.dart:5529)
I/flutter (31304): #86     ProxyElement.update (package:flutter/src/widgets/framework.dart:6149)
I/flutter (31304): #87     Element.updateChild (package:flutter/src/widgets/framework.dart:4037)
I/flutter (31304): #88     ComponentElement.performRebuild (package:flutter/src/widgets/framework.dart:5841)
I/flutter (31304): #89     Element.rebuild (package:flutter/src/widgets/framework.dart:5529)
I/flutter (31304): #90     ProxyElement.update (package:flutter/src/widgets/framework.dart:6149)
I/flutter (31304): #91     Element.updateChild (package:flutter/src/widgets/framework.dart:4037)
I/flutter (31304): #92     ComponentElement.performRebuild (package:flutter/src/widgets/framework.dart:5841)
I/flutter (31304): #93     Element.rebuild (package:flutter/src/widgets/framework.dart:5529)
I/flutter (31304): #94     ProxyElement.update (package:flutter/src/widgets/framework.dart:6149)
I/flutter (31304): #95     Element.updateChild (package:flutter/src/widgets/framework.dart:4037)
I/flutter (31304): #96     ComponentElement.performRebuild (package:flutter/src/widgets/framework.dart:5841)
I/flutter (31304): #97     StatefulElement.performRebuild (package:flutter/src/widgets/framework.dart:5982)
I/flutter (31304): #98     Element.rebuild (package:flutter/src/widgets/framework.dart:5529)
I/flutter (31304): #99     StatefulElement.update (package:flutter/src/widgets/framework.dart:6007)
[spm]: ProfilerData event received.
I/flutter (31304): [SPM:perf] 698a51a  buildSpan: 9954µs
I/flutter (31304): [spm] Performance monitoring completed for 698a51a
I/flutter (31304): type '_Stub' is not a subtype of type 'EdgeInsetsGeometry?'
I/flutter (31304): #0      TextBox.build (package:benchmark_container/generated_widget.dart:184)
I/flutter (31304): #1      StatelessElement.build (package:flutter/src/widgets/framework.dart:5889)
I/flutter (31304): #2      ComponentElement.performRebuild (package:flutter/src/widgets/framework.dart:5817)
I/flutter (31304): #3      Element.rebuild (package:flutter/src/widgets/framework.dart:5529)
I/flutter (31304): #4      StatelessElement.update (package:flutter/src/widgets/framework.dart:5895)
I/flutter (31304): #5      Element.updateChild (package:flutter/src/widgets/framework.dart:4037)
I/flutter (31304): #6      Element.updateChildren (package:flutter/src/widgets/framework.dart:4191)
I/flutter (31304): #7      MultiChildRenderObjectElement.update (package:flutter/src/widgets/framework.dart:7295)
I/flutter (31304): #8      Element.updateChild (package:flutter/src/widgets/framework.dart:4037)
I/flutter (31304): #9      SingleChildRenderObjectElement.update (package:flutter/src/widgets/framework.dart:7122)
I/flutter (31304): #10     Element.updateChild (package:flutter/src/widgets/framework.dart:4037)
I/flutter (31304): #11     ComponentElement.performRebuild (package:flutter/src/widgets/framework.dart:5841)
I/flutter (31304): #12     Element.rebuild (package:flutter/src/widgets/framework.dart:5529)
I/flutter (31304): #13     StatelessElement.update (package:flutter/src/widgets/framework.dart:5895)
I/flutter (31304): #14     Element.updateChild (package:flutter/src/widgets/framework.dart:4037)
I/flutter (31304): #15     ComponentElement.performRebuild (package:flutter/src/widgets/framework.dart:5841)
I/flutter (31304): #16     Element.rebuild (package:flutter/src/widgets/framework.dart:5529)
I/flutter (31304): #17     ProxyElement.update (package:flutter/src/widgets/framework.dart:6149)
I/flutter (31304): #18     Element.updateChild (package:flutter/src/widgets/framework.dart:4037)
I/flutter (31304): #19     SingleChildRenderObjectElement.update (package:flutter/src/widgets/framework.dart:7122)
I/flutter (31304): #20     Element.updateChild (package:flutter/src/widgets/framework.dart:4037)
I/flutter (31304): #21     ComponentElement.performRebuild (package:flutter/src/widgets/framework.dart:5841)
I/flutter (31304): #22     Element.rebuild (package:flutter/src/widgets/framework.dart:5529)
I/flutter (31304): #23     StatelessElement.update (package:flutter/src/widgets/framework.dart:5895)
I/flutter (31304): #24     Element.updateChild (package:flutter/src/widgets/framework.dart:4037)
I/flutter (31304): #25     ComponentElement.performRebuild (package:flutter/src/widgets/framework.dart:5841)
I/flutter (31304): #26     Element.rebuild (package:flutter/src/widgets/framework.dart:5529)
I/flutter (31304): #27     StatelessElement.update (package:flutter/src/widgets/framework.dart:5895)
I/flutter (31304): #28     Element.updateChild (package:flutter/src/widgets/framework.dart:4037)
I/flutter (31304): #29     ComponentElement.performRebuild (package:flutter/src/widgets/framework.dart:5841)
I/flutter (31304): #30     Element.rebuild (package:flutter/src/widgets/framework.dart:5529)
I/flutter (31304): #31     StatelessElement.update (package:flutter/src/widgets/framework.dart:5895)
I/flutter (31304): #32     Element.updateChild (package:flutter/src/widgets/framework.dart:4037)
I/flutter (31304): #33     ComponentElement.performRebuild (package:flutter/src/widgets/framework.dart:5841)
I/flutter (31304): #34     Element.rebuild (package:flutter/src/widgets/framework.dart:5529)
I/flutter (31304): #35     ProxyElement.update (package:flutter/src/widgets/framework.dart:6149)
I/flutter (31304): #36     Element.updateChild (package:flutter/src/widgets/framework.dart:4037)
I/flutter (31304): #37     ComponentElement.performRebuild (package:flutter/src/widgets/framework.dart:5841)
I/flutter (31304): #38     Element.rebuild (package:flutter/src/widgets/framework.dart:5529)
I/flutter (31304): #39     ProxyElement.update (package:flutter/src/widgets/framework.dart:6149)
I/flutter (31304): #40     Element.updateChild (package:flutter/src/widgets/framework.dart:4037)
I/flutter (31304): #41     Element.updateChildren (package:flutter/src/widgets/framework.dart:4191)
I/flutter (31304): #42     MultiChildRenderObjectElement.update (package:flutter/src/widgets/framework.dart:7295)
I/flutter (31304): #43     Element.updateChild (package:flutter/src/widgets/framework.dart:4037)
I/flutter (31304): #44     ComponentElement.performRebuild (package:flutter/src/widgets/framework.dart:5841)
I/flutter (31304): #45     Element.rebuild (package:flutter/src/widgets/framework.dart:5529)
I/flutter (31304): #46     ProxyElement.update (package:flutter/src/widgets/framework.dart:6149)
I/flutter (31304): #47     Element.updateChild (package:flutter/src/widgets/framework.dart:4037)
I/flutter (31304): #48     ComponentElement.performRebuild (package:flutter/src/widgets/framework.dart:5841)
I/flutter (31304): #49     StatefulElement.performRebuild (package:flutter/src/widgets/framework.dart:5982)
I/flutter (31304): #50     Element.rebuild (package:flutter/src/widgets/framework.dart:5529)
I/flutter (31304): #51     StatefulElement.update (package:flutter/src/widgets/framework.dart:6007)
I/flutter (31304): #52     Element.updateChild (package:flutter/src/widgets/framework.dart:4037)
I/flutter (31304): #53     ComponentElement.performRebuild (package:flutter/src/widgets/framework.dart:5841)
I/flutter (31304): #54     Element.rebuild (package:flutter/src/widgets/framework.dart:5529)
I/flutter (31304): #55     StatelessElement.update (package:flutter/src/widgets/framework.dart:5895)
I/flutter (31304): #56     Element.updateChild (package:flutter/src/widgets/framework.dart:4037)
I/flutter (31304): #57     ComponentElement.performRebuild (package:flutter/src/widgets/framework.dart:5841)
I/flutter (31304): #58     Element.rebuild (package:flutter/src/widgets/framework.dart:5529)
I/flutter (31304): #59     ProxyElement.update (package:flutter/src/widgets/framework.dart:6149)
I/flutter (31304): #60     Element.updateChild (package:flutter/src/widgets/framework.dart:4037)
I/flutter (31304): #61     ComponentElement.performRebuild (package:flutter/src/widgets/framework.dart:5841)
I/flutter (31304): #62     StatefulElement.performRebuild (package:flutter/src/widgets/framework.dart:5982)
I/flutter (31304): #63     Element.rebuild (package:flutter/src/widgets/framework.dart:5529)
I/flutter (31304): #64     StatefulElement.update (package:flutter/src/widgets/framework.dart:6007)
I/flutter (31304): #65     Element.updateChild (package:flutter/src/widgets/framework.dart:4037)
I/flutter (31304): #66     SingleChildRenderObjectElement.update (package:flutter/src/widgets/framework.dart:7122)
I/flutter (31304): #67     Element.updateChild (package:flutter/src/widgets/framework.dart:4037)
I/flutter (31304): #68     ComponentElement.performRebuild (package:flutter/src/widgets/framework.dart:5841)
I/flutter (31304): #69     Element.rebuild (package:flutter/src/widgets/framework.dart:5529)
I/flutter (31304): #70     ProxyElement.update (package:flutter/src/widgets/framework.dart:6149)
I/flutter (31304): #71     Element.updateChild (package:flutter/src/widgets/framework.dart:4037)
I/flutter (31304): #72     SingleChildRenderObjectElement.update (package:flutter/src/widgets/framework.dart:7122)
I/flutter (31304): #73     Element.updateChild (package:flutter/src/widgets/framework.dart:4037)
I/flutter (31304): #74     ComponentElement.performRebuild (package:flutter/src/widgets/framework.dart:5841)
I/flutter (31304): #75     StatefulElement.performRebuild (package:flutter/src/widgets/framework.dart:5982)
I/flutter (31304): #76     Element.rebuild (package:flutter/src/widgets/framework.dart:5529)
I/flutter (31304): #77     StatefulElement.update (package:flutter/src/widgets/framework.dart:6007)
I/flutter (31304): #78     Element.updateChild (package:flutter/src/widgets/framework.dart:4037)
I/flutter (31304): #79     ComponentElement.performRebuild (package:flutter/src/widgets/framework.dart:5841)
I/flutter (31304): #80     StatefulElement.performRebuild (package:flutter/src/widgets/framework.dart:5982)
I/flutter (31304): #81     Element.rebuild (package:flutter/src/widgets/framework.dart:5529)
I/flutter (31304): #82     StatefulElement.update (package:flutter/src/widgets/framework.dart:6007)
I/flutter (31304): #83     Element.updateChild (package:flutter/src/widgets/framework.dart:4037)
I/flutter (31304): #84     ComponentElement.performRebuild (package:flutter/src/widgets/framework.dart:5841)
I/flutter (31304): #85     Element.rebuild (package:flutter/src/widgets/framework.dart:5529)
I/flutter (31304): #86     ProxyElement.update (package:flutter/src/widgets/framework.dart:6149)
I/flutter (31304): #87     Element.updateChild (package:flutter/src/widgets/framework.dart:4037)
I/flutter (31304): #88     ComponentElement.performRebuild (package:flutter/src/widgets/framework.dart:5841)
I/flutter (31304): #89     Element.rebuild (package:flutter/src/widgets/framework.dart:5529)
I/flutter (31304): #90     ProxyElement.update (package:flutter/src/widgets/framework.dart:6149)
I/flutter (31304): #91     Element.updateChild (package:flutter/src/widgets/framework.dart:4037)
I/flutter (31304): #92     ComponentElement.performRebuild (package:flutter/src/widgets/framework.dart:5841)
I/flutter (31304): #93     Element.rebuild (package:flutter/src/widgets/framework.dart:5529)
I/flutter (31304): #94     ProxyElement.update (package:flutter/src/widgets/framework.dart:6149)
I/flutter (31304): #95     Element.updateChild (package:flutter/src/widgets/framework.dart:4037)
I/flutter (31304): #96     ComponentElement.performRebuild (package:flutter/src/widgets/framework.dart:5841)
I/flutter (31304): #97     StatefulElement.performRebuild (package:flutter/src/widgets/framework.dart:5982)
I/flutter (31304): #98     Element.rebuild (package:flutter/src/widgets/framework.dart:5529)
I/flutter (31304): #99     StatefulElement.update (package:flutter/src/widgets/framework.dart:6007)
[spm]: ProfilerData event received.
I/flutter (31304): [SPM:perf] 698a51a  buildSpan: 9922µs
I/flutter (31304): [spm] Performance monitoring completed for 698a51a
I/flutter (31304): type '_Stub' is not a subtype of type 'EdgeInsetsGeometry?'
I/flutter (31304): #0      TextBox.build (package:benchmark_container/generated_widget.dart:184)
I/flutter (31304): #1      StatelessElement.build (package:flutter/src/widgets/framework.dart:5889)
I/flutter (31304): #2      ComponentElement.performRebuild (package:flutter/src/widgets/framework.dart:5817)
I/flutter (31304): #3      Element.rebuild (package:flutter/src/widgets/framework.dart:5529)
I/flutter (31304): #4      StatelessElement.update (package:flutter/src/widgets/framework.dart:5895)
I/flutter (31304): #5      Element.updateChild (package:flutter/src/widgets/framework.dart:4037)
I/flutter (31304): #6      Element.updateChildren (package:flutter/src/widgets/framework.dart:4191)
I/flutter (31304): #7      MultiChildRenderObjectElement.update (package:flutter/src/widgets/framework.dart:7295)
I/flutter (31304): #8      Element.updateChild (package:flutter/src/widgets/framework.dart:4037)
I/flutter (31304): #9      SingleChildRenderObjectElement.update (package:flutter/src/widgets/framework.dart:7122)
I/flutter (31304): #10     Element.updateChild (package:flutter/src/widgets/framework.dart:4037)
I/flutter (31304): #11     ComponentElement.performRebuild (package:flutter/src/widgets/framework.dart:5841)
I/flutter (31304): #12     Element.rebuild (package:flutter/src/widgets/framework.dart:5529)
I/flutter (31304): #13     StatelessElement.update (package:flutter/src/widgets/framework.dart:5895)
I/flutter (31304): #14     Element.updateChild (package:flutter/src/widgets/framework.dart:4037)
I/flutter (31304): #15     ComponentElement.performRebuild (package:flutter/src/widgets/framework.dart:5841)
I/flutter (31304): #16     Element.rebuild (package:flutter/src/widgets/framework.dart:5529)
I/flutter (31304): #17     ProxyElement.update (package:flutter/src/widgets/framework.dart:6149)
I/flutter (31304): #18     Element.updateChild (package:flutter/src/widgets/framework.dart:4037)
I/flutter (31304): #19     SingleChildRenderObjectElement.update (package:flutter/src/widgets/framework.dart:7122)
I/flutter (31304): #20     Element.updateChild (package:flutter/src/widgets/framework.dart:4037)
I/flutter (31304): #21     ComponentElement.performRebuild (package:flutter/src/widgets/framework.dart:5841)
I/flutter (31304): #22     Element.rebuild (package:flutter/src/widgets/framework.dart:5529)
I/flutter (31304): #23     StatelessElement.update (package:flutter/src/widgets/framework.dart:5895)
I/flutter (31304): #24     Element.updateChild (package:flutter/src/widgets/framework.dart:4037)
I/flutter (31304): #25     ComponentElement.performRebuild (package:flutter/src/widgets/framework.dart:5841)
I/flutter (31304): #26     Element.rebuild (package:flutter/src/widgets/framework.dart:5529)
I/flutter (31304): #27     StatelessElement.update (package:flutter/src/widgets/framework.dart:5895)
I/flutter (31304): #28     Element.updateChild (package:flutter/src/widgets/framework.dart:4037)
I/flutter (31304): #29     ComponentElement.performRebuild (package:flutter/src/widgets/framework.dart:5841)
I/flutter (31304): #30     Element.rebuild (package:flutter/src/widgets/framework.dart:5529)
I/flutter (31304): #31     StatelessElement.update (package:flutter/src/widgets/framework.dart:5895)
I/flutter (31304): #32     Element.updateChild (package:flutter/src/widgets/framework.dart:4037)
I/flutter (31304): #33     ComponentElement.performRebuild (package:flutter/src/widgets/framework.dart:5841)
I/flutter (31304): #34     Element.rebuild (package:flutter/src/widgets/framework.dart:5529)
I/flutter (31304): #35     ProxyElement.update (package:flutter/src/widgets/framework.dart:6149)
I/flutter (31304): #36     Element.updateChild (package:flutter/src/widgets/framework.dart:4037)
I/flutter (31304): #37     ComponentElement.performRebuild (package:flutter/src/widgets/framework.dart:5841)
I/flutter (31304): #38     Element.rebuild (package:flutter/src/widgets/framework.dart:5529)
I/flutter (31304): #39     ProxyElement.update (package:flutter/src/widgets/framework.dart:6149)
I/flutter (31304): #40     Element.updateChild (package:flutter/src/widgets/framework.dart:4037)
I/flutter (31304): #41     Element.updateChildren (package:flutter/src/widgets/framework.dart:4191)
I/flutter (31304): #42     MultiChildRenderObjectElement.update (package:flutter/src/widgets/framework.dart:7295)
I/flutter (31304): #43     Element.updateChild (package:flutter/src/widgets/framework.dart:4037)
I/flutter (31304): #44     ComponentElement.performRebuild (package:flutter/src/widgets/framework.dart:5841)
I/flutter (31304): #45     Element.rebuild (package:flutter/src/widgets/framework.dart:5529)
I/flutter (31304): #46     ProxyElement.update (package:flutter/src/widgets/framework.dart:6149)
I/flutter (31304): #47     Element.updateChild (package:flutter/src/widgets/framework.dart:4037)
I/flutter (31304): #48     ComponentElement.performRebuild (package:flutter/src/widgets/framework.dart:5841)
I/flutter (31304): #49     StatefulElement.performRebuild (package:flutter/src/widgets/framework.dart:5982)
I/flutter (31304): #50     Element.rebuild (package:flutter/src/widgets/framework.dart:5529)
I/flutter (31304): #51     StatefulElement.update (package:flutter/src/widgets/framework.dart:6007)
I/flutter (31304): #52     Element.updateChild (package:flutter/src/widgets/framework.dart:4037)
I/flutter (31304): #53     ComponentElement.performRebuild (package:flutter/src/widgets/framework.dart:5841)
I/flutter (31304): #54     Element.rebuild (package:flutter/src/widgets/framework.dart:5529)
I/flutter (31304): #55     StatelessElement.update (package:flutter/src/widgets/framework.dart:5895)
I/flutter (31304): #56     Element.updateChild (package:flutter/src/widgets/framework.dart:4037)
I/flutter (31304): #57     ComponentElement.performRebuild (package:flutter/src/widgets/framework.dart:5841)
I/flutter (31304): #58     Element.rebuild (package:flutter/src/widgets/framework.dart:5529)
I/flutter (31304): #59     ProxyElement.update (package:flutter/src/widgets/framework.dart:6149)
I/flutter (31304): #60     Element.updateChild (package:flutter/src/widgets/framework.dart:4037)
I/flutter (31304): #61     ComponentElement.performRebuild (package:flutter/src/widgets/framework.dart:5841)
I/flutter (31304): #62     StatefulElement.performRebuild (package:flutter/src/widgets/framework.dart:5982)
I/flutter (31304): #63     Element.rebuild (package:flutter/src/widgets/framework.dart:5529)
I/flutter (31304): #64     StatefulElement.update (package:flutter/src/widgets/framework.dart:6007)
I/flutter (31304): #65     Element.updateChild (package:flutter/src/widgets/framework.dart:4037)
I/flutter (31304): #66     SingleChildRenderObjectElement.update (package:flutter/src/widgets/framework.dart:7122)
I/flutter (31304): #67     Element.updateChild (package:flutter/src/widgets/framework.dart:4037)
I/flutter (31304): #68     ComponentElement.performRebuild (package:flutter/src/widgets/framework.dart:5841)
I/flutter (31304): #69     Element.rebuild (package:flutter/src/widgets/framework.dart:5529)
I/flutter (31304): #70     ProxyElement.update (package:flutter/src/widgets/framework.dart:6149)
I/flutter (31304): #71     Element.updateChild (package:flutter/src/widgets/framework.dart:4037)
I/flutter (31304): #72     SingleChildRenderObjectElement.update (package:flutter/src/widgets/framework.dart:7122)
I/flutter (31304): #73     Element.updateChild (package:flutter/src/widgets/framework.dart:4037)
I/flutter (31304): #74     ComponentElement.performRebuild (package:flutter/src/widgets/framework.dart:5841)
I/flutter (31304): #75     StatefulElement.performRebuild (package:flutter/src/widgets/framework.dart:5982)
I/flutter (31304): #76     Element.rebuild (package:flutter/src/widgets/framework.dart:5529)
I/flutter (31304): #77     StatefulElement.update (package:flutter/src/widgets/framework.dart:6007)
I/flutter (31304): #78     Element.updateChild (package:flutter/src/widgets/framework.dart:4037)
I/flutter (31304): #79     ComponentElement.performRebuild (package:flutter/src/widgets/framework.dart:5841)
I/flutter (31304): #80     StatefulElement.performRebuild (package:flutter/src/widgets/framework.dart:5982)
I/flutter (31304): #81     Element.rebuild (package:flutter/src/widgets/framework.dart:5529)
I/flutter (31304): #82     StatefulElement.update (package:flutter/src/widgets/framework.dart:6007)
I/flutter (31304): #83     Element.updateChild (package:flutter/src/widgets/framework.dart:4037)
I/flutter (31304): #84     ComponentElement.performRebuild (package:flutter/src/widgets/framework.dart:5841)
I/flutter (31304): #85     Element.rebuild (package:flutter/src/widgets/framework.dart:5529)
I/flutter (31304): #86     ProxyElement.update (package:flutter/src/widgets/framework.dart:6149)
I/flutter (31304): #87     Element.updateChild (package:flutter/src/widgets/framework.dart:4037)
I/flutter (31304): #88     ComponentElement.performRebuild (package:flutter/src/widgets/framework.dart:5841)
I/flutter (31304): #89     Element.rebuild (package:flutter/src/widgets/framework.dart:5529)
I/flutter (31304): #90     ProxyElement.update (package:flutter/src/widgets/framework.dart:6149)
I/flutter (31304): #91     Element.updateChild (package:flutter/src/widgets/framework.dart:4037)
I/flutter (31304): #92     ComponentElement.performRebuild (package:flutter/src/widgets/framework.dart:5841)
I/flutter (31304): #93     Element.rebuild (package:flutter/src/widgets/framework.dart:5529)
I/flutter (31304): #94     ProxyElement.update (package:flutter/src/widgets/framework.dart:6149)
I/flutter (31304): #95     Element.updateChild (package:flutter/src/widgets/framework.dart:4037)
I/flutter (31304): #96     ComponentElement.performRebuild (package:flutter/src/widgets/framework.dart:5841)
I/flutter (31304): #97     StatefulElement.performRebuild (package:flutter/src/widgets/framework.dart:5982)
I/flutter (31304): #98     Element.rebuild (package:flutter/src/widgets/framework.dart:5529)
I/flutter (31304): #99     StatefulElement.update (package:flutter/src/widgets/framework.dart:6007)
[spm]: ProfilerData event received.
I/flutter (31304): [SPM:perf] 698a51a  buildSpan: 10726µs
I/flutter (31304): [spm] Performance monitoring completed for 698a51a
I/flutter (31304): type '_Stub' is not a subtype of type 'EdgeInsetsGeometry?'
I/flutter (31304): #0      TextBox.build (package:benchmark_container/generated_widget.dart:184)
I/flutter (31304): #1      StatelessElement.build (package:flutter/src/widgets/framework.dart:5889)
I/flutter (31304): #2      ComponentElement.performRebuild (package:flutter/src/widgets/framework.dart:5817)
I/flutter (31304): #3      Element.rebuild (package:flutter/src/widgets/framework.dart:5529)
I/flutter (31304): #4      StatelessElement.update (package:flutter/src/widgets/framework.dart:5895)
I/flutter (31304): #5      Element.updateChild (package:flutter/src/widgets/framework.dart:4037)
I/flutter (31304): #6      Element.updateChildren (package:flutter/src/widgets/framework.dart:4191)
I/flutter (31304): #7      MultiChildRenderObjectElement.update (package:flutter/src/widgets/framework.dart:7295)
I/flutter (31304): #8      Element.updateChild (package:flutter/src/widgets/framework.dart:4037)
I/flutter (31304): #9      SingleChildRenderObjectElement.update (package:flutter/src/widgets/framework.dart:7122)
I/flutter (31304): #10     Element.updateChild (package:flutter/src/widgets/framework.dart:4037)
I/flutter (31304): #11     ComponentElement.performRebuild (package:flutter/src/widgets/framework.dart:5841)
I/flutter (31304): #12     Element.rebuild (package:flutter/src/widgets/framework.dart:5529)
I/flutter (31304): #13     StatelessElement.update (package:flutter/src/widgets/framework.dart:5895)
I/flutter (31304): #14     Element.updateChild (package:flutter/src/widgets/framework.dart:4037)
I/flutter (31304): #15     ComponentElement.performRebuild (package:flutter/src/widgets/framework.dart:5841)
I/flutter (31304): #16     Element.rebuild (package:flutter/src/widgets/framework.dart:5529)
I/flutter (31304): #17     ProxyElement.update (package:flutter/src/widgets/framework.dart:6149)
I/flutter (31304): #18     Element.updateChild (package:flutter/src/widgets/framework.dart:4037)
I/flutter (31304): #19     SingleChildRenderObjectElement.update (package:flutter/src/widgets/framework.dart:7122)
I/flutter (31304): #20     Element.updateChild (package:flutter/src/widgets/framework.dart:4037)
I/flutter (31304): #21     ComponentElement.performRebuild (package:flutter/src/widgets/framework.dart:5841)
I/flutter (31304): #22     Element.rebuild (package:flutter/src/widgets/framework.dart:5529)
I/flutter (31304): #23     StatelessElement.update (package:flutter/src/widgets/framework.dart:5895)
I/flutter (31304): #24     Element.updateChild (package:flutter/src/widgets/framework.dart:4037)
I/flutter (31304): #25     ComponentElement.performRebuild (package:flutter/src/widgets/framework.dart:5841)
I/flutter (31304): #26     Element.rebuild (package:flutter/src/widgets/framework.dart:5529)
I/flutter (31304): #27     StatelessElement.update (package:flutter/src/widgets/framework.dart:5895)
I/flutter (31304): #28     Element.updateChild (package:flutter/src/widgets/framework.dart:4037)
I/flutter (31304): #29     ComponentElement.performRebuild (package:flutter/src/widgets/framework.dart:5841)
I/flutter (31304): #30     Element.rebuild (package:flutter/src/widgets/framework.dart:5529)
I/flutter (31304): #31     StatelessElement.update (package:flutter/src/widgets/framework.dart:5895)
I/flutter (31304): #32     Element.updateChild (package:flutter/src/widgets/framework.dart:4037)
I/flutter (31304): #33     ComponentElement.performRebuild (package:flutter/src/widgets/framework.dart:5841)
I/flutter (31304): #34     Element.rebuild (package:flutter/src/widgets/framework.dart:5529)
I/flutter (31304): #35     ProxyElement.update (package:flutter/src/widgets/framework.dart:6149)
I/flutter (31304): #36     Element.updateChild (package:flutter/src/widgets/framework.dart:4037)
I/flutter (31304): #37     ComponentElement.performRebuild (package:flutter/src/widgets/framework.dart:5841)
I/flutter (31304): #38     Element.rebuild (package:flutter/src/widgets/framework.dart:5529)
I/flutter (31304): #39     ProxyElement.update (package:flutter/src/widgets/framework.dart:6149)
I/flutter (31304): #40     Element.updateChild (package:flutter/src/widgets/framework.dart:4037)
I/flutter (31304): #41     Element.updateChildren (package:flutter/src/widgets/framework.dart:4191)
I/flutter (31304): #42     MultiChildRenderObjectElement.update (package:flutter/src/widgets/framework.dart:7295)
I/flutter (31304): #43     Element.updateChild (package:flutter/src/widgets/framework.dart:4037)
I/flutter (31304): #44     ComponentElement.performRebuild (package:flutter/src/widgets/framework.dart:5841)
I/flutter (31304): #45     Element.rebuild (package:flutter/src/widgets/framework.dart:5529)
I/flutter (31304): #46     ProxyElement.update (package:flutter/src/widgets/framework.dart:6149)
I/flutter (31304): #47     Element.updateChild (package:flutter/src/widgets/framework.dart:4037)
I/flutter (31304): #48     ComponentElement.performRebuild (package:flutter/src/widgets/framework.dart:5841)
I/flutter (31304): #49     StatefulElement.performRebuild (package:flutter/src/widgets/framework.dart:5982)
I/flutter (31304): #50     Element.rebuild (package:flutter/src/widgets/framework.dart:5529)
I/flutter (31304): #51     StatefulElement.update (package:flutter/src/widgets/framework.dart:6007)
I/flutter (31304): #52     Element.updateChild (package:flutter/src/widgets/framework.dart:4037)
I/flutter (31304): #53     ComponentElement.performRebuild (package:flutter/src/widgets/framework.dart:5841)
I/flutter (31304): #54     Element.rebuild (package:flutter/src/widgets/framework.dart:5529)
I/flutter (31304): #55     StatelessElement.update (package:flutter/src/widgets/framework.dart:5895)
I/flutter (31304): #56     Element.updateChild (package:flutter/src/widgets/framework.dart:4037)
I/flutter (31304): #57     ComponentElement.performRebuild (package:flutter/src/widgets/framework.dart:5841)
I/flutter (31304): #58     Element.rebuild (package:flutter/src/widgets/framework.dart:5529)
I/flutter (31304): #59     ProxyElement.update (package:flutter/src/widgets/framework.dart:6149)
I/flutter (31304): #60     Element.updateChild (package:flutter/src/widgets/framework.dart:4037)
I/flutter (31304): #61     ComponentElement.performRebuild (package:flutter/src/widgets/framework.dart:5841)
I/flutter (31304): #62     StatefulElement.performRebuild (package:flutter/src/widgets/framework.dart:5982)
I/flutter (31304): #63     Element.rebuild (package:flutter/src/widgets/framework.dart:5529)
I/flutter (31304): #64     StatefulElement.update (package:flutter/src/widgets/framework.dart:6007)
I/flutter (31304): #65     Element.updateChild (package:flutter/src/widgets/framework.dart:4037)
I/flutter (31304): #66     SingleChildRenderObjectElement.update (package:flutter/src/widgets/framework.dart:7122)
I/flutter (31304): #67     Element.updateChild (package:flutter/src/widgets/framework.dart:4037)
I/flutter (31304): #68     ComponentElement.performRebuild (package:flutter/src/widgets/framework.dart:5841)
I/flutter (31304): #69     Element.rebuild (package:flutter/src/widgets/framework.dart:5529)
I/flutter (31304): #70     ProxyElement.update (package:flutter/src/widgets/framework.dart:6149)
I/flutter (31304): #71     Element.updateChild (package:flutter/src/widgets/framework.dart:4037)
I/flutter (31304): #72     SingleChildRenderObjectElement.update (package:flutter/src/widgets/framework.dart:7122)
I/flutter (31304): #73     Element.updateChild (package:flutter/src/widgets/framework.dart:4037)
I/flutter (31304): #74     ComponentElement.performRebuild (package:flutter/src/widgets/framework.dart:5841)
I/flutter (31304): #75     StatefulElement.performRebuild (package:flutter/src/widgets/framework.dart:5982)
I/flutter (31304): #76     Element.rebuild (package:flutter/src/widgets/framework.dart:5529)
I/flutter (31304): #77     StatefulElement.update (package:flutter/src/widgets/framework.dart:6007)
I/flutter (31304): #78     Element.updateChild (package:flutter/src/widgets/framework.dart:4037)
I/flutter (31304): #79     ComponentElement.performRebuild (package:flutter/src/widgets/framework.dart:5841)
I/flutter (31304): #80     StatefulElement.performRebuild (package:flutter/src/widgets/framework.dart:5982)
I/flutter (31304): #81     Element.rebuild (package:flutter/src/widgets/framework.dart:5529)
I/flutter (31304): #82     StatefulElement.update (package:flutter/src/widgets/framework.dart:6007)
I/flutter (31304): #83     Element.updateChild (package:flutter/src/widgets/framework.dart:4037)
I/flutter (31304): #84     ComponentElement.performRebuild (package:flutter/src/widgets/framework.dart:5841)
I/flutter (31304): #85     Element.rebuild (package:flutter/src/widgets/framework.dart:5529)
I/flutter (31304): #86     ProxyElement.update (package:flutter/src/widgets/framework.dart:6149)
I/flutter (31304): #87     Element.updateChild (package:flutter/src/widgets/framework.dart:4037)
I/flutter (31304): #88     ComponentElement.performRebuild (package:flutter/src/widgets/framework.dart:5841)
I/flutter (31304): #89     Element.rebuild (package:flutter/src/widgets/framework.dart:5529)
I/flutter (31304): #90     ProxyElement.update (package:flutter/src/widgets/framework.dart:6149)
I/flutter (31304): #91     Element.updateChild (package:flutter/src/widgets/framework.dart:4037)
I/flutter (31304): #92     ComponentElement.performRebuild (package:flutter/src/widgets/framework.dart:5841)
I/flutter (31304): #93     Element.rebuild (package:flutter/src/widgets/framework.dart:5529)
I/flutter (31304): #94     ProxyElement.update (package:flutter/src/widgets/framework.dart:6149)
I/flutter (31304): #95     Element.updateChild (package:flutter/src/widgets/framework.dart:4037)
I/flutter (31304): #96     ComponentElement.performRebuild (package:flutter/src/widgets/framework.dart:5841)
I/flutter (31304): #97     StatefulElement.performRebuild (package:flutter/src/widgets/framework.dart:5982)
I/flutter (31304): #98     Element.rebuild (package:flutter/src/widgets/framework.dart:5529)
I/flutter (31304): #99     StatefulElement.update (package:flutter/src/widgets/framework.dart:6007)
I/flutter (31304): [SPM:perf] 698a51a  buildSpan: 9458µs
I/flutter (31304): [spm] Performance monitoring completed for 698a51a
[spm]: ProfilerData event received.
I/flutter (31304): type '_Stub' is not a subtype of type 'EdgeInsetsGeometry?'
I/flutter (31304): #0      TextBox.build (package:benchmark_container/generated_widget.dart:184)
I/flutter (31304): #1      StatelessElement.build (package:flutter/src/widgets/framework.dart:5889)
I/flutter (31304): #2      ComponentElement.performRebuild (package:flutter/src/widgets/framework.dart:5817)
I/flutter (31304): #3      Element.rebuild (package:flutter/src/widgets/framework.dart:5529)
I/flutter (31304): #4      StatelessElement.update (package:flutter/src/widgets/framework.dart:5895)
I/flutter (31304): #5      Element.updateChild (package:flutter/src/widgets/framework.dart:4037)
I/flutter (31304): #6      Element.updateChildren (package:flutter/src/widgets/framework.dart:4191)
I/flutter (31304): #7      MultiChildRenderObjectElement.update (package:flutter/src/widgets/framework.dart:7295)
I/flutter (31304): #8      Element.updateChild (package:flutter/src/widgets/framework.dart:4037)
I/flutter (31304): #9      SingleChildRenderObjectElement.update (package:flutter/src/widgets/framework.dart:7122)
I/flutter (31304): #10     Element.updateChild (package:flutter/src/widgets/framework.dart:4037)
I/flutter (31304): #11     ComponentElement.performRebuild (package:flutter/src/widgets/framework.dart:5841)
I/flutter (31304): #12     Element.rebuild (package:flutter/src/widgets/framework.dart:5529)
I/flutter (31304): #13     StatelessElement.update (package:flutter/src/widgets/framework.dart:5895)
I/flutter (31304): #14     Element.updateChild (package:flutter/src/widgets/framework.dart:4037)
I/flutter (31304): #15     ComponentElement.performRebuild (package:flutter/src/widgets/framework.dart:5841)
I/flutter (31304): #16     Element.rebuild (package:flutter/src/widgets/framework.dart:5529)
I/flutter (31304): #17     ProxyElement.update (package:flutter/src/widgets/framework.dart:6149)
I/flutter (31304): #18     Element.updateChild (package:flutter/src/widgets/framework.dart:4037)
I/flutter (31304): #19     SingleChildRenderObjectElement.update (package:flutter/src/widgets/framework.dart:7122)
I/flutter (31304): #20     Element.updateChild (package:flutter/src/widgets/framework.dart:4037)
I/flutter (31304): #21     ComponentElement.performRebuild (package:flutter/src/widgets/framework.dart:5841)
I/flutter (31304): #22     Element.rebuild (package:flutter/src/widgets/framework.dart:5529)
I/flutter (31304): #23     StatelessElement.update (package:flutter/src/widgets/framework.dart:5895)
I/flutter (31304): #24     Element.updateChild (package:flutter/src/widgets/framework.dart:4037)
I/flutter (31304): #25     ComponentElement.performRebuild (package:flutter/src/widgets/framework.dart:5841)
I/flutter (31304): #26     Element.rebuild (package:flutter/src/widgets/framework.dart:5529)
I/flutter (31304): #27     StatelessElement.update (package:flutter/src/widgets/framework.dart:5895)
I/flutter (31304): #28     Element.updateChild (package:flutter/src/widgets/framework.dart:4037)
I/flutter (31304): #29     ComponentElement.performRebuild (package:flutter/src/widgets/framework.dart:5841)
I/flutter (31304): #30     Element.rebuild (package:flutter/src/widgets/framework.dart:5529)
I/flutter (31304): #31     StatelessElement.update (package:flutter/src/widgets/framework.dart:5895)
I/flutter (31304): #32     Element.updateChild (package:flutter/src/widgets/framework.dart:4037)
I/flutter (31304): #33     ComponentElement.performRebuild (package:flutter/src/widgets/framework.dart:5841)
I/flutter (31304): #34     Element.rebuild (package:flutter/src/widgets/framework.dart:5529)
I/flutter (31304): #35     ProxyElement.update (package:flutter/src/widgets/framework.dart:6149)
I/flutter (31304): #36     Element.updateChild (package:flutter/src/widgets/framework.dart:4037)
I/flutter (31304): #37     ComponentElement.performRebuild (package:flutter/src/widgets/framework.dart:5841)
I/flutter (31304): #38     Element.rebuild (package:flutter/src/widgets/framework.dart:5529)
I/flutter (31304): #39     ProxyElement.update (package:flutter/src/widgets/framework.dart:6149)
I/flutter (31304): #40     Element.updateChild (package:flutter/src/widgets/framework.dart:4037)
I/flutter (31304): #41     Element.updateChildren (package:flutter/src/widgets/framework.dart:4191)
I/flutter (31304): #42     MultiChildRenderObjectElement.update (package:flutter/src/widgets/framework.dart:7295)
I/flutter (31304): #43     Element.updateChild (package:flutter/src/widgets/framework.dart:4037)
I/flutter (31304): #44     ComponentElement.performRebuild (package:flutter/src/widgets/framework.dart:5841)
I/flutter (31304): #45     Element.rebuild (package:flutter/src/widgets/framework.dart:5529)
I/flutter (31304): #46     ProxyElement.update (package:flutter/src/widgets/framework.dart:6149)
I/flutter (31304): #47     Element.updateChild (package:flutter/src/widgets/framework.dart:4037)
I/flutter (31304): #48     ComponentElement.performRebuild (package:flutter/src/widgets/framework.dart:5841)
I/flutter (31304): #49     StatefulElement.performRebuild (package:flutter/src/widgets/framework.dart:5982)
I/flutter (31304): #50     Element.rebuild (package:flutter/src/widgets/framework.dart:5529)
I/flutter (31304): #51     StatefulElement.update (package:flutter/src/widgets/framework.dart:6007)
I/flutter (31304): #52     Element.updateChild (package:flutter/src/widgets/framework.dart:4037)
I/flutter (31304): #53     ComponentElement.performRebuild (package:flutter/src/widgets/framework.dart:5841)
I/flutter (31304): #54     Element.rebuild (package:flutter/src/widgets/framework.dart:5529)
I/flutter (31304): #55     StatelessElement.update (package:flutter/src/widgets/framework.dart:5895)
I/flutter (31304): #56     Element.updateChild (package:flutter/src/widgets/framework.dart:4037)
I/flutter (31304): #57     ComponentElement.performRebuild (package:flutter/src/widgets/framework.dart:5841)
I/flutter (31304): #58     Element.rebuild (package:flutter/src/widgets/framework.dart:5529)
I/flutter (31304): #59     ProxyElement.update (package:flutter/src/widgets/framework.dart:6149)
I/flutter (31304): #60     Element.updateChild (package:flutter/src/widgets/framework.dart:4037)
I/flutter (31304): #61     ComponentElement.performRebuild (package:flutter/src/widgets/framework.dart:5841)
I/flutter (31304): #62     StatefulElement.performRebuild (package:flutter/src/widgets/framework.dart:5982)
I/flutter (31304): #63     Element.rebuild (package:flutter/src/widgets/framework.dart:5529)
I/flutter (31304): #64     StatefulElement.update (package:flutter/src/widgets/framework.dart:6007)
I/flutter (31304): #65     Element.updateChild (package:flutter/src/widgets/framework.dart:4037)
I/flutter (31304): #66     SingleChildRenderObjectElement.update (package:flutter/src/widgets/framework.dart:7122)
I/flutter (31304): #67     Element.updateChild (package:flutter/src/widgets/framework.dart:4037)
I/flutter (31304): #68     ComponentElement.performRebuild (package:flutter/src/widgets/framework.dart:5841)
I/flutter (31304): #69     Element.rebuild (package:flutter/src/widgets/framework.dart:5529)
I/flutter (31304): #70     ProxyElement.update (package:flutter/src/widgets/framework.dart:6149)
I/flutter (31304): #71     Element.updateChild (package:flutter/src/widgets/framework.dart:4037)
I/flutter (31304): #72     SingleChildRenderObjectElement.update (package:flutter/src/widgets/framework.dart:7122)
I/flutter (31304): #73     Element.updateChild (package:flutter/src/widgets/framework.dart:4037)
I/flutter (31304): #74     ComponentElement.performRebuild (package:flutter/src/widgets/framework.dart:5841)
I/flutter (31304): #75     StatefulElement.performRebuild (package:flutter/src/widgets/framework.dart:5982)
I/flutter (31304): #76     Element.rebuild (package:flutter/src/widgets/framework.dart:5529)
I/flutter (31304): #77     StatefulElement.update (package:flutter/src/widgets/framework.dart:6007)
I/flutter (31304): #78     Element.updateChild (package:flutter/src/widgets/framework.dart:4037)
I/flutter (31304): #79     ComponentElement.performRebuild (package:flutter/src/widgets/framework.dart:5841)
I/flutter (31304): #80     StatefulElement.performRebuild (package:flutter/src/widgets/framework.dart:5982)
I/flutter (31304): #81     Element.rebuild (package:flutter/src/widgets/framework.dart:5529)
I/flutter (31304): #82     StatefulElement.update (package:flutter/src/widgets/framework.dart:6007)
I/flutter (31304): #83     Element.updateChild (package:flutter/src/widgets/framework.dart:4037)
I/flutter (31304): #84     ComponentElement.performRebuild (package:flutter/src/widgets/framework.dart:5841)
I/flutter (31304): #85     Element.rebuild (package:flutter/src/widgets/framework.dart:5529)
I/flutter (31304): #86     ProxyElement.update (package:flutter/src/widgets/framework.dart:6149)
I/flutter (31304): #87     Element.updateChild (package:flutter/src/widgets/framework.dart:4037)
I/flutter (31304): #88     ComponentElement.performRebuild (package:flutter/src/widgets/framework.dart:5841)
I/flutter (31304): #89     Element.rebuild (package:flutter/src/widgets/framework.dart:5529)
I/flutter (31304): #90     ProxyElement.update (package:flutter/src/widgets/framework.dart:6149)
I/flutter (31304): #91     Element.updateChild (package:flutter/src/widgets/framework.dart:4037)
I/flutter (31304): #92     ComponentElement.performRebuild (package:flutter/src/widgets/framework.dart:5841)
I/flutter (31304): #93     Element.rebuild (package:flutter/src/widgets/framework.dart:5529)
I/flutter (31304): #94     ProxyElement.update (package:flutter/src/widgets/framework.dart:6149)
I/flutter (31304): #95     Element.updateChild (package:flutter/src/widgets/framework.dart:4037)
I/flutter (31304): #96     ComponentElement.performRebuild (package:flutter/src/widgets/framework.dart:5841)
I/flutter (31304): #97     StatefulElement.performRebuild (package:flutter/src/widgets/framework.dart:5982)
I/flutter (31304): #98     Element.rebuild (package:flutter/src/widgets/framework.dart:5529)
I/flutter (31304): #99     StatefulElement.update (package:flutter/src/widgets/framework.dart:6007)
I/flutter (31304): [SPM:perf] 698a51a  buildSpan: 9786µs
I/flutter (31304): [spm] Performance monitoring completed for 698a51a
[spm]: ProfilerData event received.
I/flutter (31304): type '_Stub' is not a subtype of type 'EdgeInsetsGeometry?'
I/flutter (31304): #0      TextBox.build (package:benchmark_container/generated_widget.dart:184)
I/flutter (31304): #1      StatelessElement.build (package:flutter/src/widgets/framework.dart:5889)
I/flutter (31304): #2      ComponentElement.performRebuild (package:flutter/src/widgets/framework.dart:5817)
I/flutter (31304): #3      Element.rebuild (package:flutter/src/widgets/framework.dart:5529)
I/flutter (31304): #4      StatelessElement.update (package:flutter/src/widgets/framework.dart:5895)
I/flutter (31304): #5      Element.updateChild (package:flutter/src/widgets/framework.dart:4037)
I/flutter (31304): #6      Element.updateChildren (package:flutter/src/widgets/framework.dart:4191)
I/flutter (31304): #7      MultiChildRenderObjectElement.update (package:flutter/src/widgets/framework.dart:7295)
I/flutter (31304): #8      Element.updateChild (package:flutter/src/widgets/framework.dart:4037)
I/flutter (31304): #9      SingleChildRenderObjectElement.update (package:flutter/src/widgets/framework.dart:7122)
I/flutter (31304): #10     Element.updateChild (package:flutter/src/widgets/framework.dart:4037)
I/flutter (31304): #11     ComponentElement.performRebuild (package:flutter/src/widgets/framework.dart:5841)
I/flutter (31304): #12     Element.rebuild (package:flutter/src/widgets/framework.dart:5529)
I/flutter (31304): #13     StatelessElement.update (package:flutter/src/widgets/framework.dart:5895)
I/flutter (31304): #14     Element.updateChild (package:flutter/src/widgets/framework.dart:4037)
I/flutter (31304): #15     ComponentElement.performRebuild (package:flutter/src/widgets/framework.dart:5841)
I/flutter (31304): #16     Element.rebuild (package:flutter/src/widgets/framework.dart:5529)
I/flutter (31304): #17     ProxyElement.update (package:flutter/src/widgets/framework.dart:6149)
I/flutter (31304): #18     Element.updateChild (package:flutter/src/widgets/framework.dart:4037)
I/flutter (31304): #19     SingleChildRenderObjectElement.update (package:flutter/src/widgets/framework.dart:7122)
I/flutter (31304): #20     Element.updateChild (package:flutter/src/widgets/framework.dart:4037)
I/flutter (31304): #21     ComponentElement.performRebuild (package:flutter/src/widgets/framework.dart:5841)
I/flutter (31304): #22     Element.rebuild (package:flutter/src/widgets/framework.dart:5529)
I/flutter (31304): #23     StatelessElement.update (package:flutter/src/widgets/framework.dart:5895)
I/flutter (31304): #24     Element.updateChild (package:flutter/src/widgets/framework.dart:4037)
I/flutter (31304): #25     ComponentElement.performRebuild (package:flutter/src/widgets/framework.dart:5841)
I/flutter (31304): #26     Element.rebuild (package:flutter/src/widgets/framework.dart:5529)
I/flutter (31304): #27     StatelessElement.update (package:flutter/src/widgets/framework.dart:5895)
I/flutter (31304): #28     Element.updateChild (package:flutter/src/widgets/framework.dart:4037)
I/flutter (31304): #29     ComponentElement.performRebuild (package:flutter/src/widgets/framework.dart:5841)
I/flutter (31304): #30     Element.rebuild (package:flutter/src/widgets/framework.dart:5529)
I/flutter (31304): #31     StatelessElement.update (package:flutter/src/widgets/framework.dart:5895)
I/flutter (31304): #32     Element.updateChild (package:flutter/src/widgets/framework.dart:4037)
I/flutter (31304): #33     ComponentElement.performRebuild (package:flutter/src/widgets/framework.dart:5841)
I/flutter (31304): #34     Element.rebuild (package:flutter/src/widgets/framework.dart:5529)
I/flutter (31304): #35     ProxyElement.update (package:flutter/src/widgets/framework.dart:6149)
I/flutter (31304): #36     Element.updateChild (package:flutter/src/widgets/framework.dart:4037)
I/flutter (31304): #37     ComponentElement.performRebuild (package:flutter/src/widgets/framework.dart:5841)
I/flutter (31304): #38     Element.rebuild (package:flutter/src/widgets/framework.dart:5529)
I/flutter (31304): #39     ProxyElement.update (package:flutter/src/widgets/framework.dart:6149)
I/flutter (31304): #40     Element.updateChild (package:flutter/src/widgets/framework.dart:4037)
I/flutter (31304): #41     Element.updateChildren (package:flutter/src/widgets/framework.dart:4191)
I/flutter (31304): #42     MultiChildRenderObjectElement.update (package:flutter/src/widgets/framework.dart:7295)
I/flutter (31304): #43     Element.updateChild (package:flutter/src/widgets/framework.dart:4037)
I/flutter (31304): #44     ComponentElement.performRebuild (package:flutter/src/widgets/framework.dart:5841)
I/flutter (31304): #45     Element.rebuild (package:flutter/src/widgets/framework.dart:5529)
I/flutter (31304): #46     ProxyElement.update (package:flutter/src/widgets/framework.dart:6149)
I/flutter (31304): #47     Element.updateChild (package:flutter/src/widgets/framework.dart:4037)
I/flutter (31304): #48     ComponentElement.performRebuild (package:flutter/src/widgets/framework.dart:5841)
I/flutter (31304): #49     StatefulElement.performRebuild (package:flutter/src/widgets/framework.dart:5982)
I/flutter (31304): #50     Element.rebuild (package:flutter/src/widgets/framework.dart:5529)
I/flutter (31304): #51     StatefulElement.update (package:flutter/src/widgets/framework.dart:6007)
I/flutter (31304): #52     Element.updateChild (package:flutter/src/widgets/framework.dart:4037)
I/flutter (31304): #53     ComponentElement.performRebuild (package:flutter/src/widgets/framework.dart:5841)
I/flutter (31304): #54     Element.rebuild (package:flutter/src/widgets/framework.dart:5529)
I/flutter (31304): #55     StatelessElement.update (package:flutter/src/widgets/framework.dart:5895)
I/flutter (31304): #56     Element.updateChild (package:flutter/src/widgets/framework.dart:4037)
I/flutter (31304): #57     ComponentElement.performRebuild (package:flutter/src/widgets/framework.dart:5841)
I/flutter (31304): #58     Element.rebuild (package:flutter/src/widgets/framework.dart:5529)
I/flutter (31304): #59     ProxyElement.update (package:flutter/src/widgets/framework.dart:6149)
I/flutter (31304): #60     Element.updateChild (package:flutter/src/widgets/framework.dart:4037)
I/flutter (31304): #61     ComponentElement.performRebuild (package:flutter/src/widgets/framework.dart:5841)
I/flutter (31304): #62     StatefulElement.performRebuild (package:flutter/src/widgets/framework.dart:5982)
I/flutter (31304): #63     Element.rebuild (package:flutter/src/widgets/framework.dart:5529)
I/flutter (31304): #64     StatefulElement.update (package:flutter/src/widgets/framework.dart:6007)
I/flutter (31304): #65     Element.updateChild (package:flutter/src/widgets/framework.dart:4037)
I/flutter (31304): #66     SingleChildRenderObjectElement.update (package:flutter/src/widgets/framework.dart:7122)
I/flutter (31304): #67     Element.updateChild (package:flutter/src/widgets/framework.dart:4037)
I/flutter (31304): #68     ComponentElement.performRebuild (package:flutter/src/widgets/framework.dart:5841)
I/flutter (31304): #69     Element.rebuild (package:flutter/src/widgets/framework.dart:5529)
I/flutter (31304): #70     ProxyElement.update (package:flutter/src/widgets/framework.dart:6149)
I/flutter (31304): #71     Element.updateChild (package:flutter/src/widgets/framework.dart:4037)
I/flutter (31304): #72     SingleChildRenderObjectElement.update (package:flutter/src/widgets/framework.dart:7122)
I/flutter (31304): #73     Element.updateChild (package:flutter/src/widgets/framework.dart:4037)
I/flutter (31304): #74     ComponentElement.performRebuild (package:flutter/src/widgets/framework.dart:5841)
I/flutter (31304): #75     StatefulElement.performRebuild (package:flutter/src/widgets/framework.dart:5982)
I/flutter (31304): #76     Element.rebuild (package:flutter/src/widgets/framework.dart:5529)
I/flutter (31304): #77     StatefulElement.update (package:flutter/src/widgets/framework.dart:6007)
I/flutter (31304): #78     Element.updateChild (package:flutter/src/widgets/framework.dart:4037)
I/flutter (31304): #79     ComponentElement.performRebuild (package:flutter/src/widgets/framework.dart:5841)
I/flutter (31304): #80     StatefulElement.performRebuild (package:flutter/src/widgets/framework.dart:5982)
I/flutter (31304): #81     Element.rebuild (package:flutter/src/widgets/framework.dart:5529)
I/flutter (31304): #82     StatefulElement.update (package:flutter/src/widgets/framework.dart:6007)
I/flutter (31304): #83     Element.updateChild (package:flutter/src/widgets/framework.dart:4037)
I/flutter (31304): #84     ComponentElement.performRebuild (package:flutter/src/widgets/framework.dart:5841)
I/flutter (31304): #85     Element.rebuild (package:flutter/src/widgets/framework.dart:5529)
I/flutter (31304): #86     ProxyElement.update (package:flutter/src/widgets/framework.dart:6149)
I/flutter (31304): #87     Element.updateChild (package:flutter/src/widgets/framework.dart:4037)
I/flutter (31304): #88     ComponentElement.performRebuild (package:flutter/src/widgets/framework.dart:5841)
I/flutter (31304): #89     Element.rebuild (package:flutter/src/widgets/framework.dart:5529)
I/flutter (31304): #90     ProxyElement.update (package:flutter/src/widgets/framework.dart:6149)
I/flutter (31304): #91     Element.updateChild (package:flutter/src/widgets/framework.dart:4037)
I/flutter (31304): #92     ComponentElement.performRebuild (package:flutter/src/widgets/framework.dart:5841)
I/flutter (31304): #93     Element.rebuild (package:flutter/src/widgets/framework.dart:5529)
I/flutter (31304): #94     ProxyElement.update (package:flutter/src/widgets/framework.dart:6149)
I/flutter (31304): #95     Element.updateChild (package:flutter/src/widgets/framework.dart:4037)
I/flutter (31304): #96     ComponentElement.performRebuild (package:flutter/src/widgets/framework.dart:5841)
I/flutter (31304): #97     StatefulElement.performRebuild (package:flutter/src/widgets/framework.dart:5982)
I/flutter (31304): #98     Element.rebuild (package:flutter/src/widgets/framework.dart:5529)
I/flutter (31304): #99     StatefulElement.update (package:flutter/src/widgets/framework.dart:6007)
[spm]: ProfilerData event received.
I/flutter (31304): [SPM:perf] 698a51a  buildSpan: 9288µs
I/flutter (31304): [spm] Performance monitoring completed for 698a51a
I/flutter (31304): type '_Stub' is not a subtype of type 'EdgeInsetsGeometry?'
I/flutter (31304): #0      TextBox.build (package:benchmark_container/generated_widget.dart:184)
I/flutter (31304): #1      StatelessElement.build (package:flutter/src/widgets/framework.dart:5889)
I/flutter (31304): #2      ComponentElement.performRebuild (package:flutter/src/widgets/framework.dart:5817)
I/flutter (31304): #3      Element.rebuild (package:flutter/src/widgets/framework.dart:5529)
I/flutter (31304): #4      StatelessElement.update (package:flutter/src/widgets/framework.dart:5895)
I/flutter (31304): #5      Element.updateChild (package:flutter/src/widgets/framework.dart:4037)
I/flutter (31304): #6      Element.updateChildren (package:flutter/src/widgets/framework.dart:4191)
I/flutter (31304): #7      MultiChildRenderObjectElement.update (package:flutter/src/widgets/framework.dart:7295)
I/flutter (31304): #8      Element.updateChild (package:flutter/src/widgets/framework.dart:4037)
I/flutter (31304): #9      SingleChildRenderObjectElement.update (package:flutter/src/widgets/framework.dart:7122)
I/flutter (31304): #10     Element.updateChild (package:flutter/src/widgets/framework.dart:4037)
I/flutter (31304): #11     ComponentElement.performRebuild (package:flutter/src/widgets/framework.dart:5841)
I/flutter (31304): #12     Element.rebuild (package:flutter/src/widgets/framework.dart:5529)
I/flutter (31304): #13     StatelessElement.update (package:flutter/src/widgets/framework.dart:5895)
I/flutter (31304): #14     Element.updateChild (package:flutter/src/widgets/framework.dart:4037)
I/flutter (31304): #15     ComponentElement.performRebuild (package:flutter/src/widgets/framework.dart:5841)
I/flutter (31304): #16     Element.rebuild (package:flutter/src/widgets/framework.dart:5529)
I/flutter (31304): #17     ProxyElement.update (package:flutter/src/widgets/framework.dart:6149)
I/flutter (31304): #18     Element.updateChild (package:flutter/src/widgets/framework.dart:4037)
I/flutter (31304): #19     SingleChildRenderObjectElement.update (package:flutter/src/widgets/framework.dart:7122)
I/flutter (31304): #20     Element.updateChild (package:flutter/src/widgets/framework.dart:4037)
I/flutter (31304): #21     ComponentElement.performRebuild (package:flutter/src/widgets/framework.dart:5841)
I/flutter (31304): #22     Element.rebuild (package:flutter/src/widgets/framework.dart:5529)
I/flutter (31304): #23     StatelessElement.update (package:flutter/src/widgets/framework.dart:5895)
I/flutter (31304): #24     Element.updateChild (package:flutter/src/widgets/framework.dart:4037)
I/flutter (31304): #25     ComponentElement.performRebuild (package:flutter/src/widgets/framework.dart:5841)
I/flutter (31304): #26     Element.rebuild (package:flutter/src/widgets/framework.dart:5529)
I/flutter (31304): #27     StatelessElement.update (package:flutter/src/widgets/framework.dart:5895)
I/flutter (31304): #28     Element.updateChild (package:flutter/src/widgets/framework.dart:4037)
I/flutter (31304): #29     ComponentElement.performRebuild (package:flutter/src/widgets/framework.dart:5841)
I/flutter (31304): #30     Element.rebuild (package:flutter/src/widgets/framework.dart:5529)
I/flutter (31304): #31     StatelessElement.update (package:flutter/src/widgets/framework.dart:5895)
I/flutter (31304): #32     Element.updateChild (package:flutter/src/widgets/framework.dart:4037)
I/flutter (31304): #33     ComponentElement.performRebuild (package:flutter/src/widgets/framework.dart:5841)
I/flutter (31304): #34     Element.rebuild (package:flutter/src/widgets/framework.dart:5529)
I/flutter (31304): #35     ProxyElement.update (package:flutter/src/widgets/framework.dart:6149)
I/flutter (31304): #36     Element.updateChild (package:flutter/src/widgets/framework.dart:4037)
I/flutter (31304): #37     ComponentElement.performRebuild (package:flutter/src/widgets/framework.dart:5841)
I/flutter (31304): #38     Element.rebuild (package:flutter/src/widgets/framework.dart:5529)
I/flutter (31304): #39     ProxyElement.update (package:flutter/src/widgets/framework.dart:6149)
I/flutter (31304): #40     Element.updateChild (package:flutter/src/widgets/framework.dart:4037)
I/flutter (31304): #41     Element.updateChildren (package:flutter/src/widgets/framework.dart:4191)
I/flutter (31304): #42     MultiChildRenderObjectElement.update (package:flutter/src/widgets/framework.dart:7295)
I/flutter (31304): #43     Element.updateChild (package:flutter/src/widgets/framework.dart:4037)
I/flutter (31304): #44     ComponentElement.performRebuild (package:flutter/src/widgets/framework.dart:5841)
I/flutter (31304): #45     Element.rebuild (package:flutter/src/widgets/framework.dart:5529)
I/flutter (31304): #46     ProxyElement.update (package:flutter/src/widgets/framework.dart:6149)
I/flutter (31304): #47     Element.updateChild (package:flutter/src/widgets/framework.dart:4037)
I/flutter (31304): #48     ComponentElement.performRebuild (package:flutter/src/widgets/framework.dart:5841)
I/flutter (31304): #49     StatefulElement.performRebuild (package:flutter/src/widgets/framework.dart:5982)
I/flutter (31304): #50     Element.rebuild (package:flutter/src/widgets/framework.dart:5529)
I/flutter (31304): #51     StatefulElement.update (package:flutter/src/widgets/framework.dart:6007)
I/flutter (31304): #52     Element.updateChild (package:flutter/src/widgets/framework.dart:4037)
I/flutter (31304): #53     ComponentElement.performRebuild (package:flutter/src/widgets/framework.dart:5841)
I/flutter (31304): #54     Element.rebuild (package:flutter/src/widgets/framework.dart:5529)
I/flutter (31304): #55     StatelessElement.update (package:flutter/src/widgets/framework.dart:5895)
I/flutter (31304): #56     Element.updateChild (package:flutter/src/widgets/framework.dart:4037)
I/flutter (31304): #57     ComponentElement.performRebuild (package:flutter/src/widgets/framework.dart:5841)
I/flutter (31304): #58     Element.rebuild (package:flutter/src/widgets/framework.dart:5529)
I/flutter (31304): #59     ProxyElement.update (package:flutter/src/widgets/framework.dart:6149)
I/flutter (31304): #60     Element.updateChild (package:flutter/src/widgets/framework.dart:4037)
I/flutter (31304): #61     ComponentElement.performRebuild (package:flutter/src/widgets/framework.dart:5841)
I/flutter (31304): #62     StatefulElement.performRebuild (package:flutter/src/widgets/framework.dart:5982)
I/flutter (31304): #63     Element.rebuild (package:flutter/src/widgets/framework.dart:5529)
I/flutter (31304): #64     StatefulElement.update (package:flutter/src/widgets/framework.dart:6007)
I/flutter (31304): #65     Element.updateChild (package:flutter/src/widgets/framework.dart:4037)
I/flutter (31304): #66     SingleChildRenderObjectElement.update (package:flutter/src/widgets/framework.dart:7122)
I/flutter (31304): #67     Element.updateChild (package:flutter/src/widgets/framework.dart:4037)
I/flutter (31304): #68     ComponentElement.performRebuild (package:flutter/src/widgets/framework.dart:5841)
I/flutter (31304): #69     Element.rebuild (package:flutter/src/widgets/framework.dart:5529)
I/flutter (31304): #70     ProxyElement.update (package:flutter/src/widgets/framework.dart:6149)
I/flutter (31304): #71     Element.updateChild (package:flutter/src/widgets/framework.dart:4037)
I/flutter (31304): #72     SingleChildRenderObjectElement.update (package:flutter/src/widgets/framework.dart:7122)
I/flutter (31304): #73     Element.updateChild (package:flutter/src/widgets/framework.dart:4037)
I/flutter (31304): #74     ComponentElement.performRebuild (package:flutter/src/widgets/framework.dart:5841)
I/flutter (31304): #75     StatefulElement.performRebuild (package:flutter/src/widgets/framework.dart:5982)
I/flutter (31304): #76     Element.rebuild (package:flutter/src/widgets/framework.dart:5529)
I/flutter (31304): #77     StatefulElement.update (package:flutter/src/widgets/framework.dart:6007)
I/flutter (31304): #78     Element.updateChild (package:flutter/src/widgets/framework.dart:4037)
I/flutter (31304): #79     ComponentElement.performRebuild (package:flutter/src/widgets/framework.dart:5841)
I/flutter (31304): #80     StatefulElement.performRebuild (package:flutter/src/widgets/framework.dart:5982)
I/flutter (31304): #81     Element.rebuild (package:flutter/src/widgets/framework.dart:5529)
I/flutter (31304): #82     StatefulElement.update (package:flutter/src/widgets/framework.dart:6007)
I/flutter (31304): #83     Element.updateChild (package:flutter/src/widgets/framework.dart:4037)
I/flutter (31304): #84     ComponentElement.performRebuild (package:flutter/src/widgets/framework.dart:5841)
I/flutter (31304): #85     Element.rebuild (package:flutter/src/widgets/framework.dart:5529)
I/flutter (31304): #86     ProxyElement.update (package:flutter/src/widgets/framework.dart:6149)
I/flutter (31304): #87     Element.updateChild (package:flutter/src/widgets/framework.dart:4037)
I/flutter (31304): #88     ComponentElement.performRebuild (package:flutter/src/widgets/framework.dart:5841)
I/flutter (31304): #89     Element.rebuild (package:flutter/src/widgets/framework.dart:5529)
I/flutter (31304): #90     ProxyElement.update (package:flutter/src/widgets/framework.dart:6149)
I/flutter (31304): #91     Element.updateChild (package:flutter/src/widgets/framework.dart:4037)
I/flutter (31304): #92     ComponentElement.performRebuild (package:flutter/src/widgets/framework.dart:5841)
I/flutter (31304): #93     Element.rebuild (package:flutter/src/widgets/framework.dart:5529)
I/flutter (31304): #94     ProxyElement.update (package:flutter/src/widgets/framework.dart:6149)
I/flutter (31304): #95     Element.updateChild (package:flutter/src/widgets/framework.dart:4037)
I/flutter (31304): #96     ComponentElement.performRebuild (package:flutter/src/widgets/framework.dart:5841)
I/flutter (31304): #97     StatefulElement.performRebuild (package:flutter/src/widgets/framework.dart:5982)
I/flutter (31304): #98     Element.rebuild (package:flutter/src/widgets/framework.dart:5529)
I/flutter (31304): #99     StatefulElement.update (package:flutter/src/widgets/framework.dart:6007)
[spm]: ProfilerData event received.
I/flutter (31304): [SPM:perf] 698a51a  buildSpan: 10423µs
I/flutter (31304): [spm] Performance monitoring completed for 698a51a
I/flutter (31304): type '_Stub' is not a subtype of type 'EdgeInsetsGeometry?'
I/flutter (31304): #0      TextBox.build (package:benchmark_container/generated_widget.dart:184)
I/flutter (31304): #1      StatelessElement.build (package:flutter/src/widgets/framework.dart:5889)
I/flutter (31304): #2      ComponentElement.performRebuild (package:flutter/src/widgets/framework.dart:5817)
I/flutter (31304): #3      Element.rebuild (package:flutter/src/widgets/framework.dart:5529)
I/flutter (31304): #4      StatelessElement.update (package:flutter/src/widgets/framework.dart:5895)
I/flutter (31304): #5      Element.updateChild (package:flutter/src/widgets/framework.dart:4037)
I/flutter (31304): #6      Element.updateChildren (package:flutter/src/widgets/framework.dart:4191)
I/flutter (31304): #7      MultiChildRenderObjectElement.update (package:flutter/src/widgets/framework.dart:7295)
I/flutter (31304): #8      Element.updateChild (package:flutter/src/widgets/framework.dart:4037)
I/flutter (31304): #9      SingleChildRenderObjectElement.update (package:flutter/src/widgets/framework.dart:7122)
I/flutter (31304): #10     Element.updateChild (package:flutter/src/widgets/framework.dart:4037)
I/flutter (31304): #11     ComponentElement.performRebuild (package:flutter/src/widgets/framework.dart:5841)
I/flutter (31304): #12     Element.rebuild (package:flutter/src/widgets/framework.dart:5529)
I/flutter (31304): #13     StatelessElement.update (package:flutter/src/widgets/framework.dart:5895)
I/flutter (31304): #14     Element.updateChild (package:flutter/src/widgets/framework.dart:4037)
I/flutter (31304): #15     ComponentElement.performRebuild (package:flutter/src/widgets/framework.dart:5841)
I/flutter (31304): #16     Element.rebuild (package:flutter/src/widgets/framework.dart:5529)
I/flutter (31304): #17     ProxyElement.update (package:flutter/src/widgets/framework.dart:6149)
I/flutter (31304): #18     Element.updateChild (package:flutter/src/widgets/framework.dart:4037)
I/flutter (31304): #19     SingleChildRenderObjectElement.update (package:flutter/src/widgets/framework.dart:7122)
I/flutter (31304): #20     Element.updateChild (package:flutter/src/widgets/framework.dart:4037)
I/flutter (31304): #21     ComponentElement.performRebuild (package:flutter/src/widgets/framework.dart:5841)
I/flutter (31304): #22     Element.rebuild (package:flutter/src/widgets/framework.dart:5529)
I/flutter (31304): #23     StatelessElement.update (package:flutter/src/widgets/framework.dart:5895)
I/flutter (31304): #24     Element.updateChild (package:flutter/src/widgets/framework.dart:4037)
I/flutter (31304): #25     ComponentElement.performRebuild (package:flutter/src/widgets/framework.dart:5841)
I/flutter (31304): #26     Element.rebuild (package:flutter/src/widgets/framework.dart:5529)
I/flutter (31304): #27     StatelessElement.update (package:flutter/src/widgets/framework.dart:5895)
I/flutter (31304): #28     Element.updateChild (package:flutter/src/widgets/framework.dart:4037)
I/flutter (31304): #29     ComponentElement.performRebuild (package:flutter/src/widgets/framework.dart:5841)
I/flutter (31304): #30     Element.rebuild (package:flutter/src/widgets/framework.dart:5529)
I/flutter (31304): #31     StatelessElement.update (package:flutter/src/widgets/framework.dart:5895)
I/flutter (31304): #32     Element.updateChild (package:flutter/src/widgets/framework.dart:4037)
I/flutter (31304): #33     ComponentElement.performRebuild (package:flutter/src/widgets/framework.dart:5841)
I/flutter (31304): #34     Element.rebuild (package:flutter/src/widgets/framework.dart:5529)
I/flutter (31304): #35     ProxyElement.update (package:flutter/src/widgets/framework.dart:6149)
I/flutter (31304): #36     Element.updateChild (package:flutter/src/widgets/framework.dart:4037)
I/flutter (31304): #37     ComponentElement.performRebuild (package:flutter/src/widgets/framework.dart:5841)
I/flutter (31304): #38     Element.rebuild (package:flutter/src/widgets/framework.dart:5529)
I/flutter (31304): #39     ProxyElement.update (package:flutter/src/widgets/framework.dart:6149)
I/flutter (31304): #40     Element.updateChild (package:flutter/src/widgets/framework.dart:4037)
I/flutter (31304): #41     Element.updateChildren (package:flutter/src/widgets/framework.dart:4191)
I/flutter (31304): #42     MultiChildRenderObjectElement.update (package:flutter/src/widgets/framework.dart:7295)
I/flutter (31304): #43     Element.updateChild (package:flutter/src/widgets/framework.dart:4037)
I/flutter (31304): #44     ComponentElement.performRebuild (package:flutter/src/widgets/framework.dart:5841)
I/flutter (31304): #45     Element.rebuild (package:flutter/src/widgets/framework.dart:5529)
I/flutter (31304): #46     ProxyElement.update (package:flutter/src/widgets/framework.dart:6149)
I/flutter (31304): #47     Element.updateChild (package:flutter/src/widgets/framework.dart:4037)
I/flutter (31304): #48     ComponentElement.performRebuild (package:flutter/src/widgets/framework.dart:5841)
I/flutter (31304): #49     StatefulElement.performRebuild (package:flutter/src/widgets/framework.dart:5982)
I/flutter (31304): #50     Element.rebuild (package:flutter/src/widgets/framework.dart:5529)
I/flutter (31304): #51     StatefulElement.update (package:flutter/src/widgets/framework.dart:6007)
I/flutter (31304): #52     Element.updateChild (package:flutter/src/widgets/framework.dart:4037)
I/flutter (31304): #53     ComponentElement.performRebuild (package:flutter/src/widgets/framework.dart:5841)
I/flutter (31304): #54     Element.rebuild (package:flutter/src/widgets/framework.dart:5529)
I/flutter (31304): #55     StatelessElement.update (package:flutter/src/widgets/framework.dart:5895)
I/flutter (31304): #56     Element.updateChild (package:flutter/src/widgets/framework.dart:4037)
I/flutter (31304): #57     ComponentElement.performRebuild (package:flutter/src/widgets/framework.dart:5841)
I/flutter (31304): #58     Element.rebuild (package:flutter/src/widgets/framework.dart:5529)
I/flutter (31304): #59     ProxyElement.update (package:flutter/src/widgets/framework.dart:6149)
I/flutter (31304): #60     Element.updateChild (package:flutter/src/widgets/framework.dart:4037)
I/flutter (31304): #61     ComponentElement.performRebuild (package:flutter/src/widgets/framework.dart:5841)
I/flutter (31304): #62     StatefulElement.performRebuild (package:flutter/src/widgets/framework.dart:5982)
I/flutter (31304): #63     Element.rebuild (package:flutter/src/widgets/framework.dart:5529)
I/flutter (31304): #64     StatefulElement.update (package:flutter/src/widgets/framework.dart:6007)
I/flutter (31304): #65     Element.updateChild (package:flutter/src/widgets/framework.dart:4037)
I/flutter (31304): #66     SingleChildRenderObjectElement.update (package:flutter/src/widgets/framework.dart:7122)
I/flutter (31304): #67     Element.updateChild (package:flutter/src/widgets/framework.dart:4037)
I/flutter (31304): #68     ComponentElement.performRebuild (package:flutter/src/widgets/framework.dart:5841)
I/flutter (31304): #69     Element.rebuild (package:flutter/src/widgets/framework.dart:5529)
I/flutter (31304): #70     ProxyElement.update (package:flutter/src/widgets/framework.dart:6149)
I/flutter (31304): #71     Element.updateChild (package:flutter/src/widgets/framework.dart:4037)
I/flutter (31304): #72     SingleChildRenderObjectElement.update (package:flutter/src/widgets/framework.dart:7122)
I/flutter (31304): #73     Element.updateChild (package:flutter/src/widgets/framework.dart:4037)
I/flutter (31304): #74     ComponentElement.performRebuild (package:flutter/src/widgets/framework.dart:5841)
I/flutter (31304): #75     StatefulElement.performRebuild (package:flutter/src/widgets/framework.dart:5982)
I/flutter (31304): #76     Element.rebuild (package:flutter/src/widgets/framework.dart:5529)
I/flutter (31304): #77     StatefulElement.update (package:flutter/src/widgets/framework.dart:6007)
I/flutter (31304): #78     Element.updateChild (package:flutter/src/widgets/framework.dart:4037)
I/flutter (31304): #79     ComponentElement.performRebuild (package:flutter/src/widgets/framework.dart:5841)
I/flutter (31304): #80     StatefulElement.performRebuild (package:flutter/src/widgets/framework.dart:5982)
I/flutter (31304): #81     Element.rebuild (package:flutter/src/widgets/framework.dart:5529)
I/flutter (31304): #82     StatefulElement.update (package:flutter/src/widgets/framework.dart:6007)
I/flutter (31304): #83     Element.updateChild (package:flutter/src/widgets/framework.dart:4037)
I/flutter (31304): #84     ComponentElement.performRebuild (package:flutter/src/widgets/framework.dart:5841)
I/flutter (31304): #85     Element.rebuild (package:flutter/src/widgets/framework.dart:5529)
I/flutter (31304): #86     ProxyElement.update (package:flutter/src/widgets/framework.dart:6149)
I/flutter (31304): #87     Element.updateChild (package:flutter/src/widgets/framework.dart:4037)
I/flutter (31304): #88     ComponentElement.performRebuild (package:flutter/src/widgets/framework.dart:5841)
I/flutter (31304): #89     Element.rebuild (package:flutter/src/widgets/framework.dart:5529)
I/flutter (31304): #90     ProxyElement.update (package:flutter/src/widgets/framework.dart:6149)
I/flutter (31304): #91     Element.updateChild (package:flutter/src/widgets/framework.dart:4037)
I/flutter (31304): #92     ComponentElement.performRebuild (package:flutter/src/widgets/framework.dart:5841)
I/flutter (31304): #93     Element.rebuild (package:flutter/src/widgets/framework.dart:5529)
I/flutter (31304): #94     ProxyElement.update (package:flutter/src/widgets/framework.dart:6149)
I/flutter (31304): #95     Element.updateChild (package:flutter/src/widgets/framework.dart:4037)
I/flutter (31304): #96     ComponentElement.performRebuild (package:flutter/src/widgets/framework.dart:5841)
I/flutter (31304): #97     StatefulElement.performRebuild (package:flutter/src/widgets/framework.dart:5982)
I/flutter (31304): #98     Element.rebuild (package:flutter/src/widgets/framework.dart:5529)
I/flutter (31304): #99     StatefulElement.update (package:flutter/src/widgets/framework.dart:6007)
I/flutter (31304): [SPM:perf] 698a51a  buildSpan: 9926µs
I/flutter (31304): [spm] Performance monitoring completed for 698a51a
[spm]: ProfilerData event received.
I/flutter (31304): type '_Stub' is not a subtype of type 'EdgeInsetsGeometry?'
I/flutter (31304): #0      TextBox.build (package:benchmark_container/generated_widget.dart:184)
I/flutter (31304): #1      StatelessElement.build (package:flutter/src/widgets/framework.dart:5889)
I/flutter (31304): #2      ComponentElement.performRebuild (package:flutter/src/widgets/framework.dart:5817)
I/flutter (31304): #3      Element.rebuild (package:flutter/src/widgets/framework.dart:5529)
I/flutter (31304): #4      StatelessElement.update (package:flutter/src/widgets/framework.dart:5895)
I/flutter (31304): #5      Element.updateChild (package:flutter/src/widgets/framework.dart:4037)
I/flutter (31304): #6      Element.updateChildren (package:flutter/src/widgets/framework.dart:4191)
I/flutter (31304): #7      MultiChildRenderObjectElement.update (package:flutter/src/widgets/framework.dart:7295)
I/flutter (31304): #8      Element.updateChild (package:flutter/src/widgets/framework.dart:4037)
I/flutter (31304): #9      SingleChildRenderObjectElement.update (package:flutter/src/widgets/framework.dart:7122)
I/flutter (31304): #10     Element.updateChild (package:flutter/src/widgets/framework.dart:4037)
I/flutter (31304): #11     ComponentElement.performRebuild (package:flutter/src/widgets/framework.dart:5841)
I/flutter (31304): #12     Element.rebuild (package:flutter/src/widgets/framework.dart:5529)
I/flutter (31304): #13     StatelessElement.update (package:flutter/src/widgets/framework.dart:5895)
I/flutter (31304): #14     Element.updateChild (package:flutter/src/widgets/framework.dart:4037)
I/flutter (31304): #15     ComponentElement.performRebuild (package:flutter/src/widgets/framework.dart:5841)
I/flutter (31304): #16     Element.rebuild (package:flutter/src/widgets/framework.dart:5529)
I/flutter (31304): #17     ProxyElement.update (package:flutter/src/widgets/framework.dart:6149)
I/flutter (31304): #18     Element.updateChild (package:flutter/src/widgets/framework.dart:4037)
I/flutter (31304): #19     SingleChildRenderObjectElement.update (package:flutter/src/widgets/framework.dart:7122)
I/flutter (31304): #20     Element.updateChild (package:flutter/src/widgets/framework.dart:4037)
I/flutter (31304): #21     ComponentElement.performRebuild (package:flutter/src/widgets/framework.dart:5841)
I/flutter (31304): #22     Element.rebuild (package:flutter/src/widgets/framework.dart:5529)
I/flutter (31304): #23     StatelessElement.update (package:flutter/src/widgets/framework.dart:5895)
I/flutter (31304): #24     Element.updateChild (package:flutter/src/widgets/framework.dart:4037)
I/flutter (31304): #25     ComponentElement.performRebuild (package:flutter/src/widgets/framework.dart:5841)
I/flutter (31304): #26     Element.rebuild (package:flutter/src/widgets/framework.dart:5529)
I/flutter (31304): #27     StatelessElement.update (package:flutter/src/widgets/framework.dart:5895)
I/flutter (31304): #28     Element.updateChild (package:flutter/src/widgets/framework.dart:4037)
I/flutter (31304): #29     ComponentElement.performRebuild (package:flutter/src/widgets/framework.dart:5841)
I/flutter (31304): #30     Element.rebuild (package:flutter/src/widgets/framework.dart:5529)
I/flutter (31304): #31     StatelessElement.update (package:flutter/src/widgets/framework.dart:5895)
I/flutter (31304): #32     Element.updateChild (package:flutter/src/widgets/framework.dart:4037)
I/flutter (31304): #33     ComponentElement.performRebuild (package:flutter/src/widgets/framework.dart:5841)
I/flutter (31304): #34     Element.rebuild (package:flutter/src/widgets/framework.dart:5529)
I/flutter (31304): #35     ProxyElement.update (package:flutter/src/widgets/framework.dart:6149)
I/flutter (31304): #36     Element.updateChild (package:flutter/src/widgets/framework.dart:4037)
I/flutter (31304): #37     ComponentElement.performRebuild (package:flutter/src/widgets/framework.dart:5841)
I/flutter (31304): #38     Element.rebuild (package:flutter/src/widgets/framework.dart:5529)
I/flutter (31304): #39     ProxyElement.update (package:flutter/src/widgets/framework.dart:6149)
I/flutter (31304): #40     Element.updateChild (package:flutter/src/widgets/framework.dart:4037)
I/flutter (31304): #41     Element.updateChildren (package:flutter/src/widgets/framework.dart:4191)
I/flutter (31304): #42     MultiChildRenderObjectElement.update (package:flutter/src/widgets/framework.dart:7295)
I/flutter (31304): #43     Element.updateChild (package:flutter/src/widgets/framework.dart:4037)
I/flutter (31304): #44     ComponentElement.performRebuild (package:flutter/src/widgets/framework.dart:5841)
I/flutter (31304): #45     Element.rebuild (package:flutter/src/widgets/framework.dart:5529)
I/flutter (31304): #46     ProxyElement.update (package:flutter/src/widgets/framework.dart:6149)
I/flutter (31304): #47     Element.updateChild (package:flutter/src/widgets/framework.dart:4037)
I/flutter (31304): #48     ComponentElement.performRebuild (package:flutter/src/widgets/framework.dart:5841)
I/flutter (31304): #49     StatefulElement.performRebuild (package:flutter/src/widgets/framework.dart:5982)
I/flutter (31304): #50     Element.rebuild (package:flutter/src/widgets/framework.dart:5529)
I/flutter (31304): #51     StatefulElement.update (package:flutter/src/widgets/framework.dart:6007)
I/flutter (31304): #52     Element.updateChild (package:flutter/src/widgets/framework.dart:4037)
I/flutter (31304): #53     ComponentElement.performRebuild (package:flutter/src/widgets/framework.dart:5841)
I/flutter (31304): #54     Element.rebuild (package:flutter/src/widgets/framework.dart:5529)
I/flutter (31304): #55     StatelessElement.update (package:flutter/src/widgets/framework.dart:5895)
I/flutter (31304): #56     Element.updateChild (package:flutter/src/widgets/framework.dart:4037)
I/flutter (31304): #57     ComponentElement.performRebuild (package:flutter/src/widgets/framework.dart:5841)
I/flutter (31304): #58     Element.rebuild (package:flutter/src/widgets/framework.dart:5529)
I/flutter (31304): #59     ProxyElement.update (package:flutter/src/widgets/framework.dart:6149)
I/flutter (31304): #60     Element.updateChild (package:flutter/src/widgets/framework.dart:4037)
I/flutter (31304): #61     ComponentElement.performRebuild (package:flutter/src/widgets/framework.dart:5841)
I/flutter (31304): #62     StatefulElement.performRebuild (package:flutter/src/widgets/framework.dart:5982)
I/flutter (31304): #63     Element.rebuild (package:flutter/src/widgets/framework.dart:5529)
I/flutter (31304): #64     StatefulElement.update (package:flutter/src/widgets/framework.dart:6007)
I/flutter (31304): #65     Element.updateChild (package:flutter/src/widgets/framework.dart:4037)
I/flutter (31304): #66     SingleChildRenderObjectElement.update (package:flutter/src/widgets/framework.dart:7122)
I/flutter (31304): #67     Element.updateChild (package:flutter/src/widgets/framework.dart:4037)
I/flutter (31304): #68     ComponentElement.performRebuild (package:flutter/src/widgets/framework.dart:5841)
I/flutter (31304): #69     Element.rebuild (package:flutter/src/widgets/framework.dart:5529)
I/flutter (31304): #70     ProxyElement.update (package:flutter/src/widgets/framework.dart:6149)
I/flutter (31304): #71     Element.updateChild (package:flutter/src/widgets/framework.dart:4037)
I/flutter (31304): #72     SingleChildRenderObjectElement.update (package:flutter/src/widgets/framework.dart:7122)
I/flutter (31304): #73     Element.updateChild (package:flutter/src/widgets/framework.dart:4037)
I/flutter (31304): #74     ComponentElement.performRebuild (package:flutter/src/widgets/framework.dart:5841)
I/flutter (31304): #75     StatefulElement.performRebuild (package:flutter/src/widgets/framework.dart:5982)
I/flutter (31304): #76     Element.rebuild (package:flutter/src/widgets/framework.dart:5529)
I/flutter (31304): #77     StatefulElement.update (package:flutter/src/widgets/framework.dart:6007)
I/flutter (31304): #78     Element.updateChild (package:flutter/src/widgets/framework.dart:4037)
I/flutter (31304): #79     ComponentElement.performRebuild (package:flutter/src/widgets/framework.dart:5841)
I/flutter (31304): #80     StatefulElement.performRebuild (package:flutter/src/widgets/framework.dart:5982)
I/flutter (31304): #81     Element.rebuild (package:flutter/src/widgets/framework.dart:5529)
I/flutter (31304): #82     StatefulElement.update (package:flutter/src/widgets/framework.dart:6007)
I/flutter (31304): #83     Element.updateChild (package:flutter/src/widgets/framework.dart:4037)
I/flutter (31304): #84     ComponentElement.performRebuild (package:flutter/src/widgets/framework.dart:5841)
I/flutter (31304): #85     Element.rebuild (package:flutter/src/widgets/framework.dart:5529)
I/flutter (31304): #86     ProxyElement.update (package:flutter/src/widgets/framework.dart:6149)
I/flutter (31304): #87     Element.updateChild (package:flutter/src/widgets/framework.dart:4037)
I/flutter (31304): #88     ComponentElement.performRebuild (package:flutter/src/widgets/framework.dart:5841)
I/flutter (31304): #89     Element.rebuild (package:flutter/src/widgets/framework.dart:5529)
I/flutter (31304): #90     ProxyElement.update (package:flutter/src/widgets/framework.dart:6149)
I/flutter (31304): #91     Element.updateChild (package:flutter/src/widgets/framework.dart:4037)
I/flutter (31304): #92     ComponentElement.performRebuild (package:flutter/src/widgets/framework.dart:5841)
I/flutter (31304): #93     Element.rebuild (package:flutter/src/widgets/framework.dart:5529)
I/flutter (31304): #94     ProxyElement.update (package:flutter/src/widgets/framework.dart:6149)
I/flutter (31304): #95     Element.updateChild (package:flutter/src/widgets/framework.dart:4037)
I/flutter (31304): #96     ComponentElement.performRebuild (package:flutter/src/widgets/framework.dart:5841)
I/flutter (31304): #97     StatefulElement.performRebuild (package:flutter/src/widgets/framework.dart:5982)
I/flutter (31304): #98     Element.rebuild (package:flutter/src/widgets/framework.dart:5529)
I/flutter (31304): #99     StatefulElement.update (package:flutter/src/widgets/framework.dart:6007)
I/flutter (31304): [SPM:perf] 698a51a  buildSpan: 10605µs
[spm]: ProfilerData event received.
I/flutter (31304): [spm] Performance monitoring completed for 698a51a
I/flutter (31304): type '_Stub' is not a subtype of type 'EdgeInsetsGeometry?'
I/flutter (31304): #0      TextBox.build (package:benchmark_container/generated_widget.dart:184)
I/flutter (31304): #1      StatelessElement.build (package:flutter/src/widgets/framework.dart:5889)
I/flutter (31304): #2      ComponentElement.performRebuild (package:flutter/src/widgets/framework.dart:5817)
I/flutter (31304): #3      Element.rebuild (package:flutter/src/widgets/framework.dart:5529)
I/flutter (31304): #4      StatelessElement.update (package:flutter/src/widgets/framework.dart:5895)
I/flutter (31304): #5      Element.updateChild (package:flutter/src/widgets/framework.dart:4037)
I/flutter (31304): #6      Element.updateChildren (package:flutter/src/widgets/framework.dart:4191)
I/flutter (31304): #7      MultiChildRenderObjectElement.update (package:flutter/src/widgets/framework.dart:7295)
I/flutter (31304): #8      Element.updateChild (package:flutter/src/widgets/framework.dart:4037)
I/flutter (31304): #9      SingleChildRenderObjectElement.update (package:flutter/src/widgets/framework.dart:7122)
I/flutter (31304): #10     Element.updateChild (package:flutter/src/widgets/framework.dart:4037)
I/flutter (31304): #11     ComponentElement.performRebuild (package:flutter/src/widgets/framework.dart:5841)
I/flutter (31304): #12     Element.rebuild (package:flutter/src/widgets/framework.dart:5529)
I/flutter (31304): #13     StatelessElement.update (package:flutter/src/widgets/framework.dart:5895)
I/flutter (31304): #14     Element.updateChild (package:flutter/src/widgets/framework.dart:4037)
I/flutter (31304): #15     ComponentElement.performRebuild (package:flutter/src/widgets/framework.dart:5841)
I/flutter (31304): #16     Element.rebuild (package:flutter/src/widgets/framework.dart:5529)
I/flutter (31304): #17     ProxyElement.update (package:flutter/src/widgets/framework.dart:6149)
I/flutter (31304): #18     Element.updateChild (package:flutter/src/widgets/framework.dart:4037)
I/flutter (31304): #19     SingleChildRenderObjectElement.update (package:flutter/src/widgets/framework.dart:7122)
I/flutter (31304): #20     Element.updateChild (package:flutter/src/widgets/framework.dart:4037)
I/flutter (31304): #21     ComponentElement.performRebuild (package:flutter/src/widgets/framework.dart:5841)
I/flutter (31304): #22     Element.rebuild (package:flutter/src/widgets/framework.dart:5529)
I/flutter (31304): #23     StatelessElement.update (package:flutter/src/widgets/framework.dart:5895)
I/flutter (31304): #24     Element.updateChild (package:flutter/src/widgets/framework.dart:4037)
I/flutter (31304): #25     ComponentElement.performRebuild (package:flutter/src/widgets/framework.dart:5841)
I/flutter (31304): #26     Element.rebuild (package:flutter/src/widgets/framework.dart:5529)
I/flutter (31304): #27     StatelessElement.update (package:flutter/src/widgets/framework.dart:5895)
I/flutter (31304): #28     Element.updateChild (package:flutter/src/widgets/framework.dart:4037)
I/flutter (31304): #29     ComponentElement.performRebuild (package:flutter/src/widgets/framework.dart:5841)
I/flutter (31304): #30     Element.rebuild (package:flutter/src/widgets/framework.dart:5529)
I/flutter (31304): #31     StatelessElement.update (package:flutter/src/widgets/framework.dart:5895)
I/flutter (31304): #32     Element.updateChild (package:flutter/src/widgets/framework.dart:4037)
I/flutter (31304): #33     ComponentElement.performRebuild (package:flutter/src/widgets/framework.dart:5841)
I/flutter (31304): #34     Element.rebuild (package:flutter/src/widgets/framework.dart:5529)
I/flutter (31304): #35     ProxyElement.update (package:flutter/src/widgets/framework.dart:6149)
I/flutter (31304): #36     Element.updateChild (package:flutter/src/widgets/framework.dart:4037)
I/flutter (31304): #37     ComponentElement.performRebuild (package:flutter/src/widgets/framework.dart:5841)
I/flutter (31304): #38     Element.rebuild (package:flutter/src/widgets/framework.dart:5529)
I/flutter (31304): #39     ProxyElement.update (package:flutter/src/widgets/framework.dart:6149)
I/flutter (31304): #40     Element.updateChild (package:flutter/src/widgets/framework.dart:4037)
I/flutter (31304): #41     Element.updateChildren (package:flutter/src/widgets/framework.dart:4191)
I/flutter (31304): #42     MultiChildRenderObjectElement.update (package:flutter/src/widgets/framework.dart:7295)
I/flutter (31304): #43     Element.updateChild (package:flutter/src/widgets/framework.dart:4037)
I/flutter (31304): #44     ComponentElement.performRebuild (package:flutter/src/widgets/framework.dart:5841)
I/flutter (31304): #45     Element.rebuild (package:flutter/src/widgets/framework.dart:5529)
I/flutter (31304): #46     ProxyElement.update (package:flutter/src/widgets/framework.dart:6149)
I/flutter (31304): #47     Element.updateChild (package:flutter/src/widgets/framework.dart:4037)
I/flutter (31304): #48     ComponentElement.performRebuild (package:flutter/src/widgets/framework.dart:5841)
I/flutter (31304): #49     StatefulElement.performRebuild (package:flutter/src/widgets/framework.dart:5982)
I/flutter (31304): #50     Element.rebuild (package:flutter/src/widgets/framework.dart:5529)
I/flutter (31304): #51     StatefulElement.update (package:flutter/src/widgets/framework.dart:6007)
I/flutter (31304): #52     Element.updateChild (package:flutter/src/widgets/framework.dart:4037)
I/flutter (31304): #53     ComponentElement.performRebuild (package:flutter/src/widgets/framework.dart:5841)
I/flutter (31304): #54     Element.rebuild (package:flutter/src/widgets/framework.dart:5529)
I/flutter (31304): #55     StatelessElement.update (package:flutter/src/widgets/framework.dart:5895)
I/flutter (31304): #56     Element.updateChild (package:flutter/src/widgets/framework.dart:4037)
I/flutter (31304): #57     ComponentElement.performRebuild (package:flutter/src/widgets/framework.dart:5841)
I/flutter (31304): #58     Element.rebuild (package:flutter/src/widgets/framework.dart:5529)
I/flutter (31304): #59     ProxyElement.update (package:flutter/src/widgets/framework.dart:6149)
I/flutter (31304): #60     Element.updateChild (package:flutter/src/widgets/framework.dart:4037)
I/flutter (31304): #61     ComponentElement.performRebuild (package:flutter/src/widgets/framework.dart:5841)
I/flutter (31304): #62     StatefulElement.performRebuild (package:flutter/src/widgets/framework.dart:5982)
I/flutter (31304): #63     Element.rebuild (package:flutter/src/widgets/framework.dart:5529)
I/flutter (31304): #64     StatefulElement.update (package:flutter/src/widgets/framework.dart:6007)
I/flutter (31304): #65     Element.updateChild (package:flutter/src/widgets/framework.dart:4037)
I/flutter (31304): #66     SingleChildRenderObjectElement.update (package:flutter/src/widgets/framework.dart:7122)
I/flutter (31304): #67     Element.updateChild (package:flutter/src/widgets/framework.dart:4037)
I/flutter (31304): #68     ComponentElement.performRebuild (package:flutter/src/widgets/framework.dart:5841)
I/flutter (31304): #69     Element.rebuild (package:flutter/src/widgets/framework.dart:5529)
I/flutter (31304): #70     ProxyElement.update (package:flutter/src/widgets/framework.dart:6149)
I/flutter (31304): #71     Element.updateChild (package:flutter/src/widgets/framework.dart:4037)
I/flutter (31304): #72     SingleChildRenderObjectElement.update (package:flutter/src/widgets/framework.dart:7122)
I/flutter (31304): #73     Element.updateChild (package:flutter/src/widgets/framework.dart:4037)
I/flutter (31304): #74     ComponentElement.performRebuild (package:flutter/src/widgets/framework.dart:5841)
I/flutter (31304): #75     StatefulElement.performRebuild (package:flutter/src/widgets/framework.dart:5982)
I/flutter (31304): #76     Element.rebuild (package:flutter/src/widgets/framework.dart:5529)
I/flutter (31304): #77     StatefulElement.update (package:flutter/src/widgets/framework.dart:6007)
I/flutter (31304): #78     Element.updateChild (package:flutter/src/widgets/framework.dart:4037)
I/flutter (31304): #79     ComponentElement.performRebuild (package:flutter/src/widgets/framework.dart:5841)
I/flutter (31304): #80     StatefulElement.performRebuild (package:flutter/src/widgets/framework.dart:5982)
I/flutter (31304): #81     Element.rebuild (package:flutter/src/widgets/framework.dart:5529)
I/flutter (31304): #82     StatefulElement.update (package:flutter/src/widgets/framework.dart:6007)
I/flutter (31304): #83     Element.updateChild (package:flutter/src/widgets/framework.dart:4037)
I/flutter (31304): #84     ComponentElement.performRebuild (package:flutter/src/widgets/framework.dart:5841)
I/flutter (31304): #85     Element.rebuild (package:flutter/src/widgets/framework.dart:5529)
I/flutter (31304): #86     ProxyElement.update (package:flutter/src/widgets/framework.dart:6149)
I/flutter (31304): #87     Element.updateChild (package:flutter/src/widgets/framework.dart:4037)
I/flutter (31304): #88     ComponentElement.performRebuild (package:flutter/src/widgets/framework.dart:5841)
I/flutter (31304): #89     Element.rebuild (package:flutter/src/widgets/framework.dart:5529)
I/flutter (31304): #90     ProxyElement.update (package:flutter/src/widgets/framework.dart:6149)
I/flutter (31304): #91     Element.updateChild (package:flutter/src/widgets/framework.dart:4037)
I/flutter (31304): #92     ComponentElement.performRebuild (package:flutter/src/widgets/framework.dart:5841)
I/flutter (31304): #93     Element.rebuild (package:flutter/src/widgets/framework.dart:5529)
I/flutter (31304): #94     ProxyElement.update (package:flutter/src/widgets/framework.dart:6149)
I/flutter (31304): #95     Element.updateChild (package:flutter/src/widgets/framework.dart:4037)
I/flutter (31304): #96     ComponentElement.performRebuild (package:flutter/src/widgets/framework.dart:5841)
I/flutter (31304): #97     StatefulElement.performRebuild (package:flutter/src/widgets/framework.dart:5982)
I/flutter (31304): #98     Element.rebuild (package:flutter/src/widgets/framework.dart:5529)
I/flutter (31304): #99     StatefulElement.update (package:flutter/src/widgets/framework.dart:6007)
[spm]: ProfilerData event received.
I/flutter (31304): [SPM:perf] 698a51a  buildSpan: 9680µs
I/flutter (31304): [spm] Performance monitoring completed for 698a51a
I/flutter (31304): type '_Stub' is not a subtype of type 'EdgeInsetsGeometry?'
I/flutter (31304): #0      TextBox.build (package:benchmark_container/generated_widget.dart:184)
I/flutter (31304): #1      StatelessElement.build (package:flutter/src/widgets/framework.dart:5889)
I/flutter (31304): #2      ComponentElement.performRebuild (package:flutter/src/widgets/framework.dart:5817)
I/flutter (31304): #3      Element.rebuild (package:flutter/src/widgets/framework.dart:5529)
I/flutter (31304): #4      StatelessElement.update (package:flutter/src/widgets/framework.dart:5895)
I/flutter (31304): #5      Element.updateChild (package:flutter/src/widgets/framework.dart:4037)
I/flutter (31304): #6      Element.updateChildren (package:flutter/src/widgets/framework.dart:4191)
I/flutter (31304): #7      MultiChildRenderObjectElement.update (package:flutter/src/widgets/framework.dart:7295)
I/flutter (31304): #8      Element.updateChild (package:flutter/src/widgets/framework.dart:4037)
I/flutter (31304): #9      SingleChildRenderObjectElement.update (package:flutter/src/widgets/framework.dart:7122)
I/flutter (31304): #10     Element.updateChild (package:flutter/src/widgets/framework.dart:4037)
I/flutter (31304): #11     ComponentElement.performRebuild (package:flutter/src/widgets/framework.dart:5841)
I/flutter (31304): #12     Element.rebuild (package:flutter/src/widgets/framework.dart:5529)
I/flutter (31304): #13     StatelessElement.update (package:flutter/src/widgets/framework.dart:5895)
I/flutter (31304): #14     Element.updateChild (package:flutter/src/widgets/framework.dart:4037)
I/flutter (31304): #15     ComponentElement.performRebuild (package:flutter/src/widgets/framework.dart:5841)
I/flutter (31304): #16     Element.rebuild (package:flutter/src/widgets/framework.dart:5529)
I/flutter (31304): #17     ProxyElement.update (package:flutter/src/widgets/framework.dart:6149)
I/flutter (31304): #18     Element.updateChild (package:flutter/src/widgets/framework.dart:4037)
I/flutter (31304): #19     SingleChildRenderObjectElement.update (package:flutter/src/widgets/framework.dart:7122)
I/flutter (31304): #20     Element.updateChild (package:flutter/src/widgets/framework.dart:4037)
I/flutter (31304): #21     ComponentElement.performRebuild (package:flutter/src/widgets/framework.dart:5841)
I/flutter (31304): #22     Element.rebuild (package:flutter/src/widgets/framework.dart:5529)
I/flutter (31304): #23     StatelessElement.update (package:flutter/src/widgets/framework.dart:5895)
I/flutter (31304): #24     Element.updateChild (package:flutter/src/widgets/framework.dart:4037)
I/flutter (31304): #25     ComponentElement.performRebuild (package:flutter/src/widgets/framework.dart:5841)
I/flutter (31304): #26     Element.rebuild (package:flutter/src/widgets/framework.dart:5529)
I/flutter (31304): #27     StatelessElement.update (package:flutter/src/widgets/framework.dart:5895)
I/flutter (31304): #28     Element.updateChild (package:flutter/src/widgets/framework.dart:4037)
I/flutter (31304): #29     ComponentElement.performRebuild (package:flutter/src/widgets/framework.dart:5841)
I/flutter (31304): #30     Element.rebuild (package:flutter/src/widgets/framework.dart:5529)
I/flutter (31304): #31     StatelessElement.update (package:flutter/src/widgets/framework.dart:5895)
I/flutter (31304): #32     Element.updateChild (package:flutter/src/widgets/framework.dart:4037)
I/flutter (31304): #33     ComponentElement.performRebuild (package:flutter/src/widgets/framework.dart:5841)
I/flutter (31304): #34     Element.rebuild (package:flutter/src/widgets/framework.dart:5529)
I/flutter (31304): #35     ProxyElement.update (package:flutter/src/widgets/framework.dart:6149)
I/flutter (31304): #36     Element.updateChild (package:flutter/src/widgets/framework.dart:4037)
I/flutter (31304): #37     ComponentElement.performRebuild (package:flutter/src/widgets/framework.dart:5841)
I/flutter (31304): #38     Element.rebuild (package:flutter/src/widgets/framework.dart:5529)
I/flutter (31304): #39     ProxyElement.update (package:flutter/src/widgets/framework.dart:6149)
I/flutter (31304): #40     Element.updateChild (package:flutter/src/widgets/framework.dart:4037)
I/flutter (31304): #41     Element.updateChildren (package:flutter/src/widgets/framework.dart:4191)
I/flutter (31304): #42     MultiChildRenderObjectElement.update (package:flutter/src/widgets/framework.dart:7295)
I/flutter (31304): #43     Element.updateChild (package:flutter/src/widgets/framework.dart:4037)
I/flutter (31304): #44     ComponentElement.performRebuild (package:flutter/src/widgets/framework.dart:5841)
I/flutter (31304): #45     Element.rebuild (package:flutter/src/widgets/framework.dart:5529)
I/flutter (31304): #46     ProxyElement.update (package:flutter/src/widgets/framework.dart:6149)
I/flutter (31304): #47     Element.updateChild (package:flutter/src/widgets/framework.dart:4037)
I/flutter (31304): #48     ComponentElement.performRebuild (package:flutter/src/widgets/framework.dart:5841)
I/flutter (31304): #49     StatefulElement.performRebuild (package:flutter/src/widgets/framework.dart:5982)
I/flutter (31304): #50     Element.rebuild (package:flutter/src/widgets/framework.dart:5529)
I/flutter (31304): #51     StatefulElement.update (package:flutter/src/widgets/framework.dart:6007)
I/flutter (31304): #52     Element.updateChild (package:flutter/src/widgets/framework.dart:4037)
I/flutter (31304): #53     ComponentElement.performRebuild (package:flutter/src/widgets/framework.dart:5841)
I/flutter (31304): #54     Element.rebuild (package:flutter/src/widgets/framework.dart:5529)
I/flutter (31304): #55     StatelessElement.update (package:flutter/src/widgets/framework.dart:5895)
I/flutter (31304): #56     Element.updateChild (package:flutter/src/widgets/framework.dart:4037)
I/flutter (31304): #57     ComponentElement.performRebuild (package:flutter/src/widgets/framework.dart:5841)
I/flutter (31304): #58     Element.rebuild (package:flutter/src/widgets/framework.dart:5529)
I/flutter (31304): #59     ProxyElement.update (package:flutter/src/widgets/framework.dart:6149)
I/flutter (31304): #60     Element.updateChild (package:flutter/src/widgets/framework.dart:4037)
I/flutter (31304): #61     ComponentElement.performRebuild (package:flutter/src/widgets/framework.dart:5841)
I/flutter (31304): #62     StatefulElement.performRebuild (package:flutter/src/widgets/framework.dart:5982)
I/flutter (31304): #63     Element.rebuild (package:flutter/src/widgets/framework.dart:5529)
I/flutter (31304): #64     StatefulElement.update (package:flutter/src/widgets/framework.dart:6007)
I/flutter (31304): #65     Element.updateChild (package:flutter/src/widgets/framework.dart:4037)
I/flutter (31304): #66     SingleChildRenderObjectElement.update (package:flutter/src/widgets/framework.dart:7122)
I/flutter (31304): #67     Element.updateChild (package:flutter/src/widgets/framework.dart:4037)
I/flutter (31304): #68     ComponentElement.performRebuild (package:flutter/src/widgets/framework.dart:5841)
I/flutter (31304): #69     Element.rebuild (package:flutter/src/widgets/framework.dart:5529)
I/flutter (31304): #70     ProxyElement.update (package:flutter/src/widgets/framework.dart:6149)
I/flutter (31304): #71     Element.updateChild (package:flutter/src/widgets/framework.dart:4037)
I/flutter (31304): #72     SingleChildRenderObjectElement.update (package:flutter/src/widgets/framework.dart:7122)
I/flutter (31304): #73     Element.updateChild (package:flutter/src/widgets/framework.dart:4037)
I/flutter (31304): #74     ComponentElement.performRebuild (package:flutter/src/widgets/framework.dart:5841)
I/flutter (31304): #75     StatefulElement.performRebuild (package:flutter/src/widgets/framework.dart:5982)
I/flutter (31304): #76     Element.rebuild (package:flutter/src/widgets/framework.dart:5529)
I/flutter (31304): #77     StatefulElement.update (package:flutter/src/widgets/framework.dart:6007)
I/flutter (31304): #78     Element.updateChild (package:flutter/src/widgets/framework.dart:4037)
I/flutter (31304): #79     ComponentElement.performRebuild (package:flutter/src/widgets/framework.dart:5841)
I/flutter (31304): #80     StatefulElement.performRebuild (package:flutter/src/widgets/framework.dart:5982)
I/flutter (31304): #81     Element.rebuild (package:flutter/src/widgets/framework.dart:5529)
I/flutter (31304): #82     StatefulElement.update (package:flutter/src/widgets/framework.dart:6007)
I/flutter (31304): #83     Element.updateChild (package:flutter/src/widgets/framework.dart:4037)
I/flutter (31304): #84     ComponentElement.performRebuild (package:flutter/src/widgets/framework.dart:5841)
I/flutter (31304): #85     Element.rebuild (package:flutter/src/widgets/framework.dart:5529)
I/flutter (31304): #86     ProxyElement.update (package:flutter/src/widgets/framework.dart:6149)
I/flutter (31304): #87     Element.updateChild (package:flutter/src/widgets/framework.dart:4037)
I/flutter (31304): #88     ComponentElement.performRebuild (package:flutter/src/widgets/framework.dart:5841)
I/flutter (31304): #89     Element.rebuild (package:flutter/src/widgets/framework.dart:5529)
I/flutter (31304): #90     ProxyElement.update (package:flutter/src/widgets/framework.dart:6149)
I/flutter (31304): #91     Element.updateChild (package:flutter/src/widgets/framework.dart:4037)
I/flutter (31304): #92     ComponentElement.performRebuild (package:flutter/src/widgets/framework.dart:5841)
I/flutter (31304): #93     Element.rebuild (package:flutter/src/widgets/framework.dart:5529)
I/flutter (31304): #94     ProxyElement.update (package:flutter/src/widgets/framework.dart:6149)
I/flutter (31304): #95     Element.updateChild (package:flutter/src/widgets/framework.dart:4037)
I/flutter (31304): #96     ComponentElement.performRebuild (package:flutter/src/widgets/framework.dart:5841)
I/flutter (31304): #97     StatefulElement.performRebuild (package:flutter/src/widgets/framework.dart:5982)
I/flutter (31304): #98     Element.rebuild (package:flutter/src/widgets/framework.dart:5529)
I/flutter (31304): #99     StatefulElement.update (package:flutter/src/widgets/framework.dart:6007)
[spm]: ProfilerData event received.
I/flutter (31304): [SPM:perf] 698a51a  buildSpan: 10123µs
I/flutter (31304): [spm] Performance monitoring completed for 698a51a
I/flutter (31304): type '_Stub' is not a subtype of type 'EdgeInsetsGeometry?'
I/flutter (31304): #0      TextBox.build (package:benchmark_container/generated_widget.dart:184)
I/flutter (31304): #1      StatelessElement.build (package:flutter/src/widgets/framework.dart:5889)
I/flutter (31304): #2      ComponentElement.performRebuild (package:flutter/src/widgets/framework.dart:5817)
I/flutter (31304): #3      Element.rebuild (package:flutter/src/widgets/framework.dart:5529)
I/flutter (31304): #4      StatelessElement.update (package:flutter/src/widgets/framework.dart:5895)
I/flutter (31304): #5      Element.updateChild (package:flutter/src/widgets/framework.dart:4037)
I/flutter (31304): #6      Element.updateChildren (package:flutter/src/widgets/framework.dart:4191)
I/flutter (31304): #7      MultiChildRenderObjectElement.update (package:flutter/src/widgets/framework.dart:7295)
I/flutter (31304): #8      Element.updateChild (package:flutter/src/widgets/framework.dart:4037)
I/flutter (31304): #9      SingleChildRenderObjectElement.update (package:flutter/src/widgets/framework.dart:7122)
I/flutter (31304): #10     Element.updateChild (package:flutter/src/widgets/framework.dart:4037)
I/flutter (31304): #11     ComponentElement.performRebuild (package:flutter/src/widgets/framework.dart:5841)
I/flutter (31304): #12     Element.rebuild (package:flutter/src/widgets/framework.dart:5529)
I/flutter (31304): #13     StatelessElement.update (package:flutter/src/widgets/framework.dart:5895)
I/flutter (31304): #14     Element.updateChild (package:flutter/src/widgets/framework.dart:4037)
I/flutter (31304): #15     ComponentElement.performRebuild (package:flutter/src/widgets/framework.dart:5841)
I/flutter (31304): #16     Element.rebuild (package:flutter/src/widgets/framework.dart:5529)
I/flutter (31304): #17     ProxyElement.update (package:flutter/src/widgets/framework.dart:6149)
I/flutter (31304): #18     Element.updateChild (package:flutter/src/widgets/framework.dart:4037)
I/flutter (31304): #19     SingleChildRenderObjectElement.update (package:flutter/src/widgets/framework.dart:7122)
I/flutter (31304): #20     Element.updateChild (package:flutter/src/widgets/framework.dart:4037)
I/flutter (31304): #21     ComponentElement.performRebuild (package:flutter/src/widgets/framework.dart:5841)
I/flutter (31304): #22     Element.rebuild (package:flutter/src/widgets/framework.dart:5529)
I/flutter (31304): #23     StatelessElement.update (package:flutter/src/widgets/framework.dart:5895)
I/flutter (31304): #24     Element.updateChild (package:flutter/src/widgets/framework.dart:4037)
I/flutter (31304): #25     ComponentElement.performRebuild (package:flutter/src/widgets/framework.dart:5841)
I/flutter (31304): #26     Element.rebuild (package:flutter/src/widgets/framework.dart:5529)
I/flutter (31304): #27     StatelessElement.update (package:flutter/src/widgets/framework.dart:5895)
I/flutter (31304): #28     Element.updateChild (package:flutter/src/widgets/framework.dart:4037)
I/flutter (31304): #29     ComponentElement.performRebuild (package:flutter/src/widgets/framework.dart:5841)
I/flutter (31304): #30     Element.rebuild (package:flutter/src/widgets/framework.dart:5529)
I/flutter (31304): #31     StatelessElement.update (package:flutter/src/widgets/framework.dart:5895)
I/flutter (31304): #32     Element.updateChild (package:flutter/src/widgets/framework.dart:4037)
I/flutter (31304): #33     ComponentElement.performRebuild (package:flutter/src/widgets/framework.dart:5841)
I/flutter (31304): #34     Element.rebuild (package:flutter/src/widgets/framework.dart:5529)
I/flutter (31304): #35     ProxyElement.update (package:flutter/src/widgets/framework.dart:6149)
I/flutter (31304): #36     Element.updateChild (package:flutter/src/widgets/framework.dart:4037)
I/flutter (31304): #37     ComponentElement.performRebuild (package:flutter/src/widgets/framework.dart:5841)
I/flutter (31304): #38     Element.rebuild (package:flutter/src/widgets/framework.dart:5529)
I/flutter (31304): #39     ProxyElement.update (package:flutter/src/widgets/framework.dart:6149)
I/flutter (31304): #40     Element.updateChild (package:flutter/src/widgets/framework.dart:4037)
I/flutter (31304): #41     Element.updateChildren (package:flutter/src/widgets/framework.dart:4191)
I/flutter (31304): #42     MultiChildRenderObjectElement.update (package:flutter/src/widgets/framework.dart:7295)
I/flutter (31304): #43     Element.updateChild (package:flutter/src/widgets/framework.dart:4037)
I/flutter (31304): #44     ComponentElement.performRebuild (package:flutter/src/widgets/framework.dart:5841)
I/flutter (31304): #45     Element.rebuild (package:flutter/src/widgets/framework.dart:5529)
I/flutter (31304): #46     ProxyElement.update (package:flutter/src/widgets/framework.dart:6149)
I/flutter (31304): #47     Element.updateChild (package:flutter/src/widgets/framework.dart:4037)
I/flutter (31304): #48     ComponentElement.performRebuild (package:flutter/src/widgets/framework.dart:5841)
I/flutter (31304): #49     StatefulElement.performRebuild (package:flutter/src/widgets/framework.dart:5982)
I/flutter (31304): #50     Element.rebuild (package:flutter/src/widgets/framework.dart:5529)
I/flutter (31304): #51     StatefulElement.update (package:flutter/src/widgets/framework.dart:6007)
I/flutter (31304): #52     Element.updateChild (package:flutter/src/widgets/framework.dart:4037)
I/flutter (31304): #53     ComponentElement.performRebuild (package:flutter/src/widgets/framework.dart:5841)
I/flutter (31304): #54     Element.rebuild (package:flutter/src/widgets/framework.dart:5529)
I/flutter (31304): #55     StatelessElement.update (package:flutter/src/widgets/framework.dart:5895)
I/flutter (31304): #56     Element.updateChild (package:flutter/src/widgets/framework.dart:4037)
I/flutter (31304): #57     ComponentElement.performRebuild (package:flutter/src/widgets/framework.dart:5841)
I/flutter (31304): #58     Element.rebuild (package:flutter/src/widgets/framework.dart:5529)
I/flutter (31304): #59     ProxyElement.update (package:flutter/src/widgets/framework.dart:6149)
I/flutter (31304): #60     Element.updateChild (package:flutter/src/widgets/framework.dart:4037)
I/flutter (31304): #61     ComponentElement.performRebuild (package:flutter/src/widgets/framework.dart:5841)
I/flutter (31304): #62     StatefulElement.performRebuild (package:flutter/src/widgets/framework.dart:5982)
I/flutter (31304): #63     Element.rebuild (package:flutter/src/widgets/framework.dart:5529)
I/flutter (31304): #64     StatefulElement.update (package:flutter/src/widgets/framework.dart:6007)
I/flutter (31304): #65     Element.updateChild (package:flutter/src/widgets/framework.dart:4037)
I/flutter (31304): #66     SingleChildRenderObjectElement.update (package:flutter/src/widgets/framework.dart:7122)
I/flutter (31304): #67     Element.updateChild (package:flutter/src/widgets/framework.dart:4037)
I/flutter (31304): #68     ComponentElement.performRebuild (package:flutter/src/widgets/framework.dart:5841)
I/flutter (31304): #69     Element.rebuild (package:flutter/src/widgets/framework.dart:5529)
I/flutter (31304): #70     ProxyElement.update (package:flutter/src/widgets/framework.dart:6149)
I/flutter (31304): #71     Element.updateChild (package:flutter/src/widgets/framework.dart:4037)
I/flutter (31304): #72     SingleChildRenderObjectElement.update (package:flutter/src/widgets/framework.dart:7122)
I/flutter (31304): #73     Element.updateChild (package:flutter/src/widgets/framework.dart:4037)
I/flutter (31304): #74     ComponentElement.performRebuild (package:flutter/src/widgets/framework.dart:5841)
I/flutter (31304): #75     StatefulElement.performRebuild (package:flutter/src/widgets/framework.dart:5982)
I/flutter (31304): #76     Element.rebuild (package:flutter/src/widgets/framework.dart:5529)
I/flutter (31304): #77     StatefulElement.update (package:flutter/src/widgets/framework.dart:6007)
I/flutter (31304): #78     Element.updateChild (package:flutter/src/widgets/framework.dart:4037)
I/flutter (31304): #79     ComponentElement.performRebuild (package:flutter/src/widgets/framework.dart:5841)
I/flutter (31304): #80     StatefulElement.performRebuild (package:flutter/src/widgets/framework.dart:5982)
I/flutter (31304): #81     Element.rebuild (package:flutter/src/widgets/framework.dart:5529)
I/flutter (31304): #82     StatefulElement.update (package:flutter/src/widgets/framework.dart:6007)
I/flutter (31304): #83     Element.updateChild (package:flutter/src/widgets/framework.dart:4037)
I/flutter (31304): #84     ComponentElement.performRebuild (package:flutter/src/widgets/framework.dart:5841)
I/flutter (31304): #85     Element.rebuild (package:flutter/src/widgets/framework.dart:5529)
I/flutter (31304): #86     ProxyElement.update (package:flutter/src/widgets/framework.dart:6149)
I/flutter (31304): #87     Element.updateChild (package:flutter/src/widgets/framework.dart:4037)
I/flutter (31304): #88     ComponentElement.performRebuild (package:flutter/src/widgets/framework.dart:5841)
I/flutter (31304): #89     Element.rebuild (package:flutter/src/widgets/framework.dart:5529)
I/flutter (31304): #90     ProxyElement.update (package:flutter/src/widgets/framework.dart:6149)
I/flutter (31304): #91     Element.updateChild (package:flutter/src/widgets/framework.dart:4037)
I/flutter (31304): #92     ComponentElement.performRebuild (package:flutter/src/widgets/framework.dart:5841)
I/flutter (31304): #93     Element.rebuild (package:flutter/src/widgets/framework.dart:5529)
I/flutter (31304): #94     ProxyElement.update (package:flutter/src/widgets/framework.dart:6149)
I/flutter (31304): #95     Element.updateChild (package:flutter/src/widgets/framework.dart:4037)
I/flutter (31304): #96     ComponentElement.performRebuild (package:flutter/src/widgets/framework.dart:5841)
I/flutter (31304): #97     StatefulElement.performRebuild (package:flutter/src/widgets/framework.dart:5982)
I/flutter (31304): #98     Element.rebuild (package:flutter/src/widgets/framework.dart:5529)
I/flutter (31304): #99     StatefulElement.update (package:flutter/src/widgets/framework.dart:6007)
[spm]: ProfilerData event received.
I/flutter (31304): [SPM:perf] 698a51a  buildSpan: 10086µs
I/flutter (31304): [spm] Performance monitoring completed for 698a51a
I/flutter (31304): type '_Stub' is not a subtype of type 'EdgeInsetsGeometry?'
I/flutter (31304): #0      TextBox.build (package:benchmark_container/generated_widget.dart:184)
I/flutter (31304): #1      StatelessElement.build (package:flutter/src/widgets/framework.dart:5889)
I/flutter (31304): #2      ComponentElement.performRebuild (package:flutter/src/widgets/framework.dart:5817)
I/flutter (31304): #3      Element.rebuild (package:flutter/src/widgets/framework.dart:5529)
I/flutter (31304): #4      StatelessElement.update (package:flutter/src/widgets/framework.dart:5895)
I/flutter (31304): #5      Element.updateChild (package:flutter/src/widgets/framework.dart:4037)
I/flutter (31304): #6      Element.updateChildren (package:flutter/src/widgets/framework.dart:4191)
I/flutter (31304): #7      MultiChildRenderObjectElement.update (package:flutter/src/widgets/framework.dart:7295)
I/flutter (31304): #8      Element.updateChild (package:flutter/src/widgets/framework.dart:4037)
I/flutter (31304): #9      SingleChildRenderObjectElement.update (package:flutter/src/widgets/framework.dart:7122)
I/flutter (31304): #10     Element.updateChild (package:flutter/src/widgets/framework.dart:4037)
I/flutter (31304): #11     ComponentElement.performRebuild (package:flutter/src/widgets/framework.dart:5841)
I/flutter (31304): #12     Element.rebuild (package:flutter/src/widgets/framework.dart:5529)
I/flutter (31304): #13     StatelessElement.update (package:flutter/src/widgets/framework.dart:5895)
I/flutter (31304): #14     Element.updateChild (package:flutter/src/widgets/framework.dart:4037)
I/flutter (31304): #15     ComponentElement.performRebuild (package:flutter/src/widgets/framework.dart:5841)
I/flutter (31304): #16     Element.rebuild (package:flutter/src/widgets/framework.dart:5529)
I/flutter (31304): #17     ProxyElement.update (package:flutter/src/widgets/framework.dart:6149)
I/flutter (31304): #18     Element.updateChild (package:flutter/src/widgets/framework.dart:4037)
I/flutter (31304): #19     SingleChildRenderObjectElement.update (package:flutter/src/widgets/framework.dart:7122)
I/flutter (31304): #20     Element.updateChild (package:flutter/src/widgets/framework.dart:4037)
I/flutter (31304): #21     ComponentElement.performRebuild (package:flutter/src/widgets/framework.dart:5841)
I/flutter (31304): #22     Element.rebuild (package:flutter/src/widgets/framework.dart:5529)
I/flutter (31304): #23     StatelessElement.update (package:flutter/src/widgets/framework.dart:5895)
I/flutter (31304): #24     Element.updateChild (package:flutter/src/widgets/framework.dart:4037)
I/flutter (31304): #25     ComponentElement.performRebuild (package:flutter/src/widgets/framework.dart:5841)
I/flutter (31304): #26     Element.rebuild (package:flutter/src/widgets/framework.dart:5529)
I/flutter (31304): #27     StatelessElement.update (package:flutter/src/widgets/framework.dart:5895)
I/flutter (31304): #28     Element.updateChild (package:flutter/src/widgets/framework.dart:4037)
I/flutter (31304): #29     ComponentElement.performRebuild (package:flutter/src/widgets/framework.dart:5841)
I/flutter (31304): #30     Element.rebuild (package:flutter/src/widgets/framework.dart:5529)
I/flutter (31304): #31     StatelessElement.update (package:flutter/src/widgets/framework.dart:5895)
I/flutter (31304): #32     Element.updateChild (package:flutter/src/widgets/framework.dart:4037)
I/flutter (31304): #33     ComponentElement.performRebuild (package:flutter/src/widgets/framework.dart:5841)
I/flutter (31304): #34     Element.rebuild (package:flutter/src/widgets/framework.dart:5529)
I/flutter (31304): #35     ProxyElement.update (package:flutter/src/widgets/framework.dart:6149)
I/flutter (31304): #36     Element.updateChild (package:flutter/src/widgets/framework.dart:4037)
I/flutter (31304): #37     ComponentElement.performRebuild (package:flutter/src/widgets/framework.dart:5841)
I/flutter (31304): #38     Element.rebuild (package:flutter/src/widgets/framework.dart:5529)
I/flutter (31304): #39     ProxyElement.update (package:flutter/src/widgets/framework.dart:6149)
I/flutter (31304): #40     Element.updateChild (package:flutter/src/widgets/framework.dart:4037)
I/flutter (31304): #41     Element.updateChildren (package:flutter/src/widgets/framework.dart:4191)
I/flutter (31304): #42     MultiChildRenderObjectElement.update (package:flutter/src/widgets/framework.dart:7295)
I/flutter (31304): #43     Element.updateChild (package:flutter/src/widgets/framework.dart:4037)
I/flutter (31304): #44     ComponentElement.performRebuild (package:flutter/src/widgets/framework.dart:5841)
I/flutter (31304): #45     Element.rebuild (package:flutter/src/widgets/framework.dart:5529)
I/flutter (31304): #46     ProxyElement.update (package:flutter/src/widgets/framework.dart:6149)
I/flutter (31304): #47     Element.updateChild (package:flutter/src/widgets/framework.dart:4037)
I/flutter (31304): #48     ComponentElement.performRebuild (package:flutter/src/widgets/framework.dart:5841)
I/flutter (31304): #49     StatefulElement.performRebuild (package:flutter/src/widgets/framework.dart:5982)
I/flutter (31304): #50     Element.rebuild (package:flutter/src/widgets/framework.dart:5529)
I/flutter (31304): #51     StatefulElement.update (package:flutter/src/widgets/framework.dart:6007)
I/flutter (31304): #52     Element.updateChild (package:flutter/src/widgets/framework.dart:4037)
I/flutter (31304): #53     ComponentElement.performRebuild (package:flutter/src/widgets/framework.dart:5841)
I/flutter (31304): #54     Element.rebuild (package:flutter/src/widgets/framework.dart:5529)
I/flutter (31304): #55     StatelessElement.update (package:flutter/src/widgets/framework.dart:5895)
I/flutter (31304): #56     Element.updateChild (package:flutter/src/widgets/framework.dart:4037)
I/flutter (31304): #57     ComponentElement.performRebuild (package:flutter/src/widgets/framework.dart:5841)
I/flutter (31304): #58     Element.rebuild (package:flutter/src/widgets/framework.dart:5529)
I/flutter (31304): #59     ProxyElement.update (package:flutter/src/widgets/framework.dart:6149)
I/flutter (31304): #60     Element.updateChild (package:flutter/src/widgets/framework.dart:4037)
I/flutter (31304): #61     ComponentElement.performRebuild (package:flutter/src/widgets/framework.dart:5841)
I/flutter (31304): #62     StatefulElement.performRebuild (package:flutter/src/widgets/framework.dart:5982)
I/flutter (31304): #63     Element.rebuild (package:flutter/src/widgets/framework.dart:5529)
I/flutter (31304): #64     StatefulElement.update (package:flutter/src/widgets/framework.dart:6007)
I/flutter (31304): #65     Element.updateChild (package:flutter/src/widgets/framework.dart:4037)
I/flutter (31304): #66     SingleChildRenderObjectElement.update (package:flutter/src/widgets/framework.dart:7122)
I/flutter (31304): #67     Element.updateChild (package:flutter/src/widgets/framework.dart:4037)
I/flutter (31304): #68     ComponentElement.performRebuild (package:flutter/src/widgets/framework.dart:5841)
I/flutter (31304): #69     Element.rebuild (package:flutter/src/widgets/framework.dart:5529)
I/flutter (31304): #70     ProxyElement.update (package:flutter/src/widgets/framework.dart:6149)
I/flutter (31304): #71     Element.updateChild (package:flutter/src/widgets/framework.dart:4037)
I/flutter (31304): #72     SingleChildRenderObjectElement.update (package:flutter/src/widgets/framework.dart:7122)
I/flutter (31304): #73     Element.updateChild (package:flutter/src/widgets/framework.dart:4037)
I/flutter (31304): #74     ComponentElement.performRebuild (package:flutter/src/widgets/framework.dart:5841)
I/flutter (31304): #75     StatefulElement.performRebuild (package:flutter/src/widgets/framework.dart:5982)
I/flutter (31304): #76     Element.rebuild (package:flutter/src/widgets/framework.dart:5529)
I/flutter (31304): #77     StatefulElement.update (package:flutter/src/widgets/framework.dart:6007)
I/flutter (31304): #78     Element.updateChild (package:flutter/src/widgets/framework.dart:4037)
I/flutter (31304): #79     ComponentElement.performRebuild (package:flutter/src/widgets/framework.dart:5841)
I/flutter (31304): #80     StatefulElement.performRebuild (package:flutter/src/widgets/framework.dart:5982)
I/flutter (31304): #81     Element.rebuild (package:flutter/src/widgets/framework.dart:5529)
I/flutter (31304): #82     StatefulElement.update (package:flutter/src/widgets/framework.dart:6007)
I/flutter (31304): #83     Element.updateChild (package:flutter/src/widgets/framework.dart:4037)
I/flutter (31304): #84     ComponentElement.performRebuild (package:flutter/src/widgets/framework.dart:5841)
I/flutter (31304): #85     Element.rebuild (package:flutter/src/widgets/framework.dart:5529)
I/flutter (31304): #86     ProxyElement.update (package:flutter/src/widgets/framework.dart:6149)
I/flutter (31304): #87     Element.updateChild (package:flutter/src/widgets/framework.dart:4037)
I/flutter (31304): #88     ComponentElement.performRebuild (package:flutter/src/widgets/framework.dart:5841)
I/flutter (31304): #89     Element.rebuild (package:flutter/src/widgets/framework.dart:5529)
I/flutter (31304): #90     ProxyElement.update (package:flutter/src/widgets/framework.dart:6149)
I/flutter (31304): #91     Element.updateChild (package:flutter/src/widgets/framework.dart:4037)
I/flutter (31304): #92     ComponentElement.performRebuild (package:flutter/src/widgets/framework.dart:5841)
I/flutter (31304): #93     Element.rebuild (package:flutter/src/widgets/framework.dart:5529)
I/flutter (31304): #94     ProxyElement.update (package:flutter/src/widgets/framework.dart:6149)
I/flutter (31304): #95     Element.updateChild (package:flutter/src/widgets/framework.dart:4037)
I/flutter (31304): #96     ComponentElement.performRebuild (package:flutter/src/widgets/framework.dart:5841)
I/flutter (31304): #97     StatefulElement.performRebuild (package:flutter/src/widgets/framework.dart:5982)
I/flutter (31304): #98     Element.rebuild (package:flutter/src/widgets/framework.dart:5529)
I/flutter (31304): #99     StatefulElement.update (package:flutter/src/widgets/framework.dart:6007)
[spm]: ProfilerData event received.
I/flutter (31304): [SPM:perf] 698a51a  buildSpan: 10718µs
I/flutter (31304): [spm] Performance monitoring completed for 698a51a
I/flutter (31304): type '_Stub' is not a subtype of type 'EdgeInsetsGeometry?'
I/flutter (31304): #0      TextBox.build (package:benchmark_container/generated_widget.dart:184)
I/flutter (31304): #1      StatelessElement.build (package:flutter/src/widgets/framework.dart:5889)
I/flutter (31304): #2      ComponentElement.performRebuild (package:flutter/src/widgets/framework.dart:5817)
I/flutter (31304): #3      Element.rebuild (package:flutter/src/widgets/framework.dart:5529)
I/flutter (31304): #4      StatelessElement.update (package:flutter/src/widgets/framework.dart:5895)
I/flutter (31304): #5      Element.updateChild (package:flutter/src/widgets/framework.dart:4037)
I/flutter (31304): #6      Element.updateChildren (package:flutter/src/widgets/framework.dart:4191)
I/flutter (31304): #7      MultiChildRenderObjectElement.update (package:flutter/src/widgets/framework.dart:7295)
I/flutter (31304): #8      Element.updateChild (package:flutter/src/widgets/framework.dart:4037)
I/flutter (31304): #9      SingleChildRenderObjectElement.update (package:flutter/src/widgets/framework.dart:7122)
I/flutter (31304): #10     Element.updateChild (package:flutter/src/widgets/framework.dart:4037)
I/flutter (31304): #11     ComponentElement.performRebuild (package:flutter/src/widgets/framework.dart:5841)
I/flutter (31304): #12     Element.rebuild (package:flutter/src/widgets/framework.dart:5529)
I/flutter (31304): #13     StatelessElement.update (package:flutter/src/widgets/framework.dart:5895)
I/flutter (31304): #14     Element.updateChild (package:flutter/src/widgets/framework.dart:4037)
I/flutter (31304): #15     ComponentElement.performRebuild (package:flutter/src/widgets/framework.dart:5841)
I/flutter (31304): #16     Element.rebuild (package:flutter/src/widgets/framework.dart:5529)
I/flutter (31304): #17     ProxyElement.update (package:flutter/src/widgets/framework.dart:6149)
I/flutter (31304): #18     Element.updateChild (package:flutter/src/widgets/framework.dart:4037)
I/flutter (31304): #19     SingleChildRenderObjectElement.update (package:flutter/src/widgets/framework.dart:7122)
I/flutter (31304): #20     Element.updateChild (package:flutter/src/widgets/framework.dart:4037)
I/flutter (31304): #21     ComponentElement.performRebuild (package:flutter/src/widgets/framework.dart:5841)
I/flutter (31304): #22     Element.rebuild (package:flutter/src/widgets/framework.dart:5529)
I/flutter (31304): #23     StatelessElement.update (package:flutter/src/widgets/framework.dart:5895)
I/flutter (31304): #24     Element.updateChild (package:flutter/src/widgets/framework.dart:4037)
I/flutter (31304): #25     ComponentElement.performRebuild (package:flutter/src/widgets/framework.dart:5841)
I/flutter (31304): #26     Element.rebuild (package:flutter/src/widgets/framework.dart:5529)
I/flutter (31304): #27     StatelessElement.update (package:flutter/src/widgets/framework.dart:5895)
I/flutter (31304): #28     Element.updateChild (package:flutter/src/widgets/framework.dart:4037)
I/flutter (31304): #29     ComponentElement.performRebuild (package:flutter/src/widgets/framework.dart:5841)
I/flutter (31304): #30     Element.rebuild (package:flutter/src/widgets/framework.dart:5529)
I/flutter (31304): #31     StatelessElement.update (package:flutter/src/widgets/framework.dart:5895)
I/flutter (31304): #32     Element.updateChild (package:flutter/src/widgets/framework.dart:4037)
I/flutter (31304): #33     ComponentElement.performRebuild (package:flutter/src/widgets/framework.dart:5841)
I/flutter (31304): #34     Element.rebuild (package:flutter/src/widgets/framework.dart:5529)
I/flutter (31304): #35     ProxyElement.update (package:flutter/src/widgets/framework.dart:6149)
I/flutter (31304): #36     Element.updateChild (package:flutter/src/widgets/framework.dart:4037)
I/flutter (31304): #37     ComponentElement.performRebuild (package:flutter/src/widgets/framework.dart:5841)
I/flutter (31304): #38     Element.rebuild (package:flutter/src/widgets/framework.dart:5529)
I/flutter (31304): #39     ProxyElement.update (package:flutter/src/widgets/framework.dart:6149)
I/flutter (31304): #40     Element.updateChild (package:flutter/src/widgets/framework.dart:4037)
I/flutter (31304): #41     Element.updateChildren (package:flutter/src/widgets/framework.dart:4191)
I/flutter (31304): #42     MultiChildRenderObjectElement.update (package:flutter/src/widgets/framework.dart:7295)
I/flutter (31304): #43     Element.updateChild (package:flutter/src/widgets/framework.dart:4037)
I/flutter (31304): #44     ComponentElement.performRebuild (package:flutter/src/widgets/framework.dart:5841)
I/flutter (31304): #45     Element.rebuild (package:flutter/src/widgets/framework.dart:5529)
I/flutter (31304): #46     ProxyElement.update (package:flutter/src/widgets/framework.dart:6149)
I/flutter (31304): #47     Element.updateChild (package:flutter/src/widgets/framework.dart:4037)
I/flutter (31304): #48     ComponentElement.performRebuild (package:flutter/src/widgets/framework.dart:5841)
I/flutter (31304): #49     StatefulElement.performRebuild (package:flutter/src/widgets/framework.dart:5982)
I/flutter (31304): #50     Element.rebuild (package:flutter/src/widgets/framework.dart:5529)
I/flutter (31304): #51     StatefulElement.update (package:flutter/src/widgets/framework.dart:6007)
I/flutter (31304): #52     Element.updateChild (package:flutter/src/widgets/framework.dart:4037)
I/flutter (31304): #53     ComponentElement.performRebuild (package:flutter/src/widgets/framework.dart:5841)
I/flutter (31304): #54     Element.rebuild (package:flutter/src/widgets/framework.dart:5529)
I/flutter (31304): #55     StatelessElement.update (package:flutter/src/widgets/framework.dart:5895)
I/flutter (31304): #56     Element.updateChild (package:flutter/src/widgets/framework.dart:4037)
I/flutter (31304): #57     ComponentElement.performRebuild (package:flutter/src/widgets/framework.dart:5841)
I/flutter (31304): #58     Element.rebuild (package:flutter/src/widgets/framework.dart:5529)
I/flutter (31304): #59     ProxyElement.update (package:flutter/src/widgets/framework.dart:6149)
I/flutter (31304): #60     Element.updateChild (package:flutter/src/widgets/framework.dart:4037)
I/flutter (31304): #61     ComponentElement.performRebuild (package:flutter/src/widgets/framework.dart:5841)
I/flutter (31304): #62     StatefulElement.performRebuild (package:flutter/src/widgets/framework.dart:5982)
I/flutter (31304): #63     Element.rebuild (package:flutter/src/widgets/framework.dart:5529)
I/flutter (31304): #64     StatefulElement.update (package:flutter/src/widgets/framework.dart:6007)
I/flutter (31304): #65     Element.updateChild (package:flutter/src/widgets/framework.dart:4037)
I/flutter (31304): #66     SingleChildRenderObjectElement.update (package:flutter/src/widgets/framework.dart:7122)
I/flutter (31304): #67     Element.updateChild (package:flutter/src/widgets/framework.dart:4037)
I/flutter (31304): #68     ComponentElement.performRebuild (package:flutter/src/widgets/framework.dart:5841)
I/flutter (31304): #69     Element.rebuild (package:flutter/src/widgets/framework.dart:5529)
I/flutter (31304): #70     ProxyElement.update (package:flutter/src/widgets/framework.dart:6149)
I/flutter (31304): #71     Element.updateChild (package:flutter/src/widgets/framework.dart:4037)
I/flutter (31304): #72     SingleChildRenderObjectElement.update (package:flutter/src/widgets/framework.dart:7122)
I/flutter (31304): #73     Element.updateChild (package:flutter/src/widgets/framework.dart:4037)
I/flutter (31304): #74     ComponentElement.performRebuild (package:flutter/src/widgets/framework.dart:5841)
I/flutter (31304): #75     StatefulElement.performRebuild (package:flutter/src/widgets/framework.dart:5982)
I/flutter (31304): #76     Element.rebuild (package:flutter/src/widgets/framework.dart:5529)
I/flutter (31304): #77     StatefulElement.update (package:flutter/src/widgets/framework.dart:6007)
I/flutter (31304): #78     Element.updateChild (package:flutter/src/widgets/framework.dart:4037)
I/flutter (31304): #79     ComponentElement.performRebuild (package:flutter/src/widgets/framework.dart:5841)
I/flutter (31304): #80     StatefulElement.performRebuild (package:flutter/src/widgets/framework.dart:5982)
I/flutter (31304): #81     Element.rebuild (package:flutter/src/widgets/framework.dart:5529)
I/flutter (31304): #82     StatefulElement.update (package:flutter/src/widgets/framework.dart:6007)
I/flutter (31304): #83     Element.updateChild (package:flutter/src/widgets/framework.dart:4037)
I/flutter (31304): #84     ComponentElement.performRebuild (package:flutter/src/widgets/framework.dart:5841)
I/flutter (31304): #85     Element.rebuild (package:flutter/src/widgets/framework.dart:5529)
I/flutter (31304): #86     ProxyElement.update (package:flutter/src/widgets/framework.dart:6149)
I/flutter (31304): #87     Element.updateChild (package:flutter/src/widgets/framework.dart:4037)
I/flutter (31304): #88     ComponentElement.performRebuild (package:flutter/src/widgets/framework.dart:5841)
I/flutter (31304): #89     Element.rebuild (package:flutter/src/widgets/framework.dart:5529)
I/flutter (31304): #90     ProxyElement.update (package:flutter/src/widgets/framework.dart:6149)
I/flutter (31304): #91     Element.updateChild (package:flutter/src/widgets/framework.dart:4037)
I/flutter (31304): #92     ComponentElement.performRebuild (package:flutter/src/widgets/framework.dart:5841)
I/flutter (31304): #93     Element.rebuild (package:flutter/src/widgets/framework.dart:5529)
I/flutter (31304): #94     ProxyElement.update (package:flutter/src/widgets/framework.dart:6149)
I/flutter (31304): #95     Element.updateChild (package:flutter/src/widgets/framework.dart:4037)
I/flutter (31304): #96     ComponentElement.performRebuild (package:flutter/src/widgets/framework.dart:5841)
I/flutter (31304): #97     StatefulElement.performRebuild (package:flutter/src/widgets/framework.dart:5982)
I/flutter (31304): #98     Element.rebuild (package:flutter/src/widgets/framework.dart:5529)
I/flutter (31304): #99     StatefulElement.update (package:flutter/src/widgets/framework.dart:6007)
I/flutter (31304): [SPM:perf] 698a51a  buildSpan: 10285µs
I/flutter (31304): [spm] Performance monitoring completed for 698a51a
[spm]: ProfilerData event received.
I/flutter (31304): type '_Stub' is not a subtype of type 'EdgeInsetsGeometry?'
I/flutter (31304): #0      TextBox.build (package:benchmark_container/generated_widget.dart:184)
I/flutter (31304): #1      StatelessElement.build (package:flutter/src/widgets/framework.dart:5889)
I/flutter (31304): #2      ComponentElement.performRebuild (package:flutter/src/widgets/framework.dart:5817)
I/flutter (31304): #3      Element.rebuild (package:flutter/src/widgets/framework.dart:5529)
I/flutter (31304): #4      StatelessElement.update (package:flutter/src/widgets/framework.dart:5895)
I/flutter (31304): #5      Element.updateChild (package:flutter/src/widgets/framework.dart:4037)
I/flutter (31304): #6      Element.updateChildren (package:flutter/src/widgets/framework.dart:4191)
I/flutter (31304): #7      MultiChildRenderObjectElement.update (package:flutter/src/widgets/framework.dart:7295)
I/flutter (31304): #8      Element.updateChild (package:flutter/src/widgets/framework.dart:4037)
I/flutter (31304): #9      SingleChildRenderObjectElement.update (package:flutter/src/widgets/framework.dart:7122)
I/flutter (31304): #10     Element.updateChild (package:flutter/src/widgets/framework.dart:4037)
I/flutter (31304): #11     ComponentElement.performRebuild (package:flutter/src/widgets/framework.dart:5841)
I/flutter (31304): #12     Element.rebuild (package:flutter/src/widgets/framework.dart:5529)
I/flutter (31304): #13     StatelessElement.update (package:flutter/src/widgets/framework.dart:5895)
I/flutter (31304): #14     Element.updateChild (package:flutter/src/widgets/framework.dart:4037)
I/flutter (31304): #15     ComponentElement.performRebuild (package:flutter/src/widgets/framework.dart:5841)
I/flutter (31304): #16     Element.rebuild (package:flutter/src/widgets/framework.dart:5529)
I/flutter (31304): #17     ProxyElement.update (package:flutter/src/widgets/framework.dart:6149)
I/flutter (31304): #18     Element.updateChild (package:flutter/src/widgets/framework.dart:4037)
I/flutter (31304): #19     SingleChildRenderObjectElement.update (package:flutter/src/widgets/framework.dart:7122)
I/flutter (31304): #20     Element.updateChild (package:flutter/src/widgets/framework.dart:4037)
I/flutter (31304): #21     ComponentElement.performRebuild (package:flutter/src/widgets/framework.dart:5841)
I/flutter (31304): #22     Element.rebuild (package:flutter/src/widgets/framework.dart:5529)
I/flutter (31304): #23     StatelessElement.update (package:flutter/src/widgets/framework.dart:5895)
I/flutter (31304): #24     Element.updateChild (package:flutter/src/widgets/framework.dart:4037)
I/flutter (31304): #25     ComponentElement.performRebuild (package:flutter/src/widgets/framework.dart:5841)
I/flutter (31304): #26     Element.rebuild (package:flutter/src/widgets/framework.dart:5529)
I/flutter (31304): #27     StatelessElement.update (package:flutter/src/widgets/framework.dart:5895)
I/flutter (31304): #28     Element.updateChild (package:flutter/src/widgets/framework.dart:4037)
I/flutter (31304): #29     ComponentElement.performRebuild (package:flutter/src/widgets/framework.dart:5841)
I/flutter (31304): #30     Element.rebuild (package:flutter/src/widgets/framework.dart:5529)
I/flutter (31304): #31     StatelessElement.update (package:flutter/src/widgets/framework.dart:5895)
I/flutter (31304): #32     Element.updateChild (package:flutter/src/widgets/framework.dart:4037)
I/flutter (31304): #33     ComponentElement.performRebuild (package:flutter/src/widgets/framework.dart:5841)
I/flutter (31304): #34     Element.rebuild (package:flutter/src/widgets/framework.dart:5529)
I/flutter (31304): #35     ProxyElement.update (package:flutter/src/widgets/framework.dart:6149)
I/flutter (31304): #36     Element.updateChild (package:flutter/src/widgets/framework.dart:4037)
I/flutter (31304): #37     ComponentElement.performRebuild (package:flutter/src/widgets/framework.dart:5841)
I/flutter (31304): #38     Element.rebuild (package:flutter/src/widgets/framework.dart:5529)
I/flutter (31304): #39     ProxyElement.update (package:flutter/src/widgets/framework.dart:6149)
I/flutter (31304): #40     Element.updateChild (package:flutter/src/widgets/framework.dart:4037)
I/flutter (31304): #41     Element.updateChildren (package:flutter/src/widgets/framework.dart:4191)
I/flutter (31304): #42     MultiChildRenderObjectElement.update (package:flutter/src/widgets/framework.dart:7295)
I/flutter (31304): #43     Element.updateChild (package:flutter/src/widgets/framework.dart:4037)
I/flutter (31304): #44     ComponentElement.performRebuild (package:flutter/src/widgets/framework.dart:5841)
I/flutter (31304): #45     Element.rebuild (package:flutter/src/widgets/framework.dart:5529)
I/flutter (31304): #46     ProxyElement.update (package:flutter/src/widgets/framework.dart:6149)
I/flutter (31304): #47     Element.updateChild (package:flutter/src/widgets/framework.dart:4037)
I/flutter (31304): #48     ComponentElement.performRebuild (package:flutter/src/widgets/framework.dart:5841)
I/flutter (31304): #49     StatefulElement.performRebuild (package:flutter/src/widgets/framework.dart:5982)
I/flutter (31304): #50     Element.rebuild (package:flutter/src/widgets/framework.dart:5529)
I/flutter (31304): #51     StatefulElement.update (package:flutter/src/widgets/framework.dart:6007)
I/flutter (31304): #52     Element.updateChild (package:flutter/src/widgets/framework.dart:4037)
I/flutter (31304): #53     ComponentElement.performRebuild (package:flutter/src/widgets/framework.dart:5841)
I/flutter (31304): #54     Element.rebuild (package:flutter/src/widgets/framework.dart:5529)
I/flutter (31304): #55     StatelessElement.update (package:flutter/src/widgets/framework.dart:5895)
I/flutter (31304): #56     Element.updateChild (package:flutter/src/widgets/framework.dart:4037)
I/flutter (31304): #57     ComponentElement.performRebuild (package:flutter/src/widgets/framework.dart:5841)
I/flutter (31304): #58     Element.rebuild (package:flutter/src/widgets/framework.dart:5529)
I/flutter (31304): #59     ProxyElement.update (package:flutter/src/widgets/framework.dart:6149)
I/flutter (31304): #60     Element.updateChild (package:flutter/src/widgets/framework.dart:4037)
I/flutter (31304): #61     ComponentElement.performRebuild (package:flutter/src/widgets/framework.dart:5841)
I/flutter (31304): #62     StatefulElement.performRebuild (package:flutter/src/widgets/framework.dart:5982)
I/flutter (31304): #63     Element.rebuild (package:flutter/src/widgets/framework.dart:5529)
I/flutter (31304): #64     StatefulElement.update (package:flutter/src/widgets/framework.dart:6007)
I/flutter (31304): #65     Element.updateChild (package:flutter/src/widgets/framework.dart:4037)
I/flutter (31304): #66     SingleChildRenderObjectElement.update (package:flutter/src/widgets/framework.dart:7122)
I/flutter (31304): #67     Element.updateChild (package:flutter/src/widgets/framework.dart:4037)
I/flutter (31304): #68     ComponentElement.performRebuild (package:flutter/src/widgets/framework.dart:5841)
I/flutter (31304): #69     Element.rebuild (package:flutter/src/widgets/framework.dart:5529)
I/flutter (31304): #70     ProxyElement.update (package:flutter/src/widgets/framework.dart:6149)
I/flutter (31304): #71     Element.updateChild (package:flutter/src/widgets/framework.dart:4037)
I/flutter (31304): #72     SingleChildRenderObjectElement.update (package:flutter/src/widgets/framework.dart:7122)
I/flutter (31304): #73     Element.updateChild (package:flutter/src/widgets/framework.dart:4037)
I/flutter (31304): #74     ComponentElement.performRebuild (package:flutter/src/widgets/framework.dart:5841)
I/flutter (31304): #75     StatefulElement.performRebuild (package:flutter/src/widgets/framework.dart:5982)
I/flutter (31304): #76     Element.rebuild (package:flutter/src/widgets/framework.dart:5529)
I/flutter (31304): #77     StatefulElement.update (package:flutter/src/widgets/framework.dart:6007)
I/flutter (31304): #78     Element.updateChild (package:flutter/src/widgets/framework.dart:4037)
I/flutter (31304): #79     ComponentElement.performRebuild (package:flutter/src/widgets/framework.dart:5841)
I/flutter (31304): #80     StatefulElement.performRebuild (package:flutter/src/widgets/framework.dart:5982)
I/flutter (31304): #81     Element.rebuild (package:flutter/src/widgets/framework.dart:5529)
I/flutter (31304): #82     StatefulElement.update (package:flutter/src/widgets/framework.dart:6007)
I/flutter (31304): #83     Element.updateChild (package:flutter/src/widgets/framework.dart:4037)
I/flutter (31304): #84     ComponentElement.performRebuild (package:flutter/src/widgets/framework.dart:5841)
I/flutter (31304): #85     Element.rebuild (package:flutter/src/widgets/framework.dart:5529)
I/flutter (31304): #86     ProxyElement.update (package:flutter/src/widgets/framework.dart:6149)
I/flutter (31304): #87     Element.updateChild (package:flutter/src/widgets/framework.dart:4037)
I/flutter (31304): #88     ComponentElement.performRebuild (package:flutter/src/widgets/framework.dart:5841)
I/flutter (31304): #89     Element.rebuild (package:flutter/src/widgets/framework.dart:5529)
I/flutter (31304): #90     ProxyElement.update (package:flutter/src/widgets/framework.dart:6149)
I/flutter (31304): #91     Element.updateChild (package:flutter/src/widgets/framework.dart:4037)
I/flutter (31304): #92     ComponentElement.performRebuild (package:flutter/src/widgets/framework.dart:5841)
I/flutter (31304): #93     Element.rebuild (package:flutter/src/widgets/framework.dart:5529)
I/flutter (31304): #94     ProxyElement.update (package:flutter/src/widgets/framework.dart:6149)
I/flutter (31304): #95     Element.updateChild (package:flutter/src/widgets/framework.dart:4037)
I/flutter (31304): #96     ComponentElement.performRebuild (package:flutter/src/widgets/framework.dart:5841)
I/flutter (31304): #97     StatefulElement.performRebuild (package:flutter/src/widgets/framework.dart:5982)
I/flutter (31304): #98     Element.rebuild (package:flutter/src/widgets/framework.dart:5529)
I/flutter (31304): #99     StatefulElement.update (package:flutter/src/widgets/framework.dart:6007)
I/flutter (31304): [SPM:perf] 698a51a  buildSpan: 9679µs
[spm]: ProfilerData event received.
I/flutter (31304): [spm] Performance monitoring completed for 698a51a
I/flutter (31304): type '_Stub' is not a subtype of type 'EdgeInsetsGeometry?'
I/flutter (31304): #0      TextBox.build (package:benchmark_container/generated_widget.dart:184)
I/flutter (31304): #1      StatelessElement.build (package:flutter/src/widgets/framework.dart:5889)
I/flutter (31304): #2      ComponentElement.performRebuild (package:flutter/src/widgets/framework.dart:5817)
I/flutter (31304): #3      Element.rebuild (package:flutter/src/widgets/framework.dart:5529)
I/flutter (31304): #4      StatelessElement.update (package:flutter/src/widgets/framework.dart:5895)
I/flutter (31304): #5      Element.updateChild (package:flutter/src/widgets/framework.dart:4037)
I/flutter (31304): #6      Element.updateChildren (package:flutter/src/widgets/framework.dart:4191)
I/flutter (31304): #7      MultiChildRenderObjectElement.update (package:flutter/src/widgets/framework.dart:7295)
I/flutter (31304): #8      Element.updateChild (package:flutter/src/widgets/framework.dart:4037)
I/flutter (31304): #9      SingleChildRenderObjectElement.update (package:flutter/src/widgets/framework.dart:7122)
I/flutter (31304): #10     Element.updateChild (package:flutter/src/widgets/framework.dart:4037)
I/flutter (31304): #11     ComponentElement.performRebuild (package:flutter/src/widgets/framework.dart:5841)
I/flutter (31304): #12     Element.rebuild (package:flutter/src/widgets/framework.dart:5529)
I/flutter (31304): #13     StatelessElement.update (package:flutter/src/widgets/framework.dart:5895)
I/flutter (31304): #14     Element.updateChild (package:flutter/src/widgets/framework.dart:4037)
I/flutter (31304): #15     ComponentElement.performRebuild (package:flutter/src/widgets/framework.dart:5841)
I/flutter (31304): #16     Element.rebuild (package:flutter/src/widgets/framework.dart:5529)
I/flutter (31304): #17     ProxyElement.update (package:flutter/src/widgets/framework.dart:6149)
I/flutter (31304): #18     Element.updateChild (package:flutter/src/widgets/framework.dart:4037)
I/flutter (31304): #19     SingleChildRenderObjectElement.update (package:flutter/src/widgets/framework.dart:7122)
I/flutter (31304): #20     Element.updateChild (package:flutter/src/widgets/framework.dart:4037)
I/flutter (31304): #21     ComponentElement.performRebuild (package:flutter/src/widgets/framework.dart:5841)
I/flutter (31304): #22     Element.rebuild (package:flutter/src/widgets/framework.dart:5529)
I/flutter (31304): #23     StatelessElement.update (package:flutter/src/widgets/framework.dart:5895)
I/flutter (31304): #24     Element.updateChild (package:flutter/src/widgets/framework.dart:4037)
I/flutter (31304): #25     ComponentElement.performRebuild (package:flutter/src/widgets/framework.dart:5841)
I/flutter (31304): #26     Element.rebuild (package:flutter/src/widgets/framework.dart:5529)
I/flutter (31304): #27     StatelessElement.update (package:flutter/src/widgets/framework.dart:5895)
I/flutter (31304): #28     Element.updateChild (package:flutter/src/widgets/framework.dart:4037)
I/flutter (31304): #29     ComponentElement.performRebuild (package:flutter/src/widgets/framework.dart:5841)
I/flutter (31304): #30     Element.rebuild (package:flutter/src/widgets/framework.dart:5529)
I/flutter (31304): #31     StatelessElement.update (package:flutter/src/widgets/framework.dart:5895)
I/flutter (31304): #32     Element.updateChild (package:flutter/src/widgets/framework.dart:4037)
I/flutter (31304): #33     ComponentElement.performRebuild (package:flutter/src/widgets/framework.dart:5841)
I/flutter (31304): #34     Element.rebuild (package:flutter/src/widgets/framework.dart:5529)
I/flutter (31304): #35     ProxyElement.update (package:flutter/src/widgets/framework.dart:6149)
I/flutter (31304): #36     Element.updateChild (package:flutter/src/widgets/framework.dart:4037)
I/flutter (31304): #37     ComponentElement.performRebuild (package:flutter/src/widgets/framework.dart:5841)
I/flutter (31304): #38     Element.rebuild (package:flutter/src/widgets/framework.dart:5529)
I/flutter (31304): #39     ProxyElement.update (package:flutter/src/widgets/framework.dart:6149)
I/flutter (31304): #40     Element.updateChild (package:flutter/src/widgets/framework.dart:4037)
I/flutter (31304): #41     Element.updateChildren (package:flutter/src/widgets/framework.dart:4191)
I/flutter (31304): #42     MultiChildRenderObjectElement.update (package:flutter/src/widgets/framework.dart:7295)
I/flutter (31304): #43     Element.updateChild (package:flutter/src/widgets/framework.dart:4037)
I/flutter (31304): #44     ComponentElement.performRebuild (package:flutter/src/widgets/framework.dart:5841)
I/flutter (31304): #45     Element.rebuild (package:flutter/src/widgets/framework.dart:5529)
I/flutter (31304): #46     ProxyElement.update (package:flutter/src/widgets/framework.dart:6149)
I/flutter (31304): #47     Element.updateChild (package:flutter/src/widgets/framework.dart:4037)
I/flutter (31304): #48     ComponentElement.performRebuild (package:flutter/src/widgets/framework.dart:5841)
I/flutter (31304): #49     StatefulElement.performRebuild (package:flutter/src/widgets/framework.dart:5982)
I/flutter (31304): #50     Element.rebuild (package:flutter/src/widgets/framework.dart:5529)
I/flutter (31304): #51     StatefulElement.update (package:flutter/src/widgets/framework.dart:6007)
I/flutter (31304): #52     Element.updateChild (package:flutter/src/widgets/framework.dart:4037)
I/flutter (31304): #53     ComponentElement.performRebuild (package:flutter/src/widgets/framework.dart:5841)
I/flutter (31304): #54     Element.rebuild (package:flutter/src/widgets/framework.dart:5529)
I/flutter (31304): #55     StatelessElement.update (package:flutter/src/widgets/framework.dart:5895)
I/flutter (31304): #56     Element.updateChild (package:flutter/src/widgets/framework.dart:4037)
I/flutter (31304): #57     ComponentElement.performRebuild (package:flutter/src/widgets/framework.dart:5841)
I/flutter (31304): #58     Element.rebuild (package:flutter/src/widgets/framework.dart:5529)
I/flutter (31304): #59     ProxyElement.update (package:flutter/src/widgets/framework.dart:6149)
I/flutter (31304): #60     Element.updateChild (package:flutter/src/widgets/framework.dart:4037)
I/flutter (31304): #61     ComponentElement.performRebuild (package:flutter/src/widgets/framework.dart:5841)
I/flutter (31304): #62     StatefulElement.performRebuild (package:flutter/src/widgets/framework.dart:5982)
I/flutter (31304): #63     Element.rebuild (package:flutter/src/widgets/framework.dart:5529)
I/flutter (31304): #64     StatefulElement.update (package:flutter/src/widgets/framework.dart:6007)
I/flutter (31304): #65     Element.updateChild (package:flutter/src/widgets/framework.dart:4037)
I/flutter (31304): #66     SingleChildRenderObjectElement.update (package:flutter/src/widgets/framework.dart:7122)
I/flutter (31304): #67     Element.updateChild (package:flutter/src/widgets/framework.dart:4037)
I/flutter (31304): #68     ComponentElement.performRebuild (package:flutter/src/widgets/framework.dart:5841)
I/flutter (31304): #69     Element.rebuild (package:flutter/src/widgets/framework.dart:5529)
I/flutter (31304): #70     ProxyElement.update (package:flutter/src/widgets/framework.dart:6149)
I/flutter (31304): #71     Element.updateChild (package:flutter/src/widgets/framework.dart:4037)
I/flutter (31304): #72     SingleChildRenderObjectElement.update (package:flutter/src/widgets/framework.dart:7122)
I/flutter (31304): #73     Element.updateChild (package:flutter/src/widgets/framework.dart:4037)
I/flutter (31304): #74     ComponentElement.performRebuild (package:flutter/src/widgets/framework.dart:5841)
I/flutter (31304): #75     StatefulElement.performRebuild (package:flutter/src/widgets/framework.dart:5982)
I/flutter (31304): #76     Element.rebuild (package:flutter/src/widgets/framework.dart:5529)
I/flutter (31304): #77     StatefulElement.update (package:flutter/src/widgets/framework.dart:6007)
I/flutter (31304): #78     Element.updateChild (package:flutter/src/widgets/framework.dart:4037)
I/flutter (31304): #79     ComponentElement.performRebuild (package:flutter/src/widgets/framework.dart:5841)
I/flutter (31304): #80     StatefulElement.performRebuild (package:flutter/src/widgets/framework.dart:5982)
I/flutter (31304): #81     Element.rebuild (package:flutter/src/widgets/framework.dart:5529)
I/flutter (31304): #82     StatefulElement.update (package:flutter/src/widgets/framework.dart:6007)
I/flutter (31304): #83     Element.updateChild (package:flutter/src/widgets/framework.dart:4037)
I/flutter (31304): #84     ComponentElement.performRebuild (package:flutter/src/widgets/framework.dart:5841)
I/flutter (31304): #85     Element.rebuild (package:flutter/src/widgets/framework.dart:5529)
I/flutter (31304): #86     ProxyElement.update (package:flutter/src/widgets/framework.dart:6149)
I/flutter (31304): #87     Element.updateChild (package:flutter/src/widgets/framework.dart:4037)
I/flutter (31304): #88     ComponentElement.performRebuild (package:flutter/src/widgets/framework.dart:5841)
I/flutter (31304): #89     Element.rebuild (package:flutter/src/widgets/framework.dart:5529)
I/flutter (31304): #90     ProxyElement.update (package:flutter/src/widgets/framework.dart:6149)
I/flutter (31304): #91     Element.updateChild (package:flutter/src/widgets/framework.dart:4037)
I/flutter (31304): #92     ComponentElement.performRebuild (package:flutter/src/widgets/framework.dart:5841)
I/flutter (31304): #93     Element.rebuild (package:flutter/src/widgets/framework.dart:5529)
I/flutter (31304): #94     ProxyElement.update (package:flutter/src/widgets/framework.dart:6149)
I/flutter (31304): #95     Element.updateChild (package:flutter/src/widgets/framework.dart:4037)
I/flutter (31304): #96     ComponentElement.performRebuild (package:flutter/src/widgets/framework.dart:5841)
I/flutter (31304): #97     StatefulElement.performRebuild (package:flutter/src/widgets/framework.dart:5982)
I/flutter (31304): #98     Element.rebuild (package:flutter/src/widgets/framework.dart:5529)
I/flutter (31304): #99     StatefulElement.update (package:flutter/src/widgets/framework.dart:6007)
[spm]: ProfilerData event received.
I/flutter (31304): [SPM:perf] 698a51a  buildSpan: 9357µs
I/flutter (31304): [spm] Performance monitoring completed for 698a51a
I/flutter (31304): Multiple exceptions (33) were detected during the running of the current test, and at least one was unexpected.
I/flutter (31304): #0      debugPrintStack (package:flutter/src/foundation/assertions.dart:1213)
I/flutter (31304): #1      FlutterError.dumpErrorToConsole (package:flutter/src/foundation/assertions.dart:1033)
I/flutter (31304): #2      _defaultTestExceptionReporter (package:flutter_test/src/test_exception_reporter.dart:29)
I/flutter (31304): #3      new IntegrationTestWidgetsFlutterBinding.<anonymous closure> (package:integration_test/integration_test.dart:91)
I/flutter (31304): #4      TestWidgetsFlutterBinding._createTestCompletionHandler.<anonymous closure> (package:flutter_test/src/binding.dart:1713)
I/flutter (31304): <asynchronous suspension>
I/flutter (31304): (elided 6 frames from dart:async)
I/flutter (31304): 01:10 +0: Performance Benchmark [E]
I/flutter (31304):   Test failed. See exception logs above.
I/flutter (31304):   The test description was: Performance Benchmark
I/flutter (31304):   
I/flutter (31304): 01:10 +0 -1: (tearDownAll)
I/flutter (31304): 01:11 +1 -1: Some tests failed.
Failure Details:
Failure in method: Performance Benchmark
Instance of 'FlutterErrorDetails'
end of failure 1



[spm]: Saved 30 profiler events to <ROOT>/dataset-new_samples/0452/redmi9t/raw/20260910-173302/rev_002_46f1fb92/e10.jsonl
[spm]: Reverting injection...
30 issues found. (ran in 0.6s)
WARNING: Your Android app project: app located at: <ROOT>/android/app/build.gradle.kts
applies the Kotlin Gradle Plugin, which will cause build failures in future versions of Flutter. 
Please migrate your app to Built-in Kotlin using this guide: https://docs.flutter.dev/release/breaking-changes/migrate-to-built-in-kotlin/for-app-developers

VMServiceFlutterDriver: Connecting to Flutter application at http://127.0.0.1:42311/tObqrpG--vU=/
[spm]: Detected VM service URI: ws://127.0.0.1:42311/tObqrpG--vU=/ws
VMServiceFlutterDriver: Isolate found with number: 5218253056863851
VMServiceFlutterDriver: Isolate 5218253056863851 is runnable.
VMServiceFlutterDriver: Isolate is paused at start.
VMServiceFlutterDriver: Attempting to resume isolate
VMServiceFlutterDriver: Connected to Flutter application.
VMServiceFlutterDriver: request_data message is taking a long time to complete...