# sample_id=0452/rev_002_46f1fb92 exec_index=8 ok=False perf_lines=30 vm_events=30 battery_pct=61 soc_temp_millic=40200 battery_temp_c=34.1 charging=False preflight_started=2026-09-10T19:18:08.541672+00:00 started=2026-09-10T19:18:11.362128+00:00 ts=2026-09-10T19:20:18.385397+00:00
[spm]: Running flutter analyze...
Analyzing lib...                                                

   info • The part-of directive uses a library name. Try converting the directive to use the URI of the library • lib/dependencies.dart:46:1 • use_string_in_part_of_directives
   info • Redundant initialization to 'null'. Try removing the initializer • lib/dependencies.dart:80:11 • avoid_init_to_null
   info • Redundant initialization to 'null'. Try removing the initializer • lib/dependencies.dart:82:12 • avoid_init_to_null
   info • Redundant initialization to 'null'. Try removing the initializer • lib/dependencies.dart:84:9 • avoid_init_to_null
warning • Two elements in a set literal shouldn't be equal. Change or remove the duplicate element • lib/dependencies.dart:94:43 • equal_elements_in_set
warning • Two elements in a set literal shouldn't be equal. Change or remove the duplicate element • lib/dependencies.dart:94:46 • equal_elements_in_set
   info • Constructors in '@immutable' classes should be declared as 'const'. Try adding 'const' to the constructor declaration • lib/dependencies.dart:122:3 • prefer_const_constructors_in_immutables
   info • Constructors in '@immutable' classes should be declared as 'const'. Try adding 'const' to the constructor declaration • lib/dependencies.dart:147:3 • prefer_const_constructors_in_immutables
   info • Constructors in '@immutable' classes should be declared as 'const'. Try adding 'const' to the constructor declaration • lib/dependencies.dart:172:3 • prefer_const_constructors_in_immutables
   info • Constructors in '@immutable' classes should be declared as 'const'. Try adding 'const' to the constructor declaration • lib/dependencies.dart:195:3 • prefer_const_constructors_in_immutables
   info • Constructors in '@immutable' classes should be declared as 'const'. Try adding 'const' to the constructor declaration • lib/dependencies.dart:218:3 • prefer_const_constructors_in_immutables
   info • The variable name 'EEEE' isn't a lowerCamelCase identifier. Try changing the name to follow the lowerCamelCase style • lib/dependencies.dart:308:14 • non_constant_identifier_names
   info • The variable name 'EEEEE' isn't a lowerCamelCase identifier. Try changing the name to follow the lowerCamelCase style • lib/dependencies.dart:309:14 • non_constant_identifier_names
   info • The variable name 'LLL' isn't a lowerCamelCase identifier. Try changing the name to follow the lowerCamelCase style • lib/dependencies.dart:310:14 • non_constant_identifier_names
   info • The variable name 'LLLL' isn't a lowerCamelCase identifier. Try changing the name to follow the lowerCamelCase style • lib/dependencies.dart:311:14 • non_constant_identifier_names
   info • The variable name 'Md' isn't a lowerCamelCase identifier. Try changing the name to follow the lowerCamelCase style • lib/dependencies.dart:313:14 • non_constant_identifier_names
   info • The variable name 'MEd' isn't a lowerCamelCase identifier. Try changing the name to follow the lowerCamelCase style • lib/dependencies.dart:314:14 • non_constant_identifier_names
   info • The variable name 'MMM' isn't a lowerCamelCase identifier. Try changing the name to follow the lowerCamelCase style • lib/dependencies.dart:315:14 • non_constant_identifier_names
   info • The variable name 'MMMd' isn't a lowerCamelCase identifier. Try changing the name to follow the lowerCamelCase style • lib/dependencies.dart:316:14 • non_constant_identifier_names
   info • The variable name 'MMMEd' isn't a lowerCamelCase identifier. Try changing the name to follow the lowerCamelCase style • lib/dependencies.dart:317:14 • non_constant_identifier_names
   info • The variable name 'MMMM' isn't a lowerCamelCase identifier. Try changing the name to follow the lowerCamelCase style • lib/dependencies.dart:318:14 • non_constant_identifier_names
   info • The variable name 'MMMMd' isn't a lowerCamelCase identifier. Try changing the name to follow the lowerCamelCase style • lib/dependencies.dart:319:14 • non_constant_identifier_names
   info • The variable name 'MMMMEEEEd' isn't a lowerCamelCase identifier. Try changing the name to follow the lowerCamelCase style • lib/dependencies.dart:320:14 • non_constant_identifier_names
   info • The variable name 'QQQ' isn't a lowerCamelCase identifier. Try changing the name to follow the lowerCamelCase style • lib/dependencies.dart:321:14 • non_constant_identifier_names
   info • The variable name 'QQQQ' isn't a lowerCamelCase identifier. Try changing the name to follow the lowerCamelCase style • lib/dependencies.dart:322:14 • non_constant_identifier_names
   info • The variable name 'Hm' isn't a lowerCamelCase identifier. Try changing the name to follow the lowerCamelCase style • lib/dependencies.dart:336:14 • non_constant_identifier_names
   info • The variable name 'Hms' isn't a lowerCamelCase identifier. Try changing the name to follow the lowerCamelCase style • lib/dependencies.dart:337:14 • non_constant_identifier_names
   info • Library names are not necessary. Remove the library name • lib/generated_widget.dart:2:9 • unnecessary_library_name
   info • Constructors in '@immutable' classes should be declared as 'const'. Try adding 'const' to the constructor declaration • lib/generated_widget.dart:12:3 • prefer_const_constructors_in_immutables
   info • 'MaterialStatePropertyAll' is deprecated and shouldn't be used. Use WidgetStatePropertyAll instead. Moved to the Widgets layer to make code available outside of Material. This feature was deprecated after v3.19.0-0.3.pre. Try replacing the use of the deprecated member with the replacement • lib/generated_widget.dart:108:20 • deprecated_member_use

[spm]: Injecting profiler code...
[spm]: Starting app...
Running Gradle task 'assembleProfile'...                        
Running Gradle task 'assembleProfile'...                           21.9s
✓ Built build/app/outputs/flutter-apk/app-profile.apk (26.8MB)
Installing build/app/outputs/flutter-apk/app-profile.apk...      1,221ms
D/DecorView[](27114): getWindowModeFromSystem  windowmode is 1
I/ForceDarkHelperStubImpl(27114): setViewRootImplForceDark: false for com.example.benchmark_container.MainActivity@e6f428d, reason: AppDarkModeEnable
I/ForceDarkHelperStubImpl(27114): setViewRootImplForceDark: false for com.example.benchmark_container.MainActivity@e6f428d, reason: AppDarkModeEnable
D/DecorView[](27114): getWindowModeFromSystem  windowmode is 1
D/DecorView[](27114): updateDecorCaptionStatus displayWindowDecor is false
W/Looper  (27114): PerfMonitor looperActivity : package=com.example.benchmark_container/.MainActivity time=358ms latency=369ms running=0ms  procState=-1  historyMsgCount=3 (msgIndex=3 wall=359ms seq=3 h=android.app.ActivityThread$H w=110)
W/Looper  (27114): PerfMonitor looperActivity : package=com.example.benchmark_container/.MainActivity time=0ms latency=729ms running=0ms  procState=-1  historyMsgCount=4 (msgIndex=3 wall=359ms seq=3 h=android.app.ActivityThread$H w=110) (msgIndex=4 wall=358ms seq=4 h=android.app.ActivityThread$H w=159)
D/SurfaceView(27114): UPDATE null, mIsCastMode = false
D/hw-ProcessState(27114): Binder ioctl to enable oneway spam detection failed: Invalid argument
W/Looper  (27114): PerfMonitor longMsg : seq=8 plan=22:18:53.013 late=355ms wall=1665ms running=0ms h=android.view.Choreographer$FrameHandler c=android.view.Choreographer$FrameDisplayEventReceiver procState=-1
W/Looper  (27114): PerfMonitor doFrame : time=1665ms vsyncFrame=0 latency=355ms procState=-1 historyMsgCount=4 (msgIndex=1 wall=1665ms seq=8 late=355ms h=android.view.Choreographer$FrameHandler c=android.view.Choreographer$FrameDisplayEventReceiver)
I/Choreographer(27114): Skipped 94 frames!  The application may be doing too much work on its main thread.
D/SurfaceView(27114): UPDATE Surface(name=SurfaceView[com.example.benchmark_container/com.example.benchmark_container.MainActivity])/@0xca20cbb, mIsProjectionMode = false
W/Looper  (27114): PerfMonitor doFrame : time=4ms vsyncFrame=0 latency=1575ms procState=-1 historyMsgCount=4
[spm]: Connected to Dart VM service.
I/flutter (27114): 00:00 +0: Performance Benchmark
E/hmark_containe(27114): open libmigui.so failed! dlopen - dlopen failed: library "libmigui.so" not found
D/hmark_containe(27114): MiuiProcessManagerServiceStub setSchedFifo
I/MiuiProcessManagerImpl(27114): setSchedFifo pid:27114, mode:3
D/DecorView[](27114): onWindowFocusChanged hasWindowFocus true
I/flutter (27114): type 'BoxParentData' is not a subtype of type 'FlexParentData' in type cast
I/flutter (27114): #0      Flexible.applyParentData (package:flutter/src/widgets/basic.dart:6069)
I/flutter (27114): #1      RenderObjectElement._updateParentData (package:flutter/src/widgets/framework.dart:6901)
I/flutter (27114): #2      RenderObjectElement.attachRenderObject (package:flutter/src/widgets/framework.dart:6945)
I/flutter (27114): #3      RenderObjectElement.mount (package:flutter/src/widgets/framework.dart:6801)
I/flutter (27114): #4      SingleChildRenderObjectElement.mount (package:flutter/src/widgets/framework.dart:7114)
I/flutter (27114): #5      Element.inflateWidget (package:flutter/src/widgets/framework.dart:4587)
I/flutter (27114): #6      Element.updateChild (package:flutter/src/widgets/framework.dart:4059)
I/flutter (27114): #7      ComponentElement.performRebuild (package:flutter/src/widgets/framework.dart:5841)
I/flutter (27114): #8      Element.rebuild (package:flutter/src/widgets/framework.dart:5529)
I/flutter (27114): #9      ComponentElement._firstBuild (package:flutter/src/widgets/framework.dart:5799)
I/flutter (27114): #10     ComponentElement.mount (package:flutter/src/widgets/framework.dart:5793)
I/flutter (27114): #11     Element.inflateWidget (package:flutter/src/widgets/framework.dart:4587)
I/flutter (27114): #12     Element.updateChild (package:flutter/src/widgets/framework.dart:4059)
I/flutter (27114): #13     SingleChildRenderObjectElement.mount (package:flutter/src/widgets/framework.dart:7115)
I/flutter (27114): #14     Element.inflateWidget (package:flutter/src/widgets/framework.dart:4587)
I/flutter (27114): #15     Element.updateChild (package:flutter/src/widgets/framework.dart:4059)
I/flutter (27114): #16     SingleChildRenderObjectElement.mount (package:flutter/src/widgets/framework.dart:7115)
I/flutter (27114): #17     Element.inflateWidget (package:flutter/src/widgets/framework.dart:4587)
I/flutter (27114): #18     Element.updateChild (package:flutter/src/widgets/framework.dart:4059)
I/flutter (27114): #19     SingleChildRenderObjectElement.mount (package:flutter/src/widgets/framework.dart:7115)
I/flutter (27114): #20     Element.inflateWidget (package:flutter/src/widgets/framework.dart:4587)
I/flutter (27114): #21     Element.updateChild (package:flutter/src/widgets/framework.dart:4059)
I/flutter (27114): #22     ComponentElement.performRebuild (package:flutter/src/widgets/framework.dart:5841)
I/flutter (27114): #23     Element.rebuild (package:flutter/src/widgets/framework.dart:5529)
I/flutter (27114): #24     ComponentElement._firstBuild (package:flutter/src/widgets/framework.dart:5799)
I/flutter (27114): #25     ComponentElement.mount (package:flutter/src/widgets/framework.dart:5793)
I/flutter (27114): #26     Element.inflateWidget (package:flutter/src/widgets/framework.dart:4587)
I/flutter (27114): #27     Element.updateChild (package:flutter/src/widgets/framework.dart:4059)
I/flutter (27114): #28     SingleChildRenderObjectElement.mount (package:flutter/src/widgets/framework.dart:7115)
I/flutter (27114): #29     Element.inflateWidget (package:flutter/src/widgets/framework.dart:4587)
I/flutter (27114): #30     Element.updateChild (package:flutter/src/widgets/framework.dart:4059)
I/flutter (27114): #31     SingleChildRenderObjectElement.mount (package:flutter/src/widgets/framework.dart:7115)
I/flutter (27114): #32     Element.inflateWidget (package:flutter/src/widgets/framework.dart:4587)
I/flutter (27114): #33     Element.updateChild (package:flutter/src/widgets/framework.dart:4059)
I/flutter (27114): #34     SingleChildRenderObjectElement.mount (package:flutter/src/widgets/framework.dart:7115)
I/flutter (27114): #35     Element.inflateWidget (package:flutter/src/widgets/framework.dart:4587)
I/flutter (27114): #36     Element.updateChild (package:flutter/src/widgets/framework.dart:4059)
I/flutter (27114): #37     ComponentElement.performRebuild (package:flutter/src/widgets/framework.dart:5841)
I/flutter (27114): #38     StatefulElement.performRebuild (package:flutter/src/widgets/framework.dart:5982)
I/flutter (27114): #39     Element.rebuild (package:flutter/src/widgets/framework.dart:5529)
I/flutter (27114): #40     ComponentElement._firstBuild (package:flutter/src/widgets/framework.dart:5799)
I/flutter (27114): #41     StatefulElement._firstBuild (package:flutter/src/widgets/framework.dart:5973)
I/flutter (27114): #42     ComponentElement.mount (package:flutter/src/widgets/framework.dart:5793)
I/flutter (27114): #43     Element.inflateWidget (package:flutter/src/widgets/framework.dart:4587)
I/flutter (27114): #44     Element.updateChild (package:flutter/src/widgets/framework.dart:4059)
I/flutter (27114): #45     ComponentElement.performRebuild (package:flutter/src/widgets/framework.dart:5841)
I/flutter (27114): #46     Element.rebuild (package:flutter/src/widgets/framework.dart:5529)
I/flutter (27114): #47     ComponentElement._firstBuild (package:flutter/src/widgets/framework.dart:5799)
I/flutter (27114): #48     ComponentElement.mount (package:flutter/src/widgets/framework.dart:5793)
I/flutter (27114): #49     Element.inflateWidget (package:flutter/src/widgets/framework.dart:4587)
I/flutter (27114): #50     Element.updateChild (package:flutter/src/widgets/framework.dart:4059)
I/flutter (27114): #51     SingleChildRenderObjectElement.mount (package:flutter/src/widgets/framework.dart:7115)
I/flutter (27114): #52     Element.inflateWidget (package:flutter/src/widgets/framework.dart:4587)
I/flutter (27114): #53     Element.updateChild (package:flutter/src/widgets/framework.dart:4059)
I/flutter (27114): #54     ComponentElement.performRebuild (package:flutter/src/widgets/framework.dart:5841)
I/flutter (27114): #55     Element.rebuild (package:flutter/src/widgets/framework.dart:5529)
I/flutter (27114): #56     ComponentElement._firstBuild (package:flutter/src/widgets/framework.dart:5799)
I/flutter (27114): #57     ComponentElement.mount (package:flutter/src/widgets/framework.dart:5793)
I/flutter (27114): #58     Element.inflateWidget (package:flutter/src/widgets/framework.dart:4587)
I/flutter (27114): #59     Element.updateChild (package:flutter/src/widgets/framework.dart:4059)
I/flutter (27114): #60     ComponentElement.performRebuild (package:flutter/src/widgets/framework.dart:5841)
I/flutter (27114): #61     Element.rebuild (package:flutter/src/widgets/framework.dart:5529)
I/flutter (27114): #62     ComponentElement._firstBuild (package:flutter/src/widgets/framework.dart:5799)
I/flutter (27114): #63     ComponentElement.mount (package:flutter/src/widgets/framework.dart:5793)
I/flutter (27114): #64     Element.inflateWidget (package:flutter/src/widgets/framework.dart:4587)
I/flutter (27114): #65     Element.updateChild (package:flutter/src/widgets/framework.dart:4059)
I/flutter (27114): #66     SingleChildRenderObjectElement.mount (package:flutter/src/widgets/framework.dart:7115)
I/flutter (27114): #67     Element.inflateWidget (package:flutter/src/widgets/framework.dart:4587)
I/flutter (27114): #68     Element.updateChild (package:flutter/src/widgets/framework.dart:4059)
I/flutter (27114): #69     SingleChildRenderObjectElement.mount (package:flutter/src/widgets/framework.dart:7115)
I/flutter (27114): #70     Element.inflateWidget (package:flutter/src/widgets/framework.dart:4587)
I/flutter (27114): #71     Element.updateChild (package:flutter/src/widgets/framework.dart:4059)
I/flutter (27114): #72     ComponentElement.performRebuild (package:flutter/src/widgets/framework.dart:5841)
I/flutter (27114): #73     Element.rebuild (package:flutter/src/widgets/framework.dart:5529)
I/flutter (27114): #74     ComponentElement._firstBuild (package:flutter/src/widgets/framework.dart:5799)
I/flutter (27114): #75     ComponentElement.mount (package:flutter/src/widgets/framework.dart:5793)
I/flutter (27114): #76     Element.inflateWidget (package:flutter/src/widgets/framework.dart:4587)
I/flutter (27114): #77     Element.updateChild (package:flutter/src/widgets/framework.dart:4059)
I/flutter (27114): #78     ComponentElement.performRebuild (package:flutter/src/widgets/framework.dart:5841)
I/flutter (27114): #79     StatefulElement.performRebuild (package:flutter/src/widgets/framework.dart:5982)
I/flutter (27114): #80     Element.rebuild (package:flutter/src/widgets/framework.dart:5529)
I/flutter (27114): #81     ComponentElement._firstBuild (package:flutter/src/widgets/framework.dart:5799)
I/flutter (27114): #82     StatefulElement._firstBuild (package:flutter/src/widgets/framework.dart:5973)
I/flutter (27114): #83     ComponentElement.mount (package:flutter/src/widgets/framework.dart:5793)
I/flutter (27114): #84     Element.inflateWidget (package:flutter/src/widgets/framework.dart:4587)
I/flutter (27114): #85     Element.updateChild (package:flutter/src/widgets/framework.dart:4059)
I/flutter (27114): #86     ComponentElement.performRebuild (package:flutter/src/widgets/framework.dart:5841)
I/flutter (27114): #87     Element.rebuild (package:flutter/src/widgets/framework.dart:5529)
I/flutter (27114): #88     ComponentElement._firstBuild (package:flutter/src/widgets/framework.dart:5799)
I/flutter (27114): #89     ComponentElement.mount (package:flutter/src/widgets/framework.dart:5793)
I/flutter (27114): #90     Element.inflateWidget (package:flutter/src/widgets/framework.dart:4587)
I/flutter (27114): #91     Element.updateChild (package:flutter/src/widgets/framework.dart:4059)
I/flutter (27114): #92     ComponentElement.performRebuild (package:flutter/src/widgets/framework.dart:5841)
I/flutter (27114): #93     StatefulElement.performRebuild (package:flutter/src/widgets/framework.dart:5982)
I/flutter (27114): #94     Element.rebuild (package:flutter/src/widgets/framework.dart:5529)
I/flutter (27114): #95     ComponentElement._firstBuild (package:flutter/src/widgets/framework.dart:5799)
I/flutter (27114): #96     StatefulElement._firstBuild (package:flutter/src/widgets/framework.dart:5973)
I/flutter (27114): #97     ComponentElement.mount (package:flutter/src/widgets/framework.dart:5793)
I/flutter (27114): #98     Element.inflateWidget (package:flutter/src/widgets/framework.dart:4587)
I/flutter (27114): #99     Element.updateChild (package:flutter/src/widgets/framework.dart:4059)
I/flutter (27114): type 'BoxParentData' is not a subtype of type 'FlexParentData' in type cast
I/flutter (27114): #0      Flexible.applyParentData (package:flutter/src/widgets/basic.dart:6069)
I/flutter (27114): #1      RenderObjectElement._updateParentData (package:flutter/src/widgets/framework.dart:6901)
I/flutter (27114): #2      RenderObjectElement.attachRenderObject (package:flutter/src/widgets/framework.dart:6945)
I/flutter (27114): #3      RenderObjectElement.mount (package:flutter/src/widgets/framework.dart:6801)
I/flutter (27114): #4      Element.inflateWidget (package:flutter/src/widgets/framework.dart:4587)
I/flutter (27114): #5      Element.updateChild (package:flutter/src/widgets/framework.dart:4059)
I/flutter (27114): #6      ComponentElement.performRebuild (package:flutter/src/widgets/framework.dart:5858)
I/flutter (27114): #7      Element.rebuild (package:flutter/src/widgets/framework.dart:5529)
I/flutter (27114): #8      ComponentElement._firstBuild (package:flutter/src/widgets/framework.dart:5799)
I/flutter (27114): #9      ComponentElement.mount (package:flutter/src/widgets/framework.dart:5793)
I/flutter (27114): #10     Element.inflateWidget (package:flutter/src/widgets/framework.dart:4587)
I/flutter (27114): #11     Element.updateChild (package:flutter/src/widgets/framework.dart:4059)
I/flutter (27114): #12     SingleChildRenderObjectElement.mount (package:flutter/src/widgets/framework.dart:7115)
I/flutter (27114): #13     Element.inflateWidget (package:flutter/src/widgets/framework.dart:4587)
I/flutter (27114): #14     Element.updateChild (package:flutter/src/widgets/framework.dart:4059)
I/flutter (27114): #15     SingleChildRenderObjectElement.mount (package:flutter/src/widgets/framework.dart:7115)
I/flutter (27114): #16     Element.inflateWidget (package:flutter/src/widgets/framework.dart:4587)
I/flutter (27114): #17     Element.updateChild (package:flutter/src/widgets/framework.dart:4059)
I/flutter (27114): #18     SingleChildRenderObjectElement.mount (package:flutter/src/widgets/framework.dart:7115)
I/flutter (27114): #19     Element.inflateWidget (package:flutter/src/widgets/framework.dart:4587)
I/flutter (27114): #20     Element.updateChild (package:flutter/src/widgets/framework.dart:4059)
I/flutter (27114): #21     ComponentElement.performRebuild (package:flutter/src/widgets/framework.dart:5841)
I/flutter (27114): #22     Element.rebuild (package:flutter/src/widgets/framework.dart:5529)
I/flutter (27114): #23     ComponentElement._firstBuild (package:flutter/src/widgets/framework.dart:5799)
I/flutter (27114): #24     ComponentElement.mount (package:flutter/src/widgets/framework.dart:5793)
I/flutter (27114): #25     Element.inflateWidget (package:flutter/src/widgets/framework.dart:4587)
I/flutter (27114): #26     Element.updateChild (package:flutter/src/widgets/framework.dart:4059)
I/flutter (27114): #27     SingleChildRenderObjectElement.mount (package:flutter/src/widgets/framework.dart:7115)
I/flutter (27114): #28     Element.inflateWidget (package:flutter/src/widgets/framework.dart:4587)
I/flutter (27114): #29     Element.updateChild (package:flutter/src/widgets/framework.dart:4059)
I/flutter (27114): #30     SingleChildRenderObjectElement.mount (package:flutter/src/widgets/framework.dart:7115)
I/flutter (27114): #31     Element.inflateWidget (package:flutter/src/widgets/framework.dart:4587)
I/flutter (27114): #32     Element.updateChild (package:flutter/src/widgets/framework.dart:4059)
I/flutter (27114): #33     SingleChildRenderObjectElement.mount (package:flutter/src/widgets/framework.dart:7115)
I/flutter (27114): #34     Element.inflateWidget (package:flutter/src/widgets/framework.dart:4587)
I/flutter (27114): #35     Element.updateChild (package:flutter/src/widgets/framework.dart:4059)
I/flutter (27114): #36     ComponentElement.performRebuild (package:flutter/src/widgets/framework.dart:5841)
I/flutter (27114): #37     StatefulElement.performRebuild (package:flutter/src/widgets/framework.dart:5982)
I/flutter (27114): #38     Element.rebuild (package:flutter/src/widgets/framework.dart:5529)
I/flutter (27114): #39     ComponentElement._firstBuild (package:flutter/src/widgets/framework.dart:5799)
I/flutter (27114): #40     StatefulElement._firstBuild (package:flutter/src/widgets/framework.dart:5973)
I/flutter (27114): #41     ComponentElement.mount (package:flutter/src/widgets/framework.dart:5793)
I/flutter (27114): #42     Element.inflateWidget (package:flutter/src/widgets/framework.dart:4587)
I/flutter (27114): #43     Element.updateChild (package:flutter/src/widgets/framework.dart:4059)
I/flutter (27114): #44     ComponentElement.performRebuild (package:flutter/src/widgets/framework.dart:5841)
I/flutter (27114): #45     Element.rebuild (package:flutter/src/widgets/framework.dart:5529)
I/flutter (27114): #46     ComponentElement._firstBuild (package:flutter/src/widgets/framework.dart:5799)
I/flutter (27114): #47     ComponentElement.mount (package:flutter/src/widgets/framework.dart:5793)
D/DecorView[](27114): getWindowModeFromSystem  windowmode is 1
D/DecorView[](27114): updateDecorCaptionStatus displayWindowDecor is false
D/ProfileInstaller(27114): Installing profile for com.example.benchmark_container
I/flutter (27114): #48     Element.inflateWidget (package:flutter/src/widgets/framework.dart:4587)
I/flutter (27114): #49     Element.updateChild (package:flutter/src/widgets/framework.dart:4059)
I/flutter (27114): #50     SingleChildRenderObjectElement.mount (package:flutter/src/widgets/framework.dart:7115)
I/flutter (27114): #51     Element.inflateWidget (package:flutter/src/widgets/framework.dart:4587)
I/flutter (27114): #52     Element.updateChild (package:flutter/src/widgets/framework.dart:4059)
I/flutter (27114): #53     ComponentElement.performRebuild (package:flutter/src/widgets/framework.dart:5841)
I/flutter (27114): #54     Element.rebuild (package:flutter/src/widgets/framework.dart:5529)
I/flutter (27114): #55     ComponentElement._firstBuild (package:flutter/src/widgets/framework.dart:5799)
I/flutter (27114): #56     ComponentElement.mount (package:flutter/src/widgets/framework.dart:5793)
I/flutter (27114): #57     Element.inflateWidget (package:flutter/src/widgets/framework.dart:4587)
I/flutter (27114): #58     Element.updateChild (package:flutter/src/widgets/framework.dart:4059)
I/flutter (27114): #59     ComponentElement.performRebuild (package:flutter/src/widgets/framework.dart:5841)
I/flutter (27114): #60     Element.rebuild (package:flutter/src/widgets/framework.dart:5529)
I/flutter (27114): #61     ComponentElement._firstBuild (package:flutter/src/widgets/framework.dart:5799)
I/flutter (27114): #62     ComponentElement.mount (package:flutter/src/widgets/framework.dart:5793)
I/flutter (27114): #63     Element.inflateWidget (package:flutter/src/widgets/framework.dart:4587)
I/flutter (27114): #64     Element.updateChild (package:flutter/src/widgets/framework.dart:4059)
I/flutter (27114): #65     SingleChildRenderObjectElement.mount (package:flutter/src/widgets/framework.dart:7115)
I/flutter (27114): #66     Element.inflateWidget (package:flutter/src/widgets/framework.dart:4587)
I/flutter (27114): #67     Element.updateChild (package:flutter/src/widgets/framework.dart:4059)
I/flutter (27114): #68     SingleChildRenderObjectElement.mount (package:flutter/src/widgets/framework.dart:7115)
I/flutter (27114): #69     Element.inflateWidget (package:flutter/src/widgets/framework.dart:4587)
I/flutter (27114): #70     Element.updateChild (package:flutter/src/widgets/framework.dart:4059)
I/flutter (27114): #71     ComponentElement.performRebuild (package:flutter/src/widgets/framework.dart:5841)
I/flutter (27114): #72     Element.rebuild (package:flutter/src/widgets/framework.dart:5529)
I/flutter (27114): #73     ComponentElement._firstBuild (package:flutter/src/widgets/framework.dart:5799)
I/flutter (27114): #74     ComponentElement.mount (package:flutter/src/widgets/framework.dart:5793)
I/flutter (27114): #75     Element.inflateWidget (package:flutter/src/widgets/framework.dart:4587)
I/flutter (27114): #76     Element.updateChild (package:flutter/src/widgets/framework.dart:4059)
I/flutter (27114): #77     ComponentElement.performRebuild (package:flutter/src/widgets/framework.dart:5841)
I/flutter (27114): #78     StatefulElement.performRebuild (package:flutter/src/widgets/framework.dart:5982)
I/flutter (27114): #79     Element.rebuild (package:flutter/src/widgets/framework.dart:5529)
I/flutter (27114): #80     ComponentElement._firstBuild (package:flutter/src/widgets/framework.dart:5799)
I/flutter (27114): #81     StatefulElement._firstBuild (package:flutter/src/widgets/framework.dart:5973)
I/flutter (27114): #82     ComponentElement.mount (package:flutter/src/widgets/framework.dart:5793)
I/flutter (27114): #83     Element.inflateWidget (package:flutter/src/widgets/framework.dart:4587)
I/flutter (27114): #84     Element.updateChild (package:flutter/src/widgets/framework.dart:4059)
I/flutter (27114): #85     ComponentElement.performRebuild (package:flutter/src/widgets/framework.dart:5841)
I/flutter (27114): #86     Element.rebuild (package:flutter/src/widgets/framework.dart:5529)
I/flutter (27114): #87     ComponentElement._firstBuild (package:flutter/src/widgets/framework.dart:5799)
I/flutter (27114): #88     ComponentElement.mount (package:flutter/src/widgets/framework.dart:5793)
I/flutter (27114): #89     Element.inflateWidget (package:flutter/src/widgets/framework.dart:4587)
I/flutter (27114): #90     Element.updateChild (package:flutter/src/widgets/framework.dart:4059)
I/flutter (27114): #91     ComponentElement.performRebuild (package:flutter/src/widgets/framework.dart:5841)
I/flutter (27114): #92     StatefulElement.performRebuild (package:flutter/src/widgets/framework.dart:5982)
I/flutter (27114): #93     Element.rebuild (package:flutter/src/widgets/framework.dart:5529)
I/flutter (27114): #94     ComponentElement._firstBuild (package:flutter/src/widgets/framework.dart:5799)
I/flutter (27114): #95     StatefulElement._firstBuild (package:flutter/src/widgets/framework.dart:5973)
I/flutter (27114): #96     ComponentElement.mount (package:flutter/src/widgets/framework.dart:5793)
I/flutter (27114): #97     Element.inflateWidget (package:flutter/src/widgets/framework.dart:4587)
I/flutter (27114): #98     Element.updateChild (package:flutter/src/widgets/framework.dart:4059)
I/flutter (27114): #99     ComponentElement.performRebuild (package:flutter/src/widgets/framework.dart:5841)
I/flutter (27114): type '_Stub' is not a subtype of type 'EdgeInsetsGeometry?'
I/flutter (27114): #0      TextBox.build (package:benchmark_container/generated_widget.dart:184)
I/flutter (27114): #1      StatelessElement.build (package:flutter/src/widgets/framework.dart:5889)
I/flutter (27114): #2      ComponentElement.performRebuild (package:flutter/src/widgets/framework.dart:5817)
I/flutter (27114): #3      Element.rebuild (package:flutter/src/widgets/framework.dart:5529)
I/flutter (27114): #4      ComponentElement._firstBuild (package:flutter/src/widgets/framework.dart:5799)
I/flutter (27114): #5      ComponentElement.mount (package:flutter/src/widgets/framework.dart:5793)
I/flutter (27114): #6      Element.inflateWidget (package:flutter/src/widgets/framework.dart:4587)
I/flutter (27114): #7      MultiChildRenderObjectElement.inflateWidget (package:flutter/src/widgets/framework.dart:7264)
I/flutter (27114): #8      MultiChildRenderObjectElement.mount (package:flutter/src/widgets/framework.dart:7279)
I/flutter (27114): #9      Element.inflateWidget (package:flutter/src/widgets/framework.dart:4587)
I/flutter (27114): #10     Element.updateChild (package:flutter/src/widgets/framework.dart:4059)
I/flutter (27114): #11     SingleChildRenderObjectElement.mount (package:flutter/src/widgets/framework.dart:7115)
I/flutter (27114): #12     Element.inflateWidget (package:flutter/src/widgets/framework.dart:4587)
I/flutter (27114): #13     Element.updateChild (package:flutter/src/widgets/framework.dart:4059)
I/flutter (27114): #14     ComponentElement.performRebuild (package:flutter/src/widgets/framework.dart:5841)
I/flutter (27114): #15     Element.rebuild (package:flutter/src/widgets/framework.dart:5529)
I/flutter (27114): #16     ComponentElement._firstBuild (package:flutter/src/widgets/framework.dart:5799)
I/flutter (27114): #17     ComponentElement.mount (package:flutter/src/widgets/framework.dart:5793)
I/flutter (27114): #18     Element.inflateWidget (package:flutter/src/widgets/framework.dart:4587)
I/flutter (27114): #19     Element.updateChild (package:flutter/src/widgets/framework.dart:4059)
I/flutter (27114): #20     ComponentElement.performRebuild (package:flutter/src/widgets/framework.dart:5841)
I/flutter (27114): #21     Element.rebuild (package:flutter/src/widgets/framework.dart:5529)
I/flutter (27114): #22     ComponentElement._firstBuild (package:flutter/src/widgets/framework.dart:5799)
I/flutter (27114): #23     ComponentElement.mount (package:flutter/src/widgets/framework.dart:5793)
I/flutter (27114): #24     Element.inflateWidget (package:flutter/src/widgets/framework.dart:4587)
I/flutter (27114): #25     Element.updateChild (package:flutter/src/widgets/framework.dart:4059)
I/flutter (27114): #26     SingleChildRenderObjectElement.mount (package:flutter/src/widgets/framework.dart:7115)
I/flutter (27114): #27     Element.inflateWidget (package:flutter/src/widgets/framework.dart:4587)
I/flutter (27114): #28     Element.updateChild (package:flutter/src/widgets/framework.dart:4059)
I/flutter (27114): #29     ComponentElement.performRebuild (package:flutter/src/widgets/framework.dart:5841)
I/flutter (27114): #30     Element.rebuild (package:flutter/src/widgets/framework.dart:5529)
I/flutter (27114): #31     ComponentElement._firstBuild (package:flutter/src/widgets/framework.dart:5799)
I/flutter (27114): #32     ComponentElement.mount (package:flutter/src/widgets/framework.dart:5793)
I/flutter (27114): #33     Element.inflateWidget (package:flutter/src/widgets/framework.dart:4587)
I/flutter (27114): #34     Element.updateChild (package:flutter/src/widgets/framework.dart:4059)
I/flutter (27114): #35     ComponentElement.performRebuild (package:flutter/src/widgets/framework.dart:5841)
I/flutter (27114): #36     Element.rebuild (package:flutter/src/widgets/framework.dart:5529)
I/flutter (27114): #37     ComponentElement._firstBuild (package:flutter/src/widgets/framework.dart:5799)
I/flutter (27114): #38     ComponentElement.mount (package:flutter/src/widgets/framework.dart:5793)
I/flutter (27114): #39     Element.inflateWidget (package:flutter/src/widgets/framework.dart:4587)
I/flutter (27114): #40     Element.updateChild (package:flutter/src/widgets/framework.dart:4059)
I/flutter (27114): #41     ComponentElement.performRebuild (package:flutter/src/widgets/framework.dart:5841)
I/flutter (27114): #42     Element.rebuild (package:flutter/src/widgets/framework.dart:5529)
I/flutter (27114): #43     ComponentElement._firstBuild (package:flutter/src/widgets/framework.dart:5799)
I/flutter (27114): #44     ComponentElement.mount (package:flutter/src/widgets/framework.dart:5793)
I/flutter (27114): #45     Element.inflateWidget (package:flutter/src/widgets/framework.dart:4587)
I/flutter (27114): #46     Element.updateChild (package:flutter/src/widgets/framework.dart:4059)
I/flutter (27114): #47     ComponentElement.performRebuild (package:flutter/src/widgets/framework.dart:5841)
I/flutter (27114): #48     Element.rebuild (package:flutter/src/widgets/framework.dart:5529)
I/flutter (27114): #49     ComponentElement._firstBuild (package:flutter/src/widgets/framework.dart:5799)
I/flutter (27114): #50     ComponentElement.mount (package:flutter/src/widgets/framework.dart:5793)
I/flutter (27114): #51     Element.inflateWidget (package:flutter/src/widgets/framework.dart:4587)
I/flutter (27114): #52     Element.updateChild (package:flutter/src/widgets/framework.dart:4059)
I/flutter (27114): #53     ComponentElement.performRebuild (package:flutter/src/widgets/framework.dart:5841)
I/flutter (27114): #54     Element.rebuild (package:flutter/src/widgets/framework.dart:5529)
I/flutter (27114): #55     ComponentElement._firstBuild (package:flutter/src/widgets/framework.dart:5799)
I/flutter (27114): #56     ComponentElement.mount (package:flutter/src/widgets/framework.dart:5793)
I/flutter (27114): #57     Element.inflateWidget (package:flutter/src/widgets/framework.dart:4587)
I/flutter (27114): #58     MultiChildRenderObjectElement.inflateWidget (package:flutter/src/widgets/framework.dart:7264)
I/flutter (27114): #59     MultiChildRenderObjectElement.mount (package:flutter/src/widgets/framework.dart:7279)
I/flutter (27114): #60     Element.inflateWidget (package:flutter/src/widgets/framework.dart:4587)
I/flutter (27114): #61     Element.updateChild (package:flutter/src/widgets/framework.dart:4059)
I/flutter (27114): #62     ComponentElement.performRebuild (package:flutter/src/widgets/framework.dart:5841)
I/flutter (27114): #63     Element.rebuild (package:flutter/src/widgets/framework.dart:5529)
I/flutter (27114): #64     ComponentElement._firstBuild (package:flutter/src/widgets/framework.dart:5799)
I/flutter (27114): #65     ComponentElement.mount (package:flutter/src/widgets/framework.dart:5793)
I/flutter (27114): #66     Element.inflateWidget (package:flutter/src/widgets/framework.dart:4587)
I/flutter (27114): #67     Element.updateChild (package:flutter/src/widgets/framework.dart:4059)
I/flutter (27114): #68     ComponentElement.performRebuild (package:flutter/src/widgets/framework.dart:5841)
I/flutter (27114): #69     StatefulElement.performRebuild (package:flutter/src/widgets/framework.dart:5982)
I/flutter (27114): #70     Element.rebuild (package:flutter/src/widgets/framework.dart:5529)
I/flutter (27114): #71     ComponentElement._firstBuild (package:flutter/src/widgets/framework.dart:5799)
I/flutter (27114): #72     StatefulElement._firstBuild (package:flutter/src/widgets/framework.dart:5973)
I/flutter (27114): #73     ComponentElement.mount (package:flutter/src/widgets/framework.dart:5793)
I/flutter (27114): #74     Element.inflateWidget (package:flutter/src/widgets/framework.dart:4587)
I/flutter (27114): #75     Element.updateChild (package:flutter/src/widgets/framework.dart:4059)
I/flutter (27114): #76     ComponentElement.performRebuild (package:flutter/src/widgets/framework.dart:5841)
I/flutter (27114): #77     Element.rebuild (package:flutter/src/widgets/framework.dart:5529)
I/flutter (27114): #78     ComponentElement._firstBuild (package:flutter/src/widgets/framework.dart:5799)
I/flutter (27114): #79     ComponentElement.mount (package:flutter/src/widgets/framework.dart:5793)
I/flutter (27114): #80     Element.inflateWidget (package:flutter/src/widgets/framework.dart:4587)
I/flutter (27114): #81     Element.updateChild (package:flutter/src/widgets/framework.dart:4059)
I/flutter (27114): #82     ComponentElement.performRebuild (package:flutter/src/widgets/framework.dart:5841)
I/flutter (27114): #83     Element.rebuild (package:flutter/src/widgets/framework.dart:5529)
I/flutter (27114): #84     ComponentElement._firstBuild (package:flutter/src/widgets/framework.dart:5799)
I/flutter (27114): #85     ComponentElement.mount (package:flutter/src/widgets/framework.dart:5793)
I/flutter (27114): #86     Element.inflateWidget (package:flutter/src/widgets/framework.dart:4587)
I/flutter (27114): #87     Element.updateChild (package:flutter/src/widgets/framework.dart:4059)
I/flutter (27114): #88     ComponentElement.performRebuild (package:flutter/src/widgets/framework.dart:5841)
I/flutter (27114): #89     StatefulElement.performRebuild (package:flutter/src/widgets/framework.dart:5982)
I/flutter (27114): #90     Element.rebuild (package:flutter/src/widgets/framework.dart:5529)
I/flutter (27114): #91     ComponentElement._firstBuild (package:flutter/src/widgets/framework.dart:5799)
I/flutter (27114): #92     StatefulElement._firstBuild (package:flutter/src/widgets/framework.dart:5973)
I/flutter (27114): #93     ComponentElement.mount (package:flutter/src/widgets/framework.dart:5793)
I/flutter (27114): #94     Element.inflateWidget (package:flutter/src/widgets/framework.dart:4587)
I/flutter (27114): #95     Element.updateChild (package:flutter/src/widgets/framework.dart:4059)
I/flutter (27114): #96     SingleChildRenderObjectElement.mount (package:flutter/src/widgets/framework.dart:7115)
I/flutter (27114): #97     Element.inflateWidget (package:flutter/src/widgets/framework.dart:4587)
I/flutter (27114): #98     Element.updateChild (package:flutter/src/widgets/framework.dart:4059)
I/flutter (27114): #99     ComponentElement.performRebuild (package:flutter/src/widgets/framework.dart:5841)
I/flutter (27114): type '_Stub' is not a subtype of type 'EdgeInsetsGeometry?'
I/flutter (27114): #0      TextBox.build (package:benchmark_container/generated_widget.dart:184)
I/flutter (27114): #1      StatelessElement.build (package:flutter/src/widgets/framework.dart:5889)
I/flutter (27114): #2      ComponentElement.performRebuild (package:flutter/src/widgets/framework.dart:5817)
I/flutter (27114): #3      Element.rebuild (package:flutter/src/widgets/framework.dart:5529)
I/flutter (27114): #4      StatelessElement.update (package:flutter/src/widgets/framework.dart:5895)
I/flutter (27114): #5      Element.updateChild (package:flutter/src/widgets/framework.dart:4037)
I/flutter (27114): #6      Element.updateChildren (package:flutter/src/widgets/framework.dart:4191)
I/flutter (27114): #7      MultiChildRenderObjectElement.update (package:flutter/src/widgets/framework.dart:7295)
I/flutter (27114): #8      Element.updateChild (package:flutter/src/widgets/framework.dart:4037)
I/flutter (27114): #9      SingleChildRenderObjectElement.update (package:flutter/src/widgets/framework.dart:7122)
I/flutter (27114): #10     Element.updateChild (package:flutter/src/widgets/framework.dart:4037)
I/flutter (27114): #11     ComponentElement.performRebuild (package:flutter/src/widgets/framework.dart:5841)
I/flutter (27114): #12     Element.rebuild (package:flutter/src/widgets/framework.dart:5529)
I/flutter (27114): #13     StatelessElement.update (package:flutter/src/widgets/framework.dart:5895)
I/flutter (27114): #14     Element.updateChild (package:flutter/src/widgets/framework.dart:4037)
I/flutter (27114): #15     ComponentElement.performRebuild (package:flutter/src/widgets/framework.dart:5841)
I/flutter (27114): #16     Element.rebuild (package:flutter/src/widgets/framework.dart:5529)
I/flutter (27114): #17     ProxyElement.update (package:flutter/src/widgets/framework.dart:6149)
I/flutter (27114): #18     Element.updateChild (package:flutter/src/widgets/framework.dart:4037)
I/flutter (27114): #19     SingleChildRenderObjectElement.update (package:flutter/src/widgets/framework.dart:7122)
I/flutter (27114): #20     Element.updateChild (package:flutter/src/widgets/framework.dart:4037)
I/flutter (27114): #21     ComponentElement.performRebuild (package:flutter/src/widgets/framework.dart:5841)
I/flutter (27114): #22     Element.rebuild (package:flutter/src/widgets/framework.dart:5529)
I/flutter (27114): #23     StatelessElement.update (package:flutter/src/widgets/framework.dart:5895)
I/flutter (27114): #24     Element.updateChild (package:flutter/src/widgets/framework.dart:4037)
I/flutter (27114): #25     ComponentElement.performRebuild (package:flutter/src/widgets/framework.dart:5841)
I/flutter (27114): #26     Element.rebuild (package:flutter/src/widgets/framework.dart:5529)
I/flutter (27114): #27     StatelessElement.update (package:flutter/src/widgets/framework.dart:5895)
I/flutter (27114): #28     Element.updateChild (package:flutter/src/widgets/framework.dart:4037)
I/flutter (27114): #29     ComponentElement.performRebuild (package:flutter/src/widgets/framework.dart:5841)
I/flutter (27114): #30     Element.rebuild (package:flutter/src/widgets/framework.dart:5529)
I/flutter (27114): #31     StatelessElement.update (package:flutter/src/widgets/framework.dart:5895)
I/flutter (27114): #32     Element.updateChild (package:flutter/src/widgets/framework.dart:4037)
I/flutter (27114): #33     ComponentElement.performRebuild (package:flutter/src/widgets/framework.dart:5841)
I/flutter (27114): #34     Element.rebuild (package:flutter/src/widgets/framework.dart:5529)
I/flutter (27114): #35     ProxyElement.update (package:flutter/src/widgets/framework.dart:6149)
I/flutter (27114): #36     Element.updateChild (package:flutter/src/widgets/framework.dart:4037)
I/flutter (27114): #37     ComponentElement.performRebuild (package:flutter/src/widgets/framework.dart:5841)
I/flutter (27114): #38     Element.rebuild (package:flutter/src/widgets/framework.dart:5529)
I/flutter (27114): #39     ProxyElement.update (package:flutter/src/widgets/framework.dart:6149)
I/flutter (27114): #40     Element.updateChild (package:flutter/src/widgets/framework.dart:4037)
I/flutter (27114): #41     Element.updateChildren (package:flutter/src/widgets/framework.dart:4191)
I/flutter (27114): #42     MultiChildRenderObjectElement.update (package:flutter/src/widgets/framework.dart:7295)
I/flutter (27114): #43     Element.updateChild (package:flutter/src/widgets/framework.dart:4037)
I/flutter (27114): #44     ComponentElement.performRebuild (package:flutter/src/widgets/framework.dart:5841)
I/flutter (27114): #45     Element.rebuild (package:flutter/src/widgets/framework.dart:5529)
I/flutter (27114): #46     ProxyElement.update (package:flutter/src/widgets/framework.dart:6149)
I/flutter (27114): #47     Element.updateChild (package:flutter/src/widgets/framework.dart:4037)
I/flutter (27114): #48     ComponentElement.performRebuild (package:flutter/src/widgets/framework.dart:5841)
I/flutter (27114): #49     StatefulElement.performRebuild (package:flutter/src/widgets/framework.dart:5982)
I/flutter (27114): #50     Element.rebuild (package:flutter/src/widgets/framework.dart:5529)
I/flutter (27114): #51     StatefulElement.update (package:flutter/src/widgets/framework.dart:6007)
I/flutter (27114): #52     Element.updateChild (package:flutter/src/widgets/framework.dart:4037)
I/flutter (27114): #53     ComponentElement.performRebuild (package:flutter/src/widgets/framework.dart:5841)
I/flutter (27114): #54     Element.rebuild (package:flutter/src/widgets/framework.dart:5529)
I/flutter (27114): #55     StatelessElement.update (package:flutter/src/widgets/framework.dart:5895)
I/flutter (27114): #56     Element.updateChild (package:flutter/src/widgets/framework.dart:4037)
I/flutter (27114): #57     ComponentElement.performRebuild (package:flutter/src/widgets/framework.dart:5841)
I/flutter (27114): #58     Element.rebuild (package:flutter/src/widgets/framework.dart:5529)
I/flutter (27114): #59     ProxyElement.update (package:flutter/src/widgets/framework.dart:6149)
I/flutter (27114): #60     Element.updateChild (package:flutter/src/widgets/framework.dart:4037)
I/flutter (27114): #61     ComponentElement.performRebuild (package:flutter/src/widgets/framework.dart:5841)
I/flutter (27114): #62     StatefulElement.performRebuild (package:flutter/src/widgets/framework.dart:5982)
I/flutter (27114): #63     Element.rebuild (package:flutter/src/widgets/framework.dart:5529)
I/flutter (27114): #64     StatefulElement.update (package:flutter/src/widgets/framework.dart:6007)
I/flutter (27114): #65     Element.updateChild (package:flutter/src/widgets/framework.dart:4037)
I/flutter (27114): #66     SingleChildRenderObjectElement.update (package:flutter/src/widgets/framework.dart:7122)
I/flutter (27114): #67     Element.updateChild (package:flutter/src/widgets/framework.dart:4037)
I/flutter (27114): #68     ComponentElement.performRebuild (package:flutter/src/widgets/framework.dart:5841)
I/flutter (27114): #69     Element.rebuild (package:flutter/src/widgets/framework.dart:5529)
I/flutter (27114): #70     ProxyElement.update (package:flutter/src/widgets/framework.dart:6149)
I/flutter (27114): #71     Element.updateChild (package:flutter/src/widgets/framework.dart:4037)
I/flutter (27114): #72     SingleChildRenderObjectElement.update (package:flutter/src/widgets/framework.dart:7122)
I/flutter (27114): #73     Element.updateChild (package:flutter/src/widgets/framework.dart:4037)
I/flutter (27114): #74     ComponentElement.performRebuild (package:flutter/src/widgets/framework.dart:5841)
I/flutter (27114): #75     StatefulElement.performRebuild (package:flutter/src/widgets/framework.dart:5982)
I/flutter (27114): #76     Element.rebuild (package:flutter/src/widgets/framework.dart:5529)
I/flutter (27114): #77     StatefulElement.update (package:flutter/src/widgets/framework.dart:6007)
I/flutter (27114): #78     Element.updateChild (package:flutter/src/widgets/framework.dart:4037)
I/flutter (27114): #79     ComponentElement.performRebuild (package:flutter/src/widgets/framework.dart:5841)
I/flutter (27114): #80     StatefulElement.performRebuild (package:flutter/src/widgets/framework.dart:5982)
I/flutter (27114): #81     Element.rebuild (package:flutter/src/widgets/framework.dart:5529)
I/flutter (27114): #82     StatefulElement.update (package:flutter/src/widgets/framework.dart:6007)
I/flutter (27114): #83     Element.updateChild (package:flutter/src/widgets/framework.dart:4037)
I/flutter (27114): #84     ComponentElement.performRebuild (package:flutter/src/widgets/framework.dart:5841)
I/flutter (27114): #85     Element.rebuild (package:flutter/src/widgets/framework.dart:5529)
I/flutter (27114): #86     ProxyElement.update (package:flutter/src/widgets/framework.dart:6149)
I/flutter (27114): #87     Element.updateChild (package:flutter/src/widgets/framework.dart:4037)
I/flutter (27114): #88     ComponentElement.performRebuild (package:flutter/src/widgets/framework.dart:5841)
I/flutter (27114): #89     Element.rebuild (package:flutter/src/widgets/framework.dart:5529)
I/flutter (27114): #90     ProxyElement.update (package:flutter/src/widgets/framework.dart:6149)
I/flutter (27114): #91     Element.updateChild (package:flutter/src/widgets/framework.dart:4037)
I/flutter (27114): #92     ComponentElement.performRebuild (package:flutter/src/widgets/framework.dart:5841)
I/flutter (27114): #93     Element.rebuild (package:flutter/src/widgets/framework.dart:5529)
I/flutter (27114): #94     ProxyElement.update (package:flutter/src/widgets/framework.dart:6149)
I/flutter (27114): #95     Element.updateChild (package:flutter/src/widgets/framework.dart:4037)
I/flutter (27114): #96     ComponentElement.performRebuild (package:flutter/src/widgets/framework.dart:5841)
I/flutter (27114): #97     StatefulElement.performRebuild (package:flutter/src/widgets/framework.dart:5982)
I/flutter (27114): #98     Element.rebuild (package:flutter/src/widgets/framework.dart:5529)
I/flutter (27114): #99     StatefulElement.update (package:flutter/src/widgets/framework.dart:6007)
[spm]: ProfilerData event received.
I/flutter (27114): [SPM:perf] 698a51a  buildSpan: 9758µs
I/flutter (27114): [spm] Performance monitoring completed for 698a51a
I/flutter (27114): type '_Stub' is not a subtype of type 'EdgeInsetsGeometry?'
I/flutter (27114): #0      TextBox.build (package:benchmark_container/generated_widget.dart:184)
I/flutter (27114): #1      StatelessElement.build (package:flutter/src/widgets/framework.dart:5889)
I/flutter (27114): #2      ComponentElement.performRebuild (package:flutter/src/widgets/framework.dart:5817)
I/flutter (27114): #3      Element.rebuild (package:flutter/src/widgets/framework.dart:5529)
I/flutter (27114): #4      StatelessElement.update (package:flutter/src/widgets/framework.dart:5895)
I/flutter (27114): #5      Element.updateChild (package:flutter/src/widgets/framework.dart:4037)
I/flutter (27114): #6      Element.updateChildren (package:flutter/src/widgets/framework.dart:4191)
I/flutter (27114): #7      MultiChildRenderObjectElement.update (package:flutter/src/widgets/framework.dart:7295)
I/flutter (27114): #8      Element.updateChild (package:flutter/src/widgets/framework.dart:4037)
I/flutter (27114): #9      SingleChildRenderObjectElement.update (package:flutter/src/widgets/framework.dart:7122)
I/flutter (27114): #10     Element.updateChild (package:flutter/src/widgets/framework.dart:4037)
I/flutter (27114): #11     ComponentElement.performRebuild (package:flutter/src/widgets/framework.dart:5841)
I/flutter (27114): #12     Element.rebuild (package:flutter/src/widgets/framework.dart:5529)
I/flutter (27114): #13     StatelessElement.update (package:flutter/src/widgets/framework.dart:5895)
I/flutter (27114): #14     Element.updateChild (package:flutter/src/widgets/framework.dart:4037)
I/flutter (27114): #15     ComponentElement.performRebuild (package:flutter/src/widgets/framework.dart:5841)
I/flutter (27114): #16     Element.rebuild (package:flutter/src/widgets/framework.dart:5529)
I/flutter (27114): #17     ProxyElement.update (package:flutter/src/widgets/framework.dart:6149)
I/flutter (27114): #18     Element.updateChild (package:flutter/src/widgets/framework.dart:4037)
I/flutter (27114): #19     SingleChildRenderObjectElement.update (package:flutter/src/widgets/framework.dart:7122)
I/flutter (27114): #20     Element.updateChild (package:flutter/src/widgets/framework.dart:4037)
I/flutter (27114): #21     ComponentElement.performRebuild (package:flutter/src/widgets/framework.dart:5841)
I/flutter (27114): #22     Element.rebuild (package:flutter/src/widgets/framework.dart:5529)
I/flutter (27114): #23     StatelessElement.update (package:flutter/src/widgets/framework.dart:5895)
I/flutter (27114): #24     Element.updateChild (package:flutter/src/widgets/framework.dart:4037)
I/flutter (27114): #25     ComponentElement.performRebuild (package:flutter/src/widgets/framework.dart:5841)
I/flutter (27114): #26     Element.rebuild (package:flutter/src/widgets/framework.dart:5529)
I/flutter (27114): #27     StatelessElement.update (package:flutter/src/widgets/framework.dart:5895)
I/flutter (27114): #28     Element.updateChild (package:flutter/src/widgets/framework.dart:4037)
I/flutter (27114): #29     ComponentElement.performRebuild (package:flutter/src/widgets/framework.dart:5841)
I/flutter (27114): #30     Element.rebuild (package:flutter/src/widgets/framework.dart:5529)
I/flutter (27114): #31     StatelessElement.update (package:flutter/src/widgets/framework.dart:5895)
I/flutter (27114): #32     Element.updateChild (package:flutter/src/widgets/framework.dart:4037)
I/flutter (27114): #33     ComponentElement.performRebuild (package:flutter/src/widgets/framework.dart:5841)
I/flutter (27114): #34     Element.rebuild (package:flutter/src/widgets/framework.dart:5529)
I/flutter (27114): #35     ProxyElement.update (package:flutter/src/widgets/framework.dart:6149)
I/flutter (27114): #36     Element.updateChild (package:flutter/src/widgets/framework.dart:4037)
I/flutter (27114): #37     ComponentElement.performRebuild (package:flutter/src/widgets/framework.dart:5841)
I/flutter (27114): #38     Element.rebuild (package:flutter/src/widgets/framework.dart:5529)
I/flutter (27114): #39     ProxyElement.update (package:flutter/src/widgets/framework.dart:6149)
I/flutter (27114): #40     Element.updateChild (package:flutter/src/widgets/framework.dart:4037)
I/flutter (27114): #41     Element.updateChildren (package:flutter/src/widgets/framework.dart:4191)
I/flutter (27114): #42     MultiChildRenderObjectElement.update (package:flutter/src/widgets/framework.dart:7295)
I/flutter (27114): #43     Element.updateChild (package:flutter/src/widgets/framework.dart:4037)
I/flutter (27114): #44     ComponentElement.performRebuild (package:flutter/src/widgets/framework.dart:5841)
I/flutter (27114): #45     Element.rebuild (package:flutter/src/widgets/framework.dart:5529)
I/flutter (27114): #46     ProxyElement.update (package:flutter/src/widgets/framework.dart:6149)
I/flutter (27114): #47     Element.updateChild (package:flutter/src/widgets/framework.dart:4037)
I/flutter (27114): #48     ComponentElement.performRebuild (package:flutter/src/widgets/framework.dart:5841)
I/flutter (27114): #49     StatefulElement.performRebuild (package:flutter/src/widgets/framework.dart:5982)
I/flutter (27114): #50     Element.rebuild (package:flutter/src/widgets/framework.dart:5529)
I/flutter (27114): #51     StatefulElement.update (package:flutter/src/widgets/framework.dart:6007)
I/flutter (27114): #52     Element.updateChild (package:flutter/src/widgets/framework.dart:4037)
I/flutter (27114): #53     ComponentElement.performRebuild (package:flutter/src/widgets/framework.dart:5841)
I/flutter (27114): #54     Element.rebuild (package:flutter/src/widgets/framework.dart:5529)
I/flutter (27114): #55     StatelessElement.update (package:flutter/src/widgets/framework.dart:5895)
I/flutter (27114): #56     Element.updateChild (package:flutter/src/widgets/framework.dart:4037)
I/flutter (27114): #57     ComponentElement.performRebuild (package:flutter/src/widgets/framework.dart:5841)
I/flutter (27114): #58     Element.rebuild (package:flutter/src/widgets/framework.dart:5529)
I/flutter (27114): #59     ProxyElement.update (package:flutter/src/widgets/framework.dart:6149)
I/flutter (27114): #60     Element.updateChild (package:flutter/src/widgets/framework.dart:4037)
I/flutter (27114): #61     ComponentElement.performRebuild (package:flutter/src/widgets/framework.dart:5841)
I/flutter (27114): #62     StatefulElement.performRebuild (package:flutter/src/widgets/framework.dart:5982)
I/flutter (27114): #63     Element.rebuild (package:flutter/src/widgets/framework.dart:5529)
I/flutter (27114): #64     StatefulElement.update (package:flutter/src/widgets/framework.dart:6007)
I/flutter (27114): #65     Element.updateChild (package:flutter/src/widgets/framework.dart:4037)
I/flutter (27114): #66     SingleChildRenderObjectElement.update (package:flutter/src/widgets/framework.dart:7122)
I/flutter (27114): #67     Element.updateChild (package:flutter/src/widgets/framework.dart:4037)
I/flutter (27114): #68     ComponentElement.performRebuild (package:flutter/src/widgets/framework.dart:5841)
I/flutter (27114): #69     Element.rebuild (package:flutter/src/widgets/framework.dart:5529)
I/flutter (27114): #70     ProxyElement.update (package:flutter/src/widgets/framework.dart:6149)
I/flutter (27114): #71     Element.updateChild (package:flutter/src/widgets/framework.dart:4037)
I/flutter (27114): #72     SingleChildRenderObjectElement.update (package:flutter/src/widgets/framework.dart:7122)
I/flutter (27114): #73     Element.updateChild (package:flutter/src/widgets/framework.dart:4037)
I/flutter (27114): #74     ComponentElement.performRebuild (package:flutter/src/widgets/framework.dart:5841)
I/flutter (27114): #75     StatefulElement.performRebuild (package:flutter/src/widgets/framework.dart:5982)
I/flutter (27114): #76     Element.rebuild (package:flutter/src/widgets/framework.dart:5529)
I/flutter (27114): #77     StatefulElement.update (package:flutter/src/widgets/framework.dart:6007)
I/flutter (27114): #78     Element.updateChild (package:flutter/src/widgets/framework.dart:4037)
I/flutter (27114): #79     ComponentElement.performRebuild (package:flutter/src/widgets/framework.dart:5841)
I/flutter (27114): #80     StatefulElement.performRebuild (package:flutter/src/widgets/framework.dart:5982)
I/flutter (27114): #81     Element.rebuild (package:flutter/src/widgets/framework.dart:5529)
I/flutter (27114): #82     StatefulElement.update (package:flutter/src/widgets/framework.dart:6007)
I/flutter (27114): #83     Element.updateChild (package:flutter/src/widgets/framework.dart:4037)
I/flutter (27114): #84     ComponentElement.performRebuild (package:flutter/src/widgets/framework.dart:5841)
I/flutter (27114): #85     Element.rebuild (package:flutter/src/widgets/framework.dart:5529)
I/flutter (27114): #86     ProxyElement.update (package:flutter/src/widgets/framework.dart:6149)
I/flutter (27114): #87     Element.updateChild (package:flutter/src/widgets/framework.dart:4037)
I/flutter (27114): #88     ComponentElement.performRebuild (package:flutter/src/widgets/framework.dart:5841)
I/flutter (27114): #89     Element.rebuild (package:flutter/src/widgets/framework.dart:5529)
I/flutter (27114): #90     ProxyElement.update (package:flutter/src/widgets/framework.dart:6149)
I/flutter (27114): #91     Element.updateChild (package:flutter/src/widgets/framework.dart:4037)
I/flutter (27114): #92     ComponentElement.performRebuild (package:flutter/src/widgets/framework.dart:5841)
I/flutter (27114): #93     Element.rebuild (package:flutter/src/widgets/framework.dart:5529)
I/flutter (27114): #94     ProxyElement.update (package:flutter/src/widgets/framework.dart:6149)
I/flutter (27114): #95     Element.updateChild (package:flutter/src/widgets/framework.dart:4037)
I/flutter (27114): #96     ComponentElement.performRebuild (package:flutter/src/widgets/framework.dart:5841)
I/flutter (27114): #97     StatefulElement.performRebuild (package:flutter/src/widgets/framework.dart:5982)
I/flutter (27114): #98     Element.rebuild (package:flutter/src/widgets/framework.dart:5529)
I/flutter (27114): #99     StatefulElement.update (package:flutter/src/widgets/framework.dart:6007)
[spm]: ProfilerData event received.
I/flutter (27114): [SPM:perf] 698a51a  buildSpan: 9702µs
I/flutter (27114): [spm] Performance monitoring completed for 698a51a
I/flutter (27114): type '_Stub' is not a subtype of type 'EdgeInsetsGeometry?'
I/flutter (27114): #0      TextBox.build (package:benchmark_container/generated_widget.dart:184)
I/flutter (27114): #1      StatelessElement.build (package:flutter/src/widgets/framework.dart:5889)
I/flutter (27114): #2      ComponentElement.performRebuild (package:flutter/src/widgets/framework.dart:5817)
I/flutter (27114): #3      Element.rebuild (package:flutter/src/widgets/framework.dart:5529)
I/flutter (27114): #4      StatelessElement.update (package:flutter/src/widgets/framework.dart:5895)
I/flutter (27114): #5      Element.updateChild (package:flutter/src/widgets/framework.dart:4037)
I/flutter (27114): #6      Element.updateChildren (package:flutter/src/widgets/framework.dart:4191)
I/flutter (27114): #7      MultiChildRenderObjectElement.update (package:flutter/src/widgets/framework.dart:7295)
I/flutter (27114): #8      Element.updateChild (package:flutter/src/widgets/framework.dart:4037)
I/flutter (27114): #9      SingleChildRenderObjectElement.update (package:flutter/src/widgets/framework.dart:7122)
I/flutter (27114): #10     Element.updateChild (package:flutter/src/widgets/framework.dart:4037)
I/flutter (27114): #11     ComponentElement.performRebuild (package:flutter/src/widgets/framework.dart:5841)
I/flutter (27114): #12     Element.rebuild (package:flutter/src/widgets/framework.dart:5529)
I/flutter (27114): #13     StatelessElement.update (package:flutter/src/widgets/framework.dart:5895)
I/flutter (27114): #14     Element.updateChild (package:flutter/src/widgets/framework.dart:4037)
I/flutter (27114): #15     ComponentElement.performRebuild (package:flutter/src/widgets/framework.dart:5841)
I/flutter (27114): #16     Element.rebuild (package:flutter/src/widgets/framework.dart:5529)
I/flutter (27114): #17     ProxyElement.update (package:flutter/src/widgets/framework.dart:6149)
I/flutter (27114): #18     Element.updateChild (package:flutter/src/widgets/framework.dart:4037)
I/flutter (27114): #19     SingleChildRenderObjectElement.update (package:flutter/src/widgets/framework.dart:7122)
I/flutter (27114): #20     Element.updateChild (package:flutter/src/widgets/framework.dart:4037)
I/flutter (27114): #21     ComponentElement.performRebuild (package:flutter/src/widgets/framework.dart:5841)
I/flutter (27114): #22     Element.rebuild (package:flutter/src/widgets/framework.dart:5529)
I/flutter (27114): #23     StatelessElement.update (package:flutter/src/widgets/framework.dart:5895)
I/flutter (27114): #24     Element.updateChild (package:flutter/src/widgets/framework.dart:4037)
I/flutter (27114): #25     ComponentElement.performRebuild (package:flutter/src/widgets/framework.dart:5841)
I/flutter (27114): #26     Element.rebuild (package:flutter/src/widgets/framework.dart:5529)
I/flutter (27114): #27     StatelessElement.update (package:flutter/src/widgets/framework.dart:5895)
I/flutter (27114): #28     Element.updateChild (package:flutter/src/widgets/framework.dart:4037)
I/flutter (27114): #29     ComponentElement.performRebuild (package:flutter/src/widgets/framework.dart:5841)
I/flutter (27114): #30     Element.rebuild (package:flutter/src/widgets/framework.dart:5529)
I/flutter (27114): #31     StatelessElement.update (package:flutter/src/widgets/framework.dart:5895)
I/flutter (27114): #32     Element.updateChild (package:flutter/src/widgets/framework.dart:4037)
I/flutter (27114): #33     ComponentElement.performRebuild (package:flutter/src/widgets/framework.dart:5841)
I/flutter (27114): #34     Element.rebuild (package:flutter/src/widgets/framework.dart:5529)
I/flutter (27114): #35     ProxyElement.update (package:flutter/src/widgets/framework.dart:6149)
I/flutter (27114): #36     Element.updateChild (package:flutter/src/widgets/framework.dart:4037)
I/flutter (27114): #37     ComponentElement.performRebuild (package:flutter/src/widgets/framework.dart:5841)
I/flutter (27114): #38     Element.rebuild (package:flutter/src/widgets/framework.dart:5529)
I/flutter (27114): #39     ProxyElement.update (package:flutter/src/widgets/framework.dart:6149)
I/flutter (27114): #40     Element.updateChild (package:flutter/src/widgets/framework.dart:4037)
I/flutter (27114): #41     Element.updateChildren (package:flutter/src/widgets/framework.dart:4191)
I/flutter (27114): #42     MultiChildRenderObjectElement.update (package:flutter/src/widgets/framework.dart:7295)
I/flutter (27114): #43     Element.updateChild (package:flutter/src/widgets/framework.dart:4037)
I/flutter (27114): #44     ComponentElement.performRebuild (package:flutter/src/widgets/framework.dart:5841)
I/flutter (27114): #45     Element.rebuild (package:flutter/src/widgets/framework.dart:5529)
I/flutter (27114): #46     ProxyElement.update (package:flutter/src/widgets/framework.dart:6149)
I/flutter (27114): #47     Element.updateChild (package:flutter/src/widgets/framework.dart:4037)
I/flutter (27114): #48     ComponentElement.performRebuild (package:flutter/src/widgets/framework.dart:5841)
I/flutter (27114): #49     StatefulElement.performRebuild (package:flutter/src/widgets/framework.dart:5982)
I/flutter (27114): #50     Element.rebuild (package:flutter/src/widgets/framework.dart:5529)
I/flutter (27114): #51     StatefulElement.update (package:flutter/src/widgets/framework.dart:6007)
I/flutter (27114): #52     Element.updateChild (package:flutter/src/widgets/framework.dart:4037)
I/flutter (27114): #53     ComponentElement.performRebuild (package:flutter/src/widgets/framework.dart:5841)
I/flutter (27114): #54     Element.rebuild (package:flutter/src/widgets/framework.dart:5529)
I/flutter (27114): #55     StatelessElement.update (package:flutter/src/widgets/framework.dart:5895)
I/flutter (27114): #56     Element.updateChild (package:flutter/src/widgets/framework.dart:4037)
I/flutter (27114): #57     ComponentElement.performRebuild (package:flutter/src/widgets/framework.dart:5841)
I/flutter (27114): #58     Element.rebuild (package:flutter/src/widgets/framework.dart:5529)
I/flutter (27114): #59     ProxyElement.update (package:flutter/src/widgets/framework.dart:6149)
I/flutter (27114): #60     Element.updateChild (package:flutter/src/widgets/framework.dart:4037)
I/flutter (27114): #61     ComponentElement.performRebuild (package:flutter/src/widgets/framework.dart:5841)
I/flutter (27114): #62     StatefulElement.performRebuild (package:flutter/src/widgets/framework.dart:5982)
I/flutter (27114): #63     Element.rebuild (package:flutter/src/widgets/framework.dart:5529)
I/flutter (27114): #64     StatefulElement.update (package:flutter/src/widgets/framework.dart:6007)
I/flutter (27114): #65     Element.updateChild (package:flutter/src/widgets/framework.dart:4037)
I/flutter (27114): #66     SingleChildRenderObjectElement.update (package:flutter/src/widgets/framework.dart:7122)
I/flutter (27114): #67     Element.updateChild (package:flutter/src/widgets/framework.dart:4037)
I/flutter (27114): #68     ComponentElement.performRebuild (package:flutter/src/widgets/framework.dart:5841)
I/flutter (27114): #69     Element.rebuild (package:flutter/src/widgets/framework.dart:5529)
I/flutter (27114): #70     ProxyElement.update (package:flutter/src/widgets/framework.dart:6149)
I/flutter (27114): #71     Element.updateChild (package:flutter/src/widgets/framework.dart:4037)
I/flutter (27114): #72     SingleChildRenderObjectElement.update (package:flutter/src/widgets/framework.dart:7122)
I/flutter (27114): #73     Element.updateChild (package:flutter/src/widgets/framework.dart:4037)
I/flutter (27114): #74     ComponentElement.performRebuild (package:flutter/src/widgets/framework.dart:5841)
I/flutter (27114): #75     StatefulElement.performRebuild (package:flutter/src/widgets/framework.dart:5982)
I/flutter (27114): #76     Element.rebuild (package:flutter/src/widgets/framework.dart:5529)
I/flutter (27114): #77     StatefulElement.update (package:flutter/src/widgets/framework.dart:6007)
I/flutter (27114): #78     Element.updateChild (package:flutter/src/widgets/framework.dart:4037)
I/flutter (27114): #79     ComponentElement.performRebuild (package:flutter/src/widgets/framework.dart:5841)
I/flutter (27114): #80     StatefulElement.performRebuild (package:flutter/src/widgets/framework.dart:5982)
I/flutter (27114): #81     Element.rebuild (package:flutter/src/widgets/framework.dart:5529)
I/flutter (27114): #82     StatefulElement.update (package:flutter/src/widgets/framework.dart:6007)
I/flutter (27114): #83     Element.updateChild (package:flutter/src/widgets/framework.dart:4037)
I/flutter (27114): #84     ComponentElement.performRebuild (package:flutter/src/widgets/framework.dart:5841)
I/flutter (27114): #85     Element.rebuild (package:flutter/src/widgets/framework.dart:5529)
I/flutter (27114): #86     ProxyElement.update (package:flutter/src/widgets/framework.dart:6149)
I/flutter (27114): #87     Element.updateChild (package:flutter/src/widgets/framework.dart:4037)
I/flutter (27114): #88     ComponentElement.performRebuild (package:flutter/src/widgets/framework.dart:5841)
I/flutter (27114): #89     Element.rebuild (package:flutter/src/widgets/framework.dart:5529)
I/flutter (27114): #90     ProxyElement.update (package:flutter/src/widgets/framework.dart:6149)
I/flutter (27114): #91     Element.updateChild (package:flutter/src/widgets/framework.dart:4037)
I/flutter (27114): #92     ComponentElement.performRebuild (package:flutter/src/widgets/framework.dart:5841)
I/flutter (27114): #93     Element.rebuild (package:flutter/src/widgets/framework.dart:5529)
I/flutter (27114): #94     ProxyElement.update (package:flutter/src/widgets/framework.dart:6149)
I/flutter (27114): #95     Element.updateChild (package:flutter/src/widgets/framework.dart:4037)
I/flutter (27114): #96     ComponentElement.performRebuild (package:flutter/src/widgets/framework.dart:5841)
I/flutter (27114): #97     StatefulElement.performRebuild (package:flutter/src/widgets/framework.dart:5982)
I/flutter (27114): #98     Element.rebuild (package:flutter/src/widgets/framework.dart:5529)
I/flutter (27114): #99     StatefulElement.update (package:flutter/src/widgets/framework.dart:6007)
[spm]: ProfilerData event received.
I/flutter (27114): [SPM:perf] 698a51a  buildSpan: 10107µs
I/flutter (27114): [spm] Performance monitoring completed for 698a51a
I/flutter (27114): type '_Stub' is not a subtype of type 'EdgeInsetsGeometry?'
I/flutter (27114): #0      TextBox.build (package:benchmark_container/generated_widget.dart:184)
I/flutter (27114): #1      StatelessElement.build (package:flutter/src/widgets/framework.dart:5889)
I/flutter (27114): #2      ComponentElement.performRebuild (package:flutter/src/widgets/framework.dart:5817)
I/flutter (27114): #3      Element.rebuild (package:flutter/src/widgets/framework.dart:5529)
I/flutter (27114): #4      StatelessElement.update (package:flutter/src/widgets/framework.dart:5895)
I/flutter (27114): #5      Element.updateChild (package:flutter/src/widgets/framework.dart:4037)
I/flutter (27114): #6      Element.updateChildren (package:flutter/src/widgets/framework.dart:4191)
I/flutter (27114): #7      MultiChildRenderObjectElement.update (package:flutter/src/widgets/framework.dart:7295)
I/flutter (27114): #8      Element.updateChild (package:flutter/src/widgets/framework.dart:4037)
I/flutter (27114): #9      SingleChildRenderObjectElement.update (package:flutter/src/widgets/framework.dart:7122)
I/flutter (27114): #10     Element.updateChild (package:flutter/src/widgets/framework.dart:4037)
I/flutter (27114): #11     ComponentElement.performRebuild (package:flutter/src/widgets/framework.dart:5841)
I/flutter (27114): #12     Element.rebuild (package:flutter/src/widgets/framework.dart:5529)
I/flutter (27114): #13     StatelessElement.update (package:flutter/src/widgets/framework.dart:5895)
I/flutter (27114): #14     Element.updateChild (package:flutter/src/widgets/framework.dart:4037)
I/flutter (27114): #15     ComponentElement.performRebuild (package:flutter/src/widgets/framework.dart:5841)
I/flutter (27114): #16     Element.rebuild (package:flutter/src/widgets/framework.dart:5529)
I/flutter (27114): #17     ProxyElement.update (package:flutter/src/widgets/framework.dart:6149)
I/flutter (27114): #18     Element.updateChild (package:flutter/src/widgets/framework.dart:4037)
I/flutter (27114): #19     SingleChildRenderObjectElement.update (package:flutter/src/widgets/framework.dart:7122)
I/flutter (27114): #20     Element.updateChild (package:flutter/src/widgets/framework.dart:4037)
I/flutter (27114): #21     ComponentElement.performRebuild (package:flutter/src/widgets/framework.dart:5841)
I/flutter (27114): #22     Element.rebuild (package:flutter/src/widgets/framework.dart:5529)
I/flutter (27114): #23     StatelessElement.update (package:flutter/src/widgets/framework.dart:5895)
I/flutter (27114): #24     Element.updateChild (package:flutter/src/widgets/framework.dart:4037)
I/flutter (27114): #25     ComponentElement.performRebuild (package:flutter/src/widgets/framework.dart:5841)
I/flutter (27114): #26     Element.rebuild (package:flutter/src/widgets/framework.dart:5529)
I/flutter (27114): #27     StatelessElement.update (package:flutter/src/widgets/framework.dart:5895)
I/flutter (27114): #28     Element.updateChild (package:flutter/src/widgets/framework.dart:4037)
I/flutter (27114): #29     ComponentElement.performRebuild (package:flutter/src/widgets/framework.dart:5841)
I/flutter (27114): #30     Element.rebuild (package:flutter/src/widgets/framework.dart:5529)
I/flutter (27114): #31     StatelessElement.update (package:flutter/src/widgets/framework.dart:5895)
I/flutter (27114): #32     Element.updateChild (package:flutter/src/widgets/framework.dart:4037)
I/flutter (27114): #33     ComponentElement.performRebuild (package:flutter/src/widgets/framework.dart:5841)
I/flutter (27114): #34     Element.rebuild (package:flutter/src/widgets/framework.dart:5529)
I/flutter (27114): #35     ProxyElement.update (package:flutter/src/widgets/framework.dart:6149)
I/flutter (27114): #36     Element.updateChild (package:flutter/src/widgets/framework.dart:4037)
I/flutter (27114): #37     ComponentElement.performRebuild (package:flutter/src/widgets/framework.dart:5841)
I/flutter (27114): #38     Element.rebuild (package:flutter/src/widgets/framework.dart:5529)
I/flutter (27114): #39     ProxyElement.update (package:flutter/src/widgets/framework.dart:6149)
I/flutter (27114): #40     Element.updateChild (package:flutter/src/widgets/framework.dart:4037)
I/flutter (27114): #41     Element.updateChildren (package:flutter/src/widgets/framework.dart:4191)
I/flutter (27114): #42     MultiChildRenderObjectElement.update (package:flutter/src/widgets/framework.dart:7295)
I/flutter (27114): #43     Element.updateChild (package:flutter/src/widgets/framework.dart:4037)
I/flutter (27114): #44     ComponentElement.performRebuild (package:flutter/src/widgets/framework.dart:5841)
I/flutter (27114): #45     Element.rebuild (package:flutter/src/widgets/framework.dart:5529)
I/flutter (27114): #46     ProxyElement.update (package:flutter/src/widgets/framework.dart:6149)
I/flutter (27114): #47     Element.updateChild (package:flutter/src/widgets/framework.dart:4037)
I/flutter (27114): #48     ComponentElement.performRebuild (package:flutter/src/widgets/framework.dart:5841)
I/flutter (27114): #49     StatefulElement.performRebuild (package:flutter/src/widgets/framework.dart:5982)
I/flutter (27114): #50     Element.rebuild (package:flutter/src/widgets/framework.dart:5529)
I/flutter (27114): #51     StatefulElement.update (package:flutter/src/widgets/framework.dart:6007)
I/flutter (27114): #52     Element.updateChild (package:flutter/src/widgets/framework.dart:4037)
I/flutter (27114): #53     ComponentElement.performRebuild (package:flutter/src/widgets/framework.dart:5841)
I/flutter (27114): #54     Element.rebuild (package:flutter/src/widgets/framework.dart:5529)
I/flutter (27114): #55     StatelessElement.update (package:flutter/src/widgets/framework.dart:5895)
I/flutter (27114): #56     Element.updateChild (package:flutter/src/widgets/framework.dart:4037)
I/flutter (27114): #57     ComponentElement.performRebuild (package:flutter/src/widgets/framework.dart:5841)
I/flutter (27114): #58     Element.rebuild (package:flutter/src/widgets/framework.dart:5529)
I/flutter (27114): #59     ProxyElement.update (package:flutter/src/widgets/framework.dart:6149)
I/flutter (27114): #60     Element.updateChild (package:flutter/src/widgets/framework.dart:4037)
I/flutter (27114): #61     ComponentElement.performRebuild (package:flutter/src/widgets/framework.dart:5841)
I/flutter (27114): #62     StatefulElement.performRebuild (package:flutter/src/widgets/framework.dart:5982)
I/flutter (27114): #63     Element.rebuild (package:flutter/src/widgets/framework.dart:5529)
I/flutter (27114): #64     StatefulElement.update (package:flutter/src/widgets/framework.dart:6007)
I/flutter (27114): #65     Element.updateChild (package:flutter/src/widgets/framework.dart:4037)
I/flutter (27114): #66     SingleChildRenderObjectElement.update (package:flutter/src/widgets/framework.dart:7122)
I/flutter (27114): #67     Element.updateChild (package:flutter/src/widgets/framework.dart:4037)
I/flutter (27114): #68     ComponentElement.performRebuild (package:flutter/src/widgets/framework.dart:5841)
I/flutter (27114): #69     Element.rebuild (package:flutter/src/widgets/framework.dart:5529)
I/flutter (27114): #70     ProxyElement.update (package:flutter/src/widgets/framework.dart:6149)
I/flutter (27114): #71     Element.updateChild (package:flutter/src/widgets/framework.dart:4037)
I/flutter (27114): #72     SingleChildRenderObjectElement.update (package:flutter/src/widgets/framework.dart:7122)
I/flutter (27114): #73     Element.updateChild (package:flutter/src/widgets/framework.dart:4037)
I/flutter (27114): #74     ComponentElement.performRebuild (package:flutter/src/widgets/framework.dart:5841)
I/flutter (27114): #75     StatefulElement.performRebuild (package:flutter/src/widgets/framework.dart:5982)
I/flutter (27114): #76     Element.rebuild (package:flutter/src/widgets/framework.dart:5529)
I/flutter (27114): #77     StatefulElement.update (package:flutter/src/widgets/framework.dart:6007)
I/flutter (27114): #78     Element.updateChild (package:flutter/src/widgets/framework.dart:4037)
I/flutter (27114): #79     ComponentElement.performRebuild (package:flutter/src/widgets/framework.dart:5841)
I/flutter (27114): #80     StatefulElement.performRebuild (package:flutter/src/widgets/framework.dart:5982)
I/flutter (27114): #81     Element.rebuild (package:flutter/src/widgets/framework.dart:5529)
I/flutter (27114): #82     StatefulElement.update (package:flutter/src/widgets/framework.dart:6007)
I/flutter (27114): #83     Element.updateChild (package:flutter/src/widgets/framework.dart:4037)
I/flutter (27114): #84     ComponentElement.performRebuild (package:flutter/src/widgets/framework.dart:5841)
I/flutter (27114): #85     Element.rebuild (package:flutter/src/widgets/framework.dart:5529)
I/flutter (27114): #86     ProxyElement.update (package:flutter/src/widgets/framework.dart:6149)
I/flutter (27114): #87     Element.updateChild (package:flutter/src/widgets/framework.dart:4037)
I/flutter (27114): #88     ComponentElement.performRebuild (package:flutter/src/widgets/framework.dart:5841)
I/flutter (27114): #89     Element.rebuild (package:flutter/src/widgets/framework.dart:5529)
I/flutter (27114): #90     ProxyElement.update (package:flutter/src/widgets/framework.dart:6149)
I/flutter (27114): #91     Element.updateChild (package:flutter/src/widgets/framework.dart:4037)
I/flutter (27114): #92     ComponentElement.performRebuild (package:flutter/src/widgets/framework.dart:5841)
I/flutter (27114): #93     Element.rebuild (package:flutter/src/widgets/framework.dart:5529)
I/flutter (27114): #94     ProxyElement.update (package:flutter/src/widgets/framework.dart:6149)
I/flutter (27114): #95     Element.updateChild (package:flutter/src/widgets/framework.dart:4037)
I/flutter (27114): #96     ComponentElement.performRebuild (package:flutter/src/widgets/framework.dart:5841)
I/flutter (27114): #97     StatefulElement.performRebuild (package:flutter/src/widgets/framework.dart:5982)
I/flutter (27114): #98     Element.rebuild (package:flutter/src/widgets/framework.dart:5529)
I/flutter (27114): #99     StatefulElement.update (package:flutter/src/widgets/framework.dart:6007)
[spm]: ProfilerData event received.
I/flutter (27114): [SPM:perf] 698a51a  buildSpan: 10769µs
I/flutter (27114): [spm] Performance monitoring completed for 698a51a
I/flutter (27114): type '_Stub' is not a subtype of type 'EdgeInsetsGeometry?'
I/flutter (27114): #0      TextBox.build (package:benchmark_container/generated_widget.dart:184)
I/flutter (27114): #1      StatelessElement.build (package:flutter/src/widgets/framework.dart:5889)
I/flutter (27114): #2      ComponentElement.performRebuild (package:flutter/src/widgets/framework.dart:5817)
I/flutter (27114): #3      Element.rebuild (package:flutter/src/widgets/framework.dart:5529)
I/flutter (27114): #4      StatelessElement.update (package:flutter/src/widgets/framework.dart:5895)
I/flutter (27114): #5      Element.updateChild (package:flutter/src/widgets/framework.dart:4037)
I/flutter (27114): #6      Element.updateChildren (package:flutter/src/widgets/framework.dart:4191)
I/flutter (27114): #7      MultiChildRenderObjectElement.update (package:flutter/src/widgets/framework.dart:7295)
I/flutter (27114): #8      Element.updateChild (package:flutter/src/widgets/framework.dart:4037)
I/flutter (27114): #9      SingleChildRenderObjectElement.update (package:flutter/src/widgets/framework.dart:7122)
I/flutter (27114): #10     Element.updateChild (package:flutter/src/widgets/framework.dart:4037)
I/flutter (27114): #11     ComponentElement.performRebuild (package:flutter/src/widgets/framework.dart:5841)
I/flutter (27114): #12     Element.rebuild (package:flutter/src/widgets/framework.dart:5529)
I/flutter (27114): #13     StatelessElement.update (package:flutter/src/widgets/framework.dart:5895)
I/flutter (27114): #14     Element.updateChild (package:flutter/src/widgets/framework.dart:4037)
I/flutter (27114): #15     ComponentElement.performRebuild (package:flutter/src/widgets/framework.dart:5841)
I/flutter (27114): #16     Element.rebuild (package:flutter/src/widgets/framework.dart:5529)
I/flutter (27114): #17     ProxyElement.update (package:flutter/src/widgets/framework.dart:6149)
I/flutter (27114): #18     Element.updateChild (package:flutter/src/widgets/framework.dart:4037)
I/flutter (27114): #19     SingleChildRenderObjectElement.update (package:flutter/src/widgets/framework.dart:7122)
I/flutter (27114): #20     Element.updateChild (package:flutter/src/widgets/framework.dart:4037)
I/flutter (27114): #21     ComponentElement.performRebuild (package:flutter/src/widgets/framework.dart:5841)
I/flutter (27114): #22     Element.rebuild (package:flutter/src/widgets/framework.dart:5529)
I/flutter (27114): #23     StatelessElement.update (package:flutter/src/widgets/framework.dart:5895)
I/flutter (27114): #24     Element.updateChild (package:flutter/src/widgets/framework.dart:4037)
I/flutter (27114): #25     ComponentElement.performRebuild (package:flutter/src/widgets/framework.dart:5841)
I/flutter (27114): #26     Element.rebuild (package:flutter/src/widgets/framework.dart:5529)
I/flutter (27114): #27     StatelessElement.update (package:flutter/src/widgets/framework.dart:5895)
I/flutter (27114): #28     Element.updateChild (package:flutter/src/widgets/framework.dart:4037)
I/flutter (27114): #29     ComponentElement.performRebuild (package:flutter/src/widgets/framework.dart:5841)
I/flutter (27114): #30     Element.rebuild (package:flutter/src/widgets/framework.dart:5529)
I/flutter (27114): #31     StatelessElement.update (package:flutter/src/widgets/framework.dart:5895)
I/flutter (27114): #32     Element.updateChild (package:flutter/src/widgets/framework.dart:4037)
I/flutter (27114): #33     ComponentElement.performRebuild (package:flutter/src/widgets/framework.dart:5841)
I/flutter (27114): #34     Element.rebuild (package:flutter/src/widgets/framework.dart:5529)
I/flutter (27114): #35     ProxyElement.update (package:flutter/src/widgets/framework.dart:6149)
I/flutter (27114): #36     Element.updateChild (package:flutter/src/widgets/framework.dart:4037)
I/flutter (27114): #37     ComponentElement.performRebuild (package:flutter/src/widgets/framework.dart:5841)
I/flutter (27114): #38     Element.rebuild (package:flutter/src/widgets/framework.dart:5529)
I/flutter (27114): #39     ProxyElement.update (package:flutter/src/widgets/framework.dart:6149)
I/flutter (27114): #40     Element.updateChild (package:flutter/src/widgets/framework.dart:4037)
I/flutter (27114): #41     Element.updateChildren (package:flutter/src/widgets/framework.dart:4191)
I/flutter (27114): #42     MultiChildRenderObjectElement.update (package:flutter/src/widgets/framework.dart:7295)
I/flutter (27114): #43     Element.updateChild (package:flutter/src/widgets/framework.dart:4037)
I/flutter (27114): #44     ComponentElement.performRebuild (package:flutter/src/widgets/framework.dart:5841)
I/flutter (27114): #45     Element.rebuild (package:flutter/src/widgets/framework.dart:5529)
I/flutter (27114): #46     ProxyElement.update (package:flutter/src/widgets/framework.dart:6149)
I/flutter (27114): #47     Element.updateChild (package:flutter/src/widgets/framework.dart:4037)
I/flutter (27114): #48     ComponentElement.performRebuild (package:flutter/src/widgets/framework.dart:5841)
I/flutter (27114): #49     StatefulElement.performRebuild (package:flutter/src/widgets/framework.dart:5982)
I/flutter (27114): #50     Element.rebuild (package:flutter/src/widgets/framework.dart:5529)
I/flutter (27114): #51     StatefulElement.update (package:flutter/src/widgets/framework.dart:6007)
I/flutter (27114): #52     Element.updateChild (package:flutter/src/widgets/framework.dart:4037)
I/flutter (27114): #53     ComponentElement.performRebuild (package:flutter/src/widgets/framework.dart:5841)
I/flutter (27114): #54     Element.rebuild (package:flutter/src/widgets/framework.dart:5529)
I/flutter (27114): #55     StatelessElement.update (package:flutter/src/widgets/framework.dart:5895)
I/flutter (27114): #56     Element.updateChild (package:flutter/src/widgets/framework.dart:4037)
I/flutter (27114): #57     ComponentElement.performRebuild (package:flutter/src/widgets/framework.dart:5841)
I/flutter (27114): #58     Element.rebuild (package:flutter/src/widgets/framework.dart:5529)
I/flutter (27114): #59     ProxyElement.update (package:flutter/src/widgets/framework.dart:6149)
I/flutter (27114): #60     Element.updateChild (package:flutter/src/widgets/framework.dart:4037)
I/flutter (27114): #61     ComponentElement.performRebuild (package:flutter/src/widgets/framework.dart:5841)
I/flutter (27114): #62     StatefulElement.performRebuild (package:flutter/src/widgets/framework.dart:5982)
I/flutter (27114): #63     Element.rebuild (package:flutter/src/widgets/framework.dart:5529)
I/flutter (27114): #64     StatefulElement.update (package:flutter/src/widgets/framework.dart:6007)
I/flutter (27114): #65     Element.updateChild (package:flutter/src/widgets/framework.dart:4037)
I/flutter (27114): #66     SingleChildRenderObjectElement.update (package:flutter/src/widgets/framework.dart:7122)
I/flutter (27114): #67     Element.updateChild (package:flutter/src/widgets/framework.dart:4037)
I/flutter (27114): #68     ComponentElement.performRebuild (package:flutter/src/widgets/framework.dart:5841)
I/flutter (27114): #69     Element.rebuild (package:flutter/src/widgets/framework.dart:5529)
I/flutter (27114): #70     ProxyElement.update (package:flutter/src/widgets/framework.dart:6149)
I/flutter (27114): #71     Element.updateChild (package:flutter/src/widgets/framework.dart:4037)
I/flutter (27114): #72     SingleChildRenderObjectElement.update (package:flutter/src/widgets/framework.dart:7122)
I/flutter (27114): #73     Element.updateChild (package:flutter/src/widgets/framework.dart:4037)
I/flutter (27114): #74     ComponentElement.performRebuild (package:flutter/src/widgets/framework.dart:5841)
I/flutter (27114): #75     StatefulElement.performRebuild (package:flutter/src/widgets/framework.dart:5982)
I/flutter (27114): #76     Element.rebuild (package:flutter/src/widgets/framework.dart:5529)
I/flutter (27114): #77     StatefulElement.update (package:flutter/src/widgets/framework.dart:6007)
I/flutter (27114): #78     Element.updateChild (package:flutter/src/widgets/framework.dart:4037)
I/flutter (27114): #79     ComponentElement.performRebuild (package:flutter/src/widgets/framework.dart:5841)
I/flutter (27114): #80     StatefulElement.performRebuild (package:flutter/src/widgets/framework.dart:5982)
I/flutter (27114): #81     Element.rebuild (package:flutter/src/widgets/framework.dart:5529)
I/flutter (27114): #82     StatefulElement.update (package:flutter/src/widgets/framework.dart:6007)
I/flutter (27114): #83     Element.updateChild (package:flutter/src/widgets/framework.dart:4037)
I/flutter (27114): #84     ComponentElement.performRebuild (package:flutter/src/widgets/framework.dart:5841)
I/flutter (27114): #85     Element.rebuild (package:flutter/src/widgets/framework.dart:5529)
I/flutter (27114): #86     ProxyElement.update (package:flutter/src/widgets/framework.dart:6149)
I/flutter (27114): #87     Element.updateChild (package:flutter/src/widgets/framework.dart:4037)
I/flutter (27114): #88     ComponentElement.performRebuild (package:flutter/src/widgets/framework.dart:5841)
I/flutter (27114): #89     Element.rebuild (package:flutter/src/widgets/framework.dart:5529)
I/flutter (27114): #90     ProxyElement.update (package:flutter/src/widgets/framework.dart:6149)
I/flutter (27114): #91     Element.updateChild (package:flutter/src/widgets/framework.dart:4037)
I/flutter (27114): #92     ComponentElement.performRebuild (package:flutter/src/widgets/framework.dart:5841)
I/flutter (27114): #93     Element.rebuild (package:flutter/src/widgets/framework.dart:5529)
I/flutter (27114): #94     ProxyElement.update (package:flutter/src/widgets/framework.dart:6149)
I/flutter (27114): #95     Element.updateChild (package:flutter/src/widgets/framework.dart:4037)
I/flutter (27114): #96     ComponentElement.performRebuild (package:flutter/src/widgets/framework.dart:5841)
I/flutter (27114): #97     StatefulElement.performRebuild (package:flutter/src/widgets/framework.dart:5982)
I/flutter (27114): #98     Element.rebuild (package:flutter/src/widgets/framework.dart:5529)
I/flutter (27114): #99     StatefulElement.update (package:flutter/src/widgets/framework.dart:6007)
[spm]: ProfilerData event received.
I/flutter (27114): [SPM:perf] 698a51a  buildSpan: 9316µs
I/flutter (27114): [spm] Performance monitoring completed for 698a51a
I/flutter (27114): type '_Stub' is not a subtype of type 'EdgeInsetsGeometry?'
I/flutter (27114): #0      TextBox.build (package:benchmark_container/generated_widget.dart:184)
I/flutter (27114): #1      StatelessElement.build (package:flutter/src/widgets/framework.dart:5889)
I/flutter (27114): #2      ComponentElement.performRebuild (package:flutter/src/widgets/framework.dart:5817)
I/flutter (27114): #3      Element.rebuild (package:flutter/src/widgets/framework.dart:5529)
I/flutter (27114): #4      StatelessElement.update (package:flutter/src/widgets/framework.dart:5895)
I/flutter (27114): #5      Element.updateChild (package:flutter/src/widgets/framework.dart:4037)
I/flutter (27114): #6      Element.updateChildren (package:flutter/src/widgets/framework.dart:4191)
I/flutter (27114): #7      MultiChildRenderObjectElement.update (package:flutter/src/widgets/framework.dart:7295)
I/flutter (27114): #8      Element.updateChild (package:flutter/src/widgets/framework.dart:4037)
I/flutter (27114): #9      SingleChildRenderObjectElement.update (package:flutter/src/widgets/framework.dart:7122)
I/flutter (27114): #10     Element.updateChild (package:flutter/src/widgets/framework.dart:4037)
I/flutter (27114): #11     ComponentElement.performRebuild (package:flutter/src/widgets/framework.dart:5841)
I/flutter (27114): #12     Element.rebuild (package:flutter/src/widgets/framework.dart:5529)
I/flutter (27114): #13     StatelessElement.update (package:flutter/src/widgets/framework.dart:5895)
I/flutter (27114): #14     Element.updateChild (package:flutter/src/widgets/framework.dart:4037)
I/flutter (27114): #15     ComponentElement.performRebuild (package:flutter/src/widgets/framework.dart:5841)
I/flutter (27114): #16     Element.rebuild (package:flutter/src/widgets/framework.dart:5529)
I/flutter (27114): #17     ProxyElement.update (package:flutter/src/widgets/framework.dart:6149)
I/flutter (27114): #18     Element.updateChild (package:flutter/src/widgets/framework.dart:4037)
I/flutter (27114): #19     SingleChildRenderObjectElement.update (package:flutter/src/widgets/framework.dart:7122)
I/flutter (27114): #20     Element.updateChild (package:flutter/src/widgets/framework.dart:4037)
I/flutter (27114): #21     ComponentElement.performRebuild (package:flutter/src/widgets/framework.dart:5841)
I/flutter (27114): #22     Element.rebuild (package:flutter/src/widgets/framework.dart:5529)
I/flutter (27114): #23     StatelessElement.update (package:flutter/src/widgets/framework.dart:5895)
I/flutter (27114): #24     Element.updateChild (package:flutter/src/widgets/framework.dart:4037)
I/flutter (27114): #25     ComponentElement.performRebuild (package:flutter/src/widgets/framework.dart:5841)
I/flutter (27114): #26     Element.rebuild (package:flutter/src/widgets/framework.dart:5529)
I/flutter (27114): #27     StatelessElement.update (package:flutter/src/widgets/framework.dart:5895)
I/flutter (27114): #28     Element.updateChild (package:flutter/src/widgets/framework.dart:4037)
I/flutter (27114): #29     ComponentElement.performRebuild (package:flutter/src/widgets/framework.dart:5841)
I/flutter (27114): #30     Element.rebuild (package:flutter/src/widgets/framework.dart:5529)
I/flutter (27114): #31     StatelessElement.update (package:flutter/src/widgets/framework.dart:5895)
I/flutter (27114): #32     Element.updateChild (package:flutter/src/widgets/framework.dart:4037)
I/flutter (27114): #33     ComponentElement.performRebuild (package:flutter/src/widgets/framework.dart:5841)
I/flutter (27114): #34     Element.rebuild (package:flutter/src/widgets/framework.dart:5529)
I/flutter (27114): #35     ProxyElement.update (package:flutter/src/widgets/framework.dart:6149)
I/flutter (27114): #36     Element.updateChild (package:flutter/src/widgets/framework.dart:4037)
I/flutter (27114): #37     ComponentElement.performRebuild (package:flutter/src/widgets/framework.dart:5841)
I/flutter (27114): #38     Element.rebuild (package:flutter/src/widgets/framework.dart:5529)
I/flutter (27114): #39     ProxyElement.update (package:flutter/src/widgets/framework.dart:6149)
I/flutter (27114): #40     Element.updateChild (package:flutter/src/widgets/framework.dart:4037)
I/flutter (27114): #41     Element.updateChildren (package:flutter/src/widgets/framework.dart:4191)
I/flutter (27114): #42     MultiChildRenderObjectElement.update (package:flutter/src/widgets/framework.dart:7295)
I/flutter (27114): #43     Element.updateChild (package:flutter/src/widgets/framework.dart:4037)
I/flutter (27114): #44     ComponentElement.performRebuild (package:flutter/src/widgets/framework.dart:5841)
I/flutter (27114): #45     Element.rebuild (package:flutter/src/widgets/framework.dart:5529)
I/flutter (27114): #46     ProxyElement.update (package:flutter/src/widgets/framework.dart:6149)
I/flutter (27114): #47     Element.updateChild (package:flutter/src/widgets/framework.dart:4037)
I/flutter (27114): #48     ComponentElement.performRebuild (package:flutter/src/widgets/framework.dart:5841)
I/flutter (27114): #49     StatefulElement.performRebuild (package:flutter/src/widgets/framework.dart:5982)
I/flutter (27114): #50     Element.rebuild (package:flutter/src/widgets/framework.dart:5529)
I/flutter (27114): #51     StatefulElement.update (package:flutter/src/widgets/framework.dart:6007)
I/flutter (27114): #52     Element.updateChild (package:flutter/src/widgets/framework.dart:4037)
I/flutter (27114): #53     ComponentElement.performRebuild (package:flutter/src/widgets/framework.dart:5841)
I/flutter (27114): #54     Element.rebuild (package:flutter/src/widgets/framework.dart:5529)
I/flutter (27114): #55     StatelessElement.update (package:flutter/src/widgets/framework.dart:5895)
I/flutter (27114): #56     Element.updateChild (package:flutter/src/widgets/framework.dart:4037)
I/flutter (27114): #57     ComponentElement.performRebuild (package:flutter/src/widgets/framework.dart:5841)
I/flutter (27114): #58     Element.rebuild (package:flutter/src/widgets/framework.dart:5529)
I/flutter (27114): #59     ProxyElement.update (package:flutter/src/widgets/framework.dart:6149)
I/flutter (27114): #60     Element.updateChild (package:flutter/src/widgets/framework.dart:4037)
I/flutter (27114): #61     ComponentElement.performRebuild (package:flutter/src/widgets/framework.dart:5841)
I/flutter (27114): #62     StatefulElement.performRebuild (package:flutter/src/widgets/framework.dart:5982)
I/flutter (27114): #63     Element.rebuild (package:flutter/src/widgets/framework.dart:5529)
I/flutter (27114): #64     StatefulElement.update (package:flutter/src/widgets/framework.dart:6007)
I/flutter (27114): #65     Element.updateChild (package:flutter/src/widgets/framework.dart:4037)
I/flutter (27114): #66     SingleChildRenderObjectElement.update (package:flutter/src/widgets/framework.dart:7122)
I/flutter (27114): #67     Element.updateChild (package:flutter/src/widgets/framework.dart:4037)
I/flutter (27114): #68     ComponentElement.performRebuild (package:flutter/src/widgets/framework.dart:5841)
I/flutter (27114): #69     Element.rebuild (package:flutter/src/widgets/framework.dart:5529)
I/flutter (27114): #70     ProxyElement.update (package:flutter/src/widgets/framework.dart:6149)
I/flutter (27114): #71     Element.updateChild (package:flutter/src/widgets/framework.dart:4037)
I/flutter (27114): #72     SingleChildRenderObjectElement.update (package:flutter/src/widgets/framework.dart:7122)
I/flutter (27114): #73     Element.updateChild (package:flutter/src/widgets/framework.dart:4037)
I/flutter (27114): #74     ComponentElement.performRebuild (package:flutter/src/widgets/framework.dart:5841)
I/flutter (27114): #75     StatefulElement.performRebuild (package:flutter/src/widgets/framework.dart:5982)
I/flutter (27114): #76     Element.rebuild (package:flutter/src/widgets/framework.dart:5529)
I/flutter (27114): #77     StatefulElement.update (package:flutter/src/widgets/framework.dart:6007)
I/flutter (27114): #78     Element.updateChild (package:flutter/src/widgets/framework.dart:4037)
I/flutter (27114): #79     ComponentElement.performRebuild (package:flutter/src/widgets/framework.dart:5841)
I/flutter (27114): #80     StatefulElement.performRebuild (package:flutter/src/widgets/framework.dart:5982)
I/flutter (27114): #81     Element.rebuild (package:flutter/src/widgets/framework.dart:5529)
I/flutter (27114): #82     StatefulElement.update (package:flutter/src/widgets/framework.dart:6007)
I/flutter (27114): #83     Element.updateChild (package:flutter/src/widgets/framework.dart:4037)
I/flutter (27114): #84     ComponentElement.performRebuild (package:flutter/src/widgets/framework.dart:5841)
I/flutter (27114): #85     Element.rebuild (package:flutter/src/widgets/framework.dart:5529)
I/flutter (27114): #86     ProxyElement.update (package:flutter/src/widgets/framework.dart:6149)
I/flutter (27114): #87     Element.updateChild (package:flutter/src/widgets/framework.dart:4037)
I/flutter (27114): #88     ComponentElement.performRebuild (package:flutter/src/widgets/framework.dart:5841)
I/flutter (27114): #89     Element.rebuild (package:flutter/src/widgets/framework.dart:5529)
I/flutter (27114): #90     ProxyElement.update (package:flutter/src/widgets/framework.dart:6149)
I/flutter (27114): #91     Element.updateChild (package:flutter/src/widgets/framework.dart:4037)
I/flutter (27114): #92     ComponentElement.performRebuild (package:flutter/src/widgets/framework.dart:5841)
I/flutter (27114): #93     Element.rebuild (package:flutter/src/widgets/framework.dart:5529)
I/flutter (27114): #94     ProxyElement.update (package:flutter/src/widgets/framework.dart:6149)
I/flutter (27114): #95     Element.updateChild (package:flutter/src/widgets/framework.dart:4037)
I/flutter (27114): #96     ComponentElement.performRebuild (package:flutter/src/widgets/framework.dart:5841)
I/flutter (27114): #97     StatefulElement.performRebuild (package:flutter/src/widgets/framework.dart:5982)
I/flutter (27114): #98     Element.rebuild (package:flutter/src/widgets/framework.dart:5529)
I/flutter (27114): #99     StatefulElement.update (package:flutter/src/widgets/framework.dart:6007)
[spm]: ProfilerData event received.
I/flutter (27114): [SPM:perf] 698a51a  buildSpan: 10232µs
I/flutter (27114): [spm] Performance monitoring completed for 698a51a
I/flutter (27114): type '_Stub' is not a subtype of type 'EdgeInsetsGeometry?'
I/flutter (27114): #0      TextBox.build (package:benchmark_container/generated_widget.dart:184)
I/flutter (27114): #1      StatelessElement.build (package:flutter/src/widgets/framework.dart:5889)
I/flutter (27114): #2      ComponentElement.performRebuild (package:flutter/src/widgets/framework.dart:5817)
I/flutter (27114): #3      Element.rebuild (package:flutter/src/widgets/framework.dart:5529)
I/flutter (27114): #4      StatelessElement.update (package:flutter/src/widgets/framework.dart:5895)
I/flutter (27114): #5      Element.updateChild (package:flutter/src/widgets/framework.dart:4037)
I/flutter (27114): #6      Element.updateChildren (package:flutter/src/widgets/framework.dart:4191)
I/flutter (27114): #7      MultiChildRenderObjectElement.update (package:flutter/src/widgets/framework.dart:7295)
I/flutter (27114): #8      Element.updateChild (package:flutter/src/widgets/framework.dart:4037)
I/flutter (27114): #9      SingleChildRenderObjectElement.update (package:flutter/src/widgets/framework.dart:7122)
I/flutter (27114): #10     Element.updateChild (package:flutter/src/widgets/framework.dart:4037)
I/flutter (27114): #11     ComponentElement.performRebuild (package:flutter/src/widgets/framework.dart:5841)
I/flutter (27114): #12     Element.rebuild (package:flutter/src/widgets/framework.dart:5529)
I/flutter (27114): #13     StatelessElement.update (package:flutter/src/widgets/framework.dart:5895)
I/flutter (27114): #14     Element.updateChild (package:flutter/src/widgets/framework.dart:4037)
I/flutter (27114): #15     ComponentElement.performRebuild (package:flutter/src/widgets/framework.dart:5841)
I/flutter (27114): #16     Element.rebuild (package:flutter/src/widgets/framework.dart:5529)
I/flutter (27114): #17     ProxyElement.update (package:flutter/src/widgets/framework.dart:6149)
I/flutter (27114): #18     Element.updateChild (package:flutter/src/widgets/framework.dart:4037)
I/flutter (27114): #19     SingleChildRenderObjectElement.update (package:flutter/src/widgets/framework.dart:7122)
I/flutter (27114): #20     Element.updateChild (package:flutter/src/widgets/framework.dart:4037)
I/flutter (27114): #21     ComponentElement.performRebuild (package:flutter/src/widgets/framework.dart:5841)
I/flutter (27114): #22     Element.rebuild (package:flutter/src/widgets/framework.dart:5529)
I/flutter (27114): #23     StatelessElement.update (package:flutter/src/widgets/framework.dart:5895)
I/flutter (27114): #24     Element.updateChild (package:flutter/src/widgets/framework.dart:4037)
I/flutter (27114): #25     ComponentElement.performRebuild (package:flutter/src/widgets/framework.dart:5841)
I/flutter (27114): #26     Element.rebuild (package:flutter/src/widgets/framework.dart:5529)
I/flutter (27114): #27     StatelessElement.update (package:flutter/src/widgets/framework.dart:5895)
I/flutter (27114): #28     Element.updateChild (package:flutter/src/widgets/framework.dart:4037)
I/flutter (27114): #29     ComponentElement.performRebuild (package:flutter/src/widgets/framework.dart:5841)
I/flutter (27114): #30     Element.rebuild (package:flutter/src/widgets/framework.dart:5529)
I/flutter (27114): #31     StatelessElement.update (package:flutter/src/widgets/framework.dart:5895)
I/flutter (27114): #32     Element.updateChild (package:flutter/src/widgets/framework.dart:4037)
I/flutter (27114): #33     ComponentElement.performRebuild (package:flutter/src/widgets/framework.dart:5841)
I/flutter (27114): #34     Element.rebuild (package:flutter/src/widgets/framework.dart:5529)
I/flutter (27114): #35     ProxyElement.update (package:flutter/src/widgets/framework.dart:6149)
I/flutter (27114): #36     Element.updateChild (package:flutter/src/widgets/framework.dart:4037)
I/flutter (27114): #37     ComponentElement.performRebuild (package:flutter/src/widgets/framework.dart:5841)
I/flutter (27114): #38     Element.rebuild (package:flutter/src/widgets/framework.dart:5529)
I/flutter (27114): #39     ProxyElement.update (package:flutter/src/widgets/framework.dart:6149)
I/flutter (27114): #40     Element.updateChild (package:flutter/src/widgets/framework.dart:4037)
I/flutter (27114): #41     Element.updateChildren (package:flutter/src/widgets/framework.dart:4191)
I/flutter (27114): #42     MultiChildRenderObjectElement.update (package:flutter/src/widgets/framework.dart:7295)
I/flutter (27114): #43     Element.updateChild (package:flutter/src/widgets/framework.dart:4037)
I/flutter (27114): #44     ComponentElement.performRebuild (package:flutter/src/widgets/framework.dart:5841)
I/flutter (27114): #45     Element.rebuild (package:flutter/src/widgets/framework.dart:5529)
I/flutter (27114): #46     ProxyElement.update (package:flutter/src/widgets/framework.dart:6149)
I/flutter (27114): #47     Element.updateChild (package:flutter/src/widgets/framework.dart:4037)
I/flutter (27114): #48     ComponentElement.performRebuild (package:flutter/src/widgets/framework.dart:5841)
I/flutter (27114): #49     StatefulElement.performRebuild (package:flutter/src/widgets/framework.dart:5982)
I/flutter (27114): #50     Element.rebuild (package:flutter/src/widgets/framework.dart:5529)
I/flutter (27114): #51     StatefulElement.update (package:flutter/src/widgets/framework.dart:6007)
I/flutter (27114): #52     Element.updateChild (package:flutter/src/widgets/framework.dart:4037)
I/flutter (27114): #53     ComponentElement.performRebuild (package:flutter/src/widgets/framework.dart:5841)
I/flutter (27114): #54     Element.rebuild (package:flutter/src/widgets/framework.dart:5529)
I/flutter (27114): #55     StatelessElement.update (package:flutter/src/widgets/framework.dart:5895)
I/flutter (27114): #56     Element.updateChild (package:flutter/src/widgets/framework.dart:4037)
I/flutter (27114): #57     ComponentElement.performRebuild (package:flutter/src/widgets/framework.dart:5841)
I/flutter (27114): #58     Element.rebuild (package:flutter/src/widgets/framework.dart:5529)
I/flutter (27114): #59     ProxyElement.update (package:flutter/src/widgets/framework.dart:6149)
I/flutter (27114): #60     Element.updateChild (package:flutter/src/widgets/framework.dart:4037)
I/flutter (27114): #61     ComponentElement.performRebuild (package:flutter/src/widgets/framework.dart:5841)
I/flutter (27114): #62     StatefulElement.performRebuild (package:flutter/src/widgets/framework.dart:5982)
I/flutter (27114): #63     Element.rebuild (package:flutter/src/widgets/framework.dart:5529)
I/flutter (27114): #64     StatefulElement.update (package:flutter/src/widgets/framework.dart:6007)
I/flutter (27114): #65     Element.updateChild (package:flutter/src/widgets/framework.dart:4037)
I/flutter (27114): #66     SingleChildRenderObjectElement.update (package:flutter/src/widgets/framework.dart:7122)
I/flutter (27114): #67     Element.updateChild (package:flutter/src/widgets/framework.dart:4037)
I/flutter (27114): #68     ComponentElement.performRebuild (package:flutter/src/widgets/framework.dart:5841)
I/flutter (27114): #69     Element.rebuild (package:flutter/src/widgets/framework.dart:5529)
I/flutter (27114): #70     ProxyElement.update (package:flutter/src/widgets/framework.dart:6149)
I/flutter (27114): #71     Element.updateChild (package:flutter/src/widgets/framework.dart:4037)
I/flutter (27114): #72     SingleChildRenderObjectElement.update (package:flutter/src/widgets/framework.dart:7122)
I/flutter (27114): #73     Element.updateChild (package:flutter/src/widgets/framework.dart:4037)
I/flutter (27114): #74     ComponentElement.performRebuild (package:flutter/src/widgets/framework.dart:5841)
I/flutter (27114): #75     StatefulElement.performRebuild (package:flutter/src/widgets/framework.dart:5982)
I/flutter (27114): #76     Element.rebuild (package:flutter/src/widgets/framework.dart:5529)
I/flutter (27114): #77     StatefulElement.update (package:flutter/src/widgets/framework.dart:6007)
I/flutter (27114): #78     Element.updateChild (package:flutter/src/widgets/framework.dart:4037)
I/flutter (27114): #79     ComponentElement.performRebuild (package:flutter/src/widgets/framework.dart:5841)
I/flutter (27114): #80     StatefulElement.performRebuild (package:flutter/src/widgets/framework.dart:5982)
I/flutter (27114): #81     Element.rebuild (package:flutter/src/widgets/framework.dart:5529)
I/flutter (27114): #82     StatefulElement.update (package:flutter/src/widgets/framework.dart:6007)
I/flutter (27114): #83     Element.updateChild (package:flutter/src/widgets/framework.dart:4037)
I/flutter (27114): #84     ComponentElement.performRebuild (package:flutter/src/widgets/framework.dart:5841)
I/flutter (27114): #85     Element.rebuild (package:flutter/src/widgets/framework.dart:5529)
I/flutter (27114): #86     ProxyElement.update (package:flutter/src/widgets/framework.dart:6149)
I/flutter (27114): #87     Element.updateChild (package:flutter/src/widgets/framework.dart:4037)
I/flutter (27114): #88     ComponentElement.performRebuild (package:flutter/src/widgets/framework.dart:5841)
I/flutter (27114): #89     Element.rebuild (package:flutter/src/widgets/framework.dart:5529)
I/flutter (27114): #90     ProxyElement.update (package:flutter/src/widgets/framework.dart:6149)
I/flutter (27114): #91     Element.updateChild (package:flutter/src/widgets/framework.dart:4037)
I/flutter (27114): #92     ComponentElement.performRebuild (package:flutter/src/widgets/framework.dart:5841)
I/flutter (27114): #93     Element.rebuild (package:flutter/src/widgets/framework.dart:5529)
I/flutter (27114): #94     ProxyElement.update (package:flutter/src/widgets/framework.dart:6149)
I/flutter (27114): #95     Element.updateChild (package:flutter/src/widgets/framework.dart:4037)
I/flutter (27114): #96     ComponentElement.performRebuild (package:flutter/src/widgets/framework.dart:5841)
I/flutter (27114): #97     StatefulElement.performRebuild (package:flutter/src/widgets/framework.dart:5982)
I/flutter (27114): #98     Element.rebuild (package:flutter/src/widgets/framework.dart:5529)
I/flutter (27114): #99     StatefulElement.update (package:flutter/src/widgets/framework.dart:6007)
I/flutter (27114): [SPM:perf] 698a51a  buildSpan: 10437µs
I/flutter (27114): [spm] Performance monitoring completed for 698a51a
[spm]: ProfilerData event received.
I/flutter (27114): type '_Stub' is not a subtype of type 'EdgeInsetsGeometry?'
I/flutter (27114): #0      TextBox.build (package:benchmark_container/generated_widget.dart:184)
I/flutter (27114): #1      StatelessElement.build (package:flutter/src/widgets/framework.dart:5889)
I/flutter (27114): #2      ComponentElement.performRebuild (package:flutter/src/widgets/framework.dart:5817)
I/flutter (27114): #3      Element.rebuild (package:flutter/src/widgets/framework.dart:5529)
I/flutter (27114): #4      StatelessElement.update (package:flutter/src/widgets/framework.dart:5895)
I/flutter (27114): #5      Element.updateChild (package:flutter/src/widgets/framework.dart:4037)
I/flutter (27114): #6      Element.updateChildren (package:flutter/src/widgets/framework.dart:4191)
I/flutter (27114): #7      MultiChildRenderObjectElement.update (package:flutter/src/widgets/framework.dart:7295)
I/flutter (27114): #8      Element.updateChild (package:flutter/src/widgets/framework.dart:4037)
I/flutter (27114): #9      SingleChildRenderObjectElement.update (package:flutter/src/widgets/framework.dart:7122)
I/flutter (27114): #10     Element.updateChild (package:flutter/src/widgets/framework.dart:4037)
I/flutter (27114): #11     ComponentElement.performRebuild (package:flutter/src/widgets/framework.dart:5841)
I/flutter (27114): #12     Element.rebuild (package:flutter/src/widgets/framework.dart:5529)
I/flutter (27114): #13     StatelessElement.update (package:flutter/src/widgets/framework.dart:5895)
I/flutter (27114): #14     Element.updateChild (package:flutter/src/widgets/framework.dart:4037)
I/flutter (27114): #15     ComponentElement.performRebuild (package:flutter/src/widgets/framework.dart:5841)
I/flutter (27114): #16     Element.rebuild (package:flutter/src/widgets/framework.dart:5529)
I/flutter (27114): #17     ProxyElement.update (package:flutter/src/widgets/framework.dart:6149)
I/flutter (27114): #18     Element.updateChild (package:flutter/src/widgets/framework.dart:4037)
I/flutter (27114): #19     SingleChildRenderObjectElement.update (package:flutter/src/widgets/framework.dart:7122)
I/flutter (27114): #20     Element.updateChild (package:flutter/src/widgets/framework.dart:4037)
I/flutter (27114): #21     ComponentElement.performRebuild (package:flutter/src/widgets/framework.dart:5841)
I/flutter (27114): #22     Element.rebuild (package:flutter/src/widgets/framework.dart:5529)
I/flutter (27114): #23     StatelessElement.update (package:flutter/src/widgets/framework.dart:5895)
I/flutter (27114): #24     Element.updateChild (package:flutter/src/widgets/framework.dart:4037)
I/flutter (27114): #25     ComponentElement.performRebuild (package:flutter/src/widgets/framework.dart:5841)
I/flutter (27114): #26     Element.rebuild (package:flutter/src/widgets/framework.dart:5529)
I/flutter (27114): #27     StatelessElement.update (package:flutter/src/widgets/framework.dart:5895)
I/flutter (27114): #28     Element.updateChild (package:flutter/src/widgets/framework.dart:4037)
I/flutter (27114): #29     ComponentElement.performRebuild (package:flutter/src/widgets/framework.dart:5841)
I/flutter (27114): #30     Element.rebuild (package:flutter/src/widgets/framework.dart:5529)
I/flutter (27114): #31     StatelessElement.update (package:flutter/src/widgets/framework.dart:5895)
I/flutter (27114): #32     Element.updateChild (package:flutter/src/widgets/framework.dart:4037)
I/flutter (27114): #33     ComponentElement.performRebuild (package:flutter/src/widgets/framework.dart:5841)
I/flutter (27114): #34     Element.rebuild (package:flutter/src/widgets/framework.dart:5529)
I/flutter (27114): #35     ProxyElement.update (package:flutter/src/widgets/framework.dart:6149)
I/flutter (27114): #36     Element.updateChild (package:flutter/src/widgets/framework.dart:4037)
I/flutter (27114): #37     ComponentElement.performRebuild (package:flutter/src/widgets/framework.dart:5841)
I/flutter (27114): #38     Element.rebuild (package:flutter/src/widgets/framework.dart:5529)
I/flutter (27114): #39     ProxyElement.update (package:flutter/src/widgets/framework.dart:6149)
I/flutter (27114): #40     Element.updateChild (package:flutter/src/widgets/framework.dart:4037)
I/flutter (27114): #41     Element.updateChildren (package:flutter/src/widgets/framework.dart:4191)
I/flutter (27114): #42     MultiChildRenderObjectElement.update (package:flutter/src/widgets/framework.dart:7295)
I/flutter (27114): #43     Element.updateChild (package:flutter/src/widgets/framework.dart:4037)
I/flutter (27114): #44     ComponentElement.performRebuild (package:flutter/src/widgets/framework.dart:5841)
I/flutter (27114): #45     Element.rebuild (package:flutter/src/widgets/framework.dart:5529)
I/flutter (27114): #46     ProxyElement.update (package:flutter/src/widgets/framework.dart:6149)
I/flutter (27114): #47     Element.updateChild (package:flutter/src/widgets/framework.dart:4037)
I/flutter (27114): #48     ComponentElement.performRebuild (package:flutter/src/widgets/framework.dart:5841)
I/flutter (27114): #49     StatefulElement.performRebuild (package:flutter/src/widgets/framework.dart:5982)
I/flutter (27114): #50     Element.rebuild (package:flutter/src/widgets/framework.dart:5529)
I/flutter (27114): #51     StatefulElement.update (package:flutter/src/widgets/framework.dart:6007)
I/flutter (27114): #52     Element.updateChild (package:flutter/src/widgets/framework.dart:4037)
I/flutter (27114): #53     ComponentElement.performRebuild (package:flutter/src/widgets/framework.dart:5841)
I/flutter (27114): #54     Element.rebuild (package:flutter/src/widgets/framework.dart:5529)
I/flutter (27114): #55     StatelessElement.update (package:flutter/src/widgets/framework.dart:5895)
I/flutter (27114): #56     Element.updateChild (package:flutter/src/widgets/framework.dart:4037)
I/flutter (27114): #57     ComponentElement.performRebuild (package:flutter/src/widgets/framework.dart:5841)
I/flutter (27114): #58     Element.rebuild (package:flutter/src/widgets/framework.dart:5529)
I/flutter (27114): #59     ProxyElement.update (package:flutter/src/widgets/framework.dart:6149)
I/flutter (27114): #60     Element.updateChild (package:flutter/src/widgets/framework.dart:4037)
I/flutter (27114): #61     ComponentElement.performRebuild (package:flutter/src/widgets/framework.dart:5841)
I/flutter (27114): #62     StatefulElement.performRebuild (package:flutter/src/widgets/framework.dart:5982)
I/flutter (27114): #63     Element.rebuild (package:flutter/src/widgets/framework.dart:5529)
I/flutter (27114): #64     StatefulElement.update (package:flutter/src/widgets/framework.dart:6007)
I/flutter (27114): #65     Element.updateChild (package:flutter/src/widgets/framework.dart:4037)
I/flutter (27114): #66     SingleChildRenderObjectElement.update (package:flutter/src/widgets/framework.dart:7122)
I/flutter (27114): #67     Element.updateChild (package:flutter/src/widgets/framework.dart:4037)
I/flutter (27114): #68     ComponentElement.performRebuild (package:flutter/src/widgets/framework.dart:5841)
I/flutter (27114): #69     Element.rebuild (package:flutter/src/widgets/framework.dart:5529)
I/flutter (27114): #70     ProxyElement.update (package:flutter/src/widgets/framework.dart:6149)
I/flutter (27114): #71     Element.updateChild (package:flutter/src/widgets/framework.dart:4037)
I/flutter (27114): #72     SingleChildRenderObjectElement.update (package:flutter/src/widgets/framework.dart:7122)
I/flutter (27114): #73     Element.updateChild (package:flutter/src/widgets/framework.dart:4037)
I/flutter (27114): #74     ComponentElement.performRebuild (package:flutter/src/widgets/framework.dart:5841)
I/flutter (27114): #75     StatefulElement.performRebuild (package:flutter/src/widgets/framework.dart:5982)
I/flutter (27114): #76     Element.rebuild (package:flutter/src/widgets/framework.dart:5529)
I/flutter (27114): #77     StatefulElement.update (package:flutter/src/widgets/framework.dart:6007)
I/flutter (27114): #78     Element.updateChild (package:flutter/src/widgets/framework.dart:4037)
I/flutter (27114): #79     ComponentElement.performRebuild (package:flutter/src/widgets/framework.dart:5841)
I/flutter (27114): #80     StatefulElement.performRebuild (package:flutter/src/widgets/framework.dart:5982)
I/flutter (27114): #81     Element.rebuild (package:flutter/src/widgets/framework.dart:5529)
I/flutter (27114): #82     StatefulElement.update (package:flutter/src/widgets/framework.dart:6007)
I/flutter (27114): #83     Element.updateChild (package:flutter/src/widgets/framework.dart:4037)
I/flutter (27114): #84     ComponentElement.performRebuild (package:flutter/src/widgets/framework.dart:5841)
I/flutter (27114): #85     Element.rebuild (package:flutter/src/widgets/framework.dart:5529)
I/flutter (27114): #86     ProxyElement.update (package:flutter/src/widgets/framework.dart:6149)
I/flutter (27114): #87     Element.updateChild (package:flutter/src/widgets/framework.dart:4037)
I/flutter (27114): #88     ComponentElement.performRebuild (package:flutter/src/widgets/framework.dart:5841)
I/flutter (27114): #89     Element.rebuild (package:flutter/src/widgets/framework.dart:5529)
I/flutter (27114): #90     ProxyElement.update (package:flutter/src/widgets/framework.dart:6149)
I/flutter (27114): #91     Element.updateChild (package:flutter/src/widgets/framework.dart:4037)
I/flutter (27114): #92     ComponentElement.performRebuild (package:flutter/src/widgets/framework.dart:5841)
I/flutter (27114): #93     Element.rebuild (package:flutter/src/widgets/framework.dart:5529)
I/flutter (27114): #94     ProxyElement.update (package:flutter/src/widgets/framework.dart:6149)
I/flutter (27114): #95     Element.updateChild (package:flutter/src/widgets/framework.dart:4037)
I/flutter (27114): #96     ComponentElement.performRebuild (package:flutter/src/widgets/framework.dart:5841)
I/flutter (27114): #97     StatefulElement.performRebuild (package:flutter/src/widgets/framework.dart:5982)
I/flutter (27114): #98     Element.rebuild (package:flutter/src/widgets/framework.dart:5529)
I/flutter (27114): #99     StatefulElement.update (package:flutter/src/widgets/framework.dart:6007)
[spm]: ProfilerData event received.
I/flutter (27114): [SPM:perf] 698a51a  buildSpan: 9751µs
I/flutter (27114): [spm] Performance monitoring completed for 698a51a
I/flutter (27114): type '_Stub' is not a subtype of type 'EdgeInsetsGeometry?'
I/flutter (27114): #0      TextBox.build (package:benchmark_container/generated_widget.dart:184)
I/flutter (27114): #1      StatelessElement.build (package:flutter/src/widgets/framework.dart:5889)
I/flutter (27114): #2      ComponentElement.performRebuild (package:flutter/src/widgets/framework.dart:5817)
I/flutter (27114): #3      Element.rebuild (package:flutter/src/widgets/framework.dart:5529)
I/flutter (27114): #4      StatelessElement.update (package:flutter/src/widgets/framework.dart:5895)
I/flutter (27114): #5      Element.updateChild (package:flutter/src/widgets/framework.dart:4037)
I/flutter (27114): #6      Element.updateChildren (package:flutter/src/widgets/framework.dart:4191)
I/flutter (27114): #7      MultiChildRenderObjectElement.update (package:flutter/src/widgets/framework.dart:7295)
I/flutter (27114): #8      Element.updateChild (package:flutter/src/widgets/framework.dart:4037)
I/flutter (27114): #9      SingleChildRenderObjectElement.update (package:flutter/src/widgets/framework.dart:7122)
I/flutter (27114): #10     Element.updateChild (package:flutter/src/widgets/framework.dart:4037)
I/flutter (27114): #11     ComponentElement.performRebuild (package:flutter/src/widgets/framework.dart:5841)
I/flutter (27114): #12     Element.rebuild (package:flutter/src/widgets/framework.dart:5529)
I/flutter (27114): #13     StatelessElement.update (package:flutter/src/widgets/framework.dart:5895)
I/flutter (27114): #14     Element.updateChild (package:flutter/src/widgets/framework.dart:4037)
I/flutter (27114): #15     ComponentElement.performRebuild (package:flutter/src/widgets/framework.dart:5841)
I/flutter (27114): #16     Element.rebuild (package:flutter/src/widgets/framework.dart:5529)
I/flutter (27114): #17     ProxyElement.update (package:flutter/src/widgets/framework.dart:6149)
I/flutter (27114): #18     Element.updateChild (package:flutter/src/widgets/framework.dart:4037)
I/flutter (27114): #19     SingleChildRenderObjectElement.update (package:flutter/src/widgets/framework.dart:7122)
I/flutter (27114): #20     Element.updateChild (package:flutter/src/widgets/framework.dart:4037)
I/flutter (27114): #21     ComponentElement.performRebuild (package:flutter/src/widgets/framework.dart:5841)
I/flutter (27114): #22     Element.rebuild (package:flutter/src/widgets/framework.dart:5529)
I/flutter (27114): #23     StatelessElement.update (package:flutter/src/widgets/framework.dart:5895)
I/flutter (27114): #24     Element.updateChild (package:flutter/src/widgets/framework.dart:4037)
I/flutter (27114): #25     ComponentElement.performRebuild (package:flutter/src/widgets/framework.dart:5841)
I/flutter (27114): #26     Element.rebuild (package:flutter/src/widgets/framework.dart:5529)
I/flutter (27114): #27     StatelessElement.update (package:flutter/src/widgets/framework.dart:5895)
I/flutter (27114): #28     Element.updateChild (package:flutter/src/widgets/framework.dart:4037)
I/flutter (27114): #29     ComponentElement.performRebuild (package:flutter/src/widgets/framework.dart:5841)
I/flutter (27114): #30     Element.rebuild (package:flutter/src/widgets/framework.dart:5529)
I/flutter (27114): #31     StatelessElement.update (package:flutter/src/widgets/framework.dart:5895)
I/flutter (27114): #32     Element.updateChild (package:flutter/src/widgets/framework.dart:4037)
I/flutter (27114): #33     ComponentElement.performRebuild (package:flutter/src/widgets/framework.dart:5841)
I/flutter (27114): #34     Element.rebuild (package:flutter/src/widgets/framework.dart:5529)
I/flutter (27114): #35     ProxyElement.update (package:flutter/src/widgets/framework.dart:6149)
I/flutter (27114): #36     Element.updateChild (package:flutter/src/widgets/framework.dart:4037)
I/flutter (27114): #37     ComponentElement.performRebuild (package:flutter/src/widgets/framework.dart:5841)
I/flutter (27114): #38     Element.rebuild (package:flutter/src/widgets/framework.dart:5529)
I/flutter (27114): #39     ProxyElement.update (package:flutter/src/widgets/framework.dart:6149)
I/flutter (27114): #40     Element.updateChild (package:flutter/src/widgets/framework.dart:4037)
I/flutter (27114): #41     Element.updateChildren (package:flutter/src/widgets/framework.dart:4191)
I/flutter (27114): #42     MultiChildRenderObjectElement.update (package:flutter/src/widgets/framework.dart:7295)
I/flutter (27114): #43     Element.updateChild (package:flutter/src/widgets/framework.dart:4037)
I/flutter (27114): #44     ComponentElement.performRebuild (package:flutter/src/widgets/framework.dart:5841)
I/flutter (27114): #45     Element.rebuild (package:flutter/src/widgets/framework.dart:5529)
I/flutter (27114): #46     ProxyElement.update (package:flutter/src/widgets/framework.dart:6149)
I/flutter (27114): #47     Element.updateChild (package:flutter/src/widgets/framework.dart:4037)
I/flutter (27114): #48     ComponentElement.performRebuild (package:flutter/src/widgets/framework.dart:5841)
I/flutter (27114): #49     StatefulElement.performRebuild (package:flutter/src/widgets/framework.dart:5982)
I/flutter (27114): #50     Element.rebuild (package:flutter/src/widgets/framework.dart:5529)
I/flutter (27114): #51     StatefulElement.update (package:flutter/src/widgets/framework.dart:6007)
I/flutter (27114): #52     Element.updateChild (package:flutter/src/widgets/framework.dart:4037)
I/flutter (27114): #53     ComponentElement.performRebuild (package:flutter/src/widgets/framework.dart:5841)
I/flutter (27114): #54     Element.rebuild (package:flutter/src/widgets/framework.dart:5529)
I/flutter (27114): #55     StatelessElement.update (package:flutter/src/widgets/framework.dart:5895)
I/flutter (27114): #56     Element.updateChild (package:flutter/src/widgets/framework.dart:4037)
I/flutter (27114): #57     ComponentElement.performRebuild (package:flutter/src/widgets/framework.dart:5841)
I/flutter (27114): #58     Element.rebuild (package:flutter/src/widgets/framework.dart:5529)
I/flutter (27114): #59     ProxyElement.update (package:flutter/src/widgets/framework.dart:6149)
I/flutter (27114): #60     Element.updateChild (package:flutter/src/widgets/framework.dart:4037)
I/flutter (27114): #61     ComponentElement.performRebuild (package:flutter/src/widgets/framework.dart:5841)
I/flutter (27114): #62     StatefulElement.performRebuild (package:flutter/src/widgets/framework.dart:5982)
I/flutter (27114): #63     Element.rebuild (package:flutter/src/widgets/framework.dart:5529)
I/flutter (27114): #64     StatefulElement.update (package:flutter/src/widgets/framework.dart:6007)
I/flutter (27114): #65     Element.updateChild (package:flutter/src/widgets/framework.dart:4037)
I/flutter (27114): #66     SingleChildRenderObjectElement.update (package:flutter/src/widgets/framework.dart:7122)
I/flutter (27114): #67     Element.updateChild (package:flutter/src/widgets/framework.dart:4037)
I/flutter (27114): #68     ComponentElement.performRebuild (package:flutter/src/widgets/framework.dart:5841)
I/flutter (27114): #69     Element.rebuild (package:flutter/src/widgets/framework.dart:5529)
I/flutter (27114): #70     ProxyElement.update (package:flutter/src/widgets/framework.dart:6149)
I/flutter (27114): #71     Element.updateChild (package:flutter/src/widgets/framework.dart:4037)
I/flutter (27114): #72     SingleChildRenderObjectElement.update (package:flutter/src/widgets/framework.dart:7122)
I/flutter (27114): #73     Element.updateChild (package:flutter/src/widgets/framework.dart:4037)
I/flutter (27114): #74     ComponentElement.performRebuild (package:flutter/src/widgets/framework.dart:5841)
I/flutter (27114): #75     StatefulElement.performRebuild (package:flutter/src/widgets/framework.dart:5982)
I/flutter (27114): #76     Element.rebuild (package:flutter/src/widgets/framework.dart:5529)
I/flutter (27114): #77     StatefulElement.update (package:flutter/src/widgets/framework.dart:6007)
I/flutter (27114): #78     Element.updateChild (package:flutter/src/widgets/framework.dart:4037)
I/flutter (27114): #79     ComponentElement.performRebuild (package:flutter/src/widgets/framework.dart:5841)
I/flutter (27114): #80     StatefulElement.performRebuild (package:flutter/src/widgets/framework.dart:5982)
I/flutter (27114): #81     Element.rebuild (package:flutter/src/widgets/framework.dart:5529)
I/flutter (27114): #82     StatefulElement.update (package:flutter/src/widgets/framework.dart:6007)
I/flutter (27114): #83     Element.updateChild (package:flutter/src/widgets/framework.dart:4037)
I/flutter (27114): #84     ComponentElement.performRebuild (package:flutter/src/widgets/framework.dart:5841)
I/flutter (27114): #85     Element.rebuild (package:flutter/src/widgets/framework.dart:5529)
I/flutter (27114): #86     ProxyElement.update (package:flutter/src/widgets/framework.dart:6149)
I/flutter (27114): #87     Element.updateChild (package:flutter/src/widgets/framework.dart:4037)
I/flutter (27114): #88     ComponentElement.performRebuild (package:flutter/src/widgets/framework.dart:5841)
I/flutter (27114): #89     Element.rebuild (package:flutter/src/widgets/framework.dart:5529)
I/flutter (27114): #90     ProxyElement.update (package:flutter/src/widgets/framework.dart:6149)
I/flutter (27114): #91     Element.updateChild (package:flutter/src/widgets/framework.dart:4037)
I/flutter (27114): #92     ComponentElement.performRebuild (package:flutter/src/widgets/framework.dart:5841)
I/flutter (27114): #93     Element.rebuild (package:flutter/src/widgets/framework.dart:5529)
I/flutter (27114): #94     ProxyElement.update (package:flutter/src/widgets/framework.dart:6149)
I/flutter (27114): #95     Element.updateChild (package:flutter/src/widgets/framework.dart:4037)
I/flutter (27114): #96     ComponentElement.performRebuild (package:flutter/src/widgets/framework.dart:5841)
I/flutter (27114): #97     StatefulElement.performRebuild (package:flutter/src/widgets/framework.dart:5982)
I/flutter (27114): #98     Element.rebuild (package:flutter/src/widgets/framework.dart:5529)
I/flutter (27114): #99     StatefulElement.update (package:flutter/src/widgets/framework.dart:6007)
[spm]: ProfilerData event received.
I/flutter (27114): [SPM:perf] 698a51a  buildSpan: 10160µs
I/flutter (27114): [spm] Performance monitoring completed for 698a51a
I/flutter (27114): type '_Stub' is not a subtype of type 'EdgeInsetsGeometry?'
I/flutter (27114): #0      TextBox.build (package:benchmark_container/generated_widget.dart:184)
I/flutter (27114): #1      StatelessElement.build (package:flutter/src/widgets/framework.dart:5889)
I/flutter (27114): #2      ComponentElement.performRebuild (package:flutter/src/widgets/framework.dart:5817)
I/flutter (27114): #3      Element.rebuild (package:flutter/src/widgets/framework.dart:5529)
I/flutter (27114): #4      StatelessElement.update (package:flutter/src/widgets/framework.dart:5895)
I/flutter (27114): #5      Element.updateChild (package:flutter/src/widgets/framework.dart:4037)
I/flutter (27114): #6      Element.updateChildren (package:flutter/src/widgets/framework.dart:4191)
I/flutter (27114): #7      MultiChildRenderObjectElement.update (package:flutter/src/widgets/framework.dart:7295)
I/flutter (27114): #8      Element.updateChild (package:flutter/src/widgets/framework.dart:4037)
I/flutter (27114): #9      SingleChildRenderObjectElement.update (package:flutter/src/widgets/framework.dart:7122)
I/flutter (27114): #10     Element.updateChild (package:flutter/src/widgets/framework.dart:4037)
I/flutter (27114): #11     ComponentElement.performRebuild (package:flutter/src/widgets/framework.dart:5841)
I/flutter (27114): #12     Element.rebuild (package:flutter/src/widgets/framework.dart:5529)
I/flutter (27114): #13     StatelessElement.update (package:flutter/src/widgets/framework.dart:5895)
I/flutter (27114): #14     Element.updateChild (package:flutter/src/widgets/framework.dart:4037)
I/flutter (27114): #15     ComponentElement.performRebuild (package:flutter/src/widgets/framework.dart:5841)
I/flutter (27114): #16     Element.rebuild (package:flutter/src/widgets/framework.dart:5529)
I/flutter (27114): #17     ProxyElement.update (package:flutter/src/widgets/framework.dart:6149)
I/flutter (27114): #18     Element.updateChild (package:flutter/src/widgets/framework.dart:4037)
I/flutter (27114): #19     SingleChildRenderObjectElement.update (package:flutter/src/widgets/framework.dart:7122)
I/flutter (27114): #20     Element.updateChild (package:flutter/src/widgets/framework.dart:4037)
I/flutter (27114): #21     ComponentElement.performRebuild (package:flutter/src/widgets/framework.dart:5841)
I/flutter (27114): #22     Element.rebuild (package:flutter/src/widgets/framework.dart:5529)
I/flutter (27114): #23     StatelessElement.update (package:flutter/src/widgets/framework.dart:5895)
I/flutter (27114): #24     Element.updateChild (package:flutter/src/widgets/framework.dart:4037)
I/flutter (27114): #25     ComponentElement.performRebuild (package:flutter/src/widgets/framework.dart:5841)
I/flutter (27114): #26     Element.rebuild (package:flutter/src/widgets/framework.dart:5529)
I/flutter (27114): #27     StatelessElement.update (package:flutter/src/widgets/framework.dart:5895)
I/flutter (27114): #28     Element.updateChild (package:flutter/src/widgets/framework.dart:4037)
I/flutter (27114): #29     ComponentElement.performRebuild (package:flutter/src/widgets/framework.dart:5841)
I/flutter (27114): #30     Element.rebuild (package:flutter/src/widgets/framework.dart:5529)
I/flutter (27114): #31     StatelessElement.update (package:flutter/src/widgets/framework.dart:5895)
I/flutter (27114): #32     Element.updateChild (package:flutter/src/widgets/framework.dart:4037)
I/flutter (27114): #33     ComponentElement.performRebuild (package:flutter/src/widgets/framework.dart:5841)
I/flutter (27114): #34     Element.rebuild (package:flutter/src/widgets/framework.dart:5529)
I/flutter (27114): #35     ProxyElement.update (package:flutter/src/widgets/framework.dart:6149)
I/flutter (27114): #36     Element.updateChild (package:flutter/src/widgets/framework.dart:4037)
I/flutter (27114): #37     ComponentElement.performRebuild (package:flutter/src/widgets/framework.dart:5841)
I/flutter (27114): #38     Element.rebuild (package:flutter/src/widgets/framework.dart:5529)
I/flutter (27114): #39     ProxyElement.update (package:flutter/src/widgets/framework.dart:6149)
I/flutter (27114): #40     Element.updateChild (package:flutter/src/widgets/framework.dart:4037)
I/flutter (27114): #41     Element.updateChildren (package:flutter/src/widgets/framework.dart:4191)
I/flutter (27114): #42     MultiChildRenderObjectElement.update (package:flutter/src/widgets/framework.dart:7295)
I/flutter (27114): #43     Element.updateChild (package:flutter/src/widgets/framework.dart:4037)
I/flutter (27114): #44     ComponentElement.performRebuild (package:flutter/src/widgets/framework.dart:5841)
I/flutter (27114): #45     Element.rebuild (package:flutter/src/widgets/framework.dart:5529)
I/flutter (27114): #46     ProxyElement.update (package:flutter/src/widgets/framework.dart:6149)
I/flutter (27114): #47     Element.updateChild (package:flutter/src/widgets/framework.dart:4037)
I/flutter (27114): #48     ComponentElement.performRebuild (package:flutter/src/widgets/framework.dart:5841)
I/flutter (27114): #49     StatefulElement.performRebuild (package:flutter/src/widgets/framework.dart:5982)
I/flutter (27114): #50     Element.rebuild (package:flutter/src/widgets/framework.dart:5529)
I/flutter (27114): #51     StatefulElement.update (package:flutter/src/widgets/framework.dart:6007)
I/flutter (27114): #52     Element.updateChild (package:flutter/src/widgets/framework.dart:4037)
I/flutter (27114): #53     ComponentElement.performRebuild (package:flutter/src/widgets/framework.dart:5841)
I/flutter (27114): #54     Element.rebuild (package:flutter/src/widgets/framework.dart:5529)
I/flutter (27114): #55     StatelessElement.update (package:flutter/src/widgets/framework.dart:5895)
I/flutter (27114): #56     Element.updateChild (package:flutter/src/widgets/framework.dart:4037)
I/flutter (27114): #57     ComponentElement.performRebuild (package:flutter/src/widgets/framework.dart:5841)
I/flutter (27114): #58     Element.rebuild (package:flutter/src/widgets/framework.dart:5529)
I/flutter (27114): #59     ProxyElement.update (package:flutter/src/widgets/framework.dart:6149)
I/flutter (27114): #60     Element.updateChild (package:flutter/src/widgets/framework.dart:4037)
I/flutter (27114): #61     ComponentElement.performRebuild (package:flutter/src/widgets/framework.dart:5841)
I/flutter (27114): #62     StatefulElement.performRebuild (package:flutter/src/widgets/framework.dart:5982)
I/flutter (27114): #63     Element.rebuild (package:flutter/src/widgets/framework.dart:5529)
I/flutter (27114): #64     StatefulElement.update (package:flutter/src/widgets/framework.dart:6007)
I/flutter (27114): #65     Element.updateChild (package:flutter/src/widgets/framework.dart:4037)
I/flutter (27114): #66     SingleChildRenderObjectElement.update (package:flutter/src/widgets/framework.dart:7122)
I/flutter (27114): #67     Element.updateChild (package:flutter/src/widgets/framework.dart:4037)
I/flutter (27114): #68     ComponentElement.performRebuild (package:flutter/src/widgets/framework.dart:5841)
I/flutter (27114): #69     Element.rebuild (package:flutter/src/widgets/framework.dart:5529)
I/flutter (27114): #70     ProxyElement.update (package:flutter/src/widgets/framework.dart:6149)
I/flutter (27114): #71     Element.updateChild (package:flutter/src/widgets/framework.dart:4037)
I/flutter (27114): #72     SingleChildRenderObjectElement.update (package:flutter/src/widgets/framework.dart:7122)
I/flutter (27114): #73     Element.updateChild (package:flutter/src/widgets/framework.dart:4037)
I/flutter (27114): #74     ComponentElement.performRebuild (package:flutter/src/widgets/framework.dart:5841)
I/flutter (27114): #75     StatefulElement.performRebuild (package:flutter/src/widgets/framework.dart:5982)
I/flutter (27114): #76     Element.rebuild (package:flutter/src/widgets/framework.dart:5529)
I/flutter (27114): #77     StatefulElement.update (package:flutter/src/widgets/framework.dart:6007)
I/flutter (27114): #78     Element.updateChild (package:flutter/src/widgets/framework.dart:4037)
I/flutter (27114): #79     ComponentElement.performRebuild (package:flutter/src/widgets/framework.dart:5841)
I/flutter (27114): #80     StatefulElement.performRebuild (package:flutter/src/widgets/framework.dart:5982)
I/flutter (27114): #81     Element.rebuild (package:flutter/src/widgets/framework.dart:5529)
I/flutter (27114): #82     StatefulElement.update (package:flutter/src/widgets/framework.dart:6007)
I/flutter (27114): #83     Element.updateChild (package:flutter/src/widgets/framework.dart:4037)
I/flutter (27114): #84     ComponentElement.performRebuild (package:flutter/src/widgets/framework.dart:5841)
I/flutter (27114): #85     Element.rebuild (package:flutter/src/widgets/framework.dart:5529)
I/flutter (27114): #86     ProxyElement.update (package:flutter/src/widgets/framework.dart:6149)
I/flutter (27114): #87     Element.updateChild (package:flutter/src/widgets/framework.dart:4037)
I/flutter (27114): #88     ComponentElement.performRebuild (package:flutter/src/widgets/framework.dart:5841)
I/flutter (27114): #89     Element.rebuild (package:flutter/src/widgets/framework.dart:5529)
I/flutter (27114): #90     ProxyElement.update (package:flutter/src/widgets/framework.dart:6149)
I/flutter (27114): #91     Element.updateChild (package:flutter/src/widgets/framework.dart:4037)
I/flutter (27114): #92     ComponentElement.performRebuild (package:flutter/src/widgets/framework.dart:5841)
I/flutter (27114): #93     Element.rebuild (package:flutter/src/widgets/framework.dart:5529)
I/flutter (27114): #94     ProxyElement.update (package:flutter/src/widgets/framework.dart:6149)
I/flutter (27114): #95     Element.updateChild (package:flutter/src/widgets/framework.dart:4037)
I/flutter (27114): #96     ComponentElement.performRebuild (package:flutter/src/widgets/framework.dart:5841)
I/flutter (27114): #97     StatefulElement.performRebuild (package:flutter/src/widgets/framework.dart:5982)
I/flutter (27114): #98     Element.rebuild (package:flutter/src/widgets/framework.dart:5529)
I/flutter (27114): #99     StatefulElement.update (package:flutter/src/widgets/framework.dart:6007)
[spm]: ProfilerData event received.
I/flutter (27114): [SPM:perf] 698a51a  buildSpan: 10136µs
I/flutter (27114): [spm] Performance monitoring completed for 698a51a
I/flutter (27114): type '_Stub' is not a subtype of type 'EdgeInsetsGeometry?'
I/flutter (27114): #0      TextBox.build (package:benchmark_container/generated_widget.dart:184)
I/flutter (27114): #1      StatelessElement.build (package:flutter/src/widgets/framework.dart:5889)
I/flutter (27114): #2      ComponentElement.performRebuild (package:flutter/src/widgets/framework.dart:5817)
I/flutter (27114): #3      Element.rebuild (package:flutter/src/widgets/framework.dart:5529)
I/flutter (27114): #4      StatelessElement.update (package:flutter/src/widgets/framework.dart:5895)
I/flutter (27114): #5      Element.updateChild (package:flutter/src/widgets/framework.dart:4037)
I/flutter (27114): #6      Element.updateChildren (package:flutter/src/widgets/framework.dart:4191)
I/flutter (27114): #7      MultiChildRenderObjectElement.update (package:flutter/src/widgets/framework.dart:7295)
I/flutter (27114): #8      Element.updateChild (package:flutter/src/widgets/framework.dart:4037)
I/flutter (27114): #9      SingleChildRenderObjectElement.update (package:flutter/src/widgets/framework.dart:7122)
I/flutter (27114): #10     Element.updateChild (package:flutter/src/widgets/framework.dart:4037)
I/flutter (27114): #11     ComponentElement.performRebuild (package:flutter/src/widgets/framework.dart:5841)
I/flutter (27114): #12     Element.rebuild (package:flutter/src/widgets/framework.dart:5529)
I/flutter (27114): #13     StatelessElement.update (package:flutter/src/widgets/framework.dart:5895)
I/flutter (27114): #14     Element.updateChild (package:flutter/src/widgets/framework.dart:4037)
I/flutter (27114): #15     ComponentElement.performRebuild (package:flutter/src/widgets/framework.dart:5841)
I/flutter (27114): #16     Element.rebuild (package:flutter/src/widgets/framework.dart:5529)
I/flutter (27114): #17     ProxyElement.update (package:flutter/src/widgets/framework.dart:6149)
I/flutter (27114): #18     Element.updateChild (package:flutter/src/widgets/framework.dart:4037)
I/flutter (27114): #19     SingleChildRenderObjectElement.update (package:flutter/src/widgets/framework.dart:7122)
I/flutter (27114): #20     Element.updateChild (package:flutter/src/widgets/framework.dart:4037)
I/flutter (27114): #21     ComponentElement.performRebuild (package:flutter/src/widgets/framework.dart:5841)
I/flutter (27114): #22     Element.rebuild (package:flutter/src/widgets/framework.dart:5529)
I/flutter (27114): #23     StatelessElement.update (package:flutter/src/widgets/framework.dart:5895)
I/flutter (27114): #24     Element.updateChild (package:flutter/src/widgets/framework.dart:4037)
I/flutter (27114): #25     ComponentElement.performRebuild (package:flutter/src/widgets/framework.dart:5841)
I/flutter (27114): #26     Element.rebuild (package:flutter/src/widgets/framework.dart:5529)
I/flutter (27114): #27     StatelessElement.update (package:flutter/src/widgets/framework.dart:5895)
I/flutter (27114): #28     Element.updateChild (package:flutter/src/widgets/framework.dart:4037)
I/flutter (27114): #29     ComponentElement.performRebuild (package:flutter/src/widgets/framework.dart:5841)
I/flutter (27114): #30     Element.rebuild (package:flutter/src/widgets/framework.dart:5529)
I/flutter (27114): #31     StatelessElement.update (package:flutter/src/widgets/framework.dart:5895)
I/flutter (27114): #32     Element.updateChild (package:flutter/src/widgets/framework.dart:4037)
I/flutter (27114): #33     ComponentElement.performRebuild (package:flutter/src/widgets/framework.dart:5841)
I/flutter (27114): #34     Element.rebuild (package:flutter/src/widgets/framework.dart:5529)
I/flutter (27114): #35     ProxyElement.update (package:flutter/src/widgets/framework.dart:6149)
I/flutter (27114): #36     Element.updateChild (package:flutter/src/widgets/framework.dart:4037)
I/flutter (27114): #37     ComponentElement.performRebuild (package:flutter/src/widgets/framework.dart:5841)
I/flutter (27114): #38     Element.rebuild (package:flutter/src/widgets/framework.dart:5529)
I/flutter (27114): #39     ProxyElement.update (package:flutter/src/widgets/framework.dart:6149)
I/flutter (27114): #40     Element.updateChild (package:flutter/src/widgets/framework.dart:4037)
I/flutter (27114): #41     Element.updateChildren (package:flutter/src/widgets/framework.dart:4191)
I/flutter (27114): #42     MultiChildRenderObjectElement.update (package:flutter/src/widgets/framework.dart:7295)
I/flutter (27114): #43     Element.updateChild (package:flutter/src/widgets/framework.dart:4037)
I/flutter (27114): #44     ComponentElement.performRebuild (package:flutter/src/widgets/framework.dart:5841)
I/flutter (27114): #45     Element.rebuild (package:flutter/src/widgets/framework.dart:5529)
I/flutter (27114): #46     ProxyElement.update (package:flutter/src/widgets/framework.dart:6149)
I/flutter (27114): #47     Element.updateChild (package:flutter/src/widgets/framework.dart:4037)
I/flutter (27114): #48     ComponentElement.performRebuild (package:flutter/src/widgets/framework.dart:5841)
I/flutter (27114): #49     StatefulElement.performRebuild (package:flutter/src/widgets/framework.dart:5982)
I/flutter (27114): #50     Element.rebuild (package:flutter/src/widgets/framework.dart:5529)
I/flutter (27114): #51     StatefulElement.update (package:flutter/src/widgets/framework.dart:6007)
I/flutter (27114): #52     Element.updateChild (package:flutter/src/widgets/framework.dart:4037)
I/flutter (27114): #53     ComponentElement.performRebuild (package:flutter/src/widgets/framework.dart:5841)
I/flutter (27114): #54     Element.rebuild (package:flutter/src/widgets/framework.dart:5529)
I/flutter (27114): #55     StatelessElement.update (package:flutter/src/widgets/framework.dart:5895)
I/flutter (27114): #56     Element.updateChild (package:flutter/src/widgets/framework.dart:4037)
I/flutter (27114): #57     ComponentElement.performRebuild (package:flutter/src/widgets/framework.dart:5841)
I/flutter (27114): #58     Element.rebuild (package:flutter/src/widgets/framework.dart:5529)
I/flutter (27114): #59     ProxyElement.update (package:flutter/src/widgets/framework.dart:6149)
I/flutter (27114): #60     Element.updateChild (package:flutter/src/widgets/framework.dart:4037)
I/flutter (27114): #61     ComponentElement.performRebuild (package:flutter/src/widgets/framework.dart:5841)
I/flutter (27114): #62     StatefulElement.performRebuild (package:flutter/src/widgets/framework.dart:5982)
I/flutter (27114): #63     Element.rebuild (package:flutter/src/widgets/framework.dart:5529)
I/flutter (27114): #64     StatefulElement.update (package:flutter/src/widgets/framework.dart:6007)
I/flutter (27114): #65     Element.updateChild (package:flutter/src/widgets/framework.dart:4037)
I/flutter (27114): #66     SingleChildRenderObjectElement.update (package:flutter/src/widgets/framework.dart:7122)
I/flutter (27114): #67     Element.updateChild (package:flutter/src/widgets/framework.dart:4037)
I/flutter (27114): #68     ComponentElement.performRebuild (package:flutter/src/widgets/framework.dart:5841)
I/flutter (27114): #69     Element.rebuild (package:flutter/src/widgets/framework.dart:5529)
I/flutter (27114): #70     ProxyElement.update (package:flutter/src/widgets/framework.dart:6149)
I/flutter (27114): #71     Element.updateChild (package:flutter/src/widgets/framework.dart:4037)
I/flutter (27114): #72     SingleChildRenderObjectElement.update (package:flutter/src/widgets/framework.dart:7122)
I/flutter (27114): #73     Element.updateChild (package:flutter/src/widgets/framework.dart:4037)
I/flutter (27114): #74     ComponentElement.performRebuild (package:flutter/src/widgets/framework.dart:5841)
I/flutter (27114): #75     StatefulElement.performRebuild (package:flutter/src/widgets/framework.dart:5982)
I/flutter (27114): #76     Element.rebuild (package:flutter/src/widgets/framework.dart:5529)
I/flutter (27114): #77     StatefulElement.update (package:flutter/src/widgets/framework.dart:6007)
I/flutter (27114): #78     Element.updateChild (package:flutter/src/widgets/framework.dart:4037)
I/flutter (27114): #79     ComponentElement.performRebuild (package:flutter/src/widgets/framework.dart:5841)
I/flutter (27114): #80     StatefulElement.performRebuild (package:flutter/src/widgets/framework.dart:5982)
I/flutter (27114): #81     Element.rebuild (package:flutter/src/widgets/framework.dart:5529)
I/flutter (27114): #82     StatefulElement.update (package:flutter/src/widgets/framework.dart:6007)
I/flutter (27114): #83     Element.updateChild (package:flutter/src/widgets/framework.dart:4037)
I/flutter (27114): #84     ComponentElement.performRebuild (package:flutter/src/widgets/framework.dart:5841)
I/flutter (27114): #85     Element.rebuild (package:flutter/src/widgets/framework.dart:5529)
I/flutter (27114): #86     ProxyElement.update (package:flutter/src/widgets/framework.dart:6149)
I/flutter (27114): #87     Element.updateChild (package:flutter/src/widgets/framework.dart:4037)
I/flutter (27114): #88     ComponentElement.performRebuild (package:flutter/src/widgets/framework.dart:5841)
I/flutter (27114): #89     Element.rebuild (package:flutter/src/widgets/framework.dart:5529)
I/flutter (27114): #90     ProxyElement.update (package:flutter/src/widgets/framework.dart:6149)
I/flutter (27114): #91     Element.updateChild (package:flutter/src/widgets/framework.dart:4037)
I/flutter (27114): #92     ComponentElement.performRebuild (package:flutter/src/widgets/framework.dart:5841)
I/flutter (27114): #93     Element.rebuild (package:flutter/src/widgets/framework.dart:5529)
I/flutter (27114): #94     ProxyElement.update (package:flutter/src/widgets/framework.dart:6149)
I/flutter (27114): #95     Element.updateChild (package:flutter/src/widgets/framework.dart:4037)
I/flutter (27114): #96     ComponentElement.performRebuild (package:flutter/src/widgets/framework.dart:5841)
I/flutter (27114): #97     StatefulElement.performRebuild (package:flutter/src/widgets/framework.dart:5982)
I/flutter (27114): #98     Element.rebuild (package:flutter/src/widgets/framework.dart:5529)
I/flutter (27114): #99     StatefulElement.update (package:flutter/src/widgets/framework.dart:6007)
I/flutter (27114): [SPM:perf] 698a51a  buildSpan: 9645µs
I/flutter (27114): [spm] Performance monitoring completed for 698a51a
[spm]: ProfilerData event received.
I/flutter (27114): type '_Stub' is not a subtype of type 'EdgeInsetsGeometry?'
I/flutter (27114): #0      TextBox.build (package:benchmark_container/generated_widget.dart:184)
I/flutter (27114): #1      StatelessElement.build (package:flutter/src/widgets/framework.dart:5889)
I/flutter (27114): #2      ComponentElement.performRebuild (package:flutter/src/widgets/framework.dart:5817)
I/flutter (27114): #3      Element.rebuild (package:flutter/src/widgets/framework.dart:5529)
I/flutter (27114): #4      StatelessElement.update (package:flutter/src/widgets/framework.dart:5895)
I/flutter (27114): #5      Element.updateChild (package:flutter/src/widgets/framework.dart:4037)
I/flutter (27114): #6      Element.updateChildren (package:flutter/src/widgets/framework.dart:4191)
I/flutter (27114): #7      MultiChildRenderObjectElement.update (package:flutter/src/widgets/framework.dart:7295)
I/flutter (27114): #8      Element.updateChild (package:flutter/src/widgets/framework.dart:4037)
I/flutter (27114): #9      SingleChildRenderObjectElement.update (package:flutter/src/widgets/framework.dart:7122)
I/flutter (27114): #10     Element.updateChild (package:flutter/src/widgets/framework.dart:4037)
I/flutter (27114): #11     ComponentElement.performRebuild (package:flutter/src/widgets/framework.dart:5841)
I/flutter (27114): #12     Element.rebuild (package:flutter/src/widgets/framework.dart:5529)
I/flutter (27114): #13     StatelessElement.update (package:flutter/src/widgets/framework.dart:5895)
I/flutter (27114): #14     Element.updateChild (package:flutter/src/widgets/framework.dart:4037)
I/flutter (27114): #15     ComponentElement.performRebuild (package:flutter/src/widgets/framework.dart:5841)
I/flutter (27114): #16     Element.rebuild (package:flutter/src/widgets/framework.dart:5529)
I/flutter (27114): #17     ProxyElement.update (package:flutter/src/widgets/framework.dart:6149)
I/flutter (27114): #18     Element.updateChild (package:flutter/src/widgets/framework.dart:4037)
I/flutter (27114): #19     SingleChildRenderObjectElement.update (package:flutter/src/widgets/framework.dart:7122)
I/flutter (27114): #20     Element.updateChild (package:flutter/src/widgets/framework.dart:4037)
I/flutter (27114): #21     ComponentElement.performRebuild (package:flutter/src/widgets/framework.dart:5841)
I/flutter (27114): #22     Element.rebuild (package:flutter/src/widgets/framework.dart:5529)
I/flutter (27114): #23     StatelessElement.update (package:flutter/src/widgets/framework.dart:5895)
I/flutter (27114): #24     Element.updateChild (package:flutter/src/widgets/framework.dart:4037)
I/flutter (27114): #25     ComponentElement.performRebuild (package:flutter/src/widgets/framework.dart:5841)
I/flutter (27114): #26     Element.rebuild (package:flutter/src/widgets/framework.dart:5529)
I/flutter (27114): #27     StatelessElement.update (package:flutter/src/widgets/framework.dart:5895)
I/flutter (27114): #28     Element.updateChild (package:flutter/src/widgets/framework.dart:4037)
I/flutter (27114): #29     ComponentElement.performRebuild (package:flutter/src/widgets/framework.dart:5841)
I/flutter (27114): #30     Element.rebuild (package:flutter/src/widgets/framework.dart:5529)
I/flutter (27114): #31     StatelessElement.update (package:flutter/src/widgets/framework.dart:5895)
I/flutter (27114): #32     Element.updateChild (package:flutter/src/widgets/framework.dart:4037)
I/flutter (27114): #33     ComponentElement.performRebuild (package:flutter/src/widgets/framework.dart:5841)
I/flutter (27114): #34     Element.rebuild (package:flutter/src/widgets/framework.dart:5529)
I/flutter (27114): #35     ProxyElement.update (package:flutter/src/widgets/framework.dart:6149)
I/flutter (27114): #36     Element.updateChild (package:flutter/src/widgets/framework.dart:4037)
I/flutter (27114): #37     ComponentElement.performRebuild (package:flutter/src/widgets/framework.dart:5841)
I/flutter (27114): #38     Element.rebuild (package:flutter/src/widgets/framework.dart:5529)
I/flutter (27114): #39     ProxyElement.update (package:flutter/src/widgets/framework.dart:6149)
I/flutter (27114): #40     Element.updateChild (package:flutter/src/widgets/framework.dart:4037)
I/flutter (27114): #41     Element.updateChildren (package:flutter/src/widgets/framework.dart:4191)
I/flutter (27114): #42     MultiChildRenderObjectElement.update (package:flutter/src/widgets/framework.dart:7295)
I/flutter (27114): #43     Element.updateChild (package:flutter/src/widgets/framework.dart:4037)
I/flutter (27114): #44     ComponentElement.performRebuild (package:flutter/src/widgets/framework.dart:5841)
I/flutter (27114): #45     Element.rebuild (package:flutter/src/widgets/framework.dart:5529)
I/flutter (27114): #46     ProxyElement.update (package:flutter/src/widgets/framework.dart:6149)
I/flutter (27114): #47     Element.updateChild (package:flutter/src/widgets/framework.dart:4037)
I/flutter (27114): #48     ComponentElement.performRebuild (package:flutter/src/widgets/framework.dart:5841)
I/flutter (27114): #49     StatefulElement.performRebuild (package:flutter/src/widgets/framework.dart:5982)
I/flutter (27114): #50     Element.rebuild (package:flutter/src/widgets/framework.dart:5529)
I/flutter (27114): #51     StatefulElement.update (package:flutter/src/widgets/framework.dart:6007)
I/flutter (27114): #52     Element.updateChild (package:flutter/src/widgets/framework.dart:4037)
I/flutter (27114): #53     ComponentElement.performRebuild (package:flutter/src/widgets/framework.dart:5841)
I/flutter (27114): #54     Element.rebuild (package:flutter/src/widgets/framework.dart:5529)
I/flutter (27114): #55     StatelessElement.update (package:flutter/src/widgets/framework.dart:5895)
I/flutter (27114): #56     Element.updateChild (package:flutter/src/widgets/framework.dart:4037)
I/flutter (27114): #57     ComponentElement.performRebuild (package:flutter/src/widgets/framework.dart:5841)
I/flutter (27114): #58     Element.rebuild (package:flutter/src/widgets/framework.dart:5529)
I/flutter (27114): #59     ProxyElement.update (package:flutter/src/widgets/framework.dart:6149)
I/flutter (27114): #60     Element.updateChild (package:flutter/src/widgets/framework.dart:4037)
I/flutter (27114): #61     ComponentElement.performRebuild (package:flutter/src/widgets/framework.dart:5841)
I/flutter (27114): #62     StatefulElement.performRebuild (package:flutter/src/widgets/framework.dart:5982)
I/flutter (27114): #63     Element.rebuild (package:flutter/src/widgets/framework.dart:5529)
I/flutter (27114): #64     StatefulElement.update (package:flutter/src/widgets/framework.dart:6007)
I/flutter (27114): #65     Element.updateChild (package:flutter/src/widgets/framework.dart:4037)
I/flutter (27114): #66     SingleChildRenderObjectElement.update (package:flutter/src/widgets/framework.dart:7122)
I/flutter (27114): #67     Element.updateChild (package:flutter/src/widgets/framework.dart:4037)
I/flutter (27114): #68     ComponentElement.performRebuild (package:flutter/src/widgets/framework.dart:5841)
I/flutter (27114): #69     Element.rebuild (package:flutter/src/widgets/framework.dart:5529)
I/flutter (27114): #70     ProxyElement.update (package:flutter/src/widgets/framework.dart:6149)
I/flutter (27114): #71     Element.updateChild (package:flutter/src/widgets/framework.dart:4037)
I/flutter (27114): #72     SingleChildRenderObjectElement.update (package:flutter/src/widgets/framework.dart:7122)
I/flutter (27114): #73     Element.updateChild (package:flutter/src/widgets/framework.dart:4037)
I/flutter (27114): #74     ComponentElement.performRebuild (package:flutter/src/widgets/framework.dart:5841)
I/flutter (27114): #75     StatefulElement.performRebuild (package:flutter/src/widgets/framework.dart:5982)
I/flutter (27114): #76     Element.rebuild (package:flutter/src/widgets/framework.dart:5529)
I/flutter (27114): #77     StatefulElement.update (package:flutter/src/widgets/framework.dart:6007)
I/flutter (27114): #78     Element.updateChild (package:flutter/src/widgets/framework.dart:4037)
I/flutter (27114): #79     ComponentElement.performRebuild (package:flutter/src/widgets/framework.dart:5841)
I/flutter (27114): #80     StatefulElement.performRebuild (package:flutter/src/widgets/framework.dart:5982)
I/flutter (27114): #81     Element.rebuild (package:flutter/src/widgets/framework.dart:5529)
I/flutter (27114): #82     StatefulElement.update (package:flutter/src/widgets/framework.dart:6007)
I/flutter (27114): #83     Element.updateChild (package:flutter/src/widgets/framework.dart:4037)
I/flutter (27114): #84     ComponentElement.performRebuild (package:flutter/src/widgets/framework.dart:5841)
I/flutter (27114): #85     Element.rebuild (package:flutter/src/widgets/framework.dart:5529)
I/flutter (27114): #86     ProxyElement.update (package:flutter/src/widgets/framework.dart:6149)
I/flutter (27114): #87     Element.updateChild (package:flutter/src/widgets/framework.dart:4037)
I/flutter (27114): #88     ComponentElement.performRebuild (package:flutter/src/widgets/framework.dart:5841)
I/flutter (27114): #89     Element.rebuild (package:flutter/src/widgets/framework.dart:5529)
I/flutter (27114): #90     ProxyElement.update (package:flutter/src/widgets/framework.dart:6149)
I/flutter (27114): #91     Element.updateChild (package:flutter/src/widgets/framework.dart:4037)
I/flutter (27114): #92     ComponentElement.performRebuild (package:flutter/src/widgets/framework.dart:5841)
I/flutter (27114): #93     Element.rebuild (package:flutter/src/widgets/framework.dart:5529)
I/flutter (27114): #94     ProxyElement.update (package:flutter/src/widgets/framework.dart:6149)
I/flutter (27114): #95     Element.updateChild (package:flutter/src/widgets/framework.dart:4037)
I/flutter (27114): #96     ComponentElement.performRebuild (package:flutter/src/widgets/framework.dart:5841)
I/flutter (27114): #97     StatefulElement.performRebuild (package:flutter/src/widgets/framework.dart:5982)
I/flutter (27114): #98     Element.rebuild (package:flutter/src/widgets/framework.dart:5529)
I/flutter (27114): #99     StatefulElement.update (package:flutter/src/widgets/framework.dart:6007)
I/flutter (27114): [SPM:perf] 698a51a  buildSpan: 10579µs
I/flutter (27114): [spm] Performance monitoring completed for 698a51a
[spm]: ProfilerData event received.
I/flutter (27114): type '_Stub' is not a subtype of type 'EdgeInsetsGeometry?'
I/flutter (27114): #0      TextBox.build (package:benchmark_container/generated_widget.dart:184)
I/flutter (27114): #1      StatelessElement.build (package:flutter/src/widgets/framework.dart:5889)
I/flutter (27114): #2      ComponentElement.performRebuild (package:flutter/src/widgets/framework.dart:5817)
I/flutter (27114): #3      Element.rebuild (package:flutter/src/widgets/framework.dart:5529)
I/flutter (27114): #4      StatelessElement.update (package:flutter/src/widgets/framework.dart:5895)
I/flutter (27114): #5      Element.updateChild (package:flutter/src/widgets/framework.dart:4037)
I/flutter (27114): #6      Element.updateChildren (package:flutter/src/widgets/framework.dart:4191)
I/flutter (27114): #7      MultiChildRenderObjectElement.update (package:flutter/src/widgets/framework.dart:7295)
I/flutter (27114): #8      Element.updateChild (package:flutter/src/widgets/framework.dart:4037)
I/flutter (27114): #9      SingleChildRenderObjectElement.update (package:flutter/src/widgets/framework.dart:7122)
I/flutter (27114): #10     Element.updateChild (package:flutter/src/widgets/framework.dart:4037)
I/flutter (27114): #11     ComponentElement.performRebuild (package:flutter/src/widgets/framework.dart:5841)
I/flutter (27114): #12     Element.rebuild (package:flutter/src/widgets/framework.dart:5529)
I/flutter (27114): #13     StatelessElement.update (package:flutter/src/widgets/framework.dart:5895)
I/flutter (27114): #14     Element.updateChild (package:flutter/src/widgets/framework.dart:4037)
I/flutter (27114): #15     ComponentElement.performRebuild (package:flutter/src/widgets/framework.dart:5841)
I/flutter (27114): #16     Element.rebuild (package:flutter/src/widgets/framework.dart:5529)
I/flutter (27114): #17     ProxyElement.update (package:flutter/src/widgets/framework.dart:6149)
I/flutter (27114): #18     Element.updateChild (package:flutter/src/widgets/framework.dart:4037)
I/flutter (27114): #19     SingleChildRenderObjectElement.update (package:flutter/src/widgets/framework.dart:7122)
I/flutter (27114): #20     Element.updateChild (package:flutter/src/widgets/framework.dart:4037)
I/flutter (27114): #21     ComponentElement.performRebuild (package:flutter/src/widgets/framework.dart:5841)
I/flutter (27114): #22     Element.rebuild (package:flutter/src/widgets/framework.dart:5529)
I/flutter (27114): #23     StatelessElement.update (package:flutter/src/widgets/framework.dart:5895)
I/flutter (27114): #24     Element.updateChild (package:flutter/src/widgets/framework.dart:4037)
I/flutter (27114): #25     ComponentElement.performRebuild (package:flutter/src/widgets/framework.dart:5841)
I/flutter (27114): #26     Element.rebuild (package:flutter/src/widgets/framework.dart:5529)
I/flutter (27114): #27     StatelessElement.update (package:flutter/src/widgets/framework.dart:5895)
I/flutter (27114): #28     Element.updateChild (package:flutter/src/widgets/framework.dart:4037)
I/flutter (27114): #29     ComponentElement.performRebuild (package:flutter/src/widgets/framework.dart:5841)
I/flutter (27114): #30     Element.rebuild (package:flutter/src/widgets/framework.dart:5529)
I/flutter (27114): #31     StatelessElement.update (package:flutter/src/widgets/framework.dart:5895)
I/flutter (27114): #32     Element.updateChild (package:flutter/src/widgets/framework.dart:4037)
I/flutter (27114): #33     ComponentElement.performRebuild (package:flutter/src/widgets/framework.dart:5841)
I/flutter (27114): #34     Element.rebuild (package:flutter/src/widgets/framework.dart:5529)
I/flutter (27114): #35     ProxyElement.update (package:flutter/src/widgets/framework.dart:6149)
I/flutter (27114): #36     Element.updateChild (package:flutter/src/widgets/framework.dart:4037)
I/flutter (27114): #37     ComponentElement.performRebuild (package:flutter/src/widgets/framework.dart:5841)
I/flutter (27114): #38     Element.rebuild (package:flutter/src/widgets/framework.dart:5529)
I/flutter (27114): #39     ProxyElement.update (package:flutter/src/widgets/framework.dart:6149)
I/flutter (27114): #40     Element.updateChild (package:flutter/src/widgets/framework.dart:4037)
I/flutter (27114): #41     Element.updateChildren (package:flutter/src/widgets/framework.dart:4191)
I/flutter (27114): #42     MultiChildRenderObjectElement.update (package:flutter/src/widgets/framework.dart:7295)
I/flutter (27114): #43     Element.updateChild (package:flutter/src/widgets/framework.dart:4037)
I/flutter (27114): #44     ComponentElement.performRebuild (package:flutter/src/widgets/framework.dart:5841)
I/flutter (27114): #45     Element.rebuild (package:flutter/src/widgets/framework.dart:5529)
I/flutter (27114): #46     ProxyElement.update (package:flutter/src/widgets/framework.dart:6149)
I/flutter (27114): #47     Element.updateChild (package:flutter/src/widgets/framework.dart:4037)
I/flutter (27114): #48     ComponentElement.performRebuild (package:flutter/src/widgets/framework.dart:5841)
I/flutter (27114): #49     StatefulElement.performRebuild (package:flutter/src/widgets/framework.dart:5982)
I/flutter (27114): #50     Element.rebuild (package:flutter/src/widgets/framework.dart:5529)
I/flutter (27114): #51     StatefulElement.update (package:flutter/src/widgets/framework.dart:6007)
I/flutter (27114): #52     Element.updateChild (package:flutter/src/widgets/framework.dart:4037)
I/flutter (27114): #53     ComponentElement.performRebuild (package:flutter/src/widgets/framework.dart:5841)
I/flutter (27114): #54     Element.rebuild (package:flutter/src/widgets/framework.dart:5529)
I/flutter (27114): #55     StatelessElement.update (package:flutter/src/widgets/framework.dart:5895)
I/flutter (27114): #56     Element.updateChild (package:flutter/src/widgets/framework.dart:4037)
I/flutter (27114): #57     ComponentElement.performRebuild (package:flutter/src/widgets/framework.dart:5841)
I/flutter (27114): #58     Element.rebuild (package:flutter/src/widgets/framework.dart:5529)
I/flutter (27114): #59     ProxyElement.update (package:flutter/src/widgets/framework.dart:6149)
I/flutter (27114): #60     Element.updateChild (package:flutter/src/widgets/framework.dart:4037)
I/flutter (27114): #61     ComponentElement.performRebuild (package:flutter/src/widgets/framework.dart:5841)
I/flutter (27114): #62     StatefulElement.performRebuild (package:flutter/src/widgets/framework.dart:5982)
I/flutter (27114): #63     Element.rebuild (package:flutter/src/widgets/framework.dart:5529)
I/flutter (27114): #64     StatefulElement.update (package:flutter/src/widgets/framework.dart:6007)
I/flutter (27114): #65     Element.updateChild (package:flutter/src/widgets/framework.dart:4037)
I/flutter (27114): #66     SingleChildRenderObjectElement.update (package:flutter/src/widgets/framework.dart:7122)
I/flutter (27114): #67     Element.updateChild (package:flutter/src/widgets/framework.dart:4037)
I/flutter (27114): #68     ComponentElement.performRebuild (package:flutter/src/widgets/framework.dart:5841)
I/flutter (27114): #69     Element.rebuild (package:flutter/src/widgets/framework.dart:5529)
I/flutter (27114): #70     ProxyElement.update (package:flutter/src/widgets/framework.dart:6149)
I/flutter (27114): #71     Element.updateChild (package:flutter/src/widgets/framework.dart:4037)
I/flutter (27114): #72     SingleChildRenderObjectElement.update (package:flutter/src/widgets/framework.dart:7122)
I/flutter (27114): #73     Element.updateChild (package:flutter/src/widgets/framework.dart:4037)
I/flutter (27114): #74     ComponentElement.performRebuild (package:flutter/src/widgets/framework.dart:5841)
I/flutter (27114): #75     StatefulElement.performRebuild (package:flutter/src/widgets/framework.dart:5982)
I/flutter (27114): #76     Element.rebuild (package:flutter/src/widgets/framework.dart:5529)
I/flutter (27114): #77     StatefulElement.update (package:flutter/src/widgets/framework.dart:6007)
I/flutter (27114): #78     Element.updateChild (package:flutter/src/widgets/framework.dart:4037)
I/flutter (27114): #79     ComponentElement.performRebuild (package:flutter/src/widgets/framework.dart:5841)
I/flutter (27114): #80     StatefulElement.performRebuild (package:flutter/src/widgets/framework.dart:5982)
I/flutter (27114): #81     Element.rebuild (package:flutter/src/widgets/framework.dart:5529)
I/flutter (27114): #82     StatefulElement.update (package:flutter/src/widgets/framework.dart:6007)
I/flutter (27114): #83     Element.updateChild (package:flutter/src/widgets/framework.dart:4037)
I/flutter (27114): #84     ComponentElement.performRebuild (package:flutter/src/widgets/framework.dart:5841)
I/flutter (27114): #85     Element.rebuild (package:flutter/src/widgets/framework.dart:5529)
I/flutter (27114): #86     ProxyElement.update (package:flutter/src/widgets/framework.dart:6149)
I/flutter (27114): #87     Element.updateChild (package:flutter/src/widgets/framework.dart:4037)
I/flutter (27114): #88     ComponentElement.performRebuild (package:flutter/src/widgets/framework.dart:5841)
I/flutter (27114): #89     Element.rebuild (package:flutter/src/widgets/framework.dart:5529)
I/flutter (27114): #90     ProxyElement.update (package:flutter/src/widgets/framework.dart:6149)
I/flutter (27114): #91     Element.updateChild (package:flutter/src/widgets/framework.dart:4037)
I/flutter (27114): #92     ComponentElement.performRebuild (package:flutter/src/widgets/framework.dart:5841)
I/flutter (27114): #93     Element.rebuild (package:flutter/src/widgets/framework.dart:5529)
I/flutter (27114): #94     ProxyElement.update (package:flutter/src/widgets/framework.dart:6149)
I/flutter (27114): #95     Element.updateChild (package:flutter/src/widgets/framework.dart:4037)
I/flutter (27114): #96     ComponentElement.performRebuild (package:flutter/src/widgets/framework.dart:5841)
I/flutter (27114): #97     StatefulElement.performRebuild (package:flutter/src/widgets/framework.dart:5982)
I/flutter (27114): #98     Element.rebuild (package:flutter/src/widgets/framework.dart:5529)
I/flutter (27114): #99     StatefulElement.update (package:flutter/src/widgets/framework.dart:6007)
[spm]: ProfilerData event received.
I/flutter (27114): [SPM:perf] 698a51a  buildSpan: 11008µs
I/flutter (27114): [spm] Performance monitoring completed for 698a51a
I/flutter (27114): type '_Stub' is not a subtype of type 'EdgeInsetsGeometry?'
I/flutter (27114): #0      TextBox.build (package:benchmark_container/generated_widget.dart:184)
I/flutter (27114): #1      StatelessElement.build (package:flutter/src/widgets/framework.dart:5889)
I/flutter (27114): #2      ComponentElement.performRebuild (package:flutter/src/widgets/framework.dart:5817)
I/flutter (27114): #3      Element.rebuild (package:flutter/src/widgets/framework.dart:5529)
I/flutter (27114): #4      StatelessElement.update (package:flutter/src/widgets/framework.dart:5895)
I/flutter (27114): #5      Element.updateChild (package:flutter/src/widgets/framework.dart:4037)
I/flutter (27114): #6      Element.updateChildren (package:flutter/src/widgets/framework.dart:4191)
I/flutter (27114): #7      MultiChildRenderObjectElement.update (package:flutter/src/widgets/framework.dart:7295)
I/flutter (27114): #8      Element.updateChild (package:flutter/src/widgets/framework.dart:4037)
I/flutter (27114): #9      SingleChildRenderObjectElement.update (package:flutter/src/widgets/framework.dart:7122)
I/flutter (27114): #10     Element.updateChild (package:flutter/src/widgets/framework.dart:4037)
I/flutter (27114): #11     ComponentElement.performRebuild (package:flutter/src/widgets/framework.dart:5841)
I/flutter (27114): #12     Element.rebuild (package:flutter/src/widgets/framework.dart:5529)
I/flutter (27114): #13     StatelessElement.update (package:flutter/src/widgets/framework.dart:5895)
I/flutter (27114): #14     Element.updateChild (package:flutter/src/widgets/framework.dart:4037)
I/flutter (27114): #15     ComponentElement.performRebuild (package:flutter/src/widgets/framework.dart:5841)
I/flutter (27114): #16     Element.rebuild (package:flutter/src/widgets/framework.dart:5529)
I/flutter (27114): #17     ProxyElement.update (package:flutter/src/widgets/framework.dart:6149)
I/flutter (27114): #18     Element.updateChild (package:flutter/src/widgets/framework.dart:4037)
I/flutter (27114): #19     SingleChildRenderObjectElement.update (package:flutter/src/widgets/framework.dart:7122)
I/flutter (27114): #20     Element.updateChild (package:flutter/src/widgets/framework.dart:4037)
I/flutter (27114): #21     ComponentElement.performRebuild (package:flutter/src/widgets/framework.dart:5841)
I/flutter (27114): #22     Element.rebuild (package:flutter/src/widgets/framework.dart:5529)
I/flutter (27114): #23     StatelessElement.update (package:flutter/src/widgets/framework.dart:5895)
I/flutter (27114): #24     Element.updateChild (package:flutter/src/widgets/framework.dart:4037)
I/flutter (27114): #25     ComponentElement.performRebuild (package:flutter/src/widgets/framework.dart:5841)
I/flutter (27114): #26     Element.rebuild (package:flutter/src/widgets/framework.dart:5529)
I/flutter (27114): #27     StatelessElement.update (package:flutter/src/widgets/framework.dart:5895)
I/flutter (27114): #28     Element.updateChild (package:flutter/src/widgets/framework.dart:4037)
I/flutter (27114): #29     ComponentElement.performRebuild (package:flutter/src/widgets/framework.dart:5841)
I/flutter (27114): #30     Element.rebuild (package:flutter/src/widgets/framework.dart:5529)
I/flutter (27114): #31     StatelessElement.update (package:flutter/src/widgets/framework.dart:5895)
I/flutter (27114): #32     Element.updateChild (package:flutter/src/widgets/framework.dart:4037)
I/flutter (27114): #33     ComponentElement.performRebuild (package:flutter/src/widgets/framework.dart:5841)
I/flutter (27114): #34     Element.rebuild (package:flutter/src/widgets/framework.dart:5529)
I/flutter (27114): #35     ProxyElement.update (package:flutter/src/widgets/framework.dart:6149)
I/flutter (27114): #36     Element.updateChild (package:flutter/src/widgets/framework.dart:4037)
I/flutter (27114): #37     ComponentElement.performRebuild (package:flutter/src/widgets/framework.dart:5841)
I/flutter (27114): #38     Element.rebuild (package:flutter/src/widgets/framework.dart:5529)
I/flutter (27114): #39     ProxyElement.update (package:flutter/src/widgets/framework.dart:6149)
I/flutter (27114): #40     Element.updateChild (package:flutter/src/widgets/framework.dart:4037)
I/flutter (27114): #41     Element.updateChildren (package:flutter/src/widgets/framework.dart:4191)
I/flutter (27114): #42     MultiChildRenderObjectElement.update (package:flutter/src/widgets/framework.dart:7295)
I/flutter (27114): #43     Element.updateChild (package:flutter/src/widgets/framework.dart:4037)
I/flutter (27114): #44     ComponentElement.performRebuild (package:flutter/src/widgets/framework.dart:5841)
I/flutter (27114): #45     Element.rebuild (package:flutter/src/widgets/framework.dart:5529)
I/flutter (27114): #46     ProxyElement.update (package:flutter/src/widgets/framework.dart:6149)
I/flutter (27114): #47     Element.updateChild (package:flutter/src/widgets/framework.dart:4037)
I/flutter (27114): #48     ComponentElement.performRebuild (package:flutter/src/widgets/framework.dart:5841)
I/flutter (27114): #49     StatefulElement.performRebuild (package:flutter/src/widgets/framework.dart:5982)
I/flutter (27114): #50     Element.rebuild (package:flutter/src/widgets/framework.dart:5529)
I/flutter (27114): #51     StatefulElement.update (package:flutter/src/widgets/framework.dart:6007)
I/flutter (27114): #52     Element.updateChild (package:flutter/src/widgets/framework.dart:4037)
I/flutter (27114): #53     ComponentElement.performRebuild (package:flutter/src/widgets/framework.dart:5841)
I/flutter (27114): #54     Element.rebuild (package:flutter/src/widgets/framework.dart:5529)
I/flutter (27114): #55     StatelessElement.update (package:flutter/src/widgets/framework.dart:5895)
I/flutter (27114): #56     Element.updateChild (package:flutter/src/widgets/framework.dart:4037)
I/flutter (27114): #57     ComponentElement.performRebuild (package:flutter/src/widgets/framework.dart:5841)
I/flutter (27114): #58     Element.rebuild (package:flutter/src/widgets/framework.dart:5529)
I/flutter (27114): #59     ProxyElement.update (package:flutter/src/widgets/framework.dart:6149)
I/flutter (27114): #60     Element.updateChild (package:flutter/src/widgets/framework.dart:4037)
I/flutter (27114): #61     ComponentElement.performRebuild (package:flutter/src/widgets/framework.dart:5841)
I/flutter (27114): #62     StatefulElement.performRebuild (package:flutter/src/widgets/framework.dart:5982)
I/flutter (27114): #63     Element.rebuild (package:flutter/src/widgets/framework.dart:5529)
I/flutter (27114): #64     StatefulElement.update (package:flutter/src/widgets/framework.dart:6007)
I/flutter (27114): #65     Element.updateChild (package:flutter/src/widgets/framework.dart:4037)
I/flutter (27114): #66     SingleChildRenderObjectElement.update (package:flutter/src/widgets/framework.dart:7122)
I/flutter (27114): #67     Element.updateChild (package:flutter/src/widgets/framework.dart:4037)
I/flutter (27114): #68     ComponentElement.performRebuild (package:flutter/src/widgets/framework.dart:5841)
I/flutter (27114): #69     Element.rebuild (package:flutter/src/widgets/framework.dart:5529)
I/flutter (27114): #70     ProxyElement.update (package:flutter/src/widgets/framework.dart:6149)
I/flutter (27114): #71     Element.updateChild (package:flutter/src/widgets/framework.dart:4037)
I/flutter (27114): #72     SingleChildRenderObjectElement.update (package:flutter/src/widgets/framework.dart:7122)
I/flutter (27114): #73     Element.updateChild (package:flutter/src/widgets/framework.dart:4037)
I/flutter (27114): #74     ComponentElement.performRebuild (package:flutter/src/widgets/framework.dart:5841)
I/flutter (27114): #75     StatefulElement.performRebuild (package:flutter/src/widgets/framework.dart:5982)
I/flutter (27114): #76     Element.rebuild (package:flutter/src/widgets/framework.dart:5529)
I/flutter (27114): #77     StatefulElement.update (package:flutter/src/widgets/framework.dart:6007)
I/flutter (27114): #78     Element.updateChild (package:flutter/src/widgets/framework.dart:4037)
I/flutter (27114): #79     ComponentElement.performRebuild (package:flutter/src/widgets/framework.dart:5841)
I/flutter (27114): #80     StatefulElement.performRebuild (package:flutter/src/widgets/framework.dart:5982)
I/flutter (27114): #81     Element.rebuild (package:flutter/src/widgets/framework.dart:5529)
I/flutter (27114): #82     StatefulElement.update (package:flutter/src/widgets/framework.dart:6007)
I/flutter (27114): #83     Element.updateChild (package:flutter/src/widgets/framework.dart:4037)
I/flutter (27114): #84     ComponentElement.performRebuild (package:flutter/src/widgets/framework.dart:5841)
I/flutter (27114): #85     Element.rebuild (package:flutter/src/widgets/framework.dart:5529)
I/flutter (27114): #86     ProxyElement.update (package:flutter/src/widgets/framework.dart:6149)
I/flutter (27114): #87     Element.updateChild (package:flutter/src/widgets/framework.dart:4037)
I/flutter (27114): #88     ComponentElement.performRebuild (package:flutter/src/widgets/framework.dart:5841)
I/flutter (27114): #89     Element.rebuild (package:flutter/src/widgets/framework.dart:5529)
I/flutter (27114): #90     ProxyElement.update (package:flutter/src/widgets/framework.dart:6149)
I/flutter (27114): #91     Element.updateChild (package:flutter/src/widgets/framework.dart:4037)
I/flutter (27114): #92     ComponentElement.performRebuild (package:flutter/src/widgets/framework.dart:5841)
I/flutter (27114): #93     Element.rebuild (package:flutter/src/widgets/framework.dart:5529)
I/flutter (27114): #94     ProxyElement.update (package:flutter/src/widgets/framework.dart:6149)
I/flutter (27114): #95     Element.updateChild (package:flutter/src/widgets/framework.dart:4037)
I/flutter (27114): #96     ComponentElement.performRebuild (package:flutter/src/widgets/framework.dart:5841)
I/flutter (27114): #97     StatefulElement.performRebuild (package:flutter/src/widgets/framework.dart:5982)
I/flutter (27114): #98     Element.rebuild (package:flutter/src/widgets/framework.dart:5529)
I/flutter (27114): #99     StatefulElement.update (package:flutter/src/widgets/framework.dart:6007)
[spm]: ProfilerData event received.
I/flutter (27114): [SPM:perf] 698a51a  buildSpan: 10605µs
I/flutter (27114): [spm] Performance monitoring completed for 698a51a
I/flutter (27114): type '_Stub' is not a subtype of type 'EdgeInsetsGeometry?'
I/flutter (27114): #0      TextBox.build (package:benchmark_container/generated_widget.dart:184)
I/flutter (27114): #1      StatelessElement.build (package:flutter/src/widgets/framework.dart:5889)
I/flutter (27114): #2      ComponentElement.performRebuild (package:flutter/src/widgets/framework.dart:5817)
I/flutter (27114): #3      Element.rebuild (package:flutter/src/widgets/framework.dart:5529)
I/flutter (27114): #4      StatelessElement.update (package:flutter/src/widgets/framework.dart:5895)
I/flutter (27114): #5      Element.updateChild (package:flutter/src/widgets/framework.dart:4037)
I/flutter (27114): #6      Element.updateChildren (package:flutter/src/widgets/framework.dart:4191)
I/flutter (27114): #7      MultiChildRenderObjectElement.update (package:flutter/src/widgets/framework.dart:7295)
I/flutter (27114): #8      Element.updateChild (package:flutter/src/widgets/framework.dart:4037)
I/flutter (27114): #9      SingleChildRenderObjectElement.update (package:flutter/src/widgets/framework.dart:7122)
I/flutter (27114): #10     Element.updateChild (package:flutter/src/widgets/framework.dart:4037)
I/flutter (27114): #11     ComponentElement.performRebuild (package:flutter/src/widgets/framework.dart:5841)
I/flutter (27114): #12     Element.rebuild (package:flutter/src/widgets/framework.dart:5529)
I/flutter (27114): #13     StatelessElement.update (package:flutter/src/widgets/framework.dart:5895)
I/flutter (27114): #14     Element.updateChild (package:flutter/src/widgets/framework.dart:4037)
I/flutter (27114): #15     ComponentElement.performRebuild (package:flutter/src/widgets/framework.dart:5841)
I/flutter (27114): #16     Element.rebuild (package:flutter/src/widgets/framework.dart:5529)
I/flutter (27114): #17     ProxyElement.update (package:flutter/src/widgets/framework.dart:6149)
I/flutter (27114): #18     Element.updateChild (package:flutter/src/widgets/framework.dart:4037)
I/flutter (27114): #19     SingleChildRenderObjectElement.update (package:flutter/src/widgets/framework.dart:7122)
I/flutter (27114): #20     Element.updateChild (package:flutter/src/widgets/framework.dart:4037)
I/flutter (27114): #21     ComponentElement.performRebuild (package:flutter/src/widgets/framework.dart:5841)
I/flutter (27114): #22     Element.rebuild (package:flutter/src/widgets/framework.dart:5529)
I/flutter (27114): #23     StatelessElement.update (package:flutter/src/widgets/framework.dart:5895)
I/flutter (27114): #24     Element.updateChild (package:flutter/src/widgets/framework.dart:4037)
I/flutter (27114): #25     ComponentElement.performRebuild (package:flutter/src/widgets/framework.dart:5841)
I/flutter (27114): #26     Element.rebuild (package:flutter/src/widgets/framework.dart:5529)
I/flutter (27114): #27     StatelessElement.update (package:flutter/src/widgets/framework.dart:5895)
I/flutter (27114): #28     Element.updateChild (package:flutter/src/widgets/framework.dart:4037)
I/flutter (27114): #29     ComponentElement.performRebuild (package:flutter/src/widgets/framework.dart:5841)
I/flutter (27114): #30     Element.rebuild (package:flutter/src/widgets/framework.dart:5529)
I/flutter (27114): #31     StatelessElement.update (package:flutter/src/widgets/framework.dart:5895)
I/flutter (27114): #32     Element.updateChild (package:flutter/src/widgets/framework.dart:4037)
I/flutter (27114): #33     ComponentElement.performRebuild (package:flutter/src/widgets/framework.dart:5841)
I/flutter (27114): #34     Element.rebuild (package:flutter/src/widgets/framework.dart:5529)
I/flutter (27114): #35     ProxyElement.update (package:flutter/src/widgets/framework.dart:6149)
I/flutter (27114): #36     Element.updateChild (package:flutter/src/widgets/framework.dart:4037)
I/flutter (27114): #37     ComponentElement.performRebuild (package:flutter/src/widgets/framework.dart:5841)
I/flutter (27114): #38     Element.rebuild (package:flutter/src/widgets/framework.dart:5529)
I/flutter (27114): #39     ProxyElement.update (package:flutter/src/widgets/framework.dart:6149)
I/flutter (27114): #40     Element.updateChild (package:flutter/src/widgets/framework.dart:4037)
I/flutter (27114): #41     Element.updateChildren (package:flutter/src/widgets/framework.dart:4191)
I/flutter (27114): #42     MultiChildRenderObjectElement.update (package:flutter/src/widgets/framework.dart:7295)
I/flutter (27114): #43     Element.updateChild (package:flutter/src/widgets/framework.dart:4037)
I/flutter (27114): #44     ComponentElement.performRebuild (package:flutter/src/widgets/framework.dart:5841)
I/flutter (27114): #45     Element.rebuild (package:flutter/src/widgets/framework.dart:5529)
I/flutter (27114): #46     ProxyElement.update (package:flutter/src/widgets/framework.dart:6149)
I/flutter (27114): #47     Element.updateChild (package:flutter/src/widgets/framework.dart:4037)
I/flutter (27114): #48     ComponentElement.performRebuild (package:flutter/src/widgets/framework.dart:5841)
I/flutter (27114): #49     StatefulElement.performRebuild (package:flutter/src/widgets/framework.dart:5982)
I/flutter (27114): #50     Element.rebuild (package:flutter/src/widgets/framework.dart:5529)
I/flutter (27114): #51     StatefulElement.update (package:flutter/src/widgets/framework.dart:6007)
I/flutter (27114): #52     Element.updateChild (package:flutter/src/widgets/framework.dart:4037)
I/flutter (27114): #53     ComponentElement.performRebuild (package:flutter/src/widgets/framework.dart:5841)
I/flutter (27114): #54     Element.rebuild (package:flutter/src/widgets/framework.dart:5529)
I/flutter (27114): #55     StatelessElement.update (package:flutter/src/widgets/framework.dart:5895)
I/flutter (27114): #56     Element.updateChild (package:flutter/src/widgets/framework.dart:4037)
I/flutter (27114): #57     ComponentElement.performRebuild (package:flutter/src/widgets/framework.dart:5841)
I/flutter (27114): #58     Element.rebuild (package:flutter/src/widgets/framework.dart:5529)
I/flutter (27114): #59     ProxyElement.update (package:flutter/src/widgets/framework.dart:6149)
I/flutter (27114): #60     Element.updateChild (package:flutter/src/widgets/framework.dart:4037)
I/flutter (27114): #61     ComponentElement.performRebuild (package:flutter/src/widgets/framework.dart:5841)
I/flutter (27114): #62     StatefulElement.performRebuild (package:flutter/src/widgets/framework.dart:5982)
I/flutter (27114): #63     Element.rebuild (package:flutter/src/widgets/framework.dart:5529)
I/flutter (27114): #64     StatefulElement.update (package:flutter/src/widgets/framework.dart:6007)
I/flutter (27114): #65     Element.updateChild (package:flutter/src/widgets/framework.dart:4037)
I/flutter (27114): #66     SingleChildRenderObjectElement.update (package:flutter/src/widgets/framework.dart:7122)
I/flutter (27114): #67     Element.updateChild (package:flutter/src/widgets/framework.dart:4037)
I/flutter (27114): #68     ComponentElement.performRebuild (package:flutter/src/widgets/framework.dart:5841)
I/flutter (27114): #69     Element.rebuild (package:flutter/src/widgets/framework.dart:5529)
I/flutter (27114): #70     ProxyElement.update (package:flutter/src/widgets/framework.dart:6149)
I/flutter (27114): #71     Element.updateChild (package:flutter/src/widgets/framework.dart:4037)
I/flutter (27114): #72     SingleChildRenderObjectElement.update (package:flutter/src/widgets/framework.dart:7122)
I/flutter (27114): #73     Element.updateChild (package:flutter/src/widgets/framework.dart:4037)
I/flutter (27114): #74     ComponentElement.performRebuild (package:flutter/src/widgets/framework.dart:5841)
I/flutter (27114): #75     StatefulElement.performRebuild (package:flutter/src/widgets/framework.dart:5982)
I/flutter (27114): #76     Element.rebuild (package:flutter/src/widgets/framework.dart:5529)
I/flutter (27114): #77     StatefulElement.update (package:flutter/src/widgets/framework.dart:6007)
I/flutter (27114): #78     Element.updateChild (package:flutter/src/widgets/framework.dart:4037)
I/flutter (27114): #79     ComponentElement.performRebuild (package:flutter/src/widgets/framework.dart:5841)
I/flutter (27114): #80     StatefulElement.performRebuild (package:flutter/src/widgets/framework.dart:5982)
I/flutter (27114): #81     Element.rebuild (package:flutter/src/widgets/framework.dart:5529)
I/flutter (27114): #82     StatefulElement.update (package:flutter/src/widgets/framework.dart:6007)
I/flutter (27114): #83     Element.updateChild (package:flutter/src/widgets/framework.dart:4037)
I/flutter (27114): #84     ComponentElement.performRebuild (package:flutter/src/widgets/framework.dart:5841)
I/flutter (27114): #85     Element.rebuild (package:flutter/src/widgets/framework.dart:5529)
I/flutter (27114): #86     ProxyElement.update (package:flutter/src/widgets/framework.dart:6149)
I/flutter (27114): #87     Element.updateChild (package:flutter/src/widgets/framework.dart:4037)
I/flutter (27114): #88     ComponentElement.performRebuild (package:flutter/src/widgets/framework.dart:5841)
I/flutter (27114): #89     Element.rebuild (package:flutter/src/widgets/framework.dart:5529)
I/flutter (27114): #90     ProxyElement.update (package:flutter/src/widgets/framework.dart:6149)
I/flutter (27114): #91     Element.updateChild (package:flutter/src/widgets/framework.dart:4037)
I/flutter (27114): #92     ComponentElement.performRebuild (package:flutter/src/widgets/framework.dart:5841)
I/flutter (27114): #93     Element.rebuild (package:flutter/src/widgets/framework.dart:5529)
I/flutter (27114): #94     ProxyElement.update (package:flutter/src/widgets/framework.dart:6149)
I/flutter (27114): #95     Element.updateChild (package:flutter/src/widgets/framework.dart:4037)
I/flutter (27114): #96     ComponentElement.performRebuild (package:flutter/src/widgets/framework.dart:5841)
I/flutter (27114): #97     StatefulElement.performRebuild (package:flutter/src/widgets/framework.dart:5982)
I/flutter (27114): #98     Element.rebuild (package:flutter/src/widgets/framework.dart:5529)
I/flutter (27114): #99     StatefulElement.update (package:flutter/src/widgets/framework.dart:6007)
[spm]: ProfilerData event received.
I/flutter (27114): [SPM:perf] 698a51a  buildSpan: 10971µs
I/flutter (27114): [spm] Performance monitoring completed for 698a51a
I/flutter (27114): type '_Stub' is not a subtype of type 'EdgeInsetsGeometry?'
I/flutter (27114): #0      TextBox.build (package:benchmark_container/generated_widget.dart:184)
I/flutter (27114): #1      StatelessElement.build (package:flutter/src/widgets/framework.dart:5889)
I/flutter (27114): #2      ComponentElement.performRebuild (package:flutter/src/widgets/framework.dart:5817)
I/flutter (27114): #3      Element.rebuild (package:flutter/src/widgets/framework.dart:5529)
I/flutter (27114): #4      StatelessElement.update (package:flutter/src/widgets/framework.dart:5895)
I/flutter (27114): #5      Element.updateChild (package:flutter/src/widgets/framework.dart:4037)
I/flutter (27114): #6      Element.updateChildren (package:flutter/src/widgets/framework.dart:4191)
I/flutter (27114): #7      MultiChildRenderObjectElement.update (package:flutter/src/widgets/framework.dart:7295)
I/flutter (27114): #8      Element.updateChild (package:flutter/src/widgets/framework.dart:4037)
I/flutter (27114): #9      SingleChildRenderObjectElement.update (package:flutter/src/widgets/framework.dart:7122)
I/flutter (27114): #10     Element.updateChild (package:flutter/src/widgets/framework.dart:4037)
I/flutter (27114): #11     ComponentElement.performRebuild (package:flutter/src/widgets/framework.dart:5841)
I/flutter (27114): #12     Element.rebuild (package:flutter/src/widgets/framework.dart:5529)
I/flutter (27114): #13     StatelessElement.update (package:flutter/src/widgets/framework.dart:5895)
I/flutter (27114): #14     Element.updateChild (package:flutter/src/widgets/framework.dart:4037)
I/flutter (27114): #15     ComponentElement.performRebuild (package:flutter/src/widgets/framework.dart:5841)
I/flutter (27114): #16     Element.rebuild (package:flutter/src/widgets/framework.dart:5529)
I/flutter (27114): #17     ProxyElement.update (package:flutter/src/widgets/framework.dart:6149)
I/flutter (27114): #18     Element.updateChild (package:flutter/src/widgets/framework.dart:4037)
I/flutter (27114): #19     SingleChildRenderObjectElement.update (package:flutter/src/widgets/framework.dart:7122)
I/flutter (27114): #20     Element.updateChild (package:flutter/src/widgets/framework.dart:4037)
I/flutter (27114): #21     ComponentElement.performRebuild (package:flutter/src/widgets/framework.dart:5841)
I/flutter (27114): #22     Element.rebuild (package:flutter/src/widgets/framework.dart:5529)
I/flutter (27114): #23     StatelessElement.update (package:flutter/src/widgets/framework.dart:5895)
I/flutter (27114): #24     Element.updateChild (package:flutter/src/widgets/framework.dart:4037)
I/flutter (27114): #25     ComponentElement.performRebuild (package:flutter/src/widgets/framework.dart:5841)
I/flutter (27114): #26     Element.rebuild (package:flutter/src/widgets/framework.dart:5529)
I/flutter (27114): #27     StatelessElement.update (package:flutter/src/widgets/framework.dart:5895)
I/flutter (27114): #28     Element.updateChild (package:flutter/src/widgets/framework.dart:4037)
I/flutter (27114): #29     ComponentElement.performRebuild (package:flutter/src/widgets/framework.dart:5841)
I/flutter (27114): #30     Element.rebuild (package:flutter/src/widgets/framework.dart:5529)
I/flutter (27114): #31     StatelessElement.update (package:flutter/src/widgets/framework.dart:5895)
I/flutter (27114): #32     Element.updateChild (package:flutter/src/widgets/framework.dart:4037)
I/flutter (27114): #33     ComponentElement.performRebuild (package:flutter/src/widgets/framework.dart:5841)
I/flutter (27114): #34     Element.rebuild (package:flutter/src/widgets/framework.dart:5529)
I/flutter (27114): #35     ProxyElement.update (package:flutter/src/widgets/framework.dart:6149)
I/flutter (27114): #36     Element.updateChild (package:flutter/src/widgets/framework.dart:4037)
I/flutter (27114): #37     ComponentElement.performRebuild (package:flutter/src/widgets/framework.dart:5841)
I/flutter (27114): #38     Element.rebuild (package:flutter/src/widgets/framework.dart:5529)
I/flutter (27114): #39     ProxyElement.update (package:flutter/src/widgets/framework.dart:6149)
I/flutter (27114): #40     Element.updateChild (package:flutter/src/widgets/framework.dart:4037)
I/flutter (27114): #41     Element.updateChildren (package:flutter/src/widgets/framework.dart:4191)
I/flutter (27114): #42     MultiChildRenderObjectElement.update (package:flutter/src/widgets/framework.dart:7295)
I/flutter (27114): #43     Element.updateChild (package:flutter/src/widgets/framework.dart:4037)
I/flutter (27114): #44     ComponentElement.performRebuild (package:flutter/src/widgets/framework.dart:5841)
I/flutter (27114): #45     Element.rebuild (package:flutter/src/widgets/framework.dart:5529)
I/flutter (27114): #46     ProxyElement.update (package:flutter/src/widgets/framework.dart:6149)
I/flutter (27114): #47     Element.updateChild (package:flutter/src/widgets/framework.dart:4037)
I/flutter (27114): #48     ComponentElement.performRebuild (package:flutter/src/widgets/framework.dart:5841)
I/flutter (27114): #49     StatefulElement.performRebuild (package:flutter/src/widgets/framework.dart:5982)
I/flutter (27114): #50     Element.rebuild (package:flutter/src/widgets/framework.dart:5529)
I/flutter (27114): #51     StatefulElement.update (package:flutter/src/widgets/framework.dart:6007)
I/flutter (27114): #52     Element.updateChild (package:flutter/src/widgets/framework.dart:4037)
I/flutter (27114): #53     ComponentElement.performRebuild (package:flutter/src/widgets/framework.dart:5841)
I/flutter (27114): #54     Element.rebuild (package:flutter/src/widgets/framework.dart:5529)
I/flutter (27114): #55     StatelessElement.update (package:flutter/src/widgets/framework.dart:5895)
I/flutter (27114): #56     Element.updateChild (package:flutter/src/widgets/framework.dart:4037)
I/flutter (27114): #57     ComponentElement.performRebuild (package:flutter/src/widgets/framework.dart:5841)
I/flutter (27114): #58     Element.rebuild (package:flutter/src/widgets/framework.dart:5529)
I/flutter (27114): #59     ProxyElement.update (package:flutter/src/widgets/framework.dart:6149)
I/flutter (27114): #60     Element.updateChild (package:flutter/src/widgets/framework.dart:4037)
I/flutter (27114): #61     ComponentElement.performRebuild (package:flutter/src/widgets/framework.dart:5841)
I/flutter (27114): #62     StatefulElement.performRebuild (package:flutter/src/widgets/framework.dart:5982)
I/flutter (27114): #63     Element.rebuild (package:flutter/src/widgets/framework.dart:5529)
I/flutter (27114): #64     StatefulElement.update (package:flutter/src/widgets/framework.dart:6007)
I/flutter (27114): #65     Element.updateChild (package:flutter/src/widgets/framework.dart:4037)
I/flutter (27114): #66     SingleChildRenderObjectElement.update (package:flutter/src/widgets/framework.dart:7122)
I/flutter (27114): #67     Element.updateChild (package:flutter/src/widgets/framework.dart:4037)
I/flutter (27114): #68     ComponentElement.performRebuild (package:flutter/src/widgets/framework.dart:5841)
I/flutter (27114): #69     Element.rebuild (package:flutter/src/widgets/framework.dart:5529)
I/flutter (27114): #70     ProxyElement.update (package:flutter/src/widgets/framework.dart:6149)
I/flutter (27114): #71     Element.updateChild (package:flutter/src/widgets/framework.dart:4037)
I/flutter (27114): #72     SingleChildRenderObjectElement.update (package:flutter/src/widgets/framework.dart:7122)
I/flutter (27114): #73     Element.updateChild (package:flutter/src/widgets/framework.dart:4037)
I/flutter (27114): #74     ComponentElement.performRebuild (package:flutter/src/widgets/framework.dart:5841)
I/flutter (27114): #75     StatefulElement.performRebuild (package:flutter/src/widgets/framework.dart:5982)
I/flutter (27114): #76     Element.rebuild (package:flutter/src/widgets/framework.dart:5529)
I/flutter (27114): #77     StatefulElement.update (package:flutter/src/widgets/framework.dart:6007)
I/flutter (27114): #78     Element.updateChild (package:flutter/src/widgets/framework.dart:4037)
I/flutter (27114): #79     ComponentElement.performRebuild (package:flutter/src/widgets/framework.dart:5841)
I/flutter (27114): #80     StatefulElement.performRebuild (package:flutter/src/widgets/framework.dart:5982)
I/flutter (27114): #81     Element.rebuild (package:flutter/src/widgets/framework.dart:5529)
I/flutter (27114): #82     StatefulElement.update (package:flutter/src/widgets/framework.dart:6007)
I/flutter (27114): #83     Element.updateChild (package:flutter/src/widgets/framework.dart:4037)
I/flutter (27114): #84     ComponentElement.performRebuild (package:flutter/src/widgets/framework.dart:5841)
I/flutter (27114): #85     Element.rebuild (package:flutter/src/widgets/framework.dart:5529)
I/flutter (27114): #86     ProxyElement.update (package:flutter/src/widgets/framework.dart:6149)
I/flutter (27114): #87     Element.updateChild (package:flutter/src/widgets/framework.dart:4037)
I/flutter (27114): #88     ComponentElement.performRebuild (package:flutter/src/widgets/framework.dart:5841)
I/flutter (27114): #89     Element.rebuild (package:flutter/src/widgets/framework.dart:5529)
I/flutter (27114): #90     ProxyElement.update (package:flutter/src/widgets/framework.dart:6149)
I/flutter (27114): #91     Element.updateChild (package:flutter/src/widgets/framework.dart:4037)
I/flutter (27114): #92     ComponentElement.performRebuild (package:flutter/src/widgets/framework.dart:5841)
I/flutter (27114): #93     Element.rebuild (package:flutter/src/widgets/framework.dart:5529)
I/flutter (27114): #94     ProxyElement.update (package:flutter/src/widgets/framework.dart:6149)
I/flutter (27114): #95     Element.updateChild (package:flutter/src/widgets/framework.dart:4037)
I/flutter (27114): #96     ComponentElement.performRebuild (package:flutter/src/widgets/framework.dart:5841)
I/flutter (27114): #97     StatefulElement.performRebuild (package:flutter/src/widgets/framework.dart:5982)
I/flutter (27114): #98     Element.rebuild (package:flutter/src/widgets/framework.dart:5529)
I/flutter (27114): #99     StatefulElement.update (package:flutter/src/widgets/framework.dart:6007)
[spm]: ProfilerData event received.
I/flutter (27114): [SPM:perf] 698a51a  buildSpan: 11001µs
I/flutter (27114): [spm] Performance monitoring completed for 698a51a
I/flutter (27114): type '_Stub' is not a subtype of type 'EdgeInsetsGeometry?'
I/flutter (27114): #0      TextBox.build (package:benchmark_container/generated_widget.dart:184)
I/flutter (27114): #1      StatelessElement.build (package:flutter/src/widgets/framework.dart:5889)
I/flutter (27114): #2      ComponentElement.performRebuild (package:flutter/src/widgets/framework.dart:5817)
I/flutter (27114): #3      Element.rebuild (package:flutter/src/widgets/framework.dart:5529)
I/flutter (27114): #4      StatelessElement.update (package:flutter/src/widgets/framework.dart:5895)
I/flutter (27114): #5      Element.updateChild (package:flutter/src/widgets/framework.dart:4037)
I/flutter (27114): #6      Element.updateChildren (package:flutter/src/widgets/framework.dart:4191)
I/flutter (27114): #7      MultiChildRenderObjectElement.update (package:flutter/src/widgets/framework.dart:7295)
I/flutter (27114): #8      Element.updateChild (package:flutter/src/widgets/framework.dart:4037)
I/flutter (27114): #9      SingleChildRenderObjectElement.update (package:flutter/src/widgets/framework.dart:7122)
I/flutter (27114): #10     Element.updateChild (package:flutter/src/widgets/framework.dart:4037)
I/flutter (27114): #11     ComponentElement.performRebuild (package:flutter/src/widgets/framework.dart:5841)
I/flutter (27114): #12     Element.rebuild (package:flutter/src/widgets/framework.dart:5529)
I/flutter (27114): #13     StatelessElement.update (package:flutter/src/widgets/framework.dart:5895)
I/flutter (27114): #14     Element.updateChild (package:flutter/src/widgets/framework.dart:4037)
I/flutter (27114): #15     ComponentElement.performRebuild (package:flutter/src/widgets/framework.dart:5841)
I/flutter (27114): #16     Element.rebuild (package:flutter/src/widgets/framework.dart:5529)
I/flutter (27114): #17     ProxyElement.update (package:flutter/src/widgets/framework.dart:6149)
I/flutter (27114): #18     Element.updateChild (package:flutter/src/widgets/framework.dart:4037)
I/flutter (27114): #19     SingleChildRenderObjectElement.update (package:flutter/src/widgets/framework.dart:7122)
I/flutter (27114): #20     Element.updateChild (package:flutter/src/widgets/framework.dart:4037)
I/flutter (27114): #21     ComponentElement.performRebuild (package:flutter/src/widgets/framework.dart:5841)
I/flutter (27114): #22     Element.rebuild (package:flutter/src/widgets/framework.dart:5529)
I/flutter (27114): #23     StatelessElement.update (package:flutter/src/widgets/framework.dart:5895)
I/flutter (27114): #24     Element.updateChild (package:flutter/src/widgets/framework.dart:4037)
I/flutter (27114): #25     ComponentElement.performRebuild (package:flutter/src/widgets/framework.dart:5841)
I/flutter (27114): #26     Element.rebuild (package:flutter/src/widgets/framework.dart:5529)
I/flutter (27114): #27     StatelessElement.update (package:flutter/src/widgets/framework.dart:5895)
I/flutter (27114): #28     Element.updateChild (package:flutter/src/widgets/framework.dart:4037)
I/flutter (27114): #29     ComponentElement.performRebuild (package:flutter/src/widgets/framework.dart:5841)
I/flutter (27114): #30     Element.rebuild (package:flutter/src/widgets/framework.dart:5529)
I/flutter (27114): #31     StatelessElement.update (package:flutter/src/widgets/framework.dart:5895)
I/flutter (27114): #32     Element.updateChild (package:flutter/src/widgets/framework.dart:4037)
I/flutter (27114): #33     ComponentElement.performRebuild (package:flutter/src/widgets/framework.dart:5841)
I/flutter (27114): #34     Element.rebuild (package:flutter/src/widgets/framework.dart:5529)
I/flutter (27114): #35     ProxyElement.update (package:flutter/src/widgets/framework.dart:6149)
I/flutter (27114): #36     Element.updateChild (package:flutter/src/widgets/framework.dart:4037)
I/flutter (27114): #37     ComponentElement.performRebuild (package:flutter/src/widgets/framework.dart:5841)
I/flutter (27114): #38     Element.rebuild (package:flutter/src/widgets/framework.dart:5529)
I/flutter (27114): #39     ProxyElement.update (package:flutter/src/widgets/framework.dart:6149)
I/flutter (27114): #40     Element.updateChild (package:flutter/src/widgets/framework.dart:4037)
I/flutter (27114): #41     Element.updateChildren (package:flutter/src/widgets/framework.dart:4191)
I/flutter (27114): #42     MultiChildRenderObjectElement.update (package:flutter/src/widgets/framework.dart:7295)
I/flutter (27114): #43     Element.updateChild (package:flutter/src/widgets/framework.dart:4037)
I/flutter (27114): #44     ComponentElement.performRebuild (package:flutter/src/widgets/framework.dart:5841)
I/flutter (27114): #45     Element.rebuild (package:flutter/src/widgets/framework.dart:5529)
I/flutter (27114): #46     ProxyElement.update (package:flutter/src/widgets/framework.dart:6149)
I/flutter (27114): #47     Element.updateChild (package:flutter/src/widgets/framework.dart:4037)
I/flutter (27114): #48     ComponentElement.performRebuild (package:flutter/src/widgets/framework.dart:5841)
I/flutter (27114): #49     StatefulElement.performRebuild (package:flutter/src/widgets/framework.dart:5982)
I/flutter (27114): #50     Element.rebuild (package:flutter/src/widgets/framework.dart:5529)
I/flutter (27114): #51     StatefulElement.update (package:flutter/src/widgets/framework.dart:6007)
I/flutter (27114): #52     Element.updateChild (package:flutter/src/widgets/framework.dart:4037)
I/flutter (27114): #53     ComponentElement.performRebuild (package:flutter/src/widgets/framework.dart:5841)
I/flutter (27114): #54     Element.rebuild (package:flutter/src/widgets/framework.dart:5529)
I/flutter (27114): #55     StatelessElement.update (package:flutter/src/widgets/framework.dart:5895)
I/flutter (27114): #56     Element.updateChild (package:flutter/src/widgets/framework.dart:4037)
I/flutter (27114): #57     ComponentElement.performRebuild (package:flutter/src/widgets/framework.dart:5841)
I/flutter (27114): #58     Element.rebuild (package:flutter/src/widgets/framework.dart:5529)
I/flutter (27114): #59     ProxyElement.update (package:flutter/src/widgets/framework.dart:6149)
I/flutter (27114): #60     Element.updateChild (package:flutter/src/widgets/framework.dart:4037)
I/flutter (27114): #61     ComponentElement.performRebuild (package:flutter/src/widgets/framework.dart:5841)
I/flutter (27114): #62     StatefulElement.performRebuild (package:flutter/src/widgets/framework.dart:5982)
I/flutter (27114): #63     Element.rebuild (package:flutter/src/widgets/framework.dart:5529)
I/flutter (27114): #64     StatefulElement.update (package:flutter/src/widgets/framework.dart:6007)
I/flutter (27114): #65     Element.updateChild (package:flutter/src/widgets/framework.dart:4037)
I/flutter (27114): #66     SingleChildRenderObjectElement.update (package:flutter/src/widgets/framework.dart:7122)
I/flutter (27114): #67     Element.updateChild (package:flutter/src/widgets/framework.dart:4037)
I/flutter (27114): #68     ComponentElement.performRebuild (package:flutter/src/widgets/framework.dart:5841)
I/flutter (27114): #69     Element.rebuild (package:flutter/src/widgets/framework.dart:5529)
I/flutter (27114): #70     ProxyElement.update (package:flutter/src/widgets/framework.dart:6149)
I/flutter (27114): #71     Element.updateChild (package:flutter/src/widgets/framework.dart:4037)
I/flutter (27114): #72     SingleChildRenderObjectElement.update (package:flutter/src/widgets/framework.dart:7122)
I/flutter (27114): #73     Element.updateChild (package:flutter/src/widgets/framework.dart:4037)
I/flutter (27114): #74     ComponentElement.performRebuild (package:flutter/src/widgets/framework.dart:5841)
I/flutter (27114): #75     StatefulElement.performRebuild (package:flutter/src/widgets/framework.dart:5982)
I/flutter (27114): #76     Element.rebuild (package:flutter/src/widgets/framework.dart:5529)
I/flutter (27114): #77     StatefulElement.update (package:flutter/src/widgets/framework.dart:6007)
I/flutter (27114): #78     Element.updateChild (package:flutter/src/widgets/framework.dart:4037)
I/flutter (27114): #79     ComponentElement.performRebuild (package:flutter/src/widgets/framework.dart:5841)
I/flutter (27114): #80     StatefulElement.performRebuild (package:flutter/src/widgets/framework.dart:5982)
I/flutter (27114): #81     Element.rebuild (package:flutter/src/widgets/framework.dart:5529)
I/flutter (27114): #82     StatefulElement.update (package:flutter/src/widgets/framework.dart:6007)
I/flutter (27114): #83     Element.updateChild (package:flutter/src/widgets/framework.dart:4037)
I/flutter (27114): #84     ComponentElement.performRebuild (package:flutter/src/widgets/framework.dart:5841)
I/flutter (27114): #85     Element.rebuild (package:flutter/src/widgets/framework.dart:5529)
I/flutter (27114): #86     ProxyElement.update (package:flutter/src/widgets/framework.dart:6149)
I/flutter (27114): #87     Element.updateChild (package:flutter/src/widgets/framework.dart:4037)
I/flutter (27114): #88     ComponentElement.performRebuild (package:flutter/src/widgets/framework.dart:5841)
I/flutter (27114): #89     Element.rebuild (package:flutter/src/widgets/framework.dart:5529)
I/flutter (27114): #90     ProxyElement.update (package:flutter/src/widgets/framework.dart:6149)
I/flutter (27114): #91     Element.updateChild (package:flutter/src/widgets/framework.dart:4037)
I/flutter (27114): #92     ComponentElement.performRebuild (package:flutter/src/widgets/framework.dart:5841)
I/flutter (27114): #93     Element.rebuild (package:flutter/src/widgets/framework.dart:5529)
I/flutter (27114): #94     ProxyElement.update (package:flutter/src/widgets/framework.dart:6149)
I/flutter (27114): #95     Element.updateChild (package:flutter/src/widgets/framework.dart:4037)
I/flutter (27114): #96     ComponentElement.performRebuild (package:flutter/src/widgets/framework.dart:5841)
I/flutter (27114): #97     StatefulElement.performRebuild (package:flutter/src/widgets/framework.dart:5982)
I/flutter (27114): #98     Element.rebuild (package:flutter/src/widgets/framework.dart:5529)
I/flutter (27114): #99     StatefulElement.update (package:flutter/src/widgets/framework.dart:6007)
I/flutter (27114): [SPM:perf] 698a51a  buildSpan: 10676µs
I/flutter (27114): [spm] Performance monitoring completed for 698a51a
[spm]: ProfilerData event received.
I/flutter (27114): type '_Stub' is not a subtype of type 'EdgeInsetsGeometry?'
I/flutter (27114): #0      TextBox.build (package:benchmark_container/generated_widget.dart:184)
I/flutter (27114): #1      StatelessElement.build (package:flutter/src/widgets/framework.dart:5889)
I/flutter (27114): #2      ComponentElement.performRebuild (package:flutter/src/widgets/framework.dart:5817)
I/flutter (27114): #3      Element.rebuild (package:flutter/src/widgets/framework.dart:5529)
I/flutter (27114): #4      StatelessElement.update (package:flutter/src/widgets/framework.dart:5895)
I/flutter (27114): #5      Element.updateChild (package:flutter/src/widgets/framework.dart:4037)
I/flutter (27114): #6      Element.updateChildren (package:flutter/src/widgets/framework.dart:4191)
I/flutter (27114): #7      MultiChildRenderObjectElement.update (package:flutter/src/widgets/framework.dart:7295)
I/flutter (27114): #8      Element.updateChild (package:flutter/src/widgets/framework.dart:4037)
I/flutter (27114): #9      SingleChildRenderObjectElement.update (package:flutter/src/widgets/framework.dart:7122)
I/flutter (27114): #10     Element.updateChild (package:flutter/src/widgets/framework.dart:4037)
I/flutter (27114): #11     ComponentElement.performRebuild (package:flutter/src/widgets/framework.dart:5841)
I/flutter (27114): #12     Element.rebuild (package:flutter/src/widgets/framework.dart:5529)
I/flutter (27114): #13     StatelessElement.update (package:flutter/src/widgets/framework.dart:5895)
I/flutter (27114): #14     Element.updateChild (package:flutter/src/widgets/framework.dart:4037)
I/flutter (27114): #15     ComponentElement.performRebuild (package:flutter/src/widgets/framework.dart:5841)
I/flutter (27114): #16     Element.rebuild (package:flutter/src/widgets/framework.dart:5529)
I/flutter (27114): #17     ProxyElement.update (package:flutter/src/widgets/framework.dart:6149)
I/flutter (27114): #18     Element.updateChild (package:flutter/src/widgets/framework.dart:4037)
I/flutter (27114): #19     SingleChildRenderObjectElement.update (package:flutter/src/widgets/framework.dart:7122)
I/flutter (27114): #20     Element.updateChild (package:flutter/src/widgets/framework.dart:4037)
I/flutter (27114): #21     ComponentElement.performRebuild (package:flutter/src/widgets/framework.dart:5841)
I/flutter (27114): #22     Element.rebuild (package:flutter/src/widgets/framework.dart:5529)
I/flutter (27114): #23     StatelessElement.update (package:flutter/src/widgets/framework.dart:5895)
I/flutter (27114): #24     Element.updateChild (package:flutter/src/widgets/framework.dart:4037)
I/flutter (27114): #25     ComponentElement.performRebuild (package:flutter/src/widgets/framework.dart:5841)
I/flutter (27114): #26     Element.rebuild (package:flutter/src/widgets/framework.dart:5529)
I/flutter (27114): #27     StatelessElement.update (package:flutter/src/widgets/framework.dart:5895)
I/flutter (27114): #28     Element.updateChild (package:flutter/src/widgets/framework.dart:4037)
I/flutter (27114): #29     ComponentElement.performRebuild (package:flutter/src/widgets/framework.dart:5841)
I/flutter (27114): #30     Element.rebuild (package:flutter/src/widgets/framework.dart:5529)
I/flutter (27114): #31     StatelessElement.update (package:flutter/src/widgets/framework.dart:5895)
I/flutter (27114): #32     Element.updateChild (package:flutter/src/widgets/framework.dart:4037)
I/flutter (27114): #33     ComponentElement.performRebuild (package:flutter/src/widgets/framework.dart:5841)
I/flutter (27114): #34     Element.rebuild (package:flutter/src/widgets/framework.dart:5529)
I/flutter (27114): #35     ProxyElement.update (package:flutter/src/widgets/framework.dart:6149)
I/flutter (27114): #36     Element.updateChild (package:flutter/src/widgets/framework.dart:4037)
I/flutter (27114): #37     ComponentElement.performRebuild (package:flutter/src/widgets/framework.dart:5841)
I/flutter (27114): #38     Element.rebuild (package:flutter/src/widgets/framework.dart:5529)
I/flutter (27114): #39     ProxyElement.update (package:flutter/src/widgets/framework.dart:6149)
I/flutter (27114): #40     Element.updateChild (package:flutter/src/widgets/framework.dart:4037)
I/flutter (27114): #41     Element.updateChildren (package:flutter/src/widgets/framework.dart:4191)
I/flutter (27114): #42     MultiChildRenderObjectElement.update (package:flutter/src/widgets/framework.dart:7295)
I/flutter (27114): #43     Element.updateChild (package:flutter/src/widgets/framework.dart:4037)
I/flutter (27114): #44     ComponentElement.performRebuild (package:flutter/src/widgets/framework.dart:5841)
I/flutter (27114): #45     Element.rebuild (package:flutter/src/widgets/framework.dart:5529)
I/flutter (27114): #46     ProxyElement.update (package:flutter/src/widgets/framework.dart:6149)
I/flutter (27114): #47     Element.updateChild (package:flutter/src/widgets/framework.dart:4037)
I/flutter (27114): #48     ComponentElement.performRebuild (package:flutter/src/widgets/framework.dart:5841)
I/flutter (27114): #49     StatefulElement.performRebuild (package:flutter/src/widgets/framework.dart:5982)
I/flutter (27114): #50     Element.rebuild (package:flutter/src/widgets/framework.dart:5529)
I/flutter (27114): #51     StatefulElement.update (package:flutter/src/widgets/framework.dart:6007)
I/flutter (27114): #52     Element.updateChild (package:flutter/src/widgets/framework.dart:4037)
I/flutter (27114): #53     ComponentElement.performRebuild (package:flutter/src/widgets/framework.dart:5841)
I/flutter (27114): #54     Element.rebuild (package:flutter/src/widgets/framework.dart:5529)
I/flutter (27114): #55     StatelessElement.update (package:flutter/src/widgets/framework.dart:5895)
I/flutter (27114): #56     Element.updateChild (package:flutter/src/widgets/framework.dart:4037)
I/flutter (27114): #57     ComponentElement.performRebuild (package:flutter/src/widgets/framework.dart:5841)
I/flutter (27114): #58     Element.rebuild (package:flutter/src/widgets/framework.dart:5529)
I/flutter (27114): #59     ProxyElement.update (package:flutter/src/widgets/framework.dart:6149)
I/flutter (27114): #60     Element.updateChild (package:flutter/src/widgets/framework.dart:4037)
I/flutter (27114): #61     ComponentElement.performRebuild (package:flutter/src/widgets/framework.dart:5841)
I/flutter (27114): #62     StatefulElement.performRebuild (package:flutter/src/widgets/framework.dart:5982)
I/flutter (27114): #63     Element.rebuild (package:flutter/src/widgets/framework.dart:5529)
I/flutter (27114): #64     StatefulElement.update (package:flutter/src/widgets/framework.dart:6007)
I/flutter (27114): #65     Element.updateChild (package:flutter/src/widgets/framework.dart:4037)
I/flutter (27114): #66     SingleChildRenderObjectElement.update (package:flutter/src/widgets/framework.dart:7122)
I/flutter (27114): #67     Element.updateChild (package:flutter/src/widgets/framework.dart:4037)
I/flutter (27114): #68     ComponentElement.performRebuild (package:flutter/src/widgets/framework.dart:5841)
I/flutter (27114): #69     Element.rebuild (package:flutter/src/widgets/framework.dart:5529)
I/flutter (27114): #70     ProxyElement.update (package:flutter/src/widgets/framework.dart:6149)
I/flutter (27114): #71     Element.updateChild (package:flutter/src/widgets/framework.dart:4037)
I/flutter (27114): #72     SingleChildRenderObjectElement.update (package:flutter/src/widgets/framework.dart:7122)
I/flutter (27114): #73     Element.updateChild (package:flutter/src/widgets/framework.dart:4037)
I/flutter (27114): #74     ComponentElement.performRebuild (package:flutter/src/widgets/framework.dart:5841)
I/flutter (27114): #75     StatefulElement.performRebuild (package:flutter/src/widgets/framework.dart:5982)
I/flutter (27114): #76     Element.rebuild (package:flutter/src/widgets/framework.dart:5529)
I/flutter (27114): #77     StatefulElement.update (package:flutter/src/widgets/framework.dart:6007)
I/flutter (27114): #78     Element.updateChild (package:flutter/src/widgets/framework.dart:4037)
I/flutter (27114): #79     ComponentElement.performRebuild (package:flutter/src/widgets/framework.dart:5841)
I/flutter (27114): #80     StatefulElement.performRebuild (package:flutter/src/widgets/framework.dart:5982)
I/flutter (27114): #81     Element.rebuild (package:flutter/src/widgets/framework.dart:5529)
I/flutter (27114): #82     StatefulElement.update (package:flutter/src/widgets/framework.dart:6007)
I/flutter (27114): #83     Element.updateChild (package:flutter/src/widgets/framework.dart:4037)
I/flutter (27114): #84     ComponentElement.performRebuild (package:flutter/src/widgets/framework.dart:5841)
I/flutter (27114): #85     Element.rebuild (package:flutter/src/widgets/framework.dart:5529)
I/flutter (27114): #86     ProxyElement.update (package:flutter/src/widgets/framework.dart:6149)
I/flutter (27114): #87     Element.updateChild (package:flutter/src/widgets/framework.dart:4037)
I/flutter (27114): #88     ComponentElement.performRebuild (package:flutter/src/widgets/framework.dart:5841)
I/flutter (27114): #89     Element.rebuild (package:flutter/src/widgets/framework.dart:5529)
I/flutter (27114): #90     ProxyElement.update (package:flutter/src/widgets/framework.dart:6149)
I/flutter (27114): #91     Element.updateChild (package:flutter/src/widgets/framework.dart:4037)
I/flutter (27114): #92     ComponentElement.performRebuild (package:flutter/src/widgets/framework.dart:5841)
I/flutter (27114): #93     Element.rebuild (package:flutter/src/widgets/framework.dart:5529)
I/flutter (27114): #94     ProxyElement.update (package:flutter/src/widgets/framework.dart:6149)
I/flutter (27114): #95     Element.updateChild (package:flutter/src/widgets/framework.dart:4037)
I/flutter (27114): #96     ComponentElement.performRebuild (package:flutter/src/widgets/framework.dart:5841)
I/flutter (27114): #97     StatefulElement.performRebuild (package:flutter/src/widgets/framework.dart:5982)
I/flutter (27114): #98     Element.rebuild (package:flutter/src/widgets/framework.dart:5529)
I/flutter (27114): #99     StatefulElement.update (package:flutter/src/widgets/framework.dart:6007)
[spm]: ProfilerData event received.
I/flutter (27114): [SPM:perf] 698a51a  buildSpan: 10688µs
I/flutter (27114): [spm] Performance monitoring completed for 698a51a
I/flutter (27114): type '_Stub' is not a subtype of type 'EdgeInsetsGeometry?'
I/flutter (27114): #0      TextBox.build (package:benchmark_container/generated_widget.dart:184)
I/flutter (27114): #1      StatelessElement.build (package:flutter/src/widgets/framework.dart:5889)
I/flutter (27114): #2      ComponentElement.performRebuild (package:flutter/src/widgets/framework.dart:5817)
I/flutter (27114): #3      Element.rebuild (package:flutter/src/widgets/framework.dart:5529)
I/flutter (27114): #4      StatelessElement.update (package:flutter/src/widgets/framework.dart:5895)
I/flutter (27114): #5      Element.updateChild (package:flutter/src/widgets/framework.dart:4037)
I/flutter (27114): #6      Element.updateChildren (package:flutter/src/widgets/framework.dart:4191)
I/flutter (27114): #7      MultiChildRenderObjectElement.update (package:flutter/src/widgets/framework.dart:7295)
I/flutter (27114): #8      Element.updateChild (package:flutter/src/widgets/framework.dart:4037)
I/flutter (27114): #9      SingleChildRenderObjectElement.update (package:flutter/src/widgets/framework.dart:7122)
I/flutter (27114): #10     Element.updateChild (package:flutter/src/widgets/framework.dart:4037)
I/flutter (27114): #11     ComponentElement.performRebuild (package:flutter/src/widgets/framework.dart:5841)
I/flutter (27114): #12     Element.rebuild (package:flutter/src/widgets/framework.dart:5529)
I/flutter (27114): #13     StatelessElement.update (package:flutter/src/widgets/framework.dart:5895)
I/flutter (27114): #14     Element.updateChild (package:flutter/src/widgets/framework.dart:4037)
I/flutter (27114): #15     ComponentElement.performRebuild (package:flutter/src/widgets/framework.dart:5841)
I/flutter (27114): #16     Element.rebuild (package:flutter/src/widgets/framework.dart:5529)
I/flutter (27114): #17     ProxyElement.update (package:flutter/src/widgets/framework.dart:6149)
I/flutter (27114): #18     Element.updateChild (package:flutter/src/widgets/framework.dart:4037)
I/flutter (27114): #19     SingleChildRenderObjectElement.update (package:flutter/src/widgets/framework.dart:7122)
I/flutter (27114): #20     Element.updateChild (package:flutter/src/widgets/framework.dart:4037)
I/flutter (27114): #21     ComponentElement.performRebuild (package:flutter/src/widgets/framework.dart:5841)
I/flutter (27114): #22     Element.rebuild (package:flutter/src/widgets/framework.dart:5529)
I/flutter (27114): #23     StatelessElement.update (package:flutter/src/widgets/framework.dart:5895)
I/flutter (27114): #24     Element.updateChild (package:flutter/src/widgets/framework.dart:4037)
I/flutter (27114): #25     ComponentElement.performRebuild (package:flutter/src/widgets/framework.dart:5841)
I/flutter (27114): #26     Element.rebuild (package:flutter/src/widgets/framework.dart:5529)
I/flutter (27114): #27     StatelessElement.update (package:flutter/src/widgets/framework.dart:5895)
I/flutter (27114): #28     Element.updateChild (package:flutter/src/widgets/framework.dart:4037)
I/flutter (27114): #29     ComponentElement.performRebuild (package:flutter/src/widgets/framework.dart:5841)
I/flutter (27114): #30     Element.rebuild (package:flutter/src/widgets/framework.dart:5529)
I/flutter (27114): #31     StatelessElement.update (package:flutter/src/widgets/framework.dart:5895)
I/flutter (27114): #32     Element.updateChild (package:flutter/src/widgets/framework.dart:4037)
I/flutter (27114): #33     ComponentElement.performRebuild (package:flutter/src/widgets/framework.dart:5841)
I/flutter (27114): #34     Element.rebuild (package:flutter/src/widgets/framework.dart:5529)
I/flutter (27114): #35     ProxyElement.update (package:flutter/src/widgets/framework.dart:6149)
I/flutter (27114): #36     Element.updateChild (package:flutter/src/widgets/framework.dart:4037)
I/flutter (27114): #37     ComponentElement.performRebuild (package:flutter/src/widgets/framework.dart:5841)
I/flutter (27114): #38     Element.rebuild (package:flutter/src/widgets/framework.dart:5529)
I/flutter (27114): #39     ProxyElement.update (package:flutter/src/widgets/framework.dart:6149)
I/flutter (27114): #40     Element.updateChild (package:flutter/src/widgets/framework.dart:4037)
I/flutter (27114): #41     Element.updateChildren (package:flutter/src/widgets/framework.dart:4191)
I/flutter (27114): #42     MultiChildRenderObjectElement.update (package:flutter/src/widgets/framework.dart:7295)
I/flutter (27114): #43     Element.updateChild (package:flutter/src/widgets/framework.dart:4037)
I/flutter (27114): #44     ComponentElement.performRebuild (package:flutter/src/widgets/framework.dart:5841)
I/flutter (27114): #45     Element.rebuild (package:flutter/src/widgets/framework.dart:5529)
I/flutter (27114): #46     ProxyElement.update (package:flutter/src/widgets/framework.dart:6149)
I/flutter (27114): #47     Element.updateChild (package:flutter/src/widgets/framework.dart:4037)
I/flutter (27114): #48     ComponentElement.performRebuild (package:flutter/src/widgets/framework.dart:5841)
I/flutter (27114): #49     StatefulElement.performRebuild (package:flutter/src/widgets/framework.dart:5982)
I/flutter (27114): #50     Element.rebuild (package:flutter/src/widgets/framework.dart:5529)
I/flutter (27114): #51     StatefulElement.update (package:flutter/src/widgets/framework.dart:6007)
I/flutter (27114): #52     Element.updateChild (package:flutter/src/widgets/framework.dart:4037)
I/flutter (27114): #53     ComponentElement.performRebuild (package:flutter/src/widgets/framework.dart:5841)
I/flutter (27114): #54     Element.rebuild (package:flutter/src/widgets/framework.dart:5529)
I/flutter (27114): #55     StatelessElement.update (package:flutter/src/widgets/framework.dart:5895)
I/flutter (27114): #56     Element.updateChild (package:flutter/src/widgets/framework.dart:4037)
I/flutter (27114): #57     ComponentElement.performRebuild (package:flutter/src/widgets/framework.dart:5841)
I/flutter (27114): #58     Element.rebuild (package:flutter/src/widgets/framework.dart:5529)
I/flutter (27114): #59     ProxyElement.update (package:flutter/src/widgets/framework.dart:6149)
I/flutter (27114): #60     Element.updateChild (package:flutter/src/widgets/framework.dart:4037)
I/flutter (27114): #61     ComponentElement.performRebuild (package:flutter/src/widgets/framework.dart:5841)
I/flutter (27114): #62     StatefulElement.performRebuild (package:flutter/src/widgets/framework.dart:5982)
I/flutter (27114): #63     Element.rebuild (package:flutter/src/widgets/framework.dart:5529)
I/flutter (27114): #64     StatefulElement.update (package:flutter/src/widgets/framework.dart:6007)
I/flutter (27114): #65     Element.updateChild (package:flutter/src/widgets/framework.dart:4037)
I/flutter (27114): #66     SingleChildRenderObjectElement.update (package:flutter/src/widgets/framework.dart:7122)
I/flutter (27114): #67     Element.updateChild (package:flutter/src/widgets/framework.dart:4037)
I/flutter (27114): #68     ComponentElement.performRebuild (package:flutter/src/widgets/framework.dart:5841)
I/flutter (27114): #69     Element.rebuild (package:flutter/src/widgets/framework.dart:5529)
I/flutter (27114): #70     ProxyElement.update (package:flutter/src/widgets/framework.dart:6149)
I/flutter (27114): #71     Element.updateChild (package:flutter/src/widgets/framework.dart:4037)
I/flutter (27114): #72     SingleChildRenderObjectElement.update (package:flutter/src/widgets/framework.dart:7122)
I/flutter (27114): #73     Element.updateChild (package:flutter/src/widgets/framework.dart:4037)
I/flutter (27114): #74     ComponentElement.performRebuild (package:flutter/src/widgets/framework.dart:5841)
I/flutter (27114): #75     StatefulElement.performRebuild (package:flutter/src/widgets/framework.dart:5982)
I/flutter (27114): #76     Element.rebuild (package:flutter/src/widgets/framework.dart:5529)
I/flutter (27114): #77     StatefulElement.update (package:flutter/src/widgets/framework.dart:6007)
I/flutter (27114): #78     Element.updateChild (package:flutter/src/widgets/framework.dart:4037)
I/flutter (27114): #79     ComponentElement.performRebuild (package:flutter/src/widgets/framework.dart:5841)
I/flutter (27114): #80     StatefulElement.performRebuild (package:flutter/src/widgets/framework.dart:5982)
I/flutter (27114): #81     Element.rebuild (package:flutter/src/widgets/framework.dart:5529)
I/flutter (27114): #82     StatefulElement.update (package:flutter/src/widgets/framework.dart:6007)
I/flutter (27114): #83     Element.updateChild (package:flutter/src/widgets/framework.dart:4037)
I/flutter (27114): #84     ComponentElement.performRebuild (package:flutter/src/widgets/framework.dart:5841)
I/flutter (27114): #85     Element.rebuild (package:flutter/src/widgets/framework.dart:5529)
I/flutter (27114): #86     ProxyElement.update (package:flutter/src/widgets/framework.dart:6149)
I/flutter (27114): #87     Element.updateChild (package:flutter/src/widgets/framework.dart:4037)
I/flutter (27114): #88     ComponentElement.performRebuild (package:flutter/src/widgets/framework.dart:5841)
I/flutter (27114): #89     Element.rebuild (package:flutter/src/widgets/framework.dart:5529)
I/flutter (27114): #90     ProxyElement.update (package:flutter/src/widgets/framework.dart:6149)
I/flutter (27114): #91     Element.updateChild (package:flutter/src/widgets/framework.dart:4037)
I/flutter (27114): #92     ComponentElement.performRebuild (package:flutter/src/widgets/framework.dart:5841)
I/flutter (27114): #93     Element.rebuild (package:flutter/src/widgets/framework.dart:5529)
I/flutter (27114): #94     ProxyElement.update (package:flutter/src/widgets/framework.dart:6149)
I/flutter (27114): #95     Element.updateChild (package:flutter/src/widgets/framework.dart:4037)
I/flutter (27114): #96     ComponentElement.performRebuild (package:flutter/src/widgets/framework.dart:5841)
I/flutter (27114): #97     StatefulElement.performRebuild (package:flutter/src/widgets/framework.dart:5982)
I/flutter (27114): #98     Element.rebuild (package:flutter/src/widgets/framework.dart:5529)
I/flutter (27114): #99     StatefulElement.update (package:flutter/src/widgets/framework.dart:6007)
I/flutter (27114): [SPM:perf] 698a51a  buildSpan: 10722µs
I/flutter (27114): [spm] Performance monitoring completed for 698a51a
[spm]: ProfilerData event received.
I/flutter (27114): type '_Stub' is not a subtype of type 'EdgeInsetsGeometry?'
I/flutter (27114): #0      TextBox.build (package:benchmark_container/generated_widget.dart:184)
I/flutter (27114): #1      StatelessElement.build (package:flutter/src/widgets/framework.dart:5889)
I/flutter (27114): #2      ComponentElement.performRebuild (package:flutter/src/widgets/framework.dart:5817)
I/flutter (27114): #3      Element.rebuild (package:flutter/src/widgets/framework.dart:5529)
I/flutter (27114): #4      StatelessElement.update (package:flutter/src/widgets/framework.dart:5895)
I/flutter (27114): #5      Element.updateChild (package:flutter/src/widgets/framework.dart:4037)
I/flutter (27114): #6      Element.updateChildren (package:flutter/src/widgets/framework.dart:4191)
I/flutter (27114): #7      MultiChildRenderObjectElement.update (package:flutter/src/widgets/framework.dart:7295)
I/flutter (27114): #8      Element.updateChild (package:flutter/src/widgets/framework.dart:4037)
I/flutter (27114): #9      SingleChildRenderObjectElement.update (package:flutter/src/widgets/framework.dart:7122)
I/flutter (27114): #10     Element.updateChild (package:flutter/src/widgets/framework.dart:4037)
I/flutter (27114): #11     ComponentElement.performRebuild (package:flutter/src/widgets/framework.dart:5841)
I/flutter (27114): #12     Element.rebuild (package:flutter/src/widgets/framework.dart:5529)
I/flutter (27114): #13     StatelessElement.update (package:flutter/src/widgets/framework.dart:5895)
I/flutter (27114): #14     Element.updateChild (package:flutter/src/widgets/framework.dart:4037)
I/flutter (27114): #15     ComponentElement.performRebuild (package:flutter/src/widgets/framework.dart:5841)
I/flutter (27114): #16     Element.rebuild (package:flutter/src/widgets/framework.dart:5529)
I/flutter (27114): #17     ProxyElement.update (package:flutter/src/widgets/framework.dart:6149)
I/flutter (27114): #18     Element.updateChild (package:flutter/src/widgets/framework.dart:4037)
I/flutter (27114): #19     SingleChildRenderObjectElement.update (package:flutter/src/widgets/framework.dart:7122)
I/flutter (27114): #20     Element.updateChild (package:flutter/src/widgets/framework.dart:4037)
I/flutter (27114): #21     ComponentElement.performRebuild (package:flutter/src/widgets/framework.dart:5841)
I/flutter (27114): #22     Element.rebuild (package:flutter/src/widgets/framework.dart:5529)
I/flutter (27114): #23     StatelessElement.update (package:flutter/src/widgets/framework.dart:5895)
I/flutter (27114): #24     Element.updateChild (package:flutter/src/widgets/framework.dart:4037)
I/flutter (27114): #25     ComponentElement.performRebuild (package:flutter/src/widgets/framework.dart:5841)
I/flutter (27114): #26     Element.rebuild (package:flutter/src/widgets/framework.dart:5529)
I/flutter (27114): #27     StatelessElement.update (package:flutter/src/widgets/framework.dart:5895)
I/flutter (27114): #28     Element.updateChild (package:flutter/src/widgets/framework.dart:4037)
I/flutter (27114): #29     ComponentElement.performRebuild (package:flutter/src/widgets/framework.dart:5841)
I/flutter (27114): #30     Element.rebuild (package:flutter/src/widgets/framework.dart:5529)
I/flutter (27114): #31     StatelessElement.update (package:flutter/src/widgets/framework.dart:5895)
I/flutter (27114): #32     Element.updateChild (package:flutter/src/widgets/framework.dart:4037)
I/flutter (27114): #33     ComponentElement.performRebuild (package:flutter/src/widgets/framework.dart:5841)
I/flutter (27114): #34     Element.rebuild (package:flutter/src/widgets/framework.dart:5529)
I/flutter (27114): #35     ProxyElement.update (package:flutter/src/widgets/framework.dart:6149)
I/flutter (27114): #36     Element.updateChild (package:flutter/src/widgets/framework.dart:4037)
I/flutter (27114): #37     ComponentElement.performRebuild (package:flutter/src/widgets/framework.dart:5841)
I/flutter (27114): #38     Element.rebuild (package:flutter/src/widgets/framework.dart:5529)
I/flutter (27114): #39     ProxyElement.update (package:flutter/src/widgets/framework.dart:6149)
I/flutter (27114): #40     Element.updateChild (package:flutter/src/widgets/framework.dart:4037)
I/flutter (27114): #41     Element.updateChildren (package:flutter/src/widgets/framework.dart:4191)
I/flutter (27114): #42     MultiChildRenderObjectElement.update (package:flutter/src/widgets/framework.dart:7295)
I/flutter (27114): #43     Element.updateChild (package:flutter/src/widgets/framework.dart:4037)
I/flutter (27114): #44     ComponentElement.performRebuild (package:flutter/src/widgets/framework.dart:5841)
I/flutter (27114): #45     Element.rebuild (package:flutter/src/widgets/framework.dart:5529)
I/flutter (27114): #46     ProxyElement.update (package:flutter/src/widgets/framework.dart:6149)
I/flutter (27114): #47     Element.updateChild (package:flutter/src/widgets/framework.dart:4037)
I/flutter (27114): #48     ComponentElement.performRebuild (package:flutter/src/widgets/framework.dart:5841)
I/flutter (27114): #49     StatefulElement.performRebuild (package:flutter/src/widgets/framework.dart:5982)
I/flutter (27114): #50     Element.rebuild (package:flutter/src/widgets/framework.dart:5529)
I/flutter (27114): #51     StatefulElement.update (package:flutter/src/widgets/framework.dart:6007)
I/flutter (27114): #52     Element.updateChild (package:flutter/src/widgets/framework.dart:4037)
I/flutter (27114): #53     ComponentElement.performRebuild (package:flutter/src/widgets/framework.dart:5841)
I/flutter (27114): #54     Element.rebuild (package:flutter/src/widgets/framework.dart:5529)
I/flutter (27114): #55     StatelessElement.update (package:flutter/src/widgets/framework.dart:5895)
I/flutter (27114): #56     Element.updateChild (package:flutter/src/widgets/framework.dart:4037)
I/flutter (27114): #57     ComponentElement.performRebuild (package:flutter/src/widgets/framework.dart:5841)
I/flutter (27114): #58     Element.rebuild (package:flutter/src/widgets/framework.dart:5529)
I/flutter (27114): #59     ProxyElement.update (package:flutter/src/widgets/framework.dart:6149)
I/flutter (27114): #60     Element.updateChild (package:flutter/src/widgets/framework.dart:4037)
I/flutter (27114): #61     ComponentElement.performRebuild (package:flutter/src/widgets/framework.dart:5841)
I/flutter (27114): #62     StatefulElement.performRebuild (package:flutter/src/widgets/framework.dart:5982)
I/flutter (27114): #63     Element.rebuild (package:flutter/src/widgets/framework.dart:5529)
I/flutter (27114): #64     StatefulElement.update (package:flutter/src/widgets/framework.dart:6007)
I/flutter (27114): #65     Element.updateChild (package:flutter/src/widgets/framework.dart:4037)
I/flutter (27114): #66     SingleChildRenderObjectElement.update (package:flutter/src/widgets/framework.dart:7122)
I/flutter (27114): #67     Element.updateChild (package:flutter/src/widgets/framework.dart:4037)
I/flutter (27114): #68     ComponentElement.performRebuild (package:flutter/src/widgets/framework.dart:5841)
I/flutter (27114): #69     Element.rebuild (package:flutter/src/widgets/framework.dart:5529)
I/flutter (27114): #70     ProxyElement.update (package:flutter/src/widgets/framework.dart:6149)
I/flutter (27114): #71     Element.updateChild (package:flutter/src/widgets/framework.dart:4037)
I/flutter (27114): #72     SingleChildRenderObjectElement.update (package:flutter/src/widgets/framework.dart:7122)
I/flutter (27114): #73     Element.updateChild (package:flutter/src/widgets/framework.dart:4037)
I/flutter (27114): #74     ComponentElement.performRebuild (package:flutter/src/widgets/framework.dart:5841)
I/flutter (27114): #75     StatefulElement.performRebuild (package:flutter/src/widgets/framework.dart:5982)
I/flutter (27114): #76     Element.rebuild (package:flutter/src/widgets/framework.dart:5529)
I/flutter (27114): #77     StatefulElement.update (package:flutter/src/widgets/framework.dart:6007)
I/flutter (27114): #78     Element.updateChild (package:flutter/src/widgets/framework.dart:4037)
I/flutter (27114): #79     ComponentElement.performRebuild (package:flutter/src/widgets/framework.dart:5841)
I/flutter (27114): #80     StatefulElement.performRebuild (package:flutter/src/widgets/framework.dart:5982)
I/flutter (27114): #81     Element.rebuild (package:flutter/src/widgets/framework.dart:5529)
I/flutter (27114): #82     StatefulElement.update (package:flutter/src/widgets/framework.dart:6007)
I/flutter (27114): #83     Element.updateChild (package:flutter/src/widgets/framework.dart:4037)
I/flutter (27114): #84     ComponentElement.performRebuild (package:flutter/src/widgets/framework.dart:5841)
I/flutter (27114): #85     Element.rebuild (package:flutter/src/widgets/framework.dart:5529)
I/flutter (27114): #86     ProxyElement.update (package:flutter/src/widgets/framework.dart:6149)
I/flutter (27114): #87     Element.updateChild (package:flutter/src/widgets/framework.dart:4037)
I/flutter (27114): #88     ComponentElement.performRebuild (package:flutter/src/widgets/framework.dart:5841)
I/flutter (27114): #89     Element.rebuild (package:flutter/src/widgets/framework.dart:5529)
I/flutter (27114): #90     ProxyElement.update (package:flutter/src/widgets/framework.dart:6149)
I/flutter (27114): #91     Element.updateChild (package:flutter/src/widgets/framework.dart:4037)
I/flutter (27114): #92     ComponentElement.performRebuild (package:flutter/src/widgets/framework.dart:5841)
I/flutter (27114): #93     Element.rebuild (package:flutter/src/widgets/framework.dart:5529)
I/flutter (27114): #94     ProxyElement.update (package:flutter/src/widgets/framework.dart:6149)
I/flutter (27114): #95     Element.updateChild (package:flutter/src/widgets/framework.dart:4037)
I/flutter (27114): #96     ComponentElement.performRebuild (package:flutter/src/widgets/framework.dart:5841)
I/flutter (27114): #97     StatefulElement.performRebuild (package:flutter/src/widgets/framework.dart:5982)
I/flutter (27114): #98     Element.rebuild (package:flutter/src/widgets/framework.dart:5529)
I/flutter (27114): #99     StatefulElement.update (package:flutter/src/widgets/framework.dart:6007)
I/flutter (27114): [SPM:perf] 698a51a  buildSpan: 10278µs
[spm]: ProfilerData event received.
I/flutter (27114): [spm] Performance monitoring completed for 698a51a
I/flutter (27114): type '_Stub' is not a subtype of type 'EdgeInsetsGeometry?'
I/flutter (27114): #0      TextBox.build (package:benchmark_container/generated_widget.dart:184)
I/flutter (27114): #1      StatelessElement.build (package:flutter/src/widgets/framework.dart:5889)
I/flutter (27114): #2      ComponentElement.performRebuild (package:flutter/src/widgets/framework.dart:5817)
I/flutter (27114): #3      Element.rebuild (package:flutter/src/widgets/framework.dart:5529)
I/flutter (27114): #4      StatelessElement.update (package:flutter/src/widgets/framework.dart:5895)
I/flutter (27114): #5      Element.updateChild (package:flutter/src/widgets/framework.dart:4037)
I/flutter (27114): #6      Element.updateChildren (package:flutter/src/widgets/framework.dart:4191)
I/flutter (27114): #7      MultiChildRenderObjectElement.update (package:flutter/src/widgets/framework.dart:7295)
I/flutter (27114): #8      Element.updateChild (package:flutter/src/widgets/framework.dart:4037)
I/flutter (27114): #9      SingleChildRenderObjectElement.update (package:flutter/src/widgets/framework.dart:7122)
I/flutter (27114): #10     Element.updateChild (package:flutter/src/widgets/framework.dart:4037)
I/flutter (27114): #11     ComponentElement.performRebuild (package:flutter/src/widgets/framework.dart:5841)
I/flutter (27114): #12     Element.rebuild (package:flutter/src/widgets/framework.dart:5529)
I/flutter (27114): #13     StatelessElement.update (package:flutter/src/widgets/framework.dart:5895)
I/flutter (27114): #14     Element.updateChild (package:flutter/src/widgets/framework.dart:4037)
I/flutter (27114): #15     ComponentElement.performRebuild (package:flutter/src/widgets/framework.dart:5841)
I/flutter (27114): #16     Element.rebuild (package:flutter/src/widgets/framework.dart:5529)
I/flutter (27114): #17     ProxyElement.update (package:flutter/src/widgets/framework.dart:6149)
I/flutter (27114): #18     Element.updateChild (package:flutter/src/widgets/framework.dart:4037)
I/flutter (27114): #19     SingleChildRenderObjectElement.update (package:flutter/src/widgets/framework.dart:7122)
I/flutter (27114): #20     Element.updateChild (package:flutter/src/widgets/framework.dart:4037)
I/flutter (27114): #21     ComponentElement.performRebuild (package:flutter/src/widgets/framework.dart:5841)
I/flutter (27114): #22     Element.rebuild (package:flutter/src/widgets/framework.dart:5529)
I/flutter (27114): #23     StatelessElement.update (package:flutter/src/widgets/framework.dart:5895)
I/flutter (27114): #24     Element.updateChild (package:flutter/src/widgets/framework.dart:4037)
I/flutter (27114): #25     ComponentElement.performRebuild (package:flutter/src/widgets/framework.dart:5841)
I/flutter (27114): #26     Element.rebuild (package:flutter/src/widgets/framework.dart:5529)
I/flutter (27114): #27     StatelessElement.update (package:flutter/src/widgets/framework.dart:5895)
I/flutter (27114): #28     Element.updateChild (package:flutter/src/widgets/framework.dart:4037)
I/flutter (27114): #29     ComponentElement.performRebuild (package:flutter/src/widgets/framework.dart:5841)
I/flutter (27114): #30     Element.rebuild (package:flutter/src/widgets/framework.dart:5529)
I/flutter (27114): #31     StatelessElement.update (package:flutter/src/widgets/framework.dart:5895)
I/flutter (27114): #32     Element.updateChild (package:flutter/src/widgets/framework.dart:4037)
I/flutter (27114): #33     ComponentElement.performRebuild (package:flutter/src/widgets/framework.dart:5841)
I/flutter (27114): #34     Element.rebuild (package:flutter/src/widgets/framework.dart:5529)
I/flutter (27114): #35     ProxyElement.update (package:flutter/src/widgets/framework.dart:6149)
I/flutter (27114): #36     Element.updateChild (package:flutter/src/widgets/framework.dart:4037)
I/flutter (27114): #37     ComponentElement.performRebuild (package:flutter/src/widgets/framework.dart:5841)
I/flutter (27114): #38     Element.rebuild (package:flutter/src/widgets/framework.dart:5529)
I/flutter (27114): #39     ProxyElement.update (package:flutter/src/widgets/framework.dart:6149)
I/flutter (27114): #40     Element.updateChild (package:flutter/src/widgets/framework.dart:4037)
I/flutter (27114): #41     Element.updateChildren (package:flutter/src/widgets/framework.dart:4191)
I/flutter (27114): #42     MultiChildRenderObjectElement.update (package:flutter/src/widgets/framework.dart:7295)
I/flutter (27114): #43     Element.updateChild (package:flutter/src/widgets/framework.dart:4037)
I/flutter (27114): #44     ComponentElement.performRebuild (package:flutter/src/widgets/framework.dart:5841)
I/flutter (27114): #45     Element.rebuild (package:flutter/src/widgets/framework.dart:5529)
I/flutter (27114): #46     ProxyElement.update (package:flutter/src/widgets/framework.dart:6149)
I/flutter (27114): #47     Element.updateChild (package:flutter/src/widgets/framework.dart:4037)
I/flutter (27114): #48     ComponentElement.performRebuild (package:flutter/src/widgets/framework.dart:5841)
I/flutter (27114): #49     StatefulElement.performRebuild (package:flutter/src/widgets/framework.dart:5982)
I/flutter (27114): #50     Element.rebuild (package:flutter/src/widgets/framework.dart:5529)
I/flutter (27114): #51     StatefulElement.update (package:flutter/src/widgets/framework.dart:6007)
I/flutter (27114): #52     Element.updateChild (package:flutter/src/widgets/framework.dart:4037)
I/flutter (27114): #53     ComponentElement.performRebuild (package:flutter/src/widgets/framework.dart:5841)
I/flutter (27114): #54     Element.rebuild (package:flutter/src/widgets/framework.dart:5529)
I/flutter (27114): #55     StatelessElement.update (package:flutter/src/widgets/framework.dart:5895)
I/flutter (27114): #56     Element.updateChild (package:flutter/src/widgets/framework.dart:4037)
I/flutter (27114): #57     ComponentElement.performRebuild (package:flutter/src/widgets/framework.dart:5841)
I/flutter (27114): #58     Element.rebuild (package:flutter/src/widgets/framework.dart:5529)
I/flutter (27114): #59     ProxyElement.update (package:flutter/src/widgets/framework.dart:6149)
I/flutter (27114): #60     Element.updateChild (package:flutter/src/widgets/framework.dart:4037)
I/flutter (27114): #61     ComponentElement.performRebuild (package:flutter/src/widgets/framework.dart:5841)
I/flutter (27114): #62     StatefulElement.performRebuild (package:flutter/src/widgets/framework.dart:5982)
I/flutter (27114): #63     Element.rebuild (package:flutter/src/widgets/framework.dart:5529)
I/flutter (27114): #64     StatefulElement.update (package:flutter/src/widgets/framework.dart:6007)
I/flutter (27114): #65     Element.updateChild (package:flutter/src/widgets/framework.dart:4037)
I/flutter (27114): #66     SingleChildRenderObjectElement.update (package:flutter/src/widgets/framework.dart:7122)
I/flutter (27114): #67     Element.updateChild (package:flutter/src/widgets/framework.dart:4037)
I/flutter (27114): #68     ComponentElement.performRebuild (package:flutter/src/widgets/framework.dart:5841)
I/flutter (27114): #69     Element.rebuild (package:flutter/src/widgets/framework.dart:5529)
I/flutter (27114): #70     ProxyElement.update (package:flutter/src/widgets/framework.dart:6149)
I/flutter (27114): #71     Element.updateChild (package:flutter/src/widgets/framework.dart:4037)
I/flutter (27114): #72     SingleChildRenderObjectElement.update (package:flutter/src/widgets/framework.dart:7122)
I/flutter (27114): #73     Element.updateChild (package:flutter/src/widgets/framework.dart:4037)
I/flutter (27114): #74     ComponentElement.performRebuild (package:flutter/src/widgets/framework.dart:5841)
I/flutter (27114): #75     StatefulElement.performRebuild (package:flutter/src/widgets/framework.dart:5982)
I/flutter (27114): #76     Element.rebuild (package:flutter/src/widgets/framework.dart:5529)
I/flutter (27114): #77     StatefulElement.update (package:flutter/src/widgets/framework.dart:6007)
I/flutter (27114): #78     Element.updateChild (package:flutter/src/widgets/framework.dart:4037)
I/flutter (27114): #79     ComponentElement.performRebuild (package:flutter/src/widgets/framework.dart:5841)
I/flutter (27114): #80     StatefulElement.performRebuild (package:flutter/src/widgets/framework.dart:5982)
I/flutter (27114): #81     Element.rebuild (package:flutter/src/widgets/framework.dart:5529)
I/flutter (27114): #82     StatefulElement.update (package:flutter/src/widgets/framework.dart:6007)
I/flutter (27114): #83     Element.updateChild (package:flutter/src/widgets/framework.dart:4037)
I/flutter (27114): #84     ComponentElement.performRebuild (package:flutter/src/widgets/framework.dart:5841)
I/flutter (27114): #85     Element.rebuild (package:flutter/src/widgets/framework.dart:5529)
I/flutter (27114): #86     ProxyElement.update (package:flutter/src/widgets/framework.dart:6149)
I/flutter (27114): #87     Element.updateChild (package:flutter/src/widgets/framework.dart:4037)
I/flutter (27114): #88     ComponentElement.performRebuild (package:flutter/src/widgets/framework.dart:5841)
I/flutter (27114): #89     Element.rebuild (package:flutter/src/widgets/framework.dart:5529)
I/flutter (27114): #90     ProxyElement.update (package:flutter/src/widgets/framework.dart:6149)
I/flutter (27114): #91     Element.updateChild (package:flutter/src/widgets/framework.dart:4037)
I/flutter (27114): #92     ComponentElement.performRebuild (package:flutter/src/widgets/framework.dart:5841)
I/flutter (27114): #93     Element.rebuild (package:flutter/src/widgets/framework.dart:5529)
I/flutter (27114): #94     ProxyElement.update (package:flutter/src/widgets/framework.dart:6149)
I/flutter (27114): #95     Element.updateChild (package:flutter/src/widgets/framework.dart:4037)
I/flutter (27114): #96     ComponentElement.performRebuild (package:flutter/src/widgets/framework.dart:5841)
I/flutter (27114): #97     StatefulElement.performRebuild (package:flutter/src/widgets/framework.dart:5982)
I/flutter (27114): #98     Element.rebuild (package:flutter/src/widgets/framework.dart:5529)
I/flutter (27114): #99     StatefulElement.update (package:flutter/src/widgets/framework.dart:6007)
[spm]: ProfilerData event received.
I/flutter (27114): [SPM:perf] 698a51a  buildSpan: 10683µs
I/flutter (27114): [spm] Performance monitoring completed for 698a51a
I/flutter (27114): type '_Stub' is not a subtype of type 'EdgeInsetsGeometry?'
I/flutter (27114): #0      TextBox.build (package:benchmark_container/generated_widget.dart:184)
I/flutter (27114): #1      StatelessElement.build (package:flutter/src/widgets/framework.dart:5889)
I/flutter (27114): #2      ComponentElement.performRebuild (package:flutter/src/widgets/framework.dart:5817)
I/flutter (27114): #3      Element.rebuild (package:flutter/src/widgets/framework.dart:5529)
I/flutter (27114): #4      StatelessElement.update (package:flutter/src/widgets/framework.dart:5895)
I/flutter (27114): #5      Element.updateChild (package:flutter/src/widgets/framework.dart:4037)
I/flutter (27114): #6      Element.updateChildren (package:flutter/src/widgets/framework.dart:4191)
I/flutter (27114): #7      MultiChildRenderObjectElement.update (package:flutter/src/widgets/framework.dart:7295)
I/flutter (27114): #8      Element.updateChild (package:flutter/src/widgets/framework.dart:4037)
I/flutter (27114): #9      SingleChildRenderObjectElement.update (package:flutter/src/widgets/framework.dart:7122)
I/flutter (27114): #10     Element.updateChild (package:flutter/src/widgets/framework.dart:4037)
I/flutter (27114): #11     ComponentElement.performRebuild (package:flutter/src/widgets/framework.dart:5841)
I/flutter (27114): #12     Element.rebuild (package:flutter/src/widgets/framework.dart:5529)
I/flutter (27114): #13     StatelessElement.update (package:flutter/src/widgets/framework.dart:5895)
I/flutter (27114): #14     Element.updateChild (package:flutter/src/widgets/framework.dart:4037)
I/flutter (27114): #15     ComponentElement.performRebuild (package:flutter/src/widgets/framework.dart:5841)
I/flutter (27114): #16     Element.rebuild (package:flutter/src/widgets/framework.dart:5529)
I/flutter (27114): #17     ProxyElement.update (package:flutter/src/widgets/framework.dart:6149)
I/flutter (27114): #18     Element.updateChild (package:flutter/src/widgets/framework.dart:4037)
I/flutter (27114): #19     SingleChildRenderObjectElement.update (package:flutter/src/widgets/framework.dart:7122)
I/flutter (27114): #20     Element.updateChild (package:flutter/src/widgets/framework.dart:4037)
I/flutter (27114): #21     ComponentElement.performRebuild (package:flutter/src/widgets/framework.dart:5841)
I/flutter (27114): #22     Element.rebuild (package:flutter/src/widgets/framework.dart:5529)
I/flutter (27114): #23     StatelessElement.update (package:flutter/src/widgets/framework.dart:5895)
I/flutter (27114): #24     Element.updateChild (package:flutter/src/widgets/framework.dart:4037)
I/flutter (27114): #25     ComponentElement.performRebuild (package:flutter/src/widgets/framework.dart:5841)
I/flutter (27114): #26     Element.rebuild (package:flutter/src/widgets/framework.dart:5529)
I/flutter (27114): #27     StatelessElement.update (package:flutter/src/widgets/framework.dart:5895)
I/flutter (27114): #28     Element.updateChild (package:flutter/src/widgets/framework.dart:4037)
I/flutter (27114): #29     ComponentElement.performRebuild (package:flutter/src/widgets/framework.dart:5841)
I/flutter (27114): #30     Element.rebuild (package:flutter/src/widgets/framework.dart:5529)
I/flutter (27114): #31     StatelessElement.update (package:flutter/src/widgets/framework.dart:5895)
I/flutter (27114): #32     Element.updateChild (package:flutter/src/widgets/framework.dart:4037)
I/flutter (27114): #33     ComponentElement.performRebuild (package:flutter/src/widgets/framework.dart:5841)
I/flutter (27114): #34     Element.rebuild (package:flutter/src/widgets/framework.dart:5529)
I/flutter (27114): #35     ProxyElement.update (package:flutter/src/widgets/framework.dart:6149)
I/flutter (27114): #36     Element.updateChild (package:flutter/src/widgets/framework.dart:4037)
I/flutter (27114): #37     ComponentElement.performRebuild (package:flutter/src/widgets/framework.dart:5841)
I/flutter (27114): #38     Element.rebuild (package:flutter/src/widgets/framework.dart:5529)
I/flutter (27114): #39     ProxyElement.update (package:flutter/src/widgets/framework.dart:6149)
I/flutter (27114): #40     Element.updateChild (package:flutter/src/widgets/framework.dart:4037)
I/flutter (27114): #41     Element.updateChildren (package:flutter/src/widgets/framework.dart:4191)
I/flutter (27114): #42     MultiChildRenderObjectElement.update (package:flutter/src/widgets/framework.dart:7295)
I/flutter (27114): #43     Element.updateChild (package:flutter/src/widgets/framework.dart:4037)
I/flutter (27114): #44     ComponentElement.performRebuild (package:flutter/src/widgets/framework.dart:5841)
I/flutter (27114): #45     Element.rebuild (package:flutter/src/widgets/framework.dart:5529)
I/flutter (27114): #46     ProxyElement.update (package:flutter/src/widgets/framework.dart:6149)
I/flutter (27114): #47     Element.updateChild (package:flutter/src/widgets/framework.dart:4037)
I/flutter (27114): #48     ComponentElement.performRebuild (package:flutter/src/widgets/framework.dart:5841)
I/flutter (27114): #49     StatefulElement.performRebuild (package:flutter/src/widgets/framework.dart:5982)
I/flutter (27114): #50     Element.rebuild (package:flutter/src/widgets/framework.dart:5529)
I/flutter (27114): #51     StatefulElement.update (package:flutter/src/widgets/framework.dart:6007)
I/flutter (27114): #52     Element.updateChild (package:flutter/src/widgets/framework.dart:4037)
I/flutter (27114): #53     ComponentElement.performRebuild (package:flutter/src/widgets/framework.dart:5841)
I/flutter (27114): #54     Element.rebuild (package:flutter/src/widgets/framework.dart:5529)
I/flutter (27114): #55     StatelessElement.update (package:flutter/src/widgets/framework.dart:5895)
I/flutter (27114): #56     Element.updateChild (package:flutter/src/widgets/framework.dart:4037)
I/flutter (27114): #57     ComponentElement.performRebuild (package:flutter/src/widgets/framework.dart:5841)
I/flutter (27114): #58     Element.rebuild (package:flutter/src/widgets/framework.dart:5529)
I/flutter (27114): #59     ProxyElement.update (package:flutter/src/widgets/framework.dart:6149)
I/flutter (27114): #60     Element.updateChild (package:flutter/src/widgets/framework.dart:4037)
I/flutter (27114): #61     ComponentElement.performRebuild (package:flutter/src/widgets/framework.dart:5841)
I/flutter (27114): #62     StatefulElement.performRebuild (package:flutter/src/widgets/framework.dart:5982)
I/flutter (27114): #63     Element.rebuild (package:flutter/src/widgets/framework.dart:5529)
I/flutter (27114): #64     StatefulElement.update (package:flutter/src/widgets/framework.dart:6007)
I/flutter (27114): #65     Element.updateChild (package:flutter/src/widgets/framework.dart:4037)
I/flutter (27114): #66     SingleChildRenderObjectElement.update (package:flutter/src/widgets/framework.dart:7122)
I/flutter (27114): #67     Element.updateChild (package:flutter/src/widgets/framework.dart:4037)
I/flutter (27114): #68     ComponentElement.performRebuild (package:flutter/src/widgets/framework.dart:5841)
I/flutter (27114): #69     Element.rebuild (package:flutter/src/widgets/framework.dart:5529)
I/flutter (27114): #70     ProxyElement.update (package:flutter/src/widgets/framework.dart:6149)
I/flutter (27114): #71     Element.updateChild (package:flutter/src/widgets/framework.dart:4037)
I/flutter (27114): #72     SingleChildRenderObjectElement.update (package:flutter/src/widgets/framework.dart:7122)
I/flutter (27114): #73     Element.updateChild (package:flutter/src/widgets/framework.dart:4037)
I/flutter (27114): #74     ComponentElement.performRebuild (package:flutter/src/widgets/framework.dart:5841)
I/flutter (27114): #75     StatefulElement.performRebuild (package:flutter/src/widgets/framework.dart:5982)
I/flutter (27114): #76     Element.rebuild (package:flutter/src/widgets/framework.dart:5529)
I/flutter (27114): #77     StatefulElement.update (package:flutter/src/widgets/framework.dart:6007)
I/flutter (27114): #78     Element.updateChild (package:flutter/src/widgets/framework.dart:4037)
I/flutter (27114): #79     ComponentElement.performRebuild (package:flutter/src/widgets/framework.dart:5841)
I/flutter (27114): #80     StatefulElement.performRebuild (package:flutter/src/widgets/framework.dart:5982)
I/flutter (27114): #81     Element.rebuild (package:flutter/src/widgets/framework.dart:5529)
I/flutter (27114): #82     StatefulElement.update (package:flutter/src/widgets/framework.dart:6007)
I/flutter (27114): #83     Element.updateChild (package:flutter/src/widgets/framework.dart:4037)
I/flutter (27114): #84     ComponentElement.performRebuild (package:flutter/src/widgets/framework.dart:5841)
I/flutter (27114): #85     Element.rebuild (package:flutter/src/widgets/framework.dart:5529)
I/flutter (27114): #86     ProxyElement.update (package:flutter/src/widgets/framework.dart:6149)
I/flutter (27114): #87     Element.updateChild (package:flutter/src/widgets/framework.dart:4037)
I/flutter (27114): #88     ComponentElement.performRebuild (package:flutter/src/widgets/framework.dart:5841)
I/flutter (27114): #89     Element.rebuild (package:flutter/src/widgets/framework.dart:5529)
I/flutter (27114): #90     ProxyElement.update (package:flutter/src/widgets/framework.dart:6149)
I/flutter (27114): #91     Element.updateChild (package:flutter/src/widgets/framework.dart:4037)
I/flutter (27114): #92     ComponentElement.performRebuild (package:flutter/src/widgets/framework.dart:5841)
I/flutter (27114): #93     Element.rebuild (package:flutter/src/widgets/framework.dart:5529)
I/flutter (27114): #94     ProxyElement.update (package:flutter/src/widgets/framework.dart:6149)
I/flutter (27114): #95     Element.updateChild (package:flutter/src/widgets/framework.dart:4037)
I/flutter (27114): #96     ComponentElement.performRebuild (package:flutter/src/widgets/framework.dart:5841)
I/flutter (27114): #97     StatefulElement.performRebuild (package:flutter/src/widgets/framework.dart:5982)
I/flutter (27114): #98     Element.rebuild (package:flutter/src/widgets/framework.dart:5529)
I/flutter (27114): #99     StatefulElement.update (package:flutter/src/widgets/framework.dart:6007)
[spm]: ProfilerData event received.
I/flutter (27114): [SPM:perf] 698a51a  buildSpan: 10697µs
I/flutter (27114): [spm] Performance monitoring completed for 698a51a
I/flutter (27114): type '_Stub' is not a subtype of type 'EdgeInsetsGeometry?'
I/flutter (27114): #0      TextBox.build (package:benchmark_container/generated_widget.dart:184)
I/flutter (27114): #1      StatelessElement.build (package:flutter/src/widgets/framework.dart:5889)
I/flutter (27114): #2      ComponentElement.performRebuild (package:flutter/src/widgets/framework.dart:5817)
I/flutter (27114): #3      Element.rebuild (package:flutter/src/widgets/framework.dart:5529)
I/flutter (27114): #4      StatelessElement.update (package:flutter/src/widgets/framework.dart:5895)
I/flutter (27114): #5      Element.updateChild (package:flutter/src/widgets/framework.dart:4037)
I/flutter (27114): #6      Element.updateChildren (package:flutter/src/widgets/framework.dart:4191)
I/flutter (27114): #7      MultiChildRenderObjectElement.update (package:flutter/src/widgets/framework.dart:7295)
I/flutter (27114): #8      Element.updateChild (package:flutter/src/widgets/framework.dart:4037)
I/flutter (27114): #9      SingleChildRenderObjectElement.update (package:flutter/src/widgets/framework.dart:7122)
I/flutter (27114): #10     Element.updateChild (package:flutter/src/widgets/framework.dart:4037)
I/flutter (27114): #11     ComponentElement.performRebuild (package:flutter/src/widgets/framework.dart:5841)
I/flutter (27114): #12     Element.rebuild (package:flutter/src/widgets/framework.dart:5529)
I/flutter (27114): #13     StatelessElement.update (package:flutter/src/widgets/framework.dart:5895)
I/flutter (27114): #14     Element.updateChild (package:flutter/src/widgets/framework.dart:4037)
I/flutter (27114): #15     ComponentElement.performRebuild (package:flutter/src/widgets/framework.dart:5841)
I/flutter (27114): #16     Element.rebuild (package:flutter/src/widgets/framework.dart:5529)
I/flutter (27114): #17     ProxyElement.update (package:flutter/src/widgets/framework.dart:6149)
I/flutter (27114): #18     Element.updateChild (package:flutter/src/widgets/framework.dart:4037)
I/flutter (27114): #19     SingleChildRenderObjectElement.update (package:flutter/src/widgets/framework.dart:7122)
I/flutter (27114): #20     Element.updateChild (package:flutter/src/widgets/framework.dart:4037)
I/flutter (27114): #21     ComponentElement.performRebuild (package:flutter/src/widgets/framework.dart:5841)
I/flutter (27114): #22     Element.rebuild (package:flutter/src/widgets/framework.dart:5529)
I/flutter (27114): #23     StatelessElement.update (package:flutter/src/widgets/framework.dart:5895)
I/flutter (27114): #24     Element.updateChild (package:flutter/src/widgets/framework.dart:4037)
I/flutter (27114): #25     ComponentElement.performRebuild (package:flutter/src/widgets/framework.dart:5841)
I/flutter (27114): #26     Element.rebuild (package:flutter/src/widgets/framework.dart:5529)
I/flutter (27114): #27     StatelessElement.update (package:flutter/src/widgets/framework.dart:5895)
I/flutter (27114): #28     Element.updateChild (package:flutter/src/widgets/framework.dart:4037)
I/flutter (27114): #29     ComponentElement.performRebuild (package:flutter/src/widgets/framework.dart:5841)
I/flutter (27114): #30     Element.rebuild (package:flutter/src/widgets/framework.dart:5529)
I/flutter (27114): #31     StatelessElement.update (package:flutter/src/widgets/framework.dart:5895)
I/flutter (27114): #32     Element.updateChild (package:flutter/src/widgets/framework.dart:4037)
I/flutter (27114): #33     ComponentElement.performRebuild (package:flutter/src/widgets/framework.dart:5841)
I/flutter (27114): #34     Element.rebuild (package:flutter/src/widgets/framework.dart:5529)
I/flutter (27114): #35     ProxyElement.update (package:flutter/src/widgets/framework.dart:6149)
I/flutter (27114): #36     Element.updateChild (package:flutter/src/widgets/framework.dart:4037)
I/flutter (27114): #37     ComponentElement.performRebuild (package:flutter/src/widgets/framework.dart:5841)
I/flutter (27114): #38     Element.rebuild (package:flutter/src/widgets/framework.dart:5529)
I/flutter (27114): #39     ProxyElement.update (package:flutter/src/widgets/framework.dart:6149)
I/flutter (27114): #40     Element.updateChild (package:flutter/src/widgets/framework.dart:4037)
I/flutter (27114): #41     Element.updateChildren (package:flutter/src/widgets/framework.dart:4191)
I/flutter (27114): #42     MultiChildRenderObjectElement.update (package:flutter/src/widgets/framework.dart:7295)
I/flutter (27114): #43     Element.updateChild (package:flutter/src/widgets/framework.dart:4037)
I/flutter (27114): #44     ComponentElement.performRebuild (package:flutter/src/widgets/framework.dart:5841)
I/flutter (27114): #45     Element.rebuild (package:flutter/src/widgets/framework.dart:5529)
I/flutter (27114): #46     ProxyElement.update (package:flutter/src/widgets/framework.dart:6149)
I/flutter (27114): #47     Element.updateChild (package:flutter/src/widgets/framework.dart:4037)
I/flutter (27114): #48     ComponentElement.performRebuild (package:flutter/src/widgets/framework.dart:5841)
I/flutter (27114): #49     StatefulElement.performRebuild (package:flutter/src/widgets/framework.dart:5982)
I/flutter (27114): #50     Element.rebuild (package:flutter/src/widgets/framework.dart:5529)
I/flutter (27114): #51     StatefulElement.update (package:flutter/src/widgets/framework.dart:6007)
I/flutter (27114): #52     Element.updateChild (package:flutter/src/widgets/framework.dart:4037)
I/flutter (27114): #53     ComponentElement.performRebuild (package:flutter/src/widgets/framework.dart:5841)
I/flutter (27114): #54     Element.rebuild (package:flutter/src/widgets/framework.dart:5529)
I/flutter (27114): #55     StatelessElement.update (package:flutter/src/widgets/framework.dart:5895)
I/flutter (27114): #56     Element.updateChild (package:flutter/src/widgets/framework.dart:4037)
I/flutter (27114): #57     ComponentElement.performRebuild (package:flutter/src/widgets/framework.dart:5841)
I/flutter (27114): #58     Element.rebuild (package:flutter/src/widgets/framework.dart:5529)
I/flutter (27114): #59     ProxyElement.update (package:flutter/src/widgets/framework.dart:6149)
I/flutter (27114): #60     Element.updateChild (package:flutter/src/widgets/framework.dart:4037)
I/flutter (27114): #61     ComponentElement.performRebuild (package:flutter/src/widgets/framework.dart:5841)
I/flutter (27114): #62     StatefulElement.performRebuild (package:flutter/src/widgets/framework.dart:5982)
I/flutter (27114): #63     Element.rebuild (package:flutter/src/widgets/framework.dart:5529)
I/flutter (27114): #64     StatefulElement.update (package:flutter/src/widgets/framework.dart:6007)
I/flutter (27114): #65     Element.updateChild (package:flutter/src/widgets/framework.dart:4037)
I/flutter (27114): #66     SingleChildRenderObjectElement.update (package:flutter/src/widgets/framework.dart:7122)
I/flutter (27114): #67     Element.updateChild (package:flutter/src/widgets/framework.dart:4037)
I/flutter (27114): #68     ComponentElement.performRebuild (package:flutter/src/widgets/framework.dart:5841)
I/flutter (27114): #69     Element.rebuild (package:flutter/src/widgets/framework.dart:5529)
I/flutter (27114): #70     ProxyElement.update (package:flutter/src/widgets/framework.dart:6149)
I/flutter (27114): #71     Element.updateChild (package:flutter/src/widgets/framework.dart:4037)
I/flutter (27114): #72     SingleChildRenderObjectElement.update (package:flutter/src/widgets/framework.dart:7122)
I/flutter (27114): #73     Element.updateChild (package:flutter/src/widgets/framework.dart:4037)
I/flutter (27114): #74     ComponentElement.performRebuild (package:flutter/src/widgets/framework.dart:5841)
I/flutter (27114): #75     StatefulElement.performRebuild (package:flutter/src/widgets/framework.dart:5982)
I/flutter (27114): #76     Element.rebuild (package:flutter/src/widgets/framework.dart:5529)
I/flutter (27114): #77     StatefulElement.update (package:flutter/src/widgets/framework.dart:6007)
I/flutter (27114): #78     Element.updateChild (package:flutter/src/widgets/framework.dart:4037)
I/flutter (27114): #79     ComponentElement.performRebuild (package:flutter/src/widgets/framework.dart:5841)
I/flutter (27114): #80     StatefulElement.performRebuild (package:flutter/src/widgets/framework.dart:5982)
I/flutter (27114): #81     Element.rebuild (package:flutter/src/widgets/framework.dart:5529)
I/flutter (27114): #82     StatefulElement.update (package:flutter/src/widgets/framework.dart:6007)
I/flutter (27114): #83     Element.updateChild (package:flutter/src/widgets/framework.dart:4037)
I/flutter (27114): #84     ComponentElement.performRebuild (package:flutter/src/widgets/framework.dart:5841)
I/flutter (27114): #85     Element.rebuild (package:flutter/src/widgets/framework.dart:5529)
I/flutter (27114): #86     ProxyElement.update (package:flutter/src/widgets/framework.dart:6149)
I/flutter (27114): #87     Element.updateChild (package:flutter/src/widgets/framework.dart:4037)
I/flutter (27114): #88     ComponentElement.performRebuild (package:flutter/src/widgets/framework.dart:5841)
I/flutter (27114): #89     Element.rebuild (package:flutter/src/widgets/framework.dart:5529)
I/flutter (27114): #90     ProxyElement.update (package:flutter/src/widgets/framework.dart:6149)
I/flutter (27114): #91     Element.updateChild (package:flutter/src/widgets/framework.dart:4037)
I/flutter (27114): #92     ComponentElement.performRebuild (package:flutter/src/widgets/framework.dart:5841)
I/flutter (27114): #93     Element.rebuild (package:flutter/src/widgets/framework.dart:5529)
I/flutter (27114): #94     ProxyElement.update (package:flutter/src/widgets/framework.dart:6149)
I/flutter (27114): #95     Element.updateChild (package:flutter/src/widgets/framework.dart:4037)
I/flutter (27114): #96     ComponentElement.performRebuild (package:flutter/src/widgets/framework.dart:5841)
I/flutter (27114): #97     StatefulElement.performRebuild (package:flutter/src/widgets/framework.dart:5982)
I/flutter (27114): #98     Element.rebuild (package:flutter/src/widgets/framework.dart:5529)
I/flutter (27114): #99     StatefulElement.update (package:flutter/src/widgets/framework.dart:6007)
I/flutter (27114): [SPM:perf] 698a51a  buildSpan: 9402µs
[spm]: ProfilerData event received.
I/flutter (27114): [spm] Performance monitoring completed for 698a51a
I/flutter (27114): type '_Stub' is not a subtype of type 'EdgeInsetsGeometry?'
I/flutter (27114): #0      TextBox.build (package:benchmark_container/generated_widget.dart:184)
I/flutter (27114): #1      StatelessElement.build (package:flutter/src/widgets/framework.dart:5889)
I/flutter (27114): #2      ComponentElement.performRebuild (package:flutter/src/widgets/framework.dart:5817)
I/flutter (27114): #3      Element.rebuild (package:flutter/src/widgets/framework.dart:5529)
I/flutter (27114): #4      StatelessElement.update (package:flutter/src/widgets/framework.dart:5895)
I/flutter (27114): #5      Element.updateChild (package:flutter/src/widgets/framework.dart:4037)
I/flutter (27114): #6      Element.updateChildren (package:flutter/src/widgets/framework.dart:4191)
I/flutter (27114): #7      MultiChildRenderObjectElement.update (package:flutter/src/widgets/framework.dart:7295)
I/flutter (27114): #8      Element.updateChild (package:flutter/src/widgets/framework.dart:4037)
I/flutter (27114): #9      SingleChildRenderObjectElement.update (package:flutter/src/widgets/framework.dart:7122)
I/flutter (27114): #10     Element.updateChild (package:flutter/src/widgets/framework.dart:4037)
I/flutter (27114): #11     ComponentElement.performRebuild (package:flutter/src/widgets/framework.dart:5841)
I/flutter (27114): #12     Element.rebuild (package:flutter/src/widgets/framework.dart:5529)
I/flutter (27114): #13     StatelessElement.update (package:flutter/src/widgets/framework.dart:5895)
I/flutter (27114): #14     Element.updateChild (package:flutter/src/widgets/framework.dart:4037)
I/flutter (27114): #15     ComponentElement.performRebuild (package:flutter/src/widgets/framework.dart:5841)
I/flutter (27114): #16     Element.rebuild (package:flutter/src/widgets/framework.dart:5529)
I/flutter (27114): #17     ProxyElement.update (package:flutter/src/widgets/framework.dart:6149)
I/flutter (27114): #18     Element.updateChild (package:flutter/src/widgets/framework.dart:4037)
I/flutter (27114): #19     SingleChildRenderObjectElement.update (package:flutter/src/widgets/framework.dart:7122)
I/flutter (27114): #20     Element.updateChild (package:flutter/src/widgets/framework.dart:4037)
I/flutter (27114): #21     ComponentElement.performRebuild (package:flutter/src/widgets/framework.dart:5841)
I/flutter (27114): #22     Element.rebuild (package:flutter/src/widgets/framework.dart:5529)
I/flutter (27114): #23     StatelessElement.update (package:flutter/src/widgets/framework.dart:5895)
I/flutter (27114): #24     Element.updateChild (package:flutter/src/widgets/framework.dart:4037)
I/flutter (27114): #25     ComponentElement.performRebuild (package:flutter/src/widgets/framework.dart:5841)
I/flutter (27114): #26     Element.rebuild (package:flutter/src/widgets/framework.dart:5529)
I/flutter (27114): #27     StatelessElement.update (package:flutter/src/widgets/framework.dart:5895)
I/flutter (27114): #28     Element.updateChild (package:flutter/src/widgets/framework.dart:4037)
I/flutter (27114): #29     ComponentElement.performRebuild (package:flutter/src/widgets/framework.dart:5841)
I/flutter (27114): #30     Element.rebuild (package:flutter/src/widgets/framework.dart:5529)
I/flutter (27114): #31     StatelessElement.update (package:flutter/src/widgets/framework.dart:5895)
I/flutter (27114): #32     Element.updateChild (package:flutter/src/widgets/framework.dart:4037)
I/flutter (27114): #33     ComponentElement.performRebuild (package:flutter/src/widgets/framework.dart:5841)
I/flutter (27114): #34     Element.rebuild (package:flutter/src/widgets/framework.dart:5529)
I/flutter (27114): #35     ProxyElement.update (package:flutter/src/widgets/framework.dart:6149)
I/flutter (27114): #36     Element.updateChild (package:flutter/src/widgets/framework.dart:4037)
I/flutter (27114): #37     ComponentElement.performRebuild (package:flutter/src/widgets/framework.dart:5841)
I/flutter (27114): #38     Element.rebuild (package:flutter/src/widgets/framework.dart:5529)
I/flutter (27114): #39     ProxyElement.update (package:flutter/src/widgets/framework.dart:6149)
I/flutter (27114): #40     Element.updateChild (package:flutter/src/widgets/framework.dart:4037)
I/flutter (27114): #41     Element.updateChildren (package:flutter/src/widgets/framework.dart:4191)
I/flutter (27114): #42     MultiChildRenderObjectElement.update (package:flutter/src/widgets/framework.dart:7295)
I/flutter (27114): #43     Element.updateChild (package:flutter/src/widgets/framework.dart:4037)
I/flutter (27114): #44     ComponentElement.performRebuild (package:flutter/src/widgets/framework.dart:5841)
I/flutter (27114): #45     Element.rebuild (package:flutter/src/widgets/framework.dart:5529)
I/flutter (27114): #46     ProxyElement.update (package:flutter/src/widgets/framework.dart:6149)
I/flutter (27114): #47     Element.updateChild (package:flutter/src/widgets/framework.dart:4037)
I/flutter (27114): #48     ComponentElement.performRebuild (package:flutter/src/widgets/framework.dart:5841)
I/flutter (27114): #49     StatefulElement.performRebuild (package:flutter/src/widgets/framework.dart:5982)
I/flutter (27114): #50     Element.rebuild (package:flutter/src/widgets/framework.dart:5529)
I/flutter (27114): #51     StatefulElement.update (package:flutter/src/widgets/framework.dart:6007)
I/flutter (27114): #52     Element.updateChild (package:flutter/src/widgets/framework.dart:4037)
I/flutter (27114): #53     ComponentElement.performRebuild (package:flutter/src/widgets/framework.dart:5841)
I/flutter (27114): #54     Element.rebuild (package:flutter/src/widgets/framework.dart:5529)
I/flutter (27114): #55     StatelessElement.update (package:flutter/src/widgets/framework.dart:5895)
I/flutter (27114): #56     Element.updateChild (package:flutter/src/widgets/framework.dart:4037)
I/flutter (27114): #57     ComponentElement.performRebuild (package:flutter/src/widgets/framework.dart:5841)
I/flutter (27114): #58     Element.rebuild (package:flutter/src/widgets/framework.dart:5529)
I/flutter (27114): #59     ProxyElement.update (package:flutter/src/widgets/framework.dart:6149)
I/flutter (27114): #60     Element.updateChild (package:flutter/src/widgets/framework.dart:4037)
I/flutter (27114): #61     ComponentElement.performRebuild (package:flutter/src/widgets/framework.dart:5841)
I/flutter (27114): #62     StatefulElement.performRebuild (package:flutter/src/widgets/framework.dart:5982)
I/flutter (27114): #63     Element.rebuild (package:flutter/src/widgets/framework.dart:5529)
I/flutter (27114): #64     StatefulElement.update (package:flutter/src/widgets/framework.dart:6007)
I/flutter (27114): #65     Element.updateChild (package:flutter/src/widgets/framework.dart:4037)
I/flutter (27114): #66     SingleChildRenderObjectElement.update (package:flutter/src/widgets/framework.dart:7122)
I/flutter (27114): #67     Element.updateChild (package:flutter/src/widgets/framework.dart:4037)
I/flutter (27114): #68     ComponentElement.performRebuild (package:flutter/src/widgets/framework.dart:5841)
I/flutter (27114): #69     Element.rebuild (package:flutter/src/widgets/framework.dart:5529)
I/flutter (27114): #70     ProxyElement.update (package:flutter/src/widgets/framework.dart:6149)
I/flutter (27114): #71     Element.updateChild (package:flutter/src/widgets/framework.dart:4037)
I/flutter (27114): #72     SingleChildRenderObjectElement.update (package:flutter/src/widgets/framework.dart:7122)
I/flutter (27114): #73     Element.updateChild (package:flutter/src/widgets/framework.dart:4037)
I/flutter (27114): #74     ComponentElement.performRebuild (package:flutter/src/widgets/framework.dart:5841)
I/flutter (27114): #75     StatefulElement.performRebuild (package:flutter/src/widgets/framework.dart:5982)
I/flutter (27114): #76     Element.rebuild (package:flutter/src/widgets/framework.dart:5529)
I/flutter (27114): #77     StatefulElement.update (package:flutter/src/widgets/framework.dart:6007)
I/flutter (27114): #78     Element.updateChild (package:flutter/src/widgets/framework.dart:4037)
I/flutter (27114): #79     ComponentElement.performRebuild (package:flutter/src/widgets/framework.dart:5841)
I/flutter (27114): #80     StatefulElement.performRebuild (package:flutter/src/widgets/framework.dart:5982)
I/flutter (27114): #81     Element.rebuild (package:flutter/src/widgets/framework.dart:5529)
I/flutter (27114): #82     StatefulElement.update (package:flutter/src/widgets/framework.dart:6007)
I/flutter (27114): #83     Element.updateChild (package:flutter/src/widgets/framework.dart:4037)
I/flutter (27114): #84     ComponentElement.performRebuild (package:flutter/src/widgets/framework.dart:5841)
I/flutter (27114): #85     Element.rebuild (package:flutter/src/widgets/framework.dart:5529)
I/flutter (27114): #86     ProxyElement.update (package:flutter/src/widgets/framework.dart:6149)
I/flutter (27114): #87     Element.updateChild (package:flutter/src/widgets/framework.dart:4037)
I/flutter (27114): #88     ComponentElement.performRebuild (package:flutter/src/widgets/framework.dart:5841)
I/flutter (27114): #89     Element.rebuild (package:flutter/src/widgets/framework.dart:5529)
I/flutter (27114): #90     ProxyElement.update (package:flutter/src/widgets/framework.dart:6149)
I/flutter (27114): #91     Element.updateChild (package:flutter/src/widgets/framework.dart:4037)
I/flutter (27114): #92     ComponentElement.performRebuild (package:flutter/src/widgets/framework.dart:5841)
I/flutter (27114): #93     Element.rebuild (package:flutter/src/widgets/framework.dart:5529)
I/flutter (27114): #94     ProxyElement.update (package:flutter/src/widgets/framework.dart:6149)
I/flutter (27114): #95     Element.updateChild (package:flutter/src/widgets/framework.dart:4037)
I/flutter (27114): #96     ComponentElement.performRebuild (package:flutter/src/widgets/framework.dart:5841)
I/flutter (27114): #97     StatefulElement.performRebuild (package:flutter/src/widgets/framework.dart:5982)
I/flutter (27114): #98     Element.rebuild (package:flutter/src/widgets/framework.dart:5529)
I/flutter (27114): #99     StatefulElement.update (package:flutter/src/widgets/framework.dart:6007)
[spm]: ProfilerData event received.
I/flutter (27114): [SPM:perf] 698a51a  buildSpan: 10347µs
I/flutter (27114): [spm] Performance monitoring completed for 698a51a
I/flutter (27114): type '_Stub' is not a subtype of type 'EdgeInsetsGeometry?'
I/flutter (27114): #0      TextBox.build (package:benchmark_container/generated_widget.dart:184)
I/flutter (27114): #1      StatelessElement.build (package:flutter/src/widgets/framework.dart:5889)
I/flutter (27114): #2      ComponentElement.performRebuild (package:flutter/src/widgets/framework.dart:5817)
I/flutter (27114): #3      Element.rebuild (package:flutter/src/widgets/framework.dart:5529)
I/flutter (27114): #4      StatelessElement.update (package:flutter/src/widgets/framework.dart:5895)
I/flutter (27114): #5      Element.updateChild (package:flutter/src/widgets/framework.dart:4037)
I/flutter (27114): #6      Element.updateChildren (package:flutter/src/widgets/framework.dart:4191)
I/flutter (27114): #7      MultiChildRenderObjectElement.update (package:flutter/src/widgets/framework.dart:7295)
I/flutter (27114): #8      Element.updateChild (package:flutter/src/widgets/framework.dart:4037)
I/flutter (27114): #9      SingleChildRenderObjectElement.update (package:flutter/src/widgets/framework.dart:7122)
I/flutter (27114): #10     Element.updateChild (package:flutter/src/widgets/framework.dart:4037)
I/flutter (27114): #11     ComponentElement.performRebuild (package:flutter/src/widgets/framework.dart:5841)
I/flutter (27114): #12     Element.rebuild (package:flutter/src/widgets/framework.dart:5529)
I/flutter (27114): #13     StatelessElement.update (package:flutter/src/widgets/framework.dart:5895)
I/flutter (27114): #14     Element.updateChild (package:flutter/src/widgets/framework.dart:4037)
I/flutter (27114): #15     ComponentElement.performRebuild (package:flutter/src/widgets/framework.dart:5841)
I/flutter (27114): #16     Element.rebuild (package:flutter/src/widgets/framework.dart:5529)
I/flutter (27114): #17     ProxyElement.update (package:flutter/src/widgets/framework.dart:6149)
I/flutter (27114): #18     Element.updateChild (package:flutter/src/widgets/framework.dart:4037)
I/flutter (27114): #19     SingleChildRenderObjectElement.update (package:flutter/src/widgets/framework.dart:7122)
I/flutter (27114): #20     Element.updateChild (package:flutter/src/widgets/framework.dart:4037)
I/flutter (27114): #21     ComponentElement.performRebuild (package:flutter/src/widgets/framework.dart:5841)
I/flutter (27114): #22     Element.rebuild (package:flutter/src/widgets/framework.dart:5529)
I/flutter (27114): #23     StatelessElement.update (package:flutter/src/widgets/framework.dart:5895)
I/flutter (27114): #24     Element.updateChild (package:flutter/src/widgets/framework.dart:4037)
I/flutter (27114): #25     ComponentElement.performRebuild (package:flutter/src/widgets/framework.dart:5841)
I/flutter (27114): #26     Element.rebuild (package:flutter/src/widgets/framework.dart:5529)
I/flutter (27114): #27     StatelessElement.update (package:flutter/src/widgets/framework.dart:5895)
I/flutter (27114): #28     Element.updateChild (package:flutter/src/widgets/framework.dart:4037)
I/flutter (27114): #29     ComponentElement.performRebuild (package:flutter/src/widgets/framework.dart:5841)
I/flutter (27114): #30     Element.rebuild (package:flutter/src/widgets/framework.dart:5529)
I/flutter (27114): #31     StatelessElement.update (package:flutter/src/widgets/framework.dart:5895)
I/flutter (27114): #32     Element.updateChild (package:flutter/src/widgets/framework.dart:4037)
I/flutter (27114): #33     ComponentElement.performRebuild (package:flutter/src/widgets/framework.dart:5841)
I/flutter (27114): #34     Element.rebuild (package:flutter/src/widgets/framework.dart:5529)
I/flutter (27114): #35     ProxyElement.update (package:flutter/src/widgets/framework.dart:6149)
I/flutter (27114): #36     Element.updateChild (package:flutter/src/widgets/framework.dart:4037)
I/flutter (27114): #37     ComponentElement.performRebuild (package:flutter/src/widgets/framework.dart:5841)
I/flutter (27114): #38     Element.rebuild (package:flutter/src/widgets/framework.dart:5529)
I/flutter (27114): #39     ProxyElement.update (package:flutter/src/widgets/framework.dart:6149)
I/flutter (27114): #40     Element.updateChild (package:flutter/src/widgets/framework.dart:4037)
I/flutter (27114): #41     Element.updateChildren (package:flutter/src/widgets/framework.dart:4191)
I/flutter (27114): #42     MultiChildRenderObjectElement.update (package:flutter/src/widgets/framework.dart:7295)
I/flutter (27114): #43     Element.updateChild (package:flutter/src/widgets/framework.dart:4037)
I/flutter (27114): #44     ComponentElement.performRebuild (package:flutter/src/widgets/framework.dart:5841)
I/flutter (27114): #45     Element.rebuild (package:flutter/src/widgets/framework.dart:5529)
I/flutter (27114): #46     ProxyElement.update (package:flutter/src/widgets/framework.dart:6149)
I/flutter (27114): #47     Element.updateChild (package:flutter/src/widgets/framework.dart:4037)
I/flutter (27114): #48     ComponentElement.performRebuild (package:flutter/src/widgets/framework.dart:5841)
I/flutter (27114): #49     StatefulElement.performRebuild (package:flutter/src/widgets/framework.dart:5982)
I/flutter (27114): #50     Element.rebuild (package:flutter/src/widgets/framework.dart:5529)
I/flutter (27114): #51     StatefulElement.update (package:flutter/src/widgets/framework.dart:6007)
I/flutter (27114): #52     Element.updateChild (package:flutter/src/widgets/framework.dart:4037)
I/flutter (27114): #53     ComponentElement.performRebuild (package:flutter/src/widgets/framework.dart:5841)
I/flutter (27114): #54     Element.rebuild (package:flutter/src/widgets/framework.dart:5529)
I/flutter (27114): #55     StatelessElement.update (package:flutter/src/widgets/framework.dart:5895)
I/flutter (27114): #56     Element.updateChild (package:flutter/src/widgets/framework.dart:4037)
I/flutter (27114): #57     ComponentElement.performRebuild (package:flutter/src/widgets/framework.dart:5841)
I/flutter (27114): #58     Element.rebuild (package:flutter/src/widgets/framework.dart:5529)
I/flutter (27114): #59     ProxyElement.update (package:flutter/src/widgets/framework.dart:6149)
I/flutter (27114): #60     Element.updateChild (package:flutter/src/widgets/framework.dart:4037)
I/flutter (27114): #61     ComponentElement.performRebuild (package:flutter/src/widgets/framework.dart:5841)
I/flutter (27114): #62     StatefulElement.performRebuild (package:flutter/src/widgets/framework.dart:5982)
I/flutter (27114): #63     Element.rebuild (package:flutter/src/widgets/framework.dart:5529)
I/flutter (27114): #64     StatefulElement.update (package:flutter/src/widgets/framework.dart:6007)
I/flutter (27114): #65     Element.updateChild (package:flutter/src/widgets/framework.dart:4037)
I/flutter (27114): #66     SingleChildRenderObjectElement.update (package:flutter/src/widgets/framework.dart:7122)
I/flutter (27114): #67     Element.updateChild (package:flutter/src/widgets/framework.dart:4037)
I/flutter (27114): #68     ComponentElement.performRebuild (package:flutter/src/widgets/framework.dart:5841)
I/flutter (27114): #69     Element.rebuild (package:flutter/src/widgets/framework.dart:5529)
I/flutter (27114): #70     ProxyElement.update (package:flutter/src/widgets/framework.dart:6149)
I/flutter (27114): #71     Element.updateChild (package:flutter/src/widgets/framework.dart:4037)
I/flutter (27114): #72     SingleChildRenderObjectElement.update (package:flutter/src/widgets/framework.dart:7122)
I/flutter (27114): #73     Element.updateChild (package:flutter/src/widgets/framework.dart:4037)
I/flutter (27114): #74     ComponentElement.performRebuild (package:flutter/src/widgets/framework.dart:5841)
I/flutter (27114): #75     StatefulElement.performRebuild (package:flutter/src/widgets/framework.dart:5982)
I/flutter (27114): #76     Element.rebuild (package:flutter/src/widgets/framework.dart:5529)
I/flutter (27114): #77     StatefulElement.update (package:flutter/src/widgets/framework.dart:6007)
I/flutter (27114): #78     Element.updateChild (package:flutter/src/widgets/framework.dart:4037)
I/flutter (27114): #79     ComponentElement.performRebuild (package:flutter/src/widgets/framework.dart:5841)
I/flutter (27114): #80     StatefulElement.performRebuild (package:flutter/src/widgets/framework.dart:5982)
I/flutter (27114): #81     Element.rebuild (package:flutter/src/widgets/framework.dart:5529)
I/flutter (27114): #82     StatefulElement.update (package:flutter/src/widgets/framework.dart:6007)
I/flutter (27114): #83     Element.updateChild (package:flutter/src/widgets/framework.dart:4037)
I/flutter (27114): #84     ComponentElement.performRebuild (package:flutter/src/widgets/framework.dart:5841)
I/flutter (27114): #85     Element.rebuild (package:flutter/src/widgets/framework.dart:5529)
I/flutter (27114): #86     ProxyElement.update (package:flutter/src/widgets/framework.dart:6149)
I/flutter (27114): #87     Element.updateChild (package:flutter/src/widgets/framework.dart:4037)
I/flutter (27114): #88     ComponentElement.performRebuild (package:flutter/src/widgets/framework.dart:5841)
I/flutter (27114): #89     Element.rebuild (package:flutter/src/widgets/framework.dart:5529)
I/flutter (27114): #90     ProxyElement.update (package:flutter/src/widgets/framework.dart:6149)
I/flutter (27114): #91     Element.updateChild (package:flutter/src/widgets/framework.dart:4037)
I/flutter (27114): #92     ComponentElement.performRebuild (package:flutter/src/widgets/framework.dart:5841)
I/flutter (27114): #93     Element.rebuild (package:flutter/src/widgets/framework.dart:5529)
I/flutter (27114): #94     ProxyElement.update (package:flutter/src/widgets/framework.dart:6149)
I/flutter (27114): #95     Element.updateChild (package:flutter/src/widgets/framework.dart:4037)
I/flutter (27114): #96     ComponentElement.performRebuild (package:flutter/src/widgets/framework.dart:5841)
I/flutter (27114): #97     StatefulElement.performRebuild (package:flutter/src/widgets/framework.dart:5982)
I/flutter (27114): #98     Element.rebuild (package:flutter/src/widgets/framework.dart:5529)
I/flutter (27114): #99     StatefulElement.update (package:flutter/src/widgets/framework.dart:6007)
[spm]: ProfilerData event received.
I/flutter (27114): [SPM:perf] 698a51a  buildSpan: 10103µs
I/flutter (27114): [spm] Performance monitoring completed for 698a51a
I/flutter (27114): type '_Stub' is not a subtype of type 'EdgeInsetsGeometry?'
I/flutter (27114): #0      TextBox.build (package:benchmark_container/generated_widget.dart:184)
I/flutter (27114): #1      StatelessElement.build (package:flutter/src/widgets/framework.dart:5889)
I/flutter (27114): #2      ComponentElement.performRebuild (package:flutter/src/widgets/framework.dart:5817)
I/flutter (27114): #3      Element.rebuild (package:flutter/src/widgets/framework.dart:5529)
I/flutter (27114): #4      StatelessElement.update (package:flutter/src/widgets/framework.dart:5895)
I/flutter (27114): #5      Element.updateChild (package:flutter/src/widgets/framework.dart:4037)
I/flutter (27114): #6      Element.updateChildren (package:flutter/src/widgets/framework.dart:4191)
I/flutter (27114): #7      MultiChildRenderObjectElement.update (package:flutter/src/widgets/framework.dart:7295)
I/flutter (27114): #8      Element.updateChild (package:flutter/src/widgets/framework.dart:4037)
I/flutter (27114): #9      SingleChildRenderObjectElement.update (package:flutter/src/widgets/framework.dart:7122)
I/flutter (27114): #10     Element.updateChild (package:flutter/src/widgets/framework.dart:4037)
I/flutter (27114): #11     ComponentElement.performRebuild (package:flutter/src/widgets/framework.dart:5841)
I/flutter (27114): #12     Element.rebuild (package:flutter/src/widgets/framework.dart:5529)
I/flutter (27114): #13     StatelessElement.update (package:flutter/src/widgets/framework.dart:5895)
I/flutter (27114): #14     Element.updateChild (package:flutter/src/widgets/framework.dart:4037)
I/flutter (27114): #15     ComponentElement.performRebuild (package:flutter/src/widgets/framework.dart:5841)
I/flutter (27114): #16     Element.rebuild (package:flutter/src/widgets/framework.dart:5529)
I/flutter (27114): #17     ProxyElement.update (package:flutter/src/widgets/framework.dart:6149)
I/flutter (27114): #18     Element.updateChild (package:flutter/src/widgets/framework.dart:4037)
I/flutter (27114): #19     SingleChildRenderObjectElement.update (package:flutter/src/widgets/framework.dart:7122)
I/flutter (27114): #20     Element.updateChild (package:flutter/src/widgets/framework.dart:4037)
I/flutter (27114): #21     ComponentElement.performRebuild (package:flutter/src/widgets/framework.dart:5841)
I/flutter (27114): #22     Element.rebuild (package:flutter/src/widgets/framework.dart:5529)
I/flutter (27114): #23     StatelessElement.update (package:flutter/src/widgets/framework.dart:5895)
I/flutter (27114): #24     Element.updateChild (package:flutter/src/widgets/framework.dart:4037)
I/flutter (27114): #25     ComponentElement.performRebuild (package:flutter/src/widgets/framework.dart:5841)
I/flutter (27114): #26     Element.rebuild (package:flutter/src/widgets/framework.dart:5529)
I/flutter (27114): #27     StatelessElement.update (package:flutter/src/widgets/framework.dart:5895)
I/flutter (27114): #28     Element.updateChild (package:flutter/src/widgets/framework.dart:4037)
I/flutter (27114): #29     ComponentElement.performRebuild (package:flutter/src/widgets/framework.dart:5841)
I/flutter (27114): #30     Element.rebuild (package:flutter/src/widgets/framework.dart:5529)
I/flutter (27114): #31     StatelessElement.update (package:flutter/src/widgets/framework.dart:5895)
I/flutter (27114): #32     Element.updateChild (package:flutter/src/widgets/framework.dart:4037)
I/flutter (27114): #33     ComponentElement.performRebuild (package:flutter/src/widgets/framework.dart:5841)
I/flutter (27114): #34     Element.rebuild (package:flutter/src/widgets/framework.dart:5529)
I/flutter (27114): #35     ProxyElement.update (package:flutter/src/widgets/framework.dart:6149)
I/flutter (27114): #36     Element.updateChild (package:flutter/src/widgets/framework.dart:4037)
I/flutter (27114): #37     ComponentElement.performRebuild (package:flutter/src/widgets/framework.dart:5841)
I/flutter (27114): #38     Element.rebuild (package:flutter/src/widgets/framework.dart:5529)
I/flutter (27114): #39     ProxyElement.update (package:flutter/src/widgets/framework.dart:6149)
I/flutter (27114): #40     Element.updateChild (package:flutter/src/widgets/framework.dart:4037)
I/flutter (27114): #41     Element.updateChildren (package:flutter/src/widgets/framework.dart:4191)
I/flutter (27114): #42     MultiChildRenderObjectElement.update (package:flutter/src/widgets/framework.dart:7295)
I/flutter (27114): #43     Element.updateChild (package:flutter/src/widgets/framework.dart:4037)
I/flutter (27114): #44     ComponentElement.performRebuild (package:flutter/src/widgets/framework.dart:5841)
I/flutter (27114): #45     Element.rebuild (package:flutter/src/widgets/framework.dart:5529)
I/flutter (27114): #46     ProxyElement.update (package:flutter/src/widgets/framework.dart:6149)
I/flutter (27114): #47     Element.updateChild (package:flutter/src/widgets/framework.dart:4037)
I/flutter (27114): #48     ComponentElement.performRebuild (package:flutter/src/widgets/framework.dart:5841)
I/flutter (27114): #49     StatefulElement.performRebuild (package:flutter/src/widgets/framework.dart:5982)
I/flutter (27114): #50     Element.rebuild (package:flutter/src/widgets/framework.dart:5529)
I/flutter (27114): #51     StatefulElement.update (package:flutter/src/widgets/framework.dart:6007)
I/flutter (27114): #52     Element.updateChild (package:flutter/src/widgets/framework.dart:4037)
I/flutter (27114): #53     ComponentElement.performRebuild (package:flutter/src/widgets/framework.dart:5841)
I/flutter (27114): #54     Element.rebuild (package:flutter/src/widgets/framework.dart:5529)
I/flutter (27114): #55     StatelessElement.update (package:flutter/src/widgets/framework.dart:5895)
I/flutter (27114): #56     Element.updateChild (package:flutter/src/widgets/framework.dart:4037)
I/flutter (27114): #57     ComponentElement.performRebuild (package:flutter/src/widgets/framework.dart:5841)
I/flutter (27114): #58     Element.rebuild (package:flutter/src/widgets/framework.dart:5529)
I/flutter (27114): #59     ProxyElement.update (package:flutter/src/widgets/framework.dart:6149)
I/flutter (27114): #60     Element.updateChild (package:flutter/src/widgets/framework.dart:4037)
I/flutter (27114): #61     ComponentElement.performRebuild (package:flutter/src/widgets/framework.dart:5841)
I/flutter (27114): #62     StatefulElement.performRebuild (package:flutter/src/widgets/framework.dart:5982)
I/flutter (27114): #63     Element.rebuild (package:flutter/src/widgets/framework.dart:5529)
I/flutter (27114): #64     StatefulElement.update (package:flutter/src/widgets/framework.dart:6007)
I/flutter (27114): #65     Element.updateChild (package:flutter/src/widgets/framework.dart:4037)
I/flutter (27114): #66     SingleChildRenderObjectElement.update (package:flutter/src/widgets/framework.dart:7122)
I/flutter (27114): #67     Element.updateChild (package:flutter/src/widgets/framework.dart:4037)
I/flutter (27114): #68     ComponentElement.performRebuild (package:flutter/src/widgets/framework.dart:5841)
I/flutter (27114): #69     Element.rebuild (package:flutter/src/widgets/framework.dart:5529)
I/flutter (27114): #70     ProxyElement.update (package:flutter/src/widgets/framework.dart:6149)
I/flutter (27114): #71     Element.updateChild (package:flutter/src/widgets/framework.dart:4037)
I/flutter (27114): #72     SingleChildRenderObjectElement.update (package:flutter/src/widgets/framework.dart:7122)
I/flutter (27114): #73     Element.updateChild (package:flutter/src/widgets/framework.dart:4037)
I/flutter (27114): #74     ComponentElement.performRebuild (package:flutter/src/widgets/framework.dart:5841)
I/flutter (27114): #75     StatefulElement.performRebuild (package:flutter/src/widgets/framework.dart:5982)
I/flutter (27114): #76     Element.rebuild (package:flutter/src/widgets/framework.dart:5529)
I/flutter (27114): #77     StatefulElement.update (package:flutter/src/widgets/framework.dart:6007)
I/flutter (27114): #78     Element.updateChild (package:flutter/src/widgets/framework.dart:4037)
I/flutter (27114): #79     ComponentElement.performRebuild (package:flutter/src/widgets/framework.dart:5841)
I/flutter (27114): #80     StatefulElement.performRebuild (package:flutter/src/widgets/framework.dart:5982)
I/flutter (27114): #81     Element.rebuild (package:flutter/src/widgets/framework.dart:5529)
I/flutter (27114): #82     StatefulElement.update (package:flutter/src/widgets/framework.dart:6007)
I/flutter (27114): #83     Element.updateChild (package:flutter/src/widgets/framework.dart:4037)
I/flutter (27114): #84     ComponentElement.performRebuild (package:flutter/src/widgets/framework.dart:5841)
I/flutter (27114): #85     Element.rebuild (package:flutter/src/widgets/framework.dart:5529)
I/flutter (27114): #86     ProxyElement.update (package:flutter/src/widgets/framework.dart:6149)
I/flutter (27114): #87     Element.updateChild (package:flutter/src/widgets/framework.dart:4037)
I/flutter (27114): #88     ComponentElement.performRebuild (package:flutter/src/widgets/framework.dart:5841)
I/flutter (27114): #89     Element.rebuild (package:flutter/src/widgets/framework.dart:5529)
I/flutter (27114): #90     ProxyElement.update (package:flutter/src/widgets/framework.dart:6149)
I/flutter (27114): #91     Element.updateChild (package:flutter/src/widgets/framework.dart:4037)
I/flutter (27114): #92     ComponentElement.performRebuild (package:flutter/src/widgets/framework.dart:5841)
I/flutter (27114): #93     Element.rebuild (package:flutter/src/widgets/framework.dart:5529)
I/flutter (27114): #94     ProxyElement.update (package:flutter/src/widgets/framework.dart:6149)
I/flutter (27114): #95     Element.updateChild (package:flutter/src/widgets/framework.dart:4037)
I/flutter (27114): #96     ComponentElement.performRebuild (package:flutter/src/widgets/framework.dart:5841)
I/flutter (27114): #97     StatefulElement.performRebuild (package:flutter/src/widgets/framework.dart:5982)
I/flutter (27114): #98     Element.rebuild (package:flutter/src/widgets/framework.dart:5529)
I/flutter (27114): #99     StatefulElement.update (package:flutter/src/widgets/framework.dart:6007)
[spm]: ProfilerData event received.
I/flutter (27114): [SPM:perf] 698a51a  buildSpan: 9799µs
I/flutter (27114): [spm] Performance monitoring completed for 698a51a
I/flutter (27114): type '_Stub' is not a subtype of type 'EdgeInsetsGeometry?'
I/flutter (27114): #0      TextBox.build (package:benchmark_container/generated_widget.dart:184)
I/flutter (27114): #1      StatelessElement.build (package:flutter/src/widgets/framework.dart:5889)
I/flutter (27114): #2      ComponentElement.performRebuild (package:flutter/src/widgets/framework.dart:5817)
I/flutter (27114): #3      Element.rebuild (package:flutter/src/widgets/framework.dart:5529)
I/flutter (27114): #4      StatelessElement.update (package:flutter/src/widgets/framework.dart:5895)
I/flutter (27114): #5      Element.updateChild (package:flutter/src/widgets/framework.dart:4037)
I/flutter (27114): #6      Element.updateChildren (package:flutter/src/widgets/framework.dart:4191)
I/flutter (27114): #7      MultiChildRenderObjectElement.update (package:flutter/src/widgets/framework.dart:7295)
I/flutter (27114): #8      Element.updateChild (package:flutter/src/widgets/framework.dart:4037)
I/flutter (27114): #9      SingleChildRenderObjectElement.update (package:flutter/src/widgets/framework.dart:7122)
I/flutter (27114): #10     Element.updateChild (package:flutter/src/widgets/framework.dart:4037)
I/flutter (27114): #11     ComponentElement.performRebuild (package:flutter/src/widgets/framework.dart:5841)
I/flutter (27114): #12     Element.rebuild (package:flutter/src/widgets/framework.dart:5529)
I/flutter (27114): #13     StatelessElement.update (package:flutter/src/widgets/framework.dart:5895)
I/flutter (27114): #14     Element.updateChild (package:flutter/src/widgets/framework.dart:4037)
I/flutter (27114): #15     ComponentElement.performRebuild (package:flutter/src/widgets/framework.dart:5841)
I/flutter (27114): #16     Element.rebuild (package:flutter/src/widgets/framework.dart:5529)
I/flutter (27114): #17     ProxyElement.update (package:flutter/src/widgets/framework.dart:6149)
I/flutter (27114): #18     Element.updateChild (package:flutter/src/widgets/framework.dart:4037)
I/flutter (27114): #19     SingleChildRenderObjectElement.update (package:flutter/src/widgets/framework.dart:7122)
I/flutter (27114): #20     Element.updateChild (package:flutter/src/widgets/framework.dart:4037)
I/flutter (27114): #21     ComponentElement.performRebuild (package:flutter/src/widgets/framework.dart:5841)
I/flutter (27114): #22     Element.rebuild (package:flutter/src/widgets/framework.dart:5529)
I/flutter (27114): #23     StatelessElement.update (package:flutter/src/widgets/framework.dart:5895)
I/flutter (27114): #24     Element.updateChild (package:flutter/src/widgets/framework.dart:4037)
I/flutter (27114): #25     ComponentElement.performRebuild (package:flutter/src/widgets/framework.dart:5841)
I/flutter (27114): #26     Element.rebuild (package:flutter/src/widgets/framework.dart:5529)
I/flutter (27114): #27     StatelessElement.update (package:flutter/src/widgets/framework.dart:5895)
I/flutter (27114): #28     Element.updateChild (package:flutter/src/widgets/framework.dart:4037)
I/flutter (27114): #29     ComponentElement.performRebuild (package:flutter/src/widgets/framework.dart:5841)
I/flutter (27114): #30     Element.rebuild (package:flutter/src/widgets/framework.dart:5529)
I/flutter (27114): #31     StatelessElement.update (package:flutter/src/widgets/framework.dart:5895)
I/flutter (27114): #32     Element.updateChild (package:flutter/src/widgets/framework.dart:4037)
I/flutter (27114): #33     ComponentElement.performRebuild (package:flutter/src/widgets/framework.dart:5841)
I/flutter (27114): #34     Element.rebuild (package:flutter/src/widgets/framework.dart:5529)
I/flutter (27114): #35     ProxyElement.update (package:flutter/src/widgets/framework.dart:6149)
I/flutter (27114): #36     Element.updateChild (package:flutter/src/widgets/framework.dart:4037)
I/flutter (27114): #37     ComponentElement.performRebuild (package:flutter/src/widgets/framework.dart:5841)
I/flutter (27114): #38     Element.rebuild (package:flutter/src/widgets/framework.dart:5529)
I/flutter (27114): #39     ProxyElement.update (package:flutter/src/widgets/framework.dart:6149)
I/flutter (27114): #40     Element.updateChild (package:flutter/src/widgets/framework.dart:4037)
I/flutter (27114): #41     Element.updateChildren (package:flutter/src/widgets/framework.dart:4191)
I/flutter (27114): #42     MultiChildRenderObjectElement.update (package:flutter/src/widgets/framework.dart:7295)
I/flutter (27114): #43     Element.updateChild (package:flutter/src/widgets/framework.dart:4037)
I/flutter (27114): #44     ComponentElement.performRebuild (package:flutter/src/widgets/framework.dart:5841)
I/flutter (27114): #45     Element.rebuild (package:flutter/src/widgets/framework.dart:5529)
I/flutter (27114): #46     ProxyElement.update (package:flutter/src/widgets/framework.dart:6149)
I/flutter (27114): #47     Element.updateChild (package:flutter/src/widgets/framework.dart:4037)
I/flutter (27114): #48     ComponentElement.performRebuild (package:flutter/src/widgets/framework.dart:5841)
I/flutter (27114): #49     StatefulElement.performRebuild (package:flutter/src/widgets/framework.dart:5982)
I/flutter (27114): #50     Element.rebuild (package:flutter/src/widgets/framework.dart:5529)
I/flutter (27114): #51     StatefulElement.update (package:flutter/src/widgets/framework.dart:6007)
I/flutter (27114): #52     Element.updateChild (package:flutter/src/widgets/framework.dart:4037)
I/flutter (27114): #53     ComponentElement.performRebuild (package:flutter/src/widgets/framework.dart:5841)
I/flutter (27114): #54     Element.rebuild (package:flutter/src/widgets/framework.dart:5529)
I/flutter (27114): #55     StatelessElement.update (package:flutter/src/widgets/framework.dart:5895)
I/flutter (27114): #56     Element.updateChild (package:flutter/src/widgets/framework.dart:4037)
I/flutter (27114): #57     ComponentElement.performRebuild (package:flutter/src/widgets/framework.dart:5841)
I/flutter (27114): #58     Element.rebuild (package:flutter/src/widgets/framework.dart:5529)
I/flutter (27114): #59     ProxyElement.update (package:flutter/src/widgets/framework.dart:6149)
I/flutter (27114): #60     Element.updateChild (package:flutter/src/widgets/framework.dart:4037)
I/flutter (27114): #61     ComponentElement.performRebuild (package:flutter/src/widgets/framework.dart:5841)
I/flutter (27114): #62     StatefulElement.performRebuild (package:flutter/src/widgets/framework.dart:5982)
I/flutter (27114): #63     Element.rebuild (package:flutter/src/widgets/framework.dart:5529)
I/flutter (27114): #64     StatefulElement.update (package:flutter/src/widgets/framework.dart:6007)
I/flutter (27114): #65     Element.updateChild (package:flutter/src/widgets/framework.dart:4037)
I/flutter (27114): #66     SingleChildRenderObjectElement.update (package:flutter/src/widgets/framework.dart:7122)
I/flutter (27114): #67     Element.updateChild (package:flutter/src/widgets/framework.dart:4037)
I/flutter (27114): #68     ComponentElement.performRebuild (package:flutter/src/widgets/framework.dart:5841)
I/flutter (27114): #69     Element.rebuild (package:flutter/src/widgets/framework.dart:5529)
I/flutter (27114): #70     ProxyElement.update (package:flutter/src/widgets/framework.dart:6149)
I/flutter (27114): #71     Element.updateChild (package:flutter/src/widgets/framework.dart:4037)
I/flutter (27114): #72     SingleChildRenderObjectElement.update (package:flutter/src/widgets/framework.dart:7122)
I/flutter (27114): #73     Element.updateChild (package:flutter/src/widgets/framework.dart:4037)
I/flutter (27114): #74     ComponentElement.performRebuild (package:flutter/src/widgets/framework.dart:5841)
I/flutter (27114): #75     StatefulElement.performRebuild (package:flutter/src/widgets/framework.dart:5982)
I/flutter (27114): #76     Element.rebuild (package:flutter/src/widgets/framework.dart:5529)
I/flutter (27114): #77     StatefulElement.update (package:flutter/src/widgets/framework.dart:6007)
I/flutter (27114): #78     Element.updateChild (package:flutter/src/widgets/framework.dart:4037)
I/flutter (27114): #79     ComponentElement.performRebuild (package:flutter/src/widgets/framework.dart:5841)
I/flutter (27114): #80     StatefulElement.performRebuild (package:flutter/src/widgets/framework.dart:5982)
I/flutter (27114): #81     Element.rebuild (package:flutter/src/widgets/framework.dart:5529)
I/flutter (27114): #82     StatefulElement.update (package:flutter/src/widgets/framework.dart:6007)
I/flutter (27114): #83     Element.updateChild (package:flutter/src/widgets/framework.dart:4037)
I/flutter (27114): #84     ComponentElement.performRebuild (package:flutter/src/widgets/framework.dart:5841)
I/flutter (27114): #85     Element.rebuild (package:flutter/src/widgets/framework.dart:5529)
I/flutter (27114): #86     ProxyElement.update (package:flutter/src/widgets/framework.dart:6149)
I/flutter (27114): #87     Element.updateChild (package:flutter/src/widgets/framework.dart:4037)
I/flutter (27114): #88     ComponentElement.performRebuild (package:flutter/src/widgets/framework.dart:5841)
I/flutter (27114): #89     Element.rebuild (package:flutter/src/widgets/framework.dart:5529)
I/flutter (27114): #90     ProxyElement.update (package:flutter/src/widgets/framework.dart:6149)
I/flutter (27114): #91     Element.updateChild (package:flutter/src/widgets/framework.dart:4037)
I/flutter (27114): #92     ComponentElement.performRebuild (package:flutter/src/widgets/framework.dart:5841)
I/flutter (27114): #93     Element.rebuild (package:flutter/src/widgets/framework.dart:5529)
I/flutter (27114): #94     ProxyElement.update (package:flutter/src/widgets/framework.dart:6149)
I/flutter (27114): #95     Element.updateChild (package:flutter/src/widgets/framework.dart:4037)
I/flutter (27114): #96     ComponentElement.performRebuild (package:flutter/src/widgets/framework.dart:5841)
I/flutter (27114): #97     StatefulElement.performRebuild (package:flutter/src/widgets/framework.dart:5982)
I/flutter (27114): #98     Element.rebuild (package:flutter/src/widgets/framework.dart:5529)
I/flutter (27114): #99     StatefulElement.update (package:flutter/src/widgets/framework.dart:6007)
[spm]: ProfilerData event received.
I/flutter (27114): [SPM:perf] 698a51a  buildSpan: 10778µs
I/flutter (27114): [spm] Performance monitoring completed for 698a51a
I/flutter (27114): type '_Stub' is not a subtype of type 'EdgeInsetsGeometry?'
I/flutter (27114): #0      TextBox.build (package:benchmark_container/generated_widget.dart:184)
I/flutter (27114): #1      StatelessElement.build (package:flutter/src/widgets/framework.dart:5889)
I/flutter (27114): #2      ComponentElement.performRebuild (package:flutter/src/widgets/framework.dart:5817)
I/flutter (27114): #3      Element.rebuild (package:flutter/src/widgets/framework.dart:5529)
I/flutter (27114): #4      StatelessElement.update (package:flutter/src/widgets/framework.dart:5895)
I/flutter (27114): #5      Element.updateChild (package:flutter/src/widgets/framework.dart:4037)
I/flutter (27114): #6      Element.updateChildren (package:flutter/src/widgets/framework.dart:4191)
I/flutter (27114): #7      MultiChildRenderObjectElement.update (package:flutter/src/widgets/framework.dart:7295)
I/flutter (27114): #8      Element.updateChild (package:flutter/src/widgets/framework.dart:4037)
I/flutter (27114): #9      SingleChildRenderObjectElement.update (package:flutter/src/widgets/framework.dart:7122)
I/flutter (27114): #10     Element.updateChild (package:flutter/src/widgets/framework.dart:4037)
I/flutter (27114): #11     ComponentElement.performRebuild (package:flutter/src/widgets/framework.dart:5841)
I/flutter (27114): #12     Element.rebuild (package:flutter/src/widgets/framework.dart:5529)
I/flutter (27114): #13     StatelessElement.update (package:flutter/src/widgets/framework.dart:5895)
I/flutter (27114): #14     Element.updateChild (package:flutter/src/widgets/framework.dart:4037)
I/flutter (27114): #15     ComponentElement.performRebuild (package:flutter/src/widgets/framework.dart:5841)
I/flutter (27114): #16     Element.rebuild (package:flutter/src/widgets/framework.dart:5529)
I/flutter (27114): #17     ProxyElement.update (package:flutter/src/widgets/framework.dart:6149)
I/flutter (27114): #18     Element.updateChild (package:flutter/src/widgets/framework.dart:4037)
I/flutter (27114): #19     SingleChildRenderObjectElement.update (package:flutter/src/widgets/framework.dart:7122)
I/flutter (27114): #20     Element.updateChild (package:flutter/src/widgets/framework.dart:4037)
I/flutter (27114): #21     ComponentElement.performRebuild (package:flutter/src/widgets/framework.dart:5841)
I/flutter (27114): #22     Element.rebuild (package:flutter/src/widgets/framework.dart:5529)
I/flutter (27114): #23     StatelessElement.update (package:flutter/src/widgets/framework.dart:5895)
I/flutter (27114): #24     Element.updateChild (package:flutter/src/widgets/framework.dart:4037)
I/flutter (27114): #25     ComponentElement.performRebuild (package:flutter/src/widgets/framework.dart:5841)
I/flutter (27114): #26     Element.rebuild (package:flutter/src/widgets/framework.dart:5529)
I/flutter (27114): #27     StatelessElement.update (package:flutter/src/widgets/framework.dart:5895)
I/flutter (27114): #28     Element.updateChild (package:flutter/src/widgets/framework.dart:4037)
I/flutter (27114): #29     ComponentElement.performRebuild (package:flutter/src/widgets/framework.dart:5841)
I/flutter (27114): #30     Element.rebuild (package:flutter/src/widgets/framework.dart:5529)
I/flutter (27114): #31     StatelessElement.update (package:flutter/src/widgets/framework.dart:5895)
I/flutter (27114): #32     Element.updateChild (package:flutter/src/widgets/framework.dart:4037)
I/flutter (27114): #33     ComponentElement.performRebuild (package:flutter/src/widgets/framework.dart:5841)
I/flutter (27114): #34     Element.rebuild (package:flutter/src/widgets/framework.dart:5529)
I/flutter (27114): #35     ProxyElement.update (package:flutter/src/widgets/framework.dart:6149)
I/flutter (27114): #36     Element.updateChild (package:flutter/src/widgets/framework.dart:4037)
I/flutter (27114): #37     ComponentElement.performRebuild (package:flutter/src/widgets/framework.dart:5841)
I/flutter (27114): #38     Element.rebuild (package:flutter/src/widgets/framework.dart:5529)
I/flutter (27114): #39     ProxyElement.update (package:flutter/src/widgets/framework.dart:6149)
I/flutter (27114): #40     Element.updateChild (package:flutter/src/widgets/framework.dart:4037)
I/flutter (27114): #41     Element.updateChildren (package:flutter/src/widgets/framework.dart:4191)
I/flutter (27114): #42     MultiChildRenderObjectElement.update (package:flutter/src/widgets/framework.dart:7295)
I/flutter (27114): #43     Element.updateChild (package:flutter/src/widgets/framework.dart:4037)
I/flutter (27114): #44     ComponentElement.performRebuild (package:flutter/src/widgets/framework.dart:5841)
I/flutter (27114): #45     Element.rebuild (package:flutter/src/widgets/framework.dart:5529)
I/flutter (27114): #46     ProxyElement.update (package:flutter/src/widgets/framework.dart:6149)
I/flutter (27114): #47     Element.updateChild (package:flutter/src/widgets/framework.dart:4037)
I/flutter (27114): #48     ComponentElement.performRebuild (package:flutter/src/widgets/framework.dart:5841)
I/flutter (27114): #49     StatefulElement.performRebuild (package:flutter/src/widgets/framework.dart:5982)
I/flutter (27114): #50     Element.rebuild (package:flutter/src/widgets/framework.dart:5529)
I/flutter (27114): #51     StatefulElement.update (package:flutter/src/widgets/framework.dart:6007)
I/flutter (27114): #52     Element.updateChild (package:flutter/src/widgets/framework.dart:4037)
I/flutter (27114): #53     ComponentElement.performRebuild (package:flutter/src/widgets/framework.dart:5841)
I/flutter (27114): #54     Element.rebuild (package:flutter/src/widgets/framework.dart:5529)
I/flutter (27114): #55     StatelessElement.update (package:flutter/src/widgets/framework.dart:5895)
I/flutter (27114): #56     Element.updateChild (package:flutter/src/widgets/framework.dart:4037)
I/flutter (27114): #57     ComponentElement.performRebuild (package:flutter/src/widgets/framework.dart:5841)
I/flutter (27114): #58     Element.rebuild (package:flutter/src/widgets/framework.dart:5529)
I/flutter (27114): #59     ProxyElement.update (package:flutter/src/widgets/framework.dart:6149)
I/flutter (27114): #60     Element.updateChild (package:flutter/src/widgets/framework.dart:4037)
I/flutter (27114): #61     ComponentElement.performRebuild (package:flutter/src/widgets/framework.dart:5841)
I/flutter (27114): #62     StatefulElement.performRebuild (package:flutter/src/widgets/framework.dart:5982)
I/flutter (27114): #63     Element.rebuild (package:flutter/src/widgets/framework.dart:5529)
I/flutter (27114): #64     StatefulElement.update (package:flutter/src/widgets/framework.dart:6007)
I/flutter (27114): #65     Element.updateChild (package:flutter/src/widgets/framework.dart:4037)
I/flutter (27114): #66     SingleChildRenderObjectElement.update (package:flutter/src/widgets/framework.dart:7122)
I/flutter (27114): #67     Element.updateChild (package:flutter/src/widgets/framework.dart:4037)
I/flutter (27114): #68     ComponentElement.performRebuild (package:flutter/src/widgets/framework.dart:5841)
I/flutter (27114): #69     Element.rebuild (package:flutter/src/widgets/framework.dart:5529)
I/flutter (27114): #70     ProxyElement.update (package:flutter/src/widgets/framework.dart:6149)
I/flutter (27114): #71     Element.updateChild (package:flutter/src/widgets/framework.dart:4037)
I/flutter (27114): #72     SingleChildRenderObjectElement.update (package:flutter/src/widgets/framework.dart:7122)
I/flutter (27114): #73     Element.updateChild (package:flutter/src/widgets/framework.dart:4037)
I/flutter (27114): #74     ComponentElement.performRebuild (package:flutter/src/widgets/framework.dart:5841)
I/flutter (27114): #75     StatefulElement.performRebuild (package:flutter/src/widgets/framework.dart:5982)
I/flutter (27114): #76     Element.rebuild (package:flutter/src/widgets/framework.dart:5529)
I/flutter (27114): #77     StatefulElement.update (package:flutter/src/widgets/framework.dart:6007)
I/flutter (27114): #78     Element.updateChild (package:flutter/src/widgets/framework.dart:4037)
I/flutter (27114): #79     ComponentElement.performRebuild (package:flutter/src/widgets/framework.dart:5841)
I/flutter (27114): #80     StatefulElement.performRebuild (package:flutter/src/widgets/framework.dart:5982)
I/flutter (27114): #81     Element.rebuild (package:flutter/src/widgets/framework.dart:5529)
I/flutter (27114): #82     StatefulElement.update (package:flutter/src/widgets/framework.dart:6007)
I/flutter (27114): #83     Element.updateChild (package:flutter/src/widgets/framework.dart:4037)
I/flutter (27114): #84     ComponentElement.performRebuild (package:flutter/src/widgets/framework.dart:5841)
I/flutter (27114): #85     Element.rebuild (package:flutter/src/widgets/framework.dart:5529)
I/flutter (27114): #86     ProxyElement.update (package:flutter/src/widgets/framework.dart:6149)
I/flutter (27114): #87     Element.updateChild (package:flutter/src/widgets/framework.dart:4037)
I/flutter (27114): #88     ComponentElement.performRebuild (package:flutter/src/widgets/framework.dart:5841)
I/flutter (27114): #89     Element.rebuild (package:flutter/src/widgets/framework.dart:5529)
I/flutter (27114): #90     ProxyElement.update (package:flutter/src/widgets/framework.dart:6149)
I/flutter (27114): #91     Element.updateChild (package:flutter/src/widgets/framework.dart:4037)
I/flutter (27114): #92     ComponentElement.performRebuild (package:flutter/src/widgets/framework.dart:5841)
I/flutter (27114): #93     Element.rebuild (package:flutter/src/widgets/framework.dart:5529)
I/flutter (27114): #94     ProxyElement.update (package:flutter/src/widgets/framework.dart:6149)
I/flutter (27114): #95     Element.updateChild (package:flutter/src/widgets/framework.dart:4037)
I/flutter (27114): #96     ComponentElement.performRebuild (package:flutter/src/widgets/framework.dart:5841)
I/flutter (27114): #97     StatefulElement.performRebuild (package:flutter/src/widgets/framework.dart:5982)
I/flutter (27114): #98     Element.rebuild (package:flutter/src/widgets/framework.dart:5529)
I/flutter (27114): #99     StatefulElement.update (package:flutter/src/widgets/framework.dart:6007)
[spm]: ProfilerData event received.
I/flutter (27114): [SPM:perf] 698a51a  buildSpan: 9838µs
I/flutter (27114): [spm] Performance monitoring completed for 698a51a
I/flutter (27114): type '_Stub' is not a subtype of type 'EdgeInsetsGeometry?'
I/flutter (27114): #0      TextBox.build (package:benchmark_container/generated_widget.dart:184)
I/flutter (27114): #1      StatelessElement.build (package:flutter/src/widgets/framework.dart:5889)
I/flutter (27114): #2      ComponentElement.performRebuild (package:flutter/src/widgets/framework.dart:5817)
I/flutter (27114): #3      Element.rebuild (package:flutter/src/widgets/framework.dart:5529)
I/flutter (27114): #4      StatelessElement.update (package:flutter/src/widgets/framework.dart:5895)
I/flutter (27114): #5      Element.updateChild (package:flutter/src/widgets/framework.dart:4037)
I/flutter (27114): #6      Element.updateChildren (package:flutter/src/widgets/framework.dart:4191)
I/flutter (27114): #7      MultiChildRenderObjectElement.update (package:flutter/src/widgets/framework.dart:7295)
I/flutter (27114): #8      Element.updateChild (package:flutter/src/widgets/framework.dart:4037)
I/flutter (27114): #9      SingleChildRenderObjectElement.update (package:flutter/src/widgets/framework.dart:7122)
I/flutter (27114): #10     Element.updateChild (package:flutter/src/widgets/framework.dart:4037)
I/flutter (27114): #11     ComponentElement.performRebuild (package:flutter/src/widgets/framework.dart:5841)
I/flutter (27114): #12     Element.rebuild (package:flutter/src/widgets/framework.dart:5529)
I/flutter (27114): #13     StatelessElement.update (package:flutter/src/widgets/framework.dart:5895)
I/flutter (27114): #14     Element.updateChild (package:flutter/src/widgets/framework.dart:4037)
I/flutter (27114): #15     ComponentElement.performRebuild (package:flutter/src/widgets/framework.dart:5841)
I/flutter (27114): #16     Element.rebuild (package:flutter/src/widgets/framework.dart:5529)
I/flutter (27114): #17     ProxyElement.update (package:flutter/src/widgets/framework.dart:6149)
I/flutter (27114): #18     Element.updateChild (package:flutter/src/widgets/framework.dart:4037)
I/flutter (27114): #19     SingleChildRenderObjectElement.update (package:flutter/src/widgets/framework.dart:7122)
I/flutter (27114): #20     Element.updateChild (package:flutter/src/widgets/framework.dart:4037)
I/flutter (27114): #21     ComponentElement.performRebuild (package:flutter/src/widgets/framework.dart:5841)
I/flutter (27114): #22     Element.rebuild (package:flutter/src/widgets/framework.dart:5529)
I/flutter (27114): #23     StatelessElement.update (package:flutter/src/widgets/framework.dart:5895)
I/flutter (27114): #24     Element.updateChild (package:flutter/src/widgets/framework.dart:4037)
I/flutter (27114): #25     ComponentElement.performRebuild (package:flutter/src/widgets/framework.dart:5841)
I/flutter (27114): #26     Element.rebuild (package:flutter/src/widgets/framework.dart:5529)
I/flutter (27114): #27     StatelessElement.update (package:flutter/src/widgets/framework.dart:5895)
I/flutter (27114): #28     Element.updateChild (package:flutter/src/widgets/framework.dart:4037)
I/flutter (27114): #29     ComponentElement.performRebuild (package:flutter/src/widgets/framework.dart:5841)
I/flutter (27114): #30     Element.rebuild (package:flutter/src/widgets/framework.dart:5529)
I/flutter (27114): #31     StatelessElement.update (package:flutter/src/widgets/framework.dart:5895)
I/flutter (27114): #32     Element.updateChild (package:flutter/src/widgets/framework.dart:4037)
I/flutter (27114): #33     ComponentElement.performRebuild (package:flutter/src/widgets/framework.dart:5841)
I/flutter (27114): #34     Element.rebuild (package:flutter/src/widgets/framework.dart:5529)
I/flutter (27114): #35     ProxyElement.update (package:flutter/src/widgets/framework.dart:6149)
I/flutter (27114): #36     Element.updateChild (package:flutter/src/widgets/framework.dart:4037)
I/flutter (27114): #37     ComponentElement.performRebuild (package:flutter/src/widgets/framework.dart:5841)
I/flutter (27114): #38     Element.rebuild (package:flutter/src/widgets/framework.dart:5529)
I/flutter (27114): #39     ProxyElement.update (package:flutter/src/widgets/framework.dart:6149)
I/flutter (27114): #40     Element.updateChild (package:flutter/src/widgets/framework.dart:4037)
I/flutter (27114): #41     Element.updateChildren (package:flutter/src/widgets/framework.dart:4191)
I/flutter (27114): #42     MultiChildRenderObjectElement.update (package:flutter/src/widgets/framework.dart:7295)
I/flutter (27114): #43     Element.updateChild (package:flutter/src/widgets/framework.dart:4037)
I/flutter (27114): #44     ComponentElement.performRebuild (package:flutter/src/widgets/framework.dart:5841)
I/flutter (27114): #45     Element.rebuild (package:flutter/src/widgets/framework.dart:5529)
I/flutter (27114): #46     ProxyElement.update (package:flutter/src/widgets/framework.dart:6149)
I/flutter (27114): #47     Element.updateChild (package:flutter/src/widgets/framework.dart:4037)
I/flutter (27114): #48     ComponentElement.performRebuild (package:flutter/src/widgets/framework.dart:5841)
I/flutter (27114): #49     StatefulElement.performRebuild (package:flutter/src/widgets/framework.dart:5982)
I/flutter (27114): #50     Element.rebuild (package:flutter/src/widgets/framework.dart:5529)
I/flutter (27114): #51     StatefulElement.update (package:flutter/src/widgets/framework.dart:6007)
I/flutter (27114): #52     Element.updateChild (package:flutter/src/widgets/framework.dart:4037)
I/flutter (27114): #53     ComponentElement.performRebuild (package:flutter/src/widgets/framework.dart:5841)
I/flutter (27114): #54     Element.rebuild (package:flutter/src/widgets/framework.dart:5529)
I/flutter (27114): #55     StatelessElement.update (package:flutter/src/widgets/framework.dart:5895)
I/flutter (27114): #56     Element.updateChild (package:flutter/src/widgets/framework.dart:4037)
I/flutter (27114): #57     ComponentElement.performRebuild (package:flutter/src/widgets/framework.dart:5841)
I/flutter (27114): #58     Element.rebuild (package:flutter/src/widgets/framework.dart:5529)
I/flutter (27114): #59     ProxyElement.update (package:flutter/src/widgets/framework.dart:6149)
I/flutter (27114): #60     Element.updateChild (package:flutter/src/widgets/framework.dart:4037)
I/flutter (27114): #61     ComponentElement.performRebuild (package:flutter/src/widgets/framework.dart:5841)
I/flutter (27114): #62     StatefulElement.performRebuild (package:flutter/src/widgets/framework.dart:5982)
I/flutter (27114): #63     Element.rebuild (package:flutter/src/widgets/framework.dart:5529)
I/flutter (27114): #64     StatefulElement.update (package:flutter/src/widgets/framework.dart:6007)
I/flutter (27114): #65     Element.updateChild (package:flutter/src/widgets/framework.dart:4037)
I/flutter (27114): #66     SingleChildRenderObjectElement.update (package:flutter/src/widgets/framework.dart:7122)
I/flutter (27114): #67     Element.updateChild (package:flutter/src/widgets/framework.dart:4037)
I/flutter (27114): #68     ComponentElement.performRebuild (package:flutter/src/widgets/framework.dart:5841)
I/flutter (27114): #69     Element.rebuild (package:flutter/src/widgets/framework.dart:5529)
I/flutter (27114): #70     ProxyElement.update (package:flutter/src/widgets/framework.dart:6149)
I/flutter (27114): #71     Element.updateChild (package:flutter/src/widgets/framework.dart:4037)
I/flutter (27114): #72     SingleChildRenderObjectElement.update (package:flutter/src/widgets/framework.dart:7122)
I/flutter (27114): #73     Element.updateChild (package:flutter/src/widgets/framework.dart:4037)
I/flutter (27114): #74     ComponentElement.performRebuild (package:flutter/src/widgets/framework.dart:5841)
I/flutter (27114): #75     StatefulElement.performRebuild (package:flutter/src/widgets/framework.dart:5982)
I/flutter (27114): #76     Element.rebuild (package:flutter/src/widgets/framework.dart:5529)
I/flutter (27114): #77     StatefulElement.update (package:flutter/src/widgets/framework.dart:6007)
I/flutter (27114): #78     Element.updateChild (package:flutter/src/widgets/framework.dart:4037)
I/flutter (27114): #79     ComponentElement.performRebuild (package:flutter/src/widgets/framework.dart:5841)
I/flutter (27114): #80     StatefulElement.performRebuild (package:flutter/src/widgets/framework.dart:5982)
I/flutter (27114): #81     Element.rebuild (package:flutter/src/widgets/framework.dart:5529)
I/flutter (27114): #82     StatefulElement.update (package:flutter/src/widgets/framework.dart:6007)
I/flutter (27114): #83     Element.updateChild (package:flutter/src/widgets/framework.dart:4037)
I/flutter (27114): #84     ComponentElement.performRebuild (package:flutter/src/widgets/framework.dart:5841)
I/flutter (27114): #85     Element.rebuild (package:flutter/src/widgets/framework.dart:5529)
I/flutter (27114): #86     ProxyElement.update (package:flutter/src/widgets/framework.dart:6149)
I/flutter (27114): #87     Element.updateChild (package:flutter/src/widgets/framework.dart:4037)
I/flutter (27114): #88     ComponentElement.performRebuild (package:flutter/src/widgets/framework.dart:5841)
I/flutter (27114): #89     Element.rebuild (package:flutter/src/widgets/framework.dart:5529)
I/flutter (27114): #90     ProxyElement.update (package:flutter/src/widgets/framework.dart:6149)
I/flutter (27114): #91     Element.updateChild (package:flutter/src/widgets/framework.dart:4037)
I/flutter (27114): #92     ComponentElement.performRebuild (package:flutter/src/widgets/framework.dart:5841)
I/flutter (27114): #93     Element.rebuild (package:flutter/src/widgets/framework.dart:5529)
I/flutter (27114): #94     ProxyElement.update (package:flutter/src/widgets/framework.dart:6149)
I/flutter (27114): #95     Element.updateChild (package:flutter/src/widgets/framework.dart:4037)
I/flutter (27114): #96     ComponentElement.performRebuild (package:flutter/src/widgets/framework.dart:5841)
I/flutter (27114): #97     StatefulElement.performRebuild (package:flutter/src/widgets/framework.dart:5982)
I/flutter (27114): #98     Element.rebuild (package:flutter/src/widgets/framework.dart:5529)
I/flutter (27114): #99     StatefulElement.update (package:flutter/src/widgets/framework.dart:6007)
I/flutter (27114): [SPM:perf] 698a51a  buildSpan: 9690µs
I/flutter (27114): [spm] Performance monitoring completed for 698a51a
[spm]: ProfilerData event received.
I/flutter (27114): type '_Stub' is not a subtype of type 'EdgeInsetsGeometry?'
I/flutter (27114): #0      TextBox.build (package:benchmark_container/generated_widget.dart:184)
I/flutter (27114): #1      StatelessElement.build (package:flutter/src/widgets/framework.dart:5889)
I/flutter (27114): #2      ComponentElement.performRebuild (package:flutter/src/widgets/framework.dart:5817)
I/flutter (27114): #3      Element.rebuild (package:flutter/src/widgets/framework.dart:5529)
I/flutter (27114): #4      StatelessElement.update (package:flutter/src/widgets/framework.dart:5895)
I/flutter (27114): #5      Element.updateChild (package:flutter/src/widgets/framework.dart:4037)
I/flutter (27114): #6      Element.updateChildren (package:flutter/src/widgets/framework.dart:4191)
I/flutter (27114): #7      MultiChildRenderObjectElement.update (package:flutter/src/widgets/framework.dart:7295)
I/flutter (27114): #8      Element.updateChild (package:flutter/src/widgets/framework.dart:4037)
I/flutter (27114): #9      SingleChildRenderObjectElement.update (package:flutter/src/widgets/framework.dart:7122)
I/flutter (27114): #10     Element.updateChild (package:flutter/src/widgets/framework.dart:4037)
I/flutter (27114): #11     ComponentElement.performRebuild (package:flutter/src/widgets/framework.dart:5841)
I/flutter (27114): #12     Element.rebuild (package:flutter/src/widgets/framework.dart:5529)
I/flutter (27114): #13     StatelessElement.update (package:flutter/src/widgets/framework.dart:5895)
I/flutter (27114): #14     Element.updateChild (package:flutter/src/widgets/framework.dart:4037)
I/flutter (27114): #15     ComponentElement.performRebuild (package:flutter/src/widgets/framework.dart:5841)
I/flutter (27114): #16     Element.rebuild (package:flutter/src/widgets/framework.dart:5529)
I/flutter (27114): #17     ProxyElement.update (package:flutter/src/widgets/framework.dart:6149)
I/flutter (27114): #18     Element.updateChild (package:flutter/src/widgets/framework.dart:4037)
I/flutter (27114): #19     SingleChildRenderObjectElement.update (package:flutter/src/widgets/framework.dart:7122)
I/flutter (27114): #20     Element.updateChild (package:flutter/src/widgets/framework.dart:4037)
I/flutter (27114): #21     ComponentElement.performRebuild (package:flutter/src/widgets/framework.dart:5841)
I/flutter (27114): #22     Element.rebuild (package:flutter/src/widgets/framework.dart:5529)
I/flutter (27114): #23     StatelessElement.update (package:flutter/src/widgets/framework.dart:5895)
I/flutter (27114): #24     Element.updateChild (package:flutter/src/widgets/framework.dart:4037)
I/flutter (27114): #25     ComponentElement.performRebuild (package:flutter/src/widgets/framework.dart:5841)
I/flutter (27114): #26     Element.rebuild (package:flutter/src/widgets/framework.dart:5529)
I/flutter (27114): #27     StatelessElement.update (package:flutter/src/widgets/framework.dart:5895)
I/flutter (27114): #28     Element.updateChild (package:flutter/src/widgets/framework.dart:4037)
I/flutter (27114): #29     ComponentElement.performRebuild (package:flutter/src/widgets/framework.dart:5841)
I/flutter (27114): #30     Element.rebuild (package:flutter/src/widgets/framework.dart:5529)
I/flutter (27114): #31     StatelessElement.update (package:flutter/src/widgets/framework.dart:5895)
I/flutter (27114): #32     Element.updateChild (package:flutter/src/widgets/framework.dart:4037)
I/flutter (27114): #33     ComponentElement.performRebuild (package:flutter/src/widgets/framework.dart:5841)
I/flutter (27114): #34     Element.rebuild (package:flutter/src/widgets/framework.dart:5529)
I/flutter (27114): #35     ProxyElement.update (package:flutter/src/widgets/framework.dart:6149)
I/flutter (27114): #36     Element.updateChild (package:flutter/src/widgets/framework.dart:4037)
I/flutter (27114): #37     ComponentElement.performRebuild (package:flutter/src/widgets/framework.dart:5841)
I/flutter (27114): #38     Element.rebuild (package:flutter/src/widgets/framework.dart:5529)
I/flutter (27114): #39     ProxyElement.update (package:flutter/src/widgets/framework.dart:6149)
I/flutter (27114): #40     Element.updateChild (package:flutter/src/widgets/framework.dart:4037)
I/flutter (27114): #41     Element.updateChildren (package:flutter/src/widgets/framework.dart:4191)
I/flutter (27114): #42     MultiChildRenderObjectElement.update (package:flutter/src/widgets/framework.dart:7295)
I/flutter (27114): #43     Element.updateChild (package:flutter/src/widgets/framework.dart:4037)
I/flutter (27114): #44     ComponentElement.performRebuild (package:flutter/src/widgets/framework.dart:5841)
I/flutter (27114): #45     Element.rebuild (package:flutter/src/widgets/framework.dart:5529)
I/flutter (27114): #46     ProxyElement.update (package:flutter/src/widgets/framework.dart:6149)
I/flutter (27114): #47     Element.updateChild (package:flutter/src/widgets/framework.dart:4037)
I/flutter (27114): #48     ComponentElement.performRebuild (package:flutter/src/widgets/framework.dart:5841)
I/flutter (27114): #49     StatefulElement.performRebuild (package:flutter/src/widgets/framework.dart:5982)
I/flutter (27114): #50     Element.rebuild (package:flutter/src/widgets/framework.dart:5529)
I/flutter (27114): #51     StatefulElement.update (package:flutter/src/widgets/framework.dart:6007)
I/flutter (27114): #52     Element.updateChild (package:flutter/src/widgets/framework.dart:4037)
I/flutter (27114): #53     ComponentElement.performRebuild (package:flutter/src/widgets/framework.dart:5841)
I/flutter (27114): #54     Element.rebuild (package:flutter/src/widgets/framework.dart:5529)
I/flutter (27114): #55     StatelessElement.update (package:flutter/src/widgets/framework.dart:5895)
I/flutter (27114): #56     Element.updateChild (package:flutter/src/widgets/framework.dart:4037)
I/flutter (27114): #57     ComponentElement.performRebuild (package:flutter/src/widgets/framework.dart:5841)
I/flutter (27114): #58     Element.rebuild (package:flutter/src/widgets/framework.dart:5529)
I/flutter (27114): #59     ProxyElement.update (package:flutter/src/widgets/framework.dart:6149)
I/flutter (27114): #60     Element.updateChild (package:flutter/src/widgets/framework.dart:4037)
I/flutter (27114): #61     ComponentElement.performRebuild (package:flutter/src/widgets/framework.dart:5841)
I/flutter (27114): #62     StatefulElement.performRebuild (package:flutter/src/widgets/framework.dart:5982)
I/flutter (27114): #63     Element.rebuild (package:flutter/src/widgets/framework.dart:5529)
I/flutter (27114): #64     StatefulElement.update (package:flutter/src/widgets/framework.dart:6007)
I/flutter (27114): #65     Element.updateChild (package:flutter/src/widgets/framework.dart:4037)
I/flutter (27114): #66     SingleChildRenderObjectElement.update (package:flutter/src/widgets/framework.dart:7122)
I/flutter (27114): #67     Element.updateChild (package:flutter/src/widgets/framework.dart:4037)
I/flutter (27114): #68     ComponentElement.performRebuild (package:flutter/src/widgets/framework.dart:5841)
I/flutter (27114): #69     Element.rebuild (package:flutter/src/widgets/framework.dart:5529)
I/flutter (27114): #70     ProxyElement.update (package:flutter/src/widgets/framework.dart:6149)
I/flutter (27114): #71     Element.updateChild (package:flutter/src/widgets/framework.dart:4037)
I/flutter (27114): #72     SingleChildRenderObjectElement.update (package:flutter/src/widgets/framework.dart:7122)
I/flutter (27114): #73     Element.updateChild (package:flutter/src/widgets/framework.dart:4037)
I/flutter (27114): #74     ComponentElement.performRebuild (package:flutter/src/widgets/framework.dart:5841)
I/flutter (27114): #75     StatefulElement.performRebuild (package:flutter/src/widgets/framework.dart:5982)
I/flutter (27114): #76     Element.rebuild (package:flutter/src/widgets/framework.dart:5529)
I/flutter (27114): #77     StatefulElement.update (package:flutter/src/widgets/framework.dart:6007)
I/flutter (27114): #78     Element.updateChild (package:flutter/src/widgets/framework.dart:4037)
I/flutter (27114): #79     ComponentElement.performRebuild (package:flutter/src/widgets/framework.dart:5841)
I/flutter (27114): #80     StatefulElement.performRebuild (package:flutter/src/widgets/framework.dart:5982)
I/flutter (27114): #81     Element.rebuild (package:flutter/src/widgets/framework.dart:5529)
I/flutter (27114): #82     StatefulElement.update (package:flutter/src/widgets/framework.dart:6007)
I/flutter (27114): #83     Element.updateChild (package:flutter/src/widgets/framework.dart:4037)
I/flutter (27114): #84     ComponentElement.performRebuild (package:flutter/src/widgets/framework.dart:5841)
I/flutter (27114): #85     Element.rebuild (package:flutter/src/widgets/framework.dart:5529)
I/flutter (27114): #86     ProxyElement.update (package:flutter/src/widgets/framework.dart:6149)
I/flutter (27114): #87     Element.updateChild (package:flutter/src/widgets/framework.dart:4037)
I/flutter (27114): #88     ComponentElement.performRebuild (package:flutter/src/widgets/framework.dart:5841)
I/flutter (27114): #89     Element.rebuild (package:flutter/src/widgets/framework.dart:5529)
I/flutter (27114): #90     ProxyElement.update (package:flutter/src/widgets/framework.dart:6149)
I/flutter (27114): #91     Element.updateChild (package:flutter/src/widgets/framework.dart:4037)
I/flutter (27114): #92     ComponentElement.performRebuild (package:flutter/src/widgets/framework.dart:5841)
I/flutter (27114): #93     Element.rebuild (package:flutter/src/widgets/framework.dart:5529)
I/flutter (27114): #94     ProxyElement.update (package:flutter/src/widgets/framework.dart:6149)
I/flutter (27114): #95     Element.updateChild (package:flutter/src/widgets/framework.dart:4037)
I/flutter (27114): #96     ComponentElement.performRebuild (package:flutter/src/widgets/framework.dart:5841)
I/flutter (27114): #97     StatefulElement.performRebuild (package:flutter/src/widgets/framework.dart:5982)
I/flutter (27114): #98     Element.rebuild (package:flutter/src/widgets/framework.dart:5529)
I/flutter (27114): #99     StatefulElement.update (package:flutter/src/widgets/framework.dart:6007)
[spm]: ProfilerData event received.
I/flutter (27114): [SPM:perf] 698a51a  buildSpan: 10285µs
I/flutter (27114): [spm] Performance monitoring completed for 698a51a
I/flutter (27114): Multiple exceptions (33) were detected during the running of the current test, and at least one was unexpected.
I/flutter (27114): #0      debugPrintStack (package:flutter/src/foundation/assertions.dart:1213)
I/flutter (27114): #1      FlutterError.dumpErrorToConsole (package:flutter/src/foundation/assertions.dart:1033)
I/flutter (27114): #2      _defaultTestExceptionReporter (package:flutter_test/src/test_exception_reporter.dart:29)
I/flutter (27114): #3      new IntegrationTestWidgetsFlutterBinding.<anonymous closure> (package:integration_test/integration_test.dart:91)
I/flutter (27114): #4      TestWidgetsFlutterBinding._createTestCompletionHandler.<anonymous closure> (package:flutter_test/src/binding.dart:1713)
I/flutter (27114): <asynchronous suspension>
I/flutter (27114): (elided 6 frames from dart:async)
I/flutter (27114): 01:10 +0: Performance Benchmark [E]
I/flutter (27114):   Test failed. See exception logs above.
I/flutter (27114):   The test description was: Performance Benchmark
I/flutter (27114):   
I/flutter (27114): 01:10 +0 -1: (tearDownAll)
I/flutter (27114): 01:11 +1 -1: Some tests failed.
Failure Details:
Failure in method: Performance Benchmark
Instance of 'FlutterErrorDetails'
end of failure 1



[spm]: Saved 30 profiler events to <ROOT>/dataset-new_samples/0452/redmi9t/raw/20260910-173302/rev_002_46f1fb92/e8.jsonl
[spm]: Reverting injection...
30 issues found. (ran in 0.9s)
WARNING: Your Android app project: app located at: <ROOT>/android/app/build.gradle.kts
applies the Kotlin Gradle Plugin, which will cause build failures in future versions of Flutter. 
Please migrate your app to Built-in Kotlin using this guide: https://docs.flutter.dev/release/breaking-changes/migrate-to-built-in-kotlin/for-app-developers

VMServiceFlutterDriver: Connecting to Flutter application at http://127.0.0.1:43249/inlF4bb8YbE=/
[spm]: Detected VM service URI: ws://127.0.0.1:43249/inlF4bb8YbE=/ws
VMServiceFlutterDriver: Isolate found with number: 6099974220696215
VMServiceFlutterDriver: Isolate 6099974220696215 is runnable.
VMServiceFlutterDriver: Isolate is paused at start.
VMServiceFlutterDriver: Attempting to resume isolate
VMServiceFlutterDriver: Connected to Flutter application.
VMServiceFlutterDriver: request_data message is taking a long time to complete...